timestamp,CPU_0(group_0),CPU_64(group_0),CPU_2(group_0),CPU_66(group_0),CPU_4(group_0),CPU_68(group_0),CPU_6(group_0),CPU_70(group_0),CPU_8(group_0),CPU_72(group_0),CPU_10(group_0),CPU_74(group_0),CPU_12(group_0),CPU_76(group_0),CPU_14(group_0),CPU_78(group_0),CPU_16(group_0),CPU_80(group_0),CPU_18(group_0),CPU_82(group_0),CPU_20(group_0),CPU_84(group_0),CPU_22(group_0),CPU_86(group_0),CPU_24(group_0),CPU_88(group_0),CPU_26(group_0),CPU_90(group_0),CPU_28(group_0),CPU_92(group_0),CPU_30(group_0),CPU_94(group_0),CPU_32(group_0),CPU_96(group_0),CPU_34(group_0),CPU_98(group_0),CPU_36(group_0),CPU_100(group_0),CPU_38(group_0),CPU_102(group_0),CPU_40(group_0),CPU_104(group_0),CPU_42(group_0),CPU_106(group_0),CPU_44(group_0),CPU_108(group_0),CPU_46(group_0),CPU_110(group_0),CPU_48(group_0),CPU_112(group_0),CPU_50(group_0),CPU_114(group_0),CPU_52(group_0),CPU_116(group_0)
1772713855.6611562,0.0,0.0,0.0,0.0,0.0,0.0,0.0,0.0,0.0,0.0,0.0,0.0,0.0,0.0,0.0,0.0,0.0,0.0,0.0,0.0,0.0,0.0,0.0,0.0,0.0,0.0,0.0,0.0,0.0,0.0,0.0,0.0,0.0,0.0,0.0,0.0,0.0,0.0,0.0,0.0,0.0,0.0,0.0,0.0,0.0,0.0,0.0,0.0,0.0,0.0,0.0,0.0,0.0,0.0
1772713856.6617494,54.5,60.0,23.0,14.3,7.0,11.1,36.4,33.3,8.1,7.1,11.1,23.5,18.2,19.0,17.0,5.1,9.1,21.4,17.3,9.0,17.8,22.8,47.0,33.3,22.2,18.0,18.0,14.0,3.1,14.1,33.3,26.0,14.0,12.0,31.0,30.3,8.9,16.8,23.2,20.8,2.0,6.1,5.0,3.0,38.6,24.0,51.0,37.4,56.0,45.0,13.3,16.0,13.0,20.0
1772713857.6636674,53.0,54.4,16.2,18.0,3.1,6.1,21.2,16.5,5.1,6.1,20.2,20.2,21.8,16.2,17.2,13.1,13.1,19.2,9.1,14.3,16.2,31.7,40.4,44.4,19.8,21.0,30.0,28.0,10.3,13.3,28.0,24.8,6.1,6.1,29.6,30.4,9.2,12.1,31.3,20.2,7.1,5.0,5.1,10.1,37.6,19.2,61.2,23.8,37.4,40.4,12.0,13.3,9.1,22.0
1772713858.666104,46.4,53.5,18.6,14.1,17.0,16.0,27.0,33.3,21.4,5.1,14.1,20.8,16.0,13.4,7.9,14.9,26.0,15.2,19.0,17.0,13.9,17.0,42.6,54.9,14.0,24.0,13.0,15.0,5.0,9.1,15.2,30.3,4.0,9.2,25.7,38.6,9.0,5.1,26.7,16.2,17.2,8.0,4.1,2.0,23.0,32.7,56.0,25.3,40.0,40.2,10.2,10.0,16.2,9.1
1772713859.667288,45.5,55.9,13.4,20.2,13.4,13.1,28.9,34.7,12.2,12.4,11.2,22.0,14.3,16.8,15.2,9.1,25.0,24.2,26.5,13.1,17.2,20.2,50.5,47.5,25.0,17.0,16.8,15.3,5.1,7.0,15.2,32.3,4.0,11.1,32.3,27.0,11.1,9.0,22.2,12.0,4.0,5.2,3.1,6.1,25.0,32.7,41.6,34.0,31.3,44.0,9.1,10.2,13.3,14.1
1772713860.6680784,44.8,49.5,15.3,12.1,6.1,4.1,19.2,21.4,6.1,5.1,8.0,19.2,12.0,21.2,12.2,11.1,30.6,18.4,15.0,26.5,10.9,18.2,38.6,50.5,23.5,19.0,24.5,30.0,8.1,10.2,14.1,27.0,4.1,2.1,33.7,22.2,11.2,9.1,22.0,11.1,4.1,5.0,3.1,12.0,15.3,33.7,51.0,27.3,41.0,37.6,9.1,8.3,9.2,16.2
1772713861.6712046,43.9,54.4,16.0,12.1,9.1,9.0,17.2,25.0,10.9,9.0,9.1,21.0,12.2,16.0,5.2,17.0,26.3,12.1,20.6,19.0,26.0,12.1,54.0,40.2,13.0,23.2,14.9,14.9,10.1,7.1,18.0,28.6,10.1,6.0,30.3,26.0,7.1,11.0,26.0,13.3,1.0,3.0,2.0,3.0,36.6,21.2,44.1,33.0,34.0,39.0,12.1,8.0,13.1,9.1
1772713862.674672,48.5,42.2,16.0,14.0,13.1,13.9,29.0,37.0,13.1,11.0,7.0,18.8,19.0,5.1,14.9,9.2,19.0,30.0,20.0,17.0,20.0,9.8,47.0,45.0,20.2,18.8,18.0,19.8,8.0,4.0,16.8,28.4,4.0,9.1,29.4,27.5,9.0,11.0,17.0,23.5,3.0,4.0,3.0,3.0,27.5,29.7,49.5,27.0,33.3,38.6,9.9,7.1,12.0,12.9
1772713863.6805162,47.0,48.0,11.0,15.2,12.1,9.1,22.7,23.7,9.1,10.0,8.1,24.2,14.1,15.2,11.0,16.2,18.2,29.0,19.0,19.0,21.2,10.3,51.5,43.0,20.8,19.8,19.2,16.2,6.2,6.1,19.2,22.2,3.0,3.1,34.3,25.3,15.0,8.2,21.4,19.8,4.0,6.0,4.1,11.1,32.0,19.2,41.4,34.0,40.0,34.7,11.2,12.1,13.3,13.1
1772713864.681266,48.0,48.0,17.2,21.0,6.1,3.0,21.2,17.0,9.1,3.1,13.1,18.6,9.3,16.0,15.2,11.2,31.3,34.3,14.9,27.7,17.0,23.8,45.0,47.5,15.2,25.3,23.0,25.0,18.0,24.2,13.3,29.3,5.1,11.1,22.2,49.5,12.1,4.0,21.8,14.1,2.1,5.0,2.0,3.1,37.6,20.0,40.6,39.6,35.4,37.8,15.2,7.1,10.1,14.3
1772713865.6813405,49.0,51.0,10.3,17.2,15.2,13.1,28.9,28.3,7.2,15.5,14.3,18.4,12.0,18.0,17.0,9.9,33.0,16.2,18.2,18.2,19.0,15.3,37.4,52.5,21.0,17.2,13.1,15.2,7.1,5.2,17.8,27.0,1.0,9.2,31.0,20.4,13.3,5.1,21.2,20.2,4.0,2.0,5.1,2.1,32.0,19.2,44.0,34.0,35.0,35.6,11.0,9.1,7.0,12.2
1772713866.6814291,46.9,43.7,15.8,14.1,15.2,10.3,26.5,23.2,12.1,13.0,17.0,13.3,15.3,11.2,13.1,12.1,24.2,21.2,21.0,15.0,24.8,13.0,39.6,52.0,17.2,20.0,20.2,25.3,6.1,6.0,21.4,22.0,3.1,4.1,23.2,32.7,12.1,10.1,14.3,26.5,3.0,4.0,9.2,4.0,35.0,21.4,31.3,38.0,21.2,49.5,6.1,15.2,7.2,16.2
1772713867.683854,54.5,49.5,12.1,20.0,5.1,10.0,24.2,23.0,5.1,6.0,13.3,22.8,15.0,17.8,15.3,15.0,18.2,21.4,18.0,23.8,27.0,13.1,43.0,47.0,18.0,20.8,23.8,16.3,9.1,14.9,31.4,16.0,4.0,11.0,38.2,18.2,7.1,11.1,16.8,22.8,5.0,3.0,2.0,5.1,38.0,19.8,41.6,35.0,33.3,42.0,7.1,14.1,13.0,16.2
1772713868.683941,51.0,39.4,15.5,14.1,12.0,6.1,21.0,24.5,10.2,19.2,21.0,11.2,11.1,13.3,15.8,11.1,20.2,30.7,17.2,21.2,17.2,19.2,47.0,39.4,17.8,25.3,17.2,21.0,5.1,5.1,16.2,24.7,4.1,6.1,29.3,23.8,5.1,14.3,30.0,8.1,4.1,1.0,2.0,2.0,24.0,27.7,49.5,27.0,25.7,45.5,6.1,10.2,16.0,9.3
1772713869.686919,42.9,44.6,12.1,15.0,13.4,14.3,30.3,30.3,17.0,23.0,26.0,5.0,16.2,11.0,11.1,13.1,22.0,18.8,26.5,13.0,15.8,27.0,47.1,44.0,19.2,19.0,17.8,16.0,5.0,7.0,22.2,19.8,2.0,7.0,29.0,27.0,5.1,8.0,17.0,20.0,5.1,3.0,9.2,7.1,28.0,30.3,43.6,30.7,35.0,35.3,13.0,8.9,11.1,13.1
1772713870.6870036,53.6,46.1,12.4,21.0,12.2,10.1,21.6,21.6,12.2,12.2,23.0,13.1,13.1,15.2,12.2,11.1,20.0,29.6,24.2,18.0,13.3,14.1,51.0,40.0,20.2,20.0,27.3,26.0,14.1,7.2,25.3,20.4,4.1,9.1,23.0,31.0,9.1,14.3,29.3,10.1,9.0,6.0,5.0,6.1,28.3,30.0,43.4,35.4,39.8,36.7,10.0,14.3,13.4,10.1
1772713871.6873815,51.0,42.6,12.1,22.2,6.0,2.1,30.4,24.2,5.1,2.0,21.2,13.0,16.8,12.1,12.0,12.1,16.2,25.0,24.8,13.0,22.8,22.0,48.0,51.0,25.7,14.0,15.8,16.0,5.1,9.9,23.0,21.0,5.1,4.1,27.0,29.7,9.1,6.0,18.2,22.2,2.1,3.1,7.1,8.0,23.8,24.2,37.3,41.0,33.0,38.6,15.0,8.0,13.9,10.1
1772713872.6891992,51.5,46.5,21.0,12.1,10.1,16.0,26.8,22.4,8.2,9.0,14.3,16.5,22.2,13.1,10.1,16.2,29.3,13.1,21.0,16.0,9.1,20.0,43.0,36.0,12.2,27.3,17.2,18.8,7.1,7.1,14.1,30.3,10.2,4.0,23.2,33.7,12.0,12.1,16.2,22.0,3.0,5.1,11.1,5.1,11.3,23.0,26.3,43.6,44.6,22.0,10.2,7.1,13.4,15.0
1772713873.6922815,33.7,37.6,20.8,10.0,13.1,12.0,21.0,29.0,16.0,9.2,21.6,13.9,13.0,11.9,14.1,8.0,28.0,15.2,16.0,24.8,28.7,15.8,40.0,25.0,18.6,19.8,13.1,17.0,7.0,5.1,17.8,7.9,4.0,2.0,29.7,23.0,11.1,8.0,14.0,21.2,2.0,4.0,3.0,3.0,9.9,7.1,23.0,12.1,27.3,25.5,9.0,9.1,10.0,16.2
1772713874.6929767,42.9,41.6,18.2,10.2,8.2,7.1,19.4,24.2,11.2,10.1,20.2,5.1,15.2,13.1,15.2,11.1,25.3,13.1,9.1,17.3,18.2,5.1,34.3,18.2,20.0,24.2,21.0,20.2,13.3,6.1,12.0,13.1,4.1,6.0,33.3,21.2,12.1,10.2,15.2,21.2,4.0,4.1,2.1,2.0,5.1,9.1,23.2,28.3,12.2,21.2,8.2,8.0,12.1,14.1
1772713875.6930664,48.5,43.6,17.0,13.9,6.1,4.0,15.2,25.0,8.0,4.0,25.0,8.0,13.7,21.6,11.0,14.0,9.2,19.2,6.0,16.0,23.5,21.8,39.0,23.2,18.8,19.6,16.0,17.0,7.0,6.0,23.5,23.0,3.0,7.2,35.6,22.8,9.0,4.0,28.3,7.0,3.0,4.0,2.0,4.1,19.0,20.4,34.7,45.5,42.2,19.2,7.9,13.0,12.9,11.2
1772713876.6975756,47.5,54.5,17.0,8.2,11.0,13.3,31.0,28.3,12.1,9.2,18.4,9.2,10.0,11.2,12.1,14.0,20.2,3.0,9.3,9.1,11.1,15.0,42.6,40.6,19.2,20.2,20.0,19.4,6.2,4.0,12.2,26.3,11.1,3.0,33.7,20.4,15.2,5.1,29.3,6.0,4.0,15.0,5.1,10.1,31.3,26.0,32.3,42.6,42.6,30.0,7.0,10.1,9.2,10.3
1772713877.6995702,49.5,40.6,22.8,18.2,13.4,12.2,25.5,25.5,12.0,13.0,26.5,8.1,15.3,17.0,10.2,16.2,23.0,9.2,5.0,17.0,18.0,24.0,50.5,43.4,14.9,25.7,18.2,19.0,12.9,10.0,18.8,32.3,5.1,1.0,29.0,27.5,11.1,10.0,19.8,18.4,8.1,9.4,3.1,2.0,23.0,29.0,42.0,37.6,43.0,38.0,11.2,12.2,18.0,18.0
1772713878.7021358,58.0,46.1,14.3,18.0,7.1,5.1,25.0,27.3,7.1,10.1,15.2,20.8,16.2,17.2,11.0,10.2,15.3,17.3,19.2,18.2,17.0,11.0,41.4,53.5,16.0,28.3,22.8,20.2,8.2,6.2,16.3,26.0,2.0,25.7,30.6,27.0,10.1,3.1,25.8,19.0,4.1,5.0,11.1,4.0,35.6,25.7,31.3,45.0,48.0,23.2,11.0,10.1,26.3,20.2
1772713879.702339,53.5,43.0,21.0,10.2,12.2,7.1,25.5,25.3,8.2,4.1,22.4,13.1,14.1,18.2,15.3,13.1,12.1,32.3,22.8,20.0,25.3,22.2,41.4,50.0,19.0,19.0,15.2,18.8,4.1,8.0,22.0,27.0,10.0,39.4,35.0,25.3,8.1,13.3,28.7,16.2,4.1,3.1,8.2,11.1,35.7,19.2,34.0,42.4,31.0,43.0,12.1,11.1,9.1,17.3
1772713880.7024095,39.8,31.7,15.2,12.0,13.3,10.3,27.0,26.3,9.1,17.0,15.2,19.2,22.8,8.1,14.0,14.0,27.0,20.2,13.0,25.0,16.2,8.2,39.6,51.5,19.0,19.0,14.1,21.2,9.2,8.2,19.2,19.6,2.0,30.6,32.0,21.0,11.1,8.1,30.3,11.1,2.0,4.0,1.0,3.0,28.7,25.0,35.6,36.0,28.0,44.0,6.1,12.1,10.3,15.2
1772713881.706964,49.0,36.3,10.0,17.0,9.1,9.0,22.2,22.2,12.0,13.0,13.0,19.4,13.1,12.1,11.0,13.1,28.3,11.1,12.9,23.0,24.8,11.9,41.0,47.1,15.8,20.8,20.8,21.8,9.0,8.0,18.2,24.8,12.9,31.7,23.8,34.0,6.0,9.8,25.3,12.1,3.0,4.0,5.0,2.0,22.0,33.0,37.0,33.7,34.7,33.3,6.0,11.2,8.9,16.0
1772713882.708818,36.7,27.0,12.2,14.1,10.2,5.1,20.4,25.0,4.0,4.0,10.1,16.0,14.1,9.1,12.1,10.2,23.0,19.2,18.2,16.2,12.0,17.2,40.0,47.5,19.8,21.0,14.3,13.1,2.0,8.9,21.0,21.0,31.3,1.0,29.3,23.0,10.1,9.2,16.2,17.0,5.0,1.0,2.1,8.2,26.3,24.0,33.7,40.0,33.7,30.0,8.1,11.3,8.0,15.0
1772713883.7110674,38.0,45.1,16.0,15.0,6.2,17.0,27.6,35.7,9.2,11.1,10.1,26.0,15.0,18.2,8.2,17.0,28.3,33.3,13.9,28.4,16.2,19.2,51.0,41.6,19.0,19.0,28.0,21.8,17.3,22.2,21.2,17.2,32.0,10.0,34.0,38.4,8.2,7.1,15.8,20.0,3.0,6.1,3.0,5.1,35.0,24.8,33.0,45.5,38.6,40.8,8.2,12.0,12.2,13.3
1772713884.7183213,34.3,40.8,14.3,10.2,14.1,11.2,23.5,20.4,12.0,13.4,8.0,20.8,5.0,21.8,10.0,14.0,30.6,20.2,20.0,15.0,14.1,19.8,41.6,45.1,17.8,17.8,12.0,15.0,10.9,9.0,25.0,14.1,21.0,17.0,26.3,33.0,8.0,9.2,9.1,24.8,1.0,2.0,2.0,4.0,36.6,16.2,19.0,30.0,38.0,33.3,10.0,4.1,10.0,12.0
1772713885.7191613,49.5,43.0,9.1,17.8,4.1,3.0,16.3,16.8,9.1,8.1,11.1,12.2,18.8,7.1,8.2,15.2,26.3,17.0,18.0,19.0,20.0,13.1,38.0,44.0,10.1,28.0,21.2,24.0,4.0,5.1,11.9,13.1,3.0,2.0,29.7,22.0,28.3,10.0,12.1,21.2,3.0,4.0,3.0,4.0,16.2,13.0,17.2,23.2,26.0,25.7,9.1,9.1,13.1,10.3
1772713886.7192302,50.0,46.5,13.4,20.0,4.1,3.0,20.0,25.5,4.0,4.0,21.2,15.0,11.1,13.1,9.0,14.1,21.0,22.2,24.0,16.2,18.8,17.0,31.0,38.0,18.0,18.8,14.9,13.0,7.9,5.0,13.3,17.0,16.3,5.0,24.0,27.0,22.2,12.0,14.0,25.0,4.1,3.1,11.2,2.1,20.2,20.0,25.0,35.0,26.3,15.3,7.9,12.9,13.4,10.9
1772713887.7226315,45.9,44.6,19.2,10.1,12.1,12.2,22.4,25.5,9.1,6.1,13.1,16.2,12.1,13.1,10.1,15.0,19.2,23.0,24.0,14.0,9.0,23.0,46.5,37.4,27.7,15.8,18.2,18.2,2.0,7.1,29.3,13.0,30.0,8.1,27.7,26.0,10.9,3.1,14.3,24.2,3.0,4.0,3.0,2.0,17.0,39.6,49.0,26.0,21.2,27.0,8.2,7.1,8.9,18.6
1772713888.7237873,41.8,53.9,15.8,15.2,12.4,14.0,25.3,22.2,10.9,17.8,9.0,19.0,12.2,16.8,13.1,12.2,21.2,22.0,14.0,26.0,19.2,21.2,53.0,39.6,19.2,19.2,25.0,21.2,13.0,10.1,22.2,23.2,8.2,4.1,29.3,25.0,20.2,12.2,15.0,25.7,23.2,5.0,5.1,2.0,27.0,32.0,40.6,35.4,40.0,38.0,10.2,9.1,11.1,14.1
1772713889.7239175,37.1,33.0,23.0,7.1,7.1,8.1,27.6,31.0,10.2,11.2,5.1,25.0,8.1,18.4,12.1,12.0,24.5,18.2,24.5,14.7,19.0,14.0,42.0,53.5,18.0,20.2,14.1,12.0,6.1,6.1,17.3,25.3,2.0,4.1,34.0,20.2,7.1,9.9,12.1,22.0,3.1,3.1,12.0,3.1,32.7,18.2,36.6,36.0,42.6,30.6,8.0,11.2,16.2,6.1
1772713890.7260861,45.9,49.5,12.2,23.0,11.0,8.0,24.5,25.5,3.1,5.1,15.2,17.0,21.6,9.1,10.2,12.2,20.0,18.4,25.5,15.0,20.0,19.2,47.5,36.4,18.8,20.8,28.0,23.2,6.1,5.1,17.0,28.7,11.2,4.0,36.0,20.0,10.0,8.2,19.8,18.0,5.1,4.0,5.1,3.0,36.0,22.0,46.5,30.0,35.6,42.0,12.1,10.1,14.4,9.1
1772713891.7271018,53.0,37.6,13.1,12.2,15.3,10.0,23.2,20.2,7.1,13.0,20.2,13.1,15.0,9.1,8.9,14.7,22.0,23.8,15.0,21.0,9.0,18.0,40.6,29.7,20.0,17.8,15.7,16.7,11.9,5.0,16.0,24.8,7.1,6.1,21.8,35.3,10.1,9.0,21.0,9.0,3.0,5.1,20.0,5.1,29.0,18.0,29.7,38.2,39.0,32.7,7.1,13.7,8.1,17.2
1772713892.7271934,32.0,48.0,10.3,14.1,10.3,7.2,15.3,26.5,14.1,12.2,23.7,10.1,10.3,18.0,14.4,36.1,14.3,27.8,14.1,22.2,22.2,17.2,31.6,37.4,18.0,21.4,17.3,23.2,7.1,6.1,17.2,14.4,6.0,1.0,25.0,26.3,7.2,6.1,22.4,18.4,3.1,6.1,3.1,3.1,14.1,19.4,40.8,31.6,36.4,28.3,8.1,11.3,13.0,11.1
1772713893.7288918,41.7,63.1,21.6,13.0,9.0,3.0,29.3,30.0,9.2,8.2,18.8,19.2,13.0,14.9,21.8,39.4,28.3,20.8,24.2,14.0,11.9,22.8,30.4,29.3,22.0,18.6,16.8,13.3,7.1,6.1,12.1,12.0,1.0,11.0,21.0,35.6,9.0,12.0,24.0,16.0,5.1,5.1,8.2,7.1,16.0,22.0,39.6,34.3,32.3,39.8,9.0,13.0,16.0,10.1
1772713894.729058,37.5,45.0,14.1,14.1,10.1,15.3,28.3,20.2,12.1,17.2,22.0,10.1,12.1,15.3,8.2,13.9,26.5,18.2,21.8,8.0,12.1,26.0,37.0,32.0,18.0,20.2,17.3,24.0,5.1,7.1,12.4,11.2,5.0,3.1,27.0,26.5,4.0,14.3,19.4,19.2,3.1,3.1,5.0,1.0,17.3,15.3,46.5,33.3,30.3,36.6,5.1,14.1,14.3,10.1
1772713895.7303436,43.6,40.6,12.2,14.1,14.3,10.2,18.0,24.2,18.0,32.7,21.2,7.1,13.0,13.0,13.1,10.0,25.0,8.1,18.2,3.0,7.1,15.2,37.0,33.0,21.0,18.0,18.2,24.5,13.1,7.1,14.9,10.0,3.0,9.1,32.3,26.0,11.1,11.9,13.0,24.0,18.0,10.1,2.0,5.0,26.5,19.2,34.3,33.7,36.3,35.4,6.0,11.1,6.0,16.5
1772713896.733224,48.0,59.8,20.4,14.0,7.1,3.1,33.7,29.9,21.4,13.0,22.2,19.2,20.4,13.3,13.0,17.2,19.4,11.1,11.1,11.2,21.0,27.7,32.3,43.9,14.0,27.0,17.6,19.0,8.1,5.1,12.4,17.0,8.2,2.1,28.0,35.0,14.3,16.2,24.0,25.0,4.1,7.0,4.0,4.1,31.7,23.0,36.0,31.0,39.0,43.0,11.0,12.4,29.3,13.3
1772713897.7358215,38.4,47.0,18.2,11.0,17.2,15.0,26.0,23.0,4.0,5.1,17.0,22.2,9.1,17.0,15.0,8.9,20.0,11.0,4.0,13.1,15.8,6.1,33.0,37.6,20.0,18.8,22.2,17.0,7.0,7.1,24.0,13.1,4.1,20.0,33.0,23.2,15.0,2.0,18.0,22.0,3.1,1.0,4.1,10.1,27.0,17.0,30.7,38.0,35.4,24.0,9.1,13.0,14.3,9.1
1772713898.738657,50.5,48.0,23.0,9.0,14.3,12.1,22.2,21.6,10.0,5.0,20.2,14.0,21.0,11.0,9.1,17.5,6.2,12.1,20.0,14.0,29.0,16.0,44.6,37.3,19.0,21.8,21.0,17.2,12.1,7.1,18.0,25.3,10.0,34.3,22.8,39.6,9.1,14.0,20.4,17.0,3.1,3.0,6.1,3.0,25.3,22.8,18.0,38.4,25.5,32.7,8.1,8.1,9.0,16.3
1772713899.7393923,54.5,39.0,18.4,8.2,8.2,7.1,29.3,20.0,16.2,10.1,21.0,14.1,17.0,19.2,17.3,14.0,24.2,21.2,19.0,22.2,17.2,14.3,42.9,52.0,20.0,19.0,23.8,21.0,8.0,8.0,23.2,20.0,4.1,34.0,23.2,33.3,13.3,4.0,29.0,11.1,2.0,4.1,4.1,2.1,37.4,17.2,43.6,38.2,23.2,33.3,17.0,9.2,10.1,15.2
1772713900.7418537,38.4,37.6,16.8,13.0,3.0,4.0,31.3,31.3,11.1,11.1,17.0,19.0,13.1,14.1,16.0,9.0,26.0,12.1,16.0,21.0,22.8,13.9,51.5,43.0,24.5,18.0,12.1,12.0,5.1,6.1,22.2,21.4,14.1,7.1,24.0,31.4,11.0,8.2,25.0,16.0,5.0,5.0,6.1,5.1,34.7,23.2,42.6,28.0,27.0,36.4,11.1,7.1,12.1,12.0
1772713901.7419374,56.0,39.0,15.5,18.2,16.3,9.2,19.6,26.3,5.1,4.0,9.1,26.3,17.2,17.2,12.4,13.1,29.3,18.4,15.8,24.2,13.0,23.2,54.0,40.0,14.1,24.0,26.0,23.2,4.1,8.1,17.3,26.0,17.2,4.1,29.3,25.3,14.1,4.0,28.0,14.1,5.1,4.1,5.1,8.2,29.7,24.2,47.0,32.3,30.6,42.6,10.1,13.0,13.1,13.3
1772713902.7420225,43.0,43.6,7.1,15.5,13.3,12.0,22.5,18.2,11.2,3.1,9.1,22.2,7.0,14.1,13.1,9.0,15.0,25.3,18.2,16.8,7.1,17.2,42.4,48.5,21.0,13.9,18.0,14.0,7.1,17.3,10.2,20.2,22.0,2.0,28.0,29.7,7.0,9.0,26.3,12.1,2.0,3.1,9.0,3.0,19.0,34.3,29.0,42.0,33.3,34.7,6.1,7.1,14.0,8.1
1772713903.7421067,46.9,46.1,8.2,17.0,6.1,4.1,24.0,20.6,16.0,9.2,18.2,8.2,5.1,20.4,13.0,10.2,33.3,27.3,15.0,21.2,13.0,21.0,35.0,32.3,17.0,17.2,18.8,19.0,11.1,17.8,16.3,13.0,1.0,5.0,36.6,27.0,9.2,1.0,21.2,15.2,2.0,4.0,3.1,4.1,20.2,30.0,20.2,46.0,45.0,21.4,8.0,10.1,9.0,13.3
1772713904.7432945,51.0,34.7,11.1,15.8,10.0,2.0,29.3,25.5,10.0,12.0,20.8,10.9,8.0,14.0,15.0,7.0,24.8,29.0,16.7,19.8,12.7,16.8,38.0,46.5,14.0,23.0,17.0,17.8,8.0,6.1,17.8,23.0,1.0,10.0,42.0,29.7,20.8,13.0,25.7,5.9,3.0,2.0,10.0,5.1,28.0,24.5,31.7,39.0,40.0,30.7,6.0,9.1,11.9,9.1
1772713905.7433898,58.2,36.0,14.1,11.2,12.1,15.2,27.6,23.2,5.1,3.1,22.4,12.2,11.5,13.1,11.1,12.1,10.3,24.5,13.1,25.7,22.0,18.0,41.6,50.5,15.2,23.0,22.0,21.4,5.2,9.2,17.2,25.5,14.4,3.1,21.0,32.3,20.6,9.1,20.4,16.2,6.1,3.0,6.1,2.0,21.4,29.3,23.0,32.0,44.4,29.9,12.4,9.2,7.1,15.5
1772713906.7436707,48.5,39.6,17.5,13.1,14.3,10.2,22.2,28.0,8.2,5.1,20.8,16.8,15.0,19.0,15.2,8.2,19.2,27.3,19.2,20.0,17.0,9.3,43.4,50.5,13.0,25.3,19.0,25.0,28.0,10.0,18.2,29.3,12.9,11.0,34.3,22.0,10.1,5.1,31.0,25.3,3.1,1.0,3.0,5.0,30.3,28.0,13.1,21.2,38.0,34.0,9.2,12.1,11.1,16.2
1772713907.7437553,48.5,61.4,16.2,13.1,7.1,5.0,27.6,26.5,10.1,15.0,16.5,14.1,14.1,13.4,12.0,12.4,28.0,13.3,23.8,16.0,18.2,22.8,46.0,49.0,25.0,17.0,17.2,15.0,21.2,23.2,14.4,26.5,5.1,4.1,31.0,27.0,17.0,4.0,24.2,15.2,8.2,6.1,2.1,4.1,34.0,22.2,26.5,26.0,30.0,23.7,9.0,14.1,8.1,16.5
1772713908.743854,41.8,40.4,13.0,15.0,15.0,8.2,26.8,17.2,12.1,11.1,26.7,7.1,13.0,10.1,12.2,8.2,20.0,26.0,18.2,18.2,21.0,11.0,33.0,33.7,19.2,20.8,21.2,19.0,20.6,19.4,26.0,16.2,3.1,8.0,27.3,25.3,10.0,2.0,27.7,3.0,4.0,3.0,6.1,8.2,23.0,16.3,21.0,32.0,23.0,21.2,9.3,7.1,7.1,15.2
1772713909.7439404,49.0,53.9,12.1,17.3,16.0,11.2,22.0,26.3,3.0,3.1,15.2,19.0,15.3,15.5,12.0,10.1,11.2,26.3,19.0,23.2,17.2,20.0,43.4,30.3,22.8,16.3,19.0,12.2,14.0,11.1,22.2,19.0,8.0,1.0,32.0,24.2,13.1,12.0,31.7,34.3,2.1,2.1,4.1,1.0,19.2,28.7,27.0,36.0,13.9,21.0,11.9,9.1,10.1,15.2
1772713910.7443008,32.3,31.0,12.0,15.0,6.1,6.0,22.2,22.0,3.1,9.1,10.1,23.2,15.8,14.0,7.1,13.1,18.0,26.0,26.0,14.9,14.0,13.0,28.3,37.0,17.0,22.8,22.0,23.0,7.1,2.0,20.0,24.2,6.0,5.9,31.4,23.8,10.1,2.0,11.2,23.2,3.0,26.3,6.1,4.0,20.2,35.3,42.0,33.0,26.5,29.3,10.2,10.0,13.0,15.2
1772713911.7443883,44.9,41.7,15.5,8.1,4.1,0.0,21.4,16.3,18.0,8.0,11.0,19.0,5.1,21.8,8.0,11.1,15.2,22.0,15.0,21.0,12.0,19.2,26.3,27.3,20.0,17.8,14.0,11.1,4.0,6.1,22.4,15.2,1.0,3.0,21.0,27.3,6.1,12.0,7.1,26.3,2.0,29.0,1.0,3.1,11.0,29.3,36.0,32.0,21.8,36.6,11.0,5.1,7.9,13.3
1772713912.7450867,50.0,33.0,11.9,19.2,13.3,10.9,26.0,21.4,10.4,12.0,10.1,25.0,12.1,18.0,12.2,12.0,23.2,27.3,19.0,19.0,19.0,14.0,24.8,33.0,22.2,17.3,21.2,17.2,6.1,7.1,15.2,31.0,11.2,3.0,31.7,28.0,4.0,11.1,19.2,20.0,3.0,34.3,3.1,12.1,13.0,24.0,28.0,51.5,41.0,32.3,11.2,11.1,15.5,10.1
1772713913.7462013,60.6,44.0,7.2,18.0,13.4,10.3,32.0,27.0,4.1,4.0,18.4,8.1,11.2,18.0,10.0,16.3,26.5,14.1,15.2,23.0,17.8,21.0,38.8,39.4,21.8,18.8,25.3,18.0,15.2,6.1,15.0,20.2,9.3,2.0,37.0,20.0,8.2,12.0,25.0,13.1,4.0,36.4,4.1,1.0,10.0,22.2,21.0,27.0,37.0,40.0,9.0,11.5,10.2,12.1
1772713914.7462916,47.5,25.7,12.1,12.2,11.0,5.1,20.0,19.4,13.0,9.2,20.0,13.0,6.1,14.3,13.1,11.1,18.0,27.3,11.1,20.8,16.2,17.0,31.3,30.0,16.0,21.2,20.0,20.0,9.1,3.0,15.2,21.0,5.1,3.0,26.0,23.8,5.1,5.1,25.0,11.1,25.3,18.8,1.0,4.0,17.3,18.8,33.0,11.1,29.0,36.0,8.0,7.1,12.1,14.0
1772713915.7477875,43.4,52.9,10.1,15.7,4.0,7.1,21.0,20.2,11.0,14.9,18.8,10.1,5.0,20.0,6.1,13.1,15.3,26.0,11.1,3.0,19.8,8.0,34.3,48.0,14.9,22.0,11.2,12.0,7.1,10.1,23.8,14.3,8.0,4.0,26.0,31.0,9.1,11.0,24.0,16.0,16.2,8.2,11.0,3.1,4.1,11.3,36.0,17.0,30.7,25.3,7.1,10.1,33.0,9.1
1772713916.7492435,41.2,49.5,18.2,10.1,12.4,16.0,33.3,22.2,9.0,7.1,11.0,22.2,17.8,13.1,17.0,7.9,17.2,13.3,16.0,5.1,19.4,21.2,45.5,44.0,21.2,21.0,22.0,24.0,7.0,8.1,28.3,18.2,4.1,4.0,34.0,21.2,9.0,7.9,19.4,18.8,33.0,3.0,3.1,3.0,22.8,18.8,26.0,29.4,34.7,29.3,7.0,11.1,16.0,9.2
1772713917.7504086,53.0,43.0,11.2,18.4,12.4,11.1,30.9,25.3,7.1,8.2,12.1,19.8,10.3,14.1,12.2,12.2,18.2,7.1,3.1,16.0,19.0,10.1,49.0,43.0,23.0,14.0,19.8,20.4,8.2,9.2,23.0,14.1,4.0,11.2,28.0,26.0,9.0,11.2,18.2,16.0,33.0,5.2,3.0,5.1,22.2,14.1,21.2,31.0,41.4,32.7,15.0,8.0,12.2,12.1
1772713918.7516716,43.4,50.5,18.0,13.0,6.1,7.1,22.4,23.2,11.1,15.3,21.2,15.2,12.0,18.8,14.3,8.2,13.3,21.0,12.2,19.0,20.2,28.4,44.6,45.0,16.0,23.2,15.2,16.2,5.1,8.1,21.2,24.8,5.1,2.0,28.7,27.0,12.2,9.0,22.2,12.2,34.3,4.0,7.1,3.1,18.8,15.2,52.5,21.2,37.4,39.0,7.1,10.2,10.1,14.1
1772713919.7517571,46.9,50.0,14.1,10.1,10.0,8.2,25.3,20.4,10.1,14.1,23.0,11.0,9.2,15.0,17.8,8.1,4.0,17.3,16.0,22.2,6.1,19.2,32.0,42.0,16.0,23.8,23.0,20.0,4.1,4.1,17.2,19.2,3.0,9.2,20.4,31.3,12.0,2.0,24.0,13.0,18.2,4.0,7.1,5.1,16.3,19.0,45.0,29.0,29.6,36.0,7.1,14.1,24.0,14.3
1772713920.7520177,45.5,48.0,20.4,8.1,13.4,12.2,31.3,30.3,3.0,8.1,11.9,24.2,13.1,17.2,15.0,12.1,21.2,26.3,14.0,24.8,23.8,23.0,30.3,50.5,18.0,20.8,21.2,14.0,9.1,14.3,24.0,19.0,4.1,10.2,29.7,28.4,14.0,6.1,29.7,16.2,34.0,2.0,5.9,4.1,23.0,28.3,32.0,34.7,26.3,32.3,13.9,8.1,21.2,12.0
1772713921.7539787,33.7,40.6,12.2,16.8,11.2,10.1,20.2,26.3,18.0,7.1,9.0,21.2,10.0,14.1,10.2,17.0,12.1,29.0,23.2,13.1,16.2,12.1,44.6,47.0,23.8,14.0,17.0,23.8,4.1,5.1,22.4,20.2,3.0,4.0,26.3,26.3,7.2,7.1,26.0,16.0,22.8,3.0,1.0,3.1,24.2,31.3,23.2,27.0,39.0,31.0,6.1,8.2,18.2,8.1
1772713922.7546566,50.0,44.6,13.0,17.2,8.1,5.9,24.2,19.6,12.4,13.3,22.2,13.0,19.2,14.1,10.3,13.1,26.3,30.0,14.0,24.8,24.0,17.2,44.0,54.0,19.0,23.2,11.0,15.3,8.0,21.2,25.0,25.5,6.1,8.2,32.3,35.6,6.1,14.0,21.4,21.0,38.0,3.0,11.1,6.0,29.7,25.3,26.7,12.1,49.0,29.6,16.0,8.0,17.0,11.1
1772713923.7559924,51.0,50.0,22.0,14.1,11.3,8.2,29.3,28.0,8.1,5.1,23.2,13.4,15.3,19.2,17.8,10.0,33.3,29.6,19.2,22.8,25.7,9.3,49.5,46.0,22.2,17.8,24.0,23.2,10.2,15.0,19.2,25.0,3.1,3.0,39.0,30.0,9.2,11.1,30.7,4.0,39.0,3.0,2.0,3.0,18.2,34.7,20.2,36.6,48.0,30.3,12.0,9.2,7.2,20.2
1772713924.7564588,58.0,44.0,13.3,14.3,14.1,11.3,33.0,28.6,10.2,5.1,13.1,24.0,17.2,12.1,6.1,15.5,12.1,28.0,15.2,21.2,16.2,22.0,47.0,51.0,17.8,21.2,15.2,18.8,8.2,6.1,15.2,11.2,11.1,4.0,31.0,25.0,8.0,7.1,23.2,21.2,33.3,0.0,2.0,3.1,20.2,19.2,29.3,26.3,43.0,34.0,13.0,8.2,17.0,11.1
1772713925.7576997,41.4,48.0,12.0,16.0,8.2,8.8,20.4,23.8,9.2,14.3,6.1,26.7,16.0,9.1,10.1,15.0,23.2,22.2,22.0,15.0,17.2,11.1,49.0,40.6,15.8,26.7,17.8,16.0,6.1,5.0,18.2,15.0,3.0,8.1,26.0,28.3,10.0,11.1,16.0,21.2,19.2,13.0,5.1,10.1,30.7,15.0,23.0,34.7,38.6,30.3,9.1,8.0,9.1,11.2
1772713926.7578466,45.9,54.5,20.4,17.2,6.1,9.1,26.3,24.5,14.0,11.1,17.2,17.3,13.3,17.2,14.3,11.2,21.2,20.2,25.7,14.0,23.5,22.8,43.4,39.4,19.0,19.0,23.0,17.5,4.1,7.1,17.2,27.3,4.1,4.1,28.0,27.0,8.0,10.1,12.1,26.3,5.1,32.3,2.1,5.1,39.0,21.0,33.7,45.0,36.0,45.0,12.2,6.1,14.3,10.2
1772713927.7582922,53.1,38.6,18.2,7.0,16.3,9.1,28.1,26.3,3.0,4.0,14.0,14.1,20.0,7.1,10.1,14.1,17.3,23.5,24.2,12.0,16.0,9.0,23.8,46.0,14.0,19.0,18.4,22.8,14.0,5.1,23.2,15.0,9.1,4.0,25.3,31.0,8.2,10.0,14.1,22.0,3.0,33.0,4.0,5.1,36.6,21.2,38.0,33.3,20.2,24.2,10.0,10.0,16.2,9.9
1772713928.7592154,50.0,39.6,14.3,21.4,12.2,10.2,19.4,22.4,9.0,12.0,26.3,11.1,13.1,14.1,14.0,8.9,12.0,31.3,15.2,21.0,19.0,19.8,34.3,36.6,15.2,22.8,16.0,14.1,4.1,6.1,26.0,17.2,4.1,4.0,22.0,33.7,2.0,10.2,12.1,24.5,2.0,8.2,2.0,9.1,32.3,17.0,33.0,38.0,43.6,24.2,16.2,7.1,13.0,10.3
1772713929.759568,51.5,47.0,12.1,17.0,7.1,5.1,26.3,21.4,11.2,12.1,23.0,8.1,15.0,13.1,14.0,11.2,14.3,30.0,25.0,13.0,6.1,20.0,34.0,36.0,15.0,23.0,17.3,22.5,6.1,6.9,24.0,21.2,3.1,8.2,23.0,33.0,8.2,11.1,11.1,27.3,5.0,3.1,3.1,6.1,40.2,18.0,37.4,23.8,34.0,37.4,10.2,11.0,20.4,13.9
1772713930.7622828,52.0,37.6,12.1,14.1,12.0,11.1,29.3,20.4,13.1,7.1,22.2,9.0,14.1,15.0,10.1,13.0,16.3,29.3,22.8,15.8,21.0,16.2,40.4,36.0,24.0,17.8,15.0,17.0,5.1,13.3,14.3,27.0,4.1,3.0,34.7,21.0,6.1,15.0,25.7,20.0,3.0,3.0,2.0,3.0,34.0,16.2,35.6,30.3,34.0,39.6,12.9,8.2,18.8,9.2
1772713931.767082,53.0,45.1,14.3,14.1,14.3,11.1,31.3,22.0,10.0,7.0,19.8,14.1,13.1,18.0,11.1,12.1,13.9,27.7,18.8,21.0,18.8,9.9,38.6,49.0,15.8,24.8,17.8,20.0,7.1,6.0,22.0,25.0,4.0,9.1,30.7,25.7,7.0,6.1,19.0,21.2,2.0,4.0,4.0,3.0,23.8,22.0,29.7,46.0,25.0,47.5,11.1,12.0,13.1,8.2
1772713932.7687893,54.0,41.6,19.2,11.1,12.1,6.1,29.6,18.2,10.2,17.2,22.4,13.0,11.2,18.0,8.1,17.0,18.4,29.6,25.3,12.0,25.3,14.1,54.1,39.0,15.2,27.3,18.8,19.0,7.9,7.0,18.2,24.0,3.1,12.0,22.8,34.3,16.2,8.1,28.3,15.2,6.1,4.0,5.1,10.1,6.2,12.2,48.5,30.0,32.0,19.8,9.1,11.6,13.1,13.3
1772713933.7715955,42.4,34.0,15.0,13.0,6.1,2.0,24.5,16.0,10.2,13.0,23.0,5.1,17.8,11.2,11.5,8.1,12.0,24.8,15.8,18.2,17.0,12.0,50.0,43.0,24.8,12.0,15.3,18.2,4.1,6.1,22.0,23.0,1.0,4.1,27.3,29.7,7.1,4.0,23.0,15.7,16.3,7.1,1.0,2.1,3.0,11.0,41.6,23.0,40.2,32.7,12.1,7.0,16.0,9.0
1772713934.772162,43.0,40.6,15.2,8.0,12.2,15.8,20.0,28.6,8.2,5.0,18.0,11.1,11.1,15.2,16.8,9.9,27.3,20.4,21.0,13.9,15.2,21.0,46.9,41.0,22.0,12.9,24.8,22.8,12.0,7.1,16.5,19.2,2.0,9.2,29.7,28.7,10.0,9.9,17.2,25.5,4.0,6.1,4.0,4.0,10.9,9.2,35.0,27.0,34.3,29.0,9.1,7.1,12.1,14.1
1772713935.7741487,46.9,47.5,24.2,7.1,14.1,11.2,25.5,22.0,11.9,10.2,18.0,19.2,15.0,15.8,11.2,11.2,20.0,22.0,13.3,4.0,9.1,24.0,38.0,54.0,18.0,19.0,13.1,14.1,4.1,7.1,21.4,22.4,2.0,10.1,32.0,26.0,8.2,10.1,30.3,10.9,3.1,5.0,4.0,3.0,17.2,14.0,22.0,54.5,32.3,30.3,10.1,12.1,11.1,16.3
1772713936.7742336,55.0,42.0,21.0,10.1,5.2,3.1,22.2,27.6,11.2,12.2,14.3,23.0,17.2,13.3,10.1,16.2,19.4,24.5,11.0,11.2,17.0,18.0,45.5,46.5,15.0,27.0,19.2,24.0,5.1,6.1,14.0,15.2,12.1,8.2,30.7,25.0,14.1,7.1,24.5,21.0,6.0,4.0,7.1,8.2,22.2,18.0,33.0,47.0,30.7,23.8,13.1,11.1,13.9,14.1
1772713937.7748196,44.3,54.4,12.4,16.2,5.2,12.1,20.6,25.5,12.1,9.9,14.0,19.2,16.3,12.1,9.0,14.1,8.1,16.8,15.5,7.0,27.3,12.9,42.6,50.0,22.0,18.8,19.0,18.2,10.1,6.1,20.0,24.0,28.7,3.0,24.2,34.3,6.1,8.1,15.7,27.3,7.0,3.0,4.1,1.0,28.3,23.2,39.0,29.7,21.0,27.6,8.1,12.0,6.2,18.2
1772713938.7767212,41.2,47.5,15.2,14.3,14.1,12.1,30.0,25.0,6.1,3.1,19.2,8.0,16.2,14.0,12.0,16.0,22.2,4.1,16.0,6.1,18.0,6.1,45.5,43.0,19.0,20.2,18.0,20.8,6.2,9.0,10.2,30.0,9.2,2.0,22.2,30.7,11.1,8.2,14.1,25.0,3.1,4.0,5.0,3.0,28.3,28.7,31.7,25.0,22.2,26.7,11.1,8.1,31.3,18.0
1772713939.7775524,50.0,46.1,12.1,16.8,8.2,11.1,20.2,26.7,12.0,15.0,19.0,18.0,15.7,17.0,8.1,14.1,26.0,2.1,22.0,17.2,18.0,26.0,50.0,44.6,19.0,19.0,16.2,15.2,6.9,6.1,14.0,29.7,20.0,5.0,31.4,22.0,9.0,11.1,19.2,22.8,5.0,0.0,4.0,2.0,25.3,23.2,18.8,40.0,26.7,25.3,10.1,7.1,29.4,11.3
1772713940.7792296,48.0,45.0,15.3,11.3,5.1,8.1,23.5,27.6,11.1,15.3,10.1,26.0,12.2,16.2,9.1,15.2,24.5,4.0,20.0,17.2,14.3,9.1,45.0,48.5,21.0,17.0,15.0,13.1,7.1,9.0,19.4,27.3,38.0,9.1,36.4,20.2,8.1,8.1,21.2,23.0,4.0,6.1,9.2,6.1,24.2,25.0,18.4,28.0,34.7,35.6,11.0,11.1,8.3,14.3
1772713941.7797663,51.5,43.1,12.0,21.0,14.3,10.0,17.3,24.2,6.2,12.1,16.2,16.2,12.1,14.1,10.3,10.9,15.0,28.6,24.0,15.8,21.6,21.0,41.0,47.5,15.0,22.2,24.8,20.0,14.6,18.4,25.0,14.3,7.2,25.5,24.8,32.3,8.2,11.0,15.2,22.0,3.0,6.0,3.0,5.0,16.8,16.0,23.2,12.0,32.3,37.8,9.0,10.2,8.1,14.0
1772713942.780388,46.5,45.0,17.2,12.1,14.4,12.1,21.0,24.2,13.0,6.0,17.2,14.1,12.1,14.0,11.1,11.3,20.2,30.7,16.2,21.0,14.1,9.0,40.8,42.4,19.4,20.0,19.0,14.3,10.2,10.1,17.0,26.3,30.0,12.1,23.5,44.1,7.8,10.0,10.1,29.3,3.0,6.1,2.0,2.0,35.4,21.4,24.8,18.0,29.3,31.7,9.1,9.1,9.1,12.4
1772713943.7895195,54.5,43.6,18.0,14.0,7.1,6.1,25.3,33.3,12.0,15.0,17.2,13.1,17.3,14.0,15.0,12.9,32.3,32.3,25.5,13.9,24.2,21.8,34.0,47.1,25.0,15.8,20.8,21.0,5.1,8.1,15.2,22.8,15.2,26.7,29.0,36.0,7.1,11.2,14.9,25.3,5.0,3.0,9.2,5.1,34.0,17.0,25.3,31.4,34.7,26.3,13.9,9.1,14.0,14.0
1772713944.7896154,29.5,35.6,18.2,7.1,9.1,4.0,21.4,24.2,10.2,11.1,21.2,15.8,14.9,15.2,14.0,11.1,14.1,25.3,26.0,12.1,10.0,11.2,41.6,28.7,19.0,17.8,18.0,13.0,6.0,4.0,21.2,21.4,7.9,28.6,25.7,26.7,3.0,12.0,22.2,12.0,3.0,4.0,2.0,4.0,32.3,23.0,29.3,23.2,25.0,22.4,6.1,8.1,10.0,11.1
1772713945.790048,46.5,34.7,15.0,14.9,10.1,16.2,15.5,19.2,4.1,5.0,10.0,22.2,4.0,23.0,11.1,13.3,16.2,28.3,27.0,13.0,11.1,26.0,41.0,36.0,20.0,18.2,24.0,23.0,12.9,11.0,18.4,20.4,6.1,17.2,27.0,28.3,13.1,28.0,17.2,21.0,2.0,7.1,4.0,7.1,19.0,34.3,38.0,24.2,47.5,18.0,9.0,10.1,7.1,18.2
1772713946.7908497,58.4,34.3,16.0,9.1,12.2,13.0,27.5,20.0,17.8,3.0,12.9,20.6,7.0,16.8,11.0,9.0,18.0,26.7,16.7,17.8,7.0,20.0,33.0,31.0,21.8,16.8,16.0,13.0,3.1,6.0,11.9,19.6,4.0,25.7,28.7,27.5,5.9,15.0,13.1,22.0,2.0,3.0,1.0,5.0,19.8,33.3,32.7,22.8,39.2,33.0,14.0,9.0,8.1,14.0
1772713947.7996454,52.5,36.0,18.2,14.1,5.1,4.1,28.1,36.4,12.1,12.2,14.3,17.3,14.3,13.3,16.2,8.2,12.0,30.3,25.3,13.0,13.3,23.0,29.7,44.6,16.2,22.0,16.2,16.0,7.1,6.1,18.0,12.0,18.4,25.0,28.0,28.3,6.1,13.1,11.0,27.0,4.0,3.0,4.0,10.1,28.3,23.0,33.0,36.6,28.0,44.6,13.9,9.0,12.0,11.2
1772713948.800208,55.0,46.5,12.0,17.2,9.3,14.0,28.7,21.4,7.1,9.1,21.2,13.1,24.0,12.9,14.3,8.1,24.5,24.0,27.0,13.9,12.0,21.8,42.0,48.5,18.0,21.0,20.6,24.2,7.1,12.9,22.2,18.2,29.3,2.0,30.7,26.7,7.2,9.1,20.0,23.2,3.1,3.0,2.0,4.1,17.0,16.0,40.4,35.0,28.0,41.0,14.1,8.2,17.3,11.0
1772713949.800281,49.0,40.6,18.0,17.2,14.3,12.0,15.2,18.0,8.0,6.1,13.1,16.3,13.9,13.3,12.9,15.0,23.2,20.6,16.2,21.0,13.1,20.2,44.4,42.0,19.8,20.0,20.2,18.0,6.1,7.2,19.4,24.2,6.1,10.1,26.3,29.3,6.0,12.2,15.0,22.0,4.0,4.0,3.1,3.0,18.2,19.2,22.0,37.0,33.3,37.0,11.2,6.1,13.0,12.1
1772713950.8006299,59.2,39.0,14.4,10.9,9.2,6.1,23.7,36.0,11.0,15.0,19.0,12.9,9.1,15.0,12.1,10.2,12.2,27.7,12.1,23.8,13.1,20.0,49.0,40.0,19.2,20.0,19.8,20.8,3.0,8.0,20.0,22.0,4.0,8.1,24.0,34.0,10.2,7.9,20.6,17.2,3.1,3.1,3.1,3.0,17.2,14.1,19.0,48.5,36.4,29.0,12.1,8.2,16.2,11.2
1772713951.8012497,41.4,36.3,7.1,15.2,8.1,4.0,26.5,29.6,11.2,11.2,11.1,19.8,17.2,5.1,15.3,9.0,12.0,26.7,12.9,23.0,8.1,14.0,39.6,43.0,17.0,18.0,8.0,13.0,5.1,5.1,25.3,14.0,2.0,9.9,23.5,28.7,6.1,5.1,25.0,9.0,1.0,3.1,5.0,11.0,6.1,11.1,29.3,42.0,25.3,37.0,8.1,8.1,8.1,15.8
1772713952.8045573,54.5,47.1,14.1,15.0,12.1,13.0,16.8,16.2,6.1,5.1,19.0,16.3,15.3,10.1,10.0,15.0,30.3,16.2,19.0,18.0,16.0,23.5,47.0,46.0,20.0,17.8,21.0,21.4,13.1,10.1,27.3,12.1,3.0,5.1,24.5,31.0,8.1,12.0,24.0,17.0,6.1,9.1,2.0,3.0,9.2,8.2,37.0,34.0,35.6,36.7,12.1,9.2,8.1,16.3
1772713953.8064947,45.5,36.6,14.3,10.0,10.4,10.3,25.3,14.3,8.1,7.1,19.0,16.8,14.0,12.0,14.0,8.0,28.0,19.0,19.0,15.0,14.3,9.0,36.4,36.4,21.0,16.0,15.2,23.8,5.0,6.1,25.7,14.1,9.2,3.1,34.7,20.8,10.0,3.1,22.0,17.0,14.0,11.0,3.0,4.0,10.1,26.3,37.6,29.7,31.0,37.4,12.1,6.1,15.0,9.0
1772713954.8119848,53.1,52.0,15.0,17.5,10.1,11.1,30.3,35.6,12.1,14.1,11.0,21.2,20.8,15.0,8.2,15.2,28.6,11.1,26.5,14.1,22.8,25.0,44.0,42.2,16.2,23.0,11.0,18.2,8.2,6.1,26.3,18.4,3.0,7.1,27.3,32.3,9.1,12.9,27.0,18.8,5.1,7.1,4.0,9.1,25.0,12.1,49.5,24.2,40.4,27.3,9.2,14.1,20.0,6.1
1772713955.813219,42.6,49.0,13.4,19.2,8.2,10.1,28.6,25.5,11.2,12.9,16.0,20.8,10.0,20.2,14.3,12.0,30.0,18.2,15.2,11.2,16.8,12.0,45.5,46.0,23.0,17.8,20.0,25.7,15.2,7.1,28.6,20.2,5.1,7.1,28.7,30.7,11.0,5.2,21.2,18.2,4.1,3.1,3.1,9.1,32.7,27.3,44.4,36.3,21.8,22.0,12.9,8.1,16.2,9.0
1772713956.8144252,42.9,38.0,14.1,14.3,17.3,12.1,14.3,14.1,4.0,7.1,6.1,24.0,16.3,16.0,14.1,8.1,15.3,33.0,5.1,11.1,17.2,18.2,52.5,43.0,22.0,17.2,15.0,15.2,7.0,3.1,23.0,24.0,5.1,3.0,26.0,29.3,9.2,7.1,22.0,18.2,2.0,3.1,4.0,4.1,18.2,16.0,42.0,27.0,35.0,28.6,7.1,11.1,13.1,9.2
1772713957.81577,37.4,39.6,14.1,12.9,13.0,12.1,23.0,20.4,4.1,13.1,14.1,19.0,24.0,11.1,14.1,10.2,25.3,20.2,9.0,6.1,13.1,15.0,44.4,46.0,18.0,21.0,21.0,26.0,4.1,5.0,17.0,21.2,7.1,3.0,27.3,25.0,8.1,5.0,17.0,22.0,1.0,4.0,2.0,4.0,15.0,23.0,13.0,21.0,29.0,40.0,9.2,4.1,6.0,15.3
1772713958.817463,41.8,41.2,17.5,12.0,3.1,2.0,30.6,34.0,9.2,15.0,15.2,23.0,12.2,17.2,19.0,14.0,22.2,4.1,10.1,15.0,13.1,12.1,41.6,50.5,26.0,18.4,16.0,18.0,6.1,6.0,12.4,16.2,4.0,2.0,29.7,28.0,13.0,9.1,17.0,24.8,4.0,3.1,5.1,1.0,21.0,29.0,22.0,24.0,26.3,45.0,8.1,8.2,8.2,17.0
1772713959.817543,61.0,47.5,27.5,12.1,11.2,11.2,30.6,26.8,12.0,9.2,15.0,22.2,21.2,11.0,27.0,14.0,16.3,14.4,17.3,5.2,20.2,24.0,51.0,45.5,27.3,15.0,20.4,16.2,4.2,17.2,24.8,15.2,4.0,20.4,38.4,19.2,8.2,11.3,30.6,7.1,3.0,6.0,6.1,10.2,22.4,37.0,24.0,37.4,31.7,46.1,8.1,19.0,14.0,17.2
1772713960.819983,36.4,41.6,15.0,9.1,15.2,9.0,16.8,12.1,3.0,3.0,10.1,21.8,9.9,18.2,12.2,11.2,2.0,17.2,18.8,21.0,17.0,5.0,46.5,40.0,17.0,15.2,18.2,18.8,8.1,2.0,15.0,26.7,3.9,31.4,24.8,30.4,11.8,3.0,17.8,17.0,2.0,5.2,1.0,5.1,16.0,33.3,25.0,29.7,31.0,35.3,9.1,10.9,10.1,17.0
1772713961.8205125,49.5,51.0,16.5,14.3,13.1,9.2,33.7,27.0,14.0,14.1,19.2,15.2,12.2,16.0,13.1,12.0,19.2,12.0,24.5,16.0,22.0,14.1,41.6,44.0,19.0,24.0,18.0,13.3,10.9,3.0,18.0,27.3,9.3,27.3,29.0,29.0,14.3,8.1,22.0,23.0,5.1,4.1,4.0,2.1,28.7,32.7,41.0,37.4,43.0,28.9,11.0,10.4,11.1,16.2
1772713962.821296,47.5,38.6,8.2,17.8,7.1,4.0,30.3,30.6,15.3,13.1,23.8,7.1,11.2,16.0,15.0,11.1,24.0,19.4,22.0,16.0,19.0,15.8,40.2,40.0,24.0,13.9,22.2,20.0,18.4,7.1,13.3,30.3,3.0,13.0,33.0,36.0,3.0,9.1,16.2,21.4,4.0,4.1,6.1,7.1,31.0,17.2,28.0,47.5,35.0,38.0,8.1,8.1,8.1,12.2
1772713963.8213801,43.4,42.2,23.2,10.1,14.1,11.0,25.0,22.2,8.1,8.3,11.2,26.3,15.8,16.0,10.2,13.3,30.3,36.7,21.2,16.0,22.2,17.0,43.0,29.3,22.0,16.2,19.0,21.4,13.1,19.2,22.0,27.3,10.2,34.7,30.0,36.4,10.2,13.0,28.0,8.1,4.1,5.0,5.1,4.1,29.0,32.7,44.0,29.0,32.0,38.8,9.1,12.2,9.2,16.2
1772713964.82403,36.4,36.6,20.4,15.2,16.7,12.2,26.5,26.3,4.0,9.0,20.0,17.2,17.0,15.3,12.0,14.3,28.3,19.0,20.0,22.0,22.0,13.3,46.5,30.0,19.0,22.8,25.5,20.8,6.1,8.0,24.5,22.0,3.1,24.0,28.7,28.7,4.0,13.1,28.0,17.0,6.1,4.0,8.0,4.0,30.0,29.0,39.4,27.0,46.5,33.0,10.1,14.1,13.0,13.3
1772713965.8246682,45.0,43.1,18.2,14.9,7.1,8.2,37.4,30.3,17.3,9.2,15.2,18.0,15.3,14.1,13.9,14.0,27.0,15.2,13.0,25.3,20.8,18.0,34.0,40.4,19.0,21.4,17.8,16.0,8.2,4.0,21.2,21.2,4.0,5.1,29.3,27.0,14.0,10.0,12.1,22.2,3.1,3.0,5.1,8.2,24.0,27.3,41.6,29.0,29.0,32.3,10.9,12.9,19.2,9.3
1772713966.8253438,34.7,37.4,19.8,11.1,11.0,7.0,24.5,25.8,12.1,12.2,20.2,13.0,19.2,9.2,15.3,13.0,28.0,20.2,17.8,22.2,22.2,10.1,41.4,42.0,19.2,21.2,21.2,23.2,15.0,5.2,25.0,20.4,3.1,10.0,20.0,33.3,6.1,16.0,9.1,32.7,4.0,6.1,3.1,3.1,26.3,32.7,39.0,20.2,38.0,36.7,11.1,10.1,13.1,14.0
1772713967.8254263,38.4,30.0,20.2,7.0,10.4,14.4,15.0,25.0,4.1,4.0,22.2,11.1,20.8,16.0,13.1,12.2,11.3,25.5,22.0,19.0,17.2,15.0,38.6,49.5,20.0,18.8,15.2,16.0,4.0,7.1,21.4,22.0,3.1,11.2,29.7,26.0,3.1,9.2,24.2,16.0,4.0,3.1,7.1,6.1,23.2,26.5,28.3,24.0,28.7,43.1,9.1,10.2,7.1,17.3
1772713968.8255138,54.0,39.6,19.2,18.4,15.3,13.0,25.5,29.6,9.9,11.1,27.0,10.1,12.1,18.0,15.3,9.0,18.0,29.7,17.0,21.0,21.8,15.0,48.5,47.0,21.2,20.0,20.2,26.0,6.1,6.1,31.0,15.2,5.1,9.1,27.0,29.7,12.2,9.1,25.5,13.1,2.1,4.0,3.0,3.1,36.6,22.0,39.6,24.0,29.3,20.4,12.0,8.2,10.2,18.8
1772713969.8273737,53.0,41.4,18.0,12.2,8.9,4.1,28.3,29.3,12.1,13.0,16.8,16.2,19.2,15.3,19.8,9.0,28.3,15.2,19.8,22.0,23.0,17.2,58.4,39.0,14.9,26.7,12.9,15.0,5.1,5.1,13.0,17.3,3.1,9.1,34.3,22.8,9.9,7.9,24.2,20.0,5.1,7.2,4.1,11.9,13.1,20.8,35.0,34.0,46.0,35.0,9.3,11.0,9.2,17.3
1772713970.8296916,55.0,46.1,15.2,10.1,9.2,6.0,24.2,20.0,8.2,11.0,11.2,20.0,13.9,17.8,12.2,12.1,26.7,13.3,20.2,17.0,7.0,16.2,47.0,42.4,22.4,18.8,25.0,22.4,10.0,12.0,13.1,23.0,8.2,4.0,24.0,31.0,11.2,8.2,25.7,13.1,3.0,4.0,3.1,1.0,23.0,18.2,32.3,40.6,36.0,32.7,8.0,11.1,11.1,14.0
1772713971.831142,45.5,37.6,14.6,10.2,12.1,14.1,27.3,21.0,6.1,5.1,9.1,27.0,12.4,17.3,16.0,8.1,18.2,29.7,18.0,21.8,22.2,19.8,45.5,46.5,19.0,16.2,21.2,15.2,4.1,6.1,17.3,27.0,9.9,7.0,24.5,32.0,5.1,12.0,21.8,21.2,17.2,9.0,4.0,6.1,9.2,23.2,24.0,35.4,41.0,34.3,10.1,13.0,17.3,11.2
1772713972.8333514,42.4,45.5,14.0,19.0,12.0,10.1,36.4,27.6,18.0,2.0,13.0,18.0,13.0,16.7,12.0,12.1,24.8,16.0,17.8,20.2,15.0,17.2,51.0,36.4,26.0,14.0,23.0,21.8,4.0,8.2,22.0,23.8,3.1,6.2,37.4,23.0,13.1,12.0,17.2,24.2,5.1,8.2,5.0,10.1,13.1,28.0,32.3,25.5,36.0,27.3,8.0,10.1,10.0,16.2
1772713973.8350554,46.9,44.6,13.0,22.0,5.1,3.0,23.2,25.3,12.1,12.2,22.2,11.1,9.1,21.0,16.2,7.1,30.3,19.2,26.0,12.9,15.0,23.8,56.0,35.0,19.8,18.2,14.0,11.0,6.1,9.1,17.2,26.3,9.2,4.0,32.7,25.0,16.0,13.0,15.2,25.0,3.0,5.1,3.1,3.0,23.8,13.0,16.2,20.2,43.6,32.0,12.0,12.0,13.1,12.1
1772713974.8375688,49.5,50.0,12.4,17.0,11.1,13.0,22.0,17.3,14.1,10.0,12.0,27.3,14.1,12.1,9.1,17.2,26.3,14.1,23.2,13.3,19.0,13.1,42.9,44.0,13.1,23.2,19.4,25.0,11.1,6.1,14.3,25.5,3.1,2.1,29.6,26.0,13.0,12.0,12.1,24.2,4.1,8.0,7.1,2.1,23.5,29.0,26.3,27.0,35.0,34.3,8.1,10.2,8.1,17.3
1772713975.838187,37.5,50.0,11.1,20.2,14.1,11.2,28.9,32.0,5.2,4.1,13.1,22.2,14.1,20.4,13.0,14.1,17.2,29.3,25.7,13.9,26.0,13.0,53.9,38.4,25.0,18.8,16.0,19.0,4.0,9.1,18.2,30.3,11.2,5.1,26.3,28.3,10.1,10.3,18.2,26.0,3.1,8.2,2.0,13.0,27.0,32.3,28.7,34.0,33.7,33.0,9.1,15.0,12.9,17.3
1772713976.8382666,48.5,57.4,13.4,14.3,12.1,7.1,29.0,31.6,9.1,15.2,9.1,22.0,18.4,14.0,14.3,8.1,18.4,27.6,14.0,8.2,19.2,11.2,46.0,45.0,21.4,20.0,18.2,19.2,10.0,5.1,12.2,15.3,13.9,3.0,19.8,38.0,9.1,3.1,13.1,25.3,4.0,4.0,5.1,11.1,23.2,24.8,51.0,24.0,18.2,29.3,9.1,12.1,8.1,15.2
1772713977.838347,42.0,34.7,12.0,20.2,8.0,4.0,14.3,19.4,14.0,13.1,19.2,10.1,10.9,17.2,14.1,7.1,12.0,28.0,14.1,4.0,19.8,12.0,33.3,40.6,15.8,22.4,21.8,15.2,12.2,5.2,13.0,13.0,5.1,1.0,24.2,30.0,10.1,11.0,18.0,21.0,3.0,4.0,2.1,1.0,28.0,29.0,42.0,35.4,14.1,19.0,12.0,7.1,24.5,13.1
1772713978.8387845,54.0,55.9,16.0,13.9,13.9,14.1,23.2,21.8,6.9,6.2,24.2,9.1,12.1,15.2,11.9,11.1,26.0,19.2,7.1,10.1,22.0,10.1,45.0,41.4,22.8,20.8,20.8,17.0,4.0,5.1,11.0,15.0,11.1,2.0,24.8,34.7,5.1,10.1,23.0,14.1,5.9,4.0,10.0,3.0,28.0,23.2,45.5,33.3,27.0,23.2,10.1,8.2,24.0,15.3
1772713979.8395405,37.8,44.6,11.2,17.3,13.3,11.2,31.6,34.0,10.1,11.1,10.2,28.0,8.2,20.2,13.3,14.0,13.3,16.2,12.1,7.1,25.3,8.1,41.6,47.0,22.0,17.0,23.0,19.2,7.1,6.1,11.1,16.2,5.1,5.1,27.3,25.3,11.0,10.1,26.0,14.0,2.0,1.0,3.1,4.0,26.3,31.3,36.0,34.0,24.2,29.7,13.0,9.2,27.6,17.0
1772713980.8409414,54.0,56.4,17.2,13.3,12.0,4.1,33.7,22.7,14.1,13.0,14.0,24.2,16.0,18.8,16.0,12.0,20.4,4.1,14.0,29.0,17.2,24.0,39.0,35.6,18.2,23.0,14.1,13.1,18.2,11.0,17.2,12.1,2.0,9.1,29.0,41.0,9.1,14.0,23.0,13.1,5.1,5.1,10.1,3.1,20.0,22.2,25.0,31.7,44.0,36.4,14.3,6.2,23.0,19.0
1772713981.8424554,42.9,43.1,13.3,12.9,10.1,9.0,12.0,19.0,10.0,10.0,6.0,24.0,13.3,5.1,13.1,7.1,21.0,22.0,13.0,23.0,21.0,8.2,38.4,35.0,11.1,21.8,23.2,25.7,17.2,12.1,13.9,26.3,8.2,2.0,31.3,33.0,4.0,9.0,11.1,23.0,3.0,4.0,3.0,3.0,34.0,15.2,28.3,23.0,40.2,26.0,10.1,7.0,20.0,6.1
1772713982.8425426,50.5,56.4,11.0,20.0,17.3,8.2,27.6,22.2,3.1,3.1,12.2,23.0,17.0,15.2,10.2,10.1,20.2,22.4,15.0,24.0,15.2,19.8,36.0,29.6,24.0,22.0,14.1,15.2,5.1,6.1,10.3,34.0,5.1,3.0,27.0,26.0,13.3,7.1,21.0,21.2,6.1,3.0,5.1,3.1,37.0,24.8,34.0,27.3,27.0,41.0,5.1,16.3,12.1,11.1
1772713983.8453732,39.8,30.7,15.3,5.2,13.3,11.1,32.3,30.3,10.2,9.1,11.1,25.3,17.2,11.2,12.0,14.0,20.4,25.5,17.0,20.2,11.9,18.0,42.4,34.3,19.0,23.2,18.0,22.0,4.0,7.1,19.2,22.0,3.0,7.2,25.7,30.0,10.1,5.1,27.7,10.1,6.0,3.0,4.2,10.0,33.7,16.2,16.0,37.6,33.3,37.8,9.1,9.9,8.1,14.3
1772713984.8456407,54.0,53.5,18.0,15.2,6.1,2.0,20.2,22.4,13.1,12.1,15.0,20.8,10.0,16.0,12.0,7.1,12.0,29.0,12.1,26.0,23.8,10.1,34.0,41.0,20.8,16.0,16.2,17.0,11.1,7.1,20.2,21.4,3.1,4.0,27.6,28.0,12.1,6.1,25.5,8.0,2.1,3.0,3.0,2.1,22.2,35.0,16.0,39.0,18.0,14.0,6.1,11.2,7.1,15.2
1772713985.8464525,42.6,36.6,15.0,11.9,16.2,10.0,17.0,16.8,10.0,8.1,20.4,13.0,13.0,18.8,13.0,11.0,21.8,24.2,23.2,14.7,21.0,5.9,31.7,35.6,22.0,24.3,23.8,27.5,2.0,7.1,22.0,15.0,9.1,5.9,30.4,26.7,11.9,1.0,28.0,10.1,4.0,3.0,4.0,3.0,33.3,18.0,19.8,47.1,22.8,22.2,9.9,12.9,13.9,12.1
1772713986.8468144,49.0,41.0,16.3,6.2,14.3,11.2,27.3,23.7,8.2,4.0,20.8,15.0,16.3,14.4,14.3,6.1,20.4,17.2,23.0,18.4,28.0,12.2,31.3,38.4,17.0,20.2,12.2,11.1,4.1,5.1,11.1,7.2,1.0,3.1,29.3,22.0,8.2,8.2,22.4,16.3,3.1,2.1,2.0,2.1,25.5,22.2,28.0,41.4,27.6,20.2,10.2,4.2,7.1,13.1
1772713987.8468993,55.0,46.6,18.4,15.2,11.1,12.1,29.9,33.3,8.1,11.1,10.2,16.2,12.1,22.0,17.2,8.2,18.2,26.0,18.0,19.8,15.2,13.9,44.0,26.3,24.2,11.0,18.0,20.0,7.1,4.1,23.2,22.8,9.1,4.0,22.0,31.3,9.1,6.0,20.8,15.8,2.0,4.0,2.0,9.0,17.2,14.1,25.3,32.0,30.0,23.0,10.1,9.1,9.1,18.2
1772713988.849718,41.7,45.5,20.2,11.1,6.1,2.0,23.2,17.2,12.4,11.3,6.1,24.8,14.1,17.0,11.1,12.0,21.0,19.2,14.0,23.0,21.2,15.0,38.6,34.0,15.8,22.0,17.2,20.8,8.0,13.0,27.0,16.2,4.1,3.0,28.0,28.0,5.1,15.2,26.3,14.1,3.0,3.0,3.1,5.1,24.0,14.1,31.0,26.3,27.0,29.7,11.0,11.1,15.2,9.1
1772713989.8498006,54.5,54.9,19.0,12.1,17.5,12.1,20.4,21.2,9.2,10.0,17.5,8.1,15.2,16.3,12.2,15.0,18.6,26.3,18.4,19.8,17.2,17.0,43.4,47.5,23.2,19.0,22.0,23.7,7.0,9.1,29.3,23.2,4.0,10.1,38.0,21.8,9.1,11.1,30.0,12.4,4.1,12.1,2.0,4.1,18.2,18.0,20.4,24.0,32.0,40.4,10.2,14.1,17.3,10.2
1772713990.8498912,35.0,32.0,19.4,8.2,14.1,13.3,29.3,33.7,5.0,6.1,23.8,15.2,9.1,20.8,12.1,12.2,20.2,24.8,24.2,12.0,18.8,19.8,48.5,40.6,16.8,16.0,16.0,17.0,4.0,5.1,14.1,24.2,4.0,4.0,23.2,26.3,7.1,7.1,19.2,20.0,9.1,12.1,1.0,5.0,8.2,4.0,34.0,20.0,31.6,40.0,7.0,10.1,15.3,13.1
1772713991.8510578,44.4,44.0,23.0,7.0,10.1,6.1,29.6,26.5,13.1,10.1,27.0,5.1,19.2,17.2,13.0,15.0,28.3,14.3,25.0,17.0,21.0,14.3,50.5,45.5,22.0,20.0,20.0,14.1,7.1,8.0,17.2,29.7,12.4,5.1,36.9,24.0,10.0,14.1,15.0,24.2,5.0,2.1,4.0,10.2,16.2,11.2,27.0,37.6,34.7,36.0,9.1,11.1,11.0,18.2
1772713992.8511426,36.4,30.7,21.0,10.2,10.1,7.1,14.1,18.2,14.1,12.2,16.3,16.0,10.2,16.0,9.1,15.3,28.0,18.2,13.0,24.0,21.0,20.2,45.0,46.5,25.0,14.1,25.0,20.2,10.2,10.1,21.2,21.4,7.0,7.1,28.0,27.0,12.1,0.0,17.0,26.7,1.0,4.1,4.0,5.0,9.1,23.2,31.0,45.5,33.0,40.6,5.2,14.0,11.1,16.2
1772713993.8513718,44.3,38.2,12.2,17.0,9.3,15.0,22.2,31.3,7.1,6.1,7.0,20.2,17.2,13.1,11.0,13.0,24.0,13.3,19.8,25.5,7.0,22.2,36.0,53.0,15.0,17.8,17.2,14.9,9.0,3.0,24.2,17.2,3.0,6.1,31.3,24.0,10.0,11.0,15.3,22.2,5.0,3.1,7.2,2.0,14.3,25.7,30.0,48.5,29.6,21.4,10.0,8.2,11.0,12.2
1772713994.8515942,34.3,27.0,16.3,11.1,12.2,11.1,30.6,38.8,5.1,7.2,18.2,14.0,13.0,16.3,8.2,17.5,13.1,34.7,14.1,23.0,19.2,16.8,35.7,38.0,17.8,26.0,19.2,21.0,7.1,5.1,22.2,18.0,9.2,4.0,31.0,24.0,17.0,3.1,15.0,22.2,1.0,4.0,7.0,2.0,30.3,27.6,53.0,23.5,39.2,36.0,17.8,7.1,7.1,19.2
1772713995.8544059,53.1,57.3,13.1,12.1,3.1,6.1,22.2,21.0,16.0,9.1,11.9,20.0,16.3,12.1,12.1,9.0,23.0,24.2,15.8,22.0,14.9,16.2,43.6,46.0,18.8,19.2,17.6,20.0,12.2,7.2,20.0,21.4,3.0,4.0,30.0,23.2,8.1,8.9,12.9,23.0,4.0,2.0,9.1,2.1,31.4,22.8,47.5,27.0,36.6,36.0,8.2,7.1,25.3,12.1
1772713996.857096,42.0,40.0,18.2,14.9,15.3,8.2,22.0,22.0,11.3,28.6,11.0,24.0,16.8,16.8,11.9,15.0,28.0,12.1,4.0,18.0,22.8,16.8,45.0,47.1,15.2,21.6,22.0,29.3,5.0,7.0,20.8,26.0,10.9,4.0,23.0,36.4,12.0,13.4,14.9,25.7,5.0,6.1,2.0,3.0,20.2,25.0,35.0,28.4,40.0,32.0,10.9,12.1,22.0,14.1
1772713997.8571827,54.5,50.0,21.2,7.1,13.1,12.1,31.6,30.2,3.0,28.4,11.2,23.8,17.0,11.1,14.4,5.1,28.3,18.2,7.1,11.1,9.3,15.3,39.4,43.9,15.2,27.7,10.1,11.0,5.1,5.1,9.3,12.1,2.0,3.1,21.2,34.3,7.1,7.1,18.4,17.3,0.0,10.0,3.0,4.0,16.2,15.2,31.0,22.2,16.0,34.3,11.2,8.1,13.3,13.1
1772713998.8572657,34.7,35.6,13.3,19.2,6.2,4.0,28.0,27.0,9.1,38.4,22.2,13.3,13.4,17.0,14.1,14.1,27.6,11.3,17.2,2.1,9.0,21.8,32.0,43.1,25.3,18.2,20.8,19.2,8.1,6.1,24.0,14.1,11.2,4.0,38.0,20.0,15.2,10.1,24.2,15.2,2.0,4.1,8.1,4.1,20.4,36.0,33.3,42.4,31.3,37.8,9.1,11.2,10.0,13.4
1772713999.85871,34.0,34.7,16.0,13.9,8.1,3.0,13.3,15.2,22.2,17.3,15.8,15.0,13.1,13.0,10.0,13.1,26.0,12.1,3.1,13.1,23.0,13.0,25.0,44.0,17.0,17.8,18.2,18.2,10.1,6.1,26.3,11.0,3.0,5.0,27.0,25.3,12.0,5.0,20.0,10.9,2.0,2.0,5.1,3.0,20.0,28.0,37.0,32.0,41.0,26.0,10.9,7.1,20.2,16.0
1772714000.858942,49.5,54.9,19.0,13.1,7.3,15.2,30.0,20.4,14.4,11.9,12.1,20.2,18.0,16.3,8.2,14.1,19.2,6.1,11.1,21.2,19.0,11.2,34.0,39.4,22.0,20.2,20.2,18.0,14.3,15.2,27.7,20.0,2.0,10.2,30.3,37.0,16.2,5.2,16.0,22.7,2.0,6.1,27.3,7.1,20.0,41.6,40.6,35.0,33.3,45.5,15.3,11.2,16.2,15.3
1772714001.8611786,47.5,52.5,12.2,18.0,11.5,11.1,28.3,37.0,5.0,3.1,14.1,24.8,10.1,16.0,11.1,14.0,20.2,27.7,16.2,23.0,15.3,19.0,44.0,40.6,27.0,12.0,18.8,19.8,14.0,8.1,27.7,16.0,5.1,5.1,27.7,38.0,15.0,2.0,13.0,21.0,5.9,2.0,29.3,2.0,17.0,33.0,31.0,25.7,32.0,40.0,11.9,6.1,9.1,17.8
1772714002.8612697,56.6,39.6,13.1,12.1,8.1,2.0,23.7,21.2,14.3,11.0,12.2,16.3,9.1,15.0,9.0,13.0,10.3,20.2,12.9,23.8,8.0,16.0,42.0,43.9,18.2,19.0,12.2,12.0,6.0,4.0,22.2,15.2,3.0,8.0,25.0,26.0,11.1,3.0,12.2,25.0,4.1,2.0,12.2,10.1,35.6,23.2,31.0,35.0,35.0,34.3,9.2,9.0,19.8,20.4
1772714003.8688118,48.5,26.0,13.4,14.1,10.1,8.1,12.0,17.2,13.9,25.3,8.0,27.0,11.0,17.0,5.1,14.1,15.8,20.0,23.8,16.8,17.0,26.5,47.0,46.1,13.7,24.8,32.0,23.0,10.2,9.1,21.8,16.0,3.1,2.0,23.5,35.6,3.0,12.0,8.0,21.2,5.1,3.0,4.0,3.0,23.0,26.5,39.0,31.7,26.7,40.0,12.0,7.1,13.3,14.0
1772714004.8732672,52.5,48.0,19.0,9.0,15.3,14.9,26.3,20.0,8.1,15.2,9.1,20.0,11.1,12.0,16.2,16.7,11.0,29.0,16.8,20.8,10.0,18.2,48.5,36.0,20.0,20.8,11.9,16.0,5.1,4.0,16.2,26.0,4.0,9.1,30.3,27.0,10.0,8.0,12.1,22.8,4.0,3.0,2.0,4.0,17.0,18.2,41.6,34.0,24.8,20.8,10.0,6.0,11.0,13.0
1772714005.8733523,37.4,40.6,15.0,13.1,13.4,10.3,27.6,36.4,2.1,11.0,11.1,25.7,20.0,10.0,19.0,28.3,17.2,30.3,21.0,18.0,21.0,7.1,31.0,38.6,19.2,18.2,15.0,14.0,7.0,4.0,19.4,22.2,3.1,1.0,31.4,23.5,3.0,11.1,11.1,27.0,2.1,3.0,2.0,4.1,16.8,16.0,41.0,29.0,41.8,32.7,12.1,7.1,11.3,13.3
1772714006.873936,46.4,49.0,9.2,16.2,6.1,3.1,27.6,21.4,16.0,20.4,12.0,23.2,13.3,13.3,18.2,12.2,18.2,20.2,19.2,19.0,22.0,15.3,45.5,46.5,25.0,14.0,19.4,18.0,6.1,7.1,21.0,23.2,8.2,3.0,32.3,25.5,9.2,12.0,15.8,20.2,4.0,3.1,2.1,12.9,16.0,20.2,49.5,25.5,36.4,33.3,12.9,8.2,9.0,12.2
1772714007.8760972,42.9,42.2,15.7,13.1,9.2,27.0,15.2,13.3,13.4,14.1,15.2,17.3,14.1,17.2,11.0,11.0,20.4,23.2,20.2,17.2,10.1,17.6,47.1,45.5,20.8,19.2,27.7,18.2,7.1,12.1,15.2,27.3,4.0,5.0,27.7,27.7,12.0,2.0,18.4,23.5,4.0,4.0,3.0,3.0,16.2,13.1,38.0,20.8,26.0,45.5,14.1,7.0,15.8,7.1
1772714008.8804655,44.9,52.0,14.3,16.0,13.1,13.3,38.0,19.0,7.1,5.1,12.1,24.0,15.0,19.0,14.1,13.0,30.0,11.1,24.5,13.9,19.0,27.0,44.4,51.0,19.0,18.8,23.0,20.6,7.0,6.0,17.3,11.1,10.0,3.1,23.2,29.4,12.1,9.1,20.2,23.5,4.0,11.2,4.1,2.0,21.0,18.2,17.2,26.0,22.0,47.5,9.1,12.0,15.2,14.1
1772714009.8845882,35.4,35.6,15.0,14.0,13.0,10.9,32.0,29.0,10.9,4.0,9.1,22.8,11.0,14.9,15.2,6.1,20.8,25.0,22.0,12.9,6.1,19.0,37.6,53.0,20.8,18.6,13.0,13.1,7.0,4.1,19.8,16.2,5.0,2.0,23.5,34.3,9.1,2.0,19.2,14.0,8.1,12.0,3.0,2.0,32.7,20.0,31.7,25.0,29.3,23.0,7.0,11.3,7.1,14.4
1772714010.8855095,42.3,42.6,21.8,8.1,4.1,3.0,18.2,17.3,8.2,16.2,20.0,11.2,8.1,21.2,14.9,10.1,12.2,27.3,23.8,17.2,23.0,23.0,42.0,51.5,15.2,23.0,18.0,19.0,5.1,11.0,17.3,27.0,4.1,10.0,28.3,26.7,11.1,8.2,17.8,23.8,4.0,2.0,6.1,9.1,22.2,20.2,27.3,24.0,37.6,31.3,12.1,9.0,9.3,16.2
1772714011.8890831,55.0,41.6,12.2,12.9,10.1,12.1,22.0,21.0,13.0,10.1,10.0,24.8,15.0,16.0,13.1,12.9,18.0,31.3,26.0,13.6,7.1,17.8,45.0,46.5,21.0,17.0,22.8,24.0,7.1,7.1,13.0,29.0,17.0,3.0,24.0,28.0,3.0,11.0,12.1,30.0,3.0,2.0,5.1,2.0,15.2,14.1,26.0,33.0,42.0,31.7,8.0,11.1,16.0,11.0
1772714012.8904645,58.2,39.0,11.2,20.0,13.3,11.2,32.7,33.3,6.1,4.1,8.2,20.2,15.2,19.2,11.0,14.1,23.2,23.0,24.0,14.9,23.5,21.2,47.0,45.0,22.2,14.1,18.2,21.0,10.2,7.2,14.1,30.3,33.3,9.2,22.0,35.6,4.0,17.8,20.2,16.3,5.1,3.0,8.1,9.1,14.1,21.0,27.0,30.0,41.4,32.3,9.1,14.1,12.1,10.3
1772714013.8928475,53.1,39.6,15.2,11.1,6.1,8.0,25.5,27.3,10.1,8.0,11.1,24.0,9.0,17.0,8.2,14.9,17.2,23.2,24.0,13.1,17.0,12.1,38.0,49.0,17.0,23.8,12.9,16.2,7.0,5.0,31.3,18.0,30.6,2.1,31.0,24.2,6.1,8.2,17.0,21.2,3.1,3.0,10.1,7.1,12.1,14.1,33.0,46.0,37.4,34.0,7.0,13.9,14.3,7.9
1772714014.897904,50.5,46.1,20.8,13.3,10.2,9.2,17.0,20.4,15.2,12.1,13.0,23.2,10.3,20.0,16.2,11.1,14.1,36.6,20.0,21.8,14.1,33.7,37.0,61.6,18.0,24.0,27.6,25.3,11.2,9.1,27.3,14.1,40.0,9.1,24.0,33.7,12.0,11.1,27.6,14.1,8.1,4.0,5.1,2.1,33.7,24.2,38.6,36.0,41.2,32.3,10.0,12.2,17.0,14.0
1772714015.8982759,53.5,41.2,16.5,7.0,11.2,13.1,31.3,26.0,7.1,12.0,17.0,11.1,14.0,12.1,11.1,10.1,11.1,23.7,19.0,14.1,13.1,12.0,36.0,35.4,11.9,22.2,15.2,12.1,3.0,7.0,22.0,16.2,30.3,9.1,22.8,32.3,11.0,7.0,17.8,20.8,1.0,4.1,2.0,3.1,35.0,20.0,44.4,32.0,42.0,24.0,7.1,7.1,13.0,6.2
1772714016.900276,47.5,36.6,19.0,11.9,10.0,8.0,32.3,28.0,2.1,3.1,24.0,9.0,12.9,19.0,14.1,11.1,27.7,21.0,18.8,18.2,24.0,11.1,26.3,24.0,23.8,13.9,13.7,10.9,5.0,6.1,17.0,22.8,21.4,14.0,28.7,26.5,6.1,6.1,19.0,22.4,3.0,3.0,3.0,3.0,33.7,19.8,32.7,33.3,22.2,19.4,8.0,9.2,11.1,9.1
1772714017.9003618,45.5,44.0,18.4,14.3,5.2,4.0,17.3,17.5,11.1,11.3,20.2,15.2,9.3,18.4,14.0,11.1,28.6,14.3,6.1,14.1,21.0,8.1,38.0,27.0,22.0,21.4,22.2,22.0,13.1,6.3,26.3,21.4,41.8,11.0,33.0,28.0,11.1,11.1,23.5,13.3,4.1,5.1,6.2,10.0,18.4,36.0,33.0,29.3,35.3,43.0,7.1,15.3,18.4,13.3
1772714018.9024944,31.6,31.7,20.2,8.0,10.0,11.2,21.2,21.2,14.1,11.9,18.2,17.0,14.0,16.8,12.1,10.1,29.7,14.3,17.2,2.0,15.2,11.0,29.0,40.0,19.2,17.0,13.0,25.0,7.1,8.0,19.2,21.4,3.0,32.7,29.0,23.5,11.2,2.0,22.0,15.8,5.0,3.0,2.0,3.0,14.9,37.0,26.0,32.3,38.4,36.0,6.1,12.1,11.1,13.9
1772714019.906828,48.5,46.5,22.8,11.1,16.0,11.0,33.0,31.3,8.2,8.1,18.0,16.0,15.0,16.0,10.1,14.0,24.2,22.5,11.9,11.9,21.8,21.0,39.0,47.0,13.7,25.7,17.2,18.2,7.1,6.1,29.0,17.0,11.0,19.2,26.0,32.7,9.0,11.2,22.0,15.0,3.0,5.0,5.0,1.0,26.0,32.7,31.7,39.2,42.4,34.7,13.0,11.1,15.8,12.1
1772714020.9070313,33.3,28.0,18.4,9.2,9.1,7.1,22.7,27.6,8.2,11.1,8.2,23.0,9.2,11.2,14.1,6.1,19.2,9.3,11.2,16.2,8.1,13.0,50.0,35.4,23.2,16.2,17.3,14.9,5.1,12.0,11.0,9.1,3.1,6.1,34.0,33.3,3.0,13.0,13.1,25.5,4.0,2.0,2.0,3.0,27.0,22.2,26.0,44.0,40.0,28.7,9.1,7.1,7.2,18.2
1772714021.9085,49.5,49.0,25.0,14.1,10.3,8.2,20.2,14.3,10.1,17.0,13.3,21.4,16.2,20.0,12.1,12.1,23.2,21.2,16.0,24.8,25.7,21.2,45.5,52.5,18.2,19.0,22.0,21.0,15.5,25.3,26.5,19.2,5.1,7.0,41.4,25.0,15.3,3.0,19.2,27.0,3.1,3.1,10.1,11.2,29.3,30.0,49.5,32.0,30.0,27.8,12.1,12.1,18.2,21.6
1772714022.909172,42.9,46.0,10.1,16.2,10.0,15.8,32.3,28.3,13.1,11.1,8.1,24.0,12.1,14.1,15.0,11.0,19.2,22.2,16.8,20.2,15.3,8.9,42.9,46.9,20.8,18.8,21.2,20.0,7.0,6.0,15.0,25.3,10.1,4.0,18.8,29.4,11.0,10.1,14.0,23.8,4.0,1.0,5.1,6.1,25.0,30.3,49.0,23.2,34.3,35.4,8.2,9.1,29.4,14.0
1772714023.9100184,30.9,36.4,9.2,12.1,12.1,9.4,30.3,28.3,4.0,2.0,8.1,20.2,12.1,11.0,7.1,10.1,16.0,3.0,11.1,22.8,20.0,4.0,45.5,40.2,15.3,19.8,10.9,8.1,9.2,4.0,23.0,15.0,1.0,6.1,22.2,28.6,2.0,9.0,14.0,25.3,4.0,4.0,2.0,7.0,14.1,28.7,39.0,35.6,33.7,29.7,7.9,11.1,23.5,14.1
1772714024.9101038,61.0,55.3,19.4,13.1,7.1,4.0,12.2,19.0,6.1,7.1,19.2,16.2,11.1,16.2,14.1,14.0,26.0,14.3,17.8,22.0,25.0,14.1,44.6,43.0,20.0,19.2,24.2,24.0,3.1,7.1,22.0,21.4,4.0,9.2,33.7,24.0,8.2,10.1,37.8,30.0,3.1,4.0,2.0,4.0,13.1,18.2,34.3,36.4,39.6,28.6,8.2,9.2,12.1,11.2
1772714025.9108198,31.6,32.7,31.3,18.0,10.1,4.1,17.2,19.2,16.3,9.1,21.8,7.1,12.2,14.1,16.0,7.1,13.1,27.3,13.0,23.2,18.0,11.0,43.0,45.5,16.8,22.0,16.3,17.2,7.1,13.1,20.2,24.0,3.1,3.0,19.4,30.0,4.0,8.2,24.0,27.0,6.1,2.0,12.0,3.1,25.0,29.0,40.0,40.0,40.4,37.6,8.2,11.0,9.0,15.8
1772714026.9114401,57.1,58.0,37.0,16.2,17.3,15.2,36.4,33.7,12.2,14.1,24.2,8.0,13.9,18.2,11.1,13.1,18.4,27.6,20.0,21.8,22.4,21.0,45.0,47.0,21.2,21.8,26.0,23.2,3.1,8.2,26.0,16.0,10.0,4.1,18.8,39.6,13.0,9.0,13.1,31.3,14.3,3.1,3.0,3.1,40.0,20.0,30.0,31.0,32.0,43.0,11.1,13.3,14.4,11.3
1772714027.9140925,31.2,48.5,13.3,19.0,12.1,10.1,29.3,33.7,3.1,8.1,21.2,16.0,17.2,17.2,11.0,16.0,11.0,31.4,15.8,25.7,16.8,15.0,50.0,43.0,24.8,12.1,14.0,15.8,4.0,9.8,25.3,23.0,5.1,5.1,30.0,26.0,7.1,11.0,22.0,30.7,27.3,19.0,4.0,3.0,34.3,19.0,23.0,32.0,24.2,27.7,8.0,14.0,13.1,17.8
1772714028.9179518,50.0,64.1,18.8,15.0,4.1,5.0,17.2,10.1,24.0,18.6,20.8,14.0,15.8,13.9,14.9,9.0,19.0,23.2,16.0,24.0,22.5,23.0,43.1,49.5,24.8,12.9,19.0,20.0,7.0,8.2,24.5,23.0,6.1,4.0,37.0,21.0,9.1,13.0,34.3,22.8,7.9,6.9,9.0,5.0,30.0,28.7,23.0,14.0,35.0,43.4,8.0,10.1,12.9,11.2
1772714029.9192169,44.9,38.6,16.2,16.2,11.1,14.1,27.6,24.2,34.0,16.2,23.0,12.2,14.4,11.1,14.3,8.2,17.5,31.0,25.3,14.1,18.6,9.1,37.4,37.4,26.3,15.0,29.7,17.2,9.2,9.2,29.0,17.0,9.1,6.0,28.7,28.0,8.2,13.0,26.0,12.2,5.1,4.1,1.0,4.0,27.3,7.1,25.3,31.0,29.3,44.0,12.2,8.1,18.4,14.1
1772714030.9223435,55.6,55.0,22.4,15.0,16.2,12.0,28.3,34.3,9.2,17.0,18.2,13.0,19.0,11.0,5.1,17.0,12.1,24.5,20.0,16.8,21.8,18.4,55.4,35.4,24.0,13.0,16.2,17.3,4.0,8.0,22.2,15.0,4.0,3.1,24.8,31.0,4.0,7.1,27.3,10.0,3.0,2.0,5.1,1.0,26.3,9.1,23.0,44.0,31.0,43.1,13.0,9.2,27.0,15.3
1772714031.9232426,37.8,35.0,16.0,10.1,7.1,4.1,24.5,25.8,5.1,24.7,17.2,12.2,15.0,19.0,13.0,9.0,17.2,27.7,14.0,24.0,5.1,19.8,48.0,44.0,23.8,17.0,15.8,18.0,6.1,6.1,17.2,12.2,3.1,9.2,26.3,29.7,13.1,7.9,14.0,22.2,4.1,3.0,11.2,4.0,16.0,22.0,39.4,33.0,33.7,35.4,9.2,7.1,14.0,6.1
1772714032.9236748,46.9,60.8,15.5,10.1,4.1,6.1,16.2,12.1,22.8,33.0,10.1,25.7,15.3,22.2,15.3,13.1,14.1,28.3,16.2,22.8,12.1,20.2,45.0,47.5,18.2,22.2,19.4,15.2,14.1,8.1,29.3,10.1,9.1,4.0,27.0,30.0,13.0,3.0,17.0,23.0,2.0,2.1,5.0,2.0,22.0,11.2,36.0,40.6,34.0,38.4,8.1,11.1,9.0,16.3
1772714033.9312332,39.2,42.0,11.0,17.2,17.2,8.9,29.0,26.0,14.1,19.0,7.1,20.2,17.2,19.2,15.8,8.0,21.2,26.0,14.9,21.8,15.8,23.5,35.6,40.8,15.8,21.6,27.5,20.8,18.2,5.0,25.0,17.0,10.2,2.0,27.7,29.7,12.2,9.1,25.0,10.2,5.0,3.0,3.0,3.0,31.0,28.7,26.0,45.5,28.7,32.4,12.1,10.9,8.1,17.8
1772714034.9313138,54.1,55.9,19.2,24.2,14.3,12.4,34.3,37.1,8.1,8.0,11.2,24.5,19.8,21.0,11.1,12.2,12.2,34.7,13.1,27.3,19.2,19.2,50.0,25.5,20.0,23.2,15.3,15.0,42.4,11.1,28.3,23.2,3.1,5.1,33.7,23.0,12.9,5.2,20.0,23.2,6.2,3.0,3.1,5.1,27.0,25.5,31.0,37.4,27.6,43.4,10.9,16.2,17.2,10.3
1772714035.9389994,45.0,27.5,13.7,11.8,4.1,6.9,17.2,23.0,8.1,7.0,15.8,12.0,12.1,14.0,11.0,11.8,14.0,24.5,13.7,24.0,11.9,26.7,32.0,39.2,24.5,14.9,23.5,18.8,36.6,7.1,12.9,33.0,15.7,4.0,20.0,37.6,13.1,8.9,15.0,25.2,6.9,5.0,10.1,3.0,21.0,32.4,45.5,30.1,29.0,42.7,9.0,10.0,15.0,10.9
1772714036.9396436,34.7,39.0,10.2,17.2,4.1,7.1,7.1,15.3,11.1,13.3,21.2,13.3,14.1,15.2,9.2,9.3,25.3,22.2,17.0,18.0,12.1,12.1,44.4,29.3,19.2,21.2,21.2,14.1,7.1,9.1,20.4,20.2,28.6,2.0,21.2,31.3,10.0,8.1,11.1,24.2,3.0,4.0,3.0,2.0,17.2,15.0,38.4,13.3,34.0,36.4,6.1,11.2,15.0,7.2
1772714037.9430108,43.3,52.5,14.0,13.1,14.3,11.0,26.0,21.0,12.1,10.0,8.9,25.7,15.2,15.8,17.0,9.0,13.0,23.8,6.1,11.0,19.8,14.0,42.6,32.0,20.0,21.8,14.0,16.0,8.0,7.1,25.5,15.8,34.7,10.1,18.8,35.6,11.1,9.1,24.0,16.0,2.0,5.9,4.0,3.1,26.7,21.0,32.7,26.0,37.6,32.3,10.0,9.1,9.1,15.0
1772714038.9434278,52.5,44.6,15.3,18.4,15.0,12.1,34.7,34.0,2.1,8.2,15.3,16.3,15.2,15.0,11.1,15.0,19.2,27.3,4.1,14.3,12.0,23.0,40.8,50.5,24.2,15.8,19.0,22.2,6.2,7.1,21.4,26.3,40.4,5.0,25.0,32.3,14.0,3.1,15.0,25.3,6.0,4.1,3.1,4.0,18.2,35.6,20.2,36.6,37.4,39.0,7.1,12.1,12.2,15.5
1772714039.945588,60.0,46.1,10.1,16.8,7.1,3.0,23.5,29.3,17.0,8.0,16.8,22.8,13.0,17.0,9.0,15.2,23.2,14.3,3.0,17.8,14.1,13.0,42.6,42.6,19.8,17.0,19.0,17.0,11.0,12.1,20.2,20.2,34.0,5.0,35.0,34.3,5.1,13.1,9.2,24.2,3.0,4.0,4.0,10.1,28.0,29.0,30.7,26.7,30.3,30.4,5.9,14.1,9.1,13.1
1772714040.9466312,47.5,41.6,19.0,14.3,9.2,7.1,15.3,13.3,14.3,11.2,8.1,26.5,12.1,19.2,12.1,13.1,19.2,30.0,16.3,9.2,14.1,27.3,37.0,40.6,20.8,23.0,19.2,30.3,4.0,15.0,23.2,23.2,35.4,6.1,38.0,34.3,5.1,13.1,21.2,19.0,3.1,1.0,3.0,3.1,32.7,22.0,41.0,34.3,36.0,34.7,3.1,14.3,9.1,22.2
1772714041.9502597,59.6,47.1,14.1,15.0,18.2,9.0,38.6,25.0,5.1,5.9,10.1,21.0,9.2,22.0,10.2,14.1,20.0,20.4,15.8,22.8,10.8,21.0,50.0,47.5,17.2,23.8,12.1,12.1,18.0,12.1,24.2,26.3,36.0,4.1,34.0,22.2,13.1,5.0,16.2,23.2,9.0,4.0,3.1,7.0,34.7,23.8,29.6,24.2,40.0,35.4,12.1,14.0,6.1,21.0
1772714042.9503431,51.0,34.0,11.1,16.2,14.1,10.3,32.0,30.6,8.0,9.1,6.1,24.5,15.0,15.8,7.1,13.9,21.4,21.2,16.2,22.2,18.2,18.0,50.5,41.0,20.0,22.2,21.0,22.8,6.1,4.1,11.1,17.0,31.6,8.1,22.8,27.7,12.0,8.2,12.9,21.2,2.0,4.1,9.0,2.0,27.0,31.0,23.8,33.3,46.0,28.7,8.1,8.2,8.1,16.3
1772714043.9513462,53.1,56.4,12.4,17.2,7.1,4.0,22.8,16.3,13.3,12.4,20.2,13.0,14.1,18.2,19.2,8.2,27.0,5.1,19.0,22.0,12.1,23.2,54.5,39.0,15.2,22.2,20.0,24.5,8.1,12.1,19.2,20.2,37.0,4.1,26.3,31.7,11.2,6.0,19.2,25.3,5.1,3.0,3.1,4.1,32.4,20.0,22.0,22.0,44.0,34.3,9.1,15.0,13.3,10.2
1772714044.9514267,39.8,46.1,12.2,20.2,9.1,7.1,24.5,18.0,11.2,9.1,24.2,9.0,10.1,18.2,5.1,19.8,16.2,12.2,15.0,25.0,15.0,23.0,52.5,34.3,16.3,23.8,17.0,18.2,4.1,7.0,19.4,24.2,11.0,31.3,28.0,27.3,9.2,14.0,30.0,9.1,5.1,3.1,3.1,4.0,29.0,29.6,21.0,26.0,23.0,42.2,6.1,15.2,9.0,21.0
1772714045.9554746,54.5,59.8,11.2,21.2,11.3,12.0,40.4,29.6,6.0,7.1,15.0,21.4,20.8,14.3,12.1,14.3,13.1,32.0,19.0,21.0,17.2,18.8,57.8,40.0,18.8,23.8,17.2,16.2,10.9,8.1,21.0,29.7,5.0,38.2,25.5,37.3,6.0,11.1,29.3,9.1,14.0,5.0,6.0,10.0,24.2,29.0,43.0,23.8,33.0,33.3,12.1,9.2,13.4,11.2
1772714046.9578836,42.4,45.0,13.1,18.8,11.2,11.1,30.7,30.0,10.2,14.1,18.0,11.1,11.2,19.0,8.1,15.0,18.0,34.0,16.2,24.8,20.2,11.1,48.5,47.5,19.6,20.0,30.0,28.0,9.2,8.1,19.0,28.0,12.2,28.6,25.3,30.4,5.2,12.0,21.0,13.0,9.1,9.2,8.1,3.1,19.0,39.0,51.5,30.3,33.0,37.4,9.1,12.1,11.0,16.0
1772714047.9580863,49.5,44.1,11.9,23.0,6.1,2.1,20.2,11.3,12.1,12.4,25.3,9.2,14.1,17.2,12.0,11.2,12.1,28.0,13.9,27.3,22.0,10.0,44.6,51.5,15.3,25.0,17.0,13.0,6.1,8.1,24.2,22.7,12.2,33.0,26.0,28.3,9.1,12.2,12.1,24.0,4.0,3.0,2.0,5.0,16.3,18.2,35.0,44.0,42.0,38.4,17.2,8.1,15.0,15.2
1772714048.9587064,42.4,38.0,11.3,17.2,15.5,3.0,26.5,21.2,9.0,8.1,22.2,11.1,16.0,13.3,8.2,19.2,20.2,26.5,18.2,19.0,14.0,22.2,46.5,46.1,23.0,17.2,11.9,14.0,6.1,6.0,25.3,17.2,16.0,26.0,26.7,26.0,7.0,9.1,18.0,21.4,6.1,3.0,5.1,1.0,16.0,27.0,45.0,31.3,42.2,33.0,15.2,6.1,8.2,17.5
1772714049.961366,55.4,48.5,15.3,23.2,16.2,10.2,36.4,33.3,9.2,12.2,22.8,17.6,8.1,21.8,17.8,7.1,36.0,15.2,16.3,25.3,18.0,21.8,48.0,42.4,21.0,20.8,29.3,22.4,12.0,8.1,27.0,18.2,38.0,9.3,23.0,33.7,6.1,17.3,14.0,24.0,4.1,8.0,10.2,4.1,14.3,23.0,33.7,27.0,37.8,31.0,11.0,10.2,14.0,10.1
1772714050.9614475,56.0,43.6,18.4,12.9,9.4,10.2,27.6,25.3,14.0,13.4,29.6,11.1,9.1,20.4,13.3,14.3,28.3,13.3,14.0,29.4,23.0,15.0,43.4,47.5,23.0,23.0,21.8,12.1,10.2,6.1,19.4,27.0,37.4,3.1,30.0,30.0,2.0,13.3,13.3,22.0,3.0,4.1,3.0,3.1,11.1,23.8,47.0,28.6,34.7,30.0,13.1,10.1,16.2,14.9
1772714051.9630425,37.5,51.5,11.1,19.6,5.9,5.0,17.0,13.1,8.1,10.1,26.0,11.2,14.0,14.1,13.1,12.1,34.0,11.1,20.2,19.2,14.0,20.0,47.5,41.6,23.0,15.0,22.2,19.8,7.1,23.5,20.8,22.0,14.0,10.0,23.0,34.0,13.0,8.1,24.0,19.0,6.0,3.0,3.0,5.0,10.1,26.3,29.0,47.5,40.6,32.3,8.1,10.0,6.1,18.2
1772714052.963397,47.5,51.0,19.0,11.1,14.3,8.2,27.3,35.4,4.0,4.0,28.3,7.1,18.0,13.0,8.0,16.0,22.8,23.0,27.7,13.9,14.1,20.8,36.4,27.3,19.0,17.8,21.0,13.0,8.1,27.3,20.4,25.3,16.2,5.1,29.0,25.0,13.1,4.9,18.0,21.2,5.1,4.0,10.1,2.1,16.0,34.7,40.0,35.0,46.0,26.3,12.0,12.0,11.1,14.3
1772714053.9645288,40.8,50.0,19.2,11.1,12.4,13.4,29.6,34.3,8.1,9.3,20.0,16.3,12.2,15.2,15.2,7.1,17.2,28.3,20.0,18.0,19.4,4.1,31.0,30.0,23.0,16.3,17.0,24.0,7.2,26.0,14.0,9.3,2.0,11.0,28.3,30.0,13.3,6.1,15.2,28.0,1.0,4.0,2.0,6.0,29.6,26.0,38.4,38.0,29.0,42.6,12.1,7.1,16.3,7.1
1772714054.964816,42.0,43.6,18.4,11.0,9.9,8.2,15.3,20.0,12.2,14.9,10.0,24.8,14.0,17.0,8.0,17.0,11.2,29.3,14.9,24.0,22.8,21.8,33.7,39.4,21.2,19.6,16.8,16.2,9.2,7.1,23.0,20.2,7.0,3.0,33.3,23.0,10.1,4.0,29.7,17.0,2.0,5.1,3.0,3.0,31.7,20.0,19.2,43.6,37.0,33.3,14.1,8.1,15.0,9.1
1772714055.9685788,34.0,35.6,17.0,14.9,3.1,6.1,13.0,12.2,9.1,7.1,8.1,22.0,11.2,14.0,12.1,7.1,21.0,26.3,22.0,16.0,7.0,16.2,28.3,40.2,20.0,20.0,11.1,12.1,32.0,6.1,29.3,11.1,9.1,3.1,28.6,26.3,14.0,8.1,23.2,13.3,3.1,4.0,1.0,4.1,22.2,23.2,23.2,34.0,39.0,31.6,9.2,6.1,11.0,11.1
1772714056.9712176,40.0,37.0,20.4,11.1,12.1,8.1,37.4,28.0,3.0,4.0,12.1,20.2,19.8,9.0,13.9,13.1,22.2,16.2,10.1,15.0,19.2,20.0,49.0,38.4,21.6,18.4,23.8,21.0,13.0,7.1,31.0,17.0,9.9,4.1,25.5,28.7,11.0,5.1,23.0,16.0,3.0,6.1,10.1,4.0,17.8,13.1,32.7,39.6,33.0,29.7,14.1,9.3,11.0,16.0
1772714057.9726784,38.8,35.6,13.1,14.0,13.3,12.1,29.3,38.0,12.0,15.2,11.1,22.8,15.3,14.1,11.2,16.2,19.2,27.0,2.1,16.3,10.9,19.0,44.9,46.0,19.2,21.0,15.3,23.8,9.1,14.0,14.1,30.3,20.4,11.0,28.3,26.3,12.2,4.1,16.0,25.3,6.3,3.1,5.1,3.1,21.4,19.0,25.0,53.5,35.6,30.0,11.1,9.1,10.1,14.3
1772714058.9772139,35.6,36.3,17.3,10.0,8.1,9.1,12.0,16.3,11.1,14.0,16.8,18.2,16.2,10.0,12.1,11.9,10.2,31.3,5.0,17.0,17.0,14.3,52.0,41.6,18.0,19.0,16.8,18.0,7.9,4.0,25.0,18.8,1.0,5.0,34.7,20.2,1.0,11.1,14.9,17.2,9.0,2.0,3.0,8.1,13.0,18.8,36.0,38.4,22.2,32.7,8.9,10.9,15.3,8.2
1772714059.9772964,44.9,41.0,12.0,12.1,4.0,5.1,21.2,22.2,6.0,7.1,5.1,20.0,13.0,13.1,15.2,5.1,27.3,17.3,2.1,14.0,16.2,16.0,39.6,47.0,20.2,13.0,17.2,16.0,2.1,8.1,20.0,18.2,10.1,3.1,31.0,34.0,9.0,12.0,22.4,12.1,5.1,5.1,1.0,4.0,20.2,27.3,36.6,34.0,39.0,34.3,12.0,7.1,15.0,9.1
1772714060.9792817,47.4,40.0,19.0,14.1,18.4,14.0,28.0,36.7,2.1,9.1,15.0,22.0,9.2,18.0,14.0,11.0,33.3,25.3,18.0,15.2,12.1,17.0,49.0,45.0,16.0,22.0,18.2,22.0,14.0,17.2,13.3,28.0,5.0,4.1,32.3,37.6,8.2,8.2,12.1,24.0,3.0,3.1,13.1,4.1,24.0,27.3,17.3,44.6,43.0,30.3,11.2,7.1,10.2,13.3
1772714061.9812427,55.0,52.9,15.2,17.2,13.3,11.1,27.3,28.3,8.1,20.0,8.0,22.2,17.0,16.0,14.3,7.1,25.0,24.0,15.8,24.2,18.0,24.8,50.5,42.6,16.8,21.0,17.8,26.3,10.4,15.0,28.7,17.2,7.1,5.0,29.4,28.0,13.9,5.1,20.0,23.8,5.9,9.1,4.0,5.0,30.3,26.5,46.1,32.3,30.0,32.0,11.1,8.0,16.8,9.1
1772714062.9840014,45.9,46.1,21.0,9.1,6.1,6.1,14.3,14.3,12.0,11.2,18.4,16.3,15.0,15.0,10.0,17.0,19.2,8.1,13.9,24.0,7.1,21.2,50.5,46.5,27.0,17.8,13.3,12.9,7.9,5.1,23.2,20.2,8.1,3.1,30.3,26.5,12.1,8.1,25.7,17.3,8.2,5.0,7.1,9.2,16.8,37.4,30.3,47.5,29.0,32.3,11.2,10.2,15.2,12.1
1772714063.9858005,46.5,37.6,11.3,18.2,10.1,4.1,34.7,25.7,8.1,7.1,23.8,17.0,15.3,14.3,16.0,11.1,12.1,11.2,15.2,22.0,15.0,30.3,32.3,46.0,22.8,16.2,21.8,23.2,8.2,5.1,24.0,17.2,6.1,5.0,22.0,34.7,10.0,10.0,20.4,24.0,3.1,6.1,5.2,10.1,16.3,20.0,44.6,36.4,41.6,36.0,11.9,15.2,8.2,18.2
1772714064.9886186,32.3,39.2,12.2,15.2,8.2,19.0,33.0,32.0,14.3,7.0,18.2,16.2,8.1,19.2,11.2,12.1,13.1,15.0,16.8,22.8,14.1,13.0,39.4,39.0,22.0,18.0,20.2,17.8,7.1,12.1,25.0,15.2,2.0,9.2,29.7,27.0,9.2,8.2,16.2,21.4,10.0,3.1,4.0,4.1,24.2,20.4,44.0,29.0,45.5,25.3,8.1,11.0,14.1,8.2
1772714065.9899292,45.9,59.4,20.0,21.0,12.1,12.2,23.7,22.4,15.0,12.0,11.2,19.0,12.0,27.3,14.1,12.1,18.0,17.5,23.0,17.3,14.0,28.0,54.9,39.8,17.3,24.8,18.0,20.2,6.1,7.1,18.2,13.3,4.1,6.1,38.0,21.8,15.0,6.1,26.3,19.0,9.3,13.3,3.1,6.1,36.3,19.0,42.0,38.4,31.0,32.4,11.3,9.3,14.1,15.2
1772714066.9904535,47.5,35.0,8.1,14.1,3.1,5.0,15.7,7.1,9.2,11.2,16.8,24.0,9.0,14.0,7.1,13.1,31.3,18.0,19.6,18.8,9.1,18.0,49.0,39.0,13.1,24.0,15.0,14.9,3.1,7.1,22.0,17.2,5.0,8.1,21.2,31.7,6.1,14.0,29.7,17.0,2.0,6.1,2.0,7.1,35.6,20.0,35.0,32.0,29.0,17.2,10.0,8.1,10.0,9.2
1772714067.9954607,53.5,48.0,17.2,13.1,10.1,11.1,32.0,34.0,4.0,4.0,18.8,12.0,18.0,17.0,11.0,14.0,28.7,12.0,24.2,13.7,12.0,22.0,41.0,58.8,20.6,20.8,17.2,20.0,8.0,2.0,18.2,30.7,3.1,2.0,26.5,30.0,5.1,8.1,26.7,16.0,5.0,3.0,3.0,14.9,34.3,19.8,24.0,32.7,36.6,22.2,11.0,9.1,6.1,20.8
1772714068.9955413,53.6,38.6,17.2,9.1,14.3,12.0,31.6,30.6,9.2,12.2,21.4,13.1,18.2,15.2,5.1,19.2,17.3,28.3,20.0,20.0,14.0,18.2,42.4,50.0,27.0,14.1,20.2,25.0,7.1,14.0,15.2,28.3,4.1,10.1,30.3,23.2,7.2,11.2,41.8,25.3,4.1,3.1,3.1,2.0,28.0,8.2,40.4,36.0,26.3,20.8,14.1,11.3,9.2,14.6
1772714069.9961183,48.5,46.1,19.0,11.1,12.1,7.1,12.4,17.2,12.1,14.0,22.0,9.1,21.2,8.1,13.9,7.2,12.1,29.3,14.0,21.2,17.0,13.0,47.0,50.0,26.7,12.0,16.8,18.0,8.9,3.0,10.1,33.0,2.0,2.0,32.7,25.0,10.9,3.0,17.0,28.7,2.0,28.7,4.0,5.1,20.0,13.1,28.0,46.5,30.7,28.3,5.9,14.3,8.0,17.0
1772714071.0009649,40.4,42.0,19.8,15.2,8.1,3.1,26.0,26.0,6.2,12.1,25.3,11.1,20.0,14.1,12.2,16.2,18.2,29.7,24.5,17.8,23.0,11.2,51.0,31.0,18.0,20.0,20.2,19.8,3.0,10.3,27.0,23.5,4.0,14.1,40.0,20.8,10.1,14.9,15.2,24.2,3.0,35.7,10.2,7.0,18.2,22.2,29.3,41.2,36.4,43.0,10.1,13.1,11.3,15.2
1772714072.001296,40.8,38.6,20.0,10.2,12.2,15.0,29.9,32.3,6.0,10.3,22.0,14.3,20.0,11.1,9.1,18.0,14.1,31.3,22.8,15.2,15.3,12.9,35.3,34.3,24.8,18.2,17.0,17.8,7.1,12.1,26.3,21.8,2.0,4.1,26.7,29.0,1.0,9.3,25.7,19.4,2.0,3.0,3.0,35.7,17.2,21.2,36.0,25.7,33.0,40.6,12.0,9.2,14.0,12.2
1772714073.0025482,39.4,31.7,15.2,11.2,15.2,11.2,25.3,27.6,11.1,17.0,25.0,8.1,11.8,20.0,18.2,8.0,31.0,12.2,23.0,16.0,15.0,25.0,36.4,36.6,19.2,19.8,24.5,21.0,8.2,5.1,11.2,13.0,9.2,4.0,30.0,27.3,13.1,11.1,25.0,15.8,4.0,3.0,9.3,26.7,28.0,29.0,39.6,38.0,30.6,32.3,9.2,11.2,16.0,8.2
1772714074.0027392,39.8,38.0,16.3,12.1,6.1,2.0,12.1,16.3,11.3,13.3,10.2,25.7,12.4,17.2,13.3,16.2,22.4,25.3,17.0,21.0,18.2,9.3,41.6,29.6,20.0,20.0,14.0,9.3,7.1,4.1,13.1,13.1,10.1,3.0,19.2,40.0,12.0,14.9,24.5,16.0,5.1,5.0,40.0,1.0,36.0,22.8,28.0,47.0,27.3,30.3,9.1,14.9,13.0,16.0
1772714075.0028427,38.8,34.3,13.3,15.0,13.1,8.2,27.6,35.0,5.1,7.0,16.8,13.1,12.1,15.2,7.1,18.4,12.1,28.3,15.0,20.2,13.9,26.7,40.0,49.0,16.0,24.0,22.2,26.7,6.1,5.1,12.0,14.3,3.1,33.3,26.3,28.7,6.1,6.1,27.7,14.1,6.1,2.0,12.1,3.1,19.0,13.3,43.6,37.0,22.0,33.7,9.1,12.1,12.2,12.1
1772714076.006328,38.4,48.0,10.0,18.0,13.3,13.0,30.3,35.7,10.1,5.1,16.2,19.0,14.0,13.0,14.9,13.0,17.3,29.0,24.8,13.7,10.0,15.8,44.0,36.6,20.8,21.8,22.5,15.0,12.1,10.8,7.2,13.1,10.9,32.0,30.7,24.0,9.9,9.1,17.2,22.0,4.0,5.0,4.0,2.0,23.0,31.4,40.0,38.0,32.0,44.0,8.1,8.9,16.8,8.1
1772714077.0073397,52.0,48.5,17.3,9.1,9.1,9.0,15.2,15.2,11.2,16.8,10.1,22.2,13.9,17.0,16.2,12.0,19.0,25.3,22.2,9.0,27.0,16.2,43.0,41.4,20.0,16.2,20.2,15.2,6.1,4.1,8.1,15.2,3.1,34.3,28.7,29.0,5.0,9.0,16.3,26.3,9.1,7.1,5.2,5.1,24.2,27.6,38.0,37.0,27.7,45.0,6.1,12.4,10.1,14.1
1772714078.007672,46.0,43.6,9.3,16.2,5.1,6.1,24.5,19.2,12.0,8.2,10.1,25.3,16.3,13.1,10.0,16.2,17.3,22.2,14.0,1.0,18.2,6.1,40.6,46.0,24.8,18.0,22.8,17.0,5.1,8.0,21.0,20.2,3.0,15.3,27.0,27.0,8.2,14.1,25.0,13.0,5.0,3.0,29.3,11.1,35.0,19.2,29.0,26.3,25.5,40.6,8.9,14.1,18.2,7.1
1772714079.0096216,46.9,45.0,22.2,11.1,18.4,8.1,36.4,28.6,9.3,3.0,18.2,12.1,15.0,20.0,8.2,13.3,22.2,26.3,18.2,5.9,22.0,15.2,43.0,47.0,18.2,21.0,12.2,15.2,11.2,7.2,23.0,23.0,7.1,34.3,25.3,34.3,9.2,14.1,20.0,15.2,4.1,4.1,4.1,3.0,34.7,19.2,35.4,31.0,34.7,39.4,8.2,8.2,12.2,16.2
1772714080.009823,55.0,46.5,19.2,13.1,13.3,11.2,24.7,25.0,21.0,31.6,26.0,9.0,13.3,11.2,11.2,15.0,27.3,25.3,9.1,9.2,11.9,20.8,45.5,46.0,26.0,14.0,19.2,26.0,10.0,19.0,26.3,19.2,6.2,0.0,37.4,37.0,8.9,11.1,30.0,11.1,3.1,3.1,3.0,3.1,34.0,20.2,49.0,29.0,34.7,42.4,15.2,5.1,18.0,9.2
1772714081.0105963,34.4,37.9,15.2,13.1,16.3,2.0,20.8,12.2,23.2,22.2,16.3,20.2,16.0,14.1,15.0,7.0,32.3,26.0,14.1,16.0,18.0,17.2,44.1,47.5,23.8,14.9,12.0,11.9,11.1,9.1,20.2,16.3,4.0,11.0,37.6,18.6,10.2,8.1,28.0,12.1,3.1,4.0,4.1,3.1,32.0,27.7,49.5,24.2,33.7,38.4,9.2,11.1,14.1,12.1
1772714082.0170074,45.0,55.3,12.4,17.2,37.0,8.1,26.5,39.0,9.0,7.1,9.9,22.8,23.0,11.0,13.9,12.2,20.0,30.3,13.9,28.7,24.0,12.0,45.0,48.5,20.8,17.2,25.7,26.3,7.9,7.1,12.1,15.0,7.0,1.0,24.2,35.6,12.1,7.1,23.2,14.9,5.1,2.0,12.9,7.1,29.7,18.8,45.5,34.7,35.6,33.7,14.9,12.2,13.0,14.0
1772714083.0211594,39.4,53.0,15.2,16.0,18.0,9.0,27.6,26.5,9.1,2.0,9.1,23.8,13.1,13.0,9.0,13.0,8.1,23.2,19.0,20.0,21.8,14.1,43.6,48.0,17.0,21.6,18.8,14.1,7.1,11.0,24.0,26.0,10.1,34.7,27.0,33.3,13.1,8.0,27.7,14.1,5.0,4.0,4.0,3.0,30.0,29.0,42.6,24.8,32.3,43.7,12.2,10.1,14.3,12.1
1772714084.0254056,57.6,41.2,13.3,11.1,10.2,9.0,19.2,19.4,9.1,15.8,13.9,17.0,11.0,19.2,12.1,12.1,5.9,24.0,24.8,16.7,25.7,10.9,47.0,42.6,20.0,17.0,21.8,21.8,7.0,5.0,24.2,14.9,2.0,33.0,29.7,25.3,2.0,12.1,22.0,15.2,15.0,2.0,3.0,4.0,29.4,22.8,36.4,30.3,25.5,28.3,8.9,12.0,10.0,13.1
1772714085.0263896,39.2,43.0,14.1,21.8,4.1,4.0,22.2,18.4,11.3,13.0,10.2,20.0,13.1,10.9,15.2,6.1,18.0,8.1,23.0,14.0,19.2,8.1,50.5,43.4,21.2,17.2,19.2,14.0,5.1,6.1,26.0,14.4,21.2,15.0,22.8,30.0,10.0,10.2,26.3,11.1,8.2,9.1,11.1,4.1,26.5,30.0,43.6,26.3,22.2,36.0,10.1,9.3,8.1,14.1
1772714086.030006,46.9,55.3,14.1,17.2,12.2,8.1,30.3,32.0,5.0,5.1,13.0,25.3,10.1,17.2,13.0,11.9,3.1,20.2,19.0,16.2,21.2,15.8,48.0,45.0,22.0,15.0,17.0,11.1,12.1,7.1,28.3,17.0,15.8,4.0,27.6,28.4,3.0,14.0,21.0,19.0,3.0,3.0,3.0,2.0,19.0,28.7,47.0,30.0,35.4,36.0,11.1,7.2,16.2,9.1
1772714087.0316002,44.4,40.0,18.0,12.9,14.9,11.2,23.2,24.5,7.1,5.9,15.8,9.1,15.0,18.2,5.1,16.0,22.0,19.8,12.9,21.8,12.0,16.0,41.0,38.6,19.0,20.6,23.2,18.8,3.0,7.0,20.8,27.0,22.2,9.0,24.2,32.0,10.1,7.1,13.0,24.8,5.1,0.0,4.0,3.0,17.2,21.0,37.0,41.2,24.0,39.8,8.2,8.1,8.0,11.3
1772714088.0408022,43.0,38.5,13.0,16.2,8.1,7.0,16.2,13.0,9.2,18.0,17.2,18.2,10.1,15.0,11.0,11.1,27.3,13.0,20.8,16.0,26.7,12.0,34.7,38.0,22.8,20.0,15.0,13.0,5.1,11.9,19.2,19.2,22.2,3.1,24.3,28.0,8.1,6.1,15.2,26.3,4.0,3.0,4.1,3.0,23.0,18.0,32.0,41.0,28.2,25.0,8.0,14.9,7.1,15.8
1772714089.042497,26.8,30.7,7.1,15.8,8.0,2.0,34.0,17.2,11.2,12.1,21.0,10.9,11.0,17.8,9.0,14.0,26.7,15.2,18.0,20.8,7.1,19.0,46.0,28.0,20.0,16.2,20.2,24.5,7.0,4.0,14.1,27.3,32.0,10.0,22.4,33.0,11.1,8.0,19.0,19.0,4.0,3.0,10.1,7.1,28.0,11.0,46.0,28.0,34.3,33.7,12.9,6.1,10.0,11.2
1772714090.0425768,50.0,44.0,11.1,20.4,11.3,12.5,27.6,34.0,4.0,3.1,12.2,22.2,13.1,16.3,14.3,11.2,25.3,17.2,14.0,23.2,20.0,22.0,44.6,31.3,19.8,21.0,15.0,20.0,13.1,8.2,20.8,26.3,12.2,3.0,21.8,33.0,2.0,14.1,17.2,28.0,3.1,4.1,3.0,3.1,26.3,5.1,37.4,27.0,34.7,39.0,11.3,11.0,13.1,12.1
1772714091.042905,28.6,32.4,11.9,20.8,13.1,10.9,18.6,25.5,15.0,6.1,15.2,18.2,10.1,12.1,15.0,9.0,28.0,19.0,13.0,26.5,13.0,13.1,43.0,28.0,24.8,17.8,23.0,19.8,7.0,6.1,21.4,17.0,35.0,9.1,32.4,28.7,10.1,10.2,9.9,26.7,6.9,3.0,4.0,5.2,23.8,14.1,25.5,36.0,30.4,45.5,12.0,9.3,11.1,18.8
1772714092.0471835,46.9,48.5,13.1,15.0,7.0,4.1,15.2,19.0,10.2,11.2,19.8,13.1,13.0,16.0,10.2,12.0,15.2,24.2,17.8,21.4,29.4,14.0,38.2,33.0,15.0,21.0,11.9,13.1,8.1,8.0,20.2,12.1,37.0,4.0,25.5,30.7,5.0,10.0,16.2,26.0,2.0,3.1,2.0,5.0,26.0,9.1,45.0,29.0,33.7,32.7,7.9,13.0,14.1,9.3
1772714093.0472457,44.0,36.0,10.2,17.3,11.1,5.1,23.5,34.0,9.0,10.2,21.2,11.1,13.1,18.2,13.9,16.2,14.1,36.0,26.3,12.9,11.3,18.2,42.4,40.0,22.0,19.0,25.3,25.0,6.1,11.1,15.2,19.2,34.3,7.1,32.0,22.2,16.0,7.1,12.1,18.6,2.0,4.1,5.1,11.1,31.0,27.7,45.0,25.5,38.0,34.0,7.1,14.3,7.1,16.2
1772714094.0477898,55.0,49.5,13.4,21.2,10.2,17.2,34.0,33.3,6.2,13.1,27.0,16.8,21.6,10.1,15.3,13.1,16.2,29.3,29.0,14.0,21.8,18.0,47.5,45.0,15.0,25.0,20.2,15.0,10.1,9.2,24.0,26.3,26.3,11.9,18.8,39.2,15.0,13.1,29.0,20.0,5.0,4.0,4.1,3.1,30.3,28.0,44.6,26.7,36.0,42.9,14.1,12.1,12.1,16.3
1772714095.0500193,42.9,52.9,19.2,18.0,12.5,10.2,20.6,23.7,14.4,10.1,21.4,13.1,21.0,12.1,17.0,10.3,22.4,22.4,23.2,17.2,18.0,17.2,36.3,57.4,22.8,21.2,21.2,18.2,7.1,4.1,24.2,25.5,26.8,3.1,24.0,35.7,8.1,12.0,12.1,23.8,3.1,4.1,3.1,3.1,27.0,26.3,43.6,33.3,27.8,46.5,14.0,9.2,16.0,10.1
1772714096.0547113,36.7,37.6,13.1,8.0,5.9,3.1,24.0,18.6,12.9,13.0,18.0,12.0,10.0,16.0,5.1,15.8,18.0,29.0,13.9,21.8,11.0,19.8,37.8,50.5,17.2,16.8,17.8,11.0,5.9,4.0,10.1,29.7,16.0,2.0,23.0,30.7,5.1,11.2,19.0,22.0,5.0,2.0,11.9,4.0,31.3,23.2,28.0,43.1,25.3,20.4,7.1,7.0,9.1,11.1
1772714097.0565522,48.5,45.0,22.2,8.1,9.2,8.1,33.7,29.6,4.1,3.1,15.8,16.2,14.1,17.2,14.1,10.2,27.0,10.3,16.0,21.0,21.0,15.0,42.2,50.0,23.2,14.0,20.0,17.2,9.3,12.1,19.2,26.3,28.0,6.1,31.0,29.0,7.1,10.0,9.2,28.6,3.1,4.0,3.1,4.0,30.7,16.0,28.3,40.4,35.0,38.0,11.1,10.0,16.0,10.2
1772714098.0568352,45.5,36.3,10.2,17.2,16.5,11.1,22.4,22.4,9.1,9.0,15.2,18.0,18.0,14.1,10.1,11.0,26.3,22.5,14.1,3.0,15.0,5.1,41.4,40.0,19.8,21.8,21.2,16.0,5.0,4.1,15.2,28.3,10.9,36.6,25.3,29.0,10.9,10.1,13.0,26.3,3.1,6.1,3.0,3.1,14.0,24.0,14.1,40.6,34.3,36.0,11.1,9.3,10.2,12.2
1772714099.0569344,50.5,59.8,11.1,18.2,11.1,9.1,17.2,25.3,14.1,10.2,22.2,12.1,11.1,13.0,14.3,10.1,25.3,12.2,8.1,9.1,21.0,23.0,37.4,35.4,13.0,25.0,13.0,10.1,4.1,7.1,18.4,20.0,2.0,30.3,32.4,35.4,7.1,13.3,13.3,22.8,3.0,11.3,7.1,2.1,34.0,19.0,17.0,39.0,34.7,22.2,6.0,11.1,8.2,13.0
1772714100.0574195,37.9,37.6,14.1,11.9,4.1,3.1,26.5,20.6,11.1,32.3,20.2,7.1,14.1,10.1,14.0,8.2,33.3,28.3,6.1,12.1,12.1,13.0,48.5,43.6,18.0,21.2,29.0,22.2,9.0,24.8,23.8,15.3,3.1,8.2,26.3,35.0,7.1,9.1,15.3,28.3,5.1,3.0,12.2,7.1,34.3,22.2,19.4,26.3,29.3,32.3,6.1,10.0,9.0,17.0
1772714101.0591025,57.1,50.0,12.2,18.2,15.2,9.2,30.3,27.0,5.1,7.1,15.0,18.8,15.2,13.1,9.2,12.0,33.0,24.0,7.1,15.2,24.2,15.8,49.5,49.0,19.0,20.8,20.0,12.1,11.2,13.1,20.6,27.7,9.2,1.0,27.7,31.0,12.0,11.0,19.8,21.2,3.1,3.0,2.0,6.1,24.8,32.0,19.8,19.4,30.3,41.6,9.9,12.2,8.2,17.2
1772714102.059175,42.4,46.0,14.4,16.2,14.3,13.0,22.2,26.5,12.2,10.0,21.2,12.1,20.0,16.2,15.3,11.3,30.3,16.2,19.0,20.2,12.1,17.3,49.5,45.5,19.2,18.0,20.0,22.8,6.1,6.1,20.2,22.2,5.1,3.1,18.4,35.4,10.2,4.1,23.0,14.0,4.1,4.1,3.0,4.1,19.0,33.0,16.3,23.0,33.3,38.6,12.1,10.3,9.3,18.2
1772714103.0631235,59.4,49.0,14.0,18.8,6.1,9.1,23.0,23.0,11.1,13.1,16.0,19.8,16.2,12.1,9.8,15.0,25.0,21.2,18.0,19.0,25.3,13.0,37.6,54.0,18.0,21.0,16.2,14.0,6.9,6.1,17.0,28.0,2.0,11.0,33.7,23.0,14.0,8.0,19.2,18.8,4.0,14.0,8.2,4.0,20.2,39.6,35.6,21.0,27.0,44.0,9.1,12.1,13.0,13.3
1772714104.0642521,42.3,37.6,17.2,12.0,10.9,10.0,30.6,29.3,9.9,7.1,14.0,19.0,9.2,18.2,11.0,11.1,19.0,5.1,20.8,19.8,11.0,22.0,43.0,45.0,17.8,23.8,28.0,23.0,6.2,13.0,11.1,15.2,7.1,7.1,22.2,31.7,10.1,9.1,23.8,13.1,7.1,11.2,4.0,7.0,22.8,24.8,30.0,27.0,35.4,38.0,12.0,9.0,10.1,14.1
1772714105.0643337,63.0,52.5,19.6,10.2,11.6,12.1,23.5,22.9,8.2,9.1,23.2,16.2,13.1,18.2,13.3,15.5,20.4,11.0,18.2,21.0,17.2,26.0,50.5,46.0,19.0,22.2,11.2,16.5,5.1,8.2,31.3,9.0,6.1,3.1,34.7,21.2,5.1,11.1,29.3,20.0,3.1,2.1,3.1,3.1,36.4,24.5,26.3,36.0,33.0,42.0,12.2,13.1,6.1,21.0
1772714106.0680501,44.0,28.7,21.0,14.0,11.0,9.0,25.0,26.7,15.2,10.0,16.0,13.9,14.0,13.0,12.0,8.1,11.2,18.0,14.0,21.0,8.8,16.8,44.6,44.4,19.8,22.2,16.8,20.4,6.0,8.8,29.0,22.2,1.0,11.9,35.4,18.8,13.0,9.0,17.2,20.0,2.0,5.0,2.0,4.0,31.0,21.8,35.4,31.0,30.0,32.0,7.1,11.1,7.1,16.2
1772714107.0706627,47.5,41.0,13.1,14.9,3.1,2.0,23.0,25.3,12.1,10.2,24.0,10.0,10.2,15.0,13.1,11.9,20.8,6.1,16.8,24.0,13.1,24.8,33.7,32.7,21.8,21.2,19.4,17.3,8.1,3.1,19.8,26.7,9.1,5.1,31.7,22.8,2.0,10.2,21.8,19.8,4.0,4.0,5.1,11.0,25.7,29.7,32.7,30.3,24.0,33.7,11.1,8.1,13.0,11.3
1772714108.0790458,42.3,35.0,21.6,10.2,11.0,10.1,25.3,25.0,2.1,5.0,16.0,14.1,18.0,15.0,10.0,15.2,23.0,21.2,21.6,17.8,15.0,14.9,15.2,32.0,17.0,22.0,26.7,18.8,10.1,10.9,25.3,15.2,6.1,12.1,31.4,25.0,10.0,13.9,22.2,9.1,4.0,2.0,3.1,5.0,12.2,23.2,27.3,50.0,30.3,39.4,11.1,8.2,8.2,18.8
1772714109.07923,46.5,56.0,17.2,9.1,13.1,10.1,25.3,21.2,9.9,9.0,6.1,18.0,16.8,13.0,14.0,9.0,24.0,20.0,15.2,17.8,13.0,26.0,30.0,24.8,19.0,21.8,15.2,16.0,8.0,3.0,19.2,23.0,2.0,3.0,28.3,27.0,4.0,10.1,15.3,25.0,5.1,4.0,6.0,5.1,5.1,9.1,32.4,31.0,28.7,40.6,7.1,10.1,8.9,15.2
1772714110.0818846,37.1,45.5,13.1,13.0,11.1,6.1,20.6,25.3,13.3,11.1,13.1,18.2,13.0,15.0,15.5,4.0,21.2,15.2,24.8,11.1,13.0,18.2,24.0,23.2,14.0,23.0,14.0,13.0,6.1,2.0,21.0,20.2,10.1,4.1,27.7,26.7,7.1,11.1,14.9,24.0,2.0,2.0,2.0,5.1,22.0,12.0,21.4,32.7,40.0,31.7,5.1,13.0,15.2,7.1
1772714111.08536,48.5,42.6,16.2,18.0,4.1,2.0,29.3,24.2,10.0,10.0,8.1,23.8,21.2,9.1,14.0,11.9,18.8,27.3,11.9,29.0,21.2,13.0,34.0,32.7,23.0,18.8,25.7,21.0,9.9,5.1,23.2,26.3,5.1,5.1,29.3,26.7,12.0,4.0,12.1,22.2,4.0,4.0,4.1,9.1,23.8,17.0,34.0,47.5,35.4,21.2,14.1,7.1,19.2,9.1
1772714112.088952,66.0,41.2,19.2,9.1,14.1,9.1,24.0,26.0,3.1,4.0,14.0,26.0,13.0,20.0,10.2,13.3,17.3,31.0,19.0,19.8,27.7,14.0,41.4,48.0,19.8,22.0,19.2,14.9,7.1,13.3,19.2,23.8,3.0,8.2,35.4,22.2,16.2,11.2,22.2,14.1,4.1,4.0,3.0,4.0,20.2,17.0,38.0,39.6,31.7,37.0,9.1,11.1,7.1,18.2
1772714113.0891826,38.1,46.5,15.3,16.2,14.1,12.1,32.0,31.3,13.4,13.1,6.2,28.0,14.3,20.0,14.0,11.2,28.6,12.2,21.2,19.2,18.0,13.0,48.0,49.5,23.0,16.2,22.0,20.2,8.2,6.1,24.0,24.0,3.1,9.1,25.0,35.6,13.1,7.1,24.0,15.0,3.1,4.1,3.1,3.1,21.4,31.0,34.0,39.4,32.7,44.6,15.3,8.1,12.0,14.4
1772714114.0895472,55.0,54.9,18.2,16.3,8.2,8.1,27.3,25.5,15.3,10.3,6.1,26.0,13.3,16.2,12.5,12.1,17.2,28.3,18.2,23.0,31.0,16.3,51.5,48.5,24.0,18.2,21.0,14.9,7.1,7.1,18.4,23.5,3.1,12.0,24.2,34.0,14.3,9.0,25.0,18.2,4.0,2.1,7.0,10.2,33.0,27.3,17.5,41.6,38.6,36.4,10.1,10.1,20.2,8.9
1772714115.0899897,38.8,43.6,10.1,18.0,9.2,11.2,31.0,20.2,6.9,6.1,13.1,20.4,12.1,15.3,11.1,14.1,12.2,29.3,19.2,21.8,16.0,9.1,35.0,44.0,15.2,22.8,21.0,22.7,10.2,7.1,12.2,11.1,3.1,3.0,25.3,30.3,6.1,13.1,20.2,10.1,1.0,6.0,3.0,2.0,34.0,16.0,32.7,18.2,37.4,33.7,15.8,6.1,11.1,10.2
1772714116.0908775,50.0,49.5,11.1,18.4,26.3,29.4,25.3,28.9,9.1,4.1,11.0,21.6,19.8,13.0,15.8,8.2,19.0,27.0,19.0,18.2,9.2,25.0,36.6,44.0,26.7,16.0,18.0,19.8,9.0,6.1,15.0,27.3,8.2,8.1,29.0,27.5,13.0,4.0,21.0,21.6,2.0,3.1,3.0,3.0,27.0,31.0,33.0,20.2,43.6,31.0,12.1,11.1,13.1,12.1
1772714117.0922322,44.6,44.0,19.2,13.9,21.2,12.4,26.3,20.2,9.2,17.8,16.2,18.4,16.2,13.0,18.4,12.9,19.2,31.3,22.0,17.0,11.0,21.0,47.5,45.0,21.2,16.0,16.3,17.2,4.1,7.1,16.3,25.3,27.3,8.2,25.0,31.3,10.1,12.1,23.0,21.4,3.1,4.0,2.0,8.2,34.0,23.2,27.3,29.3,27.6,41.4,5.1,12.2,9.3,16.3
1772714118.0940804,45.9,46.1,16.2,13.1,30.6,6.1,29.3,30.0,14.0,11.2,23.0,10.1,18.0,12.1,12.1,14.1,23.7,15.3,14.9,7.1,19.0,20.0,50.0,42.0,25.5,18.0,18.2,25.7,7.1,10.1,15.2,27.7,12.0,2.0,39.0,35.6,9.2,9.1,13.1,31.3,4.0,4.0,3.1,4.0,25.3,29.0,37.0,22.8,29.0,43.4,11.1,9.1,10.0,13.3
1772714119.0946798,45.9,41.0,11.2,20.0,10.9,12.0,25.5,24.5,4.1,4.0,13.1,17.3,11.1,22.2,12.2,12.1,34.3,27.0,15.3,3.0,17.2,18.2,49.5,45.5,20.2,24.0,18.2,23.2,23.5,11.1,28.3,18.2,4.1,3.1,31.0,31.3,6.1,9.1,14.0,29.3,3.1,2.1,5.1,2.0,31.7,25.3,29.7,53.5,28.0,31.3,10.1,11.1,14.3,12.2
1772714120.0958047,49.5,54.9,21.2,8.2,11.3,15.2,26.5,24.0,11.2,9.2,12.1,19.0,7.1,20.2,11.2,10.2,32.0,27.8,4.0,17.0,23.5,16.2,50.0,49.5,19.0,22.0,16.0,18.0,10.0,9.2,26.3,19.2,5.1,13.0,32.0,20.8,15.0,9.0,15.3,26.3,8.1,3.0,9.0,5.0,28.0,25.0,42.4,36.0,30.0,38.0,12.0,10.1,9.0,20.8
1772714121.0998616,40.8,47.5,20.0,12.1,14.0,10.2,24.2,27.0,14.0,11.1,19.0,18.2,15.8,12.0,16.0,8.9,18.2,22.0,20.0,16.0,14.0,20.2,52.5,40.0,19.0,18.0,18.2,18.2,5.0,7.9,11.0,27.7,5.1,4.0,23.8,27.7,6.2,7.1,14.9,23.2,3.0,3.1,6.1,4.0,17.2,15.2,26.0,43.6,47.5,26.3,6.1,14.0,10.0,12.4
1772714122.0999298,45.4,49.0,10.1,18.8,5.1,5.1,29.3,26.3,6.2,7.1,18.2,19.0,13.3,14.0,18.4,7.1,32.7,11.1,24.0,12.1,12.1,19.0,38.4,45.5,21.2,18.8,22.2,17.3,12.2,7.1,22.2,23.5,8.1,8.2,21.2,36.0,13.0,10.1,26.3,13.0,3.1,14.9,3.1,1.0,35.0,24.0,19.8,20.0,48.0,25.3,7.1,13.9,8.1,16.8
1772714123.1012192,45.9,52.5,16.3,13.1,10.0,8.2,24.2,20.4,6.1,5.1,19.8,13.1,16.3,16.0,14.0,9.2,21.2,20.4,24.0,14.9,15.2,25.0,36.0,35.0,24.0,17.2,16.0,17.2,6.1,7.1,15.2,17.2,4.0,6.0,23.0,30.7,4.1,11.1,23.2,18.2,9.0,12.2,6.1,3.0,19.6,32.3,41.4,28.0,37.4,34.0,14.1,7.1,11.1,12.4
1772714124.1037326,52.0,41.2,11.2,17.8,16.3,10.0,21.6,26.0,17.0,10.0,17.0,17.3,15.2,12.1,10.2,15.2,23.2,23.8,19.8,17.0,16.0,19.2,33.3,39.0,18.8,23.5,25.0,21.8,5.0,10.1,15.2,13.9,8.2,6.1,22.0,34.3,9.9,11.2,24.8,18.0,3.1,4.1,3.1,11.2,21.0,39.0,40.6,33.0,24.5,35.0,15.0,7.1,7.1,22.0
1772714125.1043189,40.8,48.5,18.0,12.2,14.0,10.2,36.4,34.7,15.2,12.2,17.2,11.0,18.0,13.1,12.1,9.2,17.2,4.0,17.0,23.0,21.0,15.2,30.7,42.4,15.8,25.3,13.1,14.1,15.0,7.1,15.0,11.3,7.1,4.1,25.0,33.0,18.4,7.1,29.3,8.1,3.0,5.0,5.1,3.1,19.0,33.7,52.0,27.3,33.3,38.6,11.1,8.2,10.1,12.4
1772714126.1081617,46.5,44.6,12.1,17.8,6.0,5.1,25.5,21.4,6.1,3.1,24.0,13.1,17.2,14.1,12.0,12.0,11.1,17.0,24.2,16.2,9.2,24.0,26.3,26.7,11.0,25.7,21.0,25.0,6.0,5.1,21.0,11.0,3.1,11.1,31.3,29.0,14.1,7.1,16.0,24.2,3.1,7.1,2.0,5.0,24.0,35.3,56.9,21.0,40.0,41.6,10.1,12.1,8.2,22.0
1772714127.1098917,50.0,55.4,17.0,14.0,17.0,9.0,23.0,20.2,9.1,6.0,24.0,11.2,19.8,12.0,10.0,14.3,3.1,17.3,14.7,27.7,14.7,23.2,35.3,30.3,17.2,21.8,11.9,14.0,7.1,4.0,22.2,19.2,4.0,29.3,20.8,38.0,16.0,9.0,18.2,24.8,4.0,4.1,3.0,4.1,26.3,22.4,39.6,40.4,33.3,39.0,9.0,11.2,11.9,15.2
1772714128.110609,40.4,38.6,13.0,18.4,14.1,13.0,27.6,26.5,22.0,20.0,28.0,24.0,13.1,17.8,17.2,9.3,25.0,9.1,26.0,19.0,22.0,8.0,42.0,35.4,19.0,22.2,26.0,21.2,6.1,7.1,27.6,22.4,10.1,14.1,31.3,27.0,8.0,11.1,25.0,17.2,3.0,5.1,11.2,5.1,25.0,24.2,43.0,36.0,43.6,35.4,12.1,11.1,15.2,11.1
1772714129.1115153,52.5,45.1,15.3,12.0,9.9,7.1,36.0,24.2,16.3,12.2,15.2,28.7,11.0,13.1,14.1,9.9,19.0,11.2,21.0,16.0,24.0,19.0,33.3,38.6,23.5,17.8,15.2,12.0,9.1,7.0,23.8,15.2,4.0,3.0,25.7,28.7,12.1,11.1,17.2,20.2,1.0,6.0,5.9,1.0,17.2,12.1,25.7,48.5,39.2,27.3,11.1,7.9,15.3,11.2
1772714130.1156428,38.0,38.6,18.0,13.1,4.0,9.0,21.4,21.2,3.1,4.1,12.1,21.8,11.1,17.0,16.8,11.1,19.2,30.7,25.0,13.9,7.1,18.0,40.6,31.3,21.8,19.0,20.0,15.2,8.9,8.2,18.2,17.8,10.1,3.1,30.7,28.0,11.2,7.9,25.0,16.0,9.1,4.0,3.0,6.0,22.2,15.2,36.4,34.7,20.2,33.7,9.1,12.2,15.7,13.1
1772714131.1162677,56.1,52.4,9.2,18.6,11.8,8.0,22.2,15.0,10.0,2.0,18.8,13.3,12.9,14.1,9.1,11.0,20.4,14.9,12.9,27.0,16.8,22.8,35.0,38.2,13.9,19.8,20.0,18.0,10.1,4.0,12.9,9.1,1.0,5.9,27.3,27.2,8.0,11.0,23.8,7.0,5.9,4.0,5.1,3.0,8.9,15.0,37.6,39.2,22.0,23.0,11.0,7.1,9.1,15.2
1772714132.116625,51.5,34.7,14.1,16.7,14.3,12.5,31.3,28.0,9.3,17.2,20.4,14.3,15.3,19.2,11.2,16.3,19.2,32.7,18.2,18.2,9.2,21.4,46.0,36.4,21.2,23.2,13.0,17.8,5.1,8.0,27.6,20.4,8.1,3.1,33.3,23.7,11.2,2.1,5.2,26.5,4.1,2.1,3.1,9.2,14.3,12.2,32.3,27.6,24.7,29.0,14.3,7.1,9.2,16.0
1772714133.1175141,44.9,53.4,18.2,12.0,10.2,10.0,31.6,25.8,13.0,11.2,10.1,24.0,21.0,10.0,6.9,18.0,29.0,18.0,18.0,22.0,10.1,21.8,54.5,44.0,22.8,18.0,21.0,20.0,7.1,10.2,17.2,27.0,4.1,4.0,30.7,25.7,8.1,12.2,15.8,21.6,5.1,2.0,7.0,2.0,22.8,29.0,35.4,36.6,22.0,36.0,11.1,10.0,13.0,13.3
1772714134.1181169,52.0,41.0,19.0,10.1,7.1,9.3,26.5,18.2,6.0,4.0,17.3,19.0,19.2,8.1,12.2,11.1,27.3,13.1,24.8,13.0,24.8,12.1,48.0,41.0,30.0,15.8,18.0,22.0,6.1,6.1,17.2,26.3,3.0,9.2,30.0,31.0,20.0,10.1,33.7,6.1,5.0,4.0,2.1,4.0,22.4,36.0,37.3,32.0,28.7,22.2,9.1,11.3,10.0,18.0
1772714135.120232,61.8,33.0,20.0,16.2,11.3,17.0,22.0,24.2,5.1,9.2,24.0,6.1,17.2,14.1,11.0,13.0,30.7,18.2,14.3,23.2,8.2,19.4,42.4,50.0,16.0,16.2,15.0,16.0,7.1,3.1,24.0,21.8,4.0,6.1,26.0,31.3,13.0,12.0,16.2,22.8,2.1,9.1,8.0,18.2,19.8,33.0,41.4,18.2,31.4,33.0,12.0,13.0,11.1,13.3
1772714136.1203172,60.8,43.6,8.3,15.0,12.5,10.2,31.6,31.3,17.0,8.2,21.2,12.2,15.2,15.3,8.2,13.1,17.5,23.5,12.1,25.0,24.0,13.1,43.0,46.5,15.0,22.2,16.3,16.2,6.1,7.1,26.3,13.3,3.0,9.2,23.2,33.0,11.3,4.1,14.3,26.5,3.1,20.4,5.1,17.3,31.0,25.0,44.6,30.3,34.7,33.3,6.1,11.1,9.3,10.0
1772714137.1284578,41.0,46.1,18.8,12.0,13.7,5.1,22.8,27.0,12.9,14.9,23.8,17.6,18.6,16.7,21.8,6.1,23.8,23.8,16.7,17.8,15.0,12.9,52.9,43.1,23.0,19.8,23.3,18.8,15.8,7.1,20.2,21.0,2.0,10.1,34.7,26.0,11.8,9.9,19.6,23.2,4.0,42.2,4.1,6.9,27.7,26.7,46.5,31.7,33.0,34.0,12.9,9.1,8.9,17.2
1772714138.1306608,56.1,55.4,21.2,15.3,16.5,10.1,29.6,26.5,7.1,7.1,20.0,19.2,18.4,20.4,18.2,10.2,16.3,30.3,4.1,17.5,20.0,26.5,46.9,47.5,22.2,19.8,24.2,22.0,8.2,7.1,31.0,23.2,5.2,5.1,24.2,36.6,11.2,15.3,24.5,28.0,5.1,22.2,10.1,27.6,21.2,37.6,41.4,41.6,28.9,30.6,15.3,12.2,10.2,19.2
1772714139.1332166,44.4,39.6,14.3,14.0,14.4,11.1,19.4,28.3,13.1,10.1,12.2,22.2,15.0,10.1,13.1,13.1,12.2,28.3,3.0,12.9,18.8,11.0,50.0,43.4,17.0,21.2,11.0,11.1,9.1,9.1,20.4,20.2,5.0,10.1,41.0,32.3,12.0,5.0,21.2,18.0,4.0,3.1,6.1,34.7,29.0,28.0,54.9,19.8,28.0,15.8,7.1,12.1,13.3,9.1
1772714140.1351771,48.0,57.4,15.3,18.0,9.2,9.2,29.3,26.5,12.4,14.9,20.2,17.8,21.4,13.1,16.0,9.2,22.0,30.6,5.1,22.0,22.4,19.0,50.0,42.6,22.0,20.0,24.5,27.7,22.0,14.1,23.2,26.3,5.1,8.1,33.0,26.3,7.1,14.3,31.0,12.1,3.0,5.1,16.2,30.9,21.0,12.1,42.6,36.0,18.8,23.2,7.1,15.2,14.0,13.3
1772714141.136051,37.0,28.7,12.4,15.2,6.1,4.0,23.5,23.5,6.1,6.1,10.2,23.8,16.8,12.1,11.2,13.0,31.0,30.0,20.2,16.0,21.2,9.0,46.5,43.0,24.0,18.8,13.9,19.0,6.1,7.1,14.1,21.2,4.1,7.1,28.0,30.7,8.2,11.0,24.0,13.0,4.0,3.0,31.6,8.0,22.0,19.8,35.0,40.4,32.0,24.2,15.0,8.0,15.2,9.1
1772714142.1367872,54.1,49.5,17.3,15.2,12.2,15.2,24.7,28.0,5.0,21.2,14.1,23.2,17.3,12.1,13.0,18.0,19.2,30.3,24.0,13.0,22.0,19.0,43.4,51.5,21.0,16.2,19.2,21.2,5.9,9.1,15.3,10.1,4.0,11.2,22.0,33.0,3.0,14.1,12.0,26.3,9.1,6.1,14.1,5.0,17.0,15.3,26.5,46.0,30.6,30.6,5.2,13.1,11.2,17.0
1772714143.1384974,51.5,36.3,17.8,14.0,15.2,13.3,29.7,34.3,34.3,29.0,13.0,21.2,17.2,18.8,9.1,15.2,18.0,30.0,20.8,21.0,10.1,21.2,43.6,50.5,23.0,21.0,27.3,13.1,5.2,7.1,16.0,31.7,2.1,6.1,28.3,27.7,12.0,12.0,12.1,26.3,17.0,9.2,4.0,11.2,15.2,28.0,42.6,39.4,37.6,39.0,13.1,9.2,13.0,17.2
1772714144.1410182,51.5,52.5,21.0,12.2,8.2,20.2,24.7,22.7,14.4,18.2,24.7,26.0,16.3,14.3,12.2,10.2,27.6,11.1,17.2,22.0,26.0,11.0,39.4,36.6,25.3,18.8,18.8,21.0,12.0,9.1,21.0,25.5,9.1,4.0,30.0,28.6,10.1,7.1,28.7,19.0,3.0,6.0,3.1,5.1,27.7,33.0,27.3,32.0,37.4,38.0,6.0,18.2,9.0,15.2
1772714145.146934,40.2,52.0,21.0,7.1,6.1,15.0,21.2,18.8,7.0,23.0,24.5,12.1,21.6,10.1,14.3,10.0,14.0,29.0,15.0,22.0,10.9,24.0,31.4,32.0,20.8,15.0,16.8,21.0,6.1,4.0,26.3,17.5,7.0,5.0,33.7,25.5,11.0,12.0,16.2,26.0,2.0,7.1,3.0,5.0,25.0,29.0,32.0,21.8,43.6,28.0,6.1,12.1,18.0,11.1
1772714146.1503341,52.0,36.6,17.2,14.3,12.1,14.0,24.2,24.7,2.1,35.6,10.1,22.2,16.2,12.9,13.1,9.1,20.0,9.1,26.7,15.0,23.0,7.1,30.3,39.4,16.2,28.7,12.1,11.1,6.1,5.0,21.8,23.5,4.0,11.1,32.0,24.2,8.1,8.0,18.4,20.4,7.1,3.1,5.2,5.0,22.8,35.3,32.4,27.3,33.0,38.0,13.0,8.1,16.5,10.2
1772714147.150426,54.5,48.5,20.2,11.1,14.3,14.1,39.0,26.8,33.3,23.0,19.2,22.0,11.2,19.2,13.0,11.1,19.6,8.1,19.8,22.0,30.0,14.0,50.0,26.5,17.6,26.7,26.7,27.0,7.1,7.1,27.0,18.6,5.1,4.0,27.3,32.0,14.1,10.2,16.0,25.3,4.0,5.0,10.0,5.1,14.1,21.6,33.3,45.5,32.0,29.6,6.1,18.2,10.0,21.8
1772714148.152396,40.4,49.0,16.3,19.2,8.1,8.2,29.0,26.3,15.2,12.2,11.3,24.2,16.2,16.2,15.2,12.0,20.8,4.0,19.0,22.0,17.3,12.0,35.0,42.6,17.2,24.2,14.3,20.0,12.1,8.2,24.0,21.2,8.2,9.3,30.4,27.7,10.0,9.9,18.0,24.0,2.0,4.1,8.2,3.0,25.3,23.0,29.0,49.5,35.0,28.7,14.1,9.2,14.1,10.3
1772714149.1524782,60.6,54.5,24.0,11.1,8.1,9.2,22.4,23.8,7.1,7.2,21.8,19.0,16.2,21.2,11.2,13.3,11.3,19.2,14.1,26.7,25.0,21.4,55.4,43.6,21.0,22.0,19.0,20.0,8.1,8.1,30.7,21.4,5.1,9.1,30.0,25.3,10.0,17.2,19.2,23.2,3.1,6.1,5.2,4.1,16.2,17.2,45.0,36.0,40.4,35.0,15.8,9.0,8.2,20.0
1772714150.1561232,46.0,39.8,13.0,15.3,17.8,10.0,33.0,25.3,6.1,9.1,18.0,17.2,10.1,19.8,16.0,11.3,22.0,16.0,26.0,13.0,13.1,13.9,47.0,46.5,18.0,19.0,15.8,14.1,6.1,7.1,26.0,19.8,5.1,10.1,26.7,30.0,11.1,9.1,19.8,23.5,5.0,5.1,5.0,6.1,12.0,32.0,45.5,33.7,41.6,36.4,13.1,10.1,10.0,16.2
1772714151.1561904,44.4,50.0,22.0,11.0,10.3,10.3,23.2,30.2,15.2,11.1,8.1,26.0,16.2,13.4,9.0,15.0,18.2,27.3,13.0,25.7,23.2,21.0,45.0,46.4,16.2,24.8,19.2,25.5,9.0,3.1,19.4,22.7,6.1,4.1,32.3,25.7,7.2,15.3,15.2,21.4,3.1,3.0,3.1,10.1,8.2,24.2,43.4,29.3,37.4,36.0,7.1,14.1,14.1,10.2
1772714152.1654754,29.6,33.3,19.8,9.0,5.0,3.0,21.0,19.8,12.9,12.2,7.1,25.0,13.7,16.0,11.9,11.0,14.0,24.0,19.8,17.8,7.0,18.8,44.0,48.0,20.8,17.0,23.0,18.6,8.1,11.0,19.8,26.0,3.0,9.8,29.7,25.0,4.0,9.0,29.0,10.9,4.0,3.0,3.0,4.0,12.1,25.7,50.5,26.5,36.0,27.0,10.0,7.1,7.0,14.0
1772714153.1675246,59.2,48.0,15.3,17.2,12.2,7.1,22.4,24.2,3.1,4.0,11.1,23.8,23.5,13.0,8.1,20.2,29.3,18.0,21.0,20.0,17.0,24.8,46.5,47.1,16.8,22.8,13.9,14.0,6.1,9.2,20.4,23.2,4.1,4.1,29.7,33.0,8.2,15.0,24.2,17.2,8.1,4.1,4.1,5.1,24.2,32.7,38.0,40.4,23.8,37.0,14.4,8.2,7.2,20.4
1772714154.168936,49.5,38.8,15.2,15.2,12.4,13.0,26.3,33.3,11.2,11.2,29.0,6.1,9.2,21.4,16.2,9.1,11.1,31.3,16.2,21.8,15.8,13.3,43.0,50.0,17.0,25.7,21.0,22.0,4.0,9.0,12.9,13.1,5.0,10.1,27.3,27.0,5.1,12.0,21.2,16.2,7.0,4.1,3.0,9.1,21.8,22.0,40.6,35.6,36.0,32.3,14.9,7.1,9.2,16.0
1772714155.1697853,47.4,58.4,14.1,20.2,10.2,12.0,30.6,31.0,15.2,12.9,27.3,12.0,20.2,22.2,10.9,17.3,22.2,26.0,18.8,22.2,28.7,13.0,43.6,40.0,22.0,21.0,16.2,18.2,4.1,11.1,29.3,19.0,8.2,4.1,27.7,31.7,17.7,7.1,32.0,18.2,5.2,4.0,5.1,6.2,18.2,16.2,31.7,31.3,41.0,36.0,10.1,15.2,10.1,15.5
1772714156.17176,48.0,52.0,16.2,19.8,10.1,2.0,23.2,18.2,12.2,8.1,10.0,26.0,16.0,18.8,17.7,8.0,25.3,21.4,17.0,25.7,23.2,10.0,41.8,43.0,19.0,20.0,27.5,20.2,10.2,11.2,28.6,22.2,5.1,4.0,34.7,27.3,12.9,10.1,34.3,18.2,9.2,3.1,4.1,3.0,20.0,20.0,38.4,38.0,33.3,43.4,14.3,7.1,12.1,14.1
1772714157.1726062,59.0,41.6,16.2,21.4,14.3,17.2,28.3,34.3,21.4,7.1,17.3,19.2,21.2,17.2,11.9,16.8,22.0,25.0,18.2,14.3,19.0,24.0,53.0,43.0,22.2,19.8,16.2,15.0,4.1,6.1,20.2,28.6,4.1,10.2,30.0,23.2,12.0,9.1,17.2,31.3,3.1,8.1,4.1,4.0,19.0,21.4,37.4,37.6,41.6,38.4,12.1,11.3,16.2,14.4
1772714158.1727035,47.4,52.5,17.3,13.3,17.6,12.4,33.3,32.3,22.2,12.2,17.3,22.0,19.0,15.3,12.2,13.3,27.6,18.2,16.2,5.1,22.0,11.0,43.4,52.0,22.8,19.2,20.8,13.1,8.1,5.1,24.2,24.8,5.1,6.0,35.6,22.0,14.4,7.2,20.2,24.2,6.1,2.1,8.2,10.1,19.4,15.0,31.7,32.0,34.7,31.0,16.8,9.2,27.3,18.2
1772714159.1730866,43.9,52.0,16.0,14.0,15.3,4.0,16.5,26.3,17.0,12.2,16.0,19.2,15.3,14.1,12.0,13.1,26.3,16.3,17.0,5.0,11.1,15.2,51.0,45.0,21.8,19.0,28.3,25.0,5.2,11.1,27.7,15.3,9.3,5.1,21.0,38.0,14.9,5.0,26.3,18.0,6.0,4.1,5.1,1.0,26.0,29.3,42.0,33.0,19.0,35.7,7.1,13.0,21.2,28.3
1772714160.1751978,44.4,44.6,12.4,18.0,22.8,9.1,22.0,20.4,10.1,4.0,12.1,22.0,15.2,16.2,17.2,6.1,13.1,33.3,14.1,6.1,28.4,22.0,48.0,44.0,23.0,14.0,13.1,11.0,19.8,8.2,24.0,20.2,3.0,10.0,35.4,36.0,6.2,14.1,23.0,22.0,5.1,6.1,5.1,4.0,23.0,29.0,53.5,23.0,30.0,42.2,9.0,9.3,17.2,23.0
1772714161.1752734,37.9,43.6,10.2,13.3,11.2,13.3,37.4,26.3,3.1,3.0,19.2,15.0,16.0,10.0,13.0,11.0,12.2,30.0,10.2,6.1,7.2,14.9,38.6,49.0,17.8,20.8,18.0,18.8,8.2,14.9,12.1,11.1,1.0,5.1,25.3,41.6,3.0,9.1,22.2,16.0,3.0,3.1,3.0,3.0,27.3,29.0,46.0,24.2,34.3,33.0,6.1,8.1,30.0,17.2
1772714162.1762056,51.5,46.5,15.2,17.0,13.1,20.2,32.7,28.3,18.2,13.0,17.2,21.2,17.2,12.1,8.1,16.0,25.7,39.4,21.0,19.0,17.2,20.0,47.0,47.5,18.8,24.2,15.3,17.8,7.1,7.1,10.0,19.0,8.1,5.0,33.0,25.0,13.1,9.1,22.2,17.2,6.1,4.0,11.0,6.1,17.0,33.7,54.9,19.2,47.5,30.7,13.0,8.1,15.3,17.3
1772714163.1762788,37.1,46.5,11.2,17.2,5.2,3.0,20.2,14.1,17.0,11.1,10.2,19.8,14.1,11.0,11.1,14.1,28.3,24.2,23.2,15.0,24.0,7.1,31.0,42.0,22.2,18.0,22.0,19.2,10.2,6.1,8.1,12.1,6.9,4.0,27.0,28.0,2.0,12.2,23.0,15.0,13.1,2.0,1.0,3.1,19.2,19.2,37.4,42.4,37.6,36.4,10.1,12.0,15.2,14.9
1772714164.176369,42.0,34.7,18.4,13.1,11.0,8.2,30.3,19.0,5.1,5.2,14.1,15.3,15.0,22.2,9.1,14.0,20.4,26.3,23.8,18.0,19.8,15.0,43.0,29.0,22.0,19.8,16.8,22.0,11.0,10.1,13.1,15.3,5.1,4.0,34.3,26.0,9.1,14.0,26.3,17.2,18.4,12.1,6.0,5.1,14.3,28.0,46.0,38.6,39.0,32.3,12.2,11.2,9.1,15.6
1772714165.1777613,46.9,51.5,19.0,14.0,14.4,9.4,35.7,28.6,16.2,10.1,25.0,11.1,17.2,13.3,9.1,17.5,13.0,27.3,25.0,14.0,15.2,24.0,40.4,34.0,17.0,24.5,17.2,16.2,4.1,7.1,13.1,20.0,4.0,10.1,31.0,25.3,14.3,13.3,26.3,20.0,7.1,4.1,3.1,5.1,30.0,27.6,44.6,35.6,26.3,28.3,13.3,5.1,13.3,24.2
1772714166.1794875,51.5,44.1,17.3,12.9,11.1,10.0,26.3,19.2,9.1,16.0,23.0,13.1,19.0,14.0,14.9,13.1,17.3,36.0,15.0,26.0,12.1,13.9,36.0,44.9,22.0,17.0,16.2,16.8,9.1,7.1,28.3,16.2,8.2,3.1,31.6,23.0,16.0,9.1,26.0,14.1,5.1,4.0,4.1,12.0,31.7,21.8,36.0,39.0,33.0,35.0,13.9,7.1,35.0,15.3
1772714167.1805446,49.0,47.5,19.8,15.2,6.1,4.1,21.4,22.2,11.3,12.2,18.2,14.1,21.2,33.3,9.0,18.2,12.0,17.2,18.2,19.2,19.2,24.2,41.4,37.0,24.2,15.2,22.8,19.2,10.0,10.1,24.2,22.2,7.1,3.1,25.5,32.0,12.1,6.0,38.4,18.0,3.1,3.1,4.0,4.0,33.3,23.0,25.3,32.0,33.0,39.6,10.1,11.2,11.1,14.0
1772714168.1808515,52.0,41.6,8.1,22.2,11.2,13.0,26.7,25.0,11.0,8.1,22.8,14.0,23.2,35.0,9.2,16.2,20.2,6.1,23.2,15.8,9.1,16.0,31.0,42.6,15.0,23.8,20.0,26.0,6.1,8.1,16.2,26.0,3.0,3.1,31.3,21.0,9.1,11.0,30.3,11.3,5.0,2.0,2.1,5.1,15.0,31.0,33.7,31.7,38.0,35.6,14.0,8.1,9.1,23.2
1772714169.180942,56.4,41.6,12.2,21.2,13.3,10.3,26.5,27.3,8.1,5.1,20.2,14.3,19.2,12.1,10.3,13.9,23.2,2.1,23.0,18.4,25.5,13.1,40.4,47.5,20.2,20.8,11.1,14.1,6.1,7.1,20.8,16.2,4.0,10.1,25.7,34.3,12.1,4.1,21.4,23.5,5.1,3.1,4.1,4.1,19.4,16.2,28.3,29.7,36.3,34.3,17.2,10.1,13.1,20.4
1772714170.181015,43.3,50.5,10.2,19.2,9.3,8.0,25.3,20.4,19.4,13.1,11.0,23.8,20.0,17.0,13.9,14.4,12.1,14.3,15.3,28.2,19.2,12.2,42.0,51.0,19.8,24.8,18.2,19.0,5.1,6.1,12.2,17.0,3.1,3.1,33.0,26.0,12.1,9.1,16.2,22.4,1.0,7.0,11.1,6.1,13.9,6.1,33.0,41.0,21.0,31.3,14.0,7.1,12.9,17.0
1772714171.181634,51.5,47.5,10.1,17.8,10.9,3.1,34.0,28.0,11.3,16.2,25.0,16.2,18.0,16.3,12.1,12.0,7.1,25.0,13.9,24.2,15.8,20.0,44.0,48.0,21.0,19.0,19.8,20.8,9.1,8.2,20.2,27.3,3.1,10.2,27.3,28.0,2.0,13.3,18.8,25.3,5.1,4.1,5.1,7.1,10.2,11.1,48.5,33.7,29.6,48.0,14.0,10.2,12.2,12.0
1772714172.1820319,48.0,47.1,17.2,19.2,14.3,11.3,31.6,29.3,6.1,10.0,14.4,25.0,16.2,20.0,16.3,8.2,32.0,19.0,13.1,24.2,17.2,23.0,42.2,53.5,23.5,20.0,22.2,22.7,13.3,11.1,28.0,23.2,13.1,4.0,22.0,37.0,12.4,18.0,16.5,29.3,4.1,3.1,6.1,3.1,11.3,11.2,45.5,37.0,22.4,42.6,12.2,12.1,19.2,10.3
1772714173.1838522,49.0,53.9,12.4,17.2,15.0,12.1,25.3,24.5,17.3,14.1,20.0,14.9,15.3,15.2,14.3,11.0,22.0,26.3,13.0,26.0,15.0,15.8,50.5,43.4,18.2,22.0,17.0,16.8,7.1,5.1,16.2,28.3,8.1,3.1,25.0,33.7,11.9,11.1,18.6,22.0,4.2,3.1,5.1,7.1,18.0,15.3,23.2,55.4,23.0,34.3,13.3,11.9,13.0,13.0
1772714174.1848936,36.1,41.0,18.0,14.0,5.2,5.1,32.3,26.8,13.0,13.1,20.2,21.6,22.8,14.9,11.0,15.2,22.4,18.2,18.8,21.8,16.0,23.8,55.0,38.2,21.0,16.0,20.0,18.8,5.1,9.0,16.2,28.3,4.1,11.1,38.2,21.2,13.1,6.1,25.5,19.0,3.0,5.1,10.1,6.1,21.2,17.0,27.7,48.0,23.2,34.7,13.9,6.3,15.2,13.3
1772714175.1873925,56.6,47.5,23.0,11.0,12.0,9.2,30.3,23.0,7.2,10.0,18.0,18.8,22.0,17.0,12.1,14.1,28.3,23.0,18.0,24.2,8.1,22.2,43.0,48.0,17.8,27.0,23.0,23.0,9.2,11.2,20.0,25.0,4.1,5.1,32.3,23.2,10.1,14.0,27.7,18.0,4.0,4.1,3.0,7.0,28.0,20.2,41.8,39.0,30.1,25.3,11.1,12.0,12.1,12.1
1772714176.1908457,36.4,52.0,16.3,19.2,18.2,11.1,35.0,18.4,10.1,8.2,23.0,18.0,16.2,19.0,13.9,13.3,28.3,19.4,15.0,25.7,18.2,30.0,48.5,47.1,24.2,18.8,19.0,17.0,8.1,7.1,23.2,15.6,6.0,8.2,35.0,22.8,6.1,12.4,18.0,26.3,4.1,4.0,3.1,3.1,27.0,33.7,36.6,40.2,27.3,28.3,13.4,9.2,10.0,19.2
1772714177.1918464,50.0,57.8,19.2,10.1,10.2,8.2,26.5,25.8,10.2,15.2,22.4,12.0,18.2,9.3,15.3,8.1,12.0,30.0,19.2,18.8,6.1,20.2,51.5,43.0,19.8,18.2,19.2,19.2,12.1,7.1,25.7,23.0,12.1,5.0,31.0,24.5,10.1,9.0,20.2,24.2,4.1,3.1,12.0,5.1,34.3,25.0,51.5,21.2,39.0,35.4,10.9,9.2,8.2,18.4
1772714178.1926148,42.9,48.0,14.4,20.2,11.2,5.2,32.7,31.0,14.1,11.2,17.0,18.2,14.3,19.2,12.0,15.0,18.6,25.5,25.7,7.1,23.8,18.8,49.0,47.0,15.2,22.8,16.3,16.2,11.2,11.1,21.6,26.3,3.1,3.1,24.0,38.6,12.1,14.1,29.3,14.0,4.1,4.1,3.1,5.1,24.8,30.3,41.4,26.0,43.6,34.0,13.1,14.4,15.2,14.0
1772714179.1927006,52.5,57.8,18.6,14.3,12.1,14.4,23.2,19.6,5.1,5.1,15.2,23.2,18.0,16.2,10.1,17.2,32.0,11.1,10.0,11.2,9.2,19.4,40.0,42.4,22.0,18.2,23.8,26.0,4.0,6.1,27.0,20.0,3.0,10.0,27.3,25.7,6.1,7.1,23.0,18.2,3.0,5.1,2.0,3.1,21.0,39.0,40.0,38.4,37.8,34.0,10.1,9.1,7.1,15.6
1772714180.1927772,44.9,36.0,17.3,15.3,13.4,11.1,19.8,28.0,9.2,7.1,24.0,15.2,17.2,17.2,10.1,12.1,26.3,19.2,4.1,16.0,22.0,11.1,40.0,38.0,14.3,17.0,15.2,13.1,10.0,6.1,17.3,17.2,4.1,4.1,36.6,26.5,6.1,17.0,26.5,21.2,4.1,5.1,11.0,5.1,14.1,19.2,44.0,38.6,36.0,37.4,12.2,9.9,17.3,11.0
1772714181.1941109,48.0,42.2,11.3,13.9,8.9,4.0,34.7,23.2,9.1,16.2,22.2,15.2,16.2,13.0,13.1,9.0,27.6,11.2,8.2,9.3,21.2,17.0,41.0,39.6,20.6,20.8,15.2,17.0,10.1,17.2,14.0,20.2,7.0,9.1,30.0,29.7,11.0,5.1,13.0,28.6,4.0,4.0,4.1,5.1,22.0,26.0,30.7,26.0,17.0,40.4,11.0,12.1,14.0,14.1
1772714182.1955688,39.0,31.3,9.2,20.0,15.2,8.1,28.3,31.3,13.4,10.1,20.0,14.9,14.0,17.3,8.2,16.3,28.0,18.2,7.0,17.2,15.3,14.1,39.4,36.0,20.2,25.0,26.0,19.8,11.3,18.4,31.0,16.0,4.1,4.1,34.0,43.0,17.2,10.1,22.0,24.0,3.1,4.1,4.0,4.1,34.0,17.2,39.4,25.3,19.4,23.0,13.1,9.3,11.0,15.3
1772714183.197235,48.5,44.7,21.2,16.2,21.8,10.0,26.3,24.2,4.0,14.1,8.0,29.3,12.1,25.7,19.2,10.1,31.0,31.0,14.0,30.4,27.2,23.0,36.9,42.4,17.8,24.8,21.8,17.2,8.0,8.1,29.7,21.0,11.1,4.1,27.7,40.0,14.9,5.1,20.2,24.8,3.0,5.1,3.1,4.0,35.6,27.7,57.8,25.0,52.9,27.3,9.0,18.0,7.1,23.2
1772714184.1988,38.1,33.7,23.5,12.0,11.2,12.5,25.5,33.7,14.3,32.0,11.2,28.0,21.4,14.3,8.1,18.2,24.2,32.0,17.3,24.2,14.3,17.8,41.8,36.4,23.0,19.4,19.2,20.2,8.2,4.1,25.3,26.3,6.1,4.1,31.0,28.0,11.1,13.4,34.3,34.3,11.1,7.0,5.1,11.3,36.4,19.4,49.5,24.0,46.5,32.0,7.3,14.4,14.1,16.2
1772714185.200329,48.0,43.4,21.2,18.0,6.0,4.1,36.4,30.0,14.3,13.3,22.0,13.3,16.0,17.0,19.8,9.1,25.0,24.0,19.2,22.0,19.0,24.2,45.1,43.4,20.2,23.0,16.2,18.4,10.1,6.1,28.3,22.0,6.1,8.1,30.3,29.7,14.1,8.0,13.1,32.7,13.3,10.2,4.0,7.0,42.0,17.3,37.0,24.2,30.6,47.0,8.2,15.2,17.2,37.4
1772714186.201133,40.4,35.6,13.0,13.4,14.1,13.1,18.6,21.0,7.1,7.1,15.3,18.2,14.9,18.2,13.1,10.1,23.5,12.0,15.3,24.8,17.2,12.1,44.4,42.2,22.0,21.0,20.8,29.0,14.0,6.1,26.3,16.2,8.1,8.1,26.7,29.3,9.1,8.1,22.0,23.0,4.0,4.0,2.0,4.1,27.0,30.4,39.0,13.9,27.3,42.6,10.1,9.2,14.4,6.1
1772714187.2019703,52.0,46.0,20.4,9.1,13.3,13.0,21.0,17.3,3.1,5.1,17.2,16.2,16.5,12.2,7.1,16.3,20.2,29.6,23.2,20.2,22.8,18.8,45.9,32.0,19.2,22.8,11.2,14.9,7.0,5.1,24.0,20.2,4.1,2.0,30.3,24.2,10.0,11.0,17.2,26.0,4.0,3.0,5.0,3.0,28.0,22.0,31.7,27.0,27.7,45.1,11.1,9.1,14.0,16.0
1772714188.2027612,45.9,48.0,15.2,16.8,8.2,4.1,25.5,29.3,12.1,15.5,16.2,22.2,16.2,19.0,11.1,15.8,9.0,21.2,11.2,28.0,18.2,14.1,40.0,37.4,19.8,21.0,18.0,20.2,7.1,6.1,19.2,26.0,3.1,10.1,22.8,35.6,10.1,12.1,18.2,27.3,4.2,3.1,4.1,14.1,25.0,26.3,33.3,24.2,38.4,35.7,11.0,15.3,6.0,18.4
1772714189.2049265,52.5,42.0,14.1,17.0,7.1,3.1,31.7,31.6,15.0,10.2,15.2,20.8,19.0,19.0,11.9,15.0,14.1,15.2,24.3,18.2,24.8,10.0,35.4,34.7,20.0,20.8,22.8,16.2,12.2,5.1,25.3,25.7,5.1,5.1,26.0,31.0,17.3,6.1,20.0,24.2,5.9,7.1,2.1,4.1,16.2,19.0,31.0,34.3,37.4,37.6,9.1,8.2,14.1,14.0
1772714190.2062225,38.4,38.2,20.0,6.1,11.0,15.0,20.4,24.8,5.1,12.0,20.0,10.0,15.0,15.3,16.3,6.1,21.2,2.0,23.0,14.7,21.6,8.1,39.2,31.0,21.6,19.0,11.1,10.0,5.0,9.1,17.2,17.2,9.2,4.0,25.5,28.0,4.0,12.1,22.2,17.0,5.0,3.0,4.0,3.0,10.0,21.2,27.3,42.4,24.8,24.2,10.1,10.0,16.2,8.0
1772714191.2072134,40.8,45.5,18.4,15.3,13.5,11.1,26.3,19.2,4.1,4.1,24.2,10.2,19.4,9.1,19.2,8.1,21.4,9.3,11.2,26.3,20.2,11.9,33.7,36.4,22.2,17.0,28.7,25.0,6.0,12.1,20.2,26.0,5.0,5.1,33.3,24.5,6.1,11.2,26.7,11.2,5.2,5.1,4.0,4.0,14.3,6.1,33.0,49.0,28.0,30.4,7.1,13.9,15.2,10.1
1772714192.2081754,52.5,56.9,15.3,18.0,8.9,5.2,27.3,27.6,13.1,14.1,15.8,21.2,14.0,17.3,10.0,14.1,20.0,10.1,22.5,20.0,20.0,21.0,46.5,44.0,16.0,25.3,11.1,12.1,5.2,7.0,20.4,17.2,10.1,5.0,28.7,30.4,8.2,11.1,14.3,28.0,5.9,5.0,11.2,6.0,13.0,13.3,35.6,33.7,17.2,31.3,12.2,9.3,16.0,13.0
1772714193.2087998,52.0,35.3,30.0,16.3,10.2,5.1,31.6,25.5,14.1,12.4,10.2,27.0,16.5,23.2,16.0,7.1,28.0,17.0,25.5,14.9,18.2,12.2,55.4,42.6,17.0,24.0,27.0,27.0,15.0,8.2,21.0,21.2,5.2,6.1,23.2,35.0,12.2,8.1,16.2,30.3,4.1,5.0,2.1,3.1,26.3,32.3,22.2,24.2,21.0,18.4,15.0,11.1,11.2,15.6
1772714194.2097447,61.0,54.9,19.2,11.1,17.2,10.2,19.4,25.3,6.2,7.2,9.1,20.0,20.8,16.0,15.0,15.2,18.6,24.2,17.8,21.0,24.8,22.8,50.0,45.5,18.2,21.8,16.2,11.1,9.2,7.1,19.0,23.5,6.1,7.2,31.4,28.0,9.9,12.2,13.0,29.3,5.1,13.3,4.0,5.1,35.0,16.2,36.0,28.3,36.7,33.7,7.1,14.1,12.0,14.1
1772714195.2111235,40.8,45.5,16.0,15.2,13.1,13.3,20.4,26.5,4.1,10.0,9.2,26.3,21.4,10.2,18.4,8.0,28.0,19.4,27.0,13.1,17.2,16.2,41.4,48.0,14.1,21.8,25.0,22.2,6.1,7.1,17.2,26.0,4.0,4.0,28.3,27.3,6.1,16.8,19.4,21.2,5.1,2.0,3.1,4.1,34.0,27.0,57.4,17.2,39.0,38.4,10.2,8.1,15.3,9.1
1772714196.213971,58.6,52.0,30.0,18.2,7.1,6.9,31.3,31.0,17.0,10.1,19.0,20.0,23.2,10.1,19.2,9.0,13.1,37.0,19.8,23.0,24.0,16.7,39.6,36.0,15.7,23.2,13.9,13.0,12.4,10.1,25.0,27.0,9.3,3.1,30.0,28.0,6.0,10.2,27.3,15.8,5.1,2.0,4.1,10.1,35.0,18.4,57.0,18.0,36.0,37.0,6.1,15.2,16.8,11.2
1772714197.214271,39.4,45.5,25.3,16.0,8.2,9.2,23.7,24.5,13.1,10.2,24.0,13.0,18.2,13.1,15.2,8.2,14.4,24.2,13.1,26.0,15.2,13.3,43.6,44.6,15.2,22.8,22.2,24.8,12.1,11.0,21.0,27.7,4.0,5.0,29.3,29.0,12.2,9.1,17.8,27.3,5.1,6.1,5.0,4.1,32.0,24.8,45.1,35.6,29.0,44.4,10.1,11.2,9.1,15.0
1772714198.2239437,58.8,52.9,14.0,21.0,17.2,11.1,25.7,27.6,6.1,7.0,15.2,21.0,20.0,19.0,16.0,11.1,24.0,22.4,24.5,16.0,22.0,22.0,46.5,51.0,23.5,19.8,23.0,16.2,6.9,8.1,21.0,31.6,12.0,4.0,36.3,27.0,10.9,7.0,22.4,19.0,6.1,2.1,4.0,4.0,25.0,22.0,36.0,45.5,39.6,26.0,13.0,14.9,9.1,19.2
1772714199.2240334,43.3,44.6,23.8,22.4,12.2,10.1,29.6,29.0,12.1,16.2,18.2,18.2,14.3,20.0,13.1,12.1,17.2,28.3,18.4,3.1,16.2,12.1,41.4,41.0,19.2,22.2,20.8,21.0,5.1,6.2,26.3,23.0,2.0,10.2,35.6,22.2,8.2,13.1,24.0,15.2,5.1,5.9,2.1,11.3,17.3,18.0,39.6,30.3,39.0,39.6,10.1,11.3,10.1,13.1
1772714200.2250144,53.1,49.5,20.2,11.9,5.1,3.0,30.3,27.6,12.2,13.3,20.0,16.8,16.0,18.2,14.3,13.3,11.2,28.7,4.0,17.2,23.8,18.2,38.2,38.4,18.0,21.0,20.2,17.2,8.2,15.0,23.2,18.8,4.1,8.2,26.3,33.7,10.0,14.1,29.0,16.0,5.1,4.1,4.0,4.0,20.0,19.2,30.3,24.0,32.3,44.0,12.1,10.1,8.1,16.3
1772714201.2250998,41.8,39.0,22.2,9.0,13.3,12.0,23.0,22.2,3.1,34.3,22.2,13.0,19.2,17.2,12.0,15.0,17.3,29.3,5.1,16.0,12.1,22.0,31.3,44.0,18.2,19.2,24.8,17.2,7.1,13.1,22.0,26.5,2.0,5.1,25.3,30.6,4.1,10.0,24.0,21.2,4.1,3.1,3.0,4.1,18.8,20.0,26.7,36.0,37.6,37.0,10.1,10.2,10.2,14.1
1772714202.2257776,43.3,48.0,17.0,16.5,11.5,11.3,23.2,25.5,15.2,11.0,25.0,12.2,13.1,18.4,9.2,15.3,18.0,22.2,8.2,22.2,18.0,20.2,36.0,38.0,16.8,24.2,18.2,18.0,10.0,19.2,21.2,27.3,23.2,11.1,38.4,43.0,17.0,10.2,26.3,14.1,7.1,4.0,6.1,5.1,20.4,17.0,26.3,36.4,37.0,39.8,7.1,19.2,13.3,13.3
1772714203.228472,43.4,42.6,20.2,15.0,10.0,6.1,32.7,31.3,15.8,10.2,20.0,12.0,14.1,11.0,14.0,9.1,18.2,29.0,18.2,17.0,12.1,21.0,43.4,50.5,17.8,21.8,12.7,12.1,6.2,6.1,16.0,23.8,8.2,3.0,30.4,30.0,27.6,10.0,17.8,20.2,3.0,6.1,8.9,6.1,25.0,31.0,24.8,33.0,43.6,35.6,10.1,12.0,12.1,13.1
1772714204.2300105,60.4,43.6,16.0,17.2,4.1,4.1,27.6,26.5,10.3,10.2,22.2,12.2,19.8,12.0,8.2,16.0,30.0,31.0,18.0,25.7,22.8,16.2,46.0,48.5,22.0,17.8,28.3,24.8,8.0,12.1,12.1,15.3,35.0,10.9,37.4,21.0,12.9,18.4,29.6,14.1,3.1,4.1,4.1,4.1,25.3,27.6,28.7,41.4,33.7,43.4,11.2,10.2,14.4,12.1
1772714205.2309146,57.6,32.0,16.5,10.1,16.0,15.0,22.0,14.1,6.0,3.1,27.3,11.1,18.0,13.3,16.2,11.1,31.6,21.2,22.0,18.0,11.1,19.8,49.0,42.0,15.3,22.2,18.2,19.2,10.2,5.0,28.0,18.2,2.0,6.1,21.8,34.3,5.0,11.0,18.8,23.2,10.2,15.2,34.7,5.0,30.3,28.7,20.6,38.0,28.7,27.3,9.1,13.1,14.1,12.1
1772714206.232608,46.9,54.4,13.9,16.0,13.0,12.0,27.0,27.0,11.0,8.0,10.1,19.8,18.0,18.0,15.0,11.9,30.0,20.8,23.8,14.6,16.0,16.2,49.5,41.6,19.6,20.8,14.9,12.9,6.0,7.0,23.5,18.8,10.0,2.0,26.0,28.7,12.0,11.0,16.0,23.0,7.1,6.0,18.8,30.3,30.4,16.8,25.7,37.6,26.3,28.7,12.0,9.1,13.9,16.0
1772714207.2425613,46.9,46.0,17.0,16.0,16.2,7.1,31.6,30.9,12.2,14.1,8.1,24.0,16.2,9.2,13.1,7.1,24.2,14.3,27.7,14.0,13.3,20.0,41.4,45.5,19.0,11.1,20.0,22.2,11.2,8.1,23.5,19.4,3.1,5.1,24.8,31.7,4.1,6.1,10.2,21.0,7.0,5.1,5.2,27.7,19.2,20.0,44.4,21.0,32.0,41.0,11.0,6.1,8.1,13.3
1772714208.244027,53.0,45.5,14.1,13.3,8.1,5.0,24.0,22.2,9.2,8.2,19.8,12.0,20.2,16.8,17.2,9.0,34.0,14.0,23.2,11.2,14.9,16.2,37.6,33.3,20.8,22.2,12.1,18.0,6.0,5.1,15.8,30.0,10.9,3.0,31.3,24.0,11.1,15.0,18.8,24.2,3.1,4.0,25.0,13.4,20.0,30.0,23.0,43.0,27.0,47.0,10.2,8.0,9.2,15.0
1772714209.2444997,48.5,48.5,16.3,18.0,10.1,14.3,18.2,20.4,5.1,4.1,10.2,21.2,17.0,15.0,16.3,12.1,27.3,8.1,20.0,21.0,24.2,22.8,46.5,41.6,16.2,25.0,23.2,25.0,3.1,14.0,10.2,31.6,4.1,4.0,26.3,28.7,9.1,10.0,23.2,18.8,5.1,3.1,4.0,34.3,17.2,27.0,30.4,39.0,24.2,40.6,12.1,13.3,12.2,14.3
1772714210.2462895,47.4,46.6,15.3,16.0,13.3,14.0,33.3,24.2,10.0,17.6,12.1,23.0,16.0,13.0,15.2,8.2,11.1,16.2,16.8,22.0,16.0,10.0,46.5,46.5,12.0,26.7,14.9,12.9,8.0,7.1,21.2,26.7,10.1,4.0,23.3,35.0,16.2,5.1,25.0,13.1,6.0,4.0,10.0,10.1,27.0,23.5,28.6,43.6,34.0,27.3,14.0,7.1,16.8,8.1
1772714211.2463763,41.4,47.5,20.0,7.1,8.9,3.1,30.9,25.5,11.2,10.3,25.0,11.1,17.0,9.2,12.0,11.8,10.1,11.1,25.0,13.0,25.0,15.2,44.0,40.4,13.0,24.0,10.2,13.1,5.1,12.1,21.2,16.2,4.1,3.1,18.4,29.3,12.0,7.1,21.2,9.1,4.0,2.0,5.1,3.0,25.5,19.0,36.0,36.6,35.0,33.0,8.1,7.2,14.1,13.3
1772714212.2474594,39.0,37.0,15.5,15.3,11.2,4.0,14.4,23.2,9.1,9.2,23.0,12.0,17.2,16.2,9.0,17.2,17.3,15.3,21.0,20.0,15.0,16.0,47.5,48.5,24.8,18.2,23.0,30.0,4.1,9.0,25.0,24.0,3.1,9.2,37.3,22.8,8.0,11.0,35.7,12.1,5.2,5.0,4.0,4.1,8.1,24.2,44.6,33.3,38.4,34.3,8.1,14.1,17.0,11.0
1772714213.2475433,53.0,42.2,17.2,12.1,11.1,15.3,18.2,20.4,6.1,14.9,23.2,13.0,16.0,14.1,13.1,14.3,20.8,10.1,16.0,21.8,15.8,18.0,50.5,44.6,25.0,15.0,15.0,17.0,4.1,6.1,27.0,21.4,5.1,3.0,28.3,30.0,9.3,10.2,24.0,17.2,18.2,4.0,9.2,2.0,23.0,28.0,39.4,36.0,22.0,29.0,7.1,10.2,15.3,7.1
1772714214.250439,53.1,35.6,11.2,17.2,12.1,11.1,34.0,32.3,17.3,12.2,21.8,15.2,16.2,14.0,8.9,13.1,25.3,23.0,24.0,14.0,24.0,16.2,48.0,43.0,24.8,18.0,16.0,20.0,9.0,5.0,21.2,22.2,2.0,11.0,28.0,30.7,12.9,9.0,27.3,16.8,22.8,3.1,18.0,10.2,24.2,28.0,24.0,53.5,26.5,31.6,12.1,10.9,12.0,13.1
1772714215.252096,65.3,41.6,22.0,8.2,5.1,6.2,26.3,31.3,13.1,13.1,12.0,28.0,10.2,20.4,12.2,13.1,17.2,27.0,21.2,18.8,7.2,22.0,46.5,43.0,21.2,19.0,20.2,17.0,12.2,10.2,16.2,27.0,9.2,4.0,30.7,30.3,14.4,8.2,27.0,14.3,6.2,3.1,4.0,32.7,22.8,17.0,41.0,34.0,30.0,24.8,11.1,10.2,10.2,15.3
1772714216.2525973,52.5,38.0,19.0,17.0,13.3,11.0,14.4,20.4,6.1,7.1,18.4,14.3,15.8,16.0,13.0,10.2,22.2,23.2,21.8,16.0,27.7,12.9,35.4,39.0,19.6,22.0,22.4,16.3,4.1,5.1,13.3,10.2,7.1,3.1,30.0,25.3,12.1,12.1,21.0,15.8,38.0,5.0,0.0,6.1,14.1,18.2,28.0,26.0,26.0,28.0,6.1,14.4,11.0,12.1
1772714217.2526681,52.5,37.3,14.0,11.1,13.0,12.1,18.0,22.2,4.0,2.1,26.0,13.1,10.2,18.0,15.0,8.1,26.7,12.1,21.2,17.2,25.3,9.0,32.7,31.0,19.4,20.0,27.7,20.0,6.1,8.0,22.0,21.2,6.0,4.1,28.3,27.0,14.1,8.1,24.5,25.0,8.0,5.1,4.0,2.0,18.0,22.0,31.7,31.3,31.3,22.4,8.1,10.9,12.2,15.0
1772714218.253258,50.0,44.6,20.4,11.2,7.1,20.4,28.6,30.3,14.9,12.0,14.1,20.0,17.2,26.0,15.2,10.9,34.3,18.2,22.8,18.8,20.2,17.2,23.2,27.0,21.8,17.0,11.0,11.1,6.0,7.1,17.2,32.7,8.2,2.0,26.7,32.0,5.1,11.1,20.2,17.2,5.1,9.2,5.1,14.0,17.2,17.3,33.3,44.4,43.0,27.3,6.1,12.4,11.9,12.4
1772714219.2560391,55.6,46.5,16.2,21.2,8.1,32.7,29.3,26.3,11.5,12.1,27.0,17.3,20.0,20.8,17.2,10.2,29.0,13.1,12.1,13.1,17.0,20.2,28.7,29.0,21.0,21.8,21.0,16.2,13.1,10.1,24.0,30.3,11.1,4.0,32.0,27.0,13.1,14.1,32.7,25.3,4.1,3.1,2.0,9.0,38.0,23.8,30.4,50.0,40.0,40.6,12.0,14.3,14.3,16.2
1772714220.2561111,51.0,43.6,12.4,16.2,21.4,22.2,21.0,22.7,18.4,5.2,24.5,20.2,15.3,16.2,16.2,9.2,33.3,13.3,18.2,5.1,11.0,19.0,35.4,37.8,16.0,25.0,25.3,22.2,8.2,6.1,22.4,27.0,5.1,4.1,32.7,24.0,8.1,14.0,23.2,28.0,5.1,4.0,6.1,3.1,24.2,37.4,26.8,44.0,35.4,41.8,12.9,11.0,13.0,13.0
1772714221.2591968,47.0,39.6,15.8,14.9,15.8,11.1,17.2,25.5,32.7,2.0,24.0,9.0,15.0,10.1,10.0,13.7,27.3,12.0,12.1,1.0,19.2,19.0,36.4,33.7,23.0,11.0,13.9,13.7,4.0,6.1,15.0,25.3,9.9,7.9,30.0,27.0,6.0,9.1,22.2,14.1,3.0,4.0,4.0,4.0,21.0,30.7,34.0,19.2,22.0,29.3,7.1,8.2,10.2,10.2
1772714222.2592669,54.5,41.6,19.2,16.5,14.9,3.1,35.4,27.6,15.3,17.2,26.5,12.0,11.1,20.2,19.2,28.6,27.6,19.2,13.0,11.0,16.0,15.0,52.0,41.4,21.8,18.8,23.0,20.0,6.2,7.1,20.4,27.0,1.0,7.2,34.3,23.2,13.0,9.1,20.0,26.0,4.1,5.0,9.3,3.1,28.3,22.2,41.6,37.6,35.6,20.2,13.0,10.0,14.0,13.4
1772714223.2625797,50.0,37.6,23.8,11.0,3.1,6.0,26.5,18.2,12.2,11.0,18.6,13.1,16.0,19.0,28.6,24.2,24.8,12.1,2.0,17.2,13.0,28.7,47.5,39.2,20.2,20.8,13.0,13.0,12.9,9.0,20.8,6.1,9.0,5.0,36.6,21.0,6.1,11.1,20.0,24.2,4.0,3.0,5.1,3.0,20.6,13.0,20.2,57.4,15.3,37.6,7.1,11.2,7.1,18.2
1772714224.264625,42.4,38.0,17.8,14.9,11.2,17.2,22.0,18.4,9.0,7.1,20.2,16.0,22.2,12.1,9.0,17.2,22.2,26.3,15.0,22.0,12.0,15.8,34.3,38.4,20.6,17.8,27.0,18.0,13.1,12.1,15.0,14.0,3.1,4.0,33.0,39.6,2.0,11.1,11.2,30.3,6.9,4.0,4.1,4.0,19.2,32.3,33.0,34.7,29.0,42.6,11.0,11.1,12.2,15.0
1772714225.2652152,43.9,46.1,16.2,15.2,13.1,12.1,25.5,28.3,4.1,6.9,12.1,18.0,19.0,14.0,11.0,17.2,11.3,25.5,25.0,13.0,23.2,13.1,39.4,49.5,18.0,25.3,27.0,16.3,11.0,12.4,15.3,11.1,10.2,5.1,31.3,31.0,15.0,9.1,11.0,31.3,3.1,3.0,6.9,3.1,26.3,31.0,26.3,31.3,30.3,45.9,12.2,10.2,12.1,15.8
1772714226.2656443,52.0,48.0,16.2,19.2,7.1,6.1,35.7,27.6,16.2,10.3,27.0,16.2,15.2,20.2,14.3,13.1,27.3,22.2,18.0,22.2,22.0,14.1,49.0,49.0,13.1,25.0,14.0,13.9,9.4,7.0,13.3,15.3,7.1,5.1,34.3,25.5,6.2,17.3,19.0,30.0,3.1,5.1,11.2,5.1,28.3,33.0,33.0,26.7,51.0,26.3,15.0,12.4,9.1,18.7
1772714227.265737,46.5,53.9,22.2,7.2,14.0,8.0,19.2,23.5,12.2,13.3,19.2,15.2,13.1,17.2,10.1,14.0,27.0,35.7,13.1,27.0,20.2,13.1,42.0,47.5,20.8,19.2,20.4,22.0,11.0,9.2,21.0,11.1,8.1,5.1,20.8,33.3,8.0,11.0,23.2,16.0,12.1,4.0,8.3,4.1,20.0,33.3,37.0,23.2,34.7,40.6,14.0,10.1,19.2,9.0
1772714228.2678819,43.4,52.0,21.8,13.0,13.3,10.3,24.5,27.0,6.1,5.1,11.2,19.8,16.0,12.1,12.0,15.2,16.2,29.7,13.7,27.5,20.8,16.8,46.0,44.6,19.0,19.8,23.5,16.3,4.1,8.9,19.2,23.8,4.0,10.0,34.3,27.2,13.0,10.0,26.0,18.2,13.3,8.0,6.9,5.0,20.2,39.2,32.0,35.6,38.0,37.4,11.9,14.0,14.9,11.3
1772714229.2679615,40.4,57.4,14.4,16.0,9.2,8.2,34.3,29.6,7.2,6.2,23.2,5.2,14.1,13.4,16.2,7.1,17.3,27.3,12.2,28.0,11.2,12.2,43.9,46.0,18.0,22.0,23.2,21.2,5.2,6.1,19.4,19.6,3.1,2.1,24.2,26.8,6.3,10.1,16.5,17.0,2.1,2.0,2.1,3.1,16.2,16.5,29.0,50.0,41.6,27.6,7.1,10.2,14.4,9.3
1772714230.2696655,47.5,39.2,13.3,11.0,6.0,4.0,22.2,27.0,11.9,14.0,13.9,19.6,19.0,11.9,5.1,15.0,12.9,26.3,16.8,19.2,26.7,18.8,47.1,46.0,21.0,19.0,13.0,16.7,10.1,9.2,22.0,22.0,4.0,10.0,32.3,26.9,13.0,15.2,7.1,36.0,5.0,5.0,3.1,12.0,23.8,12.7,39.6,34.0,41.6,29.3,9.0,12.9,9.0,15.0
1772714231.272037,44.4,54.9,23.0,13.3,15.2,12.1,17.3,23.2,13.3,13.3,24.2,16.3,13.4,16.2,11.2,13.3,12.2,16.2,25.3,13.0,15.0,16.0,49.0,48.0,17.2,24.2,20.0,26.3,6.1,9.2,22.4,19.2,5.2,4.1,26.7,33.3,12.1,5.1,18.2,29.3,5.2,4.1,6.1,4.0,17.5,14.4,33.3,47.0,41.4,34.3,9.2,12.2,9.3,18.0
1772714232.2835488,43.4,48.5,12.1,19.4,14.9,12.1,24.0,21.4,5.0,4.0,14.0,24.3,15.8,16.0,10.0,13.9,20.0,2.0,19.6,18.8,19.6,19.2,53.9,41.6,21.0,19.8,18.0,21.0,5.1,6.9,17.0,15.2,4.0,10.9,21.8,32.7,8.0,13.9,20.6,22.5,6.1,3.0,6.0,3.0,23.0,18.0,18.0,26.7,38.6,38.6,12.0,14.1,13.9,10.0
1772714233.2879143,52.0,45.0,10.2,19.8,9.0,4.1,34.7,33.3,4.1,9.0,13.0,15.3,17.0,16.8,16.0,8.1,27.3,4.0,26.3,13.0,9.1,21.6,37.8,38.6,22.5,18.8,17.8,18.8,5.0,5.1,21.0,17.8,5.9,2.0,27.0,28.0,8.1,18.2,17.2,20.2,3.0,3.0,3.0,6.0,22.8,6.1,25.0,30.0,30.0,30.3,6.0,11.0,17.0,10.1
1772714234.2894902,40.4,41.6,19.8,11.0,6.1,7.0,28.0,25.3,18.8,9.2,25.3,19.0,18.0,25.3,14.1,10.2,20.8,4.0,27.7,13.0,26.0,10.1,33.7,43.4,21.6,20.0,18.0,17.0,6.0,7.0,23.0,27.0,10.2,4.0,26.5,29.7,14.0,11.1,16.0,26.0,5.2,1.0,4.0,6.0,22.0,20.0,37.0,44.0,21.8,24.8,11.1,13.0,14.4,17.0
1772714235.2950008,42.4,43.1,20.2,17.0,15.3,9.2,17.2,20.0,11.3,11.1,13.1,23.0,17.2,20.0,16.2,10.0,21.2,14.0,21.0,20.0,16.0,24.0,29.3,47.5,21.2,18.0,16.2,12.0,8.2,13.0,21.0,26.0,3.1,4.1,24.2,34.7,9.0,14.0,29.0,12.0,8.0,3.0,5.2,8.1,19.2,25.0,54.5,27.7,33.3,24.2,10.0,14.1,14.0,13.3
1772714236.2968516,42.4,46.1,16.3,16.3,14.1,13.0,31.3,29.3,5.1,5.1,22.2,18.0,14.1,23.5,13.1,15.0,30.0,13.3,28.7,12.1,20.0,14.3,33.0,41.4,23.0,19.2,30.7,26.0,8.0,9.2,21.0,29.3,4.0,11.2,26.0,34.3,12.1,13.0,29.3,16.0,4.0,6.1,3.1,4.0,33.7,26.0,35.0,46.0,46.5,25.3,18.2,10.1,8.1,17.0
1772714237.2988887,58.6,44.6,12.2,15.0,7.2,4.1,30.6,31.6,15.0,9.1,14.0,20.2,18.0,16.2,13.3,11.1,15.3,26.0,22.0,16.2,18.0,18.8,37.0,38.0,21.0,20.6,15.8,8.2,4.1,9.0,25.5,17.2,8.1,2.0,23.2,30.7,12.1,18.0,20.4,19.2,4.1,3.0,4.0,4.1,15.5,38.0,37.6,37.6,23.8,49.5,8.2,10.1,11.1,12.4
1772714238.2989812,48.0,46.0,17.2,11.2,4.1,8.9,24.2,25.3,13.1,12.1,23.0,11.0,17.3,16.3,15.8,9.2,18.2,27.6,21.0,16.0,12.0,20.0,37.6,38.6,24.2,14.1,23.5,20.0,12.1,9.0,22.0,23.2,8.2,3.0,34.3,25.0,13.1,13.3,16.8,25.3,6.1,2.0,10.0,4.1,22.0,34.3,27.6,49.5,25.3,46.5,13.3,10.1,17.2,7.1
1772714239.299126,49.5,44.4,11.1,20.8,19.0,7.1,15.5,17.2,8.2,8.1,21.2,13.0,16.2,16.0,9.4,13.3,17.2,26.0,18.2,24.0,13.0,24.2,34.3,30.3,21.0,16.2,17.2,14.1,5.1,7.1,18.0,21.2,5.1,7.1,27.7,29.3,7.1,13.1,18.2,25.3,4.0,6.0,3.1,5.2,29.3,27.5,36.0,30.3,25.5,46.5,10.0,10.1,12.2,14.0
1772714240.3001647,54.5,46.6,23.8,10.1,14.3,12.2,28.3,35.0,10.0,4.1,23.2,14.1,13.3,22.0,10.0,16.2,29.3,18.0,19.8,12.1,17.3,15.0,35.6,45.0,22.0,21.0,23.8,21.0,12.2,7.1,15.5,31.0,2.1,5.2,31.0,27.7,20.0,5.1,22.4,23.0,5.1,3.1,6.1,5.1,22.8,34.3,22.0,37.0,37.0,42.6,12.2,12.1,12.0,13.1
1772714241.3020916,46.5,41.0,15.2,14.1,4.0,5.1,33.0,32.0,8.0,16.2,18.8,14.3,15.8,16.0,16.0,7.9,30.7,12.1,12.0,12.2,21.6,21.8,45.5,46.5,18.8,17.0,14.9,13.0,9.1,6.1,24.5,25.0,9.0,9.0,26.0,33.7,11.2,9.1,29.7,15.0,6.1,5.1,5.1,3.0,26.0,33.7,20.0,29.7,24.0,33.0,11.0,7.1,17.0,11.0
1772714242.3040254,45.0,57.3,20.2,10.2,17.2,11.1,17.3,23.0,12.1,12.2,9.0,28.7,13.3,12.1,11.2,13.1,12.2,32.0,4.1,17.0,18.4,7.1,42.6,51.0,25.0,19.0,15.3,23.2,9.2,10.2,19.4,21.6,3.1,9.2,31.0,23.5,8.0,11.2,8.1,27.3,4.0,3.1,7.1,9.2,24.0,22.2,32.3,25.7,23.8,30.6,7.2,12.1,12.1,10.3
1772714243.3053248,37.1,48.5,11.0,19.0,12.4,11.3,20.4,17.3,4.1,6.1,9.1,21.2,12.1,17.2,16.2,9.1,25.0,22.4,4.0,15.3,29.0,12.1,52.5,37.0,19.8,22.0,18.0,17.2,12.1,7.0,19.2,24.0,5.1,8.1,36.0,22.8,11.0,13.1,16.2,26.3,4.0,5.1,3.1,2.0,36.4,23.0,32.3,23.5,26.5,25.7,9.0,10.3,11.2,15.0
1772714244.3054082,61.0,51.0,18.4,13.0,5.1,6.1,31.3,38.0,10.0,11.1,11.1,22.2,16.0,19.0,11.2,11.2,12.2,31.0,13.9,23.0,23.2,10.1,52.9,43.6,24.5,16.8,14.1,20.0,6.1,6.1,14.0,17.0,10.2,3.0,27.3,25.3,9.2,12.1,19.0,15.0,3.1,4.1,4.0,4.0,30.0,25.0,34.7,32.4,28.7,27.3,11.2,9.2,10.1,15.3
1772714245.3056543,35.7,40.2,12.9,18.0,8.0,7.1,29.6,28.6,12.2,13.1,18.4,21.2,14.1,16.2,16.8,11.1,30.0,18.2,20.0,19.8,13.1,17.2,46.5,45.0,18.0,20.0,20.0,22.8,16.0,17.0,20.0,17.2,4.1,5.1,34.0,41.0,9.1,11.0,29.3,18.8,4.1,3.0,8.1,3.1,32.7,24.0,30.0,25.3,24.7,26.0,8.2,11.0,18.2,10.1
1772714246.309546,57.0,48.0,17.3,16.2,15.6,8.2,14.1,19.4,13.1,8.2,11.1,23.0,14.1,21.0,15.2,14.1,28.3,15.0,17.0,22.0,26.0,12.1,50.5,45.0,21.8,20.2,15.2,21.2,7.2,15.6,26.3,23.2,8.2,6.1,34.0,28.3,14.0,9.1,25.3,15.3,2.0,4.1,9.2,3.1,21.0,29.0,48.5,35.0,33.0,44.6,14.1,10.2,18.2,13.4
1772714247.3147452,28.6,25.0,11.0,17.0,11.1,10.1,20.2,25.3,4.0,4.1,13.9,18.0,18.4,10.1,11.1,15.0,29.7,18.2,23.0,15.8,18.8,9.0,34.3,35.0,18.6,20.8,20.0,18.0,5.1,6.9,24.2,13.0,2.0,3.0,28.7,25.7,7.1,7.0,21.0,15.8,3.0,5.0,1.0,4.0,16.0,16.0,51.5,18.0,30.0,35.4,10.1,4.1,9.1,11.9
1772714248.3148308,55.1,57.4,17.0,16.5,7.1,5.1,37.8,33.0,9.2,17.3,22.4,14.3,22.4,13.1,14.3,12.1,31.6,27.6,20.0,23.2,27.0,20.2,35.4,41.0,20.4,22.0,17.2,22.2,10.0,5.2,36.0,19.4,10.2,5.1,33.7,25.0,9.2,12.2,23.8,22.4,5.1,2.0,6.1,4.1,19.2,42.0,36.4,28.3,24.0,32.7,8.1,19.8,16.2,14.3
1772714249.3156097,48.0,36.6,17.2,14.0,9.1,10.0,27.3,20.0,16.0,20.0,19.2,12.9,10.2,16.0,16.0,6.1,23.2,35.0,12.0,23.8,20.8,6.1,31.0,38.4,21.8,18.2,14.1,15.8,10.2,10.1,23.2,19.0,4.0,3.1,24.8,30.0,8.0,6.0,30.3,12.7,11.2,13.0,9.0,5.1,30.0,21.0,35.0,38.6,22.0,36.0,7.1,12.2,17.2,12.0
1772714250.316572,56.0,52.5,18.6,17.2,14.1,12.2,26.5,18.4,10.1,5.2,17.2,23.5,14.0,20.2,12.2,17.3,30.3,15.2,18.4,23.2,18.2,27.0,38.8,40.6,19.8,22.0,24.2,21.2,7.1,11.0,27.0,22.4,7.0,10.2,34.3,25.3,14.1,10.1,32.0,16.3,8.1,6.1,5.1,6.1,28.6,14.3,46.5,34.3,35.4,32.7,15.0,12.2,9.1,19.2
1772714251.318161,41.4,52.9,19.2,11.0,10.3,8.2,37.4,31.3,3.0,11.0,25.0,13.0,21.0,15.2,12.1,14.1,26.0,17.0,25.2,18.6,21.0,8.9,41.0,39.4,20.0,19.2,19.0,13.9,6.0,8.1,25.3,19.2,5.0,9.1,35.0,25.3,11.0,8.0,27.3,12.0,4.1,3.0,3.1,5.1,31.1,5.1,38.0,42.0,32.0,45.0,10.2,10.1,14.0,11.2
1772714252.320926,51.5,49.5,15.7,18.2,7.1,7.1,31.6,35.7,17.2,9.2,22.4,13.3,18.2,10.9,12.1,14.1,17.2,24.5,15.3,21.4,24.0,17.3,50.0,42.4,18.6,23.0,25.3,20.8,5.2,6.1,22.4,23.8,4.1,4.1,31.3,25.7,1.0,20.4,34.0,5.1,4.0,6.0,6.0,5.1,26.5,12.4,39.4,36.6,37.8,41.4,13.3,7.1,11.1,15.3
1772714253.323716,50.5,42.2,9.2,20.8,17.5,9.0,21.0,12.9,13.1,28.7,17.0,13.0,17.0,14.0,13.1,9.1,5.1,17.0,22.8,19.0,18.0,14.9,45.5,48.5,21.0,14.9,15.8,13.0,6.1,13.1,22.0,23.0,9.0,2.0,22.8,33.0,6.1,13.1,16.2,23.0,2.0,7.1,10.2,9.0,17.2,23.8,40.6,39.4,26.5,46.1,10.1,8.2,18.4,14.0
1772714254.3266068,52.5,29.3,20.0,11.0,12.1,11.2,22.2,10.3,4.1,4.0,10.0,28.0,16.3,15.2,9.1,16.2,9.1,21.2,15.0,24.0,18.2,11.1,37.0,42.0,20.0,19.8,17.0,13.1,6.0,5.0,23.5,24.2,4.0,5.1,30.3,27.0,7.1,12.0,23.2,19.0,3.0,13.1,4.0,3.1,23.2,38.6,34.3,39.0,44.0,29.6,12.0,12.1,38.0,20.2
1772714255.3276334,62.0,56.9,18.2,14.1,6.1,5.0,36.4,32.7,8.1,7.0,22.0,15.0,14.0,18.2,15.3,10.2,4.0,21.0,13.0,24.8,16.2,25.7,22.2,38.0,23.0,16.2,23.0,24.0,5.1,8.1,12.0,18.0,11.1,3.0,32.0,28.0,8.2,10.2,26.0,18.0,5.1,6.2,3.1,4.0,23.8,27.6,51.0,26.0,42.4,32.0,15.2,9.0,39.8,21.0
1772714256.3296845,47.5,28.0,10.2,17.8,6.1,8.1,32.7,32.0,11.3,12.2,21.0,11.2,10.1,15.2,12.7,13.0,18.2,10.1,21.2,15.2,17.0,8.0,22.0,36.4,17.8,22.8,15.8,12.1,5.1,5.1,13.0,19.4,4.0,6.1,29.0,24.0,10.0,9.1,24.8,10.1,5.1,3.0,3.0,5.1,29.3,29.0,33.0,21.2,32.0,34.3,10.0,9.1,12.9,22.2
1772714257.332272,48.0,42.2,14.0,23.2,17.0,9.0,15.0,15.2,13.0,15.8,21.2,13.7,17.2,19.0,14.1,15.8,26.7,15.0,23.5,15.8,19.8,21.0,31.3,43.1,23.0,19.0,23.0,21.8,13.0,9.9,28.0,22.0,3.0,10.0,33.7,26.5,14.1,11.0,20.2,21.0,3.1,3.0,12.0,3.1,28.7,18.8,42.6,38.6,40.8,36.0,12.9,9.0,9.2,29.7
1772714258.3327541,40.2,42.6,14.3,17.3,13.3,11.3,25.5,29.3,4.2,3.1,21.4,14.1,14.3,15.2,16.5,10.2,27.8,17.3,26.5,13.3,22.0,10.1,41.4,49.5,21.0,21.0,16.2,18.2,7.1,7.2,19.4,24.5,7.2,6.1,34.0,23.5,5.2,14.1,17.2,25.3,6.1,2.0,5.2,3.1,21.4,18.4,38.4,40.4,39.4,36.0,10.3,8.2,18.8,8.3
1772714259.334626,55.4,33.3,15.3,20.0,5.1,2.0,33.3,31.6,6.0,8.1,24.8,9.1,17.2,18.0,12.9,12.0,23.2,17.0,26.0,13.9,23.8,17.6,39.0,54.5,13.9,27.7,13.0,18.0,8.0,5.1,19.0,28.7,5.1,4.0,30.0,25.0,9.0,13.3,16.2,27.0,3.1,3.0,3.0,4.0,31.7,21.0,41.6,30.7,32.0,35.4,12.0,7.0,10.3,18.0
1772714260.3365777,51.5,62.4,18.0,17.2,12.2,13.0,33.7,27.6,9.3,19.0,24.2,14.4,21.2,12.2,14.3,14.1,32.0,18.2,27.0,8.1,15.2,17.2,47.0,50.0,19.2,19.2,23.0,23.2,12.1,5.2,23.2,27.0,9.2,4.1,23.8,38.0,12.2,6.1,27.6,22.2,5.1,7.0,5.1,3.1,26.5,35.6,32.3,38.0,31.3,21.4,16.3,8.2,10.0,18.6
1772714261.3396897,39.8,50.5,22.0,16.2,17.0,11.2,18.2,13.1,10.3,11.2,13.1,24.2,21.0,18.8,15.0,11.2,27.6,13.1,8.0,15.2,29.7,20.0,50.5,46.0,22.8,22.0,15.3,19.0,11.1,9.1,22.0,24.5,5.1,5.0,23.2,35.0,11.2,15.0,25.3,17.2,4.1,3.0,4.1,11.1,38.0,23.0,38.6,43.0,31.3,35.0,13.1,12.1,9.2,19.0
1772714262.350081,50.5,55.3,20.0,10.0,8.1,8.9,35.4,31.0,5.0,2.0,19.8,12.9,16.0,21.8,8.9,16.8,28.7,19.2,8.0,9.1,13.9,16.0,45.1,51.0,15.8,23.5,21.8,19.4,3.1,7.8,20.0,20.0,10.8,5.0,34.7,20.8,5.0,17.5,24.8,16.7,3.0,4.0,3.0,4.0,36.3,18.6,43.1,33.0,39.2,38.0,8.9,10.9,10.0,15.0
1772714263.3502545,48.5,30.0,17.3,17.2,10.2,4.1,32.0,35.7,12.1,18.4,14.3,22.4,18.0,18.0,14.4,10.2,27.3,19.4,8.2,13.3,19.4,21.4,44.0,50.0,25.0,19.0,18.0,12.5,8.0,6.2,22.4,21.4,6.1,4.1,32.0,26.5,15.3,7.1,27.0,12.2,4.0,4.1,4.1,3.1,37.0,20.6,35.4,25.3,35.4,44.0,13.3,9.2,9.2,17.3
1772714264.350335,56.9,47.5,21.0,10.1,11.0,17.2,19.0,16.3,14.9,12.1,24.2,13.9,17.2,14.1,14.0,11.1,11.2,29.0,15.0,20.8,20.8,8.0,51.0,45.5,21.8,18.0,14.0,13.0,13.3,6.1,18.4,25.0,10.1,3.0,29.7,27.7,15.3,10.0,23.2,18.2,7.1,3.1,3.0,4.1,28.3,22.0,23.2,33.7,44.0,31.3,12.2,10.1,15.3,13.1
1772714265.3531868,44.9,39.2,16.0,9.0,13.0,10.1,26.5,23.5,6.1,9.0,10.0,22.0,16.0,12.1,8.0,14.1,19.0,27.3,20.0,15.8,22.0,11.8,46.6,41.8,19.0,19.0,21.0,23.0,7.0,6.1,23.0,15.2,7.0,6.1,38.4,37.0,6.1,12.0,6.9,30.0,3.1,5.0,5.0,9.2,28.7,27.7,29.7,25.3,42.0,33.0,9.0,10.2,11.0,13.0
1772714266.3532736,55.4,46.5,18.6,13.4,6.1,9.2,27.6,39.6,6.1,4.1,19.4,19.4,16.0,17.3,9.1,17.2,26.3,11.2,18.0,22.4,25.0,13.3,46.9,52.5,16.2,24.2,16.0,20.4,14.1,9.2,24.2,16.0,6.1,14.3,28.3,32.0,18.4,8.2,23.5,25.0,5.1,2.1,2.1,5.1,24.2,34.0,28.6,31.0,47.6,25.3,9.3,14.0,14.1,15.3
1772714267.3557918,37.1,54.4,14.1,17.2,10.0,7.0,26.5,22.4,13.3,12.0,10.0,28.4,20.8,14.7,16.8,9.0,28.3,18.0,12.9,24.8,5.9,20.8,46.1,42.6,21.8,15.7,19.0,20.6,13.3,12.9,11.1,12.1,4.0,31.7,33.7,22.8,13.9,8.1,22.0,21.4,2.0,4.0,4.0,3.0,26.0,27.0,24.8,33.0,38.6,30.0,12.7,10.1,11.2,16.0
1772714268.3580494,27.3,31.0,13.0,17.2,16.3,10.1,12.1,17.2,12.1,13.1,11.1,33.0,15.3,12.2,6.1,15.8,21.2,20.2,13.0,24.8,14.0,30.7,39.4,36.4,23.0,19.2,14.0,16.0,9.1,12.2,29.0,16.8,9.1,7.1,31.3,25.3,12.4,7.1,29.3,17.8,12.1,3.1,2.1,5.2,24.0,29.7,37.0,36.4,35.7,32.7,6.1,10.1,7.0,17.3
1772714269.3591797,56.6,52.9,13.3,14.1,11.1,9.2,34.0,21.2,10.2,6.1,25.5,15.2,23.0,12.0,6.2,15.5,19.2,32.0,24.0,15.3,9.3,17.2,40.8,39.8,16.0,23.8,19.2,23.2,6.2,7.1,30.3,13.4,4.1,10.1,23.0,38.6,13.1,2.1,25.3,23.0,4.1,4.0,5.1,10.1,17.2,20.4,23.2,56.9,40.0,32.0,13.3,11.2,12.2,25.3
1772714270.360018,52.5,29.7,25.0,12.0,5.9,5.0,31.6,32.7,9.9,13.3,21.8,10.0,21.0,9.0,11.9,15.2,30.0,29.3,26.0,13.9,19.8,26.7,46.0,47.1,20.8,18.0,26.0,20.8,8.0,7.9,30.3,19.0,4.0,7.2,26.0,29.0,12.0,11.9,25.0,21.0,9.2,9.0,4.0,4.0,16.2,5.1,28.0,42.0,39.2,34.3,10.0,10.1,12.1,14.0
1772714271.3627057,50.0,64.4,17.0,12.1,12.2,13.3,23.5,19.4,14.4,16.2,28.3,21.2,16.2,15.2,10.2,11.2,23.5,28.3,22.8,15.0,15.2,9.2,48.5,45.5,20.2,17.2,16.3,10.2,8.2,11.2,31.0,17.2,4.0,12.1,25.0,29.0,12.2,6.1,24.2,22.2,13.1,8.2,6.1,3.0,11.1,23.2,25.3,37.4,40.4,31.3,5.1,11.2,15.2,10.2
1772714272.3644764,46.5,38.6,15.2,17.3,12.2,11.2,18.2,15.3,12.1,10.1,16.0,19.4,19.0,20.2,14.0,12.9,11.1,30.0,12.2,30.0,18.8,23.8,34.0,46.5,24.8,16.8,20.6,27.0,8.0,5.1,33.0,21.8,2.1,13.9,26.0,34.0,9.1,9.2,21.2,28.3,4.0,6.1,4.1,3.0,13.4,25.3,41.6,32.0,29.0,27.6,10.2,10.2,8.2,17.0
1772714273.364735,54.5,43.6,12.4,21.8,8.0,7.0,22.2,30.3,5.1,4.0,20.0,15.0,17.2,15.3,15.3,9.3,19.0,28.6,26.7,12.9,19.2,14.0,27.3,39.8,17.0,23.0,15.2,15.0,7.1,5.1,16.2,27.6,10.1,12.2,26.0,32.0,9.1,6.1,21.4,21.2,7.1,2.1,3.1,13.3,8.0,28.0,20.2,40.0,21.0,16.0,11.0,11.0,11.1,13.3
1772714274.3665776,52.5,55.9,17.3,15.2,3.1,7.1,38.8,35.4,11.1,3.1,16.8,25.0,20.0,17.0,17.2,8.9,20.2,8.2,21.8,20.2,16.0,21.2,47.5,32.7,21.0,20.2,16.0,22.0,7.1,8.1,22.0,29.0,5.1,6.0,35.0,22.0,12.1,16.0,27.7,23.5,6.1,5.1,4.1,6.0,30.7,29.0,39.0,33.0,30.3,36.4,10.1,15.0,10.2,21.6
1772714275.3680277,44.3,50.0,21.6,15.0,17.0,11.1,23.2,29.3,11.0,16.8,23.0,15.8,18.0,16.0,14.0,15.3,25.3,4.0,23.2,18.8,18.8,22.8,42.6,31.0,17.2,24.5,18.2,20.0,9.2,16.0,22.2,24.2,6.1,9.2,38.0,18.0,8.0,15.2,25.3,18.0,5.1,7.0,4.1,3.1,22.2,32.7,39.6,36.6,38.6,35.0,12.1,15.2,15.0,10.3
1772714276.3681417,49.5,44.6,8.2,21.4,15.2,9.4,11.2,20.4,12.5,11.1,27.3,12.2,23.2,14.3,14.1,13.0,22.2,5.1,18.2,22.2,21.0,7.1,28.6,44.0,18.2,22.0,13.1,20.0,4.0,6.2,25.3,21.6,4.1,3.1,28.3,23.2,2.0,11.1,25.5,22.2,3.0,4.0,2.0,7.1,22.0,37.4,38.4,46.0,40.6,42.6,13.9,10.3,9.3,16.2
1772714277.368718,37.6,29.7,14.0,15.8,5.1,4.0,10.1,16.2,4.0,12.0,24.2,16.0,17.2,21.8,5.1,8.2,20.4,5.1,29.0,13.0,13.0,14.0,29.0,36.6,21.8,21.0,13.1,15.0,5.0,6.0,22.4,25.0,3.0,3.1,20.0,29.0,3.1,7.0,20.2,28.3,4.1,1.0,3.1,2.0,23.0,29.0,39.0,38.0,44.0,21.4,4.1,10.0,13.9,7.1
1772714278.36953,42.3,32.7,16.3,14.3,4.1,2.0,23.0,42.4,4.0,18.2,25.0,12.1,16.2,18.4,6.1,10.2,21.0,6.0,24.8,17.2,24.0,13.1,47.0,42.4,16.2,25.3,18.0,19.0,2.0,8.1,19.8,18.0,8.1,5.1,28.0,18.0,9.1,11.1,19.8,25.0,6.1,4.0,10.1,5.1,29.6,23.2,34.0,44.6,38.0,33.7,7.1,11.1,12.0,10.1
1772714279.3706768,40.6,31.4,22.0,3.0,3.0,3.0,32.0,36.4,3.0,3.0,21.2,20.8,19.8,19.6,9.0,4.9,20.2,3.0,19.8,21.8,14.0,10.0,33.3,35.3,19.6,24.0,12.7,11.0,3.0,4.0,17.2,6.1,4.0,2.0,28.7,14.0,5.0,5.1,21.2,21.2,2.0,3.0,6.0,4.0,27.7,31.7,33.7,49.0,32.7,36.0,6.0,6.0,6.1,11.0
1772714280.3778255,30.0,31.0,13.0,11.9,4.0,3.0,10.1,14.1,3.0,3.0,7.9,21.2,16.8,16.0,8.0,4.0,18.8,2.0,22.0,15.0,6.0,17.0,29.0,28.0,18.0,19.8,9.1,10.8,4.0,4.0,8.2,9.1,4.0,2.0,14.1,21.8,3.0,5.1,15.0,18.8,2.0,4.0,3.0,4.0,20.8,25.0,26.3,41.4,19.0,25.0,5.0,8.1,3.1,9.1
1772714281.377913,37.8,36.3,22.4,3.1,3.0,3.1,6.1,13.1,2.0,7.1,17.0,24.5,21.0,19.2,4.1,3.0,23.0,1.0,10.1,13.1,20.0,3.0,24.0,23.2,20.8,20.8,11.0,11.1,1.0,2.0,10.1,11.9,1.0,2.0,20.0,16.5,0.0,6.0,18.2,16.0,2.0,3.0,1.0,2.0,19.0,22.8,30.0,35.0,35.4,18.4,3.0,4.1,4.0,6.0
1772714282.377998,56.6,39.6,11.2,16.0,14.1,10.0,12.1,13.0,18.2,11.1,14.1,20.2,11.2,18.4,12.0,7.1,24.2,12.2,5.0,14.9,19.2,6.1,34.0,30.0,22.0,21.2,13.0,11.9,5.0,4.1,13.7,12.0,2.0,5.1,31.4,25.7,3.0,9.2,21.8,20.0,1.0,11.0,2.0,6.0,16.0,13.3,36.0,24.8,35.0,33.7,6.1,10.0,14.1,7.1
1772714283.38048,41.4,42.6,12.0,15.2,11.2,12.0,12.2,12.4,12.2,10.0,14.0,23.0,20.0,20.0,7.0,9.0,31.0,18.0,11.0,12.1,5.0,21.8,29.0,34.0,17.8,24.0,12.0,12.0,6.0,5.1,19.2,7.1,2.0,4.0,27.0,25.0,3.0,5.1,22.2,20.4,3.0,5.2,3.0,2.0,18.2,18.8,32.0,27.3,34.3,36.4,5.1,4.1,12.0,4.0
1772714284.3859756,33.7,52.0,12.0,17.0,5.9,5.1,17.0,10.0,18.0,3.0,16.0,23.8,19.0,20.8,14.0,5.0,28.0,12.1,2.0,18.8,11.0,20.2,36.6,33.0,19.0,22.8,23.0,26.0,5.1,6.9,27.3,16.7,4.0,9.0,22.0,28.7,10.0,12.0,23.8,22.0,4.0,4.0,5.9,2.0,18.0,19.6,32.7,21.0,28.0,32.0,10.1,6.0,11.1,14.0
1772714285.389008,41.4,34.3,7.1,18.0,3.1,2.0,21.0,21.0,5.0,3.0,24.0,7.1,17.6,18.0,9.0,10.0,12.9,30.0,3.0,16.0,25.0,14.9,41.0,42.2,22.5,19.0,12.7,12.7,9.0,11.0,20.0,26.3,6.1,7.0,26.0,20.2,6.0,5.1,16.0,23.5,2.0,3.0,3.0,3.0,21.0,21.2,25.7,18.8,17.0,14.0,6.9,7.0,5.1,11.0
1772714286.3919494,40.4,42.0,22.0,12.0,8.0,7.1,42.4,25.5,10.9,4.0,15.2,21.0,14.0,14.0,13.0,13.1,30.0,19.2,9.0,17.2,22.0,9.0,48.0,47.5,14.9,26.0,21.0,12.1,6.0,4.1,18.0,23.8,7.1,5.1,36.0,21.0,12.2,8.0,26.0,17.8,4.0,2.0,4.0,4.0,19.2,38.0,50.5,15.2,20.4,20.2,6.1,13.3,9.9,16.0
1772714287.3920312,50.5,38.6,13.3,19.0,16.3,9.0,28.3,24.5,8.1,17.0,21.2,10.1,11.1,17.0,11.2,11.2,14.3,23.2,11.2,6.1,20.8,18.4,51.0,42.0,17.0,18.0,20.0,21.2,4.1,7.0,14.1,25.3,4.1,10.0,26.3,29.0,11.0,13.1,23.0,13.3,4.1,2.0,2.1,10.1,20.2,34.0,33.3,41.2,39.6,31.0,6.1,12.1,14.1,10.2
1772714288.392115,42.9,55.4,13.3,10.2,12.2,10.1,13.1,12.1,11.2,11.2,17.2,11.1,13.1,15.2,14.3,9.0,17.0,31.0,8.1,14.3,10.2,13.0,43.4,41.4,22.0,20.6,11.1,11.0,8.1,4.1,23.0,24.0,8.1,3.0,26.3,30.3,1.0,13.1,18.0,18.0,4.0,5.2,4.0,5.0,18.4,34.0,26.7,50.5,40.6,30.3,9.1,9.3,10.2,12.2
1772714289.3959315,36.7,50.5,17.8,18.2,7.8,6.0,31.0,29.0,5.9,4.0,21.8,16.0,18.8,15.8,11.9,11.1,30.0,12.0,19.6,22.3,24.8,10.1,51.0,48.5,19.8,20.8,22.8,18.0,11.0,6.1,24.8,19.4,6.9,4.0,35.3,21.6,11.9,9.0,20.2,25.0,9.0,8.1,20.0,7.1,19.0,32.7,29.7,52.9,39.4,39.6,13.0,10.9,10.0,17.0
1772714290.396011,47.4,57.0,19.2,16.0,9.2,9.1,36.0,30.9,8.2,9.1,14.1,18.0,14.4,15.3,9.2,17.3,36.0,14.1,21.4,17.2,26.0,12.2,47.5,39.4,16.2,23.2,24.2,21.2,6.2,8.1,27.6,18.4,10.3,4.0,34.3,21.4,18.2,2.1,25.3,19.4,30.6,4.0,3.0,12.1,9.2,24.2,38.4,43.0,42.0,30.6,13.1,9.1,15.3,12.2
1772714291.397077,48.5,38.8,9.2,17.8,13.1,13.1,26.0,21.0,20.2,20.2,23.2,8.2,24.8,19.8,9.0,13.9,17.2,21.2,24.5,12.1,15.2,10.0,27.0,37.3,23.8,16.8,11.0,13.0,6.0,8.0,20.0,23.0,3.1,4.0,25.0,30.0,11.0,8.0,20.2,18.6,4.0,4.0,11.0,3.1,8.2,18.8,41.2,33.0,37.3,32.0,8.1,8.1,10.0,15.2
1772714292.4022467,36.7,43.0,21.0,12.4,10.1,8.2,11.2,16.3,18.2,14.1,23.5,10.0,12.2,19.2,16.0,10.2,22.2,22.2,15.0,24.0,18.8,24.0,26.3,23.2,21.0,22.0,20.8,18.8,6.1,6.1,21.2,19.2,5.0,8.2,38.4,32.7,9.2,11.1,9.3,26.3,2.0,5.0,2.0,4.0,6.1,9.3,34.3,28.3,44.6,28.6,6.2,12.1,16.2,6.1
1772714293.402311,54.5,47.1,17.0,10.0,3.1,2.0,12.0,17.0,4.0,1.0,18.0,24.0,19.0,20.0,8.0,5.1,11.0,32.0,23.0,15.8,2.0,21.0,19.2,28.0,20.0,20.8,14.1,14.0,5.1,4.0,17.3,20.4,3.0,5.1,34.7,26.3,6.1,2.1,27.7,19.2,3.0,3.1,1.0,4.1,10.2,8.1,16.3,25.7,31.3,27.7,6.0,8.0,9.0,7.1
1772714294.4025118,50.5,40.6,6.0,18.0,5.1,3.0,22.2,18.2,3.1,3.0,25.0,11.2,19.0,17.2,4.0,7.0,10.1,32.0,17.2,23.2,11.1,10.9,10.0,19.0,22.0,20.0,11.0,11.1,2.0,5.0,11.0,13.9,3.0,5.0,15.0,28.3,1.0,5.1,23.8,25.0,2.0,3.0,2.0,3.0,12.1,5.0,10.1,28.0,21.0,23.0,3.0,5.1,9.1,5.0
1772714295.4025903,42.4,39.6,9.3,12.7,4.0,2.0,23.0,17.3,3.0,5.1,18.0,16.0,16.3,17.0,4.0,8.2,11.0,30.0,15.8,25.0,5.0,17.2,9.0,24.0,20.0,20.0,11.1,10.9,1.0,5.1,16.2,5.1,1.0,4.0,21.2,17.8,2.0,5.1,24.0,16.2,0.0,3.1,2.0,4.0,7.9,7.1,12.0,24.8,15.3,24.0,5.1,6.1,4.0,10.1
1772714296.4026783,40.4,28.7,10.0,18.4,5.1,3.1,28.0,19.4,4.1,3.0,26.3,15.2,19.8,21.8,3.1,9.0,13.1,28.6,13.9,27.0,3.1,18.8,38.0,26.0,20.8,21.6,21.0,12.1,6.0,9.1,21.0,7.1,2.0,4.1,23.5,21.2,6.1,8.0,20.0,20.2,4.0,5.1,3.0,6.1,11.2,22.0,28.0,14.1,28.3,25.3,9.0,9.1,6.1,11.0
1772714297.4045045,28.1,24.8,16.2,9.0,5.0,5.0,20.2,16.0,4.0,1.0,19.0,10.1,12.1,15.2,3.0,4.0,11.0,28.7,21.8,17.8,2.9,19.8,21.0,28.0,17.8,16.0,10.0,10.9,8.1,17.0,11.9,2.0,3.0,2.0,14.1,18.0,2.0,3.0,18.0,10.1,2.0,3.0,4.0,1.0,12.9,17.3,25.7,23.0,6.9,14.0,6.0,2.0,4.0,3.1
1772714298.4055538,34.7,33.0,8.9,20.0,14.1,9.0,15.2,14.1,15.2,10.2,25.3,14.0,19.0,19.0,11.0,11.0,18.0,27.3,27.7,12.7,6.1,19.0,40.6,28.7,20.0,21.0,9.9,14.9,9.1,10.1,21.0,9.1,3.1,6.1,19.8,32.7,10.8,8.2,26.3,21.0,7.1,3.0,4.0,4.0,18.0,21.8,30.7,52.5,26.3,22.2,9.0,10.0,13.7,14.0
1772714299.4057202,45.5,33.3,11.3,16.2,15.2,9.1,14.1,11.1,18.4,15.0,17.8,23.0,21.8,15.2,8.0,7.1,11.3,18.4,25.0,18.0,25.0,8.1,17.5,23.5,22.0,21.0,27.6,26.0,3.0,6.1,20.2,25.0,4.0,7.1,15.3,30.3,1.0,10.9,23.2,19.2,6.1,2.0,2.0,5.0,29.6,27.0,35.4,44.0,22.0,24.2,5.1,9.1,7.1,9.3
1772714300.4087677,45.9,41.7,18.2,10.0,8.2,7.1,19.0,20.0,13.9,8.2,20.0,21.0,20.0,19.2,6.1,10.1,2.0,23.0,26.5,16.0,22.0,14.0,30.7,24.0,23.5,24.8,14.0,12.0,5.1,8.0,23.2,23.0,2.0,4.0,23.8,29.3,7.0,6.1,24.0,26.7,5.0,8.1,5.9,4.0,21.8,21.0,43.0,39.0,31.0,24.0,7.0,10.1,11.1,9.0
1772714301.4088538,39.8,40.0,10.2,21.2,5.1,6.1,24.5,35.7,7.1,5.2,18.4,19.0,5.2,23.2,13.0,8.0,9.0,21.2,12.1,27.3,6.1,17.3,26.5,27.6,16.2,20.2,11.1,13.3,6.1,3.1,15.3,27.6,5.1,2.1,31.3,28.3,6.1,11.2,25.7,12.2,2.1,31.7,10.2,3.1,15.2,23.2,16.0,30.3,20.2,35.3,6.0,12.1,14.0,9.1
1772714302.409265,55.6,51.5,12.9,19.0,9.2,14.0,36.1,27.0,4.0,27.5,13.1,18.2,18.2,13.0,14.3,11.1,4.1,19.2,13.1,27.0,13.3,26.7,47.5,38.2,18.0,22.8,18.8,22.5,7.0,7.0,18.0,27.0,12.0,4.0,23.2,31.7,15.0,8.0,22.7,15.0,3.1,5.1,4.0,5.1,25.0,22.0,22.2,25.3,23.8,34.0,9.1,14.0,7.1,17.0
1772714303.4096136,53.1,44.6,10.2,15.0,12.2,10.2,14.3,20.2,15.2,9.0,19.8,21.8,19.0,19.8,14.1,6.0,2.0,19.4,12.0,28.0,10.0,15.2,45.0,44.9,20.0,23.2,15.0,17.0,3.1,7.1,23.2,22.2,3.1,3.1,24.8,29.6,4.1,5.1,24.8,23.8,4.0,4.0,4.1,5.0,29.3,34.0,51.0,29.0,43.4,23.5,3.0,10.2,14.1,9.2
1772714304.423902,33.7,50.5,20.8,9.9,8.0,9.0,11.9,15.8,13.9,13.1,20.0,13.7,16.8,17.8,9.9,5.0,13.7,20.8,19.6,21.8,9.9,20.6,46.1,35.3,22.8,16.8,15.8,17.8,10.0,7.9,20.6,26.5,4.9,2.0,24.8,24.3,7.0,4.9,16.2,17.0,4.0,3.0,4.0,3.0,32.4,19.0,41.2,41.7,40.4,32.0,8.0,6.1,5.9,12.1
1772714305.424404,35.1,48.5,12.1,17.3,2.0,6.1,22.0,11.1,16.3,3.1,28.7,12.1,18.2,16.2,5.1,15.2,22.0,21.2,11.1,16.0,6.0,21.2,38.4,46.0,19.0,22.5,14.3,12.9,5.1,4.0,22.2,24.0,4.0,10.1,29.0,23.2,7.1,8.1,21.2,26.3,1.0,7.1,2.0,3.1,32.7,24.2,41.4,40.0,41.4,31.4,8.0,6.9,11.0,6.1
1772714306.4275072,49.0,43.1,12.1,8.1,3.0,2.0,31.3,27.3,5.9,3.0,23.0,6.0,12.9,10.0,7.1,7.1,11.1,20.0,5.1,9.0,13.0,25.0,44.0,45.5,16.0,19.8,20.0,17.3,3.0,4.0,19.6,19.0,4.0,10.0,33.0,18.0,11.2,0.0,16.8,21.8,6.1,17.0,10.9,4.0,35.4,19.8,32.7,35.0,26.7,35.4,8.1,6.1,9.2,13.0
1772714307.4336424,42.3,46.5,16.8,14.0,13.9,14.3,28.6,28.3,14.9,12.1,24.8,11.1,13.1,16.0,12.0,11.8,19.2,29.7,7.0,16.2,11.1,15.0,41.6,47.0,26.7,12.1,15.8,14.7,6.0,6.0,19.8,23.2,3.1,11.0,32.7,26.7,10.1,10.0,12.1,25.3,8.9,8.2,2.0,5.1,35.6,13.0,45.0,29.0,40.6,27.0,5.9,11.0,18.6,8.0
1772714308.4371219,51.5,36.0,16.2,11.1,12.4,11.1,10.1,18.2,11.1,13.1,21.0,13.0,21.0,5.1,16.0,10.1,18.2,27.3,13.3,3.1,8.1,21.8,45.5,45.0,20.0,15.8,14.0,13.1,6.0,4.0,24.5,16.3,4.1,2.0,23.2,31.3,6.1,7.1,22.2,15.0,3.1,5.1,3.0,7.1,35.6,22.2,38.2,31.0,31.6,37.0,10.1,10.2,11.1,13.9
1772714309.438317,47.5,51.0,18.6,9.2,7.1,3.1,25.0,21.2,5.1,4.0,15.3,16.2,12.1,17.0,8.2,17.2,12.1,26.0,15.3,12.2,15.0,24.0,52.5,40.4,20.8,20.0,28.0,29.3,9.2,9.1,17.2,12.2,4.0,11.0,27.7,31.0,13.1,9.0,15.0,21.0,3.1,9.1,4.0,6.1,28.7,21.8,46.0,32.0,33.7,36.0,7.0,16.2,8.2,14.4
1772714310.4417994,44.9,31.7,25.0,6.1,10.9,10.0,31.6,33.7,8.9,12.9,13.0,23.2,14.3,16.0,11.0,12.0,18.8,30.3,15.8,23.5,7.0,20.0,46.5,48.0,14.0,22.0,11.0,10.0,7.0,4.0,16.8,18.8,10.0,2.0,23.5,33.3,2.0,11.0,13.0,23.2,9.0,3.0,8.2,11.0,26.0,34.0,50.0,27.7,36.6,42.4,10.1,10.9,16.0,10.0
1772714311.444841,47.5,52.0,20.0,14.3,13.3,16.2,28.0,24.5,13.3,15.3,9.1,22.8,16.2,17.2,18.2,11.2,25.5,19.0,17.3,21.8,15.2,29.0,43.4,45.5,22.0,18.0,23.0,22.0,3.1,10.2,21.4,23.7,3.1,9.3,34.3,21.0,4.1,19.2,19.0,30.7,6.2,3.1,5.1,2.1,27.3,32.3,37.8,42.0,35.7,35.4,6.2,14.4,9.3,16.3
1772714312.448745,45.5,40.0,22.0,14.1,11.9,9.2,15.2,18.2,10.2,9.0,7.1,29.0,13.0,22.0,16.0,11.0,30.7,13.3,27.0,13.0,11.1,19.8,44.0,51.5,22.0,18.8,19.0,24.8,11.1,9.1,18.2,29.7,3.1,5.1,41.2,17.0,14.0,11.1,11.1,27.3,5.0,4.0,1.0,4.0,20.0,23.0,42.0,15.3,33.7,28.0,14.7,7.0,12.0,16.2
1772714313.4516273,64.0,48.5,20.2,10.1,5.1,2.0,26.5,35.0,11.9,2.0,9.1,26.3,13.1,13.1,9.2,15.0,26.3,18.2,23.8,13.1,19.8,21.0,35.0,35.0,14.0,26.0,17.2,20.2,4.0,6.9,27.3,20.0,1.0,7.0,33.0,23.8,11.0,9.8,24.8,13.0,4.0,4.0,10.1,6.1,19.8,18.0,28.0,27.0,17.0,13.1,9.1,7.2,10.1,13.1
1772714314.452763,48.0,30.7,14.4,17.0,9.1,9.1,32.0,32.0,37.1,9.1,10.9,20.2,17.0,16.0,13.3,13.3,17.2,26.0,16.8,25.3,19.8,6.1,36.4,42.4,20.0,18.2,19.0,16.2,8.0,6.1,9.8,31.3,4.1,4.0,30.0,27.3,11.0,6.1,17.0,23.2,2.1,4.0,4.1,6.1,23.7,12.1,21.2,36.0,31.3,36.4,14.1,7.0,14.9,12.2
1772714315.4543738,61.8,52.0,21.2,11.1,17.0,7.2,16.2,14.1,16.2,16.2,18.4,19.0,15.2,15.0,6.2,18.2,19.0,29.0,20.2,20.0,25.0,15.0,52.0,43.0,19.0,21.8,10.9,13.0,9.1,5.1,27.3,17.2,4.0,12.1,28.3,31.4,5.1,11.1,13.1,25.5,3.0,22.0,3.1,4.0,22.8,19.0,27.3,57.4,49.5,28.3,14.3,5.2,9.2,19.4
1772714316.4544456,38.8,38.6,21.2,11.1,12.4,10.0,28.3,21.4,10.2,16.0,29.3,28.7,15.0,19.0,13.1,10.1,12.4,28.7,17.8,21.0,13.3,16.8,46.0,40.6,15.0,21.2,27.0,29.3,9.2,6.1,21.2,18.2,3.1,9.2,34.3,23.2,11.0,13.1,12.0,26.7,3.0,4.0,3.0,3.1,8.2,28.0,33.0,43.4,43.4,31.3,10.1,9.3,14.0,10.0
1772714317.4557128,47.5,47.6,19.2,13.3,6.0,1.0,32.7,34.7,9.2,13.4,16.0,20.2,18.2,12.2,13.1,14.1,18.2,27.3,25.3,15.0,18.0,16.0,43.0,32.3,22.0,19.0,10.0,15.8,6.1,5.1,23.0,27.0,1.0,3.1,21.8,33.3,7.1,12.1,28.6,23.5,4.0,2.1,10.2,4.1,12.1,25.0,26.7,52.0,41.6,36.6,11.1,11.1,6.2,21.2
1772714318.4575646,33.0,37.0,18.8,10.0,10.2,12.0,25.0,19.2,9.9,14.0,20.8,9.1,14.0,11.1,13.0,9.2,20.4,23.5,24.0,13.7,15.2,19.0,30.7,40.0,19.0,17.0,18.2,20.0,7.0,5.1,18.6,22.0,10.0,2.0,14.1,35.3,7.1,10.1,12.0,27.7,3.1,4.0,3.0,3.1,22.4,25.3,21.0,53.0,34.0,33.7,8.9,10.1,16.0,29.0
1772714319.4599514,37.5,37.0,15.2,15.3,13.1,13.3,24.2,15.3,11.2,14.1,24.5,7.1,16.2,14.0,12.0,15.0,31.0,15.2,16.2,25.3,18.2,16.2,29.0,47.5,24.8,18.0,18.8,19.0,8.1,12.1,26.0,19.0,6.1,4.0,34.3,35.0,12.2,6.1,18.4,27.6,4.0,4.1,4.0,3.0,29.3,21.0,42.0,38.0,35.6,40.0,9.0,16.0,16.2,12.1
1772714320.4645195,41.0,34.3,17.3,13.1,8.2,6.1,37.4,30.0,12.1,11.1,15.0,18.8,15.8,14.3,12.2,14.0,19.2,28.0,22.0,16.8,25.7,12.0,32.0,38.0,21.0,19.6,27.0,26.0,9.2,18.4,9.0,18.4,2.0,10.1,34.0,33.0,13.9,9.0,18.8,23.8,3.0,5.1,7.1,7.1,28.0,31.0,37.0,33.7,24.2,20.0,9.1,9.2,12.0,13.4
1772714321.466808,41.0,33.0,17.2,12.9,4.0,5.1,32.0,27.3,3.0,21.2,12.1,20.2,13.0,17.8,7.0,14.1,13.0,28.3,25.7,14.9,16.7,17.8,37.0,35.6,21.8,21.0,15.0,17.0,11.0,11.0,21.2,18.2,2.0,4.0,29.0,21.8,11.0,5.0,14.1,18.2,3.0,2.0,5.9,4.0,21.0,28.7,23.2,29.7,18.2,14.9,13.1,6.1,9.1,14.9
1772714322.467223,36.1,38.6,13.3,15.0,18.4,11.1,13.3,16.5,11.2,34.3,10.3,21.2,17.3,10.1,8.2,14.1,26.3,22.0,19.2,18.0,15.2,20.2,38.6,31.3,19.2,16.0,14.0,14.7,6.1,7.2,22.0,25.0,3.1,9.3,34.0,24.2,7.1,11.0,29.0,11.1,7.1,3.1,4.0,3.1,25.5,32.0,23.0,26.5,24.0,10.3,10.1,8.1,12.2,10.1
1772714323.4695895,50.0,47.5,15.3,14.1,12.2,11.1,38.0,27.7,12.2,12.9,15.8,14.9,16.0,14.0,12.0,14.7,21.2,9.2,21.8,17.0,16.8,17.2,34.0,37.6,18.8,22.8,27.0,21.2,6.1,14.0,17.2,26.7,4.0,10.9,32.7,28.4,9.0,13.1,22.0,15.0,4.0,4.0,5.1,3.1,25.7,29.0,30.0,28.4,22.0,12.0,11.0,11.1,8.1,19.0
1772714324.4696834,48.0,47.0,17.0,12.2,6.2,5.2,35.1,27.8,7.1,10.3,25.3,9.1,17.2,17.3,16.2,8.2,22.2,22.4,20.0,21.2,14.3,25.0,36.4,37.4,19.4,22.2,19.0,21.2,5.0,11.1,21.2,25.3,4.1,4.1,29.0,24.5,8.1,5.2,25.3,17.2,3.1,5.2,9.3,6.1,16.3,19.2,16.5,25.8,14.1,23.2,11.2,10.3,10.2,16.2
1772714325.4770343,52.0,38.2,13.3,12.2,4.1,4.0,19.0,14.1,5.0,28.0,21.0,15.2,14.0,11.0,11.2,11.0,16.3,17.2,19.8,17.8,10.9,16.0,35.0,37.6,20.4,17.0,17.8,18.8,6.0,6.0,13.1,25.0,9.1,2.0,21.2,36.3,10.1,9.1,9.1,26.0,6.1,15.3,3.0,5.1,23.0,27.0,20.8,24.5,35.0,29.0,7.0,13.0,12.0,15.2
1772714326.4785483,39.8,36.3,8.1,15.8,15.8,9.8,14.0,19.6,19.6,18.8,9.8,21.6,13.9,12.6,15.7,6.9,6.9,18.8,2.9,16.8,17.5,20.4,42.6,43.1,15.8,20.6,11.9,13.6,10.9,4.0,22.5,17.6,16.8,2.0,29.1,23.5,9.9,4.9,21.8,12.9,6.9,5.0,4.0,2.0,35.9,17.6,48.0,26.0,35.3,33.3,7.9,8.9,11.9,10.9
1772714327.4787138,35.4,42.0,18.2,14.3,13.1,10.4,33.3,31.2,20.6,26.3,15.5,18.4,11.3,14.3,7.2,13.4,25.8,18.6,9.3,6.2,6.2,18.4,43.4,46.4,19.6,19.2,20.4,20.6,7.1,6.3,23.7,17.7,11.5,10.3,26.8,24.7,6.1,15.3,13.4,24.2,7.2,3.1,7.2,3.1,30.3,26.5,41.4,35.7,30.6,35.7,6.3,8.2,9.3,16.7
1772714328.4794335,40.4,51.0,17.3,8.0,5.1,4.0,30.6,26.3,7.1,5.1,15.2,14.1,12.9,14.1,14.1,12.0,26.3,14.9,14.1,5.1,21.0,12.1,40.6,54.5,19.6,20.0,20.8,24.2,1.0,6.1,26.0,17.0,3.0,4.0,19.8,34.7,12.2,7.1,13.0,26.7,19.8,4.0,3.0,12.1,35.0,16.2,41.0,33.3,39.6,31.3,7.0,11.0,6.1,19.0
1772714329.4804869,51.0,46.5,11.2,23.0,4.1,7.1,18.4,10.1,9.1,2.0,14.0,21.2,21.2,23.2,15.0,9.2,30.7,17.2,8.0,15.2,11.1,26.0,38.8,37.8,16.2,22.8,18.0,19.0,9.0,5.1,26.3,20.2,8.2,4.1,23.2,35.6,10.1,11.0,14.1,25.5,22.2,4.0,2.0,5.1,35.6,20.0,41.6,19.4,27.3,30.3,15.2,7.1,11.1,18.0
1772714330.4833434,35.4,48.0,15.3,12.1,18.2,7.9,18.0,19.4,15.3,16.2,28.6,20.0,15.0,13.1,13.1,7.0,24.2,11.0,21.0,5.1,7.1,19.2,34.0,37.6,13.9,25.7,14.1,13.1,8.1,10.0,21.2,16.2,4.0,1.0,28.7,25.7,4.0,10.1,16.8,22.8,8.0,4.0,3.0,2.0,34.7,17.2,34.0,17.3,21.2,26.3,11.1,7.1,9.1,20.4
1772714331.4840994,54.1,44.6,11.3,14.1,12.4,10.2,37.0,33.3,14.0,12.1,33.0,31.7,18.4,17.0,12.0,12.1,28.6,19.4,20.8,18.2,29.0,13.0,47.0,48.5,25.0,15.0,18.2,20.0,7.0,5.1,17.2,23.0,2.0,9.2,23.2,35.0,9.1,9.3,19.0,23.2,2.0,4.1,6.1,3.0,33.0,19.4,32.3,48.5,35.6,33.0,10.0,7.1,17.2,9.1
1772714332.4896507,42.3,51.0,22.8,11.1,4.0,1.0,28.3,27.6,15.2,12.9,11.9,20.0,13.9,11.2,13.1,9.9,22.0,15.0,15.0,23.8,19.8,9.1,44.6,49.5,21.8,22.0,20.0,29.7,5.1,6.0,10.0,11.2,4.0,5.0,23.0,30.7,1.0,14.0,21.2,22.8,5.0,2.0,9.0,5.1,21.2,29.0,35.3,38.6,35.0,33.3,9.2,8.1,8.1,14.1
1772714333.489734,47.5,41.6,18.4,8.2,10.2,8.1,19.0,12.2,9.0,12.1,22.0,12.2,18.2,10.0,7.2,14.3,29.6,18.0,19.0,19.2,24.2,18.8,50.0,39.4,20.0,21.0,11.0,11.1,5.1,6.1,17.2,22.4,9.2,2.0,23.8,31.0,9.1,8.1,26.0,19.2,3.0,3.0,4.0,2.0,24.5,33.0,24.0,45.5,29.6,40.2,11.1,7.1,6.0,17.0
1772714334.4901912,41.4,53.0,19.2,8.1,15.2,11.2,29.3,30.0,13.1,12.1,17.3,14.0,14.0,12.1,12.7,12.1,24.8,15.3,12.0,24.0,10.1,15.2,45.1,43.1,18.2,15.8,19.0,24.8,12.0,10.2,20.0,24.0,8.2,4.1,30.6,24.0,9.1,11.1,26.5,9.0,3.0,3.0,3.1,4.0,18.2,22.2,28.0,47.0,24.2,46.0,10.1,7.1,13.3,11.3
1772714335.4935622,48.5,47.1,17.2,17.0,7.2,8.2,28.6,30.6,10.2,10.1,21.6,8.1,16.2,14.1,11.2,16.0,28.3,19.0,13.9,26.0,20.8,21.8,28.6,40.0,15.0,18.0,14.1,25.0,6.1,6.0,14.0,29.7,3.1,4.0,25.5,32.0,7.9,8.0,20.0,14.3,4.0,4.0,9.2,4.1,15.2,20.0,25.3,27.0,21.0,51.5,11.1,9.0,9.2,10.2
1772714336.4940858,49.0,52.5,15.2,20.0,5.1,4.0,23.2,22.4,6.0,3.1,20.0,14.0,15.0,23.0,8.2,17.2,12.0,30.0,20.0,21.0,17.2,9.3,30.7,46.5,21.6,18.4,18.0,19.2,4.1,8.1,21.4,29.7,9.2,3.0,26.0,31.4,13.3,10.0,18.0,24.5,3.0,3.0,2.0,4.1,11.0,8.1,44.6,34.3,41.6,38.0,12.2,10.1,19.8,8.0
1772714337.4954524,43.3,49.5,16.3,15.2,8.2,19.8,24.2,21.0,11.3,9.1,21.2,19.2,14.3,17.2,12.0,17.0,24.2,24.2,26.5,12.9,23.2,15.8,34.7,45.5,21.0,19.8,14.0,21.0,6.1,9.2,18.8,29.3,6.0,5.1,36.0,24.2,14.0,9.2,27.0,20.6,4.0,8.2,2.0,6.1,15.3,18.2,39.0,43.6,33.3,37.0,15.0,9.3,15.3,11.2
1772714338.4963768,35.4,39.8,18.0,15.0,14.1,11.2,33.3,33.7,13.9,12.9,16.0,23.0,15.0,13.1,8.1,14.0,21.0,21.2,27.5,12.0,9.1,23.0,30.0,41.0,16.2,22.0,13.9,11.1,9.0,11.2,12.1,27.3,10.3,2.0,22.0,34.0,8.2,13.1,26.0,17.8,4.0,6.1,2.1,3.0,17.2,24.8,37.0,39.0,40.0,38.0,11.0,10.1,17.2,14.1
1772714339.4981706,43.3,41.0,18.2,11.0,7.0,6.1,32.0,28.0,9.1,10.3,18.2,15.2,16.2,15.3,15.3,7.2,15.2,31.0,19.2,16.2,11.0,17.2,47.0,46.0,22.2,21.8,28.3,31.3,6.1,10.0,25.0,18.0,3.0,5.1,37.0,28.6,11.1,6.1,21.2,21.0,8.2,4.0,9.2,7.1,37.6,21.2,44.0,32.3,33.3,37.0,10.2,8.2,17.2,21.2
1772714340.5014582,55.6,53.9,25.0,16.2,11.3,4.0,18.0,22.2,5.1,4.1,12.1,27.0,19.2,17.0,12.0,16.8,34.3,15.3,25.7,15.2,30.7,17.0,45.5,47.5,18.8,24.0,13.0,16.8,20.2,13.1,20.6,26.5,10.1,4.1,36.0,36.0,11.1,11.2,15.0,26.0,39.0,3.1,7.0,3.1,37.0,18.4,50.0,29.7,34.3,42.4,17.3,8.2,17.0,15.2
1772714341.501524,47.5,47.5,20.4,9.2,13.0,19.8,26.5,34.7,10.2,15.2,11.1,22.4,24.8,12.1,18.0,7.2,30.3,11.3,17.0,24.2,16.2,11.9,48.5,51.0,24.0,18.2,15.2,19.8,8.1,8.2,24.0,31.0,9.2,5.1,25.7,32.0,11.0,17.0,14.0,27.3,11.2,4.1,7.1,6.9,40.0,24.8,46.5,25.3,17.2,30.0,9.9,17.0,13.1,33.3
1772714342.5027483,59.2,41.6,17.2,16.0,14.1,10.2,36.4,34.0,12.1,14.0,8.2,28.7,23.0,10.2,10.2,18.0,28.3,19.0,27.0,16.7,16.0,30.0,36.3,40.0,21.8,20.8,23.0,23.5,10.1,11.2,29.0,16.2,5.9,4.0,33.0,26.0,13.3,5.0,16.2,30.3,5.0,4.1,7.1,6.2,30.0,25.0,34.3,30.3,23.5,30.0,6.1,15.2,24.5,47.0
1772714343.503184,55.4,39.6,10.9,16.2,4.1,3.1,19.4,18.4,5.2,4.1,13.0,19.0,12.0,9.2,15.0,8.0,9.0,27.3,17.0,19.0,17.0,7.1,41.4,42.0,18.8,22.0,14.0,15.7,5.1,4.0,11.2,13.1,2.1,7.1,25.3,29.7,11.1,7.1,22.0,20.8,4.0,6.0,5.1,5.1,24.0,26.7,31.7,47.5,25.7,38.0,9.0,9.9,5.1,12.1
1772714344.5047276,44.4,33.7,14.1,15.0,7.0,4.0,17.2,13.1,4.0,5.1,9.0,23.2,16.2,14.1,13.0,12.2,15.3,20.0,13.0,29.0,10.9,24.8,47.5,41.4,18.2,22.0,21.0,21.2,5.1,7.1,13.1,15.0,5.1,4.1,20.2,38.4,11.0,4.0,15.3,29.0,4.1,3.1,4.0,2.0,27.0,25.0,43.0,37.0,47.0,24.0,7.1,15.2,8.1,19.2
1772714345.5079508,50.0,44.0,15.0,7.2,7.2,12.2,19.2,15.3,9.0,10.9,12.2,19.2,17.0,11.1,12.1,11.1,19.4,22.0,14.0,20.0,9.2,21.2,44.4,43.0,21.0,20.0,13.0,11.9,6.0,7.0,14.1,27.3,3.0,5.1,25.0,26.7,11.1,2.0,13.1,22.5,4.1,3.0,4.0,5.1,28.3,25.3,49.0,24.8,26.3,44.6,6.1,11.1,8.1,12.2
1772714346.513956,48.5,45.1,22.5,14.0,14.1,12.1,39.4,33.0,13.1,13.3,25.0,16.0,18.4,19.0,18.8,9.0,18.2,17.2,26.7,12.0,12.9,19.0,52.9,44.6,17.8,24.8,16.0,19.2,8.0,13.0,23.0,23.0,4.0,9.1,31.7,29.4,18.8,6.9,23.8,28.3,19.0,8.0,6.1,11.1,34.0,20.8,35.6,40.2,37.6,38.0,10.1,14.0,16.0,13.1
1772714347.5145488,54.5,48.5,16.3,14.0,11.1,8.2,30.9,30.6,9.2,9.2,15.0,25.3,20.2,27.3,17.3,9.0,20.4,4.0,5.1,18.0,18.4,26.0,50.0,46.5,24.5,17.3,26.5,23.2,4.1,7.2,30.3,18.2,11.1,5.0,24.2,33.7,13.1,8.2,36.4,15.2,7.1,4.1,10.2,6.2,24.2,17.7,38.8,24.2,47.0,33.7,11.0,13.3,16.3,24.5
1772714348.514621,52.5,32.0,16.0,13.0,6.1,3.1,18.0,13.1,5.1,2.0,9.1,24.8,26.0,22.0,17.2,28.6,21.6,16.0,4.0,16.0,9.0,21.0,42.6,51.0,16.8,25.2,11.0,13.9,7.0,7.0,31.0,17.0,3.0,6.0,29.7,27.7,8.0,8.1,28.4,16.0,6.9,2.0,4.0,3.1,24.2,19.6,41.2,36.0,35.0,21.4,5.1,16.2,17.0,11.1
1772714349.5154757,40.2,38.6,18.6,10.1,11.1,12.1,19.4,25.3,10.0,17.3,18.0,19.4,13.1,16.2,14.1,16.7,30.3,11.3,13.4,11.1,28.0,16.3,47.0,46.0,25.5,16.5,23.2,21.2,8.2,5.1,17.2,25.5,6.1,5.2,28.0,29.7,9.3,10.2,15.3,26.5,3.1,4.1,1.0,6.1,30.0,30.0,29.0,46.0,33.0,20.2,11.2,7.2,35.0,18.0
1772714350.5188527,44.4,47.6,15.2,15.2,13.4,11.0,30.6,31.3,23.2,16.2,24.0,10.1,14.0,12.4,12.0,11.1,26.5,22.0,14.0,3.1,21.0,7.9,46.5,44.4,23.0,17.8,12.0,12.0,10.0,12.0,19.2,18.2,7.0,4.0,29.7,25.0,5.1,10.2,28.7,15.0,4.0,5.0,4.0,4.1,16.0,35.0,29.3,50.5,19.4,29.0,12.2,6.2,22.8,12.4
1772714351.5191176,42.3,52.0,13.4,16.0,10.1,7.1,30.3,34.3,10.2,35.4,16.2,21.2,18.4,15.8,17.0,11.2,27.7,21.4,18.0,17.2,18.0,22.2,44.4,51.0,18.8,23.0,21.4,32.3,4.0,7.1,23.0,26.3,8.2,8.1,32.0,23.0,10.0,14.9,15.3,26.3,3.0,4.0,10.2,4.1,24.2,34.7,27.3,49.5,28.3,28.3,8.0,13.0,12.2,13.0
1772714352.5204983,50.0,60.8,13.0,16.0,7.1,3.1,12.2,14.3,3.0,29.0,21.2,10.1,17.2,14.1,9.1,7.1,29.6,16.0,22.5,16.2,15.2,14.1,47.0,42.0,21.8,17.2,14.0,18.0,5.1,8.1,19.2,21.2,3.0,12.0,29.7,26.0,5.1,10.0,21.0,15.2,4.1,3.0,4.0,3.0,26.7,24.2,27.0,40.6,26.3,26.3,11.0,13.0,14.7,9.2
1772714353.52059,37.1,47.1,15.2,14.3,13.1,9.0,26.7,16.3,10.1,10.0,23.2,14.1,20.2,14.1,16.3,9.2,27.6,10.2,15.2,26.0,14.3,23.2,33.7,32.3,16.2,27.0,14.1,9.0,7.1,6.9,25.3,21.2,5.1,21.6,23.0,32.7,8.1,11.1,24.0,24.8,16.3,4.0,6.0,5.1,37.0,23.2,25.3,32.3,30.0,28.3,9.1,10.4,9.1,17.2
1772714354.529925,55.4,49.0,16.0,21.0,13.9,11.1,33.3,32.3,16.2,11.0,12.7,18.6,17.0,15.2,9.0,14.9,27.7,18.0,24.8,14.7,21.4,18.6,25.7,29.4,15.0,18.8,21.0,21.0,5.1,14.3,25.7,12.9,10.9,3.0,27.0,28.7,11.0,8.0,27.0,4.0,38.2,3.0,3.0,11.0,17.8,20.8,20.8,30.4,34.7,29.0,11.0,9.0,11.0,14.9
1772714355.531024,38.4,41.6,14.1,8.1,10.1,7.2,26.3,23.2,9.9,5.2,17.2,13.0,11.2,15.8,9.2,7.1,28.0,18.8,16.8,21.8,7.0,19.8,39.4,32.7,24.8,12.9,18.0,26.7,5.0,4.1,18.4,10.1,3.1,9.0,22.0,34.0,11.9,8.2,29.0,12.0,33.7,2.0,10.1,7.0,27.7,13.1,29.0,23.8,32.0,38.2,7.1,9.1,7.0,13.1
1772714356.531571,55.1,52.0,16.3,13.1,4.1,6.0,16.3,15.3,4.1,4.1,22.0,16.2,14.0,19.2,18.0,8.1,25.3,14.1,19.0,20.2,21.2,23.2,35.0,37.4,16.8,26.0,17.2,17.3,2.1,11.1,26.0,21.6,3.1,4.1,32.0,24.2,4.1,11.1,19.2,29.0,20.0,4.1,13.3,11.2,23.5,11.2,37.0,23.2,37.6,34.3,13.0,13.1,12.2,15.3
1772714357.5335956,47.5,45.5,14.0,16.0,9.1,6.0,19.0,23.0,11.9,8.1,21.0,11.0,14.0,17.2,12.0,12.0,31.0,16.0,24.0,15.0,22.0,6.0,41.0,42.0,20.2,18.8,15.0,15.8,7.1,4.1,22.8,21.0,6.0,10.2,25.5,34.0,5.0,10.1,17.0,23.2,1.0,5.0,34.0,6.0,17.0,20.0,23.0,30.7,27.7,24.0,8.9,10.0,12.0,10.1
1772714358.5350304,38.8,49.5,15.3,14.1,13.1,14.3,31.3,34.3,12.2,15.0,23.2,13.3,15.3,15.3,12.1,14.0,22.4,21.2,21.0,19.2,17.0,17.2,51.0,42.6,21.6,23.2,12.1,14.1,8.0,13.1,19.4,26.3,20.2,7.1,26.3,32.0,11.2,9.1,22.7,16.8,3.1,4.1,23.0,2.1,16.3,23.5,37.0,29.3,38.4,32.3,8.2,14.3,12.4,14.3
1772714359.538572,44.9,47.6,21.2,10.0,10.1,8.2,29.0,27.0,10.1,7.1,18.2,18.6,15.2,14.9,13.9,8.3,18.0,27.3,24.0,15.0,22.0,10.0,42.0,48.0,18.0,18.0,25.0,34.0,5.1,7.0,17.0,25.7,24.0,2.0,29.0,25.0,11.9,10.1,16.0,25.0,4.0,3.1,4.1,10.1,22.8,17.8,43.0,27.7,31.3,42.0,8.9,9.0,17.2,18.0
1772714360.5386405,37.8,30.0,14.9,18.4,7.1,9.0,12.4,16.5,4.0,4.1,19.0,14.3,21.0,13.1,11.2,14.9,13.1,31.0,30.0,13.9,13.0,14.0,42.4,48.0,18.0,23.0,12.0,14.0,8.0,4.1,21.2,28.6,3.1,5.1,24.0,37.0,8.2,6.0,23.2,25.3,4.0,5.0,5.1,3.0,17.3,24.2,36.6,26.3,29.0,44.0,7.1,15.2,32.0,14.0
1772714361.541503,55.4,51.0,14.1,15.2,10.2,10.2,22.0,25.7,9.2,18.4,20.2,18.2,13.3,20.0,14.3,14.0,28.6,18.6,20.2,23.0,20.0,25.0,46.0,49.0,21.0,21.2,16.8,17.0,10.3,5.2,29.0,18.0,11.0,2.0,31.0,26.0,5.1,17.5,21.2,29.3,2.0,16.5,3.0,5.1,39.0,21.0,42.6,20.0,47.5,30.0,8.1,14.1,11.2,16.3
1772714362.5418274,52.0,42.0,16.2,12.1,16.2,9.2,33.0,30.6,13.1,13.0,10.0,22.2,13.0,16.2,9.1,12.1,27.0,12.1,22.0,16.8,8.2,22.0,46.0,42.6,16.3,20.8,17.3,18.0,8.1,10.1,20.2,21.0,3.1,3.1,45.0,34.3,9.1,4.0,16.0,26.0,4.0,31.0,3.1,2.1,32.7,24.2,33.3,10.1,30.3,38.4,9.0,9.1,16.2,10.8
1772714363.5449069,42.6,46.6,12.1,18.0,12.0,9.2,27.0,26.3,18.2,16.2,13.0,26.0,26.0,27.3,10.2,17.2,29.7,20.0,15.0,22.2,17.0,16.0,48.5,45.0,25.0,15.2,13.9,24.2,18.0,8.1,20.8,20.4,3.0,11.1,27.7,29.0,9.0,13.0,16.2,22.8,4.0,3.0,11.0,5.1,27.0,25.0,17.2,27.3,26.0,48.5,12.2,5.1,9.1,15.3
1772714364.5497255,54.5,55.9,17.0,14.0,7.0,5.1,13.1,10.2,4.0,2.0,15.2,19.0,20.0,12.9,13.9,8.0,25.5,15.0,22.5,15.8,13.1,16.0,43.0,48.0,12.9,24.8,21.0,17.0,10.0,11.0,21.4,21.8,2.0,3.0,30.0,25.0,11.9,2.0,17.6,20.2,27.0,3.0,3.0,2.0,26.0,30.7,29.0,27.7,29.0,41.0,9.0,11.0,11.0,14.1
1772714365.5502548,33.3,50.5,11.3,18.2,9.1,6.1,20.0,32.3,20.6,13.0,24.0,8.2,20.0,16.3,10.1,15.3,29.3,7.1,25.3,16.8,7.1,26.3,43.4,42.4,20.0,15.0,18.2,15.8,6.1,8.2,24.7,21.0,2.0,11.1,23.2,32.0,10.3,10.2,15.3,24.2,19.4,3.1,4.1,4.0,32.3,22.2,50.5,27.0,35.0,36.4,6.1,13.4,12.1,14.3
1772714366.5547752,50.5,55.4,14.0,16.2,11.1,14.1,31.0,35.6,29.3,14.1,34.0,17.0,12.0,17.0,4.0,18.2,21.8,8.1,20.0,18.0,20.0,23.0,40.0,36.0,22.5,21.0,17.8,16.2,7.9,8.1,22.5,12.2,5.1,4.0,23.0,34.7,3.0,14.9,25.0,15.2,2.0,5.1,4.0,2.0,32.3,22.0,47.0,32.0,26.3,32.7,11.0,9.0,13.9,18.2
1772714367.5548573,44.4,36.6,18.2,10.0,11.2,11.1,22.4,19.8,21.2,9.1,24.7,21.2,11.2,16.2,13.0,8.1,18.6,28.3,18.0,15.2,18.2,9.0,48.5,39.0,21.2,13.9,27.0,20.0,4.1,5.1,14.3,9.0,7.1,12.2,25.5,23.0,10.1,11.0,13.1,25.0,7.1,6.1,5.1,10.1,23.0,27.0,34.7,43.6,32.7,30.0,10.1,10.0,10.1,12.1
1772714368.5561616,45.0,45.0,15.0,17.3,9.1,10.1,15.2,23.2,20.4,5.1,15.2,27.7,19.0,22.2,17.3,12.9,10.1,15.2,5.0,20.0,20.0,24.0,46.0,52.0,20.2,22.2,18.0,16.0,8.2,6.1,18.8,34.3,4.1,33.3,34.3,29.7,10.2,6.2,28.3,25.0,14.3,10.1,4.1,2.0,32.3,30.0,40.0,48.5,46.5,36.0,11.1,14.4,8.2,19.8
1772714369.558131,38.6,38.2,22.8,10.1,10.2,8.1,26.5,31.0,13.9,11.0,19.0,12.1,19.8,16.2,14.9,8.2,24.0,12.4,4.0,19.0,14.1,15.2,44.6,49.5,15.8,23.0,20.2,20.0,5.1,13.1,20.0,28.3,7.1,40.0,33.7,23.8,10.1,12.0,14.1,28.3,13.0,1.0,5.1,3.0,33.7,18.2,48.5,26.0,24.8,30.0,10.1,14.9,14.0,11.1
1772714370.561773,32.3,42.2,11.0,17.8,15.0,9.2,32.3,36.4,12.4,16.2,23.0,11.0,14.1,13.1,8.0,15.8,13.1,25.3,13.1,3.1,18.0,24.0,50.5,41.6,19.0,22.0,13.9,19.0,9.0,6.0,16.0,25.7,4.0,37.6,34.7,23.0,9.1,6.1,18.0,23.8,10.9,3.0,2.1,2.0,21.8,17.2,37.4,18.0,33.0,31.3,12.0,14.0,15.2,9.1
1772714371.5618584,40.8,44.0,16.5,18.0,10.2,9.2,23.5,21.4,9.0,13.0,21.2,16.2,18.2,14.1,12.2,17.2,30.3,19.8,18.2,10.0,7.1,20.8,38.4,48.5,17.2,22.8,19.0,24.2,8.2,6.1,18.4,31.0,12.0,37.8,32.3,27.7,13.1,11.2,18.4,24.5,6.3,3.1,12.1,12.2,15.3,35.0,39.0,40.0,33.0,42.0,8.2,10.2,10.2,17.2
1772714372.562482,39.4,52.0,10.0,21.2,5.1,3.1,19.2,19.2,3.1,9.1,20.0,13.1,16.2,15.2,9.1,17.0,29.0,11.2,22.2,14.0,16.8,27.7,34.7,37.4,22.0,19.0,15.2,18.2,7.0,6.0,20.2,28.6,12.1,32.3,25.0,33.3,4.0,14.0,27.0,14.0,5.0,4.0,11.1,2.0,19.2,37.0,44.6,39.0,31.0,43.4,18.0,8.2,8.1,16.3
1772714373.5632436,51.5,52.0,10.1,18.4,9.2,12.2,31.3,25.5,19.8,9.1,24.0,9.0,8.0,14.1,8.1,15.0,28.0,18.2,25.7,12.0,5.1,18.2,34.7,33.0,24.0,14.0,15.2,15.2,9.2,13.0,24.2,20.0,33.0,10.0,33.0,23.0,9.1,10.3,25.3,10.2,5.9,3.0,3.1,3.1,20.0,36.3,28.0,21.2,35.6,32.0,9.2,9.1,13.0,11.9
1772714374.56426,46.5,37.0,19.4,16.2,11.2,11.3,34.0,30.3,14.3,11.2,14.1,22.0,15.0,21.8,9.0,16.2,17.3,27.7,21.0,19.2,29.3,15.2,36.0,42.4,22.0,17.8,20.8,28.7,6.1,7.1,17.0,13.1,37.4,3.0,36.4,30.0,7.2,9.9,25.7,20.6,4.1,5.9,4.1,3.1,14.0,27.3,36.4,45.5,42.0,33.0,14.0,11.0,17.2,9.1
1772714375.5746975,54.9,54.4,15.0,19.0,9.1,9.8,15.0,19.0,17.6,3.1,13.9,24.5,20.6,11.0,17.0,12.7,12.7,29.0,17.8,22.8,8.9,19.6,38.6,38.2,14.7,23.8,17.8,15.8,7.0,5.0,14.9,8.1,19.0,10.9,26.5,28.7,8.9,12.1,22.8,17.2,3.0,1.0,4.1,10.0,26.7,13.9,48.5,27.0,43.1,30.0,12.0,11.0,12.7,15.0
1772714376.5766065,35.7,25.3,16.3,12.1,13.1,9.2,19.4,28.3,39.8,7.1,9.2,22.4,18.4,13.1,17.2,5.2,13.3,27.3,19.0,21.0,19.2,19.2,50.0,41.8,17.2,24.0,20.0,19.8,7.0,5.2,17.2,13.3,3.0,5.1,29.3,30.0,10.0,6.0,18.2,28.3,4.0,4.1,4.0,4.0,16.5,15.3,50.5,28.4,31.3,29.6,7.0,13.1,10.1,13.3
1772714377.5770836,39.4,50.0,17.0,12.0,13.0,9.1,34.0,26.3,19.0,14.9,17.0,16.2,16.0,17.0,10.0,14.9,16.0,27.0,16.2,22.8,17.6,17.8,34.0,45.0,23.8,16.0,13.1,12.0,8.1,11.0,13.0,10.1,11.1,16.2,28.3,27.7,7.1,12.0,15.2,29.7,3.0,3.0,4.0,2.1,15.0,19.0,49.0,21.4,20.0,26.7,10.1,8.9,7.1,16.2
1772714378.5815458,52.0,47.5,13.9,21.8,13.3,12.2,28.7,26.5,14.0,12.2,17.0,21.8,16.3,14.1,7.1,19.0,16.3,27.3,15.0,23.8,8.1,23.2,48.0,35.0,20.0,19.2,18.4,20.2,4.1,8.1,19.2,13.9,3.1,13.3,29.1,32.3,9.2,32.7,19.4,25.3,4.1,3.0,4.0,6.1,19.2,18.2,47.5,29.3,17.0,17.5,6.1,13.1,10.1,15.2
1772714379.5842822,50.5,46.6,19.8,12.1,15.0,9.2,24.2,25.3,4.0,4.1,20.2,19.0,16.0,16.3,11.0,17.2,15.0,27.3,31.3,12.0,19.8,20.8,37.6,57.4,22.0,19.6,25.0,21.2,5.1,9.1,22.8,30.3,10.1,3.0,27.3,31.7,12.1,14.0,27.0,20.2,8.0,32.7,3.1,9.1,28.6,32.0,33.0,48.0,24.2,33.7,12.1,11.1,11.1,18.0
1772714380.589116,44.4,52.0,18.0,15.0,9.1,4.0,26.3,22.2,12.0,12.0,4.1,29.0,19.8,16.0,16.2,8.0,15.0,34.0,18.6,20.0,9.1,20.8,46.5,53.5,25.5,17.0,11.9,13.0,6.1,7.1,22.4,21.0,9.2,4.0,33.3,22.2,28.0,12.0,21.0,23.0,6.0,3.0,5.1,2.0,30.0,18.0,24.8,52.0,23.5,32.3,8.1,11.0,13.1,15.3
1772714381.5891943,41.4,49.0,22.0,11.0,15.0,10.1,36.4,33.7,12.4,14.0,9.1,32.0,19.0,18.2,8.2,16.3,26.5,12.2,14.9,28.0,22.2,23.0,45.5,41.6,23.2,19.0,21.2,24.0,9.2,11.1,25.5,25.3,3.1,4.1,24.0,33.7,3.1,14.1,29.3,20.0,2.1,5.2,5.0,7.1,24.0,20.2,24.2,21.0,27.7,43.1,14.3,12.0,10.0,16.3
1772714382.5899816,50.0,52.0,20.2,5.1,12.0,11.2,19.0,23.0,7.0,7.1,15.0,22.8,20.2,19.0,5.9,5.0,29.0,11.8,30.4,12.0,3.0,22.0,37.6,36.6,20.8,21.6,11.8,13.1,4.0,5.1,10.9,19.8,3.9,3.0,33.7,19.8,1.0,7.1,28.4,21.2,4.0,5.0,4.0,4.0,18.0,18.8,21.0,20.8,25.3,40.0,5.0,5.1,5.0,6.1
1772714383.5926049,55.0,40.4,19.0,7.0,8.1,5.1,13.0,18.4,2.0,3.1,15.0,24.2,19.2,21.0,4.1,11.0,18.6,26.5,23.5,16.0,2.0,23.5,35.0,38.8,19.0,23.0,17.0,17.2,4.1,7.1,5.1,21.2,1.0,4.0,26.3,23.0,4.0,12.1,24.2,26.3,2.1,3.1,3.0,4.1,27.3,25.3,19.2,28.3,36.0,35.7,10.0,6.0,15.5,13.1
1772714384.598483,43.4,40.8,8.1,20.0,4.0,4.0,15.0,13.9,3.0,5.9,19.0,21.8,18.8,18.8,11.0,5.1,10.9,31.7,11.8,29.0,6.0,20.2,42.4,39.2,22.5,20.0,8.1,13.7,9.0,5.0,7.0,17.2,4.0,5.1,22.2,28.3,7.0,5.0,20.0,24.8,3.0,3.1,4.0,2.0,21.8,36.3,19.0,41.2,30.7,34.0,10.1,3.0,6.1,9.0
1772714385.59918,41.4,39.0,18.2,10.1,6.0,6.1,12.4,9.2,8.0,23.5,5.1,24.0,17.2,13.1,11.2,10.1,11.2,30.3,13.0,28.0,16.3,12.9,45.0,38.6,19.0,21.0,14.9,19.2,6.1,7.0,12.2,13.0,7.1,8.1,32.3,41.0,7.8,8.2,13.1,25.0,2.0,4.0,5.1,4.1,17.3,39.6,33.0,41.0,25.5,17.2,15.0,7.1,15.0,10.1
1772714386.5993836,37.8,36.6,13.3,11.1,5.9,3.0,21.4,23.0,14.3,3.0,18.2,23.2,22.0,21.2,9.0,4.1,14.1,24.2,15.8,26.7,20.8,19.2,38.4,37.4,22.0,20.0,18.8,15.8,6.0,5.1,18.4,24.0,3.0,2.0,22.8,26.7,1.0,6.1,15.3,28.3,4.0,3.0,8.1,4.0,22.0,35.0,49.0,32.3,26.0,22.0,6.0,6.1,8.1,9.1
1772714387.6021953,43.4,46.1,11.0,21.0,10.3,9.0,24.2,31.0,20.2,16.8,13.3,24.0,18.0,20.6,8.1,6.0,18.0,8.1,25.3,13.9,5.1,19.8,39.0,43.6,18.8,21.0,15.0,17.2,7.1,4.0,21.8,26.3,3.0,3.0,31.0,17.2,13.1,3.0,20.0,20.2,3.0,2.0,4.0,3.0,24.2,30.0,30.3,51.0,20.2,25.0,5.1,7.1,6.0,10.0
1772714388.602277,33.0,37.0,7.0,16.2,11.2,13.1,21.2,24.0,10.0,12.1,24.0,14.0,14.4,18.2,4.0,4.0,11.1,13.0,18.2,11.2,13.0,10.1,28.7,31.0,17.0,23.0,12.0,10.9,5.1,6.0,22.0,22.0,2.0,2.0,15.2,23.2,4.0,7.0,13.1,24.2,4.0,2.0,3.1,3.1,32.0,24.0,37.0,34.7,24.2,38.4,4.0,4.0,7.1,5.2
1772714389.6026363,36.4,30.0,14.4,12.1,10.0,9.1,20.2,17.5,4.0,6.0,21.6,21.0,18.6,21.0,8.1,8.1,2.0,20.2,21.8,2.0,19.8,8.0,29.3,31.3,18.8,23.8,12.0,11.9,5.0,11.2,22.2,23.2,4.1,4.0,27.0,26.0,6.0,2.0,20.0,28.0,3.1,2.0,3.1,4.0,32.0,27.3,26.0,24.8,25.0,27.7,8.0,9.1,7.1,12.1
1772714390.6112068,35.0,33.0,5.9,21.6,5.1,3.0,17.6,12.7,4.1,1.0,22.2,14.9,19.8,17.8,9.9,6.1,2.0,21.6,19.0,1.0,4.0,18.0,20.0,19.4,21.0,21.6,11.9,10.9,8.1,15.0,27.7,19.8,10.0,1.0,17.0,29.4,9.9,4.0,23.2,21.0,4.0,4.0,4.0,1.0,23.0,26.7,22.0,19.2,30.7,15.2,8.1,7.0,13.0,10.9
1772714391.6116433,31.6,33.3,19.2,4.0,3.0,3.9,11.1,15.2,5.0,2.0,20.4,17.0,21.0,16.8,6.0,8.8,16.8,5.0,2.0,18.8,7.9,17.0,18.8,17.0,20.6,20.8,12.0,13.0,2.0,5.0,14.1,28.4,3.0,4.9,19.0,27.7,7.1,2.0,19.0,22.2,4.0,3.0,4.0,4.0,32.7,29.6,23.5,21.8,21.0,25.7,4.0,8.0,7.9,6.1
1772714392.6120553,32.7,52.0,4.1,22.8,5.1,3.1,16.2,15.2,4.0,3.1,25.3,19.4,20.0,22.4,5.1,9.3,11.2,12.1,6.1,16.0,13.1,29.0,29.6,22.4,21.2,21.0,22.8,19.0,3.1,5.1,20.2,28.3,5.1,2.1,23.2,22.2,8.1,4.0,24.2,25.7,22.4,4.1,4.0,3.1,31.7,27.7,21.2,20.0,25.0,27.0,11.0,4.1,8.2,5.2
1772714393.6121283,41.4,58.8,6.1,20.4,4.0,2.0,17.2,9.2,4.0,4.0,20.8,17.2,25.3,13.0,4.0,11.2,14.1,6.1,0.0,18.4,16.0,9.0,23.2,25.7,24.8,17.0,12.9,10.0,2.0,6.0,19.4,18.2,7.0,4.0,27.0,21.0,6.0,3.0,22.0,22.2,8.0,4.0,3.0,5.0,23.0,33.0,21.2,19.4,22.4,26.0,6.0,6.0,9.9,8.0
1772714394.612768,61.2,43.6,13.1,14.0,7.0,4.0,21.8,18.0,4.0,6.1,22.0,18.0,17.0,19.0,9.2,5.0,9.0,21.8,6.0,16.0,5.1,17.0,33.7,28.3,20.8,21.8,12.0,13.9,5.1,9.9,21.8,22.0,6.1,1.0,27.0,27.0,8.2,7.1,24.2,21.0,3.0,5.0,2.1,3.0,14.0,14.0,30.7,25.7,32.7,31.0,6.1,9.1,11.1,9.2
1772714395.6148152,47.5,30.4,11.0,13.0,3.0,2.0,23.0,22.0,15.0,7.1,17.0,13.1,5.1,24.8,5.0,10.0,2.0,20.2,5.0,14.9,4.0,18.8,30.7,26.7,21.0,20.0,15.7,14.7,4.0,2.0,12.1,22.0,3.0,4.0,29.0,16.8,5.0,4.0,15.8,17.0,2.0,6.1,2.0,4.0,3.1,9.0,49.5,32.3,33.3,22.2,4.0,7.9,7.1,8.0
1772714396.6174874,51.0,34.7,19.8,8.0,4.1,13.1,25.5,29.3,11.1,11.1,22.0,21.0,21.0,21.2,2.0,8.1,1.0,21.0,11.0,10.9,19.0,5.9,24.2,28.0,21.0,21.0,9.0,13.1,2.0,3.1,20.0,21.2,0.0,3.1,18.8,26.3,1.0,7.0,21.4,21.0,3.0,7.0,5.0,1.0,3.0,16.0,41.4,40.0,27.7,34.3,3.1,6.1,7.0,5.1
1772714397.6185815,52.0,29.0,9.2,17.3,15.3,10.1,25.3,18.2,5.1,4.0,32.0,6.9,18.0,16.0,12.0,11.1,4.1,20.2,6.1,11.1,17.3,12.1,29.0,43.0,25.7,18.8,12.0,15.8,5.1,7.0,18.2,8.1,17.0,4.0,23.0,31.0,10.0,6.1,19.2,23.2,3.0,4.0,3.1,3.1,7.1,14.9,45.0,35.3,36.0,36.3,10.0,6.3,13.0,13.0
1772714398.6186595,42.6,38.6,19.2,9.1,10.1,8.1,12.1,10.2,4.0,3.0,22.0,17.3,22.0,18.0,6.1,6.0,2.0,20.2,11.2,11.1,28.7,12.0,23.2,35.3,20.8,22.8,12.1,10.1,4.0,4.0,16.0,9.9,4.0,2.0,18.8,27.0,2.0,6.0,20.0,22.2,1.0,3.0,9.1,4.0,18.0,7.1,39.6,33.3,40.0,20.6,8.1,4.0,7.1,5.0
1772714399.618779,55.1,56.4,24.5,7.0,8.0,5.9,16.2,16.0,2.0,14.3,20.2,15.0,13.1,20.0,7.0,13.0,8.2,20.2,3.1,17.2,21.8,6.0,28.7,34.7,22.0,19.0,22.2,20.0,5.1,4.0,10.2,17.3,2.0,4.0,29.3,25.0,8.1,12.2,25.3,21.2,3.0,4.0,2.0,5.1,24.2,12.0,37.0,24.0,27.7,28.0,10.0,12.1,8.0,16.5
1772714400.6188629,44.9,49.5,14.1,13.0,3.0,3.1,21.6,15.0,8.1,10.0,10.2,27.0,20.2,13.0,6.1,8.1,2.0,20.0,19.0,3.0,17.0,7.0,31.6,25.5,13.1,23.8,13.9,12.0,4.0,2.0,19.2,17.0,2.0,2.0,19.2,25.0,4.0,4.0,18.2,17.3,0.0,0.0,1.0,1.0,21.0,7.1,29.0,22.0,19.4,25.3,7.1,6.1,9.1,6.9
1772714401.6189513,45.5,38.6,5.1,18.8,3.1,1.0,18.6,23.5,10.1,13.0,10.0,25.0,18.0,13.3,10.2,10.0,14.0,22.0,17.8,1.0,17.8,14.1,25.7,20.6,23.5,16.2,14.1,14.0,8.0,3.0,25.7,16.0,3.0,11.2,21.0,27.0,6.0,2.0,18.0,17.2,3.0,1.0,2.0,2.0,25.0,10.1,37.4,19.2,27.5,21.2,7.1,8.0,13.1,9.2
1772714402.619822,49.0,39.6,16.0,11.0,13.1,9.9,24.8,27.7,10.1,8.1,9.1,22.8,18.0,8.0,15.8,9.1,29.0,34.3,17.0,14.9,22.4,16.0,22.0,31.7,12.0,22.8,16.2,15.2,10.2,6.1,25.3,12.2,1.0,24.8,25.0,30.0,12.0,8.9,24.0,12.9,3.0,10.9,2.0,2.0,17.2,19.0,43.1,29.7,41.0,27.0,11.0,6.0,8.1,15.8
1772714403.6233788,36.7,31.0,13.9,26.3,13.1,11.3,18.4,21.4,3.0,2.0,17.6,9.1,16.0,12.1,13.0,9.0,29.0,12.1,16.8,21.8,10.9,16.0,33.0,38.4,16.0,21.8,25.7,20.0,6.1,6.0,28.7,14.1,2.0,13.3,32.7,23.0,10.1,9.1,19.2,18.0,8.1,13.1,3.0,3.0,17.0,21.2,41.0,27.3,45.5,21.4,10.1,6.1,12.0,9.3
1772714404.6317577,38.8,53.8,18.0,22.8,8.1,9.9,20.2,26.0,16.2,16.7,23.2,8.2,13.0,17.5,9.1,11.1,26.7,18.8,12.0,24.8,18.2,18.2,29.7,42.6,23.8,17.8,12.7,11.0,4.0,8.0,33.7,12.9,4.0,5.0,30.7,23.0,8.1,10.1,24.8,17.2,5.1,2.0,5.1,9.0,24.0,32.7,36.6,29.0,42.4,35.0,4.1,15.0,10.1,20.0
1772714405.6322637,57.0,42.6,19.6,8.1,8.2,6.2,25.5,30.6,13.1,13.4,22.0,12.1,18.0,15.5,11.2,12.1,29.6,13.1,16.0,24.2,23.0,10.0,47.0,42.9,16.0,25.0,30.0,23.0,5.1,6.1,21.6,21.2,2.0,11.2,28.3,28.7,10.0,4.1,13.0,36.0,1.0,4.1,3.0,3.1,26.3,33.3,34.0,35.0,28.0,37.6,6.1,11.3,17.2,13.1
1772714406.660799,42.2,48.6,15.5,13.7,9.8,15.7,23.5,27.2,7.8,7.8,19.8,12.7,10.9,14.7,13.5,10.8,34.0,12.9,17.5,18.4,21.4,10.7,42.2,44.7,21.4,23.3,10.7,12.6,10.9,7.0,23.3,18.8,3.0,2.9,30.1,28.2,11.7,7.9,18.3,16.7,4.8,2.0,1.0,3.0,28.2,23.3,28.2,43.3,30.1,32.0,14.6,7.8,13.7,10.6
1772714407.661523,45.9,57.8,11.2,17.2,11.2,11.1,18.6,20.0,3.1,2.0,22.2,14.0,14.1,13.0,13.1,13.0,26.0,12.0,16.8,21.0,18.0,17.2,49.0,42.0,15.0,22.0,19.2,25.0,7.0,6.0,21.0,22.2,2.0,10.1,25.0,27.0,6.2,7.0,21.6,19.0,4.0,3.1,7.1,5.9,26.3,29.0,39.6,34.3,39.0,29.3,8.2,12.1,8.1,14.3
1772714408.6623397,37.8,45.0,8.1,22.8,8.1,3.1,23.2,20.6,15.2,12.9,12.7,14.1,18.0,13.1,10.2,16.2,30.0,17.2,24.8,18.0,7.1,17.2,42.4,41.0,17.0,23.8,16.0,14.0,4.0,5.0,22.2,21.2,3.0,4.0,19.8,31.0,10.0,7.1,12.0,21.0,4.0,2.0,7.1,2.0,16.8,17.2,43.6,31.0,42.4,27.0,8.1,11.1,7.0,18.0
1772714409.6647987,44.9,40.6,12.1,18.0,4.1,3.0,21.4,17.8,12.1,10.2,26.7,12.2,15.2,14.9,11.2,10.1,28.3,12.0,12.1,26.7,24.2,17.8,30.7,28.3,26.0,17.0,13.1,12.0,5.1,4.1,18.4,17.0,0.0,2.0,24.2,23.0,7.1,4.0,21.0,17.2,1.0,3.0,1.0,1.0,17.0,14.0,26.0,47.1,36.0,30.0,7.0,4.1,7.1,10.1
1772714410.66668,57.6,54.5,20.2,4.0,3.1,4.1,22.8,19.0,4.1,7.1,16.2,21.0,14.0,21.0,7.0,15.2,29.7,11.0,15.2,24.0,21.0,3.0,33.0,27.7,20.8,21.2,12.9,12.0,4.1,2.0,12.0,14.1,2.0,10.1,20.8,31.3,2.0,4.1,20.0,22.2,3.9,3.0,3.0,3.0,26.5,26.7,38.0,35.4,28.0,36.4,7.1,7.1,8.0,6.0
1772714411.668973,43.0,39.0,12.2,12.1,16.8,11.0,16.7,21.6,5.9,13.1,22.0,12.0,16.2,9.1,9.9,15.0,28.3,15.2,26.5,13.1,7.1,17.0,39.6,33.0,15.0,24.5,18.6,24.0,11.0,4.1,13.0,12.1,5.0,4.0,33.0,27.0,8.2,5.1,25.7,14.9,5.1,3.0,2.0,2.1,36.6,19.2,43.0,35.0,34.7,26.0,7.0,10.1,23.5,15.2
1772714412.6705902,57.6,47.1,18.2,15.2,14.3,11.2,29.0,20.2,25.3,21.4,23.2,13.4,13.1,17.0,12.1,11.2,29.0,14.3,25.7,14.0,17.2,24.2,48.5,45.9,18.8,24.0,22.8,17.2,7.1,8.1,20.2,29.0,1.0,11.1,26.3,32.7,15.0,8.0,20.2,22.4,2.1,11.1,3.1,7.1,40.0,16.2,38.4,38.0,28.6,26.3,14.1,9.1,10.0,18.4
1772714413.6706812,39.6,35.0,11.2,19.0,7.1,6.0,27.6,26.8,16.2,17.2,19.0,17.0,16.8,16.0,11.1,25.3,32.7,14.0,22.0,17.0,8.0,19.0,52.0,42.6,15.0,23.0,20.8,18.0,7.1,5.1,25.3,17.2,4.0,8.2,27.0,31.6,8.1,10.3,27.6,15.2,6.1,10.1,10.2,7.2,35.0,18.2,23.5,35.4,47.0,26.5,5.1,13.3,10.2,18.0
1772714414.6726315,32.3,40.2,14.0,10.1,4.0,6.1,29.6,23.5,8.2,11.1,3.1,25.0,16.2,9.0,5.1,14.9,23.8,17.2,14.1,20.8,17.0,11.1,36.4,52.5,19.2,16.2,16.2,17.0,7.0,6.9,18.2,26.3,9.1,2.0,26.0,29.0,6.1,7.0,14.1,18.0,11.1,2.0,3.1,2.0,33.0,23.0,26.7,42.0,39.8,33.0,8.0,9.0,12.7,9.2
1772714415.6747916,49.5,53.5,18.2,12.2,16.2,8.0,27.0,21.4,3.0,3.0,12.0,21.8,12.1,14.1,12.0,12.0,18.0,26.0,13.1,24.2,22.0,11.1,46.0,44.0,17.8,22.5,15.8,11.0,12.1,6.2,19.0,24.8,4.0,3.0,26.3,34.0,15.7,5.1,15.0,22.0,9.1,6.0,5.0,2.0,35.0,17.0,28.0,46.1,42.6,29.3,4.1,12.1,14.1,12.1
1772714416.6751106,32.0,48.0,13.0,16.0,12.5,10.2,25.5,25.0,13.3,8.1,19.0,15.3,12.1,19.2,14.1,9.2,13.4,31.3,12.0,27.7,17.3,13.0,42.6,45.0,19.2,20.2,28.3,23.5,6.1,7.1,22.2,20.4,10.0,4.0,26.7,29.7,6.1,6.1,14.3,29.3,9.0,5.1,1.0,9.1,34.0,25.7,32.0,31.0,35.4,32.3,12.0,7.1,12.2,11.2
1772714417.6751888,60.0,49.5,11.5,13.0,5.1,2.0,22.4,29.3,16.2,11.2,6.1,27.0,10.2,14.1,6.1,12.1,12.2,32.0,19.2,15.8,21.0,21.6,34.7,34.0,14.1,19.0,14.0,12.9,6.1,4.0,17.2,20.2,3.1,9.2,21.2,38.0,3.1,15.0,33.0,30.7,12.1,4.0,5.1,4.0,17.2,31.3,36.0,32.0,41.2,17.2,11.0,8.0,8.1,13.3
1772714418.6753504,42.9,40.2,16.2,13.3,12.2,9.1,25.0,25.5,11.0,8.2,13.3,21.2,9.0,17.3,10.0,19.0,15.2,26.3,12.9,22.0,13.3,11.1,42.0,36.3,29.0,16.2,21.2,24.0,5.1,6.1,31.0,16.8,3.0,4.1,38.4,38.0,10.9,11.0,24.0,21.0,11.1,18.6,5.0,5.1,32.0,28.7,31.0,45.0,35.7,36.0,10.1,7.2,10.9,18.2
1772714419.6762848,58.0,47.5,17.2,11.0,13.0,12.0,20.6,31.0,5.0,10.9,16.0,21.8,15.0,15.2,13.1,10.0,5.1,18.0,4.0,15.2,13.0,25.7,31.7,41.0,16.0,22.0,16.0,15.2,21.2,9.1,26.3,19.2,9.1,4.0,22.0,34.3,7.1,5.1,21.2,19.0,4.1,10.0,2.0,31.6,20.2,25.3,44.4,33.7,27.7,45.0,11.1,13.0,14.1,13.9
1772714420.677236,43.0,38.6,13.3,6.0,7.1,8.0,16.2,21.2,16.0,9.2,12.0,21.0,15.2,6.1,13.1,7.1,14.9,10.2,4.0,12.0,12.1,8.1,32.7,33.3,12.1,18.0,15.8,23.0,15.0,9.0,17.2,18.2,3.0,2.0,24.8,27.0,9.1,8.9,22.0,14.1,3.0,4.0,9.2,23.0,8.0,24.8,26.0,27.3,21.2,42.0,6.1,7.1,15.2,6.1
1772714421.6773036,37.9,37.4,22.0,9.1,6.0,5.1,28.3,22.4,14.1,11.2,8.2,24.2,21.2,9.0,11.1,14.1,8.3,17.2,7.1,12.1,16.0,21.8,49.5,45.0,24.0,16.7,17.0,17.2,3.1,7.1,20.2,24.2,10.1,4.0,32.0,27.0,10.0,4.1,24.2,16.2,4.0,4.0,3.1,18.4,10.3,9.2,23.0,29.0,38.6,35.3,7.1,11.1,15.8,12.1
1772714422.6794617,58.4,60.8,17.2,13.1,10.2,12.1,22.2,26.0,4.0,4.0,16.8,20.0,17.2,17.8,13.0,9.0,8.0,22.8,17.2,10.0,11.0,21.4,39.8,34.3,17.0,24.2,13.1,11.9,8.9,3.0,17.0,19.2,4.0,2.0,28.0,30.7,13.9,4.0,31.7,8.1,4.0,4.0,1.0,3.0,19.8,14.1,27.0,31.7,29.6,38.0,4.0,12.1,8.2,14.9
1772714423.6806445,46.0,35.3,22.8,11.0,13.0,12.4,20.2,19.2,3.1,19.8,22.0,14.0,17.0,16.0,9.0,14.0,18.8,14.3,18.8,21.0,5.1,19.8,31.7,43.6,24.0,15.8,21.8,22.2,8.2,10.0,16.2,14.9,9.1,2.0,27.0,32.7,5.1,8.0,24.2,15.2,2.0,3.1,4.0,4.0,23.2,10.2,23.2,20.2,25.7,35.4,11.0,9.0,8.1,14.1
1772714424.6807199,34.0,46.0,12.2,15.0,6.2,5.1,21.2,20.4,8.2,21.4,24.2,12.1,20.0,17.3,7.1,9.1,31.6,20.2,20.2,18.8,4.0,22.4,36.4,40.0,23.8,20.0,17.0,15.8,3.0,4.1,15.2,6.2,2.1,3.0,22.2,27.0,9.1,1.0,25.3,15.0,4.0,2.0,4.0,1.0,26.0,14.1,22.0,15.0,20.4,27.0,7.1,8.1,8.0,13.3
1772714425.6818266,48.5,49.5,16.2,12.1,6.0,3.0,29.0,23.8,25.3,18.0,19.0,12.0,22.0,12.9,10.0,10.0,30.3,27.6,18.8,22.2,16.2,24.8,42.6,46.0,23.8,17.0,20.2,13.0,3.0,6.0,25.0,19.0,3.0,2.0,29.7,23.5,6.1,10.1,22.2,11.1,3.0,17.0,0.0,4.0,36.6,18.8,23.8,27.0,27.7,25.3,11.1,5.1,9.1,15.8
1772714426.682013,31.6,27.0,9.0,18.0,7.1,5.0,22.2,18.8,6.0,8.0,23.0,8.2,16.2,12.1,11.1,13.0,30.7,15.0,21.2,15.0,16.8,6.1,50.5,39.6,20.0,19.0,15.2,15.8,3.0,8.1,25.0,20.8,7.1,2.0,31.3,25.7,10.2,5.1,26.0,18.2,6.2,8.1,5.1,10.0,34.7,15.2,21.0,34.0,31.6,38.4,9.1,8.9,13.0,11.2
1772714427.6884022,54.5,49.5,15.2,15.2,11.0,14.3,22.2,27.3,3.1,6.1,23.2,14.9,17.0,14.9,12.1,10.2,19.2,27.0,21.8,18.8,20.2,17.6,47.1,48.0,14.9,23.2,20.0,19.8,6.0,6.1,23.2,18.4,4.0,5.0,28.4,30.0,13.0,10.9,24.0,16.8,2.0,4.0,2.0,2.0,31.3,26.3,27.0,25.7,44.0,31.0,7.1,11.2,15.2,11.1
1772714428.6901393,58.0,40.2,15.3,15.3,15.0,12.1,27.3,28.7,16.2,10.1,20.0,13.1,17.3,16.2,13.1,12.0,27.6,11.2,16.2,21.2,8.9,24.8,47.0,47.0,17.2,19.0,19.2,19.2,9.2,14.1,27.3,20.6,11.0,5.1,32.3,27.0,8.1,8.2,24.0,21.2,4.0,2.0,3.1,3.1,30.4,19.8,28.0,44.6,45.1,32.0,9.0,11.1,12.4,16.3
1772714429.6912587,55.6,45.5,14.1,18.2,6.1,4.1,30.0,25.5,12.2,13.1,22.2,13.0,15.2,13.3,13.1,12.0,19.0,29.3,15.2,26.0,21.2,14.3,45.0,44.4,22.5,21.0,22.0,21.4,4.1,7.0,26.7,11.2,2.0,2.1,31.7,26.3,10.0,10.1,9.0,22.2,3.1,3.0,4.1,10.1,32.0,25.3,26.3,25.5,35.7,32.3,7.1,11.2,8.1,12.2
1772714430.6928554,39.2,53.5,11.1,16.0,11.1,7.1,22.7,23.2,3.0,3.1,15.0,21.4,17.0,10.2,9.0,13.4,12.0,25.7,15.8,25.0,7.1,23.8,46.0,48.0,19.2,24.0,14.1,10.9,5.1,5.1,19.4,18.2,2.0,11.0,28.0,25.0,5.1,8.2,14.1,24.0,4.0,6.0,2.0,3.1,25.0,25.7,38.6,38.6,29.7,20.4,5.1,13.0,12.7,10.2
1772714431.6929383,51.0,51.5,17.5,9.2,13.4,12.1,21.2,24.5,8.1,9.2,25.3,9.1,16.2,17.0,13.4,12.9,21.2,28.6,24.2,14.9,16.2,18.2,47.5,36.0,18.2,17.0,28.0,24.5,7.1,11.3,22.0,26.3,11.0,3.1,33.0,25.0,14.1,8.0,9.1,28.3,3.1,12.2,2.0,5.1,22.2,33.3,40.0,30.3,29.0,43.0,9.1,10.1,11.2,13.1
1772714432.6944177,43.4,34.3,12.0,15.0,8.2,7.1,31.3,29.7,14.1,11.9,19.0,11.0,11.1,11.0,8.1,14.0,27.3,13.1,21.6,17.0,18.0,11.1,50.5,44.6,22.8,16.0,17.2,13.0,5.0,6.1,19.2,16.3,3.0,2.0,31.4,23.8,7.1,12.0,19.2,16.8,3.0,2.0,1.0,6.1,17.2,12.0,30.0,23.0,29.0,35.6,7.1,10.1,8.0,15.0
1772714433.6972725,46.0,40.0,10.2,19.0,4.1,3.0,22.2,23.2,20.0,10.3,21.2,11.0,14.7,13.1,8.0,15.2,29.3,13.1,18.0,21.0,14.1,10.1,45.5,46.0,19.0,20.2,13.0,13.0,5.1,8.1,26.3,17.0,2.0,11.0,27.6,26.0,10.1,5.0,23.0,33.3,3.0,5.2,11.1,6.1,27.5,25.0,25.0,44.6,34.7,35.0,9.2,8.2,13.1,7.1
1772714434.69926,51.5,59.8,21.2,10.2,9.2,12.2,20.4,20.6,22.2,21.2,22.8,14.3,15.3,18.2,14.4,11.2,20.2,26.3,22.0,17.8,19.2,24.8,45.5,43.6,17.2,24.0,19.0,24.0,7.1,7.0,20.8,18.2,5.1,3.1,27.0,31.0,6.2,13.1,26.5,16.2,4.1,4.0,2.0,2.0,21.2,34.0,51.5,29.3,33.0,38.4,15.2,8.1,16.0,15.0
1772714435.6995423,44.9,40.6,8.2,18.0,13.3,12.1,22.4,25.3,32.0,24.0,14.3,19.2,14.1,12.9,12.9,13.1,12.9,27.0,22.0,17.3,7.0,17.0,27.3,37.0,21.0,18.8,16.2,18.2,10.2,9.1,9.1,13.4,3.1,11.8,32.3,22.2,12.1,3.1,24.8,18.8,3.0,3.1,4.0,2.0,17.3,35.0,52.5,23.0,23.5,28.3,10.1,8.2,11.1,13.1
1772714436.7013557,48.0,42.6,10.2,14.3,8.9,6.1,27.3,28.3,25.5,14.1,9.0,20.8,11.2,15.0,13.3,11.2,12.2,35.4,19.0,19.6,13.3,26.7,26.0,31.0,21.8,14.1,23.2,19.0,4.1,6.1,19.2,24.0,14.0,3.1,28.4,28.0,15.2,20.2,19.2,20.2,7.9,5.1,3.1,3.0,32.7,19.2,38.0,36.0,28.3,30.0,5.2,10.0,12.1,14.1
1772714437.7040145,43.4,38.8,16.0,18.0,6.1,9.0,24.2,26.5,8.2,9.1,8.2,23.2,20.0,13.0,11.0,17.0,13.1,27.3,22.0,19.0,18.8,17.0,43.0,31.0,21.0,21.0,13.0,19.8,4.0,7.0,16.0,32.0,40.0,10.0,31.6,23.2,4.1,8.1,12.0,29.0,4.1,5.1,6.1,10.1,38.6,19.8,38.2,43.1,39.6,31.0,14.0,10.1,13.9,11.1
1772714438.7052522,55.6,49.5,11.1,15.8,18.6,9.0,24.8,24.0,13.0,6.0,12.9,17.8,14.0,12.0,9.9,16.8,23.0,24.8,26.0,12.1,20.8,11.1,39.2,30.3,22.8,18.8,13.9,12.0,5.1,7.0,23.0,22.0,17.3,9.1,28.4,25.7,11.0,9.9,22.2,17.0,3.0,1.0,2.0,3.0,30.3,26.7,36.0,36.4,45.0,28.3,9.9,10.1,10.1,17.8
1772714439.7101426,57.0,36.4,18.0,15.3,12.2,10.3,35.7,27.3,27.3,10.2,20.0,18.2,6.2,19.2,15.2,9.3,27.6,20.4,14.1,15.2,24.8,13.1,47.5,45.0,22.2,19.0,26.5,28.0,8.3,15.3,29.6,16.8,4.0,8.1,35.0,33.7,10.1,8.2,28.3,33.0,3.1,4.1,5.1,5.1,35.0,15.3,30.6,44.0,40.6,30.3,10.3,11.1,9.3,18.0
1772714440.7131886,51.5,50.5,15.2,15.0,7.0,4.0,24.5,21.2,12.0,14.1,22.2,13.0,7.0,22.0,6.1,13.9,4.0,16.3,8.9,10.2,12.0,16.2,49.5,39.4,23.0,16.0,13.0,20.6,6.0,11.0,15.2,30.3,3.1,9.1,36.0,32.0,10.1,4.1,19.0,23.0,4.0,3.0,6.2,10.1,39.0,13.0,42.2,30.3,34.0,43.0,10.0,10.1,10.8,13.5
1772714441.7145398,33.7,47.5,14.0,15.3,9.2,11.1,27.0,18.4,3.1,5.1,19.0,6.1,16.2,11.0,13.0,11.0,8.2,21.8,12.1,6.0,18.4,17.8,46.5,46.0,21.0,16.0,14.1,15.2,11.2,20.0,18.0,21.2,5.1,3.1,31.0,24.0,4.0,15.2,12.1,20.8,2.0,3.0,3.0,2.0,14.0,14.3,27.3,29.7,27.7,33.7,9.0,11.1,8.1,17.0
1772714442.715517,54.1,38.6,19.4,10.1,12.1,13.4,27.3,24.2,9.0,7.1,25.3,8.1,16.8,13.3,17.0,7.1,4.0,16.3,3.1,15.0,11.0,18.0,52.0,42.6,21.8,20.0,21.0,22.2,8.1,6.1,9.2,14.1,10.9,3.0,29.0,27.7,8.2,7.1,23.0,19.4,3.1,4.0,2.0,3.1,21.4,17.2,30.7,38.0,28.6,24.5,7.1,13.0,12.1,15.8
1772714443.7179909,39.8,53.9,17.2,10.9,13.1,9.0,25.8,31.0,12.1,15.0,11.1,22.0,18.0,14.1,11.1,12.9,11.1,18.0,13.0,17.3,18.8,19.0,39.0,44.6,15.3,19.0,20.8,14.9,8.1,8.0,7.0,14.1,4.0,2.0,21.2,34.3,10.0,10.0,18.0,18.0,3.0,2.0,2.0,4.1,30.7,5.1,17.3,53.5,22.0,29.7,10.8,8.2,11.1,13.0
1772714444.7188563,49.5,48.0,13.1,19.2,5.1,3.1,27.6,20.4,16.2,8.1,12.0,25.5,13.4,22.8,17.0,15.2,15.3,23.2,26.0,16.7,14.1,15.0,52.5,43.0,21.0,22.8,21.2,21.0,7.0,7.1,12.1,19.6,3.0,11.0,34.7,20.2,11.0,7.0,23.8,23.2,4.1,5.0,8.2,10.1,9.2,11.1,31.0,27.3,27.0,27.0,10.1,14.0,18.8,9.2
1772714445.7216566,45.9,54.9,11.2,21.0,13.0,9.9,18.2,24.0,4.1,4.1,12.1,20.6,12.0,14.1,15.0,7.1,30.3,36.0,18.0,19.0,21.2,19.0,49.5,42.0,13.9,23.8,12.0,11.1,7.1,5.0,13.1,10.3,2.0,4.1,26.7,31.7,4.1,13.1,23.0,10.0,18.0,3.1,7.1,3.0,18.2,34.0,36.6,34.7,23.0,26.0,13.0,10.0,16.3,9.1
1772714446.7223408,35.4,34.0,14.1,9.1,9.5,11.2,29.3,25.5,9.1,10.2,16.2,24.0,13.1,16.2,11.3,11.1,20.2,29.6,26.7,13.1,5.1,18.4,41.0,45.0,18.0,18.2,19.0,21.2,10.2,7.2,10.2,13.3,4.0,8.2,25.3,27.7,4.0,10.2,21.4,26.3,7.1,10.0,7.1,4.0,15.2,34.3,37.0,37.4,21.4,31.0,16.2,10.3,12.4,15.2
1772714447.7232387,42.4,47.1,18.6,10.0,7.1,6.1,24.2,24.5,12.1,13.0,19.4,10.1,13.9,17.0,9.0,17.0,18.0,29.7,19.0,20.0,11.0,24.0,29.6,40.0,15.0,27.7,16.2,24.8,6.0,4.0,23.5,16.0,3.1,3.0,30.7,28.0,14.0,6.9,18.0,14.9,4.0,3.0,11.0,1.0,22.0,35.6,31.4,46.5,33.3,28.0,6.1,10.1,9.1,11.2
1772714448.7242558,41.8,34.7,11.1,19.4,5.1,8.0,18.6,25.7,8.1,9.1,10.1,19.0,13.0,10.1,13.0,12.1,12.9,28.0,20.0,15.0,13.1,15.0,44.6,44.1,20.8,16.0,13.1,15.2,5.1,7.0,22.2,17.0,10.1,3.1,28.0,24.0,5.0,8.2,24.8,11.1,4.0,2.0,12.2,4.0,19.0,31.0,26.3,29.7,29.6,39.6,12.1,5.1,14.0,8.2
1772714449.7256484,58.0,41.6,11.1,14.1,17.0,8.2,25.0,23.5,26.7,6.1,11.2,19.2,17.2,15.3,13.0,12.1,18.4,28.6,21.8,17.2,24.8,13.1,37.6,53.1,21.2,17.2,21.0,17.8,9.2,4.0,23.2,14.1,4.0,8.2,28.0,28.7,12.0,10.2,24.2,9.1,9.2,4.0,4.0,3.1,23.0,35.6,23.0,34.7,25.0,30.0,11.2,8.1,7.1,18.4
1772714450.7264605,37.1,45.5,21.0,6.2,13.3,10.2,26.3,37.0,22.2,24.2,12.1,19.8,13.1,17.8,10.1,12.2,18.2,29.0,22.4,14.0,26.0,10.9,44.0,50.5,24.2,18.0,22.0,19.0,10.2,6.2,20.4,12.2,3.1,6.0,25.0,30.6,11.2,8.1,21.2,16.2,3.1,3.1,6.1,5.0,24.8,27.3,20.2,31.0,21.2,33.3,7.0,12.2,12.1,12.2
1772714451.7337964,44.9,55.4,17.0,14.9,5.1,5.0,22.4,22.4,18.2,21.0,13.0,21.8,11.0,16.2,20.0,8.0,26.5,14.1,22.5,19.8,17.0,17.2,45.5,48.5,21.6,22.8,21.4,24.0,6.0,7.8,18.8,17.2,3.0,10.1,23.2,33.3,4.0,10.1,28.7,11.9,3.0,4.0,3.0,3.1,19.2,36.0,15.0,37.8,17.2,20.2,12.2,9.0,11.0,14.0
1772714452.739272,45.8,55.3,19.0,10.1,10.9,11.0,21.2,21.2,4.1,5.1,18.2,20.0,11.0,19.0,15.2,9.9,32.0,14.1,21.0,20.2,21.8,13.0,45.1,46.0,20.2,17.2,14.9,13.1,8.2,9.2,22.2,24.8,2.0,4.1,23.8,35.6,9.1,13.1,25.0,21.0,4.0,3.0,4.1,11.9,25.0,30.3,24.2,32.7,14.9,27.7,14.9,9.1,15.2,13.1
1772714453.7393532,40.4,46.5,15.2,16.2,11.3,13.1,25.3,30.6,23.8,11.2,19.2,14.1,8.2,18.2,11.1,12.2,30.3,12.1,14.0,21.0,20.2,9.0,40.8,39.4,13.0,26.0,17.3,20.0,9.1,12.2,30.0,13.1,2.0,10.1,28.0,24.2,3.0,12.0,23.2,19.2,4.0,3.1,2.0,9.1,25.3,24.2,38.6,35.0,22.2,37.0,8.0,11.1,6.1,19.0
1772714454.739421,47.5,49.0,15.2,9.2,9.1,7.1,25.5,27.0,16.7,14.0,11.0,19.2,13.0,15.0,12.1,11.2,21.2,22.2,26.0,14.0,22.2,13.1,23.0,23.2,15.2,24.8,22.2,13.0,4.1,6.1,20.0,20.0,13.0,3.0,27.0,28.0,5.1,15.2,21.2,14.1,1.0,4.0,3.0,3.1,37.6,15.8,25.5,41.0,29.0,36.7,10.2,5.1,13.0,11.1
1772714455.7394984,14.3,9.9,0.0,2.0,6.1,3.0,15.0,6.1,7.9,5.1,1.0,1.0,2.0,0.0,1.0,3.0,17.0,17.2,10.9,11.9,2.9,2.0,2.0,21.8,1.0,1.0,12.1,13.9,2.0,3.0,1.0,21.0,1.0,1.0,11.1,35.0,7.0,0.0,23.0,1.0,1.0,0.0,8.2,2.0,20.0,13.3,23.0,16.0,15.0,30.7,0.0,0.0,3.0,1.0
1772714456.7395918,8.9,4.0,1.0,0.0,7.0,12.9,13.0,7.1,0.0,0.0,0.0,0.0,0.0,0.0,0.0,0.0,10.0,10.0,11.0,10.0,0.0,0.0,0.0,13.1,0.0,0.0,1.0,1.0,16.3,3.0,0.0,19.2,0.0,0.0,31.3,29.0,1.0,1.0,20.0,0.0,0.0,2.0,0.0,0.0,12.0,29.7,20.8,20.0,10.1,29.4,0.0,0.0,0.0,0.0
1772714457.739667,4.1,0.0,0.0,0.0,7.0,7.1,8.0,8.1,0.0,0.0,0.0,0.0,0.0,0.0,0.0,0.0,10.1,10.0,10.9,11.9,0.0,0.0,0.0,0.0,0.0,0.0,1.0,0.0,5.9,4.0,4.0,14.1,0.0,0.0,21.8,22.2,0.0,1.0,20.8,0.0,0.0,0.0,0.0,0.0,11.0,30.7,35.6,4.0,25.7,16.0,0.0,0.0,1.0,0.0
1772714458.7397335,2.0,0.0,0.0,0.0,0.0,0.0,0.0,0.0,0.0,0.0,0.0,0.0,0.0,0.0,0.0,0.0,9.1,10.0,10.0,10.9,0.0,0.0,0.0,0.0,0.0,0.0,0.0,0.0,0.0,0.0,4.0,3.0,0.0,0.0,20.0,20.8,0.0,0.0,20.0,0.0,0.0,0.0,0.0,0.0,10.0,30.0,41.6,1.0,34.7,5.9,0.0,0.0,0.0,1.0
1772714459.7397969,0.0,0.0,0.0,0.0,0.0,0.0,0.0,0.0,0.0,0.0,0.0,0.0,0.0,0.0,0.0,0.0,10.0,10.0,10.8,10.9,0.0,0.0,0.0,0.0,0.0,0.0,0.0,0.0,0.0,0.0,0.0,0.0,0.0,0.0,20.2,20.8,0.0,0.0,20.2,0.0,0.0,0.0,0.0,1.0,10.0,30.7,21.0,19.0,23.0,1.0,0.0,0.0,0.0,0.0
1772714460.7398717,1.0,0.0,0.0,0.0,0.0,0.0,0.0,0.0,0.0,0.0,0.0,0.0,0.0,0.0,0.0,0.0,10.9,10.0,0.0,0.0,0.0,0.0,0.0,0.0,0.0,0.0,0.0,0.0,0.0,0.0,0.0,0.0,0.0,0.0,37.6,3.0,1.0,0.0,20.0,0.0,0.0,0.0,0.0,0.0,15.8,24.8,4.0,25.0,20.0,0.0,0.0,1.0,0.0,0.0
1772714461.739959,0.0,0.0,0.0,0.0,0.0,0.0,0.0,0.0,0.0,0.0,0.0,0.0,0.0,0.0,0.0,0.0,0.0,0.0,0.0,0.0,0.0,0.0,0.0,0.0,0.0,0.0,0.0,0.0,0.0,0.0,0.0,0.0,0.0,0.0,13.9,20.0,0.0,0.0,5.9,0.0,0.0,0.0,0.0,0.0,6.0,4.0,6.0,13.9,20.8,0.0,0.0,0.0,0.0,0.0
1772714462.7400312,0.0,0.0,0.0,0.0,0.0,1.0,0.0,0.0,0.0,0.0,0.0,0.0,0.0,0.0,0.0,0.0,0.0,0.0,1.0,0.0,0.0,0.0,0.0,0.0,0.0,0.0,0.0,0.0,0.0,0.0,0.0,0.0,0.0,0.0,0.0,20.8,1.0,0.0,0.0,0.0,0.0,0.0,0.0,0.0,0.0,0.0,1.0,3.0,20.0,0.0,0.0,0.0,0.0,0.0
1772714463.7401123,0.0,0.0,0.0,0.0,0.0,0.0,0.0,0.0,0.0,0.0,0.0,0.0,0.0,0.0,0.0,0.0,0.0,0.0,0.0,0.0,0.0,0.0,0.0,0.0,0.0,0.0,0.0,0.0,0.0,0.0,0.0,0.0,0.0,0.0,13.0,7.0,0.0,0.0,0.0,0.0,0.0,0.0,0.0,0.0,0.0,0.0,0.0,0.0,9.1,8.9,0.0,0.0,1.0,0.0
1772714464.7401829,0.0,1.0,0.0,0.0,0.0,0.0,0.0,1.0,0.0,0.0,0.0,0.0,0.0,0.0,0.0,0.0,0.0,1.0,0.0,0.0,0.0,0.0,0.0,0.0,0.0,0.0,0.0,0.0,0.0,0.0,0.0,0.0,1.0,0.0,21.0,0.0,0.0,0.0,0.0,0.0,0.0,0.0,0.0,0.0,0.0,0.0,0.0,0.0,1.0,0.0,0.0,0.0,0.0,0.0
1772714465.7402604,1.0,0.0,0.0,0.0,0.0,0.0,0.0,0.0,0.0,0.0,0.0,0.0,0.0,0.0,0.0,0.0,0.0,0.0,0.0,0.0,0.0,0.0,0.0,0.0,0.0,0.0,0.0,0.0,0.0,0.0,0.0,0.0,0.0,0.0,20.0,0.0,0.0,0.0,0.0,0.0,0.0,0.0,1.0,0.0,0.0,0.0,0.0,0.0,0.0,0.0,0.0,1.0,0.0,0.0
1772714466.740338,0.0,0.0,0.0,0.0,0.0,0.0,0.0,0.0,0.0,0.0,0.0,0.0,0.0,0.0,0.0,0.0,0.0,0.0,0.0,0.0,0.0,0.0,0.0,0.0,0.0,0.0,0.0,0.0,0.0,0.0,0.0,0.0,0.0,0.0,20.0,0.0,0.0,0.0,0.0,0.0,0.0,0.0,0.0,0.0,0.0,0.0,0.0,0.0,0.0,0.0,0.0,0.0,0.0,0.0
1772714467.7404108,0.0,0.0,0.0,0.0,0.0,0.0,0.0,0.0,0.0,0.0,0.0,0.0,0.0,0.0,0.0,0.0,0.0,0.0,0.0,0.0,0.0,0.0,0.0,0.0,0.0,0.0,0.0,0.0,0.0,0.0,0.0,0.0,0.0,0.0,6.0,0.0,0.0,0.0,0.0,0.0,0.0,0.0,0.0,0.0,0.0,0.0,0.0,0.0,0.0,0.0,0.0,0.0,0.0,0.0
