timestamp,CPU_0(group_0),CPU_64(group_0),CPU_2(group_1),CPU_66(group_1),CPU_4(group_2),CPU_68(group_2),CPU_6(group_3),CPU_70(group_3),CPU_8(group_4),CPU_72(group_4),CPU_10(group_5),CPU_74(group_5),CPU_12(group_6),CPU_76(group_6),CPU_14(group_7),CPU_78(group_7),CPU_16(group_8),CPU_80(group_8),CPU_18(group_9),CPU_82(group_9),CPU_20(group_10),CPU_84(group_10),CPU_22(group_11),CPU_86(group_11),CPU_24(group_12),CPU_88(group_12),CPU_26(group_13),CPU_90(group_13),CPU_28(group_14),CPU_92(group_14),CPU_30(group_15),CPU_94(group_15),CPU_32(group_16),CPU_96(group_16),CPU_34(group_17),CPU_98(group_17),CPU_36(group_18),CPU_100(group_18),CPU_38(group_19),CPU_102(group_19),CPU_40(group_20),CPU_104(group_20),CPU_42(group_21),CPU_106(group_21),CPU_44(group_22),CPU_108(group_22),CPU_46(group_23),CPU_110(group_23),CPU_48(group_24),CPU_112(group_24),CPU_50(group_25),CPU_114(group_25),CPU_52(group_26),CPU_116(group_26)
1772715526.7180085,0.0,0.0,0.0,0.0,0.0,0.0,0.0,0.0,0.0,0.0,0.0,0.0,0.0,0.0,0.0,0.0,0.0,0.0,0.0,0.0,0.0,0.0,100.0,0.0,0.0,0.0,0.0,0.0,0.0,0.0,0.0,0.0,0.0,0.0,0.0,0.0,0.0,100.0,0.0,0.0,0.0,100.0,0.0,0.0,0.0,0.0,0.0,0.0,100.0,100.0,0.0,0.0,0.0,0.0
1772715527.7187665,28.6,26.7,29.7,31.0,51.5,27.7,6.1,2.0,6.1,6.1,22.0,22.2,46.5,34.7,32.3,28.3,23.0,12.1,35.0,43.7,38.5,41.7,37.6,42.7,8.9,6.0,13.0,16.8,33.7,38.0,26.5,56.3,11.0,20.8,5.0,1.0,35.6,47.5,8.1,12.1,13.1,13.0,37.0,35.0,4.0,4.0,14.1,14.9,8.2,11.0,20.0,25.0,31.0,32.7
1772715528.7192516,14.9,7.2,24.5,15.5,42.9,35.4,4.1,2.0,23.5,22.4,6.1,5.1,40.8,42.0,19.4,21.4,17.2,17.5,34.0,39.2,41.0,43.6,41.0,42.0,9.0,7.0,9.0,10.3,32.3,33.3,32.3,51.0,4.1,4.2,3.1,3.0,31.3,46.5,7.2,1.0,20.4,22.7,30.0,20.2,2.1,5.1,10.2,6.2,9.2,8.2,39.4,40.4,23.5,24.5
1772715529.7229517,14.3,10.9,25.7,22.2,40.8,36.6,4.0,2.0,5.0,2.0,2.0,5.1,43.1,39.0,29.0,33.3,2.0,5.9,42.2,33.7,40.8,41.2,61.2,21.0,6.1,3.0,10.0,8.1,37.3,36.3,40.6,40.6,6.1,4.0,3.1,3.0,40.0,38.2,3.1,2.0,42.7,40.2,26.7,34.0,4.0,0.0,13.0,10.0,6.0,7.1,6.1,10.0,32.0,27.0
1772715530.7252123,14.4,9.0,24.2,24.2,38.8,38.0,4.0,2.0,3.1,5.1,5.1,8.1,38.0,37.4,35.7,42.9,18.4,16.3,37.4,37.8,44.1,38.2,61.4,21.0,4.0,6.1,9.1,10.0,32.0,32.3,40.4,41.0,5.1,4.1,4.0,4.1,33.3,41.4,2.1,3.1,42.0,40.6,18.4,33.3,4.1,5.0,13.1,12.2,8.2,8.1,25.3,24.5,25.5,27.6
1772715531.7384489,13.0,10.2,28.0,21.2,35.4,43.6,6.0,5.9,21.0,18.4,6.1,4.0,39.2,30.4,14.1,17.0,19.0,21.8,35.3,38.6,40.8,41.7,60.2,22.0,7.0,4.0,10.1,7.1,38.6,33.7,40.8,40.6,4.0,5.0,4.0,3.0,37.6,47.1,4.1,12.1,40.8,41.7,33.7,29.7,4.0,4.0,11.0,12.0,8.0,9.0,21.2,24.8,28.3,26.5
1772715532.7408814,11.3,9.0,15.3,16.0,32.3,40.6,2.0,2.0,7.1,4.1,3.1,4.0,38.0,30.0,23.2,27.3,3.1,4.0,35.6,37.0,36.3,38.2,60.6,20.8,2.0,5.1,6.0,7.1,26.0,29.3,37.6,44.0,5.0,4.0,3.1,2.0,36.6,41.0,12.1,9.3,40.2,40.0,23.0,21.0,3.0,3.0,9.0,8.0,5.2,7.1,16.0,17.0,20.0,23.0
1772715533.7412033,14.3,10.2,22.4,21.2,33.7,32.0,4.0,3.0,4.1,1.0,7.0,5.0,30.0,37.6,34.3,35.4,20.2,14.4,36.4,36.0,41.2,42.2,46.5,35.6,3.0,6.0,7.1,10.1,28.0,30.4,28.0,53.9,4.0,3.0,1.0,5.1,45.0,38.0,29.3,23.2,41.6,42.2,21.0,25.0,4.0,6.0,10.0,8.0,9.0,5.1,24.0,25.3,21.2,26.7
1772715534.7485976,10.3,10.1,19.8,20.8,33.7,43.0,5.0,2.0,5.0,5.1,4.0,6.2,32.7,32.3,29.6,34.3,3.0,4.1,31.0,33.0,36.6,37.3,43.1,39.6,5.1,6.1,8.1,10.1,35.0,25.3,21.8,60.8,6.1,5.0,3.0,2.0,44.7,40.0,18.2,18.8,40.8,41.2,26.0,25.0,3.0,4.1,9.1,10.0,9.9,12.1,18.2,17.2,20.2,23.0
1772715535.751146,13.9,10.0,11.3,15.3,37.0,30.7,3.1,5.0,20.4,20.8,1.0,7.0,22.0,26.7,11.1,11.1,22.2,11.0,31.7,35.0,37.9,33.3,40.2,42.2,4.0,3.0,8.0,4.0,25.7,24.0,41.0,40.6,2.0,3.1,2.0,2.0,39.0,41.6,2.0,3.0,41.6,41.2,20.0,16.8,5.0,1.0,7.0,8.1,6.1,7.0,21.8,23.8,17.0,14.4
1772715536.7524323,9.4,8.1,18.2,17.0,33.0,39.0,3.0,5.1,5.1,8.1,3.1,5.1,32.0,28.3,25.0,28.3,3.0,4.1,35.4,33.3,35.6,37.3,42.6,39.4,4.0,3.1,5.1,6.1,38.0,21.4,39.0,43.0,4.1,3.1,2.0,2.1,40.0,41.4,3.0,3.1,40.6,41.6,24.2,17.2,3.1,5.1,6.1,13.1,5.1,8.1,15.2,15.2,25.3,17.2
1772715537.7529016,11.5,12.2,19.2,16.2,34.0,40.4,3.0,3.0,4.0,3.1,4.1,5.1,32.0,27.3,35.4,35.4,14.3,16.0,29.0,34.0,35.3,36.3,41.2,40.6,4.1,5.0,7.1,9.0,24.2,32.7,29.0,52.9,4.0,3.1,2.0,3.0,40.6,35.6,3.0,4.0,41.6,40.6,21.0,19.2,4.0,7.1,8.2,8.0,7.1,5.2,26.5,23.5,24.0,18.2
1772715538.7529674,15.2,13.0,24.8,24.2,39.8,39.6,5.1,3.1,8.1,11.1,5.1,6.1,36.4,36.0,29.6,28.6,4.1,3.1,37.0,38.0,42.6,44.1,29.7,53.0,6.9,4.1,7.3,7.0,35.6,36.6,24.8,57.4,6.1,4.0,4.1,3.1,37.4,47.0,4.0,2.0,41.2,41.0,35.0,32.0,8.2,1.0,11.0,12.1,7.1,9.1,15.0,15.8,21.4,25.3
1772715539.7567935,14.3,6.1,24.5,21.2,38.1,40.0,4.0,3.1,19.2,15.5,7.0,6.0,41.6,35.0,16.3,12.0,18.8,17.3,37.4,38.0,40.8,43.3,32.7,49.0,4.1,6.1,13.1,11.2,32.0,37.6,51.5,30.3,7.1,5.1,5.2,2.0,36.6,45.0,5.1,4.0,42.2,41.2,29.7,30.0,5.0,3.0,11.1,12.2,6.1,10.1,28.7,26.3,29.3,24.2
1772715540.7605748,15.2,11.9,17.2,21.2,41.6,27.7,4.0,1.0,5.1,2.0,4.1,5.1,34.0,27.7,33.0,27.6,8.0,6.1,30.7,35.6,41.6,39.6,41.0,40.0,8.0,3.0,8.0,7.1,31.0,26.5,44.4,36.6,4.1,5.0,3.1,2.0,42.4,37.6,3.0,4.0,41.6,40.6,24.5,21.2,4.0,3.0,11.0,9.0,9.1,9.1,20.2,20.2,23.8,21.0
1772715541.7661355,14.9,9.0,23.5,17.0,43.0,36.6,13.0,3.0,5.1,4.0,6.9,5.0,35.6,32.7,39.0,44.4,12.4,14.0,39.6,32.7,39.8,37.9,38.8,43.1,2.0,4.0,9.1,6.0,31.0,34.3,32.4,48.5,5.0,2.0,3.0,4.0,38.2,37.6,6.0,3.0,40.2,39.2,25.7,25.7,4.0,2.0,8.2,11.0,10.1,6.9,20.2,21.6,16.5,25.3
1772715542.7699573,12.2,5.1,17.5,14.3,43.4,27.0,6.2,2.0,6.2,16.0,7.1,3.1,28.0,32.0,20.4,20.2,10.1,12.0,32.7,34.7,38.6,37.9,37.6,40.0,8.1,6.9,6.1,8.1,31.0,27.6,23.0,43.4,5.0,5.1,7.1,5.1,37.6,40.6,2.0,4.1,32.4,31.4,17.0,23.2,3.1,3.0,6.1,7.1,6.0,7.1,22.0,22.4,16.8,24.5
1772715543.772127,13.3,7.9,18.4,14.3,43.4,39.0,5.1,3.1,17.2,16.2,6.1,5.0,30.3,35.0,6.1,3.1,3.1,15.2,38.0,31.3,38.2,36.6,31.0,20.0,5.0,4.0,8.1,6.1,29.3,30.0,28.0,34.7,8.0,3.1,2.0,3.0,32.0,44.0,2.0,5.0,29.0,28.7,22.2,23.8,4.0,3.1,8.2,8.1,7.1,7.1,18.2,17.3,20.8,24.8
1772715544.7736583,13.3,6.1,17.2,16.2,44.4,27.3,2.0,3.0,3.1,3.1,6.1,3.1,23.2,36.4,31.3,31.7,5.1,13.0,34.3,35.0,39.2,38.2,24.2,32.7,4.0,5.1,11.0,8.0,27.5,27.7,39.6,25.0,2.0,4.0,8.0,3.0,41.6,40.4,3.1,4.1,11.0,14.0,20.2,19.4,2.0,3.0,12.0,7.9,7.1,6.9,19.2,20.2,19.4,20.4
1772715545.7737353,13.3,12.1,16.2,17.2,25.8,48.0,4.1,3.1,6.1,3.1,5.1,6.0,30.0,32.0,39.0,43.4,4.1,15.5,35.0,34.7,37.3,38.6,13.1,49.5,4.1,6.1,6.1,6.1,31.0,29.0,38.0,45.0,6.1,2.0,3.1,1.0,39.8,41.0,4.1,5.1,17.2,12.0,19.8,25.3,3.0,3.1,9.3,7.1,9.0,6.1,20.2,21.2,19.0,24.2
1772715546.7738202,11.6,9.1,17.2,15.3,34.0,34.0,5.1,3.0,10.2,10.3,5.1,5.0,38.0,30.7,19.6,20.2,15.2,11.0,36.0,29.0,35.3,38.2,3.0,50.5,5.0,5.0,7.1,4.1,28.0,26.0,31.0,51.0,3.1,4.0,1.0,3.1,41.6,39.0,3.0,3.0,16.0,13.1,24.0,20.2,4.0,3.0,10.1,6.1,4.1,7.1,18.0,20.2,21.2,20.0
1772715547.7760532,13.0,8.1,18.2,16.0,45.9,26.0,5.0,7.9,15.0,14.1,6.1,4.0,30.0,31.0,6.0,11.3,9.1,4.0,32.0,36.0,38.6,35.9,19.8,59.8,5.1,3.0,7.1,10.0,25.3,29.0,21.0,60.8,5.9,4.0,4.0,3.0,38.0,43.6,3.0,2.1,12.1,12.0,19.0,20.2,7.0,4.0,7.1,10.9,11.9,6.1,19.2,18.2,21.2,20.4
1772715548.7780204,13.1,12.2,21.2,22.0,31.3,47.0,4.0,2.1,11.3,2.0,6.1,4.1,34.0,32.0,43.0,33.3,15.3,17.2,38.0,37.0,42.2,42.2,21.0,60.8,6.1,4.0,11.0,7.1,36.6,34.0,43.6,34.0,3.0,4.1,5.1,2.1,37.0,38.6,5.1,3.1,26.0,34.0,31.0,28.3,2.0,3.1,11.0,9.2,7.2,6.2,21.0,20.0,27.3,23.0
1772715549.7781103,14.0,11.0,25.5,22.2,43.4,38.4,5.1,3.1,7.1,8.2,8.1,13.0,36.0,44.0,39.4,40.0,8.3,9.2,42.4,31.3,41.2,42.7,28.0,53.5,8.1,3.1,6.2,7.1,36.4,35.0,32.0,34.3,4.1,5.1,7.1,6.1,42.0,39.4,5.1,4.1,35.0,33.0,27.3,29.0,5.0,3.1,11.3,10.1,7.1,8.2,29.3,29.6,25.7,29.0
1772715550.7793462,11.2,7.1,16.8,20.4,46.5,29.4,4.1,4.0,18.4,19.2,6.1,6.1,28.0,25.0,12.5,15.2,10.9,11.2,32.0,32.3,36.3,35.3,42.0,32.4,5.1,6.0,6.0,7.1,30.7,22.2,37.0,37.0,4.0,4.0,6.9,3.1,41.6,40.0,5.1,14.1,43.7,38.0,21.2,21.0,2.1,1.0,9.1,7.1,7.0,8.0,10.1,11.1,16.3,21.4
1772715551.7809007,13.4,8.2,16.5,18.2,46.9,32.7,4.1,1.0,3.1,6.2,5.1,11.1,35.3,37.4,11.1,12.2,10.2,11.2,37.0,35.6,43.1,38.6,33.7,28.3,7.1,5.1,9.2,9.0,31.3,25.7,22.2,22.0,4.1,5.0,1.0,2.0,39.0,43.1,8.2,11.3,42.7,40.6,20.4,29.7,6.1,5.1,12.0,9.1,8.1,9.3,33.3,34.7,24.2,19.2
1772715552.7809925,13.3,12.1,24.0,25.0,38.4,42.6,3.1,3.1,4.1,7.1,4.1,9.0,33.7,36.0,42.0,41.0,10.3,8.2,40.0,29.6,39.2,39.8,31.3,28.7,4.1,4.0,10.0,6.1,32.3,40.4,25.0,21.2,4.1,3.1,4.0,3.1,35.7,40.0,24.5,33.3,40.6,42.2,31.0,29.0,3.0,2.0,10.1,10.2,9.1,10.1,8.1,10.2,23.7,25.0
1772715553.7810857,14.0,10.2,21.4,15.0,29.6,42.0,5.0,2.1,16.5,13.3,6.1,3.1,38.0,35.0,33.3,34.0,13.3,21.0,36.7,36.4,36.6,35.6,16.0,25.0,4.0,4.0,7.1,9.2,31.3,25.0,26.0,33.0,5.1,3.1,3.0,2.1,44.0,40.4,17.2,15.2,41.0,40.6,20.0,25.3,4.0,4.1,8.2,9.1,6.2,8.1,38.6,38.8,22.2,20.6
1772715554.783433,12.4,10.0,20.6,16.2,37.4,28.7,4.0,7.8,12.2,6.1,3.1,3.0,33.7,33.7,10.0,13.0,3.0,2.0,39.0,27.0,39.2,37.3,14.7,5.9,6.0,1.0,4.1,6.1,20.8,32.7,41.6,22.5,4.0,3.0,2.0,2.0,44.6,33.3,1.0,12.0,42.2,41.2,21.8,22.0,0.0,3.0,10.0,8.1,5.9,7.1,8.1,7.1,21.0,18.2
1772715555.7837667,13.1,11.0,17.8,16.0,31.3,47.0,4.0,2.0,5.0,5.0,6.1,2.1,33.3,34.0,12.2,17.2,15.2,16.0,35.6,27.7,38.2,37.3,20.8,17.2,4.1,4.0,9.0,5.0,23.8,35.0,42.6,21.8,5.0,5.0,3.1,2.0,39.0,36.3,2.0,10.1,41.2,40.6,19.2,21.0,3.0,3.0,7.1,8.0,6.1,7.9,19.0,20.0,20.2,20.2
1772715556.7857666,17.0,9.1,17.5,15.2,30.3,44.0,5.1,2.0,3.1,7.1,5.0,4.0,25.3,27.3,42.9,41.4,3.1,2.1,27.6,38.4,35.6,40.2,48.0,14.0,4.0,4.0,4.1,10.1,31.0,28.0,43.6,35.7,4.0,3.1,4.0,2.0,45.0,38.0,2.0,4.1,40.6,41.6,20.0,20.2,5.0,3.0,8.1,7.2,6.1,4.2,27.0,27.7,15.2,22.2
1772715557.7863514,9.5,11.1,17.5,18.4,32.7,43.0,2.1,2.1,15.3,21.4,5.1,4.1,34.0,32.0,30.6,33.7,23.0,11.1,32.0,38.4,42.6,33.0,48.0,30.3,4.1,3.1,7.1,11.1,24.0,31.3,43.6,37.0,3.1,6.0,3.1,5.1,41.6,40.4,1.0,5.1,41.6,40.6,22.0,24.0,2.0,4.1,9.1,11.2,5.2,8.1,8.2,11.2,23.0,19.4
1772715558.7918494,14.0,10.2,23.2,16.2,36.7,34.0,5.0,2.0,4.1,6.1,4.1,5.1,31.0,38.0,12.4,14.1,5.1,4.0,32.0,39.0,38.2,40.2,48.5,20.0,7.0,3.1,7.1,9.1,35.0,33.0,32.7,48.5,4.0,5.1,2.1,4.0,36.0,44.0,5.1,1.0,42.2,41.2,25.0,28.3,7.1,3.0,10.3,10.0,8.0,7.1,32.7,34.0,24.2,24.0
1772715559.7925465,12.2,7.1,15.3,19.4,30.3,41.2,3.0,4.0,4.0,3.1,5.9,6.1,31.7,28.0,23.8,13.1,21.2,12.1,37.9,27.7,39.2,38.2,42.0,11.1,5.1,4.0,9.0,7.9,26.0,29.0,25.3,49.5,3.1,4.1,2.0,2.0,39.0,41.6,3.1,2.0,37.6,36.0,22.8,21.0,5.1,4.0,12.9,7.1,5.1,9.0,6.0,7.0,22.0,21.0
1772715560.795565,15.3,11.2,19.2,24.2,29.6,48.5,5.1,3.1,9.2,7.1,5.1,3.1,36.6,32.0,39.8,39.4,3.1,7.1,41.4,33.7,38.6,40.2,38.6,29.0,6.0,6.1,10.1,5.2,32.0,36.0,33.3,26.7,5.1,4.0,4.0,7.1,41.0,41.6,5.1,1.0,31.4,32.4,32.7,27.0,5.1,3.0,13.0,11.0,7.1,7.1,33.3,34.0,18.2,31.0
1772715561.7970977,13.0,8.0,18.0,20.8,32.0,39.6,2.0,4.0,14.1,19.4,3.0,5.1,32.0,30.0,24.5,27.0,11.9,23.2,34.0,31.7,37.5,36.3,42.2,25.7,4.1,4.0,5.0,6.1,25.0,31.0,40.6,42.6,3.1,4.0,2.0,6.1,41.2,37.6,4.0,4.0,32.7,31.4,21.8,22.0,3.1,3.1,8.2,7.1,7.9,6.1,9.0,10.0,20.2,18.0
1772715562.798194,11.5,8.2,17.3,17.7,36.4,35.4,4.1,4.1,1.0,4.0,3.1,6.1,31.0,34.0,14.1,17.3,9.1,5.1,37.0,31.6,37.3,40.6,48.0,13.0,3.1,4.0,7.1,5.1,30.0,27.7,45.0,12.1,4.0,2.1,5.2,2.0,41.4,39.8,3.0,2.1,31.0,31.7,19.4,23.5,4.0,2.0,6.1,10.1,5.1,6.1,23.0,22.0,23.2,19.2
1772715563.7992992,12.4,8.0,18.2,18.0,49.5,33.7,4.0,5.0,4.0,5.1,7.1,3.1,30.0,34.3,21.4,13.3,17.2,15.3,35.0,35.0,40.0,38.2,46.1,38.6,5.0,3.1,5.1,9.1,34.3,30.7,31.4,11.2,3.0,6.0,3.1,7.9,44.0,37.0,2.0,6.0,30.7,29.0,26.3,18.8,3.0,3.0,11.1,6.1,8.0,5.2,16.2,17.3,19.2,21.4
1772715564.8031836,11.3,9.0,18.0,17.5,32.0,39.6,8.1,2.1,6.2,13.1,5.0,8.1,29.0,34.7,38.4,34.0,4.0,2.0,37.0,36.0,38.8,39.2,37.3,44.6,5.1,3.0,8.1,8.0,31.4,26.0,48.0,36.6,5.0,5.0,4.0,1.0,39.6,41.6,3.0,2.0,31.7,30.0,22.5,23.0,2.0,3.1,10.0,7.1,6.1,8.1,24.8,26.7,20.2,21.8
1772715565.8032591,13.1,7.2,19.4,18.4,27.6,46.5,5.1,3.1,23.0,5.2,4.1,3.1,39.4,32.3,27.6,26.8,20.4,13.1,32.0,38.0,44.1,41.2,36.6,33.7,5.1,6.1,6.1,8.2,29.3,36.0,38.4,42.0,2.1,4.0,4.0,5.1,39.6,40.6,4.1,4.0,28.7,30.0,21.4,30.6,3.0,2.0,9.3,13.0,7.1,8.0,15.2,15.2,18.4,24.7
1772715566.8033328,12.2,7.1,12.1,13.1,27.3,42.0,5.9,5.0,3.1,2.0,3.1,5.9,21.6,31.7,19.6,14.1,3.0,2.1,26.5,33.7,35.6,34.3,25.3,30.0,4.0,2.0,9.9,4.0,23.2,23.0,27.7,27.7,6.0,2.0,3.0,2.0,36.7,42.4,2.1,2.1,21.0,18.0,15.2,15.0,3.1,0.0,6.0,7.1,4.1,6.1,22.4,22.2,15.2,17.8
1772715567.8037288,11.5,8.1,16.3,28.6,27.3,40.0,5.1,2.0,2.1,3.1,5.0,4.0,27.3,31.0,23.0,20.2,19.2,14.0,36.0,30.4,36.9,37.3,52.9,28.7,3.0,4.0,14.1,3.0,23.0,27.0,36.0,37.0,3.0,6.0,4.0,4.1,36.6,44.7,3.0,3.1,20.2,13.1,16.8,19.0,3.0,4.0,7.1,8.1,5.1,7.1,14.7,9.2,19.2,15.2
1772715568.8045006,14.1,12.1,16.3,19.4,36.1,42.0,7.1,3.1,19.2,6.2,7.1,4.1,25.0,35.4,35.4,29.6,9.2,8.2,34.0,37.4,38.2,36.6,56.0,23.8,4.1,5.1,7.1,11.0,33.7,34.3,32.0,48.5,6.1,2.0,3.1,4.0,43.0,37.0,2.1,3.1,24.5,21.8,21.2,31.0,4.1,3.0,7.2,11.2,11.1,8.1,25.3,26.0,22.2,23.2
1772715569.8049545,11.2,9.0,23.0,19.2,36.4,39.0,3.0,3.1,12.1,15.0,5.1,5.0,31.3,32.0,29.6,30.9,10.2,10.1,33.3,35.6,36.6,39.2,48.5,32.0,5.9,9.0,7.1,7.1,36.0,24.0,42.0,36.0,4.1,3.1,4.0,2.0,41.0,38.0,2.0,4.1,23.0,21.2,28.3,22.0,2.0,3.0,9.0,8.1,7.1,4.2,17.0,17.2,19.0,22.2
1772715570.8050294,13.3,7.2,16.5,19.4,38.1,35.3,4.1,4.0,4.1,2.0,9.1,6.1,30.3,32.7,21.2,18.2,16.3,17.3,31.0,32.7,41.2,42.6,59.8,22.0,4.1,4.1,9.1,7.1,30.3,28.7,37.0,44.4,6.0,4.1,6.1,2.0,39.0,42.0,13.4,13.3,30.3,28.7,21.4,23.5,7.1,4.0,8.1,14.0,6.1,9.0,23.2,22.2,22.4,21.0
1772715571.8062468,11.2,9.1,22.2,22.0,37.6,40.0,5.1,2.0,6.0,5.0,6.0,2.0,37.3,29.0,18.2,27.7,3.1,2.0,35.0,33.0,45.1,38.2,34.0,10.3,4.0,4.0,2.0,6.1,31.0,32.7,21.0,33.7,3.0,3.0,6.0,3.0,40.6,39.6,5.1,5.0,43.6,39.2,29.0,23.8,9.1,3.0,10.0,7.1,6.9,8.0,20.8,20.0,20.2,20.2
1772715572.806887,15.0,9.1,22.0,21.4,34.3,43.0,5.0,4.0,11.3,8.2,5.1,5.1,36.0,32.3,32.7,24.5,11.3,16.2,39.0,34.3,42.2,39.6,27.7,21.0,4.1,4.1,8.0,8.1,30.0,31.3,33.0,4.0,5.1,4.0,9.1,6.1,36.7,40.0,20.0,27.6,42.2,40.6,27.0,22.2,5.1,4.0,11.2,6.1,8.9,7.2,19.2,19.2,29.0,20.8
1772715573.8074672,11.3,8.2,19.2,15.2,38.8,37.4,4.0,3.1,14.4,15.0,7.1,4.0,32.0,30.0,28.9,32.0,8.9,5.1,34.3,37.6,37.6,38.8,60.0,22.0,4.0,6.0,7.1,7.1,35.7,21.0,25.7,27.0,3.0,6.2,5.1,4.1,42.0,41.4,21.2,23.2,41.6,40.2,27.3,22.4,2.0,11.2,9.3,7.1,6.3,8.1,25.3,26.0,25.0,18.4
1772715574.8075507,14.9,9.1,18.2,18.6,44.4,29.0,2.1,4.0,4.0,3.1,5.2,4.0,29.3,31.7,26.0,29.3,13.3,10.2,32.3,37.8,39.2,38.6,29.0,33.7,7.0,3.1,7.1,7.0,33.3,35.0,14.1,45.5,4.0,3.1,2.1,5.1,42.0,34.0,2.1,4.1,42.2,41.0,23.0,32.0,8.1,6.1,7.1,11.1,7.0,7.1,16.0,13.1,19.2,20.4
1772715575.808297,11.1,11.1,18.2,21.2,42.9,31.0,4.0,3.1,11.1,8.0,4.1,5.1,34.0,38.0,17.5,12.4,6.0,8.2,38.0,42.0,40.6,35.3,44.1,23.8,3.1,4.0,5.1,5.1,26.0,30.3,29.0,51.5,1.0,5.1,4.0,6.1,43.6,38.6,2.0,4.0,40.6,41.2,24.2,22.8,12.1,5.0,6.1,11.2,7.1,7.1,19.2,21.0,19.0,26.0
1772715576.8087082,13.4,8.1,21.4,12.2,43.4,26.3,6.1,1.0,10.2,11.2,6.1,2.1,29.6,33.3,20.2,27.3,17.2,8.2,29.3,37.0,38.0,45.1,44.6,23.0,3.0,6.1,7.1,6.1,30.6,31.0,21.0,60.4,3.0,7.0,2.0,8.0,37.3,40.0,3.0,4.1,41.7,41.6,19.0,25.3,4.0,9.1,7.0,12.1,5.2,6.1,20.2,19.4,25.3,18.8
1772715577.8163886,11.1,8.2,16.0,17.0,44.6,40.2,4.0,5.9,11.1,9.2,6.0,4.0,30.7,25.5,34.7,32.0,8.1,5.1,35.6,34.0,39.4,36.9,39.6,32.4,5.0,3.0,7.0,7.0,27.7,29.3,33.7,46.5,2.0,5.9,6.0,3.0,34.3,48.0,1.0,2.0,40.6,39.2,20.8,17.0,2.0,7.1,9.9,7.1,8.0,12.2,20.8,19.6,18.4,22.2
1772715578.8170245,12.1,10.9,18.0,18.0,32.0,36.0,2.0,4.0,4.0,3.0,6.1,6.9,32.7,30.3,25.8,30.6,11.2,21.8,27.3,35.6,41.6,37.9,32.7,40.0,6.1,4.0,7.1,10.1,28.7,31.7,39.2,36.0,1.0,8.0,2.0,2.0,41.6,38.6,11.0,3.1,30.7,32.0,18.0,25.5,4.0,4.1,7.1,7.1,7.0,5.1,22.0,24.0,17.0,25.7
1772715579.8177958,12.1,10.2,17.3,18.6,45.4,34.3,5.0,3.0,8.1,9.3,6.1,4.1,31.6,30.6,19.2,19.0,4.0,8.3,34.3,34.3,35.0,36.0,7.1,52.5,8.1,5.0,8.2,6.1,24.5,32.7,38.4,43.4,4.1,2.1,7.1,2.0,36.4,43.9,6.1,7.1,32.7,32.0,22.4,24.2,3.1,4.0,11.1,8.1,7.1,6.1,16.3,14.4,20.4,23.7
1772715580.8182697,14.0,11.1,22.2,21.8,41.6,38.0,2.1,3.1,14.6,18.0,4.0,5.1,36.6,33.7,24.5,23.7,13.3,13.0,34.7,36.0,40.8,40.6,21.2,39.0,5.0,5.1,6.1,6.1,37.0,28.0,41.6,39.0,6.0,4.0,9.1,3.0,40.0,35.9,6.1,3.0,31.4,32.7,24.0,28.3,7.1,3.0,11.1,8.2,8.2,7.1,25.3,26.0,21.2,24.5
1772715581.8183434,14.3,8.2,19.6,14.4,41.4,37.0,4.1,3.0,5.1,2.0,5.1,2.0,31.3,38.4,36.4,31.6,9.1,3.1,39.6,31.3,42.2,39.2,33.7,24.2,5.1,3.0,7.1,7.0,29.0,33.0,23.0,21.2,5.9,5.0,1.0,5.1,37.6,45.5,4.1,1.0,35.6,38.6,25.0,27.0,12.1,2.0,10.3,8.2,8.2,9.1,13.3,12.1,24.0,22.0
1772715582.8208456,11.2,6.1,13.0,12.1,37.4,28.0,3.0,2.0,2.0,3.0,3.1,4.0,23.8,27.3,25.3,23.2,8.1,14.1,30.7,31.7,37.9,31.7,26.3,17.6,3.1,2.0,7.0,7.0,26.0,21.2,10.1,13.9,2.0,2.0,4.0,4.0,38.4,39.2,4.1,3.0,39.0,41.6,20.0,18.0,5.1,1.0,7.0,6.9,6.1,5.1,15.2,15.0,15.0,15.2
1772715583.8218763,12.0,7.0,16.3,13.1,41.8,36.0,4.1,1.0,10.1,7.0,3.1,4.0,28.7,29.7,9.1,11.1,4.0,3.1,35.4,38.4,34.7,38.2,34.0,16.3,4.0,3.0,5.0,10.1,26.3,27.0,22.0,20.4,3.0,5.1,3.0,2.0,37.0,44.0,4.0,2.0,34.3,35.6,18.4,19.0,5.1,3.0,8.0,6.1,7.0,7.1,20.0,19.4,19.2,19.4
1772715584.8231301,12.1,7.1,15.3,13.1,33.7,36.0,4.0,2.0,11.3,11.2,5.0,4.0,29.0,26.5,27.3,19.4,9.1,22.2,39.0,32.3,34.7,40.2,41.6,40.2,4.0,6.0,8.1,7.1,23.2,31.0,30.0,49.5,4.0,3.1,2.0,3.0,36.6,45.5,3.0,2.0,31.0,31.7,19.2,16.3,8.2,3.0,5.1,12.0,7.1,6.1,20.0,21.0,18.4,21.8
1772715585.8233042,13.5,7.0,16.2,19.2,35.1,42.0,3.1,4.1,10.2,7.1,5.1,3.1,35.4,35.0,40.4,41.4,2.1,9.1,33.3,39.6,39.8,35.6,38.6,30.0,4.1,3.1,8.2,7.2,37.6,26.0,21.2,60.8,4.2,3.0,2.1,3.0,36.4,45.0,3.1,2.1,32.7,32.7,22.2,25.0,4.0,3.0,7.1,11.1,7.1,7.0,20.2,21.2,25.3,17.2
1772715586.826689,12.2,6.1,19.2,14.0,29.3,44.0,3.0,4.1,8.1,3.1,3.1,5.9,33.7,30.0,27.6,27.6,12.0,18.0,34.3,36.4,36.0,35.9,53.5,16.2,8.0,8.2,7.1,8.1,24.0,31.0,20.8,60.4,5.0,5.2,3.0,1.0,32.0,47.1,4.1,2.1,31.7,30.0,21.0,22.2,3.0,3.0,10.2,8.1,8.1,3.1,20.0,23.0,24.0,17.2
1772715587.8274498,14.9,8.2,19.2,19.2,26.5,42.6,4.1,3.0,10.2,5.1,6.9,3.1,32.7,30.0,10.0,6.1,4.0,9.1,34.0,36.0,39.2,37.6,34.7,15.0,4.1,2.0,6.1,9.0,31.0,28.0,21.0,61.2,5.1,4.0,5.1,5.1,34.0,46.5,2.0,4.1,35.3,42.2,19.8,24.0,4.0,4.0,11.1,8.0,8.1,7.1,21.0,18.4,24.0,19.8
1772715588.8275373,10.3,9.1,16.5,10.2,32.0,42.4,5.0,4.0,10.1,13.1,3.0,4.0,33.3,26.0,25.3,29.0,9.2,17.2,29.0,34.3,35.3,38.2,39.0,24.0,4.1,3.1,8.9,3.1,25.7,24.0,22.0,59.4,2.0,5.1,2.0,3.0,38.0,38.0,3.1,2.0,27.0,26.7,24.0,15.0,5.0,2.0,8.1,7.9,6.1,6.1,15.2,16.2,18.2,18.2
1772715589.8287807,13.0,10.9,15.8,18.0,35.4,39.2,2.0,3.0,5.1,11.1,6.0,5.0,28.0,33.0,36.7,39.4,13.0,6.1,32.7,30.7,36.9,36.3,43.6,36.6,4.0,6.0,7.1,5.1,33.3,32.0,35.4,43.6,4.0,4.0,3.0,3.0,44.6,37.6,3.1,4.0,20.8,22.8,21.0,23.0,2.0,3.0,7.0,8.1,7.0,4.1,26.0,25.0,22.0,18.0
1772715590.829871,14.3,7.1,16.2,17.3,41.4,30.0,4.0,2.0,2.0,10.0,5.1,5.2,24.2,31.0,26.3,24.5,10.2,8.2,32.0,34.3,34.0,33.3,53.5,28.0,4.0,3.0,5.1,6.0,26.3,24.0,39.0,32.7,3.1,4.0,3.0,2.0,36.0,43.4,8.1,16.2,22.8,22.8,21.2,21.0,2.0,2.0,5.0,9.2,5.1,8.1,11.1,11.0,18.2,21.2
1772715591.8302424,15.3,14.1,13.4,17.2,39.8,33.3,4.0,2.1,8.0,9.2,6.2,3.1,29.0,36.0,14.4,3.1,13.1,4.1,33.3,35.0,35.6,41.0,49.5,31.7,6.1,3.0,9.0,7.1,33.0,21.8,26.3,32.3,1.0,7.9,3.0,3.0,38.0,42.6,5.2,6.1,23.2,22.0,21.0,24.5,2.0,6.0,11.1,11.1,7.1,7.1,27.0,22.4,18.4,22.2
1772715592.8317516,15.0,9.2,18.2,21.4,38.4,41.6,6.1,3.0,8.2,17.2,5.0,7.2,33.0,30.7,33.7,33.0,8.0,16.0,38.0,32.0,38.8,35.6,35.6,35.0,6.0,5.1,8.1,6.1,32.3,32.3,29.7,32.0,3.0,5.2,1.0,5.1,36.0,46.0,24.2,21.4,32.0,35.6,21.0,23.0,2.0,2.0,7.1,11.9,8.0,7.2,12.1,14.4,24.5,22.0
1772715593.8318186,15.0,15.7,20.2,17.3,33.3,40.4,3.0,6.0,9.2,4.1,4.1,5.0,37.3,29.3,37.1,37.0,8.2,20.0,39.6,29.3,41.6,42.7,18.2,32.7,3.0,3.1,8.1,9.0,37.3,27.0,26.0,20.0,5.9,9.1,3.0,4.1,44.6,33.0,20.4,18.4,39.6,42.6,22.2,27.0,4.0,5.0,9.1,8.1,7.0,9.1,23.2,24.8,17.0,24.2
1772715594.8329542,14.0,11.1,17.2,22.2,37.8,38.6,4.0,4.0,6.1,12.2,5.1,3.1,30.7,32.0,19.2,19.4,3.1,5.0,34.3,35.6,37.6,38.2,15.8,17.2,4.1,8.0,11.2,9.1,29.0,27.0,22.0,25.3,3.1,6.1,1.0,2.0,41.4,39.6,4.0,9.1,40.0,40.6,23.0,24.0,2.0,2.0,9.1,10.2,6.2,8.1,13.0,14.4,17.3,24.2
1772715595.8331602,12.1,9.2,13.3,17.2,42.4,31.0,5.0,2.0,5.1,11.0,5.1,5.1,26.8,35.4,11.2,11.2,16.2,16.0,34.3,34.7,39.2,40.8,30.0,12.9,5.1,3.0,7.0,5.2,24.5,30.0,38.4,41.6,6.0,7.1,1.0,7.1,41.6,39.6,3.0,6.1,38.2,38.6,20.2,22.2,3.0,4.1,8.2,8.1,7.0,8.0,24.2,25.7,22.0,19.2
1772715596.8332438,12.1,10.1,17.0,16.0,37.5,37.4,3.0,5.1,10.2,12.1,5.1,5.0,28.0,37.0,35.0,39.0,3.1,4.1,33.7,29.3,37.6,42.2,20.2,23.0,7.0,2.0,6.2,8.0,31.7,23.2,32.7,31.0,3.1,5.1,4.0,4.1,44.0,34.3,2.1,6.0,31.4,32.4,20.2,20.2,2.1,2.0,9.1,9.0,8.1,7.1,14.1,13.3,22.2,19.2
1772715597.8356574,9.3,10.1,13.4,17.3,30.9,39.6,7.0,4.0,3.1,6.1,5.1,4.1,32.3,29.0,35.1,35.7,17.2,12.1,34.3,37.0,34.0,37.3,20.0,38.0,4.0,4.0,8.0,7.1,21.2,30.4,35.6,43.1,4.0,5.0,3.0,4.0,35.4,50.0,4.0,2.0,32.0,30.7,17.2,21.2,5.0,3.1,8.1,11.0,4.0,7.1,26.0,26.5,16.2,20.0
1772715598.8371952,14.9,9.0,19.4,18.4,38.0,44.1,4.1,4.1,13.0,4.1,3.1,4.1,32.7,27.3,13.3,14.3,10.0,2.1,33.3,38.6,39.6,39.2,16.8,36.9,4.0,5.1,6.1,6.1,33.7,27.0,42.2,27.0,3.0,4.1,4.0,1.0,36.0,45.5,3.0,2.0,32.4,30.7,22.8,26.5,2.1,4.0,10.1,7.1,8.0,7.1,12.1,13.3,22.0,23.5
1772715599.837282,13.0,11.1,23.0,16.0,29.6,46.5,5.1,2.1,15.3,5.1,7.0,4.0,36.0,35.6,18.4,19.2,10.4,14.1,38.0,34.0,39.8,44.1,15.2,34.3,4.0,7.0,8.2,8.1,29.0,36.4,36.0,33.3,6.1,4.0,2.1,3.0,33.7,44.0,3.1,6.1,31.7,35.6,26.3,27.3,3.1,3.1,9.1,11.2,7.1,6.1,25.0,26.0,23.2,23.0
1772715600.8405132,11.2,9.1,12.4,21.0,42.9,32.0,3.0,3.1,6.1,11.2,4.1,4.0,35.4,24.0,41.4,38.0,18.0,8.1,38.4,33.0,35.6,39.0,38.0,43.1,2.0,6.0,7.1,6.1,23.0,30.0,48.0,33.0,4.0,4.0,2.0,3.1,42.0,41.6,2.0,2.0,40.6,42.2,24.0,21.0,2.0,3.0,6.1,9.0,8.0,7.0,18.2,17.0,21.2,18.2
1772715601.8435218,9.3,9.2,15.3,17.3,43.0,31.0,6.0,4.0,5.0,4.0,4.0,5.1,29.0,29.7,29.3,27.6,7.1,5.1,32.7,35.0,39.2,38.2,20.0,42.2,4.0,2.0,6.0,7.8,32.0,26.0,42.0,33.7,1.0,6.0,5.0,5.0,41.6,38.6,3.0,3.0,40.6,41.6,20.2,21.0,4.0,7.1,8.1,9.1,6.1,7.1,19.8,21.2,24.0,21.0
1772715602.8443465,13.0,9.0,21.2,18.2,37.8,44.6,4.1,2.0,6.1,12.2,4.0,3.0,33.7,37.0,8.2,9.3,13.1,7.1,32.3,32.3,36.6,43.7,17.2,33.3,3.1,5.0,6.9,7.1,30.7,35.0,39.6,41.6,4.0,3.0,5.1,3.0,39.0,43.4,6.0,1.0,39.8,38.2,25.7,31.0,3.0,5.0,9.1,8.2,8.2,11.1,18.2,18.0,23.2,20.2
1772715603.8481295,12.1,9.0,18.0,13.3,44.6,27.0,4.0,3.0,4.1,13.0,4.1,6.0,34.0,32.0,25.0,24.8,7.1,12.0,33.0,36.3,38.2,35.0,21.0,27.0,5.1,3.0,6.1,8.1,24.0,34.7,29.3,37.0,4.0,5.1,3.0,3.0,37.4,42.6,8.1,3.0,31.0,31.3,21.2,22.2,4.0,2.0,10.1,8.0,11.0,7.1,19.2,21.2,18.2,25.3
1772715604.8501923,14.0,9.1,20.2,18.0,43.4,35.4,8.1,3.1,12.1,7.3,3.0,4.1,29.3,33.3,41.0,40.4,16.8,13.9,34.7,41.4,39.2,40.8,21.0,33.7,5.1,5.0,10.1,8.2,26.3,35.0,42.0,32.0,6.0,3.0,3.1,3.0,35.3,46.0,8.2,3.1,31.7,32.4,28.0,23.8,6.1,2.0,9.1,10.0,7.1,8.0,24.2,25.7,25.0,18.2
1772715605.8502793,13.0,9.1,21.2,15.0,39.4,38.6,5.1,6.1,2.0,4.1,6.0,3.1,27.5,32.0,24.7,24.2,9.2,2.1,35.0,32.7,39.2,39.2,21.0,41.2,4.1,3.0,7.0,7.0,23.5,31.0,23.2,29.4,4.0,5.1,3.0,2.0,33.0,43.6,5.1,1.0,32.4,31.3,22.2,21.2,5.0,3.0,9.0,10.0,8.1,5.1,18.0,18.2,23.2,18.2
1772715606.851715,11.0,10.2,16.0,15.3,36.4,36.0,9.1,3.1,19.2,6.2,9.1,5.0,29.0,33.0,14.0,12.2,16.2,10.3,30.3,34.3,36.6,36.3,22.0,43.6,6.0,5.0,5.1,7.1,31.7,29.0,22.8,28.3,3.1,6.0,4.0,5.1,35.4,45.5,3.1,2.1,37.0,31.7,18.2,19.2,2.0,2.0,6.1,13.1,5.1,8.1,20.2,21.0,19.2,19.0
1772715607.852192,15.0,12.1,20.2,17.2,45.9,31.3,2.0,6.1,9.2,12.0,3.1,7.1,40.0,31.3,36.4,19.6,2.0,10.1,35.3,38.0,39.6,37.6,40.6,36.6,4.1,3.0,6.2,9.1,33.0,31.4,21.2,22.0,5.9,5.1,7.1,3.1,44.0,38.6,4.1,2.1,41.0,41.0,26.0,24.2,3.0,4.0,7.2,10.2,7.1,7.1,21.4,22.4,27.0,19.2
1772715608.8569288,13.0,11.1,23.0,21.2,40.6,40.6,5.0,5.1,8.2,9.3,6.1,4.1,35.0,34.0,40.4,38.0,23.0,11.2,38.0,34.0,37.9,46.6,36.4,49.0,4.1,5.1,14.0,10.0,30.3,33.3,36.6,23.8,3.1,5.1,3.1,3.0,49.0,34.0,10.3,6.1,40.2,42.7,25.0,26.7,4.0,3.0,10.0,10.1,9.1,8.9,24.0,22.5,31.6,18.2
1772715609.8584514,9.4,8.2,15.2,14.9,32.3,35.0,5.1,2.0,7.1,8.2,4.1,4.0,31.6,31.0,18.6,18.2,7.1,8.1,33.3,33.0,40.2,35.6,44.0,29.3,4.0,4.0,4.0,5.1,24.8,27.0,32.7,30.0,4.0,3.0,1.0,3.1,33.7,44.0,8.2,11.2,36.6,34.7,21.8,19.8,2.0,3.1,7.1,8.9,6.0,5.1,22.0,22.2,21.0,14.1
1772715610.8588877,13.0,8.1,16.2,17.2,28.3,46.0,5.1,2.0,10.2,4.1,5.1,4.0,25.0,30.0,12.1,14.3,16.2,3.1,34.3,31.0,35.3,35.6,40.2,26.3,4.0,4.1,6.1,4.1,25.7,30.6,43.6,22.0,3.1,5.0,4.0,2.0,38.6,39.6,3.1,15.0,22.0,21.8,16.2,24.2,2.0,3.0,7.9,8.1,7.1,5.1,14.0,13.1,23.0,13.1
1772715611.8626418,10.4,9.9,19.2,17.0,28.9,48.5,4.0,5.1,14.0,14.0,5.1,5.1,33.3,29.4,27.3,27.3,11.1,6.1,35.3,32.3,37.3,41.6,30.3,36.3,7.0,3.0,7.1,9.9,25.5,36.6,43.6,39.0,5.1,3.0,3.0,2.0,41.0,39.0,23.5,17.3,21.6,21.0,23.2,23.8,3.0,2.0,10.2,12.0,12.1,6.1,23.0,22.8,23.2,20.0
1772715612.8659523,11.1,9.1,17.2,15.2,40.0,34.0,4.0,3.0,2.1,4.1,5.1,5.0,25.7,35.0,36.7,33.7,13.1,7.1,37.0,34.7,38.2,38.2,48.0,13.1,4.0,4.0,7.0,7.0,29.0,26.3,32.0,35.0,7.0,2.0,3.0,6.0,43.6,36.0,16.2,15.0,21.0,21.8,24.8,22.4,3.1,2.0,6.9,12.1,7.9,6.1,20.2,18.0,21.0,20.0
1772715613.8665953,15.0,10.1,23.5,18.4,34.3,43.0,4.2,2.0,12.2,14.1,3.0,7.1,34.0,36.4,20.0,21.6,7.1,1.0,34.3,37.0,37.6,44.1,42.2,11.0,6.1,2.0,7.1,6.1,31.3,32.3,38.0,25.5,6.0,3.0,3.0,11.1,47.0,35.0,2.0,2.1,21.2,23.0,27.0,24.0,1.0,4.0,7.1,12.0,7.1,8.1,20.0,18.4,19.4,25.5
1772715614.8670135,12.2,7.1,18.0,14.3,36.1,38.6,4.0,3.0,11.1,4.0,6.1,3.1,33.0,30.7,16.2,13.1,14.0,14.0,34.3,37.6,39.2,39.2,30.3,12.1,5.1,4.0,11.0,8.1,30.7,29.7,33.0,30.0,4.1,3.0,1.0,5.2,37.6,44.6,3.0,3.0,27.7,24.0,22.0,19.2,2.0,5.0,8.0,10.2,8.9,6.1,21.0,19.2,22.0,21.0
1772715615.8672934,12.2,9.2,22.0,16.3,44.6,30.0,3.1,3.1,15.5,17.0,8.1,5.1,37.4,37.4,24.7,31.3,10.2,9.3,34.3,34.7,38.2,44.1,55.9,24.8,4.1,6.0,8.2,7.1,36.0,27.0,34.0,17.3,6.1,3.0,5.1,3.1,34.7,46.0,4.0,5.1,31.7,31.4,25.0,24.5,5.0,1.0,8.0,10.1,7.1,6.1,24.0,24.0,22.4,23.2
1772715616.872625,14.0,7.1,17.3,16.2,40.4,35.6,5.1,2.0,12.9,3.1,6.1,5.0,33.3,30.7,34.0,37.0,13.1,5.0,36.6,34.7,38.8,37.9,58.3,22.8,5.9,3.1,7.0,8.0,26.0,38.2,27.7,29.7,3.0,4.1,1.0,4.0,43.1,35.6,2.0,2.0,32.4,31.0,25.0,22.2,3.0,5.9,12.0,8.0,8.0,8.0,17.0,19.4,23.5,21.2
1772715617.8736382,12.2,7.0,13.3,20.2,43.4,28.3,8.1,9.1,14.1,5.1,6.0,5.1,31.7,34.0,19.6,20.6,13.1,14.1,34.7,32.3,39.2,37.0,52.0,25.7,5.1,4.0,9.1,6.1,23.0,27.3,49.5,33.0,4.0,5.1,3.0,3.1,42.2,40.0,2.0,4.0,31.7,33.0,20.4,18.0,2.0,5.0,8.2,8.1,6.1,6.1,21.2,22.0,24.5,17.0
1772715618.8750517,13.3,10.0,13.0,20.2,43.9,32.7,7.1,3.0,9.3,4.1,5.1,4.1,36.0,28.6,30.6,15.3,9.1,3.1,34.3,38.0,36.6,43.1,53.0,28.7,8.2,4.1,7.1,7.1,34.3,25.0,59.0,22.8,4.1,3.0,2.1,2.0,39.4,40.0,4.0,2.0,45.1,39.6,21.0,25.0,3.0,2.1,10.1,8.1,6.1,8.0,16.0,18.2,19.2,27.3
1772715619.875136,12.2,7.2,20.0,17.5,40.0,32.0,3.1,3.0,13.3,8.2,4.0,6.1,27.0,35.6,32.7,28.3,13.1,17.0,29.3,37.4,41.7,40.2,57.8,23.8,8.2,5.0,8.1,7.1,28.7,29.3,60.8,21.0,6.1,4.0,3.1,3.1,36.0,42.0,2.0,2.1,41.0,41.0,15.0,29.0,1.0,4.1,7.0,9.9,7.0,7.1,26.0,26.3,15.2,24.5
1772715620.8759215,11.1,10.1,20.4,15.2,42.4,39.6,9.1,2.1,12.1,5.1,6.0,4.1,28.0,33.0,29.6,24.5,7.1,3.1,38.0,36.4,42.2,39.2,40.6,39.6,6.1,8.2,6.1,8.0,24.0,37.4,51.0,28.7,5.1,6.0,5.1,6.9,41.4,39.4,3.0,4.0,41.7,41.7,27.3,22.2,3.0,5.9,8.2,8.1,7.0,8.1,12.1,13.1,21.2,23.2
1772715621.8779097,15.0,11.9,21.0,21.0,38.8,35.4,11.1,5.0,9.1,6.1,4.0,6.0,32.0,35.6,23.2,24.5,16.2,16.0,38.0,34.3,37.6,37.9,26.5,34.0,4.0,8.1,7.0,7.1,34.3,30.7,53.4,28.3,4.1,5.1,5.1,2.0,42.6,37.4,2.0,4.0,41.2,41.2,27.0,25.7,4.0,3.1,11.0,10.2,6.1,7.1,29.7,31.7,22.2,24.2
1772715622.877999,10.4,5.2,15.5,18.6,39.8,37.4,8.0,1.1,11.3,8.2,4.1,5.1,36.6,32.7,16.2,27.6,3.1,3.1,32.7,31.3,41.6,42.0,29.6,45.0,6.1,3.0,9.2,6.1,24.5,38.4,48.5,32.7,3.1,3.1,1.0,3.1,37.4,38.0,2.1,3.1,36.0,34.3,24.2,21.6,4.0,3.0,9.2,9.1,6.2,12.2,14.3,17.3,19.2,21.4
1772715623.87907,16.0,8.1,24.0,22.4,31.3,43.0,2.0,3.0,9.0,9.1,5.1,4.1,31.3,35.6,31.3,36.0,16.0,15.2,29.3,39.0,40.2,38.8,23.8,52.0,2.0,6.0,6.0,8.1,32.0,27.3,41.0,33.3,1.0,5.1,3.0,5.0,42.6,41.4,3.1,3.1,30.7,31.7,21.2,25.7,3.1,1.0,10.1,11.3,9.1,6.0,20.4,24.2,21.2,26.0
1772715624.8801801,17.0,8.1,20.4,19.2,33.3,44.0,4.0,3.1,5.2,4.1,4.1,6.0,34.7,36.4,20.6,21.4,9.2,4.1,37.4,31.3,44.7,36.0,19.2,42.6,6.0,3.1,6.1,6.1,36.4,34.7,25.7,21.2,3.0,8.0,2.1,2.1,38.4,43.6,3.1,3.1,33.7,31.0,25.0,31.3,4.0,5.0,10.1,10.1,8.0,7.2,26.7,25.0,26.3,21.4
1772715625.8823457,13.3,8.1,22.0,19.4,28.9,49.5,2.1,8.0,15.0,6.1,5.9,6.0,32.0,33.0,18.2,24.5,17.2,8.1,37.6,39.0,40.8,39.2,21.8,22.0,6.9,3.0,7.0,7.1,35.0,28.3,22.2,26.7,3.0,6.1,5.0,5.1,37.6,42.6,3.0,1.0,31.0,32.4,27.0,22.8,5.0,2.0,8.1,8.0,7.1,7.1,17.8,18.8,18.0,26.3
1772715626.8850298,14.3,7.1,15.2,18.2,46.9,34.0,5.2,5.1,12.4,12.2,5.1,4.1,27.3,31.0,26.3,23.5,10.2,15.2,39.0,35.4,38.2,37.3,35.6,33.3,3.1,6.1,5.2,10.9,27.7,33.7,23.0,40.0,5.0,5.1,1.0,2.1,42.0,39.4,3.1,3.1,35.3,40.0,21.2,25.5,2.0,3.0,6.1,11.1,9.0,8.0,22.2,24.2,21.0,21.2
1772715627.8887765,12.2,11.0,18.0,13.1,32.7,43.1,5.0,6.0,7.1,8.9,5.0,4.0,29.7,31.7,40.0,35.3,3.0,9.1,29.0,36.6,35.3,40.2,40.2,41.2,4.0,3.0,7.0,6.1,28.0,26.7,31.4,36.3,4.0,3.0,3.0,4.9,40.6,35.3,3.1,14.3,41.2,40.2,22.8,21.8,3.0,3.0,8.8,9.0,6.1,6.0,20.2,21.0,13.3,23.8
1772715628.8910823,11.6,10.1,19.2,18.6,44.9,26.3,4.0,2.0,3.0,5.2,5.1,4.1,37.4,27.3,21.4,17.9,8.1,16.3,28.3,31.3,39.6,36.6,49.5,32.0,4.0,4.0,7.2,6.1,31.0,29.0,39.4,33.0,4.1,3.1,10.3,1.0,39.0,39.4,9.3,10.2,42.6,40.6,18.2,20.2,2.0,3.1,9.2,9.2,6.1,4.2,14.9,14.3,22.0,16.2
1772715629.8911717,11.3,6.2,17.5,16.2,36.7,32.0,2.0,3.0,10.2,10.2,4.0,5.1,26.7,29.0,13.1,13.1,8.2,3.1,31.3,32.3,39.2,40.8,39.6,39.0,5.1,5.1,7.9,6.1,28.0,21.2,32.0,21.4,3.1,5.0,5.9,3.0,42.0,37.6,16.0,14.1,41.2,41.6,16.2,23.2,3.0,3.1,7.0,11.0,9.0,6.0,20.0,22.2,21.8,21.2
1772715630.8916223,14.1,9.0,19.4,21.0,32.7,42.0,6.1,2.0,12.2,11.2,3.1,5.9,38.0,29.0,24.5,27.6,14.1,10.1,35.0,40.0,40.2,36.3,31.4,51.0,4.0,5.1,7.0,7.0,28.3,36.0,32.0,24.8,2.0,3.0,1.0,2.0,37.0,46.5,15.5,18.0,40.2,42.2,27.3,23.2,1.0,4.0,10.0,10.0,7.1,6.2,18.0,21.0,24.0,19.2
1772715631.8917184,12.5,7.2,16.2,16.0,28.6,41.6,7.0,3.0,10.2,6.0,7.1,2.0,30.0,25.0,36.7,39.0,5.2,10.1,29.0,32.0,35.3,36.3,39.2,36.0,5.0,3.0,6.1,8.0,27.7,28.3,41.6,28.3,5.0,3.1,3.0,3.0,44.0,33.0,17.8,7.2,27.0,25.7,15.2,21.0,3.0,3.0,6.2,7.2,4.1,9.0,19.2,18.2,21.0,16.2
1772715632.8964176,12.2,10.0,19.2,17.8,41.6,34.7,4.1,7.1,3.0,4.0,5.1,4.0,32.7,32.7,19.4,18.4,8.2,9.2,35.3,34.7,38.6,40.2,37.6,36.6,4.1,4.0,8.0,5.1,31.3,23.0,31.0,38.0,5.9,5.1,3.0,3.0,38.6,42.0,3.0,4.0,11.0,9.2,22.2,24.5,5.1,3.0,8.0,8.1,6.1,6.0,21.8,21.0,15.3,20.0
1772715633.8965085,10.4,6.1,13.1,14.3,32.3,41.4,3.0,3.1,7.1,17.3,3.1,4.0,27.3,31.3,11.1,9.2,9.1,9.2,33.3,34.3,36.3,35.0,33.0,29.0,5.0,2.0,4.0,8.0,27.0,20.8,43.0,39.2,5.1,2.0,2.0,1.0,42.0,40.6,1.0,2.0,11.1,12.9,14.9,20.8,4.0,2.0,8.2,7.0,7.0,6.1,10.1,9.1,20.2,19.8
1772715634.8966014,12.0,12.1,19.2,19.4,39.8,35.0,6.1,3.1,6.1,12.2,7.0,4.1,33.0,37.6,22.2,28.9,4.1,14.1,40.0,27.3,32.7,41.2,37.6,37.4,5.1,5.9,10.1,8.1,22.2,36.0,56.4,25.0,6.1,5.0,4.0,6.0,39.4,44.0,3.0,4.1,14.0,13.0,22.0,22.2,1.0,4.1,10.9,10.1,7.1,7.0,25.0,26.3,21.0,24.2
1772715635.8974533,12.5,10.0,19.4,15.2,45.0,27.0,6.0,3.0,12.1,4.1,4.0,4.0,25.0,33.0,41.0,38.4,9.0,11.1,31.0,35.4,34.0,35.3,39.6,27.7,4.0,3.0,6.0,7.1,29.7,31.4,46.5,22.0,3.1,4.1,3.0,1.0,39.6,37.0,2.0,3.0,21.8,19.0,23.0,24.0,2.0,3.1,12.0,7.1,8.1,5.1,16.2,14.1,17.2,20.4
1772715636.8997533,13.3,7.1,17.0,17.3,41.0,31.0,8.8,6.1,4.0,3.1,5.1,7.1,26.0,31.0,21.2,20.6,12.9,11.1,35.0,30.0,37.9,38.6,43.1,20.8,5.0,3.0,7.1,5.1,23.2,37.0,41.2,24.8,3.0,5.0,2.0,4.0,45.0,39.6,4.0,2.0,31.0,28.7,27.3,21.0,4.0,3.0,8.9,7.9,7.0,7.0,15.0,16.2,20.2,20.2
1772715637.900366,11.2,9.0,19.2,19.0,41.2,39.6,4.1,3.0,5.2,19.2,5.1,5.1,35.0,34.0,12.0,17.8,9.1,17.2,34.3,33.7,38.6,43.1,22.0,31.0,4.1,3.0,4.0,9.1,30.0,34.3,52.9,27.3,6.0,3.1,5.1,2.0,43.6,38.0,3.0,3.0,43.6,39.6,20.2,23.2,2.0,4.0,7.1,11.1,5.1,7.1,21.2,23.0,21.2,23.0
1772715638.9012454,13.1,10.2,21.2,18.2,37.4,35.6,11.9,2.1,7.1,10.1,4.1,3.1,37.4,34.0,27.6,25.3,12.2,12.0,38.0,32.3,42.2,41.2,25.0,27.7,4.0,6.0,6.1,7.0,31.0,33.7,40.0,36.6,4.0,9.1,6.1,4.0,40.0,40.4,11.2,2.0,41.2,41.6,28.0,23.2,4.0,5.1,12.0,8.1,9.0,8.0,14.3,19.0,26.5,18.6
1772715639.9035046,12.0,6.1,16.3,18.2,31.0,42.4,5.1,2.0,3.1,12.1,5.1,8.0,23.8,30.0,38.0,35.0,9.2,8.2,36.0,27.0,37.6,35.9,32.0,48.5,4.1,4.0,7.0,9.1,24.0,25.3,42.0,37.4,2.0,3.0,6.1,5.2,47.5,34.0,8.1,3.0,41.6,41.6,17.8,20.8,1.0,4.1,6.1,8.1,5.1,6.1,26.7,25.0,21.0,15.0
1772715640.9039865,14.3,10.0,14.4,20.4,36.4,40.0,5.0,3.1,14.0,11.2,5.2,4.1,35.0,38.0,22.2,20.4,16.2,15.0,35.4,40.8,36.3,42.6,20.2,41.2,5.1,5.1,8.2,8.2,32.3,31.0,31.0,49.5,6.1,4.1,3.1,3.1,43.0,37.0,4.0,4.1,42.2,41.2,21.0,24.2,3.0,3.1,11.1,9.1,5.2,8.1,15.3,19.0,20.0,24.2
1772715641.9042752,11.3,5.1,17.3,16.2,44.9,32.7,3.1,4.0,6.1,5.2,8.0,10.0,32.3,31.3,23.7,25.3,9.1,13.0,34.0,33.7,38.2,30.7,23.8,37.0,4.0,4.0,9.0,6.1,23.0,29.6,43.4,33.3,5.1,1.0,3.0,3.1,38.0,42.6,2.0,3.0,41.6,41.6,23.5,17.2,1.0,3.0,10.0,11.2,8.1,6.2,24.0,22.0,21.2,18.2
1772715642.9061997,12.1,8.8,18.8,12.1,38.4,29.7,4.0,3.0,11.2,12.0,5.0,10.1,29.7,22.8,32.7,30.0,12.1,10.9,32.7,34.3,40.2,37.3,24.8,32.7,5.0,6.1,6.1,8.0,26.0,31.7,28.7,23.8,4.1,4.0,2.0,3.0,41.6,38.4,3.1,3.1,34.7,35.3,19.0,20.8,3.0,3.0,9.9,8.0,7.1,9.0,15.8,15.2,19.8,17.2
1772715643.9073124,12.2,8.2,17.3,12.2,30.6,38.0,4.0,2.1,7.1,3.1,4.1,3.1,31.6,29.3,27.6,26.5,8.2,9.2,32.7,37.6,38.2,34.0,21.0,41.0,2.0,6.1,6.2,8.2,28.3,26.0,37.6,28.0,6.0,4.0,3.1,3.0,39.0,40.6,4.1,2.1,31.0,31.0,22.4,21.2,4.0,4.0,5.1,12.0,6.1,8.2,22.2,21.4,21.2,18.4
1772715644.9100342,13.0,6.1,16.3,14.1,31.3,38.0,3.1,2.0,12.0,10.0,3.1,4.0,34.3,32.7,16.2,17.3,10.0,9.1,33.7,32.3,37.9,35.6,30.0,32.7,5.0,4.0,7.9,5.0,23.8,30.7,19.0,23.0,4.0,2.0,3.1,4.1,42.6,32.0,3.1,4.0,31.7,31.7,23.0,18.0,3.0,3.0,10.0,4.1,6.1,7.1,14.9,17.0,18.2,19.0
1772715645.913572,14.0,10.0,16.3,19.2,44.0,27.3,7.1,4.0,6.1,10.2,4.0,5.1,35.0,32.0,20.4,30.0,11.1,11.2,39.4,34.0,35.6,41.6,30.3,45.0,5.1,3.0,8.1,7.2,30.3,29.7,38.0,39.4,4.0,6.0,3.0,3.0,41.6,39.0,3.1,3.0,31.7,33.0,26.0,26.3,4.0,7.2,7.2,10.9,9.9,10.1,20.2,22.2,19.4,27.3
1772715646.915376,12.2,9.1,24.0,16.2,49.5,30.7,10.9,7.1,13.9,13.3,6.1,4.0,35.0,32.3,35.6,37.4,8.2,8.1,36.0,32.7,40.2,39.2,47.5,34.7,3.0,5.1,8.0,9.0,25.7,35.0,24.8,41.2,4.0,5.1,2.0,2.0,39.0,42.6,4.0,2.1,36.3,41.6,24.0,24.0,1.0,4.0,9.8,11.1,6.1,7.1,20.0,19.8,20.0,24.8
1772715647.915457,12.2,9.1,22.2,17.5,30.9,44.4,3.1,2.1,7.2,7.2,4.1,8.0,33.7,34.0,27.8,26.5,16.0,17.2,34.0,34.0,41.2,37.6,34.0,26.3,5.1,4.1,4.1,9.2,38.0,27.3,35.0,44.0,4.1,4.1,2.0,5.1,45.5,36.0,16.5,6.1,41.6,42.2,21.0,30.0,5.1,5.0,6.3,11.2,5.2,9.2,22.0,22.4,26.3,21.4
1772715648.916683,11.2,8.0,17.3,14.1,37.1,39.0,1.0,3.0,11.3,8.2,4.0,6.1,29.3,33.0,21.0,14.3,4.1,3.1,40.4,28.3,35.6,40.4,46.1,29.0,3.1,4.0,9.9,6.0,31.0,26.0,38.2,42.2,5.1,5.0,3.0,2.0,40.6,41.0,9.1,19.2,36.3,36.6,18.0,24.0,2.0,1.0,7.0,12.1,7.0,8.0,18.2,20.0,20.2,14.4
1772715649.9171762,13.3,8.2,22.2,19.4,40.0,34.0,6.1,2.0,12.1,14.0,5.1,8.1,32.3,33.3,27.6,21.6,16.3,14.3,39.6,32.7,40.2,42.0,37.4,18.0,5.1,3.1,10.1,8.2,32.3,30.3,54.0,28.0,4.1,4.1,3.1,3.1,35.4,45.0,13.3,28.3,32.7,32.7,24.0,24.5,7.1,2.0,8.2,10.2,7.2,8.1,21.0,22.4,26.3,25.3
1772715650.919033,14.7,13.0,21.4,20.0,45.5,32.7,4.1,3.0,4.1,3.0,3.1,4.1,31.7,35.6,39.0,31.3,3.1,3.1,33.7,41.4,36.3,41.2,37.9,5.1,5.0,5.0,6.0,6.1,32.0,33.0,55.9,25.0,4.0,3.0,4.0,4.1,43.6,38.0,20.0,6.1,32.4,33.3,22.2,28.7,3.0,5.1,10.0,10.0,6.1,7.0,17.8,18.0,17.2,24.8
1772715651.9193213,11.3,8.0,15.2,13.3,38.4,34.0,4.0,6.1,7.1,11.3,5.1,4.0,35.4,36.6,22.4,24.2,15.3,16.0,31.3,33.3,36.9,38.2,55.4,20.8,2.0,5.1,7.1,8.0,29.0,26.7,52.0,29.7,4.0,4.0,3.1,1.0,33.0,45.0,6.1,7.1,31.4,32.4,13.1,28.3,3.1,3.1,7.1,9.2,6.1,5.2,17.2,18.2,19.2,19.2
1772715652.9200096,13.3,10.1,16.0,19.4,44.0,32.0,3.1,3.0,7.1,6.1,8.0,8.0,33.3,32.3,19.2,17.2,8.1,2.0,29.3,39.4,39.6,39.2,59.4,23.2,4.0,5.1,8.9,6.0,33.7,30.0,39.6,41.0,3.1,4.1,4.1,5.0,37.0,46.5,2.1,2.0,38.0,35.0,28.7,17.2,4.0,4.0,6.1,12.1,7.1,8.1,23.0,20.2,24.0,21.4
1772715653.9249065,16.3,9.0,18.0,16.0,40.8,32.4,4.0,5.1,17.2,6.1,4.0,6.1,29.4,32.7,20.2,30.0,13.0,16.8,26.7,38.6,35.3,39.6,47.5,31.4,4.0,4.0,6.1,6.1,29.0,28.0,30.7,38.6,2.0,5.9,4.0,3.0,37.6,44.0,3.0,4.0,32.4,33.0,26.0,25.0,4.0,3.0,8.0,6.1,8.0,6.1,18.0,18.0,21.8,19.8
1772715654.9262981,11.2,9.2,16.0,16.0,31.7,38.6,4.0,10.0,4.0,4.0,5.1,4.0,30.3,29.0,30.3,35.4,2.0,5.1,32.4,35.0,37.3,36.3,44.1,37.6,2.0,4.0,8.0,4.0,21.0,30.0,31.3,32.7,1.0,5.1,2.0,3.0,36.0,41.2,4.0,3.0,24.8,22.0,22.0,21.0,5.9,1.0,7.1,6.9,4.1,6.9,18.8,15.2,17.2,18.4
1772715655.926511,17.0,8.2,13.3,15.5,46.9,28.6,4.1,5.2,6.1,6.1,2.1,4.1,30.6,29.3,21.6,24.2,6.2,21.2,36.1,34.3,35.3,34.7,35.0,36.0,4.1,3.0,5.2,9.0,28.0,23.2,34.0,41.0,2.1,3.1,2.0,2.0,38.4,41.4,2.0,3.1,22.0,23.8,18.2,20.4,6.3,4.0,9.1,9.1,7.0,4.1,18.4,16.3,16.3,21.2
1772715656.927942,13.1,9.1,19.0,23.0,37.0,38.0,6.1,4.1,16.5,11.1,6.1,4.1,36.0,34.3,24.2,16.3,4.0,11.2,38.0,34.0,40.2,40.2,25.5,37.6,4.0,5.1,5.1,9.1,37.0,30.0,20.2,42.0,7.9,2.1,3.0,1.0,36.0,46.0,2.0,3.0,22.2,21.8,20.0,29.3,7.1,3.0,9.2,11.1,5.2,7.1,25.7,26.7,22.2,24.0
1772715657.9285405,9.4,10.0,22.4,14.3,51.5,29.0,5.0,4.1,8.1,11.2,3.1,4.0,31.3,36.6,30.3,28.6,16.2,9.1,36.0,35.4,39.6,37.9,13.1,29.3,4.0,10.1,7.1,7.1,30.0,33.0,29.0,54.5,6.0,5.1,4.1,3.1,42.4,39.2,4.0,2.0,28.7,29.0,18.8,35.6,3.1,6.9,7.1,11.2,9.0,7.1,19.2,18.0,22.2,22.2
1772715658.9290297,13.1,7.1,17.3,18.2,44.3,29.0,4.0,9.9,4.0,4.1,5.0,3.1,35.3,33.0,25.5,31.3,10.0,2.1,34.3,33.7,36.0,39.2,25.0,22.0,5.1,2.0,7.1,6.0,31.0,29.7,22.8,59.0,2.1,4.0,5.0,5.1,36.0,44.0,2.0,4.0,37.6,42.6,27.3,20.4,3.1,5.1,10.1,9.9,6.1,5.2,21.0,21.2,22.2,21.2
1772715659.930302,13.0,9.0,12.2,17.0,43.4,27.0,3.1,8.2,9.2,10.1,6.1,7.0,32.3,28.3,22.2,20.4,17.2,9.9,28.0,37.0,36.3,38.6,38.6,23.0,2.0,4.1,8.1,7.0,22.2,30.0,10.1,56.9,3.1,3.0,4.0,2.0,42.6,34.3,2.0,4.0,41.6,41.0,14.1,28.0,5.9,2.0,10.1,9.1,5.2,5.1,19.2,17.2,22.8,18.0
1772715660.93217,13.3,7.1,18.0,18.2,44.4,32.3,5.0,4.1,6.1,10.2,5.1,4.1,31.0,33.3,16.2,26.0,7.1,11.5,29.7,40.4,39.2,36.3,39.6,30.7,5.0,5.0,10.2,5.1,29.0,28.3,11.0,28.0,4.1,3.0,2.0,2.0,41.6,39.0,3.1,3.0,40.2,41.7,18.0,25.3,2.0,3.0,9.1,8.0,8.0,7.1,22.0,20.4,20.2,20.2
1772715661.9330542,15.5,10.1,15.5,16.3,32.3,41.0,5.1,3.0,14.1,11.2,5.1,4.1,29.0,31.7,37.4,26.8,13.1,6.1,33.0,34.0,38.2,38.6,40.6,40.0,5.1,4.0,13.0,3.1,26.5,28.0,20.0,36.0,6.0,3.1,3.0,2.1,40.0,39.4,2.0,4.0,41.6,41.6,18.4,23.8,2.0,5.0,11.1,5.2,5.1,7.1,19.0,22.0,22.2,21.2
1772715662.9336889,27.0,12.2,25.3,18.0,29.6,45.0,2.1,2.0,2.1,5.1,9.1,5.0,42.0,28.0,26.5,23.5,21.2,8.2,30.3,38.6,38.2,43.1,18.4,48.5,3.1,4.1,6.2,5.1,32.0,30.3,25.0,35.6,5.0,4.0,3.1,7.1,43.6,39.6,5.1,2.1,31.3,30.7,22.8,25.5,10.0,5.1,7.0,12.0,8.0,9.1,19.4,22.4,20.4,28.3
1772715663.944144,11.2,12.9,24.0,20.4,39.0,37.3,3.0,4.0,13.9,11.9,2.0,5.0,34.0,37.3,27.0,20.0,3.0,5.9,34.3,37.6,39.2,39.8,34.0,34.7,5.9,4.8,6.9,8.8,32.0,33.7,35.6,23.8,1.0,4.0,6.9,4.0,39.6,41.2,4.0,2.0,32.0,30.0,23.0,29.7,3.0,1.0,10.0,11.8,6.1,6.1,19.8,20.0,22.5,20.0
1772715664.9452934,14.9,13.0,15.2,22.2,39.8,41.4,1.0,2.1,5.1,1.0,4.0,4.0,32.7,27.6,25.5,17.3,9.1,21.2,33.7,31.3,37.6,38.8,43.6,14.1,4.0,3.1,7.1,6.1,26.3,33.3,36.0,29.3,5.1,6.1,4.2,3.0,43.0,39.0,1.0,3.1,34.0,31.4,24.0,21.2,3.0,2.0,8.2,8.2,8.0,6.1,15.3,17.0,20.4,23.2
1772715665.9557085,12.2,8.1,25.0,19.2,38.4,36.3,4.0,5.9,18.6,7.1,5.9,4.1,35.6,38.8,37.4,30.0,2.1,8.2,38.0,32.7,40.8,40.2,40.6,27.5,5.0,3.0,5.1,9.0,32.7,37.3,37.0,36.3,5.0,9.1,3.0,8.0,46.5,34.3,3.0,5.1,32.0,32.0,25.0,29.7,3.0,3.0,10.0,9.1,8.1,6.0,27.5,25.7,22.5,27.3
1772715666.9557838,14.0,9.1,20.2,18.0,29.9,50.5,6.2,2.0,6.2,2.0,6.1,5.0,25.0,36.6,22.7,23.5,17.0,10.2,39.2,34.7,39.2,39.6,42.0,33.7,4.0,6.0,7.0,12.1,24.2,36.0,33.0,38.6,4.0,11.1,3.1,2.0,39.2,42.4,3.1,6.1,40.6,35.0,22.8,27.7,4.0,3.0,8.1,8.1,7.1,6.2,15.3,16.2,22.4,22.2
1772715667.958537,13.4,15.2,19.2,19.4,45.0,34.0,4.0,9.0,16.2,10.2,5.1,4.1,31.7,33.3,27.7,25.0,4.1,12.2,36.0,39.0,39.2,39.2,40.6,37.3,4.1,2.0,6.1,7.0,37.0,26.0,30.0,35.0,6.0,12.0,4.0,4.0,38.8,42.6,17.0,7.2,32.0,30.4,29.3,24.0,3.0,5.1,12.0,9.1,5.2,8.1,26.0,26.7,23.8,22.0
1772715668.9602485,36.4,23.5,21.2,17.3,48.5,29.0,6.1,5.1,6.1,16.2,6.1,5.1,34.3,44.4,18.6,25.5,17.2,6.1,35.4,36.4,41.2,41.7,41.6,22.0,5.1,5.1,11.1,8.1,37.0,26.3,55.0,18.0,4.1,10.2,3.1,5.2,41.6,41.0,15.5,16.2,30.3,33.7,27.3,21.2,5.1,3.0,8.2,13.0,8.1,6.1,14.3,14.3,28.6,24.5
1772715669.9631908,21.6,14.0,19.2,20.2,44.3,35.0,5.1,6.1,6.1,6.1,4.1,4.1,41.0,29.0,29.3,34.3,17.2,6.1,39.6,35.6,40.2,40.6,46.5,33.7,6.0,4.0,7.1,7.1,30.7,38.0,33.7,8.1,7.0,11.0,2.1,6.0,36.4,44.1,23.5,18.2,32.4,31.7,30.0,25.3,1.0,4.0,13.3,9.9,8.0,8.1,29.7,29.3,22.0,23.0
1772715670.9632778,16.0,9.1,21.0,21.2,45.0,24.0,3.1,2.0,6.3,11.2,3.1,4.1,38.0,28.3,26.0,26.0,8.2,7.1,31.3,37.0,37.6,39.2,61.8,20.0,4.0,5.1,9.0,5.1,30.6,27.0,33.7,22.0,4.1,3.1,3.0,2.0,34.0,44.4,9.1,9.1,34.7,38.6,26.3,26.3,5.1,1.0,10.1,9.2,4.1,6.1,11.2,12.2,21.6,21.4
1772715671.9638457,11.2,10.2,16.2,21.6,39.8,40.4,3.1,3.1,10.1,3.1,6.9,5.1,34.0,33.0,26.5,21.4,14.3,18.0,40.0,31.0,36.9,44.6,53.5,25.7,3.0,6.0,4.1,9.2,29.4,34.3,34.0,35.6,5.1,5.0,4.0,4.1,42.4,38.6,2.1,3.0,42.2,41.2,26.0,18.8,4.0,4.1,9.0,7.2,8.1,6.1,29.7,32.0,24.0,19.8
1772715672.964499,14.3,10.0,20.6,23.5,38.8,41.6,7.0,6.1,13.3,12.2,6.1,3.1,33.0,37.0,26.0,28.3,10.1,7.2,35.4,38.8,43.6,36.3,40.6,41.6,6.0,4.1,8.2,12.1,26.5,40.0,35.0,45.0,6.1,2.1,5.1,9.1,38.0,44.0,5.0,4.0,41.0,41.0,31.3,28.9,3.1,3.1,14.1,8.9,8.1,8.1,11.3,12.1,30.0,17.5
1772715673.9678054,12.1,10.0,20.0,18.2,42.4,36.0,7.1,9.1,3.1,4.0,6.1,5.1,31.7,37.6,32.0,23.5,11.2,13.0,39.0,34.7,38.2,40.2,28.0,42.0,6.0,5.1,7.1,7.1,29.0,35.0,55.4,23.8,6.1,4.0,4.0,4.0,38.2,43.0,3.1,1.0,40.6,41.2,30.7,23.8,4.0,4.0,8.2,11.9,8.2,6.1,27.3,27.0,23.2,23.8
1772715674.9686418,14.3,9.2,14.4,18.0,36.1,36.3,5.0,7.1,15.0,13.1,7.1,5.1,31.3,27.3,26.8,33.3,10.1,13.3,33.7,36.4,42.7,37.6,24.8,47.0,2.0,8.9,6.0,10.2,22.0,31.0,43.0,24.2,6.1,5.1,4.1,3.1,36.4,45.5,7.9,2.0,39.6,39.6,20.2,20.0,4.0,5.1,9.1,10.2,8.0,8.1,15.0,14.3,18.2,23.5
1772715675.9695222,13.3,7.1,21.0,13.3,35.4,38.0,2.0,2.0,2.0,1.0,4.0,2.0,27.3,34.7,19.2,24.2,7.0,10.0,35.4,35.0,38.6,39.2,22.0,37.3,3.0,5.0,6.1,11.9,35.0,25.5,47.0,24.2,3.0,4.0,3.0,2.0,40.6,41.4,2.1,2.0,27.0,27.0,19.0,26.3,3.1,2.0,8.0,9.1,7.1,7.1,24.0,25.3,21.2,18.0
1772715676.9703238,12.4,8.1,13.3,17.3,31.3,39.0,4.0,8.0,16.2,7.1,3.1,3.1,31.0,26.0,14.1,11.3,7.1,4.1,34.0,33.0,35.6,36.3,6.1,36.0,3.1,3.0,6.1,5.1,30.7,23.2,27.5,16.0,5.0,2.0,2.0,5.1,34.0,41.6,3.0,4.0,22.5,21.8,21.4,18.0,6.1,3.0,8.2,6.1,6.0,6.1,7.1,11.1,18.2,20.0
1772715677.9712627,14.1,9.2,23.5,22.4,27.3,49.0,3.1,4.1,7.1,5.0,6.1,4.1,31.4,42.0,22.8,23.2,11.1,13.1,36.4,39.0,42.6,38.2,33.7,37.6,4.0,6.1,9.1,6.1,35.7,37.0,33.7,21.4,6.2,5.1,3.0,7.0,41.0,36.0,3.0,3.1,21.0,21.0,29.0,28.3,13.1,1.0,10.1,10.1,8.1,7.1,25.0,25.3,29.0,26.3
1772715678.9735477,10.3,8.1,17.2,16.0,33.3,42.6,5.0,3.0,12.4,11.2,4.0,5.0,33.7,30.7,35.4,37.0,9.1,9.2,34.3,33.0,37.9,39.2,60.8,20.6,4.0,6.0,7.1,9.2,31.7,28.0,33.0,49.0,9.9,1.0,6.1,2.0,43.6,39.2,4.0,2.0,21.8,24.8,26.0,24.0,8.1,4.0,11.1,11.0,7.1,8.1,20.0,20.0,19.4,22.8
1772715679.9794116,13.1,8.9,19.2,13.9,42.4,29.4,4.0,5.1,4.0,3.0,5.9,3.0,33.0,30.7,26.3,22.7,10.1,6.0,36.0,33.7,35.0,38.5,40.6,20.8,3.0,8.1,4.0,8.0,24.8,30.7,36.6,42.6,5.0,3.0,2.0,2.0,36.6,41.6,3.0,1.0,29.4,35.3,21.0,19.8,2.9,4.0,9.0,8.0,6.1,5.1,17.8,18.0,20.0,19.0
1772715680.9804628,13.4,10.1,19.4,15.5,34.7,37.4,4.1,2.0,15.2,14.3,5.1,4.1,34.0,31.3,11.2,17.3,15.2,12.2,29.6,36.4,36.6,41.0,42.2,29.3,4.1,6.1,7.1,6.1,34.0,27.0,26.3,35.6,4.1,4.1,3.1,2.1,41.4,40.4,3.1,3.1,37.0,35.0,27.0,21.4,2.0,5.1,8.2,7.2,5.2,9.0,22.4,25.5,20.4,22.7
1772715681.98166,13.3,7.1,19.0,18.2,45.5,27.7,4.1,3.0,10.2,4.0,4.0,5.1,28.3,39.6,23.2,24.2,4.0,6.1,36.3,35.0,42.2,37.3,52.9,8.0,6.1,4.0,7.1,6.1,29.3,29.3,52.5,30.0,2.0,4.0,5.0,5.1,35.4,42.0,3.1,4.1,39.6,38.6,26.0,21.0,3.1,4.0,10.0,9.1,8.9,7.1,13.1,15.3,24.0,20.8
1772715682.9828534,15.7,13.0,27.0,20.2,45.5,35.0,7.8,2.1,11.2,16.0,9.2,5.1,43.1,40.0,40.0,36.6,15.5,15.2,38.6,33.3,41.6,41.2,46.5,13.9,5.0,4.0,6.1,10.9,35.4,36.6,59.4,22.8,4.0,6.1,3.1,1.0,36.3,41.6,3.0,4.0,31.7,31.7,26.7,31.4,3.1,2.0,11.0,10.0,8.1,8.2,29.0,28.3,25.0,26.3
1772715683.9841309,11.3,8.2,16.2,12.5,43.3,29.0,2.1,3.1,8.1,5.2,7.1,7.1,36.1,26.3,22.7,22.7,5.2,4.0,29.3,31.3,37.9,37.3,41.0,18.0,3.0,4.1,9.1,7.1,27.0,30.3,27.0,33.7,4.0,6.1,3.1,5.0,36.0,44.4,2.1,3.1,32.0,31.0,23.5,26.5,3.1,3.1,10.1,8.1,6.1,6.1,15.2,16.2,18.2,24.2
1772715684.985871,13.0,9.1,17.3,19.2,49.0,28.7,5.9,5.1,7.2,11.0,2.0,4.0,31.0,32.7,13.0,17.0,19.6,11.1,37.6,32.7,35.6,38.2,40.2,22.0,4.1,4.0,8.0,8.2,27.0,38.2,23.8,36.9,5.0,5.0,8.0,2.0,37.4,40.2,4.0,3.0,29.0,27.7,26.7,23.0,3.9,4.0,9.1,10.2,6.1,8.1,25.0,25.5,24.8,22.0
1772715685.9886005,9.5,10.1,18.4,17.3,32.3,40.0,3.1,3.1,6.1,9.3,4.1,5.1,29.0,33.3,33.7,28.6,8.1,13.3,28.3,37.4,38.6,39.6,24.8,38.2,4.1,4.1,7.1,6.1,28.0,32.0,19.2,39.4,4.1,5.1,4.0,3.0,40.2,41.4,11.2,3.1,22.8,24.8,19.4,28.6,2.0,4.0,7.1,11.1,10.0,9.1,22.0,20.4,15.5,22.2
1772715686.9905882,13.9,10.1,20.2,13.3,32.3,43.0,3.1,4.0,11.1,6.2,5.1,5.1,34.0,28.0,36.7,36.4,8.2,10.1,32.0,36.0,37.9,38.8,31.3,29.7,4.9,5.1,5.1,10.1,27.0,28.3,28.0,48.0,4.0,3.0,2.0,1.0,35.4,45.0,19.2,8.1,29.0,32.7,17.0,26.3,3.0,4.0,7.0,10.0,7.1,6.2,18.2,20.4,18.0,22.4
1772715687.9933622,10.3,9.9,19.2,19.0,27.3,43.6,5.0,3.1,12.4,6.1,4.0,6.1,34.0,35.0,14.6,16.3,3.1,13.0,27.0,39.4,38.2,38.2,23.2,17.2,1.0,3.1,5.0,8.1,26.3,31.0,31.0,37.0,3.1,5.1,3.0,3.0,37.0,43.0,11.2,14.1,31.7,33.3,26.7,23.8,4.1,8.1,11.1,8.0,9.0,6.1,25.0,23.8,19.2,24.0
1772715688.9982748,14.0,10.2,19.6,19.4,29.6,50.0,7.0,3.0,8.1,7.9,5.1,5.1,32.0,32.7,12.9,9.0,8.1,13.1,29.0,43.0,40.6,42.2,24.0,52.9,5.1,4.0,6.1,8.1,33.0,29.0,39.6,23.8,4.0,3.0,5.9,1.0,37.6,42.6,14.1,25.0,33.3,35.6,34.0,20.8,8.1,7.1,7.1,8.2,8.0,7.0,12.0,11.2,22.8,25.0
1772715689.999158,13.0,11.0,18.0,20.0,34.7,36.0,3.1,2.0,5.2,10.1,6.1,2.0,32.0,30.0,33.3,31.0,10.1,13.1,26.3,41.0,38.2,40.2,13.0,52.5,6.0,3.0,8.1,10.8,33.0,27.0,35.0,42.4,3.1,6.1,2.0,5.0,44.0,37.4,4.1,17.2,40.6,41.2,24.0,22.7,2.0,12.0,11.1,9.0,6.1,5.2,27.3,27.0,23.0,20.2
1772715691.0004554,13.1,8.1,16.3,17.3,40.0,34.0,3.1,2.0,5.1,10.3,3.1,4.0,31.0,30.3,39.0,34.3,8.2,6.0,33.0,31.7,34.7,38.2,2.0,41.2,3.0,3.1,8.0,4.1,33.3,25.0,33.7,38.6,3.0,3.1,3.1,1.0,40.6,37.6,7.1,6.1,40.6,40.0,18.0,21.8,3.0,4.0,12.1,7.1,8.2,7.0,15.0,16.3,18.2,17.3
1772715692.0017538,13.1,10.2,15.2,20.4,38.8,30.0,5.2,1.0,10.2,10.2,5.1,4.0,26.5,32.3,20.4,19.6,4.1,9.2,33.0,34.3,35.3,39.2,20.0,62.4,5.1,5.0,10.1,5.1,29.3,31.3,25.3,26.0,3.1,4.0,5.1,3.1,44.4,39.0,10.2,1.0,40.6,42.2,23.2,18.0,6.1,0.0,8.2,8.1,7.1,6.2,21.2,20.2,23.0,15.8
1772715693.0026264,12.1,10.0,17.2,16.2,46.0,31.0,3.1,3.0,6.1,5.1,5.1,4.1,30.4,32.7,15.2,13.3,11.1,12.2,30.3,35.4,36.9,36.3,21.0,61.2,5.1,3.0,7.1,7.9,28.0,35.0,31.3,29.0,4.0,3.1,3.0,3.1,38.6,40.0,3.0,2.0,40.6,41.7,25.0,24.8,2.0,3.0,9.9,9.2,6.1,7.0,23.0,23.2,16.0,22.4
1772715694.0026987,12.2,9.2,17.3,20.0,26.8,45.5,5.0,4.0,7.2,11.2,5.1,5.0,39.0,25.3,34.3,31.3,13.1,8.1,36.6,35.0,38.6,41.2,20.8,60.8,3.1,4.1,8.0,8.2,27.0,30.3,39.6,28.7,4.1,5.1,4.0,2.0,43.0,43.0,3.1,4.0,43.1,40.0,23.2,21.2,4.0,3.0,7.1,9.1,6.1,8.2,20.0,18.0,24.2,18.8
1772715695.0031207,12.4,7.1,12.2,22.0,33.0,39.0,2.1,7.1,9.1,4.0,5.1,4.0,35.0,24.8,33.3,31.3,9.2,10.1,35.4,32.3,36.6,38.6,28.0,50.5,4.0,6.1,11.0,8.0,28.3,29.0,53.0,25.0,3.1,5.1,3.1,4.0,35.0,44.4,3.0,3.1,41.6,41.6,24.0,20.2,5.1,2.0,9.0,9.1,9.0,6.1,23.2,25.3,21.4,19.4
1772715696.0049288,13.0,9.1,25.3,19.2,35.4,42.0,5.0,3.0,8.1,16.3,3.1,3.1,25.5,31.6,22.2,21.6,9.1,20.4,40.0,29.7,36.3,39.2,27.3,54.4,4.0,6.1,7.1,7.2,28.0,29.3,51.5,29.3,4.0,5.1,7.0,5.1,40.4,37.6,2.0,4.0,40.0,41.7,23.2,20.2,3.1,3.0,9.1,10.1,6.1,6.1,15.0,15.2,18.8,23.7
1772715697.0055344,14.7,11.9,16.8,21.2,32.7,41.6,2.0,3.1,8.2,4.1,6.1,3.0,38.6,38.2,22.2,12.2,7.0,6.9,42.0,37.0,38.6,41.7,28.4,52.9,4.1,4.0,8.0,8.0,38.4,28.7,51.0,31.4,5.1,4.0,6.0,7.9,36.6,45.5,4.0,6.1,37.9,36.9,26.0,24.0,5.0,3.0,9.0,13.0,8.8,7.2,25.3,28.0,27.3,19.8
1772715698.0057933,11.3,11.1,20.4,19.4,31.6,46.0,3.1,3.1,15.5,5.2,7.0,3.1,31.3,33.3,33.7,33.3,21.2,8.3,38.4,31.3,35.3,38.0,38.4,41.4,5.1,4.1,8.2,6.1,32.3,31.7,50.5,25.3,3.1,3.1,2.0,3.1,34.0,43.0,2.1,5.1,31.0,31.3,21.4,24.0,3.1,1.0,9.2,8.2,4.1,9.0,16.0,16.2,22.4,19.4
1772715699.0128934,10.2,8.1,16.2,16.0,34.7,39.0,4.0,2.0,7.1,16.2,4.1,4.0,31.7,29.7,24.5,26.5,9.1,3.1,36.0,35.0,38.8,40.8,35.6,30.7,4.0,4.1,11.9,5.1,25.5,28.3,26.7,36.0,5.0,4.0,3.0,1.0,43.0,40.0,3.0,3.1,23.8,22.8,16.0,24.0,3.0,4.9,7.1,10.0,5.1,8.1,28.0,29.0,23.0,18.8
1772715700.0143194,11.3,7.0,15.3,16.2,42.0,31.7,1.0,3.0,3.1,4.0,4.1,4.0,28.0,35.4,18.2,18.2,7.1,15.8,28.0,34.0,41.2,36.6,18.0,26.5,5.0,5.0,5.1,7.1,26.0,30.7,52.5,19.2,3.0,2.0,1.0,3.0,40.6,34.7,3.0,4.0,20.8,21.8,18.0,20.0,3.0,2.0,9.0,7.0,7.1,6.2,11.0,12.1,22.0,12.4
1772715701.014538,13.1,9.2,20.2,18.4,36.7,35.4,6.1,2.0,11.0,5.1,6.1,4.0,31.3,32.7,14.1,22.0,3.0,8.1,35.0,36.4,38.6,38.8,21.0,41.6,3.0,4.0,6.1,6.1,33.0,29.0,45.5,15.0,2.1,4.0,4.0,5.1,49.5,35.0,2.1,4.1,25.3,23.8,29.6,25.5,3.0,3.0,12.1,9.1,7.1,7.1,22.2,21.2,25.5,20.0
1772715702.0154185,14.1,9.1,19.2,15.0,45.9,29.0,4.0,3.0,10.2,7.1,5.9,3.1,30.0,29.3,29.3,35.0,12.2,14.3,36.0,29.0,39.8,38.8,20.0,42.0,5.1,3.0,8.0,6.1,32.0,25.0,28.0,27.0,5.1,4.1,4.1,2.0,37.0,42.0,3.1,3.1,27.0,24.8,22.0,20.8,10.1,4.0,9.2,6.1,7.1,7.2,25.0,26.7,20.0,21.2
1772715703.0162768,14.0,10.1,22.2,20.0,42.0,34.0,6.0,3.1,10.2,11.1,7.1,6.1,38.0,37.3,24.5,27.8,11.0,3.1,33.0,43.6,40.6,39.6,30.7,35.3,4.1,3.0,8.0,9.1,33.0,31.7,33.0,10.1,5.1,4.0,5.1,3.0,40.0,41.0,5.1,2.1,24.5,29.0,23.2,25.3,10.0,3.0,11.8,9.0,6.1,9.1,12.4,12.4,28.3,23.0
1772715704.0193937,14.0,8.9,18.2,18.4,36.1,32.7,4.0,4.0,6.1,3.1,7.1,6.0,30.0,28.7,27.7,23.0,9.1,20.0,33.0,34.0,36.3,35.0,41.2,31.0,4.0,4.0,8.1,6.1,27.7,27.0,31.3,47.0,4.0,3.0,3.0,4.0,42.0,39.0,4.0,3.1,22.0,21.0,23.2,22.2,2.0,4.0,9.0,12.0,7.9,7.1,27.0,28.0,20.8,20.0
1772715705.0197067,12.4,6.2,18.2,14.1,39.4,33.0,2.0,3.1,4.2,11.2,4.1,5.1,35.0,24.7,23.5,18.6,4.1,8.2,29.6,36.3,37.6,40.0,42.6,40.0,5.1,3.1,9.1,6.1,31.6,25.3,22.0,56.4,4.1,5.1,4.0,3.0,40.8,37.6,3.1,3.1,21.0,23.0,22.0,19.2,3.1,1.0,7.1,7.1,4.1,6.0,7.0,6.1,18.4,17.5
1772715706.026819,12.1,8.0,19.8,20.0,35.4,44.1,5.9,2.0,17.5,8.8,5.0,5.0,31.0,34.0,30.3,25.5,16.2,9.0,32.4,37.0,37.5,38.5,48.5,31.4,4.0,5.9,5.9,8.0,32.4,35.3,30.1,51.5,5.0,8.9,2.0,3.0,37.9,42.2,3.0,3.0,28.4,29.1,28.0,23.3,1.0,4.0,11.2,11.8,7.0,9.0,31.4,32.7,25.2,22.8
1772715707.02814,10.3,8.2,19.8,14.3,33.0,40.0,5.1,3.1,6.3,13.3,5.1,6.1,29.7,30.0,23.5,22.7,3.1,9.2,35.7,35.4,39.4,38.6,34.7,44.0,4.1,3.1,7.1,10.2,27.6,25.3,16.3,47.5,5.1,11.3,2.1,4.0,36.7,43.9,14.6,6.2,31.3,32.7,27.0,15.3,2.1,4.1,10.0,6.2,8.1,4.1,15.2,17.2,17.5,19.4
1772715708.0291603,14.0,8.0,15.3,17.2,34.0,41.4,3.1,2.0,2.0,3.1,5.1,4.0,27.7,31.3,23.5,28.3,17.3,7.1,30.7,31.0,35.6,41.2,38.2,38.6,4.1,5.0,9.0,7.0,27.3,26.0,29.3,30.7,4.0,3.0,3.0,2.0,41.6,36.6,26.7,17.2,43.1,37.3,17.2,21.0,2.0,4.0,6.0,8.1,6.1,8.1,20.2,19.4,20.0,23.0
1772715709.0292454,12.4,6.2,17.3,15.3,31.6,29.7,4.1,2.0,5.2,10.3,5.1,4.0,29.3,29.7,27.3,16.2,9.1,2.0,33.3,38.6,31.4,33.0,27.3,53.0,3.0,4.0,6.1,5.1,28.0,29.3,31.7,29.0,5.2,3.1,10.1,2.1,37.6,41.4,22.4,15.3,41.0,41.6,21.0,25.3,2.0,4.1,8.2,8.9,3.1,8.0,22.2,21.2,21.2,17.0
1772715710.0344727,13.1,10.1,19.2,18.8,39.0,33.7,3.1,2.0,12.1,12.1,5.1,2.1,36.6,30.7,31.0,24.2,15.8,10.0,37.4,34.0,39.2,37.9,26.7,37.0,4.0,4.0,7.1,6.0,27.7,31.7,29.0,30.7,3.0,6.1,7.1,7.0,41.4,41.2,9.2,7.9,40.2,41.7,28.0,18.0,2.0,4.0,9.1,7.1,6.1,7.1,15.0,15.0,22.2,21.0
1772715711.04252,14.7,11.1,20.0,19.0,26.5,45.0,3.0,5.0,12.1,5.1,5.1,5.0,33.0,37.0,18.4,23.2,9.1,5.0,33.7,36.0,41.7,37.3,39.2,28.4,4.0,4.0,6.1,7.1,36.0,27.0,33.7,50.5,5.1,4.0,4.1,9.0,37.6,41.6,2.0,2.1,40.8,41.6,23.8,28.0,3.0,3.0,10.1,10.1,7.0,6.1,19.6,22.0,22.8,24.5
1772715712.045415,12.7,11.9,23.0,14.3,30.3,47.0,3.0,4.1,4.0,8.2,6.1,3.1,38.6,34.0,29.9,29.0,14.1,10.0,34.0,36.0,37.9,37.6,33.7,17.2,6.1,4.0,11.0,5.1,27.7,28.0,31.7,49.5,5.0,4.0,3.0,4.0,33.0,48.0,2.0,4.0,40.6,42.2,21.4,23.8,1.0,3.0,9.0,9.1,6.1,7.1,21.2,23.8,20.0,25.5
1772715713.0457213,14.1,10.1,19.4,17.2,26.0,46.5,3.1,3.1,11.3,8.2,4.1,4.1,32.3,32.7,20.4,23.2,9.3,8.2,37.0,35.0,37.6,41.2,45.0,18.4,5.0,7.0,8.2,8.2,38.0,29.0,24.2,57.4,5.1,3.1,4.1,2.0,47.5,32.3,3.1,3.1,42.6,40.2,22.0,23.2,6.1,2.0,11.2,9.1,10.0,8.2,23.0,22.2,21.2,22.2
1772715714.046889,14.1,8.1,19.2,16.2,35.0,43.6,4.0,3.1,15.0,11.2,5.1,5.0,33.3,32.4,26.0,26.0,11.0,20.0,39.6,32.0,38.2,40.2,55.3,18.8,2.0,4.0,6.1,7.0,32.3,29.7,21.2,45.1,2.0,3.0,6.1,2.0,39.0,42.6,4.0,6.1,40.8,42.6,26.0,23.2,3.0,4.0,9.0,10.9,6.1,8.1,21.0,19.8,22.0,22.0
1772715715.046963,10.3,12.1,19.2,22.2,31.6,43.4,5.9,4.1,3.1,5.1,5.1,6.1,40.4,29.6,21.4,21.6,3.1,4.1,36.4,37.4,37.6,41.2,42.0,24.8,3.0,7.1,9.2,9.1,36.0,30.0,37.4,36.0,4.1,5.1,8.2,5.1,37.4,38.0,3.1,2.0,41.0,41.6,20.4,29.0,5.0,4.1,6.1,13.1,6.1,9.1,25.7,23.5,24.2,22.4
1772715716.0488784,13.1,7.1,15.3,19.2,49.5,25.7,6.9,2.0,6.1,9.1,5.1,4.1,30.0,34.7,37.0,23.2,21.2,9.2,34.3,37.3,39.6,37.3,61.2,20.0,3.1,4.0,8.0,8.9,25.3,23.2,49.5,28.7,8.2,4.0,5.9,5.1,42.2,44.0,4.0,3.0,41.2,41.2,28.7,15.3,2.0,2.0,8.2,9.2,8.1,6.1,14.1,17.2,20.6,18.0
1772715717.0509207,12.4,9.0,20.2,17.3,28.9,41.0,1.0,2.0,11.3,13.3,4.1,7.1,29.0,36.3,21.4,21.4,6.1,3.1,30.7,38.8,38.8,39.6,58.8,21.2,4.0,5.0,10.1,9.0,28.0,35.0,51.0,28.0,4.0,4.1,2.1,2.0,38.0,43.6,1.0,4.0,41.6,41.6,24.2,21.8,10.1,2.0,9.0,12.0,4.1,8.1,26.0,25.3,25.7,19.4
1772715718.0523233,13.3,10.0,21.2,15.2,36.4,42.0,3.0,1.0,8.2,4.1,4.1,5.0,31.4,32.0,26.3,30.3,11.0,20.2,37.0,30.0,36.6,40.6,40.0,37.6,5.0,4.0,9.0,6.1,25.7,32.4,50.0,31.7,5.1,5.0,3.0,2.0,41.4,38.4,5.9,3.0,40.6,40.6,23.0,22.2,11.1,3.0,10.1,10.0,7.1,7.1,17.2,21.0,16.2,25.0
1772715719.0558271,12.2,9.1,14.1,21.4,25.5,43.0,3.1,3.0,4.1,4.0,5.9,2.1,33.0,30.7,21.4,19.6,8.2,3.1,37.0,37.6,34.3,38.8,39.2,38.2,5.1,4.0,10.1,7.0,24.2,34.3,50.5,21.8,4.1,3.0,2.0,3.0,40.2,41.6,3.1,5.1,36.6,37.3,24.8,26.7,11.1,4.0,10.1,7.0,5.1,7.1,22.2,22.2,21.0,20.4
1772715720.058671,11.3,12.0,19.2,19.4,35.0,44.1,6.1,2.0,10.3,8.2,6.1,6.1,29.7,28.0,30.3,30.3,16.2,12.0,30.3,38.4,40.2,35.6,50.0,29.0,5.0,2.0,8.1,6.0,32.0,30.0,34.7,33.0,5.1,3.0,7.0,4.1,45.5,34.3,3.1,5.1,29.7,33.0,20.0,27.6,9.0,3.0,9.0,11.1,7.0,8.0,20.8,17.2,25.0,19.2
1772715721.0587473,12.4,10.1,17.5,22.0,25.8,47.5,5.1,4.1,10.2,17.3,7.1,5.0,31.0,33.7,20.6,21.2,8.2,1.0,32.0,33.7,38.2,39.6,36.6,46.0,4.0,5.1,8.0,7.1,35.4,27.3,28.3,26.3,5.1,4.1,6.1,3.0,37.4,37.6,7.1,2.0,14.1,14.3,26.8,24.5,2.1,3.1,11.1,7.1,8.0,7.1,20.0,18.2,24.2,17.7
1772715722.0598953,11.3,7.1,16.2,11.0,43.0,29.0,4.0,3.0,6.1,4.1,5.1,3.0,28.3,28.4,31.7,21.0,18.0,10.1,37.6,33.0,40.2,35.3,30.0,38.2,2.1,5.0,4.1,8.1,31.0,22.0,21.0,9.1,3.0,4.0,2.0,1.0,48.0,40.0,1.0,3.1,2.0,2.0,20.8,22.0,3.0,3.0,11.0,7.1,6.1,6.1,17.0,20.8,16.0,21.4
1772715723.0636098,10.2,10.2,20.0,18.2,44.0,34.7,2.0,2.1,5.1,3.0,6.1,5.1,32.7,36.4,20.4,19.6,7.1,2.0,39.0,31.0,37.6,41.3,29.4,19.0,4.0,3.0,5.9,6.9,33.3,21.8,18.8,35.6,2.0,6.0,2.0,5.9,36.6,46.0,4.0,3.1,7.0,12.0,21.2,19.2,4.0,5.1,9.9,10.1,6.1,7.1,16.2,18.2,20.2,23.0
1772715724.0636973,14.3,11.9,19.2,20.2,35.7,45.5,6.1,3.0,14.3,11.5,5.1,5.1,31.3,31.0,38.4,24.5,14.3,18.0,38.4,33.3,37.9,38.6,5.1,35.0,11.1,3.1,7.1,7.1,28.7,29.3,41.6,21.0,5.1,1.0,5.1,1.0,35.0,43.1,2.1,13.1,14.4,14.1,25.0,24.0,2.1,6.1,7.2,9.1,5.1,8.1,24.0,24.0,22.0,24.8
1772715725.0637825,16.2,8.2,21.6,18.2,27.3,50.5,4.0,2.0,17.8,5.1,3.1,5.0,34.3,32.0,20.4,20.4,2.0,3.1,32.3,39.0,38.6,44.7,21.0,21.2,5.1,5.0,4.1,5.1,27.0,39.6,34.0,26.3,3.1,5.0,1.0,3.1,34.0,37.0,5.0,8.1,22.8,29.3,27.6,26.3,6.1,0.0,9.2,11.1,6.1,5.2,9.2,12.1,22.2,24.5
1772715726.0675452,15.5,9.9,25.0,17.5,35.7,43.6,3.1,3.1,4.1,4.0,5.1,6.1,28.7,38.0,22.2,25.7,20.0,14.0,43.6,40.0,41.7,40.8,27.7,32.4,3.0,6.1,9.0,8.1,31.7,38.6,40.6,37.0,5.9,4.1,2.0,5.1,39.0,48.5,9.1,17.2,40.6,43.1,28.7,31.7,5.1,6.0,12.9,12.1,9.0,10.0,25.7,27.3,28.0,22.4
1772715727.0685258,12.2,6.1,14.1,18.0,43.4,28.7,2.0,4.0,4.0,4.0,2.0,2.1,35.0,34.7,27.3,24.5,2.0,2.0,30.0,31.0,36.0,37.3,43.1,41.0,3.0,3.0,5.0,8.0,22.2,30.0,44.0,37.0,2.0,2.0,2.0,2.0,38.6,38.0,15.2,14.3,41.7,40.6,22.0,22.0,2.0,3.0,6.1,7.9,3.1,8.0,11.0,16.8,20.2,18.0
1772715728.068618,11.2,10.1,18.6,15.3,33.0,42.4,2.1,6.1,13.1,11.3,5.1,4.1,27.3,30.3,30.3,32.3,21.2,13.0,30.0,31.3,37.3,38.6,45.5,34.7,6.1,2.0,6.2,9.1,31.6,23.5,32.0,50.5,4.1,4.0,3.1,1.0,43.4,34.7,17.2,25.3,40.0,42.7,24.2,22.0,7.2,1.0,10.0,11.2,10.1,6.1,22.2,25.5,17.2,23.5
1772715729.0690765,13.3,8.1,19.0,14.0,36.7,33.0,3.1,3.1,13.3,11.2,3.1,6.1,35.4,30.0,20.6,19.4,4.1,2.0,38.0,33.0,37.6,37.3,39.0,30.7,4.0,5.1,8.1,8.1,29.0,33.0,21.2,38.2,6.1,6.0,4.1,9.0,45.1,35.4,7.1,9.1,41.2,41.0,21.2,22.2,3.1,3.0,8.2,6.1,10.0,7.1,16.0,15.0,19.0,23.0
1772715730.0701942,14.1,7.1,19.2,16.3,38.8,36.6,7.0,3.1,4.1,3.0,5.1,6.0,32.0,38.4,11.2,27.3,14.1,20.0,34.0,37.4,39.8,39.6,19.2,26.5,3.1,5.1,7.1,11.1,32.7,30.7,26.0,30.3,4.0,4.0,5.9,7.1,41.0,41.0,3.1,2.0,40.6,41.2,29.0,24.2,5.1,4.0,9.9,9.1,10.2,6.1,24.2,28.0,23.2,22.8
1772715731.0714297,15.0,7.1,21.4,20.4,40.4,31.3,5.1,3.1,8.2,6.2,5.1,5.1,39.2,30.3,29.6,30.6,3.1,3.1,37.0,33.0,41.0,38.2,4.0,19.2,5.1,5.1,6.1,7.1,29.0,30.3,46.5,36.6,5.0,3.1,4.0,4.0,36.0,43.0,4.0,2.0,41.2,41.6,22.2,26.7,1.0,2.0,10.3,11.1,7.1,6.2,16.2,13.3,24.2,20.4
1772715732.0715094,15.0,6.1,20.2,18.4,43.3,37.4,4.0,8.0,17.5,15.6,4.1,4.1,33.7,35.6,34.0,31.6,18.4,15.3,37.8,35.0,39.2,39.2,23.0,15.0,5.1,4.1,10.1,6.1,29.3,32.0,51.0,18.8,3.1,6.1,2.1,1.0,40.0,38.6,6.1,2.0,41.0,40.6,29.3,19.2,3.0,4.1,9.1,8.2,6.2,6.1,29.0,30.3,28.0,20.4
1772715733.0728538,12.4,11.0,23.0,16.0,45.5,33.0,3.0,6.1,5.1,4.0,5.1,5.0,34.0,33.7,18.4,20.8,9.2,8.2,41.0,31.6,36.9,40.8,20.8,21.0,5.0,5.0,9.0,8.1,32.0,33.7,38.6,33.7,5.9,5.1,2.0,4.1,49.0,33.7,4.1,4.0,41.7,42.2,23.8,26.7,5.1,3.0,12.0,9.1,9.0,9.0,19.2,19.0,23.2,23.0
1772715734.0747035,14.9,10.2,19.2,17.2,32.7,39.0,4.0,5.2,4.0,7.0,5.1,5.2,31.3,29.7,26.0,19.2,13.0,15.2,35.6,35.3,38.2,41.0,23.0,28.7,3.1,6.1,8.1,8.0,30.0,29.0,56.9,24.0,4.1,4.0,5.1,6.1,40.4,40.0,5.2,2.0,40.6,41.7,24.0,21.4,8.9,3.0,11.0,10.0,4.1,9.0,23.2,23.5,22.8,20.4
1772715735.0747917,11.5,9.2,20.6,23.2,44.4,31.3,4.0,3.1,13.5,10.4,5.1,4.1,35.0,34.0,35.7,38.1,20.4,21.2,33.0,39.8,41.6,40.2,35.4,37.0,8.1,3.1,6.1,9.2,32.3,33.3,42.0,38.6,6.3,4.1,4.0,5.1,37.0,44.6,4.1,3.1,41.6,41.0,26.5,25.3,5.1,3.1,11.2,8.2,7.1,7.3,21.0,22.0,22.7,24.2
1772715736.0748913,12.1,8.2,21.2,13.1,37.1,36.0,3.1,3.1,10.1,13.1,4.1,3.1,32.3,35.0,26.3,25.5,1.0,3.1,31.6,32.7,37.6,37.6,43.0,38.2,4.0,5.1,8.1,6.1,31.0,30.3,32.0,42.4,5.1,3.0,3.1,2.0,41.6,36.4,1.0,2.0,41.6,41.6,20.2,25.0,4.0,5.0,9.1,8.0,6.1,7.1,21.0,20.2,18.0,21.2
1772715737.0749793,14.3,11.0,16.2,19.0,45.0,32.7,4.1,2.0,3.0,3.1,6.1,5.1,28.0,32.3,17.2,13.3,23.0,9.2,33.7,35.4,39.2,41.2,34.0,26.3,5.1,2.0,7.1,7.1,28.7,27.0,15.0,52.0,5.0,4.0,2.1,3.1,40.0,44.6,5.0,5.1,41.0,42.2,26.0,23.0,3.0,3.1,9.9,7.2,8.1,8.0,23.0,23.8,23.5,22.4
1772715738.0808156,13.1,9.1,15.2,16.3,42.9,34.7,4.0,5.1,3.0,3.0,5.1,6.0,26.0,28.0,15.2,23.2,4.0,3.0,38.4,32.0,37.3,36.3,23.5,12.1,5.9,4.0,7.1,7.0,24.8,26.7,27.0,26.0,4.0,3.0,2.0,3.0,38.6,40.0,2.0,1.0,40.2,40.6,18.8,24.0,2.0,3.0,8.1,8.9,6.1,5.1,19.2,23.0,16.2,21.8
1772715739.0808988,13.4,11.1,23.0,18.2,25.3,46.0,2.0,11.1,14.1,16.2,5.1,4.0,34.3,40.0,38.4,32.7,15.3,15.2,33.7,38.0,38.2,44.1,22.2,9.1,3.1,5.1,6.0,7.1,32.3,28.3,33.3,33.0,3.0,20.4,5.9,5.1,44.1,38.0,5.1,3.0,33.3,31.7,30.0,21.2,5.0,0.0,10.1,8.2,6.1,6.2,13.1,11.3,25.3,17.0
1772715740.0848138,13.1,6.1,12.1,18.4,43.0,32.7,4.0,3.0,5.2,12.2,4.0,3.1,28.0,29.4,24.7,28.0,5.1,4.1,28.0,31.0,34.0,39.8,22.5,33.7,4.0,4.0,9.0,6.1,26.7,29.0,25.7,37.6,5.1,15.8,1.0,3.0,48.0,35.0,3.1,2.0,30.7,29.7,24.8,18.0,2.0,4.0,9.1,10.9,5.1,8.1,26.0,27.7,24.2,17.2
1772715741.084902,12.1,11.0,18.6,17.2,44.3,32.0,5.1,3.1,3.1,6.0,4.1,5.1,41.0,30.3,16.2,20.2,17.2,16.2,36.4,34.0,41.7,40.2,29.0,32.7,6.0,4.0,6.1,8.1,36.4,30.0,29.7,37.0,2.0,3.1,3.1,3.0,34.0,42.2,7.1,6.2,13.0,12.0,20.4,24.0,5.0,2.0,9.0,10.2,7.1,10.2,17.2,16.3,19.2,24.2
1772715742.0882869,13.1,10.1,18.0,14.3,40.0,33.0,3.1,3.0,9.1,8.1,3.0,4.0,28.4,28.0,24.2,29.3,3.1,3.0,35.0,32.0,34.0,35.3,43.7,20.8,3.0,4.0,7.1,7.1,20.8,29.0,30.0,40.6,4.0,3.0,2.0,1.0,40.6,42.0,3.1,2.0,4.0,9.0,20.0,19.0,5.1,4.9,7.0,9.0,7.1,9.2,27.7,32.7,16.2,20.8
1772715743.092433,16.0,9.1,20.0,16.3,38.6,35.0,5.1,3.1,11.1,15.2,5.0,9.0,31.3,32.0,37.4,34.0,20.0,12.1,32.0,35.6,35.9,37.3,40.6,38.6,4.0,5.0,7.0,6.0,28.3,28.0,55.4,28.4,4.0,6.1,5.1,2.0,43.0,38.0,3.1,3.1,11.1,14.0,22.0,20.8,4.0,2.0,6.1,8.0,6.1,10.0,16.0,16.0,23.0,18.2
1772715744.0939174,14.7,11.0,22.2,19.2,44.9,30.7,5.0,6.9,10.1,3.1,4.1,5.1,35.3,30.0,25.3,20.6,7.2,3.0,38.0,37.8,40.6,40.2,36.0,45.1,4.0,3.1,9.2,6.1,34.0,24.0,61.4,20.2,3.1,5.1,2.0,2.1,38.2,44.0,9.2,7.1,14.3,12.2,28.6,21.4,3.1,4.0,10.2,11.2,7.9,7.1,17.0,16.3,27.6,18.4
1772715745.0954423,11.5,7.1,19.4,12.1,36.4,34.0,2.0,2.0,4.0,3.1,6.0,7.1,34.3,29.7,16.2,9.2,14.1,15.2,35.3,30.7,38.2,37.3,26.7,48.5,4.0,5.1,5.0,9.0,24.2,29.7,56.9,25.5,3.0,4.0,1.0,4.0,38.0,39.6,9.2,17.2,31.7,28.0,20.8,20.0,2.0,3.0,7.9,8.2,6.1,4.1,26.0,26.3,19.8,17.0
1772715746.0962796,11.1,9.1,19.8,21.2,30.0,49.0,3.0,2.0,10.2,8.1,5.1,6.0,30.7,32.3,33.7,28.0,3.1,8.0,35.0,39.6,36.3,44.7,33.7,35.6,5.0,6.0,11.0,8.9,34.7,30.0,42.6,24.8,7.0,4.1,4.0,4.0,40.0,39.6,6.3,28.0,37.6,39.2,24.0,25.7,4.0,1.0,9.1,9.0,8.0,7.1,6.1,11.0,22.0,24.0
1772715747.0963695,12.2,9.2,19.6,21.2,38.1,35.7,5.1,2.1,8.2,14.3,4.1,6.1,35.4,38.0,35.4,26.0,13.3,15.3,40.4,34.3,39.6,41.0,35.0,38.0,3.1,6.3,7.1,9.4,39.4,27.6,33.7,23.5,6.2,4.0,9.1,3.1,39.0,37.8,22.2,19.8,43.6,40.6,26.3,28.9,3.1,5.1,7.3,9.2,7.2,8.2,36.0,37.8,26.3,18.2
1772715748.0986724,14.1,8.0,18.2,19.4,40.6,37.6,2.1,4.0,4.1,9.2,4.0,5.1,35.0,31.0,29.3,29.7,16.3,14.1,34.3,34.3,39.8,35.9,31.7,45.5,5.9,4.1,9.0,7.0,31.7,30.0,43.6,14.0,2.0,4.1,3.0,5.1,39.4,41.2,8.2,9.9,42.7,39.2,17.0,27.0,4.0,6.1,8.9,8.1,7.9,9.1,7.0,8.0,22.2,18.4
1772715749.0999422,12.4,9.1,14.0,18.2,29.3,35.6,3.1,2.0,2.0,5.0,2.0,5.1,30.0,23.2,11.3,12.2,3.0,3.1,35.0,27.3,38.2,37.6,20.0,29.0,4.1,5.0,7.1,7.0,29.0,22.0,33.0,28.7,1.0,4.0,2.0,3.1,40.0,43.0,2.1,3.0,41.6,40.6,21.2,19.6,2.1,3.0,10.1,7.1,5.1,6.1,34.0,35.0,14.0,22.0
1772715750.100031,15.5,12.2,26.0,22.2,54.1,25.3,7.0,5.1,14.4,6.2,5.1,5.2,39.0,36.4,22.4,24.5,11.2,3.1,37.0,36.0,40.0,38.2,15.2,23.2,4.1,6.1,7.1,10.0,33.7,31.0,34.0,26.5,4.0,7.1,4.0,4.1,47.5,33.3,3.1,2.1,41.6,42.0,28.3,24.2,3.0,1.0,10.2,12.2,6.1,10.0,9.2,8.2,25.5,24.2
1772715751.102043,16.2,12.0,16.5,15.0,48.0,28.7,3.1,3.0,16.0,15.3,6.1,6.0,29.0,29.0,32.7,31.0,15.0,11.1,31.0,32.7,39.2,33.3,22.2,52.0,5.0,3.0,8.2,6.1,29.4,27.3,42.0,35.0,4.0,4.0,2.0,4.0,42.2,38.2,2.0,4.0,40.6,41.2,25.3,12.1,4.0,6.9,7.9,7.1,5.1,5.1,27.0,29.3,18.0,19.0
1772715752.1035197,12.1,9.0,20.2,15.2,46.0,34.0,4.0,5.0,5.0,6.1,6.1,4.1,36.0,27.6,29.3,28.6,2.1,11.1,38.4,33.3,36.3,41.2,21.2,60.4,3.1,6.1,6.1,7.1,27.3,32.0,18.4,31.0,3.0,6.1,2.0,4.1,39.0,43.0,3.0,5.1,42.2,40.6,25.0,22.0,3.1,2.0,12.0,9.2,8.2,6.2,11.1,12.1,25.5,19.2
1772715753.1041791,12.2,9.0,19.0,19.4,30.9,44.0,4.1,3.1,4.1,4.1,5.1,6.0,27.0,38.0,15.2,18.4,12.0,11.1,33.7,39.8,38.2,38.2,18.0,63.1,5.9,3.1,9.1,9.0,27.3,31.0,24.0,37.3,3.0,3.0,6.0,5.1,42.0,41.0,2.0,5.1,41.6,40.6,24.2,26.0,4.0,1.0,9.1,9.0,7.0,6.1,27.3,27.3,23.8,19.2
1772715754.1059637,12.2,8.2,19.0,20.2,31.3,43.0,3.0,2.0,13.0,12.0,5.1,4.2,32.3,32.0,27.6,24.2,12.1,6.1,38.4,35.3,38.2,39.2,20.0,60.8,3.0,5.0,6.1,6.1,27.0,34.0,21.8,41.0,5.1,3.1,3.0,4.0,41.6,39.6,1.0,3.1,40.6,41.2,23.0,22.2,4.0,4.1,8.1,9.2,7.1,6.1,14.9,17.0,22.2,21.2
1772715755.1075504,11.3,9.0,17.2,18.0,37.4,37.6,5.0,2.0,13.1,12.2,2.1,6.9,31.0,30.0,31.3,25.3,12.1,5.1,38.0,33.0,34.3,37.0,18.8,63.1,2.0,5.0,7.0,6.1,27.3,27.7,39.0,43.7,4.0,5.0,3.0,2.1,38.0,39.0,4.0,3.0,42.6,40.8,18.8,22.2,1.0,4.0,7.1,10.0,6.1,6.1,27.0,28.0,18.2,20.2
1772715756.1114538,11.2,9.1,18.2,15.5,45.5,29.0,4.1,2.0,3.1,3.1,5.1,4.0,32.3,32.7,28.3,25.5,8.2,6.1,30.3,37.0,41.6,38.8,29.0,47.0,4.0,4.0,5.0,8.0,31.4,30.3,27.0,54.0,3.0,4.0,2.0,5.0,44.1,34.3,3.0,3.1,36.6,36.0,22.0,23.8,2.0,5.1,13.0,9.2,7.0,7.1,11.1,13.3,20.2,23.0
1772715757.1115332,14.1,7.1,17.3,13.3,42.9,31.0,4.0,2.1,4.1,3.1,4.0,4.1,26.3,32.3,15.5,19.2,16.2,12.2,30.7,38.0,38.2,39.6,33.0,43.4,4.0,4.0,9.9,6.1,28.0,32.0,33.3,44.0,3.0,5.1,1.0,4.1,40.4,43.0,2.1,4.0,30.7,32.7,19.2,23.0,3.0,2.0,9.1,7.9,6.1,8.0,21.2,23.0,22.2,20.2
1772715758.114493,11.3,6.1,19.2,15.8,36.0,38.6,4.0,3.0,9.1,16.0,5.1,3.1,31.7,33.3,26.7,27.0,10.1,7.1,36.0,34.7,40.2,35.3,39.0,32.7,3.0,4.0,6.1,6.1,28.3,28.0,39.2,39.0,5.1,3.0,7.1,2.0,36.6,44.6,5.1,5.0,33.0,31.7,22.2,23.0,5.0,3.1,9.0,7.1,7.1,7.1,15.8,14.1,18.2,18.2
1772715759.114589,11.3,8.0,14.1,11.2,33.3,39.0,4.0,4.0,11.1,14.1,8.8,5.0,28.0,20.2,26.3,27.8,5.1,16.0,34.0,34.3,35.3,37.6,32.4,36.6,3.0,5.0,9.0,4.0,29.4,31.0,34.7,46.5,3.1,4.0,3.0,4.0,38.6,40.0,5.9,4.0,32.4,32.4,24.0,20.0,6.1,1.0,7.0,8.0,6.9,5.1,18.4,21.0,20.0,21.0
1772715760.1222937,13.1,9.0,16.5,23.2,34.3,38.6,3.1,8.0,3.1,5.1,4.1,4.1,31.0,30.7,25.3,29.3,15.2,12.2,28.6,44.6,38.6,37.3,35.0,35.6,5.1,3.0,6.1,6.0,29.6,34.7,45.5,29.0,4.1,3.0,3.1,2.0,40.4,38.6,6.2,1.0,22.0,21.8,27.3,23.2,3.1,5.0,12.1,8.1,5.1,9.1,18.8,16.3,26.3,18.6
1772715761.1247458,13.3,6.9,16.2,14.0,24.5,44.6,4.0,5.0,5.9,8.0,4.0,5.0,32.4,31.0,21.4,20.8,4.1,9.1,33.0,36.4,37.9,40.2,5.0,22.0,4.0,4.0,7.0,6.1,24.8,29.7,35.6,25.0,5.0,4.0,1.0,3.0,46.6,36.6,2.0,3.1,31.7,32.0,28.7,13.0,3.0,2.0,8.1,10.9,6.0,7.1,20.0,17.0,16.2,23.5
1772715762.126087,12.2,9.2,20.4,14.3,43.3,36.4,4.1,3.1,9.5,16.3,6.1,5.1,34.3,34.0,26.3,25.5,11.2,13.3,35.4,38.4,40.2,41.7,27.3,39.6,3.1,7.0,5.2,9.9,35.4,26.5,35.0,35.6,2.0,4.1,5.1,3.0,47.0,32.0,2.1,4.0,28.3,27.0,20.4,24.2,3.0,3.1,11.1,10.3,6.1,7.1,22.2,22.2,20.4,24.2
1772715763.1304605,12.2,8.2,12.9,22.4,43.4,35.0,5.0,3.1,9.2,12.1,5.0,5.1,35.3,34.7,29.7,22.2,10.0,3.1,37.6,32.4,40.2,36.6,21.0,61.2,2.0,4.1,6.9,8.0,25.7,36.3,30.0,36.0,5.0,5.0,3.1,2.0,43.4,35.0,8.9,4.0,18.8,17.0,28.0,25.0,2.0,3.0,7.1,9.9,7.1,6.1,16.0,15.2,23.0,19.0
1772715764.1336837,15.8,7.1,16.3,20.2,27.0,45.1,1.0,3.0,3.0,4.0,3.1,5.0,32.3,31.0,28.3,25.8,15.2,9.1,35.6,31.0,36.9,40.2,21.6,60.8,3.0,6.0,6.1,7.0,27.0,29.3,51.0,20.0,4.0,4.0,4.0,7.1,43.1,42.6,5.1,16.2,23.5,19.8,26.7,20.8,2.0,5.0,8.0,8.2,6.1,6.1,19.6,21.8,21.2,18.2
1772715765.1341767,14.3,10.0,25.7,20.2,35.4,46.0,4.0,2.0,6.1,3.0,6.1,3.1,34.0,35.0,20.4,27.3,6.1,9.1,34.3,40.0,42.6,37.3,18.2,60.8,5.0,4.0,8.1,4.0,29.0,34.0,48.0,12.0,4.0,4.0,4.0,2.0,38.4,40.6,6.2,8.2,21.0,21.8,27.3,23.0,4.0,3.1,7.1,11.9,7.1,8.1,15.3,16.3,23.2,27.0
1772715766.1348996,12.9,10.1,19.4,22.2,27.8,41.6,5.0,3.0,12.1,11.3,3.1,6.1,28.3,38.4,21.0,26.3,6.1,22.0,40.0,30.6,38.6,43.6,0.0,61.2,5.1,3.0,9.2,7.1,24.2,40.6,48.5,30.7,4.0,5.1,3.0,2.0,39.6,42.4,14.1,7.1,24.0,24.8,22.0,27.3,1.0,2.0,11.0,8.1,7.9,7.1,24.0,23.8,25.3,20.4
1772715767.1352558,12.4,6.1,15.2,13.9,30.3,41.0,2.0,2.0,15.3,11.1,6.0,3.1,28.0,26.0,27.8,19.2,6.1,3.0,29.0,30.0,30.7,35.0,19.0,38.0,5.1,3.0,7.0,5.1,23.8,28.0,44.0,31.3,1.0,5.1,1.0,4.1,36.0,43.0,26.0,27.0,31.7,30.7,16.0,18.0,5.0,3.1,8.0,8.2,4.0,7.2,15.2,15.2,17.0,16.0
1772715768.136101,11.2,11.0,21.2,23.2,48.5,28.3,6.9,4.1,5.1,4.0,5.1,11.9,34.0,39.0,26.5,27.8,14.3,10.2,40.6,32.7,42.2,39.2,18.0,42.6,4.0,4.1,8.0,8.1,37.4,29.0,43.0,21.0,4.0,3.0,2.0,5.1,42.0,36.4,10.2,10.1,40.6,37.6,28.3,31.0,3.1,3.0,8.1,12.0,5.2,10.0,19.2,16.3,18.2,30.0
1772715769.1364996,15.2,6.1,21.2,19.4,33.3,44.0,5.1,4.1,5.1,8.2,7.0,7.1,34.0,39.6,28.6,22.2,4.0,14.1,37.4,33.7,39.2,43.7,27.6,32.7,5.1,4.1,9.2,9.9,33.3,31.3,40.0,34.3,3.0,5.1,3.1,2.0,39.0,42.2,1.0,2.0,40.6,41.0,25.0,27.3,4.0,3.1,11.1,7.1,8.9,12.1,23.2,23.2,23.2,26.0
1772715770.1373923,14.1,8.1,17.3,22.0,44.4,33.0,5.0,4.1,15.6,19.6,5.2,5.1,33.3,35.4,25.3,30.3,11.2,18.2,35.4,37.3,37.6,40.6,31.7,39.2,6.1,5.1,5.1,9.2,29.3,32.3,33.0,39.2,5.1,6.0,2.1,3.1,42.0,39.0,3.1,3.1,40.6,41.6,24.0,25.0,7.1,2.0,8.1,11.0,7.1,8.1,13.1,15.2,19.2,22.2
1772715771.1385052,14.0,7.1,17.2,17.3,49.5,28.0,2.1,2.0,4.1,4.1,7.0,6.0,37.6,32.7,27.3,28.6,2.1,9.9,34.0,36.4,38.0,39.6,28.7,24.0,4.0,5.0,7.0,6.1,33.3,30.0,24.0,21.0,5.0,4.0,2.0,3.1,38.6,44.0,3.0,3.0,41.7,41.7,25.0,22.2,6.1,2.0,9.1,10.1,10.1,11.1,27.0,28.0,27.0,24.2
1772715772.1434932,12.2,7.1,17.0,12.2,41.8,33.3,5.1,3.0,4.1,3.1,1.0,6.1,32.0,32.0,16.2,28.3,17.2,7.1,26.0,33.3,38.2,37.3,9.4,12.1,5.0,3.1,6.1,7.1,20.0,27.0,42.6,34.3,2.0,4.0,4.0,6.0,34.0,43.0,3.0,3.1,40.6,41.0,21.2,15.2,2.0,5.9,8.1,8.0,6.1,5.2,16.2,13.4,23.2,13.4
1772715773.1453516,12.4,7.1,19.2,16.0,35.0,40.4,3.1,2.0,11.1,7.2,4.1,5.1,32.0,31.0,26.5,15.5,8.2,4.0,30.7,35.6,39.2,36.3,24.8,55.4,3.0,3.1,5.1,7.0,31.7,27.0,40.6,33.3,5.0,3.0,2.1,4.1,37.0,42.2,3.0,3.0,41.6,41.2,18.0,21.8,2.0,2.0,8.0,9.3,6.1,9.0,21.2,22.8,21.2,20.0
1772715774.1454332,17.2,11.9,20.4,18.4,38.5,37.3,6.1,3.0,13.1,19.4,6.0,3.1,32.4,33.0,33.7,23.0,12.0,14.3,37.6,36.4,39.8,44.7,12.0,58.8,5.1,6.0,8.1,8.0,32.3,30.0,42.2,25.7,7.0,3.0,3.0,4.0,32.3,47.0,3.0,6.1,40.2,43.7,22.2,30.7,2.0,3.1,9.1,10.1,7.1,7.1,19.0,22.2,21.0,26.0
1772715775.1459305,11.2,13.3,22.0,21.4,52.5,25.3,5.1,3.1,4.2,3.0,7.1,4.0,38.4,37.0,28.1,33.3,13.1,14.3,33.0,40.6,36.3,43.6,8.2,61.2,5.1,5.1,10.1,7.1,34.7,29.3,42.4,38.4,6.1,3.1,2.0,5.1,41.0,41.0,3.1,1.0,33.0,33.0,34.3,25.3,5.1,4.0,11.1,11.0,9.1,9.1,22.0,20.4,27.3,22.7
1772715776.153085,14.1,6.0,18.0,11.0,44.4,28.3,5.1,2.0,5.9,5.0,3.1,5.0,31.0,32.7,32.0,24.2,5.1,10.9,32.0,35.6,35.3,34.0,19.8,62.1,4.0,4.0,8.0,8.1,25.0,24.8,54.4,24.8,2.0,5.0,2.0,1.0,39.0,41.7,4.0,6.0,31.4,32.0,21.6,16.0,2.0,2.0,6.1,11.1,5.0,6.1,18.2,20.0,24.0,16.8
1772715777.1533482,11.3,9.1,15.5,17.2,31.3,41.0,3.0,3.1,14.4,12.2,6.1,6.1,26.0,29.6,18.4,15.2,7.2,9.2,32.3,32.7,35.6,35.6,38.0,43.6,2.1,5.1,7.0,4.1,27.6,28.3,49.0,27.3,4.0,3.1,3.0,6.1,43.6,37.1,4.0,9.3,32.7,31.7,18.4,20.2,3.1,2.1,5.1,9.0,5.1,8.0,17.2,16.3,19.0,19.4
1772715778.1588118,11.5,6.1,20.0,18.2,40.4,38.0,4.0,5.0,13.4,9.1,5.1,4.0,31.0,38.8,25.3,21.2,17.2,7.0,39.0,30.7,41.2,38.2,42.0,41.2,4.0,6.1,8.2,7.1,25.5,36.0,48.5,32.7,5.1,7.9,4.0,3.0,36.4,45.1,4.0,4.0,31.7,31.7,29.7,23.0,3.0,4.0,8.0,11.1,6.1,7.1,25.0,25.7,21.2,20.0
1772715779.1588988,13.1,8.1,18.4,17.2,37.8,31.7,4.1,6.9,4.0,3.0,3.1,4.0,33.0,37.4,36.0,36.4,15.0,12.1,38.4,32.0,39.6,40.2,34.0,39.6,4.0,6.1,7.1,8.1,28.0,27.0,45.0,34.3,2.0,3.0,2.0,4.0,38.2,35.0,3.1,3.1,39.6,37.0,20.0,24.0,3.0,4.0,8.2,9.1,7.1,6.1,17.8,16.3,25.5,16.5
1772715780.159744,14.0,9.1,20.2,19.2,49.5,28.3,8.2,5.1,9.1,5.1,4.0,6.9,31.3,31.7,30.6,26.5,10.2,3.1,33.3,36.4,38.8,37.3,39.6,41.4,2.0,7.1,8.1,10.0,29.3,31.0,37.0,40.6,3.1,4.1,2.0,2.1,47.0,40.0,2.1,1.0,31.7,33.0,20.0,18.2,3.1,3.1,8.0,10.0,8.2,4.2,28.7,27.0,25.7,18.2
1772715781.161581,15.2,9.1,18.0,18.7,50.0,27.3,12.9,2.0,21.4,21.4,5.1,5.1,30.0,34.0,14.1,16.0,18.2,10.1,35.0,36.0,40.2,40.8,37.4,40.2,5.1,5.0,8.2,7.0,34.0,25.7,32.0,41.0,5.9,7.0,3.1,3.0,35.0,45.0,2.1,4.1,32.0,32.0,29.0,28.0,4.0,4.0,9.2,11.0,8.0,10.0,14.3,18.0,25.3,20.4
1772715782.162988,12.4,13.0,19.6,24.2,54.0,28.0,5.1,4.1,5.1,3.1,5.1,6.3,43.4,40.0,27.6,29.6,8.2,3.1,34.0,41.0,40.6,43.1,39.6,43.6,7.1,2.0,6.1,9.1,44.0,26.3,28.3,29.7,1.0,4.1,4.0,2.1,36.4,45.0,3.1,3.1,31.7,31.0,28.3,28.6,3.1,5.0,11.0,10.2,8.2,6.1,24.2,25.3,24.0,26.0
1772715783.165769,14.9,10.2,16.3,21.8,44.9,30.0,3.0,1.0,4.1,4.0,4.0,4.0,27.5,28.3,34.7,36.7,14.0,17.2,33.3,37.0,37.3,40.6,29.0,24.0,6.1,3.0,9.9,6.1,27.0,30.3,21.8,39.0,4.0,6.1,2.0,3.0,38.6,42.0,4.0,11.0,38.6,33.0,25.3,24.8,2.0,4.1,9.1,8.1,6.1,7.9,18.8,17.2,23.2,19.2
1772715784.16945,14.0,9.1,25.0,14.3,38.8,38.0,4.0,3.0,11.2,4.2,5.1,4.1,38.0,33.7,23.2,19.6,12.1,10.0,35.0,36.6,42.2,42.2,20.2,22.2,5.1,5.1,12.2,9.1,27.7,38.6,15.3,39.0,5.0,7.0,3.0,0.0,40.4,37.6,8.1,13.1,33.7,36.9,30.7,25.0,5.0,3.0,11.1,10.0,8.0,8.1,17.8,20.0,28.0,18.0
1772715785.1707487,12.0,14.0,18.4,25.3,37.8,43.0,5.2,6.0,13.5,19.0,6.1,5.0,34.0,38.0,19.0,10.2,16.2,11.2,36.6,36.4,42.2,39.2,25.7,29.7,7.1,3.1,6.1,4.1,32.3,34.7,10.9,47.1,5.1,6.1,3.1,4.0,39.6,40.2,11.2,13.1,28.7,29.7,26.3,31.3,3.1,3.1,11.0,9.0,6.1,7.1,23.2,23.2,22.0,30.3
1772715786.1708455,13.1,9.9,15.3,14.1,37.0,34.7,4.0,8.0,5.0,3.0,4.0,7.1,24.0,30.7,26.0,29.0,10.0,3.0,32.7,36.3,32.7,36.9,55.3,6.0,3.0,4.0,3.0,7.0,31.0,20.0,16.0,61.8,6.9,2.0,3.0,3.1,39.6,38.6,32.0,26.0,21.8,20.6,19.8,20.0,1.0,5.1,11.0,6.1,6.0,6.0,9.0,6.1,18.8,18.0
1772715787.1715512,13.7,6.3,19.4,16.3,38.8,42.6,4.1,9.2,3.1,4.1,3.1,5.1,34.3,32.0,36.1,33.7,14.3,13.5,35.7,34.7,40.8,40.6,61.4,15.2,5.1,8.1,9.2,7.2,28.3,31.3,25.0,56.4,1.0,4.1,1.0,2.0,44.0,37.4,9.1,7.1,22.8,22.2,27.3,22.0,3.0,3.0,6.2,8.2,8.2,7.1,27.3,29.3,20.4,22.4
1772715788.1717877,16.8,12.0,22.0,17.0,29.6,43.4,2.1,6.1,11.2,8.1,6.1,10.1,36.0,32.0,26.3,18.8,7.2,3.0,33.7,35.4,36.6,40.6,61.8,19.2,4.1,2.0,6.1,5.1,28.3,30.4,23.2,56.0,4.1,3.0,4.0,2.0,44.0,36.0,3.1,1.0,25.3,26.0,19.2,20.2,2.0,2.0,10.0,10.0,6.9,8.0,11.2,11.2,19.2,22.2
1772715789.1739929,14.0,7.1,12.2,21.0,44.0,27.7,5.0,7.1,13.1,17.2,5.1,6.0,23.0,31.7,16.0,23.8,15.8,16.0,33.3,30.0,36.3,35.9,51.0,28.4,3.0,4.0,8.1,9.0,30.7,22.2,28.7,53.5,7.9,5.0,1.0,3.0,30.3,45.0,2.0,3.0,30.4,32.4,26.0,22.8,3.0,3.0,8.1,7.1,6.1,6.1,24.8,25.5,18.2,22.8
1772715790.1740825,16.0,9.2,20.4,19.4,39.8,35.4,3.1,11.2,5.1,2.0,4.0,5.1,29.3,38.4,27.6,37.1,9.2,4.1,37.8,39.4,40.2,42.2,35.6,43.0,5.1,4.0,7.2,6.1,30.7,27.0,25.3,55.4,3.1,4.1,4.0,6.1,43.4,41.0,5.0,3.1,42.4,36.6,22.2,24.5,2.0,4.0,11.0,8.1,8.1,7.1,16.3,16.5,26.3,17.3
1772715791.1741679,10.3,5.1,19.0,15.3,37.1,34.7,8.1,6.1,3.1,3.1,4.0,3.1,26.7,23.2,30.2,27.8,17.0,11.1,32.0,28.0,35.6,34.3,32.7,48.0,3.1,3.0,7.9,4.1,24.2,27.3,32.0,33.0,5.0,3.0,4.1,5.0,37.3,40.0,3.1,1.0,40.6,42.0,18.4,18.0,3.0,2.0,7.1,7.0,7.0,6.1,15.2,15.0,15.8,19.0
1772715792.1768546,13.3,8.0,14.3,18.0,44.4,22.0,5.1,3.0,14.1,6.1,3.1,5.9,25.3,33.7,17.2,15.0,1.0,2.1,32.3,36.0,36.3,39.2,41.0,36.0,5.0,4.0,7.1,6.0,22.8,28.7,22.2,38.6,3.1,2.1,6.0,1.0,39.0,46.5,4.0,2.1,39.2,42.2,19.8,21.2,0.0,4.0,8.9,9.1,5.1,6.1,18.2,18.2,16.2,19.2
1772715793.1802976,14.9,9.0,16.3,14.0,45.0,32.0,3.1,1.0,18.6,14.3,4.1,10.0,29.0,29.0,22.0,17.2,15.8,15.2,28.7,39.0,36.9,34.0,31.0,41.2,4.1,5.0,7.0,6.1,28.0,30.0,31.7,40.6,4.0,5.0,3.0,2.0,45.0,35.0,2.0,4.0,37.3,36.3,21.2,17.0,5.0,4.0,8.2,8.2,5.1,9.1,20.8,19.0,20.4,20.2
1772715794.1803937,11.3,8.2,22.0,20.4,33.0,42.4,2.0,2.0,3.1,7.1,6.0,3.1,34.0,34.7,32.7,40.4,2.0,5.1,32.7,37.6,37.0,40.2,19.0,19.2,3.1,3.1,6.2,5.1,30.3,34.0,39.6,23.0,5.1,2.0,2.1,2.0,40.6,38.0,3.1,4.0,30.7,32.4,33.0,25.0,1.0,3.1,11.1,12.1,7.0,7.0,21.0,20.2,25.3,24.2
1772715795.1804895,10.3,7.1,14.1,17.2,27.7,47.0,3.0,2.0,4.0,6.1,4.0,5.1,34.7,29.3,27.6,30.3,17.0,16.3,27.3,37.0,36.3,37.0,27.3,46.5,5.1,3.1,8.9,8.0,27.7,23.2,44.0,10.1,4.0,5.0,5.0,2.0,36.4,40.6,3.0,4.0,32.7,32.4,21.2,19.2,4.1,2.0,5.1,10.0,7.1,6.2,17.0,16.0,11.2,23.5
1772715796.1805816,11.5,9.0,17.3,12.1,38.4,36.0,5.0,2.0,10.1,12.0,5.1,3.1,27.6,30.7,16.2,11.2,3.1,7.1,35.0,37.4,36.3,34.3,30.3,34.0,3.0,4.0,6.0,6.1,30.0,27.5,32.7,9.9,4.0,4.1,9.2,3.0,37.6,41.0,2.1,4.0,32.7,31.7,26.7,22.2,1.0,3.0,8.2,8.1,7.1,8.0,22.4,22.4,18.8,23.0
1772715797.1807008,15.2,7.1,20.4,16.5,28.1,43.6,5.1,4.0,17.3,14.3,3.1,5.1,30.7,27.0,14.3,24.2,16.2,11.0,43.4,27.0,38.2,36.3,36.6,33.7,6.0,3.0,7.1,6.1,26.0,32.3,37.0,25.3,3.1,4.0,4.0,3.1,41.0,38.4,4.1,3.1,35.3,39.0,20.0,26.0,4.0,3.1,9.9,10.1,8.1,6.1,16.2,17.2,23.2,22.4
1772715798.1855302,15.8,12.2,22.4,15.0,40.0,34.0,3.1,3.0,4.0,6.1,5.0,6.1,31.3,35.6,34.3,39.4,3.0,7.1,37.0,37.6,37.3,40.2,40.2,35.3,5.1,3.0,9.0,5.1,30.0,33.0,39.2,29.0,4.0,6.0,2.1,3.0,36.0,47.0,5.0,3.1,41.2,43.7,20.2,24.0,3.0,4.0,8.1,11.0,7.1,7.1,22.0,24.8,21.0,25.0
1772715799.1870356,13.0,12.1,16.3,25.0,40.8,42.6,5.1,3.0,6.1,10.0,5.1,2.0,37.6,39.0,29.6,29.3,14.0,16.0,38.6,32.0,40.2,37.3,21.0,43.6,4.0,5.1,5.1,9.0,28.7,34.7,51.5,29.3,5.0,4.0,4.0,2.0,42.0,39.2,3.1,7.0,33.0,33.0,24.0,25.0,2.0,3.1,8.9,12.0,7.0,8.0,22.0,22.2,25.3,22.4
1772715800.1913023,14.0,8.0,14.1,13.3,44.0,28.0,3.0,3.0,5.2,7.1,7.0,5.0,32.7,25.7,21.2,11.1,11.2,10.0,31.0,32.0,36.6,39.2,26.0,54.9,5.0,3.0,6.0,10.1,24.0,34.7,48.0,34.7,5.0,4.0,1.0,1.0,31.7,45.5,2.0,3.1,31.7,32.7,26.0,19.4,3.0,4.0,7.1,10.0,6.1,5.2,15.0,18.0,15.2,20.2
1772715801.193618,14.9,11.2,18.2,23.0,35.4,41.0,4.1,5.1,15.3,15.3,4.0,4.1,32.4,32.0,24.5,27.3,16.3,9.1,40.4,31.3,42.2,41.2,26.0,55.9,4.0,5.1,7.1,9.1,30.0,27.3,43.0,27.3,4.0,4.1,3.0,5.1,38.0,42.4,3.1,4.1,31.7,31.7,22.0,26.0,3.0,2.0,11.2,11.1,8.2,9.1,24.2,26.0,21.0,26.0
1772715802.193702,13.1,9.2,18.0,20.2,43.9,34.0,3.1,4.0,3.1,3.1,7.1,4.0,34.0,32.7,34.7,33.3,13.1,14.3,32.3,32.0,39.2,39.8,29.3,48.0,4.0,5.0,10.0,6.1,25.3,33.0,28.0,37.6,3.1,6.1,3.1,4.0,41.4,37.6,3.1,3.1,32.7,32.7,20.0,26.0,3.0,5.1,10.1,10.1,11.1,8.2,19.2,20.4,20.2,25.0
1772715803.1941195,14.1,11.1,25.3,21.6,54.0,25.5,5.1,3.1,12.2,7.1,4.0,9.0,34.3,34.0,30.2,29.3,8.2,10.2,35.6,35.4,38.2,41.2,43.0,39.0,4.1,5.1,7.1,9.2,38.0,31.7,36.4,29.7,4.1,6.0,5.1,1.0,41.6,43.4,6.1,8.2,43.1,37.6,25.3,27.0,5.1,1.0,10.1,11.1,10.0,10.1,20.0,18.4,20.4,25.3
1772715804.1942039,13.1,13.0,20.2,26.3,41.8,33.7,6.1,4.1,11.3,15.3,5.1,4.1,36.3,36.6,10.1,16.3,16.2,11.1,37.4,39.0,40.2,41.2,48.5,31.7,5.1,3.1,6.1,9.0,34.0,30.3,34.7,47.5,5.0,5.1,4.0,4.0,44.0,35.3,6.3,16.2,41.2,41.6,27.0,28.0,5.0,5.9,10.1,12.0,7.1,8.2,20.2,22.4,25.0,28.0
1772715805.1942832,12.4,10.1,23.5,16.3,40.4,38.0,5.0,3.1,9.2,7.1,6.1,5.1,31.3,34.3,32.3,28.3,12.0,4.1,34.0,34.3,41.2,39.2,20.8,34.3,6.1,5.0,9.0,8.2,32.0,40.0,38.0,43.0,6.1,3.1,4.1,4.1,37.4,40.4,24.0,18.0,38.6,40.6,27.3,27.0,2.1,3.1,8.2,10.1,7.2,5.1,20.0,21.0,21.2,27.3
1772715806.1943753,14.1,9.1,16.8,24.0,40.8,35.6,5.1,3.1,8.2,3.0,4.1,7.0,29.3,35.0,33.3,33.0,18.0,8.2,42.0,31.0,37.6,37.6,24.5,31.7,4.0,5.1,7.1,6.0,33.0,27.0,33.0,31.7,6.1,3.0,4.0,4.0,47.5,36.4,20.6,25.3,31.0,30.7,26.3,29.0,9.0,9.0,11.0,10.2,7.1,7.1,19.0,19.2,25.0,24.0
1772715807.1963675,13.1,7.1,18.0,23.2,41.8,32.0,5.0,2.0,6.1,5.0,5.1,3.0,28.7,31.7,24.5,30.3,9.1,5.1,37.6,34.7,40.8,36.3,40.2,37.0,6.0,5.0,8.0,9.1,30.4,30.7,43.1,31.0,4.0,3.0,3.0,2.0,40.6,41.2,5.1,6.0,25.5,25.5,21.8,27.0,7.0,2.0,12.0,9.2,6.0,6.2,23.0,22.0,20.2,21.0
1772715808.1964543,13.4,7.1,24.7,16.2,42.0,36.4,2.1,3.1,15.5,12.2,6.2,3.1,28.6,34.0,13.4,17.3,17.2,10.2,38.0,32.7,42.6,38.2,42.0,40.0,5.1,5.1,7.1,9.1,29.3,33.3,47.5,31.3,7.1,5.0,4.1,2.0,33.7,48.5,4.1,2.1,21.2,23.0,23.2,24.2,3.0,6.2,10.1,7.1,5.2,9.1,14.3,15.5,22.2,23.7
1772715809.196551,13.3,8.2,22.0,19.2,43.4,37.6,5.1,4.0,7.1,3.1,6.0,5.1,30.0,34.7,29.3,27.3,2.1,8.1,37.0,35.6,38.2,41.2,53.5,15.0,4.1,2.0,5.1,6.3,29.7,29.0,48.0,33.3,5.1,5.1,3.0,5.0,41.6,33.0,3.1,6.0,23.0,25.0,22.0,24.0,2.0,3.0,9.2,9.0,7.0,8.2,20.2,21.2,22.2,19.0
1772715810.198779,12.1,10.0,18.7,15.3,27.3,49.0,4.0,3.1,5.1,9.3,5.1,4.1,30.3,38.0,28.3,31.6,11.2,13.1,39.0,35.4,39.0,39.2,42.7,2.0,5.1,3.0,6.1,6.9,30.6,28.7,49.5,30.7,3.1,4.0,4.1,4.0,40.0,43.6,5.1,2.0,32.0,32.4,22.2,24.2,4.0,5.1,9.1,10.0,8.2,6.1,14.0,16.3,22.0,22.2
1772715811.211083,14.0,9.0,20.0,19.0,30.3,44.1,5.1,3.0,3.1,5.0,3.1,6.9,30.4,33.0,24.2,22.0,9.0,4.1,30.7,37.3,40.0,36.9,46.5,27.5,5.0,5.0,8.1,6.1,34.7,27.7,39.6,28.7,2.0,7.0,5.9,4.0,40.0,41.6,5.0,4.0,36.6,29.0,16.8,28.0,5.0,3.0,9.8,10.0,6.0,8.9,20.8,22.5,19.2,20.0
1772715812.2134879,12.1,10.2,20.2,20.6,29.9,44.0,6.0,3.1,12.2,19.2,5.9,5.1,36.6,35.0,17.2,16.3,10.1,17.0,38.6,29.3,41.2,43.1,44.6,31.0,4.1,5.1,9.1,9.1,29.0,34.0,13.3,10.0,4.1,5.0,2.1,4.0,37.0,44.6,5.1,5.0,32.4,31.7,28.7,23.8,1.0,9.0,9.2,10.2,7.1,7.1,19.2,17.3,21.0,26.0
1772715813.213622,11.2,11.0,18.4,19.2,38.8,34.0,4.1,2.0,4.1,5.1,4.1,3.0,27.3,35.0,27.3,29.6,4.1,10.1,28.3,37.3,38.2,39.6,36.6,47.5,4.0,5.1,9.1,6.1,32.0,27.0,17.0,15.3,7.1,3.1,4.0,2.0,31.0,41.4,5.1,3.0,32.4,31.7,27.3,18.2,3.0,4.1,10.1,10.0,7.9,8.1,22.0,21.0,19.2,20.4
1772715814.2188904,13.9,11.8,21.2,20.8,36.0,33.7,1.0,5.9,9.1,7.0,4.0,6.9,34.0,29.7,28.0,27.7,14.0,10.1,33.7,30.3,35.3,42.2,41.2,40.8,5.0,6.9,6.1,6.0,35.3,28.0,20.8,20.8,6.9,4.0,3.0,4.0,40.2,40.8,2.0,6.0,31.4,32.0,23.8,21.8,1.0,7.0,7.9,8.0,5.1,8.0,18.8,18.2,18.2,21.2
1772715815.2192428,12.5,6.1,21.4,20.2,36.7,43.0,6.1,3.1,6.1,4.1,5.1,4.2,34.0,38.0,29.6,19.4,5.2,8.2,36.7,37.6,39.6,42.2,49.0,25.0,2.1,3.1,8.2,6.1,35.4,33.0,37.6,24.2,4.2,5.1,4.1,3.1,45.5,34.3,3.1,9.1,32.0,32.7,26.5,28.0,2.0,6.1,7.2,8.2,8.1,7.1,14.1,15.3,22.0,25.5
1772715816.2211313,12.0,9.1,24.2,22.2,34.7,42.6,8.0,2.0,19.2,7.1,7.0,4.0,35.6,38.4,17.3,19.4,13.0,10.2,30.7,38.0,36.9,36.9,28.3,23.5,6.9,4.0,7.1,7.0,35.6,29.7,23.0,39.0,5.9,5.0,6.1,14.1,38.6,44.0,4.0,5.1,41.2,39.2,30.7,28.0,2.0,7.1,12.0,13.6,7.1,8.1,23.8,23.5,26.7,23.0
1772715817.2215142,14.3,11.1,22.4,22.4,35.4,45.0,8.2,4.0,6.1,9.3,4.1,6.1,36.0,28.6,31.6,28.3,6.2,16.0,39.0,33.3,43.6,37.6,33.3,35.4,4.0,5.1,6.1,6.2,34.3,26.0,29.7,33.7,4.1,4.1,3.0,8.2,33.3,46.0,1.0,5.1,41.0,42.0,26.3,25.5,3.0,9.2,6.3,11.2,8.1,7.1,15.2,20.8,20.2,26.3
1772715818.2215953,10.3,7.1,17.0,16.8,33.7,36.4,5.1,5.1,5.2,10.1,6.1,3.1,30.3,32.7,33.0,30.6,6.1,13.0,38.0,32.0,38.2,37.9,19.0,61.2,4.1,4.0,8.2,7.9,22.0,28.7,33.7,41.6,2.0,5.1,3.0,4.0,41.0,40.0,5.1,3.1,38.2,39.8,21.0,24.8,4.0,4.0,11.0,9.1,4.1,8.1,19.2,24.0,20.2,23.2
1772715819.226693,11.3,11.9,20.2,24.2,48.5,31.0,5.0,3.0,4.1,9.2,6.1,4.0,35.0,32.7,22.4,24.2,18.2,14.0,30.0,43.0,38.8,44.7,19.0,59.0,5.0,6.1,10.9,8.1,34.7,34.0,33.3,38.0,3.1,6.1,3.1,3.0,43.1,36.6,7.1,2.1,31.4,30.3,27.3,30.0,5.1,3.0,11.1,10.9,7.1,9.8,13.0,14.9,24.0,26.3
1772715820.236862,14.0,12.0,26.0,22.0,45.0,34.3,6.1,3.0,9.2,13.0,5.0,7.1,31.3,36.0,22.4,22.2,9.3,8.1,35.0,40.0,44.1,35.3,21.0,61.2,3.1,6.9,11.2,12.1,33.0,33.7,42.0,27.5,4.0,7.1,1.0,3.1,37.0,45.5,4.1,4.1,31.0,32.7,33.3,27.0,2.0,6.1,10.1,9.2,8.1,7.2,28.7,30.3,28.0,26.3
1772715821.2371645,11.3,8.2,20.0,15.5,46.4,29.3,5.1,4.0,9.1,4.1,5.1,4.1,33.0,37.0,29.6,24.2,11.1,12.1,34.3,39.2,41.0,41.2,25.7,49.5,4.0,5.1,8.0,8.0,35.0,26.3,27.0,32.0,2.0,5.1,5.9,4.0,42.6,39.0,3.1,5.2,31.7,31.7,25.3,30.0,2.0,3.1,8.1,11.1,8.0,7.9,9.0,11.1,23.2,22.2
1772715822.2424824,14.3,9.0,18.4,18.4,47.0,29.7,6.0,3.1,7.1,11.0,7.0,4.0,36.0,27.0,29.7,29.3,10.2,9.2,38.0,39.4,39.8,40.2,34.0,21.8,4.0,5.0,7.1,10.0,28.7,39.4,17.2,20.2,3.0,6.9,4.0,6.1,41.0,41.6,5.1,3.1,35.0,32.0,20.2,27.0,2.0,5.0,11.1,10.0,8.1,5.2,28.0,29.7,21.0,26.0
1772715823.2432163,10.2,10.3,23.0,16.2,41.4,30.7,2.0,4.1,5.1,7.2,5.1,5.1,35.4,33.7,21.6,19.6,12.0,9.1,33.7,37.4,37.3,38.2,32.0,26.0,3.1,5.1,7.1,7.1,27.3,39.0,17.0,24.0,4.0,6.0,5.1,3.0,36.6,44.6,4.1,12.2,41.6,41.2,26.7,23.5,3.0,5.1,8.1,12.1,6.1,8.2,10.2,11.2,19.2,22.0
1772715824.246053,14.9,12.0,29.3,26.7,35.1,44.0,5.0,3.1,12.2,16.3,4.0,5.1,37.6,33.3,19.2,23.5,9.2,10.1,40.4,33.0,41.2,42.7,37.0,38.6,5.0,5.0,9.0,6.1,34.3,33.0,37.6,35.4,5.1,3.1,5.1,4.0,38.4,35.0,8.2,12.0,41.2,40.6,35.0,29.0,3.1,5.1,13.1,10.1,7.1,9.0,19.4,22.8,28.0,30.0
1772715825.2470791,15.2,10.1,23.7,22.4,39.4,44.0,5.1,7.0,6.1,3.1,6.0,6.1,32.0,34.7,24.2,26.5,9.2,9.2,42.6,33.3,38.2,38.2,29.7,51.5,5.2,4.0,7.1,5.1,31.0,28.7,30.7,51.0,6.1,2.0,3.1,3.1,41.6,37.4,6.1,13.1,41.6,42.2,25.3,32.4,3.1,3.0,10.2,12.1,8.1,6.1,24.8,25.5,21.4,24.5
1772715826.2590299,13.3,8.9,17.8,16.3,34.0,37.6,4.0,2.0,6.1,9.2,4.0,5.1,29.4,38.6,31.6,30.0,13.0,7.1,36.0,34.0,41.7,35.6,30.4,33.0,5.0,4.0,9.1,8.0,31.4,30.0,26.5,54.9,6.1,3.0,5.0,4.0,40.6,41.7,28.7,31.0,42.2,41.2,23.8,23.8,4.0,5.0,11.9,8.9,6.1,8.0,18.0,14.1,23.5,19.2
1772715827.2591188,12.2,10.1,24.0,23.0,46.5,33.7,6.0,11.1,11.3,14.3,7.1,4.1,40.4,37.3,24.2,27.8,9.3,13.1,37.0,38.0,42.7,41.3,33.0,45.5,7.1,5.1,7.1,9.0,32.0,36.0,20.4,58.4,6.1,6.0,4.1,3.1,43.0,37.8,13.1,12.2,35.3,34.3,32.0,32.3,3.0,4.1,10.1,10.1,7.1,8.2,29.0,32.0,29.0,26.0
1772715828.262747,14.9,7.1,19.6,18.4,41.4,33.0,6.1,7.1,13.1,6.9,5.1,5.1,29.7,31.0,22.2,22.2,11.9,16.0,33.0,37.6,38.8,40.2,20.6,43.6,5.0,2.0,7.1,4.1,32.3,27.7,20.0,60.4,4.1,2.0,2.1,3.0,41.0,40.6,6.1,2.0,30.7,28.7,22.8,21.0,4.1,3.0,12.0,8.0,6.1,5.0,13.1,9.2,17.3,22.0
1772715829.2653458,12.1,9.0,19.2,20.0,32.3,43.6,11.9,4.0,2.0,5.1,2.0,5.9,31.7,41.2,24.8,17.3,3.1,10.1,36.0,36.4,41.6,38.2,22.8,45.1,5.0,4.0,6.9,6.9,31.7,30.0,26.7,34.7,4.0,4.0,5.0,3.0,38.6,40.6,2.0,4.0,19.8,20.6,26.7,26.0,4.0,3.0,8.0,9.1,8.0,7.1,23.8,25.0,24.5,24.0
1772715830.2681627,14.1,11.0,21.6,16.3,38.0,40.0,5.1,1.0,5.2,7.1,10.9,4.1,32.3,34.7,25.5,27.3,16.0,12.1,34.3,36.6,38.2,40.8,17.2,54.5,5.1,4.0,8.2,4.1,32.3,34.0,39.4,31.7,4.1,4.0,6.1,4.0,40.0,39.4,3.1,4.0,14.0,12.1,26.5,22.2,6.1,2.0,12.1,10.0,8.1,8.9,18.0,19.0,25.3,18.2
1772715831.2784128,15.0,8.1,21.0,25.0,39.4,33.7,2.0,3.0,3.0,4.0,7.0,5.0,36.6,31.7,30.7,24.8,3.1,10.0,34.0,33.0,34.6,39.2,13.7,47.6,3.0,3.0,7.1,8.9,27.0,30.7,43.6,30.3,3.0,3.0,3.0,4.0,38.6,38.2,3.0,3.0,13.9,15.0,25.0,23.0,3.0,4.0,7.0,10.8,5.1,6.1,11.9,12.0,23.0,22.0
1772715832.2784936,12.4,10.2,18.4,17.3,42.4,34.0,6.1,3.0,13.3,20.4,5.1,9.1,30.3,33.7,23.7,25.0,10.2,15.2,32.3,39.6,43.6,39.6,11.1,50.0,4.1,4.1,8.0,8.1,28.3,28.0,45.5,19.0,6.1,3.0,3.1,3.1,42.0,38.4,4.1,0.0,21.2,23.0,23.0,20.2,3.1,4.0,9.2,7.1,8.0,11.1,28.6,29.0,19.4,23.2
1772715833.2803648,13.3,8.1,21.2,21.2,36.7,45.0,1.0,12.1,4.1,2.0,6.1,6.9,35.6,33.0,24.5,22.4,2.1,12.1,36.0,35.4,39.2,37.3,12.1,46.0,7.0,5.0,6.1,7.0,31.7,30.0,22.8,31.7,4.1,6.0,4.0,3.0,37.6,44.0,3.0,6.1,32.7,28.4,24.5,22.4,5.1,4.0,9.1,8.2,8.1,7.1,20.2,20.0,26.0,21.2
1772715834.281374,15.0,9.1,17.3,14.3,41.8,34.0,4.0,4.0,6.1,9.2,5.1,4.1,31.0,31.3,24.5,27.3,16.8,9.3,39.0,32.0,39.6,40.2,19.8,26.7,5.1,2.0,9.1,7.1,26.0,36.6,32.0,31.3,3.1,7.0,5.1,3.1,41.4,40.6,2.0,4.0,39.6,42.6,22.2,24.0,3.0,2.0,7.1,10.2,7.1,9.1,16.2,16.3,24.2,18.2
1772715835.2865658,15.0,10.0,24.0,22.0,33.3,42.6,6.1,4.0,14.3,6.1,8.0,4.1,34.0,35.3,28.0,28.3,11.2,5.1,33.3,35.6,39.8,41.2,29.0,33.0,4.1,5.0,8.0,7.1,30.0,32.0,24.0,57.8,5.0,2.0,6.1,6.1,38.6,39.0,4.0,3.1,41.6,42.2,25.7,26.0,1.0,5.1,10.1,9.1,7.1,7.2,24.0,23.0,21.0,29.3
1772715836.2912743,11.2,7.0,19.8,20.2,37.6,35.6,4.0,2.0,10.1,13.0,4.0,4.0,27.7,30.7,27.3,21.4,17.0,12.0,33.7,39.0,37.9,38.2,25.7,56.9,5.0,5.9,5.9,9.0,31.4,23.0,22.0,60.8,4.0,5.0,2.0,2.0,45.1,34.0,3.0,4.0,41.6,42.7,18.0,26.7,3.0,3.0,12.7,8.9,6.1,5.1,18.0,19.2,23.8,16.2
1772715837.2924948,13.4,8.2,18.6,19.2,41.4,35.0,5.1,3.0,1.0,4.0,3.1,4.1,35.0,26.7,23.2,18.4,3.1,2.1,36.0,29.6,39.2,36.3,27.3,38.0,5.0,2.0,6.1,8.2,30.3,31.0,36.6,45.0,4.0,4.1,3.0,4.0,35.4,44.6,4.1,2.0,40.6,41.6,23.2,23.5,3.1,4.0,9.2,9.2,6.1,10.1,23.8,21.0,20.2,17.2
1772715838.2953513,16.2,11.1,16.3,20.0,38.8,34.0,3.0,2.0,5.9,11.2,4.1,4.0,29.3,25.3,21.0,27.0,14.0,16.8,32.0,36.0,37.6,36.3,20.8,42.2,5.0,3.1,6.0,7.0,29.3,32.0,39.0,42.0,4.1,4.0,2.0,6.1,44.0,38.0,2.1,3.1,38.2,40.0,17.8,21.2,3.0,3.1,9.0,7.9,6.1,5.1,14.1,18.2,16.2,19.2
1772715839.2964408,12.1,8.2,20.2,23.5,43.9,34.0,3.2,2.0,5.1,6.0,5.1,3.1,44.0,41.0,31.6,22.4,8.2,8.1,38.0,36.0,39.6,42.7,28.0,20.0,2.0,6.1,5.1,7.0,27.0,37.0,26.0,40.6,6.1,4.0,1.0,5.1,35.0,40.0,5.0,7.1,31.0,32.7,26.7,30.7,4.0,4.1,10.0,9.2,8.0,8.1,17.3,19.2,30.0,18.6
1772715840.3011916,14.3,10.9,21.2,22.0,29.3,45.5,3.1,2.0,14.3,19.2,4.0,6.0,33.3,37.0,21.0,26.5,15.2,21.0,44.6,33.0,38.2,40.4,28.7,32.7,5.0,2.0,7.1,6.1,30.3,37.0,45.5,36.4,6.0,4.0,4.0,2.0,46.5,35.6,3.1,6.1,31.4,30.7,27.0,30.0,5.1,4.0,9.1,14.0,6.9,7.1,20.0,19.8,22.0,29.0
1772715841.3042312,14.9,8.1,22.0,22.7,44.4,33.3,7.0,3.1,4.1,4.1,5.0,6.1,35.0,37.0,25.3,27.3,4.1,6.1,36.7,37.0,39.2,42.6,16.8,64.4,4.1,4.0,10.0,6.1,33.0,33.3,32.3,46.5,4.1,5.1,5.1,2.0,45.0,35.0,3.1,12.2,31.7,31.7,26.0,27.7,4.1,4.0,15.2,10.2,6.2,9.1,18.2,21.0,26.0,24.8
1772715842.304305,11.3,10.2,21.2,14.3,48.0,26.0,5.1,6.0,5.2,13.0,4.1,7.1,31.0,36.0,26.5,24.7,14.1,19.0,33.0,33.3,39.0,40.8,3.0,60.8,6.0,5.1,6.1,8.0,30.0,30.7,34.7,26.0,2.1,6.1,3.1,3.1,36.4,40.4,2.1,9.1,32.3,31.7,25.3,24.2,6.0,2.0,7.1,9.1,8.1,6.1,23.0,22.2,20.2,20.4
1772715843.3060584,12.1,8.1,18.8,20.0,45.0,33.7,3.1,2.0,3.1,4.1,5.1,8.1,25.7,35.6,28.0,20.8,4.0,4.0,39.2,33.7,44.7,38.6,3.0,56.9,3.0,4.0,8.1,6.1,30.7,33.3,8.0,35.3,4.0,2.0,7.1,2.0,41.2,38.0,2.0,8.1,41.2,36.6,28.0,20.2,2.0,3.0,8.9,11.0,7.0,6.1,8.0,10.1,20.0,20.0
1772715844.3083723,14.3,11.2,20.6,25.0,42.4,35.0,4.1,3.0,20.4,12.5,7.0,5.1,37.4,31.0,23.7,18.8,17.2,19.0,38.0,37.3,40.6,40.2,15.2,46.0,6.1,6.9,10.2,5.1,32.0,38.2,3.1,13.1,4.1,5.1,2.0,6.1,36.0,45.1,18.2,13.1,43.1,41.2,32.0,29.0,7.0,6.1,9.4,13.1,8.2,10.1,28.0,25.5,29.0,23.2
1772715845.3107357,13.3,13.0,15.2,17.5,37.0,37.0,4.0,2.1,5.1,3.1,9.1,5.0,34.7,25.7,29.7,23.0,3.1,2.1,37.4,31.6,37.5,44.7,20.8,39.0,5.0,3.1,7.1,7.8,27.0,29.0,35.6,30.7,3.0,5.1,4.0,8.2,34.7,46.0,7.1,5.2,41.2,41.6,20.0,26.3,2.0,4.1,11.1,7.0,7.1,5.1,11.2,14.1,22.2,20.4
1772715846.3120854,11.2,9.2,15.0,19.0,31.6,40.0,5.1,5.1,8.1,4.1,6.1,4.1,28.3,32.0,28.9,32.3,18.8,17.0,36.6,30.0,37.3,37.3,36.6,18.4,3.1,5.1,6.9,7.1,22.2,30.3,47.5,34.0,3.0,6.0,2.0,9.2,37.4,42.6,9.2,29.0,40.6,42.2,23.2,26.3,3.0,8.0,11.9,9.2,7.1,8.1,26.3,30.0,18.8,21.0
1772715847.3121803,15.8,12.1,18.4,26.5,45.9,29.3,5.0,5.1,4.1,10.2,6.0,7.1,37.0,35.4,33.0,27.8,7.3,5.2,39.0,36.4,36.6,38.0,25.3,38.6,5.1,5.1,7.2,6.2,33.3,34.0,61.0,20.2,3.1,7.1,2.0,6.1,34.3,43.4,23.2,19.4,34.7,35.0,30.0,28.3,2.0,7.1,9.2,11.1,7.2,8.3,13.3,15.2,24.5,30.0
1772715848.3144195,18.0,13.0,24.0,20.2,52.0,31.7,5.1,6.0,16.3,15.2,5.2,8.1,32.7,39.0,21.4,15.2,20.0,14.1,32.3,41.0,42.2,36.9,18.8,25.0,10.2,11.0,8.1,9.0,28.6,37.6,59.4,22.0,3.1,5.1,3.0,3.1,45.1,40.6,6.1,8.1,31.7,32.4,23.5,29.4,7.0,2.0,12.0,12.0,9.0,9.0,26.3,24.2,24.0,25.3
1772715849.3156834,13.3,10.1,17.3,14.3,39.0,35.0,3.1,4.1,8.2,6.1,7.0,5.2,29.6,36.0,23.0,30.6,10.2,8.2,31.0,36.7,35.6,41.2,12.1,37.6,5.1,4.0,9.0,6.1,25.3,33.0,53.0,21.0,4.0,3.1,3.1,4.0,37.4,39.4,3.0,2.0,23.5,24.5,24.5,22.2,4.0,2.0,6.1,9.1,4.1,7.1,23.0,21.2,20.6,21.2
1772715850.3162022,17.6,7.1,22.0,20.0,29.3,45.0,3.1,3.0,5.0,4.1,5.0,6.1,28.2,33.0,31.6,28.7,10.1,11.0,35.0,39.6,40.2,38.6,1.0,23.0,5.1,4.0,6.0,7.9,26.5,32.0,40.6,17.2,2.0,6.1,5.0,6.1,41.0,38.6,3.0,4.0,16.0,19.0,26.3,22.2,3.0,4.0,10.0,7.2,5.0,8.0,4.1,8.1,18.4,23.2
1772715851.3188608,11.2,9.1,18.4,18.0,35.7,37.0,2.0,3.1,3.0,6.0,4.0,7.0,35.4,35.6,19.2,18.4,4.0,3.0,37.0,29.7,38.8,37.9,19.0,32.0,4.9,3.0,4.0,8.2,26.3,30.0,33.7,32.3,2.0,4.0,4.0,2.0,47.1,35.6,3.0,3.0,11.9,11.2,26.0,19.0,2.0,3.1,9.0,11.0,5.1,4.0,30.4,29.7,22.0,19.8
1772715852.3194854,17.8,11.1,23.0,18.4,36.0,42.0,6.9,5.1,18.4,19.4,5.2,6.1,31.0,35.4,14.1,18.0,16.3,17.3,34.3,35.7,38.6,39.2,22.0,59.8,4.1,5.0,4.0,8.1,32.7,28.7,34.3,47.1,4.1,3.1,4.1,2.0,39.0,40.4,1.0,5.1,17.3,24.0,29.0,22.0,2.0,5.1,8.1,8.1,7.0,8.0,11.0,7.2,23.2,21.6
1772715853.3219554,14.0,7.1,18.0,19.0,42.4,26.7,4.0,3.1,6.1,3.0,5.1,4.0,29.7,30.0,28.3,29.3,2.0,2.0,30.7,36.6,38.2,37.3,20.8,61.4,3.0,3.0,8.0,5.1,34.3,25.7,38.6,39.0,5.0,5.9,2.0,2.0,36.6,44.6,3.1,1.0,20.8,22.0,27.3,26.0,2.0,4.0,10.0,9.0,6.1,8.0,23.2,23.5,27.3,17.0
1772715854.3220499,10.4,9.0,15.3,19.2,51.0,31.0,7.0,4.1,10.3,4.1,6.0,7.2,30.3,38.0,34.3,30.6,16.2,19.2,36.7,30.3,40.6,36.6,18.2,62.4,4.0,5.1,8.2,7.1,25.5,32.3,42.4,26.3,2.0,1.0,4.0,3.0,37.4,41.0,3.0,3.1,32.7,33.0,25.0,20.2,2.0,4.0,10.2,5.1,4.1,7.1,19.2,16.5,23.0,20.4
1772715855.3246546,14.1,10.0,19.0,19.2,49.5,26.0,6.1,4.0,3.0,4.1,6.1,7.0,31.7,32.3,23.5,22.2,2.1,11.1,34.0,42.0,36.3,37.9,24.0,57.3,5.0,5.1,8.0,8.2,32.7,29.3,30.0,25.0,6.9,3.0,2.0,3.1,41.2,41.6,1.0,3.0,31.3,39.2,30.0,20.8,1.0,4.0,10.0,8.1,8.0,8.1,11.0,11.9,22.0,20.2
1772715856.326792,14.0,10.1,20.2,16.2,46.5,27.3,4.0,2.1,18.2,15.2,5.1,4.0,30.0,35.0,8.2,15.3,17.2,18.0,36.0,34.0,38.6,38.2,24.8,47.5,4.1,9.1,8.2,8.0,24.0,31.0,31.7,33.3,4.1,3.1,3.1,5.1,37.4,45.5,3.0,2.0,41.2,40.6,22.0,19.4,2.0,5.1,9.2,6.1,6.1,7.1,30.7,33.0,21.0,21.2
1772715857.327802,14.0,9.1,20.0,16.0,31.3,45.0,4.1,3.1,10.1,6.1,5.1,3.1,33.7,31.7,37.4,33.3,2.1,3.1,36.4,28.7,39.2,38.4,20.4,40.2,3.1,3.1,8.1,6.1,26.0,32.7,54.0,27.0,3.1,4.0,2.0,3.0,37.0,41.6,3.1,4.1,41.6,40.0,20.4,26.0,4.0,3.0,11.9,11.9,6.1,7.1,8.2,8.2,25.3,18.4
1772715858.3300931,11.3,11.1,14.1,16.2,41.0,35.6,11.0,3.0,8.1,4.1,4.0,6.0,26.0,29.3,28.6,32.3,17.8,16.0,32.7,37.0,38.6,34.6,36.6,42.4,3.0,6.0,5.1,5.1,31.7,23.2,37.3,28.7,4.1,2.0,3.0,3.0,39.6,40.6,2.0,3.0,39.2,40.8,19.0,23.0,3.0,2.0,7.1,10.8,5.1,7.1,35.6,36.3,18.0,21.2
1772715859.336559,13.0,10.1,20.0,18.0,36.0,32.7,3.0,3.0,4.0,5.9,3.0,5.1,26.7,31.4,15.3,20.2,4.0,5.0,33.3,35.0,37.9,37.3,45.6,27.5,4.0,4.0,6.0,6.9,25.0,31.0,30.7,40.6,6.9,4.0,3.0,3.0,38.6,46.6,3.0,4.0,30.4,31.0,23.8,27.7,3.0,3.0,8.0,7.1,6.0,6.9,5.0,5.1,22.8,17.0
1772715860.3371606,14.4,20.0,20.2,19.2,34.0,47.0,6.0,4.1,7.1,13.3,7.0,3.0,40.0,35.6,16.2,11.1,19.2,16.2,36.4,40.0,40.2,40.6,31.0,33.3,5.1,4.1,7.1,7.1,29.3,36.6,36.0,45.5,5.1,3.1,2.0,2.1,41.0,39.4,4.1,4.1,31.7,30.7,23.0,30.3,3.1,3.0,7.1,11.1,6.1,7.2,25.3,27.0,21.6,25.5
1772715861.337399,12.5,8.2,20.2,21.6,46.9,29.3,5.1,3.0,15.3,8.2,5.1,5.2,37.8,33.3,41.8,39.8,6.1,1.0,38.0,33.3,39.2,43.6,22.2,58.0,5.1,5.1,6.2,9.3,34.3,31.3,40.0,40.0,4.1,3.1,4.1,3.1,39.8,37.0,2.1,4.1,30.3,33.0,28.6,27.6,6.1,3.0,9.2,11.2,8.2,9.2,16.3,17.5,27.3,19.2
1772715862.3374734,13.1,9.2,17.3,22.2,36.7,40.6,2.0,5.1,7.1,6.1,5.1,6.0,35.0,31.3,32.3,30.2,14.1,18.0,38.8,35.0,34.7,38.6,4.1,40.6,2.1,3.1,6.0,9.8,31.0,27.3,38.6,33.3,6.1,3.0,4.1,4.0,40.0,39.0,3.1,1.0,32.0,31.0,23.8,29.0,5.1,3.0,10.3,10.2,7.1,10.0,18.4,21.2,24.2,19.2
1772715863.3420568,9.2,10.8,16.3,16.0,29.6,45.0,5.0,2.0,6.1,4.0,6.0,4.0,34.0,24.8,10.3,16.0,3.1,2.0,23.0,38.6,36.3,37.3,29.0,41.6,2.0,5.0,5.0,8.0,29.7,29.0,35.6,22.8,6.0,3.0,4.0,1.0,41.6,38.4,3.0,3.0,41.6,37.3,17.8,23.8,2.0,3.0,9.9,7.1,6.1,6.1,23.8,26.0,18.2,19.8
1772715864.3426862,11.2,10.2,18.2,24.0,32.3,42.0,4.1,3.1,13.4,15.6,3.1,6.1,34.7,37.4,21.2,10.3,18.8,17.3,32.7,43.4,40.2,43.7,41.6,38.6,5.1,3.1,8.1,6.1,27.0,38.0,29.7,0.0,3.0,2.1,3.0,5.1,43.0,35.6,5.2,11.1,41.6,41.0,25.3,29.0,5.0,4.0,9.1,10.0,6.1,8.2,11.1,13.1,24.0,20.6
1772715865.3451142,13.1,11.0,24.0,17.3,40.0,39.6,6.9,4.0,11.0,6.9,5.9,8.0,29.4,33.7,41.7,38.2,6.2,13.1,34.3,35.6,39.2,40.4,45.6,35.6,3.0,5.9,6.1,7.8,26.7,35.6,26.7,18.8,5.0,5.0,3.0,5.1,37.0,43.6,12.0,10.3,37.3,40.8,29.0,26.3,1.0,6.0,12.0,9.0,8.0,7.0,32.4,32.4,25.0,22.8
1772715866.3451927,12.2,12.2,17.5,18.6,43.2,34.3,3.1,4.1,4.2,5.2,5.1,12.4,36.7,34.3,29.5,32.0,12.4,9.3,30.9,39.8,41.6,42.0,55.0,23.2,3.1,5.1,7.1,4.2,36.7,26.5,42.0,20.4,4.2,4.1,4.1,3.1,41.6,37.1,4.2,4.1,31.0,31.7,26.0,25.3,4.0,2.1,10.1,8.2,6.2,7.3,6.2,9.3,22.2,19.6
1772715867.345999,13.1,7.1,17.2,17.2,39.6,31.0,4.0,4.0,5.0,5.1,6.1,4.0,31.3,29.0,22.0,13.3,11.0,19.0,35.0,33.7,40.6,34.7,51.0,30.0,6.0,3.1,10.0,10.1,24.5,26.7,41.6,25.7,5.0,2.0,4.0,4.0,35.6,46.6,19.0,15.3,33.0,32.7,21.8,23.8,2.0,5.1,9.1,6.1,7.9,6.1,34.0,33.3,19.2,20.8
1772715868.3481784,12.2,8.9,21.0,20.0,33.7,48.5,5.0,4.0,14.3,18.2,6.9,5.0,33.0,35.6,11.2,15.5,3.0,6.1,35.4,30.3,36.9,39.2,42.6,21.0,6.1,4.0,5.1,11.1,30.0,35.4,35.6,45.0,4.0,6.1,1.0,5.1,39.4,41.4,16.5,25.3,31.7,31.7,18.2,25.3,3.0,3.0,9.0,11.0,7.1,6.9,7.1,8.9,25.0,20.2
1772715869.3498468,13.1,9.3,17.3,21.4,43.0,34.7,8.2,2.0,7.1,11.1,5.2,4.1,36.6,36.0,40.0,32.3,17.3,7.1,33.0,33.7,36.6,40.6,40.6,8.0,5.0,4.1,6.1,9.0,33.3,28.0,34.0,45.5,4.0,6.0,3.0,3.1,42.0,40.6,8.9,6.1,32.4,33.7,24.0,26.0,3.0,3.1,7.1,12.0,6.1,6.1,27.6,25.8,23.5,20.2
1772715870.3534179,11.3,7.9,19.0,12.0,33.0,40.6,5.0,3.0,4.0,3.0,5.0,4.9,30.3,35.6,28.6,30.6,9.0,5.9,33.3,35.0,39.2,37.9,20.6,22.0,6.0,4.0,5.9,7.0,27.0,30.7,30.0,48.0,5.0,2.0,5.9,4.0,38.6,39.6,1.0,3.0,39.2,43.6,21.0,20.6,4.0,4.0,6.0,8.2,5.0,8.1,15.8,15.8,16.7,23.2
1772715871.354853,10.3,10.3,15.6,22.4,29.0,43.4,3.1,3.1,4.1,4.1,5.1,4.1,32.7,29.0,14.4,21.0,4.1,12.2,39.0,34.3,38.6,37.9,25.0,22.2,4.0,4.1,7.2,6.1,28.0,27.3,27.0,41.0,1.0,2.1,1.0,5.1,43.6,36.4,3.0,5.2,33.7,32.7,22.0,28.3,4.1,1.0,10.2,8.1,7.1,6.2,14.1,14.1,20.2,23.8
1772715872.357192,14.0,10.2,24.0,22.0,35.4,44.0,4.1,3.0,14.1,17.5,4.0,5.1,34.0,38.0,25.3,21.4,12.2,6.1,39.2,34.0,38.2,38.6,20.8,41.6,3.0,7.0,10.9,7.1,40.2,28.0,39.6,32.0,9.1,4.0,2.0,4.0,38.0,41.6,5.1,4.0,31.7,31.4,30.7,27.0,6.0,2.0,13.0,7.1,6.1,8.1,29.0,29.0,26.3,21.4
1772715873.3572776,11.3,12.0,22.7,16.2,46.9,31.0,6.1,3.1,5.2,12.1,3.1,6.1,31.3,38.8,31.6,33.7,10.2,22.0,36.4,36.0,46.6,39.6,30.3,31.7,2.1,5.1,9.2,9.1,37.0,33.3,57.0,26.0,5.1,5.1,3.1,2.0,37.8,41.0,3.1,5.1,23.0,21.2,26.5,26.5,4.1,10.0,8.2,11.2,8.1,8.2,6.2,6.3,20.4,23.2
1772715874.3573647,13.1,10.0,24.0,14.1,47.0,29.0,3.1,4.0,5.1,4.0,4.0,4.1,32.0,33.0,28.3,23.7,3.1,3.1,32.7,33.0,39.2,35.6,56.4,25.0,6.1,2.0,4.1,5.1,32.0,27.0,32.0,14.1,3.0,5.0,2.0,2.0,34.0,42.0,2.0,5.1,21.0,21.0,23.5,23.8,1.0,7.1,8.1,11.0,6.1,6.1,39.6,40.4,19.4,23.2
1772715875.3603876,12.2,5.1,19.4,21.2,37.8,41.6,3.0,2.0,4.1,3.0,4.0,4.0,33.7,32.7,7.1,22.8,10.9,5.0,32.4,31.0,35.6,39.2,42.0,24.8,2.0,4.0,6.1,4.0,25.3,37.0,32.0,10.1,4.0,2.0,5.0,3.0,30.7,35.6,2.0,3.0,32.4,26.7,29.0,23.2,4.0,2.1,10.1,7.9,7.1,7.1,4.1,7.9,17.8,14.9
1772715876.3619394,9.3,5.1,31.0,27.3,32.0,48.5,3.0,1.0,3.0,1.0,4.0,3.0,39.0,44.0,10.0,13.0,4.0,1.0,18.0,17.8,40.8,42.7,17.8,22.8,2.0,3.0,2.0,5.9,33.7,41.6,51.5,10.9,3.0,2.0,3.0,4.0,19.0,19.0,4.0,4.0,31.4,31.7,35.6,39.0,2.9,4.0,4.0,4.0,6.0,3.0,5.9,2.0,8.1,10.1
1772715877.364786,13.5,17.0,27.7,29.6,33.3,44.0,2.0,4.0,13.1,12.2,4.1,4.1,36.0,40.0,11.2,6.2,9.2,17.0,36.7,31.6,39.6,42.6,17.2,10.2,4.0,5.1,5.1,7.1,38.0,36.6,41.0,35.0,4.1,2.0,5.2,5.1,37.0,37.4,6.2,3.1,32.0,31.3,32.3,29.0,2.1,3.0,10.2,13.1,6.2,7.1,8.2,12.0,20.2,24.5
1772715878.3665378,9.2,7.1,22.2,24.2,41.6,35.4,4.0,2.0,7.1,9.1,4.0,3.0,35.4,29.0,25.3,34.0,13.1,4.1,24.8,24.0,38.2,40.4,26.7,12.9,1.0,2.0,5.1,8.1,30.0,40.6,33.7,46.1,1.0,8.1,2.0,4.0,30.3,27.0,2.0,2.0,31.0,31.7,32.0,22.0,4.0,3.0,6.1,6.1,7.0,6.0,35.9,35.6,16.8,18.0
1772715879.3666184,13.7,9.0,29.6,29.3,36.7,42.6,3.1,3.1,4.1,9.1,2.1,3.1,43.6,39.0,34.3,32.0,3.0,2.1,21.4,24.2,40.8,42.6,33.0,19.0,3.0,3.0,5.1,5.1,37.6,36.0,15.2,44.0,2.1,6.1,3.0,8.1,28.6,29.3,4.1,1.0,34.0,30.0,34.7,35.0,2.0,3.1,6.1,11.1,6.1,7.1,3.1,6.2,18.2,17.3
1772715880.3672757,11.6,9.1,24.0,21.0,44.0,32.0,1.0,4.0,5.1,3.0,3.0,3.0,28.0,30.0,23.0,17.0,4.0,5.0,13.0,15.0,39.6,36.6,42.2,28.0,3.0,2.0,3.0,4.0,35.6,26.7,10.1,51.0,2.0,5.1,2.0,2.0,22.0,20.0,4.0,5.1,31.4,30.7,26.7,24.2,1.0,3.0,5.1,4.0,3.0,3.1,2.0,4.0,7.1,13.1
1772715881.3681877,9.4,7.1,29.3,33.3,30.6,50.0,4.0,3.0,2.0,4.0,4.1,3.0,42.0,42.0,9.2,10.1,13.1,8.0,17.2,15.2,40.8,42.2,40.6,36.3,2.0,4.0,5.1,3.1,32.3,41.4,19.8,40.4,5.0,5.1,3.0,2.0,16.2,16.2,2.0,4.0,31.7,30.7,38.4,32.3,4.0,3.1,7.0,9.1,7.0,3.0,2.0,5.2,12.0,11.2
1772715882.3697011,14.0,7.9,31.3,30.3,32.7,48.0,1.0,3.0,3.0,3.0,2.0,3.0,37.3,38.6,4.0,3.0,3.0,3.0,20.8,17.0,40.8,43.7,42.6,18.8,4.0,4.0,3.0,3.9,35.6,40.6,20.8,31.7,1.0,5.1,2.0,1.0,20.0,18.8,2.0,7.9,30.0,31.4,35.6,36.4,2.0,5.0,7.0,5.9,2.0,3.0,3.0,3.0,15.8,11.2
1772715883.3705404,10.5,9.1,32.7,29.7,37.8,41.0,4.1,2.0,3.1,2.0,3.0,3.0,42.0,36.0,1.0,1.0,8.2,2.0,22.2,26.3,39.8,42.6,44.6,17.2,3.0,2.0,4.0,2.0,36.6,31.3,27.3,33.0,4.0,7.1,2.0,2.0,26.7,28.0,4.0,2.0,30.7,31.0,30.3,32.0,2.0,3.1,6.1,7.1,5.1,4.1,15.2,19.8,13.1,13.3
1772715884.3709342,14.1,8.2,32.3,29.3,33.0,48.0,4.0,3.1,4.0,3.1,6.1,3.1,42.0,39.6,22.0,22.4,6.0,4.1,24.0,23.0,38.8,45.1,29.3,15.2,4.0,5.1,7.1,7.1,31.3,46.5,34.7,28.0,7.1,5.1,5.0,2.0,34.7,28.0,1.0,5.1,22.2,21.0,28.3,41.4,4.0,4.0,13.1,8.0,7.1,7.1,24.0,24.2,17.2,18.4
1772715885.3710287,9.2,7.1,24.7,27.6,35.0,42.0,2.0,4.0,5.0,3.0,2.0,5.0,36.4,36.6,29.6,29.7,14.1,10.1,19.0,12.1,39.6,41.2,44.1,14.0,1.0,3.0,5.0,1.0,30.0,36.3,25.3,25.0,2.0,6.1,2.0,2.0,24.8,26.0,3.0,3.1,21.6,22.0,31.7,33.7,3.0,4.0,4.1,6.1,4.0,4.1,3.0,4.1,15.0,12.0
1772715886.3712254,12.4,4.0,32.0,29.0,41.4,37.0,3.0,3.0,3.0,2.0,3.0,4.0,38.6,38.0,28.3,20.2,2.0,2.0,20.2,12.2,42.7,39.8,32.7,22.0,3.0,4.0,1.0,5.0,32.0,38.0,21.0,25.0,2.0,4.0,1.0,5.0,26.3,16.3,3.0,3.0,21.0,22.8,35.0,33.7,5.0,3.1,7.0,6.1,4.0,5.1,2.0,4.0,11.2,13.0
1772715887.3725033,11.1,3.0,31.0,29.3,43.4,35.6,2.0,2.0,10.1,4.0,2.0,2.0,38.0,36.4,12.1,12.2,1.0,3.0,17.0,11.0,41.6,40.2,26.0,23.8,0.0,4.0,2.0,2.0,42.2,32.3,21.8,40.2,1.0,2.0,3.0,1.0,20.8,20.8,3.1,0.0,21.6,20.8,30.3,32.7,3.0,3.1,5.1,5.0,2.0,3.1,3.0,3.1,8.9,7.2
1772715888.3726947,10.2,9.0,26.3,25.0,36.6,43.6,4.0,3.0,2.0,3.1,4.0,4.0,38.6,35.6,8.2,8.9,2.0,9.1,19.2,19.0,41.2,41.2,42.6,11.0,3.0,3.1,7.0,6.1,38.4,34.0,20.2,38.4,3.0,3.0,3.1,3.0,31.0,34.0,2.0,2.0,21.0,21.0,31.3,30.0,8.0,6.0,7.9,7.0,3.0,5.1,7.2,8.2,17.3,15.0
1772715889.3727915,13.9,7.1,30.3,33.3,51.0,29.0,3.0,3.0,10.3,11.2,3.0,5.0,41.0,38.4,2.0,5.1,3.0,3.0,25.0,26.0,43.6,39.8,44.0,17.0,3.0,4.0,3.1,1.0,30.0,45.5,19.8,22.8,2.0,2.0,2.0,2.0,31.0,26.7,3.0,3.0,22.8,21.8,35.6,39.0,6.1,2.0,8.1,6.1,6.0,6.1,21.0,23.0,16.2,13.1
1772715890.3761134,10.3,5.1,26.3,32.3,44.0,33.0,8.1,1.0,4.0,3.0,4.0,3.0,34.0,34.7,5.0,2.0,3.1,2.0,18.8,16.7,38.2,40.6,11.9,35.0,5.0,2.0,6.9,4.0,32.7,39.0,8.0,26.3,4.0,2.9,3.0,2.0,27.3,23.0,6.0,2.0,22.8,21.6,35.4,33.3,2.0,3.0,5.1,7.1,4.1,5.0,5.0,3.1,13.0,10.1
1772715891.377237,7.4,4.0,23.5,20.2,46.0,32.4,3.0,3.0,4.1,8.0,2.0,3.0,32.4,32.0,3.0,7.9,9.9,17.0,15.8,10.0,40.2,36.9,1.0,19.8,2.0,2.0,2.0,3.0,32.0,24.0,11.9,29.7,2.0,1.0,2.0,2.0,14.9,24.8,1.0,2.1,21.6,21.6,27.0,25.7,5.9,5.0,4.0,7.9,3.0,4.0,10.1,10.9,9.1,13.0
1772715892.377916,12.2,7.1,28.9,28.3,42.0,37.0,7.2,1.0,3.1,4.0,4.1,3.0,42.0,38.6,29.0,32.7,4.1,3.1,20.4,28.3,43.7,39.0,16.0,21.2,1.0,4.1,4.0,5.1,34.0,41.2,9.2,35.6,5.1,2.0,3.1,3.0,28.0,36.6,3.0,3.0,21.0,22.0,36.0,28.3,6.1,2.0,9.3,8.0,7.0,5.2,6.0,4.1,21.2,18.0
1772715893.378004,11.3,5.9,20.2,22.4,44.4,27.3,3.0,0.0,4.0,2.0,3.0,2.0,33.0,27.3,33.7,39.4,9.1,2.0,8.0,5.0,34.3,39.8,20.8,21.0,2.0,3.0,3.0,3.0,28.7,27.7,11.0,50.0,0.0,2.0,1.0,1.0,14.3,20.2,2.0,4.0,25.0,21.0,25.0,23.8,0.0,1.0,6.1,2.0,2.0,4.0,10.1,11.1,8.9,6.1
1772715894.3793244,11.2,8.1,33.0,29.3,48.0,29.7,4.0,4.0,4.1,4.0,3.1,3.1,38.4,37.6,21.0,19.2,2.0,3.1,28.0,27.6,41.7,44.1,36.6,19.0,2.0,3.1,1.0,3.1,42.0,33.3,29.0,51.0,2.0,5.1,5.0,2.0,34.0,27.7,2.0,3.1,20.8,21.8,34.3,30.0,5.0,3.0,9.0,7.1,5.1,7.1,21.2,19.2,19.4,21.0
1772715895.385454,11.3,9.9,34.3,33.0,49.0,33.0,2.1,3.0,3.0,2.0,6.9,1.0,40.6,37.0,5.0,3.0,15.2,10.0,11.9,9.9,40.8,42.3,42.7,13.0,5.1,4.0,5.1,4.9,43.6,32.7,22.8,57.8,4.9,3.0,2.0,2.0,21.6,21.8,4.0,3.0,22.1,21.8,42.2,38.0,1.0,3.0,6.1,7.9,3.0,5.0,8.1,9.8,5.0,10.2
1772715896.385541,7.4,5.1,35.7,25.5,46.5,33.0,3.1,2.0,3.0,4.0,2.0,4.0,42.0,37.6,3.1,2.0,4.0,4.0,11.1,11.1,41.6,41.6,47.5,31.3,3.0,2.0,5.0,0.0,36.4,42.6,23.0,24.2,2.0,3.0,3.0,3.1,14.1,16.0,2.1,2.0,20.2,21.8,38.4,32.3,4.0,2.0,5.0,2.0,3.0,3.0,9.9,8.2,7.1,10.1
1772715897.3867185,13.1,8.1,23.8,26.7,44.4,32.7,6.1,3.0,4.1,3.0,4.0,2.0,40.2,29.4,4.0,2.0,4.1,2.0,24.0,26.3,41.7,42.7,51.5,29.7,16.2,2.0,6.1,3.0,32.7,35.0,25.3,36.3,6.1,1.0,2.0,2.0,34.3,27.3,2.0,3.0,23.5,18.8,28.0,27.3,1.0,3.0,6.1,8.0,4.0,7.9,1.0,4.0,18.2,13.1
1772715898.38823,12.5,9.9,37.8,34.3,37.4,45.5,7.1,4.0,7.1,4.0,3.1,4.0,38.4,41.0,9.1,7.1,3.1,8.1,23.0,24.8,43.1,39.2,45.5,35.6,15.0,2.0,6.9,6.0,34.7,42.6,32.0,18.0,6.1,3.0,4.0,3.0,28.4,24.0,5.1,0.0,20.2,21.2,36.4,35.0,3.0,3.0,9.1,7.1,7.0,6.1,8.0,6.1,15.2,18.0
1772715899.3883736,8.3,5.1,24.5,28.6,49.5,27.3,4.0,2.0,7.1,2.1,2.0,3.1,35.0,37.6,20.4,20.0,2.1,2.0,7.1,11.1,41.2,40.8,28.7,28.7,1.0,2.0,1.0,2.0,37.0,35.6,18.8,24.0,6.0,2.0,1.0,1.0,15.0,14.0,2.0,4.0,21.0,20.8,33.0,32.3,1.0,2.0,3.0,6.0,3.0,4.0,7.1,8.1,8.2,13.9
1772715900.3891213,14.9,8.1,26.0,31.0,40.4,37.0,4.0,5.0,8.1,12.2,4.0,4.1,35.3,37.4,38.4,33.0,11.0,15.2,25.0,21.4,44.1,40.2,11.1,23.0,3.0,4.0,4.0,5.0,42.0,30.0,16.2,23.0,3.0,4.0,4.0,4.1,25.3,22.0,3.0,3.0,22.0,22.8,32.4,33.0,5.0,4.0,8.1,8.1,4.1,6.0,18.8,20.4,17.8,15.3
1772715901.3896103,10.1,5.1,33.0,33.3,31.7,49.5,3.1,2.0,15.0,4.0,3.0,3.1,39.0,39.0,19.4,23.5,2.0,1.0,5.1,6.9,41.7,41.0,21.0,19.2,2.0,2.0,2.0,2.0,36.0,39.0,21.0,21.8,3.0,1.0,2.0,4.0,17.0,18.0,3.0,1.0,20.8,21.8,36.7,32.4,1.0,2.0,6.0,6.1,5.0,2.0,13.0,12.9,11.0,4.0
1772715902.3897007,12.4,8.0,27.8,28.3,39.0,38.0,5.0,3.0,4.1,5.1,4.0,4.0,38.6,37.0,11.1,14.1,10.1,7.0,21.0,21.2,43.1,39.2,18.0,22.2,4.0,3.0,5.0,6.9,39.8,34.0,37.0,21.4,3.0,3.0,3.1,1.0,21.0,22.0,1.0,3.0,21.8,22.0,34.7,36.4,3.0,1.0,6.1,8.0,5.1,5.1,2.0,6.1,19.2,13.1
1772715903.390583,11.3,9.0,30.3,27.7,31.6,48.5,2.0,3.0,5.0,3.1,5.0,2.1,38.0,36.9,3.0,2.0,6.1,3.0,22.0,26.0,40.2,44.1,32.3,35.3,2.0,4.0,5.1,4.0,34.3,39.6,47.5,25.0,2.0,4.0,3.0,3.0,28.0,29.3,3.0,3.1,21.0,23.5,34.3,32.0,1.0,4.0,9.1,7.1,5.0,6.1,10.0,11.1,19.4,12.1
1772715904.39067,10.2,6.1,30.3,31.3,31.0,50.0,3.0,3.0,4.0,3.0,3.0,4.0,41.0,33.0,4.0,3.0,3.0,3.0,14.0,22.0,40.6,41.7,2.0,40.0,3.0,3.0,5.0,5.1,33.0,38.6,42.6,38.2,3.0,2.0,1.0,3.0,20.2,17.8,7.2,2.0,21.0,20.8,31.0,35.6,2.0,3.1,6.0,5.0,4.0,4.0,6.0,6.1,12.9,15.0
1772715905.3915403,10.6,8.1,34.0,36.0,39.0,38.0,2.0,3.0,1.0,3.1,2.0,5.1,43.0,35.4,2.0,4.0,4.0,4.0,18.2,10.1,44.1,39.2,2.0,40.6,1.0,3.0,3.1,2.0,38.2,41.4,33.3,48.0,3.0,3.0,2.0,6.1,18.0,17.3,15.3,7.1,21.8,21.0,34.7,41.8,3.0,2.0,7.0,5.1,4.0,3.1,12.1,11.1,9.1,8.0
1772715906.3926535,12.4,8.1,18.6,20.2,29.0,45.5,3.0,2.0,5.0,2.0,2.0,4.0,33.0,25.0,18.2,18.4,10.2,15.2,26.5,24.8,35.9,34.3,1.0,42.0,5.0,3.0,4.0,4.0,29.3,27.7,38.6,21.8,2.0,2.0,4.0,3.0,31.6,31.0,3.0,6.1,25.0,23.0,19.2,26.0,2.0,4.1,6.2,8.0,4.1,4.1,18.0,19.0,13.4,14.3
1772715907.3932354,11.1,6.1,21.0,28.3,34.3,43.0,2.0,3.1,3.0,3.0,3.0,3.1,39.0,33.3,40.0,42.6,7.1,3.0,13.9,17.2,43.6,38.2,1.0,41.2,6.1,1.0,4.0,4.0,33.0,35.0,40.6,21.0,2.0,5.1,3.1,2.0,16.8,21.0,2.0,2.0,30.7,31.7,30.0,30.0,3.0,6.0,4.1,5.0,5.0,5.1,5.0,8.0,10.9,17.0
1772715908.3936374,14.0,8.0,30.6,35.7,39.6,43.6,4.0,4.1,7.1,3.1,2.1,5.1,38.0,41.4,27.6,27.6,3.0,3.1,25.5,26.0,41.2,43.1,27.0,36.0,2.0,4.0,5.1,6.1,43.0,35.0,37.0,28.3,5.1,2.0,4.0,4.0,25.3,32.7,5.1,4.0,36.0,32.0,40.0,36.6,2.0,4.1,8.0,7.0,6.1,5.1,8.1,12.2,20.4,19.0
1772715909.3951352,11.1,6.1,28.0,27.3,32.0,48.0,3.0,4.0,8.0,7.0,4.0,4.0,37.6,36.6,9.1,9.2,16.0,10.1,20.8,14.1,39.8,40.2,56.3,25.0,3.0,3.0,5.1,3.0,37.6,32.7,38.6,27.5,4.0,4.0,1.0,1.0,17.0,22.2,6.1,2.0,41.2,43.1,29.0,31.3,0.0,4.0,5.1,8.2,4.0,7.0,23.8,28.7,15.2,12.4
1772715910.3952153,9.5,6.1,27.0,24.0,36.4,41.0,3.1,2.0,8.2,6.1,2.0,3.1,34.7,38.6,2.0,1.0,4.0,8.0,22.0,22.2,40.2,38.8,52.5,28.0,4.0,3.0,7.0,4.0,31.7,35.4,31.0,46.0,4.0,1.0,1.0,3.0,25.7,29.3,16.2,7.1,31.0,30.0,33.0,26.0,1.0,4.0,4.0,7.0,5.1,5.1,1.0,2.0,13.1,11.1
1772715911.3967352,13.1,11.1,21.6,20.2,31.2,45.5,5.0,3.1,10.3,13.3,5.2,5.1,40.4,28.7,24.0,21.4,4.0,3.1,39.8,29.3,38.6,40.2,46.1,35.0,3.1,6.0,6.1,5.2,31.3,31.7,34.0,30.0,4.0,3.1,6.1,4.1,41.8,37.6,21.2,21.2,30.7,32.4,23.2,27.0,3.1,5.1,12.1,13.1,7.1,7.1,13.9,16.2,22.2,22.2
1772715912.396935,12.2,10.0,21.2,18.2,39.8,32.3,2.1,2.0,3.1,4.0,5.1,4.1,37.0,33.0,38.4,42.4,22.0,11.2,35.6,26.3,43.1,39.2,39.4,25.0,4.0,5.1,6.1,7.1,36.0,29.0,36.4,39.6,5.0,6.0,3.0,5.0,35.0,36.4,13.4,12.2,31.7,31.0,26.0,23.8,2.0,4.0,9.3,8.2,12.2,6.1,29.0,28.3,19.8,24.2
1772715913.3970263,12.1,8.0,27.0,25.5,42.0,43.0,4.0,4.0,4.0,3.0,4.0,4.0,33.0,37.4,22.7,25.3,4.0,4.0,30.0,25.0,39.6,43.1,20.8,27.0,1.0,4.0,3.0,4.1,31.0,36.6,22.5,42.6,3.1,2.0,2.0,3.0,28.0,32.0,3.0,1.0,21.0,21.8,34.0,28.6,4.0,4.0,9.0,8.1,6.1,5.1,16.0,19.0,16.0,14.1
1772715914.405307,14.1,9.0,26.3,25.0,38.4,42.0,3.0,3.0,2.0,4.0,3.0,3.1,34.7,37.0,9.0,11.9,2.0,5.0,28.7,31.7,40.4,39.2,32.0,25.7,2.0,5.0,6.1,6.9,36.6,32.7,19.2,41.6,4.0,4.0,4.0,4.0,36.6,37.0,5.0,3.0,21.8,21.6,30.3,29.0,3.0,1.0,8.0,9.0,6.0,7.0,6.1,6.1,14.3,25.0
1772715915.4053915,11.5,8.1,27.0,32.7,47.0,33.3,6.1,2.0,11.0,5.1,2.0,5.1,40.0,39.0,3.0,2.0,15.2,15.2,30.0,36.6,42.2,41.7,19.2,53.4,4.0,3.1,6.0,5.1,39.4,35.0,23.0,42.6,2.0,3.0,2.0,5.0,38.6,37.6,7.1,3.0,21.0,22.0,36.0,30.7,2.0,4.0,6.1,6.2,6.1,6.1,12.1,14.0,20.0,18.0
1772715916.4094994,13.3,8.1,24.2,24.8,40.4,34.7,4.0,3.0,9.2,18.2,5.0,4.0,39.2,35.3,15.2,14.0,3.0,4.0,29.7,16.2,38.6,43.1,29.7,51.5,4.0,4.0,5.1,1.0,34.7,34.0,13.0,49.0,3.1,3.0,2.0,2.0,38.0,30.0,8.1,3.0,26.5,22.5,34.3,26.3,4.0,2.0,9.0,10.9,6.1,6.1,17.8,16.2,15.0,17.0
1772715917.4095805,15.5,8.1,21.0,21.4,45.5,31.3,4.0,3.1,6.1,5.1,6.1,5.0,35.0,32.7,38.0,43.4,14.3,15.5,36.0,33.7,36.3,39.6,25.7,55.4,5.1,4.0,8.9,7.1,34.0,32.3,25.7,40.4,4.0,4.1,2.0,3.1,34.7,43.0,4.0,4.1,33.7,31.0,26.0,25.7,3.0,4.1,13.1,9.2,6.1,9.1,17.3,22.2,23.5,20.4
1772715918.4122658,13.0,10.9,18.2,17.2,44.4,31.7,5.1,4.0,5.1,2.1,6.0,4.1,31.0,35.4,33.7,35.4,6.1,4.0,27.8,41.0,42.2,38.2,21.0,46.1,5.9,5.1,6.1,10.0,26.0,33.7,24.5,55.9,6.1,4.1,5.1,5.2,38.4,41.0,2.0,5.9,32.0,32.4,25.0,26.3,3.1,5.0,9.2,8.8,5.1,7.1,17.0,16.2,26.0,18.2
1772715919.414168,11.6,9.2,19.2,24.0,42.4,28.0,5.0,3.0,9.1,10.2,4.0,5.1,32.3,32.0,11.0,8.2,9.1,16.3,38.2,32.0,39.2,39.2,26.0,15.0,4.0,4.0,7.1,6.1,29.3,34.3,29.7,52.9,5.2,6.0,4.0,3.0,42.2,40.6,2.0,3.0,39.0,40.2,24.2,27.0,3.0,3.0,12.1,7.1,7.1,5.1,20.0,24.8,27.3,19.2
1772715920.4146369,14.7,9.1,22.0,17.2,36.7,46.0,4.0,2.0,18.2,14.1,5.1,5.0,36.6,37.6,21.0,13.0,7.1,7.1,29.3,40.0,37.3,43.1,23.0,49.5,4.0,5.1,6.1,7.0,27.2,33.3,38.4,36.0,6.1,4.0,2.0,4.1,46.0,33.0,4.0,3.1,40.6,41.6,24.0,20.0,3.0,5.1,10.0,10.0,7.9,10.0,16.2,15.3,20.0,23.2
1772715921.4192905,14.1,13.1,18.4,19.4,36.4,33.0,4.1,1.0,4.1,4.1,5.1,5.0,32.3,34.3,42.4,37.8,18.2,12.1,34.0,34.7,37.3,41.7,30.0,51.0,5.1,3.0,8.0,6.1,29.0,30.3,48.0,27.0,8.1,5.1,4.0,4.0,41.0,38.0,4.0,3.0,41.2,40.6,24.2,22.0,4.0,2.1,7.1,9.2,6.1,7.1,23.2,22.2,19.0,19.2
1772715922.4198534,13.4,14.1,20.4,17.2,39.2,42.0,4.1,5.1,3.1,4.0,2.1,7.1,32.7,33.0,32.7,32.7,7.1,4.0,29.3,43.0,42.6,39.0,50.5,30.7,4.1,4.0,10.1,6.1,30.7,33.0,22.4,20.2,3.1,3.1,2.0,3.1,35.7,46.0,3.1,3.0,41.2,41.6,23.2,25.5,2.0,3.0,9.2,13.9,7.1,9.0,17.0,16.2,27.6,20.2
1772715923.4199471,10.5,7.1,20.4,22.4,47.0,28.0,3.1,3.0,6.0,4.1,5.1,6.1,37.6,31.7,10.1,6.2,2.0,12.4,32.7,31.7,38.6,38.2,27.0,36.3,2.0,4.1,3.1,8.1,36.0,29.0,31.0,25.3,6.1,4.0,2.0,3.1,43.1,35.0,3.1,2.0,41.0,42.2,28.0,23.0,5.1,5.1,9.0,8.2,6.1,6.1,16.2,15.3,22.0,23.2
1772715924.4239473,13.3,9.3,18.2,23.0,42.9,31.0,4.0,3.1,18.2,5.2,3.0,6.1,25.0,35.0,8.1,7.1,13.0,12.1,41.2,36.4,40.4,40.2,21.0,21.0,5.9,5.0,6.1,7.0,29.0,29.6,42.2,20.2,1.0,6.9,2.0,5.0,36.0,46.0,1.0,3.0,34.3,34.7,25.3,25.7,2.0,4.0,8.1,8.1,7.1,7.1,23.0,23.8,22.0,23.2
1772715925.424746,17.8,10.1,19.4,20.2,40.4,35.0,4.1,6.1,14.4,9.2,6.0,5.0,36.0,33.0,36.0,39.4,8.2,6.1,37.4,33.0,35.0,38.8,33.0,15.8,5.1,4.0,5.1,7.1,31.3,33.7,36.4,29.7,6.0,4.0,3.0,3.1,41.6,40.0,5.1,2.0,31.4,32.4,25.5,26.3,3.0,4.0,8.1,9.1,7.1,8.1,16.2,19.2,20.2,23.0
1772715926.4254408,11.1,9.9,15.0,15.3,36.7,38.0,7.1,4.0,4.1,4.0,3.1,5.1,29.7,27.3,37.8,37.0,17.0,13.1,36.0,31.3,42.2,36.6,22.0,30.0,8.1,5.1,10.1,6.1,23.8,30.0,52.9,28.0,4.0,5.1,4.0,4.0,45.0,38.6,4.0,4.0,25.3,25.5,18.2,18.2,5.0,3.1,8.1,10.1,6.1,6.1,20.0,20.4,18.8,18.4
1772715927.4287863,12.4,7.1,16.2,20.2,49.5,22.8,5.0,3.0,3.0,5.1,5.0,3.1,26.3,30.7,16.3,17.2,4.0,3.1,33.0,34.0,36.3,39.8,43.6,17.2,8.1,5.1,5.1,11.0,28.3,32.0,55.4,26.7,6.1,5.9,2.0,3.0,37.0,44.1,3.0,4.0,21.8,21.8,26.0,24.8,3.0,3.0,8.9,10.9,6.0,6.1,17.0,19.8,16.2,21.8
1772715928.430212,12.9,9.0,18.0,22.0,28.6,49.5,3.1,4.0,10.1,13.1,4.1,5.1,35.6,37.0,15.2,9.0,15.2,17.2,36.4,35.0,38.8,41.7,42.6,16.8,4.0,7.0,7.1,8.2,33.7,32.7,46.5,34.7,4.0,4.1,4.0,4.0,39.6,42.6,3.1,4.0,24.8,22.8,26.0,20.2,4.0,3.0,10.2,7.1,10.1,31.0,16.0,14.1,22.5,23.2
1772715929.4347246,15.2,6.1,17.2,17.3,28.6,42.0,3.1,6.1,15.2,13.3,5.1,4.1,34.7,24.2,38.4,41.8,11.1,16.3,37.0,33.3,41.2,35.0,51.0,2.0,3.1,4.0,5.1,8.1,29.0,28.0,47.5,27.6,5.2,2.0,4.1,4.2,38.0,41.0,15.3,5.2,32.0,32.0,24.0,26.0,2.0,5.1,9.0,12.0,13.3,25.8,28.0,26.5,19.4,23.2
1772715930.436054,13.3,10.1,21.4,23.5,44.3,37.4,4.0,2.0,5.2,2.0,5.2,6.1,38.0,32.7,36.4,35.4,4.1,11.1,37.0,35.6,41.2,40.2,12.0,13.1,6.0,4.1,9.2,6.1,37.0,29.3,44.0,18.0,3.0,5.1,3.0,4.0,44.4,35.4,13.1,8.2,37.0,43.6,28.0,27.3,5.1,3.1,12.0,8.2,10.0,20.0,15.2,16.0,22.2,25.3
1772715931.4379168,14.1,11.0,22.0,20.4,28.3,49.5,5.0,3.1,6.1,3.0,5.0,5.1,33.3,34.7,14.1,15.2,15.2,15.8,32.7,39.0,37.5,38.2,22.0,61.8,3.0,6.0,10.1,6.9,29.0,38.6,34.3,46.5,3.0,6.1,4.0,1.0,39.8,44.1,4.0,5.1,41.7,41.7,26.7,25.0,3.0,4.0,11.0,8.0,7.0,7.0,29.4,27.7,24.0,25.0
1772715932.4379866,14.1,11.1,22.7,19.6,33.7,44.9,4.1,4.0,13.4,23.2,4.2,6.1,35.7,39.8,6.2,23.5,4.1,7.1,35.7,35.4,41.0,43.6,31.0,51.5,6.1,7.1,6.1,8.2,32.3,30.6,35.4,38.0,3.1,6.1,4.1,6.0,41.8,36.7,15.3,6.1,37.0,36.0,28.6,31.0,4.1,4.0,9.4,11.3,6.1,7.3,10.3,14.4,24.2,23.2
1772715933.4419823,12.9,7.9,17.8,17.0,40.2,27.7,4.0,3.0,5.1,8.1,5.0,4.0,26.7,31.4,35.6,35.6,15.8,14.1,37.3,29.4,34.6,37.5,27.2,54.4,4.0,3.0,6.9,8.9,27.0,30.4,27.7,32.7,3.0,5.0,5.0,3.0,41.7,40.2,11.0,12.0,25.7,26.5,24.8,16.0,4.0,3.0,8.9,10.9,6.0,6.0,19.8,19.6,18.0,20.8
1772715934.443611,11.6,10.3,21.4,19.8,44.3,38.0,4.1,2.1,5.1,2.1,2.1,6.1,40.0,37.4,32.0,34.0,5.2,5.2,41.2,35.7,42.6,41.0,18.4,55.0,5.1,4.1,7.1,7.1,25.5,36.7,41.2,41.8,3.1,5.1,4.1,4.0,36.1,44.0,20.4,22.2,21.8,21.2,33.3,20.2,3.1,6.1,10.2,6.3,9.2,9.2,27.0,25.3,21.2,26.5
1772715935.443956,13.9,10.0,27.0,20.0,47.5,30.0,4.1,4.0,5.1,3.1,6.1,6.1,33.7,30.7,18.4,15.2,14.3,12.0,39.0,34.0,42.7,38.2,20.0,39.0,2.1,4.1,7.1,7.0,32.7,33.3,35.0,28.7,5.1,3.1,5.1,2.0,45.0,34.3,8.2,7.2,21.2,22.2,31.3,26.5,2.0,3.1,9.2,8.1,6.1,8.0,9.1,11.1,26.3,21.2
1772715936.4486313,14.1,13.3,30.3,30.3,42.7,36.6,6.0,6.1,14.0,11.1,4.1,4.1,35.6,40.6,9.2,18.2,6.1,9.1,41.2,38.6,39.8,42.2,25.0,31.4,6.0,5.0,8.0,7.1,31.7,39.0,40.4,28.2,11.0,5.1,1.0,7.1,43.6,38.6,10.0,4.0,27.7,23.8,34.3,32.3,4.0,5.1,12.2,12.0,9.1,9.2,29.0,29.0,31.3,25.3
1772715937.4500406,12.2,7.1,17.3,20.0,33.3,43.0,3.1,3.0,15.3,16.0,6.0,4.0,30.3,33.0,36.0,39.4,16.2,10.2,34.0,38.4,39.6,37.3,22.0,50.0,6.0,3.0,4.1,7.1,28.3,36.6,39.6,21.2,4.0,4.0,4.0,5.1,40.0,37.4,8.1,4.0,33.7,37.6,26.5,17.2,4.0,7.1,10.0,10.1,7.0,4.1,12.1,9.3,23.8,21.2
1772715938.4503868,15.3,11.0,26.5,23.5,26.8,48.0,3.1,5.1,3.0,3.1,5.1,5.1,45.5,30.3,30.9,29.9,3.1,9.1,38.0,35.4,40.6,45.6,32.7,49.0,5.1,3.1,11.1,8.0,33.3,33.0,36.0,35.0,4.0,5.1,5.1,4.1,40.0,46.5,7.2,3.1,42.2,40.6,30.7,35.4,7.1,8.1,13.1,11.2,9.2,11.0,24.0,25.0,26.8,22.4
1772715939.4513445,16.8,9.0,14.0,20.2,34.0,39.6,3.1,3.0,6.1,10.1,6.1,3.0,34.0,32.0,20.2,22.0,13.0,19.0,37.0,29.3,35.9,37.6,37.6,44.1,3.0,5.1,6.1,6.2,25.5,32.3,51.5,30.7,3.1,6.1,3.0,2.0,36.6,41.0,6.1,3.0,41.0,41.2,19.0,22.8,2.0,5.0,10.1,8.0,6.1,8.0,19.4,20.0,19.2,20.2
1772715940.4528036,16.5,7.1,23.2,17.3,35.4,42.0,5.2,1.0,6.1,11.2,4.1,4.0,32.0,33.7,13.3,22.0,4.1,3.1,30.0,39.0,40.6,38.8,25.0,41.6,4.0,4.1,6.1,8.9,30.0,32.0,47.5,27.3,4.0,3.1,4.0,5.0,39.4,36.0,3.0,3.0,40.6,41.6,22.2,30.0,5.1,4.0,10.0,9.1,7.1,8.1,19.8,20.0,21.0,19.2
1772715941.4528506,15.5,19.6,21.2,19.4,25.8,51.0,4.0,3.1,12.4,13.3,6.2,2.1,32.3,33.3,32.3,36.4,16.3,16.2,42.3,30.3,38.2,40.2,15.5,41.6,5.1,5.1,8.1,7.1,36.4,28.3,28.0,34.7,5.1,4.1,3.0,3.1,39.0,45.0,4.0,3.0,41.2,41.0,25.3,22.2,2.0,1.0,10.1,9.2,6.1,6.2,24.8,23.7,21.4,21.4
1772715942.4540248,12.5,27.3,20.2,17.3,40.4,31.0,3.1,3.0,2.0,6.1,6.0,6.1,33.7,29.4,28.6,32.7,6.1,3.1,35.0,36.3,40.2,37.3,34.7,34.7,5.0,4.1,8.1,10.1,31.0,33.7,36.0,22.4,5.1,6.1,3.0,3.0,38.0,45.0,3.1,3.0,41.0,40.6,24.0,25.7,3.0,3.0,8.2,11.1,7.0,8.9,13.3,15.8,21.0,20.0
1772715943.4542446,14.1,28.3,18.2,21.4,30.9,43.6,3.0,3.0,13.3,4.1,3.1,4.0,32.0,31.6,15.3,23.2,13.1,14.0,33.0,30.3,36.6,36.3,46.5,30.0,4.1,4.0,5.1,6.1,26.0,27.0,33.3,17.3,4.0,4.0,2.1,2.0,38.0,43.6,3.0,1.0,41.7,42.2,23.0,19.2,2.0,4.0,8.0,7.1,7.1,6.1,24.2,25.5,15.5,21.4
1772715944.455,11.2,9.0,16.3,20.0,33.0,45.0,6.0,2.0,17.0,36.0,5.1,3.1,38.0,33.0,10.3,15.3,2.0,7.1,34.0,36.4,39.6,43.1,51.0,32.0,3.0,5.0,9.9,7.1,27.0,34.0,29.3,13.9,4.0,5.9,3.0,3.1,36.0,43.6,3.0,4.0,40.6,40.6,19.2,26.0,2.0,4.0,9.0,12.1,9.2,5.1,11.1,12.1,23.8,16.3
1772715945.4550674,13.1,12.1,28.0,22.4,50.5,30.0,2.0,5.1,16.5,13.1,6.1,4.1,37.4,36.0,31.0,29.3,15.3,8.2,31.0,38.4,41.7,37.3,48.0,32.7,2.0,4.1,5.1,6.1,30.0,32.3,27.0,29.0,5.1,4.1,0.0,3.1,37.0,37.4,3.1,2.1,41.6,40.6,27.6,27.3,5.2,3.0,10.2,17.2,7.1,9.1,35.4,31.3,25.0,24.2
1772715946.455151,12.0,9.1,16.5,19.4,48.0,27.0,3.1,3.1,3.1,3.0,4.1,3.1,33.7,27.3,28.3,35.4,9.2,4.0,35.4,37.8,35.6,41.2,39.2,31.0,4.0,5.1,6.1,8.1,26.3,34.0,27.3,34.7,2.0,3.0,2.0,4.0,38.6,41.0,3.1,4.0,33.7,35.3,22.2,23.5,2.0,2.0,9.1,8.0,6.1,7.1,9.0,9.1,20.4,19.4
1772715947.4552372,12.4,11.0,17.5,20.0,37.8,39.4,4.1,3.1,4.1,9.2,7.0,4.0,32.0,32.3,20.6,25.5,10.2,13.1,33.3,38.6,37.6,42.6,38.0,16.0,6.0,3.1,7.2,7.1,28.3,33.0,38.2,37.8,6.0,5.0,3.1,3.1,45.0,31.0,5.1,3.1,29.4,30.7,24.0,23.0,2.0,6.1,10.1,10.2,9.1,6.1,26.0,23.2,22.0,25.7
1772715948.4572394,14.0,9.1,25.0,16.2,49.5,27.0,5.1,3.1,8.2,16.0,4.1,5.1,34.0,34.0,9.2,22.2,11.0,7.1,32.7,40.0,42.2,36.9,38.6,21.2,4.1,5.0,6.0,8.2,29.4,36.0,37.0,24.8,5.1,4.1,3.0,2.1,47.5,37.6,3.1,2.1,21.8,22.0,26.5,26.0,3.1,3.0,8.1,11.0,9.1,6.1,15.2,16.0,23.5,22.4
1772715949.4585247,12.2,9.1,22.2,21.2,43.4,34.7,3.1,4.0,7.1,11.3,5.1,3.1,31.3,33.0,33.0,33.3,16.3,9.2,34.0,38.0,38.6,43.1,45.0,37.3,5.0,2.0,6.1,6.1,24.2,37.6,22.2,41.6,2.0,4.0,2.0,8.1,38.0,41.0,5.1,9.1,22.0,22.0,26.0,29.7,3.0,4.0,9.0,9.1,7.1,5.1,14.3,16.3,21.4,20.2
1772715950.460991,11.3,10.0,20.2,21.2,45.0,30.0,4.0,3.0,4.0,2.0,4.1,5.1,36.6,29.7,27.6,34.0,10.0,3.0,33.7,37.6,37.3,40.2,48.5,33.7,5.0,6.0,6.0,10.0,30.0,33.3,27.0,41.2,5.1,3.0,3.0,11.0,35.6,42.2,10.0,17.2,26.5,22.0,19.0,31.0,3.0,2.0,10.0,10.0,7.1,8.9,24.8,23.2,23.0,23.2
1772715951.4618056,11.2,8.2,17.2,17.3,39.4,35.0,3.1,2.0,6.1,9.2,4.0,4.1,34.3,26.0,25.5,18.6,23.0,7.2,34.3,35.7,38.2,39.6,61.8,18.2,3.1,4.1,6.1,6.1,27.3,28.7,27.0,54.0,3.0,5.1,8.2,2.0,37.4,41.0,4.2,5.2,30.3,28.7,26.3,17.2,2.0,5.0,10.2,8.2,6.1,6.1,13.1,12.2,19.8,19.4
1772715952.4629414,12.1,11.0,19.2,17.0,42.4,28.3,5.1,3.0,5.2,10.3,5.0,6.1,29.0,27.7,13.1,16.3,3.1,5.0,36.6,33.7,37.3,38.2,42.6,21.6,3.1,3.0,7.0,7.1,32.0,25.3,34.0,44.6,3.1,4.0,5.0,4.0,41.0,39.0,8.1,5.0,25.0,30.7,24.8,20.0,4.0,3.0,10.0,10.0,7.0,6.1,24.2,28.3,15.2,23.8
1772715953.463023,14.7,7.1,23.5,12.2,31.6,47.1,5.1,1.0,14.0,11.2,5.1,5.1,31.0,31.3,29.3,29.6,18.0,11.3,30.3,31.0,41.2,38.8,35.6,25.5,5.0,4.0,3.1,8.2,32.7,29.0,30.0,48.0,6.0,4.1,4.0,6.1,33.0,43.0,15.3,9.1,20.2,21.8,21.4,24.2,2.0,4.1,8.1,9.1,7.1,6.1,10.1,9.1,22.0,20.4
1772715954.4631124,13.3,12.1,19.4,18.8,29.6,48.0,3.1,3.1,4.1,8.2,4.1,4.1,28.3,37.4,28.6,34.0,5.1,5.1,33.3,37.4,40.6,41.6,28.0,33.7,4.0,4.1,9.0,6.9,29.0,32.0,27.8,33.0,4.0,4.1,2.0,3.1,42.0,37.0,18.8,5.1,22.0,22.0,22.0,28.0,3.1,4.0,8.1,8.1,8.1,5.2,28.0,28.3,24.0,22.2
1772715955.4632196,13.1,11.0,13.1,22.4,29.9,48.5,3.1,3.1,5.1,12.1,6.1,7.1,31.7,34.7,25.5,24.5,21.2,9.2,39.0,29.0,38.8,41.2,24.8,52.0,3.1,5.1,12.0,5.1,34.3,28.3,32.0,34.0,4.1,5.1,3.1,2.0,34.0,44.6,11.3,21.2,22.0,22.0,18.2,29.0,6.0,2.0,8.0,11.1,9.0,6.1,5.1,7.1,24.2,23.2
1772715956.463301,10.2,12.1,18.2,22.4,50.0,29.0,5.1,3.1,6.1,11.1,5.1,4.0,35.4,33.7,17.2,14.3,3.1,5.0,34.3,35.0,41.6,37.3,36.0,44.4,5.0,4.1,9.1,5.1,33.0,32.0,26.5,35.0,5.1,4.0,2.0,5.1,44.0,39.4,6.1,6.1,26.0,32.3,23.2,26.3,5.1,3.1,9.3,11.1,8.1,6.1,26.3,29.0,17.3,28.3
1772715957.4650252,14.3,8.0,20.2,22.2,37.8,36.6,5.0,4.0,11.3,12.1,4.0,6.0,32.7,32.3,29.0,31.7,14.1,17.2,36.6,35.0,40.2,43.1,19.8,43.7,3.1,6.0,8.1,8.1,35.6,28.0,29.3,45.5,4.0,6.0,5.1,6.1,36.4,44.6,5.1,2.0,39.2,42.7,23.0,27.6,7.1,4.0,9.0,10.2,8.0,7.1,13.9,15.0,23.8,27.3
1772715958.47045,12.2,9.2,18.2,17.2,33.0,41.4,5.1,2.0,4.1,3.1,4.1,8.2,33.3,32.0,33.3,31.6,4.1,7.1,42.9,30.0,37.6,38.2,32.0,45.5,4.0,3.1,11.1,10.0,25.5,29.3,14.0,50.5,4.0,3.1,3.1,3.1,40.2,40.2,2.0,2.0,40.6,43.0,23.2,26.5,3.1,1.0,6.1,12.9,7.1,7.1,23.2,24.5,19.2,21.2
1772715959.4705322,11.0,11.2,22.0,19.6,50.0,29.0,7.0,3.1,11.1,13.1,6.0,10.2,34.3,31.7,23.7,25.5,15.2,13.1,33.0,39.0,42.7,40.2,23.8,45.1,5.1,6.0,8.0,8.2,32.3,27.0,22.0,59.8,2.0,8.1,2.0,4.1,45.0,33.7,3.0,4.1,40.6,40.6,25.0,25.3,5.1,3.0,9.9,9.2,8.1,9.0,15.2,16.2,28.0,21.4
1772715960.4731603,13.3,11.0,23.2,22.0,35.4,39.0,4.1,4.0,5.1,11.1,6.1,7.1,33.3,36.6,12.1,19.0,3.1,7.1,28.7,41.6,40.2,38.6,17.2,45.5,5.1,2.0,8.0,6.1,37.6,33.0,21.2,41.6,5.0,5.1,3.0,5.1,44.0,34.7,3.0,4.1,40.2,42.2,25.3,31.0,3.0,3.1,8.2,8.0,6.1,7.1,19.0,17.8,22.8,23.2
1772715961.4751897,17.2,6.1,22.0,20.0,36.0,44.6,2.1,11.1,8.2,14.1,5.1,5.9,36.6,36.0,26.7,23.2,10.2,17.2,37.6,37.0,39.8,41.2,29.7,51.5,5.0,4.0,8.2,6.1,32.7,33.7,35.0,37.6,2.0,6.1,1.0,3.0,46.0,36.4,2.0,4.0,41.7,41.7,25.0,24.0,3.0,4.1,12.0,9.1,7.1,6.1,23.0,21.0,25.3,19.4
1772715962.475271,14.3,10.9,22.2,23.7,43.3,30.3,5.9,11.2,3.1,4.0,5.2,2.1,31.0,31.3,33.7,38.4,3.1,10.2,37.4,33.3,39.0,41.2,39.0,40.0,3.1,4.1,8.0,6.1,36.7,28.3,47.0,33.3,4.0,6.2,3.1,6.0,41.6,34.0,4.1,5.1,41.0,41.4,25.3,29.3,4.1,3.0,12.1,8.2,6.2,7.2,18.4,18.4,29.3,21.2
1772715963.4770665,11.5,10.0,19.2,26.0,45.5,36.3,5.1,7.1,14.4,10.3,7.0,5.0,35.6,37.3,27.3,26.5,11.2,17.0,44.0,33.0,42.7,42.2,29.7,26.0,6.0,5.1,9.1,9.0,36.3,35.0,46.0,23.8,7.1,7.9,4.0,7.2,39.4,47.5,4.1,5.0,40.6,40.8,32.0,28.4,4.0,7.0,11.1,12.0,8.1,7.1,19.8,21.8,28.7,25.7
1772715964.4771566,12.0,10.2,23.5,21.6,44.3,30.3,4.1,3.1,9.0,8.2,4.1,4.1,33.7,33.3,15.5,13.3,4.1,9.2,33.7,34.7,38.6,38.6,60.4,21.8,4.0,5.1,6.1,9.0,34.0,33.3,44.0,17.8,3.1,4.1,3.0,3.1,40.0,41.0,2.1,4.2,41.0,42.0,27.0,25.5,3.1,2.1,10.1,8.2,6.1,9.2,20.2,25.0,24.5,23.7
1772715965.477242,13.0,8.2,20.2,23.5,38.4,36.0,3.1,3.1,8.1,8.2,4.0,4.0,30.7,31.3,25.0,24.5,8.2,17.2,40.0,29.0,39.6,42.7,41.6,29.0,4.1,3.1,5.1,8.2,25.0,36.0,46.0,14.1,2.1,5.1,2.1,5.0,36.0,38.0,7.0,4.0,40.2,41.2,18.2,26.0,8.0,4.0,10.2,10.1,8.1,6.1,17.2,15.3,20.0,23.0
1772715966.4781005,11.3,8.9,15.2,16.0,36.4,30.3,2.0,9.0,2.0,4.0,3.1,6.0,35.6,24.8,32.3,31.0,4.0,9.0,33.0,33.0,36.3,37.3,32.3,29.1,4.0,3.0,8.1,6.0,23.8,25.3,41.6,19.0,5.0,4.0,3.0,2.0,46.0,38.6,3.1,3.1,42.2,40.6,17.8,19.2,3.0,3.0,10.9,6.1,6.1,7.0,19.0,18.0,19.4,16.2
1772715967.479145,13.9,8.2,17.3,20.4,32.7,40.0,5.0,4.1,11.3,11.5,4.1,5.1,30.0,30.3,23.5,26.0,15.2,12.1,29.7,39.0,37.6,35.6,45.0,36.6,6.0,2.0,9.1,4.1,31.0,26.3,39.6,24.5,4.0,4.0,5.1,4.1,42.6,38.8,4.0,5.1,40.6,42.2,20.2,24.0,4.0,4.1,10.2,13.0,6.2,7.1,20.2,21.2,26.0,17.2
1772715968.4817038,11.3,9.1,19.0,17.2,33.3,37.0,5.1,3.1,9.2,9.1,6.1,4.0,31.7,34.7,18.4,20.0,3.1,9.2,36.4,33.0,41.6,38.2,41.2,29.7,6.0,5.0,10.0,3.1,29.6,30.0,45.0,34.7,4.1,5.1,4.0,3.0,40.4,38.6,3.1,3.1,35.3,34.3,19.4,21.2,5.0,3.0,9.1,7.1,8.1,6.0,19.2,20.2,22.0,19.4
1772715969.4840093,12.9,10.0,17.3,19.2,38.6,41.6,4.1,3.0,10.9,11.0,6.1,4.0,34.7,31.0,29.0,25.7,10.1,17.0,39.4,35.0,38.8,35.3,34.3,30.7,4.0,6.1,8.2,9.0,27.7,29.7,45.1,37.6,3.0,6.0,4.0,6.9,43.6,37.6,12.1,9.1,25.3,25.0,25.7,23.8,3.1,1.0,7.1,9.0,8.1,9.9,19.8,20.8,21.2,21.0
1772715970.485854,13.1,10.9,22.2,23.8,36.1,40.6,5.0,3.0,9.2,5.1,5.0,6.9,31.0,36.3,29.3,35.4,5.1,10.1,37.3,34.0,41.3,39.8,29.4,50.0,4.0,6.9,8.0,5.1,38.0,32.0,51.5,23.8,3.0,10.2,2.0,4.1,36.6,39.2,12.1,6.2,14.6,14.7,28.0,28.0,4.0,3.0,12.0,11.0,6.1,8.1,16.3,18.2,22.0,26.0
1772715971.4862852,13.4,10.3,22.2,22.4,39.2,39.8,4.1,3.1,11.1,7.2,4.2,4.1,33.3,38.4,23.5,21.6,13.4,7.3,33.0,41.2,37.0,40.6,49.0,32.0,4.1,4.1,8.2,6.1,38.6,29.6,42.9,0.0,4.1,8.3,5.1,9.3,43.4,42.9,5.2,3.1,12.2,11.1,25.5,29.3,2.1,2.1,12.2,10.1,8.0,9.1,22.0,19.6,25.5,24.5
1772715972.4869792,14.1,8.2,26.5,25.3,45.0,32.7,4.1,3.0,6.1,9.2,5.1,5.1,39.6,37.0,14.1,16.2,4.0,10.2,40.0,35.0,43.1,39.2,43.0,23.2,5.1,5.0,9.1,9.0,34.0,37.0,21.0,22.0,3.0,5.1,8.3,5.1,45.0,35.0,7.1,3.1,16.0,15.0,27.6,34.3,6.0,4.1,10.3,10.2,7.1,8.2,8.0,9.1,25.3,25.3
1772715973.4897516,16.0,12.2,28.3,26.3,50.0,28.0,6.1,1.0,11.2,7.0,6.1,5.1,35.6,37.4,33.0,23.2,15.2,12.1,35.4,38.4,42.2,40.8,22.8,42.6,5.1,6.0,11.1,9.2,39.6,34.0,39.4,32.7,6.1,6.1,5.1,5.1,37.4,39.0,8.2,18.4,12.2,12.1,30.0,34.3,5.1,3.0,12.9,11.0,10.1,7.1,29.0,32.0,25.0,28.0
1772715974.4915411,11.2,11.1,23.5,24.7,32.0,46.5,5.9,6.0,6.2,9.4,5.1,4.1,36.0,36.4,35.4,33.7,17.3,11.2,33.7,38.6,42.2,40.6,35.4,37.6,4.0,4.1,9.1,10.2,33.0,33.0,54.9,28.3,5.1,7.1,3.0,5.1,42.6,42.4,7.1,18.0,31.7,24.0,23.8,34.7,4.0,5.0,10.1,12.2,7.1,7.1,9.0,7.1,25.7,25.0
1772715975.4977236,14.9,8.1,19.4,23.0,30.3,41.6,4.0,4.1,12.1,4.1,6.1,4.1,35.0,33.3,22.4,27.6,13.7,3.0,33.3,36.4,37.9,41.2,32.4,26.7,3.0,5.0,4.1,10.0,28.7,30.0,48.5,33.7,3.1,6.1,2.0,8.0,39.6,38.2,7.2,21.2,31.7,31.7,26.3,26.0,3.0,3.0,12.0,9.0,6.1,8.2,27.3,28.0,24.2,19.2
1772715976.4981945,12.5,6.1,18.4,21.4,35.4,46.0,6.0,4.0,12.2,7.1,4.0,6.1,37.4,30.3,15.5,8.2,11.1,12.2,37.0,39.0,36.6,42.2,33.0,50.0,4.0,4.1,8.0,6.1,37.0,28.0,40.6,31.7,4.0,6.1,1.0,11.2,35.6,44.0,9.0,11.0,35.0,41.6,19.2,24.0,3.1,4.1,8.2,10.0,7.1,10.0,17.2,17.0,25.0,19.8
1772715977.5016274,12.1,9.1,17.8,17.2,30.3,37.6,3.0,2.0,4.0,12.9,3.1,3.1,31.0,33.0,20.8,22.0,4.1,9.1,33.0,32.0,36.9,36.3,30.0,39.2,4.0,4.0,7.1,6.1,28.7,23.8,40.6,20.8,3.1,2.0,4.0,4.0,35.7,44.6,4.0,0.0,40.8,41.2,20.0,24.0,2.0,3.0,10.9,9.0,7.1,7.1,9.0,14.1,19.2,17.3
1772715978.5045178,12.2,10.2,26.0,17.3,32.0,46.5,5.1,2.0,3.1,8.1,5.1,5.1,35.6,37.0,32.0,33.0,16.0,9.3,40.0,34.7,39.6,40.2,42.2,23.2,5.1,3.1,9.0,7.1,39.4,30.0,34.3,44.6,5.1,3.1,5.0,3.1,45.0,33.7,5.1,3.0,41.6,41.2,27.0,27.3,2.0,4.0,10.3,7.1,8.2,7.1,30.7,30.4,26.3,22.2
1772715979.5081086,13.3,7.1,17.5,15.2,31.3,38.6,2.1,4.0,6.2,14.3,4.1,4.0,27.3,28.0,35.4,28.9,8.2,12.0,33.0,33.3,35.6,32.7,21.2,42.6,5.0,4.0,8.1,6.9,28.7,24.8,36.0,42.6,6.0,3.0,4.1,1.0,40.6,37.6,2.0,3.1,41.7,42.2,23.2,16.0,4.0,3.0,8.1,6.1,6.1,9.0,9.1,11.1,21.0,20.2
1772715980.5109425,14.1,12.1,20.2,19.2,48.0,28.3,6.1,2.0,14.1,9.3,6.1,5.9,36.6,34.7,15.5,12.4,12.2,11.0,31.3,41.7,43.1,41.2,29.0,50.0,4.1,5.1,7.1,10.2,28.3,34.0,31.7,50.5,3.0,4.1,4.0,2.0,36.0,44.4,3.0,3.0,41.6,41.2,23.0,28.0,3.0,5.0,9.1,12.0,8.2,6.3,30.7,32.0,22.2,23.2
1772715981.512913,12.1,10.0,13.0,16.0,36.3,32.7,4.0,2.0,5.9,2.0,4.0,3.1,31.7,26.0,29.4,16.7,5.9,7.1,25.5,36.0,35.3,32.0,27.5,49.5,5.0,4.0,5.9,4.1,21.6,27.5,31.7,45.1,6.0,2.9,3.0,2.0,40.2,42.7,5.0,1.0,39.8,42.2,18.8,20.8,3.0,4.0,8.1,7.9,6.9,6.0,11.0,9.1,13.0,19.2
1772715982.5142841,15.2,11.3,18.6,22.4,41.2,36.0,3.1,7.1,10.4,8.2,3.2,4.1,34.7,33.3,29.9,30.9,12.5,15.2,30.6,40.4,39.2,43.6,26.3,34.3,4.0,8.1,4.1,10.1,35.4,28.6,24.5,53.0,5.1,5.1,3.1,4.0,45.5,32.3,2.0,5.1,42.0,41.0,23.5,24.5,1.0,2.1,12.1,8.2,7.2,7.2,34.0,32.3,20.2,22.4
1772715983.5151796,13.1,12.1,16.2,17.3,33.3,43.1,3.1,1.0,12.2,11.2,6.1,5.1,33.7,32.0,27.6,33.3,9.1,4.1,36.0,33.0,40.2,38.2,21.0,41.2,4.1,4.1,6.1,9.0,35.7,26.7,27.0,23.5,2.0,4.1,4.0,4.1,35.0,45.5,4.0,3.0,41.6,40.6,22.0,25.0,4.0,4.0,7.1,9.9,9.0,7.0,9.2,10.2,22.2,23.2
1772715984.5159373,13.1,11.0,30.6,19.4,38.4,42.0,5.1,5.1,11.1,4.1,5.1,5.1,37.6,35.4,16.3,15.5,10.1,16.2,37.0,38.8,35.0,44.7,23.2,25.7,6.1,4.0,6.1,9.2,31.7,34.0,38.0,42.0,4.1,9.3,2.1,8.1,39.4,40.0,4.1,4.1,41.6,40.6,37.0,28.0,4.1,4.0,11.0,11.1,9.0,8.2,30.3,31.3,30.3,21.2
1772715985.518346,16.8,10.0,26.7,22.2,29.9,50.5,3.0,5.1,3.1,5.1,4.1,7.0,35.0,36.3,20.2,33.0,9.2,5.0,42.4,33.7,40.2,42.6,22.8,20.0,6.1,3.0,9.0,7.0,42.6,30.0,47.1,29.7,6.0,6.9,5.1,3.0,34.0,47.5,3.1,4.0,40.8,40.6,33.0,30.3,4.0,5.1,12.1,10.2,8.2,7.1,17.8,16.2,31.7,24.2
1772715986.522592,13.0,12.2,19.0,16.2,42.0,31.3,4.0,2.0,6.1,10.0,4.0,5.1,29.3,23.5,27.6,32.7,15.2,9.2,35.6,30.0,36.9,41.2,38.6,28.7,2.0,7.1,6.0,8.0,26.0,29.0,40.6,20.2,3.0,4.1,3.0,3.1,43.6,40.2,4.0,3.1,41.0,42.2,16.0,20.0,2.0,2.0,5.1,8.1,7.1,7.1,22.2,23.0,23.2,16.0
1772715987.5231009,10.5,10.0,21.2,17.3,33.7,40.0,7.0,1.0,13.3,19.4,5.1,6.1,29.0,32.7,21.6,31.7,11.1,2.0,33.3,33.3,37.0,36.3,34.7,48.0,4.0,4.0,8.2,3.1,31.6,30.0,56.4,20.2,4.0,5.0,4.0,4.0,39.0,39.6,3.1,3.1,38.6,37.6,22.2,23.2,5.1,2.0,14.0,8.1,6.1,6.1,19.2,19.0,20.2,18.2
1772715988.5271883,14.0,10.1,25.0,22.2,30.9,48.5,11.1,3.0,8.1,5.1,6.1,4.1,36.0,35.9,20.2,18.4,12.1,10.2,37.4,39.2,40.8,37.9,33.7,47.5,4.0,6.0,9.1,6.9,28.7,32.0,41.2,19.0,5.0,6.1,1.0,4.0,41.0,41.0,10.3,3.1,31.4,31.4,30.0,28.7,8.0,3.0,8.1,12.0,9.1,7.1,19.0,17.2,23.2,25.0
1772715989.5285304,13.5,10.1,19.2,17.3,33.7,40.0,7.1,6.1,5.1,7.1,4.1,5.1,31.3,31.6,30.3,16.3,10.2,4.0,32.7,38.4,42.6,37.3,40.6,26.0,4.1,5.1,6.0,9.1,30.0,33.0,32.3,21.2,4.1,3.0,3.0,5.1,42.2,38.4,15.2,8.2,30.7,31.4,24.0,19.4,2.0,4.1,8.1,8.1,9.0,6.1,22.7,26.0,22.0,20.4
1772715990.5296202,14.1,10.1,19.4,19.4,39.8,40.0,4.0,5.1,12.1,17.2,4.1,4.0,38.6,34.7,29.6,31.3,15.2,8.2,40.4,34.0,40.2,43.6,27.7,11.0,6.9,2.1,7.1,5.1,24.2,41.0,38.6,39.6,5.1,4.0,6.0,4.0,44.0,38.6,3.1,4.1,23.5,21.2,25.3,29.0,5.0,4.0,11.1,12.0,10.1,7.1,14.0,15.2,30.3,20.4
1772715991.5312867,16.7,11.1,30.3,28.3,49.5,28.7,5.1,1.0,9.2,13.1,9.0,6.1,39.6,35.4,19.2,25.5,5.1,13.0,37.0,40.4,42.6,40.8,33.0,28.3,3.1,5.1,9.0,5.2,43.6,31.7,59.4,22.8,5.1,4.0,5.1,5.1,34.7,48.0,3.1,6.0,17.0,14.0,34.0,30.0,8.2,9.1,12.0,10.1,8.1,8.2,23.0,21.4,23.2,33.7
1772715992.539527,12.9,6.1,19.0,20.8,43.0,37.6,4.0,3.0,4.1,6.0,3.1,3.1,38.2,32.7,23.0,19.2,17.8,6.1,26.5,21.6,40.4,41.2,52.0,29.4,5.0,3.0,5.1,5.9,33.0,32.0,35.6,45.5,3.0,4.0,4.0,4.0,29.7,34.3,3.0,3.1,13.9,10.0,28.7,25.0,8.1,6.9,7.1,7.1,7.0,5.0,18.2,19.0,17.8,18.0
1772715993.5406966,12.4,10.0,23.2,23.5,39.0,38.0,3.0,0.0,4.1,3.0,5.9,4.0,35.7,31.3,16.0,26.3,3.1,9.1,19.4,27.0,41.2,43.1,58.8,21.0,4.0,4.0,4.0,6.9,34.0,36.3,26.0,53.9,2.0,3.0,2.0,1.0,32.0,25.3,3.0,10.2,12.0,12.1,32.0,31.0,5.1,8.1,8.1,8.9,4.1,3.1,8.1,7.0,17.0,17.2
1772715994.5441475,14.1,9.1,17.0,14.3,34.7,40.0,4.0,4.0,3.1,11.0,2.0,5.1,28.0,35.0,23.5,22.7,11.9,15.2,31.0,31.3,34.3,34.3,59.8,21.0,6.1,3.0,9.0,7.1,32.7,24.2,29.3,37.6,4.0,6.1,2.0,4.1,44.4,37.6,15.3,22.0,13.1,11.1,24.0,23.2,2.0,9.1,10.1,8.1,7.1,7.1,22.2,21.0,18.4,21.6
1772715995.5442307,11.3,9.0,15.5,19.2,39.4,33.0,5.1,1.0,6.1,6.2,5.1,4.0,43.0,23.8,18.6,32.0,8.2,3.1,31.0,36.3,40.2,34.7,63.4,18.0,1.0,4.0,6.1,4.0,29.0,25.3,35.6,26.3,4.0,5.0,2.0,4.0,36.6,44.6,9.0,12.2,13.3,19.0,27.0,21.2,5.0,8.9,6.1,11.0,7.0,8.1,18.8,18.2,18.8,22.0
1772715996.5446823,12.4,8.2,21.0,22.2,32.7,39.4,5.2,3.1,20.0,13.1,5.1,3.1,34.0,27.6,24.5,29.6,10.1,16.0,36.0,35.7,41.2,39.2,47.1,34.0,5.1,5.2,9.0,8.2,35.0,33.0,53.0,31.0,4.1,3.0,2.1,7.1,43.0,36.7,18.2,5.1,28.3,28.3,21.2,27.3,1.0,7.1,7.1,9.3,8.0,6.1,15.3,17.3,22.4,26.0
1772715997.5470226,14.0,13.1,22.2,22.7,35.7,45.5,5.1,3.1,6.1,4.2,5.1,5.1,28.3,35.3,22.2,29.0,5.1,10.1,37.0,35.0,37.6,42.6,31.3,26.7,5.1,5.0,7.0,8.0,31.7,37.0,55.4,20.0,5.1,4.0,4.1,6.2,41.6,40.6,7.1,10.2,41.2,41.7,25.3,27.7,3.0,6.1,8.1,11.1,8.2,9.9,23.0,23.0,26.0,23.2
1772715998.550028,11.2,10.0,25.0,27.3,26.5,46.1,3.1,3.0,3.1,4.0,5.1,5.1,35.6,37.0,17.5,21.2,2.0,8.1,23.2,32.3,42.2,38.8,51.0,9.1,4.0,4.0,5.1,4.0,25.3,36.0,39.6,19.2,2.0,2.0,3.0,4.0,33.3,36.0,5.0,2.0,41.2,41.6,34.7,26.0,3.0,2.0,8.1,8.9,3.1,6.1,10.2,10.9,20.4,13.1
1772715999.550553,13.1,8.2,21.6,23.0,44.0,35.0,7.0,3.0,11.2,6.9,4.1,3.1,32.7,35.0,18.8,14.3,8.2,14.4,33.7,36.6,39.8,43.3,35.0,40.6,3.0,6.0,6.2,5.1,36.0,39.0,32.0,20.0,6.9,3.0,3.0,4.0,38.2,39.4,3.0,8.1,41.6,41.2,28.7,21.4,2.0,7.1,10.9,9.2,6.0,9.1,15.0,11.3,23.0,15.3
1772716000.5522692,10.3,6.0,21.0,19.4,44.4,32.3,4.1,2.0,3.0,1.0,4.0,3.0,35.4,30.3,23.7,26.3,6.0,3.0,24.3,26.7,39.2,39.6,26.7,48.0,2.0,4.1,6.9,4.0,28.0,31.7,51.5,11.0,3.1,2.0,2.0,3.0,28.0,31.7,3.1,3.0,40.6,41.6,22.2,33.7,3.0,9.0,7.1,7.0,5.1,6.1,27.7,28.7,15.3,16.2
1772716001.5525992,12.4,5.1,24.2,24.2,38.6,39.2,4.0,3.0,17.2,5.2,3.0,3.1,32.7,38.6,33.7,31.6,12.9,8.2,17.3,19.4,36.3,41.2,40.6,6.1,4.0,2.0,3.1,5.9,34.0,33.3,42.0,33.0,3.0,3.0,3.0,3.1,28.3,22.8,3.0,2.0,41.6,40.6,26.5,28.0,3.0,4.1,7.0,7.1,6.1,4.1,2.0,4.0,10.0,13.1
1772716002.555121,11.2,7.0,33.3,27.3,36.7,41.0,2.1,1.0,9.2,7.1,2.0,4.0,36.4,38.0,17.2,17.5,7.1,3.0,23.0,25.0,41.7,40.8,6.9,15.0,2.0,3.0,3.0,1.0,37.0,38.6,44.1,37.6,2.0,5.0,4.1,1.0,21.2,20.4,2.0,3.0,42.3,41.2,36.0,31.7,1.0,4.0,6.1,7.9,4.0,2.1,3.0,3.0,12.0,15.0
1772716003.5553896,10.4,9.1,32.0,32.0,41.6,39.6,3.0,5.0,3.0,6.1,3.1,5.0,41.0,40.2,6.1,7.1,2.0,8.2,27.3,27.3,39.6,41.6,1.0,21.0,4.0,3.0,6.1,6.1,44.6,36.3,34.0,31.0,4.0,2.0,4.0,1.0,28.6,29.7,3.0,2.0,41.0,41.3,39.6,30.6,2.0,2.0,8.0,7.1,5.1,5.0,2.1,2.0,13.4,14.3
1772716004.5577111,12.4,8.9,16.3,17.2,34.3,40.4,3.0,3.1,5.1,5.0,6.1,6.0,26.0,37.0,4.1,4.1,9.1,7.1,34.7,31.7,36.3,38.2,30.0,21.8,2.0,5.0,4.0,5.0,29.0,25.3,14.0,43.0,3.0,5.0,1.0,4.0,42.6,37.4,3.1,3.0,41.2,40.0,26.0,19.0,4.0,1.0,7.0,9.0,5.1,5.2,31.0,31.7,24.0,16.3
1772716005.5577784,14.9,8.2,21.0,21.2,47.0,30.0,8.1,3.0,6.1,10.2,6.1,5.1,34.7,36.0,28.0,41.6,11.2,12.2,36.0,38.0,44.7,41.2,37.6,41.6,6.1,4.1,8.2,7.2,30.3,36.4,32.0,33.0,4.0,5.1,4.0,3.1,42.0,41.2,4.0,5.2,38.6,39.2,24.2,28.0,4.0,3.1,12.1,9.1,8.0,9.2,20.2,21.4,28.0,21.0
1772716006.5580387,13.3,12.0,26.0,30.6,47.5,34.0,7.0,4.1,4.2,12.0,6.1,4.1,39.4,38.0,41.0,41.0,10.1,10.1,32.7,41.4,42.2,42.2,46.1,36.0,5.1,6.9,8.1,6.0,39.4,31.0,40.0,23.2,4.1,5.0,4.1,2.0,42.0,34.0,6.1,2.0,31.0,32.7,35.6,29.0,5.0,3.0,12.1,13.1,7.1,7.1,16.0,17.2,20.6,27.3
1772716007.5581236,6.2,2.0,30.0,29.3,46.0,35.0,4.1,2.0,9.1,3.1,1.0,2.0,38.0,40.0,17.3,15.3,4.0,3.0,13.9,5.9,40.6,42.2,63.4,18.0,4.0,0.0,1.0,2.0,44.0,36.6,29.7,52.5,3.0,2.0,1.0,3.0,12.2,9.2,2.0,1.0,31.4,31.4,36.4,38.4,2.0,3.0,4.0,3.1,3.0,5.0,17.2,19.2,11.1,11.1
1772716008.5588298,12.4,8.1,31.3,26.0,29.6,51.5,3.0,4.0,6.2,3.0,5.0,4.0,37.6,40.4,2.0,3.0,9.2,8.2,27.0,14.1,37.3,41.2,57.8,23.8,3.1,3.0,4.0,4.0,39.6,33.0,35.4,46.5,3.0,4.0,2.0,2.0,27.7,29.3,3.0,2.0,31.7,30.7,29.0,30.7,2.0,4.1,7.1,7.1,5.1,4.0,9.1,9.1,18.8,13.3
1772716009.5627933,9.2,5.9,24.0,25.3,35.6,42.0,2.0,3.0,7.9,5.1,4.0,3.0,36.6,33.0,3.0,1.0,3.0,3.0,16.2,14.9,39.4,41.7,38.2,23.8,2.0,3.0,6.0,5.1,31.0,34.0,27.5,40.2,3.0,2.0,4.0,2.0,19.8,21.6,2.0,2.0,31.4,30.4,32.7,32.3,3.0,1.0,4.0,5.0,4.0,3.0,5.0,6.1,8.0,9.0
1772716010.564433,16.2,10.2,19.4,25.3,45.5,33.0,3.0,6.1,9.1,2.0,6.1,3.0,36.0,34.3,4.0,4.0,7.9,8.2,27.0,29.0,41.6,40.8,25.0,33.7,3.0,3.0,3.0,5.0,34.7,34.3,21.0,40.0,3.1,2.0,2.0,2.0,30.0,36.0,3.0,5.0,31.4,32.0,33.0,25.0,4.0,2.0,12.9,7.9,6.1,8.1,5.1,6.1,22.2,19.2
1772716011.5655298,13.1,9.1,19.8,20.4,42.0,33.0,4.0,4.0,8.2,11.2,4.0,5.0,35.6,35.6,41.4,42.0,15.0,11.0,31.3,27.0,35.6,41.6,28.3,36.4,3.0,5.1,4.0,5.1,28.0,29.7,26.7,43.0,4.0,3.1,3.0,3.1,34.3,31.0,2.0,3.1,29.0,32.4,21.2,25.3,4.0,2.0,7.0,7.1,4.1,5.1,35.6,34.3,20.4,16.3
1772716012.5687268,11.3,6.1,30.9,36.4,47.0,33.0,2.0,4.0,3.0,3.0,3.1,3.0,38.4,33.3,41.0,39.4,2.0,1.0,21.8,17.2,36.9,47.1,48.5,29.0,2.0,2.0,4.0,4.0,43.0,36.0,39.6,33.7,1.0,5.0,3.0,2.0,20.8,26.7,1.0,4.0,19.6,21.6,30.7,41.0,2.0,2.0,7.0,7.9,5.0,3.1,5.1,7.9,7.0,14.1
1772716013.573951,9.3,8.0,27.3,28.0,52.0,26.7,3.0,4.0,4.0,3.1,3.0,1.0,33.7,41.6,13.3,14.0,3.0,3.0,23.0,16.0,41.3,40.2,23.0,38.2,1.0,3.0,2.0,5.1,41.0,31.4,38.2,20.2,1.0,1.0,1.0,4.0,26.0,20.2,2.0,4.0,11.1,12.0,34.7,32.0,1.0,2.0,6.0,4.1,3.0,5.0,3.0,2.0,8.1,15.8
1772716014.5750659,12.4,7.1,33.3,34.3,31.7,50.5,3.0,3.0,3.0,3.0,4.0,4.0,44.1,38.6,3.0,1.0,3.1,1.0,17.3,15.0,41.6,43.1,20.0,30.7,2.0,4.0,4.0,2.0,40.6,41.0,12.1,22.8,3.0,3.0,4.0,1.0,15.8,17.8,2.0,1.0,6.0,6.0,43.6,36.6,3.0,5.0,6.1,7.9,6.1,4.0,2.0,5.2,10.1,10.2
1772716015.5762467,8.2,9.0,23.8,26.0,44.6,35.6,2.0,5.0,3.0,3.0,5.0,3.0,32.3,39.6,2.0,3.0,8.1,2.0,21.8,17.0,40.8,43.7,21.8,18.0,1.0,4.0,4.0,3.0,37.6,31.7,2.0,41.2,5.0,1.0,4.0,1.0,20.2,20.0,3.0,2.0,1.0,4.0,30.3,30.3,2.0,3.0,4.0,5.1,7.0,4.0,0.0,6.1,13.0,9.2
1772716016.5764542,11.3,6.1,30.6,26.3,33.7,46.0,3.1,1.0,4.1,3.1,4.1,4.0,35.6,34.3,2.1,3.1,4.0,8.9,21.2,22.4,38.6,39.0,21.8,2.0,2.0,3.1,2.0,4.0,33.0,34.3,16.8,24.0,3.0,4.0,2.0,1.0,26.3,29.0,2.0,4.0,6.0,5.1,31.0,31.6,1.0,1.0,7.0,8.1,9.1,6.0,3.0,4.1,15.0,13.1
1772716017.577103,12.2,7.1,21.2,21.2,32.7,39.6,4.0,6.0,11.0,18.0,6.1,5.1,34.0,36.0,24.2,26.3,10.1,12.0,32.0,39.8,42.2,38.8,26.0,15.0,5.1,5.0,7.1,7.2,36.0,23.2,27.0,27.3,4.0,3.0,5.0,2.0,37.6,44.1,3.1,3.1,14.1,10.1,22.4,26.7,6.0,4.0,10.1,8.1,9.3,11.2,34.0,37.0,24.0,21.4
1772716018.5773988,11.3,8.1,16.2,18.0,34.7,36.6,4.0,2.0,5.1,9.1,5.1,4.0,27.0,25.3,40.0,41.8,14.1,2.1,27.3,34.3,36.9,39.2,53.5,22.8,2.0,7.0,8.0,4.0,29.0,26.7,51.5,30.0,4.0,4.0,2.0,3.0,41.6,39.4,4.0,4.0,13.0,12.1,18.2,23.2,3.0,5.1,7.0,8.0,8.0,6.0,6.1,11.0,16.2,20.2
1772716019.5774887,14.6,7.2,20.6,22.2,39.4,36.4,3.1,3.0,7.1,3.1,5.1,3.1,37.4,33.7,31.0,32.3,9.2,9.1,29.0,30.0,38.6,36.6,50.5,31.0,1.0,3.1,5.1,5.0,32.0,33.7,34.0,39.0,1.0,4.1,4.0,3.1,29.3,26.0,17.2,8.2,12.0,11.3,27.5,31.0,0.0,2.0,6.0,9.1,5.1,4.0,3.0,3.1,17.3,14.4
1772716020.577582,9.5,7.1,27.7,30.3,46.0,31.3,5.1,1.0,7.1,4.1,2.1,4.1,41.6,34.0,1.0,3.1,1.0,3.1,27.3,27.0,40.2,43.1,40.0,40.2,3.1,4.0,4.0,4.0,36.0,39.6,37.4,5.0,1.0,3.1,2.0,3.0,28.6,34.0,8.0,7.2,11.1,12.0,36.4,40.6,4.0,4.0,11.2,7.1,7.1,4.1,14.1,16.0,20.0,17.6
1772716021.5776687,15.2,10.9,25.5,24.5,46.0,32.0,4.1,3.0,4.1,4.0,4.0,5.1,31.0,38.4,5.1,5.1,9.1,2.1,28.0,34.3,43.3,40.2,43.6,38.6,5.0,3.1,5.1,4.1,39.0,31.6,28.0,1.0,4.0,3.1,5.1,3.0,34.0,36.0,2.0,9.1,24.0,29.3,33.3,32.3,3.0,5.1,10.1,8.2,5.1,7.1,36.0,35.4,20.2,18.7
1772716022.579465,7.3,1.0,22.0,20.0,46.5,28.0,2.0,1.0,1.0,2.0,4.0,3.0,34.0,34.7,2.0,2.0,2.0,3.0,8.1,14.0,39.6,40.6,35.6,44.7,1.0,0.0,2.0,1.0,35.0,30.3,21.0,3.0,2.0,2.0,2.0,2.0,12.2,12.1,1.0,3.0,30.7,30.7,29.0,29.7,2.0,2.0,5.1,4.0,3.0,1.0,2.0,0.0,6.1,10.0
1772716023.5802202,11.1,6.9,24.0,22.2,49.0,31.0,2.0,4.0,4.0,2.0,3.0,2.0,37.6,35.6,7.9,3.0,7.9,8.0,17.6,18.6,38.2,42.3,27.5,34.0,2.0,3.9,5.9,3.0,40.2,29.4,16.0,16.0,2.0,2.0,4.0,3.0,27.7,24.8,2.0,6.9,32.7,36.6,32.0,34.0,2.0,5.0,8.9,2.0,2.0,4.0,2.0,5.0,12.9,14.0
1772716024.5803034,7.5,3.1,28.3,24.0,37.1,37.0,2.1,2.0,3.1,3.0,2.1,3.0,40.4,37.6,11.3,17.5,6.1,1.0,6.0,10.1,46.5,39.6,22.2,22.2,2.0,2.1,2.1,1.0,37.4,34.7,22.2,9.2,3.0,2.0,2.0,2.0,16.0,16.0,1.0,1.0,40.6,41.6,25.5,31.3,1.0,2.1,2.0,6.9,4.0,3.1,3.0,1.0,8.2,6.0
1772716025.5828502,12.2,7.0,26.5,22.2,38.2,38.0,3.0,2.1,11.1,11.2,5.0,2.0,33.0,31.0,34.3,36.6,8.9,3.0,22.7,23.2,37.3,42.2,34.3,25.0,4.0,3.0,4.0,2.0,34.0,35.0,41.7,21.8,1.0,3.0,3.0,3.0,34.0,25.0,4.0,2.0,41.6,40.2,30.7,32.3,1.0,3.0,6.1,7.1,5.0,5.0,3.1,5.0,18.2,15.2
1772716026.5829294,8.4,1.0,25.3,28.0,44.0,30.0,4.0,3.0,5.1,3.0,2.0,2.0,36.6,30.3,30.0,31.3,2.1,2.0,19.0,21.2,38.2,42.2,21.0,40.0,3.0,3.0,5.0,4.0,39.2,33.7,57.0,21.2,3.0,2.0,3.0,3.0,24.2,22.0,2.0,2.0,40.2,41.6,29.6,31.3,2.0,2.0,5.1,3.0,5.1,4.0,7.1,5.2,10.2,11.2
1772716027.5854256,14.1,7.1,25.3,22.2,48.5,30.7,3.0,5.1,1.0,3.0,4.0,2.0,37.6,36.6,14.1,11.3,10.0,2.0,13.0,9.8,38.8,41.7,21.8,25.7,3.1,2.0,3.1,3.0,29.7,38.6,51.0,31.7,3.0,2.0,1.0,1.0,22.0,19.0,2.0,2.0,42.2,40.2,33.7,27.7,2.0,3.0,8.0,6.0,3.0,5.1,24.0,25.0,9.0,11.9
1772716028.5865104,9.3,5.9,25.7,26.3,37.4,38.0,6.0,3.1,5.0,9.1,5.0,4.0,37.6,29.3,2.0,1.0,9.3,8.1,21.2,17.2,41.7,42.2,4.1,20.8,4.0,3.0,4.0,4.0,33.0,35.4,61.2,20.0,4.0,1.0,2.0,4.0,20.2,21.0,5.9,2.0,41.6,40.0,26.7,30.3,3.0,3.0,6.0,3.1,5.1,3.1,12.0,11.0,15.0,14.1
1772716029.5866065,9.3,6.1,26.0,24.5,37.0,43.0,3.1,8.1,6.1,2.0,3.1,5.1,35.4,38.6,2.0,3.1,10.9,4.0,22.8,20.4,40.2,41.2,0.0,21.0,5.0,2.0,4.0,7.1,36.0,31.7,54.5,8.0,3.0,5.1,3.0,2.0,28.3,25.5,1.0,1.0,42.2,40.6,34.3,31.7,3.1,2.0,8.2,6.0,6.1,3.0,5.1,4.1,12.1,18.4
1772716030.5871162,12.1,9.0,24.5,23.0,44.0,32.0,3.1,1.0,4.0,2.0,4.0,2.0,38.0,36.0,5.0,1.0,1.0,2.0,13.3,10.9,39.2,42.3,2.0,20.8,1.0,2.0,3.0,1.0,31.4,35.0,37.0,19.0,2.0,2.0,1.0,2.0,18.2,17.0,2.0,1.0,40.2,38.2,31.7,27.3,2.0,1.0,7.0,6.1,5.0,3.0,3.0,5.9,7.1,12.0
1772716031.5871985,12.1,8.1,27.6,29.3,38.4,40.0,1.0,4.0,12.1,2.0,6.1,2.0,36.0,34.0,10.2,13.1,4.0,2.0,16.7,11.0,41.6,40.6,7.1,21.8,3.1,2.0,2.0,4.0,37.4,35.0,36.0,15.2,2.0,5.1,2.0,3.1,22.0,19.0,3.0,3.0,31.0,31.4,35.7,26.7,3.0,2.0,6.0,7.0,3.1,5.9,8.0,11.2,10.1,7.1
1772716032.5872848,12.2,6.0,28.7,25.0,34.0,48.0,3.0,4.0,4.0,4.0,2.0,3.0,31.0,39.0,39.0,29.3,9.1,3.0,19.0,23.5,37.3,43.1,11.2,40.6,1.0,4.0,2.0,6.0,34.0,30.0,20.2,29.7,3.0,4.0,2.0,6.0,23.0,25.3,1.0,3.0,31.4,32.7,33.7,30.7,1.0,5.0,8.0,7.1,2.1,3.1,6.1,3.1,14.0,13.3
1772716033.5914364,14.1,10.2,18.2,25.5,44.0,29.0,3.0,4.1,5.1,2.0,8.1,7.0,31.0,41.2,35.6,30.7,17.0,10.0,31.3,37.0,43.3,36.3,30.4,49.5,5.9,4.0,6.1,5.9,35.6,33.0,38.6,36.0,2.0,4.0,3.0,3.0,32.7,37.6,20.4,6.2,32.0,32.4,26.0,24.5,3.0,2.0,8.1,9.0,7.0,8.0,30.7,31.0,21.2,17.8
1772716034.591538,11.3,10.2,18.6,29.6,47.5,31.7,5.2,6.1,19.4,14.3,5.2,4.2,39.0,33.3,20.8,23.7,14.4,17.3,34.7,42.6,40.2,44.1,21.0,60.8,5.1,6.1,10.0,7.3,42.0,30.3,32.3,38.0,7.1,4.0,3.1,7.1,36.7,46.5,22.2,16.0,32.4,31.7,29.3,25.3,3.1,4.1,11.1,11.2,8.1,9.2,17.2,19.2,25.0,26.5
1772716035.591622,14.1,9.0,19.8,20.8,38.8,38.0,8.7,4.0,13.0,4.1,5.0,6.0,29.7,33.0,24.5,19.0,7.0,13.1,38.6,34.0,34.7,39.2,18.8,62.4,5.1,4.0,5.1,9.1,29.0,33.7,41.6,42.6,5.0,4.0,2.0,5.1,41.2,38.0,18.2,11.1,31.7,31.7,26.3,24.2,4.0,3.1,10.9,8.1,6.1,8.2,26.3,22.8,20.2,24.0
1772716036.5917158,13.1,10.2,19.4,16.5,26.8,47.0,4.1,3.0,8.2,6.1,4.1,7.0,36.0,34.3,33.0,33.7,10.2,14.3,38.0,32.3,39.2,41.2,20.2,61.8,4.1,5.1,6.1,9.1,25.3,36.6,25.3,41.2,4.0,6.1,2.1,4.0,47.0,34.0,4.1,5.2,33.7,36.6,23.0,21.0,6.1,4.0,7.1,10.1,6.1,9.0,20.2,20.2,25.5,18.4
1772716037.5918045,12.2,9.1,14.0,18.2,34.7,38.0,2.1,1.0,6.1,2.1,5.0,5.1,32.0,31.0,29.3,30.6,8.1,5.1,29.0,31.3,38.2,37.3,23.8,45.0,3.0,3.1,8.0,4.0,28.0,27.3,27.3,28.0,2.1,1.0,2.0,2.0,39.4,38.0,2.0,4.0,31.0,30.0,22.2,18.2,8.2,3.0,11.1,8.1,5.1,5.1,13.1,15.3,21.8,17.0
1772716038.5933933,11.3,6.1,14.1,15.3,35.4,34.7,4.0,4.0,10.2,15.0,5.1,4.0,24.0,28.0,16.3,12.0,6.1,1.0,28.7,32.3,37.9,38.2,27.3,25.7,3.0,3.0,7.1,3.0,20.2,21.0,22.8,39.6,4.0,4.0,4.0,2.0,40.0,42.4,1.0,4.0,29.4,30.7,13.9,20.2,2.0,3.0,7.8,8.0,7.0,5.0,22.8,21.8,22.4,13.0
1772716039.5934672,10.4,10.1,15.8,22.0,29.3,48.5,4.1,2.0,10.1,5.2,5.0,3.1,33.3,34.0,9.1,19.4,13.1,13.1,32.0,36.6,35.6,38.2,31.0,41.0,5.1,4.0,6.0,7.1,30.0,31.3,22.2,52.5,4.1,4.0,2.0,5.0,40.0,33.0,8.1,1.0,21.2,22.0,21.2,26.3,3.1,5.1,7.1,13.1,6.0,5.2,13.1,14.0,23.0,18.6
1772716040.5935507,13.1,10.2,24.2,23.7,32.7,41.0,4.0,3.1,6.1,10.1,6.2,5.1,34.3,33.7,32.3,30.0,2.1,11.0,38.0,36.4,39.2,40.8,44.0,37.0,5.0,2.0,6.1,6.1,36.4,24.8,12.0,52.5,3.1,2.0,3.1,3.0,41.0,38.0,4.1,5.0,20.8,21.8,25.3,27.0,3.0,2.0,8.1,9.1,6.1,8.0,22.2,21.4,23.2,20.0
1772716041.5976617,14.1,10.0,21.4,18.0,45.9,29.7,5.0,5.0,9.1,5.2,10.0,5.1,34.0,30.3,28.3,35.7,15.0,10.2,35.0,34.0,40.2,36.6,35.0,40.2,7.0,5.1,6.2,10.8,30.0,33.0,13.1,48.0,4.0,6.9,2.0,1.0,44.6,42.6,3.1,4.1,15.2,22.0,32.0,18.0,3.0,7.1,9.1,11.2,8.1,7.1,19.0,18.2,24.0,25.7
1772716042.5998547,13.0,8.1,17.2,19.4,46.1,33.0,3.1,7.1,15.3,16.2,4.1,6.1,27.3,31.7,28.0,22.2,6.1,6.1,35.0,35.6,37.3,41.2,20.2,25.3,3.1,5.0,5.1,6.1,24.0,33.0,23.8,37.0,3.1,4.1,3.0,3.0,39.2,38.6,3.0,2.0,21.8,21.0,25.3,26.0,3.0,4.0,12.0,11.0,5.1,7.2,12.0,12.1,18.4,27.0
1772716043.6012983,15.0,12.2,19.0,26.5,48.5,30.0,5.1,2.0,10.1,6.1,4.1,5.1,35.6,34.0,14.1,14.3,14.1,13.1,36.0,37.6,40.6,39.8,26.0,33.7,4.0,5.1,8.0,8.2,30.7,42.6,26.0,34.7,1.0,6.0,4.0,3.1,38.4,41.0,3.0,4.0,23.0,23.8,27.0,31.7,4.0,5.0,11.1,12.0,10.1,8.0,27.0,27.7,23.2,24.2
1772716044.6037686,15.2,10.1,19.4,22.2,40.4,40.6,3.1,4.0,6.1,11.0,5.1,5.1,30.7,41.0,32.3,21.8,3.1,10.0,40.0,34.3,41.3,40.6,8.9,57.7,5.1,5.1,8.1,6.1,34.0,29.7,31.0,32.3,5.9,4.0,3.1,7.9,48.0,34.7,2.0,4.1,33.3,31.0,30.0,23.5,3.0,6.1,12.1,9.1,7.1,7.1,16.2,12.2,25.3,25.0
1772716045.6043742,11.5,9.1,17.5,18.4,32.7,36.0,3.0,3.1,3.1,3.1,3.1,4.1,32.3,29.7,27.3,33.7,10.2,15.3,33.3,30.0,39.2,37.6,8.2,56.0,3.1,8.1,5.1,8.2,31.0,28.3,34.0,33.0,4.0,4.1,3.0,3.1,38.4,42.4,4.0,3.1,36.4,39.6,28.3,27.0,2.0,4.0,9.2,8.9,6.1,6.1,19.0,21.2,19.4,17.5
1772716046.60532,13.0,8.1,20.2,18.2,38.8,36.0,4.0,7.1,16.2,15.2,5.0,6.1,30.0,37.0,29.6,27.3,9.1,4.0,31.0,39.0,39.2,43.1,2.0,59.8,4.0,6.9,11.0,5.9,31.0,28.7,42.0,37.6,6.1,2.0,2.0,4.0,40.2,41.6,2.0,5.0,41.2,41.6,26.0,21.0,3.0,3.0,10.0,10.0,6.1,6.1,25.7,27.0,20.0,23.0
1772716047.6058962,13.3,12.1,21.4,16.3,36.7,37.0,3.1,3.1,5.2,13.9,4.1,4.1,28.0,34.0,19.4,18.4,10.2,15.2,37.6,35.4,37.6,39.6,1.0,60.8,2.0,3.1,6.1,9.1,29.7,33.3,30.7,34.0,5.1,2.0,4.0,2.0,35.4,45.5,3.1,3.1,40.6,42.2,27.3,18.2,7.1,3.0,10.3,7.1,7.0,8.2,12.2,12.1,17.2,24.2
1772716048.6062553,14.3,8.2,23.2,17.2,30.9,49.0,4.1,1.0,11.3,3.1,4.1,7.1,36.4,35.4,26.3,23.7,15.0,8.2,42.4,36.6,39.6,36.6,14.1,44.0,5.1,5.1,7.1,6.1,27.3,34.7,29.3,32.0,3.1,6.1,3.1,4.1,41.4,39.6,14.4,4.2,41.2,41.2,24.0,29.3,5.1,2.1,11.1,11.2,7.1,9.1,26.7,28.7,25.5,24.5
1772716049.6063418,12.4,9.1,27.8,24.5,36.4,44.6,5.0,9.9,4.1,4.2,10.0,5.2,37.0,37.0,22.4,32.3,12.2,8.2,38.4,36.7,39.6,41.7,25.3,35.0,4.1,4.1,11.1,5.1,28.3,39.0,20.0,51.5,6.0,5.1,5.0,5.1,36.6,43.0,8.2,10.1,42.0,40.0,35.4,29.3,5.1,4.0,9.2,9.2,7.1,8.2,17.3,17.5,25.5,24.0
1772716050.607763,16.0,12.1,28.7,27.3,34.3,48.0,5.1,8.3,17.2,14.1,3.1,7.1,37.0,39.6,28.6,33.3,19.4,12.2,38.6,41.6,41.7,42.2,25.5,48.0,5.0,6.9,9.0,11.0,31.7,39.6,25.7,46.0,4.1,3.1,4.0,4.1,38.6,42.6,2.1,3.1,40.2,38.6,32.0,30.7,3.0,3.1,13.7,13.0,10.0,9.9,19.0,18.0,28.3,23.0
1772716051.60785,12.2,8.2,22.7,18.2,37.1,35.0,3.1,4.0,7.1,6.2,4.0,2.0,31.3,33.3,21.4,25.8,3.1,4.0,28.0,36.1,37.6,39.2,34.3,44.6,4.1,3.0,5.1,6.1,30.3,31.0,20.2,41.4,6.0,3.0,1.0,3.1,35.4,45.5,4.0,3.1,31.7,31.7,27.0,23.5,3.1,4.0,7.1,10.2,8.2,9.1,28.3,27.6,19.2,21.4
1772716052.6082404,13.5,8.0,26.0,26.3,32.7,50.0,6.1,3.0,12.9,4.1,5.1,5.0,36.0,35.0,18.2,18.0,10.2,18.0,42.4,32.7,42.2,38.2,54.5,26.3,6.0,4.1,3.1,7.1,37.4,35.6,30.0,50.5,3.1,3.1,4.0,3.0,44.0,37.4,3.1,4.1,32.0,30.7,28.3,28.7,1.0,4.0,14.1,10.0,7.1,5.2,3.1,7.1,28.7,21.4
1772716053.6091974,13.4,9.0,21.6,17.5,38.4,39.0,4.1,1.0,5.1,5.0,5.1,4.1,30.7,33.0,20.4,28.6,7.2,2.1,35.4,36.0,40.2,38.6,31.7,20.0,5.1,5.1,8.9,5.1,33.7,29.3,22.0,58.4,4.0,5.0,2.0,4.1,37.6,43.6,4.0,7.2,32.0,32.4,22.0,27.3,4.0,3.1,8.1,13.0,5.1,6.3,35.0,33.7,22.2,17.3
1772716054.6097612,10.3,10.1,21.2,26.3,48.5,27.7,5.0,2.1,4.0,4.1,4.1,5.1,35.4,37.0,29.3,30.9,10.9,3.1,33.0,29.7,38.8,40.8,11.0,20.4,4.1,4.0,7.1,7.0,35.0,35.0,24.8,37.0,4.0,3.1,4.1,4.0,30.6,35.4,6.3,16.0,31.7,31.7,26.3,36.4,4.1,5.1,7.1,9.1,6.1,10.2,12.1,10.3,17.2,19.4
1772716055.6106675,13.1,10.1,24.0,19.2,41.0,34.0,4.0,4.0,9.2,4.1,6.0,2.0,33.0,32.4,16.2,19.8,16.3,8.2,32.7,24.0,40.6,40.6,22.0,14.7,2.0,3.1,5.0,2.0,24.2,36.6,33.7,27.0,4.1,2.0,4.0,4.0,26.7,25.7,18.2,10.2,33.0,33.3,30.7,25.7,1.0,5.0,8.0,9.2,5.9,5.9,2.0,5.0,18.0,14.1
1772716056.612267,11.5,6.0,33.3,34.7,47.1,33.0,3.0,3.0,11.2,11.0,3.0,3.1,40.0,39.0,7.2,14.1,3.0,4.0,27.6,32.0,44.1,39.4,26.7,15.2,3.0,6.0,4.1,6.0,40.6,38.6,35.0,27.0,5.0,4.0,4.1,2.0,26.7,23.8,7.9,8.0,31.7,30.7,35.0,43.4,1.0,8.0,6.1,7.1,4.1,5.1,4.0,2.0,17.8,13.0
1772716057.614008,13.7,10.0,24.2,24.2,31.6,49.5,5.1,3.0,5.1,3.1,5.2,3.1,41.6,32.3,15.2,11.2,3.1,9.2,38.6,36.4,39.8,43.6,44.6,11.1,5.1,5.0,4.1,7.2,30.0,35.0,40.4,39.6,2.0,4.1,5.1,4.0,41.6,40.4,3.0,12.1,30.7,31.7,26.0,32.0,5.0,6.1,11.2,10.2,8.2,9.1,35.4,38.6,26.8,22.4
1772716058.6152031,11.1,7.1,21.4,20.2,32.7,46.0,2.0,3.0,4.1,10.1,5.0,4.1,28.0,36.6,24.5,33.7,11.0,16.0,30.3,38.0,41.2,36.9,61.5,20.8,4.0,3.1,4.0,4.0,30.7,34.0,17.8,59.4,5.0,5.0,4.1,2.0,34.7,34.0,12.0,12.2,31.7,31.0,32.0,19.0,4.0,1.0,6.1,8.1,9.0,4.0,9.0,7.1,23.0,17.0
1772716059.615268,13.4,10.1,21.6,23.0,34.7,41.0,6.2,2.1,6.1,4.1,5.1,4.1,36.4,32.3,32.7,34.4,1.0,8.2,37.4,38.0,39.2,40.6,60.8,20.2,3.1,4.0,9.1,8.2,29.3,38.0,37.6,25.5,2.1,3.0,2.1,2.1,39.8,40.4,3.1,2.0,31.0,31.7,30.3,22.7,3.1,3.0,12.1,11.9,10.0,8.2,16.3,20.4,24.0,25.0
1772716060.6165032,13.1,8.1,20.4,20.4,49.0,28.3,5.1,3.0,18.2,14.4,4.1,6.0,36.0,33.0,25.0,17.3,10.1,16.2,41.0,35.0,38.6,37.9,55.4,25.0,6.0,3.1,11.1,11.9,29.3,35.0,37.0,41.6,4.0,6.1,3.1,4.0,41.6,38.0,3.1,4.0,31.7,31.3,26.0,28.0,8.1,4.0,7.1,8.2,7.2,5.2,36.3,35.0,25.3,19.0
1772716061.6188993,16.5,11.9,22.4,17.2,40.8,34.0,5.1,2.0,11.0,6.1,5.0,4.0,31.0,35.6,16.0,17.0,10.1,7.1,39.0,36.6,40.8,40.2,38.6,41.6,6.0,4.0,7.1,4.0,35.3,33.3,55.4,24.8,5.0,4.1,1.0,4.0,37.0,45.1,3.0,3.0,32.7,38.2,27.7,26.7,2.0,4.0,12.1,9.0,6.1,7.0,3.1,5.0,26.0,20.2
1772716062.6189926,13.4,9.1,25.5,23.7,38.8,37.6,6.1,4.1,8.2,10.3,7.2,4.1,38.4,32.3,27.6,33.7,10.2,13.1,32.7,41.4,42.2,39.2,47.5,34.7,5.1,3.1,7.1,7.2,32.3,29.3,59.0,16.8,3.1,4.1,3.1,4.1,36.4,41.4,1.0,3.1,28.7,29.0,23.5,28.3,5.9,3.1,12.1,9.3,6.1,7.1,34.0,35.4,19.2,28.0
1772716063.6229107,15.0,12.1,22.2,22.0,36.0,43.6,5.0,5.0,5.0,6.0,6.9,4.1,32.0,38.6,34.3,33.0,11.0,12.0,36.7,35.0,40.8,39.2,40.2,42.0,5.1,5.9,8.0,8.9,36.6,34.7,31.7,29.0,4.0,4.0,4.0,3.0,37.3,46.5,3.0,5.1,21.6,22.5,29.4,33.0,1.0,4.0,10.0,14.1,15.0,9.0,13.1,13.0,30.0,22.8
1772716064.6269264,12.0,15.2,23.5,26.0,49.5,32.3,4.1,3.1,8.2,10.3,5.1,5.1,38.0,36.6,21.4,17.3,11.3,9.2,42.4,31.3,39.6,44.1,25.3,43.0,4.0,6.1,10.0,5.2,31.0,37.8,34.7,45.5,5.0,6.2,3.1,2.1,42.4,39.0,4.1,5.1,21.4,23.8,28.3,31.3,3.0,5.1,11.2,14.1,6.1,8.2,23.0,24.8,28.3,25.3
1772716065.6276066,12.5,7.1,18.6,20.4,46.9,28.3,5.1,3.0,12.2,16.8,6.1,4.0,31.7,34.0,18.4,23.0,6.1,14.1,33.7,38.6,38.2,42.2,27.7,27.7,6.0,2.0,3.0,10.1,28.0,31.7,41.4,38.8,3.1,5.1,4.1,3.1,40.0,38.8,3.1,3.0,27.5,23.0,23.5,22.0,4.0,2.0,9.1,7.1,5.1,8.0,23.8,24.0,24.8,20.2
1772716066.6279316,16.0,8.0,23.2,21.4,31.3,46.1,2.0,3.1,6.0,10.2,4.1,4.1,33.3,34.3,25.3,31.3,13.1,2.0,32.4,33.0,39.6,34.3,41.6,20.0,3.1,4.0,6.1,3.0,34.3,31.0,33.3,34.7,5.9,4.0,4.0,5.1,37.0,41.2,6.1,5.1,33.0,31.7,25.7,27.6,4.0,3.0,11.1,10.8,7.1,7.1,3.1,5.1,23.0,19.8
1772716067.6337562,14.3,9.2,24.5,19.4,41.8,35.4,4.0,3.0,7.1,4.1,8.2,6.0,34.3,36.0,26.5,28.9,8.0,14.3,41.0,34.0,38.2,40.8,43.1,37.6,5.0,5.1,8.1,7.1,33.7,27.7,33.0,9.1,4.0,5.0,5.1,5.0,38.6,46.0,4.0,2.0,38.2,43.6,25.3,29.7,4.1,1.0,10.0,9.1,8.2,7.1,38.0,40.0,20.2,25.5
1772716068.6362684,12.2,10.0,13.3,19.0,31.6,45.1,4.1,3.0,13.3,13.1,6.1,4.0,37.0,32.0,20.0,25.0,11.1,8.1,31.3,35.0,36.3,40.2,22.0,40.2,6.0,4.0,6.1,7.1,32.0,28.3,39.0,38.0,3.1,5.1,3.1,3.0,39.8,39.6,5.1,2.0,41.6,41.2,22.8,23.8,3.0,4.0,11.1,9.1,7.1,7.1,9.0,11.1,22.0,21.0
1772716069.6383,11.3,10.1,23.0,16.3,37.4,37.4,7.0,3.0,13.1,11.1,4.1,4.1,25.0,39.0,27.6,29.3,14.4,17.0,32.0,39.0,36.3,40.6,21.2,41.6,5.1,4.0,9.0,9.1,35.4,25.3,41.2,34.0,4.0,5.1,4.1,3.0,37.6,44.0,2.1,1.0,41.2,41.6,21.0,25.3,2.0,2.0,10.1,9.1,9.0,7.1,34.7,36.0,19.2,27.0
1772716070.638636,12.1,9.3,19.4,17.5,33.3,41.6,4.0,4.0,3.1,8.0,4.1,5.1,29.7,32.7,33.3,29.0,4.0,4.1,34.0,34.3,35.9,44.1,23.8,52.5,5.1,4.0,8.1,5.1,30.0,25.3,41.0,21.4,3.0,3.1,5.1,3.1,39.6,41.0,7.1,13.0,40.0,41.6,23.0,23.2,6.1,3.0,8.1,8.1,7.1,6.2,16.0,17.2,20.4,21.2
1772716071.6405241,10.3,12.7,18.2,20.4,36.7,36.4,3.1,1.0,5.1,5.1,5.0,4.1,29.3,34.0,23.2,17.7,23.0,10.0,36.4,34.3,41.6,38.2,33.3,44.6,5.1,6.1,9.0,8.1,34.0,27.7,42.6,37.3,5.1,4.0,8.1,4.0,34.0,47.0,12.4,11.3,35.6,36.3,18.2,30.0,5.0,1.0,13.0,8.1,9.0,8.0,19.0,18.2,16.2,29.3
1772716072.6414664,13.1,10.2,19.4,24.8,49.5,31.0,6.0,4.1,7.2,11.2,5.1,5.1,38.6,34.0,23.0,21.2,3.1,4.1,43.0,35.4,42.2,37.9,43.6,36.0,4.1,3.1,8.1,6.1,33.0,35.4,43.0,38.6,4.0,5.1,4.0,4.1,40.4,40.6,2.0,3.1,32.4,32.4,28.3,28.3,3.1,5.0,8.1,11.1,4.1,8.1,29.0,29.3,25.0,27.0
1772716073.6425304,13.3,7.2,18.2,18.4,39.4,31.7,5.1,7.1,18.0,14.4,5.0,4.1,27.0,27.3,33.7,25.8,13.0,20.2,35.7,34.3,35.6,39.2,50.0,31.3,6.1,5.0,4.1,6.1,23.2,29.0,44.6,35.0,4.1,3.1,2.0,3.1,39.0,41.0,3.1,4.1,31.4,32.4,24.2,15.2,6.0,2.1,7.1,10.2,6.2,5.1,8.1,8.1,16.5,19.2
1772716074.6426075,14.1,8.1,22.2,21.2,49.0,28.7,3.1,11.2,4.0,4.0,5.2,4.0,35.4,35.4,27.8,30.3,2.1,2.1,37.6,33.7,38.8,42.6,48.0,31.0,4.0,5.1,6.1,8.1,35.0,29.7,28.3,51.5,6.0,3.0,4.0,2.0,42.4,34.3,1.1,4.0,31.7,32.0,27.0,26.0,8.1,3.0,10.1,10.2,7.1,6.1,27.3,27.3,20.2,27.3
1772716075.6437583,10.3,9.1,19.6,18.4,41.4,29.3,5.1,11.0,4.0,4.1,4.1,5.1,33.0,34.0,25.0,18.6,18.0,14.1,34.0,41.0,32.4,42.2,26.5,35.0,5.1,5.0,11.0,6.1,35.6,23.2,31.0,50.5,5.0,5.0,2.0,4.1,48.0,36.0,7.1,8.2,38.2,33.7,24.0,25.3,4.0,2.0,9.1,10.0,7.1,8.0,11.1,10.9,21.8,23.0
1772716076.6456323,11.3,9.0,14.0,24.0,35.6,42.6,7.1,5.2,11.2,12.2,6.1,4.0,28.6,30.0,22.2,24.0,3.0,3.1,33.7,38.0,38.2,35.9,15.0,40.0,4.0,4.0,5.1,8.1,30.0,27.7,18.0,39.0,5.1,4.1,5.0,4.0,40.4,40.6,21.4,22.2,41.0,41.2,21.0,21.2,3.0,3.0,8.1,9.1,8.1,5.1,30.7,30.3,20.2,23.0
1772716077.6474097,14.7,10.3,24.5,23.5,36.5,41.4,7.0,7.1,17.3,9.1,7.1,5.1,30.0,39.4,33.0,25.5,16.3,19.0,32.3,43.0,39.6,41.6,7.1,24.0,5.1,5.1,8.1,10.1,29.0,39.0,23.2,28.6,5.1,8.0,6.2,5.1,40.0,42.6,20.8,8.1,31.7,32.0,28.3,28.3,3.1,4.1,8.2,15.3,10.0,7.4,13.3,12.4,27.0,25.5
1772716078.6514235,14.1,10.0,23.0,24.0,29.9,53.0,4.1,3.1,9.1,3.1,6.2,6.1,30.3,40.2,26.5,32.7,12.2,12.1,31.7,44.4,40.8,41.2,27.7,14.9,6.1,2.1,9.2,8.2,37.0,36.4,40.0,42.6,7.1,9.2,4.0,3.1,40.2,39.0,7.2,9.1,32.7,32.7,30.3,30.0,3.0,6.0,11.1,13.1,7.1,8.1,29.3,27.6,25.0,30.0
1772716079.6532629,15.7,9.1,17.0,18.0,34.3,44.6,6.1,2.0,4.1,11.9,8.0,5.0,29.4,37.4,25.3,17.3,9.1,6.1,37.0,29.7,37.3,35.6,39.2,3.0,5.9,3.0,7.0,8.0,28.0,25.7,37.6,43.7,8.8,3.0,3.0,3.0,39.0,40.6,6.0,2.0,31.7,32.7,25.0,24.5,4.0,3.0,7.9,10.1,7.9,7.9,11.0,14.7,22.2,17.2
1772716080.664445,13.1,6.1,20.2,21.4,31.3,44.6,4.0,3.0,14.1,12.1,6.0,5.1,36.6,29.0,28.3,30.3,16.0,15.0,34.3,39.0,38.2,39.8,30.0,32.7,5.0,6.9,7.1,5.1,31.0,32.0,37.3,44.0,7.0,4.0,4.0,3.0,40.6,40.2,9.2,4.0,39.0,33.7,20.0,31.3,4.0,3.0,10.0,11.0,7.1,8.1,26.3,22.2,22.0,21.0
1772716081.664527,13.3,9.1,22.8,17.3,44.9,31.7,4.0,2.0,2.1,11.1,5.1,4.0,42.0,32.0,27.0,23.2,5.1,6.1,34.7,38.0,40.8,42.2,26.7,47.1,5.1,2.0,10.0,6.0,29.7,36.6,29.3,33.7,4.1,5.0,2.1,2.0,40.0,38.0,8.0,8.1,40.8,41.2,24.5,23.0,4.0,3.0,8.0,10.1,9.2,6.1,16.0,18.0,24.0,20.2
1772716082.6652467,14.9,11.1,21.6,23.2,45.9,28.3,5.1,3.0,5.1,4.1,4.1,7.1,29.0,40.0,22.2,22.2,6.3,6.2,34.0,36.4,41.6,39.6,30.3,48.0,5.1,3.1,4.2,7.1,35.6,27.3,21.2,21.2,2.0,3.1,3.1,2.1,45.5,37.0,11.1,6.1,41.0,41.6,30.9,21.2,2.0,5.1,11.2,9.2,7.1,8.2,16.3,13.4,24.2,23.5
1772716083.6655893,14.3,8.1,25.5,21.2,44.9,34.3,6.1,4.1,6.1,11.1,7.1,3.1,31.0,39.0,24.7,16.5,13.1,14.0,39.2,39.0,41.6,42.7,47.1,27.6,4.1,4.1,8.1,8.0,33.3,31.0,37.0,34.0,5.2,5.0,4.1,3.0,41.6,39.6,3.1,5.9,31.0,32.0,26.7,31.3,4.0,2.1,12.2,9.1,8.2,8.0,20.0,19.2,26.0,23.8
1772716084.6670742,15.0,7.2,23.2,26.3,35.7,43.6,3.1,5.1,15.5,11.3,4.1,6.2,39.6,42.6,27.3,33.3,15.3,12.2,39.8,37.0,41.3,41.6,37.4,29.4,4.0,6.9,8.1,7.1,37.6,35.0,60.2,21.2,4.0,5.1,5.1,2.0,48.5,31.6,4.1,2.0,25.0,22.5,27.3,31.0,6.1,4.0,14.0,11.1,7.1,7.2,20.4,22.0,27.6,30.3
1772716085.667362,12.4,11.9,22.2,19.2,27.3,54.0,3.0,5.1,8.2,4.1,4.1,4.1,38.4,30.3,26.3,24.5,6.1,5.1,32.0,36.6,40.6,38.8,32.0,29.0,4.0,2.1,7.1,5.1,29.0,31.0,53.0,29.7,5.1,3.0,4.0,4.0,40.2,39.6,4.0,7.1,22.8,21.2,27.0,27.0,3.0,3.1,9.2,7.1,7.1,7.0,18.0,18.0,21.2,19.2
1772716086.6691167,13.1,12.2,22.7,23.0,31.2,47.5,5.1,6.1,13.0,4.1,6.1,7.0,31.7,38.0,20.6,22.2,14.0,18.2,35.0,38.4,44.1,37.3,37.6,20.8,3.1,5.1,9.1,6.0,31.3,39.0,49.5,31.0,5.1,4.0,3.1,3.0,40.6,39.0,5.1,7.1,22.8,22.0,30.3,30.7,3.0,3.1,13.1,10.1,9.1,7.2,17.0,16.3,28.0,27.0
1772716087.6692014,14.1,9.1,25.3,23.5,34.7,44.4,4.1,4.1,10.3,10.1,5.0,7.1,34.3,38.0,31.3,19.4,3.1,6.2,35.4,35.6,40.2,38.2,45.5,21.4,3.0,6.9,9.3,4.1,32.0,35.6,52.0,22.0,5.1,3.0,4.1,3.0,42.4,35.4,4.0,10.3,33.0,28.0,29.0,31.6,1.0,5.1,13.9,10.2,5.1,9.1,23.5,22.4,23.5,21.4
1772716088.669285,11.2,10.2,21.2,16.2,38.0,39.2,4.0,3.1,16.3,15.2,6.2,6.1,31.0,34.0,34.7,27.6,13.1,20.0,39.4,32.7,38.2,40.2,45.5,21.8,3.0,3.1,8.1,6.0,31.0,33.0,30.0,29.3,3.1,5.0,4.0,3.0,42.6,41.6,4.1,8.1,34.0,40.0,24.8,25.3,4.0,3.0,8.2,10.0,8.1,6.1,8.1,11.0,19.2,23.2
1772716089.6695843,10.4,8.2,17.3,14.1,30.6,38.0,5.1,4.0,3.1,6.1,4.0,5.1,33.0,36.0,22.4,27.8,3.0,3.1,31.0,34.7,39.2,37.3,43.1,26.3,5.0,4.0,5.2,5.1,23.0,26.0,40.0,22.0,5.0,3.1,3.1,2.0,36.0,40.0,4.0,4.1,38.8,39.0,22.2,24.0,5.0,7.1,10.1,6.2,4.1,7.1,29.0,29.3,26.0,18.0
1772716090.6739976,14.0,10.7,19.8,16.0,39.0,33.7,3.0,5.1,4.0,7.1,5.1,5.0,32.0,30.0,13.4,19.2,14.9,12.1,39.6,35.0,36.3,36.3,59.8,19.8,2.0,6.9,5.9,5.1,30.0,27.0,42.7,19.8,4.0,5.1,8.9,6.0,44.6,43.1,4.1,18.0,31.7,30.4,21.0,20.0,3.1,4.0,8.0,9.1,6.9,8.0,10.0,9.1,23.0,19.2
1772716091.6765018,13.1,11.2,19.2,21.4,37.0,36.0,6.0,2.0,8.2,9.2,4.0,7.9,27.3,35.4,31.0,20.4,6.1,6.1,31.0,38.4,39.2,39.6,41.2,20.8,5.1,2.1,8.1,8.0,32.7,27.0,41.6,0.0,6.1,0.0,9.1,4.0,39.0,39.0,10.1,9.1,31.4,32.4,27.7,27.3,5.1,2.0,8.1,10.0,7.1,8.2,26.0,27.3,23.0,22.2
1772716092.6774318,15.8,10.2,22.2,24.5,40.8,39.4,4.1,4.0,11.3,21.2,6.1,6.1,39.6,34.7,33.7,33.3,17.2,16.3,35.0,35.4,39.6,43.1,44.6,15.2,5.2,4.1,7.3,8.2,31.0,34.0,34.7,23.0,4.1,6.1,2.0,3.1,40.0,42.0,3.1,3.1,33.0,33.3,26.3,29.0,7.2,9.1,8.2,15.2,6.1,8.2,16.3,17.3,29.0,22.2
1772716093.677515,11.3,7.1,12.4,19.4,36.7,37.6,5.2,2.0,5.2,3.1,4.1,4.1,29.0,26.3,29.0,28.6,3.1,4.1,33.7,35.4,35.9,41.6,49.0,10.0,5.0,5.0,7.0,7.0,30.0,30.4,30.6,33.3,8.1,4.0,4.0,5.0,37.0,36.4,3.1,3.0,32.7,36.6,19.4,21.2,5.0,9.2,9.1,6.2,4.1,9.1,25.3,27.0,24.2,15.3
1772716094.6778035,13.3,12.2,19.2,23.0,42.9,33.0,7.8,6.1,5.1,10.0,4.1,6.1,38.0,36.0,18.2,18.4,19.0,17.3,33.3,45.0,39.0,38.0,44.0,15.3,6.2,3.1,8.2,6.1,32.3,36.0,30.4,51.0,7.1,5.1,4.1,5.2,43.0,45.0,5.1,3.1,41.6,41.0,22.2,31.3,3.0,12.2,12.1,10.0,8.2,12.0,17.0,17.0,26.7,24.5
1772716095.6790535,14.0,10.1,24.2,26.3,37.4,40.4,5.1,6.1,7.2,9.3,6.2,4.1,35.4,37.6,31.3,33.0,11.2,11.3,36.4,42.0,36.9,41.7,40.2,32.0,5.0,5.1,8.0,9.1,37.6,30.6,43.0,38.0,4.0,4.0,4.1,6.0,45.0,33.7,9.2,17.3,41.2,40.6,31.7,31.3,4.0,9.1,11.1,12.1,8.1,7.2,27.3,25.3,26.5,28.7
1772716096.6794991,14.0,10.7,21.0,18.2,38.4,38.6,2.1,6.9,15.2,16.2,6.0,5.0,35.6,31.3,35.6,36.4,10.0,10.0,34.7,38.0,41.7,41.3,49.0,33.0,5.1,4.0,6.0,11.9,27.7,36.6,42.0,40.6,2.0,5.0,3.0,4.0,46.1,34.3,17.3,17.0,32.4,31.1,25.7,25.7,4.0,4.0,14.0,8.1,8.9,8.0,17.8,18.8,24.8,25.3
1772716097.681085,14.3,10.3,19.4,20.6,33.3,45.0,6.1,3.1,4.1,4.1,3.1,5.2,33.3,32.3,17.9,18.8,15.5,17.3,34.7,37.4,40.4,38.6,27.0,28.6,5.1,4.0,5.2,9.2,28.6,36.0,25.3,27.0,2.0,6.2,3.1,3.1,38.4,45.0,8.0,22.4,30.3,31.3,25.8,27.3,5.1,4.0,10.2,12.4,6.1,9.3,25.3,25.5,25.5,22.2
1772716098.6822019,12.1,9.1,23.0,23.8,35.7,43.0,6.1,2.0,10.1,10.2,6.1,4.1,35.0,34.7,16.3,15.2,7.0,3.1,37.4,34.0,38.8,42.6,24.2,29.0,6.1,4.0,8.0,10.1,29.7,31.7,3.1,22.0,2.1,4.1,2.0,5.1,43.0,35.4,6.1,6.2,31.7,31.7,23.8,25.3,3.0,2.1,10.1,8.8,8.0,8.1,15.2,19.8,23.0,21.6
1772716099.6835668,15.6,27.7,21.4,24.0,48.5,35.0,7.0,5.1,7.1,3.1,5.1,5.1,27.0,37.0,29.6,23.5,15.3,16.2,38.0,40.0,36.6,43.6,13.3,25.5,5.1,4.0,8.1,6.1,35.0,33.3,22.2,47.0,4.1,4.0,3.1,2.0,43.6,39.0,3.1,5.0,31.7,31.7,30.0,28.0,7.1,5.0,11.1,11.1,6.1,11.0,20.2,18.4,29.3,24.0
1772716100.68645,13.1,9.1,20.4,19.4,42.4,32.7,6.0,5.1,10.2,19.2,6.1,5.1,35.0,33.0,37.4,32.0,4.1,5.1,37.6,38.0,42.3,37.3,30.4,37.6,6.1,3.1,10.1,11.1,32.0,34.3,21.8,60.8,5.0,3.1,2.0,5.1,35.0,47.1,3.0,4.1,38.6,43.6,29.0,25.0,1.0,5.1,8.2,8.1,7.1,7.1,20.8,21.0,21.0,27.0
1772716101.686532,10.4,10.1,25.0,19.0,40.2,35.4,2.1,4.0,5.1,4.0,5.1,6.0,34.0,35.0,25.5,21.1,16.3,17.3,41.4,34.0,40.6,38.2,20.2,60.8,4.1,7.9,8.2,9.1,34.0,30.0,20.2,61.4,5.1,9.0,4.0,4.2,35.4,46.5,9.3,3.0,39.6,42.6,28.3,29.0,4.0,8.2,13.1,9.4,7.1,10.0,21.4,21.4,28.3,18.6
1772716102.6880274,11.2,10.1,18.0,17.2,39.4,38.0,4.1,3.1,9.4,5.1,3.1,3.1,33.3,37.6,26.5,20.2,4.1,4.0,32.0,34.3,38.2,40.8,20.8,60.8,5.0,3.1,5.1,5.1,29.7,32.0,22.8,58.4,5.1,2.0,1.0,3.0,34.7,41.2,3.1,3.1,41.6,41.2,23.8,22.2,2.0,10.0,6.9,8.9,7.0,9.1,16.0,14.0,22.2,21.0
1772716103.6892877,15.0,10.9,29.6,20.6,43.9,37.6,6.1,3.1,20.0,9.3,6.1,4.1,39.6,32.0,23.2,27.3,14.4,16.0,36.7,40.0,38.8,42.2,19.2,61.8,3.1,6.0,9.0,7.0,30.3,38.0,37.3,43.6,5.0,4.0,4.0,5.0,46.1,36.4,5.0,2.0,41.2,41.6,26.3,36.4,6.1,2.0,10.3,12.1,9.2,13.3,19.2,20.0,25.0,26.7
1772716104.6897254,11.5,11.2,30.3,28.0,42.4,39.0,8.1,4.0,8.1,6.1,6.1,9.0,38.4,35.4,24.2,33.0,9.1,4.1,46.5,29.6,40.6,45.1,26.7,55.3,5.1,6.1,11.1,6.1,37.4,36.4,17.3,43.6,5.1,5.1,5.1,4.1,44.0,38.0,3.1,7.1,38.2,38.6,33.0,34.0,2.1,4.1,13.9,14.4,10.1,9.1,23.0,23.2,31.3,30.0
1772716105.6909807,12.1,8.2,15.5,21.0,35.7,37.0,5.2,3.1,11.2,5.1,4.1,13.3,31.0,35.6,29.0,26.8,16.2,9.1,41.4,28.3,36.9,40.6,29.3,45.5,5.1,6.0,7.2,7.1,34.3,31.0,20.2,34.0,6.1,4.0,4.1,3.1,35.7,41.0,2.1,3.1,29.0,28.0,25.5,29.0,5.1,4.0,7.2,10.2,7.1,7.1,17.3,17.2,20.4,22.2
1772716106.6910627,11.5,5.1,17.2,11.1,40.8,31.3,7.0,3.0,6.1,5.1,5.0,4.0,34.7,26.0,24.2,30.3,9.1,2.1,30.0,32.3,36.6,33.3,31.0,31.0,5.1,2.0,5.1,11.1,26.7,18.2,26.0,36.6,2.0,4.1,2.0,2.0,37.0,41.6,3.1,2.1,20.8,24.0,16.0,18.2,3.0,1.0,7.1,8.1,7.1,4.0,19.4,21.4,18.8,17.3
1772716107.6929684,13.9,8.1,18.2,17.3,36.7,36.0,4.0,6.1,14.1,7.1,3.1,5.1,34.0,31.0,24.0,18.4,11.1,18.2,34.3,36.6,36.6,36.3,23.8,37.3,6.0,4.0,10.8,7.1,28.0,35.6,18.2,31.0,3.0,5.0,3.1,2.0,41.0,40.0,4.0,4.0,17.0,16.8,20.0,24.2,3.0,4.1,8.0,7.1,8.1,6.1,13.1,15.2,19.0,19.0
1772716108.6945355,11.1,10.0,20.2,20.0,40.4,36.3,8.0,6.1,7.1,13.3,6.0,4.0,31.0,32.0,19.2,21.2,3.1,10.0,30.0,40.4,37.9,40.2,24.8,27.0,4.0,3.1,7.1,4.0,34.0,26.5,22.8,20.2,5.1,5.1,4.0,6.9,37.0,43.0,3.0,4.1,11.0,12.1,26.0,26.0,4.0,5.1,9.1,12.0,6.0,8.1,23.8,23.2,26.5,22.0
1772716109.6961257,13.4,7.1,22.2,20.4,40.8,36.0,6.1,3.0,4.0,8.2,4.1,3.1,37.0,31.0,24.5,26.3,9.3,15.2,36.4,37.0,39.8,41.2,20.2,20.8,4.0,4.1,6.1,7.1,30.3,36.6,34.0,31.3,3.1,3.0,6.1,3.0,44.6,36.6,14.3,5.0,17.0,21.8,28.0,24.5,2.0,5.1,12.0,9.2,7.1,8.1,9.0,12.0,22.2,23.5
1772716110.6979222,13.4,11.3,14.3,24.0,34.3,48.0,3.1,3.1,10.2,5.2,5.1,6.1,28.7,37.3,30.3,30.6,15.2,7.0,33.3,34.3,35.3,40.6,27.7,21.0,5.0,4.0,9.2,9.0,32.7,29.3,43.6,37.6,3.1,5.1,6.1,4.0,44.0,38.4,8.2,12.2,27.7,33.3,25.3,28.7,5.0,3.0,10.1,8.2,6.1,7.1,26.3,28.7,20.0,25.7
1772716111.698875,9.4,9.9,25.3,18.6,31.6,43.6,5.1,3.0,16.0,3.1,4.1,5.1,34.0,29.3,29.3,23.7,16.2,5.0,39.6,34.0,39.2,38.2,34.7,34.0,4.1,5.0,7.1,5.1,36.0,30.0,34.7,47.5,5.1,5.1,6.1,2.1,45.0,35.0,2.0,4.0,32.0,31.0,24.2,23.2,3.0,1.0,9.2,9.0,7.1,7.0,10.0,11.1,17.2,24.7
1772716112.6991363,10.3,8.1,10.1,16.0,28.6,43.0,4.0,1.0,9.2,12.1,3.1,5.1,29.7,29.0,17.3,21.4,15.0,9.2,37.4,31.3,36.9,36.3,9.2,53.9,5.1,3.1,8.0,6.9,24.2,28.7,46.0,31.7,4.0,4.0,3.0,3.0,38.2,35.4,2.0,1.0,37.9,43.1,21.2,20.0,1.0,3.1,7.1,6.1,6.1,5.2,23.2,21.6,23.2,17.8
1772716113.6997926,14.1,13.1,19.8,25.5,40.8,35.0,7.8,6.1,6.1,3.1,6.1,4.0,36.0,33.0,28.3,25.5,11.1,3.1,35.4,37.6,38.2,43.1,15.0,56.3,4.0,5.0,7.1,8.1,33.7,33.0,28.0,20.0,5.1,5.1,4.1,3.0,37.0,44.6,3.1,5.1,41.0,40.6,29.3,24.2,4.0,4.0,12.1,13.1,6.1,10.0,18.0,18.8,28.3,20.4
1772716114.701289,14.0,13.3,20.6,23.5,45.5,34.3,5.1,4.1,10.1,8.0,7.0,5.1,30.3,38.0,28.3,26.5,20.2,10.1,35.0,36.4,39.0,38.2,20.8,51.5,4.0,5.2,9.3,5.1,28.3,37.0,41.4,34.7,3.0,7.1,3.0,4.1,37.4,42.0,2.1,3.1,43.1,40.6,26.7,29.3,4.0,4.0,10.9,13.1,9.1,11.1,26.0,26.3,26.7,22.2
1772716115.7023377,12.2,12.0,21.2,23.0,35.4,42.6,5.1,4.1,8.2,17.3,5.1,4.1,35.6,33.0,22.7,31.3,6.0,3.1,30.7,38.4,41.2,41.2,29.0,29.3,4.0,5.0,9.9,4.1,32.3,33.0,45.5,31.6,3.1,5.0,4.0,6.0,44.6,36.0,18.2,5.1,38.6,36.0,26.0,23.2,3.0,1.0,7.1,10.1,7.1,6.2,15.2,16.2,20.2,26.3
1772716116.7025282,15.0,10.1,18.4,15.2,40.4,34.0,3.1,6.1,7.1,7.2,6.0,5.1,34.3,33.3,17.0,26.5,22.2,8.2,35.7,38.6,38.2,39.6,48.0,35.4,4.1,3.1,7.1,9.1,27.0,33.0,53.5,28.0,4.1,3.1,5.0,3.0,37.0,43.0,10.1,20.4,31.0,31.7,23.2,23.0,5.1,4.0,13.0,6.1,6.1,7.1,20.0,18.2,18.4,20.4
1772716117.7034764,16.0,7.2,19.2,13.3,33.3,41.0,3.1,1.0,5.1,9.2,4.0,6.1,29.4,34.7,33.3,29.6,9.1,3.1,38.0,37.4,37.6,35.3,55.3,25.7,5.0,5.0,14.1,10.0,25.0,27.0,50.5,31.4,5.0,3.0,2.0,1.0,41.0,39.6,17.2,7.0,32.0,31.4,22.2,20.2,8.1,3.0,6.1,9.0,5.2,6.1,23.0,23.0,16.3,20.0
1772716118.7042236,15.0,12.1,24.0,19.4,41.4,37.4,4.0,5.1,5.1,4.1,6.1,4.1,38.4,32.3,27.3,29.3,10.2,16.2,41.0,35.0,42.2,39.2,56.4,23.0,3.1,6.1,7.2,7.1,36.4,33.0,56.4,20.2,3.1,6.1,5.1,3.0,37.0,45.5,10.3,9.2,32.4,31.0,32.0,26.3,6.1,2.0,10.1,11.0,10.0,10.1,13.3,14.3,22.0,30.3
1772716119.7058253,16.5,9.1,19.0,20.4,30.3,40.0,4.1,6.1,10.2,13.3,4.1,6.0,37.4,26.3,18.4,21.2,2.0,9.2,35.0,39.0,40.6,37.3,41.4,22.8,4.0,4.0,5.1,7.1,26.3,31.7,42.6,5.1,5.0,5.1,3.0,3.0,38.0,41.0,4.0,2.0,31.0,32.7,24.5,26.7,2.0,5.0,14.1,9.1,5.1,6.2,27.0,27.0,22.0,20.2
1772716120.7084653,14.9,9.0,17.2,18.0,26.5,49.0,2.0,3.0,10.1,4.0,3.1,6.0,36.6,30.7,19.2,22.2,15.0,10.0,33.0,37.4,39.8,38.6,41.2,21.0,2.0,5.9,5.0,6.1,22.0,36.0,39.0,13.9,2.0,4.9,3.0,2.0,43.6,36.6,3.0,2.0,40.2,43.0,23.5,22.0,3.0,2.0,9.9,9.0,5.1,7.0,5.1,6.1,21.2,22.0
1772716121.7085514,14.7,11.3,19.4,21.6,35.7,43.4,4.1,4.0,12.1,6.1,4.1,5.1,39.4,33.3,25.8,31.3,11.2,3.1,37.8,37.4,40.2,39.2,42.2,40.6,6.1,2.1,5.2,8.1,30.6,37.4,33.0,48.5,4.1,4.1,2.0,4.1,41.0,42.6,2.0,5.1,41.0,40.6,29.3,29.6,2.1,3.1,8.2,12.1,6.2,7.1,34.0,33.3,28.3,22.2
1772716122.714931,16.0,8.0,16.2,20.0,47.5,23.8,2.0,8.2,6.1,2.0,3.0,4.0,26.5,31.7,28.6,29.3,14.0,9.2,38.0,30.7,38.5,38.8,48.5,28.7,5.9,5.0,8.9,4.0,27.7,30.7,44.7,38.0,5.0,4.0,5.1,2.0,37.3,42.0,4.0,3.0,42.2,40.8,26.7,19.6,5.9,2.0,9.9,7.1,5.1,6.1,10.0,9.1,22.0,18.2
1772716123.7156894,11.3,9.9,23.0,17.5,45.4,30.3,4.0,12.1,16.5,6.3,7.0,7.1,37.0,35.0,18.2,24.2,3.1,15.3,41.0,31.3,39.6,41.6,29.0,28.6,5.1,3.0,8.1,8.2,32.4,30.6,53.0,28.7,7.1,2.0,5.1,4.0,41.4,38.0,2.1,3.1,41.6,40.4,28.3,24.5,4.1,3.0,13.0,10.1,8.1,7.1,21.0,21.2,30.3,21.0
1772716124.7169752,14.1,10.3,18.8,26.0,27.3,51.0,4.1,11.1,12.1,6.1,4.1,5.1,37.4,41.6,23.5,21.4,10.0,10.0,32.0,41.4,40.2,39.8,30.0,20.8,4.0,3.1,5.1,7.1,28.3,35.9,52.9,22.0,4.1,4.0,4.0,3.1,38.0,41.6,8.1,4.0,41.0,40.6,29.7,23.0,4.0,2.0,10.1,13.3,6.1,8.0,24.2,25.3,24.5,21.0
1772716125.7173748,14.0,10.1,19.8,22.2,41.8,36.4,7.1,5.1,11.2,5.2,5.1,4.1,33.0,35.4,35.0,25.3,5.1,14.1,40.0,29.0,40.2,35.6,41.6,38.0,3.1,5.1,7.1,8.0,25.0,35.4,29.3,32.7,4.1,4.0,2.1,2.0,40.2,39.0,4.0,4.0,34.7,35.3,25.5,23.2,4.0,4.1,7.1,9.2,8.0,6.1,10.2,13.3,20.8,24.2
1772716126.717456,8.2,0.0,0.0,0.0,13.0,20.8,1.0,1.0,2.0,2.0,2.0,1.0,2.0,5.0,29.6,30.6,14.1,10.1,8.1,7.0,8.0,11.9,30.3,39.0,3.0,0.0,1.0,2.0,0.0,0.0,49.5,29.0,1.0,3.0,4.0,1.0,42.4,41.0,3.0,5.2,28.7,28.0,0.0,0.0,2.0,0.0,0.0,2.0,2.0,1.0,30.4,28.3,0.0,0.0
1772716127.7175314,5.1,0.0,1.0,0.0,0.0,0.0,0.0,0.0,0.0,0.0,1.0,0.0,0.0,0.0,13.0,12.0,0.0,0.0,4.0,0.0,0.0,0.0,40.6,20.0,1.0,1.0,2.0,1.0,0.0,0.0,51.5,29.0,0.0,1.0,0.0,1.0,34.0,46.0,6.0,15.0,13.7,16.5,0.0,0.0,0.0,1.0,0.0,0.0,0.0,0.0,1.0,2.0,0.0,0.0
1772716128.7176087,2.0,0.0,0.0,0.0,0.0,0.0,0.0,0.0,0.0,0.0,0.0,0.0,0.0,0.0,6.1,7.0,0.0,1.0,0.0,0.0,0.0,0.0,41.2,20.8,0.0,0.0,0.0,0.0,0.0,0.0,48.5,25.3,0.0,0.0,0.0,0.0,44.6,34.7,2.0,3.0,10.0,10.0,0.0,0.0,0.0,0.0,0.0,0.0,0.0,0.0,0.0,0.0,0.0,2.9
1772716129.7176816,1.0,0.0,0.0,0.0,0.0,0.0,0.0,0.0,0.0,0.0,0.0,0.0,0.0,0.0,0.0,0.0,0.0,0.0,0.0,0.0,0.0,0.0,41.2,20.0,0.0,0.0,0.0,0.0,0.0,0.0,59.4,1.0,0.0,0.0,0.0,0.0,24.8,21.6,0.0,0.0,10.1,10.0,0.0,0.0,0.0,0.0,0.0,0.0,0.0,0.0,1.0,0.0,0.0,0.0
1772716130.717771,0.0,0.0,0.0,0.0,0.0,0.0,0.0,0.0,0.0,0.0,0.0,0.0,0.0,0.0,0.0,0.0,1.0,0.0,0.0,0.0,0.0,0.0,40.0,16.0,0.0,0.0,0.0,0.0,0.0,0.0,57.0,3.0,0.0,0.0,1.0,0.0,20.8,20.0,0.0,0.0,10.9,10.0,0.0,0.0,0.0,0.0,0.0,1.0,0.0,0.0,0.0,0.0,0.0,0.0
1772716131.717847,0.0,0.0,0.0,0.0,0.0,0.0,0.0,0.0,0.0,0.0,0.0,0.0,0.0,0.0,0.0,0.0,1.0,0.0,0.0,0.0,0.0,0.0,16.0,4.0,0.0,0.0,0.0,0.0,0.0,0.0,46.5,4.0,1.0,0.0,0.0,0.0,20.2,21.8,0.0,0.0,10.9,10.9,0.0,2.0,0.0,0.0,0.0,0.0,0.0,0.0,0.0,0.0,0.0,0.0
1772716132.717922,0.0,0.0,0.0,0.0,0.0,0.0,0.0,0.0,0.0,0.0,0.0,0.0,1.0,0.0,0.0,0.0,0.0,0.0,0.0,0.0,0.0,0.0,4.0,6.0,1.0,0.0,0.0,0.0,0.0,1.0,40.0,0.0,0.0,1.0,0.0,0.0,19.8,21.0,0.0,0.0,10.9,10.0,0.0,0.0,0.0,0.0,1.0,0.0,0.0,0.0,0.0,0.0,0.0,0.0
1772716133.7180002,0.0,0.0,0.0,0.0,0.0,0.0,0.0,0.0,0.0,0.0,0.0,0.0,0.0,0.0,0.0,0.0,0.0,0.0,0.0,0.0,0.0,0.0,0.0,0.0,0.0,0.0,0.0,0.0,0.0,0.0,26.0,10.9,0.0,0.0,0.0,1.0,20.8,20.8,0.0,0.0,10.0,10.9,0.0,0.0,0.0,0.0,0.0,0.0,0.0,0.0,0.0,0.0,0.0,0.0
1772716134.718073,0.0,0.0,0.0,0.0,0.0,0.0,0.0,0.0,0.0,0.0,0.0,0.0,0.0,0.0,0.0,0.0,0.0,0.0,0.0,0.0,0.0,0.0,0.0,0.0,0.0,0.0,0.0,0.0,0.0,0.0,4.0,5.0,0.0,0.0,0.0,0.0,20.0,20.0,0.0,0.0,11.0,10.8,0.0,0.0,0.0,0.0,0.0,0.0,0.0,0.0,0.0,0.0,0.0,0.0
1772716135.7181425,1.0,0.0,0.0,0.0,0.0,0.0,0.0,0.0,0.0,0.0,0.0,0.0,0.0,0.0,0.0,0.0,0.0,0.0,0.0,0.0,0.0,0.0,0.0,1.0,0.0,0.0,0.0,0.0,0.0,0.0,0.0,0.0,0.0,0.0,0.0,0.0,21.8,20.8,0.0,0.0,11.8,9.1,0.0,0.0,0.0,0.0,0.0,0.0,0.0,0.0,0.0,0.0,0.0,0.0
1772716136.7182176,0.0,0.0,0.0,0.0,0.0,0.0,0.0,0.0,0.0,0.0,0.0,0.0,0.0,0.0,0.0,0.0,0.0,0.0,0.0,0.0,0.0,0.0,0.0,0.0,0.0,0.0,0.0,0.0,0.0,0.0,0.0,0.0,0.0,0.0,0.0,0.0,10.0,21.0,0.0,0.0,4.0,5.0,0.0,0.0,0.0,0.0,0.0,0.0,0.0,0.0,0.0,0.0,0.0,0.0
1772716137.7182927,0.0,0.0,0.0,0.0,0.0,0.0,0.0,0.0,0.0,0.0,0.0,0.0,0.0,0.0,0.0,0.0,0.0,0.0,1.0,1.0,0.0,0.0,0.0,0.0,0.0,0.0,0.0,0.0,0.0,0.0,0.0,0.0,0.0,0.0,0.0,0.0,12.9,7.9,0.0,0.0,0.0,0.0,0.0,0.0,0.0,0.0,0.0,0.0,0.0,0.0,0.0,0.0,0.0,0.0
1772716138.7183738,0.0,0.0,0.0,0.0,0.0,0.0,0.0,0.0,0.0,0.0,0.0,0.0,0.0,0.0,0.0,0.0,0.0,0.0,0.0,0.0,0.0,0.0,0.0,0.0,0.0,0.0,0.0,0.0,0.0,0.0,0.0,0.0,0.0,0.0,0.0,0.0,2.0,0.0,0.0,0.0,0.0,0.0,0.0,0.0,1.0,0.0,0.0,0.0,0.0,0.0,0.0,0.0,0.0,0.0
