timestamp,CPU_0(group_0),CPU_64(group_0),CPU_2(group_1),CPU_66(group_1),CPU_4(group_2),CPU_68(group_2),CPU_6(group_3),CPU_70(group_3),CPU_8(group_4),CPU_72(group_4),CPU_10(group_5),CPU_74(group_5),CPU_12(group_6),CPU_76(group_6),CPU_14(group_7),CPU_78(group_7),CPU_16(group_8),CPU_80(group_8),CPU_18(group_9),CPU_82(group_9),CPU_20(group_10),CPU_84(group_10),CPU_22(group_11),CPU_86(group_11),CPU_24(group_12),CPU_88(group_12),CPU_26(group_13),CPU_90(group_13),CPU_28(group_14),CPU_92(group_14),CPU_30(group_15),CPU_94(group_15),CPU_32(group_16),CPU_96(group_16),CPU_34(group_17),CPU_98(group_17),CPU_36(group_18),CPU_100(group_18),CPU_38(group_19),CPU_102(group_19),CPU_40(group_20),CPU_104(group_20),CPU_42(group_21),CPU_106(group_21),CPU_44(group_22),CPU_108(group_22),CPU_46(group_23),CPU_110(group_23),CPU_48(group_24),CPU_112(group_24),CPU_50(group_25),CPU_114(group_25),CPU_52(group_26),CPU_116(group_26)
1772528407.832607,0.0,0.0,0.0,0.0,0.0,0.0,0.0,0.0,0.0,0.0,0.0,0.0,100.0,0.0,0.0,0.0,0.0,0.0,0.0,0.0,0.0,100.0,0.0,0.0,0.0,0.0,0.0,0.0,0.0,100.0,0.0,0.0,0.0,0.0,0.0,0.0,0.0,0.0,0.0,0.0,0.0,0.0,0.0,0.0,0.0,0.0,0.0,0.0,0.0,0.0,0.0,0.0,0.0,0.0
1772528408.8340373,48.0,55.1,47.4,46.9,39.6,61.6,41.7,27.1,32.6,23.7,35.4,38.1,50.5,57.1,50.5,44.9,44.9,44.9,48.5,50.5,61.4,57.0,56.1,50.0,27.8,26.5,34.0,28.9,52.6,51.0,48.0,54.1,32.3,36.1,22.1,19.1,53.5,53.1,33.3,40.2,34.3,31.2,47.5,51.5,24.0,32.3,35.1,40.2,32.0,35.1,40.2,41.2,44.9,44.8
1772528409.8341067,25.0,27.6,34.7,38.0,53.0,56.4,26.5,16.7,31.3,18.8,17.7,30.6,48.0,60.8,24.7,25.0,20.8,19.4,43.9,51.0,50.5,50.0,59.0,50.5,22.9,21.1,25.5,29.3,48.0,51.5,58.2,54.5,15.5,29.6,21.4,23.0,54.0,50.5,24.0,19.4,35.4,28.6,46.0,39.4,22.4,21.4,22.7,29.9,23.5,22.7,46.5,40.4,42.4,38.0
1772528410.8343308,35.7,28.6,29.6,36.5,52.5,49.5,28.9,33.3,38.0,38.4,30.6,30.9,48.5,60.4,34.3,35.7,37.0,38.8,48.5,36.4,50.5,54.9,55.6,57.6,30.3,28.6,35.1,28.9,44.3,44.3,49.5,63.6,24.7,24.5,24.5,25.8,61.0,49.5,29.6,25.0,42.9,38.8,44.4,48.5,32.7,24.7,29.9,29.0,26.0,33.7,31.6,40.0,35.7,35.4
1772528411.8350244,28.9,28.1,37.5,33.7,47.4,65.7,22.4,24.5,27.1,22.1,29.6,28.0,44.4,44.9,54.2,44.3,22.1,24.7,58.6,43.4,48.5,52.0,56.4,59.0,31.6,22.7,27.4,22.7,51.5,45.5,62.6,52.5,33.7,21.4,29.3,22.4,49.5,55.6,21.6,32.7,57.0,54.0,43.9,35.1,27.3,18.4,27.6,31.6,25.5,28.9,40.0,35.7,41.8,41.8
1772528412.8498864,23.5,28.0,23.5,31.3,41.8,50.5,25.3,15.3,17.2,25.5,14.3,28.0,42.6,39.6,51.0,52.0,34.3,32.4,41.6,38.0,47.1,51.5,49.5,51.0,17.3,29.4,30.7,20.0,39.6,38.0,51.0,52.0,22.2,22.2,24.2,24.0,48.5,60.8,25.0,17.2,50.0,53.5,39.0,38.6,22.2,13.4,24.2,30.0,20.8,24.0,40.4,34.7,30.3,28.7
1772528413.8500361,40.8,34.0,36.4,46.9,44.3,67.0,32.7,24.2,26.8,29.9,26.8,26.0,44.9,47.4,34.0,36.1,27.8,25.5,57.6,55.1,54.5,52.5,60.6,57.6,28.1,24.7,27.1,28.1,56.0,48.5,63.0,59.0,28.9,35.7,21.9,28.9,54.5,52.5,29.9,23.7,59.0,57.1,43.4,46.5,32.7,25.0,31.3,31.6,29.2,30.6,34.0,39.8,49.0,44.0
1772528414.8509007,22.4,27.0,23.7,33.0,45.9,44.4,16.0,11.3,42.4,33.7,17.0,27.0,37.8,44.6,25.5,38.6,27.6,36.4,45.9,46.0,53.1,46.0,51.0,49.5,18.2,20.8,18.2,29.3,39.8,38.4,56.6,39.0,17.0,17.3,11.2,22.4,55.6,51.0,9.3,12.2,49.0,48.0,46.5,36.4,16.3,12.2,24.0,21.4,22.4,15.5,44.0,36.4,33.3,29.3
1772528415.8509855,14.4,9.0,23.5,29.6,33.7,55.0,5.2,4.1,4.1,5.1,7.1,5.1,37.0,42.4,35.4,41.4,5.1,7.2,50.5,29.6,39.2,37.6,50.0,46.5,7.1,7.0,11.2,12.2,28.0,30.3,55.4,42.0,11.2,6.1,4.1,6.1,37.6,40.0,5.1,32.3,41.0,39.0,18.0,19.0,5.1,5.1,6.2,12.1,6.1,8.1,19.2,17.2,28.6,25.5
1772528416.8526852,14.0,9.2,18.8,12.1,31.6,43.6,5.1,4.0,5.1,5.0,6.1,6.0,34.3,26.7,35.4,37.0,14.0,25.0,39.0,30.7,37.4,35.0,41.0,40.6,4.0,6.1,8.2,12.0,26.0,27.3,49.5,32.3,7.0,5.1,3.0,5.1,37.0,52.0,23.5,28.3,40.0,42.0,18.2,23.2,3.1,4.0,9.0,12.0,8.1,8.1,25.3,25.3,17.3,21.0
1772528417.8528817,13.0,8.2,17.0,13.3,26.8,45.1,3.0,4.1,13.1,9.4,6.0,3.1,30.0,22.0,8.2,6.1,3.1,2.0,33.3,35.6,33.7,40.0,41.6,40.0,2.0,7.0,7.1,8.1,22.0,32.7,39.0,43.0,4.1,3.0,1.0,4.0,35.6,43.4,25.3,23.2,40.0,41.0,21.0,21.8,3.0,2.0,10.1,8.2,5.1,7.1,21.2,20.2,19.2,21.4
1772528418.8529694,13.3,9.1,16.3,18.0,55.1,23.2,5.1,13.1,14.3,16.2,14.1,5.1,30.3,30.4,17.0,19.4,20.2,19.2,36.4,31.6,38.6,41.2,41.4,41.6,5.1,5.1,9.2,10.1,29.3,35.0,38.6,42.4,4.1,7.0,4.1,2.1,43.4,37.3,3.0,4.1,41.4,40.4,19.2,22.2,4.1,5.1,9.1,11.0,8.0,6.3,24.0,25.7,24.0,18.6
1772528419.8530562,10.3,12.7,16.5,13.1,41.0,36.0,3.0,1.0,3.0,4.0,3.1,6.1,25.3,30.6,38.8,43.0,8.1,7.1,36.4,31.3,41.6,34.0,41.6,40.6,3.1,4.0,9.1,6.1,20.2,29.3,47.5,36.6,4.0,6.1,3.0,4.0,31.0,49.0,10.2,2.0,40.0,40.6,20.2,15.0,3.0,4.0,9.1,8.0,4.1,8.9,17.2,18.4,17.3,20.2
1772528420.853142,12.1,9.2,18.2,13.3,37.4,34.7,6.9,4.0,5.1,4.1,5.1,5.1,32.7,21.0,33.7,35.0,13.3,12.2,33.7,35.0,40.0,33.3,41.6,40.6,3.0,4.1,9.1,10.2,30.0,25.7,37.0,44.4,3.1,3.1,3.1,2.0,45.1,34.0,7.1,6.2,40.0,41.0,22.0,19.4,2.0,2.1,5.1,9.1,6.1,5.2,22.0,25.3,20.0,19.4
1772528421.855058,15.8,7.1,16.3,12.1,34.7,38.0,4.1,2.0,15.3,11.2,6.1,4.0,23.2,32.0,8.0,8.2,10.1,8.1,30.0,35.0,38.0,34.7,38.4,42.0,4.0,5.9,8.2,6.1,28.7,23.0,40.0,42.6,4.0,4.0,2.0,2.0,46.0,40.4,8.2,8.0,31.0,33.0,15.8,26.7,2.0,3.0,10.1,6.1,7.1,8.2,19.0,20.0,20.2,17.0
1772528422.8564959,13.0,7.9,18.8,12.1,28.3,44.1,1.0,2.0,10.2,12.1,4.0,4.0,31.7,30.4,20.2,16.0,11.1,11.9,32.3,36.6,36.3,37.3,43.1,38.2,4.0,6.1,10.1,6.9,20.8,33.0,42.6,38.6,3.0,4.0,3.0,3.0,45.5,34.3,5.0,6.0,30.7,30.0,22.2,22.0,3.0,4.0,8.0,10.9,6.1,7.9,22.0,24.0,18.0,22.0
1772528423.8565779,11.5,6.2,18.4,7.1,40.0,26.7,3.1,2.1,5.1,4.1,3.1,4.1,35.0,18.2,39.4,38.1,13.4,11.1,33.0,27.6,36.4,34.0,38.6,43.4,3.1,4.1,9.2,9.2,24.2,27.3,37.4,44.4,4.1,5.1,3.0,4.1,28.6,41.0,4.0,2.0,32.0,31.3,22.2,18.2,4.0,2.0,11.0,5.2,8.0,8.1,20.2,20.2,22.4,18.4
1772528424.856686,13.1,10.0,15.2,17.0,49.5,23.0,5.0,3.0,4.1,6.1,5.1,4.1,34.0,26.0,33.3,32.0,6.1,7.2,31.3,36.0,37.3,35.0,44.6,37.6,4.0,5.9,7.1,11.1,27.0,26.0,33.3,37.4,2.0,4.0,2.0,3.0,43.1,41.0,2.0,4.0,30.3,30.0,26.3,23.8,1.0,5.0,8.2,7.1,6.1,7.1,23.0,23.2,16.8,20.2
1772528425.8627987,11.0,9.1,18.4,14.1,39.6,37.6,4.0,4.0,14.0,20.8,4.1,5.9,29.0,32.7,14.1,12.1,17.0,14.0,30.7,38.6,37.6,38.6,40.0,37.6,4.0,3.0,8.0,6.1,24.2,33.0,31.0,35.0,2.0,6.9,2.0,7.0,37.0,44.6,4.0,2.0,40.0,40.0,20.6,22.8,4.0,2.0,9.9,6.9,8.0,7.0,19.0,18.0,16.8,19.8
1772528426.8643725,15.8,11.0,11.3,19.2,34.3,34.3,1.0,4.0,7.1,5.1,7.0,3.1,34.7,25.3,11.2,14.6,3.0,4.2,35.0,35.7,32.3,35.6,30.0,31.0,2.1,6.0,6.1,9.0,29.3,30.0,38.0,44.0,4.1,3.1,7.1,3.1,43.6,38.6,5.1,5.1,26.0,25.0,17.3,23.2,3.1,1.0,9.2,7.1,6.1,7.1,18.2,19.4,18.4,17.3
1772528427.865369,11.5,8.1,15.2,16.3,38.6,34.0,6.0,2.0,3.1,2.0,5.1,6.1,19.0,32.7,31.0,34.0,23.2,13.1,33.7,32.0,35.0,36.6,44.6,23.8,4.0,5.1,9.0,7.0,25.3,23.2,44.0,36.6,2.1,6.0,6.1,5.9,40.0,41.4,7.1,5.1,17.0,17.0,16.0,20.2,6.1,4.0,8.0,7.1,8.0,5.1,21.0,21.8,21.2,19.0
1772528428.8664446,12.1,9.2,12.2,12.1,36.7,33.7,5.1,1.0,4.1,7.2,4.0,5.0,25.0,20.8,31.3,32.0,2.0,3.1,27.0,36.0,37.0,33.0,30.0,17.3,3.0,4.0,6.0,8.1,15.0,28.7,40.6,40.4,3.0,3.1,3.0,1.0,35.0,47.5,16.2,5.1,13.0,12.0,15.0,17.0,2.0,1.0,8.9,7.0,6.1,7.0,22.8,19.4,18.0,14.0
1772528429.866493,13.3,9.1,14.1,19.2,37.8,35.4,6.2,3.0,12.4,15.3,6.1,4.1,22.2,37.4,24.2,22.4,17.5,16.3,31.3,39.6,38.6,39.2,12.2,27.0,5.1,4.1,6.1,10.2,32.0,30.6,39.4,43.0,4.1,5.1,4.0,5.2,47.5,33.0,5.2,6.1,15.2,14.3,20.2,22.2,5.1,4.0,9.2,8.2,6.1,7.2,21.2,18.4,23.2,19.4
1772528430.8665762,12.1,9.2,14.3,18.0,47.5,26.7,4.0,2.0,7.2,7.0,5.1,3.1,35.4,25.0,17.2,12.2,5.0,3.0,35.0,30.6,39.0,40.6,41.6,38.6,5.1,5.0,8.1,12.0,24.2,29.0,33.3,28.0,4.0,5.0,2.0,3.1,48.0,25.7,2.0,2.0,28.3,27.7,26.3,20.2,2.1,2.0,9.1,10.2,6.1,6.1,22.2,26.0,19.0,21.0
1772528431.8666985,13.3,11.8,13.1,18.2,37.4,38.0,3.0,2.0,4.0,2.1,3.0,6.1,34.7,26.0,31.0,33.0,19.2,11.2,29.0,35.0,38.6,38.0,40.6,41.0,6.0,4.0,9.1,6.1,19.2,31.7,14.0,12.1,3.0,5.0,2.0,3.0,42.6,38.0,3.0,4.0,36.6,36.0,17.8,25.5,5.0,3.1,8.1,9.9,8.0,7.1,14.1,14.1,23.2,18.2
1772528432.872339,14.3,8.1,17.0,19.2,32.7,40.0,5.0,3.0,9.1,4.0,5.1,4.0,27.7,32.0,31.6,32.3,6.1,5.1,29.3,35.0,36.6,36.6,40.6,40.6,5.0,3.1,7.1,8.0,23.0,31.7,38.6,25.0,6.1,2.0,4.0,6.0,42.6,43.6,2.0,5.1,40.0,42.6,25.0,18.2,2.0,2.0,10.1,7.1,8.2,10.1,27.0,27.3,20.2,17.2
1772528433.8753986,17.0,11.1,15.5,15.2,36.4,35.6,4.0,3.0,18.4,5.1,5.1,6.0,25.0,28.0,24.2,21.2,18.0,17.2,38.4,32.0,38.6,38.0,37.3,42.6,5.1,4.0,6.1,7.1,30.7,27.3,40.4,40.0,9.9,3.0,2.0,2.0,46.0,36.0,2.0,3.1,41.0,39.4,22.2,21.2,4.0,2.0,9.0,7.1,6.1,8.0,18.0,20.0,26.7,17.3
1772528434.8761988,11.5,10.0,19.4,10.2,29.6,44.6,4.1,3.0,6.1,12.0,4.0,4.1,29.7,28.0,29.0,14.3,5.1,5.1,36.0,32.3,36.6,40.2,41.0,40.0,3.0,5.1,9.0,8.2,28.3,27.0,37.4,43.4,5.1,2.0,3.0,3.1,46.5,33.0,3.1,3.1,39.6,41.0,20.8,19.2,2.0,2.0,6.1,10.1,6.0,5.2,25.5,24.5,17.3,20.4
1772528435.876284,12.0,6.1,16.8,18.0,37.4,35.0,3.1,1.0,3.0,3.1,5.1,5.1,22.0,29.0,33.3,29.3,15.3,14.3,32.0,30.3,34.0,36.4,44.0,37.6,5.0,5.0,2.0,11.0,24.8,25.3,31.0,32.7,2.0,3.1,2.1,2.0,40.0,36.4,3.0,3.0,40.4,40.6,22.8,20.0,1.0,4.0,8.1,7.1,4.1,7.1,13.0,16.0,14.9,19.2
1772528436.8765523,13.4,10.1,15.3,17.5,34.3,38.6,3.1,4.0,5.1,4.1,6.0,10.0,34.0,30.0,28.7,31.3,8.1,11.2,32.3,37.6,36.6,35.6,43.1,34.0,3.1,4.0,10.1,5.1,24.2,33.0,41.4,38.4,3.0,5.1,4.0,3.0,39.6,47.5,3.0,4.0,40.0,41.0,22.4,25.0,3.0,2.0,10.3,6.1,10.9,7.1,29.0,30.0,23.2,20.2
1772528437.876635,10.4,7.1,16.0,15.8,32.0,32.0,5.1,3.0,10.4,16.3,5.1,5.1,32.0,22.2,22.7,19.6,13.1,10.2,31.6,27.3,35.6,41.0,24.5,27.3,4.0,6.1,10.1,6.1,23.0,27.0,43.0,39.0,3.0,8.1,2.0,2.0,38.0,42.4,16.2,8.2,41.0,41.0,18.0,17.0,4.0,4.0,9.9,10.0,5.1,5.1,9.1,10.1,16.3,18.0
1772528438.8794456,13.0,8.1,16.5,19.4,35.0,42.6,5.1,4.1,12.1,10.1,5.1,6.1,30.3,34.7,17.0,24.0,7.1,8.0,26.3,42.0,43.0,34.7,6.0,34.3,4.0,3.1,6.0,11.0,29.0,30.7,32.0,50.5,4.0,7.1,3.0,3.0,44.1,36.6,22.0,34.7,40.0,40.6,27.0,23.0,2.0,4.0,8.2,8.2,8.2,7.0,27.0,26.0,21.0,21.4
1772528439.8822,10.3,6.1,16.0,11.1,28.3,39.6,2.0,3.1,3.0,4.1,4.0,6.1,28.0,27.7,21.2,25.3,7.1,8.2,28.7,31.7,29.4,36.0,29.0,23.8,3.0,3.0,7.0,5.1,27.0,24.0,43.6,38.6,3.0,2.0,2.0,2.0,34.7,38.0,5.1,5.1,30.7,30.7,16.8,17.3,1.0,2.0,7.1,5.1,4.0,6.1,15.0,17.0,11.1,14.1
1772528440.882282,15.2,6.1,13.1,15.2,34.0,41.6,4.0,4.1,9.2,3.1,4.1,6.0,31.0,22.4,26.3,27.0,12.4,13.1,30.3,34.0,34.7,40.6,34.0,35.6,7.0,4.0,8.2,11.0,28.0,25.0,33.7,42.0,5.1,5.1,3.1,3.1,37.0,43.0,4.1,1.0,31.3,31.3,21.0,21.8,5.0,5.0,7.1,10.1,4.2,6.1,20.0,20.4,23.5,17.2
1772528441.8837774,11.1,10.0,15.2,12.2,45.0,26.7,3.1,2.0,9.1,12.1,4.0,3.1,35.3,20.0,27.7,36.0,9.9,9.1,34.3,33.0,33.7,35.0,28.0,38.6,5.0,3.0,8.1,8.0,27.0,24.2,32.0,35.4,3.0,5.1,2.0,3.1,37.4,44.6,3.0,2.0,32.3,31.0,23.0,22.0,7.1,2.0,7.9,7.1,8.1,7.1,21.0,21.8,21.0,16.0
1772528442.884789,12.4,8.1,16.2,18.4,42.0,38.6,5.0,4.0,11.1,16.3,5.1,5.0,30.7,33.0,20.8,23.2,12.2,12.2,37.4,34.0,35.0,35.6,11.0,31.3,3.1,3.1,6.1,7.2,28.7,29.0,46.0,34.7,3.0,5.1,3.0,5.2,44.6,41.0,3.0,3.1,31.0,30.3,21.0,22.0,2.0,4.0,11.1,7.1,6.1,7.1,17.0,18.2,22.2,18.4
1772528443.8860319,12.4,8.1,20.2,17.0,38.8,33.0,3.1,4.1,4.1,2.0,6.1,7.0,34.0,27.0,18.6,16.2,10.1,10.1,38.6,33.7,36.3,39.0,33.0,37.6,2.0,5.1,10.0,8.2,39.0,22.0,41.0,40.6,5.1,4.0,1.0,3.0,38.6,41.0,1.0,4.0,35.4,40.6,24.0,22.8,3.0,2.0,9.1,9.2,6.1,8.1,23.0,24.2,21.2,21.2
1772528444.8889916,13.3,7.0,10.2,23.2,53.5,22.0,5.0,1.0,10.1,10.2,5.0,4.1,33.0,27.7,29.7,23.2,14.0,13.3,32.3,33.7,39.0,39.2,41.6,35.6,4.0,7.1,9.2,7.1,29.4,27.0,42.6,38.8,4.0,6.0,7.1,5.0,49.0,32.0,4.9,4.0,41.6,38.4,22.0,22.2,5.1,3.0,9.1,8.9,7.1,7.0,19.8,20.0,20.0,22.0
1772528445.8903015,9.3,11.1,14.1,20.4,44.4,31.7,6.0,4.0,10.1,9.2,6.1,6.0,28.3,27.3,35.4,38.0,8.2,10.1,34.3,39.2,40.2,39.0,41.0,19.4,4.0,4.0,9.9,6.1,30.3,30.3,11.3,41.6,3.0,6.1,37.0,3.0,41.6,41.6,2.1,2.0,32.0,35.0,24.2,28.0,0.0,3.1,11.0,10.1,7.1,7.1,20.2,24.0,22.2,21.2
1772528446.89509,12.9,8.1,16.7,15.3,43.6,31.7,3.1,1.0,10.3,7.9,25.3,6.1,28.7,34.7,22.2,23.0,8.1,3.0,32.0,36.7,36.6,37.3,43.6,37.3,3.0,5.1,7.1,9.0,24.8,26.0,7.9,11.2,4.0,5.0,11.1,1.0,34.3,45.5,3.0,3.1,22.0,21.8,21.0,18.8,6.9,1.0,7.1,7.1,7.0,8.0,14.0,15.2,24.8,14.0
1772528447.8961122,14.3,6.0,15.3,14.1,42.9,29.7,5.0,3.0,4.0,2.1,20.8,7.9,34.7,27.3,15.0,8.2,15.0,9.1,36.6,36.6,34.7,35.6,42.2,39.6,7.0,4.0,7.1,8.0,24.2,32.7,27.0,21.2,4.0,4.0,5.1,6.0,35.6,47.5,4.1,2.0,23.8,22.0,23.8,19.2,2.0,3.0,5.1,10.1,5.1,5.1,24.8,26.5,19.8,18.2
1772528448.8973055,11.1,10.2,17.5,16.5,30.9,44.0,3.1,4.0,7.1,17.2,8.0,4.1,25.5,38.6,26.0,26.0,2.1,9.1,36.4,35.0,37.6,38.0,45.5,36.0,2.0,7.0,7.1,7.1,30.7,25.5,46.0,35.6,7.0,4.0,3.0,9.2,31.4,50.0,11.1,10.1,22.2,22.2,23.0,19.2,3.0,4.0,10.0,10.0,7.0,9.0,11.2,14.0,18.4,26.0
1772528449.9013374,14.7,13.9,16.0,20.0,44.6,32.7,3.1,4.1,16.3,9.3,4.1,6.9,30.0,34.0,35.4,41.4,12.0,16.5,32.0,35.4,35.0,36.3,37.0,43.0,4.1,5.2,7.1,12.1,25.3,35.6,41.0,39.4,3.1,5.1,2.1,2.0,33.7,47.5,9.1,5.2,23.0,23.0,18.2,25.7,3.0,4.0,8.1,11.9,4.1,8.1,26.0,26.3,16.0,22.2
1772528450.9041212,11.2,8.2,18.2,15.2,37.0,40.2,6.0,3.0,5.1,3.1,17.2,5.2,33.7,34.0,23.7,25.8,12.2,3.1,29.6,34.0,37.0,35.6,18.0,26.7,7.0,4.0,8.2,9.1,32.0,26.0,50.0,32.7,7.1,7.0,4.0,6.1,40.0,39.0,3.1,2.1,31.3,32.0,18.8,21.2,3.1,3.0,6.2,8.1,8.0,6.1,19.0,20.2,22.0,18.2
1772528451.9061067,15.0,10.0,16.3,16.3,32.3,37.0,4.0,4.0,9.9,4.0,35.4,5.1,23.8,32.0,8.1,12.1,9.1,19.0,34.0,35.0,36.6,38.6,26.0,29.0,7.0,5.0,7.9,5.1,22.8,29.6,43.6,37.0,4.0,4.1,3.1,5.1,50.0,34.7,3.1,3.1,31.7,31.0,22.0,23.0,2.0,3.0,9.0,9.1,5.1,7.1,21.8,20.0,23.0,21.0
1772528452.906808,11.2,8.2,17.8,18.2,44.4,27.0,4.0,3.1,12.4,7.1,35.6,5.1,36.6,23.2,25.7,19.2,10.2,14.3,32.3,33.3,40.2,36.3,30.7,29.0,7.0,5.1,6.1,11.9,25.0,28.7,40.4,38.0,3.0,4.0,4.1,5.1,32.0,49.5,3.0,3.1,32.0,32.7,18.2,17.3,4.0,2.0,5.1,9.0,9.0,6.2,23.2,25.0,18.2,17.2
1772528453.9079273,14.1,10.1,19.2,14.3,21.6,48.0,4.1,3.0,9.2,13.9,17.3,11.1,26.3,35.6,43.0,37.4,6.1,8.3,31.3,31.3,38.0,35.4,22.0,39.6,4.1,3.1,11.1,10.2,28.3,26.0,39.4,43.0,6.0,7.1,3.0,3.1,47.0,32.7,9.1,4.1,36.4,40.8,16.0,23.0,3.1,3.0,9.2,8.2,6.1,8.1,22.0,20.4,21.0,16.2
1772528454.9089954,9.4,7.0,12.4,18.0,43.4,33.3,3.0,2.0,5.2,4.1,11.0,7.1,23.0,35.4,28.3,28.6,17.2,12.0,38.6,30.7,37.6,37.0,31.6,36.0,3.0,5.1,6.1,8.0,28.0,26.3,38.0,40.0,2.0,2.0,0.0,3.0,38.2,42.0,8.2,2.0,39.6,41.6,19.2,23.2,3.0,1.0,8.0,10.9,7.0,6.1,18.4,19.6,15.0,23.0
1772528455.9101737,12.1,8.1,17.6,14.1,29.3,47.1,3.0,6.1,13.0,10.1,28.7,6.1,23.2,31.0,10.1,8.0,5.0,5.1,30.3,33.0,37.3,36.3,40.2,40.6,2.0,6.0,12.0,11.1,30.0,30.0,34.7,43.6,4.0,4.1,2.0,3.0,48.0,29.1,4.0,2.0,41.0,39.0,23.0,23.5,4.0,4.0,8.1,7.1,5.1,7.1,21.6,18.4,17.0,20.4
1772528456.913567,13.9,11.2,15.5,21.2,30.6,44.0,6.0,3.1,4.0,3.1,32.7,6.0,31.7,30.0,26.5,30.7,15.5,14.3,34.0,34.0,35.6,36.4,27.7,34.3,5.9,5.0,10.0,10.1,26.0,31.0,27.6,28.3,10.2,3.0,4.1,1.0,37.6,45.5,12.1,9.3,39.6,42.0,31.3,23.2,3.1,2.0,7.2,9.0,8.1,6.2,20.4,21.0,21.2,17.3
1772528457.9136457,12.4,8.0,16.5,15.3,36.4,36.0,3.1,4.0,11.3,11.3,22.0,5.1,35.0,30.3,42.4,35.4,4.1,3.1,36.0,32.3,39.0,41.2,30.3,33.7,4.1,4.0,9.2,6.1,34.0,25.3,29.0,26.3,9.2,7.0,4.1,2.1,41.0,40.4,9.4,23.0,32.7,31.0,22.0,23.2,6.0,2.0,10.0,9.3,7.1,7.1,22.8,20.0,20.2,21.2
1772528458.9172156,17.8,9.9,17.8,15.0,48.0,28.7,3.0,1.0,4.0,4.0,4.0,4.1,31.7,25.5,23.0,25.7,10.0,20.0,32.0,36.6,38.0,36.6,35.3,31.0,4.0,4.0,8.0,6.0,29.7,24.0,41.2,20.8,3.0,7.0,3.0,4.0,33.7,48.0,21.2,9.1,30.7,30.0,21.2,21.0,1.0,4.0,5.1,11.0,5.2,6.1,20.2,18.4,22.0,17.8
1772528459.9177077,13.3,10.1,19.2,16.2,37.8,33.3,3.0,5.1,10.2,12.2,3.1,9.0,33.0,30.0,8.2,9.3,3.0,5.2,24.5,35.7,35.0,37.3,37.0,46.0,6.0,3.0,10.1,6.0,25.3,31.0,42.4,37.4,3.1,1.0,3.1,3.0,35.0,47.0,7.1,7.1,31.0,31.0,22.0,19.0,3.1,2.1,11.0,9.1,6.0,8.0,23.2,23.8,17.3,24.0
1772528460.9188757,15.8,8.0,11.5,14.3,44.9,29.0,4.0,4.0,4.1,3.1,4.1,2.0,26.3,31.0,19.0,18.4,11.2,10.1,35.0,32.7,38.2,34.3,43.1,21.0,4.0,5.0,4.1,6.1,27.7,26.7,34.0,42.0,3.0,5.1,1.0,5.0,48.0,34.7,3.0,3.1,28.9,32.0,22.0,18.0,4.0,3.0,9.1,9.0,7.1,5.1,14.0,13.1,23.0,13.1
1772528461.9200144,13.1,9.2,18.2,21.0,39.4,41.6,6.0,3.0,8.2,13.9,5.0,4.0,29.7,27.7,39.6,40.6,8.1,8.1,30.7,40.0,35.3,40.8,41.0,12.0,3.1,4.0,7.9,7.1,30.0,30.0,20.0,32.0,4.0,2.0,5.1,1.0,38.6,40.2,3.0,3.0,38.2,33.3,26.0,23.2,1.0,1.0,10.0,8.1,5.9,7.1,21.0,23.2,26.0,16.0
1772528462.9226844,12.2,9.0,22.5,12.1,37.8,29.3,6.1,4.1,5.1,3.1,4.0,3.1,31.0,23.2,26.5,28.3,4.0,6.1,29.3,33.0,34.3,41.0,41.6,19.4,3.0,3.1,5.2,5.1,24.5,28.0,24.5,23.2,3.0,3.1,3.0,2.0,37.4,41.4,1.0,3.1,41.0,40.0,16.2,21.8,3.1,2.0,6.1,6.1,5.1,7.1,12.1,14.1,15.3,16.3
1772528463.9227705,13.4,6.0,15.3,13.0,31.0,46.1,5.9,4.0,13.3,14.0,6.0,8.0,20.8,38.0,9.1,13.0,16.0,11.0,34.0,31.7,32.7,30.7,34.0,44.1,5.1,4.0,8.0,8.9,25.7,24.8,41.0,34.0,6.0,5.0,4.0,4.0,29.1,53.5,3.0,5.1,40.4,40.0,17.0,19.0,4.0,2.0,10.1,8.0,6.1,5.1,27.3,28.3,20.8,18.2
1772528464.923807,16.2,10.1,18.2,21.4,36.1,34.7,1.0,6.1,4.1,6.1,5.1,8.0,28.3,39.4,22.7,19.4,2.1,8.3,37.0,31.3,38.0,42.0,43.6,36.0,6.0,4.1,9.1,8.2,27.5,34.3,42.0,39.4,4.1,5.1,4.0,4.0,41.4,41.0,0.0,4.1,38.0,40.0,28.0,25.0,3.1,3.1,10.1,12.1,7.1,7.2,13.0,11.1,21.2,22.4
1772528465.9246044,10.2,8.1,10.2,16.0,31.0,38.0,2.0,6.1,4.1,10.2,5.0,5.1,36.4,17.8,39.6,39.6,13.1,17.8,36.6,27.6,30.7,34.0,41.0,36.0,3.0,8.1,7.1,7.1,22.4,20.2,40.6,25.0,3.0,4.1,2.0,4.0,48.5,33.3,3.0,2.1,20.2,21.8,18.2,17.2,5.1,2.0,8.1,9.1,7.0,6.1,30.0,31.3,17.3,16.2
1772528466.9246852,13.3,10.2,14.1,18.6,37.8,36.6,6.0,1.0,7.1,12.2,4.1,4.2,32.7,31.0,25.5,27.3,2.1,10.1,29.6,33.7,41.0,37.0,35.0,46.0,4.0,3.1,8.2,7.0,34.0,29.0,29.3,23.5,4.0,5.0,6.1,2.0,28.7,51.5,2.1,5.9,23.5,22.0,22.2,25.3,9.3,2.0,10.1,8.0,7.1,10.1,12.1,16.0,19.0,24.2
1772528467.9247718,15.3,9.0,20.4,22.0,39.8,37.0,3.1,4.1,8.1,15.3,6.1,5.1,32.3,31.0,11.2,12.2,14.1,13.4,35.0,40.8,39.0,41.2,40.6,41.0,5.1,6.0,8.1,7.2,28.3,34.7,30.6,38.0,6.0,4.0,4.1,4.1,47.5,35.4,4.0,3.1,22.4,21.4,30.3,20.2,4.0,4.0,10.2,12.1,8.1,6.1,24.2,19.4,25.5,20.4
1772528468.9354954,14.0,8.9,14.1,17.0,32.0,43.1,6.9,6.1,4.0,8.2,4.0,5.0,34.0,27.5,29.0,20.2,8.1,5.0,38.0,29.7,36.6,39.6,35.6,35.3,3.0,6.1,7.9,9.1,22.8,32.0,45.1,35.6,4.0,5.0,2.0,4.0,41.7,41.2,6.1,12.0,23.8,22.8,19.0,22.5,2.0,3.1,8.9,10.0,7.9,7.1,22.0,20.8,21.6,17.0
1772528469.9374492,14.3,7.1,14.9,16.3,36.4,41.6,10.1,6.1,6.1,6.1,5.0,6.0,34.0,33.0,40.4,39.0,15.8,13.3,33.7,26.3,36.6,36.3,7.1,36.6,4.0,4.0,8.1,7.1,24.8,30.0,43.4,38.0,2.0,5.1,2.0,3.1,38.4,41.0,8.1,9.3,44.6,37.4,19.8,18.0,2.0,7.0,8.2,7.0,7.0,8.0,14.0,13.1,21.2,19.4
1772528470.9379692,12.4,9.0,17.3,22.0,33.3,35.6,9.2,12.1,7.2,17.2,5.1,6.1,27.3,33.3,23.0,23.5,3.1,9.1,34.3,36.0,36.6,42.4,37.0,27.3,4.0,6.1,8.2,7.0,28.7,34.7,35.0,46.0,1.1,4.0,2.0,4.1,51.0,31.4,5.1,3.1,40.0,41.6,29.0,22.2,5.0,3.1,11.1,11.3,8.2,5.2,29.7,29.0,27.6,19.2
1772528471.940395,11.3,7.1,15.0,16.3,43.4,27.3,4.1,11.1,11.0,6.1,5.1,5.1,33.7,24.0,15.2,15.2,14.1,13.1,27.6,36.4,37.0,34.7,39.6,42.6,6.0,4.0,9.0,7.1,32.0,24.0,37.0,40.0,5.9,4.0,5.2,3.0,35.7,43.4,4.0,3.1,31.3,30.0,19.0,24.0,2.0,6.1,6.0,8.0,7.0,8.9,11.1,11.3,17.3,19.2
1772528472.940477,10.2,9.0,17.3,16.2,41.4,30.7,4.0,5.1,5.1,12.1,4.1,4.1,31.0,28.0,25.5,28.0,5.2,13.3,37.4,32.7,38.6,39.0,37.6,39.6,5.1,2.0,9.0,5.1,28.3,26.3,38.8,42.6,5.1,3.0,4.0,6.1,40.2,38.6,3.1,4.0,31.0,31.0,21.2,19.0,2.1,3.0,9.2,7.1,8.1,8.2,28.0,29.7,20.0,21.4
1772528473.9405644,10.3,9.1,17.2,14.1,38.4,32.3,3.0,2.0,10.1,3.1,6.1,5.0,24.5,32.0,36.0,36.4,12.1,14.0,33.0,35.0,33.7,38.2,21.2,22.0,1.0,7.9,8.2,7.1,31.0,27.0,43.1,39.0,4.1,4.0,1.0,3.1,55.0,30.0,5.2,5.2,32.0,32.3,26.0,16.3,3.0,3.0,12.1,12.0,7.1,6.1,17.8,13.3,18.2,23.0
1772528474.9408762,13.1,9.1,20.0,14.3,36.7,38.2,3.1,8.1,16.2,9.3,4.1,3.1,22.0,36.6,20.4,21.2,12.4,8.2,40.0,33.3,36.4,35.0,41.0,38.6,4.0,4.1,7.1,9.0,26.0,32.7,38.0,36.7,6.9,4.0,4.1,2.0,42.6,39.0,5.1,3.1,34.0,36.3,18.2,28.7,2.1,4.0,8.1,14.1,7.1,7.1,29.0,31.0,22.0,22.7
1772528475.940961,14.1,6.1,13.3,21.8,37.8,39.0,9.0,2.0,5.1,5.1,4.0,5.1,33.3,31.7,14.1,21.4,12.1,5.0,35.0,29.3,36.3,38.0,40.0,41.6,5.0,3.0,9.0,7.1,31.0,24.5,33.3,31.7,3.1,3.1,5.0,2.0,44.0,35.0,3.1,4.0,34.0,39.0,22.0,20.4,3.0,5.1,9.1,8.2,10.0,5.1,10.1,13.1,20.2,23.0
1772528476.9423473,11.3,7.9,12.2,15.3,34.3,35.6,1.0,3.0,5.2,8.2,5.1,4.0,23.2,30.3,23.2,26.3,10.2,2.0,27.6,31.7,31.7,38.2,49.0,29.7,4.0,4.0,8.1,4.0,25.0,21.0,24.0,29.0,2.0,5.1,2.0,2.0,47.5,37.6,3.0,2.1,30.3,30.0,19.2,19.2,1.0,1.0,8.1,7.0,6.1,5.1,27.0,27.0,13.1,21.0
1772528477.9455025,12.2,8.0,15.2,15.2,46.9,29.0,5.1,4.0,10.1,4.0,6.0,6.0,27.7,33.7,34.3,32.0,13.0,14.1,36.3,32.0,35.0,38.0,35.6,38.0,4.0,6.0,5.1,10.9,28.0,27.3,24.2,33.3,3.0,6.1,2.0,5.0,34.7,48.5,5.2,18.2,31.0,31.3,21.8,21.0,2.0,6.0,8.1,7.1,6.1,6.1,16.0,15.2,18.0,24.2
1772528478.946589,13.0,7.2,16.8,17.0,43.4,28.0,7.1,3.0,9.1,19.4,4.1,3.1,31.0,24.0,22.8,21.2,3.0,9.3,31.6,33.3,36.0,38.6,21.2,40.0,5.0,4.1,10.0,6.1,30.0,26.5,31.0,30.7,3.0,6.0,3.0,3.1,38.0,42.0,7.1,17.0,31.3,30.3,19.6,27.0,2.0,2.0,13.0,6.1,8.1,6.1,23.2,24.0,20.2,17.2
1772528479.9467537,15.2,7.0,15.3,12.5,21.2,51.0,7.1,4.1,4.0,8.1,5.1,4.0,26.5,23.8,10.2,30.0,16.0,13.0,35.0,29.0,35.3,40.0,17.2,43.0,2.1,5.0,6.1,7.1,23.8,27.0,42.4,42.0,5.1,2.0,3.1,1.0,41.4,38.0,9.2,23.7,33.0,37.6,19.4,23.0,4.0,4.0,6.1,8.2,6.1,6.1,19.0,19.0,24.2,12.1
1772528480.9468446,11.3,10.2,22.4,15.2,35.1,39.6,5.1,4.1,3.1,6.1,4.1,5.1,36.3,31.3,22.7,26.5,4.1,10.1,37.0,36.4,39.6,40.0,32.0,26.0,4.0,3.1,7.1,9.1,35.4,32.3,40.6,22.2,3.1,5.0,2.0,3.1,42.2,40.0,8.0,7.2,40.6,40.4,27.0,31.0,1.0,3.0,10.2,11.1,6.1,7.1,17.2,15.6,26.0,25.3
1772528481.9469259,14.3,7.1,16.3,20.2,42.0,37.3,6.0,3.1,9.2,9.2,4.1,5.1,32.0,29.7,32.3,33.3,15.3,18.0,30.3,38.4,37.4,40.0,25.3,30.0,3.1,6.0,9.2,7.1,27.0,33.0,44.0,27.0,3.0,4.1,3.0,5.1,36.0,44.6,3.0,3.1,41.4,41.0,20.4,23.2,8.2,6.1,9.9,8.2,8.1,10.2,27.3,27.0,21.6,19.4
1772528482.947929,13.1,9.9,11.2,13.3,32.7,34.3,3.1,3.0,11.2,9.2,5.0,4.0,25.7,28.0,21.4,21.8,3.0,5.1,31.7,26.0,35.3,37.6,35.6,26.3,4.0,5.1,5.1,6.1,21.2,27.3,30.7,50.0,3.1,4.0,3.1,2.0,41.6,41.0,2.0,2.0,41.0,41.6,19.6,20.0,4.0,1.0,7.0,6.1,8.1,5.1,10.9,9.0,17.2,19.4
1772528483.9480143,10.4,7.1,16.3,15.2,42.0,36.6,3.1,4.0,4.1,10.1,4.0,5.1,28.0,29.3,21.0,19.4,11.0,14.3,33.7,33.7,38.0,35.0,37.0,44.0,5.1,2.0,11.0,6.0,26.0,28.0,41.4,40.0,3.0,4.0,1.0,3.0,36.4,39.0,2.0,4.1,39.4,39.8,23.5,19.0,0.0,5.1,7.1,8.1,5.1,6.1,31.7,32.3,17.2,19.4
1772528484.9496288,12.4,7.1,19.2,11.0,40.0,28.0,4.1,1.0,4.0,7.1,4.0,4.0,30.0,25.7,21.4,26.0,8.2,6.1,33.7,28.7,36.3,33.7,27.7,27.0,3.0,5.0,5.1,8.0,26.0,26.3,33.0,42.4,4.0,4.0,2.0,2.0,39.8,40.6,3.0,3.0,22.8,23.0,21.0,14.9,4.0,0.0,6.0,9.0,6.0,5.1,5.1,6.1,15.0,21.0
1772528485.9500492,14.1,9.1,15.2,19.2,43.4,35.3,5.0,2.0,10.0,8.2,3.0,6.0,33.7,31.0,31.3,33.0,6.1,8.2,33.7,30.3,36.6,36.6,17.2,27.0,2.0,5.1,6.1,5.2,24.0,28.3,38.0,40.6,4.0,5.1,4.0,2.0,44.0,41.0,3.1,2.1,21.2,23.5,25.0,19.2,7.1,4.0,11.1,9.2,6.1,8.1,28.0,29.3,18.2,19.6
1772528486.9534562,13.0,8.2,16.0,19.4,37.4,34.7,5.0,3.1,6.3,19.2,5.2,5.2,31.3,36.3,21.4,20.6,15.2,10.2,37.4,37.0,40.6,41.6,17.0,41.6,5.9,4.0,6.1,9.0,32.3,34.3,26.0,36.0,4.0,5.1,6.1,1.0,45.5,36.6,4.0,2.0,23.0,21.4,24.8,25.0,9.1,6.0,11.0,9.0,7.0,8.0,13.9,15.0,20.2,23.0
1772528487.9535406,10.2,10.1,16.2,15.3,38.0,42.0,3.1,3.0,8.1,2.0,2.0,6.0,33.7,22.2,24.0,21.8,7.1,4.0,34.7,34.3,36.0,41.0,35.6,43.0,2.0,4.1,9.0,8.1,24.8,31.0,21.2,28.3,3.0,3.0,6.9,5.1,33.0,45.0,2.0,2.0,21.0,21.2,24.2,23.0,6.1,6.1,7.1,6.1,7.1,7.1,20.2,21.2,24.2,15.3
1772528488.9563134,13.1,7.1,22.8,19.0,39.0,35.0,4.1,7.1,5.1,7.0,5.1,7.0,34.0,27.3,26.7,28.6,18.4,13.1,36.4,33.0,36.6,37.6,40.6,41.2,4.0,7.0,8.0,8.0,24.0,31.7,24.2,28.3,5.1,4.0,1.0,6.0,37.9,43.6,2.0,3.0,28.3,35.0,20.0,24.8,9.1,5.0,9.0,11.0,7.0,7.1,24.0,22.0,23.2,14.3
1772528489.9564,10.3,8.2,16.0,17.3,33.7,40.6,4.0,2.0,3.1,10.2,6.0,4.1,30.0,27.3,31.6,29.0,2.0,9.2,36.4,30.0,39.6,36.6,40.6,40.6,6.0,2.0,8.2,7.0,25.3,27.8,20.6,40.0,4.0,5.1,2.0,7.2,41.4,36.0,2.0,18.2,41.6,41.0,22.2,19.2,5.2,5.1,8.2,9.0,6.1,4.1,20.0,19.2,17.0,20.4
1772528490.9571893,13.4,9.1,13.3,18.2,34.0,40.6,3.0,0.0,7.3,16.2,5.1,4.1,25.0,28.7,19.6,20.4,19.0,12.0,34.3,32.0,34.0,38.6,46.5,34.7,2.0,4.1,7.1,6.1,27.0,25.7,37.0,39.0,5.9,4.0,1.0,3.0,33.3,50.5,9.1,7.1,40.0,40.0,19.0,22.2,5.0,3.0,9.0,6.1,7.0,8.1,23.0,22.0,22.0,15.8
1772528491.9572618,10.3,9.9,16.0,15.3,42.4,30.0,1.0,9.0,10.1,0.0,5.1,5.9,29.3,36.3,21.0,11.0,4.0,2.0,38.0,25.3,36.6,37.6,43.6,31.3,5.1,3.0,6.1,5.1,24.0,30.3,39.0,42.0,1.0,3.0,3.0,2.0,35.6,38.0,2.0,3.1,41.0,40.0,17.3,19.0,3.0,2.0,8.1,12.0,4.1,8.1,9.0,12.0,19.4,16.7
1772528492.957852,12.2,7.2,19.4,15.0,35.7,38.6,5.0,3.1,5.1,5.1,5.1,5.1,25.3,31.0,25.8,22.0,8.2,21.2,31.0,38.0,37.0,37.6,44.0,34.0,4.0,5.0,7.1,9.0,31.3,27.0,31.3,50.0,5.0,6.1,7.1,4.1,43.0,42.0,4.1,3.1,31.3,31.6,26.0,27.3,13.1,21.4,11.0,10.1,7.1,8.2,27.3,28.0,24.8,19.8
1772528493.963608,9.4,8.0,14.7,14.9,40.4,34.3,5.0,2.0,4.0,3.0,5.9,4.0,34.0,18.0,35.9,36.0,6.9,10.0,26.7,32.7,40.2,32.4,38.2,39.8,4.0,3.0,8.9,5.1,28.4,29.4,21.8,40.2,3.9,3.0,2.9,2.9,45.6,34.0,4.0,2.0,21.4,22.3,22.8,14.9,2.0,27.7,5.9,7.9,6.0,8.0,11.7,11.9,14.9,18.8
1772528494.965173,14.3,10.3,17.5,21.6,42.3,33.7,4.1,6.1,14.4,20.6,3.1,6.2,34.3,35.0,22.4,23.5,14.4,11.2,37.8,35.4,38.0,42.0,38.0,44.4,6.1,5.1,7.2,8.2,27.3,37.0,32.7,39.4,4.2,3.1,5.1,4.1,43.4,38.8,4.1,2.1,22.4,20.8,31.3,25.5,2.0,40.4,8.1,11.3,6.3,7.1,28.6,28.3,21.6,26.3
1772528495.9681022,12.9,9.2,13.4,16.0,35.6,33.7,3.0,2.0,5.1,12.2,6.1,4.0,31.0,28.3,24.2,23.0,7.1,15.0,36.0,31.3,35.0,33.0,25.0,26.3,4.0,4.0,7.0,9.0,23.8,27.6,28.0,38.4,4.0,5.1,2.0,3.1,37.4,43.1,3.0,5.9,21.2,22.0,16.2,24.8,0.0,18.2,7.2,6.1,8.0,6.1,12.0,13.3,20.2,15.3
1772528496.9681945,12.1,13.9,19.8,19.2,34.0,36.0,3.1,3.0,3.0,4.0,6.0,2.1,33.7,26.0,23.5,21.4,4.0,9.1,36.0,36.6,37.9,36.0,13.1,9.9,6.1,3.0,5.1,7.1,31.0,26.0,34.3,30.7,2.0,4.0,0.0,2.1,34.7,46.5,2.0,3.1,22.2,28.0,20.0,28.0,1.0,36.0,10.1,8.1,7.1,6.1,28.0,28.7,24.2,21.2
1772528497.9692967,8.3,11.0,22.2,13.1,46.5,32.7,4.0,3.0,4.1,3.1,5.1,5.1,27.0,33.7,30.3,27.3,19.2,13.1,38.0,31.0,38.0,39.2,28.0,20.2,5.1,3.0,8.1,8.1,27.0,30.4,37.0,43.4,5.1,3.0,4.0,3.0,45.0,32.0,2.0,3.1,42.4,38.4,24.0,22.2,4.9,14.1,10.0,11.1,8.0,9.0,13.3,13.3,23.0,22.0
1772528498.9693828,14.3,9.1,15.3,15.5,39.4,35.0,2.1,2.0,13.3,17.2,5.1,6.0,30.3,28.6,23.2,20.4,2.0,9.1,35.4,43.0,36.6,40.0,21.8,21.0,4.0,7.1,6.1,6.2,30.0,25.3,33.3,35.4,4.0,3.0,1.0,4.1,39.6,42.0,10.2,2.1,41.0,40.0,22.2,24.8,2.0,3.1,7.1,9.0,10.1,8.2,28.4,24.8,19.0,18.4
1772528499.9694633,13.0,9.1,17.0,16.2,42.6,28.0,5.0,2.0,12.2,5.1,4.0,5.1,24.0,33.3,31.0,22.2,18.0,12.1,29.7,35.4,33.0,37.6,38.0,30.0,5.0,8.1,8.1,6.1,26.3,27.7,36.0,27.0,4.1,3.0,3.0,2.0,42.6,40.0,15.2,18.0,40.0,40.0,19.0,14.1,4.0,2.0,5.1,9.1,6.1,8.0,13.3,16.2,17.2,18.2
1772528500.969628,15.2,16.0,17.3,19.0,36.1,39.6,4.0,3.0,4.0,6.1,5.1,4.1,29.0,30.3,22.0,21.0,2.1,9.1,34.3,35.0,39.2,37.6,41.6,41.2,3.1,6.0,8.1,5.1,26.0,32.3,40.0,41.0,4.0,7.0,4.0,2.0,38.0,40.6,10.0,10.3,41.0,39.0,19.2,24.0,3.1,2.0,9.0,10.1,7.1,5.2,22.8,20.2,17.0,24.2
1772528501.973317,13.4,8.2,19.8,18.4,50.0,27.0,2.1,3.0,4.1,2.1,5.1,4.1,32.3,28.0,28.6,26.3,13.3,18.4,36.4,33.3,36.0,33.7,41.0,39.4,2.1,5.1,13.1,8.8,38.0,26.3,39.0,42.6,3.1,4.1,4.0,3.0,34.0,47.1,18.4,6.0,40.0,40.0,25.3,22.0,5.1,0.0,11.1,8.0,11.2,8.1,17.3,19.2,21.2,23.2
1772528502.9733987,11.3,8.2,12.4,18.6,34.3,45.0,5.0,3.0,8.2,23.7,5.1,4.0,28.7,28.7,19.4,22.2,9.0,4.0,36.4,31.3,43.6,40.6,42.6,39.6,3.0,3.1,5.0,7.3,29.0,29.0,39.0,42.0,6.0,4.0,4.1,2.0,37.0,35.4,7.1,6.1,41.0,41.6,23.2,16.0,2.0,4.0,7.1,8.2,6.2,6.1,19.2,20.0,18.2,21.0
1772528503.973483,15.0,8.0,19.2,15.2,41.4,34.7,6.1,2.1,13.1,5.1,5.0,3.1,27.3,29.0,29.7,35.4,18.4,18.2,33.0,36.6,38.4,38.6,33.7,39.0,5.0,5.1,5.2,7.1,31.0,33.3,45.5,27.0,3.0,6.1,3.0,5.0,36.4,46.0,5.1,2.0,35.0,35.4,25.0,27.7,4.1,2.0,10.1,9.1,8.9,8.0,23.0,19.4,20.4,20.2
1772528504.9735744,13.1,9.1,14.3,11.1,36.7,30.0,2.0,4.0,5.1,6.0,5.1,5.1,24.8,33.0,22.2,25.3,3.1,3.1,35.4,29.6,36.3,37.0,10.1,28.7,2.0,5.1,7.9,6.1,25.5,28.0,15.2,25.7,3.0,3.1,3.1,2.0,39.2,40.6,2.1,1.0,21.0,20.0,18.0,19.0,3.0,2.0,8.1,6.1,7.1,4.0,17.3,15.2,17.2,16.0
1772528505.9764683,14.1,9.1,21.0,12.1,31.3,41.6,3.0,2.0,5.1,4.1,4.0,6.9,33.0,26.0,27.0,21.2,11.0,21.0,34.3,34.7,33.3,38.6,21.0,20.0,5.1,5.0,10.1,8.0,22.0,30.7,26.3,27.3,4.0,5.9,1.0,3.1,43.0,44.0,2.0,4.0,21.4,21.8,20.0,24.0,2.0,3.0,7.1,8.9,7.1,7.0,22.8,23.5,18.0,24.5
1772528506.9780014,11.9,11.0,15.2,13.1,34.0,38.2,3.0,3.0,20.2,15.3,4.0,2.0,31.0,22.8,23.2,23.5,2.1,4.0,30.7,34.3,31.7,33.7,18.0,20.8,4.0,4.0,7.1,5.9,26.3,30.4,26.7,36.0,4.0,2.0,3.1,3.0,30.7,51.0,2.0,4.0,22.8,20.2,17.0,24.2,8.0,6.0,10.1,7.0,7.0,7.1,11.0,12.0,17.2,22.0
1772528507.9788487,11.3,9.1,22.0,14.3,32.3,35.0,4.0,6.1,7.1,2.1,6.1,6.0,29.0,28.3,29.6,34.7,10.1,11.3,33.0,27.8,36.6,37.0,21.8,21.8,5.1,2.0,7.0,6.1,31.0,33.0,39.4,42.0,5.1,4.0,4.0,3.1,34.0,44.4,2.0,4.0,22.0,25.3,24.0,24.0,8.0,7.1,7.1,7.1,6.1,7.1,27.7,27.3,20.4,16.3
1772528508.9792683,13.1,10.1,21.4,21.0,36.1,39.6,2.1,2.0,4.0,4.0,3.1,5.2,37.4,29.0,22.4,27.3,9.2,14.0,41.6,32.0,42.6,37.6,29.0,46.1,6.1,4.0,8.0,9.1,33.3,31.3,33.0,38.4,2.1,3.1,2.0,7.1,39.0,41.6,3.1,4.1,37.4,42.6,25.3,23.0,6.1,4.0,13.1,11.1,7.1,7.2,12.2,19.0,27.0,21.0
1772528509.9802825,13.4,9.3,21.0,19.4,35.0,40.2,5.1,2.0,7.3,9.1,5.1,6.1,33.0,31.0,18.6,22.4,14.4,16.2,32.7,37.4,37.0,39.0,41.0,39.8,4.1,4.0,11.1,6.1,27.3,26.5,33.3,32.3,3.0,3.1,2.0,4.1,43.0,36.0,5.0,10.2,38.0,38.4,26.5,23.2,5.1,3.0,7.2,9.3,8.2,6.1,24.2,24.2,18.2,26.5
1772528510.981507,11.3,6.0,14.0,14.0,28.3,40.6,3.0,2.0,8.1,6.1,4.0,2.0,15.8,30.4,26.7,21.2,3.0,1.0,31.7,29.0,33.7,34.0,38.6,37.6,2.0,4.0,8.0,4.0,28.7,16.8,39.6,41.6,3.0,4.0,3.0,2.0,36.6,39.0,7.2,16.0,32.0,29.7,20.6,12.0,4.0,1.0,6.0,6.0,5.1,5.0,9.0,11.0,13.3,15.3
1772528511.9862041,13.3,9.1,19.4,18.6,43.4,32.7,6.1,3.0,12.0,14.3,5.1,6.0,33.0,32.7,28.6,27.0,10.2,10.0,28.6,40.6,38.6,38.0,23.8,24.0,3.1,6.0,5.1,8.0,31.0,31.0,22.8,32.7,3.0,5.0,2.1,3.0,40.6,40.6,3.0,2.0,29.3,31.3,28.3,22.2,2.1,3.0,9.1,7.1,5.2,7.1,20.2,18.6,20.2,22.8
1772528512.9863777,13.3,9.1,19.0,16.8,36.7,37.6,5.1,2.0,4.1,6.0,6.1,4.0,29.4,38.8,21.2,19.6,11.1,9.2,35.0,34.3,37.6,39.8,22.8,20.0,3.0,5.0,10.0,5.1,26.7,33.7,12.2,28.7,4.0,2.0,4.0,3.1,38.0,43.0,3.1,3.0,32.7,30.7,29.0,25.7,5.0,2.0,10.0,10.1,7.9,7.1,17.2,22.8,21.0,27.0
1772528513.9930162,10.3,11.0,23.2,15.3,38.4,36.6,4.0,6.1,10.1,10.1,5.1,6.1,27.0,34.3,23.0,24.2,9.2,8.1,38.6,32.7,39.6,37.0,32.3,30.0,7.0,2.0,6.0,11.0,28.7,34.3,41.6,16.2,6.2,2.0,4.0,5.0,47.5,35.3,2.0,3.1,31.0,31.0,24.8,27.0,3.1,3.0,9.2,8.0,7.9,9.0,22.5,21.6,26.3,19.6
1772528514.993626,13.4,10.1,20.4,13.1,43.9,26.0,1.0,3.1,6.2,11.2,6.0,4.1,27.0,34.7,27.3,28.7,9.3,10.2,34.0,32.0,40.0,36.6,36.0,45.0,4.0,4.0,7.1,4.1,28.0,27.3,33.3,26.0,5.9,2.0,2.1,2.0,44.0,35.0,4.1,3.1,36.6,31.3,30.7,15.8,6.1,4.0,9.1,9.1,6.2,7.0,21.2,22.2,24.0,14.0
1772528516.0022802,13.1,10.9,22.0,18.8,35.3,42.2,5.0,2.0,13.1,8.2,2.1,5.9,30.7,36.0,32.0,35.6,15.2,15.2,39.2,30.0,35.3,37.3,39.2,43.1,3.0,5.0,8.9,9.7,26.0,29.7,38.6,21.8,5.0,3.0,2.0,3.0,44.1,37.0,2.0,2.0,32.7,30.4,20.0,24.8,4.0,3.0,10.1,9.0,6.1,7.1,22.8,21.8,17.0,24.0
1772528517.0040505,12.4,5.1,12.1,14.0,27.6,41.6,4.0,2.0,3.0,3.1,5.0,4.0,23.5,32.7,20.2,21.0,6.0,2.0,30.3,36.0,33.7,31.7,41.6,23.0,2.0,4.0,7.1,5.1,21.4,23.2,43.0,32.7,5.1,3.0,2.0,3.1,45.5,30.0,3.1,4.0,31.7,32.0,21.0,21.0,2.0,2.1,9.1,7.1,7.1,5.1,11.2,17.2,21.2,15.2
1772528518.0041306,15.2,7.1,18.2,16.2,36.7,34.0,3.1,3.0,7.3,8.2,4.0,7.1,22.8,34.3,20.2,13.3,14.3,12.2,31.0,32.7,37.0,39.0,42.6,27.0,5.0,3.0,6.1,7.1,34.7,23.2,37.4,43.0,3.1,2.0,3.1,1.0,38.0,40.6,2.0,3.0,30.3,31.3,21.0,26.5,3.0,3.1,6.0,10.1,7.0,5.1,23.0,22.2,23.0,20.6
1772528519.0089962,12.5,9.0,17.2,15.3,39.0,36.6,4.0,5.1,8.9,7.2,5.0,3.0,33.7,26.0,24.0,24.0,4.1,5.9,35.0,34.3,38.2,37.6,42.6,39.0,3.0,4.0,6.1,4.0,23.2,35.3,39.2,43.0,4.9,3.0,3.0,3.0,36.6,42.6,2.0,2.0,31.0,29.7,20.2,19.0,3.0,2.0,5.1,10.0,5.1,7.1,15.8,18.8,17.2,18.2
1772528520.0103598,15.3,10.1,21.2,20.0,54.0,18.8,4.1,2.0,17.0,7.9,3.1,5.9,32.0,29.7,29.3,36.0,15.2,14.9,38.0,35.0,37.6,38.6,41.6,22.0,6.9,3.0,7.1,8.0,30.7,26.7,35.6,34.0,4.1,5.1,5.1,2.0,45.5,34.3,8.0,19.8,38.0,40.0,25.0,19.8,1.0,4.0,8.2,10.0,7.1,8.1,20.2,20.2,27.0,17.3
1772528521.0148087,13.1,9.0,15.2,18.2,32.7,40.0,5.0,5.9,6.1,4.1,5.9,4.1,36.6,27.7,29.3,27.6,3.0,7.1,32.3,38.4,38.6,33.3,37.6,21.8,3.1,4.0,6.1,8.0,26.0,25.0,30.6,27.0,4.0,5.1,3.0,2.0,44.6,36.3,21.4,13.4,40.6,40.6,22.5,22.0,4.0,1.0,9.9,7.1,5.1,9.9,22.5,23.0,17.2,20.0
1772528522.01685,11.3,7.1,14.4,16.2,49.0,24.8,4.0,3.1,11.1,10.1,6.0,3.1,24.0,30.7,19.8,16.3,16.2,11.1,36.4,31.0,42.6,38.4,31.7,31.3,5.1,3.0,8.1,5.1,30.7,23.2,16.0,22.0,2.0,4.0,2.0,4.0,45.0,36.0,4.0,5.1,40.0,40.0,21.2,19.0,2.0,2.0,8.1,10.0,5.1,7.1,16.2,19.0,25.7,16.8
1772528523.017215,13.3,13.0,19.8,16.2,38.8,33.0,3.1,2.0,7.2,8.3,3.1,4.1,32.3,24.2,24.2,20.6,3.1,7.1,30.7,35.0,34.0,36.6,24.0,19.8,3.1,3.0,8.1,7.0,25.3,32.3,22.0,39.0,4.1,4.0,3.1,3.1,33.7,49.0,7.1,16.3,41.4,40.4,14.1,21.4,3.0,6.1,8.2,11.0,7.1,5.2,22.2,23.2,20.2,18.2
1772528524.0174773,10.5,7.1,15.3,17.2,39.0,36.3,6.1,2.0,9.1,14.1,5.0,6.1,33.7,29.0,28.6,37.6,19.0,15.3,36.4,35.4,38.6,37.6,22.0,20.2,5.1,5.0,8.1,8.1,24.0,35.6,20.2,41.4,5.1,3.1,2.0,5.0,45.0,35.0,6.1,4.1,27.7,29.0,25.3,21.0,3.0,3.0,8.9,6.1,7.1,7.1,19.2,16.3,26.0,19.4
1772528525.019991,14.3,7.1,20.6,21.2,36.7,36.0,5.1,3.0,4.1,9.1,6.0,5.1,31.0,29.7,30.3,31.3,10.1,7.2,32.3,32.0,39.6,37.6,23.8,41.6,4.0,6.1,6.1,7.1,34.7,22.2,34.0,44.0,4.0,4.0,4.0,3.0,42.0,40.6,3.0,4.0,22.0,22.0,23.0,21.8,3.0,2.0,8.1,9.1,6.1,7.1,25.7,25.0,23.0,20.0
1772528526.0257368,9.3,7.1,11.1,13.1,44.6,22.5,2.0,3.0,12.1,14.1,4.0,5.1,28.0,26.0,20.2,19.0,8.2,12.9,34.0,33.0,32.4,30.7,36.0,32.7,3.0,5.0,8.0,6.9,29.6,21.0,35.6,44.6,4.0,4.0,3.0,2.0,30.7,46.1,2.0,3.0,21.2,20.0,18.8,15.2,2.0,3.0,6.1,10.0,7.0,5.0,13.9,14.9,12.4,19.0
1772528527.0279772,12.1,8.1,21.0,17.3,33.0,39.0,4.1,3.0,4.1,12.0,4.1,4.1,31.7,27.5,22.2,23.0,10.0,3.0,32.0,38.6,39.0,39.2,26.3,36.0,5.1,3.0,4.0,8.1,31.7,27.0,35.0,29.3,4.0,4.0,2.0,3.0,39.6,41.0,2.0,3.0,22.8,22.0,21.2,21.2,2.0,2.0,8.8,8.0,6.1,7.1,26.7,25.5,22.8,18.2
1772528528.0280569,13.0,11.0,16.3,13.3,30.9,40.6,3.0,4.0,10.1,7.1,5.2,6.0,22.2,34.3,25.5,32.7,9.3,16.0,39.0,26.3,37.6,37.6,32.0,39.0,3.1,5.1,10.0,5.1,24.0,30.0,36.0,32.7,3.0,5.1,6.1,3.1,37.0,43.0,5.1,3.1,36.0,28.6,19.8,21.0,5.0,3.1,8.2,5.2,7.1,5.2,14.1,13.0,23.2,14.4
1772528529.0290785,14.1,6.1,15.2,22.0,35.6,42.6,5.1,2.0,3.1,5.1,5.1,6.0,33.0,30.0,28.3,29.3,10.0,4.0,31.3,40.8,38.4,39.0,26.7,41.2,5.0,4.0,5.1,9.0,33.3,36.0,35.0,42.4,5.0,4.0,6.0,4.0,35.0,48.0,3.1,2.0,37.8,36.6,25.5,23.0,2.0,5.0,12.1,10.0,7.1,9.0,24.2,29.0,23.0,19.2
1772528530.0317507,10.4,10.9,18.2,19.4,31.3,40.2,2.0,3.0,16.2,8.2,5.1,2.1,25.7,32.3,22.0,20.2,15.3,9.1,33.0,40.2,41.6,35.6,40.2,24.0,4.0,5.1,6.1,9.1,29.7,25.0,22.2,27.7,4.0,5.0,2.1,3.0,45.1,37.0,9.2,15.0,31.7,30.7,20.8,24.2,3.0,9.2,10.0,10.1,8.1,6.1,15.2,18.0,23.0,19.0
1772528531.033391,13.4,9.2,15.5,20.2,36.4,34.0,4.0,3.0,5.1,10.3,6.1,4.0,18.2,41.6,19.4,18.6,8.1,11.2,40.4,34.0,38.2,38.4,20.2,22.2,4.0,6.0,10.1,6.1,36.4,24.5,26.3,24.2,4.0,3.0,4.1,0.0,38.4,43.6,6.1,7.1,30.6,31.3,19.2,27.7,2.0,4.1,8.1,8.2,5.1,8.0,18.2,20.2,18.2,27.3
1772528532.0334795,15.3,12.2,13.3,24.2,38.4,41.0,3.1,6.1,4.1,12.1,4.1,6.1,30.7,30.0,30.3,26.5,17.2,9.2,29.0,34.3,42.4,39.2,29.0,43.0,4.0,5.1,4.1,11.1,31.3,30.0,38.0,40.4,4.1,2.1,3.0,4.0,37.6,41.6,3.1,3.0,32.4,29.6,25.0,22.2,4.1,2.0,9.1,10.1,8.1,6.2,23.0,24.2,22.4,22.2
1772528533.0357354,13.3,9.9,18.4,22.0,35.7,42.0,5.1,2.0,3.1,3.1,4.0,6.2,28.0,39.6,31.3,31.3,4.0,10.0,40.0,36.4,39.6,36.6,41.6,42.2,4.1,5.0,6.1,7.1,31.3,30.0,45.0,36.0,6.1,4.0,5.1,6.1,44.4,40.6,6.1,2.0,36.7,33.0,25.0,26.3,5.0,3.0,13.9,8.9,8.1,6.1,19.2,19.2,21.2,22.2
1772528534.0358229,14.1,11.2,16.2,17.2,30.6,45.1,2.1,1.0,14.4,17.3,5.1,4.1,26.7,34.7,23.5,24.2,16.3,9.2,36.3,34.0,36.6,41.0,38.0,41.6,7.1,3.1,9.2,9.0,32.0,25.3,48.0,33.7,4.1,1.0,2.0,2.1,48.0,32.7,3.0,3.1,41.6,40.6,17.2,27.7,2.1,2.0,5.1,12.1,8.0,6.1,24.0,24.0,20.4,22.2
1772528535.0359137,16.5,12.2,15.2,20.4,39.8,32.7,5.1,4.1,5.1,8.1,5.1,5.1,30.0,33.0,29.3,18.2,9.3,8.1,34.3,36.4,35.3,37.3,35.6,39.4,5.1,4.1,9.0,9.2,30.4,31.0,48.0,32.7,7.0,5.0,7.1,4.0,33.3,47.0,3.1,5.1,40.0,41.0,16.3,29.3,2.0,6.1,11.0,8.2,6.1,7.0,18.2,18.2,22.0,21.2
1772528536.037346,15.5,7.1,15.6,16.2,40.4,31.3,4.0,4.0,7.1,6.1,5.0,6.1,30.0,31.0,26.3,34.0,11.1,15.2,39.8,37.0,35.7,39.0,21.0,41.2,5.1,3.1,10.2,4.0,23.5,30.7,31.7,40.0,4.1,3.0,2.0,2.1,30.7,52.5,2.0,6.1,42.0,40.6,18.0,30.0,3.1,9.0,9.0,6.1,9.0,9.0,24.0,28.7,18.4,21.2
1772528537.0374267,13.3,9.1,18.8,19.2,37.4,39.0,4.0,3.0,4.1,14.3,4.1,4.1,33.3,24.5,29.6,29.3,5.1,8.2,30.0,36.4,39.2,39.6,23.8,37.0,5.1,3.0,6.1,6.1,29.0,25.7,25.3,26.0,4.1,5.1,5.0,2.0,43.4,36.0,8.1,3.1,41.0,39.4,20.8,25.0,4.0,6.1,10.1,9.1,7.1,6.1,14.9,15.3,21.0,19.2
1772528538.038375,14.1,4.1,15.3,14.3,42.0,30.0,3.0,2.0,15.0,13.3,6.1,4.0,25.3,33.0,21.2,19.2,5.2,20.2,29.6,34.3,36.0,41.0,30.3,28.7,5.9,4.0,6.1,6.1,28.3,21.2,44.6,35.0,5.1,2.0,4.1,3.0,40.0,41.6,9.2,3.0,32.0,31.0,18.4,19.2,2.1,3.0,8.0,11.1,5.2,7.0,24.5,28.0,18.2,21.2
1772528539.038463,15.8,12.0,20.2,15.3,46.5,31.7,1.0,4.1,7.1,10.1,5.0,8.2,23.8,32.0,25.5,20.2,2.0,9.3,31.0,34.7,40.6,40.0,21.0,24.0,4.1,4.0,8.0,5.1,28.0,33.7,41.4,41.0,3.0,4.0,1.0,2.0,44.6,35.0,2.1,10.2,31.0,31.0,24.8,20.2,3.0,2.0,8.2,8.0,7.0,7.1,15.7,15.8,23.2,18.4
1772528540.0422263,13.3,8.0,13.3,20.2,35.0,38.0,5.0,2.0,7.1,10.2,5.1,8.0,27.7,39.2,23.2,30.3,8.1,17.0,32.3,35.0,37.0,34.7,29.0,21.0,5.0,4.0,5.1,8.9,21.2,34.0,42.6,38.2,5.0,4.0,5.1,3.0,39.6,41.6,20.2,16.3,32.0,30.0,25.0,20.0,3.1,4.0,7.1,12.0,4.1,9.1,18.0,20.4,20.2,21.2
1772528541.0454512,13.0,6.1,14.0,22.8,37.4,40.6,4.0,5.1,12.2,11.1,6.1,8.0,27.0,36.0,27.6,31.3,9.1,8.0,23.8,43.4,39.2,43.1,40.6,43.6,5.1,3.1,10.0,7.0,29.7,32.3,34.3,30.6,4.2,2.0,5.1,2.0,50.0,37.0,9.0,9.2,32.0,31.0,25.0,25.7,3.0,5.0,8.1,8.2,7.0,7.1,25.3,24.8,21.8,21.0
1772528542.0457788,11.6,6.0,17.2,14.3,36.4,41.0,5.0,3.1,10.2,11.1,3.1,3.1,33.0,26.7,21.4,23.0,9.2,8.1,34.3,28.7,40.2,40.6,34.3,37.6,3.0,6.1,3.1,7.1,26.3,32.7,33.3,32.0,7.0,0.0,9.1,2.0,34.0,40.6,2.0,3.0,40.0,35.6,26.0,20.2,3.1,3.0,10.2,8.9,5.1,8.0,8.2,8.2,18.0,24.2
1772528543.049214,14.3,10.0,15.3,21.2,41.4,35.3,3.1,3.0,6.1,3.1,5.0,6.0,31.7,39.0,19.8,18.2,11.0,3.0,30.3,39.0,35.0,38.2,30.7,16.2,5.0,4.0,10.0,5.1,34.7,28.0,29.0,45.1,5.1,4.0,3.0,4.0,45.6,41.0,12.0,3.1,34.7,34.3,23.8,27.7,3.0,1.0,9.9,10.1,7.1,7.1,31.7,28.0,20.2,21.2
1772528544.0575163,13.0,7.1,17.0,20.2,36.6,39.2,4.0,4.0,4.1,11.0,5.1,4.0,32.0,26.7,22.0,27.5,15.2,10.0,33.0,36.0,37.6,37.6,36.6,24.8,5.0,5.0,9.0,7.9,27.7,28.7,21.0,41.6,4.0,4.0,3.0,3.0,32.0,47.6,12.1,11.0,21.0,20.8,24.2,19.8,4.0,3.9,8.0,10.0,6.1,6.9,12.1,13.1,16.0,24.8
1772528545.0613208,11.1,10.9,18.8,17.0,34.0,38.0,6.1,3.0,3.1,10.0,5.9,5.9,31.1,32.7,30.3,31.3,3.0,8.2,33.7,32.7,39.8,41.2,41.2,28.7,3.0,4.0,7.1,7.8,28.7,29.7,36.6,32.7,5.9,1.0,3.0,2.0,40.6,35.0,2.1,2.0,23.5,20.8,24.8,23.5,3.0,2.0,6.0,11.9,6.0,7.1,25.5,26.0,20.8,21.8
1772528546.0695782,15.7,8.1,17.0,17.0,44.0,27.7,5.0,4.0,14.0,9.0,4.1,4.0,27.0,28.7,26.3,25.7,13.3,9.1,28.0,34.0,37.6,35.6,41.6,21.0,8.0,2.0,6.9,7.1,27.0,30.0,20.8,41.6,2.0,6.0,3.0,3.0,39.2,42.6,2.0,3.0,21.2,23.8,21.8,22.2,3.0,2.0,9.0,7.1,5.0,7.9,19.2,17.0,16.0,19.2
1772528547.0701997,12.2,6.1,11.3,15.2,31.6,38.0,4.1,4.1,5.1,5.1,6.1,3.1,32.0,26.3,20.2,17.3,11.1,7.1,32.3,32.3,35.0,34.3,43.0,33.3,2.0,4.1,7.1,9.3,23.2,31.3,33.3,41.4,4.0,5.1,2.0,3.1,55.6,28.7,3.1,3.0,25.3,21.4,14.3,20.2,5.1,1.0,7.1,8.0,7.2,4.1,20.2,19.4,18.6,16.5
1772528548.0705347,12.1,10.9,16.3,15.2,33.7,36.0,6.1,6.1,11.1,3.1,5.1,5.0,25.5,31.0,29.7,27.3,14.3,10.2,29.7,33.3,35.0,30.0,43.6,42.2,5.0,3.1,5.2,8.1,31.0,27.0,43.0,39.0,2.0,4.0,4.1,3.0,41.6,36.0,4.0,3.0,29.4,32.7,23.0,20.0,3.1,5.0,8.2,12.2,7.0,7.1,19.2,24.0,20.0,18.2
1772528549.0731573,14.0,6.1,13.3,19.2,40.0,36.3,6.1,3.0,14.1,7.1,4.1,4.1,41.6,22.0,36.0,33.7,4.0,16.0,34.3,37.0,38.6,39.2,39.6,39.6,5.0,5.0,7.9,8.1,26.0,32.0,38.4,39.6,6.1,2.0,5.0,5.0,41.0,39.0,5.0,5.1,31.0,31.0,24.0,20.2,4.0,3.0,9.2,11.9,9.2,7.1,18.0,19.4,21.2,20.2
1772528550.074111,13.9,11.2,16.5,18.4,28.3,46.5,4.1,3.1,13.5,6.1,5.0,7.1,34.7,28.0,24.7,23.5,13.3,8.2,38.0,33.3,37.6,36.0,34.7,46.5,5.1,3.0,8.1,7.1,39.4,15.2,34.0,30.3,4.1,5.1,4.0,3.0,41.0,41.2,7.1,18.0,30.6,31.3,28.0,20.2,4.0,1.0,10.0,6.2,8.9,6.2,22.4,23.0,16.2,24.0
1772528551.074205,14.3,9.1,15.0,19.4,39.8,38.0,3.0,5.1,9.1,4.1,6.0,4.0,30.3,22.2,18.2,20.8,4.1,9.2,33.3,31.7,35.6,35.6,39.0,40.6,4.0,6.1,7.1,7.0,24.8,35.0,40.6,31.0,4.0,5.1,2.0,1.0,42.2,29.3,5.1,4.0,32.0,36.4,24.2,15.0,3.1,3.0,9.0,8.1,6.2,6.1,19.6,19.0,16.0,24.5
1772528552.0743074,14.0,13.3,17.5,22.0,50.5,28.3,3.1,4.0,8.1,3.1,3.1,4.1,33.0,35.0,30.3,16.7,6.1,17.2,38.4,40.0,42.0,45.1,42.0,36.6,3.1,3.0,8.0,6.1,29.3,34.0,39.4,35.0,4.1,4.0,2.0,3.0,43.0,40.0,4.0,1.0,40.6,40.6,31.0,30.7,7.1,2.0,12.1,11.0,7.0,7.1,19.4,20.2,22.4,26.5
1772528553.0743947,12.4,8.0,19.0,15.2,47.5,20.0,5.1,0.0,9.2,12.2,4.1,4.0,30.0,29.7,34.0,29.3,10.1,6.1,32.3,31.6,34.7,37.0,29.0,38.4,4.0,4.1,8.0,6.1,28.0,24.0,26.0,25.3,4.1,3.0,3.1,3.1,37.6,42.0,4.0,5.0,41.4,40.6,19.0,20.4,6.1,4.0,10.1,8.1,5.2,7.1,17.0,16.0,18.0,20.2
1772528554.0744948,12.2,8.1,20.2,14.3,47.5,23.2,2.0,2.0,12.2,6.1,8.0,7.1,34.7,29.0,23.0,22.2,9.1,15.0,36.4,35.4,34.3,40.0,35.4,34.0,4.1,5.0,11.0,5.1,33.7,28.3,30.3,32.0,6.1,2.0,5.2,1.0,44.4,37.0,3.1,3.1,40.0,41.4,18.4,23.0,5.0,3.0,10.1,7.1,8.1,7.1,23.0,25.3,24.5,19.2
1772528555.075388,9.3,9.1,12.4,15.2,40.4,34.3,5.9,2.0,11.1,3.0,4.0,3.1,33.3,25.0,26.3,24.2,9.1,5.1,32.3,29.3,32.7,35.3,40.6,41.0,5.0,4.1,7.1,8.0,28.0,20.8,23.8,36.6,6.0,2.0,3.0,3.0,48.0,39.4,5.0,1.0,40.6,40.0,22.0,18.2,4.1,3.1,7.0,9.1,6.1,7.1,18.2,18.0,16.0,19.0
1772528556.0807135,12.4,7.1,14.9,16.0,33.3,38.6,5.0,5.1,6.0,4.0,5.1,8.0,29.4,33.0,23.0,26.3,13.3,8.2,28.0,35.0,37.3,37.0,27.7,33.7,6.0,6.0,10.1,6.9,24.8,33.3,32.7,46.5,5.0,2.0,3.0,3.1,38.6,41.2,2.0,3.0,40.6,40.6,19.2,18.2,2.0,1.0,9.9,6.9,5.1,7.1,23.5,25.3,19.2,24.2
1772528557.0809798,12.0,8.1,12.1,18.4,33.0,43.0,4.0,2.0,9.1,4.0,6.0,6.0,31.3,25.0,32.0,30.3,11.0,3.1,32.0,28.0,34.3,35.6,0.0,21.0,4.0,4.1,6.1,4.1,24.2,27.0,36.7,43.0,4.1,5.0,5.1,3.0,36.6,38.6,1.0,2.0,39.8,41.0,20.8,18.2,2.0,2.0,7.1,7.1,6.1,5.1,14.1,15.0,15.2,16.2
1772528558.082977,14.0,9.1,16.5,17.2,44.0,25.7,3.1,2.0,14.1,12.4,4.1,4.1,28.3,31.4,22.4,23.0,8.2,15.2,35.0,30.3,37.9,36.0,33.7,33.7,4.0,5.0,9.1,8.0,26.0,34.3,38.6,44.6,6.0,2.0,2.0,3.1,32.0,45.0,3.1,3.1,40.0,41.0,23.2,23.8,4.0,2.0,8.2,9.1,6.1,7.1,21.2,26.0,20.0,19.2
1772528559.0831778,11.3,11.0,17.3,18.2,38.4,36.6,4.0,3.1,4.1,8.2,5.1,4.1,37.6,29.3,19.2,22.4,2.1,11.1,38.0,35.4,38.0,39.2,42.0,40.6,6.1,3.1,9.1,7.1,32.0,29.0,39.4,33.3,3.0,4.0,1.0,4.0,46.5,34.0,3.0,8.2,40.0,41.6,23.8,21.2,2.0,5.1,7.1,14.0,9.0,5.1,19.2,20.0,21.2,24.0
1772528560.0844548,15.2,8.2,21.2,18.4,36.0,35.4,4.0,3.0,4.1,4.0,4.1,5.1,32.0,31.0,33.0,19.2,16.2,11.9,33.0,37.0,37.0,38.6,41.6,40.4,3.1,6.0,7.1,9.0,27.3,33.7,29.7,32.7,7.0,4.0,3.0,2.0,39.2,47.0,14.3,15.8,34.7,34.0,29.3,18.0,4.0,3.0,10.1,9.9,6.1,8.0,24.8,24.2,17.2,27.0
1772528561.0852108,15.0,11.9,17.2,22.2,28.9,49.0,1.0,2.0,7.2,10.3,5.1,4.0,31.7,28.3,32.3,34.7,8.1,2.1,33.3,34.0,41.2,39.6,36.0,41.6,4.1,3.0,8.0,6.1,28.7,31.0,25.0,36.0,2.0,2.0,2.0,4.0,30.7,51.0,16.2,5.2,31.0,30.3,25.0,23.2,1.0,4.0,9.1,8.2,6.1,6.1,15.2,18.2,25.0,20.0
1772528562.08721,10.3,11.1,16.3,15.2,36.0,41.3,4.0,2.0,9.9,12.2,5.0,4.0,29.0,30.7,21.0,21.0,9.1,15.2,36.0,34.0,35.3,36.6,41.7,41.2,4.9,5.1,8.0,8.0,28.0,30.7,26.7,30.7,6.0,4.0,3.0,2.0,47.5,31.0,4.0,4.0,30.7,30.4,18.0,25.0,4.0,3.0,6.0,10.9,8.0,6.0,18.8,20.8,20.0,21.0
1772528563.0890107,12.4,7.1,15.2,16.3,29.6,41.0,6.2,3.0,4.1,11.2,3.1,5.1,32.3,27.3,19.4,23.5,7.1,4.1,34.0,30.3,34.3,36.0,43.0,37.4,3.0,5.9,5.1,8.1,28.0,25.3,33.3,34.3,4.0,1.0,5.1,3.0,35.4,43.6,5.1,12.4,17.2,16.2,19.2,17.0,1.0,3.1,6.2,7.2,5.1,7.1,18.2,19.2,17.3,19.2
1772528564.0925388,13.0,12.0,17.0,17.8,36.3,32.0,9.0,1.0,7.1,3.0,5.1,4.1,35.3,24.8,32.3,19.2,16.8,10.1,34.7,32.3,36.3,36.9,40.0,38.6,4.0,4.1,9.9,5.1,27.0,26.7,46.0,35.6,2.0,4.0,1.0,5.0,40.6,36.6,8.2,10.1,12.9,12.9,24.8,19.6,4.0,3.0,8.0,8.9,7.9,7.1,16.0,14.3,16.3,21.2
1772528565.0926256,15.2,14.3,20.4,15.3,43.3,29.3,5.1,3.0,17.3,13.3,7.1,4.1,28.6,35.4,35.4,34.3,9.3,11.0,39.4,32.3,37.6,41.0,39.0,37.0,5.1,4.1,10.0,8.0,33.0,30.0,36.4,34.0,4.1,4.1,3.1,2.0,48.0,32.7,3.0,4.1,19.2,20.4,22.4,23.0,2.1,3.0,9.1,11.1,5.2,7.2,29.0,26.7,21.8,21.4
1772528566.092724,11.2,10.0,16.2,14.1,32.7,41.6,5.2,1.0,7.1,7.0,6.1,5.0,27.7,31.0,22.2,23.2,5.1,15.2,37.6,33.0,37.6,39.0,37.4,25.0,4.0,2.0,5.1,8.2,26.0,29.3,40.6,27.6,5.9,2.1,2.0,3.0,35.0,49.0,1.0,2.0,13.0,13.1,22.0,22.4,2.0,5.1,7.1,8.2,8.0,4.1,15.2,17.2,23.2,16.2
1772528567.0929112,11.1,10.2,15.3,15.3,35.7,38.0,5.0,1.0,3.1,9.3,4.0,5.1,34.0,32.0,16.2,21.2,12.1,5.2,31.0,33.0,36.4,39.6,35.6,40.0,4.0,5.9,7.0,9.0,25.3,28.7,38.0,43.6,3.0,6.0,4.0,1.0,41.0,35.6,4.0,5.1,24.2,27.0,22.2,21.8,2.0,3.0,7.1,8.1,5.1,8.9,24.0,24.0,19.0,18.2
1772528568.093642,14.0,10.0,12.2,16.3,35.7,33.7,6.1,2.0,6.1,4.0,6.1,3.0,31.7,23.0,19.2,30.0,9.2,13.0,33.0,31.3,34.7,34.3,35.0,26.7,5.1,3.0,10.1,5.0,25.5,22.2,50.0,31.0,4.1,2.0,2.1,4.0,43.1,42.0,4.0,2.0,31.3,30.3,22.5,17.0,4.1,4.0,8.1,6.1,6.1,5.1,14.0,16.2,21.2,16.2
1772528569.0949194,13.3,12.4,18.4,26.0,37.0,38.6,7.1,2.0,7.1,9.3,5.1,5.1,28.0,30.7,28.6,30.3,10.1,2.0,35.4,37.4,36.0,39.0,21.2,23.0,3.0,5.1,6.0,7.1,26.7,32.0,35.0,31.3,5.0,5.0,5.0,4.0,41.0,37.0,2.1,1.0,32.7,31.3,26.3,22.4,4.0,3.0,13.1,10.9,8.0,5.2,17.2,19.2,20.0,23.2
1772528570.0950017,13.1,9.0,13.1,16.2,30.6,36.0,5.1,3.0,13.3,11.3,5.1,5.1,24.2,31.0,23.0,23.0,16.2,12.1,30.0,31.4,32.7,34.3,29.7,21.0,6.1,4.0,9.1,6.1,29.0,23.0,21.0,38.0,4.1,4.0,4.1,2.0,46.5,37.0,10.0,16.0,33.0,39.6,22.2,16.8,2.0,3.0,7.0,10.0,7.1,6.1,22.0,21.2,20.2,17.2
1772528571.0955362,12.2,8.0,15.2,16.2,20.2,53.9,4.0,3.0,5.2,10.2,5.0,5.0,38.0,35.6,26.3,26.3,9.1,3.0,33.3,30.3,41.2,35.0,43.0,39.2,4.0,2.0,10.0,5.1,23.8,29.7,31.3,26.0,6.9,2.0,2.0,3.0,37.3,40.6,4.1,5.1,41.0,39.0,22.0,19.0,3.0,3.0,8.1,8.1,4.1,7.2,16.8,15.0,14.0,21.4
1772528572.0972652,12.5,10.1,17.5,17.0,32.7,34.0,5.1,3.1,5.0,4.0,6.1,4.0,27.0,27.3,23.7,22.2,15.3,12.1,37.0,33.3,36.0,37.6,39.6,41.6,5.1,6.0,10.0,5.9,25.3,28.6,41.0,35.0,3.1,3.1,2.0,4.1,41.4,41.0,9.1,2.0,40.0,40.0,23.0,24.5,2.0,4.0,6.2,8.2,6.1,7.1,23.2,27.0,14.3,25.0
1772528573.099121,12.2,8.0,23.0,13.1,40.4,38.6,8.1,4.1,10.3,14.3,4.0,5.1,30.4,31.0,34.7,31.3,9.1,3.1,30.0,39.0,37.3,37.6,41.0,40.6,2.0,6.0,6.1,4.1,34.3,29.4,33.7,28.0,6.9,3.0,3.1,4.0,42.6,38.6,3.1,4.0,40.4,41.6,27.0,21.8,3.0,1.0,12.0,8.0,8.1,6.9,12.0,13.0,14.9,28.3
1772528574.1004202,13.4,8.1,15.3,18.2,36.4,36.6,6.0,2.0,4.1,12.0,3.0,5.1,36.6,29.7,21.2,23.8,9.9,16.2,29.7,35.6,36.0,33.7,39.2,39.0,5.0,4.0,7.0,8.0,27.7,28.0,20.2,20.2,5.0,2.0,3.0,3.0,36.0,45.5,2.0,2.0,40.0,39.6,25.0,23.5,1.0,4.9,7.9,9.1,7.9,4.1,25.7,27.0,19.2,20.2
1772528575.1024504,13.3,6.1,16.3,17.5,30.0,46.0,2.0,6.1,10.1,6.1,4.1,6.0,38.0,23.2,21.4,29.9,9.3,3.1,37.0,28.6,40.0,38.4,38.4,42.6,4.1,5.1,5.2,8.1,28.6,27.0,21.0,40.0,2.1,4.0,2.1,4.1,38.6,41.4,2.1,7.1,40.6,41.4,23.2,20.2,4.1,2.1,7.1,11.3,6.1,7.1,14.1,13.1,20.2,19.2
1772528576.103778,12.2,9.2,17.8,17.8,40.4,28.0,3.1,9.1,5.1,4.1,6.0,4.1,27.3,28.7,25.8,28.3,13.1,17.2,32.0,35.0,39.0,40.2,43.6,30.7,4.0,5.9,7.0,8.2,29.0,26.3,19.0,43.0,6.0,2.1,3.0,2.0,52.5,28.7,3.0,3.0,40.4,38.4,18.2,30.3,2.0,3.0,7.1,11.0,9.1,5.1,29.0,29.7,20.4,23.5
1772528577.1094413,14.0,8.0,20.6,15.2,41.8,37.3,10.9,4.1,18.4,12.2,5.1,6.1,27.3,33.3,32.7,33.0,13.3,15.2,33.7,38.6,35.6,37.6,31.0,14.0,4.0,4.1,8.0,9.1,33.3,28.7,29.7,32.7,3.1,5.0,2.0,4.0,37.3,46.1,4.1,5.2,39.6,41.6,23.8,24.2,4.0,4.0,13.1,7.0,7.1,7.1,18.2,18.2,22.8,24.8
1772528578.110431,13.4,8.0,16.2,17.3,24.0,47.0,7.2,7.1,5.1,14.1,4.1,5.1,33.0,36.3,22.4,23.7,5.9,7.2,37.6,29.0,33.0,38.0,21.0,4.1,3.1,5.1,10.0,9.0,29.3,29.0,28.7,18.4,5.1,5.1,3.0,2.1,39.4,41.4,4.0,3.1,41.0,40.4,20.2,24.0,3.1,2.0,8.1,9.1,5.1,8.1,24.0,25.3,20.2,17.3
1772528579.111141,12.2,8.1,14.1,17.2,40.4,29.7,5.1,2.0,5.0,2.0,6.1,6.1,33.0,24.5,27.0,17.0,8.2,16.0,30.3,36.0,39.2,37.3,14.1,12.1,5.0,5.0,6.1,5.1,25.3,22.2,41.4,33.7,1.0,3.1,2.0,4.0,45.0,35.6,6.1,7.1,40.0,40.6,19.0,25.7,2.0,4.0,7.1,9.0,8.0,5.1,19.8,20.0,20.2,19.8
1772528580.1138558,13.5,7.0,19.4,15.3,43.0,38.0,4.1,3.1,13.3,6.1,5.1,6.0,34.0,23.0,30.3,29.9,11.1,3.1,36.6,37.4,38.0,37.6,22.0,28.7,3.0,5.1,7.1,6.1,25.0,31.0,40.0,38.4,4.0,5.1,5.0,2.0,43.6,35.6,6.2,16.2,41.0,40.0,23.2,22.0,5.0,1.0,8.0,8.1,6.0,8.1,24.2,24.0,21.2,20.4
1772528581.113928,10.2,10.1,19.2,23.0,33.0,38.6,3.0,4.1,18.0,8.2,6.0,3.1,37.0,28.0,29.3,28.0,15.3,19.2,32.3,33.0,38.6,41.0,41.6,31.0,2.0,7.9,9.0,8.2,31.3,27.7,37.4,38.0,5.1,5.0,2.0,3.0,47.0,31.0,11.3,14.3,40.0,41.6,23.2,29.4,2.0,4.0,7.1,10.9,5.2,8.1,16.0,13.4,27.0,18.4
1772528582.1148174,15.2,10.1,21.0,18.4,41.0,38.0,6.1,4.1,5.2,11.1,4.1,4.0,33.7,30.0,18.6,19.4,2.0,4.1,33.3,36.4,37.6,42.2,31.0,36.0,13.1,13.3,5.1,9.0,29.7,38.2,27.0,33.7,4.0,5.0,4.1,3.0,38.6,44.0,7.1,5.1,35.4,35.4,26.7,28.3,3.0,4.0,10.1,12.2,6.1,5.2,24.2,26.7,25.3,24.0
1772528583.116739,14.1,8.0,14.0,17.8,25.0,45.5,4.0,3.0,2.0,3.1,3.1,6.0,22.8,27.7,14.7,16.2,12.0,13.0,30.0,34.7,32.0,35.6,24.0,38.2,4.0,5.0,8.9,4.0,23.2,23.2,23.8,35.6,2.0,4.0,3.0,2.0,41.2,39.2,17.0,4.1,7.0,9.0,15.3,20.8,2.0,1.0,11.8,5.0,6.0,6.9,14.0,17.0,14.1,21.2
1772528584.1206322,14.0,8.0,17.0,25.5,36.7,38.2,5.1,2.0,4.0,4.0,6.0,3.0,30.7,33.3,25.5,20.0,3.1,10.0,32.3,36.0,38.2,41.0,28.7,40.0,3.0,4.1,5.1,6.0,30.4,35.4,30.0,33.0,2.0,5.1,3.0,2.0,44.0,36.4,6.1,6.9,1.0,2.0,17.8,25.3,2.0,2.0,7.1,8.9,4.1,6.1,19.8,20.2,19.2,18.4
1772528585.1232674,12.4,7.0,17.2,16.3,33.3,35.0,4.0,2.0,10.2,12.2,4.0,4.1,21.2,32.3,35.0,34.3,4.1,5.2,30.0,33.3,40.0,37.6,21.2,32.7,4.0,5.0,9.9,4.1,21.6,26.7,41.4,36.0,4.0,4.0,1.0,4.0,40.6,37.0,3.1,2.0,6.9,4.0,22.0,21.0,5.0,5.0,7.1,8.0,5.1,8.1,19.2,16.2,22.2,19.0
1772528586.1257265,13.0,12.0,21.0,41.0,31.3,42.2,3.0,6.0,15.0,14.1,7.0,9.0,26.0,26.7,22.4,22.0,14.0,16.8,31.0,30.3,39.2,38.6,38.6,19.0,2.0,3.0,5.1,7.1,24.5,31.0,43.6,36.4,4.0,6.1,3.0,3.0,36.0,45.5,3.0,4.1,2.1,3.1,23.0,20.2,2.0,2.0,8.1,6.2,6.9,6.1,20.0,23.0,19.2,23.2
1772528587.1279552,32.3,12.0,16.3,18.0,42.0,33.0,5.1,6.0,4.0,5.0,5.1,7.1,36.0,26.7,15.2,24.2,1.0,1.0,40.0,32.0,37.6,38.0,31.7,40.0,4.1,3.0,6.2,7.8,30.3,30.7,43.0,24.8,2.0,4.0,2.0,6.0,35.0,47.5,2.0,4.0,4.1,10.1,23.0,21.0,5.1,2.0,9.0,6.9,5.1,8.9,18.0,20.0,19.0,25.0
1772528588.1293564,11.2,8.1,16.3,20.2,27.3,41.6,4.1,6.1,3.1,3.1,3.1,4.1,32.0,24.5,26.8,18.4,15.2,17.0,34.7,29.0,34.3,39.0,21.0,40.6,4.0,3.1,5.1,7.2,30.0,24.2,40.6,20.2,2.0,5.1,3.0,5.1,35.0,45.5,4.0,2.0,38.4,29.3,24.0,17.3,2.1,2.1,10.2,8.2,7.1,4.1,18.0,15.2,19.2,16.2
1772528589.1294446,14.1,11.1,19.2,17.3,43.0,38.0,4.0,6.1,11.3,14.1,5.1,5.1,34.0,33.7,32.3,34.3,8.2,3.1,31.6,39.4,39.6,40.0,19.0,42.0,4.0,5.1,7.1,6.1,31.0,30.0,42.4,25.0,5.0,5.1,5.1,2.0,31.3,47.5,2.0,2.0,41.4,40.4,24.0,26.3,4.0,2.1,11.1,11.0,7.1,10.1,26.7,24.0,24.2,24.0
1772528590.130112,11.2,9.1,17.2,17.5,29.6,43.0,5.0,4.1,16.0,13.3,5.1,8.0,32.4,21.0,28.0,24.0,12.1,17.0,39.6,33.7,36.6,37.3,31.1,41.6,4.0,5.9,7.0,7.9,30.7,27.7,43.0,33.7,1.0,5.1,3.0,1.0,38.6,46.0,4.1,14.1,42.6,40.2,19.0,24.2,3.0,3.0,9.9,5.2,6.1,7.1,14.0,15.2,18.2,19.4
1772528591.1301973,12.2,9.0,17.2,17.0,38.8,40.0,1.0,7.0,5.1,4.1,6.1,6.1,31.3,31.0,13.4,25.3,5.2,8.2,33.7,36.0,34.7,37.6,42.4,37.6,4.1,3.1,7.1,9.1,32.3,26.5,43.0,25.3,3.0,5.1,3.0,3.0,36.4,45.0,11.1,7.2,41.0,38.4,22.2,23.0,4.1,2.0,5.2,9.1,8.9,6.1,25.0,23.5,19.0,26.0
1772528592.131104,13.3,8.2,14.1,14.3,29.0,42.7,5.0,1.0,6.1,14.0,4.1,3.1,34.3,21.2,28.3,28.0,18.8,14.0,32.0,30.3,38.0,35.0,37.0,38.6,6.0,3.0,7.1,6.2,27.0,26.3,19.2,23.0,6.0,4.0,3.0,2.1,39.0,43.6,3.0,6.1,40.0,40.0,10.1,22.2,2.0,4.0,6.1,9.1,5.1,7.1,13.3,14.0,22.8,12.1
1772528593.1431618,13.0,6.9,20.0,16.8,42.6,30.4,5.1,1.0,5.1,7.0,4.0,5.0,34.0,31.1,31.1,33.0,8.0,7.9,30.0,35.3,37.3,39.8,40.2,37.6,3.0,3.0,6.9,9.0,28.4,27.5,29.1,27.7,4.0,11.7,5.9,5.9,33.7,45.1,5.0,6.0,41.6,42.2,24.5,24.5,5.9,4.0,8.1,6.9,6.0,5.9,24.3,24.8,23.0,17.8
1772528594.1467643,10.3,12.0,21.8,19.4,42.9,29.0,6.1,2.0,14.3,13.1,6.0,6.1,34.7,28.3,24.7,26.3,14.0,16.0,36.0,35.0,39.6,39.0,31.0,40.4,6.1,6.9,9.0,8.0,27.3,33.3,38.8,23.2,5.1,8.2,4.1,4.1,36.6,46.1,2.1,9.1,39.6,42.0,20.0,30.3,3.0,7.0,10.1,17.0,8.2,11.0,17.3,19.2,24.2,19.4
1772528595.1514957,14.7,9.2,16.2,17.0,41.0,34.0,4.0,3.0,2.0,3.1,4.1,4.0,37.0,27.0,21.0,15.3,3.1,14.3,34.0,35.0,35.6,33.0,33.7,26.7,6.0,2.0,7.1,8.1,31.7,27.3,22.0,22.0,2.0,5.0,2.0,3.0,37.3,45.1,4.0,3.1,40.0,41.4,23.8,24.0,4.0,6.1,8.0,10.0,9.1,5.1,23.0,22.0,24.0,19.2
1772528596.1529932,12.1,10.1,16.3,19.2,37.1,36.3,4.0,1.0,12.1,11.1,5.1,5.1,30.7,31.7,28.6,26.5,12.2,13.0,35.4,37.0,36.0,39.2,31.3,21.2,3.1,5.1,8.2,5.1,29.7,34.7,32.7,35.4,6.9,3.0,2.0,4.0,38.0,43.6,2.1,3.1,41.0,39.4,23.5,19.2,3.0,5.1,11.1,8.0,13.0,11.1,18.8,19.8,23.0,22.4
1772528597.1555214,13.1,13.1,19.2,20.2,40.0,34.0,4.0,5.0,7.2,8.1,5.0,5.2,30.7,33.0,28.7,30.7,9.9,9.2,40.2,32.3,39.6,38.6,44.0,23.5,4.0,4.0,9.0,7.1,33.0,24.2,43.4,37.0,3.1,2.0,4.0,0.0,36.4,45.5,2.1,3.0,40.0,40.6,31.0,21.0,3.0,9.1,12.0,7.1,9.0,9.0,22.2,24.8,27.0,17.0
1772528598.1564813,13.4,10.2,17.5,21.2,35.7,42.0,4.1,4.0,9.1,12.1,2.1,4.1,29.6,30.3,26.3,27.0,11.2,11.1,34.3,40.4,35.0,37.4,40.6,21.2,4.0,4.1,7.1,8.1,30.0,28.7,44.6,38.0,4.0,3.0,2.0,4.1,45.1,37.0,7.1,3.1,41.0,40.0,24.0,23.0,2.1,3.1,6.1,11.1,9.1,6.3,17.2,20.2,25.5,21.2
1772528599.1599154,11.1,8.0,14.1,12.9,27.3,40.2,4.1,1.0,3.1,5.1,5.0,5.1,25.7,26.2,26.3,15.0,4.0,14.0,28.3,36.6,34.0,34.3,40.6,40.6,5.0,3.0,6.9,5.0,27.3,21.4,41.0,21.0,5.0,5.0,2.0,1.0,35.6,43.0,4.0,1.0,40.6,39.6,14.9,24.0,3.0,5.0,8.9,8.1,5.0,6.0,21.8,18.2,15.8,18.0
1772528600.1612787,10.5,10.1,16.3,19.4,53.0,17.2,4.0,1.0,12.4,8.2,6.1,7.0,25.0,31.3,18.6,23.5,11.1,9.2,40.0,30.0,35.4,36.0,41.6,41.6,5.1,4.0,7.1,6.1,32.4,28.3,44.6,23.2,1.0,6.1,1.0,5.0,36.4,39.6,11.3,5.1,40.0,41.0,24.2,20.0,4.0,3.1,9.1,8.0,6.2,6.2,19.2,19.0,22.2,18.2
1772528601.1671767,11.1,9.1,18.2,14.1,44.0,25.7,4.0,3.0,5.1,6.1,4.1,3.1,30.0,28.7,29.0,25.0,10.1,10.1,32.0,34.3,34.3,34.7,40.2,40.6,6.0,2.1,6.1,6.1,29.3,26.3,43.0,35.0,2.0,2.0,4.0,4.0,37.6,48.5,23.0,9.3,37.6,35.4,21.0,25.0,1.0,5.1,8.9,7.1,8.8,8.2,20.2,19.0,20.2,22.0
1772528602.1673565,13.0,10.1,19.4,22.0,50.0,27.0,3.1,4.0,13.1,14.1,8.0,5.1,36.0,29.0,32.3,28.3,13.3,10.3,41.4,34.7,38.6,40.0,42.4,39.6,5.1,5.9,10.1,7.1,35.0,32.7,37.4,43.0,3.1,8.1,4.2,4.0,45.5,35.4,8.3,9.2,30.6,29.7,26.3,25.0,5.1,4.0,8.2,11.0,6.2,8.2,20.2,22.2,22.2,24.5
1772528603.1674404,12.4,12.0,20.4,16.3,42.9,33.3,4.1,1.0,3.1,6.1,4.1,5.0,42.6,29.0,30.0,21.4,6.2,26.3,35.0,34.7,36.4,37.6,39.6,23.0,3.1,3.1,6.1,8.2,35.4,30.0,38.0,41.4,2.0,6.1,2.0,2.1,46.5,29.7,5.0,7.1,16.2,17.2,22.0,28.3,4.0,2.0,9.3,11.2,7.1,8.0,22.8,20.4,26.5,14.6
1772528604.167872,13.3,11.0,20.0,17.8,48.5,30.7,6.1,4.0,13.0,8.1,6.1,4.1,29.0,27.0,22.4,23.2,24.2,21.0,32.7,37.0,37.0,39.6,30.7,25.3,6.1,4.0,8.1,6.0,29.7,26.0,34.3,47.0,2.0,5.2,4.1,2.0,40.6,44.6,6.1,18.2,11.0,11.1,27.0,19.0,2.1,4.0,11.1,12.0,7.1,6.1,22.2,22.0,22.0,20.0
1772528605.167957,12.2,6.1,19.2,17.5,39.8,36.4,5.0,1.0,10.1,8.2,5.1,5.1,34.3,31.0,25.0,26.0,5.1,2.0,28.0,37.4,38.6,39.2,22.0,23.8,6.0,2.0,5.1,6.1,31.3,31.0,31.0,32.0,4.0,3.1,1.0,3.0,32.0,43.1,3.1,3.1,16.2,11.1,17.0,28.0,3.0,3.1,8.9,10.2,7.9,6.1,12.1,9.3,22.2,18.2
1772528606.1680617,16.2,9.0,16.3,16.2,41.4,30.0,3.0,3.0,9.1,6.1,5.1,5.1,23.5,33.0,30.3,28.3,16.3,15.3,32.7,37.0,32.0,35.6,21.2,20.2,5.1,3.0,8.0,8.1,30.7,24.2,22.2,26.3,5.1,1.0,3.0,2.0,38.0,43.0,3.1,3.0,14.1,12.1,19.0,25.0,3.0,1.0,7.1,8.1,6.2,6.1,28.0,30.4,22.0,18.2
1772528607.1690984,12.2,11.1,20.8,13.0,45.0,25.7,5.0,5.1,2.1,8.1,3.1,3.1,24.2,37.6,20.6,25.3,5.2,6.1,31.3,35.0,38.6,38.0,19.2,35.4,3.1,8.0,7.1,8.1,30.0,28.7,28.0,48.0,6.9,5.1,5.0,3.1,40.0,41.4,5.9,3.1,20.0,23.2,21.2,19.2,3.1,3.0,7.1,8.9,8.1,5.1,11.9,11.1,15.2,21.4
1772528608.1697764,14.7,10.0,25.3,23.5,37.8,42.0,6.1,4.1,13.4,12.2,5.9,7.1,33.7,35.0,21.0,20.6,15.5,15.2,36.0,38.4,39.6,40.0,31.0,11.0,4.0,5.1,9.0,11.0,31.3,37.4,39.0,42.6,3.1,6.0,5.1,4.1,45.0,43.0,3.1,3.1,32.0,32.0,28.0,33.7,3.0,3.1,12.1,11.1,10.1,8.1,25.3,27.3,25.0,29.0
1772528609.1708498,11.3,9.2,12.1,17.0,33.3,33.0,4.0,3.0,14.1,12.1,10.1,6.1,25.7,30.0,28.0,28.3,6.1,7.1,34.0,29.0,34.3,33.7,27.0,14.3,3.0,4.1,6.1,5.1,23.2,22.8,38.4,31.0,3.0,2.0,1.0,4.0,49.0,31.7,3.0,3.0,32.7,30.0,15.2,19.0,2.0,3.0,8.1,4.1,6.0,7.1,15.0,16.2,18.0,18.2
1772528610.1718092,14.1,7.0,17.2,18.0,53.0,25.0,2.1,4.0,5.1,4.0,7.1,7.0,30.3,32.0,33.7,32.0,17.2,14.1,33.0,32.3,39.0,40.6,40.0,26.0,5.1,3.0,7.0,6.1,32.7,27.0,22.2,41.6,4.0,5.1,4.0,3.0,36.0,42.6,5.1,11.1,40.0,39.6,24.8,20.0,5.1,4.0,12.0,9.9,7.1,5.1,23.0,23.0,24.2,17.2
1772528611.173173,13.1,10.1,20.2,14.3,49.0,28.0,4.0,2.1,8.0,11.3,5.1,6.2,36.0,32.3,26.5,18.4,6.1,8.2,35.7,34.0,37.0,35.0,29.0,33.7,7.0,11.1,9.2,12.1,30.0,30.3,36.4,41.4,3.1,7.1,1.0,3.1,43.0,38.6,13.4,8.2,41.0,41.0,20.0,29.3,6.1,1.0,9.1,10.0,5.2,8.2,20.2,18.2,29.3,17.2
1772528612.1751318,15.0,7.0,18.2,19.4,43.4,31.7,5.0,4.0,5.2,17.3,6.0,7.1,33.0,32.7,18.0,19.0,12.1,16.2,41.0,34.0,36.6,34.7,44.1,39.6,4.0,10.2,6.1,8.9,33.7,24.0,37.6,44.6,5.0,8.2,6.0,4.0,42.6,38.6,3.9,5.1,40.0,41.0,21.0,24.8,3.1,4.0,10.1,9.1,6.0,8.0,22.0,22.0,26.5,18.2
1772528613.175222,11.3,8.0,17.2,14.4,33.7,35.6,3.1,2.0,14.1,13.3,4.0,5.1,24.0,32.7,27.6,37.0,6.1,4.0,29.3,34.0,38.4,34.3,40.0,39.0,6.9,5.1,9.0,8.2,32.7,24.0,39.4,42.4,3.1,3.1,1.0,1.0,32.7,42.4,2.1,3.1,40.0,41.6,17.2,21.2,2.0,2.1,11.2,7.0,7.1,7.1,22.2,22.0,19.2,19.2
1772528614.1753848,12.2,9.2,13.3,16.8,24.2,51.0,3.1,4.0,5.1,7.1,5.1,5.1,29.0,26.5,32.7,33.7,16.3,12.2,32.0,40.0,37.3,39.6,42.6,17.3,3.1,4.0,7.1,10.0,25.3,25.7,28.3,43.0,4.0,5.1,5.0,2.0,37.0,46.0,1.0,3.1,40.4,41.0,19.0,19.0,4.0,3.0,11.0,4.1,6.1,8.0,15.2,14.1,16.3,21.4
1772528615.1782162,10.3,9.0,16.8,19.0,26.5,47.1,4.1,2.0,10.2,12.4,4.1,6.1,35.6,27.5,22.2,17.2,5.1,3.1,33.7,34.0,36.3,36.6,43.0,36.0,5.0,5.0,8.9,7.1,28.0,31.7,26.0,33.0,7.0,6.1,4.0,2.0,35.0,52.5,4.0,5.1,40.6,39.6,18.2,23.0,3.0,3.0,8.1,11.0,7.1,7.1,27.7,27.0,21.2,20.2
1772528616.1795256,13.4,7.1,22.7,15.3,29.2,46.0,6.9,5.1,3.1,5.0,4.0,4.0,30.3,31.0,12.4,10.3,11.3,13.3,33.3,38.6,39.0,44.1,41.6,39.6,5.0,4.0,8.2,5.1,31.0,31.3,29.0,30.0,5.1,10.0,3.1,2.0,41.0,35.3,3.1,2.0,39.4,39.8,27.0,27.0,2.0,4.0,11.9,9.1,5.1,6.1,10.1,11.0,17.2,23.0
1772528617.1837542,11.2,7.1,16.2,11.2,25.3,44.6,3.1,4.0,15.8,15.2,5.0,4.0,21.8,29.3,25.0,34.7,7.1,5.0,24.2,32.3,36.6,37.6,44.6,36.6,2.0,6.0,7.1,6.1,26.7,28.7,41.6,21.0,6.9,6.1,2.0,5.1,40.2,40.4,2.0,4.1,41.6,40.6,15.2,14.3,4.0,5.1,7.1,5.2,5.1,7.1,30.3,30.0,14.9,14.3
1772528618.1841292,12.1,11.1,20.6,22.2,38.4,39.6,5.1,3.1,2.1,4.0,7.1,4.0,31.7,33.7,37.4,31.6,12.1,20.2,32.3,41.6,41.0,37.0,35.6,44.0,5.1,4.1,8.1,7.0,33.3,28.3,37.4,38.0,3.1,2.1,2.1,2.0,48.0,34.0,2.1,3.1,40.4,40.0,28.0,31.0,2.0,4.0,9.2,9.9,6.1,6.1,13.9,12.1,26.0,24.5
1772528619.184924,10.4,7.0,14.1,13.0,30.3,31.7,5.1,3.0,17.2,5.2,4.0,3.0,29.3,29.0,25.3,26.3,2.0,6.0,32.0,28.0,34.7,33.7,22.0,21.8,4.1,2.0,6.1,8.0,20.8,23.2,37.0,44.6,3.0,4.0,3.0,3.0,38.2,37.6,2.0,3.0,37.6,35.0,9.0,21.2,1.0,5.1,7.1,6.0,6.0,8.0,20.0,20.2,16.0,15.8
1772528620.1880243,12.4,8.0,14.9,13.3,42.6,31.0,7.0,5.1,4.0,2.0,5.0,4.0,30.7,24.0,11.3,9.4,14.0,7.2,33.0,31.7,35.6,34.7,38.0,10.9,4.0,2.0,5.0,9.0,26.0,28.7,32.0,43.0,5.0,5.0,1.0,3.0,41.0,37.0,5.1,20.0,30.3,31.4,20.2,17.0,3.0,4.0,5.1,8.2,3.1,4.0,19.0,21.8,15.2,18.2
1772528621.188868,15.2,6.1,16.5,17.2,34.7,34.0,12.2,4.0,16.5,10.3,6.1,5.1,32.0,31.4,27.0,22.0,9.4,5.0,36.4,31.6,40.6,37.0,45.1,12.2,7.1,5.1,11.2,11.2,28.3,34.3,42.6,23.0,6.0,3.0,2.1,2.1,25.7,59.0,8.2,20.4,31.3,30.3,27.7,25.3,4.0,6.1,11.1,8.2,10.0,8.0,17.2,19.2,22.2,23.5
1772528622.1889498,13.4,6.1,15.3,16.0,33.3,37.0,1.0,2.0,4.1,4.1,8.1,4.0,26.0,27.3,37.8,37.4,20.2,11.2,33.3,31.3,34.7,35.6,28.0,28.0,4.0,4.0,6.1,10.0,25.3,24.8,37.4,36.0,4.0,4.0,5.0,2.0,34.0,43.1,7.1,7.1,28.7,28.7,24.2,20.8,1.0,4.1,5.1,12.0,8.1,7.1,29.0,28.0,15.3,21.0
1772528623.1905587,14.9,9.9,13.1,19.2,33.3,36.6,6.9,4.1,13.1,10.1,16.0,6.0,28.3,32.7,29.3,29.6,4.0,3.1,32.7,41.0,39.6,34.7,39.6,43.0,5.0,3.0,8.0,7.1,25.3,27.3,35.6,20.2,4.0,3.0,2.0,3.0,41.0,37.0,3.1,9.1,12.1,13.1,18.8,26.0,3.0,4.0,10.1,7.1,8.0,7.1,8.2,13.0,16.0,21.4
1772528624.190668,12.2,9.0,17.2,18.4,55.0,28.7,4.1,2.0,4.1,2.0,23.5,6.1,38.8,24.2,14.3,9.1,19.4,9.2,31.3,40.6,38.0,35.0,43.0,37.6,4.0,4.0,5.1,6.1,33.3,29.7,38.8,39.0,4.0,4.0,5.1,2.0,41.0,39.0,9.1,13.3,22.0,17.8,22.4,17.0,2.0,3.0,9.9,7.0,6.1,9.1,28.0,25.0,19.4,25.7
1772528625.191963,11.3,6.1,13.3,19.0,40.8,32.7,6.0,1.0,15.0,11.3,32.3,6.0,35.0,23.0,28.3,22.4,5.1,4.0,37.0,29.3,36.6,36.0,37.3,39.0,4.0,4.1,6.1,7.1,26.3,25.0,40.2,42.0,2.0,5.9,3.0,3.0,45.5,41.6,3.0,2.0,22.0,22.2,26.0,15.0,2.0,4.0,7.1,7.1,6.1,7.1,10.1,11.0,22.8,18.8
1772528626.1937704,12.4,5.1,16.2,15.3,38.6,33.0,2.1,3.0,6.2,2.0,27.3,5.1,24.0,25.3,38.6,39.0,14.0,12.2,29.3,34.3,38.6,39.8,35.7,22.0,1.0,6.0,5.9,8.0,22.0,24.2,30.0,35.0,3.0,5.1,4.0,4.1,34.0,43.6,2.0,3.0,21.2,21.8,15.2,21.0,4.0,3.0,8.0,8.2,7.0,6.1,23.8,25.3,13.3,16.3
1772528627.2002656,10.4,6.1,19.0,11.0,35.7,35.0,5.0,3.1,12.4,8.1,27.7,10.0,16.2,38.0,26.3,26.3,2.0,8.9,34.0,35.3,39.6,37.6,27.7,21.8,4.0,3.0,9.2,7.0,27.3,23.0,22.0,12.1,2.0,5.0,4.1,4.0,38.6,41.4,3.0,2.0,29.3,24.2,18.0,15.2,2.0,3.0,8.9,8.9,6.1,7.0,16.0,18.8,16.0,20.2
1772528628.2025325,12.9,11.9,19.0,16.2,39.6,36.6,2.0,3.1,5.9,2.0,13.1,29.7,31.4,35.0,9.0,10.9,13.1,9.1,33.3,35.6,35.6,37.6,19.0,25.0,5.0,7.0,6.0,9.1,31.4,28.7,27.7,21.0,3.0,4.0,4.0,3.0,48.0,31.7,3.0,3.9,30.7,26.7,25.7,19.8,2.0,4.0,10.0,11.9,6.9,7.1,16.0,17.2,20.6,25.7
1772528629.2032964,11.6,8.2,19.2,23.2,27.3,46.5,5.1,3.1,16.5,15.2,11.1,28.6,27.6,34.3,23.5,13.3,4.1,10.2,36.0,35.4,36.0,34.0,42.0,39.6,3.1,3.1,7.1,9.0,33.3,22.2,47.5,32.3,5.1,4.0,3.1,1.0,39.6,41.6,3.1,1.0,29.6,31.3,26.0,29.3,4.0,2.0,11.3,7.1,6.2,6.1,25.0,23.5,20.2,20.2
1772528630.2046044,13.1,11.1,17.3,20.4,43.0,32.3,5.0,2.1,8.1,2.1,25.5,18.2,30.3,32.7,39.0,38.4,9.1,14.3,36.4,36.4,42.0,41.6,39.6,40.6,4.0,5.0,8.2,4.1,26.3,35.0,41.0,40.0,5.0,4.0,1.0,4.0,44.0,38.2,2.1,3.0,32.0,31.0,27.0,21.0,2.0,6.1,11.1,7.1,6.1,6.2,14.1,15.3,24.2,21.2
1772528631.211673,12.1,8.0,16.8,16.2,51.0,27.5,3.0,2.0,9.0,10.0,9.0,31.0,30.7,27.0,33.0,32.3,9.1,3.0,30.0,33.3,34.7,39.6,21.0,40.6,4.0,4.0,8.0,6.1,29.7,23.5,42.6,39.0,4.0,4.0,4.0,3.0,40.6,41.0,17.0,6.0,32.4,31.7,21.0,19.8,4.0,4.0,8.0,10.0,6.9,7.9,27.0,28.4,19.2,19.6
1772528632.2127874,11.3,7.1,14.3,14.1,39.0,27.7,3.1,2.0,2.0,3.1,15.0,20.0,23.8,33.7,8.2,9.2,6.1,2.1,31.6,29.0,36.6,34.7,30.7,41.2,2.0,5.0,7.9,4.1,29.7,27.0,42.0,34.7,3.0,3.1,5.0,3.0,38.0,42.6,4.0,7.1,41.0,38.6,18.2,15.2,4.0,0.0,8.1,6.1,5.1,7.1,4.0,4.1,15.8,18.2
1772528633.2145643,12.4,6.1,17.2,15.2,34.0,39.0,2.0,5.1,13.3,14.1,27.6,13.1,23.0,27.6,8.1,12.2,15.0,16.8,37.4,34.0,34.0,35.0,33.7,48.0,5.1,5.0,4.1,9.9,17.3,30.6,35.0,41.8,6.0,7.0,3.1,4.1,43.0,37.4,2.0,4.1,39.4,41.0,20.0,19.2,3.0,4.1,10.1,8.1,5.1,8.1,36.0,33.3,21.4,17.0
1772528634.2212822,13.1,7.1,16.0,15.2,28.0,44.1,4.0,2.0,11.1,7.1,30.3,6.0,29.7,28.7,33.3,43.4,13.1,10.2,31.4,36.3,35.3,38.2,37.6,42.6,4.0,4.0,8.9,9.1,21.0,28.0,45.0,37.6,3.0,4.1,4.0,2.0,46.1,33.7,3.0,2.0,41.0,39.0,21.8,20.8,2.0,1.0,10.0,8.0,6.0,6.1,8.0,9.9,22.0,16.2
1772528635.2213612,16.0,6.1,15.2,14.3,37.8,34.0,6.1,4.0,4.1,10.0,4.1,18.0,30.3,35.6,38.4,41.0,3.1,9.2,36.4,28.9,37.0,37.4,38.4,42.0,5.0,4.0,5.1,6.1,30.0,25.3,38.4,42.6,1.0,3.0,1.0,1.0,40.4,35.0,2.0,4.1,42.6,39.0,25.0,19.0,4.1,1.0,10.1,9.1,5.1,6.1,28.0,30.3,19.4,24.2
1772528636.2216933,12.4,10.0,18.2,15.0,35.4,39.6,5.0,3.0,3.0,3.1,5.0,8.2,31.0,28.0,12.0,12.2,16.0,13.1,39.8,32.7,35.3,37.3,39.6,37.6,2.0,4.1,9.9,6.1,26.3,27.7,25.3,36.0,5.0,2.0,3.0,3.0,38.0,44.0,4.0,4.0,40.6,40.6,27.0,20.8,3.0,2.0,10.0,8.0,7.9,7.1,13.1,12.0,23.0,20.0
1772528637.224142,14.1,10.2,20.2,18.4,40.0,38.0,35.6,1.0,16.3,12.2,5.1,6.0,32.7,39.4,15.0,10.2,3.1,6.1,31.0,37.0,41.4,38.2,37.4,42.4,4.0,4.1,6.1,7.0,30.0,35.0,18.0,9.2,2.0,7.9,2.1,7.1,40.6,39.0,3.1,5.2,40.4,40.4,23.0,27.8,4.1,2.0,8.1,9.1,6.2,7.1,20.2,25.0,18.2,25.3
1772528638.2266908,9.5,8.1,15.2,18.0,46.0,25.5,26.3,4.1,10.2,5.1,4.1,6.1,34.0,25.0,37.4,36.0,9.1,14.1,32.0,42.2,38.6,38.0,29.4,30.0,2.0,7.8,6.0,6.1,35.6,26.0,21.0,35.3,3.0,3.1,3.0,13.0,44.0,38.6,1.0,4.1,32.7,33.3,23.0,27.7,1.0,5.1,8.1,9.1,5.1,7.1,21.0,20.2,21.2,23.2
1772528639.2329452,14.9,8.9,20.2,10.1,40.8,30.7,5.0,2.0,3.0,10.9,5.9,3.0,34.3,26.7,35.6,36.6,10.0,6.0,33.3,33.0,36.3,38.2,20.0,21.8,5.0,3.0,6.9,8.9,33.7,22.0,32.0,38.0,2.0,3.0,3.0,2.0,42.7,40.2,7.0,4.0,30.3,31.0,26.7,17.0,4.0,3.0,6.1,10.0,6.9,9.0,17.8,17.6,17.8,22.5
1772528640.2330298,10.4,7.2,15.3,10.3,42.4,32.3,23.5,3.1,3.1,4.1,3.1,4.1,32.0,21.0,13.1,12.2,6.1,7.2,28.6,31.6,36.0,36.0,15.2,23.2,2.0,4.0,6.2,6.1,30.3,24.2,48.0,34.0,4.0,3.1,2.1,2.0,38.4,35.4,7.1,3.0,30.3,29.6,19.0,20.2,5.1,3.0,8.1,7.1,4.2,7.1,24.2,25.5,18.4,16.3
1772528641.2331219,9.3,9.0,14.3,13.1,40.4,32.0,9.0,3.0,8.1,11.1,3.1,5.1,29.3,20.2,7.1,12.1,13.1,10.1,35.6,34.0,36.0,32.0,21.8,8.2,3.1,3.1,8.0,5.1,21.2,28.7,35.4,44.4,4.0,3.1,4.0,2.0,52.0,26.7,16.3,6.1,32.0,30.7,17.2,23.0,6.1,1.0,11.1,8.2,5.1,6.1,10.2,12.1,19.0,19.0
1772528642.2331991,13.3,9.1,22.2,20.2,43.4,37.6,4.1,1.0,14.4,9.2,6.0,7.2,36.3,30.3,38.4,30.3,10.1,9.2,36.4,38.0,38.4,36.0,40.0,16.8,5.1,4.1,7.1,11.0,31.0,32.3,43.0,39.0,5.1,5.0,2.0,10.1,33.0,48.5,11.1,23.5,36.0,29.3,26.3,28.0,4.1,3.0,15.0,10.0,8.1,8.1,29.7,27.6,18.4,22.4
1772528643.2332833,14.1,7.0,15.2,16.2,30.6,43.6,4.0,5.1,6.1,10.3,3.0,6.1,31.3,24.0,36.4,39.4,15.2,3.1,36.0,31.6,32.7,35.0,41.0,33.0,5.0,4.0,6.1,5.2,33.0,16.2,25.7,39.0,4.0,2.0,3.1,1.0,45.5,32.7,2.1,2.0,28.0,27.7,15.0,20.4,2.0,2.0,10.2,8.1,6.0,7.2,18.2,16.2,21.0,19.4
1772528644.2336295,12.5,5.2,14.0,18.2,36.4,33.7,2.0,3.1,3.0,4.1,10.1,5.0,30.0,30.7,15.2,18.2,8.2,8.2,33.3,34.3,34.3,36.6,39.6,41.6,4.0,5.0,8.2,8.8,25.3,24.0,27.3,32.0,5.0,3.1,3.0,1.0,38.0,45.5,6.1,3.0,20.4,21.2,17.0,22.0,3.0,3.0,11.0,6.1,7.1,8.1,22.0,22.0,15.5,21.8
1772528645.2336984,12.0,12.0,21.0,17.3,55.0,22.8,5.0,5.0,14.1,16.0,12.1,5.1,30.0,29.0,12.1,11.2,7.1,16.3,38.4,38.0,39.8,43.6,40.0,40.4,5.1,4.0,7.0,8.1,30.0,31.7,32.7,29.3,5.2,4.0,2.0,5.1,37.0,44.0,15.3,9.0,23.3,21.8,27.5,23.0,3.0,5.1,12.1,9.2,4.2,7.1,17.3,19.8,27.3,20.2
1772528646.2379587,13.0,10.2,18.4,20.4,40.0,39.0,4.1,4.0,11.0,11.1,4.0,6.2,35.6,35.0,32.3,34.0,12.1,13.0,34.7,39.6,41.6,37.6,37.3,41.2,6.1,3.0,12.0,5.1,34.0,34.0,42.0,38.2,5.0,2.0,4.1,3.0,47.5,36.3,4.0,6.1,21.2,22.0,29.6,25.3,3.0,4.0,8.0,12.1,8.0,8.1,21.6,21.0,21.2,24.2
1772528647.2429924,11.3,5.9,14.0,16.8,25.5,45.5,4.0,2.0,3.1,12.1,7.1,5.0,33.7,20.0,39.0,35.4,6.0,11.2,33.0,32.7,36.6,36.6,41.2,21.8,5.9,3.0,5.0,8.0,23.8,27.7,42.2,35.6,4.0,3.9,6.0,3.0,42.2,35.0,2.0,2.0,33.3,27.7,21.8,19.8,4.0,2.0,8.1,8.9,6.0,5.2,17.0,20.0,20.0,17.2
1772528648.243067,11.5,5.2,15.6,17.3,38.4,35.6,3.1,2.0,3.1,5.1,7.1,5.1,31.7,31.7,19.2,17.3,5.1,8.0,30.3,41.0,38.4,38.6,28.3,35.4,5.1,4.0,8.2,5.2,32.0,30.3,32.3,28.3,6.0,2.1,6.1,3.0,42.9,43.0,2.1,2.0,34.0,36.7,23.5,24.0,3.0,3.0,12.0,9.1,5.2,8.0,15.0,12.2,20.0,17.0
1772528649.243398,12.4,8.1,21.2,14.1,38.8,33.0,5.0,6.1,6.1,10.2,7.0,4.0,29.3,31.0,14.1,6.1,20.0,10.2,30.0,34.3,36.6,38.4,32.0,24.2,3.1,5.1,5.1,8.1,25.0,24.0,37.4,36.0,4.1,3.0,1.0,2.1,35.6,39.6,7.0,5.0,37.8,36.4,19.0,24.0,4.0,2.0,6.1,7.1,6.1,5.2,27.0,28.0,17.3,24.5
1772528650.2472715,10.2,7.0,17.2,13.1,38.8,37.0,3.1,4.0,9.1,10.1,3.0,6.2,25.7,35.6,26.0,38.0,6.1,2.1,37.0,29.0,38.0,40.6,42.0,18.8,3.1,3.0,7.0,5.1,24.2,30.0,37.6,43.0,1.0,3.0,3.0,3.0,40.6,42.0,8.2,1.0,32.4,31.4,16.0,25.3,3.0,1.0,10.0,9.1,5.0,6.1,7.1,11.0,21.0,17.3
1772528651.247355,13.4,7.1,14.1,15.0,35.0,26.7,4.0,2.1,11.2,12.1,5.1,5.0,30.0,29.3,35.1,38.0,11.1,17.0,23.8,37.0,34.7,37.6,32.7,25.0,5.9,3.0,8.1,7.0,21.2,32.3,32.7,48.0,6.9,3.0,1.0,1.0,36.4,37.0,7.1,3.0,32.0,31.0,20.2,23.0,4.1,3.1,7.0,8.0,6.1,5.1,27.0,23.2,18.0,20.2
1772528652.2487686,12.2,8.1,20.2,15.2,44.0,33.7,4.0,7.0,4.1,5.1,3.1,4.0,27.0,27.0,21.0,21.0,3.1,6.1,36.4,29.0,37.6,36.0,17.0,37.4,5.1,2.0,6.1,7.1,26.0,26.0,13.9,40.6,3.1,4.0,4.0,2.0,34.7,50.5,14.4,8.2,30.3,31.3,21.8,23.2,5.1,3.0,7.1,8.2,9.0,8.1,12.0,16.0,17.2,21.2
1772528653.2504075,13.1,8.0,16.0,16.2,52.0,18.0,2.1,2.0,5.0,7.1,5.0,6.0,30.7,25.5,6.1,9.1,15.0,17.0,34.7,31.7,33.0,35.6,30.7,44.0,5.9,4.9,8.0,4.0,28.0,30.7,1.0,40.4,4.0,1.0,4.0,4.1,38.4,43.6,5.1,3.0,32.0,30.7,20.8,24.0,1.0,3.0,8.0,10.0,5.1,5.1,20.8,21.0,16.0,20.0
1772528654.2533443,14.3,9.1,15.5,18.2,37.5,39.6,5.0,2.1,21.0,15.3,6.1,4.1,32.3,30.0,35.0,22.4,2.1,5.1,30.3,40.0,37.3,34.3,33.0,34.0,3.1,2.0,6.1,9.1,30.0,27.0,25.3,32.0,5.2,4.0,3.1,2.0,40.6,39.0,1.0,3.1,39.6,36.6,21.2,25.0,3.0,3.0,12.1,5.1,8.0,8.1,21.6,21.0,23.2,20.2
1772528655.254537,14.9,9.2,19.8,19.0,35.0,37.6,3.1,2.0,3.1,13.0,5.1,5.1,32.0,31.7,37.4,41.6,19.0,16.0,32.0,39.4,40.2,38.6,39.2,34.0,6.9,5.0,9.1,10.0,34.0,31.7,40.0,24.8,5.9,6.0,6.1,5.0,40.2,43.6,4.0,5.1,40.0,40.0,21.2,24.2,2.0,5.0,9.1,9.1,5.1,7.1,20.8,23.0,18.0,22.2
1772528656.25469,14.3,8.0,17.5,18.2,37.8,39.0,5.1,3.0,3.1,6.2,5.2,5.1,39.4,26.3,25.5,21.9,13.3,13.4,43.4,24.0,41.0,36.0,43.9,38.2,2.1,5.1,8.1,6.1,29.3,30.3,30.6,30.3,4.0,5.2,3.1,2.1,35.4,43.0,3.1,2.1,40.6,40.4,20.0,29.0,3.0,4.1,8.2,9.0,7.1,8.2,17.5,22.4,23.5,18.4
1772528657.2549357,13.1,7.1,16.2,13.4,38.4,36.0,3.0,2.0,4.1,14.3,3.1,4.1,25.5,32.0,12.2,12.1,8.2,8.2,32.0,40.0,38.0,34.7,32.4,36.0,4.0,4.1,7.1,6.1,26.0,26.0,43.6,35.7,1.0,4.0,4.0,2.0,32.7,43.4,3.1,4.0,30.3,31.7,24.8,14.0,3.0,1.0,8.1,7.1,7.1,5.1,15.0,15.2,9.1,20.2
1772528658.2558968,13.1,8.2,19.2,14.1,36.4,37.6,4.0,5.1,10.2,17.2,9.1,10.1,35.0,27.3,30.7,24.2,8.2,10.1,34.3,33.3,34.0,36.6,22.2,19.2,6.0,3.0,9.1,5.1,28.0,29.0,35.0,29.7,5.1,5.0,2.1,5.0,37.0,50.5,6.0,3.1,31.7,30.7,22.0,19.2,3.0,4.0,11.0,8.1,7.1,6.1,28.4,21.4,25.5,24.0
1772528659.2564516,12.2,8.2,13.5,21.2,37.8,33.3,4.1,3.0,7.1,3.1,6.1,6.1,30.0,33.0,34.3,31.6,15.3,16.2,34.0,35.4,39.6,39.0,46.0,34.0,7.0,4.1,9.0,10.0,28.0,28.3,36.0,35.4,4.1,4.0,2.0,2.0,36.4,44.0,4.1,5.1,30.6,31.3,24.2,27.0,3.1,3.0,10.1,8.2,7.1,6.1,18.4,17.2,17.0,26.3
1772528660.2565308,11.5,10.0,16.2,20.8,34.7,38.4,5.1,4.1,5.1,5.2,5.1,4.1,34.0,29.6,29.0,25.7,7.2,8.1,41.4,26.0,39.6,42.0,38.6,41.0,6.1,5.9,6.1,6.1,28.0,36.0,18.4,43.0,5.0,4.1,5.0,2.0,34.0,45.5,3.0,1.0,32.7,31.0,20.0,25.0,5.0,3.0,11.1,10.2,8.1,5.1,22.2,21.4,19.2,21.0
1772528661.258563,15.8,7.1,16.2,18.4,32.0,41.7,5.1,2.0,7.1,10.1,3.1,5.9,32.0,32.7,18.4,19.0,13.0,13.1,31.6,38.4,36.4,40.2,40.0,41.2,5.1,4.1,8.1,6.0,31.0,35.4,32.0,43.6,3.0,5.0,2.1,1.0,42.6,39.6,3.1,6.1,37.4,43.6,17.0,23.2,3.0,2.0,8.0,8.0,5.1,7.0,17.8,19.0,19.2,16.5
1772528662.2593498,14.9,9.1,21.2,21.0,44.9,34.0,4.1,3.0,12.2,11.6,5.9,4.1,31.7,30.3,21.2,27.6,12.1,5.1,37.0,36.3,41.6,38.6,41.2,39.0,5.1,5.0,8.1,8.1,35.0,40.4,10.1,34.7,4.1,3.1,5.1,6.1,37.6,45.0,9.2,23.0,36.6,35.4,24.2,31.3,3.1,3.1,10.2,8.1,7.9,8.2,19.2,22.0,23.8,25.0
1772528663.2605553,10.3,11.1,13.1,17.3,29.3,43.0,4.1,3.0,5.1,10.0,4.1,5.1,31.0,31.0,31.6,34.3,13.1,13.1,33.0,37.8,36.0,34.0,43.6,37.0,5.0,3.1,5.1,8.2,32.7,26.0,16.0,39.0,4.0,5.0,3.1,1.0,35.0,44.6,12.2,17.5,30.3,29.0,21.0,21.8,3.0,3.0,7.1,9.1,5.1,5.2,19.2,23.0,20.4,19.0
1772528664.2635443,14.0,8.9,13.3,13.9,34.3,39.2,3.0,6.1,4.0,2.0,3.1,4.0,24.8,33.7,27.0,25.0,8.2,9.1,33.3,32.0,33.3,34.3,33.0,43.1,4.0,7.1,7.9,6.9,24.2,25.5,31.7,27.0,6.0,2.0,3.0,2.0,36.0,45.5,2.0,7.0,22.0,21.0,22.5,19.0,3.0,3.0,8.9,9.0,5.1,8.0,17.0,19.8,21.2,14.1
1772528665.2640214,9.3,11.0,16.2,15.2,50.0,23.2,2.0,8.1,10.1,6.1,6.0,4.1,25.0,33.0,19.2,15.5,13.1,10.3,34.0,35.0,37.6,40.0,25.5,30.6,4.0,6.1,6.1,7.1,28.3,24.2,31.6,45.5,3.1,3.0,5.1,1.0,41.6,39.6,15.3,8.2,20.2,21.8,18.4,21.2,1.0,3.1,6.2,11.0,6.1,5.1,22.0,19.4,22.0,18.2
1772528666.2669363,11.3,9.1,20.2,17.3,49.5,28.0,5.1,2.0,11.2,19.2,5.1,6.0,30.0,32.0,17.3,24.0,3.1,13.0,29.3,39.0,38.0,33.7,31.4,41.2,3.0,5.0,6.1,8.1,35.0,27.7,41.6,40.6,6.1,2.0,3.0,3.1,36.0,46.5,4.0,4.1,26.0,21.2,22.0,28.0,5.9,1.0,11.0,7.1,7.1,7.0,19.8,18.0,24.2,19.4
1772528667.2677357,11.3,7.1,15.2,13.3,37.4,34.0,3.1,3.0,6.0,3.1,4.0,6.1,34.7,26.5,32.7,30.0,11.2,15.3,30.9,34.3,34.0,39.0,32.3,29.0,4.1,4.0,6.1,9.2,27.3,30.6,41.8,38.4,5.0,3.1,4.1,3.0,40.0,37.6,2.0,4.0,32.0,31.0,17.0,21.8,2.0,5.0,8.2,6.2,8.0,6.1,26.3,26.0,22.2,19.2
1772528668.2705393,11.2,6.9,15.3,9.9,44.0,28.4,4.0,0.0,3.0,2.0,3.0,4.0,28.4,23.8,27.3,23.2,5.0,1.0,34.3,34.0,39.2,37.3,37.6,41.2,4.0,3.0,5.9,8.9,23.8,24.5,34.3,45.1,4.0,5.0,4.0,4.0,38.2,39.2,1.0,2.0,38.0,34.3,18.0,19.0,1.0,19.2,7.9,7.0,4.1,5.1,16.8,14.0,17.0,17.0
1772528669.2706223,12.5,7.2,14.3,18.4,33.7,36.0,4.1,3.0,9.4,8.2,5.1,3.1,33.3,28.6,15.5,26.3,17.2,19.2,31.6,35.0,36.4,37.0,38.2,37.0,5.1,4.1,6.2,8.2,26.5,30.6,25.5,25.5,4.1,7.1,2.0,3.1,35.7,42.0,3.1,3.1,41.4,40.8,22.7,16.5,2.1,30.3,9.1,7.1,6.1,6.2,18.4,20.2,18.4,21.6
1772528670.273595,12.2,8.1,15.2,20.4,50.0,28.0,6.1,2.0,19.2,12.2,5.1,3.1,29.0,24.8,26.0,17.2,2.1,4.0,35.0,29.3,35.3,42.2,20.2,21.0,4.0,5.0,8.1,6.1,30.7,24.0,29.0,27.0,2.0,5.1,2.0,3.0,41.6,37.6,2.0,4.1,40.0,41.2,20.0,24.5,3.0,29.0,9.1,8.0,6.0,8.1,23.8,24.8,23.0,18.2
1772528671.2736807,12.2,9.0,14.3,18.0,28.3,45.5,5.1,3.0,2.1,4.1,6.1,5.9,27.3,31.0,27.0,24.5,16.2,15.3,35.6,32.7,43.0,39.0,32.0,30.0,3.1,3.1,7.1,9.1,30.0,31.3,29.0,46.0,2.0,4.1,3.0,3.1,43.6,37.4,2.0,14.1,41.2,39.4,26.7,21.2,4.0,9.1,14.3,7.2,5.2,7.0,14.3,15.2,20.0,19.2
1772528672.274606,15.3,11.0,17.2,17.3,40.4,38.0,4.1,3.0,6.1,11.1,6.0,8.1,31.0,34.7,31.0,26.3,7.1,6.1,35.4,39.0,38.0,35.6,43.1,38.6,7.1,5.9,11.0,7.1,34.7,31.7,42.4,39.4,6.0,7.0,5.1,3.1,44.6,42.6,10.1,9.1,32.0,34.0,32.0,19.0,2.0,12.1,11.0,10.0,8.1,8.1,30.4,26.3,25.5,21.2
1772528673.276428,12.4,8.0,18.2,19.0,31.6,44.1,5.1,3.1,9.1,5.0,5.1,4.0,36.3,23.8,35.4,28.0,20.0,20.2,36.7,33.3,36.0,40.2,39.0,43.1,4.0,3.0,7.1,9.9,31.3,28.7,46.0,31.0,4.1,5.9,4.1,4.0,36.4,44.0,3.0,1.0,31.0,30.7,20.2,24.2,3.0,25.7,10.2,5.1,7.1,8.1,16.2,16.0,22.4,22.2
1772528674.2781,13.1,8.1,15.2,15.2,41.4,33.3,5.1,2.0,13.1,15.3,5.1,5.1,25.3,34.0,17.3,16.7,3.1,5.0,30.0,31.7,32.7,38.0,45.5,34.0,5.1,4.0,5.1,7.1,31.0,22.2,40.0,22.0,4.0,3.1,5.1,4.0,38.0,43.6,3.0,3.1,28.0,27.3,23.8,19.0,3.1,1.0,8.0,9.0,8.0,7.1,26.7,29.0,25.0,17.2
1772528675.2781663,13.3,8.1,15.2,18.2,32.3,32.7,3.1,2.0,3.1,3.1,5.0,4.0,30.7,29.0,22.2,24.0,9.1,11.2,34.0,29.6,33.7,42.2,41.2,39.0,3.0,4.0,7.1,6.1,32.3,25.3,35.6,34.0,4.0,7.1,2.1,4.0,41.2,42.0,3.1,3.1,20.4,26.0,19.2,20.0,5.9,9.1,7.1,7.1,8.0,6.1,10.2,9.3,17.2,20.2
1772528676.2808075,15.8,10.1,13.0,21.4,48.5,33.7,3.0,5.0,11.1,8.0,3.1,6.1,24.0,36.6,30.0,28.0,11.3,15.2,33.7,40.6,35.0,37.0,42.0,37.0,22.4,5.0,6.1,10.0,27.3,31.0,43.0,38.0,1.0,5.1,9.1,1.0,37.6,43.4,3.1,3.0,25.7,32.3,23.0,25.0,3.0,18.0,13.1,10.1,7.1,7.0,29.0,31.4,24.8,20.2
1772528677.2858534,12.4,8.0,15.2,14.3,43.4,26.7,4.0,4.1,6.1,3.1,3.1,6.1,27.3,32.0,37.0,31.6,12.9,8.2,30.0,34.7,37.6,39.2,32.7,21.0,18.2,5.1,9.0,5.1,26.7,28.3,31.0,31.0,4.0,3.1,3.1,8.1,36.4,42.6,4.1,4.1,32.7,31.0,20.4,26.5,2.0,16.2,6.9,8.1,7.1,6.1,10.2,9.1,22.2,19.4
1772528678.2859201,13.4,8.0,14.4,15.2,35.7,39.0,4.0,3.1,16.3,13.3,5.0,4.1,27.0,35.6,15.2,17.2,11.2,13.0,34.3,33.0,38.2,39.0,20.2,8.1,6.0,3.0,8.2,4.1,30.7,24.0,35.0,43.4,4.0,4.1,5.1,5.1,40.2,40.6,7.1,4.1,29.6,31.0,18.0,21.0,5.1,1.0,6.1,9.1,7.0,7.1,29.3,30.3,20.0,20.0
1772528679.2864482,10.3,6.0,14.1,13.0,19.4,41.2,2.0,3.0,8.1,2.0,4.0,4.0,22.0,23.8,17.0,17.2,2.0,13.3,31.7,38.0,32.7,34.0,7.1,21.2,6.1,3.0,7.0,6.1,27.0,19.0,25.0,25.0,4.0,2.0,1.0,2.0,40.0,37.6,3.1,8.1,38.6,43.0,17.0,22.2,0.0,3.1,9.1,5.1,6.1,4.1,7.0,6.1,19.8,13.3
1772528680.288479,12.4,7.1,19.4,12.1,41.0,37.0,5.0,8.0,6.0,4.0,6.1,3.1,31.0,31.0,29.3,25.3,13.9,12.1,37.4,29.3,38.4,34.0,17.0,10.1,6.1,1.0,11.0,10.0,27.6,32.0,20.2,27.5,6.1,6.0,3.0,1.0,43.0,41.0,2.1,8.1,41.0,41.0,21.2,23.8,4.0,4.0,7.1,9.1,7.1,6.1,23.2,24.0,21.6,15.2
1772528681.289133,12.4,11.1,18.4,19.4,49.0,27.0,5.2,3.1,11.1,5.2,5.1,5.1,32.7,35.4,41.0,38.6,10.1,9.3,38.6,33.0,40.2,39.6,12.0,29.0,4.0,3.1,6.1,10.0,25.0,35.4,21.0,41.0,3.1,4.1,2.0,5.0,39.6,39.6,5.1,6.2,40.8,41.6,28.7,22.2,3.1,1.0,8.1,11.1,7.1,7.1,19.4,21.0,29.7,19.6
1772528682.2932703,16.8,10.1,19.4,15.0,44.4,27.0,5.0,3.0,16.3,16.0,4.1,6.0,26.0,35.6,20.0,18.4,18.2,19.0,34.7,34.3,36.6,37.6,26.2,42.2,6.0,4.0,7.1,9.1,29.7,29.7,36.0,38.4,3.0,4.0,5.0,5.1,46.1,38.0,3.1,3.1,34.7,36.6,22.2,26.7,4.0,4.0,11.0,12.0,7.1,8.1,24.0,22.0,22.7,19.0
1772528683.2942162,10.3,8.1,16.2,18.0,45.5,25.0,2.1,2.0,3.1,2.0,6.0,5.0,28.0,32.3,20.4,20.6,3.1,3.1,29.0,37.4,36.6,36.0,39.4,42.0,4.0,5.1,7.0,10.1,33.0,26.0,31.0,49.0,2.0,6.9,3.1,6.1,34.0,42.0,21.2,19.2,29.0,26.3,19.2,22.2,3.1,2.0,8.1,7.1,6.1,7.1,15.2,19.0,22.8,19.2
1772528684.300516,14.9,10.9,19.8,15.3,38.6,37.9,5.0,2.0,6.0,10.9,4.0,5.0,36.3,24.8,30.4,27.7,16.8,19.0,38.0,31.7,39.6,40.8,41.6,39.6,7.0,3.0,10.0,6.9,39.8,26.7,36.6,46.1,5.0,3.0,5.0,4.1,43.6,40.2,9.1,11.1,21.8,22.5,25.5,19.8,4.9,4.0,8.0,11.9,8.9,7.0,19.0,21.2,19.2,21.0
1772528685.3010247,13.1,12.1,17.7,17.0,42.3,32.0,7.2,8.2,11.5,11.1,5.2,3.1,37.0,28.3,34.0,37.4,3.1,3.1,37.0,35.4,36.4,38.4,42.6,33.0,4.1,2.1,8.2,2.1,22.2,35.4,38.4,40.8,4.1,5.1,3.0,4.1,42.0,40.4,14.3,4.1,22.2,22.2,28.0,22.7,3.1,1.0,7.1,9.2,6.2,6.1,18.4,20.2,23.5,21.0
1772528686.3042917,18.1,10.1,19.0,16.0,39.0,34.7,7.9,6.9,13.0,7.1,6.0,6.0,28.7,31.7,18.0,19.2,20.8,20.0,35.6,35.3,39.2,39.2,31.7,30.0,5.0,5.0,9.0,8.0,31.0,27.7,42.0,35.6,6.0,4.0,4.0,3.0,40.6,40.8,8.2,8.1,33.0,27.7,26.0,21.8,4.0,4.0,11.0,10.9,8.0,7.0,24.8,24.0,25.7,19.2
1772528687.3055685,9.5,10.1,21.2,19.4,43.9,36.0,3.1,3.0,5.1,5.1,3.1,5.1,27.3,34.7,17.3,20.2,2.1,4.1,37.4,27.8,36.0,34.0,20.2,40.6,3.0,6.1,5.2,6.1,35.0,25.5,31.0,34.7,3.1,2.1,6.1,4.1,43.6,39.0,4.0,4.0,34.3,31.3,22.0,24.2,3.1,10.1,12.1,10.1,7.1,8.1,16.3,18.2,20.4,25.5
1772528688.3099978,14.1,11.1,24.0,19.0,47.5,25.0,6.0,4.0,11.2,7.1,5.1,5.1,30.0,33.7,30.3,29.3,16.3,19.2,35.4,31.7,36.6,40.6,29.0,38.0,4.0,6.1,7.0,12.9,29.6,32.3,33.0,17.0,4.1,5.0,4.1,3.0,44.4,37.0,3.1,2.0,40.0,41.6,23.0,28.0,32.3,8.2,10.0,8.2,7.2,7.1,22.8,22.0,23.2,20.0
1772528689.3146362,13.7,9.0,13.0,14.1,37.6,33.7,3.0,3.1,14.1,18.2,4.0,5.1,31.7,18.0,30.0,33.3,3.0,4.0,34.7,34.7,30.4,30.0,15.0,45.5,3.0,5.0,5.1,6.1,26.7,22.0,33.0,27.7,5.0,5.0,2.0,2.0,44.1,36.6,3.0,2.0,40.4,40.6,18.0,20.0,11.1,8.9,7.1,9.0,6.9,5.1,18.8,19.2,18.2,16.2
1772528690.314713,16.2,11.0,22.8,13.3,20.4,51.0,5.0,2.0,3.1,6.1,3.1,6.0,30.0,31.7,21.0,18.6,16.0,21.2,33.7,33.7,33.0,36.6,20.8,40.6,5.1,6.0,8.0,8.9,30.7,23.0,34.0,37.4,6.2,5.2,3.0,4.0,42.0,40.2,6.0,11.1,41.6,39.0,20.2,25.0,26.0,2.0,11.1,7.1,6.1,9.9,22.0,23.8,19.0,24.0
1772528691.3165977,11.3,7.1,20.6,12.2,30.3,43.6,4.1,2.0,9.2,3.1,6.0,4.1,28.3,29.0,24.5,21.4,2.1,4.1,30.3,39.0,34.7,40.6,21.0,23.8,3.1,3.1,7.1,6.0,37.0,26.0,40.0,40.4,8.1,8.1,5.1,2.0,36.0,47.5,7.3,10.3,40.6,40.0,22.2,22.0,3.0,4.0,8.0,6.1,6.1,7.1,23.0,22.2,19.2,21.2
1772528692.316684,15.0,10.2,19.2,19.2,36.7,41.6,4.1,4.1,6.1,6.2,4.0,4.1,29.3,33.3,29.0,27.0,10.0,11.1,30.3,34.3,38.6,39.2,25.0,25.0,6.0,3.0,6.1,10.2,32.3,25.7,28.3,40.6,7.1,4.0,2.1,7.0,43.0,38.0,5.0,3.0,29.6,30.3,26.3,24.0,2.0,3.1,8.1,13.0,8.1,5.1,15.3,18.0,26.3,19.2
1772528693.3230815,10.3,8.0,14.1,11.1,31.6,35.0,4.0,2.0,20.2,13.1,5.0,5.9,23.8,24.5,27.0,27.7,9.1,11.1,28.0,31.7,35.3,32.0,41.6,40.2,9.1,5.0,7.0,5.1,23.8,19.0,30.0,40.6,6.9,3.0,4.0,1.0,46.1,37.3,2.0,2.0,30.7,30.7,17.8,18.6,3.0,1.0,8.0,11.0,7.9,5.1,21.8,24.0,14.0,19.8
1772528694.3261526,13.9,10.1,21.8,13.0,37.4,35.6,4.0,4.0,5.0,4.1,3.1,5.1,37.3,25.0,18.2,19.6,7.1,13.0,37.6,28.6,38.6,37.3,38.6,41.2,3.0,4.0,6.1,7.0,31.7,26.7,34.7,46.0,5.1,5.1,2.0,2.0,40.0,38.0,2.0,5.0,22.0,22.2,24.8,22.0,2.0,2.0,8.9,7.1,7.1,5.1,17.2,18.2,16.2,21.2
1772528695.3262362,12.0,9.0,15.2,15.2,46.5,23.0,3.0,4.0,9.3,8.1,5.1,4.0,21.0,32.0,25.3,22.4,4.1,11.1,36.0,29.0,36.0,34.7,31.7,31.3,3.0,4.0,6.1,5.1,26.5,22.0,45.5,35.0,6.0,6.1,2.0,2.0,36.6,43.6,4.0,2.0,20.4,21.0,21.2,15.0,3.0,4.0,8.1,6.1,6.0,7.0,18.4,17.2,19.0,16.2
1772528696.3308797,11.3,6.0,15.2,14.1,30.3,47.0,4.0,1.0,4.0,2.0,6.0,3.1,27.0,28.7,24.2,28.7,6.1,3.1,31.0,29.0,37.3,40.0,24.0,26.7,2.0,5.1,6.0,7.9,23.8,26.3,38.4,32.7,5.0,2.0,3.0,5.1,48.5,29.7,2.0,3.0,27.0,21.2,22.0,20.0,2.0,2.0,12.9,7.0,6.1,7.0,15.3,19.8,16.2,22.0
1772528697.3309598,13.1,7.1,16.0,19.0,32.7,41.2,4.0,5.0,21.8,12.0,4.1,8.9,26.0,38.6,25.3,30.0,16.2,12.0,31.6,34.0,35.6,38.6,21.0,18.8,3.0,5.0,4.0,7.1,27.0,28.0,37.6,22.0,4.0,3.0,3.0,4.0,39.2,46.0,4.0,3.0,32.7,30.0,22.8,26.7,3.9,4.0,7.1,7.9,6.1,6.1,20.2,22.2,23.0,18.0
1772528698.3321888,11.3,9.2,22.4,15.2,39.6,39.0,3.1,6.1,6.1,5.2,4.1,5.2,33.0,33.7,20.6,19.4,4.1,2.1,42.0,33.3,38.0,39.6,21.0,21.4,5.9,5.1,6.1,7.1,33.0,28.3,30.3,30.9,7.1,1.0,7.1,2.0,37.0,39.6,2.1,4.1,33.3,36.0,24.5,23.5,2.1,2.0,11.2,8.2,4.1,7.1,16.0,21.4,24.0,18.4
1772528699.3328114,13.4,7.1,16.8,18.4,34.0,36.6,3.0,2.1,6.1,6.1,5.1,4.1,23.0,34.7,20.0,24.2,16.2,17.2,31.0,32.0,36.0,41.0,17.8,33.0,5.1,6.1,8.1,8.1,29.0,26.7,26.5,42.6,5.1,4.9,3.0,7.1,43.0,41.0,2.0,2.1,40.6,42.0,20.0,20.2,1.0,3.0,7.1,7.1,7.1,7.1,20.0,19.0,23.2,17.2
1772528700.3330743,13.0,7.1,19.4,14.1,32.3,41.6,3.1,2.0,7.1,4.1,3.1,6.0,28.3,29.3,34.0,35.0,2.0,7.1,35.4,34.0,40.2,35.6,41.4,40.6,4.1,4.0,9.1,6.1,25.0,28.0,32.3,30.7,6.0,2.0,5.0,3.0,39.6,36.0,1.0,2.0,41.0,41.0,17.2,22.8,1.0,4.0,7.1,9.1,8.2,7.1,21.0,19.2,20.0,19.0
1772528701.338964,14.0,12.0,13.1,16.0,33.7,34.7,5.0,1.0,14.9,7.0,3.1,6.1,25.7,23.2,29.6,33.3,15.2,14.1,29.0,34.3,31.0,37.6,41.2,41.6,6.1,5.1,8.0,5.1,22.0,28.3,40.4,30.0,4.0,5.1,1.0,3.1,49.5,34.7,3.0,4.0,37.0,39.2,16.2,20.8,3.0,3.1,5.1,10.2,7.0,8.0,24.8,23.8,24.2,11.3
1772528702.3416708,12.1,12.1,17.3,21.4,43.1,38.0,2.0,5.0,9.4,9.3,3.1,5.1,40.6,33.3,14.0,13.3,3.1,9.2,34.0,39.6,38.6,42.6,36.0,44.6,6.0,3.0,11.0,6.9,33.3,35.4,40.0,19.2,5.1,4.0,4.0,5.1,38.6,45.5,4.0,5.2,30.7,31.3,25.7,23.2,2.1,4.0,11.9,12.0,10.0,5.1,16.2,15.3,22.4,25.7
1772528703.342333,13.1,9.0,23.2,16.3,35.7,35.6,5.1,3.1,4.1,11.0,5.1,3.1,25.3,35.6,22.4,24.0,10.1,18.0,33.3,35.7,34.3,38.6,38.0,40.0,5.1,4.0,10.2,5.1,32.0,27.0,43.6,35.0,8.0,5.0,4.1,7.1,42.0,40.6,7.2,23.0,21.8,22.8,27.0,19.0,5.0,4.0,9.2,9.2,6.1,9.0,22.0,23.5,19.2,24.0
1772528704.3429887,12.2,8.2,23.2,20.2,41.4,36.4,5.1,3.1,8.1,3.1,6.0,5.1,30.0,34.3,44.6,33.7,14.3,6.2,38.0,36.4,38.6,37.0,21.2,20.2,4.0,5.1,8.1,7.2,33.0,33.3,20.2,43.0,4.0,2.1,2.0,4.0,53.9,27.0,12.1,16.5,21.2,22.2,24.2,25.3,5.2,3.0,10.1,10.1,9.1,8.1,22.0,23.0,22.0,27.6
1772528705.3430712,14.1,9.1,16.2,22.4,39.4,35.0,5.0,4.0,15.5,16.3,5.1,7.1,33.3,28.6,30.9,34.0,10.2,5.1,33.0,39.0,34.7,38.4,25.0,36.4,3.0,6.1,7.1,7.1,28.0,29.0,32.3,44.6,2.1,5.0,3.0,2.1,35.4,43.4,19.2,5.2,25.0,30.7,25.7,21.2,3.0,3.1,10.1,10.1,6.2,6.1,22.8,22.0,20.2,24.2
1772528706.3434765,11.2,7.0,16.0,14.1,30.3,37.6,3.0,4.0,3.0,4.0,3.1,6.9,27.0,23.8,5.1,7.1,10.1,8.1,32.0,32.7,37.6,33.7,16.8,43.6,4.0,5.1,5.0,5.1,23.0,28.0,40.0,36.4,5.0,3.0,2.0,5.0,36.6,40.0,8.0,6.1,31.0,31.3,14.0,23.8,2.0,4.0,6.0,9.9,5.1,7.0,11.1,13.0,22.5,15.2
1772528707.348391,11.3,8.2,21.0,15.5,32.3,37.3,2.0,3.0,3.1,7.1,5.9,4.1,29.3,34.0,6.1,8.1,7.1,10.0,32.0,33.0,41.0,35.6,21.0,41.6,2.0,5.1,6.1,7.1,36.4,26.0,26.7,37.0,4.0,4.0,7.9,4.0,43.0,43.7,4.0,3.0,41.4,38.2,25.7,21.8,5.0,1.0,9.2,6.1,8.9,5.2,19.2,17.3,19.2,19.2
1772528708.349788,10.3,10.0,16.5,19.2,34.7,39.0,5.1,1.0,7.0,6.1,5.1,3.0,31.0,30.7,34.3,34.3,2.1,9.2,30.4,37.0,42.2,37.3,20.8,40.2,7.0,2.0,6.2,10.8,26.0,26.3,35.0,31.3,3.0,5.1,2.0,3.0,46.5,35.4,6.0,2.0,41.6,39.4,23.0,22.2,7.1,3.0,8.9,11.1,6.1,8.0,23.0,23.0,15.3,23.0
1772528709.3516774,15.8,10.0,18.4,21.8,42.4,37.0,5.0,5.0,10.2,8.2,4.0,5.1,35.6,34.0,42.9,38.8,11.1,14.3,45.0,30.0,39.0,40.0,22.0,20.2,5.1,2.0,6.0,7.2,30.7,34.0,38.0,41.6,6.1,4.0,3.0,2.1,35.4,45.5,3.1,4.1,40.0,41.0,22.2,30.3,4.1,3.1,10.2,10.2,6.1,6.2,20.4,21.2,20.0,23.2
1772528710.352813,12.2,20.0,18.4,19.4,29.6,41.6,2.1,3.0,9.1,11.2,6.1,6.1,32.7,36.0,18.0,21.2,2.1,18.2,42.9,29.6,41.0,39.6,37.0,36.6,5.1,3.0,10.3,9.0,29.3,31.0,31.0,31.3,6.0,4.0,4.0,3.0,42.2,39.4,7.1,11.2,33.0,33.7,19.2,28.0,4.0,2.1,12.1,8.1,7.1,9.9,20.0,21.0,23.2,24.2
1772528711.3538692,11.2,10.1,16.2,19.4,42.0,34.3,6.9,3.1,6.1,11.1,5.1,6.1,28.0,29.7,5.2,10.2,10.1,7.1,35.6,32.7,37.3,37.0,42.0,39.6,5.1,7.0,7.1,9.1,32.7,29.0,33.0,45.0,4.0,4.0,5.1,7.0,46.0,34.3,7.1,16.2,30.0,31.3,26.0,24.2,2.0,4.0,9.0,15.0,7.1,6.1,24.8,21.2,18.4,24.2
1772528712.3543127,14.3,16.2,17.0,10.2,34.0,34.7,4.0,3.0,6.2,11.3,8.2,6.0,30.0,31.0,29.0,44.0,15.2,15.2,27.3,33.7,30.0,42.2,37.6,40.4,5.1,5.2,9.1,7.1,19.2,29.0,40.4,40.6,3.1,4.1,3.1,4.1,39.0,42.6,3.0,4.1,30.3,32.0,15.0,22.0,3.0,2.0,8.1,6.1,7.0,6.9,16.2,17.0,19.2,13.1
1772528713.3590736,12.4,15.0,16.0,16.2,21.9,49.5,4.1,3.1,9.3,13.1,4.1,3.1,27.0,24.2,41.4,38.1,3.1,5.2,36.0,29.0,32.7,35.3,38.4,35.6,5.1,7.8,9.1,11.0,27.0,25.5,41.2,40.0,2.0,6.9,3.0,2.0,37.6,44.4,5.0,4.0,30.0,31.7,14.1,21.0,1.0,4.0,9.0,8.1,5.2,7.1,26.7,27.0,17.8,20.4
1772528714.359645,12.1,8.1,14.4,14.1,31.0,42.0,4.1,3.0,5.1,10.1,4.0,4.0,23.8,32.7,17.2,17.2,15.0,13.4,32.0,35.0,32.4,35.0,37.3,26.0,4.0,5.1,12.1,9.1,25.0,25.3,30.3,47.0,4.0,3.1,2.0,2.0,39.6,40.2,3.1,2.0,34.7,38.4,20.0,19.0,4.0,0.0,6.1,9.0,4.1,8.0,14.0,13.1,18.2,20.2
1772528715.3597302,10.3,9.1,10.2,22.7,46.0,28.0,7.1,1.0,3.1,4.0,5.1,4.0,31.3,31.3,4.0,2.1,4.1,4.0,31.3,33.3,35.4,36.4,38.0,39.0,3.1,5.0,7.1,7.0,28.0,31.0,28.7,48.0,1.0,5.1,3.1,3.0,32.0,45.5,4.0,3.1,40.4,40.0,23.2,26.3,3.0,4.0,10.1,9.0,5.1,6.1,21.4,21.4,16.2,22.4
1772528716.3643947,13.0,7.0,19.8,12.9,39.0,35.3,6.1,5.1,5.1,11.1,4.1,4.0,24.5,30.4,18.2,19.0,8.2,2.0,35.6,35.6,39.0,38.2,38.6,22.8,2.0,4.1,6.1,7.1,22.8,27.0,21.0,38.6,4.0,2.0,3.0,4.0,36.0,44.6,2.0,2.0,35.0,35.6,22.0,17.0,4.0,5.9,7.0,8.0,8.0,5.1,19.6,20.0,22.2,19.8
1772528717.3644834,15.0,7.1,22.0,14.1,42.6,31.7,5.9,1.0,13.1,11.2,5.0,5.1,29.7,36.3,38.4,44.6,14.7,14.9,35.0,34.3,41.2,37.9,25.5,36.3,3.0,5.9,8.0,8.9,28.7,31.7,40.6,30.0,2.0,4.1,3.0,2.0,31.1,44.1,7.1,3.0,30.7,29.7,26.7,20.0,7.0,4.1,8.1,13.9,7.1,7.1,14.9,14.1,20.6,22.0
1772528718.3660643,13.4,7.2,14.6,17.5,38.5,40.0,4.1,3.1,5.2,7.2,6.1,4.1,31.3,28.6,37.8,33.7,13.7,8.2,35.1,35.4,35.4,37.8,41.8,27.6,4.1,4.1,9.2,4.2,29.3,31.0,42.3,36.7,2.1,6.1,1.0,3.1,33.3,52.0,4.2,2.1,31.3,31.3,26.8,20.0,7.3,2.0,8.3,7.1,7.1,9.1,27.6,29.3,21.6,19.2
1772528719.366149,13.1,10.9,21.8,12.2,36.4,32.7,6.1,4.0,3.0,6.0,5.1,4.1,28.0,32.0,4.0,3.1,11.1,8.1,38.0,32.0,35.6,39.6,41.0,41.6,6.9,5.0,8.0,7.9,30.3,28.3,30.0,32.0,3.0,4.0,3.0,3.0,38.6,39.6,2.0,2.0,31.0,31.0,21.0,22.2,5.0,2.0,8.9,7.1,7.1,5.1,14.1,15.2,23.5,15.2
1772528720.367244,8.4,4.0,21.2,17.3,33.7,33.0,1.0,2.0,3.0,3.1,4.0,2.0,28.0,31.0,1.0,3.1,3.0,11.1,8.9,8.2,36.6,35.0,38.0,40.0,1.0,3.0,2.0,3.1,22.8,28.0,36.0,21.2,2.0,4.0,1.0,3.0,19.0,13.0,3.0,3.0,31.0,30.7,24.8,24.0,1.0,1.0,6.1,3.0,4.0,2.0,10.0,9.1,5.0,11.2
1772528721.3673368,9.6,10.0,28.0,33.0,27.0,50.0,4.0,3.0,3.0,4.0,2.0,5.0,35.6,37.6,3.0,4.9,1.0,21.2,7.1,17.0,42.0,39.6,43.6,32.0,1.0,3.0,8.2,5.2,37.0,31.6,27.3,25.0,3.1,4.0,1.0,4.0,21.2,19.4,2.0,4.0,23.0,22.2,32.0,34.0,3.0,3.0,7.1,4.0,3.0,10.1,14.0,12.0,4.0,9.1
1772528722.3674269,4.3,3.0,9.2,12.1,16.0,13.0,1.0,2.0,2.0,3.0,3.0,4.0,14.1,17.8,2.0,1.0,4.0,2.0,8.0,7.0,20.0,19.0,41.6,38.0,2.0,2.0,3.0,2.0,14.1,13.0,24.0,23.0,2.0,3.0,3.0,0.0,10.0,8.0,2.0,2.0,20.0,17.8,16.3,11.0,1.0,5.9,2.0,5.0,4.0,3.0,0.0,4.0,5.0,7.0
1772528723.368811,11.3,7.0,22.2,22.2,35.0,36.3,7.8,3.0,4.0,4.0,3.0,7.0,35.3,31.7,13.0,18.0,3.1,8.0,11.1,10.1,37.6,39.6,40.6,22.5,3.0,1.0,2.0,5.0,28.0,31.7,21.0,22.8,6.1,3.0,5.0,4.0,12.0,12.1,3.0,3.0,11.9,12.0,26.7,26.0,2.0,5.1,3.0,7.1,4.0,4.0,4.0,2.0,7.1,6.1
1772528724.3698528,14.1,7.1,21.2,21.8,45.0,34.0,3.1,6.1,5.1,12.0,2.0,6.1,32.0,29.7,13.1,14.1,4.0,4.0,24.2,18.2,44.6,38.6,36.6,24.5,11.9,4.0,4.1,5.9,30.7,36.4,21.8,23.8,4.0,5.0,2.0,3.1,18.4,18.0,10.1,3.1,11.9,13.9,25.0,26.7,3.0,3.0,6.1,6.1,6.9,6.1,3.0,5.1,14.0,9.0
1772528725.3709748,12.5,7.0,21.0,15.3,43.0,30.7,3.1,5.1,5.1,3.0,18.8,4.0,31.4,28.3,27.0,28.3,11.1,8.0,16.3,21.0,36.0,39.0,24.0,22.8,7.1,6.0,8.0,7.9,21.2,35.3,21.8,21.2,4.0,2.0,11.1,5.0,27.0,19.2,4.0,3.0,11.1,18.0,24.0,24.0,2.0,3.0,6.1,9.0,5.1,7.1,12.9,11.0,12.0,11.1
1772528726.3712106,11.3,7.1,20.4,21.4,32.3,41.0,3.0,4.0,3.1,10.1,9.2,8.1,28.0,39.4,31.0,37.4,13.0,16.0,15.3,14.3,39.2,40.0,9.0,34.0,2.0,1.0,4.0,4.1,29.3,30.3,21.0,18.2,2.0,3.0,2.0,3.0,26.0,26.3,0.0,2.0,21.8,21.2,26.3,24.2,2.0,2.0,5.9,6.1,5.1,4.0,5.1,5.1,14.1,14.1
1772528727.3748522,10.2,6.9,22.2,21.0,32.0,38.6,1.0,3.0,11.1,4.1,2.0,9.0,32.0,33.7,16.5,18.8,1.0,1.0,10.9,17.0,38.6,42.2,18.2,21.0,2.0,1.0,2.0,2.0,37.6,32.7,26.3,27.7,1.0,1.0,3.0,1.0,16.0,12.0,4.0,1.0,20.8,20.2,26.5,30.0,4.0,1.0,4.0,7.8,2.0,2.0,19.0,20.0,12.1,8.1
1772528728.3765113,9.5,5.1,26.7,26.0,33.7,46.5,3.0,1.0,3.0,2.0,2.0,3.0,33.3,38.8,3.0,1.0,3.0,2.0,15.2,12.0,43.6,38.0,18.8,34.3,1.0,2.0,3.0,3.1,31.3,40.6,43.6,35.0,4.0,0.0,3.1,2.0,22.8,29.0,4.0,0.0,22.0,20.8,30.0,30.7,4.0,1.0,7.1,6.1,6.0,4.0,3.0,3.1,14.0,10.8
1772528729.3795793,14.3,8.2,18.4,13.4,44.4,27.0,4.0,2.0,8.2,9.0,5.1,5.1,24.2,33.3,8.1,12.1,14.0,12.2,39.0,33.0,33.0,36.6,19.0,29.3,6.0,3.0,6.1,9.0,28.7,25.0,35.0,43.0,2.0,7.0,2.0,4.1,39.0,43.0,2.0,4.1,20.0,20.8,20.2,27.0,2.0,5.1,8.0,11.0,7.0,8.1,14.0,15.0,24.2,15.3
1772528730.3818555,14.3,9.9,18.4,14.0,42.4,34.3,4.0,3.0,3.1,3.1,4.0,5.1,30.0,34.7,32.7,36.6,9.1,9.0,33.3,31.0,42.2,41.2,19.2,32.4,6.1,5.0,8.1,8.1,25.7,30.0,51.5,31.7,3.0,2.0,3.0,2.0,36.6,43.7,3.1,15.0,13.0,12.1,26.7,26.5,3.0,10.1,9.1,10.0,9.1,9.0,27.7,25.0,25.7,23.8
1772528731.3826826,24.7,8.2,18.6,25.3,34.0,45.0,8.2,3.1,13.1,8.2,10.1,11.2,36.4,32.0,37.8,37.8,15.3,18.2,33.3,36.0,40.8,37.0,41.0,42.6,7.1,5.1,8.1,7.1,29.3,34.0,26.5,40.4,4.1,6.1,5.1,5.1,41.4,43.4,11.2,11.5,18.2,15.2,27.6,20.6,6.1,7.1,11.2,10.1,5.2,10.2,16.2,14.3,25.3,18.2
1772528732.3927674,19.8,8.9,18.0,19.2,32.7,38.2,4.1,3.0,17.2,11.0,6.1,5.1,26.7,31.0,22.2,19.2,11.2,11.1,33.0,37.0,39.2,40.2,41.3,42.6,8.1,9.0,9.1,8.9,31.7,24.0,32.0,34.0,7.0,4.0,4.0,5.1,38.6,42.6,6.1,22.8,31.7,33.7,24.5,24.8,8.0,11.0,9.0,8.1,7.1,8.0,25.0,24.8,25.0,18.2
1772528733.3938012,11.2,7.1,19.2,14.0,41.0,30.0,5.0,2.0,7.1,5.1,3.0,6.0,30.0,28.7,8.0,10.1,8.1,1.0,37.0,34.7,38.6,35.0,41.0,41.2,4.1,11.2,4.0,7.1,31.0,22.2,43.1,36.0,4.1,3.0,2.0,5.0,41.6,38.0,6.1,8.2,29.3,31.3,19.0,23.2,4.0,6.0,9.9,10.0,7.1,5.1,18.0,20.0,15.2,18.4
1772528734.3944108,13.4,9.8,25.5,16.5,37.4,41.0,4.1,3.0,7.1,5.1,5.1,6.0,30.7,32.0,24.7,26.0,19.0,14.9,37.0,34.0,35.0,38.0,41.6,39.6,6.0,3.0,7.1,8.1,27.0,38.6,32.0,29.0,4.0,6.1,6.0,3.1,45.5,36.0,14.0,10.1,35.0,39.0,24.8,25.7,4.0,3.0,13.1,5.1,7.1,5.1,12.0,11.2,18.0,23.5
1772528735.3963115,11.3,7.1,19.0,18.8,45.9,29.7,4.0,4.1,4.1,5.1,5.1,3.1,28.0,33.3,35.4,38.8,3.1,6.3,26.0,37.6,36.6,40.6,42.0,36.4,5.1,2.0,5.1,8.1,29.3,24.8,32.3,39.4,2.0,3.1,3.0,4.0,33.7,41.6,6.1,4.1,41.0,40.0,26.0,21.2,1.0,1.0,8.9,11.1,8.0,7.1,29.0,27.7,22.2,18.6
1772528736.3963995,15.0,9.3,21.0,16.5,37.0,39.6,20.2,10.2,8.3,18.6,4.1,6.1,32.0,29.7,27.6,27.6,20.4,15.0,42.4,29.3,34.7,38.6,41.0,41.0,5.1,5.1,10.1,7.1,31.7,33.3,32.0,33.3,5.1,7.1,2.1,4.1,37.0,40.0,3.1,4.0,40.0,40.4,25.3,27.0,5.1,5.0,7.2,10.9,7.1,7.1,14.1,14.3,19.2,23.0
1772528737.3964887,12.4,9.1,20.0,14.1,36.1,38.6,13.3,5.1,7.1,7.1,7.0,4.1,29.0,35.0,16.2,11.1,7.1,6.1,31.7,36.0,38.0,36.9,36.6,38.4,6.1,6.1,7.1,9.1,35.4,26.3,37.4,33.7,3.0,6.1,4.0,5.1,42.6,41.2,5.0,3.0,40.6,42.6,23.0,19.8,4.0,5.1,11.1,9.1,3.1,10.0,24.5,27.0,20.4,20.4
1772528738.3994446,12.4,10.1,19.4,19.0,36.6,40.0,6.0,3.0,3.1,10.1,3.1,5.1,29.3,33.3,11.2,11.2,3.1,16.0,35.4,29.6,37.0,37.0,41.4,39.0,4.0,3.1,8.0,6.1,34.0,24.8,20.8,40.4,3.0,6.0,5.1,3.1,37.0,41.0,8.2,2.0,40.4,40.0,21.2,27.3,4.1,3.0,8.0,12.0,6.0,5.2,12.1,12.1,21.0,18.2
1772528739.4039679,13.9,10.1,17.3,22.0,38.0,38.6,8.2,4.0,3.1,7.1,5.1,4.1,37.6,29.3,35.4,35.0,13.9,13.1,39.4,33.0,40.0,40.0,38.8,25.0,5.1,5.0,8.0,7.2,32.0,28.0,21.0,41.0,3.0,6.1,3.1,8.9,38.0,45.5,15.5,8.0,40.0,40.0,22.8,24.0,3.0,5.0,8.1,9.1,7.1,7.1,27.0,27.7,18.2,28.0
1772528740.404044,10.3,11.9,20.2,12.1,37.8,36.6,6.0,3.0,13.3,8.2,7.1,5.1,35.0,25.7,31.3,31.3,9.4,9.2,36.0,34.0,38.0,42.6,30.3,19.2,4.0,6.0,7.2,6.0,29.0,29.7,37.4,38.0,4.1,4.0,9.1,7.2,43.1,35.6,3.0,3.1,40.0,41.6,24.2,20.0,4.1,3.0,9.1,10.0,7.1,7.1,15.0,13.3,20.6,19.4
1772528741.4052997,12.4,7.1,20.0,16.3,32.7,41.6,4.1,6.1,13.3,8.2,5.1,6.1,32.3,29.0,19.4,27.0,9.2,16.8,34.0,41.0,37.6,45.5,37.6,39.0,4.0,8.0,10.1,8.1,25.3,30.3,40.6,41.0,3.1,6.1,4.1,5.1,46.0,36.4,3.1,5.1,41.0,40.6,22.0,25.0,9.0,2.1,10.1,8.2,6.2,26.3,22.2,23.2,21.6,18.2
1772528742.4109805,15.2,11.2,24.5,21.4,34.3,41.2,6.0,9.2,12.2,5.1,6.2,5.1,40.6,35.0,13.4,13.3,5.1,17.3,34.3,35.4,42.2,47.1,42.6,22.5,4.0,8.1,13.1,8.1,38.6,31.0,40.0,44.0,5.0,8.2,6.1,5.2,52.5,30.7,9.9,4.0,43.1,42.0,29.0,30.3,7.1,6.1,13.1,12.0,12.0,10.2,20.2,20.8,25.3,24.2
1772528743.4137497,14.3,8.0,18.2,20.2,42.0,39.0,2.1,2.0,5.0,4.0,4.0,5.1,34.3,36.0,30.7,29.3,12.1,12.9,24.8,31.7,36.6,37.6,31.0,31.0,4.0,3.0,4.0,6.1,23.2,35.0,45.0,37.6,3.0,6.0,2.0,2.0,26.3,30.0,3.0,27.3,35.4,34.0,33.0,36.0,3.0,2.0,7.1,6.0,8.2,6.1,13.0,14.1,17.8,18.0
1772528744.413844,12.2,7.0,35.0,33.3,41.0,39.0,3.0,3.0,3.1,3.0,4.0,3.0,39.4,41.6,30.3,31.6,4.1,3.0,20.4,17.5,41.6,39.6,22.8,41.0,1.0,2.0,5.1,7.0,39.6,36.4,38.4,42.4,1.0,4.0,3.1,2.0,22.2,21.0,2.0,1.0,31.0,30.0,39.0,37.0,1.0,1.0,11.0,6.1,10.1,5.1,7.1,9.2,9.2,11.1
1772528745.4139125,19.2,13.3,18.4,25.3,53.5,24.8,7.1,6.1,12.2,7.2,10.0,8.1,28.3,40.0,20.8,21.0,13.3,8.2,37.0,42.0,42.0,40.6,26.0,40.0,10.0,18.0,11.1,12.0,33.3,36.0,21.0,28.3,8.1,6.1,7.0,7.1,45.5,40.6,7.1,6.0,35.0,34.0,36.4,32.0,6.9,6.1,12.2,13.1,10.2,16.2,26.0,27.7,23.5,28.3
1772528746.4139988,17.2,13.0,22.2,23.2,50.5,29.3,7.1,6.1,13.4,16.2,29.3,8.2,33.7,37.4,10.1,6.1,11.1,12.2,34.3,32.3,40.0,38.0,36.0,31.0,9.0,22.0,6.1,10.3,41.0,34.0,19.2,28.7,5.2,8.9,5.1,7.1,32.0,49.5,5.1,7.1,30.7,30.3,29.7,29.0,8.2,7.1,13.1,13.1,23.0,11.2,18.2,18.0,22.8,22.4
1772528747.4253216,14.1,10.0,16.0,18.0,35.9,36.3,10.0,3.0,10.9,3.0,6.0,7.0,26.7,37.3,23.2,26.7,7.0,16.8,33.7,34.7,38.6,42.6,41.2,21.8,5.1,4.0,13.7,19.8,31.0,38.6,30.7,35.3,6.1,4.1,3.0,5.9,49.0,37.6,8.9,2.0,18.2,16.7,24.8,24.5,6.0,3.0,8.1,9.9,10.0,14.1,15.0,14.0,20.0,21.8
1772528748.426883,13.5,11.1,23.5,18.2,30.6,43.0,11.1,3.0,6.1,7.1,7.1,6.1,30.3,36.6,44.6,37.4,7.0,6.3,33.0,31.0,38.2,38.6,44.6,23.0,7.0,6.0,8.1,8.9,29.0,31.3,29.0,35.0,5.0,5.0,4.0,6.9,41.0,36.6,4.0,10.1,11.0,13.0,22.2,23.0,4.0,3.0,11.9,10.1,7.9,14.0,26.5,26.7,21.2,24.2
1772528749.4298565,8.2,4.0,15.0,18.0,36.0,30.0,1.0,3.0,3.0,2.0,3.0,1.0,28.3,29.7,28.6,29.3,12.0,14.7,20.2,14.0,32.0,38.6,40.6,20.8,3.0,3.0,3.0,3.0,26.0,24.8,26.5,40.0,2.0,3.1,0.0,1.0,15.0,15.2,0.0,2.0,2.0,5.1,18.8,23.0,1.0,0.0,4.0,3.0,2.0,4.0,2.0,4.0,9.0,8.0
1772528750.4326692,15.3,8.9,37.0,38.0,42.0,42.6,4.0,2.0,5.0,5.1,5.1,15.2,40.6,38.4,5.0,4.0,2.0,4.1,12.0,19.2,44.7,41.2,29.0,12.0,3.0,8.0,3.0,2.0,40.0,36.4,21.6,41.0,4.0,4.0,5.0,3.1,17.0,17.6,3.0,3.1,11.8,15.8,36.0,44.0,3.0,5.0,6.1,7.1,3.0,5.1,3.0,5.0,11.0,10.1
1772528751.4335098,16.3,11.0,26.5,28.3,47.5,32.3,6.1,13.1,8.3,13.0,7.1,6.1,39.0,29.0,4.1,6.1,10.3,14.1,39.4,39.6,40.0,42.6,35.6,17.0,5.1,9.1,11.9,10.2,34.0,35.6,22.4,43.1,6.1,10.2,4.0,8.1,36.6,50.5,5.1,5.0,14.1,13.1,30.0,33.0,4.0,4.1,10.1,14.9,10.0,10.1,16.3,17.3,27.3,28.3
1772528752.4343824,16.7,10.2,19.0,19.4,35.4,44.1,7.1,1.0,16.0,12.2,8.0,7.1,30.0,37.6,22.0,21.2,26.3,12.2,34.0,40.4,41.0,38.2,39.0,10.2,4.0,7.1,7.2,8.0,34.0,30.6,33.7,39.0,9.1,5.1,6.1,6.1,44.0,37.6,5.1,4.1,12.1,14.1,25.0,30.4,4.0,7.0,14.9,9.1,8.2,24.5,32.4,31.3,28.0,32.3
1772528753.4344635,9.4,10.1,18.4,16.2,36.4,44.6,4.0,4.1,10.2,4.1,4.1,4.1,30.7,32.3,39.4,42.0,11.0,11.2,32.0,37.6,38.0,38.0,12.0,12.1,5.0,5.1,7.1,8.1,28.0,32.0,40.4,38.8,11.1,6.0,3.1,3.1,35.0,43.0,6.0,5.1,29.3,19.2,19.4,21.2,1.0,2.1,6.1,10.2,7.1,8.0,5.1,8.1,21.2,24.2
1772528754.4353511,11.2,5.1,21.0,18.2,30.3,44.0,3.1,2.0,3.0,3.1,3.0,3.1,29.0,30.0,34.0,34.0,1.0,3.0,20.2,17.3,35.6,36.6,28.3,21.2,1.0,4.0,4.1,3.1,27.3,31.7,43.6,34.7,1.0,2.0,3.0,1.0,25.0,29.0,2.0,1.0,32.7,29.7,20.0,25.0,3.0,1.0,6.1,5.0,4.1,4.0,28.0,30.0,14.1,14.1
1772528755.4403756,11.1,8.9,13.0,13.0,30.0,32.4,4.0,1.0,4.0,3.0,3.0,5.0,21.8,30.4,2.0,2.0,16.0,11.1,32.4,27.7,33.3,32.4,24.8,21.6,2.0,0.0,6.9,6.9,24.8,20.8,35.0,39.6,3.0,2.0,3.0,2.0,38.2,44.1,18.8,6.9,37.6,33.7,14.9,17.0,4.0,2.0,7.1,8.1,5.9,3.1,11.0,14.0,10.0,17.8
1772528756.4404829,10.4,8.1,17.2,18.6,45.9,30.0,4.0,2.0,6.2,6.1,4.0,3.0,30.0,26.3,3.0,3.1,7.0,10.9,25.3,23.0,38.4,36.0,22.0,21.0,5.0,3.0,4.1,4.1,29.3,30.3,38.4,39.4,2.0,2.0,5.1,3.0,22.7,21.4,5.1,3.1,40.4,40.4,24.2,23.2,2.0,5.1,8.0,6.1,4.1,7.9,4.1,4.0,8.1,13.1
1772528757.440566,16.8,12.2,29.3,28.0,59.4,25.0,7.1,5.2,10.3,15.3,6.1,8.2,44.0,36.0,25.3,27.3,4.2,5.2,48.0,36.7,39.6,46.0,34.7,40.0,7.2,5.1,13.1,7.1,35.6,42.4,41.6,35.4,8.1,8.1,7.2,5.1,38.0,46.5,10.3,20.4,41.4,43.0,36.6,33.3,10.2,5.1,12.4,14.0,12.1,9.2,27.0,28.3,25.5,30.3
1772528758.440779,18.4,19.2,21.2,15.2,37.4,32.3,7.1,6.1,14.3,14.1,9.0,7.1,36.0,33.3,40.4,43.0,20.0,21.4,33.0,38.6,38.6,40.0,40.0,41.4,8.0,7.1,10.1,8.2,22.4,34.7,33.0,35.4,5.1,7.1,7.1,18.4,40.0,45.5,11.1,11.3,43.6,41.0,32.0,26.3,6.1,6.1,7.1,10.1,9.2,7.1,22.0,20.0,22.2,20.8
1772528759.4408677,12.4,10.0,20.6,8.2,36.1,43.6,8.2,3.0,5.1,3.1,3.1,3.1,40.4,35.0,32.7,32.3,2.1,2.1,37.0,32.7,36.4,38.6,41.6,32.0,3.1,5.0,6.2,6.0,33.7,30.3,43.0,38.4,3.1,4.0,3.1,2.0,38.6,37.6,2.1,12.0,40.0,39.4,20.0,21.8,6.2,3.0,7.1,9.3,6.1,8.1,12.2,12.4,22.2,20.6
1772528760.4455688,14.3,4.0,20.4,12.1,30.7,42.2,5.0,2.0,11.1,10.1,4.0,6.0,25.5,31.7,2.0,4.0,19.8,19.8,31.3,31.3,40.2,36.3,41.6,21.0,5.0,3.1,9.1,8.0,21.8,31.7,25.0,41.2,4.0,5.9,3.0,2.0,48.0,36.6,11.2,11.3,42.0,40.6,19.0,20.2,4.0,4.0,9.0,8.0,6.1,5.1,29.7,32.0,15.2,21.0
1772528761.4479845,11.3,12.0,20.2,21.2,32.7,45.5,9.0,5.1,12.1,3.1,6.0,5.1,38.0,30.7,21.2,28.3,4.1,3.1,36.0,36.6,42.2,38.6,24.2,40.6,6.1,6.1,8.1,9.1,34.0,30.0,9.1,34.7,9.0,4.1,3.1,6.1,46.1,35.0,6.0,5.0,42.0,41.6,22.0,25.7,22.2,3.0,14.0,14.1,9.9,7.0,6.1,6.2,25.3,26.0
1772528762.449571,14.3,10.3,33.7,30.3,31.3,49.0,4.1,4.0,8.2,13.1,5.1,10.0,32.7,31.7,39.8,42.0,14.1,24.5,34.3,41.4,43.6,39.2,23.0,44.6,10.0,5.0,10.1,10.1,38.0,39.0,26.0,42.6,6.1,3.0,6.0,4.0,41.6,44.6,12.2,3.1,41.0,40.6,29.0,26.3,41.6,5.1,9.1,15.2,9.1,9.2,36.6,36.3,23.2,31.3
1772528763.4509282,16.2,10.2,23.2,25.3,42.3,36.0,6.2,4.2,6.3,7.2,6.2,8.2,33.0,36.0,33.3,30.2,6.1,5.1,38.0,37.0,38.4,41.0,44.0,41.0,6.1,7.1,10.2,9.1,37.4,29.7,38.4,45.9,8.2,6.1,7.1,7.2,32.3,49.5,6.3,7.2,41.4,43.4,29.6,29.0,39.4,7.1,10.3,13.1,7.2,10.3,6.2,8.2,23.2,28.6
1772528764.4510055,13.4,10.0,18.4,20.4,38.4,52.0,6.1,5.9,14.1,11.3,11.2,5.1,26.3,35.6,4.1,5.1,16.5,20.0,31.6,35.4,37.6,36.0,36.0,35.0,4.0,10.0,9.1,9.1,31.0,36.4,37.4,33.7,10.1,7.1,3.1,5.0,36.0,43.1,9.1,17.3,40.6,41.0,18.0,29.3,21.4,5.1,20.8,9.0,7.1,8.1,29.3,32.3,19.6,21.2
1772528765.4521585,11.2,10.9,20.2,13.1,31.0,48.0,5.0,2.0,4.1,11.1,5.0,2.1,31.0,35.6,27.3,25.3,7.0,6.1,36.3,31.0,37.6,40.2,41.2,20.2,4.0,4.1,7.1,8.1,30.0,26.0,29.0,34.0,4.0,7.1,2.0,6.1,48.5,38.0,5.0,7.1,39.4,40.0,20.2,22.0,31.6,3.0,13.0,9.0,6.1,6.1,12.9,12.1,22.0,19.2
1772528766.4556568,14.3,5.2,19.4,17.2,39.4,41.0,1.0,2.0,4.1,12.1,4.0,5.0,37.0,28.3,40.4,42.4,15.0,16.0,36.4,30.7,39.0,39.0,34.3,8.9,5.1,6.0,8.1,8.1,31.0,32.0,37.4,43.0,6.1,4.0,3.1,2.0,41.6,33.3,3.0,8.9,41.6,41.0,25.5,23.2,9.9,33.0,8.2,10.1,6.9,7.1,26.0,25.0,23.0,21.2
1772528767.4557533,14.1,7.1,19.6,22.2,35.7,36.0,4.0,3.1,7.1,6.1,3.1,6.1,29.0,35.3,27.0,26.3,6.2,5.2,34.0,33.3,38.6,36.0,32.7,21.2,3.1,5.1,9.0,8.0,27.0,31.0,33.3,40.0,4.1,6.1,4.0,4.0,41.0,40.6,3.1,5.1,33.7,33.3,29.6,26.3,3.0,37.0,10.1,9.2,8.2,7.0,17.2,18.2,21.2,19.8
1772528768.4561698,11.3,9.2,14.0,17.0,42.9,27.0,5.1,6.0,14.1,6.2,6.0,5.1,27.7,23.0,4.1,5.1,9.1,12.0,35.0,30.7,33.7,37.0,43.0,29.0,5.1,5.1,6.1,5.1,25.0,25.3,33.0,31.0,7.1,3.0,2.0,3.1,41.0,43.6,6.0,3.1,25.7,23.5,21.0,18.2,3.0,29.3,8.1,8.1,7.1,5.1,14.0,13.0,17.2,19.8
1772528769.4578302,12.4,11.2,16.3,22.2,47.0,31.7,4.1,9.1,10.2,10.2,9.1,5.0,30.7,39.0,23.8,11.2,12.1,14.1,35.0,35.0,39.6,43.6,38.0,41.2,9.0,7.0,7.0,9.1,31.0,32.7,44.6,33.3,9.1,3.0,3.0,5.0,42.6,40.6,5.0,3.0,5.1,3.0,27.0,30.0,3.0,21.0,21.4,26.3,6.1,7.1,24.8,25.7,21.8,23.0
1772528770.4579203,14.6,39.4,17.0,19.2,37.0,39.0,4.0,7.1,7.1,11.1,4.1,5.1,33.3,23.0,41.0,42.4,16.3,2.1,27.3,34.7,39.4,35.6,40.0,43.9,7.0,12.1,8.1,7.0,27.6,27.0,35.0,46.0,5.1,6.1,4.0,7.0,39.0,35.0,4.1,4.0,4.1,9.2,18.4,20.8,4.0,11.2,14.0,11.2,7.0,6.1,7.2,25.3,12.1,23.2
1772528771.4580069,11.3,8.2,14.4,16.2,33.7,39.0,3.1,7.1,4.1,4.1,5.0,5.1,30.0,29.7,31.6,31.6,13.1,12.2,30.3,37.3,37.3,36.0,41.0,39.0,4.1,9.0,7.1,6.2,34.7,27.0,46.5,34.7,5.9,4.0,2.1,3.1,36.4,47.5,3.1,6.1,4.1,4.1,26.7,21.2,5.1,4.0,10.2,12.1,5.2,6.1,25.3,26.7,20.0,19.4
1772528772.460446,12.2,14.9,18.2,22.5,50.0,22.8,4.0,4.0,6.1,12.1,3.1,5.0,33.3,32.3,8.1,14.0,10.1,10.8,34.0,34.0,38.0,42.6,8.0,35.6,4.0,3.0,4.0,7.0,32.7,30.0,31.7,47.0,3.1,2.0,3.0,3.1,47.5,28.7,3.0,6.0,10.0,7.0,28.3,23.5,2.0,3.0,11.0,11.1,7.9,8.0,15.2,17.2,23.5,21.0
1772528773.461006,17.2,14.1,28.9,22.2,28.4,51.0,7.1,6.1,8.1,11.1,9.1,7.1,39.4,35.6,22.2,15.8,13.1,9.1,34.0,40.0,48.5,41.6,15.3,33.7,6.1,9.0,8.1,12.0,35.0,36.0,27.3,44.0,7.1,6.1,6.1,5.1,58.4,32.0,6.1,4.1,19.4,15.2,28.7,31.3,5.1,8.1,23.8,16.0,9.2,11.1,19.8,18.0,27.3,27.0
1772528774.461977,11.2,12.2,24.2,26.5,35.0,40.6,8.1,7.1,8.3,17.2,7.1,8.1,34.3,28.0,41.8,39.8,12.4,14.3,35.4,39.4,45.5,49.0,36.0,31.7,6.1,3.1,10.2,7.1,32.0,32.7,19.0,38.0,6.1,3.1,6.0,6.1,36.0,40.4,4.2,4.1,37.4,37.0,27.3,25.0,3.1,4.1,12.1,9.2,8.1,7.1,34.0,29.3,22.2,23.0
1772528775.46206,13.1,8.1,12.2,17.2,37.8,34.0,7.0,4.0,5.1,4.1,8.1,3.1,30.7,25.3,31.3,32.7,9.1,10.1,35.0,30.3,35.0,37.6,41.6,40.0,4.0,5.1,5.1,7.1,30.3,26.5,19.2,20.2,4.1,4.1,1.0,2.1,41.2,40.0,3.0,3.0,40.4,40.0,31.0,15.8,4.0,3.1,7.1,8.1,7.1,6.1,8.1,10.1,20.0,19.2
1772528776.4648561,13.3,9.1,17.3,20.0,35.0,41.6,3.0,4.0,7.2,12.1,3.1,6.0,31.0,35.0,12.2,13.3,11.2,7.1,37.0,37.0,39.0,39.6,40.0,41.0,3.1,6.0,8.1,7.1,31.3,32.7,32.3,31.0,5.0,5.0,5.0,3.0,34.3,46.5,9.0,3.1,41.6,40.4,25.3,23.2,4.0,3.0,10.1,12.0,6.1,8.0,27.0,27.0,21.0,22.4
1772528777.4675014,10.5,8.0,15.2,14.1,33.7,31.7,5.0,1.0,7.1,4.0,4.0,4.0,27.3,25.7,18.0,9.1,8.2,3.0,39.6,33.3,36.3,37.3,41.2,39.6,3.0,3.0,7.0,5.9,26.7,22.2,31.7,33.0,2.0,4.0,2.0,1.0,34.0,46.5,17.0,7.1,39.0,40.6,21.0,18.0,1.0,5.0,11.0,9.0,7.1,9.2,13.0,12.1,23.2,16.0
1772528778.468715,15.0,14.1,22.2,21.4,52.5,27.7,6.1,4.0,10.3,8.2,6.1,7.1,33.7,32.0,37.8,43.4,18.0,12.2,42.0,35.4,41.6,43.0,42.0,31.7,7.0,6.1,7.0,8.2,32.0,33.0,28.3,41.6,6.1,6.1,7.1,6.0,45.1,38.4,7.2,15.2,41.6,41.0,22.2,25.0,4.1,4.1,10.0,10.0,10.2,9.2,23.5,29.0,23.0,24.7
1772528779.4709003,15.2,29.6,12.2,15.0,35.0,38.0,5.0,4.0,3.1,13.0,6.0,4.0,23.8,27.7,30.6,30.6,3.1,10.1,31.0,35.0,36.0,35.6,40.2,19.2,4.1,3.0,6.1,8.0,23.8,27.0,32.0,31.3,4.0,4.0,5.1,4.1,35.4,37.6,7.2,13.0,40.4,40.0,16.0,25.0,3.0,4.0,5.1,6.2,7.0,3.1,18.8,19.0,18.4,16.8
1772528780.4710045,17.5,13.0,23.5,33.3,38.4,41.2,5.1,25.3,12.1,6.1,10.2,8.2,37.0,37.0,11.1,25.7,13.3,18.0,46.5,37.4,42.6,42.6,40.8,40.2,9.9,4.1,10.1,6.1,40.4,35.0,39.4,39.0,13.3,7.2,5.2,9.1,46.5,39.0,10.3,5.2,42.6,41.6,22.0,25.0,6.1,5.0,13.0,14.0,8.2,9.0,17.8,17.2,24.2,22.4
1772528781.471716,11.3,11.1,18.2,32.0,42.4,33.0,5.1,31.0,7.2,14.1,7.1,17.8,31.6,35.4,18.2,22.4,9.1,11.2,40.0,33.3,38.6,41.6,45.1,39.0,5.1,6.1,11.1,8.0,41.6,37.4,43.0,38.0,7.0,5.1,4.1,5.1,47.5,35.6,19.0,9.1,42.0,40.4,27.0,22.2,5.0,12.1,11.2,21.2,6.1,10.1,28.0,28.0,25.5,17.8
1772528782.4717982,15.5,11.0,18.2,24.2,47.0,34.0,5.1,35.4,7.1,12.2,7.1,5.2,32.7,29.7,40.4,41.0,8.2,17.3,34.7,35.4,37.3,42.6,32.3,48.5,8.1,7.9,8.2,10.1,40.4,30.7,50.0,32.3,6.0,7.1,4.1,6.1,47.5,40.4,6.1,11.2,40.0,42.0,26.0,28.0,4.1,5.1,13.3,11.1,7.1,8.2,18.2,18.2,23.0,19.4
1772528783.4722552,11.0,11.1,18.0,19.4,32.3,45.5,3.0,34.0,5.1,11.0,5.0,5.1,32.0,28.7,30.4,28.3,7.1,14.0,37.0,32.7,38.6,40.2,27.7,37.0,6.0,2.1,8.1,11.1,31.0,44.6,41.6,22.2,4.0,5.0,3.0,2.1,39.6,41.6,2.0,6.0,40.6,40.6,23.0,22.2,5.0,5.1,8.0,11.2,8.0,7.0,22.0,22.8,18.2,24.2
1772528784.4725962,12.4,12.0,28.6,25.3,38.5,31.6,6.1,39.4,5.2,12.4,5.2,8.0,42.4,24.2,13.5,17.3,17.5,13.5,32.3,43.9,39.0,39.0,29.6,36.0,6.1,6.1,10.0,8.2,31.6,30.6,41.4,18.0,4.1,4.1,5.1,7.1,39.0,37.0,13.3,8.3,41.4,40.8,24.2,29.0,5.1,4.0,9.2,12.9,8.1,16.3,22.2,20.2,24.0,23.5
1772528785.4727702,13.3,12.0,22.2,20.2,26.0,52.0,4.1,13.0,15.0,5.1,5.1,6.1,31.7,32.7,26.3,26.0,12.1,11.2,34.0,35.0,39.6,37.0,25.3,37.6,6.1,3.0,6.1,8.2,26.7,34.0,33.3,26.3,6.9,4.1,3.0,6.1,40.4,38.0,15.2,10.1,40.4,41.2,26.0,21.2,5.1,3.1,8.1,11.0,5.1,8.1,18.8,16.2,21.4,20.0
1772528786.4767451,12.2,9.0,20.8,18.8,44.4,29.4,8.1,18.0,4.1,16.8,5.0,6.0,28.7,26.0,32.0,37.0,13.0,9.0,35.6,37.0,37.6,40.2,36.3,44.1,6.0,4.9,9.1,6.9,33.7,24.8,35.6,29.7,5.0,4.0,2.0,3.0,41.2,40.6,2.0,4.0,40.6,40.6,18.8,26.7,5.0,18.0,10.2,7.1,6.0,8.0,24.8,23.0,20.0,22.8
1772528787.4796047,11.5,9.4,19.8,17.7,36.7,35.6,5.1,29.3,14.1,6.1,6.1,6.2,30.7,36.0,27.1,30.3,10.3,11.2,37.8,33.3,41.0,35.6,33.0,40.0,4.1,6.1,5.1,9.2,31.3,30.3,39.4,41.0,5.1,3.1,2.1,2.1,40.6,43.6,3.0,6.1,30.3,32.3,29.3,25.5,2.0,6.0,11.2,9.9,6.2,5.2,22.2,20.2,23.0,18.7
1772528788.4862018,13.9,10.9,17.6,14.0,36.4,39.6,3.0,33.0,6.1,5.1,5.9,5.0,24.0,30.0,19.8,11.2,10.0,10.2,39.0,26.0,39.2,38.6,20.8,44.6,5.1,4.0,8.0,5.1,29.0,20.8,46.5,35.0,5.1,3.0,3.1,3.0,42.6,39.0,3.1,2.0,31.7,31.3,20.8,20.8,3.0,1.0,9.0,8.1,8.0,8.9,18.0,18.4,15.3,21.0
1772528789.4880252,15.2,11.1,26.3,18.6,39.2,41.0,6.3,33.0,7.1,7.1,4.1,5.1,42.4,30.0,23.2,20.2,11.3,11.0,39.4,31.3,40.0,41.6,41.0,40.6,7.0,6.1,10.0,7.9,32.7,35.0,34.7,30.3,4.0,3.1,3.0,4.0,38.6,41.6,7.1,3.0,20.8,20.0,24.0,25.3,3.1,4.0,13.1,8.1,7.1,7.1,20.0,19.8,24.2,24.2
1772528790.4899962,16.0,9.1,23.5,20.0,38.1,40.6,41.2,5.1,10.3,9.2,5.0,5.2,29.7,39.6,28.3,29.6,10.0,12.2,35.6,37.8,41.6,38.0,44.1,39.0,7.0,3.0,8.1,8.2,34.7,34.0,33.3,33.0,6.0,6.0,4.0,3.0,44.0,35.0,7.9,1.0,5.1,5.1,22.2,33.0,4.0,17.3,13.0,11.9,9.1,8.2,15.2,16.2,25.0,23.5
1772528791.4908903,13.9,10.0,17.0,16.0,47.0,29.7,2.0,3.0,4.1,5.1,23.7,6.0,29.3,29.0,30.3,35.4,7.2,9.1,32.0,30.7,36.6,36.3,34.0,44.0,3.1,4.0,6.1,6.1,25.3,27.0,39.0,37.6,3.0,3.0,4.0,2.0,48.5,33.7,2.0,3.0,7.0,11.0,19.8,22.4,3.0,1.0,6.1,8.2,4.1,7.9,21.2,21.4,18.0,25.3
1772528792.4918385,11.2,6.1,16.0,14.1,34.0,34.0,4.0,3.0,5.1,12.0,17.6,5.1,30.7,23.8,19.0,25.0,14.0,9.1,32.0,32.3,34.7,29.0,36.6,41.2,3.1,4.0,6.1,8.0,18.0,27.0,38.6,17.2,2.0,4.1,2.0,3.0,33.0,48.5,5.1,2.0,13.0,11.2,16.2,19.0,4.0,3.0,4.0,8.1,6.1,4.1,16.0,17.0,12.1,18.2
1772528793.4965281,17.2,10.3,24.5,21.6,44.0,43.0,9.9,3.1,13.1,7.1,10.1,7.1,40.0,34.7,13.1,13.1,26.0,19.6,42.4,36.0,44.0,42.6,24.2,37.6,9.9,6.0,13.3,14.1,40.0,33.7,43.4,21.8,10.1,7.0,7.0,6.1,49.0,37.6,6.1,4.1,14.1,14.1,30.7,32.7,6.1,6.1,15.3,14.0,10.2,8.2,18.2,25.3,28.7,28.0
1772528794.4995599,14.1,13.0,21.4,19.8,44.4,36.0,8.2,5.1,8.2,12.2,34.7,21.2,41.2,31.0,25.5,28.3,12.1,28.0,35.3,37.4,39.6,39.6,31.0,37.4,6.1,5.2,9.0,10.2,35.0,32.3,45.0,28.0,7.1,4.0,5.2,5.0,39.0,43.4,15.5,7.1,26.3,31.7,25.5,23.2,7.2,5.0,13.7,39.0,12.0,11.2,26.0,23.2,19.2,27.0
1772528795.5011556,19.4,19.2,23.2,28.3,37.0,44.1,10.1,7.0,9.2,14.0,30.3,10.0,34.0,36.0,37.6,39.0,5.2,11.2,38.8,36.6,38.2,42.6,33.3,40.6,8.1,9.0,9.2,14.9,32.0,31.7,49.0,35.6,8.0,6.1,6.1,6.1,45.1,33.7,7.1,4.1,44.6,38.4,27.7,32.0,5.1,4.1,12.2,11.1,22.2,12.2,20.0,20.0,25.3,21.2
1772528796.5050287,13.5,13.1,19.4,25.5,39.4,39.0,6.1,3.0,7.1,10.2,29.0,4.1,26.7,31.3,26.8,30.3,15.3,11.3,33.7,35.4,40.0,38.2,38.0,27.3,7.0,6.1,7.0,7.1,26.7,23.2,40.6,34.0,5.1,5.1,3.1,3.1,42.6,38.0,6.1,3.1,41.0,40.6,20.2,22.0,6.1,4.0,10.0,5.1,7.1,7.0,21.4,22.8,18.4,22.0
1772528797.5058165,13.9,11.0,26.3,19.2,26.3,51.0,4.0,3.0,4.1,11.1,44.0,7.0,29.3,31.7,13.0,10.2,9.2,5.1,35.4,36.4,40.6,40.0,42.6,38.6,5.1,5.0,5.1,8.2,31.3,32.3,35.4,32.3,6.0,6.1,2.0,5.0,46.0,35.6,7.1,4.0,42.0,39.4,29.7,21.0,6.0,3.1,10.0,11.0,6.1,7.1,17.0,17.5,24.2,19.4
1772528798.50627,13.4,9.2,21.4,19.4,33.7,42.6,5.1,4.2,13.1,5.2,21.0,6.9,34.7,26.7,29.3,26.5,15.2,15.3,35.4,38.0,38.0,41.0,35.0,38.0,6.1,3.1,10.2,10.1,28.0,34.0,42.0,41.0,4.1,4.0,3.1,3.1,42.4,39.8,7.1,17.3,40.4,40.0,25.3,25.3,4.0,4.0,11.0,7.2,8.0,8.2,24.0,23.0,24.2,19.4
1772528799.510621,16.7,11.0,16.3,19.0,45.0,36.6,5.1,6.0,9.1,12.1,24.5,6.1,34.0,28.3,33.0,37.0,7.2,10.1,36.0,33.7,42.2,40.6,41.2,23.5,5.1,4.0,18.0,13.1,33.7,26.3,41.6,39.0,3.0,5.1,6.9,5.0,35.6,46.1,9.3,14.1,41.6,39.6,22.8,21.8,6.1,4.0,9.2,11.9,7.1,6.1,13.1,16.2,23.2,20.0
1772528800.512662,16.0,7.2,22.0,19.4,47.0,30.0,5.9,10.0,14.1,4.1,29.7,5.0,35.0,36.0,27.6,24.2,10.1,17.0,38.4,34.7,38.6,42.0,41.0,27.3,5.1,4.1,7.1,7.1,36.0,30.0,44.6,31.7,3.1,5.1,4.1,5.2,42.0,38.4,9.1,15.3,40.6,40.6,24.0,26.5,3.1,2.0,8.1,9.2,7.0,8.1,20.8,22.0,21.2,25.3
1772528801.5127811,13.5,8.1,21.2,14.0,41.4,32.0,4.1,4.1,13.1,6.0,34.3,6.1,34.3,34.3,14.1,11.2,7.0,5.1,38.0,36.4,41.2,37.6,40.6,20.0,4.0,5.1,7.1,10.0,28.3,32.4,32.3,29.0,5.0,8.1,3.1,4.0,43.6,37.6,3.1,4.0,39.4,40.0,26.0,24.8,5.0,7.0,8.1,11.1,7.1,9.1,18.2,19.2,19.0,20.4
1772528802.5137672,13.3,8.0,19.4,19.6,40.8,39.6,6.1,3.0,13.1,4.2,7.0,5.1,28.7,35.0,24.5,27.3,11.3,16.3,36.4,35.6,39.0,40.6,39.0,35.3,3.0,5.1,7.1,11.1,33.0,27.3,39.0,32.0,4.0,4.1,3.1,4.0,46.0,33.0,4.0,20.0,41.0,41.6,22.4,25.5,2.0,3.1,11.1,8.1,8.1,6.2,29.0,27.7,26.5,20.2
1772528803.515153,11.2,6.1,18.2,16.2,32.3,39.6,5.0,4.1,6.1,12.1,2.0,7.0,35.4,24.2,44.0,31.3,4.1,9.1,33.0,34.3,39.6,38.6,41.0,20.2,4.0,4.0,7.1,6.1,29.0,35.6,41.0,20.0,5.1,2.0,4.0,2.0,46.5,33.0,6.1,11.2,40.6,39.4,22.8,24.0,3.0,3.1,10.1,10.1,7.1,6.1,14.1,15.5,26.0,19.4
1772528804.5152335,13.7,8.1,22.4,16.3,38.4,37.0,7.1,3.1,5.2,13.3,4.1,7.2,31.0,36.6,29.0,26.8,19.0,12.1,35.4,31.0,39.6,40.0,42.6,23.0,4.0,5.1,10.2,8.2,40.0,38.4,37.0,20.2,7.1,3.0,7.1,8.2,40.4,41.6,4.1,5.1,44.0,41.0,25.3,26.0,4.1,5.1,11.1,10.1,9.0,8.1,26.0,25.0,22.4,22.4
1772528805.5153055,14.6,11.1,23.0,18.2,37.4,39.6,9.1,7.0,6.3,13.0,8.1,8.1,30.7,31.4,10.2,9.2,9.1,9.2,35.0,37.0,38.4,42.6,41.6,23.8,10.0,6.0,10.0,10.1,39.0,40.0,38.4,36.4,6.1,5.1,6.1,6.1,39.0,44.0,7.0,6.0,32.3,36.0,22.2,22.0,5.1,7.0,12.1,11.1,8.2,9.1,20.2,20.8,31.0,27.3
1772528806.515373,14.1,7.0,15.3,16.2,33.0,39.0,3.1,0.0,5.1,8.2,20.2,4.0,30.3,26.0,14.0,14.1,13.3,10.2,34.7,26.5,36.3,37.3,31.0,14.0,4.0,5.1,6.1,6.0,25.5,27.0,39.0,42.6,8.0,5.0,5.1,1.0,32.0,43.0,6.0,15.2,31.7,29.0,18.2,22.0,2.0,2.0,6.1,8.0,3.1,5.1,16.0,15.2,18.8,22.2
1772528807.5155368,17.2,11.2,20.2,21.4,39.6,35.0,7.1,8.0,11.1,14.9,6.1,9.1,33.3,34.0,38.4,43.4,12.2,9.0,39.6,37.0,43.0,39.0,26.3,20.2,6.1,6.1,10.2,10.1,35.0,29.0,42.0,41.0,5.1,8.2,6.1,4.1,41.6,44.6,11.2,12.1,32.3,34.3,30.0,28.6,5.2,6.1,11.2,14.0,11.0,11.0,22.2,27.0,27.3,20.2
1772528808.516415,12.4,10.0,17.3,14.1,33.7,48.0,3.1,5.1,6.1,8.2,3.0,7.1,38.0,36.4,37.0,37.4,15.3,4.1,32.7,30.7,34.7,39.6,16.8,44.0,5.1,4.0,5.1,9.1,26.0,30.3,26.3,37.4,3.1,3.0,3.0,4.0,38.0,44.0,3.1,2.0,32.7,29.3,26.0,19.0,4.0,6.1,12.1,21.2,6.1,4.1,11.9,7.2,24.2,15.2
1772528809.517402,13.1,9.1,19.0,18.2,27.8,47.1,4.1,4.0,9.1,11.0,4.1,5.2,33.0,41.6,13.3,12.4,11.0,6.1,31.3,40.4,40.0,39.0,20.4,37.0,6.0,8.0,5.1,10.1,28.0,32.7,29.7,28.3,7.9,4.0,4.1,5.1,45.5,35.0,5.1,3.0,22.2,23.0,26.7,14.3,5.1,5.1,9.0,9.2,10.0,7.1,26.5,27.0,21.4,20.6
1772528810.517491,16.3,16.2,31.6,27.6,40.8,44.0,9.0,5.2,7.1,8.2,9.3,6.2,48.0,39.4,10.2,9.1,7.1,13.3,40.4,44.0,43.6,43.1,24.8,41.6,6.1,6.1,7.9,11.1,44.4,33.3,5.1,38.0,4.1,5.1,6.1,8.2,31.0,52.5,6.1,7.1,21.2,16.0,38.4,40.0,7.1,9.0,18.2,17.8,9.2,13.3,15.8,15.5,28.0,32.7
1772528811.5180223,14.6,47.5,16.2,15.3,43.0,33.7,6.1,2.0,13.4,12.2,5.1,5.0,43.1,33.7,34.0,32.3,17.8,12.0,32.3,32.3,36.6,38.0,29.0,32.0,6.1,4.1,7.1,5.1,27.7,25.0,18.0,25.7,5.2,4.1,5.1,6.1,41.0,34.7,3.0,5.0,23.0,21.2,26.3,34.0,4.0,3.1,8.1,9.1,7.1,7.1,23.2,23.0,19.0,20.4
1772528812.5181103,14.1,9.1,22.0,15.2,40.4,30.7,4.1,4.0,5.2,9.2,3.1,4.1,32.0,37.0,34.7,41.0,8.2,4.0,37.4,27.3,38.6,41.6,28.3,39.0,8.1,5.0,5.2,7.1,32.3,27.0,35.0,33.7,7.1,4.0,4.0,3.0,39.0,43.4,2.1,2.0,18.0,18.4,23.2,19.4,1.0,4.0,9.1,6.1,6.1,7.0,17.2,18.2,22.2,20.8
1772528813.5182023,12.2,11.1,21.4,22.2,46.0,26.3,2.1,2.1,6.0,4.1,4.1,6.1,33.0,29.0,20.4,21.2,9.1,15.3,39.4,36.0,39.6,40.6,37.3,40.0,9.1,5.1,6.1,6.1,27.3,32.0,41.4,39.0,9.1,3.0,3.0,4.0,46.0,33.0,3.1,6.1,12.2,12.0,32.7,27.0,3.0,3.0,11.0,10.1,6.1,7.1,13.1,14.1,21.2,25.5
1772528814.519503,13.1,7.0,16.7,12.2,30.0,38.6,5.9,3.0,9.1,5.1,5.0,4.0,27.3,25.7,2.0,7.1,1.0,10.3,35.6,31.3,37.0,35.6,20.2,42.2,3.0,3.0,7.0,5.1,23.5,26.5,44.6,37.6,2.1,4.0,1.0,3.0,48.0,34.7,2.0,4.0,22.0,20.0,22.8,21.8,2.0,3.0,8.1,7.1,5.1,4.1,22.8,22.8,20.0,15.0
1772528815.52425,15.3,12.7,17.0,17.6,36.4,36.3,3.1,3.0,5.1,4.0,6.0,3.1,24.5,32.0,23.0,20.8,11.1,4.0,35.0,32.0,37.3,37.6,18.8,28.7,5.0,4.0,7.1,4.0,24.2,35.6,37.3,44.6,5.0,5.9,4.0,5.0,42.2,40.2,5.0,4.0,31.4,32.0,25.7,21.0,3.0,4.0,7.0,9.0,7.0,6.9,10.9,11.9,13.0,26.3
1772528816.524922,10.5,7.1,16.5,10.4,25.5,43.4,4.1,3.0,16.5,7.2,5.2,5.1,29.6,32.0,45.9,49.5,9.2,10.2,33.7,37.0,34.3,36.6,37.8,30.6,4.1,3.1,7.1,8.2,24.2,27.6,43.9,38.0,4.1,5.1,1.0,9.3,37.4,43.0,4.1,6.1,30.6,30.3,19.4,22.0,3.1,2.1,10.1,7.1,5.2,6.2,24.5,24.5,20.4,17.3
1772528817.5261755,13.0,6.1,15.2,14.0,41.0,28.0,4.0,1.0,11.1,3.1,7.1,4.0,34.3,27.0,29.0,29.0,10.2,7.1,30.0,31.0,35.6,38.6,38.2,43.6,5.1,2.0,4.0,7.1,27.0,27.7,35.4,36.4,5.1,4.0,5.1,2.0,39.4,41.4,1.0,6.2,32.0,33.7,21.0,19.2,3.0,3.0,8.2,8.9,7.9,6.0,19.0,18.0,20.0,19.0
1772528818.5274968,12.1,8.0,18.0,14.1,39.4,35.6,4.0,2.0,7.0,2.0,9.2,4.0,29.7,25.0,13.0,6.1,13.9,10.1,36.0,33.3,36.3,35.0,40.4,39.2,5.1,4.0,7.1,6.0,29.7,25.0,48.0,34.7,5.1,3.0,4.0,2.0,44.1,33.3,3.0,5.1,42.6,40.0,22.0,19.8,3.0,3.0,7.1,6.1,7.0,7.1,14.0,14.1,17.0,18.2
1772528819.528112,13.4,7.1,17.3,15.0,37.4,35.0,3.0,4.1,10.2,8.2,5.1,6.1,27.3,33.0,21.2,24.2,15.2,3.1,37.4,32.7,37.6,37.0,42.2,29.3,3.1,3.1,7.0,8.1,25.3,26.5,47.5,28.0,5.1,7.1,7.1,8.2,35.4,49.0,1.0,2.1,41.6,41.0,18.0,24.2,2.0,2.1,12.0,9.0,6.1,6.2,21.2,27.0,18.4,23.2
1772528820.5339425,13.7,10.0,16.2,13.1,33.7,39.2,3.1,2.0,11.2,11.2,3.1,5.1,27.0,26.0,42.4,38.0,5.1,15.2,31.0,35.0,37.3,37.0,42.6,30.7,6.0,4.0,11.1,6.1,24.8,30.4,20.2,25.3,6.1,4.0,7.1,4.0,43.7,33.7,2.1,9.1,41.0,41.6,21.0,18.0,4.0,3.0,8.1,9.2,7.0,6.1,16.0,17.0,15.8,17.2
1772528821.5352154,12.1,9.2,17.0,14.3,35.1,39.4,3.1,4.0,4.1,11.2,7.0,3.0,31.0,27.3,28.3,28.3,17.2,6.1,33.7,31.3,37.0,38.2,40.0,41.0,5.1,4.0,7.0,9.0,27.0,29.3,24.8,18.2,4.0,4.0,6.1,6.1,43.9,37.4,10.1,16.3,40.0,40.4,16.0,22.0,2.0,1.0,6.1,7.1,5.1,8.0,27.0,25.0,20.2,21.2
1772528822.5385876,7.3,7.9,10.1,14.0,32.7,32.7,3.0,2.0,3.0,8.1,4.0,4.0,27.5,22.5,10.1,5.9,4.0,9.0,31.0,29.7,35.3,33.3,38.6,41.6,5.0,2.0,6.1,5.9,22.8,23.8,16.2,15.8,2.0,3.0,3.0,3.0,41.7,39.2,5.0,5.1,41.2,40.6,16.0,16.8,4.9,3.0,6.0,9.8,7.0,4.0,8.2,7.0,17.0,16.0
1772528823.539462,13.1,8.1,15.3,17.2,36.7,38.0,6.1,3.1,8.1,6.1,5.1,4.1,24.5,26.0,9.1,15.5,10.0,3.0,32.0,28.3,36.0,37.6,25.0,39.2,7.1,3.1,10.1,7.1,29.3,24.2,22.0,21.4,5.1,3.1,3.1,3.0,34.3,44.6,16.3,6.2,41.0,40.0,20.2,17.2,3.0,2.0,7.1,9.2,6.0,7.1,20.8,23.2,16.2,20.0
1772528824.5404987,13.3,6.1,17.2,19.6,30.6,44.6,5.0,4.1,16.2,7.3,4.1,5.1,28.4,37.6,40.0,40.6,8.2,16.3,36.4,36.0,40.6,41.6,37.0,33.0,7.1,4.0,10.0,8.9,31.0,32.0,40.6,42.6,6.0,6.0,3.0,3.1,45.5,37.6,5.1,4.1,39.6,41.0,25.0,25.0,5.1,2.0,7.1,12.1,7.1,6.1,20.2,22.0,18.2,26.3
1772528825.5434263,12.0,10.8,14.9,15.8,28.3,41.2,5.0,2.0,4.1,12.9,3.0,5.0,26.0,30.7,33.0,33.3,8.1,16.7,35.3,32.0,36.6,39.2,37.3,44.1,4.0,4.0,7.1,6.0,31.4,19.6,46.5,33.7,3.0,4.0,2.0,4.0,45.1,36.6,15.0,6.9,31.7,31.4,18.2,26.5,1.0,1.0,6.1,9.8,6.0,6.0,19.8,21.0,18.2,21.0
1772528826.5453794,11.5,6.1,16.2,10.3,36.4,38.6,5.1,2.0,11.2,3.1,4.1,4.1,30.7,28.6,14.4,16.2,5.1,9.3,28.6,38.4,37.0,37.4,42.0,39.8,4.0,4.2,5.1,8.2,24.5,29.6,46.5,27.6,4.1,2.0,5.1,4.1,36.4,44.4,7.2,6.3,30.3,30.3,18.2,19.2,6.1,2.0,10.1,6.1,6.1,6.1,16.3,15.5,18.2,15.3
1772528827.5475411,19.2,12.4,29.6,25.3,35.7,52.0,9.2,5.1,4.1,6.1,7.1,8.1,37.0,30.3,18.6,14.1,16.2,13.1,40.0,41.0,40.6,40.0,36.6,27.7,8.2,6.0,23.2,33.7,32.0,41.6,31.3,22.4,8.2,6.1,7.1,8.2,43.0,41.2,7.0,7.1,33.3,34.7,35.6,29.3,5.1,7.1,11.2,13.4,9.2,10.1,28.0,25.5,26.0,29.0
1772528828.5511744,12.2,10.0,16.2,14.1,33.3,42.2,5.1,3.0,11.2,14.0,6.0,5.0,27.3,24.0,26.7,31.0,9.2,4.0,35.0,40.4,34.7,36.3,20.8,14.9,3.0,4.1,5.1,8.0,19.0,28.7,31.7,22.0,5.0,2.0,2.0,3.0,40.8,42.6,5.1,2.0,31.0,31.0,19.2,14.0,2.0,1.0,8.0,6.0,5.1,4.0,12.1,14.1,15.2,22.2
1772528829.5525289,16.8,7.1,16.3,13.9,30.3,35.0,5.0,3.0,6.0,10.2,5.2,4.0,28.0,24.8,29.6,33.0,11.1,11.2,31.7,37.0,34.7,36.0,19.2,21.8,7.0,2.0,7.0,7.1,22.2,28.0,35.4,40.0,2.0,5.1,2.1,2.1,37.0,39.4,18.0,7.1,35.4,30.3,18.8,23.0,8.1,3.0,6.1,10.1,7.0,7.0,23.0,25.0,16.0,19.4
1772528830.5526206,15.6,13.1,25.5,23.2,42.4,38.0,7.2,5.1,13.3,8.2,6.1,3.1,34.0,39.0,27.3,29.3,11.3,7.1,32.3,41.6,40.0,39.6,28.7,31.0,5.1,7.9,8.2,11.0,32.7,34.3,43.0,39.0,4.0,7.1,6.9,6.1,55.4,27.0,6.2,8.2,21.0,24.2,29.3,25.8,7.1,4.1,12.1,9.1,9.1,7.2,16.3,21.2,29.6,23.0
1772528831.5527053,22.9,11.0,14.1,18.4,35.7,35.6,4.0,1.0,4.1,2.0,4.1,7.0,34.7,35.0,9.3,16.0,8.1,14.3,27.6,34.0,35.6,41.0,32.0,44.0,4.0,2.1,7.0,6.1,30.3,21.0,38.4,41.6,4.0,5.9,2.0,2.0,35.0,45.0,1.0,4.0,22.0,22.0,24.0,19.6,2.0,3.1,7.9,9.2,6.9,7.1,21.0,21.2,15.2,22.2
1772528832.555872,30.0,11.1,16.3,18.4,45.0,29.7,9.1,3.0,9.1,4.0,9.0,5.1,29.0,30.0,30.4,23.2,11.1,4.1,40.2,29.3,38.8,36.6,45.5,36.0,6.0,3.0,7.1,8.2,26.3,30.3,20.8,38.4,4.0,7.1,2.0,7.1,47.0,40.6,3.0,4.0,23.8,22.0,15.0,27.3,5.1,2.0,8.2,12.9,6.1,8.1,19.0,16.8,22.0,24.0
1772528833.5566084,14.7,12.0,21.2,15.2,47.0,29.3,6.1,4.1,18.0,17.3,6.1,18.2,30.7,35.4,32.3,33.0,12.1,17.0,37.8,33.7,42.6,43.1,41.4,40.0,2.1,8.0,10.1,7.1,33.3,30.3,22.2,22.8,6.1,8.0,3.0,11.0,40.6,43.0,3.1,3.1,23.2,23.0,26.3,25.0,5.0,4.0,10.1,8.1,6.1,8.1,23.8,23.2,23.8,19.4
1772528834.5595245,12.0,9.1,15.2,13.0,32.7,40.6,2.0,4.0,9.2,2.0,5.0,7.0,31.0,28.0,31.6,32.7,8.1,4.0,38.2,29.3,35.6,36.3,42.2,20.0,4.0,5.0,5.1,8.0,23.2,31.0,24.0,32.0,2.0,4.1,2.0,4.0,36.6,43.6,3.0,7.9,38.0,35.4,22.0,16.2,4.1,1.0,7.9,7.1,4.0,6.2,17.3,17.0,18.2,20.2
1772528835.5599244,11.2,9.0,15.2,17.2,40.6,34.0,4.0,2.0,4.1,5.0,3.1,7.1,29.3,29.0,13.0,12.2,4.1,8.2,31.3,30.0,36.0,37.0,26.3,30.4,2.0,5.0,5.0,8.0,25.0,25.7,38.0,45.0,5.0,3.1,3.0,3.0,35.7,37.0,5.1,9.1,41.0,41.6,24.0,20.0,6.0,2.0,7.1,9.1,4.1,7.0,10.3,13.1,20.4,16.3
1772528836.5609503,16.5,13.1,25.3,27.3,41.8,40.0,17.3,6.1,10.2,4.1,7.0,8.2,44.1,27.7,11.3,16.3,13.1,13.1,35.0,39.4,42.0,42.2,31.7,32.0,7.1,6.1,12.1,15.2,31.3,37.0,39.0,42.6,4.1,9.1,6.1,5.1,44.1,48.5,8.2,6.1,32.7,32.3,32.0,33.3,6.1,6.1,14.1,12.2,9.2,12.2,28.0,25.5,29.7,31.7
1772528837.567327,12.0,13.0,17.2,19.4,42.2,37.6,3.0,6.0,12.1,23.2,4.1,5.1,30.0,31.3,31.7,27.0,11.9,8.1,35.4,33.0,40.6,40.0,36.6,37.6,3.0,5.0,8.0,14.0,29.7,30.0,41.0,39.0,4.0,5.1,3.1,3.0,40.6,37.0,3.0,2.0,30.0,31.4,20.8,28.3,2.0,3.0,7.1,12.0,7.0,7.0,14.1,16.0,22.2,19.2
1772528838.567396,12.4,9.1,20.2,18.8,39.4,36.3,3.0,5.1,3.1,7.0,4.1,1.0,30.7,32.7,36.4,37.8,8.2,10.2,33.3,36.4,35.6,40.2,39.0,41.6,5.1,4.0,6.0,8.1,23.0,34.7,44.0,33.0,3.0,4.1,3.0,4.0,38.0,44.6,1.0,4.1,31.7,32.3,23.2,25.3,3.0,2.1,7.2,9.1,6.1,5.2,25.3,26.3,19.0,22.0
1772528839.569594,14.3,10.1,13.1,22.2,43.0,32.0,3.0,3.0,6.9,5.1,4.0,5.9,26.3,32.0,23.2,23.0,10.1,10.0,33.3,32.0,39.0,42.0,36.0,44.6,4.0,4.0,6.0,9.9,26.7,27.0,27.7,23.2,2.0,6.0,3.0,0.0,37.3,42.6,2.0,3.1,30.7,30.0,23.2,16.0,5.0,3.0,6.9,9.1,6.1,7.1,17.6,14.0,13.0,21.2
1772528840.5700347,16.3,33.7,21.4,20.0,36.5,37.6,6.1,1.0,7.1,2.1,6.1,6.1,40.6,32.3,14.3,13.5,12.2,13.4,38.0,31.3,37.6,40.2,45.0,36.0,4.1,6.1,8.2,15.2,26.3,35.4,25.5,24.0,4.1,5.1,4.0,1.0,30.3,46.0,3.1,7.1,38.4,36.0,28.0,26.3,2.1,2.1,11.0,11.2,9.2,7.1,23.5,26.5,22.4,25.3
1772528841.5719419,13.3,10.9,20.4,17.2,30.3,47.0,5.1,4.0,16.7,20.0,7.1,5.1,24.0,35.6,35.3,30.3,3.1,11.0,34.0,40.2,40.2,43.0,30.7,34.7,5.1,24.2,6.1,8.2,30.0,31.3,34.0,27.0,5.9,12.1,5.0,5.1,46.0,40.2,4.0,16.2,40.0,40.6,25.0,28.0,4.1,2.0,10.2,9.2,7.1,7.1,17.2,18.2,25.0,23.2
1772528842.5725253,17.2,13.1,24.0,21.2,39.8,41.6,6.0,7.1,6.1,12.2,5.1,5.2,34.3,38.0,38.8,39.4,13.1,12.2,35.4,39.0,50.5,52.5,19.2,31.0,8.2,7.1,11.0,10.1,31.3,38.8,38.8,43.4,6.1,2.0,5.1,7.1,45.5,39.4,9.3,11.5,40.0,42.0,23.2,33.0,5.0,4.0,9.2,9.0,10.0,8.1,21.2,22.2,29.3,31.0
1772528843.5739934,17.5,11.2,20.2,22.2,42.0,40.4,6.1,4.0,6.0,8.2,6.1,8.0,27.0,34.0,18.4,16.3,14.1,9.1,35.0,33.3,42.0,41.0,38.0,38.4,6.1,5.1,6.1,11.0,32.3,29.0,35.0,37.0,4.1,6.1,6.1,5.0,36.0,45.0,5.1,5.1,35.4,36.7,20.4,24.0,5.1,3.0,10.1,8.1,6.1,8.1,22.2,22.0,29.7,23.7
1772528844.5756013,10.3,10.9,17.0,14.3,28.3,45.1,17.0,3.0,3.0,5.1,3.0,5.0,31.0,28.0,7.1,9.1,8.2,9.1,32.7,37.6,44.7,49.5,44.1,33.7,3.0,5.0,6.9,7.1,27.7,32.0,25.7,25.0,3.0,4.0,2.0,3.0,38.6,42.2,2.0,7.0,30.4,30.3,25.0,20.0,2.0,3.0,10.9,7.0,8.1,6.0,12.9,11.1,16.3,27.0
1772528845.5760841,12.2,8.2,20.6,20.2,29.9,45.5,4.1,4.1,20.6,15.5,5.0,5.2,31.4,33.7,25.5,28.3,11.2,11.3,39.0,34.7,41.0,35.0,40.4,28.0,5.1,5.1,7.1,8.2,35.0,28.3,38.8,24.5,3.1,5.1,2.0,3.1,34.3,47.5,6.2,17.2,30.6,31.0,21.2,27.3,2.1,3.1,10.2,9.1,6.1,7.1,28.3,30.0,26.0,20.2
1772528846.5790746,12.9,10.0,19.8,18.2,32.3,46.5,8.0,3.1,6.1,4.0,6.1,5.0,27.3,32.7,42.0,39.6,10.0,8.2,37.4,33.3,36.0,36.6,41.2,31.0,5.9,7.1,5.0,8.0,22.8,31.7,35.0,47.0,5.9,4.0,3.1,3.0,39.6,41.6,12.1,4.1,31.7,30.0,16.0,25.3,2.0,5.1,10.1,9.0,6.1,7.1,11.0,15.2,24.0,17.2
1772528847.58013,14.3,8.2,17.3,20.0,41.6,34.0,4.0,6.1,9.2,8.1,6.1,5.1,37.4,33.0,27.3,25.3,12.1,11.0,35.0,36.4,40.0,38.6,43.0,39.0,4.1,4.0,9.3,7.9,31.3,33.0,34.0,48.5,4.0,5.1,4.0,5.1,48.0,30.4,15.0,9.2,39.4,35.0,24.0,24.0,5.1,2.0,10.0,10.1,7.1,6.1,27.0,28.3,22.4,23.0
1772528848.5802176,11.2,10.0,17.2,14.1,52.0,24.8,1.0,3.0,5.0,7.1,4.0,5.1,26.0,32.0,8.2,14.3,9.1,8.2,29.3,32.7,37.0,35.6,40.6,40.6,5.1,6.1,4.1,7.1,29.0,33.0,32.0,49.0,5.0,2.0,5.1,1.0,42.0,33.3,3.1,0.0,41.0,40.6,15.0,24.0,2.0,3.0,6.1,9.0,7.0,7.1,12.0,13.1,15.2,21.4
1772528849.5816548,11.3,7.0,12.0,16.2,32.7,35.0,4.0,3.1,11.3,12.1,4.0,8.0,28.4,30.0,24.8,28.7,10.0,12.1,26.0,35.6,38.2,32.0,41.6,26.7,4.0,3.0,6.9,7.1,21.2,25.7,41.0,40.6,4.1,3.0,1.0,4.0,44.0,42.0,2.0,4.0,32.0,32.3,23.0,18.0,4.0,2.0,7.0,6.1,5.1,5.1,21.0,20.0,19.2,18.2
1772528850.5817404,12.2,7.1,17.3,15.2,38.8,35.0,2.0,6.1,11.1,7.2,3.1,5.2,30.3,27.3,39.2,40.8,9.2,9.2,35.4,33.0,37.0,37.0,25.0,14.1,2.0,5.1,5.2,6.1,33.7,25.5,36.0,44.4,4.1,3.1,2.0,4.0,38.6,38.0,16.2,2.1,21.0,21.0,22.2,19.0,2.0,2.0,7.0,8.0,5.1,6.2,18.4,19.2,19.0,18.4
1772528851.585553,11.2,11.9,14.1,14.3,36.0,36.0,4.0,5.0,10.0,5.1,5.0,3.1,28.7,32.7,24.2,25.7,14.1,12.1,30.7,34.0,34.7,37.3,32.0,30.7,5.0,5.9,7.9,8.8,30.3,24.0,36.6,28.7,4.0,5.0,3.0,1.0,38.0,43.1,8.1,7.1,22.5,23.0,13.0,23.0,3.0,3.0,7.1,7.1,6.1,6.9,18.0,17.2,20.2,21.8
1772528852.5856426,12.2,7.1,12.2,17.3,29.3,41.6,3.0,7.1,1.0,3.1,4.1,5.0,28.6,19.2,9.0,10.2,5.1,4.1,34.0,31.3,35.6,35.3,18.0,43.0,3.0,2.0,4.0,6.1,18.8,28.7,33.3,27.3,3.0,4.0,3.0,3.0,36.0,45.0,1.0,5.0,21.2,22.0,19.2,15.5,3.0,3.1,7.1,7.1,5.1,6.1,27.7,22.2,19.2,14.3
1772528853.5865178,10.2,8.0,21.4,9.1,37.6,32.7,5.1,1.0,17.2,9.2,8.1,6.1,33.0,28.0,22.2,18.2,10.2,10.0,30.3,34.3,33.0,38.0,28.0,38.6,2.0,6.1,5.1,8.1,29.3,28.0,35.4,40.0,3.0,3.1,4.0,4.0,40.0,35.0,3.0,1.0,22.0,26.3,17.2,21.0,1.0,3.0,10.1,11.1,6.1,5.2,5.1,6.1,20.0,19.4
1772528854.5947492,10.5,10.2,17.8,17.8,44.0,30.0,4.0,4.0,9.2,7.1,5.9,4.1,26.5,30.7,35.0,38.4,13.0,8.1,35.4,34.7,34.3,34.7,36.0,43.0,4.0,5.0,5.0,6.1,23.8,28.7,31.7,47.5,3.0,5.0,2.0,3.0,41.6,36.0,2.0,20.8,37.0,36.3,22.8,19.6,3.0,14.9,6.0,8.9,6.9,5.1,30.4,29.7,21.0,18.0
1772528855.5950005,12.2,10.9,16.3,14.3,35.4,33.7,4.0,2.0,3.1,9.1,3.1,5.1,30.0,31.3,29.3,30.3,9.2,9.2,36.6,27.3,37.6,36.0,29.7,31.7,4.1,3.0,7.1,5.1,27.3,25.3,34.7,28.0,3.0,4.0,1.0,3.1,41.6,38.0,3.0,7.1,41.4,39.4,24.0,13.4,5.0,3.1,10.1,5.1,5.1,9.1,13.0,12.2,18.2,22.2
1772528856.595067,14.1,10.2,19.2,13.1,29.2,47.5,4.1,3.0,4.0,4.1,5.1,3.1,39.6,23.0,12.1,14.1,9.1,11.0,36.6,38.0,35.0,43.1,40.0,30.0,4.0,5.1,9.0,7.0,32.0,32.0,32.7,24.2,3.1,3.1,3.1,2.0,43.0,39.2,2.0,2.0,39.6,41.6,21.2,25.5,1.0,2.0,9.2,9.8,8.1,7.1,23.2,22.8,21.2,17.2
1772528857.5951433,12.2,9.1,16.0,16.3,36.7,35.6,3.1,6.1,10.3,12.1,5.0,5.1,29.3,29.0,21.0,12.4,9.2,9.1,36.4,35.4,37.6,40.0,37.6,17.0,3.1,5.0,7.1,5.1,29.0,25.0,35.4,22.2,3.0,5.1,4.1,2.0,42.0,40.0,2.1,2.1,40.0,40.8,22.0,19.2,4.0,2.1,7.1,8.1,8.0,6.1,22.0,18.4,15.2,24.7
1772528858.59596,12.2,12.1,16.5,14.3,36.4,34.3,5.0,5.0,6.1,12.1,5.1,5.0,29.0,31.7,38.0,34.7,10.0,9.2,30.0,35.4,35.0,37.0,36.6,3.1,5.1,2.0,8.2,6.1,27.0,27.3,32.3,13.0,4.0,5.0,3.0,4.0,32.7,49.5,3.1,12.1,36.0,36.6,24.2,16.0,1.0,2.0,13.1,23.2,6.1,6.1,12.4,14.0,17.0,22.0
1772528859.5960414,13.1,12.1,20.2,17.0,39.8,35.6,2.0,5.1,11.2,5.1,4.1,7.1,35.3,33.7,31.3,29.6,8.2,10.1,28.3,37.6,41.6,40.0,22.2,20.0,3.0,6.1,8.1,8.1,25.0,38.4,46.5,29.3,3.1,4.1,5.0,3.0,38.6,39.4,1.0,30.6,30.3,31.0,28.7,22.2,4.0,4.0,7.9,9.2,7.1,6.1,28.0,26.3,23.0,21.2
1772528860.5964909,9.4,8.1,11.2,14.3,34.0,38.0,5.0,3.1,4.0,3.1,4.1,4.0,29.0,32.3,15.2,16.3,11.0,10.0,35.4,30.6,35.6,35.6,38.6,21.0,4.1,3.0,9.1,4.1,26.3,24.0,48.0,34.0,3.1,5.0,2.0,2.0,42.0,42.2,2.1,32.7,30.7,31.3,22.0,13.1,3.1,2.0,6.2,8.2,6.9,6.1,9.1,12.1,20.4,13.3
1772528861.5972993,13.0,9.0,13.1,19.2,40.0,36.0,4.1,3.0,13.0,13.3,5.9,5.1,31.0,27.7,19.4,23.0,9.2,8.2,34.0,37.0,36.0,38.6,41.6,22.5,5.9,3.0,7.0,8.0,27.3,25.7,41.4,38.0,1.0,5.1,5.0,4.1,45.5,36.0,3.1,30.0,21.2,23.0,25.7,23.0,4.0,5.0,9.1,8.0,5.1,8.0,34.0,31.3,20.0,22.0
1772528862.598543,12.2,8.1,18.2,18.0,35.7,37.3,4.0,11.8,6.2,10.1,3.1,4.1,32.3,35.0,35.0,36.0,11.0,14.1,31.3,33.3,39.2,40.2,45.0,36.4,3.1,5.1,8.2,10.1,33.0,27.3,39.0,39.6,4.0,5.1,3.1,6.0,32.7,49.0,8.1,6.1,24.0,28.3,23.2,23.0,2.1,2.0,8.2,8.0,6.1,6.1,8.0,8.2,23.0,23.0
1772528863.5995822,9.3,12.0,19.4,17.3,42.4,35.0,4.0,5.2,11.1,7.3,5.1,4.1,30.4,29.4,29.6,29.3,9.2,4.1,32.3,40.0,39.0,42.0,40.2,39.0,5.1,4.0,9.9,5.1,31.0,30.0,41.4,38.4,5.1,6.0,3.1,6.1,51.0,29.3,7.3,14.3,32.0,31.0,31.0,20.2,3.0,2.1,10.0,9.1,7.1,7.1,32.7,35.0,21.2,21.2
1772528864.6000261,11.5,7.1,18.0,19.4,38.4,36.0,5.0,4.0,3.1,9.0,4.1,5.0,32.0,31.0,14.3,17.0,14.3,9.1,33.0,37.0,35.3,38.6,37.0,35.6,7.1,4.1,4.1,6.1,30.0,25.7,35.0,46.0,2.0,4.1,4.0,2.0,48.5,29.7,3.1,2.0,31.3,29.0,20.4,24.8,4.0,2.0,11.1,7.1,6.1,7.0,6.9,9.1,21.2,22.4
1772528865.6000984,13.1,10.0,19.4,19.2,40.0,39.4,6.0,5.1,11.2,13.5,4.0,5.1,33.3,31.0,21.4,19.4,3.1,10.1,36.0,37.6,39.0,40.0,32.0,30.0,6.1,3.0,9.9,7.0,31.3,30.3,39.0,29.3,3.1,4.1,4.1,2.1,38.4,43.4,4.1,5.1,41.4,36.0,25.0,22.4,2.1,2.0,10.1,8.1,7.0,9.0,24.2,27.6,18.2,26.3
1772528866.6054156,13.4,6.1,19.0,18.0,37.8,35.9,3.0,2.0,6.1,13.0,4.0,3.0,33.3,24.0,35.6,31.0,15.7,12.0,39.4,32.0,36.3,36.6,14.9,25.7,5.9,6.9,7.1,7.0,30.0,28.0,34.0,34.3,3.0,5.0,3.0,4.0,39.6,39.2,3.0,11.9,39.6,40.6,23.0,16.8,5.9,2.0,9.9,6.1,5.1,6.1,14.9,15.7,20.0,17.8
1772528867.6061718,12.4,8.2,19.4,20.4,45.5,30.3,4.1,2.0,11.1,4.1,6.0,4.1,36.4,41.4,28.9,29.6,9.3,2.0,38.8,38.0,36.4,37.6,1.0,10.1,3.1,5.2,13.1,7.1,28.3,29.3,43.4,36.7,3.0,4.1,4.0,4.1,43.6,35.6,8.3,18.6,41.0,40.4,19.2,30.3,2.1,3.0,7.2,10.0,5.2,6.1,18.6,18.6,17.3,23.7
1772528868.6080997,14.4,11.0,19.2,16.2,49.0,28.7,4.0,4.0,4.0,4.0,3.1,4.0,31.3,29.7,12.1,14.1,9.1,16.2,35.3,36.4,39.6,44.0,1.0,18.2,6.1,2.0,7.1,6.1,30.7,23.8,36.6,45.5,2.1,4.0,4.0,2.0,42.4,35.4,13.3,9.2,40.0,40.2,25.0,25.5,2.0,3.0,7.1,9.2,7.0,8.1,23.0,24.5,23.0,17.2
1772528869.6094782,15.3,9.1,19.6,19.2,48.5,22.2,4.1,3.0,4.1,14.0,5.1,4.0,27.0,29.3,18.2,18.0,1.0,9.2,35.4,31.3,38.6,37.6,22.0,25.7,3.1,5.1,9.0,7.1,29.6,27.3,42.0,37.4,4.0,6.1,4.0,5.0,42.6,38.0,5.1,1.0,31.0,30.3,20.2,24.5,5.1,1.0,11.1,8.0,7.1,7.1,11.9,11.2,18.8,23.0
1772528870.612302,13.3,6.1,15.3,18.0,48.0,29.7,2.0,5.1,10.2,9.2,4.0,3.0,29.0,29.7,34.3,37.0,11.0,15.2,34.7,31.7,36.6,36.3,21.8,42.0,5.0,6.0,9.0,6.9,33.3,25.7,38.0,40.0,4.0,7.1,2.0,2.0,43.0,37.3,3.0,3.0,23.0,21.8,18.8,25.5,4.0,3.0,9.1,10.1,6.1,5.1,25.0,24.2,15.2,24.2
1772528871.614243,13.0,7.0,21.2,16.2,36.0,33.3,5.0,2.0,3.1,12.1,4.0,5.0,30.7,30.7,31.0,31.0,1.0,10.0,38.0,35.0,41.6,39.6,37.6,43.6,5.0,8.0,9.0,9.1,33.7,28.0,14.9,34.7,4.0,6.0,4.0,1.0,42.2,34.7,3.0,7.0,21.8,21.0,26.5,24.2,3.0,8.1,6.1,10.0,5.1,6.0,11.9,14.9,17.0,21.2
1772528872.6155086,13.0,8.1,18.0,14.1,38.4,38.6,2.0,2.0,3.1,5.0,3.1,4.1,24.2,28.7,11.1,11.2,10.2,12.0,34.3,32.3,37.0,37.6,38.4,43.1,3.1,4.0,3.1,8.2,26.3,28.0,24.5,26.0,11.1,4.1,3.1,4.0,45.0,38.0,7.1,15.2,22.0,20.4,17.5,16.8,3.0,3.0,8.1,11.2,6.1,5.2,13.3,16.0,19.2,19.2
1772528873.6171014,14.1,10.9,16.3,16.3,34.7,33.0,1.0,2.0,5.1,10.1,3.0,4.1,27.0,32.3,13.3,19.0,6.1,10.2,29.3,40.0,37.6,38.0,26.0,42.0,4.0,4.0,6.0,8.1,31.3,27.3,34.0,45.0,11.2,4.0,5.1,1.0,38.4,43.0,5.1,3.1,29.3,24.0,22.2,22.2,4.1,2.0,7.1,12.0,4.1,8.2,26.7,24.2,18.2,20.0
1772528874.6174686,11.3,8.1,14.3,16.3,43.0,30.0,5.0,3.0,7.1,10.1,3.0,5.0,27.5,28.0,37.4,38.4,5.1,2.0,35.0,27.3,39.4,38.6,17.0,36.0,5.1,3.0,4.1,9.0,26.0,25.0,31.0,32.0,4.0,3.0,1.0,3.0,43.6,37.0,9.2,3.0,35.6,34.0,20.0,15.2,2.0,1.0,8.0,7.0,5.1,6.1,9.1,8.1,21.2,15.3
1772528875.6232624,12.2,9.0,20.4,15.2,40.0,33.0,2.0,2.0,12.1,11.1,5.0,4.1,32.0,29.7,31.3,30.3,9.1,20.2,34.0,39.0,39.4,40.2,32.7,31.0,3.1,3.0,9.0,5.1,27.7,34.0,40.0,31.3,6.1,3.0,3.0,3.0,38.6,43.6,12.0,7.0,39.6,40.2,30.0,19.8,4.0,3.9,11.1,7.0,6.0,7.1,30.0,27.0,22.2,21.0
1772528876.6253452,11.2,8.1,16.0,17.8,45.0,30.7,4.9,3.0,3.0,3.0,4.0,5.0,33.0,21.8,14.9,11.0,2.0,5.1,35.0,36.0,37.0,36.3,47.1,28.4,2.0,4.0,6.9,12.0,30.7,26.7,32.0,34.7,3.0,2.0,1.0,4.0,45.1,36.3,3.0,6.1,39.6,41.6,26.7,18.0,2.0,2.0,9.0,9.9,5.0,7.0,14.7,14.9,21.8,20.0
1772528877.6265361,13.4,10.2,20.6,20.6,39.2,39.6,3.1,5.2,7.1,6.2,7.1,4.1,41.0,30.3,9.4,18.8,16.5,13.4,40.4,33.3,41.6,41.8,41.0,38.4,5.1,5.2,6.2,10.1,27.6,38.8,31.0,34.3,5.1,3.1,4.1,3.1,43.0,34.7,6.1,5.1,40.8,41.4,23.2,26.0,4.1,6.3,11.1,6.3,8.1,7.1,13.3,13.1,21.0,25.0
1772528878.6267636,10.5,9.1,18.2,14.3,39.0,35.0,4.0,3.0,2.1,9.0,3.1,5.0,28.3,25.3,23.0,15.2,9.1,5.1,30.3,33.7,38.0,35.3,39.0,26.3,2.0,4.0,5.1,5.1,33.3,24.0,38.0,33.0,4.1,6.0,3.0,4.0,36.4,39.0,2.0,3.1,34.0,32.3,28.6,22.4,2.0,3.0,8.1,7.0,2.1,7.1,23.2,22.4,11.2,23.5
1772528879.6275504,14.1,11.0,21.0,19.2,46.9,34.0,9.2,3.0,14.0,7.1,5.1,4.1,31.7,27.0,30.3,31.3,8.2,2.1,35.6,34.3,33.7,42.6,38.6,24.8,5.9,2.0,5.1,10.0,32.0,29.0,44.6,37.0,2.0,6.0,2.0,6.2,35.0,46.0,2.0,1.0,31.0,30.0,22.5,26.0,4.0,1.0,11.0,8.0,7.0,6.1,11.1,12.9,19.2,21.4
1772528880.629809,10.3,7.0,18.2,10.1,30.7,39.2,4.0,2.0,9.2,11.2,5.0,6.0,25.0,34.3,33.3,38.4,16.2,12.1,34.0,33.0,33.3,38.6,43.1,38.4,4.0,5.0,10.0,6.2,27.7,24.2,36.4,40.0,3.0,4.0,1.0,3.0,34.3,48.0,2.0,4.0,28.0,28.7,19.4,21.0,2.0,3.0,9.2,6.1,5.1,8.1,26.0,24.5,19.0,19.0
1772528881.6316142,13.1,5.1,16.5,13.1,32.0,36.4,2.0,2.0,2.0,3.0,6.1,4.0,32.7,19.2,13.1,14.0,3.0,8.2,28.6,33.0,33.0,38.6,38.0,36.3,6.0,2.0,8.0,7.0,25.0,25.7,43.6,38.0,5.1,4.0,3.0,2.0,35.4,41.6,2.0,1.0,21.0,22.0,20.6,21.0,3.0,2.0,7.9,7.1,5.0,6.1,12.0,15.2,17.2,17.3
1772528882.6326032,7.4,7.1,16.2,12.1,39.0,35.6,2.0,2.0,3.1,2.0,8.1,4.0,25.3,31.7,9.1,9.2,13.1,18.8,35.6,27.7,36.6,37.6,27.0,25.3,2.0,5.9,6.1,6.0,26.0,26.3,48.0,31.0,4.0,4.0,5.1,2.0,37.3,42.0,4.0,4.0,21.2,19.4,19.2,17.0,3.1,2.0,5.1,7.1,5.1,6.0,7.1,7.1,17.2,16.2
1772528883.6356459,15.2,8.1,21.2,19.0,25.0,50.5,9.0,5.1,11.2,12.1,5.2,6.1,32.4,37.0,29.0,33.7,9.2,5.1,33.3,37.4,38.0,37.6,11.1,43.6,5.1,5.1,7.1,7.1,29.0,28.0,40.4,37.3,5.1,4.0,4.0,4.0,37.4,46.5,6.1,4.1,34.3,29.0,24.8,26.3,6.1,4.0,10.0,13.0,9.1,8.2,34.0,32.0,19.4,22.2
1772528884.6371858,13.3,7.0,19.8,13.4,47.5,30.7,1.0,3.1,11.3,13.3,5.0,3.0,28.0,28.0,40.0,36.7,13.0,17.3,36.4,32.0,34.3,33.7,24.0,36.6,2.0,5.1,5.1,8.2,29.3,26.3,41.0,38.8,5.1,4.0,4.0,6.0,36.6,44.0,3.1,8.2,31.0,31.7,21.2,18.8,2.0,2.0,8.1,4.1,4.1,7.0,11.0,12.0,17.2,18.4
1772528885.6388984,15.7,9.1,15.5,16.2,38.4,33.3,2.0,2.0,3.0,7.0,5.1,4.1,22.8,32.7,24.0,23.0,3.1,10.0,35.0,36.0,35.4,39.6,17.8,41.6,5.9,7.1,7.0,7.0,30.0,25.0,42.6,39.6,3.0,3.1,1.0,4.0,40.0,39.6,14.1,4.0,35.0,36.4,24.8,22.2,4.0,2.0,7.1,8.1,6.9,5.2,15.2,18.4,16.0,21.2
1772528886.6405034,15.2,8.1,20.2,17.0,41.0,36.6,4.1,3.0,6.1,5.1,5.1,7.0,36.0,28.7,8.1,6.2,16.2,11.2,38.4,32.7,41.6,35.0,8.1,35.0,5.1,6.1,6.0,5.1,30.0,30.7,30.3,41.4,4.1,5.0,6.0,3.0,40.6,41.6,12.2,10.2,41.4,40.0,27.3,22.0,6.1,3.0,12.9,9.1,7.1,7.0,18.2,19.0,22.0,20.4
1772528887.6408536,13.4,7.0,22.4,20.2,37.0,39.0,5.1,2.0,8.2,2.0,6.1,4.0,32.3,31.0,16.3,21.2,6.1,8.2,33.0,30.7,37.6,37.6,20.2,29.0,3.0,6.0,9.0,5.1,22.2,30.0,24.0,20.0,3.1,4.0,2.1,2.0,38.6,38.6,4.0,2.0,40.0,40.6,24.2,23.8,3.0,5.0,8.2,7.9,6.1,6.1,19.6,19.2,20.4,23.0
1772528888.6415315,13.1,11.0,18.6,17.2,27.6,47.5,3.0,5.1,14.3,15.6,8.1,3.1,28.0,28.3,38.6,38.0,17.2,9.0,34.3,29.6,39.6,32.0,31.7,29.0,4.1,3.0,8.1,7.1,24.0,31.0,6.2,15.2,9.0,2.0,2.0,5.0,38.0,38.6,1.0,5.0,41.0,40.4,23.0,21.2,3.0,2.1,8.1,6.1,7.9,6.1,23.2,22.0,19.0,18.2
1772528889.6417632,15.2,11.2,32.0,25.0,35.7,39.6,5.1,4.1,5.1,10.1,6.1,6.1,31.7,32.0,42.9,37.4,14.1,12.2,39.0,30.0,35.0,38.2,36.4,26.0,7.0,3.1,7.1,11.1,25.0,36.0,27.3,44.4,5.1,5.1,5.0,4.1,38.0,43.0,7.1,17.2,29.0,27.7,20.0,22.0,8.2,4.0,9.1,14.1,6.1,8.1,29.0,19.4,25.3,21.2
1772528890.644988,10.4,9.0,15.2,19.0,30.6,44.0,9.0,2.1,5.0,4.1,5.1,7.0,38.2,31.0,12.2,16.3,14.0,6.1,36.6,36.6,36.3,35.6,28.7,23.5,5.1,4.1,7.0,7.9,25.3,35.4,37.0,46.6,6.1,3.1,6.1,12.1,46.5,34.7,12.2,10.2,21.8,22.0,22.2,19.2,2.0,6.0,10.0,7.1,3.1,8.1,21.2,21.0,15.3,24.0
1772528891.6455367,13.1,8.9,16.3,14.4,26.8,47.5,2.1,2.0,11.2,4.0,4.0,4.1,24.2,32.3,29.0,30.3,9.2,16.0,31.6,33.3,39.6,36.6,25.0,19.4,5.1,1.0,7.1,6.2,27.5,31.0,37.0,43.4,2.0,5.0,5.1,19.2,43.6,37.4,11.1,12.2,24.0,21.0,20.0,20.0,2.0,2.0,10.1,8.1,9.9,5.2,21.0,19.2,13.0,23.0
1772528892.6456225,16.2,7.1,18.2,19.0,38.0,34.3,7.1,1.0,13.1,9.2,6.0,4.1,31.0,31.0,40.0,33.7,8.2,10.2,32.3,38.4,35.0,40.6,39.0,44.1,7.0,4.1,9.0,8.0,31.3,31.7,32.0,50.0,5.1,5.1,3.0,6.0,35.4,40.0,4.0,4.0,21.2,27.0,25.0,26.0,3.1,5.0,8.1,11.0,6.2,9.2,20.0,19.2,21.2,21.4
1772528893.6513236,9.4,8.0,16.3,16.2,37.8,37.0,4.0,1.0,12.2,8.2,5.0,4.0,28.4,26.7,30.6,31.0,12.0,11.1,29.7,32.4,32.7,34.7,42.6,30.3,5.0,3.0,7.0,6.0,24.8,21.2,40.0,40.6,3.1,4.0,1.0,2.0,44.6,38.6,3.0,4.0,31.0,26.7,16.0,23.8,1.0,3.1,8.0,6.1,5.1,6.1,23.5,23.8,14.9,19.0
1772528894.654337,14.1,21.2,17.2,15.2,38.0,32.7,6.1,4.0,2.0,5.9,4.0,4.0,29.0,33.7,10.0,10.1,10.1,4.0,35.0,35.0,37.6,37.3,37.6,33.7,3.1,3.0,6.0,7.0,28.0,22.8,38.2,40.0,4.0,3.0,3.0,1.0,38.0,43.1,2.0,5.1,36.0,39.0,19.8,22.0,3.0,4.0,9.0,9.0,8.0,7.0,15.8,20.0,22.2,15.0
1772528895.6544251,11.6,22.0,17.0,9.0,23.7,45.0,2.0,2.0,4.0,6.1,5.9,4.0,27.0,24.0,12.1,11.1,7.1,12.4,31.0,29.3,30.7,31.3,30.0,33.0,4.0,4.1,4.1,6.1,26.0,24.0,37.8,42.0,2.0,2.0,4.0,4.0,39.2,37.0,4.0,16.3,42.0,41.0,18.4,15.2,3.1,1.0,6.1,5.1,4.1,5.1,17.2,14.1,17.2,14.3
1772528896.6545172,13.4,8.1,23.2,15.3,28.1,43.1,9.1,1.0,9.2,10.4,4.1,4.0,32.0,33.3,39.0,31.6,11.9,6.1,36.7,29.3,39.0,41.6,28.0,38.0,5.1,5.0,7.0,7.1,32.0,28.6,42.0,39.0,6.1,3.1,3.1,2.0,38.4,44.0,5.2,8.0,35.0,37.0,23.2,26.3,3.1,5.0,11.0,12.1,8.0,6.1,24.0,26.0,24.0,22.4
1772528897.6553445,12.4,9.1,16.3,16.3,40.6,34.0,10.1,5.0,22.2,8.1,6.1,3.1,29.0,26.3,35.4,34.3,8.2,10.1,29.4,37.0,39.0,37.0,18.2,32.7,5.0,4.1,8.1,7.1,24.0,27.7,34.7,39.0,5.0,5.0,4.0,2.1,47.5,35.6,2.0,3.1,31.0,30.3,19.6,22.8,4.0,3.0,8.1,9.0,6.1,7.1,10.2,12.1,17.5,17.0
1772528898.6566641,20.4,13.3,25.3,23.8,39.4,40.4,6.1,3.1,7.1,5.1,7.1,9.0,32.0,37.6,17.3,18.4,4.2,16.2,42.0,34.3,39.2,42.2,37.6,21.0,4.0,10.1,6.0,11.0,31.0,32.3,33.7,40.0,7.1,5.1,3.1,4.0,50.5,35.0,10.0,2.0,33.3,32.7,33.0,29.3,4.0,4.1,13.0,8.3,7.1,9.2,21.8,21.4,24.5,23.5
1772528899.6585507,22.0,16.0,20.2,22.2,38.8,38.2,5.1,4.0,4.0,9.0,5.1,6.1,26.7,37.6,8.2,14.1,15.2,11.1,38.0,32.0,34.0,42.6,40.6,36.6,6.1,4.1,6.1,8.1,26.7,27.5,30.0,33.0,6.2,2.0,6.1,2.0,43.0,39.0,7.1,4.0,31.0,32.0,24.2,26.0,5.1,5.9,10.1,12.0,8.1,6.2,16.0,15.2,20.0,27.3
1772528900.6617928,13.3,9.1,18.0,17.2,45.5,24.0,5.1,6.0,7.1,8.0,12.0,7.1,31.0,29.7,30.0,28.0,11.0,10.0,35.0,40.0,38.6,41.6,41.6,42.6,4.0,6.9,8.1,8.9,34.3,29.3,34.0,29.7,5.0,6.1,6.9,4.0,40.6,42.6,6.1,4.0,33.3,32.7,25.0,21.8,6.0,1.0,10.1,18.0,6.1,9.0,21.8,20.0,24.2,19.0
1772528901.6634107,25.3,12.1,22.0,15.3,44.0,33.7,6.1,6.1,17.3,18.4,6.1,7.1,39.0,22.0,33.3,38.4,11.3,14.3,32.0,37.4,39.2,39.2,39.6,43.0,4.1,6.0,9.0,8.1,26.7,31.7,26.3,40.0,5.1,5.1,4.0,5.1,35.0,44.0,3.0,3.1,34.0,38.0,25.0,20.0,4.0,3.0,10.0,15.2,9.1,8.1,22.2,23.0,26.3,14.3
1772528902.664873,10.3,10.1,12.6,17.2,34.7,38.4,4.0,2.0,8.1,6.2,6.1,5.1,29.3,27.3,24.7,25.3,14.0,4.1,31.3,34.7,33.7,38.6,41.0,40.0,6.0,2.1,8.0,5.1,23.5,29.0,38.0,40.0,2.0,6.9,1.0,4.1,44.1,37.0,4.0,2.1,39.4,41.4,18.4,18.0,3.0,4.0,10.1,10.9,6.1,6.1,19.8,19.2,17.2,19.2
1772528903.6655176,15.0,9.1,15.8,17.0,45.5,32.4,2.0,1.0,3.1,3.0,4.1,3.1,23.8,29.0,13.3,10.2,6.1,2.0,30.0,34.0,35.0,34.0,37.0,38.2,4.0,5.0,5.1,5.1,27.0,27.3,9.1,40.4,4.0,3.0,4.0,1.0,37.4,39.6,2.0,2.0,35.0,33.7,20.0,18.2,5.0,2.0,8.1,8.1,6.1,7.0,21.8,20.2,17.3,19.2
1772528904.6656106,9.4,8.0,13.3,18.4,31.3,44.0,1.0,25.0,3.1,5.0,5.0,3.0,28.0,33.0,13.9,11.2,8.1,17.0,30.3,36.4,36.6,39.6,34.0,22.4,3.0,3.0,7.1,7.1,24.5,22.0,5.9,40.6,3.0,4.0,3.0,2.0,43.0,34.0,3.0,3.0,31.0,30.3,20.8,18.0,2.0,3.0,6.1,7.1,5.1,6.1,8.2,14.0,15.0,19.4
1772528905.6657817,11.3,11.0,20.0,18.2,29.3,46.5,7.1,12.1,13.1,6.1,4.1,4.1,33.0,25.7,38.4,31.0,5.1,10.1,33.0,38.0,34.7,39.6,33.0,29.7,8.0,5.9,10.0,9.0,28.7,31.7,35.4,34.3,5.9,5.1,5.9,5.0,52.0,33.7,6.0,5.1,32.0,32.7,24.8,24.8,3.0,8.2,10.9,9.0,9.9,7.1,24.8,24.8,24.2,20.8
1772528906.668313,12.4,7.1,16.3,17.5,43.0,31.0,19.4,14.0,19.4,16.3,17.2,5.9,28.0,30.3,32.0,30.3,19.0,6.2,38.8,29.3,35.6,37.0,41.4,39.0,4.1,3.1,4.1,6.1,29.0,26.0,42.0,39.0,3.0,5.1,4.0,4.1,41.4,42.0,2.1,8.2,33.0,31.0,16.3,23.5,4.0,6.1,8.2,9.2,6.1,10.1,16.0,17.3,19.4,16.2
1772528907.6758895,12.4,11.9,16.2,21.0,42.0,35.3,5.1,5.0,8.1,10.2,6.1,3.1,29.0,31.7,24.5,23.2,5.1,11.9,33.3,33.7,38.4,42.2,41.0,40.2,3.0,6.9,7.1,6.1,28.7,30.0,39.6,41.6,5.1,4.0,5.1,7.1,40.6,37.0,6.1,5.1,32.7,32.0,23.0,18.8,4.0,3.1,26.3,10.0,10.2,7.1,18.0,18.6,21.8,20.2
1772528908.6770277,10.2,7.1,14.3,20.2,39.0,36.0,3.0,3.1,3.1,9.1,5.0,4.0,32.4,30.7,12.1,12.1,8.1,14.3,34.3,34.3,37.0,34.0,42.6,38.6,4.0,5.1,7.1,6.1,33.0,27.3,44.0,37.4,3.0,4.1,4.1,12.1,41.0,35.0,17.2,6.1,34.3,33.0,25.0,21.0,2.0,6.0,11.0,7.1,7.1,7.1,23.2,20.2,17.2,20.2
1772528909.6808455,12.4,8.0,17.5,18.4,32.3,38.6,5.0,1.0,8.0,3.1,6.1,2.0,29.3,26.3,25.3,27.3,3.1,10.0,37.6,32.7,38.8,36.6,15.8,40.0,2.0,6.1,5.1,10.1,33.7,24.0,24.8,25.0,4.0,5.0,4.1,4.0,42.0,43.0,5.1,6.3,27.7,28.0,28.0,18.2,3.0,4.0,6.2,9.1,6.1,7.1,14.9,16.2,22.0,20.8
1772528910.681217,14.3,10.0,19.6,19.2,42.4,38.0,5.2,3.0,9.3,13.3,7.1,5.1,35.6,31.0,31.6,30.6,9.1,5.2,34.0,31.0,43.1,37.6,1.0,27.0,3.0,6.1,3.0,10.0,29.3,31.0,22.0,26.0,3.1,6.1,4.1,3.0,42.6,38.6,4.1,3.1,21.2,22.0,28.0,24.0,4.0,4.1,11.0,12.0,10.0,8.1,14.3,14.3,22.2,22.2
1772528911.6813037,12.6,7.1,23.0,15.3,45.0,30.0,5.1,2.1,18.6,9.2,5.1,4.1,39.0,28.0,27.3,29.3,10.2,16.2,30.3,42.0,35.6,38.6,32.0,31.7,6.1,3.0,8.0,7.1,24.2,31.7,21.0,40.4,4.0,4.1,4.0,2.0,34.0,43.6,3.1,3.1,23.0,21.4,21.0,23.2,3.0,4.0,9.1,7.1,8.2,7.1,24.0,23.0,17.3,25.0
1772528912.6846702,13.1,7.1,14.4,15.0,44.6,29.7,3.0,3.0,3.0,2.0,2.0,5.1,26.5,29.0,12.0,10.2,3.0,4.0,34.3,31.3,38.0,34.7,42.0,35.0,2.0,4.0,8.0,3.0,27.0,28.3,20.2,40.6,2.0,4.0,3.0,4.0,40.0,41.0,3.0,11.0,22.0,21.6,23.0,21.6,1.0,2.0,7.1,7.0,8.1,6.1,10.0,12.0,16.2,16.2
1772528913.6871986,12.4,10.1,21.2,22.8,41.2,41.0,6.0,4.1,6.0,8.0,5.1,9.1,30.3,33.3,20.6,24.8,15.2,17.3,36.6,36.6,41.2,35.0,42.2,40.6,9.0,7.1,8.3,14.0,34.3,28.7,32.7,48.0,4.1,9.1,7.1,3.1,36.0,46.0,11.2,13.3,31.0,24.2,31.3,28.3,5.1,5.0,11.0,11.0,8.1,8.0,26.3,28.3,24.5,25.7
1772528914.68977,16.2,9.1,17.3,19.4,34.7,34.7,6.1,7.1,12.2,5.2,7.1,4.1,32.7,33.0,35.0,29.9,11.2,9.2,41.4,31.6,41.6,42.6,40.6,41.6,7.2,4.0,11.0,19.2,32.0,33.0,39.0,42.0,4.1,2.1,3.1,1.0,43.6,38.6,7.1,18.0,35.4,37.4,26.0,22.0,3.1,2.0,9.1,9.1,7.1,7.1,12.1,13.1,24.2,19.2
1772528915.6903856,12.2,7.1,15.0,14.1,47.5,29.7,7.1,3.1,6.3,24.2,5.0,6.0,28.0,28.3,35.4,33.3,16.0,11.2,37.0,38.2,32.0,27.0,39.6,41.6,4.0,3.1,8.1,6.0,22.2,32.0,44.4,36.6,3.0,6.0,3.0,3.0,42.6,37.6,6.1,6.2,37.4,38.6,20.2,20.0,3.0,3.0,8.1,10.1,7.1,5.1,28.0,28.0,14.1,22.2
1772528916.690469,11.3,8.1,14.4,18.0,28.9,44.6,5.0,10.1,5.0,2.0,6.1,7.1,32.0,21.0,13.4,13.3,10.1,4.0,34.0,38.4,41.0,41.0,31.0,42.0,4.1,3.1,8.1,11.2,30.0,28.0,36.0,43.4,3.0,5.1,1.0,6.0,46.5,36.0,2.0,3.1,31.0,32.0,24.0,21.4,4.0,3.1,8.2,9.9,7.1,7.1,15.8,11.2,17.2,23.2
1772528917.690541,13.3,8.1,20.0,20.0,41.4,37.0,4.0,4.1,3.0,5.1,6.9,5.1,26.0,38.0,22.0,17.2,13.3,19.8,36.4,34.7,41.0,40.6,19.2,39.4,4.1,5.1,8.2,9.3,30.7,37.0,25.3,35.0,4.0,6.0,4.0,2.0,41.2,44.0,19.2,5.2,31.0,31.0,29.0,21.8,4.1,3.0,10.2,8.1,5.2,9.0,19.6,23.2,24.5,21.2
1772528918.6909254,11.3,6.0,12.1,11.2,38.4,31.0,3.0,4.0,10.2,5.1,4.0,5.0,28.0,30.7,31.6,29.6,8.1,3.1,30.0,28.3,34.7,34.7,39.6,38.2,4.0,3.1,9.0,5.1,21.2,25.0,8.1,33.0,5.9,4.1,2.0,3.0,38.6,41.0,4.1,9.2,31.0,31.0,21.0,17.0,2.0,2.0,5.0,8.2,6.0,3.1,18.8,22.0,14.9,19.0
1772528919.693233,12.2,7.1,17.2,16.2,39.4,39.6,1.0,2.0,13.1,15.2,5.1,4.0,28.7,28.0,32.7,29.0,12.1,11.1,36.0,34.3,38.2,42.0,38.6,38.4,3.0,6.9,7.0,5.1,26.0,31.7,25.7,30.4,14.0,4.0,4.0,1.0,42.6,37.6,3.0,8.1,29.3,31.0,24.0,23.8,2.0,2.9,6.1,5.1,6.1,6.0,8.1,9.8,22.2,17.0
1772528920.6936748,11.6,6.1,21.2,12.0,35.7,38.6,4.0,4.1,11.3,5.1,4.1,5.1,35.4,30.0,16.5,14.3,9.2,11.2,31.3,38.6,37.0,37.6,36.6,44.0,4.1,4.1,8.0,6.1,33.0,23.5,20.4,21.2,5.1,4.1,1.0,3.1,41.0,35.4,3.1,3.0,33.0,38.0,23.2,22.4,5.1,2.0,10.1,9.1,5.1,7.1,24.0,24.2,24.2,18.2
1772528921.6955516,14.3,11.0,20.2,21.2,51.0,36.0,6.1,5.1,7.1,5.1,7.0,6.1,35.0,26.0,21.0,10.3,6.1,6.1,36.0,36.0,36.4,40.0,41.0,30.7,5.9,6.1,7.2,12.0,33.0,33.7,41.6,32.0,5.1,6.1,6.0,4.0,42.0,39.6,3.1,6.0,42.0,42.0,26.0,26.7,5.1,5.0,10.1,12.2,6.1,9.1,18.0,17.8,22.2,23.0
1772528922.6956184,12.5,8.2,13.3,20.4,47.5,41.0,3.1,3.1,6.1,4.1,5.1,6.1,34.7,28.0,26.3,31.0,11.3,16.3,42.6,31.3,39.6,37.4,28.3,21.0,4.1,3.0,7.0,8.1,18.0,30.3,38.6,42.4,2.0,2.0,3.1,3.0,36.6,44.0,4.0,2.1,42.0,40.0,20.8,22.0,5.0,4.0,7.1,8.2,5.2,8.1,17.2,14.4,18.4,23.7
1772528923.696823,12.1,9.0,18.2,18.0,37.4,32.7,5.0,3.0,13.3,7.1,6.1,6.9,27.3,24.8,36.4,37.4,12.1,7.1,35.4,30.6,38.2,34.7,41.6,32.3,5.0,5.1,6.1,6.1,30.0,29.0,42.4,40.0,4.0,5.1,5.0,4.0,40.4,41.6,3.0,3.1,40.4,41.6,20.4,20.0,3.1,2.0,11.1,8.9,7.0,6.1,24.8,23.8,19.8,21.2
1772528924.7024243,14.3,9.2,21.0,16.2,44.4,35.6,2.0,3.1,15.2,12.2,4.1,5.1,36.3,29.3,21.2,22.0,16.0,21.0,35.6,30.7,37.0,35.6,22.8,43.1,3.0,5.1,6.1,7.0,31.0,25.7,37.6,45.1,5.9,5.0,4.0,4.0,40.0,40.0,3.0,3.0,40.8,41.0,26.3,20.2,5.0,5.1,7.1,10.0,7.0,6.1,16.2,15.2,17.2,20.2
1772528925.7053983,15.3,25.5,18.4,17.2,47.5,33.0,4.1,2.0,4.1,3.0,4.1,3.1,28.7,35.0,15.3,16.5,2.1,7.1,33.7,40.0,39.0,37.3,32.0,39.6,6.1,3.0,4.1,10.0,26.0,33.3,40.0,41.0,3.0,4.0,2.0,3.1,39.2,36.6,3.1,4.0,40.4,40.0,29.0,21.0,7.1,1.0,8.1,7.1,8.0,7.1,25.7,26.7,21.4,20.2
1772528926.706401,12.4,9.2,19.4,11.2,36.4,35.3,3.0,3.1,6.1,2.1,6.0,4.0,25.3,31.7,29.0,26.0,19.2,16.2,38.0,29.3,41.7,38.6,36.0,43.6,4.1,3.1,9.0,6.1,26.0,30.3,33.7,48.0,5.1,4.0,3.0,4.0,40.0,42.6,2.1,3.1,31.3,30.6,23.0,23.0,4.1,2.0,8.1,8.1,6.1,7.1,13.1,12.1,20.0,19.0
1772528927.708124,11.2,15.2,20.0,18.4,38.6,39.0,7.1,5.1,7.2,15.0,3.1,4.0,33.3,33.0,35.7,37.4,6.1,5.2,32.0,36.4,37.4,37.6,39.0,42.2,4.0,4.0,6.1,6.1,27.7,32.0,34.3,39.6,6.0,5.0,5.1,4.0,39.0,42.6,2.1,3.1,31.0,30.7,23.2,25.3,4.0,3.0,12.1,8.0,6.1,6.1,26.3,28.0,21.4,19.2
1772528928.7090123,16.3,18.2,22.8,19.2,41.2,35.6,5.1,8.1,8.2,17.2,6.0,8.1,33.3,27.3,21.0,23.2,15.2,16.0,42.0,28.7,38.2,39.6,37.3,40.6,6.0,4.0,8.2,6.1,31.0,33.3,32.7,35.0,5.1,5.1,3.1,4.0,43.1,38.6,21.2,4.1,31.7,29.7,26.7,27.0,4.0,3.0,9.0,8.1,7.0,9.0,14.0,14.0,23.0,26.7
1772528929.709411,11.2,8.0,14.3,18.2,23.7,50.0,4.1,3.0,3.0,4.1,7.2,5.2,38.0,25.0,14.3,18.2,1.0,1.0,36.6,35.7,35.4,36.4,35.4,26.3,5.1,4.0,5.1,6.1,32.0,23.2,26.0,32.3,3.1,2.0,4.0,2.1,43.4,37.4,32.3,18.2,21.2,21.0,21.2,16.2,1.0,3.0,8.1,9.0,7.1,6.1,20.2,22.2,16.2,21.4
1772528930.7097661,16.3,10.2,19.0,26.3,44.4,35.6,9.0,6.1,5.1,8.2,9.1,11.0,35.0,37.6,32.7,22.4,21.0,18.2,38.0,38.6,42.2,39.2,28.0,20.0,6.1,7.1,18.0,11.0,30.0,31.0,43.0,25.5,7.1,6.9,6.0,4.0,37.0,48.0,9.1,7.1,21.0,18.2,27.7,30.4,7.0,5.1,11.2,13.1,11.1,10.1,20.0,19.4,26.3,24.2
1772528931.710657,11.1,7.1,16.3,13.1,35.4,36.6,6.0,1.0,7.1,10.1,14.9,6.9,27.7,29.3,36.6,34.3,9.0,33.7,28.7,38.6,39.6,40.6,27.5,22.8,2.0,6.1,4.0,9.1,28.0,24.8,30.0,30.0,4.0,5.0,2.0,2.0,38.6,39.6,2.0,3.0,20.8,22.0,25.3,19.2,3.0,3.0,7.0,7.1,6.9,6.1,17.0,15.0,21.0,17.2
1772528932.7180467,11.3,11.1,16.2,18.0,34.7,40.6,4.1,4.0,18.4,13.1,5.1,4.1,30.7,35.6,22.4,20.4,14.1,13.3,43.9,29.3,36.0,39.6,37.4,21.2,3.0,6.1,8.1,6.0,34.7,28.0,29.3,26.3,1.0,4.1,4.1,1.0,41.0,38.0,2.1,3.1,22.2,21.0,30.3,23.2,3.1,1.0,9.1,11.2,6.1,7.1,20.0,24.0,18.2,23.0
1772528933.7213726,15.0,12.1,19.0,16.5,39.4,36.6,3.1,3.0,5.1,6.1,4.1,5.0,27.7,34.7,13.1,24.2,7.1,7.0,28.0,42.0,39.8,36.6,37.0,33.7,6.0,5.0,9.9,8.1,25.0,32.7,31.7,44.0,5.1,7.1,5.0,4.0,46.5,33.7,5.1,7.9,27.0,32.0,24.8,23.0,3.0,4.0,6.3,9.8,7.1,8.0,19.4,20.0,18.0,25.0
1772528934.7228904,13.5,8.2,19.0,17.8,40.0,35.6,3.0,4.0,8.0,4.0,6.0,5.1,32.3,35.6,31.3,22.2,11.1,17.2,36.4,32.3,38.0,39.0,43.0,40.4,5.1,4.0,5.1,7.1,30.3,31.0,44.0,31.7,3.1,5.1,6.1,5.1,35.0,44.0,18.2,6.1,33.0,37.4,27.0,21.2,7.1,1.0,9.9,7.1,5.2,7.1,13.0,22.2,18.6,35.7
1772528935.7230012,15.0,10.0,21.4,18.2,35.4,34.3,3.1,4.1,12.2,8.2,5.1,5.1,27.3,31.0,33.3,32.0,3.1,5.0,34.7,36.0,37.6,39.8,33.0,36.6,4.0,4.0,8.1,7.1,27.7,32.3,41.6,4.0,5.0,4.0,2.0,2.0,44.6,36.6,6.1,14.3,31.0,30.3,27.0,19.8,19.4,3.0,6.1,10.2,7.0,6.1,23.2,23.2,25.0,26.3
1772528936.7230914,13.3,7.0,17.2,16.2,38.4,36.3,5.0,4.0,15.3,8.2,5.1,9.0,29.0,32.0,20.4,21.2,24.8,18.4,40.0,28.3,36.0,38.6,39.6,25.0,5.1,7.0,7.1,8.1,28.3,28.0,41.4,13.1,5.1,4.0,3.0,5.1,39.6,36.0,7.1,12.2,30.3,31.7,24.0,23.2,4.0,1.0,7.0,9.1,5.1,7.1,22.8,24.0,17.3,19.2
1772528937.7242675,14.1,9.0,17.3,18.2,52.5,24.2,5.1,2.0,7.1,9.2,4.0,6.1,32.7,34.0,11.9,15.3,3.1,5.0,41.4,33.7,37.6,38.0,18.2,25.7,5.0,3.1,5.1,6.1,28.7,35.6,37.3,43.6,3.1,7.1,2.1,2.0,35.0,39.6,3.1,4.0,31.0,31.0,27.0,22.2,3.0,4.0,6.1,12.0,8.0,6.1,17.0,19.2,18.6,22.2
1772528938.7266686,9.3,5.1,31.6,35.3,46.5,35.4,4.1,2.0,5.0,4.0,3.0,5.0,37.0,38.2,27.7,14.3,1.0,1.0,8.9,10.0,42.0,41.6,7.0,27.3,1.0,4.0,3.0,5.0,39.8,37.4,38.4,43.4,3.0,4.0,4.0,3.1,22.0,14.1,11.0,3.0,31.0,31.7,36.6,36.0,2.0,3.0,6.0,4.0,6.0,5.0,14.1,14.9,12.0,9.2
1772528939.72709,12.1,9.2,24.8,23.5,50.0,32.7,4.0,2.0,4.1,2.0,6.1,4.0,34.7,39.0,21.2,22.2,17.0,12.0,23.5,29.3,42.6,38.6,29.0,14.0,2.0,4.0,6.0,5.0,34.7,37.3,40.0,39.4,3.1,5.1,3.0,2.0,29.0,38.0,32.3,1.0,30.3,30.0,28.0,33.3,1.0,4.1,11.1,7.1,7.1,5.0,16.8,11.3,20.4,16.0
1772528940.7271733,10.2,6.1,14.3,20.4,41.0,31.1,1.0,5.0,2.0,5.0,2.0,3.1,29.7,29.0,15.0,22.8,1.0,9.1,18.2,23.0,36.6,37.0,43.6,39.0,2.0,5.0,4.1,2.1,33.0,25.0,46.0,34.0,5.9,6.1,2.0,4.0,20.2,28.4,13.1,1.0,31.0,31.0,29.3,17.8,3.0,1.0,6.1,6.0,4.1,4.1,13.9,12.9,11.1,13.1
1772528941.7303069,10.4,6.9,24.0,27.3,40.2,40.6,4.0,1.0,6.0,2.0,4.0,2.0,38.0,38.0,21.0,20.2,3.0,2.0,10.9,15.3,41.6,38.2,42.0,39.2,1.0,3.0,5.0,5.9,34.3,38.0,31.7,29.7,1.0,4.0,1.0,4.0,18.8,21.2,0.0,2.0,30.7,30.3,29.7,40.0,1.0,2.0,7.0,5.1,3.0,4.1,1.0,3.0,9.0,10.3
1772528942.7304142,7.4,3.0,32.7,32.0,38.0,41.0,1.0,2.1,2.0,3.1,2.0,3.0,30.0,42.7,12.2,12.1,1.0,2.0,11.2,13.0,38.6,39.0,43.1,39.0,2.0,1.0,1.0,0.0,36.4,38.6,27.0,22.2,2.0,2.0,2.0,3.0,22.2,16.2,3.0,3.1,39.0,35.0,34.3,38.2,2.0,1.0,2.0,3.0,3.0,3.0,12.0,13.3,8.0,7.1
1772528943.7304854,11.5,6.1,15.2,16.3,37.0,33.0,2.0,2.0,2.0,3.0,1.0,3.0,36.0,28.3,3.0,4.0,4.0,2.0,24.8,19.4,35.6,41.2,47.0,14.1,3.1,4.0,4.1,2.0,31.3,27.6,32.0,29.7,1.0,3.0,1.0,5.1,27.7,22.0,8.0,4.0,41.4,39.0,27.6,18.2,3.0,0.0,5.1,5.1,2.0,3.1,12.0,14.0,14.0,6.1
1772528944.74049,13.1,10.9,25.7,22.8,34.0,43.1,6.0,4.0,13.0,5.9,6.0,8.1,37.3,33.7,3.1,5.1,14.0,19.8,30.0,34.3,42.2,42.6,42.2,20.8,5.9,12.0,7.9,5.1,35.4,31.4,24.0,27.0,4.0,4.0,1.0,8.0,33.0,31.7,12.9,15.2,41.0,41.6,33.3,28.7,1.0,8.8,10.1,9.8,10.1,6.1,11.1,12.0,19.0,17.2
1772528945.7429802,12.2,4.0,23.5,21.0,48.0,33.0,2.0,3.0,3.0,2.0,1.0,3.0,29.0,38.6,18.8,10.0,5.0,3.0,14.0,23.2,40.0,39.6,36.6,25.0,1.0,10.0,4.0,2.0,34.3,38.0,19.0,19.8,4.0,3.0,2.0,4.0,18.8,20.8,2.0,3.0,40.6,40.6,27.0,30.0,3.0,3.0,5.0,5.1,4.0,5.9,3.0,3.0,10.1,8.0
1772528946.745401,9.4,5.1,24.0,23.2,42.6,35.3,1.0,1.0,11.1,12.1,4.9,4.0,35.3,37.0,26.0,16.2,6.9,1.0,17.2,19.0,39.6,39.2,29.3,24.5,16.0,7.0,4.0,2.0,34.7,31.0,37.0,23.0,2.0,6.9,1.0,3.0,17.8,19.0,0.0,2.0,40.6,41.0,29.3,28.7,2.0,2.0,6.1,5.1,3.0,4.0,10.0,12.0,11.9,13.0
1772528947.7461102,10.5,10.0,25.0,22.7,28.3,45.0,3.0,2.0,4.1,10.0,4.1,4.1,39.0,28.7,29.0,31.0,2.1,2.0,41.6,35.6,38.0,39.0,35.6,44.0,26.3,16.3,5.1,7.1,31.0,35.0,28.7,13.1,5.1,4.1,2.0,3.1,47.5,35.4,2.0,5.1,41.0,40.6,26.0,27.3,4.1,3.0,13.0,10.2,6.1,8.2,18.4,18.2,19.2,21.2
1772528948.7489595,13.3,9.1,22.4,20.0,32.7,40.2,2.0,3.0,4.0,2.0,4.0,3.1,34.7,33.7,22.7,22.4,17.2,20.0,31.3,26.8,38.6,43.1,30.0,34.0,8.1,18.8,5.1,7.1,30.3,35.0,26.3,36.4,3.1,3.1,4.1,3.1,34.7,34.7,3.0,2.0,27.6,28.3,29.7,21.2,2.0,2.0,10.1,8.8,7.0,7.0,19.8,20.0,13.3,17.3
1772528949.7490284,10.3,5.9,17.3,19.8,43.4,34.3,2.0,2.0,1.0,2.0,3.0,4.0,23.2,38.0,21.8,17.0,5.1,1.0,20.8,22.5,39.0,41.6,29.3,33.0,2.0,17.0,1.0,2.0,32.7,30.3,34.3,44.6,3.0,3.0,4.1,3.0,18.2,24.2,1.0,2.0,17.0,17.0,18.2,28.7,3.0,2.0,8.1,5.2,4.1,2.1,10.0,10.1,13.1,10.0
1772528950.749105,9.5,5.1,18.0,14.3,24.8,46.1,2.0,1.0,3.0,3.0,1.0,2.0,30.7,29.0,10.2,9.3,2.0,2.0,21.0,20.4,37.3,34.0,35.6,20.2,3.0,22.4,5.1,5.1,29.7,30.0,41.6,20.2,2.0,0.0,5.1,2.0,20.2,27.0,1.0,2.0,12.9,11.0,25.0,19.2,3.0,2.0,4.0,4.0,4.0,5.0,2.0,3.0,13.1,8.2
1772528951.7507272,10.3,8.2,18.2,20.0,35.4,36.6,2.0,2.0,2.0,3.0,2.9,2.0,36.6,25.7,11.0,8.1,2.0,2.0,24.0,20.0,40.2,43.0,24.8,29.0,11.9,12.9,2.0,2.0,24.5,37.3,36.4,25.0,3.0,3.0,5.0,4.0,26.0,25.0,3.0,2.0,10.9,10.1,29.0,22.0,1.0,1.0,6.9,6.0,3.0,2.1,8.1,11.1,11.9,12.1
1772528952.7523305,9.5,8.0,22.0,26.0,39.6,40.6,2.0,2.0,2.0,3.0,4.0,5.1,34.7,41.0,9.1,15.0,1.0,2.0,23.0,27.0,37.4,39.6,24.0,18.6,10.9,4.0,7.0,5.0,34.0,32.0,22.0,23.8,5.9,1.0,3.0,2.0,21.8,20.8,6.1,1.0,11.0,11.8,30.7,34.7,2.0,2.0,5.1,7.0,4.1,5.0,15.0,14.0,13.1,16.2
1772528953.7524009,10.3,10.2,31.3,31.6,41.6,38.0,3.0,2.0,3.0,3.0,4.0,3.0,36.6,39.0,11.0,11.0,8.1,16.2,14.3,17.0,41.2,41.6,28.3,9.1,8.1,7.1,2.0,1.0,32.0,41.6,9.0,33.0,1.0,3.0,1.0,1.0,16.8,14.0,4.0,3.0,11.1,10.1,32.3,38.0,2.0,2.0,4.0,6.1,4.0,5.1,3.0,3.1,5.1,13.0
1772528954.7558908,11.3,21.8,19.2,22.2,38.4,33.7,3.0,1.0,12.2,13.0,2.0,3.0,34.7,31.7,8.2,11.9,12.0,4.0,30.7,33.0,38.6,38.6,20.0,21.8,2.0,3.0,5.0,0.0,23.8,37.3,32.0,16.0,3.0,1.0,4.0,1.0,31.6,31.3,4.0,2.0,12.7,12.0,28.7,28.0,3.0,1.0,9.1,6.0,4.1,5.1,15.2,15.8,15.2,12.1
1772528955.7563438,12.2,16.8,19.0,17.2,38.0,35.6,2.0,2.0,7.1,7.1,8.0,2.0,26.7,32.0,25.7,22.0,4.0,2.0,24.0,23.0,43.0,38.6,26.0,31.0,1.0,2.0,5.0,5.0,33.0,27.0,42.6,20.0,2.0,3.0,2.0,2.0,30.0,23.8,2.0,1.0,12.0,12.0,21.0,25.0,2.0,1.0,5.1,6.1,4.0,3.0,9.0,9.0,15.8,15.2
1772528956.7594104,11.2,5.0,17.2,20.0,36.6,32.7,16.0,1.0,5.9,2.0,4.0,5.9,33.7,34.7,26.0,21.0,3.1,0.0,14.9,18.0,38.6,36.6,35.6,43.1,0.0,2.0,3.0,2.0,26.7,33.0,20.0,20.0,1.0,2.0,2.0,3.0,26.7,25.0,2.0,2.0,11.9,12.0,29.0,20.2,2.0,2.0,5.0,6.1,3.1,5.0,3.0,4.0,8.1,10.0
1772528957.7594905,10.4,9.2,15.2,17.2,32.0,45.0,25.3,2.0,8.1,3.1,5.1,1.0,24.0,28.3,23.8,13.1,8.1,13.3,34.3,25.5,31.0,33.0,36.6,39.4,5.0,2.0,6.1,4.1,20.0,34.3,33.3,30.0,3.0,3.1,3.0,1.0,29.6,41.6,1.0,1.0,11.1,10.1,18.0,18.0,2.0,2.0,9.0,5.1,5.0,4.1,19.4,24.2,14.3,15.3
1772528958.7595658,11.0,6.0,20.4,18.4,34.7,40.6,11.2,6.1,1.0,2.0,1.0,4.0,37.0,32.7,16.3,21.2,8.1,11.1,17.0,13.1,40.6,41.0,40.0,38.6,1.0,2.0,2.0,2.0,38.0,31.0,33.7,33.3,4.0,2.0,1.0,1.0,22.8,25.5,5.0,2.0,3.0,3.0,24.2,29.0,0.0,3.0,3.0,5.1,2.0,6.0,12.0,12.0,14.3,13.0
1772528959.7634547,9.3,5.1,22.0,16.2,30.0,47.1,2.0,2.0,5.0,4.0,4.0,2.0,28.0,29.7,13.0,8.9,0.0,2.0,22.8,18.0,36.6,36.3,44.0,17.0,4.0,2.0,3.0,5.0,29.0,30.0,43.0,36.6,1.0,1.0,2.0,2.0,26.0,28.7,6.1,3.0,4.0,10.2,22.0,24.0,2.0,1.0,5.1,7.0,4.0,4.0,8.1,8.0,17.8,13.0
1772528960.7638762,8.3,4.0,28.0,27.3,52.5,22.0,3.0,0.0,7.0,1.0,2.0,5.0,33.0,38.0,3.0,6.2,3.0,3.0,18.2,21.8,39.6,41.2,35.6,21.0,2.0,3.0,4.0,2.0,32.7,33.7,26.7,44.0,1.0,4.0,2.0,2.0,25.7,22.8,3.0,2.0,15.0,20.6,30.7,30.7,1.0,4.0,4.0,9.0,2.1,3.0,3.0,4.0,14.1,10.1
1772528961.7639556,11.5,7.1,31.3,32.3,45.0,34.3,2.0,5.1,4.0,6.2,4.1,4.0,40.6,38.0,20.4,25.0,2.1,5.1,13.0,14.3,41.6,43.4,18.4,23.0,13.3,3.0,6.0,5.0,36.7,40.6,21.2,41.0,3.0,3.0,3.0,4.0,17.2,22.2,3.0,3.0,22.0,21.2,38.0,35.7,2.0,1.0,7.9,6.1,6.0,5.0,5.1,5.1,10.1,13.3
1772528962.7640474,8.5,4.0,24.5,24.2,38.0,40.6,4.0,2.0,2.1,3.0,4.1,3.0,43.6,32.7,22.0,20.2,4.0,8.1,14.4,19.2,39.0,41.6,14.1,20.2,4.0,3.0,3.1,4.1,40.6,33.7,20.8,42.0,2.0,4.1,2.0,1.0,20.8,22.0,2.0,0.0,21.2,20.0,33.0,29.0,4.0,1.0,6.1,5.1,4.0,2.0,20.0,20.2,11.0,11.2
1772528963.7650955,10.4,6.0,21.2,23.2,33.7,41.6,2.0,2.0,2.0,3.0,3.0,2.0,36.0,31.0,6.1,4.1,2.0,2.0,17.0,16.2,36.6,38.6,15.2,24.0,1.0,1.0,3.9,3.1,31.0,29.0,29.3,29.3,2.0,1.0,2.0,1.0,17.2,19.2,2.0,2.0,20.2,20.8,32.3,21.0,2.0,2.0,4.0,5.0,2.0,3.0,10.0,12.0,8.1,6.0
1772528964.7651806,7.3,4.0,26.3,29.6,39.0,42.0,2.0,0.0,2.0,3.0,1.0,1.0,43.6,33.7,1.0,2.0,1.0,0.0,7.1,12.9,40.6,43.1,27.5,14.0,2.0,2.0,1.0,2.0,34.3,38.6,25.5,18.0,1.0,2.0,2.0,1.0,10.2,10.9,1.0,2.0,20.0,21.0,31.7,35.3,4.0,2.0,4.0,5.0,3.0,2.0,1.0,3.0,6.9,9.2
1772528965.765411,10.4,7.1,19.2,25.0,39.0,33.7,4.0,3.0,12.2,14.1,4.0,3.0,35.6,31.7,8.0,5.1,12.1,17.2,29.0,26.5,38.6,39.0,16.2,20.0,2.1,17.2,7.0,14.1,30.7,28.0,23.8,25.0,3.9,4.0,3.0,3.0,29.0,39.0,3.0,2.0,31.0,29.0,29.0,24.2,2.0,3.0,9.0,6.1,5.1,6.0,7.1,9.1,13.1,19.0
1772528966.7654974,12.4,7.1,19.0,19.0,26.8,49.0,5.1,2.0,7.1,14.3,4.1,3.0,31.0,31.0,18.4,27.3,3.0,4.0,38.0,27.7,38.0,40.2,25.0,22.0,4.0,33.0,9.2,4.0,31.7,31.0,31.3,26.5,1.0,5.0,4.0,3.1,36.4,38.0,2.0,2.0,30.3,31.0,22.2,23.0,2.0,2.0,7.1,8.0,6.2,6.1,9.1,11.1,24.2,17.2
1772528967.76558,10.3,8.0,14.3,16.2,50.0,25.7,3.0,4.0,3.1,5.1,5.0,4.0,25.7,34.7,37.6,38.8,6.2,12.1,31.0,38.8,34.7,37.6,21.2,37.6,7.1,36.6,6.2,7.1,29.3,30.3,34.0,22.5,5.0,7.1,3.1,3.0,40.2,41.0,3.1,4.0,32.0,30.3,20.0,28.0,2.1,2.0,7.1,12.0,7.0,7.1,33.7,30.7,16.5,22.0
1772528968.7661347,11.2,6.1,15.3,13.3,38.0,32.0,4.0,2.0,5.1,0.0,5.1,5.1,26.0,28.3,23.5,23.2,8.2,20.0,32.0,36.6,39.0,31.7,41.0,39.0,6.1,32.3,8.0,7.1,20.4,29.3,35.4,31.3,5.1,4.0,2.0,2.1,52.9,31.0,5.1,5.1,42.0,36.6,19.4,19.0,5.0,4.0,9.2,7.1,6.1,5.1,10.1,11.2,14.1,20.2
1772528969.7682178,15.3,11.0,22.2,22.2,56.6,22.0,4.1,3.1,10.1,8.0,7.1,6.1,30.0,41.2,22.0,17.2,7.1,7.2,33.7,45.5,40.0,44.0,40.6,41.6,26.0,17.8,8.2,5.1,31.3,35.0,45.5,24.2,3.1,4.1,3.1,4.1,44.6,40.0,6.2,18.2,40.4,41.0,27.7,30.3,4.0,3.1,12.0,8.2,8.2,8.2,24.2,25.0,24.8,19.2
1772528970.7687662,9.4,4.1,14.3,16.0,39.4,33.7,2.0,3.0,11.3,24.2,4.0,5.0,28.0,25.7,17.0,26.0,15.0,17.0,28.3,35.0,33.7,35.6,41.6,40.6,26.5,3.1,6.9,8.0,24.0,27.0,41.6,24.0,6.0,19.6,1.0,5.0,43.6,36.0,4.0,5.1,40.0,40.0,12.1,19.0,4.0,1.0,7.1,6.1,5.1,7.0,18.0,16.0,17.0,20.4
1772528971.7691972,14.1,8.1,17.3,15.3,41.4,33.7,4.0,1.0,4.0,3.0,4.0,4.1,35.4,25.3,34.7,35.6,2.1,3.1,38.6,37.0,37.0,37.0,40.0,41.6,5.1,4.0,6.1,9.1,23.2,27.0,37.4,44.0,4.0,2.0,3.0,3.0,42.0,42.6,3.1,2.0,41.6,41.0,24.0,23.0,0.0,4.0,9.1,7.9,6.1,6.1,12.2,11.1,19.6,19.2
1772528972.7710156,11.5,11.0,14.3,20.0,36.7,38.6,4.1,1.0,4.0,3.1,3.1,4.0,31.7,35.0,22.2,22.2,16.0,15.0,36.4,37.4,35.0,37.6,42.2,36.4,2.0,5.1,5.1,5.1,29.7,24.2,25.3,43.4,5.0,2.0,4.1,3.0,40.0,39.6,1.0,3.1,39.8,40.0,18.4,22.0,3.1,3.1,7.1,9.0,4.1,8.2,28.0,26.0,23.0,19.0
1772528973.7711043,10.3,7.1,14.0,18.2,35.0,39.6,10.1,6.1,3.1,7.1,7.1,3.1,32.0,34.0,19.2,19.6,2.1,3.1,33.3,34.3,35.0,38.6,38.0,44.1,18.8,4.0,15.0,8.0,28.3,26.0,28.7,38.0,5.0,3.0,2.0,1.0,34.7,38.0,4.0,7.2,39.6,42.0,23.0,19.2,1.0,2.0,9.1,9.9,7.1,4.1,10.0,8.2,22.8,15.3
1772528974.7717066,15.8,12.4,27.3,19.6,41.8,40.0,9.0,4.1,20.4,12.4,5.1,7.1,28.3,37.6,21.4,28.0,25.3,15.0,35.4,38.0,40.0,42.6,44.0,35.4,4.0,4.1,7.1,6.1,31.0,38.0,37.0,37.6,5.1,5.0,4.1,3.0,45.5,44.0,17.2,20.2,40.4,40.0,24.0,32.0,4.0,5.0,7.1,10.2,8.1,8.2,29.0,29.7,20.4,27.3
1772528975.7726848,11.3,7.1,18.4,16.3,27.3,50.0,4.1,2.0,10.2,10.2,4.1,4.1,36.6,29.3,38.4,32.0,5.1,3.1,34.0,32.3,39.0,36.6,40.6,41.0,6.1,6.0,8.1,9.1,26.0,25.3,46.0,25.3,2.0,4.1,2.0,3.1,43.4,37.6,9.2,9.3,40.6,40.4,14.0,30.3,6.1,1.0,11.2,10.0,5.2,4.1,9.1,10.1,21.2,20.4
1772528976.7740085,14.1,10.2,14.4,19.4,36.4,40.6,4.1,5.0,3.1,3.1,8.1,5.9,29.3,27.3,22.2,23.0,19.0,14.1,43.0,32.7,38.2,41.0,31.0,35.4,7.1,4.1,7.1,7.0,31.7,24.2,31.7,30.3,5.0,4.1,5.1,4.0,41.6,34.0,4.0,2.0,35.6,35.3,26.0,22.2,3.1,5.0,9.1,6.1,7.1,7.1,27.3,25.0,16.8,24.5
1772528977.7780104,14.9,7.1,23.8,15.0,39.4,37.0,5.0,3.1,4.1,7.0,5.1,4.0,35.0,30.4,17.0,20.0,5.1,2.0,36.3,38.6,35.6,33.7,34.7,32.7,4.0,5.0,7.0,7.0,24.2,29.4,43.6,38.6,3.1,3.0,2.0,1.0,40.0,43.6,1.0,3.0,23.0,23.5,28.7,16.8,6.0,1.0,7.1,9.0,6.1,7.0,14.9,12.9,20.2,21.6
1772528978.7780945,13.4,11.0,14.3,15.2,39.0,36.0,2.0,4.1,10.3,5.1,3.1,5.1,26.3,32.3,26.3,16.3,12.2,18.4,28.9,35.4,37.0,35.4,38.0,22.2,5.0,4.0,6.1,3.1,27.0,33.3,42.4,32.3,5.1,2.0,2.0,4.0,35.6,38.4,4.0,8.1,21.2,22.2,23.0,19.0,5.1,4.0,8.1,8.2,7.0,5.1,12.1,11.2,19.2,17.5
1772528979.7827268,14.0,8.2,15.2,18.0,36.6,38.2,4.0,2.0,14.0,19.2,0.0,6.1,27.7,28.4,30.0,30.3,9.0,2.1,32.7,37.6,33.7,38.8,16.7,14.0,4.0,4.0,6.0,7.9,31.0,27.7,26.3,32.7,4.0,3.0,2.0,1.0,42.0,45.1,8.1,14.1,21.8,20.8,22.0,20.2,5.0,3.0,9.0,6.0,6.1,5.9,28.3,31.0,18.0,19.8
1772528980.784914,13.0,9.0,18.0,16.2,26.8,45.5,4.0,5.1,2.0,4.0,5.0,5.1,26.7,31.0,23.0,20.2,2.1,2.0,28.0,33.0,38.6,38.0,32.0,10.1,4.0,3.0,4.1,6.1,31.7,25.0,33.0,32.3,3.1,2.0,3.0,2.0,38.0,41.4,3.0,1.0,19.0,18.2,19.2,19.2,2.0,0.0,8.0,8.0,7.1,3.1,12.0,10.1,16.0,20.0
1772528981.7888172,12.2,9.0,17.2,17.2,30.7,46.5,3.1,2.0,4.0,3.0,4.0,3.1,30.0,33.0,23.2,22.0,12.1,24.8,36.4,32.3,33.3,38.6,38.6,37.6,3.1,3.0,4.0,10.0,24.2,27.3,30.0,21.0,4.0,4.0,3.0,2.0,46.1,35.9,4.0,0.0,18.8,21.0,18.0,23.5,1.0,5.0,8.0,8.2,7.0,7.1,20.2,21.2,21.8,20.2
1772528982.7912567,15.4,8.1,16.2,13.1,35.7,34.0,5.0,3.0,5.0,4.1,5.1,5.0,28.7,30.7,20.2,23.0,4.0,2.0,32.7,31.0,34.0,37.9,41.2,41.6,5.0,5.0,4.1,7.1,30.7,24.8,24.8,25.0,5.0,3.0,3.0,4.0,49.0,33.0,2.0,4.0,24.0,25.7,23.2,20.2,3.0,3.0,8.2,9.8,4.0,7.0,21.8,23.5,16.2,25.0
1772528983.795552,9.4,9.0,19.8,18.2,38.4,38.6,6.1,1.0,17.5,17.3,5.1,4.1,29.7,34.7,28.3,30.0,19.8,16.0,43.6,34.0,38.2,39.6,41.0,40.6,10.0,3.0,7.1,6.0,31.7,26.0,37.6,20.0,3.0,3.0,4.0,2.0,47.5,31.4,4.0,3.0,21.2,20.2,24.8,20.0,5.0,2.0,10.0,6.1,6.1,8.0,9.2,11.2,20.2,19.0
1772528984.799042,14.1,7.1,16.2,12.1,35.4,35.0,2.1,4.0,4.1,6.0,5.0,5.1,25.0,35.0,21.2,23.0,2.1,5.1,32.0,31.0,34.3,37.0,27.7,37.6,5.0,4.0,8.2,5.1,25.0,28.0,26.3,22.0,4.0,2.0,3.1,1.0,45.0,33.0,4.0,2.0,21.0,21.2,18.2,21.2,2.0,3.0,8.2,8.1,6.1,6.1,28.4,25.7,20.8,17.2
1772528985.800874,11.3,6.0,19.2,14.1,41.8,33.7,4.1,2.0,3.0,5.1,4.1,4.0,28.7,27.0,26.0,26.3,21.2,10.1,41.4,28.3,37.0,40.2,17.0,43.6,5.1,3.0,7.1,7.1,24.2,28.3,43.0,34.0,5.1,3.0,3.0,4.0,37.0,44.0,1.0,3.0,26.7,24.2,22.2,24.0,4.0,4.0,8.9,10.0,7.1,6.1,8.2,11.2,21.4,18.2
1772528986.8056056,14.3,7.0,16.3,19.0,40.0,34.7,5.0,4.0,6.1,3.0,5.1,3.1,33.0,28.7,23.0,23.0,8.1,4.0,33.0,36.3,36.6,38.0,15.0,42.2,3.1,3.0,7.8,6.1,29.7,29.1,36.0,43.1,4.1,3.0,3.0,5.0,40.2,42.0,3.0,3.0,30.3,31.0,21.8,24.8,2.0,5.0,9.1,6.0,5.1,6.1,28.0,27.3,20.0,18.4
1772528987.8056853,14.3,9.1,18.2,19.4,43.4,36.6,2.1,1.0,16.3,6.3,2.1,6.0,29.7,31.0,21.4,22.4,7.2,3.1,33.3,38.0,40.6,44.6,23.2,35.4,5.1,3.0,6.1,8.1,39.0,24.2,42.0,38.0,6.0,4.0,4.0,4.0,42.0,39.6,3.0,4.0,36.4,41.0,25.0,22.0,4.1,3.1,10.1,10.2,6.1,7.1,12.1,14.0,26.3,19.2
1772528988.8068306,15.0,6.1,17.2,17.2,33.7,42.6,4.0,3.0,10.0,15.2,5.0,5.1,36.4,23.0,23.2,19.2,14.0,18.2,37.6,33.7,38.0,37.6,27.0,30.7,6.0,2.0,8.1,5.1,32.0,27.3,38.4,42.4,3.0,7.1,4.1,3.1,38.0,43.6,2.1,4.1,40.0,41.0,20.0,24.5,3.0,2.1,5.2,10.1,7.0,6.2,20.2,25.3,22.0,19.0
1772528989.8068511,12.2,10.1,20.0,16.2,40.8,39.6,3.1,3.1,3.1,2.0,5.1,5.1,29.0,33.0,30.3,30.0,4.0,8.1,30.6,35.6,37.6,36.0,38.0,39.4,5.1,7.0,10.1,5.1,20.2,36.3,22.0,33.0,3.0,3.0,3.0,1.0,35.6,46.0,2.1,2.1,40.4,40.0,27.0,23.0,3.0,2.0,11.1,11.1,5.2,9.1,21.2,21.2,19.4,20.4
1772528990.8123798,10.3,11.0,14.0,18.4,34.7,34.7,2.0,4.0,6.0,5.0,5.1,4.0,25.0,32.4,32.0,30.0,19.0,13.0,33.7,32.0,35.6,38.2,31.7,29.7,5.0,6.1,5.0,8.1,31.7,22.2,23.2,22.2,7.1,7.1,5.0,2.0,42.0,40.0,3.0,4.0,39.6,40.6,20.0,19.0,2.0,2.0,10.0,7.0,9.9,5.1,14.9,14.9,16.8,23.2
1772528991.8144865,16.3,9.0,18.6,22.0,42.4,36.0,5.2,2.0,11.3,5.1,3.1,7.1,34.3,31.6,21.2,19.2,2.1,9.2,38.4,44.0,37.6,42.0,31.0,43.0,5.1,4.0,6.1,11.0,27.3,34.7,38.6,41.0,4.0,6.1,4.0,5.1,39.0,41.0,2.1,12.2,41.0,41.4,31.3,26.0,3.1,3.0,10.0,10.0,9.1,11.1,25.0,27.3,23.5,24.2
1772528992.8414826,12.0,7.8,13.7,14.9,28.7,35.9,2.0,2.9,13.9,15.8,3.0,4.0,19.6,27.9,22.3,19.6,10.9,17.6,31.1,33.3,31.7,31.1,40.4,19.4,2.9,4.0,5.9,5.0,24.3,27.2,35.9,43.1,1.0,3.9,2.0,3.0,43.7,36.5,7.9,12.7,41.2,39.8,15.5,18.6,2.0,3.0,5.9,8.9,5.9,6.0,13.9,13.6,10.9,19.6
1772528993.8435774,10.3,10.2,16.2,15.2,49.0,28.3,2.0,3.1,5.0,3.1,7.9,3.0,31.0,31.7,33.3,33.0,10.9,4.0,39.0,32.7,32.7,36.6,21.0,9.2,3.1,5.0,9.0,7.0,33.7,26.0,35.4,45.0,2.0,5.0,4.0,3.1,48.5,33.0,3.1,2.0,41.0,40.0,24.2,24.0,2.0,3.0,7.0,10.9,7.2,5.0,19.0,21.2,24.2,19.0
1772528994.8448486,13.0,10.1,22.5,18.2,39.4,33.7,4.0,5.1,4.0,6.1,3.1,7.1,34.0,35.0,32.3,30.3,10.3,18.2,35.0,40.8,37.6,38.2,32.0,38.6,5.1,4.0,8.1,7.0,26.3,33.7,29.7,45.5,4.0,5.1,3.0,4.0,36.3,47.0,3.1,2.1,40.6,41.0,26.0,26.7,3.1,4.0,9.1,11.1,8.1,5.1,20.8,19.2,22.8,21.2
1772528995.850782,14.6,14.0,19.4,15.2,44.6,34.0,6.1,3.0,13.4,15.2,5.1,8.2,32.4,36.0,17.2,18.4,10.1,5.1,37.0,37.6,39.6,39.0,41.2,41.6,3.0,4.1,7.1,9.0,30.7,34.0,24.2,39.0,2.0,6.0,4.0,4.0,30.3,51.0,5.2,11.2,40.0,40.0,27.3,28.0,4.0,2.0,9.0,9.1,6.1,9.9,19.2,20.8,24.5,19.0
1772528996.8508646,12.2,9.3,15.3,22.4,40.2,36.0,3.1,5.1,12.4,9.2,9.2,5.1,25.5,30.3,21.4,26.3,20.2,11.2,37.4,31.6,41.0,40.0,41.4,40.6,9.1,5.1,9.1,8.2,33.3,25.0,40.4,39.4,6.1,7.1,5.1,4.1,28.7,48.0,13.0,14.3,40.0,40.0,29.3,21.0,4.0,3.1,10.2,9.1,7.1,7.1,23.0,20.4,24.5,18.2
1772528997.8530493,12.1,10.9,15.0,19.2,52.0,20.0,3.1,4.0,5.1,2.0,8.2,3.1,25.0,28.0,38.0,33.3,8.2,8.1,35.0,33.7,37.0,35.6,30.7,37.6,19.8,4.0,5.1,7.1,28.0,26.3,39.6,41.6,3.1,1.0,3.1,9.0,37.6,48.5,12.2,12.1,32.0,29.7,25.0,19.0,1.0,3.1,8.1,8.1,4.1,6.1,13.1,13.0,24.0,14.1
1772528998.8552814,11.1,9.1,16.5,13.1,49.5,28.0,4.0,2.0,6.1,4.1,4.0,5.1,26.7,35.3,27.3,27.6,16.0,15.0,33.3,33.0,36.6,35.6,20.6,41.2,3.0,3.0,5.0,8.0,25.7,24.8,37.0,41.4,5.0,4.0,2.0,6.1,42.6,40.0,3.1,4.1,31.0,30.0,24.0,20.0,4.0,2.0,10.1,7.0,6.1,7.1,26.0,26.3,15.2,20.2
1772528999.8564298,12.2,8.2,16.0,19.2,37.0,31.0,7.0,4.0,6.1,17.2,7.1,4.1,29.0,28.3,18.2,13.1,7.1,4.1,40.0,34.0,38.0,40.0,21.0,41.0,3.1,6.1,8.1,9.1,27.3,28.3,37.0,41.4,6.0,4.0,3.1,3.0,33.0,47.5,2.0,3.1,30.0,32.0,26.3,14.9,3.0,3.0,8.1,10.3,6.1,7.1,11.0,12.0,20.2,22.4
1772529000.8565152,13.3,5.1,10.2,18.2,36.1,41.4,3.1,3.1,16.2,15.2,4.1,7.0,27.7,28.0,24.0,19.4,15.2,8.2,36.0,33.3,35.0,37.6,24.5,38.6,4.0,4.0,6.1,10.0,23.2,28.7,24.2,25.7,3.0,3.0,3.0,3.0,38.4,39.0,17.3,5.1,15.3,14.0,23.0,16.5,4.1,4.0,7.1,8.1,7.1,7.0,29.3,27.0,18.2,17.8
1772529001.8566046,14.6,11.1,16.0,18.2,22.4,45.5,5.0,3.1,5.0,5.1,5.1,2.1,30.3,28.3,38.0,35.4,4.1,9.1,34.3,33.3,36.6,40.0,33.3,25.3,3.0,4.0,7.1,6.1,32.7,29.3,32.0,32.0,2.0,4.0,2.0,4.0,43.6,35.0,5.1,8.1,11.1,15.2,21.2,24.8,2.0,1.0,8.0,9.0,6.1,5.1,12.0,11.1,24.2,18.6
1772529002.8621986,13.3,8.9,14.1,13.0,25.0,51.0,3.0,1.0,4.0,3.0,4.0,5.1,24.8,29.7,28.3,27.6,13.0,16.3,35.6,31.0,32.7,35.6,42.2,29.4,4.9,2.1,5.0,6.1,27.0,26.0,47.1,32.7,4.0,5.0,2.0,8.0,42.7,43.6,3.0,5.9,12.1,11.0,18.0,15.8,2.0,6.0,7.1,8.1,7.0,5.1,25.3,24.2,15.2,16.8
1772529003.8637855,12.2,6.1,23.2,18.2,35.7,37.4,4.1,4.0,10.2,7.1,5.1,4.0,29.3,37.0,14.1,16.3,4.1,8.2,38.0,37.6,40.6,39.2,34.3,25.3,4.1,4.0,8.2,9.1,31.7,28.7,48.0,32.0,4.0,5.0,2.0,3.0,40.4,38.6,2.0,10.3,13.1,12.0,21.0,24.2,3.0,3.1,10.1,8.1,7.1,7.0,17.8,18.0,21.8,25.0
1772529004.863861,13.1,9.2,18.4,15.2,47.0,30.0,4.0,2.0,15.3,14.4,4.1,6.0,40.0,24.0,19.2,16.2,6.1,10.0,35.4,31.0,39.0,37.6,25.7,34.3,3.0,4.0,6.0,4.0,31.0,27.0,37.4,26.0,1.0,5.0,3.0,1.0,37.6,42.0,3.0,10.1,17.2,23.0,27.3,19.0,1.0,3.0,11.9,7.1,5.1,6.1,19.4,18.0,16.2,20.2
1772529005.8664618,12.2,6.0,13.3,12.2,36.4,32.7,4.1,4.0,5.1,3.0,4.0,3.1,27.3,27.7,33.7,35.0,7.1,14.1,30.0,35.4,37.3,43.0,19.0,36.0,8.8,3.0,6.1,9.0,24.8,27.6,41.6,23.2,5.0,2.0,2.0,2.0,34.7,39.6,1.0,3.0,34.7,28.0,17.8,21.0,2.0,2.0,7.1,8.1,6.0,6.1,21.8,22.0,19.0,15.2
1772529006.8665469,15.3,16.0,20.0,21.8,33.3,42.2,3.0,5.2,4.1,4.1,5.1,6.0,32.7,33.3,30.3,30.3,2.0,10.2,39.6,32.3,39.0,36.6,7.1,33.7,6.3,3.0,16.8,9.2,29.3,34.3,43.0,40.6,2.0,6.0,2.0,5.1,38.4,50.0,3.1,2.1,43.0,40.0,22.2,27.5,3.1,2.0,7.1,9.3,6.1,5.1,11.2,9.3,25.3,18.4
1772529007.8666399,5.3,2.0,0.0,1.0,12.0,12.9,1.0,2.0,24.2,21.2,3.0,2.0,3.0,3.0,24.2,21.8,12.1,18.8,10.2,10.1,3.0,2.0,33.7,31.3,3.0,2.0,1.0,4.0,3.0,1.0,34.0,38.0,3.0,1.0,2.0,3.0,41.6,41.6,4.0,4.0,40.0,40.0,2.0,3.0,2.0,1.0,2.0,2.0,1.0,2.0,29.7,25.7,1.0,1.0
1772529008.866723,5.2,0.0,0.0,0.0,0.0,0.0,0.0,0.0,1.0,0.0,0.0,0.0,0.0,0.0,19.2,20.0,0.0,0.0,0.0,0.0,0.0,0.0,40.6,40.6,0.0,0.0,0.0,0.0,0.0,0.0,28.7,32.7,0.0,1.0,4.0,4.0,20.0,29.7,5.1,16.3,41.0,40.0,0.0,0.0,0.0,0.0,0.0,0.0,0.0,1.0,0.0,0.0,0.0,1.0
1772529009.8667989,2.1,0.0,0.0,0.0,0.0,0.0,0.0,0.0,0.0,1.0,0.0,0.0,0.0,0.0,13.0,13.0,0.0,0.0,0.0,0.0,0.0,0.0,40.6,40.6,0.0,0.0,0.0,0.0,0.0,0.0,31.0,28.3,0.0,0.0,0.0,0.0,20.8,21.0,4.0,4.0,40.0,39.4,0.0,0.0,0.0,0.0,0.0,0.0,0.0,0.0,0.0,0.0,0.0,0.0
1772529010.8668694,0.0,0.0,0.0,0.0,0.0,0.0,0.0,0.0,0.0,0.0,0.0,0.0,0.0,0.0,0.0,0.0,0.0,0.0,0.0,0.0,0.0,0.0,38.0,42.6,0.0,0.0,0.0,0.0,0.0,0.0,20.2,20.8,0.0,0.0,0.0,0.0,20.0,20.0,0.0,0.0,41.6,39.6,0.0,0.0,0.0,0.0,0.0,0.0,0.0,0.0,0.0,0.0,0.0,0.0
1772529011.866954,0.0,0.0,0.0,0.0,0.0,0.0,0.0,0.0,0.0,0.0,0.0,0.0,0.0,0.0,0.0,0.0,0.0,0.0,0.0,0.0,0.0,0.0,42.0,39.6,0.0,0.0,0.0,0.0,0.0,0.0,20.0,21.6,0.0,0.0,0.0,0.0,21.8,20.8,0.0,0.0,39.4,39.4,0.0,0.0,0.0,0.0,0.0,0.0,0.0,1.0,0.0,0.0,0.0,0.0
1772529012.867031,1.0,0.0,0.0,0.0,0.0,0.0,0.0,0.0,0.0,0.0,0.0,0.0,0.0,0.0,0.0,0.0,0.0,0.0,0.0,0.0,0.0,0.0,39.6,41.2,0.0,0.0,0.0,0.0,0.0,0.0,20.8,20.2,0.0,0.0,0.0,0.0,20.8,21.0,0.0,0.0,41.0,39.6,0.0,0.0,0.0,0.0,0.0,1.0,0.0,0.0,0.0,0.0,0.0,0.0
1772529013.8671346,2.1,2.0,1.0,1.0,1.0,1.0,1.0,1.0,0.0,1.0,0.0,2.0,1.0,0.0,0.0,1.0,0.0,0.0,3.0,0.0,0.0,0.0,33.0,29.3,3.0,0.0,2.0,1.0,0.0,3.0,12.1,19.8,0.0,1.0,1.0,3.0,19.0,23.5,1.0,2.0,40.0,40.0,0.0,1.0,1.0,0.0,1.0,0.0,0.0,3.0,3.0,2.0,1.0,2.0
1772529014.867206,0.0,0.0,0.0,0.0,0.0,0.0,0.0,0.0,0.0,0.0,0.0,0.0,0.0,0.0,1.0,0.0,0.0,0.0,0.0,0.0,0.0,0.0,21.8,21.6,0.0,0.0,0.0,0.0,0.0,0.0,0.0,20.0,0.0,0.0,0.0,0.0,18.8,20.8,0.0,0.0,40.0,40.0,0.0,0.0,0.0,0.0,0.0,0.0,0.0,0.0,0.0,0.0,0.0,0.0
1772529015.8672934,0.0,0.0,0.0,0.0,0.0,0.0,0.0,0.0,0.0,0.0,0.0,0.0,0.0,0.0,0.0,0.0,0.0,0.0,0.0,1.0,0.0,0.0,16.8,16.2,0.0,0.0,0.0,0.0,0.0,0.0,2.0,18.0,0.0,0.0,0.0,0.0,0.0,20.2,0.0,0.0,38.4,41.0,1.0,0.0,0.0,0.0,0.0,0.0,0.0,0.0,0.0,1.0,0.0,0.0
1772529016.8673701,0.0,0.0,0.0,0.0,0.0,0.0,0.0,0.0,0.0,0.0,0.0,0.0,0.0,1.0,0.0,0.0,0.0,0.0,0.0,0.0,0.0,0.0,3.0,2.0,0.0,0.0,0.0,0.0,0.0,0.0,5.0,7.9,0.0,0.0,0.0,0.0,1.0,20.8,1.0,0.0,36.4,38.0,0.0,0.0,0.0,0.0,0.0,0.0,0.0,0.0,0.0,0.0,0.0,0.0
1772529017.8674495,0.0,0.0,0.0,0.0,0.0,0.0,0.0,0.0,0.0,0.0,0.0,0.0,0.0,0.0,0.0,0.0,0.0,0.0,0.0,0.0,0.0,0.0,0.0,0.0,0.0,0.0,0.0,0.0,0.0,0.0,0.0,0.0,0.0,0.0,0.0,0.0,0.0,2.0,0.0,0.0,28.4,27.0,0.0,0.0,0.0,0.0,0.0,0.0,0.0,0.0,0.0,0.0,0.0,0.0
1772529018.8675272,0.0,0.0,0.0,0.0,0.0,1.0,0.0,0.0,1.0,0.0,0.0,0.0,0.0,0.0,0.0,1.0,0.0,1.0,0.0,0.0,0.0,1.0,0.0,0.0,0.0,0.0,0.0,0.0,0.0,0.0,2.0,0.0,0.0,0.0,0.0,0.0,1.0,0.0,1.0,0.0,20.2,20.0,0.0,0.0,0.0,0.0,0.0,1.0,0.0,2.0,0.0,1.0,0.0,0.0
1772529019.8676178,2.1,1.0,0.0,1.0,3.0,0.0,2.0,0.0,0.0,2.0,2.0,2.9,1.0,0.0,0.0,1.0,1.0,0.0,1.0,0.0,0.0,0.0,0.0,0.0,3.0,0.0,1.0,1.0,0.0,1.0,0.0,1.0,0.0,2.0,0.0,2.0,0.0,1.0,1.0,2.0,20.8,19.8,0.0,2.0,0.0,0.0,1.0,1.0,17.0,0.0,2.0,1.0,1.0,0.0
1772529020.8677223,5.2,3.0,2.0,2.0,1.0,1.0,3.0,0.0,1.0,3.0,2.0,1.0,3.0,1.0,1.0,3.0,2.0,1.0,2.0,0.0,1.0,0.0,2.0,0.0,2.0,0.0,2.0,2.0,2.0,0.0,1.0,1.0,1.0,2.0,0.0,3.0,1.0,2.0,0.0,2.0,20.2,22.0,0.0,2.0,1.0,0.0,0.0,3.0,1.0,1.0,2.0,4.0,2.0,0.0
1772529021.8678086,2.2,2.0,4.0,2.0,3.0,2.0,2.0,1.0,1.0,3.0,3.0,2.0,3.0,3.0,3.0,2.0,4.0,3.0,6.0,3.0,5.9,0.0,3.0,2.0,3.0,2.0,2.0,4.0,3.0,2.0,1.0,3.0,1.0,3.0,3.0,3.0,2.0,2.0,2.0,4.0,15.8,11.0,3.0,7.1,3.0,2.0,2.0,3.0,2.0,3.0,1.0,2.0,1.0,2.0
