timestamp,CPU_0(group_0),CPU_2(group_1),CPU_4(group_1),CPU_6(group_1),CPU_8(group_1),CPU_10(group_1),CPU_12(group_2),CPU_14(group_3),CPU_16(group_3),CPU_18(group_3),CPU_20(group_3),CPU_22(group_3),CPU_24(group_3),CPU_26(group_4),CPU_28(group_5),CPU_64(group_0),CPU_66(group_1),CPU_68(group_1),CPU_70(group_1),CPU_72(group_1),CPU_74(group_1),CPU_76(group_2),CPU_78(group_3),CPU_80(group_3),CPU_82(group_3),CPU_84(group_3),CPU_86(group_3),CPU_88(group_3),CPU_90(group_4),CPU_92(group_5)
1768747131.4211984,32.7,33.7,33.0,29.2,29.5,30.9,31.6,30.9,30.6,29.9,28.9,30.2,31.6,30.2,72.7,30.6,30.9,31.6,33.0,29.2,30.2,30.9,30.9,38.5,30.9,33.0,31.3,34.0,40.2,68.7
1768747132.4238038,49.0,44.8,43.7,44.9,50.0,45.8,44.3,44.9,44.8,43.9,44.8,44.8,45.4,52.6,97.0,47.4,46.4,42.7,45.4,50.0,44.8,56.1,60.6,46.9,45.8,46.4,56.1,45.4,50.0,97.0
1768747133.4272223,48.0,42.7,46.9,45.8,45.8,47.9,46.4,43.7,49.0,45.7,43.7,43.3,42.3,48.5,100.0,45.9,42.7,44.8,50.0,48.4,44.3,42.7,45.4,48.0,49.0,49.0,51.0,44.9,45.9,100.0
1768747134.4338427,18.4,19.0,25.3,23.7,29.3,45.9,30.0,33.7,11.3,23.5,21.9,21.8,13.0,17.3,100.0,16.5,19.6,20.2,27.0,14.3,16.2,12.2,11.3,24.7,15.2,24.5,17.3,13.4,31.0,100.0
1768747135.4383018,4.3,5.1,3.0,5.1,19.8,4.1,3.0,6.1,1.0,8.2,9.1,9.1,9.3,10.0,100.0,2.0,2.0,1.0,10.0,2.0,4.0,6.1,7.1,17.3,4.2,10.2,5.1,2.0,6.1,100.0
1768747136.4408455,2.2,3.1,2.0,0.0,22.2,4.0,2.1,2.0,1.0,12.0,14.0,1.0,10.2,13.3,100.0,0.0,1.0,1.0,0.0,0.0,3.1,6.1,5.0,3.0,9.2,10.1,8.2,0.0,15.0,100.0
1768747137.4445546,6.2,3.0,3.0,2.0,2.0,1.0,3.0,5.1,3.0,2.0,1.0,5.1,3.0,1.0,100.0,2.0,1.0,0.0,0.0,2.0,0.0,1.0,3.0,0.0,2.0,1.0,3.0,2.0,15.7,100.0
1768747138.447483,16.5,3.0,4.0,0.0,0.0,0.0,2.0,5.1,2.0,0.0,1.0,3.0,1.0,0.0,100.0,1.0,0.0,0.0,1.0,0.0,2.1,0.0,2.0,0.0,1.0,0.0,4.0,1.0,14.0,100.0
1768747139.4511268,21.5,2.1,11.1,13.1,1.0,1.0,2.0,15.5,3.0,1.0,2.0,1.0,1.0,0.0,100.0,0.0,0.0,0.0,0.0,0.0,2.0,1.0,4.0,0.0,2.0,2.0,2.0,12.0,0.0,100.0
1768747140.4567924,20.2,4.0,4.0,6.0,0.0,0.0,1.0,8.0,2.0,3.0,1.0,3.0,2.0,6.0,100.0,0.0,2.0,2.9,1.0,1.0,1.0,2.0,2.0,2.0,0.0,1.0,1.0,2.0,1.0,100.0
1768747141.4616973,9.7,5.1,7.1,3.0,2.0,4.0,3.0,9.1,1.0,1.0,4.0,4.0,2.0,16.2,100.0,2.0,3.0,1.0,1.0,1.0,4.0,3.0,5.0,2.0,2.0,3.0,3.0,2.0,11.1,100.0
1768747142.4663982,8.3,2.0,1.0,1.0,3.0,5.1,5.0,5.9,2.0,3.0,3.0,1.0,2.0,2.0,100.0,1.0,6.0,1.0,2.0,1.0,13.9,3.0,6.9,2.0,1.0,6.1,2.0,2.0,3.0,100.0
1768747143.47027,10.9,1.0,0.0,0.0,0.0,0.0,21.4,1.0,2.1,10.3,1.0,2.0,2.0,0.0,100.0,1.0,11.2,0.0,0.0,0.0,0.0,1.0,2.0,0.0,1.0,9.2,1.0,2.0,2.0,100.0
1768747144.4724133,4.3,2.0,1.0,2.0,0.0,2.0,14.3,1.0,2.0,28.6,5.0,1.0,1.0,0.0,100.0,0.0,15.3,0.0,0.0,0.0,0.0,0.0,2.0,1.0,0.0,0.0,0.0,1.0,2.0,100.0
1768747145.4757154,9.2,5.1,1.0,0.0,1.0,2.0,32.3,2.0,3.0,3.0,1.0,24.7,0.0,0.0,100.0,0.0,8.2,0.0,0.0,1.0,0.0,1.0,3.0,0.0,0.0,0.0,0.0,0.0,4.0,100.0
1768747146.4802501,9.2,11.2,5.1,2.0,5.1,2.0,7.9,3.0,1.0,4.0,4.0,4.0,1.0,3.0,100.0,2.0,3.0,0.0,1.0,1.0,0.0,1.0,1.0,1.0,10.2,1.0,5.0,1.0,1.0,100.0
1768747147.4822304,12.7,1.0,4.0,1.0,14.4,1.0,0.0,1.0,0.0,3.0,2.0,7.1,2.0,1.0,100.0,1.0,0.0,0.0,0.0,0.0,0.0,0.0,1.0,0.0,3.0,2.0,13.3,1.0,4.0,100.0
1768747148.4853435,7.4,2.0,1.0,0.0,8.1,0.0,2.0,1.0,1.0,5.1,14.7,12.1,0.0,3.0,100.0,2.0,1.0,1.0,1.0,0.0,0.0,3.0,1.0,0.0,3.0,1.0,3.0,3.0,2.0,100.0
1768747149.4894383,11.7,3.0,4.0,1.0,4.0,1.0,0.0,0.0,0.0,14.1,1.0,3.0,0.0,4.0,100.0,1.0,1.0,2.0,0.0,0.0,0.0,0.0,4.0,0.0,0.0,0.0,0.0,2.0,0.0,100.0
1768747150.494402,10.9,0.0,14.3,0.0,0.0,0.0,0.0,2.0,0.0,11.2,1.0,8.1,0.0,2.0,100.0,1.0,3.0,0.0,0.0,0.0,0.0,1.0,0.0,0.0,0.0,1.0,0.0,1.0,0.0,100.0
1768747151.4962983,11.8,7.0,6.0,1.0,0.0,0.0,0.0,0.0,1.0,0.0,2.0,7.2,0.0,2.0,100.0,1.0,2.0,2.0,1.0,1.0,1.0,2.0,0.0,0.0,0.0,0.0,0.0,0.0,3.0,100.0
1768747152.500748,9.1,0.0,10.2,0.0,2.0,0.0,1.0,2.0,0.0,1.0,1.0,21.4,1.0,2.0,100.0,1.0,7.1,1.0,0.0,0.0,1.0,1.0,1.0,2.0,0.0,1.0,0.0,0.0,3.0,100.0
1768747153.5052385,13.3,2.0,14.0,0.0,0.0,0.0,1.0,0.0,0.0,0.0,0.0,12.1,1.0,0.0,100.0,0.0,1.0,2.0,0.0,1.0,0.0,2.0,0.0,0.0,0.0,1.0,0.0,1.0,1.0,100.0
1768747154.5087938,10.8,5.1,0.0,0.0,0.0,2.0,0.0,0.0,1.0,0.0,0.0,10.1,2.0,2.0,100.0,0.0,1.0,0.0,1.0,0.0,0.0,0.0,0.0,0.0,0.0,1.0,0.0,0.0,0.0,100.0
1768747155.5129132,13.3,17.5,1.0,0.0,0.0,0.0,0.0,0.0,0.0,0.0,0.0,11.0,2.0,0.0,100.0,2.0,1.0,1.0,0.0,0.0,0.0,0.0,0.0,0.0,1.0,0.0,0.0,0.0,2.0,100.0
1768747156.5169063,13.3,7.0,3.0,2.0,2.0,0.0,0.0,0.0,0.0,0.0,0.0,1.0,2.0,2.0,100.0,2.0,3.0,4.0,2.0,2.0,3.0,1.0,0.0,1.0,0.0,0.0,0.0,1.0,0.0,100.0
1768747157.5233972,13.3,1.0,1.0,5.0,0.0,0.0,0.0,0.0,2.0,0.0,0.0,0.0,0.0,3.1,100.0,0.0,0.0,0.0,10.2,2.0,9.2,9.1,6.9,0.0,0.0,0.0,0.0,3.1,0.0,100.0
1768747158.527971,16.5,0.0,3.0,1.0,7.1,6.1,0.0,0.0,0.0,0.0,0.0,0.0,0.0,3.0,100.0,1.0,0.0,0.0,2.0,13.3,2.0,2.0,5.1,1.0,0.0,0.0,0.0,0.0,2.0,100.0
1768747159.5323758,11.8,0.0,1.0,2.0,16.2,10.2,0.0,0.0,1.0,2.0,1.0,1.0,0.0,3.0,100.0,0.0,4.9,2.0,0.0,5.1,1.0,1.0,9.1,2.0,3.0,2.0,1.0,5.1,1.0,100.0
1768747160.5353818,12.7,2.0,3.0,4.0,3.0,1.0,2.9,2.0,3.0,2.0,2.0,2.0,1.0,3.1,100.0,4.0,2.0,3.1,1.0,1.0,2.0,2.0,5.1,3.0,9.2,2.0,1.0,9.1,6.1,100.0
1768747161.5397656,16.5,9.1,9.1,10.1,10.0,11.0,9.3,11.2,10.2,9.2,13.0,11.1,18.2,10.1,100.0,10.1,13.1,13.7,11.9,15.0,10.1,13.1,11.0,10.1,18.0,9.2,10.1,11.0,11.1,100.0
1768747162.5451062,12.6,9.0,7.1,13.0,17.0,10.1,15.8,10.1,11.0,10.0,9.0,9.0,9.1,11.0,100.0,8.1,9.0,8.1,7.1,9.1,11.1,17.2,10.3,11.1,10.0,11.1,10.0,7.1,14.1,100.0
1768747163.548134,4.2,3.1,1.0,6.1,1.0,0.0,12.2,1.0,2.0,1.0,1.0,1.0,3.0,0.0,100.0,2.0,2.0,1.0,3.0,5.0,1.0,2.0,6.1,1.0,1.0,1.0,2.0,1.0,4.0,100.0
1768747164.5524359,9.1,1.0,1.0,0.0,2.0,0.0,5.0,0.0,0.0,0.0,0.0,0.0,1.0,0.0,100.0,0.0,0.0,0.0,0.0,3.0,0.0,0.0,1.0,0.0,2.0,1.0,3.1,0.0,0.0,100.0
1768747165.5556917,12.6,1.0,0.0,2.0,2.0,1.0,0.0,0.0,0.0,0.0,1.0,0.0,2.0,0.0,100.0,0.0,3.0,1.0,0.0,2.0,0.0,0.0,2.0,0.0,2.0,1.0,0.0,0.0,0.0,100.0
1768747166.5600295,12.6,2.0,0.0,0.0,1.0,0.0,1.0,2.0,1.0,0.0,1.0,0.0,0.0,2.0,100.0,0.0,1.0,1.0,0.0,2.0,0.0,0.0,1.0,0.0,2.0,1.0,0.0,0.0,0.0,100.0
1768747167.5642934,10.8,2.0,0.0,0.0,0.0,1.0,0.0,0.0,1.0,0.0,0.0,0.0,1.0,0.0,100.0,1.0,0.0,2.0,0.0,2.0,1.0,1.0,1.0,0.0,0.0,1.0,0.0,0.0,0.0,100.0
1768747168.5684752,13.3,1.0,0.0,0.0,1.0,0.0,0.0,0.0,0.0,0.0,0.0,0.0,0.0,1.0,100.0,1.0,3.0,0.0,0.0,2.0,0.0,1.0,1.0,1.0,0.0,0.0,0.0,0.0,0.0,100.0
1768747169.5761564,11.7,4.0,0.0,0.0,1.0,0.0,0.0,0.0,0.0,0.0,0.0,0.0,1.0,1.0,100.0,0.0,0.0,3.0,1.0,1.0,0.0,1.0,0.0,0.0,1.0,0.0,3.0,0.0,0.0,100.0
1768747170.5793648,13.3,0.0,0.0,0.0,0.0,0.0,0.0,0.0,0.0,0.0,0.0,0.0,1.0,0.0,100.0,0.0,2.0,1.0,0.0,3.0,0.0,1.0,1.0,0.0,0.0,1.0,1.0,0.0,0.0,100.0
1768747171.5848773,11.8,2.0,0.0,4.0,0.0,2.0,0.0,0.0,2.0,0.0,0.0,0.0,2.0,0.0,100.0,0.0,1.0,2.0,0.0,0.0,0.0,1.0,2.0,1.0,1.0,0.0,4.0,0.0,0.0,100.0
1768747172.589049,11.7,1.0,0.0,0.0,1.0,4.0,0.0,0.0,0.0,0.0,0.0,0.0,0.0,1.0,100.0,1.0,2.0,1.0,0.0,3.0,1.0,0.0,1.0,1.0,0.0,0.0,3.0,0.0,0.0,100.0
1768747173.5929468,11.7,2.0,0.0,0.0,0.0,2.0,2.0,0.0,1.0,0.0,0.0,0.0,0.0,1.0,100.0,0.0,1.0,2.0,0.0,2.0,0.0,1.0,2.0,0.0,1.0,0.0,1.0,0.0,0.0,100.0
1768747174.594824,12.6,1.0,0.0,1.0,4.0,1.0,0.0,1.0,0.0,0.0,1.0,0.0,0.0,0.0,100.0,1.0,0.0,1.0,0.0,2.0,1.0,1.0,1.0,0.0,1.0,0.0,0.0,0.0,0.0,100.0
1768747175.7281194,14.7,1.0,1.0,1.0,0.0,1.0,0.0,0.0,1.0,0.0,0.0,0.0,0.0,0.0,100.0,0.0,2.0,0.0,0.0,0.0,1.0,0.0,2.0,0.0,1.0,0.0,0.0,0.0,0.0,100.0
1768747176.8467891,9.9,2.0,1.0,1.0,1.0,2.0,1.0,0.0,1.0,0.0,0.0,0.0,0.0,0.0,100.0,0.0,0.0,0.0,2.0,1.0,0.0,1.0,2.0,1.0,0.0,0.0,0.0,0.0,0.0,100.0
1768747178.0265007,15.6,1.0,2.0,0.0,0.0,0.0,1.0,0.0,0.0,0.0,1.0,0.0,1.0,0.0,100.0,1.0,0.0,3.0,1.0,2.0,0.0,0.0,1.0,1.0,0.0,0.0,1.0,0.0,0.0,100.0
1768747179.1504881,14.2,0.0,1.0,1.0,0.0,0.0,0.0,0.0,0.0,0.0,0.0,0.0,3.0,0.0,100.0,2.0,2.0,1.0,1.0,2.0,0.0,0.0,2.0,1.0,0.0,0.0,0.0,0.0,0.0,100.0
1768747180.4399595,13.5,2.0,1.0,2.0,2.0,0.0,0.0,2.0,0.0,0.0,0.0,0.0,0.0,0.0,100.0,0.0,0.0,2.0,1.0,0.0,0.0,2.0,0.0,2.0,0.0,0.0,0.0,0.0,0.0,100.0
1768747181.4416435,12.6,1.0,0.0,6.0,1.0,0.0,1.0,1.0,0.0,0.0,1.0,0.0,2.0,4.0,100.0,1.0,0.0,2.0,1.0,0.0,0.0,1.0,1.0,1.0,0.0,1.0,1.0,0.0,1.0,100.0
1768747182.4448078,10.9,0.0,0.0,2.0,0.0,0.0,0.0,0.0,0.0,0.0,0.0,0.0,0.0,1.0,100.0,1.0,0.0,0.0,1.0,0.0,0.0,0.0,2.0,3.0,0.0,0.0,1.0,0.0,0.0,100.0
1768747183.448271,14.2,1.0,0.0,4.0,2.0,0.0,0.0,0.0,1.0,0.0,0.0,1.0,0.0,5.0,100.0,0.0,4.1,0.0,1.0,0.0,0.0,0.0,0.0,0.0,0.0,0.0,0.0,0.0,0.0,100.0
1768747184.4524758,14.2,0.0,0.0,0.0,2.0,2.0,0.0,0.0,0.0,0.0,0.0,0.0,1.0,13.1,100.0,0.0,13.3,2.0,0.0,1.0,0.0,0.0,1.0,0.0,1.0,0.0,0.0,0.0,0.0,100.0
1768747185.4566424,15.7,0.0,1.0,4.0,1.0,0.0,1.0,0.0,0.0,0.0,0.0,0.0,2.0,13.3,100.0,2.0,12.2,2.0,1.0,0.0,3.0,0.0,2.0,1.0,0.0,0.0,0.0,0.0,0.0,100.0
1768747186.4604692,13.3,0.0,1.0,0.0,2.0,0.0,0.0,2.0,2.0,0.0,0.0,0.0,1.0,15.0,100.0,1.0,3.0,1.0,0.0,0.0,1.0,0.0,1.0,1.0,0.0,0.0,0.0,0.0,0.0,100.0
1768747187.4642239,11.0,0.0,2.0,1.0,0.0,0.0,1.0,0.0,2.0,1.0,0.0,0.0,0.0,14.0,100.0,1.0,3.0,0.0,0.0,0.0,0.0,0.0,1.0,0.0,0.0,0.0,0.0,0.0,0.0,100.0
1768747188.4689944,12.6,0.0,1.0,0.0,1.0,0.0,0.0,1.0,0.0,0.0,0.0,0.0,0.0,4.0,100.0,0.0,7.0,2.0,0.0,0.0,1.0,0.0,4.0,2.9,0.0,0.0,0.0,0.0,0.0,100.0
1768747189.4729471,11.7,1.0,1.0,0.0,2.0,0.0,0.0,0.0,0.0,0.0,0.0,0.0,1.0,12.1,100.0,2.0,11.2,0.0,0.0,1.0,0.0,0.0,0.0,0.0,0.0,0.0,0.0,0.0,0.0,100.0
1768747190.4771361,10.9,2.0,2.0,0.0,2.0,5.1,0.0,0.0,5.0,0.0,0.0,0.0,1.0,15.2,100.0,1.0,8.2,0.0,2.0,0.0,1.0,0.0,1.0,0.0,0.0,0.0,0.0,0.0,0.0,100.0
1768747191.4808745,10.3,0.0,1.0,0.0,1.0,3.0,1.0,1.0,0.0,2.0,2.9,1.0,2.0,0.0,100.0,9.1,6.1,2.0,5.1,0.0,2.0,3.0,0.0,0.0,0.0,0.0,0.0,0.0,0.0,100.0
1768747192.482734,15.5,1.0,0.0,1.0,1.0,6.1,0.0,2.0,2.0,2.9,1.0,0.0,0.0,1.0,100.0,12.2,1.0,1.0,1.0,1.0,4.1,2.0,3.0,3.0,0.0,1.0,0.0,1.0,1.0,100.0
1768747193.487181,13.2,0.0,2.0,2.0,0.0,0.0,1.0,2.0,1.0,0.0,0.0,0.0,0.0,0.0,100.0,6.1,9.1,1.0,3.0,1.0,1.0,1.0,0.0,0.0,1.0,1.0,0.0,0.0,0.0,100.0
1768747194.4926376,12.3,0.0,0.0,1.0,0.0,1.0,1.0,0.0,0.0,1.0,0.0,0.0,1.0,2.0,100.0,7.1,2.0,2.0,2.0,1.0,2.0,0.0,0.0,2.0,0.0,1.0,0.0,0.0,0.0,100.0
1768747195.4953954,9.8,0.0,0.0,2.0,0.0,0.0,0.0,2.0,0.0,3.0,0.0,2.0,2.0,8.0,100.0,8.0,6.9,0.0,6.1,0.0,0.0,0.0,1.0,1.0,0.0,0.0,0.0,0.0,0.0,100.0
1768747196.4990063,10.0,0.0,0.0,0.0,0.0,1.0,1.0,0.0,0.0,1.0,0.0,0.0,0.0,10.2,100.0,0.0,11.1,2.0,0.0,0.0,1.0,1.0,0.0,2.0,0.0,1.0,0.0,0.0,0.0,100.0
1768747197.502953,14.8,1.0,1.0,0.0,3.0,0.0,0.0,0.0,0.0,1.0,1.0,0.0,0.0,2.0,100.0,2.0,2.0,0.0,0.0,2.0,1.0,0.0,0.0,0.0,0.0,0.0,0.0,0.0,0.0,100.0
1768747198.5060928,14.8,0.0,0.0,0.0,0.0,0.0,0.0,0.0,0.0,3.1,0.0,0.0,2.0,6.0,100.0,0.0,6.0,0.0,0.0,0.0,0.0,0.0,0.0,2.0,1.0,0.0,0.0,0.0,0.0,100.0
1768747199.510796,15.0,0.0,1.0,2.0,1.0,2.0,2.0,2.0,0.0,0.0,0.0,0.0,0.0,5.1,100.0,5.0,10.1,1.0,0.0,1.0,0.0,3.0,0.0,0.0,0.0,0.0,0.0,0.0,0.0,100.0
1768747200.5218174,11.5,0.0,2.0,2.0,3.0,2.0,7.0,2.0,0.0,1.0,0.0,0.0,0.0,5.0,100.0,14.3,0.0,0.0,9.3,3.0,2.0,3.0,1.0,2.0,0.0,1.0,1.0,0.0,0.0,100.0
1768747201.5259385,14.8,0.0,0.0,0.0,2.0,0.0,1.0,1.0,1.0,0.0,0.0,1.0,2.0,8.2,100.0,11.0,3.0,2.0,0.0,0.0,1.0,3.0,0.0,1.0,1.0,0.0,0.0,0.0,0.0,100.0
1768747202.5294113,17.1,0.0,0.0,4.0,0.0,0.0,4.0,0.0,0.0,2.0,0.0,0.0,0.0,3.1,100.0,1.0,0.0,3.1,1.0,3.0,0.0,2.0,2.0,1.0,0.0,1.0,0.0,0.0,0.0,100.0
1768747203.5341046,13.3,0.0,0.0,1.0,0.0,0.0,1.0,0.0,0.0,0.0,1.0,0.0,0.0,3.0,100.0,0.0,1.0,5.2,0.0,0.0,0.0,0.0,0.0,0.0,0.0,0.0,0.0,0.0,0.0,100.0
1768747204.5385697,14.8,0.0,2.9,11.1,0.0,0.0,1.0,1.0,0.0,3.0,0.0,0.0,0.0,0.0,100.0,0.0,0.0,10.0,0.0,0.0,0.0,3.0,0.0,0.0,0.0,0.0,1.0,0.0,0.0,100.0
1768747205.5417552,12.6,1.0,0.0,16.3,3.0,2.0,2.0,1.0,0.0,3.0,0.0,0.0,0.0,1.0,100.0,0.0,1.0,15.3,2.0,1.0,1.0,2.0,0.0,1.0,2.0,2.0,0.0,0.0,0.0,100.0
1768747206.549219,12.5,0.0,2.0,9.1,0.0,0.0,0.0,1.0,0.0,1.0,0.0,0.0,0.0,0.0,100.0,0.0,1.0,6.1,0.0,0.0,1.0,0.0,0.0,0.0,0.0,0.0,1.0,0.0,0.0,100.0
1768747207.5536778,12.4,1.0,0.0,15.2,2.0,1.0,1.0,0.0,0.0,2.0,0.0,0.0,0.0,0.0,100.0,0.0,6.0,2.0,2.0,1.0,1.0,0.0,0.0,0.0,1.0,0.0,1.0,0.0,0.0,100.0
1768747208.5580401,12.6,0.0,0.0,9.3,6.1,0.0,0.0,0.0,2.0,1.0,0.0,0.0,0.0,0.0,100.0,0.0,5.0,2.0,1.0,0.0,1.0,2.0,0.0,1.0,0.0,0.0,0.0,0.0,0.0,100.0
1768747209.5624616,14.2,0.0,0.0,10.1,4.0,2.0,3.0,0.0,0.0,3.0,0.0,1.0,1.0,3.0,100.0,0.0,0.0,1.0,1.0,4.0,1.0,0.0,0.0,0.0,1.0,0.0,0.0,0.0,0.0,100.0
1768747210.5662336,15.9,0.0,0.0,0.0,7.1,0.0,2.0,2.0,1.0,2.0,2.0,2.0,0.0,15.2,100.0,0.0,1.0,1.0,0.0,2.0,0.0,3.1,1.0,0.0,0.0,1.0,0.0,0.0,0.0,100.0
1768747211.5703757,10.8,0.0,0.0,4.0,6.0,1.0,1.0,0.0,0.0,1.0,1.0,0.0,0.0,5.1,100.0,0.0,3.0,1.0,0.0,1.0,0.0,1.0,0.0,2.9,0.0,0.0,0.0,1.0,0.0,100.0
1768747212.5783253,15.0,0.0,0.0,0.0,10.2,0.0,2.0,1.0,1.0,0.0,1.0,1.0,0.0,2.0,100.0,0.0,6.1,0.0,1.0,1.0,0.0,1.0,0.0,0.0,1.0,0.0,0.0,6.1,0.0,100.0
1768747213.5811772,16.4,0.0,0.0,1.0,14.3,0.0,3.0,2.0,0.0,0.0,3.0,0.0,0.0,0.0,100.0,0.0,12.1,1.0,2.0,0.0,1.0,1.0,0.0,0.0,1.0,0.0,0.0,4.0,0.0,100.0
1768747214.5851214,10.0,1.0,0.0,0.0,16.2,1.0,3.0,0.0,1.0,0.0,1.0,0.0,0.0,2.0,100.0,0.0,1.0,16.3,1.0,2.0,1.0,0.0,0.0,1.0,1.0,2.0,0.0,0.0,0.0,100.0
1768747215.5895593,10.9,1.0,0.0,0.0,9.1,2.0,3.0,1.0,1.0,1.0,0.0,0.0,0.0,1.0,100.0,0.0,0.0,4.1,0.0,1.0,1.0,3.0,0.0,0.0,1.0,0.0,0.0,1.0,0.0,100.0
1768747216.5942266,12.4,0.0,0.0,0.0,16.2,2.0,6.1,0.0,0.0,0.0,0.0,0.0,0.0,1.0,100.0,0.0,0.0,8.2,1.0,1.0,1.0,2.0,0.0,0.0,1.0,0.0,0.0,1.0,0.0,100.0
1768747217.5974295,12.5,0.0,0.0,0.0,10.1,2.0,0.0,0.0,2.0,0.0,0.0,0.0,0.0,2.0,100.0,0.0,0.0,7.0,0.0,0.0,0.0,2.0,0.0,1.0,2.0,0.0,1.0,0.0,0.0,100.0
1768747218.6012993,15.9,0.0,0.0,2.0,9.2,0.0,7.1,0.0,0.0,0.0,0.0,2.0,0.0,1.0,100.0,0.0,10.1,6.0,1.0,1.0,0.0,1.0,1.0,0.0,0.0,0.0,1.0,0.0,0.0,100.0
1768747219.6048923,10.9,0.0,0.0,1.0,5.1,0.0,8.9,2.0,1.0,1.0,2.0,2.0,0.0,1.0,100.0,0.0,4.0,6.1,1.0,1.0,0.0,3.0,0.0,1.0,2.0,0.0,0.0,2.0,0.0,100.0
1768747220.6065903,14.3,0.0,0.0,12.1,2.0,1.0,0.0,0.0,1.0,1.0,2.0,2.0,1.0,0.0,100.0,0.0,1.0,5.1,1.0,1.0,1.0,1.0,0.0,1.0,1.0,0.0,0.0,2.0,1.0,100.0
1768747221.6107652,11.8,0.0,0.0,9.1,0.0,0.0,0.0,1.0,4.1,1.0,0.0,0.0,1.0,1.0,100.0,1.0,1.0,0.0,3.0,1.0,1.0,1.0,7.1,0.0,1.0,0.0,1.0,4.0,1.0,100.0
1768747222.6140087,11.8,1.0,1.0,8.2,0.0,0.0,0.0,1.0,3.0,0.0,0.0,0.0,0.0,0.0,100.0,1.0,1.0,0.0,0.0,2.0,1.0,1.0,1.0,1.0,1.0,2.0,0.0,8.2,3.0,100.0
1768747223.6177313,8.2,0.0,0.0,20.2,0.0,0.0,6.0,0.0,3.0,1.0,1.0,0.0,0.0,1.0,100.0,1.0,5.1,0.0,2.0,6.1,2.0,2.0,0.0,0.0,1.0,1.0,0.0,7.1,8.0,100.0
1768747224.6208935,14.2,0.0,0.0,18.2,0.0,0.0,2.0,2.0,1.0,0.0,0.0,0.0,0.0,1.0,100.0,1.0,0.0,0.0,0.0,0.0,0.0,0.0,15.0,1.0,0.0,0.0,1.0,0.0,4.1,100.0
1768747225.6250637,11.7,0.0,0.0,13.1,1.0,0.0,0.0,1.0,2.0,0.0,0.0,1.0,1.0,2.0,100.0,0.0,0.0,0.0,2.0,2.0,0.0,0.0,9.2,0.0,0.0,0.0,1.0,0.0,5.0,100.0
1768747226.6272323,11.8,0.0,0.0,0.0,4.0,0.0,0.0,1.0,1.0,0.0,0.0,1.0,0.0,3.0,100.0,0.0,4.0,0.0,5.0,0.0,2.0,1.0,2.0,0.0,2.0,5.0,0.0,4.0,4.0,100.0
1768747227.6302817,10.0,1.0,2.0,0.0,4.0,0.0,0.0,0.0,3.0,1.0,1.0,0.0,0.0,0.0,100.0,0.0,4.0,0.0,1.0,0.0,2.0,1.0,4.1,0.0,1.0,0.0,0.0,4.1,10.1,100.0
1768747228.6341357,13.3,0.0,0.0,5.0,0.0,0.0,0.0,0.0,3.0,1.0,0.0,1.0,0.0,2.0,100.0,0.0,5.0,0.0,0.0,0.0,0.0,1.0,7.1,0.0,3.0,0.0,0.0,0.0,6.1,100.0
1768747229.6383214,11.7,1.0,0.0,3.0,1.0,0.0,1.0,2.0,1.0,0.0,0.0,0.0,0.0,0.0,100.0,0.0,1.0,2.0,1.0,0.0,0.0,0.0,4.1,0.0,1.0,0.0,0.0,0.0,3.0,100.0
1768747230.6422968,8.1,2.0,0.0,0.0,2.0,0.0,0.0,0.0,0.0,0.0,1.0,0.0,1.0,0.0,100.0,0.0,1.0,0.0,0.0,1.0,1.0,0.0,7.0,0.0,0.0,0.0,0.0,0.0,8.2,100.0
1768747231.645482,11.0,0.0,1.0,11.1,9.1,0.0,0.0,1.0,1.0,0.0,2.0,0.0,0.0,0.0,100.0,0.0,0.0,2.0,0.0,2.0,5.1,1.0,20.2,1.0,2.0,8.1,2.0,0.0,14.1,100.0
1768747232.6505203,13.3,0.0,0.0,7.1,0.0,2.0,10.1,1.0,1.0,0.0,1.0,0.0,0.0,1.0,100.0,0.0,1.0,0.0,2.0,6.1,1.0,2.0,11.2,0.0,0.0,1.0,0.0,1.0,4.0,100.0
1768747233.6547284,15.0,1.0,0.0,0.0,0.0,2.0,1.0,0.0,0.0,0.0,0.0,1.0,0.0,0.0,100.0,0.0,0.0,0.0,0.0,1.0,0.0,1.0,3.0,1.0,1.0,0.0,0.0,3.0,6.0,100.0
1768747234.6566794,9.4,1.0,1.0,1.0,0.0,2.0,1.0,0.0,0.0,0.0,1.0,1.0,0.0,0.0,100.0,0.0,1.0,0.0,0.0,2.0,0.0,0.0,7.2,1.0,3.0,0.0,0.0,0.0,6.1,100.0
1768747235.659343,15.5,0.0,0.0,26.3,0.0,1.0,8.0,3.0,1.0,0.0,2.0,0.0,0.0,0.0,100.0,0.0,0.0,2.0,1.0,4.0,1.0,3.0,17.2,0.0,1.0,1.0,0.0,1.0,13.1,100.0
1768747236.663892,17.3,1.0,0.0,10.0,1.0,1.0,0.0,1.0,3.0,0.0,0.0,0.0,0.0,0.0,100.0,0.0,0.0,2.0,1.0,1.0,3.0,0.0,1.0,1.0,2.0,1.0,0.0,4.1,8.0,100.0
1768747237.669908,17.5,1.0,0.0,5.1,1.0,1.0,1.0,3.0,2.0,0.0,1.0,1.0,0.0,0.0,100.0,0.0,3.0,0.0,0.0,2.0,1.0,0.0,11.1,0.0,0.0,0.0,0.0,0.0,9.2,100.0
1768747238.6719408,15.2,2.0,0.0,15.3,1.0,2.0,2.0,1.0,0.0,0.0,4.0,0.0,0.0,0.0,100.0,1.0,2.0,28.3,0.0,4.1,12.0,0.0,9.2,1.0,0.0,1.0,1.0,1.0,8.1,100.0
1768747239.6737037,14.9,0.0,0.0,12.4,9.3,1.0,2.0,3.0,0.0,0.0,0.0,1.0,0.0,0.0,100.0,1.0,1.0,1.0,1.0,3.1,3.0,1.0,10.1,2.0,3.0,0.0,0.0,1.0,11.2,100.0
1768747240.6771297,16.2,1.0,1.0,4.0,1.0,3.0,0.0,3.0,0.0,0.0,0.0,0.0,0.0,0.0,100.0,0.0,0.0,0.0,0.0,1.0,5.0,0.0,5.1,1.0,0.0,0.0,0.0,5.1,4.0,100.0
1768747241.6820307,12.5,0.0,0.0,6.1,2.0,1.0,1.0,1.0,0.0,0.0,0.0,0.0,0.0,0.0,100.0,0.0,0.0,1.0,1.0,0.0,3.0,0.0,6.1,0.0,0.0,0.0,0.0,7.1,2.0,100.0
1768747242.6863508,11.7,0.0,0.0,5.0,0.0,0.0,0.0,2.0,0.0,0.0,0.0,1.0,0.0,0.0,100.0,0.0,0.0,0.0,1.0,2.0,0.0,1.0,7.1,0.0,2.0,0.0,0.0,9.2,5.1,100.0
1768747243.9609199,11.8,0.0,0.0,10.0,0.0,0.0,6.1,5.1,2.0,2.0,2.0,2.0,2.0,0.0,100.0,2.0,1.0,8.0,1.0,0.0,0.0,1.0,13.3,6.0,2.0,3.0,0.0,8.1,6.0,100.0
1768747244.965205,15.7,1.0,1.0,0.0,1.0,2.0,5.0,6.9,0.0,1.0,0.0,0.0,0.0,2.0,100.0,0.0,1.0,1.0,2.0,3.0,6.1,0.0,18.6,2.0,0.0,1.0,0.0,2.0,0.0,100.0
1768747245.9683633,9.0,0.0,0.0,0.0,0.0,1.0,0.0,0.0,0.0,0.0,0.0,1.0,0.0,2.0,100.0,0.0,1.0,0.0,0.0,0.0,5.0,1.0,0.0,0.0,0.0,2.0,4.0,3.0,1.0,100.0
1768747246.9706178,10.8,0.0,0.0,0.0,0.0,1.0,0.0,5.1,2.0,0.0,1.0,1.0,1.0,1.0,100.0,0.0,1.0,0.0,7.0,5.0,11.2,2.0,0.0,2.0,7.1,1.0,1.0,1.0,7.1,100.0
1768747247.9744117,9.0,0.0,0.0,0.0,0.0,0.0,0.0,2.0,1.0,0.0,0.0,0.0,1.0,0.0,100.0,0.0,0.0,0.0,3.0,1.0,12.2,0.0,2.0,2.0,3.0,2.0,7.1,1.0,8.1,100.0
1768747249.1152852,17.7,0.0,0.0,0.0,0.0,1.0,0.0,2.0,1.0,0.0,0.0,1.0,0.0,0.0,100.0,1.0,0.0,0.0,0.0,3.0,2.9,0.0,1.0,0.0,3.0,0.0,3.0,0.0,0.0,100.0
1768747250.3315225,12.0,1.0,0.0,2.0,0.0,0.0,3.0,1.0,0.0,0.0,7.1,0.0,0.0,0.0,100.0,1.0,0.0,0.0,0.0,0.0,4.0,0.0,5.0,1.0,1.0,0.0,1.0,0.0,0.0,100.0
1768747251.3355799,5.3,0.0,0.0,2.0,1.0,2.0,0.0,0.0,2.0,0.0,8.2,0.0,0.0,2.0,100.0,2.0,2.0,0.0,0.0,5.0,0.0,9.1,3.0,3.1,8.1,0.0,7.1,2.0,8.1,100.0
1768747252.6761737,10.8,0.0,0.0,2.0,0.0,0.0,1.0,0.0,1.0,0.0,2.0,1.0,2.0,1.0,100.0,0.0,1.0,0.0,0.0,1.0,0.0,2.0,1.0,0.0,2.0,0.0,4.0,1.0,4.0,100.0
1768747253.6804535,9.1,1.0,1.0,7.1,0.0,1.0,0.0,5.0,1.0,0.0,0.0,1.0,1.0,1.0,100.0,2.0,1.0,0.0,2.0,1.0,1.0,2.0,0.0,0.0,0.0,2.0,6.1,0.0,3.0,100.0
1768747254.6843245,8.2,0.0,0.0,2.0,0.0,7.1,3.0,3.0,0.0,0.0,8.2,0.0,1.0,2.0,100.0,0.0,1.0,0.0,1.0,5.0,8.1,0.0,0.0,4.0,1.0,0.0,4.1,5.1,16.3,100.0
1768747255.6870308,10.0,1.0,0.0,0.0,0.0,3.0,1.0,0.0,0.0,0.0,4.0,1.0,0.0,0.0,100.0,0.0,1.0,0.0,0.0,7.1,0.0,2.0,0.0,1.0,0.0,0.0,0.0,0.0,5.1,100.0
1768747256.6903815,12.5,0.0,1.0,15.3,1.0,4.0,1.0,0.0,0.0,0.0,0.0,1.0,0.0,2.0,100.0,1.0,0.0,0.0,0.0,9.1,0.0,2.0,0.0,0.0,0.0,0.0,0.0,10.3,6.1,100.0
1768747257.6922984,8.1,2.0,1.0,11.1,1.0,19.4,2.0,5.0,2.0,1.0,5.0,4.0,1.0,1.0,100.0,0.0,2.0,2.0,2.0,26.3,0.0,4.1,1.0,0.0,1.0,0.0,1.0,4.0,15.2,100.0
1768747258.6956465,8.2,1.0,0.0,3.0,0.0,7.1,1.0,2.0,0.0,0.0,0.0,1.0,0.0,0.0,100.0,0.0,0.0,0.0,1.0,10.9,0.0,8.1,0.0,1.0,3.0,0.0,0.0,0.0,3.1,100.0
1768747259.699903,9.0,0.0,0.0,1.0,1.0,4.0,0.0,5.0,0.0,0.0,0.0,1.0,0.0,0.0,100.0,2.0,1.0,0.0,0.0,8.2,2.0,17.3,0.0,1.0,0.0,0.0,1.0,2.0,8.1,100.0
1768747260.704331,7.3,0.0,0.0,13.3,0.0,1.0,3.9,6.1,0.0,1.0,1.0,3.1,2.0,0.0,100.0,0.0,1.0,0.0,1.0,11.2,7.1,15.2,0.0,2.0,5.1,2.0,2.0,1.0,17.3,100.0
1768747261.809497,10.9,1.0,0.0,10.1,2.0,0.0,0.0,0.0,0.0,4.0,4.0,1.0,1.0,0.0,100.0,1.0,0.0,0.0,7.1,2.0,0.0,17.0,0.0,4.0,0.0,0.0,0.0,1.0,15.2,100.0
1768747262.813709,9.1,0.0,1.0,8.2,1.0,0.0,2.0,0.0,0.0,0.0,8.1,2.0,0.0,1.0,100.0,0.0,2.0,0.0,7.9,0.0,0.0,19.6,0.0,1.0,1.0,0.0,1.0,1.0,5.1,100.0
1768747263.8180275,8.2,1.0,0.0,12.1,3.0,2.0,3.1,0.0,0.0,3.0,4.0,1.0,0.0,0.0,100.0,0.0,0.0,0.0,8.2,0.0,5.1,20.4,0.0,3.0,4.0,0.0,0.0,1.0,19.4,100.0
1768747264.822478,10.9,0.0,1.0,5.1,0.0,2.0,0.0,1.0,0.0,0.0,1.0,2.0,0.0,0.0,100.0,0.0,0.0,0.0,7.0,0.0,13.3,0.0,0.0,0.0,1.0,0.0,0.0,0.0,23.8,100.0
1768747265.8261573,10.8,0.0,0.0,4.0,0.0,0.0,1.0,2.0,0.0,0.0,1.0,0.0,0.0,0.0,100.0,0.0,0.0,0.0,1.0,2.0,5.1,0.0,0.0,3.0,1.0,0.0,1.0,0.0,18.2,100.0
1768747266.8331738,10.0,2.0,1.0,8.1,0.0,0.0,1.0,7.1,2.0,1.0,1.0,1.0,2.0,1.0,100.0,1.0,1.0,1.0,1.0,6.1,19.2,1.0,0.0,3.0,3.0,0.0,0.0,0.0,15.5,100.0
1768747267.8383484,10.0,0.0,0.0,11.1,10.1,1.0,0.0,2.0,2.0,2.0,0.0,1.0,0.0,0.0,100.0,0.0,0.0,0.0,0.0,3.1,6.1,5.1,0.0,0.0,1.0,0.0,2.0,0.0,0.0,100.0
1768747268.8424995,10.9,2.0,0.0,2.0,11.1,2.0,0.0,1.0,2.0,14.6,0.0,4.0,0.0,1.0,100.0,1.0,0.0,0.0,1.0,1.0,18.4,0.0,0.0,0.0,2.0,0.0,0.0,0.0,0.0,100.0
1768747269.8464975,11.8,0.0,0.0,8.1,27.6,0.0,1.0,5.0,2.0,15.2,0.0,2.0,2.0,3.0,100.0,0.0,0.0,0.0,2.0,0.0,6.1,0.0,2.0,0.0,2.0,0.0,0.0,0.0,0.0,100.0
1768747270.851048,9.1,0.0,0.0,17.2,17.3,0.0,1.0,1.0,3.0,9.1,6.1,2.1,1.0,2.0,100.0,0.0,0.0,0.0,1.0,0.0,0.0,13.0,3.1,0.0,1.0,0.0,0.0,0.0,0.0,100.0
1768747271.8547347,7.2,1.0,0.0,2.0,12.1,1.0,1.0,3.1,1.0,17.2,1.0,2.0,0.0,0.0,100.0,0.0,0.0,0.0,0.0,0.0,2.0,0.0,13.0,0.0,0.0,0.0,0.0,0.0,0.0,100.0
1768747272.8589199,14.3,0.0,0.0,3.0,1.0,3.0,2.0,3.0,2.0,8.2,5.1,1.0,2.0,0.0,100.0,1.0,0.0,0.0,0.0,10.8,0.0,2.0,6.1,0.0,8.1,0.0,0.0,0.0,0.0,100.0
1768747273.863173,13.3,0.0,0.0,1.0,6.1,1.0,1.0,0.0,2.0,13.0,3.0,2.0,3.0,1.0,100.0,1.0,0.0,0.0,0.0,6.1,0.0,2.0,2.0,0.0,4.0,1.0,0.0,0.0,0.0,100.0
1768747275.1689346,11.7,0.0,1.0,0.0,0.0,1.0,1.0,0.0,2.0,10.1,8.2,0.0,0.0,1.0,100.0,1.0,1.0,0.0,0.0,1.0,0.0,0.0,2.0,0.0,12.2,0.0,0.0,0.0,0.0,100.0
1768747276.1730433,11.7,1.0,0.0,2.0,11.0,5.1,1.0,0.0,2.0,16.3,2.0,0.0,0.0,1.0,100.0,0.0,0.0,1.0,0.0,0.0,0.0,7.0,2.0,0.0,0.0,0.0,0.0,0.0,0.0,100.0
1768747277.1779263,8.2,0.0,0.0,3.0,14.1,0.0,2.0,0.0,2.0,13.1,3.0,0.0,1.0,1.0,100.0,1.0,1.0,0.0,0.0,0.0,0.0,12.1,1.0,0.0,0.0,0.0,1.0,0.0,0.0,100.0
1768747278.1800563,13.3,0.0,0.0,3.0,10.1,1.0,0.0,0.0,0.0,14.3,0.0,2.0,1.0,2.0,100.0,0.0,0.0,0.0,0.0,7.1,0.0,5.1,2.0,0.0,0.0,0.0,0.0,0.0,0.0,100.0
1768747279.1841831,14.2,0.0,0.0,0.0,11.1,0.0,1.0,0.0,2.0,6.0,2.0,1.0,0.0,0.0,100.0,1.0,1.0,0.0,0.0,8.1,0.0,4.0,0.0,0.0,1.0,0.0,0.0,0.0,0.0,100.0
1768747280.1894581,10.8,1.0,1.0,0.0,13.3,2.0,1.0,0.0,1.0,0.0,0.0,1.0,5.1,1.0,100.0,1.0,1.0,1.0,1.0,11.1,0.0,0.0,0.0,0.0,1.0,0.0,0.0,0.0,0.0,100.0
1768747281.1914716,10.1,0.0,0.0,11.1,5.1,0.0,0.0,1.0,3.0,2.0,8.1,2.0,2.0,0.0,100.0,0.0,1.0,0.0,0.0,6.9,0.0,0.0,2.0,0.0,1.0,0.0,1.0,0.0,1.0,100.0
1768747282.1940289,8.2,0.0,0.0,0.0,5.0,0.0,0.0,0.0,2.0,0.0,2.0,3.0,2.0,0.0,100.0,0.0,0.0,0.0,0.0,7.1,1.0,3.1,2.0,0.0,5.1,1.0,0.0,1.0,0.0,100.0
1768747283.1975708,8.2,2.0,1.0,10.2,3.0,3.0,0.0,1.0,3.0,2.0,6.9,2.0,0.0,0.0,100.0,0.0,0.0,1.0,0.0,0.0,0.0,8.2,1.0,0.0,0.0,0.0,0.0,0.0,0.0,100.0
1768747284.2013247,9.2,0.0,0.0,14.1,1.0,3.0,1.0,1.0,1.0,1.0,2.0,0.0,0.0,0.0,100.0,0.0,1.0,1.0,0.0,1.0,0.0,7.2,2.0,0.0,0.0,0.0,0.0,0.0,0.0,100.0
1768747285.2043712,12.5,1.0,1.0,12.4,1.0,7.0,1.0,0.0,1.0,8.2,2.0,1.0,0.0,0.0,100.0,0.0,0.0,0.0,0.0,0.0,0.0,13.1,2.0,0.0,0.0,0.0,0.0,0.0,0.0,100.0
1768747286.2060537,14.3,1.0,0.0,2.0,1.0,21.2,0.0,0.0,3.1,14.3,4.0,0.0,2.0,0.0,100.0,0.0,0.0,2.0,0.0,1.0,0.0,9.1,1.0,0.0,0.0,0.0,0.0,0.0,0.0,100.0
1768747287.21037,10.8,0.0,0.0,5.1,0.0,16.2,2.0,0.0,3.0,1.0,3.0,1.0,0.0,1.0,100.0,0.0,0.0,0.0,0.0,0.0,0.0,7.0,1.0,0.0,2.0,0.0,0.0,0.0,0.0,100.0
1768747288.214557,9.1,1.0,0.0,5.9,0.0,6.2,2.9,0.0,0.0,0.0,0.0,0.0,0.0,0.0,100.0,0.0,0.0,0.0,0.0,0.0,0.0,0.0,3.0,1.0,6.1,0.0,0.0,0.0,0.0,100.0
1768747289.217895,11.8,2.0,0.0,4.1,1.0,11.0,0.0,0.0,0.0,7.1,0.0,2.0,0.0,0.0,100.0,0.0,1.0,0.0,0.0,0.0,0.0,0.0,0.0,0.0,0.0,0.0,0.0,0.0,0.0,100.0
1768747290.2216222,11.8,1.0,1.0,0.0,1.0,8.2,2.0,0.0,1.0,16.2,2.0,1.0,1.0,2.0,100.0,1.0,0.0,0.0,1.0,1.0,0.0,0.0,0.0,0.0,0.0,0.0,0.0,0.0,0.0,100.0
1768747291.2241087,11.8,3.0,0.0,2.0,1.0,8.0,1.0,1.0,0.0,13.1,0.0,0.0,0.0,1.0,100.0,0.0,0.0,0.0,2.0,4.0,0.0,0.0,0.0,0.0,0.0,0.0,0.0,0.0,0.0,100.0
1768747292.3089294,10.9,0.0,1.0,2.0,1.0,6.0,0.0,0.0,0.0,10.9,3.0,0.0,0.0,0.0,100.0,0.0,0.0,0.0,0.0,4.0,2.0,0.0,0.0,0.0,0.0,1.0,0.0,0.0,0.0,100.0
1768747293.314654,10.9,2.0,2.0,9.1,12.1,0.0,0.0,0.0,0.0,11.1,3.0,1.0,2.0,0.0,100.0,0.0,0.0,0.0,0.0,0.0,3.0,0.0,0.0,1.0,0.0,0.0,0.0,0.0,0.0,100.0
1768747294.3189313,10.9,1.0,1.0,0.0,10.1,0.0,0.0,0.0,0.0,16.5,1.0,0.0,0.0,0.0,100.0,0.0,1.0,1.0,0.0,4.0,0.0,0.0,0.0,0.0,0.0,0.0,0.0,0.0,0.0,100.0
1768747295.3227525,7.1,0.0,2.0,1.0,5.1,1.0,0.0,0.0,0.0,17.0,3.0,0.0,0.0,0.0,100.0,1.0,0.0,0.0,0.0,2.0,2.0,0.0,0.0,0.0,0.0,0.0,0.0,0.0,0.0,100.0
1768747296.3261676,11.7,0.0,1.0,0.0,3.0,0.0,0.0,0.0,0.0,10.4,3.0,0.0,0.0,2.0,100.0,1.0,0.0,0.0,0.0,5.0,2.0,0.0,0.0,0.0,0.0,0.0,0.0,0.0,0.0,100.0
1768747297.3303568,10.9,0.0,0.0,1.0,11.1,0.0,0.0,4.0,0.0,6.1,0.0,2.0,0.0,1.0,100.0,1.0,1.0,0.0,0.0,3.0,0.0,4.0,0.0,1.0,1.0,0.0,1.0,0.0,0.0,100.0
1768747298.333625,8.2,0.0,0.0,4.0,10.1,2.0,1.0,1.0,0.0,9.2,0.0,3.0,0.0,1.0,100.0,0.0,0.0,0.0,1.0,4.0,0.0,0.0,0.0,1.0,0.0,0.0,0.0,0.0,0.0,100.0
1768747299.3362205,10.9,1.0,3.0,3.1,1.0,3.0,3.0,1.0,0.0,17.0,0.0,1.0,0.0,3.0,100.0,1.0,1.0,1.0,0.0,5.9,0.0,0.0,0.0,0.0,0.0,0.0,0.0,0.0,0.0,100.0
1768747300.3398004,9.0,0.0,0.0,1.0,0.0,10.2,1.0,1.0,1.0,16.3,1.0,0.0,0.0,2.0,100.0,0.0,0.0,0.0,0.0,3.0,1.0,0.0,0.0,0.0,0.0,0.0,0.0,0.0,0.0,100.0
1768747301.3437216,8.1,1.0,0.0,7.1,8.2,3.0,2.0,0.0,0.0,11.3,0.0,1.0,0.0,0.0,100.0,0.0,1.0,0.0,0.0,0.0,0.0,2.0,0.0,0.0,0.0,0.0,0.0,0.0,0.0,100.0
1768747302.3480082,11.8,0.0,1.0,2.0,5.1,3.1,2.0,1.0,0.0,14.3,0.0,0.0,0.0,0.0,100.0,0.0,0.0,0.0,0.0,0.0,1.0,0.0,0.0,0.0,0.0,0.0,0.0,0.0,0.0,100.0
1768747303.3527367,11.5,1.0,0.0,0.0,3.0,3.0,1.0,1.0,0.0,7.0,0.0,0.0,0.0,1.0,100.0,1.0,1.0,0.0,0.0,0.0,0.0,4.0,0.0,0.0,0.0,0.0,2.0,0.0,0.0,100.0
1768747304.3574214,15.0,0.0,0.0,1.0,3.0,2.0,1.0,2.0,1.0,0.0,1.0,2.0,1.0,2.0,100.0,1.0,0.0,0.0,0.0,0.0,1.0,14.0,0.0,0.0,0.0,0.0,0.0,0.0,0.0,100.0
1768747305.3610609,11.7,0.0,1.0,10.9,2.0,7.9,0.0,2.0,3.1,0.0,10.1,1.0,4.0,2.0,100.0,0.0,0.0,1.0,0.0,0.0,0.0,12.2,0.0,0.0,0.0,0.0,0.0,0.0,0.0,100.0
1768747306.3644454,8.2,0.0,0.0,4.0,0.0,4.0,1.0,0.0,2.0,0.0,4.0,0.0,1.0,1.0,100.0,0.0,0.0,0.0,0.0,0.0,1.0,10.1,0.0,0.0,0.0,0.0,0.0,0.0,0.0,100.0
1768747307.4648805,12.5,0.0,0.0,7.1,0.0,7.1,1.0,3.0,0.0,0.0,8.2,0.0,2.0,2.0,100.0,0.0,1.0,1.0,0.0,0.0,1.0,11.1,0.0,0.0,0.0,0.0,1.0,0.0,0.0,100.0
1768747308.5460305,16.4,1.0,1.0,4.0,1.0,3.1,1.0,0.0,1.0,2.0,5.0,2.0,0.0,0.0,100.0,0.0,1.0,0.0,0.0,1.0,0.0,7.9,1.0,0.0,0.0,0.0,0.0,0.0,0.0,100.0
1768747309.5479794,12.6,0.0,0.0,7.0,0.0,6.0,0.0,1.0,0.0,0.0,9.1,2.0,2.0,1.0,100.0,0.0,1.0,0.0,0.0,0.0,1.0,5.1,1.0,0.0,0.0,0.0,3.0,0.0,0.0,100.0
1768747310.55241,9.1,0.0,1.0,5.1,0.0,4.0,2.0,3.0,2.0,0.0,9.1,10.2,1.0,2.9,100.0,0.0,1.0,2.0,1.0,1.0,0.0,3.0,4.0,0.0,0.0,1.0,3.1,0.0,0.0,100.0
1768747311.5574942,6.3,1.0,0.0,4.0,0.0,6.1,0.0,1.0,1.0,0.0,11.0,5.1,0.0,0.0,100.0,2.0,0.0,0.0,1.0,0.0,0.0,2.0,4.9,0.0,0.0,1.0,0.0,0.0,0.0,100.0
1768747312.5605214,10.8,1.0,0.0,2.0,1.0,7.0,2.0,2.0,2.0,1.0,0.0,1.0,1.0,1.0,100.0,0.0,1.0,0.0,0.0,1.0,0.0,6.1,6.1,0.0,0.0,0.0,0.0,0.0,0.0,100.0
1768747313.5639448,10.8,1.0,0.0,4.0,2.0,14.3,1.0,1.0,0.0,0.0,1.0,0.0,1.0,1.0,100.0,1.0,2.0,0.0,0.0,0.0,0.0,3.1,9.1,0.0,0.0,0.0,1.0,0.0,0.0,100.0
1768747314.5681088,10.8,2.0,0.0,8.2,1.0,12.2,4.0,0.0,0.0,3.0,7.0,0.0,2.0,1.0,100.0,1.0,3.0,1.0,1.0,0.0,0.0,11.0,1.0,0.0,0.0,0.0,0.0,0.0,0.0,100.0
1768747315.5700216,10.0,1.0,1.0,5.0,0.0,4.0,2.0,0.0,2.0,4.0,0.0,0.0,3.0,2.0,100.0,3.0,2.0,0.0,3.0,0.0,1.0,1.0,1.0,0.0,0.0,1.0,0.0,1.0,1.0,100.0
1768747316.5743861,11.7,0.0,0.0,13.3,0.0,9.0,0.0,0.0,0.0,2.0,2.0,3.0,1.0,1.0,100.0,2.0,0.0,1.0,3.0,0.0,0.0,8.1,1.0,2.0,0.0,0.0,0.0,0.0,0.0,100.0
1768747317.5788298,12.4,0.0,0.0,9.0,1.0,3.0,1.0,0.0,0.0,3.0,1.0,0.0,2.0,2.0,100.0,3.0,3.0,0.0,0.0,0.0,0.0,11.1,2.0,0.0,0.0,0.0,0.0,0.0,0.0,100.0
1768747318.5845106,10.7,0.0,0.0,1.0,0.0,15.8,1.0,1.0,0.0,2.0,0.0,0.0,1.0,0.0,100.0,1.0,1.0,1.0,0.0,0.0,0.0,9.3,2.0,0.0,0.0,0.0,0.0,0.0,0.0,100.0
1768747319.5890164,17.1,2.0,0.0,0.0,1.0,8.2,17.2,0.0,0.0,1.0,2.0,0.0,0.0,1.0,100.0,2.0,0.0,0.0,4.0,0.0,0.0,1.0,1.0,0.0,0.0,0.0,0.0,1.0,1.0,100.0
1768747320.593484,10.9,0.0,0.0,0.0,0.0,2.0,9.1,0.0,0.0,2.0,3.0,1.0,1.0,2.0,100.0,0.0,1.0,0.0,3.0,0.0,0.0,0.0,2.0,1.0,1.0,0.0,0.0,0.0,2.0,100.0
1768747321.5964847,8.1,0.0,0.0,2.0,0.0,1.0,6.1,0.0,0.0,2.0,3.0,0.0,1.0,0.0,100.0,0.0,1.0,1.0,2.0,0.0,1.0,8.1,0.0,0.0,0.0,0.0,0.0,0.0,0.0,100.0
1768747322.600784,14.2,0.0,0.0,2.0,0.0,0.0,12.2,2.0,2.0,2.0,1.0,0.0,0.0,1.0,100.0,0.0,2.0,2.0,1.0,1.0,0.0,16.7,2.0,0.0,0.0,0.0,0.0,3.0,0.0,100.0
1768747323.6061058,12.6,0.0,0.0,1.0,0.0,0.0,4.1,2.0,0.0,0.0,0.0,0.0,0.0,1.0,100.0,1.0,0.0,3.0,1.0,0.0,0.0,5.0,1.0,1.0,1.0,0.0,1.0,1.0,0.0,100.0
1768747324.6091485,14.3,0.0,0.0,0.0,0.0,8.1,7.0,6.0,0.0,0.0,0.0,0.0,0.0,1.0,100.0,0.0,2.0,0.0,0.0,3.0,0.0,0.0,1.0,1.0,0.0,0.0,2.0,0.0,0.0,100.0
1768747325.6240714,16.7,1.0,0.0,0.0,0.0,8.1,11.3,0.0,0.0,1.0,0.0,0.0,1.0,1.0,100.0,0.0,0.0,0.0,2.0,0.0,0.0,0.0,0.0,0.0,0.0,0.0,2.0,0.0,0.0,100.0
1768747326.627754,14.2,0.0,0.0,0.0,0.0,7.1,10.0,2.0,2.0,0.0,1.0,2.0,1.0,3.0,100.0,0.0,0.0,0.0,0.0,0.0,0.0,0.0,1.0,1.0,0.0,2.0,1.0,0.0,0.0,100.0
1768747327.631543,15.1,0.0,0.0,0.0,0.0,1.0,11.2,3.0,2.0,0.0,0.0,0.0,0.0,0.0,100.0,0.0,1.0,0.0,1.0,0.0,0.0,0.0,1.0,0.0,0.0,0.0,3.0,0.0,0.0,100.0
1768747328.6350834,10.9,0.0,0.0,0.0,1.0,3.0,11.0,2.0,3.0,0.0,1.0,0.0,2.0,0.0,100.0,0.0,0.0,0.0,0.0,1.0,0.0,0.0,1.0,1.0,0.0,0.0,3.0,0.0,0.0,100.0
1768747329.6374216,13.3,0.0,0.0,0.0,0.0,5.1,12.1,0.0,2.0,0.0,3.0,3.0,2.0,0.0,100.0,0.0,0.0,2.0,2.0,0.0,1.0,2.0,2.0,1.0,0.0,0.0,2.0,1.0,0.0,100.0
1768747330.643427,8.0,0.0,0.0,0.0,0.0,4.1,9.1,0.0,2.0,0.0,3.0,0.0,0.0,0.0,100.0,3.0,0.0,0.0,1.0,0.0,0.0,5.0,2.0,1.0,0.0,1.0,1.0,1.0,0.0,100.0
1768747331.6493485,11.7,1.0,0.0,0.0,0.0,6.0,20.0,5.1,0.0,2.0,3.0,0.0,1.0,0.0,100.0,2.0,1.0,0.0,1.0,1.0,0.0,0.0,1.0,0.0,0.0,0.0,0.0,0.0,0.0,100.0
1768747332.6526594,12.3,0.0,0.0,4.0,1.0,14.9,12.4,2.0,1.0,0.0,0.0,0.0,1.0,2.0,100.0,4.1,1.0,0.0,0.0,1.0,1.0,0.0,1.0,1.0,0.0,0.0,0.0,3.0,0.0,100.0
1768747333.656487,13.2,0.0,1.0,3.0,0.0,0.0,9.0,4.9,0.0,0.0,0.0,0.0,1.0,4.0,100.0,1.0,0.0,1.0,0.0,0.0,0.0,0.0,1.0,0.0,0.0,1.0,0.0,0.0,0.0,100.0
1768747334.660769,11.7,0.0,0.0,2.0,0.0,0.0,10.2,6.1,0.0,0.0,1.0,0.0,2.0,1.0,100.0,1.0,1.0,1.0,0.0,0.0,0.0,0.0,2.0,0.0,0.0,0.0,0.0,1.0,0.0,100.0
1768747335.6660178,10.7,0.0,0.0,0.0,0.0,0.0,6.1,6.1,0.0,2.0,3.0,0.0,1.0,0.0,100.0,1.0,0.0,0.0,0.0,0.0,0.0,0.0,1.0,1.0,0.0,0.0,0.0,1.0,0.0,100.0
1768747336.6700907,16.4,0.0,0.0,3.0,0.0,0.0,5.0,0.0,0.0,3.0,8.0,2.0,2.0,0.0,100.0,2.0,0.0,0.0,0.0,0.0,0.0,0.0,1.0,2.0,0.0,1.0,0.0,2.0,0.0,100.0
1768747337.6744063,10.9,0.0,0.0,0.0,1.0,0.0,2.0,0.0,0.0,1.0,0.0,0.0,0.0,0.0,100.0,0.0,1.0,3.0,0.0,1.0,1.0,0.0,1.0,1.0,0.0,0.0,1.0,1.0,0.0,100.0
1768747338.6769705,14.2,0.0,0.0,1.0,0.0,0.0,6.1,0.0,0.0,1.0,4.9,0.0,3.1,0.0,100.0,2.0,0.0,0.0,0.0,0.0,0.0,1.0,2.0,0.0,0.0,0.0,3.0,1.0,0.0,100.0
1768747339.680787,13.9,0.0,0.0,1.0,0.0,0.0,16.2,0.0,0.0,0.0,3.0,1.0,3.0,0.0,100.0,3.0,1.0,0.0,1.0,0.0,1.0,1.0,1.0,2.0,0.0,0.0,0.0,0.0,0.0,100.0
1768747340.6842,9.0,1.0,1.0,0.0,0.0,0.0,7.2,1.0,0.0,3.0,1.0,0.0,1.0,0.0,100.0,1.0,2.0,1.0,1.0,0.0,1.0,0.0,2.0,2.0,0.0,0.0,0.0,0.0,1.0,100.0
1768747341.688554,12.5,0.0,0.0,1.0,0.0,3.0,9.2,0.0,0.0,3.1,1.0,0.0,3.0,0.0,100.0,2.0,2.0,1.0,0.0,0.0,0.0,0.0,0.0,0.0,0.0,0.0,0.0,1.0,1.0,100.0
1768747342.6929693,14.2,1.0,0.0,1.0,0.0,12.0,9.0,0.0,0.0,1.0,1.0,0.0,2.0,0.0,100.0,1.0,5.0,1.0,1.0,3.0,0.0,0.0,1.0,0.0,0.0,1.0,3.0,1.0,0.0,100.0
1768747343.6972032,11.7,2.0,1.0,0.0,1.0,8.2,10.1,0.0,0.0,2.0,1.0,0.0,0.0,0.0,100.0,1.0,3.0,1.0,1.0,1.0,1.0,0.0,0.0,1.0,0.0,1.0,0.0,0.0,0.0,100.0
1768747344.7017589,11.7,1.0,0.0,1.0,1.0,5.1,16.3,0.0,1.0,1.0,4.0,1.0,0.0,1.0,100.0,2.0,1.0,2.0,0.0,1.0,2.0,7.0,1.0,2.0,2.0,0.0,0.0,1.0,0.0,100.0
1768747345.7052476,12.4,0.0,3.0,0.0,0.0,1.0,9.1,8.1,0.0,3.0,0.0,1.0,5.0,0.0,100.0,3.0,2.0,1.0,0.0,0.0,1.0,14.1,0.0,0.0,0.0,0.0,0.0,0.0,0.0,100.0
1768747346.7090209,9.8,0.0,2.0,2.0,0.0,1.0,21.2,4.0,0.0,1.0,1.0,0.0,2.1,1.0,100.0,0.0,0.0,2.0,0.0,1.0,0.0,0.0,0.0,0.0,0.0,0.0,0.0,0.0,0.0,100.0
1768747347.7134278,11.5,1.0,0.0,0.0,0.0,0.0,15.5,0.0,1.0,1.0,0.0,1.0,3.1,1.0,100.0,0.0,0.0,1.0,0.0,0.0,0.0,0.0,0.0,0.0,0.0,0.0,0.0,1.0,1.0,100.0
1768747348.7174072,11.8,0.0,1.0,0.0,0.0,8.1,2.0,1.0,16.3,3.0,0.0,4.0,3.1,4.0,100.0,1.0,2.0,0.0,0.0,3.0,1.0,0.0,0.0,1.0,0.0,2.0,1.0,1.0,1.0,100.0
1768747349.7211342,10.8,0.0,0.0,0.0,0.0,3.1,10.0,0.0,5.1,0.0,0.0,0.0,4.0,0.0,100.0,1.0,1.0,1.0,1.0,1.0,0.0,0.0,2.0,0.0,2.0,0.0,1.0,1.0,0.0,100.0
1768747350.7256541,9.1,1.0,3.0,0.0,1.0,12.2,19.6,0.0,1.0,1.0,0.0,4.0,3.0,1.0,100.0,0.0,1.0,0.0,3.0,0.0,0.0,5.1,0.0,1.0,1.0,0.0,1.0,1.0,0.0,100.0
1768747351.7296615,7.2,1.0,2.0,0.0,1.0,6.1,15.2,1.0,6.1,1.0,0.0,0.0,2.0,0.0,100.0,3.0,1.0,0.0,0.0,1.0,0.0,11.2,1.0,0.0,0.0,0.0,0.0,3.0,0.0,100.0
1768747352.734369,10.8,0.0,1.0,0.0,1.0,6.1,18.2,0.0,1.0,1.0,0.0,0.0,3.0,0.0,100.0,0.0,2.0,0.0,0.0,0.0,0.0,13.7,0.0,0.0,1.0,0.0,0.0,0.0,0.0,100.0
1768747353.7378864,8.9,1.0,1.0,0.0,1.0,5.1,1.0,0.0,16.3,0.0,1.0,1.0,3.0,0.0,100.0,3.0,0.0,1.0,1.0,0.0,0.0,6.0,0.0,1.0,2.0,0.0,1.0,1.0,0.0,100.0
1768747354.7412033,7.1,1.0,1.0,0.0,0.0,8.1,2.0,0.0,2.0,0.0,3.0,0.0,1.0,0.0,100.0,2.0,0.0,1.0,4.0,0.0,0.0,0.0,0.0,2.0,1.0,0.0,0.0,1.0,0.0,100.0
1768747355.7447433,10.7,0.0,0.0,1.0,0.0,1.0,4.0,1.0,2.0,2.0,1.0,1.0,0.0,0.0,100.0,2.0,0.0,2.0,2.0,0.0,0.0,0.0,0.0,0.0,0.0,0.0,0.0,1.0,0.0,100.0
1768747356.747935,11.5,1.0,0.0,0.0,1.0,2.0,4.0,1.0,0.0,0.0,4.0,2.0,0.0,0.0,100.0,2.0,0.0,3.0,2.0,0.0,1.0,0.0,0.0,0.0,0.0,0.0,1.0,0.0,0.0,100.0
1768747357.7510653,14.8,0.0,2.0,1.0,0.0,1.0,3.0,6.1,0.0,1.0,5.1,0.0,2.0,0.0,100.0,2.0,1.0,3.0,2.1,1.0,0.0,1.0,0.0,0.0,0.0,2.0,1.0,2.0,0.0,100.0
1768747358.7561865,13.3,2.0,1.0,0.0,0.0,6.1,2.0,0.0,1.0,2.0,2.0,0.0,0.0,0.0,100.0,0.0,2.0,1.0,1.0,1.0,0.0,0.0,0.0,6.1,0.0,0.0,0.0,1.0,0.0,100.0
1768747359.760644,11.7,0.0,0.0,1.0,2.0,3.0,5.1,0.0,6.1,1.0,0.0,0.0,1.0,0.0,100.0,1.0,2.0,1.0,2.0,0.0,0.0,1.0,0.0,0.0,0.0,0.0,2.0,1.0,0.0,100.0
1768747360.7631488,9.0,0.0,1.0,0.0,2.0,3.0,0.0,2.0,20.0,0.0,0.0,0.0,0.0,0.0,100.0,2.0,2.0,2.0,3.1,1.0,0.0,0.0,2.0,1.0,0.0,0.0,2.0,1.0,0.0,100.0
1768747361.7658257,10.0,0.0,3.0,0.0,1.0,1.0,1.0,13.1,8.2,1.0,1.0,0.0,0.0,0.0,100.0,1.0,0.0,1.0,2.0,0.0,1.0,0.0,0.0,0.0,0.0,0.0,2.0,0.0,0.0,100.0
1768747362.7695775,9.0,1.0,0.0,0.0,0.0,5.0,3.0,1.0,15.0,1.0,1.0,0.0,0.0,0.0,100.0,0.0,4.0,1.0,1.0,3.0,1.0,0.0,0.0,0.0,0.0,0.0,4.0,2.0,0.0,100.0
1768747363.7727294,10.7,1.0,0.0,0.0,2.0,2.0,0.0,0.0,11.2,0.0,0.0,0.0,1.0,0.0,100.0,1.0,0.0,0.0,1.0,0.0,0.0,0.0,0.0,0.0,1.0,0.0,3.0,0.0,0.0,100.0
1768747364.777255,9.7,0.0,0.0,0.0,2.0,9.2,1.0,1.0,13.3,2.0,0.0,0.0,0.0,0.0,100.0,3.0,0.0,0.0,3.0,1.0,0.0,0.0,0.0,0.0,1.0,0.0,2.0,2.0,0.0,100.0
1768747365.7821145,9.0,1.0,0.0,2.0,1.0,2.0,0.0,2.0,7.0,14.1,2.0,3.0,5.1,0.0,100.0,2.0,0.0,2.0,0.0,2.0,0.0,2.0,2.0,0.0,0.0,0.0,1.0,2.0,0.0,100.0
1768747366.911267,8.1,0.0,0.0,0.0,0.0,0.0,0.0,8.0,0.0,6.1,1.0,5.1,2.0,1.0,100.0,1.0,0.0,2.0,0.0,0.0,0.0,1.0,1.0,0.0,0.0,0.0,1.0,1.0,0.0,100.0
1768747368.1640143,10.0,0.0,1.0,0.0,1.0,0.0,1.0,6.0,0.0,8.2,1.0,5.0,0.0,0.0,100.0,1.0,0.0,1.0,0.0,0.0,0.0,0.0,0.0,0.0,0.0,4.0,1.0,0.0,2.0,100.0
1768747369.3677065,11.7,0.0,1.0,0.0,0.0,0.0,1.0,4.1,0.0,9.1,0.0,3.0,0.0,1.0,100.0,1.0,1.0,2.0,0.0,0.0,0.0,0.0,0.0,0.0,0.0,0.0,0.0,1.0,0.0,100.0
1768747370.4466808,12.5,1.0,0.0,0.0,1.0,3.0,2.0,7.0,1.0,4.0,2.0,5.1,3.0,1.0,100.0,1.0,0.0,0.0,0.0,1.0,2.0,1.0,0.0,1.0,2.0,0.0,0.0,1.0,1.0,100.0
1768747371.4508557,7.2,1.0,1.0,1.0,1.0,1.0,1.0,0.0,0.0,5.0,6.1,1.0,1.0,0.0,100.0,2.0,2.0,1.0,1.0,2.0,0.0,1.0,0.0,0.0,0.0,0.0,0.0,0.0,0.0,100.0
1768747372.4549298,7.2,0.0,1.0,0.0,0.0,1.0,3.0,0.0,0.0,11.3,3.0,0.0,0.0,0.0,100.0,0.0,1.0,2.0,1.0,2.0,0.0,7.1,0.0,0.0,0.0,1.0,0.0,0.0,0.0,100.0
1768747373.4581077,11.7,1.0,1.0,1.0,1.0,0.0,9.1,0.0,12.9,0.0,4.0,2.0,3.0,1.0,100.0,1.0,3.0,1.0,0.0,0.0,1.0,1.0,2.0,0.0,0.0,0.0,2.0,0.0,0.0,100.0
1768747374.5293822,13.3,0.0,0.0,1.0,1.0,0.0,1.0,0.0,7.2,0.0,4.0,0.0,1.0,0.0,100.0,1.0,0.0,0.0,0.0,0.0,0.0,2.0,0.0,0.0,0.0,4.0,0.0,0.0,0.0,100.0
1768747375.533111,11.7,0.0,0.0,0.0,0.0,1.0,0.0,0.0,4.0,0.0,1.0,0.0,0.0,0.0,100.0,0.0,0.0,0.0,1.0,0.0,0.0,1.0,0.0,0.0,0.0,0.0,1.0,0.0,0.0,100.0
1768747376.5354168,10.9,0.0,1.0,1.0,2.0,1.0,0.0,1.0,8.1,2.0,3.0,0.0,3.0,2.0,100.0,1.0,1.0,1.0,1.0,0.0,0.0,10.1,0.0,0.0,0.0,2.0,2.0,0.0,0.0,100.0
1768747377.7319717,19.3,1.0,0.0,6.1,0.0,0.0,2.0,0.0,7.0,1.0,1.0,5.0,11.9,0.0,100.0,0.0,0.0,1.0,9.0,0.0,0.0,4.0,0.0,0.0,0.0,4.0,3.1,0.0,0.0,100.0
1768747378.736943,14.0,0.0,1.0,1.0,2.0,0.0,1.0,1.0,10.0,8.0,6.1,0.0,0.0,2.0,100.0,0.0,0.0,2.0,0.0,3.0,0.0,13.1,0.0,0.0,0.0,0.0,0.0,0.0,0.0,100.0
1768747379.7416403,10.8,0.0,1.0,0.0,0.0,1.0,1.0,1.0,2.0,5.0,2.0,1.0,1.0,1.0,100.0,0.0,0.0,1.0,0.0,1.0,0.0,6.1,0.0,1.0,0.0,1.0,0.0,0.0,0.0,100.0
1768747380.74569,8.2,2.0,0.0,2.0,2.0,0.0,5.1,0.0,7.1,2.0,3.0,2.0,0.0,1.0,100.0,1.0,0.0,1.0,0.0,1.0,0.0,10.0,0.0,0.0,1.0,0.0,0.0,1.0,0.0,100.0
1768747381.7717953,10.7,0.0,0.0,0.0,2.0,0.0,2.0,0.0,1.0,5.0,1.0,0.0,0.0,1.0,100.0,1.0,0.0,2.0,0.0,3.0,0.0,0.0,1.0,1.0,0.0,0.0,0.0,0.0,0.0,100.0
1768747382.7757597,11.7,0.0,0.0,0.0,1.0,0.0,0.0,0.0,3.0,0.0,4.0,0.0,1.0,0.0,100.0,0.0,0.0,2.0,1.0,0.0,0.0,0.0,0.0,0.0,0.0,0.0,0.0,0.0,0.0,100.0
1768747383.7802982,10.8,0.0,0.0,0.0,0.0,0.0,0.0,0.0,3.0,0.0,1.0,0.0,0.0,0.0,100.0,0.0,0.0,3.0,0.0,0.0,0.0,0.0,0.0,0.0,0.0,0.0,0.0,0.0,0.0,100.0
1768747384.7881956,10.9,0.0,0.0,0.0,5.0,0.0,4.0,0.0,1.0,0.0,4.0,0.0,0.0,2.0,100.0,0.0,0.0,3.0,0.0,0.0,1.0,6.1,2.0,0.0,0.0,0.0,0.0,1.0,0.0,100.0
1768747385.7926292,10.9,0.0,0.0,1.0,1.0,4.0,7.1,1.0,0.0,0.0,11.1,0.0,0.0,1.0,100.0,1.0,0.0,2.0,2.0,0.0,0.0,15.0,3.0,1.0,0.0,0.0,2.0,0.0,2.0,100.0
1768747386.805084,12.6,0.0,0.0,0.0,0.0,9.1,3.0,0.0,0.0,0.0,4.0,0.0,0.0,1.0,100.0,0.0,0.0,1.0,0.0,3.0,0.0,0.0,2.0,0.0,0.0,0.0,2.0,3.0,6.0,100.0
1768747387.8094468,12.5,0.0,0.0,0.0,0.0,11.1,3.0,0.0,0.0,0.0,10.0,0.0,0.0,1.0,100.0,1.0,0.0,3.0,2.0,0.0,0.0,0.0,2.0,0.0,0.0,0.0,3.0,1.0,17.3,100.0
1768747388.812569,11.8,2.0,0.0,1.0,0.0,4.0,2.0,3.0,0.0,0.0,8.0,0.0,0.0,0.0,100.0,1.0,0.0,2.0,0.0,2.0,1.0,0.0,1.0,0.0,0.0,0.0,3.0,2.0,13.1,100.0
1768747389.8175876,10.9,1.0,0.0,0.0,1.0,2.0,2.0,3.1,1.0,0.0,16.2,0.0,0.0,1.0,100.0,0.0,0.0,0.0,0.0,0.0,4.0,0.0,1.0,0.0,0.0,0.0,5.1,0.0,14.1,100.0
1768747390.8217843,10.9,0.0,0.0,1.0,1.0,9.1,2.0,1.0,0.0,0.0,8.0,0.0,0.0,1.0,100.0,0.0,0.0,1.0,0.0,0.0,1.0,0.0,0.0,0.0,0.0,0.0,0.0,0.0,7.1,100.0
1768747391.8251474,9.1,0.0,0.0,0.0,3.0,11.2,4.0,2.0,0.0,0.0,6.1,0.0,1.0,1.0,100.0,1.0,0.0,0.0,0.0,0.0,0.0,12.1,0.0,0.0,0.0,0.0,2.0,0.0,2.0,100.0
1768747392.8297167,9.1,0.0,0.0,1.0,1.0,12.0,15.0,2.0,0.0,0.0,4.1,8.1,3.0,1.0,100.0,0.0,0.0,1.0,1.0,0.0,2.0,10.2,1.0,0.0,0.0,0.0,0.0,0.0,0.0,100.0
1768747393.833774,11.8,0.0,0.0,0.0,1.0,0.0,3.0,2.0,0.0,0.0,1.0,0.0,2.0,6.1,100.0,1.0,0.0,2.0,1.0,0.0,0.0,7.0,1.0,0.0,0.0,0.0,0.0,0.0,0.0,100.0
1768747394.8376253,9.1,0.0,1.0,0.0,1.0,0.0,4.1,2.0,2.0,1.0,1.0,1.0,1.0,1.0,100.0,2.0,0.0,0.0,4.0,0.0,0.0,6.1,1.0,0.0,1.0,0.0,1.0,2.0,11.2,100.0
1768747395.902483,15.6,2.0,0.0,1.0,0.0,1.0,3.1,5.1,0.0,0.0,1.0,1.0,2.0,21.6,100.0,14.7,1.0,1.0,1.0,0.0,0.0,0.0,1.0,2.0,0.0,0.0,9.9,2.0,22.0,100.0
1768747396.9069376,12.4,0.0,0.0,0.0,0.0,0.0,3.0,2.1,0.0,1.0,0.0,1.0,0.0,0.0,100.0,7.0,2.0,1.0,0.0,0.0,0.0,19.4,0.0,0.0,0.0,0.0,1.0,0.0,9.1,100.0
1768747397.9117246,15.7,0.0,1.0,0.0,0.0,16.8,6.0,1.0,0.0,0.0,1.0,0.0,0.0,0.0,100.0,0.0,0.0,0.0,0.0,0.0,0.0,7.1,2.0,0.0,0.0,0.0,0.0,1.0,8.1,100.0
1768747398.9160922,10.9,0.0,1.0,1.0,5.1,18.6,13.4,2.0,1.0,0.0,1.0,0.0,3.0,1.0,100.0,0.0,0.0,3.0,1.0,0.0,0.0,11.0,2.0,0.0,0.0,0.0,8.2,1.0,13.1,100.0
1768747399.9211648,12.4,0.0,0.0,0.0,1.0,15.3,2.0,1.0,0.0,0.0,1.0,0.0,0.0,1.0,100.0,4.0,0.0,1.0,0.0,0.0,0.0,0.0,1.0,0.0,0.0,0.0,2.0,2.0,8.1,100.0
1768747400.9925187,12.5,0.0,0.0,0.0,0.0,11.1,3.0,2.0,0.0,0.0,2.0,1.0,2.0,2.0,100.0,17.3,0.0,1.0,0.0,2.0,0.0,0.0,2.0,1.0,0.0,1.0,0.0,1.0,13.3,100.0
1768747401.9958663,10.8,1.0,1.0,1.0,0.0,5.1,1.0,4.0,0.0,0.0,1.0,3.0,0.0,0.0,100.0,5.0,0.0,0.0,1.0,0.0,3.0,1.0,3.0,1.0,1.0,0.0,3.0,2.0,15.2,100.0
1768747402.9998446,7.2,0.0,0.0,0.0,0.0,12.2,4.0,3.0,2.0,1.0,0.0,1.0,0.0,1.0,100.0,0.0,0.0,0.0,3.0,11.2,5.1,2.0,2.0,3.0,0.0,0.0,0.0,0.0,3.0,100.0
1768747404.0021827,9.8,1.0,1.0,0.0,0.0,0.0,1.0,2.0,0.0,1.0,0.0,1.0,3.0,1.0,100.0,10.1,2.0,0.0,1.0,0.0,0.0,8.0,5.1,9.1,16.3,16.3,12.1,4.0,1.0,100.0
1768747405.0062013,13.2,0.0,1.0,0.0,1.0,0.0,4.0,1.0,0.0,0.0,0.0,0.0,0.0,1.0,100.0,19.2,2.0,0.0,4.1,1.0,0.0,10.1,1.0,3.1,11.2,21.0,17.2,11.2,1.0,100.0
1768747406.009961,12.4,0.0,0.0,0.0,1.0,0.0,1.0,2.0,0.0,0.0,0.0,0.0,7.1,0.0,100.0,7.1,1.0,0.0,4.0,0.0,1.0,3.0,0.0,0.0,8.0,7.0,4.0,8.2,4.0,100.0
1768747407.016966,10.5,0.0,0.0,2.0,0.0,0.0,2.0,1.0,0.0,1.0,0.0,0.0,1.0,0.0,100.0,19.4,0.0,0.0,0.0,1.0,0.0,1.0,1.0,0.0,6.0,15.5,8.2,6.1,2.0,100.0
1768747408.082051,13.3,0.0,0.0,1.0,0.0,0.0,3.0,1.0,1.0,3.0,3.0,4.0,1.0,0.0,100.0,0.0,1.0,0.0,0.0,0.0,0.0,1.0,4.0,8.2,10.1,4.0,13.1,9.2,1.0,100.0
1768747409.0884743,10.9,0.0,1.0,1.0,0.0,0.0,1.0,0.0,4.0,0.0,0.0,1.0,1.0,0.0,100.0,0.0,0.0,0.0,0.0,0.0,0.0,0.0,3.0,5.0,3.0,2.0,3.0,0.0,1.0,100.0
1768747410.091907,10.8,0.0,1.0,0.0,0.0,0.0,0.0,1.0,9.1,7.1,1.0,2.0,0.0,0.0,100.0,0.0,0.0,0.0,0.0,0.0,0.0,1.0,1.0,0.0,3.0,8.0,15.2,1.0,1.0,100.0
1768747411.094113,10.9,0.0,0.0,0.0,1.0,0.0,3.0,0.0,7.0,4.0,2.0,7.1,1.0,2.0,100.0,0.0,0.0,0.0,0.0,0.0,0.0,3.0,5.1,0.0,2.0,12.0,11.1,5.0,6.1,100.0
1768747412.0984387,12.0,3.0,0.0,0.0,0.0,0.0,0.0,0.0,0.0,0.0,1.0,0.0,0.0,1.0,100.0,10.1,7.1,8.9,4.0,0.0,1.0,5.1,1.0,3.0,2.0,0.0,2.0,1.0,13.0,100.0
1768747413.1022363,12.6,2.0,0.0,5.1,0.0,0.0,2.0,2.0,0.0,0.0,0.0,0.0,0.0,0.0,100.0,5.0,1.0,0.0,0.0,2.0,1.0,0.0,0.0,1.0,0.0,0.0,0.0,1.0,1.0,100.0
1768747414.1072962,12.4,6.1,3.0,1.0,0.0,0.0,3.0,5.1,0.0,0.0,0.0,0.0,0.0,0.0,100.0,3.0,2.0,0.0,0.0,0.0,0.0,0.0,0.0,0.0,0.0,0.0,0.0,0.0,0.0,100.0
1768747415.1109717,10.8,1.0,4.1,3.1,2.9,2.0,4.0,4.1,14.0,12.2,5.1,8.0,9.1,1.0,100.0,2.0,1.0,1.0,0.0,5.9,0.0,0.0,5.0,2.0,8.2,1.0,0.0,0.0,1.0,100.0
1768747416.114818,10.9,5.1,2.0,4.0,1.0,1.0,6.1,14.9,2.0,1.0,1.0,0.0,0.0,0.0,100.0,3.0,0.0,7.1,1.0,2.0,4.0,1.0,8.1,4.1,5.1,1.0,2.0,2.0,4.0,100.0
1768747417.118412,12.6,2.0,0.0,2.0,1.0,1.0,1.0,0.0,0.0,2.0,0.0,4.0,2.0,3.0,100.0,1.0,0.0,0.0,0.0,2.0,0.0,1.0,1.0,4.0,3.0,6.1,1.0,1.0,6.1,100.0
1768747418.1219707,13.5,0.0,5.0,0.0,1.0,0.0,1.0,0.0,0.0,0.0,0.0,0.0,1.0,0.0,100.0,0.0,0.0,0.0,0.0,0.0,0.0,1.0,0.0,0.0,0.0,0.0,0.0,1.0,2.0,100.0
1768747419.1258457,24.7,7.1,2.0,4.0,1.0,3.0,2.0,0.0,0.0,0.0,1.0,0.0,0.0,1.0,100.0,1.0,0.0,1.0,0.0,0.0,0.0,0.0,1.0,8.1,0.0,1.0,0.0,1.0,1.0,100.0
1768747420.1298165,12.9,1.0,4.0,4.0,9.1,6.1,1.0,7.1,4.0,2.0,1.0,0.0,0.0,1.0,100.0,1.0,2.0,9.1,1.0,0.0,1.0,4.0,6.0,6.1,2.0,0.0,0.0,0.0,0.0,100.0
1768747421.1342611,11.7,0.0,0.0,0.0,0.0,3.0,12.2,3.0,3.1,5.1,2.0,4.0,4.0,2.0,100.0,0.0,0.0,3.0,1.0,1.0,0.0,0.0,1.0,1.0,4.0,0.0,2.0,3.0,2.0,100.0
1768747422.1388175,12.6,0.0,0.0,0.0,0.0,2.0,1.0,0.0,0.0,0.0,1.0,4.0,1.0,1.0,100.0,2.0,0.0,0.0,0.0,0.0,0.0,0.0,1.0,0.0,0.0,0.0,1.0,0.0,0.0,100.0
1768747423.1439567,11.7,0.0,0.0,0.0,0.0,1.0,4.0,0.0,0.0,2.0,0.0,1.0,1.0,1.0,100.0,1.0,17.3,1.0,2.0,3.0,2.0,2.0,5.0,1.0,0.0,0.0,1.0,0.0,0.0,100.0
1768747424.1469524,10.9,0.0,0.0,0.0,0.0,1.0,0.0,0.0,0.0,0.0,3.0,0.0,1.0,0.0,100.0,1.0,0.0,0.0,3.0,2.0,0.0,3.0,4.0,0.0,0.0,0.0,0.0,1.0,0.0,100.0
1768747425.4772696,15.7,3.0,0.0,0.0,3.0,0.0,0.0,2.0,4.0,2.0,3.0,3.0,0.0,2.0,100.0,0.0,0.0,0.0,1.0,5.0,2.0,1.0,1.0,0.0,1.0,2.0,3.0,0.0,0.0,100.0
1768747426.4793835,10.9,0.0,0.0,0.0,1.0,2.0,1.0,3.0,1.0,3.0,1.0,3.0,6.0,2.0,100.0,0.0,0.0,0.0,0.0,6.0,2.0,0.0,1.0,0.0,1.0,1.0,1.0,0.0,0.0,100.0
1768747427.4811902,8.2,1.0,1.0,0.0,0.0,1.0,1.0,1.0,2.0,9.0,2.0,1.0,0.0,1.0,100.0,0.0,0.0,0.0,5.0,1.0,2.0,2.0,4.0,3.0,1.0,0.0,0.0,1.0,1.0,100.0
1768747428.4845445,10.8,0.0,0.0,4.0,1.0,1.0,1.0,0.0,1.0,1.0,9.1,1.0,7.0,3.0,100.0,0.0,0.0,0.0,0.0,0.0,2.0,0.0,2.0,1.0,1.0,0.0,3.0,4.0,0.0,100.0
1768747429.4882977,8.1,0.0,0.0,0.0,4.0,2.0,0.0,5.9,3.0,0.0,0.0,2.0,0.0,0.0,100.0,1.0,1.0,1.0,0.0,1.0,4.1,2.0,6.0,3.0,1.0,1.0,0.0,0.0,1.0,100.0
1768747430.4915035,12.6,0.0,0.0,3.0,6.1,3.0,11.2,12.2,11.2,4.0,3.0,4.0,4.0,4.0,100.0,0.0,1.0,1.0,0.0,0.0,0.0,1.0,4.0,0.0,0.0,0.0,1.0,0.0,0.0,100.0
1768747431.495245,7.3,0.0,0.0,4.0,3.0,2.0,1.0,3.0,10.9,4.1,2.0,9.1,8.1,5.9,100.0,0.0,0.0,0.0,1.0,0.0,0.0,1.0,1.0,0.0,2.0,0.0,0.0,0.0,1.0,100.0
1768747432.4994051,10.0,1.0,0.0,0.0,2.0,6.0,2.0,1.0,0.0,0.0,2.0,1.0,1.0,1.0,100.0,0.0,0.0,0.0,0.0,0.0,0.0,1.0,4.0,1.0,0.0,1.0,0.0,0.0,1.0,100.0
1768747433.689377,13.5,0.0,0.0,0.0,0.0,1.0,4.0,4.0,3.0,4.0,7.0,3.0,0.0,1.0,100.0,0.0,0.0,0.0,0.0,2.0,1.0,0.0,0.0,1.0,3.0,1.0,0.0,0.0,0.0,100.0
1768747434.7545035,12.6,1.0,1.0,3.1,0.0,11.9,12.1,0.0,2.0,0.0,2.0,0.0,0.0,1.0,100.0,0.0,0.0,0.0,0.0,0.0,0.0,2.0,0.0,1.0,1.0,1.0,1.0,0.0,0.0,100.0
1768747435.7577152,9.9,1.0,0.0,3.1,1.0,1.0,3.0,2.0,0.0,0.0,2.0,9.0,1.0,1.0,100.0,0.0,0.0,0.0,0.0,0.0,0.0,4.0,6.9,5.0,4.0,1.0,0.0,1.0,1.0,100.0
1768747436.7621343,9.9,0.0,0.0,2.0,9.0,1.0,5.1,3.0,0.0,1.0,0.0,0.0,0.0,0.0,100.0,0.0,0.0,0.0,0.0,0.0,0.0,0.0,0.0,2.0,1.0,1.0,0.0,0.0,0.0,100.0
1768747437.764887,7.1,0.0,0.0,0.0,0.0,2.0,1.0,0.0,0.0,11.0,3.0,0.0,0.0,0.0,100.0,1.0,4.0,0.0,0.0,0.0,1.0,1.0,0.0,2.0,0.0,0.0,0.0,0.0,0.0,100.0
1768747438.7670023,12.9,0.0,0.0,0.0,0.0,0.0,0.0,2.0,0.0,0.0,0.0,0.0,0.0,4.0,100.0,0.0,0.0,0.0,1.0,0.0,1.0,0.0,0.0,3.0,4.0,6.1,11.1,6.1,4.0,100.0
1768747439.7700202,10.8,1.0,1.0,0.0,0.0,1.0,0.0,2.0,0.0,0.0,0.0,0.0,0.0,0.0,100.0,0.0,0.0,0.0,1.0,0.0,0.0,2.0,2.0,1.0,4.0,1.0,1.0,0.0,0.0,100.0
1768747440.7726426,13.6,1.0,0.0,0.0,0.0,2.0,1.0,0.0,1.0,1.0,1.0,1.0,1.0,1.0,100.0,1.0,0.0,1.0,0.0,0.0,1.0,1.0,5.9,6.1,2.0,1.0,0.0,1.0,3.0,100.0
1768747441.7760136,11.0,0.0,0.0,0.0,0.0,1.0,0.0,0.0,0.0,0.0,0.0,0.0,0.0,0.0,100.0,0.0,0.0,0.0,2.0,1.0,3.0,1.0,0.0,0.0,0.0,0.0,2.0,0.0,0.0,100.0
1768747442.7795959,11.0,0.0,0.0,0.0,0.0,0.0,1.0,1.0,0.0,0.0,0.0,1.0,0.0,0.0,100.0,1.0,0.0,0.0,0.0,1.0,2.0,1.0,0.0,3.1,1.0,1.0,2.1,1.0,5.1,100.0
1768747443.7829547,11.9,0.0,0.0,0.0,0.0,0.0,0.0,0.0,0.0,0.0,0.0,2.0,1.0,0.0,100.0,0.0,0.0,1.0,0.0,0.0,0.0,0.0,0.0,2.0,3.0,0.0,1.0,0.0,1.0,100.0
1768747444.7873662,9.9,1.0,1.0,3.0,6.0,3.0,1.0,0.0,0.0,0.0,0.0,1.0,0.0,1.0,100.0,0.0,0.0,1.0,0.0,0.0,0.0,0.0,0.0,0.0,0.0,0.0,3.1,0.0,0.0,100.0
1768747445.78994,6.2,1.0,3.0,1.0,7.1,6.0,3.0,5.0,1.0,1.0,1.0,0.0,1.0,0.0,100.0,5.0,3.1,0.0,2.0,1.0,7.1,2.0,1.0,2.0,1.0,2.0,4.0,2.0,2.0,100.0
1768747446.7944336,10.1,2.0,3.0,3.0,7.0,5.1,4.0,2.0,2.0,2.0,1.0,3.0,0.0,0.0,100.0,5.1,0.0,2.0,7.0,4.1,6.0,8.0,3.0,2.0,5.0,3.0,2.0,3.0,2.0,100.0
1768747447.7992783,9.1,0.0,0.0,0.0,0.0,3.1,0.0,1.0,12.1,0.0,0.0,8.1,0.0,0.0,100.0,0.0,0.0,1.0,4.0,6.1,5.0,4.0,3.0,1.0,6.0,7.9,1.0,0.0,0.0,100.0
1768747448.803994,9.0,0.0,0.0,0.0,0.0,0.0,0.0,0.0,5.0,1.0,3.0,5.0,3.0,3.0,100.0,0.0,0.0,0.0,0.0,1.0,0.0,6.1,0.0,3.0,1.0,0.0,0.0,0.0,0.0,100.0
1768747449.807774,8.1,1.0,0.0,0.0,0.0,0.0,0.0,0.0,0.0,2.0,0.0,0.0,9.2,2.1,100.0,0.0,0.0,0.0,0.0,0.0,0.0,4.0,1.0,0.0,0.0,0.0,0.0,0.0,0.0,100.0
1768747450.81123,7.2,0.0,1.0,0.0,1.0,1.0,1.0,3.0,2.0,1.0,1.0,1.0,9.0,1.0,100.0,0.0,1.0,5.0,3.0,3.0,2.0,2.0,1.0,1.0,1.0,0.0,1.0,0.0,0.0,100.0
1768747451.8145618,9.1,0.0,0.0,0.0,0.0,0.0,0.0,0.0,2.0,4.0,0.0,0.0,0.0,1.0,100.0,1.0,1.0,8.1,4.1,4.0,0.0,0.0,1.0,0.0,1.0,0.0,0.0,1.0,0.0,100.0
1768747452.818746,9.9,0.0,0.0,0.0,0.0,0.0,0.0,2.0,6.0,2.0,1.0,1.0,1.0,2.0,100.0,0.0,0.0,0.0,2.0,1.0,0.0,0.0,0.0,0.0,0.0,0.0,0.0,0.0,0.0,100.0
1768747453.8230443,11.7,0.0,1.0,0.0,0.0,1.0,0.0,1.0,10.1,4.0,0.0,0.0,1.0,2.0,100.0,0.0,0.0,0.0,2.0,0.0,0.0,1.0,0.0,0.0,0.0,0.0,0.0,2.0,0.0,100.0
1768747454.8280685,13.3,0.0,1.0,0.0,0.0,0.0,0.0,3.0,3.9,3.0,0.0,1.0,0.0,0.0,100.0,0.0,0.0,1.0,2.0,0.0,1.0,1.0,0.0,1.0,0.0,1.0,0.0,1.0,2.0,100.0
1768747455.8324673,12.6,3.0,1.0,1.0,0.0,0.0,0.0,1.0,1.0,1.0,0.0,7.0,1.0,0.0,100.0,1.0,0.0,1.0,2.0,7.0,0.0,0.0,0.0,0.0,0.0,0.0,0.0,3.1,6.0,100.0
1768747456.8357148,10.1,0.0,0.0,0.0,3.0,1.0,2.0,2.0,0.0,0.0,1.0,1.0,0.0,1.0,100.0,0.0,2.1,0.0,3.0,1.0,2.9,1.0,1.0,1.0,1.0,1.0,1.0,1.0,1.0,100.0
1768747457.840121,11.7,0.0,0.0,0.0,0.0,1.0,0.0,1.0,0.0,0.0,0.0,0.0,0.0,0.0,100.0,1.0,2.0,2.0,0.0,1.0,0.0,0.0,1.0,0.0,0.0,0.0,0.0,0.0,2.0,100.0
1768747458.8442929,17.1,0.0,0.0,0.0,0.0,0.0,0.0,4.0,0.0,1.0,0.0,1.0,0.0,0.0,100.0,0.0,2.0,0.0,0.0,0.0,0.0,0.0,1.0,0.0,0.0,0.0,0.0,1.0,0.0,100.0
1768747459.848564,13.5,0.0,0.0,0.0,0.0,1.0,0.0,1.0,0.0,0.0,0.0,0.0,0.0,0.0,100.0,0.0,1.0,0.0,0.0,0.0,0.0,0.0,0.0,0.0,0.0,0.0,0.0,0.0,1.0,100.0
1768747460.851181,20.2,10.0,1.0,2.9,2.0,3.0,0.0,0.0,3.0,1.0,0.0,1.0,1.0,0.0,100.0,5.1,1.0,0.0,3.0,4.1,3.0,1.0,0.0,1.0,1.0,0.0,1.0,3.0,2.0,100.0
1768747461.8548992,11.8,0.0,1.0,0.0,2.0,0.0,2.0,1.0,0.0,1.0,1.0,0.0,0.0,1.0,100.0,9.0,12.2,6.0,2.0,5.0,5.1,2.0,3.0,5.1,4.0,8.1,1.0,2.0,0.0,100.0
1768747462.8598585,9.9,1.0,0.0,0.0,2.0,5.0,0.0,2.0,5.0,0.0,1.0,1.0,0.0,0.0,100.0,2.0,2.0,3.0,3.0,3.0,7.0,1.0,0.0,8.1,0.0,2.0,2.0,1.0,0.0,100.0
1768747463.8648853,9.1,0.0,0.0,0.0,0.0,3.0,1.0,6.0,5.0,2.0,1.0,0.0,0.0,2.0,100.0,1.0,0.0,0.0,0.0,0.0,0.0,0.0,0.0,0.0,0.0,1.0,0.0,0.0,0.0,100.0
1768747464.8690865,9.9,0.0,0.0,0.0,0.0,0.0,0.0,0.0,0.0,2.0,1.0,0.0,3.0,1.0,100.0,0.0,0.0,0.0,0.0,0.0,1.0,0.0,0.0,0.0,2.0,2.0,0.0,0.0,0.0,100.0
1768747465.8725958,6.3,1.0,1.0,1.0,3.0,1.0,2.0,1.0,8.0,1.0,2.0,3.0,9.1,5.0,100.0,3.0,0.0,1.0,1.0,1.0,3.0,3.0,2.0,1.0,2.0,6.0,2.0,2.0,1.0,100.0
1768747466.8762999,10.0,0.0,1.0,1.0,1.0,2.0,2.0,1.0,1.0,0.0,0.0,2.0,1.0,1.0,100.0,3.1,1.0,0.0,0.0,2.0,2.0,0.0,0.0,1.0,2.0,1.0,1.0,2.0,2.0,100.0
1768747467.8806763,9.7,0.0,0.0,0.0,1.0,0.0,0.0,1.0,0.0,0.0,0.0,0.0,0.0,0.0,100.0,5.2,6.1,1.0,2.0,4.0,2.0,2.0,1.0,0.0,0.0,0.0,0.0,0.0,0.0,100.0
1768747468.8842816,10.7,0.0,0.0,0.0,1.0,0.0,0.0,1.0,1.0,1.0,1.0,0.0,0.0,0.0,100.0,10.0,1.0,2.0,2.0,10.9,7.0,3.1,4.1,4.0,10.1,2.0,2.0,1.0,1.0,100.0
1768747469.8878229,9.0,0.0,0.0,0.0,1.0,0.0,1.0,1.0,0.0,0.0,0.0,0.0,0.0,0.0,100.0,1.0,4.0,0.0,3.0,0.0,0.0,4.1,10.0,3.0,2.0,12.0,12.4,6.1,2.0,100.0
1768747470.8920348,8.2,1.0,1.0,0.0,0.0,0.0,1.0,0.0,5.1,5.1,4.0,0.0,0.0,0.0,100.0,0.0,3.0,1.0,1.0,0.0,1.0,2.0,2.0,2.0,2.0,4.0,1.0,4.0,5.2,100.0
1768747471.89407,10.8,0.0,0.0,2.0,0.0,1.0,1.0,0.0,2.0,4.0,8.1,0.0,0.0,0.0,100.0,1.0,0.0,0.0,2.9,1.0,0.0,0.0,0.0,0.0,3.0,0.0,0.0,0.0,0.0,100.0
1768747472.8972764,11.7,0.0,0.0,0.0,0.0,0.0,1.0,0.0,0.0,0.0,0.0,1.0,0.0,2.0,100.0,3.0,5.2,3.0,3.0,4.0,1.0,0.0,0.0,0.0,1.0,1.0,1.0,0.0,1.0,100.0
1768747473.9005713,9.1,2.0,0.0,0.0,0.0,0.0,0.0,0.0,0.0,0.0,0.0,0.0,0.0,0.0,100.0,1.0,1.0,9.1,5.1,1.0,0.0,2.0,0.0,1.0,0.0,0.0,0.0,0.0,0.0,100.0
1768747474.9042046,10.8,2.0,9.0,0.0,0.0,1.0,0.0,0.0,0.0,0.0,1.0,0.0,0.0,0.0,100.0,7.1,7.1,10.1,4.1,1.0,2.0,1.0,3.0,2.0,0.0,0.0,0.0,0.0,0.0,100.0
1768747475.9080517,11.8,2.0,1.0,0.0,0.0,1.0,0.0,0.0,0.0,0.0,0.0,1.0,0.0,0.0,100.0,1.0,5.1,11.2,1.0,2.0,0.0,9.2,1.0,1.0,1.0,0.0,0.0,0.0,1.0,100.0
1768747476.9121394,8.1,2.0,0.0,1.0,0.0,0.0,0.0,0.0,0.0,0.0,0.0,0.0,0.0,0.0,100.0,0.0,1.0,2.0,0.0,3.0,4.0,2.0,1.0,3.0,0.0,0.0,0.0,0.0,1.0,100.0
1768747477.9178345,9.1,1.0,1.0,2.0,1.0,3.0,1.0,2.0,0.0,0.0,1.0,0.0,1.0,0.0,100.0,1.0,0.0,5.1,1.0,4.0,1.0,14.1,1.0,3.0,1.0,2.0,12.1,4.0,1.0,100.0
1768747478.9226127,11.5,3.0,3.0,6.1,2.0,0.0,1.0,0.0,0.0,0.0,0.0,0.0,2.9,0.0,100.0,1.0,2.0,1.0,1.0,0.0,1.0,0.0,2.0,0.0,1.0,0.0,1.0,1.0,3.0,100.0
1768747479.9254754,6.3,0.0,3.0,2.0,5.0,3.0,5.0,3.0,2.0,1.0,0.0,1.0,0.0,0.0,100.0,1.0,1.0,0.0,2.0,4.0,2.0,4.0,8.1,8.1,5.0,6.0,2.0,4.0,0.0,100.0
1768747480.9301958,11.7,0.0,0.0,0.0,0.0,0.0,0.0,0.0,0.0,0.0,0.0,0.0,0.0,0.0,100.0,2.0,0.0,0.0,0.0,3.1,2.0,0.0,10.2,7.1,4.0,5.1,2.0,1.0,2.0,100.0
1768747481.9340806,14.6,2.0,0.0,1.0,0.0,0.0,0.0,1.0,0.0,0.0,0.0,1.0,0.0,0.0,100.0,1.0,5.9,0.0,0.0,1.0,0.0,1.0,0.0,1.0,0.0,0.0,1.0,0.0,0.0,100.0
1768747482.9377,13.3,3.0,8.1,5.0,0.0,1.0,1.0,1.0,6.1,1.0,0.0,0.0,1.0,1.0,100.0,0.0,3.0,2.9,0.0,0.0,0.0,1.0,1.0,2.0,2.0,1.0,2.1,1.0,1.0,100.0
1768747483.9421217,10.8,0.0,0.0,0.0,0.0,1.0,0.0,0.0,1.0,7.1,3.1,2.0,10.1,9.1,100.0,1.0,1.0,3.0,0.0,3.0,2.0,0.0,0.0,0.0,2.0,0.0,2.0,0.0,0.0,100.0
1768747484.9468458,8.1,4.0,2.0,0.0,0.0,0.0,8.1,1.0,1.0,2.0,2.0,0.0,1.0,0.0,100.0,3.0,0.0,2.0,0.0,2.0,5.1,7.9,0.0,0.0,0.0,0.0,3.0,1.0,3.0,100.0
1768747485.9503984,10.8,2.0,5.0,0.0,1.0,0.0,0.0,0.0,2.0,0.0,0.0,0.0,0.0,0.0,100.0,0.0,0.0,2.1,7.1,6.1,5.9,3.0,4.0,7.1,1.0,0.0,3.0,0.0,0.0,100.0
1768747486.9534104,7.2,1.0,0.0,0.0,2.0,0.0,0.0,1.0,0.0,0.0,0.0,0.0,0.0,0.0,100.0,2.0,1.0,1.0,11.1,5.1,7.1,3.1,4.0,3.0,6.0,4.0,1.0,1.0,2.0,100.0
1768747487.9568238,11.1,3.0,1.0,1.0,0.0,6.0,1.0,0.0,1.0,0.0,9.2,4.0,3.0,5.0,100.0,1.0,3.0,13.1,10.0,0.0,2.0,1.0,3.0,9.2,3.1,4.0,1.0,1.0,4.0,100.0
1768747488.9613662,8.3,1.0,1.0,2.0,2.0,1.0,1.0,0.0,1.0,1.0,0.0,11.2,1.0,3.0,100.0,1.0,0.0,3.1,1.0,2.0,3.0,8.0,3.0,2.0,1.0,0.0,1.0,2.0,3.0,100.0
1768747489.9636009,11.7,1.0,1.0,0.0,1.0,0.0,0.0,0.0,0.0,0.0,0.0,0.0,4.0,2.0,100.0,2.0,0.0,1.0,0.0,2.0,0.0,0.0,0.0,0.0,1.0,0.0,0.0,3.0,0.0,100.0
1768747490.968181,9.1,0.0,0.0,0.0,0.0,1.0,0.0,1.0,0.0,1.0,0.0,0.0,0.0,0.0,100.0,2.0,2.0,1.0,1.0,2.0,10.1,0.0,0.0,0.0,0.0,0.0,1.0,0.0,0.0,100.0
1768747491.9715056,5.3,0.0,1.0,0.0,0.0,0.0,2.0,0.0,0.0,0.0,0.0,1.0,1.0,0.0,100.0,0.0,1.0,2.0,0.0,2.0,6.1,5.0,1.0,6.1,0.0,0.0,1.0,0.0,2.0,100.0
1768747492.9756157,8.2,3.0,1.0,1.0,0.0,1.0,0.0,1.0,1.0,0.0,4.0,5.1,0.0,1.0,100.0,0.0,0.0,2.0,0.0,4.0,4.1,3.1,2.0,4.0,2.0,1.0,1.0,0.0,0.0,100.0
1768747493.9800637,6.3,1.0,1.0,1.0,1.0,1.0,2.0,1.0,0.0,1.0,0.0,1.0,4.0,4.0,100.0,0.0,1.0,1.0,1.0,1.0,2.0,2.0,2.0,0.0,0.0,1.0,0.0,1.0,1.0,100.0
1768747494.9851794,9.9,0.0,0.0,0.0,1.0,0.0,0.0,2.0,0.0,0.0,0.0,0.0,0.0,0.0,100.0,0.0,0.0,1.0,0.0,0.0,0.0,0.0,0.0,0.0,0.0,0.0,0.0,0.0,1.0,100.0
1768747495.9896095,7.2,0.0,1.0,1.0,7.1,1.0,0.0,0.0,0.0,0.0,0.0,0.0,0.0,0.0,100.0,1.0,0.0,4.0,2.0,1.0,2.0,0.0,0.0,0.0,0.0,0.0,0.0,0.0,0.0,100.0
1768747497.0859218,7.2,3.0,4.1,0.0,0.0,0.0,0.0,0.0,0.0,0.0,0.0,0.0,0.0,0.0,100.0,0.0,0.0,3.0,1.0,2.0,0.0,1.0,0.0,0.0,1.0,0.0,0.0,0.0,0.0,100.0
1768747498.0903842,9.0,3.0,2.0,4.0,1.0,0.0,0.0,0.0,0.0,0.0,0.0,1.0,0.0,0.0,100.0,1.0,1.0,2.0,2.0,0.0,0.0,0.0,0.0,1.0,0.0,0.0,0.0,0.0,0.0,100.0
1768747499.0955276,7.3,5.0,2.0,3.0,3.0,6.0,6.0,7.1,2.0,1.0,3.0,3.0,1.0,1.0,100.0,2.0,3.1,2.0,13.1,3.0,3.0,4.0,2.0,2.0,0.0,2.0,16.0,1.0,1.0,100.0
1768747500.0988278,8.2,0.0,0.0,0.0,0.0,0.0,0.0,5.0,7.1,0.0,0.0,3.0,1.0,4.0,100.0,4.0,3.0,4.0,1.0,0.0,0.0,10.9,7.9,6.9,0.0,0.0,1.0,1.0,0.0,100.0
1768747501.119483,10.8,3.0,0.0,1.0,0.0,0.0,0.0,2.0,0.0,0.0,0.0,2.0,7.0,10.1,100.0,3.1,1.0,1.0,10.1,2.0,2.0,0.0,7.0,1.0,0.0,0.0,0.0,0.0,3.0,100.0
1768747502.1235285,9.0,2.0,0.0,0.0,0.0,0.0,0.0,0.0,0.0,0.0,0.0,0.0,1.0,0.0,100.0,0.0,0.0,2.0,0.0,3.0,2.0,1.0,2.0,8.0,6.0,8.0,12.1,0.0,2.0,100.0
1768747503.1282132,11.4,1.0,0.0,0.0,0.0,0.0,0.0,0.0,0.0,0.0,0.0,2.0,7.1,0.0,100.0,5.0,1.0,4.0,2.0,0.0,3.1,11.1,2.0,2.0,6.0,4.0,1.0,5.1,10.2,100.0
1768747504.1317942,11.7,0.0,2.0,0.0,7.9,0.0,2.0,4.0,2.0,1.0,1.0,2.0,0.0,1.0,100.0,4.0,6.2,4.0,6.1,4.0,12.2,8.1,0.0,2.0,3.0,9.1,3.0,2.0,4.0,100.0
1768747505.1365507,12.6,0.0,0.0,2.0,0.0,1.0,1.0,0.0,0.0,0.0,0.0,11.0,3.0,1.0,100.0,0.0,2.0,6.1,5.0,2.1,10.1,3.0,1.0,1.0,2.0,1.0,0.0,0.0,0.0,100.0
1768747506.1398137,12.6,0.0,0.0,0.0,0.0,0.0,1.0,0.0,0.0,0.0,0.0,0.0,0.0,0.0,100.0,0.0,0.0,0.0,0.0,1.0,0.0,0.0,0.0,3.0,5.1,3.0,1.0,4.1,1.0,100.0
1768747507.1442363,9.9,0.0,0.0,0.0,0.0,0.0,2.0,3.0,4.0,1.0,1.0,0.0,0.0,0.0,100.0,0.0,0.0,3.0,1.0,2.9,4.0,3.0,0.0,5.1,1.0,0.0,0.0,6.9,3.0,100.0
1768747508.149634,12.9,1.0,0.0,0.0,0.0,0.0,0.0,0.0,0.0,9.1,7.0,6.1,1.0,0.0,100.0,0.0,2.0,1.0,0.0,2.0,10.2,3.0,10.0,4.1,5.1,0.0,5.0,1.0,1.0,100.0
1768747509.1528742,13.6,3.1,5.0,3.0,0.0,0.0,0.0,0.0,0.0,2.0,1.0,0.0,1.0,0.0,100.0,0.0,0.0,2.0,0.0,5.0,0.0,0.0,11.0,8.0,1.0,1.0,0.0,0.0,0.0,100.0
1768747510.1561208,10.1,2.0,0.0,0.0,0.0,1.0,0.0,0.0,1.0,2.0,2.0,3.1,5.1,9.2,100.0,2.0,1.0,2.1,0.0,2.0,0.0,2.0,9.0,5.1,12.9,2.0,2.0,3.0,1.0,100.0
1768747511.1601498,9.1,0.0,0.0,2.0,0.0,0.0,0.0,1.0,3.0,0.0,1.0,2.0,0.0,1.0,100.0,0.0,0.0,4.0,15.0,5.1,4.0,1.0,1.0,5.9,7.2,10.2,6.1,7.0,1.0,100.0
1768747512.164239,10.1,0.0,0.0,0.0,0.0,0.0,0.0,3.1,1.0,6.1,10.1,10.0,5.0,0.0,100.0,0.0,3.0,0.0,0.0,2.0,1.0,10.0,8.0,7.2,7.1,4.0,10.3,1.0,11.2,100.0
1768747513.1684866,11.8,0.0,0.0,0.0,0.0,0.0,1.0,0.0,0.0,5.0,3.0,0.0,2.0,0.0,100.0,0.0,2.0,0.0,0.0,0.0,0.0,0.0,2.0,1.0,0.0,2.0,9.0,7.0,11.1,100.0
1768747514.1719153,10.8,0.0,1.0,0.0,0.0,0.0,0.0,0.0,0.0,3.0,2.0,0.0,0.0,1.0,100.0,0.0,1.0,0.0,0.0,0.0,1.0,0.0,0.0,0.0,1.0,0.0,1.0,4.1,1.0,100.0
1768747515.1754553,7.2,4.0,1.0,4.0,3.0,3.0,1.0,4.0,0.0,7.1,1.0,4.0,1.0,1.0,100.0,1.0,0.0,3.0,1.0,2.0,0.0,1.0,2.0,2.0,4.0,3.0,6.0,6.9,5.0,100.0
1768747516.180231,10.9,0.0,0.0,0.0,0.0,1.0,1.0,1.0,1.0,0.0,0.0,2.0,3.0,2.0,100.0,5.1,2.0,1.0,1.0,0.0,0.0,0.0,0.0,0.0,2.0,6.0,0.0,0.0,0.0,100.0
1768747517.184672,10.8,0.0,0.0,0.0,0.0,0.0,0.0,0.0,0.0,0.0,0.0,0.0,0.0,0.0,100.0,1.0,1.0,4.0,2.0,2.0,0.0,0.0,0.0,0.0,0.0,0.0,0.0,0.0,0.0,100.0
1768747518.188745,9.8,2.0,1.0,0.0,1.0,1.0,2.0,0.0,0.0,0.0,0.0,0.0,0.0,0.0,100.0,2.0,6.1,0.0,3.0,5.0,1.0,1.0,0.0,0.0,0.0,0.0,0.0,0.0,0.0,100.0
1768747519.1932163,8.9,0.0,1.0,3.0,7.1,5.1,4.0,5.1,2.0,0.0,1.0,0.0,1.0,0.0,100.0,1.0,2.0,3.0,6.2,3.1,2.0,3.0,3.0,4.0,5.0,1.0,1.0,0.0,0.0,100.0
1768747520.197974,7.3,1.0,1.0,1.0,0.0,0.0,1.0,0.0,2.0,6.0,8.0,16.2,7.2,6.1,100.0,1.0,0.0,0.0,0.0,1.0,0.0,0.0,2.0,7.0,1.0,3.0,0.0,1.0,1.0,100.0
1768747521.5143874,7.2,0.0,0.0,1.0,1.0,0.0,1.0,1.0,0.0,0.0,0.0,5.0,1.0,0.0,100.0,0.0,0.0,0.0,0.0,0.0,0.0,3.0,1.0,0.0,0.0,0.0,0.0,3.0,2.0,100.0
1768747522.5166907,6.2,0.0,0.0,0.0,0.0,1.0,1.0,1.0,0.0,0.0,0.0,2.0,5.1,1.0,100.0,4.0,1.0,0.0,0.0,0.0,0.0,1.0,0.0,0.0,0.0,3.0,4.0,6.0,1.0,100.0
1768747523.5190575,11.0,2.0,3.0,1.0,1.0,1.0,2.0,2.0,1.0,0.0,0.0,0.0,0.0,2.0,100.0,5.9,5.0,9.1,2.0,3.0,1.0,1.0,1.0,0.0,1.0,2.0,0.0,0.0,5.0,100.0
1768747524.5227463,4.3,0.0,0.0,0.0,1.0,0.0,1.0,0.0,1.0,2.0,0.0,1.0,1.0,0.0,100.0,4.0,0.0,0.0,0.0,3.0,0.0,0.0,2.9,3.0,0.0,2.0,0.0,0.0,1.0,100.0
1768747525.5267098,7.2,1.0,1.0,1.0,0.0,2.0,1.0,0.0,0.0,0.0,1.0,0.0,1.0,0.0,100.0,7.0,0.0,1.0,4.0,5.1,0.0,1.0,0.0,0.0,0.0,4.0,1.0,0.0,1.0,100.0
1768747526.5306695,9.4,2.0,3.0,2.9,0.0,0.0,2.0,1.0,1.0,1.0,1.0,2.0,0.0,2.0,100.0,1.0,2.0,0.0,0.0,2.0,5.0,3.0,3.0,4.0,1.0,2.0,2.0,1.0,1.0,100.0
1768747527.5348086,10.1,2.0,0.0,0.0,0.0,0.0,0.0,0.0,0.0,1.0,0.0,0.0,0.0,0.0,100.0,1.0,0.0,2.0,0.0,0.0,0.0,0.0,0.0,0.0,1.0,2.0,2.0,2.0,2.0,100.0
1768747528.5381174,10.5,4.0,5.0,3.0,3.0,3.0,3.1,5.0,5.0,4.0,3.0,4.0,4.0,3.1,100.0,3.0,4.9,2.0,3.0,4.0,5.0,6.0,4.0,4.0,4.0,4.0,2.0,3.0,4.0,100.0
1768747529.5631967,13.0,11.1,6.0,3.0,5.0,2.0,0.0,0.0,0.0,0.0,0.0,0.0,0.0,0.0,100.0,4.0,0.0,1.0,0.0,8.0,10.2,8.1,7.1,4.0,4.0,1.0,0.0,0.0,3.1,100.0
1768747530.5652614,10.9,0.0,0.0,0.0,1.0,0.0,2.0,0.0,0.0,0.0,0.0,0.0,0.0,2.0,100.0,0.0,0.0,2.0,1.0,2.0,1.0,0.0,2.0,7.9,9.2,10.2,5.0,5.1,4.1,100.0
1768747531.570212,9.3,6.1,8.2,8.1,4.0,5.1,6.1,7.1,5.9,8.1,11.0,2.0,5.0,1.0,100.0,3.0,1.0,6.1,11.0,5.1,5.0,1.0,1.0,3.0,13.0,2.0,1.0,4.0,10.0,100.0
1768747532.5724962,11.7,6.1,8.0,11.0,4.0,1.0,1.0,2.0,7.0,1.0,0.0,0.0,0.0,0.0,100.0,2.0,1.0,1.0,1.0,4.1,3.0,0.0,0.0,2.0,5.1,0.0,0.0,0.0,0.0,100.0
1768747533.576969,11.8,16.0,1.0,0.0,0.0,2.0,7.1,2.0,9.1,1.0,9.1,3.1,13.1,1.0,100.0,1.0,1.0,0.0,0.0,0.0,1.0,3.0,3.0,3.0,3.0,5.1,6.1,5.0,0.0,100.0
1768747534.5807562,13.5,0.0,11.0,8.2,4.0,4.1,2.0,2.0,0.0,1.0,9.1,9.1,8.1,5.0,100.0,2.1,13.4,0.0,2.0,2.0,0.0,1.0,1.0,4.0,1.0,11.0,5.1,8.1,0.0,100.0
1768747535.5849333,11.9,11.0,13.1,5.0,2.0,0.0,5.1,7.1,1.0,0.0,0.0,0.0,1.0,4.0,100.0,3.1,1.0,2.0,4.0,2.0,1.0,1.0,1.0,7.0,1.0,1.0,0.0,1.0,1.0,100.0
1768747536.5890617,11.2,1.0,2.0,1.0,1.0,1.0,5.0,4.0,5.0,1.0,1.0,0.0,0.0,0.0,100.0,3.0,5.0,1.0,0.0,2.0,5.0,1.0,1.0,1.0,2.0,0.0,0.0,1.0,0.0,100.0
1768747537.592608,15.4,4.0,2.0,3.0,3.0,6.1,1.0,0.0,0.0,0.0,0.0,0.0,1.0,1.0,100.0,1.0,0.0,1.0,1.0,4.0,0.0,1.0,1.0,3.1,0.0,0.0,0.0,0.0,0.0,100.0
1768747538.5959175,9.0,2.0,1.0,6.1,7.1,5.0,2.0,1.0,4.0,3.0,0.0,1.0,1.0,0.0,100.0,0.0,0.0,0.0,0.0,0.0,0.0,0.0,0.0,1.0,2.0,2.0,0.0,1.0,0.0,100.0
1768747539.5993056,10.9,1.0,0.0,2.0,6.1,6.1,2.0,9.0,8.1,9.0,3.0,0.0,0.0,0.0,100.0,0.0,0.0,2.0,0.0,1.0,4.0,1.0,0.0,1.0,5.1,1.0,1.0,0.0,1.0,100.0
1768747540.602027,9.0,0.0,0.0,2.0,2.0,10.0,6.2,9.2,6.1,2.0,5.0,13.0,7.1,4.0,100.0,1.0,0.0,1.0,0.0,0.0,1.0,0.0,1.0,2.0,15.0,4.1,3.0,0.0,1.0,100.0
1768747541.6040008,13.3,0.0,0.0,0.0,0.0,0.0,3.0,2.0,1.0,9.3,2.0,8.1,6.9,5.9,100.0,2.0,0.0,1.0,0.0,0.0,3.0,0.0,1.0,0.0,0.0,0.0,0.0,1.0,1.0,100.0
1768747542.608114,8.2,0.0,2.0,0.0,0.0,2.0,0.0,2.9,0.0,1.0,1.0,1.0,0.0,1.0,100.0,1.0,2.0,0.0,2.0,1.0,0.0,0.0,1.0,1.0,0.0,1.0,0.0,0.0,3.0,100.0
1768747543.612402,12.5,0.0,0.0,5.9,0.0,1.0,0.0,1.0,0.0,0.0,0.0,0.0,0.0,2.0,100.0,0.0,0.0,1.0,1.0,0.0,0.0,0.0,0.0,0.0,0.0,0.0,1.0,1.0,0.0,100.0
1768747544.6174498,14.3,5.0,0.0,5.1,0.0,2.0,2.0,2.0,0.0,0.0,0.0,0.0,0.0,0.0,100.0,4.0,4.0,1.0,1.0,1.0,2.0,0.0,1.0,3.0,1.0,1.0,0.0,0.0,2.0,100.0
1768747545.6219087,16.0,0.0,0.0,3.0,1.0,0.0,1.0,0.0,0.0,0.0,0.0,0.0,0.0,0.0,100.0,2.0,4.0,0.0,0.0,0.0,0.0,0.0,0.0,0.0,0.0,0.0,0.0,0.0,2.0,100.0
1768747546.6266806,9.8,0.0,0.0,2.0,0.0,0.0,0.0,0.0,0.0,0.0,0.0,0.0,0.0,0.0,100.0,1.0,2.0,0.0,2.0,1.0,0.0,0.0,0.0,0.0,0.0,0.0,0.0,0.0,1.0,100.0
1768747547.6302798,13.3,1.0,0.0,0.0,0.0,1.0,0.0,3.0,0.0,0.0,0.0,0.0,3.0,2.0,100.0,0.0,2.0,0.0,2.0,0.0,0.0,2.0,0.0,1.0,0.0,0.0,0.0,1.0,0.0,100.0
1768747548.8389378,13.5,3.0,0.0,3.0,0.0,3.0,3.0,1.0,0.0,0.0,0.0,0.0,1.0,2.0,100.0,1.0,1.0,3.0,3.0,2.0,0.0,0.0,0.0,1.0,0.0,3.0,0.0,0.0,1.0,100.0
1768747549.8433475,9.8,2.0,1.0,0.0,0.0,1.0,1.0,0.0,1.0,0.0,0.0,0.0,0.0,1.0,100.0,2.0,2.0,2.0,0.0,0.0,0.0,0.0,0.0,0.0,0.0,0.0,1.0,0.0,1.0,100.0
1768747550.8480477,3.2,0.0,0.0,0.0,1.0,4.0,2.0,0.0,0.0,0.0,0.0,1.0,0.0,0.0,100.0,0.0,4.0,1.0,1.0,0.0,0.0,1.0,4.0,0.0,0.0,1.0,0.0,2.0,3.0,100.0
1768747551.851432,15.5,2.0,0.0,1.0,0.0,2.0,1.0,1.0,1.0,0.0,1.0,0.0,0.0,2.0,100.0,3.0,10.1,2.0,2.0,0.0,0.0,0.0,2.0,0.0,1.0,0.0,0.0,0.0,19.6,100.0
1768747552.8541834,10.9,10.2,1.0,6.1,2.0,1.0,0.0,4.0,0.0,0.0,0.0,0.0,1.0,3.0,100.0,0.0,1.0,1.0,0.0,0.0,1.0,0.0,11.2,1.0,0.0,0.0,0.0,0.0,9.1,100.0
1768747553.8588169,9.0,1.0,0.0,1.0,1.0,1.0,2.0,0.0,1.0,0.0,0.0,0.0,1.0,14.1,100.0,2.0,0.0,1.0,0.0,0.0,0.0,1.0,6.1,2.0,1.0,1.0,1.0,0.0,1.0,100.0
1768747554.8621893,8.7,0.0,0.0,0.0,1.0,0.0,0.0,1.0,0.0,0.0,0.0,0.0,0.0,8.2,100.0,2.0,0.0,0.0,3.0,0.0,0.0,0.0,2.0,3.0,0.0,0.0,0.0,0.0,0.0,100.0
1768747555.8666165,11.5,0.0,1.0,0.0,1.0,0.0,2.0,0.0,0.0,0.0,0.0,1.0,0.0,0.0,100.0,2.0,10.1,0.0,3.0,0.0,0.0,0.0,3.0,1.0,0.0,0.0,0.0,0.0,1.0,100.0
1768747556.8714697,11.8,3.0,1.0,3.0,1.0,0.0,1.0,1.0,0.0,0.0,0.0,0.0,1.0,10.2,100.0,1.0,5.9,2.0,12.1,0.0,0.0,0.0,14.1,2.0,0.0,0.0,0.0,0.0,0.0,100.0
1768747557.8748913,13.0,3.0,0.0,1.0,1.0,1.0,0.0,0.0,0.0,0.0,0.0,0.0,0.0,12.1,100.0,1.0,8.2,2.0,1.0,0.0,0.0,0.0,8.0,3.0,1.0,0.0,0.0,0.0,0.0,100.0
1768747558.878389,12.0,4.0,1.0,0.0,1.0,1.0,2.0,0.0,1.0,2.0,1.0,1.0,0.0,11.1,100.0,2.0,4.1,9.9,1.0,1.0,0.0,2.0,15.0,2.0,1.0,1.0,0.0,1.0,1.0,100.0
1768747559.882499,11.7,0.0,0.0,0.0,1.0,0.0,0.0,0.0,0.0,0.0,1.0,0.0,0.0,1.0,100.0,1.0,2.0,0.0,2.0,0.0,0.0,0.0,9.3,0.0,0.0,0.0,1.0,0.0,0.0,100.0
1768747560.8860152,12.6,0.0,0.0,7.1,1.0,1.0,3.0,4.0,1.0,0.0,0.0,0.0,0.0,3.0,100.0,2.0,1.0,1.0,12.4,0.0,0.0,0.0,22.2,2.0,0.0,0.0,0.0,0.0,0.0,100.0
1768747561.8892539,8.1,0.0,1.0,5.1,0.0,0.0,2.0,1.0,0.0,0.0,1.0,0.0,0.0,0.0,100.0,1.0,2.0,1.0,13.1,0.0,1.0,0.0,7.1,2.0,0.0,0.0,1.0,0.0,1.0,100.0
1768747562.8940976,12.4,0.0,0.0,1.0,0.0,0.0,2.0,0.0,1.0,0.0,1.0,0.0,0.0,0.0,100.0,1.0,1.0,1.0,2.0,1.0,1.0,1.0,4.1,1.0,0.0,0.0,0.0,0.0,0.0,100.0
1768747563.8982155,15.1,0.0,0.0,0.0,1.0,1.0,0.0,0.0,0.0,1.0,0.0,0.0,0.0,1.0,100.0,0.0,15.3,3.0,2.0,1.0,0.0,0.0,4.0,5.2,1.0,0.0,2.0,1.0,0.0,100.0
1768747564.9021757,12.7,0.0,1.0,1.0,2.0,1.0,1.0,1.0,2.0,0.0,3.0,4.1,0.0,1.0,100.0,1.0,1.0,2.0,3.0,1.0,0.0,2.0,2.0,10.0,1.0,2.0,0.0,0.0,1.0,100.0
1768747565.905522,10.0,0.0,0.0,0.0,0.0,0.0,0.0,0.0,0.0,0.0,1.0,0.0,0.0,0.0,100.0,0.0,0.0,1.0,0.0,0.0,1.0,0.0,6.1,0.0,0.0,0.0,0.0,0.0,0.0,100.0
1768747566.90996,17.0,4.0,0.0,2.0,0.0,0.0,1.0,1.0,0.0,0.0,4.0,0.0,0.0,1.0,100.0,0.0,0.0,1.0,6.0,2.0,0.0,0.0,4.0,1.0,0.0,0.0,1.0,0.0,0.0,100.0
1768747567.9162672,14.2,0.0,0.0,0.0,0.0,0.0,1.0,1.0,2.0,0.0,3.1,0.0,0.0,0.0,100.0,2.9,4.0,2.0,19.2,1.0,0.0,0.0,1.0,4.0,1.0,0.0,0.0,0.0,0.0,100.0
1768747568.9200857,11.9,0.0,0.0,0.0,1.0,0.0,1.0,1.0,2.0,1.0,1.0,0.0,1.0,0.0,100.0,0.0,1.0,2.0,21.2,0.0,0.0,0.0,0.0,19.0,1.0,1.0,2.0,0.0,0.0,100.0
1768747569.9236062,12.6,0.0,0.0,5.0,1.0,1.0,1.0,1.0,1.0,9.0,2.0,1.0,0.0,1.0,100.0,1.0,0.0,2.0,13.1,1.0,0.0,1.0,2.0,11.3,0.0,1.0,2.0,2.0,0.0,100.0
1768747570.927739,9.9,0.0,3.0,0.0,1.0,0.0,1.0,1.0,0.0,0.0,1.0,0.0,0.0,0.0,100.0,3.0,2.0,0.0,2.0,0.0,1.0,1.0,7.0,1.0,0.0,0.0,0.0,0.0,0.0,100.0
1768747571.9306211,14.4,1.0,0.0,0.0,1.0,1.0,2.0,1.0,1.0,0.0,2.0,1.0,0.0,0.0,100.0,1.0,0.0,2.9,12.4,0.0,0.0,2.0,6.1,7.0,0.0,0.0,0.0,0.0,0.0,100.0
1768747572.935474,13.7,0.0,3.1,0.0,0.0,1.0,2.0,0.0,1.0,1.0,3.0,0.0,0.0,1.0,100.0,0.0,0.0,1.0,12.2,0.0,0.0,1.0,0.0,5.1,0.0,0.0,0.0,0.0,0.0,100.0
1768747573.9397347,10.8,0.0,4.0,0.0,0.0,0.0,2.0,0.0,0.0,1.0,1.0,0.0,0.0,0.0,100.0,0.0,0.0,2.0,6.1,0.0,0.0,3.0,0.0,6.1,0.0,0.0,0.0,0.0,0.0,100.0
1768747574.9437933,12.6,1.0,2.0,1.0,1.0,0.0,1.0,1.0,1.0,0.0,2.0,2.0,0.0,0.0,100.0,2.0,0.0,1.0,6.1,0.0,1.0,4.1,0.0,8.1,2.0,1.0,1.0,1.0,0.0,100.0
1768747575.9474113,12.7,0.0,0.0,2.0,1.0,0.0,1.0,2.0,0.0,1.0,2.0,1.0,0.0,0.0,100.0,0.0,0.0,1.0,7.1,0.0,2.0,0.0,0.0,11.2,2.0,0.0,10.1,1.0,1.0,100.0
1768747576.9527895,10.9,0.0,0.0,3.0,0.0,1.0,1.0,0.0,0.0,0.0,3.0,1.0,0.0,2.0,100.0,1.0,2.0,0.0,13.4,0.0,0.0,1.0,2.0,8.1,2.0,0.0,16.3,0.0,0.0,100.0
1768747577.9568202,11.5,1.0,0.0,1.0,0.0,0.0,2.0,0.0,1.0,0.0,0.0,1.0,0.0,0.0,100.0,2.0,0.0,1.0,0.0,0.0,3.0,0.0,0.0,6.0,0.0,0.0,3.1,0.0,0.0,100.0
1768747578.9613538,10.9,1.0,4.0,1.0,0.0,0.0,0.0,0.0,0.0,0.0,1.0,1.0,1.0,0.0,100.0,0.0,0.0,1.0,0.0,1.0,1.0,0.0,1.0,3.0,1.0,0.0,10.2,0.0,0.0,100.0
1768747579.9647212,11.2,1.0,2.0,2.0,1.0,0.0,1.0,0.0,0.0,0.0,2.0,2.0,4.1,1.0,100.0,1.0,0.0,0.0,17.0,0.0,3.0,0.0,6.1,4.0,0.0,1.0,8.1,0.0,0.0,100.0
1768747580.969003,12.6,1.0,1.0,1.0,2.0,1.0,1.0,1.0,0.0,0.0,1.0,2.0,1.0,0.0,100.0,2.0,2.0,3.0,7.1,2.0,2.0,0.0,6.1,7.0,0.0,0.0,20.0,0.0,2.0,100.0
1768747581.9731934,12.6,0.0,2.0,0.0,1.0,0.0,2.0,0.0,1.0,1.0,1.0,0.0,1.0,1.0,100.0,0.0,0.0,1.0,15.3,0.0,1.0,0.0,7.0,0.0,0.0,0.0,11.2,0.0,0.0,100.0
1768747582.9781432,17.4,0.0,2.0,0.0,0.0,0.0,0.0,0.0,0.0,0.0,1.0,0.0,1.0,1.0,100.0,0.0,0.0,2.0,11.9,0.0,1.0,1.0,5.1,0.0,2.0,1.0,0.0,0.0,0.0,100.0
1768747583.982945,13.5,2.0,7.1,1.0,1.0,0.0,2.1,0.0,0.0,0.0,0.0,0.0,0.0,0.0,100.0,0.0,2.0,1.0,3.0,0.0,0.0,0.0,2.0,0.0,1.0,0.0,4.0,0.0,0.0,100.0
1768747584.9884253,13.5,1.0,6.1,0.0,5.0,0.0,1.0,0.0,0.0,0.0,1.0,2.9,0.0,1.0,100.0,0.0,2.0,2.0,9.1,1.0,0.0,0.0,15.2,0.0,2.0,0.0,10.0,0.0,0.0,100.0
1768747585.9902897,12.7,2.0,3.0,0.0,3.0,1.0,1.0,1.0,1.0,0.0,1.0,0.0,1.0,0.0,100.0,1.0,1.0,2.0,2.0,1.0,3.0,3.0,3.1,4.0,1.0,0.0,7.1,0.0,1.0,100.0
1768747586.992287,12.5,0.0,0.0,0.0,2.0,0.0,1.0,0.0,0.0,0.0,0.0,0.0,0.0,1.0,100.0,0.0,0.0,0.0,2.0,0.0,0.0,0.0,0.0,5.1,0.0,0.0,9.0,0.0,0.0,100.0
1768747587.9966762,15.6,0.0,0.0,0.0,2.0,1.0,1.0,0.0,0.0,0.0,1.0,1.0,0.0,0.0,100.0,0.0,2.0,0.0,10.2,0.0,2.0,2.0,1.0,7.1,1.0,0.0,9.0,0.0,0.0,100.0
1768747588.998727,10.0,2.0,2.0,1.0,2.0,0.0,1.0,0.0,1.0,1.0,0.0,1.0,1.0,0.0,100.0,0.0,0.0,1.0,8.1,2.0,1.0,2.0,3.0,1.0,4.0,2.0,5.0,1.0,1.0,100.0
1768747590.0022693,6.3,1.0,2.0,0.0,1.0,1.0,4.1,3.0,1.0,2.0,1.0,0.0,2.0,2.0,100.0,1.0,3.0,2.0,5.0,3.1,0.0,1.0,1.0,1.0,1.0,0.0,1.0,8.1,0.0,100.0
1768747591.113941,7.2,1.0,1.0,1.0,0.0,0.0,4.0,1.0,1.0,1.0,1.0,1.0,0.0,0.0,100.0,1.0,2.0,1.0,12.2,3.0,0.0,1.0,5.9,1.0,3.1,0.0,0.0,1.0,3.0,100.0
1768747592.1181374,11.8,0.0,0.0,0.0,0.0,0.0,0.0,0.0,0.0,0.0,0.0,0.0,0.0,0.0,100.0,0.0,0.0,0.0,13.3,0.0,0.0,1.0,1.0,0.0,1.0,0.0,0.0,0.0,0.0,100.0
1768747593.1217127,10.0,1.0,0.0,0.0,0.0,0.0,0.0,3.0,1.0,0.0,0.0,0.0,0.0,0.0,100.0,0.0,2.0,0.0,6.1,0.0,0.0,0.0,1.0,1.0,0.0,0.0,0.0,0.0,1.0,100.0
1768747594.1258345,12.6,4.0,0.0,0.0,0.0,0.0,0.0,3.0,0.0,0.0,0.0,0.0,0.0,0.0,100.0,0.0,1.0,1.0,1.0,1.0,1.0,4.0,1.0,0.0,0.0,2.0,0.0,0.0,1.0,100.0
1768747595.1296675,10.9,0.0,1.0,1.0,1.0,1.0,1.0,8.2,0.0,0.0,1.0,1.0,0.0,3.0,100.0,2.0,2.0,0.0,2.0,1.0,0.0,2.0,1.0,4.0,1.0,0.0,1.0,1.0,0.0,100.0
1768747596.1343477,14.8,0.0,2.0,0.0,0.0,0.0,0.0,7.0,9.0,1.0,0.0,0.0,0.0,5.0,100.0,1.0,0.0,0.0,0.0,1.0,1.0,0.0,0.0,11.0,0.0,0.0,0.0,2.0,0.0,100.0
1768747597.1892297,11.8,3.0,2.0,5.9,1.0,0.0,2.0,3.0,1.0,1.0,1.0,1.0,1.0,1.0,100.0,1.0,0.0,1.0,2.0,2.0,1.0,0.0,0.0,1.0,1.0,1.0,1.0,0.0,1.0,100.0
1768747598.1929893,12.5,0.0,1.0,0.0,0.0,0.0,0.0,0.0,0.0,0.0,0.0,0.0,0.0,0.0,100.0,0.0,1.0,0.0,0.0,4.0,1.0,1.0,0.0,0.0,0.0,0.0,0.0,0.0,0.0,100.0
1768747599.1961637,14.2,1.0,0.0,0.0,0.0,0.0,0.0,2.0,4.1,0.0,0.0,0.0,0.0,0.0,100.0,2.0,4.0,0.0,0.0,2.0,2.0,0.0,1.0,0.0,0.0,1.0,0.0,1.0,2.0,100.0
1768747600.1993191,10.8,3.0,1.0,1.0,1.0,0.0,0.0,0.0,0.0,0.0,0.0,0.0,0.0,0.0,100.0,0.0,2.0,0.0,1.0,0.0,2.0,0.0,0.0,0.0,0.0,0.0,0.0,1.0,0.0,100.0
1768747601.2041292,14.8,2.0,0.0,1.0,0.0,2.0,1.0,2.0,0.0,0.0,0.0,0.0,0.0,0.0,100.0,1.0,1.0,0.0,1.0,1.0,0.0,0.0,0.0,0.0,0.0,0.0,0.0,0.0,0.0,100.0
1768747602.208353,10.8,1.0,1.0,1.0,1.0,1.0,0.0,2.0,1.0,2.0,0.0,1.0,2.0,1.0,100.0,2.0,2.0,2.0,0.0,2.0,1.0,2.0,1.0,2.0,1.0,0.0,2.0,1.0,1.0,100.0
1768747603.210224,12.5,1.0,1.0,1.0,0.0,0.0,1.0,4.0,0.0,0.0,0.0,0.0,0.0,0.0,100.0,0.0,0.0,0.0,0.0,0.0,1.0,0.0,0.0,0.0,1.0,0.0,0.0,0.0,0.0,100.0
1768747604.212085,11.8,2.0,0.0,0.0,0.0,1.0,0.0,1.0,0.0,0.0,0.0,0.0,1.0,0.0,100.0,0.0,0.0,1.0,1.0,1.0,3.0,0.0,0.0,0.0,0.0,0.0,0.0,2.0,0.0,100.0
1768747605.2163897,13.3,2.0,0.0,0.0,0.0,0.0,0.0,1.0,5.9,0.0,0.0,0.0,0.0,0.0,100.0,1.0,2.0,0.0,0.0,0.0,0.0,0.0,0.0,0.0,0.0,0.0,0.0,0.0,0.0,100.0
1768747606.2201512,15.6,1.0,2.0,0.0,0.0,0.0,0.0,0.0,0.0,0.0,0.0,0.0,0.0,0.0,100.0,1.0,1.0,0.0,0.0,0.0,0.0,0.0,0.0,0.0,0.0,0.0,0.0,0.0,0.0,100.0
1768747607.2242594,10.9,0.0,1.0,0.0,1.0,1.0,0.0,0.0,3.0,1.0,1.0,1.0,1.0,1.0,100.0,0.0,3.1,1.0,2.0,0.0,2.0,0.0,1.0,1.0,0.0,0.0,1.0,1.0,3.0,100.0
1768747608.227519,9.1,1.0,0.0,0.0,0.0,1.0,0.0,0.0,0.0,0.0,0.0,0.0,0.0,0.0,100.0,1.0,2.0,1.0,0.0,3.0,0.0,1.0,0.0,0.0,0.0,0.0,1.0,1.0,0.0,100.0
1768747609.232186,10.9,0.0,0.0,1.0,0.0,0.0,0.0,1.0,5.9,0.0,0.0,0.0,0.0,0.0,100.0,2.0,1.0,0.0,0.0,2.0,1.0,2.0,0.0,2.0,0.0,0.0,0.0,1.0,1.0,100.0
1768747610.2371233,9.9,3.0,1.0,0.0,1.0,0.0,0.0,0.0,8.2,0.0,0.0,0.0,0.0,0.0,100.0,0.0,0.0,1.0,0.0,0.0,0.0,0.0,0.0,2.1,0.0,2.0,0.0,0.0,1.0,100.0
1768747611.2417853,9.9,1.0,0.0,1.0,0.0,0.0,2.0,0.0,5.0,0.0,0.0,0.0,0.0,0.0,100.0,0.0,0.0,1.0,0.0,0.0,0.0,0.0,0.0,2.0,1.0,0.0,0.0,0.0,0.0,100.0
1768747612.3633153,11.8,1.0,1.0,1.0,1.0,1.0,2.0,5.1,4.0,1.0,0.0,1.0,0.0,1.0,100.0,2.0,5.0,1.0,1.0,0.0,0.0,0.0,1.0,0.0,0.0,0.0,1.0,1.0,1.0,100.0
1768747613.367192,9.1,1.0,0.0,0.0,0.0,0.0,2.0,1.0,1.0,4.0,0.0,0.0,0.0,0.0,100.0,1.0,0.0,1.0,0.0,1.0,2.0,0.0,0.0,0.0,0.0,0.0,0.0,1.0,1.0,100.0
1768747614.3716946,12.4,1.0,1.0,0.0,0.0,0.0,3.0,0.0,0.0,4.0,0.0,0.0,0.0,0.0,100.0,5.0,0.0,0.0,0.0,1.0,0.0,0.0,0.0,0.0,1.0,0.0,0.0,1.0,1.0,100.0
1768747615.375744,10.8,0.0,1.0,0.0,1.0,0.0,0.0,0.0,0.0,1.0,0.0,0.0,1.0,0.0,100.0,0.0,0.0,4.0,1.0,0.0,1.0,0.0,0.0,3.0,0.0,0.0,0.0,1.0,0.0,100.0
1768747616.3793187,13.3,1.0,2.0,0.0,0.0,0.0,1.0,0.0,0.0,0.0,0.0,0.0,0.0,4.0,100.0,0.0,2.0,0.0,2.0,0.0,3.1,0.0,0.0,3.1,0.0,0.0,1.0,0.0,0.0,100.0
1768747617.3829722,13.3,1.0,0.0,1.0,0.0,0.0,2.0,1.0,0.0,6.1,0.0,0.0,0.0,3.0,100.0,7.0,2.0,0.0,1.0,0.0,0.0,4.0,0.0,4.1,0.0,0.0,1.0,0.0,0.0,100.0
1768747618.386237,10.1,2.0,3.0,2.0,3.0,3.0,2.0,2.0,1.0,4.0,8.0,4.0,3.0,10.0,100.0,2.0,3.0,2.0,4.0,2.0,3.0,5.1,0.0,2.0,2.0,2.0,3.0,2.0,2.0,100.0
1768747619.3899033,10.1,0.0,1.0,0.0,0.0,0.0,0.0,0.0,4.0,0.0,0.0,0.0,0.0,0.0,100.0,0.0,0.0,0.0,0.0,0.0,0.0,1.0,0.0,1.0,0.0,0.0,1.0,0.0,0.0,100.0
1768747620.4314687,15.7,2.0,1.0,1.0,0.0,0.0,0.0,0.0,1.0,9.0,0.0,0.0,0.0,2.0,100.0,3.0,3.1,0.0,2.0,3.1,0.0,3.0,0.0,3.0,0.0,1.0,0.0,1.0,1.0,100.0
1768747621.435711,11.7,1.0,1.0,0.0,5.0,0.0,4.0,3.0,3.0,4.1,0.0,0.0,0.0,2.0,100.0,1.0,0.0,0.0,1.0,3.0,0.0,0.0,0.0,0.0,1.0,0.0,0.0,0.0,0.0,100.0
1768747622.4394798,9.0,0.0,9.0,1.0,0.0,1.0,0.0,1.0,0.0,2.0,1.0,1.0,0.0,0.0,100.0,1.0,2.0,1.0,1.0,1.0,0.0,0.0,1.0,3.0,0.0,2.0,1.0,2.0,1.0,100.0
1768747623.4430504,9.0,0.0,8.2,0.0,14.1,0.0,1.0,2.9,0.0,2.0,3.0,0.0,1.0,0.0,100.0,3.0,0.0,0.0,0.0,3.0,0.0,0.0,0.0,17.5,0.0,0.0,1.0,0.0,0.0,100.0
1768747624.447502,12.7,2.0,1.0,1.0,4.0,0.0,3.1,1.0,2.0,1.0,5.0,3.0,2.0,1.0,100.0,2.0,1.0,13.1,0.0,0.0,2.0,3.0,1.0,20.4,2.0,0.0,1.0,1.0,11.0,100.0
1768747625.452076,11.0,1.0,13.0,1.0,15.2,2.0,4.0,0.0,1.0,1.0,0.0,1.0,0.0,3.0,100.0,0.0,1.0,3.1,2.0,0.0,0.0,1.0,0.0,11.0,3.0,1.0,0.0,0.0,1.0,100.0
1768747626.4558556,12.6,0.0,0.0,1.0,1.0,0.0,3.9,3.0,0.0,2.0,0.0,0.0,0.0,2.0,100.0,0.0,2.0,9.4,2.0,0.0,0.0,0.0,0.0,0.0,2.0,0.0,0.0,0.0,0.0,100.0
1768747627.459484,9.9,0.0,0.0,0.0,8.1,0.0,0.0,2.0,0.0,6.1,0.0,1.0,0.0,2.0,100.0,0.0,2.0,5.1,2.0,0.0,0.0,0.0,0.0,2.0,3.0,2.0,0.0,1.0,0.0,100.0
1768747628.4654663,8.1,0.0,0.0,0.0,13.4,0.0,0.0,3.0,0.0,9.0,0.0,4.0,0.0,2.0,100.0,0.0,1.0,11.2,2.0,0.0,0.0,1.0,0.0,0.0,4.0,0.0,1.0,1.0,0.0,100.0
1768747629.4684825,15.0,0.0,0.0,4.0,2.0,0.0,1.0,2.0,1.0,3.0,1.0,0.0,0.0,0.0,100.0,0.0,2.0,3.0,1.0,2.0,0.0,0.0,0.0,2.0,0.0,1.0,0.0,0.0,1.0,100.0
1768747630.5308201,12.6,2.0,1.0,7.0,2.0,1.0,2.0,11.2,6.0,0.0,3.0,1.0,0.0,0.0,100.0,2.0,1.0,5.1,0.0,0.0,0.0,1.0,0.0,9.2,3.0,0.0,0.0,0.0,0.0,100.0
1768747631.5352638,9.8,0.0,0.0,3.1,4.1,1.0,1.0,3.0,11.0,0.0,4.0,2.0,0.0,0.0,100.0,1.0,3.0,1.0,0.0,0.0,0.0,1.0,0.0,13.1,6.1,0.0,0.0,0.0,0.0,100.0
1768747632.5667555,12.6,1.0,1.0,1.0,6.0,0.0,2.0,0.0,15.8,0.0,6.1,7.1,2.0,0.0,100.0,0.0,3.0,3.0,1.0,0.0,0.0,1.0,0.0,18.4,7.1,0.0,1.0,0.0,0.0,100.0
1768747633.5714586,10.8,1.0,0.0,2.0,1.0,0.0,1.0,7.1,3.0,0.0,2.0,6.0,0.0,0.0,100.0,2.0,4.1,0.0,0.0,1.0,0.0,0.0,0.0,20.4,18.2,0.0,1.0,0.0,0.0,100.0
1768747634.5749848,9.1,3.0,3.0,7.1,3.0,5.0,3.0,13.1,1.0,3.0,1.0,5.1,2.0,1.0,100.0,2.0,3.0,2.0,3.0,0.0,1.0,2.0,2.0,10.9,1.0,1.0,1.0,2.0,3.9,100.0
1768747635.578279,9.1,2.0,5.1,10.1,0.0,0.0,0.0,0.0,0.0,1.0,6.1,10.1,2.0,2.0,100.0,3.0,2.0,3.0,6.0,3.0,2.0,2.0,0.0,5.1,1.0,8.0,0.0,0.0,0.0,100.0
1768747636.5810275,11.8,0.0,8.2,1.0,0.0,1.0,0.0,0.0,0.0,0.0,9.9,3.0,0.0,0.0,100.0,1.0,0.0,0.0,0.0,1.0,2.0,1.0,0.0,2.0,0.0,7.1,0.0,0.0,0.0,100.0
1768747637.586177,13.2,0.0,17.3,0.0,0.0,1.0,2.0,0.0,0.0,0.0,0.0,13.4,1.0,0.0,100.0,2.0,1.0,1.0,4.0,3.0,2.0,0.0,0.0,9.1,0.0,4.0,0.0,0.0,0.0,100.0
1768747638.5897763,9.9,4.0,12.0,0.0,0.0,0.0,2.0,0.0,0.0,1.0,0.0,16.2,0.0,0.0,100.0,0.0,2.0,0.0,0.0,0.0,3.0,0.0,0.0,7.1,0.0,1.0,0.0,0.0,0.0,100.0
1768747639.5933664,11.5,2.0,0.0,0.0,4.0,1.0,9.9,1.0,2.0,0.0,1.0,10.2,1.0,1.0,100.0,18.0,16.0,2.0,2.0,3.0,2.0,0.0,1.0,5.0,2.0,2.0,1.0,1.0,1.0,100.0
1768747640.5977492,12.6,2.0,0.0,2.0,1.0,2.0,1.0,0.0,2.0,2.0,0.0,9.2,1.0,1.0,100.0,6.0,7.1,1.0,4.0,1.0,3.0,1.0,1.0,6.1,1.0,2.0,1.0,1.0,0.0,100.0
1768747641.6004622,12.6,1.0,1.0,1.0,2.0,1.0,14.0,0.0,0.0,1.0,1.0,1.0,1.0,5.0,100.0,1.0,2.0,14.0,4.0,3.0,2.0,1.0,0.0,10.2,0.0,4.0,0.0,0.0,1.0,100.0
1768747642.6023326,10.9,2.0,0.0,0.0,7.1,1.0,5.0,0.0,1.0,2.0,0.0,0.0,2.0,8.0,100.0,0.0,0.0,20.6,0.0,0.0,1.0,2.0,0.0,6.1,1.0,0.0,0.0,0.0,0.0,100.0
1768747643.6067715,9.0,1.0,0.0,0.0,13.1,0.0,3.0,1.0,0.0,0.0,0.0,0.0,1.0,6.1,100.0,0.0,0.0,19.2,0.0,0.0,1.0,3.0,0.0,7.1,0.0,0.0,0.0,0.0,0.0,100.0
1768747644.6116498,8.2,1.0,0.0,0.0,18.4,5.1,1.0,0.0,0.0,2.0,1.0,0.0,2.0,12.9,100.0,0.0,2.0,26.5,4.0,0.0,3.0,4.1,0.0,19.8,0.0,1.0,0.0,0.0,0.0,100.0
1768747645.615842,12.7,1.0,1.0,0.0,13.1,6.1,4.0,1.0,1.0,2.0,0.0,0.0,1.0,3.1,100.0,0.0,1.0,11.2,0.0,0.0,0.0,0.0,0.0,18.4,0.0,6.1,0.0,0.0,0.0,100.0
1768747646.620796,12.6,1.0,1.0,1.0,6.0,0.0,3.0,0.0,0.0,2.0,1.0,1.0,1.0,10.1,100.0,0.0,16.3,0.0,1.0,1.0,0.0,1.0,1.0,5.0,1.0,1.0,0.0,0.0,0.0,100.0
1768747647.6270974,10.8,2.0,9.1,0.0,3.0,4.0,10.3,0.0,0.0,1.0,0.0,0.0,0.0,5.0,100.0,0.0,18.2,1.0,1.0,0.0,9.1,3.0,1.0,2.0,1.0,7.1,0.0,0.0,0.0,100.0
1768747648.6313376,14.2,2.0,21.6,0.0,1.0,1.0,23.5,0.0,2.0,1.0,0.0,0.0,1.0,13.4,100.0,0.0,0.0,0.0,0.0,2.9,7.1,1.0,1.0,0.0,2.0,7.0,0.0,1.0,0.0,100.0
1768747649.634712,10.9,2.0,9.1,0.0,4.0,2.0,3.0,0.0,0.0,1.0,0.0,0.0,1.0,9.9,100.0,0.0,0.0,0.0,0.0,0.0,4.0,0.0,2.0,0.0,1.0,8.1,0.0,0.0,0.0,100.0
1768747650.638163,14.2,1.0,13.0,0.0,9.2,1.0,1.0,0.0,0.0,2.9,0.0,0.0,1.0,6.0,100.0,0.0,0.0,0.0,0.0,0.0,8.1,2.0,0.0,0.0,0.0,8.0,0.0,0.0,0.0,100.0
1768747651.6418185,12.6,2.0,6.1,0.0,11.0,1.0,0.0,1.0,1.0,1.0,2.0,2.0,1.0,2.0,100.0,7.1,5.1,0.0,1.0,1.0,5.0,2.1,0.0,0.0,1.0,6.1,0.0,0.0,0.0,100.0
1768747652.7484164,9.8,2.0,0.0,0.0,16.3,3.0,5.0,1.0,0.0,2.0,2.0,0.0,0.0,0.0,100.0,14.3,11.1,0.0,4.1,0.0,6.1,2.0,0.0,0.0,0.0,13.1,0.0,2.0,0.0,100.0
1768747653.7520387,13.9,3.0,1.0,1.0,14.0,1.0,2.0,0.0,0.0,1.0,1.0,1.0,0.0,0.0,100.0,17.3,7.1,0.0,1.0,1.0,2.0,0.0,0.0,1.0,0.0,3.0,0.0,0.0,1.0,100.0
1768747654.7563066,11.5,5.1,0.0,0.0,13.3,4.0,0.0,0.0,0.0,2.0,1.0,0.0,0.0,0.0,100.0,26.8,21.2,0.0,2.0,0.0,9.1,0.0,0.0,0.0,1.0,6.0,0.0,1.0,0.0,100.0
1768747655.7606535,13.2,2.1,0.0,0.0,25.3,3.0,0.0,0.0,1.0,0.0,0.0,12.1,0.0,0.0,100.0,25.8,21.4,0.0,2.0,0.0,10.1,4.1,0.0,0.0,2.0,20.0,0.0,0.0,0.0,100.0
1768747656.763606,9.9,3.0,3.0,0.0,3.0,1.0,6.1,7.0,5.1,3.0,4.0,5.0,1.0,0.0,100.0,6.0,8.9,2.0,0.0,2.0,6.0,1.0,3.1,2.0,2.0,1.0,1.0,0.0,2.0,100.0
1768747657.7672577,10.0,3.0,15.3,2.0,0.0,1.0,18.8,2.0,9.1,1.0,8.0,0.0,0.0,0.0,100.0,0.0,0.0,0.0,1.0,2.0,1.0,2.0,1.0,0.0,2.0,0.0,1.0,1.0,0.0,100.0
1768747658.7712264,8.2,3.0,17.3,3.0,3.1,3.0,12.0,12.2,10.1,12.2,13.3,0.0,0.0,0.0,100.0,0.0,1.0,0.0,1.0,1.0,1.0,1.0,0.0,22.2,2.0,0.0,0.0,0.0,1.0,100.0
1768747659.7757185,9.1,0.0,12.4,0.0,2.0,1.0,4.0,9.1,3.0,5.1,4.1,0.0,0.0,0.0,100.0,0.0,0.0,0.0,3.0,0.0,1.0,1.0,0.0,3.0,1.0,0.0,0.0,1.0,1.0,100.0
1768747660.779549,12.6,2.0,17.3,2.0,1.0,1.0,8.1,2.0,1.0,12.7,10.3,2.0,0.0,0.0,100.0,0.0,0.0,0.0,0.0,2.0,3.1,4.0,0.0,11.3,1.0,4.0,0.0,0.0,0.0,100.0
1768747661.7829607,12.7,1.0,10.2,1.0,3.0,1.0,2.0,1.0,1.0,17.2,11.9,9.2,0.0,0.0,100.0,0.0,1.0,0.0,1.0,2.0,1.0,1.0,1.0,13.1,2.0,11.1,5.0,0.0,0.0,100.0
1768747662.7879326,12.7,1.0,12.0,1.0,10.2,1.0,1.0,11.2,0.0,14.0,5.1,7.0,2.0,1.0,100.0,0.0,1.0,1.0,1.0,2.0,3.0,2.0,1.0,4.0,2.0,1.0,1.0,2.0,1.0,100.0
1768747663.7900736,9.1,2.0,3.1,1.0,19.2,0.0,0.0,19.6,1.0,19.2,2.0,20.6,22.2,0.0,100.0,2.0,0.0,0.0,0.0,0.0,0.0,0.0,0.0,1.0,1.0,0.0,1.0,1.0,0.0,100.0
1768747664.7939515,11.7,1.0,5.0,1.0,11.3,4.0,0.0,15.2,0.0,4.0,20.4,19.2,3.0,0.0,100.0,0.0,0.0,0.0,0.0,0.0,1.0,1.0,0.0,0.0,1.0,0.0,15.0,0.0,0.0,100.0
1768747665.7989357,13.3,0.0,2.0,1.0,13.3,1.0,0.0,10.1,0.0,0.0,9.1,7.1,2.0,2.0,100.0,0.0,0.0,1.0,0.0,1.0,0.0,1.0,0.0,0.0,0.0,0.0,0.0,0.0,0.0,100.0
1768747666.8012652,9.9,1.0,3.1,3.0,22.4,4.0,0.0,12.2,0.0,11.2,22.4,24.7,0.0,0.0,100.0,1.0,0.0,0.0,0.0,1.0,2.0,0.0,0.0,3.0,3.0,0.0,2.0,0.0,0.0,100.0
1768747667.8066301,9.1,0.0,0.0,1.0,18.8,0.0,2.0,18.2,3.0,19.8,8.2,13.0,2.0,0.0,100.0,0.0,2.0,0.0,0.0,1.0,0.0,0.0,0.0,0.0,1.0,0.0,5.0,0.0,0.0,100.0
1768747668.8104663,11.8,2.9,2.0,0.0,1.0,0.0,2.0,14.3,1.0,8.2,1.0,11.2,1.0,0.0,100.0,0.0,0.0,0.0,1.0,2.0,0.0,0.0,0.0,1.0,2.0,0.0,9.1,2.0,0.0,100.0
1768747669.8145316,13.2,0.0,1.0,0.0,0.0,0.0,2.0,15.2,2.0,6.0,2.0,6.1,3.0,0.0,100.0,0.0,0.0,0.0,0.0,6.1,0.0,1.0,0.0,0.0,1.0,0.0,3.0,0.0,0.0,100.0
1768747670.9130182,10.7,1.0,0.0,0.0,0.0,2.0,1.0,12.1,2.0,8.1,4.0,10.2,1.0,0.0,100.0,0.0,1.0,0.0,0.0,0.0,0.0,1.0,0.0,0.0,1.0,1.0,9.0,1.0,0.0,100.0
1768747671.9728065,10.9,0.0,2.0,2.0,0.0,1.0,0.0,11.1,0.0,10.9,4.0,8.1,4.0,2.0,100.0,0.0,1.0,0.0,0.0,1.0,0.0,0.0,0.0,0.0,0.0,0.0,13.0,1.0,1.0,100.0
1768747672.9775224,10.0,0.0,4.0,0.0,0.0,0.0,0.0,11.2,1.0,6.1,0.0,18.0,8.1,3.0,100.0,0.0,0.0,0.0,0.0,1.0,1.0,0.0,1.0,1.0,0.0,2.0,17.5,0.0,0.0,100.0
1768747673.9816465,9.1,3.0,1.0,2.0,3.0,0.0,0.0,6.1,0.0,1.0,0.0,15.6,17.3,2.0,100.0,0.0,0.0,0.0,0.0,0.0,0.0,0.0,0.0,0.0,2.0,6.1,4.0,3.0,2.0,100.0
1768747674.985382,16.5,1.0,0.0,1.0,0.0,0.0,0.0,2.0,2.0,1.0,0.0,9.1,4.1,1.0,100.0,1.0,0.0,0.0,0.0,0.0,0.0,1.0,1.0,0.0,2.0,0.0,0.0,0.0,0.0,100.0
1768747676.3357887,11.5,0.0,0.0,1.0,1.0,1.0,2.0,10.2,2.0,7.1,6.9,14.1,0.0,0.0,100.0,0.0,0.0,1.0,0.0,12.1,0.0,0.0,0.0,0.0,0.0,0.0,3.0,2.0,0.0,100.0
1768747677.5918634,10.0,0.0,0.0,0.0,0.0,0.0,1.0,4.0,1.0,2.0,6.1,7.1,0.0,1.0,100.0,0.0,0.0,1.0,1.0,0.0,0.0,0.0,0.0,0.0,0.0,0.0,2.0,0.0,0.0,100.0
1768747678.752784,10.7,1.0,0.0,4.0,0.0,2.0,0.0,4.0,0.0,0.0,0.0,6.0,3.0,0.0,100.0,0.0,1.0,0.0,2.0,0.0,0.0,0.0,0.0,0.0,0.0,0.0,10.1,2.0,1.0,100.0
1768747679.757355,9.9,1.0,0.0,3.0,0.0,0.0,0.0,0.0,0.0,0.0,6.1,9.2,0.0,0.0,100.0,0.0,3.0,0.0,2.0,2.0,1.0,0.0,0.0,0.0,0.0,6.0,4.0,1.0,0.0,100.0
1768747680.7625465,10.1,3.1,1.0,0.0,0.0,0.0,0.0,0.0,0.0,1.0,14.3,6.1,0.0,1.0,100.0,2.0,0.0,1.0,3.0,17.2,2.0,2.0,0.0,1.0,0.0,18.4,1.0,2.0,1.0,100.0
1768747681.7672644,11.8,1.0,0.0,0.0,0.0,0.0,0.0,1.0,0.0,14.3,22.2,4.0,0.0,0.0,100.0,0.0,2.0,1.0,0.0,0.0,2.0,0.0,1.0,0.0,0.0,10.1,1.0,3.0,2.0,100.0
1768747682.83585,14.4,0.0,0.0,3.0,0.0,0.0,0.0,8.1,1.0,9.0,3.0,5.1,4.0,0.0,100.0,0.0,1.0,0.0,1.0,0.0,0.0,0.0,0.0,0.0,0.0,0.0,5.0,3.0,3.1,100.0
1768747683.8419118,12.6,0.0,0.0,0.0,0.0,1.0,0.0,2.0,0.0,0.0,1.0,8.2,1.0,3.0,100.0,0.0,0.0,1.0,0.0,1.0,1.0,1.0,1.0,1.0,0.0,0.0,6.1,0.0,2.0,100.0
1768747684.8471982,13.9,2.0,0.0,0.0,0.0,1.0,0.0,2.0,1.0,0.0,6.2,7.1,2.0,1.0,100.0,0.0,0.0,0.0,2.0,1.0,1.0,0.0,0.0,1.0,0.0,2.0,0.0,0.0,3.0,100.0
1768747685.8537352,9.1,0.0,0.0,0.0,0.0,0.0,0.0,10.0,2.0,0.0,5.1,18.2,1.0,2.0,100.0,1.0,1.0,0.0,0.0,0.0,1.0,0.0,0.0,0.0,0.0,0.0,0.0,0.0,2.0,100.0
1768747686.8569922,16.5,1.0,0.0,0.0,0.0,0.0,0.0,2.0,0.0,0.0,8.1,16.3,2.0,1.0,100.0,0.0,0.0,1.0,0.0,0.0,0.0,0.0,0.0,0.0,0.0,0.0,1.0,2.0,3.0,100.0
1768747687.860782,13.4,0.0,0.0,3.0,0.0,0.0,0.0,9.0,0.0,0.0,7.1,17.3,0.0,1.0,100.0,1.0,0.0,0.0,0.0,0.0,0.0,0.0,1.0,0.0,0.0,0.0,7.0,1.0,4.0,100.0
1768747688.8646445,11.7,0.0,0.0,0.0,0.0,0.0,1.0,8.2,0.0,0.0,1.0,13.9,2.0,7.1,100.0,1.0,1.0,1.0,0.0,0.0,0.0,0.0,0.0,0.0,0.0,0.0,5.1,0.0,0.0,100.0
1768747689.8681335,13.3,2.0,0.0,0.0,0.0,0.0,1.0,6.1,0.0,0.0,0.0,9.2,0.0,12.4,100.0,1.0,0.0,0.0,0.0,0.0,0.0,1.0,0.0,2.0,1.0,1.0,0.0,1.0,0.0,100.0
1768747690.8723657,12.3,0.0,0.0,0.0,0.0,0.0,0.0,10.0,0.0,6.0,0.0,8.0,2.0,18.0,100.0,18.4,1.0,0.0,0.0,0.0,1.0,0.0,0.0,0.0,0.0,2.0,0.0,1.0,1.0,100.0
1768747691.876074,12.4,0.0,0.0,0.0,1.0,1.0,2.0,10.2,1.0,8.1,0.0,0.0,0.0,19.8,100.0,9.1,1.0,1.0,2.0,0.0,1.0,0.0,1.0,1.0,0.0,0.0,2.0,0.0,0.0,100.0
1768747692.8808763,15.5,1.0,0.0,3.0,0.0,0.0,0.0,10.2,2.0,6.1,0.0,0.0,2.0,18.4,100.0,11.0,0.0,0.0,0.0,1.0,0.0,1.0,2.0,0.0,0.0,0.0,2.0,0.0,3.0,100.0
1768747693.8840504,9.9,0.0,0.0,3.0,1.0,0.0,1.0,1.0,0.0,2.0,0.0,0.0,0.0,10.2,100.0,2.0,0.0,0.0,2.0,0.0,0.0,1.0,1.0,2.0,0.0,2.0,1.0,2.0,1.0,100.0
1768747694.8883514,13.2,0.0,0.0,0.0,0.0,2.0,3.0,3.0,2.0,17.2,0.0,0.0,1.0,13.0,100.0,6.2,1.0,1.0,0.0,0.0,0.0,0.0,0.0,1.0,1.0,1.0,3.0,3.0,0.0,100.0
1768747695.8926857,14.0,0.0,0.0,0.0,0.0,0.0,1.0,6.0,0.0,6.1,1.0,0.0,1.0,14.3,100.0,14.1,0.0,0.0,1.0,1.0,0.0,0.0,1.0,0.0,0.0,1.0,4.1,1.0,4.0,100.0
1768747696.897254,12.3,0.0,0.0,1.0,2.0,4.1,1.0,4.0,0.0,8.1,0.0,1.0,1.0,10.2,100.0,12.0,0.0,0.0,0.0,0.0,0.0,0.0,0.0,1.0,0.0,0.0,1.0,0.0,10.2,100.0
1768747697.9014435,13.1,2.0,0.0,0.0,0.0,0.0,0.0,7.0,0.0,7.1,0.0,0.0,2.0,3.0,100.0,9.2,0.0,0.0,2.0,3.0,0.0,1.0,0.0,1.0,0.0,0.0,0.0,0.0,4.0,100.0
1768747698.9058437,13.1,0.0,2.0,0.0,1.0,0.0,0.0,12.4,0.0,2.0,0.0,2.0,2.0,5.1,100.0,9.2,0.0,0.0,1.0,3.0,1.0,2.0,1.0,0.0,1.0,2.0,0.0,2.0,0.0,100.0
1768747699.910132,12.4,0.0,0.0,0.0,1.0,0.0,0.0,12.2,2.0,5.0,4.0,9.0,0.0,8.0,100.0,15.2,0.0,0.0,0.0,2.0,1.0,2.0,1.0,1.0,0.0,0.0,0.0,0.0,1.0,100.0
1768747700.9131358,13.2,0.0,1.0,0.0,0.0,1.0,0.0,10.1,1.0,0.0,8.0,2.0,0.0,6.1,100.0,10.2,0.0,0.0,0.0,0.0,0.0,0.0,1.0,1.0,0.0,0.0,0.0,0.0,1.0,100.0
1768747701.9165783,10.7,1.0,1.0,0.0,0.0,0.0,0.0,7.1,2.0,0.0,8.1,5.1,0.0,10.9,100.0,10.1,0.0,2.0,0.0,1.0,1.0,1.0,0.0,0.0,0.0,1.0,0.0,0.0,5.0,100.0
1768747702.9211097,11.7,0.0,3.0,0.0,1.0,2.0,2.0,7.0,0.0,3.0,6.0,2.0,1.0,12.1,100.0,16.8,5.0,0.0,1.0,1.0,1.0,0.0,2.0,2.0,1.0,5.1,1.0,1.0,9.9,100.0
1768747703.924543,15.9,0.0,1.0,1.0,0.0,0.0,1.0,3.0,2.0,19.2,1.0,0.0,0.0,0.0,100.0,0.0,13.3,0.0,0.0,0.0,0.0,1.0,2.0,0.0,0.0,8.0,0.0,0.0,0.0,100.0
1768747704.9289882,14.8,1.0,3.0,0.0,0.0,1.0,1.0,1.0,4.0,0.0,1.0,16.3,1.0,0.0,100.0,6.1,8.1,0.0,0.0,0.0,0.0,0.0,0.0,0.0,0.0,8.0,1.0,1.0,0.0,100.0
1768747705.9337966,12.4,0.0,1.0,0.0,0.0,1.0,0.0,12.1,3.0,0.0,0.0,6.2,0.0,0.0,100.0,11.2,0.0,0.0,0.0,0.0,0.0,0.0,0.0,0.0,1.0,0.0,1.0,1.0,11.0,100.0
1768747706.9394257,9.9,0.0,0.0,0.0,0.0,0.0,0.0,8.0,2.0,0.0,0.0,5.0,0.0,0.0,100.0,7.1,0.0,1.0,0.0,1.0,0.0,0.0,0.0,1.0,0.0,0.0,1.0,2.0,1.0,100.0
1768747707.9448018,10.8,0.0,2.0,0.0,0.0,0.0,2.0,14.0,1.0,1.0,0.0,8.1,0.0,0.0,100.0,8.0,6.1,1.0,2.0,0.0,0.0,1.0,0.0,2.0,0.0,0.0,1.0,1.0,1.0,100.0
1768747708.9475763,13.1,1.0,0.0,0.0,0.0,1.0,2.0,14.3,0.0,0.0,7.1,5.1,0.0,0.0,100.0,12.0,1.0,1.0,0.0,0.0,1.0,0.0,0.0,1.0,0.0,1.0,0.0,0.0,1.0,100.0
1768747709.9519024,12.4,0.0,0.0,0.0,0.0,0.0,1.0,9.2,1.0,3.0,17.0,9.2,0.0,0.0,100.0,7.1,0.0,1.0,1.0,0.0,2.0,0.0,0.0,0.0,0.0,0.0,1.0,0.0,5.1,100.0
1768747710.9550486,12.3,0.0,2.9,0.0,0.0,0.0,0.0,9.1,1.0,0.0,18.4,15.3,0.0,0.0,100.0,12.1,0.0,0.0,1.0,0.0,0.0,1.0,0.0,0.0,1.0,0.0,1.0,1.0,0.0,100.0
1768747711.958304,13.2,0.0,0.0,0.0,0.0,0.0,1.0,10.1,1.0,1.0,9.3,5.1,5.1,0.0,100.0,2.0,1.0,0.0,0.0,1.0,0.0,0.0,1.0,0.0,1.0,0.0,0.0,0.0,0.0,100.0
1768747712.9627538,16.5,1.0,0.0,0.0,0.0,0.0,1.0,17.5,2.0,1.0,18.0,0.0,10.3,0.0,100.0,0.0,8.1,0.0,0.0,1.0,1.0,0.0,0.0,2.0,0.0,0.0,0.0,0.0,0.0,100.0
1768747713.9700992,14.8,1.0,0.0,0.0,0.0,0.0,0.0,5.1,0.0,0.0,15.2,1.0,19.0,0.0,100.0,0.0,3.0,1.0,1.0,0.0,0.0,0.0,0.0,0.0,0.0,0.0,1.0,0.0,0.0,100.0
1768747714.9887934,13.3,2.0,0.0,0.0,0.0,0.0,0.0,9.0,0.0,2.0,9.1,1.0,16.2,0.0,100.0,0.0,5.0,0.0,1.0,0.0,0.0,0.0,0.0,0.0,0.0,0.0,1.0,0.0,5.0,100.0
1768747715.9940703,14.2,0.0,2.0,0.0,0.0,0.0,2.0,7.1,0.0,2.0,8.1,0.0,12.0,0.0,100.0,1.0,8.2,0.0,0.0,0.0,0.0,1.0,0.0,1.0,0.0,0.0,0.0,0.0,3.0,100.0
1768747716.9984732,16.5,0.0,0.0,0.0,0.0,0.0,1.0,14.1,3.0,4.0,4.0,4.0,13.3,0.0,100.0,0.0,16.2,0.0,1.0,0.0,1.0,0.0,0.0,0.0,0.0,4.0,0.0,0.0,0.0,100.0
1768747718.0027797,13.3,3.0,0.0,0.0,2.0,1.0,1.0,6.0,2.0,3.0,10.1,8.2,9.2,0.0,100.0,5.1,1.0,0.0,0.0,0.0,0.0,1.0,0.0,1.0,0.0,3.0,0.0,1.0,2.0,100.0
1768747719.0060053,17.9,3.1,0.0,0.0,0.0,1.0,1.0,6.1,1.0,3.1,14.3,4.0,11.1,0.0,100.0,0.0,0.0,1.0,0.0,0.0,0.0,1.0,0.0,0.0,0.0,0.0,0.0,0.0,2.0,100.0
1768747720.0101674,13.5,5.9,0.0,0.0,0.0,1.0,0.0,1.0,1.0,1.0,11.1,0.0,8.9,2.0,100.0,0.0,0.0,0.0,0.0,0.0,1.0,1.0,0.0,0.0,0.0,2.0,0.0,0.0,3.0,100.0
1768747721.0457175,13.2,1.0,1.0,2.0,0.0,0.0,0.0,0.0,1.0,2.0,5.0,0.0,10.1,2.0,100.0,4.0,0.0,0.0,0.0,1.0,0.0,0.0,0.0,1.0,0.0,5.1,0.0,0.0,13.0,100.0
1768747722.0488465,15.5,2.0,0.0,0.0,0.0,0.0,1.0,0.0,3.0,0.0,17.3,1.0,7.0,2.0,100.0,6.9,0.0,0.0,1.0,0.0,0.0,0.0,0.0,1.0,0.0,10.9,0.0,0.0,0.0,100.0
1768747723.0529068,11.5,0.0,1.0,0.0,0.0,0.0,1.0,0.0,2.0,2.0,7.1,0.0,8.1,3.0,100.0,11.0,1.0,0.0,0.0,1.0,0.0,0.0,0.0,0.0,0.0,11.3,0.0,0.0,4.0,100.0
1768747724.0578296,12.4,0.0,0.0,0.0,0.0,0.0,0.0,0.0,0.0,1.0,6.0,5.0,12.1,1.0,100.0,9.0,1.0,0.0,0.0,0.0,0.0,1.0,1.0,0.0,0.0,14.4,0.0,0.0,0.0,100.0
1768747725.0618691,14.0,0.0,0.0,1.0,0.0,0.0,0.0,0.0,1.0,3.0,0.0,9.2,4.1,1.0,100.0,6.0,1.0,0.0,0.0,0.0,0.0,0.0,0.0,1.0,0.0,5.1,1.0,0.0,0.0,100.0
1768747726.066083,14.0,0.0,3.0,0.0,1.0,0.0,0.0,1.0,2.0,0.0,0.0,5.1,6.1,1.0,100.0,7.1,0.0,1.0,1.0,1.0,0.0,1.0,0.0,0.0,0.0,6.0,0.0,0.0,10.0,100.0
1768747727.074307,11.5,1.0,0.0,0.0,0.0,0.0,2.0,3.0,0.0,3.0,0.0,9.2,9.2,3.0,100.0,10.1,0.0,4.0,0.0,0.0,0.0,0.0,0.0,0.0,0.0,5.1,0.0,0.0,7.1,100.0
1768747728.0791278,16.5,0.0,2.0,0.0,0.0,1.0,0.0,16.2,1.0,2.0,1.0,5.1,13.0,0.0,100.0,7.1,0.0,0.0,1.0,0.0,1.0,0.0,0.0,0.0,0.0,3.0,0.0,0.0,0.0,100.0
1768747729.0835268,13.2,0.0,0.0,1.0,0.0,1.0,0.0,5.0,0.0,2.0,0.0,9.2,3.0,0.0,100.0,7.1,0.0,0.0,0.0,0.0,0.0,1.0,0.0,0.0,0.0,0.0,0.0,0.0,2.0,100.0
1768747730.086832,12.4,0.0,0.0,0.0,1.0,1.0,0.0,4.0,1.0,4.1,0.0,5.1,0.0,0.0,100.0,7.1,0.0,0.0,0.0,0.0,0.0,1.0,0.0,0.0,0.0,0.0,0.0,0.0,0.0,100.0
1768747731.0912578,13.2,0.0,2.0,0.0,1.0,0.0,0.0,6.0,10.0,3.0,0.0,9.1,2.0,0.0,100.0,14.0,0.0,0.0,0.0,0.0,1.0,1.0,0.0,1.0,0.0,0.0,5.1,0.0,0.0,100.0
1768747732.0932026,10.8,0.0,2.0,0.0,0.0,0.0,0.0,3.1,1.0,1.0,0.0,6.1,0.0,0.0,100.0,7.1,0.0,0.0,0.0,0.0,0.0,1.0,0.0,2.0,1.0,0.0,5.0,1.0,1.0,100.0
1768747733.0950425,10.7,0.0,0.0,1.0,1.0,0.0,0.0,5.0,0.0,0.0,0.0,1.0,1.0,0.0,100.0,13.1,0.0,1.0,1.0,2.0,0.0,0.0,0.0,0.0,1.0,6.0,0.0,0.0,0.0,100.0
1768747734.0987434,11.5,0.0,2.0,0.0,0.0,0.0,0.0,0.0,0.0,0.0,0.0,6.0,0.0,0.0,100.0,9.0,0.0,0.0,0.0,0.0,0.0,0.0,0.0,1.0,0.0,12.2,0.0,0.0,0.0,100.0
1768747735.310156,13.2,0.0,0.0,0.0,1.0,0.0,0.0,0.0,0.0,0.0,0.0,8.1,0.0,1.0,100.0,5.1,0.0,0.0,0.0,0.0,0.0,0.0,1.0,0.0,0.0,6.1,0.0,0.0,0.0,100.0
1768747736.4486027,16.4,0.0,0.0,0.0,1.0,0.0,0.0,0.0,1.0,0.0,0.0,3.0,0.0,0.0,100.0,3.9,0.0,0.0,0.0,0.0,0.0,0.0,0.0,0.0,1.0,3.0,0.0,0.0,1.0,100.0
1768747737.465767,14.0,1.0,0.0,0.0,0.0,3.0,0.0,0.0,1.0,0.0,0.0,9.0,1.0,2.0,100.0,4.0,2.0,0.0,0.0,0.0,0.0,1.0,0.0,1.0,0.0,6.1,0.0,0.0,2.0,100.0
1768747738.541031,17.0,1.0,1.0,0.0,0.0,3.0,0.0,0.0,1.0,0.0,0.0,5.0,1.0,1.0,100.0,3.0,0.0,0.0,1.0,0.0,0.0,0.0,0.0,1.0,0.0,1.0,1.0,0.0,0.0,100.0
1768747739.5608904,13.2,2.0,1.0,1.0,1.0,1.0,1.0,1.0,0.0,5.0,0.0,2.0,0.0,0.0,100.0,7.1,0.0,11.1,0.0,0.0,0.0,0.0,0.0,0.0,0.0,5.1,2.0,1.0,0.0,100.0
1768747740.5649421,15.7,1.0,2.0,0.0,0.0,0.0,0.0,0.0,0.0,1.0,0.0,6.0,2.0,1.0,100.0,1.0,0.0,20.4,0.0,0.0,1.0,2.0,0.0,0.0,0.0,8.0,1.0,2.0,0.0,100.0
1768747741.568903,14.4,1.0,0.0,1.0,0.0,0.0,0.0,0.0,0.0,2.0,0.0,7.1,4.0,4.0,100.0,0.0,0.0,20.2,0.0,0.0,0.0,2.0,2.0,1.0,0.0,6.0,0.0,2.0,0.0,100.0
1768747742.5721905,15.1,2.0,0.0,1.0,0.0,0.0,0.0,0.0,1.0,0.0,0.0,0.0,12.2,0.0,100.0,0.0,0.0,10.2,0.0,0.0,0.0,1.0,3.0,1.0,0.0,3.0,1.0,1.0,0.0,100.0
1768747743.6337028,14.2,0.0,0.0,1.0,0.0,1.0,1.0,0.0,0.0,0.0,0.0,0.0,8.1,4.0,100.0,0.0,0.0,6.1,0.0,0.0,0.0,3.0,1.0,0.0,1.0,3.0,0.0,0.0,0.0,100.0
1768747744.6378767,16.5,0.0,0.0,0.0,1.0,1.0,0.0,1.0,0.0,0.0,0.0,0.0,2.0,1.0,100.0,0.0,0.0,1.0,0.0,0.0,0.0,1.0,0.0,0.0,0.0,1.0,1.0,1.0,0.0,100.0
1768747745.650721,15.0,2.0,0.0,0.0,0.0,2.0,0.0,2.0,1.0,4.0,0.0,0.0,6.1,1.0,100.0,3.9,0.0,3.0,0.0,0.0,1.0,0.0,0.0,1.0,0.0,0.0,1.0,0.0,0.0,100.0
1768747746.6640768,14.2,0.0,0.0,2.0,0.0,1.0,0.0,4.1,0.0,3.0,0.0,0.0,20.6,8.2,100.0,0.0,0.0,10.0,0.0,0.0,2.0,0.0,0.0,1.0,1.0,3.0,0.0,1.0,0.0,100.0
1768747747.6678648,15.0,0.0,0.0,1.0,0.0,0.0,0.0,0.0,1.0,9.0,0.0,0.0,4.0,1.0,100.0,0.0,0.0,2.0,0.0,0.0,3.0,0.0,0.0,1.0,1.0,2.0,2.0,2.0,1.0,100.0
1768747748.672796,12.6,3.0,0.0,1.0,2.0,1.0,3.0,1.0,0.0,9.3,1.0,0.0,4.0,0.0,100.0,0.0,0.0,13.5,0.0,0.0,2.0,0.0,0.0,1.0,2.0,0.0,1.0,2.0,0.0,100.0
1768747749.677049,9.1,2.0,1.0,1.0,0.0,0.0,2.0,0.0,0.0,12.1,0.0,1.0,5.1,1.0,100.0,3.1,0.0,4.0,0.0,0.0,0.0,0.0,1.0,3.1,2.0,0.0,7.0,2.0,0.0,100.0
1768747750.69095,11.5,2.0,0.0,2.0,0.0,1.0,0.0,1.0,0.0,7.1,1.0,1.0,4.0,1.0,100.0,16.0,0.0,0.0,0.0,0.0,1.0,1.0,0.0,2.0,0.0,2.0,3.0,1.0,0.0,100.0
1768747751.6941617,13.2,0.0,0.0,0.0,0.0,0.0,1.0,7.1,0.0,6.0,0.0,1.0,7.1,1.0,100.0,6.1,0.0,0.0,0.0,1.0,1.0,0.0,3.0,0.0,1.0,0.0,0.0,2.0,0.0,100.0
1768747752.7002225,10.6,1.0,0.0,2.0,1.0,0.0,0.0,1.0,1.0,7.0,3.0,0.0,0.0,1.0,100.0,9.1,0.0,0.0,0.0,0.0,2.0,0.0,1.0,0.0,2.0,2.0,1.0,3.0,0.0,100.0
1768747753.8075037,14.0,1.0,0.0,2.0,2.0,3.0,3.0,1.0,0.0,0.0,8.9,0.0,0.0,7.2,100.0,10.2,0.0,8.0,0.0,0.0,1.0,0.0,1.0,3.0,2.0,1.0,3.0,0.0,0.0,100.0
1768747754.8114245,11.7,0.0,1.0,1.0,0.0,2.0,1.0,0.0,1.0,0.0,3.0,0.0,0.0,3.0,100.0,0.0,1.0,14.0,0.0,0.0,0.0,0.0,0.0,0.0,1.0,1.0,2.0,1.0,0.0,100.0
1768747755.8148293,13.3,2.0,0.0,1.0,0.0,1.0,0.0,0.0,0.0,0.0,10.2,0.0,0.0,0.0,100.0,0.0,0.0,5.1,1.0,0.0,0.0,0.0,0.0,1.0,1.0,0.0,1.0,1.0,0.0,100.0
1768747756.8204474,13.3,1.0,0.0,2.0,1.0,1.0,2.0,0.0,0.0,1.0,6.0,0.0,0.0,0.0,100.0,1.0,0.0,13.3,0.0,0.0,1.0,0.0,1.0,2.0,3.0,0.0,3.1,0.0,0.0,100.0
1768747757.8240826,11.5,0.0,0.0,0.0,1.0,1.0,1.0,0.0,0.0,0.0,12.4,1.0,1.0,0.0,100.0,3.0,0.0,8.2,0.0,0.0,1.0,1.0,1.0,0.0,2.0,0.0,3.1,1.0,0.0,100.0
1768747758.8268983,11.7,0.0,0.0,0.0,1.0,1.0,1.0,2.0,2.0,0.0,6.1,3.0,2.0,3.0,100.0,2.0,0.0,5.1,1.0,1.0,0.0,0.0,0.0,2.0,2.0,0.0,1.0,1.0,0.0,100.0
1768747759.8309748,9.9,0.0,0.0,0.0,0.0,1.0,3.0,4.0,1.0,0.0,1.0,8.0,0.0,5.0,100.0,1.0,1.0,13.4,0.0,0.0,0.0,0.0,0.0,1.0,3.0,0.0,0.0,1.0,0.0,100.0
1768747760.8356864,11.8,0.0,0.0,0.0,0.0,0.0,2.0,0.0,3.0,0.0,1.0,14.6,0.0,0.0,100.0,1.0,0.0,7.1,0.0,0.0,1.0,0.0,2.0,0.0,1.0,0.0,2.0,1.0,0.0,100.0
1768747761.8387806,11.7,3.0,0.0,0.0,0.0,1.0,0.0,0.0,4.0,0.0,0.0,3.1,18.4,0.0,100.0,1.0,0.0,6.1,1.0,1.0,0.0,0.0,2.0,0.0,2.0,0.0,0.0,1.0,0.0,100.0
1768747762.844575,13.3,1.0,1.0,1.0,1.0,1.0,0.0,0.0,0.0,2.0,3.0,3.0,13.0,7.9,100.0,1.0,0.0,1.0,0.0,0.0,0.0,1.0,0.0,0.0,0.0,2.0,1.0,3.0,0.0,100.0
1768747763.8485947,12.4,2.0,0.0,0.0,0.0,0.0,1.0,0.0,0.0,0.0,0.0,9.9,8.2,0.0,100.0,2.0,0.0,6.9,0.0,0.0,0.0,0.0,0.0,1.0,2.0,0.0,1.0,1.0,0.0,100.0
1768747764.8522227,11.7,1.0,0.0,0.0,0.0,1.0,0.0,0.0,1.0,0.0,1.0,0.0,13.0,12.0,100.0,0.0,0.0,3.1,0.0,0.0,1.0,0.0,0.0,1.0,2.0,1.0,0.0,1.0,0.0,100.0
1768747765.8554263,13.1,0.0,1.0,0.0,0.0,0.0,0.0,1.0,2.0,0.0,0.0,14.3,13.4,0.0,100.0,7.2,0.0,5.0,0.0,0.0,1.0,0.0,1.0,3.0,1.0,2.0,1.0,4.0,0.0,100.0
1768747766.8598912,13.1,2.0,0.0,0.0,0.0,1.0,0.0,1.0,2.0,0.0,0.0,8.1,6.1,1.0,100.0,18.6,0.0,6.1,0.0,0.0,0.0,0.0,4.0,1.0,0.0,2.0,3.0,1.0,0.0,100.0
1768747767.8634117,12.4,0.0,0.0,1.0,0.0,0.0,0.0,0.0,2.0,1.0,0.0,12.2,4.0,4.0,100.0,8.2,0.0,17.3,0.0,0.0,1.0,0.0,0.0,2.0,3.0,3.0,0.0,4.0,0.0,100.0
1768747768.8657176,10.8,2.0,2.0,0.0,1.0,1.0,1.0,0.0,2.0,1.0,1.0,9.1,4.0,6.1,100.0,11.2,2.0,16.3,2.0,1.0,0.0,3.0,1.0,2.0,3.1,2.0,4.0,2.0,8.0,100.0
1768747769.8674982,11.9,2.0,0.0,1.0,1.0,3.0,1.0,1.0,0.0,0.0,0.0,0.0,0.0,16.0,100.0,0.0,4.1,11.2,1.0,0.0,0.0,1.0,0.0,1.0,0.0,3.0,1.0,2.0,1.0,100.0
1768747770.8705847,12.7,1.0,0.0,1.0,0.0,2.0,3.0,0.0,0.0,1.0,0.0,11.1,0.0,5.1,100.0,0.0,7.0,3.0,1.0,0.0,0.0,0.0,0.0,0.0,3.0,1.0,2.0,0.0,1.0,100.0
1768747771.876425,9.1,1.0,0.0,0.0,1.0,1.0,2.0,0.0,0.0,0.0,0.0,18.2,0.0,0.0,100.0,0.0,8.2,1.0,1.0,0.0,0.0,1.0,1.0,2.0,2.0,4.1,16.2,0.0,1.0,100.0
1768747772.882597,13.3,0.0,0.0,0.0,0.0,1.0,0.0,2.0,0.0,0.0,0.0,14.1,0.0,0.0,100.0,0.0,6.2,10.1,1.0,0.0,0.0,1.0,0.0,1.0,2.0,3.0,3.0,3.0,0.0,100.0
1768747773.8868296,14.3,1.0,1.0,0.0,0.0,2.0,0.0,0.0,1.0,0.0,1.0,17.3,0.0,0.0,100.0,0.0,6.1,6.1,2.0,0.0,0.0,0.0,0.0,2.0,3.0,1.0,1.0,0.0,1.0,100.0
1768747774.8901944,12.5,0.0,0.0,0.0,0.0,2.0,0.0,0.0,0.0,0.0,0.0,14.3,0.0,0.0,100.0,5.0,10.9,1.0,1.0,0.0,0.0,0.0,0.0,1.0,3.0,1.0,1.0,0.0,0.0,100.0
1768747775.8949454,10.8,1.0,2.0,0.0,0.0,1.0,0.0,0.0,0.0,0.0,0.0,9.1,0.0,0.0,100.0,11.0,11.2,1.0,1.0,0.0,0.0,0.0,0.0,1.0,1.0,1.0,2.0,0.0,1.0,100.0
1768747776.8989153,13.5,1.0,0.0,0.0,0.0,0.0,0.0,0.0,0.0,0.0,0.0,6.2,0.0,0.0,100.0,2.0,0.0,4.1,4.1,0.0,0.0,0.0,0.0,1.0,1.0,0.0,8.1,2.0,0.0,100.0
1768747777.904244,15.7,0.0,0.0,0.0,0.0,0.0,0.0,1.0,0.0,0.0,0.0,8.2,0.0,1.0,100.0,2.0,1.0,9.9,9.0,0.0,0.0,1.0,0.0,1.0,3.0,0.0,9.1,1.0,1.0,100.0
1768747778.9087684,11.8,2.9,0.0,1.0,0.0,1.0,2.0,1.0,0.0,0.0,0.0,7.1,0.0,0.0,100.0,0.0,0.0,11.3,11.1,1.0,0.0,1.0,0.0,0.0,2.0,0.0,0.0,3.0,1.0,100.0
1768747779.912994,13.5,0.0,0.0,0.0,0.0,4.0,3.0,0.0,0.0,0.0,0.0,12.0,0.0,0.0,100.0,0.0,0.0,3.0,19.0,0.0,0.0,0.0,0.0,1.0,0.0,0.0,1.0,4.1,4.0,100.0
1768747780.914778,13.5,0.0,0.0,1.0,1.0,1.0,0.0,0.0,0.0,1.0,1.0,7.1,0.0,6.0,100.0,1.0,0.0,8.2,7.1,0.0,0.0,1.0,0.0,0.0,0.0,0.0,0.0,1.0,2.0,100.0
1768747781.9174695,10.8,0.0,0.0,0.0,1.0,2.0,2.0,0.0,0.0,0.0,0.0,5.1,0.0,0.0,100.0,0.0,0.0,11.0,10.3,0.0,0.0,1.0,0.0,0.0,0.0,0.0,0.0,0.0,1.0,100.0
1768747782.9193566,10.0,0.0,1.0,1.0,0.0,0.0,1.0,0.0,0.0,1.0,1.0,11.9,0.0,0.0,100.0,0.0,8.0,3.0,5.2,7.0,0.0,0.0,0.0,0.0,1.0,1.0,1.0,1.0,3.0,100.0
1768747783.9216223,10.0,0.0,1.0,0.0,5.1,1.0,1.0,1.0,1.0,1.0,0.0,0.0,0.0,14.0,100.0,0.0,2.0,0.0,13.1,0.0,0.0,1.0,0.0,3.0,0.0,0.0,1.0,1.0,6.0,100.0
1768747784.9250789,11.8,1.0,1.0,0.0,1.0,12.1,2.0,0.0,0.0,0.0,0.0,0.0,0.0,4.0,100.0,0.0,9.1,0.0,1.0,0.0,0.0,1.0,1.0,1.0,0.0,0.0,2.0,2.9,0.0,100.0
1768747785.9271927,9.1,0.0,0.0,0.0,0.0,11.1,0.0,0.0,1.0,1.0,0.0,1.0,1.0,5.1,100.0,0.0,10.1,0.0,0.0,0.0,0.0,1.0,0.0,1.0,1.0,3.0,7.1,0.0,1.0,100.0
1768747786.9315894,8.2,1.0,0.0,1.0,10.1,0.0,0.0,2.0,1.0,0.0,2.0,1.0,0.0,1.0,100.0,1.0,10.1,0.0,0.0,2.0,1.0,1.0,1.0,1.0,1.0,1.0,1.0,3.0,0.0,100.0
1768747787.9356372,9.0,0.0,0.0,0.0,1.0,2.0,0.0,0.0,0.0,2.0,2.0,0.0,0.0,0.0,100.0,0.0,18.4,0.0,0.0,0.0,0.0,0.0,0.0,1.0,0.0,0.0,1.0,0.0,0.0,100.0
1768747788.939295,9.2,0.0,2.0,0.0,10.1,8.1,0.0,1.0,0.0,1.0,3.0,0.0,1.0,0.0,100.0,0.0,11.0,0.0,0.0,0.0,0.0,1.0,1.0,1.0,0.0,0.0,4.0,2.0,0.0,100.0
1768747789.9435446,12.5,1.0,0.0,1.0,0.0,1.0,1.0,0.0,1.0,0.0,0.0,0.0,2.0,0.0,100.0,0.0,0.0,0.0,0.0,0.0,0.0,0.0,7.1,1.0,0.0,0.0,2.0,0.0,0.0,100.0
1768747790.9474485,11.8,1.0,0.0,1.0,1.0,5.0,0.0,0.0,0.0,1.0,2.0,0.0,2.0,0.0,100.0,0.0,0.0,0.0,0.0,0.0,0.0,0.0,15.2,1.0,0.0,0.0,2.0,0.0,5.0,100.0
1768747791.9518285,8.2,0.0,1.0,0.0,0.0,10.1,0.0,1.0,2.0,1.0,3.0,1.0,1.0,0.0,100.0,0.0,2.0,0.0,0.0,0.0,0.0,2.0,18.4,2.0,2.0,0.0,1.0,3.0,0.0,100.0
1768747792.955412,4.3,1.0,0.0,0.0,1.0,7.1,1.0,1.0,0.0,4.0,1.0,1.0,2.0,2.0,100.0,0.0,1.0,0.0,2.0,0.0,0.0,0.0,14.3,1.0,0.0,0.0,2.0,1.0,1.0,100.0
1768747793.9592092,14.3,1.0,1.0,0.0,2.0,14.1,0.0,0.0,1.0,6.0,1.0,1.0,4.0,0.0,100.0,0.0,8.2,0.0,0.0,0.0,0.0,0.0,1.0,2.0,0.0,0.0,3.0,3.0,1.0,100.0
1768747794.9622242,9.0,1.0,0.0,0.0,0.0,5.0,0.0,0.0,1.0,3.0,1.0,0.0,0.0,1.0,100.0,0.0,6.0,0.0,0.0,1.0,0.0,0.0,1.0,1.0,0.0,1.0,2.0,2.0,1.0,100.0
1768747796.0158138,9.1,4.0,0.0,2.0,4.0,5.0,0.0,0.0,0.0,2.0,1.0,0.0,2.0,1.0,100.0,0.0,17.0,1.0,0.0,1.0,0.0,0.0,1.0,0.0,1.0,3.0,1.0,2.0,2.0,100.0
1768747797.0205073,7.2,1.0,0.0,0.0,4.0,0.0,0.0,0.0,1.0,1.0,1.0,1.0,0.0,0.0,100.0,0.0,5.1,1.0,2.9,0.0,0.0,0.0,1.0,0.0,0.0,0.0,1.0,1.0,1.0,100.0
1768747798.1660933,9.1,8.0,0.0,1.0,1.0,0.0,0.0,1.0,0.0,0.0,0.0,0.0,1.0,3.0,100.0,0.0,0.0,1.0,0.0,0.0,2.0,0.0,15.3,0.0,1.0,1.0,0.0,1.0,1.0,100.0
1768747799.1692553,6.2,1.0,0.0,0.0,1.0,0.0,0.0,0.0,0.0,0.0,0.0,0.0,2.0,0.0,100.0,1.0,0.0,1.0,0.0,0.0,0.0,0.0,5.1,0.0,0.0,1.0,0.0,0.0,1.0,100.0
1768747800.2482507,9.2,2.0,7.1,0.0,0.0,6.0,0.0,0.0,0.0,1.0,2.0,0.0,1.0,0.0,100.0,0.0,1.0,3.0,0.0,2.0,3.0,0.0,4.0,16.3,2.0,1.0,0.0,1.0,2.0,100.0
1768747801.2515836,8.2,0.0,1.0,1.0,0.0,8.0,0.0,0.0,1.0,0.0,1.0,1.0,1.0,0.0,100.0,0.0,1.0,0.0,0.0,0.0,0.0,0.0,1.0,7.2,1.0,2.0,2.0,1.0,1.0,100.0
1768747802.254235,14.3,0.0,0.0,0.0,0.0,12.2,1.0,1.0,1.0,0.0,3.1,0.0,1.0,1.0,100.0,1.0,1.0,0.0,0.0,1.0,1.0,3.0,1.0,2.0,4.0,9.2,4.0,2.0,0.0,100.0
1768747803.2572846,8.2,2.0,3.0,2.0,1.0,1.0,2.0,1.0,4.0,0.0,3.0,1.0,1.0,1.0,100.0,4.0,0.0,1.0,0.0,1.0,1.0,1.0,0.0,12.2,11.2,1.0,1.0,13.3,2.0,100.0
1768747804.261688,8.1,2.0,0.0,0.0,0.0,0.0,0.0,0.0,19.6,0.0,3.1,1.0,0.0,0.0,100.0,6.1,0.0,0.0,0.0,0.0,0.0,0.0,0.0,0.0,13.0,1.0,0.0,15.2,0.0,100.0
1768747805.2654116,9.2,1.0,0.0,1.0,0.0,0.0,0.0,0.0,17.7,0.0,1.0,0.0,0.0,0.0,100.0,0.0,0.0,0.0,0.0,0.0,0.0,0.0,0.0,5.1,11.2,2.0,1.0,10.2,10.1,100.0
1768747806.2693691,15.1,1.0,1.0,0.0,1.0,1.0,1.0,1.0,6.1,6.9,2.0,1.0,3.0,1.0,100.0,3.0,1.0,2.0,1.0,1.0,1.0,0.0,1.0,9.1,1.0,3.0,1.0,2.0,9.2,100.0
1768747807.2731187,13.3,0.0,0.0,0.0,0.0,0.0,0.0,0.0,2.0,0.0,3.0,0.0,1.0,0.0,100.0,0.0,0.0,1.0,0.0,2.0,0.0,1.0,0.0,0.0,0.0,0.0,0.0,0.0,0.0,100.0
1768747808.2774336,13.5,2.0,1.0,0.0,0.0,0.0,0.0,0.0,3.0,0.0,3.0,1.0,1.0,0.0,100.0,0.0,0.0,1.0,0.0,0.0,2.0,1.0,0.0,0.0,0.0,0.0,0.0,0.0,0.0,100.0
1768747809.279189,11.8,0.0,0.0,1.0,0.0,1.0,0.0,0.0,1.0,0.0,0.0,0.0,1.0,0.0,100.0,0.0,0.0,0.0,0.0,0.0,0.0,0.0,0.0,0.0,0.0,0.0,0.0,1.0,0.0,100.0
1768747810.2830815,10.9,2.0,0.0,0.0,0.0,0.0,0.0,0.0,1.0,0.0,0.0,0.0,1.0,1.0,100.0,1.0,0.0,0.0,0.0,0.0,2.0,1.0,0.0,0.0,0.0,1.0,1.0,0.0,1.0,100.0
1768747811.2864623,11.7,1.0,0.0,1.0,0.0,0.0,0.0,0.0,0.0,0.0,1.0,0.0,1.0,0.0,100.0,5.1,0.0,0.0,0.0,0.0,0.0,0.0,1.0,0.0,0.0,0.0,0.0,0.0,0.0,100.0
1768747812.2913635,12.6,1.0,1.0,0.0,0.0,0.0,0.0,0.0,0.0,0.0,0.0,0.0,4.0,1.0,100.0,0.0,0.0,2.0,0.0,0.0,1.0,0.0,0.0,0.0,0.0,0.0,0.0,2.0,1.0,100.0
1768747813.294684,11.5,2.0,0.0,1.0,0.0,1.0,0.0,0.0,0.0,0.0,0.0,1.0,4.0,2.0,100.0,7.0,0.0,0.0,0.0,1.0,2.0,0.0,0.0,0.0,0.0,0.0,0.0,0.0,0.0,100.0
1768747814.2999613,12.4,0.0,0.0,0.0,1.0,1.0,0.0,0.0,0.0,0.0,3.0,0.0,0.0,2.9,100.0,3.0,0.0,0.0,0.0,0.0,0.0,0.0,0.0,0.0,0.0,0.0,0.0,0.0,0.0,100.0
1768747815.3044074,13.2,3.0,0.0,0.0,0.0,3.0,0.0,0.0,0.0,0.0,2.0,0.0,3.0,1.0,100.0,11.0,0.0,0.0,0.0,0.0,1.0,0.0,0.0,0.0,0.0,2.0,0.0,0.0,1.0,100.0
1768747816.3082292,10.8,1.0,0.0,1.0,0.0,0.0,0.0,0.0,0.0,2.0,2.0,2.0,2.0,0.0,100.0,4.0,0.0,0.0,0.0,0.0,1.0,0.0,0.0,0.0,0.0,7.0,0.0,0.0,1.0,100.0
1768747817.311886,13.3,3.0,2.0,1.0,0.0,0.0,0.0,0.0,0.0,0.0,5.1,1.0,1.0,2.0,100.0,0.0,0.0,0.0,0.0,0.0,2.0,0.0,0.0,0.0,1.0,5.0,0.0,0.0,1.0,100.0
1768747818.3163161,10.9,2.0,0.0,0.0,0.0,1.0,0.0,0.0,0.0,0.0,1.0,2.0,0.0,1.0,100.0,0.0,0.0,0.0,0.0,1.0,1.0,0.0,0.0,0.0,0.0,4.0,1.0,0.0,1.0,100.0
1768747819.3203957,10.0,3.0,1.0,2.0,0.0,2.0,0.0,0.0,0.0,0.0,4.0,3.0,1.0,1.0,100.0,1.0,0.0,0.0,2.0,2.0,0.0,0.0,0.0,0.0,0.0,2.0,1.0,0.0,2.0,100.0
1768747820.3226929,9.0,0.0,0.0,0.0,0.0,0.0,0.0,0.0,0.0,0.0,3.1,1.0,1.0,1.0,100.0,6.0,0.0,0.0,0.0,1.0,2.0,0.0,0.0,0.0,0.0,0.0,0.0,0.0,1.0,100.0
1768747821.326202,8.1,2.0,0.0,0.0,0.0,2.0,0.0,0.0,0.0,0.0,2.0,0.0,1.0,1.0,100.0,6.1,0.0,0.0,0.0,2.0,0.0,0.0,0.0,0.0,0.0,0.0,0.0,0.0,0.0,100.0
1768747822.3295422,7.3,1.0,0.0,1.0,0.0,0.0,0.0,0.0,1.0,0.0,1.0,1.0,0.0,1.0,100.0,0.0,0.0,0.0,0.0,0.0,2.0,0.0,0.0,0.0,0.0,0.0,0.0,0.0,3.0,100.0
1768747823.3320808,10.0,15.5,1.0,0.0,0.0,1.0,0.0,0.0,0.0,2.0,3.0,0.0,1.0,0.0,100.0,7.1,0.0,0.0,0.0,0.0,1.0,1.0,0.0,0.0,0.0,0.0,0.0,0.0,0.0,100.0
1768747824.3340435,13.2,10.0,0.0,0.0,0.0,1.0,0.0,0.0,0.0,2.0,3.0,2.0,2.0,1.0,100.0,10.0,0.0,1.0,0.0,1.0,0.0,0.0,0.0,0.0,0.0,0.0,1.0,0.0,0.0,100.0
1768747825.3385127,11.7,13.3,0.0,0.0,0.0,1.0,1.0,1.0,0.0,4.1,2.0,1.0,0.0,0.0,100.0,6.0,0.0,1.0,0.0,0.0,1.0,0.0,0.0,0.0,0.0,0.0,0.0,0.0,2.0,100.0
1768747826.3410077,12.6,16.2,0.0,1.0,0.0,1.0,0.0,0.0,0.0,4.0,1.0,2.0,3.1,0.0,100.0,0.0,0.0,1.0,0.0,2.0,0.0,0.0,0.0,0.0,0.0,1.0,0.0,0.0,0.0,100.0
1768747827.3449686,9.0,8.1,0.0,1.0,1.0,1.0,0.0,0.0,0.0,2.0,1.0,2.0,0.0,0.0,100.0,0.0,0.0,0.0,2.0,2.0,1.0,0.0,1.0,0.0,0.0,2.0,0.0,0.0,0.0,100.0
1768747828.3490624,14.2,3.0,0.0,0.0,0.0,1.0,0.0,0.0,1.0,2.0,0.0,0.0,1.0,1.0,100.0,0.0,0.0,1.0,0.0,0.0,1.0,0.0,0.0,0.0,0.0,2.0,0.0,0.0,0.0,100.0
1768747829.3520691,15.0,2.0,1.0,0.0,0.0,0.0,0.0,0.0,0.0,2.0,2.0,1.0,0.0,0.0,100.0,4.1,0.0,1.0,0.0,1.0,0.0,1.0,1.0,0.0,0.0,0.0,0.0,1.0,0.0,100.0
1768747830.3556628,11.5,9.0,0.0,0.0,0.0,2.0,2.0,1.0,1.0,3.0,2.0,0.0,0.0,0.0,100.0,12.1,0.0,4.0,0.0,0.0,0.0,0.0,0.0,1.0,1.0,0.0,0.0,0.0,0.0,100.0
1768747831.3609538,12.5,12.2,0.0,0.0,0.0,0.0,1.0,0.0,0.0,3.0,1.0,2.0,1.0,0.0,100.0,1.0,0.0,3.0,0.0,1.0,2.0,0.0,0.0,0.0,0.0,0.0,0.0,0.0,0.0,100.0
1768747832.3663368,9.1,14.3,0.0,0.0,0.0,0.0,0.0,0.0,0.0,2.0,4.0,1.0,1.0,0.0,100.0,0.0,0.0,2.0,0.0,0.0,1.0,0.0,1.0,0.0,1.0,1.0,0.0,0.0,0.0,100.0
1768747833.3697267,12.4,13.0,0.0,0.0,0.0,0.0,0.0,0.0,0.0,3.0,2.0,2.0,2.0,2.0,100.0,3.0,0.0,5.9,0.0,0.0,2.0,0.0,0.0,0.0,0.0,0.0,0.0,0.0,0.0,100.0
1768747834.374378,12.5,0.0,0.0,0.0,0.0,0.0,0.0,0.0,0.0,3.0,1.0,4.0,0.0,0.0,100.0,5.1,1.0,11.1,0.0,0.0,1.0,0.0,0.0,0.0,0.0,0.0,0.0,0.0,1.0,100.0
1768747835.382526,10.0,0.0,0.0,0.0,0.0,0.0,0.0,0.0,0.0,3.0,1.0,5.1,2.0,1.0,100.0,0.0,0.0,4.0,0.0,0.0,0.0,0.0,0.0,0.0,0.0,0.0,0.0,0.0,1.0,100.0
1768747836.3849313,15.6,0.0,1.0,0.0,0.0,0.0,0.0,0.0,0.0,4.0,1.0,1.0,1.0,0.0,100.0,2.0,2.0,3.0,0.0,1.0,0.0,0.0,0.0,0.0,2.0,0.0,0.0,0.0,1.0,100.0
1768747837.3887532,10.8,2.0,0.0,0.0,0.0,0.0,0.0,0.0,0.0,10.1,1.0,5.9,3.0,0.0,100.0,7.1,0.0,16.8,0.0,3.0,6.1,0.0,0.0,0.0,0.0,0.0,0.0,0.0,0.0,100.0
1768747838.3924034,9.9,0.0,1.0,0.0,1.0,0.0,0.0,1.0,1.0,3.0,2.0,3.0,0.0,2.0,100.0,4.0,0.0,6.2,0.0,0.0,0.0,0.0,0.0,1.0,0.0,0.0,0.0,0.0,0.0,100.0
1768747839.3955467,9.9,1.0,0.0,0.0,0.0,0.0,0.0,0.0,1.0,1.0,0.0,0.0,2.0,0.0,100.0,0.0,0.0,1.0,0.0,1.0,8.2,0.0,0.0,0.0,0.0,0.0,0.0,0.0,2.0,100.0
1768747840.3998556,8.9,1.0,1.0,0.0,0.0,0.0,0.0,0.0,1.0,3.0,1.0,0.0,0.0,0.0,100.0,1.0,0.0,11.1,0.0,2.0,3.0,1.0,0.0,0.0,0.0,0.0,0.0,0.0,1.0,100.0
1768747841.4040663,9.1,0.0,2.0,1.0,1.0,0.0,1.0,0.0,0.0,4.0,0.0,0.0,0.0,2.0,100.0,0.0,0.0,5.1,0.0,0.0,3.0,0.0,0.0,0.0,0.0,0.0,0.0,1.0,3.0,100.0
1768747842.4060688,13.5,1.0,1.0,2.0,2.0,2.0,0.0,0.0,0.0,5.0,0.0,0.0,7.9,1.0,100.0,0.0,0.0,16.2,0.0,1.0,14.0,0.0,1.0,1.0,2.0,0.0,0.0,0.0,0.0,100.0
1768747843.4112651,11.7,0.0,0.0,1.0,0.0,1.0,0.0,2.0,0.0,3.0,1.0,1.0,0.0,7.0,100.0,0.0,0.0,7.1,0.0,2.0,8.2,1.0,0.0,1.0,0.0,0.0,0.0,0.0,1.0,100.0
1768747844.4156237,13.3,9.0,0.0,1.0,0.0,0.0,1.0,1.0,1.0,3.0,0.0,0.0,1.0,2.0,100.0,1.0,0.0,5.0,0.0,0.0,8.2,1.0,0.0,0.0,1.0,0.0,1.0,0.0,2.0,100.0
1768747845.4191813,13.3,11.2,1.0,1.0,0.0,1.0,0.0,0.0,1.0,3.0,1.0,3.0,0.0,1.0,100.0,0.0,0.0,8.0,0.0,1.0,5.9,0.0,0.0,0.0,0.0,0.0,0.0,0.0,0.0,100.0
1768747846.423357,13.3,1.0,12.4,0.0,0.0,0.0,0.0,0.0,0.0,0.0,0.0,3.0,0.0,0.0,100.0,0.0,0.0,11.1,0.0,1.0,8.2,0.0,0.0,0.0,0.0,0.0,0.0,0.0,0.0,100.0
1768747847.4265952,13.2,1.0,8.1,0.0,8.2,0.0,0.0,1.0,1.0,4.0,1.0,3.0,3.0,0.0,100.0,6.1,0.0,1.0,1.0,1.0,6.0,1.0,1.0,2.0,1.0,1.0,0.0,3.0,0.0,100.0
1768747848.430371,15.7,3.0,7.2,1.0,0.0,1.0,0.0,1.0,0.0,2.0,2.0,1.0,2.0,1.0,100.0,0.0,0.0,0.0,0.0,0.0,3.0,0.0,0.0,0.0,6.1,1.0,0.0,4.0,2.0,100.0
1768747849.4348457,14.2,12.0,0.0,0.0,0.0,1.0,0.0,0.0,0.0,1.0,0.0,1.0,0.0,1.0,100.0,0.0,0.0,0.0,0.0,0.0,0.0,1.0,0.0,0.0,8.0,3.0,0.0,2.0,0.0,100.0
1768747850.551964,13.5,10.1,0.0,1.0,0.0,0.0,1.0,2.0,1.0,2.0,1.0,0.0,2.0,3.0,100.0,0.0,0.0,0.0,0.0,2.0,2.0,0.0,0.0,0.0,2.0,0.0,0.0,5.0,1.0,100.0
1768747851.5559444,12.6,12.1,0.0,0.0,0.0,0.0,1.0,1.0,1.0,1.0,1.0,2.0,1.0,2.0,100.0,0.0,0.0,3.0,0.0,0.0,4.0,0.0,0.0,0.0,6.1,0.0,0.0,0.0,0.0,100.0
1768747852.5597494,11.8,5.9,5.0,1.0,1.0,1.0,0.0,0.0,1.0,1.0,1.0,0.0,1.0,2.0,100.0,0.0,1.0,9.2,1.0,0.0,4.0,0.0,1.0,0.0,12.2,1.0,0.0,0.0,2.0,100.0
1768747853.5639927,12.6,4.0,1.0,0.0,0.0,0.0,0.0,1.0,0.0,0.0,0.0,0.0,5.1,0.0,100.0,1.0,0.0,6.0,1.0,0.0,3.0,0.0,0.0,0.0,4.0,1.0,0.0,7.1,1.0,100.0
1768747854.5673935,13.3,7.1,0.0,1.0,0.0,1.0,0.0,0.0,0.0,0.0,0.0,0.0,3.0,1.0,100.0,0.0,0.0,0.0,0.0,2.9,0.0,0.0,0.0,0.0,3.0,3.0,0.0,12.1,0.0,100.0
1768747855.5702853,13.3,14.3,0.0,0.0,0.0,0.0,1.0,1.0,0.0,0.0,1.0,0.0,1.0,0.0,100.0,0.0,0.0,1.0,1.0,0.0,2.0,0.0,0.0,0.0,13.3,1.0,0.0,2.0,0.0,100.0
1768747856.5733752,16.5,16.5,0.0,0.0,0.0,1.0,1.0,1.0,1.0,0.0,1.0,0.0,1.0,0.0,100.0,0.0,0.0,4.0,0.0,2.0,14.1,0.0,0.0,0.0,13.3,3.0,0.0,0.0,0.0,100.0
1768747857.577012,11.7,22.9,2.0,0.0,1.0,0.0,0.0,0.0,2.0,0.0,1.0,1.0,1.0,0.0,100.0,0.0,0.0,1.0,0.0,1.0,10.1,1.0,0.0,0.0,10.1,0.0,0.0,4.0,0.0,100.0
1768747858.580236,9.1,6.1,0.0,0.0,0.0,0.0,0.0,0.0,0.0,0.0,1.0,0.0,1.0,0.0,100.0,1.0,0.0,3.0,0.0,0.0,2.0,0.0,0.0,0.0,6.1,0.0,0.0,3.0,0.0,100.0
1768747859.5837905,9.9,3.0,2.0,1.0,0.0,0.0,0.0,0.0,2.0,1.0,1.0,0.0,1.0,0.0,100.0,0.0,0.0,4.0,0.0,0.0,4.1,0.0,1.0,0.0,11.1,0.0,0.0,9.1,0.0,100.0
1768747860.631261,11.5,4.0,0.0,0.0,1.0,0.0,0.0,0.0,2.0,1.0,1.0,1.0,1.0,1.0,100.0,1.0,0.0,4.0,0.0,2.0,5.1,0.0,0.0,1.0,8.0,0.0,0.0,1.0,0.0,100.0
1768747861.6894803,9.1,4.0,0.0,0.0,0.0,2.0,0.0,0.0,0.0,0.0,0.0,1.0,0.0,1.0,100.0,0.0,0.0,1.0,1.0,0.0,6.0,0.0,0.0,0.0,12.1,0.0,0.0,5.1,1.0,100.0
1768747862.693707,9.0,6.1,1.0,2.0,0.0,0.0,1.0,0.0,1.0,0.0,1.0,0.0,0.0,0.0,100.0,1.0,0.0,0.0,0.0,2.0,2.0,2.0,0.0,0.0,5.1,0.0,1.0,3.0,0.0,100.0
1768747864.0667012,9.7,7.1,0.0,0.0,1.0,0.0,0.0,0.0,1.0,0.0,0.0,1.0,0.0,1.0,100.0,1.0,0.0,0.0,0.0,0.0,0.0,0.0,0.0,0.0,6.9,0.0,1.0,0.0,0.0,100.0
1768747865.2669055,9.0,4.0,0.0,1.0,0.0,0.0,0.0,0.0,0.0,0.0,0.0,0.0,0.0,0.0,100.0,0.0,0.0,6.1,0.0,1.0,1.0,3.0,2.0,1.0,4.0,0.0,0.0,13.0,1.0,100.0
1768747866.2710633,11.8,1.0,1.0,1.0,1.0,0.0,0.0,0.0,1.0,0.0,0.0,0.0,0.0,0.0,100.0,0.0,0.0,4.0,0.0,0.0,8.2,0.0,0.0,0.0,3.0,0.0,0.0,16.3,1.0,100.0
1768747867.274342,12.5,0.0,1.0,4.0,1.0,1.0,0.0,1.0,2.0,0.0,1.0,2.0,0.0,1.0,100.0,0.0,0.0,0.0,0.0,0.0,4.0,1.0,0.0,0.0,10.3,0.0,0.0,2.0,0.0,100.0
1768747868.2770903,15.7,16.0,1.0,6.0,0.0,1.0,0.0,0.0,0.0,0.0,0.0,0.0,1.0,0.0,100.0,1.0,0.0,0.0,0.0,0.0,4.0,1.0,0.0,0.0,14.3,0.0,0.0,7.1,0.0,100.0
1768747869.2811453,11.7,10.2,5.2,2.0,0.0,0.0,1.0,0.0,1.0,0.0,2.0,1.0,1.0,2.9,100.0,1.0,0.0,0.0,1.0,0.0,7.1,1.0,0.0,0.0,15.2,0.0,1.0,3.0,2.0,100.0
1768747870.2855575,13.3,2.0,6.1,0.0,1.0,0.0,0.0,0.0,1.0,0.0,0.0,1.0,0.0,0.0,100.0,0.0,1.0,0.0,0.0,0.0,11.1,2.0,2.0,0.0,10.0,0.0,0.0,0.0,0.0,100.0
1768747871.2881002,11.8,9.2,4.0,3.0,0.0,1.0,0.0,0.0,0.0,0.0,0.0,0.0,0.0,1.0,100.0,0.0,0.0,1.0,0.0,0.0,5.9,5.1,1.0,0.0,12.2,0.0,0.0,3.0,2.0,100.0
1768747872.2912369,13.3,11.2,2.0,1.0,2.0,1.0,0.0,0.0,1.0,1.0,0.0,1.0,0.0,0.0,100.0,0.0,0.0,1.0,2.0,1.0,6.1,0.0,0.0,0.0,14.1,3.0,2.0,0.0,1.0,100.0
1768747873.2948296,14.2,3.0,0.0,13.0,1.0,0.0,2.0,0.0,1.0,0.0,2.0,0.0,0.0,1.0,100.0,0.0,0.0,0.0,0.0,2.0,12.9,1.0,0.0,0.0,5.1,3.0,1.0,1.0,1.0,100.0
1768747874.298473,14.2,15.3,0.0,1.0,0.0,0.0,0.0,0.0,1.0,0.0,0.0,0.0,0.0,1.0,100.0,1.0,0.0,0.0,0.0,0.0,0.0,11.0,0.0,0.0,13.4,1.0,1.0,0.0,0.0,100.0
1768747875.303397,10.8,12.1,0.0,0.0,0.0,0.0,0.0,0.0,2.0,0.0,0.0,1.0,1.0,1.0,100.0,1.0,0.0,0.0,0.0,0.0,0.0,4.0,0.0,0.0,15.3,2.0,2.0,1.0,0.0,100.0
1768747876.3079188,11.8,0.0,0.0,0.0,3.1,0.0,0.0,0.0,1.0,0.0,1.0,1.0,0.0,0.0,100.0,0.0,0.0,1.0,1.0,0.0,0.0,3.1,0.0,0.0,4.0,0.0,0.0,3.0,1.0,100.0
1768747877.3111384,12.4,1.0,0.0,0.0,4.0,1.0,0.0,0.0,1.0,0.0,0.0,0.0,0.0,0.0,100.0,1.0,0.0,1.0,0.0,2.0,0.0,3.0,0.0,0.0,19.4,1.0,2.0,2.0,0.0,100.0
1768747878.3147097,15.0,21.4,0.0,1.0,3.1,1.0,0.0,0.0,1.0,0.0,1.0,3.0,0.0,0.0,100.0,1.0,0.0,0.0,0.0,1.0,6.1,2.0,0.0,0.0,10.2,3.0,1.0,2.0,2.0,100.0
1768747879.3182518,14.2,8.1,0.0,0.0,1.0,0.0,0.0,0.0,1.0,1.0,0.0,0.0,0.0,0.0,100.0,0.0,0.0,0.0,0.0,0.0,5.0,0.0,0.0,0.0,4.0,1.0,1.0,0.0,0.0,100.0
1768747880.3425214,11.7,9.0,0.0,0.0,10.1,2.0,1.0,0.0,1.0,1.0,0.0,1.0,0.0,2.0,100.0,1.0,0.0,1.0,1.0,0.0,17.2,0.0,1.0,0.0,4.1,2.0,0.0,0.0,1.0,100.0
1768747881.347484,11.7,6.1,0.0,3.0,3.0,0.0,0.0,0.0,0.0,1.0,0.0,0.0,0.0,1.0,100.0,1.0,0.0,0.0,0.0,0.0,7.2,1.0,1.0,0.0,5.1,1.0,0.0,4.0,0.0,100.0
1768747882.3521795,11.0,7.0,1.0,1.0,5.1,1.0,0.0,1.0,0.0,2.0,1.0,0.0,1.0,0.0,100.0,0.0,1.0,1.0,0.0,1.0,3.0,1.0,0.0,3.0,5.1,0.0,2.0,0.0,0.0,100.0
1768747883.35664,11.8,2.0,0.0,1.0,18.2,2.0,2.0,1.0,1.0,0.0,1.0,2.0,0.0,2.0,100.0,2.0,0.0,3.0,0.0,0.0,3.0,1.0,0.0,8.0,11.3,1.0,2.0,5.1,3.0,100.0
1768747884.3603384,15.0,0.0,0.0,4.1,2.0,0.0,1.0,0.0,1.0,0.0,3.0,1.0,1.0,0.0,100.0,0.0,0.0,1.0,2.0,2.0,0.0,1.0,0.0,5.0,15.5,2.0,0.0,3.0,0.0,100.0
1768747885.3668017,14.2,2.9,0.0,1.0,6.0,0.0,1.0,0.0,0.0,0.0,1.0,0.0,3.0,0.0,100.0,0.0,0.0,2.0,0.0,0.0,2.0,1.0,0.0,3.0,9.0,1.0,0.0,4.0,0.0,100.0
1768747886.3691735,9.1,0.0,0.0,1.0,15.2,1.0,1.0,0.0,0.0,0.0,0.0,1.0,16.3,2.0,100.0,1.0,0.0,0.0,0.0,0.0,12.9,0.0,0.0,0.0,1.0,2.0,0.0,16.3,0.0,100.0
1768747887.3714333,9.7,1.0,0.0,0.0,7.1,0.0,0.0,0.0,1.0,4.0,2.0,2.0,18.9,1.0,100.0,2.0,0.0,1.0,0.0,0.0,7.1,1.0,0.0,0.0,8.0,0.0,2.0,7.1,2.0,100.0
1768747888.3749928,12.5,0.0,0.0,0.0,1.0,0.0,0.0,0.0,3.0,8.2,3.0,0.0,20.2,0.0,100.0,0.0,0.0,3.0,0.0,0.0,10.3,1.0,0.0,0.0,0.0,0.0,0.0,0.0,0.0,100.0
1768747889.3788733,11.8,0.0,1.0,0.0,5.0,1.0,0.0,0.0,1.0,7.9,2.0,0.0,12.2,0.0,100.0,0.0,0.0,1.0,1.0,0.0,3.0,0.0,0.0,0.0,4.0,0.0,0.0,0.0,1.0,100.0
1768747890.382436,14.0,1.0,0.0,13.9,2.0,1.0,2.0,0.0,0.0,1.0,1.0,1.0,11.3,0.0,100.0,1.0,0.0,0.0,0.0,0.0,11.2,0.0,0.0,0.0,8.2,0.0,0.0,6.1,0.0,100.0
1768747891.3862085,11.7,0.0,0.0,3.0,0.0,1.0,2.0,0.0,0.0,1.0,2.0,16.2,0.0,0.0,100.0,0.0,0.0,2.0,0.0,0.0,16.3,2.0,0.0,0.0,12.1,0.0,0.0,1.0,1.0,100.0
1768747892.3921971,12.5,1.0,1.0,1.0,4.0,0.0,1.0,0.0,2.0,0.0,0.0,15.5,1.0,0.0,100.0,1.0,0.0,1.0,0.0,3.0,10.9,12.0,0.0,0.0,11.1,0.0,0.0,0.0,0.0,100.0
1768747893.3967397,10.8,0.0,0.0,5.1,1.0,0.0,2.0,0.0,2.0,0.0,0.0,0.0,15.2,0.0,100.0,0.0,1.0,2.0,2.0,1.0,7.2,17.5,0.0,1.0,5.1,0.0,0.0,0.0,2.0,100.0
1768747894.400991,10.0,0.0,0.0,0.0,7.1,1.0,1.0,0.0,0.0,0.0,3.0,1.0,19.2,0.0,100.0,0.0,0.0,1.0,0.0,1.0,12.1,10.1,0.0,0.0,12.1,0.0,2.0,5.9,0.0,100.0
1768747895.4094272,12.5,0.0,0.0,0.0,9.1,0.0,2.0,0.0,1.0,0.0,0.0,0.0,14.3,0.0,100.0,0.0,1.0,2.0,0.0,0.0,9.1,12.1,0.0,0.0,11.2,0.0,0.0,3.0,0.0,100.0
1768747896.413612,16.5,0.0,0.0,2.0,2.0,0.0,3.0,0.0,1.0,0.0,0.0,0.0,13.1,0.0,100.0,1.0,0.0,1.0,0.0,1.0,1.0,12.4,0.0,0.0,8.0,0.0,0.0,2.0,0.0,100.0
1768747897.4170737,12.6,0.0,1.0,0.0,2.0,3.0,1.0,1.0,1.0,1.0,2.0,1.0,20.6,0.0,100.0,1.0,0.0,1.0,0.0,1.0,3.0,13.1,0.0,0.0,7.1,0.0,0.0,5.9,0.0,100.0
1768747898.420334,10.0,0.0,0.0,1.0,7.1,0.0,2.0,0.0,4.1,10.0,1.0,1.0,12.4,3.0,100.0,1.0,0.0,2.0,0.0,1.0,0.0,8.1,0.0,0.0,7.1,2.0,1.0,3.1,0.0,100.0
1768747899.5804949,10.8,2.0,1.0,1.0,7.2,2.0,0.0,0.0,13.0,7.1,3.0,1.0,9.2,16.2,100.0,3.0,1.0,2.0,1.0,2.0,1.0,11.1,0.0,0.0,0.0,0.0,3.0,5.1,0.0,100.0
1768747900.5847862,15.1,0.0,0.0,1.0,3.0,0.0,1.0,0.0,3.0,4.0,0.0,0.0,5.2,7.1,100.0,0.0,0.0,1.0,0.0,0.0,0.0,4.1,1.0,0.0,0.0,0.0,1.0,1.0,0.0,100.0
1768747901.58922,15.7,0.0,0.0,0.0,4.0,3.0,1.0,0.0,15.3,15.3,0.0,1.0,17.3,7.1,100.0,0.0,0.0,2.0,0.0,0.0,0.0,0.0,1.0,0.0,0.0,0.0,2.0,3.0,0.0,100.0
1768747902.5927522,14.3,0.0,0.0,0.0,3.0,2.0,0.0,0.0,8.1,11.1,0.0,0.0,19.4,20.0,100.0,0.0,0.0,3.0,0.0,2.0,1.0,3.0,0.0,0.0,0.0,0.0,2.0,1.0,0.0,100.0
1768747903.597173,15.0,0.0,0.0,0.0,7.0,3.0,0.0,1.0,2.0,2.0,0.0,1.0,24.2,10.2,100.0,0.0,0.0,2.0,1.0,2.0,1.0,1.0,0.0,0.0,0.0,0.0,1.0,5.1,0.0,100.0
1768747904.6009643,12.5,0.0,0.0,0.0,7.9,0.0,0.0,0.0,4.0,3.0,1.0,1.0,11.2,0.0,100.0,0.0,0.0,0.0,0.0,0.0,0.0,2.0,0.0,0.0,7.9,2.0,1.0,1.0,0.0,100.0
1768747905.6043756,11.8,0.0,0.0,0.0,11.1,0.0,0.0,1.0,15.3,4.0,4.0,0.0,13.1,0.0,100.0,0.0,0.0,2.0,0.0,0.0,0.0,15.2,0.0,1.0,6.1,0.0,0.0,1.0,2.0,100.0
1768747906.607387,13.5,0.0,0.0,0.0,2.0,0.0,0.0,0.0,1.0,8.1,12.1,2.0,16.3,1.0,100.0,1.0,0.0,1.0,0.0,2.0,1.0,7.1,2.0,0.0,1.0,0.0,2.0,1.0,1.0,100.0
1768747907.6112335,12.5,0.0,0.0,0.0,5.1,0.0,1.0,0.0,0.0,12.0,15.2,1.0,8.2,0.0,100.0,1.0,0.0,0.0,0.0,0.0,0.0,3.0,3.0,1.0,0.0,0.0,2.0,7.0,1.0,100.0
1768747908.6153033,11.7,0.0,0.0,0.0,1.0,0.0,0.0,0.0,0.0,10.2,8.2,2.0,17.0,0.0,100.0,0.0,0.0,1.0,0.0,0.0,0.0,9.1,1.0,1.0,0.0,0.0,1.0,5.1,1.0,100.0
1768747909.6203532,13.3,0.0,0.0,1.0,7.0,0.0,0.0,2.0,2.0,15.2,2.0,3.1,15.5,0.0,100.0,1.0,0.0,2.0,0.0,0.0,0.0,14.1,1.0,0.0,0.0,0.0,1.0,0.0,0.0,100.0
1768747910.627739,12.5,1.0,0.0,0.0,0.0,1.0,1.0,0.0,11.1,13.4,0.0,18.0,9.0,2.0,100.0,2.0,0.0,2.0,1.0,2.0,1.0,21.2,0.0,1.0,1.0,3.0,2.0,0.0,0.0,100.0
1768747911.6322393,11.8,0.0,0.0,0.0,0.0,0.0,0.0,0.0,5.1,4.0,0.0,3.1,8.0,1.0,100.0,0.0,0.0,1.0,0.0,6.1,0.0,9.1,0.0,0.0,3.0,0.0,1.0,0.0,0.0,100.0
1768747912.6366854,13.5,0.0,1.0,0.0,6.0,0.0,0.0,0.0,2.0,3.0,2.0,2.0,0.0,9.0,100.0,0.0,0.0,1.0,0.0,7.1,0.0,4.1,0.0,0.0,1.0,0.0,1.0,2.0,0.0,100.0
1768747913.6400857,9.9,0.0,0.0,1.0,0.0,0.0,1.0,0.0,1.0,1.0,8.1,2.0,0.0,4.0,100.0,2.0,0.0,2.0,1.0,4.0,0.0,7.1,0.0,0.0,4.0,2.0,2.0,1.0,0.0,100.0
1768747914.6441412,16.5,0.0,0.0,1.0,3.1,0.0,0.0,1.0,0.0,0.0,0.0,3.0,0.0,0.0,100.0,2.0,0.0,1.0,1.0,0.0,1.0,13.1,1.0,0.0,1.0,4.0,0.0,0.0,2.0,100.0
1768747915.6479487,11.7,0.0,0.0,0.0,6.0,0.0,1.0,0.0,0.0,0.0,0.0,1.0,0.0,0.0,100.0,0.0,0.0,2.0,1.0,1.0,0.0,9.0,1.0,0.0,0.0,0.0,1.0,0.0,2.0,100.0
1768747916.6523063,11.0,2.0,2.0,0.0,11.1,3.0,1.0,2.0,6.1,3.0,2.0,2.0,2.0,2.0,100.0,2.0,0.0,2.0,0.0,2.0,1.0,2.0,3.0,2.9,2.0,4.0,2.0,9.2,1.0,100.0
1768747917.6553185,14.6,11.0,8.1,8.1,1.0,3.1,0.0,0.0,2.0,0.0,0.0,1.0,12.2,12.1,100.0,1.0,1.0,0.0,0.0,10.1,0.0,0.0,0.0,0.0,0.0,0.0,0.0,1.0,0.0,100.0
1768747918.6594536,10.9,17.5,3.1,10.2,0.0,1.0,0.0,0.0,1.0,0.0,0.0,1.0,13.0,19.4,100.0,1.0,0.0,0.0,1.0,13.1,0.0,0.0,0.0,0.0,0.0,0.0,2.0,3.0,0.0,100.0
1768747919.6635118,12.5,17.3,0.0,3.0,1.0,0.0,0.0,12.1,1.0,0.0,0.0,1.0,17.2,5.0,100.0,1.0,0.0,0.0,1.0,3.0,0.0,0.0,0.0,0.0,0.0,0.0,2.0,0.0,0.0,100.0
1768747920.668486,13.9,1.0,1.0,2.0,0.0,6.1,1.0,0.0,0.0,0.0,1.0,0.0,11.2,3.0,100.0,3.0,1.0,4.0,1.0,1.0,0.0,1.0,1.0,1.0,1.0,0.0,0.0,1.0,1.0,100.0
1768747921.6723769,11.7,0.0,0.0,2.0,2.0,4.0,1.0,1.0,1.0,8.2,0.0,1.0,7.9,0.0,100.0,0.0,1.0,0.0,1.0,0.0,0.0,0.0,0.0,0.0,0.0,0.0,1.0,2.0,0.0,100.0
1768747922.6771507,16.4,0.0,0.0,0.0,0.0,0.0,0.0,0.0,0.0,0.0,0.0,0.0,2.0,0.0,100.0,0.0,0.0,0.0,0.0,0.0,0.0,0.0,0.0,0.0,0.0,0.0,1.0,0.0,1.0,100.0
1768747923.7434807,7.1,0.0,0.0,1.0,2.0,2.0,0.0,0.0,0.0,3.1,0.0,1.0,8.1,2.0,100.0,1.0,1.0,2.0,1.0,0.0,0.0,1.0,0.0,0.0,0.0,0.0,2.0,1.0,0.0,100.0
1768747924.8935506,9.1,1.0,0.0,2.0,3.0,1.0,0.0,0.0,0.0,12.1,0.0,1.0,7.1,0.0,100.0,1.0,1.0,0.0,0.0,0.0,1.0,0.0,0.0,3.0,0.0,0.0,4.0,0.0,1.0,100.0
1768747925.8981047,8.2,0.0,0.0,2.0,0.0,1.0,0.0,0.0,0.0,16.2,2.0,2.0,7.2,1.0,100.0,0.0,1.0,1.0,0.0,0.0,0.0,0.0,0.0,0.0,0.0,0.0,2.0,0.0,0.0,100.0
1768747926.9013097,8.2,1.0,0.0,1.0,3.0,1.0,0.0,0.0,0.0,7.1,2.0,2.1,18.4,0.0,100.0,0.0,0.0,0.0,0.0,0.0,0.0,0.0,0.0,0.0,0.0,0.0,1.0,0.0,0.0,100.0
1768747927.9058383,3.3,0.0,0.0,3.1,3.0,0.0,0.0,0.0,0.0,8.2,1.0,3.0,0.0,0.0,100.0,0.0,1.0,0.0,0.0,0.0,0.0,0.0,0.0,0.0,0.0,0.0,0.0,2.0,1.0,100.0
1768747928.9092994,9.1,0.0,0.0,1.0,2.0,0.0,0.0,0.0,0.0,2.0,2.0,1.0,9.3,2.0,100.0,0.0,0.0,0.0,0.0,0.0,1.0,0.0,0.0,0.0,0.0,0.0,0.0,0.0,0.0,100.0
1768747929.9127767,10.0,0.0,0.0,3.1,1.0,0.0,0.0,0.0,0.0,1.0,0.0,2.0,6.0,0.0,100.0,0.0,0.0,2.0,0.0,0.0,1.0,0.0,0.0,0.0,0.0,0.0,0.0,0.0,0.0,100.0
1768747930.9173167,10.1,2.0,1.0,1.0,2.0,2.0,0.0,0.0,1.0,6.9,0.0,2.0,2.0,0.0,100.0,0.0,0.0,2.0,1.0,0.0,0.0,0.0,0.0,0.0,0.0,0.0,0.0,1.0,0.0,100.0
1768747931.9219356,8.2,1.0,0.0,2.0,1.0,0.0,0.0,0.0,1.0,3.0,0.0,0.0,1.0,1.0,100.0,0.0,0.0,1.0,1.0,0.0,0.0,0.0,0.0,0.0,0.0,0.0,0.0,0.0,0.0,100.0
1768747932.9255466,9.1,0.0,2.0,3.0,1.0,2.0,1.0,1.0,0.0,13.1,0.0,1.0,2.0,1.0,100.0,1.0,0.0,0.0,1.0,0.0,0.0,0.0,0.0,0.0,0.0,0.0,0.0,0.0,0.0,100.0
1768747933.9299595,13.3,1.0,0.0,0.0,1.0,0.0,2.0,1.0,0.0,0.0,0.0,0.0,0.0,0.0,100.0,3.0,0.0,1.0,0.0,0.0,0.0,0.0,0.0,0.0,0.0,1.0,1.0,2.0,0.0,100.0
1768747934.9337692,14.0,0.0,0.0,2.0,0.0,0.0,0.0,1.0,1.0,1.0,0.0,1.0,1.0,0.0,100.0,1.0,0.0,0.0,0.0,1.0,0.0,0.0,0.0,0.0,0.0,0.0,0.0,1.0,0.0,100.0
1768747935.9372363,9.8,0.0,1.0,2.0,0.0,0.0,1.0,0.0,0.0,7.1,1.0,4.1,1.0,0.0,100.0,2.0,0.0,1.0,1.0,0.0,0.0,0.0,1.0,1.0,0.0,1.0,0.0,0.0,0.0,100.0
1768747936.9407966,13.3,0.0,0.0,2.0,4.0,1.0,2.0,1.0,2.0,4.0,0.0,2.0,10.1,0.0,100.0,2.0,2.0,0.0,0.0,0.0,2.0,0.0,0.0,0.0,0.0,0.0,0.0,0.0,0.0,100.0
1768747937.9451382,12.6,0.0,0.0,0.0,1.0,6.0,4.0,0.0,0.0,0.0,0.0,0.0,13.4,0.0,100.0,0.0,0.0,0.0,2.0,1.0,0.0,0.0,0.0,0.0,0.0,0.0,0.0,1.0,0.0,100.0
1768747938.9484808,12.5,0.0,0.0,1.0,3.0,0.0,0.0,0.0,1.0,0.0,0.0,0.0,12.1,0.0,100.0,0.0,0.0,0.0,1.0,0.0,0.0,0.0,0.0,0.0,0.0,0.0,0.0,0.0,0.0,100.0
1768747939.9524484,12.6,0.0,1.0,2.0,1.0,2.0,1.0,1.0,2.0,2.0,0.0,1.0,1.0,1.0,100.0,0.0,0.0,0.0,0.0,1.0,1.0,0.0,0.0,0.0,0.0,0.0,0.0,1.0,0.0,100.0
1768747940.9572725,12.6,0.0,0.0,1.0,1.0,7.1,1.0,0.0,0.0,7.1,0.0,1.0,8.2,1.0,100.0,0.0,1.0,4.1,0.0,0.0,1.0,0.0,0.0,0.0,0.0,0.0,0.0,0.0,0.0,100.0
1768747941.9620764,11.8,1.0,0.0,2.0,1.0,1.0,1.0,1.0,1.0,10.1,0.0,3.0,5.1,2.0,100.0,0.0,0.0,2.0,1.0,0.0,0.0,0.0,0.0,0.0,0.0,0.0,0.0,0.0,1.0,100.0
1768747942.9655292,10.1,0.0,0.0,3.1,2.0,17.0,1.0,1.0,1.0,4.0,0.0,1.0,1.0,2.0,100.0,0.0,1.0,1.0,0.0,0.0,0.0,0.0,0.0,0.0,0.0,0.0,0.0,1.0,1.0,100.0
1768747943.9692483,11.8,0.0,1.0,1.0,1.0,10.2,1.0,1.0,0.0,2.0,0.0,0.0,0.0,0.0,100.0,1.0,0.0,2.0,0.0,1.0,0.0,0.0,1.0,0.0,0.0,0.0,0.0,2.0,0.0,100.0
1768747944.9718146,16.5,0.0,0.0,1.0,0.0,14.1,2.0,2.0,0.0,7.1,3.0,2.0,1.0,1.0,100.0,2.0,1.0,2.1,1.0,0.0,1.0,1.0,0.0,0.0,0.0,0.0,0.0,2.0,0.0,100.0
1768747945.9736848,12.4,0.0,0.0,2.0,0.0,5.1,0.0,2.0,0.0,0.0,0.0,1.0,0.0,1.0,100.0,1.0,2.0,1.0,1.0,0.0,0.0,1.0,0.0,0.0,0.0,0.0,0.0,0.0,0.0,100.0
1768747946.9766734,10.8,0.0,1.0,2.0,0.0,5.0,0.0,2.0,1.0,0.0,0.0,0.0,0.0,0.0,100.0,1.0,2.0,0.0,0.0,0.0,0.0,0.0,0.0,0.0,0.0,0.0,0.0,0.0,0.0,100.0
1768747947.9788885,10.8,0.0,0.0,1.0,0.0,0.0,0.0,2.0,1.0,0.0,0.0,1.0,0.0,1.0,100.0,1.0,2.0,1.0,1.0,1.0,0.0,0.0,0.0,0.0,0.0,0.0,0.0,1.0,0.0,100.0
1768747948.9823182,15.7,1.0,0.0,2.0,1.0,7.1,0.0,2.0,1.0,0.0,0.0,1.0,0.0,1.0,100.0,0.0,1.0,0.0,1.0,1.0,0.0,0.0,0.0,0.0,0.0,0.0,0.0,2.0,0.0,100.0
1768747949.9873145,10.9,0.0,1.0,0.0,1.0,7.1,1.0,11.0,2.0,0.0,0.0,0.0,3.0,1.0,100.0,1.0,0.0,1.0,2.0,0.0,0.0,0.0,0.0,0.0,0.0,1.0,0.0,3.0,0.0,100.0
1768747950.9897366,11.7,0.0,0.0,2.0,1.0,3.0,0.0,11.1,1.0,0.0,1.0,0.0,1.0,3.0,100.0,0.0,1.0,1.0,3.0,0.0,0.0,0.0,0.0,0.0,0.0,0.0,0.0,0.0,0.0,100.0
1768747951.9933183,11.7,0.0,0.0,1.0,1.0,3.0,0.0,1.0,1.0,0.0,2.0,4.0,1.0,0.0,100.0,0.0,0.0,0.0,2.0,0.0,0.0,0.0,0.0,0.0,0.0,0.0,0.0,0.0,0.0,100.0
1768747952.998469,12.5,0.0,1.0,2.0,0.0,4.0,1.0,4.0,0.0,0.0,0.0,3.0,0.0,0.0,100.0,1.0,3.0,0.0,2.0,0.0,0.0,0.0,0.0,0.0,0.0,0.0,0.0,0.0,1.0,100.0
1768747954.0020137,12.5,0.0,1.0,1.0,1.0,6.1,0.0,11.2,0.0,2.0,0.0,2.0,0.0,0.0,100.0,2.0,1.0,0.0,3.9,0.0,0.0,0.0,0.0,0.0,0.0,0.0,0.0,2.0,0.0,100.0
1768747955.0059593,14.2,1.0,0.0,2.0,1.0,3.0,0.0,21.0,0.0,2.0,0.0,0.0,2.0,0.0,100.0,1.0,0.0,0.0,0.0,2.0,0.0,0.0,0.0,0.0,0.0,0.0,0.0,2.0,0.0,100.0
1768747956.0081594,10.1,0.0,0.0,2.0,1.0,1.0,2.0,3.1,12.1,15.0,8.0,2.0,0.0,0.0,100.0,1.0,2.0,2.0,2.0,0.0,0.0,0.0,1.0,1.0,0.0,1.0,1.0,2.0,1.0,100.0
1768747957.0126047,10.9,0.0,0.0,1.0,1.0,0.0,0.0,10.0,0.0,8.2,0.0,1.0,2.0,2.0,100.0,1.0,1.0,4.0,0.0,0.0,1.0,0.0,0.0,0.0,1.0,0.0,0.0,5.0,0.0,100.0
1768747958.015581,10.9,0.0,1.0,0.0,1.0,0.0,0.0,8.2,2.0,10.2,0.0,0.0,3.0,2.0,100.0,0.0,1.0,2.0,1.0,0.0,1.0,0.0,0.0,0.0,0.0,0.0,0.0,1.0,0.0,100.0
1768747959.0211425,10.9,4.0,0.0,0.0,0.0,0.0,0.0,0.0,9.2,4.0,5.0,2.0,0.0,3.0,100.0,0.0,0.0,0.0,1.0,3.0,0.0,0.0,0.0,0.0,0.0,0.0,0.0,1.0,0.0,100.0
1768747960.0256329,12.5,0.0,1.0,0.0,0.0,1.0,1.0,14.1,9.2,0.0,4.0,0.0,2.0,2.0,100.0,1.0,0.0,0.0,0.0,3.1,0.0,0.0,0.0,0.0,0.0,0.0,1.0,0.0,0.0,100.0
1768747961.028093,13.5,0.0,1.0,0.0,0.0,0.0,0.0,22.7,11.2,2.0,3.0,2.0,1.0,2.1,100.0,0.0,0.0,2.0,0.0,3.0,0.0,0.0,0.0,0.0,0.0,0.0,0.0,0.0,0.0,100.0
1768747962.032606,18.6,1.0,0.0,0.0,0.0,1.0,0.0,11.2,0.0,0.0,0.0,1.0,0.0,2.0,100.0,0.0,0.0,0.0,1.0,4.0,0.0,0.0,0.0,0.0,1.0,0.0,0.0,0.0,0.0,100.0
1768747963.0372558,13.5,0.0,0.0,0.0,1.0,1.0,0.0,17.3,0.0,0.0,0.0,2.0,0.0,2.0,100.0,1.0,1.0,1.0,0.0,0.0,0.0,0.0,0.0,0.0,0.0,0.0,0.0,0.0,0.0,100.0
1768747964.0404825,16.7,0.0,2.0,0.0,0.0,0.0,0.0,13.1,2.0,0.0,1.0,4.0,0.0,3.0,100.0,1.0,0.0,3.9,0.0,0.0,1.0,0.0,0.0,0.0,0.0,0.0,0.0,0.0,0.0,100.0
1768747965.0447996,13.7,1.0,1.0,0.0,1.0,0.0,1.0,18.4,1.0,1.0,2.0,3.0,0.0,3.1,100.0,0.0,0.0,1.0,2.0,0.0,1.0,0.0,0.0,0.0,0.0,0.0,0.0,0.0,0.0,100.0
1768747966.0480406,12.6,8.1,0.0,0.0,0.0,0.0,0.0,0.0,2.0,0.0,0.0,0.0,0.0,2.0,100.0,0.0,0.0,4.0,10.3,7.1,20.6,2.0,0.0,0.0,0.0,0.0,0.0,0.0,0.0,100.0
1768747967.050901,12.7,12.4,4.0,0.0,2.0,0.0,0.0,0.0,1.0,1.0,0.0,0.0,0.0,2.0,100.0,0.0,0.0,2.0,5.1,1.0,10.2,0.0,0.0,0.0,0.0,0.0,0.0,0.0,0.0,100.0
1768747968.054969,8.2,6.1,5.1,5.0,3.1,3.0,2.0,9.0,10.1,7.1,0.0,1.0,7.1,1.0,100.0,1.0,0.0,1.0,1.0,2.0,1.0,0.0,3.0,5.0,0.0,4.1,0.0,0.0,0.0,100.0
1768747969.0601044,12.5,0.0,0.0,2.0,2.0,0.0,0.0,0.0,11.0,5.1,4.0,4.0,9.2,10.1,100.0,0.0,0.0,3.0,4.0,1.0,1.0,1.0,1.0,0.0,1.0,10.0,0.0,8.0,0.0,100.0
1768747970.0637877,12.5,7.0,3.0,7.1,1.0,2.0,1.0,0.0,0.0,0.0,0.0,2.0,0.0,2.0,100.0,4.0,4.0,3.0,2.0,8.1,0.0,4.0,0.0,0.0,0.0,0.0,0.0,0.0,0.0,100.0
1768747971.0672119,7.1,0.0,4.0,7.1,0.0,0.0,1.0,1.0,0.0,0.0,0.0,1.0,0.0,0.0,100.0,0.0,1.0,1.0,4.0,8.1,0.0,11.2,2.0,1.0,0.0,0.0,0.0,0.0,0.0,100.0
1768747972.0707266,10.0,0.0,0.0,0.0,0.0,0.0,0.0,3.0,1.0,0.0,0.0,0.0,0.0,4.0,100.0,1.0,2.0,1.0,2.0,0.0,2.0,0.0,1.0,0.0,0.0,0.0,0.0,0.0,0.0,100.0
1768747973.0754013,13.1,3.0,0.0,4.1,4.0,2.0,0.0,2.1,0.0,2.0,1.0,2.0,1.0,0.0,100.0,1.0,3.0,3.0,3.0,1.0,1.0,5.9,1.0,2.0,2.0,1.0,0.0,0.0,1.0,100.0
1768747974.0825038,10.9,0.0,1.0,1.0,5.1,3.0,4.0,2.0,9.1,4.0,4.0,3.0,1.0,3.0,100.0,0.0,0.0,2.0,4.0,4.0,3.0,3.0,1.0,14.1,12.1,2.0,1.0,6.0,3.0,100.0
1768747975.086355,9.9,0.0,1.0,0.0,5.1,5.0,1.0,0.0,2.0,0.0,0.0,1.0,1.0,6.0,100.0,0.0,0.0,1.0,4.0,2.0,6.9,0.0,4.0,1.0,0.0,2.0,2.0,1.0,2.0,100.0
1768747976.0893378,11.8,2.0,2.0,1.0,4.0,0.0,0.0,2.0,0.0,0.0,0.0,0.0,0.0,1.0,100.0,1.0,1.0,0.0,3.0,1.0,1.0,2.0,2.0,2.0,1.0,0.0,2.0,0.0,5.1,100.0
1768747977.0926616,8.9,0.0,0.0,0.0,1.0,1.0,1.0,2.0,0.0,0.0,1.0,0.0,1.0,0.0,100.0,0.0,1.0,1.0,0.0,0.0,0.0,0.0,1.0,0.0,1.0,1.0,2.0,1.0,0.0,100.0
1768747978.3208551,12.3,0.0,0.0,1.0,5.0,1.0,2.0,1.0,0.0,1.0,0.0,1.0,1.0,4.0,100.0,1.0,0.0,2.0,5.1,1.0,0.0,1.0,0.0,1.0,0.0,0.0,1.0,1.0,1.0,100.0
1768747979.3257782,11.7,1.0,1.0,0.0,0.0,0.0,0.0,0.0,0.0,0.0,1.0,1.0,0.0,1.0,100.0,0.0,0.0,0.0,0.0,1.0,0.0,0.0,0.0,1.0,0.0,0.0,0.0,1.0,0.0,100.0
1768747980.3549023,13.4,5.1,2.0,0.0,1.0,0.0,0.0,1.0,0.0,0.0,0.0,0.0,1.0,1.0,100.0,1.0,0.0,2.0,3.0,3.0,1.0,4.0,3.0,1.0,3.0,3.0,3.0,4.1,1.0,100.0
1768747981.3585093,8.8,1.0,2.0,1.0,0.0,2.0,0.0,0.0,1.0,1.0,0.0,0.0,1.0,0.0,100.0,2.0,0.0,1.0,0.0,0.0,0.0,0.0,1.0,15.0,2.0,6.1,1.0,14.0,2.0,100.0
1768747982.36054,11.7,3.0,1.0,4.0,3.0,4.1,0.0,11.9,0.0,0.0,1.0,1.0,0.0,0.0,100.0,0.0,0.0,1.0,0.0,0.0,2.0,1.0,0.0,0.0,0.0,0.0,0.0,0.0,2.0,100.0
1768747983.3639705,6.0,1.0,1.0,2.0,0.0,0.0,0.0,0.0,0.0,0.0,0.0,0.0,1.0,0.0,100.0,0.0,0.0,0.0,0.0,0.0,0.0,0.0,0.0,0.0,0.0,0.0,0.0,0.0,4.0,100.0
1768747984.3681026,5.1,0.0,2.0,1.0,2.0,0.0,1.0,0.0,2.0,1.0,0.0,0.0,0.0,2.0,100.0,1.0,3.0,1.0,3.0,5.1,1.0,2.0,0.0,0.0,0.0,0.0,0.0,0.0,2.0,100.0
1768747985.372118,14.2,0.0,2.0,0.0,0.0,0.0,1.0,5.1,7.0,0.0,1.0,0.0,1.0,0.0,100.0,1.0,1.0,1.0,3.0,4.0,4.0,3.0,4.0,1.0,3.0,1.0,1.0,0.0,2.0,100.0
1768747986.3758407,10.9,1.0,2.0,5.0,1.0,1.0,7.1,2.0,4.0,2.0,1.0,1.0,0.0,1.0,100.0,5.0,2.0,0.0,4.0,4.9,1.0,1.0,1.0,1.0,1.0,0.0,0.0,1.0,0.0,100.0
1768747987.378,13.1,4.0,2.0,0.0,1.0,0.0,0.0,1.0,0.0,0.0,0.0,1.0,1.0,2.0,100.0,1.0,5.1,2.0,0.0,0.0,0.0,0.0,0.0,0.0,0.0,0.0,0.0,0.0,0.0,100.0
1768747988.3824437,5.1,1.0,3.0,7.1,6.1,5.0,1.0,4.0,4.0,1.0,0.0,1.0,0.0,0.0,100.0,0.0,2.0,0.0,0.0,0.0,0.0,0.0,0.0,0.0,0.0,0.0,0.0,0.0,0.0,100.0
1768747989.3862739,8.9,1.0,2.0,3.0,2.0,0.0,1.0,6.1,5.0,11.9,4.0,4.0,6.1,9.3,100.0,1.0,0.0,0.0,0.0,0.0,0.0,0.0,0.0,0.0,0.0,0.0,0.0,0.0,0.0,100.0
1768747990.3904638,14.1,4.0,6.1,9.1,4.0,10.0,3.0,3.0,3.1,2.0,1.0,0.0,0.0,0.0,100.0,0.0,0.0,0.0,0.0,0.0,0.0,3.0,1.0,0.0,0.0,0.0,0.0,0.0,0.0,100.0
1768747991.3938339,6.1,1.0,4.0,1.0,4.0,2.0,4.0,1.0,7.0,1.0,0.0,0.0,0.0,2.0,100.0,0.0,0.0,0.0,0.0,0.0,0.0,0.0,0.0,0.0,1.0,0.0,0.0,0.0,0.0,100.0
1768747992.397538,8.0,0.0,2.0,2.0,8.0,1.0,0.0,0.0,0.0,0.0,0.0,0.0,1.0,1.0,100.0,2.0,0.0,1.0,2.0,0.0,0.0,0.0,0.0,0.0,0.0,0.0,0.0,0.0,0.0,100.0
1768747993.4022677,11.5,2.0,0.0,0.0,0.0,0.0,0.0,0.0,1.0,1.0,1.0,0.0,0.0,1.0,100.0,0.0,0.0,0.0,1.0,1.0,1.0,0.0,1.0,1.0,0.0,0.0,1.0,0.0,0.0,100.0
1768747994.4063585,9.7,0.0,0.0,2.0,1.0,2.0,1.0,0.0,0.0,0.0,1.0,0.0,0.0,1.0,100.0,4.0,2.0,0.0,2.0,0.0,0.0,0.0,0.0,0.0,0.0,0.0,0.0,1.0,0.0,100.0
1768747995.4114163,9.0,3.0,1.0,5.1,7.1,10.1,1.0,5.0,6.0,1.0,0.0,0.0,0.0,2.0,100.0,2.0,0.0,0.0,4.0,1.0,0.0,0.0,0.0,0.0,0.0,1.0,0.0,0.0,0.0,100.0
1768747996.4157057,8.8,0.0,2.0,1.0,2.0,1.0,0.0,1.0,2.0,0.0,0.0,0.0,0.0,3.0,100.0,2.0,2.9,3.0,2.0,1.0,1.0,0.0,0.0,0.0,0.0,0.0,0.0,1.0,0.0,100.0
1768747997.4202657,14.8,0.0,0.0,0.0,0.0,0.0,0.0,4.0,2.0,5.0,2.0,1.0,0.0,1.0,100.0,5.0,2.0,0.0,2.0,0.0,1.0,2.0,0.0,0.0,0.0,0.0,0.0,0.0,0.0,100.0
1768747998.4245427,12.4,1.0,0.0,0.0,0.0,0.0,0.0,3.0,1.0,2.0,3.0,6.0,1.0,3.0,100.0,2.0,2.0,2.0,3.1,0.0,0.0,0.0,0.0,0.0,0.0,0.0,0.0,0.0,0.0,100.0
1768747999.4291182,8.0,0.0,0.0,0.0,0.0,0.0,0.0,3.0,3.0,2.0,3.0,1.0,0.0,4.9,100.0,2.0,1.0,6.0,3.0,5.0,2.0,1.0,0.0,0.0,0.0,0.0,0.0,0.0,0.0,100.0
1768748000.4315605,14.8,1.0,0.0,0.0,0.0,0.0,0.0,2.0,0.0,1.0,6.1,6.1,2.0,1.0,100.0,4.0,5.1,6.1,5.0,4.0,2.0,1.0,1.0,0.0,0.0,0.0,0.0,0.0,0.0,100.0
1768748001.4352887,10.7,0.0,0.0,1.0,0.0,0.0,1.0,0.0,1.0,0.0,0.0,0.0,0.0,0.0,100.0,3.0,3.0,4.0,5.0,0.0,0.0,0.0,0.0,0.0,0.0,0.0,0.0,0.0,0.0,100.0
1768748002.4380262,8.2,0.0,0.0,0.0,0.0,0.0,0.0,1.0,0.0,0.0,0.0,0.0,0.0,0.0,100.0,0.0,2.0,4.0,9.1,2.0,5.9,0.0,1.0,0.0,0.0,2.0,0.0,0.0,1.0,100.0
1768748003.4423847,11.9,0.0,0.0,0.0,1.0,1.0,2.0,2.0,4.0,2.0,1.0,1.0,1.0,2.0,100.0,0.0,0.0,0.0,5.0,2.0,1.0,5.0,1.0,0.0,1.0,0.0,0.0,0.0,0.0,100.0
1768748004.4460719,14.2,1.0,1.0,0.0,0.0,0.0,1.0,1.0,1.0,0.0,2.0,1.0,2.0,6.1,100.0,0.0,0.0,0.0,3.0,0.0,0.0,1.0,0.0,0.0,0.0,0.0,0.0,0.0,0.0,100.0
1768748005.449344,10.0,0.0,0.0,0.0,0.0,0.0,0.0,0.0,0.0,0.0,0.0,0.0,2.0,1.0,100.0,0.0,1.0,4.0,1.0,1.0,0.0,0.0,1.0,0.0,0.0,0.0,0.0,0.0,0.0,100.0
1768748006.454146,11.8,2.9,0.0,0.0,0.0,0.0,0.0,2.0,5.0,5.0,1.0,0.0,0.0,0.0,100.0,0.0,0.0,0.0,4.0,2.0,0.0,0.0,0.0,0.0,0.0,0.0,0.0,0.0,0.0,100.0
1768748007.4583704,11.8,0.0,0.0,0.0,0.0,0.0,0.0,1.0,4.0,7.0,3.0,4.0,1.0,2.0,100.0,0.0,0.0,0.0,1.0,1.0,0.0,1.0,1.0,1.0,0.0,0.0,0.0,0.0,0.0,100.0
1768748008.462611,7.3,3.0,2.0,2.0,1.0,8.1,3.0,3.0,3.0,7.1,0.0,0.0,0.0,0.0,100.0,0.0,0.0,1.0,2.0,2.0,6.0,7.1,4.0,0.0,0.0,0.0,0.0,0.0,0.0,100.0
1768748009.4672916,11.1,0.0,1.0,0.0,0.0,0.0,0.0,3.0,0.0,2.0,7.1,1.0,0.0,0.0,100.0,1.0,0.0,0.0,1.0,0.0,0.0,0.0,0.0,0.0,0.0,0.0,0.0,0.0,0.0,100.0
1768748010.4718595,10.9,7.0,4.0,2.0,1.0,0.0,1.0,4.1,0.0,0.0,0.0,0.0,1.0,1.0,100.0,1.0,1.0,4.0,3.0,2.0,2.0,1.0,0.0,1.0,0.0,0.0,0.0,0.0,1.0,100.0
1768748011.474877,11.8,1.0,1.0,0.0,2.0,6.1,2.0,2.0,2.0,6.1,2.0,1.0,0.0,0.0,100.0,0.0,0.0,1.0,3.0,4.0,1.0,2.0,4.0,0.0,0.0,1.0,0.0,0.0,0.0,100.0
1768748012.4775887,9.1,0.0,0.0,2.0,1.0,1.0,0.0,3.0,0.0,1.0,1.0,4.1,5.1,5.0,100.0,1.0,1.0,0.0,0.0,0.0,0.0,0.0,4.0,5.0,2.0,5.1,5.0,1.0,3.0,100.0
1768748013.4807115,7.2,3.0,1.0,1.0,3.0,0.0,0.0,1.0,0.0,1.0,0.0,0.0,0.0,1.0,100.0,1.0,3.1,2.0,5.0,1.0,0.0,0.0,1.0,2.0,2.0,3.0,1.0,0.0,1.0,100.0
1768748014.4851937,9.1,0.0,1.0,1.0,0.0,2.0,1.0,2.0,0.0,2.0,0.0,0.0,1.0,2.0,100.0,0.0,3.0,2.0,1.0,0.0,0.0,4.0,9.0,4.0,2.0,9.1,7.0,6.1,3.0,100.0
1768748015.4898286,9.0,0.0,0.0,0.0,2.0,1.0,4.0,2.0,6.0,3.0,4.0,2.0,8.1,2.0,100.0,3.0,1.0,0.0,5.1,0.0,0.0,2.1,1.0,0.0,0.0,0.0,2.0,0.0,1.0,100.0
1768748016.4935164,10.0,0.0,0.0,1.0,2.0,0.0,0.0,0.0,0.0,2.0,2.0,5.1,2.0,4.1,100.0,0.0,0.0,0.0,0.0,0.0,0.0,2.0,2.0,2.0,0.0,1.0,2.0,2.0,0.0,100.0
1768748017.495739,10.9,2.0,2.0,4.0,1.0,4.0,0.0,4.1,5.1,3.0,0.0,1.0,0.0,1.0,100.0,0.0,0.0,0.0,1.0,0.0,0.0,3.1,0.0,0.0,0.0,0.0,3.0,6.2,3.0,100.0
1768748018.4988031,8.2,0.0,2.0,1.0,0.0,0.0,1.0,3.0,2.0,5.1,8.2,2.0,1.0,11.2,100.0,0.0,0.0,1.0,3.0,2.0,2.0,2.0,1.0,0.0,0.0,0.0,5.1,0.0,0.0,100.0
1768748019.503401,10.0,1.0,0.0,1.0,7.0,8.0,1.0,2.0,0.0,3.0,3.0,2.0,1.0,0.0,100.0,0.0,0.0,0.0,5.0,2.0,6.2,3.0,1.0,3.0,0.0,1.0,1.0,0.0,1.0,100.0
1768748020.5072477,7.3,2.0,1.0,0.0,2.0,5.2,5.0,6.2,7.1,1.0,4.0,2.0,1.0,2.0,100.0,0.0,0.0,1.0,4.0,2.0,5.9,6.1,5.0,4.0,3.0,0.0,2.0,2.0,3.0,100.0
1768748021.510501,7.3,1.0,1.0,2.0,1.0,0.0,1.0,8.0,4.0,10.2,5.1,3.0,3.0,2.0,100.0,0.0,1.0,1.0,0.0,0.0,0.0,0.0,0.0,0.0,2.0,0.0,3.0,0.0,0.0,100.0
1768748022.5140615,12.6,1.0,0.0,0.0,2.0,3.1,1.0,1.0,0.0,10.2,5.0,2.0,10.2,7.1,100.0,0.0,0.0,1.0,5.0,0.0,0.0,0.0,0.0,2.0,1.0,1.0,2.0,1.0,6.0,100.0
1768748023.5184085,8.2,1.0,0.0,1.0,1.0,2.0,5.0,4.0,5.0,3.0,2.0,3.0,0.0,1.0,100.0,3.0,1.0,0.0,0.0,1.0,0.0,0.0,0.0,1.0,2.0,3.0,0.0,2.0,1.0,100.0
1768748024.5360515,9.2,1.0,0.0,0.0,0.0,0.0,0.0,5.1,2.0,1.0,0.0,3.0,3.0,0.0,100.0,0.0,0.0,1.0,4.0,1.0,0.0,1.0,1.0,1.0,3.0,1.0,0.0,0.0,1.0,100.0
1768748025.5383995,12.6,2.0,0.0,0.0,2.0,0.0,0.0,0.0,0.0,0.0,2.0,1.0,6.1,10.2,100.0,0.0,0.0,0.0,1.0,6.0,3.0,1.0,3.0,0.0,0.0,0.0,0.0,1.0,0.0,100.0
1768748026.5421157,10.9,2.0,2.0,1.0,0.0,0.0,0.0,6.0,2.0,0.0,1.0,1.0,0.0,1.0,100.0,0.0,0.0,0.0,5.0,3.1,1.0,4.0,2.0,1.0,1.0,0.0,0.0,0.0,1.0,100.0
1768748027.5463362,9.2,1.0,1.0,0.0,0.0,0.0,0.0,0.0,1.0,0.0,1.0,1.0,5.1,5.1,100.0,0.0,0.0,7.0,1.0,1.0,2.0,2.0,1.0,0.0,0.0,1.0,1.0,0.0,2.0,100.0
1768748028.5496156,11.7,1.0,0.0,1.0,0.0,0.0,0.0,0.0,0.0,0.0,1.0,1.0,0.0,3.0,100.0,0.0,1.0,1.0,0.0,2.0,3.0,2.0,2.0,1.0,1.0,1.0,0.0,0.0,0.0,100.0
1768748029.5547395,8.2,1.0,1.0,0.0,0.0,0.0,0.0,0.0,0.0,0.0,4.0,0.0,0.0,1.0,100.0,1.0,0.0,2.0,5.0,1.0,2.0,1.0,3.0,1.0,7.0,2.0,10.1,2.0,2.0,100.0
1768748030.557479,10.1,1.0,0.0,2.0,0.0,0.0,0.0,0.0,1.0,0.0,0.0,3.0,0.0,1.0,100.0,0.0,0.0,1.0,0.0,3.0,2.0,1.0,1.0,0.0,0.0,0.0,1.0,1.0,2.0,100.0
1768748031.5600135,8.2,1.0,1.0,0.0,0.0,1.0,0.0,0.0,0.0,0.0,2.0,0.0,2.0,0.0,100.0,0.0,0.0,0.0,5.0,1.0,2.0,2.0,1.0,0.0,2.0,1.0,1.0,1.0,0.0,100.0
1768748032.5646577,6.3,1.0,1.0,0.0,1.0,1.0,0.0,0.0,0.0,0.0,0.0,3.1,7.1,2.0,100.0,1.0,1.0,0.0,0.0,0.0,0.0,2.0,0.0,0.0,2.0,5.0,0.0,1.0,1.0,100.0
1768748033.5670722,10.9,1.0,1.0,1.0,1.0,0.0,1.0,0.0,0.0,0.0,0.0,0.0,1.0,1.0,100.0,1.0,2.0,1.0,0.0,1.0,1.0,0.0,2.0,1.0,2.0,3.0,0.0,0.0,0.0,100.0
1768748034.5722055,10.9,0.0,1.0,3.0,1.0,0.0,0.0,0.0,5.1,0.0,1.0,1.0,0.0,0.0,100.0,0.0,0.0,0.0,1.0,5.1,2.0,5.1,3.0,1.0,2.0,1.0,1.0,2.0,0.0,100.0
1768748035.5763924,8.2,1.0,2.0,1.0,1.0,1.0,0.0,2.9,7.1,3.0,5.1,3.1,5.0,1.0,100.0,0.0,0.0,0.0,1.0,1.0,0.0,2.0,1.0,3.9,2.0,4.0,3.0,3.0,1.0,100.0
1768748036.5800536,9.2,1.0,0.0,0.0,0.0,0.0,0.0,1.0,2.0,3.0,3.0,4.0,2.0,3.0,100.0,0.0,0.0,0.0,0.0,0.0,0.0,4.0,5.0,0.0,0.0,0.0,1.0,3.0,1.0,100.0
1768748037.5820537,8.3,2.0,5.1,3.0,1.0,2.0,2.0,2.0,7.1,6.1,2.0,3.1,3.1,8.1,100.0,1.0,2.0,1.0,3.0,2.0,2.0,8.2,3.1,13.3,8.2,3.0,5.0,6.1,5.1,100.0
1768748038.586431,9.1,0.0,1.0,5.0,1.0,0.0,0.0,2.0,1.0,2.0,0.0,2.0,2.0,2.0,100.0,0.0,0.0,1.0,0.0,0.0,0.0,3.0,1.0,7.1,2.0,9.2,0.0,3.0,0.0,100.0
1768748039.5885885,13.3,1.0,1.0,0.0,1.0,0.0,0.0,1.0,0.0,0.0,0.0,1.0,0.0,1.0,100.0,0.0,0.0,0.0,0.0,1.0,0.0,0.0,0.0,1.0,2.0,1.0,0.0,0.0,0.0,100.0
1768748040.5904913,10.1,0.0,0.0,1.0,0.0,1.0,1.0,1.0,0.0,0.0,0.0,0.0,0.0,3.0,100.0,0.0,2.0,0.0,0.0,0.0,0.0,5.0,2.0,2.0,1.0,1.0,0.0,1.0,0.0,100.0
1768748041.5939822,10.1,5.1,3.0,5.0,2.0,1.0,2.0,1.0,1.0,1.0,2.0,2.0,1.0,1.0,100.0,1.0,3.0,2.0,1.0,3.0,2.0,1.0,1.0,1.0,0.0,2.0,4.0,5.0,3.0,100.0
1768748042.6532972,12.5,1.0,0.0,1.0,1.0,0.0,1.0,1.0,0.0,0.0,0.0,2.0,0.0,0.0,100.0,0.0,0.0,0.0,0.0,0.0,1.0,0.0,0.0,0.0,1.0,0.0,0.0,0.0,0.0,100.0
1768748043.792738,14.2,1.0,5.0,3.0,1.0,2.0,0.0,0.0,1.0,0.0,0.0,2.0,0.0,2.0,100.0,0.0,0.0,1.0,0.0,1.0,0.0,0.0,1.0,0.0,1.0,0.0,1.0,2.0,4.0,100.0
1768748044.7971413,11.0,0.0,0.0,0.0,0.0,0.0,0.0,0.0,0.0,0.0,0.0,0.0,1.0,1.0,100.0,0.0,0.0,1.0,1.0,1.0,0.0,0.0,0.0,0.0,0.0,0.0,0.0,0.0,0.0,100.0
1768748045.8014884,10.0,0.0,0.0,1.0,0.0,0.0,4.0,3.0,3.0,1.0,4.0,0.0,3.0,4.0,100.0,0.0,0.0,1.0,0.0,0.0,0.0,1.0,0.0,0.0,1.0,1.0,4.0,8.0,0.0,100.0
1768748046.8053312,8.1,0.0,0.0,1.0,1.0,0.0,0.0,0.0,0.0,1.0,0.0,2.0,1.0,3.0,100.0,1.0,0.0,0.0,0.0,0.0,0.0,0.0,0.0,0.0,5.1,0.0,0.0,1.0,0.0,100.0
1768748047.8091288,9.9,1.0,3.0,0.0,0.0,1.0,0.0,1.0,0.0,0.0,0.0,0.0,4.9,8.1,100.0,0.0,2.0,2.0,1.0,1.0,1.0,1.0,1.0,1.0,2.0,3.0,0.0,0.0,0.0,100.0
1768748048.812578,9.0,0.0,0.0,2.0,0.0,0.0,0.0,0.0,0.0,3.0,0.0,0.0,0.0,0.0,100.0,1.0,0.0,0.0,1.0,1.0,5.1,4.0,2.0,2.0,1.0,3.0,7.0,2.0,2.0,100.0
1768748049.8145826,8.1,1.0,0.0,0.0,0.0,0.0,0.0,0.0,0.0,2.0,0.0,3.0,0.0,0.0,100.0,8.1,5.1,4.0,1.0,0.0,0.0,1.0,1.0,0.0,2.0,1.0,0.0,0.0,1.0,100.0
1768748050.8189528,10.1,0.0,0.0,0.0,0.0,2.0,6.0,0.0,1.0,1.0,0.0,1.0,5.1,10.1,100.0,0.0,2.0,1.0,1.0,0.0,1.0,0.0,0.0,0.0,3.0,6.9,6.9,6.0,1.0,100.0
1768748051.8221593,7.3,0.0,0.0,4.0,2.0,0.0,0.0,0.0,0.0,2.0,0.0,2.0,1.0,1.0,100.0,0.0,0.0,2.0,1.0,1.0,1.0,0.0,1.0,0.0,3.0,0.0,7.1,3.0,5.1,100.0
1768748052.825772,10.7,1.0,0.0,3.0,3.0,0.0,0.0,1.0,4.1,2.1,1.0,2.0,0.0,0.0,100.0,15.3,17.0,6.1,11.3,7.1,7.1,4.0,3.0,2.0,3.0,1.0,1.0,2.0,1.0,100.0
1768748053.8289578,7.2,0.0,0.0,2.0,0.0,0.0,0.0,1.0,1.0,2.0,0.0,0.0,0.0,0.0,100.0,2.0,2.0,0.0,3.0,2.0,1.0,0.0,1.0,3.0,3.1,2.0,4.0,1.0,1.0,100.0
1768748054.8334036,7.2,1.0,0.0,5.0,1.0,0.0,0.0,0.0,0.0,2.0,2.0,6.0,0.0,1.0,100.0,2.0,2.0,1.0,1.0,0.0,0.0,0.0,0.0,0.0,1.0,1.0,3.0,0.0,2.0,100.0
1768748055.8369963,12.7,0.0,0.0,0.0,3.1,0.0,0.0,0.0,0.0,0.0,0.0,0.0,2.0,1.0,100.0,1.0,1.0,2.9,0.0,2.0,0.0,0.0,0.0,1.0,0.0,1.0,0.0,0.0,1.0,100.0
1768748056.8413334,10.9,0.0,0.0,5.0,1.0,2.0,0.0,0.0,1.0,0.0,0.0,0.0,1.0,0.0,100.0,1.0,0.0,0.0,1.0,2.0,0.0,1.0,0.0,1.0,1.0,1.0,0.0,0.0,1.0,100.0
1768748057.8441029,13.4,4.0,1.0,7.0,4.0,3.0,0.0,0.0,0.0,0.0,1.0,0.0,0.0,1.0,100.0,2.0,1.0,1.0,1.0,2.0,1.0,3.0,0.0,0.0,0.0,0.0,0.0,2.0,2.0,100.0
1768748058.8485904,12.2,7.1,5.0,2.0,0.0,6.1,5.0,13.1,3.1,1.0,0.0,1.0,1.0,1.0,100.0,0.0,3.0,2.0,4.0,0.0,0.0,0.0,0.0,2.0,1.0,0.0,1.0,0.0,4.0,100.0
1768748059.8524852,14.2,0.0,0.0,5.1,0.0,0.0,0.0,0.0,0.0,1.0,0.0,1.0,1.0,0.0,100.0,0.0,1.0,0.0,4.0,1.0,0.0,0.0,0.0,0.0,1.0,0.0,1.0,1.0,0.0,100.0
1768748060.8557737,10.9,1.0,0.0,0.0,1.0,1.0,0.0,1.0,5.9,2.0,4.0,1.0,2.0,1.0,100.0,0.0,1.0,1.0,0.0,0.0,0.0,0.0,0.0,0.0,4.1,6.9,5.1,14.3,3.1,100.0
1768748061.8604755,13.5,0.0,0.0,5.9,0.0,0.0,1.0,0.0,7.0,4.0,4.0,0.0,0.0,2.0,100.0,4.0,9.0,1.0,0.0,1.0,0.0,0.0,0.0,0.0,3.0,1.0,1.0,3.0,2.0,100.0
1768748062.8649619,8.2,1.0,0.0,1.0,0.0,1.0,1.0,2.0,0.0,1.0,6.1,1.0,1.0,1.0,100.0,1.0,0.0,2.0,2.0,1.0,1.0,0.0,0.0,1.0,0.0,2.0,0.0,0.0,2.0,100.0
1768748063.8697028,15.0,1.0,0.0,4.0,0.0,0.0,0.0,0.0,0.0,2.0,0.0,1.0,0.0,1.0,100.0,3.0,0.0,1.0,0.0,1.0,1.0,0.0,0.0,0.0,2.0,1.0,1.0,0.0,0.0,100.0
1768748064.873018,10.7,3.0,0.0,0.0,0.0,1.0,0.0,0.0,0.0,0.0,0.0,0.0,0.0,0.0,100.0,6.1,4.0,1.0,2.0,2.0,1.0,0.0,0.0,0.0,1.0,2.0,0.0,0.0,0.0,100.0
1768748065.8760054,11.8,3.0,0.0,6.1,1.0,0.0,1.0,0.0,0.0,1.0,1.0,1.0,1.0,0.0,100.0,4.0,4.0,1.0,2.0,2.0,3.0,0.0,0.0,0.0,0.0,3.0,0.0,0.0,0.0,100.0
1768748066.8794045,10.0,1.0,0.0,1.0,0.0,1.0,0.0,0.0,0.0,0.0,0.0,3.0,3.0,2.0,100.0,1.0,1.0,8.2,3.0,4.0,2.0,4.0,6.9,3.0,2.0,1.0,3.0,2.0,2.0,100.0
1768748067.883896,10.0,1.0,0.0,2.0,0.0,2.0,0.0,3.0,0.0,0.0,2.0,3.0,1.0,0.0,100.0,0.0,0.0,0.0,0.0,1.0,1.0,2.0,0.0,0.0,0.0,1.0,0.0,0.0,0.0,100.0
1768748068.8863165,7.1,0.0,0.0,3.0,2.0,2.0,1.0,0.0,0.0,0.0,0.0,2.0,0.0,8.2,100.0,2.0,0.0,0.0,0.0,1.0,0.0,0.0,0.0,0.0,0.0,2.0,2.0,2.0,4.0,100.0
1768748069.890841,12.1,4.0,1.0,3.0,0.0,0.0,2.0,0.0,0.0,0.0,0.0,0.0,0.0,0.0,100.0,0.0,0.0,0.0,0.0,1.0,0.0,1.0,1.0,0.0,3.0,0.0,3.1,4.0,1.0,100.0
1768748070.895126,12.6,0.0,0.0,2.0,0.0,0.0,3.1,0.0,4.0,2.0,2.0,2.0,0.0,0.0,100.0,3.0,0.0,0.0,0.0,3.0,2.0,0.0,3.0,0.0,4.0,2.0,3.0,2.0,4.0,100.0
1768748071.9004707,8.1,0.0,0.0,0.0,0.0,0.0,3.0,1.0,0.0,0.0,1.0,0.0,0.0,0.0,100.0,4.0,0.0,2.0,0.0,0.0,0.0,0.0,0.0,0.0,0.0,4.0,3.0,1.0,2.0,100.0
1768748072.9063156,11.0,2.0,3.0,2.0,3.0,1.0,4.0,2.0,0.0,0.0,0.0,1.0,3.0,1.0,100.0,0.0,5.0,1.0,6.9,2.0,4.0,1.0,1.0,0.0,1.0,1.0,3.0,0.0,1.0,100.0
1768748073.9088879,12.0,2.0,1.0,8.0,1.0,2.0,0.0,0.0,1.0,2.0,3.0,1.0,0.0,1.0,100.0,3.0,1.0,0.0,2.0,0.0,1.0,2.0,2.0,1.0,0.0,2.0,0.0,0.0,0.0,100.0
1768748074.9134343,14.0,2.0,11.9,3.0,1.0,2.0,1.0,4.0,5.0,2.0,4.0,0.0,0.0,0.0,100.0,3.0,8.1,4.0,4.0,3.0,3.0,3.0,2.0,9.0,1.0,1.0,2.0,2.0,2.0,100.0
1768748075.9174154,5.4,5.0,3.1,1.0,3.0,0.0,2.0,2.0,1.0,2.0,0.0,2.0,1.0,1.0,100.0,1.0,0.0,1.0,1.0,3.0,6.1,4.0,6.0,1.0,1.0,3.0,6.1,7.1,3.1,100.0
1768748076.9217634,11.8,0.0,1.0,0.0,1.0,0.0,0.0,0.0,0.0,2.0,0.0,0.0,0.0,0.0,100.0,0.0,1.0,0.0,0.0,4.0,1.0,1.0,1.0,6.0,8.9,8.2,6.0,5.2,5.0,100.0
1768748077.924961,10.9,6.0,2.0,5.0,1.0,2.0,0.0,1.0,0.0,1.0,1.0,1.0,0.0,0.0,100.0,0.0,0.0,0.0,2.0,2.0,4.0,1.0,0.0,0.0,0.0,0.0,0.0,1.0,0.0,100.0
1768748078.9286244,11.8,0.0,0.0,5.0,5.1,7.1,4.0,5.1,2.0,2.0,0.0,2.0,1.0,0.0,100.0,2.0,1.0,0.0,1.0,0.0,0.0,0.0,0.0,1.0,0.0,0.0,0.0,0.0,2.0,100.0
1768748079.931981,10.1,6.9,2.0,1.0,1.0,0.0,0.0,1.0,1.0,0.0,0.0,3.0,2.0,1.0,100.0,0.0,2.0,2.0,7.1,2.0,5.0,2.0,1.0,4.0,1.0,2.0,0.0,0.0,1.0,100.0
1768748080.9364727,12.7,1.0,3.0,5.9,1.0,0.0,3.0,0.0,1.0,1.0,0.0,0.0,1.0,3.0,100.0,0.0,1.0,0.0,0.0,5.1,4.0,1.0,4.0,2.0,3.0,2.0,2.0,0.0,0.0,100.0
1768748081.9406478,9.1,0.0,0.0,0.0,0.0,0.0,3.0,8.1,8.1,5.9,0.0,0.0,0.0,1.0,100.0,0.0,0.0,0.0,5.0,1.0,4.0,8.2,5.1,8.0,7.1,9.3,1.0,1.0,0.0,100.0
1768748082.9434268,11.8,0.0,0.0,0.0,0.0,0.0,2.0,0.0,4.0,4.0,9.0,1.0,2.0,0.0,100.0,1.0,0.0,2.0,1.0,2.0,0.0,0.0,2.0,0.0,2.0,2.0,3.1,5.0,3.0,100.0
1768748083.9475074,7.2,0.0,1.0,1.0,0.0,0.0,1.0,6.1,0.0,0.0,2.0,2.0,0.0,1.0,100.0,0.0,0.0,0.0,3.0,0.0,0.0,0.0,0.0,0.0,3.0,3.0,0.0,0.0,1.0,100.0
1768748084.9519353,16.0,1.0,3.1,0.0,0.0,0.0,0.0,1.0,1.0,6.1,3.0,1.0,1.0,2.0,100.0,0.0,0.0,0.0,0.0,0.0,0.0,0.0,0.0,0.0,4.0,3.0,4.0,2.0,0.0,100.0
1768748085.9560375,10.2,1.0,1.0,0.0,0.0,0.0,0.0,0.0,0.0,0.0,0.0,0.0,0.0,0.0,100.0,0.0,0.0,0.0,1.0,0.0,3.0,0.0,0.0,0.0,1.0,4.0,1.0,2.0,1.0,100.0
1768748086.9603739,11.8,0.0,0.0,0.0,0.0,0.0,0.0,0.0,0.0,0.0,0.0,2.0,8.1,0.0,100.0,0.0,0.0,0.0,0.0,1.0,0.0,1.0,2.0,1.0,3.0,4.0,1.0,0.0,1.0,100.0
1768748087.963833,10.0,0.0,1.0,0.0,1.0,0.0,1.0,0.0,0.0,0.0,0.0,4.0,0.0,0.0,100.0,0.0,0.0,0.0,1.0,3.0,3.0,4.0,4.0,3.0,1.0,0.0,0.0,0.0,1.0,100.0
1768748088.9670653,12.9,3.0,6.1,2.0,0.0,3.0,1.0,1.0,0.0,1.0,0.0,2.0,1.0,0.0,100.0,0.0,1.0,0.0,0.0,0.0,0.0,3.1,0.0,5.9,1.0,1.0,2.0,0.0,1.0,100.0
1768748089.9726055,8.2,2.0,0.0,0.0,3.0,1.0,2.0,4.1,5.0,3.0,2.0,1.0,4.1,0.0,100.0,2.0,1.0,2.0,1.0,0.0,0.0,0.0,0.0,0.0,3.0,3.0,2.0,2.0,5.1,100.0
1768748090.9768627,10.0,0.0,0.0,0.0,1.0,1.0,0.0,2.0,10.0,3.0,3.0,3.0,2.0,2.0,100.0,1.0,0.0,0.0,0.0,0.0,0.0,0.0,0.0,0.0,3.1,5.0,2.0,3.0,8.1,100.0
1768748091.98304,12.6,0.0,1.0,0.0,0.0,0.0,0.0,1.0,2.0,3.0,3.0,4.0,0.0,3.0,100.0,0.0,0.0,2.0,1.0,0.0,0.0,0.0,0.0,0.0,4.0,3.0,0.0,1.0,1.0,100.0
1768748092.9879713,12.6,1.0,1.0,0.0,0.0,0.0,4.0,3.1,9.1,4.0,3.0,12.1,2.0,2.0,100.0,0.0,0.0,0.0,0.0,0.0,0.0,0.0,0.0,0.0,1.0,1.0,0.0,0.0,0.0,100.0
1768748093.9927835,12.6,0.0,1.0,0.0,0.0,1.0,1.0,4.0,6.0,13.3,5.1,5.1,2.0,10.0,100.0,0.0,0.0,0.0,1.0,3.0,0.0,0.0,0.0,0.0,0.0,0.0,0.0,0.0,0.0,100.0
1768748094.9949641,7.1,1.0,0.0,0.0,2.0,1.0,2.0,0.0,0.0,1.0,0.0,0.0,1.0,2.0,100.0,0.0,0.0,1.0,0.0,1.0,0.0,1.0,0.0,0.0,1.0,0.0,0.0,0.0,0.0,100.0
1768748095.9985523,10.1,1.0,2.0,1.0,0.0,1.0,0.0,0.0,0.0,0.0,0.0,0.0,0.0,0.0,100.0,0.0,0.0,0.0,0.0,1.0,0.0,0.0,0.0,0.0,0.0,0.0,0.0,0.0,1.0,100.0
1768748097.0019116,13.2,1.0,0.0,0.0,1.0,0.0,0.0,0.0,0.0,1.0,0.0,1.0,2.0,0.0,100.0,0.0,0.0,0.0,0.0,0.0,0.0,0.0,0.0,0.0,0.0,0.0,0.0,0.0,0.0,100.0
1768748098.1625278,10.8,1.0,5.0,3.0,1.0,1.0,1.0,0.0,0.0,0.0,0.0,0.0,0.0,0.0,100.0,0.0,1.0,1.0,2.0,0.0,0.0,0.0,0.0,0.0,0.0,0.0,0.0,0.0,1.0,100.0
1768748099.2208729,9.2,3.0,5.0,4.0,3.0,1.0,2.0,3.0,1.0,2.0,4.0,0.0,1.0,1.0,100.0,3.0,3.0,2.0,2.0,2.0,5.0,1.0,1.0,0.0,1.0,0.0,0.0,0.0,0.0,100.0
1768748100.2407823,9.7,1.0,1.0,0.0,0.0,0.0,1.0,1.0,1.0,0.0,1.0,0.0,0.0,3.0,100.0,1.0,0.0,0.0,3.0,1.0,0.0,0.0,0.0,0.0,0.0,0.0,0.0,0.0,0.0,100.0
1768748101.244025,10.4,1.0,0.0,1.0,1.0,3.0,0.0,1.0,1.0,1.0,0.0,3.0,3.0,1.0,100.0,1.0,1.0,3.0,5.0,1.0,1.0,1.0,2.0,1.0,0.0,0.0,0.0,0.0,0.0,100.0
1768748102.3575585,15.4,2.0,3.0,1.0,0.0,4.0,2.9,1.0,0.0,0.0,0.0,0.0,2.0,3.0,100.0,2.0,3.0,3.0,3.9,4.0,2.0,4.0,3.0,2.0,2.0,3.0,2.0,0.0,0.0,100.0
1768748103.6791809,13.3,1.0,2.0,0.0,0.0,0.0,0.0,0.0,2.0,1.0,1.0,1.0,1.0,1.0,100.0,2.0,6.1,0.0,5.1,2.0,2.0,0.0,0.0,4.0,0.0,0.0,5.0,2.0,0.0,100.0
1768748104.683648,10.8,0.0,2.0,0.0,2.0,0.0,0.0,1.0,0.0,0.0,0.0,0.0,2.0,0.0,100.0,11.9,7.0,5.1,4.0,4.0,0.0,0.0,0.0,1.0,2.0,0.0,0.0,0.0,0.0,100.0
1768748105.685569,10.9,0.0,0.0,4.0,5.1,4.0,3.0,11.0,1.0,2.0,2.0,2.0,0.0,1.0,100.0,5.1,9.1,8.3,13.3,7.1,7.1,3.0,1.0,0.0,7.1,3.0,0.0,1.0,2.0,100.0
1768748106.6892693,11.8,2.0,3.0,1.0,3.0,1.0,1.0,0.0,2.0,2.0,0.0,2.0,1.0,2.0,100.0,1.0,2.0,5.0,3.0,1.0,2.0,2.0,0.0,2.0,2.0,1.0,1.0,0.0,1.0,100.0
1768748107.6930046,9.0,1.0,0.0,2.0,1.0,0.0,0.0,1.0,2.0,2.0,1.0,0.0,1.0,2.0,100.0,0.0,2.0,2.0,8.2,3.0,3.1,0.0,3.0,3.0,0.0,3.0,0.0,0.0,1.0,100.0
1768748108.697301,7.1,1.0,0.0,1.0,7.0,4.0,5.1,1.0,1.0,1.0,2.0,2.0,7.0,3.1,100.0,0.0,3.0,7.1,6.0,9.1,9.2,10.2,4.0,6.0,2.0,6.1,1.0,1.0,8.0,100.0
1768748109.700303,9.1,1.0,2.0,0.0,8.2,6.0,2.0,5.0,5.1,1.0,1.0,2.0,2.0,1.0,100.0,1.0,4.0,6.1,6.1,1.0,10.1,17.8,3.0,1.0,1.0,1.0,2.0,2.0,3.0,100.0
1768748110.7046845,12.5,0.0,0.0,2.0,0.0,1.0,2.0,0.0,1.0,0.0,1.0,4.1,0.0,0.0,100.0,3.0,7.9,2.0,0.0,0.0,0.0,0.0,0.0,0.0,1.0,0.0,0.0,0.0,1.0,100.0
1768748111.7091398,9.0,2.0,1.0,0.0,1.0,1.0,2.0,1.0,2.0,2.0,0.0,1.0,0.0,0.0,100.0,2.0,1.0,1.0,5.1,4.0,1.0,0.0,4.0,0.0,0.0,0.0,0.0,0.0,0.0,100.0
1768748112.7144973,11.7,0.0,0.0,1.0,0.0,1.0,0.0,0.0,0.0,3.0,0.0,0.0,0.0,0.0,100.0,8.0,1.0,2.0,0.0,0.0,0.0,7.1,5.1,5.1,7.9,1.0,1.0,2.0,2.0,100.0
1768748113.7180886,9.0,0.0,0.0,0.0,0.0,2.0,0.0,0.0,0.0,0.0,1.0,0.0,0.0,0.0,100.0,0.0,1.0,0.0,0.0,0.0,0.0,2.0,0.0,0.0,0.0,0.0,0.0,0.0,2.0,100.0
1768748114.7230344,14.3,0.0,0.0,0.0,0.0,0.0,1.0,1.0,0.0,0.0,0.0,0.0,1.0,0.0,100.0,0.0,0.0,1.0,0.0,0.0,1.0,0.0,2.0,1.0,4.0,1.0,1.0,0.0,1.0,100.0
1768748115.725342,11.8,0.0,0.0,0.0,0.0,0.0,2.0,0.0,1.0,0.0,0.0,0.0,0.0,1.0,100.0,0.0,0.0,0.0,0.0,1.0,0.0,0.0,0.0,0.0,1.0,0.0,0.0,0.0,0.0,100.0
1768748116.7285924,10.0,10.0,12.1,3.0,14.3,2.0,2.1,1.0,2.0,0.0,0.0,0.0,0.0,0.0,100.0,0.0,0.0,0.0,0.0,0.0,1.0,0.0,0.0,2.0,1.0,0.0,1.0,0.0,1.0,100.0
1768748117.7330148,9.2,0.0,1.0,2.0,2.0,1.0,4.0,1.0,1.0,0.0,0.0,1.0,0.0,0.0,100.0,0.0,0.0,0.0,2.0,0.0,0.0,0.0,0.0,0.0,5.9,3.0,3.0,0.0,0.0,100.0
1768748118.737318,10.9,3.0,0.0,1.0,0.0,0.0,2.0,5.1,1.0,1.0,0.0,0.0,0.0,0.0,100.0,0.0,0.0,1.0,0.0,0.0,1.0,0.0,0.0,0.0,0.0,7.1,4.0,2.0,2.0,100.0
1768748119.7423828,11.5,2.0,1.0,0.0,0.0,2.0,2.0,1.0,3.0,0.0,0.0,0.0,0.0,0.0,100.0,1.0,2.0,4.0,1.0,0.0,0.0,0.0,0.0,0.0,0.0,1.0,4.0,3.0,0.0,100.0
1768748120.7456853,8.9,1.0,0.0,0.0,1.0,0.0,0.0,0.0,0.0,1.0,0.0,0.0,0.0,0.0,100.0,3.0,5.1,5.0,3.0,8.0,2.0,2.0,1.0,1.0,1.0,1.0,0.0,0.0,0.0,100.0
1768748121.7499516,10.9,0.0,2.0,0.0,0.0,0.0,0.0,1.0,0.0,0.0,0.0,0.0,0.0,0.0,100.0,8.1,1.0,1.0,0.0,8.1,4.0,3.0,13.1,10.2,8.2,8.0,5.1,5.1,7.1,100.0
1768748122.7542758,10.1,1.0,0.0,1.0,1.0,1.0,2.0,0.0,0.0,0.0,0.0,1.0,1.0,0.0,100.0,2.0,0.0,1.0,0.0,1.0,1.0,0.0,10.0,3.0,1.0,0.0,5.0,8.1,1.0,100.0
1768748123.7585146,12.7,1.0,3.0,1.0,1.0,1.0,1.0,0.0,1.0,0.0,0.0,0.0,0.0,0.0,100.0,0.0,0.0,0.0,5.1,6.0,6.0,8.1,0.0,0.0,0.0,0.0,0.0,2.0,5.0,100.0
1768748124.7613363,11.7,1.0,1.0,1.0,2.0,2.0,1.0,1.0,4.0,2.0,9.1,9.0,3.1,0.0,100.0,0.0,0.0,1.0,0.0,0.0,0.0,0.0,0.0,0.0,0.0,0.0,1.0,2.0,3.9,100.0
1768748125.7654152,10.9,0.0,0.0,0.0,2.0,0.0,0.0,1.0,1.0,0.0,0.0,0.0,0.0,0.0,100.0,0.0,0.0,0.0,0.0,0.0,0.0,0.0,0.0,0.0,0.0,0.0,1.0,4.0,0.0,100.0
1768748126.7704375,13.5,1.0,0.0,1.0,0.0,2.0,1.0,0.0,0.0,1.0,0.0,0.0,1.0,0.0,100.0,0.0,1.0,0.0,0.0,1.0,0.0,1.0,0.0,0.0,0.0,0.0,1.0,2.0,6.1,100.0
1768748127.7752285,12.7,10.0,10.2,8.2,2.0,6.1,2.0,3.0,0.0,0.0,1.0,0.0,1.0,1.0,100.0,0.0,0.0,1.0,0.0,0.0,0.0,0.0,0.0,0.0,0.0,0.0,5.0,0.0,1.0,100.0
1768748128.778629,10.8,1.0,1.0,2.0,1.0,1.0,1.0,1.0,0.0,0.0,0.0,1.0,1.0,0.0,100.0,0.0,0.0,0.0,0.0,0.0,0.0,1.0,0.0,0.0,0.0,0.0,0.0,1.0,1.0,100.0
1768748129.782443,11.7,1.0,5.0,4.0,5.0,6.1,7.1,5.1,9.1,2.0,7.1,1.0,0.0,1.0,100.0,0.0,1.0,0.0,0.0,0.0,1.0,0.0,1.0,0.0,0.0,0.0,1.0,0.0,0.0,100.0
1768748130.7849808,7.2,0.0,2.0,0.0,3.0,4.0,1.0,4.0,5.1,5.1,1.0,3.0,9.1,7.1,100.0,0.0,0.0,0.0,1.0,3.0,0.0,2.0,2.0,3.0,0.0,0.0,0.0,0.0,0.0,100.0
1768748131.7901425,8.2,0.0,1.0,0.0,0.0,1.0,1.0,1.0,1.0,2.0,1.0,0.0,4.0,1.0,100.0,1.0,1.0,0.0,1.0,0.0,1.0,1.0,12.1,8.1,5.0,0.0,2.0,3.0,2.0,100.0
1768748132.7952433,10.8,1.0,4.1,6.1,7.0,0.0,0.0,1.0,0.0,1.0,0.0,8.0,5.1,0.0,100.0,0.0,0.0,0.0,0.0,0.0,0.0,0.0,0.0,0.0,0.0,0.0,1.0,0.0,1.0,100.0
1768748133.7989743,10.0,0.0,0.0,0.0,0.0,1.0,0.0,0.0,0.0,0.0,0.0,4.0,2.0,0.0,100.0,0.0,0.0,1.0,0.0,1.0,0.0,2.0,5.0,0.0,0.0,1.0,0.0,0.0,0.0,100.0
1768748134.8013284,7.2,0.0,0.0,0.0,0.0,0.0,1.0,0.0,0.0,0.0,0.0,0.0,0.0,0.0,100.0,0.0,0.0,0.0,4.0,0.0,0.0,2.0,4.0,6.0,2.0,2.0,1.0,1.0,1.0,100.0
1768748135.805223,13.0,3.0,2.0,1.0,0.0,1.0,0.0,0.0,0.0,0.0,0.0,0.0,0.0,0.0,100.0,0.0,1.0,1.0,0.0,0.0,0.0,2.0,0.0,1.0,8.0,4.0,3.0,2.0,5.0,100.0
1768748136.809106,11.8,3.1,8.2,4.0,0.0,0.0,0.0,0.0,0.0,0.0,0.0,0.0,0.0,1.0,100.0,3.0,1.0,3.0,6.9,4.0,5.1,4.0,1.0,0.0,0.0,1.0,1.0,2.0,6.1,100.0
1768748137.814557,12.6,4.0,0.0,1.0,1.0,2.0,5.1,0.0,0.0,0.0,0.0,0.0,0.0,0.0,100.0,1.0,0.0,1.0,0.0,0.0,1.0,3.0,1.0,0.0,0.0,0.0,0.0,0.0,2.0,100.0
1768748138.818361,8.1,0.0,0.0,0.0,0.0,0.0,4.0,3.0,3.0,7.1,7.0,1.0,4.0,2.0,100.0,3.0,1.0,2.0,6.0,0.0,0.0,1.0,0.0,0.0,0.0,0.0,2.0,1.0,0.0,100.0
1768748139.822297,12.1,0.0,2.0,1.0,1.0,0.0,0.0,7.1,0.0,2.0,7.1,4.0,2.0,3.0,100.0,0.0,1.0,0.0,0.0,0.0,0.0,2.0,0.0,0.0,0.0,0.0,0.0,1.0,0.0,100.0
1768748140.8256845,8.2,1.0,0.0,0.0,0.0,1.0,0.0,3.0,0.0,0.0,0.0,0.0,0.0,1.0,100.0,5.9,8.0,0.0,3.0,0.0,0.0,2.0,0.0,0.0,0.0,0.0,0.0,0.0,1.0,100.0
1768748141.829631,10.0,0.0,1.0,0.0,0.0,1.0,0.0,5.0,1.0,13.1,5.0,0.0,0.0,0.0,100.0,0.0,3.0,1.0,2.0,0.0,0.0,3.0,0.0,0.0,0.0,0.0,0.0,0.0,0.0,100.0
1768748142.834402,15.9,3.0,0.0,0.0,0.0,1.0,0.0,0.0,2.0,3.0,1.0,0.0,0.0,0.0,100.0,1.0,1.0,2.0,0.0,0.0,0.0,2.0,0.0,0.0,0.0,0.0,0.0,0.0,2.0,100.0
1768748143.8371153,10.3,2.0,3.0,0.0,0.0,0.0,0.0,0.0,0.0,0.0,0.0,0.0,0.0,0.0,100.0,1.0,0.0,2.0,9.0,2.0,0.0,7.0,5.0,4.9,2.0,1.0,2.0,0.0,0.0,100.0
1768748144.8399503,7.2,1.0,0.0,0.0,1.0,0.0,1.0,0.0,1.0,0.0,0.0,1.0,0.0,0.0,100.0,3.0,2.0,0.0,0.0,3.0,0.0,0.0,0.0,2.0,2.0,0.0,0.0,0.0,0.0,100.0
1768748145.8440914,8.2,1.0,0.0,0.0,0.0,0.0,0.0,0.0,0.0,0.0,1.0,0.0,1.0,0.0,100.0,0.0,0.0,1.0,1.0,1.0,1.0,3.1,7.0,10.1,6.0,3.0,3.0,4.0,3.0,100.0
1768748146.8484278,11.8,0.0,0.0,0.0,0.0,2.0,0.0,1.0,0.0,0.0,1.0,0.0,0.0,0.0,100.0,0.0,0.0,0.0,11.0,0.0,0.0,2.0,0.0,0.0,0.0,1.0,0.0,1.0,1.0,100.0
1768748147.8524961,10.9,0.0,0.0,0.0,1.0,0.0,0.0,1.0,0.0,0.0,0.0,0.0,0.0,0.0,100.0,0.0,0.0,0.0,1.0,0.0,0.0,0.0,0.0,0.0,9.2,8.0,1.0,1.0,0.0,100.0
1768748148.857176,10.1,3.0,2.0,3.0,2.0,1.0,2.0,0.0,0.0,0.0,0.0,0.0,0.0,0.0,100.0,0.0,0.0,0.0,0.0,1.0,0.0,0.0,0.0,3.0,0.0,2.0,4.1,1.0,4.9,100.0
1768748149.8605652,7.3,1.0,3.0,2.0,5.1,5.0,6.1,5.0,3.0,4.0,3.0,1.0,1.0,0.0,100.0,0.0,0.0,1.0,2.0,0.0,1.0,0.0,0.0,0.0,0.0,0.0,1.0,0.0,0.0,100.0
1768748150.8628151,8.2,1.0,2.0,0.0,1.0,1.0,1.0,2.0,2.0,3.0,1.0,1.0,7.1,5.9,100.0,0.0,1.0,0.0,4.0,0.0,0.0,1.0,1.0,1.0,0.0,1.0,1.0,1.0,0.0,100.0
1768748151.866101,7.2,9.3,3.0,7.1,10.2,6.1,3.0,0.0,1.0,2.0,1.0,0.0,0.0,0.0,100.0,9.0,0.0,0.0,1.0,1.0,0.0,0.0,2.0,4.1,0.0,1.0,1.0,0.0,1.0,100.0
1768748152.868735,12.0,2.0,3.0,1.0,4.1,4.0,4.0,2.0,3.1,2.0,7.0,1.0,1.0,0.0,100.0,0.0,14.9,2.0,2.0,0.0,1.0,2.0,1.0,4.0,1.0,0.0,1.0,0.0,0.0,100.0
1768748153.8730593,13.5,1.0,0.0,2.0,3.0,3.0,3.0,2.0,1.0,6.1,1.0,3.0,3.0,0.0,100.0,0.0,2.0,1.0,2.0,3.0,1.0,3.0,2.0,3.0,0.0,5.0,0.0,0.0,0.0,100.0
1768748154.877003,9.0,0.0,0.0,0.0,0.0,0.0,0.0,0.0,0.0,0.0,0.0,3.0,0.0,4.0,100.0,0.0,0.0,3.0,4.0,0.0,0.0,1.0,0.0,0.0,3.0,3.0,2.0,1.0,0.0,100.0
1768748155.8815951,9.1,1.0,0.0,0.0,0.0,0.0,0.0,0.0,0.0,0.0,0.0,0.0,0.0,1.0,100.0,0.0,0.0,0.0,4.0,0.0,3.0,2.0,2.0,0.0,0.0,2.0,0.0,1.0,0.0,100.0
1768748156.883472,10.9,0.0,0.0,0.0,0.0,1.0,1.0,0.0,0.0,0.0,0.0,0.0,0.0,0.0,100.0,0.0,1.0,3.0,2.0,3.0,2.0,3.0,1.0,2.0,1.0,1.0,1.0,1.0,1.0,100.0
1768748158.069109,10.9,0.0,0.0,0.0,1.0,0.0,0.0,0.0,1.0,0.0,0.0,0.0,0.0,0.0,100.0,0.0,0.0,0.0,5.9,3.0,0.0,5.0,3.0,4.0,2.0,3.0,3.0,7.1,11.1,100.0
1768748159.072799,10.0,0.0,0.0,0.0,1.0,1.0,0.0,0.0,0.0,0.0,0.0,0.0,0.0,0.0,100.0,0.0,0.0,0.0,1.0,0.0,1.0,0.0,0.0,1.0,1.0,0.0,0.0,0.0,0.0,100.0
1768748160.0768278,10.5,6.0,3.0,4.0,1.0,1.0,0.0,0.0,0.0,0.0,0.0,0.0,0.0,0.0,100.0,4.0,1.0,1.0,4.0,0.0,1.0,0.0,1.0,1.0,2.0,0.0,0.0,0.0,0.0,100.0
1768748161.082321,15.1,3.0,6.0,0.0,2.0,0.0,0.0,0.0,1.0,0.0,0.0,0.0,0.0,0.0,100.0,4.0,0.0,3.0,6.0,1.0,1.0,2.0,1.0,1.0,0.0,1.0,2.0,0.0,0.0,100.0
1768748162.085044,11.7,0.0,0.0,0.0,0.0,0.0,0.0,0.0,0.0,0.0,0.0,0.0,0.0,0.0,100.0,0.0,0.0,0.0,4.0,2.0,0.0,0.0,0.0,0.0,0.0,0.0,0.0,0.0,0.0,100.0
1768748163.0890462,14.0,1.0,0.0,2.0,1.0,0.0,0.0,0.0,0.0,0.0,0.0,0.0,0.0,0.0,100.0,8.1,2.0,3.0,3.9,0.0,0.0,0.0,0.0,1.0,1.0,0.0,0.0,0.0,0.0,100.0
1768748164.0931356,9.0,0.0,0.0,0.0,0.0,0.0,0.0,0.0,1.0,0.0,0.0,0.0,0.0,0.0,100.0,4.0,2.0,2.0,2.0,1.0,1.0,0.0,0.0,0.0,0.0,1.0,0.0,0.0,0.0,100.0
1768748165.1374507,10.1,0.0,1.0,2.0,2.0,0.0,1.0,3.0,1.0,3.0,0.0,1.0,1.0,0.0,100.0,3.0,0.0,9.0,2.0,6.1,7.1,3.0,1.0,2.0,2.0,1.0,0.0,1.0,1.0,100.0
1768748166.1604016,14.8,1.0,0.0,0.0,0.0,2.0,0.0,0.0,1.0,1.0,1.0,1.0,0.0,0.0,100.0,0.0,0.0,0.0,0.0,0.0,0.0,0.0,0.0,0.0,0.0,0.0,0.0,0.0,0.0,100.0
1768748167.1658013,13.5,1.0,1.0,0.0,0.0,0.0,1.0,0.0,0.0,1.0,0.0,1.0,3.0,2.0,100.0,0.0,2.0,0.0,1.0,1.0,0.0,0.0,1.0,1.0,0.0,1.0,0.0,0.0,0.0,100.0
1768748168.2355137,14.3,6.1,2.0,0.0,0.0,0.0,0.0,0.0,0.0,0.0,0.0,1.0,1.0,0.0,100.0,0.0,1.0,0.0,1.0,2.0,5.1,2.0,1.0,4.0,0.0,0.0,0.0,0.0,0.0,100.0
1768748169.239388,10.8,0.0,0.0,0.0,0.0,0.0,0.0,0.0,0.0,0.0,0.0,1.0,1.0,0.0,100.0,0.0,0.0,1.0,0.0,0.0,0.0,0.0,1.0,0.0,0.0,0.0,0.0,0.0,0.0,100.0
1768748170.2499745,14.8,1.0,0.0,1.0,1.0,0.0,0.0,0.0,0.0,2.0,0.0,1.0,1.0,0.0,100.0,0.0,0.0,0.0,1.0,2.0,0.0,0.0,0.0,0.0,1.0,0.0,1.0,0.0,0.0,100.0
1768748171.3051984,9.0,0.0,8.0,1.0,1.0,1.0,0.0,0.0,0.0,2.0,9.0,1.0,0.0,0.0,100.0,3.0,2.0,2.0,0.0,1.0,1.0,0.0,0.0,4.0,1.0,1.0,0.0,1.0,1.0,100.0
1768748172.3089833,12.6,1.0,0.0,5.9,0.0,1.0,2.9,3.0,0.0,0.0,0.0,0.0,0.0,0.0,100.0,0.0,0.0,0.0,2.0,0.0,1.0,0.0,1.0,0.0,2.0,5.0,5.9,5.1,0.0,100.0
1768748173.3123457,9.9,1.0,1.0,0.0,1.0,0.0,0.0,0.0,0.0,0.0,1.0,0.0,0.0,1.0,100.0,0.0,0.0,0.0,0.0,0.0,1.0,0.0,2.0,2.0,2.0,5.1,3.0,5.0,1.0,100.0
1768748174.3169124,11.7,0.0,0.0,0.0,0.0,1.0,2.0,4.0,1.0,1.0,0.0,1.0,1.0,0.0,100.0,0.0,0.0,0.0,3.9,0.0,2.0,1.0,2.0,1.0,0.0,0.0,5.0,3.0,10.0,100.0
1768748175.3211727,5.3,0.0,0.0,1.0,1.0,0.0,0.0,0.0,1.0,3.0,6.1,0.0,0.0,1.0,100.0,0.0,1.0,0.0,2.0,0.0,4.0,1.0,3.1,2.0,1.0,0.0,2.0,9.9,3.0,100.0
1768748176.3249016,10.3,8.1,2.0,2.0,0.0,1.0,0.0,0.0,0.0,0.0,0.0,0.0,0.0,0.0,100.0,0.0,2.0,0.0,3.0,0.0,2.0,0.0,4.0,5.1,2.0,2.0,6.0,6.1,10.9,100.0
1768748177.3277538,9.8,4.0,2.0,4.1,1.0,1.0,4.0,0.0,1.0,1.0,0.0,0.0,0.0,2.0,100.0,4.0,1.0,0.0,3.0,2.0,3.0,1.0,0.0,2.0,1.0,1.0,0.0,0.0,0.0,100.0
1768748178.332008,11.8,2.0,2.0,5.0,5.1,1.0,0.0,1.0,1.0,0.0,0.0,0.0,0.0,2.0,100.0,0.0,0.0,0.0,4.0,0.0,0.0,1.0,0.0,0.0,0.0,0.0,1.0,1.0,0.0,100.0
1768748179.3352156,12.7,0.0,2.0,4.0,1.0,0.0,0.0,3.0,2.0,2.0,0.0,0.0,0.0,0.0,100.0,3.1,13.3,4.1,3.1,0.0,0.0,0.0,0.0,0.0,2.0,3.0,7.1,4.0,1.0,100.0
1768748180.3385966,13.5,0.0,0.0,3.0,1.0,1.0,1.0,1.0,0.0,0.0,2.0,0.0,1.0,1.0,100.0,9.1,8.1,7.1,8.0,2.0,1.0,0.0,0.0,0.0,2.0,5.0,5.0,4.0,4.0,100.0
1768748181.342017,8.2,0.0,0.0,2.0,1.0,0.0,0.0,0.0,0.0,0.0,0.0,0.0,0.0,0.0,100.0,0.0,0.0,0.0,3.0,1.0,1.0,1.0,1.0,0.0,0.0,2.0,3.0,4.0,2.0,100.0
1768748182.34472,10.1,0.0,0.0,3.0,9.2,5.0,1.0,1.0,1.0,0.0,0.0,0.0,0.0,1.0,100.0,0.0,1.0,0.0,1.0,0.0,0.0,0.0,1.0,2.0,2.0,0.0,5.1,1.0,1.0,100.0
1768748183.3481584,8.2,2.0,3.0,2.0,1.0,4.0,2.0,8.0,2.0,1.0,0.0,1.0,0.0,1.0,100.0,0.0,0.0,0.0,3.0,0.0,0.0,0.0,0.0,0.0,0.0,2.0,1.0,2.0,9.1,100.0
1768748184.351151,12.7,2.0,0.0,4.0,4.0,0.0,7.1,0.0,2.0,0.0,0.0,0.0,0.0,0.0,100.0,0.0,1.0,0.0,3.0,0.0,0.0,1.0,0.0,0.0,0.0,1.0,3.0,4.0,1.0,100.0
1768748185.354843,11.5,5.1,3.0,0.0,7.1,2.0,6.0,5.0,0.0,3.0,2.0,1.0,0.0,0.0,100.0,0.0,0.0,0.0,2.0,2.0,0.0,0.0,0.0,1.0,0.0,1.0,0.0,0.0,1.0,100.0
1768748186.3591237,10.1,4.0,2.0,8.0,1.0,4.0,0.0,0.0,1.0,1.0,2.0,0.0,0.0,0.0,100.0,0.0,2.0,3.0,7.0,0.0,5.0,3.0,2.0,3.0,1.0,3.0,0.0,0.0,0.0,100.0
1768748187.363632,7.3,4.1,1.0,2.9,2.0,0.0,1.0,1.0,1.0,1.0,3.0,0.0,2.0,0.0,100.0,1.0,1.0,1.0,1.0,1.0,0.0,13.0,5.0,16.2,14.3,15.2,6.2,3.0,9.2,100.0
1768748188.3679628,7.1,1.0,0.0,1.0,0.0,0.0,0.0,3.0,1.0,1.0,0.0,0.0,2.0,3.0,100.0,7.0,0.0,0.0,1.0,1.0,0.0,1.0,0.0,0.0,0.0,1.0,1.0,0.0,0.0,100.0
1768748189.3705823,5.2,1.0,0.0,0.0,0.0,0.0,0.0,0.0,0.0,0.0,0.0,0.0,0.0,2.9,100.0,0.0,5.0,1.0,1.0,0.0,0.0,0.0,0.0,0.0,1.0,2.0,0.0,0.0,0.0,100.0
1768748190.3750894,14.0,4.0,3.0,5.1,1.0,6.0,0.0,0.0,0.0,0.0,4.0,0.0,0.0,0.0,100.0,0.0,0.0,0.0,1.0,0.0,0.0,0.0,0.0,0.0,5.1,5.1,16.0,9.0,8.1,100.0
1768748191.3788617,5.2,1.0,4.1,8.1,12.2,4.0,4.0,5.0,6.0,2.0,1.0,1.0,0.0,0.0,100.0,0.0,0.0,0.0,0.0,0.0,0.0,0.0,0.0,0.0,2.0,0.0,2.0,8.1,3.0,100.0
1768748192.3811543,5.1,0.0,2.1,3.0,3.0,4.0,3.1,7.2,6.1,7.1,8.9,1.0,3.0,1.0,100.0,2.0,0.0,1.0,1.0,0.0,1.0,0.0,0.0,0.0,2.0,2.0,3.1,2.0,2.0,100.0
1768748193.3850603,9.1,0.0,3.0,0.0,0.0,0.0,0.0,4.0,3.0,2.0,2.0,5.0,3.0,8.1,100.0,0.0,1.0,0.0,1.0,0.0,0.0,0.0,0.0,0.0,3.1,13.1,0.0,0.0,0.0,100.0
1768748194.3892696,11.5,0.0,1.0,0.0,0.0,1.0,0.0,1.0,1.0,0.0,0.0,0.0,0.0,1.0,100.0,0.0,0.0,0.0,1.0,1.0,0.0,0.0,0.0,0.0,1.0,3.0,1.0,0.0,0.0,100.0
1768748195.480564,9.9,0.0,0.0,0.0,0.0,0.0,0.0,0.0,0.0,0.0,0.0,0.0,0.0,0.0,100.0,0.0,0.0,0.0,1.0,1.0,0.0,0.0,0.0,0.0,0.0,3.0,3.0,1.0,1.0,100.0
1768748196.4843905,7.2,8.1,4.0,4.0,5.0,5.0,2.0,0.0,2.0,1.0,0.0,3.0,1.0,0.0,100.0,2.0,0.0,0.0,1.0,0.0,0.0,0.0,0.0,0.0,0.0,2.0,5.1,5.1,2.0,100.0
1768748197.4889808,8.9,0.0,0.0,0.0,0.0,0.0,0.0,8.0,9.2,2.0,2.0,1.0,2.0,1.0,100.0,1.0,8.9,3.0,4.0,0.0,0.0,0.0,0.0,0.0,0.0,2.0,0.0,0.0,0.0,100.0
1768748198.4931054,9.9,0.0,0.0,0.0,0.0,0.0,0.0,0.0,3.0,3.0,1.0,5.0,2.0,0.0,100.0,1.0,4.0,1.0,4.0,3.0,2.0,0.0,0.0,0.0,0.0,0.0,0.0,0.0,0.0,100.0
1768748199.4970212,5.1,1.0,0.0,0.0,0.0,0.0,0.0,0.0,0.0,2.0,3.0,0.0,0.0,0.0,100.0,0.0,4.0,5.0,11.2,8.1,7.0,5.9,2.0,0.0,0.0,3.0,0.0,0.0,0.0,100.0
1768748200.4991558,8.0,1.0,1.0,1.0,0.0,1.0,0.0,2.0,3.0,4.0,2.0,0.0,0.0,1.0,100.0,0.0,0.0,0.0,3.0,9.1,1.0,6.1,1.0,1.0,0.0,1.0,5.0,2.0,0.0,100.0
1768748201.5025978,8.9,0.0,0.0,0.0,0.0,0.0,0.0,2.0,10.1,7.1,2.0,6.0,4.0,5.1,100.0,2.0,0.0,0.0,4.0,3.0,2.0,1.0,4.9,0.0,0.0,1.0,0.0,0.0,0.0,100.0
1768748202.5059588,13.2,0.0,0.0,1.0,0.0,0.0,0.0,3.1,0.0,1.0,0.0,1.0,2.0,0.0,100.0,2.0,2.0,3.0,0.0,4.0,5.1,1.0,0.0,0.0,0.0,0.0,0.0,0.0,0.0,100.0
1768748203.5098038,6.0,0.0,0.0,1.0,7.0,2.0,3.0,2.0,4.0,4.0,6.1,1.0,1.0,0.0,100.0,1.0,2.0,1.0,1.0,0.0,0.0,0.0,0.0,0.0,0.0,0.0,0.0,1.0,0.0,100.0
1768748204.514488,8.0,1.0,0.0,3.0,0.0,3.0,0.0,3.0,1.0,0.0,11.0,1.0,3.0,1.0,100.0,2.0,0.0,0.0,2.0,0.0,0.0,0.0,0.0,0.0,0.0,2.0,18.0,2.0,1.0,100.0
1768748205.5187943,6.1,1.0,0.0,0.0,0.0,0.0,2.0,1.0,1.0,0.0,0.0,0.0,0.0,0.0,100.0,1.0,3.0,3.0,1.0,4.0,0.0,0.0,2.0,1.0,1.0,0.0,1.0,0.0,0.0,100.0
1768748206.5233696,7.8,0.0,0.0,0.0,0.0,0.0,0.0,1.0,5.1,5.1,1.0,2.0,2.0,2.0,100.0,1.0,2.0,4.0,9.1,5.0,3.0,1.0,7.1,3.0,3.0,5.1,0.0,0.0,1.0,100.0
1768748207.5261722,10.8,1.0,0.0,0.0,0.0,0.0,0.0,0.0,2.0,0.0,1.0,10.0,6.1,2.0,100.0,0.0,0.0,1.0,7.0,6.1,6.0,4.0,8.0,7.0,5.0,2.0,0.0,0.0,0.0,100.0
1768748208.52897,8.9,1.0,1.0,1.0,0.0,1.0,0.0,1.0,3.0,3.0,1.0,1.0,2.0,11.1,100.0,0.0,1.0,13.1,4.0,5.0,2.0,1.0,5.0,0.0,1.0,0.0,0.0,1.0,0.0,100.0
1768748209.5334704,9.7,0.0,2.0,0.0,0.0,0.0,0.0,1.0,3.0,2.0,0.0,0.0,0.0,0.0,100.0,7.0,4.0,3.0,8.0,7.1,3.0,3.0,2.0,3.0,1.0,0.0,0.0,0.0,0.0,100.0
1768748210.5375562,7.0,1.0,0.0,2.0,1.0,0.0,2.0,2.0,1.0,1.0,3.0,1.0,0.0,0.0,100.0,0.0,0.0,3.0,6.0,2.0,2.0,4.0,1.0,7.1,3.0,6.0,4.0,3.0,11.0,100.0
1768748211.5414512,9.8,7.2,1.0,0.0,2.0,1.0,1.0,3.0,4.0,3.0,7.1,3.0,18.2,4.0,100.0,2.0,0.0,3.0,4.0,0.0,3.0,0.0,0.0,3.0,2.0,0.0,1.0,0.0,2.0,100.0
1768748212.5448654,10.9,1.0,0.0,2.0,1.0,1.0,1.0,0.0,0.0,0.0,2.0,1.0,12.0,1.0,100.0,3.0,0.0,1.0,3.0,2.0,1.0,0.0,2.0,2.0,0.0,0.0,0.0,0.0,1.0,100.0
1768748213.5490015,12.1,1.0,1.0,0.0,0.0,0.0,0.0,1.0,1.0,1.0,2.0,0.0,0.0,8.0,100.0,0.0,0.0,0.0,3.0,1.0,2.0,0.0,0.0,2.0,0.0,0.0,0.0,1.0,2.0,100.0
1768748214.5532649,12.4,2.0,0.0,1.0,1.0,1.0,0.0,0.0,0.0,0.0,0.0,4.1,13.1,10.3,100.0,3.0,0.0,0.0,1.0,1.0,0.0,0.0,0.0,0.0,1.0,0.0,0.0,0.0,0.0,100.0
1768748215.556884,17.3,1.0,1.0,0.0,0.0,1.0,2.0,1.0,4.0,2.0,0.0,14.4,12.2,3.0,100.0,2.0,0.0,2.0,3.1,0.0,2.1,1.0,2.0,0.0,1.0,0.0,0.0,0.0,0.0,100.0
1768748216.561733,11.7,1.0,0.0,19.2,2.0,0.0,0.0,2.0,3.0,1.0,1.0,5.1,5.1,8.2,100.0,1.0,0.0,1.0,2.0,0.0,1.0,0.0,3.0,0.0,0.0,0.0,0.0,0.0,0.0,100.0
1768748217.5664613,12.5,0.0,0.0,7.1,1.0,1.0,1.0,1.0,1.0,1.0,0.0,6.0,11.2,9.2,100.0,2.0,0.0,1.0,0.0,0.0,1.0,0.0,1.0,0.0,0.0,0.0,0.0,0.0,0.0,100.0
1768748218.5700228,14.7,0.0,0.0,5.0,0.0,0.0,1.0,0.0,1.0,0.0,1.0,5.1,7.0,7.1,100.0,0.0,0.0,0.0,2.0,0.0,1.0,0.0,1.0,0.0,0.0,0.0,0.0,0.0,0.0,100.0
1768748219.5734923,11.2,2.9,2.0,9.1,0.0,0.0,0.0,2.0,2.0,1.0,0.0,10.1,4.0,5.9,100.0,1.0,0.0,2.0,2.0,1.0,2.0,0.0,2.0,0.0,0.0,0.0,0.0,0.0,0.0,100.0
1768748220.578145,13.5,0.0,2.0,3.0,0.0,0.0,1.0,2.0,3.0,0.0,0.0,15.2,0.0,18.2,100.0,1.0,0.0,3.0,0.0,1.0,0.0,0.0,0.0,0.0,0.0,0.0,0.0,0.0,0.0,100.0
1768748221.5824301,11.9,0.0,1.0,3.1,2.0,0.0,0.0,1.0,1.0,0.0,0.0,2.0,1.0,13.1,100.0,1.0,1.0,0.0,0.0,3.0,2.0,0.0,0.0,0.0,0.0,0.0,0.0,0.0,0.0,100.0
1768748222.5882087,8.1,2.0,0.0,4.0,0.0,0.0,0.0,0.0,2.0,1.0,1.0,4.0,13.1,0.0,100.0,1.0,0.0,1.0,0.0,0.0,0.0,0.0,0.0,0.0,0.0,0.0,0.0,0.0,0.0,100.0
1768748223.6060822,9.1,1.0,2.0,4.1,2.0,2.0,0.0,0.0,1.0,0.0,1.0,5.1,13.0,2.0,100.0,0.0,0.0,0.0,0.0,0.0,2.0,0.0,0.0,0.0,2.0,0.0,0.0,0.0,0.0,100.0
1768748224.649559,13.6,1.0,0.0,1.0,1.0,1.0,0.0,0.0,0.0,0.0,2.0,1.0,3.0,2.0,100.0,0.0,0.0,0.0,0.0,0.0,0.0,1.0,0.0,0.0,0.0,0.0,0.0,0.0,0.0,100.0
1768748225.7394035,11.9,1.0,1.0,1.0,9.0,1.0,1.0,0.0,0.0,0.0,3.0,0.0,6.1,4.0,100.0,0.0,0.0,0.0,0.0,2.0,1.0,3.0,0.0,0.0,1.0,0.0,0.0,0.0,0.0,100.0
1768748226.742065,12.2,2.0,0.0,2.0,3.0,0.0,1.0,1.0,1.0,1.0,10.1,0.0,13.1,1.0,100.0,0.0,0.0,1.0,1.0,1.0,2.0,0.0,1.0,0.0,1.0,2.0,0.0,0.0,0.0,100.0
1768748227.7465522,17.2,2.0,0.0,2.0,2.0,0.0,1.0,0.0,0.0,0.0,13.3,0.0,14.0,6.1,100.0,0.0,0.0,0.0,1.0,0.0,2.0,0.0,1.0,0.0,1.0,3.0,0.0,0.0,0.0,100.0
1768748228.751992,10.8,0.0,2.0,0.0,0.0,0.0,0.0,0.0,0.0,0.0,6.0,0.0,0.0,3.0,100.0,0.0,0.0,0.0,0.0,0.0,0.0,0.0,0.0,0.0,1.0,1.0,0.0,0.0,0.0,100.0
1768748229.757356,8.9,1.0,0.0,0.0,0.0,0.0,0.0,0.0,0.0,0.0,4.0,0.0,0.0,3.0,100.0,1.0,0.0,2.0,0.0,0.0,2.0,0.0,0.0,0.0,3.0,0.0,0.0,0.0,0.0,100.0
1768748230.7625737,5.1,1.0,0.0,2.0,1.0,1.0,2.0,0.0,0.0,0.0,10.0,1.0,0.0,12.1,100.0,1.0,1.0,2.0,0.0,0.0,2.0,1.0,1.0,0.0,4.0,1.0,0.0,0.0,0.0,100.0
1768748231.7661233,10.1,1.0,1.0,1.0,4.0,0.0,0.0,0.0,1.0,0.0,6.1,1.0,0.0,10.0,100.0,0.0,1.0,2.0,0.0,0.0,2.0,0.0,0.0,0.0,1.0,1.0,0.0,0.0,1.0,100.0
1768748232.7707505,5.0,2.0,1.0,2.0,1.0,0.0,1.0,0.0,1.0,0.0,6.1,0.0,0.0,0.0,100.0,0.0,0.0,3.0,0.0,0.0,0.0,0.0,0.0,0.0,0.0,1.0,1.0,0.0,0.0,100.0
1768748233.7751195,8.0,0.0,0.0,0.0,1.0,1.0,0.0,0.0,0.0,0.0,6.9,0.0,0.0,0.0,100.0,0.0,0.0,0.0,0.0,0.0,2.0,0.0,0.0,0.0,2.0,2.0,0.0,0.0,0.0,100.0
1768748234.7794242,7.1,1.0,0.0,2.0,5.0,1.0,1.0,1.0,0.0,0.0,5.1,0.0,0.0,0.0,100.0,1.0,0.0,2.1,0.0,0.0,0.0,3.0,0.0,0.0,3.0,0.0,1.0,0.0,0.0,100.0
1768748235.7813132,4.1,0.0,1.0,1.0,0.0,0.0,0.0,1.0,0.0,0.0,10.0,1.0,0.0,7.1,100.0,0.0,0.0,3.0,0.0,0.0,3.0,0.0,3.0,0.0,2.0,0.0,0.0,0.0,0.0,100.0
1768748236.785006,7.8,0.0,0.0,1.0,4.0,0.0,1.0,1.0,1.0,0.0,3.1,0.0,0.0,11.2,100.0,1.0,0.0,2.0,0.0,0.0,2.0,0.0,1.0,0.0,0.0,2.0,0.0,0.0,0.0,100.0
1768748237.7882237,7.9,1.0,1.0,2.0,5.2,0.0,1.0,1.0,1.0,0.0,7.1,0.0,0.0,11.3,100.0,0.0,0.0,2.0,0.0,0.0,0.0,0.0,0.0,0.0,0.0,3.1,0.0,0.0,0.0,100.0
1768748238.7927024,5.1,0.0,1.0,0.0,1.0,0.0,1.0,1.0,0.0,0.0,6.0,0.0,0.0,19.2,100.0,1.0,0.0,1.0,5.0,0.0,0.0,0.0,1.0,0.0,0.0,2.9,0.0,0.0,0.0,100.0
1768748239.7967198,7.0,2.0,2.0,0.0,1.0,2.0,0.0,0.0,0.0,1.0,5.1,2.0,0.0,7.0,100.0,0.0,0.0,0.0,1.0,0.0,1.0,0.0,1.0,0.0,3.0,1.0,1.0,0.0,0.0,100.0
1768748240.799604,8.0,1.0,0.0,2.0,1.0,0.0,0.0,1.0,0.0,0.0,6.0,0.0,0.0,6.1,100.0,0.0,0.0,0.0,3.0,0.0,1.0,0.0,0.0,0.0,0.0,1.0,1.0,0.0,0.0,100.0
1768748241.8036518,8.0,0.0,0.0,1.0,0.0,1.0,0.0,0.0,0.0,0.0,10.1,0.0,0.0,6.2,100.0,0.0,0.0,1.0,2.0,0.0,2.0,1.0,0.0,0.0,0.0,0.0,0.0,0.0,0.0,100.0
1768748242.806792,8.2,1.0,0.0,1.0,12.1,2.0,1.0,1.0,0.0,1.0,5.1,0.0,0.0,12.2,100.0,0.0,0.0,0.0,4.0,1.0,1.0,0.0,3.0,0.0,3.0,0.0,2.0,0.0,0.0,100.0
1768748243.8122754,5.2,0.0,0.0,0.0,0.0,9.2,1.0,1.0,1.0,0.0,0.0,0.0,1.0,0.0,100.0,5.9,2.0,0.0,2.0,1.0,3.0,2.0,0.0,0.0,3.0,0.0,1.0,0.0,0.0,100.0
1768748244.8156927,6.1,1.0,0.0,0.0,0.0,4.0,2.0,1.0,0.0,0.0,1.0,0.0,0.0,0.0,100.0,0.0,2.0,2.0,5.0,3.0,3.0,3.0,2.0,2.0,0.0,0.0,0.0,0.0,0.0,100.0
1768748245.820359,5.2,5.1,2.0,2.0,0.0,0.0,4.0,6.1,0.0,0.0,1.0,2.0,0.0,0.0,100.0,0.0,4.1,0.0,5.1,3.0,2.0,2.0,2.0,7.0,4.0,7.1,0.0,0.0,1.0,100.0
1768748246.8240268,6.1,1.0,0.0,0.0,2.0,0.0,2.0,3.0,5.9,1.0,0.0,0.0,0.0,2.0,100.0,1.0,3.0,7.9,7.0,4.0,0.0,2.0,7.1,2.0,1.0,0.0,0.0,0.0,0.0,100.0
1768748247.8286512,11.8,1.0,1.0,1.0,0.0,0.0,0.0,0.0,0.0,0.0,0.0,1.0,0.0,0.0,100.0,2.0,3.0,3.1,5.1,0.0,0.0,0.0,0.0,0.0,0.0,1.0,0.0,0.0,0.0,100.0
1768748248.832309,8.1,0.0,1.0,0.0,0.0,3.0,4.0,1.0,2.0,0.0,0.0,0.0,0.0,0.0,100.0,1.0,4.0,5.1,0.0,2.0,1.0,0.0,3.0,1.0,1.0,1.0,2.0,0.0,1.0,100.0
1768748249.8357515,8.0,2.0,0.0,1.0,0.0,2.0,2.0,1.0,1.0,1.0,1.0,0.0,1.0,0.0,100.0,3.0,3.1,7.1,6.0,8.0,2.0,2.0,2.0,2.0,2.0,2.0,2.0,1.0,2.0,100.0
1768748250.8401618,9.8,0.0,1.0,0.0,0.0,1.0,9.9,7.1,1.0,1.0,4.0,0.0,0.0,0.0,100.0,2.0,5.9,3.0,2.0,1.0,1.0,6.1,2.0,5.1,3.0,5.0,0.0,0.0,0.0,100.0
1768748251.8448505,10.8,0.0,0.0,0.0,1.0,2.0,1.0,2.0,5.0,1.0,0.0,4.1,0.0,1.0,100.0,0.0,2.0,0.0,1.0,0.0,2.9,0.0,1.0,3.1,5.1,0.0,0.0,0.0,0.0,100.0
1768748252.8496113,10.7,2.0,1.0,0.0,0.0,1.0,1.0,1.0,1.0,1.0,1.0,1.0,1.0,0.0,100.0,2.0,1.0,1.0,6.0,3.0,2.0,5.0,3.0,2.0,1.0,1.0,0.0,0.0,1.0,100.0
1768748253.85337,6.0,1.0,0.0,0.0,0.0,1.0,1.0,0.0,0.0,0.0,0.0,0.0,1.0,1.0,100.0,1.0,2.0,2.0,2.0,4.0,2.0,1.0,1.0,3.0,6.1,2.0,1.0,1.0,0.0,100.0
1768748254.8577137,10.7,0.0,0.0,0.0,1.0,0.0,2.0,5.0,2.0,0.0,2.0,0.0,0.0,1.0,100.0,2.0,1.0,1.0,4.0,0.0,6.1,3.0,4.0,3.0,5.1,3.0,4.1,1.0,1.0,100.0
1768748255.8659906,10.7,1.0,0.0,0.0,1.0,0.0,2.0,2.0,3.0,1.0,0.0,0.0,0.0,0.0,100.0,11.0,7.1,6.0,9.0,7.1,1.0,2.9,0.0,7.0,2.0,1.0,2.0,2.0,1.0,100.0
1768748256.8702433,11.4,1.0,1.0,0.0,0.0,0.0,0.0,0.0,1.0,0.0,1.0,3.0,0.0,0.0,100.0,2.0,3.0,0.0,0.0,2.0,2.0,0.0,1.0,0.0,0.0,0.0,0.0,2.0,7.1,100.0
1768748257.8767307,10.8,0.0,0.0,0.0,0.0,0.0,1.0,0.0,2.0,5.0,2.0,0.0,0.0,1.0,100.0,3.0,0.0,2.0,2.0,0.0,0.0,0.0,0.0,0.0,0.0,1.0,0.0,3.0,0.0,100.0
1768748258.8809466,12.5,1.0,0.0,0.0,0.0,1.0,1.0,5.0,2.0,8.1,7.1,2.0,5.1,6.1,100.0,1.0,0.0,1.0,1.0,0.0,0.0,0.0,0.0,0.0,0.0,0.0,0.0,0.0,1.0,100.0
1768748259.885962,12.4,0.0,0.0,0.0,0.0,0.0,4.0,2.0,5.1,1.0,1.0,3.0,1.0,6.0,100.0,2.0,0.0,3.0,1.0,2.0,1.0,2.0,2.0,0.0,0.0,0.0,0.0,1.0,0.0,100.0
1768748260.8908424,13.2,1.0,1.0,0.0,0.0,0.0,0.0,0.0,1.0,6.0,4.0,4.0,3.0,4.1,100.0,3.0,0.0,0.0,3.0,3.0,3.0,5.0,0.0,1.0,2.0,1.0,0.0,1.0,1.0,100.0
1768748261.8934836,7.2,0.0,0.0,0.0,0.0,0.0,0.0,0.0,0.0,0.0,1.0,1.0,1.0,0.0,100.0,0.0,0.0,0.0,6.0,0.0,1.0,0.0,1.0,0.0,0.0,6.0,1.0,3.0,0.0,100.0
1768748262.897398,8.2,3.0,0.0,0.0,0.0,0.0,0.0,0.0,0.0,1.0,0.0,0.0,1.0,2.0,100.0,0.0,0.0,0.0,4.0,0.0,0.0,0.0,0.0,1.0,4.0,0.0,0.0,2.1,4.0,100.0
1768748263.9017723,7.2,2.0,1.0,1.0,0.0,0.0,1.0,0.0,0.0,0.0,0.0,0.0,0.0,0.0,100.0,0.0,0.0,0.0,0.0,0.0,1.0,0.0,0.0,1.0,2.0,2.9,0.0,3.0,4.0,100.0
1768748264.905322,8.1,0.0,0.0,0.0,0.0,0.0,0.0,0.0,0.0,0.0,0.0,1.0,0.0,0.0,100.0,0.0,0.0,3.0,0.0,4.0,11.1,1.0,4.0,5.1,4.1,5.1,2.0,2.0,0.0,100.0
1768748265.909878,6.2,1.0,0.0,2.0,2.0,0.0,2.0,1.0,3.0,1.0,1.0,0.0,2.0,1.0,100.0,0.0,0.0,1.0,0.0,1.0,0.0,1.0,1.0,1.0,0.0,0.0,0.0,0.0,1.0,100.0
1768748266.9139822,7.1,0.0,1.0,0.0,0.0,0.0,2.0,6.1,1.0,1.0,2.0,2.0,1.0,4.0,100.0,0.0,0.0,2.0,2.0,4.9,0.0,0.0,0.0,3.0,0.0,1.0,0.0,0.0,0.0,100.0
1768748267.9173338,10.8,0.0,1.0,0.0,0.0,0.0,0.0,3.1,3.0,3.1,0.0,9.0,3.0,1.0,100.0,1.0,0.0,1.0,1.0,1.0,0.0,0.0,0.0,3.0,7.0,0.0,3.0,0.0,0.0,100.0
1768748268.9215257,9.2,2.0,7.0,3.0,3.0,0.0,5.0,1.0,1.0,3.0,3.0,2.0,5.1,12.0,100.0,1.0,2.0,3.0,5.0,1.0,0.0,0.0,0.0,1.0,0.0,1.0,1.0,1.0,0.0,100.0
1768748269.9248416,10.0,1.0,0.0,2.0,0.0,2.0,3.0,3.0,0.0,2.0,0.0,1.0,1.0,0.0,100.0,0.0,0.0,3.0,0.0,0.0,0.0,0.0,1.0,0.0,1.0,0.0,0.0,5.1,1.0,100.0
1768748270.9292765,10.9,3.0,2.0,3.1,0.0,0.0,0.0,0.0,0.0,0.0,0.0,0.0,0.0,0.0,100.0,0.0,1.0,0.0,2.0,0.0,0.0,0.0,0.0,2.0,0.0,2.0,4.0,4.0,3.0,100.0
1768748271.9328158,8.2,2.0,2.0,3.0,1.0,0.0,0.0,0.0,1.0,0.0,0.0,1.0,1.0,2.0,100.0,0.0,1.0,0.0,2.0,2.0,2.0,0.0,0.0,4.0,2.0,0.0,2.0,0.0,4.1,100.0
1768748272.9360008,12.0,1.0,2.0,1.0,1.0,1.0,0.0,0.0,0.0,0.0,1.0,1.0,0.0,1.0,100.0,0.0,1.0,2.0,3.0,2.0,1.0,4.0,3.0,3.0,4.1,2.0,0.0,2.0,7.0,100.0
1768748273.9397533,9.1,1.0,0.0,0.0,1.0,0.0,0.0,0.0,0.0,3.0,2.0,1.0,1.0,1.0,100.0,2.0,0.0,0.0,0.0,2.0,0.0,1.0,0.0,1.0,0.0,1.0,0.0,0.0,0.0,100.0
1768748275.1036363,11.2,5.1,2.0,6.0,1.0,0.0,2.0,0.0,1.0,1.0,0.0,0.0,0.0,0.0,100.0,0.0,0.0,0.0,1.0,4.0,0.0,0.0,0.0,0.0,0.0,0.0,0.0,0.0,1.0,100.0
1768748276.1078477,8.3,4.1,4.0,2.0,1.0,1.0,0.0,0.0,1.0,1.0,2.0,0.0,3.0,12.0,100.0,1.0,0.0,2.0,2.0,1.0,9.9,1.0,1.0,0.0,0.0,0.0,0.0,0.0,0.0,100.0
1768748277.1472151,10.0,4.0,3.1,4.0,3.0,3.0,6.0,4.0,2.0,2.0,2.0,3.0,3.0,1.0,100.0,2.0,0.0,2.0,5.1,2.0,1.0,0.0,0.0,0.0,3.0,6.0,3.0,0.0,1.0,100.0
1768748278.1519845,12.6,0.0,0.0,0.0,1.0,1.0,2.0,0.0,1.0,6.1,1.0,0.0,2.0,4.0,100.0,0.0,0.0,0.0,3.0,1.0,0.0,0.0,0.0,0.0,2.0,0.0,0.0,0.0,0.0,100.0
1768748279.1549883,11.8,0.0,1.0,1.0,0.0,0.0,0.0,0.0,0.0,0.0,0.0,0.0,0.0,2.0,100.0,0.0,0.0,0.0,1.0,0.0,0.0,0.0,0.0,0.0,0.0,0.0,0.0,0.0,2.0,100.0
1768748280.1590152,10.9,0.0,1.0,0.0,0.0,0.0,0.0,0.0,2.0,0.0,1.0,0.0,1.0,3.0,100.0,2.0,0.0,0.0,2.0,2.0,2.0,2.0,1.0,0.0,0.0,0.0,0.0,0.0,2.0,100.0
1768748281.1629026,7.1,0.0,0.0,0.0,0.0,0.0,0.0,0.0,0.0,0.0,0.0,1.0,0.0,2.0,100.0,3.0,1.0,0.0,1.0,0.0,0.0,0.0,2.0,1.0,1.0,2.0,6.1,8.0,9.1,100.0
1768748282.1660833,9.9,1.0,2.0,1.0,1.0,0.0,0.0,0.0,0.0,1.0,0.0,0.0,1.0,2.0,100.0,0.0,0.0,3.0,1.0,1.0,0.0,0.0,0.0,0.0,1.0,1.0,0.0,0.0,0.0,100.0
1768748283.1693318,12.5,0.0,0.0,0.0,0.0,0.0,0.0,0.0,0.0,0.0,1.0,0.0,1.0,1.0,100.0,3.0,3.0,6.1,2.1,3.0,4.0,5.0,2.0,6.1,3.0,1.0,0.0,0.0,2.0,100.0
1768748284.1722825,14.3,0.0,0.0,0.0,1.0,0.0,1.0,1.0,0.0,0.0,0.0,0.0,2.0,10.1,100.0,0.0,0.0,0.0,3.0,3.0,2.0,3.0,3.0,3.0,8.0,5.0,2.0,10.1,3.0,100.0
1768748285.1760483,7.9,2.0,0.0,1.0,0.0,0.0,1.0,0.0,0.0,0.0,0.0,1.0,0.0,0.0,100.0,0.0,0.0,0.0,0.0,0.0,3.0,1.0,1.0,1.0,0.0,2.0,0.0,1.0,0.0,100.0
1768748286.1811914,14.8,0.0,0.0,2.0,1.0,1.0,1.0,0.0,2.0,1.0,0.0,0.0,0.0,1.0,100.0,1.0,0.0,0.0,0.0,1.0,0.0,0.0,1.0,2.0,0.0,2.0,0.0,0.0,0.0,100.0
1768748287.2364635,10.8,0.0,2.0,0.0,2.0,1.0,2.0,3.0,0.0,0.0,4.0,0.0,1.0,0.0,100.0,1.0,0.0,0.0,2.0,1.0,0.0,0.0,3.0,2.0,1.0,2.0,6.9,0.0,2.0,100.0
1768748288.264556,12.4,0.0,0.0,0.0,1.0,5.1,5.9,0.0,0.0,2.0,0.0,0.0,0.0,0.0,100.0,1.0,3.0,4.0,1.0,1.0,0.0,0.0,3.0,4.0,1.0,0.0,3.0,1.0,1.0,100.0
1768748289.5679243,11.8,2.0,2.0,2.0,3.0,1.0,1.0,2.0,4.0,3.0,0.0,2.0,1.0,0.0,100.0,2.0,1.0,0.0,0.0,0.0,2.0,0.0,2.0,1.0,1.0,1.0,0.0,0.0,1.0,100.0
1768748290.6716323,7.1,0.0,1.0,2.0,2.0,2.0,3.0,0.0,1.0,0.0,1.0,1.0,0.0,1.0,100.0,0.0,0.0,0.0,2.0,0.0,0.0,0.0,0.0,0.0,0.0,0.0,0.0,0.0,1.0,100.0
1768748291.7222793,10.8,1.0,0.0,0.0,0.0,4.0,0.0,0.0,0.0,1.0,0.0,0.0,0.0,0.0,100.0,7.0,5.1,2.0,4.1,1.0,0.0,0.0,1.0,0.0,1.0,1.0,2.0,0.0,0.0,100.0
1768748292.7267983,12.5,5.1,1.0,0.0,1.0,0.0,0.0,0.0,1.0,0.0,0.0,0.0,2.0,1.0,100.0,1.0,1.0,1.0,4.0,4.1,2.0,10.1,16.0,2.0,3.0,0.0,0.0,0.0,0.0,100.0
1768748293.7311246,12.5,1.0,0.0,0.0,0.0,0.0,0.0,0.0,0.0,1.0,2.0,0.0,3.0,1.0,100.0,0.0,0.0,0.0,0.0,2.0,0.0,1.0,1.0,4.0,2.0,1.0,2.0,1.0,0.0,100.0
1768748294.7330089,9.1,0.0,1.0,0.0,1.0,0.0,0.0,1.0,0.0,2.0,4.1,4.0,3.0,9.1,100.0,0.0,1.0,0.0,0.0,0.0,2.0,3.0,3.0,1.0,3.0,5.0,3.1,6.1,2.0,100.0
1768748295.738482,10.0,0.0,1.0,0.0,0.0,0.0,0.0,0.0,1.0,3.1,2.0,2.0,0.0,1.0,100.0,0.0,0.0,0.0,2.0,0.0,2.0,0.0,1.0,2.0,0.0,8.1,9.0,8.1,9.0,100.0
1768748296.742622,12.6,0.0,0.0,0.0,0.0,0.0,2.0,0.0,0.0,3.0,2.0,1.0,1.0,0.0,100.0,0.0,0.0,0.0,0.0,0.0,0.0,0.0,0.0,2.0,2.0,3.0,5.1,2.0,1.0,100.0
1768748297.7452085,7.2,0.0,2.0,1.0,0.0,1.0,0.0,0.0,1.0,3.0,2.0,1.0,2.0,1.0,100.0,1.0,0.0,0.0,0.0,0.0,1.0,1.0,0.0,1.0,0.0,0.0,0.0,4.0,2.0,100.0
1768748298.747917,12.6,0.0,1.0,1.0,1.0,1.0,1.0,0.0,0.0,2.0,2.0,4.1,0.0,2.0,100.0,0.0,0.0,0.0,0.0,0.0,0.0,0.0,0.0,0.0,2.0,1.0,0.0,0.0,0.0,100.0
1768748299.7502983,16.0,1.0,2.0,2.0,2.0,2.0,3.0,1.0,1.0,3.1,4.0,1.0,1.0,0.0,100.0,0.0,0.0,0.0,0.0,0.0,0.0,0.0,0.0,0.0,0.0,0.0,0.0,1.0,1.0,100.0
1768748300.754202,10.9,0.0,2.0,1.0,0.0,8.0,11.2,5.0,10.0,9.0,3.0,3.1,1.0,5.0,100.0,2.0,1.0,2.0,3.0,1.0,0.0,0.0,0.0,2.0,4.1,4.0,8.1,3.0,1.0,100.0
1768748301.757956,10.1,0.0,1.0,0.0,0.0,0.0,0.0,10.9,3.0,4.0,0.0,4.0,1.0,3.0,100.0,1.0,0.0,0.0,0.0,0.0,0.0,0.0,0.0,1.0,3.0,5.0,4.1,3.0,3.0,100.0
1768748302.7616723,11.8,0.0,1.0,0.0,0.0,1.0,0.0,0.0,1.0,1.0,3.0,2.0,0.0,1.0,100.0,3.0,1.0,1.0,0.0,0.0,0.0,0.0,1.0,4.0,2.0,6.1,5.1,6.1,3.0,100.0
1768748303.7663608,11.8,0.0,2.0,0.0,0.0,1.0,2.0,1.0,0.0,2.0,11.9,1.0,7.1,5.1,100.0,1.0,1.0,0.0,0.0,0.0,0.0,0.0,0.0,0.0,0.0,0.0,3.0,0.0,1.0,100.0
1768748304.7694037,10.8,0.0,0.0,0.0,1.0,1.0,0.0,2.0,4.0,0.0,0.0,5.0,3.0,5.1,100.0,4.1,5.1,1.0,0.0,0.0,0.0,1.0,0.0,0.0,0.0,1.0,0.0,0.0,1.0,100.0
1768748305.7738562,11.8,0.0,0.0,2.0,0.0,2.0,3.0,0.0,2.0,1.0,2.0,4.0,8.9,0.0,100.0,0.0,0.0,2.0,1.0,3.1,6.1,0.0,4.0,0.0,6.1,2.0,2.0,3.0,6.1,100.0
1768748306.7773476,10.8,0.0,0.0,0.0,0.0,0.0,0.0,1.0,1.0,1.0,2.0,2.0,0.0,0.0,100.0,0.0,0.0,0.0,0.0,0.0,0.0,0.0,0.0,1.0,1.0,1.0,2.0,1.0,1.0,100.0
1768748307.7809277,10.9,0.0,1.0,0.0,0.0,1.0,0.0,0.0,0.0,0.0,0.0,2.0,7.1,3.0,100.0,1.0,0.0,0.0,0.0,0.0,0.0,0.0,0.0,0.0,1.0,3.0,0.0,0.0,0.0,100.0
1768748308.7843993,8.1,2.0,1.0,1.0,0.0,1.0,0.0,0.0,3.0,0.0,0.0,4.0,8.9,6.0,100.0,4.0,3.0,1.0,0.0,1.0,1.0,2.0,0.0,1.0,0.0,2.0,1.0,1.0,1.0,100.0
1768748309.7892985,11.9,1.0,6.0,0.0,1.0,2.0,3.0,2.0,1.0,1.0,1.0,0.0,3.1,1.0,100.0,1.0,1.0,1.0,2.0,3.0,2.0,1.0,2.0,5.1,3.0,1.0,4.0,5.1,11.1,100.0
1768748310.7934012,8.2,0.0,6.1,3.0,2.0,2.0,0.0,0.0,0.0,1.0,0.0,1.0,2.0,2.0,100.0,0.0,0.0,0.0,0.0,2.0,1.0,0.0,0.0,0.0,0.0,3.0,0.0,2.0,2.0,100.0
1768748311.7967708,10.0,2.0,0.0,0.0,0.0,0.0,0.0,0.0,0.0,0.0,1.0,0.0,2.0,0.0,100.0,0.0,0.0,0.0,0.0,0.0,1.0,0.0,0.0,0.0,0.0,2.0,3.0,2.0,6.0,100.0
1768748312.801851,11.8,0.0,0.0,0.0,0.0,0.0,1.0,1.0,0.0,0.0,0.0,0.0,4.0,2.0,100.0,0.0,0.0,0.0,0.0,0.0,0.0,0.0,0.0,0.0,0.0,3.9,5.1,11.1,1.0,100.0
1768748313.8066134,11.0,0.0,0.0,0.0,0.0,0.0,0.0,0.0,0.0,0.0,0.0,1.0,1.0,1.0,100.0,0.0,0.0,1.0,0.0,0.0,0.0,0.0,0.0,0.0,0.0,1.0,3.0,1.0,1.0,100.0
1768748314.8110807,7.4,1.0,0.0,1.0,2.0,0.0,0.0,0.0,0.0,0.0,0.0,1.0,2.0,0.0,100.0,0.0,0.0,0.0,0.0,0.0,0.0,0.0,0.0,0.0,0.0,2.0,5.0,3.0,1.0,100.0
1768748315.8146605,10.2,6.1,4.0,6.1,4.0,4.0,7.9,1.0,1.0,1.0,0.0,0.0,4.0,8.0,100.0,0.0,1.0,1.0,0.0,0.0,0.0,0.0,0.0,0.0,0.0,3.1,1.0,2.0,0.0,100.0
1768748316.8186839,11.0,0.0,2.9,0.0,0.0,0.0,1.0,9.0,0.0,0.0,0.0,0.0,0.0,5.1,100.0,0.0,0.0,0.0,1.0,0.0,0.0,1.0,0.0,0.0,0.0,5.0,7.0,2.0,0.0,100.0
1768748317.822869,12.7,7.0,0.0,3.0,0.0,0.0,3.0,5.0,0.0,0.0,0.0,0.0,0.0,0.0,100.0,0.0,0.0,0.0,1.0,0.0,0.0,0.0,1.0,1.0,0.0,1.0,0.0,4.0,5.0,100.0
1768748318.8247356,9.2,1.0,2.0,1.0,1.0,4.0,1.0,0.0,0.0,1.0,1.0,1.0,2.0,1.0,100.0,1.0,1.0,2.0,0.0,2.0,1.0,0.0,1.0,0.0,1.0,9.3,11.1,3.0,5.1,100.0
1768748319.8307076,4.3,0.0,0.0,1.0,0.0,0.0,0.0,0.0,7.9,0.0,0.0,0.0,9.1,4.0,100.0,0.0,2.0,1.0,1.0,0.0,0.0,0.0,0.0,1.0,1.0,5.2,7.1,5.0,2.0,100.0
1768748320.8326657,12.6,0.0,0.0,2.0,2.0,0.0,0.0,0.0,0.0,0.0,0.0,4.0,0.0,0.0,100.0,0.0,1.0,1.0,1.0,0.0,0.0,1.0,0.0,0.0,0.0,1.0,10.0,9.1,15.0,100.0
1768748321.8367004,10.8,0.0,0.0,1.0,0.0,0.0,0.0,1.0,3.0,1.0,1.0,3.0,16.2,10.0,100.0,3.0,1.0,2.0,2.0,0.0,1.0,1.0,1.0,0.0,0.0,2.0,2.0,6.0,1.0,100.0
1768748322.8401804,5.3,2.0,1.0,2.0,1.0,2.0,0.0,0.0,2.0,7.0,12.4,8.0,10.2,4.0,100.0,0.0,1.0,1.0,3.0,2.0,0.0,0.0,2.0,0.0,0.0,1.0,11.0,9.1,10.1,100.0
1768748323.8517258,11.8,0.0,0.0,0.0,0.0,0.0,1.0,0.0,0.0,1.0,0.0,2.0,6.0,3.0,100.0,1.0,1.0,0.0,0.0,0.0,0.0,1.0,0.0,1.0,0.0,2.0,0.0,2.0,0.0,100.0
1768748324.85653,9.9,0.0,0.0,0.0,0.0,1.0,0.0,0.0,0.0,0.0,0.0,0.0,1.0,0.0,100.0,3.0,0.0,1.0,0.0,0.0,0.0,1.0,1.0,1.0,0.0,1.0,0.0,0.0,0.0,100.0
1768748325.8598895,11.8,1.0,1.0,1.0,7.1,1.0,1.0,0.0,0.0,0.0,1.0,0.0,2.0,0.0,100.0,5.1,3.0,16.0,6.0,4.0,10.0,7.1,1.0,5.1,5.0,5.1,2.0,1.0,0.0,100.0
1768748326.861807,9.4,2.0,0.0,1.0,5.0,6.1,6.0,8.0,7.0,5.1,0.0,0.0,3.0,1.0,100.0,0.0,2.0,1.0,1.0,1.0,6.0,5.0,2.0,0.0,1.0,2.0,7.1,0.0,1.0,100.0
1768748327.8641303,10.0,1.0,2.0,1.0,0.0,1.0,0.0,4.0,6.1,3.0,2.0,0.0,4.1,0.0,100.0,3.0,0.0,0.0,0.0,0.0,0.0,2.0,1.0,4.0,0.0,2.0,17.5,3.0,14.1,100.0
1768748328.8679519,11.0,5.1,2.0,2.0,0.0,0.0,0.0,0.0,0.0,0.0,0.0,3.0,14.0,0.0,100.0,1.0,5.1,3.0,1.0,0.0,1.0,0.0,0.0,1.0,0.0,1.0,0.0,1.0,0.0,100.0
1768748329.8722785,10.0,0.0,0.0,0.0,0.0,0.0,1.0,0.0,2.0,0.0,0.0,1.0,2.0,5.0,100.0,3.0,5.1,4.1,1.0,3.0,3.0,1.0,1.0,1.0,0.0,2.0,0.0,3.0,0.0,100.0
1768748330.874602,10.8,0.0,1.0,0.0,1.0,0.0,0.0,0.0,6.1,1.0,1.0,3.0,1.0,0.0,100.0,3.1,0.0,5.0,3.0,4.0,2.0,6.0,8.1,7.0,10.0,4.0,3.0,2.0,9.0,100.0
1768748331.8784823,14.2,0.0,1.0,0.0,0.0,0.0,0.0,0.0,0.0,0.0,1.0,1.0,1.0,0.0,100.0,1.0,2.0,1.0,0.0,2.0,0.0,4.0,0.0,1.0,0.0,0.0,0.0,0.0,0.0,100.0
1768748332.8822052,15.6,0.0,0.0,0.0,0.0,1.0,0.0,1.0,0.0,1.0,0.0,0.0,0.0,0.0,100.0,0.0,1.0,1.0,1.0,0.0,0.0,0.0,0.0,0.0,0.0,0.0,0.0,0.0,0.0,100.0
1768748333.8853064,23.0,0.0,0.0,0.0,0.0,0.0,0.0,0.0,1.0,0.0,0.0,0.0,0.0,0.0,100.0,0.0,1.0,0.0,0.0,0.0,0.0,0.0,0.0,0.0,0.0,0.0,1.0,0.0,0.0,100.0
1768748334.889895,22.8,0.0,0.0,0.0,0.0,0.0,0.0,0.0,0.0,0.0,0.0,1.0,0.0,0.0,100.0,1.0,0.0,0.0,0.0,0.0,0.0,0.0,0.0,0.0,0.0,0.0,0.0,0.0,0.0,100.0
1768748335.8933525,21.7,0.0,0.0,0.0,0.0,0.0,0.0,0.0,0.0,1.0,0.0,0.0,0.0,0.0,100.0,0.0,0.0,1.0,1.0,0.0,0.0,0.0,0.0,0.0,0.0,0.0,0.0,0.0,0.0,100.0
1768748336.8968182,25.8,0.0,0.0,0.0,0.0,0.0,0.0,0.0,0.0,0.0,0.0,0.0,0.0,0.0,100.0,0.0,0.0,0.0,0.0,0.0,0.0,0.0,0.0,0.0,0.0,0.0,0.0,0.0,0.0,100.0
1768748337.9009776,22.0,0.0,1.0,1.0,0.0,0.0,0.0,0.0,0.0,1.0,0.0,1.0,1.0,1.0,100.0,1.0,0.0,1.0,1.0,0.0,1.0,0.0,1.0,0.0,2.0,0.0,0.0,0.0,0.0,100.0
1768748338.90482,16.1,1.0,0.0,0.0,1.0,0.0,1.0,0.0,0.0,0.0,0.0,1.0,0.0,0.0,100.0,5.1,1.0,0.0,0.0,1.0,0.0,1.0,0.0,0.0,4.0,1.0,0.0,0.0,0.0,100.0
1768748339.908704,20.0,0.0,1.0,0.0,1.0,1.0,0.0,3.0,3.0,2.0,0.0,0.0,0.0,1.0,100.0,2.0,0.0,1.0,0.0,0.0,1.0,0.0,0.0,2.0,2.0,0.0,0.0,0.0,1.0,100.0
1768748340.9131243,20.3,0.0,0.0,0.0,0.0,0.0,0.0,0.0,0.0,0.0,1.0,3.0,1.0,1.0,100.0,0.0,0.0,0.0,0.0,0.0,0.0,0.0,0.0,0.0,0.0,1.0,0.0,0.0,2.0,100.0
1768748341.9178474,19.7,0.0,0.0,0.0,0.0,0.0,0.0,0.0,0.0,0.0,0.0,0.0,0.0,0.0,100.0,0.0,1.0,1.0,1.0,0.0,0.0,0.0,0.0,0.0,0.0,2.0,3.0,2.0,0.0,100.0
1768748342.9220238,20.5,0.0,0.0,1.0,1.0,1.0,0.0,1.0,0.0,1.0,0.0,0.0,1.0,0.0,100.0,1.0,1.0,2.0,0.0,0.0,1.0,0.0,1.0,0.0,0.0,0.0,0.0,0.0,0.0,100.0
1768748343.9252737,19.3,0.0,0.0,1.0,0.0,1.0,2.0,0.0,1.0,2.0,1.0,1.0,0.0,1.0,100.0,0.0,0.0,1.0,2.0,0.0,1.0,0.0,0.0,1.0,0.0,1.0,0.0,0.0,0.0,100.0
1768748344.9298704,14.3,1.0,2.0,1.0,2.0,1.0,0.0,3.0,2.0,3.0,1.0,1.0,1.0,0.0,100.0,1.0,1.0,1.0,0.0,2.0,1.0,2.0,1.0,2.0,1.0,0.0,1.0,0.0,1.0,100.0
1768748345.9347255,22.7,1.0,1.0,0.0,0.0,0.0,1.0,1.0,0.0,0.0,2.0,2.0,0.0,1.0,100.0,1.0,1.0,0.0,1.0,0.0,0.0,0.0,0.0,1.0,1.0,0.0,0.0,0.0,0.0,100.0
1768748346.9364972,23.0,0.0,0.0,0.0,0.0,1.0,0.0,0.0,0.0,0.0,0.0,0.0,0.0,0.0,100.0,0.0,0.0,0.0,0.0,0.0,0.0,0.0,0.0,0.0,0.0,0.0,1.0,1.0,1.0,100.0
1768748347.940788,25.0,0.0,1.0,1.0,1.0,2.0,1.0,2.0,1.0,1.0,1.0,2.0,0.0,1.0,100.0,1.0,0.0,1.0,0.0,0.0,1.0,1.0,0.0,0.0,1.0,1.0,1.0,0.0,0.0,100.0
1768748348.9451015,26.7,0.0,0.0,0.0,0.0,0.0,0.0,0.0,0.0,0.0,1.0,0.0,0.0,1.0,100.0,0.0,0.0,0.0,0.0,0.0,0.0,0.0,0.0,0.0,0.0,0.0,0.0,0.0,0.0,100.0
1768748349.9490619,29.4,0.0,0.0,0.0,0.0,0.0,0.0,0.0,0.0,1.0,0.0,0.0,0.0,0.0,100.0,0.0,0.0,0.0,0.0,0.0,0.0,0.0,0.0,0.0,0.0,0.0,0.0,0.0,0.0,100.0
1768748350.9531324,25.2,0.0,0.0,0.0,0.0,0.0,0.0,0.0,0.0,0.0,0.0,1.0,0.0,0.0,100.0,0.0,0.0,0.0,0.0,0.0,0.0,0.0,0.0,0.0,0.0,0.0,0.0,0.0,0.0,100.0
1768748351.9570405,26.8,1.0,0.0,0.0,0.0,0.0,0.0,1.0,0.0,0.0,2.9,0.0,2.0,1.0,100.0,1.0,1.0,0.0,0.0,0.0,0.0,0.0,1.0,1.0,0.0,0.0,0.0,0.0,0.0,100.0
1768748352.9600928,23.8,1.0,1.0,1.0,1.0,1.0,0.0,0.0,0.0,1.0,1.0,1.0,0.0,0.0,100.0,1.0,0.0,1.0,0.0,0.0,1.0,0.0,0.0,0.0,0.0,3.0,1.0,1.0,0.0,100.0
1768748353.9641857,28.0,0.0,0.0,0.0,0.0,0.0,0.0,0.0,0.0,0.0,0.0,0.0,1.0,0.0,100.0,0.0,0.0,0.0,0.0,0.0,0.0,0.0,0.0,0.0,0.0,0.0,0.0,0.0,0.0,100.0
1768748354.9681735,23.0,0.0,0.0,0.0,0.0,1.0,1.0,0.0,2.0,2.0,0.0,0.0,0.0,0.0,100.0,0.0,0.0,0.0,1.0,1.0,0.0,1.0,1.0,0.0,0.0,1.0,0.0,0.0,1.0,100.0
1768748355.9728625,29.9,0.0,0.0,0.0,0.0,0.0,0.0,0.0,0.0,0.0,1.0,1.0,1.0,0.0,100.0,0.0,0.0,0.0,0.0,0.0,0.0,0.0,0.0,0.0,0.0,0.0,0.0,0.0,0.0,100.0
1768748356.9771163,27.5,0.0,0.0,0.0,0.0,0.0,0.0,1.0,1.0,2.0,0.0,2.0,0.0,0.0,100.0,2.0,1.0,0.0,0.0,0.0,0.0,0.0,0.0,1.0,1.0,0.0,0.0,0.0,0.0,100.0
1768748357.9809873,31.2,0.0,0.0,0.0,0.0,0.0,0.0,0.0,0.0,0.0,1.0,0.0,1.0,0.0,100.0,0.0,0.0,0.0,0.0,0.0,0.0,0.0,0.0,0.0,0.0,0.0,0.0,0.0,0.0,100.0
1768748358.985568,24.4,0.0,0.0,1.0,1.0,1.0,0.0,0.0,1.0,1.0,0.0,5.0,0.0,2.0,100.0,0.0,0.0,0.0,0.0,0.0,1.0,0.0,0.0,0.0,0.0,0.0,0.0,1.0,0.0,100.0
1768748359.9903045,29.6,0.0,0.0,0.0,0.0,0.0,0.0,0.0,0.0,0.0,0.0,0.0,1.0,0.0,100.0,0.0,0.0,0.0,0.0,0.0,0.0,0.0,0.0,0.0,0.0,0.0,0.0,0.0,0.0,100.0
1768748360.993581,28.6,0.0,0.0,0.0,0.0,0.0,0.0,0.0,0.0,0.0,1.0,0.0,0.0,0.0,100.0,0.0,0.0,0.0,0.0,0.0,0.0,0.0,0.0,0.0,0.0,0.0,0.0,0.0,0.0,100.0
1768748361.9979382,16.5,0.0,0.0,0.0,0.0,0.0,0.0,0.0,0.0,0.0,0.0,2.0,0.0,1.0,67.7,0.0,0.0,1.0,0.0,0.0,0.0,0.0,0.0,0.0,0.0,0.0,0.0,0.0,0.0,67.7
