timestamp,CPU_0(group_0),CPU_2(group_1),CPU_4(group_1),CPU_6(group_2),CPU_8(group_3),CPU_10(group_3),CPU_12(group_3),CPU_14(group_4),CPU_64(group_0),CPU_66(group_1),CPU_68(group_1),CPU_70(group_2),CPU_72(group_3),CPU_74(group_3),CPU_76(group_3),CPU_78(group_4)
1768795379.8477163,17.2,14.4,14.3,14.1,15.3,15.5,14.3,14.1,16.5,13.4,18.2,21.2,19.4,15.5,12.4,13.5
1768795380.8499322,41.7,39.2,43.9,39.8,39.0,40.4,42.4,38.8,47.0,37.4,40.8,38.8,39.4,43.4,48.5,40.8
1768795381.8520694,32.6,27.6,36.4,35.7,27.6,28.6,23.7,25.3,31.3,24.5,22.7,23.5,35.4,26.8,29.3,27.6
1768795382.8540087,32.3,29.6,27.8,32.7,28.0,35.4,32.3,32.3,34.3,28.6,31.3,28.0,29.6,26.8,27.8,33.7
1768795383.8570843,39.2,37.4,40.2,31.0,32.7,31.6,29.6,40.0,32.3,31.3,33.3,32.3,41.4,34.3,40.0,39.0
1768795384.858908,19.0,19.0,18.8,12.2,11.1,23.0,14.1,27.0,17.3,20.4,17.2,21.2,15.0,16.0,29.0,12.2
1768795385.8630538,15.0,14.1,17.0,18.0,10.1,11.2,11.0,16.0,16.0,10.1,12.0,15.0,17.2,18.4,24.5,14.0
1768795386.8653297,24.2,13.7,12.0,13.1,13.9,29.0,24.7,12.0,15.0,15.0,20.0,17.8,14.3,13.1,19.4,37.0
1768795387.8684323,21.2,22.0,17.2,23.2,14.7,18.2,29.3,17.2,15.0,14.3,15.0,17.0,21.2,16.0,13.0,23.2
1768795388.8707714,21.0,16.5,18.8,11.9,20.6,18.0,13.0,20.0,24.0,19.4,6.2,13.0,11.2,17.5,17.3,14.1
1768795389.9034765,15.3,24.5,17.2,19.2,24.5,14.0,18.2,10.1,13.1,13.3,13.3,17.5,20.0,21.6,16.3,12.1
1768795390.9054244,25.0,22.0,19.8,28.6,19.4,21.2,22.2,18.4,22.2,21.4,15.0,15.3,17.2,11.3,10.3,10.1
1768795391.9079897,13.7,25.0,16.3,20.2,12.1,12.4,12.2,11.2,24.2,20.6,21.4,22.4,22.2,21.2,15.2,20.0
1768795392.910274,21.0,15.2,23.0,19.6,17.2,16.3,9.3,14.1,14.1,22.7,22.2,15.3,15.3,17.0,16.5,19.6
1768795393.913708,18.2,40.0,19.4,16.0,21.2,14.3,13.1,15.2,23.4,22.4,25.8,34.7,21.4,27.4,27.3,24.0
1768795394.9487083,20.4,18.4,20.0,12.4,16.0,15.2,17.5,15.5,23.2,17.0,22.2,18.6,19.2,26.3,17.2,22.4
1768795395.951081,24.0,22.7,15.2,14.0,17.3,7.1,26.0,14.1,15.0,21.8,14.0,12.2,10.1,17.2,14.9,16.3
1768795396.9532998,25.5,24.0,21.9,26.3,22.0,18.2,22.2,25.0,24.5,17.2,22.4,24.2,17.3,21.2,16.2,18.8
1768795397.9595637,27.6,24.8,24.2,18.4,20.0,22.0,25.3,22.4,15.8,15.5,17.0,19.0,26.5,16.0,15.3,10.2
1768795398.9625163,13.9,9.0,16.2,14.1,17.3,17.2,11.2,9.1,18.6,33.0,13.5,15.2,9.2,14.0,17.3,19.2
1768795399.966319,17.2,21.2,14.1,21.2,19.2,21.0,25.5,20.2,20.2,12.2,12.0,17.0,18.0,19.0,16.0,11.1
1768795400.9692423,27.0,25.0,23.2,19.2,15.3,10.2,21.2,19.2,15.2,13.1,17.0,18.0,18.7,18.2,20.0,14.4
1768795401.9714603,20.2,17.0,18.2,16.2,17.3,14.1,8.1,13.1,16.5,13.3,16.3,16.3,15.5,17.3,26.5,25.5
1768795402.9736717,30.3,17.2,25.3,24.5,15.3,18.4,23.5,31.6,19.0,20.6,17.2,24.0,20.2,18.0,24.2,26.0
1768795403.9763503,21.2,20.2,25.8,25.7,24.5,21.0,18.2,23.2,24.2,29.3,19.2,21.2,17.5,13.3,20.4,15.3
1768795404.979106,15.0,18.0,14.1,25.0,22.0,22.4,10.2,17.5,20.6,18.0,18.2,13.3,14.1,16.0,14.3,14.4
1768795405.9817405,22.4,21.4,23.5,17.3,15.0,19.2,20.0,18.8,17.2,13.0,15.2,22.0,20.6,17.0,25.3,21.2
1768795406.9836626,21.8,19.0,11.2,17.3,20.2,15.0,13.1,21.4,28.0,14.3,16.2,18.2,12.1,15.0,34.0,21.0
1768795407.9861562,19.0,15.2,16.0,21.6,17.2,14.1,11.0,18.0,17.2,10.3,13.1,15.2,13.0,16.2,25.5,15.2
1768795409.003666,19.0,26.0,11.2,19.4,16.5,17.5,13.4,17.3,12.1,10.3,21.0,11.1,14.1,13.4,25.0,17.3
1768795410.0054874,27.3,20.4,20.6,26.3,20.6,22.0,36.3,15.5,21.4,28.0,35.0,26.3,30.3,21.2,30.6,23.0
1768795411.0072875,24.2,20.4,21.4,28.0,20.4,21.2,26.0,25.5,21.6,23.5,24.2,18.6,21.6,28.3,26.3,23.2
1768795412.0097106,20.0,19.4,19.6,24.5,33.7,27.0,17.3,20.4,22.0,21.6,21.6,30.0,26.0,26.3,24.7,21.4
1768795413.0118644,20.6,29.0,22.0,25.8,29.6,25.3,22.2,23.7,18.2,16.3,17.5,38.0,13.4,24.2,31.3,20.2
1768795414.0144517,23.8,15.3,20.2,16.0,17.2,16.7,33.3,12.2,15.3,21.0,15.3,34.7,13.3,21.6,16.3,17.3
1768795415.016797,21.2,14.1,20.4,14.4,21.0,15.2,18.0,17.2,16.0,19.4,17.3,20.0,11.1,13.3,6.0,12.1
1768795416.0190356,18.4,13.1,22.0,10.0,15.3,16.8,12.1,11.2,14.1,21.2,24.7,30.0,16.5,32.0,21.0,25.0
1768795417.0214512,28.0,24.2,20.4,21.4,24.2,18.2,24.2,29.3,16.2,19.0,20.4,20.2,23.5,25.3,12.1,20.0
1768795418.0250885,16.7,16.7,16.2,20.4,12.1,15.3,18.2,21.4,16.7,19.0,17.6,11.1,20.8,23.5,17.3,13.4
1768795419.0460126,22.2,18.2,23.0,22.7,24.2,21.6,30.6,18.4,10.0,8.2,14.1,12.2,17.3,21.2,9.1,17.8
1768795420.05443,25.0,28.6,12.1,18.2,20.0,14.9,18.2,16.2,16.0,12.9,23.0,19.2,16.0,21.4,13.0,16.3
1768795421.0609305,20.2,21.0,19.2,16.8,18.8,13.1,10.9,14.3,15.7,15.2,16.5,12.4,15.0,14.1,14.1,21.2
1768795422.0630345,24.5,24.5,25.5,21.6,16.3,17.2,21.6,23.7,9.2,14.0,18.2,15.2,20.6,15.2,15.2,21.0
1768795423.0660844,27.3,16.2,22.4,17.0,27.6,21.2,15.2,15.3,16.0,17.2,22.2,15.2,11.1,11.2,13.1,12.1
1768795424.069314,20.0,20.2,14.0,13.1,19.4,18.2,12.2,14.0,12.0,14.9,15.3,16.3,13.1,13.1,15.2,16.5
1768795425.1457098,19.2,21.8,12.0,13.3,13.3,15.2,16.2,14.1,18.2,12.2,10.0,12.0,22.8,14.0,16.2,13.0
1768795426.1476912,22.2,29.9,22.2,29.0,19.2,31.6,22.2,24.2,16.7,14.0,14.0,17.0,11.3,12.1,20.6,31.0
1768795427.1503992,15.3,19.8,14.0,23.5,16.2,15.8,12.9,22.5,10.1,16.3,21.2,7.1,18.6,17.2,24.0,29.3
1768795428.2026045,14.1,13.3,17.2,10.2,14.0,11.9,12.1,7.1,15.2,16.0,13.1,13.9,13.9,13.1,16.2,26.7
1768795429.2442245,13.0,14.1,16.2,17.2,23.2,19.2,20.0,23.0,17.5,25.0,21.6,21.4,18.8,12.2,16.3,20.0
1768795430.2470634,27.6,24.5,26.0,19.4,25.5,25.0,17.3,26.0,19.4,19.4,17.8,20.2,19.2,13.3,19.6,23.2
1768795431.2573254,16.3,20.0,16.3,17.3,27.7,14.3,19.4,19.4,19.0,20.0,8.9,15.0,7.0,11.1,15.2,16.0
1768795432.2597306,16.3,18.6,25.0,21.2,19.2,13.0,21.2,20.2,14.3,18.2,14.6,12.2,15.5,17.8,12.0,15.3
1768795433.2626576,22.0,14.1,18.4,17.2,18.0,21.2,16.0,15.0,27.0,23.7,18.2,19.6,22.0,14.1,14.0,14.1
1768795434.2656224,22.4,18.2,15.0,13.1,17.0,15.2,16.3,20.0,11.2,14.0,13.3,15.2,14.7,13.1,11.0,17.6
1768795435.3086534,25.0,15.0,20.2,10.1,10.9,24.8,12.9,17.2,9.2,14.3,9.1,17.0,21.2,18.6,18.2,13.1
1768795436.3124888,13.1,9.1,11.8,18.0,10.2,22.0,6.9,16.2,11.8,4.0,10.0,13.1,9.2,8.0,25.7,8.2
1768795437.3461428,12.2,13.9,9.0,17.0,10.9,7.1,12.9,9.9,15.0,7.0,12.1,18.6,17.2,11.1,12.0,23.0
1768795438.3481095,12.2,9.1,12.2,12.1,12.2,13.1,10.2,19.0,7.0,15.2,12.9,11.9,13.0,5.0,14.0,4.0
1768795439.3572357,14.4,11.2,15.2,15.8,10.1,11.2,12.1,18.0,14.3,11.1,8.2,9.1,11.1,13.1,6.1,4.1
1768795440.3985615,13.7,16.2,7.0,8.1,8.9,6.1,8.1,9.8,7.1,10.9,9.8,6.1,7.9,5.1,8.1,7.0
1768795441.4005723,22.2,17.3,14.1,17.0,23.7,18.4,33.7,15.2,17.2,21.4,23.5,20.2,18.8,17.8,16.2,20.0
1768795442.4033484,15.2,9.2,11.1,9.2,10.1,15.0,15.8,9.2,16.2,21.0,9.0,23.2,11.0,11.2,9.9,9.0
1768795443.4054677,19.8,9.9,10.0,13.1,12.0,10.1,19.4,5.1,15.5,12.0,9.3,10.2,7.1,10.0,7.0,10.9
1768795444.4100323,16.2,6.1,12.1,6.0,7.9,7.1,8.0,5.1,7.1,11.1,10.0,18.6,14.9,11.0,10.9,11.0
1768795445.4146056,10.4,12.1,8.2,9.0,7.1,6.1,6.0,8.1,5.1,6.9,4.0,21.0,7.1,5.1,4.1,8.1
1768795446.4313338,17.2,11.9,17.6,15.7,8.0,8.7,8.0,8.9,8.9,6.0,9.9,9.0,4.0,7.9,7.9,8.0
1768795447.4340146,15.3,7.2,12.1,11.3,7.0,6.1,8.8,7.0,10.0,9.1,10.1,9.1,8.1,10.0,9.0,6.0
1768795448.4380884,23.5,12.0,10.0,15.2,7.0,8.1,13.3,13.0,12.2,8.0,16.8,13.1,9.1,14.0,11.9,12.0
1768795449.4448884,25.3,15.2,18.8,18.2,11.1,9.1,9.0,11.0,6.9,15.0,13.0,21.8,7.1,9.9,8.0,6.1
1768795450.4799128,15.6,20.4,12.1,9.0,5.1,7.1,9.1,13.9,3.1,6.9,8.1,3.0,3.0,10.0,4.0,3.0
1768795451.5256238,13.1,11.1,15.3,6.1,12.0,7.9,7.9,11.0,10.0,11.1,20.8,10.1,10.9,12.9,16.0,5.0
1768795452.5277634,13.4,8.1,20.4,13.3,15.2,13.0,20.8,15.3,9.1,17.8,7.0,11.0,6.9,12.1,11.0,11.1
1768795453.5659895,29.3,14.1,14.3,15.3,24.2,23.2,14.1,25.5,20.6,27.6,30.0,23.0,20.8,19.6,23.2,23.2
1768795454.5692348,23.0,19.0,14.1,18.0,18.2,22.0,16.7,16.0,15.0,18.2,15.3,15.2,22.0,18.2,17.3,19.0
1768795455.606836,11.0,18.0,17.2,15.2,14.0,7.1,8.0,11.1,22.8,12.1,9.2,12.1,13.1,14.0,12.9,13.0
1768795456.6170702,15.2,8.2,15.0,8.9,13.0,24.2,11.0,5.0,7.0,9.0,3.0,5.0,7.9,15.0,12.7,7.1
1768795457.6193914,17.0,22.4,23.8,12.1,19.2,21.4,16.0,15.0,13.9,15.2,13.3,8.1,10.1,11.2,9.2,11.0
1768795458.6216712,13.1,20.8,9.3,15.2,16.3,21.2,15.0,13.3,11.2,18.0,17.3,18.8,13.1,10.1,15.3,14.9
1768795459.628027,23.5,18.8,21.4,25.3,18.8,14.1,25.0,20.2,17.3,22.7,23.5,14.4,24.2,21.2,18.2,20.6
1768795460.6305525,13.1,20.8,12.9,14.3,12.1,19.8,14.1,23.0,16.0,13.0,12.2,22.0,15.2,22.2,22.8,22.4
1768795461.642029,28.3,16.3,15.0,19.2,10.1,13.3,8.1,16.3,21.0,13.1,12.2,9.0,10.1,18.8,14.1,17.2
1768795462.674129,19.0,16.2,11.0,11.1,15.2,9.1,13.0,16.0,14.1,11.2,10.1,7.0,9.2,11.0,10.0,10.1
1768795463.6764708,19.4,22.3,23.5,21.2,23.0,23.7,20.4,21.4,22.4,16.0,18.6,17.5,30.7,19.8,19.4,12.4
1768795464.773511,18.6,16.5,21.4,13.1,15.6,11.0,17.0,12.1,16.8,17.0,11.9,17.5,18.0,12.0,18.0,15.0
1768795465.7769382,21.4,15.2,15.7,23.7,15.3,12.1,20.0,19.4,16.3,26.8,19.4,18.0,12.4,15.6,13.4,18.4
1768795466.778759,22.5,15.0,14.4,10.0,20.0,10.3,19.2,13.4,16.3,15.8,12.1,23.0,17.5,10.0,13.1,26.0
1768795467.8455112,25.8,21.4,24.7,20.8,20.2,15.3,25.5,13.1,13.9,16.2,12.1,18.4,14.9,17.8,20.4,17.3
1768795468.851962,23.5,20.0,20.8,17.2,19.2,17.3,22.0,17.3,24.5,23.2,20.6,28.0,17.0,20.2,17.7,19.2
1768795469.9037564,16.3,18.0,19.0,13.3,13.1,18.2,14.3,11.2,10.2,18.4,5.1,17.2,13.1,19.0,12.1,10.0
1768795470.909141,20.0,17.3,18.6,20.0,12.9,21.6,19.0,11.1,10.1,13.9,12.1,14.3,14.9,7.0,12.2,11.9
1768795471.9164498,24.2,17.8,14.3,16.2,14.3,15.2,10.3,13.1,15.0,15.3,14.7,16.2,17.0,14.1,20.8,15.2
1768795472.9200907,15.3,9.2,7.1,13.1,7.3,11.1,11.9,12.0,9.2,18.2,9.2,13.0,12.9,19.2,12.2,7.9
1768795473.9227703,18.0,19.8,15.2,15.3,16.3,15.5,18.0,11.2,13.4,19.8,10.1,22.0,14.1,19.8,16.2,20.0
1768795474.9270601,16.3,23.0,14.6,10.1,14.1,10.0,12.0,21.6,19.4,25.0,26.3,24.2,22.7,26.8,21.0,16.5
1768795475.9417334,14.4,14.0,14.1,18.8,16.0,7.0,14.1,14.0,20.4,26.7,14.0,10.1,25.3,21.4,18.8,20.8
1768795477.0172038,13.1,10.9,8.8,10.2,17.0,10.0,11.2,11.0,14.1,12.1,14.0,14.0,12.0,9.0,13.0,11.0
1768795478.0253966,23.0,17.5,15.5,15.5,25.0,13.3,16.3,17.8,21.2,27.6,25.0,21.0,12.2,18.4,25.3,18.4
1768795479.0272462,19.6,15.3,20.6,8.1,11.2,10.9,7.1,5.1,7.0,10.9,8.9,10.1,13.3,10.0,14.0,12.0
1768795480.030018,16.2,13.3,6.1,15.2,13.1,12.0,6.9,6.1,6.0,10.9,9.0,6.1,11.0,7.1,12.9,19.8
1768795481.0320318,10.2,13.1,10.0,14.0,9.1,12.0,7.9,12.0,5.0,13.0,13.0,8.0,8.2,10.0,9.0,5.0
1768795482.0349345,7.1,11.0,11.0,14.0,12.0,13.1,14.3,9.8,15.2,16.2,13.9,9.0,11.0,16.0,11.8,14.9
1768795483.0674632,20.2,9.1,9.0,13.9,8.9,13.3,10.0,9.1,15.8,11.9,10.0,9.1,10.0,6.1,8.0,6.1
1768795484.070378,29.3,19.2,29.3,21.4,23.0,24.2,24.2,23.2,20.2,13.3,21.0,16.3,16.0,19.0,10.1,11.0
1768795485.072625,15.3,15.8,12.0,12.1,9.1,14.0,17.6,10.1,12.0,18.8,19.4,16.2,16.0,16.3,13.1,15.0
1768795486.1437407,18.7,16.2,22.4,17.0,17.0,17.8,22.2,13.9,16.3,16.3,15.7,16.3,14.1,25.3,14.1,18.2
1768795487.2016954,18.8,9.2,18.4,16.2,9.2,15.3,16.5,15.3,15.0,23.0,14.1,15.2,14.3,10.2,13.1,14.9
1768795488.20495,28.3,19.0,30.0,24.2,16.2,17.3,16.0,21.6,13.4,28.1,12.2,14.0,23.7,19.6,20.2,16.3
1768795489.2102866,16.0,15.2,12.1,19.0,22.2,23.7,12.1,13.0,12.1,9.1,11.2,14.1,10.1,8.1,18.0,11.0
1768795490.2126575,13.0,15.2,17.2,13.0,15.2,12.9,12.2,17.2,12.1,14.1,16.8,25.0,16.3,20.2,10.1,24.0
1768795491.2147443,19.8,18.4,19.0,21.4,26.3,18.4,26.3,23.5,15.2,17.3,21.4,14.3,19.2,17.2,17.2,20.4
1768795492.220008,30.4,22.0,28.9,12.2,18.4,21.2,19.2,19.0,12.4,13.1,16.0,21.0,17.3,12.2,19.2,15.5
1768795493.2429194,19.4,22.8,21.4,14.0,23.5,12.1,15.3,16.3,9.2,14.1,20.6,23.2,20.0,22.4,11.1,10.1
1768795494.2448337,15.2,18.6,19.8,16.2,21.0,22.0,14.0,9.2,17.8,14.3,19.6,15.2,15.0,26.3,11.2,14.1
1768795495.2477176,20.8,18.6,31.3,10.2,23.0,15.2,22.8,18.0,19.2,18.6,31.3,20.0,19.6,26.7,20.2,16.2
1768795496.2498846,17.2,15.0,20.4,15.0,19.4,12.2,18.2,18.6,21.4,17.3,17.2,18.0,17.0,9.9,16.2,9.2
1768795497.2523298,22.7,22.2,17.3,15.3,19.4,18.0,14.3,17.0,19.2,24.7,20.2,34.0,18.6,21.4,14.6,18.4
1768795498.3097541,29.7,22.2,16.2,15.0,17.2,12.2,19.4,22.0,13.7,16.7,16.0,23.3,20.0,25.7,23.5,13.1
1768795499.3157043,26.5,30.3,19.2,20.6,14.3,17.8,24.8,17.5,19.0,18.2,19.2,20.2,15.3,24.2,14.4,15.0
1768795500.3442826,21.6,17.8,18.4,23.0,15.2,14.7,24.5,16.2,11.1,23.5,15.8,18.0,20.6,15.0,15.0,25.3
1768795501.3478224,17.3,10.2,8.9,11.9,9.0,6.1,14.7,5.2,6.2,17.0,13.0,22.2,11.9,22.0,9.9,17.0
1768795502.3540204,13.0,15.0,11.0,10.2,10.1,8.9,15.2,12.0,10.9,7.9,5.1,10.9,9.9,12.1,9.1,10.2
1768795503.355769,14.3,9.2,8.2,19.4,10.0,11.0,5.0,7.1,7.1,7.1,7.0,19.0,13.3,11.0,12.0,15.3
1768795504.3657987,16.8,16.2,19.0,21.6,13.3,30.0,15.3,16.5,14.1,14.0,12.0,13.3,10.0,16.3,13.1,15.2
1768795505.3777046,22.4,20.4,28.6,20.4,27.0,23.5,22.7,19.2,26.5,20.6,21.2,19.4,20.2,18.4,17.2,24.2
1768795506.3796082,16.3,13.1,13.9,15.3,13.3,13.9,12.1,11.2,25.3,15.3,25.3,15.2,12.2,19.0,26.5,20.2
1768795507.3817234,22.4,20.0,16.0,11.9,13.0,11.1,16.0,11.1,17.0,13.1,18.0,10.0,14.1,14.0,12.1,8.0
1768795508.4456732,26.3,21.0,25.3,23.2,22.0,22.2,21.4,11.3,26.3,31.6,19.6,14.3,23.5,18.4,20.2,17.2
1768795509.5022147,25.0,21.2,18.0,23.5,28.0,14.3,16.0,15.2,15.2,14.1,15.3,10.2,11.2,16.3,17.2,19.6
1768795510.5065253,20.2,24.2,18.2,21.6,25.5,22.0,12.2,19.6,18.2,12.2,15.8,17.2,15.3,16.0,32.0,23.0
1768795511.5084283,20.8,22.0,26.0,22.5,21.2,21.4,12.7,17.5,11.3,20.2,16.3,15.2,19.2,11.0,20.6,15.2
1768795512.5120625,20.0,19.8,22.4,19.4,17.3,23.0,15.2,24.0,13.0,24.0,23.0,18.7,17.8,11.0,18.6,11.2
1768795513.5168393,20.4,34.0,22.0,25.5,29.3,24.7,21.2,17.5,20.4,19.6,21.4,15.3,21.2,18.4,26.5,27.3
1768795514.520808,20.4,19.0,22.2,14.9,20.8,9.1,15.8,13.4,12.0,17.0,14.9,11.5,12.4,17.3,13.1,14.3
1768795515.5425503,19.6,15.8,16.2,23.2,17.2,18.6,23.2,22.2,16.2,25.0,12.2,20.2,15.0,16.2,24.8,19.0
1768795516.6048872,18.2,15.3,13.3,12.2,37.4,17.2,25.5,10.1,18.8,13.1,16.3,24.0,13.9,15.3,19.2,18.2
1768795517.6070497,16.3,20.2,16.5,16.2,21.0,23.2,21.4,23.8,21.2,16.3,12.0,16.3,18.2,20.2,15.2,15.3
1768795518.6529467,17.0,14.0,19.0,12.1,19.6,16.0,11.9,13.1,18.2,18.0,17.8,16.3,14.0,19.8,20.2,12.0
1768795519.6570926,19.0,17.2,24.2,15.3,24.8,12.2,15.2,16.3,19.8,18.0,12.9,12.1,10.2,16.0,12.1,13.3
1768795520.659477,18.2,16.5,18.8,17.0,20.2,15.2,20.6,21.6,22.7,24.0,21.4,17.2,20.8,23.2,21.0,15.3
1768795521.6632001,20.2,15.0,10.0,17.0,11.1,10.2,21.8,12.9,18.0,13.1,13.0,14.9,14.3,16.0,16.5,15.2
1768795522.6658304,22.9,21.0,15.2,26.0,10.1,18.4,13.3,17.5,13.1,10.1,17.0,11.2,15.2,12.0,10.4,12.0
1768795523.6710508,16.0,15.2,10.1,6.0,8.9,6.0,6.9,7.8,11.2,15.0,6.0,15.0,8.0,10.1,9.0,9.0
1768795524.673635,16.5,7.9,7.0,9.0,4.0,12.1,9.0,10.0,7.9,15.8,9.0,6.9,5.9,8.0,10.0,6.0
1768795525.675656,12.0,8.1,9.1,9.9,7.0,11.1,15.2,14.1,8.0,14.0,6.1,10.1,5.1,11.1,5.1,5.2
1768795526.6779149,10.2,15.3,9.9,7.1,10.1,11.0,17.0,9.0,20.4,6.1,13.3,17.6,12.1,10.9,7.0,8.0
1768795527.6824176,7.2,13.1,8.1,9.9,9.0,13.1,12.2,9.1,25.2,12.9,15.0,7.1,8.9,12.2,7.0,9.9
1768795528.6921194,14.0,17.3,12.1,13.1,16.0,15.3,18.0,12.1,17.3,17.3,14.1,12.1,15.2,12.9,13.0,18.0
1768795529.7001882,14.1,10.1,9.1,23.8,13.0,14.1,7.1,4.1,6.9,9.1,8.0,5.9,11.1,6.9,10.1,11.9
1768795530.8032346,9.3,6.0,7.1,7.9,14.1,3.0,4.0,6.0,7.1,8.0,11.1,5.1,8.0,15.0,13.0,11.0
1768795531.8140378,12.2,12.0,9.1,8.1,14.0,10.9,8.0,5.9,12.1,3.0,11.1,6.0,12.0,11.0,9.1,10.0
1768795532.8247392,11.2,9.1,12.0,6.0,7.0,8.1,13.0,4.0,7.0,6.0,4.0,8.1,17.0,6.1,3.0,7.9
1768795533.838645,8.1,5.9,8.0,9.0,7.9,5.8,11.0,5.0,10.9,5.0,4.9,5.9,13.0,9.9,5.0,5.9
1768795534.91204,10.3,9.1,9.9,8.8,13.0,13.1,18.8,5.0,11.0,5.1,13.9,4.9,7.1,9.9,13.1,11.0
1768795535.9354768,15.2,7.0,12.0,8.2,6.1,11.0,9.9,7.0,11.1,6.1,22.8,7.1,11.0,9.9,16.0,10.1
1768795536.9383695,18.6,12.0,10.1,10.1,19.2,14.1,18.2,20.6,10.9,16.3,15.2,12.0,8.9,15.0,18.0,9.1
1768795537.9594715,15.5,10.1,15.2,8.1,20.8,9.9,15.8,13.0,6.0,9.0,9.0,12.0,12.1,8.1,8.1,7.9
1768795538.9617958,15.0,17.0,10.2,9.0,12.9,7.0,5.1,4.0,7.1,5.1,10.0,10.2,5.1,8.0,5.0,8.9
1768795539.964003,15.3,19.2,16.8,16.2,14.3,17.2,19.2,12.1,22.0,10.9,12.1,12.9,12.1,15.0,11.1,18.4
1768795540.9769127,21.2,15.8,19.4,17.2,18.2,19.0,12.0,18.0,18.0,18.2,19.0,21.2,20.4,12.1,9.1,12.0
1768795541.9797134,28.4,20.0,20.2,19.4,20.2,17.0,15.3,30.3,21.2,26.3,20.8,29.0,18.4,30.3,21.2,18.6
1768795543.0054371,10.1,11.2,19.0,16.3,12.0,17.2,11.2,8.2,7.0,8.1,13.0,10.0,11.0,13.1,9.0,14.7
1768795544.0078158,11.2,14.0,10.9,9.2,8.2,15.8,11.0,10.0,11.0,9.1,8.1,13.0,13.3,10.2,9.1,11.0
1768795545.036609,11.0,5.1,8.1,10.9,5.9,8.1,9.0,8.1,7.0,13.9,14.0,8.9,18.8,11.9,8.9,9.1
1768795546.0485141,18.2,24.2,17.8,14.3,15.0,26.7,20.2,14.1,19.2,14.1,16.0,17.0,19.8,19.4,26.3,15.2
1768795547.051727,28.3,21.0,17.5,22.0,16.5,23.2,16.3,25.3,18.8,10.1,13.1,15.2,17.3,18.0,19.0,18.2
1768795548.103348,19.6,18.2,12.2,23.2,15.2,17.3,17.0,21.0,16.2,13.4,25.5,12.1,16.2,25.7,21.0,18.8
1768795549.1058142,23.0,13.3,12.0,19.2,13.0,10.0,11.0,17.0,13.0,8.0,11.0,11.1,20.0,19.0,12.0,12.7
1768795550.1436353,19.4,17.5,17.0,29.0,18.4,17.3,14.3,24.2,19.6,31.3,19.4,22.4,17.2,29.6,26.3,20.4
1768795551.1490192,21.4,14.9,16.3,14.4,15.0,14.1,14.0,16.2,8.1,19.2,19.4,16.3,13.1,17.3,13.0,11.1
1768795552.1516507,21.4,21.2,26.0,21.2,18.4,15.3,22.7,21.4,24.5,35.7,28.6,18.0,23.2,24.5,25.3,16.3
1768795553.1536171,15.2,9.2,18.2,12.1,6.1,13.0,14.0,10.2,11.1,19.6,11.3,12.2,22.8,17.2,11.0,8.2
1768795554.1564252,15.0,16.2,19.2,17.5,14.0,19.4,16.0,16.7,15.3,20.4,25.0,16.0,13.1,9.1,16.2,13.1
1768795555.2169607,15.0,13.0,17.5,15.2,18.8,13.1,18.2,6.1,12.1,20.0,17.2,10.1,13.1,10.1,14.1,11.0
1768795556.2216132,20.4,20.2,16.5,16.2,21.4,16.3,19.2,23.8,18.4,20.0,24.0,30.6,21.4,12.1,21.2,16.2
1768795557.2248678,15.2,13.0,26.3,16.0,16.3,9.2,17.2,9.0,18.4,7.1,8.1,10.1,12.0,11.0,14.9,17.2
1768795558.2277305,21.2,17.3,13.4,23.2,29.0,24.0,16.3,21.0,12.1,18.2,25.0,12.1,13.1,9.2,20.0,14.1
1768795559.3020692,23.2,22.2,15.2,19.0,19.0,23.2,17.2,15.0,15.2,29.0,19.2,21.2,21.2,13.0,19.6,18.2
1768795560.3059177,18.4,19.8,14.3,19.2,15.3,11.2,11.2,15.5,22.0,18.4,19.0,18.2,14.3,13.0,18.2,12.0
1768795561.342462,16.2,20.6,21.4,18.6,22.2,16.0,22.0,20.4,19.0,20.4,21.2,15.3,15.5,25.0,13.3,12.1
1768795562.3444107,12.0,14.0,16.0,16.0,21.0,13.1,13.1,16.0,10.2,19.2,18.4,14.4,16.2,26.3,20.4,17.8
1768795563.3463645,18.4,21.4,13.3,19.6,24.0,13.3,16.0,11.2,23.0,22.4,21.4,21.2,16.2,26.3,18.4,14.1
1768795564.3486452,21.0,10.1,10.2,18.2,22.2,21.8,24.2,18.2,12.2,17.2,19.2,14.3,15.3,20.0,17.2,14.3
1768795565.3514855,21.8,18.2,13.1,15.0,20.0,16.3,25.7,24.2,14.3,17.0,24.2,16.2,22.2,16.5,18.8,19.0
1768795566.4015331,12.9,18.0,13.3,9.0,12.0,12.2,15.3,16.8,15.3,17.2,18.2,19.4,12.1,14.1,15.3,12.1
1768795567.4034061,10.9,11.2,8.1,17.0,19.0,11.1,20.2,17.2,16.3,19.2,27.7,14.1,14.4,16.3,12.1,16.0
1768795568.4051895,15.0,10.1,7.0,6.1,8.0,5.0,14.1,9.0,11.0,9.2,19.0,16.0,10.2,6.1,11.2,10.1
1768795569.4068925,12.1,17.0,8.0,11.9,5.1,16.8,13.0,8.0,8.9,16.2,13.3,19.0,16.0,9.9,9.1,15.0
1768795570.4757535,7.9,11.0,6.0,15.7,6.9,5.9,8.0,13.7,11.9,11.9,13.9,9.9,11.0,11.9,11.1,11.0
1768795571.545591,12.2,8.9,12.1,13.6,7.0,4.0,9.0,7.1,7.9,11.1,12.0,10.0,14.1,18.8,7.0,13.0
1768795572.5486724,14.3,13.1,19.0,18.2,16.8,10.9,15.3,14.1,7.0,10.1,14.0,11.0,22.2,12.9,14.0,16.2
1768795573.5570335,22.0,22.4,16.3,17.0,13.3,19.8,22.2,14.1,20.2,13.0,23.2,13.1,21.8,13.1,12.4,17.8
1768795574.5615928,19.4,24.5,14.9,14.0,11.3,23.5,19.4,21.2,19.0,12.9,20.0,13.1,10.1,14.0,17.2,12.1
1768795575.5634766,25.0,19.0,12.4,22.0,18.2,19.4,19.0,14.0,21.6,16.3,23.7,18.4,21.4,17.8,23.8,23.5
1768795576.6018767,11.2,12.9,13.0,13.1,12.1,10.1,30.0,16.0,14.1,10.1,20.0,20.6,26.7,9.2,12.0,14.0
1768795577.6053185,18.0,14.6,18.6,15.8,24.8,11.2,12.1,17.2,19.0,16.3,14.9,13.7,17.5,16.0,18.0,18.2
1768795578.6109674,21.8,20.2,17.2,22.2,16.3,12.2,11.0,9.2,22.2,14.4,19.0,23.2,29.7,23.0,15.3,21.8
1768795579.6139045,17.5,11.1,20.2,16.5,23.0,14.7,12.0,12.9,12.1,19.0,11.1,13.3,11.2,18.2,19.0,12.2
1768795580.6163166,21.4,21.8,19.4,16.0,31.3,16.3,20.4,17.0,17.0,18.2,23.0,23.5,11.1,15.2,9.3,21.4
1768795581.6210754,22.8,19.2,13.1,19.2,10.9,13.1,16.8,16.0,16.0,10.0,14.4,14.0,12.1,19.0,14.3,15.0
1768795582.6231644,17.2,22.2,8.2,9.9,7.9,14.1,12.1,11.1,12.1,6.0,6.0,10.1,8.9,8.8,7.0,10.0
1768795583.665774,14.0,9.9,7.9,19.0,8.0,9.9,12.0,5.9,5.0,5.0,11.0,7.0,12.9,8.9,11.9,7.8
1768795584.6693027,10.3,12.0,8.2,13.3,6.1,8.1,12.9,6.1,13.0,7.1,9.0,8.2,17.6,5.0,9.2,7.0
1768795585.6822777,14.9,13.1,8.0,9.9,8.2,8.9,7.1,13.1,11.2,7.1,14.0,16.0,12.1,9.1,12.9,14.0
1768795586.689283,10.2,16.2,10.1,16.0,13.1,15.2,14.0,9.2,8.0,10.1,7.1,11.1,8.1,8.1,10.0,7.1
1768795587.6919816,18.0,13.3,11.0,14.3,11.0,7.0,12.0,15.8,13.0,11.9,12.1,11.0,10.1,8.1,10.0,13.1
1768795588.7181494,12.0,14.1,14.1,11.1,20.0,14.0,17.3,10.2,12.0,8.1,13.3,9.0,6.9,16.0,13.9,13.0
1768795589.720951,12.4,4.0,2.0,4.0,5.0,5.0,4.9,4.0,7.0,12.1,10.1,17.8,9.1,8.1,8.1,8.1
1768795590.73507,11.3,5.1,5.9,5.1,8.0,4.0,6.0,3.0,6.9,8.2,8.9,5.1,8.0,6.9,11.9,5.1
1768795591.740187,14.1,14.0,7.1,9.1,10.1,14.1,11.0,11.0,8.1,6.0,9.1,5.9,8.0,10.0,10.2,6.1
1768795592.7439637,15.0,7.0,9.0,9.1,13.0,12.9,8.0,14.0,7.8,12.7,10.9,8.0,12.0,11.2,10.1,11.1
1768795593.7477274,11.3,13.1,10.0,10.0,13.0,16.3,12.2,21.0,12.9,12.2,7.1,14.9,13.1,12.0,7.0,3.0
1768795594.7502446,20.6,16.3,21.4,21.2,19.4,22.0,14.1,16.5,21.8,12.4,24.0,19.4,19.4,18.2,16.2,15.2
1768795595.7551973,23.2,15.8,19.4,14.9,17.5,26.3,23.5,15.6,22.7,17.8,19.6,24.2,21.4,20.2,19.4,21.2
1768795596.8037064,10.2,11.1,11.0,6.1,9.0,9.0,6.9,8.9,15.0,9.0,9.0,11.9,18.0,11.0,14.0,8.0
1768795597.809274,19.2,10.1,8.0,8.0,21.0,7.0,6.1,15.0,12.0,9.0,8.0,9.0,14.0,6.0,9.3,10.1
1768795598.8168924,11.1,14.9,16.0,7.0,16.8,8.9,9.8,8.1,16.5,9.1,14.0,15.0,8.0,8.0,9.1,7.9
1768795599.8191395,13.9,18.2,22.0,14.1,15.2,15.0,14.3,15.8,21.8,10.1,23.0,8.2,14.9,12.1,18.2,18.4
1768795600.8226736,18.0,16.2,13.9,12.1,13.0,14.1,17.6,12.9,11.3,22.0,18.2,14.9,18.2,12.0,6.1,22.0
1768795601.8267806,15.6,18.2,25.3,17.0,19.0,22.8,13.3,13.1,13.1,13.0,12.9,18.2,10.0,11.0,20.2,20.2
1768795602.8313968,15.8,11.0,26.0,12.0,10.0,13.1,9.8,10.0,12.7,10.0,15.2,11.0,7.0,12.9,10.1,27.7
1768795603.835114,18.0,19.0,9.1,10.2,16.2,14.9,14.1,14.9,12.2,11.1,20.0,23.2,11.1,12.1,12.0,21.0
1768795604.8422515,12.2,11.0,6.1,12.9,18.2,8.0,12.1,10.1,14.1,11.1,21.0,8.2,10.2,7.2,7.1,8.2
1768795605.8475535,10.2,8.0,9.0,20.2,23.2,12.0,14.0,13.9,21.8,11.0,10.9,9.0,10.9,6.1,13.9,7.9
1768795606.8499894,15.2,13.1,10.9,11.1,7.9,10.1,10.0,11.9,10.9,8.1,19.2,10.1,12.9,9.0,9.1,12.2
1768795607.8544557,13.4,9.1,9.0,12.0,12.1,10.0,4.0,7.1,10.1,8.1,17.2,12.1,10.1,15.0,16.0,18.0
1768795608.8582726,22.0,24.2,16.2,21.8,19.2,16.5,19.0,26.5,11.1,13.9,18.2,15.2,21.0,17.0,14.0,19.0
1768795609.8610804,12.4,11.2,9.9,7.1,19.8,14.1,14.9,15.0,14.1,10.9,8.1,11.0,9.0,9.9,7.0,21.8
1768795610.9122744,11.2,8.0,8.2,6.0,8.9,7.0,11.9,10.0,6.0,6.0,7.0,7.9,13.0,11.1,9.0,12.2
1768795611.9157856,12.2,6.1,11.9,14.0,15.8,14.1,8.0,12.0,5.9,4.0,6.1,10.0,11.2,11.0,12.0,7.0
1768795612.9219687,16.7,10.9,22.8,11.9,13.9,13.0,9.9,15.7,6.9,5.9,8.0,4.1,9.1,13.1,12.9,23.3
1768795613.9663644,13.3,14.9,20.4,15.5,21.8,21.2,21.4,24.5,20.4,15.5,18.4,13.1,17.5,20.4,16.2,15.5
1768795615.0472171,12.9,8.9,12.1,18.0,11.9,14.0,16.2,10.0,22.2,12.9,11.1,9.8,16.0,7.1,13.0,21.0
1768795616.051999,15.0,9.1,23.8,7.0,9.1,12.1,11.0,14.0,10.9,13.0,16.0,15.3,14.1,14.1,18.4,12.1
1768795617.05533,16.0,13.1,15.2,12.1,10.1,13.0,12.1,13.0,10.1,15.2,10.0,11.1,20.0,13.1,12.1,11.1
1768795618.0888767,14.0,10.2,8.9,7.9,11.0,10.2,11.9,9.0,21.0,14.1,12.2,17.0,11.0,13.1,5.2,15.8
1768795619.1114776,16.2,17.2,15.2,14.1,9.2,14.3,16.2,15.2,15.2,17.2,15.0,14.0,18.2,11.1,11.0,11.2
1768795620.1151655,18.2,13.7,12.1,15.2,18.8,11.1,18.2,16.2,12.2,26.7,14.0,17.2,10.3,18.4,16.0,19.4
1768795621.1175637,26.3,18.4,21.4,18.6,17.5,23.2,21.4,21.6,17.3,19.4,16.3,29.3,21.0,23.5,21.0,27.6
1768795622.120335,19.0,9.1,10.9,14.0,12.2,10.0,11.2,9.2,7.0,15.2,24.0,10.9,16.3,12.0,9.0,21.4
1768795623.143954,16.8,11.9,9.3,7.1,14.1,10.9,8.1,12.0,11.0,14.0,18.2,12.0,11.1,9.1,10.0,12.9
1768795624.145994,10.1,11.1,13.0,10.0,18.8,9.0,7.1,15.2,8.8,6.0,9.1,16.8,23.5,9.0,9.0,9.1
1768795625.1483312,10.1,8.1,16.0,14.1,14.1,10.1,5.1,6.0,16.0,14.1,8.1,8.0,15.2,15.0,12.0,9.0
1768795626.1596076,16.7,10.9,15.0,7.1,11.1,7.0,10.8,9.1,8.1,14.9,6.1,11.1,28.0,7.1,4.0,10.0
1768795627.1640353,7.1,9.9,11.9,12.9,11.0,11.0,9.0,4.0,10.0,13.1,9.0,7.1,18.2,6.0,7.1,12.9
1768795628.1672106,12.1,14.1,11.8,6.9,9.0,19.8,15.0,9.2,22.5,16.3,9.2,12.9,17.8,12.1,8.1,8.2
1768795629.1894286,23.2,11.1,15.5,17.5,19.2,13.4,20.2,19.8,19.6,21.6,30.3,16.2,13.3,19.0,16.3,19.0
1768795630.1926398,21.6,23.2,19.8,27.3,32.3,23.5,23.2,27.8,19.2,23.5,32.0,12.4,24.2,23.5,23.5,21.4
1768795631.19462,15.2,15.3,15.3,16.2,13.0,17.2,18.0,18.0,17.8,22.0,12.2,18.0,16.3,14.1,28.3,25.0
1768795632.1994355,13.4,13.0,14.1,9.2,9.2,10.2,11.1,17.3,15.0,21.8,12.1,13.4,16.8,14.0,16.3,15.0
1768795633.2045789,14.1,15.2,12.0,10.0,8.1,12.0,9.1,14.0,14.1,13.1,17.2,17.8,14.0,16.0,9.0,18.2
1768795634.2067647,16.7,16.0,20.0,14.0,13.9,10.2,16.0,20.2,15.2,16.3,11.3,17.0,12.1,14.1,9.9,7.1
1768795635.212174,16.3,18.0,11.1,9.2,9.0,9.2,27.2,12.9,8.9,10.0,11.9,13.1,10.1,17.0,10.9,7.9
1768795636.2151744,22.8,14.9,16.2,17.3,21.2,10.1,17.5,15.0,12.0,19.2,13.0,15.3,20.2,24.0,12.1,12.0
1768795637.2189622,12.4,13.1,12.1,18.0,18.4,17.2,14.0,24.8,22.2,15.3,22.2,14.3,13.1,21.2,14.1,14.0
1768795638.2234418,12.2,9.1,15.0,13.9,17.0,12.0,18.2,22.2,5.1,12.2,10.1,11.9,16.0,12.2,10.1,11.0
1768795639.2286196,29.4,12.0,11.2,6.0,13.3,19.0,14.9,15.0,10.1,19.8,15.0,15.2,10.1,10.0,13.3,11.1
1768795640.2311907,13.3,15.3,9.0,10.1,12.1,13.0,8.0,9.1,21.2,13.1,7.1,10.9,8.0,8.2,13.9,13.3
1768795641.2344785,17.6,8.1,11.1,8.1,22.2,11.0,12.0,10.0,9.1,23.0,6.0,9.1,8.0,11.2,17.0,13.4
1768795642.2632074,18.2,19.6,10.9,18.0,10.9,17.2,9.0,7.1,9.1,11.9,8.0,8.9,5.0,5.0,9.1,12.1
1768795643.3084037,12.2,15.2,12.1,6.3,10.1,9.9,9.0,8.1,10.1,10.1,9.2,16.8,20.0,12.0,12.1,9.1
1768795644.31042,11.2,17.8,11.1,13.0,19.0,18.2,19.2,17.0,17.5,18.4,15.3,21.8,12.2,17.2,11.0,13.0
1768795645.3447857,11.9,12.1,14.0,8.9,10.0,16.0,17.8,17.0,9.9,15.2,12.9,15.0,12.0,13.1,12.4,12.1
1768795646.3480625,19.0,19.8,13.9,8.1,11.2,21.8,13.0,11.0,11.0,14.1,7.9,17.0,10.0,8.1,12.0,9.1
1768795647.3510337,15.2,21.4,16.8,10.2,11.2,11.1,15.2,11.0,10.0,10.1,8.0,6.2,10.0,12.1,12.0,7.1
1768795648.4034958,19.6,14.1,18.4,15.2,16.8,16.2,9.3,15.2,11.0,20.2,12.1,14.0,15.0,22.0,18.2,23.0
1768795649.4052775,16.0,28.3,17.5,18.4,18.2,21.4,23.7,20.4,13.5,19.8,16.2,13.1,20.0,21.8,18.2,22.7
1768795650.444885,13.0,14.9,16.7,12.0,7.1,13.9,13.0,15.8,6.0,12.1,3.0,7.1,16.8,13.3,10.1,10.0
1768795651.4495254,10.0,7.1,11.1,11.0,8.1,10.1,7.9,9.0,10.1,9.0,9.0,15.0,8.9,11.0,7.0,12.1
1768795652.4514399,9.1,12.0,6.1,12.0,5.1,10.0,7.9,9.0,11.9,12.9,6.0,13.1,6.0,6.0,5.0,11.0
1768795653.4533665,12.7,11.1,10.1,11.1,17.8,7.1,12.2,15.2,12.1,16.2,11.0,13.1,10.9,12.1,14.3,12.1
1768795654.4559312,16.2,17.3,21.0,13.3,32.0,19.0,12.1,22.2,23.7,25.0,26.3,26.0,19.6,28.7,49.5,21.4
1768795655.4577148,17.0,24.8,14.1,18.6,21.8,21.4,13.9,27.0,16.0,9.3,11.0,15.2,12.1,11.0,31.7,9.1
1768795656.4630578,12.9,14.1,16.0,15.8,20.2,13.3,15.3,14.0,12.0,15.2,11.1,10.0,7.1,11.0,18.8,5.1
1768795657.5043955,16.8,16.7,10.1,10.9,12.0,13.1,13.0,15.2,7.9,13.0,12.1,12.0,10.0,14.0,5.9,9.0
1768795658.506526,31.6,13.3,15.0,12.1,17.2,12.1,20.0,14.3,11.9,18.8,11.1,16.2,16.2,20.6,14.3,14.7
1768795659.566692,20.4,11.0,7.1,14.0,8.2,11.0,16.2,16.0,10.1,12.1,7.9,9.0,9.0,14.0,9.9,13.0
1768795660.5686655,14.6,25.0,18.4,15.0,14.3,19.0,19.0,18.2,23.0,14.1,10.1,18.2,17.8,12.2,12.1,12.2
1768795661.5704932,10.9,24.0,11.1,14.0,15.2,17.2,14.1,11.9,8.0,8.0,5.1,9.0,11.1,10.0,19.2,11.8
1768795662.5737004,15.0,21.2,7.0,10.0,14.9,12.0,14.0,6.1,9.1,13.1,6.9,11.0,15.0,6.9,9.1,12.0
1768795663.57615,12.2,22.0,8.2,13.0,15.0,9.1,9.9,7.1,5.1,9.0,7.1,13.0,10.2,8.0,10.1,9.1
1768795664.5791495,14.1,21.6,12.1,16.0,22.2,10.8,13.3,8.9,16.0,9.1,14.9,15.2,10.0,26.0,14.0,11.0
1768795665.6020112,16.0,17.5,15.0,21.6,20.8,15.3,20.0,14.0,19.4,18.0,14.4,14.1,22.0,21.2,20.6,18.4
1768795666.606662,21.4,20.2,20.2,16.5,25.3,20.6,16.7,19.0,28.3,18.2,16.3,19.2,19.4,16.2,13.0,13.1
1768795667.6454608,14.9,13.0,12.0,10.1,18.0,12.1,12.0,16.0,5.9,8.2,10.0,21.8,12.1,14.0,10.9,8.0
1768795668.6560876,18.0,14.1,10.9,8.0,13.3,14.9,13.0,13.0,13.1,12.2,21.8,23.8,11.9,14.9,11.1,8.9
1768795669.658064,14.9,12.0,15.3,11.0,12.1,16.3,9.0,15.0,11.0,10.9,16.3,9.0,13.0,17.0,15.0,22.2
1768795670.6608686,14.0,14.0,14.0,8.0,16.0,12.0,15.0,12.7,7.1,6.0,8.8,16.8,8.0,13.9,13.9,9.3
1768795671.6774774,10.8,14.3,8.9,10.9,28.7,10.0,14.0,9.9,7.1,11.1,10.9,18.2,5.9,19.4,9.9,8.9
1768795672.6805415,13.9,12.9,9.1,23.0,14.1,9.1,17.0,10.1,17.8,17.6,12.5,7.1,10.0,14.0,10.0,7.0
1768795673.6841342,14.9,15.2,6.1,13.9,12.4,6.0,11.2,11.1,12.0,11.0,13.1,9.0,12.0,14.1,13.3,16.2
1768795674.6912,22.2,14.1,8.0,18.0,10.2,16.2,20.8,11.1,10.2,13.3,16.7,13.3,19.2,15.0,12.1,14.0
1768795675.6941032,15.0,12.0,7.0,17.0,8.0,12.0,8.2,16.0,10.2,10.1,11.9,16.0,10.1,9.2,9.2,11.0
1768795676.6964865,12.0,12.1,22.0,26.7,10.8,15.0,16.0,10.8,11.2,11.2,10.1,13.0,12.9,12.2,11.9,3.1
1768795677.703607,13.3,11.1,15.3,29.3,10.1,16.7,13.4,13.1,7.0,12.0,10.0,17.2,14.0,14.9,18.8,7.1
1768795678.7218328,16.7,23.0,19.0,19.2,22.2,13.3,17.0,16.3,14.3,12.1,14.1,29.0,18.4,22.4,16.3,16.0
1768795679.7258284,12.2,16.2,12.4,16.8,18.2,14.3,18.2,15.3,15.2,12.1,14.1,18.0,12.0,17.0,9.1,14.0
1768795680.7905505,8.1,8.1,6.0,6.0,14.0,7.9,9.1,7.9,16.0,5.0,5.0,11.7,4.0,5.9,3.0,7.9
1768795681.795463,11.1,13.3,11.1,25.0,11.0,9.2,10.0,11.1,20.2,9.1,6.0,14.9,8.0,7.0,8.1,7.1
1768795682.802012,8.2,5.1,9.9,16.2,8.1,8.0,4.1,6.0,9.0,5.0,8.1,4.0,7.1,5.1,13.1,9.0
1768795683.8070638,11.9,5.0,6.0,8.9,5.1,6.0,8.9,5.1,8.9,16.0,5.0,3.0,10.1,10.2,7.0,7.9
1768795684.8102899,13.3,5.1,8.1,5.1,5.0,6.1,9.9,8.1,9.0,8.9,4.0,5.9,7.1,16.0,5.0,8.1
1768795685.9094052,17.5,10.1,12.1,12.4,9.2,7.1,8.9,8.1,7.1,13.0,25.0,9.0,9.1,7.1,6.0,12.9
1768795686.924032,11.1,9.1,13.0,18.8,11.0,11.1,10.0,11.2,6.9,7.1,16.8,6.0,6.1,8.0,8.0,10.0
1768795687.9263325,26.8,28.0,29.3,16.3,17.0,18.0,22.0,21.4,17.2,12.2,16.3,19.2,18.8,24.8,17.3,17.3
1768795688.9295137,24.5,29.0,26.5,22.0,20.0,16.3,18.4,27.6,23.0,21.6,21.4,20.4,26.3,24.0,23.7,22.7
1768795689.9348724,19.2,20.2,24.0,13.3,16.0,16.3,15.3,19.2,17.2,10.3,11.1,21.0,17.2,15.2,14.0,16.2
1768795690.95734,9.5,8.1,10.1,20.2,20.2,12.1,6.9,12.0,24.5,10.0,16.2,10.0,8.0,14.1,10.9,9.0
1768795691.9956892,8.2,9.9,13.1,17.2,10.1,9.0,6.9,7.0,20.2,9.0,8.1,8.2,10.9,15.8,7.8,7.9
1768795692.9995213,8.2,6.1,9.1,19.2,11.0,9.9,16.8,11.2,24.0,8.0,10.9,14.0,10.2,19.0,9.0,7.9
1768795694.02502,13.0,17.2,20.4,22.0,13.9,11.1,19.0,7.0,11.0,6.0,6.1,5.0,11.0,14.0,18.2,11.1
1768795695.0290248,20.0,18.6,13.0,10.2,16.2,9.1,8.2,10.2,15.0,17.2,13.0,16.2,26.7,19.6,21.2,13.0
1768795696.0329673,29.9,21.4,19.4,18.2,19.8,18.4,20.0,19.2,12.4,19.2,19.4,27.0,30.9,23.8,20.0,33.3
1768795697.0372643,17.2,23.8,24.0,18.8,25.8,16.0,15.3,15.5,11.8,13.1,16.3,21.0,25.3,20.2,18.4,14.6
1768795698.0390594,17.3,15.2,11.0,7.9,12.0,7.1,9.9,11.0,7.9,16.0,11.0,20.0,8.1,6.9,9.8,15.2
1768795699.0434873,15.0,16.2,8.1,14.1,8.1,12.7,20.0,22.0,7.1,8.0,13.0,11.0,12.0,7.0,8.3,15.2
1768795700.049943,10.3,15.7,8.0,17.8,11.0,16.2,8.9,10.0,15.8,12.9,21.0,12.1,7.1,10.0,14.0,18.0
1768795701.0541325,11.2,15.2,15.0,20.4,20.0,14.1,11.0,6.2,15.0,17.8,16.2,7.0,14.7,10.0,14.0,19.8
1768795702.0569258,14.3,12.0,17.0,16.8,18.8,8.1,14.7,6.0,7.0,12.4,9.0,7.1,7.1,7.8,10.8,10.9
1768795703.0587838,15.3,16.3,22.7,18.6,13.0,9.1,18.0,11.0,8.1,13.0,5.0,7.0,8.2,5.1,15.3,11.1
1768795704.0606213,11.3,18.2,16.0,10.2,16.8,11.0,12.1,13.1,9.1,11.0,14.6,12.0,11.0,13.9,10.8,12.0
1768795705.0632622,17.3,25.0,15.2,12.9,14.9,8.1,9.1,12.9,6.9,6.9,11.1,15.0,9.1,6.3,14.0,19.2
1768795706.0665824,10.3,6.1,9.2,10.2,7.1,18.8,6.9,14.0,10.0,10.2,15.0,9.9,14.9,9.9,8.0,6.0
1768795707.1558268,12.1,11.0,7.1,13.7,13.1,9.0,9.9,12.9,6.1,12.2,11.1,6.1,6.0,7.1,18.0,15.8
1768795708.161267,12.2,15.8,11.0,13.1,9.0,12.9,11.0,10.1,22.0,6.0,8.9,8.2,13.1,7.1,15.0,14.9
1768795709.1654818,29.9,7.1,15.2,15.3,12.9,11.0,12.0,18.8,11.9,9.0,5.1,9.0,5.9,8.2,13.1,8.1
1768795710.1940334,11.3,9.0,12.0,7.0,6.1,4.0,9.9,9.1,18.0,4.0,7.1,9.1,9.1,12.7,9.1,9.0
1768795711.1960905,15.8,7.1,9.1,12.7,7.1,13.3,6.1,5.1,6.0,13.0,9.9,6.1,7.0,7.1,6.1,7.0
1768795712.2003543,23.2,9.2,17.2,15.3,9.9,7.9,11.1,17.3,15.0,22.0,8.0,12.0,12.0,20.2,12.0,8.2
1768795713.2025683,20.8,17.3,13.0,15.0,17.0,12.2,17.3,14.1,16.0,13.3,12.2,17.2,11.2,27.0,17.2,12.0
1768795714.2077808,13.3,9.1,11.1,10.1,8.1,15.0,9.0,12.7,22.2,12.9,12.1,8.9,10.1,12.0,17.0,6.1
1768795715.2095585,14.0,17.0,16.8,9.1,16.0,12.1,12.0,17.2,14.0,5.1,6.1,7.0,9.0,13.0,6.0,6.0
1768795716.2114592,19.8,21.4,10.1,7.9,11.1,18.4,13.3,9.1,14.3,5.0,12.9,10.0,5.1,11.1,8.1,7.0
1768795717.2151875,28.7,12.0,8.2,16.0,9.0,8.1,9.1,9.1,8.0,11.2,10.0,6.0,7.0,8.0,9.0,9.2
1768795718.2172046,19.4,13.3,10.0,10.2,8.2,8.0,14.7,8.0,6.1,10.0,10.2,11.0,13.0,10.2,7.1,13.0
1768795719.2217827,21.6,11.9,10.2,15.0,10.0,16.8,11.0,11.9,9.0,11.9,8.8,10.2,11.0,11.8,15.2,12.0
1768795720.2239687,20.8,7.2,7.8,7.1,11.9,9.0,9.2,14.0,8.1,11.3,13.1,10.9,9.2,12.9,8.1,11.0
1768795721.2420442,15.5,12.0,10.1,8.8,16.2,13.9,10.8,9.1,13.1,17.0,7.1,9.0,9.1,8.1,12.1,10.1
1768795722.2526014,25.0,7.3,10.0,25.0,10.1,12.0,10.0,12.9,16.0,16.8,8.0,5.1,10.0,13.0,14.0,8.0
1768795723.2545629,11.0,8.1,8.0,8.2,12.9,9.1,21.2,12.2,6.1,20.8,12.1,10.1,6.3,13.0,7.1,14.3
1768795724.268496,13.4,14.1,18.8,8.2,17.0,11.0,23.2,24.2,17.3,17.2,10.1,20.2,8.0,16.2,10.1,11.1
1768795725.270571,26.3,12.0,11.1,8.2,10.0,19.4,6.1,7.9,6.0,12.7,12.9,14.7,11.0,15.3,11.1,13.1
1768795726.3097363,12.1,8.0,14.9,8.2,14.0,9.9,15.0,12.9,8.0,12.9,11.2,12.2,8.0,15.8,7.8,6.9
1768795727.3121798,11.2,10.9,13.0,9.0,9.1,10.1,5.0,7.1,7.1,10.8,12.0,13.1,10.0,11.1,9.1,7.0
1768795728.3156414,8.2,9.1,18.6,13.0,12.9,13.7,8.1,10.2,21.8,7.1,12.9,9.0,8.1,14.9,12.1,12.0
1768795729.3439376,20.4,13.1,14.1,15.3,15.0,17.8,14.1,18.2,16.0,10.2,14.4,15.2,15.2,13.1,13.1,12.0
1768795730.3490028,14.0,14.1,19.0,22.4,14.4,13.3,12.2,17.5,13.3,18.4,15.3,22.4,18.2,15.2,16.0,12.1
1768795731.3603628,15.5,16.8,9.1,7.1,7.1,10.3,11.0,9.1,15.0,7.1,11.0,9.2,14.1,15.0,7.0,8.1
1768795732.3629012,7.2,16.8,9.1,10.1,7.1,15.0,12.9,8.1,26.3,6.1,13.9,15.0,16.7,8.1,8.0,10.1
1768795733.3654356,11.2,15.2,11.1,11.0,10.1,18.6,13.1,14.0,21.0,13.9,19.2,7.1,9.1,10.9,10.9,11.8
1768795734.3950522,11.1,5.2,13.3,9.1,8.2,12.0,9.1,9.9,11.1,10.9,14.1,13.7,9.0,6.2,9.1,10.9
1768795735.397654,13.0,18.0,8.1,13.0,9.9,17.5,10.0,8.1,8.1,9.3,14.1,9.1,11.0,8.0,12.1,10.2
1768795736.4019835,13.5,20.0,22.8,13.1,18.2,20.8,10.2,12.1,11.9,12.2,13.1,16.0,16.3,13.1,21.2,19.2
1768795737.417371,13.0,14.1,9.1,15.0,14.0,22.0,11.9,11.1,8.1,9.0,9.1,7.1,6.0,16.2,6.0,13.0
1768795738.4236083,25.0,20.0,21.0,12.2,18.8,23.2,21.4,26.0,14.9,19.8,19.0,17.8,16.2,11.2,14.1,17.3
1768795739.4403625,14.1,17.8,13.1,13.0,7.9,14.9,14.0,12.1,13.9,8.9,14.0,15.0,10.0,8.1,11.0,11.9
1768795740.4434865,18.6,24.5,24.5,25.8,28.3,23.2,36.0,19.2,25.3,17.0,23.2,22.7,24.7,21.9,25.3,20.4
1768795741.4558167,17.0,18.0,16.0,13.1,15.2,15.0,11.1,13.0,14.0,18.0,12.2,7.1,12.2,10.2,14.1,18.2
1768795742.503375,13.3,12.9,15.0,11.9,12.1,13.9,5.1,6.9,6.0,10.1,21.2,5.0,9.0,11.0,12.2,11.1
1768795743.605381,12.4,10.1,24.8,9.9,9.0,4.0,9.8,5.0,8.9,10.2,5.1,7.9,8.1,7.9,8.1,12.9
1768795744.6948287,15.0,10.1,14.1,11.9,12.0,14.1,15.2,13.1,10.2,11.2,22.5,9.1,21.2,9.0,9.2,17.3
1768795745.6975987,9.1,12.7,12.0,6.1,16.2,11.3,23.8,8.9,12.9,13.9,10.2,15.0,11.2,8.1,9.1,26.3
1768795746.7107127,11.3,17.0,16.8,13.0,15.2,19.4,25.7,18.4,18.6,22.4,21.2,12.2,17.2,12.2,22.0,16.0
1768795747.715484,16.0,12.0,17.3,10.4,14.0,12.2,25.7,16.0,16.2,16.2,14.0,12.1,10.9,14.1,12.9,13.9
1768795748.717511,14.1,11.1,15.8,14.1,11.1,11.0,19.2,13.0,11.0,15.8,13.9,16.2,19.8,9.9,17.2,14.3
1768795749.7192862,21.2,10.9,10.1,13.0,9.9,6.2,10.0,7.0,9.9,18.0,12.1,10.0,11.0,13.9,17.2,14.7
1768795750.7228096,13.1,10.1,16.2,13.1,9.1,12.0,13.0,9.2,14.0,23.5,13.1,9.2,12.1,6.1,16.2,19.0
1768795751.7285085,17.6,14.4,14.3,12.4,11.9,17.2,21.0,14.1,12.1,20.2,15.7,25.7,18.2,15.3,20.4,19.8
1768795752.732348,11.5,18.0,17.2,15.0,11.2,11.1,16.3,13.1,10.9,21.0,10.0,10.3,11.0,18.0,10.1,12.2
1768795753.7364542,12.1,13.9,14.1,15.8,8.8,11.8,15.2,15.2,18.0,4.0,5.0,10.9,6.1,8.0,13.0,11.2
1768795754.7859645,12.1,10.1,14.1,14.9,7.9,18.2,19.0,8.2,10.1,9.0,7.0,10.2,9.8,5.1,8.1,11.9
1768795755.7908492,11.3,11.0,15.0,14.9,8.1,21.2,7.1,8.2,8.9,6.1,6.1,9.0,7.2,8.0,7.9,7.1
1768795756.813206,13.0,12.0,14.0,12.2,9.9,12.0,11.0,11.0,13.9,8.0,13.0,9.1,11.0,14.3,17.2,16.0
1768795757.8152559,16.2,21.8,9.0,9.1,8.9,12.2,16.2,23.8,13.1,11.0,22.2,16.2,9.0,17.5,13.0,9.2
1768795758.8440654,15.3,21.2,14.1,12.1,11.0,8.8,24.0,10.1,12.9,11.1,10.1,11.1,7.0,16.0,6.0,9.2
1768795759.846507,13.3,11.9,8.0,6.1,9.0,6.9,17.0,8.0,9.1,7.1,13.7,10.0,9.0,15.0,7.0,19.8
1768795760.8688297,15.2,9.1,8.1,15.2,8.1,9.0,8.1,8.1,9.0,18.8,20.8,12.1,8.0,10.1,15.2,21.2
1768795761.8708224,18.6,19.0,12.1,16.8,17.2,17.2,16.2,18.2,21.0,11.2,25.3,15.2,14.3,11.8,11.0,12.1
1768795762.8741915,27.6,33.3,26.0,32.7,31.3,26.5,23.7,29.3,29.9,21.4,23.5,23.0,23.0,21.6,26.0,26.3
1768795763.8768535,20.0,13.3,20.0,16.3,19.2,16.3,21.0,15.0,16.0,11.0,9.3,9.1,12.1,25.3,12.1,12.2
1768795764.8792655,14.1,10.9,24.0,13.0,10.0,18.8,20.2,8.9,13.1,7.0,6.1,8.0,8.2,17.3,7.1,13.0
1768795765.8824303,11.0,12.1,9.1,8.9,10.1,9.0,25.3,9.9,16.3,6.0,12.1,9.1,10.7,6.1,6.0,4.1
1768795766.9285948,15.5,15.2,9.8,6.1,6.0,6.1,19.0,7.1,13.1,7.1,8.0,16.0,8.1,12.9,8.1,5.9
1768795767.9647868,13.3,20.0,10.1,13.0,11.0,11.1,22.0,26.0,10.1,6.1,7.1,10.0,7.0,15.8,7.1,5.1
1768795768.9666517,28.0,20.0,19.2,18.2,12.1,17.8,22.4,21.2,20.6,26.8,26.7,23.0,22.7,28.6,20.2,20.6
1768795769.970251,13.3,16.8,11.1,14.3,24.5,21.2,24.8,19.0,28.3,14.1,26.5,17.0,15.0,11.1,8.2,22.2
1768795771.0487785,12.0,6.1,10.1,8.9,16.2,19.2,15.0,10.9,9.0,9.1,10.1,9.1,9.0,7.0,8.9,9.0
1768795772.0514476,13.0,16.0,12.9,10.1,13.1,15.3,17.6,16.3,11.2,7.0,10.1,6.9,7.9,13.3,8.0,10.0
1768795773.05401,21.2,16.0,19.2,20.4,14.1,18.0,21.0,27.3,11.1,14.1,22.2,16.3,24.5,26.5,21.2,18.4
1768795774.0594633,18.2,16.2,14.1,20.2,15.5,14.0,12.1,18.4,15.8,22.4,23.0,16.3,18.4,14.3,19.0,20.4
1768795775.0615828,10.1,10.1,13.1,22.8,8.1,6.0,5.0,8.0,5.1,18.6,5.1,4.0,7.1,6.1,11.9,5.1
1768795776.0713828,15.0,10.0,11.1,19.0,9.0,8.9,8.2,8.2,9.9,12.1,11.2,7.0,11.9,8.0,21.0,11.0
1768795777.0747705,11.1,11.9,10.8,4.0,6.0,10.9,11.8,12.9,11.0,6.0,8.0,7.0,15.2,12.7,19.0,18.4
1768795778.0799515,13.3,10.2,14.0,10.9,7.1,12.2,11.1,7.1,12.0,7.1,13.9,15.0,16.2,6.1,20.8,14.1
1768795779.1460528,12.1,11.0,15.0,12.0,14.0,12.9,14.1,13.1,10.3,15.0,8.1,8.1,12.0,18.8,10.0,14.1
1768795780.1496863,16.0,13.1,12.0,11.0,12.0,18.0,11.0,15.2,7.0,22.5,15.0,14.9,19.8,11.0,9.0,11.8
1768795781.1828513,13.0,12.2,12.9,13.1,9.0,7.8,11.0,9.9,12.9,14.0,10.3,11.1,9.0,16.0,9.1,10.0
1768795782.1872017,13.4,7.1,14.0,17.0,13.1,10.0,9.1,15.2,10.1,13.1,14.0,12.1,8.1,11.9,11.1,9.2
1768795783.1949992,14.9,7.0,12.9,18.8,9.0,9.0,11.0,15.8,11.1,9.9,9.0,5.1,6.9,7.9,10.0,3.0
1768795784.2004232,12.1,8.1,7.1,5.2,9.3,5.1,10.1,12.2,7.1,15.2,6.1,9.9,10.0,5.1,7.0,5.0
1768795785.2026737,14.3,12.2,12.4,13.9,15.0,11.0,17.3,13.9,15.2,13.0,14.0,11.1,9.0,8.9,12.1,13.3
1768795786.206214,20.0,9.2,16.8,15.2,18.8,8.9,14.0,10.3,9.1,10.0,10.1,10.1,9.1,12.0,17.0,13.0
1768795787.2133808,11.0,9.0,23.0,17.8,13.1,11.1,10.2,11.9,10.0,12.9,12.2,8.1,22.8,16.0,11.2,7.1
1768795788.2157128,11.1,12.1,8.0,9.0,14.0,10.0,7.9,9.0,11.2,9.1,8.1,9.9,7.0,15.0,13.1,9.9
1768795789.2178817,12.0,15.8,14.0,13.1,19.2,14.0,13.0,14.4,16.8,14.3,13.3,12.1,7.1,12.0,11.1,8.2
1768795790.2454255,20.2,21.0,13.1,17.0,20.0,9.0,19.6,8.1,16.2,19.8,9.0,11.0,7.8,7.9,13.7,7.8
1768795791.2491257,17.3,23.2,13.1,26.0,11.1,13.0,17.2,16.8,7.8,9.2,9.2,14.1,12.1,12.1,10.1,11.0
1768795792.252354,17.2,10.1,12.0,18.4,11.1,12.0,20.0,13.1,4.0,13.9,17.8,10.2,8.0,6.1,7.1,7.1
1768795793.259948,20.2,12.1,12.7,9.1,12.9,6.9,22.2,10.0,3.0,10.0,10.1,13.3,6.0,10.1,13.0,8.8
1768795794.262735,16.7,11.1,10.2,6.1,17.2,19.0,20.0,11.1,18.0,9.3,9.1,16.2,7.0,8.1,13.1,11.0
1768795795.265356,8.1,12.0,13.9,9.0,15.0,7.1,17.8,12.2,20.0,13.3,12.1,17.2,14.0,10.1,8.0,9.1
1768795796.2686782,7.1,21.0,11.0,8.9,13.0,12.2,8.1,8.2,9.9,12.0,20.0,16.2,10.0,10.0,26.3,12.0
1768795797.323401,14.3,16.0,13.1,25.7,23.8,7.1,12.9,12.1,16.0,14.0,9.0,14.7,6.9,8.0,15.0,12.9
1768795798.3256476,16.0,12.1,7.1,8.1,16.2,7.0,10.9,17.0,9.0,13.1,11.9,10.0,7.1,20.0,12.0,11.0
1768795799.3307993,18.4,12.2,15.0,9.9,9.0,6.1,17.0,22.0,11.1,15.8,11.1,7.1,8.2,19.8,13.3,11.2
1768795800.3325303,33.7,21.2,21.2,22.4,13.3,18.0,16.3,20.2,19.6,17.3,13.0,10.9,10.9,17.8,15.8,13.1
1768795801.4036102,18.8,20.2,15.2,12.1,7.1,17.2,20.0,17.2,15.3,11.2,14.3,14.0,18.2,15.8,16.0,11.0
1768795802.4055212,12.6,11.9,11.9,6.2,8.0,11.9,10.9,11.2,17.0,6.9,6.0,25.0,8.0,13.1,10.2,13.1
1768795803.4276295,14.0,7.1,22.4,12.9,10.1,14.1,7.0,13.9,15.5,12.2,10.1,14.3,10.8,11.9,10.1,11.2
1768795804.4420848,13.0,14.1,25.3,15.2,10.2,19.8,8.2,18.4,24.5,15.2,10.1,18.0,15.3,13.4,17.3,23.2
1768795805.4443722,19.0,20.4,10.1,15.0,17.8,32.3,10.1,18.2,19.2,13.1,15.2,16.3,13.1,19.4,22.2,18.4
1768795806.4465954,19.0,16.0,16.2,8.2,17.8,17.0,16.3,20.2,11.2,14.3,12.1,15.0,10.1,16.2,15.8,6.1
1768795807.4607916,14.3,24.5,12.0,12.1,17.2,17.8,6.1,12.0,9.0,8.0,9.2,10.0,17.0,12.0,7.1,6.0
1768795808.465917,19.4,9.0,9.9,7.1,21.0,8.2,6.9,13.0,13.0,20.4,16.0,12.1,11.1,13.4,11.9,8.0
1768795809.4694974,9.0,17.3,12.0,6.0,18.4,12.1,5.9,6.0,6.1,7.9,14.7,9.2,7.1,8.0,8.1,11.1
1768795810.4734085,13.0,13.1,12.9,9.1,18.0,7.1,9.1,7.0,10.0,7.9,15.0,15.2,8.0,20.2,6.1,16.0
1768795811.4757884,19.0,18.2,13.0,13.0,41.0,14.1,23.2,16.0,20.4,18.6,30.3,19.4,10.1,20.0,11.1,15.5
1768795812.4895873,25.0,13.7,10.1,13.9,19.0,16.3,20.2,10.0,20.2,15.8,29.0,14.9,10.9,11.0,15.7,12.1
1768795813.4931433,12.1,8.9,5.1,13.4,13.9,17.8,23.0,6.1,8.2,11.0,13.3,13.1,7.1,11.0,21.2,6.1
1768795814.5308409,16.0,14.1,15.2,13.1,15.2,14.3,19.8,8.8,11.1,8.2,16.0,10.1,13.0,9.1,17.0,16.7
1768795815.6018167,12.1,21.4,24.2,9.1,11.0,9.2,13.3,9.9,9.9,14.0,6.1,13.1,10.1,13.0,19.0,9.1
1768795816.621959,11.1,13.0,19.4,8.1,7.1,14.3,13.0,8.0,10.3,13.1,12.9,10.1,10.0,9.0,7.0,14.0
1768795817.6249309,12.9,7.1,10.0,10.1,10.9,16.8,8.0,6.1,14.0,29.0,9.2,14.0,18.0,15.2,17.6,27.3
1768795818.6394403,12.0,9.1,12.1,12.0,9.2,24.0,14.9,15.3,16.8,10.0,10.0,13.9,16.0,16.3,13.3,13.1
1768795819.6421185,11.3,9.0,15.0,18.2,13.0,17.8,23.0,12.1,7.0,4.0,10.1,6.1,13.1,19.0,8.1,21.0
1768795820.6446025,9.2,13.0,14.0,13.0,10.2,13.3,30.7,14.9,13.3,11.0,14.9,10.2,10.9,12.1,12.0,17.8
1768795821.646427,12.2,12.1,10.1,10.1,8.9,9.9,14.1,8.2,14.0,9.2,14.1,14.3,15.0,14.1,13.4,16.0
1768795822.6616793,12.2,13.7,12.2,14.9,19.2,8.0,17.8,10.0,15.0,18.0,19.0,9.0,12.1,15.0,13.0,6.1
1768795823.664841,17.2,10.1,8.1,8.0,11.0,10.9,11.2,5.9,15.0,9.1,14.0,11.9,10.1,10.9,11.0,9.9
1768795824.741279,14.3,11.9,10.2,9.9,22.8,20.2,8.0,8.1,22.0,13.0,6.1,12.0,6.0,9.1,15.7,17.8
1768795825.7450864,19.2,11.1,8.0,15.8,11.1,10.1,12.0,16.8,8.1,9.1,15.2,10.0,13.4,15.3,9.9,9.1
1768795826.7599835,9.1,17.2,14.0,13.0,15.7,11.9,6.9,9.9,11.7,15.7,12.0,10.1,21.8,11.0,18.0,12.9
1768795827.7647858,12.2,16.0,18.2,17.2,18.0,11.0,15.0,17.8,8.1,25.0,10.0,17.0,13.0,9.1,15.0,9.3
1768795828.7700045,14.0,8.2,10.2,9.0,14.1,12.2,11.1,10.0,9.1,17.3,11.1,11.0,15.0,8.0,12.1,9.2
1768795829.7748709,16.0,11.0,13.9,9.0,16.2,10.0,12.9,11.1,9.1,10.1,7.0,12.9,17.2,18.0,10.9,16.0
1768795830.7780588,26.5,30.6,21.6,29.0,18.8,23.5,26.3,26.5,18.2,16.2,15.2,19.4,27.6,26.5,28.0,26.5
1768795831.779958,20.8,24.0,28.7,19.4,20.0,20.2,18.2,29.8,18.6,19.4,22.7,31.0,22.7,24.8,23.7,17.3
1768795832.783646,15.0,15.2,13.3,11.1,18.2,16.8,15.0,16.5,19.0,21.2,18.8,13.0,11.9,9.2,16.0,8.1
1768795833.7882495,21.4,17.5,19.0,20.8,20.0,22.0,19.2,23.2,21.9,23.5,28.3,17.3,18.6,13.4,30.3,24.7
1768795834.793817,19.0,16.0,13.0,16.8,19.4,19.4,15.2,17.0,14.1,17.2,18.4,21.8,14.1,19.2,20.8,20.8
1768795835.8040009,19.0,21.0,18.8,13.0,12.2,26.5,17.3,20.4,20.0,14.4,24.8,20.0,29.0,17.8,25.0,16.0
1768795836.8135087,11.1,21.2,10.0,13.9,17.2,10.0,7.1,14.0,17.8,10.2,16.2,7.1,13.9,7.9,6.1,6.9
1768795837.8158958,10.2,13.0,10.1,16.3,17.0,10.3,9.9,11.1,9.1,9.1,12.0,7.1,13.3,9.1,8.9,4.0
1768795838.8181584,13.4,11.1,8.2,9.1,12.2,9.8,9.2,10.1,5.1,12.2,8.0,5.1,11.0,5.9,6.0,12.2
1768795839.8201127,10.1,13.3,16.2,14.9,18.0,11.3,5.9,11.0,6.9,10.9,12.9,12.0,10.2,12.0,15.0,12.0
1768795840.8548784,14.1,11.1,8.0,11.0,8.1,10.0,6.9,5.1,3.0,5.0,5.9,3.0,4.0,6.9,10.0,5.1
1768795841.8570793,12.2,7.1,9.1,11.2,5.1,11.0,7.1,7.0,10.1,13.0,5.1,11.0,17.8,5.1,9.1,9.1
1768795842.865309,16.5,12.0,13.1,12.1,18.0,9.1,12.0,11.1,15.0,17.2,12.0,12.7,10.2,14.1,13.1,13.9
1768795843.8674371,17.8,16.2,15.0,12.0,15.3,11.9,15.8,10.0,11.3,8.1,14.9,15.0,13.0,21.2,14.9,13.5
1768795844.8692598,27.8,24.0,26.3,20.2,29.6,25.8,26.0,15.2,23.5,16.2,17.2,29.3,17.3,25.0,24.7,21.8
1768795845.9020727,19.2,20.4,20.0,19.2,22.4,16.2,12.1,16.3,25.0,27.3,22.9,16.2,18.8,21.6,24.8,14.3
1768795846.9450314,16.3,14.3,11.1,14.1,17.0,10.0,13.1,15.2,16.8,20.2,21.2,17.2,17.3,20.4,12.9,14.1
1768795847.9475193,21.2,15.3,21.2,19.0,18.8,21.4,27.3,20.0,26.5,24.5,12.1,14.9,14.6,17.0,21.0,19.2
1768795848.95415,8.2,14.9,13.9,8.1,15.2,8.0,10.1,14.0,20.8,18.6,7.1,19.2,11.9,9.9,14.0,19.0
1768795849.9587708,16.5,13.9,6.9,14.1,10.9,9.0,12.0,8.1,17.2,17.2,15.0,11.9,11.9,8.0,14.0,6.1
1768795850.99641,12.4,16.0,10.8,12.0,14.0,10.2,14.3,12.0,26.7,11.2,15.8,14.9,11.1,13.0,15.2,11.1
1768795852.0373292,18.2,11.0,17.2,15.2,13.1,9.2,16.2,13.0,15.0,17.5,11.2,12.1,9.0,13.7,19.4,14.0
1768795853.0419207,21.0,17.5,21.4,29.0,29.7,16.5,23.2,29.6,27.8,29.9,23.5,23.5,18.8,20.6,22.5,19.4
1768795854.0453918,16.2,11.0,20.0,11.1,15.3,15.8,24.0,12.2,23.2,18.6,16.0,16.2,12.2,16.3,12.4,16.0
1768795855.0490358,14.1,11.9,15.8,11.1,20.8,13.9,7.0,17.0,9.9,13.1,11.1,10.1,8.1,15.0,13.9,8.1
1768795856.0526319,13.1,12.0,12.0,20.4,13.1,15.8,17.2,15.3,18.6,18.2,16.0,14.1,17.0,13.3,14.0,13.1
1768795857.0544713,24.5,16.5,18.6,25.0,15.0,19.8,26.3,17.3,16.5,17.5,25.3,15.5,18.0,19.0,18.4,18.6
1768795858.103227,17.3,20.2,23.5,9.1,19.2,22.2,20.2,18.0,20.2,17.2,23.7,24.2,17.2,16.5,14.0,26.7
1768795859.1058898,15.2,23.0,13.0,16.2,10.0,17.8,10.9,6.9,16.8,4.0,7.8,11.9,26.7,11.1,19.0,24.2
1768795860.1081798,23.2,21.2,8.9,7.1,11.9,18.8,9.2,13.1,11.1,7.1,18.4,22.2,13.3,18.8,16.2,17.0
1768795861.1109223,15.3,8.1,12.4,16.3,17.2,19.4,17.2,16.0,9.1,9.9,14.7,13.9,10.1,20.6,11.2,16.2
1768795862.1149979,20.0,18.6,20.0,15.3,20.2,21.4,15.6,21.0,17.3,15.2,24.2,24.0,22.8,20.8,25.0,20.6
1768795863.1559017,26.0,15.0,14.0,19.8,9.0,15.0,17.8,20.0,11.0,14.1,17.8,10.1,21.4,18.6,7.9,14.9
1768795864.1586826,20.4,16.0,16.3,21.2,15.2,9.9,20.2,10.2,11.0,11.0,17.0,17.2,19.2,18.0,9.1,26.0
1768795865.163337,10.2,15.5,9.1,10.1,7.0,8.1,14.1,17.2,11.0,16.2,5.0,15.3,27.7,14.7,12.0,12.1
1768795866.1652038,8.3,11.9,8.9,12.0,11.0,7.0,21.2,10.1,5.9,12.0,6.9,7.1,23.0,7.1,11.0,17.2
1768795867.1887739,11.1,13.1,9.2,14.0,19.8,10.9,8.1,12.9,11.0,17.2,15.7,11.0,17.3,14.1,13.1,26.5
1768795868.2266395,10.2,11.0,12.1,10.0,14.1,10.0,9.0,17.0,13.0,7.0,11.1,10.1,12.0,12.2,10.2,17.0
1768795869.229546,12.1,15.2,25.5,9.1,10.2,8.1,8.2,18.0,9.1,8.1,5.1,21.0,10.0,15.0,19.8,11.0
1768795870.234642,17.8,13.0,13.9,17.8,13.0,19.8,8.0,8.2,10.9,16.0,16.0,11.0,11.1,13.1,22.0,11.1
1768795871.2373326,21.8,11.2,20.2,9.0,13.0,11.2,13.3,15.2,10.0,13.0,15.0,8.9,8.0,15.2,11.2,18.0
1768795872.276033,12.1,8.9,18.2,6.0,13.1,7.0,13.0,11.2,11.1,9.2,8.1,14.0,8.0,8.1,12.1,12.1
1768795873.2786562,20.2,22.4,15.3,19.2,15.2,20.6,23.5,22.2,24.5,17.3,19.0,21.4,17.8,16.5,11.1,14.3
1768795874.3048077,26.8,24.5,23.0,18.6,14.3,17.3,16.3,24.0,22.4,20.4,20.4,17.7,22.4,27.0,19.8,16.5
1768795875.3071513,19.4,17.2,17.3,15.6,26.0,12.4,16.3,17.2,23.2,16.3,13.3,14.1,21.4,18.2,22.8,17.3
1768795876.3364224,14.3,14.1,18.0,16.2,18.4,19.2,14.1,16.2,16.7,9.1,14.9,13.1,13.1,22.2,11.1,9.0
1768795877.3418746,13.9,12.1,23.2,10.0,7.1,12.2,9.1,5.0,14.9,8.1,5.1,11.1,10.1,18.0,8.1,11.1
1768795878.3543959,14.9,15.0,7.0,10.1,9.9,11.0,13.9,10.1,13.0,15.8,10.0,12.0,17.6,18.8,13.9,11.1
1768795879.356801,14.1,10.1,8.1,12.0,10.1,9.0,10.9,8.0,14.0,8.9,17.2,18.0,15.2,14.1,14.9,15.3
1768795880.3617814,15.0,12.9,9.1,14.3,20.4,13.1,12.0,14.0,13.3,14.3,15.2,11.2,11.9,25.7,23.2,12.4
1768795881.3647192,18.2,13.3,19.6,11.3,23.2,22.0,30.4,23.0,11.1,18.8,19.2,23.5,16.2,29.3,16.2,14.0
1768795882.403909,18.0,16.0,15.5,21.0,19.2,21.4,13.3,18.4,21.0,16.8,17.3,17.6,11.1,15.3,20.4,13.3
1768795883.4067066,21.4,14.0,12.9,9.1,10.2,14.0,11.1,12.1,9.0,14.1,10.9,17.2,13.3,13.1,15.8,18.0
1768795884.4089956,18.0,23.2,17.5,26.0,19.0,23.5,25.3,26.0,25.0,19.2,15.3,16.0,24.7,23.5,15.5,21.8
1768795885.4129915,12.2,21.8,15.0,18.4,19.0,18.2,12.2,21.2,22.8,16.3,15.0,17.0,18.2,15.2,25.5,18.2
1768795886.415822,17.3,17.0,15.2,16.8,20.4,22.2,15.5,14.3,18.4,14.9,12.1,13.0,22.8,15.0,22.0,14.1
1768795887.4431906,17.2,18.4,25.8,18.6,20.4,17.0,18.2,15.2,14.4,19.4,19.4,20.6,24.2,25.8,21.8,32.0
1768795888.4455566,9.4,17.5,22.0,16.0,23.8,21.0,19.2,12.1,14.1,10.1,13.1,24.0,19.0,21.0,19.2,18.2
1768795889.448484,20.6,31.6,24.0,23.5,28.6,13.4,18.6,21.4,25.5,27.6,22.4,23.7,21.6,33.3,20.2,15.3
1768795890.460159,14.0,10.2,15.2,16.2,12.1,9.9,15.0,10.9,11.8,23.5,20.8,16.0,14.0,10.0,13.7,14.9
1768795891.4680645,16.2,17.3,19.4,17.0,22.2,14.1,19.6,16.8,22.5,16.0,15.3,18.4,19.4,14.1,12.2,15.3
1768795892.5031717,22.7,18.0,22.4,21.2,21.0,25.5,18.4,17.3,16.5,33.0,24.8,19.2,24.2,17.2,22.5,19.2
1768795893.5062473,14.3,11.2,9.3,19.0,9.2,16.3,11.1,15.7,19.0,22.0,25.5,19.2,28.3,13.1,17.2,20.2
1768795894.5083299,21.2,18.2,22.4,20.4,26.0,26.3,22.4,22.2,21.0,15.3,28.6,26.3,17.7,18.6,21.0,14.1
1768795895.5102823,16.2,14.3,22.0,17.0,13.0,17.8,14.1,13.3,15.3,21.4,18.2,15.2,13.1,18.2,19.0,26.8
1768795896.512417,16.0,27.0,20.2,15.8,19.2,19.0,23.5,12.2,12.2,10.8,16.2,21.2,17.3,18.0,13.1,20.6
1768795897.553297,9.9,12.9,10.2,12.0,9.0,8.0,7.0,9.9,9.0,8.1,13.1,11.1,13.7,11.0,19.0,20.0
1768795898.5685146,8.2,8.1,12.0,16.0,15.2,13.1,14.1,12.9,11.0,11.0,6.9,8.1,12.0,12.1,11.1,19.8
1768795899.5881162,15.0,9.9,14.1,13.0,17.3,10.0,19.2,10.1,11.1,19.0,18.2,21.0,25.0,15.2,14.9,17.0
1768795900.6321487,12.1,13.0,12.0,9.2,12.9,14.0,13.0,19.2,9.0,14.0,15.2,9.1,19.0,10.0,8.9,5.9
1768795901.6348941,13.0,9.9,13.1,6.1,13.1,23.0,9.1,8.1,6.1,9.9,7.0,7.0,7.1,9.0,9.0,9.0
1768795902.669121,11.1,9.8,9.0,6.0,8.8,24.8,7.0,6.0,12.9,7.9,5.0,5.9,7.9,5.9,8.0,9.2
1768795903.6793072,18.8,6.1,10.2,7.0,9.0,24.8,10.1,11.0,9.8,11.1,7.9,7.1,18.0,7.9,7.0,11.0
1768795904.6882,19.6,17.3,22.0,16.2,28.3,19.8,18.2,23.8,17.5,20.4,18.4,14.3,18.0,22.2,21.0,19.2
1768795905.6925783,20.2,22.0,26.3,16.2,23.2,14.1,28.0,13.5,18.2,18.2,11.1,17.3,19.6,23.0,15.0,16.2
1768795906.7022097,12.0,14.3,15.7,10.2,16.8,12.0,11.0,11.9,18.4,8.2,13.1,12.2,10.3,9.1,7.0,10.0
1768795907.704292,9.0,22.2,14.1,13.0,20.2,15.0,9.0,13.1,13.3,15.0,11.9,9.9,14.9,16.2,8.0,10.2
1768795908.7061708,11.2,12.2,10.0,8.1,21.0,11.1,8.1,9.0,20.6,15.3,7.1,7.1,11.1,15.3,14.1,18.0
1768795909.715192,25.0,24.5,21.2,24.0,29.9,20.4,15.3,20.4,15.5,19.2,17.2,21.8,18.4,14.1,27.0,23.2
1768795910.720371,9.3,7.0,7.1,13.0,9.0,18.2,12.1,4.1,17.8,6.1,6.9,8.0,5.9,5.9,9.1,19.0
1768795911.742414,13.1,8.1,6.1,7.0,8.1,16.2,6.1,7.8,11.1,9.1,5.0,8.0,7.1,8.9,12.0,11.0
1768795912.7463472,9.1,5.1,4.0,8.0,16.2,8.9,8.0,10.0,23.0,14.9,10.0,15.2,15.7,12.0,14.1,9.3
1768795913.7818904,14.3,10.8,11.1,9.9,12.9,8.1,9.0,12.9,18.2,16.0,9.0,13.1,13.1,12.2,14.1,14.9
1768795914.8108685,7.2,12.0,7.1,6.0,8.1,19.6,9.1,13.0,23.0,9.9,9.1,12.1,15.2,12.1,20.8,11.2
1768795915.8529766,11.1,9.0,10.9,9.8,15.7,13.7,11.9,14.9,8.9,8.0,6.0,17.8,7.9,5.9,7.9,10.0
1768795916.857704,25.0,16.0,12.1,15.3,14.0,18.2,16.0,21.8,18.0,26.3,18.2,18.0,13.1,12.2,13.0,15.2
1768795917.8597069,19.0,16.3,14.1,16.2,15.2,9.1,13.0,11.2,11.1,9.1,9.2,11.2,14.1,9.0,14.1,9.1
1768795918.864403,22.8,19.0,32.3,19.6,19.0,13.7,26.5,23.5,25.8,31.0,23.5,19.2,29.3,19.6,25.5,19.2
1768795919.8670435,29.0,10.2,19.4,20.4,22.0,15.8,17.0,8.2,11.3,19.4,13.3,15.2,10.1,18.2,15.2,16.0
1768795920.89787,18.8,11.2,13.1,11.0,6.1,18.0,4.0,8.9,5.1,11.8,9.2,8.9,6.1,5.9,10.9,7.1
1768795921.9479682,16.0,15.0,25.7,6.1,7.1,12.9,9.9,21.8,7.8,12.0,12.9,12.0,9.0,9.1,14.9,12.0
1768795922.9525933,19.0,13.0,20.2,6.0,14.6,10.0,5.1,9.2,8.1,14.0,9.1,7.1,8.1,9.1,15.0,8.1
1768795923.9825335,20.2,14.0,16.2,6.1,12.0,5.9,5.9,12.9,8.0,8.2,9.1,7.1,6.0,4.1,11.0,7.0
1768795925.0202558,11.2,10.2,12.0,7.0,12.1,5.1,4.0,15.8,9.1,8.0,6.1,17.8,5.9,6.9,14.0,6.1
1768795926.06773,10.2,12.2,12.2,14.3,14.0,8.0,8.1,20.2,7.1,15.2,12.1,16.2,7.1,13.0,14.1,6.1
1768795927.0724425,14.9,11.2,12.9,10.1,14.9,15.2,14.1,13.9,12.0,20.0,12.1,15.2,8.9,15.2,22.2,15.2
1768795928.076263,25.3,22.2,18.4,16.0,13.4,18.2,23.0,29.3,16.5,20.2,22.4,25.3,24.0,13.4,15.2,18.8
1768795929.1416621,15.8,19.0,13.9,14.4,15.5,27.3,12.2,16.5,21.2,22.2,24.2,28.7,24.2,24.2,22.2,17.3
1768795930.1440375,22.2,17.2,16.0,26.3,14.0,24.2,14.3,16.0,14.1,21.2,9.2,16.0,16.8,18.2,11.1,19.8
1768795931.1577654,10.1,7.1,25.3,17.2,22.2,21.2,10.9,9.0,8.1,20.0,9.9,6.9,9.1,14.0,13.7,15.2
1768795932.162199,8.3,16.0,14.1,13.0,14.1,27.3,6.1,12.2,16.0,12.0,12.1,11.0,16.0,5.1,18.4,9.1
1768795933.1642783,14.6,17.3,16.2,15.0,18.0,20.0,14.1,16.3,15.5,27.0,24.5,29.0,30.3,18.2,26.0,21.2
1768795934.1679592,29.3,22.2,23.2,10.1,12.4,23.2,19.4,23.0,14.3,13.0,14.1,23.0,22.2,8.1,10.2,12.0
1768795935.1713622,17.0,13.0,6.1,9.9,12.1,22.0,18.2,17.3,7.0,10.1,13.0,12.0,11.0,7.8,19.2,10.1
1768795936.1733596,11.0,13.1,12.0,15.2,13.9,17.8,10.8,14.9,9.0,13.0,9.0,13.1,16.2,9.0,26.3,7.1
1768795937.176565,14.9,19.0,12.1,12.0,13.0,13.1,12.9,12.4,15.3,20.8,11.1,16.2,17.8,10.2,21.6,17.2
1768795938.1790257,18.2,21.0,15.2,21.6,17.5,17.5,19.4,17.5,18.0,18.0,19.4,21.8,20.0,18.4,13.1,12.2
1768795939.18168,12.4,14.9,12.0,16.0,24.7,15.2,15.3,14.9,14.1,14.3,13.1,12.1,11.0,15.8,7.1,12.1
1768795940.1840174,13.1,12.4,10.1,6.9,6.0,7.0,10.0,6.8,6.0,7.9,12.9,6.9,10.1,17.8,10.0,10.9
1768795941.2501004,10.2,14.0,10.2,13.9,9.9,17.5,9.1,16.3,13.1,11.0,14.0,14.9,27.0,16.0,12.0,24.0
1768795942.2619314,15.3,10.1,11.8,15.3,11.2,9.9,17.2,10.0,16.0,22.5,9.0,10.2,10.2,12.2,8.0,20.8
1768795943.2643373,15.2,12.1,15.2,11.0,16.8,15.2,11.1,19.2,10.0,22.0,14.1,9.2,12.0,10.8,12.2,12.1
1768795944.2663205,18.0,13.1,12.4,16.2,19.8,12.2,13.1,18.2,7.1,18.2,22.4,19.2,16.7,11.2,11.8,15.2
1768795945.268331,25.5,15.3,13.0,9.1,19.2,13.0,20.0,22.0,10.2,14.1,12.2,21.0,13.3,9.0,15.2,13.9
1768795946.3044107,24.8,17.0,8.0,20.2,17.8,15.2,10.0,11.9,20.6,13.0,14.7,12.9,9.1,14.9,10.9,11.9
1768795947.306528,23.5,21.4,17.3,17.2,27.7,18.8,14.1,16.3,16.2,13.9,16.2,15.2,9.2,15.3,20.4,17.2
1768795948.309819,22.8,15.0,11.9,13.0,9.2,12.9,9.1,12.9,12.2,12.0,19.0,8.0,14.9,9.1,18.8,11.1
1768795949.3119037,26.0,11.0,15.0,9.4,11.9,23.0,16.2,11.1,17.6,24.0,16.2,22.0,27.3,19.0,11.1,17.5
1768795950.3172796,19.4,11.0,12.1,15.0,15.3,12.2,18.2,11.1,15.0,15.0,12.2,10.1,8.0,9.1,8.0,9.8
1768795951.320432,10.0,6.9,10.0,16.0,13.3,9.1,7.0,9.7,11.9,11.0,12.1,9.0,11.2,13.0,10.9,17.0
1768795952.3519073,13.0,12.1,17.0,13.4,12.0,16.0,7.1,8.0,8.2,11.1,7.0,9.2,9.0,6.1,8.0,9.9
1768795953.3545244,24.5,18.6,41.0,22.8,12.1,9.4,15.0,16.5,13.1,18.2,12.2,18.2,12.2,21.2,15.8,15.0
1768795954.359145,23.0,19.4,23.0,15.0,15.5,14.9,13.3,21.0,17.0,20.0,11.2,15.5,14.3,21.0,18.4,16.3
1768795955.3629305,19.4,19.4,16.3,16.3,11.0,15.8,12.0,16.3,11.9,16.8,14.0,20.8,14.9,17.2,22.0,16.7
1768795956.3648026,14.0,15.2,9.1,13.3,12.9,19.0,10.1,8.2,11.0,12.2,13.1,14.4,12.1,11.0,13.0,11.8
1768795957.3665698,16.3,11.1,14.9,20.2,14.0,21.2,13.1,16.0,13.5,14.3,16.2,16.2,14.3,17.0,16.0,14.1
1768795958.3706348,18.2,18.0,26.8,20.0,17.2,13.4,13.1,13.1,14.3,16.8,13.1,18.2,17.2,20.6,13.3,19.6
1768795959.373126,10.3,8.2,12.1,16.2,13.0,6.9,7.9,5.0,8.1,8.1,9.1,4.1,7.1,9.1,11.1,13.3
1768795960.4305422,11.0,14.1,8.9,18.0,8.0,7.1,8.9,16.0,6.9,6.0,8.1,10.1,10.0,8.0,5.0,13.0
1768795961.4360304,13.1,12.0,12.2,11.9,12.0,12.0,14.0,12.2,11.1,15.8,11.2,20.0,11.0,9.0,8.9,12.1
1768795962.4398177,19.0,19.4,13.1,15.5,17.8,19.2,11.0,12.2,11.9,11.1,14.0,22.0,8.0,9.9,11.0,13.3
1768795963.4501994,16.2,14.0,15.2,22.8,21.2,16.5,14.1,16.8,15.0,17.2,18.0,20.2,13.9,16.3,16.2,7.2
1768795964.454868,14.0,9.0,8.1,13.0,8.2,10.0,12.2,10.1,11.2,16.8,17.6,8.1,9.9,6.9,13.1,11.0
1768795965.459704,11.9,11.2,9.1,11.1,11.1,18.0,8.0,9.9,11.1,9.1,12.0,10.0,12.0,10.9,12.9,14.0
1768795966.462467,15.5,16.2,13.3,12.0,17.2,21.8,16.0,6.1,16.8,15.7,11.5,10.0,7.9,10.0,10.1,13.0
1768795967.484753,13.3,13.0,15.2,17.3,13.3,18.2,16.0,10.0,12.9,18.2,5.0,11.9,8.1,18.0,12.1,8.0
1768795968.4881592,17.3,12.2,19.8,19.4,15.8,16.0,13.3,8.1,13.1,12.2,7.1,16.0,16.2,21.2,17.2,19.4
1768795969.5086944,18.8,7.1,7.1,16.0,14.0,9.0,5.0,15.2,11.2,16.2,13.1,20.0,10.0,13.0,26.0,9.0
1768795970.5123234,14.1,11.9,17.2,11.1,9.2,13.1,11.0,11.1,22.8,13.3,12.0,16.8,12.1,13.0,14.0,13.3
1768795971.5313542,13.1,11.1,8.9,8.2,9.0,11.9,10.2,9.0,8.1,10.8,6.1,10.9,8.9,5.1,12.1,10.1
1768795972.5935128,14.3,10.2,10.0,10.2,7.1,7.1,13.1,6.1,5.9,8.0,8.0,13.9,15.0,6.1,5.1,8.1
1768795973.597207,23.7,21.2,22.7,25.3,19.4,24.2,22.2,28.3,25.3,26.5,23.5,19.4,19.4,26.5,23.5,15.0
1768795974.6021245,16.3,21.2,20.0,16.3,19.2,29.3,20.0,21.4,34.3,21.2,18.4,21.4,21.4,23.7,19.4,19.4
1768795975.604476,24.0,25.0,17.5,16.3,12.2,14.3,14.1,18.4,12.2,18.2,13.0,19.8,15.3,16.3,12.4,13.1
1768795976.6069605,19.6,25.7,14.1,17.0,17.2,16.2,10.3,14.1,18.2,12.0,11.0,11.1,18.8,16.7,12.1,10.0
1768795977.6141174,17.2,8.2,10.0,18.0,19.0,10.0,9.9,9.3,7.0,7.0,7.9,6.9,6.9,9.1,6.0,5.0
1768795978.617142,14.4,15.0,10.1,19.0,18.2,14.0,12.2,16.7,11.0,11.9,14.1,14.4,10.3,15.2,21.2,10.9
1768795979.620791,17.3,24.7,28.3,23.2,18.8,16.0,12.1,15.2,15.2,11.0,11.1,11.0,14.3,15.2,12.0,15.0
1768795980.6438417,17.0,20.2,14.1,17.3,16.2,22.0,14.3,21.6,18.0,14.3,22.7,12.0,12.0,18.2,18.4,15.2
1768795981.7164454,17.0,10.9,12.9,7.1,10.8,13.1,7.0,11.0,12.0,13.1,7.8,6.0,15.8,7.9,8.0,7.9
1768795982.7199645,20.2,26.0,15.2,19.8,22.4,17.0,19.0,20.2,14.4,13.4,20.0,17.5,14.0,12.0,12.2,18.2
1768795983.7239964,19.6,17.3,22.2,19.2,13.9,12.1,13.3,21.6,15.8,16.0,19.6,13.4,13.4,10.1,14.3,16.2
1768795984.7264006,23.5,27.0,27.0,21.2,19.2,20.2,18.2,17.5,27.3,20.4,17.8,28.3,24.2,16.3,28.3,23.0
1768795985.7310584,12.1,8.1,12.1,8.9,21.0,4.0,10.0,8.2,7.1,13.0,13.0,7.0,5.1,9.2,16.0,18.0
1768795986.7349937,17.5,10.2,14.3,8.1,12.1,13.1,15.5,12.0,7.1,19.0,14.3,8.2,10.2,23.0,12.2,15.0
1768795987.7367656,28.3,25.5,23.7,20.0,16.5,21.6,22.4,17.5,19.0,17.3,17.2,17.3,19.4,24.2,29.3,21.4
1768795988.7385812,23.5,14.1,18.2,23.5,9.2,12.9,19.2,18.6,13.1,15.3,14.1,13.1,29.3,20.4,18.4,16.8
1768795989.7767007,16.8,9.1,12.2,12.1,16.2,8.0,6.1,9.9,11.9,8.8,6.1,12.9,4.9,11.0,19.8,7.0
1768795990.7798567,9.3,5.9,8.0,10.0,10.1,11.1,7.1,6.1,14.1,9.1,9.0,6.1,5.0,13.9,11.0,5.0
1768795991.7828507,9.2,6.1,7.1,9.0,6.0,9.1,14.1,8.1,21.8,5.0,4.0,11.0,5.9,6.9,11.0,11.8
1768795992.786123,8.2,12.0,6.0,8.1,5.1,15.8,12.1,7.1,17.0,9.1,10.1,17.6,7.1,9.1,9.1,18.0
1768795993.7879622,24.7,23.2,25.8,15.3,19.4,18.0,24.2,23.2,20.2,14.3,22.4,30.6,23.5,17.2,24.5,19.2
1768795994.7921937,19.1,21.6,18.0,18.0,19.2,16.5,24.0,22.4,25.0,20.4,17.0,18.4,20.8,22.0,20.2,19.6
1768795995.8025181,20.2,14.9,16.2,19.6,11.3,16.2,19.0,14.1,17.2,20.4,11.2,18.8,26.0,14.9,15.5,17.5
1768795996.814669,22.0,15.2,7.0,16.2,16.7,10.1,16.2,10.1,15.0,16.0,17.0,14.0,13.0,14.1,10.0,11.8
1768795997.8179524,23.5,26.3,14.3,16.3,20.2,23.0,17.0,21.4,17.2,23.2,22.8,23.0,17.5,13.9,16.3,18.0
1768795998.8196664,20.2,25.0,18.2,15.2,13.1,21.8,11.1,26.0,10.1,8.1,8.2,16.3,10.1,16.0,18.0,14.0
1768795999.8225863,13.1,12.1,11.1,8.2,5.2,12.1,8.0,12.0,9.2,17.2,20.0,11.2,11.0,11.1,18.0,10.0
1768796000.825001,15.0,14.0,7.1,8.1,8.1,17.6,7.1,7.1,11.0,15.8,16.0,10.9,8.0,11.0,21.0,10.1
1768796001.847501,16.3,10.2,17.0,10.0,13.0,19.2,14.7,7.0,12.2,26.3,11.1,10.0,10.2,8.2,6.1,16.0
1768796002.849745,21.6,20.0,15.5,17.0,16.3,22.0,26.3,12.0,18.4,14.1,19.4,17.5,15.3,24.2,15.3,17.0
1768796003.9065037,25.0,19.0,13.0,13.0,14.7,12.9,13.1,10.9,5.9,12.0,6.9,12.1,8.8,9.1,17.6,9.0
1768796004.909558,24.0,19.4,18.0,21.2,19.4,20.2,23.2,23.8,19.2,14.4,10.1,17.8,14.3,13.3,15.3,21.4
1768796005.9435565,19.2,16.2,16.2,17.0,12.4,18.4,16.2,13.3,26.0,16.0,11.1,9.4,14.1,15.7,13.1,13.4
1768796006.9456365,37.6,18.4,10.1,16.2,10.3,14.9,14.0,14.1,22.0,16.0,31.7,16.0,18.0,17.3,12.0,17.2
1768796008.001495,23.2,26.3,16.3,17.2,13.9,15.2,16.2,18.4,12.0,12.4,21.0,9.2,17.0,16.3,11.1,15.0
1768796009.0039127,17.2,14.3,27.0,12.9,10.1,15.0,17.8,10.1,17.2,24.2,21.0,10.1,10.1,13.0,11.1,11.2
1768796010.0075586,16.8,12.0,11.0,13.3,9.0,9.1,12.1,12.2,8.9,13.9,14.1,12.0,10.9,18.2,17.3,14.1
1768796011.0103776,16.2,10.2,12.1,9.9,12.0,13.1,11.0,11.1,8.9,12.1,19.4,17.0,10.1,19.0,9.0,13.0
1768796012.0353398,18.6,16.2,11.9,8.2,15.0,16.2,17.8,16.3,14.0,17.0,10.0,18.2,11.2,11.9,8.0,15.3
1768796013.0386696,16.8,17.0,14.1,15.8,11.3,18.0,16.5,23.0,22.0,21.2,17.8,17.0,20.0,20.6,22.0,24.5
1768796014.0457716,20.2,24.5,18.4,15.2,19.0,19.2,12.2,19.4,16.2,10.2,17.3,12.2,14.3,14.1,21.4,18.8
1768796015.0517364,14.1,17.8,19.2,12.0,11.2,14.0,12.2,14.0,15.2,11.1,14.0,12.1,18.2,14.3,14.3,13.3
1768796016.0543544,15.0,13.3,17.0,16.2,13.0,13.3,16.2,22.4,15.2,19.2,16.0,12.1,28.0,18.0,27.3,11.9
1768796017.0585735,24.0,6.1,13.0,8.9,17.3,14.9,13.1,12.0,6.2,17.3,7.1,12.0,11.2,6.1,19.2,7.1
1768796018.0636644,21.8,10.0,13.3,12.0,28.0,9.1,10.1,16.2,11.0,28.0,10.1,9.1,8.2,17.0,15.7,12.1
1768796019.068834,16.0,10.1,15.2,8.2,18.2,9.9,20.2,11.2,8.1,11.0,20.0,11.1,10.1,13.1,15.8,10.1
1768796020.0716617,15.2,15.0,25.2,10.1,21.0,10.1,16.0,16.2,11.1,14.1,18.0,15.2,16.2,11.1,14.9,15.8
1768796021.0741606,15.3,18.6,23.0,26.7,17.2,19.0,16.0,20.2,22.4,19.2,20.6,15.2,21.0,18.4,27.0,18.4
1768796022.16201,19.4,19.2,21.2,19.4,14.9,17.8,17.2,23.0,12.9,12.1,19.8,20.0,22.0,27.5,19.6,21.8
1768796023.16833,17.0,28.3,20.2,14.0,14.3,13.0,14.9,27.0,11.2,12.2,13.1,16.0,20.4,13.3,12.4,13.1
1768796024.1719482,22.4,24.2,12.0,13.1,15.0,10.1,10.2,12.2,16.0,18.2,19.2,26.3,16.3,15.8,20.0,18.2
1768796025.173852,22.4,27.0,13.1,12.4,14.1,10.2,15.0,17.0,16.2,10.0,16.3,14.9,13.0,9.2,13.1,16.0
1768796026.2477863,13.3,8.0,7.1,11.8,7.9,7.1,5.2,9.1,10.9,5.1,11.1,14.0,5.1,7.9,7.1,8.1
1768796027.2657688,15.0,11.1,8.2,7.1,13.1,8.1,10.9,5.1,14.1,6.1,9.2,20.2,11.2,11.9,9.9,23.8
1768796028.303712,17.6,11.0,14.3,9.1,9.1,5.1,8.1,5.1,12.1,20.0,12.9,10.0,14.0,9.2,8.2,10.1
1768796029.306251,29.6,5.1,9.1,9.0,9.0,6.9,7.0,7.0,3.0,8.1,9.0,11.1,8.9,5.9,8.0,6.9
1768796030.308147,15.5,9.1,6.0,8.1,5.0,5.1,13.0,8.0,7.1,5.1,9.1,6.0,9.0,4.1,9.1,9.0
1768796031.313747,11.1,13.0,7.1,8.1,9.2,11.9,7.8,9.9,23.0,14.1,9.0,11.1,9.1,7.8,14.9,8.9
1768796032.3246472,9.2,10.0,9.1,9.2,15.0,10.0,4.2,6.1,22.8,3.0,9.0,11.1,10.0,14.0,7.1,11.0
1768796033.3265557,13.3,9.2,9.2,9.1,6.1,8.1,12.1,7.1,9.1,10.0,7.1,17.5,8.0,9.0,7.0,13.0
1768796034.3314602,15.2,13.0,12.0,13.0,18.0,16.2,10.2,13.3,18.0,4.1,10.1,20.2,11.9,11.2,9.0,12.1
1768796035.3389335,15.0,9.3,15.0,12.7,12.0,9.1,13.1,12.9,11.1,9.9,7.1,14.0,7.9,9.1,22.8,12.1
1768796036.3408158,10.2,22.4,11.2,14.3,19.2,19.0,22.4,13.3,30.6,16.3,16.7,17.2,15.2,22.8,19.4,15.3
1768796037.3427706,11.1,17.3,12.1,14.9,16.7,14.1,14.0,12.0,19.8,19.8,14.9,15.2,9.0,7.1,13.0,19.2
1768796038.3493938,12.2,8.2,10.9,14.4,16.5,15.8,12.2,9.2,17.2,17.2,13.0,11.1,8.9,8.0,15.8,12.0
1768796039.3540716,11.0,16.0,10.1,9.4,14.0,13.3,7.2,19.0,19.0,11.0,19.0,17.0,12.9,11.1,15.0,19.0
1768796040.3572955,17.7,9.3,10.4,11.1,11.2,15.0,14.0,14.7,15.2,15.0,13.7,10.0,7.1,16.0,20.0,13.1
1768796041.3602736,17.2,16.5,18.2,13.1,17.3,16.3,19.4,24.7,19.6,19.0,18.7,20.2,16.3,21.0,20.2,13.4
1768796042.3626573,15.5,11.0,15.0,9.9,22.8,7.1,14.0,9.1,8.0,10.1,9.1,15.0,9.0,22.2,12.4,13.1
1768796043.3714197,21.2,11.1,11.3,7.0,11.1,11.2,8.2,14.0,4.0,6.1,12.9,7.0,7.9,18.0,16.8,10.1
1768796044.3738508,32.0,12.9,18.0,13.1,14.3,12.0,8.9,11.1,8.9,6.0,17.0,13.1,11.1,11.0,14.1,10.1
1768796045.375956,29.0,15.3,29.0,16.2,27.0,13.1,15.2,26.0,9.1,9.0,12.1,23.0,11.0,13.1,22.2,17.0
1768796046.444631,27.0,11.0,25.0,9.9,6.0,15.0,12.1,10.1,13.0,12.2,12.0,17.2,15.8,12.2,15.8,16.3
1768796047.447137,20.0,11.2,26.5,13.3,12.1,16.2,11.1,14.1,19.0,13.1,13.0,16.2,12.1,11.1,17.3,9.1
1768796048.4505954,29.9,17.8,11.1,19.6,10.3,12.1,10.0,9.9,8.1,8.2,19.2,13.3,13.9,12.1,11.0,23.0
1768796049.45959,35.0,23.2,21.4,16.2,21.2,21.0,16.2,25.5,8.2,26.7,19.0,15.8,19.2,17.2,16.0,28.3
1768796050.4654322,29.0,9.3,11.2,20.8,15.0,21.4,11.2,11.2,11.1,16.0,16.3,9.3,20.6,17.0,12.1,20.0
1768796051.4690707,31.6,24.5,17.2,15.3,17.5,20.6,23.5,22.8,20.4,20.0,25.5,22.0,20.4,20.0,18.2,21.2
1768796052.5064871,15.6,14.3,12.0,18.6,16.8,21.2,22.0,14.1,15.8,22.4,18.2,15.2,13.9,14.1,15.2,16.0
1768796053.508779,23.0,11.2,19.2,13.0,14.1,12.1,12.2,11.1,15.0,14.1,14.3,18.0,16.0,13.0,20.4,12.2
1768796054.5429316,18.4,23.5,21.0,23.8,19.4,14.0,17.3,21.8,14.0,13.0,19.8,13.0,24.5,19.0,19.4,18.2
1768796055.546605,23.0,15.2,20.2,18.2,18.0,11.9,14.3,24.0,8.1,14.1,13.3,10.1,16.2,21.4,18.4,16.3
1768796056.5593317,22.2,16.3,18.0,15.2,20.8,9.1,17.0,20.2,15.8,14.9,10.0,23.2,12.2,14.9,19.2,16.0
1768796057.5633426,29.0,21.0,17.2,16.0,24.2,13.3,16.2,17.2,20.4,19.2,15.0,22.2,16.2,24.0,15.2,18.2
1768796058.5657167,17.3,20.0,15.0,24.2,21.2,11.1,17.0,22.8,20.0,15.2,15.0,19.0,17.2,19.0,14.0,14.3
1768796059.5694275,21.9,28.3,27.3,33.7,21.9,15.8,23.7,33.3,25.5,17.5,19.4,20.4,21.6,21.2,25.5,15.2
1768796060.571317,19.2,15.6,16.5,24.2,15.3,23.2,17.5,26.7,15.3,22.0,24.2,15.3,24.2,25.0,23.2,21.4
1768796061.64564,21.4,22.4,9.2,27.0,11.1,17.0,15.2,10.2,14.1,12.2,18.4,14.1,17.3,14.1,17.0,16.2
1768796062.64789,17.0,20.0,20.0,19.2,14.0,17.2,21.2,14.3,26.3,23.5,17.3,12.1,19.2,19.2,20.8,23.5
1768796063.654932,19.0,16.0,19.2,15.0,16.8,15.2,12.1,26.5,20.0,17.2,14.0,12.1,22.5,24.8,19.2,15.0
1768796064.6649115,17.0,12.0,16.0,16.0,19.0,17.8,14.9,11.0,10.9,17.8,12.0,11.0,15.2,10.0,14.3,17.0
1768796065.702466,13.0,20.2,14.0,13.0,12.2,21.2,10.0,10.2,12.9,9.0,9.0,11.0,12.0,8.0,7.1,9.1
1768796066.704843,19.6,14.0,22.2,21.8,17.5,25.5,15.2,20.2,26.5,23.2,21.4,17.7,21.9,19.2,23.7,22.4
1768796067.7070625,25.3,14.1,26.8,14.4,18.4,16.2,16.2,15.0,15.2,19.2,19.0,16.2,12.9,15.2,16.3,16.2
1768796068.7103117,17.8,15.2,15.2,13.0,7.1,8.0,13.0,8.1,12.0,7.1,7.1,10.2,6.1,15.0,12.1,7.9
1768796069.7122185,11.1,15.2,11.1,23.2,11.3,13.3,13.1,10.2,9.2,12.1,9.9,11.0,10.0,8.9,10.1,8.0
1768796070.7146661,14.9,23.8,17.8,15.8,20.2,15.0,17.2,12.0,15.0,13.0,14.1,18.0,15.3,15.3,17.0,27.6
1768796071.7167923,14.4,16.5,17.0,13.3,19.4,24.0,16.5,18.2,11.3,15.2,16.3,20.6,13.0,17.3,16.3,13.1
1768796072.747398,13.7,26.0,15.2,21.2,18.2,16.5,13.3,13.1,24.5,26.0,22.2,13.9,13.9,14.9,26.7,20.4
1768796073.7538943,21.8,16.5,19.2,16.3,11.9,14.9,12.0,12.1,13.1,14.0,12.1,14.4,10.3,15.8,20.0,14.3
1768796074.7625,18.2,17.5,15.0,19.4,15.2,22.2,12.2,24.0,16.7,13.0,24.0,12.0,12.1,13.0,15.2,14.0
1768796075.7678401,17.8,9.3,19.2,13.3,13.1,13.9,16.8,12.0,6.1,14.6,12.1,11.0,11.2,9.0,9.1,9.0
1768796076.7696185,18.2,15.3,20.0,15.0,11.0,13.0,10.1,12.1,12.4,11.3,12.1,10.0,12.2,11.2,11.1,14.7
1768796077.7726696,18.8,12.4,19.0,9.0,13.9,14.0,10.1,15.2,15.8,13.1,9.0,11.9,10.1,16.0,14.1,9.3
1768796078.774584,16.2,15.2,9.1,6.1,9.0,13.1,8.9,10.1,15.0,9.9,6.1,11.0,26.7,6.0,5.0,8.1
1768796079.7767084,24.0,18.0,15.2,15.0,18.8,16.5,21.2,14.3,14.4,21.4,22.0,14.1,16.0,12.4,17.0,14.3
1768796080.8546438,10.1,14.1,15.7,5.9,9.9,14.9,8.8,10.0,11.9,20.8,16.8,13.1,8.1,6.9,19.8,9.0
1768796081.8573878,15.2,21.6,17.3,23.2,11.1,15.0,18.2,10.2,13.0,25.0,15.2,24.2,18.2,19.2,20.4,19.4
1768796082.903336,14.0,21.2,9.8,16.7,10.8,14.0,13.0,11.0,9.1,11.0,12.4,17.2,9.9,11.0,11.1,17.8
1768796083.9051867,23.0,25.3,29.3,21.2,20.6,18.4,16.3,27.6,14.4,12.4,17.2,18.0,19.0,21.4,22.2,15.3
1768796084.9448957,16.5,16.2,23.0,15.0,13.1,15.0,7.1,16.0,9.9,14.0,5.1,7.0,12.2,8.1,10.0,10.0
1768796085.9474618,13.5,23.2,10.9,20.6,20.0,15.3,13.1,9.1,14.9,13.1,13.1,9.2,12.2,13.9,11.1,10.2
1768796087.0028121,16.0,18.8,9.2,16.3,19.4,14.0,20.0,19.2,11.1,16.0,16.0,12.1,10.2,13.1,13.9,16.8
1768796088.0074203,21.2,14.6,14.0,19.2,15.0,21.2,16.8,17.0,12.0,20.0,18.2,23.0,18.0,17.2,22.2,22.4
1768796089.0472903,14.1,10.2,8.0,9.1,12.0,8.9,12.9,12.1,6.9,13.1,15.3,21.2,9.9,11.1,13.1,7.9
1768796090.04975,24.8,12.9,11.9,9.1,6.1,13.1,11.1,7.1,8.1,7.1,12.1,11.0,14.1,9.0,14.3,10.0
1768796091.083318,14.0,13.9,16.2,17.2,11.1,12.0,14.9,6.1,8.1,8.9,6.1,5.1,10.0,15.8,8.9,12.0
1768796092.1183455,24.8,12.1,18.0,11.2,23.8,12.1,21.8,10.2,12.0,15.3,11.3,20.2,15.3,22.2,9.2,17.3
1768796093.1204178,14.0,26.0,11.3,6.1,11.0,18.0,13.3,19.8,12.1,9.9,13.0,10.0,15.3,10.2,17.0,9.0
1768796094.138217,10.1,10.2,7.1,13.1,13.1,8.1,11.0,11.9,6.1,8.1,12.9,6.0,6.0,23.0,11.1,8.9
1768796095.1573179,12.7,7.1,7.1,6.9,10.9,11.2,7.2,6.2,4.1,5.9,13.1,6.1,11.9,20.8,11.0,7.1
1768796096.1868286,21.6,7.0,14.7,6.0,9.0,10.9,12.0,7.1,6.1,8.1,9.9,4.0,15.2,5.1,11.0,5.0
1768796097.2257738,26.3,4.1,6.0,10.2,7.2,6.1,8.2,9.9,7.0,4.0,11.9,4.0,14.0,7.1,9.2,6.0
1768796098.3494658,17.3,7.9,6.0,6.9,11.8,16.8,8.0,6.9,18.0,5.0,9.8,7.8,5.9,8.0,9.9,3.0
1768796099.3642678,14.3,6.9,5.1,6.1,13.9,7.0,10.8,7.9,13.9,6.9,13.7,11.0,8.1,14.9,11.8,11.8
1768796100.3663197,18.6,20.0,11.1,13.0,16.2,12.4,9.2,13.0,11.1,12.2,16.2,13.1,18.2,12.1,11.2,17.3
1768796101.3681073,25.3,21.2,30.7,27.6,23.5,18.6,25.5,18.4,23.5,18.2,17.7,18.4,27.0,24.2,24.0,23.8
1768796102.4453397,20.2,12.2,22.2,19.4,14.4,17.5,27.3,20.4,16.0,18.2,20.0,19.2,25.3,15.3,15.3,19.2
1768796103.5049415,15.5,23.2,22.4,19.4,20.4,21.6,18.6,25.3,17.2,13.0,18.4,23.0,14.4,21.4,19.0,17.3
1768796104.5097296,22.2,14.3,17.8,21.6,14.1,19.2,12.1,14.3,20.2,12.1,14.3,11.2,12.2,13.1,16.0,17.2
1768796105.512419,11.1,8.2,11.9,8.0,6.0,10.9,8.0,10.8,8.9,13.9,8.0,10.0,15.0,9.0,9.9,7.9
1768796106.514409,12.1,12.2,9.3,14.1,9.1,8.1,17.0,11.0,11.2,8.0,7.0,10.1,7.1,8.2,10.1,8.1
1768796107.5634685,19.2,26.7,19.2,12.1,16.0,19.0,14.1,19.2,18.0,23.0,14.0,14.9,13.3,19.6,18.0,19.0
1768796108.571454,18.4,17.3,16.0,24.2,20.0,22.8,25.0,10.1,15.0,12.1,20.0,13.0,15.8,11.9,9.9,12.2
1768796109.5746863,14.1,19.2,15.3,18.2,27.0,25.5,20.2,17.0,19.6,17.0,14.3,18.2,14.3,15.0,18.0,13.0
1768796110.578504,14.3,11.2,27.6,14.3,20.2,14.1,21.2,13.1,14.7,12.0,10.0,10.2,11.1,14.1,12.6,13.1
1768796111.6022427,19.8,12.0,18.2,17.0,14.4,15.5,19.0,20.0,15.2,18.0,10.3,23.2,24.5,17.3,22.2,17.2
1768796112.604181,19.4,15.0,17.3,22.2,15.0,13.1,23.2,14.3,12.2,23.5,21.0,16.5,17.3,23.2,12.1,16.3
1768796113.6482077,21.4,17.2,13.0,12.0,12.0,17.2,19.0,8.0,15.8,15.8,13.1,10.1,19.8,15.2,9.0,11.1
1768796114.650889,12.4,13.1,15.2,9.3,18.2,17.0,16.0,6.9,15.7,10.1,11.0,9.9,8.9,10.0,12.0,10.0
1768796115.7049325,16.2,13.1,20.2,13.9,20.2,19.8,10.2,10.1,10.0,17.0,8.9,17.8,10.1,11.3,12.2,6.0
1768796116.706818,12.5,15.3,22.0,19.4,13.0,21.2,17.0,10.1,15.2,18.4,15.2,16.8,19.2,13.9,24.0,24.8
1768796117.7445078,21.4,25.0,25.5,21.2,16.8,20.4,12.2,14.9,13.1,14.0,11.9,13.0,15.0,19.0,16.3,16.5
1768796118.7485297,16.5,11.2,16.2,13.3,10.1,18.2,14.0,15.3,7.1,15.8,6.0,9.2,10.0,10.0,11.1,7.9
1768796119.752997,14.9,19.0,24.2,20.8,14.3,15.2,23.2,14.1,13.4,24.5,14.3,18.4,12.2,20.6,20.6,20.0
1768796120.7549593,15.2,20.0,18.2,12.2,10.2,11.1,13.1,11.0,11.1,12.2,11.1,14.0,21.8,14.0,13.0,13.0
1768796121.7570677,21.4,20.4,24.5,22.0,17.0,16.3,15.2,24.0,10.1,17.0,13.0,12.1,22.4,17.0,19.8,15.8
1768796122.8092682,21.0,18.2,16.8,15.2,16.8,17.8,25.0,22.2,17.6,14.0,15.0,16.0,13.1,24.5,20.0,12.1
1768796123.8319345,20.0,15.2,19.0,20.4,15.2,15.3,13.4,13.1,11.3,13.1,12.1,11.1,13.4,16.8,19.0,13.9
1768796124.8355565,30.0,20.4,19.4,23.5,23.7,18.6,19.6,29.9,12.2,22.1,18.0,22.4,19.6,15.0,15.2,14.3
1768796125.8385382,25.3,21.4,17.0,14.4,25.3,16.2,15.3,26.5,10.1,15.3,17.2,20.2,13.9,12.0,12.2,11.0
1768796126.8414226,18.4,21.0,24.2,20.4,16.3,21.0,15.3,26.5,22.2,12.9,12.2,20.6,24.5,14.1,11.3,17.0
1768796127.8435733,19.4,18.4,18.4,22.2,24.0,18.6,19.0,18.0,18.0,15.3,20.4,21.2,16.0,22.7,19.2,19.4
1768796128.8466601,27.6,19.4,20.6,20.4,21.0,19.2,15.2,25.5,14.3,15.5,11.2,17.8,13.1,19.8,15.2,19.0
1768796129.9007163,21.4,24.2,32.3,25.0,26.3,26.3,20.4,17.5,14.3,16.2,20.2,18.2,17.3,15.0,16.2,21.4
1768796130.902613,25.7,27.8,29.3,19.6,20.6,19.6,25.3,17.3,21.4,24.2,21.6,19.8,18.6,14.3,24.5,23.0
1768796131.909765,20.8,18.8,26.3,22.2,18.2,21.2,17.2,20.0,16.2,22.0,15.0,18.0,18.8,22.2,20.8,25.0
1768796132.9127977,12.1,16.0,12.2,14.1,8.0,12.1,11.0,13.0,17.3,12.0,14.3,11.2,20.2,11.2,14.3,17.2
1768796133.9458463,17.0,14.9,9.1,16.0,17.6,20.0,14.3,13.3,13.9,9.9,24.5,8.2,10.1,12.1,24.5,21.0
1768796134.9475856,24.2,18.6,17.0,19.4,23.0,18.0,22.2,18.0,18.0,13.1,20.2,18.0,15.8,17.8,16.2,19.6
1768796135.951655,15.5,19.0,13.3,19.0,22.0,17.2,10.1,18.0,19.4,11.3,14.7,12.1,10.1,10.2,17.0,15.3
1768796137.0010128,21.4,21.2,18.2,23.8,15.3,12.2,20.2,20.6,19.0,16.0,14.9,20.2,23.8,23.2,21.2,21.0
1768796138.0028467,18.6,29.0,18.2,21.6,20.2,25.5,26.3,18.4,22.2,16.2,21.0,24.7,27.5,18.2,16.2,20.4
1768796139.0083902,19.8,23.0,13.3,12.1,16.8,19.2,17.2,27.0,16.3,16.0,13.1,14.9,11.0,15.0,14.9,11.2
1768796140.039048,14.3,7.0,16.0,10.1,12.2,13.9,11.2,17.2,18.0,7.9,7.1,15.5,12.9,8.0,7.1,10.0
1768796141.079696,13.1,7.1,15.2,6.1,7.0,12.1,6.1,12.0,3.0,4.0,5.0,9.1,7.9,5.9,3.0,12.9
1768796142.0821223,16.5,29.6,28.0,20.2,17.3,17.5,22.2,27.7,39.8,12.2,21.2,26.3,19.2,14.4,16.3,19.2
1768796143.083974,21.2,17.2,32.3,23.5,13.1,21.0,17.3,26.0,27.0,13.4,12.4,16.3,24.2,17.3,22.0,10.2
1768796144.0871475,17.3,19.2,20.0,22.8,16.2,20.0,25.3,19.4,18.6,17.0,15.2,20.4,14.4,14.4,12.1,17.2
1768796145.1027844,12.1,11.0,10.2,10.2,11.9,12.1,18.2,18.0,14.0,9.0,13.1,12.9,12.0,15.0,9.1,9.9
1768796146.1057718,19.2,25.3,18.2,21.2,28.3,13.1,27.6,22.4,24.7,23.2,25.5,22.4,28.6,23.2,27.3,22.2
1768796147.1080217,29.3,16.3,23.5,21.2,18.4,21.2,15.8,19.0,16.3,23.0,24.2,20.4,18.6,18.4,19.6,19.4
1768796148.1116655,18.2,17.0,18.2,16.0,23.7,24.5,18.2,16.3,19.6,14.3,18.4,23.0,24.0,15.2,20.4,21.4
1768796149.1208034,16.5,19.2,15.7,10.0,15.2,15.0,12.9,18.2,17.2,21.2,18.0,22.4,13.3,16.2,21.0,14.0
1768796150.1252747,25.5,28.6,18.2,18.4,19.2,18.6,20.6,18.4,25.5,23.5,27.0,17.2,19.4,15.5,18.4,18.2
1768796151.1286817,18.4,19.6,18.6,20.0,33.0,27.3,32.3,23.2,30.9,33.3,26.0,18.4,18.4,22.0,15.3,22.7
1768796152.130791,28.3,20.0,21.2,21.4,22.0,16.0,20.2,18.4,10.2,14.4,15.0,11.3,14.3,17.2,20.2,16.3
1768796153.1343186,24.2,30.0,16.3,17.5,26.3,19.6,15.3,23.0,19.0,18.4,38.0,24.2,16.3,20.6,24.5,23.5
1768796154.1375415,17.2,31.0,19.8,18.6,23.0,23.2,17.3,23.0,20.4,17.0,21.6,22.2,18.8,21.0,16.2,16.2
1768796155.1415305,19.0,14.0,16.2,20.2,15.2,15.0,14.1,15.3,18.0,13.3,8.2,16.0,12.0,16.2,11.9,9.1
1768796156.1435847,19.6,20.2,25.3,22.4,32.7,16.3,17.3,18.6,21.8,21.1,18.4,24.2,20.2,19.8,22.2,19.6
1768796157.1478755,22.4,21.2,21.9,20.2,25.5,19.4,29.0,21.0,17.5,21.2,19.4,24.0,18.2,21.6,17.2,22.4
1768796158.1502156,15.5,22.2,12.2,16.3,15.5,12.2,33.3,16.2,13.5,19.2,18.2,22.7,11.0,16.7,11.1,12.1
1768796159.2033603,26.0,21.2,22.2,18.2,16.3,20.4,22.4,16.3,8.3,22.4,16.2,15.3,20.2,17.8,17.0,25.3
1768796160.208167,20.6,22.0,19.2,22.2,27.0,22.2,25.7,19.4,17.8,25.0,17.3,17.8,14.1,18.4,13.1,16.3
1768796161.2122393,25.5,21.8,26.0,17.2,14.1,22.0,16.3,16.8,18.6,14.0,15.2,16.5,18.2,18.4,15.8,21.2
1768796162.21419,17.3,18.8,16.2,31.3,19.2,23.5,28.0,20.4,19.2,25.7,20.2,20.4,11.2,12.1,13.0,15.7
1768796163.217844,25.0,26.5,23.2,28.0,20.4,19.8,16.5,19.4,18.2,20.2,20.4,17.2,25.3,17.3,27.1,24.7
1768796164.2445087,20.6,19.6,21.8,14.1,18.2,15.2,20.0,20.4,16.0,23.5,16.8,16.0,18.2,14.0,19.0,14.4
1768796165.2601194,27.3,34.7,14.1,23.8,17.2,19.8,14.1,18.4,21.0,14.1,19.6,17.3,22.8,16.3,16.2,18.2
1768796166.2626548,24.0,21.8,19.0,15.2,21.0,15.0,16.3,25.0,28.3,17.3,24.0,15.0,18.4,24.5,20.4,22.2
1768796167.2651064,21.2,23.7,23.7,23.2,19.6,15.5,19.4,29.6,28.9,23.2,18.6,24.0,20.4,25.3,24.0,17.0
1768796168.3032591,14.0,17.6,11.2,23.5,13.1,17.0,15.0,17.2,18.4,23.0,16.8,17.2,10.1,25.3,14.1,13.3
1768796169.308157,14.1,17.3,20.6,22.0,21.2,19.4,21.0,26.0,28.6,24.5,27.3,19.4,17.3,29.6,22.4,28.6
1768796170.3117304,18.6,15.2,17.8,17.2,17.0,21.0,21.0,27.0,14.0,16.2,21.4,19.0,19.0,22.4,14.4,23.5
1768796171.3163059,31.0,28.0,16.2,14.1,18.2,17.0,9.4,11.3,14.1,11.2,14.1,17.3,16.2,23.2,23.0,20.8
1768796172.3200967,40.2,20.6,21.4,22.2,21.0,19.4,25.3,26.3,20.0,20.2,23.7,27.0,18.2,18.6,21.4,22.4
1768796173.3223948,37.3,20.2,21.2,24.0,25.8,19.2,14.6,20.6,18.2,24.7,19.0,22.4,23.7,18.2,21.4,20.4
1768796174.3246088,31.7,14.0,17.3,16.2,20.2,19.2,19.0,13.3,16.2,24.0,26.3,24.0,22.4,31.0,19.8,13.4
1768796175.3292196,20.6,25.8,17.3,22.4,17.3,21.6,22.2,24.2,23.0,20.0,28.6,19.4,21.8,20.6,23.2,22.4
1768796176.3318608,18.4,26.5,15.3,24.2,25.3,17.5,19.8,20.6,14.4,21.0,22.2,13.3,15.3,25.7,13.5,14.0
1768796177.3351872,15.3,21.2,21.8,17.2,17.2,22.4,21.0,20.4,15.3,17.2,21.9,13.1,18.4,15.0,12.2,17.2
1768796178.3417737,17.5,14.3,20.4,19.0,25.3,20.6,19.4,20.0,29.3,16.3,15.8,19.0,12.1,14.1,11.2,14.0
1768796179.3481297,21.2,22.0,20.4,20.8,21.4,17.0,18.2,20.2,22.4,25.3,21.2,17.0,23.7,18.4,19.2,18.4
1768796180.3531084,17.0,14.3,26.0,13.5,12.2,18.2,20.4,16.3,19.6,17.2,22.0,25.0,27.3,19.8,16.3,23.0
1768796181.4020495,14.4,15.2,18.4,14.3,22.0,21.4,13.3,11.1,25.3,11.8,12.1,18.6,11.1,11.3,7.2,13.3
1768796182.4038417,33.0,24.0,21.0,28.3,22.2,29.0,21.4,21.6,13.3,19.4,23.7,29.6,19.4,21.4,21.2,20.2
1768796183.406135,31.0,24.2,22.9,18.7,19.2,18.4,26.0,26.3,28.6,16.5,26.5,25.0,21.2,23.7,19.6,24.2
1768796184.4087014,19.4,14.0,19.8,13.9,14.1,17.5,10.2,10.2,15.2,21.2,20.0,21.2,14.3,14.9,14.1,13.1
1768796185.412812,25.8,21.2,27.0,19.2,18.2,25.0,22.0,23.7,15.0,19.8,24.5,16.0,22.5,16.5,22.2,21.0
1768796186.4150193,19.8,24.7,22.0,23.5,23.5,30.0,22.4,27.8,25.5,23.7,21.2,17.5,21.6,24.2,21.6,23.8
1768796187.418211,23.5,14.3,20.0,11.1,14.4,21.6,22.0,20.2,14.0,14.3,13.1,27.3,22.2,22.2,16.3,12.4
1768796188.4219868,19.4,19.8,19.6,18.6,23.2,19.4,14.4,16.3,34.3,14.1,15.3,22.4,12.5,21.1,19.4,14.3
1768796189.4242127,27.3,21.2,23.7,21.4,19.4,33.0,17.2,19.0,22.4,20.0,16.2,29.7,20.2,21.0,21.6,27.3
1768796190.4263883,29.7,18.4,24.0,19.4,20.4,19.0,19.2,25.3,15.0,19.4,15.3,15.2,11.1,20.0,15.0,17.3
1768796191.4434617,24.2,17.0,13.4,19.2,23.2,17.3,24.0,25.0,18.4,26.8,28.6,16.5,19.8,25.8,24.7,18.4
1768796192.447233,18.6,19.6,17.5,26.5,22.7,17.0,26.0,20.2,30.6,19.8,19.2,17.7,19.6,22.4,15.3,17.5
1768796193.4524252,23.2,23.0,20.2,18.4,18.0,17.3,9.2,15.0,17.2,17.2,18.6,20.2,17.0,17.2,16.3,18.2
1768796194.4558094,20.2,27.7,18.2,14.3,15.0,15.2,14.0,16.3,12.2,15.0,6.2,9.1,10.1,18.2,20.2,13.0
1768796195.469463,19.6,19.2,25.8,17.3,24.2,17.2,26.3,22.0,24.0,23.2,23.0,19.4,17.3,23.2,22.0,29.6
1768796196.4736,22.0,19.0,21.0,22.2,23.5,25.5,20.2,21.4,19.8,28.3,16.2,19.4,15.5,21.2,21.6,21.4
1768796197.477743,22.8,14.1,16.3,17.2,16.0,14.0,10.3,13.3,12.2,14.3,12.1,7.1,15.2,13.9,23.0,15.3
1768796198.5023675,17.0,13.1,10.0,11.1,12.1,9.0,13.0,14.9,16.0,14.1,13.1,11.0,18.2,13.1,16.2,16.2
1768796199.5088587,22.0,26.5,24.0,25.0,23.2,22.0,21.2,18.6,24.0,15.0,20.2,17.2,34.0,29.4,18.0,23.2
1768796200.512248,20.2,22.2,15.6,20.8,17.2,12.1,25.0,13.1,16.8,16.0,14.1,15.2,16.8,17.5,20.2,14.1
1768796201.5484605,17.8,12.1,12.1,17.0,14.0,9.9,7.0,17.2,20.2,22.2,16.3,17.2,15.8,17.0,22.4,13.0
1768796202.5537524,24.2,20.2,21.0,14.1,18.2,16.5,18.4,20.2,17.3,28.6,21.4,27.3,16.7,23.0,19.2,20.0
1768796203.556451,20.0,8.2,8.2,11.0,15.8,15.3,13.1,14.0,10.2,25.3,11.1,19.8,19.2,13.0,13.9,15.2
1768796204.5957456,16.7,7.1,10.9,12.0,10.1,13.0,12.9,19.2,5.0,20.0,11.8,6.1,11.0,8.9,9.0,13.0
1768796205.661528,13.4,6.0,6.1,7.1,11.1,10.0,7.1,14.1,6.1,30.0,17.0,9.1,8.1,8.2,8.9,7.1
1768796206.6737654,10.2,8.0,7.0,13.9,14.4,8.9,8.0,12.0,3.0,26.7,5.0,9.0,5.1,4.0,9.0,6.1
1768796207.756043,7.2,5.1,5.0,10.1,14.1,7.1,9.1,5.1,3.0,15.0,6.0,7.0,2.0,4.0,5.0,9.0
1768796208.8513792,9.0,11.0,9.1,17.0,14.7,17.3,13.3,11.1,10.0,10.0,11.9,10.2,10.9,8.9,7.1,5.0
1768796209.8544564,12.0,9.1,19.6,18.4,9.2,7.1,7.1,12.1,7.9,12.0,17.0,16.0,6.1,10.2,11.1,4.0
1768796210.8665247,25.5,7.1,4.9,13.1,9.8,5.0,8.9,6.0,4.9,7.9,13.7,5.9,3.0,9.0,8.0,7.0
1768796211.8685453,28.3,9.2,12.4,14.1,14.1,20.2,14.1,15.2,8.2,18.0,16.5,13.0,13.0,12.0,11.2,13.3
1768796212.8720603,18.7,12.2,13.5,23.5,18.4,15.3,17.0,21.2,21.2,16.5,17.2,15.3,20.4,17.3,17.5,10.1
1768796213.8742397,20.6,24.7,22.7,23.0,22.4,29.7,18.2,18.0,22.9,21.2,20.4,24.0,17.3,13.4,23.2,19.8
1768796214.8775692,15.2,14.3,20.0,16.5,13.4,23.5,20.2,11.2,18.0,26.8,18.2,17.3,22.0,15.2,16.2,14.0
1768796215.8812625,23.2,22.2,21.6,19.6,21.2,18.6,20.8,22.2,20.0,13.0,16.5,25.5,21.6,15.5,16.5,22.0
1768796216.947355,18.9,28.0,16.5,20.8,14.4,18.0,17.7,17.2,20.2,23.5,18.2,14.0,28.0,30.7,16.2,15.3
1768796217.9503458,24.2,27.0,26.5,13.9,14.0,16.3,12.2,14.3,14.9,9.2,18.4,15.5,21.0,15.3,16.5,18.2
1768796218.9530993,35.0,25.5,20.4,25.8,22.2,21.0,17.5,15.3,19.2,17.5,24.5,16.2,17.3,20.6,17.5,25.0
1768796219.9582932,18.2,13.3,12.0,24.2,15.2,21.2,12.4,22.2,14.3,14.0,13.5,9.0,16.0,12.0,12.2,7.1
1768796220.9619064,19.4,12.1,12.2,11.9,18.0,29.3,16.3,17.0,12.0,15.2,11.9,15.0,9.0,5.0,13.1,11.0
1768796221.9716601,27.3,16.2,26.5,28.3,27.6,19.2,16.5,19.6,18.6,30.9,19.4,16.7,25.3,27.8,21.0,23.0
1768796222.9744778,17.3,16.0,12.1,12.0,24.0,19.2,21.2,17.0,25.3,12.2,30.0,20.6,33.7,20.2,17.0,18.2
1768796223.9790943,19.4,13.7,14.0,17.2,13.4,17.2,13.9,12.1,15.0,13.0,11.1,13.9,18.4,13.1,13.1,15.2
1768796224.9995117,16.2,13.3,13.1,18.2,33.3,20.0,21.8,12.0,15.0,13.4,11.2,11.0,12.1,11.0,7.0,9.9
1768796226.0027447,15.8,11.2,16.2,13.9,23.8,11.1,9.2,10.9,16.3,16.0,19.2,17.8,9.1,16.2,31.4,18.8
1768796227.007857,18.4,15.8,19.4,12.2,16.2,13.3,22.2,15.2,25.7,24.7,24.2,24.2,22.4,15.2,19.6,16.3
1768796228.0102954,16.3,27.0,19.2,17.2,20.0,19.4,35.6,14.3,16.3,22.0,20.2,16.3,16.0,14.1,16.0,23.8
1768796229.0140831,23.5,29.6,20.6,22.7,28.6,25.8,22.4,19.6,22.2,23.2,26.3,17.5,18.4,16.3,27.3,24.5
1768796230.0165834,32.7,24.0,16.7,21.2,20.8,14.1,23.7,17.2,20.0,29.0,15.2,19.0,17.2,17.2,27.6,20.6
1768796231.0192032,27.3,19.6,14.7,18.0,24.2,12.1,18.6,19.6,20.6,15.6,21.4,16.3,13.3,27.0,20.2,20.2
1768796232.0212474,18.2,16.2,29.0,12.2,15.5,10.1,21.2,13.1,20.0,21.8,10.2,16.2,17.0,19.0,15.3,17.2
1768796233.0238507,15.2,14.3,24.7,19.8,19.8,21.0,13.1,10.2,17.3,12.2,6.1,10.1,13.0,12.1,15.7,21.4
1768796234.025773,22.4,22.2,16.3,19.2,11.3,15.2,17.3,13.1,17.0,23.5,16.2,18.6,23.5,15.5,19.6,21.0
1768796235.1099596,19.2,23.5,16.2,13.0,21.8,15.5,15.0,16.8,14.0,16.2,17.2,21.0,12.1,13.0,16.8,16.3
1768796236.1146495,17.2,13.0,11.2,19.4,17.2,16.0,14.1,17.0,17.0,21.0,13.1,14.1,15.0,12.2,19.2,12.0
1768796237.1510868,30.3,19.0,31.6,24.0,22.8,22.0,24.8,28.3,18.4,17.2,21.0,26.0,19.2,13.3,22.8,16.0
1768796238.2032385,21.0,19.2,13.1,11.3,26.5,11.9,14.0,15.2,16.2,12.2,15.6,23.5,12.4,17.0,25.3,20.8
1768796239.2053144,19.6,26.8,22.8,23.0,19.4,19.4,21.4,17.0,19.8,24.0,24.2,25.5,23.5,16.5,25.0,26.5
1768796240.2441752,23.2,20.6,18.2,16.2,17.2,19.0,16.7,11.3,15.5,15.5,14.1,15.0,14.1,26.0,10.1,15.3
1768796241.2474308,19.2,22.5,24.0,14.0,17.2,17.0,27.6,16.3,13.0,16.2,15.3,19.2,26.3,24.2,16.2,14.0
1768796242.256711,14.3,21.4,18.4,20.2,14.1,25.0,16.3,25.0,19.0,14.0,16.8,18.6,24.8,29.0,20.4,13.3
1768796243.2593327,15.3,29.3,20.4,24.5,20.6,17.5,26.3,23.5,20.6,20.4,18.4,16.3,19.6,24.2,15.6,22.4
1768796244.2615688,22.2,21.4,33.0,15.5,19.6,25.5,19.4,28.3,24.5,23.5,18.0,20.2,19.4,23.7,20.2,27.6
1768796245.3011842,33.0,14.1,16.2,19.0,25.3,18.2,14.4,20.4,13.3,22.2,25.0,19.0,20.4,20.2,20.0,18.8
1768796246.3030276,18.4,25.3,17.0,13.3,18.0,25.3,14.3,21.6,20.2,16.3,18.4,17.0,20.4,13.3,16.2,20.2
1768796247.313727,24.0,25.5,15.3,16.8,26.3,16.8,15.2,24.8,13.3,13.1,14.9,9.2,15.0,14.0,16.7,18.0
1768796248.3170202,18.2,20.0,23.2,16.3,24.2,29.4,11.1,20.2,16.2,15.2,15.5,18.8,17.3,18.0,19.4,17.3
1768796249.3198502,18.4,16.2,21.2,15.0,14.1,17.7,9.1,14.9,16.2,10.3,12.9,10.2,9.3,10.0,16.2,10.0
1768796250.3437827,24.5,26.3,26.8,25.0,22.4,29.6,22.4,29.6,23.5,17.2,19.6,16.5,17.5,25.3,17.2,17.7
1768796251.3458807,14.3,16.2,14.1,13.1,13.9,18.2,13.3,18.0,16.0,9.0,14.1,14.0,14.0,19.0,18.2,11.1
1768796252.3565805,18.6,16.0,14.9,17.2,17.2,19.6,18.0,22.8,12.9,22.8,14.4,17.2,16.8,12.0,24.0,14.9
1768796253.3603277,29.0,20.4,17.2,13.1,16.0,18.2,22.8,12.4,12.2,19.0,15.2,15.2,19.4,15.0,21.4,12.2
1768796254.362776,15.3,18.6,14.3,13.1,25.3,15.2,24.5,14.9,21.4,20.4,17.3,19.4,20.4,22.4,18.4,18.2
1768796255.365005,25.7,33.0,17.2,16.2,11.2,28.3,17.2,15.3,15.2,8.2,16.0,18.8,16.5,15.6,18.2,20.2
1768796256.4478202,18.4,21.4,18.2,21.2,15.3,25.5,17.7,18.0,17.3,22.0,20.4,15.5,18.4,21.4,18.6,18.6
1768796257.4515607,21.6,16.3,22.4,20.0,17.3,23.0,21.2,19.4,19.8,26.3,27.3,26.3,28.1,36.1,23.0,22.0
1768796258.4576929,11.1,13.3,20.2,14.3,16.7,20.8,21.6,14.3,26.5,27.3,13.1,24.2,18.8,16.2,15.0,18.0
1768796259.460753,22.4,13.1,17.3,20.4,13.9,14.4,10.1,11.1,9.9,18.4,11.1,22.0,17.2,17.0,21.2,16.2
1768796260.4626648,23.5,21.4,15.8,21.4,21.6,30.0,18.4,15.2,13.3,16.3,20.2,16.5,22.2,13.4,22.2,17.3
1768796261.470102,17.8,26.3,14.0,17.2,13.1,13.3,15.0,15.8,12.0,12.9,10.2,13.0,12.9,15.0,11.9,11.1
1768796262.4733663,29.9,24.7,18.4,18.4,28.0,21.4,33.0,22.2,24.2,21.2,21.6,26.0,14.4,23.5,16.2,30.0
1768796263.4770625,31.0,26.3,18.4,19.2,17.3,21.2,30.3,27.3,13.3,15.2,12.2,15.2,19.0,12.9,13.1,13.1
1768796264.4798968,19.0,29.0,16.2,19.4,17.0,16.2,17.8,14.3,17.0,17.2,16.3,17.2,17.3,16.8,20.0,21.2
1768796265.5030782,15.8,17.0,16.8,15.0,13.1,23.0,14.1,15.3,11.1,14.1,22.0,12.9,24.8,10.0,13.1,11.2
1768796266.5049942,22.4,26.5,12.1,26.7,16.2,23.5,20.6,21.4,21.0,15.3,24.2,15.3,18.2,18.2,19.0,23.0
1768796267.5140007,15.3,17.0,16.3,15.2,25.3,21.0,25.7,25.5,22.2,19.2,19.4,18.0,28.3,17.0,16.0,22.4
1768796268.5203438,16.2,19.2,17.8,10.2,8.2,21.0,12.2,17.2,10.3,10.1,8.0,9.1,27.7,13.4,9.1,12.9
1768796269.5464253,22.9,27.0,30.0,24.5,18.2,23.0,18.0,15.3,22.2,25.0,17.3,20.4,40.0,19.4,24.8,24.2
1768796270.550596,21.4,19.6,24.7,24.5,16.3,29.3,26.8,20.6,21.4,16.5,18.0,22.2,33.7,20.0,19.6,19.4
1768796271.554065,13.4,16.0,16.3,6.1,13.9,13.0,17.8,8.2,9.9,9.9,8.2,11.2,8.2,8.1,9.2,17.8
1768796272.557113,9.3,12.1,13.4,9.9,16.0,11.2,13.9,16.2,9.0,20.2,18.0,12.1,13.0,10.9,17.2,6.0
1768796273.5598574,8.2,7.1,6.9,9.0,8.9,9.0,12.1,4.0,4.0,9.9,12.1,9.1,5.0,4.0,4.0,4.0
1768796274.6004174,13.0,12.1,8.1,5.1,7.0,7.0,7.0,5.9,12.9,18.8,12.0,10.1,15.0,6.9,5.0,19.0
1768796275.6211395,18.0,19.4,14.1,13.1,14.4,11.2,16.2,17.8,29.3,21.2,15.3,15.0,14.1,15.3,13.1,14.3
1768796276.623083,27.3,15.2,18.4,15.3,14.3,22.2,20.6,14.4,14.0,21.4,23.2,22.7,17.0,21.2,29.3,14.4
1768796277.7067773,17.8,21.4,22.2,18.0,13.1,13.3,16.0,18.2,12.1,10.1,13.0,10.0,12.2,15.0,6.1,7.1
1768796278.7450063,18.4,25.3,18.8,20.4,12.2,12.0,15.8,13.9,9.1,10.2,15.2,10.9,18.0,12.1,14.9,17.2
1768796279.7563543,17.2,17.2,18.4,16.8,11.1,14.1,19.2,9.2,13.0,17.0,16.0,17.0,26.3,31.4,16.0,28.3
1768796280.7600472,18.0,13.0,27.7,23.8,12.2,16.3,28.7,15.8,14.1,16.2,13.1,13.3,19.0,14.3,13.1,19.2
1768796281.7623997,22.7,12.4,10.2,8.9,10.8,10.0,21.2,11.0,16.2,12.1,12.1,20.0,11.1,12.2,8.2,12.0
1768796282.8219678,23.0,6.1,11.8,5.9,9.0,12.9,9.0,11.9,10.9,22.0,10.9,18.2,8.8,14.9,14.9,8.9
1768796283.8325732,19.6,8.1,8.2,8.0,8.1,12.2,10.0,9.2,5.0,23.0,9.0,9.0,7.9,9.0,9.1,6.2
1768796284.8607385,7.2,2.0,3.0,5.0,2.0,3.0,3.0,5.0,2.0,6.9,6.0,1.0,3.0,2.0,3.0,2.0
1768796285.8632,19.2,21.0,7.1,8.1,10.8,7.1,8.1,16.3,9.2,13.9,9.2,10.9,9.9,10.9,10.9,8.1
1768796286.8669102,13.0,10.3,9.1,7.1,10.2,11.0,13.0,19.8,8.0,11.9,7.9,5.1,12.0,12.0,6.1,11.0
1768796287.8718162,16.2,23.5,20.0,21.4,22.4,13.5,19.0,18.8,19.2,28.3,11.3,18.0,19.0,20.2,13.1,20.4
1768796288.8737018,14.4,23.2,23.5,23.2,21.6,17.5,23.5,23.7,19.2,21.6,21.4,14.1,18.4,22.4,16.5,17.3
1768796289.8758905,28.3,21.2,24.2,14.3,14.1,11.0,19.4,18.2,18.6,15.0,15.8,13.3,21.4,16.0,13.3,12.1
1768796290.9464746,14.3,22.0,10.0,10.0,11.9,6.1,20.0,19.0,8.0,11.1,8.9,26.2,15.8,13.3,7.9,10.2
1768796291.9503546,22.4,20.4,20.2,17.2,13.1,26.3,24.5,16.2,14.0,18.0,20.2,19.4,27.3,15.3,10.2,24.8
1768796292.953611,24.5,15.3,20.2,17.8,19.4,18.2,16.3,11.1,15.3,19.4,12.1,13.0,9.1,19.0,16.0,17.0
1768796293.9602144,19.4,19.2,11.1,11.2,16.0,14.0,13.0,17.2,13.0,23.8,12.1,13.0,10.8,12.1,16.3,13.9
1768796294.9626195,15.8,9.2,16.3,10.0,14.1,10.2,9.2,11.0,7.0,4.0,12.7,8.0,8.0,9.9,12.0,11.0
1768796295.9901822,13.3,17.0,9.1,14.0,9.0,8.2,13.3,15.3,14.1,9.0,9.1,19.6,13.1,15.3,9.1,7.1
1768796297.00393,25.7,11.2,14.0,9.9,11.1,13.9,15.2,13.0,12.0,11.1,12.0,15.8,11.8,11.9,7.1,8.1
1768796298.0115287,19.4,21.0,23.5,26.7,19.4,13.3,21.4,19.0,16.5,20.2,15.5,20.2,16.2,26.0,18.2,16.2
1768796299.013603,20.8,17.8,17.0,17.0,12.0,15.0,15.0,10.2,13.9,11.1,9.9,17.2,11.0,18.2,11.9,13.1
1768796300.0154235,21.2,19.6,19.2,17.2,15.3,17.2,22.4,24.5,14.0,11.9,15.0,17.8,18.2,13.0,14.3,15.2
1768796301.020967,14.1,23.2,12.1,18.2,27.3,14.0,17.2,15.0,13.0,17.2,19.2,14.3,18.8,18.2,13.1,13.0
1768796302.0237024,16.0,11.9,12.4,20.2,23.0,13.3,10.0,14.3,12.1,18.2,21.6,12.4,22.0,20.0,14.9,13.3
1768796303.0440001,21.8,16.3,18.4,26.0,19.6,25.3,17.5,15.8,20.0,19.4,22.2,19.2,15.0,18.0,16.2,28.0
1768796304.0460784,16.3,15.3,16.2,17.3,25.7,19.4,17.5,14.1,12.1,12.1,13.5,14.0,19.0,9.2,16.0,17.2
1768796305.057417,18.2,25.3,19.0,18.8,13.0,28.0,20.8,13.3,17.0,12.2,16.3,13.0,23.8,15.8,15.8,18.0
1768796306.0621068,16.2,13.3,19.2,20.2,29.0,16.0,12.1,17.0,10.1,18.4,13.4,13.0,8.1,9.2,15.3,16.3
1768796307.0759363,18.4,28.7,13.3,18.0,23.2,8.1,8.0,16.8,14.1,16.2,14.1,9.0,7.1,11.1,7.1,15.2
1768796308.101997,16.5,12.2,11.0,16.0,13.1,8.0,13.0,8.2,6.1,8.1,12.0,6.1,6.9,4.0,4.0,7.0
1768796309.1059735,9.3,10.1,10.9,13.1,6.0,7.1,16.0,11.0,6.9,12.1,13.0,9.0,9.0,6.9,12.9,6.0
1768796310.1252007,16.7,13.7,14.3,14.4,14.9,12.1,15.8,13.1,7.1,9.0,17.8,12.0,13.1,10.9,3.1,10.0
1768796311.1289263,10.3,10.0,12.0,11.9,13.9,20.0,10.1,11.0,7.9,8.1,13.1,6.9,13.9,7.0,5.1,7.0
1768796312.1756058,19.0,13.1,11.0,10.1,14.9,12.0,9.1,5.1,6.1,8.2,18.8,15.0,11.0,13.0,16.2,9.0
1768796313.1796374,14.1,15.2,17.2,13.0,12.2,13.0,11.0,10.0,6.0,9.8,18.2,8.0,7.1,5.2,25.7,8.1
1768796314.1824763,14.1,11.2,12.2,8.9,11.1,9.0,10.1,6.1,10.9,10.2,7.1,6.0,5.1,8.1,24.0,6.9
1768796315.184333,19.8,12.7,9.1,7.1,15.7,16.2,12.9,12.4,8.2,10.2,10.0,15.0,11.0,8.1,23.8,9.1
1768796316.186204,18.4,20.4,18.2,18.2,27.3,23.5,21.0,21.6,21.9,27.6,18.6,24.2,26.0,15.3,17.0,22.2
1768796317.1880038,28.6,20.6,21.1,22.2,15.5,15.3,18.4,24.7,32.0,25.3,24.8,20.4,18.2,20.0,27.8,23.2
1768796318.190217,22.2,22.8,23.0,16.2,9.3,18.6,19.0,12.7,20.0,15.5,17.8,16.2,21.4,21.2,18.2,21.0
1768796319.1922092,16.2,12.2,14.1,14.1,17.0,14.1,8.1,8.1,6.1,12.1,8.0,6.0,7.0,8.1,14.9,9.0
1768796320.2045279,25.5,10.1,11.1,9.1,10.0,9.0,8.0,7.0,8.9,6.9,14.1,5.0,5.1,15.7,12.2,7.1
1768796321.2062619,12.2,8.1,23.2,9.2,6.9,8.0,7.1,6.0,7.1,8.1,5.1,11.0,6.2,16.0,11.1,13.0
1768796322.2501316,15.5,10.0,8.2,9.8,9.8,8.1,4.0,5.0,8.2,9.0,12.0,11.0,7.9,11.9,14.0,22.0
1768796323.254732,26.0,11.9,17.2,8.2,12.0,7.0,9.0,6.1,6.0,6.2,13.0,8.0,9.9,12.1,15.2,11.9
1768796324.2742121,15.5,12.2,18.2,18.0,15.2,13.9,15.2,19.0,17.8,15.8,14.4,18.0,14.4,19.0,17.0,15.0
1768796325.2762725,21.4,22.8,18.4,28.3,16.3,14.4,20.6,12.0,17.5,21.4,18.8,14.3,17.0,23.2,16.5,25.3
1768796326.3468943,25.5,15.2,17.0,22.0,22.2,19.4,24.0,22.2,16.2,20.4,20.4,14.4,13.1,24.5,21.2,23.5
1768796327.4071238,22.7,14.4,17.8,22.7,15.3,23.0,14.0,22.2,12.2,15.2,13.1,28.3,18.0,24.2,23.0,10.1
1768796328.4133127,21.8,29.0,34.3,25.3,32.7,16.3,20.4,18.6,15.5,17.0,22.2,23.5,24.5,20.4,19.4,24.2
1768796329.4155855,12.2,9.3,21.4,9.1,8.1,13.0,18.2,14.0,8.0,6.2,4.0,6.1,8.1,9.0,9.1,8.9
1768796330.4380543,11.0,8.0,8.2,6.1,7.9,11.0,11.9,22.0,9.1,11.0,8.9,7.9,6.0,5.1,6.0,4.0
1768796331.4429674,14.0,10.1,11.0,18.0,11.0,17.8,10.1,13.9,13.9,9.8,5.1,17.2,8.1,9.0,17.0,7.1
1768796332.446939,19.2,9.3,11.3,15.8,10.0,10.1,10.2,5.0,12.0,7.1,14.1,4.0,10.0,7.0,13.0,7.0
1768796333.450801,14.1,12.0,12.1,6.1,17.2,9.0,7.1,11.9,13.1,9.0,7.0,14.1,14.0,14.1,10.9,10.0
1768796334.4532294,20.2,14.4,14.0,19.2,17.2,18.2,21.2,23.2,13.1,23.0,17.2,22.0,22.0,23.2,22.8,19.8
1768796335.4574428,24.8,18.2,18.2,19.8,12.4,17.2,17.2,22.0,16.3,22.2,26.0,15.5,16.5,17.2,17.3,12.4
1768796336.4606953,26.8,18.4,16.0,21.2,11.2,12.1,10.4,9.3,14.3,19.8,14.4,15.3,14.1,14.1,13.3,22.0
1768796337.5022328,27.3,27.6,19.4,17.2,24.5,18.6,27.6,19.4,28.0,16.2,23.0,28.9,27.0,24.0,22.9,20.4
1768796338.5047202,39.6,18.2,18.8,19.4,22.0,26.5,19.0,25.5,17.5,18.4,21.2,33.0,18.4,23.2,21.4,22.2
1768796339.508121,20.4,15.2,19.6,17.3,15.3,22.4,16.5,16.3,21.6,25.3,19.4,17.5,23.0,26.3,18.2,21.6
1768796340.5435672,11.2,11.0,15.0,11.1,6.1,15.3,6.9,9.1,13.0,14.9,15.2,9.2,9.2,8.9,14.1,11.0
1768796341.5465865,19.6,14.1,13.1,10.2,14.1,10.1,11.1,16.0,10.1,13.3,11.1,22.5,11.9,12.0,8.0,15.2
1768796342.5593565,21.8,25.0,17.0,19.8,24.2,28.7,18.4,21.2,11.3,19.8,16.0,20.2,16.8,13.9,17.0,19.8
1768796343.5662322,12.2,23.0,10.0,8.0,13.3,19.8,11.9,24.0,12.0,10.1,19.0,13.0,10.9,8.0,11.9,18.6
1768796344.568839,16.3,12.1,9.2,8.2,7.1,10.1,12.0,25.7,7.0,16.2,17.2,11.1,11.0,10.0,7.1,10.1
1768796345.5897105,30.2,17.2,15.2,19.4,12.2,14.3,11.1,17.3,12.1,11.0,20.2,10.1,16.3,10.0,17.2,17.2
1768796346.59222,22.2,15.3,15.5,15.2,16.5,16.0,19.6,22.4,25.5,14.1,16.3,22.0,17.2,12.1,14.3,19.2
1768796347.6451063,14.3,18.8,16.2,11.2,15.0,11.3,10.1,16.3,24.8,8.2,13.9,24.2,21.2,10.1,13.1,17.0
1768796348.653631,16.2,17.0,12.7,12.0,15.7,9.1,14.9,23.2,11.1,17.0,10.0,17.2,7.1,12.0,9.9,15.7
1768796349.7033963,21.2,21.2,13.0,11.0,11.1,10.0,9.0,15.8,16.0,14.9,7.9,12.1,8.9,7.0,8.9,17.8
1768796350.721736,15.0,14.0,19.0,13.0,10.9,17.2,9.1,8.0,17.0,11.9,10.1,11.0,7.1,11.0,11.1,10.2
1768796351.7326796,21.8,11.0,15.0,13.1,9.1,9.9,9.1,11.2,8.9,10.2,9.2,9.1,7.1,10.3,6.1,17.2
1768796352.7358234,16.7,12.2,10.2,10.2,11.2,8.2,14.1,8.9,15.5,10.4,12.0,12.2,11.9,11.2,6.9,21.0
1768796353.7384102,14.4,12.0,14.1,6.9,13.0,12.2,6.1,12.1,7.1,8.0,6.1,14.0,11.0,14.1,7.9,7.0
1768796354.7679048,26.3,21.2,13.5,16.3,15.2,21.0,17.8,21.4,14.1,8.1,10.0,13.1,18.0,14.1,16.2,16.3
1768796355.7706897,20.4,23.7,16.0,12.2,17.3,17.3,22.2,19.4,19.2,12.2,15.3,17.7,21.2,22.0,17.0,18.4
1768796356.7747917,14.4,25.5,21.8,22.2,11.0,16.2,8.1,14.3,11.1,17.6,14.0,9.2,11.1,12.0,18.2,15.0
1768796357.7771244,29.3,13.1,10.0,9.9,13.9,9.2,9.1,14.6,6.1,15.2,10.0,7.0,8.9,11.3,19.2,13.0
1768796358.7945292,16.0,12.2,14.3,9.1,13.9,12.9,9.0,11.1,23.8,12.2,16.0,25.0,7.1,7.1,23.0,9.2
1768796359.8073626,21.4,8.0,5.1,12.0,14.9,7.1,8.1,7.1,27.3,9.0,6.9,8.2,13.0,7.0,12.1,11.1
1768796360.809567,14.1,11.0,15.0,13.3,8.1,10.2,10.1,29.4,20.8,13.0,9.0,13.3,9.8,13.1,16.2,5.1
1768796361.842979,11.1,15.2,22.2,13.3,16.8,16.0,22.8,15.0,17.2,14.0,15.3,8.2,8.2,9.1,8.2,12.0
1768796362.844841,9.2,16.2,16.2,15.8,10.2,12.0,25.7,9.1,20.0,6.1,12.0,11.9,15.2,7.1,7.0,5.1
1768796363.8785741,13.1,14.0,12.1,17.2,16.8,10.1,24.8,8.8,12.1,10.1,11.1,13.1,12.0,8.0,10.2,6.1
1768796364.892368,19.8,24.5,8.0,11.8,8.2,7.9,24.0,10.9,6.9,15.0,15.0,13.9,7.1,14.7,6.9,7.9
1768796365.896256,11.2,19.0,8.9,6.1,8.0,13.0,9.0,18.8,6.9,3.0,9.0,17.2,12.7,8.0,7.0,8.9
1768796366.9368494,8.3,24.2,12.1,7.0,6.0,21.8,9.1,12.7,6.0,16.8,12.9,6.9,6.9,6.9,9.9,10.1
1768796367.9399488,10.1,18.8,12.1,3.0,8.0,4.0,5.1,5.0,2.0,3.0,6.1,21.8,8.0,11.0,7.0,18.0
1768796369.0755126,10.3,8.9,12.1,7.1,6.1,10.0,13.1,6.1,7.1,12.0,11.1,23.0,13.0,9.1,6.1,32.0
1768796370.0774195,16.2,26.3,20.4,19.4,17.5,30.6,20.2,21.4,20.6,24.5,20.6,25.5,18.2,17.3,17.3,24.2
1768796371.0818257,23.7,28.3,24.0,27.3,17.5,30.3,18.2,18.0,18.4,16.3,25.3,18.2,18.6,16.3,32.3,22.7
1768796372.0862944,12.1,21.2,22.4,9.3,12.9,15.3,23.2,13.1,13.0,12.1,11.1,12.1,11.1,13.3,10.2,14.0
1768796373.0920413,14.4,16.3,9.1,12.1,16.3,14.1,13.0,6.1,7.1,11.0,11.2,8.2,11.0,17.8,9.0,10.2
1768796374.0967796,16.3,14.3,11.8,10.8,12.2,6.1,10.1,10.1,30.4,13.9,13.1,7.1,9.0,15.8,11.1,7.1
1768796375.1072593,20.4,17.5,17.5,15.5,20.2,21.2,17.2,18.4,25.8,18.0,15.2,13.4,15.3,13.0,11.1,17.8
1768796376.1095042,17.3,17.6,14.3,20.2,18.4,18.4,21.4,22.4,30.7,15.3,27.0,10.2,12.2,19.4,22.4,13.3
1768796377.112388,26.0,18.4,16.2,19.8,26.3,18.4,32.7,21.2,26.3,30.0,26.0,22.4,11.2,17.2,19.6,13.3
1768796378.1157975,17.3,9.0,10.0,16.3,15.2,17.0,12.2,19.0,17.2,13.3,16.2,14.0,14.1,14.0,14.3,18.0
1768796379.1177833,17.3,24.2,19.2,30.3,22.2,30.6,17.3,21.0,22.9,23.7,19.0,21.2,21.8,22.2,22.0,13.3
1768796380.1207893,37.0,14.0,17.2,14.9,19.2,16.3,15.3,17.3,14.1,14.1,15.3,15.2,10.2,20.0,17.0,13.3
1768796381.1228845,26.5,17.0,16.2,15.3,26.0,12.9,16.2,18.0,19.8,19.2,15.0,13.1,16.0,16.2,17.3,15.7
1768796382.1254141,20.0,26.0,20.8,24.7,20.4,21.2,26.0,17.7,22.7,19.4,20.6,18.4,26.5,16.5,19.2,18.0
1768796383.2061465,17.0,14.4,20.8,20.2,16.2,25.0,15.2,18.8,11.3,21.0,8.1,10.1,16.0,13.0,18.4,13.1
1768796384.2116337,17.2,21.2,30.6,13.7,21.6,15.2,18.0,17.3,11.1,20.4,17.3,19.0,15.3,22.4,24.0,15.2
1768796385.2426012,33.7,20.2,21.6,20.2,22.0,23.2,26.3,23.5,11.1,20.0,16.2,23.8,29.7,18.0,20.4,21.0
1768796386.2459922,30.3,14.1,10.3,17.2,19.2,15.2,22.0,16.2,13.0,18.4,20.2,18.0,12.2,16.3,24.0,17.0
1768796387.3054438,22.4,20.2,19.2,30.3,21.4,17.5,21.6,22.2,9.2,18.2,15.2,16.2,16.0,15.3,15.2,13.1
1768796388.3077497,16.3,19.4,17.3,35.0,28.0,19.0,22.2,20.4,14.1,16.3,26.5,19.2,17.2,16.5,19.2,15.2
1768796389.3121026,24.2,21.6,15.2,27.8,29.6,14.1,19.4,19.6,15.2,17.0,19.2,14.3,17.6,18.4,14.4,22.7
1768796390.3143568,21.2,13.1,14.9,12.1,21.2,11.1,8.2,15.0,9.3,15.3,13.0,19.0,8.2,17.3,22.0,17.5
1768796391.3457372,19.2,13.1,13.3,15.2,20.0,13.0,14.0,14.1,16.0,17.5,12.4,16.0,11.2,19.8,14.9,19.8
1768796392.348383,17.7,28.6,25.0,19.8,22.2,13.4,17.2,21.6,25.3,17.0,15.5,26.8,16.2,28.0,21.0,18.6
1768796393.4012606,25.5,15.3,12.0,16.2,10.1,13.7,10.0,11.1,12.1,19.8,12.1,15.2,18.4,20.0,24.0,17.5
1768796394.4037893,17.2,12.9,10.0,8.2,10.2,10.2,13.0,13.1,14.1,12.0,15.5,19.2,11.2,12.1,13.0,9.1
1768796395.4059234,23.5,21.4,13.3,21.2,24.7,16.3,19.8,16.8,13.0,23.0,22.4,26.0,14.4,23.2,17.0,21.0
1768796396.4082313,16.2,25.5,17.2,26.5,18.0,28.0,15.2,19.2,28.3,20.2,25.3,21.6,24.5,17.3,19.2,24.2
1768796397.4108057,12.4,17.2,18.6,17.3,20.6,17.3,21.4,12.4,18.2,19.2,9.3,18.2,10.2,15.0,12.0,16.0
1768796398.4436333,18.2,16.3,23.5,20.2,17.2,16.2,18.0,22.2,29.6,18.4,11.1,11.2,14.1,16.3,12.2,15.0
1768796399.4472392,23.5,24.2,19.6,26.7,20.4,14.1,13.1,22.7,20.8,14.0,10.1,17.3,15.2,19.0,15.3,9.9
1768796400.5016222,18.2,12.1,15.5,21.4,22.4,19.0,20.8,23.8,20.2,20.2,14.1,25.0,16.0,13.3,17.0,12.2
1768796401.547582,14.4,15.2,30.0,18.8,19.2,16.8,13.1,25.3,18.2,20.0,9.3,17.0,16.2,14.3,13.3,18.2
1768796402.5499525,21.0,16.3,18.0,19.0,24.2,22.0,17.3,20.0,20.4,31.3,19.2,20.8,18.4,16.3,16.5,18.4
1768796403.5538247,15.2,20.0,20.4,20.4,16.0,17.3,10.2,14.0,17.2,11.8,13.1,13.0,13.3,11.2,14.7,12.0
1768796404.558023,23.5,19.2,21.0,21.8,15.3,16.2,19.2,19.0,16.0,16.2,15.0,11.1,14.1,14.3,14.1,12.1
1768796405.5615108,23.0,21.0,27.6,25.0,16.7,20.4,15.2,22.4,19.6,14.1,21.0,17.2,16.3,17.2,18.0,11.1
1768796406.5654197,27.8,20.0,17.0,15.0,12.2,16.3,14.3,19.2,13.9,12.1,12.4,15.8,18.2,16.5,23.5,13.9
1768796407.6045108,18.6,16.5,13.1,9.1,9.1,14.3,19.2,7.9,25.7,11.3,16.0,12.0,19.0,7.2,11.0,13.0
1768796408.6070275,23.0,24.0,22.7,17.2,19.0,24.5,15.5,21.0,25.3,20.0,17.3,21.2,31.0,16.5,20.4,18.4
1768796409.6104019,19.2,20.8,13.3,22.0,11.2,20.0,20.0,15.8,16.2,15.2,13.0,9.1,14.3,15.0,13.3,14.3
1768796410.6202047,16.0,11.0,6.0,6.9,5.1,5.0,13.0,9.1,7.1,9.1,5.1,7.0,7.9,5.9,11.1,14.9
1768796411.6291418,15.6,9.1,9.0,7.0,5.0,4.9,5.9,7.0,4.9,13.0,5.9,3.0,4.0,6.1,17.0,6.9
1768796412.7076104,19.8,9.9,7.0,3.0,4.9,6.1,12.0,12.1,3.0,5.0,5.0,7.0,6.9,4.0,7.0,3.0
1768796413.84643,11.3,7.0,11.0,3.1,5.0,3.0,6.0,4.0,3.0,2.0,5.9,3.0,3.0,4.0,6.0,5.0
1768796414.9428456,16.2,13.0,13.0,5.0,5.9,5.1,8.0,1.0,5.0,5.1,4.0,1.0,4.9,6.1,7.0,12.1
1768796415.970563,13.9,8.1,18.2,3.0,5.0,9.0,4.1,6.9,6.0,4.0,5.1,6.9,5.0,5.0,3.0,6.9
1768796416.9727726,14.1,11.0,10.1,7.0,7.8,8.1,7.9,14.1,13.0,8.0,6.1,7.9,6.1,9.1,9.9,14.1
1768796417.976068,6.3,4.1,2.0,6.0,7.0,5.0,4.0,20.8,5.1,6.0,6.0,7.1,5.1,9.9,6.1,10.0
1768796418.9782286,23.7,25.0,17.2,25.8,21.4,30.3,36.6,28.0,22.4,16.3,35.7,13.1,18.4,12.2,17.2,28.3
1768796419.9804308,25.5,22.0,24.5,24.0,14.3,18.4,33.0,16.3,15.3,22.0,16.5,16.8,20.0,17.6,13.1,17.3
1768796420.9825127,15.0,13.1,11.2,12.0,10.2,11.9,16.3,12.0,20.2,22.4,14.1,16.2,25.0,19.4,16.2,19.4
1768796422.0055587,15.2,12.1,11.2,10.2,11.0,12.0,11.0,12.1,14.0,11.1,9.0,16.2,27.0,12.1,16.0,11.2
1768796423.0076208,17.2,19.2,18.4,23.0,17.0,28.3,21.4,18.6,16.5,17.0,20.4,23.2,23.5,15.3,18.0,20.4
1768796424.0202458,18.2,17.2,26.3,22.2,22.0,32.7,26.0,25.0,19.0,23.7,20.2,19.2,15.2,16.0,18.6,20.0
1768796425.0277996,15.2,8.2,14.1,11.1,11.1,18.0,8.2,9.1,12.9,17.6,12.1,12.1,14.7,12.9,16.0,12.4
1768796426.0433557,20.2,23.5,20.8,20.0,24.2,18.6,19.6,16.0,11.2,11.3,14.0,13.1,13.3,17.3,17.3,13.1
1768796427.0452688,24.0,18.4,22.4,31.3,21.4,20.6,19.6,17.3,14.3,21.6,13.1,19.8,17.0,17.0,21.6,19.0
1768796428.0494516,15.5,15.2,11.2,17.0,10.2,13.1,15.2,13.1,11.0,15.0,9.0,10.1,13.0,24.2,10.0,13.1
1768796429.0530105,22.0,25.8,16.3,16.2,17.5,12.5,22.2,18.2,20.4,24.0,24.5,15.2,20.2,15.2,15.2,10.4
1768796430.0578027,26.3,29.9,24.5,24.5,25.7,38.8,31.6,21.6,19.2,28.7,18.6,19.8,15.5,17.3,20.2,17.7
1768796431.059773,25.5,27.3,24.7,29.9,26.3,19.2,24.2,24.8,21.2,18.2,15.2,15.3,21.2,25.0,20.4,20.4
1768796432.1045055,12.5,16.2,17.0,11.0,12.1,11.9,10.0,9.1,10.0,6.1,8.0,10.1,7.9,9.1,13.3,13.1
1768796433.106742,28.0,21.6,22.2,19.8,17.5,18.2,17.5,23.2,24.0,18.2,17.2,20.0,16.5,18.6,21.4,22.7
1768796434.1095247,21.4,19.4,17.0,16.2,16.3,24.2,20.2,19.6,16.3,19.4,17.8,18.4,22.0,20.8,16.2,19.4
1768796435.111728,22.0,16.0,12.0,14.9,13.1,10.1,28.7,14.0,12.0,10.1,17.2,16.2,18.0,11.3,10.3,13.9
1768796436.1615837,21.0,12.7,20.4,14.9,17.0,15.0,18.8,16.8,17.0,35.3,17.3,22.0,24.2,20.4,21.6,23.0
1768796437.165663,19.4,22.8,26.7,25.0,20.4,16.2,20.2,20.4,20.2,24.5,16.0,16.3,19.2,23.0,20.0,26.5
1768796438.2028058,16.2,14.1,17.0,14.3,10.2,12.9,12.1,12.2,15.3,29.6,20.2,17.2,11.1,24.2,10.2,18.4
1768796439.242556,16.8,19.0,16.2,19.2,21.0,20.2,20.6,20.8,28.3,25.5,22.4,19.6,15.0,19.0,18.0,23.8
1768796440.2450366,16.2,15.2,20.4,20.2,17.5,15.2,14.4,19.4,27.3,22.2,25.3,17.8,14.4,23.2,23.5,17.2
1768796441.246839,18.2,15.5,16.3,17.7,23.7,18.0,18.0,18.2,17.3,17.0,24.0,19.0,17.8,16.3,20.0,17.0
1768796442.24921,20.8,14.3,10.1,9.2,11.8,12.1,14.1,12.1,12.1,13.1,26.0,20.2,18.4,14.1,12.0,12.1
1768796443.2512364,18.4,16.2,33.7,19.2,22.4,27.3,19.2,23.2,20.8,29.3,13.1,21.0,16.8,15.2,18.4,20.0
1768796444.2550738,20.6,22.7,16.0,13.0,16.2,17.0,17.3,20.2,15.5,25.3,14.3,20.0,11.2,13.1,12.4,19.0
1768796445.3009286,22.4,21.4,16.2,20.0,23.7,20.2,18.2,15.0,18.8,13.1,17.0,23.5,14.1,21.2,14.1,16.3
1768796446.3029282,16.3,28.0,19.0,11.0,24.0,12.0,18.2,14.3,14.0,13.3,12.1,16.3,14.0,19.8,14.1,7.1
1768796447.3049693,23.5,20.4,20.4,17.7,28.3,21.8,31.3,25.0,18.4,23.5,20.6,23.2,18.6,20.2,18.0,22.8
1768796448.3462586,18.8,17.2,16.7,14.0,13.9,15.5,23.8,10.3,13.4,11.5,9.2,15.8,13.1,19.4,15.2,17.7
1768796449.3498743,19.4,14.3,8.2,12.2,10.0,14.9,16.3,21.2,6.9,9.0,7.1,10.2,11.1,7.1,10.2,12.0
1768796450.3530667,11.2,19.8,7.9,6.1,10.2,13.9,5.1,9.2,7.1,5.1,9.9,10.1,6.9,7.9,14.9,9.0
1768796451.4121592,10.3,16.8,9.0,8.0,13.0,15.8,9.0,8.1,13.0,4.0,9.2,9.1,10.1,10.0,13.1,5.2
1768796452.415359,10.0,7.9,13.1,7.1,6.0,11.7,7.1,7.8,8.1,10.0,14.9,9.8,10.9,8.0,14.1,9.9
1768796453.5155256,15.5,5.2,12.1,7.1,9.2,11.0,23.8,5.9,7.1,7.0,10.1,10.2,8.9,12.4,8.8,7.1
1768796454.6418128,12.0,8.2,10.2,8.2,5.1,8.1,6.9,5.0,8.1,7.0,8.0,11.0,18.2,16.8,4.0,9.1
1768796455.6441624,9.2,5.1,5.0,9.0,5.0,7.0,5.9,12.0,11.1,10.9,10.0,6.1,13.9,7.1,9.0,13.3
1768796456.6629303,13.0,11.2,7.1,8.1,9.1,7.1,11.0,9.0,7.1,11.1,8.9,7.9,6.0,8.1,6.0,9.0
1768796457.6649468,18.4,25.3,6.0,10.0,5.1,7.1,11.1,8.9,11.0,7.8,12.1,10.2,13.1,13.3,10.1,21.0
1768796458.6688268,13.0,13.3,15.2,21.0,9.9,17.8,11.1,16.3,15.2,20.2,11.0,10.0,13.4,16.8,11.2,21.8
1768796459.6872683,19.4,17.3,20.2,23.7,21.2,15.3,14.3,14.0,12.0,18.2,20.4,14.9,23.2,23.2,18.8,24.2
1768796460.6908855,19.8,20.2,20.2,21.2,33.7,27.5,19.0,23.2,19.0,19.0,19.6,24.5,15.2,17.0,14.4,19.2
1768796461.698483,13.9,14.4,16.2,8.1,15.0,17.5,11.9,7.1,23.0,10.2,19.4,14.9,16.2,12.1,16.0,12.0
1768796462.7002928,17.7,18.6,19.4,22.2,21.2,18.0,21.2,23.2,18.4,28.0,27.3,17.3,24.0,24.7,24.8,21.4
1768796463.7061536,16.3,13.7,11.3,13.3,27.3,13.0,12.1,13.3,10.3,14.9,20.8,15.2,10.2,13.3,20.4,16.3
1768796464.7079818,18.6,17.2,14.7,16.2,22.2,26.5,16.0,19.0,19.0,9.3,10.3,21.4,13.3,12.2,19.0,19.2
1768796465.7530456,14.9,18.8,18.8,14.1,15.7,23.0,19.0,18.8,20.0,15.2,20.0,25.5,16.0,15.8,12.0,20.2
1768796466.7578385,23.5,17.3,23.0,19.2,24.2,25.3,18.2,18.4,15.3,20.0,14.1,17.0,15.0,17.0,19.2,17.2
1768796467.801497,26.5,23.2,14.0,18.4,14.0,11.1,24.2,20.0,14.0,12.1,29.7,23.7,9.9,15.0,11.8,12.2
1768796468.8451874,17.3,11.1,10.0,14.1,10.0,9.1,12.1,11.1,13.0,15.3,18.0,10.3,14.1,11.1,13.7,12.9
1768796469.8470879,22.2,21.2,18.6,15.5,12.2,16.2,18.2,18.8,18.6,17.2,19.2,22.0,33.7,18.6,20.0,22.4
1768796470.8490667,18.4,16.0,14.9,12.7,11.3,13.0,12.1,11.1,13.0,10.1,19.8,11.1,24.8,15.2,11.3,16.2
1768796471.9019358,19.4,18.8,14.1,12.4,11.2,22.0,17.0,18.2,16.0,16.2,14.9,13.1,19.2,14.3,18.4,18.8
1768796472.9452317,21.0,30.3,19.2,21.2,18.0,14.9,20.2,19.2,30.9,19.4,20.4,23.2,12.2,17.3,18.4,14.3
1768796473.9482934,18.4,16.5,19.2,22.2,13.0,11.3,31.3,18.8,22.2,20.4,17.0,15.2,16.2,14.3,11.0,13.1
1768796475.0038924,20.0,12.2,14.1,14.1,10.2,13.4,10.0,19.2,23.2,21.2,23.2,16.2,15.3,14.0,14.3,13.3
1768796476.0422137,21.6,14.1,11.1,16.0,15.0,15.3,16.0,20.8,11.1,9.2,14.0,9.0,17.3,16.2,11.0,14.3
1768796477.0440218,25.5,21.2,24.0,23.2,18.4,15.0,15.3,26.0,27.3,19.2,11.0,15.2,11.2,25.0,23.8,17.3
1768796478.1025112,18.4,20.2,16.2,17.5,15.0,23.7,14.1,19.2,14.1,12.0,19.0,15.0,15.8,11.2,14.3,14.0
1768796479.1430056,23.5,26.0,16.5,19.4,22.0,19.2,18.6,15.5,18.2,13.1,14.3,15.0,12.1,15.0,11.2,10.1
1768796480.1450284,28.3,25.0,20.2,24.5,22.2,22.4,24.7,17.3,27.0,18.0,18.2,24.0,20.2,19.0,13.1,19.4
1768796481.1483536,21.4,18.2,19.0,31.7,16.3,10.9,14.0,14.9,14.0,14.3,10.2,10.2,10.2,14.4,17.3,17.2
1768796482.1528797,23.5,12.1,12.0,15.3,10.9,12.0,15.2,9.0,10.1,15.0,9.0,15.7,9.9,10.1,13.0,18.0
1768796483.154995,17.2,8.2,11.1,10.0,11.1,13.1,8.1,8.0,14.0,8.1,12.1,14.1,11.1,9.0,9.1,14.7
1768796484.1572583,16.3,10.1,19.0,11.0,9.0,13.0,12.0,21.8,6.0,9.0,10.0,8.0,11.0,23.0,6.1,11.2
1768796485.1890872,26.5,15.2,10.2,14.0,11.0,8.2,15.3,10.0,5.0,10.0,27.0,9.1,8.1,17.5,9.9,8.0
1768796486.1960526,19.8,16.3,23.2,19.2,14.3,20.4,17.5,15.0,18.2,16.3,17.2,15.3,17.2,20.0,21.4,19.6
1768796487.2040105,24.2,16.2,27.6,16.3,15.3,21.4,22.7,16.3,24.0,20.0,10.1,18.2,14.1,13.0,10.2,23.5
1768796488.2062116,28.3,11.5,26.0,16.5,13.4,14.0,14.1,11.2,12.2,11.2,8.2,11.1,9.2,19.4,16.2,20.0
1768796489.2093415,21.2,14.0,26.3,11.0,10.0,10.3,11.2,12.1,12.1,9.3,6.9,13.0,16.0,26.0,12.0,13.0
1768796490.2128284,27.6,21.6,28.1,18.0,24.5,21.4,28.4,27.8,21.0,17.0,16.5,30.2,18.4,21.2,23.7,21.9
1768796491.2147617,18.6,19.4,14.3,17.3,20.4,17.2,21.2,22.2,18.0,25.3,18.2,24.8,13.4,13.3,26.5,13.1
1768796492.2172065,14.1,16.2,15.2,13.1,10.1,13.4,13.1,13.1,14.3,10.2,15.8,23.8,25.5,13.0,12.1,13.1
1768796493.2196293,14.4,16.3,12.1,24.2,7.1,9.1,7.2,9.9,9.1,21.0,14.1,18.8,23.8,8.0,11.2,9.1
1768796494.2223155,14.3,15.0,11.2,30.3,11.0,27.7,14.3,16.7,12.1,15.0,16.0,4.1,22.0,7.1,11.0,10.2
1768796495.2286105,15.3,11.5,14.7,25.7,13.1,13.1,17.2,10.2,9.0,10.9,10.1,8.0,10.1,11.0,11.0,7.1
1768796496.231267,18.4,16.7,23.0,26.3,18.2,17.2,28.0,16.0,17.0,25.3,9.1,15.2,18.0,13.3,11.3,19.2
1768796497.2341821,16.5,27.0,21.4,25.3,25.3,22.7,31.0,18.0,20.2,21.0,16.0,21.2,16.2,12.2,13.4,14.3
1768796498.3053026,13.1,10.9,8.2,6.0,11.1,6.1,16.2,9.0,17.2,18.8,10.0,14.0,7.1,7.8,8.9,7.0
1768796499.314476,13.5,22.0,9.1,10.0,6.1,7.0,5.0,8.2,9.0,4.0,7.1,19.8,6.9,6.9,8.1,6.1
1768796500.3182518,18.2,15.2,20.2,13.1,13.9,9.2,8.1,13.1,14.1,13.9,12.2,12.4,13.1,15.2,11.1,9.2
1768796501.3230612,17.3,18.4,17.3,18.4,12.2,17.3,22.2,32.0,17.2,17.0,14.3,14.3,21.0,15.3,15.3,17.3
1768796502.3265736,15.0,15.2,13.0,11.0,32.3,9.0,10.1,16.0,13.0,13.0,13.1,10.2,9.2,15.2,13.0,9.1
1768796503.3492491,11.1,8.1,7.0,13.0,26.5,9.9,8.1,9.9,11.0,8.0,9.0,8.1,6.9,9.8,10.8,8.1
1768796504.35357,8.2,7.1,14.1,12.2,25.5,12.0,14.1,14.0,6.9,8.9,11.0,8.9,14.9,7.0,6.0,9.0
1768796505.3569403,13.9,7.1,13.1,11.1,20.4,8.0,10.1,9.3,6.0,12.0,14.0,14.0,9.0,7.9,8.0,12.1
1768796506.3680115,15.3,14.1,10.2,7.9,7.1,8.1,9.0,11.3,8.1,8.1,24.8,15.2,9.2,8.0,11.1,8.2
1768796507.3759081,14.1,15.3,16.2,17.8,14.9,10.0,18.2,13.0,18.0,7.1,18.0,10.1,13.9,22.3,13.0,11.0
1768796508.3828425,25.3,29.6,29.6,28.3,18.8,22.4,29.3,24.5,23.0,20.6,16.5,21.0,18.6,25.5,20.4,25.8
1768796509.3857615,14.6,18.2,8.2,11.1,25.3,16.0,17.5,17.2,21.2,20.4,16.5,17.3,11.1,21.2,9.1,9.2
1768796510.4093816,12.2,11.1,9.0,7.1,10.0,10.0,6.9,4.1,16.0,10.1,9.8,12.1,8.0,12.0,13.7,16.8
1768796511.4116962,10.1,16.2,16.8,10.1,19.0,24.2,8.2,11.8,8.2,16.0,6.1,12.1,21.0,11.1,11.0,6.1
1768796512.443587,10.1,6.9,7.1,10.1,5.1,13.1,8.1,8.0,14.0,12.1,8.0,9.9,13.1,7.0,6.0,5.1
1768796513.4812975,13.1,11.2,13.0,14.1,10.0,16.3,8.1,13.1,22.0,14.4,19.2,10.1,18.4,8.0,13.0,13.9
1768796514.4831512,19.4,12.2,11.0,14.0,10.1,12.0,7.0,8.1,20.0,11.8,16.3,15.2,11.1,10.2,12.1,11.1
1768796515.4853525,21.2,15.5,20.2,17.5,20.6,24.0,15.3,17.2,18.2,16.2,15.0,14.0,13.9,16.2,20.0,16.3
1768796516.4873328,15.3,15.0,7.1,12.0,17.3,17.2,14.1,17.0,10.1,12.0,24.5,18.8,13.3,9.9,20.8,15.2
1768796517.5473812,20.0,12.4,9.1,18.8,12.0,8.2,15.8,10.9,12.2,11.2,12.1,15.3,14.0,11.0,11.0,8.9
1768796518.5493066,21.0,17.0,11.1,8.2,15.8,6.9,14.1,12.0,10.0,9.0,4.1,7.0,8.1,9.9,7.0,16.0
1768796519.5523305,16.5,12.1,11.9,9.0,15.0,10.1,11.0,8.2,18.2,8.1,7.9,7.1,9.9,8.1,15.0,20.8
1768796520.5561347,14.1,14.3,8.9,19.4,9.0,12.1,10.2,9.9,11.0,16.0,8.9,10.1,10.0,11.1,11.0,11.1
1768796521.565088,20.8,27.0,14.0,20.0,13.9,10.0,14.7,13.9,9.9,24.0,10.0,11.0,16.0,15.8,12.2,14.7
1768796522.567681,18.4,29.0,14.3,17.2,13.3,14.4,13.1,22.2,16.0,14.0,14.1,13.0,9.1,12.1,12.2,14.1
1768796523.5696104,13.0,9.1,12.7,13.0,16.3,15.3,12.1,9.2,7.1,12.2,9.0,11.0,5.9,7.8,13.0,14.1
1768796524.5713377,11.1,18.0,13.0,14.4,11.9,23.5,15.0,13.3,20.0,17.0,13.1,9.1,17.8,9.1,14.0,17.0
1768796525.5732534,21.4,16.2,7.2,7.1,13.9,20.2,8.9,10.9,15.0,13.0,10.1,12.1,7.1,9.2,16.3,11.3
1768796526.5757985,13.1,9.2,10.0,16.0,14.1,9.9,7.2,10.0,17.0,15.0,3.0,11.9,7.0,7.1,13.1,5.0
1768796527.578641,8.3,5.1,6.1,8.2,8.0,8.0,7.0,5.9,14.1,8.9,7.1,5.1,2.0,6.1,7.1,12.0
1768796528.6309676,10.3,10.0,17.6,9.9,10.0,6.0,10.1,6.0,13.9,7.0,6.0,5.1,10.9,7.0,6.0,24.0
1768796529.6651525,19.8,11.2,15.3,14.0,12.0,11.9,12.0,15.0,8.0,8.0,8.2,7.1,10.1,8.0,9.9,9.1
1768796530.7330556,10.1,9.9,8.2,12.0,10.1,9.8,5.8,14.0,11.9,7.8,13.0,9.0,21.2,15.2,22.0,6.1
1768796531.774599,9.3,6.1,14.0,26.0,9.9,9.2,17.0,12.1,7.0,10.8,5.0,3.0,8.0,10.0,10.0,8.1
1768796532.8363984,11.1,3.0,11.1,22.8,5.1,12.2,21.8,11.1,7.9,22.8,12.9,5.0,9.0,4.1,4.0,7.1
1768796533.8686602,15.5,14.1,13.3,13.0,16.2,13.0,11.2,11.3,13.5,21.2,17.3,29.6,18.2,15.2,15.8,16.0
1768796534.8704617,33.0,26.5,29.3,31.2,25.5,19.2,20.8,17.5,29.0,23.5,16.8,25.7,18.6,21.2,18.6,26.3
1768796535.8722248,17.3,17.3,11.1,9.9,10.1,11.2,13.6,13.9,12.1,15.2,15.2,11.1,18.2,15.0,9.0,11.0
1768796536.8742588,18.8,22.8,15.3,16.0,17.3,14.3,16.3,9.2,12.1,13.3,12.2,15.2,10.1,14.3,21.8,14.3
1768796537.8764286,18.2,18.8,19.0,16.3,29.0,27.3,22.0,13.3,18.6,23.2,19.0,22.8,10.9,16.0,13.3,18.2
1768796538.8792613,19.4,21.2,16.8,24.0,24.5,19.2,17.5,17.2,22.7,18.6,15.3,23.2,21.4,23.5,19.0,27.3
1768796539.8827913,13.1,16.2,17.2,23.2,21.0,14.1,17.2,11.3,20.0,11.0,12.1,16.3,12.0,13.0,18.4,15.0
1768796540.8851166,15.3,12.0,10.1,19.4,13.1,8.1,10.2,11.0,12.0,14.0,22.8,11.1,13.3,15.8,10.3,11.2
1768796541.9208674,15.8,26.0,11.1,13.3,14.1,16.2,19.4,11.9,6.1,8.0,18.0,10.2,10.1,15.7,10.0,7.1
1768796542.9244385,12.2,17.8,9.0,11.1,9.2,14.0,20.2,12.2,13.9,9.1,22.8,9.2,12.1,10.1,8.9,10.2
1768796543.9264698,14.3,5.1,11.0,11.2,11.1,17.8,20.0,16.7,8.0,7.1,7.1,13.9,10.9,5.0,4.0,11.0
1768796544.9282112,11.1,12.0,12.0,13.7,14.1,15.2,9.3,13.9,17.2,15.8,11.0,12.2,13.4,14.1,27.0,12.0
1768796545.9302642,16.3,30.3,16.7,18.2,24.2,15.3,15.2,13.3,19.0,19.4,18.2,18.6,14.0,22.7,18.6,18.6
1768796546.9329338,18.4,20.6,9.9,13.5,16.2,17.0,18.2,15.3,21.0,24.2,21.2,18.2,15.3,25.0,17.3,15.2
1768796547.9362264,16.2,17.3,20.6,19.0,16.3,10.3,16.3,15.3,19.4,27.0,15.3,9.3,14.0,16.7,15.2,29.3
1768796548.9557333,26.5,10.1,13.7,14.3,12.0,18.0,13.0,5.1,13.7,9.2,12.1,5.1,10.0,8.0,15.0,11.2
1768796549.9597154,15.8,4.1,7.1,9.0,9.9,14.7,12.0,8.0,7.9,18.0,11.0,11.0,7.1,18.0,16.3,10.8
1768796550.9747264,18.4,8.2,6.1,16.2,7.1,7.1,21.0,9.0,6.1,22.5,11.0,11.0,9.2,8.9,11.1,9.2
1768796551.998147,14.4,10.0,8.9,5.0,7.1,8.9,8.0,5.0,5.0,4.0,10.1,10.9,10.9,6.0,5.9,9.2
1768796553.0367262,12.2,13.1,9.0,9.0,10.9,7.1,8.0,6.1,9.0,6.9,10.9,6.1,12.1,8.0,6.0,9.0
1768796554.0414898,14.0,8.1,13.0,5.0,6.0,4.0,7.0,8.0,4.1,15.3,8.2,7.0,11.1,10.0,10.1,11.0
1768796555.059156,15.5,10.1,17.8,5.9,6.0,6.9,6.0,5.0,10.9,10.9,7.1,10.0,7.1,14.1,12.2,18.2
1768796556.0657265,14.1,7.1,5.1,7.1,8.1,6.0,11.0,5.0,7.1,13.3,15.5,10.8,11.1,19.0,9.0,9.1
1768796557.068607,12.4,10.9,13.3,13.5,12.0,13.1,13.0,16.7,11.2,10.1,12.1,10.1,13.0,16.8,11.3,13.1
1768796558.07054,20.2,17.3,13.1,15.2,13.3,26.7,21.8,26.3,14.3,17.2,18.0,12.2,23.0,18.0,13.1,15.0
1768796559.0735042,27.3,19.4,20.0,25.3,20.2,22.2,25.3,24.2,18.2,17.2,18.0,16.0,13.3,14.3,19.8,20.4
1768796560.0765202,15.2,12.1,16.8,15.0,16.2,23.5,13.3,20.4,14.0,13.0,22.4,18.0,14.9,10.1,21.4,13.4
1768796561.0793185,14.3,13.4,12.2,13.0,10.2,14.0,9.0,10.1,17.0,18.0,15.6,12.4,21.2,12.1,16.2,13.3
1768796562.1085632,12.1,9.3,11.0,27.5,8.0,9.1,9.1,13.9,12.2,33.0,14.0,6.1,11.9,10.2,12.1,12.9
1768796563.1112883,8.4,7.1,10.2,12.1,8.1,11.1,13.9,6.1,11.0,10.0,8.0,16.2,17.0,10.1,11.0,9.1
1768796564.1218724,15.2,9.1,10.1,9.8,5.9,13.9,10.0,7.0,10.2,13.0,9.0,13.0,19.0,7.1,7.0,13.9
1768796565.126153,14.0,13.3,17.8,18.4,16.0,16.0,11.1,12.9,8.1,14.1,11.9,14.3,10.9,13.3,11.1,18.2
1768796566.1298716,15.2,8.1,7.1,13.0,10.0,12.0,8.1,9.1,12.1,8.0,8.1,11.1,7.1,8.1,7.0,7.1
1768796567.1331792,12.1,14.1,12.1,14.1,8.0,13.9,8.1,13.0,14.1,7.1,7.1,11.1,16.0,12.2,14.7,21.2
1768796568.1478345,16.2,14.1,13.0,13.0,13.0,18.0,13.0,20.4,13.3,10.9,6.9,9.9,17.2,10.0,15.2,7.0
1768796569.1508608,19.4,16.8,22.2,15.3,17.2,15.0,15.0,27.7,21.0,16.3,13.3,18.2,13.1,16.2,15.3,14.1
1768796570.153097,13.1,12.4,13.0,12.1,12.2,12.4,11.1,11.2,16.0,19.0,13.0,11.2,16.2,18.0,16.7,16.2
1768796571.1560485,23.2,18.4,20.2,21.2,22.4,20.2,20.4,27.3,16.2,15.5,25.5,19.2,18.1,25.3,19.2,22.7
1768796572.160033,21.6,18.6,25.5,16.3,15.3,15.5,26.0,14.1,13.0,20.6,22.2,13.9,15.2,20.6,11.2,20.4
1768796573.1621983,24.2,18.0,15.3,17.3,13.1,21.2,18.6,21.0,16.2,16.2,18.2,9.1,18.8,11.9,15.0,18.2
1768796574.164779,17.5,22.4,21.4,19.8,21.4,26.5,21.8,22.4,14.7,14.1,17.2,13.1,29.7,12.9,15.2,21.2
1768796575.1686723,16.5,17.2,14.1,17.2,20.0,19.6,19.4,13.3,16.3,15.3,20.2,16.5,28.0,16.2,15.0,22.4
1768796576.171654,18.0,19.4,19.0,17.0,17.0,17.3,27.3,26.7,11.1,17.8,23.0,14.1,26.5,14.3,15.2,12.0
1768796577.173901,21.0,16.7,26.5,21.4,17.7,20.8,28.3,14.4,17.0,13.0,15.5,10.1,20.0,14.0,15.0,17.5
1768796578.175956,16.3,19.0,16.3,16.3,19.0,16.2,23.5,18.2,13.0,14.4,24.0,17.5,21.2,18.2,15.3,14.4
1768796579.1800473,14.6,13.3,13.1,14.3,11.3,13.3,19.2,12.9,6.1,14.1,15.2,13.3,12.2,12.0,16.2,15.8
1768796580.1832628,22.4,0.0,2.0,2.0,2.0,1.0,3.0,1.0,0.0,7.9,2.0,1.0,2.0,1.0,13.0,2.0
1768796581.1875193,20.8,1.0,1.0,1.0,1.0,1.0,0.0,0.0,1.0,6.9,1.0,1.0,1.0,0.0,10.9,1.0
1768796582.191311,21.6,1.0,1.0,2.0,3.0,0.0,1.0,1.0,1.0,6.9,0.0,1.0,1.0,2.0,5.9,1.0
1768796583.1956348,21.6,0.0,1.0,1.0,1.0,1.0,1.0,2.0,1.0,5.9,1.0,2.0,1.0,1.0,1.0,2.0
1768796584.1999385,22.4,1.0,1.0,2.0,2.0,1.0,1.0,1.0,1.0,1.0,1.0,1.0,1.0,2.9,1.0,2.0
1768796585.204115,21.9,0.0,2.0,0.0,1.0,0.0,1.0,0.0,1.0,1.0,0.0,1.0,1.0,0.0,0.0,1.0
1768796586.209196,21.4,2.0,0.0,2.0,0.0,2.0,1.0,0.0,0.0,0.0,2.0,1.0,0.0,1.0,1.0,0.0
1768796587.213642,22.0,1.0,1.0,1.0,2.0,1.0,0.0,1.0,0.0,1.0,1.0,0.0,2.0,0.0,1.0,1.0
1768796588.2162955,12.8,2.0,3.0,3.0,2.0,1.0,3.0,1.0,11.9,3.0,1.0,3.0,3.0,3.0,1.0,3.0
1768796589.2204902,7.2,5.1,3.0,3.0,2.0,3.0,1.0,3.0,20.0,1.0,3.0,2.0,1.0,2.0,2.0,2.0
1768796590.224637,1.0,1.0,1.0,0.0,0.0,0.0,0.0,0.0,20.0,0.0,0.0,0.0,0.0,1.0,0.0,0.0
1768796591.228625,0.0,0.0,0.0,0.0,0.0,0.0,0.0,0.0,21.0,0.0,1.0,0.0,0.0,0.0,1.0,0.0
1768796592.2316132,0.0,0.0,0.0,0.0,0.0,1.0,2.0,0.0,1.0,0.0,1.0,2.0,0.0,2.0,0.0,0.0
