timestamp,CPU_0(group_0),CPU_2(group_1),CPU_4(group_1),CPU_6(group_2),CPU_8(group_3),CPU_10(group_3),CPU_12(group_3),CPU_14(group_4),CPU_16(group_5),CPU_64(group_0),CPU_66(group_1),CPU_68(group_1),CPU_70(group_2),CPU_72(group_3),CPU_74(group_3),CPU_76(group_3),CPU_78(group_4),CPU_80(group_5)
1768748855.7331684,24.5,20.4,20.4,19.4,22.2,20.6,19.6,20.2,46.9,21.2,20.4,19.6,20.6,22.7,22.7,22.2,19.8,65.3
1768748856.7353563,35.8,35.7,30.3,30.6,30.6,45.0,31.3,31.6,68.7,40.4,41.4,30.9,34.3,31.6,33.3,31.6,30.6,58.6
1768748857.7376602,26.0,21.2,23.2,23.2,32.0,22.2,22.0,23.2,74.7,21.4,23.5,22.7,25.0,31.0,29.0,22.4,25.3,83.7
1768748858.7402956,35.1,33.7,34.7,35.4,33.3,33.3,34.7,34.7,100.0,34.0,38.1,33.7,34.7,38.8,34.7,42.6,35.4,100.0
1768748859.7438061,32.7,30.6,33.3,28.3,38.8,27.1,31.6,24.7,100.0,27.6,37.4,26.8,26.8,27.6,33.7,32.7,27.6,100.0
1768748860.7478533,22.9,6.1,23.0,9.0,9.1,4.0,15.2,8.1,100.0,2.0,7.1,6.1,8.1,7.1,6.1,17.8,2.0,100.0
1768748861.750321,8.4,7.1,22.8,7.1,1.0,3.0,3.0,2.0,100.0,7.1,3.0,3.0,1.0,1.0,1.0,0.0,0.0,100.0
1768748862.773863,12.6,14.3,8.1,8.2,9.9,8.2,8.1,11.1,100.0,12.0,3.0,6.0,9.1,6.9,5.9,4.0,6.0,100.0
1768748863.7768016,8.2,5.0,3.0,1.0,3.0,5.0,1.0,14.1,100.0,0.0,1.0,1.0,1.0,2.0,0.0,1.0,2.0,100.0
1768748864.7810688,6.3,0.0,1.0,3.0,2.0,2.0,2.0,7.1,100.0,7.1,6.0,2.0,2.0,1.0,0.0,0.0,4.0,100.0
1768748865.8465083,10.9,0.0,2.0,2.1,2.0,1.0,1.0,1.0,100.0,16.3,3.0,10.2,13.3,6.0,11.0,8.0,2.0,100.0
1768748866.8509855,7.4,3.0,5.1,9.1,9.2,3.0,2.0,1.0,100.0,2.0,1.0,2.0,4.0,1.0,1.0,1.0,5.1,100.0
1768748867.8550553,3.2,2.0,9.1,10.2,9.3,7.1,6.1,10.0,100.0,0.0,0.0,0.0,9.1,5.1,4.0,2.0,1.0,100.0
1768748868.8583403,5.3,4.0,4.1,0.0,2.0,4.1,4.1,1.0,100.0,0.0,0.0,1.0,2.0,1.0,0.0,1.0,0.0,100.0
1768748869.8626983,19.8,2.0,1.0,2.0,2.0,1.0,2.0,0.0,100.0,0.0,0.0,0.0,1.0,1.0,1.0,1.0,1.0,100.0
1768748870.8667374,4.3,2.0,0.0,1.0,8.0,17.3,0.0,0.0,100.0,0.0,0.0,0.0,1.0,0.0,0.0,0.0,0.0,100.0
1768748871.8691227,5.4,1.0,1.0,1.0,0.0,4.0,4.0,1.0,100.0,1.0,2.0,1.0,0.0,1.0,0.0,1.0,0.0,100.0
1768748872.8736987,15.4,1.0,1.0,2.0,1.0,5.1,3.0,0.0,100.0,4.0,1.0,3.0,6.0,4.0,7.1,3.0,3.0,100.0
1768748873.8782825,27.1,11.7,2.0,4.0,3.0,2.0,0.0,3.0,100.0,3.0,0.0,1.0,1.0,0.0,1.0,1.0,0.0,100.0
1768748875.0139172,20.8,4.0,5.0,1.0,2.0,2.0,2.0,2.0,100.0,1.0,1.0,1.0,1.0,1.0,1.0,4.0,5.9,100.0
1768748876.0184689,10.6,0.0,6.0,5.1,8.1,8.2,6.1,5.2,100.0,4.1,0.0,0.0,1.0,0.0,1.0,0.0,1.0,100.0
1768748877.0229971,4.3,1.0,0.0,1.0,0.0,0.0,0.0,1.0,100.0,7.0,1.0,1.0,0.0,1.0,4.0,0.0,1.0,100.0
1768748878.027347,14.6,1.0,2.0,4.1,3.0,2.0,0.0,1.0,100.0,2.0,1.0,9.2,5.0,3.0,3.0,2.0,2.0,100.0
1768748879.0316405,6.4,2.0,2.0,2.0,0.0,0.0,2.0,3.0,100.0,0.0,1.0,0.0,0.0,6.0,1.0,2.0,1.0,100.0
1768748880.0349438,6.4,1.0,1.0,1.0,0.0,0.0,2.0,1.0,100.0,1.0,1.0,0.0,1.0,1.0,1.0,2.0,0.0,100.0
1768748881.039076,7.4,0.0,2.0,0.0,1.0,0.0,2.0,1.0,100.0,2.0,0.0,0.0,0.0,0.0,3.0,3.0,2.0,100.0
1768748882.0428145,3.3,1.0,0.0,2.0,1.0,0.0,1.0,1.0,100.0,0.0,1.0,1.0,1.0,1.0,2.0,1.0,0.0,100.0
1768748883.109226,7.4,1.0,1.0,1.0,1.0,0.0,0.0,1.0,100.0,0.0,0.0,1.0,0.0,0.0,1.0,0.0,0.0,100.0
1768748884.1153467,12.5,6.1,4.0,2.0,1.0,2.0,5.0,2.0,100.0,12.0,3.0,4.0,3.0,2.0,1.0,2.0,2.0,100.0
1768748885.1195247,9.3,7.1,10.2,4.0,5.0,3.0,4.1,6.9,100.0,22.2,3.1,4.1,3.0,3.1,5.0,3.0,6.0,100.0
1768748886.122277,10.5,14.3,5.9,11.2,6.0,5.1,6.1,5.1,100.0,29.0,7.9,11.0,7.1,6.1,8.1,6.0,9.1,100.0
1768748887.1267774,10.8,6.1,6.1,8.2,7.1,7.1,7.1,6.1,100.0,25.0,4.1,6.0,7.0,6.1,7.1,7.0,9.2,100.0
1768748888.1313674,9.9,4.0,3.0,4.0,2.0,3.0,5.0,5.0,100.0,18.8,5.1,3.1,3.0,3.0,7.1,4.0,3.0,100.0
1768748889.1357043,21.1,3.1,3.0,3.0,4.0,5.0,2.0,3.0,100.0,5.0,3.0,3.0,5.1,5.1,9.1,5.0,4.0,100.0
1768748890.1396224,4.3,0.0,0.0,0.0,1.0,1.0,3.0,2.0,100.0,0.0,0.0,4.0,2.0,2.0,3.0,3.0,2.0,100.0
1768748891.1440594,5.4,2.0,1.0,1.0,0.0,1.0,2.0,1.0,100.0,3.0,3.0,1.0,1.0,2.0,1.0,1.0,2.0,100.0
1768748892.1484084,9.2,2.0,1.0,2.0,2.0,1.0,1.0,3.0,100.0,6.0,1.0,1.0,1.0,1.0,2.0,1.0,2.0,100.0
1768748893.1533458,11.0,1.0,2.0,0.0,0.0,2.0,2.0,1.0,100.0,4.0,4.0,4.0,4.0,1.0,0.0,0.0,0.0,100.0
1768748894.1559234,7.3,23.5,1.0,1.0,1.0,0.0,1.0,2.0,100.0,2.0,1.0,0.0,1.0,2.0,7.1,2.0,5.0,100.0
1768748895.160171,5.4,7.0,2.0,0.0,2.0,0.0,0.0,1.0,100.0,0.0,0.0,3.0,0.0,1.0,1.0,4.0,5.2,100.0
1768748896.1660554,5.4,1.0,24.0,0.0,0.0,0.0,0.0,2.0,100.0,0.0,1.0,0.0,0.0,1.0,3.0,0.0,2.0,100.0
1768748897.167898,7.3,1.0,2.0,2.0,1.0,1.0,0.0,0.0,100.0,1.0,0.0,1.0,1.0,2.0,1.0,0.0,9.1,100.0
1768748898.1716611,8.2,0.0,7.1,8.2,1.0,0.0,7.0,1.0,100.0,0.0,0.0,0.0,0.0,0.0,4.9,1.0,2.0,100.0
1768748899.1757717,10.8,0.0,23.2,3.0,1.0,0.0,0.0,0.0,100.0,1.0,0.0,0.0,0.0,1.0,0.0,0.0,0.0,100.0
1768748900.178919,7.1,2.9,1.0,0.0,3.0,0.0,1.0,0.0,100.0,5.1,1.0,3.0,1.0,2.0,2.0,1.0,5.1,100.0
1768748901.18262,8.2,7.1,8.0,4.9,3.1,3.0,1.0,1.0,100.0,1.0,1.0,0.0,0.0,3.0,0.0,12.0,5.1,100.0
1768748902.1863232,9.9,6.0,1.0,1.0,3.0,4.0,2.0,6.0,100.0,1.0,1.0,0.0,0.0,1.0,4.0,2.0,5.0,100.0
1768748903.235434,14.2,0.0,2.0,1.0,1.0,3.0,0.0,2.0,100.0,1.0,0.0,0.0,0.0,0.0,1.0,0.0,1.0,100.0
1768748904.3490536,10.0,1.0,0.0,1.0,3.0,0.0,3.0,1.0,100.0,0.0,0.0,0.0,0.0,1.0,1.0,0.0,0.0,100.0
1768748905.3851697,9.9,0.0,0.0,0.0,1.0,0.0,0.0,3.0,100.0,3.0,0.0,0.0,0.0,1.0,8.1,4.0,1.0,100.0
1768748906.3883066,12.6,2.0,0.0,0.0,2.0,3.0,0.0,0.0,100.0,2.0,3.0,0.0,0.0,1.0,2.0,0.0,0.0,100.0
1768748907.393086,11.7,0.0,0.0,0.0,3.0,0.0,1.0,0.0,100.0,5.0,1.0,0.0,1.0,3.0,5.0,0.0,0.0,100.0
1768748908.396656,11.1,3.0,3.0,0.0,1.0,1.0,0.0,0.0,100.0,0.0,0.0,0.0,0.0,3.0,1.0,1.0,2.0,100.0
1768748909.4002721,10.2,1.0,1.0,1.0,2.0,0.0,1.0,0.0,100.0,0.0,0.0,0.0,0.0,0.0,2.1,4.0,3.0,100.0
1768748910.4048114,10.8,0.0,0.0,0.0,0.0,0.0,0.0,0.0,100.0,0.0,0.0,0.0,0.0,1.0,0.0,1.0,2.0,100.0
1768748911.408739,9.1,3.0,0.0,0.0,2.0,4.0,3.0,2.0,100.0,0.0,1.0,1.0,0.0,1.0,4.0,0.0,0.0,100.0
1768748912.412523,11.1,3.1,2.0,0.0,1.0,0.0,0.0,0.0,100.0,0.0,0.0,0.0,0.0,0.0,1.0,1.0,0.0,100.0
1768748913.4162824,10.0,1.0,0.0,0.0,2.0,0.0,0.0,0.0,100.0,0.0,0.0,0.0,1.0,0.0,0.0,0.0,1.0,100.0
1768748914.420745,12.4,1.0,0.0,3.0,1.0,1.0,0.0,0.0,100.0,0.0,0.0,2.0,0.0,0.0,2.9,0.0,0.0,100.0
1768748915.4250314,8.2,1.0,0.0,3.0,0.0,1.0,2.0,0.0,100.0,0.0,1.0,0.0,0.0,0.0,1.0,1.0,2.0,100.0
1768748916.429255,11.8,0.0,0.0,2.0,6.9,4.0,2.0,5.1,100.0,0.0,0.0,0.0,0.0,1.0,1.0,0.0,0.0,100.0
1768748917.4334674,8.1,1.0,2.0,3.0,11.2,4.0,5.9,3.0,100.0,0.0,0.0,0.0,0.0,1.0,2.0,0.0,0.0,100.0
1768748918.4377694,9.8,1.0,0.0,3.1,6.0,7.1,8.2,3.0,100.0,0.0,0.0,1.0,0.0,0.0,0.0,0.0,0.0,100.0
1768748919.442908,6.2,1.0,0.0,3.0,3.0,1.0,2.0,2.0,100.0,0.0,0.0,0.0,0.0,1.0,1.0,0.0,1.0,100.0
1768748920.446045,11.7,0.0,1.0,3.0,0.0,0.0,0.0,2.0,100.0,0.0,1.0,1.0,1.0,1.0,0.0,0.0,0.0,100.0
1768748921.4495752,8.1,0.0,0.0,0.0,1.0,0.0,0.0,0.0,100.0,0.0,1.0,0.0,1.0,0.0,0.0,0.0,1.0,100.0
1768748922.4536185,11.8,0.0,0.0,1.0,5.9,3.0,1.0,0.0,100.0,2.0,0.0,0.0,1.0,0.0,0.0,0.0,0.0,100.0
1768748923.4552953,9.0,0.0,2.0,1.0,1.0,0.0,0.0,0.0,100.0,0.0,0.0,1.0,0.0,0.0,0.0,0.0,0.0,100.0
1768748924.4579117,12.6,1.0,1.0,2.0,2.0,1.0,2.0,0.0,100.0,0.0,0.0,1.0,0.0,0.0,0.0,0.0,0.0,100.0
1768748925.462205,10.9,3.0,0.0,0.0,0.0,1.0,2.0,1.0,100.0,0.0,2.0,0.0,0.0,0.0,0.0,0.0,0.0,100.0
1768748926.4667494,10.8,12.1,2.0,1.0,1.0,2.0,3.0,2.0,100.0,13.1,1.0,4.0,5.1,2.0,1.0,0.0,1.0,100.0
1768748927.4698274,12.6,3.0,1.0,0.0,3.0,1.0,4.1,2.0,100.0,0.0,1.0,0.0,1.0,2.0,2.0,0.0,6.1,100.0
1768748928.47436,10.0,0.0,0.0,0.0,4.0,3.0,0.0,0.0,100.0,0.0,0.0,0.0,1.0,2.0,0.0,0.0,1.0,100.0
1768748929.4786248,11.7,0.0,1.0,1.0,0.0,7.1,7.1,7.1,100.0,0.0,0.0,0.0,1.0,2.0,0.0,0.0,2.0,100.0
1768748930.4825273,9.9,0.0,0.0,0.0,1.0,2.0,0.0,2.0,100.0,0.0,0.0,0.0,1.0,0.0,1.0,2.0,1.0,100.0
1768748931.485623,10.0,0.0,1.0,0.0,4.1,3.1,2.0,3.1,100.0,0.0,1.0,1.0,0.0,0.0,0.0,0.0,3.0,100.0
1768748932.489442,12.6,0.0,0.0,0.0,0.0,0.0,0.0,0.0,100.0,2.0,1.0,0.0,0.0,1.0,0.0,0.0,0.0,100.0
1768748933.4928193,5.3,0.0,0.0,0.0,0.0,4.0,0.0,0.0,100.0,0.0,0.0,0.0,0.0,1.0,0.0,0.0,0.0,100.0
1768748934.4962215,8.2,1.0,1.0,0.0,0.0,2.0,1.0,0.0,100.0,1.0,1.0,0.0,0.0,0.0,1.0,0.0,0.0,100.0
1768748935.4993384,7.1,0.0,1.0,0.0,0.0,1.0,0.0,0.0,100.0,0.0,1.0,1.0,1.0,1.0,0.0,1.0,1.0,100.0
1768748936.5027838,10.0,1.0,0.0,0.0,0.0,0.0,0.0,0.0,100.0,1.0,0.0,1.0,3.0,2.0,0.0,0.0,0.0,100.0
1768748937.5069768,11.7,1.0,1.0,0.0,0.0,1.0,0.0,0.0,100.0,0.0,0.0,1.0,0.0,0.0,0.0,0.0,1.0,100.0
1768748938.510146,13.5,0.0,0.0,0.0,0.0,1.0,0.0,1.0,100.0,1.0,0.0,0.0,0.0,1.0,0.0,0.0,1.0,100.0
1768748939.5141299,12.5,0.0,0.0,0.0,0.0,0.0,0.0,0.0,100.0,0.0,0.0,0.0,1.0,0.0,0.0,0.0,1.0,100.0
1768748940.5180473,11.7,0.0,0.0,1.0,0.0,1.0,0.0,0.0,100.0,0.0,0.0,1.0,1.0,2.0,1.0,0.0,1.0,100.0
1768748941.5213451,9.2,7.1,2.0,3.0,5.0,0.0,0.0,0.0,100.0,0.0,0.0,0.0,0.0,0.0,0.0,0.0,2.0,100.0
1768748942.5252924,13.5,3.0,5.0,3.1,6.1,0.0,0.0,0.0,100.0,0.0,0.0,0.0,0.0,0.0,0.0,0.0,1.0,100.0
1768748943.529079,11.7,3.0,0.0,1.0,9.1,6.0,1.0,0.0,100.0,0.0,0.0,0.0,4.0,1.0,1.0,0.0,2.0,100.0
1768748944.532877,10.8,0.0,0.0,0.0,0.0,0.0,5.1,3.0,100.0,0.0,0.0,0.0,0.0,1.0,0.0,0.0,1.0,100.0
1768748945.536278,10.0,0.0,1.0,1.0,0.0,0.0,0.0,2.0,100.0,0.0,0.0,0.0,0.0,1.0,0.0,0.0,0.0,100.0
1768748946.540841,10.0,1.0,2.0,0.0,0.0,0.0,0.0,0.0,100.0,0.0,0.0,0.0,0.0,0.0,0.0,0.0,0.0,100.0
1768748947.5449407,10.1,2.0,0.0,3.0,0.0,0.0,0.0,0.0,100.0,1.0,0.0,0.0,0.0,0.0,1.0,1.0,0.0,100.0
1768748948.5489883,12.4,9.1,7.0,3.0,4.0,1.0,1.0,0.0,100.0,1.0,8.8,0.0,1.0,0.0,0.0,1.0,3.0,100.0
1768748949.5521345,10.1,4.0,3.0,1.0,0.0,2.0,3.0,0.0,100.0,0.0,2.0,0.0,0.0,0.0,0.0,1.0,3.0,100.0
1768748950.5552683,9.1,4.0,0.0,3.0,0.0,0.0,1.0,0.0,100.0,1.0,0.0,0.0,0.0,1.0,1.0,0.0,0.0,100.0
1768748951.557863,10.9,4.0,4.0,9.1,4.9,2.0,2.0,1.0,100.0,0.0,0.0,0.0,1.0,0.0,1.0,4.1,3.0,100.0
1768748952.5624464,13.3,0.0,6.1,2.0,1.0,1.0,2.0,1.0,100.0,0.0,0.0,0.0,1.0,0.0,2.0,8.1,12.9,100.0
1768748953.5657158,10.0,3.0,2.0,1.0,1.0,0.0,0.0,3.0,100.0,0.0,0.0,0.0,0.0,1.0,0.0,0.0,0.0,100.0
1768748954.5707371,7.2,2.0,3.1,4.0,5.1,4.0,2.0,4.0,100.0,13.0,0.0,0.0,1.0,1.0,0.0,0.0,1.0,100.0
1768748955.576137,9.0,0.0,3.0,3.0,0.0,3.0,4.0,1.0,100.0,0.0,0.0,0.0,0.0,0.0,0.0,0.0,0.0,100.0
1768748956.5802462,13.3,0.0,1.0,0.0,0.0,2.0,1.0,1.0,100.0,0.0,0.0,0.0,1.0,0.0,1.0,0.0,0.0,100.0
1768748957.5834396,11.8,1.0,1.0,1.0,0.0,7.0,1.0,1.0,100.0,0.0,0.0,0.0,0.0,0.0,0.0,0.0,0.0,100.0
1768748958.5872371,9.9,2.0,5.0,2.0,1.0,1.0,0.0,2.0,100.0,1.0,0.0,0.0,0.0,0.0,0.0,0.0,0.0,100.0
1768748959.590288,14.2,1.0,0.0,0.0,0.0,3.0,5.1,2.0,100.0,0.0,0.0,0.0,0.0,0.0,0.0,0.0,0.0,100.0
1768748960.5963955,7.2,1.0,0.0,5.0,0.0,0.0,0.0,6.1,100.0,0.0,1.0,0.0,0.0,0.0,0.0,0.0,0.0,100.0
1768748961.6003523,8.2,1.0,1.0,0.0,0.0,0.0,0.0,0.0,100.0,0.0,0.0,0.0,0.0,0.0,0.0,0.0,0.0,100.0
1768748962.6065447,10.0,0.0,1.0,1.0,0.0,0.0,0.0,0.0,100.0,1.0,0.0,0.0,0.0,0.0,0.0,0.0,0.0,100.0
1768748963.6103866,8.2,0.0,2.0,0.0,1.0,0.0,1.0,0.0,100.0,0.0,0.0,0.0,0.0,0.0,0.0,1.0,0.0,100.0
1768748964.6135774,9.0,1.0,0.0,1.0,0.0,0.0,0.0,1.0,100.0,0.0,0.0,0.0,0.0,0.0,0.0,0.0,0.0,100.0
1768748965.6179106,7.2,0.0,0.0,1.0,1.0,0.0,0.0,4.0,100.0,1.0,1.0,0.0,0.0,0.0,0.0,0.0,0.0,100.0
1768748966.6218653,11.3,2.0,0.0,2.0,0.0,0.0,0.0,2.0,100.0,1.0,0.0,0.0,0.0,0.0,0.0,0.0,0.0,100.0
1768748967.625945,13.5,0.0,1.0,0.0,0.0,1.0,0.0,0.0,100.0,0.0,0.0,0.0,0.0,0.0,0.0,0.0,0.0,100.0
1768748968.6291301,10.8,1.0,0.0,0.0,0.0,1.0,0.0,3.0,100.0,0.0,2.0,0.0,0.0,0.0,0.0,0.0,0.0,100.0
1768748969.6331942,7.3,0.0,1.0,2.0,0.0,0.0,0.0,2.0,100.0,0.0,0.0,0.0,0.0,0.0,0.0,0.0,0.0,100.0
1768748970.6373703,12.6,1.0,1.0,0.0,1.0,0.0,0.0,2.0,100.0,0.0,0.0,0.0,0.0,0.0,0.0,0.0,0.0,100.0
1768748971.9021828,13.3,0.0,0.0,1.0,1.0,0.0,0.0,0.0,100.0,1.0,0.0,0.0,0.0,0.0,1.0,0.0,1.0,100.0
1768748972.9168868,10.0,0.0,1.0,1.0,1.0,0.0,1.0,1.0,100.0,1.0,1.0,0.0,0.0,1.0,0.0,0.0,0.0,100.0
1768748974.028446,12.7,4.0,3.0,2.0,5.1,3.0,0.0,1.0,100.0,3.0,0.0,1.0,2.0,3.0,0.0,0.0,0.0,100.0
1768748975.0339348,11.5,0.0,0.0,0.0,0.0,0.0,2.0,0.0,100.0,0.0,1.0,0.0,0.0,2.0,0.0,0.0,1.0,100.0
1768748976.1593752,10.9,0.0,0.0,0.0,0.0,1.0,0.0,1.0,100.0,0.0,1.0,1.0,0.0,2.0,1.0,0.0,0.0,100.0
1768748977.163742,10.7,0.0,0.0,0.0,0.0,0.0,0.0,1.0,100.0,3.0,2.0,0.0,1.0,0.0,3.0,2.0,0.0,100.0
1768748978.1679456,8.2,1.0,1.0,1.0,0.0,0.0,0.0,0.0,100.0,0.0,0.0,0.0,0.0,2.0,3.0,3.0,2.0,100.0
1768748979.1721873,10.1,3.0,3.0,2.0,1.0,5.0,2.0,0.0,100.0,0.0,0.0,1.0,1.0,3.0,2.0,1.0,1.0,100.0
1768748980.1764247,9.1,8.1,8.1,5.0,2.0,12.2,7.0,5.1,100.0,0.0,0.0,0.0,0.0,2.0,0.0,0.0,4.0,100.0
1768748981.1809132,7.1,2.0,0.0,1.0,1.0,1.0,8.0,2.0,100.0,0.0,1.0,1.0,0.0,1.0,3.0,4.0,3.0,100.0
1768748982.185451,7.1,1.0,0.0,0.0,0.0,1.0,2.0,0.0,100.0,3.0,0.0,5.0,3.0,0.0,1.0,0.0,2.0,100.0
1768748983.1894503,7.1,4.0,3.0,3.0,1.0,0.0,0.0,0.0,100.0,0.0,0.0,0.0,1.0,0.0,4.0,1.0,0.0,100.0
1768748984.1936162,4.2,2.0,3.1,2.0,1.0,1.0,0.0,2.0,100.0,0.0,1.0,0.0,0.0,1.0,0.0,0.0,0.0,100.0
1768748985.1959724,9.0,5.1,2.0,1.0,0.0,3.0,0.0,0.0,100.0,0.0,0.0,0.0,0.0,0.0,1.0,0.0,1.0,100.0
1768748986.2000492,6.1,3.0,2.0,2.0,2.0,4.0,6.1,5.9,100.0,1.0,0.0,0.0,0.0,1.0,0.0,1.0,0.0,100.0
1768748987.2017374,6.1,4.0,2.0,0.0,3.1,0.0,4.0,2.0,100.0,0.0,0.0,0.0,0.0,0.0,1.0,0.0,0.0,100.0
1768748988.205643,11.8,9.1,6.0,2.0,0.0,3.0,0.0,3.1,100.0,1.0,2.0,0.0,0.0,1.0,0.0,0.0,0.0,100.0
1768748989.2084901,14.4,14.9,2.0,0.0,0.0,0.0,0.0,1.0,100.0,1.0,0.0,0.0,1.0,1.0,1.0,0.0,0.0,100.0
1768748990.3421888,9.8,7.1,9.0,3.0,3.0,1.0,0.0,0.0,100.0,9.2,2.0,3.0,3.0,1.0,1.0,5.1,2.0,100.0
1768748991.345856,9.1,0.0,0.0,3.0,1.0,3.0,0.0,1.0,100.0,0.0,1.0,2.0,10.0,3.0,1.0,1.0,0.0,100.0
1768748992.3483682,8.1,0.0,0.0,0.0,1.0,0.0,1.0,0.0,100.0,7.9,7.1,5.1,3.1,4.0,2.0,0.0,1.0,100.0
1768748993.3514764,14.2,0.0,0.0,0.0,0.0,1.0,0.0,0.0,100.0,3.1,4.0,4.0,7.8,0.0,0.0,0.0,0.0,100.0
1768748994.3558767,8.1,0.0,0.0,0.0,2.0,1.0,0.0,0.0,100.0,3.0,3.0,5.1,4.0,2.0,2.0,2.0,1.0,100.0
1768748995.3591816,8.9,1.0,1.0,0.0,0.0,1.0,0.0,0.0,100.0,4.0,17.0,10.0,2.0,3.0,1.0,0.0,0.0,100.0
1768748996.362911,7.1,1.0,0.0,1.0,1.0,0.0,1.0,0.0,100.0,7.1,5.1,14.4,1.0,0.0,2.0,0.0,0.0,100.0
1768748997.3668869,12.6,1.0,1.0,5.0,1.0,5.0,0.0,3.0,100.0,2.0,15.2,2.0,1.0,5.1,4.1,6.1,7.0,100.0
1768748998.3712661,12.6,0.0,1.0,6.1,1.0,3.0,0.0,2.0,100.0,1.0,9.0,1.0,4.0,0.0,2.0,5.0,1.0,100.0
1768748999.3758101,11.8,1.0,0.0,1.0,1.0,1.0,1.0,1.0,100.0,0.0,0.0,2.0,2.0,2.0,2.0,0.0,0.0,100.0
1768749000.3797984,10.1,0.0,0.0,0.0,0.0,0.0,1.0,0.0,100.0,0.0,0.0,0.0,1.0,2.0,3.1,4.0,5.0,100.0
1768749001.3831758,10.9,1.0,1.0,0.0,0.0,1.0,3.0,0.0,100.0,1.0,0.0,1.0,0.0,0.0,1.0,4.1,11.0,100.0
1768749002.3868043,10.1,0.0,2.0,0.0,0.0,1.0,3.0,2.0,100.0,0.0,0.0,1.0,1.0,0.0,0.0,1.0,4.0,100.0
1768749003.394089,12.6,1.0,0.0,1.0,0.0,1.0,0.0,0.0,100.0,0.0,0.0,0.0,0.0,0.0,0.0,1.0,0.0,100.0
1768749004.3980856,12.5,1.0,0.0,1.0,0.0,0.0,0.0,0.0,100.0,0.0,0.0,0.0,0.0,0.0,1.0,0.0,0.0,100.0
1768749005.4026263,11.0,0.0,0.0,0.0,2.0,1.0,0.0,2.0,100.0,1.0,0.0,0.0,3.0,0.0,0.0,0.0,1.0,100.0
1768749006.4066741,10.0,0.0,0.0,0.0,0.0,0.0,1.0,0.0,100.0,0.0,0.0,0.0,0.0,3.0,0.0,0.0,0.0,100.0
1768749007.409971,9.1,1.0,0.0,0.0,0.0,1.0,0.0,2.0,100.0,0.0,1.0,0.0,0.0,0.0,0.0,0.0,0.0,100.0
1768749008.4142065,12.6,0.0,0.0,0.0,1.0,1.0,0.0,2.0,100.0,1.0,0.0,0.0,0.0,0.0,2.0,1.0,0.0,100.0
1768749009.4191775,10.9,0.0,0.0,1.0,0.0,1.0,0.0,1.0,100.0,0.0,0.0,0.0,0.0,0.0,1.0,0.0,0.0,100.0
1768749010.4221117,12.5,4.0,7.1,0.0,0.0,2.0,1.0,0.0,100.0,0.0,0.0,0.0,0.0,0.0,0.0,0.0,0.0,100.0
1768749011.4256935,10.1,0.0,0.0,0.0,0.0,0.0,0.0,1.0,100.0,0.0,0.0,0.0,0.0,0.0,0.0,0.0,0.0,100.0
1768749012.4298909,9.0,1.0,0.0,0.0,0.0,0.0,0.0,1.0,100.0,0.0,1.0,0.0,0.0,0.0,0.0,0.0,0.0,100.0
1768749013.43484,8.0,0.0,0.0,0.0,0.0,1.0,0.0,0.0,100.0,0.0,0.0,0.0,0.0,0.0,0.0,0.0,0.0,100.0
1768749014.5157225,12.6,0.0,0.0,0.0,0.0,1.0,0.0,2.0,100.0,0.0,0.0,0.0,0.0,0.0,0.0,0.0,0.0,100.0
1768749015.5197642,11.8,0.0,0.0,0.0,0.0,1.0,1.0,2.0,100.0,0.0,0.0,0.0,0.0,0.0,0.0,0.0,0.0,100.0
1768749016.5242286,10.0,0.0,0.0,0.0,1.0,0.0,0.0,0.0,100.0,0.0,0.0,0.0,0.0,0.0,0.0,0.0,0.0,100.0
1768749017.5280845,11.7,0.0,0.0,0.0,0.0,1.0,0.0,1.0,100.0,0.0,1.0,0.0,0.0,0.0,0.0,0.0,0.0,100.0
1768749018.5315738,13.6,0.0,0.0,0.0,0.0,0.0,2.0,0.0,100.0,0.0,0.0,1.0,0.0,0.0,0.0,0.0,0.0,100.0
1768749019.535784,8.2,3.0,0.0,1.0,0.0,0.0,0.0,1.0,100.0,1.0,0.0,0.0,0.0,0.0,0.0,0.0,0.0,100.0
1768749020.5396755,11.8,2.0,0.0,0.0,6.0,10.9,14.4,3.0,100.0,2.0,5.0,1.0,1.0,0.0,0.0,0.0,0.0,100.0
1768749021.544185,9.1,0.0,0.0,0.0,0.0,4.0,11.0,5.1,100.0,0.0,4.0,2.0,1.0,0.0,0.0,0.0,0.0,100.0
1768749022.5466852,7.2,0.0,0.0,0.0,0.0,1.0,0.0,0.0,100.0,1.0,0.0,0.0,0.0,0.0,0.0,0.0,0.0,100.0
1768749023.551182,8.2,1.0,0.0,0.0,0.0,1.0,0.0,0.0,100.0,0.0,0.0,3.0,0.0,0.0,0.0,0.0,0.0,100.0
1768749024.5555942,10.0,2.0,1.0,0.0,1.0,1.0,1.0,0.0,100.0,0.0,0.0,0.0,0.0,0.0,0.0,0.0,0.0,100.0
1768749025.5604942,10.0,1.0,1.0,2.9,1.0,5.0,0.0,0.0,100.0,1.0,4.0,4.0,4.0,1.0,0.0,1.0,1.0,100.0
1768749026.5638206,9.2,1.0,2.0,12.2,4.0,10.1,6.0,3.0,100.0,1.0,0.0,3.0,5.1,3.1,0.0,0.0,1.0,100.0
1768749027.5676827,8.1,0.0,2.0,0.0,1.0,0.0,0.0,0.0,100.0,2.0,1.0,1.0,1.0,0.0,0.0,0.0,0.0,100.0
1768749028.5710156,11.8,0.0,0.0,0.0,0.0,0.0,0.0,2.0,100.0,0.0,0.0,1.0,1.0,0.0,1.0,3.0,0.0,100.0
1768749029.5759048,9.2,1.0,1.0,1.0,1.0,0.0,1.0,0.0,100.0,0.0,0.0,2.0,1.0,3.0,4.0,2.0,0.0,100.0
1768749030.5793304,10.0,0.0,0.0,0.0,0.0,0.0,0.0,0.0,100.0,0.0,0.0,1.0,0.0,0.0,0.0,0.0,0.0,100.0
1768749031.5837388,7.2,0.0,1.0,0.0,1.0,0.0,0.0,0.0,100.0,1.0,0.0,0.0,0.0,0.0,0.0,0.0,0.0,100.0
1768749032.7403378,11.5,0.0,0.0,0.0,0.0,1.0,0.0,0.0,100.0,0.0,0.0,0.0,0.0,0.0,0.0,0.0,0.0,100.0
1768749033.7635639,9.1,0.0,1.0,0.0,0.0,0.0,0.0,1.0,100.0,1.0,0.0,0.0,0.0,0.0,0.0,0.0,0.0,100.0
1768749034.8378284,9.1,1.0,0.0,0.0,1.0,0.0,0.0,0.0,100.0,0.0,0.0,3.0,2.0,5.0,7.1,1.0,1.0,100.0
1768749035.8729792,8.1,0.0,3.0,4.0,0.0,2.0,1.0,1.0,100.0,1.0,0.0,0.0,3.0,2.0,1.0,2.0,4.0,100.0
1768749036.8772967,11.8,0.0,3.0,0.0,1.0,0.0,1.0,0.0,100.0,1.0,1.0,0.0,3.0,3.0,1.0,1.0,2.0,100.0
1768749037.8810372,9.9,0.0,0.0,3.9,1.0,1.0,1.0,4.0,100.0,1.0,0.0,3.0,2.0,0.0,2.0,1.0,2.0,100.0
1768749038.8865514,6.3,1.0,1.0,1.0,0.0,5.0,4.0,1.0,100.0,0.0,1.0,0.0,0.0,0.0,0.0,1.0,2.0,100.0
1768749039.8897443,11.8,0.0,1.0,3.0,1.0,6.0,1.0,3.0,100.0,1.0,1.0,0.0,0.0,0.0,0.0,0.0,0.0,100.0
1768749040.8933089,10.0,2.0,0.0,0.0,0.0,1.0,0.0,0.0,100.0,1.0,1.0,0.0,0.0,0.0,0.0,0.0,0.0,100.0
1768749041.8970742,9.1,0.0,1.0,3.0,1.0,0.0,0.0,0.0,100.0,0.0,1.0,0.0,0.0,0.0,0.0,0.0,0.0,100.0
1768749042.9003646,12.7,1.0,2.0,3.0,4.0,4.0,1.0,0.0,100.0,0.0,0.0,1.0,2.0,0.0,0.0,0.0,0.0,100.0
1768749043.9040244,15.0,7.0,2.0,3.0,2.0,0.0,0.0,3.0,100.0,1.0,0.0,1.0,0.0,0.0,0.0,0.0,0.0,100.0
1768749044.9087408,17.3,1.0,0.0,1.0,2.0,3.0,2.0,0.0,100.0,0.0,0.0,0.0,0.0,0.0,0.0,0.0,0.0,100.0
1768749045.9136167,8.1,3.0,4.0,0.0,4.0,0.0,1.0,0.0,100.0,1.0,2.0,1.0,0.0,0.0,0.0,0.0,0.0,100.0
1768749046.9155889,10.0,1.0,0.0,0.0,1.0,0.0,0.0,0.0,100.0,0.0,1.0,1.0,0.0,0.0,0.0,0.0,0.0,100.0
1768749047.917248,12.2,2.0,3.0,3.0,2.0,1.0,3.0,1.0,100.0,1.0,0.0,0.0,2.0,0.0,0.0,0.0,0.0,100.0
1768749048.9189563,11.7,0.0,1.0,0.0,0.0,1.0,1.0,1.0,100.0,0.0,0.0,1.0,4.0,2.0,2.0,0.0,0.0,100.0
1768749049.9206784,10.9,1.0,1.0,0.0,0.0,0.0,0.0,0.0,100.0,0.0,1.0,0.0,0.0,3.0,2.0,5.1,2.0,100.0
1768749050.9234943,11.8,1.0,1.0,0.0,0.0,1.0,2.0,0.0,100.0,1.0,0.0,1.0,0.0,10.1,3.0,1.0,0.0,100.0
1768749051.9269829,10.8,0.0,1.0,4.0,4.0,1.0,0.0,0.0,100.0,0.0,0.0,0.0,0.0,0.0,0.0,0.0,0.0,100.0
1768749052.929393,16.5,4.0,1.0,2.0,3.1,2.0,4.1,4.0,100.0,2.0,0.0,0.0,0.0,0.0,0.0,0.0,1.0,100.0
1768749053.9312685,14.8,1.0,0.0,0.0,3.0,1.0,3.0,4.0,100.0,0.0,1.0,0.0,1.0,0.0,1.0,1.0,0.0,100.0
1768749054.9332685,11.9,0.0,0.0,1.0,0.0,0.0,0.0,2.0,100.0,1.0,1.0,1.0,0.0,0.0,0.0,1.0,1.0,100.0
1768749055.9366062,10.9,0.0,1.0,4.0,1.0,1.0,2.0,0.0,100.0,0.0,0.0,0.0,0.0,0.0,1.0,2.0,0.0,100.0
1768749056.9398892,13.5,1.0,0.0,3.1,1.0,0.0,0.0,0.0,100.0,1.0,1.0,0.0,1.0,1.0,0.0,0.0,0.0,100.0
1768749057.9437106,14.3,0.0,1.0,1.0,7.0,4.0,3.0,0.0,100.0,0.0,0.0,0.0,0.0,0.0,1.0,0.0,1.0,100.0
1768749058.9480765,13.3,1.0,0.0,2.0,1.0,0.0,0.0,0.0,100.0,1.0,0.0,0.0,0.0,0.0,0.0,1.0,1.0,100.0
1768749059.9515452,15.1,0.0,0.0,2.0,0.0,0.0,0.0,0.0,100.0,0.0,0.0,0.0,0.0,0.0,1.0,1.0,1.0,100.0
1768749060.9545481,12.6,1.0,1.0,3.0,4.0,0.0,0.0,1.0,100.0,0.0,0.0,0.0,0.0,0.0,0.0,1.0,1.0,100.0
1768749061.9585261,12.7,1.0,3.0,8.0,2.0,2.0,2.0,7.0,100.0,1.0,2.0,0.0,1.0,0.0,0.0,1.0,0.0,100.0
1768749062.9619164,13.0,5.0,4.0,5.0,1.0,0.0,2.0,0.0,100.0,1.0,0.0,0.0,1.0,0.0,1.0,0.0,0.0,100.0
1768749063.966203,15.7,5.0,4.0,7.1,13.9,1.0,0.0,0.0,100.0,1.0,1.0,0.0,0.0,0.0,0.0,1.0,0.0,100.0
1768749064.9702551,10.8,0.0,1.0,3.0,0.0,1.0,1.0,0.0,100.0,0.0,0.0,0.0,0.0,0.0,0.0,0.0,1.0,100.0
1768749065.9727306,12.2,5.1,3.0,1.0,4.1,1.0,0.0,0.0,100.0,1.0,4.0,3.0,0.0,0.0,1.0,2.0,0.0,100.0
1768749066.9767685,12.6,0.0,1.0,5.1,10.2,7.2,1.0,0.0,100.0,1.0,0.0,0.0,0.0,0.0,1.0,0.0,4.1,100.0
1768749067.980105,14.0,0.0,0.0,1.0,12.2,6.1,0.0,0.0,100.0,1.0,2.0,0.0,0.0,0.0,0.0,0.0,0.0,100.0
1768749068.984566,14.3,1.0,0.0,2.0,4.0,4.0,1.0,0.0,100.0,1.0,7.1,3.1,2.0,0.0,0.0,0.0,1.0,100.0
1768749069.9889886,11.8,0.0,0.0,0.0,1.0,1.0,0.0,0.0,100.0,0.0,1.0,11.1,3.1,3.0,0.0,2.0,0.0,100.0
1768749070.9944537,12.4,11.1,2.0,1.0,0.0,1.0,0.0,0.0,100.0,0.0,2.0,3.0,6.0,11.1,5.0,11.0,5.0,100.0
1768749071.9975958,15.7,1.0,0.0,0.0,0.0,0.0,0.0,1.0,100.0,0.0,3.0,1.0,1.0,0.0,0.0,0.0,0.0,100.0
1768749073.0002527,15.7,2.0,1.0,1.0,1.0,2.0,0.0,0.0,100.0,2.0,3.0,12.9,7.0,4.0,0.0,0.0,0.0,100.0
1768749074.0024695,11.5,1.0,3.0,1.0,2.0,2.0,2.0,8.2,100.0,3.0,18.4,4.1,4.1,2.0,3.0,1.0,3.0,100.0
1768749075.0055785,12.5,5.0,1.0,3.0,0.0,0.0,1.0,3.0,100.0,2.0,6.0,2.0,5.1,4.0,3.0,1.0,4.0,100.0
1768749076.009937,6.3,1.0,1.0,2.0,0.0,0.0,0.0,0.0,100.0,0.0,2.0,2.0,0.0,4.0,2.9,0.0,1.0,100.0
1768749077.152936,12.5,0.0,1.0,0.0,0.0,0.0,0.0,0.0,100.0,0.0,2.0,4.0,3.0,2.0,1.0,1.0,0.0,100.0
1768749078.1576107,11.8,0.0,0.0,0.0,0.0,0.0,0.0,0.0,100.0,0.0,2.1,1.0,1.0,4.0,4.0,7.0,2.0,100.0
1768749079.1611037,10.8,0.0,0.0,0.0,0.0,0.0,0.0,0.0,100.0,4.0,1.0,0.0,0.0,1.0,0.0,0.0,2.0,100.0
1768749080.1660347,13.3,1.0,0.0,6.1,3.0,1.0,0.0,1.0,100.0,0.0,4.0,1.0,0.0,1.0,0.0,0.0,0.0,100.0
1768749081.170136,8.1,0.0,0.0,1.0,0.0,3.0,1.0,0.0,100.0,0.0,2.0,1.0,0.0,1.0,0.0,1.0,0.0,100.0
1768749082.17216,7.2,0.0,1.0,1.0,1.0,0.0,3.1,1.0,100.0,4.0,3.0,1.0,3.0,2.0,4.0,3.0,0.0,100.0
1768749083.1741436,10.9,0.0,0.0,1.0,0.0,1.0,0.0,1.0,100.0,0.0,1.0,4.0,1.0,2.0,5.1,2.0,1.0,100.0
1768749084.1798685,8.1,0.0,0.0,0.0,0.0,0.0,0.0,0.0,100.0,0.0,1.0,4.0,0.0,2.0,2.0,1.0,0.0,100.0
1768749085.1842217,11.8,0.0,0.0,0.0,0.0,0.0,1.0,0.0,100.0,0.0,0.0,3.0,2.0,0.0,3.0,5.1,2.0,100.0
1768749086.1866283,8.2,0.0,0.0,0.0,1.0,0.0,0.0,0.0,100.0,0.0,4.0,5.1,1.0,4.0,4.1,3.1,2.0,100.0
1768749087.1904821,11.8,0.0,0.0,3.0,2.0,10.0,7.1,2.9,100.0,0.0,3.0,3.0,2.0,0.0,3.0,4.0,1.0,100.0
1768749088.193652,12.4,0.0,0.0,0.0,0.0,0.0,0.0,0.0,100.0,0.0,2.0,0.0,2.0,6.0,6.1,3.0,2.0,100.0
1768749089.1973631,11.7,0.0,0.0,0.0,2.0,2.0,0.0,0.0,100.0,0.0,0.0,0.0,0.0,7.0,5.0,1.0,3.0,100.0
1768749090.201475,4.3,0.0,0.0,0.0,0.0,0.0,0.0,2.0,100.0,0.0,5.0,0.0,0.0,0.0,0.0,0.0,0.0,100.0
1768749091.2046056,8.2,0.0,0.0,1.0,0.0,0.0,0.0,1.0,100.0,0.0,0.0,0.0,2.0,0.0,1.0,0.0,1.0,100.0
1768749092.208314,8.2,2.0,1.0,0.0,0.0,0.0,0.0,0.0,100.0,1.0,0.0,0.0,0.0,0.0,0.0,0.0,0.0,100.0
1768749093.4977512,9.9,3.0,0.0,0.0,0.0,1.0,0.0,0.0,100.0,2.0,2.9,1.0,0.0,0.0,0.0,0.0,0.0,100.0
1768749094.50208,12.0,3.0,5.0,3.1,4.0,4.0,1.0,0.0,100.0,1.0,0.0,0.0,0.0,0.0,0.0,0.0,0.0,100.0
1768749095.50585,7.2,1.0,2.0,1.0,0.0,1.0,2.0,2.0,100.0,0.0,0.0,1.9,0.0,0.0,0.0,0.0,0.0,100.0
1768749096.5093293,6.3,4.0,1.0,3.0,1.0,0.0,0.0,0.0,100.0,0.0,0.0,0.0,1.0,1.0,0.0,0.0,0.0,100.0
1768749097.5134292,7.3,3.0,2.0,1.0,7.0,1.0,5.0,3.0,100.0,0.0,0.0,0.0,0.0,0.0,0.0,0.0,0.0,100.0
1768749098.517111,10.9,0.0,0.0,0.0,0.0,0.0,0.0,0.0,100.0,0.0,2.0,1.0,2.0,3.0,0.0,2.0,1.0,100.0
1768749099.5207527,10.9,1.0,0.0,0.0,0.0,0.0,0.0,1.0,100.0,0.0,0.0,0.0,1.0,0.0,0.0,2.0,1.0,100.0
1768749100.5244167,9.1,0.0,0.0,0.0,0.0,0.0,0.0,2.0,100.0,0.0,0.0,2.0,1.0,0.0,0.0,0.0,4.0,100.0
1768749101.533785,10.0,1.0,1.0,2.0,2.0,1.0,0.0,0.0,100.0,1.0,0.0,1.0,2.0,1.0,0.0,0.0,0.0,100.0
1768749102.5632033,9.9,1.0,1.0,1.0,0.0,2.0,1.0,3.0,100.0,0.0,0.0,0.0,0.0,0.0,0.0,0.0,0.0,100.0
1768749103.5668342,12.4,0.0,2.0,1.0,1.0,1.0,0.0,1.0,100.0,0.0,0.0,0.0,0.0,0.0,1.0,1.0,0.0,100.0
1768749104.5714765,7.3,2.0,1.0,1.0,4.0,8.0,2.0,2.0,100.0,0.0,0.0,0.0,0.0,2.0,0.0,0.0,0.0,100.0
1768749105.6387887,11.9,3.0,2.0,3.0,2.0,6.9,3.9,6.1,100.0,1.0,3.0,0.0,2.0,0.0,1.0,1.0,0.0,100.0
1768749106.7572734,13.5,1.0,0.0,2.0,1.0,1.0,0.0,0.0,100.0,3.0,1.0,1.0,0.0,2.0,1.0,0.0,0.0,100.0
1768749107.7596202,11.5,1.0,1.0,0.0,1.0,10.0,3.0,16.2,100.0,2.1,8.2,5.1,7.0,3.0,1.0,1.0,2.0,100.0
1768749108.7637348,11.7,0.0,1.0,1.0,1.0,0.0,0.0,0.0,100.0,4.0,10.0,10.1,3.0,2.0,2.0,3.0,0.0,100.0
1768749109.7673054,13.5,2.0,1.0,0.0,2.0,0.0,0.0,1.0,100.0,0.0,0.0,0.0,2.0,0.0,1.0,0.0,1.0,100.0
1768749110.7705207,14.3,1.0,0.0,0.0,5.1,2.0,0.0,1.0,100.0,0.0,0.0,1.0,3.0,0.0,2.0,4.0,1.0,100.0
1768749111.774979,7.1,0.0,2.0,1.0,0.0,0.0,0.0,2.0,100.0,4.0,0.0,1.0,0.0,0.0,5.0,0.0,0.0,100.0
1768749112.7792082,11.7,0.0,0.0,0.0,0.0,0.0,1.0,0.0,100.0,9.2,9.9,6.1,4.0,5.1,7.1,10.2,12.1,100.0
1768749113.7826676,12.6,1.0,0.0,0.0,1.0,0.0,0.0,0.0,100.0,0.0,0.0,15.6,2.0,10.1,5.1,1.0,11.2,100.0
1768749114.7870026,8.2,0.0,3.0,1.0,0.0,0.0,1.0,1.0,100.0,0.0,0.0,3.0,1.0,6.0,10.1,4.0,2.0,100.0
1768749115.7921293,10.0,1.0,1.0,1.0,2.0,2.0,0.0,1.0,100.0,5.1,2.0,2.0,1.0,0.0,0.0,1.0,4.0,100.0
1768749116.7968585,6.3,0.0,0.0,0.0,0.0,1.0,0.0,0.0,100.0,0.0,1.0,0.0,1.0,0.0,1.0,1.0,1.0,100.0
1768749117.8010178,14.4,6.2,4.0,5.1,0.0,2.0,1.0,1.0,100.0,0.0,0.0,0.0,0.0,0.0,0.0,0.0,0.0,100.0
1768749118.8055298,6.5,2.0,7.1,4.0,1.0,2.1,3.0,5.1,100.0,0.0,0.0,0.0,1.0,0.0,0.0,0.0,0.0,100.0
1768749119.8093765,4.3,0.0,1.0,1.0,1.0,2.0,0.0,0.0,100.0,0.0,0.0,0.0,1.0,0.0,0.0,0.0,0.0,100.0
1768749120.8129833,10.9,0.0,1.0,6.1,3.0,2.0,1.0,1.0,100.0,0.0,0.0,0.0,0.0,0.0,0.0,1.0,0.0,100.0
1768749121.8153572,7.4,0.0,0.0,1.0,0.0,0.0,2.0,0.0,100.0,0.0,1.0,0.0,0.0,0.0,0.0,0.0,0.0,100.0
1768749122.8196058,4.2,3.0,4.0,2.0,2.0,2.0,1.0,1.0,100.0,1.0,3.0,3.0,2.0,5.1,1.0,0.0,1.0,100.0
1768749123.823711,5.2,0.0,2.0,8.2,3.0,4.0,1.0,1.0,100.0,0.0,0.0,0.0,0.0,0.0,0.0,0.0,0.0,100.0
1768749124.8254514,13.7,10.2,7.1,2.0,2.0,1.0,3.0,0.0,100.0,1.0,0.0,0.0,1.0,2.0,0.0,0.0,0.0,100.0
1768749125.8305562,8.2,2.0,5.1,14.1,10.2,4.0,3.0,4.0,100.0,0.0,8.0,5.0,2.0,0.0,1.0,4.0,0.0,100.0
1768749126.8344376,5.3,0.0,0.0,0.0,1.0,0.0,0.0,0.0,100.0,0.0,0.0,0.0,0.0,0.0,2.0,1.0,4.0,100.0
1768749127.8378086,9.4,3.1,2.0,0.0,1.0,0.0,0.0,2.0,100.0,7.1,6.0,2.0,5.1,4.0,5.0,8.0,2.0,100.0
1768749128.8411353,6.3,3.0,2.0,1.0,2.0,3.0,2.0,0.0,100.0,4.0,6.0,8.0,1.0,3.0,0.0,1.0,0.0,100.0
1768749129.8437755,7.3,3.0,6.0,8.1,5.0,1.0,0.0,0.0,100.0,1.0,1.0,0.0,0.0,1.0,6.1,10.2,0.0,100.0
1768749130.8473005,8.2,5.1,2.0,6.0,7.1,9.1,3.0,1.0,100.0,15.0,5.1,1.0,1.0,0.0,0.0,1.0,0.0,100.0
1768749131.8504598,9.8,3.0,1.0,9.1,17.2,9.3,8.1,3.1,100.0,8.0,4.0,2.0,0.0,0.0,0.0,0.0,0.0,100.0
1768749132.8539681,9.1,1.0,3.0,4.0,8.1,3.0,4.0,4.0,100.0,0.0,1.0,1.0,0.0,0.0,0.0,0.0,4.9,100.0
1768749133.8584201,11.7,0.0,3.0,2.0,0.0,0.0,0.0,3.0,100.0,3.1,0.0,0.0,0.0,0.0,0.0,5.0,2.0,100.0
1768749134.8616714,12.5,2.0,0.0,0.0,0.0,0.0,0.0,0.0,100.0,2.0,8.1,0.0,0.0,0.0,0.0,0.0,0.0,100.0
1768749135.8652139,14.2,2.0,2.0,0.0,0.0,0.0,0.0,4.1,100.0,1.0,3.0,1.0,0.0,0.0,0.0,0.0,0.0,100.0
1768749136.8697722,11.1,7.1,7.1,2.0,4.1,1.0,0.0,6.1,100.0,2.0,2.0,1.0,0.0,0.0,0.0,0.0,0.0,100.0
1768749137.8740559,9.9,0.0,0.0,0.0,0.0,0.0,0.0,0.0,100.0,2.0,5.0,4.1,1.0,0.0,0.0,0.0,0.0,100.0
1768749138.87654,14.0,2.0,6.0,6.1,7.0,2.0,0.0,0.0,100.0,0.0,1.0,0.0,2.0,1.0,1.0,0.0,0.0,100.0
1768749139.880289,10.9,4.1,4.0,1.0,0.0,2.0,2.0,0.0,100.0,0.0,0.0,0.0,1.0,2.0,0.0,0.0,0.0,100.0
1768749140.8846664,16.0,1.0,4.0,2.0,0.0,0.0,0.0,0.0,100.0,3.0,0.0,0.0,0.0,2.0,3.0,0.0,4.0,100.0
1768749141.8902426,8.2,0.0,0.0,0.0,1.0,1.0,1.0,0.0,100.0,0.0,1.0,4.0,2.0,7.1,4.0,3.0,1.0,100.0
1768749142.8947232,8.2,2.0,0.0,0.0,1.0,0.0,0.0,0.0,100.0,2.0,2.0,1.0,0.0,0.0,0.0,1.0,1.0,100.0
1768749143.898655,11.4,0.0,2.0,0.0,0.0,4.0,0.0,0.0,100.0,4.1,3.1,5.1,4.0,1.0,3.0,5.1,2.0,100.0
1768749144.9028723,13.5,1.0,0.0,1.0,1.0,0.0,1.0,0.0,100.0,2.0,5.0,1.0,1.0,3.0,4.1,6.1,4.0,100.0
1768749145.9050305,9.1,0.0,3.0,1.0,1.0,1.0,0.0,0.0,100.0,4.0,2.0,0.0,0.0,0.0,1.0,2.0,2.0,100.0
1768749146.9094028,12.6,1.0,0.0,0.0,0.0,0.0,0.0,0.0,100.0,0.0,0.0,1.0,1.0,0.0,0.0,2.0,2.0,100.0
1768749147.9128363,10.0,0.0,1.0,0.0,1.0,0.0,0.0,0.0,100.0,0.0,0.0,0.0,0.0,0.0,0.0,1.0,1.0,100.0
1768749148.9173672,9.0,0.0,0.0,0.0,0.0,0.0,0.0,0.0,100.0,1.0,0.0,0.0,0.0,0.0,0.0,1.0,0.0,100.0
1768749149.9206955,8.2,1.0,1.0,2.0,3.0,0.0,1.0,3.0,100.0,0.0,0.0,1.0,0.0,0.0,0.0,0.0,0.0,100.0
1768749150.924997,9.0,0.0,0.0,0.0,0.0,0.0,1.0,0.0,100.0,0.0,0.0,0.0,0.0,1.0,0.0,0.0,3.0,100.0
1768749151.9291553,9.1,0.0,0.0,0.0,0.0,2.0,0.0,2.0,100.0,0.0,0.0,0.0,1.0,0.0,1.0,10.0,0.0,100.0
1768749152.9354634,11.7,1.0,2.0,1.0,3.0,1.0,0.0,0.0,100.0,4.0,0.0,2.0,0.0,0.0,4.0,0.0,1.0,100.0
1768749153.939577,13.3,0.0,1.0,0.0,0.0,1.0,2.0,1.0,100.0,5.1,4.0,2.0,2.0,1.0,5.1,2.0,0.0,100.0
1768749154.9436886,9.9,0.0,0.0,1.0,0.0,0.0,1.0,3.0,100.0,5.0,11.1,4.0,5.0,1.0,5.0,0.0,1.0,100.0
1768749155.9478307,7.2,0.0,0.0,0.0,0.0,0.0,0.0,0.0,100.0,3.0,5.1,4.0,3.0,3.1,2.0,1.0,0.0,100.0
1768749156.9522092,10.1,2.0,1.0,2.0,1.0,1.0,6.1,1.0,100.0,1.0,0.0,1.0,1.0,1.0,1.0,1.0,1.0,100.0
1768749157.95653,9.2,4.0,1.0,1.0,1.0,5.1,6.1,1.0,100.0,0.0,0.0,0.0,1.0,0.0,0.0,0.0,2.0,100.0
1768749158.9612885,8.2,1.0,3.0,3.0,4.0,3.0,0.0,2.0,100.0,0.0,0.0,1.0,0.0,1.0,0.0,1.0,2.0,100.0
1768749160.082472,7.1,1.0,0.0,0.0,0.0,0.0,0.0,0.0,100.0,0.0,1.0,0.0,1.0,0.0,0.0,1.0,0.0,100.0
1768749161.0871692,7.1,1.0,2.0,1.0,1.0,1.0,0.0,0.0,100.0,2.0,0.0,0.0,0.0,0.0,0.0,0.0,0.0,100.0
1768749162.2379844,10.1,4.1,1.0,3.0,0.0,0.0,0.0,1.0,100.0,1.0,3.0,2.0,0.0,2.0,0.0,0.0,0.0,100.0
1768749163.2416143,10.0,2.0,3.0,9.1,5.9,0.0,3.0,2.0,100.0,0.0,3.0,3.0,2.0,2.0,5.0,3.0,2.0,100.0
1768749164.2440467,9.1,2.0,1.0,2.0,1.0,1.0,0.0,3.0,100.0,0.0,2.0,9.2,1.0,0.0,0.0,0.0,0.0,100.0
1768749165.2459018,7.1,1.0,1.0,4.9,6.1,4.0,1.0,4.0,100.0,4.0,9.0,5.1,1.0,3.0,2.0,2.0,0.0,100.0
1768749166.2498343,9.0,2.0,2.0,2.0,1.0,0.0,0.0,0.0,100.0,0.0,8.1,2.0,7.1,7.1,3.0,2.0,6.1,100.0
1768749167.2537732,9.0,1.0,5.1,5.0,11.1,8.9,5.9,0.0,100.0,0.0,2.0,3.0,1.0,1.0,1.0,0.0,1.0,100.0
1768749168.2564504,9.1,0.0,7.0,1.0,7.1,0.0,4.0,3.0,100.0,0.0,2.1,6.0,9.0,11.1,1.0,0.0,0.0,100.0
1768749169.259852,9.0,2.0,1.0,3.0,1.0,1.0,1.0,0.0,100.0,0.0,0.0,1.0,9.1,9.0,9.3,5.1,3.0,100.0
1768749170.2637117,9.1,1.0,0.0,0.0,0.0,0.0,0.0,0.0,100.0,0.0,0.0,0.0,0.0,0.0,16.2,5.0,5.1,100.0
1768749171.2676318,10.2,1.0,0.0,0.0,1.0,1.0,1.0,0.0,100.0,0.0,3.0,0.0,0.0,1.0,4.0,2.0,0.0,100.0
1768749172.269443,16.2,5.0,12.4,3.0,6.1,1.0,0.0,3.0,100.0,1.0,0.0,3.0,2.0,5.0,0.0,0.0,1.0,100.0
1768749173.2735872,9.9,1.0,0.0,0.0,1.0,0.0,1.0,0.0,100.0,0.0,0.0,0.0,1.0,0.0,0.0,0.0,0.0,100.0
1768749174.275256,12.5,0.0,0.0,0.0,0.0,0.0,0.0,0.0,100.0,0.0,0.0,0.0,0.0,0.0,0.0,0.0,0.0,100.0
1768749175.2773168,14.6,1.0,1.0,0.0,0.0,0.0,1.0,0.0,100.0,0.0,1.0,1.0,0.0,0.0,0.0,0.0,0.0,100.0
1768749176.280942,12.0,3.0,2.0,3.1,9.9,3.0,2.0,2.0,100.0,3.0,1.0,1.0,1.0,1.0,0.0,2.0,0.0,100.0
1768749177.2842696,11.8,4.0,2.0,0.0,4.0,1.0,0.0,0.0,100.0,2.9,0.0,0.0,1.0,1.0,0.0,0.0,0.0,100.0
1768749178.28817,11.8,2.0,5.0,1.0,1.0,0.0,0.0,0.0,100.0,0.0,1.0,0.0,1.0,1.0,0.0,0.0,0.0,100.0
1768749179.2932596,14.2,1.0,0.0,0.0,0.0,0.0,0.0,0.0,100.0,1.0,0.0,0.0,0.0,0.0,1.0,0.0,0.0,100.0
1768749180.2962642,10.8,2.0,3.0,3.0,9.0,0.0,0.0,0.0,100.0,6.0,0.0,0.0,0.0,0.0,1.0,2.0,0.0,100.0
1768749181.2986643,13.3,1.0,4.0,8.1,10.2,1.0,2.0,13.0,100.0,2.0,1.0,2.0,1.0,1.0,0.0,1.0,1.0,100.0
1768749182.302515,10.8,0.0,2.0,1.0,1.0,1.0,0.0,5.0,100.0,5.1,2.0,0.0,1.0,0.0,0.0,1.0,2.0,100.0
1768749183.3047216,14.8,1.0,0.0,0.0,0.0,1.0,1.0,0.0,100.0,1.0,0.0,1.0,0.0,1.0,2.0,0.0,0.0,100.0
1768749184.3086119,10.9,0.0,1.0,0.0,0.0,0.0,0.0,0.0,100.0,0.0,1.0,0.0,0.0,0.0,0.0,0.0,0.0,100.0
1768749185.3104253,10.0,3.0,3.0,0.0,0.0,1.0,0.0,0.0,100.0,5.1,2.0,0.0,0.0,0.0,1.0,1.0,0.0,100.0
1768749186.3148074,11.8,1.0,3.0,2.0,4.0,2.0,1.0,3.0,100.0,0.0,0.0,2.0,1.0,0.0,0.0,0.0,0.0,100.0
1768749187.3189063,9.3,1.0,0.0,0.0,0.0,1.0,0.0,0.0,100.0,1.0,1.0,3.0,2.0,1.0,0.0,1.0,2.0,100.0
1768749188.3228679,11.0,2.0,11.1,2.0,3.0,0.0,1.0,0.0,100.0,3.0,0.0,1.0,0.0,0.0,0.0,1.0,0.0,100.0
1768749189.588841,9.1,4.0,4.1,10.0,9.1,3.0,5.1,3.1,100.0,3.0,3.0,3.0,0.0,4.0,3.9,1.0,2.0,100.0
1768749190.5923462,12.6,2.0,5.1,17.5,8.1,1.0,1.0,4.0,100.0,2.0,3.1,4.0,1.0,15.3,1.0,1.0,1.0,100.0
1768749191.5959184,10.9,1.0,0.0,5.1,10.0,6.0,1.0,3.0,100.0,3.0,1.0,1.0,1.0,2.0,0.0,0.0,2.0,100.0
1768749192.5996137,11.7,2.0,0.0,1.0,5.9,8.0,5.1,8.2,100.0,2.0,3.0,2.0,1.0,1.0,0.0,1.0,1.0,100.0
1768749193.602014,12.5,0.0,5.0,3.0,3.0,0.0,5.0,4.0,100.0,0.0,0.0,6.1,1.0,0.0,0.0,0.0,0.0,100.0
1768749194.6043687,10.0,2.0,8.2,5.1,2.0,2.0,13.3,0.0,100.0,5.0,3.1,0.0,0.0,1.0,2.0,0.0,0.0,100.0
1768749195.6079986,14.8,1.0,2.0,2.0,0.0,0.0,0.0,0.0,100.0,1.0,5.1,4.0,1.0,3.0,0.0,0.0,0.0,100.0
1768749196.6116984,11.5,0.0,0.0,1.0,4.0,5.9,5.0,1.0,100.0,2.0,3.0,0.0,0.0,0.0,0.0,2.0,2.0,100.0
1768749197.615525,9.9,0.0,0.0,1.0,7.1,1.0,1.0,1.0,100.0,3.0,0.0,0.0,0.0,0.0,0.0,0.0,0.0,100.0
1768749198.6199002,10.9,2.0,6.2,11.0,2.0,0.0,9.0,5.1,100.0,0.0,3.1,1.0,4.0,0.0,0.0,0.0,0.0,100.0
1768749199.6234255,10.9,1.0,6.1,0.0,1.0,3.0,8.1,15.8,100.0,4.0,3.0,2.0,5.0,10.1,2.0,0.0,0.0,100.0
1768749200.625462,12.5,2.0,0.0,0.0,0.0,0.0,1.0,0.0,100.0,2.0,4.0,2.0,1.0,2.0,0.0,2.0,0.0,100.0
1768749201.6291995,14.0,2.0,1.0,0.0,0.0,1.0,0.0,1.0,100.0,7.1,3.0,1.0,1.0,4.0,1.0,13.3,2.0,100.0
1768749202.633441,14.2,0.0,0.0,8.0,1.0,0.0,0.0,0.0,100.0,2.0,3.0,1.0,0.0,0.0,3.0,2.0,6.0,100.0
1768749203.6357896,10.1,4.0,3.0,1.0,4.1,1.0,0.0,2.0,100.0,5.0,0.0,2.0,2.0,2.0,3.1,2.0,7.1,100.0
1768749204.6389987,11.7,3.1,1.0,0.0,1.0,0.0,0.0,0.0,100.0,15.3,3.0,9.2,7.1,7.0,2.0,13.1,5.1,100.0
1768749205.640914,10.0,6.0,6.1,0.0,0.0,0.0,0.0,0.0,100.0,5.0,0.0,12.2,5.0,5.1,1.0,0.0,4.0,100.0
1768749206.6428614,11.7,3.0,1.0,0.0,0.0,0.0,0.0,0.0,100.0,0.0,1.0,4.0,2.0,2.0,1.0,0.0,0.0,100.0
1768749207.6470785,9.0,1.0,1.0,4.0,2.0,0.0,0.0,0.0,100.0,3.0,0.0,1.0,0.0,0.0,0.0,0.0,0.0,100.0
1768749208.6502364,6.3,1.0,0.0,2.0,6.1,8.1,7.0,4.0,100.0,4.0,7.0,7.0,1.0,1.0,0.0,2.9,0.0,100.0
1768749209.6549244,13.5,3.0,0.0,2.0,1.0,0.0,0.0,0.0,100.0,0.0,0.0,0.0,1.0,1.0,2.0,0.0,0.0,100.0
1768749210.6581833,10.8,2.0,1.0,0.0,2.0,0.0,0.0,0.0,100.0,4.0,1.0,0.0,0.0,1.0,0.0,0.0,0.0,100.0
1768749211.6614738,9.2,0.0,1.0,1.0,13.9,3.0,1.0,0.0,100.0,0.0,1.0,5.1,4.0,3.0,0.0,0.0,0.0,100.0
1768749212.6660237,8.2,2.0,0.0,0.0,0.0,0.0,1.0,0.0,100.0,5.0,2.0,2.0,17.2,5.1,9.1,5.1,6.1,100.0
1768749213.670482,11.7,2.0,2.0,0.0,2.0,0.0,0.0,1.0,100.0,0.0,2.0,1.0,13.4,8.0,7.1,0.0,3.0,100.0
1768749214.6726701,13.3,1.0,2.0,1.0,2.0,1.0,3.0,0.0,100.0,13.0,6.1,2.0,10.2,3.0,1.0,2.0,6.0,100.0
1768749215.6767642,9.1,0.0,1.0,3.0,1.0,2.0,1.0,0.0,100.0,4.0,1.0,5.0,3.0,3.0,2.0,0.0,3.0,100.0
1768749216.6792114,9.1,2.0,0.0,0.0,1.0,1.0,4.0,1.0,100.0,2.0,1.0,0.0,2.0,1.0,0.0,3.0,0.0,100.0
1768749217.681563,8.2,3.0,0.0,1.0,1.0,2.0,5.1,1.0,100.0,0.0,0.0,0.0,3.1,3.0,1.0,3.0,2.0,100.0
1768749218.6849663,8.2,2.0,1.0,1.0,3.0,1.0,9.0,4.0,100.0,0.0,0.0,2.0,1.0,2.0,5.0,5.1,7.1,100.0
1768749219.6870515,6.4,3.0,9.2,3.0,0.0,1.0,3.0,2.0,100.0,0.0,4.0,0.0,2.0,9.1,7.1,2.0,1.0,100.0
1768749220.6904936,10.9,6.0,3.0,2.0,2.0,2.0,0.0,1.0,100.0,0.0,0.0,3.0,0.0,0.0,1.0,1.0,0.0,100.0
1768749221.694301,10.0,1.0,1.0,7.1,11.0,0.0,1.0,7.0,100.0,0.0,0.0,0.0,1.0,0.0,0.0,1.0,1.0,100.0
1768749222.6991665,12.5,0.0,2.0,0.0,5.0,4.0,2.0,6.2,100.0,0.0,0.0,1.0,2.0,2.0,1.0,2.0,0.0,100.0
1768749223.7032044,9.2,1.0,2.0,0.0,0.0,2.0,1.0,6.1,100.0,0.0,1.0,3.0,4.0,1.0,2.0,1.0,1.0,100.0
1768749224.7075794,11.2,4.0,6.1,6.0,2.0,4.0,2.0,3.1,100.0,7.0,3.0,13.3,5.1,6.0,3.0,5.1,5.0,100.0
1768749225.7094295,15.4,3.1,2.0,1.0,2.0,6.1,5.0,1.0,100.0,2.0,1.0,9.1,2.0,0.0,3.0,0.0,0.0,100.0
1768749226.7130353,9.3,1.0,0.0,4.0,13.3,2.0,3.0,3.0,100.0,0.0,2.0,2.0,3.0,0.0,3.0,5.1,4.0,100.0
1768749227.716907,9.1,0.0,1.0,2.0,5.1,8.2,3.1,2.1,100.0,1.0,0.0,0.0,0.0,0.0,0.0,5.0,0.0,100.0
1768749228.7212303,11.9,1.0,1.0,1.0,1.0,2.0,1.0,5.1,100.0,1.0,1.0,0.0,1.0,1.0,1.0,1.0,1.0,100.0
1768749229.7250354,8.2,0.0,0.0,0.0,0.0,0.0,0.0,0.0,100.0,0.0,0.0,0.0,0.0,1.0,0.0,0.0,0.0,100.0
1768749230.7294123,8.2,2.0,2.0,1.0,0.0,0.0,0.0,0.0,100.0,0.0,4.0,1.0,0.0,0.0,1.0,1.0,0.0,100.0
1768749231.7331502,14.8,6.1,15.2,5.1,6.1,7.0,2.0,0.0,100.0,0.0,2.0,1.0,3.0,1.0,0.0,0.0,1.0,100.0
1768749232.7368355,10.0,1.0,2.0,4.0,1.0,4.0,4.0,9.0,100.0,0.0,0.0,0.0,0.0,1.0,0.0,1.0,0.0,100.0
1768749233.7412333,11.8,0.0,0.0,0.0,3.0,0.0,2.0,1.0,100.0,1.0,0.0,0.0,0.0,0.0,0.0,0.0,0.0,100.0
1768749234.7460532,11.0,0.0,0.0,1.0,0.0,1.0,0.0,0.0,100.0,0.0,1.0,0.0,0.0,0.0,0.0,0.0,1.0,100.0
1768749235.7510571,10.9,1.0,1.0,1.0,1.0,0.0,0.0,0.0,100.0,1.0,1.0,1.0,0.0,1.0,0.0,1.0,1.0,100.0
1768749236.7552,10.8,2.0,0.0,0.0,0.0,0.0,1.0,0.0,100.0,0.0,1.0,0.0,0.0,0.0,0.0,0.0,0.0,100.0
1768749237.7586892,10.9,0.0,0.0,0.0,2.0,4.0,1.0,0.0,100.0,1.0,0.0,4.0,2.0,5.1,4.9,1.0,0.0,100.0
1768749238.7622454,8.2,0.0,0.0,0.0,0.0,2.0,2.0,0.0,100.0,1.0,0.0,0.0,0.0,1.0,7.1,4.0,2.0,100.0
1768749239.7656693,10.0,0.0,0.0,1.0,0.0,2.0,0.0,2.0,100.0,0.0,0.0,0.0,0.0,0.0,10.0,4.0,1.0,100.0
1768749240.7707038,10.0,0.0,1.0,0.0,1.0,1.0,4.9,2.0,100.0,0.0,0.0,0.0,1.0,0.0,0.0,0.0,1.0,100.0
1768749241.7746665,16.5,1.0,0.0,0.0,1.0,2.0,0.0,1.0,100.0,0.0,0.0,0.0,0.0,0.0,0.0,0.0,0.0,100.0
1768749242.7789168,9.0,3.0,3.0,6.0,2.0,0.0,1.0,2.0,100.0,1.0,0.0,0.0,0.0,0.0,0.0,0.0,1.0,100.0
1768749243.7837644,11.7,0.0,0.0,3.0,1.0,0.0,6.1,0.0,100.0,0.0,1.0,0.0,0.0,0.0,0.0,1.0,0.0,100.0
1768749244.787623,12.6,1.0,0.0,1.0,0.0,0.0,1.0,2.0,100.0,0.0,0.0,1.0,0.0,0.0,0.0,1.0,1.0,100.0
1768749245.791231,7.2,1.0,3.0,1.0,2.0,2.0,0.0,0.0,100.0,1.0,1.0,1.0,0.0,0.0,0.0,0.0,0.0,100.0
1768749246.7962198,12.6,2.0,1.0,2.0,1.0,2.0,1.0,2.0,100.0,6.0,2.0,2.0,3.0,1.0,1.0,0.0,0.0,100.0
1768749247.9197004,9.0,0.0,0.0,1.0,1.0,0.0,1.0,0.0,100.0,6.1,0.0,4.0,1.0,1.0,3.0,3.0,1.0,100.0
1768749248.9233088,9.8,0.0,0.0,0.0,2.0,1.0,3.0,2.0,100.0,15.5,3.0,3.0,0.0,0.0,0.0,1.0,0.0,100.0
1768749249.927661,8.9,0.0,0.0,1.0,0.0,0.0,0.0,10.2,100.0,10.1,5.0,1.0,7.1,1.0,0.0,0.0,1.0,100.0
1768749250.9323525,8.9,0.0,2.0,0.0,0.0,1.0,0.0,12.1,100.0,9.0,2.0,0.0,2.0,6.1,3.0,1.0,2.0,100.0
1768749251.9373858,15.5,9.1,4.0,3.0,11.2,0.0,7.9,1.0,100.0,10.1,0.0,2.0,1.0,1.0,3.0,2.0,10.1,100.0
1768749252.9424865,7.1,3.0,1.0,1.0,5.1,1.0,0.0,0.0,100.0,4.0,1.0,0.0,0.0,0.0,1.0,2.0,3.0,100.0
1768749253.9472497,8.2,0.0,0.0,1.0,0.0,0.0,0.0,1.0,100.0,0.0,0.0,0.0,0.0,0.0,0.0,0.0,2.0,100.0
1768749254.9983797,8.2,0.0,1.0,2.0,1.0,2.0,0.0,3.0,100.0,3.0,2.0,0.0,4.0,2.0,0.0,0.0,0.0,100.0
1768749256.0020525,14.7,4.0,5.1,2.0,7.0,1.0,0.0,0.0,100.0,1.0,2.0,1.0,16.2,1.0,0.0,3.0,2.0,100.0
1768749257.009045,7.2,1.0,1.0,6.1,1.0,2.0,2.9,1.0,100.0,2.0,1.0,1.0,6.1,1.0,2.0,4.1,9.0,100.0
1768749258.0132651,13.3,9.1,3.0,1.0,8.1,3.0,1.0,0.0,100.0,2.0,0.0,0.0,0.0,0.0,0.0,1.0,1.0,100.0
1768749259.0173724,10.1,0.0,0.0,0.0,8.0,5.0,6.1,4.1,100.0,0.0,0.0,1.0,0.0,0.0,1.0,0.0,0.0,100.0
1768749260.0216002,8.2,2.0,0.0,0.0,0.0,1.0,0.0,4.0,100.0,0.0,0.0,1.0,0.0,0.0,1.0,1.0,1.0,100.0
1768749261.0266054,7.2,1.0,1.0,0.0,0.0,1.0,1.0,0.0,100.0,2.0,0.0,0.0,0.0,0.0,1.0,1.0,1.0,100.0
1768749262.0307114,11.7,0.0,1.0,1.0,0.0,1.0,1.0,1.0,100.0,7.0,2.0,3.1,3.0,2.0,0.0,0.0,0.0,100.0
1768749263.0365636,7.2,0.0,1.0,7.1,3.1,5.9,2.0,13.1,100.0,0.0,0.0,3.0,2.0,0.0,4.0,1.0,0.0,100.0
1768749264.0420647,7.2,0.0,1.0,2.0,4.0,1.0,3.0,1.0,100.0,2.0,3.0,6.9,13.0,4.0,3.0,1.0,0.0,100.0
1768749265.046555,6.3,1.0,1.0,4.0,1.0,1.0,3.0,3.0,100.0,0.0,0.0,2.0,0.0,0.0,2.0,4.0,2.0,100.0
1768749266.0503445,11.8,1.0,1.0,1.0,2.0,0.0,10.1,0.0,100.0,0.0,1.0,1.0,2.0,2.0,9.1,1.0,10.1,100.0
1768749267.054335,6.3,1.0,1.0,0.0,1.0,0.0,0.0,0.0,100.0,2.0,0.0,0.0,1.0,4.0,1.0,6.9,7.1,100.0
1768749268.0575266,7.3,2.0,1.0,0.0,0.0,0.0,1.0,0.0,100.0,0.0,1.0,5.0,1.0,0.0,2.0,1.0,1.0,100.0
1768749269.060954,11.0,6.1,1.0,1.0,1.0,0.0,0.0,0.0,100.0,0.0,1.0,0.0,1.0,2.0,0.0,1.0,0.0,100.0
1768749270.0649521,8.2,2.0,8.2,13.1,0.0,2.0,0.0,0.0,100.0,7.9,2.0,1.0,1.0,1.0,2.0,5.1,0.0,100.0
1768749271.0674665,12.4,0.0,0.0,0.0,2.0,1.0,0.0,0.0,100.0,8.2,4.0,2.0,1.0,6.0,4.0,3.0,2.0,100.0
1768749272.0715113,10.0,1.0,1.0,1.0,1.0,1.0,0.0,1.0,100.0,2.0,11.0,1.0,0.0,0.0,6.9,6.0,7.1,100.0
1768749273.0750248,10.2,0.0,0.0,0.0,1.0,1.0,3.0,0.0,100.0,1.0,4.0,1.0,3.0,3.0,14.0,2.0,4.1,100.0
1768749274.0804672,12.5,0.0,0.0,0.0,0.0,1.0,2.0,1.0,100.0,0.0,2.0,2.0,2.0,4.1,10.1,10.0,5.0,100.0
1768749275.084799,12.5,2.0,0.0,0.0,0.0,0.0,1.0,0.0,100.0,1.0,1.0,0.0,2.0,13.0,8.2,2.0,5.1,100.0
1768749276.0890622,10.0,0.0,0.0,1.0,1.0,4.0,1.0,0.0,100.0,0.0,0.0,0.0,1.0,7.1,0.0,0.0,0.0,100.0
1768749277.0930936,12.6,0.0,0.0,0.0,1.0,13.1,2.0,2.0,100.0,0.0,3.9,0.0,1.0,14.3,1.0,3.0,1.0,100.0
1768749278.0965993,10.1,0.0,0.0,0.0,2.0,2.0,4.0,3.0,100.0,1.0,9.1,6.0,3.0,13.1,1.0,3.0,4.0,100.0
1768749279.1013086,13.6,1.0,3.0,1.0,0.0,5.1,1.0,6.0,100.0,1.0,0.0,0.0,1.0,0.0,2.0,1.0,0.0,100.0
1768749280.1036892,12.6,10.1,2.0,0.0,0.0,0.0,0.0,2.0,100.0,1.0,0.0,6.9,0.0,0.0,1.0,0.0,0.0,100.0
1768749281.1079118,9.1,3.0,3.0,1.0,6.1,1.0,0.0,0.0,100.0,0.0,4.1,1.0,1.0,6.1,0.0,0.0,7.1,100.0
1768749282.1112008,10.0,1.0,0.0,1.0,0.0,1.0,1.0,1.0,100.0,2.0,4.9,1.0,1.0,2.0,0.0,1.0,1.0,100.0
1768749283.1148303,8.2,2.0,1.0,4.0,3.0,2.0,2.0,1.0,100.0,3.0,1.0,1.0,2.0,0.0,2.0,2.0,2.0,100.0
1768749284.1191385,10.9,1.0,1.0,0.0,0.0,0.0,0.0,1.0,100.0,0.0,0.0,1.0,0.0,0.0,1.0,0.0,0.0,100.0
1768749285.1210575,13.0,1.0,0.0,2.0,0.0,1.0,0.0,1.0,100.0,0.0,2.0,1.0,0.0,1.0,1.0,0.0,0.0,100.0
1768749286.1252575,14.0,5.0,1.0,0.0,1.0,0.0,1.0,1.0,100.0,0.0,2.0,5.0,3.0,0.0,0.0,0.0,0.0,100.0
1768749287.1290603,12.0,8.2,4.0,4.0,2.0,1.0,0.0,1.0,100.0,0.0,3.0,0.0,3.0,3.0,0.0,2.0,0.0,100.0
1768749288.1319618,11.8,0.0,3.0,1.0,3.1,2.0,2.0,0.0,100.0,7.1,10.2,5.0,5.0,2.0,1.0,0.0,1.0,100.0
1768749289.135723,10.9,2.0,0.0,4.0,6.1,2.0,0.0,1.0,100.0,0.0,1.0,0.0,1.0,1.0,1.0,1.0,0.0,100.0
1768749290.1396275,8.2,0.0,0.0,3.1,6.0,3.0,6.0,0.0,100.0,0.0,2.0,0.0,0.0,0.0,0.0,0.0,0.0,100.0
1768749291.1436791,8.2,1.0,1.0,0.0,8.0,6.1,1.0,1.0,100.0,0.0,2.0,0.0,0.0,0.0,0.0,0.0,1.0,100.0
1768749292.148211,13.3,2.0,0.0,1.0,1.0,3.0,1.0,7.1,100.0,0.0,1.0,1.0,1.0,0.0,0.0,0.0,0.0,100.0
1768749293.1540542,12.6,1.0,1.0,3.0,15.8,2.0,1.0,1.0,100.0,0.0,0.0,0.0,1.0,11.0,7.0,5.0,3.0,100.0
1768749294.1582818,10.0,0.0,0.0,1.0,4.0,0.0,1.0,0.0,100.0,0.0,0.0,0.0,0.0,5.1,1.0,8.2,3.0,100.0
1768749295.162418,10.9,0.0,1.0,0.0,0.0,0.0,2.0,0.0,100.0,2.0,0.0,0.0,0.0,0.0,0.0,1.0,0.0,100.0
1768749296.1667457,13.5,7.1,4.1,8.0,4.0,5.0,1.0,1.0,100.0,5.1,2.0,1.0,0.0,1.0,1.0,1.0,1.0,100.0
1768749297.1714642,11.5,0.0,2.0,2.0,3.0,14.1,6.0,4.0,100.0,5.1,2.0,1.0,0.0,4.0,1.0,3.0,9.1,100.0
1768749298.175557,8.1,1.0,0.0,2.0,1.0,2.0,1.0,2.0,100.0,2.0,3.0,8.1,1.0,0.0,0.0,0.0,4.0,100.0
1768749299.1790962,10.0,0.0,1.0,0.0,2.0,4.0,5.1,3.0,100.0,0.0,1.0,0.0,4.0,2.0,1.0,5.0,0.0,100.0
1768749300.1829195,10.9,0.0,0.0,0.0,0.0,1.0,5.0,2.0,100.0,0.0,0.0,1.0,0.0,0.0,0.0,0.0,2.0,100.0
1768749301.1864865,8.2,1.0,2.0,1.0,0.0,0.0,1.0,2.0,100.0,0.0,0.0,0.0,0.0,0.0,0.0,1.0,0.0,100.0
1768749302.188186,17.3,0.0,3.0,0.0,0.0,0.0,0.0,3.0,100.0,0.0,0.0,0.0,0.0,0.0,0.0,2.0,0.0,100.0
1768749303.1898992,12.6,0.0,2.0,3.0,0.0,1.0,0.0,0.0,100.0,0.0,0.0,0.0,0.0,0.0,0.0,1.0,0.0,100.0
1768749304.1934245,10.9,0.0,0.0,2.0,0.0,0.0,0.0,0.0,100.0,0.0,0.0,0.0,0.0,0.0,0.0,2.0,0.0,100.0
1768749305.1951065,12.5,1.0,3.1,4.0,4.0,0.0,0.0,0.0,100.0,1.0,2.0,0.0,0.0,0.0,0.0,0.0,0.0,100.0
1768749306.1985536,11.0,0.0,0.0,2.0,17.5,1.0,11.1,17.5,100.0,1.0,1.0,0.0,0.0,0.0,1.0,1.0,0.0,100.0
1768749307.2015014,10.8,0.0,3.0,0.0,8.1,0.0,6.1,13.1,100.0,3.0,0.0,1.0,0.0,0.0,0.0,1.0,0.0,100.0
1768749308.2059286,11.7,0.0,0.0,1.0,1.0,2.0,5.0,2.0,100.0,0.0,3.0,0.0,0.0,1.0,2.0,1.0,1.0,100.0
1768749309.209835,9.2,1.0,1.0,0.0,1.0,1.0,0.0,0.0,100.0,2.0,2.0,4.0,3.0,1.0,1.0,3.0,1.0,100.0
1768749310.2131462,9.9,0.0,0.0,1.0,0.0,0.0,0.0,0.0,100.0,0.0,5.0,2.0,2.0,3.0,0.0,2.0,2.0,100.0
1768749311.4063244,10.8,1.0,0.0,0.0,0.0,0.0,0.0,0.0,100.0,0.0,8.1,2.0,4.1,8.0,7.0,3.0,9.1,100.0
1768749312.4646811,12.6,3.0,0.0,1.0,1.0,2.0,0.0,1.0,100.0,1.0,1.0,4.0,3.0,1.0,0.0,1.0,7.1,100.0
1768749313.4686108,14.0,1.0,1.0,0.0,0.0,0.0,0.0,0.0,100.0,6.1,2.0,0.0,0.0,0.0,1.0,0.0,2.0,100.0
1768749314.4707205,15.7,0.0,4.0,0.0,0.0,0.0,0.0,0.0,100.0,2.0,3.0,4.0,1.0,1.0,1.0,0.0,0.0,100.0
1768749315.4725723,10.9,1.0,1.0,2.0,1.0,1.0,1.0,0.0,100.0,7.0,5.1,2.0,1.0,0.0,0.0,0.0,1.0,100.0
1768749316.476765,12.6,0.0,5.9,8.0,5.1,1.0,1.0,1.0,100.0,2.0,1.0,3.0,13.1,6.9,5.0,7.0,5.1,100.0
1768749317.4807227,12.6,1.0,0.0,10.1,7.1,0.0,1.0,0.0,100.0,0.0,0.0,1.0,4.1,1.0,8.1,2.0,2.0,100.0
1768749318.4850247,13.3,4.0,4.0,6.1,0.0,0.0,0.0,1.0,100.0,0.0,1.0,1.0,0.0,5.1,0.0,0.0,0.0,100.0
1768749319.4884715,12.5,0.0,0.0,0.0,0.0,0.0,0.0,2.0,100.0,1.0,2.0,10.1,8.1,12.1,5.0,11.1,5.0,100.0
1768749320.4927943,10.9,1.0,0.0,3.0,5.0,10.2,2.0,5.0,100.0,2.0,0.0,5.0,0.0,0.0,1.0,11.1,13.3,100.0
1768749321.4976933,9.9,0.0,0.0,0.0,0.0,0.0,1.0,1.0,100.0,0.0,2.0,0.0,0.0,0.0,0.0,5.1,6.1,100.0
1768749322.5009534,10.8,1.0,0.0,1.0,0.0,0.0,0.0,2.0,100.0,0.0,2.0,0.0,0.0,0.0,1.0,0.0,0.0,100.0
1768749323.5043557,13.6,1.0,1.0,1.0,0.0,1.0,1.0,2.0,100.0,0.0,2.0,1.0,1.0,1.0,0.0,0.0,1.0,100.0
1768749324.508179,10.9,0.0,0.0,2.0,2.0,3.0,4.0,3.0,100.0,2.0,2.0,0.0,0.0,0.0,1.0,0.0,0.0,100.0
1768749325.5126677,12.6,1.0,0.0,0.0,3.0,1.0,13.3,5.1,100.0,0.0,3.0,1.0,0.0,0.0,0.0,0.0,0.0,100.0
1768749326.516692,14.2,2.0,2.0,2.0,4.1,2.0,1.0,1.0,100.0,1.0,1.0,0.0,0.0,0.0,0.0,0.0,0.0,100.0
1768749327.5203679,13.3,0.0,1.0,2.0,0.0,6.1,0.0,8.0,100.0,0.0,1.0,4.0,0.0,0.0,0.0,0.0,0.0,100.0
1768749328.52404,7.2,2.0,2.0,5.0,1.0,1.0,5.0,3.0,100.0,0.0,3.0,9.2,0.0,1.0,0.0,0.0,0.0,100.0
1768749329.527348,10.1,2.0,1.0,3.0,5.9,2.0,0.0,0.0,100.0,2.0,2.0,0.0,0.0,0.0,0.0,1.0,1.0,100.0
1768749330.5303872,16.7,2.0,1.0,1.0,0.0,0.0,1.0,0.0,100.0,5.1,6.1,10.3,2.0,0.0,0.0,0.0,0.0,100.0
1768749331.533909,12.5,1.0,1.0,0.0,2.0,4.0,4.0,0.0,100.0,1.0,1.0,2.0,8.1,4.0,2.0,0.0,0.0,100.0
1768749332.5374799,12.9,4.0,1.0,1.0,0.0,10.1,0.0,0.0,100.0,2.0,1.0,0.0,3.0,3.0,10.2,2.0,1.0,100.0
1768749333.5425541,10.9,7.1,0.0,2.0,1.0,3.0,0.0,1.0,100.0,1.0,3.0,2.0,0.0,6.1,1.0,2.0,0.0,100.0
1768749334.546219,16.8,8.2,2.0,0.0,5.1,7.1,0.0,0.0,100.0,1.0,0.0,0.0,1.0,0.0,2.0,1.0,3.0,100.0
1768749335.5499053,12.0,14.0,8.1,6.0,4.1,1.0,3.0,1.0,100.0,1.0,2.0,0.0,2.0,2.0,0.0,1.0,12.1,100.0
1768749336.5538568,11.8,0.0,0.0,2.0,1.0,2.0,1.0,1.0,100.0,0.0,2.0,2.0,2.0,6.0,0.0,3.0,2.0,100.0
1768749337.5572138,10.9,1.0,0.0,0.0,0.0,0.0,0.0,0.0,100.0,1.0,2.0,1.0,0.0,0.0,1.0,0.0,5.1,100.0
1768749338.5600095,12.6,1.0,1.0,0.0,2.0,1.0,0.0,0.0,100.0,0.0,0.0,1.0,0.0,0.0,0.0,1.0,0.0,100.0
1768749339.5624838,13.5,2.0,1.0,2.0,1.0,0.0,0.0,0.0,100.0,2.0,2.0,3.0,1.0,2.0,1.0,1.0,0.0,100.0
1768749340.5661454,14.8,2.0,0.0,4.0,3.0,9.0,3.0,1.0,100.0,1.0,2.0,1.0,0.0,0.0,1.0,0.0,0.0,100.0
1768749341.5691164,10.9,0.0,2.0,1.0,2.0,1.0,13.1,9.1,100.0,1.0,1.0,4.1,2.0,0.0,1.0,0.0,1.0,100.0
1768749342.5743322,15.2,12.0,2.0,11.1,5.1,4.0,3.0,3.0,100.0,0.0,1.0,0.0,0.0,0.0,1.0,1.0,0.0,100.0
1768749343.578286,13.7,22.4,6.1,10.1,10.1,14.1,3.0,0.0,100.0,2.0,6.2,3.0,1.0,3.0,0.0,0.0,0.0,100.0
1768749344.5824602,9.1,2.0,1.0,2.0,5.1,6.1,9.1,2.0,100.0,0.0,3.0,3.0,2.0,0.0,1.0,1.0,0.0,100.0
1768749345.5868564,13.3,2.0,2.0,0.0,0.0,4.0,6.1,4.0,100.0,6.1,2.0,4.0,2.0,1.0,2.0,2.9,2.0,100.0
1768749346.5891087,10.0,5.1,1.0,2.0,1.0,1.0,0.0,0.0,100.0,6.1,1.0,4.0,3.0,4.0,5.1,1.0,1.0,100.0
1768749347.5927432,11.7,1.0,2.0,0.0,4.0,0.0,0.0,0.0,100.0,1.0,1.0,2.0,15.2,12.2,1.0,2.0,1.0,100.0
1768749348.595978,13.5,0.0,0.0,0.0,0.0,0.0,0.0,0.0,100.0,1.0,0.0,1.0,7.0,5.0,1.0,1.0,1.0,100.0
1768749349.5988016,11.7,0.0,0.0,1.0,0.0,0.0,0.0,1.0,100.0,1.0,1.0,5.1,1.0,0.0,0.0,0.0,0.0,100.0
1768749350.6023932,11.9,0.0,1.0,0.0,3.0,9.0,0.0,0.0,100.0,2.0,4.0,10.2,6.1,3.1,5.1,0.0,1.0,100.0
1768749351.6052732,9.7,1.0,0.0,5.0,1.0,0.0,0.0,0.0,100.0,0.0,2.0,2.0,9.1,2.0,1.0,15.2,0.0,100.0
1768749352.6096854,11.7,0.0,1.0,0.0,1.0,0.0,0.0,0.0,100.0,2.0,0.0,0.0,6.1,0.0,0.0,5.0,9.2,100.0
1768749353.6146858,10.9,3.0,0.0,0.0,1.0,0.0,0.0,0.0,100.0,0.0,2.0,1.0,2.0,0.0,2.0,0.0,7.0,100.0
1768749354.6191752,15.1,3.0,9.9,0.0,4.0,0.0,0.0,0.0,100.0,0.0,0.0,2.0,2.0,1.0,1.0,2.0,0.0,100.0
1768749355.6233945,9.1,2.0,0.0,6.1,4.0,8.1,5.0,6.1,100.0,2.0,1.0,0.0,1.0,2.0,1.0,2.0,4.0,100.0
1768749356.6273885,12.4,2.0,1.0,0.0,4.0,11.0,2.0,0.0,100.0,0.0,0.0,0.0,0.0,0.0,3.0,0.0,0.0,100.0
1768749357.630532,12.3,0.0,0.0,0.0,1.0,0.0,10.2,3.0,100.0,3.0,1.0,0.0,0.0,0.0,1.0,1.0,7.1,100.0
1768749358.6356084,9.1,4.0,0.0,1.0,1.0,2.0,4.0,0.0,100.0,1.0,0.0,0.0,3.1,0.0,3.1,1.0,1.0,100.0
1768749359.63974,8.2,1.0,3.0,0.0,2.0,4.0,3.0,1.0,100.0,0.0,0.0,0.0,2.0,0.0,0.0,0.0,0.0,100.0
1768749360.643036,8.2,3.0,0.0,3.0,1.0,5.0,3.0,3.0,100.0,1.0,0.0,2.0,3.0,1.0,3.0,1.0,1.0,100.0
1768749361.6474786,10.8,0.0,1.0,0.0,0.0,0.0,2.0,1.0,100.0,0.0,0.0,0.0,0.0,0.0,1.0,0.0,0.0,100.0
1768749362.649523,9.1,4.0,8.1,2.0,5.0,11.2,4.0,2.0,100.0,3.0,0.0,8.1,0.0,0.0,1.0,0.0,0.0,100.0
1768749363.6528852,10.9,1.0,1.0,0.0,10.0,14.3,3.1,19.6,100.0,2.0,1.0,1.0,0.0,0.0,0.0,0.0,0.0,100.0
1768749364.6562912,9.9,0.0,0.0,0.0,2.0,4.0,2.0,4.0,100.0,1.0,0.0,0.0,0.0,0.0,0.0,0.0,0.0,100.0
1768749365.6582968,8.9,4.0,2.0,1.0,0.0,3.0,1.0,0.0,100.0,10.2,1.0,0.0,0.0,0.0,3.0,1.0,1.0,100.0
1768749366.6625671,12.7,1.0,0.0,0.0,1.0,1.0,1.0,0.0,100.0,0.0,3.0,2.0,1.0,0.0,0.0,4.0,0.0,100.0
1768749367.664469,14.2,3.0,1.0,0.0,0.0,1.0,2.0,0.0,100.0,9.2,4.1,2.0,1.0,0.0,0.0,0.0,0.0,100.0
1768749368.668953,13.3,0.0,1.0,0.0,0.0,0.0,2.0,0.0,100.0,5.0,5.0,5.1,9.1,2.0,0.0,0.0,2.0,100.0
1768749369.671025,9.2,3.1,0.0,0.0,1.0,0.0,2.0,1.0,100.0,1.0,4.1,1.0,4.0,9.2,5.9,1.0,6.1,100.0
1768749370.675433,12.6,3.0,3.0,3.1,0.0,0.0,3.0,0.0,100.0,0.0,0.0,0.0,1.0,0.0,10.2,6.0,0.0,100.0
1768749371.679788,15.0,3.0,3.0,3.0,2.0,0.0,0.0,0.0,100.0,8.2,3.0,1.0,2.0,0.0,2.0,2.0,4.0,100.0
1768749372.6829183,10.0,12.1,4.0,3.0,1.0,7.1,17.0,0.0,100.0,1.0,0.0,2.0,1.0,0.0,0.0,0.0,0.0,100.0
1768749373.6872025,10.8,12.9,3.0,4.0,3.0,4.0,15.3,5.1,100.0,1.0,2.0,1.0,1.0,0.0,0.0,0.0,0.0,100.0
1768749374.6890771,10.8,6.1,6.1,1.0,3.0,3.0,5.1,3.0,100.0,2.0,2.0,9.3,0.0,1.0,0.0,0.0,0.0,100.0
1768749375.6914876,9.8,8.0,2.0,0.0,1.0,1.0,1.0,8.1,100.0,2.0,1.0,6.0,0.0,1.0,0.0,0.0,0.0,100.0
1768749376.6937711,10.0,2.0,3.0,6.1,3.0,1.0,7.1,2.0,100.0,1.0,2.0,9.2,1.0,0.0,2.0,0.0,0.0,100.0
1768749377.6964555,10.8,1.0,1.0,2.0,1.0,0.0,6.1,2.0,100.0,1.0,2.0,4.1,1.0,0.0,0.0,0.0,0.0,100.0
1768749378.6993632,10.8,2.0,1.0,0.0,3.0,0.0,4.0,2.0,100.0,1.0,2.0,10.1,2.0,0.0,0.0,0.0,0.0,100.0
1768749379.7018628,15.6,2.0,6.0,1.0,1.0,1.0,7.1,3.0,100.0,11.1,1.0,6.2,0.0,0.0,1.0,0.0,0.0,100.0
1768749380.7062137,10.7,2.0,1.0,2.0,0.0,2.0,7.1,4.1,100.0,10.1,3.0,14.3,7.1,7.1,0.0,1.0,0.0,100.0
1768749381.8773031,11.8,0.0,0.0,2.0,1.0,0.0,1.0,4.0,100.0,4.0,2.0,8.2,10.1,4.0,0.0,0.0,0.0,100.0
1768749382.8794312,11.8,0.0,0.0,4.0,1.0,2.0,3.0,10.0,100.0,5.0,1.0,7.1,14.0,4.0,1.0,1.0,0.0,100.0
1768749383.8833554,10.9,0.0,0.0,1.0,0.0,1.0,1.0,14.4,100.0,0.0,4.0,6.1,16.3,4.0,3.0,0.0,0.0,100.0
1768749384.8885386,10.8,0.0,2.0,3.0,2.0,0.0,3.1,12.9,100.0,1.0,1.0,7.2,18.0,2.0,3.0,0.0,0.0,100.0
1768749385.8932045,9.1,1.0,0.0,4.0,0.0,0.0,2.0,11.5,100.0,1.0,1.0,6.9,14.0,4.0,2.1,0.0,0.0,100.0
1768749386.9003336,11.7,1.0,0.0,0.0,0.0,3.0,5.1,4.0,100.0,1.0,1.0,9.0,2.0,13.1,3.0,0.0,0.0,100.0
1768749387.9059725,10.9,0.0,0.0,3.0,0.0,1.0,10.0,2.0,100.0,1.0,5.1,3.0,11.2,6.1,1.0,1.0,0.0,100.0
1768749388.9097488,9.9,0.0,0.0,1.0,1.0,1.0,17.2,1.0,100.0,1.0,1.0,0.0,18.2,6.0,0.0,1.0,0.0,100.0
1768749389.9146776,13.2,0.0,0.0,0.0,7.9,2.0,16.5,1.0,100.0,1.0,1.0,1.0,11.2,4.0,0.0,0.0,0.0,100.0
1768749390.918991,10.9,0.0,0.0,0.0,16.2,1.0,6.1,1.0,100.0,1.0,2.0,2.0,9.2,2.0,0.0,0.0,0.0,100.0
1768749391.9231017,12.1,1.0,0.0,0.0,10.3,0.0,13.3,2.0,100.0,1.0,4.0,2.0,13.4,0.0,0.0,1.0,0.0,100.0
1768749392.9276822,11.8,0.0,2.0,2.0,9.1,0.0,8.0,0.0,100.0,0.0,2.0,1.0,7.1,2.0,1.0,0.0,0.0,100.0
1768749393.9321241,10.7,0.0,4.0,0.0,5.1,1.0,10.1,0.0,100.0,2.0,2.1,4.0,5.0,9.2,0.0,0.0,0.0,100.0
1768749394.93707,10.8,0.0,0.0,0.0,1.0,0.0,2.0,0.0,100.0,0.0,1.0,5.0,0.0,17.3,1.0,1.0,1.0,100.0
1768749395.9416776,10.8,2.0,1.0,0.0,0.0,1.0,4.0,3.0,100.0,2.0,1.0,2.0,1.0,16.2,0.0,0.0,0.0,100.0
1768749396.9451997,11.8,1.0,0.0,1.0,0.0,2.0,9.9,0.0,100.0,5.0,3.1,5.1,4.1,16.2,0.0,1.0,1.0,100.0
1768749397.9495895,11.8,1.0,0.0,2.0,20.6,2.0,14.3,1.0,100.0,8.0,2.0,5.0,8.1,9.0,3.0,0.0,0.0,100.0
1768749398.9541118,11.7,0.0,0.0,3.0,1.0,0.0,18.2,3.1,100.0,13.4,1.0,1.0,9.0,0.0,8.3,0.0,0.0,100.0
1768749399.9589598,9.8,0.0,1.0,3.0,2.0,17.2,0.0,6.1,100.0,21.4,0.0,1.0,2.0,0.0,5.9,4.0,1.0,100.0
1768749400.9622016,13.3,1.0,0.0,1.0,0.0,23.7,14.3,10.1,100.0,13.4,0.0,1.0,12.1,1.0,0.0,0.0,0.0,100.0
1768749401.9673102,9.9,1.0,3.0,3.0,0.0,16.2,10.1,5.0,100.0,6.1,0.0,2.0,5.1,0.0,0.0,0.0,0.0,100.0
1768749403.1920748,13.5,0.0,2.0,0.0,5.0,0.0,1.0,1.0,100.0,1.0,0.0,0.0,4.0,1.0,0.0,0.0,0.0,100.0
1768749404.1954021,13.3,0.0,1.0,0.0,2.0,1.0,3.0,0.0,100.0,0.0,0.0,0.0,0.0,0.0,0.0,0.0,0.0,100.0
1768749405.198619,9.0,0.0,0.0,0.0,0.0,9.0,5.1,2.0,100.0,0.0,1.0,0.0,0.0,0.0,0.0,0.0,0.0,100.0
1768749406.2020895,15.6,0.0,8.0,1.0,0.0,1.0,3.0,2.0,100.0,0.0,2.0,0.0,1.0,0.0,0.0,0.0,1.0,100.0
1768749407.205422,11.5,1.0,0.0,0.0,1.0,1.0,7.0,0.0,100.0,0.0,1.0,0.0,0.0,0.0,0.0,0.0,0.0,100.0
1768749408.288093,14.2,0.0,2.0,2.0,1.0,8.1,4.0,3.0,100.0,1.0,0.0,0.0,0.0,3.0,0.0,0.0,0.0,100.0
1768749409.2917511,15.7,0.0,0.0,0.0,0.0,6.1,8.1,0.0,100.0,0.0,2.0,0.0,0.0,1.0,0.0,1.0,0.0,100.0
1768749410.2934527,10.8,0.0,0.0,1.0,2.0,9.2,1.0,7.1,100.0,0.0,2.0,0.0,0.0,2.0,0.0,0.0,0.0,100.0
1768749411.2965214,9.9,1.0,0.0,0.0,0.0,4.1,3.0,6.0,100.0,0.0,1.0,0.0,0.0,0.0,0.0,0.0,1.0,100.0
1768749412.3007798,10.8,0.0,1.0,4.0,1.0,12.1,3.0,0.0,100.0,1.0,6.1,1.0,1.0,2.0,0.0,0.0,0.0,100.0
1768749413.3047645,12.5,0.0,0.0,0.0,0.0,11.2,11.1,0.0,100.0,0.0,4.0,3.0,0.0,3.0,0.0,1.0,0.0,100.0
1768749414.309645,13.1,0.0,0.0,0.0,0.0,7.1,7.1,0.0,100.0,0.0,0.0,0.0,0.0,1.0,0.0,0.0,0.0,100.0
1768749415.3127785,11.7,0.0,0.0,0.0,1.0,20.6,8.1,0.0,100.0,0.0,1.0,1.0,0.0,2.0,0.0,1.0,0.0,100.0
1768749416.3172631,11.7,0.0,0.0,0.0,0.0,16.2,8.1,1.0,100.0,0.0,1.0,0.0,0.0,0.0,0.0,1.0,0.0,100.0
1768749417.3208368,14.2,0.0,0.0,2.0,4.0,15.3,3.0,1.0,100.0,0.0,2.0,2.0,1.0,2.0,0.0,0.0,0.0,100.0
1768749418.3242624,11.7,0.0,0.0,1.0,0.0,7.1,4.0,2.0,100.0,0.0,1.0,1.0,0.0,0.0,0.0,0.0,0.0,100.0
1768749419.327839,13.2,0.0,0.0,0.0,0.0,6.1,3.0,13.0,100.0,0.0,0.0,1.0,0.0,1.0,0.0,0.0,0.0,100.0
1768749420.3319051,13.5,1.0,0.0,0.0,1.0,3.0,0.0,4.1,100.0,0.0,3.0,3.0,0.0,3.0,0.0,0.0,0.0,100.0
1768749421.336145,10.9,1.0,1.0,1.0,1.0,10.1,0.0,7.0,100.0,2.0,2.0,0.0,1.0,1.0,0.0,0.0,0.0,100.0
1768749422.3383737,12.5,0.0,0.0,3.1,1.0,3.0,0.0,6.1,100.0,0.0,1.0,4.0,2.0,2.0,0.0,0.0,0.0,100.0
1768749423.342738,11.7,0.0,0.0,1.0,0.0,13.1,0.0,6.2,100.0,0.0,0.0,1.0,0.0,2.0,0.0,1.0,0.0,100.0
1768749424.6785605,12.5,1.0,0.0,0.0,1.0,7.1,3.0,11.0,100.0,0.0,1.0,3.0,1.0,0.0,0.0,1.0,0.0,100.0
1768749425.6816232,15.7,0.0,0.0,0.0,0.0,15.0,15.3,0.0,100.0,1.0,3.0,0.0,0.0,2.0,0.0,0.0,0.0,100.0
1768749426.6853702,10.9,1.0,0.0,0.0,1.0,14.3,13.1,0.0,100.0,0.0,2.0,2.0,0.0,2.0,0.0,0.0,1.0,100.0
1768749427.6884592,10.0,1.0,0.0,0.0,0.0,16.5,4.0,0.0,100.0,0.0,2.0,0.0,2.0,2.0,0.0,0.0,0.0,100.0
1768749428.6928182,10.0,0.0,1.0,1.0,1.0,18.2,5.1,6.1,100.0,0.0,1.0,0.0,0.0,0.0,1.0,1.0,2.0,100.0
1768749429.6962917,11.8,0.0,0.0,0.0,0.0,14.4,0.0,11.1,100.0,0.0,1.0,2.0,0.0,0.0,1.0,0.0,0.0,100.0
1768749430.6999743,9.0,0.0,1.0,0.0,0.0,14.0,0.0,14.3,100.0,0.0,2.0,1.0,0.0,1.0,2.0,0.0,1.0,100.0
1768749431.7018332,7.2,1.0,0.0,0.0,2.0,11.2,0.0,11.2,100.0,0.0,1.0,3.0,1.0,0.0,0.0,0.0,0.0,100.0
1768749432.7061474,9.1,0.0,0.0,1.0,0.0,6.1,0.0,13.0,100.0,0.0,0.0,1.0,0.0,1.0,0.0,0.0,0.0,100.0
1768749433.8314278,12.4,0.0,1.0,0.0,1.0,1.0,0.0,8.1,100.0,0.0,1.0,0.0,0.0,0.0,0.0,1.0,0.0,100.0
1768749434.83473,11.8,1.0,0.0,2.0,0.0,0.0,7.1,3.0,100.0,0.0,1.0,0.0,0.0,0.0,0.0,1.0,0.0,100.0
1768749435.8388636,9.0,1.0,0.0,0.0,1.0,1.0,4.0,5.0,100.0,2.0,2.0,0.0,0.0,0.0,0.0,1.0,1.0,100.0
1768749436.8431237,14.0,0.0,1.0,2.0,0.0,0.0,6.1,6.1,100.0,2.0,1.0,0.0,0.0,1.0,0.0,0.0,2.0,100.0
1768749437.8461874,11.7,1.0,1.0,0.0,1.0,0.0,1.0,9.2,100.0,0.0,1.0,0.0,0.0,0.0,0.0,0.0,0.0,100.0
1768749438.850164,12.4,0.0,1.0,0.0,1.0,0.0,1.0,11.3,100.0,1.0,0.0,0.0,0.0,0.0,0.0,0.0,1.0,100.0
1768749439.8543186,10.7,1.0,0.0,3.0,1.0,0.0,0.0,12.0,100.0,2.0,0.0,0.0,0.0,1.0,0.0,0.0,0.0,100.0
1768749440.8578174,12.5,1.0,1.0,1.0,1.0,0.0,0.0,10.1,100.0,1.0,1.0,0.0,0.0,0.0,0.0,0.0,0.0,100.0
1768749441.8611977,13.3,1.0,2.0,1.0,0.0,0.0,0.0,16.5,100.0,1.0,4.0,1.0,0.0,1.0,0.0,0.0,0.0,100.0
1768749442.8643198,12.4,0.0,1.0,2.0,2.0,0.0,0.0,2.0,100.0,2.0,0.0,0.0,0.0,0.0,0.0,0.0,1.0,100.0
1768749443.9417412,14.0,2.0,2.0,5.1,1.0,0.0,8.0,0.0,100.0,1.0,1.0,1.0,0.0,0.0,0.0,0.0,0.0,100.0
1768749444.9471612,7.2,2.0,1.0,0.0,1.0,0.0,8.2,0.0,100.0,0.0,1.0,2.0,0.0,0.0,0.0,1.0,0.0,100.0
1768749445.9523308,9.1,0.0,0.0,1.0,2.0,0.0,5.0,1.0,100.0,0.0,3.0,1.0,0.0,0.0,0.0,0.0,0.0,100.0
1768749446.954864,14.0,0.0,0.0,0.0,0.0,1.0,0.0,0.0,100.0,2.0,2.0,0.0,0.0,0.0,0.0,0.0,1.0,100.0
1768749447.9587777,10.8,0.0,0.0,1.0,0.0,0.0,0.0,0.0,100.0,0.0,1.0,0.0,0.0,0.0,0.0,0.0,0.0,100.0
1768749448.963059,13.5,1.0,1.0,0.0,1.0,0.0,0.0,0.0,100.0,1.0,3.0,0.0,0.0,1.0,0.0,0.0,0.0,100.0
1768749449.9647877,14.2,0.0,0.0,0.0,0.0,0.0,3.0,1.0,100.0,2.0,3.0,0.0,0.0,0.0,0.0,0.0,1.0,100.0
1768749450.9687207,9.0,1.0,0.0,2.0,1.0,0.0,0.0,2.0,100.0,1.0,0.0,1.0,0.0,0.0,0.0,0.0,0.0,100.0
1768749451.9721005,15.0,0.0,0.0,0.0,1.0,1.0,2.0,0.0,100.0,1.0,0.0,0.0,0.0,0.0,0.0,1.0,0.0,100.0
1768749452.9754548,11.7,1.0,0.0,0.0,0.0,0.0,6.0,1.0,100.0,2.0,0.0,0.0,0.0,0.0,0.0,0.0,2.0,100.0
1768749453.9801476,11.8,1.0,2.0,1.0,1.0,0.0,2.0,1.0,100.0,0.0,0.0,0.0,0.0,0.0,0.0,0.0,1.0,100.0
1768749454.983752,12.5,1.0,0.0,1.0,0.0,0.0,0.0,1.0,100.0,0.0,2.0,0.0,0.0,0.0,1.0,0.0,0.0,100.0
1768749455.9872928,13.2,1.0,0.0,0.0,0.0,1.0,5.0,2.0,100.0,0.0,0.0,1.0,2.0,0.0,0.0,0.0,0.0,100.0
1768749456.991587,14.3,0.0,2.0,0.0,1.0,0.0,3.0,0.0,100.0,1.0,0.0,1.0,0.0,0.0,2.0,1.0,2.0,100.0
1768749457.9949014,8.2,0.0,0.0,0.0,0.0,0.0,3.0,3.0,100.0,2.0,1.0,0.0,0.0,1.0,0.0,0.0,1.0,100.0
1768749458.9986875,11.8,0.0,1.0,4.1,1.0,0.0,6.1,2.0,100.0,1.0,0.0,0.0,0.0,0.0,0.0,1.0,1.0,100.0
1768749460.0025892,11.7,1.0,2.0,0.0,0.0,0.0,1.0,1.0,100.0,1.0,3.0,0.0,1.0,0.0,0.0,1.0,0.0,100.0
1768749461.0061364,10.8,0.0,1.0,3.0,3.0,0.0,0.0,2.0,100.0,0.0,1.0,0.0,1.0,0.0,0.0,0.0,0.0,100.0
1768749462.0095732,12.5,0.0,0.0,0.0,1.0,0.0,0.0,1.0,100.0,1.0,2.0,0.0,0.0,0.0,0.0,0.0,1.0,100.0
1768749463.0124266,8.2,2.0,1.0,2.0,1.0,1.0,5.1,1.0,100.0,2.0,3.0,1.0,0.0,1.0,1.0,0.0,1.0,100.0
1768749464.0168238,9.4,1.0,1.0,2.0,0.0,1.0,5.1,2.0,100.0,0.0,1.0,0.0,1.0,1.0,1.0,1.0,9.0,100.0
1768749465.0212398,11.2,0.0,0.0,5.0,0.0,1.0,5.1,1.0,100.0,0.0,0.0,0.0,2.0,0.0,0.0,0.0,0.0,100.0
1768749466.0255241,11.3,1.0,0.0,1.0,1.0,0.0,6.0,5.0,100.0,0.0,1.0,1.0,2.1,0.0,1.0,1.0,0.0,100.0
1768749467.0289288,12.4,0.0,0.0,0.0,0.0,0.0,0.0,5.1,100.0,9.0,0.0,0.0,3.0,1.0,0.0,2.0,0.0,100.0
1768749468.0665057,14.0,0.0,2.0,0.0,0.0,2.0,2.0,1.0,100.0,8.0,1.0,0.0,0.0,0.0,0.0,0.0,0.0,100.0
1768749469.0700202,15.0,0.0,0.0,0.0,0.0,0.0,0.0,0.0,100.0,1.0,1.0,0.0,0.0,0.0,1.0,0.0,0.0,100.0
1768749470.0740056,14.8,0.0,1.0,0.0,0.0,2.0,0.0,1.0,100.0,1.0,1.0,0.0,0.0,0.0,0.0,0.0,1.0,100.0
1768749471.079297,11.7,0.0,0.0,0.0,0.0,0.0,0.0,0.0,100.0,0.0,0.0,0.0,0.0,1.0,0.0,0.0,0.0,100.0
1768749472.0838642,14.7,0.0,0.0,0.0,0.0,0.0,1.0,7.0,100.0,8.1,2.0,0.0,0.0,0.0,0.0,0.0,0.0,100.0
1768749473.410139,11.5,1.0,0.0,0.0,0.0,2.0,0.0,5.1,100.0,8.1,2.0,1.0,0.0,0.0,0.0,1.0,0.0,100.0
1768749474.414171,14.7,0.0,0.0,0.0,0.0,0.0,0.0,1.0,100.0,3.0,0.0,0.0,1.0,0.0,0.0,0.0,0.0,100.0
1768749475.5408852,12.1,2.0,0.0,2.0,1.0,0.0,0.0,6.1,100.0,0.0,0.0,0.0,0.0,0.0,0.0,0.0,0.0,100.0
1768749476.7183743,8.8,0.0,2.0,4.0,0.0,1.0,2.0,11.2,100.0,0.0,0.0,0.0,1.0,0.0,1.0,0.0,0.0,100.0
1768749477.7215612,7.0,0.0,2.0,0.0,0.0,0.0,2.0,7.2,100.0,1.0,1.0,2.9,0.0,0.0,0.0,0.0,0.0,100.0
1768749478.7265692,8.9,1.0,0.0,0.0,0.0,0.0,4.0,13.9,100.0,0.0,0.0,1.0,1.0,0.0,0.0,0.0,1.0,100.0
1768749479.7307718,12.5,0.0,0.0,0.0,2.0,1.0,1.0,0.0,100.0,1.0,2.0,1.0,0.0,1.0,0.0,1.0,0.0,100.0
1768749480.7343404,16.4,0.0,0.0,0.0,3.1,0.0,1.0,0.0,100.0,0.0,0.0,2.0,2.0,0.0,0.0,0.0,0.0,100.0
1768749481.7385857,14.3,0.0,0.0,0.0,0.0,1.0,2.1,1.0,100.0,0.0,0.0,0.0,0.0,0.0,0.0,1.0,0.0,100.0
1768749482.742715,13.2,1.0,0.0,0.0,0.0,0.0,1.0,9.9,100.0,5.9,0.0,2.0,0.0,0.0,0.0,0.0,0.0,100.0
1768749483.7462106,13.9,0.0,0.0,0.0,0.0,2.0,3.9,4.0,100.0,13.3,0.0,1.0,0.0,1.0,0.0,0.0,1.0,100.0
1768749484.7514167,7.9,0.0,0.0,0.0,0.0,0.0,0.0,2.0,100.0,3.0,0.0,1.0,1.0,0.0,0.0,0.0,1.0,100.0
1768749485.7551198,4.1,1.0,1.0,0.0,0.0,1.0,1.0,10.3,100.0,1.0,0.0,1.0,0.0,0.0,0.0,1.0,0.0,100.0
1768749486.7593207,5.1,0.0,1.0,1.0,2.0,0.0,1.0,4.1,100.0,2.0,1.0,2.0,1.0,0.0,2.0,1.0,0.0,100.0
1768749487.7638435,10.6,0.0,0.0,1.0,1.0,0.0,0.0,10.0,100.0,10.0,0.0,0.0,1.0,0.0,0.0,0.0,0.0,100.0
1768749488.7682338,8.9,0.0,0.0,0.0,2.0,2.0,2.0,4.0,100.0,19.4,0.0,2.0,0.0,0.0,0.0,1.0,0.0,100.0
1768749489.7727919,10.8,0.0,0.0,0.0,2.0,0.0,0.0,0.0,100.0,1.0,0.0,0.0,0.0,0.0,0.0,0.0,1.0,100.0
1768749490.7768586,7.2,0.0,0.0,1.0,1.0,1.0,0.0,1.0,100.0,0.0,0.0,0.0,0.0,1.0,0.0,0.0,0.0,100.0
1768749491.7844372,5.2,1.0,0.0,3.0,3.0,0.0,0.0,0.0,100.0,0.0,0.0,2.0,0.0,1.0,0.0,0.0,0.0,100.0
1768749492.7877786,7.0,1.0,1.0,0.0,1.0,1.0,2.0,2.0,100.0,0.0,2.0,4.0,1.0,0.0,0.0,0.0,0.0,100.0
1768749493.7927625,5.2,1.0,1.0,0.0,3.0,1.0,9.2,1.0,100.0,1.0,0.0,0.0,0.0,0.0,1.0,1.0,0.0,100.0
1768749494.7964242,7.1,0.0,1.0,2.0,0.0,1.0,4.0,1.0,100.0,2.0,2.0,2.9,1.0,1.0,1.0,1.0,0.0,100.0
1768749495.8001738,8.2,1.0,1.0,0.0,0.0,1.0,0.0,0.0,100.0,0.0,2.0,1.0,1.0,1.0,0.0,0.0,1.0,100.0
1768749496.805314,8.7,0.0,1.0,0.0,0.0,0.0,2.0,7.1,100.0,1.0,0.0,0.0,0.0,0.0,0.0,0.0,0.0,100.0
1768749497.8102276,12.5,1.0,0.0,1.0,0.0,0.0,3.1,10.2,100.0,1.0,2.0,0.0,1.0,0.0,0.0,0.0,0.0,100.0
1768749498.8141499,16.5,0.0,1.0,1.0,0.0,2.0,1.0,9.0,100.0,0.0,0.0,2.0,0.0,0.0,1.0,1.0,1.0,100.0
1768749499.818377,9.8,0.0,0.0,1.0,1.0,0.0,1.0,8.9,100.0,0.0,2.0,1.0,0.0,0.0,0.0,0.0,0.0,100.0
1768749500.822694,14.2,0.0,1.0,0.0,2.0,1.0,1.0,7.1,100.0,1.0,0.0,0.0,0.0,0.0,0.0,1.0,1.0,100.0
1768749501.8260677,11.8,0.0,0.0,0.0,2.0,0.0,0.0,1.0,100.0,0.0,0.0,1.0,0.0,0.0,0.0,0.0,0.0,100.0
1768749502.8307183,13.3,0.0,2.0,0.0,5.1,1.0,0.0,0.0,100.0,1.0,0.0,0.0,0.0,1.0,0.0,1.0,0.0,100.0
1768749503.8344343,8.7,0.0,0.0,1.0,2.0,2.0,0.0,0.0,100.0,2.0,1.0,3.0,0.0,2.0,0.0,0.0,0.0,100.0
1768749504.8378854,10.8,1.0,0.0,4.0,0.0,2.0,0.0,0.0,100.0,3.0,1.0,1.0,0.0,0.0,0.0,1.0,0.0,100.0
1768749505.8414896,9.8,0.0,1.0,0.0,3.0,0.0,0.0,0.0,100.0,1.0,0.0,0.0,0.0,0.0,1.0,0.0,1.0,100.0
1768749506.8458064,10.8,0.0,0.0,0.0,2.0,1.0,0.0,0.0,100.0,0.0,0.0,1.0,0.0,0.0,0.0,0.0,0.0,100.0
1768749507.848739,9.0,0.0,0.0,5.0,0.0,1.0,0.0,0.0,100.0,0.0,2.0,2.0,5.0,1.0,0.0,1.0,0.0,100.0
1768749508.8528483,8.0,2.0,2.0,11.0,4.0,1.0,2.9,0.0,100.0,1.0,3.0,5.0,3.0,1.0,0.0,1.0,1.0,100.0
1768749509.8991227,7.8,0.0,0.0,0.0,1.0,4.0,0.0,0.0,100.0,1.0,1.0,2.0,0.0,1.0,1.0,1.0,0.0,100.0
1768749510.9016898,3.1,0.0,1.0,0.0,0.0,1.0,2.0,0.0,100.0,2.0,0.0,0.0,0.0,0.0,0.0,0.0,0.0,100.0
1768749511.905344,9.8,1.0,1.0,0.0,1.0,2.0,1.0,0.0,100.0,0.0,0.0,2.0,0.0,0.0,0.0,0.0,1.0,100.0
1768749512.9089332,9.9,1.0,0.0,1.0,1.0,3.0,2.0,0.0,100.0,1.0,2.0,0.0,1.0,0.0,0.0,1.0,1.0,100.0
1768749513.9121242,9.0,2.0,0.0,2.0,0.0,1.0,1.0,0.0,100.0,2.0,1.0,2.0,5.1,2.0,0.0,0.0,0.0,100.0
1768749514.9167738,11.5,0.0,0.0,1.0,0.0,2.0,0.0,0.0,100.0,2.0,1.0,3.0,7.0,0.0,0.0,0.0,1.0,100.0
1768749515.9205964,9.8,0.0,1.0,4.0,1.0,3.0,0.0,0.0,100.0,3.0,2.0,2.0,7.1,5.0,0.0,0.0,1.0,100.0
1768749516.9267147,12.6,0.0,1.0,3.0,1.0,2.0,2.0,1.0,100.0,2.0,1.0,2.0,2.0,7.1,1.0,0.0,0.0,100.0
1768749517.930182,12.5,1.0,0.0,2.0,0.0,2.0,1.0,0.0,100.0,2.0,1.0,1.0,2.0,9.1,0.0,1.0,0.0,100.0
1768749518.9436312,9.9,1.0,1.0,2.0,1.0,3.0,1.0,0.0,100.0,1.0,0.0,2.0,2.0,11.2,1.0,0.0,1.0,100.0
1768749519.9514563,10.8,0.0,0.0,2.0,2.0,2.0,0.0,0.0,100.0,2.0,4.0,2.0,2.0,15.2,0.0,0.0,1.0,100.0
1768749520.9558961,9.9,0.0,0.0,3.0,0.0,3.0,3.0,0.0,100.0,2.0,1.0,3.0,1.0,8.0,3.0,0.0,0.0,100.0
1768749521.9599323,14.0,0.0,1.0,5.1,1.0,0.0,2.1,1.0,100.0,4.0,0.0,2.0,7.1,4.0,1.0,0.0,0.0,100.0
1768749522.9642143,10.0,0.0,0.0,3.0,1.0,0.0,1.0,0.0,100.0,0.0,3.0,1.0,7.1,15.5,1.0,2.0,2.0,100.0
1768749523.967751,10.0,0.0,1.0,2.0,0.0,0.0,1.0,0.0,100.0,1.0,3.0,1.0,4.0,14.1,0.0,0.0,1.0,100.0
1768749524.9699974,10.8,1.0,0.0,2.0,1.0,3.1,0.0,1.0,100.0,0.0,1.0,2.0,1.0,11.3,5.0,0.0,0.0,100.0
1768749525.973485,11.8,1.0,1.0,0.0,0.0,3.0,0.0,1.0,100.0,0.0,1.0,1.0,3.0,15.0,3.0,0.0,0.0,100.0
1768749526.9779873,13.3,1.0,1.0,0.0,0.0,2.0,0.0,0.0,100.0,0.0,3.0,0.0,0.0,10.2,4.0,1.0,0.0,100.0
1768749527.9821408,10.9,1.0,0.0,3.1,1.0,1.0,0.0,0.0,100.0,0.0,3.1,0.0,3.0,17.5,2.1,0.0,1.0,100.0
1768749528.9852865,11.8,0.0,0.0,1.0,0.0,3.0,0.0,2.0,100.0,0.0,3.0,1.0,1.0,11.0,1.0,0.0,0.0,100.0
1768749529.9908004,10.8,0.0,0.0,1.0,0.0,0.0,0.0,2.0,100.0,0.0,2.0,0.0,1.0,15.2,0.0,1.0,0.0,100.0
1768749531.0303192,10.6,0.0,1.0,0.0,0.0,1.0,1.0,0.0,100.0,3.0,1.0,0.0,3.0,5.1,1.0,1.0,0.0,100.0
1768749532.0538943,11.4,1.0,2.0,2.0,0.0,1.0,0.0,0.0,100.0,2.0,2.0,1.0,3.0,10.1,9.0,0.0,0.0,100.0
1768749533.0581622,11.5,0.0,0.0,0.0,1.0,1.0,0.0,1.0,100.0,3.0,0.0,5.9,11.0,0.0,1.0,0.0,0.0,100.0
1768749534.0615692,11.5,0.0,3.0,1.0,1.0,4.1,0.0,2.0,100.0,4.1,3.0,1.0,25.5,1.0,0.0,1.0,0.0,100.0
1768749535.0640929,8.0,1.0,0.0,0.0,0.0,1.0,1.0,0.0,100.0,2.0,3.0,0.0,6.1,0.0,6.1,0.0,0.0,100.0
1768749536.0688772,9.9,2.0,0.0,0.0,1.0,1.0,0.0,0.0,100.0,1.0,3.0,0.0,7.1,0.0,0.0,0.0,0.0,100.0
1768749537.0732088,9.8,1.0,1.0,0.0,1.0,1.0,0.0,1.0,100.0,2.0,0.0,5.1,20.4,0.0,0.0,0.0,0.0,100.0
1768749538.0765073,9.9,1.0,0.0,2.0,1.0,2.0,2.0,1.0,100.0,1.0,4.0,3.1,14.0,2.0,0.0,1.0,1.0,100.0
1768749539.0809176,10.0,2.0,1.0,5.1,1.0,0.0,1.0,0.0,100.0,1.0,1.0,3.0,5.1,6.0,0.0,0.0,1.0,100.0
1768749540.082755,9.1,17.2,0.0,2.0,0.0,0.0,0.0,1.0,100.0,0.0,4.0,11.2,1.0,8.1,0.0,0.0,0.0,100.0
1768749541.087008,12.9,0.0,0.0,2.0,9.1,2.0,0.0,1.0,100.0,0.0,1.0,6.1,1.0,12.1,0.0,0.0,0.0,100.0
1768749542.090677,14.2,1.0,0.0,2.0,8.1,15.5,0.0,1.0,100.0,0.0,1.0,6.1,9.1,0.0,0.0,0.0,0.0,100.0
1768749543.09414,14.2,0.0,0.0,1.0,0.0,13.1,0.0,0.0,100.0,0.0,1.0,12.0,8.0,9.2,0.0,1.0,0.0,100.0
1768749544.0973155,12.6,0.0,1.0,2.0,0.0,4.0,9.1,1.0,100.0,0.0,0.0,9.1,13.4,0.0,1.0,0.0,0.0,100.0
1768749545.1023898,12.5,1.0,0.0,1.0,1.0,0.0,13.4,1.0,100.0,1.0,3.0,6.1,15.0,1.0,0.0,2.0,4.1,100.0
1768749546.1060293,12.5,1.0,0.0,0.0,1.0,11.2,6.1,0.0,100.0,1.0,1.0,12.1,12.2,1.0,0.0,0.0,0.0,100.0
1768749547.110271,16.4,1.0,1.0,2.0,1.0,22.4,0.0,0.0,100.0,1.0,1.0,6.1,10.0,1.0,0.0,0.0,2.0,100.0
1768749548.114117,12.4,0.0,0.0,3.0,0.0,20.6,1.0,0.0,100.0,1.0,0.0,0.0,6.1,0.0,0.0,0.0,17.3,100.0
1768749549.1203406,11.7,0.0,1.0,0.0,1.0,12.1,0.0,1.0,100.0,1.0,0.0,0.0,7.1,2.0,1.0,1.0,16.2,100.0
1768749550.1274922,10.9,0.0,0.0,0.0,3.0,11.1,0.0,0.0,100.0,1.0,0.0,1.0,18.4,0.0,0.0,0.0,17.3,100.0
1768749551.1312885,14.3,0.0,0.0,0.0,1.0,9.0,0.0,0.0,100.0,0.0,0.0,0.0,13.1,2.0,0.0,0.0,16.3,100.0
1768749552.1344888,12.6,1.0,0.0,0.0,4.0,15.6,0.0,1.0,100.0,0.0,2.0,5.1,13.4,2.0,0.0,0.0,11.5,100.0
1768749553.1386673,12.6,0.0,1.0,5.1,1.0,21.6,0.0,0.0,100.0,0.0,0.0,7.1,0.0,1.0,2.0,0.0,0.0,100.0
1768749554.1419003,10.0,0.0,1.0,0.0,0.0,13.1,0.0,0.0,100.0,1.0,1.0,6.0,0.0,0.0,0.0,5.1,1.0,100.0
1768749555.1456027,11.7,1.0,0.0,0.0,0.0,2.0,11.1,2.0,100.0,1.0,4.0,0.0,0.0,0.0,0.0,0.0,2.0,100.0
1768749556.1491394,16.4,0.0,1.0,0.0,0.0,1.0,5.1,0.0,100.0,7.1,9.0,2.0,0.0,0.0,0.0,0.0,1.0,100.0
1768749557.150958,13.5,1.0,0.0,1.0,3.0,5.9,3.0,0.0,100.0,9.1,4.0,2.0,2.0,0.0,1.0,0.0,0.0,100.0
1768749558.1544049,11.1,3.0,2.0,1.0,2.0,9.0,6.0,6.9,100.0,0.0,0.0,6.9,6.0,0.0,0.0,3.0,0.0,100.0
1768749559.35599,13.3,10.1,5.0,5.1,4.1,0.0,0.0,2.0,100.0,1.0,1.0,0.0,0.0,0.0,0.0,1.0,0.0,100.0
1768749560.359124,12.5,3.0,6.0,6.1,2.0,0.0,11.1,10.1,100.0,0.0,1.0,0.0,0.0,0.0,0.0,3.0,0.0,100.0
1768749561.3629131,5.3,1.0,1.0,1.0,5.1,4.0,10.0,7.1,100.0,1.0,1.0,0.0,0.0,0.0,0.0,6.1,3.0,100.0
1768749562.3807974,11.7,0.0,0.0,1.0,2.0,0.0,0.0,1.0,100.0,6.0,5.0,7.0,1.0,7.0,0.0,3.0,1.0,100.0
1768749563.3842673,9.9,0.0,2.0,0.0,1.0,2.0,1.0,1.0,100.0,3.0,2.0,4.1,0.0,5.0,2.0,0.0,1.0,100.0
1768749564.3884685,9.9,0.0,0.0,0.0,2.0,2.0,2.0,3.0,100.0,0.0,0.0,0.0,2.0,0.0,1.0,3.0,12.1,100.0
1768749565.3928826,9.5,2.0,0.0,4.0,4.1,5.0,1.0,3.0,100.0,0.0,0.0,0.0,0.0,0.0,4.0,2.1,1.0,100.0
1768749566.3975103,11.8,0.0,10.1,5.0,0.0,0.0,1.0,0.0,100.0,3.0,2.0,4.0,2.0,5.1,2.0,1.0,0.0,100.0
1768749567.401367,7.1,5.1,5.1,2.0,5.1,4.1,1.0,1.0,100.0,2.9,1.0,0.0,1.0,1.0,1.0,1.0,0.0,100.0
1768749568.4052677,7.2,1.0,1.0,0.0,3.0,3.0,4.0,3.0,100.0,0.0,0.0,2.0,0.0,0.0,0.0,2.0,1.0,100.0
1768749569.411329,8.2,0.0,0.0,0.0,0.0,0.0,0.0,0.0,100.0,0.0,0.0,0.0,0.0,0.0,0.0,2.0,1.0,100.0
1768749570.4145062,8.2,1.0,0.0,0.0,0.0,0.0,0.0,0.0,100.0,0.0,0.0,0.0,0.0,0.0,0.0,1.0,3.0,100.0
1768749571.4185076,10.1,1.0,1.0,5.0,3.0,6.0,2.0,0.0,100.0,0.0,0.0,0.0,1.0,0.0,0.0,5.0,3.0,100.0
1768749572.4229248,16.2,3.0,2.0,8.2,7.0,2.0,12.2,1.0,100.0,0.0,0.0,0.0,1.0,2.0,0.0,1.0,1.0,100.0
1768749573.4267745,11.8,0.0,0.0,0.0,0.0,1.0,5.9,9.0,100.0,0.0,0.0,1.0,0.0,0.0,0.0,2.0,0.0,100.0
1768749574.4317565,13.3,0.0,0.0,0.0,0.0,0.0,0.0,0.0,100.0,0.0,0.0,0.0,0.0,0.0,0.0,0.0,0.0,100.0
1768749575.4359193,16.7,1.0,0.0,1.0,0.0,0.0,0.0,0.0,100.0,0.0,1.0,1.0,1.0,0.0,3.0,1.0,9.0,100.0
1768749576.4388242,12.7,3.0,2.0,0.0,1.0,1.0,0.0,0.0,100.0,0.0,0.0,0.0,0.0,0.0,0.0,0.0,2.0,100.0
1768749577.4434266,10.9,0.0,0.0,0.0,0.0,0.0,0.0,0.0,100.0,3.0,10.0,3.0,5.0,4.0,5.0,1.0,0.0,100.0
1768749578.446962,11.7,0.0,1.0,0.0,1.0,0.0,0.0,2.0,100.0,3.0,0.0,0.0,1.0,1.0,2.9,1.0,6.1,100.0
1768749579.4509325,8.2,0.0,0.0,0.0,0.0,0.0,0.0,0.0,100.0,0.0,0.0,0.0,0.0,0.0,0.0,1.0,0.0,100.0
1768749580.4549713,14.2,0.0,0.0,0.0,1.0,0.0,0.0,0.0,100.0,3.0,0.0,0.0,0.0,0.0,0.0,0.0,1.0,100.0
1768749581.459469,11.8,4.0,2.0,0.0,0.0,1.0,0.0,0.0,100.0,3.0,1.0,1.0,2.0,0.0,0.0,0.0,0.0,100.0
1768749582.578384,13.3,3.0,0.0,0.0,0.0,1.0,0.0,0.0,100.0,2.0,0.0,0.0,7.0,3.0,0.0,0.0,0.0,100.0
1768749583.6130831,15.6,0.0,1.0,0.0,0.0,0.0,0.0,0.0,100.0,3.0,3.0,0.0,0.0,0.0,0.0,1.0,1.0,100.0
1768749584.6921272,15.1,1.0,0.0,1.0,0.0,0.0,1.0,0.0,100.0,2.0,1.0,2.0,1.0,0.0,0.0,1.0,2.0,100.0
1768749585.77485,14.0,1.0,1.0,0.0,0.0,0.0,0.0,1.0,100.0,3.0,0.0,0.0,2.0,0.0,4.0,0.0,0.0,100.0
1768749586.859025,16.4,0.0,0.0,0.0,0.0,0.0,0.0,0.0,100.0,4.0,1.0,0.0,2.0,0.0,2.0,0.0,0.0,100.0
1768749588.1474862,14.8,0.0,0.0,0.0,0.0,0.0,0.0,0.0,100.0,0.0,0.0,1.0,1.0,0.0,1.0,1.0,0.0,100.0
1768749589.1828299,15.9,3.0,1.0,2.0,3.0,1.0,8.0,2.0,100.0,2.0,2.0,2.0,0.0,0.0,0.0,0.0,0.0,100.0
1768749590.1868994,12.6,0.0,0.0,0.0,0.0,0.0,8.1,5.9,100.0,4.0,4.0,2.0,0.0,0.0,0.0,0.0,0.0,100.0
1768749591.1911209,15.1,1.0,0.0,0.0,1.0,0.0,2.0,2.0,100.0,1.0,0.0,1.0,0.0,0.0,0.0,0.0,0.0,100.0
1768749592.1956882,12.5,2.0,1.0,4.0,0.0,0.0,0.0,0.0,100.0,2.0,0.0,0.0,0.0,0.0,0.0,0.0,0.0,100.0
1768749593.276096,10.8,0.0,3.0,0.0,5.1,0.0,2.0,0.0,100.0,2.0,3.0,4.0,6.0,0.0,1.0,0.0,4.0,100.0
1768749594.2794757,9.9,2.0,0.0,2.0,1.0,1.0,0.0,0.0,100.0,2.0,1.0,1.0,5.0,5.0,3.0,6.0,2.0,100.0
1768749595.2829232,12.6,8.1,2.0,1.0,2.0,0.0,0.0,0.0,100.0,1.0,0.0,0.0,0.0,2.0,0.0,0.0,3.0,100.0
1768749596.2861185,10.9,0.0,0.0,0.0,2.0,0.0,0.0,0.0,100.0,3.0,0.0,0.0,0.0,0.0,0.0,0.0,0.0,100.0
1768749597.2900949,13.5,0.0,2.0,0.0,0.0,0.0,0.0,0.0,100.0,1.0,0.0,0.0,0.0,0.0,0.0,0.0,0.0,100.0
1768749598.2941995,13.3,0.0,0.0,1.0,0.0,1.0,0.0,0.0,100.0,2.9,1.0,0.0,1.0,0.0,0.0,0.0,0.0,100.0
1768749599.2980406,13.7,6.0,2.0,4.0,2.0,1.0,0.0,0.0,100.0,1.0,0.0,0.0,0.0,0.0,0.0,0.0,0.0,100.0
1768749600.3024328,15.1,1.0,1.0,1.0,0.0,1.0,0.0,1.0,100.0,2.0,0.0,0.0,1.0,0.0,0.0,0.0,0.0,100.0
1768749601.3050802,11.7,2.0,1.0,1.0,2.0,4.0,3.0,5.1,100.0,12.1,3.0,1.0,1.0,1.0,0.0,0.0,0.0,100.0
1768749602.3094306,12.4,0.0,0.0,0.0,0.0,1.0,0.0,0.0,100.0,5.1,0.0,0.0,0.0,2.0,1.0,3.0,0.0,100.0
1768749603.313506,13.3,0.0,0.0,1.0,0.0,0.0,0.0,0.0,100.0,0.0,1.0,0.0,0.0,0.0,0.0,0.0,0.0,100.0
1768749604.316839,11.8,0.0,0.0,0.0,0.0,1.0,0.0,0.0,100.0,0.0,0.0,0.0,0.0,0.0,0.0,0.0,0.0,100.0
1768749605.3200097,13.3,0.0,0.0,0.0,0.0,0.0,9.1,1.0,100.0,4.0,1.0,2.0,2.0,0.0,0.0,0.0,0.0,100.0
1768749606.3236196,10.0,0.0,1.0,0.0,0.0,0.0,2.0,2.0,100.0,0.0,1.0,0.0,1.0,0.0,0.0,0.0,0.0,100.0
1768749607.3277767,11.8,1.0,0.0,0.0,0.0,0.0,0.0,0.0,100.0,0.0,1.0,0.0,0.0,0.0,0.0,0.0,1.0,100.0
1768749608.3321567,9.0,2.0,0.0,0.0,0.0,0.0,0.0,0.0,100.0,0.0,0.0,0.0,0.0,0.0,0.0,0.0,0.0,100.0
1768749609.3372052,12.0,4.0,1.0,4.0,0.0,0.0,0.0,0.0,100.0,0.0,3.0,1.0,0.0,0.0,0.0,0.0,0.0,100.0
1768749610.3390124,13.5,2.0,5.1,0.0,0.0,1.0,1.0,1.0,100.0,3.0,0.0,3.0,1.0,1.0,0.0,0.0,0.0,100.0
1768749611.3424716,12.5,2.0,1.0,1.0,2.0,1.0,2.0,13.1,100.0,3.0,1.0,7.1,4.0,3.0,1.0,1.0,0.0,100.0
1768749612.3455281,15.4,3.0,0.0,0.0,0.0,0.0,0.0,1.0,100.0,0.0,2.0,2.0,1.0,0.0,4.0,4.0,2.0,100.0
1768749613.3473842,12.6,0.0,0.0,1.0,0.0,0.0,1.0,1.0,100.0,0.0,0.0,4.0,0.0,14.3,5.0,3.1,0.0,100.0
1768749614.3503132,11.0,3.0,1.0,0.0,0.0,1.0,0.0,1.0,100.0,0.0,0.0,2.0,0.0,10.1,10.2,4.0,5.0,100.0
1768749615.3543239,10.9,0.0,0.0,0.0,0.0,0.0,0.0,0.0,100.0,0.0,0.0,2.0,0.0,0.0,0.0,0.0,0.0,100.0
1768749616.358529,10.9,2.0,0.0,0.0,0.0,1.0,1.0,0.0,100.0,0.0,0.0,1.0,0.0,0.0,0.0,0.0,0.0,100.0
1768749617.3603158,9.8,0.0,0.0,0.0,0.0,0.0,0.0,0.0,100.0,14.3,6.1,11.0,5.1,0.0,0.0,1.0,0.0,100.0
1768749618.3634896,7.1,1.0,1.0,1.0,1.0,0.0,0.0,1.0,100.0,5.1,3.0,6.1,3.0,3.0,4.0,2.0,4.1,100.0
1768749619.3672035,6.2,1.0,0.0,1.0,0.0,0.0,0.0,0.0,100.0,3.0,0.0,0.0,0.0,0.0,0.0,0.0,0.0,100.0
1768749620.3712554,11.7,0.0,0.0,0.0,1.0,1.0,0.0,0.0,100.0,0.0,1.0,0.0,0.0,0.0,0.0,0.0,0.0,100.0
1768749621.3752651,9.1,2.0,0.0,0.0,0.0,0.0,1.0,0.0,100.0,3.0,1.0,0.0,0.0,0.0,0.0,0.0,0.0,100.0
1768749622.3787072,11.8,0.0,0.0,0.0,0.0,1.0,1.0,0.0,100.0,2.0,1.0,0.0,0.0,0.0,0.0,0.0,0.0,100.0
1768749623.3830476,15.1,3.0,3.0,0.0,1.0,1.0,1.0,0.0,100.0,4.0,4.0,5.1,1.0,0.0,0.0,1.0,0.0,100.0
1768749624.3867543,12.5,2.0,0.0,0.0,0.0,0.0,0.0,0.0,100.0,2.0,2.0,1.0,0.0,0.0,0.0,0.0,0.0,100.0
1768749625.407531,8.1,1.0,1.0,0.0,0.0,2.0,0.0,0.0,100.0,1.0,1.0,0.0,0.0,0.0,0.0,0.0,0.0,100.0
1768749626.4092982,11.1,5.1,2.0,1.0,8.1,0.0,8.1,1.0,100.0,5.1,0.0,0.0,1.0,0.0,0.0,0.0,1.0,100.0
1768749627.415503,11.9,0.0,5.1,3.0,4.0,3.0,2.0,2.0,100.0,3.0,0.0,1.0,2.0,1.0,0.0,0.0,3.0,100.0
1768749628.4196389,10.0,0.0,1.0,0.0,0.0,0.0,0.0,0.0,100.0,3.0,0.0,0.0,0.0,5.1,2.0,4.0,3.9,100.0
1768749629.4250371,11.8,1.0,0.0,0.0,0.0,0.0,1.0,0.0,100.0,0.0,0.0,0.0,0.0,0.0,0.0,0.0,0.0,100.0
1768749630.4269412,8.2,1.0,0.0,1.0,0.0,1.0,0.0,1.0,100.0,3.0,0.0,0.0,1.0,0.0,0.0,0.0,2.0,100.0
1768749631.442611,9.1,0.0,0.0,0.0,0.0,2.0,0.0,0.0,100.0,2.0,0.0,0.0,0.0,0.0,0.0,1.0,1.0,100.0
1768749632.5799007,8.2,4.0,5.0,0.0,2.0,1.0,4.0,2.0,100.0,8.0,1.0,5.0,1.0,0.0,2.0,1.0,1.0,100.0
1768749633.5818403,10.2,2.0,10.2,4.0,0.0,2.0,14.1,3.1,100.0,6.0,4.0,2.0,3.0,1.0,0.0,0.0,2.0,100.0
1768749634.5837553,8.1,7.0,2.0,8.1,4.0,0.0,0.0,0.0,100.0,2.0,2.0,1.0,1.0,2.0,0.0,0.0,1.0,100.0
1768749635.585689,11.7,2.0,1.0,1.0,0.0,1.0,0.0,0.0,100.0,6.1,1.0,0.0,0.0,0.0,0.0,2.0,1.0,100.0
1768749636.590135,9.9,0.0,1.0,0.0,0.0,2.0,0.0,1.0,100.0,3.0,1.0,0.0,1.0,2.0,2.0,0.0,0.0,100.0
1768749637.5936654,9.2,7.1,3.0,4.0,3.1,1.0,1.0,2.0,100.0,1.0,2.0,2.0,1.0,1.0,0.0,2.0,2.0,100.0
1768749638.597624,17.8,5.1,4.0,0.0,3.0,4.1,2.0,5.1,100.0,4.0,1.0,0.0,0.0,1.0,2.0,0.0,0.0,100.0
1768749639.6023142,12.6,10.0,3.0,2.0,2.0,1.0,1.0,0.0,100.0,0.0,0.0,0.0,0.0,0.0,1.0,0.0,0.0,100.0
1768749640.6060436,8.1,1.0,1.0,0.0,2.0,3.0,1.0,0.0,100.0,3.0,0.0,0.0,1.0,0.0,0.0,0.0,0.0,100.0
1768749641.6097388,10.9,1.0,0.0,1.0,0.0,0.0,1.0,1.0,100.0,3.0,0.0,1.0,0.0,0.0,0.0,1.0,2.0,100.0
1768749642.613328,18.6,10.0,2.1,3.0,1.0,3.0,4.0,4.0,100.0,2.0,0.0,0.0,0.0,0.0,2.0,0.0,0.0,100.0
1768749643.617618,12.2,0.0,2.0,0.0,0.0,2.0,0.0,6.1,100.0,4.0,1.0,1.0,0.0,0.0,0.0,1.0,0.0,100.0
1768749644.6220984,8.1,1.0,0.0,3.0,1.0,0.0,3.0,7.1,100.0,0.0,1.0,1.0,0.0,1.0,1.0,0.0,0.0,100.0
1768749645.6269233,10.9,1.0,0.0,1.0,1.0,5.0,4.0,2.0,100.0,3.0,0.0,0.0,2.0,3.0,4.1,3.0,3.0,100.0
1768749646.6316147,11.8,0.0,1.0,1.0,0.0,0.0,2.0,2.0,100.0,4.0,0.0,2.0,0.0,1.0,2.0,2.0,0.0,100.0
1768749647.636511,12.5,1.0,0.0,1.0,0.0,0.0,0.0,0.0,100.0,1.0,0.0,0.0,2.0,1.0,1.0,0.0,1.0,100.0
1768749648.6403427,11.5,1.0,0.0,1.0,5.1,9.1,3.0,0.0,100.0,8.0,1.0,0.0,0.0,1.0,0.0,0.0,0.0,100.0
1768749649.6438966,7.2,6.1,15.0,4.1,0.0,13.4,16.3,18.4,100.0,5.1,0.0,1.0,1.0,3.0,0.0,4.0,1.0,100.0
1768749650.6481168,12.5,1.0,1.0,8.1,4.0,4.0,4.0,2.0,100.0,1.0,0.0,0.0,2.0,1.0,0.0,1.0,0.0,100.0
1768749651.7802005,9.1,0.0,0.0,1.0,1.0,1.0,1.0,2.0,100.0,1.0,0.0,0.0,0.0,0.0,0.0,0.0,0.0,100.0
1768749652.80077,11.0,5.0,0.0,3.0,0.0,0.0,0.0,1.0,100.0,0.0,0.0,0.0,3.0,2.0,2.0,3.0,0.0,100.0
1768749653.8863125,9.1,4.0,0.0,1.0,0.0,0.0,0.0,0.0,100.0,1.0,0.0,0.0,0.0,0.0,0.0,1.0,0.0,100.0
1768749654.889819,16.2,2.0,1.0,0.0,0.0,2.0,1.0,2.0,100.0,0.0,0.0,0.0,0.0,0.0,0.0,0.0,0.0,100.0
1768749655.9038615,9.1,1.0,0.0,0.0,5.1,1.0,5.1,2.0,100.0,0.0,0.0,2.0,1.0,1.0,2.0,0.0,1.0,100.0
1768749656.9100273,7.0,2.0,0.0,0.0,0.0,1.0,1.0,0.0,100.0,0.0,0.0,0.0,0.0,1.0,0.0,1.0,0.0,100.0
1768749657.9771228,6.5,1.0,2.0,2.0,1.0,5.1,5.0,3.0,100.0,0.0,0.0,0.0,2.0,0.0,0.0,0.0,1.0,100.0
1768749659.2722797,14.8,2.0,0.0,3.0,2.0,2.0,5.1,0.0,100.0,0.0,0.0,0.0,1.0,0.0,0.0,0.0,0.0,100.0
1768749660.2761502,9.4,0.0,3.0,5.0,3.0,0.0,4.0,3.0,100.0,0.0,0.0,0.0,0.0,2.0,4.0,2.0,0.0,100.0
1768749661.2806735,9.2,1.0,0.0,2.0,1.0,0.0,4.0,11.1,100.0,2.0,0.0,0.0,2.0,0.0,0.0,0.0,0.0,100.0
1768749662.2850661,10.1,4.1,6.1,6.0,1.0,1.0,0.0,4.0,100.0,1.0,0.0,0.0,2.0,7.1,0.0,1.0,2.0,100.0
1768749663.2900743,12.0,3.0,16.0,9.3,10.1,6.1,3.0,3.0,100.0,1.0,0.0,0.0,2.0,1.0,1.0,9.1,4.0,100.0
1768749664.292524,13.7,0.0,4.0,3.1,5.0,0.0,6.1,0.0,100.0,4.0,2.0,2.0,0.0,0.0,1.0,8.2,6.1,100.0
1768749665.296668,8.2,0.0,0.0,0.0,0.0,0.0,0.0,0.0,100.0,1.0,0.0,1.0,0.0,0.0,1.0,1.0,1.0,100.0
1768749666.2984483,13.1,15.2,7.0,4.0,4.1,9.2,7.0,2.0,100.0,8.9,2.0,6.0,2.0,3.0,5.1,1.0,1.0,100.0
1768749667.3016748,9.5,4.0,5.1,10.0,8.1,5.9,2.0,4.0,100.0,2.0,1.0,1.0,1.0,2.0,1.0,3.0,2.0,100.0
1768749668.3057427,11.8,0.0,0.0,0.0,1.0,0.0,0.0,0.0,100.0,3.9,0.0,0.0,0.0,0.0,0.0,0.0,1.0,100.0
1768749669.3099625,10.9,0.0,0.0,0.0,1.0,0.0,0.0,0.0,100.0,2.0,1.0,0.0,0.0,0.0,2.0,2.0,1.0,100.0
1768749670.314164,12.6,0.0,1.0,2.0,0.0,1.0,1.0,0.0,100.0,8.1,7.0,4.0,2.0,0.0,0.0,1.0,1.0,100.0
1768749671.3184032,10.9,0.0,0.0,0.0,1.0,2.0,2.0,0.0,100.0,3.0,4.1,1.0,2.0,2.0,2.0,0.0,2.0,100.0
1768749672.3232028,9.2,0.0,0.0,0.0,0.0,0.0,7.1,6.0,100.0,2.0,1.0,0.0,0.0,0.0,1.0,2.0,0.0,100.0
1768749673.3265297,8.2,2.0,0.0,0.0,0.0,0.0,0.0,0.0,100.0,0.0,0.0,0.0,4.0,0.0,1.0,0.0,3.0,100.0
1768749674.3300261,8.9,6.1,3.0,2.0,2.0,0.0,1.0,0.0,100.0,4.0,1.0,0.0,1.0,0.0,6.0,0.0,5.0,100.0
1768749675.3343859,9.9,0.0,0.0,0.0,0.0,0.0,1.0,0.0,100.0,0.0,0.0,1.0,0.0,0.0,0.0,1.0,0.0,100.0
1768749676.3388302,11.8,2.0,1.0,0.0,0.0,1.0,0.0,0.0,100.0,2.0,2.0,0.0,0.0,0.0,0.0,1.0,1.0,100.0
1768749677.3434436,11.8,0.0,1.0,4.0,4.0,0.0,0.0,1.0,100.0,3.0,0.0,0.0,2.0,2.0,0.0,2.0,6.1,100.0
1768749678.3486001,11.8,0.0,0.0,0.0,0.0,1.0,1.0,0.0,100.0,4.0,4.0,8.1,1.0,0.0,5.1,6.1,7.0,100.0
1768749679.351639,13.7,2.0,1.0,1.0,0.0,0.0,1.0,0.0,100.0,2.0,0.0,0.0,1.0,1.0,2.0,0.0,0.0,100.0
1768749680.3562486,13.5,0.0,1.0,0.0,1.0,9.2,7.1,4.0,100.0,0.0,0.0,2.0,1.0,0.0,0.0,0.0,0.0,100.0
1768749681.3610396,9.2,1.0,4.0,0.0,1.0,3.0,6.0,4.0,100.0,4.0,0.0,0.0,5.0,6.0,2.0,3.1,2.0,100.0
1768749682.3645463,14.4,4.0,1.0,0.0,0.0,0.0,1.0,1.0,100.0,0.0,0.0,0.0,0.0,0.0,0.0,3.0,1.0,100.0
1768749683.3687181,10.8,0.0,0.0,0.0,0.0,0.0,1.0,0.0,100.0,5.9,0.0,0.0,0.0,0.0,3.0,0.0,3.0,100.0
1768749684.3748558,14.2,0.0,0.0,0.0,0.0,0.0,0.0,0.0,100.0,0.0,0.0,0.0,0.0,0.0,0.0,3.0,3.1,100.0
1768749685.3769982,13.3,0.0,0.0,3.0,3.1,2.0,4.0,2.0,100.0,5.0,9.0,3.0,2.0,0.0,2.0,2.1,7.1,100.0
1768749686.3808074,11.8,0.0,0.0,1.0,1.0,0.0,2.0,0.0,100.0,0.0,1.0,2.0,2.0,3.0,0.0,3.1,1.0,100.0
1768749687.384584,10.9,0.0,1.0,1.0,0.0,0.0,1.0,1.0,100.0,0.0,0.0,0.0,0.0,0.0,0.0,1.0,0.0,100.0
1768749688.3885086,10.9,1.0,0.0,0.0,0.0,1.0,1.0,0.0,100.0,0.0,0.0,0.0,0.0,0.0,0.0,0.0,0.0,100.0
1768749689.390696,9.9,0.0,4.0,0.0,0.0,2.0,1.0,1.0,100.0,3.0,3.1,3.0,1.0,1.0,1.0,1.0,0.0,100.0
1768749690.392818,10.6,0.0,0.0,0.0,0.0,0.0,0.0,0.0,100.0,6.2,5.1,9.0,6.1,1.0,2.0,3.0,2.0,100.0
1768749691.3948505,9.9,0.0,0.0,0.0,0.0,0.0,1.0,2.0,100.0,3.0,3.1,6.1,12.0,8.0,4.0,8.0,8.1,100.0
1768749692.3967488,8.2,0.0,0.0,0.0,1.0,0.0,5.1,3.1,100.0,0.0,1.0,0.0,2.0,3.0,1.0,8.0,3.0,100.0
1768749693.3997908,11.0,2.0,4.0,4.0,0.0,3.0,1.0,1.0,100.0,6.1,1.0,1.0,0.0,1.0,5.0,3.0,4.0,100.0
1768749694.4020789,10.9,0.0,2.0,2.0,5.0,3.0,4.0,0.0,100.0,6.9,4.0,6.0,5.0,4.1,1.0,1.0,1.0,100.0
1768749695.4047928,12.5,1.0,0.0,0.0,0.0,1.0,2.0,3.0,100.0,1.0,6.0,0.0,3.0,17.2,7.0,3.0,2.0,100.0
1768749696.408419,12.5,1.0,1.0,1.0,0.0,0.0,2.0,4.0,100.0,1.0,0.0,0.0,0.0,0.0,0.0,0.0,3.0,100.0
1768749697.4127903,10.9,1.0,0.0,0.0,1.0,2.0,0.0,1.0,100.0,0.0,0.0,1.0,0.0,0.0,0.0,0.0,1.0,100.0
1768749698.4171321,11.8,0.0,0.0,0.0,1.0,1.0,3.0,1.0,100.0,0.0,0.0,0.0,0.0,1.0,0.0,0.0,1.0,100.0
1768749699.4214528,10.9,1.0,0.0,0.0,1.0,0.0,1.0,2.0,100.0,0.0,0.0,0.0,0.0,0.0,0.0,0.0,0.0,100.0
1768749700.4240997,11.8,1.0,0.0,1.0,1.0,1.0,0.0,2.0,100.0,0.0,0.0,3.0,2.0,2.0,1.0,1.0,2.0,100.0
1768749701.428649,8.2,1.0,1.0,1.0,1.0,2.0,2.0,0.0,100.0,0.0,2.0,1.0,0.0,1.0,0.0,9.1,4.0,100.0
1768749702.4306524,9.9,5.1,3.0,4.0,5.1,1.0,0.0,1.0,100.0,3.0,5.1,3.0,1.0,5.1,2.0,2.0,2.1,100.0
1768749703.434996,11.0,0.0,0.0,0.0,0.0,0.0,2.0,2.0,100.0,0.0,1.0,0.0,3.0,5.0,1.0,2.0,1.0,100.0
1768749704.4395933,9.8,0.0,1.0,3.0,1.0,0.0,1.0,1.0,100.0,3.0,1.0,0.0,0.0,0.0,0.0,0.0,0.0,100.0
1768749705.4428544,12.5,1.0,0.0,0.0,1.0,0.0,1.0,0.0,100.0,2.0,0.0,4.0,3.0,0.0,0.0,0.0,0.0,100.0
1768749706.445054,9.8,0.0,4.0,0.0,1.0,3.0,1.0,3.0,100.0,3.0,6.0,7.1,2.0,7.0,9.0,4.0,3.0,100.0
1768749707.449138,8.8,0.0,0.0,0.0,0.0,0.0,0.0,1.0,100.0,3.0,0.0,1.0,0.0,1.0,0.0,1.0,3.0,100.0
1768749708.4524167,11.7,2.0,0.0,0.0,0.0,0.0,0.0,0.0,100.0,0.0,0.0,0.0,0.0,0.0,0.0,0.0,1.0,100.0
1768749709.6531823,13.3,0.0,1.0,0.0,1.0,0.0,1.0,0.0,100.0,2.0,0.0,0.0,0.0,1.0,1.0,0.0,1.0,100.0
1768749710.6565528,15.6,0.0,0.0,0.0,0.0,1.0,1.0,0.0,100.0,0.0,0.0,0.0,0.0,0.0,1.0,0.0,0.0,100.0
1768749711.6592755,10.8,0.0,0.0,0.0,1.0,0.0,1.0,0.0,100.0,1.0,0.0,0.0,1.0,11.1,2.0,0.0,0.0,100.0
1768749712.6645637,7.3,5.1,1.0,1.0,2.0,6.0,2.0,3.0,100.0,2.0,1.0,0.0,2.0,2.0,1.0,1.0,2.0,100.0
1768749713.6690006,12.6,0.0,0.0,1.0,0.0,3.0,3.0,0.0,100.0,0.0,0.0,0.0,0.0,0.0,0.0,1.0,2.0,100.0
1768749714.6725717,15.0,0.0,0.0,0.0,1.0,0.0,0.0,0.0,100.0,1.0,1.0,0.0,0.0,0.0,0.0,3.0,6.1,100.0
1768749715.6762211,9.9,1.0,0.0,0.0,0.0,1.0,1.0,0.0,100.0,0.0,1.0,1.0,0.0,0.0,0.0,5.1,5.1,100.0
1768749716.6793308,13.5,0.0,0.0,0.0,0.0,0.0,0.0,0.0,100.0,0.0,0.0,0.0,0.0,2.0,0.0,0.0,1.0,100.0
1768749717.6836994,11.7,2.0,1.0,0.0,1.0,1.0,1.0,1.0,100.0,1.0,0.0,1.0,0.0,0.0,1.0,1.0,0.0,100.0
1768749718.686282,13.2,1.0,0.0,2.0,0.0,1.0,0.0,1.0,100.0,1.0,0.0,0.0,1.0,0.0,0.0,0.0,0.0,100.0
1768749719.690185,9.0,0.0,2.0,2.0,3.0,2.0,2.0,3.0,100.0,0.0,1.0,1.0,1.0,1.0,0.0,1.0,0.0,100.0
1768749720.6940575,11.4,0.0,0.0,0.0,0.0,1.0,0.0,3.0,100.0,5.0,5.0,1.0,0.0,0.0,1.0,0.0,1.0,100.0
1768749721.698653,15.0,0.0,0.0,0.0,0.0,0.0,0.0,0.0,100.0,0.0,1.0,1.0,3.0,0.0,0.0,0.0,1.0,100.0
1768749722.7020137,12.7,3.1,4.0,2.0,1.0,4.0,0.0,0.0,100.0,1.0,0.0,2.0,12.1,6.9,10.0,1.0,5.0,100.0
1768749723.704448,14.8,2.0,0.0,3.0,1.0,3.0,1.0,2.0,100.0,1.0,4.0,3.0,3.0,4.0,6.0,2.0,1.0,100.0
1768749724.7078056,10.8,1.0,0.0,0.0,1.0,2.0,4.0,5.1,100.0,2.0,8.0,6.1,3.0,3.0,0.0,0.0,1.0,100.0
1768749725.7119088,13.5,0.0,0.0,0.0,0.0,2.0,0.0,0.0,100.0,1.0,0.0,1.0,2.0,4.0,8.1,7.9,3.0,100.0
1768749726.7137952,9.1,1.0,0.0,0.0,0.0,0.0,0.0,1.0,100.0,0.0,1.0,0.0,1.0,0.0,0.0,3.0,2.0,100.0
1768749727.7154663,13.9,7.0,2.0,4.0,5.0,0.0,0.0,1.0,100.0,0.0,0.0,2.0,1.0,1.0,0.0,1.0,0.0,100.0
1768749728.7171648,12.9,6.1,15.3,3.0,2.0,0.0,4.0,2.0,100.0,2.0,0.0,0.0,0.0,0.0,2.0,4.0,7.0,100.0
1768749729.720425,10.8,2.0,7.1,3.0,10.1,2.0,8.0,6.1,100.0,3.0,0.0,0.0,4.0,0.0,4.0,2.0,1.0,100.0
1768749730.725757,10.1,2.0,2.0,2.0,0.0,2.0,1.0,1.0,100.0,2.0,2.0,2.0,1.0,2.0,1.0,2.0,0.0,100.0
1768749731.7283468,12.6,0.0,3.0,2.0,0.0,0.0,1.0,0.0,100.0,2.0,0.0,0.0,1.0,0.0,0.0,0.0,0.0,100.0
1768749732.7313623,13.3,0.0,3.1,9.9,7.1,6.1,1.0,0.0,100.0,0.0,0.0,1.0,0.0,0.0,3.0,1.0,0.0,100.0
1768749733.7352164,9.1,2.9,1.0,4.0,1.0,5.0,0.0,1.0,100.0,4.0,0.0,1.0,0.0,1.0,1.0,4.0,2.0,100.0
1768749734.737638,9.2,1.0,2.0,8.1,5.0,2.0,4.0,1.0,100.0,3.0,1.0,1.0,1.0,2.0,1.0,2.0,1.0,100.0
1768749735.7398467,11.0,2.0,1.0,2.0,2.0,3.0,2.0,2.0,100.0,4.0,6.2,4.0,8.0,3.0,5.0,5.1,6.9,100.0
1768749736.7429135,9.2,0.0,1.0,1.0,2.0,1.0,2.0,3.1,100.0,2.0,1.0,1.0,1.0,1.0,0.0,1.0,0.0,100.0
1768749737.7461398,13.6,0.0,1.0,2.0,1.0,0.0,0.0,1.0,100.0,3.0,1.0,2.0,0.0,0.0,0.0,0.0,0.0,100.0
1768749738.750374,9.1,4.0,8.9,1.0,1.0,2.0,3.0,2.0,100.0,1.0,0.0,0.0,0.0,0.0,0.0,0.0,0.0,100.0
1768749739.7543926,13.0,6.1,10.2,5.0,4.0,2.0,2.0,3.0,100.0,3.0,1.0,1.0,2.0,1.0,0.0,1.0,0.0,100.0
1768749740.7586033,8.2,5.0,5.0,0.0,3.0,0.0,1.0,0.0,100.0,2.0,0.0,1.0,7.1,2.0,5.1,3.0,2.0,100.0
1768749741.7620895,8.2,4.1,2.0,0.0,0.0,0.0,0.0,0.0,100.0,1.0,0.0,0.0,0.0,0.0,0.0,0.0,0.0,100.0
1768749742.7663047,6.1,0.0,8.1,5.0,5.0,8.1,3.0,1.0,100.0,2.0,0.0,0.0,0.0,0.0,0.0,0.0,1.0,100.0
1768749743.7708917,6.1,0.0,3.0,1.0,4.0,8.0,7.1,1.0,100.0,2.0,1.0,0.0,0.0,1.0,1.0,1.0,0.0,100.0
1768749744.7744765,7.3,1.0,0.0,1.0,0.0,1.0,0.0,2.0,100.0,0.0,1.0,1.0,0.0,1.0,2.0,0.0,0.0,100.0
1768749745.7788498,13.0,10.2,3.1,1.0,4.0,2.0,1.0,1.0,100.0,1.0,1.0,0.0,1.0,0.0,0.0,0.0,0.0,100.0
1768749746.782694,8.2,2.0,1.0,0.0,1.0,1.0,0.0,2.0,100.0,2.0,1.0,0.0,0.0,0.0,0.0,1.0,0.0,100.0
1768749747.787121,7.2,0.0,0.0,0.0,0.0,0.0,0.0,1.0,100.0,2.0,0.0,0.0,0.0,0.0,0.0,0.0,0.0,100.0
1768749748.7917235,8.2,0.0,10.0,5.0,6.9,4.0,3.0,4.0,100.0,2.0,0.0,0.0,0.0,0.0,0.0,0.0,0.0,100.0
1768749749.7952268,11.8,0.0,8.1,4.0,4.1,5.1,1.0,7.0,100.0,4.0,0.0,0.0,0.0,1.0,0.0,0.0,0.0,100.0
1768749750.7985864,12.9,8.2,3.0,8.2,4.0,3.0,4.0,2.0,100.0,2.0,0.0,0.0,0.0,1.0,0.0,0.0,0.0,100.0
1768749751.8035202,10.9,0.0,0.0,2.0,2.0,1.0,5.1,4.0,100.0,2.0,0.0,0.0,0.0,0.0,1.0,0.0,0.0,100.0
1768749752.8074255,9.9,0.0,1.0,1.0,1.0,1.0,3.1,2.0,100.0,3.0,2.0,0.0,0.0,1.0,0.0,0.0,0.0,100.0
1768749753.8103726,9.9,0.0,0.0,0.0,0.0,0.0,2.0,8.1,100.0,5.1,0.0,0.0,0.0,0.0,0.0,0.0,0.0,100.0
1768749754.8148391,11.9,3.0,1.0,3.0,0.0,0.0,0.0,3.0,100.0,2.0,0.0,0.0,0.0,1.0,0.0,0.0,1.0,100.0
1768749755.846443,5.1,10.1,1.0,3.0,0.0,0.0,1.0,2.0,100.0,3.0,0.0,0.0,1.0,0.0,0.0,0.0,0.0,100.0
1768749756.8499029,8.0,3.0,1.0,0.0,0.0,0.0,0.0,2.0,100.0,0.0,1.0,0.0,4.0,1.0,4.0,0.0,0.0,100.0
1768749757.8551035,9.7,0.0,1.0,0.0,0.0,0.0,1.0,0.0,100.0,0.0,0.0,0.0,0.0,0.0,0.0,0.0,0.0,100.0
1768749758.8611126,8.0,9.0,1.0,0.0,0.0,0.0,1.0,0.0,100.0,3.0,2.0,0.0,1.0,0.0,0.0,1.0,0.0,100.0
1768749759.8647141,7.8,0.0,1.0,2.0,0.0,0.0,0.0,0.0,100.0,0.0,1.0,8.9,0.0,0.0,0.0,0.0,0.0,100.0
1768749760.8672233,10.1,3.0,4.1,3.0,7.0,2.0,0.0,3.0,100.0,4.1,1.0,0.0,0.0,0.0,0.0,0.0,0.0,100.0
1768749761.8722231,8.1,0.0,2.0,14.0,5.2,8.1,7.9,4.0,100.0,3.0,2.0,0.0,0.0,0.0,0.0,0.0,0.0,100.0
1768749762.8780618,11.8,7.0,7.0,3.0,4.0,5.1,0.0,4.0,100.0,3.0,1.0,10.2,1.0,0.0,0.0,0.0,0.0,100.0
1768749763.8798897,12.6,6.0,18.0,6.1,2.0,1.0,0.0,0.0,100.0,2.0,1.0,0.0,2.0,0.0,0.0,0.0,0.0,100.0
1768749764.8837202,10.9,5.0,4.1,14.4,6.1,3.0,5.1,8.1,100.0,3.0,0.0,1.0,1.0,0.0,1.0,0.0,0.0,100.0
1768749765.886923,7.3,1.0,0.0,2.0,9.1,2.0,9.3,13.1,100.0,2.0,0.0,0.0,5.0,0.0,0.0,0.0,0.0,100.0
1768749766.8904707,14.3,3.0,0.0,0.0,0.0,0.0,1.0,6.1,100.0,3.0,1.0,4.0,1.0,12.1,4.1,0.0,4.1,100.0
1768749767.894368,10.1,1.0,0.0,0.0,0.0,0.0,0.0,0.0,100.0,2.0,0.0,0.0,2.0,1.0,1.0,0.0,1.0,100.0
1768749768.8970666,17.6,1.0,4.0,1.0,7.0,2.0,1.0,1.0,100.0,2.0,0.0,0.0,0.0,1.0,0.0,0.0,0.0,100.0
1768749769.9014034,11.8,0.0,0.0,0.0,0.0,0.0,2.0,7.9,100.0,3.0,4.0,2.0,6.1,3.0,7.0,3.0,2.0,100.0
1768749770.90544,8.2,1.0,0.0,1.0,0.0,0.0,0.0,2.0,100.0,2.0,2.0,1.0,1.0,2.0,0.0,0.0,1.0,100.0
1768749771.9099922,9.9,3.1,4.0,3.0,8.0,1.0,5.1,1.0,100.0,14.3,3.0,3.0,2.0,4.1,0.0,3.0,3.0,100.0
1768749772.9139168,12.7,1.0,1.0,7.0,0.0,0.0,0.0,0.0,100.0,5.0,1.0,2.0,7.1,3.0,5.1,1.0,1.0,100.0
1768749773.915981,15.9,0.0,0.0,0.0,0.0,0.0,0.0,0.0,100.0,0.0,0.0,2.0,15.2,3.0,9.0,4.0,7.0,100.0
1768749774.9203851,14.3,0.0,0.0,0.0,0.0,0.0,0.0,0.0,100.0,4.0,0.0,0.0,0.0,1.0,0.0,0.0,1.0,100.0
1768749775.923785,10.0,1.0,0.0,0.0,0.0,0.0,0.0,1.0,100.0,0.0,0.0,1.0,4.1,2.0,3.0,2.0,1.0,100.0
1768749777.0473838,14.3,1.0,0.0,0.0,0.0,0.0,0.0,0.0,100.0,5.9,1.0,0.0,0.0,2.0,1.0,1.0,1.0,100.0
1768749778.1680121,11.7,0.0,2.0,0.0,0.0,0.0,0.0,0.0,100.0,0.0,1.0,1.0,0.0,1.0,0.0,1.0,2.0,100.0
1768749779.1718044,9.1,0.0,0.0,0.0,0.0,1.0,0.0,3.0,100.0,4.0,0.0,0.0,0.0,0.0,0.0,3.0,0.0,100.0
1768749780.1760702,11.8,1.0,0.0,5.0,3.0,3.9,2.0,1.0,100.0,5.1,2.0,2.0,3.0,1.0,0.0,1.0,3.0,100.0
1768749781.1789272,10.2,0.0,1.0,1.0,4.1,13.4,2.0,1.0,100.0,4.0,3.0,0.0,7.1,0.0,2.0,2.0,4.0,100.0
1768749782.182732,8.2,0.0,0.0,0.0,0.0,0.0,0.0,0.0,100.0,0.0,1.0,1.0,0.0,0.0,0.0,0.0,2.0,100.0
1768749783.295521,11.0,1.0,1.0,0.0,1.0,0.0,0.0,3.0,100.0,5.1,2.0,1.0,0.0,1.0,0.0,1.0,1.0,100.0
1768749784.3532553,13.3,1.0,2.0,0.0,2.0,0.0,0.0,0.0,100.0,2.0,1.0,0.0,1.0,0.0,0.0,0.0,0.0,100.0
1768749785.5098069,9.5,8.2,1.0,3.1,3.1,3.0,3.0,3.0,100.0,4.0,0.0,1.0,0.0,0.0,3.0,4.0,2.0,100.0
1768749786.5137355,12.0,1.0,3.0,2.0,2.0,2.0,1.0,13.5,100.0,5.1,4.1,1.0,0.0,1.0,0.0,0.0,1.0,100.0
1768749787.5183916,9.1,0.0,0.0,0.0,0.0,0.0,0.0,0.0,100.0,6.1,3.0,1.0,1.0,2.0,7.1,4.1,3.0,100.0
1768749788.5225298,16.0,11.0,8.0,6.0,2.0,0.0,3.0,3.0,100.0,0.0,3.0,1.0,0.0,0.0,1.0,8.1,0.0,100.0
1768749789.5273275,6.3,3.0,1.0,6.0,2.0,0.0,8.1,1.0,100.0,7.0,5.1,6.1,3.0,7.1,4.0,0.0,1.0,100.0
1768749790.5321882,8.1,0.0,0.0,0.0,0.0,3.1,3.9,3.0,100.0,10.9,5.1,5.0,4.0,2.0,2.0,6.1,4.0,100.0
1768749791.534935,11.0,1.0,1.0,0.0,1.0,2.0,12.2,10.0,100.0,0.0,1.0,0.0,0.0,0.0,2.0,0.0,0.0,100.0
1768749792.5394266,8.2,2.0,4.0,2.0,2.0,8.9,2.0,4.0,100.0,0.0,5.0,8.2,3.1,4.0,11.2,2.0,0.0,100.0
1768749793.5440378,10.9,2.0,0.0,0.0,0.0,1.0,2.0,0.0,100.0,0.0,7.1,3.0,2.0,5.1,5.0,6.0,5.1,100.0
1768749794.548224,11.6,8.3,3.0,7.1,4.0,2.0,1.0,1.0,100.0,2.0,8.0,1.0,1.0,3.0,0.0,0.0,2.0,100.0
1768749795.554476,9.5,3.0,3.0,9.2,3.0,4.0,2.0,8.1,100.0,0.0,1.0,0.0,1.0,0.0,0.0,0.0,0.0,100.0
1768749796.5591135,12.5,0.0,0.0,0.0,1.0,6.0,6.9,8.1,100.0,0.0,1.0,0.0,0.0,0.0,0.0,0.0,0.0,100.0
1768749797.5625443,10.9,0.0,0.0,3.1,0.0,0.0,8.0,0.0,100.0,1.0,2.0,0.0,1.0,0.0,0.0,0.0,0.0,100.0
1768749798.5658188,11.8,1.0,1.0,4.0,1.0,1.0,1.0,2.0,100.0,4.0,3.0,4.0,9.1,2.0,3.0,5.9,1.0,100.0
1768749799.568314,9.0,6.0,0.0,3.0,0.0,2.0,0.0,0.0,100.0,8.2,6.0,4.1,4.0,2.0,0.0,0.0,0.0,100.0
1768749800.5726306,6.2,2.0,1.0,2.0,0.0,11.2,4.1,8.0,100.0,2.0,9.2,4.0,4.0,0.0,6.0,9.2,9.0,100.0
1768749801.5770142,11.1,3.0,2.0,1.0,5.0,4.0,1.0,2.9,100.0,3.0,2.0,2.0,2.0,2.0,1.0,4.0,2.0,100.0
1768749802.5813289,11.7,0.0,0.0,1.0,1.0,4.0,3.0,1.0,100.0,0.0,0.0,0.0,0.0,0.0,0.0,0.0,0.0,100.0
1768749803.5871956,9.8,1.0,1.0,3.0,7.9,2.0,0.0,2.0,100.0,4.0,3.0,0.0,1.0,0.0,2.0,0.0,0.0,100.0
1768749804.5896657,10.9,0.0,0.0,0.0,0.0,1.0,1.0,3.0,100.0,5.0,3.0,0.0,2.0,7.1,0.0,0.0,0.0,100.0
1768749805.5932097,9.1,0.0,1.0,0.0,0.0,1.0,5.0,1.0,100.0,0.0,0.0,0.0,1.0,2.0,0.0,0.0,0.0,100.0
1768749806.5976017,9.0,2.0,1.0,1.0,0.0,5.9,5.0,4.0,100.0,0.0,0.0,0.0,0.0,1.0,1.0,5.1,0.0,100.0
1768749807.6011558,10.0,0.0,1.0,0.0,0.0,0.0,1.0,0.0,100.0,1.0,1.0,0.0,1.0,4.0,5.9,1.0,2.0,100.0
1768749808.6054776,10.0,0.0,1.0,0.0,1.0,0.0,0.0,3.0,100.0,0.0,0.0,0.0,1.0,4.0,1.0,3.0,1.0,100.0
1768749809.6088586,12.0,7.9,1.0,9.0,2.0,1.0,1.0,1.0,100.0,0.0,9.1,0.0,2.0,1.0,3.0,6.1,1.0,100.0
1768749810.6133714,12.6,0.0,0.0,1.0,0.0,0.0,0.0,2.0,100.0,0.0,0.0,0.0,0.0,4.0,0.0,0.0,0.0,100.0
1768749811.618031,9.2,0.0,0.0,1.0,0.0,0.0,1.0,1.0,100.0,0.0,1.0,1.0,0.0,0.0,0.0,1.0,0.0,100.0
1768749812.7131004,10.9,0.0,1.0,1.0,2.0,2.0,1.0,2.0,100.0,1.0,1.0,9.0,1.0,0.0,0.0,0.0,0.0,100.0
1768749813.718071,12.6,0.0,0.0,0.0,0.0,2.0,3.1,5.1,100.0,0.0,0.0,0.0,1.0,0.0,0.0,0.0,0.0,100.0
1768749814.721447,12.4,0.0,0.0,1.0,0.0,3.1,8.1,4.0,100.0,7.0,0.0,0.0,1.0,1.0,0.0,0.0,0.0,100.0
1768749815.7253513,11.8,0.0,1.0,0.0,0.0,2.0,1.0,0.0,100.0,0.0,2.0,1.0,0.0,1.0,1.0,0.0,1.0,100.0
1768749816.7280195,9.1,1.0,0.0,0.0,1.0,3.1,1.0,4.0,100.0,1.0,5.1,4.0,2.0,1.0,0.0,0.0,0.0,100.0
1768749817.7325313,10.0,0.0,1.0,0.0,0.0,0.0,2.0,0.0,100.0,1.0,1.0,0.0,0.0,2.0,3.0,1.0,5.1,100.0
1768749818.7357605,11.0,2.0,0.0,0.0,0.0,1.0,1.0,2.0,100.0,0.0,0.0,0.0,0.0,1.0,0.0,0.0,0.0,100.0
1768749819.7400663,12.6,2.0,0.0,1.0,2.0,2.0,0.0,1.0,100.0,0.0,0.0,0.0,0.0,3.0,1.0,0.0,1.0,100.0
1768749820.7435024,10.9,0.0,0.0,0.0,0.0,0.0,4.0,12.0,100.0,1.0,0.0,1.0,1.0,0.0,0.0,1.0,3.0,100.0
1768749821.7471006,9.9,0.0,1.0,1.0,0.0,0.0,2.0,1.0,100.0,9.0,4.0,0.0,0.0,2.0,1.0,0.0,1.0,100.0
1768749822.7503433,9.9,0.0,0.0,1.0,0.0,0.0,0.0,1.0,100.0,2.0,3.0,0.0,1.0,1.0,1.0,2.0,8.1,100.0
1768749823.753723,9.9,2.0,1.0,1.0,1.0,0.0,1.0,1.0,100.0,2.0,3.0,2.0,1.0,1.0,1.0,1.0,0.0,100.0
1768749824.758201,10.0,0.0,1.0,1.0,1.0,2.0,6.0,2.0,100.0,0.0,8.2,10.1,12.1,2.0,4.0,5.1,6.1,100.0
1768749825.7624483,11.8,0.0,0.0,1.0,1.0,1.0,2.0,2.0,100.0,0.0,3.0,1.0,0.0,0.0,3.0,7.1,4.0,100.0
1768749826.770069,10.9,0.0,0.0,1.0,1.0,0.0,0.0,1.0,100.0,1.0,0.0,0.0,1.0,0.0,0.0,0.0,2.0,100.0
1768749827.773555,10.1,1.0,2.0,3.0,0.0,0.0,3.0,2.0,100.0,1.0,5.0,0.0,0.0,0.0,0.0,0.0,2.0,100.0
1768749828.7771957,11.7,0.0,0.0,1.0,0.0,0.0,0.0,0.0,100.0,2.0,4.1,0.0,8.1,7.0,5.0,0.0,2.0,100.0
1768749829.7804282,10.8,0.0,0.0,2.0,0.0,0.0,0.0,3.0,100.0,0.0,5.0,1.0,0.0,2.0,5.1,2.0,0.0,100.0
1768749831.0533526,11.7,2.0,0.0,3.0,1.0,0.0,2.0,15.0,100.0,0.0,1.0,3.0,0.0,0.0,0.0,0.0,2.0,100.0
1768749832.057913,11.8,5.1,0.0,1.0,1.0,1.0,1.0,1.0,100.0,2.0,0.0,4.0,4.0,6.1,4.0,0.0,1.0,100.0
1768749833.0620172,9.2,9.0,3.0,2.0,1.0,1.0,0.0,0.0,100.0,0.0,1.0,1.0,0.0,4.0,1.0,0.0,2.0,100.0
1768749834.064642,14.0,0.0,1.0,0.0,0.0,0.0,0.0,0.0,100.0,2.0,1.0,0.0,2.0,0.0,0.0,0.0,1.0,100.0
1768749835.0678148,10.0,5.0,0.0,0.0,0.0,1.0,1.0,1.0,100.0,4.0,4.1,1.0,3.0,0.0,1.0,1.0,0.0,100.0
1768749836.0720568,13.3,3.0,0.0,2.0,1.0,1.0,4.0,0.0,100.0,5.0,6.1,9.2,5.1,5.0,4.1,9.2,10.2,100.0
1768749837.0754135,10.8,3.0,0.0,0.0,1.0,0.0,1.0,0.0,100.0,2.0,1.0,2.0,1.0,0.0,0.0,2.0,3.0,100.0
1768749838.0794756,11.5,8.0,1.0,11.1,0.0,3.0,0.0,0.0,100.0,1.0,0.0,1.0,1.0,0.0,1.0,0.0,0.0,100.0
1768749839.0828626,12.6,0.0,0.0,4.0,4.1,2.0,3.0,5.0,100.0,4.0,2.0,0.0,1.0,5.1,2.0,1.0,1.0,100.0
1768749840.124167,17.1,2.0,6.9,0.0,1.0,0.0,1.0,0.0,100.0,1.0,1.0,1.0,0.0,0.0,0.0,1.0,2.0,100.0
1768749841.334312,11.0,0.0,3.0,3.0,2.0,0.0,0.0,0.0,100.0,1.0,0.0,1.0,1.0,0.0,0.0,1.0,2.0,100.0
1768749842.5549302,15.1,0.0,0.0,0.0,0.0,1.0,0.0,0.0,100.0,0.0,0.0,1.0,0.0,0.0,0.0,0.0,1.0,100.0
1768749843.5577645,10.1,1.0,8.2,5.1,8.1,8.2,3.0,5.0,100.0,0.0,0.0,0.0,0.0,0.0,0.0,0.0,0.0,100.0
1768749844.562544,14.6,1.0,1.0,0.0,3.0,8.1,2.0,2.0,100.0,0.0,0.0,1.0,0.0,1.0,0.0,0.0,1.0,100.0
1768749845.5660636,14.4,1.0,0.0,0.0,0.0,0.0,0.0,1.0,100.0,0.0,0.0,0.0,1.0,0.0,0.0,0.0,0.0,100.0
1768749846.5710173,15.7,0.0,0.0,0.0,0.0,0.0,0.0,0.0,100.0,4.0,3.0,6.9,3.0,5.0,1.0,7.0,1.0,100.0
1768749847.574706,17.4,0.0,1.0,0.0,1.0,0.0,0.0,0.0,100.0,4.1,3.0,2.0,1.0,0.0,1.0,4.0,0.0,100.0
1768749848.5791423,12.0,3.1,0.0,0.0,0.0,0.0,1.0,0.0,100.0,5.0,1.0,1.0,5.0,6.1,7.1,4.0,4.0,100.0
1768749849.582782,11.7,1.0,2.0,2.0,6.1,3.0,1.0,3.0,100.0,2.0,2.0,2.0,0.0,0.0,1.0,2.0,0.0,100.0
1768749850.5866523,17.4,0.0,4.0,1.0,1.0,3.0,2.0,0.0,100.0,0.0,0.0,1.0,0.0,1.0,1.0,0.0,0.0,100.0
1768749851.591029,12.5,0.0,3.9,6.0,2.0,2.0,0.0,1.0,100.0,0.0,0.0,0.0,7.9,0.0,3.0,2.0,2.0,100.0
1768749852.5953767,15.1,2.0,1.0,0.0,0.0,1.0,0.0,2.0,100.0,1.0,0.0,0.0,2.0,1.0,0.0,0.0,2.0,100.0
1768749853.6001337,11.2,1.0,0.0,0.0,0.0,1.0,1.0,1.0,100.0,2.0,1.0,1.0,0.0,0.0,1.0,0.0,0.0,100.0
1768749854.6052918,14.7,4.1,0.0,0.0,1.0,0.0,0.0,0.0,100.0,0.0,0.0,1.0,0.0,0.0,0.0,2.0,0.0,100.0
1768749855.608525,11.2,0.0,4.0,5.1,1.0,1.0,1.0,3.0,100.0,1.0,0.0,3.0,2.0,1.0,1.0,0.0,0.0,100.0
1768749856.6120808,11.7,1.0,3.0,0.0,1.0,1.0,0.0,0.0,100.0,2.0,1.0,1.0,0.0,1.0,0.0,0.0,0.0,100.0
1768749857.6162736,14.0,0.0,0.0,0.0,0.0,1.0,0.0,1.0,100.0,3.1,3.0,0.0,0.0,1.0,0.0,1.0,0.0,100.0
1768749858.619305,13.2,0.0,5.0,0.0,0.0,1.0,12.0,1.0,100.0,7.1,12.0,5.0,1.0,8.1,3.0,5.1,3.0,100.0
1768749859.623957,12.5,0.0,2.0,0.0,0.0,0.0,0.0,1.0,100.0,3.0,2.0,2.0,0.0,0.0,1.0,0.0,0.0,100.0
1768749860.6284738,12.5,0.0,0.0,0.0,6.0,2.0,3.0,0.0,100.0,0.0,2.0,0.0,3.0,3.0,0.0,0.0,1.0,100.0
1768749861.6327243,12.6,0.0,4.0,1.0,2.0,1.0,6.1,4.1,100.0,1.0,0.0,2.0,0.0,2.0,0.0,3.0,2.0,100.0
1768749862.6370606,16.7,1.0,3.0,0.0,0.0,0.0,0.0,0.0,100.0,0.0,0.0,3.0,1.0,1.0,0.0,0.0,1.0,100.0
1768749863.6419516,13.5,0.0,0.0,1.0,1.0,0.0,0.0,0.0,100.0,0.0,0.0,0.0,1.0,0.0,7.0,3.0,2.0,100.0
1768749864.6458318,13.3,0.0,2.0,0.0,0.0,0.0,0.0,0.0,100.0,2.0,3.0,2.0,2.0,3.0,3.0,2.0,3.0,100.0
1768749865.6504436,15.0,0.0,2.9,0.0,0.0,0.0,1.0,0.0,100.0,0.0,0.0,2.0,3.0,2.0,5.0,3.0,6.0,100.0
1768749866.6525455,13.3,0.0,1.0,0.0,0.0,0.0,0.0,0.0,100.0,0.0,0.0,0.0,0.0,3.0,6.0,7.1,4.1,100.0
1768749867.6558275,10.0,0.0,3.0,0.0,0.0,0.0,0.0,0.0,100.0,0.0,0.0,0.0,0.0,2.0,6.1,3.0,2.0,100.0
1768749868.660281,8.2,1.0,1.0,2.0,0.0,1.0,0.0,1.0,100.0,1.0,6.0,1.0,1.0,2.0,2.0,3.0,8.1,100.0
1768749869.6645973,10.0,1.0,4.0,0.0,1.0,0.0,0.0,0.0,100.0,1.0,0.0,0.0,0.0,0.0,0.0,0.0,1.0,100.0
1768749870.668576,9.1,1.0,2.0,0.0,0.0,0.0,0.0,0.0,100.0,1.0,1.0,1.0,0.0,0.0,0.0,0.0,3.0,100.0
1768749871.6724641,9.0,1.0,0.0,0.0,1.0,0.0,1.0,0.0,100.0,0.0,0.0,0.0,0.0,0.0,0.0,1.0,0.0,100.0
1768749872.676804,11.1,2.0,2.0,1.0,1.0,0.0,0.0,0.0,100.0,5.1,2.0,5.1,11.9,4.0,0.0,1.0,2.0,100.0
1768749873.6798737,10.3,1.0,3.0,4.0,2.0,4.0,0.0,3.0,100.0,0.0,0.0,0.0,6.0,0.0,0.0,1.0,1.0,100.0
1768749874.6841958,12.7,0.0,3.0,3.0,11.0,7.1,0.0,10.0,100.0,0.0,0.0,0.0,0.0,0.0,0.0,0.0,2.0,100.0
1768749875.687909,12.9,2.0,0.0,0.0,0.0,2.0,0.0,0.0,100.0,0.0,0.0,0.0,0.0,0.0,0.0,0.0,2.0,100.0
1768749876.6901379,10.9,1.0,5.1,0.0,0.0,1.0,0.0,0.0,100.0,0.0,0.0,0.0,0.0,0.0,1.0,0.0,3.0,100.0
1768749877.6942773,11.8,1.0,4.0,3.0,2.0,0.0,0.0,0.0,100.0,0.0,0.0,1.0,0.0,0.0,1.0,0.0,0.0,100.0
1768749878.6985018,10.0,0.0,2.0,0.0,0.0,3.0,2.0,0.0,100.0,0.0,0.0,0.0,0.0,0.0,0.0,1.0,0.0,100.0
1768749879.7019057,10.0,0.0,4.0,0.0,0.0,0.0,7.1,1.0,100.0,1.0,0.0,0.0,1.0,0.0,0.0,0.0,1.0,100.0
1768749880.7067485,12.6,1.0,2.0,1.0,1.0,1.0,6.1,1.0,100.0,1.0,1.0,2.0,1.0,1.0,3.1,1.0,1.0,100.0
1768749881.7107947,11.9,0.0,3.0,0.0,0.0,0.0,0.0,0.0,100.0,0.0,0.0,1.0,10.1,5.0,9.1,2.0,2.0,100.0
1768749882.7151158,10.9,0.0,2.0,0.0,0.0,0.0,0.0,0.0,100.0,2.0,2.0,0.0,0.0,0.0,0.0,1.0,0.0,100.0
1768749883.7182968,13.6,0.0,2.0,0.0,0.0,0.0,0.0,0.0,100.0,0.0,6.1,0.0,0.0,0.0,1.0,1.0,2.0,100.0
1768749884.7226107,13.6,3.0,1.0,1.0,2.0,0.0,0.0,0.0,100.0,0.0,0.0,0.0,1.0,0.0,1.0,0.0,0.0,100.0
1768749885.726445,8.2,1.0,2.0,0.0,0.0,1.0,0.0,0.0,100.0,2.0,0.0,0.0,0.0,0.0,0.0,0.0,4.1,100.0
1768749886.7296224,7.2,0.0,3.0,0.0,0.0,7.0,1.0,1.0,100.0,0.0,0.0,1.0,0.0,0.0,0.0,1.0,2.0,100.0
1768749887.7327805,10.0,2.0,4.0,5.0,2.0,3.1,2.0,0.0,100.0,2.9,2.0,1.0,0.0,0.0,0.0,1.0,1.0,100.0
1768749888.737376,11.8,0.0,3.0,0.0,0.0,2.0,0.0,2.0,100.0,0.0,0.0,2.0,0.0,0.0,2.0,1.0,0.0,100.0
1768749889.7417567,11.8,2.0,5.1,8.1,3.1,3.0,1.0,1.0,100.0,0.0,0.0,1.0,0.0,0.0,0.0,0.0,1.0,100.0
1768749890.7464192,11.1,0.0,4.0,2.0,2.0,0.0,0.0,0.0,100.0,0.0,0.0,0.0,0.0,0.0,0.0,0.0,0.0,100.0
1768749891.7499683,10.1,0.0,0.0,0.0,0.0,0.0,0.0,0.0,100.0,0.0,0.0,0.0,0.0,0.0,0.0,0.0,0.0,100.0
1768749892.754519,16.2,0.0,1.0,4.0,6.1,9.9,0.0,0.0,100.0,0.0,0.0,0.0,0.0,1.0,1.0,2.0,0.0,100.0
1768749893.7593555,11.7,0.0,2.0,0.0,1.0,2.0,1.0,2.0,100.0,0.0,2.0,0.0,4.0,5.0,0.0,0.0,1.0,100.0
1768749894.7628946,12.2,6.1,4.1,8.1,7.1,7.1,2.0,2.0,100.0,1.0,0.0,1.0,1.0,0.0,1.0,1.0,2.0,100.0
1768749895.7668242,10.8,0.0,0.0,1.0,0.0,1.0,2.0,2.0,100.0,0.0,0.0,0.0,0.0,0.0,0.0,0.0,0.0,100.0
1768749896.91125,15.5,0.0,0.0,1.0,1.0,0.0,0.0,1.0,100.0,0.0,0.0,1.0,1.0,0.0,0.0,0.0,0.0,100.0
1768749897.919688,17.6,1.0,2.0,2.0,0.0,0.0,0.0,7.9,100.0,0.0,1.0,0.0,1.0,0.0,1.0,0.0,1.0,100.0
1768749899.0075893,7.1,0.0,0.0,1.0,0.0,0.0,1.0,0.0,100.0,2.0,1.0,0.0,3.0,0.0,0.0,0.0,1.0,100.0
1768749900.0115197,10.0,1.0,2.0,3.0,3.0,0.0,7.1,2.0,100.0,3.0,3.0,5.1,1.0,1.0,0.0,0.0,3.1,100.0
1768749901.015792,12.1,1.0,3.0,1.0,0.0,0.0,1.0,0.0,100.0,0.0,0.0,0.0,0.0,0.0,0.0,0.0,3.0,100.0
1768749902.0179145,9.0,0.0,3.0,0.0,3.0,2.0,3.0,1.0,100.0,8.1,6.1,1.0,3.0,2.0,2.0,4.0,2.0,100.0
1768749903.0212877,10.0,0.0,1.0,0.0,0.0,1.0,2.0,0.0,100.0,1.0,2.0,3.0,1.0,3.0,2.0,2.0,1.0,100.0
1768749904.0254185,14.0,0.0,3.0,0.0,0.0,0.0,0.0,0.0,100.0,10.1,0.0,0.0,1.0,0.0,0.0,0.0,1.0,100.0
1768749905.0294514,12.5,0.0,4.0,0.0,0.0,0.0,0.0,0.0,100.0,6.0,3.1,1.0,0.0,1.0,1.0,0.0,1.0,100.0
1768749906.0338085,12.0,3.1,3.0,1.0,1.0,1.0,2.0,0.0,100.0,0.0,0.0,0.0,1.0,0.0,0.0,0.0,2.0,100.0
1768749907.091163,11.8,0.0,2.0,1.0,0.0,0.0,0.0,0.0,100.0,0.0,2.0,3.0,2.0,1.0,2.0,2.0,7.1,100.0
1768749908.4937892,17.1,0.0,0.0,5.0,0.0,0.0,0.0,2.0,100.0,0.0,1.0,2.0,1.0,1.0,1.0,2.0,0.0,100.0
1768749909.497272,10.9,0.0,3.0,0.0,1.0,0.0,0.0,0.0,100.0,3.0,0.0,9.2,1.0,1.0,0.0,2.0,4.0,100.0
1768749910.5015473,10.1,1.0,1.0,3.0,3.1,0.0,0.0,1.0,100.0,0.0,4.0,3.0,0.0,2.0,1.0,1.0,2.0,100.0
1768749911.5046806,6.3,5.1,5.0,0.0,3.0,2.0,2.0,2.0,100.0,1.0,3.0,5.9,0.0,6.1,5.0,3.0,2.0,100.0
1768749912.5092244,13.5,0.0,0.0,0.0,1.0,1.0,0.0,0.0,100.0,0.0,0.0,0.0,0.0,0.0,1.0,0.0,1.0,100.0
1768749913.5132017,12.0,3.1,1.0,3.0,2.0,3.0,2.1,5.1,100.0,1.0,1.0,3.0,1.0,0.0,0.0,0.0,0.0,100.0
1768749914.5163274,9.2,14.3,4.0,5.1,5.1,2.0,5.1,4.1,100.0,2.0,2.0,2.0,1.0,0.0,1.0,0.0,1.0,100.0
1768749915.519953,10.0,0.0,0.0,2.0,1.0,1.0,0.0,0.0,100.0,0.0,0.0,5.0,0.0,0.0,0.0,1.0,1.0,100.0
1768749916.5238414,11.2,6.1,4.0,4.0,6.1,5.1,3.1,4.1,100.0,0.0,1.0,1.0,0.0,0.0,0.0,0.0,1.0,100.0
1768749917.528701,9.1,5.1,3.0,3.0,6.0,1.0,2.0,2.0,100.0,2.0,0.0,5.1,1.0,1.0,0.0,0.0,0.0,100.0
1768749918.5333407,10.8,0.0,1.0,0.0,0.0,2.0,0.0,3.0,100.0,4.0,3.0,2.0,1.0,5.1,1.0,10.1,4.0,100.0
1768749919.5370789,9.9,0.0,0.0,1.0,1.0,0.0,1.0,3.0,100.0,6.0,2.0,8.1,1.0,1.0,4.0,5.0,6.0,100.0
1768749920.540166,7.3,2.0,2.0,4.0,1.0,1.0,2.0,1.0,100.0,5.0,13.0,5.9,3.0,5.1,5.0,3.0,5.0,100.0
1768749921.5420654,11.7,4.0,0.0,5.1,0.0,6.1,1.0,2.0,100.0,3.1,0.0,0.0,2.0,1.0,0.0,0.0,1.0,100.0
1768749922.5438502,11.7,1.0,1.0,2.0,0.0,1.0,1.0,4.0,100.0,4.0,1.0,2.0,1.0,0.0,3.0,0.0,0.0,100.0
1768749923.5473764,8.2,2.0,2.0,1.0,2.0,2.0,2.0,3.1,100.0,5.0,0.0,1.0,1.0,1.0,1.0,8.0,5.1,100.0
1768749924.555652,9.9,0.0,1.0,0.0,1.0,0.0,0.0,2.0,100.0,5.1,2.0,0.0,0.0,0.0,0.0,1.0,2.0,100.0
1768749925.5598104,10.3,7.1,5.0,0.0,3.0,0.0,1.0,3.0,100.0,6.1,5.0,1.0,0.0,1.0,2.0,1.0,0.0,100.0
1768749926.5641863,10.9,0.0,0.0,1.0,1.0,0.0,0.0,3.0,100.0,4.0,1.0,0.0,1.0,1.0,3.0,0.0,0.0,100.0
1768749927.5666497,9.9,0.0,0.0,1.0,0.0,0.0,2.0,1.0,100.0,3.9,1.0,4.0,0.0,0.0,0.0,0.0,0.0,100.0
1768749928.570259,7.9,1.0,0.0,0.0,0.0,1.0,0.0,0.0,100.0,3.0,3.0,1.0,0.0,0.0,2.0,0.0,1.0,100.0
1768749929.5732486,8.2,0.0,1.0,0.0,0.0,0.0,4.0,2.0,100.0,4.0,1.0,0.0,4.0,1.0,0.0,0.0,0.0,100.0
1768749930.5756097,10.0,1.0,0.0,0.0,1.0,0.0,5.1,6.0,100.0,5.1,1.0,2.0,1.0,3.1,6.1,10.0,3.0,100.0
1768749931.5788589,8.2,1.0,0.0,0.0,0.0,0.0,2.0,1.0,100.0,4.0,0.0,0.0,1.0,0.0,0.0,0.0,2.0,100.0
1768749932.580691,10.8,0.0,0.0,0.0,0.0,0.0,3.0,0.0,100.0,5.0,0.0,3.0,0.0,1.0,2.0,0.0,0.0,100.0
1768749933.5824552,10.9,0.0,0.0,1.0,1.0,0.0,2.0,0.0,100.0,3.0,0.0,0.0,0.0,0.0,3.1,10.1,5.9,100.0
1768749934.5867352,7.3,1.0,0.0,1.0,2.0,1.0,3.0,6.0,100.0,2.0,0.0,0.0,1.0,0.0,0.0,0.0,0.0,100.0
1768749935.5904028,9.2,2.0,4.0,5.0,3.1,3.0,1.0,5.1,100.0,2.0,0.0,0.0,0.0,0.0,0.0,0.0,2.0,100.0
1768749936.5947146,8.2,0.0,0.0,0.0,5.0,0.0,2.0,2.0,100.0,2.0,0.0,0.0,0.0,0.0,2.0,1.0,0.0,100.0
1768749937.596923,9.9,1.0,0.0,0.0,1.0,2.0,2.0,1.0,100.0,3.0,9.0,1.0,1.0,10.0,4.0,6.1,5.0,100.0
1768749938.600158,13.5,0.0,1.0,0.0,0.0,0.0,5.0,0.0,100.0,3.0,3.0,0.0,0.0,3.0,7.0,1.0,3.1,100.0
1768749939.6036835,7.2,1.0,1.0,1.0,1.0,0.0,5.2,1.0,100.0,2.0,0.0,1.0,0.0,1.0,1.0,0.0,1.0,100.0
1768749940.607498,7.1,0.0,2.0,0.0,0.0,1.0,1.0,0.0,100.0,5.1,0.0,0.0,1.0,0.0,0.0,0.0,0.0,100.0
1768749941.6120558,9.1,0.0,0.0,1.0,0.0,0.0,2.0,2.0,100.0,0.0,1.0,0.0,0.0,0.0,0.0,0.0,1.0,100.0
1768749942.6162765,9.0,0.0,0.0,0.0,0.0,0.0,1.0,0.0,100.0,2.0,0.0,0.0,0.0,0.0,0.0,0.0,1.0,100.0
1768749943.9501104,8.1,2.0,0.0,1.0,1.0,0.0,0.0,1.0,100.0,4.0,1.0,3.0,0.0,0.0,0.0,0.0,0.0,100.0
1768749944.9968636,7.2,2.0,0.0,1.0,2.0,1.0,9.0,2.0,100.0,6.9,1.0,4.0,2.9,4.0,3.0,2.0,3.0,100.0
1768749945.9988196,9.1,0.0,0.0,1.0,1.0,2.0,0.0,0.0,100.0,0.0,0.0,0.0,0.0,3.0,1.0,3.0,0.0,100.0
1768749947.0027606,13.2,1.0,0.0,0.0,4.0,5.0,4.0,3.0,100.0,4.0,3.0,3.0,1.0,3.0,2.0,6.0,5.0,100.0
1768749948.0059412,9.8,0.0,1.0,1.0,4.0,9.1,9.0,3.0,100.0,1.0,0.0,4.0,7.1,10.3,7.1,13.1,10.2,100.0
1768749949.0094783,11.7,1.0,1.0,1.0,2.0,2.0,3.0,3.0,100.0,0.0,0.0,3.0,1.0,1.0,5.1,5.1,5.0,100.0
1768749950.013842,15.0,0.0,0.0,0.0,1.0,0.0,1.0,0.0,100.0,2.0,1.0,3.0,0.0,0.0,0.0,0.0,1.0,100.0
1768749951.0157304,9.0,0.0,0.0,1.0,1.0,1.0,1.0,1.0,100.0,0.0,2.0,3.1,3.0,4.0,0.0,0.0,0.0,100.0
1768749952.0178366,10.0,0.0,1.0,0.0,2.0,0.0,0.0,0.0,100.0,0.0,4.0,5.0,8.0,5.1,7.2,4.0,2.0,100.0
1768749953.0221882,9.8,0.0,1.0,1.0,0.0,1.0,0.0,1.0,100.0,5.0,1.0,2.0,1.0,1.0,2.0,1.0,0.0,100.0
1768749954.2888193,12.4,0.0,0.0,0.0,3.0,0.0,1.0,0.0,100.0,1.0,2.0,4.0,2.0,3.0,2.0,3.0,5.1,100.0
1768749955.4130394,9.1,3.0,1.0,6.1,4.0,0.0,2.0,2.0,100.0,3.0,3.0,5.9,4.0,1.0,1.0,1.0,1.0,100.0
1768749956.4163077,10.9,0.0,1.0,1.0,2.0,1.0,1.0,1.0,100.0,5.0,0.0,0.0,0.0,2.0,1.0,0.0,6.0,100.0
1768749957.4209638,12.6,1.0,1.0,1.0,0.0,2.0,4.0,0.0,100.0,0.0,0.0,0.0,0.0,0.0,0.0,0.0,2.1,100.0
1768749958.424835,11.7,0.0,0.0,0.0,2.0,0.0,0.0,0.0,100.0,3.0,0.0,0.0,0.0,0.0,0.0,0.0,4.0,100.0
1768749959.427654,9.1,0.0,0.0,2.0,1.0,1.0,4.0,4.0,100.0,3.0,0.0,0.0,0.0,0.0,0.0,0.0,1.0,100.0
1768749960.4319823,10.9,0.0,0.0,0.0,0.0,3.1,3.0,4.0,100.0,2.0,0.0,0.0,0.0,0.0,0.0,0.0,2.0,100.0
1768749961.4337268,13.3,0.0,0.0,0.0,1.0,1.0,1.0,0.0,100.0,2.0,0.0,0.0,0.0,0.0,1.0,0.0,0.0,100.0
1768749962.4355643,7.2,1.0,1.0,1.0,3.0,0.0,0.0,0.0,100.0,4.0,2.0,0.0,0.0,0.0,1.0,0.0,0.0,100.0
1768749963.4389772,9.0,1.0,1.0,0.0,1.0,3.0,2.0,1.0,100.0,6.0,6.1,9.1,4.0,2.0,8.0,5.1,4.0,100.0
1768749964.4423265,15.6,1.0,0.0,1.0,0.0,0.0,1.0,0.0,100.0,3.0,1.0,4.0,2.0,2.0,1.0,1.0,1.0,100.0
1768749965.4466183,13.3,2.0,7.9,1.0,1.0,0.0,0.0,1.0,100.0,2.0,3.0,1.0,4.0,3.0,3.0,0.0,3.0,100.0
1768749966.4495442,13.1,3.1,4.0,1.0,3.0,5.0,1.0,0.0,100.0,4.0,0.0,0.0,1.0,0.0,4.0,1.0,0.0,100.0
1768749967.4528134,9.2,2.0,2.0,0.0,1.0,0.0,0.0,0.0,100.0,4.1,8.0,0.0,0.0,0.0,1.0,0.0,1.0,100.0
1768749968.4548752,9.0,0.0,0.0,0.0,0.0,0.0,1.0,0.0,100.0,6.1,2.0,1.0,4.0,6.1,2.0,1.0,0.0,100.0
1768749969.459231,12.5,0.0,0.0,1.0,0.0,1.0,1.0,1.0,100.0,2.0,0.0,0.0,0.0,4.0,3.0,0.0,0.0,100.0
1768749970.4633539,13.5,0.0,1.0,0.0,0.0,0.0,0.0,2.0,100.0,2.0,2.0,4.0,1.0,2.0,1.0,1.0,2.0,100.0
1768749971.4677553,10.1,0.0,1.0,0.0,1.0,1.0,1.0,2.0,100.0,2.0,0.0,3.0,6.9,1.0,0.0,1.0,0.0,100.0
1768749972.4723792,11.7,0.0,0.0,0.0,0.0,0.0,1.0,2.0,100.0,3.0,1.0,1.0,0.0,0.0,2.0,0.0,0.0,100.0
1768749973.476331,11.7,0.0,0.0,0.0,0.0,0.0,1.0,0.0,100.0,1.0,0.0,3.0,0.0,1.0,0.0,0.0,0.0,100.0
1768749974.480223,10.8,0.0,0.0,0.0,0.0,0.0,0.0,2.9,100.0,4.0,0.0,0.0,0.0,0.0,3.0,4.0,5.0,100.0
1768749975.4840922,10.4,2.0,4.1,2.0,2.0,2.0,1.0,5.1,100.0,3.0,11.1,3.0,2.0,2.0,6.0,1.0,1.0,100.0
1768749976.4886625,13.5,0.0,0.0,1.0,0.0,0.0,0.0,2.0,100.0,5.9,4.0,1.0,3.0,7.0,3.0,2.0,0.0,100.0
1768749977.493156,14.8,0.0,0.0,0.0,0.0,0.0,0.0,0.0,100.0,2.0,7.0,4.0,1.0,1.0,1.0,1.0,2.0,100.0
1768749978.496806,12.5,0.0,0.0,3.0,0.0,0.0,0.0,1.0,100.0,2.0,3.0,3.0,0.0,3.0,2.0,0.0,0.0,100.0
1768749979.4999173,13.2,0.0,0.0,4.0,1.0,0.0,2.0,1.0,100.0,4.0,0.0,0.0,2.0,0.0,0.0,2.0,0.0,100.0
1768749980.5032814,8.2,1.0,0.0,0.0,0.0,0.0,1.0,0.0,100.0,2.0,3.0,6.0,2.0,2.0,4.0,3.1,5.1,100.0
1768749981.5078375,13.3,2.0,0.0,0.0,0.0,2.0,1.0,1.0,100.0,2.0,0.0,0.0,1.0,0.0,0.0,6.9,1.0,100.0
1768749982.5106452,9.0,0.0,1.0,0.0,0.0,2.0,1.0,1.0,100.0,1.0,0.0,0.0,0.0,4.0,0.0,0.0,1.0,100.0
1768749983.5139122,12.5,1.0,0.0,0.0,0.0,1.0,1.0,0.0,100.0,0.0,0.0,0.0,0.0,3.0,1.0,1.0,2.0,100.0
1768749984.5178623,8.2,0.0,0.0,0.0,0.0,2.0,1.0,2.0,100.0,5.0,0.0,0.0,0.0,0.0,2.0,12.1,7.1,100.0
1768749985.5212069,11.0,2.0,1.0,0.0,0.0,0.0,0.0,0.0,100.0,1.0,0.0,0.0,0.0,1.0,0.0,0.0,2.0,100.0
1768749986.5253108,9.1,0.0,0.0,0.0,0.0,1.0,2.0,2.0,100.0,3.0,0.0,0.0,0.0,0.0,0.0,0.0,2.0,100.0
1768749987.5285933,9.9,0.0,0.0,0.0,1.0,0.0,1.0,1.0,100.0,1.0,0.0,0.0,0.0,0.0,0.0,0.0,0.0,100.0
1768749988.5316954,12.5,0.0,0.0,1.0,0.0,0.0,3.1,1.0,100.0,3.0,0.0,0.0,0.0,0.0,0.0,0.0,2.0,100.0
1768749989.5365152,10.9,0.0,0.0,0.0,0.0,2.0,2.0,2.0,100.0,3.0,0.0,0.0,0.0,0.0,0.0,0.0,1.0,100.0
1768749990.5411613,9.9,0.0,0.0,0.0,0.0,0.0,2.0,2.0,100.0,2.0,0.0,0.0,0.0,0.0,0.0,0.0,3.0,100.0
1768749991.544375,11.8,0.0,0.0,0.0,0.0,1.0,7.1,4.0,100.0,0.0,0.0,0.0,0.0,0.0,1.0,0.0,3.0,100.0
1768749992.5475423,10.8,0.0,0.0,0.0,0.0,0.0,0.0,0.0,100.0,3.0,0.0,0.0,0.0,0.0,1.0,0.0,0.0,100.0
1768749993.5509727,13.0,2.0,2.0,0.0,0.0,1.0,3.0,0.0,100.0,2.0,0.0,0.0,0.0,0.0,0.0,0.0,0.0,100.0
1768749994.5539372,11.8,1.0,0.0,0.0,0.0,1.0,3.0,2.0,100.0,2.0,0.0,0.0,0.0,0.0,1.0,0.0,4.0,100.0
1768749995.557034,10.9,0.0,0.0,1.0,0.0,1.0,1.0,0.0,100.0,2.0,0.0,0.0,0.0,0.0,0.0,0.0,0.0,100.0
1768749996.5602257,10.0,4.0,2.0,1.0,0.0,0.0,4.0,3.0,100.0,1.0,0.0,0.0,0.0,0.0,0.0,0.0,4.1,100.0
1768749997.5632367,10.8,1.0,0.0,0.0,0.0,1.0,2.0,0.0,100.0,6.1,1.0,1.0,1.0,0.0,0.0,0.0,0.0,100.0
1768749998.5676336,10.0,1.0,1.0,0.0,0.0,0.0,1.0,0.0,100.0,1.0,3.0,1.0,4.0,2.0,0.0,2.0,3.0,100.0
1768749999.571936,8.2,0.0,0.0,0.0,0.0,1.0,0.0,1.0,100.0,2.0,0.0,0.0,3.0,2.0,3.0,0.0,1.0,100.0
1768750000.5760374,10.0,1.0,0.0,0.0,0.0,0.0,0.0,0.0,100.0,3.0,0.0,1.0,0.0,0.0,0.0,0.0,0.0,100.0
1768750001.5805726,14.6,8.0,7.1,1.0,2.0,0.0,1.0,0.0,100.0,1.0,1.0,2.0,0.0,0.0,0.0,0.0,0.0,100.0
1768750002.5838742,7.2,0.0,1.0,0.0,0.0,2.0,2.0,5.1,100.0,2.0,0.0,1.0,0.0,1.0,1.0,0.0,1.0,100.0
1768750003.5878546,18.2,1.0,0.0,0.0,1.0,2.0,3.0,4.0,100.0,3.0,0.0,0.0,0.0,0.0,1.0,0.0,0.0,100.0
1768750004.5948422,9.1,0.0,1.0,2.0,1.0,0.0,0.0,0.0,100.0,2.0,2.0,0.0,0.0,0.0,2.0,1.0,0.0,100.0
1768750005.598317,12.5,0.0,1.0,0.0,0.0,0.0,0.0,1.0,100.0,2.0,0.0,0.0,0.0,0.0,0.0,0.0,0.0,100.0
1768750006.6030335,16.2,6.1,4.0,0.0,1.0,0.0,4.0,6.1,100.0,2.0,1.0,0.0,0.0,0.0,0.0,0.0,0.0,100.0
1768750007.607407,10.0,0.0,0.0,0.0,1.0,1.0,1.0,0.0,100.0,3.9,0.0,0.0,0.0,0.0,2.0,1.0,1.0,100.0
1768750008.6108427,9.9,0.0,0.0,1.0,1.0,1.0,1.0,1.0,100.0,4.0,0.0,1.0,0.0,0.0,2.0,2.0,4.0,100.0
1768750009.614464,9.1,0.0,0.0,0.0,0.0,0.0,2.0,1.0,100.0,3.0,0.0,0.0,0.0,0.0,2.0,3.0,2.0,100.0
1768750010.6181526,7.2,0.0,0.0,0.0,1.0,0.0,0.0,0.0,100.0,2.0,1.0,3.0,1.0,0.0,1.0,1.0,3.0,100.0
1768750011.6222103,10.9,7.0,1.0,0.0,3.0,1.0,3.1,1.0,100.0,3.0,0.0,0.0,0.0,4.0,3.0,6.1,5.1,100.0
1768750012.6257875,8.2,2.0,0.0,0.0,0.0,1.0,2.0,2.0,100.0,2.0,0.0,2.0,9.2,2.0,3.0,1.0,0.0,100.0
1768750013.6279047,8.1,3.0,3.0,1.0,4.1,2.0,2.0,7.9,100.0,2.0,0.0,1.0,3.0,4.0,3.0,0.0,0.0,100.0
1768750014.6348279,9.0,1.0,0.0,1.0,0.0,0.0,1.0,1.0,100.0,2.0,2.0,2.0,4.0,3.1,5.0,8.0,9.0,100.0
1768750015.6772287,9.1,1.0,3.1,0.0,3.0,1.0,17.5,2.0,100.0,2.0,0.0,1.0,3.0,1.0,2.0,1.0,2.0,100.0
1768750016.6818202,10.0,1.0,1.0,0.0,3.0,3.0,5.1,4.1,100.0,2.0,1.0,1.0,0.0,1.0,2.0,5.0,5.0,100.0
1768750017.6867242,7.2,0.0,1.0,0.0,1.0,2.0,8.1,5.0,100.0,3.0,0.0,2.1,1.0,2.0,3.0,1.0,2.0,100.0
1768750018.690839,4.3,0.0,0.0,0.0,1.0,2.0,2.9,0.0,100.0,1.0,0.0,2.0,2.0,1.0,3.0,3.1,5.0,100.0
1768750019.6944575,13.5,0.0,0.0,0.0,0.0,2.0,4.1,4.0,100.0,3.0,0.0,2.0,0.0,0.0,1.0,0.0,3.0,100.0
1768750020.6972058,13.3,1.0,0.0,0.0,0.0,2.0,0.0,1.0,100.0,3.0,1.0,0.0,0.0,3.0,0.0,0.0,1.0,100.0
1768750021.7007165,10.7,0.0,0.0,0.0,0.0,1.0,0.0,0.0,100.0,3.0,1.0,1.0,1.0,3.0,1.0,0.0,1.0,100.0
1768750022.8707557,11.7,0.0,0.0,0.0,1.0,0.0,2.0,0.0,100.0,0.0,0.0,2.0,2.0,2.0,1.0,6.0,2.0,100.0
1768750023.8999817,11.7,1.0,1.0,0.0,0.0,0.0,2.0,4.0,100.0,0.0,0.0,5.1,4.0,0.0,1.0,3.0,0.0,100.0
1768750024.903174,11.8,3.0,1.0,0.0,0.0,0.0,1.0,0.0,100.0,3.0,2.0,2.0,2.0,1.0,2.0,0.0,0.0,100.0
1768750025.906934,9.1,1.0,0.0,1.0,1.0,1.0,0.0,2.0,100.0,5.0,6.1,4.0,7.1,4.0,2.0,1.0,2.0,100.0
1768750026.9096487,10.8,0.0,0.0,0.0,0.0,0.0,1.0,0.0,100.0,1.0,4.0,7.0,3.0,1.0,0.0,0.0,3.1,100.0
1768750027.913875,9.0,0.0,0.0,0.0,0.0,0.0,0.0,4.0,100.0,3.0,3.9,4.0,3.1,7.8,3.1,2.0,4.0,100.0
1768750028.9176073,11.7,0.0,0.0,0.0,1.0,0.0,2.0,0.0,100.0,1.0,0.0,6.9,2.0,0.0,0.0,0.0,0.0,100.0
1768750030.0634859,9.0,0.0,1.0,0.0,0.0,0.0,1.0,2.0,100.0,7.0,8.0,4.0,1.0,1.0,4.0,1.0,1.0,100.0
1768750031.1219714,12.5,0.0,2.0,0.0,0.0,0.0,1.0,2.0,100.0,2.0,2.0,0.0,2.0,1.0,1.0,0.0,0.0,100.0
1768750032.1313374,11.8,0.0,3.0,0.0,0.0,0.0,0.0,1.0,100.0,0.0,0.0,0.0,2.0,0.0,0.0,0.0,1.0,100.0
1768750033.422405,17.0,6.0,4.0,5.9,4.0,3.0,9.0,1.0,100.0,0.0,0.0,0.0,1.0,0.0,0.0,0.0,2.0,100.0
1768750034.4258363,9.1,2.0,6.0,2.0,1.0,0.0,0.0,0.0,100.0,4.0,3.0,0.0,1.0,0.0,0.0,0.0,0.0,100.0
1768750035.4323225,8.2,0.0,4.0,0.0,0.0,0.0,3.1,1.0,100.0,1.0,0.0,2.0,0.0,1.0,1.0,0.0,0.0,100.0
1768750036.436127,6.3,1.0,1.0,0.0,1.0,1.0,5.1,0.0,100.0,0.0,0.0,0.0,2.0,0.0,0.0,0.0,0.0,100.0
1768750037.4397218,12.6,2.0,4.0,1.0,1.0,1.0,0.0,1.0,100.0,0.0,0.0,0.0,0.0,2.0,0.0,0.0,1.0,100.0
1768750038.443925,14.2,0.0,1.0,0.0,0.0,0.0,1.0,1.0,100.0,1.0,0.0,3.0,0.0,0.0,1.0,3.0,0.0,100.0
1768750039.4471686,12.6,0.0,3.0,1.0,0.0,0.0,0.0,7.0,100.0,1.0,0.0,0.0,1.0,0.0,0.0,0.0,0.0,100.0
1768750040.450513,9.1,2.0,6.0,2.0,1.0,0.0,1.0,0.0,100.0,0.0,0.0,0.0,1.0,0.0,0.0,1.0,0.0,100.0
1768750041.4546187,11.8,0.0,3.0,2.0,2.0,6.1,2.0,2.0,100.0,0.0,0.0,0.0,0.0,1.0,1.0,0.0,2.0,100.0
1768750042.458796,10.9,1.0,3.0,1.0,1.0,6.0,6.2,7.9,100.0,0.0,0.0,1.0,0.0,0.0,0.0,0.0,0.0,100.0
1768750043.4629443,8.5,1.0,2.0,0.0,1.0,1.0,3.0,0.0,100.0,0.0,0.0,1.0,0.0,0.0,0.0,1.0,1.0,100.0
1768750044.467682,7.2,1.0,4.0,1.0,2.0,0.0,1.0,0.0,100.0,2.0,1.0,0.0,2.0,0.0,2.0,0.0,0.0,100.0
1768750045.4719923,7.2,1.0,2.0,1.0,1.0,0.0,0.0,0.0,100.0,0.0,0.0,6.1,4.1,3.1,0.0,0.0,1.0,100.0
1768750046.4754486,7.3,1.0,3.0,1.0,0.0,0.0,0.0,1.0,100.0,0.0,1.0,1.0,1.0,1.0,0.0,1.0,2.0,100.0
1768750047.4797688,8.2,1.0,3.0,1.0,0.0,0.0,0.0,0.0,100.0,0.0,1.0,0.0,1.0,0.0,0.0,2.0,1.0,100.0
1768750048.4837613,8.2,0.0,3.0,1.0,0.0,0.0,0.0,3.1,100.0,0.0,0.0,0.0,1.0,1.0,1.0,0.0,0.0,100.0
1768750049.4870813,10.3,3.1,7.1,4.0,4.0,4.0,2.0,5.9,100.0,3.0,0.0,0.0,1.0,2.0,0.0,1.0,0.0,100.0
1768750050.4907959,9.0,1.0,1.0,1.0,1.0,1.0,0.0,0.0,100.0,4.0,1.0,2.0,1.0,1.0,0.0,0.0,0.0,100.0
1768750051.4951954,6.3,3.0,0.0,0.0,1.0,0.0,0.0,0.0,100.0,3.0,0.0,1.0,0.0,0.0,0.0,0.0,0.0,100.0
1768750052.4996054,12.5,1.0,3.0,2.0,0.0,0.0,0.0,0.0,100.0,3.0,2.0,0.0,2.0,1.0,2.0,0.0,0.0,100.0
1768750053.5038548,9.9,1.0,2.0,0.0,2.0,0.0,0.0,0.0,100.0,2.0,0.0,0.0,0.0,1.0,3.1,3.0,1.0,100.0
1768750054.5070822,11.2,1.0,4.0,1.0,1.0,0.0,1.0,0.0,100.0,1.0,1.0,1.0,1.0,0.0,2.0,11.2,5.0,100.0
1768750055.5113494,9.0,1.0,7.0,4.0,4.0,5.0,0.0,0.0,100.0,2.0,0.0,0.0,2.0,0.0,1.0,0.0,0.0,100.0
1768750056.5156677,15.5,1.0,2.0,1.0,0.0,0.0,0.0,0.0,100.0,0.0,0.0,0.0,0.0,1.0,1.0,0.0,0.0,100.0
1768750057.5204327,13.1,0.0,0.0,1.0,0.0,6.1,0.0,0.0,100.0,1.0,0.0,0.0,0.0,0.0,0.0,2.0,4.0,100.0
1768750058.5237417,16.7,0.0,1.0,0.0,0.0,0.0,0.0,0.0,100.0,0.0,0.0,0.0,0.0,0.0,0.0,0.0,0.0,100.0
1768750059.5280373,20.3,0.0,0.0,0.0,0.0,0.0,0.0,0.0,100.0,0.0,0.0,0.0,0.0,1.0,0.0,0.0,0.0,100.0
1768750060.5318868,24.0,0.0,0.0,0.0,0.0,0.0,0.0,0.0,100.0,0.0,0.0,2.0,1.0,0.0,0.0,0.0,0.0,100.0
1768750061.535281,26.4,0.0,0.0,0.0,0.0,1.0,0.0,0.0,100.0,0.0,0.0,0.0,0.0,0.0,0.0,0.0,0.0,100.0
1768750062.5386448,12.7,2.0,1.0,4.0,3.0,1.0,0.0,2.0,100.0,2.0,3.0,1.0,0.0,2.0,0.0,2.0,2.0,100.0
1768750063.5426915,24.6,0.0,0.0,0.0,0.0,0.0,0.0,0.0,100.0,0.0,0.0,0.0,0.0,0.0,0.0,0.0,0.0,100.0
1768750064.5469947,26.4,0.0,0.0,0.0,0.0,0.0,0.0,0.0,100.0,0.0,0.0,0.0,0.0,0.0,0.0,0.0,0.0,100.0
1768750065.5504181,21.7,0.0,0.0,1.0,0.0,1.0,0.0,0.0,100.0,0.0,0.0,1.0,0.0,0.0,0.0,0.0,0.0,100.0
1768750066.5538397,26.4,0.0,0.0,0.0,0.0,0.0,0.0,0.0,100.0,0.0,0.0,0.0,0.0,0.0,0.0,0.0,0.0,100.0
1768750067.5571172,28.6,0.0,0.0,0.0,0.0,0.0,0.0,0.0,100.0,0.0,0.0,0.0,0.0,0.0,0.0,0.0,0.0,100.0
1768750068.5602207,28.6,0.0,0.0,0.0,0.0,0.0,0.0,0.0,100.0,0.0,0.0,0.0,0.0,0.0,0.0,0.0,0.0,100.0
1768750069.5636039,22.3,0.0,0.0,0.0,0.0,1.0,1.0,0.0,100.0,0.0,0.0,0.0,1.0,1.0,0.0,0.0,0.0,100.0
1768750070.5670326,17.5,1.0,0.0,1.0,1.0,0.0,0.0,1.0,100.0,1.0,0.0,0.0,0.0,0.0,1.0,1.0,0.0,100.0
1768750071.5713735,22.0,2.0,0.0,0.0,1.0,0.0,1.0,0.0,100.0,0.0,0.0,1.0,1.0,0.0,0.0,1.0,0.0,100.0
1768750072.575513,20.2,1.0,1.0,1.0,2.0,2.0,0.0,1.0,100.0,0.0,0.0,1.0,0.0,0.0,1.0,1.0,1.0,100.0
1768750073.578902,25.0,0.0,0.0,0.0,1.0,0.0,1.0,0.0,100.0,1.0,0.0,1.0,1.0,0.0,0.0,0.0,0.0,100.0
1768750074.5826614,21.5,0.0,0.0,0.0,0.0,0.0,0.0,0.0,100.0,0.0,0.0,0.0,0.0,0.0,0.0,0.0,0.0,100.0
1768750075.5861623,28.6,1.0,0.0,0.0,1.0,0.0,0.0,1.0,100.0,0.0,0.0,0.0,0.0,0.0,0.0,0.0,0.0,100.0
1768750076.5900028,26.2,0.0,0.0,0.0,0.0,0.0,0.0,0.0,100.0,0.0,0.0,0.0,0.0,0.0,0.0,0.0,0.0,100.0
1768750077.5941198,26.9,0.0,0.0,0.0,0.0,0.0,0.0,0.0,100.0,0.0,0.0,0.0,0.0,0.0,0.0,0.0,0.0,100.0
1768750078.597501,30.1,0.0,0.0,0.0,0.0,1.0,0.0,0.0,100.0,0.0,0.0,0.0,0.0,0.0,0.0,1.0,1.0,100.0
1768750079.6008444,27.5,0.0,0.0,0.0,0.0,1.0,0.0,0.0,100.0,0.0,0.0,0.0,0.0,0.0,0.0,0.0,0.0,100.0
1768750080.6039295,28.5,1.0,1.0,1.0,1.0,0.0,1.0,0.0,100.0,0.0,0.0,1.0,0.0,0.0,1.0,0.0,0.0,100.0
1768750081.6076715,29.4,0.0,1.0,0.0,0.0,0.0,0.0,0.0,100.0,0.0,0.0,0.0,0.0,0.0,0.0,0.0,0.0,100.0
1768750082.6108246,31.7,0.0,0.0,0.0,2.0,0.0,0.0,0.0,100.0,0.0,0.0,0.0,0.0,0.0,0.0,0.0,1.0,100.0
1768750083.6146247,29.3,1.0,0.0,0.0,1.0,0.0,0.0,0.0,100.0,0.0,0.0,0.0,0.0,0.0,0.0,1.0,1.0,100.0
1768750084.6184497,30.7,0.0,0.0,0.0,0.0,0.0,1.0,0.0,100.0,0.0,0.0,0.0,0.0,0.0,0.0,0.0,0.0,100.0
1768750085.6232054,22.5,0.0,1.0,2.0,0.0,2.0,0.0,0.0,100.0,0.0,0.0,1.0,0.0,0.0,1.0,0.0,0.0,100.0
1768750086.6260762,21.2,1.0,0.0,0.0,2.0,1.0,1.0,0.0,100.0,2.0,0.0,1.0,0.0,0.0,0.0,0.0,3.0,100.0
1768750087.629818,1.0,0.0,0.0,0.0,0.0,0.0,0.0,0.0,5.0,0.0,0.0,0.0,1.0,1.0,0.0,0.0,0.0,5.9
