timestamp,CPU_0(group_0),CPU_64(group_0),CPU_2(group_0),CPU_66(group_0),CPU_4(group_0),CPU_68(group_0),CPU_6(group_0),CPU_70(group_0),CPU_8(group_0),CPU_72(group_0),CPU_10(group_0),CPU_74(group_0),CPU_12(group_0),CPU_76(group_0),CPU_14(group_0),CPU_78(group_0),CPU_16(group_0),CPU_80(group_0),CPU_18(group_0),CPU_82(group_0),CPU_20(group_0),CPU_84(group_0),CPU_22(group_0),CPU_86(group_0),CPU_24(group_0),CPU_88(group_0),CPU_26(group_0),CPU_90(group_0),CPU_28(group_0),CPU_92(group_0),CPU_30(group_0),CPU_94(group_0),CPU_32(group_0),CPU_96(group_0),CPU_34(group_0),CPU_98(group_0),CPU_36(group_0),CPU_100(group_0),CPU_38(group_0),CPU_102(group_0),CPU_40(group_0),CPU_104(group_0),CPU_42(group_0),CPU_106(group_0),CPU_44(group_0),CPU_108(group_0),CPU_46(group_0),CPU_110(group_0),CPU_48(group_0),CPU_112(group_0),CPU_50(group_0),CPU_114(group_0),CPU_52(group_0),CPU_116(group_0)
1772961996.2362335,0.0,0.0,0.0,0.0,0.0,0.0,0.0,0.0,0.0,0.0,0.0,0.0,0.0,0.0,0.0,0.0,0.0,0.0,0.0,0.0,0.0,0.0,0.0,0.0,0.0,0.0,0.0,0.0,0.0,0.0,0.0,0.0,0.0,0.0,0.0,0.0,0.0,0.0,0.0,0.0,0.0,0.0,0.0,0.0,100.0,0.0,0.0,0.0,0.0,0.0,0.0,0.0,100.0,0.0
1772961997.2423265,36.3,32.4,32.0,16.0,20.2,25.0,22.8,14.0,17.3,12.0,14.0,9.0,47.0,44.1,28.0,18.8,52.9,46.1,16.0,12.9,23.5,13.9,24.8,19.2,27.7,36.6,25.0,27.0,25.7,23.0,23.0,15.2,20.8,31.7,39.6,24.8,18.0,13.0,21.8,29.4,12.2,10.1,17.3,24.8,24.2,43.0,37.9,37.6,38.0,37.0,23.0,20.2,49.5,40.6
1772961998.2502973,20.0,6.1,8.1,10.1,25.3,18.2,15.3,14.1,6.2,3.1,10.0,9.2,16.0,11.1,26.0,7.1,23.5,29.6,13.0,19.2,22.4,5.1,6.1,5.1,21.0,37.0,20.0,16.2,10.1,21.8,23.7,18.2,30.3,21.0,17.2,13.1,6.1,5.1,16.0,19.2,24.2,22.2,15.0,28.7,14.3,26.3,37.0,26.0,34.3,29.0,30.0,10.9,24.0,41.0
1772961999.2503757,19.6,15.3,12.4,16.2,9.2,5.1,8.0,8.1,4.1,6.2,12.4,15.2,19.2,10.1,25.0,19.2,44.4,40.6,4.1,4.1,30.0,6.1,9.0,10.2,11.2,24.2,21.4,17.0,7.1,27.8,12.0,8.2,35.6,23.2,6.1,13.0,25.0,20.6,10.1,18.4,23.2,19.2,10.1,28.6,20.8,11.0,37.0,18.0,31.3,32.0,10.2,23.5,33.0,48.0
1772962000.2504482,25.5,17.2,22.8,23.0,8.1,4.1,17.0,8.1,20.0,19.0,16.2,8.2,14.1,14.0,13.1,23.2,31.0,25.3,5.0,6.1,22.0,25.0,11.2,6.1,8.1,6.0,22.4,15.2,35.4,35.6,14.9,9.1,37.4,31.3,5.1,5.1,17.2,15.0,12.2,24.5,10.9,9.1,10.0,25.7,25.5,23.5,14.3,20.2,32.7,33.3,7.1,22.8,32.7,37.4
1772962001.2505383,15.5,8.2,8.2,12.0,13.1,4.1,13.1,13.1,27.3,22.4,19.0,25.5,6.1,5.2,8.2,26.7,23.2,24.0,17.3,14.3,26.5,17.2,16.3,5.1,7.1,8.2,26.7,23.2,20.2,30.3,17.2,14.3,23.5,19.4,16.2,8.2,24.0,19.4,24.2,25.0,6.1,6.1,13.3,24.2,21.0,16.2,25.0,10.2,24.5,40.0,28.0,21.4,25.3,38.0
1772962002.2506106,11.5,10.1,10.1,10.3,9.1,11.1,10.2,7.1,14.3,18.0,9.2,14.0,12.1,14.0,18.8,25.3,20.2,18.2,21.2,9.1,27.0,7.1,12.2,9.0,13.1,12.0,26.5,19.2,31.3,32.7,13.3,13.1,11.0,28.0,28.3,15.0,22.8,18.2,3.0,26.0,8.2,7.1,11.0,26.0,9.2,26.0,28.0,16.2,28.3,26.0,27.0,17.0,18.6,37.4
1772962003.2520049,26.7,14.0,13.3,5.0,14.0,11.0,11.2,9.2,13.9,11.1,11.2,19.2,23.2,20.0,10.2,22.2,20.4,33.0,9.2,8.1,32.3,19.4,16.8,11.2,11.2,7.1,21.2,19.4,24.0,10.2,21.0,12.9,7.1,24.2,21.2,19.4,20.4,22.8,10.3,26.3,10.0,7.1,31.0,22.0,10.1,22.2,27.0,17.0,36.6,31.6,25.3,6.1,30.7,34.0
1772962004.2564454,18.2,18.8,19.8,17.0,13.1,7.2,27.0,24.2,10.3,11.0,17.8,16.3,17.0,11.1,25.0,16.8,19.8,19.8,8.0,7.0,38.2,35.3,19.0,12.0,17.8,4.0,19.0,16.2,26.7,12.0,18.2,20.2,29.0,29.7,11.0,7.0,29.4,28.0,29.4,21.6,14.1,11.1,25.0,19.2,10.2,27.7,28.0,15.0,32.0,23.8,36.6,34.7,23.2,38.6
1772962005.2571926,9.4,9.3,16.2,16.3,13.3,9.1,13.1,9.2,10.2,8.2,22.2,18.4,5.2,9.0,24.2,14.1,34.3,18.2,13.0,14.1,21.0,31.3,9.3,6.1,13.1,9.0,23.0,28.0,28.6,9.1,21.4,31.3,11.1,22.2,19.6,14.4,16.2,13.4,17.2,35.0,23.2,13.1,29.7,8.2,36.4,28.3,15.2,19.2,20.8,38.4,32.0,33.0,15.0,31.0
1772962006.2572758,11.3,8.1,10.2,5.1,13.3,11.0,8.2,6.1,16.3,15.5,15.3,8.1,12.1,9.3,16.3,19.2,27.3,20.2,11.3,8.2,35.4,24.2,6.1,2.0,7.1,7.2,19.4,17.0,17.0,15.3,23.2,25.3,28.6,28.3,13.1,9.1,18.4,14.1,35.4,17.3,15.2,14.4,19.4,16.0,15.2,19.2,10.3,29.0,50.5,53.0,29.6,19.4,28.3,40.4
1772962007.2576268,10.4,13.1,13.1,12.2,23.2,20.4,17.2,24.0,15.2,17.3,10.0,15.3,25.8,22.2,31.0,29.0,29.3,25.5,11.1,12.1,20.2,20.8,20.0,5.1,11.0,8.0,21.0,17.2,18.2,24.8,11.1,8.2,33.3,25.3,14.3,16.2,24.2,22.0,22.8,15.8,14.0,11.9,19.2,17.2,18.0,18.2,14.0,25.3,37.0,24.0,27.3,27.3,35.4,32.0
1772962008.2618227,18.2,11.1,6.1,6.1,21.0,15.2,26.3,13.0,23.0,10.9,11.0,5.0,19.0,16.0,14.1,25.0,20.0,25.0,29.3,26.0,13.1,24.2,20.2,11.0,5.1,3.1,12.2,13.0,8.0,23.2,6.1,4.0,8.0,22.0,22.0,20.2,19.8,16.0,15.0,26.0,18.2,10.1,23.5,16.0,17.2,22.0,20.0,28.4,37.6,55.0,9.1,28.4,27.7,46.5
1772962009.2677455,16.0,12.0,12.0,15.0,24.2,21.8,21.2,18.4,7.1,21.2,11.2,8.1,5.0,6.2,14.9,23.0,27.0,21.6,12.0,11.9,7.1,23.0,15.0,16.0,9.1,15.8,22.0,25.3,15.2,19.0,22.4,8.0,17.2,25.0,26.0,27.6,19.0,16.0,28.3,23.2,14.7,15.2,21.2,27.5,18.0,27.0,10.0,25.7,57.0,25.0,17.0,27.3,19.0,27.3
1772962010.269205,24.2,18.0,25.3,14.0,22.4,27.0,17.2,15.2,22.2,32.0,13.3,14.3,17.3,11.8,18.4,24.2,21.0,15.3,15.8,10.1,8.1,7.1,30.3,30.6,6.1,6.0,21.4,33.3,27.3,34.3,19.2,10.1,34.0,31.0,13.3,7.1,21.2,18.2,16.3,14.1,9.3,7.0,29.6,28.0,19.0,25.3,40.0,32.7,26.5,24.0,7.1,19.8,27.3,34.7
1772962011.2695367,12.5,9.2,33.7,41.4,30.3,35.7,10.1,11.1,19.2,11.2,20.2,24.2,14.3,14.3,22.4,31.0,14.3,25.0,17.2,11.1,8.2,14.3,15.5,9.2,16.2,8.2,29.6,21.4,16.2,32.3,18.0,12.1,36.0,28.6,10.0,11.1,18.4,20.0,6.1,5.1,13.3,15.5,18.0,19.2,27.0,21.2,16.2,23.2,14.1,11.2,19.2,15.2,33.3,28.3
1772962012.2699509,8.2,6.1,29.0,23.2,39.8,20.2,14.4,8.1,24.5,27.3,22.4,20.0,10.1,11.2,28.3,26.7,14.3,19.6,5.2,14.3,11.2,8.1,14.0,19.0,26.5,19.0,27.7,23.0,32.0,40.0,18.2,9.2,31.6,32.7,16.3,6.1,16.2,19.6,15.3,13.0,27.0,18.0,27.0,16.0,14.4,17.8,24.5,23.0,20.0,21.2,22.0,18.4,14.3,15.6
1772962013.272922,23.5,7.1,25.0,30.3,45.5,38.4,12.2,8.2,12.2,14.0,13.0,16.2,9.1,10.2,27.0,10.1,21.6,24.0,7.0,19.0,13.9,7.1,7.2,6.1,17.2,11.3,17.5,29.1,23.8,25.0,8.1,6.0,49.5,47.5,16.0,15.8,20.2,17.2,18.0,14.1,18.4,13.0,22.0,12.4,7.1,17.2,12.1,23.0,19.4,8.1,26.7,30.0,23.2,35.0
1772962014.2730105,19.8,20.2,28.0,27.0,29.0,18.2,19.2,18.2,20.2,19.2,12.4,23.5,13.3,8.2,24.2,14.1,15.2,14.0,13.3,10.2,26.8,26.3,13.3,8.1,19.2,19.4,26.3,31.3,11.3,20.2,9.2,5.1,31.3,37.4,15.3,10.1,21.2,24.0,7.1,5.1,11.9,9.0,8.1,9.1,11.3,9.2,23.0,17.3,17.3,12.5,14.3,13.1,24.2,22.2
1772962015.2738466,14.6,17.8,27.6,21.2,29.3,12.1,18.0,10.2,29.3,27.7,20.0,23.2,9.1,5.9,10.1,8.1,4.1,5.1,19.2,20.0,25.0,11.1,15.8,12.0,9.1,14.0,10.1,6.1,15.3,26.0,9.2,5.1,26.0,12.9,6.1,15.0,15.3,20.0,14.1,18.2,6.2,13.3,5.1,6.1,11.1,6.1,14.1,13.0,9.1,6.0,4.0,9.1,11.0,11.2
1772962016.2748656,18.7,23.5,23.2,24.0,28.3,26.3,18.2,12.2,14.1,18.4,17.0,12.0,14.1,10.1,10.0,16.0,9.9,10.1,7.1,15.2,24.2,26.7,8.2,7.1,9.1,9.1,12.1,15.2,27.5,41.4,22.0,9.2,30.6,19.0,20.4,11.2,19.0,33.3,21.8,14.3,14.9,17.5,7.1,20.2,7.1,5.0,9.1,23.2,17.2,8.2,20.2,23.0,5.1,26.0
1772962017.2751963,16.7,10.1,15.3,27.0,20.2,35.7,9.1,9.0,9.3,7.1,17.0,17.3,10.1,6.1,24.0,21.2,21.2,6.1,10.0,9.2,19.6,14.4,9.4,8.1,15.5,10.2,12.1,7.1,44.3,37.0,8.1,8.2,31.3,31.3,30.0,22.2,11.3,7.2,17.2,12.9,27.0,20.0,18.0,9.0,16.2,9.1,13.0,31.7,33.3,15.0,36.0,37.4,14.1,22.2
1772962018.2758398,21.4,16.0,20.4,7.1,30.3,35.6,24.2,5.1,17.2,3.0,10.0,8.0,8.0,7.1,21.2,25.0,12.1,7.1,15.2,9.1,7.1,6.0,6.1,4.0,16.0,16.0,8.1,5.1,22.0,37.0,27.3,20.0,22.0,30.0,13.1,5.1,17.2,11.0,13.0,16.2,20.4,22.2,36.3,22.2,10.2,4.1,10.0,23.0,35.4,18.2,35.0,21.0,17.2,22.2
1772962019.2786593,43.9,39.2,22.2,18.8,28.3,24.0,8.4,14.3,11.1,8.2,30.3,32.3,22.4,15.0,26.7,24.2,10.3,6.1,12.0,5.2,14.1,15.0,14.3,25.0,18.4,16.2,18.2,14.0,25.5,38.0,8.2,9.2,33.0,33.3,10.1,26.0,27.6,29.3,8.2,11.2,4.0,8.2,21.4,42.6,17.2,10.1,31.0,16.2,33.7,28.7,21.0,26.0,22.2,7.1
1772962020.2803583,20.4,16.2,30.0,23.2,22.0,20.0,3.0,18.2,15.8,9.2,18.8,14.9,21.2,22.0,22.2,10.1,16.0,13.0,14.3,8.0,22.4,17.8,14.0,6.1,17.6,13.0,17.6,9.0,29.0,41.0,12.1,6.0,37.6,43.1,16.3,12.1,20.8,20.0,6.1,4.1,13.0,8.2,20.8,29.0,8.1,7.8,16.0,21.8,43.6,34.3,20.4,32.0,34.0,11.0
1772962021.282025,15.5,17.3,15.2,24.7,20.2,16.2,5.2,10.2,8.4,6.2,14.9,15.6,35.1,26.5,36.4,13.3,21.4,12.2,19.2,14.3,27.3,24.2,9.2,14.1,9.4,13.5,26.5,22.4,43.9,26.3,11.5,12.4,40.2,51.0,22.4,24.0,15.3,20.4,23.2,9.2,6.2,7.1,14.3,22.2,13.4,14.3,17.5,19.2,52.5,41.0,34.3,32.7,37.4,36.4
1772962022.2823265,17.3,11.2,10.4,23.5,18.2,8.1,24.2,6.0,13.1,19.2,18.2,18.0,14.0,19.2,13.1,8.1,12.4,14.1,18.8,18.2,16.2,22.2,10.2,8.1,10.1,9.0,13.1,11.0,38.4,43.4,26.7,18.4,45.5,39.0,6.1,5.1,25.3,23.8,13.1,9.1,9.2,10.1,14.3,12.1,26.3,16.3,11.1,7.1,24.0,21.6,35.0,33.0,6.1,8.2
1772962023.283758,30.6,13.0,41.2,28.6,27.3,20.0,14.1,15.0,15.5,16.2,9.3,11.0,22.0,24.8,14.3,2.0,10.2,5.1,10.1,14.1,23.0,31.0,18.0,15.2,16.3,6.1,11.2,34.7,34.3,23.0,16.2,18.6,46.0,48.5,7.2,4.0,25.3,21.4,6.1,11.0,13.9,10.2,21.4,33.3,12.2,13.1,23.2,21.2,19.2,22.2,13.1,14.1,12.0,6.1
1772962024.2859645,17.6,9.2,18.4,23.2,21.2,15.3,24.2,15.2,10.0,6.1,10.1,3.0,20.2,27.0,17.2,8.1,15.0,12.1,10.2,3.1,16.2,26.3,11.2,8.1,10.2,23.0,27.0,25.3,19.0,19.0,9.0,12.2,41.4,43.6,16.2,10.2,16.2,18.0,15.0,8.1,37.6,27.0,5.1,6.1,32.0,21.2,19.8,11.1,20.0,20.2,15.0,12.2,22.0,19.0
1772962025.2870822,10.3,9.2,34.0,25.0,8.2,12.1,6.1,18.4,11.2,4.1,10.2,5.1,24.2,18.2,16.3,13.0,18.4,18.8,12.2,3.0,25.5,27.6,13.3,18.2,31.6,18.6,35.0,16.2,37.0,29.3,8.2,11.1,39.6,35.4,18.4,20.0,21.2,16.2,13.1,9.0,32.3,36.4,21.0,23.2,28.0,16.2,19.2,14.1,20.4,20.8,11.2,16.3,21.4,25.3
1772962026.287579,9.3,8.1,25.5,29.3,19.2,17.3,19.0,16.2,10.9,16.0,9.0,10.0,33.0,40.0,12.0,14.3,11.1,12.4,12.1,11.2,28.0,22.2,27.3,21.4,14.0,10.0,25.0,23.5,13.0,19.0,15.3,12.1,16.2,26.3,19.2,14.1,23.5,20.4,6.2,1.0,12.2,17.0,13.3,12.1,16.8,16.2,13.3,12.0,19.0,15.0,19.2,18.2,20.0,35.0
1772962027.2887974,13.9,9.0,21.0,12.2,18.8,12.4,21.4,19.8,10.2,7.0,6.1,23.0,36.0,36.0,15.2,10.1,10.0,3.0,17.2,15.0,16.8,13.0,9.1,9.1,10.1,11.1,10.1,21.0,9.1,2.0,17.8,6.0,20.2,15.8,6.1,5.0,21.0,20.8,11.1,2.0,21.8,16.8,14.0,6.1,23.2,10.0,15.0,9.2,30.0,26.0,7.9,6.1,15.2,24.0
1772962028.2892296,12.8,16.2,19.4,23.8,21.4,38.6,37.6,26.3,15.2,5.2,15.3,21.4,25.5,23.2,22.0,13.0,16.5,16.0,16.2,8.1,38.0,40.0,6.2,3.0,5.1,4.0,10.3,17.8,25.3,8.2,10.3,11.0,12.2,12.2,9.2,6.1,24.2,17.3,18.8,6.1,21.2,6.1,28.0,10.1,18.2,24.0,15.0,12.1,26.7,26.3,9.2,5.0,11.1,7.1
1772962029.2895253,16.5,9.1,37.0,31.0,29.3,19.2,27.6,11.3,14.3,8.2,19.2,18.0,26.7,23.2,9.2,5.1,17.0,7.1,7.1,5.1,28.6,23.5,26.7,13.1,24.5,11.1,34.0,31.6,27.0,7.0,16.2,13.3,30.3,31.0,20.2,19.2,19.2,17.2,19.6,6.2,28.0,17.2,9.0,9.2,13.0,29.0,9.1,7.1,21.6,18.4,18.2,11.2,18.4,14.3
1772962030.2905893,16.5,8.1,44.0,34.7,37.4,21.2,21.4,25.3,18.0,18.4,20.0,8.1,15.5,28.0,10.1,11.1,10.1,4.1,24.7,16.2,29.3,33.0,31.3,15.5,16.2,16.2,32.0,36.4,27.0,18.4,10.1,8.1,42.0,9.1,25.7,11.2,32.7,20.4,17.0,17.3,5.2,21.4,7.2,8.0,14.4,20.4,8.2,7.1,41.0,31.0,15.3,22.0,22.0,31.0
1772962031.2952468,17.5,22.0,15.5,34.0,30.3,15.2,13.3,11.1,21.0,11.9,9.1,10.1,25.0,18.2,6.2,3.1,21.0,9.8,11.2,7.9,22.0,12.1,13.3,10.0,12.1,13.0,28.3,7.0,15.0,27.7,11.0,5.0,40.0,19.0,14.1,15.0,42.0,33.0,13.3,15.3,8.0,24.0,13.4,20.0,21.0,16.0,13.0,14.4,29.3,27.7,18.8,22.4,24.2,12.2
1772962032.2990785,20.8,20.2,12.5,35.0,21.2,29.3,5.1,5.1,16.0,8.1,21.0,22.2,30.0,32.3,12.9,10.0,20.2,2.1,15.0,26.5,32.3,25.3,24.8,18.0,18.2,9.0,25.0,3.1,25.3,11.1,18.4,11.2,32.4,25.7,7.1,4.1,29.7,29.0,14.1,6.9,35.4,43.1,20.8,24.2,19.6,19.8,13.1,8.1,8.0,8.1,14.1,11.0,29.0,8.1
1772962033.301205,11.1,4.1,34.7,49.0,20.2,39.6,12.0,9.0,13.1,7.1,22.2,18.2,32.7,15.8,13.1,13.0,7.0,7.0,14.7,14.0,22.0,22.8,9.3,11.0,13.1,11.2,22.2,3.1,23.0,22.0,9.0,6.0,19.4,35.0,22.0,3.0,17.2,19.8,14.1,13.1,30.0,19.2,17.2,19.2,20.0,25.3,13.1,15.0,14.1,10.1,19.4,19.0,12.1,25.7
1772962034.301301,13.5,6.0,45.5,33.3,11.1,40.0,12.4,6.1,17.2,10.1,19.4,17.2,28.3,18.2,23.2,20.2,19.6,9.1,7.1,10.3,34.0,28.3,12.0,8.2,12.1,10.2,24.0,13.7,20.2,12.2,11.2,10.2,19.2,16.0,14.1,7.2,10.4,32.7,9.1,3.1,25.3,9.1,15.3,11.3,18.4,18.2,19.2,23.2,11.2,12.0,9.2,9.2,9.1,16.3
1772962035.3037431,16.0,8.1,25.3,26.0,13.3,38.6,7.0,5.0,19.8,8.9,8.0,5.0,24.8,22.8,20.0,11.8,21.0,5.0,22.0,16.8,10.1,14.0,13.0,11.1,27.7,22.8,17.2,29.0,12.0,9.0,6.0,12.1,13.7,7.1,25.5,6.9,34.3,30.0,22.0,19.0,22.0,7.9,13.0,13.9,38.2,23.0,20.8,10.1,22.3,19.8,15.7,14.9,18.0,12.0
1772962036.3046653,8.3,8.2,32.0,13.1,22.4,32.7,22.4,10.2,28.9,16.3,10.2,4.1,35.7,33.0,9.2,5.2,21.2,13.4,15.5,20.4,9.2,15.2,26.5,27.6,34.0,19.6,13.3,23.7,20.2,23.2,17.5,4.1,15.5,9.1,18.4,14.3,28.3,18.4,30.6,21.0,17.0,14.4,11.2,6.1,25.5,6.1,9.2,6.1,21.6,22.2,15.3,10.1,9.3,12.5
1772962037.3051639,26.0,19.2,27.3,26.0,20.2,36.6,16.3,13.3,29.6,21.2,11.2,13.1,39.4,28.3,13.1,9.1,13.4,10.9,15.2,12.1,18.2,12.1,27.0,26.0,31.4,25.0,19.4,12.1,30.3,27.3,18.0,11.2,16.3,26.0,16.2,13.0,30.3,38.4,35.4,19.4,20.4,10.2,10.2,12.1,15.2,13.1,14.0,9.1,15.2,11.6,11.2,6.2,7.0,14.1
1772962038.305336,14.6,11.3,25.0,16.3,24.5,8.2,10.2,9.2,38.4,23.5,26.0,17.0,10.2,28.7,19.2,8.1,21.2,16.3,15.5,28.3,12.2,4.0,35.4,44.0,24.0,8.2,10.3,3.1,34.0,13.3,14.3,28.7,18.2,21.4,23.5,12.1,19.4,33.3,13.1,11.2,4.0,17.3,19.2,9.1,17.2,11.1,28.3,14.1,15.2,11.2,13.9,19.0,11.1,8.1
1772962039.3083818,13.4,11.0,10.1,16.8,24.8,18.0,13.0,9.1,22.0,37.0,20.2,15.2,17.0,6.1,9.3,6.1,17.3,19.0,17.6,15.2,15.0,9.2,41.6,45.5,21.4,22.0,12.0,8.1,24.2,10.0,9.9,10.1,12.9,16.8,17.2,21.4,17.0,17.8,23.0,10.1,14.1,27.7,25.0,6.1,13.1,10.1,22.2,25.3,21.8,12.0,17.0,29.3,3.1,4.1
1772962040.3098462,19.4,12.2,8.2,5.1,19.4,16.0,13.3,17.8,16.3,18.8,6.1,6.0,12.2,15.3,14.9,11.0,15.2,15.2,23.8,12.7,11.0,9.1,37.0,39.0,6.1,23.2,11.0,12.1,14.0,13.1,10.2,9.1,11.2,23.5,26.0,32.7,14.1,15.3,11.2,12.2,36.6,25.0,16.3,8.9,19.0,7.1,28.7,10.1,26.0,15.0,18.4,13.3,12.2,7.1
1772962041.3111782,20.4,15.0,10.1,6.1,15.0,12.2,19.0,12.2,24.8,29.3,11.2,4.0,25.3,4.0,10.2,14.3,16.3,13.1,27.3,10.3,14.1,13.1,41.0,33.7,12.2,10.0,8.2,5.1,14.1,14.0,11.1,7.1,14.1,17.0,30.0,31.3,23.5,25.5,27.6,15.3,31.3,28.0,21.8,3.0,9.1,5.1,20.4,12.1,16.2,14.3,18.4,13.3,12.0,8.1
1772962042.3118815,23.7,19.0,24.0,24.2,11.3,11.0,23.7,25.5,40.8,36.0,11.0,8.2,28.0,20.2,12.1,8.0,11.1,5.1,24.5,8.0,9.2,8.0,45.0,31.3,31.0,5.1,7.0,11.1,21.4,9.1,6.2,7.1,28.9,24.2,37.0,18.2,16.0,30.7,23.5,20.2,28.6,38.4,16.0,19.0,20.6,28.3,31.6,33.0,17.3,12.1,18.4,14.1,17.2,20.0
1772962043.312051,13.7,4.1,11.1,7.2,26.0,20.0,22.2,21.2,16.5,20.4,9.3,4.1,15.5,23.2,16.8,14.4,33.0,13.4,19.2,16.2,24.0,10.3,44.4,44.0,31.0,14.0,26.5,13.1,23.8,13.1,12.0,12.2,12.2,12.1,33.7,33.7,22.4,17.2,14.1,5.2,32.3,35.0,19.4,11.0,25.0,12.1,21.2,19.4,9.1,8.1,16.2,17.3,13.0,11.1
1772962044.3134665,19.4,8.2,13.5,17.0,15.3,9.0,15.2,21.0,45.5,4.0,15.2,7.1,11.0,27.7,16.3,11.9,22.2,18.8,8.2,20.8,24.0,4.0,55.4,51.0,25.7,7.1,12.1,10.0,11.1,11.1,4.1,7.1,11.3,11.9,29.0,41.0,16.3,16.2,19.2,21.2,35.4,17.2,17.2,11.2,8.1,9.1,14.0,39.6,12.2,11.1,16.5,19.6,9.0,14.3
1772962045.3142757,16.7,21.2,8.1,5.1,11.2,8.1,36.0,41.0,49.5,23.5,8.2,13.0,24.2,9.5,14.3,10.3,18.6,15.6,10.9,28.6,14.6,5.1,30.3,43.6,21.0,27.3,13.1,3.1,24.5,25.3,11.2,12.2,20.2,14.3,31.7,39.0,9.9,17.8,14.3,10.0,27.3,31.6,13.3,7.1,9.2,14.3,38.0,38.0,20.4,16.5,22.4,21.0,12.1,13.0
1772962046.3152475,32.7,18.6,15.2,5.1,17.2,4.1,25.8,28.0,44.4,24.0,12.2,13.3,9.0,17.0,13.0,11.0,17.2,19.8,8.2,22.0,29.3,26.0,61.0,44.0,19.4,26.0,7.1,6.1,33.3,13.3,27.0,15.2,5.0,7.1,29.0,29.0,13.3,19.2,27.3,14.4,34.0,25.7,13.1,8.1,6.1,7.1,31.0,44.0,14.1,16.3,10.0,7.1,10.1,7.2
1772962047.31577,32.0,37.6,18.6,5.1,7.1,5.1,18.2,20.0,29.3,26.0,18.8,10.0,14.4,5.1,14.1,14.0,19.8,22.4,17.0,12.1,35.0,23.2,26.0,45.5,22.0,21.0,9.2,2.0,27.7,4.0,11.1,12.2,8.2,4.1,15.0,20.4,17.0,13.0,7.9,8.9,37.6,25.3,9.2,5.0,13.0,10.1,36.4,35.0,12.2,14.0,11.0,8.1,9.1,8.0
1772962048.317608,22.9,15.0,10.1,16.0,11.1,9.0,15.3,12.2,24.0,28.3,3.1,5.1,10.1,6.1,6.1,7.0,8.0,5.1,32.0,22.2,12.0,18.0,29.3,42.6,3.1,6.1,11.0,8.1,24.8,13.3,13.0,14.1,4.0,5.0,12.1,11.9,16.0,1.0,14.3,11.0,49.0,35.0,11.1,3.0,18.6,13.0,31.0,31.3,16.3,16.2,12.0,11.1,10.2,7.1
1772962049.322009,30.6,18.2,11.5,16.3,15.2,6.1,20.8,21.8,20.2,18.2,14.3,16.0,7.1,4.0,4.0,7.2,10.1,8.1,29.7,17.8,23.2,21.2,46.0,56.0,15.0,9.1,26.0,17.2,24.0,10.0,14.3,16.2,19.2,16.2,20.2,21.0,13.1,11.0,9.1,12.1,49.0,48.5,11.1,5.1,15.0,8.2,41.4,22.8,15.8,20.4,32.3,14.3,9.2,8.1
1772962050.322821,16.8,3.1,15.3,16.0,13.3,12.2,22.4,10.3,20.2,28.0,18.0,11.2,11.1,5.2,9.1,8.1,18.0,12.1,27.6,37.4,14.1,23.2,51.0,45.5,14.1,6.1,12.5,15.2,18.6,18.2,22.8,13.0,12.4,21.2,19.0,22.2,14.3,7.2,7.1,18.0,30.3,40.0,17.8,17.2,13.1,13.7,19.2,31.0,20.6,13.1,35.4,32.4,17.2,9.1
1772962051.329672,25.5,21.0,24.5,16.2,8.2,7.0,18.2,12.0,15.2,18.2,6.1,7.1,20.0,14.1,25.0,10.3,15.3,15.0,24.2,20.2,21.2,24.0,32.0,26.0,27.3,19.2,16.8,20.8,13.0,7.0,9.0,5.1,19.2,28.0,28.3,24.0,13.3,8.1,20.6,13.3,21.8,24.0,14.4,9.1,16.2,7.0,25.0,11.1,29.0,9.3,33.3,19.8,27.3,19.0
1772962052.3310745,17.3,36.0,15.3,13.3,18.0,2.1,16.3,22.0,27.3,22.2,18.0,9.0,9.3,13.1,13.3,6.1,26.3,31.3,13.0,15.2,31.3,29.6,25.0,10.0,20.8,23.2,10.1,24.0,25.0,14.0,12.2,3.1,24.0,29.3,23.2,13.3,12.2,8.1,11.3,8.2,32.3,43.9,17.0,12.1,5.1,8.2,10.1,10.0,21.0,13.0,27.7,14.1,24.2,27.3
1772962053.331774,20.2,40.0,27.3,9.0,11.1,8.9,18.8,13.1,36.0,20.2,14.1,12.1,6.0,13.0,15.2,23.0,33.7,35.0,6.1,3.0,15.3,13.3,9.2,4.1,21.2,17.3,7.2,24.0,6.1,2.0,15.3,13.1,22.0,20.0,25.5,21.2,8.1,12.1,14.1,19.0,40.0,50.0,18.2,5.1,10.1,3.1,14.3,8.2,18.2,2.0,17.0,5.1,14.3,18.2
1772962054.3318648,21.1,39.8,9.2,11.1,17.5,21.4,20.8,19.2,39.4,22.0,20.4,19.2,12.2,15.3,6.0,10.2,18.2,11.3,12.1,12.2,28.3,24.8,8.1,4.0,31.6,33.3,19.0,29.3,6.2,10.1,6.1,3.0,21.2,16.0,26.0,18.2,17.3,10.3,11.1,10.1,32.3,37.6,7.1,4.0,11.1,4.0,19.0,18.0,13.1,33.3,12.2,28.3,17.8,3.0
1772962055.3324075,19.2,35.3,9.0,7.1,12.0,17.0,27.7,29.7,27.3,16.2,8.1,3.1,11.9,8.1,18.0,7.9,15.8,18.2,3.1,13.1,17.2,13.3,10.1,15.2,34.3,32.7,13.1,33.0,11.9,7.1,5.2,7.1,19.2,26.0,30.0,23.0,20.2,14.3,15.2,18.0,47.1,37.4,6.1,4.0,11.0,4.2,13.1,6.1,21.0,26.0,32.7,32.0,5.1,13.3
1772962056.3380291,14.4,11.1,7.1,7.1,9.1,10.1,19.2,17.3,38.2,24.0,29.0,20.2,19.2,15.0,19.2,11.2,22.4,20.2,6.1,7.0,17.0,15.2,12.2,16.8,25.3,23.0,18.8,19.8,12.1,21.2,21.8,18.0,37.6,22.0,9.1,11.2,20.0,12.2,18.0,9.1,48.5,42.2,20.2,12.1,4.1,6.0,30.0,25.0,11.2,13.1,21.0,28.0,14.1,16.8
1772962057.3396392,25.5,17.3,10.0,4.0,6.1,4.0,17.2,15.2,22.0,5.9,15.2,7.1,4.0,10.0,17.0,11.0,16.2,12.9,6.0,7.1,40.0,12.0,9.0,5.1,29.0,11.9,21.2,12.0,9.1,12.0,16.2,21.0,26.0,29.4,6.1,4.0,6.0,17.8,16.0,8.0,25.7,36.6,17.0,20.8,21.8,4.0,32.7,25.3,1.0,6.1,13.1,19.8,14.9,23.2
1772962058.3403618,37.1,15.5,23.5,18.2,5.2,18.6,15.0,8.1,21.4,17.3,13.1,19.2,8.2,5.1,22.2,15.3,25.0,23.5,8.2,9.0,52.0,33.0,24.2,26.0,39.2,20.4,29.3,16.2,16.2,5.1,11.1,9.3,24.2,24.5,15.3,13.1,15.5,7.1,14.3,9.1,40.8,49.0,21.6,25.5,26.3,15.3,28.6,24.0,12.2,7.3,31.6,15.2,19.4,17.2
1772962059.3404486,24.2,24.2,6.2,5.2,18.2,11.2,19.4,14.3,7.1,7.1,16.3,13.4,18.4,20.4,13.3,14.4,20.0,15.3,16.7,33.0,55.0,35.4,24.2,19.6,28.6,21.4,21.0,25.0,30.6,9.1,18.2,18.0,33.3,25.3,11.2,19.2,8.2,9.0,18.4,10.2,33.0,25.0,26.0,20.0,16.2,11.0,14.1,13.3,12.1,10.0,36.0,19.4,16.2,29.7
1772962060.3405335,8.5,27.0,14.3,12.1,10.2,13.1,8.2,3.0,8.2,5.1,5.0,13.3,9.0,11.1,12.0,18.0,33.7,30.3,6.2,11.0,36.4,36.0,13.3,11.1,18.2,26.7,26.0,16.0,15.0,16.0,21.4,17.3,52.5,45.5,6.2,10.3,10.3,4.1,32.7,28.3,30.7,38.6,14.0,16.3,17.2,11.0,23.5,23.2,4.0,9.2,6.1,3.1,26.3,24.0
1772962061.3445086,16.8,28.0,13.0,9.0,15.8,10.0,7.0,6.1,18.4,5.1,12.1,12.9,9.2,10.0,7.0,8.1,16.3,14.0,6.1,15.3,28.7,36.6,10.9,8.9,25.5,27.0,19.2,12.0,12.1,3.0,15.0,14.3,52.5,41.6,17.0,14.7,24.0,20.0,37.0,36.4,39.4,39.0,12.4,6.0,17.0,14.1,29.7,33.3,18.2,12.1,6.1,5.0,30.3,23.2
1772962062.3450139,24.0,30.3,5.2,8.2,16.2,9.2,20.4,14.1,32.0,25.5,14.1,12.1,9.0,12.0,9.2,9.1,22.2,17.2,10.1,13.3,48.0,27.7,8.2,9.3,24.2,20.2,22.8,28.0,9.3,9.1,30.0,28.0,60.6,50.5,18.2,22.4,12.2,11.0,44.4,51.0,32.0,20.0,13.3,10.0,7.1,12.1,25.3,27.7,12.0,14.1,21.4,19.8,29.0,25.5
1772962063.3465984,22.4,13.0,7.1,5.2,11.2,10.0,27.3,24.5,17.3,26.7,17.3,20.0,20.4,12.1,9.4,7.1,29.3,22.0,7.1,8.0,30.6,14.4,9.2,8.1,23.0,14.9,32.0,17.0,6.0,2.0,21.2,15.3,36.6,15.2,5.1,7.0,15.0,9.1,29.0,23.2,23.0,24.0,13.0,18.2,11.1,11.1,21.2,23.0,7.0,7.1,24.2,19.6,12.1,26.3
1772962064.3520367,27.7,10.1,11.2,7.1,14.1,11.2,13.1,9.1,24.0,15.2,29.7,20.2,26.3,33.0,12.1,4.0,21.0,16.2,9.2,6.1,23.8,11.0,16.8,17.2,26.5,22.4,24.8,19.0,25.7,14.0,21.2,14.0,27.0,17.3,14.1,17.2,10.8,13.0,32.0,25.3,32.0,37.6,11.0,4.0,4.1,5.0,18.2,18.4,22.2,20.6,28.4,20.0,12.0,13.1
1772962065.3551097,8.2,18.2,13.1,11.2,17.2,6.1,11.2,6.1,18.2,14.9,12.1,8.1,16.8,20.8,14.9,15.0,19.0,15.2,24.5,15.7,28.0,34.0,17.3,13.3,21.0,15.0,26.0,17.2,18.4,17.3,17.3,15.0,29.3,20.0,15.2,15.0,11.1,17.0,23.0,30.3,24.7,27.6,16.2,17.2,23.5,6.1,28.0,31.0,19.2,19.2,12.0,20.2,24.0,7.1
1772962066.3559358,16.8,36.0,17.3,15.2,9.2,7.0,9.1,4.1,16.5,17.2,7.0,5.1,14.1,16.2,23.7,24.2,19.4,26.3,16.5,20.4,25.7,22.2,22.2,7.1,17.0,10.2,7.1,5.1,21.4,24.2,45.5,47.0,27.0,13.0,23.2,26.3,9.2,8.2,26.8,31.3,22.8,23.8,19.0,13.0,14.3,14.1,17.0,20.0,29.3,15.5,12.0,12.1,16.0,7.1
1772962067.3561127,11.2,23.2,13.4,10.2,16.0,14.3,14.4,4.1,14.3,5.1,16.0,10.3,16.3,20.4,10.2,15.3,24.5,16.2,31.6,27.3,46.5,55.4,7.2,11.2,9.2,10.2,12.2,6.1,11.1,20.6,40.0,43.3,26.3,15.0,29.7,14.4,13.4,8.1,40.0,47.0,26.7,30.9,10.2,11.0,7.1,5.2,27.3,14.0,21.2,6.0,11.3,18.4,13.0,8.2
1772962068.3561985,28.6,31.3,14.4,9.3,15.3,8.1,23.8,18.2,12.1,6.1,15.5,13.1,25.0,8.1,5.2,7.1,20.4,20.2,34.3,27.6,24.5,25.0,14.1,14.4,8.2,8.0,14.1,10.1,19.8,20.0,39.0,23.8,24.2,10.3,26.8,13.1,22.0,10.2,41.0,46.5,22.4,31.3,19.2,10.1,11.2,15.2,25.0,25.3,41.0,19.6,17.2,24.0,5.1,6.1
1772962069.3599522,27.8,31.3,13.1,5.0,27.3,12.9,11.2,10.9,8.2,14.1,7.1,7.1,22.4,24.2,20.6,24.0,22.2,19.0,19.0,20.2,29.0,20.0,18.2,29.4,10.0,6.1,10.1,23.8,17.3,12.1,39.6,14.1,19.4,18.8,24.0,11.1,13.3,15.3,36.6,34.0,16.2,20.2,14.0,9.3,18.4,10.0,21.2,23.0,27.0,8.0,19.2,23.2,13.1,4.1
1772962070.3600373,29.9,36.0,17.3,22.0,13.1,15.3,17.2,19.2,10.0,6.1,22.2,34.0,19.0,23.0,14.3,14.0,16.0,14.3,6.1,4.0,29.0,28.3,25.7,25.3,16.5,9.2,9.2,16.3,7.1,6.1,24.5,24.0,15.0,15.3,13.1,16.2,19.6,11.1,52.0,49.0,11.5,13.1,22.0,12.1,15.3,14.3,15.2,17.2,14.1,23.7,17.0,27.3,14.1,12.9
1772962071.3629935,25.8,21.4,12.1,24.2,26.3,22.2,16.0,15.2,5.1,7.1,27.3,18.2,13.1,24.0,8.2,9.0,16.2,15.0,24.0,19.2,25.3,22.0,29.7,15.2,20.0,10.2,10.0,13.9,9.0,10.0,30.0,35.4,8.1,10.1,11.1,11.0,13.4,8.2,47.0,48.5,34.0,20.0,18.2,15.2,9.2,14.1,16.0,7.0,16.3,23.2,13.3,20.8,11.1,16.3
1772962072.3642538,32.3,10.0,13.0,7.1,30.0,18.2,11.1,7.0,7.1,4.0,26.0,15.2,23.0,9.0,6.0,3.1,23.5,21.0,12.0,10.0,6.1,8.1,26.5,23.0,11.1,15.0,30.6,24.2,26.0,15.3,31.7,30.0,23.0,22.2,13.9,8.0,12.2,5.0,14.3,22.8,26.3,24.0,17.2,13.9,16.2,10.1,11.1,7.1,8.1,22.5,27.7,20.2,19.4,11.1
1772962073.3655035,22.9,30.3,10.2,7.0,22.4,14.1,18.2,10.1,12.1,17.2,35.4,15.0,17.2,24.0,11.3,13.1,24.2,16.5,8.3,11.1,12.2,9.1,17.5,15.2,11.2,11.2,23.2,25.3,23.5,19.0,40.4,22.8,11.1,5.1,23.2,19.4,12.4,17.2,22.2,31.3,34.3,19.2,9.0,10.1,16.5,13.1,11.2,12.1,38.8,40.4,10.1,23.8,12.1,7.2
1772962074.368677,31.2,28.0,16.0,13.1,23.8,17.8,14.0,10.0,27.5,30.7,14.0,8.0,8.2,21.0,11.1,11.9,8.1,3.1,10.2,17.2,22.0,13.9,13.0,16.8,11.0,5.9,19.8,25.0,10.1,6.0,33.7,24.5,7.1,5.0,32.3,25.7,11.1,7.1,34.7,34.7,21.4,23.0,19.0,16.8,11.1,15.3,12.1,8.2,19.2,32.3,24.2,19.0,13.0,6.0
1772962075.3723118,21.9,17.3,10.3,14.0,22.7,27.0,12.0,12.1,10.3,10.0,4.1,14.3,13.1,11.1,10.0,7.1,19.4,12.1,9.2,9.9,21.4,16.0,22.0,33.3,7.1,10.1,17.2,13.1,12.1,6.1,30.3,45.0,11.0,17.3,25.0,22.0,17.2,13.0,28.3,38.4,18.4,3.1,9.2,4.1,31.3,24.2,15.0,3.0,22.8,5.1,4.1,5.0,16.2,7.1
1772962076.3725796,24.5,12.0,7.1,9.1,15.0,3.1,3.0,4.0,8.1,12.1,22.0,24.8,7.0,6.9,13.1,22.2,25.0,25.0,11.9,10.1,9.0,13.3,26.3,25.7,19.8,27.7,10.0,10.0,4.0,4.0,27.0,41.6,12.1,18.0,18.4,24.0,12.1,7.0,14.1,36.6,16.2,16.8,9.1,7.0,25.0,30.0,20.2,5.1,21.0,5.1,7.0,6.1,21.0,12.2
1772962077.375242,10.5,21.2,16.3,9.1,17.5,7.1,3.1,4.1,12.1,14.3,18.0,22.4,18.2,13.1,10.0,10.2,19.2,21.0,3.1,19.0,9.1,8.9,39.0,15.0,20.6,21.2,12.1,18.4,8.2,10.1,42.4,36.4,11.3,8.2,5.1,14.3,16.3,13.1,13.3,29.3,21.2,12.1,20.4,23.5,23.2,25.5,5.2,10.1,6.1,28.6,14.1,13.3,18.0,22.0
1772962078.3765426,24.5,17.0,17.0,10.0,28.0,30.0,10.2,5.1,22.4,17.2,12.1,29.7,11.2,4.1,12.1,10.2,23.0,19.0,14.1,9.1,16.5,6.1,20.0,24.2,23.0,20.0,27.3,11.1,14.1,14.3,32.7,28.3,8.1,17.2,20.0,10.2,9.1,5.2,38.6,25.0,26.3,17.0,22.5,15.3,24.0,13.1,19.8,9.1,21.0,23.8,25.3,21.2,20.4,24.2
1772962079.3766868,21.2,14.0,13.3,14.4,10.3,30.0,9.1,14.0,17.5,15.3,13.1,32.0,13.3,17.2,5.1,5.1,38.6,30.3,12.0,18.0,15.2,15.2,19.8,21.2,14.1,13.1,30.6,25.0,18.4,21.0,22.4,22.2,22.2,2.0,31.6,27.0,13.1,4.0,27.3,13.3,28.0,16.2,31.3,33.0,28.0,26.0,20.4,8.9,14.1,11.1,22.4,28.3,9.2,10.1
1772962080.377228,26.8,20.2,21.2,11.1,24.5,37.6,10.1,16.5,24.2,20.0,26.0,8.0,15.3,11.0,7.1,9.2,32.0,20.2,4.1,4.1,31.0,22.2,9.2,22.2,11.2,9.1,17.2,28.9,13.1,19.8,30.0,14.3,4.0,24.2,23.5,24.2,10.2,2.0,28.3,9.0,27.3,16.2,19.2,9.1,21.4,13.3,21.4,18.2,24.7,20.2,30.3,34.0,18.8,16.2
1772962081.3776753,23.7,21.2,35.0,28.3,3.1,22.0,13.1,7.1,11.2,7.0,27.1,14.3,5.1,6.1,11.1,19.2,33.7,36.6,14.0,13.1,12.9,23.8,6.1,20.2,19.4,16.3,18.0,26.7,8.9,23.7,23.2,34.7,10.1,22.8,26.3,26.0,11.3,5.0,18.6,16.3,26.0,14.1,25.3,14.1,26.3,24.0,19.8,16.3,19.8,24.0,46.5,33.3,14.0,16.0
1772962082.378475,16.5,24.0,23.5,20.2,24.0,31.0,23.2,9.0,7.1,6.1,21.2,22.4,10.2,9.0,13.3,19.0,29.0,25.5,13.4,10.3,9.3,19.4,14.1,22.0,10.0,9.0,31.3,40.0,19.6,9.1,10.2,27.0,14.0,25.0,28.0,29.3,20.2,20.2,18.4,22.4,16.2,13.1,13.1,32.3,23.2,26.3,9.2,8.1,16.3,15.2,40.4,36.7,17.5,17.3
1772962083.3787105,11.5,3.0,17.3,10.0,15.3,7.1,12.4,4.1,9.1,3.1,9.1,9.3,20.2,11.1,30.3,23.0,16.2,29.7,12.1,13.0,22.0,15.2,15.0,9.1,19.0,8.2,35.4,29.3,11.1,12.2,14.0,25.7,14.3,23.2,26.3,30.0,11.0,7.1,28.0,31.0,9.3,5.2,13.3,26.0,21.2,15.2,8.1,6.1,14.1,5.2,41.8,41.2,18.2,11.2
1772962084.378795,32.3,13.1,8.0,6.1,21.2,22.0,15.0,11.0,10.1,13.9,12.5,5.1,14.4,2.1,21.4,23.5,29.0,22.7,13.7,28.3,13.1,9.1,6.2,3.0,21.4,20.4,30.0,13.1,12.2,7.1,16.0,18.2,35.0,25.3,24.2,24.2,18.0,25.5,10.2,9.3,22.0,15.0,0.0,19.2,31.0,19.0,7.1,6.1,13.1,5.1,21.2,43.4,7.1,9.2
1772962085.3805847,17.5,22.8,7.4,1.0,15.2,10.1,11.1,14.0,7.1,3.1,25.3,26.0,12.9,7.0,28.0,33.0,34.3,48.5,18.0,24.2,20.0,8.2,14.3,4.0,20.2,18.2,20.2,6.1,14.1,4.0,14.3,15.2,28.0,11.9,22.4,16.0,12.2,8.0,25.0,19.4,12.1,5.1,26.0,23.5,37.4,30.6,21.0,10.1,20.4,19.0,30.0,23.5,8.1,6.0
1772962086.3834484,42.3,32.0,16.2,13.3,17.0,17.0,4.1,8.2,15.0,10.1,22.4,25.7,10.2,23.5,25.5,27.7,33.3,45.0,17.3,28.7,19.4,30.7,15.2,9.1,25.3,11.1,10.0,14.3,16.0,6.1,7.1,7.1,27.5,7.1,21.0,17.3,6.1,11.1,50.5,44.0,8.1,7.1,39.4,31.3,34.3,29.3,21.2,13.1,14.1,14.1,20.0,34.7,10.2,8.2
1772962087.3835363,36.0,21.2,9.1,9.1,17.3,8.1,23.0,6.1,19.4,10.9,8.1,8.2,8.2,5.1,25.7,13.3,49.5,44.6,9.2,31.3,12.1,13.4,10.1,5.2,25.3,24.5,36.4,31.7,15.5,7.1,8.2,7.1,22.7,15.8,17.2,20.8,12.2,13.9,44.4,36.7,22.0,9.2,25.0,21.0,21.8,17.8,11.1,4.0,10.2,3.1,49.0,33.3,16.0,15.2
1772962088.3853552,18.6,22.0,15.3,10.2,9.2,2.0,14.3,9.2,15.2,10.1,20.0,13.0,16.8,13.1,34.3,28.6,61.8,48.0,15.0,9.2,10.2,16.0,21.0,18.0,24.7,10.1,29.7,18.2,21.4,14.1,15.2,14.1,20.8,26.0,19.4,21.2,16.5,6.2,12.1,14.0,7.1,8.2,51.0,26.5,27.6,16.3,18.2,9.1,9.1,4.1,41.4,27.0,21.2,21.2
1772962089.3854337,31.6,32.0,9.2,4.0,12.1,2.0,8.1,20.0,29.0,15.3,9.1,7.2,16.3,8.1,41.6,47.1,45.0,31.3,15.0,9.2,10.1,15.2,22.0,17.2,24.0,16.8,20.0,21.2,15.2,14.9,10.0,4.1,21.6,35.1,14.3,12.1,5.1,16.0,24.2,8.2,15.2,16.8,28.9,32.0,18.4,16.3,16.2,12.1,5.2,8.1,20.8,37.0,26.7,18.4
1772962090.3861985,20.2,23.0,6.1,7.0,14.4,6.2,11.2,12.0,25.3,19.2,32.3,26.3,7.1,6.1,28.6,52.0,32.0,50.0,12.2,5.1,23.0,5.1,7.2,7.2,17.8,6.3,5.1,21.2,7.0,5.2,9.2,11.0,27.3,27.3,35.0,30.6,6.1,21.2,12.0,15.3,25.5,27.3,29.7,46.0,17.3,16.3,8.2,11.0,17.3,16.8,37.0,29.6,17.2,13.0
1772962091.3981292,18.4,10.9,11.9,15.2,17.0,19.4,16.0,21.8,9.1,12.0,21.2,17.0,17.3,15.0,47.5,32.3,32.3,31.7,10.0,6.1,15.0,8.0,10.0,9.1,6.1,9.9,10.0,27.7,10.1,21.0,22.8,9.0,29.7,30.4,31.7,32.3,8.0,13.0,15.0,7.0,14.1,13.0,16.2,23.8,27.7,12.0,11.0,5.1,10.0,7.1,26.0,33.0,28.0,14.0
1772962092.3998685,17.3,16.0,18.2,23.8,11.1,9.2,16.2,17.2,12.0,10.9,10.9,5.1,19.2,24.5,42.4,17.0,17.0,25.0,28.6,9.1,9.1,9.1,12.1,9.0,9.0,9.2,16.3,26.0,16.8,8.1,11.0,12.0,22.2,16.0,36.4,42.0,15.0,6.1,16.8,12.0,17.0,10.0,19.2,19.0,29.4,28.3,10.1,8.1,6.2,5.1,30.6,36.3,20.0,18.2
1772962093.399957,11.5,13.0,16.3,5.2,14.3,18.0,21.2,16.0,12.4,18.4,20.4,23.8,22.4,29.3,48.0,18.4,38.0,33.3,8.1,11.3,11.1,12.1,12.1,12.1,5.2,5.1,15.2,13.1,9.1,9.2,25.3,6.1,5.0,4.1,27.3,31.3,17.3,18.2,4.1,7.3,12.1,15.5,23.0,14.0,15.3,24.8,25.3,10.0,10.1,8.1,24.0,28.6,16.3,33.3
1772962094.4000459,28.3,8.0,8.1,3.0,15.0,10.2,17.3,16.3,11.3,20.4,15.2,14.1,6.1,25.0,45.0,47.5,30.3,31.0,6.1,6.1,23.2,17.2,11.1,12.1,10.1,14.1,11.0,5.2,23.5,10.1,12.1,19.4,10.3,12.2,9.2,22.2,35.4,27.6,8.2,11.9,23.5,16.0,6.1,6.1,8.1,9.9,19.2,19.2,24.5,25.0,13.1,14.3,15.0,26.7
1772962095.4003143,18.6,8.1,20.2,12.2,9.1,5.0,10.1,11.0,18.8,4.0,9.3,8.2,28.7,15.2,34.0,31.0,27.3,27.0,11.0,6.0,27.7,24.8,10.1,7.9,15.2,11.2,22.8,17.2,19.8,15.2,7.1,22.0,22.2,9.2,19.0,11.1,19.2,18.0,15.2,5.1,15.8,20.0,19.0,3.0,15.2,3.1,14.1,11.1,6.2,4.1,24.2,19.8,16.3,23.0
1772962096.4013975,8.4,8.2,17.0,3.0,11.0,5.2,6.1,12.4,8.1,6.1,10.1,16.0,23.5,17.2,39.4,37.6,32.0,20.2,6.1,3.1,20.0,14.3,9.2,11.2,15.8,13.0,16.3,27.3,11.2,15.2,7.0,28.7,20.0,14.0,25.7,37.4,34.3,30.3,7.1,4.1,21.2,24.5,11.0,9.3,23.2,19.4,26.0,21.0,16.2,10.1,10.1,7.2,21.2,14.3
1772962097.4015238,16.8,9.1,11.0,4.1,13.0,13.1,16.0,14.3,9.1,8.2,9.1,11.2,29.0,16.2,46.5,43.4,15.0,28.3,10.2,5.9,21.2,14.3,9.2,3.1,22.4,25.5,13.0,17.0,24.0,4.1,24.0,9.1,30.3,26.8,32.3,31.0,40.4,52.0,7.1,15.0,13.1,16.3,15.2,12.1,30.7,33.0,25.3,16.2,8.2,7.1,4.1,5.1,27.0,13.1
1772962098.401598,24.0,18.0,15.8,9.2,13.0,9.2,8.1,24.2,16.0,13.1,16.2,14.0,14.1,20.2,32.3,25.3,20.4,27.7,16.3,25.0,27.3,27.0,12.2,13.1,14.0,5.1,8.2,19.4,23.2,13.0,23.5,13.4,34.7,25.0,11.1,23.8,30.7,30.3,10.0,9.1,14.3,13.0,31.3,17.0,35.7,30.0,24.0,12.1,7.9,7.1,11.2,12.1,28.7,15.2
1772962099.4037185,20.4,8.1,33.3,9.0,12.1,14.1,19.0,20.0,13.3,16.0,7.1,3.1,14.0,30.0,25.3,17.2,29.7,18.2,12.1,17.3,9.2,5.1,22.0,9.1,13.0,13.0,8.0,11.9,20.0,22.0,26.5,17.8,24.0,16.0,5.1,23.0,22.2,26.5,16.2,19.8,31.0,26.0,16.0,17.2,19.8,25.3,16.8,31.3,16.2,8.0,15.2,19.0,23.8,19.2
1772962100.4070065,14.3,10.2,12.0,10.0,10.2,6.0,21.4,20.2,12.1,10.0,13.3,11.0,31.3,24.5,35.3,43.0,17.0,8.1,20.4,14.3,8.1,9.0,11.0,4.0,13.3,12.1,7.1,4.1,26.0,16.3,24.5,21.8,18.0,9.2,16.3,28.3,16.0,14.3,24.0,26.0,21.0,13.1,18.2,13.3,25.0,16.0,38.0,10.9,15.0,9.0,34.0,27.3,11.1,8.1
1772962101.40819,16.3,11.1,13.0,10.1,13.3,6.1,25.3,20.0,20.4,12.1,13.0,8.0,20.8,13.9,25.5,44.4,11.2,6.1,18.6,27.7,9.1,8.1,23.2,11.1,26.7,14.1,11.3,23.0,22.4,9.1,25.7,17.3,9.1,12.2,22.0,13.3,27.3,26.7,21.4,14.1,20.0,23.2,23.0,34.3,38.4,24.0,5.1,21.4,11.1,7.1,18.4,18.2,4.1,6.1
1772962102.4082801,17.3,24.0,19.4,13.1,9.0,8.2,8.3,7.1,14.0,18.2,11.0,10.2,15.5,22.2,46.9,36.4,14.6,25.3,11.1,9.2,10.1,4.1,10.1,6.1,22.0,3.1,27.7,29.3,24.2,18.6,15.3,23.2,10.3,11.1,23.2,38.6,18.0,15.2,30.0,24.5,12.2,13.1,32.0,39.4,45.1,32.3,12.1,23.2,4.1,5.1,26.0,29.9,8.0,7.1
1772962103.4130604,21.6,16.3,16.0,12.1,10.2,5.1,4.0,3.1,17.0,8.1,21.0,11.1,7.0,23.8,43.7,51.0,14.9,10.1,25.0,15.3,14.9,11.0,8.1,10.0,16.3,10.0,12.1,27.5,21.2,18.0,11.0,24.8,11.9,10.9,14.0,15.0,12.2,13.0,12.1,12.0,24.2,13.0,34.7,30.3,30.3,12.1,30.0,15.0,5.0,4.0,23.0,24.2,7.1,9.2
1772962104.4139323,11.5,8.2,5.1,15.2,11.0,10.0,9.1,9.2,11.1,13.1,10.2,15.2,18.2,18.2,37.4,29.7,9.0,7.0,3.1,7.1,27.3,23.2,19.8,14.1,21.0,20.2,9.0,24.0,22.2,27.7,36.0,25.0,7.1,6.2,6.2,10.0,15.2,16.2,41.4,20.6,26.5,17.3,14.1,13.1,9.1,6.0,28.0,20.0,15.0,3.1,17.2,27.0,18.0,11.0
1772962105.4144614,18.4,6.1,4.1,6.9,8.2,8.0,13.0,9.0,9.0,6.1,15.2,8.0,18.0,19.4,49.5,17.3,36.0,29.0,13.0,9.0,5.0,5.0,7.2,3.0,18.6,17.3,7.1,26.7,11.1,40.0,22.2,25.3,7.1,3.0,6.2,6.1,29.0,13.0,30.0,14.0,31.7,25.0,14.1,14.1,16.3,10.1,22.0,8.1,15.5,8.0,16.2,20.2,8.1,24.2
1772962106.4145546,29.0,16.2,5.1,8.2,16.2,19.2,14.3,13.3,21.0,16.2,16.2,14.1,11.2,15.3,62.4,63.4,19.2,13.3,8.1,7.1,19.8,19.2,18.4,14.4,29.3,34.3,26.0,16.8,38.4,31.3,21.0,23.2,7.1,6.1,9.1,4.1,24.2,12.2,15.2,26.3,32.7,35.0,32.3,28.7,14.9,19.4,6.1,21.2,13.3,15.3,22.7,24.0,18.2,9.1
1772962107.4146452,11.8,22.4,17.0,6.2,22.2,19.6,14.1,17.3,20.2,12.1,17.3,3.1,27.6,21.2,56.1,64.0,9.1,5.1,7.1,11.1,7.1,12.1,26.5,22.2,26.3,17.0,21.2,12.2,13.9,31.0,18.4,16.2,10.3,3.1,7.1,6.1,24.5,25.3,16.2,27.0,28.0,25.3,18.2,13.3,10.1,26.0,10.2,23.2,15.3,24.0,29.0,20.2,11.2,5.1
1772962108.4147286,15.3,22.8,25.0,26.0,8.2,10.9,6.1,12.9,8.2,6.1,11.9,8.0,31.6,35.0,37.4,31.0,17.5,15.8,7.2,7.1,17.2,12.2,6.0,10.2,8.2,5.1,12.1,6.1,5.2,24.0,11.1,14.1,15.2,13.4,14.1,16.5,39.0,35.0,7.1,26.0,23.2,22.4,27.0,26.7,12.1,26.7,19.4,28.0,32.3,14.3,23.2,17.3,36.6,29.7
1772962109.4150407,9.5,14.1,22.2,21.2,15.0,6.2,7.2,5.1,13.0,6.1,7.2,4.0,18.4,18.0,24.2,32.0,10.1,9.1,7.0,7.1,7.2,4.0,17.3,8.0,18.4,28.3,3.1,15.2,13.1,18.2,12.4,13.3,9.2,7.0,15.3,16.8,26.3,27.3,16.2,19.2,21.8,22.5,25.0,22.0,6.1,23.0,31.3,28.3,17.0,33.0,28.7,34.0,22.2,17.3
1772962110.4157906,17.3,12.1,10.0,7.1,31.0,18.2,16.0,17.5,11.2,13.0,22.2,7.2,15.0,13.3,51.0,63.4,19.4,18.2,14.3,17.3,31.7,12.2,16.2,10.1,21.2,22.2,19.0,18.4,14.1,16.2,19.8,12.0,22.2,15.6,14.1,7.2,14.4,24.0,30.3,15.2,9.1,5.2,18.2,15.3,21.2,23.2,22.0,18.0,23.2,31.0,34.0,35.0,24.2,21.2
1772962111.4222658,14.1,10.9,30.0,26.7,28.3,36.3,26.0,19.0,19.2,8.1,15.0,4.9,15.8,11.0,45.9,46.5,24.0,13.1,22.4,19.2,11.0,11.9,18.2,17.8,27.5,7.1,9.1,13.7,14.0,10.0,23.5,17.2,20.8,11.0,9.0,12.1,20.8,42.0,17.6,13.0,8.0,6.9,14.0,12.0,16.0,15.0,11.0,11.1,15.0,20.0,28.3,25.3,17.8,20.0
1772962112.428502,12.4,12.1,11.1,6.2,24.5,31.3,18.2,20.2,19.2,13.1,15.2,28.0,26.0,23.2,35.3,33.0,25.0,9.0,25.0,34.7,15.0,9.1,6.1,9.2,12.2,28.7,6.1,13.1,19.4,18.2,17.3,13.0,16.2,12.0,19.0,11.9,17.3,11.2,10.1,12.1,27.7,9.2,12.0,24.5,12.1,7.1,9.2,10.1,15.0,15.2,17.8,34.3,7.0,7.1
1772962113.4304903,11.2,13.1,17.2,18.0,40.8,36.0,15.0,12.0,16.3,9.2,17.2,12.2,16.3,19.2,28.6,26.3,27.0,28.3,18.0,11.2,15.0,5.1,19.2,12.0,23.0,19.0,20.0,4.0,18.2,17.0,10.0,9.1,19.4,16.2,13.0,8.2,27.3,26.3,7.1,6.0,13.1,12.1,12.1,6.1,9.1,9.3,5.1,15.2,31.3,12.0,51.0,48.5,34.0,31.3
1772962114.4315417,18.4,9.1,10.1,16.2,21.4,19.6,12.2,5.1,14.1,20.4,24.0,19.2,10.1,10.0,32.0,32.0,11.0,20.0,26.0,10.1,14.3,11.0,10.3,4.1,17.3,17.0,16.5,16.3,29.6,20.4,8.2,10.0,15.0,12.2,7.2,9.2,33.3,42.4,17.0,19.2,20.2,13.3,6.1,7.1,26.5,20.2,15.0,10.0,16.2,25.3,30.3,38.0,32.3,14.1
1772962115.4349678,10.3,9.0,16.3,17.0,16.0,19.0,6.1,4.0,7.1,8.0,9.1,19.0,9.2,13.1,29.0,27.7,22.4,18.2,18.2,18.2,9.9,3.1,11.1,10.1,10.0,5.1,23.0,11.1,30.7,23.2,9.1,6.0,8.0,14.9,25.3,33.0,33.3,15.0,20.2,21.2,7.1,6.1,15.0,9.0,25.5,20.2,7.0,3.0,16.2,31.3,16.8,32.0,35.0,38.0
1772962116.4351819,23.0,13.1,17.0,3.0,28.6,21.2,7.1,6.0,10.1,9.0,11.2,11.1,10.0,9.0,23.8,23.0,5.0,21.8,10.2,8.1,8.2,12.0,9.0,12.0,10.0,6.1,24.0,8.0,28.9,23.2,10.1,11.1,16.0,11.1,25.0,24.0,20.8,26.0,13.3,11.1,20.8,14.0,32.3,22.2,26.5,15.2,8.0,7.0,9.1,23.0,28.6,27.7,28.7,19.2
1772962117.4364994,24.0,9.1,11.1,9.2,29.0,23.8,7.1,8.2,16.5,13.1,22.4,17.0,17.2,20.0,18.2,23.2,26.3,22.0,7.1,19.2,18.2,15.3,8.2,8.2,6.2,7.1,6.1,8.1,30.7,21.0,6.1,8.0,9.1,6.2,31.0,27.0,12.2,26.0,13.3,8.2,20.2,22.0,32.0,27.0,4.1,5.1,14.4,8.1,24.2,14.1,23.2,31.3,26.0,18.4
1772962118.4392626,11.5,4.0,5.1,5.2,30.3,28.0,19.2,14.1,14.9,6.0,16.2,14.0,9.2,10.1,39.4,32.0,22.2,1.0,15.5,15.0,35.0,30.3,12.2,7.0,6.1,7.1,13.1,15.2,33.3,23.2,12.2,20.6,18.4,15.2,26.3,21.4,21.4,13.1,25.7,27.0,10.1,15.3,33.3,32.0,23.0,3.0,16.0,11.1,20.0,11.2,28.0,36.4,36.6,32.0
1772962119.4410608,13.0,4.1,11.2,20.0,31.6,28.6,26.3,23.2,23.0,18.4,14.6,32.3,19.0,12.1,20.6,28.3,25.3,19.0,17.8,10.1,33.7,24.2,10.1,12.4,12.1,3.0,15.3,7.1,20.4,23.8,13.1,29.0,21.4,22.4,35.1,31.0,8.1,7.1,18.2,15.3,24.2,29.0,29.9,29.3,21.4,18.2,17.3,19.0,22.4,12.2,17.3,36.6,19.4,27.6
1772962120.4414768,14.0,7.1,19.0,15.2,34.3,33.0,20.0,15.2,25.3,23.0,11.0,26.0,25.0,13.1,18.4,33.0,19.6,31.0,9.2,8.2,26.3,25.3,15.2,21.8,14.4,10.2,16.5,8.1,17.0,14.0,13.3,23.5,18.2,21.2,38.4,28.3,28.0,15.8,19.6,16.3,14.0,14.0,29.3,27.3,10.4,13.3,9.3,9.3,11.0,12.1,29.0,38.4,26.0,23.5
1772962121.442388,16.5,8.2,19.2,23.0,23.5,21.2,18.2,8.2,22.2,18.0,13.1,24.2,24.2,25.0,21.2,25.0,14.9,23.2,10.3,14.1,35.0,33.0,8.2,6.1,22.2,19.0,14.1,6.1,22.2,20.4,16.2,13.0,11.3,14.0,29.4,31.6,13.3,12.1,10.0,10.0,28.3,20.2,19.4,19.2,12.2,9.1,7.0,10.2,12.1,12.1,23.0,26.0,12.2,12.1
1772962122.4435306,30.9,29.0,17.3,27.3,32.3,26.3,13.3,9.2,29.0,23.2,30.0,19.0,9.1,30.0,14.3,15.3,24.5,22.0,21.4,16.5,38.8,34.0,21.2,13.3,23.0,20.4,14.1,6.1,22.2,20.0,21.2,10.2,19.2,5.1,24.5,16.2,17.2,5.1,16.2,7.2,15.3,26.0,43.6,36.0,21.0,6.1,11.2,10.2,18.4,11.2,28.6,14.3,16.2,21.4
1772962123.4444714,27.3,19.0,14.3,14.3,15.2,14.1,17.3,10.2,24.2,19.0,27.0,7.2,21.4,17.3,23.2,24.2,32.0,26.0,21.2,18.2,30.0,30.3,23.0,18.0,24.2,18.2,22.2,16.2,28.0,19.2,2.0,17.2,22.0,18.0,28.0,23.5,16.8,10.2,20.4,14.1,10.9,25.3,45.0,33.0,13.0,7.1,25.3,19.6,17.2,12.4,19.2,21.2,7.1,7.2
1772962124.4445424,11.5,7.2,9.2,32.3,11.2,7.2,9.1,9.1,34.0,30.6,31.6,16.2,11.3,23.2,25.0,21.0,19.2,19.2,9.2,10.3,27.0,24.2,24.2,10.2,19.4,17.5,26.0,30.0,24.0,15.0,10.2,14.3,22.4,13.0,13.0,23.2,10.1,8.1,14.1,10.2,28.0,32.3,41.0,44.4,8.2,7.1,19.4,13.0,16.5,15.3,16.2,17.3,14.3,17.3
1772962125.4450476,9.3,6.1,11.2,26.0,20.2,20.2,20.2,23.0,38.4,32.4,9.0,24.8,18.0,10.2,12.2,18.0,7.1,14.3,11.3,10.8,29.6,27.3,6.2,20.0,16.2,4.0,14.0,15.2,28.0,17.2,11.9,10.1,25.0,16.2,14.3,10.2,12.2,10.0,23.5,18.0,26.3,12.1,38.4,31.3,12.1,18.4,17.0,18.2,15.2,9.0,18.2,27.0,30.3,24.0
1772962126.4451337,25.3,14.1,12.1,15.2,22.2,14.0,11.2,25.3,41.4,43.4,13.3,24.5,23.5,18.0,13.1,22.0,17.8,15.2,28.0,23.2,35.4,25.3,24.0,16.2,13.3,8.2,10.2,7.9,19.2,21.0,19.4,17.2,32.3,16.2,22.4,25.0,11.2,12.1,30.7,35.7,34.3,33.0,32.3,29.3,11.1,15.2,7.2,8.2,11.1,6.2,20.4,17.2,12.1,17.2
1772962127.4464717,13.1,7.0,10.3,7.1,15.8,13.4,8.1,8.0,48.5,47.5,18.4,32.3,20.0,23.2,15.2,33.0,7.2,8.1,29.3,29.0,37.4,35.0,36.4,38.0,24.2,8.0,13.1,7.1,19.6,17.0,10.2,6.1,38.6,25.0,18.2,16.2,14.1,7.1,27.8,31.3,19.4,21.2,39.6,35.0,13.1,11.2,13.1,7.1,20.2,14.1,33.0,26.3,11.1,9.2
1772962128.4465551,21.1,6.1,9.1,6.1,13.1,15.2,12.5,4.1,50.5,48.5,26.7,14.1,8.1,32.3,13.1,20.4,8.2,12.0,29.0,18.4,27.3,24.5,20.2,21.2,27.3,14.1,10.3,8.1,23.8,22.8,10.1,9.0,22.4,23.2,19.8,15.2,14.0,3.0,20.4,12.1,16.8,11.1,34.3,26.3,11.0,10.9,17.0,12.0,13.1,3.1,16.0,18.6,10.1,11.5
1772962129.446636,22.4,4.1,24.5,8.2,9.2,7.1,12.1,8.1,25.3,16.0,22.2,31.7,16.3,29.0,15.3,32.0,10.1,4.1,20.0,17.0,44.4,30.3,24.2,26.0,30.7,31.3,10.1,11.1,12.1,7.2,7.1,5.1,30.3,21.2,8.1,10.2,15.5,11.0,23.8,5.1,18.4,12.2,27.0,25.0,2.1,4.0,27.0,13.3,10.1,13.0,16.2,9.1,14.4,14.1
1772962130.4483383,11.2,4.0,15.0,13.9,6.1,6.1,21.2,8.0,24.8,8.0,37.6,29.7,23.2,30.3,12.1,26.7,8.2,9.1,17.0,23.2,30.7,31.7,24.8,16.0,31.0,45.0,17.2,20.2,14.0,11.0,18.8,17.0,40.6,35.0,6.0,5.1,17.6,6.1,9.2,4.0,9.1,7.0,19.2,15.0,6.1,7.0,14.0,16.8,9.0,9.2,15.2,7.1,13.1,10.3
1772962131.4514391,21.6,15.2,15.3,8.2,15.0,14.0,5.2,10.0,26.0,14.1,27.3,7.1,33.7,25.0,11.0,24.5,8.1,6.1,22.2,17.8,40.0,40.0,16.2,23.2,27.0,17.0,32.0,21.2,18.2,8.2,21.2,11.2,15.0,26.0,12.2,5.1,12.2,13.1,12.1,8.0,7.1,13.0,38.4,42.4,10.0,7.1,16.5,11.1,15.3,15.2,13.0,10.0,11.2,10.0
1772962132.4522197,16.2,12.1,10.1,8.2,22.2,18.0,22.0,12.2,27.3,15.2,25.0,15.5,29.7,29.7,32.3,29.0,19.2,12.2,20.4,28.6,16.3,11.1,33.3,27.0,29.3,19.0,21.4,26.3,10.2,7.1,24.2,14.1,24.2,32.3,14.1,22.0,21.8,17.0,18.4,13.4,12.2,11.1,23.2,16.3,5.1,9.2,15.0,6.1,8.2,5.1,6.1,10.1,7.1,15.3
1772962133.4532702,12.4,7.1,6.1,9.1,10.2,9.1,15.3,11.1,30.3,24.0,6.2,21.2,28.0,38.8,26.0,24.2,22.4,19.2,20.2,16.2,18.2,14.3,37.4,40.0,17.2,20.0,13.1,6.0,12.2,10.1,18.2,10.2,46.0,42.0,9.1,8.2,17.2,8.1,14.1,13.1,21.2,5.1,14.1,15.8,10.1,4.0,10.1,7.0,16.8,15.2,9.2,6.1,10.1,13.1
1772962134.453799,13.5,29.3,16.2,16.0,22.2,19.2,21.2,10.1,27.3,29.3,16.2,26.7,5.2,9.1,41.4,46.0,22.2,23.0,23.5,33.3,19.4,17.2,32.3,33.0,16.2,20.2,8.2,8.2,25.5,34.3,25.0,8.2,38.0,25.0,10.3,18.4,18.2,13.3,11.2,10.9,9.1,9.2,11.1,10.2,12.2,9.1,18.2,10.1,14.3,7.1,15.8,12.1,26.3,25.5
1772962135.4549527,17.0,11.0,18.4,28.0,13.1,19.2,8.1,7.3,21.6,37.8,20.8,20.2,4.0,8.2,43.4,57.6,19.0,14.0,30.7,27.7,17.0,10.0,33.7,28.7,27.0,23.8,14.0,9.1,30.4,30.0,15.2,11.1,34.3,25.0,12.1,10.1,27.6,13.1,9.1,27.6,10.1,12.1,14.4,10.1,13.1,8.9,8.1,3.1,6.1,10.2,4.1,16.2,25.7,25.0
1772962136.4550362,26.3,8.2,23.5,12.1,11.2,11.1,5.2,14.0,32.0,25.0,25.5,32.7,8.2,5.1,25.5,22.2,29.3,31.3,40.4,35.0,15.3,8.2,24.2,25.3,27.3,28.3,12.2,17.3,38.8,19.0,13.4,8.2,16.2,28.0,9.2,6.1,28.7,22.2,15.3,12.1,12.4,15.5,21.2,17.2,19.2,4.1,7.1,6.1,6.1,3.1,14.3,20.0,22.7,17.0
1772962137.4561393,8.5,3.0,14.0,3.1,11.0,4.1,14.9,18.2,7.1,10.2,16.0,19.2,12.2,13.1,15.0,7.1,29.6,27.3,38.0,47.0,17.8,13.9,32.7,25.0,7.1,22.8,9.0,12.1,45.5,43.9,13.0,9.0,15.2,21.6,9.2,5.9,25.0,3.0,19.0,30.0,18.2,15.0,7.2,7.1,20.2,24.2,9.1,10.2,9.1,5.0,8.2,10.2,13.1,8.2
1772962138.4585059,29.9,26.5,16.3,16.8,18.4,17.3,14.3,14.1,12.2,7.1,10.3,5.1,9.1,8.2,12.4,3.1,37.6,37.0,58.0,61.4,15.5,14.0,42.0,19.2,14.1,37.4,12.2,8.2,30.3,23.2,15.2,11.2,9.1,12.0,11.1,9.1,26.5,14.1,32.7,35.0,25.3,17.2,12.0,12.0,22.2,31.0,17.0,13.0,11.2,5.2,12.1,9.0,12.1,25.3
1772962139.4612148,41.2,42.4,9.1,5.1,17.0,8.1,11.2,14.1,8.2,6.1,9.2,15.0,11.2,16.2,26.7,13.9,22.4,37.4,48.0,45.5,15.2,13.4,30.0,38.0,7.1,23.8,27.6,17.8,33.3,16.0,29.0,26.0,15.2,6.1,14.0,8.1,21.2,17.2,29.6,29.7,26.3,22.4,7.1,6.3,22.4,34.0,13.1,8.2,12.1,9.1,16.2,5.2,11.1,20.2
1772962140.4761176,26.8,21.8,11.0,10.0,12.9,9.9,12.0,8.1,10.8,7.9,19.8,7.0,8.9,9.0,18.0,19.2,25.3,29.3,27.3,26.0,16.0,9.0,24.8,12.0,20.0,23.5,18.8,15.0,28.7,21.8,22.0,23.0,16.0,10.9,16.0,25.7,18.6,24.5,41.2,22.8,24.2,18.6,25.7,16.7,23.8,16.8,13.9,17.0,12.0,10.0,4.1,5.9,24.8,10.1
1772962141.476185,19.8,38.6,12.2,16.0,12.0,14.0,14.1,5.1,10.1,6.1,10.2,8.1,16.2,15.2,19.2,29.3,31.0,27.7,19.0,22.4,24.0,13.0,24.0,29.0,15.2,16.2,5.1,9.2,33.3,27.7,13.0,8.0,11.1,12.1,18.4,15.3,10.1,22.0,27.0,24.0,18.8,15.5,19.2,8.0,33.3,19.2,9.1,3.0,12.1,12.2,16.0,13.4,40.0,28.6
1772962142.4772563,12.6,11.2,33.0,19.4,20.4,13.1,17.3,16.0,3.1,5.1,10.1,9.2,16.0,17.2,21.0,24.0,32.3,31.3,36.0,26.3,11.0,6.1,12.2,31.0,8.2,5.9,21.2,18.4,35.0,16.2,7.1,13.3,16.3,7.1,17.2,13.0,6.1,24.2,26.3,35.0,30.6,25.0,12.1,11.1,26.3,3.0,16.2,20.2,5.1,9.1,21.9,37.0,29.3,25.0
1772962143.4818773,33.3,13.0,25.0,26.5,19.6,12.4,29.4,14.3,13.0,8.1,17.2,8.1,8.1,5.9,19.0,9.0,22.0,37.0,22.4,28.4,18.2,7.0,12.9,29.4,6.9,9.1,19.2,9.9,36.0,26.7,6.1,9.0,20.0,10.1,10.0,6.0,14.1,24.8,24.0,23.0,31.6,26.0,18.0,16.7,22.0,16.3,8.2,9.1,17.8,8.0,34.7,25.5,30.7,27.3
1772962144.4842105,23.2,31.0,21.2,7.1,23.5,16.3,13.1,17.8,20.2,8.2,16.3,9.2,11.1,5.2,15.5,21.4,34.0,41.4,35.6,22.4,19.8,3.1,21.6,12.2,9.3,9.2,18.2,19.0,35.4,14.3,20.4,10.1,11.2,5.1,16.2,15.2,24.0,25.3,31.6,36.4,30.6,22.9,16.2,13.3,18.0,27.3,20.2,15.0,15.5,11.2,14.4,10.2,27.3,12.1
1772962145.4859304,22.1,29.3,9.1,5.1,9.0,18.0,9.9,20.4,7.1,5.1,18.2,13.1,7.1,9.1,35.4,27.0,35.0,35.4,27.6,27.0,9.2,9.0,11.9,11.3,10.1,5.1,8.2,3.1,33.7,14.9,17.0,7.1,6.1,8.2,16.2,20.2,32.0,27.3,42.0,39.4,18.4,15.8,13.1,7.1,13.3,23.0,8.0,7.1,10.0,4.1,6.1,5.1,25.3,2.0
1772962146.4862726,22.9,26.3,10.0,8.0,9.2,17.3,21.6,21.2,20.2,25.3,11.1,6.1,18.2,16.3,30.7,32.3,30.3,34.3,31.3,30.7,17.3,14.1,18.0,13.1,13.3,9.1,22.2,26.0,29.0,34.7,10.2,6.1,19.8,10.1,6.1,5.1,38.4,31.3,43.6,35.6,30.0,20.6,19.2,12.1,8.9,21.0,17.3,18.2,13.4,6.1,25.5,18.2,30.0,12.2
1772962147.4878452,25.3,37.0,8.2,9.1,20.0,24.0,14.3,8.2,25.0,17.2,21.8,12.0,26.5,15.0,27.0,22.2,22.4,18.0,29.0,23.2,12.2,9.2,13.1,8.2,11.2,4.1,20.2,17.5,49.0,41.0,10.1,7.1,14.3,10.1,13.1,18.0,33.0,27.3,33.7,47.0,27.3,29.3,20.0,12.0,10.1,8.1,16.8,11.1,8.2,9.3,22.2,24.2,23.0,25.0
1772962148.4879093,17.5,18.0,12.1,8.2,17.3,15.3,5.1,7.0,29.3,22.0,11.2,15.2,23.2,20.2,28.0,26.3,17.2,11.2,24.2,12.0,7.0,4.0,14.1,10.9,7.1,9.0,15.2,10.1,15.3,21.2,24.2,16.2,11.2,3.1,17.0,8.0,25.3,19.0,39.0,46.0,16.2,23.5,11.3,8.1,12.2,11.1,11.2,14.3,15.3,16.0,26.3,28.6,10.1,20.2
1772962149.4881551,18.4,15.2,18.2,19.2,19.2,16.2,10.1,9.1,33.3,33.3,22.0,4.0,15.0,12.1,12.1,19.2,6.2,5.0,18.8,17.0,10.2,10.2,17.3,12.0,12.1,4.0,12.4,5.1,16.8,13.1,29.3,27.7,9.1,17.0,8.2,10.1,30.0,17.2,33.0,33.7,25.5,25.3,15.2,12.9,11.2,9.1,7.1,23.2,28.0,27.6,7.1,8.2,20.2,13.1
1772962150.4896898,9.4,28.3,16.2,14.9,35.4,25.0,20.4,20.4,32.3,22.2,22.4,18.4,31.0,8.1,19.4,24.8,14.1,3.0,23.2,24.0,17.8,21.0,8.1,6.1,7.1,7.1,17.8,15.0,14.3,13.1,29.0,11.3,23.0,9.2,19.4,5.1,19.2,11.1,37.6,19.2,22.0,24.0,18.2,9.2,22.2,18.2,9.3,10.9,13.1,8.2,5.1,12.0,24.2,22.2
1772962151.493031,14.0,8.0,12.1,10.1,24.0,28.0,23.0,10.1,19.2,9.1,24.2,12.2,15.0,11.0,29.7,30.0,11.1,12.1,20.2,13.1,18.4,15.3,18.2,16.2,25.0,12.1,13.1,7.1,18.0,10.2,19.0,13.9,11.2,10.1,8.0,6.9,31.7,31.0,29.0,33.0,14.0,19.2,12.7,12.0,23.8,18.2,15.8,9.2,23.0,14.9,7.2,24.2,21.8,19.2
1772962152.4942956,20.2,5.2,12.4,14.0,18.2,26.0,17.0,7.0,32.0,14.1,13.1,17.2,14.1,26.7,21.0,16.2,4.1,9.2,18.0,22.0,21.8,21.8,17.3,12.2,12.0,6.0,16.0,17.0,18.8,13.9,7.0,24.2,7.1,5.1,18.4,12.2,10.0,9.0,25.7,23.0,23.2,13.3,13.0,6.1,18.2,15.2,15.8,12.1,22.8,16.2,11.8,25.7,21.2,17.3
1772962153.4952548,13.3,5.1,14.9,9.1,35.7,41.8,20.2,19.0,31.7,43.6,12.1,7.1,24.0,33.7,15.3,11.2,8.2,10.0,15.3,2.0,20.4,14.3,16.2,14.3,11.3,8.1,26.3,21.4,19.2,17.2,36.0,12.1,13.1,15.2,19.4,9.0,18.6,20.6,30.3,34.3,11.1,10.2,7.2,10.1,10.2,8.2,10.3,7.1,28.3,29.0,11.1,20.4,19.4,10.3
1772962154.495335,18.6,15.2,17.5,5.1,44.9,42.0,17.2,28.7,29.6,25.3,11.1,8.0,19.4,32.3,19.2,11.1,13.4,9.2,10.2,5.1,7.0,4.1,8.2,4.0,8.1,8.1,13.3,11.1,12.0,5.1,22.7,9.1,14.1,8.0,6.1,5.1,16.0,15.2,27.7,26.0,12.2,8.1,7.1,7.0,16.3,16.2,24.0,31.0,27.3,28.3,17.0,22.0,19.2,9.1
1772962155.4960215,25.8,17.0,7.1,10.3,42.0,42.0,24.2,24.2,32.7,36.6,13.9,10.0,48.0,48.0,23.8,13.3,28.0,9.2,8.2,3.1,25.3,22.2,9.1,8.1,19.0,13.1,23.8,11.1,6.3,6.1,22.8,7.1,9.1,5.2,11.0,11.0,19.4,9.1,33.7,27.7,11.0,8.2,6.2,9.0,44.4,32.7,19.2,18.4,21.2,22.2,24.0,5.1,14.0,16.0
1772962156.4967055,24.0,15.2,14.0,15.8,47.0,14.1,19.2,19.4,27.3,24.2,15.2,7.1,32.3,38.0,27.0,14.1,18.0,15.2,15.2,16.8,26.0,21.0,21.4,9.2,19.4,16.2,25.3,9.9,11.2,8.2,25.0,11.0,8.2,12.2,11.1,20.4,17.3,9.0,33.3,27.1,10.1,5.0,8.2,6.1,31.3,29.3,33.7,33.3,21.0,18.2,13.3,34.3,24.0,24.5
1772962157.5015574,14.3,7.1,17.2,20.2,27.3,29.7,10.1,7.0,26.0,21.8,8.2,7.0,33.7,38.4,33.3,24.8,30.0,18.8,10.1,10.1,27.7,9.1,15.0,12.0,23.0,18.0,26.0,27.3,22.0,14.0,29.3,9.0,11.1,7.0,17.5,13.9,11.0,22.2,31.7,24.5,23.0,17.0,14.1,4.1,17.3,13.9,32.3,26.7,20.8,15.0,13.0,22.8,14.3,18.0
1772962158.5016222,7.3,11.1,12.2,9.1,10.0,42.4,15.3,8.2,32.0,18.2,21.4,10.2,28.3,24.0,33.3,25.0,28.6,23.0,8.1,12.2,24.5,9.0,23.2,10.2,8.1,6.1,39.2,34.0,30.3,20.0,18.0,22.2,24.0,26.3,11.1,6.3,9.1,4.1,18.4,18.2,17.2,17.3,12.1,9.1,11.1,13.3,12.2,7.3,26.3,22.2,26.3,15.3,26.5,18.4
1772962159.501693,17.3,18.0,13.1,21.8,31.3,24.7,11.0,5.9,22.0,16.0,10.9,14.0,18.0,13.0,49.0,41.4,19.0,14.0,16.8,13.0,36.9,19.2,10.1,7.0,7.0,6.1,34.3,41.2,32.3,38.4,31.3,10.0,19.8,24.0,13.1,13.9,14.1,17.0,27.3,19.2,16.3,13.0,14.3,4.0,12.0,10.1,10.0,24.0,23.0,25.0,27.7,19.0,19.2,11.0
1772962160.5017602,12.6,5.1,15.6,13.3,22.2,10.2,10.1,9.3,28.1,16.5,16.2,9.2,18.2,14.4,32.3,15.3,16.2,11.1,21.4,7.1,15.3,12.2,16.3,6.3,6.3,17.3,31.6,35.4,51.0,46.4,25.5,11.3,18.2,20.6,12.2,8.2,16.3,16.2,18.4,21.2,24.2,17.2,24.2,10.1,13.0,9.3,21.4,6.1,21.6,19.4,8.2,24.5,12.0,6.1
1772962161.5047479,24.5,4.1,17.2,19.6,37.4,24.8,24.0,21.0,9.1,5.1,11.2,4.0,14.3,19.0,18.2,9.1,20.6,15.0,17.2,7.0,14.0,15.0,12.1,10.1,8.1,10.2,31.0,13.0,31.3,25.0,24.8,22.0,21.2,15.0,19.8,9.1,19.0,15.0,11.1,7.1,12.2,3.0,9.1,16.0,8.2,8.0,27.0,33.3,32.7,21.2,32.3,29.3,9.2,10.2
1772962162.5096033,17.5,25.5,12.2,12.1,29.3,37.0,26.5,22.4,19.2,16.2,17.3,20.0,17.2,14.3,23.2,16.8,20.4,24.0,6.1,6.2,14.1,13.1,26.0,13.1,22.4,26.0,24.2,9.0,33.3,22.4,7.2,7.1,21.2,26.0,15.2,14.1,18.8,5.2,16.0,29.0,10.1,9.0,10.2,13.3,12.1,15.2,24.8,35.0,22.2,17.3,29.0,32.3,11.2,24.0
1772962163.5158856,21.2,18.2,20.2,19.0,24.0,13.0,11.2,14.1,14.1,18.8,26.3,23.0,14.0,13.1,16.2,10.2,27.0,29.0,11.1,14.0,8.1,6.0,29.6,31.7,30.3,26.5,25.0,23.2,24.2,14.1,9.0,12.0,18.2,20.0,20.0,4.0,7.1,7.0,24.2,29.3,12.1,2.1,13.0,7.0,8.1,10.1,42.6,34.0,17.8,22.0,32.7,32.4,18.0,14.1
1772962164.51648,14.6,20.4,25.3,13.1,15.3,21.4,23.5,5.1,7.1,20.2,22.0,20.4,25.5,27.6,18.2,14.1,36.4,32.3,19.6,20.0,15.3,14.1,11.2,22.4,30.3,12.4,33.0,33.0,28.3,34.0,7.1,8.2,11.1,27.0,12.5,11.3,13.3,6.1,24.0,15.0,16.0,7.1,6.1,6.1,21.4,18.2,21.2,41.6,26.5,23.5,26.5,17.3,28.3,17.0
1772962165.5171149,14.4,8.1,18.4,11.1,10.2,5.0,9.1,5.1,10.1,10.0,11.2,18.0,32.3,25.3,28.7,19.2,20.6,28.3,13.0,6.1,12.1,13.3,16.0,26.3,8.2,7.1,34.0,30.0,34.3,47.5,8.2,16.2,19.2,22.2,17.2,8.0,14.0,7.1,17.7,25.5,11.2,14.3,12.1,2.0,14.1,7.1,40.0,32.0,42.4,46.5,12.2,24.0,30.0,13.3
1772962166.517656,23.2,18.2,14.6,5.1,26.5,25.5,23.5,24.5,9.2,5.1,30.0,12.1,22.4,33.3,15.5,8.2,23.2,27.0,21.2,16.3,7.3,15.3,26.0,9.2,23.5,26.5,38.0,33.3,43.4,34.0,15.8,14.1,16.2,25.7,18.2,11.0,12.2,19.4,22.0,38.0,19.6,14.4,15.5,16.3,19.4,7.1,30.6,35.4,30.3,39.4,35.0,20.4,10.2,15.2
1772962167.5179858,16.5,17.0,6.2,7.1,26.3,23.2,18.2,21.2,9.2,11.2,29.2,15.2,18.8,19.0,10.1,10.0,26.7,27.3,13.3,15.2,10.1,14.3,20.4,26.0,14.1,13.3,27.3,29.0,28.6,29.3,14.0,15.3,22.0,38.6,8.1,11.1,25.3,22.2,32.7,21.0,18.0,19.2,23.0,10.9,10.1,6.2,33.0,32.0,22.4,26.3,29.6,21.0,25.3,27.3
1772962168.5214672,16.8,3.0,9.2,13.1,22.2,27.0,20.6,22.2,14.0,5.1,20.2,21.0,13.1,11.1,13.0,17.3,18.0,23.0,15.2,10.2,9.0,10.1,10.1,24.0,17.2,21.4,39.0,29.3,31.0,33.3,16.3,27.7,8.2,29.0,8.2,4.0,20.0,18.2,27.7,22.2,13.9,8.2,14.3,15.2,11.1,7.0,15.0,15.0,30.6,24.0,14.9,24.2,23.2,16.2
1772962169.5220287,11.5,9.0,12.1,6.1,23.2,19.0,20.4,21.2,11.1,11.9,12.0,9.2,8.2,13.3,15.3,11.9,23.0,25.0,17.2,13.1,6.1,4.0,15.0,27.7,10.3,15.0,34.0,28.0,37.4,38.0,4.0,5.1,16.2,21.2,14.1,7.1,12.1,14.3,11.1,25.5,11.2,8.1,25.5,26.0,17.3,23.0,15.2,12.1,30.3,25.3,27.0,26.3,22.2,9.1
1772962170.522102,27.3,9.3,10.2,6.2,25.5,5.2,20.8,19.2,21.4,14.4,8.1,8.2,21.2,23.8,10.1,7.0,11.3,9.2,14.0,19.2,15.3,3.1,20.2,29.6,7.1,7.1,34.7,24.0,24.2,17.2,17.3,7.0,17.2,11.1,19.2,11.1,9.1,14.0,26.5,13.7,23.5,17.2,14.9,10.4,37.0,36.7,33.0,30.6,30.3,16.2,10.1,27.0,26.3,14.3
1772962171.5233047,17.3,19.0,18.0,12.1,47.0,45.1,26.5,8.9,16.0,26.3,12.0,8.2,13.0,11.1,12.1,19.0,15.0,15.0,6.0,8.0,7.1,4.0,24.0,27.3,11.1,18.0,18.6,23.2,20.0,15.2,22.0,17.0,8.1,4.0,28.0,22.2,16.2,13.0,8.1,22.2,15.8,12.0,6.1,10.1,33.0,23.2,30.7,37.3,31.0,11.0,24.0,28.0,6.1,23.8
1772962172.5237346,15.5,24.2,24.5,11.1,30.9,34.0,13.3,13.4,24.5,16.3,18.2,18.4,23.7,14.3,5.2,7.2,22.4,21.6,13.5,16.3,17.5,11.3,20.4,29.3,14.3,14.3,16.3,30.0,16.5,26.5,9.3,10.2,12.1,6.2,27.6,25.8,14.4,18.2,4.1,23.2,13.4,11.3,21.2,21.2,22.4,20.4,26.3,14.1,27.3,8.3,14.3,28.3,26.5,22.7
1772962173.5328724,15.2,10.9,15.0,10.0,24.0,28.4,13.1,6.0,16.8,11.8,11.1,16.7,17.8,23.2,12.0,9.9,15.8,14.0,9.0,12.0,23.8,13.1,31.7,27.7,11.0,19.6,17.8,21.0,13.9,4.0,12.0,6.0,13.0,19.0,26.0,27.7,18.0,8.9,37.3,11.0,8.0,9.0,23.0,17.0,7.9,22.3,23.0,8.0,13.0,21.8,13.0,29.7,11.0,7.9
1772962174.5363948,27.3,16.3,13.1,10.2,29.0,18.2,14.1,6.2,27.7,14.3,8.2,5.2,19.4,16.0,12.2,11.2,22.2,17.0,7.1,6.1,16.5,21.0,53.0,54.0,4.1,9.1,25.3,20.4,19.4,19.0,21.2,17.2,22.0,13.0,18.2,22.2,11.0,14.1,26.5,7.1,13.0,8.2,20.4,26.3,11.1,21.4,20.2,16.2,13.4,14.4,15.2,27.0,8.1,11.2
1772962175.536466,10.4,13.1,18.2,14.1,32.0,28.3,12.2,7.0,30.9,23.2,14.0,11.1,35.0,22.2,23.0,17.2,20.4,14.1,12.2,9.2,14.3,21.2,42.0,41.0,24.0,12.1,17.2,31.0,15.3,9.1,18.4,17.2,17.3,9.3,18.4,18.2,9.3,8.0,14.1,17.2,12.2,14.4,11.1,12.1,28.0,20.4,13.1,7.1,28.0,31.0,40.4,30.6,23.0,11.2
1772962176.5365417,21.9,15.5,21.4,5.1,26.3,8.1,7.1,6.1,25.5,25.3,19.4,18.2,18.4,12.1,21.2,17.2,19.0,13.1,15.3,18.2,12.1,15.2,39.0,40.4,22.2,15.3,21.0,23.0,21.2,15.3,14.1,7.2,11.2,6.1,22.8,12.0,4.0,3.1,20.2,26.3,7.2,13.1,19.2,15.0,21.2,28.6,7.1,5.1,16.0,13.0,14.4,33.0,6.0,7.1
1772962177.5386937,15.2,6.9,17.2,15.2,14.1,10.1,5.1,7.0,28.0,25.5,26.7,10.8,20.0,12.9,7.9,7.0,11.9,6.1,15.8,13.6,14.9,8.2,44.0,49.0,28.7,15.7,19.0,12.9,22.0,31.7,5.1,10.9,19.6,16.8,9.1,7.1,8.1,6.9,14.1,11.9,15.8,8.0,25.5,22.8,29.0,29.7,9.9,13.0,30.3,22.2,15.8,29.4,17.2,12.9
1772962178.5432236,36.5,29.0,19.0,20.2,20.0,8.1,4.1,13.3,28.7,16.5,11.1,9.2,20.0,17.2,9.1,5.1,15.3,16.2,16.2,10.4,8.2,19.0,41.4,42.9,24.8,28.0,24.2,6.2,23.5,24.2,8.1,5.0,18.2,17.3,26.3,20.2,8.1,4.0,11.1,15.0,9.2,5.1,18.4,19.2,30.6,11.1,4.0,5.1,27.3,18.4,27.7,25.5,5.1,6.1
1772962179.5517688,45.0,40.0,11.1,29.7,19.0,24.0,24.8,13.0,22.2,36.6,20.0,17.0,26.0,22.8,10.2,16.0,22.5,21.2,18.0,6.9,23.2,25.5,11.1,9.1,27.0,35.0,24.0,18.0,25.7,8.0,5.1,7.1,33.0,31.0,34.7,23.0,9.2,14.0,16.0,17.0,9.9,13.9,26.5,33.0,29.4,4.0,23.8,14.9,32.4,23.8,5.1,9.9,10.1,9.3
1772962180.5518425,29.2,27.3,15.6,9.3,18.6,11.3,30.2,28.3,9.5,45.5,16.3,5.1,18.6,22.4,14.1,15.3,22.7,26.0,12.4,17.2,26.8,23.7,38.0,31.0,29.3,23.0,20.4,18.2,24.5,12.5,11.3,7.2,39.2,31.6,36.4,19.2,20.2,11.2,10.3,10.2,14.6,13.4,32.3,22.4,19.0,15.2,18.6,10.3,22.4,23.7,12.4,10.2,12.4,21.2
1772962181.552181,14.6,21.4,11.2,10.9,18.2,16.0,15.8,12.1,18.2,30.0,8.2,5.0,18.2,18.4,13.3,9.9,16.2,26.0,9.1,13.1,17.8,9.1,31.3,24.5,42.9,21.0,30.0,22.2,25.7,31.0,17.8,13.1,27.6,27.3,44.4,19.2,6.1,7.1,4.1,6.1,20.0,16.2,22.4,25.3,13.4,16.2,12.1,16.8,19.8,22.8,8.1,4.1,13.1,11.0
1772962182.5539935,16.3,9.2,10.2,6.1,20.2,18.2,13.5,13.3,13.9,24.0,17.3,18.2,28.3,22.2,22.2,24.0,12.0,24.8,9.2,12.2,27.0,9.1,38.6,39.0,33.7,40.6,21.2,13.9,23.5,29.0,8.2,4.1,20.0,18.8,14.1,24.0,16.2,11.0,10.1,4.1,17.5,10.0,24.2,26.3,15.2,13.0,14.1,14.3,32.0,39.0,8.1,9.1,13.1,11.2
1772962183.554062,24.0,38.4,13.4,9.1,12.2,12.1,34.0,30.0,23.5,28.0,21.8,18.0,28.3,23.8,10.2,12.4,14.3,16.5,17.2,14.0,6.3,12.2,33.0,28.3,27.3,33.3,21.4,24.0,32.3,23.2,22.0,14.0,17.2,15.5,34.7,31.3,13.1,7.2,12.1,7.2,29.0,18.0,15.0,18.8,15.2,17.3,17.2,12.2,21.4,23.2,8.2,9.2,7.1,6.2
1772962184.5556285,32.0,32.0,12.2,9.2,19.8,15.0,30.6,30.0,20.2,23.0,13.1,18.0,27.3,22.4,8.1,13.0,23.2,8.0,13.0,11.2,8.2,8.1,30.3,32.0,36.0,29.0,33.0,37.0,38.6,36.0,14.1,10.1,20.4,19.2,46.0,35.6,11.0,12.1,6.1,7.1,17.0,23.0,20.0,25.5,14.1,8.1,9.2,5.0,26.7,20.0,12.1,12.4,10.1,10.1
1772962185.5557132,26.0,22.2,16.3,12.9,9.2,5.1,9.3,14.3,25.3,25.5,14.3,16.2,24.2,22.4,6.1,3.1,36.0,32.7,10.3,6.2,17.2,8.2,47.0,46.9,29.6,34.7,13.0,26.3,21.4,27.0,12.1,5.1,19.0,16.0,25.8,20.2,7.1,11.2,21.6,9.2,19.2,22.4,34.3,43.6,22.4,8.0,17.5,14.3,19.4,17.3,16.2,13.0,19.6,21.2
1772962186.5570853,39.2,27.3,23.2,18.2,9.2,12.2,25.0,10.1,10.0,15.3,8.2,7.1,17.2,17.8,18.4,16.0,13.3,27.7,13.0,15.0,20.4,15.7,40.4,40.4,25.7,31.0,14.0,3.1,24.0,21.2,5.1,4.1,19.2,16.0,25.0,22.0,30.0,17.8,21.2,21.6,16.8,17.3,16.0,15.2,8.2,5.1,13.0,5.1,20.2,15.3,15.3,12.2,8.1,20.0
1772962187.558429,34.0,28.0,18.2,18.2,11.0,7.1,19.4,16.2,15.0,19.0,12.2,22.8,5.1,8.1,28.6,21.4,22.2,22.4,23.2,13.0,18.0,11.2,30.3,26.3,20.2,39.6,24.2,12.0,14.1,11.1,9.1,3.1,36.0,31.3,7.1,15.2,28.3,23.5,12.2,8.1,9.3,14.1,4.1,13.9,15.0,10.0,7.1,8.2,20.2,29.4,6.0,5.1,16.0,28.9
1772962188.560755,38.1,31.7,38.4,29.7,5.1,5.0,25.7,20.0,16.2,17.0,26.7,12.1,13.9,8.1,26.5,20.0,23.2,25.0,14.0,15.7,18.8,16.8,17.0,17.6,32.0,30.7,19.4,16.8,5.0,5.1,5.1,4.0,26.7,17.2,8.0,22.8,10.1,11.8,10.1,13.1,19.0,28.4,12.1,19.0,14.0,10.0,7.1,7.0,16.2,12.2,9.0,7.0,9.0,5.0
1772962189.565721,30.9,23.5,11.2,19.2,9.2,4.1,8.1,9.2,30.3,32.7,33.7,10.9,7.2,3.0,19.2,16.3,35.0,52.0,12.1,27.6,22.2,6.0,8.1,3.1,4.0,30.7,24.0,6.1,7.0,3.0,7.1,5.1,23.2,30.0,24.0,25.3,12.1,14.1,13.3,16.2,15.3,9.1,21.2,16.3,9.3,5.1,27.0,16.0,27.3,17.2,17.2,16.3,20.2,8.2
1772962190.5658166,16.0,10.1,8.0,5.1,3.1,4.1,10.1,15.2,17.3,17.2,26.0,13.3,11.1,12.2,5.1,9.1,38.6,18.4,10.2,14.1,10.2,9.1,9.2,12.1,9.0,23.2,17.2,8.1,10.2,6.0,14.1,7.1,45.5,53.1,21.4,29.6,14.1,7.9,20.4,12.1,18.2,16.2,22.4,13.1,22.0,17.2,9.2,9.9,23.0,17.0,11.2,9.9,13.3,10.1
1772962191.5663345,19.6,25.7,13.3,15.3,17.2,20.4,10.2,4.1,24.2,17.0,13.0,30.0,21.4,22.0,14.4,12.0,32.0,27.3,22.0,27.3,9.2,8.1,13.3,10.0,16.3,22.0,10.2,6.0,10.1,4.1,26.0,12.0,31.6,28.7,35.0,39.0,22.8,4.0,16.2,12.2,8.2,3.1,17.2,15.2,8.2,8.1,12.1,15.5,15.2,8.1,8.1,9.1,17.0,27.7
1772962192.566449,26.6,30.0,30.0,13.7,30.3,27.0,8.1,5.9,36.0,16.3,35.7,40.6,7.0,6.1,13.0,15.0,18.2,24.2,6.1,4.1,10.1,3.1,14.0,9.2,9.2,9.2,15.3,18.0,10.2,8.1,22.4,8.2,37.0,33.3,24.2,22.0,23.7,6.1,19.2,13.0,10.0,8.1,19.4,19.2,15.0,10.2,28.3,15.2,4.1,9.2,12.0,14.3,21.2,11.3
1772962193.567291,36.4,10.1,29.3,8.1,35.4,30.7,3.1,4.0,36.0,26.0,13.6,26.7,7.0,2.0,6.0,7.1,10.2,15.0,22.0,10.0,15.8,12.1,21.0,20.8,6.0,3.0,27.3,33.3,15.2,17.2,24.8,8.9,22.0,31.7,36.4,26.7,18.0,5.1,23.8,27.0,16.0,16.2,19.0,19.0,6.1,6.0,6.0,16.7,9.0,9.0,23.0,13.1,22.2,13.4
1772962194.567855,34.7,17.2,21.6,22.2,15.5,15.3,9.1,5.2,41.4,26.3,19.4,9.2,13.3,12.4,11.1,8.0,18.2,26.3,13.1,4.1,18.4,13.3,13.4,13.3,11.2,9.1,29.0,25.3,8.2,12.2,23.2,9.1,40.4,31.6,42.0,37.8,33.3,12.1,8.2,12.1,15.3,19.2,23.5,22.0,20.2,8.2,23.2,19.4,6.1,7.1,9.1,14.0,11.2,20.8
1772962195.5684295,21.6,17.0,24.0,29.3,19.4,12.2,9.2,6.1,32.3,20.0,19.6,5.1,8.2,6.9,16.2,4.1,17.2,37.4,10.2,11.1,13.3,23.2,14.3,13.0,22.4,10.1,32.3,35.0,15.0,12.9,29.0,18.4,26.0,32.0,47.0,44.6,13.1,13.3,29.6,10.2,22.2,13.3,43.4,31.3,24.2,30.7,13.1,16.3,17.2,17.3,7.1,16.5,14.1,18.6
1772962196.5692344,22.4,13.3,16.3,22.0,32.7,26.3,17.5,12.1,29.0,22.2,13.1,13.1,4.0,4.1,14.3,7.1,23.0,14.9,16.3,12.0,27.3,12.0,10.1,14.0,11.1,16.2,19.0,34.0,19.2,19.0,18.4,11.1,32.3,43.0,38.0,26.0,15.0,20.2,20.8,10.1,11.0,6.0,45.0,47.0,19.0,11.2,10.0,4.0,22.2,15.2,18.2,23.0,9.0,12.2
1772962197.571392,17.5,12.9,28.1,22.0,34.0,32.0,25.0,18.4,27.3,20.8,14.0,6.1,10.2,8.1,15.2,19.0,27.0,12.2,19.0,7.1,20.0,13.1,22.8,13.1,9.2,11.1,38.2,35.0,13.1,10.3,11.2,33.7,39.0,32.0,45.5,51.5,9.2,8.1,18.2,9.1,6.1,4.1,41.4,42.4,9.1,11.0,13.3,5.1,23.2,18.2,12.2,18.0,13.3,20.0
1772962198.57148,12.5,11.2,22.4,14.1,34.7,32.7,18.4,15.5,23.5,33.7,9.2,13.1,7.1,6.2,13.1,15.2,25.3,26.0,12.4,6.1,11.2,2.0,17.3,6.1,18.0,32.0,6.2,3.0,14.3,15.2,16.3,29.6,26.3,17.2,27.3,30.0,12.4,15.3,14.4,13.4,18.2,11.1,41.0,23.2,20.2,10.1,8.2,7.1,10.2,4.1,11.1,11.3,9.1,18.2
1772962199.571567,11.2,6.1,31.0,25.3,26.5,23.5,28.3,28.3,22.7,27.0,18.2,21.2,9.1,6.1,3.1,7.1,21.4,14.1,12.0,7.1,13.1,12.0,19.0,5.1,26.3,26.0,16.2,5.1,13.3,5.0,23.5,28.0,28.6,24.2,34.0,34.3,9.2,5.2,15.3,15.0,15.3,20.4,19.4,21.4,9.2,5.2,9.1,21.0,19.4,19.0,13.3,20.8,14.1,12.1
1772962200.5716553,19.8,17.8,11.6,14.0,28.3,31.3,41.8,30.0,25.3,12.1,4.1,7.9,18.0,16.0,11.1,11.0,22.0,13.1,15.3,5.0,7.1,6.1,8.1,8.1,9.0,20.4,29.3,16.0,13.1,16.5,24.8,18.4,35.3,29.6,31.0,50.0,13.0,10.0,19.2,12.1,12.1,16.0,37.4,31.7,13.1,10.3,20.4,25.5,20.2,16.3,16.2,14.3,9.1,4.1
1772962201.575331,14.6,4.1,20.8,18.0,28.3,30.0,37.4,29.3,18.0,14.0,21.0,13.1,13.1,10.3,11.0,9.1,31.3,14.3,7.1,5.1,15.2,13.0,9.1,13.1,11.2,15.2,44.6,22.0,21.0,18.2,20.4,19.6,39.4,20.0,21.2,43.6,13.3,15.2,11.2,12.1,16.0,17.2,22.4,18.2,7.1,6.1,10.1,23.2,12.1,7.1,22.0,20.4,18.4,16.0
1772962202.5754342,15.3,11.0,15.3,16.2,37.4,28.6,41.4,29.0,12.2,11.1,12.1,21.0,26.3,15.8,20.2,15.3,19.2,19.2,6.1,4.1,7.1,8.2,7.1,4.1,18.4,5.0,8.0,23.2,17.2,17.2,13.0,21.4,31.6,22.2,28.0,35.4,13.3,3.1,15.3,12.2,23.2,9.1,15.3,16.2,10.1,5.1,15.3,26.0,9.1,12.1,13.1,21.6,19.4,11.5
1772962203.5760849,8.3,3.1,12.0,6.1,46.0,40.4,22.2,18.2,26.7,19.2,4.1,3.1,14.3,11.1,14.1,12.0,8.9,6.1,10.1,6.0,5.2,9.0,26.0,22.2,8.9,21.2,28.3,23.0,17.3,7.1,31.0,31.0,17.2,16.8,27.0,25.5,15.3,31.0,18.2,14.0,15.2,12.1,30.0,15.8,10.2,8.2,23.8,22.0,16.3,20.0,8.0,2.0,12.1,9.1
1772962204.576504,15.5,8.2,14.1,14.1,31.2,33.7,27.3,31.3,22.2,23.0,5.1,6.1,31.0,17.3,10.2,4.1,8.2,8.2,21.8,19.2,11.1,13.4,30.9,19.2,8.1,24.0,16.0,24.2,19.4,15.2,29.3,20.4,18.2,17.2,23.0,29.0,15.8,28.7,10.1,5.1,11.1,7.1,27.7,27.6,11.0,7.1,25.3,24.0,15.0,11.3,20.0,6.1,11.0,7.1
1772962205.5831187,14.9,8.0,18.2,18.0,39.4,38.4,32.0,25.7,19.4,29.0,9.0,16.0,37.0,29.4,18.0,18.0,13.0,8.9,11.1,11.0,16.2,9.0,19.0,13.1,20.0,27.3,24.2,22.0,27.7,26.7,21.4,19.8,27.3,25.0,13.0,28.0,16.2,30.0,12.1,18.2,8.1,11.8,19.0,23.0,5.1,8.8,26.0,22.2,18.2,15.0,21.0,24.2,13.1,5.1
1772962206.5850308,12.6,9.1,18.0,7.1,31.6,36.0,34.3,28.6,21.2,34.3,24.2,18.2,28.3,25.5,17.2,7.1,9.2,12.2,12.2,19.4,24.5,25.8,19.4,20.4,6.1,23.2,22.2,14.3,24.8,19.0,12.1,12.2,23.0,17.5,17.5,15.3,16.2,25.5,26.5,25.3,13.3,11.5,23.2,18.2,19.6,20.8,39.4,37.8,8.2,15.5,12.2,26.3,8.2,11.5
1772962207.5861762,13.0,7.1,21.0,5.2,17.3,25.3,29.6,34.0,28.3,36.0,14.3,12.2,23.0,15.2,14.3,6.1,9.2,11.1,4.1,11.2,11.0,6.1,24.5,28.0,25.5,24.2,23.2,6.9,17.3,32.3,13.0,10.2,19.0,14.0,9.1,6.1,17.3,18.4,23.2,19.2,20.0,24.8,18.0,14.0,16.2,12.1,24.2,24.2,24.2,29.0,25.0,28.0,10.1,9.9
1772962208.5870047,17.3,14.3,9.2,7.0,26.0,8.1,43.0,25.3,21.2,19.2,10.1,10.9,7.1,22.0,9.1,6.1,17.2,21.0,10.2,8.2,6.1,8.1,36.6,32.0,13.1,16.2,20.2,28.3,10.1,5.2,10.1,10.1,14.4,20.2,13.1,12.2,26.0,11.0,28.3,29.4,11.1,17.0,20.4,20.2,11.1,10.2,37.6,27.5,23.5,26.5,25.0,27.0,12.4,9.2
1772962209.5948834,26.0,20.6,13.0,10.1,29.7,7.1,32.3,23.3,9.0,3.0,8.0,8.1,14.1,6.1,34.7,17.3,19.8,12.0,19.8,14.0,8.9,11.0,17.6,17.2,13.0,10.0,20.8,26.5,21.0,10.9,11.1,8.9,10.9,9.9,22.8,5.1,25.3,23.8,27.5,15.2,14.7,12.1,24.5,23.8,11.0,10.9,38.6,40.0,21.0,22.8,25.7,26.7,9.0,7.0
1772962210.59782,29.2,25.5,19.4,15.3,26.5,24.2,24.0,21.2,15.3,19.0,11.1,11.2,18.0,8.1,18.2,10.3,9.2,7.1,7.1,5.0,15.3,9.3,8.2,10.0,15.5,18.2,22.2,32.3,28.6,21.2,6.1,3.1,11.2,12.2,6.2,5.1,25.7,21.6,16.3,15.2,18.4,24.2,11.2,13.1,8.3,5.1,25.5,33.0,30.3,17.3,23.5,24.2,11.9,9.4
1772962211.5985174,22.7,15.5,24.2,29.7,15.0,16.3,26.5,26.5,17.0,12.1,16.3,15.8,31.0,12.1,31.0,18.0,9.1,7.0,12.0,17.2,8.2,5.1,28.0,36.4,24.2,32.3,19.2,25.0,39.0,35.0,11.1,12.2,10.1,15.2,9.1,8.0,22.2,32.4,20.4,20.4,19.2,18.2,15.0,8.9,22.8,24.2,25.7,40.6,18.2,21.2,11.0,6.1,19.2,10.0
1772962212.5999038,31.6,20.6,28.6,15.2,20.6,21.0,11.0,9.2,12.2,15.0,14.1,15.2,19.2,33.0,17.7,24.0,26.5,13.1,9.2,16.3,16.2,19.2,18.2,24.0,24.0,39.0,13.1,14.1,17.0,35.4,21.2,15.0,10.1,15.2,10.2,9.1,6.2,20.6,28.7,31.0,14.3,19.0,9.1,4.1,14.1,18.2,30.0,30.0,12.1,11.1,7.1,7.2,16.3,17.3
1772962213.5999856,23.5,15.2,25.3,21.6,19.2,10.1,10.3,7.1,12.2,13.3,9.1,11.3,21.2,28.0,18.2,12.1,19.0,9.3,12.1,11.0,24.0,22.0,16.3,29.7,26.0,24.5,22.2,7.0,14.3,32.3,17.2,9.1,11.3,15.5,12.1,14.1,20.4,12.9,22.4,15.0,8.0,8.1,15.5,16.0,22.0,14.3,38.6,23.2,27.0,11.1,18.8,12.1,13.3,15.5
1772962214.6000829,23.5,11.1,18.2,16.0,13.1,12.1,17.2,11.1,12.1,9.1,12.1,7.0,24.5,13.3,21.2,8.1,7.1,16.2,13.3,8.2,14.0,14.1,17.8,31.3,19.4,25.0,30.3,30.6,27.0,35.4,19.4,15.2,24.5,25.5,14.0,9.1,17.8,20.4,18.4,10.1,24.2,13.1,9.2,7.3,15.0,15.0,23.5,28.0,18.4,5.1,17.2,10.1,21.2,24.0
1772962215.600178,12.1,8.2,19.4,21.2,9.1,8.1,11.0,3.1,10.2,5.1,20.0,19.4,20.2,16.0,11.1,22.0,8.0,6.1,26.7,19.2,9.2,11.2,26.5,12.2,26.0,21.0,28.0,32.0,19.4,15.0,27.7,22.4,9.0,7.1,15.2,6.0,27.3,21.4,19.6,19.0,15.2,31.0,26.3,24.2,29.0,21.0,33.7,30.3,7.1,3.0,9.1,9.2,15.3,12.2
1772962216.600874,11.1,8.0,36.0,17.2,10.1,13.1,21.4,19.0,23.2,18.8,25.5,28.7,11.0,13.1,18.8,23.2,15.2,15.8,17.3,24.0,4.1,5.2,27.7,22.8,9.1,7.1,30.3,36.0,21.2,18.0,21.2,17.2,10.3,15.0,19.2,12.2,29.3,25.5,6.1,24.0,13.0,26.3,23.0,19.8,18.0,21.0,21.8,25.0,12.1,13.0,6.9,11.0,12.1,14.1
1772962217.6029446,13.3,8.1,19.6,20.0,13.3,12.0,34.3,18.2,14.0,8.2,34.3,33.3,18.2,21.8,29.3,22.2,9.2,12.2,14.3,13.1,20.0,10.9,16.3,22.2,19.2,11.2,38.6,30.0,15.3,14.3,13.4,10.3,23.2,18.2,20.2,16.3,13.1,11.1,45.5,41.8,23.0,29.7,19.4,14.1,19.4,16.3,32.7,14.1,17.0,15.3,8.1,8.3,16.2,15.2
1772962218.6053057,11.2,7.2,14.3,32.7,12.1,10.1,33.3,23.5,2.1,8.1,28.0,28.3,14.9,9.1,29.7,16.8,16.0,16.2,23.8,17.3,13.1,16.3,18.6,16.3,29.0,20.0,20.4,22.2,24.0,24.8,13.9,13.1,17.0,10.2,22.2,17.2,13.0,11.1,31.3,29.7,12.1,20.2,15.2,20.2,18.4,25.3,14.1,23.0,25.5,20.4,21.4,24.0,10.1,9.2
1772962219.6069784,14.4,6.1,29.3,42.6,9.1,5.1,17.3,14.0,9.1,14.1,17.3,24.8,17.3,4.0,7.1,21.0,12.2,15.2,14.3,15.0,13.3,14.0,28.7,33.0,16.2,26.7,16.2,19.2,18.0,23.2,10.2,6.1,10.2,12.1,13.1,22.2,8.2,4.1,27.3,34.0,32.3,12.0,8.0,7.0,43.6,30.0,16.2,12.9,23.0,14.1,6.1,7.2,17.2,10.2
1772962220.6083958,22.9,12.1,22.7,23.8,11.2,8.1,31.0,8.1,13.3,14.3,20.2,12.2,21.2,8.1,18.0,21.2,14.0,11.0,13.0,4.0,16.3,13.1,19.0,21.2,9.2,29.3,25.3,25.7,17.2,19.0,8.2,9.0,17.0,29.6,10.2,15.2,12.1,6.1,24.2,35.7,26.3,7.2,11.2,9.0,31.3,29.0,19.4,17.3,12.1,25.3,41.4,24.0,19.4,23.5
1772962221.6084783,20.2,12.2,8.0,2.0,8.9,5.1,15.3,7.1,8.2,10.0,33.3,33.7,15.0,5.1,19.0,34.0,13.3,13.0,24.2,21.0,11.9,7.9,24.2,19.0,10.1,22.2,14.0,7.0,21.0,17.2,17.2,24.2,8.2,7.0,10.0,10.0,13.3,4.1,34.0,28.7,20.0,14.1,7.1,3.1,25.3,28.0,17.2,8.0,13.1,18.0,37.4,40.4,20.2,18.2
1772962222.611878,24.7,17.3,7.3,5.0,13.3,7.1,8.3,10.2,20.8,13.1,29.0,26.3,13.3,6.1,27.3,40.4,10.1,7.1,29.3,25.5,8.2,6.1,22.2,19.0,12.4,26.0,24.2,10.0,16.2,15.0,13.1,14.0,10.1,7.1,15.2,15.0,11.0,13.0,15.2,24.2,23.5,20.8,15.3,9.0,24.2,23.2,14.1,11.1,19.0,8.1,44.0,34.0,5.2,12.2
1772962223.613278,18.2,7.1,26.5,25.5,17.0,5.2,13.9,26.5,16.2,14.1,31.3,26.0,12.1,9.1,43.4,30.3,20.0,13.0,29.3,29.7,10.9,8.2,19.6,22.4,33.7,28.3,22.0,7.1,18.2,21.4,5.1,11.2,19.2,8.2,14.3,9.2,23.0,17.2,19.8,25.3,22.4,29.3,13.1,21.2,18.0,13.0,7.1,6.0,12.1,7.1,34.0,23.2,25.3,25.0
1772962224.613382,15.2,6.2,22.2,20.4,13.4,15.2,17.5,20.4,22.4,23.2,39.4,45.0,14.3,4.1,18.0,30.3,22.4,7.1,32.7,39.8,14.3,23.0,22.0,19.0,37.0,35.4,27.0,18.8,20.2,16.2,13.1,7.0,23.5,18.2,21.2,8.0,15.2,11.2,13.3,31.0,40.6,24.2,8.2,8.1,36.4,31.3,11.2,13.3,10.2,10.1,31.3,31.3,11.2,8.2
1772962225.613763,16.5,7.1,21.6,10.0,15.3,9.1,19.8,21.2,10.1,5.1,25.3,28.0,10.0,2.0,19.8,34.0,10.8,5.9,27.0,27.0,11.2,8.0,28.6,18.2,20.0,19.2,27.3,28.0,11.2,8.1,17.3,13.0,16.3,24.2,17.8,8.1,11.9,7.1,17.2,23.2,17.3,22.2,8.1,13.3,37.0,28.6,7.1,7.0,11.0,6.1,18.4,17.3,23.2,21.6
1772962226.6156666,11.2,11.1,21.2,11.1,21.8,18.0,27.3,32.0,7.1,5.1,25.0,39.4,6.1,4.0,24.5,10.9,10.3,4.1,22.8,7.1,31.0,26.0,24.8,28.0,15.5,27.3,29.0,31.0,8.0,15.8,14.7,9.1,24.0,26.7,11.1,5.1,17.3,17.8,20.0,32.0,18.0,27.5,11.3,4.0,17.0,15.0,11.1,6.1,13.3,12.1,25.3,28.0,22.2,8.2
1772962227.6181967,9.4,9.1,9.2,12.1,10.0,8.0,19.4,25.0,12.9,5.1,23.0,27.0,11.1,6.1,36.6,21.2,22.2,13.3,12.2,7.1,36.3,24.0,34.3,38.0,14.0,7.0,19.2,15.2,5.1,9.1,11.1,7.0,30.3,16.3,12.1,6.2,15.3,12.1,25.0,9.9,31.7,30.3,24.2,6.1,7.1,2.0,13.1,5.0,11.1,9.1,26.0,31.0,21.0,19.2
1772962228.6210418,19.0,18.0,16.2,11.2,12.1,7.2,29.0,23.5,8.2,5.1,17.2,20.0,10.1,14.1,31.0,44.0,11.2,22.0,8.1,9.9,15.2,4.0,37.0,28.0,6.1,5.0,51.0,49.0,14.1,14.0,8.2,9.2,20.4,11.2,18.4,14.9,19.0,30.3,37.8,14.3,41.8,37.4,23.5,8.1,8.2,5.1,31.7,13.1,18.4,21.6,30.0,26.7,15.3,17.2
1772962229.621619,36.4,24.0,10.1,10.2,8.1,18.8,22.2,22.0,18.4,12.2,10.1,11.1,15.2,10.2,38.0,35.0,11.2,7.1,11.3,7.2,14.3,3.0,20.2,33.3,37.0,9.1,50.0,43.4,22.2,18.6,20.0,12.2,18.0,12.1,16.0,13.3,8.2,20.8,17.2,27.0,22.4,25.3,20.0,26.5,9.2,11.2,13.5,22.0,18.0,14.1,38.4,27.6,11.0,12.0
1772962230.6221948,19.6,19.2,8.1,7.1,5.2,3.1,14.3,17.2,11.9,19.2,11.0,11.1,6.2,3.0,26.0,33.0,11.1,9.0,11.2,9.1,20.0,3.0,18.2,27.7,11.2,5.1,24.2,31.7,31.3,45.0,23.2,14.1,11.2,10.0,11.1,8.1,17.2,10.2,25.0,30.0,31.0,14.3,33.0,21.0,12.1,6.9,19.0,17.2,7.0,5.2,26.0,31.0,6.1,9.0
1772962231.623845,41.1,29.6,22.2,24.2,20.4,14.0,16.2,24.0,17.3,16.0,14.3,15.8,15.0,15.2,17.3,35.0,10.1,9.2,11.0,4.0,10.2,14.0,17.3,19.2,8.1,10.2,27.0,20.4,19.4,22.4,16.2,22.2,14.4,10.2,8.2,9.1,33.0,20.2,17.2,15.0,12.9,5.0,31.0,25.0,8.0,8.1,31.0,21.2,10.2,12.0,32.3,32.0,7.2,5.1
1772962232.6276894,29.6,28.0,28.0,13.9,13.1,17.3,13.3,15.2,9.1,11.2,10.1,16.3,20.0,7.0,17.0,31.3,11.1,13.0,10.1,4.0,12.0,7.2,9.1,23.2,9.2,10.0,28.0,9.0,29.3,21.8,19.0,21.0,24.2,27.0,28.0,27.7,32.0,17.0,19.0,4.0,12.1,18.6,11.1,14.1,16.2,18.8,26.7,31.0,16.3,10.0,16.0,18.2,12.9,3.1
1772962233.627795,30.6,20.6,15.0,23.2,9.2,5.1,27.3,20.2,5.2,5.1,25.3,20.2,16.2,17.3,21.4,38.4,13.3,23.0,12.9,9.0,32.3,19.4,17.2,19.2,11.2,8.2,32.0,12.0,25.7,19.2,21.0,20.4,10.1,10.2,24.5,18.6,29.3,13.0,9.0,10.2,23.2,34.3,16.5,10.1,22.2,21.2,25.0,21.0,12.2,13.3,18.2,24.8,13.3,7.1
1772962234.6280432,18.7,25.3,23.2,23.2,14.1,11.1,17.2,9.9,4.0,5.1,21.2,17.2,15.2,10.1,32.3,23.8,8.1,11.2,12.2,7.1,26.0,22.4,18.0,27.0,16.3,10.1,17.2,14.3,16.7,18.4,12.4,13.1,19.0,27.7,28.7,17.8,23.2,13.0,11.9,5.1,13.4,23.2,36.0,33.0,22.2,13.3,31.3,24.2,26.0,18.0,17.0,21.2,14.1,6.1
1772962235.6333094,15.3,24.0,27.0,22.0,12.2,14.1,13.3,18.2,28.0,6.0,12.0,13.9,9.1,5.0,24.8,19.0,13.9,4.0,17.0,7.9,11.1,12.1,24.8,27.7,13.0,4.0,17.0,14.9,48.0,38.6,25.3,17.2,18.0,17.2,10.0,20.0,30.4,27.0,21.4,9.9,8.9,24.8,36.0,29.0,24.2,11.9,46.5,48.0,11.0,11.1,14.0,15.0,8.1,11.0
1772962236.6333945,36.1,19.4,23.5,29.0,10.1,10.2,11.2,12.2,12.2,5.1,15.5,8.2,7.1,3.1,10.1,23.0,10.2,7.1,25.3,17.5,14.3,8.1,18.2,17.3,9.3,9.1,9.2,15.2,47.4,40.8,12.1,15.7,25.5,22.0,6.1,3.1,19.6,22.2,20.2,12.0,15.2,31.3,20.4,43.0,5.1,4.2,34.3,33.3,14.3,11.2,12.0,3.1,7.1,11.2
1772962237.6345482,25.8,32.7,32.0,26.5,27.3,13.1,12.4,11.0,21.2,14.1,14.0,13.0,11.1,12.0,16.2,27.3,17.3,9.1,26.7,4.0,14.3,13.1,23.0,13.0,15.2,6.0,11.1,7.1,42.0,39.8,10.2,10.3,19.0,18.2,9.3,13.3,12.1,4.0,6.1,8.2,16.3,25.0,17.2,31.0,15.2,4.0,46.5,46.5,18.2,18.2,23.5,16.3,14.1,9.3
1772962238.6431813,33.0,24.0,24.2,24.5,14.1,11.1,11.9,8.1,8.1,8.9,10.1,16.2,21.8,17.0,19.8,25.3,18.0,22.4,29.3,8.2,24.5,20.0,33.0,21.2,7.9,6.1,4.0,12.0,47.0,32.0,10.0,3.0,21.2,16.2,15.8,12.1,8.0,10.2,24.0,15.0,19.0,25.3,18.4,23.2,26.0,12.1,48.5,44.0,15.8,19.0,17.0,11.9,9.1,4.1
1772962239.6555674,30.0,32.7,20.8,26.0,12.1,11.9,11.1,13.1,17.0,20.8,18.0,10.0,23.8,26.7,9.0,24.5,17.8,14.9,28.2,23.8,11.1,6.0,14.0,17.6,12.1,13.9,23.2,11.0,26.0,27.0,8.9,6.0,24.8,22.0,14.0,20.4,9.9,8.0,11.2,6.0,42.6,30.0,18.8,16.8,22.2,29.4,61.8,47.1,12.9,12.0,11.2,10.1,7.0,4.0
1772962240.6556525,18.6,26.5,32.3,28.3,16.2,16.2,6.1,5.0,8.0,4.1,32.7,19.6,13.3,8.1,19.0,12.2,15.5,6.0,22.4,20.0,10.2,7.1,15.3,23.5,7.1,4.1,11.0,9.2,31.3,31.3,21.2,18.2,22.0,21.2,14.1,16.3,7.1,12.1,11.1,9.1,38.4,48.0,19.2,27.7,12.0,22.2,39.6,45.0,11.1,5.1,24.8,23.8,21.2,18.8
1772962241.6578515,23.7,21.4,26.5,25.3,42.6,41.4,18.0,5.1,19.4,10.1,21.2,11.1,16.2,14.1,26.3,28.0,17.2,11.2,24.0,30.3,14.3,14.3,22.0,14.0,26.3,13.3,16.2,10.2,25.3,21.4,15.3,16.3,30.3,29.7,19.6,18.2,23.2,14.0,15.3,6.1,12.0,20.2,32.0,17.0,9.1,23.8,39.4,46.5,14.4,15.2,9.2,4.1,9.0,13.3
1772962242.6585877,11.7,21.2,27.6,30.6,23.5,27.0,16.2,13.1,10.2,6.1,7.1,17.3,24.5,13.1,32.0,32.7,7.1,18.2,20.2,21.2,11.0,7.0,16.2,11.1,19.4,12.1,8.1,4.1,30.0,31.0,15.3,11.1,23.2,28.0,10.2,9.2,22.4,8.1,24.0,10.1,13.3,11.1,19.6,23.2,9.3,22.2,36.4,32.0,8.2,3.0,24.0,13.0,6.1,6.1
1772962243.6736104,20.2,21.6,30.1,24.8,23.5,24.8,9.9,8.0,10.9,13.7,15.7,12.7,16.7,7.9,33.7,35.6,29.4,15.7,26.7,22.5,10.9,13.0,12.9,9.8,30.1,24.5,17.8,10.0,30.4,31.0,20.0,9.1,19.6,15.8,13.7,5.0,4.0,8.1,6.0,5.0,14.0,21.4,26.0,21.6,24.5,26.7,28.2,26.2,7.0,7.8,12.0,16.8,5.0,7.1
1772962244.6743138,35.1,17.5,36.1,30.6,14.6,16.5,8.2,6.2,15.6,14.6,11.3,13.3,20.6,13.4,7.1,21.4,18.0,19.2,17.3,13.3,15.3,13.4,20.6,17.7,29.9,22.7,10.4,5.1,36.7,40.4,16.3,9.2,30.6,32.3,14.3,14.1,16.5,11.1,17.3,12.2,19.4,30.9,19.4,12.2,22.4,27.8,41.2,32.0,13.0,18.4,19.6,18.7,24.2,18.6
1772962245.6755247,29.9,27.3,24.2,7.1,28.0,20.2,15.5,13.1,5.1,5.1,13.1,18.6,17.0,7.0,11.3,22.4,21.4,14.3,15.3,15.3,16.2,12.1,21.0,22.0,29.7,16.0,23.2,22.4,47.0,43.9,16.2,18.0,26.7,17.2,16.8,13.3,26.7,17.2,11.1,11.1,23.0,6.1,11.2,4.1,19.2,24.0,33.0,24.2,7.1,6.1,15.8,7.2,16.3,15.2
1772962246.6810367,13.4,21.0,18.0,15.0,30.0,26.7,16.0,17.2,20.2,12.1,10.2,16.8,9.0,6.1,27.0,15.8,20.0,12.1,18.0,33.0,14.1,2.0,15.2,15.2,18.2,6.1,13.0,10.9,29.3,24.0,12.1,9.0,18.0,14.0,19.2,11.1,10.1,27.0,21.8,20.6,17.2,25.7,13.1,5.1,15.5,13.0,34.0,31.0,18.0,17.2,7.1,8.0,5.0,9.1
1772962247.684691,19.1,32.3,10.2,18.2,24.0,9.1,7.1,13.0,14.0,16.8,16.2,25.0,9.3,7.1,17.0,27.3,17.2,15.2,22.0,24.2,5.1,3.0,21.0,13.0,23.2,18.8,17.2,17.2,36.4,27.3,13.0,14.1,16.5,18.0,7.1,17.0,18.8,22.2,13.3,8.2,23.2,29.0,28.7,18.0,8.1,5.0,19.0,15.0,17.2,10.1,11.1,8.2,6.1,8.0
1772962248.684803,39.8,31.0,22.9,28.7,32.0,25.3,12.2,3.0,14.3,17.2,12.1,14.1,18.0,10.2,25.0,7.1,21.2,16.3,15.0,18.2,14.0,13.3,7.2,7.1,8.2,26.5,21.2,16.2,45.1,38.8,12.2,7.1,16.2,18.0,15.2,7.1,11.2,22.2,11.1,7.1,15.2,31.0,8.2,9.1,14.0,6.1,8.0,10.1,27.3,23.2,11.3,14.1,16.3,9.2
1772962249.6876285,28.4,34.7,31.7,23.2,31.3,35.0,6.1,6.1,16.2,11.1,15.2,6.1,28.3,30.7,17.3,15.2,35.0,28.3,24.0,16.2,24.5,24.0,24.8,12.0,13.1,26.0,23.0,9.0,14.1,30.7,28.0,20.4,9.0,4.1,18.0,21.0,26.3,12.1,14.0,7.1,38.6,11.1,22.0,13.1,15.2,12.2,15.2,19.2,24.2,19.0,30.0,19.4,6.9,6.2
1772962250.6878564,14.7,18.2,12.2,21.0,33.0,32.7,5.0,6.1,6.1,15.0,7.9,9.9,13.1,18.2,15.2,4.0,41.4,13.1,12.1,6.0,6.1,5.1,21.2,5.2,13.9,27.8,9.1,9.2,12.1,12.1,12.2,10.1,11.0,1.0,4.0,7.1,7.1,22.0,7.1,2.0,8.1,20.2,5.1,6.9,7.1,7.1,9.2,3.1,24.8,27.8,24.2,25.0,14.3,10.1
1772962251.6886349,17.3,13.3,23.2,17.0,37.4,40.6,9.2,11.1,14.3,9.2,12.4,8.2,19.0,16.2,5.1,7.1,38.2,17.8,8.0,4.0,10.9,11.0,25.3,18.4,6.1,23.8,9.1,6.0,26.0,30.0,9.0,2.0,9.2,7.0,15.2,16.0,18.0,20.4,11.3,8.0,19.2,23.0,9.3,5.1,10.2,4.0,19.0,8.2,13.1,12.1,13.1,14.3,10.1,16.0
1772962252.6921897,9.7,10.0,8.9,14.9,25.7,17.8,4.0,3.0,12.6,7.1,5.0,5.9,33.7,27.0,12.9,10.0,25.7,14.7,8.0,4.0,4.0,4.0,19.8,25.5,4.0,21.8,4.9,2.0,10.0,4.0,8.1,2.0,16.0,11.0,5.9,5.0,22.2,13.9,5.0,5.0,24.8,15.0,8.8,3.0,7.9,9.0,6.0,4.9,15.2,12.0,5.0,4.0,8.0,3.0
1772962253.6932132,10.4,3.1,13.3,21.4,24.7,16.3,13.3,15.2,9.2,6.1,8.2,4.1,15.3,19.2,9.2,6.1,46.0,30.9,11.2,10.2,24.2,17.2,9.1,22.4,15.0,16.2,23.5,23.2,26.3,2.0,19.0,15.2,12.1,10.2,13.4,14.1,25.0,27.7,24.2,12.2,18.6,35.4,19.6,19.6,22.2,19.0,32.3,25.3,16.0,15.0,32.0,32.3,17.2,6.2
1772962254.6933043,11.6,7.0,26.7,12.1,14.3,6.1,17.2,19.2,12.2,7.1,17.2,12.1,22.4,12.2,20.2,22.4,35.7,11.1,13.3,6.1,10.1,6.1,18.4,35.0,4.1,7.1,10.1,4.0,11.1,22.2,14.1,19.6,7.1,9.2,11.0,20.2,20.0,27.3,17.2,28.0,29.7,24.2,20.2,16.3,7.1,6.0,20.0,15.2,17.3,20.2,32.0,33.0,15.2,11.0
1772962255.693987,15.5,7.1,20.4,30.0,20.2,21.6,23.5,27.3,11.2,6.1,20.4,8.2,35.6,23.0,35.6,36.0,29.0,32.0,10.1,7.1,10.2,19.2,17.2,11.1,13.1,11.0,20.2,18.0,16.2,18.0,18.0,14.9,10.1,5.0,4.2,7.1,17.3,28.0,25.3,24.0,23.7,22.0,28.3,18.2,13.1,5.2,9.3,12.1,31.0,25.5,20.8,28.6,10.2,7.0
1772962256.694173,13.3,8.2,12.0,13.1,22.0,18.4,27.7,23.0,10.1,5.1,11.9,4.0,14.0,13.0,8.1,2.0,19.0,26.5,7.0,11.0,17.2,18.4,5.1,3.0,12.1,7.0,9.1,9.1,13.0,24.0,8.2,2.0,9.1,5.1,7.1,2.0,20.0,31.3,23.5,18.0,19.0,19.2,24.2,33.0,14.1,11.1,11.0,17.2,12.2,13.9,13.3,19.2,12.9,8.2
1772962257.6942647,9.5,4.0,2.0,1.0,27.0,33.3,27.3,28.0,6.9,10.0,3.1,5.9,23.2,19.2,7.1,11.8,18.2,23.0,15.2,11.1,18.0,18.0,17.8,4.0,6.9,13.0,6.0,4.0,9.0,23.8,14.1,2.0,4.1,3.0,8.0,2.0,26.0,23.2,15.8,18.2,34.7,13.0,6.9,8.1,6.1,5.1,5.1,3.1,19.8,14.1,21.8,25.7,8.2,1.0
1772962258.6943498,8.3,3.0,5.0,2.0,16.3,27.0,16.0,20.0,8.0,12.1,9.9,10.1,16.2,17.0,14.0,19.0,7.1,19.8,6.1,7.0,3.1,19.4,16.2,15.8,14.6,1.0,8.2,7.1,14.0,27.0,6.1,9.2,9.0,7.1,4.0,8.0,27.3,26.7,17.2,17.3,42.6,18.2,6.0,6.1,6.1,4.0,8.1,5.0,35.0,37.0,20.2,3.1,11.1,13.3
1772962259.6944363,11.6,12.0,6.1,2.0,12.9,32.3,22.2,17.3,14.4,7.1,7.1,8.1,12.1,12.0,4.1,4.1,14.0,17.2,10.1,6.1,13.9,3.0,6.9,2.1,2.0,2.0,3.0,2.0,11.1,14.0,11.0,8.9,11.9,2.0,4.1,2.0,19.4,15.0,24.2,11.9,39.4,42.6,3.1,2.0,10.1,9.0,6.9,9.0,23.0,30.0,5.9,17.0,14.3,14.0
1772962260.6961546,12.5,7.1,14.0,8.2,12.1,24.2,25.0,30.4,6.0,12.7,13.1,18.2,29.0,20.2,9.1,3.0,13.0,15.0,15.3,4.1,11.0,16.0,11.2,8.0,16.8,10.0,7.0,7.0,9.0,10.1,32.3,15.2,11.1,6.1,7.1,18.0,8.0,13.4,24.2,18.2,25.0,46.5,10.1,6.0,20.8,5.1,11.2,10.0,17.2,16.2,17.2,18.0,23.0,25.0
1772962261.6970315,22.2,14.3,14.3,24.2,25.5,43.0,36.4,43.0,13.3,2.1,17.2,16.0,18.2,16.2,12.2,7.2,20.0,16.0,12.1,12.9,18.0,6.1,13.1,14.9,21.4,30.7,12.0,5.1,7.3,3.0,25.7,19.8,19.2,16.3,20.8,8.0,5.1,19.6,20.2,22.0,23.0,23.0,10.1,3.0,13.1,7.1,16.0,13.0,20.2,16.0,26.3,24.2,21.2,22.4
1772962262.6977835,18.4,7.1,25.0,16.3,29.3,38.0,53.5,42.0,22.0,26.3,17.2,16.3,36.4,26.0,15.0,8.0,18.0,11.1,5.0,5.1,10.0,20.2,18.8,13.3,16.2,10.2,20.2,21.8,11.1,13.1,16.2,17.2,6.1,5.1,11.1,16.0,10.2,10.2,24.8,18.6,18.0,22.2,11.8,4.1,4.2,6.0,5.1,8.2,15.0,19.0,32.0,31.0,13.1,12.0
1772962263.6978707,6.3,3.0,12.0,3.0,33.0,35.7,41.0,43.0,7.1,5.0,3.1,2.0,22.2,18.4,15.0,5.1,17.2,18.2,10.9,7.0,14.3,21.0,11.2,8.1,14.1,4.0,9.0,13.0,5.1,8.1,10.0,18.8,5.1,4.0,9.1,7.1,8.1,19.2,17.2,18.0,30.3,13.1,15.2,7.1,8.0,5.1,19.4,17.2,15.3,17.2,24.2,26.0,7.1,8.1
1772962264.699902,16.2,8.1,11.0,15.2,18.2,8.0,40.4,48.5,13.0,4.0,6.0,3.0,23.5,21.8,10.9,4.0,13.0,12.0,6.0,2.0,13.9,20.0,4.0,4.0,10.0,10.9,14.3,7.1,7.9,5.9,5.1,5.0,11.0,7.0,5.0,9.9,7.1,10.0,13.3,15.8,24.8,16.8,5.0,5.0,7.0,7.9,7.1,5.0,22.8,12.9,17.8,30.0,16.8,21.8
1772962265.702677,12.5,11.0,10.2,5.9,17.2,21.8,30.0,42.6,4.1,9.0,5.1,5.0,26.0,13.1,11.0,10.9,22.0,18.0,7.1,5.1,21.2,5.1,17.2,5.0,16.8,10.0,13.0,10.1,8.1,9.1,9.2,10.1,6.1,3.1,8.2,7.0,5.0,3.0,13.0,11.1,16.8,27.7,9.1,4.1,10.9,12.2,12.0,11.1,22.2,15.3,18.0,20.4,8.1,15.2
1772962266.7027597,11.8,4.0,9.1,6.1,11.0,10.0,32.0,23.8,5.0,4.0,6.9,8.1,6.1,6.0,2.1,7.1,19.0,12.0,8.2,8.0,18.4,6.0,13.9,8.1,11.2,2.0,9.1,4.0,7.1,5.0,8.0,3.1,5.9,6.0,6.1,3.0,18.2,10.1,13.1,11.2,9.1,31.3,14.0,14.9,7.1,13.0,16.8,13.1,13.0,12.9,15.3,20.8,11.0,10.1
1772962267.7028584,10.4,2.0,6.1,5.0,17.0,15.0,22.2,22.0,16.2,2.0,2.0,5.0,2.0,2.0,3.0,7.0,11.0,17.3,11.9,9.0,15.2,15.2,7.0,2.0,3.0,3.0,5.0,1.0,4.0,1.0,8.1,2.0,2.0,1.0,1.0,1.0,5.1,15.2,11.1,16.8,2.0,19.8,15.8,18.0,5.0,4.0,19.2,20.0,12.0,8.1,13.0,3.0,13.0,5.1
1772962268.7029338,8.3,3.0,18.0,5.1,22.0,23.2,50.5,38.0,19.2,5.1,6.1,8.1,5.0,3.0,5.1,4.0,15.2,20.0,15.2,5.0,17.2,10.9,15.2,13.0,26.7,14.1,15.2,15.8,14.1,14.0,7.1,5.0,12.0,1.0,6.1,6.9,7.0,7.0,19.2,16.3,10.0,6.2,2.0,7.1,4.0,6.0,9.1,4.0,7.1,3.1,23.0,22.2,13.1,12.9
1772962269.7078085,12.4,8.0,21.2,13.0,27.3,28.7,31.0,27.3,9.0,5.0,14.0,5.2,8.1,6.0,10.0,7.1,5.1,17.8,5.0,4.1,22.8,16.2,23.2,24.0,21.8,16.0,13.9,16.2,7.9,4.1,16.8,19.8,7.1,3.0,9.0,15.2,15.0,13.9,28.3,28.0,12.1,6.1,12.0,13.0,12.0,15.3,15.8,27.0,6.8,15.8,20.8,14.9,21.2,12.0
1772962270.7078972,13.3,7.1,8.2,3.1,34.7,26.5,32.0,50.0,16.0,12.2,14.3,13.0,18.2,14.3,6.1,11.0,16.2,8.0,7.0,4.0,12.1,5.1,11.0,9.0,4.1,7.1,5.1,5.1,10.1,8.9,21.8,31.0,3.1,1.0,9.1,4.0,21.4,23.0,20.0,21.0,19.8,17.2,6.1,19.4,16.3,13.7,19.0,18.2,1.0,11.2,10.0,22.2,19.2,20.4
1772962271.7084467,7.4,8.1,16.2,19.8,26.3,19.2,47.0,44.0,8.2,11.0,11.0,12.9,34.0,14.3,4.0,5.1,8.1,16.3,7.9,5.1,12.2,3.1,12.2,6.1,8.8,14.1,7.0,11.1,3.0,10.2,19.8,22.5,17.8,12.2,12.2,7.9,29.0,35.0,8.1,7.1,14.0,20.8,6.0,7.0,15.8,9.1,9.0,5.1,7.1,3.1,9.1,20.0,22.0,15.8
1772962272.7085354,14.3,13.1,12.2,9.2,23.2,19.0,46.0,38.0,8.0,8.2,10.1,7.1,28.6,16.2,10.0,3.1,14.0,17.2,11.1,8.1,9.1,10.0,14.9,13.1,28.6,26.7,15.2,14.0,21.4,14.1,25.0,21.0,6.2,7.9,4.0,7.1,27.3,27.0,7.1,6.1,8.2,3.0,3.1,9.1,11.0,6.1,15.2,13.9,8.1,6.1,8.2,19.8,17.0,3.1
1772962273.7114217,10.3,4.0,24.0,26.7,30.4,35.6,36.4,30.7,12.9,9.0,11.9,13.1,9.9,23.8,13.3,11.0,12.1,11.9,9.0,22.8,11.9,7.9,26.3,21.8,14.1,7.9,18.6,15.0,14.1,15.8,30.7,24.8,14.1,7.1,11.9,6.1,21.2,12.9,11.9,10.9,9.0,3.0,18.8,15.0,21.0,9.0,22.8,12.1,12.0,30.7,31.4,30.0,16.3,17.6
1772962274.7115057,13.8,6.2,15.3,18.0,20.4,17.2,29.0,26.3,10.2,9.2,5.1,10.0,17.2,16.2,5.1,5.0,11.1,10.2,11.2,11.2,17.0,5.0,5.2,10.1,5.0,5.1,14.3,12.2,8.1,10.1,25.3,32.0,7.1,7.1,6.0,4.0,9.1,3.1,9.2,6.1,4.1,2.0,5.1,6.0,7.1,1.0,15.2,7.0,6.1,14.3,6.1,17.2,12.7,8.2
1772962275.7127829,9.3,6.9,11.2,9.2,28.7,27.0,38.0,45.0,20.0,11.0,12.1,7.0,27.3,12.0,5.1,3.0,16.0,16.8,21.0,25.0,12.2,5.1,16.0,6.0,7.1,4.0,18.0,18.0,19.0,16.0,25.0,27.0,8.9,6.0,6.2,7.0,10.1,6.0,19.2,14.3,14.9,16.0,7.1,9.0,14.0,12.0,14.9,7.1,12.0,2.0,14.0,23.2,32.0,26.7
1772962276.7144,14.6,5.1,6.1,9.1,24.2,27.0,49.5,36.6,18.4,13.9,9.1,6.1,22.2,12.1,7.1,7.1,7.0,3.1,6.0,8.2,18.4,12.1,13.1,3.1,8.1,5.0,17.2,26.0,24.0,23.0,10.1,10.1,15.2,4.1,26.7,15.0,17.2,35.0,4.0,8.9,17.3,5.0,19.0,21.4,4.0,14.0,4.1,3.0,5.1,4.0,11.2,10.0,16.0,23.2
1772962277.7144907,14.7,13.0,12.2,14.1,16.3,15.8,29.3,24.2,4.0,5.1,15.8,19.0,19.0,8.0,15.0,16.0,5.0,11.8,10.1,6.1,20.0,21.2,10.1,12.9,10.1,9.1,26.0,26.0,12.1,11.1,42.0,32.3,6.1,13.0,13.3,11.1,7.9,24.0,5.1,2.0,11.1,6.0,14.7,8.0,9.0,4.0,12.0,10.0,8.1,4.1,9.1,11.3,22.4,11.9
1772962278.7164946,23.2,15.0,4.1,2.0,20.0,20.4,39.0,27.7,13.1,6.9,6.0,2.0,15.0,18.0,18.8,13.0,5.1,3.0,9.0,6.0,23.2,33.7,14.0,19.2,5.0,2.0,25.0,19.0,5.0,0.0,11.1,19.8,4.1,9.1,6.1,5.1,8.0,25.0,4.0,3.0,14.9,9.2,14.3,10.0,9.1,1.0,9.0,9.0,8.1,5.0,29.0,20.8,10.0,23.5
1772962279.7191195,17.3,14.1,7.9,3.0,20.0,24.0,24.0,21.2,6.0,7.1,10.0,5.0,16.2,14.0,6.1,4.0,5.1,3.0,12.0,5.0,44.6,24.2,15.0,18.8,11.0,10.0,19.2,24.0,9.0,12.0,19.8,21.2,6.0,7.1,7.1,12.9,10.2,21.8,5.1,3.0,10.9,9.9,14.0,8.1,34.7,24.0,8.1,9.1,19.6,18.0,12.0,6.0,25.7,28.0
1772962280.7238052,14.7,10.9,6.0,10.9,11.0,13.7,24.8,21.8,9.8,5.1,11.1,12.0,13.7,15.0,4.0,4.0,6.9,6.0,5.0,3.0,20.8,29.4,9.0,7.9,0.0,5.9,21.8,16.8,4.0,5.0,16.0,13.9,9.0,8.8,4.0,1.0,5.8,18.8,4.0,11.9,8.0,1.0,5.1,2.0,14.0,12.1,5.9,3.0,3.0,2.9,7.9,5.9,5.0,25.5
1772962281.7322974,17.0,14.1,12.1,14.0,26.5,27.6,38.0,29.3,15.3,13.0,5.1,6.1,16.0,14.9,13.9,11.9,5.0,6.1,13.0,15.2,23.0,7.0,23.0,31.0,6.0,17.2,19.0,25.3,12.0,8.1,13.0,15.2,32.0,34.3,17.0,15.2,13.1,10.2,13.1,14.0,11.1,4.0,18.8,4.1,8.1,8.9,7.1,9.0,9.2,6.1,15.8,9.1,24.0,25.3
1772962282.734459,22.7,16.0,6.0,5.1,17.0,14.1,24.5,23.8,9.0,3.0,9.0,3.0,27.0,16.0,8.1,8.9,6.1,4.1,8.1,14.0,9.0,16.2,22.0,35.6,20.0,3.0,15.2,12.0,6.1,3.0,7.1,10.9,16.2,18.0,5.0,6.1,4.0,4.0,10.0,10.2,10.1,2.0,2.0,2.0,10.0,6.0,4.0,9.0,7.0,2.0,15.2,13.1,6.0,5.1
1772962283.7347462,15.5,11.0,3.1,16.0,16.0,14.0,22.0,15.2,4.0,6.1,8.1,9.1,24.0,22.0,9.0,6.1,19.0,12.1,12.0,2.0,0.0,7.9,25.3,25.3,8.0,3.0,14.1,12.2,19.0,5.1,13.1,11.1,11.0,11.1,7.0,5.0,9.1,6.9,12.9,12.9,25.5,31.3,11.0,0.0,5.1,5.0,6.0,2.0,3.0,7.0,5.0,4.0,2.0,3.1
1772962284.7363913,25.3,18.8,6.0,8.1,28.6,27.0,15.3,7.0,26.3,17.0,23.0,18.8,29.0,29.3,1.0,3.0,19.0,8.1,6.2,3.0,14.0,9.1,16.0,12.0,17.6,3.0,19.2,18.0,7.1,14.9,16.8,17.0,21.8,16.3,9.2,7.1,3.1,1.0,9.1,7.0,31.3,25.0,20.0,13.0,6.0,9.0,18.0,12.0,9.1,4.0,19.2,7.1,25.0,9.1
1772962285.7373223,23.2,20.6,26.3,12.1,35.6,31.3,10.0,11.0,12.2,8.2,28.6,18.2,25.0,29.0,12.2,15.2,8.2,11.9,15.0,3.1,34.0,26.5,23.0,11.1,16.2,9.1,42.0,37.0,18.8,20.2,13.3,26.0,20.0,18.0,18.0,13.0,12.2,12.1,8.1,10.1,38.4,29.0,10.1,6.1,7.1,16.3,3.1,4.1,17.3,11.2,12.1,8.2,24.5,24.0
1772962286.7393024,25.0,24.0,8.0,2.0,17.0,8.0,8.1,5.0,13.0,8.9,8.0,19.0,15.2,18.6,20.0,19.0,10.2,6.1,19.2,1.0,40.6,39.6,10.0,13.9,24.5,8.0,48.5,41.6,9.2,6.1,7.1,17.0,16.2,15.0,20.4,15.2,8.9,12.0,5.1,1.0,15.3,3.0,8.1,14.1,12.0,8.0,7.0,6.1,11.0,11.0,6.1,3.0,29.3,17.2
1772962287.739371,21.9,12.1,2.0,4.1,7.1,10.0,5.1,3.0,7.0,6.1,9.1,8.0,24.0,20.2,5.1,3.0,8.9,6.0,17.8,11.9,29.3,45.0,19.4,20.0,12.9,3.0,42.4,37.8,1.0,3.0,13.1,5.0,17.3,15.2,6.0,11.0,4.0,1.0,5.1,1.0,4.0,2.0,19.0,7.9,5.1,3.0,9.2,5.1,3.0,2.0,15.0,3.0,20.8,16.0
1772962288.7394574,20.0,13.1,4.0,5.0,12.0,14.0,5.1,5.1,3.0,4.0,5.1,3.2,15.3,14.9,6.0,6.0,6.1,6.1,5.0,6.0,26.0,48.5,3.0,12.1,6.1,2.0,24.0,24.8,14.0,7.0,10.9,13.1,21.0,16.0,8.1,17.8,14.9,16.0,4.1,6.1,5.1,2.0,5.9,18.2,2.0,12.0,15.2,14.0,4.1,4.0,10.0,9.0,9.1,8.1
1772962289.7395473,18.7,14.9,10.1,7.2,20.2,16.2,5.0,10.0,17.0,9.0,14.0,11.0,19.8,19.2,6.2,3.0,14.0,19.0,19.0,22.0,40.0,27.3,7.1,14.1,5.1,3.1,28.0,24.2,3.0,3.0,11.1,14.0,13.1,14.0,14.3,5.1,6.2,4.0,7.0,3.0,16.0,15.0,13.0,15.0,14.1,15.2,9.9,9.0,4.0,2.0,5.0,3.0,6.1,2.0
1772962290.739641,16.0,12.2,5.2,6.0,22.4,13.3,12.9,7.1,10.1,11.1,13.0,17.0,18.4,25.0,8.9,10.1,6.1,8.1,12.2,9.2,37.6,36.0,15.0,11.0,15.8,12.1,25.0,21.0,15.0,7.1,16.0,14.3,19.0,20.8,14.0,7.0,8.0,5.1,22.0,7.1,20.0,22.2,10.2,11.1,8.0,8.1,12.2,5.1,12.1,7.1,10.1,13.3,13.1,4.1
1772962291.7666173,16.2,11.7,8.9,10.7,8.7,7.7,11.7,6.8,10.7,7.8,23.5,21.4,38.8,24.3,34.3,17.3,4.9,2.9,6.8,5.9,37.9,30.4,10.9,17.5,19.8,7.7,29.8,11.7,16.7,6.7,11.8,10.7,30.1,23.3,2.9,3.9,6.7,3.9,14.6,9.7,16.5,19.6,20.6,5.8,9.8,6.7,10.8,4.8,8.8,8.8,14.7,12.6,19.6,14.6
1772962292.7666895,11.7,8.2,20.2,8.2,6.1,3.1,8.2,3.0,28.0,8.1,30.0,10.3,33.0,28.3,23.2,17.3,17.3,3.1,7.2,6.1,15.2,25.0,21.4,25.3,36.0,23.5,15.3,9.2,19.2,11.3,10.2,15.2,23.2,20.4,14.0,12.2,11.2,20.0,11.1,13.0,32.7,29.3,14.1,23.5,17.2,13.4,11.2,8.2,4.1,7.1,7.2,13.1,27.0,8.1
1772962293.766797,11.5,2.0,26.3,41.6,13.4,19.0,10.2,9.0,13.0,12.0,12.1,23.0,12.1,25.0,19.0,12.1,5.1,3.0,12.9,17.2,5.2,20.0,18.2,18.2,37.6,25.0,9.1,3.0,28.3,23.0,11.0,4.0,23.2,33.7,7.1,4.0,5.1,3.0,4.0,5.0,32.4,17.2,24.2,20.0,5.0,6.0,18.0,3.1,26.7,15.2,16.0,4.1,28.0,31.0
1772962294.7714248,5.3,2.0,24.2,32.3,13.0,2.0,13.0,5.0,5.9,4.0,11.0,22.8,12.9,15.8,7.1,6.0,6.0,12.1,9.1,6.0,9.0,4.0,21.0,28.3,16.3,19.0,7.1,7.0,22.8,16.2,8.1,5.0,14.7,14.3,3.0,3.0,13.0,8.9,12.1,5.1,25.3,11.0,11.0,23.0,8.1,9.0,18.8,11.1,24.0,22.0,10.1,3.0,23.0,24.2
1772962295.7722085,11.0,6.1,37.6,36.0,12.1,9.2,17.2,11.2,5.1,8.2,11.0,20.0,35.6,10.1,10.2,8.0,5.1,16.0,14.1,18.6,18.8,16.0,20.2,23.2,11.9,26.0,15.2,6.0,15.2,13.1,15.0,12.9,14.3,12.0,13.1,11.1,14.3,20.2,14.3,10.0,7.1,25.7,11.0,19.0,7.1,6.1,12.1,7.1,19.0,19.2,17.0,1.0,30.7,38.0
1772962296.774417,19.2,9.1,26.3,28.4,15.2,11.9,20.0,17.0,17.2,5.9,23.0,24.2,16.8,16.8,12.0,7.0,9.1,21.0,7.9,8.2,17.8,21.8,15.7,21.8,25.7,8.0,11.1,5.0,9.0,6.9,10.1,10.1,14.9,14.9,26.0,17.0,21.8,20.0,9.0,5.0,15.0,18.2,21.8,20.6,25.0,19.0,15.2,11.9,9.0,24.8,15.0,12.9,42.6,34.7
1772962297.777442,8.4,3.0,17.2,21.6,11.0,16.0,6.2,7.1,9.0,4.1,19.4,15.0,14.1,12.0,10.1,7.0,9.2,9.0,6.1,4.1,22.2,11.3,11.2,19.4,22.4,6.1,8.1,3.0,7.1,9.1,5.0,21.0,8.2,4.1,22.2,14.3,17.5,14.1,12.4,9.3,18.2,7.1,14.4,13.4,23.5,14.3,7.2,2.0,6.1,4.1,10.2,10.2,14.1,15.2
1772962298.7791824,7.2,4.0,33.3,23.2,6.1,12.1,6.1,3.0,13.0,16.0,9.1,10.1,4.0,4.1,15.2,14.1,10.0,15.2,8.2,5.1,29.0,29.7,13.3,7.0,24.0,18.0,4.0,10.2,24.2,9.2,8.2,15.0,9.1,6.1,14.4,13.9,15.8,16.0,20.8,18.0,8.2,7.1,22.0,27.7,15.0,17.2,26.7,17.2,9.0,18.8,18.0,21.0,5.1,6.1
1772962299.8066633,16.5,5.9,24.8,13.7,9.8,8.7,9.8,5.9,3.9,5.8,20.4,7.8,4.9,6.8,11.5,12.7,4.9,23.3,14.4,8.7,23.3,17.5,9.7,6.9,16.7,23.3,6.9,15.4,16.7,26.9,9.8,7.8,16.7,12.9,12.5,9.9,6.9,12.9,11.8,10.9,10.7,17.5,14.7,11.8,8.7,12.7,23.5,20.8,11.7,20.6,6.9,21.4,7.8,7.7
1772962300.8067458,24.0,13.1,35.4,30.3,15.3,17.3,11.1,17.3,7.1,3.1,14.1,12.4,8.2,9.2,8.2,9.3,8.1,9.2,17.5,26.5,32.3,11.1,11.1,6.2,33.7,44.6,20.4,23.5,19.0,27.3,13.1,16.2,15.2,14.1,9.3,5.1,25.5,17.2,30.3,23.2,16.5,22.4,19.4,22.4,9.3,8.1,19.4,18.2,27.6,36.4,20.2,19.2,14.3,14.3
1772962301.8068705,13.4,6.1,32.0,24.8,13.3,9.2,10.3,10.2,14.3,23.5,35.0,24.5,11.2,13.1,12.4,8.2,9.2,10.1,11.2,7.1,15.2,21.2,9.1,6.1,14.1,37.4,22.8,23.0,19.2,25.0,19.0,17.0,20.2,12.9,9.1,13.3,19.4,10.0,19.2,22.2,12.0,5.0,14.4,30.4,20.2,26.0,21.4,25.3,44.0,41.4,20.0,20.8,7.1,4.0
1772962302.8069649,10.6,7.0,24.2,34.3,6.1,5.1,13.1,15.0,4.0,15.3,25.0,20.2,12.1,7.1,20.0,11.9,20.2,11.1,11.0,8.1,7.1,18.8,11.2,12.1,4.1,20.0,15.3,12.1,10.2,27.0,17.3,17.0,5.1,2.1,28.3,25.0,11.1,4.1,33.3,25.3,7.1,4.1,8.9,17.2,18.8,11.1,22.2,17.2,30.3,32.7,9.2,10.1,13.0,8.1
1772962303.8086214,17.9,10.2,26.3,46.0,16.3,7.1,12.0,9.0,7.0,3.0,15.0,10.1,20.2,23.8,11.2,16.3,16.0,5.1,14.1,9.0,6.0,14.1,14.1,13.0,25.7,22.2,13.9,11.0,23.8,23.2,17.0,14.0,7.0,9.0,13.0,14.1,9.2,4.0,22.2,28.3,10.9,10.0,12.2,11.1,15.3,11.2,23.2,16.0,23.8,21.6,6.0,4.0,7.1,3.1
1772962304.8100116,10.2,5.9,27.0,35.0,3.0,4.0,15.0,0.0,9.0,11.9,7.0,4.0,16.8,6.1,3.9,13.9,9.9,5.0,5.9,2.9,4.0,6.8,21.0,15.0,22.0,20.6,20.0,18.8,3.0,1.0,14.7,13.0,5.9,13.0,21.0,19.8,2.0,1.0,30.4,25.3,4.0,3.0,6.9,9.0,10.8,15.7,25.5,17.8,19.8,35.0,7.0,7.0,9.9,13.9
1772962305.8100996,8.5,6.1,29.6,26.0,15.0,6.1,10.3,7.1,9.3,9.0,7.2,10.1,23.2,18.2,7.1,9.1,16.3,15.3,5.1,1.0,16.0,14.3,18.2,12.2,21.0,16.5,14.1,13.4,10.1,4.1,21.4,20.0,5.1,5.1,22.2,19.4,8.1,3.0,12.4,16.0,7.2,12.2,10.2,3.1,5.2,14.1,32.7,10.2,39.4,36.4,9.2,15.2,8.1,26.5
1772962306.8120704,4.3,7.0,31.0,32.0,10.2,10.9,5.9,10.1,14.0,12.1,9.1,10.1,18.0,13.1,8.1,12.1,9.0,5.0,8.0,8.8,9.2,5.1,23.2,19.8,29.3,16.7,15.0,14.1,12.0,5.0,24.8,18.2,16.0,5.0,22.8,15.8,11.1,4.0,13.0,12.2,8.0,4.0,11.1,9.1,6.0,3.1,11.1,28.3,24.8,29.0,17.2,12.1,20.2,15.8
1772962307.8121662,8.5,5.1,16.0,15.0,11.3,14.9,10.1,7.9,19.0,6.1,15.2,6.0,17.2,10.9,12.9,8.9,15.2,11.0,7.1,8.1,14.0,8.0,22.8,28.7,21.8,15.2,20.2,19.2,8.1,10.1,21.0,23.2,5.1,5.1,17.2,5.1,12.0,9.9,15.2,16.8,9.0,11.0,3.0,7.9,4.0,5.0,18.0,34.7,22.0,26.0,19.6,5.1,15.0,10.2
1772962308.8122427,5.3,5.9,4.0,7.1,5.1,14.3,2.0,1.0,5.1,3.0,3.0,0.0,3.0,0.0,7.1,9.1,15.0,2.0,8.1,5.9,10.0,4.0,17.8,26.0,18.0,12.0,15.8,12.9,2.0,2.0,20.8,21.0,5.0,5.0,7.0,3.0,4.0,8.2,17.2,16.2,3.1,1.0,5.1,4.0,10.1,5.1,17.0,23.2,16.2,15.2,0.0,1.0,7.1,8.0
1772962309.819994,14.4,8.0,12.0,9.9,6.8,3.0,11.9,12.0,10.8,12.9,9.9,2.0,2.0,6.8,4.0,3.0,2.0,4.0,12.9,3.0,18.8,31.0,11.0,21.8,17.0,21.6,16.0,14.0,4.1,2.0,11.9,16.8,4.0,7.0,9.0,20.8,12.9,12.9,28.7,22.8,3.9,3.0,8.9,7.9,11.1,4.0,12.0,10.9,21.0,18.0,2.0,4.0,5.0,4.9
1772962310.820062,9.1,6.9,17.5,8.8,20.6,16.3,6.1,6.8,21.0,17.5,15.7,4.9,9.9,5.0,12.0,3.0,11.9,5.0,14.7,8.7,16.7,12.0,25.5,20.6,19.6,9.9,24.5,22.3,12.7,12.9,12.9,16.3,16.8,5.9,30.4,33.0,6.0,7.8,23.8,19.8,14.9,4.9,12.0,11.9,13.7,10.9,5.9,6.9,34.0,24.5,21.6,8.8,11.7,14.0
1772962311.8230536,7.4,9.4,25.3,10.3,16.7,16.3,25.0,15.6,11.6,10.4,11.5,9.3,20.8,3.1,12.2,4.2,15.5,9.3,30.2,20.8,25.8,27.3,13.4,12.6,10.3,5.2,25.5,22.2,5.2,8.3,13.4,11.6,6.2,12.2,24.7,46.4,11.3,12.4,14.7,16.3,4.2,4.2,22.7,15.6,23.7,8.2,6.1,27.1,32.0,36.1,13.5,16.3,8.3,6.3
1772962312.823775,7.4,8.2,27.0,14.1,17.2,9.2,17.5,13.0,10.2,3.0,11.1,8.0,36.6,14.3,4.0,7.9,15.0,12.1,23.0,27.3,21.0,14.1,23.0,25.7,9.1,4.0,19.2,20.2,8.0,13.0,17.2,18.2,10.1,12.0,29.7,27.0,22.0,17.0,12.7,12.0,10.0,9.0,18.8,15.2,26.7,9.2,30.0,23.5,44.4,37.4,6.0,2.0,4.0,5.0
1772962313.8417761,10.1,2.9,20.8,32.4,16.0,13.9,21.6,2.0,4.0,5.8,7.0,13.9,25.0,10.8,13.0,13.9,10.9,11.8,16.7,11.8,5.9,2.0,38.8,24.5,7.8,5.0,23.3,15.8,13.9,5.9,10.8,11.7,12.7,2.0,20.8,20.6,8.8,21.4,15.8,19.8,7.9,9.9,11.7,5.9,22.5,25.0,4.9,6.9,24.0,18.4,12.9,9.8,3.9,3.9
1772962314.8442934,10.4,8.1,26.3,16.2,30.3,19.2,27.6,14.1,13.1,7.2,21.2,18.2,27.3,22.0,31.7,12.1,22.4,13.4,23.0,14.0,8.2,7.2,34.3,23.2,17.5,28.0,35.0,23.2,16.0,15.2,17.0,21.4,11.0,6.1,30.0,34.3,18.0,29.3,11.2,4.1,6.1,6.1,7.2,9.2,6.1,23.2,15.5,12.1,30.3,32.0,11.1,12.1,12.1,11.5
1772962315.844467,13.5,13.1,23.0,7.0,4.0,1.0,20.2,19.8,12.1,5.1,6.1,10.1,31.0,24.5,25.5,22.0,7.1,3.0,12.2,2.0,6.0,10.1,22.2,39.0,19.0,17.2,27.0,18.0,6.1,4.1,11.2,12.9,3.1,8.0,33.3,17.2,23.8,22.2,11.0,7.0,2.0,8.0,7.1,2.0,9.1,15.8,9.0,6.0,14.0,20.8,5.1,3.1,12.2,10.1
1772962316.845392,16.7,17.2,11.2,11.2,4.1,3.0,12.1,14.3,10.1,13.9,4.0,3.0,25.5,27.7,26.7,17.2,12.1,4.0,5.1,3.1,8.1,8.1,17.0,33.7,19.2,18.0,6.1,8.0,10.1,19.8,16.8,21.0,11.1,14.3,30.7,20.6,19.2,13.9,6.1,9.0,8.1,3.1,4.1,5.9,7.1,6.1,6.1,5.1,30.3,28.3,5.1,5.0,11.1,6.9
1772962317.8533318,8.0,2.0,4.0,8.8,12.7,7.8,7.9,5.9,14.9,8.9,17.8,10.8,7.8,11.0,15.7,13.6,6.9,5.9,8.7,3.0,23.5,19.8,11.9,16.7,7.9,11.8,8.8,2.0,12.9,21.4,5.0,15.8,28.2,24.5,31.7,16.8,15.7,5.9,12.0,6.9,6.9,13.7,8.7,6.9,10.8,2.9,7.9,3.9,24.5,27.7,3.9,6.1,6.9,2.0
1772962318.8541162,10.9,9.2,9.3,4.1,9.1,2.0,6.2,13.3,6.1,5.1,20.2,8.2,14.3,4.1,20.4,7.2,6.1,4.1,21.2,10.2,15.3,13.0,14.0,11.5,20.2,8.2,22.7,14.3,30.3,12.5,38.4,25.3,21.2,15.0,25.5,15.3,19.2,13.1,8.2,8.2,5.2,6.1,11.3,8.2,20.2,16.3,4.1,3.1,40.0,48.0,9.2,11.2,9.3,14.1
1772962319.854186,9.3,8.0,40.4,27.3,14.4,2.0,17.2,14.3,7.1,13.9,13.1,15.3,9.2,10.3,9.3,11.1,8.3,7.1,9.3,24.2,22.2,10.2,10.1,4.0,15.3,4.0,20.0,14.1,17.2,13.0,28.3,41.6,16.5,13.3,37.0,32.3,22.2,16.0,26.0,15.5,29.3,25.0,10.3,14.1,23.2,15.2,18.0,11.1,33.3,33.3,6.1,5.1,27.0,17.3
1772962320.8564095,11.6,9.1,39.8,33.0,8.0,5.1,18.2,19.2,6.1,4.0,26.7,9.0,3.0,4.0,18.0,5.0,17.8,14.0,10.9,22.8,5.1,17.2,7.1,5.1,7.0,3.0,14.3,3.0,25.3,25.7,23.8,30.7,14.9,10.1,20.8,16.2,16.0,15.2,7.1,4.0,10.0,4.0,6.0,9.1,4.0,5.0,8.1,13.0,11.0,19.2,18.0,16.0,32.0,26.0
1772962321.857812,18.4,11.1,27.6,24.2,20.2,4.0,22.0,12.1,14.1,14.4,9.2,23.2,17.2,16.0,27.3,20.4,16.2,9.2,18.4,12.1,10.2,8.2,18.2,15.8,8.2,4.1,11.1,11.1,12.2,13.0,25.0,22.0,15.5,23.5,14.3,17.2,30.6,20.0,10.0,7.0,13.3,6.1,15.3,12.9,8.2,6.1,13.0,10.2,13.0,21.0,17.3,17.2,22.0,18.8
1772962322.8578887,13.3,6.1,19.0,7.1,9.1,8.0,7.1,7.9,27.0,20.0,28.0,24.2,7.2,13.1,13.1,27.0,14.0,9.1,31.0,19.4,13.0,9.0,18.0,13.0,11.1,17.0,12.0,4.0,8.2,17.2,19.2,30.0,20.4,24.8,17.0,2.0,19.0,15.0,19.0,16.2,6.9,6.0,7.1,5.1,8.1,4.0,22.2,17.0,17.2,11.2,9.0,8.1,19.2,8.2
1772962323.8597558,6.3,4.0,12.0,3.0,24.8,16.8,4.0,6.0,22.0,20.8,28.2,21.6,15.8,12.0,9.9,24.5,5.9,1.0,22.8,26.2,6.0,7.8,5.0,5.9,8.7,5.9,5.0,2.0,24.8,14.0,8.9,5.9,24.8,13.0,17.6,20.6,15.2,16.8,10.9,4.9,12.0,11.1,16.8,31.0,5.0,10.0,7.9,7.0,13.7,11.8,9.8,13.0,12.0,14.0
1772962324.8636446,28.1,23.2,15.5,13.3,25.8,18.2,9.2,8.2,18.4,25.5,14.3,16.3,15.2,17.2,8.1,26.5,5.2,4.0,21.6,20.4,6.1,8.2,19.2,10.1,11.3,10.2,10.0,13.4,33.3,23.2,25.3,23.5,18.2,13.1,7.1,21.2,22.2,24.5,13.3,4.0,12.2,15.2,19.6,15.2,13.4,9.1,10.2,8.2,25.7,18.2,7.1,13.3,20.0,24.0
1772962325.8663695,16.2,6.1,15.5,14.1,33.0,20.0,18.0,12.1,31.0,24.2,22.0,19.2,27.0,26.3,22.2,34.7,20.2,6.2,15.0,21.0,24.8,22.2,12.1,10.2,11.2,20.8,17.7,19.2,23.0,36.0,39.4,30.0,18.2,20.2,26.3,27.3,29.3,34.7,13.0,11.1,24.0,9.1,38.0,29.0,9.1,14.3,16.0,18.2,6.2,8.1,9.3,15.3,17.0,24.2
1772962326.8670783,10.5,3.1,13.1,3.0,27.3,19.4,13.1,16.3,13.3,6.1,19.0,6.9,25.3,21.2,25.3,21.0,8.0,2.0,11.1,9.1,20.6,15.5,9.2,8.0,5.1,5.1,9.1,7.0,18.2,33.0,52.5,23.0,26.0,17.2,24.8,12.0,29.7,33.3,5.1,4.0,12.1,11.1,23.0,21.6,13.1,7.0,5.1,6.0,13.0,3.1,3.0,7.1,8.2,7.1
1772962327.8671718,13.4,8.0,15.0,15.2,25.7,13.0,5.2,14.0,4.0,5.1,20.2,10.1,20.4,26.0,11.1,8.0,2.0,14.9,5.1,17.2,13.1,10.1,7.0,3.0,5.1,4.0,10.0,9.1,15.0,32.0,44.1,24.0,17.2,27.3,13.1,6.0,15.2,16.0,5.1,1.0,12.0,6.1,9.1,14.0,10.2,17.2,5.0,1.0,5.1,10.9,5.1,4.0,8.2,25.0
1772962328.8676608,7.4,6.1,15.2,10.2,22.4,17.2,10.0,13.1,19.2,20.0,21.8,15.2,25.5,17.0,11.1,10.0,4.0,2.0,4.0,21.8,5.1,8.1,4.0,3.1,11.0,5.0,10.0,6.0,28.7,27.0,22.0,29.0,21.2,17.3,7.1,1.0,15.0,12.1,18.0,4.0,7.1,2.0,5.1,2.0,12.9,13.9,4.0,3.0,24.2,26.3,10.2,7.1,19.2,16.8
1772962329.869115,21.4,7.0,9.2,6.1,19.8,27.0,22.2,15.2,31.0,16.2,31.6,37.4,18.4,15.0,7.9,2.0,19.0,18.2,17.0,17.2,7.1,5.1,17.0,14.3,9.0,10.0,5.1,7.1,15.8,12.1,21.2,46.0,29.6,22.8,3.1,6.1,20.0,19.0,11.0,9.0,5.1,3.0,18.2,7.0,12.1,16.5,10.0,17.0,32.7,6.1,16.0,10.0,28.0,30.3
1772962330.8692029,30.5,25.3,8.1,13.3,31.6,32.0,27.3,36.4,34.3,19.2,26.0,10.0,13.3,19.8,22.4,6.0,13.1,9.2,21.4,13.1,27.7,17.8,14.1,10.0,10.2,15.2,12.2,10.2,17.2,18.0,16.2,28.0,29.3,31.6,6.1,6.1,23.5,9.2,25.0,17.3,9.2,9.1,13.0,21.0,11.2,21.6,28.6,15.0,23.2,19.4,10.1,8.2,19.2,26.3
1772962331.8696237,39.4,35.1,25.0,11.1,33.0,37.8,18.2,19.2,39.4,11.0,35.3,23.0,16.7,16.2,19.2,7.1,17.0,27.0,25.5,8.1,26.0,17.0,9.2,5.1,19.2,22.4,21.4,10.2,20.2,19.2,14.0,18.4,29.6,21.2,16.8,13.0,22.2,35.4,13.3,10.0,10.3,8.2,15.3,29.0,18.6,15.3,17.0,8.1,14.0,27.0,8.2,10.0,21.4,31.3
1772962332.8720956,39.8,22.0,8.1,9.2,25.3,34.3,33.0,26.3,31.3,28.7,33.7,38.4,16.3,14.3,14.0,8.1,19.2,6.1,33.0,24.0,8.2,10.1,20.4,22.4,13.0,10.1,6.1,5.1,19.4,12.2,14.3,9.0,24.2,14.9,11.1,11.0,37.6,40.6,14.4,15.2,14.0,14.1,8.0,22.0,19.0,22.2,9.2,23.5,26.3,15.8,10.2,5.1,25.5,19.4
1772962333.8729842,11.1,9.0,24.2,16.2,29.0,33.0,33.3,36.0,28.0,8.1,22.0,35.4,23.0,23.2,6.9,14.4,9.0,7.1,20.0,21.2,25.0,26.0,25.0,5.1,15.3,28.3,11.1,4.1,18.0,12.9,14.1,11.1,17.0,12.0,15.0,10.0,37.0,32.7,8.0,14.0,23.2,7.1,7.1,24.0,7.1,4.0,14.9,27.0,15.0,24.0,13.1,14.0,10.0,14.9
1772962334.8741198,22.1,11.1,17.2,14.1,30.3,41.6,25.3,28.0,19.0,9.0,16.5,24.2,29.6,25.0,11.2,10.1,3.1,4.1,29.7,38.6,22.2,23.2,24.5,14.3,14.3,19.6,12.1,8.2,16.3,16.3,21.0,19.4,15.5,14.3,9.1,7.0,30.0,31.3,20.4,14.1,12.2,6.1,6.1,22.0,6.0,12.1,18.4,24.2,27.3,16.2,12.2,15.3,16.2,10.2
1772962335.8754365,20.8,16.2,21.2,18.0,23.0,24.0,17.0,22.0,17.2,20.2,30.0,24.2,21.4,16.2,9.3,10.1,17.2,5.0,24.7,24.5,10.1,9.3,13.0,8.9,11.2,9.2,9.1,4.0,15.0,16.2,23.2,19.8,20.0,18.2,13.1,9.2,30.3,28.0,7.1,7.1,23.0,16.3,13.9,25.3,3.1,17.2,20.8,21.4,30.3,33.3,21.4,16.3,21.0,20.0
1772962336.8773658,24.2,23.8,17.2,12.0,44.4,45.0,25.0,6.1,12.0,16.3,34.7,28.0,32.4,24.5,14.9,8.0,17.0,18.2,17.6,20.0,7.9,4.0,18.2,13.7,9.0,3.0,6.0,6.0,25.7,18.8,30.4,31.7,17.2,13.1,12.1,6.0,11.9,19.8,7.0,15.0,10.9,7.0,14.1,19.6,8.0,20.8,25.0,20.4,17.8,34.7,16.8,6.1,8.1,14.0
1772962337.8776271,17.5,23.5,12.2,12.2,27.6,32.0,17.7,13.3,17.5,15.2,16.3,21.4,16.3,25.5,9.3,9.1,33.0,25.5,13.1,4.1,16.3,4.1,11.2,9.2,12.1,8.3,14.1,11.2,18.4,23.5,29.9,24.7,26.3,29.3,7.1,4.1,14.3,5.1,14.0,9.2,16.5,16.0,21.0,23.7,24.0,15.3,34.3,22.7,15.6,23.2,15.6,4.1,15.0,24.5
1772962338.8796551,29.9,13.1,25.3,9.1,35.4,25.5,10.1,15.3,17.5,11.1,32.7,31.3,16.0,16.2,7.1,2.0,27.0,31.3,8.2,6.1,25.0,23.2,11.3,9.2,5.1,16.0,8.3,12.2,35.7,32.0,28.0,13.1,17.5,14.3,13.4,6.1,28.0,12.0,27.6,17.8,6.1,8.1,26.3,19.6,25.3,9.1,23.5,15.2,14.1,28.6,16.3,11.0,19.4,20.0
1772962339.8797379,26.8,18.4,24.5,9.1,33.0,32.7,12.2,2.0,20.0,14.4,19.6,20.6,22.4,13.9,15.3,17.2,18.8,21.2,14.3,9.1,12.1,7.1,22.0,25.5,18.0,19.2,17.0,13.1,20.2,20.2,14.3,14.0,16.2,9.1,14.3,6.1,28.7,16.0,29.0,36.4,18.0,9.1,13.1,22.8,26.0,6.1,28.3,22.2,16.2,13.9,15.2,9.2,14.1,24.2
1772962340.880563,12.4,6.0,26.0,21.0,21.2,12.1,17.3,10.0,16.2,5.1,23.5,23.5,21.2,13.3,9.0,4.0,11.2,21.0,18.0,11.1,16.2,9.1,19.2,12.1,21.0,8.1,6.1,14.3,11.0,6.1,11.2,26.3,22.2,27.0,10.0,5.1,31.0,23.2,30.0,18.2,9.1,16.2,19.2,15.2,7.1,6.0,32.0,29.6,15.8,24.0,10.2,8.2,15.5,43.0
1772962341.8806314,24.2,22.0,28.3,26.3,10.2,12.1,5.0,7.1,7.2,7.1,8.2,8.2,21.0,10.2,14.3,14.1,14.1,18.0,10.0,6.1,3.1,3.1,14.0,7.0,16.2,9.1,12.2,17.0,5.0,4.1,15.3,27.0,21.4,22.2,16.0,9.1,8.1,22.0,26.3,25.3,16.3,16.2,16.2,25.5,7.1,7.1,12.1,28.7,20.4,13.3,17.0,7.1,25.3,18.2
1772962342.880697,21.4,13.4,25.0,27.0,27.7,21.2,9.1,7.1,9.1,11.2,13.0,7.1,8.2,9.2,18.2,16.2,16.0,17.3,13.3,6.0,19.2,6.1,18.2,5.2,35.4,23.0,19.4,26.5,15.3,11.1,20.0,21.8,15.2,29.3,13.3,10.2,14.1,24.0,28.3,23.8,7.1,6.1,15.8,14.3,15.0,16.8,27.6,34.3,5.1,10.1,20.0,18.0,40.4,33.7
1772962343.8821795,12.5,11.1,33.0,42.4,22.4,12.1,21.2,11.1,11.2,2.0,18.4,12.9,26.0,26.0,19.2,18.2,34.0,5.1,15.2,5.1,25.0,10.2,14.1,8.1,26.5,34.3,16.0,10.2,15.2,12.9,24.0,21.4,24.5,20.4,14.3,7.1,19.4,9.8,29.3,41.0,13.0,4.0,18.2,18.0,11.0,9.1,31.3,29.0,18.0,13.3,18.2,16.0,8.0,29.3
1772962344.882289,14.6,12.1,36.7,35.7,12.1,6.0,20.2,10.1,7.1,4.0,12.0,7.1,16.2,13.1,6.0,7.1,8.1,19.0,21.0,12.1,6.1,4.0,12.1,10.0,28.3,36.4,26.5,16.2,29.6,18.2,11.1,22.8,18.6,11.2,13.3,11.1,10.1,1.0,20.2,34.0,20.2,13.1,13.3,14.0,6.1,3.0,19.2,27.0,22.2,22.4,7.1,14.1,15.2,31.0
1772962345.8861556,19.6,13.0,19.0,25.7,18.0,11.1,9.1,2.0,8.0,11.1,18.2,16.8,7.2,2.0,11.0,8.0,28.0,30.3,12.1,22.8,13.7,2.0,25.3,26.0,17.8,31.7,37.0,42.6,13.0,16.0,8.9,16.3,6.9,6.9,10.0,5.1,7.1,5.0,24.2,32.7,31.7,14.9,8.1,2.0,8.1,10.1,17.2,33.7,14.0,20.8,12.0,11.1,18.2,37.0
1772962346.8917496,24.0,19.2,22.2,23.0,17.2,5.1,22.2,5.1,18.0,12.0,9.1,10.2,9.2,9.0,23.5,25.3,23.0,35.0,17.0,27.0,9.3,20.0,17.0,13.1,19.2,29.7,28.2,29.3,13.1,13.1,14.3,11.9,15.2,19.0,14.1,9.1,10.2,7.0,17.3,31.0,13.0,2.0,9.1,5.0,19.2,21.2,29.0,23.0,9.0,19.2,11.2,7.1,39.2,41.2
1772962347.8922105,24.5,18.0,22.4,17.0,14.3,13.3,9.1,6.2,9.2,10.1,13.1,21.6,18.2,13.3,24.2,23.2,39.0,37.4,12.1,25.0,6.1,7.1,9.0,7.2,27.0,25.3,39.4,35.4,25.7,15.2,13.1,5.1,33.0,24.0,3.0,8.0,11.2,4.1,25.7,31.3,13.3,9.1,5.1,5.1,13.9,18.0,20.6,21.4,16.3,9.1,10.1,5.0,49.5,19.2
1772962348.8946016,28.6,21.2,33.3,13.1,16.3,12.1,6.0,9.0,20.0,20.2,10.0,5.9,11.2,15.2,11.0,6.1,45.5,31.3,22.0,24.8,11.0,9.1,10.0,5.1,17.2,25.0,44.4,42.6,25.3,19.2,15.2,24.0,27.6,37.4,16.8,15.2,7.1,8.2,29.0,27.3,7.9,8.0,9.0,17.0,11.3,5.1,18.2,10.9,14.3,11.1,15.0,12.1,30.7,34.3
1772962349.8950818,18.6,22.2,15.0,22.0,19.2,16.0,16.5,12.0,24.2,9.0,15.3,13.4,14.1,18.2,6.1,7.1,35.4,42.4,20.2,18.0,8.2,5.1,19.2,17.0,31.7,33.0,33.0,33.3,7.2,5.1,16.2,24.0,28.9,23.2,16.2,12.0,19.4,16.0,36.0,34.7,13.3,7.1,22.2,21.4,5.1,13.3,11.0,9.2,27.0,6.1,8.2,5.1,22.4,30.0
1772962350.8986568,17.8,14.7,6.1,19.8,29.7,14.0,6.9,6.9,22.5,9.0,26.9,15.7,23.8,14.7,8.9,7.9,34.0,31.4,5.9,19.8,8.9,7.9,6.9,7.1,27.5,27.7,32.7,31.4,25.5,4.9,12.9,5.9,24.5,10.9,7.9,7.0,17.6,10.8,27.0,23.8,20.0,16.0,11.9,9.9,28.7,15.8,12.9,8.1,14.9,20.8,10.9,11.9,37.3,28.4
1772962351.9008796,14.9,18.6,26.3,27.3,23.7,18.6,9.1,7.3,8.2,4.1,24.7,11.1,5.2,11.2,6.2,6.1,38.1,32.7,20.6,21.6,8.1,12.2,25.0,14.4,28.6,17.2,31.6,24.5,16.3,17.5,22.4,1.0,23.5,5.1,8.3,6.2,10.3,11.3,24.7,26.3,12.1,6.1,13.3,6.2,13.3,4.1,14.4,16.3,6.2,25.0,16.3,12.2,11.3,22.4
1772962352.9028783,25.5,35.4,14.3,23.2,16.2,16.3,6.3,8.0,12.2,11.0,26.8,31.6,14.1,14.0,5.1,3.1,54.5,48.0,21.0,8.9,13.1,13.0,21.4,23.8,32.0,30.0,28.3,26.3,24.0,36.6,10.0,9.9,31.0,30.0,14.1,13.3,19.0,17.3,24.8,30.6,14.1,17.8,5.1,4.0,7.2,4.0,6.0,8.2,26.7,45.0,19.0,14.6,13.3,7.1
1772962353.9029627,16.8,26.3,20.4,18.4,7.2,5.1,7.1,11.5,6.1,4.1,21.2,14.6,25.3,16.3,8.2,15.3,37.1,42.4,20.4,23.7,23.5,21.4,17.3,7.3,26.3,36.1,34.3,33.7,39.4,19.0,16.3,7.1,27.6,19.4,9.1,6.1,31.3,10.0,30.6,29.3,11.1,6.2,7.2,7.1,6.1,5.2,12.4,10.2,19.2,18.2,11.1,11.0,5.1,6.1
1772962354.9075143,21.6,11.8,15.7,7.0,6.0,8.8,8.9,6.0,8.8,5.0,7.9,20.0,10.8,4.0,10.8,5.9,18.0,24.8,15.8,22.8,5.9,4.0,8.8,4.9,33.0,34.6,30.0,24.8,21.6,4.0,9.9,4.0,24.5,31.1,5.9,8.9,9.1,4.0,16.0,13.7,14.7,4.9,6.9,7.0,4.0,4.0,17.6,6.0,14.0,10.9,15.0,8.1,19.8,20.0
1772962355.908637,32.0,13.1,27.6,16.2,15.2,6.1,5.2,2.0,11.3,8.2,5.1,14.0,6.2,5.1,9.2,12.1,15.3,17.0,17.3,20.0,4.1,6.0,12.2,15.2,31.6,39.8,32.3,26.8,8.3,16.2,11.1,8.2,7.1,20.4,13.3,21.2,13.0,10.1,5.1,4.1,8.2,7.2,5.1,4.1,8.2,9.1,25.0,18.2,11.3,7.2,4.1,6.1,27.3,14.3
1772962356.9087186,33.7,17.2,18.2,15.2,5.0,4.1,3.0,8.2,10.1,16.8,13.3,5.2,5.1,7.1,9.2,9.2,27.5,21.4,30.4,25.0,9.1,5.1,23.8,22.2,19.8,4.0,30.0,36.0,7.1,2.0,9.1,12.2,14.1,12.1,12.1,16.2,18.0,10.2,13.1,21.0,20.8,14.1,11.2,12.0,15.2,11.1,7.1,4.0,15.8,38.0,9.1,8.2,20.0,27.0
1772962357.9147453,24.2,12.9,13.9,20.8,12.0,19.8,21.0,8.9,11.0,7.1,2.0,11.9,8.0,7.0,6.0,17.8,21.0,22.8,14.0,18.6,10.9,6.9,7.0,6.0,9.0,10.0,33.7,32.4,9.0,5.0,6.0,3.0,16.7,17.6,20.0,22.0,14.0,13.9,30.4,19.8,25.3,22.8,5.0,7.1,27.5,25.0,16.0,13.9,16.0,18.6,6.9,2.0,20.8,22.2
1772962358.914843,12.6,7.2,11.3,14.0,20.4,18.6,8.2,7.1,12.2,22.0,6.1,20.4,14.0,0.0,7.1,11.1,31.6,23.5,17.0,15.3,6.1,1.0,3.1,7.0,9.2,8.2,32.3,30.6,13.1,13.1,4.0,5.1,11.1,10.1,12.0,11.2,21.2,26.0,24.2,4.1,22.0,22.0,4.0,15.0,8.2,12.1,7.1,13.3,21.2,15.2,4.1,5.0,18.2,13.3
1772962359.9149265,14.4,10.0,11.1,5.1,7.1,22.2,28.0,12.1,27.3,28.3,17.0,22.0,12.1,2.0,9.1,3.0,20.0,27.5,9.1,9.0,8.2,5.0,15.0,13.3,18.8,6.1,16.2,16.0,5.1,2.0,7.2,7.1,10.0,21.2,12.1,8.0,9.1,10.1,20.2,6.0,12.2,11.1,19.4,17.0,8.1,4.0,9.0,7.0,26.0,16.2,16.0,14.1,9.0,10.1
1772962360.9150178,9.5,6.1,6.0,8.1,14.7,15.3,9.1,14.0,4.0,8.1,28.0,30.0,11.0,7.1,14.9,2.0,8.0,23.0,3.0,10.2,9.0,10.0,3.0,2.0,13.0,6.9,5.0,4.0,6.1,2.0,7.9,11.9,13.3,13.1,8.0,2.0,11.9,7.1,23.0,10.0,4.0,4.0,11.1,9.2,6.0,2.0,3.0,3.0,8.9,7.1,24.5,18.2,14.0,5.9
1772962361.915103,7.2,12.0,10.1,7.1,9.3,15.0,29.7,22.2,5.0,8.1,23.0,6.1,2.0,7.1,9.0,5.1,31.0,37.0,11.9,14.0,14.0,6.1,10.1,4.0,14.0,4.0,7.1,4.0,16.8,14.0,13.3,5.0,16.0,18.0,7.1,9.9,10.0,10.0,14.9,23.2,9.9,1.0,6.1,8.0,11.1,4.0,19.2,14.1,15.2,20.8,10.1,8.1,23.0,18.0
1772962362.9152024,12.2,4.0,12.0,12.0,4.0,13.0,14.0,20.2,4.1,20.8,20.0,7.9,19.0,17.0,19.0,5.1,22.0,12.9,3.1,4.0,13.0,4.0,7.1,2.0,7.1,6.1,4.0,3.0,11.2,4.0,6.9,4.0,12.1,7.0,5.0,8.0,6.1,4.0,12.1,13.0,6.1,8.0,13.9,10.1,6.9,11.0,4.1,5.1,14.0,4.1,7.0,3.0,11.1,2.0
1772962363.9152942,22.0,3.0,19.2,19.4,22.0,22.2,13.1,15.0,23.0,11.0,12.4,22.2,7.1,5.1,11.0,17.2,14.1,12.2,15.2,25.7,18.4,6.0,14.0,10.2,10.0,8.1,12.1,10.2,13.9,10.1,6.1,18.0,13.9,23.2,6.1,6.1,6.0,8.0,8.0,25.0,20.2,15.3,10.2,10.0,10.1,4.0,9.1,9.1,7.1,5.1,9.1,11.1,22.2,15.0
1772962364.9153912,9.5,6.1,25.0,18.0,6.1,18.8,10.0,7.1,13.1,3.0,29.7,27.7,8.0,3.0,8.1,8.1,9.0,5.1,13.0,16.2,5.0,1.0,5.0,7.0,12.2,9.1,13.0,17.0,2.0,5.0,5.0,2.0,17.2,13.0,9.0,4.0,18.2,26.5,12.9,21.2,21.0,33.0,6.1,7.1,7.0,3.0,8.9,1.0,12.1,13.7,15.0,4.0,14.0,16.2
1772962365.9201367,11.3,15.7,24.0,23.5,22.0,18.0,7.9,15.8,18.6,17.0,11.0,11.0,4.0,2.0,5.1,3.0,17.0,11.9,16.0,11.9,6.1,2.0,12.0,12.0,5.0,3.0,13.0,11.1,5.0,4.0,7.1,10.0,10.9,8.0,9.0,2.0,9.0,24.5,5.1,13.0,9.0,28.0,31.0,27.0,13.0,8.8,10.2,6.1,13.9,27.3,10.9,6.0,8.1,12.1
1772962366.9202237,10.4,13.1,35.1,18.4,24.5,16.3,19.8,26.3,18.4,6.1,10.0,7.2,14.1,12.1,15.3,9.1,8.1,8.2,14.3,12.1,7.0,2.1,13.4,12.2,9.1,9.3,13.3,11.2,11.1,14.1,9.2,8.2,20.0,23.2,17.2,10.9,12.1,23.8,8.0,8.1,12.1,24.0,20.2,15.2,11.1,8.1,19.0,9.1,5.1,22.0,3.1,5.1,19.2,16.2
1772962367.9202988,20.2,9.3,43.0,38.4,21.2,15.3,11.0,25.0,18.4,11.1,21.2,17.3,23.2,23.0,16.2,10.0,13.4,21.2,28.7,16.0,16.5,4.0,7.0,15.0,16.0,14.1,26.7,22.0,22.0,12.1,15.0,15.3,18.4,22.2,12.2,10.2,22.7,28.6,15.2,20.0,31.3,33.3,25.3,10.1,14.1,9.2,13.4,9.2,15.0,30.0,13.1,10.1,12.0,28.7
1772962368.922762,13.5,5.9,52.0,37.0,12.0,16.2,2.0,23.5,14.0,23.5,7.0,10.9,18.8,21.8,9.9,6.0,11.9,9.1,9.0,10.9,11.0,7.9,3.1,4.0,16.2,9.1,11.9,3.0,7.9,4.0,17.2,18.0,3.0,17.2,10.0,3.0,25.7,10.9,12.1,4.1,13.1,25.7,15.0,3.1,7.1,4.0,14.7,4.9,12.2,21.8,6.1,4.0,16.0,25.3
1772962369.9282334,15.5,18.2,46.0,41.0,21.4,20.8,3.0,29.0,29.7,30.7,14.9,11.9,10.1,7.0,15.2,14.0,15.8,16.0,23.0,21.2,16.2,10.0,7.1,8.1,26.7,24.8,19.8,14.1,9.1,4.0,25.0,32.7,17.0,26.5,16.8,12.9,19.2,18.8,10.0,6.1,18.8,17.2,23.2,30.0,15.8,13.0,9.1,8.0,22.5,30.0,18.8,17.0,13.7,25.5
1772962370.9285583,19.8,9.2,37.1,41.4,14.1,20.4,11.5,23.2,23.7,20.6,9.3,3.1,23.5,15.6,21.4,13.3,17.5,9.2,43.9,37.0,9.3,7.1,28.3,26.3,18.7,9.2,15.6,15.3,19.6,8.2,36.4,30.9,10.3,4.1,16.5,9.4,17.0,22.9,15.6,17.3,8.2,7.1,45.9,43.4,12.4,8.2,9.2,11.1,33.7,25.8,20.6,25.5,7.2,21.6
1772962371.929124,12.4,11.2,23.5,22.8,10.1,20.2,19.0,12.1,29.0,20.0,7.1,5.1,25.0,31.0,11.1,10.0,5.1,6.1,22.2,33.0,14.3,19.0,9.1,24.0,25.7,15.8,9.2,6.0,6.1,17.3,29.3,27.0,12.2,11.0,12.1,9.0,9.1,17.2,7.0,18.0,4.0,3.1,32.3,33.3,8.1,12.0,8.1,7.1,12.2,12.1,27.0,25.0,19.8,17.2
1772962372.933192,9.5,12.0,19.6,16.2,21.6,32.7,8.0,5.9,25.3,10.0,7.1,6.0,18.2,14.9,7.9,12.1,11.0,8.0,15.8,30.7,10.0,10.0,3.0,23.8,11.2,9.0,9.0,3.1,12.1,8.0,22.0,17.2,20.6,17.2,9.1,3.0,12.2,8.0,17.0,14.1,17.3,11.9,34.0,47.0,6.1,10.1,5.9,4.0,5.9,3.0,16.3,19.0,19.4,26.7
1772962373.935175,18.7,4.0,16.7,17.0,34.4,36.4,3.1,1.0,17.2,9.0,7.0,7.1,14.0,24.5,5.1,3.0,4.0,5.1,13.1,24.0,5.0,7.1,18.0,14.1,9.9,7.1,19.2,15.2,8.2,2.0,15.2,12.0,6.1,2.0,5.1,4.0,3.0,6.9,25.3,21.2,16.0,3.0,17.2,33.7,6.0,14.9,8.2,3.0,12.1,7.1,21.0,17.2,17.0,19.2
1772962374.941075,15.3,4.0,34.0,29.3,29.0,29.7,14.0,16.0,16.8,22.8,6.1,5.0,7.0,2.0,6.9,8.9,12.1,8.0,18.8,25.5,31.3,31.0,18.0,16.8,8.2,4.0,20.4,20.8,7.9,4.0,17.2,18.8,14.0,7.0,4.0,15.2,7.1,10.1,17.2,13.1,29.0,22.2,16.8,30.3,15.0,16.2,12.1,12.0,6.0,10.0,27.7,31.0,6.0,9.1
1772962375.9411626,6.2,8.2,30.0,24.0,20.2,32.7,26.0,29.6,17.3,27.6,14.9,13.1,4.1,8.1,3.1,15.2,14.0,16.2,13.1,23.2,7.1,3.1,3.0,23.2,14.1,5.1,17.8,14.1,23.0,9.1,13.1,11.2,8.2,14.1,17.0,13.1,11.2,12.0,12.0,7.0,13.0,32.3,18.4,19.0,13.1,16.0,7.1,6.1,4.0,3.1,35.4,30.0,17.0,22.0
1772962376.9431498,13.3,2.0,26.3,22.0,5.0,7.0,16.0,14.1,17.8,24.8,12.4,6.9,15.0,20.0,6.1,2.0,5.1,5.0,14.3,16.8,6.1,5.1,6.1,14.9,11.9,8.1,14.0,11.0,14.0,14.0,14.0,12.0,5.0,6.1,8.1,6.1,22.8,13.1,6.1,13.0,21.4,17.8,22.0,22.2,8.9,4.0,8.2,9.0,20.8,12.0,31.0,27.3,9.1,7.0
1772962377.9508498,20.2,4.0,28.7,28.0,10.1,5.1,12.9,17.6,25.0,20.8,16.5,4.0,21.8,18.8,7.0,10.0,6.0,6.9,15.0,9.1,5.0,6.0,7.8,19.8,12.2,18.8,12.1,14.0,20.0,8.0,18.8,13.0,13.0,10.0,9.9,3.0,14.9,10.9,11.0,17.0,11.8,23.2,17.2,20.0,5.1,11.9,13.0,12.0,6.1,5.0,18.0,18.0,5.0,2.0
1772962378.9509232,22.9,26.3,34.7,28.6,5.1,14.3,22.2,29.3,24.2,25.7,10.4,6.1,21.8,14.4,10.2,15.2,17.2,13.3,16.0,29.3,6.2,6.1,22.2,21.4,14.0,21.4,25.3,28.0,16.2,8.0,22.4,19.0,21.4,22.2,12.1,10.2,19.2,20.0,8.2,27.3,17.2,27.7,24.0,16.3,21.0,10.2,13.0,8.2,8.2,13.3,29.6,24.2,13.1,17.5
1772962379.9594584,18.2,21.6,27.7,15.7,16.8,23.5,14.0,7.1,21.6,21.2,7.8,4.9,2.0,23.3,15.0,21.6,5.0,2.0,5.0,6.9,3.9,9.0,18.8,16.8,14.0,28.7,13.9,19.8,12.7,11.9,24.8,12.7,7.8,8.8,21.6,4.9,3.9,3.9,14.9,18.6,29.4,16.8,27.7,15.7,11.9,7.9,9.8,9.8,7.8,8.9,20.0,15.0,14.9,3.9
1772962380.9692128,18.6,13.4,28.3,8.1,25.5,24.2,17.3,13.0,22.8,20.8,18.4,8.2,11.1,23.2,24.2,27.3,17.3,14.9,11.1,19.0,18.4,16.3,18.4,23.2,17.3,26.3,30.3,34.3,19.6,25.0,30.0,26.3,10.0,9.2,7.1,10.1,19.0,13.1,30.3,44.4,32.3,21.0,15.0,18.2,6.2,6.9,19.2,11.2,15.2,17.0,25.0,30.3,14.0,15.3
1772962381.9805326,16.7,6.9,16.8,9.9,33.3,25.0,21.8,10.0,12.1,19.8,6.0,5.9,19.8,32.0,7.1,9.9,10.1,10.1,14.9,9.9,13.9,10.9,14.9,4.0,20.8,20.6,6.1,3.0,9.0,13.0,13.9,11.1,12.0,12.9,13.0,9.1,7.0,4.0,9.1,27.0,23.0,17.6,16.0,14.7,5.9,9.1,23.0,16.8,4.0,14.0,23.0,24.0,9.0,9.1
1772962382.980609,12.4,4.0,13.4,14.1,30.3,36.4,26.3,11.1,9.2,12.1,13.1,6.1,17.0,26.0,12.0,7.1,15.5,18.2,24.2,21.0,12.1,9.1,18.2,2.0,18.8,4.1,22.0,20.4,27.3,25.0,15.2,17.0,5.1,3.0,19.0,21.8,25.0,19.2,22.8,28.7,15.0,18.2,23.0,14.1,23.8,16.0,18.0,11.0,16.3,8.0,23.2,18.0,3.1,5.9
1772962383.9806807,9.4,11.1,18.0,11.3,8.1,22.0,32.0,19.2,7.0,19.2,6.0,3.1,15.2,11.1,11.2,9.2,22.0,27.3,32.3,15.2,18.4,16.2,19.8,24.0,21.2,17.2,21.2,21.8,17.8,27.0,36.0,20.4,17.0,2.0,10.2,11.2,11.0,9.0,17.3,8.2,30.7,25.3,28.6,26.0,10.2,5.2,13.0,15.2,24.2,17.2,13.0,13.1,18.0,16.3
1772962384.9827077,14.3,8.1,24.2,18.0,15.5,31.7,44.0,15.8,18.2,10.9,6.1,8.1,13.0,9.2,12.1,11.0,7.0,9.1,28.3,24.2,16.2,13.0,22.2,27.0,31.0,37.6,26.7,33.7,22.4,30.0,34.0,37.0,8.2,5.1,12.1,13.1,5.1,4.0,9.1,10.1,13.4,20.2,31.0,22.4,8.1,6.0,14.1,6.0,8.0,10.1,21.2,23.2,23.2,15.2
1772962385.9853146,24.5,26.3,18.4,22.4,24.2,23.5,46.5,30.6,23.0,7.1,11.1,14.0,13.1,16.3,28.3,30.7,12.1,7.0,33.3,40.2,20.2,21.2,8.1,23.0,19.2,29.0,10.1,26.0,29.0,17.2,33.0,38.6,19.2,14.0,25.3,18.0,10.2,4.1,24.0,16.8,23.5,16.8,40.6,42.4,23.0,18.2,7.1,6.2,10.2,10.0,11.1,11.1,21.2,22.2
1772962386.9853845,28.1,21.4,15.2,11.2,15.2,16.2,52.0,26.3,26.5,26.5,13.4,7.2,15.3,20.4,12.0,8.2,11.3,5.1,42.0,42.4,15.3,11.2,13.4,23.2,30.0,11.1,9.2,26.7,30.3,28.0,37.4,35.4,15.0,18.4,15.5,7.1,20.4,14.1,13.1,9.1,19.6,22.2,14.4,15.2,24.5,15.0,13.4,22.0,10.1,3.1,12.0,11.1,17.8,6.2
1772962387.989018,16.2,15.0,11.9,15.8,15.8,14.0,32.7,20.2,21.0,22.0,14.0,5.0,8.1,24.8,16.2,12.9,7.0,8.0,8.1,18.0,17.0,11.9,15.0,5.0,24.0,22.5,6.0,33.7,34.0,30.0,25.7,9.9,9.0,8.0,12.7,5.0,11.9,11.9,24.2,23.0,5.9,21.8,6.0,5.0,11.0,14.0,19.8,15.8,12.1,5.9,19.8,15.7,14.1,10.0
1772962388.995792,22.2,3.0,26.5,21.4,26.5,21.2,20.4,8.3,29.7,20.2,12.2,8.1,13.1,14.3,14.3,8.2,9.1,3.1,20.2,20.4,23.5,23.0,10.0,13.4,34.7,36.4,22.2,22.4,23.2,22.0,23.0,18.2,11.1,14.1,10.1,7.2,22.2,9.1,15.3,9.1,14.9,19.2,5.2,6.1,23.2,20.0,13.4,18.0,9.2,10.1,6.1,6.2,14.3,19.0
1772962390.0013878,15.3,11.1,21.2,23.0,12.2,7.1,29.0,19.2,54.0,39.0,18.2,5.1,13.3,19.8,16.0,9.0,14.1,5.1,14.1,29.7,21.2,9.1,6.2,6.0,65.0,60.4,27.0,22.8,16.2,16.2,25.3,26.3,18.0,14.1,23.0,16.8,13.1,6.1,14.1,10.1,12.2,10.2,24.0,15.3,7.1,16.0,30.7,24.2,11.0,7.1,8.2,7.1,35.6,31.0
1772962391.0038717,10.2,3.1,12.0,14.4,16.2,15.0,25.7,18.6,33.3,30.0,22.2,21.2,38.0,18.0,13.0,7.1,15.0,6.1,26.3,13.1,10.1,6.1,15.2,13.3,70.0,68.3,16.3,13.1,25.5,24.5,31.0,23.8,19.0,18.0,7.1,8.1,21.2,9.0,12.0,11.2,6.1,3.0,17.2,13.0,27.3,13.1,19.2,12.4,23.5,15.7,10.0,8.2,23.0,24.0
1772962392.0103734,20.4,14.1,8.0,7.9,8.1,5.0,28.7,12.0,23.8,25.0,8.8,29.4,25.3,11.2,7.9,11.1,9.0,4.0,16.0,27.7,6.0,7.9,8.2,5.0,59.8,58.6,10.0,9.9,30.4,20.6,17.8,6.0,12.9,19.0,14.9,11.0,10.0,12.0,9.0,3.0,12.1,12.0,16.8,12.0,13.9,13.9,21.0,25.0,13.9,16.2,14.0,14.0,12.0,10.3
1772962393.017191,29.0,19.2,10.1,8.2,9.0,5.0,27.7,15.3,23.8,26.5,18.0,15.8,32.4,13.6,4.1,4.0,7.0,5.0,14.9,10.0,10.0,9.0,14.0,5.1,45.0,43.6,10.9,5.0,21.2,18.0,23.2,6.1,8.9,17.0,4.0,7.1,11.1,10.1,9.0,5.1,21.0,15.8,15.0,13.9,24.0,2.0,18.0,23.8,4.0,5.9,11.0,20.8,12.9,9.9
1772962394.0173118,17.0,8.2,8.0,4.1,2.0,3.1,24.5,3.0,16.2,13.3,13.3,13.4,31.3,19.6,9.0,5.1,4.0,7.0,20.2,6.1,7.1,5.1,4.0,4.0,26.5,24.0,4.1,2.0,14.0,20.2,8.1,22.2,15.3,11.0,8.2,3.1,4.0,6.1,8.1,4.0,13.0,8.2,16.0,12.2,18.0,12.0,0.0,22.8,4.0,2.0,23.0,14.4,17.5,6.0
1772962395.0238173,16.3,11.1,9.3,13.0,6.0,9.0,13.7,19.0,27.0,20.8,11.1,19.8,32.7,14.0,11.1,11.0,17.0,10.2,10.2,11.0,13.1,7.0,12.1,16.8,30.4,22.2,5.0,5.1,17.3,24.0,11.0,20.8,13.0,14.1,4.0,9.1,14.0,12.1,7.1,7.0,13.0,9.2,23.2,21.8,13.0,14.1,18.0,30.6,11.1,8.2,24.0,25.0,12.9,18.0
1772962396.0239084,9.3,5.1,9.1,6.0,5.1,8.1,15.2,25.7,24.0,20.0,17.8,16.0,10.1,11.1,6.1,16.2,19.8,5.0,12.9,8.1,7.0,4.1,13.3,14.0,25.3,18.0,21.2,12.0,14.0,17.2,17.2,22.8,9.1,5.1,9.1,9.9,10.2,6.0,11.1,3.0,12.1,27.7,14.0,18.0,17.0,12.0,8.1,25.0,16.0,13.1,15.2,16.0,18.2,14.3
1772962397.0252283,14.4,13.1,4.1,5.1,4.1,5.1,26.8,25.3,18.0,15.2,19.0,14.1,16.2,13.1,7.9,2.0,21.2,22.2,5.1,3.0,7.1,3.0,10.0,13.0,31.7,35.6,10.1,9.0,16.3,15.3,23.0,25.3,11.1,5.1,9.1,3.1,8.9,5.1,11.1,3.0,14.1,24.2,20.2,16.0,8.2,14.0,22.0,20.0,13.0,18.0,18.2,8.1,12.0,18.0
1772962398.029755,8.2,3.0,10.9,8.0,6.1,6.0,14.0,7.1,20.0,13.0,12.1,17.0,16.0,3.0,17.0,9.9,16.0,26.2,5.0,6.0,9.0,6.1,14.0,3.0,36.0,52.0,13.9,9.1,12.7,12.0,25.3,21.8,2.9,6.0,7.1,9.0,22.8,12.0,8.9,8.0,7.1,5.9,16.2,29.4,20.8,23.0,7.0,5.9,17.2,21.2,28.0,13.0,12.1,11.0
1772962399.0310204,7.4,4.0,17.2,10.1,4.1,5.0,3.1,6.1,19.2,20.0,18.8,25.0,9.0,4.0,16.0,3.0,12.1,17.3,9.2,5.1,6.1,7.1,7.2,5.1,52.0,52.0,9.2,14.9,11.2,11.1,36.0,29.6,3.0,7.1,10.1,4.1,5.1,8.1,7.1,2.0,14.0,11.1,24.0,22.2,8.0,22.2,9.1,8.1,7.1,3.0,28.3,23.0,14.1,10.0
1772962400.0321047,10.4,13.3,13.0,6.9,10.1,6.1,8.0,11.0,26.3,21.8,13.3,23.0,21.0,11.0,13.3,4.0,12.0,10.0,11.0,4.0,6.1,7.0,15.2,5.0,38.4,52.0,21.8,16.3,18.2,18.0,32.3,30.7,11.1,16.0,20.6,23.0,11.1,5.1,14.0,6.1,5.1,7.1,36.0,39.0,7.2,25.7,13.0,16.0,13.0,5.1,30.0,30.3,19.0,12.1
1772962401.036542,16.7,16.2,13.1,6.1,15.0,15.0,9.0,8.1,25.0,23.2,10.0,26.3,21.2,15.0,11.8,4.0,7.1,8.0,11.0,5.1,10.0,3.0,7.1,18.4,39.6,53.5,17.3,16.8,22.0,22.0,14.1,21.2,15.5,12.0,3.1,6.0,18.2,10.0,6.1,6.9,11.1,6.1,39.6,36.0,12.0,22.8,11.0,10.1,12.0,4.0,31.0,5.1,14.9,18.2
1772962402.0366101,21.6,21.2,15.3,15.3,10.3,10.1,7.2,21.4,35.4,30.3,28.3,22.0,18.2,18.4,20.2,11.2,18.2,25.0,7.1,9.0,12.2,8.2,8.2,10.1,57.0,67.0,8.1,12.2,18.0,6.1,31.3,27.7,8.1,10.1,19.8,15.2,25.0,15.2,8.2,6.2,13.1,8.2,36.7,32.0,13.3,26.0,7.2,12.0,11.1,4.0,28.4,26.0,9.2,20.2
1772962403.0379167,17.0,14.3,17.3,11.1,15.5,33.3,22.2,23.5,25.5,22.7,25.7,32.3,9.3,7.1,9.2,16.0,26.3,24.5,12.2,6.1,15.6,21.0,9.3,21.4,49.0,53.0,18.0,22.2,17.3,9.2,26.7,28.6,6.1,10.2,11.3,11.1,21.4,17.5,18.2,26.0,25.3,14.3,44.9,35.7,14.1,11.0,8.1,2.0,17.5,8.2,21.4,25.3,8.0,11.2
1772962404.0405183,24.5,11.2,15.0,11.0,16.5,13.5,8.1,20.2,17.0,33.0,37.1,13.0,14.0,11.1,21.0,23.2,35.4,49.0,11.1,10.2,34.7,35.4,7.1,7.1,39.0,34.3,11.1,6.0,14.0,9.2,29.3,21.0,14.0,6.1,13.1,9.1,17.8,19.0,11.1,5.2,27.3,25.0,33.7,36.0,13.3,6.1,13.3,17.2,9.0,3.1,17.0,20.0,12.4,5.1
1772962405.0449615,13.0,8.9,7.2,14.1,23.0,17.8,15.6,12.9,34.0,32.0,10.9,25.3,13.1,8.1,34.3,30.7,15.2,35.3,11.0,16.2,11.1,13.1,14.1,16.8,9.0,5.1,22.0,5.1,23.5,12.9,35.0,22.0,17.2,11.0,9.2,11.0,19.0,21.0,25.3,16.0,17.3,29.3,36.6,40.6,16.8,21.0,9.1,4.0,13.3,21.8,21.0,18.4,15.2,14.0
1772962406.050134,12.2,10.1,11.1,5.0,22.2,17.3,13.9,14.0,26.0,29.1,20.0,17.0,26.5,17.6,23.0,11.0,32.0,17.0,17.2,9.9,8.0,8.8,16.3,15.2,24.0,19.0,10.0,10.0,22.5,11.0,39.6,18.2,11.9,12.0,17.8,10.1,14.0,17.8,25.7,24.8,10.9,27.7,23.8,30.1,18.0,19.0,14.9,11.8,11.1,5.1,16.0,23.8,12.1,10.0
1772962407.050228,20.2,12.2,4.1,4.1,11.2,11.3,7.2,9.1,10.2,23.5,11.1,20.0,10.3,9.2,13.3,3.1,17.5,11.2,26.5,25.5,6.2,6.3,19.0,11.2,8.1,6.1,7.1,5.2,33.3,16.3,42.4,21.2,10.2,17.2,6.2,9.1,13.1,14.3,12.4,16.3,26.5,17.2,28.6,21.4,25.5,22.8,7.1,6.1,14.0,10.9,16.3,8.2,9.1,16.2
1772962408.0503113,8.4,3.0,9.9,10.1,10.1,11.9,14.0,14.3,10.0,10.1,13.1,19.0,4.0,4.0,5.1,3.1,4.0,4.0,16.3,23.0,4.0,3.0,18.4,7.1,12.1,4.0,8.0,6.1,22.2,17.0,15.2,12.2,7.1,7.1,7.9,6.0,3.0,5.1,14.0,8.1,15.2,21.4,24.8,28.0,22.0,22.0,7.1,12.1,27.0,21.4,26.3,16.3,3.1,4.1
1772962409.0639167,20.4,6.1,8.0,3.9,9.9,6.9,8.9,7.9,17.6,6.9,13.9,11.9,7.8,4.9,27.9,12.6,5.9,5.0,14.6,8.8,9.9,7.8,17.3,5.9,5.9,13.9,4.9,4.9,21.6,18.6,11.9,2.9,8.7,2.0,5.8,5.0,6.9,3.0,5.0,2.9,14.9,13.7,31.4,28.2,12.7,21.0,5.8,3.9,35.9,21.4,4.9,19.4,4.8,5.9
1772962410.0692887,17.5,15.2,17.2,16.2,15.7,19.2,17.0,10.0,27.0,24.5,18.8,21.8,18.0,6.1,26.0,6.1,17.2,18.8,4.0,8.1,7.0,12.9,16.2,5.0,8.9,9.9,5.1,8.2,25.7,14.1,21.6,22.0,27.3,20.0,4.1,4.9,16.3,16.2,12.0,10.0,27.3,36.3,44.6,33.0,28.3,14.1,16.2,17.0,42.6,30.7,14.0,9.0,19.0,7.1
1772962411.0696213,13.8,14.1,11.2,21.2,8.4,14.4,13.3,4.1,35.1,22.0,10.2,8.3,17.3,12.0,26.5,19.2,9.2,5.1,19.4,12.2,9.1,10.4,14.4,22.4,6.3,2.1,13.3,14.0,19.6,17.3,31.3,1.0,23.5,13.3,8.2,9.4,7.2,4.1,30.6,29.9,36.4,35.4,25.8,22.7,57.1,39.4,7.1,11.1,38.8,36.1,8.2,2.1,11.5,9.2
1772962412.0701823,13.4,8.2,5.1,17.3,9.9,8.1,15.3,13.3,34.3,30.9,11.3,16.0,11.1,6.1,12.1,19.8,6.1,6.1,22.0,14.0,22.2,11.1,25.5,33.7,8.2,9.0,18.4,15.3,23.2,28.3,33.7,12.9,23.2,22.2,16.2,9.2,19.6,13.1,16.3,15.0,33.7,18.4,35.3,32.0,26.0,44.6,9.1,5.1,31.0,33.0,17.0,9.2,11.2,11.0
1772962413.0742793,13.1,8.9,18.0,13.1,4.0,9.1,16.0,9.0,25.3,18.0,8.0,6.1,10.2,8.2,10.1,22.2,20.0,17.3,11.1,23.0,14.0,13.3,27.3,18.2,18.2,7.1,11.0,10.1,30.0,30.0,22.8,17.0,16.0,18.8,4.0,5.1,19.2,17.3,8.1,6.0,42.0,36.0,35.0,23.2,36.0,45.0,10.2,16.0,18.4,13.0,23.5,19.0,13.3,13.3
1772962414.0758047,18.4,6.1,11.1,6.1,18.4,5.1,12.0,7.1,31.3,26.0,8.0,7.1,27.0,17.2,27.0,30.7,12.1,19.0,14.1,8.2,12.0,10.0,19.0,10.1,28.6,23.8,10.3,5.1,24.0,26.7,28.7,9.1,12.0,14.9,18.0,12.0,23.0,19.2,11.1,8.2,24.5,32.0,18.2,18.8,48.0,36.0,8.1,13.1,24.8,31.7,28.0,29.0,38.4,31.3
1772962415.0815568,15.3,15.8,17.3,17.2,20.0,18.8,8.2,7.0,34.0,23.2,10.0,11.0,14.1,7.0,16.3,13.1,13.5,18.0,6.1,3.1,25.3,16.0,15.2,11.9,32.7,34.0,9.0,5.9,36.0,36.0,19.2,13.0,11.1,25.0,20.0,12.0,24.8,21.0,20.0,15.8,25.3,18.2,8.0,5.1,42.0,19.8,7.1,7.0,30.3,33.0,19.0,13.0,29.0,35.4
1772962416.0824945,14.3,6.2,9.2,12.9,9.9,7.1,4.0,7.1,23.0,25.3,11.2,2.0,7.1,7.1,13.0,9.3,13.1,12.1,8.1,3.1,12.1,12.2,8.2,2.0,32.0,25.0,18.0,5.1,27.7,25.3,6.1,5.1,13.1,12.2,6.1,17.2,21.2,15.2,13.1,9.1,13.9,12.1,10.1,7.1,18.8,20.2,11.0,5.1,24.0,25.3,6.1,10.0,29.9,28.6
1772962417.0840132,12.8,6.0,6.0,8.1,17.3,8.2,9.1,8.0,23.2,13.3,14.1,4.0,17.8,6.1,22.0,12.9,14.9,9.1,11.0,11.0,7.1,7.1,4.0,5.1,23.5,23.5,7.1,4.0,20.4,20.2,6.1,7.1,13.0,19.0,16.2,4.0,27.6,29.7,18.4,12.1,11.1,13.1,10.0,5.0,20.4,18.2,10.1,10.9,22.0,25.7,32.7,33.3,22.8,1.0
1772962418.084093,18.2,4.1,6.2,22.2,6.1,7.1,8.2,5.1,15.2,13.0,7.1,2.0,11.2,5.1,11.3,9.1,16.2,14.1,9.1,3.1,8.2,2.0,14.0,5.1,19.0,13.0,11.2,7.0,18.2,18.0,7.1,5.1,16.3,8.1,9.2,11.1,18.0,19.4,5.1,10.1,16.2,11.2,6.1,2.0,33.0,18.0,19.4,14.3,20.4,35.0,28.3,23.2,15.8,2.0
1772962419.0841806,15.1,12.0,9.3,8.2,10.9,5.2,7.0,5.0,27.3,35.4,13.1,21.0,9.0,8.2,17.0,18.2,9.1,6.1,13.3,11.0,11.1,4.0,10.2,9.1,27.0,23.0,14.0,8.1,30.3,28.0,20.0,7.1,26.7,12.1,11.0,5.1,26.5,18.0,7.0,6.1,21.0,22.0,16.3,11.0,29.7,16.2,14.0,7.0,18.0,38.0,30.0,28.3,5.2,3.1
1772962420.0852818,9.3,9.1,21.2,21.0,7.2,16.0,15.2,21.0,43.0,35.4,18.0,6.1,29.3,21.2,6.0,9.1,10.2,16.0,37.0,29.0,20.0,17.3,23.0,7.1,31.3,25.3,25.3,28.3,34.0,33.7,21.2,14.1,13.3,23.2,10.1,9.0,21.4,22.0,17.3,12.2,23.5,15.0,15.3,8.2,27.3,21.0,15.0,5.1,29.7,3.1,27.6,25.3,17.2,17.2
1772962421.0871837,15.5,12.0,23.7,14.3,7.1,5.1,17.2,22.0,39.0,38.6,16.0,14.0,32.7,23.5,16.3,18.0,24.0,23.2,24.2,26.5,11.1,5.1,18.0,12.0,27.0,16.0,3.1,6.1,34.3,43.6,13.0,7.1,19.0,26.7,14.3,10.1,23.0,21.0,25.3,11.0,12.0,12.2,14.1,10.2,24.2,18.2,10.2,9.9,27.0,13.0,26.7,31.6,33.0,34.3
1772962422.0884771,11.5,7.2,18.0,11.2,18.2,9.3,22.0,22.4,35.6,19.2,14.3,8.1,31.0,28.6,11.1,23.0,29.0,9.1,7.1,6.0,5.1,8.1,22.0,12.1,34.3,36.7,23.0,19.0,23.0,29.3,10.2,6.1,14.1,26.3,12.1,8.1,28.3,26.0,10.0,9.1,8.2,5.1,9.1,5.9,35.4,31.3,11.3,2.0,22.4,14.3,14.1,23.7,17.3,13.3
1772962423.089404,18.4,8.0,11.2,15.0,11.1,18.2,23.0,25.0,27.3,18.2,10.2,13.3,12.1,30.0,30.3,14.0,21.0,23.0,9.1,14.0,11.0,4.1,15.3,8.0,38.2,27.0,25.3,19.2,15.2,20.0,9.2,10.1,11.9,21.2,16.0,6.1,21.2,17.3,10.1,8.0,12.0,12.0,7.0,5.1,20.0,20.2,6.0,14.3,21.2,14.0,12.1,18.6,15.0,32.0
1772962424.0918193,17.0,11.1,9.1,16.3,11.1,13.0,21.0,17.0,31.7,31.0,16.7,25.0,14.0,11.2,17.6,13.1,23.2,15.8,7.9,18.2,27.3,21.2,19.4,18.0,36.4,42.0,33.0,25.3,13.1,18.2,21.8,22.8,21.8,13.0,18.4,20.0,23.0,23.0,7.1,11.1,4.1,10.9,22.0,12.2,17.8,16.0,14.3,15.0,5.1,15.3,24.2,27.6,29.0,22.8
1772962425.0927615,11.5,7.1,8.1,25.5,12.4,5.1,12.1,21.2,30.7,32.3,14.3,6.1,22.4,18.0,12.4,18.4,22.2,17.3,27.0,30.6,14.3,9.1,8.0,4.0,27.0,27.3,30.0,32.7,25.0,28.0,13.1,19.2,9.2,9.1,16.0,13.1,38.8,43.6,20.4,10.2,4.1,5.2,42.4,23.2,15.2,14.3,21.2,16.2,6.1,5.1,25.3,26.7,21.2,9.2
1772962426.0973732,9.9,7.8,10.6,15.4,13.3,6.8,12.7,12.6,32.0,21.0,9.5,7.8,15.1,26.2,23.8,6.7,10.5,16.5,8.7,11.3,12.5,15.5,8.7,3.9,35.6,22.9,17.5,19.2,32.7,31.1,4.9,25.7,6.8,8.7,13.5,10.5,37.5,33.7,9.6,6.7,7.7,8.6,17.3,21.0,10.7,11.4,15.5,20.4,6.8,2.0,42.1,33.3,17.0,6.7
1772962427.0981889,15.1,11.6,7.4,7.4,6.4,13.5,26.0,32.0,17.9,17.0,16.8,12.6,26.3,4.3,16.0,8.6,17.0,7.4,11.8,19.4,7.4,10.6,6.4,4.3,22.1,10.6,5.3,9.5,21.5,9.5,31.9,37.5,5.3,7.4,5.4,3.2,26.3,26.3,10.4,4.2,3.2,3.2,9.5,21.3,16.8,12.6,28.1,21.3,10.4,5.3,23.7,24.5,11.7,5.3
1772962428.1112328,9.3,2.0,14.9,10.8,11.0,15.7,22.3,16.8,18.8,15.8,6.0,4.0,29.4,12.7,4.0,15.7,12.9,10.0,11.7,7.0,4.9,8.0,6.9,6.9,18.8,16.8,8.0,4.0,3.0,4.0,25.5,30.4,8.9,11.9,3.9,5.0,20.8,25.7,5.0,4.0,4.0,5.0,8.9,6.9,8.8,2.0,4.0,4.0,9.1,13.7,29.4,34.3,5.9,5.0
1772962429.1116078,12.5,10.1,7.1,8.2,16.0,20.2,3.1,24.0,28.3,24.0,10.1,9.1,27.7,12.2,13.9,12.0,23.0,12.0,11.3,8.0,11.2,25.7,15.3,14.0,17.2,10.0,19.4,16.2,4.0,9.9,35.0,29.6,25.3,11.0,10.1,20.2,23.0,13.1,6.1,8.1,15.0,11.1,15.2,10.1,12.1,14.9,14.0,17.0,20.0,4.0,28.3,35.0,6.1,10.1
1772962430.114134,10.3,3.0,14.3,10.1,9.1,4.0,6.0,21.8,13.0,14.0,7.1,11.0,18.0,20.0,19.2,22.8,23.0,6.0,6.9,4.0,28.7,19.0,14.1,10.0,11.9,11.0,12.9,6.1,6.0,3.1,44.4,40.0,4.0,4.0,8.2,14.1,23.8,17.2,11.9,10.9,21.8,15.0,9.2,5.0,21.4,20.0,20.2,8.1,21.0,14.1,25.0,8.2,7.0,7.1
1772962431.1176772,14.0,8.0,20.2,15.8,15.2,25.5,24.8,24.0,19.8,12.1,7.0,10.0,14.1,6.0,9.0,21.2,23.8,3.0,22.0,11.0,20.8,13.0,8.8,3.0,10.1,8.0,4.0,8.0,10.1,5.1,41.6,46.5,8.9,15.8,15.0,15.7,27.0,17.0,8.1,9.2,22.2,26.5,6.9,4.0,31.7,27.0,12.0,7.9,40.0,47.1,17.8,15.0,9.9,7.1
1772962432.119884,16.2,13.1,17.2,10.2,10.0,13.1,15.3,21.2,31.0,15.0,10.1,18.0,12.2,7.2,18.0,26.5,7.1,19.2,6.1,6.1,16.3,14.3,20.6,8.2,14.1,17.2,13.1,8.0,8.0,11.1,45.5,48.0,14.4,22.2,22.4,9.1,21.6,21.2,16.2,10.2,19.2,12.4,7.2,6.1,25.0,25.3,18.2,10.1,26.5,35.7,12.2,17.2,13.4,11.2
1772962433.120387,19.4,22.0,12.1,11.2,19.4,12.1,10.2,11.1,12.4,21.2,7.1,9.3,19.0,10.1,12.2,28.0,9.1,22.4,17.3,17.2,7.1,5.1,10.2,12.2,9.2,11.1,17.2,8.2,10.3,7.1,39.0,51.0,20.0,20.4,19.2,21.2,27.3,12.1,28.3,20.2,10.2,16.3,12.1,15.3,16.2,14.0,17.2,19.2,25.0,31.0,5.1,10.1,16.3,13.4
1772962434.1265984,12.6,6.1,15.2,21.8,9.1,19.0,14.3,14.0,31.0,41.4,18.2,12.1,22.2,16.8,14.1,39.0,23.2,25.0,10.9,8.0,20.0,8.1,27.0,14.0,22.8,10.0,13.0,11.0,21.0,13.9,34.3,32.0,10.1,7.1,19.0,22.0,38.2,21.8,13.1,23.0,8.0,8.9,22.8,20.2,20.0,27.0,14.0,13.0,10.1,18.2,8.0,8.1,12.0,9.0
1772962435.131667,30.0,26.5,22.5,17.6,8.9,20.8,20.6,23.8,12.9,27.9,16.8,9.9,17.8,20.0,39.0,38.8,5.9,4.0,8.0,6.9,25.2,4.9,38.2,36.3,33.3,22.0,10.8,9.9,21.6,22.0,27.7,26.2,13.7,11.8,9.9,26.5,26.7,12.0,21.4,19.6,6.9,4.0,6.9,9.8,31.4,29.1,10.8,6.9,12.9,12.9,11.8,7.8,10.1,10.0
1772962436.135288,29.2,19.4,18.4,18.4,4.1,12.2,19.2,15.0,33.3,24.5,21.4,8.1,22.4,16.5,31.0,28.6,9.1,7.1,15.3,10.2,27.6,7.1,36.6,37.0,27.6,27.6,9.3,17.3,22.4,5.1,32.3,41.8,10.2,5.1,12.1,7.1,27.3,18.8,29.9,19.4,21.6,7.1,21.4,16.5,35.4,35.4,10.2,5.2,7.1,17.0,9.2,13.3,22.2,12.1
1772962437.13682,21.0,14.4,12.4,10.2,21.2,6.1,16.5,17.2,14.0,15.2,24.2,13.4,21.2,16.3,18.2,17.3,18.4,14.3,14.4,8.3,21.2,36.7,38.8,39.4,36.4,13.1,9.2,6.1,14.3,23.5,43.4,46.0,17.5,9.3,22.4,20.4,28.6,6.3,26.3,18.4,10.2,10.2,6.1,4.1,37.8,31.3,9.2,6.1,17.3,26.3,25.0,19.2,8.2,16.7
1772962438.1391559,12.2,16.2,12.1,15.3,19.4,27.3,26.0,24.0,10.2,24.2,7.0,4.1,12.0,6.0,12.2,7.1,18.2,21.2,13.3,10.0,29.0,6.0,47.0,42.4,12.2,16.2,15.8,7.0,12.2,5.9,41.0,52.0,12.1,15.2,31.0,20.0,25.5,32.4,13.9,12.7,16.8,24.5,17.2,9.9,21.0,21.8,18.0,7.1,21.2,31.0,26.5,25.5,9.1,14.0
1772962439.1435416,19.4,15.2,13.3,14.1,19.8,17.8,22.7,15.3,16.2,19.2,10.2,16.0,18.4,17.3,16.5,19.0,12.2,12.1,14.9,5.1,29.3,17.3,39.0,36.6,33.0,20.2,14.3,25.7,8.1,6.1,50.0,40.4,8.2,22.2,30.3,28.0,14.3,14.3,12.4,24.0,15.2,20.2,12.2,10.1,20.2,18.2,11.1,11.2,28.3,23.5,25.0,20.0,7.3,17.2
1772962440.1456301,12.1,14.0,6.1,16.2,26.3,29.9,24.0,25.7,14.3,6.1,10.0,7.1,16.2,16.3,8.0,18.4,12.2,13.3,5.2,6.1,32.3,23.2,38.4,36.4,33.7,26.5,21.2,14.1,9.1,10.2,50.5,34.7,12.9,21.0,32.0,5.1,10.1,3.1,39.0,13.1,12.4,15.3,22.4,16.3,26.3,12.2,21.2,11.1,37.0,43.4,8.2,11.1,13.1,5.1
1772962441.1477199,22.2,21.2,12.1,11.1,21.2,27.7,32.7,23.0,15.2,15.0,19.0,9.0,25.0,21.0,20.0,27.7,16.2,13.9,13.1,18.8,16.2,20.6,36.4,37.4,20.2,32.7,14.1,9.2,18.8,10.9,22.8,23.0,7.1,5.1,33.0,32.3,25.5,18.0,42.6,24.2,14.0,15.0,11.1,13.9,26.0,17.8,13.0,14.0,19.2,30.3,21.8,11.0,6.9,12.2
1772962442.14865,11.2,7.1,12.1,7.1,17.3,18.4,33.0,36.4,12.1,9.2,6.1,11.1,11.3,6.0,23.5,7.1,16.5,11.3,17.3,12.1,14.0,20.4,53.5,53.5,23.0,19.0,9.4,5.1,23.2,26.3,17.5,17.2,4.1,10.0,14.1,13.3,17.3,11.2,58.4,39.0,17.3,16.5,10.2,9.4,15.2,21.8,20.0,14.3,26.3,23.0,15.5,20.6,15.2,10.0
1772962443.162875,26.7,7.2,15.2,15.3,32.4,36.3,19.8,37.0,18.0,8.0,13.1,15.2,12.9,6.1,30.7,24.0,32.0,32.7,19.4,27.7,19.2,19.2,49.0,37.0,10.0,20.8,15.7,12.0,8.1,8.0,7.0,12.0,17.0,11.2,17.8,14.0,6.1,15.8,36.6,52.5,23.8,24.0,15.8,20.8,19.2,25.0,31.7,21.0,23.0,30.7,12.1,18.0,11.2,7.2
1772962444.1731355,10.1,17.8,11.9,4.0,16.2,22.0,40.4,32.7,23.5,17.0,7.1,4.0,10.2,4.0,30.6,29.3,25.5,22.2,36.6,29.0,15.2,14.9,39.0,38.2,8.0,20.0,14.0,19.8,9.1,6.1,5.1,4.0,8.0,15.8,23.2,9.0,19.0,10.1,30.7,30.0,25.7,25.0,6.1,10.0,27.7,16.0,11.1,12.1,8.1,5.0,6.1,6.0,9.1,8.9
1772962445.186168,15.0,10.9,20.8,19.0,34.3,21.8,43.8,24.5,36.3,35.0,15.7,6.9,28.2,19.6,28.2,24.5,25.2,17.3,26.7,20.4,16.8,15.0,39.4,44.7,11.0,15.7,15.7,4.9,14.9,10.8,11.8,14.7,15.8,17.6,11.8,14.6,12.6,7.8,30.4,29.1,16.8,11.8,21.6,5.9,8.8,9.8,21.6,7.9,6.9,12.9,10.8,11.9,13.6,7.0
1772962446.1870775,18.1,16.5,11.3,8.2,24.7,25.3,45.4,48.5,9.3,8.2,6.2,9.2,20.6,21.6,27.6,24.7,36.7,21.6,16.2,16.3,16.5,14.0,33.3,34.0,17.5,16.7,8.3,17.5,12.4,14.4,10.4,15.5,17.3,10.2,15.5,14.6,15.5,17.5,35.4,26.8,24.7,26.3,21.6,27.8,12.5,16.5,11.5,5.1,9.2,7.3,14.6,5.2,16.7,8.2
1772962447.191732,10.2,8.0,15.2,12.1,35.0,20.4,39.6,18.2,10.1,20.2,21.8,11.1,36.0,33.7,12.1,24.0,12.9,17.0,17.0,26.0,16.8,22.0,34.3,31.3,7.1,10.0,19.2,19.2,28.7,16.8,22.8,9.2,20.2,4.1,11.1,8.0,18.0,20.0,26.3,26.0,27.0,22.4,21.0,17.8,10.2,16.2,13.1,2.0,15.2,4.0,7.1,4.0,13.1,16.2
1772962448.194275,11.3,13.1,10.0,6.1,27.3,18.8,26.3,36.6,16.3,14.0,13.0,8.2,46.5,23.2,19.2,37.0,15.3,9.2,26.3,29.0,14.1,13.1,24.8,24.2,27.0,19.0,32.7,24.2,20.4,12.1,17.5,11.2,8.2,15.0,26.3,12.1,21.4,27.0,41.6,15.0,14.1,32.7,24.8,31.7,18.8,12.0,11.1,10.0,19.4,14.1,4.1,7.1,24.2,31.0
1772962449.1943662,14.3,13.3,17.2,16.0,27.3,20.4,41.4,19.2,13.0,10.3,8.2,7.0,31.6,34.3,25.5,29.3,30.7,16.0,13.1,21.2,15.3,12.1,29.9,21.0,16.3,14.1,24.0,26.0,15.5,9.1,8.2,6.1,8.1,12.0,11.1,6.1,10.2,11.1,47.5,9.1,14.9,29.0,17.3,15.3,11.2,11.3,8.2,8.2,13.3,17.2,23.2,9.2,31.3,16.3
1772962450.195311,12.0,6.1,14.9,11.1,10.2,26.3,19.4,33.0,14.1,9.1,8.3,15.2,34.3,36.0,26.0,29.0,40.8,22.2,40.8,23.2,35.6,20.2,15.0,19.0,8.1,6.9,27.0,15.2,12.1,9.1,15.8,11.9,14.0,19.4,13.3,10.2,13.1,8.1,17.2,23.0,9.2,4.1,17.5,22.0,20.2,15.0,6.0,7.0,14.1,8.2,11.0,8.2,14.0,19.2
1772962451.196545,19.6,5.1,19.4,14.0,15.2,17.0,13.0,25.3,10.1,10.0,34.0,27.3,31.0,36.0,28.0,30.0,13.9,21.0,21.8,13.0,14.1,15.8,13.1,12.1,7.1,7.2,9.1,7.1,23.0,25.0,34.0,12.0,14.0,8.0,13.1,16.0,14.0,9.1,14.0,24.2,9.1,23.0,29.7,21.0,22.0,16.0,14.3,11.2,9.2,8.1,14.1,16.0,29.7,32.0
1772962452.1969068,16.5,17.3,17.7,15.3,12.1,10.1,18.0,21.2,15.0,9.4,23.5,19.2,28.3,20.4,61.2,49.0,4.1,25.0,8.1,22.2,7.1,3.1,12.1,15.2,4.0,6.2,16.3,27.3,19.4,32.0,11.2,6.1,10.2,3.1,24.0,29.6,15.3,13.3,28.3,16.0,35.4,20.2,13.3,24.2,19.2,20.2,15.3,19.4,12.0,6.2,21.0,21.4,25.8,24.5
1772962453.1974435,18.7,12.1,26.3,23.0,10.2,11.1,15.3,15.0,10.2,9.1,12.2,6.1,32.3,25.7,37.6,22.2,13.1,23.2,12.4,29.0,9.2,5.1,12.1,8.2,14.3,8.2,12.1,30.3,18.0,27.6,9.0,9.2,7.1,6.0,21.4,18.4,11.1,6.1,25.0,20.0,18.6,26.3,24.2,37.6,24.7,27.3,22.2,16.2,21.4,25.5,23.5,20.2,16.2,29.3
1772962454.20054,10.2,12.0,23.0,13.9,9.2,16.2,9.1,13.0,8.0,21.0,12.1,4.0,38.0,37.0,32.0,27.3,12.1,17.6,17.0,24.5,8.1,7.1,13.3,8.0,8.1,8.1,25.3,12.1,15.2,19.8,18.2,15.0,26.0,12.1,18.8,18.0,14.1,14.1,13.1,3.1,17.0,30.0,7.1,24.0,14.0,26.3,10.0,7.0,11.9,5.1,14.3,31.0,15.2,14.0
1772962455.2022622,21.2,11.0,15.0,9.2,25.3,23.2,8.0,4.1,11.1,5.1,15.0,6.1,34.7,33.0,27.0,18.0,12.0,24.0,30.0,27.0,15.8,4.0,19.0,13.3,24.2,32.0,12.0,29.7,37.4,28.0,7.0,10.1,14.1,7.0,37.4,40.4,6.1,15.2,17.2,5.0,16.0,24.2,23.8,20.2,20.0,20.4,5.1,3.0,16.2,5.2,11.1,18.0,15.0,5.1
1772962456.2023332,25.0,14.4,11.1,12.2,28.0,26.5,18.2,10.1,16.3,10.0,16.2,13.1,34.3,19.8,35.4,16.2,26.5,32.0,22.0,21.0,9.2,16.3,9.1,14.0,14.9,21.0,21.6,29.0,36.7,25.5,23.7,16.2,13.1,9.0,49.5,30.7,19.0,19.4,15.2,15.3,27.0,8.1,13.0,25.0,25.5,22.5,10.2,8.2,9.3,7.0,17.3,27.3,16.3,16.2
1772962457.2039707,13.7,14.0,8.2,9.0,16.3,16.3,8.2,15.2,17.2,12.4,18.2,7.1,30.0,36.7,20.2,14.9,23.2,27.0,16.2,12.2,11.2,19.0,7.2,3.1,13.3,13.3,9.1,22.2,21.4,26.0,35.4,37.1,16.2,10.2,50.5,36.4,15.3,8.2,8.2,10.1,30.6,18.0,23.5,14.4,23.0,15.2,19.2,9.2,7.0,4.1,31.3,12.1,7.1,25.3
1772962458.2051823,17.5,3.0,18.4,21.4,6.2,3.0,22.0,22.0,26.3,12.1,8.2,14.9,37.4,35.4,27.3,18.4,18.2,18.2,23.2,19.4,16.0,4.0,13.9,13.1,10.2,6.1,8.2,10.1,24.2,5.1,18.4,9.0,10.1,9.1,27.6,31.3,11.1,5.1,13.0,17.0,20.0,10.1,16.3,15.2,18.0,21.2,10.2,8.1,5.1,6.1,36.6,21.2,10.1,29.0
1772962459.2077153,18.6,15.2,22.4,25.3,23.2,5.1,14.3,8.1,11.1,12.1,7.0,8.2,28.6,22.2,25.0,15.2,30.4,21.0,23.0,17.2,13.4,11.1,11.2,19.8,13.1,14.3,24.8,8.8,14.1,21.2,13.3,7.1,27.3,26.0,25.5,46.0,21.4,15.3,17.2,12.2,17.2,11.2,16.0,20.0,17.3,16.2,24.0,21.8,17.2,15.3,49.5,33.7,39.0,38.6
1772962460.2086642,22.7,25.8,35.0,26.0,10.2,7.2,17.0,4.1,26.3,12.4,6.1,5.1,30.3,26.0,15.5,16.2,30.0,16.5,17.3,20.0,13.3,8.2,7.1,12.1,13.5,18.4,14.1,5.1,19.2,28.0,22.2,28.3,26.5,27.3,44.0,34.3,21.0,24.8,12.2,14.1,4.1,8.1,8.2,11.2,31.0,23.2,18.2,9.1,16.2,18.8,48.5,33.3,27.6,12.0
1772962461.2093492,13.5,12.0,19.8,15.2,17.8,12.0,4.1,7.1,37.8,27.0,8.1,15.3,20.2,18.6,21.2,31.0,24.2,24.8,23.0,13.4,13.1,2.1,8.1,8.2,9.0,11.2,3.1,12.1,35.0,23.2,23.8,25.3,14.3,27.0,45.0,43.9,11.1,7.1,12.1,4.1,12.0,3.1,9.9,9.1,17.3,15.2,11.0,7.1,13.0,16.3,33.3,26.8,19.8,18.6
1772962462.212909,15.0,20.2,19.8,10.1,10.1,9.1,18.0,17.2,15.8,20.0,17.0,25.0,10.0,12.9,21.6,17.0,19.0,30.7,22.0,17.6,11.8,7.9,16.0,7.1,23.0,10.8,20.2,9.0,27.3,25.0,32.0,21.6,28.7,35.4,48.5,35.3,10.0,8.1,26.0,10.9,12.2,12.9,10.1,7.1,29.0,21.8,20.0,14.1,12.0,12.1,19.8,26.7,13.0,23.0
1772962463.212993,11.6,10.0,23.5,24.2,14.6,10.2,11.2,18.7,11.5,8.2,10.3,18.2,20.2,19.2,19.4,23.2,28.3,10.3,19.4,9.4,13.4,12.4,22.7,19.6,9.2,4.0,17.3,11.3,15.3,24.0,25.3,9.3,45.5,29.0,50.0,52.5,25.5,16.2,12.2,13.3,14.3,12.4,7.2,5.0,20.4,14.6,18.6,6.2,12.2,9.2,42.9,32.3,22.2,11.2
1772962464.2221105,12.1,11.1,28.0,11.0,14.0,22.8,21.2,21.8,14.0,23.0,8.0,10.1,20.2,24.5,20.0,13.0,22.2,26.7,22.5,23.0,10.1,8.1,11.1,5.9,9.1,5.1,17.2,15.2,12.0,18.4,25.7,23.2,27.7,26.5,44.6,30.0,23.0,21.2,8.1,7.1,13.1,11.0,8.2,4.1,24.5,29.4,7.0,6.9,42.0,34.7,34.0,40.0,16.2,14.0
1772962465.222206,16.8,4.1,26.0,7.2,12.4,15.3,9.2,4.1,21.0,7.1,17.2,6.0,24.0,20.0,39.0,37.0,22.2,28.6,15.2,6.1,21.2,25.0,13.4,4.1,20.0,13.1,24.5,17.3,27.3,17.2,49.0,37.0,14.1,28.3,20.0,35.4,21.6,12.2,5.2,12.1,22.0,21.4,17.3,12.1,16.3,16.0,13.1,11.1,27.3,21.2,35.4,37.6,6.1,3.1
1772962466.2240248,16.3,12.9,25.5,5.1,11.1,10.2,22.4,8.9,12.5,12.0,7.1,13.3,13.3,18.8,21.2,14.1,19.4,16.0,20.0,15.0,33.0,12.1,25.7,7.1,15.2,10.2,15.0,36.0,28.3,25.0,40.0,20.4,24.2,23.8,38.4,45.5,17.3,4.0,12.2,7.1,9.1,5.1,8.0,14.3,25.0,19.2,10.2,12.2,16.0,9.3,55.4,44.4,7.2,11.1
1772962467.2246926,14.9,4.1,27.3,16.2,12.1,13.0,23.0,13.1,8.2,8.2,12.1,12.0,19.4,14.3,34.7,26.0,11.0,9.1,28.0,15.2,9.1,6.1,17.2,6.1,18.2,12.1,14.1,29.4,28.3,21.4,26.5,24.8,17.2,26.0,44.4,32.3,29.3,19.2,23.0,25.0,13.1,7.1,15.2,22.0,23.2,22.4,18.0,14.3,10.2,11.0,36.4,34.7,16.7,9.3
1772962468.2265444,38.4,25.0,14.1,19.4,15.2,10.2,26.3,26.3,17.0,16.2,12.1,11.0,18.2,18.2,29.3,27.0,10.1,8.1,19.4,16.0,16.5,16.0,17.0,16.0,11.0,11.0,34.7,25.3,30.0,27.5,20.0,19.0,31.7,17.0,33.3,27.0,25.3,39.6,7.2,11.1,13.3,17.2,26.0,14.3,36.3,32.7,17.3,24.0,16.2,4.0,33.7,13.1,18.2,12.1
1772962469.2274992,19.4,11.0,21.0,11.0,10.0,9.2,11.1,16.2,25.3,23.8,8.1,8.1,6.1,23.8,23.5,20.2,27.0,26.0,27.3,21.0,23.0,12.1,7.1,6.1,12.2,8.2,36.4,24.2,28.6,28.3,23.2,26.3,18.0,22.8,11.1,26.0,26.5,38.8,10.0,19.0,16.0,11.8,15.2,28.0,42.3,30.0,30.0,32.0,17.2,16.2,18.2,24.2,18.2,20.0
1772962470.2284229,9.4,4.1,13.4,13.1,17.3,6.1,15.5,14.3,15.5,18.4,14.3,12.2,19.4,17.3,20.4,9.2,18.0,15.2,14.4,7.2,18.2,14.3,11.2,9.3,30.6,26.0,42.0,20.2,18.2,14.3,32.3,34.0,26.3,30.3,11.3,25.0,32.3,9.2,11.3,3.1,6.1,6.2,13.5,15.5,10.3,11.1,24.0,37.4,9.3,12.1,17.5,11.3,10.2,13.4
1772962471.2313504,11.0,6.0,14.1,7.0,14.1,9.2,11.0,11.1,19.2,14.0,16.3,8.1,25.0,8.1,12.7,14.1,18.2,19.4,9.1,8.1,10.2,9.1,11.2,11.1,18.0,5.1,25.3,11.1,32.3,27.6,33.7,22.8,10.2,21.2,29.0,35.0,30.0,10.1,24.8,24.0,10.1,13.3,7.1,9.1,10.0,19.4,29.6,42.2,16.0,10.1,10.2,5.0,21.2,29.0
1772962472.2335815,11.7,22.7,11.2,12.0,8.1,6.2,8.1,8.2,18.4,16.0,25.0,24.0,27.0,18.4,24.2,22.4,12.1,7.1,21.0,26.0,35.0,27.3,13.1,10.2,29.0,28.0,27.3,17.0,20.0,18.0,37.6,7.1,10.1,19.0,24.0,21.4,27.3,29.0,10.1,11.0,21.0,14.0,30.3,19.2,11.1,9.1,27.7,36.0,13.3,13.3,23.0,22.0,22.2,29.6
1772962473.2336636,17.3,4.1,13.3,18.0,6.1,10.1,9.1,8.1,16.2,12.2,27.8,22.2,35.0,14.1,29.0,34.0,15.3,12.9,13.3,23.0,39.0,25.7,11.0,5.1,36.4,27.3,24.0,27.7,13.3,17.5,32.3,10.2,11.0,5.1,16.2,5.1,17.3,12.1,8.1,15.2,9.2,7.1,31.3,28.6,10.1,7.1,17.2,21.0,14.1,13.0,11.3,9.4,15.3,22.4
1772962474.23375,24.0,8.9,17.3,13.3,16.3,8.2,27.6,16.3,7.1,21.0,19.2,13.1,27.6,12.2,13.4,13.0,19.2,3.1,23.8,19.8,26.3,37.4,13.3,7.1,29.6,13.3,31.3,24.2,23.2,22.2,22.2,23.2,24.5,8.1,19.2,14.1,7.1,21.2,13.4,18.2,25.5,17.3,26.5,21.0,16.3,19.2,44.6,24.7,16.2,7.3,12.2,13.3,26.3,19.6
1772962475.237054,23.5,17.2,16.8,14.1,19.0,22.0,23.0,19.0,9.0,3.1,12.0,15.0,8.1,7.9,16.2,20.2,8.0,10.1,7.9,25.0,38.0,21.8,19.2,8.9,23.2,21.2,30.0,28.7,25.3,23.2,20.6,22.0,12.1,17.2,15.2,9.9,20.0,12.2,13.9,11.2,16.0,28.7,17.8,9.2,18.2,15.8,38.0,14.0,16.8,5.0,9.0,4.1,36.0,25.7
1772962476.2386127,15.2,10.2,28.6,13.0,18.4,13.1,28.0,23.5,16.3,9.2,7.1,8.2,7.1,7.2,35.4,17.2,22.4,5.1,16.2,23.2,41.4,29.3,5.1,3.1,17.0,20.2,36.6,35.0,35.7,29.0,6.2,7.1,16.2,15.2,20.0,25.3,27.0,8.9,15.2,14.0,15.8,14.0,12.2,9.2,25.5,25.5,28.3,44.6,11.1,4.1,12.0,6.1,34.3,35.4
1772962477.2387886,11.3,6.1,20.0,8.2,19.4,28.3,28.0,27.0,9.3,10.0,16.2,17.2,23.5,14.1,31.0,31.3,19.4,12.1,13.3,14.1,32.3,39.0,18.2,13.1,19.4,18.0,40.0,12.1,20.4,20.2,9.1,8.0,23.2,17.2,24.2,17.3,15.3,28.3,11.1,9.1,10.3,11.3,12.4,17.2,19.4,14.1,28.3,40.0,20.0,10.1,14.3,19.2,44.0,44.0
1772962478.2388813,16.3,7.0,17.0,9.0,23.5,13.1,14.4,19.0,13.4,14.3,14.4,5.1,9.2,11.0,35.4,37.4,16.0,10.1,11.1,13.3,25.5,23.8,12.1,4.0,25.3,22.2,28.3,18.6,32.3,30.3,19.2,8.2,8.1,9.9,15.3,13.1,14.3,25.0,13.1,4.1,17.5,14.0,17.2,8.2,26.5,26.0,35.0,25.3,14.3,11.2,21.4,16.0,42.6,25.3
1772962479.2460775,18.0,12.0,14.1,15.0,14.9,23.3,20.0,10.1,11.9,16.8,18.6,7.1,8.0,8.1,19.8,27.7,17.2,18.8,7.8,19.8,29.0,30.7,10.0,7.8,19.6,21.0,27.5,25.2,20.8,12.9,7.0,5.0,9.8,9.0,10.0,14.0,16.8,29.3,27.5,17.6,20.6,35.3,11.9,11.7,11.9,18.0,34.7,35.3,9.8,15.0,22.5,18.2,38.6,26.5
1772962480.2461612,17.5,8.2,12.6,31.6,12.5,16.7,38.0,35.7,7.2,13.3,10.4,12.2,18.2,15.6,26.3,35.4,13.4,14.4,29.2,26.3,25.5,32.3,13.4,22.2,24.7,21.6,27.8,20.4,19.8,18.6,11.2,8.2,21.6,18.6,19.6,15.5,23.5,7.1,14.4,16.5,19.2,25.3,14.4,3.1,8.2,6.2,41.2,45.4,12.5,18.4,15.6,11.5,49.0,68.4
1772962481.246244,18.6,16.3,30.6,16.2,22.2,15.0,41.8,37.6,12.2,18.0,8.2,10.2,12.4,16.2,22.2,12.1,11.1,10.2,22.4,13.1,25.3,28.3,12.1,5.1,29.7,25.7,25.0,31.3,25.3,13.1,10.1,10.1,33.3,24.2,20.2,22.7,7.1,8.2,12.4,19.4,24.5,18.6,15.3,19.4,11.1,6.1,41.8,19.2,8.1,9.3,18.2,8.1,40.4,55.4
1772962482.2469168,21.2,14.0,34.3,15.2,12.1,12.1,29.0,32.3,17.8,8.2,11.0,6.3,8.2,10.0,20.4,11.2,16.3,17.2,8.2,9.2,30.0,35.4,16.3,20.0,24.5,28.0,9.1,25.3,12.0,29.3,14.1,10.1,22.2,15.3,13.3,10.1,16.3,14.0,11.0,12.1,32.0,25.0,7.1,8.0,19.4,12.0,15.8,14.3,18.2,17.0,8.2,10.2,56.0,46.9
1772962483.249699,19.2,12.4,21.4,14.1,10.3,16.3,40.8,29.6,13.3,15.0,21.2,5.1,15.0,12.2,26.3,15.5,22.2,33.3,20.2,17.2,35.3,38.6,16.2,13.4,35.0,29.0,24.0,22.8,26.0,19.2,17.5,17.3,15.2,11.1,6.1,3.0,12.2,16.2,13.1,8.2,37.6,33.3,17.2,3.0,21.2,18.2,20.2,15.2,18.2,15.5,10.3,12.2,42.0,48.5
1772962484.2503562,21.4,16.0,20.0,15.2,12.1,12.1,18.2,32.0,10.1,9.2,17.3,9.2,16.0,18.0,22.4,17.0,24.0,15.3,17.0,13.9,34.3,39.4,14.1,14.1,33.7,24.8,24.0,7.0,21.2,27.3,11.1,8.1,27.0,15.0,15.2,5.1,5.0,21.0,8.1,17.2,41.8,30.7,15.3,4.1,18.0,11.2,6.1,10.0,23.2,13.1,26.0,15.2,34.0,25.3
1772962485.2622046,39.4,32.7,15.0,21.2,14.0,5.0,15.0,22.8,12.0,9.0,25.7,21.8,15.2,28.0,24.5,16.2,21.8,9.8,5.0,18.8,40.6,37.3,35.6,31.3,20.8,26.0,13.1,11.0,32.4,33.7,8.1,5.0,17.8,12.0,10.0,13.9,11.0,8.0,16.2,11.1,44.6,47.0,10.0,9.0,11.1,5.9,3.0,7.1,14.0,12.7,12.1,10.9,22.0,20.0
1772962486.2639518,16.8,10.1,9.4,25.5,11.1,5.1,28.6,27.3,5.2,4.1,20.0,17.7,21.4,18.4,17.3,10.1,19.2,11.2,15.3,18.2,62.0,55.1,15.3,18.8,21.4,38.4,9.2,7.0,38.4,35.6,15.0,10.0,27.6,6.1,9.1,5.1,8.2,7.1,17.0,17.0,28.3,16.0,11.1,4.0,21.4,20.2,14.3,12.1,14.1,15.2,8.1,9.2,19.0,13.3
1772962487.2640402,19.6,11.0,19.2,10.2,12.1,11.1,28.0,21.2,9.8,21.8,18.0,25.0,6.0,10.0,6.1,6.1,8.1,16.3,12.0,7.0,17.0,5.0,14.1,11.2,24.5,37.6,14.9,3.0,34.7,28.7,9.2,12.1,19.0,15.2,8.1,4.0,5.0,3.0,12.1,8.1,27.3,21.2,15.0,12.1,11.2,6.1,6.0,3.0,4.0,3.0,7.1,12.1,21.8,19.0
1772962488.2641275,20.0,23.2,18.0,15.8,7.0,15.2,26.3,27.3,9.2,6.1,24.5,18.2,10.2,4.0,6.0,6.1,25.5,26.0,5.1,8.2,19.0,13.3,3.1,7.0,27.7,24.2,8.2,5.1,39.4,31.6,5.1,8.1,16.0,16.0,7.1,3.0,5.1,4.0,18.2,11.0,32.0,27.3,8.0,1.0,6.0,8.9,7.1,6.1,7.1,11.2,4.0,3.1,14.1,17.3
1772962489.2733207,8.2,5.0,17.8,9.0,8.0,5.0,18.4,10.9,9.1,5.9,16.7,8.8,3.0,3.0,8.8,8.0,30.7,40.2,4.0,3.0,5.1,1.0,2.0,4.0,19.8,10.0,4.0,7.9,30.0,23.5,3.0,4.0,19.0,11.0,2.0,3.0,5.0,1.0,17.0,18.0,35.6,31.7,3.0,3.9,2.0,2.0,8.9,6.1,20.0,7.0,10.0,7.0,8.9,7.9
1772962490.2744632,13.4,8.0,14.0,5.0,5.1,9.8,21.0,10.8,10.8,13.0,15.0,22.8,4.9,9.9,9.0,11.0,22.0,19.0,4.0,5.0,6.9,2.0,16.7,12.9,4.0,14.9,16.8,7.0,27.0,26.7,4.0,4.0,16.8,5.0,9.9,6.0,5.9,6.9,27.3,15.8,29.7,42.2,21.6,7.9,8.0,5.9,5.0,4.0,12.0,6.8,2.0,2.0,6.1,12.0
1772962491.2745492,12.6,3.1,7.1,4.1,4.1,9.1,10.2,2.1,6.1,6.1,5.1,2.0,1.0,2.0,8.2,7.1,9.0,23.2,3.0,3.0,6.2,1.0,16.5,14.0,4.1,8.2,19.6,22.4,21.0,26.5,11.1,8.2,8.2,1.0,9.2,5.1,8.1,13.3,4.0,5.1,9.2,42.4,5.0,2.0,11.1,15.3,2.0,1.0,13.3,9.2,9.1,9.3,6.1,11.1
1772962492.2798402,9.2,8.8,16.0,13.7,16.7,4.9,6.9,25.2,5.0,8.8,8.9,4.0,9.0,9.8,17.6,7.0,16.7,28.4,6.9,4.0,7.8,5.9,15.0,20.0,7.0,12.9,24.5,14.9,20.8,20.6,25.7,25.5,8.9,5.9,4.0,13.9,7.9,6.9,4.9,8.0,23.8,32.0,5.0,7.0,7.8,12.0,8.1,4.0,15.7,17.2,6.0,4.9,9.0,15.2
1772962493.2810004,17.7,17.3,6.1,3.1,14.1,3.1,10.1,9.1,2.0,11.1,2.0,2.0,2.0,1.0,7.0,3.0,3.1,5.0,7.1,4.0,8.1,7.0,2.0,10.1,16.0,16.0,17.2,6.1,21.4,21.2,17.0,19.2,3.0,3.0,5.1,1.0,12.0,12.0,1.0,4.0,33.0,12.2,5.1,2.1,7.1,7.0,4.0,3.0,18.2,11.9,11.0,8.0,3.0,3.0
1772962494.2816606,21.6,13.0,30.7,12.1,8.1,13.1,17.6,9.1,8.2,15.8,8.2,2.0,11.9,9.8,10.2,13.0,9.0,17.6,12.9,8.2,20.2,18.8,8.1,14.0,14.0,28.7,11.1,3.0,20.0,26.3,14.0,16.8,7.1,7.1,10.2,5.0,22.2,21.0,10.1,9.0,28.0,5.1,10.1,6.9,20.2,15.2,16.0,5.0,12.0,9.4,4.0,8.1,16.2,6.1
1772962495.2830784,17.7,8.1,30.3,20.2,18.4,19.0,23.5,10.1,10.1,16.2,26.3,16.3,5.1,5.1,26.0,24.0,16.2,6.2,9.2,11.0,24.2,31.3,10.0,6.0,12.1,16.3,18.2,16.2,26.5,36.4,14.4,27.6,28.6,15.2,13.1,10.2,18.2,5.2,17.2,14.0,22.0,16.0,8.0,8.2,13.0,10.3,6.1,3.1,9.2,12.1,4.2,5.1,11.2,13.1
1772962496.2854052,9.4,9.0,27.6,29.3,20.8,11.2,31.0,23.2,12.1,10.1,15.7,19.4,3.1,5.1,19.2,19.0,10.1,7.1,11.0,5.1,19.8,9.2,7.0,9.2,16.8,4.0,13.3,10.1,20.0,41.6,24.5,25.7,24.0,16.2,7.1,12.9,24.8,17.0,6.1,4.0,15.8,7.1,3.1,4.0,5.0,18.6,9.0,7.1,11.0,9.1,19.6,19.4,15.0,14.0
1772962497.2873273,12.5,17.3,24.5,23.0,15.5,19.2,26.5,23.2,17.5,24.5,23.0,7.1,18.2,23.2,25.3,20.0,17.3,20.2,7.2,5.2,26.0,32.7,20.6,5.1,28.3,9.1,13.1,11.2,36.6,39.0,18.2,7.1,17.3,31.7,17.2,20.4,9.3,16.3,36.4,19.2,20.4,8.2,25.3,24.2,34.3,32.0,17.2,14.0,15.2,24.0,4.1,6.1,20.0,10.2
1772962498.2987459,28.4,15.7,16.0,6.9,19.4,32.7,13.9,27.5,13.9,13.7,23.5,36.9,18.0,22.5,11.0,16.8,15.8,13.7,26.5,12.7,15.8,15.7,22.5,9.8,11.8,15.8,9.7,6.0,41.6,37.3,13.9,18.6,21.2,10.8,34.3,35.3,14.9,11.8,17.0,13.1,19.8,9.9,13.6,9.9,23.5,22.5,19.8,20.6,20.8,29.4,8.7,5.0,14.9,14.6
1772962499.2988298,34.7,22.4,23.7,13.3,18.6,8.3,24.5,33.7,7.2,26.5,34.3,38.8,20.2,14.3,13.4,10.4,24.5,22.2,15.5,23.5,12.4,6.2,16.3,4.2,17.3,23.5,7.3,14.4,35.4,29.6,24.5,20.6,23.7,10.4,19.6,20.6,16.5,8.2,23.5,16.3,10.3,9.4,10.3,11.1,14.4,14.4,28.6,24.7,13.4,30.6,13.4,13.1,12.4,17.3
1772962500.298919,39.8,34.0,30.6,13.3,32.0,33.7,33.3,18.2,8.2,11.2,42.0,21.4,20.0,16.3,10.1,16.8,20.0,19.4,27.7,19.0,32.7,27.0,17.0,18.0,31.0,20.2,21.8,9.2,28.6,19.8,26.0,16.2,13.3,21.2,11.0,8.1,9.1,9.0,14.1,8.1,17.2,12.9,18.2,15.3,27.7,15.0,9.1,13.1,22.0,27.3,9.2,11.2,11.1,10.2
1772962501.298997,34.0,32.3,40.8,28.3,17.0,21.2,15.3,25.0,9.1,12.2,25.3,20.2,33.3,29.0,11.2,11.1,22.2,25.0,17.2,25.5,34.3,18.2,8.2,14.0,17.2,21.0,25.5,5.0,19.2,18.4,32.7,26.5,16.0,6.1,4.0,15.2,10.2,11.3,16.2,26.3,9.9,9.1,10.2,9.0,21.4,9.3,16.2,8.1,20.2,29.3,30.7,21.2,6.1,13.0
1772962502.2990878,26.8,22.2,20.6,32.0,31.0,16.2,33.3,25.0,25.3,18.2,9.1,12.2,22.2,26.7,11.1,13.3,20.0,18.2,17.0,23.8,34.7,34.0,15.2,10.1,14.3,11.1,19.2,12.1,11.1,10.1,24.2,11.2,6.1,5.1,17.5,13.1,3.1,9.1,26.0,29.0,11.2,7.1,12.1,11.1,24.2,21.2,20.4,8.1,12.2,17.8,14.3,13.4,17.3,20.8
1772962503.3057,30.3,33.3,13.4,26.5,29.0,37.6,15.8,25.5,13.0,8.8,15.3,6.0,18.0,17.8,7.1,16.0,18.2,19.0,34.3,32.0,24.0,26.0,12.1,16.0,10.9,6.0,33.3,23.8,13.1,12.0,10.9,19.8,14.7,5.0,12.0,9.1,11.9,6.1,14.0,23.2,9.0,10.9,11.1,24.8,15.0,33.3,21.0,14.0,8.1,4.0,21.0,24.8,20.0,11.0
1772962504.3078392,26.3,26.5,16.3,16.8,34.0,18.2,21.2,22.4,11.1,11.5,14.4,26.3,25.3,20.4,22.4,14.1,23.5,14.3,19.2,22.0,17.2,12.1,21.0,29.6,18.4,17.3,14.3,15.2,32.3,19.4,12.2,20.4,16.3,11.2,8.1,13.1,19.4,12.2,17.0,27.0,28.9,21.4,28.0,25.5,33.7,36.4,10.1,14.3,12.1,13.4,15.3,17.2,19.0,18.4
1772962505.307921,19.8,16.3,27.6,20.0,26.8,25.3,13.5,13.1,7.2,9.9,35.4,20.4,29.9,26.3,9.2,14.3,15.2,24.0,27.3,16.2,13.1,18.2,30.6,28.0,24.5,25.3,13.1,13.1,14.3,12.1,14.4,24.2,20.4,20.2,19.0,15.0,13.1,11.2,29.6,31.3,11.2,6.1,27.6,22.0,36.0,32.3,18.2,25.3,16.0,6.1,19.0,20.4,15.3,19.6
1772962506.3090267,27.3,16.3,7.2,5.1,17.2,24.0,31.3,14.4,11.1,9.1,21.0,18.0,40.6,18.4,10.3,11.1,17.2,14.1,22.2,39.4,13.3,10.1,28.0,31.3,18.2,16.3,15.3,6.2,9.1,10.1,13.9,11.1,19.8,8.0,9.3,6.1,12.2,5.1,42.7,34.0,16.3,25.3,21.0,2.0,25.3,41.6,20.0,25.0,16.5,22.2,10.2,19.0,28.0,27.5
1772962507.311606,18.6,17.8,11.0,4.1,26.7,25.0,22.8,20.0,13.1,11.0,8.2,25.5,37.6,23.5,4.0,7.1,24.8,24.0,26.3,33.7,13.0,10.1,14.1,13.3,22.4,24.2,15.2,15.0,20.0,18.4,16.2,7.0,15.0,7.2,11.0,5.9,7.0,8.0,40.4,37.6,15.0,14.9,14.3,8.0,35.0,49.5,21.0,23.2,17.8,17.3,15.0,7.1,9.0,6.2
1772962508.312664,29.3,19.0,11.5,12.2,21.6,24.5,16.3,11.2,18.4,21.6,30.3,34.3,24.2,28.6,21.2,8.1,33.7,12.2,27.3,26.8,26.3,14.1,9.3,13.4,8.3,6.1,20.4,21.2,22.7,20.2,15.5,10.4,14.3,4.0,16.3,7.1,12.1,11.2,48.5,45.5,19.2,16.3,17.3,16.3,36.7,52.0,24.2,25.3,22.0,16.3,8.2,11.3,13.1,10.2
1772962509.313154,18.7,22.4,9.3,13.3,10.0,24.0,16.3,8.2,7.2,8.0,12.1,11.2,43.9,50.0,12.2,11.1,19.2,17.2,25.3,26.0,12.1,4.1,29.3,40.6,21.0,10.1,16.3,21.0,24.5,23.2,17.5,13.0,6.1,5.1,9.2,12.2,13.3,8.2,54.0,54.5,23.0,30.3,30.7,19.0,48.5,57.0,20.4,16.2,28.3,27.6,10.2,10.2,11.3,8.0
1772962510.3136864,21.4,18.4,12.4,8.2,47.5,24.2,16.2,15.2,22.2,15.3,13.3,17.8,20.4,27.3,15.2,15.3,20.2,19.0,25.7,5.1,13.4,11.1,17.3,31.3,11.1,18.4,23.0,21.4,20.4,12.2,17.0,10.1,11.2,12.1,13.3,12.1,19.2,17.3,46.9,34.7,22.4,21.0,31.7,15.5,44.4,35.4,8.2,8.2,12.1,12.2,14.3,16.3,20.4,26.5
1772962511.313762,31.6,21.8,8.0,15.3,15.0,19.0,17.3,19.0,22.0,21.8,14.0,10.2,19.4,16.8,10.3,8.2,26.3,29.3,34.7,25.0,18.4,18.2,22.8,31.3,11.2,18.0,26.8,24.7,25.0,6.1,12.2,11.2,18.8,13.0,6.2,11.2,10.1,7.1,35.6,32.3,35.0,30.3,27.6,24.2,38.6,38.4,11.2,24.2,16.2,8.2,10.2,8.1,20.4,18.2
1772962512.3149507,15.3,5.1,13.4,10.1,34.3,20.2,13.1,6.1,23.5,13.4,14.4,3.2,41.6,26.3,25.7,16.2,28.3,24.5,13.0,5.1,12.1,9.1,23.2,22.0,16.3,6.1,22.2,18.2,6.1,6.1,14.1,5.2,15.2,11.2,14.1,14.3,20.2,14.1,45.5,32.3,24.5,17.0,31.3,19.2,28.3,26.3,16.2,23.0,27.3,31.0,10.2,19.0,13.1,10.2
1772962513.3156486,20.4,15.2,24.5,12.2,31.3,22.2,12.2,30.9,15.2,10.1,9.1,3.1,19.2,23.0,28.6,11.3,30.3,28.7,12.1,13.0,16.0,11.0,30.3,7.1,13.1,8.0,20.0,16.2,15.2,9.0,14.1,15.0,16.0,13.3,16.0,17.0,9.2,25.3,35.4,37.0,22.2,35.0,24.0,14.3,22.4,23.8,26.3,29.6,37.8,42.4,23.0,23.2,15.2,14.0
1772962514.3209481,15.8,8.1,11.9,10.1,28.0,20.0,24.8,16.0,9.0,6.1,22.8,18.8,29.3,45.0,9.1,20.8,14.0,7.1,32.3,24.2,27.0,21.0,12.2,9.1,8.2,4.0,6.2,5.1,16.8,7.1,17.8,14.1,18.0,9.1,11.1,7.1,17.0,29.4,36.0,28.4,17.2,23.2,19.0,14.0,38.0,39.8,16.0,23.0,18.6,30.4,16.2,11.9,16.3,8.0
1772962515.327281,18.4,19.0,19.4,12.1,13.4,12.1,17.3,28.0,15.2,16.0,18.2,10.0,21.0,25.7,19.2,28.0,16.3,15.7,19.2,28.3,16.2,25.3,16.3,21.0,13.0,4.0,13.1,6.9,25.3,20.8,15.2,5.1,11.2,17.0,19.4,12.1,29.0,17.0,23.8,20.2,33.7,41.0,13.4,9.0,53.0,44.4,33.0,23.0,18.4,14.3,26.7,21.0,5.1,9.2
1772962516.328725,19.6,22.0,14.1,8.2,17.2,7.1,22.2,11.1,21.0,16.2,25.5,28.0,25.3,16.3,7.0,5.1,10.1,5.1,22.0,21.0,18.4,22.0,24.8,19.4,14.3,19.0,15.0,11.1,13.3,8.0,17.2,8.1,18.2,14.1,13.3,16.8,33.3,15.3,26.0,14.3,28.3,32.3,14.3,9.1,33.0,41.0,8.1,26.0,14.0,26.0,19.6,8.2,13.3,18.6
1772962517.3289967,28.6,12.2,15.3,24.0,22.7,12.2,10.1,6.1,17.2,4.0,11.1,4.1,21.4,36.0,17.3,20.4,9.2,5.1,29.6,22.2,27.3,27.3,20.2,12.0,7.1,11.1,9.2,9.2,13.9,3.1,22.4,17.0,16.0,17.3,9.0,4.1,23.5,24.0,26.3,11.0,25.3,12.0,9.0,17.3,37.0,44.4,36.0,34.0,20.4,19.4,24.2,16.0,15.0,29.7
1772962518.3306248,24.7,19.0,16.7,15.5,17.3,19.2,18.2,10.2,16.2,6.1,20.0,17.8,46.5,48.5,25.3,14.0,17.3,8.1,25.5,27.3,26.3,27.3,15.2,18.2,18.4,12.9,7.3,6.2,8.1,9.1,13.4,24.0,20.2,14.1,11.1,19.0,25.7,27.5,30.0,9.9,14.3,10.2,11.2,18.0,26.3,25.7,19.0,23.0,23.2,14.1,31.4,16.2,7.2,9.4
1772962519.3308039,17.3,20.4,15.2,16.2,16.2,13.0,35.7,24.8,14.0,23.2,18.2,13.3,34.0,32.3,36.0,25.3,24.2,15.2,24.5,18.4,18.0,25.3,14.1,14.1,16.3,11.3,10.1,14.1,10.2,24.0,21.8,20.6,11.1,19.8,5.1,9.2,17.2,29.7,11.0,29.6,30.0,26.0,22.2,15.5,33.3,26.0,13.0,8.1,25.0,22.0,18.2,26.0,17.2,12.0
1772962520.3323517,19.0,24.0,12.4,10.0,11.2,11.2,36.6,52.0,14.6,13.0,19.2,17.8,11.2,11.0,22.2,15.2,17.8,14.3,6.1,10.0,23.2,19.8,15.2,12.1,12.1,13.3,5.1,8.2,11.1,25.0,18.2,19.0,10.2,7.1,21.2,21.2,30.0,21.2,12.2,28.6,27.0,20.2,12.1,7.0,24.2,27.0,15.2,17.3,25.0,17.3,32.0,10.1,9.1,7.1
1772962521.3324444,15.6,26.5,14.1,8.2,9.1,10.1,25.8,22.4,19.2,10.2,8.1,5.1,13.3,5.1,15.3,20.0,23.2,9.1,17.2,11.1,36.0,44.6,21.4,28.0,9.1,8.2,18.2,16.3,18.0,19.6,2.1,11.2,13.1,11.2,14.3,12.1,16.5,22.2,8.2,11.2,23.2,20.2,7.2,4.1,20.0,25.3,16.3,22.0,22.2,17.3,13.3,30.6,13.3,14.4
1772962522.3333485,32.0,26.3,13.1,13.1,11.3,7.2,24.0,34.7,6.1,11.0,8.2,7.1,14.1,15.3,26.3,20.4,28.0,28.7,38.0,12.0,35.0,16.2,21.4,25.3,13.3,9.2,20.0,15.7,23.5,19.2,9.1,16.0,12.2,19.2,25.0,22.0,11.0,22.2,28.7,11.9,14.3,10.1,13.3,17.3,7.2,19.0,13.3,12.2,23.2,24.0,33.7,46.0,28.7,23.5
1772962523.3337178,35.1,33.3,18.2,12.2,8.2,12.0,20.0,23.7,16.3,8.2,16.3,14.3,12.2,12.1,28.0,30.0,27.6,33.3,19.4,21.8,50.5,28.3,16.2,18.0,24.0,20.8,21.4,13.3,22.7,17.0,16.3,35.0,22.4,28.3,11.2,8.2,9.2,21.0,14.3,7.2,15.2,20.0,23.0,25.0,25.0,10.2,7.2,6.1,22.2,19.6,47.5,48.0,11.1,12.1
1772962524.3338099,32.7,35.4,15.5,12.2,15.3,5.1,21.4,16.0,23.2,14.3,15.2,9.0,13.4,13.3,42.0,20.4,22.0,29.6,10.2,23.7,39.0,38.0,25.3,20.0,14.0,12.2,13.3,18.0,18.6,17.8,24.8,17.0,28.0,22.2,6.2,7.3,17.2,27.0,15.5,18.2,24.2,16.3,15.3,12.1,20.4,25.3,16.2,5.1,20.2,24.0,32.3,24.5,6.1,14.1
1772962525.3345644,47.5,37.0,16.3,13.1,11.2,7.1,22.0,31.0,15.5,14.0,32.0,34.0,15.8,17.3,28.3,19.0,40.0,19.0,36.4,37.0,35.0,22.2,18.0,24.2,8.2,7.1,9.0,12.2,13.3,14.4,24.5,13.3,14.1,22.2,10.1,23.0,25.0,36.6,11.2,14.1,21.2,13.3,12.2,17.0,20.2,28.3,10.0,15.0,38.0,30.3,10.0,8.2,12.0,16.2
1772962526.3365507,27.4,33.7,9.9,7.0,22.0,17.3,10.0,24.0,26.7,13.3,35.0,32.0,11.2,12.9,24.8,26.0,40.2,28.7,30.0,23.8,35.6,31.7,29.7,33.7,18.2,18.0,13.3,13.1,34.0,25.0,10.2,10.0,9.2,7.8,22.8,15.0,32.3,31.7,25.5,31.1,18.0,17.0,15.2,20.4,33.7,16.2,11.2,8.9,23.5,22.0,15.3,18.6,13.3,6.0
1772962527.3373811,36.1,25.0,18.8,20.4,19.8,22.7,29.9,15.3,34.4,20.2,21.6,14.7,9.3,4.2,30.3,16.2,15.3,36.4,18.2,18.4,21.6,29.9,30.2,29.9,16.3,9.3,10.4,12.4,38.0,14.1,26.3,12.4,18.6,14.6,13.4,28.3,8.2,18.7,14.3,7.3,15.2,10.2,9.2,10.3,42.3,29.6,14.3,11.5,26.8,22.2,25.5,26.3,6.1,3.2
1772962528.3374708,29.3,22.0,14.1,14.1,28.3,29.6,30.6,7.1,7.1,6.1,19.6,25.7,26.7,8.2,19.2,24.0,22.2,23.2,13.3,13.1,17.3,32.7,26.3,23.2,20.4,19.0,16.0,15.8,31.3,25.3,17.0,14.1,27.0,30.0,26.3,17.2,18.0,19.0,11.3,7.1,12.4,11.1,10.2,8.0,25.5,42.4,12.1,10.0,27.0,21.2,11.1,30.9,10.4,13.1
1772962529.3387697,27.3,25.0,10.3,9.1,17.2,17.6,30.1,18.2,10.0,8.2,14.9,10.0,13.3,24.7,25.3,15.2,34.7,24.2,10.1,5.1,9.1,27.7,28.3,27.3,11.1,7.1,20.0,8.1,33.3,20.2,15.2,16.0,23.2,8.0,19.2,24.0,12.1,14.1,15.2,11.9,12.1,10.3,12.1,14.1,39.0,52.0,16.5,25.0,17.2,18.0,10.0,11.1,19.0,5.1
1772962530.3395128,22.7,18.4,25.7,21.2,15.2,16.2,36.7,18.2,12.2,13.4,13.3,18.2,20.4,16.8,23.2,21.4,45.9,39.0,9.1,7.1,32.3,13.7,36.4,29.3,27.6,14.1,16.3,12.4,29.0,29.3,16.2,13.3,25.0,25.3,33.3,17.3,32.3,30.7,17.3,11.3,17.0,11.9,12.5,9.2,45.0,38.0,10.2,13.1,23.2,17.5,12.4,15.2,20.0,14.1
1772962531.3396125,16.3,23.2,11.3,10.1,10.2,10.2,12.0,17.2,7.1,9.0,16.2,7.2,9.1,7.0,33.0,34.0,58.0,50.0,7.1,3.1,19.2,13.3,8.2,8.2,12.0,11.2,13.0,4.0,31.3,21.2,17.2,10.1,28.3,8.0,30.7,10.1,5.0,23.0,19.0,12.0,12.1,3.1,12.0,9.1,31.0,28.0,10.1,22.2,29.3,26.5,10.9,5.1,14.4,10.1
1772962532.3399954,24.2,15.2,13.0,20.0,18.2,11.1,28.3,12.2,7.1,11.1,26.0,20.0,10.0,9.2,33.3,32.0,52.4,51.0,10.1,5.1,23.8,15.2,8.1,6.1,14.9,7.0,6.1,11.2,12.7,7.2,8.9,6.0,20.2,14.1,27.5,11.9,12.0,25.3,19.2,15.2,14.0,16.0,10.0,14.1,31.0,31.0,20.0,9.1,41.4,28.0,15.2,21.4,22.5,26.7
1772962533.3417633,18.2,14.3,22.2,21.8,20.2,3.1,15.0,16.0,8.0,16.0,9.2,8.2,24.5,22.2,12.1,7.1,47.0,43.0,8.0,8.0,13.0,19.0,7.0,7.1,13.3,13.1,15.2,17.0,17.2,15.0,15.2,22.4,11.0,11.1,24.5,10.1,18.0,28.3,19.2,18.0,15.2,10.1,11.1,3.0,32.3,28.0,20.2,18.2,16.0,17.2,16.2,19.2,24.5,20.2
1772962534.34668,30.4,20.8,16.7,10.7,17.1,7.8,8.8,12.7,8.9,7.8,19.6,18.1,24.5,18.6,14.6,6.9,27.7,27.5,27.5,22.5,7.9,8.9,11.9,5.8,6.9,6.7,11.7,6.9,8.8,15.7,42.3,26.9,8.8,4.9,40.4,10.8,3.0,20.4,14.6,15.7,26.9,14.7,11.9,6.8,27.6,24.3,20.6,18.4,12.6,15.7,23.8,23.3,31.1,22.3
1772962535.3485115,22.8,19.8,11.6,15.6,8.5,8.4,21.3,23.7,23.7,8.5,9.3,11.8,18.6,13.8,26.0,24.2,33.0,38.5,12.5,22.1,23.2,20.0,13.4,11.6,33.7,16.0,6.5,7.4,18.7,24.2,36.5,34.0,35.8,25.5,24.0,42.7,24.2,18.4,11.7,3.2,25.8,30.9,14.6,7.4,29.0,26.3,26.0,12.6,7.4,18.7,15.8,14.6,30.2,24.2
1772962536.3507054,19.8,16.8,12.2,15.3,12.1,12.0,13.0,7.1,14.1,8.0,9.3,13.0,18.4,5.0,26.0,20.4,19.2,37.4,19.4,8.1,27.0,6.1,7.1,3.1,20.2,16.0,10.1,14.0,24.2,28.3,33.0,21.0,12.0,11.2,35.6,16.2,8.1,6.3,9.0,3.1,12.1,18.2,12.4,14.0,39.6,43.6,16.3,11.1,5.1,8.1,23.2,12.1,17.2,28.0
1772962537.354531,18.0,5.9,14.9,21.4,15.8,10.9,18.6,13.9,14.9,24.8,13.7,6.9,10.9,9.0,17.0,10.8,25.5,34.0,20.6,11.9,33.3,21.6,18.4,4.9,18.8,25.2,23.5,10.0,17.8,13.0,14.9,11.9,27.5,14.6,27.5,18.3,16.7,12.5,16.8,3.9,27.2,11.8,10.0,5.9,39.6,31.7,27.6,17.5,13.6,12.7,20.4,11.8,39.4,30.1
1772962538.3558893,8.3,13.4,10.3,9.5,11.3,18.4,10.4,12.4,15.6,18.6,17.7,14.6,24.7,19.4,25.8,15.5,46.5,42.7,10.4,12.2,8.2,8.2,10.4,8.2,28.6,32.6,12.6,6.2,10.5,19.6,11.6,19.6,25.5,26.8,30.9,29.9,13.5,12.5,10.3,4.2,29.2,16.3,16.2,19.6,27.6,34.0,33.0,10.4,5.3,6.3,20.6,17.3,45.4,24.7
1772962539.357968,22.2,12.1,26.0,9.1,15.2,6.2,13.0,17.2,13.3,11.3,24.8,10.2,7.1,6.1,22.0,6.0,43.4,37.3,11.1,12.0,14.3,9.1,10.1,5.1,25.3,27.7,18.2,10.1,9.2,16.2,23.0,30.0,16.3,14.3,34.0,13.0,24.0,21.2,29.3,14.0,31.0,22.2,30.3,32.0,32.7,28.0,33.7,10.1,12.0,8.1,34.7,27.0,29.0,12.1
1772962540.3598864,30.7,6.1,12.1,7.1,12.0,17.8,9.1,7.1,22.2,14.1,10.0,11.1,6.1,9.1,12.4,9.1,46.0,37.4,20.2,18.2,18.2,7.1,8.2,9.0,25.5,24.2,16.0,8.2,5.0,8.0,5.0,29.0,24.2,18.8,10.2,4.1,6.1,8.1,27.3,19.0,28.0,12.1,21.4,22.2,35.0,33.0,23.2,11.2,16.0,10.1,27.0,32.3,38.4,18.4
1772962541.3610725,22.7,13.1,9.3,9.2,13.4,10.1,13.4,10.1,11.1,12.0,10.2,8.0,14.3,15.0,19.2,14.3,21.0,34.3,20.0,16.3,20.0,13.1,12.1,10.2,29.7,32.3,13.3,21.0,18.2,27.3,13.3,30.0,37.6,27.0,12.4,5.0,13.1,15.3,21.0,13.1,30.0,13.1,22.0,8.9,37.0,39.0,21.2,23.8,24.2,16.3,16.0,26.3,30.0,43.1
1772962542.363379,22.7,17.0,12.1,14.0,11.1,4.1,20.0,14.9,11.2,6.1,10.2,11.2,22.0,14.1,5.2,9.1,25.3,24.0,9.3,10.0,8.1,13.1,13.1,4.0,66.0,54.5,33.3,37.6,10.1,36.0,12.1,22.2,28.3,14.1,17.0,8.0,8.2,5.1,30.0,14.1,17.2,34.0,10.3,4.1,30.6,30.0,30.0,26.0,12.0,13.0,16.2,26.0,33.3,38.0
1772962543.3645954,23.7,20.4,13.3,10.2,14.3,6.1,14.3,13.7,16.3,19.4,24.5,17.0,10.2,8.2,26.0,23.2,24.2,19.2,19.2,13.1,18.4,21.0,18.2,15.3,56.6,57.1,13.0,17.2,27.3,16.2,12.1,19.0,33.0,20.4,10.2,10.2,21.2,18.0,22.4,11.1,19.4,34.3,11.1,10.2,27.3,22.2,16.3,13.1,17.2,27.0,26.0,30.6,29.7,27.6
1772962544.3650327,31.0,21.2,14.1,9.2,17.8,7.1,10.2,14.1,20.4,8.1,20.0,8.1,13.1,12.2,12.1,11.3,19.4,15.2,13.4,19.4,23.0,18.4,18.2,11.2,45.9,45.0,18.6,22.2,28.0,20.0,8.2,9.2,24.8,23.0,11.1,10.2,12.0,12.2,23.5,20.2,32.7,37.0,7.1,5.1,19.0,24.0,20.2,12.0,28.3,29.6,31.3,28.0,20.0,18.0
1772962545.3708074,29.9,18.0,7.1,8.1,10.2,8.1,13.1,9.2,15.0,7.0,18.6,10.1,15.8,12.1,14.1,16.0,12.4,18.2,12.0,8.0,19.2,19.2,22.8,23.8,51.5,49.5,10.8,10.9,24.8,40.0,7.1,9.0,27.3,15.0,19.0,12.1,14.0,11.0,25.7,16.2,16.8,35.0,13.3,8.0,14.0,12.1,30.0,21.8,13.0,11.0,26.3,22.2,26.3,22.2
1772962546.3714354,29.3,27.6,14.1,7.1,17.8,10.1,14.1,15.0,14.3,3.1,25.5,22.0,27.6,20.2,21.2,12.1,36.0,34.3,16.2,22.2,24.8,12.0,27.6,26.0,39.0,33.3,21.4,20.4,27.3,25.0,11.2,13.3,19.2,17.8,7.1,13.1,3.1,5.2,27.3,32.3,25.5,35.0,11.1,8.1,15.3,13.3,22.8,9.2,10.2,4.1,8.0,25.5,11.0,6.2
1772962547.3731453,31.3,25.0,16.3,9.3,10.4,17.2,30.3,18.2,13.3,4.1,27.8,25.3,20.0,14.4,9.1,20.0,38.6,25.7,8.2,11.3,13.3,5.1,8.2,9.3,29.3,31.0,27.7,19.2,28.3,43.6,18.2,19.0,24.2,20.2,13.0,12.2,21.8,18.8,17.3,17.8,21.4,22.4,10.3,5.1,16.0,17.3,44.9,38.4,22.2,12.2,14.3,10.1,8.1,7.2
1772962548.3761094,28.9,20.2,10.2,23.5,23.8,26.0,19.0,10.8,22.0,8.0,16.0,12.1,8.2,9.1,14.0,10.0,44.6,28.3,11.1,15.0,14.9,14.0,21.0,20.0,41.6,26.3,24.0,12.0,12.0,21.2,17.0,16.0,23.8,12.9,14.1,13.0,15.2,14.3,11.1,28.3,30.0,21.0,10.0,5.1,10.1,22.0,26.3,30.7,25.0,26.5,19.8,19.8,10.2,6.0
1772962549.377708,28.1,36.0,22.4,23.5,24.7,17.0,13.3,9.3,17.3,14.0,9.3,5.2,16.3,15.2,10.2,11.5,41.1,36.4,11.3,12.4,13.5,23.2,13.1,7.3,41.4,46.0,9.3,23.2,18.6,17.3,27.6,20.6,24.2,16.5,20.4,18.2,24.5,14.4,35.0,29.3,17.3,18.2,9.3,6.3,10.1,7.0,18.0,22.4,12.2,11.3,22.2,29.3,17.2,12.4
1772962550.3777971,30.9,28.0,13.4,2.0,20.2,32.7,13.1,8.2,14.0,2.1,18.0,18.0,9.3,7.1,5.1,10.2,41.6,38.0,20.2,12.1,8.2,4.1,10.1,15.2,43.4,51.0,22.4,9.2,24.0,5.1,22.0,3.0,23.2,24.2,21.4,26.5,37.1,27.6,40.4,26.5,18.4,28.0,8.1,7.0,10.1,6.2,17.0,23.0,12.2,4.1,25.3,22.4,6.1,9.1
1772962551.3778899,23.7,7.0,11.0,5.1,16.3,18.2,21.0,16.2,12.2,14.0,12.2,11.0,16.0,11.0,4.1,6.1,37.8,45.0,10.2,8.0,18.0,8.2,18.4,6.0,42.2,24.2,27.0,7.1,24.0,11.1,8.1,6.2,23.2,27.3,21.0,8.2,19.0,17.0,26.3,18.0,21.2,21.2,28.0,19.4,35.4,29.0,28.3,18.4,12.9,17.0,36.0,32.0,19.0,31.0
1772962552.381563,21.2,26.3,6.1,5.2,23.8,7.9,23.2,24.0,20.0,22.2,7.1,5.1,20.0,14.1,5.9,4.0,35.6,37.0,5.1,6.1,24.2,22.8,10.0,19.2,26.0,10.2,19.0,14.3,11.9,16.0,12.4,10.0,15.0,20.6,10.0,17.8,14.1,7.9,7.0,23.0,12.1,12.0,12.1,13.9,10.1,12.1,15.0,24.0,23.0,7.1,27.0,28.0,7.1,11.0
1772962553.383834,30.3,27.0,14.1,5.1,25.3,7.0,30.3,30.0,12.2,13.1,15.0,16.2,16.3,22.2,14.1,5.1,34.0,50.5,18.2,17.5,17.3,18.2,10.3,7.1,13.1,15.0,14.0,5.9,28.3,25.7,19.4,20.4,29.0,22.4,27.3,25.3,11.0,8.1,14.1,25.3,16.8,15.3,17.2,16.2,29.3,29.0,6.1,23.2,15.5,15.0,18.0,26.3,13.1,13.4
1772962554.3839252,14.3,9.1,14.1,10.3,32.3,22.7,16.0,15.0,9.1,9.1,21.6,18.4,14.0,8.1,13.4,12.2,45.0,15.3,26.8,17.0,17.2,16.2,21.0,14.3,9.2,12.4,19.2,8.3,19.2,25.0,15.8,5.1,12.4,14.0,34.0,35.4,8.2,9.0,25.3,26.3,18.6,18.2,21.4,11.2,38.0,41.6,15.0,25.7,22.2,12.1,18.4,19.2,23.0,23.0
1772962555.3842242,17.5,21.0,25.3,35.6,36.0,30.0,19.4,10.1,12.1,21.4,18.4,18.6,7.1,11.3,17.2,16.3,40.6,22.2,5.1,6.1,19.2,18.2,23.5,24.2,19.2,9.0,20.2,7.1,26.0,40.6,10.2,11.1,17.0,16.3,39.0,25.7,13.3,9.3,14.1,11.0,20.2,15.2,11.1,9.3,19.2,25.3,8.1,18.6,15.0,15.3,20.0,30.3,8.2,12.0
1772962556.3843088,12.0,11.1,29.0,34.3,24.0,30.7,15.8,7.1,22.2,27.0,18.0,11.9,17.2,7.0,14.1,12.7,27.7,22.5,11.0,14.9,23.0,17.2,10.9,10.0,24.2,28.3,28.3,18.2,17.2,17.2,20.8,20.2,6.1,11.9,26.3,13.0,9.0,15.2,11.2,8.0,24.2,20.0,14.9,18.6,21.8,18.0,35.7,8.9,26.3,28.7,24.8,18.0,8.2,17.8
1772962557.3843997,11.5,24.5,34.0,32.7,31.6,16.5,11.2,16.2,7.2,15.3,29.0,14.3,8.1,11.1,7.1,14.6,25.5,30.3,24.5,25.5,10.3,5.2,10.4,7.2,22.4,15.2,13.1,5.1,7.2,8.2,12.0,9.1,23.5,9.3,26.0,28.3,13.3,17.2,10.4,12.4,19.2,20.2,13.1,7.1,16.3,24.2,28.3,10.3,17.5,14.3,22.4,8.1,10.2,29.3
1772962558.38647,24.0,15.8,47.0,30.7,25.3,36.3,18.0,14.0,21.0,6.1,11.2,10.0,17.3,19.0,13.3,3.0,31.3,23.8,23.2,21.0,36.0,25.0,21.0,12.2,37.4,23.2,14.0,4.0,14.1,5.0,13.1,6.1,14.0,6.0,14.0,26.3,15.2,15.2,7.1,7.0,15.2,7.1,22.2,12.1,31.7,40.0,33.7,30.7,18.0,4.0,25.0,8.2,19.0,16.2
1772962559.3878047,27.3,9.1,16.8,19.4,18.8,24.5,22.0,20.2,16.2,20.2,8.1,9.2,21.0,12.1,12.0,10.2,27.0,25.5,16.2,14.0,30.7,5.1,12.0,6.0,17.0,15.0,13.1,7.1,38.0,29.3,14.3,12.0,10.1,8.0,16.2,16.2,28.3,23.2,7.9,6.1,14.0,8.0,26.0,24.0,28.0,12.0,40.6,45.5,10.1,8.1,33.7,24.8,21.0,24.2
1772962560.387906,16.3,6.2,32.7,21.2,22.7,21.2,20.4,20.2,20.2,7.1,17.5,14.3,28.3,12.1,42.3,22.2,25.8,30.3,12.1,8.2,18.2,11.3,18.6,13.4,18.2,23.7,10.3,11.3,14.3,15.2,26.3,8.2,14.4,20.4,20.6,7.1,30.6,35.0,19.2,14.3,16.2,12.4,29.3,25.5,19.4,15.3,21.0,13.0,16.5,12.1,23.2,11.2,14.1,30.3
1772962561.3901336,16.7,9.8,41.0,22.0,9.0,10.0,14.6,22.0,12.0,10.1,15.2,6.9,22.2,18.2,7.0,19.8,24.0,26.0,20.2,13.1,20.0,40.6,23.0,7.1,21.2,15.0,12.2,8.1,30.3,27.7,19.8,12.1,15.3,10.1,10.2,7.1,19.8,19.2,6.1,8.2,8.2,4.0,38.4,35.7,26.0,11.1,9.1,22.2,16.0,19.2,30.4,16.0,17.2,18.0
1772962562.3950691,11.2,6.1,36.7,16.2,18.0,10.2,9.0,13.1,7.3,13.1,12.5,7.1,30.3,18.4,18.2,12.4,14.1,13.0,20.2,13.3,13.4,26.0,24.0,31.7,24.5,26.3,13.1,15.3,23.2,30.7,10.1,10.0,18.0,10.9,4.1,6.0,23.8,23.0,13.1,6.0,8.1,4.0,28.0,20.2,19.4,20.8,23.2,11.0,17.0,9.2,19.2,7.1,27.7,38.0
1772962563.3951557,12.5,13.0,39.8,23.0,5.1,12.2,5.0,5.1,8.1,11.0,24.5,23.5,11.9,23.8,15.0,6.0,13.1,13.3,18.4,18.0,22.0,27.3,36.6,20.2,24.0,23.0,14.1,13.0,20.0,19.2,10.2,10.9,8.1,11.2,8.1,12.1,20.2,14.1,14.9,8.1,15.2,9.0,23.2,6.0,24.2,27.3,37.0,32.0,20.6,14.1,10.3,7.1,33.7,32.0
1772962564.3977742,15.3,18.2,39.4,26.7,14.3,12.1,12.2,19.8,13.1,8.0,15.5,26.3,25.3,18.2,19.2,11.2,19.0,17.2,16.7,13.0,14.4,20.2,31.3,28.0,17.3,20.4,11.1,10.1,9.2,12.0,12.1,6.2,6.1,11.1,14.3,17.3,28.7,27.0,16.2,14.0,10.2,3.1,29.0,7.1,10.1,29.4,22.8,26.0,17.0,15.2,16.0,6.1,16.3,28.7
1772962565.3978603,14.7,9.1,33.3,30.6,20.2,15.2,7.2,24.2,7.0,6.1,17.0,16.2,13.1,21.0,15.3,17.8,9.2,8.1,7.1,18.4,9.2,7.1,25.0,18.6,21.0,15.2,12.4,8.1,8.1,19.0,11.1,8.0,5.0,21.0,10.9,11.1,26.3,18.2,5.1,4.0,9.2,10.1,28.0,17.3,12.2,14.0,6.1,20.0,8.2,14.3,10.1,17.2,34.3,26.0
1772962566.3986466,8.4,13.0,20.0,15.7,19.0,9.1,12.9,24.2,3.0,10.2,11.0,8.0,16.2,19.2,10.1,11.0,13.1,8.0,6.1,7.9,12.1,8.1,25.0,17.8,24.0,17.2,10.9,9.0,8.9,21.8,8.1,10.0,8.1,9.9,6.1,5.1,15.2,17.8,7.1,6.0,8.0,13.1,26.0,15.0,21.8,18.2,20.8,17.2,17.0,7.0,8.9,2.0,35.6,23.2
1772962567.398735,8.5,14.9,16.3,14.1,1.0,5.0,35.6,36.6,12.9,7.9,5.0,4.0,13.0,6.0,1.0,2.0,3.0,2.0,3.0,12.0,10.9,13.0,26.3,21.2,11.0,14.9,3.0,4.0,12.0,21.0,3.0,3.0,5.1,13.0,1.0,2.0,14.9,12.1,6.1,2.0,7.0,4.0,41.0,2.0,12.1,6.0,7.0,8.1,7.0,7.0,11.1,3.0,34.0,9.3
1772962568.3988206,10.5,2.0,18.0,12.1,7.8,5.1,31.0,24.2,10.0,10.0,3.1,3.0,26.7,12.9,11.9,19.2,11.0,7.1,17.0,23.2,10.1,7.1,24.2,26.7,13.3,13.0,16.7,6.0,10.2,29.7,3.0,4.0,22.2,19.0,4.0,3.0,14.1,11.9,8.1,3.0,10.9,3.0,41.6,0.0,11.9,9.2,12.0,11.9,18.2,16.0,6.1,5.1,15.2,17.8
1772962569.3989136,13.4,22.0,14.0,18.0,8.1,6.0,21.2,22.0,27.3,28.0,8.9,9.2,33.3,30.0,7.0,5.1,10.1,9.0,17.0,19.0,6.1,9.1,15.0,20.2,20.8,20.2,7.1,11.9,9.9,19.0,5.0,15.8,5.0,5.1,6.1,6.0,24.2,14.1,8.0,2.0,5.1,6.1,29.0,35.0,17.2,13.1,4.0,14.1,9.1,11.2,8.2,4.0,5.1,19.2
1772962570.3991115,10.3,4.0,13.1,10.1,3.1,8.9,15.8,14.1,10.1,7.1,3.1,4.0,23.0,28.3,13.3,7.0,2.0,2.0,17.3,25.7,4.0,3.0,27.6,22.2,11.1,13.0,7.1,3.0,14.3,13.0,5.1,10.1,6.0,1.0,14.9,6.1,12.1,12.0,9.9,7.9,3.0,2.0,21.0,35.6,17.0,18.0,11.2,20.0,5.0,3.0,8.1,3.1,10.1,10.1
1772962571.4009452,26.8,20.0,16.0,11.1,10.1,12.4,14.3,10.9,5.1,9.0,7.0,7.0,51.0,24.0,11.0,9.1,10.9,8.0,28.0,29.3,26.0,13.1,28.0,38.2,22.8,14.3,22.8,15.0,8.1,1.0,20.8,10.0,17.8,6.1,9.1,5.1,34.7,17.0,8.2,9.0,6.0,9.9,9.0,28.3,13.0,13.0,10.8,23.8,11.2,6.1,12.0,16.8,17.0,15.0
1772962572.4030013,23.2,18.2,17.2,21.2,20.2,18.8,11.0,11.1,9.2,4.0,5.2,7.2,27.6,11.1,18.2,8.1,7.1,5.1,37.0,34.3,15.2,17.0,48.0,39.8,12.1,11.1,5.0,8.1,13.1,2.0,11.3,12.1,19.4,19.0,11.2,8.2,27.6,35.4,9.0,14.3,8.2,6.1,26.5,31.0,6.2,23.0,9.2,20.2,9.1,13.1,12.1,12.1,13.3,19.2
1772962573.4030826,19.1,21.2,10.2,6.1,3.1,8.2,7.1,28.3,19.2,12.0,23.0,17.0,26.0,27.3,11.1,7.1,11.2,18.2,33.7,22.2,22.0,25.0,66.7,64.0,19.2,19.4,9.0,5.0,14.1,4.0,20.0,22.2,7.1,4.0,14.1,15.8,20.2,15.2,20.4,15.2,8.1,6.9,14.1,10.1,11.9,27.3,22.4,25.5,8.0,7.1,3.1,5.1,6.9,5.1
1772962574.4031718,26.0,30.0,15.3,9.0,10.9,9.1,29.3,36.0,9.3,8.1,8.1,13.0,24.0,42.6,13.1,15.2,6.1,7.1,27.3,21.0,9.2,17.0,40.4,54.5,25.3,18.4,13.4,2.0,8.1,6.0,9.2,7.1,8.2,13.1,12.9,9.0,29.0,17.2,20.0,16.3,10.0,12.4,7.1,5.0,13.0,19.2,17.2,27.0,18.2,14.0,10.2,12.2,10.3,14.4
1772962575.403259,17.0,22.2,10.2,8.2,2.1,10.0,14.1,32.3,9.1,3.0,5.0,3.0,13.1,29.4,15.2,5.0,10.0,4.1,21.6,30.0,13.0,9.2,41.4,44.4,33.3,25.5,7.1,12.0,5.0,5.1,18.8,10.9,9.0,7.1,3.1,16.0,9.0,21.0,7.2,6.1,24.0,10.0,14.0,2.0,17.2,10.0,14.1,24.2,12.0,4.0,10.0,18.0,12.0,11.0
1772962576.405184,12.6,26.0,8.0,6.0,3.0,9.0,11.1,22.8,4.0,14.1,8.2,3.1,14.0,18.2,18.2,9.1,14.1,7.1,29.4,19.0,6.1,3.0,24.0,22.8,5.1,5.0,13.0,16.0,7.1,7.0,5.1,14.1,5.1,4.0,6.1,11.1,15.2,19.0,10.9,8.0,13.0,4.0,4.0,6.0,3.0,2.0,16.0,21.0,8.1,3.0,8.1,3.0,19.0,9.2
1772962577.4065886,13.1,26.7,17.8,6.9,11.8,16.0,14.7,20.6,11.1,6.0,9.9,9.9,16.8,24.5,17.8,14.0,12.9,6.8,26.0,15.0,20.8,18.6,20.6,7.0,5.1,8.9,7.9,9.0,6.0,5.0,17.8,12.7,6.9,4.0,10.1,16.8,14.0,14.9,5.0,7.0,15.0,10.1,7.9,2.0,4.0,14.9,15.7,22.5,6.9,4.0,8.8,12.9,19.8,17.8
1772962578.40948,19.1,25.0,15.3,5.2,10.4,14.1,3.1,21.2,23.2,30.0,14.1,13.1,10.2,18.2,13.3,22.0,8.1,17.3,28.3,16.0,25.5,16.3,15.5,4.1,10.2,3.1,14.3,10.1,10.2,8.2,10.1,6.1,11.1,3.1,17.2,21.2,27.0,42.6,9.3,11.3,13.1,9.0,7.1,4.0,10.2,6.2,9.1,15.5,4.1,10.1,7.2,9.2,8.2,6.1
1772962579.415503,25.5,26.0,28.6,21.8,13.7,3.0,13.3,10.1,9.1,6.0,14.0,10.0,7.9,6.1,3.0,7.9,26.0,15.0,21.8,18.8,12.7,34.7,21.6,8.9,13.7,12.9,20.0,17.6,12.0,17.8,3.1,8.9,12.1,2.0,11.9,28.0,30.0,14.9,8.1,15.5,8.9,3.0,4.0,3.0,7.1,5.9,7.1,11.8,4.0,12.9,9.9,11.0,9.0,9.0
1772962580.4159124,31.9,37.4,24.5,19.4,21.6,23.2,11.1,7.1,10.1,12.1,20.2,19.2,17.2,13.0,11.2,13.3,41.4,26.7,31.3,32.0,10.3,26.0,24.5,10.2,6.1,5.1,16.3,11.3,9.0,11.3,13.3,21.2,10.0,9.2,38.4,32.0,21.2,33.3,23.2,4.1,7.1,5.2,19.2,12.0,8.2,7.1,25.3,13.4,9.3,9.0,10.3,8.0,17.3,11.1
1772962581.4195108,52.0,22.0,17.0,15.0,11.9,7.1,5.0,6.9,4.0,15.2,9.9,5.1,14.1,18.6,14.9,7.1,28.0,26.3,24.8,34.0,15.0,28.4,6.9,21.6,9.0,5.1,23.0,11.9,14.1,13.9,8.0,3.0,11.1,14.7,25.0,24.8,15.0,28.7,10.9,9.9,8.2,10.0,25.5,9.0,7.0,4.0,15.2,11.9,5.9,4.0,6.9,6.1,22.0,21.2
1772962582.4200141,39.6,23.0,17.5,19.2,18.0,18.4,9.3,6.1,10.2,7.1,8.2,7.1,26.5,25.5,11.2,15.2,47.5,48.5,39.0,31.0,21.6,26.3,20.2,27.6,23.0,25.8,5.1,7.2,19.4,13.3,13.4,13.3,27.6,26.5,38.0,40.8,52.5,9.2,8.2,4.1,5.2,19.2,9.3,15.2,7.1,3.1,15.8,16.2,8.2,3.1,7.1,5.1,6.0,9.0
1772962583.421287,30.7,34.3,24.2,25.7,12.1,13.7,13.9,8.0,8.0,2.0,16.2,8.0,20.0,17.0,9.1,14.1,28.0,27.3,16.2,16.2,15.2,5.0,14.3,22.0,20.0,23.8,13.0,12.9,13.1,10.2,8.0,13.1,8.9,3.0,20.2,19.6,40.2,5.9,19.2,9.0,4.0,3.0,8.0,4.0,11.9,6.0,14.1,11.2,10.1,12.0,9.0,5.1,8.0,7.0
1772962584.423958,18.1,26.5,31.7,27.6,16.0,11.2,12.1,4.0,13.1,11.2,15.2,8.1,13.0,14.0,10.0,14.9,27.7,18.8,25.7,25.3,16.0,15.0,9.1,24.2,11.0,17.2,11.1,9.1,13.9,4.0,12.0,6.0,13.1,6.0,17.8,23.2,22.0,23.2,30.7,27.0,15.8,7.0,6.0,6.9,8.1,13.0,17.0,21.6,17.6,10.2,23.5,9.3,8.2,7.1
1772962585.4253411,22.7,18.0,21.2,15.0,7.2,8.1,10.2,6.1,16.7,11.2,34.7,27.3,15.3,13.1,22.4,17.5,16.0,17.5,18.2,23.0,30.3,3.0,23.2,24.5,15.3,10.2,7.1,5.1,12.1,12.1,11.1,12.2,12.1,18.2,25.0,23.2,27.3,34.0,27.6,31.0,20.8,22.2,9.3,5.2,10.1,7.1,16.3,16.3,14.4,10.3,23.0,22.0,7.1,6.2
1772962586.4307756,28.4,3.0,27.6,23.0,6.0,23.5,7.0,8.0,34.0,24.5,37.6,32.0,9.9,6.1,19.0,13.9,32.0,26.7,41.2,44.6,8.0,6.9,13.0,8.0,13.0,8.9,10.8,9.0,14.1,9.0,15.0,10.8,8.8,9.1,14.0,43.1,50.5,42.6,47.1,25.7,6.1,7.9,7.0,8.8,12.9,10.9,34.7,35.6,13.9,6.9,23.0,19.6,15.7,7.9
1772962587.441177,17.5,14.3,22.2,21.2,12.2,4.1,5.1,5.1,17.2,27.6,42.0,29.6,8.1,3.1,17.2,10.1,31.7,22.0,22.2,19.8,10.2,5.1,28.0,21.2,20.2,16.0,15.2,5.1,7.1,15.3,14.0,15.2,12.4,8.2,29.6,19.2,37.4,7.0,20.4,15.2,13.9,10.2,6.1,4.1,11.1,9.1,25.3,13.1,8.1,6.2,28.0,22.2,12.1,2.1
1772962588.4412553,25.8,16.2,25.5,28.0,8.2,24.0,8.0,9.2,32.0,24.2,24.5,20.2,7.1,11.0,15.2,14.3,30.6,33.7,24.2,11.2,11.0,5.0,8.2,13.0,26.7,17.2,13.1,11.1,9.2,14.9,12.2,18.0,5.1,6.1,35.3,31.0,37.6,29.0,17.3,16.2,19.4,11.0,5.1,11.2,20.4,20.4,24.8,24.5,29.0,12.0,23.2,21.2,14.1,11.1
1772962589.4440355,15.5,8.0,28.3,20.2,7.0,4.0,3.0,4.0,24.8,21.0,14.0,16.8,17.2,15.2,7.1,6.0,30.0,27.7,25.0,18.0,10.0,4.0,19.6,3.0,12.0,23.0,2.0,3.0,8.0,5.1,21.6,17.2,6.0,6.1,31.7,23.2,7.0,10.3,10.8,8.1,10.1,4.0,10.0,10.0,4.0,11.0,20.0,29.3,10.2,8.1,12.1,13.1,6.1,5.0
1772962590.4479287,23.2,22.0,19.2,19.2,17.0,7.0,9.2,7.1,14.0,10.0,18.2,19.2,4.0,2.0,18.8,9.0,32.4,30.7,9.9,23.8,8.1,3.0,19.4,3.0,15.2,32.7,15.2,8.0,7.1,5.1,29.0,27.6,14.0,14.9,24.2,23.8,7.1,5.0,23.0,3.1,20.8,20.0,10.1,5.1,16.8,15.0,33.0,40.8,16.8,11.1,18.8,9.0,10.1,8.2
1772962591.4480157,18.6,11.1,27.3,21.0,4.0,7.1,10.0,6.0,7.1,8.2,28.3,42.0,4.0,4.0,10.1,12.0,24.5,20.2,5.1,22.2,8.0,12.2,10.0,7.1,3.1,18.2,9.0,1.0,4.0,7.9,15.2,13.1,17.3,8.1,11.2,17.3,10.0,5.1,26.0,8.1,7.1,5.0,2.0,7.9,2.0,1.0,21.2,19.2,14.0,9.0,14.1,18.4,8.1,4.0
1772962592.4481308,17.3,11.2,23.5,15.3,9.2,8.1,8.2,15.2,17.2,22.8,15.0,35.0,21.0,13.9,4.0,8.2,28.0,33.0,6.1,14.1,11.2,12.1,10.0,5.1,21.0,17.0,18.0,12.1,8.2,11.1,12.1,8.0,8.0,3.1,17.2,15.8,10.1,25.0,19.4,26.0,5.1,3.1,6.1,5.1,5.9,13.1,32.0,29.3,6.0,3.0,22.2,12.1,20.4,14.0
1772962593.448425,7.4,3.0,16.2,11.9,7.0,8.9,9.1,7.0,22.0,30.0,27.0,23.0,29.0,16.0,16.0,13.1,23.0,25.0,13.0,13.0,9.0,5.0,11.0,8.0,17.0,21.2,4.0,4.9,16.8,9.1,11.0,11.0,9.0,9.1,9.1,21.2,2.0,21.8,8.1,26.7,8.9,5.9,7.0,6.0,16.0,9.9,29.3,29.0,5.1,5.0,10.9,10.1,20.0,25.3
1772962594.4494693,7.3,2.0,9.1,12.1,15.2,5.1,12.1,7.1,25.3,8.1,31.6,19.2,22.0,34.0,9.2,6.0,12.2,16.2,7.1,20.0,11.1,8.1,11.1,6.9,17.3,9.0,6.1,9.2,18.2,13.1,9.1,10.1,10.2,10.2,15.0,4.0,7.0,21.2,14.9,37.4,10.3,9.1,5.1,3.1,15.3,10.2,18.0,22.2,4.0,5.2,5.2,5.1,15.2,16.2
1772962595.4495614,12.8,6.1,6.1,4.0,11.1,6.0,10.1,2.0,21.8,2.0,20.2,29.6,26.3,32.0,3.0,4.0,7.0,4.0,5.1,14.0,7.0,4.0,4.0,13.3,11.9,9.1,6.9,5.9,9.1,14.0,2.0,2.0,4.0,6.9,15.2,8.1,10.1,21.8,17.0,17.2,3.0,5.1,20.2,10.9,7.0,6.0,26.0,26.0,9.0,7.0,5.0,2.0,7.9,4.0
1772962596.449638,9.3,5.0,8.1,9.0,2.0,7.1,2.0,1.0,20.2,9.1,13.7,16.8,31.7,12.0,11.0,14.0,1.0,2.0,5.0,19.2,6.9,8.0,2.0,6.0,3.0,2.0,2.0,0.0,0.0,13.9,2.0,0.0,1.0,0.0,17.0,0.0,20.2,15.0,2.0,4.0,1.0,1.0,2.0,1.0,9.1,14.0,21.0,5.0,8.0,1.0,1.0,9.0,0.0,2.0
1772962597.4497235,8.9,0.0,4.0,5.0,6.1,14.0,1.0,2.0,20.0,0.0,10.1,10.1,41.6,19.0,15.3,13.1,0.0,1.0,20.0,21.0,5.0,4.0,2.0,0.0,1.0,0.0,0.0,0.0,0.0,0.0,0.0,0.0,0.0,0.0,0.0,0.0,8.0,7.1,0.0,1.0,0.0,0.0,0.0,0.0,2.0,1.0,20.2,0.0,1.0,0.0,0.0,20.0,1.0,0.0
1772962598.4498215,5.1,0.0,0.0,0.0,10.9,9.0,0.0,0.0,13.0,6.1,9.0,10.0,32.3,18.0,7.9,8.9,0.0,0.0,31.7,8.1,0.0,1.0,0.0,0.0,0.0,0.0,0.0,1.0,0.0,0.0,0.0,0.0,0.0,0.0,0.0,0.0,0.0,0.0,0.0,1.0,0.0,0.0,0.0,0.0,0.0,0.0,20.8,1.0,1.0,0.0,1.0,20.8,0.0,0.0
1772962599.4498913,0.0,0.0,0.0,0.0,0.0,0.0,0.0,0.0,2.0,1.0,10.1,10.0,38.4,1.0,0.0,0.0,0.0,0.0,2.0,0.0,0.0,0.0,0.0,0.0,1.0,0.0,0.0,0.0,0.0,0.0,0.0,0.0,0.0,0.0,0.0,0.0,0.0,0.0,0.0,0.0,0.0,0.0,0.0,0.0,0.0,0.0,20.0,0.0,0.0,0.0,0.0,20.8,0.0,0.0
1772962600.44996,1.0,0.0,0.0,0.0,0.0,0.0,0.0,0.0,0.0,0.0,8.0,7.1,40.6,0.0,0.0,0.0,0.0,0.0,0.0,0.0,0.0,0.0,0.0,0.0,0.0,0.0,0.0,0.0,1.0,0.0,0.0,0.0,0.0,0.0,0.0,0.0,0.0,0.0,0.0,1.0,0.0,0.0,0.0,0.0,0.0,0.0,20.8,0.0,0.0,0.0,0.0,20.0,0.0,0.0
1772962601.450031,0.0,0.0,0.0,0.0,0.0,0.0,0.0,0.0,0.0,0.0,0.0,0.0,39.0,1.0,0.0,0.0,0.0,0.0,0.0,0.0,0.0,0.0,0.0,0.0,0.0,0.0,0.0,0.0,0.0,0.0,0.0,0.0,0.0,0.0,0.0,0.0,0.0,0.0,0.0,0.0,0.0,0.0,0.0,0.0,0.0,0.0,20.2,0.0,0.0,0.0,6.9,12.9,0.0,0.0
1772962602.4501252,0.0,0.0,0.0,0.0,0.0,0.0,0.0,0.0,0.0,0.0,0.0,0.0,27.3,6.0,0.0,0.0,0.0,0.0,0.0,0.0,0.0,0.0,0.0,0.0,0.0,0.0,0.0,0.0,0.0,0.0,0.0,0.0,0.0,0.0,0.0,0.0,0.0,0.0,0.0,0.0,0.0,0.0,0.0,0.0,0.0,0.0,20.0,0.0,0.0,0.0,1.0,2.0,0.0,0.0
1772962603.4502091,0.0,0.0,0.0,0.0,0.0,0.0,0.0,0.0,0.0,0.0,0.0,0.0,20.0,0.0,0.0,0.0,0.0,0.0,0.0,0.0,0.0,0.0,0.0,0.0,0.0,0.0,0.0,0.0,0.0,0.0,0.0,0.0,0.0,0.0,0.0,0.0,0.0,0.0,0.0,0.0,0.0,0.0,0.0,0.0,0.0,0.0,20.8,0.0,0.0,0.0,0.0,0.0,0.0,0.0
1772962604.4502885,0.0,0.0,0.0,0.0,0.0,0.0,0.0,0.0,0.0,0.0,0.0,0.0,20.0,0.0,0.0,0.0,0.0,0.0,0.0,0.0,0.0,0.0,0.0,0.0,0.0,0.0,0.0,0.0,0.0,0.0,0.0,0.0,0.0,0.0,0.0,0.0,0.0,0.0,0.0,0.0,0.0,0.0,0.0,0.0,0.0,0.0,7.9,0.0,0.0,0.0,0.0,0.0,0.0,0.0
1772962605.4503613,0.0,0.0,0.0,0.0,0.0,0.0,0.0,0.0,0.0,0.0,0.0,0.0,20.8,0.0,0.0,0.0,0.0,0.0,0.0,0.0,0.0,0.0,0.0,0.0,0.0,0.0,0.0,0.0,0.0,0.0,0.0,0.0,0.0,0.0,0.0,0.0,0.0,0.0,0.0,0.0,0.0,0.0,0.0,0.0,0.0,0.0,0.0,0.0,0.0,0.0,0.0,0.0,0.0,0.0
1772962606.4504368,0.0,0.0,0.0,0.0,0.0,0.0,1.0,0.0,0.0,0.0,1.0,0.0,16.2,0.0,0.0,0.0,0.0,0.0,0.0,0.0,0.0,1.0,0.0,1.0,0.0,0.0,0.0,0.0,0.0,0.0,0.0,0.0,0.0,0.0,0.0,0.0,0.0,0.0,0.0,0.0,0.0,0.0,0.0,0.0,0.0,0.0,0.0,0.0,0.0,0.0,1.0,0.0,0.0,0.0
