timestamp,CPU_0(group_0),CPU_64(group_0),CPU_2(group_1),CPU_66(group_1),CPU_4(group_2),CPU_68(group_2),CPU_6(group_3),CPU_70(group_3),CPU_8(group_4),CPU_72(group_4),CPU_10(group_5),CPU_74(group_5),CPU_12(group_6),CPU_76(group_6),CPU_14(group_7),CPU_78(group_7),CPU_16(group_8),CPU_80(group_8),CPU_18(group_9),CPU_82(group_9),CPU_20(group_10),CPU_84(group_10),CPU_22(group_11),CPU_86(group_11),CPU_24(group_12),CPU_88(group_12),CPU_26(group_13),CPU_90(group_13),CPU_28(group_14),CPU_92(group_14),CPU_30(group_15),CPU_94(group_15),CPU_32(group_16),CPU_96(group_16),CPU_34(group_17),CPU_98(group_17),CPU_36(group_18),CPU_100(group_18),CPU_38(group_19),CPU_102(group_19),CPU_40(group_20),CPU_104(group_20),CPU_42(group_21),CPU_106(group_21),CPU_44(group_22),CPU_108(group_22),CPU_46(group_23),CPU_110(group_23),CPU_48(group_24),CPU_112(group_24),CPU_50(group_25),CPU_114(group_25),CPU_52(group_26),CPU_116(group_26)
1772962967.7523835,0.0,0.0,0.0,0.0,0.0,100.0,0.0,0.0,0.0,0.0,0.0,0.0,0.0,0.0,0.0,0.0,0.0,0.0,0.0,100.0,0.0,0.0,0.0,0.0,0.0,0.0,0.0,0.0,0.0,0.0,0.0,0.0,0.0,100.0,0.0,100.0,0.0,0.0,0.0,0.0,0.0,0.0,0.0,0.0,0.0,0.0,0.0,0.0,0.0,0.0,100.0,0.0,0.0,0.0
1772962968.7548738,30.6,20.0,27.3,26.5,39.4,41.0,8.1,5.1,7.0,3.1,21.0,19.0,39.0,44.6,30.0,21.4,19.2,16.0,33.0,40.4,40.6,39.6,45.0,37.3,6.0,5.0,9.1,14.0,38.2,38.0,44.6,37.4,12.0,13.3,1.0,4.1,36.4,44.6,2.1,6.2,13.1,12.1,35.0,26.3,2.0,2.0,11.2,17.0,9.0,10.1,12.1,16.3,28.3,28.3
1772962969.7581775,11.2,11.0,21.8,19.2,46.5,31.7,5.1,2.0,22.2,21.2,4.0,6.0,41.2,41.2,6.1,9.0,4.1,2.0,35.4,34.7,41.2,39.8,36.0,44.6,3.1,5.0,8.1,7.0,26.0,37.6,40.6,41.0,1.0,4.0,2.0,6.1,39.6,39.4,3.0,3.1,12.9,11.2,19.8,27.7,3.0,3.0,10.1,8.1,7.0,7.0,33.0,26.7,23.0,20.2
1772962970.7588224,13.0,10.0,14.3,15.2,40.2,30.3,5.1,3.0,6.1,2.0,3.1,5.1,36.0,33.3,36.7,20.2,16.0,14.3,30.7,32.3,38.0,39.6,40.6,40.0,4.0,4.0,9.0,8.1,23.2,30.0,49.0,31.7,5.1,4.0,4.0,2.0,38.4,40.0,3.1,7.1,32.3,37.0,18.2,21.2,5.1,2.0,8.1,6.1,6.1,8.0,13.0,12.1,23.0,15.0
1772962971.7617352,13.1,10.0,18.2,18.4,41.6,36.6,6.1,2.0,4.0,3.1,7.0,10.1,37.0,27.0,42.9,35.1,4.1,6.0,33.0,38.0,35.9,42.2,40.6,41.0,4.0,6.0,8.2,8.2,33.3,26.5,43.6,37.4,5.1,2.0,1.0,4.0,41.4,38.6,3.1,6.0,40.6,41.0,23.5,26.0,15.0,2.0,9.1,14.0,5.1,7.1,28.7,29.7,21.0,23.2
1772962972.7630022,11.5,6.2,17.3,13.4,31.6,41.4,2.0,3.1,3.1,5.2,3.1,5.2,29.7,29.6,21.2,19.6,12.2,15.5,33.0,38.0,36.0,35.4,40.0,42.6,6.1,7.1,9.0,8.1,29.7,29.7,38.0,42.6,4.0,4.0,5.1,5.1,43.4,39.8,3.1,8.2,40.0,40.0,21.6,21.4,23.5,3.0,8.1,9.1,8.1,6.1,16.3,15.5,21.2,17.2
1772962973.7648172,12.9,12.0,15.0,19.8,37.4,36.6,4.0,1.0,22.4,22.0,6.0,6.0,32.0,30.7,10.0,11.2,5.0,10.0,35.4,31.3,37.9,40.6,41.0,40.6,4.0,6.0,12.2,8.0,27.6,29.0,41.6,40.6,5.1,3.1,2.0,2.0,40.2,42.0,6.3,16.8,41.6,41.2,23.0,19.8,38.2,2.0,10.0,8.1,6.1,7.0,21.8,24.0,18.4,23.0
1772962974.767568,11.2,9.1,17.2,15.3,40.0,33.7,2.0,2.0,4.0,2.0,4.0,5.1,27.0,25.3,26.3,35.4,15.2,9.2,28.7,28.7,37.0,34.0,39.6,43.1,5.0,5.1,6.0,8.1,24.8,29.0,39.4,41.0,3.1,1.0,0.0,3.0,38.4,41.0,3.1,2.0,39.4,41.6,19.0,19.2,30.3,1.0,8.0,9.1,6.1,5.2,14.1,17.0,17.8,18.2
1772962975.7730222,8.2,12.1,21.0,14.3,38.4,37.0,5.0,3.1,4.0,5.0,5.2,4.0,33.3,30.7,39.2,33.7,10.2,4.0,35.4,31.3,38.6,37.0,39.6,42.0,6.0,5.0,10.2,12.0,32.0,35.0,35.0,48.0,7.9,3.0,3.0,4.0,43.6,39.0,22.2,16.3,41.6,40.0,28.3,27.0,34.0,2.0,9.2,8.1,9.0,9.0,29.0,30.3,24.0,22.0
1772962976.7738857,15.2,11.1,19.0,14.1,40.8,29.0,3.1,3.1,6.1,4.0,5.1,5.1,29.3,27.0,14.3,16.2,16.2,10.1,42.9,25.3,37.6,35.0,40.4,41.2,4.1,3.1,9.0,6.1,23.5,27.0,24.2,55.6,4.1,3.1,4.0,7.1,44.3,35.0,26.5,20.4,40.6,41.0,18.0,23.8,1.0,4.1,10.0,13.1,7.1,4.1,19.8,17.2,21.2,17.0
1772962977.7789984,13.0,9.9,14.1,22.2,42.0,30.4,3.0,2.0,23.2,16.2,5.9,5.0,32.7,37.6,16.2,18.2,3.1,9.1,32.7,33.3,41.2,39.2,38.6,41.0,8.1,3.0,7.1,5.1,34.7,30.7,22.8,60.4,4.0,3.0,1.0,11.1,42.2,39.6,3.0,2.0,39.6,40.2,27.7,23.8,2.0,4.0,10.2,11.0,7.0,9.0,26.0,25.7,28.4,18.4
1772962978.7792103,10.4,9.2,12.4,16.2,35.1,38.8,6.3,8.0,5.1,3.1,5.2,4.0,23.5,22.2,33.7,30.6,15.3,8.2,33.0,33.0,34.7,35.0,38.0,45.0,6.0,4.0,11.0,11.2,27.0,25.3,21.2,58.4,5.1,5.0,1.0,8.2,38.8,40.4,1.0,3.0,41.0,41.0,17.0,26.3,2.0,4.1,9.2,6.1,6.1,8.1,12.1,12.1,15.5,22.0
1772962979.7801692,15.0,10.0,19.2,15.3,42.4,30.7,4.0,4.0,4.1,3.1,7.0,4.1,26.7,37.0,30.9,27.6,9.2,15.0,39.4,31.0,37.0,35.6,41.0,40.6,5.1,4.0,5.1,10.1,23.2,34.0,20.8,60.6,5.0,6.0,2.0,7.1,35.0,47.0,3.0,5.0,41.0,40.4,21.4,21.0,2.0,4.0,8.0,9.0,8.0,8.0,29.6,28.3,25.3,15.5
1772962980.7804213,12.2,7.1,16.0,16.0,39.4,32.0,4.0,1.0,5.1,18.2,4.0,5.1,27.3,28.0,14.1,20.2,4.0,9.1,29.3,36.6,37.3,35.3,43.0,37.6,3.0,6.1,7.1,10.0,27.7,27.0,31.7,50.0,7.1,4.0,1.0,9.0,36.6,40.4,2.0,1.0,41.2,38.6,20.8,20.0,1.0,5.0,6.1,10.0,7.1,8.1,14.0,13.1,18.2,21.8
1772962981.7840586,14.9,7.1,16.3,18.2,29.3,41.0,4.0,3.0,9.4,12.1,5.1,6.0,27.0,40.6,17.3,19.6,3.1,15.3,38.6,32.3,37.6,38.0,36.0,45.5,5.1,4.0,8.9,10.1,35.0,31.0,41.4,40.6,6.1,4.0,4.0,7.1,43.4,37.0,2.0,4.0,39.8,40.0,21.0,24.8,3.1,1.0,7.1,9.2,5.2,7.1,28.7,29.0,22.2,19.4
1772962982.786345,12.2,11.1,18.0,14.1,36.7,35.6,8.1,2.1,2.0,3.1,2.0,5.1,31.7,26.3,40.0,28.7,18.0,4.0,34.3,33.3,35.6,37.3,39.0,40.6,4.0,5.1,9.1,9.0,26.3,25.0,40.0,41.0,5.1,4.0,3.0,7.1,37.4,40.0,5.1,2.0,40.6,39.6,20.2,20.2,3.1,2.0,7.1,8.1,7.9,6.1,17.2,17.2,15.8,21.4
1772962983.7893927,21.2,18.0,17.3,17.8,32.0,44.6,5.0,5.0,6.1,9.1,6.1,6.1,30.0,31.4,25.3,24.5,10.1,6.2,33.7,33.3,38.6,39.2,41.0,39.0,5.1,5.0,9.1,8.0,39.0,29.7,43.6,36.0,4.0,4.0,3.1,2.0,40.2,37.0,9.1,3.0,27.0,28.0,27.5,28.0,3.0,4.0,12.0,10.1,7.1,7.1,21.8,27.0,24.2,21.0
1772962984.7931688,13.5,11.0,13.1,12.2,36.7,33.3,3.0,6.1,11.3,12.4,6.1,3.1,25.3,35.4,14.4,19.2,12.2,9.2,33.0,36.0,38.2,34.7,31.7,33.7,5.0,2.0,10.9,9.1,27.0,24.0,50.5,30.0,2.0,4.1,3.0,2.0,35.7,44.6,4.0,3.1,21.0,22.0,15.3,23.5,5.0,3.0,8.9,7.9,5.2,5.1,16.2,15.2,19.2,17.2
1772962985.7941768,18.0,10.2,21.2,20.0,38.4,40.4,6.0,9.2,12.1,5.1,13.3,5.1,34.0,29.7,21.2,21.2,9.2,2.0,38.4,32.3,38.6,37.9,10.1,30.6,4.0,4.1,9.2,9.1,26.5,37.4,32.0,34.0,6.1,4.1,3.0,4.1,32.0,48.0,2.0,3.1,23.0,22.0,29.3,22.2,2.0,5.0,7.1,12.9,7.0,7.1,24.8,28.7,22.2,22.2
1772962986.796972,12.1,8.1,14.3,16.8,42.0,27.5,4.0,3.0,2.0,5.0,5.1,9.0,32.4,29.7,26.0,25.3,14.0,9.1,27.6,40.0,36.3,37.3,15.8,19.8,3.0,5.0,5.0,7.0,28.7,22.8,19.8,27.0,6.9,4.0,4.0,3.1,36.6,41.4,3.0,2.0,17.8,17.0,20.8,19.2,2.0,6.9,7.0,9.1,5.0,6.0,14.1,14.1,20.8,19.0
1772962987.7970512,12.2,9.1,20.0,21.4,41.4,30.3,4.1,2.0,4.1,4.1,4.1,4.0,29.9,28.3,22.9,24.5,10.1,2.1,31.0,40.4,37.4,39.0,13.3,27.3,3.1,5.1,8.1,11.2,30.6,31.3,17.3,18.4,2.0,6.1,4.1,3.1,41.4,39.4,5.2,5.1,10.3,15.3,26.3,25.0,4.0,4.2,14.0,9.2,6.2,9.1,21.0,21.0,19.4,21.2
1772962988.7971437,16.2,11.1,13.4,19.4,30.6,42.6,7.0,2.0,5.1,10.1,5.1,3.1,25.0,32.0,19.0,18.4,11.3,13.0,31.3,33.3,37.6,36.3,27.3,42.4,4.0,4.0,6.1,9.0,28.3,28.3,41.0,17.2,3.0,4.1,1.0,3.1,45.0,35.0,3.1,5.1,16.2,19.0,20.6,23.2,4.1,1.0,11.1,10.0,8.0,6.1,17.3,18.4,17.2,18.4
1772962989.797226,13.1,10.1,20.2,13.4,29.6,47.5,4.0,3.0,18.4,13.0,5.1,5.1,31.7,33.7,22.7,17.2,4.0,12.1,32.3,33.7,40.2,41.6,42.0,40.2,5.0,3.1,9.0,8.2,31.0,28.0,43.6,20.0,2.0,5.0,3.0,2.0,42.0,35.4,3.1,3.1,22.2,21.2,21.4,21.0,3.0,3.0,10.1,10.1,6.1,8.1,23.0,22.2,26.0,20.2
1772962990.798339,13.1,9.0,17.0,16.3,30.9,41.6,3.1,3.0,5.2,2.1,6.0,5.0,22.8,36.0,33.7,29.6,15.2,9.2,36.4,31.3,35.6,33.7,40.6,40.6,5.0,5.0,6.1,9.2,32.3,24.0,40.6,32.7,6.9,4.0,2.0,4.0,41.0,42.6,3.0,8.1,25.3,23.0,20.0,22.0,2.0,4.0,8.1,7.1,6.1,7.1,21.0,21.0,13.0,20.2
1772962991.8039813,16.8,8.1,20.0,16.0,47.5,22.8,4.0,3.0,10.1,8.2,5.1,3.1,22.0,29.0,24.2,22.7,4.0,8.1,34.7,34.0,40.6,41.7,39.6,39.0,5.0,4.0,8.0,9.1,23.0,33.0,57.6,22.4,1.0,5.0,3.0,2.0,37.4,39.0,3.0,3.0,32.0,37.4,21.0,23.0,4.0,1.0,9.9,6.9,7.0,7.0,20.0,19.0,19.2,21.2
1772962992.8045146,11.3,10.2,18.4,13.3,51.5,24.0,4.0,3.1,7.1,11.1,5.1,6.1,35.4,26.0,12.2,24.0,11.2,13.3,36.4,33.0,35.6,35.4,40.6,41.0,4.0,5.1,6.1,9.1,24.2,28.3,55.4,25.7,3.1,4.1,5.1,6.1,39.4,41.0,5.2,10.3,40.4,40.6,19.4,21.2,2.0,4.0,9.2,9.2,7.1,7.1,20.0,20.4,20.2,23.2
1772962993.8124807,15.0,11.8,17.8,15.8,50.5,22.5,6.9,3.0,13.1,13.1,6.1,9.0,30.4,31.0,25.3,28.0,3.0,10.0,35.6,33.3,36.9,38.8,36.6,43.6,6.0,7.0,8.9,8.9,31.0,24.8,55.0,23.0,4.0,5.1,4.0,2.0,40.2,39.0,9.2,10.0,41.6,41.6,24.5,18.6,4.0,2.0,11.0,8.8,6.0,6.1,22.2,23.5,19.8,17.8
1772962994.812945,12.4,8.2,10.2,20.4,30.9,40.0,2.1,3.1,6.0,2.1,6.0,7.1,27.3,32.3,35.4,29.9,10.0,19.4,38.4,32.7,41.6,37.6,30.0,34.7,6.1,5.1,7.1,9.2,27.0,32.3,49.5,32.3,3.1,3.1,1.0,4.1,41.0,38.4,3.1,3.1,41.0,41.0,21.2,22.4,2.0,6.1,12.0,10.2,6.1,6.2,19.0,17.5,19.4,20.4
1772962995.8132267,16.0,9.9,15.5,20.2,36.7,38.6,4.1,2.0,3.1,13.1,10.2,4.1,33.3,30.7,21.6,23.5,3.1,4.1,35.4,33.0,40.6,39.6,12.2,26.0,6.1,3.1,11.0,5.1,33.0,30.0,32.3,26.0,4.0,6.1,3.0,6.1,39.8,39.4,25.5,21.4,40.6,41.0,24.5,24.8,3.1,6.1,10.3,8.0,7.2,9.0,24.2,22.8,19.4,21.4
1772962996.8133097,12.4,8.2,10.1,15.2,37.4,28.0,4.0,2.0,14.3,5.1,7.1,6.1,35.0,18.2,21.2,11.1,12.1,10.1,25.3,33.0,31.7,35.6,6.1,20.2,3.1,4.0,7.1,8.1,25.0,28.3,37.6,24.2,3.0,4.0,3.0,2.0,35.6,42.0,18.4,18.2,41.0,40.0,16.0,20.8,3.0,2.0,9.8,5.1,5.1,6.1,16.2,14.1,17.8,13.0
1772962997.8205526,13.1,8.9,18.6,13.9,38.0,34.3,5.0,3.0,9.2,8.0,4.0,4.9,21.4,35.9,21.8,28.3,5.1,10.9,36.3,36.3,36.9,37.9,19.6,9.9,5.0,6.0,9.9,7.9,21.0,27.0,27.7,20.0,6.0,2.0,2.0,2.0,43.6,40.6,3.0,3.0,40.2,41.2,19.8,24.0,3.0,4.0,8.1,7.1,6.9,8.9,25.2,23.8,23.8,13.0
1772962998.8211308,12.4,8.2,16.5,13.3,38.4,32.7,4.1,4.1,4.1,6.1,5.1,8.0,31.3,27.3,35.1,27.1,6.2,13.4,34.0,30.6,40.0,37.0,24.5,3.1,7.1,3.1,10.2,6.2,27.3,32.0,25.5,20.6,4.1,5.1,2.0,3.1,40.8,38.0,1.0,2.1,41.0,40.4,18.0,23.5,6.2,3.0,7.1,11.1,6.1,6.2,17.3,19.2,20.6,18.6
1772962999.8232284,12.4,7.1,12.2,19.4,43.9,27.0,5.0,3.0,12.1,9.3,5.1,4.0,34.0,28.7,25.3,22.2,8.1,14.0,29.0,33.0,35.6,37.6,45.5,24.0,3.1,5.1,5.2,9.9,27.0,24.8,40.0,21.2,4.0,6.0,1.0,2.0,34.0,40.4,5.1,3.0,41.0,39.6,18.2,24.8,2.0,1.0,6.1,9.2,7.0,7.1,20.2,22.8,19.0,21.0
1772963000.8250077,14.0,9.0,13.3,20.0,35.4,33.7,3.1,1.0,16.2,6.1,8.1,6.0,31.3,29.3,14.1,12.5,9.2,2.1,37.8,28.3,41.2,40.6,35.4,46.0,5.9,3.0,8.9,8.1,30.7,29.6,28.0,33.0,3.0,7.1,3.0,3.1,38.6,43.0,1.0,4.0,41.6,40.6,21.0,23.5,3.1,4.0,12.0,9.0,4.2,7.1,19.0,15.2,22.2,17.2
1772963001.8250873,15.8,6.1,22.8,5.2,35.4,36.0,3.1,2.0,9.1,10.0,7.1,3.1,29.7,28.3,26.0,28.0,13.1,20.2,35.3,34.0,37.6,37.6,42.0,39.0,5.1,4.0,10.1,7.3,26.7,32.0,28.3,47.5,4.1,2.0,3.1,5.1,40.4,42.0,3.0,2.0,37.6,36.4,23.8,20.0,4.0,1.0,9.1,9.0,6.1,7.1,24.2,25.0,21.0,19.2
1772963002.8265731,12.5,7.1,19.4,11.0,47.5,31.7,2.0,3.0,12.1,10.2,5.1,7.1,33.7,24.0,25.8,35.7,7.2,5.1,43.4,26.3,37.6,33.7,40.6,29.0,4.1,3.1,7.1,10.1,20.6,32.3,26.5,55.4,4.1,5.1,4.0,3.1,38.4,41.0,4.0,2.0,30.7,28.7,17.0,21.0,4.0,3.0,13.1,5.1,6.1,6.1,17.0,16.3,18.2,19.4
1772963003.8273354,14.0,9.2,18.0,20.2,44.9,28.7,5.9,3.0,7.0,15.2,8.0,10.2,28.0,30.0,30.6,21.4,13.0,13.1,31.0,43.6,40.2,38.2,42.0,18.0,4.0,5.9,9.1,7.9,26.7,32.0,13.1,37.6,3.0,5.1,3.1,2.0,37.6,44.9,3.1,2.0,21.8,21.0,24.2,22.2,3.0,3.0,9.0,11.0,8.1,7.1,26.0,26.7,18.4,25.0
1772963004.827727,22.4,15.2,17.3,15.2,35.4,40.0,2.1,7.1,6.3,14.3,6.1,7.0,29.3,29.7,11.2,10.3,4.0,3.1,38.0,33.7,38.0,39.2,42.0,15.2,5.0,4.0,5.1,9.2,31.3,27.3,20.0,27.0,3.0,4.0,3.1,4.0,38.4,40.4,3.0,5.1,21.2,22.0,21.8,20.0,5.0,3.0,8.0,10.2,8.0,8.2,14.0,15.0,20.0,21.4
1772963005.828656,13.1,9.1,16.2,16.3,43.3,29.0,4.1,7.1,3.1,7.1,5.1,6.1,33.7,25.3,23.5,27.0,12.0,20.2,36.4,31.0,35.3,35.0,38.0,37.0,4.0,6.1,10.2,6.1,31.3,28.0,31.3,26.5,4.1,5.1,5.9,3.0,41.0,40.0,3.1,3.1,23.0,21.2,21.4,22.0,3.0,2.0,13.1,5.1,6.2,7.2,29.0,28.3,23.2,20.8
1772963006.8351953,14.0,15.2,20.2,16.2,49.5,23.0,3.0,13.0,11.1,7.0,4.0,6.2,35.6,30.0,27.6,35.4,2.0,4.0,37.4,38.0,41.2,39.2,43.1,38.0,6.0,4.0,8.8,6.0,28.3,31.7,41.0,21.0,4.0,4.1,4.0,5.1,38.0,42.0,2.0,5.1,29.3,25.0,24.2,19.4,3.1,3.0,8.1,11.9,9.0,10.1,15.2,17.2,21.2,19.4
1772963007.8358567,12.4,20.2,11.1,15.3,33.3,35.0,3.0,9.2,6.1,10.1,5.0,4.0,19.2,29.7,30.3,20.6,21.2,12.1,34.7,26.3,36.6,37.0,32.0,37.0,4.1,6.0,7.1,8.1,23.8,29.3,33.0,23.0,4.1,2.0,4.1,4.0,34.3,40.6,3.0,2.1,26.0,30.0,20.8,22.0,4.0,2.0,6.1,6.1,6.1,5.1,24.8,26.0,19.0,17.2
1772963008.836191,13.4,19.2,15.2,15.2,34.3,33.0,5.1,16.0,8.2,21.2,4.1,7.0,30.0,32.0,12.2,11.2,2.0,4.0,35.0,32.7,36.6,38.8,20.4,40.0,4.0,5.0,7.1,7.0,25.3,24.2,21.2,41.0,5.1,3.1,4.1,2.0,43.0,36.4,3.1,3.0,33.0,30.3,19.2,21.2,2.0,2.0,10.1,8.9,6.0,7.9,17.2,19.2,19.4,20.2
1772963009.8362653,14.9,9.1,15.2,14.1,36.0,39.0,5.1,8.1,4.0,29.0,6.0,4.0,33.7,25.0,24.2,25.0,12.1,22.2,36.0,31.3,35.3,38.6,34.0,34.7,6.0,7.0,11.9,8.2,25.3,25.0,31.0,40.0,4.0,6.0,3.0,4.0,44.0,38.4,2.1,2.1,22.2,23.0,19.0,19.8,3.1,3.1,9.1,6.1,8.1,8.2,20.0,20.8,15.2,19.4
1772963010.8363426,11.2,10.0,20.2,17.3,26.5,48.5,26.0,14.0,8.2,13.1,5.0,6.1,30.3,27.7,30.6,44.9,4.0,4.0,32.0,34.3,39.6,38.2,36.0,32.7,5.1,3.1,6.1,7.1,28.7,34.7,54.5,25.3,3.0,6.1,4.0,2.1,45.5,36.4,3.1,3.1,24.0,25.3,24.2,23.0,4.0,2.0,11.0,6.1,7.1,8.1,22.0,24.5,19.4,23.2
1772963011.8372107,10.3,8.2,12.2,16.2,39.4,34.0,28.6,0.0,9.1,10.3,3.1,4.0,27.0,18.2,23.7,26.3,16.3,16.2,35.7,27.6,37.3,36.6,27.0,50.0,4.0,4.0,8.1,7.1,20.2,26.0,42.9,31.0,3.0,5.0,4.1,4.0,41.4,38.0,4.1,3.1,31.6,31.3,16.2,15.2,3.0,4.0,7.1,6.1,6.1,6.1,15.8,15.2,18.2,15.0
1772963012.8424833,15.0,8.0,13.0,15.3,38.4,32.4,10.0,4.0,11.1,29.7,3.0,5.1,29.0,26.0,16.2,10.1,4.0,9.1,34.0,32.0,35.3,36.3,39.0,41.0,4.0,5.0,8.1,9.2,26.3,33.0,28.0,26.0,4.0,6.0,4.1,5.1,42.2,42.0,8.1,17.0,38.2,31.0,19.8,20.8,3.0,2.0,8.1,8.1,7.0,8.1,25.0,28.4,20.8,19.2
1772963013.8441548,11.5,6.1,17.0,12.9,28.0,36.6,3.0,26.0,8.1,13.3,5.1,5.1,33.0,13.9,24.2,23.5,9.9,17.3,29.7,33.7,33.7,31.7,41.0,40.6,3.0,3.1,8.1,7.0,23.0,23.0,34.3,6.0,2.0,4.0,2.0,2.0,38.0,39.0,9.2,7.2,39.4,41.6,21.0,21.0,4.0,2.0,7.0,7.1,4.0,5.1,16.2,17.2,14.0,16.3
1772963014.8456066,14.9,8.2,23.0,17.0,37.8,38.4,3.1,3.1,17.7,21.6,10.0,13.1,39.0,29.3,30.9,38.4,13.4,13.1,30.3,38.4,42.0,39.6,39.0,38.0,7.9,6.9,12.1,7.1,27.3,38.4,27.3,24.5,5.0,5.1,3.1,5.0,37.8,42.0,5.1,5.1,40.6,40.6,22.2,25.3,5.0,2.0,12.0,8.1,7.1,8.2,26.0,26.0,28.3,21.0
1772963015.848325,12.0,11.1,16.5,17.3,40.4,33.7,5.1,4.0,14.1,7.1,7.1,5.1,32.7,27.0,26.5,28.9,11.1,6.1,31.3,44.0,36.6,40.6,25.3,39.0,4.0,5.1,9.2,9.2,32.0,26.3,22.2,43.0,6.1,2.0,4.1,3.1,42.6,37.4,30.6,19.4,41.6,41.0,21.8,23.2,3.1,3.0,7.1,11.0,7.1,9.0,23.8,23.2,25.3,20.8
1772963016.8508291,14.1,8.1,16.0,15.2,41.4,37.6,4.0,3.0,12.1,8.1,5.1,4.0,26.0,32.4,10.2,13.3,13.1,14.1,36.0,33.3,38.2,38.2,26.7,42.6,3.1,6.0,8.0,6.1,28.7,28.4,20.0,58.8,5.0,4.0,3.0,2.0,41.2,39.6,14.1,17.0,41.6,39.2,21.0,26.5,5.0,3.0,11.0,10.0,7.0,7.1,20.0,18.0,19.8,21.4
1772963017.8508477,15.2,10.1,16.3,19.2,37.8,37.4,4.1,4.1,7.2,4.1,6.1,5.1,27.0,29.6,20.4,31.3,4.1,4.1,34.3,36.7,35.6,39.6,7.0,35.7,6.1,4.0,6.1,10.0,26.5,27.6,21.4,40.8,5.1,4.1,5.2,3.1,37.1,41.4,3.1,1.0,42.0,40.4,21.4,19.4,4.1,2.1,9.1,7.1,6.2,6.1,23.0,20.2,19.2,23.8
1772963018.8509228,13.1,8.2,14.4,17.2,34.3,40.0,7.0,4.0,12.2,14.3,6.1,4.0,33.0,27.5,33.0,26.8,4.1,11.2,36.0,35.4,38.6,38.6,1.0,20.2,5.1,3.0,7.1,9.0,29.0,28.3,22.2,44.0,8.2,5.1,4.0,4.0,39.0,40.0,3.1,3.0,43.6,42.0,20.0,25.5,2.0,3.0,8.2,12.2,11.1,6.1,17.3,18.0,19.4,18.4
1772963019.8520532,12.2,8.1,15.3,17.0,42.9,33.7,3.1,4.1,5.0,10.1,5.1,4.0,29.0,26.3,24.2,25.3,13.4,7.1,37.0,29.0,33.7,38.6,24.0,33.0,7.1,2.1,6.0,6.1,25.3,27.3,23.8,59.4,10.0,6.0,6.0,1.0,43.6,37.0,2.0,2.0,38.0,38.6,20.2,20.2,2.0,2.0,8.1,8.9,6.0,7.0,26.7,22.0,22.0,17.2
1772963020.8527997,13.1,8.1,18.4,16.0,37.8,35.0,7.1,5.0,10.2,8.0,7.0,4.1,27.0,35.6,10.1,13.3,3.0,12.0,31.6,37.4,38.2,37.3,27.0,34.3,2.1,5.9,8.1,9.0,29.0,28.7,29.0,36.0,1.0,9.1,3.0,4.0,42.4,39.0,2.0,4.0,31.0,31.0,25.7,16.0,3.0,3.0,7.0,11.0,5.1,7.1,17.0,14.3,19.2,21.4
1772963021.8553653,12.9,9.0,21.0,17.3,35.7,33.7,8.2,3.1,3.1,4.1,7.1,6.0,22.2,34.7,26.0,34.0,9.2,14.0,29.0,38.6,36.3,36.6,38.2,39.0,5.0,6.0,6.0,11.0,32.7,30.3,25.7,14.1,4.1,5.0,1.0,4.0,43.0,37.4,2.0,2.0,31.7,30.7,19.0,22.0,3.0,5.0,10.0,7.1,7.1,7.1,27.0,27.5,18.8,23.2
1772963022.863611,13.4,6.1,15.2,21.0,45.5,31.7,11.9,3.0,11.1,11.1,8.1,5.1,32.7,32.0,28.6,31.6,8.2,8.2,37.0,35.0,39.6,38.6,40.0,41.6,6.0,4.1,7.1,10.1,27.3,31.0,32.7,19.8,5.0,4.0,3.0,5.0,36.0,46.0,3.0,7.1,30.0,30.3,21.0,23.2,3.0,5.0,8.1,13.0,7.1,7.1,18.8,15.5,23.5,19.2
1772963023.8641028,12.4,10.1,16.2,16.3,34.7,43.0,12.1,2.0,17.3,10.2,5.0,7.1,33.3,27.0,22.2,27.6,10.1,11.1,38.0,31.3,36.6,39.0,40.6,40.4,5.1,5.1,11.0,8.0,31.4,31.0,30.0,30.7,5.1,4.0,2.0,3.1,42.0,36.4,2.1,3.1,23.0,26.0,25.3,24.5,3.0,3.1,7.2,8.2,7.1,8.2,27.0,26.7,24.0,21.0
1772963024.8666966,10.4,9.2,15.2,12.2,44.0,25.7,4.0,3.0,2.0,3.0,2.0,4.1,28.4,26.0,11.3,13.0,11.1,13.0,34.0,32.0,38.6,35.6,35.6,37.3,4.0,4.0,5.1,7.0,25.3,29.0,14.0,47.0,3.0,5.1,5.1,3.0,36.6,45.0,3.0,3.0,31.0,33.0,19.0,21.2,2.0,4.0,10.0,11.1,5.9,8.9,12.1,11.2,20.8,15.3
1772963025.8667743,12.2,5.0,10.1,18.0,37.0,32.7,2.0,2.0,8.0,9.9,5.0,3.0,26.0,25.0,23.0,21.4,9.9,11.2,32.0,29.0,34.3,31.7,22.0,16.0,3.0,3.0,4.0,6.1,26.5,22.0,39.0,26.7,7.9,3.9,2.0,5.1,37.0,42.0,2.0,4.0,30.0,31.7,15.8,18.0,3.0,1.0,7.0,5.9,4.0,4.1,25.7,23.8,18.4,12.0
1772963026.8687615,12.4,15.0,17.3,19.6,48.0,26.3,5.1,1.0,5.2,2.1,4.1,3.1,29.0,29.7,26.0,33.7,1.1,9.2,38.0,32.0,37.0,42.6,26.0,22.7,5.1,4.0,9.2,11.1,31.3,26.0,30.3,32.0,5.1,2.1,5.1,5.2,34.3,41.0,4.1,3.1,31.3,31.3,21.2,25.3,3.1,3.0,8.1,9.1,5.1,5.2,12.1,15.2,22.0,21.4
1772963027.8715038,13.3,10.3,23.2,20.4,51.0,28.0,4.1,3.0,14.0,18.4,6.1,5.1,33.0,29.3,24.5,23.0,11.2,18.0,30.3,39.0,41.2,39.6,48.0,36.0,6.0,3.0,8.1,6.1,33.3,35.6,52.5,27.6,4.0,6.0,3.1,3.0,42.4,40.4,6.1,3.1,32.0,26.0,24.8,32.0,3.0,3.1,7.1,12.2,7.1,8.0,23.2,22.2,19.2,23.0
1772963028.8722086,13.0,10.0,18.0,16.0,39.4,30.0,5.0,2.0,4.1,6.1,4.0,5.1,29.0,29.7,11.2,14.3,4.0,9.1,33.3,37.6,36.6,37.9,33.3,35.3,4.0,4.0,6.1,7.2,21.2,29.7,54.5,18.2,5.1,3.0,4.0,1.0,43.0,34.7,3.1,5.1,31.3,32.0,16.2,26.7,2.0,1.0,7.1,8.1,4.1,9.0,16.8,18.0,22.0,20.2
1772963029.8722878,12.2,9.1,20.6,14.0,33.3,45.1,7.2,2.1,4.1,11.0,4.0,5.1,27.0,33.3,31.0,25.5,16.2,10.2,35.7,28.3,38.6,36.0,21.2,34.7,4.1,5.1,6.1,10.0,30.4,28.3,20.4,3.0,4.0,2.0,3.1,4.0,32.0,41.4,3.1,2.0,29.0,30.0,18.0,21.2,3.0,3.0,11.1,8.1,8.0,6.1,22.2,24.0,25.3,14.0
1772963030.8726077,14.1,10.0,19.0,20.0,32.7,42.6,4.1,3.0,5.1,9.2,5.1,5.1,31.3,29.7,33.7,26.5,7.1,6.1,38.0,34.3,40.0,34.7,20.4,43.6,5.0,5.1,6.1,6.1,28.0,32.0,38.0,18.0,4.1,4.0,4.0,3.0,42.4,41.4,3.1,2.1,20.2,21.0,26.7,25.3,1.0,4.0,11.0,11.0,8.1,6.1,16.2,16.0,20.0,22.4
1772963031.8752275,15.8,8.2,17.3,17.2,29.9,45.0,4.0,4.0,14.3,12.2,7.0,5.0,35.0,25.3,28.9,16.3,9.2,17.2,36.4,30.0,36.3,37.3,38.6,43.1,6.1,6.1,7.0,10.1,28.3,29.3,44.6,19.0,6.1,3.0,3.1,4.1,43.0,40.2,4.1,2.1,33.0,31.0,23.2,19.0,3.0,4.0,10.1,7.1,8.0,7.1,27.5,26.0,19.4,22.0
1772963032.8776646,13.1,8.1,18.8,16.2,40.6,31.0,5.0,2.0,2.0,3.1,5.1,5.1,30.7,28.4,22.8,18.2,3.0,11.1,34.7,33.0,35.6,36.6,38.6,35.6,5.9,2.0,9.1,7.1,29.7,26.7,30.0,28.7,5.0,3.1,2.0,2.0,36.4,40.0,5.1,19.0,33.0,31.7,22.8,23.8,2.0,2.0,8.0,7.1,4.0,7.9,17.0,18.0,20.0,18.2
1772963033.8777375,12.4,10.1,18.2,14.3,49.0,27.6,4.1,3.1,12.4,13.1,4.1,5.1,23.2,40.4,38.8,25.8,23.5,9.2,27.6,39.8,39.2,42.2,23.2,37.4,5.1,4.0,8.1,8.9,26.3,30.6,24.2,56.0,7.0,5.1,2.0,5.1,41.0,41.4,8.2,14.9,36.0,42.4,22.2,18.4,4.0,4.0,13.1,8.9,6.2,7.2,33.0,29.0,18.4,24.5
1772963034.8821342,12.9,7.1,18.4,22.8,35.4,34.0,8.0,3.0,4.0,11.1,3.0,5.1,33.0,28.2,29.6,34.7,8.0,11.9,36.6,36.6,39.2,39.6,27.7,32.7,6.9,3.0,7.9,4.1,31.0,31.7,30.4,51.0,2.0,2.1,2.0,3.1,38.0,41.6,9.9,12.4,41.2,40.6,24.8,25.0,3.0,4.0,9.0,9.2,7.9,8.0,10.1,10.0,20.8,25.7
1772963035.8849378,15.3,8.2,17.3,21.2,42.9,39.0,6.2,2.0,10.1,5.1,6.1,4.1,34.3,27.6,13.3,15.3,11.1,10.2,33.0,36.7,36.6,40.6,27.3,33.3,6.1,2.0,10.3,7.1,29.4,31.3,32.7,43.4,3.0,5.9,2.0,3.1,45.0,35.0,19.6,21.2,41.0,41.0,23.2,24.2,2.0,2.0,6.1,12.9,5.1,6.2,28.3,27.0,16.3,24.0
1772963036.8872862,10.3,8.9,14.1,15.3,34.3,37.3,8.2,1.0,8.1,4.0,5.1,5.0,34.0,24.2,16.3,28.6,10.1,7.1,30.3,35.4,36.0,36.3,22.8,27.7,4.1,4.0,9.0,7.1,24.5,31.6,30.0,51.0,3.1,4.0,4.0,3.0,37.4,41.6,9.2,13.1,41.6,40.2,19.0,23.8,4.0,4.0,6.1,10.1,6.1,7.1,15.2,15.3,19.8,24.0
1772963037.8883889,11.3,8.1,17.3,14.9,29.6,42.4,4.0,4.0,14.3,5.2,5.1,4.1,30.7,26.7,28.6,34.3,11.2,11.2,27.0,40.0,36.6,42.0,27.6,22.2,5.1,7.1,8.1,9.1,19.8,32.0,23.2,25.5,3.1,4.0,2.0,3.1,34.3,44.4,3.0,2.0,32.0,33.0,19.0,21.0,1.0,1.0,6.1,8.2,6.0,8.1,24.8,26.0,23.2,14.3
1772963038.8890493,12.4,10.0,23.5,19.4,40.4,35.6,6.0,2.1,13.1,11.2,6.1,4.0,36.0,33.3,23.7,29.3,4.1,4.0,30.0,39.4,38.6,40.6,47.5,34.0,6.1,6.0,7.2,10.2,36.0,31.7,34.3,24.2,3.1,5.1,2.0,3.0,41.4,39.8,3.0,4.2,31.7,31.0,26.5,25.3,3.1,4.0,10.2,13.0,6.2,6.1,18.4,18.2,24.0,23.5
1772963039.8906865,12.1,8.1,14.1,20.2,40.0,35.0,3.1,2.1,5.1,2.0,4.0,5.1,27.3,28.3,15.3,16.2,22.2,11.1,35.0,28.7,37.3,34.7,29.3,49.5,4.0,6.0,6.0,8.0,26.0,26.3,52.0,27.7,3.1,5.0,2.0,3.1,42.0,38.0,2.0,5.0,31.0,32.0,22.8,20.0,7.0,3.0,9.0,8.2,6.0,8.1,19.8,19.2,17.0,19.4
1772963040.8957853,12.1,10.0,20.0,19.2,32.7,41.6,5.0,3.0,8.2,9.1,5.1,5.0,30.4,31.4,24.2,30.3,2.0,5.9,33.0,32.0,38.2,36.3,31.0,32.0,5.9,2.0,6.0,9.0,32.3,26.7,30.7,16.0,3.0,5.0,6.1,4.0,38.6,40.2,2.0,4.0,32.0,33.3,21.2,28.0,3.1,4.0,11.0,7.0,7.9,6.1,23.0,21.0,20.0,24.8
1772963041.8980014,14.1,9.2,18.2,16.3,41.2,36.6,4.1,1.0,11.2,14.3,4.0,4.2,36.0,27.7,31.6,25.5,19.2,17.2,38.4,35.3,37.6,40.0,18.0,42.0,3.1,5.1,12.0,5.2,29.0,36.4,43.4,21.4,5.1,5.1,8.1,5.1,40.8,39.4,4.0,3.1,39.4,41.4,26.0,24.0,3.0,3.1,12.9,8.2,8.2,7.1,15.2,18.2,16.3,24.5
1772963042.8993673,14.7,10.0,11.3,16.2,33.0,40.4,2.0,7.9,12.0,5.1,4.1,5.1,29.0,26.3,28.3,18.4,2.0,3.0,31.7,30.7,34.7,32.4,1.0,40.4,3.0,6.0,4.0,7.1,22.2,24.0,43.4,36.6,3.9,3.0,7.0,1.0,37.6,42.4,2.0,2.0,38.6,36.6,16.0,17.2,5.0,2.0,7.1,8.9,6.1,4.1,26.7,26.0,14.1,21.0
1772963043.899508,11.3,10.1,21.0,19.0,29.6,46.5,5.0,2.0,2.0,5.1,4.0,8.0,22.2,39.0,17.2,22.4,16.3,15.5,33.7,36.7,36.6,42.2,30.0,43.6,4.0,5.0,7.1,7.0,33.0,34.3,41.2,40.4,2.1,5.1,3.0,3.1,44.0,37.4,2.0,3.1,30.7,30.6,24.0,26.7,3.0,3.0,7.1,9.2,9.0,7.0,12.2,11.0,25.0,20.4
1772963044.900272,15.0,9.2,24.0,17.2,37.8,35.6,5.1,3.0,7.1,11.1,7.0,3.1,33.7,27.3,22.2,33.3,2.0,4.0,39.4,30.0,38.2,42.6,37.6,41.6,4.0,5.1,10.0,7.0,35.0,25.0,34.7,46.0,2.0,5.0,7.0,4.0,41.0,39.6,3.1,5.1,32.0,31.7,22.8,26.0,4.0,2.0,11.0,9.0,6.1,6.1,30.0,30.3,20.8,23.0
1772963045.9011424,10.3,8.9,20.2,18.2,37.4,38.6,3.1,1.0,12.2,13.3,5.0,5.1,27.7,35.6,29.3,26.8,16.3,15.5,32.7,38.0,34.7,39.2,40.0,42.0,5.0,4.0,8.0,6.1,28.0,31.7,43.0,35.0,2.1,4.1,8.1,3.1,41.4,39.4,3.0,3.1,32.7,31.7,21.0,21.0,2.0,2.0,7.1,8.0,7.1,9.0,7.1,8.0,15.0,23.2
1772963046.9091337,15.5,10.1,18.0,14.3,39.6,30.7,8.0,6.0,8.2,8.1,3.0,4.0,24.8,29.0,15.2,21.2,3.0,4.0,28.9,36.6,35.6,36.3,35.6,44.6,5.0,4.0,8.1,8.0,31.4,20.0,48.0,29.0,3.0,7.8,2.0,3.0,38.0,42.0,3.0,2.0,33.7,31.7,20.0,21.0,5.0,4.9,7.1,10.1,7.0,7.1,34.7,30.0,17.0,22.2
1772963047.9146113,9.3,9.1,17.2,14.0,34.3,30.3,9.1,3.0,7.1,7.1,6.1,6.0,30.0,26.7,25.5,22.2,23.0,9.3,35.3,34.3,36.6,38.6,39.6,40.6,2.0,5.1,8.1,7.0,28.3,29.6,48.5,31.0,3.0,4.1,2.0,5.0,40.6,40.0,2.0,5.1,33.0,34.0,20.0,24.2,3.0,2.0,7.9,10.1,8.0,6.0,9.0,9.0,23.0,18.2
1772963048.9164975,12.2,7.1,16.2,16.2,38.4,38.6,10.0,2.1,6.1,7.1,8.0,4.1,32.0,29.3,24.2,27.8,6.1,3.0,33.0,33.0,42.0,33.7,41.4,30.7,5.1,5.0,11.0,4.1,30.3,25.7,32.3,43.4,1.0,5.1,2.0,2.0,38.0,38.4,3.1,3.0,30.0,31.0,20.2,22.8,2.0,3.0,11.2,7.0,7.1,7.0,30.4,30.7,19.2,19.0
1772963049.9177473,15.2,11.1,15.3,19.4,36.0,41.6,6.1,7.1,15.2,19.2,8.2,5.1,32.3,31.0,27.8,23.2,19.2,17.2,39.4,31.3,40.8,41.2,37.6,27.3,5.1,2.0,9.1,8.0,28.7,34.3,26.0,33.3,3.0,4.1,3.0,2.1,39.4,42.0,3.1,2.1,31.0,32.0,25.0,22.2,5.1,3.1,10.1,10.9,6.1,6.2,11.2,9.2,23.2,24.8
1772963050.9204211,15.2,9.1,17.2,21.0,31.6,44.0,3.0,4.0,5.0,6.1,6.1,4.0,38.6,26.0,25.3,19.4,5.0,3.1,40.0,30.0,38.2,37.6,42.0,26.3,5.0,5.9,6.1,7.1,25.0,31.0,35.4,34.0,5.1,3.0,6.0,6.1,38.0,41.4,4.0,10.1,30.7,27.3,23.8,22.8,3.0,4.0,9.1,7.1,8.0,5.1,28.7,28.0,27.0,16.2
1772963051.9224458,10.2,9.2,20.4,18.2,33.7,39.6,4.0,4.1,8.1,4.0,4.0,6.0,37.0,30.4,18.0,27.6,12.2,21.2,37.0,37.4,38.0,36.6,34.3,29.4,3.0,6.0,10.1,9.1,34.0,29.7,36.0,25.3,6.1,5.0,2.0,4.0,35.0,41.4,7.1,17.8,29.3,29.7,20.2,26.5,2.0,3.1,9.9,9.0,8.0,7.1,18.0,16.0,20.2,23.5
1772963052.9225278,14.1,9.0,23.2,18.4,44.9,31.0,4.0,3.1,5.2,4.1,6.1,6.1,36.0,30.0,25.0,22.2,4.1,3.1,32.0,32.3,38.0,38.6,38.0,43.0,7.0,3.1,8.1,6.1,35.7,34.3,48.5,23.8,5.1,3.0,2.1,2.1,42.0,39.6,7.2,8.2,32.0,31.3,26.5,23.0,3.0,2.0,8.2,9.1,6.2,7.1,23.2,25.3,27.6,18.0
1772963053.9226131,12.2,8.0,19.2,20.2,33.7,41.6,3.0,7.1,22.2,11.3,2.0,5.1,27.0,31.0,26.3,24.2,18.2,16.2,30.6,34.7,40.2,40.6,43.4,30.3,4.0,3.1,8.1,9.1,27.7,31.3,30.7,12.1,3.0,4.1,4.0,2.0,33.7,40.8,7.1,12.2,31.6,31.0,18.0,26.7,3.0,5.0,8.1,10.2,7.1,6.1,12.4,11.2,21.2,22.2
1772963054.9300334,13.1,10.1,15.0,13.1,34.3,34.0,2.0,6.9,2.0,3.0,4.0,5.0,28.7,26.0,23.0,17.2,2.0,2.0,30.0,34.7,35.3,35.9,42.2,20.8,2.0,4.0,7.8,7.0,30.0,26.7,42.0,10.1,2.0,4.0,2.0,8.0,43.9,40.6,6.2,12.2,22.8,23.0,19.2,18.0,2.0,3.0,11.1,6.0,7.0,6.0,19.0,19.8,19.0,16.0
1772963055.930114,10.4,10.1,18.6,19.4,43.9,35.0,4.1,13.1,4.1,9.2,4.1,3.1,32.0,30.0,17.5,24.5,19.8,15.3,48.0,25.3,38.6,40.6,35.4,15.3,5.1,5.1,10.3,9.2,34.0,30.0,33.3,48.0,5.0,5.1,3.1,5.1,42.6,41.6,9.1,22.2,28.7,31.3,22.2,26.7,3.0,4.0,8.1,11.2,7.1,10.2,22.8,22.2,23.0,26.5
1772963056.9307969,12.2,8.1,14.3,20.0,44.9,28.7,4.0,7.1,5.1,5.1,5.1,4.0,28.0,30.0,31.3,20.2,5.1,3.1,33.3,33.0,40.8,36.0,41.6,37.0,4.0,4.0,7.0,6.1,32.0,33.3,36.4,41.0,2.0,7.0,3.1,7.1,38.4,40.0,8.2,15.5,30.0,33.0,25.7,19.2,5.0,2.0,7.1,9.0,9.0,6.1,23.8,20.0,21.2,20.8
1772963057.9396403,14.0,11.0,20.0,19.0,41.6,37.0,10.9,7.0,16.2,14.1,5.0,6.1,29.0,30.4,30.0,22.2,15.0,14.1,29.7,43.0,38.2,38.2,38.6,41.0,4.0,6.0,9.9,7.1,28.7,30.7,29.7,50.5,4.0,5.0,4.0,3.0,40.6,43.1,5.9,4.0,30.7,32.4,27.5,22.8,1.0,3.0,8.0,9.0,7.0,8.9,20.2,20.2,18.8,24.2
1772963058.9397187,13.1,14.0,16.2,17.2,36.4,33.7,5.2,6.1,7.1,8.2,5.1,6.1,34.0,32.0,29.0,22.4,6.1,6.1,38.6,29.0,37.0,40.6,36.4,32.0,5.1,3.0,6.1,7.1,23.5,29.6,29.3,50.0,4.0,3.0,3.1,2.0,38.8,37.1,2.1,4.0,38.0,39.4,27.3,14.1,5.1,2.0,10.0,10.2,7.1,5.1,23.0,21.0,18.4,20.2
1772963059.9398017,12.4,8.1,18.8,17.2,46.0,29.0,6.1,2.0,3.1,12.1,5.1,4.0,33.7,24.0,18.4,21.6,3.1,5.1,34.3,30.3,43.1,33.7,34.0,21.0,4.1,3.0,9.0,6.9,33.0,24.5,21.0,58.0,2.1,6.0,3.0,3.0,46.5,34.7,4.0,0.0,40.0,40.6,26.3,19.2,3.0,0.0,8.2,10.9,5.0,7.1,17.2,18.8,27.0,19.0
1772963060.9405103,13.5,6.1,15.3,18.4,39.4,37.6,5.1,4.0,2.1,3.1,6.1,3.1,36.0,31.3,21.0,15.3,9.1,20.0,33.7,36.6,37.6,36.6,26.0,16.0,3.0,7.0,9.1,8.2,27.0,34.7,20.2,32.0,4.0,5.1,3.1,4.0,39.4,42.0,9.1,4.0,41.0,41.0,25.0,22.0,3.0,3.0,11.0,6.1,6.1,8.0,19.2,18.4,19.4,14.4
1772963061.9418666,12.1,12.0,18.0,19.0,41.4,35.0,3.0,4.1,8.2,18.0,4.0,5.0,25.7,28.7,28.9,24.0,3.0,3.0,33.3,36.6,39.6,35.3,29.7,23.0,3.0,4.0,7.1,8.0,25.3,34.3,24.0,22.0,6.0,3.1,4.1,1.0,35.0,41.0,33.3,2.0,40.0,40.4,20.2,24.2,2.0,3.0,11.1,8.0,5.1,7.1,17.0,14.9,20.0,21.0
1772963062.9419541,13.1,12.1,18.4,13.1,37.4,31.0,4.0,2.1,9.1,4.2,5.1,4.2,28.0,28.3,29.3,25.8,16.2,21.2,34.7,30.3,37.3,35.6,25.5,36.4,5.1,6.1,10.1,8.2,24.0,28.3,46.0,14.3,5.1,5.1,2.0,4.0,39.4,39.4,24.0,11.2,36.0,35.4,23.0,20.0,2.0,3.1,8.0,8.2,8.2,4.1,25.3,23.5,17.2,23.0
1772963063.9420416,15.5,10.1,19.0,21.4,44.9,32.0,5.1,2.0,5.1,13.0,7.1,5.9,26.5,36.6,22.4,26.3,4.1,4.0,36.6,42.0,38.0,40.6,46.0,35.3,5.1,4.0,9.2,8.0,30.0,35.4,43.0,20.0,2.0,7.2,2.0,3.0,38.0,45.0,0.0,14.1,30.7,31.4,28.3,23.8,4.0,2.0,9.2,11.0,6.1,8.9,16.0,13.3,23.2,22.4
1772963064.9421256,12.4,10.1,12.4,17.0,40.4,34.3,3.1,4.0,5.2,15.3,4.0,5.1,30.0,26.0,17.3,22.2,23.5,10.4,33.7,32.3,38.6,37.3,41.4,40.0,4.0,4.1,8.2,6.1,23.5,30.3,54.5,19.4,3.1,6.1,3.1,4.0,38.4,41.4,1.0,6.1,31.3,31.6,24.0,23.0,2.0,4.0,8.1,10.1,7.1,7.1,28.0,28.7,20.8,21.2
1772963065.9422116,12.2,6.1,15.0,16.3,40.0,34.0,8.0,2.0,8.2,10.3,4.0,5.9,22.8,31.0,33.3,36.4,1.0,3.0,36.0,31.3,38.6,36.6,39.4,26.3,5.0,4.0,7.1,7.1,30.7,25.0,35.4,11.1,4.0,2.0,5.9,4.0,38.6,38.6,2.0,5.1,30.3,32.0,22.0,22.4,3.0,2.0,8.0,8.1,6.0,6.1,13.3,16.0,20.4,21.2
1772963066.9434435,11.2,10.1,17.3,16.3,44.0,28.7,3.1,2.0,5.1,3.0,5.0,3.1,27.0,33.7,26.3,24.2,17.0,16.2,37.6,36.0,37.9,39.6,24.8,7.0,2.1,4.0,7.1,7.0,27.7,30.3,34.7,15.2,3.1,3.0,3.0,8.0,47.0,37.0,2.0,4.0,35.6,34.0,22.0,24.0,3.0,1.0,12.0,8.0,6.1,7.1,13.7,10.3,18.2,20.2
1772963067.946851,14.9,7.0,21.0,18.0,44.6,38.6,4.0,4.0,10.9,7.0,5.0,5.9,33.7,32.7,9.0,18.0,3.0,8.0,35.4,38.0,39.2,35.6,28.4,23.8,6.9,7.8,7.9,9.0,29.4,37.3,44.6,33.3,5.0,4.0,2.0,4.0,40.6,41.2,3.0,4.0,34.7,35.6,22.8,26.5,3.0,2.0,9.0,10.9,9.0,7.8,26.7,30.0,25.7,23.8
1772963068.9498599,12.4,7.1,19.4,17.3,37.8,35.4,4.1,3.1,7.3,10.2,3.1,5.1,27.0,34.3,32.3,12.4,14.3,14.4,36.4,33.3,37.0,40.0,40.4,37.8,4.1,4.1,6.2,9.3,39.4,22.4,36.7,30.6,5.2,4.1,4.1,5.2,39.8,39.8,5.1,2.1,31.3,30.0,18.2,26.5,5.0,4.0,7.2,8.1,9.0,6.1,7.2,9.2,16.3,24.5
1772963069.9534855,13.0,9.0,18.8,22.8,51.0,24.8,4.0,5.0,10.2,9.3,5.9,3.0,34.7,33.7,35.4,35.7,3.0,3.0,40.0,29.7,36.3,35.6,37.6,43.6,5.0,3.0,8.0,10.9,30.0,31.0,43.6,23.5,4.0,4.0,1.0,4.0,39.0,40.4,2.1,4.0,31.7,30.0,24.8,22.8,3.0,1.0,9.0,11.1,4.1,7.1,31.7,31.4,22.0,21.2
1772963070.9550662,12.4,9.0,16.5,17.3,44.4,27.3,4.1,8.2,8.9,3.1,4.2,2.1,35.4,23.8,22.7,20.8,8.2,15.3,35.0,37.8,38.4,42.2,44.4,36.0,5.0,4.1,8.2,6.2,31.3,30.0,30.3,51.0,3.0,5.1,3.0,2.1,37.4,41.4,7.1,5.2,31.6,30.3,26.3,24.2,2.0,2.0,9.1,8.1,5.2,7.1,4.1,6.2,19.2,21.4
1772963071.9564548,10.5,5.2,16.0,18.4,41.4,28.0,3.1,1.0,7.1,3.1,4.0,4.0,29.3,26.0,5.1,17.2,8.2,6.1,29.3,32.0,36.9,36.6,43.6,38.0,4.0,3.0,8.8,5.1,26.0,23.2,25.0,54.0,3.1,5.0,4.1,4.0,42.0,38.0,5.1,9.0,26.7,25.7,17.8,17.0,4.0,1.0,8.1,8.1,9.8,4.0,28.7,28.0,18.0,18.0
1772963072.9595287,12.1,10.1,15.2,21.0,53.5,25.5,3.0,6.1,9.2,3.1,5.1,5.0,23.8,36.6,28.3,24.0,11.0,15.0,38.2,32.3,36.0,36.3,43.1,27.0,4.0,5.9,9.2,5.1,19.2,32.0,22.0,50.0,4.0,2.1,2.0,4.0,40.0,41.0,9.1,16.2,26.3,29.7,22.2,26.0,3.0,1.0,8.9,10.1,7.1,7.0,17.0,15.8,19.0,21.8
1772963073.9636242,15.2,9.9,15.3,24.0,38.8,31.0,4.0,3.0,15.2,13.3,6.1,5.0,29.7,34.0,37.4,32.3,8.1,6.1,36.0,36.3,40.8,38.6,35.0,31.0,5.1,5.1,9.1,9.1,34.7,24.0,30.3,40.6,5.2,4.0,4.0,2.0,41.0,39.6,7.1,6.1,24.0,21.0,27.0,24.0,4.1,3.9,11.1,10.0,7.9,6.2,26.3,28.0,25.0,21.4
1772963074.9656997,15.0,8.2,20.2,22.2,44.4,33.3,6.1,2.0,6.1,11.1,6.0,6.9,28.3,33.0,22.4,20.6,15.2,18.2,35.1,40.4,42.2,36.6,44.4,37.4,5.1,3.1,6.0,11.0,32.3,33.3,46.5,33.0,5.0,5.0,3.1,4.0,43.4,37.6,8.2,16.5,23.0,22.2,24.5,21.2,4.0,3.0,7.1,12.0,6.1,7.1,16.0,17.2,19.4,23.5
1772963075.9658008,12.5,7.1,13.4,18.2,39.8,40.6,3.1,10.1,5.1,7.1,5.1,5.2,29.6,38.6,14.3,19.2,3.1,10.2,36.0,28.3,36.0,37.3,40.0,40.4,4.1,3.1,8.2,9.1,31.7,30.0,46.5,34.3,4.1,3.1,3.0,3.1,44.4,32.3,23.0,21.9,34.0,30.3,19.2,27.0,6.1,1.0,9.0,8.1,7.1,5.2,26.3,25.5,19.2,23.0
1772963076.9663122,15.8,11.0,19.0,20.2,46.9,34.3,3.1,4.1,17.2,14.4,4.1,5.1,35.6,31.3,32.0,36.1,9.3,20.0,40.0,35.4,43.6,35.6,42.0,38.6,2.0,7.9,8.0,9.2,31.3,36.3,49.0,32.0,4.0,5.1,4.1,4.0,39.0,43.0,6.2,6.1,38.4,42.6,30.7,26.0,2.0,4.0,9.2,12.1,6.1,9.1,20.6,18.0,22.8,25.0
1772963077.9680402,14.0,8.2,18.0,18.4,35.4,40.6,4.0,5.1,5.1,8.1,6.0,5.1,26.0,32.7,27.1,32.0,4.0,9.0,31.0,39.2,37.3,37.6,28.4,25.0,3.0,4.0,9.1,9.1,34.0,28.3,51.5,24.8,5.0,3.1,3.0,3.1,43.0,40.4,6.9,3.0,40.6,40.6,20.0,22.0,4.0,2.0,7.9,12.7,8.0,7.1,24.2,22.0,21.2,21.0
1772963078.9685102,11.5,10.1,16.5,18.4,36.7,34.3,2.1,5.0,4.1,5.1,3.1,5.1,23.2,38.0,11.2,14.1,16.3,10.1,33.3,39.4,36.0,37.6,34.7,19.2,3.1,6.0,7.1,9.0,34.0,24.0,37.4,20.2,5.1,3.1,2.0,3.0,40.0,41.4,1.0,4.0,41.0,40.0,23.2,28.3,2.0,2.0,7.1,9.2,6.2,5.2,18.2,19.0,17.2,22.4
1772963079.9698179,13.4,8.1,15.2,19.4,38.4,39.0,4.0,2.1,9.0,8.2,5.1,3.1,23.8,35.3,18.8,10.2,4.1,3.1,26.3,40.0,39.2,43.1,39.0,34.3,5.0,3.0,6.1,6.0,25.5,27.7,22.2,16.2,4.0,3.0,7.0,2.0,38.4,37.4,2.0,4.0,41.0,40.6,21.8,22.2,4.0,3.0,6.1,12.1,7.9,7.0,19.0,20.2,17.3,21.2
1772963080.972231,13.0,9.9,19.2,18.0,46.0,24.8,5.0,3.0,15.3,14.0,10.0,5.0,27.5,35.6,31.6,34.7,12.9,16.0,30.7,40.0,36.3,40.2,42.6,18.0,5.1,4.0,5.9,8.2,33.7,25.0,37.4,38.6,2.0,6.0,2.0,2.0,40.6,37.3,2.0,3.0,39.2,40.6,23.8,23.8,4.0,4.0,9.9,9.8,8.1,6.0,21.8,22.5,24.2,23.5
1772963081.9723177,12.4,8.2,17.3,16.5,36.4,40.4,5.1,5.2,5.1,10.4,5.1,5.2,24.7,32.7,27.8,30.9,6.3,14.3,40.4,32.3,37.0,37.8,44.0,37.4,7.1,3.1,7.3,7.2,22.2,34.3,46.5,30.9,3.1,6.1,3.1,3.1,36.4,40.4,3.1,4.1,41.0,41.4,20.6,24.5,4.1,2.1,9.2,11.2,6.2,7.2,17.2,18.6,24.0,18.4
1772963082.972403,15.0,10.1,18.4,21.2,42.4,33.0,3.1,2.0,4.1,3.0,5.1,4.1,34.3,33.7,23.2,16.3,10.1,14.1,39.2,36.4,41.2,39.6,40.0,41.6,4.1,4.0,8.9,9.9,33.7,30.3,27.7,33.7,5.1,2.0,5.1,3.1,41.4,40.8,1.0,6.2,33.0,33.0,26.0,26.0,5.1,3.1,9.1,10.2,8.9,7.1,22.2,24.0,18.2,25.5
1772963083.9743848,12.2,8.2,22.2,15.2,35.4,35.4,10.1,2.0,12.2,11.2,6.1,5.0,27.3,32.3,18.4,14.1,4.1,12.0,35.1,33.3,35.6,38.2,21.8,44.6,3.0,4.1,8.0,6.1,26.3,29.3,28.0,34.7,5.0,5.1,3.1,3.0,42.0,38.0,5.1,5.0,31.7,31.7,25.0,16.0,2.0,5.0,10.0,9.1,5.2,5.2,18.2,20.0,21.2,20.2
1772963084.9753656,13.3,14.7,20.2,19.4,33.0,36.0,5.2,1.0,10.1,6.0,3.1,4.1,26.7,36.6,30.9,29.3,6.1,2.1,38.0,29.7,36.3,37.3,26.0,31.0,6.1,7.0,8.1,6.1,28.3,32.7,21.2,40.6,4.1,3.0,4.0,5.0,40.0,39.4,2.0,5.1,32.3,31.0,21.8,22.0,3.1,2.0,11.0,8.1,3.1,8.0,21.2,20.2,22.2,23.2
1772963085.9761393,16.7,8.2,18.4,21.2,38.8,34.7,5.1,1.0,11.1,4.1,5.1,6.9,35.6,34.3,25.3,30.6,23.0,12.0,32.0,40.4,41.2,35.6,43.6,39.0,5.1,4.0,12.0,5.0,27.0,36.0,30.0,50.0,4.0,4.0,3.1,2.0,38.6,38.2,5.0,4.0,31.7,30.0,25.7,27.3,5.0,3.1,8.2,11.0,8.9,8.1,23.0,22.8,25.0,22.5
1772963086.9772289,9.6,8.2,16.2,18.2,44.4,29.7,4.0,3.0,4.1,3.0,5.0,4.1,18.2,29.3,24.5,22.4,3.1,3.1,36.4,33.0,35.6,36.0,41.4,40.6,3.0,5.1,5.2,6.1,22.0,25.3,26.5,43.4,4.1,2.0,4.0,2.1,46.0,36.1,3.1,4.2,39.0,41.4,21.2,20.8,1.0,7.1,9.1,8.2,4.2,5.2,19.4,20.0,15.5,19.6
1772963087.9791381,14.1,6.1,16.5,19.2,48.5,27.5,4.0,2.0,20.2,9.3,5.1,6.1,35.6,37.0,20.4,15.6,17.0,16.2,37.4,35.0,38.6,39.8,36.6,37.4,4.0,6.1,8.2,11.0,30.6,35.6,35.0,49.0,4.0,5.9,7.0,5.0,37.4,43.6,3.1,5.1,41.0,40.2,25.3,24.0,2.0,5.1,9.1,13.0,8.0,7.1,15.2,17.2,26.0,19.0
1772963088.9792414,13.1,8.2,16.3,20.4,44.0,26.5,5.1,2.0,6.1,8.1,4.1,3.1,32.3,30.3,29.6,31.3,2.1,6.1,33.7,36.0,36.6,39.6,15.2,36.0,5.1,8.1,9.0,5.1,30.7,34.0,31.3,48.5,1.0,5.1,7.1,3.1,38.0,43.4,6.2,7.0,27.0,28.3,23.0,26.0,1.0,4.0,8.2,7.2,6.1,9.1,26.7,23.5,16.2,24.5
1772963089.9799564,12.2,9.0,18.2,19.2,36.7,43.0,4.1,3.0,9.2,3.1,5.0,5.0,28.0,34.3,24.5,22.9,17.8,12.1,38.4,28.7,38.2,39.2,1.0,21.0,4.1,3.0,9.1,6.1,24.5,31.7,34.7,47.0,3.0,5.1,7.1,5.1,37.8,39.0,3.1,2.1,19.4,21.8,22.8,24.2,4.0,2.0,9.0,9.1,6.1,6.1,15.2,16.0,14.1,27.0
1772963090.9805553,12.6,20.0,16.5,19.2,30.9,38.6,3.1,3.1,4.2,4.1,5.1,5.1,28.3,29.3,23.2,18.2,3.1,1.0,34.0,38.0,35.0,40.0,25.0,23.2,5.1,5.0,9.2,6.1,29.7,25.3,31.3,30.3,2.0,4.0,2.0,2.0,40.2,44.0,3.1,5.1,23.2,23.2,24.5,22.0,2.1,4.0,10.1,8.9,5.2,7.1,20.8,22.0,23.2,19.0
1772963091.9813056,14.1,10.2,20.2,20.2,30.6,42.6,4.1,7.0,19.0,6.1,7.0,5.1,38.6,24.8,20.8,26.5,23.2,11.2,35.0,34.3,39.2,39.6,38.6,23.8,6.9,3.0,10.0,8.1,34.0,28.0,9.0,19.0,1.0,7.1,4.0,2.0,37.8,44.0,11.2,5.1,22.0,20.2,15.0,26.0,3.0,3.0,10.1,8.1,9.0,6.1,20.2,21.0,20.2,21.4
1772963092.9813778,14.9,10.1,21.2,19.2,50.5,27.3,9.1,2.0,11.3,10.1,7.1,4.1,33.0,34.0,43.0,27.6,15.3,17.2,40.0,35.4,39.6,39.6,42.0,35.4,4.1,4.1,12.0,9.1,34.0,28.0,36.0,28.6,3.1,6.1,3.1,3.1,33.3,42.4,11.2,24.2,35.6,34.0,28.0,27.0,4.0,2.0,11.3,10.1,8.1,7.1,27.7,26.0,24.2,24.0
1772963093.9814708,10.4,9.9,17.3,9.1,39.8,29.7,4.1,4.1,6.1,5.1,3.1,7.0,27.7,23.5,22.2,23.5,6.1,2.1,32.0,38.0,34.3,37.3,42.0,37.6,3.0,6.0,9.0,9.0,25.8,21.2,41.0,21.0,5.1,4.1,5.0,3.0,47.0,36.6,21.4,7.1,38.0,36.0,19.0,18.2,2.0,4.1,8.9,8.0,8.0,7.0,19.0,20.2,19.0,16.2
1772963094.9825554,16.3,9.2,17.3,12.2,41.0,36.0,4.0,4.1,5.1,6.1,4.1,3.1,26.3,33.0,20.0,16.3,20.4,15.2,34.0,30.3,38.0,35.0,41.6,40.0,5.1,3.1,7.1,6.1,31.7,31.0,39.6,22.2,5.0,4.0,4.0,4.0,40.4,37.8,25.5,13.1,32.3,31.0,16.2,25.0,2.1,4.0,9.1,7.1,6.1,7.1,25.0,22.2,19.0,22.4
1772963095.9826202,11.3,10.0,19.2,15.0,34.7,39.0,8.0,3.0,15.0,17.3,5.1,3.1,31.0,27.3,25.3,27.6,3.1,3.1,32.7,32.0,39.6,35.3,45.0,28.7,4.0,6.0,6.1,8.0,30.3,34.0,39.0,26.0,3.0,5.0,1.0,2.1,40.0,42.0,8.1,4.1,32.0,30.3,23.8,22.0,3.1,5.0,8.1,8.1,6.0,7.2,16.2,15.2,21.4,25.7
1772963096.9852507,13.1,9.2,18.2,14.1,40.4,33.7,5.1,1.0,10.4,3.1,4.0,4.0,25.3,35.3,28.3,25.3,11.0,24.0,36.0,33.0,38.2,39.0,11.1,14.1,4.0,5.9,12.0,8.0,29.1,29.0,29.0,43.0,2.0,7.1,3.0,5.0,38.0,40.6,4.0,4.0,31.0,30.0,25.3,21.8,3.0,3.0,8.1,9.0,9.0,6.1,26.0,26.5,21.8,20.2
1772963097.9859207,11.3,9.0,15.0,16.0,35.7,36.6,6.1,2.0,5.0,2.0,9.2,5.1,30.0,29.3,22.2,19.4,3.1,2.0,33.0,35.4,36.3,33.3,17.3,21.8,5.0,2.0,5.1,6.1,27.6,27.3,25.3,35.0,2.0,3.1,4.0,3.1,38.6,41.0,4.0,2.0,33.7,39.0,18.0,21.0,2.0,2.0,8.0,9.2,5.1,7.1,12.1,12.4,23.0,17.3
1772963098.9873567,10.3,7.1,17.5,20.2,44.4,31.7,5.0,2.0,5.1,3.1,8.0,5.1,26.0,36.0,22.2,13.3,15.2,12.2,35.7,37.0,38.0,40.0,34.7,27.0,4.0,5.1,10.0,6.1,30.7,30.3,32.0,38.4,3.0,5.1,1.0,3.1,38.8,41.0,4.1,1.0,40.0,40.6,21.0,25.7,3.0,4.0,13.1,7.1,8.0,6.1,22.4,22.0,18.2,21.6
1772963099.9886408,10.4,10.1,11.5,12.2,22.4,42.4,3.1,4.1,20.4,16.5,4.1,5.1,30.3,26.7,34.0,28.6,9.2,4.0,37.0,33.0,36.6,34.3,21.0,40.0,4.1,4.0,7.2,6.1,25.3,19.8,33.7,47.0,2.0,5.1,3.0,3.0,40.0,38.0,6.1,1.0,40.0,41.0,19.4,16.3,3.0,3.0,10.0,7.1,6.1,7.1,19.2,20.2,13.1,23.2
1772963100.989623,11.3,9.1,22.0,22.2,45.5,37.0,5.1,5.1,9.0,7.1,5.9,3.1,26.7,38.0,28.6,23.5,9.3,12.4,36.0,34.3,38.2,44.1,33.0,28.0,6.0,3.1,6.1,11.1,28.0,36.4,36.7,37.0,4.1,3.0,2.0,2.0,40.4,41.0,3.0,2.0,41.0,41.0,26.7,23.0,2.0,4.1,7.3,8.2,6.2,6.1,23.0,23.0,21.6,21.4
1772963101.989888,12.1,9.1,18.4,17.0,37.4,40.0,4.0,5.9,8.0,11.0,4.1,6.1,29.0,34.3,17.0,22.2,3.0,13.9,23.8,42.4,38.2,44.6,43.6,23.8,6.1,5.0,11.1,9.1,36.4,30.0,31.3,30.6,5.0,6.1,5.0,3.0,41.0,38.0,3.0,2.0,37.0,38.0,27.3,26.3,4.0,5.0,11.8,8.1,8.0,7.1,18.2,21.2,24.0,22.0
1772963102.991065,14.1,9.0,19.0,21.0,43.4,31.7,3.1,4.1,13.3,11.3,7.0,5.1,32.7,34.7,19.6,23.5,13.3,13.3,35.0,44.7,39.6,42.2,36.4,29.0,6.9,5.0,9.0,10.0,31.7,35.6,39.6,41.2,5.0,5.0,3.0,5.1,34.7,41.0,1.0,5.1,31.4,33.7,26.7,24.8,4.0,5.0,9.1,8.0,9.0,9.1,23.8,25.0,24.8,23.2
1772963103.9920766,11.2,10.2,16.2,19.6,48.5,28.3,6.1,4.0,9.3,21.9,6.1,4.1,34.7,27.3,31.6,38.4,11.2,2.1,45.5,24.7,40.2,38.0,40.0,39.4,4.2,3.1,10.2,4.1,28.6,28.3,25.3,41.0,2.1,4.0,5.1,4.2,45.5,37.4,4.1,2.0,31.6,30.3,25.0,21.2,2.1,4.1,9.2,8.2,8.2,9.0,15.2,14.4,21.6,20.4
1772963104.9944916,13.0,8.0,17.0,14.3,40.0,28.0,2.0,3.1,3.1,2.0,3.0,7.0,27.0,31.7,23.0,18.6,15.2,16.0,32.3,29.3,33.3,40.4,31.0,22.0,9.0,6.1,5.1,6.1,29.7,22.0,5.1,41.0,4.0,4.1,2.0,2.0,42.4,37.0,3.1,1.0,31.0,31.0,19.2,17.0,5.0,4.0,9.1,9.8,5.1,6.1,27.7,26.7,17.8,19.8
1772963105.996093,10.2,9.1,14.3,15.0,38.0,31.3,3.1,6.0,4.0,3.0,5.1,7.1,29.0,27.0,20.2,19.4,2.1,3.0,33.0,28.0,39.6,33.3,22.8,20.0,5.9,3.0,8.0,9.9,25.0,22.0,25.7,49.0,2.0,5.1,1.0,4.0,38.6,43.0,2.0,5.0,32.0,31.0,22.8,14.1,2.0,3.0,9.0,7.1,6.9,7.0,12.1,14.1,16.3,20.4
1772963106.9970124,13.1,7.1,16.2,14.4,25.5,48.0,4.1,1.0,8.2,17.3,4.1,4.1,22.2,33.0,19.6,20.2,9.1,21.4,36.7,32.3,35.0,35.3,21.2,39.0,5.1,6.0,6.1,8.1,26.7,30.3,22.0,59.0,2.0,7.1,3.0,3.0,38.4,42.0,3.1,3.1,32.0,31.0,23.2,19.8,4.0,7.9,9.0,7.1,6.1,5.2,27.3,29.0,17.0,20.0
1772963107.998978,14.3,6.2,17.2,17.2,32.3,36.0,4.1,2.0,8.1,18.0,5.0,10.0,36.0,22.2,26.3,36.0,8.2,3.0,41.0,33.3,38.0,38.2,15.2,40.2,6.1,4.0,9.2,7.2,31.3,29.7,28.3,50.0,3.1,4.0,5.1,3.1,38.4,42.0,2.1,3.1,32.0,30.0,21.0,25.5,3.0,2.1,10.0,9.1,6.1,8.2,13.1,15.0,20.2,24.8
1772963108.9996715,15.0,8.0,19.8,15.2,45.0,32.0,3.1,4.0,5.1,2.0,6.0,4.1,27.3,34.7,21.2,22.2,10.2,16.0,34.0,40.0,40.2,38.6,19.0,28.7,5.0,5.0,11.1,7.0,28.0,28.0,37.0,44.6,5.0,4.0,4.0,4.0,37.6,38.0,4.0,2.1,29.7,28.0,22.0,24.0,6.1,2.0,9.0,8.1,10.1,7.9,29.7,29.0,22.0,22.2
1772963109.9997814,15.3,7.2,19.6,16.0,55.6,22.0,8.0,2.0,7.2,7.1,6.1,9.1,34.7,26.3,30.3,30.6,9.2,13.3,31.3,35.4,36.6,34.0,40.6,41.0,4.1,4.1,8.1,8.2,31.3,30.3,31.0,50.0,5.2,3.1,4.1,2.0,40.0,41.8,3.1,4.1,25.3,26.7,25.3,20.0,4.1,3.0,12.1,9.9,5.1,7.1,17.0,18.2,20.2,20.4
1772963110.9998717,14.3,10.9,20.8,20.6,44.3,30.0,4.1,2.0,20.8,14.1,6.1,6.1,29.0,41.6,20.6,21.4,9.2,6.2,34.3,40.0,43.1,40.6,42.4,38.0,4.1,5.1,9.2,10.0,36.0,29.7,25.5,35.7,3.0,5.0,2.0,3.1,40.4,39.6,17.2,5.1,33.3,33.0,29.0,25.0,4.0,2.0,7.3,10.2,7.1,9.2,24.5,27.0,24.2,24.0
1772963112.002512,13.1,7.1,20.2,18.2,38.4,31.7,3.1,4.0,5.1,4.1,5.0,6.1,33.0,28.7,31.3,21.6,11.2,17.2,34.0,32.0,40.0,40.6,35.6,37.0,6.1,2.0,11.0,3.1,34.0,27.3,23.0,38.6,8.0,2.0,3.1,7.0,37.6,43.4,29.6,13.4,31.0,32.3,24.0,23.0,4.0,3.1,11.1,10.1,8.1,6.1,18.0,17.0,21.4,18.2
1772963113.003144,13.1,7.1,18.0,13.1,35.1,38.0,3.0,3.0,4.0,6.9,5.1,4.0,27.3,32.0,26.3,26.3,6.1,3.1,31.0,34.0,38.2,37.6,18.2,31.4,2.0,6.1,5.1,9.0,28.0,23.0,36.0,26.3,4.0,4.0,3.0,2.0,45.0,33.0,8.1,18.2,36.0,40.0,22.0,18.0,2.0,5.0,9.0,7.9,8.0,8.0,24.0,25.5,17.0,24.0
1772963114.003998,12.5,7.1,11.2,17.2,32.3,36.6,3.1,6.1,15.3,4.2,5.1,5.0,29.0,25.3,22.9,23.7,7.1,15.5,38.4,25.3,36.6,31.4,2.0,37.4,6.1,3.1,6.2,9.2,30.0,27.3,31.0,46.0,4.1,4.0,3.0,3.0,42.0,40.0,19.2,6.1,40.4,39.0,23.2,15.0,5.0,1.0,10.0,6.1,6.1,5.1,9.2,11.1,22.8,22.2
1772963115.0048842,15.0,10.0,16.2,18.4,43.9,34.0,4.0,4.1,10.2,12.2,7.1,10.1,32.0,32.7,20.4,19.2,4.1,8.1,39.0,32.0,40.6,34.7,21.8,19.0,5.1,5.0,7.1,7.1,40.0,23.0,25.0,56.0,4.1,3.0,2.1,3.1,38.4,40.6,6.2,7.1,38.6,41.0,25.7,20.2,3.1,3.1,9.2,10.9,7.1,6.1,27.0,27.7,22.4,20.0
1772963116.0062578,10.1,10.2,20.0,13.1,37.8,34.7,3.1,3.0,7.0,3.1,5.1,3.1,28.3,31.7,26.3,23.7,16.2,14.0,40.4,29.0,39.8,39.6,33.7,22.0,4.0,5.1,9.2,6.1,27.3,25.7,20.6,39.4,4.1,4.0,4.0,2.0,41.4,34.3,1.0,3.0,31.3,32.7,20.2,24.8,1.0,3.0,6.1,7.1,5.1,8.0,14.0,13.4,19.0,21.0
1772963117.0063498,15.2,9.2,18.2,21.4,49.0,30.0,5.0,1.0,4.1,4.1,4.1,5.1,34.0,32.0,29.3,29.3,6.1,3.1,35.0,37.4,37.0,39.8,44.0,23.0,4.1,4.0,7.1,9.0,38.0,29.3,22.0,21.8,2.0,9.2,2.1,5.0,45.0,37.0,6.0,2.0,30.0,32.3,29.3,22.2,0.0,6.1,12.0,8.2,8.9,9.1,23.0,26.7,21.0,23.2
1772963118.0078046,15.2,12.0,20.0,19.0,42.0,31.7,3.1,2.0,11.2,11.0,5.0,5.1,31.0,30.7,16.2,18.2,6.1,3.1,31.7,37.6,38.6,40.6,49.0,32.0,6.0,4.0,6.0,6.1,34.0,32.7,24.0,44.4,6.0,7.0,4.0,5.1,40.0,41.0,2.0,5.9,31.7,35.0,26.0,24.2,4.0,3.1,8.2,8.0,7.1,5.1,16.0,15.2,25.0,17.3
1772963119.0087574,13.1,11.1,22.7,15.3,38.8,35.0,6.1,2.0,7.3,13.4,6.1,5.0,32.0,27.6,19.4,18.4,14.1,16.0,42.0,32.3,39.2,40.6,46.0,34.3,6.1,5.1,9.2,7.0,36.0,28.3,29.3,48.5,4.1,4.1,1.0,4.1,43.0,38.0,4.0,2.1,33.3,31.3,24.0,26.3,3.0,11.1,13.1,10.1,8.1,8.1,24.0,24.5,29.3,19.2
1772963120.0098815,13.4,5.1,12.0,18.2,37.4,37.0,4.1,2.0,5.2,8.0,5.1,4.1,30.0,32.7,34.7,26.5,8.1,10.2,30.3,28.6,35.6,38.6,32.0,28.0,4.0,5.0,7.1,7.1,22.2,30.0,40.0,41.6,4.1,5.1,3.0,2.0,35.7,39.4,3.1,5.1,44.0,38.4,23.8,24.8,4.0,6.1,12.0,8.9,6.1,8.1,16.2,15.0,22.0,16.3
1772963121.0099678,11.2,10.1,19.6,15.5,40.2,38.6,5.0,3.0,11.0,4.1,4.1,5.1,27.3,36.0,23.7,32.7,8.2,12.2,34.3,32.7,39.0,36.6,31.3,24.2,5.1,2.0,12.0,8.0,30.0,30.7,32.0,49.0,5.1,4.1,3.0,2.0,45.0,39.8,3.1,1.0,41.6,41.0,20.0,27.3,3.0,3.0,8.1,9.2,6.2,7.1,20.0,23.0,22.2,21.2
1772963122.0102983,10.2,11.2,19.0,14.3,38.8,35.0,4.0,4.1,17.0,7.1,5.1,3.1,32.7,27.7,16.3,19.0,11.9,14.0,40.6,30.6,41.2,35.6,30.7,40.6,7.1,4.0,12.2,9.0,28.0,33.3,33.3,47.0,4.0,4.0,3.1,5.0,43.0,37.0,5.0,3.0,35.0,33.7,22.2,20.0,5.0,1.0,10.1,9.1,6.1,6.1,19.0,21.2,20.2,20.4
1772963123.010385,13.4,7.1,20.6,14.0,29.6,44.0,5.1,3.1,11.3,6.2,6.0,4.0,28.0,37.8,22.7,23.5,10.2,8.2,34.0,31.0,38.6,37.6,40.0,41.0,12.0,4.1,8.1,6.1,32.0,31.0,34.3,40.4,5.1,4.0,5.1,4.1,39.0,40.2,2.0,3.1,29.0,29.0,20.4,23.2,2.0,4.0,7.1,9.2,7.0,8.0,14.3,19.0,18.2,27.7
1772963124.010466,12.4,8.9,15.3,17.3,34.0,35.0,7.0,4.0,4.2,2.0,4.1,4.0,26.0,35.6,28.0,35.4,12.4,7.1,31.0,36.0,36.0,41.2,38.0,39.4,8.2,6.0,9.0,7.1,29.0,28.0,26.3,33.0,5.1,1.0,3.0,3.0,34.3,42.9,8.0,2.0,23.0,22.2,27.3,19.0,4.0,5.0,6.1,10.0,6.2,6.2,21.0,21.2,21.4,15.3
1772963125.0105517,13.1,8.1,12.1,14.3,42.0,32.0,10.8,7.1,14.1,9.1,4.0,5.1,24.0,29.3,21.6,23.7,13.0,6.1,26.3,35.4,35.3,33.3,34.0,28.7,3.1,4.0,4.1,10.1,28.0,28.0,22.0,40.0,4.1,4.1,2.0,3.1,39.0,42.2,7.1,2.1,21.0,22.0,13.9,21.0,2.0,3.0,7.1,7.1,6.0,8.9,18.0,18.2,16.2,22.0
1772963126.0106432,13.3,7.1,16.3,22.2,33.7,41.6,9.1,4.0,11.2,9.3,5.1,6.1,28.3,32.7,15.3,14.1,8.1,10.0,25.3,44.0,36.6,39.2,39.6,37.6,5.0,6.1,6.1,8.1,28.3,29.0,26.5,40.8,4.0,4.0,3.0,4.0,43.0,38.4,6.1,4.0,32.0,29.7,21.2,24.2,4.0,3.1,10.1,12.2,7.1,4.2,21.0,23.2,22.4,18.2
1772963127.0107293,14.9,9.2,22.2,17.0,31.6,39.4,5.1,1.0,13.0,3.1,5.1,3.1,35.0,23.2,30.3,24.5,6.1,15.2,35.4,30.3,38.6,35.3,18.8,43.4,3.1,4.0,9.0,7.1,29.7,32.0,34.7,46.0,2.0,4.0,2.0,1.0,37.8,39.0,3.0,2.1,31.7,31.3,28.7,16.8,3.0,2.0,9.1,7.1,7.0,7.1,17.3,20.0,18.2,22.4
1772963128.0133927,12.2,10.0,18.0,18.4,34.0,41.0,2.0,4.0,3.1,2.1,3.1,6.1,33.0,30.0,28.9,35.0,14.3,14.4,31.0,43.0,34.7,42.0,32.0,43.6,5.1,5.0,7.1,9.8,28.0,26.3,29.3,41.6,4.1,5.1,4.0,6.1,43.0,39.0,4.0,4.1,37.0,36.6,26.3,23.0,3.0,3.0,10.3,12.0,8.1,8.1,19.4,21.2,24.0,23.0
1772963129.0338054,13.9,7.8,19.2,12.9,29.3,49.0,5.0,3.0,13.9,11.0,4.0,6.8,28.2,27.5,21.8,24.0,2.0,4.0,32.7,30.7,39.4,36.5,38.2,42.2,5.0,5.9,8.9,7.8,31.7,31.7,9.9,41.2,4.9,4.9,4.0,2.9,38.2,38.2,2.0,3.0,34.3,34.3,24.3,19.8,4.9,1.0,9.8,6.9,7.9,6.9,22.5,19.8,14.7,20.8
1772963130.0338938,11.3,10.1,17.2,21.0,37.0,38.6,4.1,4.0,16.7,7.2,4.1,4.1,26.3,33.7,15.5,17.2,15.3,17.2,33.7,37.4,38.6,34.7,53.0,28.3,4.0,5.1,13.1,6.2,30.7,26.5,45.5,31.0,3.1,4.1,2.1,2.0,39.0,41.4,3.1,3.1,31.6,31.0,22.4,25.3,3.0,5.1,9.0,9.0,6.1,7.1,21.8,22.0,22.4,19.2
1772963131.035268,13.1,7.0,19.6,16.8,36.6,33.7,4.0,2.0,4.9,2.0,5.9,4.0,27.7,28.7,34.7,30.3,4.0,4.0,34.3,37.3,38.8,36.3,43.6,36.6,3.0,5.9,7.0,8.8,30.0,26.2,50.5,27.0,2.0,3.0,4.0,2.0,43.6,37.0,18.8,7.0,30.7,30.7,16.0,23.8,2.0,3.9,15.7,7.0,7.9,6.9,18.2,23.8,25.2,17.2
1772963132.03551,11.3,10.3,16.5,18.4,33.0,41.0,3.1,4.1,4.1,6.2,4.1,5.1,26.3,33.3,26.0,29.6,21.4,10.3,28.6,34.7,39.0,35.6,24.0,30.3,4.1,5.1,8.1,5.2,33.0,23.2,46.9,36.4,4.0,7.1,8.2,3.0,39.4,40.8,29.2,10.4,30.3,30.6,21.2,21.2,0.0,5.1,7.2,8.2,6.1,8.2,17.2,20.4,21.6,20.4
1772963133.0355928,11.3,7.1,16.2,18.4,36.1,36.0,4.0,3.1,14.3,10.2,4.1,5.1,31.0,32.0,12.2,16.5,4.0,3.1,35.4,33.3,37.6,38.6,21.2,25.5,3.0,6.1,6.1,7.1,31.3,34.0,49.5,30.3,3.1,5.1,3.1,4.1,39.0,41.4,14.3,10.2,32.3,33.0,25.5,20.4,5.0,1.0,9.1,7.2,7.1,7.1,20.4,21.4,26.3,17.2
1772963134.0356796,12.4,8.1,19.2,16.3,39.4,32.0,3.1,3.0,8.2,8.1,5.1,5.1,35.0,25.3,21.2,11.2,19.2,9.3,35.0,33.3,38.0,40.0,31.3,43.6,5.1,3.0,8.9,7.1,32.0,28.6,44.4,32.7,2.0,5.1,3.0,3.0,40.8,38.0,11.1,4.0,40.0,41.0,29.0,22.5,1.0,2.0,9.1,10.1,4.1,8.1,15.2,17.2,16.3,26.7
1772963135.0405655,13.1,8.0,15.2,17.0,33.0,32.0,5.1,0.0,5.1,5.1,5.9,4.0,21.0,31.4,35.4,35.0,5.1,6.1,35.0,29.7,35.9,38.8,45.0,36.6,2.0,2.0,7.1,7.1,32.7,23.8,51.5,22.0,5.0,3.0,4.0,3.0,37.6,41.8,12.1,7.1,40.6,40.6,20.0,17.2,3.0,3.0,10.0,6.0,6.1,6.1,23.0,24.0,20.2,15.2
1772963136.040649,14.3,11.1,17.3,18.4,52.0,27.0,3.1,3.0,6.2,11.1,3.1,6.1,28.3,38.4,29.3,28.6,13.3,17.2,29.6,35.0,37.6,38.0,38.6,40.0,6.1,5.9,6.1,8.1,33.3,27.3,22.4,39.4,5.1,3.1,1.0,2.1,40.8,39.2,4.1,2.0,41.0,41.0,20.0,28.3,3.1,4.0,10.2,10.0,9.1,7.0,19.2,20.2,24.0,22.4
1772963137.0416327,12.2,10.0,15.5,17.2,39.4,33.7,3.1,2.0,6.1,15.2,4.0,5.1,29.3,33.3,11.3,10.2,4.1,4.1,37.6,35.4,37.6,39.6,45.0,17.2,4.0,4.1,8.1,6.1,32.7,26.0,27.0,49.5,5.1,3.1,3.0,5.1,38.6,39.4,3.0,1.0,31.3,33.7,18.0,26.0,3.1,1.0,11.0,9.0,9.1,6.0,22.2,23.5,24.0,23.2
1772963138.0423324,13.3,8.9,18.2,16.2,39.0,37.6,3.1,4.0,6.1,10.1,4.1,3.1,24.8,33.0,13.1,19.4,16.0,5.1,35.1,34.3,37.6,36.6,32.0,31.0,4.0,4.0,6.1,9.0,31.3,31.7,38.4,27.3,3.0,5.0,3.1,3.0,38.0,43.4,5.1,2.0,30.7,30.7,26.3,23.8,5.0,3.0,7.1,10.1,5.1,6.1,19.0,16.8,17.3,23.0
1772963139.042412,9.5,8.2,17.3,18.2,28.9,44.0,4.0,2.0,4.1,5.1,3.0,6.9,27.3,29.6,38.1,35.1,10.2,8.2,33.7,36.0,40.2,37.6,28.3,29.3,3.1,4.0,6.1,9.0,37.0,29.0,41.0,25.3,3.1,3.1,0.0,4.0,41.0,39.0,2.1,4.0,32.7,31.3,24.0,24.0,3.0,2.0,10.0,12.1,7.1,9.0,22.0,22.4,22.2,21.2
1772963140.0424917,12.2,10.1,19.4,15.2,31.3,39.4,4.0,4.1,7.2,12.1,5.0,6.1,27.7,36.4,24.2,26.5,15.2,3.1,38.4,31.3,38.6,35.6,21.0,42.6,6.0,3.0,8.0,7.1,30.0,28.7,43.0,38.6,7.1,3.0,3.0,2.0,41.4,38.0,5.0,1.0,30.3,32.0,23.0,21.2,2.1,4.0,9.2,6.1,7.1,4.1,19.0,16.0,26.3,17.0
1772963141.0435045,13.1,10.2,14.9,16.5,37.4,33.0,3.0,5.1,14.1,8.2,3.1,4.1,22.2,31.0,13.3,16.0,9.1,11.9,33.0,31.0,35.6,39.6,17.0,43.6,6.9,6.1,5.1,9.0,29.0,29.0,40.0,16.2,4.0,4.0,2.0,3.0,40.0,43.0,3.1,1.0,36.6,28.3,18.0,19.2,1.0,3.1,10.0,7.1,6.1,8.9,22.2,25.0,21.2,16.2
1772963142.0466373,14.1,9.0,22.2,20.0,35.4,38.6,3.1,4.0,10.1,3.1,4.1,6.0,35.6,34.7,18.2,16.3,14.1,5.1,33.0,35.6,40.0,38.2,22.0,40.6,3.0,3.1,5.1,6.1,29.0,28.0,30.0,9.0,4.0,3.0,4.0,3.0,42.6,37.4,3.0,4.0,20.8,21.8,24.2,25.3,3.0,4.0,10.1,8.1,6.0,6.2,14.1,20.8,23.5,19.4
1772963143.0468216,13.3,7.1,18.2,14.1,45.0,36.0,4.1,2.0,4.1,5.1,4.0,5.1,26.3,32.7,34.3,27.8,4.1,19.4,30.3,37.4,38.2,39.6,19.2,37.6,7.1,4.0,6.1,10.1,29.3,27.3,33.3,38.4,1.0,5.1,2.1,5.0,42.4,37.0,4.0,1.0,21.8,21.2,22.2,26.0,2.0,3.0,10.0,7.1,6.1,7.1,15.8,14.3,23.5,15.2
1772963144.0476034,12.1,9.0,18.2,16.5,35.4,36.0,5.9,2.1,5.1,2.0,5.1,3.1,24.8,31.0,21.4,25.3,10.0,2.0,32.0,32.0,37.0,35.6,7.1,32.0,3.1,4.1,7.1,7.0,30.7,27.7,36.6,44.4,4.0,5.0,3.0,6.1,38.4,41.4,2.1,2.0,23.2,23.0,18.8,22.0,2.0,4.0,10.0,8.0,6.1,6.1,24.8,28.7,15.0,22.0
1772963145.0476856,11.5,8.2,15.5,16.2,39.8,32.3,2.1,3.0,21.2,8.2,4.1,5.0,26.7,36.4,13.3,18.0,8.2,14.3,26.3,36.4,36.6,40.6,39.2,36.6,4.0,5.9,5.1,7.1,26.0,29.0,52.5,27.0,4.0,3.1,1.0,3.1,34.3,42.0,4.0,4.0,20.2,22.0,19.0,25.0,2.0,3.1,8.2,5.1,6.1,7.0,9.3,11.1,23.5,17.3
1772963146.051021,13.1,7.0,14.9,16.2,36.0,35.0,4.0,2.0,9.1,11.0,6.0,2.0,28.0,23.8,23.2,17.2,10.1,5.0,29.0,31.0,34.7,36.6,41.0,36.4,3.0,5.0,7.1,6.1,27.0,24.0,54.5,19.2,2.0,4.0,3.0,1.0,40.2,40.2,2.0,2.0,35.6,30.7,17.2,12.1,2.0,4.0,10.1,6.9,5.1,4.1,25.7,27.3,19.0,17.0
1772963147.0529492,12.2,8.2,17.3,14.1,31.6,36.6,7.1,3.0,3.1,5.1,6.1,4.0,27.0,27.3,33.0,37.1,3.1,20.0,41.0,26.0,36.3,34.3,44.0,38.6,6.0,4.0,6.1,8.1,26.3,23.5,21.2,23.0,4.0,4.0,2.0,2.0,41.4,38.8,6.1,2.1,40.0,40.0,14.1,23.2,3.1,2.0,9.8,5.2,7.1,7.1,16.2,17.0,21.0,15.0
1772963148.0559337,10.3,9.0,18.2,16.0,33.3,35.6,3.1,1.0,9.9,5.2,5.0,4.0,21.0,32.7,23.0,20.2,5.0,10.2,30.7,35.4,35.3,37.3,33.7,18.8,5.1,4.0,8.9,6.0,27.7,27.7,31.4,31.7,3.0,4.0,6.9,4.1,37.6,39.6,3.1,6.1,39.6,41.0,24.8,19.6,1.0,3.0,8.9,10.9,6.0,7.9,23.0,22.0,19.0,20.8
1772963149.060951,15.0,9.1,21.2,10.1,38.8,37.0,5.0,4.0,14.3,14.1,4.1,5.1,30.0,31.0,10.3,14.3,2.1,10.1,42.0,27.3,41.2,36.6,29.3,13.3,6.1,4.0,9.1,10.0,30.0,30.0,26.3,13.1,4.0,4.0,6.1,6.1,31.6,49.0,2.0,2.1,40.0,40.6,23.5,21.0,5.1,2.0,4.1,10.1,7.1,6.1,19.2,18.0,22.0,15.3
1772963150.062035,11.2,11.1,15.3,19.0,37.4,32.7,2.0,2.0,4.0,8.2,5.0,3.1,26.0,34.7,26.5,25.3,13.1,14.9,37.4,27.7,34.7,39.2,43.0,40.2,4.0,4.0,6.1,8.2,21.2,28.3,35.0,18.0,2.0,6.0,7.1,4.1,39.8,42.4,3.1,4.1,30.0,31.0,13.1,21.0,2.0,1.0,8.0,11.0,6.1,8.1,22.0,20.2,20.0,20.2
1772963151.0622363,15.0,7.0,12.4,17.3,30.3,38.0,4.0,4.1,5.1,5.1,4.1,6.1,25.7,29.3,35.7,39.8,12.1,5.2,30.0,34.7,35.6,36.0,40.6,20.4,4.0,5.1,9.0,7.1,30.0,27.0,40.0,20.2,5.0,4.1,2.0,8.1,36.4,40.6,4.1,8.2,31.0,31.3,19.6,21.4,3.0,4.0,7.1,8.2,5.2,6.1,20.2,21.0,26.5,13.0
1772963152.0623991,11.2,12.1,17.3,19.0,36.7,37.6,3.1,4.0,11.3,11.3,5.1,5.1,30.0,33.0,18.4,16.7,8.2,13.1,34.3,40.6,34.7,37.6,42.6,35.0,5.0,6.0,7.1,10.1,33.0,25.3,35.4,25.0,4.0,5.1,4.0,2.0,46.5,34.3,19.4,21.4,31.3,31.0,21.2,23.0,2.0,10.2,10.0,11.1,6.9,9.1,19.2,21.2,18.2,21.6
1772963153.0641763,14.0,10.2,19.2,17.0,36.0,38.0,4.0,3.0,10.2,6.1,3.1,5.0,30.0,29.7,16.8,13.1,15.2,3.0,38.6,30.0,37.6,40.8,43.6,37.6,3.0,3.0,8.1,5.0,26.7,30.7,37.6,10.0,3.0,5.0,3.1,1.0,40.0,34.3,22.0,18.4,34.7,33.0,25.0,21.0,4.0,9.9,10.9,12.0,7.0,7.0,18.0,20.6,21.2,25.0
1772963154.0656924,11.3,10.0,19.2,12.5,32.7,42.0,6.1,3.1,5.1,11.2,6.1,5.1,33.3,30.0,29.9,23.5,12.2,4.1,35.4,32.3,37.6,39.0,37.4,43.4,5.1,9.0,9.0,5.1,27.6,32.0,18.2,23.2,5.1,3.0,5.0,3.0,38.4,45.0,14.4,3.0,40.0,41.0,21.2,18.4,2.0,10.3,9.1,9.0,5.1,8.2,21.2,19.6,16.2,25.0
1772963155.0679257,13.1,10.1,17.2,16.3,38.4,36.6,3.1,2.1,5.0,4.1,6.0,3.0,27.3,37.0,28.6,37.1,6.1,8.2,34.0,37.4,41.2,36.3,38.6,44.1,4.1,4.1,8.2,8.1,30.0,23.2,40.4,26.0,5.1,3.1,0.0,4.1,44.0,37.0,9.3,7.1,40.6,40.0,24.8,27.0,5.0,10.1,10.0,9.1,7.1,7.0,17.3,17.8,20.2,26.3
1772963156.0705185,14.1,7.1,18.2,19.2,45.5,29.0,2.1,3.0,7.3,19.0,3.2,5.1,30.7,31.7,17.0,19.0,14.3,9.1,36.4,39.6,38.6,40.6,33.0,29.3,5.0,5.1,7.0,7.9,35.0,32.0,40.6,40.6,4.0,3.0,3.0,4.0,44.4,35.0,2.0,7.1,40.0,41.6,28.3,19.8,2.0,2.0,12.0,7.1,8.1,8.1,23.5,23.2,23.0,21.2
1772963157.0733786,13.3,6.1,16.3,17.0,34.3,41.6,4.0,2.0,4.0,10.0,6.9,2.0,33.0,27.7,22.4,17.2,3.1,2.0,32.3,35.0,38.2,38.6,33.0,30.4,3.0,3.1,4.0,8.1,35.6,29.3,34.0,37.0,6.9,1.0,5.1,4.0,34.3,38.0,5.0,6.1,40.6,40.0,18.0,30.3,2.0,8.1,9.1,12.7,6.1,4.1,16.2,19.8,20.2,19.0
1772963158.0739243,9.6,10.9,14.3,11.2,38.4,25.7,1.0,2.0,2.1,3.0,3.0,5.0,27.0,33.0,24.2,24.2,21.2,4.0,25.0,28.7,32.7,37.3,34.3,41.4,3.0,5.0,4.1,5.1,23.8,18.8,35.0,21.2,2.1,0.0,1.0,2.0,35.6,34.3,2.0,7.1,38.4,38.0,13.1,18.0,2.0,4.0,5.1,7.1,5.1,6.1,10.1,9.3,14.1,16.3
1772963159.0755217,14.1,8.0,13.1,15.3,37.0,33.0,4.0,3.0,11.1,7.1,5.1,7.1,25.5,25.3,25.3,22.7,3.0,9.2,38.4,27.6,35.6,38.2,38.6,42.6,4.1,3.0,8.1,6.0,32.7,22.2,26.3,29.3,5.0,3.0,2.0,1.0,42.9,43.6,2.0,10.0,26.3,28.7,20.0,20.2,2.0,3.1,11.0,6.1,5.2,6.1,24.8,25.0,20.2,15.3
1772963160.0755994,15.0,9.1,19.4,16.0,36.7,45.5,2.1,2.0,16.3,6.1,3.1,4.0,39.6,24.0,25.8,22.4,16.8,9.1,30.3,42.4,39.6,36.0,30.3,31.0,6.1,7.1,8.0,9.2,26.3,32.0,49.0,32.0,3.1,5.1,3.0,3.1,36.6,37.4,2.0,9.3,22.8,22.2,20.0,25.0,4.1,2.0,10.2,7.1,7.1,8.1,18.0,20.0,18.2,23.2
1772963161.07581,9.4,10.1,17.3,13.1,38.8,29.0,7.8,4.0,5.1,12.1,5.1,5.1,22.2,37.4,30.0,19.2,5.1,7.1,29.3,36.6,35.6,41.6,30.7,15.3,5.1,3.0,3.1,9.2,34.0,28.0,60.0,20.8,6.1,3.0,4.1,1.0,40.8,43.0,2.1,9.1,22.0,22.2,22.2,18.4,3.0,7.0,7.2,7.1,7.0,4.1,18.2,19.4,24.0,21.0
1772963162.0806234,13.0,9.1,19.0,14.0,37.6,39.6,2.0,3.1,3.0,2.0,6.1,4.0,36.6,30.7,18.2,18.0,15.0,6.1,40.0,27.3,36.6,38.8,43.1,21.0,4.0,5.0,6.9,8.9,28.7,30.7,49.5,30.7,3.0,5.1,3.0,4.1,41.6,35.0,2.0,4.0,12.1,12.1,26.0,18.0,4.0,1.0,7.1,8.2,8.0,6.0,12.0,15.8,20.2,14.1
1772963163.0908015,12.9,7.1,14.0,14.1,29.6,43.1,2.0,3.0,12.0,5.1,6.0,5.0,27.0,25.5,18.0,24.5,6.1,12.0,31.0,35.3,32.7,35.9,28.3,31.4,3.0,3.0,3.0,8.0,22.8,27.7,52.5,23.8,2.0,4.0,6.9,5.0,38.0,43.6,3.0,2.0,18.2,24.8,16.8,23.2,3.0,5.0,7.9,6.9,5.0,7.0,25.5,23.5,18.6,20.8
1772963164.0928917,12.9,11.8,16.0,17.2,36.4,40.6,5.0,5.1,15.0,17.2,3.0,5.2,25.7,33.3,29.6,28.3,9.0,14.0,38.6,33.0,40.2,39.6,14.9,40.2,6.0,5.1,9.0,7.0,29.3,31.7,52.9,29.0,5.9,4.0,3.0,5.1,39.0,41.4,2.0,4.0,28.7,33.7,19.2,24.5,4.0,3.0,11.1,10.1,6.1,8.9,16.2,16.2,19.2,20.0
1772963165.094167,11.6,8.2,17.7,16.5,33.7,40.0,5.1,3.0,7.2,6.1,5.1,5.1,31.3,29.0,27.8,27.3,4.1,9.3,32.3,38.8,38.6,42.0,19.0,42.4,6.1,2.0,7.1,5.2,37.0,27.6,48.5,34.3,4.1,1.0,4.1,3.1,36.4,43.0,5.1,10.3,32.3,30.3,22.0,24.2,1.0,3.1,20.2,12.0,11.2,6.3,23.0,23.5,27.3,17.3
1772963166.095688,15.0,9.0,20.0,18.2,48.5,32.0,3.1,2.1,5.1,8.2,4.1,6.1,26.3,32.3,22.4,17.5,10.1,18.0,27.0,41.6,38.0,38.2,21.8,40.6,4.1,4.0,9.2,6.1,25.3,30.0,28.0,42.4,4.1,5.1,2.0,2.1,41.4,36.4,3.1,4.1,40.4,37.0,22.2,21.0,4.0,4.1,14.3,8.2,28.0,10.1,18.2,21.4,17.0,23.2
1772963167.096265,17.8,10.2,20.6,16.3,48.0,29.0,6.1,3.1,9.2,6.1,7.0,4.1,32.7,32.7,27.3,29.0,3.1,11.1,40.8,33.7,41.2,39.0,12.0,37.0,5.0,5.9,12.1,7.1,34.7,31.7,23.2,36.0,5.1,3.0,3.1,5.0,46.5,36.4,4.1,2.1,41.0,41.0,29.3,24.0,5.0,3.1,25.3,14.1,10.2,8.1,20.0,22.0,23.2,23.2
1772963168.1003265,17.6,10.1,20.4,19.8,33.3,42.6,5.9,3.1,18.2,15.2,4.1,7.1,38.6,30.3,33.3,28.0,17.2,16.3,38.0,36.0,39.2,42.2,13.1,29.7,6.1,6.1,10.1,9.1,39.0,27.3,29.3,36.6,4.0,9.0,6.0,6.1,39.4,41.0,2.1,7.1,40.0,41.6,26.7,24.5,2.1,5.0,12.1,10.0,8.1,8.1,27.0,27.3,31.0,20.2
1772963169.1059883,10.0,9.1,16.0,12.0,31.0,40.6,2.0,3.0,2.0,3.0,6.0,3.1,25.3,19.2,21.4,25.5,3.0,4.0,32.0,35.6,39.2,31.0,22.8,40.0,4.0,3.0,11.9,9.1,27.3,28.7,44.0,25.0,2.0,2.0,2.0,9.0,38.0,41.6,7.0,4.1,38.8,38.2,19.2,17.0,3.0,1.0,7.9,10.0,6.0,5.1,14.1,15.8,15.2,18.2
1772963170.1076462,15.7,10.9,20.2,19.2,33.7,40.0,2.0,3.0,14.0,4.0,5.9,4.0,31.7,34.7,17.8,21.0,8.1,20.0,37.6,32.3,39.0,38.2,21.8,40.2,4.0,4.0,6.1,6.9,30.1,30.3,40.6,20.0,6.0,4.0,2.0,6.0,37.6,39.4,3.0,3.0,31.0,31.7,26.7,23.5,3.1,3.0,9.9,10.0,6.1,8.1,20.8,19.8,20.0,26.7
1772963171.110845,15.3,9.3,20.2,25.5,32.7,42.6,3.0,2.1,12.1,5.2,4.0,6.1,35.0,37.3,25.5,16.7,1.0,4.1,45.5,28.7,39.6,40.2,32.3,23.2,5.0,4.0,7.1,8.2,30.6,33.3,34.3,25.5,3.0,5.1,1.0,1.0,40.4,40.4,3.1,3.1,31.0,32.7,32.0,26.3,5.0,3.0,11.2,9.1,6.1,8.1,17.2,16.5,21.2,23.2
1772963172.1131558,13.0,10.1,17.2,17.8,42.4,33.0,4.0,4.1,13.3,12.1,4.1,4.0,35.0,20.0,24.7,26.0,10.1,16.2,30.0,33.0,32.7,36.0,42.0,10.1,2.1,4.0,7.9,4.1,27.0,27.3,22.8,41.6,4.0,4.1,7.1,2.0,40.4,40.4,13.0,10.1,32.7,30.3,16.2,25.3,5.1,2.0,9.2,8.2,7.1,5.2,24.0,22.0,17.0,19.4
1772963173.1176405,11.1,14.0,16.0,18.2,45.5,24.0,4.0,5.9,3.0,3.0,5.0,4.0,32.4,35.0,29.0,23.5,8.1,3.1,31.0,38.0,38.2,37.6,20.8,33.3,5.0,5.0,7.1,7.0,27.0,29.7,27.0,54.5,5.1,4.1,24.2,1.0,38.6,40.2,26.5,23.2,32.7,33.0,20.8,25.7,4.0,3.0,8.1,8.1,7.0,7.1,16.0,18.8,20.2,22.0
1772963174.1185234,15.2,9.1,21.0,16.2,27.6,44.6,2.0,3.1,10.1,11.3,5.1,8.0,37.4,26.0,21.6,17.5,14.4,15.0,34.7,33.3,37.6,41.7,37.0,39.2,6.1,3.1,12.1,5.1,27.0,32.3,26.0,44.0,4.0,4.0,13.1,4.0,45.5,36.0,11.2,17.3,39.6,42.0,32.3,22.0,23.2,2.0,11.9,10.1,9.2,6.1,27.3,28.0,24.0,20.4
1772963175.121682,10.4,7.1,13.3,21.2,43.6,40.0,6.0,3.0,9.2,6.0,4.0,5.1,31.0,28.0,24.2,24.2,2.0,8.2,34.0,32.3,35.6,38.2,33.3,35.0,4.1,4.0,6.1,9.0,27.0,28.0,20.4,41.0,6.1,3.1,3.1,2.1,39.0,40.0,3.1,16.2,41.0,40.0,24.8,21.2,30.3,4.0,9.2,9.0,6.0,6.1,15.0,15.0,18.2,24.2
1772963176.123612,13.9,8.0,17.3,15.0,34.3,32.0,3.0,4.0,8.2,16.2,3.0,4.1,26.0,26.0,22.0,24.2,9.2,15.2,29.6,34.0,36.3,39.0,23.8,18.2,5.9,2.0,6.0,6.0,24.8,25.7,23.8,35.6,5.1,3.0,4.0,4.0,43.4,37.0,7.1,9.2,41.6,41.0,18.4,20.2,35.3,1.0,10.0,7.0,4.0,6.1,24.0,22.2,15.2,23.0
1772963177.123684,11.2,12.0,21.4,15.3,44.3,33.7,5.1,3.0,4.1,4.1,6.1,4.1,33.3,30.3,28.3,26.5,3.1,10.2,32.3,36.4,41.6,35.6,33.7,33.3,4.1,6.1,7.1,11.2,30.3,32.3,20.6,22.4,6.1,4.0,4.2,2.1,44.0,37.0,5.1,3.0,32.3,33.7,20.8,25.0,12.4,5.1,9.2,9.1,7.1,7.1,16.2,19.8,24.0,22.4
1772963178.1237547,15.2,8.2,17.2,12.0,46.5,24.8,2.1,1.0,6.1,9.1,5.1,8.9,26.3,33.0,23.2,18.4,8.2,18.2,30.0,31.3,36.3,36.6,41.2,41.2,4.0,4.0,7.2,3.0,29.0,26.3,21.8,22.8,4.1,2.0,3.0,3.0,34.3,42.4,4.0,3.0,31.0,31.0,16.3,21.2,2.0,5.0,11.0,5.1,4.1,6.1,23.2,21.4,24.2,14.0
1772963179.126288,14.0,8.1,14.0,18.0,39.8,26.0,4.0,4.0,9.2,12.2,5.0,4.1,33.0,24.0,30.6,25.3,4.0,9.0,33.0,32.0,34.7,36.3,35.0,34.3,3.1,4.0,8.0,8.0,25.0,26.0,25.3,29.3,2.0,3.0,2.0,2.0,38.0,40.0,4.1,2.0,31.7,30.7,19.8,22.8,2.0,1.0,8.9,7.1,8.0,4.1,16.0,19.8,20.0,16.2
1772963180.1303494,13.1,7.9,16.0,14.3,46.0,27.7,3.1,2.0,10.0,9.1,4.0,7.0,25.7,27.7,22.2,26.3,17.2,14.1,33.0,31.3,35.3,42.6,34.0,24.8,5.9,4.0,10.0,6.1,27.0,27.0,28.0,33.0,5.1,2.0,4.1,2.0,40.0,37.0,4.0,3.0,26.0,24.2,23.8,19.2,2.0,5.0,8.1,7.1,7.9,7.1,24.0,22.2,23.2,17.2
1772963181.1331944,12.1,8.0,14.1,22.4,30.9,44.6,4.0,5.1,11.1,5.1,5.1,5.1,36.6,34.7,32.7,25.5,4.0,6.1,39.0,31.7,38.2,38.2,41.6,21.2,5.1,5.1,11.0,12.1,34.3,32.7,19.0,26.0,5.9,6.1,4.0,3.0,42.0,40.0,4.0,4.0,29.3,29.7,21.2,21.8,4.0,2.0,11.1,11.0,6.1,9.0,19.0,22.0,25.3,22.8
1772963182.1353087,12.2,10.2,20.0,15.2,36.4,31.0,3.1,2.1,5.1,10.2,5.1,2.1,27.0,28.0,20.6,19.2,16.0,13.3,36.4,34.3,40.6,37.6,28.7,33.7,18.2,5.1,7.1,10.0,26.7,29.0,35.6,31.0,1.0,8.9,2.1,4.0,40.4,40.0,2.1,3.0,23.0,21.8,24.8,23.0,3.0,4.0,7.1,10.2,7.1,6.1,23.8,21.2,21.4,18.6
1772963183.1378798,13.0,9.1,17.5,14.9,39.6,35.4,5.0,4.0,8.1,12.1,3.0,6.0,29.0,29.3,28.7,22.0,1.0,8.1,29.3,39.6,37.3,37.6,19.2,39.0,31.3,6.0,7.0,7.0,22.8,37.4,36.0,21.2,1.0,4.0,4.0,4.0,38.6,41.4,2.0,3.0,23.2,21.2,23.0,24.0,1.0,3.0,6.1,10.0,4.0,8.1,19.2,21.8,18.8,21.0
1772963184.1379504,15.5,23.0,18.0,29.6,39.8,37.0,5.1,3.1,5.2,6.0,6.0,5.1,28.3,32.0,23.5,29.9,15.3,10.1,36.4,35.7,39.6,38.6,32.3,40.6,5.1,5.1,5.2,7.1,34.3,29.7,19.2,32.0,5.1,4.1,3.0,3.0,41.4,37.0,5.0,5.1,34.3,28.3,24.0,22.2,4.0,3.0,9.2,9.1,8.1,6.1,26.3,24.0,23.5,24.2
1772963185.142164,30.3,27.0,17.3,20.8,40.8,34.7,3.1,5.1,6.1,10.1,3.1,5.0,34.7,32.4,26.5,23.5,11.0,4.0,37.6,34.0,39.2,38.2,23.8,36.0,4.0,4.0,10.9,7.0,32.0,31.0,48.5,31.3,4.0,4.0,1.0,3.0,40.6,41.6,3.0,2.0,33.0,32.7,25.0,22.8,2.0,1.0,7.1,12.0,6.1,7.0,22.8,17.2,17.0,25.0
1772963186.1422524,19.0,18.2,20.4,25.5,35.7,41.0,5.1,2.0,6.2,9.2,4.1,3.1,34.3,26.5,24.5,28.3,11.2,14.3,40.4,31.3,41.6,38.6,44.0,33.7,7.8,4.0,7.1,7.1,27.3,29.0,40.4,40.4,4.0,3.1,3.0,12.0,38.4,41.0,3.1,3.1,40.6,41.4,22.0,25.3,4.1,4.0,9.0,9.2,8.1,6.1,20.0,21.4,21.4,19.4
1772963187.1452107,11.1,9.1,17.2,18.2,33.3,38.2,3.1,2.0,13.3,13.0,4.0,6.1,29.7,28.7,28.3,17.0,3.0,9.1,40.0,32.7,38.6,37.6,42.6,22.8,5.1,3.0,6.1,7.1,26.3,31.0,41.6,20.2,3.1,5.0,3.1,22.0,39.4,43.4,2.1,5.9,40.0,41.2,19.0,26.0,1.0,6.1,9.2,9.9,7.0,6.1,19.2,21.8,25.0,16.2
1772963188.1457193,14.9,12.1,20.0,18.4,37.1,41.4,4.0,3.0,10.2,10.2,6.0,5.1,34.3,28.0,25.5,24.0,10.1,14.3,36.4,32.3,36.3,41.6,22.2,27.0,6.0,4.0,9.1,6.9,29.3,30.0,39.0,32.7,3.1,4.0,2.0,3.1,41.6,39.4,4.0,4.1,41.6,40.6,26.3,18.8,4.0,6.2,9.4,7.1,6.1,8.1,23.0,23.0,22.2,23.0
1772963189.146125,14.3,10.0,24.5,25.5,45.9,32.4,6.1,5.1,8.3,12.1,6.1,10.3,37.0,35.4,22.2,23.5,16.3,8.2,42.6,37.4,40.0,40.6,22.2,34.3,6.0,6.1,8.1,10.2,33.0,37.4,46.5,35.0,5.1,6.1,4.0,3.1,42.4,38.4,4.1,6.2,39.4,41.0,29.7,27.3,5.1,2.0,11.1,10.1,9.2,7.3,22.0,20.2,28.0,27.3
1772963190.1473897,13.1,8.2,20.0,17.0,42.6,32.0,3.0,4.0,5.1,4.1,4.0,6.0,26.5,30.4,30.3,35.7,10.1,9.2,31.3,34.0,37.9,38.6,38.0,42.2,2.0,4.1,6.1,8.1,29.4,25.0,54.0,26.3,2.0,4.0,4.1,4.0,40.0,39.6,4.1,5.1,31.4,30.0,20.2,26.0,4.0,2.0,11.9,6.1,6.1,7.0,21.4,22.2,14.1,23.2
1772963191.1476798,13.0,9.9,16.2,16.2,37.8,31.0,4.0,3.0,11.1,15.0,3.1,5.0,24.8,30.3,19.6,22.4,11.0,4.0,36.4,30.3,34.7,34.3,43.0,39.6,4.0,5.1,6.1,7.1,20.0,29.7,37.0,28.7,4.0,4.0,5.0,3.0,43.0,39.0,8.0,10.0,30.3,30.7,20.8,18.8,3.0,2.0,4.1,13.0,7.0,4.1,16.8,14.9,16.8,22.0
1772963192.1508863,15.3,10.3,22.2,17.2,40.0,34.0,5.1,5.1,12.0,7.1,5.1,6.1,34.3,28.0,25.3,23.2,12.1,15.2,31.0,36.0,39.6,39.6,37.6,42.4,6.1,5.0,11.1,8.1,32.7,30.3,20.0,40.0,5.1,5.1,2.0,2.1,39.4,42.4,8.2,12.4,30.0,31.3,28.6,19.4,3.1,6.1,11.1,12.1,8.2,9.0,28.3,27.3,28.6,15.5
1772963193.1527288,12.2,9.1,22.2,22.7,39.8,41.4,5.1,13.0,7.2,12.1,6.1,5.2,32.0,36.6,20.4,24.7,13.4,8.2,38.0,38.0,43.7,40.8,42.0,39.6,6.0,3.1,7.1,6.1,36.6,29.7,26.0,43.0,3.1,6.0,3.0,4.0,42.6,38.6,12.2,32.3,31.0,30.7,27.0,29.0,1.0,4.0,12.0,10.1,8.2,8.0,13.3,16.8,21.2,26.0
1772963194.15533,10.5,8.2,13.1,17.3,30.0,39.6,7.1,6.1,11.2,17.3,4.0,6.0,21.2,34.7,29.9,31.0,10.9,8.0,29.3,35.0,36.6,34.7,42.6,35.0,4.0,5.0,6.1,9.0,28.3,26.3,34.3,36.0,6.0,4.1,3.0,2.1,40.8,38.8,20.6,14.3,31.0,35.6,22.0,20.0,5.0,5.0,9.0,8.0,6.1,6.2,26.0,24.5,17.3,22.2
1772963195.155683,15.2,8.1,17.2,15.0,41.4,36.0,5.1,2.0,3.0,5.1,5.1,5.1,29.0,27.0,22.0,25.5,14.4,9.3,28.7,35.0,33.7,39.6,34.3,38.4,4.0,4.0,7.1,4.1,32.3,27.0,39.6,21.0,3.0,4.0,2.0,2.0,39.6,40.6,2.0,6.1,30.3,30.0,19.0,20.0,2.0,3.0,10.0,8.0,7.1,5.1,17.0,17.0,19.8,21.2
1772963196.1626434,12.0,8.9,14.1,13.1,33.0,32.7,2.0,2.0,5.9,9.1,3.0,3.0,25.7,25.7,17.2,17.2,9.9,2.0,34.0,28.4,35.6,30.4,27.5,12.9,3.0,3.0,5.9,7.8,24.5,27.0,15.8,17.0,2.0,3.0,2.0,1.0,42.0,37.0,1.0,3.0,32.4,32.4,18.8,18.0,3.0,2.0,5.1,6.0,5.0,6.9,9.9,8.0,17.0,15.0
1772963197.1647635,12.1,12.2,19.2,18.0,30.2,46.5,5.1,4.1,7.3,12.1,6.0,7.0,33.7,35.0,17.5,20.4,9.2,8.1,38.0,32.7,40.6,40.2,27.3,18.0,3.1,6.1,7.1,7.1,26.0,37.6,12.0,9.1,5.1,5.1,3.1,5.1,39.4,39.4,4.0,4.1,31.0,31.3,16.3,31.0,3.0,9.1,11.2,12.1,6.1,9.2,30.6,30.3,28.3,21.2
1772963198.1674654,12.2,11.0,15.3,25.0,29.9,48.5,5.1,1.0,10.2,16.2,4.1,5.1,34.0,25.0,26.3,27.3,6.1,16.3,30.0,41.0,38.0,39.6,31.0,10.1,3.0,7.0,7.1,7.1,28.3,30.0,23.0,18.2,4.0,3.1,3.0,4.1,41.6,37.0,3.0,10.1,36.0,34.7,22.0,27.3,3.0,3.0,8.1,11.1,5.1,6.1,11.0,16.2,22.2,21.4
1772963199.1701689,14.0,8.1,22.2,14.4,37.4,36.0,4.1,3.0,3.0,4.0,6.0,3.1,31.7,27.0,31.3,23.2,10.1,8.1,36.0,37.0,37.6,40.6,38.0,19.0,5.0,4.1,7.9,9.1,28.7,31.3,33.3,37.4,5.1,3.0,2.0,3.1,41.4,41.0,4.0,7.1,40.0,40.6,23.0,28.0,4.0,7.1,7.1,10.0,7.1,8.1,31.7,25.7,18.2,26.0
1772963200.1707103,15.2,7.1,17.2,16.0,38.4,30.0,3.1,4.0,7.1,13.3,3.1,5.1,28.3,28.0,21.6,25.8,10.2,11.0,33.7,28.3,38.2,33.0,41.0,22.0,3.0,5.1,7.1,7.0,25.7,31.3,25.3,55.4,4.0,5.1,3.0,3.0,42.0,39.0,2.0,6.1,43.1,41.6,24.0,15.2,2.0,2.0,9.1,5.1,5.1,7.1,14.0,17.2,17.2,19.0
1772963201.1721077,14.3,6.1,18.0,15.2,34.3,38.6,7.0,1.0,14.1,8.2,4.0,5.1,30.0,32.0,16.2,16.3,6.1,5.2,31.6,35.0,39.6,39.2,44.1,21.0,5.1,3.0,6.1,8.0,27.3,32.3,31.7,50.5,4.0,5.0,3.0,5.1,44.4,37.0,3.0,6.1,35.7,34.0,19.2,26.0,2.1,5.1,10.1,8.2,7.0,7.1,22.4,23.0,22.2,22.2
1772963202.1721869,17.6,9.2,18.4,19.6,44.9,32.0,7.1,2.0,11.1,12.2,3.1,5.2,34.0,35.6,32.3,23.2,12.2,13.3,43.0,32.3,41.0,38.6,38.4,32.3,7.0,5.1,9.2,8.2,34.3,28.3,39.4,41.0,7.1,6.1,5.1,6.1,39.4,39.6,2.0,7.0,22.0,24.0,27.0,20.4,3.0,3.1,10.1,13.9,7.1,10.0,22.2,23.5,24.2,23.2
1772963203.1736586,14.3,6.9,11.0,17.0,37.4,33.7,3.0,2.0,2.0,8.0,6.0,5.0,25.7,25.0,31.3,31.3,9.9,9.1,30.0,36.6,34.0,30.4,42.6,35.6,5.1,4.0,9.9,6.0,28.7,31.7,26.0,37.0,2.0,4.0,4.9,1.0,42.0,38.0,4.0,1.0,21.0,20.2,23.0,22.5,3.0,5.0,7.0,7.0,5.0,5.1,18.8,18.8,20.2,17.3
1772963204.1750512,12.2,9.2,19.2,14.3,31.6,41.0,4.1,3.0,5.2,13.3,5.2,4.1,23.2,38.0,20.4,25.8,10.3,8.2,34.3,35.1,40.0,35.0,30.0,37.4,8.2,5.0,7.1,11.3,29.3,26.7,31.6,20.2,5.0,3.1,3.1,2.0,41.0,38.4,4.0,4.0,22.4,21.2,23.2,23.2,3.1,2.0,8.2,7.2,6.1,7.1,22.2,23.2,18.4,22.8
1772963205.175141,13.0,10.1,17.0,25.0,39.4,37.6,5.1,2.0,11.3,12.4,5.0,6.9,32.0,31.7,14.3,12.2,12.0,6.1,35.4,33.7,39.2,38.0,30.0,31.3,14.0,6.1,8.1,6.1,36.4,28.3,22.0,39.4,3.1,5.1,4.0,3.1,40.8,40.4,3.1,3.0,27.6,23.2,26.0,26.0,4.0,4.0,12.0,7.1,9.0,8.1,20.2,20.0,21.2,24.0
1772963206.1771722,14.1,10.1,21.0,20.2,35.7,41.6,3.1,2.0,8.0,7.1,6.1,3.1,33.0,34.0,33.3,30.0,14.1,9.1,31.0,38.4,40.2,39.2,47.5,30.7,5.1,5.1,7.0,7.9,35.6,30.4,9.1,32.3,3.0,5.1,5.1,3.0,36.6,41.6,2.0,2.1,41.6,38.2,29.7,20.2,2.0,2.0,10.0,13.0,6.1,8.1,22.0,22.0,21.0,24.2
1772963207.1794243,14.7,9.0,22.7,12.2,37.1,37.0,3.1,2.0,7.1,12.2,4.1,6.1,32.0,28.0,34.3,31.3,12.4,20.2,41.8,26.0,35.3,41.6,41.6,24.2,5.0,5.1,8.1,10.2,22.4,35.0,6.0,36.6,5.1,5.0,3.0,6.1,40.0,38.4,2.1,3.1,40.4,41.0,25.0,21.0,4.0,3.1,5.2,13.0,8.1,7.1,24.2,23.5,20.8,21.0
1772963208.1804535,12.6,5.1,16.2,16.2,36.1,34.7,4.0,4.0,15.2,6.2,5.1,6.0,26.0,33.3,16.2,20.2,4.1,4.1,32.0,29.3,34.0,40.6,34.3,36.0,2.0,5.1,10.1,8.2,25.7,32.0,7.0,28.0,5.0,3.0,6.1,2.0,38.4,44.4,4.1,3.1,40.0,41.4,19.2,22.2,3.0,6.9,10.1,10.3,6.1,7.1,23.8,20.8,15.3,25.5
1772963209.1812625,13.1,9.0,16.2,13.1,35.0,35.6,3.0,3.0,13.9,7.1,4.0,4.0,22.2,34.0,10.2,16.2,14.1,11.0,31.0,35.4,38.5,38.6,33.7,23.0,5.0,4.0,9.0,6.1,30.0,26.0,16.8,29.0,4.0,4.0,2.0,2.0,39.6,40.6,4.0,2.0,38.6,40.6,19.2,16.7,4.0,3.1,10.9,6.1,7.1,8.0,19.2,18.2,25.0,13.1
1772963210.1836646,9.4,8.0,15.0,13.1,39.4,34.0,5.0,2.0,3.0,4.0,5.1,4.0,26.0,26.3,38.6,23.5,8.2,6.1,30.6,27.3,35.0,32.7,38.4,43.6,2.0,4.0,7.1,5.2,23.0,26.0,38.4,32.3,4.1,5.2,1.0,5.1,42.9,38.0,12.4,4.1,36.0,36.0,23.0,23.0,3.1,1.0,6.1,8.0,5.1,6.1,21.2,18.2,19.8,16.0
1772963211.1837542,13.4,7.1,18.2,12.1,27.6,41.0,3.1,2.0,13.0,3.1,6.1,5.0,30.0,27.0,35.4,35.7,14.3,12.1,39.0,25.3,36.6,33.0,36.0,42.0,5.1,4.0,8.1,5.1,26.0,26.0,53.5,27.3,4.1,2.0,4.0,1.0,36.4,40.4,12.4,9.4,30.7,31.0,19.2,18.4,5.1,1.0,7.1,7.1,5.1,7.1,22.0,18.4,15.5,20.2
1772963212.183883,11.1,8.0,14.0,17.0,34.7,33.7,4.0,3.1,4.1,13.4,3.1,2.0,32.0,23.8,18.4,14.3,4.1,5.2,29.3,27.0,34.7,37.3,41.4,39.6,4.0,5.0,7.0,6.1,23.2,26.7,38.0,30.0,3.0,1.0,2.0,1.0,40.6,36.4,8.0,21.2,20.4,21.0,17.0,16.0,3.0,2.0,6.1,12.9,6.1,5.1,18.2,22.0,20.2,15.8
1772963213.1848538,15.2,6.1,18.6,14.3,41.4,32.0,4.1,3.0,13.1,6.0,5.1,5.1,23.8,38.0,14.1,10.2,7.1,12.1,36.0,36.7,39.6,39.6,38.2,27.3,5.2,2.0,6.1,11.1,33.0,26.5,36.0,29.0,6.1,3.1,3.0,3.1,47.5,39.6,19.2,19.6,22.8,24.8,23.2,22.0,3.0,5.0,10.9,9.0,6.1,6.2,20.0,17.2,25.3,20.2
1772963214.1863232,11.2,9.1,19.0,16.3,38.1,40.6,5.0,3.0,4.1,1.0,5.1,3.0,32.0,25.3,29.3,34.0,9.2,12.1,36.4,31.0,37.6,38.6,42.0,27.3,7.9,2.0,8.0,9.0,26.0,25.0,31.7,25.3,6.0,7.0,4.0,1.0,40.0,40.0,7.1,8.1,25.3,29.0,18.0,23.0,3.0,3.0,11.2,8.9,5.1,9.0,22.0,25.0,18.2,21.0
1772963215.1882813,13.9,9.0,18.2,18.0,33.3,36.6,2.0,4.0,5.1,12.0,4.0,5.0,32.3,28.0,34.3,35.4,3.0,2.0,34.0,32.0,35.6,41.2,37.0,30.7,4.0,3.0,6.0,6.1,31.0,27.0,13.1,27.7,3.0,3.0,3.0,5.9,39.6,36.4,4.0,2.0,30.7,31.0,24.8,21.0,3.0,5.0,10.0,6.1,7.0,5.1,14.9,17.0,23.0,18.0
1772963216.1888623,13.3,11.3,15.3,14.4,44.0,29.3,3.0,2.1,17.5,6.2,5.1,3.1,29.7,33.0,13.3,15.2,11.2,22.4,31.6,34.0,34.7,34.0,30.3,27.3,4.0,5.1,10.1,6.0,26.3,26.0,43.4,32.3,2.0,5.1,2.0,3.1,44.4,38.4,4.1,3.1,39.4,38.0,22.4,14.1,19.4,3.0,7.0,8.2,7.1,7.1,25.3,28.0,21.4,16.3
1772963217.1898184,15.0,10.2,17.2,22.8,40.0,36.0,4.1,3.1,4.1,11.1,4.1,4.0,33.0,33.7,25.3,20.2,3.1,4.0,35.4,33.7,39.0,37.6,42.0,39.4,6.1,4.0,10.3,7.1,35.4,22.2,47.0,33.7,5.1,4.1,2.0,3.1,40.0,43.6,1.0,5.1,40.2,41.6,24.0,24.2,21.0,2.1,10.2,9.0,5.1,9.1,15.3,16.3,24.0,23.5
1772963218.1931343,12.1,6.1,17.0,10.1,26.3,42.6,4.0,2.0,2.0,5.1,2.0,5.0,29.7,29.3,29.3,30.6,20.2,14.1,32.4,27.3,34.0,36.6,46.1,25.7,6.0,2.1,8.9,6.1,30.4,20.0,50.5,30.7,5.1,5.0,3.0,2.0,36.6,38.4,3.0,4.0,40.0,41.0,24.2,17.2,30.3,3.0,8.1,9.1,5.0,6.1,25.5,23.8,20.8,15.2
1772963219.1932142,12.1,11.1,16.2,22.4,30.9,49.5,3.1,4.0,6.1,4.0,4.0,4.2,30.3,31.0,24.5,27.3,4.0,3.1,34.7,38.4,39.0,41.2,42.6,20.0,3.0,7.0,6.1,9.1,33.3,37.4,37.4,42.4,6.1,8.1,8.0,2.1,42.9,39.0,4.0,11.1,41.0,42.0,25.0,24.0,29.0,5.0,11.1,7.1,6.1,9.0,14.1,13.3,20.4,21.4
1772963220.1937728,12.1,8.1,15.3,19.2,47.5,30.0,6.1,2.0,18.0,13.4,5.1,5.0,28.7,27.7,15.3,6.2,17.0,16.2,33.3,33.7,35.3,37.3,32.0,27.0,2.0,5.1,9.1,6.1,31.0,27.0,10.0,43.6,3.1,3.1,7.0,3.0,37.6,38.6,2.0,2.0,41.2,41.0,18.2,26.3,20.2,1.0,10.9,12.0,20.2,8.2,29.0,26.7,23.2,20.0
1772963221.2007167,15.0,6.1,16.2,19.8,45.0,24.8,2.1,1.0,8.2,5.1,3.1,6.1,28.7,30.7,22.4,26.5,3.0,3.1,35.0,37.8,37.3,36.3,40.0,26.7,4.0,5.0,6.0,7.0,27.7,34.7,2.0,40.4,6.0,3.0,8.1,4.0,38.0,40.4,4.0,5.0,39.0,38.0,23.8,21.8,31.0,4.0,7.1,8.1,6.0,6.1,13.0,13.0,17.8,24.5
1772963222.2014668,16.5,11.0,16.3,17.3,37.4,37.4,5.1,3.0,4.0,5.1,7.1,7.0,29.0,31.6,37.4,26.3,21.4,12.1,38.0,32.7,36.6,40.6,42.6,38.4,5.0,5.1,8.1,11.2,30.6,29.3,28.3,29.4,5.1,5.1,5.0,11.0,35.0,47.1,3.0,3.0,28.0,28.7,25.3,21.2,2.0,38.4,9.0,9.0,8.1,7.0,27.7,29.3,26.0,19.4
1772963223.2022424,14.1,9.2,19.2,19.2,24.7,48.0,7.0,3.0,14.0,19.2,6.1,4.1,29.0,33.3,34.3,24.5,4.1,5.1,39.0,34.3,37.3,40.6,32.0,47.5,4.1,3.0,5.2,9.0,31.7,28.7,20.8,39.8,4.1,4.0,5.1,9.1,37.8,43.0,4.1,3.1,21.4,22.2,24.0,24.2,15.8,16.8,10.2,9.1,8.2,7.1,16.2,15.0,25.5,18.0
1772963224.2040308,12.9,10.9,15.2,18.2,33.7,40.6,3.1,4.0,11.2,7.1,4.0,7.0,34.0,27.0,18.2,18.2,9.2,20.2,29.0,36.0,41.6,38.6,44.0,35.0,5.1,3.0,6.9,8.1,22.0,35.0,31.0,29.4,4.0,2.1,7.1,7.1,42.0,37.4,2.0,4.0,22.2,22.0,19.0,28.0,0.0,34.7,9.9,7.1,9.0,8.0,27.0,23.2,23.0,17.2
1772963225.2049584,12.4,6.2,15.3,11.2,41.4,27.7,5.1,1.0,5.2,2.0,4.1,4.1,29.3,29.3,22.4,22.4,3.0,4.1,35.4,33.0,36.3,34.7,41.0,21.0,5.0,5.0,6.1,6.0,25.3,30.3,31.6,49.5,5.1,3.0,7.0,4.0,42.6,38.0,2.0,3.1,24.0,26.3,22.2,18.2,6.0,30.3,7.2,6.1,5.1,6.1,15.2,15.0,16.3,22.2
1772963226.209444,12.2,8.9,19.8,17.0,46.0,28.3,4.0,2.0,5.1,4.0,5.0,5.1,28.7,26.7,29.6,22.2,10.2,20.0,31.0,33.0,37.6,35.6,41.0,24.0,2.0,6.1,6.0,12.0,23.0,34.0,36.6,41.6,5.1,2.1,2.0,5.1,43.0,37.0,3.0,7.1,32.3,36.4,24.2,22.8,2.0,36.0,9.0,10.0,5.1,7.1,14.9,14.0,17.2,25.3
1772963227.21201,11.1,9.1,18.2,16.3,42.9,34.0,5.2,3.0,16.3,10.2,4.0,6.0,30.7,31.0,30.0,24.2,3.0,2.1,38.0,34.0,36.4,38.6,41.6,31.7,3.0,5.0,6.1,7.0,28.0,30.7,28.7,29.0,4.0,4.0,4.0,3.0,37.4,41.0,4.1,2.1,39.6,41.6,23.5,24.0,3.0,37.4,10.0,9.2,8.0,8.1,27.0,28.7,17.2,24.2
1772963228.2122827,11.5,7.2,21.6,15.2,43.3,31.7,5.1,2.1,11.2,12.2,4.1,6.0,31.0,31.3,20.4,18.4,13.3,20.2,32.7,36.0,38.8,38.6,33.3,29.0,5.0,4.0,5.1,10.1,33.0,31.3,35.4,17.2,2.0,5.1,3.1,3.0,43.4,37.0,3.1,5.1,41.6,41.6,24.5,25.3,4.0,31.0,10.1,11.9,6.2,6.1,11.2,12.1,20.0,24.2
1772963229.2153182,13.1,6.0,14.1,17.0,39.4,36.6,4.0,2.0,4.0,2.0,4.0,5.1,31.0,29.7,25.0,19.2,5.1,4.0,34.0,33.3,41.2,37.3,40.6,30.4,3.0,5.0,4.0,5.1,29.0,25.3,38.0,8.1,5.1,4.0,2.0,2.0,39.0,38.6,4.1,3.0,36.6,36.0,20.8,19.6,2.0,18.0,7.1,9.1,7.1,6.1,28.7,25.0,20.8,17.8
1772963230.2154033,11.5,9.1,27.3,27.3,52.5,25.0,3.0,6.0,3.0,4.0,3.0,3.0,34.0,32.3,20.4,25.3,2.0,8.2,27.7,22.0,39.6,36.6,38.0,20.2,2.0,3.0,7.0,6.1,34.3,37.3,29.0,26.3,3.1,1.0,2.0,1.0,26.0,28.3,2.0,2.0,27.3,27.0,29.3,33.3,2.0,0.0,8.1,6.1,5.0,6.1,11.9,11.2,12.2,16.2
1772963231.2167013,10.3,6.1,25.3,27.0,41.0,35.0,2.0,1.0,4.0,2.0,4.0,3.1,40.2,28.7,21.0,17.2,3.0,2.0,14.3,15.8,42.2,40.2,21.0,21.0,1.0,4.0,3.0,2.0,33.7,34.3,44.0,32.7,3.0,1.0,1.0,1.0,31.0,26.0,2.0,1.0,21.8,20.8,29.7,30.0,3.0,2.0,5.1,6.0,3.0,5.0,3.0,4.0,20.0,12.0
1772963232.2177432,10.5,7.0,20.2,19.4,33.3,40.6,2.0,4.0,5.0,2.1,3.1,2.0,34.3,28.3,4.1,4.1,15.0,14.1,37.0,23.2,37.6,40.2,39.6,2.0,3.1,3.1,7.1,20.0,28.3,29.0,49.5,31.0,3.0,4.0,3.0,3.0,33.0,29.3,2.1,1.0,20.0,21.0,25.7,24.2,2.0,2.0,8.0,8.0,5.0,4.1,7.1,8.2,17.2,15.2
1772963233.2197845,10.3,8.0,26.5,26.3,42.0,38.6,3.0,4.1,1.0,2.0,4.0,4.0,27.7,40.0,3.0,6.1,1.0,2.0,24.0,20.2,40.6,41.6,32.7,7.1,2.0,4.0,5.0,25.7,33.0,40.0,34.3,46.0,1.0,2.0,2.0,2.0,25.0,24.0,2.0,6.9,21.0,19.0,29.7,36.6,2.0,1.0,8.1,6.9,3.0,5.1,9.0,10.0,15.8,14.3
1772963234.2223344,16.5,13.9,32.7,29.0,44.0,35.4,2.0,7.0,14.1,6.1,2.1,6.1,34.7,42.7,12.2,21.4,4.0,3.0,29.0,23.0,38.6,40.8,31.0,24.0,2.0,2.0,5.1,2.1,36.0,35.0,21.2,30.4,3.0,1.0,3.0,3.0,25.5,25.3,15.3,16.3,22.0,21.8,30.7,35.6,1.0,3.0,8.0,8.2,7.1,5.0,26.0,20.0,17.2,11.1
1772963235.22416,16.0,10.1,16.5,24.2,26.3,43.6,5.1,2.0,17.0,11.2,3.0,2.0,34.0,30.0,27.8,34.3,1.0,9.0,35.0,29.3,35.3,35.0,42.0,39.0,5.0,3.0,6.0,7.9,26.7,30.7,24.0,37.0,4.0,3.0,4.0,1.0,35.4,38.0,10.3,12.1,22.8,20.2,25.3,18.8,5.0,1.0,11.0,7.0,6.1,6.0,10.0,8.0,14.3,18.0
1772963236.2261732,11.3,8.1,20.8,20.2,38.6,35.0,3.0,3.0,3.1,2.0,6.1,4.0,28.0,36.6,21.2,27.6,16.2,13.0,31.3,35.0,42.2,39.6,41.0,38.6,4.0,4.0,6.0,8.0,42.0,26.3,33.0,42.4,2.0,5.1,2.0,1.0,39.8,37.0,3.0,3.0,21.2,22.0,26.7,28.0,3.0,3.0,11.9,10.1,7.1,6.1,14.0,14.3,24.2,21.2
1772963237.226863,13.3,7.1,22.2,26.5,42.9,38.0,5.1,6.1,4.0,4.1,6.1,5.0,37.6,35.6,18.4,17.0,10.1,4.1,40.6,32.7,42.6,41.2,34.7,48.0,4.1,2.1,6.0,4.1,32.3,34.0,42.0,37.4,3.0,4.1,3.0,4.0,38.6,37.4,5.1,9.3,21.0,25.5,26.5,32.0,3.0,4.1,9.2,9.1,7.0,7.1,23.2,26.0,23.2,21.2
1772963238.227921,11.3,8.9,17.0,13.1,26.5,45.5,2.0,7.1,10.1,3.1,4.1,4.1,31.0,26.0,16.2,19.4,12.1,15.3,32.7,35.9,36.6,32.0,25.0,40.6,5.9,5.0,5.1,7.1,21.8,33.0,35.4,32.0,5.0,4.0,4.0,1.0,39.8,41.4,11.1,20.2,38.0,40.2,20.0,17.2,2.0,3.0,6.1,10.1,5.1,9.0,14.0,15.0,20.2,19.2
1772963239.2313132,13.5,12.1,17.3,22.0,35.1,41.2,4.1,2.0,19.6,9.3,6.0,6.1,29.3,32.0,34.3,29.6,4.1,9.2,36.4,31.3,42.2,41.2,1.0,44.0,4.0,4.0,11.1,7.0,28.0,31.3,44.0,21.2,5.1,3.0,5.2,3.0,39.2,40.0,8.1,11.2,40.0,39.0,23.8,26.3,5.0,2.0,8.1,9.2,7.2,5.1,26.7,28.0,20.2,21.6
1772963240.2352839,13.1,9.1,15.8,17.3,35.6,37.6,3.0,3.0,7.1,6.1,5.0,2.0,26.0,28.7,25.5,29.6,10.1,17.0,32.7,34.0,35.3,38.8,35.6,42.0,4.0,6.0,11.0,6.1,31.0,32.0,57.8,23.0,5.2,5.0,4.0,3.0,37.4,43.4,2.0,3.0,41.2,40.6,17.0,19.0,3.0,3.0,8.1,9.0,6.0,8.0,16.2,18.0,17.0,22.0
1772963241.2355635,15.8,8.2,17.2,19.2,36.1,35.0,4.0,2.0,5.1,5.0,11.1,6.1,32.0,33.3,16.2,19.6,8.2,4.0,35.4,35.4,38.0,42.4,43.4,32.7,3.0,6.1,6.1,9.2,34.0,26.5,41.4,25.0,7.1,4.0,7.3,2.1,33.0,48.5,3.1,5.1,39.4,38.6,22.2,30.7,3.0,3.0,14.0,12.1,6.1,6.1,27.0,23.5,24.2,20.2
1772963242.2372336,11.2,9.0,12.2,10.2,43.0,30.7,4.0,3.0,16.0,3.1,4.1,4.0,22.0,31.7,25.5,17.0,14.1,14.3,33.0,32.3,35.3,32.0,37.6,45.0,5.0,4.0,6.1,6.0,24.2,24.0,30.0,28.0,5.1,3.0,5.1,3.0,39.4,39.4,1.0,4.0,30.0,31.3,20.8,15.0,4.0,3.0,4.0,8.1,6.0,7.1,14.0,13.1,17.2,13.1
1772963243.2391627,14.3,12.0,19.2,14.1,37.8,34.3,2.1,4.0,16.2,8.2,6.0,5.0,28.0,31.7,31.3,26.8,8.2,3.1,34.0,28.0,40.6,37.0,40.0,39.6,3.1,3.1,9.2,8.2,27.3,26.3,44.0,16.2,4.0,4.1,5.0,4.0,35.6,45.0,8.1,1.0,31.7,30.0,20.2,26.0,4.0,1.0,9.1,7.1,8.0,7.1,25.7,22.8,29.7,28.3
1772963244.239241,8.3,6.2,15.2,13.3,37.0,37.0,5.1,1.0,5.1,3.1,5.1,4.0,30.7,27.0,21.4,24.2,3.0,8.0,29.3,31.0,30.0,37.3,38.0,42.0,5.9,2.0,3.0,6.1,26.7,26.0,43.9,27.3,4.0,3.0,2.1,2.0,33.0,37.4,1.0,3.0,24.2,25.7,22.0,15.2,3.1,1.0,7.1,6.0,5.1,4.1,18.2,13.1,20.2,16.2
1772963245.2393696,10.4,14.0,16.2,20.2,46.0,27.7,5.0,2.0,2.0,2.0,3.0,3.0,25.0,30.0,11.0,13.0,10.0,9.1,28.3,26.5,36.6,35.6,6.1,34.0,2.0,3.0,7.0,3.0,30.0,25.0,52.0,29.4,4.0,2.0,5.0,7.0,37.4,36.0,3.0,4.0,21.0,20.4,25.5,23.2,7.0,3.0,8.0,8.9,6.0,6.1,8.1,7.1,15.0,19.0
1772963246.2413976,14.1,9.1,17.0,18.0,40.4,34.7,3.0,7.1,7.0,4.0,5.1,7.1,30.0,35.0,15.0,12.0,10.0,3.0,38.0,26.7,35.0,39.2,9.0,20.8,2.0,6.0,7.9,6.1,24.2,35.3,46.0,27.0,4.0,3.0,3.0,1.0,38.0,40.4,1.0,4.0,22.2,20.8,24.2,18.2,4.0,4.9,10.9,7.1,6.9,6.1,21.2,22.0,17.2,20.4
1772963247.2414725,14.3,8.2,22.4,15.2,49.5,22.4,6.1,3.0,15.6,9.2,7.1,8.1,35.0,32.3,30.9,28.3,18.4,9.2,30.3,37.8,40.0,36.6,25.0,26.5,4.1,3.1,8.2,8.1,32.0,25.5,28.9,33.3,6.1,6.0,4.0,3.1,40.4,37.0,3.0,2.1,30.3,27.6,23.2,27.7,4.0,1.0,9.2,11.1,8.0,7.1,21.8,19.2,23.5,23.0
1772963248.241555,13.3,8.1,13.1,15.6,28.9,40.2,4.0,2.0,16.8,12.4,4.0,5.1,23.8,30.7,31.6,35.1,4.1,9.1,30.3,32.3,33.0,37.3,43.0,17.2,4.0,5.0,9.1,7.1,30.0,24.2,43.4,34.3,6.0,2.0,3.0,3.0,40.0,41.0,4.0,4.0,31.7,31.3,23.2,15.3,4.0,3.0,8.0,8.1,6.1,6.9,22.0,22.2,20.0,18.4
1772963249.2416408,14.3,9.1,19.4,21.0,48.5,30.0,3.1,3.1,3.0,3.1,4.1,4.1,38.0,30.0,15.6,15.3,10.1,16.0,32.3,37.0,37.3,40.0,39.0,23.0,7.1,3.0,7.0,7.1,30.0,33.7,55.4,24.2,4.1,3.1,3.1,3.1,43.4,37.4,3.1,5.1,34.3,42.6,28.3,25.0,4.0,5.1,11.3,7.1,6.1,7.2,17.2,18.2,17.0,28.7
1772963250.2419803,15.0,8.2,18.2,22.4,34.7,38.6,7.0,4.0,5.2,3.1,5.1,6.0,34.0,33.0,20.4,16.3,4.0,8.2,41.0,35.4,39.6,43.1,30.7,37.0,5.1,5.1,9.2,7.1,27.3,36.4,31.0,22.8,7.1,3.1,5.1,4.1,39.0,44.0,3.1,3.1,40.0,40.0,34.0,19.4,4.0,5.1,11.0,9.2,9.1,8.0,17.3,22.0,24.0,23.5
1772963251.2420754,15.2,8.1,18.2,17.5,36.6,34.3,5.0,3.1,22.2,9.1,5.1,4.0,31.0,34.0,31.3,37.4,9.2,14.1,40.6,30.3,39.0,35.6,21.2,40.0,4.0,4.0,9.1,7.1,37.0,27.3,25.0,19.2,5.1,2.0,4.1,2.0,38.8,39.0,3.1,2.0,31.0,31.0,21.4,27.0,2.0,3.0,9.9,10.1,5.1,7.1,18.0,20.0,22.2,20.0
1772963252.2444086,13.0,10.9,14.1,19.0,34.3,41.6,7.1,1.0,5.1,12.1,5.0,5.1,34.0,33.7,32.7,23.7,14.0,3.0,32.7,36.0,38.2,41.7,28.0,38.4,5.0,3.0,8.1,6.0,30.0,26.7,38.6,22.0,4.0,2.0,3.1,1.0,34.7,43.4,5.0,3.0,31.0,30.7,21.0,18.8,2.0,2.0,8.1,8.0,6.1,6.1,22.0,19.2,23.0,14.0
1772963253.2444909,14.3,8.2,16.5,19.2,35.0,38.0,5.1,4.0,2.0,5.1,6.1,8.1,27.0,30.3,15.3,11.2,16.3,5.1,42.0,24.2,35.3,36.0,41.6,35.0,5.1,4.1,11.0,5.1,22.2,33.0,45.0,23.8,6.0,4.0,5.1,3.0,40.0,39.0,4.1,2.1,32.0,32.0,27.3,23.0,4.1,3.0,11.2,8.1,7.1,8.1,16.0,17.2,19.2,23.5
1772963254.2446804,12.4,9.1,20.2,18.0,48.5,29.0,4.1,4.1,5.1,8.2,6.1,4.1,29.7,30.0,20.6,21.2,4.0,12.1,38.0,31.3,41.6,38.0,41.4,35.6,4.0,5.9,6.1,8.1,34.0,28.3,43.4,32.0,6.2,1.0,4.0,2.0,38.0,41.0,5.1,2.1,28.7,29.3,23.0,24.5,2.0,5.1,8.1,10.2,7.1,8.1,24.8,26.7,21.4,21.2
1772963255.2483692,13.3,9.1,22.4,18.2,39.8,33.7,6.1,4.0,12.2,20.8,6.0,6.0,40.0,25.7,31.3,34.3,13.1,11.2,35.4,35.6,38.2,37.9,30.7,29.0,3.1,6.0,8.1,9.1,26.7,38.2,43.0,16.3,6.0,3.1,3.0,3.1,38.4,45.0,4.1,3.1,29.0,30.0,22.2,25.7,5.0,4.0,11.0,9.1,7.1,8.1,16.0,15.8,19.8,26.0
1772963256.2488177,14.7,12.0,20.0,19.6,31.6,45.5,4.1,1.0,11.0,8.2,6.1,5.1,37.4,29.0,28.3,24.2,6.1,11.2,35.0,29.3,37.0,38.6,30.0,39.6,5.9,4.0,7.1,11.1,28.3,32.7,54.5,26.7,3.1,5.1,4.0,3.0,41.0,39.0,22.2,19.4,32.0,30.3,24.0,30.0,3.0,3.1,10.2,13.9,7.1,9.9,28.6,25.3,29.0,17.0
1772963257.2495477,20.4,11.0,21.2,16.2,32.3,49.0,3.1,4.0,3.1,2.0,6.1,5.0,33.3,28.0,18.8,16.8,6.1,9.1,35.7,32.7,39.8,38.8,4.0,39.0,4.1,3.0,10.0,5.9,34.3,27.7,39.6,35.0,3.0,5.0,2.0,3.0,34.7,47.0,6.2,10.1,30.0,30.7,25.5,22.0,3.0,3.0,7.1,9.1,7.8,6.1,13.9,13.0,22.2,20.0
1772963258.2498639,17.0,9.3,20.6,19.4,25.5,41.4,6.1,2.0,4.2,13.1,6.1,3.1,30.6,34.3,15.5,22.7,19.2,3.0,39.4,39.4,40.0,40.4,28.0,33.0,7.1,3.1,10.1,7.2,28.3,35.4,34.0,29.0,3.1,7.1,5.0,3.1,35.7,45.5,17.3,7.2,30.3,32.3,26.5,24.5,2.0,4.1,11.0,11.2,6.2,8.2,21.0,22.8,22.2,21.6
1772963259.250591,16.0,10.2,23.2,21.2,40.0,43.4,5.9,10.0,16.3,14.3,5.1,8.0,33.0,36.0,32.3,29.9,15.2,11.1,40.0,36.0,45.1,39.2,22.2,40.4,7.0,5.1,7.1,8.1,31.0,35.0,30.3,38.0,3.0,5.2,2.0,7.1,37.4,40.0,14.0,12.0,43.0,39.0,21.0,32.7,4.0,4.1,9.2,11.9,9.0,8.2,18.4,19.6,21.4,27.0
1772963260.2510521,14.1,9.0,16.2,12.1,28.9,42.2,6.1,7.1,7.1,2.1,2.1,3.1,26.3,22.0,26.5,22.7,9.2,2.0,32.7,35.4,32.7,36.0,20.8,40.6,3.1,5.0,8.9,5.1,28.0,24.2,26.3,35.0,3.0,4.0,2.0,4.1,41.0,36.4,7.0,9.3,40.6,41.0,24.0,21.2,1.0,3.0,10.0,7.1,6.1,3.1,17.0,17.2,13.0,20.2
1772963261.251136,11.3,10.1,21.6,19.4,40.4,38.8,6.2,5.1,4.1,10.1,8.0,5.2,27.0,37.0,14.4,20.4,9.2,16.5,35.7,38.4,38.0,40.0,20.2,40.4,5.1,3.1,11.2,5.1,28.3,33.0,31.7,39.8,5.1,6.1,3.0,5.1,44.0,38.0,3.0,5.1,40.0,43.0,25.0,26.5,4.0,6.0,11.1,8.1,7.1,7.1,23.0,24.0,26.5,21.2
1772963262.255163,12.2,9.1,19.2,19.0,37.8,34.3,7.0,1.0,7.1,12.1,5.2,3.1,32.0,28.3,24.2,25.3,3.0,9.1,30.0,36.6,40.2,38.2,23.8,38.2,2.0,4.1,5.1,7.1,26.3,27.0,41.0,21.8,4.1,3.0,2.0,3.0,42.4,34.0,2.0,5.0,40.0,40.8,21.0,22.0,3.1,1.0,9.1,9.0,6.1,8.0,15.3,15.0,22.0,17.2
1772963263.2562914,11.3,9.1,22.2,21.2,39.8,39.6,3.1,2.0,14.3,11.1,5.1,4.0,39.6,32.7,27.6,34.0,7.1,3.1,29.7,36.4,42.6,41.0,25.3,35.4,5.9,4.0,8.0,6.1,32.0,35.0,36.0,40.4,4.0,3.1,3.0,4.0,37.0,35.7,6.1,9.2,32.0,33.3,27.0,29.0,1.0,5.1,9.2,10.1,6.1,7.1,21.0,24.2,17.2,17.0
1772963264.2626905,14.1,10.0,21.0,23.2,35.0,41.6,4.1,4.0,7.1,10.1,6.2,5.0,36.0,30.7,19.4,20.4,11.2,10.0,35.4,33.0,43.1,40.2,35.6,42.0,3.0,6.0,4.0,6.0,32.7,37.0,32.0,42.6,4.0,5.0,2.0,3.1,41.0,40.0,1.0,8.0,30.4,32.7,29.0,31.0,5.1,3.0,8.9,8.1,5.1,8.1,7.9,7.0,23.8,19.2
1772963265.2644458,14.9,10.2,28.6,27.3,47.5,33.0,5.9,4.1,3.1,3.1,10.0,5.1,38.6,36.0,14.0,12.4,15.3,6.1,41.4,33.3,40.6,38.2,42.0,40.0,5.1,5.1,11.0,6.1,34.0,31.0,33.0,48.0,4.0,6.0,3.1,4.1,45.9,33.3,7.1,3.0,31.0,31.0,32.7,26.0,3.1,3.0,11.2,11.0,7.9,8.2,19.2,18.4,23.5,29.0
1772963266.2657776,11.1,11.0,36.6,30.3,42.4,41.0,4.1,3.0,4.0,5.1,4.0,4.1,40.6,35.4,15.3,12.1,18.2,7.1,34.0,34.3,41.2,44.7,35.0,44.6,2.0,4.1,4.0,6.1,39.0,40.4,27.0,54.0,3.0,1.0,4.0,4.0,36.3,29.7,2.0,11.2,31.0,31.3,35.7,40.6,4.0,3.1,6.1,9.9,5.1,4.2,21.0,21.0,20.2,19.0
1772963267.2667744,14.1,10.0,22.2,19.2,36.4,40.0,7.1,2.0,5.1,7.1,4.1,6.0,38.6,29.7,30.6,27.3,11.9,7.1,36.6,34.0,37.6,40.6,25.0,28.6,3.1,9.0,7.1,6.0,32.0,35.6,32.3,45.0,3.1,4.0,3.1,7.1,38.1,38.0,1.0,32.0,22.2,25.0,23.2,29.0,3.0,3.1,9.2,8.2,8.1,8.9,6.1,5.2,17.3,22.2
1772963268.2698596,11.3,9.1,29.6,32.3,42.6,40.2,7.0,4.0,6.1,7.0,3.0,3.1,36.0,41.6,25.3,31.3,4.1,2.0,20.4,19.0,40.2,42.2,1.0,24.8,3.0,3.0,6.1,2.0,36.4,38.0,25.0,30.0,4.0,2.0,2.1,4.0,21.8,19.0,2.0,16.8,14.0,14.0,30.4,37.0,2.0,3.0,6.1,5.1,4.1,5.1,14.0,11.9,13.1,12.0
1772963269.2699432,13.9,9.1,29.3,33.7,42.0,38.4,8.1,1.0,13.3,12.1,6.1,5.0,38.6,39.6,13.1,14.1,3.1,3.0,26.7,28.3,39.6,41.2,3.0,1.0,6.1,5.0,5.0,4.0,36.6,33.0,23.0,38.4,4.1,3.0,3.0,3.0,29.6,26.0,3.0,24.2,12.0,13.1,33.3,36.0,5.0,3.0,9.0,12.9,5.1,5.1,27.0,28.0,21.0,18.4
1772963270.2704482,10.5,7.1,25.0,22.2,50.5,25.7,2.0,2.0,2.0,3.0,2.0,5.1,34.3,31.3,1.0,4.0,8.1,3.0,14.0,14.0,38.6,38.6,1.0,19.8,4.0,5.0,2.0,2.0,35.6,28.3,19.0,40.0,1.0,2.0,3.0,2.0,23.0,25.3,2.0,1.0,10.1,10.0,27.0,29.3,2.0,3.0,7.9,4.0,3.0,6.0,3.0,4.0,6.1,12.9
1772963271.270528,11.3,10.2,29.0,27.0,38.8,39.0,6.0,5.9,6.1,10.0,4.0,5.1,34.3,33.3,7.0,6.1,8.1,10.2,35.4,36.6,37.3,41.6,9.1,23.0,3.0,5.1,5.1,6.0,34.3,37.6,29.0,21.0,3.0,7.1,3.0,4.0,38.4,42.4,3.0,1.0,18.8,23.2,34.0,29.7,3.0,4.0,13.1,11.2,8.0,5.1,7.1,8.1,25.3,18.6
1772963272.2710264,13.1,7.1,17.3,13.1,44.4,27.0,4.0,2.1,6.2,2.0,4.1,5.0,26.7,27.0,20.4,22.2,6.1,8.0,37.4,30.0,39.6,35.6,40.0,36.6,4.0,4.0,10.2,6.1,25.0,26.5,12.2,28.0,4.0,4.1,4.0,2.0,38.4,40.0,2.1,3.0,22.0,22.0,21.0,14.3,4.0,5.1,8.2,7.0,6.1,5.1,21.4,23.8,22.4,15.3
1772963273.2716303,14.4,12.0,23.2,27.6,38.8,40.6,4.1,4.1,6.1,7.1,12.2,10.1,37.0,33.3,44.9,35.4,20.2,9.3,37.0,36.4,42.6,41.2,41.0,40.6,7.1,4.1,14.3,8.1,36.0,39.4,28.3,39.6,4.1,7.1,5.1,3.0,38.6,44.9,5.1,2.0,21.4,24.2,27.7,37.6,0.0,6.1,11.1,14.0,7.2,10.1,22.0,20.2,24.2,31.3
1772963274.2732322,11.1,11.1,22.0,21.0,34.7,37.4,5.9,4.0,15.6,18.6,6.9,5.1,32.3,37.0,25.3,24.5,11.1,3.1,30.0,43.0,37.3,42.6,40.0,41.0,5.1,4.0,9.9,6.1,37.4,30.3,41.6,21.2,5.0,6.0,6.1,4.1,45.5,35.6,6.2,2.0,32.3,40.6,26.5,25.3,3.0,5.1,11.0,9.3,6.1,8.2,24.0,22.2,24.0,20.0
1772963275.2748072,12.1,9.2,18.4,18.4,41.4,39.6,5.1,3.0,5.1,8.0,4.1,5.1,23.0,27.0,15.2,12.4,8.2,17.2,30.3,39.0,43.6,37.0,44.6,35.6,5.0,5.9,4.0,9.1,32.7,23.5,49.5,28.0,4.0,5.1,3.0,4.0,35.4,41.4,8.0,4.0,37.0,35.6,24.0,22.0,7.1,4.0,8.1,10.0,5.1,8.0,19.0,16.0,26.0,15.2
1772963276.2786455,9.4,10.0,17.2,16.0,31.0,42.6,2.0,3.0,3.0,4.0,4.0,5.1,28.0,31.7,22.4,24.2,1.0,3.0,35.4,33.7,38.8,36.9,41.6,37.6,3.0,5.1,7.1,9.1,30.0,23.5,60.4,20.0,2.0,5.1,5.1,2.0,41.0,42.4,3.1,3.0,31.7,30.7,21.0,25.3,2.0,4.0,11.1,7.1,9.1,4.1,18.2,15.8,23.2,17.3
1772963277.2799716,14.0,7.1,15.3,17.2,45.9,27.0,3.0,3.0,4.0,6.1,5.1,6.0,30.0,29.3,34.3,30.6,14.3,15.3,38.4,28.6,36.6,38.0,39.0,39.4,5.1,4.0,9.9,9.1,31.0,30.0,60.0,21.0,4.0,4.1,3.0,2.0,42.0,38.0,3.1,3.1,32.0,31.3,23.8,22.8,3.0,3.1,9.9,7.1,6.1,8.2,25.3,27.0,16.2,25.7
1772963278.2800581,12.5,6.1,14.1,21.2,33.0,41.0,2.1,4.0,17.5,18.6,6.1,7.3,33.3,32.0,26.5,23.5,3.1,5.1,30.3,34.7,36.6,41.2,36.0,36.0,5.1,4.0,12.1,7.1,29.3,33.0,49.0,29.3,6.1,3.0,2.0,3.0,37.0,36.7,2.1,4.1,30.3,32.0,21.4,23.2,5.1,5.0,10.3,7.1,6.1,9.0,14.0,15.3,20.2,20.4
1772963279.2858577,13.1,8.8,20.0,19.2,33.3,41.6,5.0,8.9,4.0,8.9,6.9,5.0,31.1,30.4,15.0,24.8,11.1,20.0,36.3,38.6,36.9,39.2,39.6,40.6,4.0,3.0,13.1,9.0,27.7,32.4,31.4,48.0,3.0,5.0,5.0,3.0,43.0,41.2,3.0,2.0,30.7,31.0,26.0,24.5,4.0,3.0,8.9,11.0,8.0,6.0,20.8,22.8,26.7,18.0
1772963280.2885146,13.1,11.1,20.2,17.5,37.8,36.0,4.1,5.2,3.1,2.1,5.1,8.1,34.3,31.0,23.7,30.6,10.1,3.1,37.4,37.4,39.6,43.1,46.0,36.0,4.1,5.1,8.1,13.1,34.3,29.3,32.3,47.5,3.1,3.1,2.1,4.1,37.8,40.2,16.3,9.3,41.4,40.0,24.0,28.0,4.1,4.1,9.1,9.1,7.1,8.1,20.0,21.4,19.0,24.2
1772963281.28861,13.4,9.1,21.2,20.2,40.8,40.0,7.1,1.0,8.1,8.1,5.2,5.1,36.0,34.0,34.7,20.8,14.1,11.1,40.8,29.9,38.6,40.6,11.1,37.6,6.1,5.1,8.1,7.1,34.3,27.3,36.4,40.0,6.1,4.1,2.0,3.1,41.0,38.0,15.5,22.2,40.6,40.0,25.3,27.6,1.0,3.1,13.3,8.2,7.1,8.1,23.0,22.0,24.0,26.3
1772963282.290016,16.0,10.9,19.0,20.0,30.0,31.7,2.0,5.9,10.4,24.2,5.0,4.1,32.7,23.2,23.0,22.2,3.1,3.1,33.3,35.6,35.6,39.6,3.1,12.0,3.1,4.0,6.1,7.0,29.7,27.0,40.0,32.0,5.0,5.1,2.0,4.1,41.4,41.6,18.2,4.1,40.0,41.0,23.2,20.0,3.0,4.0,10.0,9.1,8.1,5.1,11.2,12.1,23.0,19.2
1772963283.2923682,10.5,8.2,17.3,23.2,53.0,36.0,6.0,3.1,5.1,3.1,5.1,4.0,34.0,30.0,10.2,14.3,15.0,16.8,37.0,36.0,42.2,39.6,27.3,27.3,5.1,4.0,8.0,7.1,37.0,27.0,29.7,30.3,6.1,4.0,6.1,3.1,38.6,38.4,7.1,6.1,41.2,41.0,27.0,23.2,1.0,6.0,8.1,9.1,6.2,7.1,27.0,26.0,21.6,22.0
1772963284.2967153,14.1,10.9,21.0,19.2,40.8,32.7,4.1,7.1,4.0,9.1,7.1,4.0,26.0,34.0,22.2,23.0,2.1,2.1,34.7,35.4,40.2,38.2,40.2,41.0,4.0,5.1,5.1,7.1,33.0,33.0,25.0,45.5,4.0,4.1,3.1,4.0,41.4,38.0,2.0,15.2,40.0,40.6,24.0,26.0,4.0,2.0,11.0,11.0,7.1,8.0,14.1,17.0,20.2,23.2
1772963285.2981339,12.9,10.0,21.0,11.3,44.9,30.0,6.0,4.0,5.2,7.2,4.1,4.1,31.0,29.0,25.5,39.0,15.8,17.0,31.6,36.6,36.3,38.2,38.6,42.2,3.0,6.0,7.1,10.0,29.7,33.0,10.1,22.0,5.0,4.0,4.0,3.0,45.5,34.0,7.1,9.9,40.6,42.2,23.8,21.2,3.0,5.0,10.0,10.0,8.8,7.0,26.7,26.0,19.8,19.8
1772963286.3003535,15.2,9.2,19.4,24.5,46.5,26.0,4.1,3.0,14.4,17.2,6.1,4.1,32.7,37.3,30.6,24.7,5.1,2.1,33.7,37.0,42.6,41.6,44.1,38.0,4.0,7.0,10.9,9.2,33.0,34.3,29.0,30.3,4.0,9.1,4.1,3.0,41.4,40.4,4.0,2.1,38.0,37.4,30.3,23.0,4.1,3.1,10.1,10.1,5.2,7.2,17.8,17.2,26.5,22.4
1772963287.3007452,16.7,11.2,19.6,19.0,48.5,32.7,5.1,3.0,10.1,5.0,5.1,5.1,27.3,34.3,20.4,17.5,22.4,10.2,38.6,31.6,40.6,35.6,40.4,40.6,5.9,6.1,7.1,9.2,32.3,31.0,24.5,55.4,2.0,7.1,4.0,5.1,43.0,38.6,6.1,4.0,29.3,29.7,29.0,22.2,3.1,2.0,9.2,10.0,8.0,8.0,22.0,26.0,21.4,24.5
1772963288.30355,12.2,6.1,17.2,15.0,36.7,32.3,3.1,2.0,4.0,3.1,3.0,6.1,27.7,24.5,18.2,22.4,3.1,3.0,34.0,32.7,32.7,34.7,40.2,29.3,4.0,3.0,7.9,6.1,23.0,29.3,20.8,60.0,4.0,8.0,3.0,4.1,36.0,43.0,4.0,5.1,21.0,22.2,24.0,18.0,3.0,5.1,8.2,6.1,5.1,6.1,17.0,16.0,17.8,19.8
1772963289.3036246,13.3,9.1,24.5,21.2,40.0,38.6,5.0,5.0,7.3,5.2,4.1,6.0,39.4,27.0,28.3,27.3,11.0,17.2,37.0,33.3,42.6,40.2,28.6,31.3,4.1,3.0,7.2,5.1,40.0,30.3,21.0,61.0,6.0,4.0,5.1,4.1,40.0,39.4,5.0,4.0,21.8,22.0,28.3,25.0,3.1,3.0,13.0,8.2,7.1,8.1,17.3,17.5,21.2,24.2
1772963290.3051767,15.8,10.9,21.4,21.2,35.1,41.0,4.1,4.0,22.8,11.2,8.1,4.1,35.6,30.0,23.5,26.5,4.1,5.2,34.3,37.4,38.8,41.2,33.0,26.0,5.0,4.0,9.1,7.1,29.3,32.0,31.0,48.0,5.1,7.1,4.0,5.1,39.4,40.0,4.1,4.0,22.8,23.0,22.4,30.0,2.0,2.0,14.3,8.1,6.2,7.1,19.8,22.0,26.0,21.2
1772963291.3052619,15.0,8.2,19.2,22.4,34.3,38.6,7.1,3.1,4.1,13.0,10.1,9.0,31.7,33.3,18.6,22.4,16.0,13.3,31.6,36.0,38.6,38.0,32.7,29.0,6.1,5.1,7.1,6.1,29.7,30.0,46.5,32.3,5.0,2.0,2.0,3.0,37.4,42.4,4.0,2.0,23.2,24.0,24.0,24.0,3.1,3.1,9.1,11.8,7.1,7.1,18.2,20.0,22.2,23.0
1772963292.3081903,12.4,7.1,16.2,14.1,30.0,42.6,5.1,5.0,4.0,2.0,7.0,6.1,34.3,26.7,23.0,24.2,6.1,4.0,39.0,30.7,38.2,32.7,35.4,9.1,6.9,5.0,8.9,5.1,27.0,29.4,45.0,29.0,5.1,3.1,2.0,3.0,45.0,36.6,3.0,3.0,27.0,24.5,21.0,21.2,5.0,3.0,9.0,9.0,7.1,5.1,22.0,19.0,14.1,20.0
1772963293.3084888,11.2,9.1,14.3,16.3,32.7,41.0,4.1,3.0,7.1,2.0,4.1,4.0,25.0,31.0,22.4,24.7,8.2,9.1,37.4,32.3,36.0,39.2,12.0,22.2,7.1,8.0,6.1,5.1,28.3,26.7,41.8,38.0,4.0,5.0,4.0,5.0,39.0,41.4,3.1,5.1,32.7,32.0,20.0,24.0,3.1,4.0,6.1,8.0,6.1,6.0,16.2,18.2,25.0,16.2
1772963294.31118,14.3,9.9,19.4,20.2,28.0,47.5,5.0,2.0,18.2,14.3,5.1,4.0,25.7,36.6,18.6,29.3,9.1,9.1,37.0,27.7,38.8,39.2,36.0,31.7,5.1,4.0,9.1,10.0,27.0,33.0,41.6,38.0,3.1,3.0,4.0,6.1,42.4,36.0,3.1,3.0,31.7,32.0,21.8,27.7,3.0,2.0,9.0,10.0,5.1,7.1,22.2,22.0,17.2,20.2
1772963295.3112626,15.2,12.2,26.5,25.3,36.1,40.0,2.1,3.1,10.2,5.1,5.2,6.1,31.3,37.4,25.3,23.5,9.3,9.3,41.4,31.6,37.6,42.0,30.0,40.4,7.2,5.1,10.3,7.1,35.7,29.3,32.3,47.5,8.0,4.1,3.1,5.1,36.0,43.4,3.1,7.0,38.6,32.3,22.4,29.6,3.1,3.1,12.0,16.3,8.1,7.3,24.0,21.2,26.8,25.5
1772963296.3130069,11.3,10.1,18.2,18.2,34.7,42.2,6.1,3.0,4.0,4.0,4.1,5.0,33.7,34.7,24.2,22.4,16.2,6.0,36.4,35.0,40.2,39.6,20.4,43.1,8.0,4.0,8.0,8.1,31.4,30.0,17.8,23.2,5.1,4.0,3.1,3.1,45.0,37.0,5.1,4.1,33.3,35.6,18.8,27.0,5.0,4.0,10.1,7.1,6.1,9.0,18.2,20.2,23.0,20.8
1772963297.3156285,14.3,14.9,21.4,23.0,34.0,39.6,6.9,3.0,4.1,4.1,4.0,5.2,35.0,29.0,20.4,25.5,12.4,3.1,44.0,32.0,37.0,41.2,43.6,19.8,7.0,2.0,7.0,8.0,31.0,35.0,21.4,18.0,2.0,6.1,2.0,6.0,39.0,36.0,3.0,4.0,30.7,31.0,30.0,26.0,2.0,4.1,10.0,9.0,6.1,7.1,21.0,24.0,29.7,21.4
1772963298.3174236,9.3,10.0,18.2,18.2,40.4,31.3,4.0,3.0,18.6,15.0,5.1,4.1,29.0,31.0,22.2,28.0,17.0,6.1,37.0,33.0,39.2,43.3,42.6,28.0,9.1,4.0,7.1,8.0,23.0,29.3,42.6,29.3,4.1,6.0,2.0,5.1,35.0,46.0,5.1,2.1,31.0,31.7,23.8,21.8,5.1,1.0,9.2,8.1,8.0,8.0,18.2,15.2,20.4,25.0
1772963299.3194742,15.3,12.0,22.4,18.2,45.5,33.0,4.1,2.1,6.1,9.3,5.2,6.0,33.7,39.0,24.5,23.7,4.1,9.2,34.3,38.0,38.0,40.4,42.0,39.0,5.1,6.0,7.1,7.1,29.3,33.3,40.0,39.4,5.9,6.1,4.0,2.0,39.4,41.4,3.1,2.1,30.6,31.3,27.0,28.0,5.1,2.0,10.1,11.1,7.1,8.1,29.7,25.0,22.2,22.7
1772963300.3199384,16.5,10.0,21.2,23.2,28.6,48.5,4.0,3.0,5.1,2.0,5.0,6.1,29.0,31.0,23.5,21.2,8.2,15.2,37.0,36.4,40.2,37.3,38.6,42.6,5.1,3.1,8.2,7.1,40.2,31.0,42.0,25.7,3.1,5.1,3.1,4.0,42.4,36.0,3.1,6.0,33.3,31.0,26.3,29.6,6.1,2.0,13.1,11.1,8.2,6.1,12.1,12.1,23.0,24.2
1772963301.3200219,15.2,8.2,26.3,27.6,44.0,36.4,4.1,3.1,8.2,6.0,4.1,6.1,35.4,38.0,20.2,26.5,3.0,9.3,32.3,37.4,41.6,40.2,39.0,40.4,4.0,6.1,4.0,10.3,34.3,35.0,42.0,23.2,8.2,3.0,3.0,4.0,36.4,37.0,17.3,21.2,42.0,37.6,24.8,30.7,5.1,3.0,8.9,11.2,9.0,8.1,28.0,24.2,25.3,24.2
1772963302.3224373,13.1,13.7,21.2,18.0,37.6,35.6,5.9,5.0,11.5,19.4,4.1,6.1,35.6,32.7,27.3,30.0,8.2,16.2,26.3,45.0,37.3,41.6,37.0,45.0,5.0,6.1,7.1,10.9,28.0,30.0,60.4,21.8,5.1,3.0,4.0,3.0,41.2,43.0,21.2,15.3,41.6,41.0,24.2,25.7,3.1,4.0,5.2,11.2,6.1,9.1,16.0,18.2,24.2,15.5
1772963303.3227625,15.8,8.2,13.1,23.2,44.4,35.0,6.1,3.0,7.1,8.1,6.9,2.1,22.2,35.0,18.6,23.7,9.2,3.1,36.6,28.6,41.2,34.0,36.4,43.0,2.0,5.0,5.1,8.1,26.3,30.3,53.0,28.3,3.1,5.1,6.1,4.1,38.4,42.4,8.3,9.1,40.4,40.0,26.3,21.2,4.0,2.0,7.1,9.9,6.9,7.1,28.3,23.0,19.2,22.0
1772963304.3239293,13.5,4.1,17.3,16.3,43.9,28.0,3.1,2.0,4.1,3.1,4.1,6.0,34.0,26.0,18.2,21.2,15.2,9.2,36.4,28.0,38.0,35.3,29.3,31.3,3.0,5.1,5.1,10.0,30.0,27.0,35.4,40.0,6.1,3.0,3.1,3.1,40.0,38.4,3.0,7.0,43.0,40.6,27.0,21.2,5.2,1.0,10.9,13.3,5.1,5.2,13.3,15.2,22.2,23.8
1772963305.3251774,15.3,7.1,17.3,20.2,36.4,39.6,6.1,3.0,6.1,10.3,4.1,3.1,34.7,32.0,22.2,21.4,7.0,5.0,31.0,38.6,40.0,41.6,30.0,29.4,4.0,5.0,9.1,6.1,28.0,39.6,39.0,41.0,6.1,2.0,4.0,5.1,42.4,37.3,13.1,3.1,38.6,38.0,29.3,22.0,4.0,4.0,10.2,9.1,4.0,9.0,17.6,17.2,23.0,18.0
1772963306.3265398,15.2,11.1,19.0,15.5,35.7,38.6,4.0,3.0,16.3,15.5,5.1,5.1,32.0,30.0,28.6,29.6,14.3,16.2,31.6,39.0,37.9,42.2,34.0,31.6,4.0,6.1,10.1,6.2,33.0,33.3,39.0,42.4,5.1,4.1,2.1,4.0,39.4,40.8,14.3,6.2,27.0,27.0,22.0,24.0,3.1,3.1,8.1,11.9,8.1,7.1,24.5,24.8,25.5,19.4
1772963307.3280087,11.3,9.1,20.4,18.0,37.8,37.0,3.1,4.1,8.2,4.1,4.0,6.1,31.0,29.0,25.3,19.4,6.1,4.0,36.0,33.0,37.0,40.0,40.0,27.0,4.0,4.0,6.1,9.0,28.3,31.0,46.5,32.7,2.0,5.0,2.1,3.0,41.0,39.2,5.0,2.0,22.0,20.2,22.2,27.7,5.0,2.0,8.1,9.2,8.0,7.1,18.0,16.2,20.8,25.7
1772963308.3280966,13.3,9.0,16.3,17.5,45.0,32.0,4.0,2.0,4.0,4.0,6.0,3.1,32.0,32.0,19.4,20.2,6.1,8.2,35.0,32.3,40.6,37.3,39.6,6.0,5.0,4.0,4.0,5.1,32.0,28.0,21.4,21.0,6.0,3.0,6.0,2.0,39.0,39.4,1.0,3.1,22.0,22.8,20.2,24.5,3.1,2.0,7.1,10.1,5.1,8.0,20.0,20.0,20.4,21.2
1772963309.3293912,16.3,12.0,21.4,24.0,49.0,24.2,4.1,3.1,4.2,8.2,3.1,8.9,33.0,34.7,21.2,17.3,10.1,11.1,41.0,29.3,37.6,37.6,39.0,17.2,5.1,6.0,10.1,8.2,29.0,36.4,14.1,14.0,6.1,3.1,3.1,5.2,41.6,41.4,3.0,3.0,21.2,22.2,26.0,26.7,5.1,3.0,17.2,14.9,8.2,7.2,19.8,19.4,25.7,24.0
1772963310.329463,14.7,14.1,17.2,30.6,46.5,36.6,6.9,3.1,21.4,9.2,6.1,6.1,39.2,33.7,28.3,32.3,13.3,12.2,41.0,38.4,41.0,42.6,44.0,39.2,4.1,5.1,9.2,8.2,35.6,31.0,23.2,53.5,5.0,5.1,4.0,6.0,40.4,40.0,3.0,4.0,29.0,38.0,29.7,33.3,5.1,3.0,10.2,13.1,8.2,10.0,25.5,22.2,25.0,26.5
1772963311.3295488,14.4,14.1,19.4,22.0,45.0,31.0,4.0,3.1,9.0,5.1,4.1,6.1,37.0,29.3,29.6,29.3,8.1,9.1,41.0,29.3,38.2,39.6,44.0,36.0,4.0,6.2,9.2,8.0,34.0,33.3,21.0,60.4,2.1,6.1,3.0,4.0,39.4,38.4,3.0,6.1,40.0,41.0,24.5,25.0,5.0,3.1,9.1,9.1,7.1,7.2,17.2,18.2,26.8,25.3
1772963312.3316991,15.7,8.1,19.8,13.3,35.4,42.6,6.0,3.0,4.1,5.0,8.9,5.1,31.0,29.7,16.2,19.2,16.0,10.2,26.0,39.0,37.3,43.1,30.4,46.5,4.0,5.9,8.0,7.1,31.0,27.0,20.0,60.4,6.9,5.1,1.0,2.0,31.7,48.0,3.0,6.1,38.6,40.6,21.8,20.8,1.0,3.0,5.0,11.9,6.0,8.0,20.2,23.0,20.0,21.2
1772963313.3317697,13.4,8.2,18.4,17.2,35.1,34.0,3.1,3.1,20.6,5.2,5.1,5.1,38.4,26.3,29.6,16.5,3.1,10.1,33.0,32.0,36.0,36.0,38.4,42.4,5.1,6.1,9.1,8.1,24.2,31.0,17.2,58.0,4.1,4.0,4.0,6.1,40.8,37.0,1.0,6.1,31.3,34.7,26.0,19.4,4.0,2.1,11.2,6.1,4.2,3.1,15.5,18.0,20.0,18.0
1772963314.3318448,13.3,8.0,20.4,15.3,35.4,39.6,7.0,4.0,8.2,14.3,4.1,4.0,29.3,32.3,27.6,28.6,12.2,16.3,32.0,38.8,43.7,39.2,37.0,38.6,3.1,4.1,7.1,6.1,30.0,29.0,24.2,38.0,3.1,4.1,5.1,3.1,38.0,41.4,5.1,4.0,30.3,31.0,27.3,30.3,4.1,3.0,11.1,10.1,8.9,7.1,22.0,23.0,23.2,25.5
1772963315.3330445,16.0,11.1,22.7,19.0,34.7,45.5,5.2,9.1,6.0,5.1,5.1,6.1,33.0,30.3,23.2,18.4,5.1,6.0,41.2,35.4,40.6,43.1,30.0,29.3,4.0,5.0,7.0,7.0,31.0,25.3,28.7,41.0,5.9,4.0,3.1,3.0,42.0,39.4,6.1,2.1,31.7,32.0,22.2,22.8,3.0,2.0,9.1,9.9,6.1,8.0,14.0,16.0,19.2,24.0
1772963316.3376033,16.7,10.0,24.0,21.2,41.8,32.0,5.0,4.0,6.1,11.2,6.1,5.1,33.0,34.3,14.3,22.2,13.3,15.2,36.0,36.3,39.2,42.7,38.6,27.3,5.1,5.9,5.2,10.0,33.3,37.6,22.0,39.0,3.1,4.0,4.0,5.0,41.6,40.6,3.1,6.1,30.7,32.0,27.7,27.7,4.0,5.0,9.0,9.3,5.1,6.1,23.0,25.0,22.8,24.0
1772963317.3376863,13.3,8.2,18.4,17.5,40.8,34.0,5.2,2.0,10.4,22.2,6.1,5.1,28.0,31.0,31.3,31.6,8.2,4.0,35.4,35.4,39.0,38.6,20.2,22.0,3.1,5.2,9.0,6.1,25.3,29.6,30.3,30.6,5.0,5.1,2.1,2.0,40.0,33.7,4.0,5.1,28.0,31.3,24.0,22.4,2.0,2.0,8.1,13.1,9.1,9.1,16.0,16.2,25.0,17.3
1772963318.338541,14.1,9.1,23.0,24.2,37.8,34.7,6.0,2.0,10.2,7.0,5.0,11.1,32.3,37.3,32.7,29.6,3.1,16.3,38.0,31.0,40.6,38.2,24.0,35.0,5.0,5.1,7.1,7.1,39.2,30.7,32.0,29.7,3.0,4.0,5.1,3.1,37.0,46.1,3.1,5.1,30.0,33.0,29.3,30.7,4.0,6.9,10.1,11.2,9.0,10.0,21.0,21.2,21.2,26.5
1772963319.344632,16.8,11.9,22.8,21.4,48.5,34.7,4.0,4.0,5.0,3.0,4.1,5.0,33.3,34.3,17.3,17.2,11.0,8.1,35.4,37.0,44.1,39.0,35.0,24.8,3.0,5.0,5.1,9.9,33.0,30.0,29.0,32.0,5.1,3.0,3.0,3.0,41.0,37.4,5.1,3.1,34.0,30.7,18.8,29.0,3.1,3.0,10.0,11.8,7.1,5.2,21.2,19.6,18.0,30.7
1772963320.3459833,11.5,7.1,20.8,19.2,37.8,38.0,5.1,2.0,3.1,4.1,3.1,4.1,34.7,34.0,16.2,14.9,5.1,13.3,37.0,33.3,39.2,39.2,22.0,20.2,5.1,2.1,9.9,4.0,32.3,35.0,30.7,17.2,4.0,3.1,3.1,2.0,37.0,39.0,6.1,3.0,29.0,31.6,27.3,27.6,4.0,2.0,7.9,11.2,5.1,7.1,13.1,16.3,20.2,21.2
1772963321.348031,13.3,7.0,20.0,19.0,36.0,42.2,2.0,4.0,10.2,7.1,5.0,5.0,23.2,36.6,32.0,23.7,9.1,10.1,32.0,37.0,38.8,43.3,44.1,21.6,4.0,5.0,6.9,7.1,29.1,32.0,37.6,23.8,3.9,5.0,6.0,3.0,40.6,44.1,9.2,7.1,31.4,31.7,25.7,25.5,1.0,6.1,10.9,8.9,7.0,6.0,22.5,21.0,27.0,15.2
1772963322.3487744,12.2,8.2,16.7,17.7,39.8,36.4,2.1,4.2,11.2,12.4,4.1,4.1,29.3,31.3,27.6,23.5,9.3,10.1,33.3,35.4,37.6,38.4,46.5,33.3,3.1,3.1,7.1,6.1,32.7,29.0,31.6,19.4,2.1,3.1,2.0,6.1,37.1,40.2,13.4,17.3,37.8,37.4,23.5,24.5,2.1,3.1,7.1,9.2,5.2,7.1,14.3,15.3,21.2,18.6
1772963323.3495946,15.8,8.1,16.0,17.2,40.6,34.7,5.0,5.0,6.1,6.1,5.0,4.0,29.0,28.3,22.0,17.3,10.1,10.1,29.4,35.4,36.6,38.8,46.5,30.7,5.1,4.0,10.1,7.0,27.0,24.2,39.6,8.1,7.0,6.1,3.1,5.1,37.9,43.0,19.4,25.0,36.0,34.3,19.8,21.8,4.0,1.0,9.1,6.1,6.0,6.1,19.2,20.8,19.2,20.8
1772963324.350345,11.6,8.1,16.5,21.0,43.9,34.0,3.0,4.1,3.1,5.1,4.1,5.1,31.7,30.4,20.4,16.5,3.1,3.1,42.4,30.3,37.6,36.0,40.0,28.3,6.1,3.1,6.2,7.1,27.3,36.4,28.0,22.0,4.1,4.0,4.1,4.1,41.8,37.0,7.1,5.2,31.7,30.3,25.3,27.3,5.0,3.1,9.3,9.1,5.2,7.1,24.2,19.2,22.4,23.2
1772963325.3508508,15.7,11.0,29.0,24.2,37.1,42.0,5.0,4.1,4.1,10.3,6.1,3.1,38.0,26.3,25.5,25.3,11.2,11.2,37.0,33.0,39.6,39.0,26.0,39.0,7.0,4.0,8.0,8.9,31.0,30.7,21.2,21.2,3.0,5.1,5.0,4.0,39.0,42.6,3.0,3.1,31.3,31.0,23.2,30.0,3.1,4.0,9.0,10.2,8.0,7.1,19.0,18.4,23.2,20.4
1772963326.3560205,12.2,11.1,26.3,19.2,28.0,47.5,5.0,5.1,10.2,14.3,6.1,5.1,41.0,27.3,29.3,25.5,7.1,8.2,37.4,38.0,41.6,40.2,39.0,34.0,8.1,8.2,9.1,11.1,39.0,30.0,38.6,33.7,4.1,6.1,4.1,5.0,45.0,35.4,7.0,8.1,26.0,24.8,29.0,23.8,3.1,4.0,8.1,16.8,7.1,8.1,22.8,25.0,23.0,23.0
1772963327.3561027,13.0,14.1,24.2,24.2,37.8,40.6,3.1,5.1,8.1,11.0,4.1,5.1,29.3,38.0,23.2,21.1,10.2,13.0,43.0,32.0,40.2,40.6,45.0,17.0,6.1,5.1,10.2,10.1,38.4,27.6,60.0,20.2,4.1,4.1,6.1,2.0,38.0,41.4,8.2,16.3,21.8,21.2,27.7,27.3,6.9,3.0,14.0,9.2,7.1,8.0,18.0,17.2,26.3,23.2
1772963328.3613722,12.6,12.1,20.0,21.2,38.1,41.7,5.0,6.0,10.1,7.1,5.9,6.0,30.4,30.7,18.4,25.3,13.1,14.9,33.0,42.6,43.1,40.2,40.6,26.7,6.0,4.0,9.0,8.0,31.4,34.7,48.5,31.7,6.9,4.0,4.1,3.0,44.6,36.4,4.0,4.0,32.0,25.7,27.7,26.7,6.0,3.0,11.0,8.1,8.9,7.1,23.0,22.8,22.8,24.0
1772963329.3619475,13.0,12.1,20.8,18.4,33.0,38.6,6.0,3.0,17.0,14.3,8.0,8.2,29.3,34.0,31.6,26.5,11.0,10.3,33.0,34.7,38.6,39.8,46.5,14.3,5.0,5.1,6.1,7.1,32.3,39.0,46.5,35.6,6.1,6.1,6.1,4.1,44.0,35.0,5.1,4.0,32.0,31.3,25.0,27.0,4.1,2.0,11.0,11.0,7.2,8.0,16.2,19.4,27.0,22.0
1772963330.3628652,12.2,10.1,22.0,14.1,32.0,42.6,4.1,1.0,5.2,5.2,5.1,4.0,35.0,32.7,31.6,22.4,8.2,9.1,36.0,36.4,40.2,36.0,38.0,44.6,4.0,4.1,9.1,9.0,29.0,34.0,48.5,31.7,10.1,4.0,6.1,6.9,43.3,40.0,3.1,4.0,36.6,38.2,20.2,23.5,6.0,5.0,12.1,8.2,7.1,5.1,23.8,24.0,21.8,19.2
1772963331.365563,13.3,10.1,21.4,22.0,34.3,43.0,3.1,3.0,11.1,4.1,3.1,7.0,35.6,31.0,18.2,22.2,9.0,12.0,35.4,38.0,38.2,39.6,32.0,49.5,3.1,5.1,8.0,6.1,32.0,34.0,50.5,31.0,12.0,5.1,3.0,2.1,34.7,43.0,3.1,3.0,41.0,40.0,29.0,27.0,6.1,2.0,12.0,9.2,7.0,10.0,19.2,17.2,24.7,22.4
1772963332.367379,14.4,10.2,20.2,21.2,41.7,37.0,5.1,5.1,7.2,7.2,4.1,4.1,27.6,35.0,19.4,22.7,9.3,8.2,36.4,35.0,39.2,39.6,35.6,44.0,5.1,6.0,6.1,7.1,35.0,33.0,36.4,17.2,4.0,4.1,2.0,7.1,37.8,42.0,3.1,3.1,40.4,39.4,26.0,24.2,2.1,3.1,7.2,10.1,6.2,8.1,24.2,22.2,25.0,24.8
1772963333.368695,12.2,14.1,21.2,25.5,37.0,37.6,8.1,2.1,18.2,7.2,7.0,4.1,33.7,33.7,25.5,28.6,10.0,12.0,36.4,35.4,38.6,42.2,42.9,29.3,8.8,3.0,8.2,7.1,33.3,32.3,22.4,27.0,3.1,6.9,3.1,5.1,41.6,37.4,8.2,5.0,42.0,41.0,24.5,28.0,5.1,4.0,9.1,8.1,8.1,8.0,17.2,16.5,28.3,19.4
1772963334.3707974,13.3,10.0,25.5,20.2,37.4,36.4,7.0,3.0,8.2,4.1,5.1,8.0,24.0,36.0,26.5,24.7,9.2,8.2,37.0,34.3,39.6,40.6,33.3,29.7,4.1,3.1,9.0,8.1,29.7,31.0,35.0,24.0,4.0,5.1,6.1,2.0,40.4,41.6,8.2,2.0,39.0,37.0,31.7,22.0,4.0,1.0,9.1,10.1,8.1,6.1,22.8,22.8,20.2,23.8
1772963335.3711236,11.5,9.1,15.8,14.3,43.3,33.3,9.1,3.0,6.1,6.1,5.0,4.1,32.7,29.0,17.2,23.0,10.1,11.1,35.0,35.4,40.2,37.6,37.4,31.0,5.1,3.0,8.1,8.2,27.3,30.4,34.0,35.0,4.0,4.0,4.1,7.1,40.0,39.4,5.1,4.0,31.0,32.7,16.2,23.2,5.0,4.0,8.2,8.9,7.1,5.1,16.0,14.1,21.8,18.2
1772963336.3714561,12.2,11.1,19.4,21.2,32.3,49.0,3.1,5.2,12.1,4.1,4.1,7.1,29.0,33.7,24.2,21.6,8.1,11.2,32.0,41.0,39.0,41.2,24.2,19.4,4.1,5.0,8.0,7.1,33.7,34.3,39.0,41.4,7.1,4.1,4.0,6.1,39.4,38.4,5.0,2.1,34.3,31.0,28.3,27.3,5.1,3.1,14.1,10.1,8.1,7.1,28.0,25.0,19.4,24.5
1772963337.3739548,12.2,7.1,20.0,20.4,37.0,34.7,5.1,3.0,10.2,16.2,5.1,6.1,32.7,37.4,29.6,24.2,12.1,9.2,38.0,37.3,41.7,38.6,7.1,37.6,5.0,3.0,7.1,5.9,33.3,28.6,24.2,41.2,5.1,1.0,7.1,4.1,39.6,41.6,2.1,7.0,32.0,31.3,25.0,22.0,7.1,1.0,12.9,8.2,7.0,6.1,16.2,17.2,22.0,22.2
1772963338.3740294,13.0,9.1,15.2,16.2,32.3,40.6,2.1,2.0,9.1,5.1,6.1,4.0,31.3,29.0,30.7,17.3,3.1,14.1,33.3,32.7,35.6,39.2,8.1,40.6,5.1,4.0,9.0,6.1,30.3,25.7,28.3,39.8,4.0,3.0,4.0,6.0,40.8,36.7,2.1,6.1,29.0,30.0,24.2,25.0,3.1,1.0,7.1,9.0,12.2,7.1,22.2,21.0,21.0,18.2
1772963339.383862,14.4,11.9,21.2,27.5,27.3,48.5,4.0,3.0,6.1,3.0,7.0,3.0,36.3,31.7,22.2,19.0,5.9,4.0,39.4,37.3,41.2,37.3,20.8,40.2,3.0,3.0,8.0,5.0,32.7,33.0,41.2,41.7,5.1,5.0,2.0,5.1,40.0,42.2,7.1,3.1,27.3,33.7,29.4,25.7,3.9,4.0,10.0,10.0,8.8,8.1,15.8,13.1,21.8,25.7
1772963340.3902335,13.1,7.1,19.2,13.4,44.4,29.4,2.0,2.0,4.0,8.0,6.0,4.0,29.0,27.0,18.4,21.2,10.3,9.1,37.0,29.3,39.2,36.6,20.8,41.2,3.0,5.0,6.1,6.1,28.3,29.0,42.0,37.0,3.0,2.0,1.0,3.0,43.0,36.6,2.0,3.0,30.0,30.0,16.2,25.3,3.0,3.0,6.1,8.2,5.1,8.0,18.0,19.2,23.2,17.3
1772963341.3922832,10.4,10.0,25.3,19.2,36.7,39.0,4.1,4.0,9.1,8.1,5.1,5.1,25.3,42.6,28.6,28.3,9.0,10.1,42.0,31.3,39.6,42.7,51.0,29.3,5.9,6.0,7.1,6.1,32.0,32.0,50.0,28.3,6.1,2.0,5.0,1.0,40.4,38.0,3.1,8.1,28.0,28.0,29.4,32.0,2.0,5.1,9.9,12.0,5.2,7.1,18.8,19.8,19.2,25.3
1772963342.3953283,14.1,8.2,23.2,18.2,27.7,48.5,4.0,6.1,10.0,10.2,5.1,4.0,31.7,30.0,20.8,27.8,8.2,9.1,32.7,36.0,36.3,40.6,41.6,37.6,5.1,5.0,8.8,7.1,35.6,35.3,53.0,26.7,5.9,4.0,4.1,3.0,41.6,39.0,5.1,6.2,21.0,22.8,26.7,27.0,2.0,9.0,10.0,10.0,7.0,7.0,14.1,17.2,21.0,24.0
1772963343.3983676,12.2,10.0,20.2,19.6,38.0,39.0,4.0,8.0,3.1,12.1,6.0,4.0,28.0,35.0,23.2,19.4,11.0,9.2,38.4,34.3,39.2,39.0,42.0,37.4,4.1,5.1,7.1,10.0,27.0,32.3,49.0,30.0,3.1,4.1,3.0,5.1,44.4,37.0,18.2,7.1,24.0,21.2,23.2,28.0,3.0,2.1,11.1,8.2,6.1,6.1,22.2,22.0,17.3,26.0
1772963344.4003477,14.9,8.1,23.2,20.4,41.4,30.3,3.1,5.1,5.1,3.1,6.0,5.1,29.3,33.7,18.4,23.2,9.3,8.2,41.0,32.0,40.0,39.6,31.3,35.4,5.1,6.0,7.1,8.2,32.3,28.0,38.4,33.3,3.1,4.1,4.1,4.1,37.0,45.0,25.5,18.6,32.0,31.3,27.3,27.0,2.0,6.1,9.0,11.2,6.1,8.2,17.8,20.0,20.2,26.3
1772963345.4004138,12.2,11.1,15.3,19.4,37.4,31.7,5.9,1.0,6.1,9.2,5.2,4.0,30.0,26.3,27.6,23.5,10.1,10.1,37.8,34.7,37.3,39.2,29.0,29.0,5.1,4.0,6.1,9.0,28.7,34.0,20.0,19.2,7.0,4.0,5.1,4.0,39.6,39.4,12.1,12.4,32.0,30.0,19.0,20.2,4.0,3.0,8.1,7.2,7.9,6.1,20.0,22.2,19.4,20.2
1772963346.402316,14.1,7.1,19.4,19.8,33.7,43.4,3.1,9.1,15.3,8.2,7.1,9.1,30.7,31.0,23.5,24.5,10.1,9.2,33.7,43.0,38.6,40.6,27.3,29.7,6.1,3.0,11.0,8.1,30.6,27.3,16.2,9.2,4.0,3.0,5.0,2.0,35.7,43.4,5.1,4.0,29.0,31.0,23.2,29.0,4.1,2.0,7.1,10.1,6.1,6.1,15.2,17.2,19.8,22.8
1772963347.4054613,14.3,8.1,20.2,18.4,36.7,41.7,5.1,9.0,4.0,11.1,5.1,5.1,30.3,34.0,22.2,23.2,9.2,9.1,36.4,36.6,38.6,41.6,42.2,29.7,5.0,5.0,7.1,6.9,32.4,29.3,26.5,22.0,5.0,3.1,4.1,3.0,38.6,40.0,4.0,6.1,32.0,31.0,23.8,28.7,2.0,3.0,11.0,11.9,8.0,9.1,23.0,21.0,23.2,21.4
1772963348.4055452,16.2,9.9,27.0,24.7,40.2,36.4,4.1,4.1,3.1,5.1,8.2,9.3,39.0,30.0,28.6,19.2,9.3,11.2,37.1,35.4,42.2,40.8,38.4,16.3,4.1,6.1,9.2,5.1,39.8,34.7,20.4,22.0,5.1,4.1,4.0,4.0,40.4,41.0,9.1,16.2,30.6,31.7,30.0,30.3,8.1,2.0,9.2,11.1,8.0,11.0,15.2,17.2,27.7,28.0
1772963349.406527,11.5,9.2,20.6,21.0,35.4,36.0,5.2,3.1,8.0,11.1,7.1,5.0,26.5,36.0,21.6,24.7,10.1,10.2,28.7,40.4,39.6,36.6,41.0,9.1,4.1,4.0,10.2,7.1,29.7,35.0,33.0,35.4,3.0,5.1,4.1,4.1,41.0,40.4,5.1,4.0,31.7,31.0,28.0,23.8,5.0,3.0,11.0,11.0,6.1,7.1,24.0,22.2,19.0,22.7
1772963350.4066145,14.0,10.1,15.3,20.2,34.0,36.4,3.0,3.0,9.2,11.3,7.0,2.1,28.4,34.0,27.0,17.3,7.1,7.1,32.7,30.0,37.0,39.6,40.0,37.6,4.0,4.1,8.0,7.1,28.0,25.0,27.3,53.5,3.0,3.0,3.0,5.1,40.0,38.4,2.0,3.0,35.0,32.7,26.0,21.4,4.1,2.0,9.1,8.1,5.1,7.0,13.1,14.1,20.4,23.0
1772963351.4066947,13.3,8.1,18.2,18.2,33.7,43.6,5.0,1.0,14.1,5.1,6.1,6.0,31.0,29.7,28.3,23.2,12.1,12.1,33.3,34.0,38.2,37.3,44.6,37.6,5.1,4.0,9.3,6.1,22.2,35.4,32.0,49.0,4.1,5.9,6.0,6.0,41.0,40.6,2.0,4.1,40.0,41.0,23.2,26.0,3.1,5.0,19.2,12.0,7.0,7.1,21.2,23.0,21.2,18.4
1772963352.4092212,15.3,10.0,25.3,21.4,33.3,43.1,6.1,4.0,7.1,4.0,6.1,6.1,31.7,39.6,24.2,22.2,10.2,10.2,31.7,44.0,40.6,35.6,44.1,23.8,6.1,4.0,12.1,4.1,38.2,31.7,37.6,42.0,4.1,4.1,4.0,1.0,40.6,41.0,7.1,2.0,40.6,41.0,32.4,25.7,5.0,2.0,13.0,8.2,8.2,7.1,22.0,24.0,27.3,26.3
1772963353.4093065,13.4,7.2,18.2,20.0,45.9,28.3,5.1,2.0,10.3,5.2,4.1,5.1,29.3,29.3,35.4,27.8,8.2,10.2,37.0,30.3,38.6,38.0,40.4,21.0,5.1,3.1,5.2,8.0,33.7,27.0,25.5,40.4,6.0,4.1,3.1,3.1,37.4,38.4,4.1,4.1,40.4,40.4,24.5,22.4,2.0,5.2,6.2,8.2,6.1,6.2,18.2,15.5,18.0,23.0
1772963354.4093866,12.2,11.0,19.8,13.3,44.4,31.3,4.0,3.1,20.0,11.1,5.1,4.1,33.0,29.0,23.5,20.2,10.1,9.2,44.0,28.0,37.3,41.2,44.6,15.2,4.1,5.0,7.0,7.1,29.3,30.0,27.0,41.6,4.0,3.0,2.1,4.0,43.4,36.4,5.1,3.1,40.6,41.6,21.0,25.0,2.0,4.0,10.1,10.9,8.2,8.1,23.0,21.0,21.4,19.4
1772963355.4110017,12.4,9.1,20.4,19.2,25.3,45.5,3.1,5.0,8.2,8.1,6.1,4.1,33.0,33.0,30.7,18.2,10.0,10.2,36.4,32.7,36.0,37.6,36.3,19.0,6.0,4.1,9.3,8.1,28.7,33.7,43.6,32.3,5.1,5.1,4.0,4.1,39.0,41.4,2.0,9.1,41.0,40.0,25.3,24.2,4.0,6.1,11.1,7.1,7.1,9.1,22.2,24.0,24.8,23.0
1772963356.411071,15.5,13.4,22.4,20.4,34.4,46.5,4.0,3.1,6.1,8.2,6.1,5.1,32.0,39.8,22.7,17.7,8.2,9.2,36.4,35.0,42.0,41.7,26.3,34.7,5.2,4.0,9.0,7.1,25.3,39.4,49.5,31.3,10.2,5.1,7.1,5.1,38.4,43.0,5.2,5.2,40.0,42.0,28.3,25.0,4.0,6.9,7.1,14.3,7.2,9.1,16.3,21.0,22.4,26.3
1772963357.4161837,14.0,8.0,18.0,22.0,32.0,41.0,4.0,3.1,4.1,11.2,6.0,4.0,25.0,41.2,35.0,28.6,9.1,10.1,38.0,37.8,42.2,38.6,36.0,40.6,5.9,4.0,7.1,7.0,30.7,31.0,49.0,31.7,5.9,4.0,3.0,3.0,42.6,36.0,6.9,5.0,33.7,31.0,23.0,29.0,2.0,4.0,8.1,11.0,7.0,6.1,17.8,21.2,25.7,22.4
1772963358.4162633,10.4,9.1,18.2,22.7,51.5,25.3,3.1,4.1,7.2,15.3,3.1,3.1,29.7,34.3,20.6,20.6,5.0,17.3,35.7,36.0,39.6,35.6,39.6,37.8,2.0,5.1,7.1,7.1,31.3,30.0,49.0,30.3,3.0,5.1,3.0,3.1,40.4,35.4,4.2,2.0,30.6,31.0,28.3,26.7,3.1,3.0,9.1,10.0,5.2,8.1,20.4,20.2,18.0,25.3
1772963359.418096,10.3,8.0,15.2,18.8,46.0,22.8,5.0,4.0,10.1,6.0,5.0,5.0,33.7,27.7,22.5,22.0,9.1,11.0,33.7,32.3,39.8,34.3,12.0,18.0,4.0,6.9,7.9,6.9,33.7,33.0,43.6,19.6,5.1,3.1,3.0,3.0,42.6,43.6,3.0,4.1,26.5,25.7,23.5,20.8,6.0,3.0,9.0,6.1,7.0,6.0,18.6,21.6,22.0,18.8
1772963360.4188414,12.4,9.1,19.4,16.5,49.5,28.0,4.1,3.0,3.1,3.1,4.1,5.1,25.0,36.0,22.7,18.4,2.1,1.0,32.3,38.6,37.0,39.6,12.4,14.1,5.1,3.0,10.1,7.1,28.0,33.3,14.1,4.2,3.1,3.0,3.1,3.1,39.8,39.4,4.1,2.1,13.1,14.3,26.5,23.7,7.2,3.1,7.1,12.1,5.2,7.1,18.4,19.4,22.2,19.2
1772963361.4220564,15.7,11.2,24.2,23.0,52.5,24.8,5.9,5.1,11.9,8.1,4.0,7.1,29.7,35.0,23.0,22.2,14.1,19.0,34.7,38.8,42.7,40.2,38.6,38.4,3.0,6.1,10.1,10.2,31.0,31.4,29.0,21.8,4.0,4.0,3.0,5.0,41.6,37.4,5.0,4.0,12.0,13.9,23.8,33.0,4.0,5.0,13.7,10.0,9.0,8.1,18.0,16.8,22.0,23.5
1772963362.4258537,11.1,14.0,23.0,23.2,40.0,38.6,7.0,2.0,13.3,11.2,4.0,8.9,37.6,35.6,22.0,25.0,3.1,4.0,37.6,38.0,40.2,42.2,28.7,40.8,6.0,4.0,6.1,8.8,34.7,38.0,36.0,45.0,6.1,3.0,3.0,3.1,39.0,37.6,3.1,3.1,26.0,18.2,29.0,31.7,3.0,4.0,12.0,11.1,8.0,9.2,25.7,22.2,24.0,28.0
1772963363.4259467,14.4,8.2,21.6,19.4,35.1,38.4,4.1,3.1,11.3,4.1,5.2,4.1,31.3,33.3,36.1,31.6,18.4,15.3,32.0,39.4,38.0,39.6,26.0,43.4,4.1,5.1,9.2,4.1,28.6,32.3,32.3,49.0,6.1,4.0,4.1,4.1,36.4,42.9,10.2,4.1,22.4,22.2,32.0,21.4,3.1,4.1,7.2,10.2,7.3,8.1,16.2,18.0,21.2,21.4
1772963364.4260323,12.2,8.1,19.2,17.2,37.8,34.7,4.1,2.0,6.0,2.1,6.0,4.0,26.0,31.3,20.4,18.6,4.0,2.0,37.6,30.0,39.6,38.6,42.0,39.2,4.0,6.0,6.1,6.1,33.7,28.7,26.0,54.0,4.0,3.1,8.1,6.1,38.4,42.0,10.1,14.1,32.3,31.3,23.5,23.8,3.1,3.0,11.0,9.1,6.0,8.1,19.0,20.2,20.2,18.2
1772963365.4261174,13.0,10.0,21.4,19.2,32.7,45.0,5.2,3.0,7.1,9.1,4.1,7.1,30.3,32.7,12.1,17.3,17.2,16.2,38.4,35.0,39.0,39.6,41.0,41.0,3.1,5.1,8.0,7.0,32.0,34.7,21.0,51.0,3.1,6.0,5.1,6.1,40.6,39.0,13.1,14.1,41.6,38.0,22.2,29.3,4.0,4.0,9.1,12.0,7.1,6.2,23.2,18.0,21.4,25.3
1772963366.4278634,13.4,8.1,14.4,22.0,35.4,41.6,4.0,4.0,7.1,18.2,5.0,4.0,28.7,31.0,27.6,15.3,3.0,3.0,35.0,34.3,38.2,37.3,46.5,23.0,1.0,5.1,7.1,4.1,25.3,28.4,20.2,40.0,5.1,2.0,4.1,3.1,38.8,38.4,20.4,18.6,34.0,33.7,29.7,16.2,5.1,3.0,9.0,11.1,5.2,7.0,11.1,12.1,23.0,20.0
1772963367.4297173,15.0,14.1,19.0,15.3,37.0,38.0,3.0,4.1,3.1,9.2,4.1,4.1,29.0,33.7,36.0,33.3,6.2,16.3,39.0,31.3,38.8,37.6,48.0,29.7,5.0,6.0,7.1,6.1,30.3,24.2,26.3,48.0,4.0,4.1,3.0,4.0,37.6,43.4,3.0,6.0,31.0,31.0,25.0,20.2,5.0,2.0,8.2,8.0,7.0,7.0,24.2,26.5,18.2,20.2
1772963368.4302635,14.3,8.2,21.4,19.2,49.0,26.0,12.1,6.1,4.0,7.1,5.1,5.1,38.6,30.0,22.7,15.8,9.1,8.0,39.0,33.3,42.2,39.6,33.0,29.0,5.1,5.0,11.0,6.1,35.4,31.0,31.3,46.5,5.9,5.1,5.0,4.0,40.4,39.6,3.1,3.0,31.3,32.7,24.2,26.0,8.2,4.0,10.9,13.1,8.0,7.2,18.2,17.2,18.2,29.3
1772963369.4326355,14.3,9.0,19.4,22.2,51.0,30.0,10.0,3.1,5.1,8.2,8.1,6.0,36.0,33.0,18.4,19.0,14.1,8.2,34.3,36.6,40.0,37.3,30.0,25.3,5.1,3.0,6.1,9.0,34.3,27.0,29.7,51.0,4.1,2.1,2.1,7.0,37.0,44.0,9.2,8.1,30.0,32.3,30.7,27.0,2.0,4.1,11.3,9.1,7.1,8.1,22.8,20.4,22.2,19.2
1772963370.4344883,11.2,10.3,23.5,25.3,44.4,33.3,5.2,2.0,14.6,12.5,6.1,4.1,31.3,35.0,30.0,29.6,10.1,10.2,39.4,28.6,43.1,39.6,29.0,20.8,8.2,3.1,9.1,6.1,28.3,36.4,34.0,43.6,4.0,7.0,3.0,4.1,38.0,43.4,11.1,9.2,36.4,36.0,24.8,28.0,3.0,7.2,13.9,10.0,7.1,7.1,17.2,21.0,26.3,24.0
1772963371.4347804,13.1,10.0,19.6,15.5,41.8,36.6,4.0,5.1,7.1,7.1,4.0,5.1,32.7,24.2,32.3,30.6,11.1,9.1,32.3,36.6,35.0,35.6,16.2,19.2,3.1,3.0,5.1,7.1,29.0,31.7,23.0,28.3,6.1,5.1,3.0,2.0,39.4,36.4,4.1,4.1,42.2,40.6,22.2,22.2,2.0,4.0,7.0,12.9,5.1,8.0,13.1,13.1,19.8,21.4
1772963372.4348705,11.5,7.1,22.2,12.1,27.0,46.0,4.0,1.0,3.1,6.1,4.0,2.1,28.0,34.7,13.1,17.3,8.2,10.2,31.7,34.3,40.2,40.2,27.6,32.0,5.0,5.9,8.0,10.1,30.3,31.0,18.2,30.0,3.0,3.1,3.1,6.1,42.0,37.4,6.1,3.1,41.0,41.0,22.0,26.0,4.0,3.0,7.1,6.2,4.1,6.1,22.0,24.2,18.4,21.2
1772963373.4370394,13.9,11.0,23.0,23.2,35.4,40.6,1.0,6.0,5.0,4.0,5.0,6.0,31.0,35.6,15.2,15.2,4.0,4.0,32.3,43.0,40.2,38.6,32.4,32.7,3.1,4.0,8.0,9.0,34.7,30.7,26.7,36.6,8.9,5.0,10.8,5.0,43.0,38.2,8.9,11.0,42.0,40.6,28.0,28.0,6.1,2.0,13.0,6.1,6.1,8.0,14.3,13.0,26.7,19.2
1772963374.438521,13.1,11.3,27.3,21.2,32.3,45.0,10.9,5.1,16.2,19.6,5.2,5.2,38.0,33.0,24.5,34.3,12.4,21.2,41.0,36.4,41.0,40.6,50.5,15.3,5.1,5.1,10.1,8.2,41.4,33.0,29.6,35.1,4.0,5.1,11.2,2.0,39.4,42.4,5.2,4.1,41.0,41.4,28.0,29.6,5.1,2.1,9.3,11.5,8.2,6.3,29.0,28.6,26.5,28.3
1772963375.4415667,12.2,8.1,21.4,20.4,35.4,38.6,10.0,1.0,5.2,10.2,9.9,7.0,34.0,31.7,41.2,35.7,8.1,9.2,26.5,45.5,41.3,39.6,41.2,40.6,7.0,5.0,6.1,9.1,31.0,32.0,47.5,33.0,5.0,5.0,4.1,2.0,38.0,43.0,4.0,4.0,40.4,41.6,28.7,24.0,4.0,3.0,10.1,8.9,5.1,8.0,12.1,13.0,24.5,22.2
1772963376.44328,8.2,11.9,17.0,20.0,42.0,38.0,7.1,4.0,2.0,5.1,5.1,3.1,26.0,29.0,15.2,13.3,11.2,8.2,35.0,33.0,36.0,36.6,40.4,22.0,3.0,5.1,9.9,6.1,31.3,22.0,60.0,20.0,2.0,4.0,2.0,3.0,41.0,38.0,3.1,3.0,40.6,39.6,17.3,25.0,5.1,3.0,8.0,8.1,7.1,5.1,24.5,25.0,17.2,17.3
1772963377.4451249,11.2,9.2,20.4,27.3,34.7,35.0,3.0,4.0,4.0,4.1,4.0,5.0,38.4,31.0,7.1,8.2,8.2,3.0,39.0,39.0,43.7,40.2,41.2,21.8,5.1,2.0,5.1,6.1,35.3,36.0,20.8,22.0,4.0,4.0,5.1,3.0,39.4,39.2,4.1,3.0,31.7,32.0,29.7,30.0,6.1,5.1,14.0,8.1,8.0,9.1,15.3,19.0,24.2,26.3
1772963378.4487686,15.2,8.9,20.8,17.2,44.0,29.7,5.1,4.0,16.2,14.3,4.0,4.1,35.3,27.7,28.0,23.0,23.0,9.1,31.0,37.6,36.6,40.6,38.0,35.4,4.0,6.1,7.1,7.1,25.0,32.7,25.3,25.0,4.0,4.1,4.0,7.9,38.4,37.8,5.0,2.1,32.0,30.0,24.0,21.0,8.1,4.0,8.1,10.9,6.1,5.1,17.2,18.0,20.0,23.2
1772963379.4488487,13.3,9.1,18.6,20.8,23.2,48.0,4.1,1.0,13.3,5.1,5.1,4.1,32.0,32.3,38.4,36.0,3.1,4.0,34.0,30.9,38.6,40.6,7.0,42.6,5.1,4.0,6.1,8.0,25.3,32.0,26.0,46.1,7.1,4.1,3.0,3.1,38.0,41.0,4.0,4.0,24.0,27.0,26.0,21.2,3.0,4.0,9.2,9.1,5.1,7.1,25.7,26.0,17.3,25.3
1772963380.451637,10.4,5.1,19.0,12.1,31.6,37.6,4.0,4.0,4.0,3.1,3.0,7.0,22.2,29.7,23.2,23.5,16.2,14.4,27.0,36.6,36.6,36.9,7.1,30.3,4.0,4.0,7.1,5.1,30.0,32.0,16.0,44.6,3.0,3.0,2.0,2.1,37.4,39.0,4.1,2.0,21.0,21.8,23.0,15.0,6.0,2.0,12.0,7.0,7.1,8.1,9.1,11.3,11.0,22.7
1772963381.4540553,13.0,11.0,15.3,22.4,48.0,29.7,4.0,3.0,5.1,5.0,6.0,3.0,38.2,35.6,7.1,9.2,5.0,4.0,31.0,37.4,40.2,36.6,23.8,17.0,5.9,6.0,8.1,6.0,40.0,23.2,16.8,42.4,7.0,4.0,2.0,5.0,43.1,38.0,3.0,4.0,15.2,14.1,30.0,22.0,3.1,5.1,7.1,9.1,7.0,9.0,28.4,26.7,27.6,19.2
1772963382.4557757,14.0,11.2,23.2,21.4,42.0,33.0,5.1,5.1,12.0,10.2,4.1,5.1,35.4,34.3,25.3,25.0,20.4,12.1,33.3,41.0,38.2,41.6,31.3,11.0,5.1,3.1,8.1,7.1,32.0,34.3,18.2,42.6,5.1,3.1,4.0,3.0,45.5,35.6,1.0,3.1,18.4,19.2,24.0,29.7,3.0,6.1,10.0,8.2,6.1,9.1,12.2,11.1,19.0,26.7
1772963383.4558659,13.3,8.1,18.2,20.2,41.2,35.4,5.0,5.1,15.5,10.1,3.1,5.1,31.0,30.0,36.1,41.8,3.1,4.1,34.0,34.3,39.0,37.6,30.3,17.2,4.1,4.0,10.0,10.1,28.3,31.3,18.4,40.4,8.1,2.0,4.1,3.0,35.4,38.0,3.0,4.1,23.5,22.4,25.3,25.5,4.1,3.0,6.2,9.0,5.2,6.1,22.8,23.2,18.0,24.5
1772963384.4562988,14.3,9.1,23.5,18.2,38.8,39.0,3.1,3.0,8.2,3.1,6.0,5.1,31.0,30.3,20.4,24.2,22.0,10.2,34.0,38.0,40.2,38.2,34.0,35.0,6.1,4.0,7.3,8.1,34.7,34.0,28.3,34.0,6.0,5.1,7.0,3.1,45.0,38.8,4.1,3.1,33.7,30.7,28.0,22.2,5.1,4.0,12.1,8.1,8.1,7.0,23.0,18.8,18.4,26.0
1772963385.4587886,14.3,11.2,27.7,23.2,42.9,37.0,5.1,3.1,3.1,4.0,6.1,5.1,39.6,33.0,10.0,12.1,3.1,4.0,37.6,41.6,43.1,38.2,23.0,38.0,3.1,6.1,11.8,9.2,36.6,37.0,16.0,30.7,5.1,4.0,7.1,2.0,41.6,40.6,6.1,6.1,30.0,32.0,31.0,33.7,3.0,6.0,14.1,13.1,6.1,7.2,15.0,15.2,22.0,29.0
1772963386.4592564,12.1,13.1,20.4,17.3,35.0,40.0,4.0,2.0,6.1,6.2,4.1,3.1,30.3,26.7,22.4,23.5,19.2,8.2,34.7,32.7,39.6,39.0,41.4,33.0,5.0,3.0,6.1,7.9,33.0,26.0,20.2,26.5,2.0,5.0,2.0,5.1,41.4,36.7,6.3,18.2,33.3,29.6,24.0,21.0,6.0,4.0,8.1,8.1,5.1,7.1,23.2,23.5,15.2,23.2
1772963387.4603906,13.4,9.1,23.2,19.2,40.8,39.2,4.1,3.1,19.2,9.3,6.1,6.1,34.3,37.0,42.9,34.7,7.1,6.0,31.6,38.6,39.0,40.2,33.0,28.0,3.1,8.1,7.0,8.2,34.0,33.0,33.7,26.7,6.0,4.1,1.0,3.1,39.6,38.0,18.0,14.3,31.0,30.7,32.3,29.0,1.0,4.0,9.1,10.1,9.0,8.0,13.3,14.3,29.3,23.2
1772963388.4642894,15.0,9.1,26.3,26.3,32.7,42.0,3.1,6.0,8.0,9.2,5.1,8.2,35.4,35.4,24.0,25.3,11.2,12.2,32.3,44.0,40.8,42.6,15.0,31.0,7.1,7.9,6.1,9.2,35.0,39.0,31.7,16.0,3.0,4.0,2.0,7.1,33.3,39.0,18.2,14.3,33.3,30.3,29.0,32.7,6.1,3.1,10.2,11.0,8.1,8.1,24.2,23.0,24.0,25.5
1772963389.4651952,11.3,8.9,17.5,20.2,31.6,43.0,6.1,3.0,5.1,3.1,5.1,9.0,30.7,33.0,5.2,13.1,7.1,6.1,30.7,40.4,41.6,36.6,31.0,26.3,5.0,4.1,9.1,8.0,30.7,33.0,23.0,10.1,4.0,4.0,4.0,2.0,39.0,40.6,2.0,3.0,32.0,30.7,25.0,28.3,3.0,3.1,10.0,8.2,8.9,5.2,18.2,14.3,19.2,23.8
1772963390.4652786,11.3,9.1,20.2,22.2,44.0,25.7,2.0,3.0,8.1,2.0,6.1,8.2,32.0,36.0,26.3,19.4,13.1,5.0,35.7,32.3,39.6,42.0,41.0,25.0,3.0,5.1,6.1,4.1,29.0,26.7,51.0,23.0,4.0,5.1,2.0,4.0,38.4,38.4,5.1,3.0,34.0,33.3,25.5,25.0,4.1,3.0,9.1,12.1,7.1,6.1,21.0,22.0,26.0,25.0
1772963391.4682255,15.2,10.2,23.0,20.6,50.5,28.7,5.1,3.1,15.6,17.5,7.2,5.1,37.4,32.0,31.6,43.0,12.2,10.3,36.0,39.0,40.6,38.2,42.0,39.6,4.1,6.0,9.9,9.1,32.0,35.0,60.0,20.0,3.0,6.1,5.0,3.1,40.4,40.4,12.1,10.1,39.2,42.0,33.7,24.2,1.0,5.1,11.0,11.0,8.1,10.0,18.8,17.2,25.3,23.7
1772963392.4747274,13.0,8.8,27.3,29.1,34.7,44.0,4.0,4.9,3.0,8.8,4.0,3.9,38.1,37.3,20.2,22.2,9.0,3.0,28.0,17.0,41.3,39.8,45.1,36.3,4.0,2.0,3.0,3.0,30.7,43.0,54.5,26.7,2.0,4.0,1.0,3.0,29.1,30.4,5.9,4.0,39.6,41.2,38.2,31.4,1.0,2.0,5.0,4.0,4.0,3.0,17.0,21.8,13.1,14.9
1772963393.4770148,8.2,4.1,25.3,25.5,33.7,39.6,1.0,2.1,4.1,6.1,4.0,1.0,39.4,28.7,7.1,7.0,2.0,2.0,23.2,16.0,36.6,40.6,39.6,29.0,2.0,2.0,2.0,4.0,41.0,22.0,46.0,22.2,1.0,4.0,3.0,1.0,20.2,21.2,5.0,0.0,40.0,40.6,27.0,28.0,5.0,0.0,3.0,6.1,2.1,5.0,7.0,10.0,10.8,14.0
1772963394.4818294,14.4,9.2,23.2,25.3,40.8,37.3,4.0,4.0,3.1,2.0,5.1,5.0,37.0,31.0,5.1,4.1,15.2,9.1,35.0,31.0,41.2,39.2,44.0,34.7,6.1,3.1,6.1,5.1,31.7,35.0,33.0,27.7,4.0,5.1,1.0,4.1,36.0,42.0,3.0,3.0,39.0,42.0,34.7,26.7,5.1,1.0,10.0,9.1,7.0,6.0,13.0,14.3,21.6,19.4
1772963395.4843674,11.2,5.0,22.5,24.2,51.5,27.0,3.0,2.0,3.0,2.0,2.0,2.0,32.4,36.0,11.1,12.1,2.0,1.0,14.0,15.2,38.8,40.2,28.3,35.4,5.0,1.0,3.0,5.0,30.7,36.0,32.7,29.0,1.0,4.1,3.0,3.1,21.2,20.0,1.0,4.0,34.7,33.7,29.3,27.3,2.0,3.0,6.0,6.0,4.1,2.0,11.0,13.9,10.0,11.2
1772963396.4916089,8.3,4.0,33.7,32.7,42.6,37.0,2.0,2.0,3.0,5.0,2.0,3.0,33.7,43.6,17.2,19.8,4.0,3.0,30.7,25.7,41.2,43.7,23.8,36.3,4.0,2.0,5.9,2.0,30.3,43.0,33.0,21.0,2.0,3.0,3.0,2.0,24.0,24.0,2.0,3.0,30.4,31.4,37.6,35.0,2.0,1.0,6.0,4.0,5.0,3.0,5.0,4.0,14.0,17.8
1772963397.4931846,10.1,4.0,20.2,20.4,42.6,33.0,3.0,2.0,1.0,3.0,3.0,1.0,36.0,34.0,12.1,11.1,2.0,8.1,6.1,10.0,37.6,39.6,25.0,13.3,1.0,4.0,1.0,3.0,33.0,30.0,14.1,15.0,1.0,2.0,1.0,1.0,15.0,21.4,1.0,3.0,30.3,31.0,26.7,26.3,4.0,2.0,2.0,4.0,2.0,2.0,1.0,2.0,6.1,7.1
1772963398.4936032,15.0,6.1,34.0,31.6,34.3,45.0,3.0,2.0,4.0,3.0,2.0,4.0,38.6,38.2,8.1,5.1,2.0,4.1,20.0,13.1,43.7,41.2,12.0,9.1,3.0,3.0,3.0,4.0,34.7,40.6,28.0,14.0,3.0,4.0,4.0,2.0,33.3,24.2,3.0,1.0,30.4,30.7,38.0,36.6,3.0,2.0,8.2,9.1,5.1,6.0,11.0,13.0,11.1,15.2
1772963399.4943233,9.4,5.0,31.0,31.7,38.8,41.6,2.0,4.0,2.1,4.0,2.0,4.0,36.0,41.0,15.3,15.0,4.0,2.1,24.5,23.5,40.6,41.6,10.0,12.0,3.1,2.0,3.0,6.1,42.0,40.4,24.0,31.0,2.0,4.0,5.0,5.0,31.3,26.0,5.1,0.0,30.3,30.0,35.4,37.6,9.1,2.0,10.9,7.1,7.1,4.1,8.1,7.1,18.2,17.3
1772963400.4954555,12.1,7.1,30.3,30.0,37.4,42.6,7.0,3.1,5.0,3.0,4.1,5.1,36.0,38.6,21.2,20.4,7.1,9.0,25.0,35.0,40.6,41.2,18.8,17.0,3.0,2.0,5.1,4.0,39.2,33.0,34.3,12.0,3.0,4.0,2.0,3.1,36.0,36.6,5.0,2.0,30.0,30.7,37.6,36.0,7.0,3.0,6.1,10.9,8.1,5.1,19.0,18.0,14.3,19.8
1772963401.495542,12.4,8.9,21.6,25.3,40.6,39.0,4.0,3.1,13.4,19.4,4.0,4.1,27.0,42.0,19.0,12.4,2.0,16.3,25.0,24.0,36.6,41.6,14.3,28.0,4.0,6.1,6.1,7.0,31.3,38.0,29.7,9.1,4.0,2.0,2.0,3.0,32.0,32.3,11.2,3.1,27.0,25.3,32.0,31.6,1.0,2.1,7.1,6.1,3.1,6.0,12.0,12.1,13.0,10.3
1772963402.499247,11.5,7.9,18.8,20.2,43.4,21.0,4.0,4.0,12.0,4.1,5.9,4.0,35.0,25.0,17.3,21.2,3.1,5.1,38.4,33.0,33.3,35.0,44.1,17.2,4.0,8.1,8.1,12.9,23.0,29.7,21.2,24.0,3.0,6.1,0.0,5.1,40.6,41.0,10.0,3.0,11.0,17.0,25.7,18.0,25.7,3.0,8.2,7.1,5.1,8.0,14.0,12.1,18.8,22.2
1772963403.4993315,12.1,5.1,28.0,24.5,37.4,42.6,4.0,3.1,2.1,3.1,4.1,4.1,32.0,41.6,22.2,21.2,16.2,10.2,23.2,38.0,41.2,44.1,42.4,28.0,4.0,5.1,6.1,10.1,39.0,36.0,30.0,41.4,4.1,3.1,4.0,3.0,29.3,32.3,3.0,3.0,11.1,12.0,28.3,31.0,21.6,3.0,8.1,9.0,7.9,6.1,24.2,27.0,19.4,20.8
1772963404.5004854,12.2,8.1,28.3,33.3,32.3,47.0,4.1,3.0,5.9,4.0,5.1,5.1,38.6,36.6,26.0,22.2,4.0,10.0,32.7,27.0,40.6,42.2,21.0,41.0,3.1,5.0,3.0,4.0,32.7,37.4,20.0,60.8,1.0,7.0,3.0,4.1,36.6,28.0,5.0,2.0,12.0,13.0,34.0,36.4,8.0,4.0,6.1,8.0,5.1,6.1,10.0,11.0,17.2,17.3
1772963405.5038276,13.1,16.0,30.0,27.3,38.4,37.3,6.0,3.1,7.1,3.1,5.1,5.2,39.6,32.0,20.6,20.2,4.1,2.0,37.0,42.6,40.2,41.6,21.8,40.0,6.0,4.0,7.0,7.1,44.4,29.7,20.8,60.0,5.1,3.1,3.0,3.0,40.4,39.4,6.1,4.0,14.1,12.1,32.0,33.0,8.2,2.0,13.9,10.1,8.2,8.1,9.2,11.0,22.0,25.7
1772963406.5077333,15.2,8.0,21.0,18.4,32.3,42.4,3.0,4.0,11.2,10.2,4.1,8.9,36.0,29.7,16.2,17.2,16.8,11.9,28.3,37.4,39.2,37.3,35.6,42.6,5.0,5.0,8.9,5.9,29.7,34.7,21.0,59.4,5.0,4.0,3.0,3.0,41.4,34.7,4.0,3.0,16.2,17.0,29.0,22.0,7.0,1.0,10.1,6.1,5.1,7.1,23.8,24.2,17.0,27.0
1772963407.5093384,13.1,8.0,24.2,25.3,45.0,33.7,4.0,4.1,13.0,6.1,4.0,6.1,38.6,30.0,18.2,22.2,10.1,4.0,38.6,28.3,38.6,36.6,34.0,32.7,4.0,3.1,4.0,5.1,31.0,32.0,19.0,58.4,4.0,2.0,5.0,4.1,33.7,35.0,2.0,4.0,13.1,12.2,24.0,29.0,3.0,4.0,7.1,9.1,5.9,7.1,17.0,15.2,13.3,24.5
1772963408.5150278,13.1,9.1,27.7,24.2,33.7,47.5,5.0,4.0,4.1,11.0,5.1,5.1,34.7,38.0,16.2,24.2,7.1,2.0,32.0,36.0,42.2,42.6,44.1,15.8,4.0,4.0,3.1,9.2,33.3,40.4,23.2,36.0,5.0,2.0,5.1,2.0,33.3,36.6,7.1,2.0,24.0,25.3,30.3,33.0,2.0,4.0,8.9,9.2,6.1,7.9,6.1,9.9,23.8,23.2
1772963409.516307,15.0,6.1,33.0,28.3,31.0,44.6,1.0,5.1,2.0,2.0,3.1,3.0,36.6,34.3,21.2,20.2,14.1,9.2,27.0,29.0,41.2,37.6,41.0,19.0,2.0,4.0,5.1,5.1,36.6,35.0,16.0,23.0,4.0,4.0,4.0,1.0,26.3,25.8,5.0,3.1,31.7,30.7,31.7,35.3,4.0,2.0,6.0,8.1,4.1,6.1,19.0,21.4,14.1,17.3
1772963410.5172148,13.4,11.0,19.6,30.0,37.5,42.6,4.1,3.1,6.1,3.1,5.1,7.1,36.0,35.4,26.3,24.2,4.1,9.2,34.3,37.6,40.2,42.2,35.0,24.2,5.1,5.1,8.1,6.0,36.4,31.0,27.3,48.5,5.1,6.1,3.0,4.0,40.4,41.0,5.1,12.1,32.3,32.0,32.0,35.0,3.1,5.1,11.2,9.2,8.2,9.1,16.0,17.2,22.2,27.3
1772963411.517305,6.4,4.0,21.0,16.2,31.7,40.4,2.0,2.0,2.0,3.0,3.0,1.0,30.0,31.0,12.2,14.0,3.0,1.0,12.1,15.2,37.3,38.6,45.5,15.0,1.0,2.0,2.0,2.0,27.0,23.2,41.8,38.0,1.0,0.0,1.0,3.0,10.9,11.1,5.0,0.0,30.3,30.0,28.0,28.0,3.0,1.0,3.0,4.0,4.0,3.0,2.0,3.1,6.0,6.0
1772963412.518745,11.2,4.0,27.0,26.0,34.0,41.0,4.0,3.9,3.0,2.0,2.0,4.0,30.0,38.6,10.1,8.2,1.0,3.0,19.0,18.4,38.0,42.2,22.0,23.8,4.0,3.0,1.0,3.1,33.0,36.0,38.6,41.0,2.0,2.0,4.0,2.0,18.0,18.6,4.0,3.0,29.7,31.0,35.0,32.4,3.0,1.0,5.1,9.0,3.0,3.0,5.1,6.1,9.0,10.0
1772963413.5219533,12.1,9.0,40.6,37.4,42.4,40.6,3.1,3.1,3.1,5.1,3.0,4.0,47.5,38.6,14.1,12.1,15.2,9.2,24.5,25.0,41.2,40.6,23.0,35.6,4.0,3.0,5.0,6.1,39.0,39.0,27.3,15.0,4.0,4.0,2.0,2.0,25.0,24.0,9.2,2.0,30.0,31.0,45.0,37.4,5.1,3.0,7.8,6.1,4.1,6.1,13.1,16.0,12.1,10.3
1772963414.524476,12.1,11.2,25.3,30.6,48.0,32.0,6.9,3.1,16.3,5.2,5.1,5.1,37.6,35.6,13.1,10.3,3.1,10.1,42.2,35.0,42.2,39.8,20.2,22.0,5.0,4.0,6.1,6.1,42.6,33.0,10.1,3.0,3.0,3.0,4.0,3.1,36.4,45.9,7.0,7.1,31.3,33.3,31.7,36.6,4.0,3.0,12.1,13.9,7.1,6.1,14.0,15.2,25.3,30.0
1772963415.5258212,13.9,10.2,24.2,22.0,45.9,28.0,3.1,4.0,12.1,15.2,5.1,6.0,34.0,32.7,28.3,19.0,12.0,14.3,43.4,32.0,43.1,39.6,30.0,30.3,5.1,5.1,8.0,4.1,35.4,36.3,17.3,14.1,2.1,6.1,3.0,3.1,41.4,38.6,4.0,5.1,40.6,40.4,26.3,26.3,6.0,3.0,8.2,8.2,7.1,7.1,19.4,20.2,26.0,22.4
1772963416.5273907,12.5,11.1,17.3,21.2,38.0,38.6,5.0,5.1,6.0,7.1,5.1,5.1,35.3,30.0,35.1,29.2,9.3,4.1,40.6,32.0,39.6,42.6,32.7,37.0,3.1,5.0,9.1,9.1,33.0,31.0,53.0,28.3,6.0,4.1,2.1,2.0,41.0,40.0,3.1,3.1,42.0,40.0,28.7,25.3,3.0,5.1,11.1,7.1,10.1,6.1,16.2,17.3,23.2,22.2
1772963417.52747,13.1,8.1,19.0,20.2,38.8,35.0,4.0,3.1,8.2,10.1,3.1,3.1,29.6,31.7,27.1,30.6,11.2,13.0,30.6,41.4,40.6,39.2,20.4,22.2,5.0,3.1,8.1,10.0,29.3,27.3,60.0,21.0,2.0,5.1,3.1,5.1,37.4,42.0,2.1,2.0,42.0,41.6,22.0,27.0,3.1,4.0,11.1,8.1,7.1,8.0,19.0,24.8,20.0,21.2
1772963418.5275662,10.3,10.0,15.5,22.0,39.8,36.0,2.0,3.1,12.2,11.3,5.9,5.1,31.0,34.3,11.1,11.2,3.1,3.1,33.3,33.0,40.6,39.6,37.6,35.6,2.0,4.0,6.1,4.0,32.7,33.3,60.4,20.0,2.0,4.0,3.0,2.0,36.0,40.8,4.1,5.1,40.0,40.4,22.0,23.0,4.0,3.0,7.1,12.1,5.1,6.1,15.2,14.4,17.2,20.2
1772963419.5327067,12.0,11.9,23.2,16.3,46.1,34.0,4.0,3.0,9.1,15.3,3.1,4.1,31.7,36.3,15.0,15.2,4.1,10.0,35.6,35.3,38.6,39.6,41.0,40.6,6.0,2.0,7.1,8.1,32.0,35.6,60.4,21.8,5.1,3.0,2.0,2.0,43.0,34.7,16.2,6.1,34.7,33.3,25.0,25.0,3.0,3.1,10.1,7.1,6.0,8.1,16.8,17.6,22.8,21.6
1772963420.5346746,13.1,7.2,16.0,17.2,28.0,42.0,4.0,3.0,8.1,3.0,4.1,5.1,31.3,31.0,29.6,38.8,15.8,9.2,35.0,34.3,41.2,41.2,39.6,38.0,4.1,5.1,9.9,8.1,31.0,22.0,61.0,20.0,4.0,4.0,3.0,5.1,36.0,46.0,7.1,15.5,33.0,30.7,23.0,24.8,3.0,4.0,8.1,8.1,6.1,6.0,25.3,25.3,18.2,22.7
1772963421.5431237,15.7,12.1,24.0,24.0,43.4,37.9,5.0,4.1,8.1,6.0,7.0,7.9,35.3,36.6,31.6,34.7,22.0,10.2,36.0,41.4,42.2,39.2,38.6,44.1,4.0,5.1,9.1,8.0,29.0,38.4,48.5,31.0,7.9,5.0,4.1,3.0,38.6,44.1,16.2,20.2,31.0,30.7,32.0,26.0,4.0,4.0,8.0,11.2,9.0,7.1,18.0,18.0,23.0,25.7
1772963422.5460236,15.0,8.1,25.0,23.2,51.0,27.0,6.1,2.0,12.1,12.5,6.0,3.1,33.3,34.3,9.2,9.2,5.1,6.0,36.6,36.6,38.2,43.1,40.0,41.6,4.0,7.1,7.1,10.2,34.3,30.7,46.0,32.0,5.1,3.0,4.0,2.1,39.4,39.4,5.2,6.1,31.0,31.0,28.3,30.4,8.1,3.0,10.0,10.0,8.0,6.1,24.8,25.5,27.3,21.2
1772963423.547015,10.3,8.1,16.3,16.2,34.3,37.0,3.0,5.0,12.1,11.1,4.0,4.0,24.0,32.0,18.0,12.1,12.2,10.1,34.7,34.3,33.0,37.0,44.0,28.0,5.0,2.0,4.0,8.1,24.8,29.0,43.4,32.0,3.0,4.0,3.0,4.0,38.4,39.4,5.9,10.1,34.0,33.0,24.0,17.2,3.0,2.0,7.1,9.1,6.1,6.1,12.0,10.2,16.0,22.4
1772963424.5486135,14.1,6.1,19.0,15.0,40.6,32.7,5.0,4.0,4.0,3.0,4.0,5.1,28.0,29.1,29.3,43.0,13.0,8.1,36.6,31.7,39.8,39.4,29.4,18.8,3.0,5.0,5.1,8.8,31.4,28.7,35.6,44.6,4.0,5.9,3.0,5.0,40.6,42.2,9.0,13.0,39.6,38.6,20.8,23.8,2.0,2.9,7.0,8.0,6.9,5.1,25.7,25.0,20.2,17.0
1772963425.5490785,13.4,10.0,20.2,18.6,43.9,35.1,3.1,3.1,5.2,2.1,5.2,6.1,31.7,31.6,29.9,31.2,10.3,2.1,34.7,33.7,39.4,38.4,21.9,17.3,3.1,5.1,9.1,8.2,32.3,29.9,28.9,47.5,6.1,3.1,5.2,2.1,37.4,40.8,4.1,2.1,27.6,26.3,24.7,23.7,4.1,4.1,9.1,10.3,5.2,7.1,14.1,13.4,22.7,26.8
1772963426.5504491,14.1,6.2,24.5,20.4,42.4,35.6,8.2,10.0,9.2,9.3,2.1,4.1,38.0,25.3,9.1,8.2,5.1,16.3,33.3,43.0,37.6,39.8,39.6,23.0,4.1,4.0,5.1,6.1,36.4,29.7,20.2,30.3,5.1,3.0,4.1,7.1,42.4,39.4,3.1,4.0,23.2,22.0,29.7,27.0,6.1,1.0,9.1,9.0,6.1,7.1,15.3,15.0,23.2,22.2
1772963427.5507152,11.3,6.9,18.2,16.0,39.0,34.7,2.0,7.1,15.3,12.1,5.1,4.0,26.3,31.4,13.3,16.2,2.0,9.0,29.7,32.3,36.3,36.0,41.0,18.2,4.0,2.0,6.0,5.1,31.0,22.2,23.0,20.0,5.9,4.0,5.1,1.0,36.0,38.0,3.0,3.0,20.2,20.4,20.2,21.8,5.0,2.0,6.0,10.2,6.1,6.1,24.8,25.5,18.2,19.0
1772963428.5520353,11.3,10.1,17.3,19.0,36.7,29.0,4.1,3.0,4.0,4.0,5.1,3.0,32.7,28.3,36.0,28.0,10.0,16.2,35.4,35.0,38.2,39.6,31.0,30.7,6.0,5.9,6.1,7.1,36.6,29.0,18.2,26.0,4.0,5.0,4.0,2.0,43.4,40.6,4.0,6.0,23.5,22.2,20.2,26.0,6.1,3.0,13.1,8.9,7.1,6.1,11.1,12.1,22.8,18.2
1772963429.552475,10.4,6.1,18.2,15.3,33.3,44.0,6.9,4.1,2.0,3.0,5.1,4.0,31.0,33.0,26.5,32.3,9.1,2.0,32.3,33.0,35.6,38.6,31.0,26.0,4.0,3.0,6.1,4.0,29.3,29.3,10.1,44.0,6.1,3.0,4.1,3.0,38.0,37.4,6.0,1.0,28.3,25.3,20.2,23.2,4.0,2.0,9.2,5.2,5.1,6.1,15.3,18.2,18.2,20.2
1772963430.552696,12.2,9.1,20.6,18.2,34.7,36.6,4.1,11.1,12.1,4.1,5.1,5.1,36.4,31.0,12.5,15.3,3.1,3.1,33.3,34.0,40.6,41.2,26.3,33.0,5.0,4.0,7.1,8.0,26.3,33.0,31.0,45.5,6.1,4.0,3.1,2.0,40.8,37.6,4.1,3.0,28.3,37.4,20.2,28.0,7.1,2.0,7.1,10.0,8.0,6.1,17.0,18.4,21.0,23.5
1772963431.5537713,14.7,10.0,22.2,16.3,40.0,36.6,4.0,3.1,12.1,8.0,6.0,8.0,28.0,34.3,12.1,13.1,14.3,10.1,36.0,36.3,37.6,38.2,34.7,39.0,3.1,5.1,6.0,6.1,23.8,38.6,21.0,60.4,4.0,3.0,4.0,2.0,41.6,41.8,1.0,5.1,31.4,30.7,27.7,23.0,2.0,3.1,8.9,10.1,7.1,7.1,12.1,12.0,22.2,22.0
1772963432.5592604,15.2,16.2,23.8,25.5,35.7,41.0,5.0,5.1,12.2,12.4,12.1,8.2,37.0,30.3,28.6,25.0,4.0,10.1,38.0,36.4,40.2,40.2,22.8,43.6,5.1,3.0,5.1,10.0,32.0,35.4,20.8,60.0,4.1,2.1,6.0,5.1,40.8,37.6,5.0,3.0,31.7,31.0,30.0,27.0,4.0,5.1,10.2,12.0,5.1,8.1,24.0,27.7,28.0,25.0
1772963433.5595596,14.3,21.6,21.6,16.2,35.7,38.6,4.1,4.0,4.1,4.0,10.3,8.9,34.3,30.7,28.6,36.7,16.3,11.2,35.3,36.4,38.6,37.0,28.0,44.6,7.1,2.0,9.0,7.1,28.3,35.0,27.0,53.5,6.1,4.1,4.1,4.0,42.0,34.7,3.0,3.0,32.3,31.0,19.0,25.3,7.1,4.0,7.1,8.1,9.0,7.0,15.2,17.2,20.4,21.4
1772963434.5596447,11.5,9.0,21.2,19.2,36.7,42.0,5.0,3.0,7.1,9.2,9.9,6.1,27.3,33.3,23.5,26.3,3.1,8.2,32.0,33.0,41.2,40.2,39.0,42.0,4.0,7.0,7.1,8.0,29.7,31.0,28.3,38.6,5.1,4.0,4.0,1.0,39.6,36.6,4.1,3.0,30.7,32.0,29.3,30.7,5.1,3.0,10.2,15.3,6.1,8.2,24.0,23.2,20.0,23.2
1772963435.5599756,14.1,10.1,17.3,17.3,28.3,49.5,4.0,3.0,10.1,11.1,4.0,6.0,36.3,27.0,19.2,10.1,14.1,17.0,34.0,42.0,37.3,39.2,39.6,39.6,3.0,4.1,9.9,8.0,36.4,31.7,30.7,29.7,6.0,1.0,3.0,3.0,39.0,42.0,3.0,4.0,37.0,36.6,28.3,22.8,3.0,5.0,12.1,11.9,6.1,8.0,19.2,17.8,20.8,19.4
1772963436.563442,10.4,7.1,17.2,18.2,38.1,34.7,4.0,5.1,11.2,10.2,3.1,4.1,28.3,36.6,23.5,26.0,3.1,5.1,35.7,34.3,35.0,39.6,40.0,19.2,4.0,4.0,5.2,9.4,30.0,27.6,34.3,25.3,10.1,5.9,1.0,4.1,41.4,38.4,2.1,4.1,37.8,38.4,17.2,26.3,1.0,5.1,8.1,7.1,7.1,4.2,13.0,10.3,17.5,20.6
1772963437.5641942,14.1,6.1,19.2,20.2,30.9,36.6,3.1,2.0,4.1,3.1,5.2,6.1,32.0,31.3,31.3,30.0,21.4,8.2,36.0,41.0,39.6,37.6,33.0,19.2,7.1,4.0,9.1,7.0,31.3,32.7,30.3,30.0,3.1,5.1,5.0,10.1,38.4,41.0,3.1,4.1,33.3,30.3,29.4,22.0,5.0,8.1,8.1,10.2,5.2,9.0,29.0,31.7,20.2,24.0
1772963438.5687997,16.5,22.8,23.7,25.7,43.6,41.0,5.0,5.0,11.0,9.0,9.0,6.1,35.0,30.7,23.2,27.6,5.1,2.1,37.0,34.7,40.8,41.2,28.7,33.7,4.0,7.1,9.0,6.1,24.0,39.0,31.0,30.7,2.0,4.0,6.1,5.1,40.6,40.0,2.0,5.1,29.3,32.0,27.0,24.0,3.0,4.0,11.1,9.0,7.9,7.1,7.1,23.0,25.0,23.2
1772963439.5692155,15.5,36.7,18.0,18.4,41.4,31.7,3.0,2.0,4.1,3.1,4.0,3.0,36.0,27.7,14.1,12.1,19.2,8.9,28.3,37.4,38.2,35.6,21.2,37.4,4.1,4.0,5.1,5.1,30.0,31.0,37.6,26.3,4.9,5.0,5.0,4.0,37.0,41.6,7.0,2.1,31.7,33.0,29.0,25.0,3.0,2.0,11.0,4.0,3.1,5.1,27.7,27.0,20.0,20.0
1772963440.5701056,11.6,10.1,15.2,23.2,40.2,44.0,11.1,3.0,13.4,17.2,5.1,4.0,36.0,29.0,17.3,23.2,5.1,2.0,31.0,35.4,40.0,40.2,19.0,34.7,5.1,4.0,9.0,7.1,32.7,25.0,20.4,21.2,4.1,2.1,3.1,3.0,37.4,40.8,12.2,25.3,31.0,30.7,23.0,27.3,4.1,4.0,11.1,9.1,6.0,5.2,15.0,12.1,18.4,22.2
1772963441.573201,14.0,9.9,21.0,19.2,40.6,26.7,9.0,4.0,5.1,4.0,6.1,5.1,31.0,28.4,29.9,28.3,6.1,17.0,36.4,34.0,39.2,36.3,10.0,32.0,5.0,5.1,8.0,6.1,28.3,32.3,31.0,32.3,2.0,6.0,4.0,3.0,38.6,42.2,3.1,35.6,31.7,33.7,18.2,25.0,3.0,3.0,7.1,8.1,6.1,7.1,12.1,12.0,19.2,20.2
1772963442.5768733,18.6,8.0,16.3,17.2,43.4,33.0,8.0,3.1,6.2,3.0,6.1,5.1,31.0,24.2,30.3,22.4,4.0,12.2,35.0,36.0,40.4,37.6,23.0,28.7,4.0,5.1,6.1,7.0,27.7,25.0,37.0,40.6,5.9,4.0,6.0,2.0,40.6,39.4,20.2,14.1,40.6,39.6,25.7,21.0,2.0,6.1,7.1,10.0,5.1,7.1,33.0,30.3,16.0,24.0
1772963443.5769598,10.4,9.3,17.5,19.4,29.6,44.6,5.1,3.1,9.2,7.2,4.0,6.1,35.0,26.3,17.5,16.5,12.4,4.1,39.0,28.3,39.0,36.6,36.4,22.0,4.1,3.1,9.2,4.1,30.6,35.4,19.2,28.3,4.1,3.1,4.1,4.0,36.7,38.4,12.4,15.6,41.0,39.8,20.2,24.2,3.0,4.1,11.2,10.2,6.1,9.2,9.3,14.1,24.2,20.2
1772963444.5802546,11.1,9.2,20.0,19.4,32.7,41.4,4.0,2.1,18.2,16.2,3.1,4.1,30.0,36.6,17.2,22.0,7.0,16.0,41.4,38.4,40.2,39.6,32.0,20.0,6.1,3.0,7.1,7.1,32.7,27.0,33.7,25.0,3.1,3.0,4.0,3.1,42.0,42.0,12.1,5.0,40.0,42.2,22.2,25.0,5.1,4.0,11.9,8.1,6.1,6.1,30.7,29.0,15.3,23.2
1772963445.581366,13.9,9.9,22.8,25.7,40.0,38.2,7.0,4.0,6.0,3.1,6.9,5.9,27.0,39.6,27.7,31.3,9.2,1.0,32.7,40.2,38.8,40.8,40.6,28.4,3.0,5.0,6.9,7.9,32.4,33.0,53.5,28.4,5.9,3.0,3.0,4.0,39.6,37.4,11.2,8.2,37.6,37.0,31.4,28.0,5.0,6.0,7.1,9.1,6.0,8.9,11.0,12.0,24.8,26.0
1772963446.5826283,12.4,5.2,16.5,13.4,44.6,30.0,2.1,5.2,3.1,7.1,4.1,7.1,29.0,32.3,26.0,24.7,9.3,14.4,36.4,32.7,36.0,37.0,40.4,34.7,6.1,6.9,5.2,7.1,30.9,31.7,60.0,20.4,5.2,3.1,1.0,2.1,39.8,41.4,18.4,8.1,31.3,31.3,17.2,25.3,5.2,2.1,10.1,9.2,6.2,6.2,23.7,22.2,20.4,15.5
1772963447.5831547,13.3,9.0,15.3,16.2,31.6,46.0,2.0,6.1,6.2,8.2,9.1,3.0,33.3,27.3,19.2,19.2,4.0,10.0,31.0,41.0,38.0,41.6,22.0,39.0,6.0,5.1,9.1,6.1,27.5,29.3,49.0,27.0,5.1,2.0,3.1,8.2,45.0,34.3,6.1,7.0,25.5,30.0,26.0,23.2,5.1,4.0,10.1,7.0,6.1,7.1,18.6,19.0,18.2,23.0
1772963448.5839934,13.1,8.0,20.2,18.2,24.5,49.0,4.0,6.2,16.2,11.1,4.0,3.1,29.7,28.0,19.2,16.2,11.0,16.2,28.3,38.4,39.2,36.6,37.6,26.0,2.0,4.0,7.0,6.1,27.6,30.0,41.0,20.8,5.0,3.0,6.9,4.0,35.0,39.6,2.0,1.0,23.0,21.0,24.0,20.8,3.0,4.1,7.1,5.1,5.1,7.1,10.2,10.2,19.2,22.2
1772963449.5840814,13.1,12.1,20.4,16.2,41.8,38.0,0.0,7.1,8.0,4.1,6.1,8.1,29.0,31.7,26.3,29.9,6.1,4.0,33.0,35.6,40.6,42.2,41.0,21.2,4.0,4.1,5.1,6.1,33.0,31.3,34.0,15.2,6.1,2.0,4.1,4.1,41.4,37.4,3.1,3.0,22.2,21.2,24.2,23.0,3.0,6.9,15.0,8.0,6.9,8.1,26.0,28.7,19.0,21.0
1772963450.5882132,11.3,9.1,16.8,12.0,33.0,36.6,2.0,3.1,2.0,3.0,3.0,4.0,28.7,27.0,21.0,27.3,14.0,10.0,34.7,32.0,29.4,34.3,39.6,37.6,3.0,4.0,6.9,8.0,26.0,22.0,23.0,2.0,4.0,2.0,2.0,4.0,40.6,38.0,3.0,5.1,25.0,24.0,20.0,17.2,3.0,1.0,6.0,7.0,5.1,5.1,12.9,11.2,18.2,17.2
1772963451.5891948,13.3,9.1,20.0,17.3,29.3,53.5,4.0,6.1,10.2,9.1,3.1,6.0,29.3,27.0,22.2,18.2,7.1,6.1,35.4,33.7,36.6,37.6,37.0,34.3,7.0,3.0,8.1,8.1,25.7,35.4,11.2,9.2,4.0,5.0,1.0,2.1,41.4,38.6,9.0,4.0,24.2,24.0,21.2,20.2,3.0,2.1,9.0,9.1,6.1,8.0,30.0,27.7,22.4,19.0
1772963452.5896573,14.3,9.2,17.3,18.2,28.9,46.5,3.1,3.0,12.1,13.1,4.0,4.1,38.4,28.3,17.5,25.8,10.0,13.0,39.0,31.0,38.2,38.2,39.0,22.0,5.0,3.1,6.1,10.1,34.3,26.5,25.7,19.2,2.0,3.1,3.0,3.0,40.0,39.8,19.2,1.0,30.0,25.3,25.7,24.0,2.0,4.0,8.2,8.2,6.1,4.1,17.2,15.2,17.2,17.3
1772963453.5909493,12.5,8.0,17.0,23.2,33.3,42.0,4.0,2.1,4.1,11.0,5.1,6.0,30.0,27.0,27.3,30.0,3.1,11.1,41.4,31.3,42.6,40.0,20.8,20.2,3.1,5.0,5.1,9.1,28.0,32.7,34.3,27.0,5.1,5.1,4.0,3.1,42.0,39.6,14.9,5.1,31.0,31.0,22.2,19.0,2.0,3.0,10.1,8.1,6.9,8.1,20.2,19.0,22.0,19.2
1772963454.5929582,13.3,8.2,23.2,19.4,30.3,41.2,3.0,3.0,2.0,5.0,5.1,4.0,33.3,31.7,21.4,22.7,8.2,12.2,41.0,37.0,40.6,36.9,27.3,21.0,5.1,4.1,9.1,8.0,35.4,29.7,30.0,30.3,6.0,3.0,6.0,5.1,38.6,40.0,2.0,3.0,30.0,31.3,24.5,27.0,4.0,5.0,8.1,13.9,5.2,6.1,18.0,20.2,22.2,23.2
1772963455.594599,14.6,11.0,21.2,23.2,37.8,41.6,5.1,4.0,11.1,5.2,6.1,4.0,35.0,36.3,19.4,23.0,4.0,7.2,43.0,34.0,42.2,43.6,46.1,15.0,4.1,4.0,8.0,7.1,33.0,30.7,39.6,37.0,5.1,4.0,3.0,3.0,40.4,37.0,4.0,2.0,25.0,28.4,27.0,29.3,5.0,2.1,11.9,8.2,7.9,7.0,18.2,18.2,17.2,26.8
1772963456.5946972,13.4,8.0,17.5,13.3,41.8,29.6,3.1,3.1,10.4,9.2,6.1,4.0,31.3,29.6,23.5,20.4,8.3,9.1,33.0,32.3,37.6,38.6,41.4,29.7,5.1,4.0,7.0,7.1,37.4,29.3,31.3,17.2,3.1,2.0,3.1,4.0,41.4,38.8,2.1,4.2,29.7,30.3,24.2,23.2,6.1,4.0,8.2,7.1,4.1,6.2,21.0,20.2,26.5,16.0
1772963457.5951877,12.4,8.2,20.0,20.2,38.6,34.0,4.1,2.0,13.1,7.1,7.1,8.1,32.0,28.7,26.0,23.2,9.1,11.0,33.3,37.4,39.2,36.9,34.0,31.0,4.0,4.0,7.1,6.0,29.7,30.0,8.2,15.2,1.0,5.1,3.1,1.0,37.0,39.0,3.0,3.0,31.0,32.0,21.2,29.3,16.0,3.0,7.1,9.0,23.8,8.1,11.2,12.2,24.8,25.3
1772963458.595275,13.1,8.2,17.3,16.3,44.4,27.0,3.1,2.0,5.1,8.2,5.1,5.1,26.0,32.0,18.6,17.5,11.1,5.2,32.3,33.0,39.6,35.6,29.6,32.0,5.1,5.1,9.0,5.1,28.3,33.7,27.6,30.0,5.1,5.9,3.1,2.0,37.8,43.0,5.1,3.1,32.0,29.3,19.0,23.2,32.3,2.0,7.1,11.1,5.1,7.1,29.0,26.7,21.4,18.4
1772963459.596135,9.6,9.1,17.0,17.2,30.0,45.5,4.0,5.9,5.1,9.3,4.1,4.1,27.7,30.0,22.9,25.3,15.3,8.1,34.0,34.0,38.0,36.0,40.6,40.6,4.0,4.1,6.1,8.1,23.2,28.7,41.0,37.4,4.0,4.1,5.1,3.0,38.6,42.4,4.1,3.1,33.7,38.0,18.0,25.0,37.0,3.0,7.0,8.1,6.9,5.1,10.2,10.3,17.2,20.2
1772963460.5962253,14.1,10.2,19.6,18.4,30.9,43.4,5.1,1.0,6.2,8.2,5.1,3.0,29.0,34.0,25.5,23.5,5.1,10.1,33.3,37.8,38.2,37.6,38.4,21.2,3.0,4.0,6.1,4.1,34.0,27.6,37.0,23.5,2.0,4.0,4.0,2.0,40.0,36.0,3.1,1.0,41.0,40.0,23.2,24.0,37.4,1.0,9.1,8.1,6.1,7.1,20.2,20.0,24.0,18.0
1772963461.5980601,10.3,9.1,15.2,19.2,42.0,28.3,3.0,5.1,10.0,4.0,4.0,6.0,27.0,33.0,21.4,17.5,7.1,10.1,34.7,32.0,35.0,35.0,28.7,33.7,3.0,5.1,8.9,4.0,32.0,31.7,40.6,26.7,3.0,3.1,2.0,2.0,39.6,40.0,5.1,2.0,41.6,39.6,27.0,20.8,33.3,1.0,10.0,8.2,6.1,6.1,17.8,15.2,21.0,18.6
1772963462.5981495,13.1,11.1,20.0,18.2,39.0,38.0,5.1,2.0,6.2,12.1,4.1,5.0,35.6,20.2,15.0,23.5,8.0,9.3,28.3,38.4,36.3,41.0,18.2,44.6,4.0,4.0,7.1,8.0,31.3,22.0,40.4,40.6,2.0,3.0,2.0,4.0,40.0,40.0,2.0,2.0,40.4,41.0,25.3,21.2,34.7,3.0,8.1,8.0,6.0,7.1,16.2,15.0,16.3,20.2
1772963463.604245,12.4,9.1,16.3,14.0,33.7,41.0,4.1,2.0,3.0,4.0,4.0,4.1,31.0,28.4,24.5,23.2,6.9,10.1,31.0,34.7,34.7,39.8,23.0,42.6,4.1,1.0,6.0,7.1,30.7,26.7,40.6,40.0,5.1,5.0,4.0,1.0,41.0,43.0,4.0,1.0,40.6,41.2,20.0,22.8,4.0,4.0,5.9,8.1,4.1,7.9,25.3,22.8,20.0,19.0
1772963464.6056273,14.1,11.9,20.2,21.4,50.5,29.0,7.0,2.1,6.1,17.2,5.1,6.0,34.3,26.3,25.0,30.3,9.3,12.2,37.0,35.0,34.7,40.6,38.6,27.0,3.0,6.1,3.1,9.3,23.2,38.0,30.0,49.0,1.0,6.1,5.1,7.1,38.4,38.8,8.2,5.1,41.0,40.4,25.7,24.0,3.0,3.0,11.1,9.0,5.2,6.2,19.2,13.4,28.3,16.2
1772963465.6083715,14.0,11.1,22.2,20.2,40.4,34.0,3.1,3.0,3.1,9.0,6.0,3.1,30.7,34.3,17.5,24.5,3.1,17.0,44.0,30.0,39.2,37.6,41.4,26.0,4.0,4.0,6.1,10.8,31.0,30.3,35.0,42.6,5.0,6.0,7.1,3.0,37.6,43.0,22.2,22.4,41.6,41.6,25.0,24.0,2.0,4.1,8.2,10.1,7.1,8.1,25.3,27.7,23.0,21.2
1772963466.6102443,12.0,9.1,20.4,22.2,34.7,45.5,5.1,4.0,6.1,16.0,6.0,3.1,27.5,33.7,30.3,18.4,9.1,9.9,29.0,38.0,38.2,35.6,42.6,39.0,5.1,3.0,8.0,8.1,29.3,33.7,30.0,47.0,5.1,4.1,4.0,4.0,41.8,36.4,5.1,8.2,41.6,40.0,23.0,21.2,2.0,3.0,8.1,8.1,6.1,6.1,16.0,14.3,17.2,22.2
1772963467.6122077,14.3,10.3,19.4,24.2,29.6,39.6,5.1,3.1,6.1,4.1,5.2,5.1,35.6,34.7,31.6,28.6,14.1,9.2,39.0,37.0,39.6,37.6,42.4,38.0,3.1,5.1,9.2,9.1,34.0,34.3,43.4,37.6,5.1,4.1,4.1,9.3,40.0,40.6,10.3,17.2,31.0,31.7,26.3,24.0,3.0,5.1,23.8,20.2,7.1,7.1,25.3,24.0,23.0,24.5
1772963468.6134093,14.9,11.8,19.8,16.2,29.3,52.5,6.0,3.0,11.1,12.4,4.0,8.1,27.0,36.6,23.2,27.0,9.1,10.1,31.6,42.6,40.2,36.3,42.6,39.6,5.9,8.1,5.9,10.2,33.7,26.7,51.0,30.3,5.1,3.0,8.0,3.0,35.6,43.6,10.0,15.0,32.0,30.0,25.0,19.8,4.0,1.0,8.0,9.9,6.0,7.1,17.0,15.2,21.0,21.0
1772963469.6136687,13.5,10.0,24.2,17.3,32.0,39.0,3.1,2.0,2.1,4.0,5.1,2.0,27.0,34.3,15.3,13.5,4.0,10.1,32.0,41.8,38.6,40.0,37.6,29.0,5.1,6.1,5.1,6.0,27.3,39.4,27.3,33.0,3.0,5.0,4.0,4.1,34.3,45.5,7.1,6.1,30.7,31.3,28.7,24.0,2.0,3.0,10.0,9.2,6.1,5.1,17.2,16.3,23.2,21.0
1772963470.6137528,10.3,8.2,19.4,17.3,39.2,37.4,5.0,6.1,17.2,6.3,5.1,4.1,33.0,36.0,22.4,16.3,2.1,15.3,33.0,42.0,38.6,41.6,25.5,33.0,2.0,5.1,7.1,6.1,28.3,33.0,4.0,24.5,7.0,3.0,4.1,5.1,37.0,38.4,1.0,5.0,18.6,21.2,24.5,25.3,4.0,3.0,11.1,9.0,6.1,6.1,21.8,24.8,24.2,17.3
1772963471.6164482,15.2,10.0,20.4,24.8,46.0,33.3,4.0,4.1,4.0,5.9,4.0,5.1,29.0,37.3,27.7,23.2,10.0,8.1,40.6,38.4,39.8,40.8,35.6,34.3,4.0,4.1,8.0,5.9,31.0,31.4,5.1,20.6,4.0,6.0,8.0,5.1,40.0,43.4,5.0,5.0,13.9,12.9,25.7,31.0,4.0,4.0,9.9,10.1,8.0,7.0,14.0,13.1,24.0,20.8
1772963472.6184616,14.4,10.1,20.4,26.5,29.3,44.0,4.2,2.0,7.1,11.2,6.1,5.1,41.6,29.3,24.2,25.3,12.1,10.1,42.4,32.0,41.6,37.0,45.0,28.7,4.1,8.1,8.1,5.2,36.6,39.4,33.3,28.0,5.0,5.1,7.1,3.1,46.0,34.7,6.1,10.2,23.5,21.4,26.3,31.7,4.0,5.0,10.2,13.9,6.2,8.2,23.0,23.2,26.3,24.2
1772963473.6251178,14.7,13.0,26.7,24.2,29.3,49.5,4.0,4.1,11.1,5.2,4.1,5.1,38.6,32.7,18.4,21.2,12.1,10.2,42.4,30.3,41.6,43.6,37.0,24.2,5.1,6.1,8.2,8.2,36.6,35.0,59.4,21.2,4.1,5.1,3.0,4.0,43.0,36.4,3.1,7.1,13.0,13.1,30.3,29.6,5.1,4.1,10.1,10.1,5.1,9.0,16.2,18.2,25.3,23.0
1772963474.6280446,16.2,9.1,31.6,28.0,37.1,40.6,5.0,6.1,10.3,7.2,6.0,6.1,31.3,36.0,26.3,22.4,3.1,12.2,36.6,37.4,40.6,40.8,25.0,41.0,5.0,4.1,6.1,7.1,33.3,29.3,41.4,38.4,5.1,4.1,5.1,4.1,35.0,43.0,3.0,6.1,12.2,21.0,31.0,32.0,3.0,7.1,13.0,14.4,8.0,13.0,18.0,18.0,29.4,24.0
1772963475.630268,12.1,7.1,23.5,13.3,31.3,40.6,4.0,5.1,12.0,7.0,4.0,8.2,33.7,34.0,30.6,25.8,10.1,13.0,37.6,38.6,42.7,36.6,21.8,34.0,7.0,7.9,6.1,10.9,32.0,36.6,41.6,40.6,6.2,4.0,3.0,6.1,39.8,42.0,3.0,5.1,28.0,24.2,27.7,24.8,4.0,3.0,11.1,8.9,6.1,10.1,19.2,18.0,24.5,20.4
1772963476.6348476,11.2,9.2,25.0,16.3,44.9,35.0,3.1,4.0,4.1,11.2,7.1,3.1,33.0,31.0,27.3,15.3,4.1,9.2,41.4,35.7,43.1,39.2,45.0,15.2,5.0,4.1,6.1,8.2,33.0,37.4,40.0,40.6,6.0,5.1,4.1,6.2,40.2,40.0,3.0,5.1,33.7,31.7,28.3,27.3,5.1,4.0,8.2,10.0,8.0,6.1,17.8,17.2,22.2,25.0
1772963477.63618,14.3,12.1,25.3,22.2,43.4,33.0,7.1,5.0,6.1,12.1,4.1,6.1,37.0,36.4,22.2,18.6,11.0,15.2,38.4,32.3,40.6,41.6,41.0,41.6,4.1,4.0,8.0,8.1,36.0,33.0,45.5,33.3,6.1,5.1,3.1,4.1,40.4,40.0,1.0,9.1,34.0,35.7,29.7,26.7,3.1,1.0,12.0,9.2,8.1,7.1,23.0,21.2,25.7,23.2
1772963478.6366653,12.2,8.1,21.0,16.0,41.4,36.6,4.1,2.0,6.1,8.2,6.1,4.0,32.4,27.0,26.3,28.3,9.2,4.0,32.3,35.6,37.9,38.6,47.0,34.7,5.0,4.0,7.1,6.1,28.0,27.3,34.7,40.6,3.0,6.1,4.0,3.1,36.4,40.4,5.1,3.0,40.0,41.2,26.7,22.4,5.0,4.0,10.1,8.2,6.2,4.1,15.2,17.8,21.2,21.0
1772963479.637515,14.0,11.1,25.5,20.4,46.5,33.0,2.0,4.0,9.1,7.1,4.1,6.1,35.6,34.7,29.6,26.5,9.1,14.1,35.4,39.4,39.6,40.2,43.6,37.0,5.0,5.0,6.1,11.0,35.4,27.7,33.3,46.5,6.0,3.0,5.1,7.1,39.6,42.0,3.0,6.0,42.0,39.0,26.3,28.3,2.0,9.0,14.0,9.2,6.1,6.2,22.0,20.4,23.0,22.4
1772963480.6391451,11.5,11.2,24.5,22.4,39.8,38.4,5.2,3.0,7.1,11.1,5.0,6.1,38.4,32.0,20.4,17.5,3.1,12.4,37.4,43.4,42.0,35.6,42.0,8.1,6.1,5.1,10.1,5.1,40.0,34.3,38.4,42.4,4.0,6.1,8.0,8.1,46.5,33.3,4.1,3.1,42.2,40.4,27.0,39.6,6.1,2.0,11.1,9.1,7.1,7.1,18.2,19.2,25.8,22.2
1772963481.6392233,13.1,8.1,25.8,23.2,46.9,31.0,12.0,6.1,10.2,10.3,3.1,5.1,32.3,35.0,19.4,17.3,9.1,9.1,43.4,29.0,39.2,40.6,33.3,7.1,4.1,3.1,9.1,4.1,36.0,32.7,43.4,37.0,4.0,3.1,3.1,7.1,41.4,36.0,3.1,3.1,40.0,40.0,26.3,31.0,5.0,3.0,11.2,9.1,7.1,7.1,19.0,18.2,21.2,27.0
1772963482.6392949,12.1,9.1,16.2,18.2,33.0,38.0,4.0,5.1,5.2,11.2,7.9,7.1,32.0,31.0,26.5,31.3,10.2,9.3,37.0,40.0,41.6,37.0,42.6,4.0,4.1,5.1,7.0,9.3,31.0,32.0,31.7,25.3,2.0,7.1,2.0,6.2,46.5,34.3,4.0,4.0,41.0,41.6,23.0,25.7,3.0,4.0,11.0,9.1,7.1,6.1,24.0,21.0,26.0,16.3
1772963483.6393685,16.7,11.9,27.3,19.2,33.0,46.0,4.0,7.0,5.1,11.2,4.1,4.1,37.0,31.3,25.3,32.0,4.0,9.2,40.0,39.4,39.6,42.2,30.6,9.1,5.0,6.0,7.1,6.1,34.3,31.3,16.2,15.3,4.0,6.1,4.0,4.0,39.0,41.4,2.1,5.2,41.0,39.4,34.0,24.2,3.1,3.0,8.1,13.0,7.1,7.1,14.3,14.3,22.2,24.2
1772963484.6394608,11.5,8.2,22.2,20.4,52.0,23.8,5.1,3.0,7.1,3.0,2.1,6.1,38.6,31.0,12.2,17.5,8.2,14.0,34.3,40.0,38.6,39.6,23.8,18.2,3.1,3.1,6.1,6.1,32.0,33.0,30.3,34.0,4.0,4.1,2.0,3.1,39.0,38.0,6.2,10.0,40.6,41.2,25.0,24.2,9.2,3.0,9.2,8.2,9.0,5.1,22.0,19.0,25.0,22.0
1772963485.639558,14.1,8.1,19.4,23.0,53.1,20.0,4.1,2.1,16.8,7.1,4.0,7.1,27.3,35.3,23.2,17.3,9.1,13.1,37.4,39.4,38.6,39.6,21.0,40.8,6.1,4.0,15.0,7.1,35.4,32.3,27.0,41.6,5.0,4.1,5.0,4.1,43.4,39.0,5.1,3.1,41.4,39.4,25.3,33.3,7.1,4.1,7.3,9.1,4.1,9.1,18.2,19.2,24.7,19.6
1772963486.6396434,13.0,10.2,21.4,17.3,41.0,33.0,5.1,4.0,7.3,3.1,5.2,7.1,33.0,36.4,28.9,32.3,15.2,3.1,40.0,31.0,39.2,39.6,29.0,38.6,6.9,3.1,10.1,9.1,35.0,30.7,22.0,42.4,4.1,5.0,1.0,5.1,41.6,38.0,10.1,4.1,42.2,41.0,30.0,25.3,4.1,3.0,10.9,8.2,6.1,6.2,21.8,19.4,23.0,23.2
1772963487.6397135,12.1,9.1,23.0,17.3,37.1,39.0,3.1,3.1,14.1,5.2,11.0,4.1,28.0,36.4,26.8,29.6,11.2,14.0,37.8,40.0,33.7,37.3,28.0,39.6,3.1,4.1,6.1,7.1,32.0,29.6,33.0,47.5,2.0,2.0,3.0,2.1,36.4,42.4,19.4,22.4,40.0,39.0,20.2,25.3,8.1,2.0,8.1,8.1,7.1,5.2,11.1,15.3,22.2,21.2
1772963488.639804,14.3,11.1,20.6,26.5,36.7,41.2,3.1,2.1,4.0,6.1,5.1,5.1,35.6,40.6,18.4,16.3,7.2,6.2,40.0,33.3,42.6,43.4,20.2,33.3,4.0,7.1,6.0,11.0,37.0,34.0,40.6,40.4,5.1,3.0,5.1,10.0,43.4,36.6,9.3,8.2,31.0,31.0,31.3,34.3,9.1,3.0,10.2,12.1,6.1,9.1,26.5,28.7,23.5,26.0
1772963489.6398907,11.3,8.0,15.0,17.0,41.4,28.0,4.0,3.0,12.1,14.1,2.0,5.1,24.2,24.2,20.2,19.0,7.1,11.1,31.3,27.3,33.7,35.3,11.2,30.3,3.0,3.0,4.0,7.1,27.3,23.0,33.3,46.5,6.1,3.1,5.1,9.0,40.4,36.7,14.3,6.1,30.0,32.0,17.0,15.2,2.0,5.1,5.1,6.1,3.1,5.1,15.8,13.3,17.0,17.2
1772963490.6411657,13.1,9.1,17.0,18.4,40.0,30.3,4.1,4.0,5.1,3.1,5.1,7.0,29.0,31.0,31.6,28.6,10.0,10.1,36.0,35.0,39.6,38.2,29.4,28.0,5.1,4.0,6.1,9.0,31.3,23.0,26.5,33.7,3.0,2.0,6.1,5.1,42.0,42.0,17.3,8.1,29.3,31.7,24.2,21.0,5.0,4.1,12.9,8.1,7.1,7.1,15.0,16.0,15.3,24.0
1772963491.6433,13.3,8.2,23.7,25.0,46.5,35.0,5.0,3.0,15.8,7.2,5.0,4.1,33.0,32.0,27.3,26.5,15.2,3.1,39.4,35.4,39.2,40.0,32.7,23.0,3.1,3.1,5.1,6.1,28.7,40.6,24.8,17.3,5.1,5.0,3.1,6.1,38.6,40.6,9.2,7.0,12.0,13.0,26.5,29.0,7.1,1.0,9.1,9.0,4.1,7.1,25.0,25.0,26.0,23.5
1772963492.64401,13.3,9.1,24.8,19.4,33.3,43.0,4.0,4.0,3.1,3.1,5.1,5.1,35.0,37.0,14.0,11.2,14.1,5.1,38.4,36.0,40.0,40.8,27.3,21.4,5.0,5.1,8.1,5.1,33.3,31.3,34.0,7.9,2.0,5.1,3.0,6.1,39.8,39.8,10.0,4.0,4.1,8.1,34.7,26.3,7.1,3.0,11.1,9.1,6.1,6.1,6.1,8.2,25.3,24.0
1772963493.6462023,14.1,8.1,19.8,22.2,37.4,39.6,4.1,2.0,6.9,17.2,3.1,4.1,31.0,34.3,28.6,10.1,8.2,9.0,38.6,35.0,44.1,38.8,40.6,31.7,4.0,3.0,8.1,5.1,30.7,34.3,17.3,20.4,5.0,4.0,5.1,3.0,41.6,40.6,1.0,3.1,9.1,14.1,23.0,28.0,3.0,4.0,10.1,12.0,7.0,8.1,25.3,27.0,27.0,20.2
1772963494.6486063,11.3,6.0,20.0,17.3,32.0,40.0,4.0,3.0,4.1,5.1,7.0,6.0,29.7,31.7,25.3,39.4,8.2,10.2,39.4,37.0,39.6,40.6,41.6,40.0,4.1,3.0,6.1,9.1,28.0,28.7,20.0,31.0,4.1,5.9,5.1,3.1,39.4,41.0,4.0,3.0,13.1,12.0,28.0,17.8,3.0,4.0,10.0,8.0,7.1,8.0,15.2,15.0,23.0,19.2
1772963495.6500204,11.3,7.9,17.0,16.8,37.8,38.6,4.0,5.0,10.1,10.3,5.1,4.0,27.7,32.4,29.0,28.6,7.9,11.0,32.3,44.0,37.3,36.6,35.4,28.0,4.0,5.0,8.9,8.0,27.7,27.7,25.3,22.8,3.0,5.1,3.1,4.0,38.6,42.0,3.1,4.0,17.2,19.8,21.0,26.0,6.9,4.0,10.9,6.1,6.9,5.2,20.0,20.8,25.0,20.0
1772963496.651452,13.3,10.1,18.8,19.2,38.8,37.6,4.1,1.0,6.1,13.1,5.0,5.1,33.3,32.7,13.3,14.0,9.1,4.2,33.7,34.0,40.2,37.6,24.8,6.0,4.0,3.1,4.1,8.2,34.0,30.0,31.7,37.4,2.0,5.2,2.0,4.1,40.8,41.4,3.1,3.0,31.0,32.7,31.0,23.2,2.1,2.0,6.2,12.9,4.1,9.0,19.2,20.2,27.6,18.0
1772963497.653513,14.0,13.1,18.2,20.4,37.4,37.0,5.9,4.0,5.1,15.2,3.1,7.1,34.3,31.7,18.4,18.4,2.1,12.0,38.0,35.4,37.6,38.2,20.2,6.0,4.1,5.0,7.0,8.0,32.0,30.3,45.5,33.7,4.1,4.0,2.0,6.0,40.6,39.0,6.1,2.0,40.0,35.6,26.0,23.8,2.0,5.1,9.1,8.2,5.1,8.1,16.0,18.0,27.0,20.2
1772963498.6554437,12.0,9.1,23.0,17.2,40.4,36.6,5.0,2.0,6.1,6.1,5.1,4.0,29.0,35.6,25.3,37.4,16.0,8.0,31.3,39.0,42.2,36.3,21.0,21.0,5.0,9.0,8.2,7.1,37.0,25.0,30.0,20.2,7.0,3.0,5.1,4.0,40.0,38.0,5.0,2.0,41.0,43.1,26.0,21.8,3.0,5.0,9.0,10.1,7.1,7.0,25.7,22.2,24.2,18.0
1772963499.656756,13.3,11.1,22.2,23.5,50.0,30.0,8.1,2.0,4.2,16.3,7.0,3.1,30.0,36.4,33.3,26.8,3.1,10.2,34.3,42.9,38.6,41.0,15.2,29.0,4.1,3.1,7.1,8.0,32.0,32.0,35.7,22.2,7.1,9.1,3.1,3.1,41.4,36.0,5.1,3.1,41.6,40.4,29.0,31.6,4.0,3.0,11.3,10.1,7.1,7.2,13.3,18.0,24.2,22.2
1772963500.658758,14.4,31.0,24.2,22.0,29.6,47.0,4.0,5.9,7.0,8.0,4.1,10.2,30.0,35.6,13.1,15.2,9.2,15.3,40.6,36.0,40.6,37.6,28.0,34.3,4.0,7.9,9.1,7.1,29.0,36.0,40.6,21.0,5.0,4.1,5.0,2.0,43.0,37.4,2.0,5.0,39.4,41.0,23.8,25.7,3.1,5.1,9.0,12.0,6.1,7.1,22.0,22.2,23.2,23.0
1772963501.6654372,16.0,18.0,25.7,32.7,45.0,33.3,6.1,2.1,11.1,11.2,24.2,3.0,36.6,36.0,21.2,21.4,3.1,9.1,30.0,39.0,39.2,40.2,44.0,36.3,6.1,4.0,7.1,6.0,35.0,38.6,40.6,33.0,4.0,6.0,3.0,5.1,40.6,37.0,2.0,2.0,40.6,41.6,28.3,30.7,3.0,5.1,10.0,10.0,8.1,8.0,18.0,21.2,25.7,24.2
1772963502.6672988,14.1,11.0,19.8,15.3,52.0,23.0,4.0,6.0,5.1,3.1,17.3,28.0,33.0,26.7,25.5,37.8,14.1,10.3,33.7,37.4,38.6,42.2,36.0,44.4,5.1,7.0,8.9,8.0,35.0,29.3,33.0,46.0,3.1,3.1,2.0,7.1,37.4,43.6,5.1,3.1,40.6,40.4,26.5,22.2,2.0,6.1,11.1,8.1,5.1,8.1,17.2,16.8,26.3,19.0
1772963503.6687205,12.4,8.1,16.2,18.8,39.4,40.0,5.1,1.0,12.0,12.2,6.1,34.7,28.0,32.0,31.6,29.6,3.1,11.0,39.6,36.6,37.3,33.7,23.0,35.0,5.0,3.0,6.1,7.1,30.0,29.0,30.3,50.0,2.0,6.0,2.0,3.1,36.6,42.4,3.1,3.1,41.0,39.6,17.2,30.0,5.0,4.0,8.1,9.1,7.1,6.1,26.7,22.4,22.8,19.2
1772963504.669177,12.2,15.2,26.3,19.4,30.9,44.6,8.1,8.1,4.1,5.0,6.0,35.4,26.3,37.0,12.2,16.5,10.1,15.2,41.8,34.3,41.6,39.6,13.1,21.2,4.1,6.0,8.1,6.1,31.0,34.0,29.3,51.0,3.1,7.1,3.1,2.0,39.0,44.6,3.1,3.1,40.0,41.4,25.3,24.2,5.1,2.0,13.0,7.1,7.1,6.1,9.1,9.2,21.0,22.4
1772963505.6692655,12.4,8.2,18.2,16.3,40.4,32.0,6.1,3.1,8.2,8.2,19.4,16.8,29.0,39.0,11.2,19.2,4.1,10.1,34.0,34.3,40.0,40.2,31.0,18.0,5.1,5.0,7.1,7.9,29.0,31.6,37.6,43.0,2.0,5.1,3.0,3.1,36.4,40.0,4.0,1.0,41.2,40.6,22.2,25.0,2.0,3.0,8.2,10.1,5.1,8.2,30.0,28.0,29.3,15.0
1772963506.6693509,14.1,10.1,21.2,17.2,35.4,38.4,5.1,5.0,8.0,7.2,40.0,5.1,29.3,37.0,33.7,28.9,14.3,9.2,34.3,35.0,39.2,40.6,42.0,34.3,3.1,4.1,6.1,7.1,30.0,29.3,28.3,40.0,1.0,5.1,0.0,5.1,41.0,37.6,3.1,4.0,41.0,41.0,25.0,30.0,4.0,3.1,7.0,12.1,8.0,10.0,11.1,13.1,19.2,22.2
1772963507.67289,14.1,10.2,24.2,20.6,41.4,37.6,3.0,4.1,8.2,11.1,38.4,7.0,41.2,31.7,37.4,30.9,10.3,7.1,37.0,35.4,39.6,39.2,40.0,23.8,6.1,5.0,11.0,5.1,33.3,34.3,31.0,28.3,3.0,5.1,4.0,4.0,39.0,43.6,3.1,3.1,40.6,39.6,26.3,29.0,1.0,4.0,10.2,8.1,6.1,6.1,23.2,20.0,28.3,21.2
1772963508.6745927,13.3,11.0,21.2,20.4,31.6,43.0,4.0,4.0,8.1,11.0,11.0,4.1,32.0,34.0,18.0,14.4,10.1,14.1,40.4,35.0,40.2,39.6,42.0,30.7,4.1,3.1,7.1,7.1,29.0,29.0,39.4,20.0,4.0,5.1,4.0,3.1,41.4,38.8,11.2,8.1,38.0,39.4,27.5,26.0,5.0,4.0,11.0,9.2,6.1,6.1,17.2,18.2,24.0,20.2
1772963509.6792219,13.9,9.2,20.4,22.2,31.6,49.0,5.0,5.1,4.0,4.0,5.1,5.1,37.0,35.3,21.2,17.0,8.2,6.1,35.0,36.6,42.6,40.8,40.6,40.6,4.1,4.1,6.1,7.1,35.0,32.7,41.2,21.0,5.0,5.9,1.0,4.0,42.2,35.6,16.5,24.5,23.0,22.8,31.7,27.3,2.0,6.1,8.1,10.0,7.0,8.9,19.0,20.8,21.2,25.3
1772963510.6819859,12.2,10.0,17.0,21.2,41.0,32.7,4.0,3.1,6.2,17.5,15.2,5.0,36.3,28.3,29.9,30.3,9.1,12.0,35.0,36.4,38.2,41.6,40.0,40.6,5.1,4.0,5.1,9.1,33.0,35.0,44.4,23.0,4.1,3.1,4.0,4.0,36.7,44.0,10.0,11.1,21.0,20.0,21.0,27.0,1.0,5.1,10.2,8.2,10.1,6.1,21.8,22.8,16.3,25.7
1772963511.6855018,14.1,9.0,21.2,23.2,44.4,32.3,5.1,2.0,7.1,11.2,34.0,18.0,38.4,30.7,31.3,27.3,10.1,7.2,42.0,31.0,37.6,40.2,42.2,38.2,6.0,6.0,9.0,7.0,33.7,35.4,52.0,29.7,5.1,4.0,5.0,3.0,37.3,44.6,10.2,11.2,12.0,14.9,29.3,24.0,4.0,3.1,11.1,10.0,8.1,5.1,14.3,13.3,27.7,20.6
1772963512.685593,13.1,7.1,20.4,18.0,43.9,32.7,4.0,5.1,12.2,9.2,6.1,39.4,31.7,31.3,17.3,18.4,15.2,8.1,32.0,38.1,37.6,43.6,42.4,36.4,5.1,5.1,8.1,9.1,31.0,29.0,41.4,18.2,7.1,4.0,3.0,4.1,38.8,36.4,6.1,14.3,12.0,11.2,25.0,22.0,6.1,3.0,10.1,9.2,6.1,8.1,29.0,27.3,24.0,19.8
1772963513.6861036,12.1,11.0,20.2,17.2,29.9,44.6,5.0,7.8,9.1,3.1,3.1,20.8,31.0,38.6,14.1,18.4,10.1,5.1,37.0,35.0,38.2,41.2,39.0,25.0,5.1,3.0,6.1,6.1,30.0,31.0,29.0,17.0,5.0,3.1,4.1,4.0,43.0,40.0,5.1,5.1,15.2,24.8,24.0,28.0,6.1,2.0,7.1,9.0,5.1,7.2,9.1,9.0,19.4,23.0
1772963514.6880946,14.0,8.2,18.0,18.4,30.7,40.0,5.0,3.0,6.1,13.1,4.0,9.1,33.3,31.7,21.2,24.2,1.0,9.0,37.0,34.0,38.6,42.6,27.0,35.0,4.0,7.1,7.9,4.0,30.0,35.4,32.3,26.3,4.1,2.0,5.0,3.1,37.0,39.4,2.0,3.0,28.0,29.0,23.8,22.2,6.0,3.0,7.1,7.1,7.1,4.1,25.5,22.8,18.8,19.4
1772963515.6891375,11.2,9.0,15.2,18.0,35.1,36.6,5.0,1.0,5.1,6.1,6.0,5.1,26.0,30.7,31.0,29.3,17.0,9.1,31.3,37.0,34.7,36.3,28.0,26.3,4.0,3.1,6.1,6.1,25.7,30.0,29.7,34.3,4.1,4.0,4.0,3.0,38.4,44.0,8.0,3.0,22.2,20.4,22.4,25.0,3.0,3.0,10.0,8.1,6.1,7.1,15.0,15.2,22.2,17.2
1772963516.6934416,11.1,9.1,18.0,13.3,32.7,41.6,5.0,3.0,7.1,18.0,4.0,3.1,21.8,32.3,25.0,27.6,3.0,7.3,34.3,38.0,37.9,37.6,17.2,13.0,4.1,3.0,7.0,6.1,26.5,27.3,47.0,34.0,4.0,4.0,2.0,2.0,40.0,35.0,4.0,2.0,32.4,31.7,24.5,18.8,3.1,5.1,13.1,9.0,7.1,8.0,19.0,19.4,16.2,20.2
1772963517.6935353,12.2,7.1,22.4,13.3,36.1,34.0,3.1,4.1,3.1,5.1,4.1,5.1,31.6,27.3,16.5,19.2,9.1,15.3,33.0,33.0,36.0,39.2,34.3,19.2,5.1,3.0,7.1,8.2,25.3,26.0,47.0,33.0,3.0,4.0,2.0,2.0,41.4,38.0,2.0,4.0,32.0,31.3,18.2,22.2,2.0,6.2,7.1,10.1,5.1,8.1,23.0,21.8,21.2,18.2
1772963518.6936376,12.2,8.1,14.3,15.3,34.0,38.4,3.0,6.1,15.0,4.1,3.1,5.0,33.7,31.0,17.2,15.2,3.0,7.0,27.3,37.0,39.6,36.0,36.3,39.0,8.0,3.1,7.1,5.0,28.7,24.2,41.6,36.6,4.1,4.0,8.2,1.0,38.6,40.8,3.0,2.0,30.6,32.0,18.2,18.8,3.0,5.0,7.1,10.1,5.1,6.0,10.1,9.2,15.2,20.2
1772963519.6945293,13.9,9.0,15.3,19.0,30.2,39.6,4.0,3.1,6.1,8.1,7.1,5.1,29.0,37.6,28.3,28.9,9.2,19.2,29.3,44.4,37.9,38.2,21.0,42.6,6.1,5.1,11.0,8.2,29.3,33.3,40.4,21.2,3.0,4.0,4.0,6.1,38.4,44.0,2.0,4.0,40.0,35.0,23.0,24.0,4.0,6.1,8.1,10.9,8.0,7.1,31.7,27.3,21.0,20.2
1772963520.6983824,10.4,8.1,21.2,19.0,37.4,40.6,5.0,3.0,11.1,13.3,2.0,6.0,29.0,31.3,31.6,34.3,5.1,8.2,31.0,41.4,38.6,40.6,28.0,42.4,4.0,6.0,8.1,10.2,33.0,33.3,46.5,29.3,2.0,5.1,3.0,4.1,37.6,40.6,3.0,3.0,40.6,41.2,23.0,22.2,3.0,5.1,6.1,9.2,5.1,6.1,10.2,12.1,17.2,25.3
1772963521.698472,13.1,9.1,27.3,24.5,43.9,30.3,5.1,3.1,4.1,5.0,5.2,2.1,37.6,39.6,14.1,20.6,12.2,19.0,34.3,40.6,38.6,42.6,22.2,41.0,6.9,4.1,7.1,10.0,31.0,38.4,51.5,27.7,7.1,3.1,1.0,11.2,40.4,40.4,4.0,5.1,40.4,40.4,30.7,30.7,4.0,7.1,12.2,10.1,8.1,8.1,26.0,30.0,26.0,26.3
1772963522.70356,14.1,10.9,20.4,19.0,43.4,36.3,4.1,4.1,13.1,11.2,5.0,6.9,28.0,37.6,12.2,17.5,5.0,3.1,37.0,43.0,40.4,39.8,37.3,41.2,6.1,5.0,7.1,7.1,30.0,30.0,41.6,23.2,4.0,5.0,3.0,5.9,43.1,37.0,9.0,3.0,41.2,42.2,25.0,27.3,4.0,5.0,8.9,12.7,6.1,8.0,13.7,11.9,22.4,20.0
1772963523.7037911,12.4,6.1,15.5,15.2,42.9,28.0,4.1,4.0,3.1,3.1,3.1,4.1,24.0,30.3,36.0,25.3,10.3,15.2,30.3,32.3,38.0,40.6,45.0,25.3,8.2,6.0,7.1,6.0,25.0,27.0,42.4,20.0,1.0,6.1,1.0,2.1,41.4,38.8,3.1,3.1,41.6,40.0,22.0,23.0,4.1,2.0,8.1,8.2,4.1,7.1,23.5,26.3,22.8,18.0
1772963524.7042797,12.1,9.0,20.2,10.2,38.8,36.3,6.1,2.1,12.1,6.1,3.1,5.1,29.0,29.7,33.7,28.6,6.0,3.1,41.4,29.3,39.2,33.3,39.2,23.0,3.0,3.1,5.1,9.2,32.3,28.3,30.0,29.0,6.9,3.0,2.0,3.0,37.4,43.0,3.1,7.1,39.8,39.8,21.2,23.2,1.0,4.0,8.1,8.1,10.1,10.0,17.0,17.0,16.3,20.2
1772963525.7043734,12.2,8.1,18.4,17.2,29.7,44.0,3.1,3.0,10.2,6.1,4.0,6.1,38.0,26.0,18.2,14.3,11.1,12.1,35.4,36.6,38.6,36.6,35.4,20.8,4.0,5.1,11.1,6.0,28.7,32.0,34.0,18.2,4.1,3.1,3.1,3.0,39.0,40.0,6.9,5.1,40.6,41.0,21.2,24.2,3.0,5.1,10.0,9.9,8.1,11.1,18.2,20.4,20.2,18.4
1772963526.7051113,15.0,7.1,17.8,17.3,45.5,26.3,5.0,3.0,10.0,8.2,4.0,3.1,37.0,21.2,11.2,11.2,6.1,10.1,33.0,31.7,39.6,39.6,39.6,17.2,4.0,5.0,10.9,7.1,26.0,34.0,26.3,20.2,5.0,2.0,3.0,2.0,40.0,39.0,2.0,4.1,40.6,41.6,18.2,23.0,3.1,3.0,7.1,6.1,5.1,7.0,19.0,23.8,14.1,23.2
1772963527.7052498,11.5,8.2,16.2,17.0,39.2,32.0,7.1,2.0,4.2,5.1,4.1,2.0,31.0,28.4,34.7,21.2,6.1,9.1,36.4,33.3,36.6,37.9,28.3,30.4,3.0,4.1,8.2,7.1,26.3,25.5,39.0,26.3,4.0,3.1,2.0,2.0,39.0,43.0,3.1,3.1,32.3,31.7,18.2,21.2,1.0,4.0,7.1,9.2,7.0,4.2,12.1,9.3,23.0,19.0
1772963528.7055733,13.3,11.2,18.0,16.3,38.4,34.7,4.1,2.0,5.0,8.2,6.0,5.0,31.7,25.0,32.7,30.0,12.0,10.2,32.7,36.4,35.3,37.4,41.6,29.0,5.1,1.0,7.0,8.1,32.0,23.0,36.4,43.4,4.0,3.0,2.0,3.0,41.0,41.0,2.0,1.0,30.0,32.0,24.0,18.2,3.0,2.0,11.0,10.0,6.1,6.1,29.7,26.3,13.3,22.2
1772963529.71212,10.3,5.9,14.9,14.0,26.5,41.7,3.0,2.0,6.1,11.9,5.0,3.0,30.4,26.7,20.0,24.8,9.1,4.0,28.6,35.6,35.3,38.5,27.5,38.0,3.9,6.0,5.1,4.0,32.7,21.6,36.3,32.4,3.0,3.0,2.0,2.0,41.0,37.6,1.0,5.1,27.5,26.5,21.8,22.0,2.0,2.0,6.9,5.9,6.9,3.0,9.0,8.9,17.6,16.0
1772963530.7135851,13.1,10.1,14.1,16.2,36.0,30.0,4.0,2.0,3.1,0.0,2.0,3.1,25.0,28.7,11.2,10.3,6.1,10.1,31.0,41.6,38.2,35.6,20.4,20.0,4.0,3.0,6.0,8.0,31.0,22.0,25.0,18.0,4.0,3.0,3.0,3.1,36.6,41.0,6.1,5.0,22.2,21.0,21.8,13.9,2.0,4.0,7.1,8.1,4.1,7.0,20.2,20.8,20.4,16.2
1772963531.713887,16.2,7.1,16.5,17.3,44.9,30.3,10.0,4.1,13.1,14.1,4.1,5.1,35.4,29.6,21.4,20.2,5.2,5.1,39.4,35.7,36.4,36.4,24.2,26.0,5.1,4.1,7.1,5.1,29.3,29.0,27.6,30.6,2.1,4.1,2.0,3.1,40.8,38.8,19.4,25.5,13.1,12.2,21.4,26.0,4.1,3.0,9.1,7.1,7.1,6.2,19.0,17.2,22.4,16.3
1772963532.7237406,15.8,7.1,19.8,20.2,50.0,29.0,4.1,2.0,9.1,7.0,5.0,6.1,32.4,29.7,34.0,25.5,14.1,13.3,40.0,33.7,39.8,38.5,21.0,34.3,3.1,4.0,8.0,8.8,35.0,29.3,31.7,49.0,6.9,3.0,6.1,3.0,40.2,39.8,17.3,16.2,20.8,14.7,21.8,28.0,4.0,2.0,11.8,8.9,5.2,6.1,21.0,21.0,22.8,22.8
1772963533.7238293,13.0,10.2,21.4,17.2,35.4,38.0,7.1,1.0,10.2,8.2,4.0,4.1,36.4,28.3,29.3,38.4,4.1,4.1,36.4,34.3,37.6,39.0,31.0,31.0,3.0,4.1,8.0,5.2,29.0,33.0,37.0,44.0,4.0,3.0,2.0,3.0,37.0,41.8,8.2,8.0,22.2,20.4,22.0,27.0,2.0,3.1,7.1,10.2,7.1,7.1,21.0,19.4,20.2,23.5
1772963534.7253072,13.1,9.0,16.3,19.2,44.6,26.7,3.1,5.1,4.0,2.0,6.1,2.0,28.7,29.4,13.1,13.0,12.2,5.1,29.0,34.3,37.0,34.7,40.0,42.2,3.0,5.0,6.1,7.1,24.2,28.0,28.3,52.0,4.0,5.0,4.0,4.0,37.0,40.0,16.2,5.1,32.3,29.0,22.0,25.0,3.0,2.0,10.1,12.0,4.0,6.1,11.1,11.1,18.2,17.3
1772963535.7253933,11.2,9.1,18.2,20.6,31.3,47.0,4.0,7.0,11.2,15.2,3.1,6.1,31.0,28.3,11.3,16.3,9.2,10.2,41.0,34.3,37.3,41.0,40.6,41.0,5.1,4.1,5.1,6.1,29.0,35.0,33.0,46.5,3.0,4.1,7.0,4.0,40.4,42.6,5.2,12.0,35.3,34.0,23.0,20.2,3.1,3.0,9.1,6.1,9.0,6.1,29.7,27.0,23.5,21.2
1772963536.7262602,14.0,10.2,14.4,17.8,30.6,43.6,3.1,3.1,6.2,9.1,6.0,6.1,25.5,31.0,36.7,29.3,12.0,13.1,34.3,35.0,37.0,37.9,40.6,40.6,4.0,5.0,11.0,6.2,26.3,30.3,29.0,49.5,4.0,4.0,1.0,2.1,39.4,40.0,2.0,10.1,42.0,40.6,25.3,18.2,3.0,3.1,9.1,8.0,6.2,6.1,14.0,12.2,20.0,17.0
1772963537.7265646,14.1,13.0,20.0,17.3,38.0,37.4,3.0,2.0,9.1,6.2,4.1,4.0,34.7,30.0,33.3,36.5,7.2,5.1,36.1,36.4,34.7,41.2,48.0,31.3,5.1,3.1,11.0,8.0,25.0,30.3,24.2,29.3,4.0,3.0,3.0,4.0,42.0,38.8,4.1,2.0,31.3,30.3,24.8,25.7,1.0,4.0,8.2,7.1,7.0,7.1,26.5,26.7,18.6,19.2
1772963538.7277215,12.5,9.2,19.4,20.4,35.4,35.0,5.1,2.0,9.2,12.2,5.0,4.1,27.3,35.0,11.2,12.1,13.0,13.1,30.7,39.4,39.2,37.3,41.0,39.6,4.0,4.0,5.1,7.1,27.0,37.0,27.7,49.0,4.1,5.0,3.0,3.0,40.4,40.0,5.0,1.0,31.7,30.7,29.0,22.0,4.0,2.0,8.9,8.2,7.1,7.1,13.9,9.4,21.2,22.0
1772963539.7302341,13.3,10.1,17.2,16.2,50.0,24.8,2.1,4.0,6.1,5.1,4.0,6.9,29.7,28.3,25.8,18.2,6.1,6.1,34.3,37.4,38.6,37.6,37.4,41.0,1.0,6.1,5.1,7.1,30.3,36.0,26.3,46.0,4.0,5.1,1.0,4.0,37.0,43.9,2.0,5.0,31.3,32.7,24.0,23.2,1.0,4.0,10.1,7.0,6.1,7.9,27.0,26.7,21.2,19.0
1772963540.7365766,12.1,8.0,19.2,14.0,40.0,34.7,3.0,4.0,12.1,12.2,5.1,4.0,29.7,30.4,29.0,36.4,15.2,11.0,35.6,34.7,37.9,36.3,21.8,34.0,4.0,6.0,6.1,6.0,31.0,27.5,28.0,32.0,4.0,3.0,4.0,4.1,40.2,42.2,2.0,4.0,30.7,30.7,21.8,21.8,3.0,4.0,7.0,13.7,5.1,7.1,17.8,18.8,16.8,21.2
1772963541.7415383,10.4,7.1,16.0,14.1,42.9,29.0,7.0,3.1,3.1,3.1,7.0,4.1,24.0,24.0,23.5,28.3,7.1,3.1,39.4,33.0,39.2,38.6,27.0,17.2,3.1,4.0,9.9,9.0,26.3,25.0,55.0,25.3,5.1,1.0,6.1,3.0,38.4,42.0,3.0,3.1,35.4,45.5,23.8,18.2,3.0,4.0,7.0,8.2,7.9,5.1,15.3,15.3,14.1,18.4
1772963542.7457366,10.2,9.0,14.3,15.2,42.0,28.0,4.1,2.0,8.0,18.2,4.1,6.0,33.0,30.7,12.1,10.3,13.0,13.1,27.0,40.4,36.3,38.2,30.3,10.1,3.0,5.9,11.1,7.9,26.0,25.0,52.0,21.0,4.0,4.0,6.0,1.0,41.4,37.0,2.0,3.0,40.6,39.6,21.0,22.8,3.0,3.0,8.0,7.0,4.0,8.0,27.0,24.8,19.2,20.0
1772963543.7479799,11.3,9.1,18.2,19.0,48.0,27.7,2.0,4.0,3.1,5.0,4.0,4.1,27.7,33.7,26.3,27.0,6.1,5.1,43.6,33.0,40.8,39.2,28.0,34.7,4.0,7.0,7.1,4.1,29.1,34.7,40.6,20.0,5.0,4.0,1.0,5.1,41.0,39.4,4.1,4.0,40.6,41.6,20.2,24.0,4.0,1.0,8.1,7.1,9.0,6.1,11.0,12.2,26.0,21.0
1772963544.7484496,12.2,9.1,20.4,18.4,51.5,24.0,4.1,3.0,13.4,12.2,7.9,4.0,28.0,35.0,35.7,30.3,21.2,9.2,27.8,41.0,39.6,39.2,34.7,38.6,5.1,5.1,7.1,8.1,35.7,27.6,44.0,29.7,3.1,3.1,3.1,4.1,36.4,44.0,6.1,4.1,40.4,41.0,22.4,28.3,2.0,4.1,9.1,11.1,8.1,7.1,31.7,31.0,23.0,18.6
1772963545.7501488,18.0,8.2,21.2,15.2,35.7,38.0,4.1,3.0,3.0,5.1,2.1,7.0,30.0,27.3,21.4,27.6,2.0,6.1,32.0,38.8,36.0,38.6,29.7,35.4,6.1,2.0,7.1,8.1,31.3,29.0,47.0,21.0,4.1,4.0,3.0,3.1,43.0,39.0,3.1,2.1,41.6,40.0,19.8,25.3,2.0,2.0,7.0,10.1,8.1,4.1,6.1,9.1,20.6,20.2
1772963546.7556295,11.1,7.9,18.8,17.2,38.0,36.6,3.0,2.0,12.1,12.2,5.9,5.0,31.7,28.7,16.3,20.0,14.1,11.1,31.7,40.2,36.5,37.3,39.0,43.1,4.0,4.0,9.9,7.9,23.8,30.7,42.2,22.8,3.0,5.9,1.0,2.0,41.0,40.6,5.1,3.0,33.7,31.4,22.5,22.5,1.0,5.9,8.1,10.9,7.9,6.9,30.4,31.7,19.8,23.8
1772963547.7568088,11.3,5.1,24.2,17.0,33.0,33.0,2.0,1.0,1.0,3.0,3.1,4.1,23.2,27.7,23.5,24.0,2.0,4.1,29.3,25.5,33.0,36.0,26.0,40.0,3.0,2.0,3.1,2.0,23.5,26.3,44.9,10.1,2.0,4.0,3.0,3.0,31.3,31.6,4.1,3.0,31.0,31.0,19.2,17.2,3.0,2.0,5.1,6.1,3.1,4.1,8.1,6.1,15.2,15.2
1772963548.7599654,9.4,8.9,24.2,28.6,43.3,36.0,3.0,1.0,8.2,7.0,3.1,5.1,41.0,35.0,28.3,21.2,2.0,9.0,25.0,28.0,43.1,39.2,24.0,28.0,3.0,2.0,6.9,4.0,38.0,34.0,42.6,19.8,2.0,2.0,2.0,1.0,29.0,28.7,4.0,2.0,30.0,32.0,34.0,30.0,2.0,2.0,7.0,9.1,5.0,6.0,6.1,5.1,11.9,21.8
1772963549.7600908,11.2,8.0,20.0,19.2,41.8,37.0,3.1,2.0,6.9,7.1,4.0,5.0,35.4,26.3,15.3,14.3,20.4,12.9,30.3,29.0,38.6,39.0,21.2,21.0,2.0,2.0,3.0,3.0,32.4,28.0,36.4,32.3,3.0,3.0,3.0,3.0,28.0,31.0,2.0,3.0,28.3,28.3,28.6,23.2,1.0,2.0,6.1,8.1,5.0,5.1,14.0,14.1,12.4,14.4
1772963550.762518,10.2,3.0,20.0,21.4,40.0,31.7,3.0,2.0,1.0,3.1,3.0,4.1,32.0,36.3,1.0,4.0,10.0,5.1,20.2,14.0,38.6,41.2,32.4,27.0,3.0,2.0,3.0,5.1,30.3,32.7,42.0,27.0,1.0,1.0,2.0,2.0,27.6,15.0,2.0,2.0,18.8,19.8,25.7,24.0,0.0,3.0,5.0,5.9,2.0,3.0,22.2,24.8,8.9,20.0
1772963551.7641766,10.3,7.0,20.4,22.0,37.8,35.6,2.0,5.0,5.0,2.0,5.0,5.9,36.9,30.7,9.1,17.0,2.0,1.0,29.0,40.0,35.3,39.2,22.0,31.3,4.0,3.0,4.0,4.0,26.7,35.0,38.0,30.7,2.0,4.0,1.0,3.0,33.7,44.9,2.0,4.0,11.1,12.0,27.7,26.0,2.0,3.0,10.0,7.0,5.0,7.0,4.0,5.0,18.2,15.2
1772963552.765974,13.1,10.0,20.6,13.1,42.4,32.0,5.0,6.0,5.1,9.9,4.0,6.2,31.0,32.0,26.5,33.7,7.0,20.2,35.4,35.6,39.8,40.6,8.1,32.4,5.0,6.0,7.1,8.0,30.7,34.0,17.2,28.0,1.0,5.1,5.0,4.0,36.0,42.0,4.0,4.0,11.0,12.9,21.0,22.2,1.0,3.0,6.1,10.0,4.1,7.1,16.2,16.2,21.2,18.4
1772963553.771138,15.0,12.2,22.0,14.4,34.7,42.6,2.0,3.0,9.3,7.2,5.1,5.9,29.0,34.0,33.7,25.3,8.1,6.1,36.0,34.7,33.0,37.6,17.0,30.0,4.0,4.0,6.1,6.2,28.3,25.0,31.7,12.1,5.0,9.1,4.1,2.0,40.0,41.6,31.3,6.1,24.5,21.0,22.2,24.0,4.0,5.0,10.1,8.2,7.1,7.0,25.7,22.2,18.2,21.4
1772963554.7712264,19.2,19.2,15.2,12.1,42.4,30.3,6.9,4.0,10.2,11.1,5.1,5.2,30.0,25.7,20.8,18.2,11.2,5.1,27.3,33.3,38.6,32.7,21.0,40.4,4.1,2.0,8.1,5.0,31.0,23.0,28.7,10.0,3.0,4.1,3.1,1.0,32.3,43.0,20.4,25.3,20.2,21.0,19.2,16.0,4.0,10.1,6.1,9.1,6.1,7.0,7.1,9.0,15.2,21.2
1772963555.7732332,24.7,11.0,16.5,16.2,37.8,28.2,2.1,1.0,5.0,6.1,7.0,4.0,33.3,26.0,12.4,15.3,10.0,8.1,28.0,36.3,36.3,36.0,19.0,21.2,5.1,3.0,8.0,6.1,31.0,28.0,20.2,20.4,5.1,6.0,4.0,2.0,40.0,41.0,16.3,13.1,25.0,31.0,24.0,22.2,2.0,3.0,8.0,8.0,4.1,6.1,30.0,31.0,17.2,20.8
1772963556.7772777,11.1,10.0,18.8,13.0,41.4,34.0,1.0,2.0,3.1,3.0,4.0,6.1,29.7,26.0,24.2,25.5,10.0,8.2,33.0,36.4,36.6,36.6,34.0,12.9,3.0,3.0,6.2,7.1,23.8,30.3,25.7,34.3,2.0,3.0,3.0,3.0,40.6,39.4,4.0,3.1,39.6,40.6,17.8,17.2,2.0,2.0,10.0,5.1,6.9,6.1,7.1,7.1,14.1,19.4
1772963557.7774742,9.6,11.1,17.3,20.4,42.4,28.0,4.0,4.0,13.3,10.3,7.1,7.1,32.0,29.3,23.5,35.4,13.1,8.1,31.6,37.0,35.0,39.6,37.0,35.0,4.1,3.1,5.9,6.1,32.3,26.0,21.2,60.0,3.1,5.1,4.0,4.0,41.4,39.0,17.3,7.9,40.4,40.6,25.0,18.2,2.0,2.0,10.2,7.1,4.1,6.1,26.0,27.0,24.0,15.2
1772963558.777959,12.2,10.0,20.6,15.5,38.0,38.0,3.1,5.1,6.1,6.1,6.1,4.0,26.0,35.0,20.4,20.2,6.1,7.2,35.6,36.0,38.6,38.2,40.6,20.2,5.0,2.0,8.1,5.0,21.2,38.4,25.3,50.0,5.1,3.0,2.1,4.0,37.0,37.4,5.1,5.2,36.0,36.4,21.4,24.0,2.0,1.0,9.1,8.9,5.1,7.1,17.2,17.0,20.0,21.2
1772963559.7787914,12.1,8.0,17.2,14.1,45.5,27.0,3.1,4.0,8.2,9.1,5.1,6.1,28.3,30.0,16.2,16.2,11.1,11.0,35.6,33.0,36.3,38.6,41.0,26.0,6.0,4.0,5.1,6.1,22.8,25.0,41.6,41.0,5.1,4.0,4.0,4.1,42.4,41.4,4.0,4.0,30.7,32.0,16.2,23.8,4.0,3.0,6.1,5.1,5.1,6.1,15.2,18.2,20.2,17.3
1772963560.780419,14.0,7.1,18.0,17.0,32.3,39.2,4.0,3.0,4.0,12.0,5.1,4.0,27.7,31.4,20.4,28.0,4.1,8.1,34.0,29.0,38.2,34.7,28.7,22.0,3.0,6.9,7.9,7.9,28.7,26.0,21.2,45.5,7.0,1.0,3.0,3.0,36.6,43.0,4.0,2.0,30.0,31.0,24.8,21.0,2.0,7.0,10.1,11.0,5.9,8.9,24.5,24.8,22.8,17.0
1772963561.7817304,11.3,7.1,17.0,15.5,37.4,32.3,4.1,3.1,16.3,10.3,6.0,5.1,35.6,24.5,34.7,26.0,14.1,12.2,29.9,38.0,33.7,40.6,26.0,41.0,3.0,5.1,5.1,8.2,27.3,32.7,17.2,23.5,2.0,3.0,3.0,2.0,38.8,38.6,0.0,3.0,32.0,31.3,19.2,23.2,4.1,3.1,10.9,6.1,6.1,6.2,13.4,17.0,21.2,16.3
1772963562.7824516,15.0,11.1,25.5,24.2,50.5,32.0,5.2,4.0,14.4,10.2,5.1,5.1,35.0,33.7,20.2,20.4,5.2,3.1,38.0,35.7,41.6,37.3,47.0,35.0,4.1,3.1,6.1,8.2,31.3,33.3,22.0,34.3,3.0,5.1,1.0,4.1,41.0,35.7,3.0,2.1,30.6,36.4,30.3,31.0,4.0,2.0,10.2,9.1,6.1,6.1,25.0,22.4,29.0,21.2
1772963563.783359,12.2,5.1,17.2,17.2,39.8,34.0,8.0,5.1,6.1,3.1,5.1,3.0,24.8,34.3,22.2,17.2,12.0,15.2,37.0,28.0,39.6,35.3,44.1,25.0,7.0,3.0,9.0,8.0,30.0,26.0,32.7,26.0,5.9,6.0,5.1,4.0,33.7,46.0,3.1,3.1,41.2,40.0,22.8,17.8,3.0,3.0,5.1,8.1,6.1,8.0,16.0,19.0,20.0,21.6
1772963564.7842224,10.3,7.1,16.3,18.2,30.6,41.6,3.1,2.0,3.0,4.0,3.1,7.0,31.3,28.7,20.6,20.6,4.0,4.0,32.3,37.0,39.6,37.6,31.7,28.0,3.1,2.0,6.1,6.1,28.0,27.6,11.0,30.3,1.0,4.1,2.0,2.0,35.0,47.0,1.0,3.1,40.0,41.6,26.3,22.2,4.0,6.1,7.0,9.0,6.1,5.1,17.0,16.3,20.4,19.4
1772963565.78774,14.1,8.1,17.3,15.0,37.0,41.0,6.1,3.0,14.3,11.1,4.0,4.1,34.0,29.0,26.3,31.3,17.3,16.2,32.3,32.3,40.6,39.6,35.4,24.0,5.1,5.9,10.0,8.0,27.7,33.7,24.5,41.0,2.0,4.1,5.0,5.1,36.4,40.4,5.1,3.1,40.6,41.6,22.0,21.6,1.0,4.0,6.1,9.1,5.1,8.2,18.2,19.6,25.0,18.4
1772963566.7878253,13.3,8.0,23.8,19.4,37.4,32.0,3.0,2.0,2.0,4.0,2.1,4.0,33.0,22.0,18.6,21.2,3.1,1.0,28.0,30.3,38.6,42.6,36.0,19.2,5.0,4.0,3.1,6.1,21.4,32.3,26.0,36.4,1.0,4.0,1.0,2.0,37.0,32.7,4.0,4.0,39.8,41.0,30.0,19.0,4.0,3.0,9.1,10.1,6.1,4.1,15.3,15.2,13.3,20.2
1772963567.7879112,7.3,3.0,0.0,0.0,1.0,5.0,0.0,0.0,9.1,12.0,1.0,1.0,2.0,1.0,23.0,14.1,17.2,14.1,4.0,1.0,2.0,1.0,25.0,14.1,1.0,0.0,1.0,3.0,0.0,1.0,33.7,37.4,1.0,3.0,1.0,0.0,41.0,43.0,2.0,0.0,30.7,30.0,0.0,0.0,0.0,0.0,1.0,0.0,0.0,0.0,22.8,21.0,3.0,2.0
1772963568.7879891,7.0,0.0,0.0,0.0,0.0,0.0,1.0,0.0,0.0,0.0,0.0,0.0,0.0,0.0,18.2,20.0,0.0,0.0,0.0,0.0,0.0,0.0,19.2,0.0,0.0,0.0,0.0,0.0,2.0,0.0,21.2,48.0,0.0,0.0,1.0,1.0,35.0,40.4,0.0,0.0,30.7,30.7,0.0,0.0,0.0,0.0,0.0,0.0,0.0,1.0,9.0,13.0,0.0,0.0
1772963569.7880661,2.1,0.0,0.0,0.0,0.0,0.0,0.0,0.0,0.0,0.0,0.0,0.0,0.0,0.0,7.1,9.1,0.0,0.0,0.0,0.0,0.0,0.0,20.8,0.0,0.0,0.0,0.0,0.0,0.0,0.0,18.0,43.1,0.0,0.0,1.0,0.0,20.0,40.0,0.0,0.0,31.0,30.7,0.0,0.0,0.0,0.0,0.0,0.0,0.0,0.0,0.0,0.0,0.0,0.0
1772963570.7881389,0.0,0.0,0.0,0.0,0.0,0.0,0.0,0.0,0.0,0.0,0.0,0.0,0.0,0.0,0.0,0.0,0.0,0.0,0.0,0.0,0.0,0.0,20.0,0.0,0.0,0.0,0.0,0.0,0.0,0.0,16.8,43.0,0.0,0.0,0.0,0.0,21.0,40.0,0.0,0.0,28.0,27.0,0.0,0.0,0.0,0.0,0.0,0.0,0.0,0.0,0.0,0.0,0.0,0.0
1772963571.788217,0.0,0.0,0.0,0.0,0.0,0.0,0.0,0.0,0.0,0.0,0.0,0.0,0.0,0.0,0.0,0.0,0.0,0.0,0.0,0.0,0.0,0.0,20.6,0.0,0.0,0.0,0.0,0.0,0.0,0.0,4.0,44.0,0.0,0.0,0.0,0.0,20.0,40.6,0.0,1.0,14.9,14.0,0.0,0.0,0.0,0.0,0.0,0.0,0.0,0.0,0.0,0.0,0.0,0.0
1772963572.7882857,1.0,0.0,0.0,0.0,0.0,0.0,0.0,0.0,0.0,0.0,0.0,0.0,0.0,0.0,0.0,0.0,0.0,0.0,0.0,0.0,0.0,0.0,20.2,0.0,0.0,0.0,0.0,0.0,0.0,0.0,0.0,40.0,0.0,0.0,0.0,0.0,19.2,39.8,0.0,0.0,10.0,9.9,0.0,0.0,0.0,0.0,0.0,0.0,0.0,0.0,0.0,0.0,0.0,0.0
1772963573.788353,0.0,0.0,0.0,0.0,0.0,0.0,0.0,0.0,0.0,0.0,0.0,0.0,0.0,0.0,0.0,0.0,0.0,0.0,0.0,0.0,0.0,0.0,20.8,0.0,0.0,0.0,0.0,0.0,0.0,0.0,13.1,23.8,0.0,0.0,0.0,2.0,20.8,40.6,0.0,0.0,10.0,10.0,0.0,0.0,0.0,0.0,0.0,0.0,0.0,0.0,0.0,0.0,0.0,0.0
1772963574.7884266,0.0,0.0,0.0,0.0,0.0,0.0,0.0,0.0,0.0,0.0,0.0,0.0,0.0,0.0,0.0,0.0,0.0,0.0,0.0,0.0,0.0,0.0,13.9,7.8,0.0,0.0,0.0,0.0,0.0,0.0,0.0,0.0,0.0,0.0,0.0,0.0,20.0,40.0,0.0,0.0,10.9,10.9,0.0,0.0,0.0,0.0,0.0,0.0,0.0,0.0,0.0,0.0,0.0,0.0
1772963575.7885027,0.0,0.0,0.0,0.0,0.0,0.0,0.0,0.0,0.0,0.0,0.0,0.0,0.0,0.0,0.0,0.0,0.0,0.0,0.0,0.0,0.0,0.0,3.0,2.0,0.0,0.0,0.0,0.0,0.0,0.0,0.0,0.0,0.0,0.0,0.0,0.0,35.4,25.0,0.0,0.0,10.0,9.1,0.0,0.0,0.0,0.0,0.0,0.0,0.0,0.0,0.0,0.0,0.0,0.0
1772963576.788575,0.0,0.0,0.0,0.0,0.0,0.0,0.0,0.0,0.0,0.0,0.0,0.0,0.0,0.0,0.0,0.0,0.0,0.0,0.0,0.0,0.0,0.0,0.0,0.0,0.0,0.0,0.0,0.0,0.0,0.0,0.0,0.0,0.0,0.0,0.0,0.0,40.6,19.2,0.0,0.0,11.0,9.9,0.0,1.0,0.0,0.0,0.0,1.0,0.0,0.0,0.0,0.0,0.0,0.0
1772963577.788643,0.0,0.0,0.0,0.0,0.0,1.0,0.0,0.0,0.0,0.0,0.0,0.0,0.0,0.0,0.0,0.0,0.0,0.0,0.0,0.0,0.0,0.0,0.0,0.0,0.0,0.0,0.0,0.0,0.0,0.0,0.0,0.0,0.0,0.0,0.0,0.0,40.4,10.9,0.0,0.0,10.0,10.0,0.0,0.0,0.0,0.0,0.0,0.0,0.0,0.0,0.0,0.0,0.0,0.0
1772963578.7887073,0.0,0.0,1.0,0.0,0.0,0.0,0.0,0.0,0.0,0.0,0.0,0.0,0.0,0.0,0.0,0.0,0.0,0.0,0.0,0.0,0.0,0.0,0.0,0.0,0.0,0.0,0.0,0.0,0.0,0.0,0.0,0.0,0.0,0.0,0.0,0.0,32.3,0.0,0.0,0.0,10.0,10.9,0.0,0.0,0.0,0.0,0.0,0.0,0.0,0.0,0.0,0.0,0.0,0.0
1772963579.7887778,0.0,0.0,0.0,0.0,0.0,0.0,0.0,0.0,0.0,0.0,0.0,0.0,0.0,0.0,0.0,0.0,0.0,0.0,0.0,0.0,0.0,0.0,0.0,0.0,0.0,0.0,0.0,0.0,0.0,0.0,0.0,0.0,0.0,0.0,0.0,0.0,21.0,0.0,0.0,0.0,10.0,10.1,0.0,0.0,0.0,0.0,0.0,0.0,0.0,0.0,0.0,0.0,0.0,0.0
1772963580.788845,0.0,0.0,0.0,0.0,0.0,0.0,0.0,0.0,0.0,0.0,0.0,0.0,0.0,0.0,0.0,0.0,0.0,0.0,0.0,0.0,0.0,0.0,0.0,0.0,0.0,0.0,0.0,0.0,0.0,0.0,0.0,0.0,0.0,0.0,0.0,0.0,19.0,0.0,0.0,0.0,4.0,3.0,0.0,0.0,0.0,0.0,0.0,0.0,0.0,0.0,0.0,0.0,0.0,0.0
