timestamp,CPU_0(group_0),CPU_64(group_0),CPU_2(group_0),CPU_66(group_0),CPU_4(group_0),CPU_68(group_0),CPU_6(group_0),CPU_70(group_0),CPU_8(group_0),CPU_72(group_0),CPU_10(group_0),CPU_74(group_0),CPU_12(group_0),CPU_76(group_0),CPU_14(group_0),CPU_78(group_0),CPU_16(group_0),CPU_80(group_0),CPU_18(group_0),CPU_82(group_0),CPU_20(group_0),CPU_84(group_0),CPU_22(group_0),CPU_86(group_0),CPU_24(group_0),CPU_88(group_0),CPU_26(group_0),CPU_90(group_0),CPU_28(group_0),CPU_92(group_0),CPU_30(group_0),CPU_94(group_0),CPU_32(group_0),CPU_96(group_0),CPU_34(group_0),CPU_98(group_0),CPU_36(group_0),CPU_100(group_0),CPU_38(group_0),CPU_102(group_0),CPU_40(group_0),CPU_104(group_0),CPU_42(group_0),CPU_106(group_0),CPU_44(group_0),CPU_108(group_0),CPU_46(group_0),CPU_110(group_0),CPU_48(group_0),CPU_112(group_0),CPU_50(group_0),CPU_114(group_0),CPU_52(group_0),CPU_116(group_0)
1772505569.2598743,0.0,0.0,0.0,0.0,100.0,100.0,0.0,0.0,0.0,0.0,0.0,0.0,0.0,100.0,100.0,0.0,0.0,0.0,0.0,0.0,0.0,0.0,0.0,0.0,100.0,0.0,0.0,0.0,0.0,0.0,0.0,0.0,0.0,0.0,0.0,0.0,0.0,0.0,0.0,0.0,0.0,0.0,0.0,0.0,0.0,0.0,0.0,0.0,0.0,0.0,0.0,0.0,0.0,0.0
1772505570.2599592,43.7,42.7,46.4,51.0,43.7,43.3,70.4,66.0,37.1,24.2,43.3,51.5,53.1,46.9,35.4,37.8,40.6,49.0,42.3,38.1,37.5,34.7,54.6,57.7,34.7,25.3,44.4,45.9,46.9,50.5,36.4,35.7,34.7,38.1,44.9,39.2,27.8,40.4,22.7,35.4,54.6,51.0,29.9,29.9,28.1,30.9,24.2,21.1,43.3,46.5,35.4,35.1,37.8,47.4
1772505571.2660599,42.6,30.4,38.4,34.0,20.4,18.8,54.5,43.6,30.7,27.3,28.4,34.0,31.7,31.0,19.4,15.3,33.0,35.4,40.0,37.4,27.7,34.7,38.0,40.0,24.5,13.1,32.0,39.6,35.0,33.0,23.8,25.0,28.0,38.6,38.0,26.5,32.7,19.8,23.2,15.3,39.2,36.4,27.7,32.7,18.4,17.8,14.3,17.2,30.7,21.0,47.1,37.0,25.3,26.0
1772505572.267027,42.3,32.7,53.1,43.4,38.4,38.8,55.0,55.1,34.3,32.0,46.9,41.0,41.8,33.3,35.4,38.8,42.9,43.3,59.6,50.0,35.7,32.7,55.0,56.4,29.6,27.0,50.5,47.4,43.4,44.4,33.0,37.5,45.5,30.3,49.0,52.0,27.6,27.0,30.9,23.7,43.4,41.4,41.4,36.0,32.7,33.0,26.5,31.0,35.1,36.4,31.6,31.3,38.1,36.4
1772505573.2763453,36.4,28.0,42.2,38.0,33.0,32.3,35.4,47.5,22.2,40.0,41.4,44.4,30.4,38.6,31.0,41.0,44.4,47.5,42.0,38.0,24.2,29.0,44.0,48.0,22.2,27.6,52.0,52.9,43.0,33.3,36.0,44.6,30.0,34.0,35.0,34.0,27.3,32.7,29.7,34.3,43.6,50.0,21.6,21.4,31.6,35.4,27.0,30.7,29.0,27.3,29.3,27.3,42.0,38.4
1772505574.2779746,42.9,36.1,39.2,48.0,45.7,43.3,58.8,49.0,42.9,39.2,59.0,60.0,46.9,41.7,37.5,42.4,59.6,61.0,44.9,45.5,32.7,40.8,59.0,55.6,37.8,29.2,63.0,53.1,60.6,62.6,38.1,34.3,40.8,37.9,48.5,43.9,34.7,40.8,34.7,31.6,51.0,63.3,38.4,37.1,51.0,48.0,41.4,41.2,40.2,37.1,38.8,44.4,34.7,41.8
1772505575.2780392,33.0,21.2,24.7,33.7,30.6,26.5,31.3,34.7,23.5,32.3,36.7,31.3,42.4,36.4,17.3,24.5,53.1,53.0,43.4,44.3,30.6,27.6,35.7,29.6,18.2,16.3,39.8,34.7,41.4,28.6,21.2,17.7,29.3,26.3,25.5,36.7,21.6,23.5,24.7,24.7,38.8,38.8,22.9,23.7,23.7,20.4,21.2,21.4,29.9,19.6,35.7,36.5,20.4,32.7
1772505576.278111,32.0,16.2,34.3,21.0,34.3,44.0,36.6,21.2,16.2,20.2,27.5,23.0,31.3,21.2,19.4,22.4,36.0,44.6,34.3,41.6,20.4,14.1,43.4,41.6,15.3,15.2,26.0,29.0,34.3,39.6,19.0,18.0,17.3,32.0,25.0,17.0,19.0,15.0,25.0,19.0,44.0,36.6,19.0,23.5,25.5,20.4,29.6,31.0,36.4,32.0,43.4,45.5,17.0,17.2
1772505577.278204,26.5,21.2,25.3,27.3,23.2,26.5,33.3,30.3,29.0,12.1,20.4,37.0,30.0,17.3,18.2,18.4,36.0,40.8,25.3,20.2,17.3,26.5,39.6,34.3,7.1,5.2,25.5,26.3,12.1,38.8,7.1,26.3,23.8,13.1,17.2,21.0,14.1,10.2,5.2,7.1,52.0,38.8,11.2,7.2,18.4,17.3,23.0,23.0,13.9,14.4,25.7,24.2,16.2,12.1
1772505578.2782857,23.2,19.2,32.3,14.3,22.4,21.6,39.8,22.2,25.3,7.1,31.0,29.3,25.3,21.2,22.2,10.2,38.8,44.0,21.8,18.2,23.5,10.1,43.0,28.3,5.1,5.1,32.3,22.2,34.3,19.2,14.3,22.2,23.0,7.1,19.2,17.2,12.1,15.0,16.0,7.0,42.9,34.0,19.4,13.0,17.5,10.4,18.2,18.0,12.0,21.0,27.0,19.4,17.3,15.3
1772505579.2793508,25.8,11.1,33.0,17.2,14.3,15.0,29.7,23.2,25.3,6.1,17.2,20.2,25.0,19.2,13.0,7.1,42.0,39.0,12.9,18.0,11.9,15.2,32.0,34.0,5.1,5.0,34.0,27.6,37.4,4.0,1.0,22.2,22.8,8.0,20.0,15.8,9.1,11.0,30.6,4.1,33.0,31.7,5.1,8.1,21.2,22.2,16.8,15.2,4.1,14.1,27.0,24.2,17.0,10.2
1772505580.2802017,31.4,21.2,18.2,28.4,23.2,23.5,32.0,30.0,27.3,9.1,23.8,22.0,22.5,19.4,16.5,22.2,36.6,35.0,21.4,16.0,14.3,13.3,37.8,40.4,4.0,5.1,25.0,22.8,22.0,34.3,2.0,21.0,9.1,19.2,19.2,15.0,11.0,11.0,3.0,7.0,26.3,38.4,13.9,14.1,24.0,14.1,23.0,18.8,11.9,18.8,12.9,16.2,14.1,15.2
1772505581.280688,28.0,17.8,21.6,27.3,21.4,20.2,29.3,31.7,27.0,8.1,20.2,33.7,23.2,25.0,13.1,9.2,40.4,35.6,21.8,16.0,16.8,7.0,37.3,32.7,20.0,5.1,26.0,25.3,26.7,25.5,2.0,22.8,4.1,24.0,17.8,11.2,10.9,11.1,6.0,3.1,37.0,40.6,10.2,9.1,17.2,11.1,13.1,13.0,7.1,17.2,12.2,21.0,11.0,14.3
1772505582.282018,23.2,17.2,20.4,29.3,18.2,18.0,33.0,33.7,21.2,13.1,30.3,20.4,20.2,24.0,13.1,19.2,35.0,36.0,16.3,16.2,19.0,7.0,27.6,37.0,20.0,6.1,25.3,25.0,28.3,16.0,3.0,21.2,6.1,23.2,18.2,18.0,14.1,10.1,6.0,4.0,29.6,44.4,13.7,13.1,13.0,5.1,20.8,20.2,14.3,11.1,18.8,12.1,14.3,9.2
1772505583.2821054,28.3,14.0,23.0,25.0,22.0,10.2,27.6,28.3,12.4,14.1,17.0,23.0,16.0,23.5,12.2,6.1,36.0,43.0,20.8,20.0,10.2,13.1,36.0,37.4,11.1,5.0,23.5,23.0,26.3,26.5,2.0,22.2,19.2,10.0,14.0,18.8,12.0,11.9,5.1,7.0,28.0,29.0,10.2,9.0,15.3,19.0,13.9,13.0,12.0,18.0,18.2,14.0,10.1,17.2
1772505584.2821944,10.1,12.2,26.0,23.8,18.2,24.5,34.0,32.0,17.2,22.2,18.8,25.0,30.0,17.2,18.2,23.0,29.0,45.0,16.2,17.0,8.1,14.1,32.3,34.7,5.1,3.1,23.5,24.2,22.2,21.0,1.0,21.0,19.6,10.1,13.3,18.2,10.0,11.1,4.1,4.0,32.0,32.0,9.0,11.2,18.2,11.2,20.0,18.0,8.0,13.3,20.0,14.0,12.1,12.2
1772505585.2830436,18.8,8.1,25.0,29.7,25.8,24.0,32.3,25.3,22.0,6.0,30.3,29.7,21.8,23.0,13.1,12.1,39.4,37.4,20.0,17.5,17.2,11.1,39.2,42.4,5.1,4.1,22.4,25.0,25.5,26.0,2.0,21.0,13.3,15.0,14.9,19.0,14.3,10.0,4.0,6.1,49.5,28.0,11.2,13.0,15.0,11.1,14.0,13.7,20.4,15.8,19.8,19.2,14.3,14.1
1772505586.2851713,19.4,1.0,19.4,23.5,18.0,15.3,27.0,28.3,15.2,13.1,29.7,28.3,19.2,24.0,17.2,9.2,38.6,33.7,14.9,21.6,13.0,11.9,28.0,34.7,2.0,6.0,16.8,25.3,22.8,21.0,2.0,22.8,6.0,22.0,9.9,20.0,12.9,12.9,1.0,6.1,26.0,28.0,9.0,9.1,1.0,12.0,18.8,18.0,13.0,4.1,16.2,14.0,16.0,12.0
1772505587.2852602,8.2,14.1,14.3,31.4,18.0,13.3,34.0,21.8,3.1,4.0,20.0,13.1,13.3,11.0,16.2,11.0,34.0,34.7,13.3,20.2,18.0,11.1,25.3,35.4,2.0,3.1,5.2,22.0,22.0,25.0,1.0,20.4,5.1,3.0,19.2,13.0,12.9,8.1,2.0,6.9,30.7,26.3,15.0,10.1,16.3,22.4,14.1,14.0,15.0,11.1,12.0,21.0,12.1,18.2
1772505588.2867734,15.5,15.0,19.0,26.0,13.4,21.0,22.4,17.5,10.0,28.3,21.2,15.2,9.9,16.0,15.8,16.5,30.0,26.3,16.8,22.2,17.2,12.0,43.4,29.7,7.0,5.0,7.0,20.8,31.0,11.2,2.0,22.0,8.1,4.0,22.0,13.9,13.1,11.8,2.0,6.1,15.2,30.0,11.1,8.0,14.0,15.3,17.8,15.0,8.0,12.1,18.2,14.1,10.2,14.0
1772505589.2888288,22.8,22.2,21.6,29.3,26.0,21.2,22.5,26.7,10.1,25.7,34.0,24.8,27.0,20.0,13.3,6.0,27.0,27.5,21.0,16.8,17.6,9.1,34.7,18.2,4.0,3.0,24.2,14.1,39.0,9.9,1.0,21.0,12.9,16.8,15.0,17.0,12.0,11.9,2.0,3.0,17.8,44.0,14.9,15.0,6.1,14.0,11.9,14.6,8.9,15.0,11.0,8.1,13.0,18.0
1772505590.2963998,28.6,14.3,14.4,29.0,21.2,18.2,28.6,36.6,12.1,27.0,32.0,27.0,26.3,16.3,18.0,15.2,26.0,27.6,15.2,21.0,18.2,10.1,38.0,44.1,5.0,4.1,23.2,24.8,29.3,16.0,8.2,16.2,4.1,23.2,16.2,13.0,11.1,13.1,7.0,4.0,39.4,34.0,11.0,5.1,12.1,11.1,9.1,9.1,11.2,9.2,8.1,7.0,16.0,12.1
1772505591.2973602,25.5,17.0,24.5,24.0,19.2,21.0,25.3,32.0,7.0,26.5,23.0,21.2,22.8,20.0,21.2,17.0,35.4,31.0,18.2,16.0,15.2,11.1,29.0,43.4,5.1,5.9,20.2,31.3,31.4,22.2,21.2,2.0,9.0,21.8,23.5,9.9,10.0,13.0,4.0,7.1,30.7,32.7,17.0,12.2,24.5,16.2,7.0,5.1,12.1,13.1,6.1,3.1,11.1,16.0
1772505592.2979238,26.7,17.3,21.2,27.3,21.2,21.2,30.3,34.3,11.1,26.7,26.0,22.8,32.0,15.0,11.1,12.0,38.4,33.3,17.8,19.0,17.0,6.1,40.6,39.0,2.1,4.1,25.7,23.0,14.4,29.0,22.8,2.0,6.1,22.8,19.2,12.0,12.9,10.0,8.1,7.0,37.0,40.6,10.2,10.0,11.1,14.1,12.0,10.1,13.0,11.0,15.2,11.0,18.4,12.1
1772505593.3005342,30.6,14.7,12.1,32.0,20.4,21.4,33.7,28.7,9.0,22.8,22.2,32.7,27.7,16.0,15.2,14.3,35.6,38.6,20.2,17.6,16.8,12.9,32.0,30.3,18.0,11.0,29.3,29.3,24.0,20.2,16.2,18.0,7.0,21.8,20.8,16.0,12.0,11.8,4.0,4.0,44.6,34.7,13.9,13.0,12.0,12.1,11.0,17.0,18.4,12.1,15.0,19.2,10.1,18.2
1772505594.301237,22.1,24.5,32.0,26.0,23.0,15.3,30.0,33.7,12.4,22.4,27.6,32.7,19.4,25.0,12.1,15.2,40.6,38.0,21.0,20.6,19.4,13.1,37.4,44.6,7.0,6.1,29.3,32.3,28.3,27.6,16.0,25.3,16.2,18.4,23.2,17.2,12.2,12.1,5.1,6.1,34.7,29.3,10.2,11.3,26.5,14.1,18.2,21.2,15.2,19.4,20.0,16.3,15.2,19.6
1772505595.3016489,20.0,24.0,23.2,31.0,23.7,17.0,30.6,32.7,17.3,18.2,17.2,15.2,8.1,16.3,17.5,18.2,41.8,33.3,21.2,20.0,13.1,9.1,35.4,41.8,4.1,7.0,23.5,20.6,27.3,21.0,8.1,21.0,11.1,17.3,14.0,21.2,10.9,15.0,5.1,4.0,35.6,36.4,17.3,12.0,22.4,11.3,16.8,15.2,13.4,5.1,17.2,15.2,9.1,18.4
1772505596.3017304,23.7,17.0,16.2,29.0,18.4,23.5,16.3,21.2,8.2,22.2,26.0,26.3,6.0,19.0,16.5,8.2,38.4,33.0,19.0,17.2,10.1,14.3,30.7,39.4,4.1,4.0,20.0,25.7,37.0,13.1,2.0,19.2,12.1,16.0,16.8,15.0,8.9,13.1,5.1,3.0,30.0,33.0,11.0,16.2,9.0,9.1,24.2,17.0,15.0,12.1,13.0,19.0,8.1,18.0
1772505597.3037317,16.7,24.2,20.2,27.0,18.0,22.2,21.8,19.0,10.1,11.0,24.8,37.3,8.0,16.2,12.7,14.0,31.0,46.0,23.0,20.0,13.0,12.0,33.0,31.0,4.1,5.1,24.2,23.0,38.6,13.0,1.0,22.2,12.1,18.8,18.0,10.8,11.1,11.0,6.1,3.0,31.6,25.0,14.9,21.0,12.2,15.3,17.8,16.0,22.0,4.0,16.0,22.0,10.2,15.2
1772505598.3041973,27.3,22.0,30.7,13.3,17.5,18.0,14.3,23.5,18.2,6.1,25.3,22.8,11.2,16.0,11.3,18.2,35.4,39.0,21.2,19.0,16.0,11.2,43.4,35.7,7.8,4.1,20.8,28.6,27.3,14.0,2.0,20.8,5.1,14.1,25.7,16.2,12.0,12.0,3.1,3.1,23.0,33.7,8.2,9.1,36.4,26.3,16.8,17.0,17.0,6.1,21.4,30.0,19.0,11.2
1772505599.305557,26.8,15.2,29.6,25.7,24.8,21.4,19.0,25.0,30.0,12.9,26.7,12.1,19.8,8.1,18.0,17.2,44.6,34.0,21.8,20.0,12.9,14.0,34.7,43.1,9.0,3.0,26.7,20.0,28.7,23.2,7.0,16.3,8.0,5.1,19.8,19.8,12.0,12.9,5.0,6.0,27.7,47.6,14.9,15.0,10.0,18.4,19.0,18.8,22.5,6.1,19.2,14.1,19.0,14.0
1772505600.3056386,16.0,22.2,20.0,27.0,21.4,21.0,22.2,24.2,8.1,20.4,25.3,32.0,19.2,24.0,12.2,13.3,42.6,30.6,13.3,22.2,9.3,13.3,27.3,31.7,9.2,4.1,26.3,14.1,18.4,22.2,21.8,3.0,17.2,12.1,10.1,17.3,9.1,10.1,5.1,3.1,31.3,34.7,11.0,6.1,9.2,4.1,13.0,15.0,15.2,7.1,14.0,19.0,13.1,12.5
1772505601.305948,19.8,22.0,32.3,17.3,20.4,18.4,29.6,30.0,24.2,16.2,31.0,27.0,20.4,27.3,16.0,10.2,30.6,44.6,19.2,19.2,9.0,22.4,36.7,45.5,5.1,6.1,22.4,12.1,21.4,28.0,21.4,2.0,13.0,16.2,22.0,12.1,13.1,11.0,9.0,3.0,24.2,30.3,10.1,14.3,18.4,19.4,16.0,18.0,16.2,13.3,19.2,14.3,14.1,15.0
1772505602.3060284,26.5,13.0,30.7,14.0,17.2,21.0,34.3,28.3,21.0,4.0,20.2,24.2,25.3,15.2,22.2,16.2,33.7,41.6,22.0,16.0,15.2,13.1,36.0,29.0,6.1,2.0,20.2,26.3,22.8,17.3,20.0,2.0,24.0,3.0,15.8,15.8,13.0,8.1,4.1,1.0,36.0,31.3,12.1,13.9,23.0,13.3,16.0,14.0,4.0,13.3,17.0,16.0,15.0,15.0
1772505603.3082862,20.2,4.0,28.6,16.0,19.6,25.0,30.7,24.2,18.0,20.2,15.0,17.2,20.0,21.8,10.2,10.9,39.4,34.3,15.3,19.0,11.0,16.8,26.0,39.4,5.1,7.0,27.0,22.8,30.3,26.7,22.8,2.0,22.8,6.0,15.8,18.0,12.0,12.0,6.1,4.0,41.0,31.0,9.2,10.2,6.1,9.1,15.8,14.0,16.0,11.1,17.2,13.0,11.1,11.2
1772505604.3098211,7.4,14.0,32.0,22.8,19.4,19.4,25.5,37.6,6.1,23.8,32.7,23.2,18.2,9.1,11.0,16.2,39.0,36.0,18.8,21.0,10.1,10.1,39.2,33.7,3.0,2.1,20.6,23.0,25.7,19.0,21.0,2.0,20.2,6.1,15.8,16.0,12.9,10.9,4.1,2.1,38.4,36.0,11.9,14.0,12.1,4.0,16.0,18.8,8.0,14.0,17.0,17.0,17.0,12.9
1772505605.310236,16.3,9.3,25.3,28.6,26.0,17.2,25.0,21.2,17.2,23.2,35.4,22.2,23.2,18.2,13.3,12.1,36.0,33.3,17.2,23.2,15.2,16.8,38.8,30.3,6.1,5.0,24.7,21.4,32.3,18.2,22.0,6.1,16.0,11.1,18.0,15.0,14.1,12.1,4.1,5.1,36.0,31.3,13.3,15.2,18.4,24.7,19.2,20.2,15.0,17.2,16.3,14.3,14.1,12.2
1772505606.3103209,21.4,18.0,24.2,24.0,23.7,21.4,29.6,34.3,14.4,14.3,22.2,19.2,31.0,10.2,21.2,20.4,26.3,27.0,18.2,19.2,17.2,6.2,47.0,37.0,5.0,4.1,21.2,27.0,10.2,32.3,2.0,20.2,22.8,5.1,22.2,10.1,12.0,11.0,7.1,2.0,39.0,38.0,8.1,13.1,18.2,15.2,14.0,13.0,6.1,19.0,18.0,19.2,13.0,20.8
1772505607.3116949,26.5,30.0,31.7,20.2,26.0,27.0,30.0,29.3,12.0,27.3,28.4,14.1,32.7,17.2,8.1,14.0,26.0,32.0,24.2,20.0,14.1,17.0,41.0,29.7,4.0,5.1,22.4,22.2,31.7,18.8,2.0,21.8,15.2,13.0,16.0,19.8,11.9,13.9,4.0,6.1,25.7,33.0,13.1,13.0,8.2,10.1,20.6,20.8,10.1,15.2,17.0,20.6,16.3,19.2
1772505608.3147955,17.3,25.0,28.0,18.4,16.3,12.2,32.7,29.4,11.2,12.0,35.6,21.8,32.7,16.8,19.2,11.1,30.3,22.4,20.0,19.0,15.8,10.1,35.0,42.0,5.1,3.1,7.9,23.8,19.2,27.8,14.9,8.2,12.0,14.0,18.2,19.0,12.1,8.2,2.0,5.1,10.1,14.0,11.1,17.2,15.2,4.1,11.1,18.0,29.7,26.0,15.2,15.2,9.1,17.3
1772505609.3169048,17.5,28.0,28.3,27.5,23.7,19.2,34.3,25.5,21.0,15.0,31.3,29.3,29.0,17.0,16.0,16.0,29.7,37.0,23.0,20.2,21.4,12.0,34.3,35.4,6.1,5.1,7.0,12.2,28.7,22.0,33.3,21.2,21.2,9.2,20.0,16.2,14.0,11.0,8.0,4.0,19.0,27.0,8.2,10.0,19.4,22.4,21.8,21.6,17.2,17.5,9.1,9.0,15.0,25.0
1772505610.3180096,16.8,23.2,26.3,20.2,26.5,15.3,37.0,26.7,14.1,28.0,20.8,27.0,21.0,24.2,16.2,20.4,36.0,37.0,19.0,17.0,22.0,5.1,39.6,41.0,4.1,6.0,8.1,14.1,35.0,12.0,34.7,17.0,10.2,9.9,20.8,18.0,10.1,12.9,1.0,6.1,22.2,35.4,16.8,15.3,19.6,12.1,7.0,4.0,10.0,17.8,8.2,7.1,16.3,9.2
1772505611.3200152,16.7,24.8,27.7,28.3,20.8,22.2,25.5,23.2,6.0,20.2,18.4,23.5,20.0,26.7,12.2,10.1,41.6,33.7,17.8,23.8,17.3,10.1,30.0,33.0,3.1,4.1,6.1,29.0,33.0,13.3,21.2,17.0,14.3,22.2,16.3,16.8,12.0,12.1,6.0,7.0,17.0,34.7,9.1,7.0,2.0,13.1,12.1,12.0,9.2,13.3,8.1,13.1,15.3,17.8
1772505612.3210297,21.6,20.0,29.6,22.2,18.8,16.5,26.5,31.3,12.1,32.7,27.0,33.3,20.2,26.3,14.0,21.8,40.2,42.6,21.2,19.2,14.0,15.2,47.5,35.0,5.9,7.1,21.0,34.0,29.0,28.0,21.2,2.0,25.7,20.6,17.8,14.1,18.0,14.0,3.1,7.1,29.0,30.6,17.3,14.0,22.4,23.2,5.1,4.1,12.1,17.0,17.2,11.3,14.0,15.6
1772505613.321125,20.2,23.0,23.0,23.0,27.7,23.0,22.2,22.2,4.1,21.4,25.0,32.3,28.9,17.2,16.3,22.4,38.6,35.0,17.0,21.2,10.0,31.7,43.0,26.0,2.1,5.1,22.4,29.7,18.2,23.7,13.3,11.0,24.0,4.0,25.0,12.2,10.1,11.1,3.1,5.1,39.0,40.6,11.9,12.1,28.3,22.0,12.0,14.0,16.2,8.2,17.2,16.2,12.4,21.0
1772505614.323262,24.0,15.3,13.3,33.7,19.2,23.2,16.2,14.1,14.3,20.8,19.0,24.0,25.5,24.0,10.2,10.1,40.0,30.6,17.0,18.8,8.1,16.2,33.0,43.0,2.0,3.1,28.0,20.2,29.0,17.8,20.8,1.0,24.0,3.1,18.0,12.1,11.1,10.9,4.0,4.1,35.0,37.8,12.1,15.0,13.9,11.2,14.0,16.0,12.1,25.0,16.8,19.0,9.9,13.1
1772505615.3247826,29.6,16.0,25.3,27.7,15.0,14.3,20.0,27.3,20.8,12.0,22.2,13.1,25.3,14.1,11.9,16.3,40.6,37.0,20.0,19.2,17.0,16.2,33.7,26.3,3.0,4.0,24.0,23.2,29.3,17.0,20.0,2.0,20.8,4.0,14.9,19.8,11.0,12.0,6.1,7.0,35.0,25.0,13.0,4.0,5.2,16.0,17.6,15.2,8.0,19.8,15.3,19.0,18.0,11.1
1772505616.3265178,25.3,20.2,25.5,29.0,22.7,23.0,26.3,28.0,16.3,15.3,32.7,28.0,17.0,17.0,17.3,15.2,34.3,40.4,20.4,19.8,12.0,16.8,32.7,42.0,4.0,6.1,33.3,23.0,30.0,23.8,21.8,1.0,16.8,10.2,22.2,15.2,10.0,13.0,4.0,5.1,29.3,37.4,17.2,15.0,28.0,24.5,15.2,16.0,15.0,14.3,29.0,15.3,20.2,11.0
1772505617.3282392,20.6,20.0,20.4,27.3,21.2,22.2,25.3,31.7,13.3,22.2,19.2,34.7,24.0,21.0,18.2,16.2,36.4,32.7,16.2,19.2,14.4,12.4,42.6,40.0,7.0,3.1,28.3,23.2,20.4,24.2,22.2,3.0,7.1,16.8,16.0,19.8,9.1,11.1,4.0,6.1,29.0,35.0,8.1,6.1,23.5,16.2,20.0,18.0,16.0,6.1,22.2,22.2,17.3,12.2
1772505618.3293252,24.5,16.0,20.2,27.7,25.0,18.2,33.7,24.0,14.9,3.0,14.1,32.7,25.0,21.0,8.1,13.1,39.0,33.7,21.8,21.6,9.9,19.0,24.0,32.7,1.0,6.9,18.0,11.1,28.7,19.8,20.8,3.0,13.1,15.0,20.8,10.1,11.9,12.9,1.0,7.0,19.2,18.2,16.2,17.0,10.1,12.2,13.9,13.0,6.1,23.0,18.0,22.0,16.0,12.9
1772505619.3302903,24.7,21.0,25.0,25.3,14.0,17.3,34.3,32.3,14.1,10.2,19.0,23.5,30.0,19.8,16.2,15.2,41.4,37.6,19.2,21.2,16.3,11.1,51.5,37.0,4.0,4.1,23.2,19.0,13.1,35.7,20.6,1.0,13.1,16.2,23.0,18.0,13.9,11.1,3.1,7.1,30.7,22.2,12.1,10.2,16.5,10.0,17.3,19.0,16.2,6.1,17.0,16.0,20.4,16.3
1772505620.3348708,22.1,19.0,28.3,33.0,21.4,23.5,30.0,34.0,12.1,11.1,25.7,24.8,29.4,18.2,19.2,16.2,38.0,39.0,22.5,20.2,16.2,15.8,44.0,40.0,5.2,4.0,23.5,6.1,34.7,24.8,23.5,3.0,24.8,7.0,17.0,21.0,11.0,11.9,8.0,4.1,36.6,37.6,12.4,12.9,15.0,10.2,15.8,14.9,17.2,15.8,20.0,18.0,15.8,18.0
1772505621.337218,17.5,9.0,13.3,30.7,26.5,16.3,22.4,24.0,30.3,11.0,33.7,23.2,27.3,16.2,13.3,13.0,33.3,38.6,17.2,14.9,14.0,13.3,40.4,41.4,6.1,6.0,26.0,21.2,10.2,34.7,18.4,4.0,3.1,3.1,20.8,13.1,12.0,11.0,7.0,1.0,36.4,41.0,15.7,10.1,16.0,16.0,18.0,18.0,13.0,5.1,12.2,14.1,14.3,9.2
1772505622.3388484,20.0,3.0,29.3,21.0,21.4,21.0,18.2,14.1,24.8,5.0,28.7,23.2,19.0,19.0,9.0,13.1,42.6,33.3,21.0,19.2,15.0,17.8,27.7,34.3,3.0,6.1,25.0,22.2,16.8,35.0,22.0,3.0,13.1,4.0,14.9,21.0,11.0,12.0,6.2,4.0,35.0,36.0,9.2,6.1,16.0,10.2,14.9,15.0,17.0,12.1,18.6,14.0,13.0,13.1
1772505623.341127,18.4,11.0,32.7,25.3,12.0,16.8,38.2,32.7,20.4,19.2,18.0,24.8,18.0,10.2,15.5,15.0,37.6,38.4,22.0,22.0,14.1,15.3,27.0,43.0,6.0,5.1,31.3,24.8,21.8,26.0,21.2,7.1,7.0,22.0,18.0,17.0,12.9,12.9,5.0,8.1,26.0,35.6,18.0,14.0,17.0,10.0,18.8,19.2,13.9,10.1,16.0,20.2,18.8,15.2
1772505624.34168,8.2,12.2,29.0,16.2,27.3,22.2,29.0,27.6,11.9,26.7,21.0,27.3,12.9,11.1,16.2,20.4,32.3,22.0,20.0,21.0,11.0,14.9,33.3,40.0,3.1,10.9,15.3,34.7,22.2,23.0,17.0,11.9,22.2,8.0,18.0,17.3,10.1,13.0,3.1,3.1,37.4,34.0,23.0,8.2,8.2,22.0,13.0,12.9,11.0,17.8,16.0,17.8,12.1,15.2
1772505625.3446238,18.6,13.0,35.6,17.2,22.2,22.4,35.4,26.0,12.1,14.1,32.0,25.0,10.1,17.6,13.9,12.1,26.3,27.6,19.2,23.0,17.3,6.1,32.7,35.4,6.1,33.7,26.0,21.0,21.2,25.8,20.2,5.1,23.0,7.1,18.8,12.1,11.0,13.3,4.0,8.0,39.6,39.4,20.0,18.0,15.2,15.6,20.8,20.2,8.0,16.0,16.2,14.3,15.0,12.2
1772505626.3447075,20.6,20.2,10.4,30.3,14.3,18.2,28.7,29.3,12.2,25.3,20.2,31.0,10.0,11.3,10.2,14.1,27.8,29.4,18.8,15.3,16.0,9.0,33.7,28.0,3.1,7.0,19.4,24.8,25.3,25.2,21.0,3.0,22.8,6.0,22.0,13.0,10.0,10.1,6.1,3.0,31.3,30.3,28.3,6.1,13.3,8.0,12.2,13.9,12.4,11.1,15.3,16.0,18.2,9.1
1772505627.3468266,22.9,18.0,18.8,32.4,17.0,18.0,21.4,30.0,13.0,13.1,18.2,20.2,12.2,16.2,12.9,13.0,31.0,30.0,21.4,18.6,13.1,15.2,27.3,33.7,8.9,30.0,21.0,27.7,31.3,13.1,2.0,22.2,17.8,8.2,17.2,13.9,11.0,13.0,3.0,6.1,40.0,27.7,22.0,18.0,16.2,8.2,21.8,19.2,11.2,7.1,17.0,14.0,12.2,18.0
1772505628.3489833,26.3,17.2,17.3,29.3,21.2,22.4,28.3,34.7,12.2,30.0,21.4,23.8,18.2,21.8,12.4,23.0,38.6,29.3,18.0,18.2,8.0,15.3,32.3,30.7,3.1,25.3,20.2,23.2,24.8,25.3,7.1,15.8,4.1,6.0,14.0,15.2,10.1,10.9,3.1,5.1,28.0,31.0,10.1,5.1,18.0,14.0,11.1,13.0,10.1,16.3,16.0,17.0,14.0,12.2
1772505629.351631,23.0,21.0,27.0,22.8,23.5,19.0,24.2,16.3,6.1,6.0,23.8,39.4,28.7,15.3,8.1,13.1,42.0,35.4,22.2,13.1,17.2,13.0,38.6,32.3,32.0,9.9,14.0,14.9,25.0,18.2,6.1,17.0,5.1,4.0,18.6,14.9,13.7,9.1,3.0,7.0,20.2,13.3,14.1,9.0,22.2,11.1,17.6,17.8,5.0,17.8,8.1,9.2,16.2,12.4
1772505630.3540874,22.2,23.0,31.0,17.2,17.0,15.0,19.0,20.0,9.9,7.1,29.4,28.0,18.0,27.5,12.1,16.2,39.6,34.7,16.8,21.6,10.2,13.9,33.7,30.0,14.1,20.2,6.1,11.1,24.5,27.7,1.0,21.0,2.0,5.0,17.2,11.0,10.1,10.8,4.0,5.1,28.7,17.8,14.7,9.0,6.1,6.1,15.8,14.7,10.0,15.2,6.1,6.1,12.0,15.8
1772505631.358573,23.7,16.2,19.2,26.0,15.3,23.2,20.0,18.2,28.0,8.1,20.0,21.8,17.0,12.1,9.2,11.1,42.0,29.3,15.2,21.0,14.9,13.1,37.4,32.0,3.0,34.0,21.8,31.0,16.2,27.3,11.0,12.9,4.0,5.1,15.0,16.8,10.9,11.1,7.1,1.0,38.0,34.7,9.2,8.0,19.0,12.1,12.0,7.1,12.1,8.0,5.1,12.1,12.0,17.0
1772505632.358655,22.4,20.8,22.0,28.7,25.3,21.2,28.7,19.0,23.5,9.1,12.1,37.0,21.2,15.2,23.0,16.3,39.0,36.6,19.4,19.2,11.2,16.3,25.0,39.4,4.0,34.0,29.6,33.7,30.3,18.4,4.1,18.4,6.2,3.1,22.0,13.1,14.0,11.9,5.2,2.0,41.4,40.0,18.0,17.2,14.1,18.2,8.1,6.1,11.1,17.2,5.2,13.1,12.1,15.5
1772505633.3603325,16.7,24.2,14.1,29.0,22.0,19.4,19.2,16.0,26.0,8.0,26.3,27.0,13.0,25.0,8.2,12.0,36.0,34.0,17.8,18.8,15.0,13.9,48.0,34.6,6.0,25.7,25.0,21.0,22.0,21.8,3.0,20.6,17.8,7.0,7.1,19.6,10.0,12.0,6.9,2.0,32.0,34.0,8.1,7.1,14.9,15.3,6.1,8.0,14.1,5.1,13.0,14.3,15.2,12.1
1772505634.3668966,17.7,25.3,24.5,29.3,23.0,10.2,33.0,34.3,27.0,9.0,33.7,24.8,22.0,24.0,11.1,18.2,37.6,37.0,20.0,20.2,8.1,15.3,35.6,29.6,8.0,33.7,20.2,26.3,20.8,24.8,1.0,20.4,15.7,12.9,16.7,20.2,11.0,11.0,7.1,2.0,29.0,37.3,16.8,14.9,8.2,9.3,10.1,8.1,13.0,16.0,13.1,22.8,14.9,19.4
1772505635.3678951,28.6,16.0,33.3,17.2,26.3,25.0,26.8,27.0,30.0,11.0,20.2,17.2,21.8,25.3,11.2,21.2,37.8,34.3,20.8,18.0,18.0,14.0,41.4,39.0,15.3,24.2,31.3,21.0,14.1,27.6,2.0,22.0,13.3,14.3,20.4,17.0,8.1,12.0,3.1,6.0,42.0,37.4,10.1,9.2,24.2,15.0,20.8,13.1,5.2,15.2,22.0,19.2,20.4,12.2
1772505636.374911,18.4,22.0,24.0,21.0,25.0,23.0,26.5,36.0,20.8,11.1,25.7,25.0,18.0,24.8,20.8,12.1,42.4,34.3,22.0,16.8,7.1,15.2,40.0,34.0,31.7,5.9,37.3,19.4,12.1,31.7,2.0,22.0,7.1,22.8,16.5,17.8,12.9,10.9,4.0,4.0,34.3,35.6,15.0,13.0,30.7,21.2,15.2,15.0,9.0,17.0,28.7,24.0,14.9,15.8
1772505637.3779745,16.5,28.0,30.3,23.0,19.0,14.4,15.5,31.7,19.4,14.0,37.4,21.2,19.2,25.0,11.1,10.1,39.6,40.8,22.2,17.0,15.2,16.0,35.0,40.4,20.0,18.2,14.3,14.1,10.9,31.0,1.0,21.8,8.9,6.0,16.2,15.0,10.1,10.1,6.1,6.1,25.0,35.0,12.0,7.1,17.0,8.2,19.6,18.8,17.0,6.1,19.2,15.0,15.2,15.3
1772505638.3810184,23.0,21.8,18.0,31.0,15.3,19.2,18.2,29.3,17.2,16.2,27.7,15.8,21.0,22.8,17.2,15.2,32.4,39.6,22.0,19.2,24.0,10.0,32.4,34.0,5.0,28.0,17.8,12.0,9.0,36.0,2.0,20.0,5.1,13.1,25.0,13.9,11.0,12.9,10.2,7.9,39.0,32.0,12.1,15.2,7.1,16.0,12.0,13.0,16.0,14.9,14.9,19.4,20.2,10.1
1772505639.381772,18.4,22.4,13.3,29.0,24.0,21.0,30.0,22.2,12.1,23.8,17.3,19.0,18.0,23.0,8.2,19.0,33.7,36.0,18.2,17.0,27.7,14.1,38.4,24.2,3.1,13.1,12.1,15.0,19.2,22.2,19.0,3.0,7.0,20.2,12.0,22.0,12.0,10.0,4.0,4.1,45.5,25.0,14.9,7.1,15.3,13.0,21.8,17.8,11.2,4.1,17.2,15.0,16.2,11.0
1772505640.3826637,11.2,15.0,17.3,34.0,24.2,24.2,39.0,23.5,5.1,11.2,16.8,32.3,17.0,29.0,14.1,15.0,34.3,39.4,15.8,16.2,17.2,11.1,43.0,35.4,5.1,36.0,19.0,8.2,27.3,26.0,22.0,2.0,6.1,23.8,13.7,19.0,11.0,12.1,2.0,6.0,28.7,13.3,8.2,11.1,12.1,18.4,12.0,13.0,18.0,12.2,18.0,13.3,15.2,12.2
1772505641.3868263,8.2,21.8,17.2,30.0,15.2,13.1,37.6,17.8,11.1,14.1,32.0,27.0,21.0,24.0,14.0,9.1,43.1,31.7,16.8,19.8,18.0,18.2,33.0,29.7,4.0,33.0,17.2,13.0,20.0,26.7,22.0,2.0,4.0,21.0,14.1,17.8,10.0,10.9,5.1,3.1,13.1,25.3,12.2,12.9,10.9,16.2,19.8,19.6,8.2,16.0,17.0,15.7,11.0,12.9
1772505642.3944418,8.2,12.2,20.6,27.0,28.0,13.0,29.0,35.0,5.0,22.8,35.0,22.0,13.1,23.5,21.2,14.1,30.0,27.3,18.0,19.6,16.0,9.9,39.6,37.6,5.0,32.7,10.2,19.0,35.0,18.0,23.0,4.0,4.0,25.7,13.9,22.8,11.0,10.9,7.1,3.0,31.7,43.7,11.9,11.1,11.1,14.9,14.0,13.1,10.9,16.2,19.8,13.1,7.1,16.7
1772505643.3998008,13.7,6.0,27.3,20.8,24.5,19.8,35.0,19.2,10.1,28.0,13.0,21.0,11.1,16.2,11.1,13.1,28.7,32.4,20.0,16.0,10.0,17.2,33.0,21.0,4.0,31.0,29.7,16.2,21.8,14.1,21.0,2.0,3.0,22.0,18.0,12.0,11.0,9.1,7.0,5.1,42.0,35.0,14.9,9.9,19.2,14.7,20.0,19.4,7.1,18.8,15.2,19.0,16.2,13.1
1772505644.4000328,27.3,17.2,29.3,16.0,20.0,21.6,25.0,26.0,6.1,27.5,15.0,29.7,23.2,19.2,7.1,16.3,21.4,31.3,17.2,21.2,15.5,12.1,37.4,36.0,4.1,25.3,27.0,20.0,29.3,21.2,2.0,20.0,10.0,17.0,15.8,20.8,10.0,9.1,4.0,6.0,25.0,35.6,8.2,6.1,15.3,17.2,13.9,13.1,16.0,10.1,15.2,15.0,9.0,19.4
1772505645.4023328,17.5,27.0,29.7,21.4,13.4,13.3,20.2,21.2,6.1,23.5,28.3,29.0,24.0,21.0,11.2,14.0,26.7,33.3,21.8,18.8,16.8,14.9,33.7,35.7,5.1,7.1,15.0,24.8,34.7,36.0,1.0,21.2,6.1,20.0,17.2,14.0,10.0,14.0,5.1,4.0,39.4,27.0,17.0,18.8,12.9,7.1,18.8,17.8,16.8,6.9,17.5,19.0,12.2,17.2
1772505646.402781,20.4,22.2,21.4,26.0,27.0,25.0,21.0,20.2,11.2,26.0,30.3,28.0,12.1,31.0,21.4,15.0,33.3,33.7,17.2,23.2,14.3,10.0,37.4,31.3,3.0,4.0,5.2,25.0,23.5,30.3,1.0,21.0,16.2,18.4,18.0,16.0,12.0,12.0,4.1,21.4,41.6,32.7,8.1,7.1,13.7,10.3,14.0,15.2,18.0,9.2,15.2,15.2,13.0,11.2
1772505647.4036603,27.8,19.6,20.0,31.0,21.4,24.0,19.6,17.0,9.0,17.2,23.0,18.2,19.8,26.0,10.2,14.1,36.0,36.4,17.0,20.8,11.0,16.3,34.0,36.6,5.1,4.1,29.3,17.3,34.3,14.9,2.0,20.4,16.0,11.1,18.2,13.0,9.0,13.9,5.1,30.3,39.0,32.3,14.0,18.8,17.8,16.2,18.0,19.0,2.1,14.3,15.2,16.2,17.2,13.1
1772505648.4114857,22.2,16.0,26.7,16.0,16.8,20.6,24.8,21.0,17.0,27.0,31.7,14.9,14.0,29.4,15.5,15.8,26.7,41.2,16.0,22.8,10.2,15.8,34.3,38.6,5.0,4.0,25.0,19.0,29.4,22.2,1.0,21.6,16.0,12.6,18.8,12.9,9.0,13.6,4.0,29.7,27.7,32.7,7.1,7.8,14.9,15.0,17.0,17.6,17.8,10.9,17.6,14.9,9.0,16.8
1772505649.4222713,21.0,28.4,20.0,36.6,19.8,14.3,27.7,23.8,13.1,10.0,29.7,31.4,17.8,28.0,18.2,8.2,39.6,40.6,18.6,21.0,12.0,16.8,42.2,34.3,3.0,6.9,26.7,22.0,28.4,22.0,3.0,20.8,4.0,9.0,13.7,24.5,12.9,12.1,5.9,40.0,19.0,38.6,16.0,13.1,16.3,8.2,14.9,15.0,13.0,16.2,15.0,15.0,20.8,15.0
1772505650.4266865,25.0,17.0,20.0,30.7,29.2,25.0,30.6,34.3,14.1,27.0,31.0,25.5,21.4,20.2,19.0,20.0,43.4,29.3,18.2,21.6,18.0,10.2,35.0,27.3,4.1,6.1,40.8,23.0,19.2,32.0,5.1,21.4,21.0,23.7,14.3,20.2,13.9,10.0,5.1,15.3,24.0,21.2,12.0,6.1,14.1,14.1,20.0,19.0,16.7,5.1,9.0,7.1,15.8,12.1
1772505651.429362,26.8,12.0,27.0,17.0,18.8,24.2,23.8,28.0,3.0,4.0,16.8,23.8,23.0,21.0,13.1,9.1,37.9,36.6,16.8,18.2,10.0,20.0,41.0,43.1,3.1,5.0,21.0,30.7,18.2,27.5,1.0,22.5,23.8,6.9,15.7,17.8,11.0,11.0,2.0,32.7,31.0,14.7,10.0,17.0,19.0,15.0,13.7,12.0,10.1,17.8,8.2,5.1,8.1,16.0
1772505652.4307551,28.3,12.0,23.5,20.2,19.2,9.1,25.3,36.6,16.2,11.2,30.0,13.3,19.2,23.2,16.2,15.2,41.4,34.3,11.0,19.2,13.1,8.1,33.0,26.0,5.0,7.0,22.0,5.1,26.3,24.2,18.2,2.1,21.2,7.0,13.1,19.2,9.1,10.1,6.0,34.7,25.3,12.2,6.1,10.1,11.1,9.1,13.1,15.2,8.9,12.1,8.0,4.1,8.1,17.5
1772505653.4321284,28.6,11.1,19.2,30.7,16.3,9.1,25.3,23.8,19.2,12.1,20.2,38.6,22.2,21.8,14.0,8.1,33.3,38.6,16.2,18.8,17.3,11.1,43.1,34.3,3.0,6.1,10.0,29.3,23.2,20.2,21.8,2.0,14.9,14.0,11.1,20.8,11.1,10.0,14.0,19.6,38.6,20.0,10.1,11.1,11.2,13.3,4.0,5.1,12.1,16.0,12.2,10.0,19.2,12.0
1772505654.4330268,29.2,13.0,30.3,20.2,27.3,27.3,29.6,22.4,24.2,9.1,21.2,34.0,21.8,10.2,26.3,20.0,37.0,39.4,18.2,21.4,12.1,13.0,34.0,33.3,6.0,3.1,25.3,22.2,21.2,33.0,21.6,1.0,7.1,20.0,18.0,18.2,12.9,11.0,36.7,7.0,36.4,42.6,12.2,10.1,14.1,20.4,13.1,10.1,5.1,24.5,19.0,14.1,18.2,10.2
1772505655.4388585,18.4,27.7,32.7,15.2,26.3,20.2,35.6,24.8,27.3,10.0,21.0,20.0,23.2,17.8,7.2,12.4,35.0,40.0,22.8,17.8,15.0,14.3,43.0,39.2,5.1,21.0,24.0,32.7,28.0,26.0,22.0,2.0,11.1,17.0,17.0,20.6,12.0,11.9,19.0,5.9,42.0,21.8,12.2,7.9,21.2,26.3,6.1,8.0,15.0,13.0,16.0,17.2,22.0,15.0
1772505656.4389393,21.9,20.4,19.6,26.0,17.2,11.1,22.2,38.4,22.0,2.0,21.2,21.4,25.7,19.2,13.1,17.8,39.4,31.3,18.0,19.0,5.1,15.3,27.0,37.8,4.1,24.5,20.2,44.0,22.2,22.0,22.0,2.0,14.0,15.8,17.8,14.0,13.1,10.9,4.0,6.2,32.7,28.6,16.8,8.2,16.5,19.4,10.1,3.1,4.0,22.8,21.2,27.3,25.0,10.3
1772505657.4406145,21.4,18.0,11.2,32.7,18.4,18.2,31.0,21.2,33.0,14.0,26.0,26.0,27.0,13.1,6.1,14.1,31.3,38.6,19.0,16.2,20.8,6.0,26.5,35.4,4.1,5.1,17.2,27.7,27.0,26.5,22.0,1.0,15.0,12.2,21.0,7.1,11.9,10.1,0.0,5.1,36.4,29.0,9.1,6.0,12.0,9.1,22.0,19.0,5.1,14.3,21.0,20.0,18.8,10.1
1772505658.4407048,18.6,19.2,18.0,33.0,23.2,28.3,38.0,28.0,14.3,8.2,31.3,33.3,21.2,25.0,18.2,26.0,44.6,31.0,23.2,21.0,13.1,17.0,34.0,38.6,5.1,5.1,7.0,21.2,29.3,19.0,16.2,8.0,22.2,7.1,19.2,15.0,13.1,11.0,3.0,8.0,29.3,37.0,16.2,17.2,13.1,24.0,12.9,13.0,20.4,11.1,16.0,17.2,19.2,10.3
1772505659.44165,16.2,3.0,30.0,17.0,19.2,21.2,31.4,20.6,23.2,13.0,22.8,14.1,10.1,28.7,7.1,7.1,31.0,34.3,14.9,15.8,10.1,10.0,32.0,35.0,4.0,3.0,21.0,24.0,27.3,20.0,9.1,13.1,8.1,5.0,13.9,9.2,11.0,11.1,3.0,4.1,26.0,33.0,10.0,6.0,18.0,11.2,21.8,18.8,9.0,9.9,13.0,17.2,11.1,12.9
1772505660.4443567,11.3,15.0,30.7,18.2,15.0,18.0,39.0,26.5,15.0,15.0,22.2,11.0,18.8,25.0,16.8,13.0,35.0,41.2,21.0,21.0,15.2,12.2,43.0,36.6,4.0,4.0,28.7,18.0,34.3,13.3,20.2,2.0,5.0,7.0,26.3,13.9,11.1,10.8,3.1,6.1,31.0,30.0,13.3,15.2,13.4,14.1,12.0,15.0,11.0,19.2,14.0,20.0,15.0,11.1
1772505661.4461644,9.2,16.2,26.7,27.0,14.4,18.2,28.3,31.4,19.0,10.2,19.0,38.4,24.5,24.2,13.3,11.2,29.7,31.3,22.0,20.0,19.2,11.9,33.7,28.0,5.1,5.1,27.7,20.2,24.5,25.0,23.0,2.0,14.1,13.0,20.0,19.0,13.7,12.1,3.0,7.1,27.0,34.0,9.2,13.1,10.1,9.9,21.8,20.0,13.1,16.0,16.2,20.0,19.0,16.3
1772505662.446342,13.4,14.1,34.0,19.4,31.6,21.2,29.6,39.0,21.2,11.2,29.0,30.0,25.0,26.3,27.0,19.0,29.3,28.3,25.0,22.2,18.0,12.2,37.0,41.4,3.1,6.1,24.2,23.2,24.0,28.3,21.0,3.0,23.8,4.1,17.0,18.2,10.1,11.0,7.1,4.0,31.0,41.0,12.9,13.1,18.2,16.3,13.0,16.0,21.2,8.2,23.0,14.0,14.3,14.1
1772505663.4520118,16.7,23.0,21.0,28.4,20.0,22.4,24.2,26.3,4.0,3.1,21.0,28.0,23.8,21.0,14.1,8.2,30.0,25.0,19.8,16.8,11.0,18.8,45.0,24.0,2.0,5.1,14.1,23.2,22.0,23.8,6.1,16.2,21.2,4.1,19.8,14.1,11.0,14.0,3.0,6.1,29.7,30.0,10.2,13.0,17.0,14.1,18.0,16.0,12.9,9.1,20.0,13.9,17.0,14.3
1772505664.4543579,25.5,18.0,27.3,24.2,15.3,18.0,38.0,22.4,13.1,33.0,16.3,24.8,23.2,15.2,10.1,17.3,28.6,30.3,17.0,24.2,18.2,14.1,41.0,29.0,4.0,3.1,15.3,17.0,31.3,13.9,1.0,21.0,11.1,19.2,18.2,17.8,11.0,11.0,3.1,5.1,42.4,22.0,8.1,13.0,11.2,15.3,16.0,15.8,12.1,15.2,19.0,15.3,16.0,15.0
1772505665.4552124,22.8,23.2,30.0,20.0,28.3,20.0,23.5,30.3,3.1,24.0,30.0,29.0,16.2,17.0,18.2,19.2,38.6,37.0,25.0,22.0,17.0,13.1,46.0,29.7,6.1,6.0,23.0,27.0,26.7,34.0,2.0,21.0,4.0,25.5,18.6,25.0,15.2,12.0,4.1,7.0,36.0,41.4,16.0,14.9,18.2,12.9,20.0,18.0,10.1,15.0,14.1,16.0,13.1,15.2
1772505666.455999,26.8,13.1,28.0,18.4,23.2,19.8,21.0,22.0,10.9,31.0,27.7,27.3,30.7,12.0,11.2,15.8,37.0,36.6,18.0,16.2,8.1,17.2,37.0,32.0,4.0,4.0,27.0,19.4,27.0,18.2,9.0,14.0,6.1,21.0,13.0,20.2,11.9,11.9,4.0,3.1,27.0,46.0,8.1,4.1,15.3,16.2,15.8,11.1,21.8,7.1,17.2,14.1,14.1,11.2
1772505667.4560814,28.9,16.2,24.2,24.2,18.4,21.2,23.2,38.4,5.1,24.5,25.0,23.0,25.3,20.4,12.2,12.4,30.3,42.0,21.8,20.0,19.4,9.1,44.0,44.9,4.0,6.2,15.3,33.0,24.2,28.6,16.2,7.1,10.2,17.2,17.2,19.0,12.1,11.0,0.0,6.1,28.0,27.3,16.3,14.0,13.3,12.4,21.0,20.0,16.3,8.0,16.0,15.3,15.0,10.1
1772505668.4575925,28.3,21.8,28.0,28.0,11.3,17.0,27.3,35.6,14.1,26.7,23.2,16.8,27.0,20.0,11.9,17.8,38.0,38.6,25.3,16.0,7.9,20.0,28.0,32.4,4.1,25.3,22.0,29.0,7.1,37.3,21.2,0.0,9.0,17.2,15.8,12.9,11.0,9.0,4.1,5.1,34.0,35.6,11.9,9.9,9.2,17.0,16.0,13.0,15.2,12.2,17.0,19.8,19.8,15.2
1772505669.46119,30.9,15.0,26.3,19.0,18.2,25.7,26.0,32.0,19.2,8.0,30.0,26.0,26.7,16.2,12.5,22.0,28.7,37.0,17.0,14.9,11.3,12.9,36.0,35.6,4.0,21.2,17.2,38.6,25.7,28.3,21.0,2.0,14.1,12.0,13.0,20.0,10.9,10.9,4.1,4.0,34.3,31.3,13.1,16.8,14.1,14.1,20.0,18.0,14.9,6.1,16.2,15.2,15.2,8.1
1772505670.4649282,29.7,11.3,35.0,16.0,23.5,20.6,25.0,30.3,15.2,23.2,25.0,27.0,18.2,28.7,12.0,8.2,36.4,38.8,19.4,17.0,15.0,15.0,33.0,32.0,8.1,30.0,23.2,21.2,20.4,25.0,19.2,3.0,16.2,11.1,15.0,18.0,12.0,8.1,4.1,3.1,26.0,39.4,5.1,9.1,18.2,24.8,12.0,14.9,15.0,11.1,3.1,11.2,15.0,11.2
1772505671.4691248,21.4,18.8,15.2,26.0,12.0,17.2,25.0,31.7,11.0,17.2,18.8,17.8,10.0,28.7,18.8,6.0,39.2,30.7,13.7,12.1,11.9,11.9,34.7,35.0,9.9,18.8,18.8,28.7,23.0,24.8,2.0,19.8,19.6,3.0,10.0,21.8,10.1,10.9,2.0,6.0,28.7,12.0,9.9,11.1,6.1,9.2,18.0,18.6,6.0,14.0,3.0,6.0,11.1,11.0
1772505672.4692066,17.5,27.6,17.3,30.7,23.2,15.3,27.3,30.0,7.1,22.0,26.5,12.1,19.4,24.0,8.3,13.1,35.7,41.0,22.4,21.2,14.0,15.5,36.4,26.0,10.2,4.1,26.0,23.0,23.2,22.2,2.0,22.2,5.1,5.1,13.0,18.0,12.0,11.9,2.0,7.0,43.6,26.3,12.1,10.1,11.0,13.1,13.0,14.0,18.8,10.1,6.1,12.1,17.3,12.2
1772505673.4692843,17.5,24.0,17.2,28.0,19.2,18.0,23.2,31.3,8.1,8.1,31.0,18.0,9.1,11.9,18.0,19.0,37.8,33.3,21.0,17.0,14.3,9.9,37.0,29.0,13.1,18.2,20.2,21.2,20.0,31.3,2.0,21.8,11.1,9.1,16.0,16.0,10.9,8.1,4.1,4.0,37.0,36.4,9.1,12.1,17.2,13.1,21.6,18.8,12.0,9.1,4.1,7.2,11.1,15.0
1772505674.4703724,23.5,15.8,27.3,23.2,21.6,22.2,27.3,27.7,3.0,21.0,20.2,34.0,21.2,6.1,9.1,17.3,46.5,32.7,21.2,16.0,10.1,16.3,48.0,33.3,5.0,29.7,24.2,5.1,28.0,20.0,19.0,4.0,24.2,1.0,22.5,11.0,11.1,13.0,7.1,1.0,28.3,31.3,14.0,11.9,25.0,17.2,5.1,6.1,14.0,10.0,14.0,14.9,20.8,12.1
1772505675.4727495,26.8,12.0,20.0,26.0,16.0,11.2,30.0,33.0,12.1,32.0,25.3,26.0,8.1,12.1,11.2,16.0,38.6,36.4,18.0,21.8,16.2,10.9,40.0,29.4,2.0,11.0,43.0,23.2,24.0,25.0,0.0,20.8,21.8,5.9,13.1,23.0,11.0,12.0,4.0,4.1,37.6,35.3,4.0,8.1,21.4,22.2,12.1,12.1,11.1,17.2,28.7,19.2,11.1,13.0
1772505676.4751875,22.7,18.2,15.3,31.7,19.4,20.2,25.3,17.0,5.1,22.2,21.0,17.2,10.2,22.2,18.0,8.2,39.8,38.0,21.2,13.1,15.0,9.1,38.0,23.2,5.9,33.0,27.7,26.0,17.2,35.6,2.0,21.2,8.2,19.4,18.0,16.0,11.1,12.9,3.1,4.0,33.0,47.5,17.0,16.0,5.1,10.1,6.0,5.0,8.2,13.1,18.4,20.2,14.3,10.2
1772505677.4770606,16.5,18.0,30.7,15.2,26.5,23.2,28.0,19.0,7.1,28.7,21.0,29.7,28.4,16.0,12.2,19.2,33.3,39.4,23.8,19.0,11.2,17.0,35.6,28.3,4.0,26.3,30.3,14.0,23.2,21.0,2.0,21.2,5.1,21.6,11.9,22.0,11.0,12.1,8.0,3.0,25.7,35.4,8.0,11.0,13.0,16.8,6.1,11.1,11.9,17.0,14.0,20.2,12.1,15.0
1772505678.4780157,8.2,20.0,28.3,22.2,21.0,23.2,34.0,20.2,7.2,24.2,21.0,36.6,24.5,21.2,15.0,11.2,37.4,38.6,18.4,18.0,17.0,13.1,56.6,37.0,13.3,24.0,21.2,25.0,27.3,23.2,3.0,21.0,12.1,11.1,13.1,20.8,11.0,16.0,5.2,2.1,36.7,27.7,15.2,16.2,18.4,15.3,17.2,19.0,12.2,13.0,16.0,17.0,13.3,16.2
1772505679.4802456,22.3,9.1,20.4,28.4,15.2,9.1,34.0,24.8,10.0,16.5,23.2,25.3,23.0,21.2,14.0,11.9,36.6,29.3,20.0,19.8,13.9,27.0,34.7,25.0,5.0,14.0,21.0,25.7,18.8,23.5,1.0,22.0,9.0,20.0,17.8,10.9,10.0,13.0,6.9,3.0,50.5,27.7,8.9,8.0,18.0,9.2,15.7,16.8,10.0,16.0,19.0,13.0,9.9,15.2
1772505680.4803278,19.4,9.2,20.4,23.2,24.5,23.2,27.0,30.3,9.1,30.7,25.0,15.0,18.4,9.1,10.2,21.4,28.0,27.6,20.2,14.1,14.1,13.1,37.0,34.3,4.1,32.7,22.0,23.5,24.2,26.8,2.0,21.0,12.2,14.1,15.0,18.2,11.0,13.0,5.1,2.1,33.3,43.0,10.2,15.3,2.0,14.1,15.2,16.3,9.0,13.3,16.0,14.3,13.3,15.2
1772505681.4842587,11.3,15.8,25.0,20.4,23.2,18.6,31.0,31.7,10.2,14.1,21.2,25.3,9.0,15.2,12.0,15.0,27.3,28.4,20.8,19.0,14.3,15.2,34.3,32.4,5.0,33.0,16.8,23.8,12.0,33.3,2.0,19.0,9.1,16.2,13.1,18.8,12.9,10.9,4.1,4.0,17.0,22.8,9.1,10.1,12.2,16.0,14.0,12.9,15.2,10.8,19.2,12.1,16.8,13.1
1772505682.4859455,24.5,19.2,20.2,30.0,16.3,18.2,19.4,36.0,16.2,19.4,24.8,29.0,23.0,26.0,10.1,11.1,24.2,30.3,15.3,21.0,10.9,10.9,27.0,40.4,2.1,33.3,13.4,15.3,20.0,28.3,2.0,21.0,12.1,7.0,10.1,20.2,11.0,11.1,4.0,4.1,19.0,28.0,7.1,10.0,20.2,11.3,18.8,18.6,8.1,11.3,16.0,15.8,14.1,16.2
1772505683.4875257,21.6,19.8,20.0,28.7,19.2,11.0,33.0,34.0,9.0,25.0,32.3,22.2,13.1,29.0,8.2,18.2,30.7,24.0,19.8,17.0,15.3,8.2,44.0,33.0,5.0,21.0,24.8,31.0,36.0,15.2,5.1,17.2,5.0,7.0,21.8,9.9,10.0,11.0,5.0,3.1,24.2,34.3,12.9,14.0,17.3,15.0,13.0,11.2,12.0,11.0,14.9,16.2,15.0,7.0
1772505684.487596,26.3,18.2,18.6,26.0,29.3,26.0,23.5,22.2,6.1,7.1,17.0,21.8,13.1,28.0,21.0,12.0,32.0,34.0,13.0,20.2,13.0,15.0,33.0,19.4,11.2,17.3,23.0,26.3,19.4,28.0,7.0,17.8,6.1,21.2,20.2,13.1,14.1,12.0,2.0,7.9,42.4,33.3,5.1,6.1,5.2,7.1,20.2,20.6,8.1,13.0,12.1,18.0,14.1,14.1
1772505685.4901483,18.4,28.0,21.0,30.7,24.7,19.2,40.0,25.3,16.2,13.0,23.8,23.0,14.1,32.0,11.2,17.2,38.0,38.6,23.2,19.0,14.1,16.0,39.6,33.7,31.0,4.0,8.2,23.8,11.0,42.0,3.0,21.0,6.0,21.8,22.8,19.6,12.9,12.0,5.1,4.1,35.4,29.0,15.0,15.7,10.0,17.2,13.0,11.1,19.6,12.1,13.0,20.4,17.2,10.2
1772505686.4946432,18.6,26.3,22.2,26.7,13.1,12.2,23.2,31.6,8.1,26.0,29.3,26.0,15.8,31.0,17.2,10.0,38.2,37.4,19.8,15.8,16.0,12.2,40.2,36.6,13.0,5.0,20.0,23.2,28.3,23.8,28.6,22.2,7.0,21.2,17.0,13.1,13.1,9.9,6.0,4.0,32.0,39.0,13.0,6.1,21.4,12.1,19.8,17.8,13.1,12.1,17.0,16.8,14.1,15.0
1772505687.4951735,24.5,21.0,28.3,27.3,22.4,29.0,31.0,42.0,14.1,27.6,31.0,29.3,23.2,19.8,20.8,15.2,37.4,40.6,21.2,23.2,20.0,12.9,43.0,34.0,10.2,5.1,22.2,29.3,29.3,28.3,33.7,20.4,7.1,23.5,20.8,19.2,12.1,10.0,8.2,2.0,41.0,41.6,16.2,15.0,23.5,12.2,15.0,17.2,15.2,15.8,15.2,18.4,15.3,18.6
1772505688.4983833,24.5,20.8,24.8,24.0,24.5,23.0,23.8,26.7,3.0,22.8,18.2,20.8,9.1,12.0,13.1,17.2,35.0,38.4,17.2,18.0,13.3,13.1,28.3,34.7,32.7,5.0,22.8,29.7,37.0,11.2,1.0,20.8,7.0,20.8,22.0,10.0,12.9,11.0,4.1,3.0,29.7,33.7,5.1,12.1,10.0,9.0,16.0,16.0,16.2,10.1,12.0,18.4,11.0,19.2
1772505689.4984682,18.4,21.6,24.2,24.2,21.0,14.1,21.2,30.3,10.3,32.0,18.4,29.6,12.4,12.1,19.4,10.2,38.0,35.6,17.8,21.0,15.0,21.0,31.7,36.4,24.0,2.1,32.3,31.0,32.0,20.0,12.0,10.0,9.1,14.4,17.0,11.9,11.1,11.1,5.1,4.0,27.3,33.7,8.2,12.1,18.2,14.3,16.0,16.0,13.0,9.2,13.1,17.2,12.0,15.2
1772505690.4985433,16.0,27.0,20.2,26.0,20.2,9.1,24.0,38.0,11.1,11.2,24.8,30.4,18.0,4.0,13.0,12.1,35.7,37.6,17.3,20.2,11.2,12.4,48.5,36.0,27.6,4.0,23.2,22.2,34.3,7.0,15.3,6.1,3.0,22.8,10.1,16.0,9.0,10.0,4.0,3.1,43.0,35.0,12.9,13.3,16.7,20.4,16.0,16.8,16.2,9.2,17.8,15.3,11.2,12.1
1772505691.4986267,27.6,13.1,29.0,17.2,30.3,20.4,20.0,32.0,17.3,14.0,26.3,27.3,9.1,13.1,9.2,17.0,37.0,34.0,16.3,17.0,8.0,18.6,30.3,23.0,31.7,4.0,21.4,22.0,32.0,19.2,22.0,3.0,12.0,16.2,18.2,13.0,14.9,10.0,1.0,7.1,32.3,42.9,4.1,7.9,5.9,11.1,15.0,15.0,10.1,12.0,10.1,3.1,9.2,15.2
1772505692.4987097,18.6,26.3,20.2,29.0,27.0,21.4,26.3,36.4,20.2,17.2,26.0,14.9,12.1,20.0,16.3,21.4,28.3,46.5,18.8,20.0,14.0,13.0,41.2,35.0,34.3,3.1,22.0,25.3,17.2,21.4,14.0,8.1,14.1,13.0,20.8,12.0,13.1,10.0,3.1,6.1,24.0,23.0,18.0,14.3,9.3,15.2,16.8,15.0,15.0,13.1,9.1,7.1,16.2,15.3
1772505693.5020497,16.8,24.5,26.3,23.0,10.3,14.1,37.0,21.6,17.2,13.0,23.0,27.3,26.5,17.0,12.9,15.8,33.0,33.0,20.8,18.8,16.2,11.0,44.9,28.7,34.7,5.9,17.2,20.2,37.3,16.8,22.8,2.0,6.0,20.0,17.6,14.0,10.9,10.0,6.1,3.0,15.8,18.6,10.0,5.0,22.0,13.1,17.8,15.8,16.8,5.9,4.0,11.0,19.8,17.6
1772505694.5036032,26.7,18.2,26.3,19.2,17.8,20.0,32.0,26.5,19.2,10.1,23.2,33.3,22.4,21.0,17.2,7.1,34.0,45.5,21.0,15.2,14.1,12.2,34.0,36.4,33.3,2.1,9.2,22.8,22.2,24.2,6.1,15.2,3.0,8.2,20.2,14.1,11.0,10.0,7.0,4.0,31.0,38.8,13.3,9.1,22.2,17.5,17.0,17.8,13.0,15.2,9.1,3.1,14.1,14.4
1772505695.504618,28.6,13.0,24.2,27.3,28.6,26.5,23.2,26.0,4.0,5.1,23.2,30.0,19.2,22.2,17.0,16.0,38.0,37.4,21.2,20.4,17.2,10.0,31.0,37.0,37.0,4.0,33.7,12.1,39.4,15.2,3.0,18.0,16.8,7.1,17.8,14.9,11.0,12.1,8.2,4.0,32.3,37.0,14.1,11.2,16.3,14.1,7.0,7.0,20.2,7.0,30.3,19.0,18.2,12.0
1772505696.5133617,10.2,14.9,18.0,34.7,19.8,16.8,20.0,16.0,11.0,32.7,18.6,20.0,12.9,20.8,15.2,17.0,39.6,37.3,22.5,21.4,13.9,13.9,26.5,38.2,36.6,4.0,26.7,19.8,35.3,14.7,3.0,20.8,21.6,5.9,17.6,15.7,13.9,9.9,7.8,4.0,30.4,27.5,10.8,13.7,16.8,16.8,9.9,9.9,11.9,15.8,18.8,22.0,8.9,17.8
1772505697.5134444,15.0,12.2,31.0,20.4,10.4,16.5,19.2,27.0,2.1,22.0,28.6,23.5,20.4,13.1,16.5,14.3,40.4,35.4,18.2,19.2,15.2,14.1,42.4,46.5,18.4,15.2,24.5,22.2,28.9,18.2,0.0,21.4,21.4,6.1,23.2,14.3,9.0,11.2,5.2,3.1,22.2,54.1,12.2,14.1,15.0,16.7,3.1,3.1,14.3,11.1,13.1,17.5,14.6,16.3
1772505698.5147138,8.2,13.1,18.2,27.5,26.0,17.3,10.3,18.0,10.9,28.0,23.2,28.6,24.8,15.2,11.9,6.0,32.7,24.8,16.8,17.0,10.0,15.2,23.8,31.0,29.0,3.0,22.0,23.2,15.0,22.2,18.0,6.8,23.5,3.0,17.0,13.0,9.1,10.0,4.0,4.0,35.0,41.6,5.0,8.2,18.0,12.0,11.1,13.0,11.2,11.0,14.1,19.8,8.0,14.0
1772505699.5147903,8.2,16.2,17.0,29.6,33.3,20.2,25.0,14.0,5.1,24.2,23.8,26.0,25.7,19.0,13.3,18.4,27.0,24.5,20.2,17.2,9.1,15.0,28.6,38.0,30.7,5.1,23.8,26.0,23.0,29.3,21.2,0.0,21.0,8.0,11.0,20.0,11.0,12.0,5.1,3.0,23.2,32.3,12.2,17.0,9.2,13.1,7.0,11.2,8.0,12.2,12.1,17.2,11.2,14.3
1772505700.5171065,11.2,23.2,28.3,20.0,14.0,17.2,15.8,26.0,12.2,22.0,12.1,21.0,23.0,20.8,14.1,14.1,33.7,29.0,20.2,21.0,16.0,12.1,36.0,36.0,9.0,27.3,30.0,15.8,29.7,21.0,21.8,3.0,16.0,12.1,19.6,15.7,11.0,11.0,6.1,6.0,34.0,28.3,6.0,8.2,16.8,17.2,17.8,20.8,17.3,11.0,20.0,16.0,11.0,13.1
1772505701.5171888,26.3,20.2,29.6,23.0,20.0,19.2,32.7,31.3,12.0,23.0,30.7,22.8,13.1,32.3,13.3,11.3,30.3,29.0,21.8,19.0,18.4,16.0,35.0,43.4,3.0,30.0,20.2,26.3,33.3,17.3,19.2,6.2,8.2,19.0,19.2,16.3,12.1,10.0,5.1,5.2,49.0,32.7,16.2,14.9,16.5,10.2,12.1,12.1,20.8,9.1,15.0,16.0,13.1,10.3
1772505702.5176332,22.2,22.8,25.0,24.2,23.7,26.3,35.4,28.3,15.5,13.1,32.0,28.3,26.3,20.0,13.3,14.0,34.3,32.0,15.3,24.2,19.0,17.3,46.0,37.0,15.2,6.9,26.3,19.2,26.0,25.7,26.0,1.0,14.0,13.0,20.0,14.9,13.0,10.8,7.0,9.1,33.0,45.9,9.1,11.1,14.3,12.1,19.0,18.6,16.0,12.1,16.8,21.0,29.3,22.8
1772505703.520107,29.6,13.9,28.3,20.2,19.2,23.5,35.6,27.3,17.2,22.4,19.2,32.0,18.8,20.6,18.2,17.3,40.4,32.3,18.6,21.8,18.4,8.1,27.0,29.3,32.0,3.0,24.0,23.2,22.2,26.3,13.3,9.2,16.2,10.1,18.0,17.2,10.1,8.2,6.1,7.1,22.0,23.8,14.1,13.1,15.2,9.3,14.1,12.0,16.2,12.0,12.1,20.0,14.1,15.3
1772505704.5201886,25.3,15.3,18.2,30.4,14.3,11.1,27.6,18.2,4.0,17.0,23.0,22.8,22.0,23.8,12.1,13.3,36.6,39.6,24.0,19.8,19.2,13.0,35.0,39.6,9.3,7.1,28.0,23.0,20.0,32.0,34.0,23.0,8.9,22.0,21.8,13.1,12.7,11.9,6.1,3.1,31.7,29.0,10.1,10.1,18.4,18.4,19.8,18.2,14.9,9.0,19.0,17.2,19.0,16.0
1772505705.5269244,22.2,20.0,25.3,18.4,23.8,18.2,30.3,19.0,13.1,12.2,22.0,29.7,16.8,29.4,13.1,14.3,43.0,31.3,21.2,19.0,13.1,14.9,42.6,39.6,5.9,9.2,22.2,20.8,31.3,20.0,33.7,21.0,2.0,8.0,18.0,15.8,12.1,9.1,5.0,3.0,38.0,24.8,17.0,13.1,12.2,21.8,13.0,12.9,11.1,16.2,18.0,15.2,17.2,8.3
1772505706.5278258,23.0,23.0,34.0,20.8,24.0,29.3,20.0,39.6,14.3,9.1,32.4,27.3,26.3,23.2,13.0,14.1,36.0,42.2,19.0,20.2,12.1,15.8,30.0,30.3,4.1,3.0,8.0,3.1,28.7,27.3,42.0,20.0,20.8,3.1,14.9,18.2,14.1,10.9,5.1,7.0,31.0,33.3,11.0,8.1,7.1,10.0,19.0,18.0,2.0,20.2,16.8,16.2,17.0,9.0
1772505707.5279014,22.9,16.3,21.6,21.2,21.9,14.0,26.0,36.4,11.1,29.0,29.6,22.8,19.2,26.0,16.5,23.2,31.3,36.7,22.2,13.3,11.0,16.5,40.0,27.7,27.3,5.1,18.6,16.0,32.0,11.1,10.0,19.2,23.0,6.1,11.1,21.8,11.1,12.0,4.1,4.1,28.0,35.0,12.1,10.2,14.0,13.3,11.1,12.1,15.2,19.0,19.2,12.1,15.2,11.9
1772505708.5298946,30.6,15.0,30.0,23.2,12.1,14.1,29.0,33.7,5.1,25.0,16.2,18.2,13.1,20.0,14.1,8.2,45.0,35.0,23.5,17.0,12.2,15.0,35.4,34.0,31.3,5.9,31.3,28.3,38.6,21.0,22.2,1.0,19.0,9.0,15.0,22.0,12.9,11.9,3.0,5.1,34.7,39.0,10.0,14.0,16.3,15.3,23.8,22.5,15.7,7.1,17.8,14.9,22.2,13.1
1772505709.530238,25.7,16.2,20.4,25.3,25.3,17.2,32.3,32.3,10.0,27.3,30.7,21.8,21.0,17.2,16.2,14.1,37.0,35.4,28.6,17.0,13.9,10.1,32.0,46.0,30.0,4.0,28.3,31.0,29.6,16.0,18.2,2.0,4.0,23.0,22.2,12.0,11.1,11.2,6.1,4.1,37.4,39.4,5.1,8.2,11.2,21.0,12.9,12.1,15.3,10.1,18.2,13.1,17.0,11.1
1772505710.53257,18.4,23.8,21.2,28.7,25.0,28.0,25.0,30.7,6.1,26.0,35.3,19.0,23.0,22.8,16.0,17.2,38.6,35.0,16.8,18.0,11.0,15.0,30.7,32.0,35.0,6.0,23.8,27.0,27.0,31.4,20.8,6.0,8.0,21.8,15.7,22.5,11.9,11.8,6.0,5.0,39.6,23.8,16.0,19.4,7.9,13.1,18.6,19.8,16.8,6.0,18.0,13.9,14.1,13.0
1772505711.5333507,24.0,18.4,32.0,20.0,15.3,11.3,30.6,35.4,7.1,20.0,25.8,22.8,17.3,28.0,12.2,16.2,35.7,40.0,18.6,19.0,20.6,6.1,37.0,39.4,34.7,4.0,20.4,27.0,28.3,18.6,21.6,1.0,13.3,15.0,19.0,17.2,11.1,13.0,10.0,2.1,32.0,34.0,8.2,5.1,17.7,19.2,13.1,12.0,16.2,12.2,15.3,9.4,11.1,20.2
1772505712.5334215,18.4,29.7,19.4,31.3,17.2,20.2,24.0,36.4,16.2,26.0,23.8,19.4,25.0,21.0,10.2,12.4,34.3,36.4,23.0,17.3,14.3,7.1,39.0,36.0,30.0,3.1,23.8,23.5,10.1,33.3,19.8,6.1,8.1,2.1,17.2,15.0,11.1,13.0,4.1,6.1,35.4,34.0,17.3,12.2,17.2,17.5,21.0,19.8,16.2,11.0,6.1,9.1,22.0,13.3
1772505713.5334918,24.5,19.2,28.3,19.6,24.2,26.5,33.0,27.0,31.3,15.0,22.0,37.3,23.0,19.2,18.0,9.2,35.0,32.3,21.2,19.0,14.7,14.9,38.4,27.6,2.0,5.1,18.2,23.0,14.1,35.4,21.2,3.1,3.0,4.0,16.2,16.0,12.0,13.1,3.1,3.1,25.0,28.3,10.9,7.0,16.3,11.1,13.1,12.1,7.1,11.2,7.2,9.1,18.0,14.1
1772505714.533937,28.3,19.2,20.2,32.7,20.4,20.0,32.0,29.3,22.0,19.2,26.3,33.3,22.2,21.2,17.2,24.2,46.5,35.6,26.0,23.8,23.2,19.0,35.4,38.2,2.0,4.1,9.2,25.0,19.0,23.2,22.0,1.0,2.0,6.1,17.0,12.0,11.0,10.1,4.0,8.1,24.0,12.1,15.2,13.1,25.0,16.0,21.8,21.8,12.0,18.8,5.1,22.2,13.0,18.2
1772505715.5349085,21.2,8.1,20.4,23.0,6.9,17.2,30.3,21.2,22.4,6.1,23.2,16.0,14.0,24.0,12.1,9.1,34.0,36.4,19.0,13.1,11.1,18.4,31.7,29.0,10.2,18.0,22.2,26.3,30.3,20.0,20.4,2.0,3.1,5.1,15.0,13.3,12.0,9.0,2.0,7.1,16.3,22.0,6.1,9.1,18.2,17.2,12.1,12.1,11.0,5.1,19.2,19.2,12.1,10.2
1772505716.5363994,16.3,12.0,17.2,32.7,22.2,22.2,24.5,23.2,8.8,9.1,20.6,18.4,22.0,22.0,12.2,14.3,36.0,35.4,21.0,20.0,16.0,16.0,42.4,44.0,5.0,20.2,11.0,23.0,35.0,9.2,6.1,18.8,11.0,5.1,11.9,25.0,14.7,10.0,4.0,19.2,21.2,38.1,13.1,9.0,19.2,18.4,22.0,17.0,22.0,5.1,14.1,15.2,12.0,16.0
1772505717.5414221,11.5,12.1,16.3,28.7,25.3,27.6,23.0,23.0,16.2,13.0,29.3,30.4,20.2,21.0,10.8,13.9,28.4,26.7,16.8,21.0,13.0,10.0,33.3,23.0,6.9,2.0,3.0,12.0,20.0,27.0,3.0,20.0,14.0,12.9,19.8,15.8,7.1,8.0,6.1,3.0,20.8,34.0,11.0,13.1,4.0,9.0,4.0,5.1,15.0,8.2,18.8,15.2,17.0,7.1
1772505718.5437272,12.7,18.0,19.8,30.0,16.0,17.8,35.0,26.0,20.6,3.0,35.6,22.0,19.8,28.3,16.2,18.2,32.0,27.3,15.2,25.0,20.0,15.2,25.7,46.0,3.1,5.1,10.2,15.2,23.0,24.8,3.0,21.0,13.1,11.2,12.1,18.8,14.0,10.0,7.0,3.0,17.3,42.6,8.1,10.0,12.7,12.2,9.1,8.9,11.0,17.0,17.0,17.2,13.0,17.2
1772505719.5447288,18.2,16.0,25.5,20.2,14.4,21.0,33.7,31.3,32.7,12.1,17.3,29.7,12.2,15.2,17.2,12.2,29.3,24.2,18.8,18.8,9.2,23.5,25.7,41.0,3.0,9.0,19.2,29.3,24.2,26.3,6.1,22.0,18.0,10.0,18.0,19.0,13.0,11.0,6.1,5.0,36.3,45.5,15.3,14.1,12.4,21.0,12.1,9.0,7.1,16.0,14.1,17.8,10.1,16.5
1772505720.548188,27.6,27.0,33.0,22.8,23.2,21.4,35.6,26.5,23.0,4.0,18.0,20.2,21.2,25.0,14.1,14.0,29.6,29.4,23.2,20.8,13.1,16.8,32.0,32.3,6.1,4.0,24.8,26.7,24.2,28.0,14.0,12.1,8.0,11.0,24.0,14.1,11.1,13.9,5.1,5.1,31.3,47.0,5.1,11.0,17.2,21.2,3.0,6.1,15.2,18.0,14.9,21.2,17.2,14.0
1772505721.5502095,19.4,25.7,30.3,18.0,25.5,20.2,30.7,26.7,25.0,10.1,29.7,25.0,20.0,26.7,12.1,15.2,33.3,33.0,18.8,20.4,12.0,16.2,52.0,33.3,3.0,4.0,25.0,16.2,29.4,25.0,21.0,1.0,5.1,5.1,17.0,15.8,10.9,12.0,2.0,5.1,16.0,26.7,15.0,12.9,6.0,8.0,12.1,17.2,9.1,9.2,13.1,17.8,10.0,15.8
1772505722.5540504,31.6,11.1,33.7,20.4,11.1,19.2,33.0,33.7,14.1,19.8,29.7,27.0,22.2,26.0,15.2,23.0,39.4,40.6,20.8,22.8,21.2,12.0,27.7,38.0,7.1,7.0,22.8,9.0,16.5,30.0,21.2,2.0,5.1,22.8,14.1,31.7,10.9,13.0,7.0,3.0,29.3,24.7,15.0,9.0,13.3,16.2,14.0,13.0,21.6,9.0,22.0,13.9,18.0,17.2
1772505723.5614145,32.3,14.0,27.6,22.8,21.2,19.2,18.4,28.0,12.2,21.2,29.0,21.2,23.0,25.7,15.0,13.1,36.0,35.4,21.2,21.2,11.1,12.1,40.6,34.3,4.0,3.1,28.0,20.4,15.2,39.0,6.0,16.0,3.0,23.0,15.0,16.8,12.1,10.0,2.0,8.0,48.5,33.7,10.1,10.1,19.0,16.2,18.8,20.8,17.2,7.1,17.8,13.3,13.0,15.3
1772505724.5619233,27.6,13.1,29.3,22.0,25.3,21.2,13.1,23.5,15.2,18.2,25.3,11.2,13.1,29.0,16.3,11.0,35.4,35.4,20.0,17.0,10.1,13.3,32.3,41.4,2.0,5.1,11.2,33.0,19.0,26.0,3.0,21.2,5.1,22.0,18.2,15.0,11.0,10.1,5.0,7.0,25.3,43.0,14.1,13.3,15.3,18.4,12.0,14.0,18.2,4.0,15.3,15.8,13.1,11.9
1772505725.5645747,25.8,19.2,17.0,31.3,20.6,18.2,28.0,21.0,21.4,7.1,24.2,32.7,19.0,24.8,13.0,12.2,44.0,30.3,20.2,21.2,17.0,9.1,39.4,23.2,6.9,3.0,25.0,20.2,25.0,31.7,20.2,2.0,6.1,22.8,11.0,13.1,12.0,17.0,4.1,5.0,13.0,29.0,7.1,7.9,10.1,4.1,17.2,16.8,12.1,11.0,20.2,14.0,12.1,19.2
1772505726.576316,30.3,13.7,32.0,19.8,18.8,8.1,21.2,22.8,12.7,9.9,23.8,27.7,21.6,21.6,17.3,21.8,38.6,30.7,15.8,15.7,13.0,5.0,32.4,39.2,4.0,3.0,24.0,27.2,7.9,36.0,13.9,10.8,4.1,22.0,14.9,13.9,11.0,12.7,5.0,5.1,29.7,48.0,14.0,13.1,15.8,14.0,17.6,15.7,9.0,14.0,15.7,14.9,8.9,14.1
1772505727.578647,23.7,17.0,24.0,24.2,24.0,21.2,15.8,18.0,4.1,11.0,23.5,27.7,20.2,19.4,9.0,10.0,34.3,43.0,16.8,20.0,15.8,13.0,24.8,33.0,5.0,5.0,16.2,29.0,29.3,21.8,21.8,2.0,7.8,21.8,15.2,18.8,11.9,10.9,3.0,2.0,35.6,41.0,6.0,8.0,13.3,18.2,16.0,17.8,18.0,11.0,14.9,15.3,14.1,12.0
1772505728.5787299,19.8,22.0,24.0,24.2,24.7,21.2,24.5,33.0,13.0,32.3,14.4,16.5,17.3,26.0,16.2,12.2,42.4,29.6,14.3,20.2,14.3,15.2,32.7,32.0,3.1,6.1,32.3,32.0,13.1,34.0,21.4,2.0,12.2,10.1,15.0,19.0,12.1,11.1,5.2,3.1,25.3,38.4,11.2,14.1,12.5,18.4,17.2,13.3,8.1,11.2,17.2,17.0,16.2,12.1
1772505729.5828822,29.0,16.0,35.0,24.8,22.0,16.3,36.6,26.0,4.0,22.8,28.7,33.7,22.5,21.6,16.0,10.1,44.0,32.4,22.0,16.8,13.0,13.1,36.3,38.6,4.0,6.1,14.0,18.0,17.0,32.3,22.0,2.0,10.0,21.0,23.5,15.2,12.7,13.9,5.0,10.0,32.4,33.3,12.9,11.9,5.9,13.0,16.2,17.6,20.0,11.0,22.0,12.1,20.0,12.1
1772505730.5829787,21.2,20.2,25.0,16.3,23.5,14.0,31.3,31.6,11.2,33.0,22.4,29.3,12.2,9.2,18.2,18.4,35.4,35.0,17.2,18.2,10.1,13.9,32.0,25.5,3.1,3.0,21.6,22.0,13.3,38.6,8.2,13.1,14.3,13.1,18.2,20.8,11.1,12.2,2.0,6.1,29.0,47.5,10.2,11.2,15.3,18.2,17.0,15.0,10.2,11.0,17.2,14.0,14.9,10.1
1772505731.5847592,23.0,20.0,27.0,21.0,21.4,20.6,33.3,21.2,3.0,24.0,22.8,28.0,20.2,22.0,12.2,8.0,33.0,39.0,21.0,21.8,9.1,18.0,39.2,38.0,5.1,4.0,24.8,24.5,35.6,12.1,1.0,22.0,20.0,8.0,16.0,18.2,9.1,11.9,5.1,5.0,29.3,51.5,10.1,9.1,17.2,15.3,15.0,15.0,10.1,15.2,14.1,14.3,13.3,12.0
1772505732.5848505,15.6,26.0,19.4,30.0,19.2,18.2,23.2,23.5,11.2,31.7,14.1,24.8,26.7,17.2,14.0,17.2,43.4,32.7,23.0,18.2,16.0,16.2,32.0,36.0,4.0,4.1,23.2,8.1,17.2,34.3,15.2,8.1,13.0,4.1,13.3,24.0,12.1,11.0,5.1,5.1,26.0,22.0,12.2,13.0,8.2,17.0,18.0,16.0,11.0,11.1,6.1,11.9,18.4,11.2
1772505733.5904596,14.6,24.0,22.0,29.7,13.1,19.2,29.3,20.8,13.0,12.2,30.7,26.0,25.7,24.8,10.0,11.0,40.2,37.6,21.8,15.0,18.8,8.1,43.0,37.6,4.0,5.0,18.8,18.0,11.0,36.0,24.5,2.0,4.0,5.0,20.8,19.6,11.9,10.9,4.0,5.1,20.0,24.0,9.9,13.0,8.9,13.0,13.7,13.7,12.9,17.0,9.0,7.1,14.9,16.2
1772505734.5927145,8.2,16.2,13.1,27.7,24.2,18.0,30.7,30.3,24.2,12.0,31.3,22.0,24.0,16.3,20.4,14.4,32.3,36.0,21.0,20.0,19.2,8.1,32.7,29.9,3.1,5.1,28.3,20.0,23.2,28.0,20.6,1.0,15.3,15.2,13.9,17.2,9.0,9.1,1.0,5.1,40.8,36.4,11.1,7.1,29.0,22.0,19.2,18.0,5.1,19.0,4.1,9.1,9.3,13.1
1772505735.593345,12.6,12.2,20.6,28.0,21.4,22.4,27.6,36.6,16.2,13.3,24.0,24.2,24.5,23.8,18.2,16.0,39.0,31.3,21.2,18.0,9.8,18.2,40.4,33.3,4.1,4.2,36.4,27.6,23.2,29.0,17.0,8.2,16.2,14.0,24.2,10.0,11.9,14.0,6.0,5.1,34.7,38.6,12.2,16.8,21.6,20.6,21.2,14.1,12.0,20.2,14.3,23.2,14.0,11.0
1772505736.5934246,6.2,18.0,20.2,29.3,19.0,14.3,31.7,28.0,15.3,23.0,19.0,20.0,25.7,18.0,10.1,11.2,29.7,30.0,18.2,19.0,12.4,11.1,45.0,32.3,8.0,5.1,25.5,28.0,28.0,22.0,1.0,21.8,5.9,22.8,18.8,13.3,11.0,13.0,4.2,4.0,10.1,31.0,8.0,9.1,13.3,11.9,19.6,16.0,15.2,8.0,18.2,17.2,15.2,17.0
1772505737.5935082,11.3,15.0,16.2,32.7,17.2,19.4,31.3,30.6,6.1,17.0,23.2,35.4,24.2,16.2,12.2,19.8,28.6,26.3,20.0,17.2,14.0,12.9,36.0,23.0,3.1,4.1,23.8,20.2,23.2,19.2,2.0,17.2,4.1,23.0,18.0,15.8,9.1,9.0,4.0,4.1,27.3,41.4,17.2,16.0,4.0,10.2,13.0,12.9,15.2,12.1,15.2,18.0,14.9,14.1
1772505738.5955458,24.0,14.0,19.8,28.7,21.2,20.0,26.3,24.0,4.0,5.0,28.0,25.7,18.8,25.0,19.0,11.1,27.3,28.7,18.0,20.8,16.2,12.1,36.3,34.0,4.0,6.9,21.2,26.0,24.0,28.7,1.0,22.0,4.1,21.2,15.2,17.0,9.9,13.0,2.0,7.0,38.0,39.2,13.1,6.0,10.1,19.0,19.0,19.0,8.0,11.0,16.8,14.9,13.3,12.0
1772505739.5972693,27.8,17.0,24.2,26.3,25.3,22.0,30.0,29.3,22.4,18.2,20.2,25.5,24.5,21.2,15.0,16.0,34.0,24.2,19.0,16.5,17.0,6.1,22.4,34.0,6.1,4.0,24.2,22.4,22.4,31.3,3.0,21.2,9.1,18.0,18.0,15.2,11.1,11.0,3.1,4.1,32.3,36.4,15.2,9.3,19.0,20.4,7.1,28.0,22.0,7.1,17.8,16.2,11.1,14.1
1772505740.6006575,26.3,11.1,30.0,20.8,17.2,12.2,24.2,32.4,21.0,4.0,26.7,14.9,25.7,15.8,10.1,11.1,30.0,46.5,17.2,20.6,4.0,16.8,41.6,45.0,2.0,6.1,25.0,21.0,19.8,22.2,8.1,14.0,11.0,16.8,16.0,18.8,11.0,12.9,4.0,7.0,21.8,35.6,8.1,8.0,12.1,10.1,11.0,12.1,13.0,9.0,16.0,16.8,14.0,17.2
1772505741.6021962,29.6,14.0,16.3,29.0,17.3,18.0,23.8,30.0,27.7,8.1,26.3,28.7,24.0,14.1,14.1,7.0,31.3,41.6,18.8,20.0,17.8,20.2,26.3,33.7,4.0,4.1,13.0,17.2,40.0,8.1,21.2,2.0,16.8,13.1,21.8,15.2,11.0,11.1,5.1,4.0,42.0,34.3,13.0,10.1,6.1,8.2,2.0,4.0,9.1,20.2,14.0,17.2,14.1,12.0
1772505742.6033776,25.5,17.2,19.4,32.3,19.8,23.2,29.6,28.6,26.3,6.0,31.7,26.5,9.1,17.3,16.3,23.7,37.0,35.0,21.2,19.2,9.2,17.2,41.0,32.7,4.1,4.0,24.2,16.2,23.2,27.7,21.0,2.0,19.4,10.0,13.0,20.2,12.0,14.0,6.1,4.0,39.8,35.7,10.2,13.0,20.2,18.2,9.2,9.2,7.9,16.2,19.2,15.3,20.0,12.5
1772505743.6072922,21.4,23.2,29.3,25.5,25.3,23.2,31.0,23.0,24.2,12.1,26.0,23.8,22.2,23.8,12.1,14.0,41.0,38.6,24.0,21.2,8.2,23.0,33.0,38.4,5.1,4.1,24.0,23.0,27.0,24.0,22.0,2.0,9.0,5.1,14.0,22.8,11.9,13.0,8.0,4.1,32.0,35.0,12.0,12.0,21.4,22.0,19.8,15.8,18.2,9.1,15.2,18.2,17.3,14.0
1772505744.6073735,22.0,25.0,21.4,32.3,20.4,15.3,22.7,25.0,15.2,12.1,26.3,19.2,32.7,15.2,20.0,9.2,45.5,27.3,24.2,18.2,16.0,15.5,36.4,39.8,5.0,27.0,8.2,22.0,32.0,14.0,8.2,13.1,10.2,8.0,18.0,17.8,12.2,12.1,3.1,7.1,31.7,29.3,15.2,12.2,9.1,9.2,16.0,17.0,15.2,13.3,17.0,16.2,20.2,16.0
1772505745.610674,15.8,23.0,20.6,27.7,12.0,18.0,26.7,34.7,19.0,18.2,35.0,20.8,24.0,15.8,19.8,19.8,40.0,34.7,25.7,18.0,12.0,14.7,29.7,34.0,2.0,10.1,16.0,27.7,34.0,27.0,18.8,4.0,21.6,6.9,19.8,11.0,12.9,10.9,2.0,6.0,21.0,33.3,7.0,8.0,12.1,9.0,15.8,15.7,15.0,7.0,14.1,20.8,11.1,14.1
1772505746.611584,15.8,27.5,29.0,20.0,23.2,23.2,23.2,30.0,16.2,15.8,20.2,39.6,26.5,21.0,11.2,10.1,40.0,35.0,18.0,19.8,13.1,11.2,31.7,33.0,23.2,10.0,24.2,23.8,9.1,36.6,21.8,3.0,22.0,5.1,19.0,13.1,11.0,14.9,3.1,7.0,20.4,38.4,15.2,17.2,18.0,15.5,19.0,19.0,11.1,15.2,15.0,17.2,15.8,15.3
1772505747.6157596,15.8,23.0,30.3,16.2,18.6,22.2,34.7,28.0,15.2,8.1,15.0,21.4,15.0,24.2,15.2,7.1,36.4,34.3,18.2,18.0,16.0,10.1,36.4,36.0,16.0,6.0,24.2,43.9,30.3,29.0,12.0,11.1,24.0,2.0,12.0,18.8,9.1,9.0,2.0,5.1,21.4,36.0,8.1,7.0,16.2,17.2,14.0,13.0,13.1,4.1,15.2,16.2,6.1,16.0
1772505748.6208997,23.8,25.3,27.0,30.0,18.4,19.0,40.0,23.2,13.1,16.2,23.2,26.0,18.4,28.0,11.1,18.4,35.6,41.6,20.8,22.2,14.1,16.0,32.3,39.0,42.4,6.2,18.0,30.0,30.0,21.2,1.0,21.4,22.8,6.1,12.0,25.0,13.0,12.0,5.1,6.1,38.2,33.0,15.0,18.2,7.1,15.8,20.2,18.8,19.8,17.6,19.2,15.2,20.0,17.3
1772505749.6209924,15.8,26.0,26.3,24.2,23.8,19.4,32.3,36.6,17.2,4.0,25.0,33.0,23.0,27.0,19.6,19.2,39.8,38.8,23.2,22.8,11.0,23.0,43.0,33.3,38.4,4.0,7.1,23.0,24.8,26.0,10.1,11.0,22.0,5.0,19.2,9.2,13.1,9.2,4.1,10.9,39.0,42.0,10.0,9.1,13.1,15.3,16.0,13.1,10.1,15.3,18.0,15.3,14.4,13.9
1772505750.6210868,18.4,22.2,26.7,20.2,24.5,21.2,18.0,34.0,31.3,12.1,37.6,22.8,26.7,19.2,11.1,13.0,35.4,39.6,16.0,19.2,20.2,10.1,31.7,35.0,38.4,4.0,13.0,13.3,24.7,23.2,4.0,22.0,10.1,22.0,15.0,16.0,11.0,10.9,6.1,1.0,37.0,35.4,14.1,17.2,21.4,19.6,17.6,19.6,18.2,9.0,13.1,18.4,10.1,12.6
1772505751.626201,29.3,12.7,21.2,20.2,20.0,19.0,26.0,29.7,22.0,5.9,16.0,21.8,21.2,21.0,12.9,15.0,31.4,41.0,16.0,18.6,10.0,14.0,36.4,43.6,32.7,5.0,17.2,9.1,17.6,34.0,3.0,19.0,10.9,8.9,18.0,12.7,10.9,11.0,5.0,5.0,24.8,34.3,5.0,8.0,13.1,9.2,15.0,16.8,8.0,17.3,15.8,15.8,19.2,10.7
1772505752.6300921,15.3,13.1,27.0,25.5,14.3,16.2,34.0,31.3,30.3,9.1,25.3,24.2,7.1,21.2,16.2,21.2,35.4,37.0,21.8,20.0,11.0,17.2,28.3,34.3,12.1,22.4,13.3,15.8,20.2,34.3,3.1,21.2,5.1,5.1,15.8,20.0,12.0,12.2,6.1,2.1,36.4,36.3,15.2,16.8,11.1,8.1,16.0,16.2,12.1,9.1,8.1,7.1,25.7,8.2
1772505753.6327782,24.8,2.0,29.3,22.4,24.2,22.2,33.0,30.0,24.3,6.1,24.8,31.7,20.0,18.0,14.0,17.8,45.5,31.0,21.0,19.0,17.2,10.2,30.7,42.6,3.0,26.0,20.6,23.0,26.0,22.0,2.0,21.6,4.1,3.0,11.1,18.2,11.0,16.7,4.0,5.0,37.0,43.0,11.9,7.1,32.0,29.4,16.8,14.9,11.0,15.2,17.2,6.2,19.0,12.1
1772505754.6335342,20.8,7.1,19.4,28.3,24.5,24.2,32.0,27.3,18.4,15.3,28.3,24.2,24.0,24.0,13.1,15.3,31.0,25.3,16.2,21.2,14.0,11.2,34.0,40.0,3.1,17.5,23.2,32.3,22.4,32.7,19.4,3.1,4.1,5.1,13.9,19.0,12.0,12.2,6.1,3.0,28.6,31.3,16.2,14.3,20.6,18.6,15.0,18.0,17.2,8.1,20.4,9.3,18.2,12.1
1772505755.634522,16.3,26.3,28.7,22.0,18.4,18.0,28.3,28.0,24.2,6.1,15.2,20.0,25.3,18.2,12.4,14.0,32.0,24.2,26.3,15.0,13.1,17.8,29.7,40.0,6.0,15.7,20.0,25.3,22.0,25.3,2.0,19.4,8.0,15.0,19.0,17.0,9.2,13.0,6.0,6.1,43.6,27.0,7.1,11.0,6.1,14.1,16.2,16.0,13.0,13.3,24.2,16.2,18.2,12.1
1772505756.6370883,30.3,8.2,16.5,30.0,14.3,16.2,29.0,21.0,22.2,10.1,24.8,25.7,25.7,19.8,15.0,23.0,25.0,27.3,17.8,21.0,17.8,10.1,38.4,34.0,3.0,5.1,27.0,21.4,21.2,28.0,3.0,21.8,14.0,14.9,16.0,18.2,10.0,10.1,2.1,4.1,35.0,23.0,13.0,15.2,10.1,12.4,16.0,16.0,12.1,13.9,14.0,20.0,12.1,15.5
1772505757.6389308,14.6,27.0,27.0,30.7,26.3,30.0,32.3,34.3,17.0,18.2,35.4,24.7,20.4,26.0,14.3,13.3,36.4,32.3,23.0,27.0,13.1,21.0,43.0,30.3,5.1,11.0,9.0,25.2,30.0,22.2,10.0,14.3,11.0,18.0,20.2,19.8,11.1,12.1,7.0,6.1,24.5,24.2,12.2,11.2,18.4,25.0,18.0,19.0,13.1,18.2,15.0,20.2,17.2,19.2
1772505758.6405537,25.5,20.2,32.0,23.0,20.6,24.5,35.0,29.0,9.1,22.0,27.0,27.0,26.7,19.2,15.0,14.7,37.6,37.3,16.0,23.2,18.2,9.1,44.6,41.6,5.1,4.1,19.2,22.4,38.0,13.1,22.2,3.0,6.1,20.0,18.8,17.0,10.0,10.0,6.1,3.0,39.6,24.0,14.3,9.1,14.9,15.3,14.9,14.9,17.2,11.1,17.0,16.0,14.1,15.2
1772505759.6415534,23.2,15.0,25.5,21.2,18.8,16.3,33.0,22.4,11.0,13.3,17.8,17.0,22.0,21.0,17.0,9.3,39.4,35.0,16.2,25.7,9.1,8.2,31.3,23.8,2.0,6.1,24.0,25.3,29.3,19.8,21.0,3.1,4.0,3.1,18.2,14.9,11.1,10.9,6.1,3.1,39.0,40.6,10.1,13.1,3.1,8.2,17.0,18.0,10.1,11.0,14.0,17.3,14.1,16.2
1772505760.641922,16.8,24.0,27.0,19.2,10.3,17.0,38.0,26.0,3.0,7.1,24.2,23.8,25.0,16.2,21.0,20.0,33.3,39.8,17.0,20.0,13.3,11.0,36.6,32.0,3.1,4.0,26.0,23.8,23.0,20.2,21.0,6.0,12.2,10.1,13.0,19.4,11.1,9.1,3.0,5.1,32.7,42.0,3.1,8.1,5.1,14.9,7.1,5.1,16.2,11.1,16.8,16.8,10.0,16.0
1772505761.642918,20.8,20.0,23.0,23.2,22.0,23.5,37.0,24.2,10.0,31.3,32.0,23.2,23.2,20.0,11.0,11.2,38.2,35.6,18.0,21.4,18.0,20.2,42.0,34.7,4.0,7.1,15.2,28.0,14.3,34.0,21.2,3.0,5.9,22.8,13.0,19.0,14.7,11.0,3.1,4.1,30.0,26.5,15.8,16.8,28.0,12.4,10.0,8.1,7.1,12.1,18.2,13.3,10.1,17.0
1772505762.642999,21.4,23.2,24.5,27.5,25.5,21.2,30.4,35.0,6.1,23.0,35.4,25.0,15.2,26.0,12.4,16.2,39.4,35.0,16.0,21.0,17.3,10.0,33.7,37.0,5.2,5.1,22.0,24.5,12.9,31.0,1.0,20.2,6.1,23.0,18.0,12.1,9.3,10.9,2.0,6.1,33.0,35.0,5.2,9.1,15.5,14.3,5.2,5.1,11.1,18.0,14.1,19.0,9.2,14.3
1772505763.643616,15.8,24.0,22.0,31.3,18.0,20.0,33.7,28.7,8.2,27.3,19.8,20.2,22.0,27.3,16.3,18.0,36.4,36.6,18.2,19.8,19.0,8.1,36.4,37.4,6.0,5.0,24.0,24.0,35.0,21.2,6.1,21.4,22.8,5.1,14.1,19.0,11.9,10.1,4.1,6.1,29.0,48.5,15.8,17.0,7.9,11.1,8.2,9.0,12.1,11.2,18.0,16.0,17.8,10.2
1772505764.6446772,19.8,20.2,18.2,30.0,14.3,18.6,25.8,27.3,7.1,25.0,24.2,25.3,12.4,15.0,14.1,17.2,45.5,35.4,20.2,22.2,19.0,12.0,28.3,38.2,5.2,1.1,26.5,23.2,27.3,23.5,2.0,20.8,21.4,5.1,20.2,18.4,9.0,13.0,4.0,5.1,26.3,40.4,7.1,6.2,21.2,12.1,14.0,19.0,4.0,23.0,13.1,18.4,15.2,13.0
1772505765.6459808,21.6,19.2,24.2,17.2,20.2,22.0,30.0,26.3,13.0,21.4,28.4,29.7,16.0,13.1,7.1,14.0,31.0,37.4,16.0,19.2,9.0,15.0,39.0,40.4,3.1,3.0,30.7,25.0,22.8,20.0,1.0,19.0,16.0,11.1,17.8,12.1,11.0,11.0,4.1,1.0,30.3,28.0,15.0,13.1,12.2,19.4,15.8,14.9,4.1,15.0,14.9,16.8,5.2,13.3
1772505766.646808,26.8,18.8,33.0,18.6,26.5,21.4,29.0,24.5,19.0,12.1,25.0,32.7,19.2,30.3,15.2,9.1,34.3,35.0,20.0,20.8,8.2,15.2,28.0,32.0,3.1,6.9,15.3,9.4,27.3,22.8,2.0,22.0,7.1,18.2,19.0,13.9,10.1,11.0,3.1,5.1,39.4,27.3,9.1,5.1,8.1,15.2,15.0,18.8,10.1,16.2,15.2,19.0,10.1,12.2
1772505767.6494088,31.6,13.1,23.5,28.0,20.0,12.1,23.2,27.0,16.2,16.2,19.6,23.8,21.0,28.7,16.2,20.0,42.4,37.4,21.0,22.0,15.0,17.3,40.0,41.0,5.1,6.1,7.1,16.2,7.1,39.0,3.1,20.2,17.2,15.0,21.2,13.0,13.1,9.2,8.2,3.0,37.6,28.7,13.1,15.2,13.4,4.1,17.8,15.0,14.1,11.0,18.0,21.2,12.1,18.2
1772505768.6518629,17.5,26.0,24.2,24.5,22.2,22.2,27.7,37.0,16.3,21.0,26.7,21.2,22.2,22.2,13.1,17.2,33.7,40.6,17.0,20.8,13.1,15.0,31.0,31.3,4.0,5.1,4.1,22.8,14.1,33.0,3.0,21.8,12.1,13.1,17.0,17.0,11.0,9.9,8.1,4.0,22.0,27.3,6.0,12.1,27.0,19.0,17.0,17.0,12.0,15.2,17.0,15.2,16.2,16.2
1772505769.6526058,15.8,24.8,23.0,28.0,26.0,25.3,33.3,23.0,5.1,15.2,24.0,34.7,26.7,20.0,16.2,12.1,39.8,33.3,19.2,20.2,16.0,11.9,50.0,32.7,6.1,5.1,20.0,22.0,29.0,17.2,2.0,20.4,5.1,15.0,16.0,18.8,11.1,14.1,8.1,4.0,28.3,33.0,14.1,13.0,16.2,17.3,17.0,13.1,13.1,8.2,17.0,16.2,11.1,12.2
1772505770.6529992,16.5,23.2,16.5,30.0,12.2,21.2,40.0,21.2,12.1,17.2,28.0,25.0,20.0,24.2,10.4,12.2,42.9,33.3,21.2,20.2,15.3,10.2,28.7,32.0,5.1,4.1,22.4,24.5,31.7,22.2,3.0,22.0,11.1,5.1,16.2,17.2,14.9,11.9,3.1,5.1,39.4,41.0,12.2,11.0,14.1,7.1,16.0,18.0,14.0,16.0,16.3,18.2,15.3,15.2
1772505771.6609561,6.3,17.0,16.0,34.0,25.7,10.9,26.7,32.3,24.5,6.0,26.0,15.0,20.2,26.7,22.5,21.0,39.2,40.2,16.8,20.8,14.9,13.9,40.0,39.6,4.0,5.0,33.7,17.2,13.0,32.3,3.0,22.0,22.8,5.0,15.8,21.8,14.1,9.0,8.0,7.0,43.6,30.7,11.1,11.1,25.7,25.7,16.8,16.8,10.0,18.0,13.9,21.2,18.6,12.0
1772505772.661032,15.0,13.1,19.2,30.0,23.5,23.2,33.7,31.0,28.3,9.1,27.7,29.0,22.2,24.2,8.2,19.2,36.0,33.3,20.2,20.4,16.5,17.0,33.3,39.4,6.9,7.2,30.0,26.3,33.3,20.0,4.0,22.2,22.2,10.1,15.2,19.8,12.0,13.9,9.2,5.1,28.7,34.3,17.0,10.1,22.4,22.4,15.2,17.0,9.1,12.1,14.3,7.1,15.5,14.1
1772505773.6627214,25.7,5.0,32.0,21.8,24.7,24.5,33.3,32.3,27.3,6.1,32.3,26.5,22.0,27.0,13.1,11.1,26.5,30.7,20.2,20.0,15.2,10.1,38.0,41.0,3.1,5.1,12.2,12.2,14.1,36.0,3.0,22.0,22.2,7.1,26.0,18.0,11.1,12.0,12.1,6.1,29.0,42.6,14.3,12.0,16.2,13.1,16.8,18.8,15.2,13.1,21.0,13.4,9.1,19.4
1772505774.6643226,26.0,14.1,26.0,22.2,16.2,15.2,25.0,32.0,29.7,7.0,20.2,28.7,26.0,22.0,13.1,25.5,26.0,30.0,21.8,21.0,9.2,16.2,35.4,21.2,5.1,3.1,13.0,12.1,15.8,29.0,5.1,22.2,7.1,20.8,18.2,20.0,10.0,13.1,9.0,5.1,34.3,41.0,10.9,10.0,14.3,13.1,15.0,15.0,17.2,9.2,7.1,12.0,10.9,19.0
1772505775.6686442,24.0,10.1,22.4,25.7,24.2,11.0,31.3,25.3,14.3,8.2,15.2,18.0,9.2,12.0,8.1,13.0,29.0,25.0,14.1,12.2,10.0,14.1,34.7,36.6,2.0,5.0,2.0,22.0,16.0,37.0,2.0,20.8,9.0,18.2,14.7,20.0,12.0,10.9,5.1,5.1,30.7,26.7,7.1,8.1,13.1,17.0,19.0,17.8,12.9,6.1,3.0,8.1,13.1,10.1
1772505776.6693711,23.2,20.8,21.4,21.2,32.7,25.5,31.7,28.0,24.0,16.0,32.0,23.8,20.0,14.0,17.2,12.1,28.3,36.4,17.2,23.0,11.0,13.1,45.5,36.6,4.0,5.1,16.2,16.0,24.2,23.2,1.0,22.0,7.1,20.8,14.9,19.0,11.0,9.1,6.0,3.0,28.0,27.0,17.8,12.1,20.2,10.1,14.9,14.9,16.0,12.0,17.2,11.1,11.0,16.0
1772505777.6720226,17.5,23.0,30.3,19.0,20.0,15.3,30.3,33.0,13.3,14.1,26.5,30.3,29.0,19.2,14.0,16.2,34.7,38.4,21.0,17.8,10.9,16.0,32.0,34.3,3.1,5.1,22.0,6.1,16.3,35.4,2.0,21.2,5.1,21.2,15.0,21.8,12.0,12.0,4.2,3.1,32.3,33.0,7.1,10.0,12.1,13.1,17.8,20.8,14.1,11.1,20.2,17.0,10.1,17.3
1772505778.6721113,19.8,21.2,34.0,20.2,13.0,15.0,27.0,33.0,22.2,19.0,22.4,31.3,18.2,25.0,21.4,14.1,42.9,34.0,20.0,19.4,19.4,13.1,34.0,41.6,5.1,4.0,28.3,19.0,13.1,32.0,12.2,13.3,13.3,15.2,16.3,19.4,12.1,12.1,6.1,7.1,40.0,39.0,13.4,22.0,17.2,7.3,12.2,14.9,7.1,21.0,14.0,17.3,13.0,20.2
1772505779.6724653,26.0,20.2,24.7,16.2,13.3,6.1,18.2,17.2,14.1,0.0,24.8,12.9,18.0,24.8,8.1,4.0,33.3,30.3,15.8,16.0,7.1,15.0,13.1,25.0,2.0,1.0,18.2,23.2,27.7,17.0,15.8,3.0,11.1,13.0,12.0,23.5,13.0,8.0,2.0,3.0,14.9,30.3,11.1,1.0,6.1,3.0,11.9,11.0,3.0,19.0,13.1,22.0,9.1,20.0
1772505780.675799,30.3,10.8,28.4,17.6,8.1,16.0,21.8,24.8,3.0,4.0,23.0,16.8,22.0,25.5,7.0,4.9,31.0,35.0,12.9,18.8,12.9,9.0,19.0,20.0,2.0,3.0,19.8,24.8,23.8,20.2,20.8,0.0,5.0,21.6,13.7,23.0,11.9,10.8,3.0,2.0,19.2,23.8,7.9,7.0,15.0,10.0,11.8,12.0,7.0,15.0,20.6,17.8,21.8,15.0
1772505781.6782854,22.1,14.1,19.4,20.0,19.4,15.2,17.0,19.2,1.0,13.9,12.0,21.2,16.0,22.0,5.0,5.1,33.0,28.7,13.0,13.0,9.1,7.0,19.8,21.4,4.0,2.0,18.2,14.0,19.2,18.0,21.8,2.0,2.0,2.0,19.0,12.0,9.8,11.8,4.0,1.0,21.0,17.0,7.0,3.0,15.7,12.0,10.0,9.0,7.0,14.9,17.2,14.0,9.0,10.0
1772505782.6785433,17.5,26.7,18.0,21.0,11.0,9.2,18.2,19.0,8.1,17.3,21.0,18.0,21.0,9.0,6.1,12.1,34.3,35.0,16.2,12.1,5.1,12.2,23.2,23.0,3.0,2.0,13.9,13.1,20.2,13.1,8.2,2.0,4.0,2.0,17.2,12.9,9.1,12.1,3.0,3.0,12.1,28.3,7.1,5.1,1.0,7.1,8.1,11.1,7.0,11.1,16.0,15.2,15.2,9.2
1772505783.678623,22.1,16.2,17.3,20.0,5.9,5.1,15.0,21.8,5.1,6.1,19.2,19.0,11.1,8.2,3.1,6.0,32.0,29.6,16.7,15.0,11.1,4.0,29.7,25.0,2.0,3.0,2.0,22.0,26.0,11.2,5.0,8.1,2.0,4.0,12.9,24.2,11.9,10.0,1.0,4.0,15.8,22.2,3.0,8.2,4.0,2.0,1.0,3.0,5.0,15.2,18.0,14.1,11.1,18.2
1772505784.678705,15.8,28.0,25.3,23.2,9.1,11.0,35.4,26.0,2.0,3.0,23.8,34.7,20.2,3.0,6.0,7.1,29.3,34.3,14.1,22.2,13.9,7.1,15.3,23.5,2.0,3.1,4.0,4.0,23.0,26.7,12.2,1.0,2.0,3.0,20.0,21.6,13.0,9.1,4.0,4.0,28.6,22.0,14.0,6.0,5.1,3.1,8.1,1.0,3.1,22.0,16.0,24.2,17.3,19.2
1772505785.6814044,22.1,19.0,23.2,19.4,4.1,6.1,27.0,23.5,2.0,18.4,34.0,27.0,13.9,7.0,2.0,5.9,37.0,34.0,13.9,16.8,5.1,11.9,16.0,19.0,4.0,3.0,3.0,4.0,17.0,20.8,11.0,13.0,2.0,2.1,22.8,17.0,11.0,11.0,1.0,3.0,46.5,37.3,19.0,10.2,4.9,4.0,5.1,1.0,10.0,20.8,22.2,14.0,20.8,9.9
1772505786.6830409,19.6,27.0,22.0,20.8,6.0,13.0,27.7,28.7,13.7,13.9,21.0,28.0,22.2,5.9,8.0,2.0,38.6,30.3,15.0,15.0,13.9,11.1,18.8,18.0,2.0,4.9,3.0,4.1,18.4,25.3,8.1,8.0,2.0,3.0,13.1,19.0,13.0,10.1,3.0,2.0,29.3,35.0,9.1,3.0,11.1,5.9,2.0,1.0,7.0,13.1,13.9,21.2,12.9,20.2
1772505787.6836,16.7,28.7,22.0,26.5,9.2,7.0,40.0,27.0,1.0,21.2,21.2,23.5,22.0,11.1,6.0,11.1,38.0,34.3,16.7,18.0,6.1,19.2,25.0,25.7,3.0,4.0,5.1,11.0,27.0,19.0,6.0,12.0,12.1,12.2,21.8,14.0,10.9,12.0,5.1,4.0,29.3,32.0,11.2,4.0,13.1,2.0,2.0,3.0,5.1,20.8,17.2,19.8,16.2,16.5
1772505788.6837025,12.5,23.0,21.4,20.2,8.1,4.0,24.2,35.0,1.0,21.2,21.8,19.2,22.2,18.2,5.1,4.0,29.3,30.0,16.2,15.8,10.1,14.0,7.2,23.8,1.0,3.0,4.0,21.6,18.0,22.0,6.0,5.1,20.8,2.0,25.0,13.0,11.1,12.0,5.0,1.0,14.7,29.7,9.0,9.0,2.0,4.0,11.9,12.9,1.0,20.8,18.0,16.3,15.2,19.0
1772505789.6840048,16.7,7.0,17.8,20.0,12.1,7.1,26.0,24.0,25.7,17.0,10.1,23.0,16.0,26.0,5.9,2.0,34.0,28.3,11.9,11.1,3.0,9.0,23.8,20.8,2.0,1.0,3.9,22.2,15.2,18.2,5.1,5.9,21.0,1.0,15.8,16.0,11.9,11.9,2.0,4.0,13.0,27.3,8.1,2.0,16.0,3.1,3.0,2.0,5.0,17.2,15.8,14.9,14.1,6.0
1772505790.6840925,10.4,16.5,23.2,23.0,16.3,16.3,21.0,19.2,4.0,21.0,20.0,23.8,20.0,23.2,3.1,11.2,26.3,37.6,15.8,16.0,8.9,21.0,21.0,20.2,2.0,2.0,23.2,20.8,17.0,23.0,2.0,11.1,22.0,2.0,16.2,27.2,10.0,13.0,3.0,1.0,17.0,18.8,8.2,6.0,12.2,13.0,2.0,2.0,18.0,7.1,18.2,21.0,15.2,20.0
1772505791.6843257,23.5,3.0,19.2,27.3,13.0,8.1,21.8,20.8,10.1,10.8,22.2,20.0,23.2,21.8,6.1,9.1,31.0,36.4,21.2,14.1,9.2,19.0,22.0,24.2,5.1,5.1,24.0,21.4,14.3,29.7,1.0,17.3,21.8,2.0,21.8,16.2,11.1,11.0,4.1,3.0,25.0,12.1,4.0,11.2,11.1,8.0,1.0,4.0,8.1,18.0,19.0,18.2,14.0,17.3
1772505792.6844094,22.7,0.0,24.0,19.8,3.1,9.2,13.0,22.2,14.3,8.1,25.5,17.3,17.6,13.1,7.0,8.0,26.3,24.0,15.8,16.8,8.0,16.2,14.0,23.2,2.0,3.0,21.2,23.5,20.2,25.3,8.0,7.0,13.1,10.1,22.8,15.0,13.0,10.0,5.0,1.0,29.7,20.0,10.9,16.2,8.2,5.0,2.0,2.0,8.0,16.3,10.1,13.9,18.0,15.0
1772505793.698088,9.9,17.8,26.2,22.0,10.9,5.9,20.8,22.3,11.9,13.0,30.7,32.0,3.0,19.8,8.9,7.9,27.2,25.7,20.6,14.7,14.0,12.9,22.8,18.8,5.0,5.0,17.8,17.0,20.4,28.0,7.9,10.8,2.0,3.0,13.9,25.5,11.8,12.6,2.0,4.0,27.5,33.3,15.7,6.9,6.9,5.9,1.0,2.0,13.9,9.7,14.9,4.1,13.9,17.6
1772505794.69892,9.0,17.0,20.4,25.5,4.1,13.0,24.8,20.0,27.3,13.0,26.3,29.7,6.1,17.0,3.0,15.0,23.5,23.8,12.2,16.2,12.1,8.0,28.3,30.0,3.0,2.0,19.4,26.0,20.2,15.0,0.0,9.1,5.0,3.0,17.6,19.8,10.9,10.0,3.0,5.1,31.0,43.6,10.2,4.0,4.1,4.1,10.0,11.1,19.0,2.1,13.3,7.0,15.2,16.2
1772505795.7000606,4.3,20.2,17.8,22.0,7.1,5.1,33.3,19.2,7.9,4.0,25.7,21.0,6.0,19.0,3.0,6.1,22.8,21.2,18.0,15.0,9.0,11.0,20.0,27.3,3.0,3.0,20.8,23.8,20.8,16.2,2.9,11.9,2.0,3.0,17.0,18.0,11.0,10.9,2.0,3.1,31.4,24.2,5.0,7.0,5.0,2.0,2.0,2.0,13.1,9.1,11.0,5.0,15.2,14.1
1772505796.703704,16.5,6.0,21.0,19.2,15.2,12.1,31.7,28.7,1.0,3.0,15.2,21.0,9.9,13.1,3.0,5.0,17.2,21.8,14.0,14.0,8.9,12.1,17.8,14.0,0.0,2.0,12.0,20.0,20.8,13.9,1.0,13.0,3.0,4.0,14.9,16.8,9.8,13.0,2.0,5.9,29.3,12.9,2.0,11.0,4.0,5.0,2.0,3.0,3.9,18.6,1.0,11.1,16.8,11.0
1772505797.703787,21.4,2.0,22.0,19.4,16.3,15.3,28.7,27.0,1.0,4.0,26.7,14.0,10.1,22.8,6.0,7.1,25.5,22.4,20.8,15.7,8.1,15.0,20.2,25.0,5.0,3.0,21.8,5.1,29.3,16.0,13.0,1.0,3.1,2.0,17.0,23.0,12.0,11.9,1.0,7.1,15.2,23.0,8.1,6.0,13.9,13.1,1.0,2.0,9.2,19.2,11.1,7.0,16.3,11.2
1772505798.7039108,11.8,11.1,20.6,21.0,7.0,1.0,23.0,31.0,4.0,1.0,21.0,18.8,20.0,22.0,4.0,4.0,26.3,23.8,13.0,15.8,16.2,3.0,10.0,19.2,0.0,1.0,13.3,10.0,19.0,19.4,9.1,1.0,17.2,3.0,20.8,18.0,11.0,13.0,2.0,3.1,19.0,24.2,11.0,5.1,12.4,12.0,3.0,3.0,5.1,20.8,15.0,1.0,15.0,17.0
1772505799.7056835,8.1,16.2,26.7,27.7,18.2,16.8,18.2,19.0,3.0,3.0,18.0,19.0,28.4,17.8,11.1,5.1,26.7,27.0,20.8,22.0,14.0,15.7,32.3,26.7,5.0,4.0,21.0,16.8,19.0,31.7,19.0,0.0,15.8,12.0,23.0,13.7,11.0,11.9,6.0,2.0,22.0,17.8,16.0,11.9,3.0,10.1,12.0,7.0,12.9,8.2,4.0,11.9,14.0,11.2
1772505800.7126858,9.2,16.8,18.8,22.8,4.0,7.0,22.8,18.0,2.0,3.0,21.2,20.6,22.0,16.0,1.0,5.0,21.2,23.0,14.9,15.0,9.9,8.1,7.9,21.6,0.0,3.0,30.4,10.9,21.8,21.0,11.9,2.9,10.9,11.9,18.6,20.2,8.0,12.9,2.0,3.0,20.0,23.8,12.1,10.0,1.0,4.0,11.0,11.0,7.0,11.9,8.8,8.1,12.1,19.6
1772505801.7127755,20.8,5.0,22.7,17.2,6.9,8.1,20.2,17.2,2.0,2.0,19.0,16.3,20.0,24.0,8.0,4.1,25.0,24.0,19.2,14.1,9.1,14.0,29.0,25.5,4.0,2.0,7.0,2.1,27.6,20.0,14.1,3.0,21.0,1.0,19.0,16.8,12.0,15.7,4.0,7.1,20.0,19.4,5.1,8.1,2.0,8.0,17.8,19.8,16.2,4.0,6.1,10.0,13.0,15.3
1772505802.7146904,20.6,9.1,23.0,28.0,5.1,9.1,24.0,23.0,14.0,9.0,27.0,20.8,20.4,23.0,7.1,12.0,24.5,30.0,20.0,12.6,12.9,18.0,26.7,28.0,1.0,4.0,6.2,2.0,29.0,23.2,16.0,1.0,1.0,4.0,24.8,15.0,12.9,9.1,1.0,4.1,19.0,37.6,4.0,12.9,4.0,8.1,14.0,20.8,17.8,5.1,8.2,8.2,14.1,16.2
1772505803.7147758,13.5,12.1,16.8,23.8,14.0,16.2,19.0,22.0,30.0,11.0,27.7,25.3,15.0,16.0,7.1,8.0,24.0,29.4,17.0,13.1,15.2,3.0,25.0,18.2,3.0,4.0,22.5,3.0,21.8,25.7,15.2,1.0,13.1,4.0,14.0,18.0,11.0,10.9,2.0,5.0,29.0,32.0,6.1,5.1,5.0,8.0,11.1,13.0,13.0,12.0,10.9,1.0,9.1,8.0
1772505804.7161198,15.8,9.9,18.4,24.2,11.0,13.9,28.3,27.0,21.8,2.0,19.2,39.2,14.9,9.9,5.0,2.0,21.2,20.2,14.0,13.9,4.0,11.0,12.9,16.5,2.0,1.0,21.0,2.0,15.0,22.0,10.0,2.0,7.1,3.0,22.8,15.7,10.9,10.1,1.0,2.0,18.0,35.6,7.9,4.0,7.0,3.0,12.7,10.0,19.0,2.0,11.1,4.0,16.0,17.2
1772505805.7169812,10.5,24.2,21.0,26.5,16.0,13.3,29.7,30.7,23.0,2.0,14.9,25.3,5.1,20.2,6.1,15.3,27.0,24.5,17.0,19.2,2.0,14.1,21.0,25.0,2.1,5.0,22.8,14.1,17.3,29.0,13.9,1.0,5.9,2.0,17.8,23.0,10.1,10.9,2.0,5.9,11.1,31.0,14.1,9.1,8.2,21.4,17.0,17.0,17.8,5.0,8.1,8.0,18.4,17.0
1772505806.718137,16.7,28.0,19.2,27.7,3.0,4.0,16.0,38.4,20.2,1.0,12.0,30.0,6.9,16.0,4.1,5.9,19.4,21.6,13.1,13.0,2.0,12.2,20.8,17.3,3.0,1.0,21.0,22.8,12.0,22.0,9.1,3.0,2.0,3.0,14.1,16.0,11.9,10.0,2.0,2.0,11.9,31.4,12.1,9.0,13.3,12.2,15.0,13.9,18.0,2.0,8.2,5.1,19.8,14.0
1772505807.7182534,16.7,28.0,23.5,31.4,8.2,5.1,29.0,37.0,12.2,9.1,20.0,20.8,6.1,19.0,4.0,10.1,31.0,32.0,17.8,18.8,10.9,11.0,30.0,20.8,3.1,3.0,22.2,21.2,24.2,14.3,7.1,9.9,3.0,16.8,15.2,22.8,12.0,11.0,2.0,4.1,20.0,22.2,3.0,12.0,7.0,2.0,12.9,12.0,6.0,17.2,9.1,7.1,14.1,14.4
1772505808.7214699,15.6,28.7,19.0,17.3,7.1,5.0,35.0,19.2,14.0,3.0,16.2,16.8,14.0,19.0,2.0,6.9,35.6,28.3,19.0,10.9,11.9,10.1,17.0,13.9,2.0,3.0,24.8,20.0,24.8,7.0,20.8,2.0,3.0,21.0,14.9,18.0,9.9,13.9,3.1,1.0,22.2,18.8,5.0,8.2,2.0,5.1,15.2,11.9,4.0,19.8,17.0,17.2,12.0,15.8
1772505809.7236772,25.8,18.2,23.2,25.0,7.0,3.0,31.7,29.4,13.1,14.3,24.8,16.0,22.0,21.4,12.1,5.1,34.0,32.3,15.0,14.1,13.0,7.0,13.1,26.3,2.0,3.1,23.0,14.9,26.3,22.0,3.0,19.8,1.0,22.0,15.0,28.7,13.0,11.9,5.0,2.0,40.0,18.8,5.1,10.1,3.0,5.0,13.0,11.9,11.0,13.1,26.5,13.3,13.1,20.8
1772505810.7263994,18.4,27.7,23.2,18.2,3.0,10.0,35.4,22.8,19.8,24.0,25.7,30.7,17.3,24.0,5.1,4.0,31.4,31.4,16.2,15.0,7.1,12.0,17.8,19.0,2.9,3.0,27.3,18.0,21.0,15.2,4.0,10.1,4.0,21.0,17.0,20.8,12.0,10.1,1.0,4.0,50.5,29.0,10.1,2.0,3.0,5.0,12.0,10.9,9.1,18.8,15.2,22.0,14.9,16.2
1772505811.7278936,20.6,25.0,28.7,27.0,14.1,21.0,38.6,24.0,5.1,18.2,39.4,19.0,26.0,24.0,13.1,9.0,42.6,38.0,18.8,19.8,20.2,13.1,34.0,34.3,4.1,3.0,23.8,22.0,33.7,19.2,19.0,2.0,3.0,22.5,16.8,27.0,14.0,11.0,8.0,1.0,47.0,34.0,9.9,7.1,3.0,8.2,17.8,19.0,5.0,20.2,18.0,22.0,21.2,16.0
1772505812.7331564,20.4,23.2,13.1,29.0,25.5,25.5,26.3,31.3,7.1,5.0,19.0,23.2,14.0,15.0,13.1,12.0,35.7,36.0,23.0,16.2,6.0,20.0,40.4,30.4,2.0,6.0,33.0,16.8,23.8,24.5,21.0,3.0,11.0,13.1,20.2,12.9,12.0,11.8,7.1,6.1,29.0,25.7,13.1,16.0,13.3,17.2,12.9,13.9,12.7,10.9,18.0,17.2,12.0,12.1
1772505813.7347398,16.7,24.0,17.2,31.7,19.4,22.0,27.3,30.0,20.8,12.1,21.2,19.8,18.4,14.1,13.0,15.3,38.0,31.3,20.0,18.0,12.0,10.1,34.7,27.3,3.1,5.1,15.2,15.3,18.2,35.0,21.0,5.0,5.1,4.0,13.9,15.2,10.1,9.1,5.1,8.0,31.3,15.0,6.1,11.0,20.0,18.2,17.2,20.8,12.2,13.3,14.9,23.0,10.1,18.2
1772505814.7351882,21.6,21.0,21.0,31.3,13.1,14.1,36.0,21.0,21.4,7.1,18.2,33.7,18.8,27.3,10.3,20.2,41.4,38.0,21.0,18.2,10.2,16.2,31.0,39.6,3.1,5.1,23.2,14.1,38.0,4.1,21.0,3.1,4.0,6.0,17.2,17.8,11.9,14.0,4.0,11.2,42.4,38.0,16.2,15.0,11.2,11.9,13.0,12.1,15.0,13.0,13.0,21.0,14.1,15.2
1772505815.7352545,20.6,20.4,22.2,21.8,20.0,18.2,22.8,16.0,10.1,32.0,38.6,23.0,15.8,28.0,12.9,14.0,37.0,34.7,20.2,14.9,9.0,19.0,29.3,31.3,4.0,4.0,18.2,23.2,19.2,30.3,18.4,3.1,5.0,2.1,15.0,18.0,11.1,12.1,3.0,6.1,41.2,31.6,11.9,9.1,22.2,12.2,20.0,19.0,12.1,10.1,14.3,16.3,16.3,10.2
1772505816.7353456,14.9,31.7,25.8,29.0,18.4,16.3,21.2,25.3,10.1,14.1,27.0,26.0,21.4,23.0,10.1,6.1,27.6,42.0,17.0,16.0,5.1,20.2,38.8,20.2,4.0,3.0,14.3,29.3,23.2,24.8,18.0,4.0,2.0,6.0,18.8,17.2,9.9,14.0,2.0,5.1,28.7,35.6,7.1,11.2,17.2,16.8,12.9,10.0,5.0,17.2,14.1,24.8,14.3,20.2
1772505817.7361639,14.9,25.3,18.0,21.0,16.0,16.2,36.6,28.0,21.8,3.0,17.0,20.0,23.5,21.0,3.0,6.0,32.0,36.6,14.1,16.2,6.1,13.1,23.8,21.0,1.0,3.0,7.9,25.7,14.1,15.2,12.9,0.0,1.0,3.0,12.0,24.5,8.0,12.9,3.0,3.0,23.0,35.4,6.1,5.0,14.3,12.1,2.0,3.0,14.0,7.1,24.8,13.0,16.2,15.0
1772505818.736728,14.7,29.0,24.0,22.2,10.0,4.0,28.7,35.0,22.0,2.0,19.8,20.0,15.2,28.7,3.0,7.1,33.7,34.0,14.9,17.6,10.9,14.7,21.2,24.0,3.0,2.0,4.1,21.0,15.0,27.0,9.2,1.0,3.1,16.0,29.4,14.9,11.0,12.0,2.0,4.0,31.0,20.6,14.9,20.0,21.2,5.1,7.1,1.0,21.0,5.0,22.2,13.1,18.8,17.2
1772505819.7369523,15.6,28.0,22.4,22.4,7.0,8.1,26.3,33.7,13.3,8.0,17.3,21.8,14.3,17.0,11.1,11.2,39.6,33.0,19.0,19.2,8.1,15.2,27.5,26.0,4.0,1.0,10.1,16.8,22.4,20.0,4.0,12.1,13.0,12.0,19.0,18.2,13.1,10.1,4.0,4.0,23.2,18.2,9.3,4.0,5.1,4.0,2.1,3.0,23.2,13.0,21.2,14.0,14.1,18.6
1772505820.737177,8.5,21.2,21.8,21.4,4.1,4.0,31.7,25.0,9.0,16.2,11.0,24.5,5.0,18.4,7.0,4.0,33.7,30.3,15.2,12.9,3.0,10.3,20.0,16.0,0.0,5.0,11.9,9.1,24.8,13.0,9.1,3.0,14.1,9.0,15.0,21.0,10.1,12.0,2.0,5.1,21.6,10.9,12.1,3.0,3.0,4.0,9.8,7.1,5.1,14.9,15.0,22.2,17.3,14.9
1772505821.7418494,6.3,21.0,24.2,21.2,6.0,6.1,35.4,27.0,11.9,18.2,24.0,23.8,5.9,20.8,6.0,4.0,31.4,31.0,14.9,16.2,11.9,12.0,15.2,17.8,4.0,1.0,17.2,28.4,26.0,21.0,11.0,2.0,15.0,2.0,21.0,18.8,13.6,11.9,4.0,4.0,28.7,31.3,4.0,12.0,2.0,7.0,7.0,7.9,5.9,17.8,15.2,22.8,16.0,22.0
1772505822.7446616,9.3,21.0,26.0,27.3,5.1,2.0,28.7,31.7,10.1,11.9,21.6,41.6,2.0,21.0,7.1,2.0,33.0,31.7,12.9,18.8,11.1,12.0,18.0,24.0,4.0,4.0,24.8,20.2,26.0,21.8,14.9,1.0,2.0,4.1,19.6,24.5,11.1,10.9,4.0,2.0,27.0,33.7,5.1,19.2,3.0,7.0,2.0,2.0,16.0,7.1,28.3,32.7,21.2,18.2
1772505823.7461133,18.2,7.0,27.0,23.5,10.9,7.8,31.7,31.4,18.2,6.0,31.0,33.0,4.0,21.2,1.0,6.9,27.7,20.0,12.0,16.0,18.2,11.0,18.8,24.8,2.0,3.0,23.0,19.6,29.7,15.0,12.1,1.0,1.0,2.9,23.0,18.0,12.6,9.9,2.0,3.0,30.7,15.0,3.0,16.8,1.0,6.0,2.0,3.0,20.8,2.0,23.0,18.0,22.0,23.8
1772505824.7462132,7.3,16.3,24.2,16.3,10.1,9.0,24.2,34.0,8.1,1.0,20.0,17.3,9.1,17.0,10.1,9.0,17.2,22.2,18.0,17.2,14.1,8.1,19.2,18.2,2.0,1.0,3.1,21.2,21.4,20.0,11.1,1.0,3.0,2.0,20.8,10.1,10.1,10.0,1.0,3.1,14.0,10.1,9.2,7.1,3.1,10.2,2.0,7.0,14.3,3.0,14.3,4.0,19.0,8.1
1772505825.7463331,4.3,18.0,19.8,22.2,13.1,16.3,31.3,30.3,3.0,2.0,19.2,20.0,17.2,24.8,8.1,1.0,22.8,20.8,13.1,14.0,17.0,9.0,22.2,25.3,2.0,2.0,4.0,21.0,23.8,22.4,11.0,0.0,2.0,3.0,20.0,21.0,12.0,9.1,4.0,2.0,25.3,14.0,12.7,18.0,7.9,16.2,3.0,2.0,19.0,4.0,6.9,12.0,16.0,19.2
1772505826.7503808,8.1,16.0,15.3,22.0,12.0,10.1,24.8,18.8,2.0,1.0,20.6,19.6,22.0,21.8,4.0,4.0,20.2,25.7,13.6,13.9,15.8,3.0,21.8,8.8,2.0,3.0,8.1,10.0,21.8,14.9,12.0,2.0,8.9,3.0,18.8,22.5,11.9,12.7,3.0,4.0,30.7,11.9,5.1,10.0,13.0,11.0,2.0,2.0,19.8,3.1,7.1,10.0,16.0,16.2
1772505827.750764,6.3,18.2,20.2,33.0,17.0,9.2,22.2,18.2,7.2,7.1,17.0,25.3,26.3,18.2,18.4,6.1,28.0,31.3,22.4,20.0,20.4,16.0,30.3,29.6,3.0,4.0,9.2,4.0,21.4,26.5,2.0,20.2,5.1,3.1,19.4,14.1,13.1,9.9,1.0,7.1,27.3,14.0,4.1,10.2,11.1,9.0,12.2,5.1,18.4,12.2,7.1,7.1,20.2,11.0
1772505828.7508624,11.3,11.1,23.2,22.0,16.3,13.0,15.0,21.2,9.9,13.9,22.8,19.8,13.0,13.0,8.0,12.7,31.0,23.0,19.6,22.0,18.0,11.0,39.8,31.7,2.0,5.1,6.0,13.0,26.3,27.5,8.9,14.9,2.0,23.5,14.6,22.5,11.9,9.9,8.0,2.0,36.0,22.0,10.9,10.9,3.0,11.9,10.8,8.0,15.0,7.0,7.0,7.0,12.0,14.1
1772505829.7516377,15.8,7.0,24.5,22.0,27.0,24.0,39.4,22.2,3.1,22.2,30.3,25.5,10.1,19.0,14.4,13.3,27.0,26.3,20.2,18.2,13.0,11.0,23.5,38.0,2.0,4.1,13.3,14.0,24.2,20.4,6.1,13.1,6.1,21.2,15.3,14.0,11.1,9.2,1.0,7.0,36.0,43.0,14.0,13.3,16.2,11.3,18.6,10.1,10.0,19.0,9.2,6.1,11.1,18.2
1772505830.7533956,10.3,14.0,23.8,28.0,15.3,14.1,32.0,26.7,9.0,30.0,26.7,29.7,22.8,21.0,5.0,6.0,24.0,19.8,15.0,12.9,12.9,3.0,12.9,17.0,4.0,2.0,22.2,2.0,22.0,14.9,6.9,13.1,3.0,20.0,19.6,20.0,12.0,9.9,4.0,4.0,28.0,38.0,10.1,3.0,13.1,12.0,13.9,11.9,3.0,17.2,9.0,9.1,17.0,12.9
1772505831.7538066,13.0,12.1,24.5,19.0,13.0,8.1,28.7,29.0,5.2,24.0,22.0,22.8,21.8,23.2,5.1,6.1,18.8,30.3,17.0,13.1,11.1,12.1,16.0,23.0,2.0,2.0,16.0,15.2,24.5,22.2,17.0,1.0,1.0,22.0,17.8,22.0,11.9,10.9,3.0,4.0,33.7,24.8,7.0,8.1,10.1,6.1,17.8,18.0,3.1,17.8,7.0,7.1,15.0,19.4
1772505832.7538862,21.9,3.0,24.2,16.2,9.2,3.0,26.3,33.7,3.0,21.0,19.0,24.0,20.2,25.7,4.0,6.1,25.3,23.8,18.0,14.0,1.0,19.0,12.0,22.0,3.0,2.0,28.0,16.0,11.3,28.3,11.1,0.0,1.0,21.8,15.2,23.8,12.9,10.1,2.0,2.0,32.0,30.0,5.1,9.2,4.0,2.0,12.0,11.9,3.0,18.0,6.1,12.1,16.0,18.2
1772505833.7589638,17.2,5.0,19.6,20.8,11.0,5.1,21.0,32.3,7.0,16.2,18.0,15.8,17.8,23.8,7.9,7.1,24.2,21.8,12.9,15.7,8.9,10.9,17.2,18.2,2.0,3.0,11.1,33.7,17.8,21.0,15.8,5.0,4.0,19.8,12.9,22.5,12.0,8.9,4.1,1.0,37.3,24.0,7.0,5.0,7.0,10.1,17.8,13.9,5.0,16.0,7.0,4.0,12.1,13.0
1772505834.7592652,35.6,14.0,25.3,24.0,6.1,8.9,26.3,36.6,16.2,5.1,21.2,21.8,24.0,17.2,10.2,8.9,16.0,31.0,14.0,20.2,7.0,11.2,37.0,33.7,4.0,2.0,14.3,28.7,17.3,23.2,16.3,0.0,8.1,8.1,26.3,11.0,11.0,14.9,7.0,3.0,20.2,27.3,11.1,19.2,4.1,10.9,16.0,12.1,5.1,23.0,6.1,12.0,18.0,15.2
1772505835.7648048,14.9,28.0,20.2,25.3,16.0,14.0,18.8,23.8,12.0,11.9,24.0,17.2,24.8,24.5,7.1,5.1,25.7,25.0,14.1,16.8,6.1,15.8,20.0,19.0,5.0,3.0,21.6,5.0,19.6,26.0,14.1,2.0,4.0,3.0,17.8,23.0,9.9,13.0,3.0,4.0,17.8,24.5,7.1,13.6,6.9,4.0,11.9,13.9,3.0,22.5,10.9,7.0,19.0,16.8
1772505836.766117,24.2,18.2,19.2,20.2,8.1,6.0,17.0,19.2,11.1,10.2,18.2,19.8,14.1,19.0,12.1,2.0,24.2,20.0,15.8,12.1,10.9,7.1,9.0,17.8,3.0,1.0,13.3,9.2,27.0,9.0,9.0,4.0,4.0,3.0,10.1,24.5,9.9,11.9,3.0,5.0,19.0,21.0,7.1,7.1,5.0,4.1,11.9,12.9,7.0,19.2,15.2,1.0,17.2,14.1
1772505837.7661967,14.6,27.7,22.4,27.0,15.3,14.1,22.2,18.8,20.8,8.0,31.4,28.7,26.0,18.2,4.0,7.0,32.3,36.0,17.2,16.8,5.1,24.5,23.0,14.1,2.0,4.0,14.0,12.1,25.3,17.0,5.1,9.1,3.1,2.0,21.0,16.2,12.1,14.0,1.0,3.1,32.0,27.7,12.0,9.2,7.0,6.0,11.0,12.9,17.2,2.0,4.0,15.0,15.0,20.2
1772505838.767492,19.8,29.0,28.7,20.0,19.0,17.0,19.2,20.0,9.1,11.0,26.0,32.3,25.0,19.8,7.1,4.0,30.4,34.0,20.0,13.9,17.8,11.1,22.0,15.0,2.0,4.0,2.0,23.5,29.7,17.8,16.0,1.0,4.0,3.0,14.9,23.8,10.9,12.9,3.0,4.0,26.0,35.6,12.1,4.0,19.4,7.1,19.8,20.0,20.8,5.9,5.1,11.0,15.0,19.2
1772505839.7678032,26.0,15.0,23.2,23.2,7.1,12.0,26.5,19.2,5.0,2.0,29.3,23.8,21.0,22.4,8.0,1.0,32.7,36.4,13.0,16.0,15.0,13.9,16.2,22.0,1.0,3.0,3.0,3.1,26.3,14.0,10.1,2.0,7.1,2.0,21.6,19.2,13.9,9.1,3.1,4.0,16.2,17.0,4.1,16.0,13.3,9.2,13.0,12.7,21.0,4.0,22.2,17.3,17.2,24.2
1772505840.769203,24.0,21.0,19.0,24.2,4.0,2.0,29.0,31.4,5.0,3.0,20.8,20.2,20.2,9.9,5.0,5.0,30.7,30.7,13.0,13.9,12.1,6.1,18.0,9.0,1.0,2.0,3.0,3.0,22.0,15.0,11.0,1.0,14.9,8.0,23.8,11.9,10.1,12.0,5.0,3.0,12.9,10.9,10.0,9.1,6.1,6.1,14.0,11.0,4.0,19.0,22.0,17.8,16.0,18.2
1772505841.7709923,16.5,28.7,23.8,18.2,6.1,8.0,30.0,26.0,4.0,3.0,19.0,18.8,16.0,7.1,3.0,7.0,34.7,30.0,14.0,15.2,11.0,11.1,22.8,18.0,4.0,4.0,5.0,2.0,25.7,15.2,14.9,1.0,12.1,13.7,23.0,16.2,10.9,11.8,2.1,3.0,19.2,11.0,12.1,4.0,5.0,5.0,12.9,11.1,7.0,12.0,15.8,21.0,12.1,16.8
1772505842.7717237,29.5,17.0,28.6,26.0,10.0,18.0,34.0,35.4,7.0,3.1,23.0,22.2,7.2,18.2,6.2,13.1,37.1,38.4,17.2,21.0,21.8,21.0,42.4,34.0,4.1,3.1,16.2,6.1,24.2,23.2,17.2,6.1,17.0,8.2,19.8,21.0,13.1,10.1,6.9,5.0,23.8,21.2,20.2,13.3,2.0,11.1,12.0,11.9,19.4,4.1,17.2,21.2,12.2,27.3
1772505843.7725742,33.0,11.0,30.0,25.3,11.2,11.1,23.0,31.0,2.0,2.1,17.0,25.3,14.9,13.0,10.0,12.1,36.0,33.0,14.0,20.8,6.9,17.2,26.7,25.0,7.0,2.0,22.0,4.0,19.8,26.0,6.1,11.0,10.1,3.0,16.2,22.8,12.9,11.7,4.0,5.0,12.1,29.0,11.0,14.9,4.1,3.1,13.1,13.0,19.8,8.9,23.0,16.0,18.2,22.2
1772505844.780285,22.7,21.8,29.0,25.7,6.9,5.9,24.8,22.5,26.0,16.7,21.4,22.8,12.9,14.9,8.0,9.0,39.6,35.3,15.8,15.8,13.1,13.1,13.0,23.2,4.0,4.9,25.7,5.0,20.2,32.4,13.0,4.9,4.0,4.0,21.4,19.8,11.9,10.1,5.9,4.0,22.5,23.5,10.9,10.1,8.0,5.1,19.6,18.6,21.8,8.0,20.6,20.0,19.6,24.2
1772505845.7803695,25.3,16.2,20.4,21.0,12.1,12.1,20.2,20.0,21.0,2.0,21.2,20.2,5.1,23.0,6.1,3.0,31.0,33.3,16.8,14.1,11.0,11.9,20.2,17.0,1.0,3.1,21.2,22.0,25.7,19.2,12.0,2.0,3.0,4.0,18.2,20.6,12.0,11.9,3.1,4.0,38.0,37.4,6.1,11.0,11.9,2.0,12.0,11.0,20.0,4.0,11.1,23.8,21.0,12.1
1772505846.7809427,34.0,10.1,28.0,26.7,13.5,16.3,22.0,20.4,20.2,4.0,34.0,27.7,24.2,25.3,5.1,6.1,32.0,35.0,15.2,16.0,15.2,9.2,19.0,23.8,4.0,4.0,22.0,22.0,26.5,19.0,11.2,3.0,3.0,3.0,23.8,19.2,11.0,11.1,4.0,5.1,39.0,42.0,9.2,12.4,8.2,18.0,13.1,13.0,22.8,2.1,16.3,24.0,18.4,23.0
1772505847.7822478,34.7,12.0,24.2,26.3,13.0,14.9,19.2,22.5,21.8,1.0,23.0,37.3,16.0,27.7,5.0,7.0,37.6,33.3,14.1,19.0,15.8,11.1,24.8,22.0,3.1,4.1,19.0,27.3,18.0,26.0,13.7,1.0,4.0,3.0,22.0,20.8,12.9,11.8,3.0,6.0,32.3,30.7,7.1,11.2,14.1,11.0,3.0,5.1,13.0,12.9,15.8,24.0,20.0,21.0
1772505848.7834342,30.9,9.0,26.7,23.2,5.1,4.1,20.0,19.4,20.0,2.0,27.0,23.0,20.2,24.0,5.1,5.1,35.0,29.7,14.9,16.0,7.1,13.9,26.0,21.2,6.1,6.0,21.0,22.2,24.2,18.0,2.0,13.9,2.0,3.0,20.0,21.0,12.1,10.0,4.1,4.0,30.0,32.0,10.0,10.0,7.0,9.1,1.0,3.1,15.8,6.9,19.2,20.2,23.2,14.3
1772505849.7835228,18.2,10.1,17.3,29.7,15.3,19.0,35.6,24.8,9.2,15.0,21.0,18.2,26.3,20.2,22.0,17.2,40.4,38.0,18.0,21.8,18.0,12.1,28.3,34.0,10.1,7.1,17.2,29.0,21.2,22.4,2.0,20.4,10.1,11.0,15.0,19.8,13.0,11.9,4.1,3.1,30.0,33.0,16.0,15.8,9.1,14.1,7.0,7.0,19.2,12.2,19.0,14.1,14.3,16.0
1772505850.7836165,19.4,8.0,22.0,25.3,13.0,13.0,30.0,27.3,11.0,33.0,20.0,20.8,22.8,24.8,9.1,5.1,40.0,34.3,20.0,15.2,16.2,13.1,34.7,23.0,8.1,5.0,22.4,16.0,31.0,26.7,6.1,11.9,3.0,21.4,17.2,23.0,13.1,11.1,6.1,4.0,31.3,25.3,4.1,12.1,10.1,4.0,9.1,10.0,8.1,15.3,17.0,21.0,17.8,20.2
1772505851.783704,21.0,9.1,22.2,24.2,4.1,8.0,29.3,30.7,8.1,14.1,20.2,20.8,21.0,19.0,4.0,6.1,28.3,38.0,11.1,18.0,11.9,12.9,23.0,19.8,3.1,1.0,19.0,23.8,28.7,23.2,9.9,2.0,2.0,21.6,20.8,20.8,12.0,10.1,4.0,5.0,25.0,12.9,4.0,16.2,6.1,2.1,2.0,3.1,8.0,18.2,22.0,18.4,18.2,21.8
1772505852.7837899,7.2,20.8,23.0,26.3,12.0,9.1,35.6,21.4,12.1,9.1,21.8,28.7,17.2,22.2,3.0,6.9,26.0,26.3,13.0,18.0,15.0,14.3,9.1,22.2,2.0,4.0,22.8,21.2,24.2,20.0,6.1,6.1,2.0,21.8,18.6,21.0,12.9,10.9,3.0,7.1,17.8,21.0,14.3,4.0,10.0,7.0,3.0,3.0,15.8,9.0,25.0,13.1,19.4,21.2
1772505853.7852213,8.2,18.2,20.0,23.8,18.2,16.2,35.4,24.8,6.9,17.8,24.2,33.7,25.7,20.8,8.0,7.1,32.7,23.8,18.8,18.0,11.1,13.1,13.1,27.7,5.0,3.0,17.8,7.1,21.0,22.0,1.0,14.1,2.0,21.0,14.3,21.8,10.1,11.9,4.0,4.0,22.0,20.2,9.9,6.0,15.2,12.2,6.9,3.0,15.2,8.1,22.0,12.1,16.0,13.0
1772505854.7857437,17.2,13.0,27.0,25.7,16.0,18.2,43.0,24.0,6.2,9.1,26.0,33.3,22.2,22.2,9.1,5.1,22.4,25.7,14.1,15.2,5.9,19.8,24.8,15.2,4.0,4.0,4.1,3.0,20.4,28.3,3.0,14.1,11.1,12.1,21.8,20.0,11.8,12.0,3.1,5.0,12.1,14.1,18.0,18.2,11.0,11.9,5.1,3.1,18.0,7.9,15.2,23.8,20.2,21.2
1772505855.7889342,7.1,19.2,23.2,25.5,7.1,10.1,30.7,38.4,5.1,1.0,23.8,18.0,22.0,17.0,10.0,6.1,27.0,23.2,16.8,19.6,5.1,18.2,25.0,20.8,4.1,4.1,4.0,6.1,25.7,19.0,2.0,12.0,19.0,6.9,17.0,23.8,9.1,12.0,6.1,3.0,11.1,15.8,13.1,13.0,4.0,7.1,2.0,3.0,11.8,16.2,14.3,5.2,19.0,21.4
1772505856.789024,5.2,20.6,27.0,33.0,6.1,9.2,30.7,30.0,9.0,8.1,22.0,21.6,12.9,15.8,13.1,5.0,20.4,29.0,16.0,16.0,13.3,16.8,29.7,21.2,3.0,6.0,11.2,8.0,29.3,25.3,3.0,16.0,9.1,14.1,18.0,24.5,12.0,12.1,5.0,5.1,23.0,28.3,8.0,14.1,4.1,6.1,8.0,7.1,21.0,10.0,13.1,8.9,17.0,22.2
1772505857.7910461,19.6,6.0,28.7,26.7,5.9,5.0,29.0,33.0,8.0,5.9,21.2,18.2,20.2,1.0,5.0,6.1,24.5,20.6,13.3,13.1,3.0,19.4,24.2,17.8,4.0,2.0,11.0,9.2,25.7,20.6,1.0,21.0,15.8,6.1,23.5,19.0,10.9,12.9,4.1,2.0,39.6,20.0,9.0,13.0,4.0,5.0,6.1,8.9,9.0,15.0,12.0,10.0,17.2,19.4
1772505858.7912116,19.4,12.9,29.3,30.0,16.2,7.1,35.6,27.3,4.1,3.0,22.0,18.0,18.0,8.0,9.1,8.9,26.7,28.3,20.4,18.8,15.0,21.8,32.0,23.2,3.0,5.1,3.0,8.9,30.3,22.0,3.0,19.0,15.0,4.0,22.0,20.0,12.9,11.9,6.0,5.0,35.4,27.7,7.1,14.3,10.0,5.1,1.0,6.1,12.0,18.8,11.2,11.2,20.0,24.8
1772505859.7912982,6.3,12.1,17.0,18.2,3.1,4.0,32.3,22.5,3.0,2.0,19.8,21.6,7.1,13.0,5.9,4.0,20.4,20.0,14.0,10.0,8.1,7.1,15.8,10.0,5.0,1.0,4.0,19.0,19.2,12.2,5.1,3.0,2.0,2.0,13.9,14.9,11.0,9.9,2.0,3.0,27.3,22.0,1.0,8.9,1.0,3.0,4.0,3.0,2.0,17.2,6.0,6.1,9.1,18.0
1772505860.7966785,13.1,12.0,24.8,22.8,9.9,5.0,23.5,18.0,3.0,5.0,20.8,22.0,4.0,19.0,6.1,3.0,24.5,23.8,14.9,15.8,8.0,14.9,16.3,21.0,4.0,1.0,2.0,20.8,23.5,19.8,3.0,11.8,4.0,2.0,25.5,16.7,12.7,10.9,5.8,4.0,30.1,12.7,8.0,9.9,5.1,4.0,4.0,3.0,3.9,20.8,12.9,9.9,19.8,16.0
1772505861.7977126,11.3,15.2,28.3,19.8,5.0,4.0,20.0,19.0,4.0,2.0,19.0,24.8,19.0,6.1,5.1,4.0,21.2,24.0,15.2,14.0,9.1,16.2,13.9,21.0,2.0,4.0,12.0,14.0,24.2,21.0,0.0,13.1,3.1,3.0,18.0,22.0,10.0,11.1,4.0,6.1,22.4,17.0,6.9,14.3,3.1,4.0,3.0,2.0,9.1,15.2,16.0,4.0,19.2,20.8
1772505862.7985046,17.3,8.9,24.0,24.5,5.1,9.1,19.0,22.2,2.0,4.0,13.9,24.0,9.0,15.8,7.1,4.1,28.0,24.0,14.9,16.2,11.9,19.0,14.0,22.5,6.1,4.0,26.0,15.2,22.0,20.0,3.0,13.0,4.0,2.0,26.7,14.0,9.0,12.7,1.0,5.1,12.0,26.3,13.1,4.0,7.0,5.1,4.0,2.0,18.8,3.0,14.1,5.1,9.1,24.5
1772505863.8005779,16.7,6.1,26.0,22.8,11.0,16.2,20.0,18.0,21.0,3.0,19.0,26.0,16.8,8.0,4.0,8.1,23.8,25.0,15.2,16.7,10.1,17.8,26.0,11.0,4.0,6.0,25.5,19.0,21.2,24.0,6.2,7.0,4.0,3.0,25.2,17.8,12.0,11.0,6.0,3.1,35.0,21.0,9.1,10.0,12.1,6.0,5.0,3.0,9.0,15.0,10.0,9.1,20.2,18.0
1772505864.8033617,10.3,17.0,24.0,20.4,16.0,13.3,20.0,20.8,21.0,1.0,32.0,27.7,19.0,1.0,2.0,5.0,26.0,21.8,15.0,15.0,7.0,9.1,21.8,8.1,2.0,3.0,28.0,15.8,14.0,24.0,6.9,6.9,3.0,3.1,17.8,22.0,12.9,10.9,4.0,3.0,31.7,30.0,11.0,10.9,9.0,15.0,2.0,3.0,4.0,18.8,16.2,2.0,18.0,15.2
1772505865.803741,16.7,14.0,18.0,30.0,14.1,12.9,27.0,23.2,21.0,2.0,25.7,36.0,25.0,16.0,9.0,3.0,26.0,24.0,13.0,17.0,18.8,8.9,21.0,20.0,4.0,3.0,24.0,19.2,21.2,25.3,1.0,13.3,3.1,2.0,14.0,26.0,11.9,11.9,5.0,5.0,15.0,30.0,11.1,17.2,10.1,12.1,7.1,2.0,11.0,16.0,8.1,11.2,16.0,22.2
1772505866.8088064,14.1,11.1,17.8,29.0,5.0,6.1,21.0,22.5,22.8,3.0,18.0,24.5,22.0,20.8,4.0,5.0,22.8,20.8,11.0,16.8,9.0,7.0,10.1,18.6,2.0,3.1,23.0,18.2,21.6,13.9,8.9,1.0,4.0,3.0,15.8,27.0,10.8,12.9,3.1,4.0,11.0,12.0,8.0,9.0,6.0,4.0,3.0,3.9,21.8,7.1,9.0,14.0,20.8,19.8
1772505867.8109727,12.1,18.0,23.2,22.8,6.1,8.0,17.3,24.2,20.2,3.0,24.8,17.0,22.8,19.2,7.1,10.2,21.0,28.0,13.9,18.2,11.1,12.1,27.5,29.0,2.0,4.0,18.8,21.6,21.2,22.8,2.0,14.0,4.0,2.0,19.0,22.0,10.1,12.1,3.0,5.1,11.0,13.9,13.1,4.0,3.1,6.0,9.0,8.2,11.1,11.9,5.1,15.7,16.2,17.2
1772505868.812553,30.4,9.9,23.8,23.8,5.9,5.1,18.8,18.8,16.8,14.9,18.8,21.6,17.8,27.5,15.7,9.8,21.0,20.6,14.0,13.7,3.0,17.8,15.8,18.8,3.0,5.0,21.6,21.8,20.6,20.8,1.0,10.0,4.0,10.9,12.9,25.2,12.7,11.9,5.1,2.0,10.9,11.9,20.0,7.0,7.0,9.8,20.8,17.0,5.9,16.8,6.1,12.1,18.0,21.0
1772505869.8130524,27.1,18.6,29.7,28.6,11.1,12.4,26.7,40.0,7.1,8.1,21.6,21.2,18.4,30.0,9.2,12.2,30.6,34.3,19.0,23.2,23.0,9.2,23.5,31.3,5.1,3.1,13.1,15.2,21.2,26.5,17.2,9.1,4.1,22.0,26.0,13.3,11.1,11.1,7.1,3.1,23.5,17.2,9.2,16.3,11.1,4.2,20.2,14.0,16.2,18.0,12.4,8.1,18.4,16.2
1772505870.81365,30.6,13.0,20.4,20.2,7.0,5.0,28.3,29.0,5.1,2.0,19.8,18.2,21.8,18.2,3.0,7.0,24.0,21.4,12.1,14.1,13.0,15.8,24.8,17.0,2.0,4.0,12.0,10.1,15.2,30.7,3.0,14.0,3.0,20.8,14.9,21.8,13.0,9.0,4.0,4.0,15.8,26.7,3.0,15.0,8.1,3.0,12.0,12.1,19.2,3.1,17.2,5.1,17.0,20.2
1772505871.814279,23.5,23.5,19.0,31.0,8.2,6.1,33.7,27.7,5.9,3.0,17.0,23.8,23.2,19.8,5.0,4.1,22.8,20.8,15.0,13.7,13.1,7.0,13.0,19.0,3.0,4.1,16.2,7.1,24.2,15.0,4.0,11.1,12.9,12.1,25.7,16.8,12.9,9.9,4.0,4.0,9.9,32.7,18.8,20.0,12.2,4.0,11.9,12.0,22.8,5.1,11.8,13.0,19.2,27.7
1772505872.815022,30.3,17.2,27.6,29.7,26.7,20.6,39.4,33.7,8.1,5.0,20.0,34.7,26.0,16.2,11.1,8.0,32.3,32.0,23.0,19.2,12.2,24.0,32.3,32.3,4.0,6.0,17.0,6.1,30.7,23.2,18.6,5.1,23.0,4.0,21.8,18.8,11.1,11.0,4.1,7.1,32.0,51.0,16.2,9.0,15.0,11.0,15.0,15.7,21.8,13.0,13.4,11.0,22.2,23.5
1772505873.8155348,30.9,13.1,21.0,27.3,17.5,19.8,28.3,31.4,16.3,11.1,22.2,40.0,18.0,25.0,4.1,16.0,33.3,33.3,16.0,16.8,11.1,9.0,27.6,29.0,5.1,2.0,19.0,5.0,20.8,22.2,13.3,1.0,21.0,3.0,23.0,17.0,11.9,10.9,4.0,3.0,41.0,38.4,10.1,2.0,14.1,13.1,15.0,15.8,14.1,6.0,4.0,13.1,16.2,15.2
1772505874.8165243,18.6,26.3,26.0,27.0,4.1,6.1,27.0,36.4,17.0,12.1,31.4,27.3,24.2,19.2,7.0,5.1,30.7,33.7,12.2,15.0,3.0,16.2,21.6,18.4,2.0,3.1,16.2,6.1,15.2,29.3,14.1,3.0,10.0,15.0,17.0,22.8,11.0,11.1,2.0,3.0,33.7,29.3,14.1,2.0,10.9,9.1,12.9,11.0,17.8,6.1,20.0,13.1,9.2,27.0
1772505875.820429,31.6,12.9,23.2,21.8,4.0,8.0,18.8,19.8,12.9,11.0,20.2,19.6,23.8,19.6,4.0,5.1,34.0,31.7,13.9,16.8,11.0,9.0,18.0,10.0,3.0,4.0,21.8,3.0,14.1,28.4,1.0,9.2,7.0,7.1,23.8,16.0,12.1,12.7,6.0,3.0,23.8,39.6,12.1,4.9,4.0,5.0,11.8,10.1,3.0,21.0,18.2,18.0,17.8,12.9
1772505876.8206606,33.0,12.1,23.5,22.2,9.0,5.1,24.2,22.2,18.0,5.0,20.0,21.2,15.2,14.0,7.0,5.0,36.0,34.0,17.0,14.0,19.0,6.1,16.3,22.8,3.0,6.1,21.8,4.1,26.0,17.3,1.0,13.0,8.1,16.2,23.0,22.0,11.9,12.2,2.0,8.1,18.2,33.3,18.8,13.3,4.0,5.1,11.0,13.0,4.0,21.0,20.8,20.0,19.0,22.4
1772505877.8211095,15.6,28.6,30.4,26.3,7.0,7.0,28.3,25.0,9.0,3.0,25.0,16.8,21.0,5.1,5.1,6.1,31.3,32.3,14.0,16.2,9.9,15.2,23.0,27.0,6.0,2.0,22.2,14.0,28.0,22.0,5.1,12.0,9.0,13.1,15.2,25.7,11.0,12.0,4.0,5.1,29.0,28.7,17.2,8.0,4.1,6.0,12.1,10.9,21.2,4.1,26.0,17.8,25.5,19.0
1772505878.8227658,14.4,29.0,22.2,26.0,9.2,5.1,21.0,19.8,3.0,4.0,26.5,16.0,20.8,2.0,8.1,2.0,35.0,35.0,13.0,13.0,8.1,20.0,26.7,23.8,2.0,4.0,23.5,20.0,21.2,19.8,3.0,11.2,8.8,16.8,21.6,15.8,9.0,12.9,5.0,7.0,33.0,28.0,12.2,5.1,5.1,3.0,13.0,11.0,21.0,3.0,26.3,14.1,22.8,17.0
1772505879.8276849,17.9,27.7,25.0,22.0,4.0,3.0,22.0,19.2,4.0,4.0,19.0,19.8,10.0,14.0,3.0,7.0,31.0,29.0,13.7,16.2,14.0,8.0,13.0,24.0,4.0,3.0,29.3,12.9,24.8,14.4,2.0,10.8,3.0,12.1,18.8,19.0,10.9,12.0,4.1,1.0,34.7,25.5,13.9,5.0,4.0,3.1,11.0,12.9,12.9,13.1,25.0,12.1,15.2,20.2
1772505880.8325875,34.0,12.1,23.0,26.3,7.0,7.2,26.7,26.7,3.0,3.0,35.3,10.0,8.0,17.0,6.0,3.0,34.7,34.0,10.1,16.0,3.0,21.2,16.2,22.0,2.0,4.0,26.7,10.0,28.0,18.6,4.1,9.0,1.0,3.0,15.7,25.5,10.9,13.7,2.0,2.0,19.0,22.0,13.1,7.1,5.0,6.9,11.9,11.9,11.1,21.6,26.0,16.0,19.0,24.0
1772505881.8326573,22.9,24.0,25.0,28.7,7.1,5.0,32.0,31.3,5.1,2.0,23.2,20.0,17.2,12.2,6.1,10.0,32.0,33.3,14.0,15.7,10.0,20.8,19.0,13.1,3.0,21.2,23.8,20.2,27.3,25.5,12.0,4.0,3.0,4.0,22.8,21.0,9.1,13.9,5.1,6.1,12.1,12.1,12.1,12.1,3.1,6.0,13.0,11.1,6.0,25.5,24.0,22.2,20.2,23.2
1772505882.834695,23.5,16.8,18.6,19.8,5.9,6.9,28.2,27.7,5.8,4.0,20.4,13.9,6.8,16.7,6.9,3.0,32.0,34.0,16.7,12.9,3.0,13.9,24.3,16.7,4.9,3.9,23.5,19.8,18.4,26.5,9.9,2.0,3.9,4.9,19.4,20.6,10.8,11.9,4.0,17.6,10.7,15.7,9.9,6.9,3.9,5.9,20.4,20.6,9.0,10.7,16.8,17.6,15.8,12.7
1772505883.8347845,12.6,17.3,18.2,16.3,10.1,2.1,29.3,28.3,9.2,10.1,24.7,13.0,15.3,2.0,11.2,5.1,32.0,29.6,15.2,16.2,8.2,13.3,25.5,19.2,3.1,4.1,18.4,21.2,26.5,21.6,1.0,10.2,1.0,3.1,18.4,21.0,11.1,12.4,5.1,2.1,10.3,12.1,9.2,6.1,3.1,5.1,12.0,12.1,2.0,16.3,21.0,11.2,19.4,11.2
1772505884.834967,6.2,16.2,15.2,18.4,7.1,5.0,16.2,19.8,6.0,6.0,16.8,20.2,16.3,3.0,4.0,5.1,27.7,36.6,13.1,12.9,10.1,11.2,14.9,17.0,3.0,3.1,13.9,22.0,17.8,14.0,3.9,7.0,2.0,4.0,14.9,21.0,9.1,11.9,2.0,4.0,10.0,11.2,7.1,7.0,6.0,5.1,10.0,10.1,9.0,10.0,19.2,14.0,15.0,11.1
1772505885.8350515,6.3,14.0,19.0,19.8,5.1,5.1,16.2,15.2,2.0,3.0,17.2,21.0,3.0,15.0,5.1,3.0,22.7,34.7,12.9,13.0,5.0,12.9,11.1,14.1,5.0,2.0,15.2,9.0,14.0,23.2,2.0,8.9,3.0,1.0,18.8,17.8,9.9,13.7,2.0,5.0,9.1,12.9,3.0,11.1,4.0,4.0,7.0,7.9,12.0,6.1,20.0,13.1,14.1,14.0
1772505886.8363764,11.5,11.0,18.4,17.2,14.0,19.4,20.6,13.0,5.0,3.1,33.3,21.0,18.0,18.2,8.2,14.1,35.3,30.4,15.0,15.2,8.0,11.0,23.0,20.8,3.0,3.0,17.2,3.0,22.0,17.8,1.0,14.3,7.8,2.0,24.2,11.1,11.0,9.1,5.1,1.0,24.8,12.1,12.9,17.2,22.0,10.2,16.2,4.0,12.0,10.0,19.2,13.1,13.9,13.3
1772505887.8373904,26.0,4.0,22.0,21.0,13.3,11.1,19.2,20.2,2.0,2.0,31.0,27.0,20.2,24.0,5.1,1.0,33.7,31.3,12.9,14.7,21.0,2.0,21.0,14.9,3.0,1.0,4.0,4.0,23.0,18.2,6.0,3.0,3.0,2.1,24.0,20.8,12.0,14.0,4.0,5.1,21.2,21.2,6.0,17.0,14.1,13.0,10.1,4.0,21.8,2.0,26.0,15.0,18.2,20.2
1772505888.8773189,5.0,19.2,26.0,25.2,8.7,12.5,24.5,22.6,3.8,19.0,31.4,21.7,21.9,25.0,5.7,3.9,31.7,31.4,9.7,15.4,15.4,10.5,17.3,21.2,5.7,1.9,2.0,3.8,24.5,18.3,5.8,8.5,3.9,3.8,26.9,15.2,10.3,12.4,3.8,3.9,15.0,10.6,10.6,11.4,10.5,6.7,1.9,6.7,12.4,11.5,14.4,26.4,16.2,23.6
1772505889.8787715,13.3,17.3,28.6,30.3,11.1,7.1,22.4,27.3,2.0,20.0,24.0,17.2,25.0,18.2,6.2,7.0,20.4,28.0,18.8,13.1,21.0,6.1,14.3,21.4,2.1,2.0,7.1,5.0,18.6,26.0,9.3,5.1,2.0,5.1,22.2,19.0,10.2,13.3,2.1,5.1,13.1,11.1,13.4,6.1,6.1,3.1,4.0,3.1,2.0,21.2,20.2,18.4,23.5,14.3
1772505890.8788517,18.0,15.3,26.7,29.0,7.1,9.1,23.2,21.2,6.0,24.0,22.0,20.0,24.8,26.7,13.3,10.1,25.3,22.2,20.0,13.9,22.2,7.9,28.0,25.7,4.0,4.1,2.0,7.1,22.8,25.0,12.0,5.1,6.1,10.0,21.0,21.0,12.0,11.9,6.9,4.0,18.2,16.8,14.0,8.2,12.1,3.0,14.1,7.0,8.1,19.2,12.0,13.1,21.2,24.5
1772505891.878939,22.9,5.0,32.3,26.3,13.9,3.1,27.5,20.2,8.1,31.3,22.0,21.0,23.8,21.0,2.0,8.1,28.4,23.8,16.0,16.0,13.0,13.1,30.3,26.7,3.0,4.0,5.1,3.0,22.4,25.7,21.0,5.0,18.8,24.2,24.8,22.8,14.0,11.0,6.1,4.0,36.0,26.3,7.1,12.1,4.0,7.1,10.1,11.0,22.8,13.0,16.3,11.1,21.4,17.2
1772505892.8807714,15.5,5.0,17.8,9.0,6.0,10.9,24.0,20.8,3.0,19.0,21.0,18.0,14.1,9.1,3.0,4.0,22.2,17.0,12.1,11.0,8.2,2.0,10.0,12.0,2.0,3.0,3.0,2.0,10.0,18.4,15.0,2.0,21.8,1.0,16.0,11.9,10.8,12.0,3.0,3.0,32.7,29.0,6.1,3.0,3.0,3.0,4.0,1.0,14.0,7.1,7.0,5.0,10.0,12.1
1772505893.8813593,22.4,2.0,17.0,26.7,5.1,8.0,36.0,24.0,8.1,11.9,19.0,21.0,17.8,7.0,11.1,4.0,21.0,29.7,15.0,14.0,17.6,7.0,21.0,14.1,3.0,3.0,13.0,5.0,28.0,22.8,11.0,4.0,11.0,11.9,21.0,19.8,11.9,11.9,2.0,5.1,32.7,29.7,8.1,10.9,2.0,6.1,3.1,3.0,15.8,8.0,6.1,13.1,17.0,19.0
1772505894.881445,18.4,1.0,12.1,10.1,3.0,2.0,32.3,11.1,6.1,14.3,17.0,14.1,9.0,4.1,1.0,1.0,17.0,21.2,9.0,10.0,3.0,5.1,15.0,3.0,1.0,3.0,21.0,1.0,14.1,8.1,4.0,2.0,1.0,21.0,9.9,15.2,9.9,11.0,2.0,3.0,29.3,27.0,7.0,2.0,3.0,5.0,1.0,3.0,7.1,8.9,4.0,6.0,6.1,12.0
1772505895.8815327,20.4,5.1,21.0,21.2,7.2,5.0,34.0,27.5,11.1,10.1,21.0,18.8,15.0,7.9,5.0,4.0,24.2,24.8,12.1,12.9,12.1,9.1,16.2,15.0,4.0,3.0,21.8,4.0,25.3,12.1,11.0,3.0,5.0,17.8,21.0,16.8,8.1,11.1,5.0,4.0,29.7,29.3,6.1,7.1,3.0,5.0,3.0,4.0,18.8,4.0,11.1,8.2,16.0,18.2
1772505896.8826385,18.2,2.0,12.1,11.0,2.0,4.1,25.5,21.0,6.0,18.0,18.6,14.9,8.0,6.1,1.0,5.0,17.6,17.0,12.9,14.9,2.0,11.1,15.7,3.0,2.0,3.0,21.8,1.0,20.0,9.0,5.0,2.0,3.0,5.1,18.4,15.8,9.8,12.7,2.0,1.0,21.0,25.7,5.1,4.0,3.0,1.0,2.0,2.0,14.9,2.0,8.0,4.0,12.0,8.8
1772505897.883258,25.8,6.1,30.3,20.2,15.2,8.2,36.0,26.0,3.0,15.2,29.0,15.8,22.0,15.0,9.2,10.0,31.3,31.0,23.2,24.2,13.1,18.2,34.3,23.8,7.1,7.1,22.2,7.1,25.3,19.2,16.2,9.0,10.3,22.0,25.7,20.0,13.3,15.0,7.1,8.1,30.3,32.7,21.6,17.0,17.3,11.1,7.0,10.2,13.1,17.0,11.0,10.1,20.2,16.5
1772505898.8857548,19.4,5.0,21.8,19.8,5.0,5.0,22.0,38.2,5.0,3.0,20.2,18.8,21.2,20.2,4.0,5.9,20.0,24.0,13.9,11.2,9.2,16.0,16.0,9.2,5.0,1.0,14.9,24.8,27.7,13.1,7.1,8.2,12.9,10.0,22.0,17.8,14.7,8.0,4.0,4.0,31.0,28.3,4.0,16.0,8.1,9.9,3.0,4.1,20.0,1.0,4.0,18.4,15.0,21.6
1772505899.8858926,29.4,2.0,24.5,27.3,14.3,12.1,29.3,22.4,4.0,5.1,25.7,26.0,25.3,18.0,5.1,6.2,26.0,23.2,15.0,16.7,19.0,19.2,14.1,22.0,2.0,9.1,23.0,16.3,23.2,18.0,13.1,12.1,14.0,8.1,24.2,15.0,13.0,10.0,5.1,4.0,45.0,33.3,10.2,8.1,6.1,13.4,2.1,4.0,20.8,5.0,4.1,17.0,16.2,22.4
1772505900.8859854,13.3,15.0,29.0,25.5,16.2,20.2,40.2,28.7,5.1,4.0,38.0,23.2,20.0,27.7,7.1,8.2,30.0,28.0,18.0,19.0,22.8,18.8,21.4,32.3,4.1,3.1,15.0,32.7,31.7,19.0,5.9,18.0,17.0,2.0,24.8,17.0,13.9,9.1,8.2,4.0,27.3,35.6,8.2,12.1,14.3,17.2,8.0,10.0,18.2,8.3,9.1,12.1,21.2,16.2
1772505901.8862188,8.2,20.0,26.0,25.0,12.2,9.2,30.0,32.0,2.0,2.0,29.0,30.7,15.8,11.1,5.0,4.0,22.2,22.2,17.6,12.0,7.0,16.0,24.5,22.0,3.0,4.0,29.3,36.0,25.0,20.2,13.1,14.4,3.0,4.0,14.1,28.0,12.0,11.8,4.0,3.1,11.1,13.3,4.0,11.2,9.1,9.1,6.1,9.0,2.0,24.5,12.1,7.1,16.3,20.2
1772505902.88631,24.2,5.1,29.6,20.0,9.2,12.2,29.0,31.0,11.1,14.1,20.0,19.4,6.1,17.0,18.2,11.1,25.0,29.0,21.2,21.0,15.2,16.2,28.0,20.0,7.1,4.0,24.2,25.0,18.0,28.3,16.2,10.9,4.1,5.9,14.9,22.8,11.0,10.0,8.0,3.1,12.9,13.0,12.9,9.1,11.0,6.1,27.7,3.0,15.2,15.3,13.0,8.0,19.0,16.2
1772505903.8882427,10.1,14.7,15.8,17.8,7.8,9.8,22.2,30.7,1.0,4.0,24.8,13.7,3.0,15.0,2.9,5.1,15.8,27.7,16.7,12.9,10.0,8.0,13.3,11.9,2.0,3.0,8.9,12.1,16.2,20.6,10.9,1.0,4.0,2.0,23.5,13.0,9.0,12.9,1.0,4.0,11.9,10.9,13.1,8.9,4.0,2.0,4.0,3.0,4.0,13.7,8.0,7.1,8.0,16.7
1772505904.890294,20.6,1.0,14.0,17.0,2.0,4.0,16.0,12.2,2.0,8.1,18.2,13.0,3.0,14.3,4.0,2.0,17.8,19.2,14.1,15.0,9.0,3.0,12.1,14.1,1.0,2.0,12.0,13.0,20.0,14.1,5.1,3.0,1.0,4.0,13.0,17.0,12.0,10.1,0.0,4.0,7.1,11.0,12.9,7.1,2.0,3.0,4.0,1.0,13.9,3.1,5.1,3.1,15.3,6.2
1772505905.8991544,28.2,2.0,29.0,23.5,9.1,11.0,20.8,24.5,2.0,21.2,24.5,22.5,8.1,18.6,8.0,5.0,23.0,28.7,16.8,11.9,15.8,12.2,23.5,17.0,4.9,3.0,11.0,12.1,20.8,27.7,13.9,2.0,4.0,2.0,24.8,18.6,11.7,13.7,5.0,5.0,12.7,11.9,6.1,14.0,4.0,5.9,3.1,3.0,4.0,21.8,16.7,10.7,23.5,21.0
1772505906.9005256,21.4,5.2,32.0,25.7,9.1,13.1,21.8,24.0,2.0,21.0,18.2,24.0,18.0,9.1,10.0,4.0,30.0,26.7,15.0,21.8,16.0,17.0,29.3,24.0,4.1,4.0,18.0,7.1,22.2,23.8,6.0,12.1,4.0,5.0,19.6,20.0,11.1,10.9,8.9,3.0,18.0,17.8,13.1,8.0,9.9,7.1,9.9,2.0,8.0,19.0,12.4,7.4,22.2,20.0
1772505907.901301,15.2,13.1,24.5,27.0,5.1,9.2,20.0,22.2,3.0,22.0,19.0,24.0,17.0,8.1,11.3,11.2,25.0,26.0,16.0,16.0,9.2,17.2,20.0,17.3,3.0,6.0,14.0,4.0,20.0,25.3,13.0,3.0,14.1,4.0,26.0,17.6,9.9,13.0,3.1,5.0,22.2,24.0,15.0,8.0,6.0,8.9,3.1,5.0,9.9,17.0,22.0,17.2,18.2,23.0
1772505908.9033012,15.2,23.8,27.0,26.7,12.0,15.0,29.0,27.5,3.0,20.2,22.0,28.0,23.2,22.2,7.1,10.2,25.3,24.2,18.4,19.0,12.0,20.0,23.2,36.0,3.0,6.1,4.1,6.0,20.0,25.0,14.3,6.2,20.0,4.0,20.8,18.8,10.0,12.7,4.0,4.0,31.7,37.4,10.2,8.2,10.1,14.1,11.1,8.1,9.1,15.0,20.2,10.2,19.2,20.2
1772505909.9033864,35.0,12.1,31.0,23.2,14.4,16.5,22.2,18.2,5.1,26.3,26.0,35.6,24.5,22.0,7.0,5.1,25.0,26.3,15.0,13.0,16.2,16.0,20.8,27.7,2.0,5.1,4.0,5.1,22.0,24.5,12.9,3.0,3.0,22.8,22.5,19.2,12.0,11.1,5.1,5.0,42.6,38.0,4.0,15.0,16.0,13.0,16.8,15.0,22.2,9.9,16.0,10.0,19.4,23.0
1772505910.903632,14.7,25.7,20.4,31.6,25.5,27.3,31.7,23.5,11.1,23.8,30.3,33.0,20.2,27.0,17.2,10.9,36.0,34.7,19.0,21.0,16.0,8.2,37.0,28.0,9.1,2.1,18.2,15.2,24.0,29.0,22.4,2.0,6.0,22.0,21.2,17.8,17.2,13.0,7.1,1.0,37.4,35.4,16.0,18.2,11.1,17.5,12.1,13.0,17.0,5.1,11.1,14.3,16.0,15.3
1772505911.9110372,27.7,22.0,30.0,25.2,13.7,12.9,41.2,26.0,14.9,8.0,28.2,15.0,24.8,19.8,5.1,11.1,32.7,42.0,19.6,17.8,21.0,39.6,32.7,33.7,4.0,5.9,20.8,27.7,27.3,22.5,17.8,3.0,2.0,21.8,23.8,19.8,11.9,14.0,5.1,7.0,27.7,29.4,8.1,16.8,7.0,7.9,19.8,23.5,12.9,16.8,16.8,24.0,21.8,22.3
1772505912.912034,28.9,25.0,26.0,24.2,8.2,13.1,43.4,20.8,14.3,16.2,23.5,19.6,22.4,26.0,8.0,11.1,37.4,37.0,15.0,21.0,17.0,16.8,42.0,32.3,19.4,7.0,26.7,23.0,29.7,25.5,11.0,14.1,10.1,17.0,26.5,18.2,14.0,15.0,7.1,5.0,25.0,35.0,16.8,8.2,5.1,4.1,17.0,15.2,13.1,18.0,18.0,23.0,15.3,24.2
1772505913.9121242,25.0,20.2,17.3,27.3,6.0,9.1,39.0,19.4,24.2,20.2,26.0,18.0,23.2,15.0,5.1,6.1,30.0,37.4,17.2,12.1,16.2,4.0,27.0,22.0,3.0,2.0,21.4,23.2,27.6,19.8,2.1,12.2,15.0,4.0,21.2,18.0,13.0,10.0,3.1,2.0,24.2,29.3,3.0,11.2,8.1,4.0,12.9,12.1,3.1,17.2,21.4,13.1,18.2,13.3
1772505914.9122128,19.6,23.2,14.1,24.0,5.1,7.1,34.0,21.8,24.8,16.8,23.0,18.4,19.8,2.0,6.1,1.0,30.3,32.0,17.0,10.0,15.2,5.0,12.9,16.8,11.0,1.0,23.0,20.0,28.0,20.8,2.0,11.8,22.0,3.0,21.8,20.0,13.0,12.0,3.0,2.0,21.0,20.0,10.1,2.0,1.0,1.0,11.0,12.0,3.0,17.2,21.0,12.9,11.9,16.2
1772505915.913814,30.9,15.7,23.5,17.0,4.1,4.0,33.7,26.0,6.1,3.0,20.8,16.8,21.8,4.0,4.0,6.1,35.6,32.0,12.9,18.8,8.9,11.1,15.2,15.0,1.0,2.0,27.7,18.0,17.2,23.2,1.0,13.1,14.0,8.9,22.0,15.8,13.0,11.0,5.0,4.1,16.8,21.6,18.0,7.0,4.0,4.0,12.9,15.7,7.0,23.5,21.8,18.2,15.2,21.0
1772505916.9138956,27.1,13.3,23.0,22.2,23.2,21.0,17.2,21.2,5.1,5.0,23.0,30.3,12.2,11.2,20.2,17.0,32.0,34.3,15.5,19.2,10.1,15.3,27.0,30.3,1.0,6.1,30.7,12.1,23.0,23.2,3.0,20.2,13.4,13.1,17.0,16.0,11.0,13.0,6.1,6.0,21.0,17.0,12.1,17.8,16.2,10.2,19.0,16.2,13.3,15.5,18.4,16.2,15.2,9.1
1772505917.9150536,22.2,22.0,25.3,19.2,20.2,25.3,16.2,11.1,13.3,13.3,20.4,34.0,16.2,3.1,9.2,8.0,34.3,34.3,14.0,16.0,16.2,13.9,39.4,37.6,3.0,1.0,18.2,29.0,21.0,20.2,1.0,18.8,18.8,6.1,19.0,11.1,12.1,11.0,7.2,4.0,25.3,24.5,7.1,6.1,25.7,17.2,12.1,13.9,10.8,16.0,16.8,18.8,14.0,13.0
1772505918.91655,27.6,13.0,17.3,25.7,20.0,21.4,23.2,16.8,7.0,26.0,28.0,23.8,20.0,13.0,9.0,19.0,36.0,41.0,19.0,21.8,10.0,10.2,30.3,37.0,4.0,6.0,22.0,27.0,26.7,18.8,5.0,18.2,10.0,5.1,13.0,20.0,11.9,13.0,7.9,4.1,16.8,27.0,11.2,16.0,14.3,7.1,21.2,18.0,12.2,12.1,15.2,15.2,9.2,19.2
1772505919.917859,29.6,13.9,26.0,23.0,9.4,15.8,19.4,18.2,5.1,21.0,17.2,18.8,25.5,17.2,8.2,13.1,42.0,31.3,19.2,24.0,21.8,13.0,33.7,34.7,2.0,4.1,20.2,26.7,24.2,25.5,17.2,10.0,7.1,9.1,22.2,13.0,13.1,12.1,2.0,6.1,32.7,28.0,10.0,9.9,9.2,3.0,14.0,14.0,8.1,14.1,14.1,14.0,14.1,13.1
1772505920.9179475,20.8,21.2,24.5,20.0,25.0,18.2,23.0,21.0,13.0,31.3,20.6,25.3,23.0,22.0,13.9,20.2,38.4,34.0,19.8,20.0,15.3,26.3,38.0,36.0,5.1,6.0,12.0,30.3,36.0,20.6,17.2,8.2,24.2,14.1,22.0,18.0,17.2,16.0,4.1,6.1,39.0,36.4,7.2,6.1,10.2,13.3,18.0,17.8,5.1,16.0,18.0,13.3,17.8,12.1
1772505921.9191806,23.5,24.0,28.7,20.4,19.4,24.5,32.3,21.4,3.0,21.8,29.0,28.7,24.0,20.2,10.3,15.0,40.0,30.3,19.4,18.8,13.9,12.0,30.0,30.0,4.0,32.7,5.1,15.2,20.0,24.0,21.0,1.0,25.3,26.0,12.0,21.0,12.9,11.9,6.1,3.0,46.5,31.7,15.0,19.0,26.0,20.2,17.0,17.2,11.1,18.2,16.0,17.0,16.2,9.1
1772505922.9192646,18.9,29.0,29.6,28.0,23.5,17.3,33.0,29.0,18.4,16.5,34.3,28.6,25.3,25.0,13.0,16.2,35.0,38.0,23.0,20.4,13.4,19.4,37.4,34.3,9.0,22.4,14.9,17.0,25.3,41.4,12.1,12.2,27.0,6.1,21.0,19.0,14.1,11.0,5.2,6.1,35.6,36.4,14.3,7.1,14.1,13.4,15.0,15.0,14.1,15.2,15.3,22.2,18.2,16.2
1772505923.9193542,10.3,15.3,18.0,18.0,6.0,3.1,26.0,27.3,21.0,7.0,21.0,20.0,11.1,17.2,1.0,5.0,33.3,27.7,14.7,16.0,3.0,11.9,23.0,18.2,0.0,2.0,22.0,1.0,15.2,19.0,8.1,2.0,18.0,7.0,16.0,13.0,12.1,11.0,26.0,5.0,30.0,27.0,5.1,7.1,2.0,5.9,17.0,13.0,21.8,3.0,17.0,20.2,11.0,17.2
1772505924.9282672,19.2,7.9,19.6,21.8,10.1,6.9,34.7,27.7,9.0,14.0,16.0,22.0,4.9,17.8,2.0,6.0,35.6,28.0,13.9,14.0,10.0,11.0,17.0,17.6,3.9,2.0,27.7,18.0,20.8,24.0,8.0,5.0,19.6,4.0,10.8,21.8,12.6,13.0,3.0,1.0,20.6,23.5,10.9,1.0,0.0,6.1,18.4,16.7,5.0,17.8,23.3,13.9,16.0,16.2
1772505925.9292424,15.6,16.2,27.6,21.2,12.0,8.2,21.2,25.3,10.1,15.8,22.0,22.8,14.1,12.9,6.1,7.2,33.7,32.7,19.2,14.9,18.0,19.8,19.0,32.0,2.1,6.1,27.3,34.3,18.2,27.3,15.8,4.0,11.0,15.2,19.2,23.5,13.0,13.0,8.0,4.1,28.3,25.3,17.8,8.1,4.0,9.0,16.0,14.0,5.1,22.2,18.2,21.0,18.2,18.0
1772505926.9314861,17.5,6.1,18.6,23.8,7.9,4.0,16.2,17.8,1.0,17.2,16.0,20.0,5.0,19.0,7.9,4.0,24.2,21.2,15.8,16.2,14.1,5.1,12.1,22.4,4.0,3.0,23.0,23.0,15.8,19.0,3.1,7.0,9.0,15.8,21.8,13.9,11.1,12.0,4.1,1.0,19.0,23.0,12.1,14.1,13.0,5.1,4.0,2.0,20.0,7.9,10.1,17.2,14.0,15.2
1772505927.9341562,6.3,16.0,17.0,19.2,4.1,11.0,13.0,22.0,3.0,2.0,15.2,18.0,3.1,17.2,7.1,4.0,22.8,28.0,11.1,16.8,8.0,11.1,16.0,19.8,1.0,5.0,18.8,19.8,25.0,16.0,2.0,12.1,8.9,13.3,9.9,18.0,12.9,8.0,4.0,2.0,28.0,12.1,8.0,5.0,2.0,5.0,2.0,1.0,16.0,6.1,2.0,11.0,18.2,8.0
1772505928.934661,8.1,17.8,18.2,14.1,5.0,2.0,18.0,16.8,3.0,2.0,18.8,19.0,6.9,15.8,5.0,1.0,18.0,24.8,14.0,13.1,11.0,1.0,14.0,16.0,1.0,2.0,22.0,13.9,22.0,12.0,3.0,7.9,7.0,16.7,13.0,17.8,11.9,8.9,3.0,0.0,15.0,12.0,0.0,7.1,1.0,3.0,1.0,1.0,13.9,4.0,5.0,8.1,14.0,10.1
1772505929.9374263,7.3,19.4,23.2,25.7,9.2,10.9,24.0,18.2,2.0,2.0,17.0,26.7,12.2,12.0,4.0,7.9,22.0,31.7,18.4,14.6,10.1,11.1,23.0,21.0,2.0,2.0,20.0,23.2,24.0,18.2,13.0,4.1,8.0,12.1,19.0,20.6,14.0,10.9,3.0,1.0,16.8,15.8,5.9,12.0,4.0,4.0,2.0,3.0,18.0,6.0,12.2,5.1,17.3,17.2
1772505930.9413795,18.6,8.8,20.8,22.0,17.8,15.0,17.2,21.8,3.0,2.0,22.8,21.0,8.9,16.0,5.0,4.0,21.8,24.0,15.2,15.2,8.0,8.8,14.9,18.0,6.0,2.0,14.9,22.8,19.0,25.5,3.0,13.9,2.0,1.0,20.6,17.8,12.0,11.0,3.0,3.0,20.0,21.8,12.0,2.0,7.0,3.0,5.0,1.0,20.8,6.1,11.9,5.0,18.6,16.0
1772505931.9473379,15.2,12.1,25.3,25.0,13.4,15.0,19.8,23.0,3.0,2.0,20.8,21.0,4.0,21.0,4.0,6.0,27.0,22.0,15.0,15.5,15.8,7.0,17.2,21.0,2.0,3.0,3.0,16.2,16.0,24.0,12.0,2.0,2.0,4.0,18.0,18.0,11.8,10.9,2.0,5.9,16.8,19.6,6.0,11.1,1.0,7.9,2.0,2.0,16.0,16.0,14.0,8.0,21.0,14.0
1772505932.9487383,19.6,10.8,20.8,21.0,7.8,9.2,20.2,16.2,4.1,5.1,23.8,22.0,21.0,10.9,9.1,12.0,27.7,25.3,18.0,14.0,15.8,8.1,20.0,28.0,2.0,3.0,2.0,5.0,18.0,30.0,6.1,11.9,4.0,3.0,15.7,22.8,11.0,11.1,0.0,5.1,11.0,19.8,7.1,8.9,8.8,6.1,2.0,12.0,7.9,17.8,11.2,5.0,16.2,13.1
1772505933.956671,6.3,22.0,15.0,15.0,5.0,7.9,27.7,14.9,5.9,7.9,18.6,40.6,15.8,24.8,3.0,7.0,28.0,20.6,14.7,16.0,11.1,7.0,21.6,24.8,2.0,2.0,2.0,3.0,13.1,19.8,2.0,9.0,4.0,2.0,15.0,18.8,11.9,11.8,2.0,3.0,10.9,31.7,2.9,9.2,10.1,15.0,1.0,5.0,2.0,17.0,9.9,5.0,13.1,15.0
1772505934.9567642,9.2,19.2,20.0,22.2,2.0,9.1,20.2,40.0,4.0,2.0,33.3,29.0,18.2,21.2,2.0,5.0,32.0,20.4,14.1,13.9,16.0,5.1,24.2,17.0,3.0,2.0,2.0,3.0,26.3,27.0,1.0,11.1,3.0,1.0,21.0,17.0,11.0,10.1,2.0,9.2,23.0,18.4,7.1,10.0,12.2,10.2,8.0,5.1,18.0,6.0,8.0,26.3,18.2,19.2
1772505935.9568486,7.2,18.0,26.0,17.0,5.0,8.2,26.3,36.6,3.0,3.0,28.0,16.8,25.0,19.0,7.0,12.1,21.4,27.0,17.0,14.1,7.9,16.2,26.0,21.8,1.0,2.0,5.1,4.0,23.8,20.0,1.0,13.9,2.0,1.0,15.8,25.0,13.1,9.8,3.0,5.0,29.4,13.0,8.1,7.1,7.9,3.0,5.1,4.0,19.0,2.0,7.1,9.1,21.0,14.0
1772505936.9569356,5.3,18.0,17.3,22.0,2.0,3.0,33.7,21.8,0.0,2.0,17.0,24.0,18.8,22.0,1.0,1.0,21.8,21.0,14.9,13.0,9.1,7.0,12.7,18.2,1.0,3.0,16.0,7.9,15.2,25.3,8.0,0.0,2.0,1.0,19.0,18.8,12.9,10.1,1.0,3.1,30.0,13.7,4.0,10.1,2.0,1.0,10.0,9.0,18.8,1.0,11.1,7.0,15.0,14.3
1772505937.957557,7.1,17.0,20.6,32.0,17.2,10.0,25.7,32.7,9.1,14.0,19.8,23.2,20.2,24.8,9.0,7.9,31.4,25.7,17.8,20.0,26.7,7.8,20.2,28.4,3.0,8.1,15.0,14.1,26.7,19.8,16.0,5.0,6.1,4.0,16.2,20.8,7.9,12.7,9.0,3.9,28.7,12.1,10.9,16.8,7.0,5.0,3.0,4.0,15.2,13.0,11.9,3.0,14.1,17.0
1772505938.9621317,12.1,10.1,19.6,29.0,22.4,24.2,28.3,27.3,22.0,33.7,17.2,21.8,19.2,25.7,20.2,9.2,29.3,28.6,19.0,22.0,15.2,11.1,34.3,39.4,3.0,5.1,19.0,21.4,28.6,21.0,21.2,1.0,14.0,18.0,14.9,22.0,11.0,10.1,6.1,2.1,34.0,27.0,6.2,12.0,17.2,11.0,8.0,10.0,14.9,10.0,7.1,9.2,18.0,12.0
1772505939.9622653,15.2,14.1,30.0,17.2,16.7,26.3,28.3,25.0,9.1,25.7,31.3,20.2,22.0,19.0,6.1,13.3,28.3,29.0,20.2,18.4,14.1,16.2,36.0,44.6,5.1,4.0,13.0,26.7,24.2,23.2,22.0,6.2,7.0,20.2,19.0,15.2,12.0,12.0,6.1,2.0,37.8,22.2,15.0,7.1,16.2,16.2,7.1,5.2,15.2,11.3,8.2,4.1,14.0,14.1
1772505940.9623477,24.7,16.0,24.0,16.0,23.8,13.3,21.4,34.7,7.2,26.0,30.0,26.0,21.8,23.0,10.2,13.3,33.3,28.3,18.2,19.0,7.1,11.9,26.3,28.3,2.0,4.1,12.4,25.3,12.0,37.8,20.8,3.0,10.1,17.2,12.1,14.9,11.9,11.9,5.0,11.0,32.3,15.0,12.1,8.2,10.1,19.4,15.2,7.1,8.2,10.1,19.0,10.1,11.2,15.2
1772505941.9631321,29.9,13.1,35.0,18.4,15.2,7.1,23.0,33.3,9.1,27.0,19.8,23.2,12.2,28.6,12.1,19.0,37.4,34.3,19.2,17.6,13.1,13.3,42.0,33.0,5.0,9.1,21.0,27.3,22.0,23.8,15.3,7.9,3.0,24.0,20.0,14.9,13.0,8.1,5.1,3.0,12.0,25.3,6.9,7.0,10.1,10.0,16.2,18.6,11.0,16.3,21.2,19.8,13.3,14.0
1772505942.9637327,22.9,32.3,24.2,32.7,12.1,21.0,34.0,34.3,6.0,21.4,24.5,25.7,27.3,8.9,12.2,7.1,36.0,30.6,17.2,20.2,13.1,14.0,26.7,26.5,6.1,4.1,23.0,24.0,24.2,23.8,11.1,7.1,5.1,23.8,21.0,23.0,15.2,15.8,8.1,5.1,19.2,31.0,10.2,16.2,3.1,11.0,13.0,13.1,9.1,19.8,16.0,22.7,20.8,24.5
1772505943.9638138,12.8,22.8,12.9,15.0,7.0,4.0,23.0,30.4,5.0,18.8,18.0,14.9,5.0,12.9,4.0,3.9,31.7,30.0,13.9,13.1,10.9,2.0,13.9,5.1,1.0,2.0,22.0,21.8,18.8,10.1,1.0,5.9,8.9,7.0,16.7,17.8,13.7,10.0,3.9,3.0,16.8,15.7,11.7,12.0,8.9,2.1,11.9,10.9,3.0,13.1,12.7,18.6,11.1,14.7
1772505944.9660656,20.6,23.5,20.6,19.4,4.1,12.2,24.2,20.4,9.1,7.1,21.0,15.0,8.1,12.2,9.2,1.0,35.0,33.3,15.0,15.8,11.0,6.1,20.0,13.3,1.0,3.0,24.8,20.2,26.3,13.3,1.0,11.2,19.2,4.1,21.0,21.2,11.1,10.0,1.0,4.1,31.7,23.2,2.0,9.1,3.1,3.0,12.0,12.1,8.2,8.1,16.3,15.0,17.2,11.2
1772505945.9661536,29.2,14.9,24.0,19.0,20.2,11.0,17.0,13.0,17.0,7.0,21.0,21.2,9.0,13.0,5.9,6.1,36.0,28.7,14.1,15.0,13.0,9.1,12.1,20.2,4.0,2.0,19.2,15.2,15.2,22.0,0.0,12.0,13.1,10.0,22.0,14.7,12.9,9.0,5.0,1.0,34.0,41.4,5.1,8.1,3.0,2.0,11.0,12.9,17.0,3.0,17.2,17.2,14.1,14.3
1772505946.966447,24.7,17.2,24.2,17.0,12.1,12.1,19.8,14.1,11.2,10.1,17.0,18.0,8.0,11.1,5.1,2.0,29.3,33.7,13.9,15.0,6.1,11.0,18.4,13.0,2.0,4.0,20.2,22.8,22.2,12.9,2.0,10.0,12.1,9.1,24.8,18.2,20.2,11.0,4.0,4.0,34.0,45.0,2.0,8.1,4.0,2.0,10.9,12.0,15.8,5.0,20.0,14.9,10.2,20.0
1772505947.9667516,23.5,24.2,19.0,16.3,6.2,7.1,22.4,17.0,11.0,16.2,22.2,19.0,10.0,12.0,11.0,11.0,31.0,35.6,19.2,18.0,13.1,9.9,20.0,19.2,5.0,5.0,27.0,23.2,19.8,28.3,3.0,13.1,21.6,10.0,17.0,18.2,16.0,14.9,5.1,6.1,29.0,23.2,10.0,7.9,11.9,16.0,12.1,18.0,5.1,19.0,16.2,16.2,14.0,20.0
1772505948.966845,20.8,12.9,20.2,15.3,6.0,9.2,12.2,10.1,8.1,18.0,22.8,23.8,14.1,5.0,8.0,10.0,36.0,27.6,11.0,15.2,11.0,7.0,13.1,21.2,4.0,1.0,16.0,23.0,11.1,23.0,2.0,11.1,3.0,1.0,18.2,11.9,25.5,11.9,1.0,3.0,7.1,8.1,6.1,1.0,18.2,13.4,18.8,18.0,18.8,12.0,12.9,15.0,7.1,11.1
1772505949.9687138,31.6,16.2,27.3,23.8,18.6,10.0,20.0,23.2,10.0,8.1,34.3,26.0,22.2,19.2,10.2,9.1,34.7,42.0,24.8,14.9,17.0,8.2,38.6,35.0,11.0,5.0,17.0,15.0,24.0,15.2,17.2,4.0,5.1,10.1,22.5,16.2,12.1,15.2,6.0,6.0,13.0,15.8,17.0,15.8,22.0,17.0,14.9,14.0,7.0,17.8,19.2,18.2,13.1,18.2
1772505950.9690835,27.1,18.2,19.4,30.3,14.4,26.3,34.7,26.0,4.1,16.3,30.0,24.2,23.2,23.0,23.5,20.4,45.5,31.3,23.0,19.8,13.0,14.1,37.4,34.0,3.1,3.1,24.0,9.3,31.3,24.2,10.1,15.3,12.1,8.2,16.2,19.2,27.3,10.9,3.1,8.1,24.2,27.0,11.2,14.0,14.3,14.4,18.8,18.0,6.1,18.0,12.2,18.2,14.1,15.0
1772505951.9701285,20.4,18.0,20.2,25.7,24.5,26.3,26.3,23.0,28.0,14.9,25.7,13.1,15.8,24.0,8.1,11.0,29.0,39.6,17.0,16.2,14.1,10.0,26.7,31.3,4.0,12.0,33.7,11.2,24.0,21.8,21.0,1.0,22.0,6.0,16.0,14.1,14.9,13.1,6.1,3.0,35.0,40.4,7.1,4.1,15.2,20.8,16.0,15.0,13.3,11.0,15.0,16.0,12.0,12.1
1772505952.9708662,15.6,24.2,16.2,29.3,23.0,11.2,40.6,20.8,23.0,1.0,29.0,10.1,15.3,27.0,12.1,13.3,32.0,40.0,16.3,17.3,11.2,10.1,39.4,35.6,17.0,9.1,27.0,21.0,28.0,22.4,20.4,2.0,25.7,7.1,12.9,19.0,11.1,12.0,5.2,3.1,33.3,37.0,12.1,16.8,14.4,16.2,20.0,19.8,18.0,7.1,30.7,23.0,15.2,7.1
1772505953.970943,21.4,27.3,23.2,35.6,14.1,16.0,36.6,25.3,33.0,14.0,36.0,31.0,24.0,26.0,13.9,16.3,33.0,42.0,19.8,22.8,11.1,16.0,35.0,37.4,15.2,7.0,22.2,27.7,31.0,15.0,21.0,2.1,22.0,9.1,21.0,14.0,14.0,11.0,9.0,5.1,33.0,32.0,12.0,10.2,16.8,9.1,15.0,15.2,16.0,13.1,19.0,18.4,16.2,15.2
1772505954.971299,11.6,18.2,26.3,18.0,17.7,22.2,31.3,28.7,24.0,3.0,35.4,37.4,18.0,25.7,11.1,12.0,36.0,38.0,20.0,17.2,10.0,15.3,24.8,36.4,3.0,4.0,22.2,24.0,16.3,37.0,22.0,4.0,22.0,9.1,16.2,24.0,13.0,12.0,6.1,4.0,33.0,41.6,14.0,17.0,6.1,6.1,17.0,17.0,7.1,14.0,19.2,14.0,16.8,14.1
1772505955.9726715,8.2,19.8,25.7,20.4,11.2,14.1,28.0,34.0,13.3,7.1,25.7,19.8,10.2,20.4,6.1,8.2,22.4,24.2,15.0,11.9,13.3,5.1,19.0,30.7,2.0,2.0,19.0,24.0,25.3,24.2,9.0,1.0,20.2,2.0,20.8,19.8,14.0,12.0,2.0,3.0,34.7,39.8,14.3,7.1,9.1,1.0,19.0,15.2,13.1,10.2,15.0,23.2,13.0,25.3
1772505956.9729347,17.2,12.9,25.3,21.0,10.1,8.1,20.0,21.0,5.0,5.1,20.2,20.0,24.8,20.0,4.1,3.0,24.0,27.0,12.1,13.1,16.2,10.1,21.8,20.8,3.0,3.0,7.1,25.7,20.0,24.8,12.2,0.0,17.8,7.9,20.0,20.8,13.0,10.0,2.0,3.1,20.0,34.7,15.2,3.0,10.0,4.0,12.0,12.0,21.6,2.0,12.0,23.0,21.0,19.0
1772505957.9762707,15.5,9.2,21.2,20.2,3.0,5.0,16.0,20.4,2.0,2.0,16.8,24.8,20.8,21.0,5.8,3.0,23.0,24.0,13.0,16.7,12.9,10.0,15.8,17.2,3.0,1.0,19.8,26.0,13.0,25.3,8.9,5.9,3.0,11.9,21.0,18.8,12.7,10.0,0.0,2.0,32.0,26.7,13.0,2.0,0.0,4.0,11.0,9.8,8.2,18.0,14.9,2.0,10.1,22.8
1772505958.977582,14.3,8.9,15.0,18.2,8.9,3.0,20.4,15.0,1.0,4.0,18.0,19.0,20.0,20.8,8.1,5.1,23.5,18.2,11.8,15.2,9.1,5.1,21.0,8.0,3.0,3.0,23.0,19.0,12.1,16.8,0.0,7.1,6.1,15.2,12.9,21.2,10.1,9.9,2.0,3.0,28.0,33.3,9.0,4.0,7.0,7.9,3.0,1.0,16.8,2.0,5.1,8.0,12.0,18.4
1772505959.977673,20.6,9.1,22.4,16.0,6.0,9.1,19.6,18.8,2.0,2.0,17.0,20.2,11.1,12.1,8.1,4.1,22.4,24.8,13.1,14.0,8.1,11.9,10.1,18.2,2.0,3.0,11.8,23.8,13.1,23.0,1.0,11.9,12.9,11.9,23.0,16.0,11.8,10.9,2.0,3.0,34.0,25.7,13.1,2.0,9.1,15.2,4.0,2.0,19.0,3.0,9.9,6.0,15.0,15.0
1772505960.977994,22.4,2.0,25.5,21.2,10.3,15.3,22.4,18.0,11.1,9.1,18.0,24.5,9.0,18.0,11.0,10.0,29.4,19.2,17.2,18.2,8.0,13.1,25.0,22.8,3.0,7.1,14.4,11.2,19.4,20.2,2.0,15.2,17.0,8.1,16.0,16.8,9.1,12.9,2.1,5.1,20.2,21.0,8.2,6.1,16.3,14.3,4.0,3.0,17.8,5.1,6.1,7.1,19.2,11.2
1772505961.9791892,22.1,5.0,15.3,35.6,24.0,10.9,30.7,34.0,27.0,17.0,22.8,20.8,17.0,15.0,7.1,15.0,34.3,33.3,22.8,21.8,19.0,26.0,29.3,33.3,6.1,15.0,18.4,12.0,23.5,23.8,8.9,18.2,13.0,6.0,20.0,25.5,15.8,17.0,6.1,8.0,14.0,14.1,17.2,17.0,11.0,13.3,10.9,9.1,20.2,7.2,8.0,13.0,20.4,12.1
1772505962.9792707,18.9,1.0,22.0,17.3,3.0,10.0,26.0,29.3,14.0,11.1,14.0,20.0,11.1,3.0,5.1,8.1,27.0,32.0,12.0,13.9,1.0,9.1,23.8,22.8,3.0,6.9,15.8,9.9,22.2,12.2,11.1,0.0,2.0,0.0,6.9,17.3,10.0,12.0,3.0,3.0,11.1,13.9,15.0,9.1,2.0,5.9,6.1,6.0,11.0,2.0,7.1,4.1,9.1,12.2
1772505963.9796462,14.3,9.2,23.5,21.4,6.0,7.0,34.7,26.7,12.9,10.1,27.7,31.4,20.8,3.0,5.0,7.0,21.0,27.3,13.0,17.2,8.0,11.0,18.0,19.8,3.0,1.0,15.2,2.0,18.0,25.5,11.1,4.0,3.0,1.0,14.0,22.5,10.8,12.9,0.0,3.1,9.9,11.1,12.0,2.0,2.0,3.0,2.0,1.0,13.0,7.8,12.9,2.0,13.0,20.6
1772505964.9797306,22.4,10.8,19.0,25.5,18.4,16.3,24.2,24.2,4.0,22.2,38.4,19.4,12.2,14.0,9.0,5.1,23.0,28.7,19.0,15.2,13.1,18.0,25.5,21.2,3.1,3.0,5.0,4.1,20.2,27.3,2.0,17.3,1.0,2.0,13.0,27.3,11.1,12.1,3.0,7.9,23.0,18.0,8.1,8.0,2.1,5.1,3.0,8.1,18.2,9.9,10.1,6.1,23.2,15.3
1772505965.9809163,7.3,14.0,25.3,23.2,21.8,20.4,16.8,16.0,5.1,5.0,26.7,13.0,24.0,17.2,11.1,10.1,25.0,23.0,19.0,18.0,15.8,12.1,33.7,31.0,5.0,3.1,11.0,14.9,29.0,19.4,1.0,21.0,6.1,3.1,20.0,15.8,10.9,11.9,8.0,3.1,36.0,30.3,9.1,3.1,9.1,10.2,5.0,28.3,20.2,9.2,5.1,8.2,16.0,12.0
1772505966.9847817,12.6,14.0,21.0,27.5,9.2,8.1,16.2,19.0,10.9,12.1,18.0,19.0,25.0,20.0,2.0,5.0,25.0,28.0,15.0,13.9,5.1,15.7,18.8,22.0,2.0,2.0,2.0,21.0,22.0,14.6,2.0,14.9,18.8,6.9,18.8,17.8,8.0,13.9,2.0,3.0,32.0,33.3,9.1,5.0,16.0,10.9,13.0,10.8,22.3,13.0,6.9,9.8,13.0,15.3
1772505967.984864,23.0,5.1,30.0,22.4,6.0,9.0,18.2,21.2,3.1,1.0,28.3,11.0,20.8,28.7,3.1,7.1,23.5,24.2,17.8,13.1,10.0,16.2,25.0,28.0,2.1,1.0,5.1,22.0,30.0,13.3,2.0,12.1,21.8,3.0,24.8,16.0,10.0,13.1,2.0,5.9,29.3,32.7,8.9,15.2,11.1,11.1,2.0,1.0,21.2,7.1,15.2,3.1,17.2,18.0
1772505968.9871974,5.3,16.0,16.2,24.0,5.9,10.0,29.7,26.7,9.1,2.0,19.8,19.0,17.8,22.8,12.9,7.1,24.8,25.3,17.0,18.8,14.0,9.0,21.0,20.8,1.0,4.0,15.8,28.7,20.0,27.7,13.3,17.0,23.5,4.0,24.8,12.0,9.9,10.1,4.0,3.1,30.0,30.3,10.1,12.0,5.9,8.2,3.0,3.0,14.9,8.0,12.0,3.1,13.0,17.0
1772505969.9872687,6.3,24.0,24.0,18.2,12.1,6.0,25.0,36.4,12.0,13.0,14.0,28.0,18.2,26.0,5.0,7.1,21.2,27.7,16.0,13.1,11.1,11.0,18.2,15.2,1.0,3.0,20.2,24.0,15.3,22.0,15.2,6.1,21.0,5.0,20.4,15.0,14.0,9.9,2.0,4.0,34.7,27.7,5.1,8.1,6.1,5.0,2.0,2.0,17.2,3.0,12.2,4.0,15.2,12.1
1772505970.987349,32.0,19.0,25.3,17.2,9.2,6.1,30.6,29.0,15.2,15.0,33.0,28.7,14.3,28.7,15.2,7.0,25.3,27.3,15.8,18.2,10.0,14.0,25.0,21.2,5.0,3.0,22.8,18.4,21.2,20.2,12.0,9.0,20.0,9.1,20.8,16.0,12.7,13.0,4.1,6.1,21.2,32.7,7.1,10.1,21.4,5.1,3.1,4.0,22.0,14.0,10.0,9.0,17.2,16.0
1772505971.9890363,26.8,12.0,20.0,18.0,7.1,12.1,16.0,35.6,21.2,1.0,27.0,31.0,11.0,24.0,6.0,6.0,20.6,23.8,12.0,13.7,8.9,7.1,12.0,13.0,3.0,0.0,24.0,14.0,25.2,13.0,1.0,9.9,8.9,10.0,16.7,16.8,13.0,9.1,5.9,2.0,28.7,25.0,9.0,2.0,3.0,4.0,4.0,2.0,13.0,8.0,4.0,8.1,12.0,13.1
1772505972.9891365,24.7,21.2,19.4,18.2,9.0,13.3,26.3,33.0,23.8,3.0,19.8,29.7,16.8,23.2,3.0,5.1,21.2,22.8,15.0,14.1,4.1,17.0,15.2,17.0,2.0,5.0,22.2,23.0,19.2,18.2,25.3,9.1,6.1,18.0,15.0,23.8,12.1,11.8,5.1,3.0,29.6,33.7,7.1,5.1,5.1,4.1,4.0,1.0,12.1,14.0,8.2,7.0,10.1,18.0
1772505973.9892154,18.8,24.2,23.0,23.0,19.4,11.2,27.7,29.4,25.0,16.3,19.2,20.0,23.5,21.0,2.1,6.0,24.5,30.6,13.0,16.0,14.1,7.1,19.2,30.0,5.0,3.0,20.2,25.7,21.2,19.0,3.0,13.1,11.1,10.2,15.2,19.0,13.0,10.0,5.1,1.0,43.6,38.0,8.2,5.0,5.9,7.1,10.1,11.0,9.0,15.0,11.2,4.1,16.2,14.3
1772505974.9892848,16.5,23.2,21.4,18.0,12.1,14.1,21.0,29.3,4.0,13.0,17.0,19.0,23.8,17.0,4.0,5.1,35.0,33.7,15.0,10.0,3.0,15.8,17.8,21.4,3.0,2.0,14.9,16.2,22.4,11.1,1.0,9.1,5.0,19.8,19.0,15.0,12.0,11.9,3.0,4.0,38.4,23.2,7.9,7.1,8.2,15.0,3.0,3.0,7.0,11.0,13.7,12.0,16.2,12.9
1772505975.9907143,20.6,25.7,19.0,19.4,3.0,3.0,33.0,25.7,2.0,21.2,21.8,19.0,16.8,17.8,2.0,3.0,31.0,29.0,15.0,16.7,14.1,2.0,19.2,13.9,1.0,1.0,2.0,19.8,24.0,13.0,1.0,10.1,1.0,9.0,20.8,17.0,12.9,9.9,0.0,4.0,14.9,26.7,1.0,11.0,11.1,16.0,7.1,3.0,2.0,16.2,21.4,14.0,15.2,15.2
1772505976.9976103,31.6,15.7,26.5,23.8,9.0,7.1,37.0,32.4,7.1,16.0,27.7,13.9,14.1,10.0,4.0,16.8,34.3,37.6,19.0,14.1,14.7,18.0,20.0,23.2,2.0,3.0,4.0,1.0,22.8,28.3,1.0,17.5,4.0,1.0,17.6,23.3,11.0,10.8,3.0,4.0,10.9,20.8,11.9,20.6,8.0,8.0,13.0,12.7,22.3,5.9,21.8,17.0,18.8,17.8
1772505978.0004714,25.0,19.2,25.3,25.0,9.2,8.0,33.7,27.3,13.0,10.0,23.0,18.2,5.0,22.2,8.2,5.1,35.7,32.3,19.0,17.0,7.1,15.8,16.2,25.0,2.0,3.0,4.0,3.0,12.1,26.0,11.1,1.0,2.0,3.0,20.2,19.0,12.7,10.0,2.0,5.0,12.1,11.1,10.1,8.2,1.0,7.2,11.9,11.1,20.2,4.0,19.2,19.4,19.0,16.3
1772505979.0036929,18.8,20.6,19.4,21.0,5.0,2.0,21.0,19.0,3.1,17.2,21.0,19.8,9.9,14.0,5.0,4.0,32.4,33.0,13.1,17.8,8.0,8.0,19.8,11.0,1.0,3.0,5.0,2.0,14.0,25.0,8.0,3.0,0.0,1.0,20.8,17.6,13.7,10.0,3.0,3.0,11.9,10.8,11.0,3.0,1.0,4.0,12.9,12.9,17.6,4.0,16.8,18.0,18.0,18.0
1772505980.0037806,15.8,28.3,28.0,23.5,5.1,9.0,23.2,22.0,11.1,15.2,24.0,23.0,5.1,21.0,5.2,11.0,36.0,31.0,14.0,15.2,18.4,4.1,33.3,26.0,5.1,3.0,8.0,7.1,26.3,21.2,1.0,13.0,2.0,6.1,22.8,16.2,12.1,11.0,3.1,3.0,14.0,9.2,10.3,7.1,2.0,6.1,20.0,18.8,12.1,19.4,20.0,17.2,17.3,19.2
1772505981.004579,23.4,20.0,23.5,29.4,15.3,16.2,14.3,21.2,8.0,6.0,22.4,34.3,8.0,22.0,11.0,10.2,34.0,39.4,17.8,19.0,24.8,16.0,29.3,32.0,5.1,4.1,26.3,16.2,18.2,24.0,15.0,9.0,5.1,12.9,17.8,24.0,14.1,12.9,9.1,4.0,16.2,28.0,8.0,7.1,8.1,4.1,14.0,16.2,6.1,19.0,19.2,16.0,12.9,18.2
1772505982.0064335,28.6,20.2,24.8,26.3,28.3,36.0,21.2,25.3,4.1,7.1,37.3,22.2,25.0,23.0,26.7,15.8,35.4,40.6,21.2,20.0,24.2,13.3,28.7,31.3,7.1,21.6,33.7,29.7,33.0,26.0,6.0,21.0,24.8,13.3,11.1,24.2,14.0,14.0,9.0,6.1,32.3,46.5,19.2,14.3,15.2,12.0,16.0,15.8,11.0,16.0,14.1,20.8,16.2,18.2
1772505983.006842,25.0,23.0,22.2,25.0,20.2,17.2,27.7,27.7,4.1,4.1,22.0,21.0,20.2,23.2,9.3,6.1,32.3,36.0,15.0,19.4,10.1,14.9,17.3,27.0,3.1,4.1,30.7,16.0,21.4,30.0,2.0,15.2,24.0,2.0,20.2,23.0,10.0,13.0,4.1,4.0,36.6,38.0,9.1,5.0,16.2,15.3,13.0,14.1,8.1,14.0,16.2,18.2,13.0,17.8
1772505984.0114746,24.2,29.0,24.5,30.3,9.9,11.1,33.0,35.6,15.3,6.1,15.2,23.8,20.0,26.7,10.0,7.1,39.4,36.0,19.2,18.6,16.8,17.2,33.7,29.0,4.0,5.0,14.1,23.0,25.3,27.3,7.9,12.1,22.8,4.0,22.5,21.0,11.0,14.0,5.9,3.1,34.3,28.0,13.9,6.1,10.1,15.8,16.0,16.8,16.8,18.2,18.0,20.2,18.0,18.4
1772505985.0128417,9.5,23.0,22.4,24.2,13.7,6.1,28.3,35.0,12.9,25.7,22.0,21.2,24.0,20.8,6.1,11.9,30.0,38.0,18.6,14.1,15.0,9.1,38.0,24.8,2.0,2.0,4.0,22.0,15.8,24.0,11.1,3.0,21.0,2.0,19.0,18.6,11.9,12.0,5.1,9.0,32.4,30.3,5.1,11.1,3.0,18.4,14.9,17.8,7.0,18.0,18.6,23.0,22.2,19.0
1772505986.0132513,25.3,4.0,19.4,17.0,6.1,9.2,40.0,14.1,2.0,22.0,20.8,18.8,19.0,24.2,11.1,3.0,35.6,34.3,14.1,14.0,14.1,8.1,21.0,15.3,3.0,2.0,5.0,19.0,18.2,22.8,4.1,8.0,21.8,2.0,21.0,18.0,11.9,12.0,5.0,2.0,22.0,33.7,12.9,3.0,2.0,4.0,11.2,10.1,2.0,18.0,18.4,14.1,15.0,12.2
1772505987.0133443,21.9,1.0,19.0,22.2,8.1,6.1,31.0,24.5,4.0,18.2,15.0,23.0,23.2,14.0,5.9,1.0,31.0,30.0,14.0,13.9,2.0,16.2,13.0,18.8,2.0,2.0,7.1,9.1,18.2,20.0,4.0,12.0,17.0,5.9,22.8,11.9,11.1,10.1,3.0,1.0,29.7,24.0,10.1,3.0,3.0,4.0,12.9,11.9,3.0,17.8,18.0,15.8,17.2,12.1
1772505988.0134351,11.5,12.0,28.0,19.2,6.1,7.0,27.7,33.7,23.0,4.0,21.0,20.2,19.0,4.0,4.1,7.0,34.3,33.0,14.1,15.0,9.0,15.0,17.0,20.0,5.0,3.0,5.0,18.0,25.0,15.2,2.0,11.0,7.1,7.1,13.1,26.0,12.0,11.0,5.0,1.0,26.3,34.7,11.1,2.0,1.0,5.2,11.0,11.0,2.0,17.2,14.0,23.5,18.2,13.1
1772505989.015712,12.4,8.0,16.0,16.0,1.0,5.0,26.3,23.5,15.8,8.0,19.6,21.6,17.0,3.0,3.0,4.0,27.3,29.7,11.8,14.0,11.0,10.0,16.8,10.8,2.0,4.0,12.0,14.1,15.2,17.8,3.0,8.1,5.0,16.0,13.9,22.5,12.9,12.9,4.0,2.0,28.7,33.7,4.0,11.1,4.0,3.0,10.9,12.7,2.0,15.7,20.6,12.9,11.9,13.0
1772505990.0220592,9.3,13.0,23.0,18.8,12.1,6.0,25.7,35.0,12.1,2.0,18.8,24.8,14.9,9.9,6.0,7.9,26.0,28.0,14.9,12.1,12.0,11.9,16.2,21.2,4.0,3.0,15.8,8.0,26.0,21.8,1.0,14.0,9.1,14.7,18.0,22.0,11.0,13.9,8.0,3.0,25.7,25.5,18.2,10.9,7.0,6.1,13.0,11.0,5.0,16.0,23.0,12.0,13.9,20.8
1772505991.022157,7.3,13.1,12.0,14.0,3.0,4.0,25.0,21.2,9.1,14.0,23.2,30.4,4.0,11.0,4.0,5.1,17.0,23.2,11.1,14.9,2.0,9.1,9.1,15.2,2.0,1.0,16.2,5.0,10.0,20.0,1.0,8.0,10.0,13.0,8.0,13.9,10.1,10.0,1.0,2.0,24.8,9.1,8.0,4.0,7.0,6.0,12.9,10.0,7.1,7.1,12.1,8.1,9.2,5.1
1772505992.0260422,22.9,24.0,21.2,22.8,15.0,27.0,21.0,33.0,14.0,11.0,26.3,30.3,15.3,18.0,8.9,10.1,20.0,34.7,16.0,17.2,8.2,17.2,29.0,27.0,4.1,5.1,12.1,19.2,21.0,23.5,4.0,19.0,6.1,19.0,19.6,21.0,10.9,12.0,9.0,3.1,26.3,21.8,11.9,7.1,16.0,9.2,12.0,15.0,16.0,6.1,8.9,7.1,15.8,19.0
1772505993.0261202,6.3,19.4,21.2,20.0,12.4,11.2,24.2,30.7,4.0,19.0,23.8,23.0,21.2,18.0,2.1,3.0,25.3,20.2,12.1,17.8,13.0,2.0,15.2,12.0,8.0,1.0,14.1,8.0,14.1,20.4,7.0,4.0,4.0,2.0,11.1,23.8,10.0,13.7,4.0,2.0,19.0,23.0,6.1,7.1,12.1,13.7,12.0,11.0,21.8,7.1,7.0,10.1,15.2,17.0
1772505994.0262036,5.3,19.6,16.2,19.2,9.1,9.2,22.0,11.1,4.0,6.9,19.8,20.0,15.8,26.3,4.0,4.0,15.0,23.8,8.9,14.1,9.9,12.0,17.2,13.1,7.0,3.0,21.8,4.9,16.0,20.0,16.2,4.0,3.0,3.0,22.8,10.0,10.9,11.0,3.1,1.0,13.1,11.0,11.0,3.0,8.1,8.2,2.0,4.0,3.0,16.8,3.1,9.0,12.1,13.1
1772505995.0269248,6.3,17.2,24.8,28.3,4.0,10.1,18.2,23.2,10.1,14.1,23.0,20.8,16.3,25.3,5.1,8.0,30.0,24.8,14.0,19.0,13.0,10.0,37.0,26.5,5.9,3.0,23.0,4.0,21.2,23.0,9.0,16.8,5.0,4.0,20.8,21.8,13.1,14.0,9.9,4.0,13.0,11.0,6.1,8.1,3.0,8.0,12.1,11.2,14.1,7.1,4.0,16.2,12.0,20.2
1772505996.0270138,10.3,21.8,32.3,23.0,5.1,11.9,25.7,35.6,3.0,4.0,10.2,28.3,21.8,24.8,9.0,2.0,26.0,24.0,16.0,17.2,8.2,16.3,14.0,29.3,2.1,2.0,21.0,4.0,20.6,22.8,9.9,5.1,4.1,4.0,15.0,27.7,12.0,14.0,7.1,1.0,15.0,10.0,8.2,9.0,11.1,7.1,6.0,3.0,3.0,23.8,8.2,7.1,19.4,23.5
1772505997.0331867,12.9,15.2,21.6,12.9,10.8,8.0,17.8,12.7,5.9,3.0,28.2,12.9,18.8,3.0,5.0,4.0,18.6,19.8,11.0,14.6,10.7,9.9,5.9,15.8,3.9,2.9,24.3,1.0,20.8,10.0,3.0,5.9,2.0,1.0,9.8,20.0,9.6,12.7,5.9,9.0,9.0,12.9,7.9,3.0,1.0,4.0,1.0,4.0,3.0,15.7,6.9,4.0,22.8,10.0
1772505998.0339463,16.5,11.0,26.5,27.6,13.4,13.0,27.0,24.5,6.1,5.1,27.3,20.8,19.8,9.9,13.0,11.0,31.3,19.2,15.0,14.3,12.1,14.1,33.0,23.2,6.1,6.2,14.6,12.2,28.6,22.2,6.0,18.2,6.1,5.1,21.2,22.8,13.1,11.1,6.1,15.0,23.0,18.0,17.2,12.1,4.1,10.1,4.0,6.1,13.0,18.2,13.3,8.1,18.0,17.0
1772505999.0384724,4.3,13.0,19.0,17.8,5.1,13.0,22.2,12.0,2.0,2.0,20.0,12.0,9.1,10.0,8.1,8.1,24.2,27.7,15.0,17.6,13.1,16.2,24.2,19.0,2.0,6.9,24.8,22.0,13.0,25.3,5.1,11.0,3.0,2.0,13.0,22.0,9.0,11.0,4.0,3.1,33.0,23.0,12.0,7.0,8.1,4.0,4.0,3.0,14.0,6.1,5.1,8.1,18.0,5.1
1772506000.038568,17.5,8.2,21.4,31.0,24.2,18.6,36.4,28.0,23.8,18.2,39.4,26.3,17.2,23.5,21.2,19.0,28.0,33.3,21.4,22.4,16.2,22.0,45.5,35.4,12.1,8.2,22.7,28.0,31.3,16.8,21.0,3.0,24.0,7.1,26.0,28.7,17.0,12.1,11.1,6.2,46.5,35.6,12.0,9.1,23.0,13.1,19.0,14.9,13.9,22.2,8.1,11.3,15.3,20.2
1772506001.0386536,24.7,0.0,23.0,26.3,16.0,14.3,43.6,19.0,22.2,3.0,41.4,17.2,21.8,22.8,4.0,7.0,24.0,25.3,14.9,12.9,10.1,13.1,23.0,16.0,2.0,3.0,28.7,13.1,27.0,14.0,7.1,2.0,21.2,1.0,25.5,17.0,11.1,12.7,4.0,2.0,39.4,40.0,2.0,14.1,12.0,13.1,10.0,5.1,7.1,13.1,4.0,15.2,18.2,20.2
1772506002.0387354,21.6,5.0,21.4,25.7,15.5,14.1,33.3,26.3,12.1,12.0,30.0,21.0,18.2,26.3,9.0,16.2,24.0,26.7,15.8,14.1,16.0,9.0,20.0,16.8,2.0,3.1,24.5,17.8,19.0,18.4,9.1,7.0,2.0,23.8,20.0,18.8,13.0,10.0,6.0,0.0,29.0,36.6,2.0,11.1,5.1,9.1,9.1,6.1,17.0,5.0,10.0,12.9,21.0,13.1
1772506003.0388234,5.2,16.0,20.0,13.3,5.0,5.0,31.4,22.0,0.0,21.2,17.5,16.2,17.2,20.0,3.0,3.0,22.2,22.0,11.0,14.0,3.1,12.1,19.2,8.2,2.0,2.0,16.2,6.9,16.2,15.8,7.0,1.0,1.0,21.0,15.8,19.0,9.0,11.0,3.0,0.0,29.0,29.4,2.0,11.0,2.0,5.0,7.9,1.0,14.0,4.0,2.0,10.2,21.0,6.1
1772506004.0406432,10.3,12.1,13.1,12.0,3.1,5.0,34.0,20.0,6.0,17.0,15.2,17.2,14.9,20.8,10.0,3.0,20.8,19.2,11.9,11.0,6.9,6.9,10.8,10.9,1.0,2.0,9.9,5.1,12.9,26.0,6.0,4.0,2.0,20.8,6.1,11.0,11.9,9.0,1.0,3.0,24.0,23.0,4.0,3.0,1.0,3.1,1.0,9.9,11.1,3.0,5.1,1.0,10.1,5.0
1772506005.0407255,21.2,5.0,22.0,17.0,3.0,9.0,24.2,21.0,9.0,7.1,23.2,16.7,17.2,21.8,4.0,3.0,18.2,23.8,17.2,11.0,10.1,13.3,8.1,22.2,2.0,3.0,9.2,14.7,13.1,24.5,3.0,6.1,9.1,8.0,17.8,23.3,11.0,10.0,1.0,1.0,23.0,34.3,12.1,0.0,2.0,0.0,4.0,6.9,14.9,8.0,11.0,3.0,21.2,16.0
1772506006.0408108,24.0,29.0,33.7,26.3,12.1,15.5,27.0,23.2,14.0,17.2,13.1,30.3,22.0,28.3,10.2,15.2,29.3,35.0,26.7,26.7,11.2,23.0,37.6,24.2,13.0,5.1,17.8,23.5,15.8,31.7,19.2,6.1,5.0,7.1,19.2,16.2,15.0,11.9,7.0,9.0,25.3,18.2,16.8,18.0,10.1,19.8,6.2,15.3,22.8,11.0,5.2,17.2,21.0,19.6
1772506007.041389,17.0,23.8,21.4,19.8,6.1,4.0,20.0,16.2,12.2,11.1,19.8,19.0,14.1,14.9,1.0,4.0,35.6,33.0,17.0,20.2,14.0,6.0,15.0,16.8,3.0,3.1,14.1,19.2,13.1,27.0,13.1,1.0,2.0,1.0,18.8,21.8,10.1,10.1,2.0,4.0,14.9,27.0,5.1,7.0,4.0,1.0,8.0,15.2,24.0,12.0,14.0,10.0,17.3,16.0
1772506008.0414846,24.0,17.2,18.2,18.2,7.1,5.0,17.2,12.1,14.0,25.7,16.0,22.0,21.0,22.0,4.0,5.1,29.0,32.0,24.0,13.0,8.1,12.1,14.3,20.0,0.0,4.0,12.1,5.0,13.1,20.2,11.0,3.0,2.0,1.0,13.0,19.8,13.6,11.0,4.1,3.0,10.1,19.2,4.0,9.2,6.1,1.0,10.1,10.9,5.1,16.0,14.9,18.4,11.1,14.3
1772506009.0426142,23.4,15.2,20.0,25.0,26.7,8.2,21.8,25.0,4.0,11.1,25.3,24.8,23.0,21.2,10.1,12.1,38.4,34.7,18.2,19.2,11.0,7.1,28.7,29.7,4.0,5.1,16.8,4.0,22.2,25.0,2.0,18.0,5.0,7.0,16.0,20.0,9.2,13.9,6.1,0.0,17.0,19.0,4.0,11.0,15.0,7.1,3.0,2.0,5.1,18.0,14.1,18.8,18.0,11.0
1772506010.0427032,25.0,16.0,23.7,18.4,11.3,12.1,17.2,21.2,2.0,2.0,36.6,23.8,23.2,19.0,6.1,5.0,32.0,31.0,18.0,10.9,16.0,6.0,13.3,21.0,0.0,3.0,22.0,3.1,21.0,19.0,9.0,1.0,2.0,1.0,15.0,18.8,9.0,13.0,0.0,3.0,21.8,31.7,2.0,12.4,11.2,12.1,2.0,3.0,18.8,2.0,14.0,20.2,12.1,16.2
1772506011.042791,16.0,26.3,20.2,20.8,12.5,14.0,24.2,32.0,2.0,3.0,34.3,22.0,10.0,17.0,7.0,4.0,31.0,34.7,15.0,12.9,14.3,9.9,22.2,11.1,3.1,3.0,22.8,3.0,24.0,14.0,11.1,3.0,14.1,4.0,17.0,21.2,10.8,12.1,1.0,5.0,24.2,24.2,8.0,8.0,10.0,11.0,8.1,16.0,18.8,1.0,17.3,20.0,14.1,19.0
1772506012.0436676,18.9,26.0,20.4,27.6,10.0,6.1,32.7,28.4,5.9,4.0,25.3,21.0,5.1,21.2,11.2,5.1,35.4,37.0,17.2,17.2,18.0,11.2,17.2,32.0,5.1,5.1,16.0,11.0,21.2,28.7,11.0,5.2,15.0,10.1,18.8,23.0,11.1,13.0,5.9,4.1,20.0,23.0,16.8,21.0,3.0,6.2,11.9,13.0,20.2,7.8,15.0,24.2,18.0,21.0
1772506013.0471747,29.9,18.0,24.2,30.4,9.1,7.1,32.0,28.0,2.0,2.0,22.0,22.0,6.0,21.8,6.1,2.0,34.7,38.4,15.0,17.0,14.9,15.0,23.8,16.2,10.0,5.0,6.1,22.0,33.3,23.0,14.9,5.0,11.1,15.0,22.8,19.8,10.8,13.0,9.1,2.0,15.0,30.7,3.0,13.3,9.2,2.0,11.9,13.0,15.7,12.2,20.8,17.2,17.0,21.2
1772506014.0493054,25.3,18.0,20.0,17.0,7.1,14.0,37.0,24.0,14.0,18.0,16.0,23.2,13.1,12.2,8.2,8.0,37.6,37.0,15.8,18.8,9.1,20.0,23.2,17.3,12.0,5.0,30.0,14.0,21.8,14.0,10.1,6.1,20.0,3.0,22.0,16.0,13.1,13.0,8.1,6.1,18.8,23.2,4.1,12.9,10.1,8.0,18.2,22.5,14.1,16.8,19.2,19.8,12.1,21.0
1772506015.051989,14.6,29.7,22.8,23.8,7.0,4.0,19.8,19.0,6.1,16.8,21.6,19.8,14.9,8.9,5.0,2.0,30.3,34.0,14.9,12.0,11.9,12.7,31.7,24.3,3.0,2.0,23.0,9.0,14.9,22.0,5.0,6.9,2.0,4.0,24.5,21.6,9.8,13.0,4.0,3.0,21.0,20.8,10.0,2.0,1.0,3.0,11.7,12.6,18.0,4.0,17.8,15.2,12.9,19.0
1772506016.0523899,26.3,19.6,25.5,24.5,28.6,18.6,24.5,19.2,16.3,12.4,23.5,26.3,26.3,14.0,24.5,14.6,42.4,35.1,22.4,22.0,10.2,20.4,26.0,27.8,5.1,11.1,26.3,25.3,37.8,19.4,5.1,19.6,5.2,11.0,23.2,23.5,13.3,16.2,5.2,18.2,35.7,20.0,17.2,16.3,14.6,18.4,11.2,14.3,20.0,5.2,16.2,22.0,18.2,16.2
1772506017.0528777,14.0,25.5,24.8,18.2,15.2,15.3,22.0,19.2,21.8,4.0,36.0,23.8,22.0,20.0,7.1,4.0,29.0,34.7,15.0,16.0,7.0,15.0,17.8,29.4,4.0,2.0,22.0,22.2,27.7,13.9,14.0,2.0,4.0,2.0,15.0,20.6,8.9,13.9,3.0,9.2,41.6,20.0,6.1,13.9,23.0,22.2,11.9,11.9,8.0,12.1,18.2,15.2,20.6,10.1
1772506018.0574176,20.2,25.0,17.2,26.0,16.0,11.0,14.3,24.0,22.0,1.0,33.3,21.6,23.8,20.2,6.1,4.1,35.0,34.3,15.0,15.2,9.1,11.0,21.0,21.0,0.0,4.0,26.0,18.8,23.0,21.2,6.1,5.9,2.0,2.0,24.8,15.8,10.9,11.0,4.1,2.0,35.0,17.0,3.0,12.0,13.1,11.1,10.9,11.1,15.8,6.1,17.2,18.0,20.8,12.1
1772506019.0575004,14.0,28.0,20.8,21.2,9.2,5.0,15.8,22.0,22.0,1.0,19.0,24.0,23.0,19.0,7.8,6.1,33.0,33.3,14.9,13.1,6.0,16.0,14.0,16.2,3.0,2.0,19.0,19.0,25.0,16.7,13.0,1.0,2.0,2.1,17.0,21.0,10.1,12.9,1.0,3.1,21.0,18.0,3.0,11.2,2.0,6.1,11.1,11.1,11.0,12.9,12.0,23.0,18.0,13.3
1772506020.0590022,16.5,19.2,20.4,28.7,5.1,8.1,24.8,26.0,24.2,14.0,19.0,21.0,22.2,21.2,3.1,6.9,36.6,32.0,14.1,16.8,11.1,10.1,27.3,25.0,1.0,2.1,9.1,8.1,26.3,16.3,14.1,3.0,9.9,7.0,19.8,22.0,10.9,12.0,3.0,3.0,38.6,26.3,5.0,12.1,10.1,9.1,18.8,19.8,21.0,8.1,16.8,21.0,18.2,18.0
1772506021.059563,15.8,9.0,26.3,23.5,9.0,4.0,25.7,37.3,14.1,9.0,22.0,21.0,24.8,20.0,2.0,5.1,33.0,34.7,15.8,15.2,13.9,12.1,23.2,24.0,3.0,3.0,17.0,8.1,24.0,19.2,12.1,3.0,1.0,21.2,23.0,20.6,10.0,13.0,4.0,2.0,35.6,24.0,15.2,2.0,6.0,3.0,10.0,10.9,17.8,5.1,12.0,27.0,19.2,18.0
1772506022.0596495,25.5,3.0,22.8,25.0,7.1,6.1,24.2,39.0,11.0,13.1,18.8,23.0,22.8,6.0,5.1,7.1,25.0,27.0,14.1,17.6,10.0,19.8,16.0,17.0,3.0,3.0,11.1,10.1,26.7,17.8,7.1,15.2,4.0,22.8,23.0,21.0,11.0,15.0,5.9,3.0,34.3,27.3,3.1,13.1,4.0,2.0,13.9,11.1,4.0,20.2,14.1,24.2,19.0,21.2
1772506023.0597184,13.5,3.0,17.0,17.8,6.1,4.0,18.2,34.0,13.1,10.0,22.0,16.0,16.2,4.0,4.0,5.1,20.4,20.0,10.0,13.3,4.0,10.3,11.0,19.2,2.0,2.0,31.3,12.0,15.3,18.0,12.9,5.1,3.1,20.8,18.8,17.2,10.0,13.1,2.0,3.0,29.7,16.0,4.0,9.9,4.0,2.0,10.1,12.7,3.1,15.2,15.3,16.0,18.2,8.1
1772506024.0598035,20.6,7.1,29.2,26.7,19.2,17.2,42.0,28.3,9.3,22.0,27.3,22.0,16.2,17.0,19.0,16.0,31.4,28.0,25.0,20.0,23.2,24.8,30.3,29.3,8.2,24.0,16.0,19.4,25.0,35.7,23.0,11.0,6.0,24.0,19.0,22.8,11.0,18.0,8.1,6.1,32.3,18.2,19.4,25.3,13.1,12.2,13.9,13.3,15.0,15.0,13.9,12.2,15.3,19.2
1772506025.0598853,5.3,17.0,25.0,23.5,12.1,18.4,31.0,18.8,10.9,14.0,29.0,28.0,3.0,14.1,5.0,4.0,18.8,25.0,14.0,12.1,7.1,6.1,16.0,23.2,1.0,1.0,3.0,21.8,11.0,18.2,6.1,0.0,9.9,13.9,20.6,11.0,9.0,12.0,2.0,1.0,34.7,22.2,10.1,13.0,8.1,14.1,14.0,11.9,15.0,2.0,16.2,15.0,12.0,13.3
1772506026.0646694,18.2,8.0,24.0,24.0,20.2,20.2,28.0,22.2,6.1,19.2,29.0,27.0,6.0,21.0,11.2,12.0,28.3,24.0,17.2,19.8,11.9,17.8,32.3,37.4,9.0,4.0,6.0,23.8,22.0,24.8,11.9,13.9,20.0,6.1,13.9,22.0,11.0,12.9,3.0,7.1,25.0,35.6,9.9,6.1,17.3,13.1,22.8,20.0,12.0,17.0,10.1,4.0,13.1,13.9
1772506027.0647538,7.2,19.0,20.0,17.2,8.2,10.0,18.2,28.3,4.0,3.0,26.5,16.0,18.2,17.0,8.0,6.1,25.0,28.0,16.2,19.0,12.1,10.0,22.0,26.3,3.0,0.0,14.0,26.0,19.2,23.0,7.1,9.1,19.2,4.0,14.1,19.8,13.9,9.1,5.0,2.0,40.0,22.8,9.2,7.0,9.0,5.0,12.9,14.9,14.1,4.0,4.0,7.1,10.1,15.0
1772506028.066256,6.3,19.0,24.0,20.0,7.9,14.1,33.7,28.7,1.0,2.0,16.2,22.8,21.8,25.0,6.9,5.9,23.0,23.0,15.8,13.0,5.0,15.2,11.9,20.0,4.0,4.0,23.8,20.8,20.2,25.0,3.0,10.9,13.0,11.9,22.0,17.8,12.9,9.9,3.0,2.0,39.0,22.0,16.8,14.9,4.0,6.0,7.0,8.1,17.6,7.1,15.0,7.1,16.8,24.2
1772506029.0684488,12.5,13.0,21.2,21.2,6.0,6.1,33.3,35.0,14.9,9.0,20.2,18.8,21.2,22.8,14.3,9.1,23.2,25.7,15.0,14.9,9.1,15.0,15.0,22.2,2.0,3.0,16.2,28.0,26.3,9.1,1.0,11.0,11.0,12.0,20.6,20.2,12.1,10.0,4.0,2.0,25.0,29.7,8.1,5.1,3.1,6.1,3.0,2.0,11.1,12.9,12.0,8.0,14.4,20.2
1772506030.0690649,14.4,6.0,22.0,17.6,6.9,4.0,26.7,25.7,20.0,2.0,15.7,20.0,16.8,17.8,5.0,3.0,21.6,23.0,13.7,10.0,6.0,6.1,12.0,18.8,3.0,2.0,10.0,26.7,18.6,13.9,6.0,4.0,19.8,2.0,14.9,21.6,10.9,10.9,3.0,3.0,8.9,27.0,4.0,6.9,3.9,4.0,0.0,3.0,14.9,4.0,8.0,7.8,14.9,6.0
1772506031.0712163,8.2,18.0,18.0,25.5,5.1,6.1,27.0,18.2,27.3,8.1,16.2,24.0,18.2,3.1,4.1,4.0,24.8,25.3,14.1,13.3,21.0,4.0,16.2,14.0,4.0,2.0,4.0,21.2,26.5,11.9,7.1,3.0,3.0,4.0,16.2,23.0,11.0,12.0,3.1,4.0,11.1,28.0,2.0,13.0,1.0,5.1,2.0,2.0,12.1,9.1,12.1,3.1,21.0,13.1
1772506032.071768,12.5,14.1,20.0,17.0,9.1,4.0,15.2,15.2,25.7,6.1,23.5,14.0,19.8,4.0,6.9,6.0,25.3,30.7,12.0,16.8,15.0,8.9,18.8,16.2,5.1,5.0,12.0,12.1,19.2,17.8,5.0,12.0,4.1,4.0,19.8,15.0,12.0,10.9,5.0,3.0,18.0,24.2,5.0,12.0,8.0,4.0,13.9,11.9,8.1,11.0,5.1,10.0,7.1,17.0
1772506033.071847,7.3,8.8,20.6,15.8,9.0,5.0,16.7,16.5,11.9,14.7,26.7,18.8,10.9,4.0,2.0,3.0,15.8,26.7,10.8,10.9,13.1,6.9,15.0,18.8,2.0,1.0,16.7,5.0,22.5,12.0,1.0,14.0,1.0,1.0,17.5,13.6,9.8,8.8,3.0,2.0,11.8,12.7,2.0,9.9,0.0,4.0,6.9,3.0,2.0,11.8,8.9,1.0,15.0,11.9
1772506034.0740058,13.3,11.2,24.7,20.2,20.2,20.4,17.7,21.9,14.6,12.4,25.8,32.7,8.2,19.6,7.0,12.4,36.1,30.9,21.2,18.4,8.2,18.6,40.4,39.0,4.1,5.1,15.3,15.2,16.5,30.6,3.1,18.0,6.1,4.1,20.4,16.3,12.4,14.0,3.1,5.2,28.3,33.7,13.3,15.5,22.4,12.2,2.1,19.6,16.3,18.4,8.1,9.3,17.3,16.7
1772506035.0761251,6.3,20.2,24.5,21.2,14.4,18.2,21.0,23.8,15.2,9.0,28.4,32.7,10.1,14.0,4.0,4.1,30.7,27.0,17.0,17.8,10.2,7.1,23.0,17.2,3.0,1.0,15.0,12.1,17.8,22.2,11.0,3.1,1.0,2.0,18.8,22.5,12.7,10.9,2.0,4.0,29.3,29.0,11.1,12.9,13.0,12.0,2.0,2.1,18.0,3.0,9.1,8.0,20.0,16.0
1772506036.076853,10.0,21.2,23.2,25.3,12.0,13.1,26.7,17.2,10.1,13.1,28.0,26.0,12.1,13.3,11.0,10.0,30.0,26.0,13.0,20.4,20.8,21.2,30.3,19.0,3.0,5.0,19.2,21.8,25.3,25.5,7.1,14.0,4.1,5.1,22.0,13.1,11.0,10.0,3.0,3.1,26.0,25.7,4.0,10.0,8.1,12.0,3.0,2.0,4.0,16.2,4.0,12.1,12.2,14.1
1772506037.0775692,20.6,23.2,34.3,21.2,13.3,17.3,35.0,27.3,16.2,30.3,9.2,32.0,19.2,26.7,14.1,14.1,39.4,37.8,15.2,28.7,16.8,17.0,39.2,38.8,5.2,28.3,12.0,21.2,38.4,13.1,11.0,17.0,19.8,12.2,17.0,21.8,13.1,15.2,9.2,6.0,24.0,32.3,10.2,8.1,9.0,10.1,12.1,12.2,16.0,12.1,15.0,21.2,18.2,17.0
1772506038.077663,16.7,27.7,26.3,21.0,24.2,23.0,26.0,30.3,3.0,7.0,17.0,29.3,29.7,15.2,13.3,19.2,44.9,30.7,16.0,18.2,12.2,26.3,32.0,43.6,5.1,8.2,16.3,21.2,28.0,19.2,1.0,20.2,23.0,7.0,15.8,15.2,10.9,14.1,2.0,5.2,25.0,31.0,12.1,18.0,12.2,10.0,6.1,2.0,8.2,17.0,18.2,16.0,10.9,14.3
1772506039.0818574,26.3,25.5,33.7,30.3,28.3,25.8,30.3,42.6,19.0,19.2,37.4,25.7,27.3,28.3,22.2,16.2,45.5,38.8,24.0,24.0,19.4,16.2,32.3,38.0,18.2,6.1,18.0,33.7,28.3,27.0,7.1,22.2,25.0,8.0,27.3,13.0,11.1,14.9,5.1,9.1,45.5,38.6,12.1,13.1,21.2,16.3,19.0,13.0,15.8,22.0,21.0,17.2,15.3,21.2
1772506040.0819414,16.0,25.0,26.3,21.0,13.3,17.8,23.2,33.0,3.1,23.0,26.0,33.3,22.0,20.2,9.0,8.2,31.0,40.0,22.0,15.0,14.0,17.8,37.0,34.7,2.0,14.0,22.0,21.2,17.2,26.3,5.1,20.0,23.0,5.0,14.9,18.8,10.9,12.0,4.1,2.0,38.0,44.4,10.0,7.1,17.3,18.4,15.2,16.2,11.2,17.2,15.8,18.2,15.2,15.0
1772506041.084389,20.4,20.0,19.4,27.7,19.2,6.2,35.0,25.0,6.1,23.2,6.0,33.0,19.2,27.0,15.3,12.9,44.6,31.3,22.4,19.4,21.0,5.1,35.4,33.0,5.1,7.1,13.4,15.2,31.0,22.0,4.0,21.2,21.2,6.0,18.0,17.8,9.0,12.1,6.1,3.0,21.0,36.0,16.0,11.0,8.1,5.0,19.6,17.0,8.0,15.8,13.3,17.0,14.0,14.1
1772506042.0866728,17.7,22.2,15.3,28.3,16.2,22.2,29.0,22.0,9.2,31.0,23.2,18.2,20.0,17.0,9.1,12.2,35.7,37.6,19.0,19.0,13.1,13.0,35.6,37.0,5.0,9.1,23.2,30.7,36.0,13.1,17.2,4.0,10.9,7.1,12.1,22.8,11.0,12.0,4.0,3.1,23.0,41.4,9.0,10.0,14.1,12.2,19.8,27.2,12.0,14.3,12.0,19.2,11.0,14.3
1772506043.0868473,25.5,22.2,23.2,30.0,23.7,30.3,36.0,32.3,5.1,23.0,25.0,36.6,14.1,16.2,22.8,22.2,40.0,41.4,25.0,25.0,16.3,19.4,38.4,38.0,4.1,7.1,27.0,31.6,25.3,30.0,21.4,3.1,7.1,5.1,17.0,21.8,13.0,13.0,2.0,8.1,23.2,38.2,18.0,11.0,24.0,19.6,23.5,21.2,13.1,17.0,16.2,21.0,17.2,19.2
1772506044.0896018,25.5,21.8,19.2,27.0,23.0,13.1,32.3,32.0,12.1,29.3,36.4,21.8,18.0,6.0,5.1,14.0,40.0,33.0,19.2,18.2,31.7,13.0,33.0,26.0,5.9,4.0,28.0,18.0,39.0,14.1,22.2,1.0,4.0,3.0,11.9,18.0,10.9,12.9,8.9,2.0,19.2,20.0,8.1,6.1,13.1,11.0,23.5,29.7,19.0,8.1,13.0,21.8,10.1,14.0
1772506045.0896857,25.5,22.2,31.6,19.2,11.2,16.3,27.8,37.8,14.1,13.4,16.3,21.4,13.4,15.2,21.2,19.2,42.0,39.2,21.2,27.7,20.2,20.8,48.5,45.5,4.1,10.1,24.2,24.2,27.3,19.0,6.1,21.2,6.1,7.0,16.2,17.2,13.1,12.2,6.1,4.1,14.9,14.3,17.2,16.2,13.3,5.2,14.0,16.0,28.0,15.3,18.8,23.5,20.0,15.2
1772506046.0905554,17.7,27.0,29.7,25.0,28.3,30.0,31.3,30.0,7.2,23.8,29.0,22.5,22.0,5.1,33.3,21.6,44.0,35.4,20.4,23.2,20.0,13.3,32.0,33.7,5.1,6.1,23.2,26.3,29.0,27.0,23.0,3.0,7.0,4.1,18.2,16.2,13.0,13.9,5.1,5.1,20.2,20.8,6.1,13.0,14.3,21.8,22.8,24.0,14.3,10.0,17.3,16.2,14.3,15.3
1772506047.0918725,20.8,25.3,30.0,21.2,24.5,22.4,29.3,23.2,21.2,19.0,26.0,33.7,19.2,17.2,20.0,12.1,41.4,35.4,19.8,23.0,16.2,30.0,37.4,46.5,7.0,8.2,32.0,20.0,26.3,20.4,22.2,4.1,6.2,11.3,24.0,21.0,20.2,18.2,6.1,7.1,22.0,29.6,14.3,15.2,23.0,23.7,19.4,15.3,11.1,25.5,22.2,16.0,15.0,19.2
1772506048.0955145,24.0,20.2,25.3,24.2,16.3,21.2,30.3,32.0,9.2,18.2,24.5,33.0,28.0,15.2,19.2,13.1,40.0,37.0,22.0,22.0,19.2,19.4,31.0,42.7,11.0,7.1,26.5,18.2,29.0,30.3,23.8,5.0,14.0,17.8,22.8,19.0,15.2,19.0,7.1,6.1,16.0,30.7,13.4,11.1,15.2,16.2,20.8,20.8,5.1,19.0,13.1,16.7,13.9,19.0
1772506049.0956144,23.7,22.0,29.2,18.4,15.5,12.4,22.2,36.4,21.2,16.0,23.2,15.3,26.3,19.2,13.0,9.3,39.4,33.0,17.2,21.2,26.3,13.4,26.3,41.4,13.3,5.1,16.2,13.5,29.3,30.0,21.2,6.1,14.1,15.3,14.3,21.2,12.0,13.1,6.1,8.0,22.2,29.3,15.2,14.0,13.4,7.1,14.3,14.1,17.2,9.1,20.4,16.0,19.2,19.0
1772506050.09569,24.7,16.8,15.8,14.0,12.9,16.8,23.0,24.8,2.0,0.0,28.7,10.9,23.0,15.2,8.2,5.0,36.0,31.6,11.0,16.8,6.9,12.7,21.8,34.7,2.0,9.0,12.2,12.9,20.4,17.3,12.1,1.0,6.0,18.0,14.9,18.8,10.0,9.0,4.0,2.0,24.0,50.5,10.9,12.1,9.1,17.8,22.8,25.7,14.1,3.1,16.0,14.1,16.3,11.1
1772506051.0963383,7.3,16.0,21.2,20.8,19.6,24.5,34.7,25.7,3.0,4.0,24.5,29.0,22.0,17.8,13.0,19.8,33.7,27.0,13.1,17.2,17.2,14.0,21.0,25.3,3.0,3.0,24.0,12.1,22.8,28.7,18.0,1.0,2.0,9.0,14.1,17.8,11.9,11.9,5.0,3.0,40.6,34.7,5.1,8.1,23.0,18.4,15.8,12.9,13.1,13.1,15.0,14.1,10.0,13.1
1772506052.1004024,8.4,17.0,21.0,21.4,14.3,17.0,29.3,23.0,22.0,16.2,27.7,35.6,15.0,23.2,6.1,13.0,33.0,23.8,21.6,19.0,14.1,7.1,26.0,24.0,6.1,6.1,24.0,9.1,16.0,25.3,17.0,3.0,5.0,6.0,23.8,17.8,13.0,12.0,8.1,4.0,24.2,28.0,5.1,9.1,19.4,23.2,25.0,13.1,21.0,10.0,16.2,18.4,9.1,18.4
1772506053.1024373,5.2,17.2,21.0,19.6,6.9,3.0,23.8,19.2,26.0,6.0,21.2,36.3,17.2,4.0,2.0,5.0,20.0,19.2,11.1,14.7,12.9,7.1,13.1,10.0,2.0,3.0,22.5,5.1,19.0,17.0,6.0,2.0,0.0,3.0,24.2,13.0,11.9,9.0,3.0,3.0,12.7,20.0,5.1,7.9,1.0,3.0,11.0,11.9,20.0,3.0,15.0,6.9,13.9,15.0
1772506054.1032438,15.2,19.0,20.0,23.2,8.1,7.1,18.0,34.0,21.2,1.0,24.8,15.0,12.0,9.0,9.0,3.0,28.3,23.8,18.0,11.1,12.2,7.0,28.0,19.2,2.0,3.0,21.2,6.0,22.0,23.0,8.1,9.0,6.0,7.1,15.7,19.0,8.1,14.0,1.0,3.1,17.2,11.9,12.0,8.2,4.0,7.0,13.0,13.7,14.9,7.0,9.1,4.0,9.1,18.2
1772506055.1045349,10.3,22.0,22.0,29.7,24.7,16.0,33.0,36.0,23.8,5.0,18.0,24.0,16.0,13.1,8.2,8.0,32.7,27.7,17.0,22.0,16.0,15.3,33.7,29.7,5.1,6.1,25.2,10.0,22.0,33.0,16.2,11.0,19.2,8.1,22.2,22.5,15.0,14.9,7.0,6.9,18.8,13.9,16.2,13.1,11.0,7.2,22.8,19.2,10.9,17.0,14.9,12.1,17.0,14.1
1772506056.1093183,5.2,16.2,19.4,17.0,4.0,5.0,33.0,32.7,19.0,4.0,21.0,20.0,3.0,21.8,6.1,4.0,24.2,19.2,12.9,17.8,6.0,13.0,17.2,12.9,4.9,2.0,17.2,5.0,15.0,22.8,5.9,3.0,22.5,2.0,18.8,16.8,10.9,11.1,3.0,1.0,10.0,9.0,3.0,9.9,1.0,5.0,5.0,5.0,15.8,3.0,11.0,4.0,17.2,17.0
1772506057.1109314,5.3,19.8,21.6,20.0,6.9,15.0,35.4,33.0,7.1,14.3,18.8,19.0,15.0,7.1,5.0,2.0,24.8,23.8,16.8,13.0,5.1,14.1,22.8,19.2,4.0,2.0,13.0,15.0,19.0,27.7,1.0,15.0,21.0,0.0,17.8,11.0,11.9,12.7,5.0,0.0,9.0,9.0,6.0,8.1,4.0,8.0,1.0,14.1,11.0,7.1,15.8,9.9,18.2,7.0
1772506058.1110177,13.4,11.1,25.3,23.0,12.1,15.2,33.0,25.3,8.2,17.0,22.0,20.0,17.0,13.7,22.2,7.1,38.0,21.4,22.0,20.0,17.8,13.0,30.0,31.3,5.1,6.0,23.2,33.3,22.2,18.2,6.9,12.1,23.8,5.0,20.6,24.0,11.9,10.1,5.1,4.0,32.0,18.0,10.3,7.0,9.2,9.1,7.1,11.0,18.0,9.0,18.2,14.1,18.8,17.0
1772506059.114684,8.2,15.8,18.6,21.0,19.0,15.2,21.8,16.8,16.0,17.0,16.7,29.4,24.8,14.1,4.0,4.0,21.0,21.8,24.8,13.9,16.0,9.0,19.8,22.5,2.0,2.0,27.0,17.0,20.8,17.8,1.0,15.8,16.8,5.9,21.0,14.0,12.9,11.8,5.9,2.0,47.1,31.4,10.9,2.0,9.9,16.8,2.0,2.0,14.0,7.0,11.0,0.0,7.0,19.0
1772506060.1147761,15.6,11.3,27.6,21.4,16.5,18.2,16.2,19.4,26.0,8.2,27.6,36.0,27.0,20.2,12.2,5.1,29.0,29.0,17.2,17.2,13.1,16.2,35.0,29.0,5.0,3.1,26.0,20.4,28.3,18.4,2.0,16.3,9.1,17.3,17.2,21.0,12.1,11.1,5.1,2.1,34.7,36.4,16.2,13.1,17.2,15.3,11.1,9.1,19.2,6.1,10.1,6.1,21.4,14.4
1772506061.1155865,8.1,20.0,22.0,24.2,9.1,5.0,21.6,23.0,2.0,2.0,36.6,17.2,22.2,21.0,7.1,4.0,24.8,23.0,15.3,13.1,9.0,13.9,33.7,26.0,2.0,3.0,5.9,22.8,28.0,14.9,3.0,11.1,11.0,13.9,19.8,24.0,9.1,12.0,4.1,2.0,34.3,28.0,16.2,6.1,2.0,8.0,7.9,5.0,16.8,9.0,8.1,12.1,19.0,21.8
1772506062.1168427,18.4,19.8,18.0,33.3,18.0,20.8,31.7,18.0,8.0,7.0,22.0,16.0,29.7,15.2,21.0,19.4,33.0,32.3,21.6,22.0,13.0,16.0,32.3,27.0,7.1,4.0,7.1,22.2,25.0,27.6,22.8,8.9,14.9,12.1,24.8,12.9,11.9,13.0,4.0,4.2,31.0,27.7,8.2,6.1,13.1,3.1,16.3,4.0,16.2,14.0,8.0,9.0,13.3,13.1
1772506063.1179242,26.3,16.0,25.3,20.0,12.2,17.0,37.3,22.8,9.0,19.0,20.6,19.8,26.0,19.0,7.0,13.9,45.5,38.6,19.0,19.6,17.8,12.0,29.0,34.0,2.0,5.0,12.0,29.7,12.1,28.0,3.0,21.0,22.0,5.0,12.0,14.9,9.0,11.0,4.0,6.0,32.0,37.4,15.7,12.9,14.9,16.7,8.0,7.1,14.0,5.1,6.1,6.1,10.9,16.2
1772506064.1196785,24.2,12.1,30.0,15.2,25.3,20.4,40.0,15.5,6.1,24.2,24.2,34.3,16.2,17.3,11.1,16.0,34.3,30.3,16.3,18.2,15.3,23.2,39.0,33.0,3.0,5.1,21.4,20.2,28.3,19.2,0.0,21.0,7.1,4.1,19.0,13.3,10.1,10.1,6.1,2.0,37.4,32.3,12.1,5.1,19.6,11.2,13.1,8.1,16.2,9.1,11.3,22.2,13.3,15.0
1772506065.1204107,21.6,20.8,31.3,15.0,19.2,21.0,36.0,19.0,8.1,30.0,24.0,33.0,6.1,16.0,13.0,9.1,34.0,40.6,20.6,20.0,20.8,17.3,36.4,29.0,9.1,4.0,25.7,21.8,30.0,12.1,5.1,20.2,16.0,8.0,13.0,19.8,11.9,10.9,2.0,6.0,38.0,36.0,11.1,8.2,18.2,13.1,24.8,16.8,12.0,8.1,13.0,20.0,17.0,14.1
1772506066.1209974,25.8,30.6,24.5,27.3,19.2,16.3,35.0,30.3,5.1,23.2,19.0,25.0,18.0,8.1,19.4,15.5,40.4,32.3,22.4,22.2,14.3,31.0,35.6,43.4,11.1,9.1,21.4,29.0,17.2,39.0,22.0,4.0,23.0,8.0,13.1,24.8,14.0,11.1,4.0,5.2,26.3,33.0,16.2,12.0,16.3,4.1,18.0,18.0,13.1,17.3,18.0,16.8,12.1,15.2
1772506067.1234124,20.6,28.0,20.6,32.4,13.1,26.0,31.7,28.3,11.1,31.7,27.0,20.2,16.3,10.1,14.1,12.1,34.0,40.6,22.8,22.5,13.0,22.0,32.3,31.7,6.0,25.3,21.8,27.3,13.0,39.4,21.6,3.0,8.1,21.4,20.0,14.0,9.2,14.0,3.1,4.0,34.0,42.4,10.1,10.1,22.8,9.3,19.8,16.8,16.0,6.1,17.0,15.3,8.1,20.2
1772506068.1273332,14.6,27.5,25.5,27.0,24.5,20.2,24.2,26.0,11.3,10.1,27.3,31.7,13.0,13.0,12.1,18.4,35.4,43.0,18.2,21.0,16.2,18.2,43.0,48.5,9.2,8.2,17.0,17.2,18.2,33.7,18.0,5.1,7.0,21.8,15.0,16.3,14.9,12.2,1.0,8.2,28.0,26.0,13.9,15.8,19.0,13.1,18.2,14.0,21.2,11.0,16.2,18.8,12.1,19.2
1772506069.129707,21.2,22.0,22.2,25.0,21.0,28.0,22.4,22.8,12.0,28.0,29.4,26.7,29.0,7.1,13.0,13.9,43.6,31.0,20.0,24.0,13.9,30.0,34.0,23.8,4.0,7.0,19.0,28.0,40.4,8.0,16.8,8.0,6.1,21.0,15.7,19.8,11.9,11.8,3.0,5.1,24.0,20.0,10.1,6.0,13.0,15.0,22.0,20.8,17.0,8.1,19.8,14.0,16.7,14.0
1772506070.1301868,18.6,24.2,18.2,30.0,11.3,17.5,20.4,19.0,9.1,19.4,12.4,25.3,24.5,20.2,20.2,21.2,36.0,40.0,19.8,21.0,13.3,14.3,43.0,38.4,4.0,8.2,31.3,28.3,26.0,21.2,24.5,0.0,5.1,23.0,19.4,13.9,11.3,13.0,3.1,6.1,30.3,39.0,14.3,15.3,13.3,16.2,15.0,14.1,17.2,10.2,16.2,16.3,15.3,9.3
1772506071.1359715,25.0,20.0,20.4,35.0,27.0,20.8,23.0,28.0,17.8,19.8,27.7,20.8,24.8,24.0,9.1,15.3,41.4,35.0,22.0,22.0,15.0,11.9,43.0,33.3,7.1,4.0,25.0,23.0,27.0,45.0,21.0,6.0,14.1,15.0,13.0,24.2,12.9,13.0,6.1,8.0,39.6,42.6,12.1,5.0,14.4,20.4,25.0,19.0,17.8,23.0,16.0,20.2,13.1,20.2
1772506072.1399167,21.0,23.8,23.5,27.3,20.4,24.2,11.9,26.0,10.2,23.8,22.2,34.7,18.0,26.7,14.0,14.1,46.0,32.3,18.8,20.0,11.0,27.0,40.0,38.2,7.0,5.1,31.7,26.0,27.0,15.0,11.0,13.9,9.0,18.0,20.8,14.9,12.7,11.1,5.0,6.0,30.0,38.0,16.0,12.0,16.2,17.0,16.8,13.9,10.0,12.1,16.0,18.0,10.0,20.0
1772506073.141065,24.2,22.4,33.0,21.0,16.2,20.0,28.3,33.0,7.0,10.3,31.7,25.3,15.2,7.1,11.3,17.3,36.3,45.5,20.4,18.2,14.1,22.2,32.0,33.7,1.0,8.2,22.2,24.0,22.0,30.0,21.2,0.0,12.9,15.2,18.0,15.8,11.1,12.0,5.1,1.0,26.0,33.3,10.1,8.1,10.2,2.1,18.8,18.8,19.2,14.0,16.2,18.0,19.0,13.0
1772506074.1418664,21.2,21.0,22.2,28.3,24.2,14.3,29.6,30.7,12.1,17.0,18.4,19.0,17.0,19.0,19.0,16.2,34.3,35.6,20.0,21.8,21.2,7.0,28.7,39.6,6.1,6.0,15.0,16.2,31.3,16.2,22.8,2.0,19.0,12.0,19.8,17.2,11.2,10.1,7.1,3.0,40.0,37.6,12.1,16.0,17.2,21.0,21.8,19.0,17.0,9.0,14.7,18.4,17.2,16.0
1772506075.141953,22.9,21.2,30.4,23.5,21.0,25.0,29.3,35.4,14.3,11.1,26.0,27.7,19.6,25.7,13.1,14.1,41.4,36.0,21.0,19.4,22.0,9.1,35.4,45.0,4.0,3.1,26.5,20.4,26.3,27.3,18.4,4.1,20.2,4.1,13.1,16.0,10.9,15.0,2.0,4.1,30.0,40.0,12.1,9.1,16.3,16.3,32.3,20.0,13.1,15.5,18.0,16.0,10.1,19.4
1772506076.1432025,30.9,16.8,29.9,20.0,19.4,17.5,19.0,31.0,11.0,27.6,38.0,21.4,21.8,25.3,11.2,12.2,40.0,36.7,20.0,23.0,16.8,21.2,29.3,35.0,6.1,5.2,11.1,32.0,22.8,23.0,20.2,6.1,3.1,8.2,21.0,15.0,10.1,13.0,9.1,4.1,34.3,33.3,15.2,10.2,19.2,16.2,17.0,15.0,8.0,15.0,17.3,15.3,10.2,17.0
1772506077.1501837,20.8,16.2,24.5,26.7,17.8,20.8,21.8,26.2,6.9,25.2,28.7,28.4,25.7,25.7,17.8,27.5,31.4,32.4,19.6,25.5,20.2,13.0,47.1,32.7,26.7,14.6,8.0,25.5,21.8,28.2,21.6,3.0,8.9,25.5,15.7,22.5,12.7,12.9,5.0,5.0,35.9,39.8,12.9,12.0,19.8,22.8,21.4,21.6,19.6,13.0,15.8,24.8,19.6,15.0
1772506078.150739,18.9,5.1,27.6,26.7,24.7,23.5,29.6,29.6,12.2,27.6,17.3,19.2,25.3,18.4,14.6,10.2,30.3,32.3,19.0,20.2,21.4,19.4,30.3,30.6,26.0,4.2,9.1,21.4,18.6,29.9,21.4,3.1,5.2,23.2,25.0,11.2,14.1,11.1,8.0,8.2,25.5,44.4,9.3,15.2,20.4,24.2,13.3,12.1,15.6,9.3,17.2,17.5,15.3,12.5
1772506079.151201,13.4,16.2,22.2,34.0,21.4,25.5,34.3,36.0,14.3,21.8,26.0,35.0,31.0,19.2,22.0,11.2,40.0,31.0,21.2,21.2,23.2,18.2,40.0,50.0,5.0,6.1,21.2,28.7,20.2,35.0,10.1,15.2,6.0,21.8,18.0,17.8,14.0,22.2,4.0,6.1,19.0,33.0,15.0,14.1,15.3,16.3,19.0,30.7,18.8,13.1,27.3,33.7,15.0,20.0
1772506080.152581,8.2,14.3,18.4,29.0,11.2,16.0,23.2,36.0,20.2,12.4,21.2,35.0,21.0,18.4,15.0,7.1,31.6,29.7,23.0,19.8,18.8,18.2,24.2,39.2,5.1,3.1,17.0,10.3,29.0,19.2,2.0,21.0,6.1,22.2,13.0,23.0,8.9,12.9,4.1,5.9,21.4,18.2,8.1,11.2,8.1,14.0,15.8,15.0,5.1,14.1,12.1,9.1,17.0,12.2
1772506081.1537616,22.4,19.0,24.5,22.0,15.3,23.0,31.3,28.7,15.2,15.8,20.4,28.0,21.2,21.2,13.3,22.8,29.3,38.4,20.0,18.2,24.2,18.2,34.0,29.7,4.0,6.0,14.1,32.0,16.2,39.6,3.0,22.0,6.1,20.0,16.0,14.9,9.0,13.0,6.0,1.0,36.6,38.6,14.0,10.9,12.0,11.1,16.0,12.1,16.0,16.0,6.1,6.0,14.3,12.9
1772506082.158872,20.2,24.8,29.3,27.7,25.5,23.0,37.0,20.0,18.2,14.3,17.2,23.8,24.0,24.8,16.2,12.1,40.6,40.0,20.0,23.0,13.0,19.6,45.5,29.3,8.1,8.1,27.3,27.3,27.3,22.4,20.0,6.1,17.3,13.0,18.0,19.2,13.1,15.0,6.1,6.2,31.0,49.5,10.1,11.2,26.3,12.1,10.2,12.1,30.7,26.7,10.1,7.2,18.2,16.3
1772506083.1605458,29.9,32.0,33.0,20.8,23.0,23.7,40.2,31.3,22.2,15.0,24.8,31.0,27.0,24.0,14.0,19.2,39.4,38.4,18.2,23.0,25.3,21.0,36.3,33.3,9.1,7.0,38.6,31.0,28.0,30.0,23.5,5.1,12.2,8.1,22.0,15.8,13.0,15.0,7.1,5.1,34.7,36.0,14.0,18.0,20.2,15.2,7.0,6.1,14.1,17.0,9.1,7.9,17.2,13.1
1772506084.1634123,20.2,23.5,30.0,26.3,14.1,15.0,34.7,21.2,7.1,7.1,37.0,26.0,20.2,9.1,10.2,14.9,36.0,40.6,24.2,17.8,18.0,19.2,37.6,38.2,5.1,6.1,17.0,17.2,24.2,22.0,22.0,3.0,6.9,6.0,19.8,16.0,12.0,15.0,5.1,10.1,31.3,32.0,8.1,11.9,7.1,11.1,15.0,16.7,16.2,26.3,11.1,8.2,15.0,14.0
1772506085.1658885,22.2,22.8,20.0,29.7,21.0,15.2,18.2,18.2,18.0,13.1,24.2,18.4,16.0,13.3,17.2,11.3,39.0,33.3,24.8,16.0,21.8,14.1,25.5,32.0,4.1,5.1,6.1,4.1,29.3,26.0,5.1,19.2,4.0,5.1,21.0,17.3,12.9,13.0,6.9,7.1,28.0,39.6,14.1,15.3,6.0,14.1,5.1,12.1,21.0,28.6,15.0,15.2,10.1,16.2
1772506086.1694899,15.1,24.8,20.2,28.3,19.6,23.2,16.2,18.2,4.0,20.2,15.8,22.0,26.0,18.2,16.2,16.2,35.0,38.0,21.2,14.0,5.1,16.0,38.0,40.0,4.0,27.3,21.8,21.8,23.0,23.0,1.0,21.0,5.1,3.0,17.8,13.9,11.9,10.9,5.0,2.0,30.7,47.5,6.1,11.0,18.0,15.0,17.0,23.8,6.1,20.0,16.0,17.2,12.0,11.2
1772506087.1703951,27.3,14.1,15.3,30.7,24.2,20.0,24.0,19.6,11.1,29.7,22.0,27.0,22.0,20.0,11.0,16.2,42.6,24.8,16.2,18.8,11.0,12.1,28.6,40.0,5.2,0.0,28.3,22.2,18.2,26.5,10.9,13.9,13.0,4.0,18.2,14.1,9.1,12.0,4.1,2.0,29.3,36.4,14.0,10.1,17.3,15.2,13.0,15.0,16.8,7.1,16.0,16.2,11.1,15.3
1772506088.1704812,19.4,22.2,15.2,25.0,15.3,17.2,17.0,15.2,5.1,24.0,32.7,26.3,25.7,20.0,7.2,10.2,37.4,32.0,16.0,19.2,15.2,12.1,29.0,32.0,5.9,9.0,24.2,22.2,22.0,22.0,20.6,4.0,15.2,14.1,13.1,20.6,10.1,11.1,3.0,6.1,25.0,23.0,12.1,11.0,7.1,13.1,20.0,18.0,9.2,15.2,12.1,17.2,11.1,14.0
1772506089.171105,23.2,26.0,33.3,27.0,27.3,27.3,38.0,34.7,23.0,32.0,24.5,27.0,25.3,23.2,27.3,24.2,46.0,37.8,19.4,24.2,20.0,17.3,39.2,41.4,6.2,7.0,34.7,35.0,29.0,35.4,23.0,3.1,16.2,14.0,15.2,26.0,13.9,15.0,8.0,9.1,36.0,31.0,16.0,14.0,21.4,14.0,20.8,15.2,16.0,14.1,18.8,20.0,14.3,22.2
1772506090.172523,21.4,24.0,28.0,20.2,20.4,26.3,31.6,23.8,11.1,19.2,19.2,22.7,24.0,21.0,10.1,15.0,33.3,37.0,19.6,19.2,13.3,15.2,34.7,29.6,6.1,7.1,29.3,28.3,33.7,28.3,22.8,8.2,6.1,22.2,12.9,14.0,8.2,11.1,7.1,5.1,42.4,31.0,13.0,14.1,14.1,19.0,18.2,21.8,13.1,16.0,14.3,14.4,9.1,10.3
1772506091.174723,26.8,18.0,28.6,18.2,20.0,19.4,37.6,24.2,26.0,11.1,29.0,30.4,23.2,38.0,21.4,7.1,31.6,46.0,17.0,23.0,20.2,18.0,34.7,42.0,8.2,3.0,29.0,19.0,30.3,28.3,18.0,9.1,7.1,8.1,15.0,20.2,13.0,20.0,5.1,10.1,24.2,33.3,13.1,8.2,21.2,13.1,13.1,13.1,10.0,13.3,18.0,18.0,16.3,12.0
1772506092.1771302,17.3,24.0,25.5,25.0,18.2,16.2,29.7,16.2,17.0,18.0,34.0,20.0,27.3,25.0,10.9,14.1,34.3,42.6,16.0,21.2,18.0,18.0,37.3,29.7,3.0,21.2,16.5,19.2,38.6,5.1,22.0,1.0,6.1,13.9,15.2,18.8,10.9,13.0,3.1,6.1,20.2,30.7,12.1,15.0,10.2,3.1,18.8,20.6,12.0,12.9,18.2,16.3,12.9,16.2
1772506093.1778944,20.0,24.0,23.5,25.0,20.6,13.1,15.3,24.0,19.0,11.1,18.0,24.2,28.7,18.4,14.4,22.0,46.9,40.4,21.8,18.8,17.0,19.0,43.4,31.0,9.1,3.1,14.1,15.2,41.4,12.0,14.1,17.2,7.1,21.2,21.8,13.9,12.0,12.0,5.1,20.2,36.4,33.3,8.9,8.0,17.2,12.2,12.0,13.1,7.2,14.1,14.1,21.0,13.0,12.1
1772506094.1779606,20.6,23.2,32.0,17.2,24.8,20.2,21.2,39.6,19.4,11.1,6.1,34.0,19.2,24.0,9.1,17.2,44.6,43.4,20.2,24.5,14.1,11.1,42.0,41.0,4.0,4.0,17.2,21.8,13.0,26.0,20.2,4.0,6.0,22.8,18.8,16.2,10.9,11.1,3.0,6.0,42.0,29.7,17.0,15.2,16.2,15.2,22.5,20.0,16.0,12.0,20.4,15.0,17.0,12.1
1772506095.1780477,24.0,13.1,27.0,16.0,15.8,21.4,35.0,21.0,4.0,2.0,32.7,22.8,13.1,26.7,13.1,13.1,41.8,38.0,18.0,23.8,10.1,16.2,28.0,25.5,4.0,6.1,5.1,8.2,30.0,20.8,4.1,17.0,5.1,22.2,17.3,10.0,9.2,12.9,4.1,3.1,32.3,25.3,4.1,9.0,15.0,14.4,12.1,14.9,9.0,8.3,16.0,16.3,11.1,18.4
1772506096.178134,7.4,14.1,18.4,29.3,19.2,17.2,35.0,30.3,10.2,30.0,26.5,32.7,14.3,14.1,10.1,12.0,28.0,30.7,20.0,23.8,22.0,11.9,39.4,32.7,6.0,13.0,8.1,6.1,16.0,31.3,1.0,21.2,4.1,22.0,16.2,19.8,12.9,12.0,6.1,2.0,36.0,39.6,12.0,13.1,12.2,4.0,21.0,18.0,13.9,17.2,17.8,16.0,14.1,14.1
1772506097.1782033,7.2,17.8,16.3,30.7,16.0,9.2,28.0,25.0,5.0,23.2,21.2,16.8,15.2,6.1,13.0,13.3,28.7,25.3,19.0,17.0,21.0,20.2,29.3,30.7,3.1,3.0,15.2,27.0,24.5,27.3,2.0,22.0,3.0,23.0,17.2,13.0,13.0,9.0,5.1,1.0,33.3,42.9,10.1,8.0,12.0,7.1,11.9,13.0,4.1,18.0,14.0,15.0,14.0,11.1
1772506098.179585,6.3,13.0,27.7,15.2,25.5,21.8,35.0,28.7,4.2,23.2,21.0,19.2,21.0,23.0,13.0,17.2,29.0,33.7,22.8,20.0,16.2,15.2,35.3,33.3,6.0,2.0,23.2,22.0,17.8,24.0,1.0,21.2,6.1,19.8,22.8,14.9,8.9,12.9,6.1,3.0,30.0,32.3,6.1,8.0,25.0,25.3,19.0,17.6,10.0,16.2,12.1,22.0,14.3,13.1
1772506099.1833756,8.2,14.9,24.5,22.8,23.2,22.0,35.6,19.0,12.7,30.7,21.0,36.3,20.8,24.8,11.2,12.0,31.0,25.7,16.2,22.8,25.0,15.7,43.0,39.0,5.1,3.0,17.8,28.7,24.2,20.0,3.0,22.5,8.0,16.8,13.9,20.0,9.1,11.0,4.0,5.0,25.0,14.9,12.1,15.0,18.0,25.7,13.0,13.0,16.8,7.0,20.0,16.2,18.8,13.1
1772506100.1858253,14.4,15.3,22.0,29.0,14.1,13.3,35.7,31.0,6.2,22.2,25.0,35.4,22.4,24.2,15.0,8.2,33.3,32.3,18.0,17.0,10.1,14.1,23.0,33.0,4.0,4.0,39.0,21.4,24.0,23.2,3.1,20.2,11.1,15.2,23.0,9.1,13.0,10.0,3.0,3.1,25.7,23.0,9.8,11.0,6.1,13.3,20.8,28.0,11.2,14.0,23.0,25.3,13.1,16.3
1772506101.1871002,20.4,22.8,21.2,22.0,17.2,15.0,14.0,18.0,13.0,21.0,32.0,21.8,17.0,25.5,12.0,11.9,39.4,29.3,15.0,20.0,13.0,16.2,26.3,41.0,3.1,4.0,28.7,8.1,26.0,18.8,16.2,7.0,13.9,13.9,25.0,10.9,11.0,11.0,4.0,4.0,21.0,37.0,13.3,8.0,6.1,8.0,12.0,12.9,14.9,5.1,11.1,16.8,10.0,16.0
1772506102.1876688,18.1,18.4,29.3,20.8,20.6,24.5,17.3,19.4,12.1,11.0,19.0,23.0,22.2,24.5,20.2,15.5,39.4,34.0,19.2,18.2,27.0,10.1,29.0,34.0,6.2,7.1,24.5,15.0,21.0,25.5,22.0,1.0,20.2,5.1,18.0,19.2,12.0,10.1,5.1,4.1,11.2,29.3,9.2,11.2,14.3,22.4,19.8,18.2,18.2,13.1,4.1,7.1,7.1,15.3
1772506103.1888433,24.5,17.8,29.7,16.2,23.2,21.0,20.8,15.0,3.0,5.0,26.0,31.3,18.2,17.8,12.1,6.0,37.0,31.0,18.0,18.0,25.5,26.0,45.0,31.6,3.0,5.0,26.0,17.2,23.5,24.8,20.8,1.0,5.1,4.0,16.0,9.1,8.2,9.9,3.0,5.0,18.2,28.3,9.1,4.0,19.0,11.1,9.0,10.9,4.0,11.1,6.1,6.1,15.0,10.0
1772506104.1902595,17.5,30.3,21.2,28.3,23.0,16.3,24.0,18.4,12.2,12.1,36.0,26.0,7.1,19.0,11.1,16.0,39.6,36.0,24.0,19.8,12.0,20.0,32.0,40.8,4.1,4.0,23.0,24.2,23.8,21.2,18.2,5.0,5.1,16.2,19.8,16.0,11.9,10.1,7.1,4.0,41.6,31.0,16.8,17.8,8.0,13.1,14.4,23.2,19.0,13.9,7.0,9.2,12.1,17.3
1772506105.1903405,18.9,19.0,21.4,20.8,13.1,19.0,19.0,15.0,2.0,5.0,17.3,21.0,13.1,5.1,14.0,9.3,40.8,36.0,17.2,19.2,16.3,6.1,25.3,30.0,4.0,10.1,22.0,24.2,21.4,25.3,1.0,21.8,5.1,22.8,17.2,15.2,13.9,11.1,7.0,5.1,32.0,35.4,5.1,8.2,6.2,8.2,10.9,22.8,13.1,12.4,11.2,14.9,15.2,14.1
1772506106.1904297,25.3,16.2,28.3,22.4,21.4,24.5,26.3,33.7,8.1,8.2,19.0,20.4,17.2,4.1,16.3,20.0,42.0,35.0,18.2,23.8,9.1,21.0,44.0,37.4,3.0,3.1,18.4,26.3,19.0,26.3,0.0,19.4,4.0,22.2,12.0,21.0,11.2,10.1,4.0,4.1,26.0,30.3,12.4,9.1,23.0,20.8,12.2,13.3,17.0,12.0,13.3,19.4,15.3,14.9
1772506107.1918106,20.6,24.0,19.0,28.7,18.2,22.0,31.3,27.6,12.0,27.0,21.2,31.7,17.0,15.0,9.2,18.0,43.0,29.7,13.1,24.2,10.0,16.2,39.0,34.3,5.1,9.3,5.1,23.0,11.9,40.6,2.0,23.2,5.0,24.5,10.1,20.8,11.9,12.1,8.1,7.9,33.0,36.6,15.0,15.2,17.3,13.3,32.0,13.1,6.0,16.2,17.0,15.3,14.9,13.1
1772506108.1951375,22.7,17.0,16.3,28.4,19.2,9.2,28.3,31.4,15.3,12.1,22.2,32.0,16.2,8.1,14.1,8.1,34.3,35.7,22.8,17.2,25.5,15.0,27.7,40.6,4.0,5.0,22.5,26.0,6.1,34.3,21.0,3.9,4.1,22.2,10.0,19.8,12.0,11.9,3.1,5.1,33.0,31.7,9.1,7.1,11.1,2.0,14.9,16.0,15.0,11.1,17.8,16.0,10.0,15.3
1772506109.1968186,27.8,13.0,24.0,22.2,26.0,19.8,25.3,20.8,12.9,28.0,20.8,24.0,25.3,18.2,5.1,15.8,43.4,29.7,15.0,20.6,16.8,20.2,28.6,33.3,2.0,5.1,10.2,33.0,27.0,22.2,4.0,20.2,10.0,15.0,15.8,13.1,9.1,12.0,3.0,6.1,34.0,22.4,11.9,14.9,16.3,4.1,22.2,20.0,16.2,6.1,17.2,15.8,8.2,17.2
1772506110.2010887,28.1,18.8,18.2,27.7,21.6,23.2,24.2,16.3,3.0,8.0,20.0,17.2,26.3,18.0,19.8,16.3,35.6,37.4,19.2,21.4,18.2,12.0,26.2,36.6,5.0,26.3,22.0,25.0,22.8,25.7,5.1,22.0,8.2,16.8,18.8,22.8,13.7,19.2,6.1,6.9,28.0,15.8,8.9,8.2,24.8,17.2,13.7,13.9,15.0,16.0,20.0,17.3,14.0,17.0
1772506111.2054791,24.2,18.8,35.6,19.2,16.2,13.1,24.8,32.7,14.1,10.0,24.0,27.2,19.6,23.0,12.0,13.9,37.6,37.0,17.0,17.8,18.8,12.1,41.0,48.0,1.0,16.2,26.0,38.4,16.2,27.7,3.0,20.8,15.0,12.0,14.0,17.6,11.0,10.9,8.2,3.0,35.6,26.0,13.1,15.8,11.0,19.2,19.8,18.6,7.0,16.0,12.9,20.6,13.1,14.0
1772506112.2112963,25.5,15.0,28.3,15.2,21.0,13.1,24.2,38.0,24.0,6.1,34.0,21.4,18.4,7.1,12.1,10.1,37.4,28.7,17.6,19.2,19.2,14.9,27.3,29.3,5.9,7.0,20.0,29.7,28.3,15.0,1.0,22.0,14.1,11.1,12.1,16.0,11.1,11.0,6.1,2.0,48.0,29.7,11.9,9.0,10.1,6.0,15.0,11.2,17.2,10.0,16.0,17.0,11.2,13.1
1772506113.2167294,18.9,21.8,27.3,19.0,22.2,24.0,29.0,21.8,25.0,5.0,27.5,24.0,20.6,7.0,12.1,6.2,28.3,41.0,16.0,18.0,25.7,19.0,40.2,31.7,3.0,4.0,27.0,9.2,7.9,32.7,2.0,20.8,21.0,6.0,11.0,10.1,8.9,10.0,4.0,2.0,39.6,24.2,13.0,13.1,8.2,13.1,17.8,20.8,4.0,12.1,13.9,19.0,14.9,8.1
1772506114.2179735,18.2,23.0,26.0,21.8,20.4,21.4,29.0,33.0,16.2,23.0,18.4,20.0,22.2,22.4,21.0,19.2,37.0,40.0,19.8,19.8,24.5,37.0,32.3,33.7,4.0,2.1,12.1,15.2,21.2,29.3,1.0,21.2,5.0,5.1,20.0,13.0,10.0,11.1,5.1,3.1,22.2,37.0,9.1,11.0,22.4,15.3,13.0,15.5,15.0,9.0,14.3,17.2,10.2,16.2
1772506115.2186542,19.8,7.1,24.0,22.4,17.2,14.0,25.3,32.0,21.2,2.0,20.8,24.2,18.0,26.7,9.1,12.2,34.0,32.0,21.4,14.0,19.2,32.3,30.0,34.0,13.3,5.0,26.0,19.4,33.3,9.1,5.1,21.2,8.2,15.2,18.0,22.0,18.0,12.9,8.1,6.1,34.3,42.6,7.1,9.2,14.1,14.1,16.2,16.2,9.2,13.0,17.3,15.0,14.0,15.5
1772506116.219844,17.8,12.9,30.3,18.0,12.4,18.0,31.0,30.3,22.0,17.2,36.0,22.0,16.2,28.3,16.2,14.0,34.7,28.3,16.0,20.2,15.8,14.1,36.6,43.0,6.0,5.9,21.0,26.0,25.5,27.0,2.0,21.0,23.8,6.0,18.8,17.8,16.0,10.9,7.0,5.0,45.0,29.7,13.1,17.8,5.1,14.0,17.0,14.1,13.0,19.2,20.0,16.0,17.8,14.0
1772506117.2241278,11.1,15.2,24.8,28.0,28.3,25.3,20.0,33.7,21.0,8.0,25.0,35.0,21.0,22.8,8.1,10.1,35.0,20.2,17.8,18.0,10.0,14.9,30.0,34.0,3.1,3.0,6.1,22.2,33.0,12.0,0.0,22.8,22.2,3.0,25.0,9.9,11.0,13.1,3.1,4.1,19.2,24.0,5.1,9.1,16.0,10.1,13.9,12.7,6.1,15.0,13.9,17.8,17.0,10.9
1772506118.2269576,10.2,14.1,18.8,27.3,22.4,19.2,24.2,37.0,16.3,15.3,18.2,20.0,17.0,26.7,20.2,18.8,21.4,33.7,23.0,21.0,20.8,16.2,28.0,36.0,5.1,4.0,25.0,22.0,23.0,29.3,15.2,7.1,22.0,6.0,15.8,17.2,11.0,12.0,3.0,6.0,26.0,17.5,15.0,12.1,21.4,19.2,19.2,20.0,20.0,10.1,17.3,15.3,20.0,9.2
1772506119.2312868,18.6,9.0,22.2,21.0,17.8,7.1,20.0,29.3,21.0,15.0,24.5,19.8,14.0,28.0,7.9,10.2,20.8,35.6,18.0,17.8,16.0,5.9,36.0,32.7,5.0,12.0,20.8,24.8,21.2,19.8,17.0,6.9,23.8,4.0,20.2,7.9,11.9,9.1,5.0,6.0,38.0,18.6,11.0,6.9,22.2,12.2,13.7,21.8,11.1,5.0,13.9,17.0,10.1,7.0
1772506120.2320454,16.0,24.0,22.7,30.3,22.7,19.4,33.7,29.0,16.0,3.1,27.3,30.0,23.0,22.2,9.2,19.4,31.3,45.5,21.2,22.2,21.2,17.2,32.3,39.0,5.1,18.4,31.0,19.0,21.0,29.3,4.0,22.2,15.2,16.0,17.6,21.4,12.2,12.1,6.2,1.0,36.7,32.7,15.2,11.2,18.6,13.1,20.2,20.0,17.0,21.6,16.3,20.0,14.3,19.4
1772506121.2325552,31.2,18.4,37.0,25.0,38.0,35.4,24.0,28.0,15.3,13.4,33.0,31.0,24.2,28.3,14.1,17.2,41.4,41.4,32.3,25.3,21.2,15.2,40.4,44.0,13.1,7.1,31.6,23.7,38.4,22.2,20.4,6.1,23.2,8.1,21.4,22.8,18.8,15.8,13.0,8.1,40.4,25.0,17.5,16.2,21.2,24.5,17.0,15.2,20.2,14.9,26.3,18.4,27.0,17.3
1772506122.241421,25.3,17.8,27.5,23.8,17.3,21.8,26.0,26.3,10.0,17.6,17.0,16.2,22.0,17.0,14.9,17.8,33.3,45.5,18.6,13.0,21.2,8.9,36.5,19.0,5.1,4.0,34.0,34.3,29.0,26.3,19.0,16.0,21.8,9.1,17.0,14.0,20.8,16.8,4.0,6.0,28.4,22.0,9.0,8.1,14.9,22.0,25.0,17.8,11.0,9.1,26.5,17.0,7.9,21.8
1772506123.241502,19.6,26.7,25.5,26.3,14.3,11.2,26.0,29.0,19.0,22.2,21.4,20.0,21.2,31.7,9.2,15.3,39.8,32.7,21.2,19.0,15.8,18.2,35.4,38.4,7.1,5.1,20.2,28.3,23.0,32.0,5.1,22.0,12.1,17.2,13.1,17.0,14.0,13.1,7.1,4.0,30.3,38.0,16.3,15.0,7.2,5.1,15.8,14.1,21.4,16.3,18.2,15.0,14.3,17.2
1772506124.241587,18.1,20.2,23.2,18.4,20.4,14.1,32.3,22.2,26.5,5.1,31.7,24.0,13.1,18.4,7.0,17.2,33.0,40.4,26.3,21.0,22.4,22.2,27.3,39.0,5.0,1.0,19.8,25.3,35.6,17.2,1.0,21.2,10.2,15.0,14.9,18.2,11.1,11.9,5.1,2.0,33.3,25.0,5.0,9.0,11.9,5.1,8.2,7.1,11.0,14.0,14.3,5.1,10.1,12.1
1772506125.242457,22.4,23.0,20.6,33.3,30.0,25.5,36.0,23.0,24.8,7.0,34.0,25.0,11.1,15.3,10.0,15.0,37.4,37.6,20.0,21.0,15.0,20.6,31.0,37.4,3.1,6.1,20.2,9.1,30.0,17.2,7.9,23.2,6.1,20.2,21.0,15.8,13.1,11.1,6.0,6.1,25.0,28.3,17.2,17.2,28.6,23.0,13.9,18.2,18.2,13.1,10.9,8.2,36.4,20.0
1772506126.2425363,24.0,22.4,28.9,18.0,19.8,23.5,35.4,21.4,29.3,12.2,32.0,32.7,21.2,23.2,20.2,20.4,40.4,39.4,22.0,18.4,20.4,27.6,36.4,45.5,3.1,5.2,16.3,22.2,27.3,22.0,5.0,21.4,4.1,5.0,17.0,23.2,12.2,13.1,2.1,6.1,31.0,37.0,8.1,10.1,27.3,17.5,3.1,4.0,19.2,20.4,10.2,8.2,22.2,16.2
1772506127.2436566,29.6,16.0,19.0,26.5,9.1,16.0,35.0,29.4,13.1,12.0,17.2,21.8,22.8,21.6,20.2,10.1,39.0,30.0,19.2,20.0,9.1,23.0,30.7,24.2,7.0,19.4,22.8,28.0,23.2,23.8,2.1,24.5,5.9,16.8,19.0,14.0,10.0,13.9,6.1,5.1,39.0,40.4,7.1,11.0,7.1,9.0,12.9,13.9,6.0,14.9,19.2,13.9,19.0,12.0
1772506128.2437475,30.2,16.2,23.7,25.0,14.3,21.2,34.3,25.5,16.0,17.2,30.0,28.7,31.0,16.2,20.0,15.2,32.7,46.5,23.8,17.8,23.5,21.2,33.0,34.0,21.0,6.0,24.2,18.2,27.3,22.0,21.0,3.1,14.3,18.0,13.1,20.0,13.1,11.0,7.1,4.0,40.4,32.0,19.2,14.1,9.1,10.1,12.2,6.1,15.2,25.5,14.0,21.0,16.2,13.4
1772506129.246596,23.5,21.0,32.0,21.8,28.0,25.0,35.0,25.7,11.1,21.2,35.0,22.0,25.0,23.0,7.1,13.1,35.0,42.6,24.0,16.2,13.9,20.0,45.5,41.0,14.0,5.1,22.4,11.1,23.5,28.3,20.0,2.0,24.8,19.2,16.8,19.8,13.7,11.9,4.0,5.1,35.0,24.8,9.0,6.1,19.2,14.1,31.4,20.0,14.9,11.1,12.0,21.0,22.2,7.1
1772506130.2477582,23.0,23.0,26.3,19.2,25.8,19.4,27.0,24.2,12.1,12.1,28.7,16.2,22.8,18.2,13.3,14.1,33.3,33.3,22.2,17.0,14.0,7.1,33.0,26.3,27.3,3.0,25.7,21.0,32.3,20.0,14.0,8.1,12.0,16.3,16.0,14.0,12.0,8.1,6.1,3.0,38.0,34.3,15.2,13.1,17.2,20.0,14.0,15.2,13.1,11.0,16.0,15.2,18.2,9.0
1772506131.2490246,20.6,25.3,32.3,16.3,16.2,14.9,34.7,34.0,14.1,33.3,13.1,27.0,26.3,22.0,14.1,15.2,42.6,37.0,25.7,15.3,21.4,21.2,41.4,35.6,11.1,6.1,25.3,25.0,22.2,20.4,6.2,22.8,6.1,23.0,13.9,23.2,10.2,12.0,10.1,4.0,43.0,36.6,8.1,10.1,13.1,9.2,23.0,23.8,18.0,7.1,18.0,20.2,18.0,15.2
1772506132.2582793,27.1,15.8,26.7,26.7,20.0,16.2,27.0,26.0,4.0,7.0,29.7,26.7,23.0,21.2,13.1,16.8,36.0,33.0,16.8,18.4,12.1,12.9,28.7,33.0,32.7,3.0,17.8,31.0,34.3,21.0,17.8,2.0,10.9,15.7,14.0,21.8,12.7,11.9,7.0,6.1,29.0,28.0,12.0,13.0,7.0,12.9,14.1,13.9,11.0,18.6,17.8,14.0,11.1,16.0
1772506133.2646477,29.9,14.1,28.3,28.0,29.3,25.0,28.0,35.6,9.0,15.0,39.4,22.0,23.8,23.5,13.0,17.0,36.6,38.6,22.0,23.2,21.8,23.2,41.0,36.0,4.1,22.2,36.4,36.0,25.7,21.0,6.1,16.8,18.8,6.0,16.0,21.6,10.0,11.0,12.0,8.1,25.0,22.0,10.0,16.0,19.0,20.4,24.5,16.8,7.1,16.2,21.4,15.0,14.1,23.0
1772506134.2666662,16.2,15.0,32.0,18.0,19.4,27.8,21.4,19.2,8.2,24.7,32.0,16.2,24.0,21.0,11.2,17.2,35.7,38.0,21.0,21.2,11.1,24.0,47.5,37.3,6.1,13.0,25.5,21.2,34.3,16.2,2.0,21.4,14.3,13.1,17.0,19.8,12.1,11.0,6.0,11.1,42.4,37.9,11.2,8.1,14.3,22.2,14.0,15.8,13.0,14.1,12.9,21.8,13.0,18.2
1772506135.266753,18.4,8.2,27.6,18.2,16.3,9.0,37.0,24.8,4.1,23.8,18.0,21.8,18.4,24.8,23.2,12.0,26.0,31.0,23.0,18.8,17.2,13.3,28.0,27.6,4.0,5.1,22.0,23.0,28.0,13.1,4.0,21.8,11.9,18.0,14.0,20.0,9.0,10.1,5.1,9.1,34.0,31.3,14.0,12.1,11.1,4.0,17.0,17.0,3.1,17.0,17.2,13.1,15.2,9.0
1772506136.2670517,9.2,14.0,18.4,25.5,17.0,21.2,33.3,21.0,9.0,32.4,28.7,23.0,9.2,13.1,15.2,12.1,29.6,28.3,21.2,20.4,14.1,15.8,26.3,40.6,7.1,6.0,22.0,22.4,22.0,26.7,8.1,16.2,1.0,17.3,21.8,16.0,13.0,10.9,6.1,3.1,20.2,22.2,6.1,10.0,11.0,14.0,16.0,16.0,9.1,15.3,19.0,14.1,16.3,10.3
1772506137.2671359,16.7,17.2,38.6,24.2,30.6,19.8,45.9,20.2,16.0,34.7,33.3,24.2,21.0,13.1,11.1,11.1,27.7,34.3,17.2,21.8,17.2,12.1,43.4,31.3,4.0,7.1,19.2,26.0,21.2,27.6,22.2,3.1,5.1,9.1,18.0,14.1,11.0,16.2,4.0,8.0,21.2,43.4,17.0,15.3,16.2,18.4,13.0,12.2,8.9,17.0,14.1,22.0,18.4,12.1
1772506138.2677383,13.4,26.3,33.7,24.0,21.2,24.5,28.0,23.2,19.2,14.1,30.0,20.2,19.2,24.8,11.2,13.3,35.4,22.0,24.8,20.2,15.8,9.2,30.3,36.7,3.1,12.4,5.1,18.0,28.3,29.0,21.0,4.0,17.0,2.0,17.0,13.0,11.0,12.0,2.0,5.1,36.0,38.6,9.1,9.9,17.3,14.3,21.0,19.2,6.2,18.2,16.8,14.3,12.0,14.0
1772506139.271294,28.3,14.0,26.3,21.0,5.1,16.0,35.6,25.0,9.1,21.2,14.0,23.8,22.8,22.0,23.0,8.2,36.6,31.0,18.0,19.0,6.1,18.8,43.1,34.0,9.0,4.0,5.1,19.2,21.4,20.0,20.8,3.0,20.8,6.0,15.8,12.9,9.9,11.0,6.0,4.0,38.0,39.0,11.9,9.0,14.1,9.0,20.8,11.9,21.6,11.0,17.3,13.0,15.3,8.1
1772506140.272026,20.4,20.0,33.7,20.0,24.0,23.2,26.5,26.3,16.2,19.8,26.0,27.0,22.2,20.2,13.3,14.0,34.3,40.4,21.0,19.8,21.8,11.0,27.0,37.4,7.1,6.9,22.0,24.8,30.7,21.8,20.0,4.0,21.0,6.9,12.1,20.0,11.0,12.0,4.0,4.0,31.0,32.7,12.1,15.2,14.0,17.2,24.8,20.6,17.2,14.0,20.6,17.0,17.0,22.0
1772506141.27375,15.8,22.2,18.4,26.5,24.7,27.0,33.0,29.0,13.1,20.2,29.3,28.3,17.2,26.7,9.0,10.1,41.0,30.0,19.2,26.0,23.0,17.2,34.3,42.0,6.1,4.1,27.3,19.0,20.2,19.2,14.3,9.0,21.8,4.1,11.9,27.3,9.0,14.1,3.0,5.2,39.6,31.3,8.0,7.0,29.3,21.0,13.0,13.1,7.0,15.2,15.0,18.4,15.2,13.0
1772506142.2738433,20.0,18.2,17.3,32.0,19.4,15.5,31.3,30.3,8.1,19.4,31.3,18.8,22.2,24.2,17.2,17.2,36.4,42.0,22.8,16.3,25.3,24.2,36.4,36.0,10.2,8.2,22.2,29.9,30.7,23.2,2.0,20.4,24.0,7.1,17.2,19.0,13.1,9.9,7.1,4.0,35.7,34.0,16.3,15.2,24.2,15.3,23.2,19.0,18.2,19.4,12.2,19.8,13.1,12.2
1772506143.2760544,23.5,26.0,22.0,31.7,23.8,11.9,28.7,38.6,9.0,10.9,27.0,15.2,24.5,23.2,17.0,22.2,39.0,39.0,23.2,19.8,23.2,15.8,25.0,33.3,6.0,21.8,31.7,37.3,33.0,22.2,6.1,18.4,18.8,9.0,21.6,19.0,13.9,12.0,4.1,6.1,34.0,37.6,10.0,9.0,15.2,9.2,19.6,14.1,10.9,15.2,20.0,15.2,23.0,10.1
1772506144.2780843,18.4,22.2,29.0,23.0,16.2,15.2,32.0,21.2,10.1,8.1,22.0,17.3,20.6,23.0,18.2,10.3,34.0,41.4,23.8,15.0,18.0,8.0,39.0,37.6,25.0,2.0,29.0,19.2,36.0,17.2,9.1,21.6,18.4,5.1,10.1,23.8,12.1,9.1,8.1,1.0,12.9,29.0,11.0,9.2,11.2,10.0,32.3,17.0,12.1,16.0,15.2,14.4,14.1,11.0
1772506145.2790542,21.6,22.0,29.0,22.4,25.0,24.5,26.0,23.0,13.0,34.3,28.3,31.7,27.3,20.0,7.1,15.2,35.0,35.4,21.2,18.4,23.5,16.5,36.6,28.6,5.1,6.1,16.5,25.3,34.3,14.1,10.0,21.6,18.2,13.1,21.0,15.0,11.0,10.0,6.1,4.0,23.5,39.4,15.2,10.2,17.0,19.4,13.0,16.8,19.0,9.2,6.1,21.0,14.0,13.4
1772506146.283027,32.7,11.0,15.0,29.4,24.5,18.0,25.3,32.0,13.9,12.0,26.7,28.0,25.0,16.2,12.1,12.0,34.7,37.6,15.2,22.8,15.8,18.8,36.0,41.2,4.0,14.0,24.8,22.2,24.8,30.3,14.0,11.0,16.0,13.0,18.6,13.1,9.0,12.0,5.0,3.0,32.4,45.5,6.0,8.9,12.2,13.0,12.0,14.9,10.0,16.0,4.0,9.2,13.1,13.7
1772506147.2842708,30.0,17.2,21.4,22.0,12.4,11.1,25.5,38.0,24.5,10.1,20.2,18.2,25.0,19.2,10.1,12.2,39.8,35.4,18.8,23.2,17.2,24.2,30.7,41.0,4.1,4.0,23.0,25.7,13.3,34.3,3.1,21.0,7.1,18.0,14.0,17.8,11.9,13.0,6.1,3.0,32.3,32.3,15.0,18.2,13.0,11.0,11.1,9.2,11.2,9.1,6.1,8.2,12.1,16.5
1772506148.2845008,15.8,27.0,21.2,33.7,20.2,23.2,34.3,22.4,26.0,8.0,20.2,25.7,9.1,18.2,21.0,13.3,43.6,37.0,22.0,22.0,27.0,16.0,30.0,35.3,4.0,5.1,22.4,25.0,28.0,26.3,2.0,20.2,3.1,5.0,19.2,16.0,13.9,11.1,2.0,8.0,12.0,27.3,16.3,10.1,17.0,10.1,5.0,5.1,12.9,20.8,14.1,20.0,14.3,15.8
1772506149.2848125,22.7,26.7,22.0,27.0,24.2,23.5,37.4,28.0,12.2,11.3,21.0,37.6,19.0,20.2,13.0,14.0,40.4,34.3,22.2,15.2,29.0,14.3,37.0,42.0,4.1,4.0,11.0,21.2,17.2,26.0,2.0,20.8,12.0,8.2,10.1,23.0,10.2,12.0,4.1,3.1,24.2,43.6,15.2,15.8,13.1,22.2,11.0,21.8,16.0,16.3,18.0,19.0,23.0,11.3
1772506150.2863388,20.4,22.2,29.0,20.4,19.0,25.0,41.2,22.2,31.0,14.9,28.0,31.0,25.0,22.8,18.2,12.2,39.2,37.3,16.0,24.8,17.2,9.0,27.0,40.0,4.1,5.1,10.2,15.0,27.0,31.3,4.0,22.2,22.0,7.0,17.8,19.2,12.0,11.9,6.9,4.0,38.0,38.0,11.0,6.0,8.2,16.5,3.1,31.0,19.2,22.2,16.0,17.0,14.0,18.0
1772506151.289149,27.3,16.0,32.3,22.4,15.3,10.1,26.3,27.3,19.0,7.1,19.0,26.0,14.4,29.7,17.2,16.2,29.6,42.0,23.2,17.0,14.1,20.0,38.4,40.0,4.0,27.0,26.0,15.3,22.2,18.2,18.0,6.1,21.2,4.1,19.2,11.1,13.1,11.0,5.1,3.1,30.3,37.6,12.2,13.3,9.0,15.2,19.8,30.3,11.0,13.0,18.4,13.3,18.2,11.1
1772506152.2913868,32.0,16.2,25.7,28.0,22.8,25.5,29.7,33.0,22.2,26.3,18.2,21.4,21.8,25.3,19.0,10.2,33.3,41.4,20.8,22.0,17.0,13.1,32.3,36.3,7.0,26.3,28.0,22.2,37.4,18.2,10.1,19.0,24.8,7.0,18.8,20.8,12.9,16.0,5.2,7.1,32.3,31.0,13.1,14.9,21.0,14.0,13.0,14.9,13.3,16.2,17.0,22.5,16.0,15.2
1772506153.2951107,9.1,15.0,25.0,24.8,22.2,28.0,29.7,39.2,5.1,23.2,30.0,31.1,17.8,29.7,16.2,13.9,33.0,31.4,19.0,22.0,36.0,16.2,32.7,41.4,5.0,27.3,35.0,33.0,25.0,15.0,6.1,20.6,25.3,3.0,14.1,23.8,11.0,11.0,7.8,5.1,42.6,32.3,11.9,5.1,18.8,13.1,19.0,20.8,12.0,12.0,17.0,18.0,8.1,19.0
1772506154.2960281,10.3,13.3,25.3,23.0,11.6,27.3,31.3,25.3,7.2,15.2,24.0,31.3,20.4,20.0,13.0,12.2,30.9,18.6,22.4,26.0,23.2,18.2,40.4,33.3,3.0,5.1,24.2,28.0,25.0,28.0,22.0,3.1,20.0,8.1,19.0,10.0,11.1,11.1,4.1,4.0,24.2,36.0,19.0,15.0,11.3,10.1,12.0,13.0,19.2,6.1,17.0,13.1,11.1,17.3
1772506155.2977705,10.2,16.7,26.0,22.0,15.0,9.3,30.7,34.0,6.1,10.9,9.1,34.3,10.0,17.8,11.1,15.2,24.8,40.6,22.0,17.0,15.0,17.2,22.4,35.0,2.0,5.1,25.0,25.7,22.4,23.0,20.4,3.1,10.1,17.2,25.0,11.0,13.0,10.0,6.0,4.0,21.0,23.2,5.1,9.1,13.3,10.0,13.1,13.9,9.2,14.1,17.0,14.0,14.0,15.0
1772506156.2991846,18.2,10.2,30.0,19.2,24.0,20.8,20.4,26.7,10.0,22.2,13.9,20.0,13.1,8.1,15.2,14.1,26.7,33.0,16.0,26.0,16.3,24.8,39.6,40.2,5.1,20.2,19.0,26.3,22.0,27.0,21.8,2.0,18.0,14.1,20.0,15.2,11.0,24.8,4.0,7.1,24.5,36.3,10.1,17.0,17.0,15.3,19.6,19.0,12.9,15.0,17.3,17.0,15.0,20.0
1772506157.2997987,17.8,14.1,34.0,21.2,25.3,22.2,22.0,26.8,12.0,31.0,25.5,33.0,17.2,10.1,13.0,15.2,32.3,26.5,21.2,19.8,20.8,19.0,35.4,30.3,9.0,5.1,24.2,21.4,22.4,23.0,21.0,3.0,16.2,13.1,25.7,10.3,12.0,19.0,7.1,5.1,49.5,32.3,12.1,15.2,19.4,14.4,12.1,22.0,13.1,6.2,20.0,16.3,19.6,13.1
1772506158.3000076,23.7,28.0,37.4,29.3,19.4,27.6,36.0,31.0,4.1,24.2,26.3,38.4,13.3,22.2,9.3,19.6,40.0,39.0,21.0,21.6,38.4,30.3,46.0,43.0,9.2,7.1,28.6,24.0,27.7,29.9,22.4,6.1,22.0,32.0,20.0,19.2,15.0,12.2,10.1,7.1,41.8,39.4,16.0,12.0,12.4,11.2,21.0,22.0,21.2,15.2,20.8,15.5,20.2,14.4
1772506159.3023882,21.9,19.0,26.0,32.3,10.2,15.2,21.0,41.2,11.1,32.0,20.0,24.0,12.0,10.9,12.1,16.2,44.0,35.4,21.8,22.8,20.2,18.2,37.0,28.7,20.0,4.0,25.0,20.0,1.0,41.6,20.0,1.0,22.2,5.1,16.0,17.2,8.1,12.9,6.1,5.1,27.5,29.0,13.1,14.0,9.1,14.3,13.1,13.0,15.2,4.0,16.2,17.8,20.2,14.0
1772506160.3035457,24.5,16.2,27.0,18.8,22.4,22.2,18.2,34.7,7.1,16.0,17.0,20.2,19.2,17.3,14.0,13.3,34.3,40.0,21.0,15.2,27.3,19.2,25.0,35.0,3.1,3.0,13.3,21.0,15.8,37.4,20.2,2.0,6.0,3.1,16.0,13.7,10.0,11.1,5.1,1.0,20.4,23.8,5.1,10.1,17.8,17.0,19.8,18.8,13.9,11.9,15.0,15.3,16.2,7.1
1772506161.307239,21.2,23.8,32.0,22.0,25.7,19.0,33.0,36.0,21.2,12.0,22.2,35.3,20.0,24.0,17.0,14.9,38.6,38.6,18.8,20.6,15.0,15.8,35.3,41.6,7.0,3.9,6.0,4.0,17.2,30.4,21.8,1.0,5.1,13.9,14.9,19.0,9.8,12.1,3.0,11.1,33.3,39.6,16.8,14.0,17.2,17.2,15.0,14.7,8.0,18.4,18.0,16.2,18.0,14.1
1772506162.307986,18.8,27.3,21.0,28.3,22.2,17.3,25.3,31.6,18.4,13.3,26.7,35.6,19.4,21.2,10.2,10.3,40.6,31.3,18.2,18.2,12.1,16.2,33.0,31.6,5.1,3.1,21.4,24.2,28.0,28.3,21.2,1.0,6.9,23.2,23.2,12.0,13.0,10.1,6.1,10.2,43.9,33.7,8.2,5.2,16.5,16.3,17.8,17.3,6.1,19.2,17.2,13.0,15.2,10.2
1772506163.3104692,17.5,23.0,23.0,21.8,19.0,13.1,33.7,30.7,17.2,15.2,22.2,23.0,24.8,22.0,13.0,27.0,43.6,31.7,14.1,19.8,20.0,10.0,33.7,40.0,2.0,6.1,28.4,31.7,23.2,21.2,22.0,3.0,8.0,20.2,16.8,16.0,8.0,14.0,4.1,12.1,32.0,26.5,15.8,14.1,22.2,20.0,19.0,16.8,16.2,10.0,19.2,15.0,7.1,18.4
1772506164.3127337,23.2,22.0,33.3,24.0,23.7,21.2,25.7,27.3,10.1,27.0,19.0,21.2,19.2,11.0,11.1,12.1,47.5,28.6,17.0,18.2,8.2,23.2,31.3,31.7,6.1,6.0,33.3,33.0,29.0,26.3,23.0,2.0,24.0,7.0,22.8,13.1,14.0,13.1,8.1,5.9,24.0,30.7,8.1,12.1,27.0,22.0,18.2,17.0,14.1,14.0,16.0,14.3,11.1,18.8
1772506165.3151488,15.8,25.0,30.0,18.0,22.2,20.2,37.0,31.0,6.0,4.1,21.0,27.7,28.3,20.8,23.2,17.0,40.0,34.0,15.0,25.3,15.8,14.1,38.6,37.4,6.1,6.1,25.3,24.8,34.3,17.8,22.0,5.1,19.0,11.0,19.2,17.2,13.1,13.0,7.1,6.1,18.8,43.0,8.1,13.0,19.4,12.2,16.0,19.0,6.1,19.2,17.3,19.4,16.2,13.1
1772506166.3200185,23.7,19.2,30.3,19.0,16.0,21.2,28.3,22.2,15.2,12.0,33.0,27.0,28.0,23.2,12.1,6.1,36.0,38.6,30.7,19.2,12.1,13.0,49.5,49.0,5.1,3.0,25.7,23.0,23.0,28.6,22.0,8.0,10.0,17.2,18.8,15.8,13.9,11.9,5.0,2.0,38.8,31.0,16.2,12.1,5.0,10.1,16.0,14.0,13.1,21.2,9.1,7.9,15.0,19.2
1772506167.3226068,20.6,22.0,20.0,29.0,18.2,20.0,34.0,36.3,5.1,24.8,31.0,27.0,25.0,19.2,14.1,17.0,42.0,25.3,21.0,15.8,9.1,18.4,27.6,34.3,3.0,5.1,22.5,22.0,21.0,17.0,21.8,5.0,16.0,6.1,11.0,17.8,10.0,12.1,4.0,3.1,28.7,27.7,10.0,4.0,18.6,18.0,16.8,16.7,15.2,15.0,22.2,12.1,11.1,16.8
1772506168.3226914,21.4,19.2,22.2,25.0,16.2,27.3,19.6,15.5,7.1,26.5,26.0,13.0,27.0,16.0,10.2,18.0,40.8,39.4,17.2,23.5,8.2,19.6,39.4,29.0,4.0,5.1,23.5,23.2,17.0,39.4,3.1,21.0,16.2,13.1,18.2,15.0,14.0,10.1,5.2,4.0,30.3,33.3,16.2,14.1,18.8,13.1,2.0,4.1,15.2,10.1,36.4,6.1,13.1,15.3
1772506169.3227785,19.6,12.0,21.6,0.0,10.0,8.1,13.9,8.1,8.0,26.0,7.0,6.1,21.0,0.0,8.0,0.0,17.0,16.0,3.0,5.0,2.0,3.0,25.7,10.9,0.0,1.0,16.0,16.2,19.0,8.9,0.0,20.0,9.0,12.0,0.0,1.0,0.0,0.0,1.0,0.0,18.0,47.5,0.0,1.0,5.1,4.0,12.9,10.8,1.0,8.0,7.9,14.9,0.0,0.0
1772506170.3228626,16.0,10.0,20.0,1.0,0.0,0.0,20.0,1.0,0.0,20.0,12.0,8.9,19.0,2.0,0.0,0.0,10.0,10.0,0.0,0.0,0.0,0.0,20.0,0.0,0.0,0.0,23.2,19.2,21.0,0.0,0.0,20.8,0.0,20.2,0.0,0.0,0.0,0.0,0.0,0.0,25.0,35.0,0.0,0.0,1.0,0.0,1.0,0.0,0.0,0.0,11.9,10.0,0.0,0.0
1772506171.3229547,12.5,11.0,20.8,0.0,0.0,0.0,11.0,9.1,11.1,7.0,6.0,6.0,6.0,7.1,0.0,0.0,9.0,10.1,0.0,0.0,0.0,0.0,21.0,0.0,0.0,1.0,8.0,16.8,19.2,0.0,0.0,21.0,0.0,20.8,0.0,0.0,0.0,0.0,0.0,0.0,10.1,30.0,0.0,0.0,0.0,0.0,0.0,0.0,0.0,0.0,10.0,10.0,0.0,0.0
1772506172.3230405,12.2,10.8,20.0,0.0,0.0,0.0,0.0,20.0,1.0,0.0,0.0,0.0,0.0,0.0,0.0,0.0,10.0,9.9,0.0,0.0,0.0,0.0,19.2,0.0,0.0,0.0,11.0,9.0,20.8,0.0,0.0,20.0,0.0,20.8,0.0,0.0,0.0,0.0,0.0,0.0,4.0,23.2,0.0,0.0,0.0,0.0,0.0,0.0,0.0,0.0,10.1,10.0,0.0,0.0
1772506173.3231263,4.1,1.0,21.8,0.0,0.0,0.0,0.0,20.8,0.0,0.0,0.0,0.0,0.0,0.0,0.0,0.0,3.0,1.0,0.0,0.0,0.0,0.0,20.8,0.0,0.0,0.0,20.0,0.0,20.2,0.0,0.0,15.0,0.0,20.0,0.0,0.0,1.0,0.0,0.0,0.0,18.0,3.0,0.0,0.0,0.0,0.0,0.0,0.0,0.0,0.0,10.9,10.9,1.0,0.0
1772506174.3232133,1.0,0.0,20.8,0.0,0.0,0.0,9.9,9.0,0.0,0.0,0.0,0.0,0.0,0.0,1.0,0.0,0.0,0.0,0.0,0.0,0.0,0.0,20.0,0.0,0.0,0.0,20.0,0.0,20.0,0.0,0.0,0.0,0.0,20.8,0.0,0.0,0.0,0.0,0.0,0.0,3.0,16.0,0.0,0.0,0.0,0.0,0.0,0.0,0.0,0.0,10.9,10.9,0.0,0.0
1772506175.3232992,2.1,0.0,9.1,1.0,1.0,0.0,1.0,0.0,3.0,0.0,3.0,0.0,1.0,0.0,0.0,0.0,1.0,0.0,2.0,0.0,1.0,0.0,13.0,1.0,0.0,0.0,21.6,0.0,1.0,20.0,1.0,1.0,0.0,20.8,0.0,7.1,0.0,1.0,1.0,1.0,0.0,21.8,1.0,0.0,0.0,0.0,1.0,0.0,1.0,1.0,10.0,10.0,2.0,1.0
1772506176.3233902,1.1,0.0,0.0,2.0,3.0,0.0,2.0,1.0,1.0,1.0,2.0,0.0,2.0,0.0,1.0,2.0,1.0,0.0,2.0,0.0,1.0,2.0,1.0,0.0,0.0,1.0,18.0,4.0,1.0,22.8,1.0,2.0,7.9,14.9,0.0,2.0,1.0,2.0,1.0,2.0,6.0,15.0,2.0,0.0,1.0,0.0,2.9,0.0,2.0,1.0,11.0,10.9,2.0,2.0
1772506177.3234746,1.0,1.0,1.0,0.0,0.0,0.0,0.0,0.0,0.0,0.0,0.0,0.0,0.0,1.0,0.0,0.0,0.0,0.0,0.0,0.0,0.0,0.0,0.0,0.0,0.0,0.0,8.0,6.9,5.0,15.2,0.0,0.0,1.0,3.0,0.0,0.0,0.0,0.0,0.0,0.0,2.0,3.0,0.0,0.0,0.0,0.0,0.0,0.0,0.0,0.0,10.9,10.0,0.0,0.0
1772506178.3235402,0.0,0.0,0.0,0.0,0.0,0.0,0.0,0.0,0.0,0.0,0.0,0.0,0.0,0.0,0.0,0.0,0.0,0.0,0.0,0.0,0.0,0.0,0.0,0.0,0.0,0.0,0.0,0.0,20.0,0.0,0.0,0.0,0.0,0.0,1.0,0.0,0.0,0.0,0.0,0.0,0.0,0.0,0.0,0.0,0.0,0.0,0.0,0.0,1.0,0.0,11.0,10.0,0.0,0.0
1772506179.323609,0.0,0.0,0.0,0.0,0.0,0.0,0.0,0.0,0.0,0.0,0.0,0.0,0.0,0.0,0.0,0.0,0.0,0.0,0.0,0.0,0.0,0.0,0.0,0.0,0.0,0.0,0.0,0.0,20.2,0.0,0.0,0.0,0.0,1.0,0.0,0.0,0.0,0.0,0.0,0.0,0.0,0.0,1.0,0.0,0.0,0.0,0.0,0.0,0.0,0.0,10.0,10.0,0.0,0.0
1772506180.323693,2.1,1.0,2.0,1.0,1.0,1.0,4.0,3.0,1.0,2.0,3.0,0.0,1.0,2.0,0.0,3.0,15.0,0.0,2.0,0.0,2.0,2.0,2.0,0.0,0.0,2.0,0.0,2.0,13.0,1.0,2.0,0.0,1.0,1.0,2.0,2.0,0.0,3.0,2.0,1.0,0.0,2.0,2.0,1.0,2.0,0.0,1.0,2.0,1.0,2.0,10.8,11.9,3.0,2.0
1772506181.3237846,4.2,2.0,19.0,3.0,2.0,3.0,3.1,9.0,1.0,2.0,5.0,2.0,2.0,2.0,2.0,2.0,2.0,6.0,2.0,3.0,2.0,3.0,2.0,1.0,2.0,3.0,1.0,1.0,1.0,4.0,2.0,1.0,3.0,1.0,1.0,3.0,3.0,2.0,3.0,2.0,1.0,3.0,4.0,2.0,2.0,1.0,2.0,2.0,2.0,2.0,12.1,10.0,1.0,5.0
1772506182.3238807,5.2,4.0,3.0,2.0,3.0,3.0,4.0,3.0,3.0,3.0,3.0,2.0,3.0,4.0,4.0,3.0,9.8,16.0,16.0,3.0,4.0,2.0,4.0,4.0,3.0,4.0,2.0,4.0,3.0,2.0,2.0,3.0,4.0,3.0,3.0,2.0,2.0,2.0,3.0,4.0,5.0,2.0,3.0,3.0,3.0,1.0,4.0,3.0,6.9,6.0,18.8,13.0,2.0,2.0
1772506183.32397,2.1,1.0,3.0,2.0,1.0,1.0,1.0,2.0,2.0,29.0,4.0,3.0,1.0,2.0,2.0,3.0,2.0,1.0,3.0,3.0,2.0,4.0,2.0,1.0,3.0,2.0,3.0,2.0,2.0,3.0,3.0,1.0,2.0,2.0,2.0,4.0,1.0,2.0,1.0,2.0,1.0,2.0,3.0,2.0,3.0,2.0,2.0,2.0,26.3,10.0,11.9,14.9,3.0,2.0
1772506184.3240435,0.0,0.0,0.0,0.0,0.0,0.0,0.0,0.0,0.0,0.0,0.0,0.0,0.0,0.0,0.0,0.0,1.0,0.0,0.0,0.0,0.0,0.0,0.0,0.0,0.0,0.0,0.0,0.0,0.0,0.0,0.0,0.0,0.0,0.0,0.0,0.0,0.0,0.0,0.0,1.0,0.0,1.0,0.0,0.0,0.0,0.0,0.0,0.0,1.0,1.0,10.1,10.0,0.0,0.0
1772506185.324129,2.0,1.0,1.0,1.0,2.0,2.0,1.0,0.0,1.0,1.0,2.0,2.0,2.9,1.0,1.0,2.0,0.0,2.0,1.0,1.0,1.0,1.0,1.0,2.0,1.0,1.0,1.0,1.0,0.0,1.0,1.0,2.0,2.0,2.0,1.0,1.0,2.0,0.0,1.0,1.0,1.0,0.0,0.0,2.0,1.0,10.0,1.0,2.0,0.0,1.0,11.9,12.9,2.0,3.0
1772506186.3242261,2.1,1.0,3.0,19.0,1.0,1.0,2.0,2.0,1.0,2.0,3.0,1.0,1.0,1.0,4.0,1.0,2.0,1.0,1.0,1.0,1.0,1.0,2.0,2.0,1.0,3.0,2.0,2.0,2.0,1.0,1.0,2.0,2.0,1.0,1.0,2.0,1.0,1.0,2.0,1.0,1.0,2.0,2.0,1.0,1.0,2.0,2.0,12.9,2.0,2.0,8.0,6.1,1.0,1.0
