timestamp,CPU_0(group_0),CPU_64(group_0),CPU_2(group_1),CPU_66(group_1),CPU_4(group_2),CPU_68(group_2),CPU_6(group_3),CPU_70(group_3),CPU_8(group_4),CPU_72(group_4),CPU_10(group_5),CPU_74(group_5),CPU_12(group_6),CPU_76(group_6),CPU_14(group_7),CPU_78(group_7),CPU_16(group_8),CPU_80(group_8),CPU_18(group_9),CPU_82(group_9),CPU_20(group_10),CPU_84(group_10),CPU_22(group_11),CPU_86(group_11),CPU_24(group_12),CPU_88(group_12),CPU_26(group_13),CPU_90(group_13),CPU_28(group_14),CPU_92(group_14),CPU_30(group_15),CPU_94(group_15),CPU_32(group_16),CPU_96(group_16),CPU_34(group_17),CPU_98(group_17),CPU_36(group_18),CPU_100(group_18),CPU_38(group_19),CPU_102(group_19),CPU_40(group_20),CPU_104(group_20),CPU_42(group_21),CPU_106(group_21),CPU_44(group_22),CPU_108(group_22),CPU_46(group_23),CPU_110(group_23),CPU_48(group_24),CPU_112(group_24),CPU_50(group_25),CPU_114(group_25),CPU_52(group_26),CPU_116(group_26)
1772521101.7209542,0.0,0.0,0.0,0.0,0.0,100.0,0.0,0.0,0.0,0.0,0.0,0.0,0.0,0.0,0.0,0.0,0.0,0.0,0.0,0.0,0.0,0.0,0.0,0.0,0.0,0.0,0.0,0.0,0.0,0.0,0.0,0.0,0.0,0.0,0.0,0.0,0.0,0.0,0.0,0.0,0.0,0.0,0.0,0.0,0.0,0.0,0.0,0.0,0.0,0.0,0.0,0.0,0.0,0.0
1772521102.721918,44.3,38.8,49.0,46.9,55.0,61.6,28.9,25.8,26.0,23.2,43.3,43.3,45.9,58.6,43.3,47.5,40.8,38.1,53.0,52.5,51.5,59.4,60.2,55.0,22.7,22.7,28.9,26.8,57.1,44.9,51.0,52.0,36.8,40.2,32.0,23.7,61.0,52.5,35.1,42.3,30.9,28.4,49.0,61.0,21.9,22.1,37.8,36.7,29.2,28.3,42.7,37.1,45.5,48.0
1772521103.7219894,19.8,22.9,27.3,34.7,39.0,50.5,9.3,20.4,31.2,30.6,19.4,12.2,41.4,62.0,15.3,15.8,17.7,12.2,40.8,41.2,48.5,42.9,51.0,50.5,22.4,10.3,19.2,23.7,35.4,47.0,51.5,55.0,17.2,14.3,13.5,14.4,53.0,39.4,16.3,8.3,25.3,26.5,33.7,38.0,15.3,17.3,19.4,20.4,13.4,22.4,32.3,37.8,30.6,33.7
1772521104.7347434,37.0,34.3,48.5,46.0,67.7,54.5,28.6,33.3,30.0,34.3,26.3,36.0,57.0,56.4,33.7,37.4,44.0,34.3,52.5,55.4,59.4,58.8,55.6,57.4,31.3,29.3,30.3,32.3,48.5,53.5,53.5,54.5,28.6,25.8,27.3,27.8,55.9,59.8,27.8,29.6,35.4,38.2,55.4,51.5,29.9,27.3,35.1,38.8,28.9,29.9,39.0,41.4,49.0,45.5
1772521105.7364826,30.5,25.3,32.0,32.7,55.9,47.5,24.7,24.7,28.3,32.7,26.3,19.4,42.3,42.0,55.1,54.1,25.8,23.5,40.0,42.9,48.5,51.0,59.0,58.8,26.3,18.9,20.6,29.6,38.8,43.4,52.0,60.0,30.3,25.8,31.3,20.2,50.5,54.1,21.9,24.0,58.6,57.1,30.6,36.1,25.3,18.4,27.6,23.5,24.2,29.9,29.3,34.0,37.4,34.3
1772521106.736548,33.7,31.6,40.2,47.0,55.1,52.9,24.5,29.9,24.0,21.9,31.6,27.3,48.0,53.6,54.2,51.0,32.3,34.7,50.5,54.5,55.0,57.8,55.6,58.6,31.6,26.8,30.9,28.1,51.5,51.0,50.0,58.0,20.8,21.6,22.9,26.8,57.1,49.5,21.6,24.7,53.5,54.5,46.5,49.0,26.5,21.1,33.3,34.3,30.5,25.8,45.9,52.0,45.5,42.7
1772521107.7366145,32.0,30.9,33.7,40.4,49.0,59.0,21.6,29.6,29.9,25.8,32.0,20.8,50.5,54.5,40.8,45.4,30.9,28.6,47.4,46.5,49.0,49.0,56.7,58.0,22.9,21.2,25.5,30.6,48.0,53.0,58.0,54.0,22.4,31.0,19.4,25.5,50.0,62.0,22.4,28.3,56.6,57.6,45.5,45.0,25.5,24.0,30.6,27.8,26.3,24.7,29.9,29.2,36.4,41.4
1772521108.7397442,18.7,12.0,19.4,24.2,43.1,42.0,14.0,9.1,27.0,34.7,15.0,8.1,40.0,27.3,7.1,14.1,14.0,16.3,42.4,39.6,42.2,45.1,43.6,43.0,10.9,19.0,15.8,19.0,30.0,31.0,46.0,47.5,9.9,6.1,12.0,11.0,38.4,42.4,16.0,9.2,46.5,48.5,21.4,28.3,6.9,18.0,20.2,11.2,10.9,9.1,31.7,31.7,31.0,20.2
1772521109.7419248,12.4,7.1,19.2,13.0,30.6,38.0,5.1,1.0,4.0,8.0,5.1,4.1,35.6,33.0,31.0,33.0,18.2,16.2,30.7,35.0,40.4,38.6,40.0,40.6,2.1,5.1,7.1,12.0,36.0,28.0,56.0,39.0,5.1,3.0,2.1,2.0,41.7,38.2,2.0,6.1,40.6,41.0,22.8,18.8,3.1,8.1,8.2,7.1,7.1,7.1,15.2,14.3,18.2,20.4
1772521110.745285,11.3,9.2,19.2,17.3,46.0,33.0,5.2,2.0,6.2,4.1,3.1,5.1,24.5,31.3,40.8,38.0,9.1,5.2,27.6,34.7,37.6,40.0,40.4,41.4,4.0,6.1,9.0,5.1,31.3,31.0,40.6,42.0,3.1,6.0,4.1,3.1,40.4,41.0,24.7,18.4,40.4,41.6,23.5,23.2,3.1,6.1,9.1,9.1,9.1,7.1,30.3,28.0,23.8,22.0
1772521111.7470548,17.6,9.1,18.6,14.1,41.0,28.7,5.1,2.0,13.3,15.3,7.1,4.1,35.0,24.0,24.0,22.4,9.2,16.2,31.4,37.3,36.3,43.6,41.0,41.0,3.1,5.1,7.1,9.0,24.0,32.3,40.6,42.2,6.0,5.1,2.0,3.1,48.0,32.0,26.8,24.2,40.6,41.0,22.0,25.7,3.0,4.0,13.1,4.1,6.0,7.1,13.9,17.0,16.3,21.2
1772521112.7488828,13.1,9.0,18.0,14.1,32.7,39.2,3.0,3.0,14.0,9.1,31.0,5.9,34.7,24.0,6.1,11.1,4.0,7.1,34.0,38.6,38.0,36.3,38.6,43.6,5.9,4.0,6.1,5.1,25.7,28.7,40.0,41.6,5.0,2.0,4.0,2.0,43.6,39.2,4.0,2.0,41.2,40.6,22.2,20.0,2.0,3.1,12.9,10.9,6.1,6.1,20.4,21.2,21.2,19.2
1772521113.7489676,13.3,9.1,18.0,15.3,44.4,29.7,4.1,5.1,1.0,3.0,16.5,4.1,27.3,32.0,37.0,27.6,8.2,20.0,28.6,35.0,36.3,35.0,38.0,44.0,18.4,5.0,5.1,8.1,33.0,22.2,41.0,40.6,2.0,3.0,2.0,4.0,35.4,45.0,7.1,2.0,39.0,42.0,20.2,23.0,2.0,2.0,8.1,7.1,6.1,5.0,17.8,18.0,25.3,13.1
1772521114.7522278,15.2,7.1,21.2,16.3,34.7,43.0,2.1,4.0,7.0,4.0,6.0,3.1,26.0,31.6,34.0,35.1,10.3,8.2,37.6,34.3,34.7,39.0,37.4,44.0,37.0,6.1,9.0,8.1,31.7,32.0,39.0,42.0,6.0,9.1,2.1,2.1,36.6,45.0,4.0,5.1,40.6,40.0,23.0,20.2,6.1,4.0,8.1,10.1,8.1,7.2,23.2,21.0,23.0,21.2
1772521115.7535734,13.3,7.1,15.3,13.0,35.0,37.3,3.0,3.0,10.4,25.3,4.1,5.0,31.0,29.7,22.2,25.0,7.0,13.1,37.4,33.3,35.0,38.6,39.2,43.6,32.7,6.0,8.0,5.2,23.0,26.5,41.6,40.0,3.0,2.0,3.0,1.0,40.6,42.6,3.1,0.0,40.6,42.2,26.0,23.0,3.0,2.0,9.1,7.9,9.1,7.1,17.8,18.2,21.0,14.1
1772521116.7536483,13.0,8.2,16.3,18.2,30.6,42.0,10.1,2.0,5.1,6.1,4.0,3.1,29.0,28.6,15.2,10.2,7.1,10.2,33.3,32.7,39.6,41.2,43.4,37.4,26.0,6.1,9.1,11.0,27.3,24.8,42.0,38.4,5.1,5.0,3.1,2.0,42.0,33.3,3.1,4.0,40.4,39.4,21.2,18.0,2.1,2.0,8.1,12.2,8.2,6.1,20.0,17.3,17.0,22.4
1772521117.7537315,11.3,10.1,18.4,17.2,30.0,43.1,5.1,7.1,3.1,5.1,5.1,4.0,29.3,31.0,27.3,25.3,11.2,8.2,33.0,31.6,36.6,38.2,42.0,40.4,32.7,5.9,8.0,7.1,28.0,29.0,40.6,41.6,3.0,4.0,4.1,3.1,39.0,35.3,3.1,3.0,35.0,32.7,22.0,25.0,3.1,4.0,8.1,9.2,6.1,13.1,21.0,20.8,22.4,20.2
1772521118.7550955,14.0,8.1,15.2,18.0,24.5,46.5,4.0,8.0,6.0,4.0,6.0,4.1,26.3,26.0,29.0,36.3,11.1,8.2,39.0,31.3,35.6,36.6,42.0,40.0,20.8,21.0,7.1,11.0,29.7,22.2,25.0,24.0,3.0,4.0,4.0,4.0,45.6,37.6,5.0,4.0,26.0,24.2,19.0,21.2,4.0,3.0,9.0,10.0,10.0,18.0,18.2,19.2,17.0,20.2
1772521119.7554297,12.2,10.1,23.5,11.2,38.8,36.0,4.1,2.0,21.4,19.2,5.0,7.0,30.0,34.3,29.6,34.0,17.0,6.2,32.3,37.6,36.6,36.4,42.0,40.4,5.1,35.4,7.0,8.2,28.3,29.0,36.0,39.0,4.1,5.1,2.0,3.1,48.0,34.0,4.1,6.2,23.0,20.8,19.0,24.8,4.0,4.0,9.2,8.1,6.2,7.1,22.0,23.2,22.2,18.4
1772521120.756377,14.0,7.2,12.1,19.2,38.0,37.0,3.1,3.0,4.1,6.1,4.1,4.0,25.7,31.7,12.2,12.4,9.1,13.0,35.3,28.3,33.0,35.9,39.4,44.0,5.0,9.0,6.1,7.0,29.0,26.7,41.0,40.6,5.0,2.0,2.0,2.0,41.0,40.6,5.1,4.0,12.1,13.1,21.2,18.0,2.0,4.0,8.1,8.1,7.0,8.0,18.0,18.2,21.0,16.2
1772521121.75674,12.1,9.2,15.3,14.4,39.4,36.6,5.1,3.0,4.0,4.1,5.1,5.1,31.3,25.0,17.0,19.2,7.1,9.1,32.3,38.4,36.6,40.0,37.0,42.0,5.1,13.1,8.1,8.2,26.0,28.3,40.0,41.0,3.1,5.1,3.1,2.0,41.2,40.2,3.1,6.1,10.1,10.2,16.0,23.2,6.0,1.0,11.0,8.0,6.0,7.1,24.2,22.2,19.2,22.2
1772521122.7588997,13.4,7.0,19.2,18.8,36.4,38.6,3.0,3.1,5.0,6.1,5.1,4.1,32.0,23.8,27.3,36.6,10.1,7.1,41.6,39.6,40.8,38.2,28.0,35.6,6.0,19.8,4.1,10.0,31.7,26.7,39.2,42.2,4.9,5.0,3.0,5.9,39.0,42.6,16.2,5.0,15.0,15.0,22.0,26.3,5.1,4.0,8.1,11.1,8.0,6.1,12.1,13.0,22.2,21.8
1772521123.7598608,15.0,10.1,16.0,14.4,39.8,36.6,5.1,2.0,18.6,18.2,5.1,6.1,24.8,35.4,35.7,35.0,17.2,7.1,33.7,28.0,34.0,37.0,37.4,24.5,7.0,23.2,5.1,12.2,26.5,26.0,40.4,40.0,4.1,2.0,4.0,6.1,41.0,39.4,10.3,8.2,23.0,22.2,21.6,17.2,2.1,2.0,8.1,8.2,6.2,8.2,30.0,30.0,21.0,18.4
1772521124.7612948,13.1,5.1,11.2,20.2,32.0,35.0,4.0,3.0,6.1,4.1,4.0,5.1,27.0,30.3,13.3,15.3,4.1,8.2,34.3,39.4,33.3,38.0,36.0,36.6,4.0,34.0,5.0,7.0,25.7,26.0,36.6,25.7,5.1,2.0,4.0,1.0,45.5,37.3,3.0,3.1,28.3,23.2,21.2,21.2,4.0,5.0,8.1,9.1,6.1,11.0,9.2,12.2,15.2,23.0
1772521125.7613654,13.3,9.0,18.0,20.6,42.4,40.6,5.1,4.1,5.1,6.0,4.1,5.1,31.3,35.4,25.5,14.1,7.2,18.2,38.0,33.3,39.0,40.0,37.6,40.4,5.1,18.2,9.1,8.2,33.3,29.0,25.5,33.3,5.1,4.0,4.1,2.1,43.0,38.4,3.1,2.1,31.0,31.0,24.2,23.0,6.0,3.1,10.2,9.1,8.1,7.1,31.0,32.0,24.0,22.4
1772521126.7621615,14.3,7.1,22.2,17.0,39.4,39.6,4.1,1.0,18.4,7.1,7.0,6.1,27.0,38.2,35.0,30.0,6.1,2.0,34.0,39.6,40.6,41.6,20.4,21.8,5.9,19.2,8.2,4.0,26.3,35.0,20.0,40.0,2.0,5.1,2.0,3.0,30.7,49.5,3.1,2.0,36.4,36.0,26.0,25.0,3.1,5.1,10.0,10.1,5.2,10.0,10.1,13.1,22.2,21.0
1772521127.7658298,12.4,10.9,14.3,18.0,40.6,34.7,7.0,4.0,11.2,13.4,4.1,5.1,32.0,26.3,31.3,33.0,16.2,16.3,32.0,34.0,35.6,36.6,37.0,34.3,5.1,14.1,7.1,7.1,28.7,29.0,42.6,38.6,6.0,3.0,4.0,3.0,37.0,44.0,8.2,3.1,41.2,40.0,22.0,22.2,2.0,4.0,10.1,9.0,7.9,8.1,26.3,25.5,20.0,20.2
1772521128.7687876,13.4,8.0,14.0,17.2,39.4,35.3,3.0,5.1,3.0,3.1,4.0,4.0,27.7,33.7,19.4,18.2,9.2,14.0,36.4,30.3,37.6,34.7,44.6,37.6,3.0,3.0,7.1,5.1,28.7,25.0,23.0,24.8,3.0,2.0,2.0,9.2,40.6,40.8,5.1,4.0,39.4,40.6,18.8,25.0,3.0,5.0,7.1,8.2,6.1,7.1,16.0,17.0,19.0,23.0
1772521129.7710795,10.3,5.1,12.1,15.0,40.4,30.7,3.0,4.0,2.0,4.0,3.0,5.0,31.0,21.0,13.0,22.2,12.0,4.0,29.0,28.7,31.4,32.7,39.2,39.4,4.0,11.8,4.0,8.8,18.2,27.5,30.7,32.0,5.1,3.0,2.0,2.0,36.3,44.0,5.1,5.1,41.2,40.6,18.0,23.0,3.0,1.0,7.1,7.9,6.0,5.1,19.0,22.8,17.0,17.2
1772521130.7712443,13.3,9.2,18.4,15.5,36.7,38.6,4.1,4.2,11.3,19.2,6.0,7.1,22.4,31.6,30.3,34.7,17.2,15.6,35.4,28.6,39.0,37.6,38.8,45.5,6.1,4.1,9.2,7.2,29.6,26.5,41.4,39.4,7.0,4.0,4.1,3.1,42.6,38.2,16.2,31.6,41.0,42.0,19.2,19.2,5.1,1.0,10.1,11.2,6.1,8.2,21.2,22.2,29.3,16.3
1772521131.7766871,14.9,8.1,17.3,12.1,42.2,34.7,3.1,5.0,12.1,9.0,4.1,4.1,23.8,33.7,29.6,25.5,3.1,4.0,39.6,26.0,33.7,36.3,40.0,41.6,3.0,5.0,7.0,8.0,23.0,28.0,41.2,41.6,2.1,5.9,2.0,3.1,44.6,35.0,14.3,22.0,40.6,40.0,22.2,19.0,2.0,3.1,12.0,8.0,6.1,6.1,27.0,26.3,18.0,21.0
1772521132.7774932,15.0,9.0,20.0,13.1,40.0,37.6,7.1,2.1,4.0,5.1,5.0,5.1,28.6,29.0,18.4,29.0,15.2,15.2,33.7,33.7,32.7,36.6,42.6,37.6,5.0,5.0,6.1,8.2,27.0,34.0,41.6,40.6,3.0,4.1,4.0,2.0,37.6,41.6,4.0,3.0,40.6,40.0,24.0,17.6,3.0,4.0,9.0,8.1,9.0,6.1,22.0,18.4,19.4,20.2
1772521133.7783878,12.2,10.0,12.4,19.0,40.4,34.7,4.0,4.0,12.1,16.2,3.1,5.1,30.7,33.7,24.0,26.0,10.2,3.1,37.4,32.3,43.0,39.2,40.0,42.0,5.1,3.0,8.9,6.9,19.0,33.0,38.6,40.0,4.0,4.1,2.0,5.1,31.7,48.5,4.0,2.0,40.4,40.6,25.0,18.2,3.0,3.1,9.1,8.0,8.0,8.0,15.0,16.0,24.0,16.3
1772521134.7784638,14.3,8.1,21.2,14.4,42.4,37.0,3.1,6.1,12.2,9.1,6.1,5.1,33.0,27.3,22.7,31.3,8.2,17.2,35.0,33.3,41.7,39.0,28.9,32.3,3.1,5.1,6.1,7.1,33.7,28.0,31.3,43.6,4.0,5.1,3.1,2.0,38.4,40.0,2.0,4.1,41.6,41.0,16.2,29.3,2.0,3.0,7.1,10.1,6.1,7.1,25.3,26.5,22.2,18.4
1772521135.778545,12.4,6.1,19.4,16.3,18.8,51.0,4.1,5.1,6.2,4.2,5.1,6.0,26.5,30.7,27.6,25.5,3.1,12.1,34.3,37.4,36.0,40.2,35.0,37.6,4.0,5.1,8.2,10.0,24.2,33.0,39.0,39.8,4.1,4.1,3.1,2.0,47.6,34.3,3.1,3.1,41.0,40.6,24.0,21.0,3.1,2.0,7.2,10.1,7.1,8.9,13.0,13.9,22.7,20.0
1772521136.779732,10.4,9.1,21.2,12.1,37.0,40.0,4.0,3.0,4.0,5.0,6.1,3.1,32.3,28.0,28.0,18.4,17.2,8.2,38.0,33.7,38.2,38.0,31.7,33.0,4.0,5.0,8.0,6.1,24.2,33.3,48.0,31.7,3.0,3.0,3.0,2.0,41.0,41.0,2.0,2.0,37.0,38.4,19.4,19.4,3.0,4.0,9.9,10.1,6.1,7.1,24.5,28.6,19.8,21.0
1772521137.7807646,13.3,5.1,16.3,16.2,32.3,38.6,5.1,2.0,5.2,15.2,4.1,4.1,24.8,33.0,20.4,26.3,9.1,4.0,29.3,34.3,38.0,36.3,9.0,22.2,3.0,4.0,26.3,7.1,29.4,29.0,38.6,42.4,15.0,3.0,3.0,5.0,41.0,40.6,3.0,3.0,31.7,30.7,17.2,24.5,3.0,3.1,6.2,9.2,6.1,6.0,11.9,14.9,18.2,20.2
1772521138.781115,12.4,10.1,19.2,11.3,34.7,33.0,7.0,2.0,12.2,18.4,6.0,3.1,30.0,29.6,23.2,33.3,14.3,12.2,34.3,33.3,37.0,38.0,23.5,30.0,3.1,6.1,7.1,9.0,23.0,26.7,35.4,24.0,31.7,4.1,2.1,3.0,40.6,40.6,2.0,4.0,31.7,32.0,26.5,15.2,1.0,4.0,9.1,9.0,8.9,6.1,22.2,24.2,22.0,15.2
1772521139.7848873,14.9,10.1,16.2,14.1,32.7,44.1,4.0,3.0,4.0,3.1,4.0,5.0,28.0,31.0,24.2,23.2,9.0,3.0,32.0,33.7,33.7,37.6,41.2,39.6,5.9,3.0,5.1,10.0,33.0,22.2,24.0,14.1,21.2,16.2,3.0,3.0,44.6,41.0,3.0,3.1,18.0,18.0,17.2,21.2,3.0,2.0,8.0,9.2,6.0,8.0,17.2,19.0,18.8,20.2
1772521140.784953,11.2,8.0,15.2,12.4,28.6,42.0,6.1,3.1,4.1,4.0,5.1,6.9,30.0,26.3,20.2,13.3,12.1,17.2,35.0,32.3,36.6,35.6,39.6,42.4,3.0,6.0,7.1,4.1,28.0,22.2,39.4,21.0,2.0,28.7,8.2,1.0,41.0,38.2,3.0,4.0,11.1,11.1,19.2,17.0,3.0,5.0,6.9,8.1,3.1,6.1,10.1,13.1,20.4,14.1
1772521141.7866292,13.3,8.0,18.0,18.0,35.4,41.6,8.2,1.0,15.0,10.3,8.2,4.1,38.0,23.0,24.0,19.8,6.2,1.0,37.6,35.6,41.2,39.2,40.0,41.0,4.1,4.1,7.0,10.0,25.0,33.0,42.6,27.3,6.9,10.0,2.0,4.0,37.3,46.0,3.0,14.3,13.1,14.9,22.8,23.0,3.0,2.0,8.2,9.0,8.0,7.1,24.8,24.2,22.0,19.0
1772521142.7884352,14.0,10.1,18.2,21.4,38.0,36.0,7.1,3.0,14.3,10.2,9.1,5.1,28.0,38.6,34.0,27.3,18.0,14.0,39.0,35.7,39.6,41.2,42.4,37.6,4.0,4.0,9.2,6.1,33.0,29.0,44.6,21.8,5.1,3.1,6.0,5.2,40.6,41.0,10.1,16.2,23.2,23.2,29.3,21.0,6.0,3.1,12.2,10.1,7.1,9.0,18.2,16.0,27.3,22.4
1772521143.789518,16.0,10.0,24.2,21.2,33.3,44.6,5.0,4.0,4.0,4.1,5.1,4.0,27.0,41.0,25.5,28.3,8.2,3.1,35.0,38.6,41.6,39.6,38.6,30.7,6.0,4.0,7.1,9.1,33.0,34.0,41.0,41.0,4.0,3.0,4.0,5.0,50.0,31.0,3.1,4.1,14.1,13.3,26.5,29.0,5.0,5.0,9.1,9.1,7.0,8.1,25.7,24.2,23.2,22.8
1772521144.7939146,13.9,8.1,18.8,21.0,35.4,35.3,5.2,1.0,5.1,4.0,5.1,5.1,25.0,23.2,16.3,24.0,12.0,15.2,33.3,35.0,40.6,37.6,22.2,20.4,5.0,5.1,7.0,8.1,28.7,27.0,45.5,36.6,6.1,3.0,2.0,4.0,39.2,39.6,1.0,3.0,25.0,25.7,18.8,22.4,2.1,2.0,11.9,8.1,6.1,7.1,12.4,15.0,22.8,16.3
1772521145.7978497,13.1,7.1,14.1,17.0,36.4,36.6,10.0,2.0,11.2,14.3,6.0,6.1,30.0,30.0,28.3,22.2,5.0,9.1,34.0,38.6,36.3,36.6,40.6,38.0,3.0,6.9,7.1,8.0,29.3,29.0,36.3,42.0,5.0,2.0,3.0,3.0,52.9,31.0,5.0,3.1,31.3,32.0,23.0,23.8,4.0,6.0,7.1,8.0,4.0,8.1,26.2,21.2,22.0,19.2
1772521146.7993412,9.5,6.1,15.2,14.3,34.0,37.6,4.0,3.0,13.3,13.1,5.0,5.0,22.0,34.0,31.0,29.3,16.3,10.1,33.3,30.6,36.6,39.2,38.0,41.0,4.0,4.0,3.0,11.1,25.3,23.5,33.3,38.6,4.0,4.0,3.0,1.0,39.0,40.2,0.0,2.0,31.0,30.3,16.0,17.2,4.0,3.0,7.0,9.1,6.1,6.0,17.2,18.0,14.3,16.2
1772521147.8008819,13.1,11.0,20.4,25.0,42.0,39.2,5.1,3.0,3.0,11.1,2.1,9.1,31.0,36.4,25.3,27.3,11.0,3.0,37.0,38.2,38.4,41.0,34.7,33.7,4.1,4.0,8.1,7.1,35.3,34.0,47.5,36.6,4.0,4.0,6.0,4.1,47.5,33.0,3.1,3.1,37.0,37.0,31.6,26.7,2.1,3.1,10.0,11.1,7.1,5.2,21.2,20.0,25.0,26.0
1772521148.8027756,15.0,9.0,22.0,17.5,40.4,39.2,5.1,3.0,3.1,4.1,5.0,7.1,35.6,29.4,19.2,19.2,13.3,15.2,40.6,31.7,37.3,39.6,32.7,39.0,5.0,4.0,11.9,12.9,30.0,27.3,34.3,35.0,8.1,3.1,2.1,4.0,52.4,27.0,2.0,5.0,39.6,41.2,21.0,27.0,4.0,5.0,10.2,9.0,7.0,8.1,20.0,22.0,25.0,24.2
1772521149.8036747,12.4,7.1,14.1,20.8,36.4,39.6,3.1,2.0,13.3,18.2,7.1,5.1,33.7,24.2,36.0,34.3,7.1,18.4,40.4,33.3,41.6,40.2,36.6,45.5,6.1,5.0,9.0,5.1,27.3,30.4,30.0,39.6,5.1,3.0,2.0,3.1,48.5,30.4,8.1,12.2,42.0,40.0,22.2,22.4,6.1,4.0,8.0,8.2,5.1,8.2,25.0,22.2,19.2,16.2
1772521150.803744,14.3,9.1,13.3,15.5,41.0,37.0,4.0,3.0,10.1,8.2,3.1,6.1,34.0,26.0,25.8,29.6,7.2,4.1,38.4,32.3,37.0,42.2,36.4,45.0,4.0,5.1,6.1,7.0,31.7,27.3,22.0,41.4,4.0,2.1,7.1,1.0,41.2,43.0,24.2,35.4,41.6,40.4,23.0,20.0,5.1,3.1,9.1,9.1,6.2,7.1,17.0,13.3,16.3,20.4
1772521151.8049157,15.0,6.1,15.2,17.2,30.0,35.0,2.0,1.0,3.0,3.0,5.1,2.1,24.2,27.6,18.0,17.0,13.0,2.0,28.0,32.0,35.6,34.7,34.7,44.0,4.0,4.0,4.1,6.1,18.2,27.0,28.0,43.6,4.0,3.0,7.1,3.0,34.0,47.5,5.1,6.1,40.6,40.6,15.0,16.2,3.0,2.0,5.1,7.1,7.0,7.0,21.2,22.0,19.0,16.8
1772521152.8056781,13.1,7.1,14.9,16.2,39.8,35.3,4.0,2.0,2.0,3.1,3.1,4.0,26.7,28.0,14.1,19.2,9.2,9.1,35.4,32.0,36.6,35.0,20.4,41.0,2.0,5.0,6.9,5.1,26.3,24.2,41.6,30.7,2.0,5.0,8.1,2.0,37.0,43.0,2.0,3.0,40.6,41.2,20.2,19.8,5.0,3.0,5.9,9.0,6.1,5.1,19.2,19.4,18.0,16.3
1772521153.8057647,13.3,12.0,19.4,21.2,43.0,31.7,5.1,3.0,13.3,19.0,6.0,6.0,31.3,32.7,30.3,32.0,2.0,10.1,38.6,32.3,34.0,39.6,32.3,37.6,4.0,4.1,9.1,6.1,33.7,35.0,36.4,24.5,5.0,4.0,3.0,3.0,44.0,33.3,5.1,3.1,40.6,40.0,23.0,27.3,6.9,4.1,9.2,13.0,8.1,8.1,15.2,15.0,23.5,23.2
1772521154.805852,13.0,8.2,12.2,19.2,49.0,24.0,4.1,2.0,12.2,6.1,4.1,5.1,24.8,29.3,29.9,25.5,17.8,9.2,30.3,34.0,38.6,39.6,36.0,42.0,4.1,4.0,9.1,9.1,27.0,26.3,46.1,26.3,5.1,2.1,3.0,4.0,39.2,40.0,5.1,2.0,42.0,40.0,26.0,19.0,3.1,5.0,7.1,9.2,6.1,6.1,24.5,21.2,19.0,18.2
1772521155.8076248,11.2,7.1,19.0,17.3,28.6,47.5,13.1,2.0,3.1,4.0,3.1,5.2,28.0,36.6,21.2,21.2,12.4,3.1,33.3,38.6,39.2,38.6,42.0,40.0,6.0,2.0,7.1,5.1,30.0,31.7,43.6,36.6,3.1,3.0,3.1,3.0,34.0,45.1,4.1,2.0,40.6,40.0,17.3,26.3,5.1,3.0,8.1,8.1,7.1,7.1,16.0,14.1,22.2,19.2
1772521156.8094692,13.0,8.2,18.0,15.0,36.0,35.3,3.0,3.1,5.0,6.0,6.0,5.0,24.2,30.0,27.3,21.2,11.1,16.0,34.0,29.6,35.6,36.3,39.6,41.6,3.0,6.0,10.0,8.2,22.8,28.0,37.0,39.0,7.0,4.0,2.0,2.1,46.5,41.0,8.0,2.0,32.0,31.7,26.0,14.0,2.0,4.0,12.0,7.9,8.0,6.1,25.0,22.2,22.0,17.0
1772521157.8104415,12.1,9.9,17.0,16.2,31.3,45.5,4.0,2.0,12.2,15.3,5.1,4.1,32.3,33.0,31.3,32.7,6.1,6.2,37.6,34.0,37.0,37.0,40.4,41.0,3.0,5.1,9.2,6.0,27.3,33.7,39.6,27.3,3.0,3.0,4.0,4.0,38.0,43.0,5.1,3.0,31.7,31.0,19.0,23.0,2.0,5.0,9.1,8.1,10.1,7.0,15.2,14.3,24.0,16.3
1772521158.8109548,8.3,9.2,13.3,14.3,38.8,25.0,5.1,3.0,12.1,5.1,3.1,3.0,25.7,29.3,18.4,25.5,15.2,12.0,30.9,31.3,37.6,35.6,39.0,36.6,3.0,3.0,6.0,5.1,28.0,22.8,33.0,28.0,4.0,2.0,3.0,1.0,31.7,44.0,3.1,2.0,32.0,32.0,19.0,17.0,4.0,4.1,6.1,6.1,6.1,6.2,22.2,23.2,17.3,18.4
1772521159.8143032,14.3,10.0,19.6,19.0,53.5,28.7,4.0,3.0,5.1,4.0,8.0,5.9,27.3,33.7,14.1,20.8,1.0,6.0,36.0,37.3,38.2,40.8,29.7,30.0,3.1,4.0,6.9,6.1,29.7,32.0,25.0,36.6,6.0,3.0,2.0,2.0,46.1,34.7,1.0,4.0,24.8,22.8,20.0,25.7,3.0,2.0,10.1,9.1,7.0,7.9,20.0,18.8,23.0,21.2
1772521160.8143806,9.5,6.1,15.5,7.1,25.5,38.6,3.0,1.0,3.1,2.0,4.1,3.0,32.0,24.0,15.3,22.4,11.0,14.3,32.0,31.6,33.3,33.3,20.4,19.2,5.0,4.0,4.1,7.1,23.2,26.7,37.6,30.0,3.1,3.0,9.0,2.0,39.4,35.6,3.0,2.0,21.0,21.0,18.2,17.2,4.1,0.0,9.1,5.1,4.1,4.1,12.1,11.2,21.2,14.0
1772521161.8160172,14.1,8.9,12.0,17.0,31.3,42.6,2.1,2.0,13.3,13.3,7.9,6.1,27.3,26.3,30.7,29.6,9.2,4.0,38.6,28.7,35.6,35.6,22.0,24.0,4.0,5.1,8.0,7.1,21.2,33.3,41.0,18.8,5.0,4.1,6.1,3.0,38.0,48.5,9.0,2.0,24.2,23.2,19.0,17.0,3.1,3.0,9.9,6.1,7.0,6.1,23.2,22.0,19.0,19.0
1772521162.8192983,12.1,10.0,17.8,17.5,37.4,39.2,4.0,4.0,11.0,7.1,4.0,6.1,28.7,31.7,21.6,30.0,15.2,10.2,32.0,34.7,40.8,40.6,40.0,40.0,5.0,8.1,6.1,5.9,24.8,31.0,41.0,42.0,4.0,3.0,7.0,3.0,30.4,48.5,12.2,8.0,21.8,21.0,22.2,19.0,6.9,3.0,8.1,11.9,7.9,7.0,18.0,17.8,19.2,18.4
1772521163.820744,14.0,8.0,17.3,14.1,37.0,38.6,7.1,1.0,9.1,4.0,4.1,4.0,31.0,29.3,20.8,19.0,5.0,9.1,33.0,30.3,38.2,36.3,41.6,40.0,3.0,5.0,5.0,8.0,26.7,34.7,39.6,42.2,2.0,5.1,4.0,5.1,37.0,44.1,6.0,3.0,21.0,22.0,20.8,22.2,5.0,2.0,8.0,7.0,5.1,7.1,10.0,11.1,17.0,17.0
1772521164.8248138,13.0,7.1,19.8,20.2,41.0,22.8,6.1,2.0,5.1,6.0,5.0,4.1,24.8,28.7,24.2,19.0,9.2,8.1,34.7,34.3,34.7,35.0,42.6,38.6,3.0,3.0,5.0,7.1,30.0,23.0,39.0,42.6,4.0,4.0,4.0,4.0,41.6,38.6,5.1,3.0,18.2,26.0,20.0,21.8,4.0,1.0,9.2,9.0,6.1,7.1,24.8,23.0,18.2,22.0
1772521165.825074,12.4,6.1,15.3,14.0,42.0,34.0,3.0,3.1,15.3,11.3,6.1,7.9,25.3,29.0,35.7,24.7,9.1,12.1,32.0,38.6,34.7,33.0,44.1,32.0,5.0,5.1,8.2,5.1,26.0,28.7,46.6,35.6,3.0,4.0,2.0,3.0,39.0,41.0,6.0,2.0,22.0,20.2,20.2,15.2,3.0,2.0,10.1,6.0,7.1,6.1,11.1,12.2,15.2,18.4
1772521166.8308148,14.3,8.1,18.0,17.0,27.6,43.6,4.0,5.9,16.8,3.1,4.0,6.1,34.0,24.0,24.5,29.7,8.2,10.2,33.3,39.0,36.0,34.3,35.0,25.3,4.1,4.0,10.9,5.9,22.0,31.0,36.6,28.0,3.0,4.0,3.0,3.1,39.0,43.1,2.1,5.1,35.0,29.0,22.0,22.0,7.0,3.0,7.1,9.1,7.0,5.1,30.3,31.7,19.2,20.8
1772521167.8353994,11.2,9.0,17.2,15.0,25.5,50.0,4.0,0.0,8.1,4.0,6.0,4.0,30.7,25.7,22.0,21.0,9.1,7.1,34.7,34.0,36.3,36.3,42.6,38.0,5.0,5.0,6.0,7.1,24.0,28.0,33.3,33.0,4.0,4.0,5.9,4.0,42.7,38.0,5.1,2.0,31.4,31.0,21.8,18.6,7.1,1.0,6.9,9.0,6.1,7.0,14.0,12.2,15.7,23.2
1772521168.8379166,15.0,10.1,14.1,18.6,19.6,51.5,3.1,3.0,7.0,12.1,5.1,5.2,31.6,27.3,27.0,20.4,12.0,18.4,37.4,32.3,38.6,43.6,42.0,40.6,5.1,2.0,6.0,10.1,28.3,31.0,42.2,38.0,5.1,4.1,5.2,5.2,48.0,34.7,3.0,1.0,32.0,31.0,21.2,19.4,3.0,3.0,8.2,6.1,6.1,7.1,26.7,26.0,25.8,15.3
1772521169.8385968,11.2,9.1,17.3,16.2,38.4,36.3,6.0,1.0,13.3,12.4,2.0,5.1,33.0,27.0,34.0,31.3,4.1,8.0,33.0,36.4,35.6,40.6,40.4,39.8,1.0,7.0,6.1,7.0,22.2,38.4,31.6,38.4,2.0,5.0,2.0,3.0,35.6,38.0,3.1,2.0,43.0,40.0,22.4,19.0,2.0,2.0,8.0,13.0,7.1,7.1,17.2,17.2,24.0,13.1
1772521170.839134,11.5,8.1,18.0,16.2,43.0,28.0,3.1,5.1,6.1,4.1,6.0,6.0,28.3,28.3,22.2,23.5,18.2,12.4,35.7,32.7,35.3,38.6,39.6,37.6,6.0,3.1,7.1,4.1,23.8,31.0,26.0,37.6,3.0,3.0,1.0,3.0,42.0,41.0,11.1,9.3,41.6,40.0,19.0,22.0,3.0,2.0,10.1,7.1,5.2,5.2,13.4,15.3,20.2,17.5
1772521171.8392248,12.2,8.1,11.2,18.2,38.4,32.7,2.0,2.0,8.1,5.1,3.1,5.1,29.0,27.3,20.4,20.2,4.1,5.1,31.7,32.3,38.6,32.4,35.4,38.0,2.0,6.0,9.1,5.1,20.2,35.0,39.4,29.0,5.1,4.1,3.0,4.0,28.7,52.5,28.6,29.3,39.4,41.2,15.2,23.5,2.0,2.0,7.1,8.1,6.1,9.1,30.3,24.5,21.4,22.0
1772521172.8398514,12.4,13.1,16.2,14.1,45.0,25.3,6.1,3.1,5.1,11.2,5.1,3.1,31.3,28.0,35.4,23.5,15.0,16.2,40.4,34.7,38.6,36.0,30.0,32.3,5.0,3.1,6.0,7.1,30.0,26.7,35.6,9.2,4.0,5.1,2.0,3.1,43.6,34.7,7.1,8.1,40.6,41.4,19.8,21.8,4.1,1.0,7.1,7.1,9.0,5.1,7.1,9.9,17.0,22.2
1772521173.840645,18.4,33.3,23.2,18.4,30.6,52.5,6.1,3.0,13.4,11.2,4.1,6.1,24.2,42.0,31.3,28.6,6.1,4.1,36.4,38.0,41.2,42.6,41.0,38.4,2.0,6.9,7.1,5.1,36.0,39.0,43.0,31.7,3.0,4.0,3.0,3.1,44.0,37.0,4.0,2.0,40.0,40.0,26.0,28.3,2.0,3.1,8.2,12.0,8.1,8.0,30.7,31.0,23.5,25.0
1772521174.8407123,19.6,11.0,20.0,22.0,32.7,42.2,5.0,5.1,11.1,4.0,6.0,4.0,38.0,26.0,19.2,17.3,15.2,17.2,36.0,29.0,35.6,35.6,41.6,37.6,10.0,6.1,8.1,7.1,27.7,22.2,40.6,40.0,4.0,5.0,2.0,4.0,50.0,32.0,3.0,3.1,40.0,41.0,24.5,16.0,4.0,4.0,8.1,8.1,7.1,5.1,9.1,8.1,21.8,22.0
1772521175.8407931,10.3,8.1,21.2,18.2,33.0,44.6,22.4,4.1,3.1,3.0,4.1,5.1,26.3,28.0,23.2,24.0,2.1,4.0,32.0,28.6,34.0,38.0,37.4,27.3,5.0,5.1,8.2,6.0,30.3,24.2,26.7,34.3,4.0,4.1,3.1,0.0,35.4,43.4,3.1,4.0,35.0,35.0,20.8,24.8,2.0,4.0,7.1,12.0,7.1,5.1,29.0,29.0,15.5,20.4
1772521176.8439121,13.3,5.1,12.1,18.4,39.6,31.7,38.0,5.0,9.2,5.1,5.1,4.0,37.3,24.2,31.3,32.0,12.9,8.2,36.4,32.7,35.3,38.8,23.8,30.3,3.1,11.0,5.0,7.1,24.8,31.0,30.0,30.1,4.0,6.1,3.1,2.0,38.2,44.1,4.0,1.0,30.7,30.7,17.0,22.2,4.0,3.0,6.1,11.0,5.1,7.0,12.0,13.9,15.0,24.2
1772521177.8459132,11.3,9.1,16.2,19.2,35.4,45.5,40.6,3.1,13.1,13.1,4.0,8.0,31.0,31.7,30.0,27.6,11.2,10.1,39.0,32.0,41.2,41.2,37.6,42.6,6.0,9.1,9.2,6.1,26.0,32.3,45.5,15.2,6.0,7.0,2.0,5.9,41.0,40.2,2.0,4.0,32.0,31.7,23.8,24.0,5.0,2.0,9.9,6.1,8.0,9.0,27.0,25.3,26.7,21.2
1772521178.8471463,14.0,9.1,13.1,17.2,23.7,39.6,33.3,5.0,11.1,2.1,4.1,6.1,28.3,29.0,19.4,22.2,13.3,13.1,31.0,36.4,33.0,37.0,37.8,41.2,4.1,3.1,7.0,9.9,30.0,21.0,37.4,27.3,5.1,9.1,4.0,1.0,29.7,51.0,2.0,3.1,31.0,30.7,21.6,14.1,3.1,3.0,7.1,9.1,5.1,6.1,14.1,15.3,14.4,20.2
1772521179.8472328,11.2,8.1,15.2,16.0,27.3,46.5,30.6,2.0,3.1,4.0,3.1,6.0,24.0,26.3,26.3,25.0,7.1,6.1,30.7,33.0,34.0,34.7,40.6,21.4,3.0,5.0,7.1,7.0,36.0,25.3,35.0,28.0,4.0,2.0,2.0,2.0,41.6,37.6,3.0,4.0,27.0,28.0,19.2,14.0,3.1,1.0,7.0,9.0,6.1,7.0,21.8,22.0,19.0,16.3
1772521180.8568218,11.0,10.9,19.2,17.2,37.4,34.7,5.9,2.0,12.0,8.2,6.1,5.0,32.0,28.4,26.7,25.5,11.0,16.2,35.6,35.6,38.2,39.8,37.6,35.4,4.0,7.8,8.0,8.1,29.0,29.7,24.8,20.8,5.0,4.0,3.0,4.0,54.5,28.4,4.1,5.1,32.4,31.7,22.8,29.7,5.0,4.0,12.0,7.0,7.9,7.1,21.0,21.0,16.8,28.7
1772521181.8568957,10.5,8.2,18.2,12.2,45.0,32.7,5.0,2.1,17.2,8.1,5.1,5.1,28.3,30.0,27.0,30.0,4.1,14.1,36.4,36.0,37.6,36.4,39.4,43.1,5.0,2.1,6.1,5.1,30.0,24.8,24.0,30.0,4.0,4.0,2.0,1.0,45.5,32.7,10.1,13.3,32.7,30.7,18.0,25.3,1.0,3.1,11.0,8.1,6.1,6.0,19.2,21.8,25.5,14.3
1772521182.856989,12.1,10.1,16.2,15.3,42.0,34.7,3.0,2.0,4.1,7.1,4.0,5.1,33.7,28.3,21.2,21.4,9.1,6.2,30.3,36.0,41.6,34.3,41.6,39.4,5.1,3.0,6.1,6.1,25.0,33.0,20.0,18.2,4.0,3.0,3.0,4.0,36.6,44.0,4.0,5.0,31.3,30.7,12.0,28.3,3.1,5.0,6.1,7.1,5.1,6.1,16.2,15.2,20.0,19.0
1772521183.8570726,12.2,8.0,12.2,18.2,39.8,34.0,5.1,1.0,5.0,2.0,5.1,4.0,32.7,21.2,24.2,24.0,12.1,13.1,38.6,26.3,37.4,33.7,42.6,39.0,4.0,5.0,5.1,7.1,35.6,16.2,24.2,11.1,3.0,3.1,5.0,4.1,35.0,45.0,4.0,2.0,24.0,25.7,18.0,24.0,5.0,2.0,15.0,6.1,6.1,6.1,22.0,19.2,14.3,23.2
1772521184.8591402,14.3,7.1,18.4,16.2,40.6,34.3,4.0,4.0,7.0,11.2,6.0,5.0,32.7,30.3,25.5,25.3,14.1,12.0,35.0,34.0,39.2,43.1,41.0,37.0,2.0,7.1,7.9,8.0,29.3,28.6,36.3,34.7,3.1,3.0,4.1,3.0,38.4,45.1,8.0,4.0,27.0,31.3,25.0,20.0,4.0,2.0,8.1,10.0,7.0,8.1,19.8,20.0,19.0,22.2
1772521185.8616147,13.4,8.2,21.2,20.0,39.4,38.0,5.1,3.1,14.3,23.2,4.1,6.1,33.3,30.7,33.7,36.4,6.1,11.0,35.0,37.4,41.2,39.8,29.4,32.7,5.0,4.0,8.1,6.0,27.7,37.6,41.0,41.6,7.9,6.1,4.0,8.1,45.5,34.7,4.1,4.1,32.7,31.7,24.0,26.5,3.1,4.0,12.1,9.0,8.0,8.1,22.2,23.0,28.0,20.8
1772521186.8659387,11.1,10.0,16.5,13.3,39.8,33.3,3.1,2.1,3.0,4.0,4.0,6.1,30.7,28.3,21.2,23.0,11.1,6.1,34.3,37.6,35.6,36.0,41.4,41.0,4.0,5.0,8.1,7.1,26.3,28.3,35.0,46.0,4.0,3.0,1.0,2.0,34.7,45.0,4.1,1.0,22.2,22.0,16.0,26.5,4.1,4.0,13.9,7.1,4.1,9.1,15.2,14.3,17.2,25.0
1772521187.8665369,14.1,7.1,14.4,18.0,37.4,40.6,5.1,3.0,3.1,3.1,5.1,4.0,26.0,32.3,17.2,17.2,7.1,11.2,33.3,34.0,36.6,41.2,39.0,42.6,5.0,4.1,9.1,7.1,29.0,29.4,39.6,37.3,5.1,2.0,3.1,2.0,38.6,40.6,7.1,5.0,28.3,19.6,22.2,17.8,4.1,1.0,9.1,9.9,6.1,6.1,18.2,22.0,20.0,16.3
1772521188.8712373,13.3,9.1,22.0,16.3,40.0,41.6,6.0,3.0,18.0,5.1,5.0,4.1,30.0,38.5,27.6,28.3,12.0,17.0,32.4,39.4,36.6,37.0,39.4,40.0,24.5,5.1,5.1,10.1,31.7,25.3,40.6,42.0,4.1,6.0,5.0,9.1,34.0,48.5,2.0,6.2,31.0,30.7,22.8,20.2,5.0,5.1,10.9,7.1,9.0,5.1,18.8,19.0,20.0,22.0
1772521189.872739,10.3,8.1,18.4,18.2,39.6,32.7,4.1,9.0,11.3,16.0,3.1,5.1,24.2,33.3,32.3,37.0,10.3,4.0,36.0,36.6,36.6,38.2,43.0,39.0,4.0,5.1,9.0,8.2,24.2,31.0,40.0,33.7,3.0,3.1,3.1,5.1,34.3,47.5,2.0,4.0,31.0,30.3,22.2,21.2,2.0,6.1,8.1,7.2,6.1,6.1,26.0,21.6,14.9,23.5
1772521190.8741925,13.0,9.1,16.2,19.2,42.0,33.0,3.1,3.1,4.0,6.1,7.1,5.1,21.0,39.4,20.4,20.4,9.2,16.2,32.3,35.4,38.6,37.6,41.4,29.3,5.0,4.0,11.1,4.1,29.6,35.0,37.0,14.3,3.1,4.0,1.0,6.1,37.4,42.2,6.1,5.2,38.0,37.0,22.8,22.0,2.0,4.0,5.1,10.1,8.2,7.1,17.0,18.0,21.4,23.2
1772521191.8742883,11.1,10.1,12.4,19.4,30.3,33.7,4.1,1.0,8.1,10.1,7.1,10.1,30.0,28.0,14.0,20.2,11.1,3.1,39.0,31.3,36.6,40.0,22.2,26.0,6.0,5.0,9.0,9.0,25.5,28.0,34.0,24.8,4.0,6.1,3.0,2.0,30.0,49.0,34.7,24.0,40.6,41.6,17.3,23.2,2.0,5.1,14.1,8.0,6.1,9.1,24.0,26.7,18.2,19.8
1772521192.8758564,10.3,9.1,19.0,16.2,37.4,36.6,6.0,2.0,6.2,9.2,6.1,5.2,21.0,36.6,24.5,30.6,8.2,15.3,32.3,32.7,36.0,37.3,32.7,26.0,6.0,4.0,4.1,7.2,30.4,31.0,35.0,47.5,3.0,4.0,2.0,2.0,47.5,33.3,13.4,13.1,41.0,39.6,22.2,21.0,2.0,6.1,10.0,10.1,7.1,7.1,14.3,16.2,18.0,22.4
1772521193.8792677,14.0,6.1,14.1,15.2,35.7,35.3,5.1,2.0,15.0,13.3,3.1,5.9,28.3,24.2,34.0,32.3,2.1,13.9,30.7,41.4,33.3,37.3,23.2,23.0,4.0,2.0,10.1,7.0,30.3,23.0,40.6,22.0,3.0,3.0,2.0,4.0,40.8,45.0,3.0,3.1,40.6,40.6,21.0,21.8,4.0,7.0,8.1,7.1,7.1,6.0,26.5,23.0,17.0,20.2
1772521194.8847246,14.1,8.1,19.2,16.3,33.7,41.6,4.1,2.0,5.1,4.0,7.0,2.0,28.0,32.7,20.4,22.8,11.0,13.0,32.0,37.3,40.6,37.0,25.0,23.0,3.1,5.1,6.0,12.1,29.7,33.3,45.0,30.7,4.0,5.0,3.0,3.0,30.0,48.5,2.0,2.1,32.7,33.7,16.0,27.3,2.0,5.1,5.1,9.1,8.0,6.1,17.2,16.0,18.2,24.0
1772521195.8848212,13.3,8.1,21.2,12.1,30.9,41.6,5.1,4.0,5.2,13.0,4.1,3.1,28.0,30.7,23.0,20.6,1.0,13.3,32.3,33.7,37.0,39.6,32.0,31.7,6.9,2.0,5.2,8.1,27.0,34.3,39.6,42.0,3.0,6.0,2.0,3.1,40.6,40.8,5.1,2.0,32.0,31.0,22.0,23.8,3.0,8.0,10.1,7.1,4.0,7.1,17.2,20.2,22.2,19.4
1772521196.8860319,12.9,9.2,14.0,22.2,39.4,37.0,6.1,3.0,5.1,8.2,6.1,5.1,22.0,42.0,25.5,26.5,10.1,14.1,37.6,37.6,39.2,40.6,34.0,33.3,5.1,5.1,8.0,5.2,34.0,27.7,34.0,46.5,3.1,2.1,1.0,3.1,37.0,46.1,3.0,3.1,30.7,31.7,25.0,22.4,4.1,7.1,9.0,7.9,6.1,8.0,19.2,21.0,16.2,23.2
1772521197.886538,13.3,9.0,20.4,19.0,36.0,37.3,8.0,5.1,11.2,15.3,4.1,4.1,28.3,33.7,29.3,29.0,16.2,4.0,32.3,41.0,37.0,35.6,42.0,39.0,5.9,6.1,7.1,11.9,32.0,29.0,21.2,41.6,6.0,5.1,4.0,3.1,48.0,34.3,3.0,4.0,31.0,32.0,20.4,27.7,7.1,2.0,13.0,8.2,7.9,6.1,20.8,18.2,23.0,23.2
1772521198.8888702,13.3,8.2,19.2,24.5,33.0,43.6,7.1,4.1,5.1,7.1,7.0,7.1,35.7,33.0,21.2,23.2,9.1,8.2,38.8,33.3,39.6,42.2,43.0,38.4,2.1,4.0,7.1,7.1,31.0,33.3,27.0,36.0,4.0,4.1,2.0,6.1,50.5,30.7,3.0,3.1,31.0,31.0,28.7,23.0,5.1,3.1,12.0,11.2,7.1,8.1,21.0,21.2,25.3,22.2
1772521199.8890553,10.3,10.0,16.2,18.6,39.0,38.2,6.0,2.0,8.1,7.2,6.1,5.1,32.7,29.3,28.3,28.3,10.2,12.9,24.8,36.0,37.6,38.6,40.4,42.2,6.9,4.1,5.1,7.1,31.7,33.7,31.3,41.4,3.0,4.1,3.0,2.0,42.6,36.4,3.0,2.0,33.7,35.0,23.2,18.0,3.0,3.0,9.1,8.0,6.1,7.1,22.0,24.0,19.2,18.4
1772521200.8955162,13.9,10.1,20.2,18.0,31.6,42.6,3.0,3.0,15.2,12.2,5.0,6.0,34.0,25.7,29.0,28.3,10.1,15.2,34.7,37.6,36.3,39.6,34.7,37.6,2.0,5.1,7.1,6.1,20.4,38.0,38.8,40.0,2.0,5.0,1.0,3.0,40.2,42.6,4.0,12.9,30.7,30.7,23.2,22.8,2.0,7.0,7.1,6.1,8.9,7.0,21.0,19.2,15.3,24.8
1772521201.8967927,11.1,9.1,20.4,10.2,37.4,33.0,3.1,3.1,11.1,5.1,3.1,3.1,29.6,31.3,26.3,27.7,11.0,2.0,34.0,36.0,38.6,41.6,30.3,25.3,5.1,4.0,8.0,7.0,31.7,26.0,30.0,32.0,5.0,5.0,3.0,3.0,37.0,42.2,8.0,13.1,30.0,33.0,24.8,17.2,2.0,5.1,6.1,9.2,4.1,6.1,18.2,20.0,22.8,20.6
1772521202.8968754,10.4,9.1,15.2,18.4,34.0,36.0,5.0,3.0,2.0,4.0,4.0,5.1,31.7,32.0,21.2,22.2,11.2,13.3,24.5,36.4,33.0,34.0,30.0,27.3,2.0,5.1,5.2,7.0,28.7,27.7,37.0,32.7,4.0,6.1,5.0,2.0,39.0,39.4,4.0,2.0,31.7,31.0,23.0,23.0,4.0,6.1,7.1,9.9,7.1,6.1,9.2,10.2,19.4,19.0
1772521203.8979716,11.3,6.1,16.5,9.1,34.7,40.2,2.0,4.0,3.1,5.1,4.1,5.0,15.2,31.0,21.0,22.4,9.1,3.0,34.7,30.0,31.7,38.2,28.3,33.0,3.0,5.0,7.0,6.1,17.2,30.3,27.0,40.0,4.1,1.0,6.2,4.1,40.6,43.1,4.0,2.0,32.7,30.0,11.0,21.0,2.0,4.0,9.0,7.1,5.2,4.0,28.7,32.4,18.0,15.0
1772521204.898053,9.5,10.1,19.8,13.3,31.6,44.0,3.1,1.0,12.4,10.2,4.0,4.1,31.7,31.6,21.6,24.7,12.1,10.3,34.0,33.3,34.7,34.7,37.0,44.0,4.0,4.1,8.1,8.1,31.0,24.0,24.0,42.4,2.0,4.1,4.0,4.0,41.0,38.0,8.1,3.0,39.0,34.0,21.2,23.2,3.1,1.0,12.1,8.2,8.9,6.1,6.2,6.2,20.0,20.6
1772521205.8986773,13.0,9.1,13.1,13.1,34.3,30.7,3.0,3.1,15.3,11.0,5.1,5.0,32.0,19.6,26.7,29.0,9.1,5.1,34.7,22.0,32.4,36.0,41.2,40.0,6.9,4.0,7.0,6.9,31.3,19.0,43.6,26.5,3.0,7.9,2.0,3.0,47.1,38.6,2.0,3.0,31.0,30.7,18.0,16.2,3.0,3.0,4.0,12.0,6.1,6.1,28.7,30.0,17.2,18.0
1772521206.8996575,9.5,10.0,13.3,19.0,39.6,38.6,3.0,3.0,3.0,4.1,5.1,6.2,31.0,25.3,21.2,22.0,7.1,5.1,27.3,38.0,37.0,35.0,41.4,22.0,4.1,2.0,8.2,4.1,29.0,28.0,29.7,31.3,3.0,4.0,4.0,2.0,41.8,38.0,2.1,2.0,30.0,30.7,21.0,22.2,4.0,1.0,7.0,10.1,5.1,7.1,15.0,12.1,22.2,12.4
1772521207.9007926,11.2,10.1,18.6,12.2,36.7,35.0,4.1,3.0,4.1,4.0,5.1,5.1,25.7,30.3,28.0,24.5,18.0,8.2,29.3,35.4,33.7,39.8,37.4,24.2,5.0,2.0,6.0,10.0,27.0,27.7,32.3,42.6,1.0,3.1,2.0,3.0,40.8,40.6,3.0,4.0,29.7,29.3,20.0,20.8,3.0,4.0,7.1,7.1,9.8,6.1,14.0,10.2,14.3,20.0
1772521208.9031858,12.9,11.1,19.0,15.2,42.6,36.6,5.1,3.1,8.1,7.2,4.2,6.0,33.0,30.3,22.4,22.4,4.1,5.1,35.0,38.0,40.2,34.0,22.0,37.0,6.0,3.0,8.1,10.2,28.0,33.7,40.0,40.4,5.1,5.1,2.0,9.2,49.0,32.7,1.0,3.1,21.4,21.2,21.2,25.0,2.0,4.1,9.1,11.0,6.2,6.1,24.0,27.0,27.0,20.2
1772521209.9043238,11.1,9.0,19.0,14.3,38.4,32.0,7.0,2.0,24.0,17.0,5.0,5.1,30.0,26.0,27.0,26.5,15.3,15.2,36.4,34.3,39.6,36.6,30.3,26.7,5.1,4.0,6.1,9.0,26.0,29.7,35.6,44.6,3.0,4.0,5.1,7.0,42.2,40.0,2.1,6.2,28.0,24.2,13.1,27.3,3.0,6.0,8.1,7.1,7.9,8.2,16.2,19.0,17.0,27.0
1772521210.9055204,11.2,9.1,20.2,14.1,35.1,39.0,2.1,4.0,3.1,2.0,5.0,4.1,33.0,29.0,22.2,25.0,3.1,2.0,31.0,36.6,37.0,35.0,42.0,39.4,5.1,3.0,7.2,5.9,32.0,31.0,37.0,33.0,2.0,4.0,3.0,1.0,37.0,42.0,6.1,1.0,32.3,32.0,21.0,26.3,1.0,2.0,5.1,10.2,7.1,7.1,17.3,18.4,21.0,21.4
1772521211.906504,11.3,6.1,13.1,23.5,33.0,36.6,4.0,2.0,4.0,4.1,8.2,6.0,26.0,33.7,30.0,30.3,16.3,19.2,36.0,37.0,36.9,40.6,41.0,41.6,7.0,4.0,10.0,7.1,30.0,31.0,41.2,38.6,5.0,7.1,2.0,4.1,45.5,34.7,24.0,28.0,30.7,33.7,18.8,22.8,4.0,4.0,10.9,10.9,8.0,6.1,24.8,25.7,22.2,16.2
1772521212.9079595,14.1,8.2,21.4,16.2,44.4,33.7,5.1,4.1,18.6,24.2,3.1,5.1,28.3,35.0,21.4,20.4,5.1,4.1,35.0,40.4,39.4,39.6,40.0,41.6,7.1,5.1,7.1,8.2,35.0,32.0,14.3,29.0,3.1,2.0,5.1,6.0,44.7,40.6,19.4,17.5,39.0,42.6,25.3,27.0,3.0,2.0,9.1,12.0,6.1,8.1,12.2,12.1,21.4,26.0
1772521213.9095771,10.5,12.9,13.3,16.2,27.8,39.6,4.0,3.0,6.1,3.1,5.1,3.1,35.0,23.8,25.3,24.2,18.2,11.2,34.3,37.0,37.3,34.0,38.0,39.0,5.1,5.0,7.1,10.1,30.3,21.0,36.6,37.4,6.9,3.0,2.0,2.0,41.0,35.6,2.0,4.0,37.0,34.3,19.4,15.3,2.0,6.0,9.2,7.1,10.0,4.1,32.7,31.0,22.0,13.1
1772521214.9103444,14.4,7.1,18.2,16.3,55.4,26.0,9.1,3.0,3.0,1.0,4.1,6.1,33.0,30.6,26.0,24.0,3.1,3.0,38.6,35.6,37.6,34.3,31.7,31.0,7.1,3.1,6.1,8.2,31.3,26.0,39.4,41.6,2.0,3.0,1.0,3.0,45.0,36.6,2.0,2.0,31.0,31.4,18.6,26.0,1.0,2.0,9.1,7.0,5.2,7.0,8.1,9.3,23.0,23.2
1772521215.9123259,15.0,10.1,11.2,21.2,32.0,38.6,6.1,5.1,4.1,5.1,6.1,5.1,32.0,26.3,28.6,30.6,16.3,18.4,36.7,33.0,38.6,32.7,39.4,38.4,5.1,5.0,7.0,8.2,22.8,32.7,42.6,17.3,6.1,4.0,2.0,3.1,39.0,41.2,4.0,3.0,32.4,30.0,26.3,15.0,2.0,3.1,9.0,7.1,7.1,4.2,29.0,28.0,18.2,20.2
1772521216.9138863,13.1,11.0,18.2,18.2,39.4,37.0,2.1,9.0,23.5,21.2,2.1,5.1,30.7,31.0,20.4,21.2,5.0,3.1,34.3,33.3,40.0,40.0,39.0,41.0,2.0,6.0,6.1,8.1,31.0,27.3,40.6,35.6,9.0,3.1,4.0,4.0,41.7,40.4,1.0,5.2,31.7,31.0,27.0,17.0,2.0,6.0,7.1,9.1,6.1,8.9,10.1,11.1,23.5,16.2
1772521217.9139595,13.1,6.1,17.0,14.0,26.3,39.6,6.1,7.1,4.0,3.1,6.0,5.1,20.2,27.7,22.2,23.0,19.4,13.3,35.0,35.6,35.0,37.9,40.6,38.4,5.0,3.1,8.1,8.0,31.0,25.3,37.0,44.0,3.0,4.1,3.0,5.0,40.0,40.6,4.0,5.1,32.0,31.0,16.2,19.0,1.0,3.1,10.1,11.1,5.1,6.1,29.0,30.7,20.2,20.2
1772521218.9177017,15.2,10.0,16.3,19.0,33.7,44.6,4.0,2.0,3.0,2.0,5.1,4.0,34.7,35.4,27.7,25.0,2.0,2.0,29.7,36.0,38.2,40.6,40.0,38.6,4.1,3.0,7.0,7.1,32.0,28.7,23.2,44.6,1.0,6.1,2.0,8.9,32.7,44.6,3.0,4.0,33.0,36.3,23.8,27.0,3.0,4.0,7.1,8.9,5.1,7.1,14.0,14.3,21.0,21.4
1772521219.9199073,15.0,13.3,18.0,15.2,41.0,33.3,7.1,4.0,8.2,12.2,7.1,5.1,26.0,32.7,31.3,33.7,20.4,14.0,35.0,38.4,40.2,40.6,43.0,37.0,7.1,3.0,7.2,11.0,28.7,34.0,37.6,45.1,4.1,5.9,2.0,5.1,43.6,44.6,1.0,5.1,41.6,39.6,21.2,25.0,3.0,2.0,9.1,10.1,8.0,9.0,26.7,26.7,20.2,24.2
1772521220.9203873,10.4,7.1,17.3,16.5,46.5,25.5,3.1,2.0,10.3,23.0,5.2,6.1,35.4,29.3,19.6,21.4,5.2,4.1,33.3,39.0,36.0,34.7,31.3,44.0,4.1,3.1,8.1,4.1,24.5,31.0,34.0,28.3,5.0,4.1,4.0,3.1,44.0,37.4,5.0,17.8,32.7,31.0,24.5,13.1,3.1,4.0,11.2,7.1,6.1,7.1,15.3,14.1,19.0,22.2
1772521221.9215949,10.4,7.1,18.2,19.0,30.0,41.2,4.0,4.0,3.0,2.0,4.0,3.0,22.0,34.7,22.2,22.8,15.0,14.1,38.0,32.7,37.6,36.6,28.4,32.3,5.0,5.0,5.1,6.1,27.7,31.3,26.0,37.4,1.0,5.1,3.0,4.1,38.6,38.2,8.1,8.2,30.0,31.0,25.7,21.0,1.0,3.0,9.9,7.0,6.1,4.1,6.1,4.1,22.0,19.2
1772521222.9227154,12.2,9.0,17.2,19.8,23.2,50.5,3.0,4.0,4.0,2.1,4.0,6.9,34.0,26.5,27.0,24.0,1.0,1.0,30.0,32.7,40.6,38.2,28.3,36.6,2.0,4.0,8.9,6.1,24.0,36.6,29.7,34.3,3.0,6.0,2.0,3.0,38.0,39.6,2.0,5.0,31.0,31.7,30.7,18.8,3.0,2.1,7.1,6.2,7.0,8.0,33.7,34.7,18.4,19.2
1772521223.925153,15.8,8.1,23.2,15.0,31.0,45.5,1.0,2.0,4.1,5.1,8.2,2.1,32.3,29.7,23.2,33.0,16.2,17.0,36.4,34.7,37.0,38.0,28.3,23.2,3.1,3.0,7.1,5.1,36.0,23.2,32.0,34.0,5.9,1.0,3.1,3.1,37.0,43.0,3.1,3.1,31.0,31.0,23.2,22.0,1.0,5.0,8.1,10.1,7.0,7.1,4.1,7.1,23.5,17.2
1772521224.926705,15.5,9.1,16.2,13.4,35.1,36.6,4.0,2.0,22.4,21.2,6.9,4.0,24.0,26.3,20.4,18.8,2.0,3.0,36.6,36.6,35.3,35.0,27.7,34.0,4.0,5.0,6.1,5.1,29.0,24.5,39.2,42.0,2.1,5.0,6.0,3.0,47.5,33.0,4.0,4.1,31.0,32.0,22.0,17.0,3.1,2.0,9.1,8.1,4.1,6.1,24.8,23.2,18.2,18.2
1772521225.9303741,14.1,9.1,17.3,15.0,43.0,25.7,3.1,2.0,3.0,4.0,6.1,3.1,31.0,28.7,23.5,24.8,14.0,19.8,35.0,36.4,38.0,36.9,39.4,41.0,5.0,3.0,6.0,7.1,34.0,25.5,40.0,26.0,7.0,2.0,3.0,3.0,40.0,42.0,2.0,4.0,39.6,42.0,24.0,18.2,3.0,3.1,12.0,10.2,5.1,9.0,18.0,18.8,18.2,22.2
1772521226.931687,11.1,11.0,17.2,18.4,41.4,39.0,5.0,3.0,4.0,5.0,5.1,7.0,27.7,37.0,28.0,28.3,4.1,3.1,36.4,37.6,41.6,39.6,32.0,31.0,6.1,4.0,9.1,6.1,31.3,31.7,42.0,29.7,6.1,2.0,3.1,3.1,41.6,37.6,3.1,3.0,40.0,40.4,24.0,26.0,4.0,4.0,9.2,7.1,8.1,8.2,18.2,19.2,24.2,20.6
1772521227.9320133,14.0,7.1,19.4,18.2,48.0,31.7,5.1,1.0,7.1,16.3,4.0,4.1,27.3,31.7,31.0,37.0,21.0,12.1,35.4,34.3,35.6,38.0,40.4,39.6,2.1,5.1,8.1,9.1,22.0,36.0,22.8,38.6,4.0,6.0,5.2,4.0,46.1,36.0,3.0,3.1,30.7,30.7,21.2,21.0,3.0,3.0,11.1,7.1,5.1,9.0,22.8,25.5,25.0,17.8
1772521228.9336398,14.1,9.2,21.0,20.2,28.0,46.1,6.1,4.1,16.2,12.1,5.1,6.9,25.5,36.0,15.6,17.3,2.1,4.1,37.6,35.6,40.6,41.0,39.6,41.0,5.0,5.0,8.1,8.1,31.0,32.0,45.0,34.3,4.0,2.0,5.0,2.1,46.0,36.6,1.0,7.1,31.3,33.0,29.0,21.0,3.1,2.0,7.1,10.1,7.1,7.1,18.4,21.2,23.5,21.4
1772521229.9412804,14.3,5.1,16.3,17.8,34.3,34.7,5.0,1.0,2.0,4.0,3.0,3.0,25.7,29.0,21.0,16.2,13.9,19.0,30.0,35.4,34.7,31.4,43.0,35.0,2.0,4.0,7.1,5.0,26.0,24.8,42.2,20.0,4.0,4.0,3.0,6.9,28.7,44.6,2.0,2.0,21.0,21.0,19.8,17.8,3.0,3.0,9.9,7.0,7.0,6.9,18.6,20.2,19.6,17.0
1772521230.941363,14.0,11.0,16.2,19.6,49.5,25.0,3.1,5.0,4.0,4.1,5.1,4.1,37.0,31.0,35.3,35.0,2.1,9.2,29.0,39.0,35.0,42.2,43.0,40.2,4.0,5.9,9.0,5.1,24.0,30.3,45.0,39.6,3.0,6.1,2.0,3.1,40.0,42.2,6.1,3.1,22.2,19.4,18.0,24.7,4.0,2.0,8.2,9.1,9.9,6.1,17.2,17.0,18.4,26.3
1772521231.9414494,12.2,8.0,18.2,14.0,38.8,38.0,4.0,3.1,12.4,17.5,6.1,3.1,31.6,25.7,33.0,30.3,16.3,12.1,31.6,38.6,40.6,37.4,41.6,40.0,6.0,2.0,9.1,7.1,31.3,24.2,35.7,37.0,4.0,7.8,3.0,2.1,47.5,33.3,27.6,21.0,31.3,29.0,21.2,20.8,3.1,3.0,7.1,8.1,6.1,6.1,23.2,26.0,15.2,24.2
1772521232.9421778,11.2,7.1,21.0,12.2,38.0,40.6,3.0,3.1,14.1,7.1,4.1,5.1,34.7,26.3,15.3,13.1,9.2,4.0,36.0,37.8,36.9,35.3,45.0,36.4,6.0,4.0,5.1,8.1,31.7,27.0,43.1,38.0,3.1,3.1,2.0,3.0,35.6,44.1,23.0,24.7,30.4,31.0,22.0,21.0,1.0,2.0,10.0,8.0,7.0,8.0,17.0,17.2,22.2,20.2
1772521233.942598,13.5,10.2,17.3,16.3,30.3,43.6,4.1,2.0,3.1,3.0,5.1,3.1,28.0,33.0,13.4,21.8,20.0,10.5,40.0,33.0,38.4,39.2,39.0,36.7,3.1,4.0,7.1,7.1,30.0,31.7,28.3,35.4,4.0,4.0,3.0,3.1,35.0,48.5,2.0,4.0,28.0,32.0,23.2,20.2,3.0,4.0,10.1,6.1,6.1,7.2,24.0,22.0,20.2,21.4
1772521234.9430294,17.0,10.0,20.2,20.6,34.7,37.0,5.1,3.0,3.1,4.2,5.1,5.0,32.3,31.3,39.4,37.4,12.1,2.1,34.3,34.3,38.6,42.6,33.0,16.2,3.0,6.1,9.1,5.1,34.7,31.3,35.6,38.6,5.1,3.1,3.1,2.0,38.6,44.0,3.0,3.1,31.7,31.0,28.0,24.0,1.0,4.0,10.1,12.0,6.1,8.1,22.2,22.2,21.0,29.7
1772521235.9436126,14.3,8.2,18.2,15.3,36.0,45.1,3.1,2.0,20.0,23.2,4.1,4.1,28.3,35.0,30.3,32.0,16.0,12.0,38.0,38.0,37.6,38.6,35.0,21.0,3.0,4.0,4.1,10.1,32.4,31.0,36.4,31.7,3.1,4.0,1.0,5.1,49.0,32.0,3.0,3.1,30.0,34.3,25.0,26.3,5.0,6.0,11.0,9.2,7.1,8.2,17.0,15.2,18.0,23.2
1772521236.9450822,14.3,8.9,13.1,16.5,32.0,34.0,1.0,4.0,5.1,1.0,5.1,5.1,24.8,26.0,10.1,16.2,7.1,5.1,36.0,33.0,38.2,36.6,41.6,40.4,3.0,3.1,5.1,7.1,24.2,28.7,37.6,13.1,2.0,4.0,4.0,2.0,40.6,41.6,2.0,4.0,32.0,30.3,23.0,18.8,1.0,4.0,7.1,7.1,6.0,8.0,19.0,22.0,18.0,21.2
1772521237.9461114,12.1,9.2,19.2,16.2,39.0,40.6,4.0,3.0,4.1,1.0,6.1,6.1,28.0,37.0,9.3,13.3,16.2,10.2,40.8,33.3,33.3,37.0,39.8,41.6,4.0,3.0,6.0,6.1,34.0,25.7,39.0,20.0,4.0,3.0,1.0,3.1,30.0,48.5,3.0,2.1,30.7,32.0,23.2,20.2,2.0,4.1,7.0,10.1,7.1,7.1,19.0,19.2,16.3,27.0
1772521238.946523,14.0,7.1,14.1,18.2,27.3,48.5,3.1,3.1,3.1,4.1,4.1,5.1,26.7,33.0,23.2,43.6,4.1,9.1,36.0,38.6,37.6,35.6,39.6,36.0,5.0,1.0,6.1,7.1,35.0,32.0,38.6,40.4,9.1,5.0,8.0,4.1,43.1,39.6,3.0,4.1,38.6,33.7,20.6,25.3,3.1,2.0,9.1,8.0,7.1,4.1,19.2,19.0,17.2,23.2
1772521239.9500873,15.5,7.1,20.2,20.2,29.3,50.5,5.1,4.1,18.2,19.0,6.0,7.0,29.3,37.6,30.6,32.3,15.2,11.3,36.6,35.6,40.2,41.6,28.0,21.0,4.0,6.1,9.1,10.1,33.3,33.7,43.6,38.6,3.1,3.1,3.1,2.0,30.7,52.0,4.0,5.0,41.0,40.0,27.3,23.8,3.0,3.0,7.1,11.1,8.1,8.1,22.8,22.2,20.0,23.2
1772521240.952102,11.2,7.1,13.1,15.0,37.0,36.6,3.0,3.0,7.0,11.0,4.0,3.0,26.7,26.3,23.0,20.2,1.0,10.8,24.5,34.0,33.7,33.3,22.0,33.0,3.0,4.0,5.1,5.1,25.7,27.3,31.7,27.0,3.0,5.0,4.0,4.0,35.4,44.0,1.0,3.0,35.6,35.3,14.9,20.2,3.0,3.1,8.1,7.9,5.1,7.0,14.4,15.0,18.0,14.1
1772521241.9553287,12.1,10.9,17.0,24.2,44.0,31.7,5.1,2.0,2.0,4.0,5.9,5.1,30.3,30.0,11.1,15.0,11.1,15.3,37.0,39.0,43.6,38.6,36.3,26.3,3.0,5.0,6.9,9.0,28.0,31.0,34.7,12.0,2.0,5.1,1.0,8.1,45.1,36.6,16.0,11.1,31.7,31.0,25.3,26.7,1.0,6.0,12.0,10.2,9.0,8.0,17.0,18.4,24.2,20.2
1772521242.9560914,15.3,7.1,8.3,15.2,41.4,32.7,3.1,3.0,4.1,3.1,6.1,3.1,24.0,28.3,29.6,34.3,2.1,8.2,30.6,26.0,30.4,32.0,35.4,38.4,2.0,4.1,4.1,8.0,21.2,23.0,39.0,22.2,2.0,4.0,3.0,3.1,40.0,39.0,5.1,7.2,31.0,32.0,19.2,15.2,3.0,3.0,9.0,4.0,7.1,5.2,18.0,16.3,14.1,18.4
1772521243.9564097,13.0,8.1,19.0,21.2,35.3,34.0,4.0,2.0,7.1,19.2,6.1,5.0,24.0,37.0,28.6,30.6,16.0,9.2,38.0,37.6,39.0,38.2,41.4,39.6,3.0,6.0,8.1,5.2,36.6,26.3,28.3,27.0,4.0,3.1,3.0,6.1,36.0,40.6,0.0,9.1,31.0,31.0,22.0,24.0,4.0,2.0,7.1,9.1,4.1,7.9,19.2,22.0,21.4,18.4
1772521244.956497,12.4,6.1,18.2,14.1,22.7,50.5,4.1,2.0,12.1,9.3,4.0,4.0,37.8,18.2,26.3,18.2,3.1,10.0,30.0,37.4,34.3,39.2,44.0,37.4,3.1,3.0,7.1,5.1,28.6,21.0,34.3,28.7,2.1,4.1,3.1,4.1,49.0,28.7,3.0,8.2,31.0,32.0,17.2,22.2,2.0,3.1,9.1,4.1,7.1,5.1,17.8,16.2,18.2,20.2
1772521245.9573798,13.0,9.9,19.2,15.2,37.6,35.0,6.9,1.0,9.1,2.0,4.0,4.1,25.7,39.2,16.2,14.9,12.1,13.3,28.3,41.6,40.6,39.2,43.6,39.6,5.9,4.0,9.0,8.0,31.0,25.7,43.1,35.3,5.0,4.0,4.0,5.0,39.0,43.0,3.0,7.1,37.6,44.0,24.8,21.8,3.1,3.0,7.1,11.1,7.1,7.1,21.2,21.0,17.2,25.0
1772521246.9613557,14.4,7.1,21.6,16.2,40.2,38.0,3.1,3.0,4.1,5.1,5.1,3.1,31.0,30.0,23.5,46.0,9.0,3.1,34.0,38.0,36.0,41.0,42.0,38.8,5.1,4.1,6.1,6.1,32.0,35.7,50.0,27.3,4.0,5.1,2.0,7.2,39.0,43.1,2.1,10.0,41.6,41.6,24.2,22.0,5.1,2.1,7.1,14.0,7.0,7.1,17.2,16.3,22.4,21.8
1772521247.9630752,15.7,7.1,16.2,13.3,33.3,38.2,2.0,3.0,10.3,8.2,5.0,4.0,29.3,27.3,30.3,31.3,14.3,16.2,35.4,32.3,36.6,36.6,40.0,42.2,3.0,3.1,7.0,9.0,27.0,26.0,36.3,30.0,3.1,3.1,4.0,4.0,45.1,37.0,3.1,7.1,40.0,40.6,18.0,20.4,4.0,8.1,7.1,7.0,6.1,7.0,23.2,23.2,18.8,19.2
1772521248.9657156,15.0,11.1,22.7,15.3,32.7,47.5,2.1,4.1,14.1,16.0,4.0,6.1,27.7,35.4,16.2,22.0,4.0,7.0,39.4,31.3,40.2,41.6,37.0,36.4,6.1,4.0,5.2,4.1,37.0,33.7,27.6,32.0,4.1,3.0,4.1,2.0,42.0,39.6,5.1,3.1,36.6,34.0,26.7,27.0,4.0,4.1,8.2,10.1,7.1,6.1,14.0,13.0,25.0,22.2
1772521249.9664145,13.0,8.0,15.2,15.2,41.4,30.0,4.0,3.0,1.0,3.1,3.1,3.1,16.2,31.7,10.2,11.2,13.3,11.1,36.3,36.0,34.0,32.4,34.7,26.3,3.0,3.0,7.0,5.1,22.8,22.2,19.0,37.6,2.0,4.1,3.0,5.1,30.7,46.0,2.1,2.0,31.0,31.7,12.0,19.2,2.0,4.0,7.0,9.0,5.1,7.0,17.2,19.2,12.1,19.4
1772521250.9712598,15.0,10.1,21.2,20.0,40.6,31.7,5.1,4.1,5.0,5.0,6.0,4.1,31.7,33.0,31.7,35.6,4.0,10.1,33.7,38.0,41.2,39.0,38.6,28.0,5.1,3.0,7.1,7.0,31.0,30.4,40.6,40.6,6.1,5.0,5.1,4.1,42.6,43.1,4.0,4.0,27.0,26.0,24.0,23.8,5.9,5.1,9.0,9.0,8.0,9.1,18.8,19.2,24.2,19.0
1772521251.9727015,14.0,9.1,19.8,16.7,43.6,32.0,6.0,6.1,9.2,14.3,6.0,3.0,31.6,26.0,29.9,30.6,17.0,11.1,39.4,31.0,37.6,41.2,32.3,31.0,4.1,3.0,3.1,12.1,23.0,36.4,40.0,24.8,4.1,6.1,3.0,2.0,37.6,44.0,3.1,4.1,19.4,20.4,26.5,16.0,1.0,4.0,8.1,9.3,6.1,6.1,17.8,19.0,19.2,20.4
1772521252.975705,12.4,15.8,15.3,15.0,32.7,36.3,5.0,2.9,14.9,12.1,6.1,5.1,33.0,26.7,23.0,21.8,11.0,3.0,30.7,35.0,35.6,34.3,40.0,42.6,3.0,4.0,6.9,6.9,23.2,26.0,41.2,36.0,7.1,1.0,3.0,3.0,39.6,41.0,23.0,14.1,13.0,12.9,25.0,11.9,3.0,3.0,5.1,11.9,5.9,8.9,22.2,25.0,14.0,25.5
1772521253.9802098,12.6,11.2,16.3,18.2,44.4,31.0,3.1,2.0,4.0,2.0,5.0,7.0,25.3,27.6,11.2,12.1,15.0,12.2,37.0,37.4,37.6,38.4,38.6,43.0,5.0,5.0,8.1,5.2,29.3,30.0,46.0,32.4,3.0,7.1,6.2,3.0,44.6,36.3,28.6,21.6,20.0,24.0,27.3,21.2,3.0,3.1,10.0,9.0,6.1,6.2,14.1,17.2,21.0,17.3
1772521254.980295,11.2,10.1,15.3,15.0,36.0,37.0,4.1,7.0,4.1,3.0,3.1,4.1,27.3,30.0,24.2,36.4,2.1,11.1,29.3,37.6,37.6,39.2,39.0,22.4,3.0,4.0,6.1,4.0,25.0,30.0,36.4,46.0,2.0,5.1,2.0,5.1,45.5,34.0,3.0,3.0,21.0,22.2,20.8,22.4,2.0,5.1,10.0,7.1,7.1,6.1,23.0,24.0,21.2,20.0
1772521255.9820504,13.1,7.1,19.0,12.2,28.3,40.6,6.0,1.0,11.1,12.1,4.1,3.0,34.3,24.8,30.7,31.0,14.1,12.1,37.0,33.0,37.3,35.4,30.0,25.0,4.0,3.0,8.1,4.0,22.2,31.0,32.7,23.0,2.0,4.0,2.0,4.1,46.1,35.0,1.0,3.0,26.0,32.4,25.0,21.8,4.0,1.0,7.0,10.0,6.1,7.0,15.2,13.1,17.8,17.5
1772521256.9832392,14.4,8.9,17.2,11.2,23.7,44.1,4.0,4.0,13.3,10.1,5.0,6.0,37.0,22.2,25.0,22.2,6.1,9.1,35.4,33.7,32.4,36.3,41.6,31.7,3.0,4.0,8.0,6.1,28.0,31.0,39.0,24.0,5.0,4.0,3.0,4.0,41.2,41.2,2.0,4.1,33.0,32.3,21.2,21.0,2.0,6.0,11.1,9.0,7.1,5.2,21.0,25.3,20.2,19.0
1772521257.9838543,10.3,5.2,16.8,12.1,35.0,32.7,2.0,3.0,7.1,5.1,4.1,4.1,31.0,17.8,9.2,12.2,2.0,8.1,31.7,33.3,37.6,34.0,36.6,42.0,2.0,3.1,8.0,6.0,24.0,22.2,30.7,38.0,2.0,4.1,2.0,3.0,37.4,39.4,2.0,4.0,42.2,40.6,19.6,18.2,1.0,2.0,6.1,11.0,5.1,7.1,15.8,14.1,18.2,17.2
1772521258.984719,11.5,9.0,19.4,13.0,47.0,28.0,3.1,1.0,3.1,9.1,6.0,5.0,35.6,27.3,27.0,30.0,23.8,9.9,31.3,34.3,37.0,36.6,39.0,37.4,3.0,5.0,5.1,6.1,29.7,29.0,24.8,38.4,3.0,4.0,3.0,4.0,42.6,41.2,4.0,1.0,40.0,40.6,20.2,23.8,4.0,2.0,12.0,10.1,6.1,5.1,9.1,12.1,13.9,26.3
1772521259.9877546,13.0,12.0,15.3,15.2,36.0,38.6,3.1,2.0,10.2,9.2,5.1,3.1,28.3,29.0,30.0,33.7,2.1,3.0,40.0,36.4,39.6,39.2,42.0,39.0,6.0,3.0,7.0,5.1,29.0,33.7,41.0,27.7,5.1,4.0,3.0,3.1,50.0,33.7,1.0,2.0,41.0,39.6,21.2,20.2,3.0,5.1,8.1,9.1,7.1,7.0,27.7,27.7,21.4,20.2
1772521260.9883952,12.4,9.0,15.2,21.4,38.4,37.3,6.0,4.0,12.2,15.3,6.9,12.0,34.7,27.0,24.2,27.0,17.2,15.2,37.6,35.6,39.8,39.2,41.0,40.6,6.1,3.0,8.1,8.0,32.0,27.6,40.6,28.7,2.0,7.0,3.1,4.0,36.3,44.0,3.0,3.0,36.9,34.3,23.8,23.8,4.1,1.0,7.1,9.2,8.1,7.1,14.0,13.1,22.0,20.0
1772521261.988722,14.1,10.2,13.3,18.0,39.8,32.0,4.0,4.0,6.0,8.2,3.1,4.0,25.0,29.3,13.3,18.4,4.0,1.0,35.4,37.4,37.0,37.6,33.3,42.4,3.1,3.1,7.1,6.1,25.3,27.0,41.0,40.4,3.0,6.1,2.1,1.0,38.0,40.0,3.0,2.0,30.3,31.3,18.2,20.2,1.0,4.1,8.2,8.0,8.0,8.1,27.3,26.3,21.2,21.2
1772521262.990612,8.4,7.9,13.0,11.0,35.0,31.7,4.0,2.0,1.0,6.1,4.0,4.1,25.3,21.8,29.0,22.2,22.2,10.9,32.7,23.2,32.7,36.6,21.2,29.7,4.0,4.0,6.0,8.1,23.0,24.8,36.0,46.5,1.0,4.1,3.0,1.0,46.5,32.4,12.0,2.0,31.0,31.0,22.0,10.9,2.0,2.0,5.1,7.1,4.1,5.1,14.1,15.8,12.1,18.0
1772521263.9925685,11.9,10.2,19.2,15.3,40.6,32.4,4.0,3.0,8.1,4.0,4.0,5.1,34.0,27.0,32.3,25.7,2.1,3.1,31.0,36.0,40.6,40.6,32.0,25.3,2.0,5.0,8.1,7.0,26.0,28.7,41.2,40.6,3.0,8.1,3.0,3.0,39.0,43.0,12.2,8.1,31.7,31.4,20.0,18.0,4.0,5.0,9.9,9.8,7.9,7.1,14.1,16.3,19.0,21.2
1772521264.9928513,11.3,9.0,11.1,16.0,41.0,31.3,2.1,2.0,8.2,11.1,4.0,4.0,32.7,24.2,24.8,25.5,16.3,15.2,29.6,33.3,34.7,33.0,32.3,29.0,2.0,4.0,4.0,7.1,24.0,19.2,40.0,38.6,4.0,6.1,3.1,3.0,45.1,37.0,2.0,1.0,31.7,31.0,11.2,20.4,2.0,2.0,11.1,6.1,6.1,5.0,26.7,26.5,14.3,18.4
1772521265.9929216,11.2,6.1,14.3,14.0,35.7,35.0,2.0,2.0,12.1,13.3,5.0,2.0,18.4,23.8,18.0,16.2,3.0,3.0,31.0,33.7,32.7,33.3,25.7,23.0,5.0,3.0,7.1,5.1,20.8,24.0,44.0,33.0,1.0,2.0,3.0,4.0,39.6,39.0,2.0,3.0,39.0,35.0,17.0,21.8,2.0,2.0,8.0,7.1,5.1,4.1,5.1,5.2,14.1,18.0
1772521266.9930108,11.5,10.1,13.3,17.5,40.4,33.0,5.0,2.1,4.1,2.0,4.1,4.0,29.0,29.3,19.2,23.2,17.2,14.3,31.3,34.3,34.3,34.0,35.4,21.2,2.0,4.0,6.1,5.1,30.6,25.5,34.3,39.6,4.0,6.1,3.1,4.1,42.0,35.0,4.1,4.0,40.4,41.0,20.4,23.0,4.0,3.0,8.1,8.0,5.1,6.1,24.2,25.0,22.8,21.2
1772521267.9973364,15.0,8.1,18.8,18.2,35.0,37.6,1.0,6.9,2.1,4.0,5.0,4.0,31.7,26.3,33.3,27.6,3.1,5.1,41.0,34.7,37.3,38.6,42.2,29.0,5.0,5.0,6.0,9.1,27.7,27.0,24.8,35.4,2.0,8.1,4.0,3.0,39.0,47.6,4.1,2.1,41.6,41.0,23.8,20.0,2.0,2.0,8.0,10.0,9.0,6.0,20.0,19.8,23.5,14.1
1772521268.99741,12.4,7.1,13.4,16.2,42.4,32.4,5.9,5.1,12.2,12.1,3.1,5.1,32.0,29.7,29.0,27.3,8.1,16.2,31.3,32.3,40.6,37.6,43.0,38.6,3.0,5.0,5.1,6.1,31.3,22.8,48.0,29.3,3.1,2.0,2.0,2.0,40.0,39.0,5.1,4.1,42.6,39.6,22.2,20.0,4.1,1.0,10.0,6.1,7.1,5.1,13.0,14.1,20.0,19.2
1772521269.9999096,14.1,9.1,18.0,18.2,24.0,46.0,4.1,5.1,12.2,14.3,5.1,3.1,35.4,28.7,21.0,20.0,7.1,10.1,38.0,36.4,35.3,39.6,44.0,37.6,4.0,5.1,7.1,9.0,31.7,29.3,39.0,7.1,6.0,9.1,3.1,1.0,35.6,47.5,4.0,4.1,41.4,40.0,16.2,25.5,3.0,3.0,8.1,7.1,6.1,6.1,31.0,31.0,16.2,26.3
1772521271.0006073,12.1,6.0,13.1,12.0,36.0,39.2,2.0,2.0,3.0,3.0,3.0,3.0,21.8,23.8,25.0,18.4,1.0,3.0,34.7,30.7,29.3,33.0,41.6,28.0,1.0,4.0,5.1,5.1,24.0,15.8,15.0,27.0,4.0,5.1,3.0,5.0,41.0,36.6,1.0,3.1,25.7,26.7,21.2,15.7,3.0,1.0,6.1,7.0,6.0,5.0,8.0,8.1,13.0,20.0
1772521272.00094,10.4,6.1,17.3,13.0,29.6,36.0,5.0,7.1,4.1,3.1,6.0,3.0,33.7,21.2,23.2,28.0,17.2,15.5,35.6,34.3,38.2,37.6,29.0,29.6,5.1,2.0,8.0,7.1,25.3,26.7,28.4,41.0,2.1,3.0,3.0,7.1,37.3,46.9,2.1,3.1,21.2,20.2,17.8,20.4,2.0,5.0,8.1,9.1,4.1,8.1,18.6,20.2,16.3,15.3
1772521273.0055006,13.0,7.1,22.0,17.3,31.0,49.0,4.1,3.0,15.2,7.2,6.1,4.0,22.8,43.1,25.5,24.0,5.2,4.0,34.0,38.0,36.6,38.6,19.0,26.0,4.0,4.0,5.1,6.1,34.0,28.7,39.0,42.6,5.0,5.1,4.0,2.0,36.0,40.8,4.0,4.0,18.0,23.0,20.0,22.2,3.0,3.0,10.0,8.1,7.1,6.1,21.8,20.2,18.2,29.7
1772521274.0069435,12.2,8.0,21.8,17.0,28.3,45.5,7.1,3.0,9.2,10.9,4.0,6.1,19.0,33.7,21.0,29.3,10.0,19.0,32.3,38.4,40.2,40.2,24.5,22.8,4.0,2.0,9.0,5.9,28.0,25.0,40.6,40.6,4.0,4.1,3.1,2.0,45.5,37.0,9.0,12.2,12.1,13.3,20.2,24.2,2.0,2.0,7.1,8.0,8.0,7.1,20.0,20.8,22.0,16.2
1772521275.0070274,13.9,9.1,15.0,18.2,31.0,45.1,7.1,6.1,8.0,8.1,5.1,5.1,27.0,34.0,18.4,31.0,3.1,7.1,35.0,35.4,36.6,37.6,31.0,25.3,4.0,4.1,8.0,7.1,28.0,33.0,38.6,43.6,3.0,6.9,4.0,3.0,55.9,25.7,17.3,29.3,12.1,11.9,21.0,22.0,5.9,3.0,8.1,8.1,7.1,6.2,19.8,20.0,17.2,21.0
1772521276.0075617,9.4,10.1,16.3,14.3,25.5,39.0,3.0,2.1,4.0,4.1,4.1,4.0,22.2,28.0,19.4,24.2,11.2,17.3,31.3,32.0,38.0,32.7,35.6,26.0,5.0,4.0,3.1,8.2,17.0,28.3,34.0,43.0,3.0,4.1,4.1,0.0,44.0,36.4,9.2,11.3,25.5,26.3,15.3,20.8,3.0,5.0,10.1,9.0,7.1,5.1,18.6,16.3,17.2,17.2
1772521277.0101192,10.4,7.1,12.1,17.8,39.6,32.7,3.0,3.0,6.2,15.3,2.0,4.0,28.7,30.0,26.0,26.3,1.0,3.0,31.0,37.0,37.3,34.0,33.3,37.0,2.0,2.1,7.1,7.0,25.5,27.0,21.0,39.6,4.1,3.0,2.0,3.1,38.0,41.6,2.0,3.0,31.0,30.7,18.2,22.8,2.0,3.0,6.0,8.1,8.1,5.1,22.0,23.0,22.0,11.2
1772521278.036089,13.7,8.7,20.6,15.8,35.9,37.1,3.0,0.0,5.0,3.9,3.9,3.9,27.5,27.2,24.3,20.6,13.5,19.6,28.4,33.7,35.6,36.9,40.8,39.8,3.9,2.9,4.0,7.8,30.4,26.5,25.2,26.0,3.9,1.0,2.0,2.9,43.3,35.6,2.9,2.9,35.2,34.3,20.4,20.4,1.9,3.9,7.8,10.8,6.7,5.0,10.9,11.8,18.4,18.4
1772521279.0374026,10.5,7.1,16.3,17.3,32.7,38.4,4.0,4.0,13.0,11.1,7.1,5.1,27.0,25.3,23.7,23.0,3.1,5.1,30.3,37.8,35.4,38.2,41.0,28.3,5.2,3.0,5.1,9.1,28.0,26.7,32.7,23.0,4.1,3.0,3.1,4.1,42.0,40.0,4.0,2.1,39.8,41.4,24.0,19.4,2.1,2.0,6.1,10.0,6.1,7.1,26.5,21.4,24.0,15.0
1772521280.0383575,12.4,9.0,17.0,22.2,35.0,41.7,3.1,2.1,4.1,4.0,5.0,4.1,31.3,29.0,25.5,27.6,15.2,16.2,34.3,32.7,40.8,40.6,41.0,26.3,7.0,3.0,9.0,7.1,29.0,24.2,35.0,27.6,5.0,3.0,4.1,3.0,35.0,44.6,2.0,3.0,40.6,41.0,20.0,24.0,3.0,5.1,9.1,9.1,6.1,6.1,14.1,17.8,16.3,22.4
1772521281.0410438,13.1,9.0,16.2,17.2,31.0,41.6,3.0,3.0,11.1,10.2,3.0,5.0,37.0,24.0,27.7,25.7,9.1,3.0,34.3,36.0,36.0,35.0,41.6,40.0,3.0,5.0,6.9,9.0,30.0,27.7,46.1,30.4,4.0,5.0,4.0,4.0,40.6,43.6,2.0,2.0,37.3,37.3,20.0,22.8,4.0,1.0,9.0,8.1,8.1,7.0,22.8,24.2,19.2,20.2
1772521282.0424795,12.2,9.1,19.2,18.2,33.7,42.0,5.1,2.1,10.0,10.1,7.1,4.1,37.0,25.0,26.3,23.5,14.1,13.3,30.4,39.6,40.0,36.6,39.4,37.6,3.1,5.1,5.1,6.1,27.3,31.6,23.0,38.4,5.0,5.1,4.0,3.1,42.6,39.6,3.0,5.1,31.0,31.7,25.0,22.4,3.1,3.0,10.0,9.2,6.1,7.1,16.2,19.2,18.0,25.0
1772521283.0445235,12.5,9.0,12.2,21.2,35.4,40.6,7.0,3.1,10.2,10.2,4.0,4.1,33.0,28.0,22.0,25.0,11.0,1.0,32.0,32.7,37.9,37.6,39.0,41.4,5.0,4.0,7.0,6.1,22.8,39.0,31.0,37.6,4.0,3.0,2.0,1.0,40.0,40.0,2.0,3.1,30.7,31.7,23.0,24.5,4.0,2.0,7.1,11.0,4.0,7.1,15.3,18.0,24.0,18.0
1772521284.0482605,13.0,8.2,20.0,19.0,35.0,46.1,2.0,4.0,1.0,4.0,5.1,5.1,27.0,31.0,21.6,26.3,12.1,13.0,31.7,41.6,37.0,39.2,37.6,36.3,6.0,3.0,5.2,6.0,31.3,24.8,22.2,34.7,4.0,4.0,4.0,3.0,38.8,41.6,4.1,2.0,32.7,30.3,24.8,23.0,4.0,5.0,11.1,8.1,7.9,7.1,21.0,20.0,21.2,18.2
1772521285.050004,11.3,9.0,19.4,16.3,37.8,38.0,3.0,6.1,13.1,13.1,7.1,5.1,33.7,35.0,23.5,26.0,5.1,9.2,38.0,34.3,35.3,41.6,32.3,28.3,6.1,3.0,9.9,7.1,34.3,30.6,31.0,32.0,5.1,6.0,2.0,3.1,47.5,35.0,6.1,17.0,32.0,30.7,20.6,22.0,2.0,3.0,9.9,9.0,6.2,7.1,19.8,17.3,25.0,22.2
1772521286.051009,13.3,8.1,17.0,17.0,38.4,35.0,4.1,4.0,10.2,6.1,9.0,3.1,31.3,24.0,28.3,27.6,12.1,16.2,37.0,36.6,34.0,38.2,30.3,31.0,5.1,3.0,8.1,8.1,26.0,29.7,34.0,44.6,3.1,3.0,4.0,3.0,35.0,42.0,4.1,5.1,37.0,44.0,21.8,21.4,4.0,2.1,7.1,7.1,7.1,6.1,23.0,24.8,18.2,21.4
1772521287.051097,10.4,12.1,18.2,19.4,45.0,31.0,8.2,2.1,11.0,3.1,3.1,5.1,33.7,27.3,24.0,33.3,9.2,3.1,35.4,39.4,34.7,38.6,26.3,31.3,4.0,6.1,5.1,7.1,28.3,27.0,45.1,36.0,4.0,4.1,4.1,3.1,50.5,32.4,4.0,4.0,40.0,41.0,20.2,26.0,3.1,2.0,10.1,8.1,5.1,8.1,15.3,16.3,17.2,25.3
1772521288.0526795,14.3,8.2,18.6,15.0,26.5,46.6,7.1,3.0,6.2,6.0,5.0,7.0,26.0,27.0,24.2,21.2,13.1,17.0,36.0,39.6,37.6,36.6,27.0,26.5,1.0,4.1,8.1,6.1,22.8,31.6,42.4,37.4,4.0,6.1,3.1,5.0,46.5,35.4,3.1,3.1,40.6,41.6,22.8,18.0,4.0,2.0,7.1,13.9,6.1,10.3,24.8,24.0,22.2,18.2
1772521289.0533352,13.3,8.0,16.2,17.2,35.0,38.6,7.9,2.0,13.0,11.2,3.0,6.0,25.0,28.7,28.0,24.0,3.1,6.1,30.6,33.3,40.6,36.3,33.3,30.7,4.0,5.0,6.1,7.1,21.4,33.0,36.3,46.0,2.0,5.1,2.0,4.1,32.7,44.1,3.0,3.1,39.4,39.6,26.3,21.2,4.0,4.0,8.0,7.1,5.1,8.0,12.2,13.3,13.1,22.4
1772521290.0549488,12.1,7.1,17.0,17.2,35.0,37.6,4.1,3.1,16.2,5.0,8.0,7.1,23.0,39.0,24.5,31.3,17.2,16.3,35.0,35.4,37.6,38.6,35.0,27.3,4.0,6.1,8.0,6.1,32.7,31.7,35.4,38.6,5.1,6.0,3.1,4.0,41.4,42.0,1.0,4.0,31.0,31.0,26.0,19.8,3.0,3.1,10.1,11.0,6.1,8.2,24.2,24.8,16.2,28.0
1772521291.0560136,15.7,11.9,17.5,17.0,26.3,48.5,6.1,3.0,6.1,4.1,4.1,5.1,26.3,31.7,26.3,29.6,4.0,3.1,42.0,30.7,37.0,40.2,39.6,25.7,3.0,5.1,7.1,9.0,31.3,26.3,36.3,35.0,3.0,4.0,4.0,4.1,29.4,51.5,3.1,2.1,31.7,31.0,24.8,21.8,2.0,5.0,10.0,9.1,8.9,7.1,19.0,22.4,22.8,24.2
1772521292.0580857,11.3,8.2,17.2,17.3,37.4,37.6,7.0,5.0,11.2,13.1,6.2,7.0,26.0,30.6,25.3,27.0,22.2,12.2,33.7,37.4,37.3,36.0,40.0,23.2,3.1,5.1,9.1,4.1,28.7,34.7,29.3,41.2,3.0,3.1,2.0,7.1,43.0,40.6,4.0,4.1,31.0,31.0,30.3,15.0,6.9,2.1,8.1,8.1,6.2,6.1,21.2,21.0,18.2,20.4
1772521293.0588732,13.0,8.1,16.2,15.0,37.4,33.7,5.1,3.1,10.1,4.0,5.1,5.0,31.0,32.0,23.0,25.5,3.1,2.0,38.0,31.7,39.6,36.6,41.6,43.0,5.0,4.0,5.1,5.1,27.3,28.6,24.0,40.0,4.1,3.0,4.0,4.0,36.3,47.0,0.0,2.0,31.7,31.4,24.2,19.2,1.0,3.0,10.0,8.0,7.0,7.1,19.8,18.2,20.0,20.2
1772521294.06262,12.2,8.1,16.3,14.3,37.4,40.0,3.0,4.0,7.1,12.0,6.1,6.0,31.0,31.0,26.5,27.6,22.0,13.1,32.0,32.3,38.6,38.2,36.4,46.1,2.0,5.0,11.8,10.0,31.0,29.7,38.4,37.6,4.0,5.1,1.0,5.1,40.0,39.6,6.0,6.1,32.7,29.6,17.0,22.4,4.0,1.0,9.2,7.0,7.0,6.1,24.0,26.0,16.2,22.2
1772521295.0629957,14.1,6.2,15.3,22.5,39.4,40.2,5.1,3.1,5.1,4.1,3.0,6.1,28.3,29.0,25.0,24.2,15.3,9.2,41.0,36.4,34.0,36.0,34.3,43.0,6.1,3.0,5.1,5.2,27.0,27.3,40.0,41.4,6.1,4.0,3.0,4.0,49.0,31.7,23.2,33.3,26.3,26.0,21.0,24.0,3.0,3.0,10.1,11.1,6.1,8.2,17.0,15.3,20.8,21.2
1772521296.0657792,13.4,11.0,18.4,18.4,36.4,37.0,3.1,3.0,14.1,10.3,4.1,5.1,29.0,35.4,31.3,29.7,13.1,6.0,36.4,36.4,36.3,37.3,23.0,32.3,4.0,3.0,10.0,7.9,34.7,26.0,35.6,45.0,4.0,5.0,6.1,3.0,33.0,49.0,10.3,14.3,21.2,20.2,21.0,25.0,3.0,9.2,9.1,12.0,8.1,7.0,24.0,26.7,22.2,21.2
1772521297.0677445,11.1,10.0,15.2,12.2,36.0,32.7,4.0,5.1,10.2,5.1,7.0,5.1,25.3,27.5,16.5,25.5,9.2,10.0,34.3,38.2,36.3,35.0,38.0,43.6,4.0,4.0,4.0,6.1,26.0,23.0,45.5,31.7,2.0,3.0,8.0,0.0,37.6,40.6,3.0,4.0,22.0,20.2,16.0,21.0,2.0,2.0,5.1,8.2,7.9,6.1,14.0,13.1,14.3,15.3
1772521298.0704944,15.0,10.0,17.8,18.4,35.7,48.0,4.1,3.0,12.0,3.0,6.0,3.1,34.7,28.3,24.0,16.3,9.1,9.2,35.0,28.0,39.4,39.2,40.4,41.0,4.0,4.0,11.0,4.0,31.0,36.0,38.8,33.0,3.1,5.1,5.1,2.0,43.6,32.4,5.2,3.0,21.2,23.2,22.2,26.0,3.0,2.0,8.1,7.1,6.1,7.1,19.2,20.4,24.0,21.0
1772521299.0753894,13.7,11.0,17.2,16.8,43.4,30.0,1.0,2.1,5.1,3.0,3.0,5.1,33.3,28.0,25.0,18.4,13.1,4.1,36.0,40.0,38.2,38.0,40.6,42.0,4.0,5.0,11.9,9.0,24.8,32.4,28.0,23.2,4.0,5.0,3.0,5.0,30.7,52.5,5.0,3.0,29.0,33.7,22.2,22.0,1.0,3.0,9.1,8.1,5.1,7.1,20.8,21.0,22.2,19.0
1772521300.0788183,13.0,9.2,22.0,14.3,37.0,37.6,4.0,4.0,14.3,10.3,5.1,5.1,30.7,29.0,32.7,29.0,15.3,10.1,35.0,40.0,36.6,36.3,32.0,34.0,3.0,5.0,4.1,8.1,34.0,27.3,34.0,18.8,2.0,5.1,1.0,6.1,28.0,54.5,2.0,5.1,38.0,37.0,25.0,25.0,3.0,3.1,8.2,11.2,7.1,7.1,17.2,14.3,23.0,19.2
1772521301.0805545,12.1,10.0,17.2,14.3,32.0,37.6,3.0,3.0,12.0,9.1,3.0,9.1,32.0,32.0,21.2,27.3,5.1,2.0,33.0,38.0,36.6,32.7,15.0,29.0,4.0,3.0,7.0,7.0,21.2,32.7,27.3,34.0,4.1,4.0,4.0,2.0,35.0,45.1,2.0,2.0,35.6,35.6,16.0,19.2,2.0,4.1,9.9,10.0,7.0,5.1,24.0,24.8,18.0,20.0
1772521302.08139,11.2,7.9,12.1,16.0,32.3,35.3,4.0,3.0,3.0,11.0,3.1,5.0,29.7,21.0,22.2,21.0,16.0,18.2,30.7,28.0,37.6,33.7,23.8,22.0,5.1,4.0,7.1,5.0,14.9,28.3,27.0,40.0,3.0,4.0,1.0,1.0,40.2,41.6,3.0,3.0,30.7,31.0,12.0,22.2,3.0,3.0,5.1,8.2,5.1,9.0,11.1,11.1,17.3,14.3
1772521303.0838106,11.2,7.2,13.3,18.8,42.4,28.0,3.1,5.1,7.1,4.0,4.0,6.1,28.0,29.3,25.3,18.4,1.0,5.1,36.0,35.6,39.0,34.7,30.3,34.0,5.1,2.1,7.1,5.2,31.3,24.8,25.7,41.2,5.1,1.0,4.0,3.0,46.5,37.3,2.0,1.0,32.7,31.7,20.0,19.8,2.0,2.0,8.1,7.1,4.1,8.1,26.0,25.3,20.0,17.0
1772521304.083887,11.2,8.0,15.3,13.3,37.6,36.6,4.1,2.0,13.1,8.2,3.1,6.2,21.2,34.0,30.3,35.0,17.0,15.8,23.5,34.0,37.3,37.3,35.7,44.0,5.0,5.0,8.0,7.1,31.0,22.4,41.0,41.0,4.1,4.0,2.0,1.0,36.6,39.0,11.2,4.0,30.6,32.0,20.4,18.4,2.0,3.0,10.1,5.1,7.0,5.1,18.0,17.0,23.0,14.3
1772521305.0850186,11.1,13.1,19.0,21.2,49.5,27.7,6.0,2.0,10.1,9.1,6.9,5.0,26.3,37.0,23.5,24.2,4.1,1.0,32.0,41.0,40.0,37.0,42.6,38.8,3.0,4.1,5.0,9.8,29.3,29.0,41.0,40.6,5.0,4.1,3.0,4.0,45.0,36.4,11.2,7.2,31.7,30.7,22.8,26.3,3.0,3.0,10.1,9.0,6.1,8.2,22.4,21.2,13.4,27.3
1772521306.0873287,10.4,8.0,17.2,14.1,31.6,40.6,3.0,2.0,9.1,4.0,4.0,4.0,28.7,26.7,16.2,17.2,16.2,17.8,28.6,32.0,36.6,35.3,43.0,38.0,4.0,4.0,6.1,5.1,23.0,32.0,43.1,39.4,2.0,4.0,1.0,5.1,43.1,39.2,4.0,2.0,44.6,40.0,16.8,27.5,26.5,4.0,6.1,8.2,6.1,7.9,21.8,17.8,17.8,18.0
1772521307.0909486,13.0,9.1,19.0,14.9,35.4,41.6,4.0,4.0,2.1,3.0,6.0,4.1,29.0,29.0,26.0,21.4,5.1,5.2,42.6,35.0,38.2,37.0,45.0,36.6,3.1,4.0,8.0,6.1,22.8,32.0,32.7,45.5,4.0,5.0,5.0,4.1,32.0,49.5,2.0,4.0,41.0,39.6,20.2,25.7,29.7,3.0,7.1,10.0,9.9,8.1,16.0,14.0,19.2,18.2
1772521308.092218,13.3,12.2,18.6,19.8,39.0,40.6,4.1,2.0,7.2,19.0,6.1,5.1,32.3,35.4,36.1,35.4,16.3,13.0,36.0,40.4,41.0,40.2,34.7,33.0,5.0,7.0,6.1,10.2,32.7,33.0,44.0,37.4,6.1,1.0,1.0,6.0,34.7,47.5,3.1,4.0,35.6,33.3,25.0,26.5,4.0,5.1,11.0,7.1,8.2,7.1,24.2,25.5,25.5,24.0
1772521309.0922854,13.0,8.1,22.0,18.2,50.0,31.7,8.9,3.1,14.3,13.1,6.9,6.1,29.7,34.0,22.4,24.0,10.1,6.1,41.0,38.0,40.8,39.2,30.3,11.1,4.1,4.0,7.1,9.0,31.7,37.6,39.6,40.6,7.0,8.0,3.1,2.0,28.0,53.9,2.0,5.0,31.0,30.7,27.3,25.0,35.0,2.0,13.1,8.0,7.1,8.2,13.1,17.0,24.0,25.0
1772521310.093624,12.4,8.2,20.2,17.2,32.7,42.6,6.1,3.0,4.0,2.0,2.1,3.1,24.5,31.3,15.0,18.4,10.1,12.2,40.4,32.0,36.0,36.0,42.6,36.0,4.0,6.0,8.1,3.1,25.0,29.3,43.4,30.0,4.1,1.0,2.1,3.0,48.0,34.0,4.1,2.0,31.7,31.0,23.8,21.4,34.3,5.0,6.1,11.2,8.2,8.0,22.0,23.2,22.2,16.5
1772521311.0940857,14.3,10.0,16.3,17.3,28.3,44.6,2.0,1.0,3.1,2.1,5.1,6.0,31.3,28.7,30.3,19.2,15.3,3.0,34.3,35.7,38.6,35.6,39.6,43.0,4.0,3.1,9.1,5.1,30.3,28.3,24.0,18.2,3.0,3.0,4.1,3.0,34.7,43.6,2.1,3.1,31.7,32.0,19.4,21.0,36.1,1.0,6.1,10.0,7.1,4.1,21.0,18.0,22.2,21.0
1772521312.094287,15.3,7.1,17.2,15.2,28.3,44.6,4.0,3.0,8.2,20.0,3.0,6.1,27.7,24.5,30.6,37.8,9.1,9.2,36.0,42.0,38.2,37.0,23.2,28.0,3.0,5.1,7.0,6.1,26.7,26.3,2.0,33.0,2.0,5.0,4.0,6.1,51.0,33.7,3.1,3.0,31.0,30.7,18.0,19.2,31.7,2.0,7.9,10.1,6.1,6.0,20.8,19.4,17.3,18.4
1772521313.0983312,11.1,10.1,16.2,15.0,37.4,33.7,5.0,6.0,14.3,9.2,6.0,5.0,28.0,29.7,17.2,23.0,8.2,10.1,36.6,24.2,37.6,35.0,26.0,26.3,4.9,6.0,9.2,6.1,29.0,23.8,31.0,34.7,6.1,4.0,2.1,2.0,48.5,35.0,5.1,2.0,39.0,42.6,25.7,20.0,12.0,2.0,10.0,6.1,7.9,7.1,19.8,18.8,16.8,23.8
1772521314.0993435,11.3,10.0,17.3,15.5,38.0,35.0,4.1,3.0,5.1,3.0,4.1,5.1,26.5,28.3,21.4,21.2,9.2,10.1,32.3,37.0,39.6,39.4,39.0,43.1,4.1,4.0,5.1,8.0,30.6,29.0,41.2,41.0,4.0,5.2,12.0,2.0,34.0,44.6,7.1,12.2,42.6,40.4,15.2,27.7,1.0,4.0,9.1,8.9,6.2,8.0,16.2,13.1,20.0,18.2
1772521315.1019115,13.0,8.1,13.3,12.0,43.0,25.7,3.1,3.0,7.1,3.0,6.1,5.1,23.8,31.4,31.3,25.3,9.1,10.1,31.6,32.7,35.0,30.4,38.4,42.4,2.0,4.0,7.0,5.0,23.0,23.8,40.0,42.2,1.0,5.0,8.2,1.0,41.0,39.2,14.3,20.0,39.0,39.0,18.0,16.2,3.0,2.0,6.1,7.1,5.1,4.1,21.4,21.2,15.5,16.0
1772521316.1099093,12.0,11.9,19.4,14.0,43.4,35.3,3.0,2.0,14.1,13.3,5.0,6.0,28.7,33.0,33.0,30.9,8.0,13.1,30.1,41.0,37.3,42.7,40.6,40.6,8.0,4.0,6.1,7.0,29.1,33.7,37.6,40.6,3.0,6.1,7.1,3.0,42.2,38.0,23.8,13.5,31.7,29.7,22.8,19.0,2.0,4.0,7.0,10.9,5.1,8.1,20.8,19.0,18.8,25.0
1772521317.1118114,11.1,11.1,20.4,10.3,41.4,31.7,3.1,2.0,5.1,11.0,3.0,4.1,27.0,30.7,15.5,18.0,9.2,10.1,35.7,34.7,38.6,37.6,39.0,42.6,6.1,4.1,7.1,10.2,30.0,27.3,23.2,38.2,3.0,6.1,5.1,4.0,45.1,36.6,3.1,5.0,29.4,29.3,24.0,17.2,4.0,2.1,7.1,8.2,7.1,7.1,19.0,18.0,21.4,18.4
1772521318.1126466,13.9,9.1,22.2,16.3,49.5,25.7,5.0,3.0,4.1,3.0,3.1,6.0,37.4,34.0,22.2,21.0,10.1,12.1,36.6,32.3,42.2,40.6,31.7,39.4,3.0,6.0,5.9,8.2,25.3,38.4,40.0,37.6,11.1,3.1,4.0,4.1,39.6,35.6,2.1,4.2,19.6,20.6,25.3,26.3,2.0,12.0,10.0,14.9,7.0,9.0,23.0,24.2,26.0,22.4
1772521319.113483,12.2,21.9,18.4,17.2,50.5,26.7,2.1,3.1,12.2,4.1,5.9,4.1,21.2,31.3,29.3,32.3,3.1,14.1,36.4,33.0,35.0,40.2,15.2,20.4,5.1,4.0,4.1,9.0,26.3,33.0,35.0,33.7,4.0,3.0,2.0,4.1,42.2,44.4,3.0,4.0,22.0,22.0,28.3,15.0,3.0,5.2,9.1,9.2,5.1,5.2,16.0,20.2,19.8,22.2
1772521320.113718,13.1,8.9,17.3,14.1,38.0,34.0,4.1,4.0,13.3,5.1,6.1,4.0,26.0,31.0,28.3,33.3,12.1,10.1,35.0,33.0,36.6,37.6,37.0,21.8,8.0,4.1,5.1,8.0,28.7,26.0,38.0,38.4,3.0,4.0,4.0,3.0,36.4,43.1,3.0,3.1,30.0,26.0,19.8,21.0,2.0,2.0,10.2,7.0,8.0,7.1,17.8,17.0,17.5,18.0
1772521321.1149216,10.3,8.2,18.0,15.0,30.0,43.1,3.0,2.0,10.1,11.1,4.1,2.1,27.0,31.0,12.2,12.9,13.3,1.0,32.3,34.0,37.0,36.0,41.4,40.6,3.0,5.9,5.1,6.1,29.0,26.7,29.0,45.0,4.0,3.1,3.0,2.1,39.0,41.0,2.0,3.0,24.2,23.2,26.0,19.2,3.0,2.0,8.0,8.1,6.1,6.1,20.2,23.2,16.2,21.0
1772521322.1151888,14.1,10.0,17.5,10.1,40.4,31.3,2.0,3.0,5.1,2.0,8.0,4.0,26.0,32.0,13.1,10.2,8.1,9.0,30.0,35.0,33.7,34.0,43.0,39.4,3.0,3.0,6.0,4.0,25.3,27.0,35.6,19.0,1.0,4.0,2.0,3.0,42.6,36.0,2.0,4.0,20.8,21.2,21.0,16.0,2.0,2.0,7.1,8.0,6.0,4.1,12.1,14.3,16.7,24.0
1772521323.115268,11.3,8.0,17.8,17.2,32.3,37.3,5.0,2.0,3.0,6.1,5.1,5.0,31.0,24.0,23.5,36.0,12.9,7.1,39.4,25.0,36.0,35.0,41.4,40.6,4.0,3.0,9.0,7.1,26.7,31.0,28.3,36.6,6.1,4.0,1.0,6.1,44.1,38.6,3.0,2.0,31.0,31.0,22.0,17.8,4.0,3.0,8.0,8.1,7.1,8.0,23.0,22.8,22.2,16.3
1772521324.1153395,10.4,7.1,17.3,17.2,35.7,39.6,4.1,3.1,9.1,17.2,5.1,3.1,23.2,39.4,40.0,34.4,8.2,13.1,32.3,38.4,41.2,38.6,36.0,40.0,6.1,5.1,6.1,8.2,27.8,28.3,31.0,39.4,4.0,4.1,1.0,3.0,39.4,37.0,4.0,15.3,33.0,31.0,26.5,25.3,1.0,1.0,11.1,9.0,6.1,7.1,19.4,17.5,23.0,19.2
1772521325.1166635,15.0,11.0,21.4,23.2,45.5,33.0,3.1,3.0,4.2,16.2,5.9,3.1,36.6,36.6,19.0,18.0,10.0,4.0,38.6,39.0,38.2,38.2,7.0,30.0,6.1,4.1,7.0,6.0,30.1,29.0,42.6,39.2,5.9,3.0,4.0,3.0,27.7,49.0,8.1,8.1,30.7,31.4,30.0,26.0,5.0,4.0,9.2,10.2,6.1,9.0,20.0,20.8,24.0,25.3
1772521326.120472,11.5,8.1,19.4,17.2,32.0,39.2,5.0,2.0,6.1,9.1,3.1,4.1,28.3,23.0,11.2,12.1,6.2,16.0,35.6,35.6,33.7,38.0,18.6,23.0,5.0,4.0,8.1,8.0,30.6,26.7,35.0,43.0,4.0,6.1,3.1,2.0,45.0,40.2,2.1,2.0,37.6,31.7,20.2,23.0,2.0,2.0,10.1,9.0,4.1,9.0,16.2,21.2,14.3,22.2
1772521327.1214776,14.1,7.1,18.2,16.2,30.3,45.0,15.2,3.0,5.0,3.0,5.9,6.0,29.0,33.3,27.0,23.2,6.1,4.1,33.0,35.0,35.0,38.0,41.0,37.0,3.1,2.0,6.1,8.1,35.3,19.2,31.0,35.0,3.0,3.0,5.0,5.9,41.2,36.6,4.0,4.0,35.4,33.3,21.8,19.2,4.0,3.0,7.1,6.1,6.0,5.2,17.8,16.2,23.8,19.0
1772521328.121971,14.0,10.9,15.3,20.0,31.3,42.6,4.0,6.0,17.2,14.1,2.1,5.2,32.7,31.0,35.7,36.0,13.4,14.0,37.0,37.4,42.2,39.4,42.0,38.0,4.0,5.9,8.1,5.2,32.0,33.0,37.0,29.7,4.0,4.0,4.0,3.1,32.0,49.5,2.0,5.1,31.7,30.0,25.0,21.0,2.0,5.1,9.0,8.2,8.9,9.0,20.0,23.8,26.3,19.0
1772521329.1226375,13.4,8.2,20.0,11.2,35.7,32.0,17.3,3.1,6.2,15.2,2.1,4.1,30.3,26.0,21.4,20.4,11.0,3.0,30.0,37.0,33.0,38.0,40.0,42.0,4.0,4.0,5.1,6.0,33.0,24.5,41.0,37.4,6.1,1.0,1.0,4.0,39.0,34.0,4.0,2.0,32.0,32.4,17.2,19.2,3.0,2.0,7.1,9.1,4.1,5.1,21.2,21.4,18.4,18.2
1772521330.1236613,9.5,5.1,25.3,28.3,33.0,50.0,2.0,28.0,7.1,3.0,4.0,2.0,38.0,37.4,8.2,9.2,1.0,7.2,16.3,20.0,42.0,39.0,39.0,42.0,1.0,2.0,3.0,5.2,34.3,34.7,45.5,36.0,2.0,4.0,1.0,3.0,36.6,29.0,2.0,3.0,32.0,30.3,34.3,30.3,0.0,3.0,5.1,5.1,5.0,4.0,4.0,5.0,17.2,12.2
1772521331.1264713,11.3,6.1,28.0,19.2,46.5,29.7,4.0,22.2,6.1,1.0,4.0,4.0,30.0,34.3,11.1,9.0,2.0,2.0,21.8,30.3,39.2,39.2,45.5,36.0,4.0,2.0,4.0,6.0,32.7,32.3,46.1,11.2,4.0,1.0,1.0,3.0,29.0,31.7,3.0,1.0,30.7,31.4,27.0,23.0,3.0,2.0,4.0,5.1,4.0,3.1,9.9,12.1,14.0,13.1
1772521332.1282294,9.5,7.0,28.0,32.3,52.0,29.7,1.0,8.2,4.0,3.0,1.0,3.0,38.0,36.4,11.1,12.0,9.0,9.0,21.0,21.0,42.0,39.2,42.0,38.0,2.0,2.0,3.0,1.0,38.6,36.6,23.8,18.8,2.0,3.0,4.0,2.0,31.7,23.0,2.0,1.0,31.7,30.3,34.3,36.0,0.0,3.0,9.0,5.1,3.0,6.0,6.1,7.1,11.2,12.2
1772521333.129503,13.4,10.0,24.2,19.6,29.6,43.0,4.1,2.0,5.1,4.0,4.1,5.0,29.4,36.0,22.0,18.2,10.1,8.2,33.7,35.0,40.6,37.3,38.6,32.7,4.0,5.0,7.1,4.0,30.3,26.7,21.0,4.1,5.0,4.1,3.0,2.1,41.0,45.5,2.0,3.0,31.7,31.7,24.0,27.0,3.0,2.0,12.9,10.9,7.1,4.1,22.0,21.2,16.0,26.3
1772521334.1295798,9.4,7.0,24.2,22.4,39.2,39.0,2.0,3.1,1.0,1.0,3.0,1.0,37.4,33.0,29.6,31.6,3.0,3.0,17.2,11.1,38.6,40.4,22.7,17.3,2.0,3.0,4.0,2.0,36.0,41.4,20.2,20.2,2.0,2.0,2.0,3.1,14.0,18.8,2.1,2.0,31.0,30.0,30.0,30.0,3.1,0.0,4.1,2.0,3.1,4.0,10.1,10.1,10.0,13.0
1772521335.1302705,10.1,6.0,25.0,28.7,41.2,34.7,2.0,4.0,9.0,5.0,2.0,4.0,33.7,37.3,21.0,22.8,0.0,1.0,12.0,11.0,45.1,41.7,14.9,20.8,1.0,1.0,1.0,3.0,34.7,40.6,11.8,16.8,0.0,3.0,2.0,0.0,15.8,15.8,3.0,1.0,34.7,41.2,31.7,32.7,3.0,1.0,6.0,6.9,2.0,5.0,3.0,4.0,8.2,8.1
1772521336.130355,10.5,5.1,28.6,26.3,38.4,43.6,3.0,0.0,3.0,1.0,4.0,1.0,35.6,40.0,5.1,4.0,2.0,3.0,23.0,14.0,43.0,38.0,19.4,20.2,3.0,2.0,4.0,1.0,38.4,35.0,18.0,24.0,2.0,1.0,2.0,2.0,20.2,18.4,2.0,3.0,41.0,41.0,33.0,33.7,2.0,2.0,6.1,4.1,5.1,2.1,3.1,3.1,9.0,6.1
1772521337.131854,8.3,3.1,22.2,17.2,35.6,42.0,2.0,1.0,1.0,3.0,3.0,1.0,35.0,37.0,1.0,1.0,3.0,1.0,6.1,14.1,38.2,42.6,25.3,9.1,2.0,1.0,1.0,2.0,30.0,33.3,36.6,5.0,1.0,2.0,1.0,3.0,13.1,13.1,4.0,1.0,40.0,41.0,28.4,26.5,2.0,1.0,4.0,4.0,3.0,4.0,11.1,12.1,5.1,9.1
1772521338.133121,10.5,8.0,25.0,20.4,43.0,33.7,2.0,1.0,9.1,3.1,4.0,5.9,31.0,33.7,3.0,2.0,11.1,8.1,25.7,17.0,37.9,38.2,27.7,17.0,3.0,4.0,6.0,5.0,30.7,36.6,39.4,11.1,4.0,4.0,2.0,3.1,30.0,28.7,2.0,2.0,31.7,31.0,23.0,28.7,4.0,3.0,5.1,8.0,3.0,4.1,5.1,6.0,12.0,13.1
1772521339.1332192,8.4,5.1,25.0,29.0,49.0,28.7,2.0,1.0,9.0,6.1,3.1,1.0,35.0,36.4,12.1,6.2,5.1,2.0,17.2,17.2,39.4,42.6,23.5,17.0,2.0,1.0,2.0,1.0,33.3,38.6,33.7,29.7,1.0,2.0,1.0,3.0,20.0,22.2,1.0,3.1,29.0,31.0,35.4,32.0,2.0,2.0,5.1,5.0,2.0,4.0,14.0,13.1,10.1,10.2
1772521340.136482,7.4,3.0,26.0,28.0,30.0,43.6,2.0,3.0,2.0,3.9,3.0,3.0,36.0,35.4,11.9,13.9,2.0,1.0,9.1,6.0,40.2,41.2,19.8,23.0,1.0,0.0,1.0,2.0,31.7,38.6,34.0,40.6,1.0,3.0,1.0,4.0,16.2,16.0,2.0,2.0,20.8,20.2,34.0,28.0,0.0,1.0,5.0,2.0,3.0,1.0,12.0,14.0,9.0,5.0
1772521341.1412292,14.1,9.1,17.2,17.0,35.0,33.3,3.0,2.0,9.1,3.1,5.0,2.0,29.4,26.0,19.2,17.0,11.0,10.9,35.6,29.7,37.6,34.0,20.8,17.0,3.0,3.0,5.1,6.0,24.8,23.2,37.0,38.6,2.0,4.0,2.0,1.0,37.6,39.6,1.0,3.0,19.4,19.4,18.8,22.0,3.0,1.0,7.1,6.9,6.0,7.0,9.0,12.1,21.4,9.0
1772521342.1413138,10.5,8.0,16.2,14.1,37.4,35.6,4.0,3.0,5.0,3.0,4.0,4.0,27.0,25.0,29.6,31.3,7.1,10.1,29.0,28.0,37.6,40.2,29.0,23.0,3.0,4.0,3.0,5.1,29.6,26.0,33.7,38.0,8.9,3.1,2.0,3.0,26.3,41.0,3.0,2.0,13.0,13.1,18.4,21.2,2.0,1.0,6.1,8.1,5.1,4.1,9.0,8.1,20.2,14.1
1772521343.1413987,9.6,6.1,29.3,26.8,47.5,32.4,0.0,1.0,1.0,2.0,2.0,4.0,44.4,36.6,26.3,25.3,1.0,2.0,12.2,16.2,42.6,40.6,41.0,20.4,2.0,1.0,2.0,7.1,40.6,34.0,38.0,42.0,3.0,3.0,3.0,3.0,15.0,20.8,2.0,1.0,11.1,13.0,33.7,33.0,3.0,2.0,8.0,5.1,3.0,6.0,26.7,24.2,12.0,9.2
1772521344.1456592,8.2,4.0,26.2,23.2,27.5,50.0,2.0,1.0,2.0,3.0,3.0,3.0,37.3,33.3,5.0,6.1,2.0,3.0,15.0,14.9,41.2,39.8,42.6,30.7,1.0,3.0,2.0,2.0,35.0,40.6,34.3,32.0,2.0,3.0,3.0,1.0,21.8,23.0,2.0,2.0,11.0,11.9,34.0,29.0,2.0,2.0,6.9,5.0,3.1,2.0,5.1,8.0,10.0,9.9
1772521345.1460984,10.6,6.1,24.7,25.5,28.3,48.0,4.0,3.0,3.1,19.0,1.0,2.1,36.4,32.3,8.2,9.0,8.2,9.3,19.2,24.5,41.6,41.0,38.0,42.0,4.0,5.1,1.0,5.1,36.7,34.3,5.0,36.6,1.0,2.0,1.0,3.0,23.0,28.0,2.0,5.1,12.9,11.2,30.3,29.3,1.0,2.0,5.1,9.0,4.0,5.1,2.0,4.0,14.0,10.2
1772521346.147999,10.2,5.0,20.4,26.7,42.0,35.3,3.1,1.0,3.0,9.2,2.0,3.0,34.0,36.0,12.9,8.2,4.0,2.0,14.1,12.9,38.6,40.2,40.6,41.6,3.0,1.0,2.0,5.9,28.0,35.3,0.0,7.1,1.0,2.0,2.0,0.0,19.4,17.2,2.0,5.0,10.1,11.9,33.0,24.8,2.0,3.0,4.1,6.0,3.0,4.0,3.0,3.0,8.1,13.0
1772521347.150301,9.3,5.0,22.8,24.0,21.6,51.5,3.0,1.0,3.1,10.0,3.0,1.0,28.0,34.7,8.1,10.0,2.0,2.0,7.1,9.0,38.6,34.7,31.0,30.3,4.0,1.0,3.0,1.0,36.3,28.0,0.0,3.0,3.9,2.0,0.0,2.0,8.1,10.0,16.2,5.0,10.0,9.2,25.0,28.0,1.0,1.0,2.0,4.0,2.0,3.0,8.1,13.0,8.0,9.1
1772521348.1519794,11.3,6.1,26.0,28.3,44.4,31.7,3.0,3.0,3.0,2.0,5.1,3.0,36.4,34.0,7.1,3.0,10.9,9.0,22.0,24.2,39.6,40.6,37.4,21.0,2.0,2.0,2.0,5.0,38.0,34.0,2.0,2.0,2.0,2.0,5.0,1.0,34.3,26.7,8.1,9.3,11.0,12.1,29.3,34.0,2.0,3.0,9.0,5.1,6.0,6.0,5.0,5.1,13.1,12.0
1772521349.1585977,7.2,4.0,17.0,24.8,52.9,24.8,2.0,3.0,5.0,10.0,2.0,2.0,29.4,31.0,27.3,32.7,2.0,1.0,13.0,14.1,36.3,37.3,30.7,32.0,1.0,2.0,3.0,4.0,23.8,32.0,18.8,2.0,2.0,1.0,2.0,2.0,15.2,18.8,17.2,9.0,11.1,10.9,22.5,26.0,2.0,0.0,5.0,2.0,3.0,2.0,28.0,28.7,12.0,9.1
1772521350.158801,9.3,5.0,25.3,28.3,46.5,33.7,2.0,1.0,1.0,2.0,3.0,2.0,38.0,40.0,28.6,29.3,2.0,1.0,15.0,16.8,41.6,39.6,36.4,40.0,2.0,2.0,2.0,2.0,40.8,37.0,28.0,13.0,1.0,4.0,2.0,2.0,25.7,24.0,14.1,10.1,11.1,9.1,36.6,33.0,3.0,1.0,4.0,5.0,4.0,3.1,5.0,3.1,11.1,8.0
1772521351.1588898,11.1,4.0,35.6,25.0,30.4,46.1,1.0,5.9,2.0,1.0,1.0,4.0,37.0,38.0,11.9,13.1,1.0,9.1,7.0,10.1,40.6,43.1,31.0,21.0,0.0,2.0,3.1,3.0,31.7,42.0,33.0,10.0,2.0,0.0,1.0,3.0,13.0,15.2,4.0,1.0,2.0,10.0,31.3,34.7,2.0,0.0,2.0,2.0,1.0,3.0,1.0,3.0,7.0,6.2
1772521352.1617513,10.5,11.1,27.6,21.2,48.5,24.8,1.0,4.1,7.1,3.1,2.0,1.0,31.7,31.0,2.0,2.0,2.0,3.0,24.2,22.2,39.2,37.9,20.8,19.0,1.0,0.0,1.0,3.0,27.3,32.7,36.3,12.0,3.0,1.0,3.0,0.0,24.2,21.2,0.0,3.0,12.9,11.0,23.0,30.7,1.0,2.0,5.0,6.0,4.0,4.0,2.0,4.1,8.0,14.0
1772521353.1629624,7.4,13.9,22.2,25.7,44.6,38.6,2.0,3.0,5.1,10.1,5.0,1.0,34.3,34.0,6.0,8.9,8.0,2.0,11.2,15.7,43.7,40.6,21.0,21.8,2.0,2.0,2.0,3.0,36.6,33.0,44.0,23.8,3.0,1.0,1.0,4.0,14.0,13.0,1.0,0.0,11.0,11.9,30.0,29.4,2.0,2.0,3.0,5.0,3.0,3.0,1.0,2.0,8.1,10.1
1772521354.1632144,12.2,6.1,33.7,30.6,46.5,34.7,4.0,2.0,2.0,5.1,3.0,2.0,40.6,32.7,12.1,9.0,2.0,1.0,16.8,14.3,39.0,42.2,19.0,20.0,1.0,4.0,3.0,2.0,36.4,41.0,40.6,20.0,1.0,4.0,2.0,2.0,19.8,20.8,1.0,2.0,11.1,11.1,28.3,41.0,1.0,1.0,5.9,6.0,3.0,2.1,6.1,7.0,14.1,5.1
1772521355.1643949,9.4,5.1,22.4,18.8,45.0,29.7,2.0,2.0,3.0,2.0,2.0,3.0,38.2,32.0,9.2,9.2,2.0,3.0,12.1,10.9,39.2,36.0,16.2,9.1,2.0,3.0,2.0,3.0,33.7,28.7,41.0,5.0,2.0,1.0,1.0,0.0,17.0,16.2,1.0,1.0,12.7,10.0,29.3,24.0,0.0,2.0,5.0,4.0,3.0,5.9,6.9,9.9,13.0,8.2
1772521356.1670923,11.5,10.0,24.2,25.3,36.6,37.3,3.0,2.0,2.0,4.0,2.0,5.9,36.0,32.7,2.0,3.0,9.0,2.1,20.2,20.8,40.6,39.2,14.0,20.8,1.0,2.0,5.0,2.0,29.7,41.2,40.6,2.0,2.0,4.9,3.0,2.0,27.3,26.0,1.0,3.0,11.0,10.0,29.4,35.0,2.9,1.0,9.2,9.1,4.0,5.1,2.0,2.0,11.1,11.9
1772521357.167685,10.2,4.0,34.0,35.0,33.3,46.1,3.0,3.0,3.0,2.0,2.0,4.0,37.0,41.0,2.0,2.0,1.0,9.0,22.8,15.3,41.2,40.2,9.1,12.1,3.0,0.0,2.0,1.0,39.0,35.4,38.6,2.0,4.1,1.0,3.1,1.0,19.8,23.2,4.0,2.0,26.0,20.0,35.0,38.0,2.0,1.0,6.1,6.1,5.0,3.0,19.0,18.8,8.1,15.2
1772521358.1677725,10.6,5.1,31.6,34.7,38.6,46.0,2.1,1.0,2.0,3.0,2.0,2.0,36.0,42.0,32.0,26.7,3.0,8.2,16.0,22.8,40.6,42.2,19.2,21.4,1.0,3.0,4.0,4.0,39.0,42.6,23.0,12.0,3.0,1.0,3.1,3.0,18.6,17.2,3.0,3.0,27.7,23.0,40.0,38.4,5.1,2.0,5.1,5.1,3.1,2.1,17.8,15.3,11.1,9.2
1772521359.1690195,12.1,5.9,21.8,23.8,28.4,47.1,2.0,3.9,2.0,3.0,4.9,2.0,36.3,32.7,31.3,31.0,1.0,6.9,16.8,19.8,38.8,36.3,24.5,18.4,2.0,2.0,1.0,3.9,36.0,28.7,30.4,20.0,3.0,3.0,4.0,2.0,27.5,27.5,1.0,1.0,30.4,31.4,26.7,26.7,4.0,1.0,5.0,8.7,6.9,3.9,3.0,4.0,10.9,6.9
1772521360.1754923,11.1,6.2,15.8,18.0,46.1,26.7,5.1,2.0,5.1,11.1,2.1,3.1,28.3,30.7,18.0,21.2,9.2,11.1,31.0,35.0,40.2,39.6,37.0,40.4,3.0,4.0,8.0,6.1,29.4,26.0,46.0,34.7,3.0,3.0,4.0,3.0,39.2,32.3,2.0,2.0,31.0,31.0,23.0,22.8,2.0,2.0,7.0,7.1,5.9,7.1,14.0,15.0,16.0,19.6
1772521361.1771975,9.5,5.1,26.0,21.6,29.6,50.5,4.0,1.0,4.0,3.0,4.0,3.0,30.7,28.3,12.0,10.1,4.0,6.1,12.1,13.0,39.0,39.2,42.0,23.0,1.0,2.0,3.0,4.1,37.0,30.7,44.0,36.4,2.0,1.0,3.1,0.0,29.3,19.0,3.0,1.0,31.7,30.0,28.7,29.6,4.0,2.0,6.0,5.1,4.0,3.1,9.1,10.2,10.0,11.0
1772521362.1772714,8.5,4.1,18.4,19.0,32.0,36.6,2.0,2.0,4.1,11.1,2.0,2.0,23.2,32.0,10.1,8.1,2.1,5.0,16.3,22.4,35.0,35.4,40.4,21.0,2.0,3.0,4.0,3.0,21.4,31.3,40.0,25.0,2.0,3.0,2.0,0.0,33.3,30.7,1.0,2.0,32.3,31.0,17.3,31.0,1.0,2.0,7.1,3.0,4.1,2.0,19.0,22.4,14.1,10.3
1772521363.1773622,11.3,7.9,23.5,27.0,37.6,43.6,3.0,2.0,10.1,5.0,3.1,3.1,38.0,33.0,11.2,8.2,10.0,1.0,26.0,27.7,38.6,42.7,40.4,21.8,3.0,2.0,5.1,4.0,37.6,33.0,39.0,23.0,1.0,2.0,5.1,2.0,30.4,32.0,2.0,2.0,30.7,31.7,31.3,30.3,2.0,1.0,6.1,7.1,6.0,5.0,3.1,5.1,17.3,16.3
1772521364.1854677,11.1,5.0,26.5,25.7,29.7,49.0,2.0,3.0,5.1,4.0,3.9,2.0,38.6,35.3,20.8,17.0,1.0,1.0,10.9,15.7,42.3,40.8,26.5,24.8,4.0,1.0,3.0,2.0,36.6,34.3,17.6,24.5,3.0,0.0,2.0,2.0,16.8,16.8,2.0,0.0,31.4,29.4,34.3,33.7,0.0,1.0,3.9,5.0,2.0,2.0,2.0,2.0,10.8,6.9
1772521365.186847,6.4,5.1,30.3,25.5,40.0,39.4,2.0,1.0,2.0,3.1,2.0,2.0,33.3,35.0,22.2,21.4,2.0,2.0,11.1,7.0,42.0,40.6,35.4,23.0,3.1,1.0,0.0,2.0,31.3,39.0,13.3,13.1,2.0,3.0,1.0,1.0,19.4,21.2,2.0,3.0,32.0,31.0,34.0,34.0,1.0,2.0,3.1,5.0,4.0,3.1,2.0,3.1,10.1,5.2
1772521366.1869333,12.5,7.0,27.3,24.7,37.0,45.1,2.1,1.0,12.9,4.1,4.1,4.0,35.6,43.6,17.2,17.0,8.3,8.2,27.0,25.5,41.6,39.6,38.8,36.4,5.1,2.0,8.0,5.1,36.3,43.4,13.1,10.1,3.1,2.0,3.1,2.0,37.6,29.3,1.0,2.0,36.3,35.4,34.7,35.0,3.0,1.0,11.1,9.2,6.1,6.1,23.8,25.0,14.3,19.2
1772521367.187002,12.2,9.2,20.2,20.2,34.7,38.6,4.0,3.0,3.1,2.0,2.0,4.1,33.3,30.3,13.3,18.4,3.0,9.1,28.6,30.7,38.0,40.6,43.1,38.4,2.1,5.0,2.0,5.1,40.0,26.7,25.3,15.0,5.1,4.0,3.0,2.0,31.7,35.3,4.0,2.0,41.0,40.6,23.2,27.0,2.0,4.9,8.0,9.1,5.1,6.1,18.0,18.2,19.0,20.4
1772521368.1872637,7.4,5.0,27.3,22.4,27.3,50.0,1.0,2.0,2.0,5.0,2.0,5.1,37.0,35.6,11.1,10.1,8.1,3.0,15.0,16.2,40.8,41.0,35.4,33.7,2.0,3.0,2.0,2.0,37.4,28.6,15.0,38.6,3.0,2.0,2.0,3.1,17.2,16.0,1.0,1.0,40.6,39.4,31.3,31.6,1.0,0.0,4.0,4.0,2.0,5.0,0.0,4.0,10.0,10.0
1772521369.1892874,7.4,6.1,35.4,34.7,42.2,41.2,3.0,1.0,3.1,3.0,5.9,3.0,37.4,41.4,15.2,18.2,1.0,5.0,22.0,18.2,40.6,43.1,19.0,20.2,4.0,2.0,5.0,3.0,37.6,42.6,21.0,41.0,1.0,2.0,1.0,3.0,25.3,26.7,3.0,3.0,31.6,32.7,39.6,37.6,3.0,3.0,8.0,6.1,5.0,3.1,2.9,3.1,13.1,9.1
1772521370.1893651,9.4,7.0,29.7,26.3,47.0,32.0,1.0,2.0,3.0,2.0,1.0,4.1,36.0,36.0,28.3,15.8,4.0,1.0,6.1,9.0,41.2,40.2,25.3,18.0,2.0,0.0,2.0,2.0,31.7,42.4,22.8,41.2,2.0,1.0,1.0,0.0,13.9,12.2,1.0,1.0,30.7,29.7,26.3,35.4,0.0,2.0,4.0,5.0,3.0,4.0,2.0,3.1,6.1,7.2
1772521371.1894445,16.5,12.9,28.3,22.4,37.4,42.6,4.1,1.0,4.0,6.1,8.0,4.0,36.6,32.3,13.1,12.1,5.1,10.0,28.7,26.3,40.6,38.6,31.0,31.7,4.0,3.0,4.0,3.1,31.3,35.6,24.2,38.6,4.0,4.0,4.0,2.1,30.6,28.4,3.0,2.0,31.0,31.0,29.7,30.7,1.0,2.0,7.1,6.1,6.1,4.0,16.0,17.0,15.8,17.2
1772521372.1929133,11.5,6.0,33.0,32.3,26.7,53.5,5.0,3.0,4.0,1.0,3.0,2.0,43.6,37.6,6.0,7.9,6.0,0.0,11.0,11.0,43.1,40.2,29.4,28.3,2.0,0.0,3.0,3.0,31.7,45.5,28.7,26.0,3.0,3.0,1.0,2.0,21.8,29.3,2.0,1.0,29.7,30.0,30.0,40.6,2.0,2.0,5.0,5.1,4.0,3.0,6.1,8.1,9.2,11.1
1772521373.1929915,10.6,4.0,27.3,24.5,47.0,29.7,0.0,3.0,10.1,4.0,4.0,3.0,38.4,32.7,3.1,4.1,3.1,5.0,23.7,23.0,39.6,42.6,28.7,24.2,1.0,1.0,1.0,3.0,34.7,34.7,42.2,20.0,1.0,3.0,3.0,2.0,27.3,25.3,1.0,2.0,29.3,27.0,29.3,33.3,3.1,3.0,8.0,6.1,3.1,3.0,20.0,21.0,17.0,21.2
1772521374.1941526,11.3,6.1,24.2,26.7,45.0,35.6,2.0,2.0,7.0,2.0,2.0,1.0,32.3,36.0,12.0,10.1,9.1,6.1,12.9,5.9,40.6,40.6,24.2,22.2,1.0,2.0,3.0,3.0,36.0,31.0,41.0,26.7,2.0,1.0,2.0,0.0,15.0,16.8,2.0,3.0,12.9,12.0,31.7,28.7,2.0,0.0,5.0,6.0,3.0,3.0,8.1,3.0,10.9,8.0
1772521375.194241,8.3,5.0,29.3,21.2,50.0,29.0,2.0,2.0,14.0,5.1,3.0,3.0,35.6,32.0,13.3,17.2,2.0,5.0,20.2,17.2,37.9,42.2,34.0,20.2,3.0,2.0,4.0,4.0,34.7,32.7,44.4,37.0,3.0,2.0,3.1,2.0,17.0,20.0,2.0,2.0,11.1,10.1,27.3,30.3,1.0,2.0,5.2,6.9,2.0,5.1,2.0,2.0,9.2,11.1
1772521376.1943295,8.5,5.1,22.2,19.2,44.6,31.7,2.0,2.0,1.0,1.0,2.1,1.0,31.3,33.0,21.0,12.9,1.0,2.0,9.0,4.1,41.0,39.2,20.8,12.9,2.0,1.0,3.0,2.0,36.6,31.7,39.6,29.7,1.0,1.0,2.0,3.0,13.1,14.0,1.0,1.0,10.1,10.1,33.0,29.3,0.0,1.0,5.9,3.1,3.0,2.0,1.0,4.1,5.9,8.0
1772521377.1947196,7.4,6.0,25.3,22.4,30.6,46.1,2.0,2.1,4.1,10.0,4.0,4.0,38.6,30.7,24.0,14.3,2.0,2.0,28.7,26.0,40.0,40.6,21.0,1.0,7.0,1.0,5.0,7.1,32.7,32.7,19.0,26.7,3.0,2.0,2.0,2.0,22.0,26.0,3.0,3.0,10.2,12.0,26.3,31.4,2.0,3.9,5.1,7.0,3.1,4.0,10.0,10.1,16.3,12.1
1772521378.2007968,7.3,3.0,35.3,35.6,47.1,32.0,1.0,0.0,3.0,2.0,1.0,2.0,38.6,38.6,14.1,11.9,8.0,9.0,10.1,5.9,42.3,39.6,21.0,1.0,3.0,1.0,2.0,5.0,36.0,36.6,7.0,33.0,3.0,1.0,1.0,2.0,17.0,15.2,1.0,2.0,10.0,11.9,39.2,36.0,0.0,1.0,3.0,4.0,5.0,4.0,4.0,5.0,9.0,8.0
1772521379.2016788,9.4,5.0,26.3,25.0,41.0,37.3,3.0,3.0,1.0,1.0,4.0,2.0,33.0,37.4,9.0,16.0,3.0,3.0,21.0,23.0,39.0,41.2,20.2,2.0,2.0,4.0,3.0,4.1,38.4,33.0,24.2,29.0,2.0,0.0,4.0,1.0,24.0,21.0,16.2,4.0,11.0,9.3,31.0,32.0,1.0,1.0,6.0,2.0,4.0,3.1,3.0,1.0,6.1,11.1
1772521380.202959,12.4,8.1,24.5,19.4,42.6,34.7,2.0,3.0,3.0,3.0,2.0,5.9,37.6,33.7,11.0,11.1,2.0,2.0,20.0,27.3,40.2,41.6,16.0,14.1,2.0,4.0,3.0,3.0,32.7,32.0,37.6,23.8,2.0,3.0,2.0,4.0,27.3,20.4,5.0,6.1,10.1,13.0,33.7,28.3,2.0,2.0,7.0,7.0,6.0,5.0,18.0,20.0,14.0,13.1
1772521381.2035625,10.1,4.0,22.8,18.2,35.0,40.6,1.0,2.0,3.0,1.0,2.0,0.0,40.0,27.0,0.0,2.0,3.0,1.0,15.0,14.0,41.0,36.6,19.4,8.8,2.0,2.0,3.0,1.0,35.0,33.0,14.0,28.3,3.0,1.0,1.0,1.0,13.0,13.9,1.0,0.0,7.0,8.0,24.2,31.3,2.0,1.0,3.0,5.0,1.0,3.0,3.1,5.1,7.1,5.1
1772521382.2041962,9.3,5.1,28.0,22.0,42.6,34.7,2.0,4.0,1.0,4.0,4.0,2.0,36.0,31.0,2.0,2.0,8.1,8.9,23.0,25.3,41.2,41.2,30.0,11.1,4.0,2.0,1.0,4.0,31.3,31.7,21.2,19.0,1.0,2.0,3.0,2.0,23.0,22.2,3.0,2.0,3.0,1.0,27.0,31.0,3.0,1.0,7.0,6.1,4.0,4.0,8.1,8.1,11.0,15.0
1772521383.2058558,9.4,4.0,28.3,29.9,41.0,40.6,1.0,3.0,5.0,2.0,2.0,3.0,38.0,41.6,4.1,2.0,1.0,1.0,20.0,11.0,39.2,41.6,32.7,29.0,2.0,1.0,1.0,1.0,34.3,45.5,9.9,32.0,1.0,3.0,0.0,2.0,22.0,23.0,1.0,2.0,1.0,3.0,37.0,32.0,1.0,1.0,1.0,4.0,3.1,2.0,4.1,7.1,8.1,10.1
1772521384.2071493,10.3,5.0,20.4,23.8,40.6,34.7,2.0,1.0,3.0,4.0,1.0,3.0,31.7,29.3,7.1,13.9,0.0,3.0,16.2,19.0,39.2,40.2,41.6,39.6,0.0,2.0,3.0,3.0,27.0,37.6,0.0,19.8,2.0,2.0,3.9,2.0,14.0,20.8,0.0,1.0,3.0,1.0,31.4,23.5,3.0,2.0,6.9,5.1,3.0,5.0,3.0,2.0,11.9,10.2
1772521385.2075756,7.4,5.0,23.0,18.2,40.0,39.6,3.0,2.0,4.0,5.0,4.0,3.0,31.3,36.6,19.2,18.0,8.1,7.0,21.4,25.3,39.6,41.6,33.0,32.3,1.0,4.0,4.0,4.0,36.6,28.3,18.0,5.0,2.0,2.0,1.0,3.0,28.0,27.0,1.0,2.0,4.1,3.0,23.5,29.6,3.0,4.0,4.1,6.0,6.0,6.1,4.0,6.9,14.1,19.0
1772521386.210364,13.4,10.1,20.2,13.1,32.7,36.0,1.0,1.0,3.1,5.2,4.0,4.0,27.3,30.0,22.2,28.3,6.1,5.1,36.6,32.3,35.6,38.6,32.0,30.0,2.0,4.0,4.0,3.0,28.3,28.7,22.8,9.1,1.0,2.0,2.0,2.0,36.0,34.3,3.0,3.0,2.0,2.0,19.0,25.0,1.0,1.0,8.1,9.1,6.1,6.0,17.0,17.0,18.0,20.0
1772521387.2115967,13.0,5.0,25.3,26.7,35.0,40.6,4.0,3.0,5.1,11.0,5.0,3.1,43.1,25.0,23.0,30.3,10.0,7.1,21.2,29.7,40.6,38.6,23.8,21.0,1.0,4.0,5.9,5.1,29.7,38.6,36.0,36.0,6.9,2.0,5.0,3.0,24.0,22.0,5.1,2.0,9.0,14.1,27.7,29.0,3.0,4.0,5.9,8.1,4.0,6.0,23.8,27.0,11.2,19.2
1772521388.21168,9.3,4.0,30.3,30.3,39.6,40.2,2.0,4.0,3.1,11.0,4.0,4.0,32.0,47.5,11.1,12.1,4.0,5.9,6.1,8.0,39.2,43.1,24.0,23.2,0.0,1.0,3.0,2.0,41.0,36.4,40.6,40.6,0.0,1.0,1.0,2.0,12.0,14.1,2.0,1.0,12.1,12.9,37.0,30.3,2.0,2.0,4.1,6.0,4.0,2.1,2.0,2.0,6.9,10.9
1772521389.2213118,10.2,5.0,27.7,28.0,33.0,47.5,2.0,2.0,10.0,5.0,3.0,1.0,36.3,37.6,1.0,5.0,1.0,2.0,10.9,13.1,41.2,43.3,20.6,36.9,1.0,3.0,3.0,0.0,41.2,32.0,36.0,45.5,4.0,1.0,4.0,3.0,13.9,15.5,3.0,2.0,12.7,11.0,35.6,31.0,2.0,3.0,6.0,6.0,2.0,4.0,3.0,1.0,3.0,10.1
1772521390.2218273,11.3,5.0,32.7,27.3,42.0,39.2,3.0,4.0,3.0,2.1,2.0,4.0,34.3,36.0,3.1,2.0,2.0,3.0,9.3,16.2,38.2,42.6,17.0,27.3,2.0,4.0,4.0,3.0,32.0,35.6,30.7,44.6,2.0,2.0,1.0,3.0,17.2,19.4,1.0,3.0,11.0,11.8,34.0,34.0,2.0,2.0,5.0,5.1,4.0,4.1,2.0,5.0,7.0,10.0
1772521391.225903,11.2,5.0,25.3,22.8,34.7,44.1,4.0,1.0,7.1,8.8,4.0,2.0,37.4,34.3,8.0,7.1,9.0,10.2,16.8,17.0,40.6,38.6,31.0,45.5,1.0,4.9,2.0,2.0,30.0,37.0,45.0,36.3,4.0,2.0,4.0,2.0,22.0,24.0,3.0,3.0,11.0,12.2,33.0,24.0,3.0,2.0,5.0,5.9,6.0,7.0,2.0,2.0,7.1,10.2
1772521392.226198,12.4,9.1,26.5,29.3,38.0,42.6,3.1,3.0,4.1,2.0,5.1,5.1,33.0,42.4,9.1,15.0,2.1,4.0,24.2,31.0,40.2,41.2,36.0,45.0,5.0,2.0,6.9,5.0,37.6,35.6,38.6,40.6,3.1,4.0,2.0,1.0,32.4,34.7,4.0,2.0,29.0,25.0,35.6,28.7,3.0,5.0,8.2,7.1,6.1,8.0,27.7,27.7,16.2,19.0
1772521393.2296894,12.1,7.9,29.4,34.0,39.6,38.6,4.0,2.0,3.0,2.0,2.0,2.0,40.6,39.6,14.0,13.1,6.1,6.1,14.9,13.0,43.6,40.6,37.4,43.0,4.0,1.0,3.0,1.0,39.6,33.7,33.7,38.0,3.0,0.0,3.0,3.0,26.0,23.0,4.0,2.0,30.7,32.4,34.7,38.0,4.0,2.0,4.0,7.1,4.0,5.1,14.7,18.0,15.8,7.1
1772521394.2310398,15.2,9.1,17.3,15.3,40.0,35.6,5.0,1.0,4.0,3.1,5.1,4.0,31.0,25.3,27.0,31.3,13.0,11.2,33.0,36.6,35.0,37.6,29.7,43.6,4.0,5.0,8.1,7.1,29.6,27.3,29.3,29.6,4.0,5.0,2.0,2.0,42.0,36.6,5.1,2.0,31.3,30.7,18.4,26.0,2.0,2.0,9.9,8.1,8.1,6.1,2.1,6.1,17.2,22.2
1772521395.231383,14.3,7.2,25.3,20.2,53.0,25.3,8.2,4.0,5.2,3.1,5.1,3.1,34.0,32.3,36.1,33.3,6.1,3.1,36.0,38.4,43.6,37.0,24.5,35.4,5.2,4.0,7.1,4.0,33.7,30.0,26.5,37.6,4.1,2.0,5.2,1.0,42.6,38.0,5.1,4.1,38.6,38.4,27.7,29.3,2.0,5.1,8.2,8.0,8.0,6.1,32.0,31.6,21.2,23.2
1772521396.2331033,12.2,11.9,15.5,19.0,52.0,25.0,5.0,2.0,19.2,21.2,4.0,4.0,27.7,36.3,19.2,17.2,15.3,17.0,33.3,39.6,39.6,36.3,37.0,40.6,5.9,3.0,7.9,8.0,27.3,29.7,20.2,40.0,7.0,4.0,5.0,4.0,43.6,39.0,3.0,3.1,39.6,41.6,19.8,25.7,3.0,4.0,11.9,9.1,7.1,7.1,14.1,11.1,25.0,19.0
1772521397.2333739,15.8,12.2,23.8,18.4,48.5,33.7,2.0,4.0,4.1,5.1,6.1,7.0,34.3,36.0,15.3,17.2,4.1,3.1,38.0,36.7,39.6,40.2,27.0,31.3,5.1,3.0,6.1,6.1,35.4,34.0,41.6,41.6,5.1,4.0,4.2,2.0,44.0,37.0,3.1,2.1,41.0,41.6,32.0,25.3,3.1,2.0,7.1,12.9,5.2,8.1,25.5,23.0,20.2,25.0
1772521398.236187,14.1,9.0,20.6,14.3,45.1,32.4,3.0,4.0,5.1,3.0,5.1,3.0,34.0,29.0,33.3,23.0,13.3,11.0,37.4,32.7,38.2,35.6,21.2,21.2,6.1,4.0,8.9,5.1,25.7,29.7,41.4,40.2,3.0,6.1,5.0,3.0,33.0,44.6,2.1,2.0,39.6,40.4,24.0,24.0,3.0,3.0,9.2,8.1,6.9,8.1,18.0,19.0,20.6,21.4
1772521399.2370098,14.6,29.3,14.1,17.3,38.8,29.3,4.0,1.0,5.1,3.1,4.0,4.1,29.7,28.0,30.3,29.6,7.1,8.2,30.3,34.0,37.0,38.0,37.0,41.0,7.0,4.0,6.1,6.1,31.6,30.3,28.0,37.0,5.1,4.0,2.0,3.1,37.3,42.6,3.1,6.1,40.0,42.2,21.2,20.0,3.0,3.0,8.2,7.1,7.1,5.1,11.1,13.1,18.0,20.8
1772521400.2374384,14.3,8.0,19.0,18.0,44.4,31.7,4.0,4.1,10.1,16.0,3.1,5.1,25.3,30.0,19.2,18.4,10.1,9.2,37.0,36.6,39.0,37.6,35.0,34.0,2.1,5.0,6.1,6.1,30.3,27.0,30.0,24.0,2.0,4.0,5.0,2.0,36.6,45.5,17.0,13.0,39.6,40.4,29.3,18.0,4.0,4.0,8.0,8.1,6.0,7.0,25.0,24.0,17.2,26.0
1772521401.2385013,11.3,8.1,17.3,18.2,42.0,30.7,4.1,3.0,14.1,10.2,5.0,5.1,23.5,33.3,16.2,12.1,11.1,10.0,32.0,31.3,42.2,34.7,30.6,31.7,5.0,6.1,7.0,6.9,27.0,29.3,19.2,41.6,2.0,7.0,3.0,3.1,39.4,41.0,29.3,14.3,41.0,41.2,16.0,21.0,2.0,1.0,11.0,8.1,6.1,6.1,8.1,10.2,17.3,16.3
1772521402.238587,12.5,11.2,20.2,19.6,42.4,36.6,6.1,4.0,5.1,3.0,5.1,5.0,37.6,35.4,31.3,23.2,3.0,10.2,36.4,38.6,39.0,41.6,39.6,41.4,7.0,5.1,7.2,6.1,39.0,27.0,28.3,35.0,6.1,3.0,3.1,1.0,36.3,40.6,6.3,9.1,40.4,40.0,33.0,21.4,3.1,4.0,7.1,11.1,5.1,9.0,28.0,26.3,24.2,25.7
1772521403.2404037,17.0,8.9,18.6,17.2,35.7,35.3,4.1,2.0,4.1,2.0,6.1,3.0,22.0,33.3,33.7,28.6,15.2,9.1,34.0,38.8,40.2,34.7,40.4,42.6,3.0,4.0,7.0,7.1,32.7,23.0,52.0,29.7,5.1,3.0,5.0,3.0,31.3,50.0,3.0,2.0,40.2,40.6,22.2,19.0,2.0,4.0,8.1,8.0,8.8,7.1,16.0,16.8,22.0,19.0
1772521404.240485,10.3,10.1,20.6,22.2,42.0,37.0,8.1,9.0,12.4,12.4,6.1,6.1,38.0,24.7,23.7,26.3,7.2,11.2,36.4,31.3,37.6,41.0,32.0,42.4,3.1,5.1,6.1,10.1,26.0,31.6,31.6,30.6,5.2,4.0,1.0,4.1,31.4,52.0,4.1,3.0,36.0,32.3,24.2,26.0,3.1,3.1,8.1,8.2,5.1,8.2,13.4,16.3,23.2,18.6
1772521405.2408812,15.0,10.1,22.0,21.0,37.8,36.6,4.0,4.1,15.0,13.0,6.1,7.1,32.7,35.0,15.2,21.2,8.0,16.8,39.0,32.0,35.4,38.2,21.2,40.4,5.0,5.1,6.1,9.1,26.3,35.0,40.6,34.0,5.1,3.1,3.1,3.0,35.0,46.0,4.1,4.1,30.6,31.3,21.2,25.3,4.0,3.1,10.0,11.1,8.1,9.0,29.0,26.5,18.0,26.5
1772521406.2409668,12.2,7.1,18.2,19.2,46.5,23.8,5.1,4.0,2.1,5.1,5.1,4.0,26.0,32.3,24.2,30.0,2.0,8.2,34.7,37.8,43.6,40.0,21.0,40.6,3.0,4.0,7.1,7.1,29.7,29.7,21.0,40.6,5.0,6.1,4.0,3.1,39.6,40.0,3.0,2.0,31.0,31.0,27.7,25.3,3.0,2.0,7.1,10.9,7.1,6.1,7.1,7.0,22.2,22.0
1772521407.2477558,13.1,6.1,21.0,18.2,29.0,42.7,8.2,6.9,6.0,3.0,5.1,6.1,24.0,33.0,27.0,25.5,10.2,14.0,38.0,36.6,37.9,36.3,25.7,29.6,6.1,4.0,7.0,5.9,28.7,28.0,27.7,41.2,4.0,4.0,2.0,3.0,34.7,46.1,3.0,3.0,23.0,26.0,24.8,23.0,3.1,5.0,10.9,16.0,7.9,8.0,28.7,23.0,18.0,21.0
1772521408.2513049,12.2,7.0,13.0,18.0,37.0,37.3,5.1,5.9,16.2,5.1,3.1,4.0,32.0,29.7,23.0,27.0,2.0,9.1,33.3,31.3,35.6,36.6,22.5,22.5,2.0,5.1,10.0,4.0,33.3,24.8,40.6,41.2,3.0,5.9,4.0,4.0,33.7,44.6,5.0,3.0,16.2,17.2,21.0,21.2,3.0,4.0,12.1,8.1,9.0,8.1,12.9,16.8,20.0,21.0
1772521409.2520115,13.1,11.0,20.4,16.2,38.8,42.0,6.1,2.0,17.5,7.1,5.1,5.1,33.0,26.5,16.3,19.4,13.1,11.2,37.0,35.4,38.6,38.4,20.4,19.4,4.0,6.1,7.1,6.1,30.9,28.0,40.0,42.2,4.0,3.1,1.0,3.1,40.4,42.6,3.1,6.1,8.0,14.1,17.0,27.3,3.1,3.0,8.1,10.0,8.0,6.1,22.2,19.4,21.2,22.4
1772521410.256607,13.1,9.0,21.4,23.0,36.0,42.6,5.0,4.0,8.0,5.1,5.0,4.1,28.0,35.0,26.5,27.3,6.1,5.1,36.0,36.9,36.6,39.8,41.2,39.0,4.0,5.0,7.1,3.1,31.0,28.0,42.6,38.0,4.0,4.0,4.0,5.0,50.0,31.7,3.0,15.8,13.0,12.9,23.0,29.0,5.0,5.0,8.2,9.2,6.1,8.1,25.7,19.4,23.0,21.0
1772521411.257448,11.5,10.1,25.0,19.6,38.4,37.6,9.0,6.1,4.0,5.1,5.1,7.0,36.7,32.0,26.5,25.5,8.2,11.1,39.0,37.4,40.6,41.2,42.4,37.6,4.0,4.1,7.1,7.1,34.7,36.6,47.5,31.7,4.1,6.1,4.1,5.2,42.2,41.0,8.2,8.2,12.1,11.2,25.5,31.0,1.0,4.1,8.0,11.0,7.1,7.1,11.1,13.0,26.0,19.6
1772521412.2586672,13.4,9.1,18.4,28.0,37.8,37.0,5.1,3.1,11.0,6.2,5.0,7.3,35.6,30.0,27.0,20.2,9.1,10.2,38.4,37.0,42.6,36.6,27.3,24.5,3.1,4.0,6.0,5.1,29.0,39.4,43.6,38.0,3.1,5.1,4.0,5.1,38.4,39.0,4.1,2.0,15.0,14.0,28.3,24.2,5.0,4.0,11.1,12.2,11.0,8.1,23.0,28.7,22.2,23.0
1772521413.2593956,14.1,9.0,21.2,21.4,35.4,38.6,7.0,3.0,7.1,10.4,7.1,6.1,29.0,32.0,15.3,18.2,9.2,11.0,35.0,31.0,40.6,37.6,26.0,22.8,5.1,4.0,9.2,6.0,32.4,31.0,42.6,37.6,3.0,4.1,5.0,8.1,46.6,36.6,3.0,4.0,18.0,23.0,30.0,23.0,3.0,2.0,7.1,11.0,4.1,8.1,11.1,12.2,23.2,22.4
1772521414.2596624,14.3,9.1,24.5,25.8,51.5,31.3,4.1,5.1,10.3,12.2,6.1,6.1,33.0,34.7,23.2,26.8,12.2,12.1,31.3,39.4,41.6,38.6,40.0,33.3,6.1,6.1,9.0,10.0,38.0,37.0,41.0,32.7,4.0,8.1,4.1,4.1,41.6,34.3,5.1,4.1,31.3,34.3,27.0,35.4,4.1,4.1,11.2,12.2,9.0,10.1,27.3,29.0,26.3,23.2
1772521415.261018,14.1,12.1,21.4,22.0,42.0,37.3,6.1,5.1,7.1,4.1,6.1,7.1,36.0,30.3,34.7,24.0,10.0,13.4,43.0,36.0,40.6,41.6,23.2,25.5,5.1,6.1,5.1,8.2,38.0,27.3,21.4,12.1,4.0,6.1,5.0,4.1,40.0,44.1,5.1,6.1,34.7,37.6,27.3,26.0,6.1,6.1,11.0,11.1,8.1,10.1,17.0,21.0,31.0,18.2
1772521416.2615602,13.5,11.1,28.3,23.0,44.9,32.0,5.1,10.1,7.1,8.2,6.1,6.1,31.3,36.4,24.5,24.0,11.5,11.2,39.6,38.0,38.6,42.0,27.6,24.0,4.2,7.1,6.1,11.0,34.0,33.0,21.0,18.0,6.1,7.1,3.1,6.0,37.6,41.0,4.0,4.1,41.0,42.0,29.3,35.0,4.1,5.9,11.1,13.3,8.2,8.1,10.3,11.1,26.3,24.5
1772521417.261648,13.4,14.4,18.6,27.6,50.0,32.0,12.0,6.1,18.2,8.2,9.1,8.0,29.3,43.6,21.2,15.5,12.1,12.1,37.8,39.0,42.6,39.6,44.0,39.0,9.8,4.0,9.2,10.1,39.8,36.0,45.5,24.2,5.1,8.2,8.0,9.2,32.3,55.4,5.2,7.1,44.0,42.0,30.0,28.0,4.1,6.2,13.1,10.1,9.1,9.3,30.0,28.6,26.3,24.0
1772521418.2637677,14.1,10.9,25.7,21.2,46.0,32.0,6.9,4.1,14.3,13.1,6.1,7.1,30.7,31.7,35.4,35.0,14.0,11.2,42.0,32.0,39.6,39.2,40.6,41.6,6.1,5.0,11.1,5.1,30.3,40.6,42.6,30.7,7.0,4.1,4.0,4.1,37.6,45.0,3.1,4.1,41.0,41.0,28.0,23.0,4.1,4.0,9.0,12.4,19.2,8.2,13.9,15.0,28.0,15.3
1772521419.2649434,12.1,14.1,19.8,16.3,37.4,38.6,4.0,3.1,7.0,3.1,4.1,4.1,27.3,35.0,28.3,26.5,10.2,11.1,34.0,36.6,37.6,40.0,43.0,37.4,4.0,9.1,8.1,6.1,23.0,33.0,45.5,36.0,4.1,5.0,4.1,3.0,42.0,44.0,3.1,3.1,40.0,40.6,23.0,30.0,6.1,5.1,8.2,10.1,7.1,9.1,28.7,29.0,18.0,27.3
1772521420.2656229,14.4,13.1,22.8,21.2,42.0,38.0,6.1,8.2,22.2,8.1,10.1,6.1,39.0,28.3,24.5,18.4,10.2,12.1,36.4,33.3,40.2,35.6,41.0,42.6,6.1,6.1,8.2,9.1,36.0,33.0,41.0,41.0,6.1,6.1,6.0,5.1,47.0,50.0,5.1,5.1,42.6,40.4,32.3,23.0,3.0,5.1,12.0,11.1,11.0,6.1,10.2,12.2,26.3,20.4
1772521421.2659516,14.3,11.1,21.6,20.0,46.0,29.7,8.2,8.0,13.3,18.0,9.2,5.1,40.0,26.7,23.0,19.6,9.2,14.0,36.0,38.4,39.0,35.6,44.6,38.8,6.1,8.2,17.3,7.1,33.0,32.0,44.6,38.6,4.1,5.1,4.1,5.1,40.6,50.5,5.1,6.1,41.6,43.0,33.3,21.4,5.1,4.1,11.2,12.0,7.1,8.2,28.0,27.6,21.6,24.2
1772521422.2688644,12.0,12.1,20.2,23.2,45.5,34.7,5.1,8.1,8.2,17.3,6.1,9.1,31.7,32.3,36.4,28.3,12.4,17.3,38.0,40.6,38.6,40.0,40.4,40.0,4.1,5.1,7.1,11.1,27.0,35.0,45.0,33.3,4.0,5.0,4.0,3.1,43.0,35.6,16.3,14.3,41.0,40.6,21.2,32.0,3.0,5.1,8.2,9.2,8.1,5.1,16.2,15.0,21.0,23.2
1772521423.2756019,12.2,10.1,17.3,18.8,33.7,44.1,7.1,5.0,5.1,4.0,7.0,10.1,32.0,28.7,22.2,23.8,9.0,5.1,38.4,32.0,49.5,45.6,39.6,42.0,5.0,5.0,10.1,9.0,29.4,30.7,37.4,43.1,7.1,4.0,4.0,4.0,47.6,37.0,32.3,22.2,39.6,42.6,29.0,16.0,3.0,3.0,9.2,10.9,6.1,6.1,22.0,25.0,20.8,26.0
1772521424.276408,13.0,13.0,19.4,12.4,34.3,38.0,5.1,1.0,13.0,5.1,8.2,4.0,32.3,25.0,31.3,23.0,18.0,14.3,36.6,31.3,39.6,39.6,38.0,43.6,6.1,2.0,8.1,5.2,32.3,23.0,37.0,43.0,4.0,4.0,2.0,5.1,42.0,36.3,9.0,7.1,41.2,40.0,17.2,22.0,4.1,3.0,8.9,7.1,8.1,7.0,17.3,19.0,12.4,22.2
1772521425.2771568,14.1,9.2,20.0,21.0,38.0,36.6,4.0,1.0,4.1,14.3,8.2,6.0,29.3,32.3,21.4,21.6,4.1,6.0,36.6,39.6,39.6,40.6,27.0,30.3,5.1,4.0,10.0,7.9,30.3,36.0,33.0,39.0,3.1,2.0,4.0,3.1,32.7,51.5,2.0,3.1,41.0,40.6,29.0,21.2,4.0,1.0,10.1,6.1,9.0,5.1,16.0,18.2,24.0,20.2
1772521426.2791839,16.2,14.1,26.3,28.3,35.7,49.5,14.0,7.1,13.0,13.1,7.1,10.0,36.0,39.0,30.3,28.7,14.1,14.3,39.8,40.0,42.6,41.2,16.3,15.2,8.2,5.1,11.1,9.2,35.4,39.0,25.0,41.6,8.1,6.0,5.3,3.1,33.7,51.0,8.2,7.0,36.0,34.3,36.6,28.3,6.2,7.1,15.2,17.0,11.0,10.0,22.0,23.0,26.0,28.9
1772521427.2833638,12.4,13.1,21.4,20.2,37.4,43.0,3.1,4.1,5.2,3.1,5.0,5.1,27.0,33.3,22.2,19.2,6.1,5.1,33.0,39.6,40.8,39.6,19.0,31.7,4.0,5.1,5.1,9.1,35.4,31.7,34.0,27.3,4.1,5.1,4.0,4.0,33.7,48.0,2.0,5.1,26.0,24.2,34.0,41.0,4.0,3.0,9.1,10.9,7.1,7.1,13.1,12.2,23.2,22.8
1772521428.2838469,12.2,9.9,23.5,21.4,41.4,34.7,6.0,6.1,5.9,8.1,3.1,6.1,32.7,29.0,22.0,27.3,10.0,16.0,33.0,33.7,38.6,35.6,35.4,42.0,2.0,6.1,5.1,4.0,34.7,34.0,33.7,29.7,5.0,3.0,3.1,3.0,40.0,39.6,3.0,3.1,14.0,16.7,22.4,22.0,4.0,5.0,9.1,9.1,7.1,7.1,21.0,24.0,20.0,21.2
1772521429.2839427,11.5,7.1,16.2,14.1,40.8,28.0,2.1,4.0,9.3,8.1,5.1,3.1,25.3,32.3,22.4,20.4,3.1,9.2,35.4,30.7,34.7,34.7,39.0,40.4,2.1,5.0,8.0,6.1,26.3,26.0,27.3,34.0,3.1,4.0,2.0,4.0,43.0,36.0,1.0,5.1,14.0,13.1,22.2,17.0,3.0,2.1,6.0,7.1,5.1,6.1,18.0,17.0,18.4,18.8
1772521430.2859437,13.1,11.0,21.8,20.2,37.0,38.2,5.0,3.0,6.1,12.1,3.0,6.1,30.3,25.7,22.8,21.2,10.0,12.1,37.0,31.7,32.7,40.2,30.0,31.7,4.0,5.1,6.1,8.0,24.5,32.0,37.6,35.6,5.0,4.0,5.0,4.0,50.5,36.6,4.0,6.0,13.9,13.0,24.8,22.8,2.0,5.1,8.2,8.9,7.0,6.1,20.8,19.2,21.0,24.2
1772521431.287925,15.3,11.1,22.4,22.4,48.5,34.3,6.1,4.1,7.1,11.2,9.1,5.1,38.6,30.0,24.7,22.4,5.2,16.2,41.4,30.6,39.0,41.0,33.0,39.0,7.1,4.0,11.1,9.0,26.5,38.6,40.0,42.0,3.1,5.1,3.1,5.2,48.0,35.0,4.1,4.1,17.2,15.2,24.2,29.6,5.1,6.1,11.1,9.2,6.1,9.1,18.4,21.2,22.8,20.4
1772521432.2882729,17.7,25.0,24.5,26.5,44.4,37.0,7.1,8.1,6.3,7.2,9.1,6.2,35.0,42.0,29.3,31.0,14.1,13.0,40.0,38.6,40.2,42.2,30.3,43.6,5.1,11.1,9.0,11.1,29.0,39.0,23.8,43.6,8.0,10.1,9.2,6.1,45.1,40.0,11.1,21.2,22.2,18.2,26.7,31.0,8.2,9.1,24.0,15.3,7.2,10.3,17.2,23.0,21.6,30.6
1772521433.2908247,18.2,16.2,31.0,25.0,38.4,40.6,7.1,7.1,39.0,8.2,6.2,8.1,33.0,38.0,25.5,21.4,10.1,19.0,36.4,39.4,37.0,42.0,37.0,31.6,8.0,7.0,8.2,11.2,41.8,38.4,14.1,46.0,7.1,8.2,8.1,8.2,41.4,46.0,7.1,8.2,31.3,30.0,32.0,33.7,7.1,6.1,16.3,21.0,10.1,11.2,23.2,22.4,38.6,37.4
1772521434.293665,18.6,20.2,21.2,23.2,42.0,38.0,6.1,4.0,21.2,12.2,6.1,5.1,30.0,33.7,30.6,27.3,6.2,15.5,39.6,34.3,39.6,40.6,41.4,42.0,4.1,4.1,10.9,8.2,39.0,35.0,26.0,36.6,3.1,3.1,4.0,2.0,48.0,33.0,4.0,4.1,31.0,31.3,24.5,22.0,10.1,4.1,10.1,7.1,6.1,8.1,19.0,20.2,22.4,22.2
1772521435.2950885,23.5,17.2,20.6,24.0,36.0,49.5,7.2,6.1,11.2,8.0,7.3,6.1,35.4,30.3,31.0,21.2,10.3,10.1,41.4,35.4,41.6,40.6,41.4,41.6,7.9,7.0,7.1,11.9,33.0,29.3,25.0,35.7,6.9,6.1,5.1,6.1,41.0,42.6,4.1,5.0,34.0,31.0,28.0,27.3,3.1,7.0,11.2,10.1,8.2,10.0,16.2,17.0,23.8,24.2
1772521436.2956083,22.2,12.2,21.0,21.4,37.8,39.6,10.2,3.1,6.1,8.1,12.1,4.1,29.3,33.7,27.6,26.3,12.2,11.1,31.0,40.4,36.6,36.6,42.0,41.0,6.1,3.1,8.1,5.2,31.7,30.3,30.7,34.0,8.1,4.0,5.0,4.1,37.0,46.0,5.1,4.1,33.0,33.3,21.0,31.0,7.0,5.1,8.0,12.0,8.0,9.0,24.8,23.8,22.4,23.2
1772521437.2974296,11.3,6.1,27.6,25.3,39.4,29.4,3.0,5.1,4.1,6.1,11.1,4.0,23.0,28.7,17.3,24.5,9.2,7.1,32.0,34.0,36.6,40.0,35.6,38.4,5.1,3.0,6.9,7.0,28.0,23.8,32.3,36.0,4.0,3.0,2.0,3.1,36.6,38.6,5.1,3.1,41.4,40.6,22.0,20.0,3.0,2.0,8.1,9.0,7.0,3.1,12.2,11.1,15.0,19.0
1772521438.2991319,11.3,10.0,21.2,22.0,36.4,45.0,7.0,3.0,16.2,10.1,3.0,5.1,28.0,34.3,23.0,26.7,3.0,10.1,37.0,33.7,37.6,36.9,28.0,33.7,3.0,6.1,5.1,7.1,31.3,33.0,36.3,34.0,5.0,4.0,2.0,5.1,42.6,42.6,4.1,4.0,41.6,40.6,22.8,27.0,5.1,4.0,11.0,5.2,5.2,6.1,23.8,23.2,21.2,19.4
1772521439.300364,12.2,9.0,15.3,19.0,26.3,45.5,4.0,5.2,6.2,9.2,5.1,7.0,32.3,26.3,14.3,27.6,11.2,17.2,39.0,34.0,37.6,37.0,39.0,40.4,3.0,6.0,7.0,11.0,33.7,21.4,29.6,33.3,5.1,3.1,5.1,3.0,40.0,37.0,4.1,5.0,40.6,41.0,21.4,20.0,4.0,4.1,8.2,8.1,7.1,6.1,16.2,17.3,20.8,21.8
1772521440.3009126,14.1,9.1,18.2,20.6,38.4,37.6,3.1,3.0,3.1,5.1,4.1,3.1,29.7,35.0,39.4,36.0,10.2,14.3,40.4,35.0,36.6,39.2,40.0,41.0,4.1,3.1,7.1,6.1,34.0,32.0,21.8,40.6,2.0,5.0,4.1,3.0,38.0,41.6,2.1,2.1,41.0,40.0,26.0,20.4,3.1,3.0,11.1,10.2,7.0,8.1,21.8,21.0,23.5,21.2
1772521441.3013985,11.3,10.1,19.4,25.0,30.3,47.6,6.1,4.0,12.0,6.1,4.1,5.1,29.0,39.6,20.4,22.4,7.1,11.0,34.0,38.6,42.6,41.6,15.2,35.0,5.1,5.0,7.0,11.0,30.0,33.7,12.1,37.6,6.0,5.1,3.1,4.0,40.2,41.6,2.1,6.0,40.2,42.6,28.3,26.3,4.0,3.1,11.0,18.0,8.2,9.3,19.0,21.4,29.0,18.2
1772521442.3014832,14.3,8.2,22.2,23.0,35.7,45.5,12.1,2.0,14.1,12.1,5.1,5.1,33.3,32.7,18.4,22.0,9.3,16.2,26.0,38.4,41.6,37.6,28.3,19.0,8.2,5.1,9.1,6.2,30.6,31.0,15.0,38.0,4.0,5.1,2.0,11.2,32.3,44.0,3.1,3.1,40.0,41.0,26.0,26.7,4.0,4.0,9.1,7.2,6.2,7.1,25.3,21.2,28.6,21.2
1772521443.3017714,15.0,11.0,20.4,18.4,33.0,46.5,23.5,1.0,6.1,11.2,4.0,6.1,32.3,31.7,26.5,21.4,11.0,4.1,40.0,37.6,39.2,40.2,36.3,36.0,5.1,3.0,7.1,8.0,36.0,29.3,28.7,34.0,6.0,6.1,25.3,17.3,49.0,37.6,5.1,9.1,41.6,41.6,25.0,31.0,8.0,4.0,10.2,13.0,9.0,8.2,20.0,22.0,17.2,28.7
1772521444.3066328,23.0,11.2,23.2,27.7,42.4,39.6,10.9,7.0,9.1,7.1,7.1,9.1,37.0,32.0,40.0,32.3,15.3,17.2,38.0,37.6,43.1,42.2,39.0,43.0,8.0,6.1,9.1,9.1,35.0,30.0,27.7,45.5,6.1,6.1,3.0,28.0,34.7,45.0,31.0,16.5,41.0,40.0,29.3,27.3,6.1,4.1,8.2,13.1,7.1,7.1,21.0,21.2,25.0,23.0
1772521445.3067055,28.3,16.2,27.3,21.9,45.5,30.0,7.1,4.0,9.2,7.1,5.1,7.1,30.0,38.4,20.4,22.4,8.2,6.1,37.1,36.4,35.0,40.0,36.7,45.0,7.1,6.1,9.2,8.1,33.3,39.0,35.4,34.3,6.1,5.1,6.1,6.1,40.0,41.0,21.6,16.3,40.0,43.6,29.0,30.0,5.1,5.0,14.1,12.1,7.1,10.2,14.4,18.2,20.4,25.8
1772521446.308127,12.4,9.0,19.0,25.3,37.4,39.6,12.2,1.0,14.0,12.1,8.1,5.1,33.7,33.3,17.3,11.3,9.2,15.3,31.7,42.4,39.6,42.2,32.0,30.0,3.1,4.1,8.1,7.1,31.3,31.3,20.4,42.4,4.0,5.1,4.1,2.1,33.0,50.5,2.0,7.1,39.0,39.0,28.0,25.3,3.1,4.1,10.0,8.2,9.0,7.1,23.2,22.2,29.0,21.2
1772521447.3083928,13.1,8.1,21.4,20.2,38.4,38.6,4.0,8.1,11.2,4.1,4.1,4.0,28.3,32.0,31.0,26.3,7.1,11.1,32.0,39.2,38.2,38.0,31.0,30.7,5.9,5.9,9.0,8.1,34.3,31.0,41.6,37.0,4.1,5.1,3.1,4.9,37.3,42.7,3.0,4.0,30.7,31.4,27.0,30.0,4.0,3.1,10.1,9.0,7.1,5.1,20.0,20.0,26.3,21.0
1772521448.3089626,11.3,12.2,26.3,28.3,38.0,44.0,6.1,7.1,6.1,5.2,9.1,6.1,43.0,32.3,40.4,39.8,14.0,15.3,38.6,39.4,40.2,41.6,22.2,19.2,3.1,4.1,8.2,8.1,37.4,36.0,38.0,36.0,5.1,4.0,4.1,4.1,44.0,40.0,6.1,3.1,20.0,20.2,28.3,33.0,3.1,4.1,14.1,10.1,8.2,11.0,19.2,20.2,26.7,32.3
1772521449.3098123,19.0,12.0,25.3,21.2,41.4,40.2,10.2,4.1,9.2,9.1,10.0,6.1,43.4,43.6,16.3,18.4,7.1,13.1,47.0,29.3,42.6,40.2,17.0,14.1,8.1,7.0,9.1,9.1,32.0,33.7,16.3,34.7,8.0,13.9,7.1,5.1,38.2,43.0,6.1,6.1,12.1,15.0,26.0,34.7,8.1,7.0,13.1,13.1,10.1,10.1,24.5,26.0,24.5,24.2
1772521450.313197,14.4,11.1,23.5,22.7,34.7,49.5,13.1,8.0,14.3,16.2,8.2,19.4,35.6,36.0,15.3,14.3,6.1,13.1,36.7,40.4,44.0,39.6,45.1,43.4,8.0,8.2,11.1,10.2,38.4,33.0,27.0,44.1,7.1,16.3,7.0,5.2,37.4,43.6,11.1,23.0,11.2,16.2,26.3,29.0,5.1,6.2,16.0,12.1,13.9,11.1,12.4,13.3,22.8,25.5
1772521451.31572,17.3,13.0,28.6,27.3,42.4,37.0,17.3,9.2,7.1,16.2,10.0,10.2,45.0,31.0,30.6,34.3,18.4,13.1,43.6,38.8,41.2,43.6,42.4,41.6,13.0,7.1,10.0,16.2,36.6,39.4,42.0,26.3,5.1,8.1,4.1,7.1,49.5,33.0,8.1,10.2,16.2,14.1,34.0,31.0,5.2,9.1,14.1,14.0,16.3,17.2,28.0,31.0,27.3,26.0
1772521452.3192184,14.3,7.1,21.0,22.9,43.4,35.6,5.1,4.0,5.2,10.1,6.1,6.0,34.7,23.2,39.0,39.4,12.2,13.3,34.3,41.0,39.2,38.0,40.4,41.0,3.1,3.1,14.0,14.0,22.8,36.0,40.6,28.0,4.1,3.1,6.9,4.0,48.5,33.0,5.2,7.0,26.0,22.8,23.8,28.6,4.0,3.1,9.2,9.2,11.9,9.2,13.0,12.1,25.0,21.4
1772521453.323339,12.4,7.1,18.4,19.8,40.0,34.7,4.1,2.0,6.1,6.1,4.0,6.1,30.0,35.6,14.3,16.2,14.0,6.1,34.0,37.6,37.6,38.8,41.6,39.2,5.1,4.0,6.1,6.1,35.0,28.0,40.6,42.2,4.0,5.1,4.0,3.0,43.1,38.6,10.0,15.0,36.0,38.0,29.7,21.8,9.1,5.0,10.0,11.9,7.1,6.1,26.7,27.7,24.8,23.0
1772521454.3234224,13.5,9.2,21.4,25.3,38.8,41.0,7.1,6.2,14.1,16.5,7.1,4.0,36.4,37.8,16.0,16.5,4.1,19.2,39.0,38.4,40.6,40.6,24.5,27.3,7.1,5.2,11.0,10.2,32.7,39.0,34.3,47.0,9.1,6.1,27.6,7.1,46.0,38.0,5.2,3.1,32.7,32.0,25.3,33.0,6.1,3.1,14.1,11.2,10.1,8.2,17.3,13.4,22.7,25.5
1772521455.3237102,13.4,11.1,26.3,23.2,46.5,33.0,10.0,5.1,9.1,11.1,7.1,6.1,38.0,33.7,27.0,36.6,11.3,8.2,39.4,35.0,40.0,40.6,28.0,29.0,6.1,6.1,9.2,6.1,35.4,33.7,39.0,41.0,4.1,6.0,5.1,2.1,43.6,37.3,3.0,5.2,32.0,30.0,25.3,29.6,3.1,5.1,10.1,10.1,7.2,8.1,22.2,22.2,22.0,27.0
1772521456.3241327,13.3,9.2,23.2,16.3,36.4,40.6,5.1,4.1,7.2,6.1,4.1,7.1,31.3,28.3,36.7,37.4,16.0,11.2,37.0,32.3,39.6,42.6,45.1,37.4,6.0,2.0,6.1,7.1,31.7,33.3,38.6,43.0,4.0,6.1,3.0,3.0,36.4,44.0,4.0,2.0,33.0,31.0,27.0,28.3,4.0,5.1,8.1,7.1,7.1,9.0,20.8,22.8,21.2,21.4
1772521457.3244224,16.0,10.9,19.2,20.4,40.4,35.6,2.1,7.1,10.1,5.2,5.0,5.2,38.0,21.0,15.2,16.3,3.1,8.0,29.0,36.0,36.6,37.4,43.6,38.4,3.1,4.0,6.0,5.1,24.2,29.3,42.4,34.0,2.0,3.1,3.1,4.0,39.6,37.6,2.0,3.0,30.0,31.7,24.2,19.2,2.0,4.1,7.1,8.9,6.1,5.1,6.1,6.1,18.0,20.0
1772521458.3263798,14.1,10.2,24.2,28.6,40.4,40.6,8.7,5.1,9.0,12.0,9.1,4.1,39.6,31.7,15.3,13.1,4.1,10.2,40.4,38.0,41.2,42.2,39.4,41.0,7.0,5.0,6.2,6.0,38.0,34.3,47.1,31.7,5.1,6.1,5.1,5.0,38.6,44.1,7.1,4.0,31.7,31.3,35.0,32.7,6.0,30.4,14.0,12.4,8.1,10.1,26.0,28.7,28.0,21.4
1772521459.3269436,14.1,11.3,19.2,23.5,40.0,38.2,2.1,3.1,10.2,8.2,7.1,6.0,35.0,33.7,31.3,30.0,13.4,19.0,37.0,31.6,40.0,40.0,42.6,40.6,5.0,5.1,9.0,8.2,30.3,30.0,38.4,12.1,5.2,3.1,5.1,3.1,41.0,39.4,6.1,2.1,37.0,41.6,32.0,19.2,4.1,1.0,9.2,10.1,7.1,7.2,13.1,13.4,21.2,28.3
1772521460.3287895,15.3,13.1,24.0,24.2,51.0,31.7,5.1,6.1,13.4,6.1,7.1,4.1,44.1,31.0,40.0,37.8,12.1,18.6,39.0,34.7,45.1,42.6,41.0,41.0,4.1,6.0,7.1,6.1,33.7,34.3,35.6,29.0,6.0,6.9,5.1,5.1,45.5,36.6,4.1,5.1,41.0,39.4,28.3,29.7,4.1,5.0,12.0,12.0,10.2,8.9,25.3,27.0,21.2,27.0
1772521461.3303933,11.6,9.1,17.2,22.0,37.4,41.0,5.0,1.0,10.1,14.0,4.1,6.1,33.3,26.3,16.5,14.3,11.2,7.1,29.3,34.3,50.5,40.6,42.0,40.4,5.0,5.1,9.0,10.2,29.0,25.3,45.5,20.0,4.0,3.1,3.1,4.1,44.0,36.6,5.1,3.1,41.6,41.6,21.8,20.4,4.0,1.0,8.2,7.1,8.0,7.2,15.8,15.3,20.2,23.0
1772521462.3314366,10.4,11.0,19.4,26.0,36.6,37.6,4.1,3.0,5.1,3.1,6.0,4.0,34.0,34.0,8.2,12.1,6.2,4.0,35.0,37.4,35.6,40.0,43.6,37.0,3.0,5.1,22.2,17.8,29.0,34.3,31.0,39.0,6.1,3.0,2.0,3.1,44.6,36.0,3.0,4.0,40.0,43.1,28.0,27.5,7.0,3.0,10.1,8.1,6.1,6.1,13.3,17.0,24.8,17.0
1772521463.3319626,13.3,6.1,16.3,19.2,35.4,33.0,5.0,3.1,12.1,14.0,6.1,4.0,34.0,26.3,42.4,18.4,11.2,19.2,31.3,40.4,40.6,40.6,29.3,23.2,3.1,4.0,7.1,6.1,30.0,30.0,24.2,41.0,4.0,3.1,4.1,3.1,47.5,35.0,5.2,4.1,40.6,40.0,23.0,21.0,5.1,5.0,7.1,8.2,7.1,6.1,23.2,22.4,22.2,23.0
1772521464.3358147,15.2,7.1,26.7,24.2,36.4,46.1,3.1,6.1,13.1,5.2,12.9,7.0,33.0,41.2,39.0,41.4,14.1,9.1,35.6,39.6,42.6,41.2,27.0,32.7,5.0,5.9,10.2,8.1,45.0,55.4,35.6,47.5,8.0,3.0,7.9,4.0,42.6,38.6,8.0,5.1,41.0,41.6,31.7,31.3,4.1,4.0,16.5,17.0,10.0,8.0,11.1,10.0,24.2,28.3
1772521465.3420508,12.1,11.2,17.2,16.3,35.0,40.2,4.0,4.0,4.1,12.1,3.1,5.1,33.0,29.0,18.2,16.2,12.2,8.2,34.0,39.0,38.6,37.6,41.0,40.4,5.0,5.1,8.9,7.0,31.4,28.7,35.6,44.6,7.1,5.1,4.1,3.1,43.6,36.6,16.3,22.0,41.6,41.2,24.5,22.0,4.0,4.1,9.1,24.0,5.1,5.2,31.0,31.0,27.0,21.0
1772521466.3426304,15.2,12.0,29.7,23.2,41.4,38.4,4.1,7.2,8.2,10.1,8.2,8.9,43.4,42.0,9.2,10.2,4.1,8.1,40.0,35.0,42.2,40.0,42.4,41.0,5.1,4.1,10.1,9.2,36.4,34.7,36.4,42.6,5.1,6.2,3.1,6.9,46.1,37.0,33.7,30.6,34.7,34.3,36.6,30.3,8.1,5.0,13.1,22.0,10.2,9.2,15.2,12.2,25.0,26.5
1772521467.3449407,11.3,9.0,12.5,11.2,39.6,30.4,4.0,2.0,7.1,15.3,6.1,2.0,36.0,34.0,36.0,26.0,16.0,16.2,31.0,37.6,35.3,36.6,44.0,36.4,3.1,5.0,6.1,6.1,25.0,20.2,40.2,18.2,5.0,5.0,3.0,1.0,40.6,39.6,3.0,6.1,27.0,26.7,16.2,20.6,3.0,2.0,11.1,12.1,6.1,6.1,25.7,24.0,17.3,19.8
1772521468.3450243,13.3,8.1,20.8,22.0,28.6,45.5,5.1,5.0,2.1,13.1,4.0,6.1,32.0,26.7,39.2,40.8,3.1,10.1,32.7,36.4,37.6,39.6,31.7,31.3,4.0,4.1,10.1,8.0,31.3,32.3,36.4,41.2,5.1,3.1,3.0,4.0,42.0,39.2,2.1,3.1,22.8,22.8,33.0,17.2,4.0,3.1,8.2,10.2,7.1,7.1,15.2,15.2,23.0,22.2
1772521469.3465517,15.6,13.3,17.5,22.4,33.0,42.7,4.0,4.1,9.1,12.0,7.1,5.1,30.0,35.7,20.0,19.4,13.0,17.2,41.4,31.7,38.6,41.2,33.0,25.3,4.1,4.0,7.0,6.2,37.4,31.7,28.4,34.3,3.1,6.1,2.0,5.2,33.7,47.5,3.0,4.1,22.0,21.0,31.0,35.6,3.1,4.0,15.0,12.0,9.1,6.1,11.1,10.2,18.4,25.3
1772521470.3472505,13.4,10.0,20.0,20.2,36.4,38.0,2.0,37.6,4.1,3.1,5.1,9.1,34.7,34.7,7.1,6.1,3.1,4.0,37.0,31.6,38.0,42.6,41.0,21.8,4.0,7.1,7.1,9.0,33.7,29.0,31.0,35.0,5.0,4.0,5.1,4.0,33.0,46.5,3.1,5.1,19.4,19.0,25.3,30.3,6.1,3.0,12.1,7.2,7.1,8.1,30.0,28.7,25.3,21.2
1772521471.3540876,14.9,10.9,22.2,19.4,35.0,45.1,3.0,5.1,15.0,9.1,4.0,4.1,30.7,30.3,18.2,37.0,17.0,14.1,39.0,37.6,39.2,39.6,41.6,39.6,4.0,5.9,4.1,5.1,26.0,37.0,39.0,40.4,5.0,5.0,2.0,3.1,40.2,41.2,7.0,2.0,15.0,15.0,26.0,23.2,4.0,4.0,11.9,8.0,5.1,9.0,12.2,10.9,20.8,25.5
1772521472.3557003,18.2,12.2,23.2,26.0,42.0,35.0,4.1,7.1,12.2,6.1,5.2,6.1,40.0,31.0,42.4,40.2,5.1,10.1,36.6,39.4,40.2,39.2,41.0,41.0,7.0,3.0,10.1,7.1,37.0,29.3,33.0,40.6,7.1,4.0,8.2,2.0,43.1,40.2,6.1,5.1,24.2,29.0,26.7,31.4,4.1,4.0,11.0,12.1,9.0,9.1,28.7,29.3,29.6,20.4
1772521473.358025,14.4,22.0,18.2,17.3,33.3,40.2,4.0,4.1,5.1,8.2,5.0,6.1,33.7,28.7,21.4,21.2,10.2,17.3,35.4,35.6,36.3,39.0,45.0,38.4,3.1,6.1,5.1,11.1,31.3,27.7,21.2,41.7,3.1,4.0,5.0,2.0,47.0,35.4,5.2,2.1,32.0,30.3,19.2,28.3,3.1,2.0,9.0,8.1,5.2,6.1,16.0,15.0,19.0,24.2
1772521474.3581133,16.3,10.2,16.5,26.0,36.7,47.5,4.1,5.1,7.0,4.1,3.1,7.1,35.0,34.3,7.1,22.0,4.0,5.1,39.0,31.0,40.0,41.2,41.0,41.6,5.1,6.1,6.1,3.1,32.0,35.0,19.2,45.0,4.0,6.1,5.1,5.1,34.0,39.0,6.3,9.1,31.3,31.3,25.0,30.0,6.0,5.1,7.2,12.2,5.1,10.0,11.3,15.2,20.4,24.2
1772521475.3605137,15.5,11.0,25.5,23.2,36.4,42.0,5.2,24.5,10.3,16.8,7.1,7.1,29.0,40.6,19.0,29.6,9.2,17.0,37.0,43.4,40.6,38.0,42.0,39.0,9.0,4.0,8.1,7.1,37.4,24.2,23.0,43.4,24.5,6.1,7.1,6.1,44.0,43.6,11.9,13.1,34.7,37.0,31.0,30.3,6.1,7.1,11.0,13.0,10.1,11.1,25.0,23.2,26.0,24.0
1772521476.3606045,13.3,8.0,18.0,24.5,48.0,27.7,3.1,38.4,6.3,11.1,5.1,6.1,34.3,26.3,39.4,38.0,5.1,9.2,38.4,34.0,41.2,42.6,41.4,40.0,6.1,2.0,4.1,12.0,39.6,31.0,35.0,42.0,6.0,4.0,10.1,5.1,37.0,40.4,2.1,3.1,33.3,32.0,28.6,32.3,7.1,3.1,8.1,11.2,6.1,9.1,14.0,14.1,26.3,19.0
1772521477.3606937,12.1,11.2,20.4,24.2,38.4,37.8,3.0,38.0,3.1,10.2,4.1,6.1,29.0,31.0,32.0,30.2,15.3,15.3,37.4,34.0,39.6,40.0,40.0,42.6,7.1,2.0,7.1,7.1,28.3,32.3,30.3,51.5,3.1,6.1,5.1,6.1,41.6,40.2,8.0,4.1,31.3,31.7,25.0,32.0,3.0,5.1,11.1,8.2,7.1,9.0,24.2,26.3,24.0,21.4
1772521478.3617878,11.2,12.1,20.2,20.2,42.6,35.6,4.0,38.4,6.1,6.0,5.1,3.1,37.4,34.0,11.2,14.0,6.2,4.1,36.0,39.0,40.6,39.6,40.6,40.0,5.1,4.0,9.1,5.1,31.0,36.6,37.0,42.0,4.0,5.1,12.1,4.1,36.4,48.0,3.1,4.0,31.0,31.0,23.0,30.0,1.0,4.1,9.1,9.1,6.1,7.2,17.2,17.0,26.0,21.2
1772521479.3700356,13.0,9.0,21.0,17.0,36.7,42.2,5.1,20.8,6.1,26.3,5.0,6.9,28.4,37.3,20.2,15.0,12.9,11.0,32.7,33.3,39.6,40.2,31.0,2.0,6.1,4.0,6.1,7.1,32.0,32.7,25.0,37.3,4.0,5.0,5.9,7.9,39.2,42.2,5.0,5.1,31.7,32.4,18.0,29.7,5.9,5.0,8.2,11.9,6.9,9.1,16.0,17.0,22.2,22.0
1772521480.3724904,16.5,9.2,25.5,25.5,43.4,36.3,7.1,23.0,18.4,16.0,5.1,10.3,40.0,33.3,36.0,32.3,7.1,10.1,42.0,35.0,42.2,40.4,6.2,6.2,11.2,5.1,6.1,10.0,36.6,37.0,31.3,35.0,5.9,6.1,3.1,6.1,35.0,47.5,5.2,4.1,31.3,32.0,32.3,32.0,3.1,6.1,12.1,13.1,7.2,9.3,36.6,31.0,24.0,22.2
1772521481.3731062,11.5,13.1,20.4,22.0,48.5,30.3,7.1,13.4,7.1,6.1,8.1,7.1,34.3,28.3,32.7,33.0,6.1,13.1,38.4,47.5,38.0,42.3,24.8,21.0,11.1,11.1,11.0,9.3,32.0,29.0,31.0,41.6,6.1,7.0,7.1,5.1,40.4,39.0,5.1,4.1,37.0,40.8,23.8,22.2,3.1,5.1,11.2,10.0,8.2,8.2,9.3,10.2,22.4,20.4
1772521482.376236,14.1,10.1,21.0,18.2,43.0,30.7,3.1,4.0,7.1,10.1,8.0,5.0,32.3,27.0,16.0,17.3,23.0,21.0,40.0,33.3,40.6,38.0,42.0,41.6,6.0,4.0,6.1,7.1,28.3,34.3,17.8,37.4,5.9,5.1,5.1,5.1,43.6,39.2,4.2,5.1,43.0,40.0,21.4,26.3,3.0,5.9,10.2,8.1,8.1,9.1,23.0,23.5,19.2,23.2
1772521483.376323,16.8,12.1,25.5,22.2,42.4,38.2,8.0,6.0,6.1,6.1,6.1,4.0,32.0,35.0,17.2,19.2,10.1,13.1,41.6,34.0,38.6,43.6,43.6,38.0,5.0,4.0,9.0,7.1,39.0,28.7,14.1,37.6,4.1,4.0,3.0,4.1,46.1,36.6,4.0,4.0,40.6,40.6,21.8,28.0,4.0,4.1,10.0,12.1,7.1,11.1,19.2,20.0,19.8,28.0
1772521484.3764083,14.3,10.2,22.0,20.6,36.4,43.4,5.2,4.0,19.6,18.4,6.1,6.1,38.4,38.8,40.4,31.3,14.4,22.4,39.4,36.0,41.2,41.6,46.0,37.8,5.1,5.1,12.1,8.2,28.6,34.0,25.0,37.0,8.0,6.2,4.1,4.1,40.6,42.0,5.2,3.1,41.0,41.0,25.5,22.2,5.1,3.1,10.2,10.2,7.3,9.1,19.4,21.2,23.5,22.4
1772521485.3802862,12.4,12.9,24.0,23.0,30.0,47.5,7.1,4.0,5.1,3.1,4.1,11.1,31.7,36.6,32.0,31.0,3.1,9.2,40.0,36.4,40.0,40.6,44.0,37.6,4.0,5.0,10.1,10.0,36.6,29.3,22.0,42.0,5.1,5.1,5.1,8.0,46.0,35.0,5.1,6.1,41.6,41.0,26.7,27.3,6.1,4.0,11.2,9.2,7.9,8.1,25.7,24.8,28.0,30.3
1772521486.3806427,14.1,8.1,18.2,17.3,35.7,34.3,4.0,2.1,13.0,3.1,4.1,7.0,29.7,26.0,16.5,22.2,22.2,8.0,37.0,36.6,35.6,35.6,37.0,31.0,6.0,5.1,6.1,8.1,28.3,25.7,29.7,31.7,4.0,6.1,3.0,3.0,50.0,31.4,6.1,3.1,32.0,34.0,22.0,19.8,4.0,6.9,9.2,8.0,5.1,7.1,9.1,9.2,22.0,27.0
1772521487.3839386,15.3,9.1,25.3,25.3,45.0,34.3,5.1,3.0,6.1,6.1,16.0,6.1,31.3,36.6,23.5,24.0,14.1,8.2,36.0,37.8,47.1,41.2,40.6,30.0,6.1,4.1,12.0,8.1,33.7,32.7,37.4,43.6,6.1,7.1,5.0,5.1,40.6,41.0,13.1,17.3,29.0,28.7,31.3,26.5,5.1,6.1,10.0,11.1,8.0,7.2,29.3,32.0,24.2,24.2
1772521488.3850317,14.0,12.2,24.2,28.3,44.0,40.2,6.1,4.0,28.0,13.1,13.1,4.2,38.0,37.4,30.6,24.5,17.2,17.2,42.0,40.2,38.6,41.6,43.4,39.0,6.1,8.0,9.1,9.1,36.4,39.0,31.0,51.0,5.1,5.1,4.1,4.1,41.0,40.0,27.6,27.6,22.0,23.8,31.0,33.3,6.1,5.1,11.2,14.1,11.3,12.2,12.0,10.9,22.2,28.3
1772521489.3863473,14.6,11.1,30.6,28.3,44.4,40.0,5.1,6.1,10.1,5.1,7.1,8.0,31.3,35.6,29.6,28.3,7.1,3.1,39.6,35.4,43.6,39.0,36.6,44.4,8.1,3.1,10.2,8.0,34.0,34.3,48.0,32.3,7.1,4.1,4.1,4.1,43.6,42.0,9.2,8.1,22.0,22.2,27.0,33.3,4.1,7.1,13.0,11.1,10.1,18.2,19.2,19.8,25.0,27.0
1772521490.386442,12.2,9.2,22.4,24.5,35.4,31.1,3.1,7.0,9.2,4.2,5.1,6.1,32.0,32.3,20.0,23.0,15.3,11.1,29.6,33.7,38.0,38.2,40.0,40.0,4.1,4.0,6.1,7.1,25.0,33.3,37.0,29.0,6.0,6.1,4.1,3.0,39.0,37.6,5.1,3.1,22.8,22.0,19.2,20.2,5.0,4.0,7.1,10.2,8.2,8.1,23.0,23.8,19.6,20.4
1772521491.386526,10.4,10.0,21.4,17.2,33.7,42.4,6.1,5.0,8.2,7.1,4.1,6.1,30.7,27.3,14.4,17.5,3.1,9.2,36.0,35.6,36.6,41.0,40.0,40.0,5.9,2.0,4.0,7.1,30.0,35.0,33.3,16.0,2.1,3.0,10.1,3.0,39.6,37.0,3.1,3.0,27.3,26.7,26.7,20.2,3.0,4.0,9.9,10.1,5.1,9.9,7.1,8.2,17.8,26.3
1772521492.3879998,14.9,8.1,19.0,20.4,32.0,43.1,4.1,3.0,15.0,6.1,6.0,4.1,36.0,24.2,22.0,27.0,10.0,16.2,35.4,38.0,39.6,42.2,41.0,41.2,6.1,3.0,7.0,5.9,31.0,31.7,32.7,25.0,4.0,2.0,6.1,3.1,41.2,43.0,3.1,4.0,31.4,29.0,27.0,26.7,1.0,4.0,9.1,8.2,6.1,8.1,28.0,29.0,22.2,20.2
1772521493.3880813,20.8,10.1,22.4,19.2,40.8,41.4,8.2,3.1,11.3,17.3,6.1,7.0,36.7,41.4,29.6,32.7,5.1,9.2,34.7,38.8,40.6,41.6,30.0,35.4,10.1,5.1,7.1,7.1,34.7,35.4,35.7,38.4,6.1,6.0,3.1,5.1,43.4,39.0,4.0,4.2,25.3,32.3,30.3,26.3,4.1,7.0,7.1,12.1,8.1,8.2,12.0,13.4,23.2,28.0
1772521494.3901386,31.7,17.8,22.2,23.2,38.0,39.2,7.1,4.0,5.0,3.1,3.1,4.1,28.7,29.4,23.0,28.3,9.2,15.8,39.4,30.7,41.2,43.6,24.5,21.0,3.1,4.0,9.1,4.0,32.3,35.0,21.0,41.2,5.1,4.0,4.0,5.1,37.6,44.0,3.1,5.1,32.0,30.4,23.2,27.0,3.1,3.1,9.0,14.0,7.0,7.1,26.0,26.5,26.3,19.4
1772521495.3915143,12.4,9.1,17.5,17.2,39.4,36.6,5.0,3.1,12.1,6.1,3.0,5.1,32.3,32.0,24.5,16.2,16.2,22.4,37.0,35.4,39.0,37.3,29.0,26.0,5.0,3.1,11.0,4.1,32.4,26.3,34.7,30.3,2.0,4.1,1.0,4.0,46.5,31.7,5.0,2.0,29.3,31.6,24.2,21.2,2.1,4.1,9.0,11.9,7.1,9.0,17.0,14.3,22.2,18.0
1772521496.3931718,10.5,8.1,17.3,20.0,31.3,37.0,5.0,7.0,5.1,3.1,6.1,4.1,29.0,32.0,21.0,24.0,8.2,29.3,31.0,33.0,37.3,41.6,24.2,40.4,6.1,7.1,5.1,8.1,28.3,29.0,36.0,26.7,6.0,3.1,5.1,4.1,46.0,38.4,19.0,9.1,33.7,31.0,23.5,26.7,4.1,3.1,9.1,12.2,8.9,5.2,12.2,14.0,20.4,22.2
1772521497.395412,14.1,10.2,18.2,21.2,39.4,39.2,4.1,3.0,14.1,11.2,6.1,5.0,27.7,40.0,25.3,26.0,9.2,31.7,35.4,33.0,38.6,36.0,39.6,43.0,3.0,7.1,6.0,7.1,30.0,30.7,37.3,36.6,4.0,5.9,5.0,5.1,40.2,42.6,4.1,10.1,31.0,33.0,21.2,25.7,5.0,4.0,9.3,9.0,6.2,6.0,24.0,24.5,20.8,21.2
1772521498.395614,17.2,11.1,22.4,23.5,40.4,41.0,6.1,5.1,12.5,6.0,3.1,8.2,40.4,39.0,22.4,26.3,14.1,8.2,38.4,42.0,42.0,41.2,38.0,44.6,6.1,3.0,9.2,8.2,31.6,37.6,41.4,41.4,8.1,41.6,9.0,4.1,44.0,39.0,5.1,4.1,34.3,26.3,27.3,32.7,5.1,6.1,13.0,10.1,8.2,9.2,14.1,11.2,24.5,26.3
1772521499.3956814,12.1,11.1,21.2,18.2,47.0,27.7,3.1,8.2,8.2,11.3,7.1,4.0,36.0,26.3,28.6,22.4,11.2,15.2,35.0,38.0,37.0,37.6,33.3,44.0,4.0,5.1,8.0,10.0,33.0,27.3,49.5,31.3,5.0,38.1,3.1,4.0,35.6,45.0,8.1,3.0,31.0,31.3,26.0,23.2,7.0,3.1,12.1,9.2,7.1,7.1,27.7,24.0,17.0,26.0
1772521500.3970704,12.2,8.0,14.1,17.3,36.4,31.7,4.0,5.9,4.0,3.1,5.0,6.1,28.0,28.0,27.3,22.2,2.0,13.0,34.3,32.0,40.2,36.6,26.3,34.7,3.1,7.1,5.1,6.1,25.7,28.4,34.3,36.6,4.1,18.2,2.0,3.1,41.0,36.6,2.0,4.0,32.0,31.0,16.2,22.0,4.1,3.0,7.1,8.1,7.0,7.1,17.0,18.2,18.0,20.4
1772521501.3974009,11.2,11.2,18.0,22.0,42.4,38.6,3.0,5.2,12.4,15.0,5.1,5.1,30.0,32.0,24.2,24.2,13.1,7.1,33.0,43.0,36.6,37.0,37.0,39.4,6.0,6.0,9.1,4.0,33.7,27.3,38.0,24.2,7.0,3.0,5.1,3.0,41.6,40.6,3.0,4.0,30.3,31.0,25.0,26.0,3.1,3.0,7.1,13.0,7.1,6.3,16.3,18.4,19.4,27.0
1772521502.4002154,15.5,9.2,19.4,22.0,36.4,37.0,5.1,7.0,4.1,12.1,7.1,6.1,31.0,34.0,26.5,22.2,11.1,14.1,35.0,34.0,38.6,39.6,43.0,39.0,7.0,8.1,4.0,10.0,29.7,42.0,45.5,31.4,6.1,5.9,4.0,6.1,40.6,40.6,3.1,7.1,33.0,32.0,21.2,28.0,4.0,5.1,12.0,12.0,9.0,8.0,29.0,25.0,27.0,21.6
1772521503.4063447,16.2,11.0,24.2,18.2,38.8,42.2,9.9,4.0,11.1,6.1,7.1,9.1,38.6,28.7,27.6,31.3,19.2,10.2,40.6,37.0,42.7,38.2,32.0,39.0,5.1,4.0,11.9,7.1,42.0,38.0,38.0,44.6,5.0,7.1,8.0,6.1,26.7,56.4,8.1,9.1,41.6,37.0,28.0,26.0,5.0,6.1,18.8,14.3,11.0,11.0,19.2,17.2,19.2,27.0
1772521504.4064317,18.4,12.1,29.3,24.5,32.0,50.0,6.1,8.1,5.1,9.0,8.0,6.1,36.4,36.4,30.6,21.6,11.2,18.4,33.3,37.0,42.0,42.0,33.0,31.0,6.0,6.1,10.1,11.0,39.6,39.0,51.0,24.2,4.1,6.2,5.1,5.1,36.0,44.0,4.1,4.1,40.4,42.6,32.7,30.3,6.1,5.1,15.3,16.3,9.3,10.1,25.0,21.4,30.6,21.2
1772521505.410596,9.4,6.1,16.2,19.0,37.4,37.3,3.1,2.0,8.2,14.1,5.0,4.0,40.6,37.0,20.2,19.2,3.0,4.1,30.0,36.6,35.9,36.6,22.2,23.8,4.0,3.0,3.1,9.1,26.0,30.7,28.7,16.0,1.0,5.0,2.0,2.0,38.0,45.1,4.0,4.0,40.6,38.0,17.2,16.0,2.0,5.1,7.9,8.1,7.1,6.1,7.1,10.1,21.0,16.0
1772521506.4108787,16.3,26.3,24.0,19.6,31.3,50.0,6.1,4.0,13.1,7.3,6.1,6.1,34.0,38.0,12.1,30.0,11.1,14.1,38.0,38.4,42.6,38.0,33.0,29.0,7.1,3.1,6.1,10.0,35.0,33.3,28.3,38.0,5.1,9.0,3.0,7.0,31.7,50.5,5.1,4.1,32.7,33.3,31.7,31.0,4.1,4.0,10.3,12.9,9.2,10.0,27.0,28.3,23.0,28.0
1772521507.412465,12.4,7.0,16.0,18.2,50.5,26.7,4.1,2.0,9.2,11.0,6.0,4.0,40.0,38.6,24.7,32.7,4.1,10.2,33.3,36.0,38.6,37.3,42.6,38.4,4.0,5.9,4.1,14.1,28.6,26.3,41.6,39.0,3.0,5.0,2.0,4.0,31.3,46.5,2.1,3.0,29.7,31.0,23.0,19.0,2.0,3.0,9.0,9.2,9.1,7.1,19.0,14.3,17.2,22.0
1772521508.4143703,13.1,11.1,13.1,19.6,47.0,30.7,4.0,5.9,5.1,7.1,8.1,6.0,34.7,27.3,28.0,25.0,9.2,19.2,37.6,39.2,39.6,39.6,41.4,39.6,3.1,4.0,8.0,8.1,29.0,29.7,34.3,47.5,4.0,3.1,2.0,3.1,38.6,41.7,6.1,3.1,29.0,29.7,22.2,23.0,4.0,4.0,11.9,8.0,8.9,7.1,19.0,18.2,22.8,23.0
1772521509.4220018,13.3,9.9,15.3,24.8,40.6,37.6,7.0,2.0,15.0,4.1,9.3,5.1,36.6,24.2,30.0,17.5,6.1,7.0,41.0,31.3,38.0,40.2,42.2,38.0,3.0,5.9,5.1,9.1,39.8,27.7,43.1,39.2,4.1,4.0,4.0,2.0,44.6,35.0,19.2,7.1,22.0,20.0,23.0,28.3,4.0,3.0,9.1,11.1,7.0,7.0,20.0,15.0,20.0,23.2
1772521510.4233503,11.2,7.1,28.3,27.6,41.8,36.6,4.0,3.1,14.3,7.1,9.0,5.0,41.4,40.6,22.2,22.0,7.1,3.1,32.0,28.0,41.2,42.2,41.4,40.0,6.0,2.0,6.1,7.1,37.4,34.3,50.0,30.0,2.0,2.0,2.0,5.1,29.7,30.0,29.0,30.3,20.8,22.8,39.2,30.7,5.1,6.0,11.0,7.1,6.1,5.2,6.2,11.1,18.2,24.2
1772521511.4234262,11.2,4.0,29.0,28.7,41.0,42.0,2.0,3.0,4.0,3.0,5.1,3.0,35.4,40.0,22.0,19.2,9.1,3.0,8.1,15.2,41.0,39.2,31.0,42.0,3.0,2.1,2.0,4.0,35.4,39.0,45.5,14.1,4.0,6.1,2.0,1.0,21.0,18.2,3.1,5.1,21.8,21.0,34.7,28.3,3.0,0.0,4.0,4.0,2.0,3.0,10.2,10.1,8.2,7.1
1772521512.4235158,14.0,5.1,29.3,27.3,37.6,44.1,2.1,2.0,5.0,5.0,2.1,5.0,41.0,33.0,5.0,6.1,11.1,9.0,18.0,19.4,40.2,44.6,25.7,28.3,2.0,5.0,5.1,4.1,37.6,38.0,25.0,17.8,26.5,5.0,9.0,6.1,17.2,14.1,4.1,6.0,26.0,23.0,35.3,32.0,5.0,3.0,12.1,6.0,5.0,6.0,14.1,13.1,12.0,10.1
1772521513.4236078,7.4,3.0,11.2,11.0,27.0,30.3,1.0,2.0,2.0,0.0,2.9,1.0,23.0,23.2,1.0,0.0,2.0,1.0,3.0,3.0,29.0,31.7,19.2,10.0,1.0,1.0,0.0,3.0,20.2,22.0,28.7,13.0,2.0,0.0,1.0,2.0,5.9,5.0,0.0,1.0,22.0,21.0,16.0,15.0,3.0,0.0,3.0,3.0,0.0,2.0,3.0,3.0,2.0,1.0
1772521514.4248698,11.2,9.1,18.0,22.2,42.2,31.0,5.0,4.0,3.1,4.0,4.1,10.0,23.8,23.8,6.0,5.1,4.0,3.1,19.4,27.0,30.7,27.7,5.1,14.0,5.0,3.0,6.0,5.0,21.0,31.3,22.2,18.8,4.0,3.0,7.1,4.0,24.0,25.3,3.1,3.0,25.7,27.7,21.4,25.0,2.0,5.0,6.1,7.1,5.1,6.0,8.0,10.1,15.2,17.8
1772521515.4269001,11.5,9.0,21.0,20.8,43.0,36.6,4.0,2.0,5.0,11.8,5.0,4.0,29.7,36.0,13.3,9.1,4.0,2.0,36.3,35.7,44.1,34.7,1.0,21.0,2.0,4.1,5.0,4.1,41.6,31.0,17.8,1.0,7.1,1.0,3.0,1.0,37.0,37.3,4.0,1.0,26.7,28.3,35.3,39.6,1.0,4.0,10.0,10.0,5.9,6.9,9.0,7.1,17.0,22.2
1772521516.4291744,14.1,11.0,19.4,28.6,37.0,36.6,4.1,6.1,6.1,8.2,4.1,3.1,33.3,37.4,25.0,24.5,2.1,13.1,34.7,36.3,41.0,38.0,13.1,22.0,3.0,4.1,7.1,7.9,35.4,32.4,7.2,13.0,6.1,3.1,6.1,3.0,37.0,47.1,4.1,4.0,20.2,21.2,31.3,29.3,2.0,5.1,12.2,12.1,6.1,7.1,20.4,19.4,21.4,25.5
1772521517.4292588,13.3,8.2,24.5,16.2,35.7,41.0,4.1,4.0,10.2,6.1,7.2,3.1,25.0,33.0,37.8,32.0,13.1,10.0,33.0,36.4,39.2,37.6,42.6,40.0,5.1,4.1,6.1,8.2,35.0,27.3,27.0,32.7,4.1,3.1,5.1,3.1,29.0,50.0,4.1,3.1,21.0,28.0,22.2,26.7,4.0,5.2,10.1,10.0,7.1,6.1,23.8,21.2,21.2,22.2
1772521518.4306111,13.3,9.1,22.0,17.2,36.4,37.3,7.0,1.0,12.4,16.2,7.0,4.0,35.4,35.0,23.5,24.5,15.2,6.1,42.0,34.3,38.0,38.6,39.0,42.4,3.0,5.1,9.0,8.1,35.0,29.3,42.2,41.6,4.1,6.0,3.0,4.0,43.6,38.2,3.1,4.1,33.0,33.3,25.0,25.0,5.1,3.0,9.1,11.1,8.1,7.1,13.1,10.1,21.0,20.4
1772521519.431569,15.5,11.0,26.0,26.0,40.4,39.4,5.1,4.1,7.0,11.2,5.2,5.2,38.0,33.0,14.1,18.2,8.2,12.1,42.0,33.0,38.2,41.0,34.7,33.7,5.1,9.9,8.2,11.0,33.3,32.0,43.0,42.0,6.1,8.1,4.2,7.1,44.0,39.4,5.1,4.1,31.3,32.3,25.0,30.6,5.1,5.1,10.1,13.0,8.9,9.2,31.0,30.3,29.3,25.3
1772521520.432705,16.2,9.2,21.2,24.2,39.2,37.9,6.1,5.9,6.1,9.0,6.1,6.0,37.6,25.0,28.0,26.0,19.2,6.1,38.6,38.0,41.6,42.2,36.0,34.3,6.1,10.0,10.1,29.0,32.4,35.0,41.6,40.0,9.0,3.1,12.1,28.6,37.0,45.1,5.1,10.1,31.0,33.3,29.3,24.0,4.0,5.1,8.2,14.0,9.1,10.0,14.0,26.7,19.6,25.0
1772521521.4333427,14.4,8.2,21.2,19.2,43.6,35.3,6.1,3.0,16.5,6.2,6.1,4.0,34.0,29.0,33.7,33.3,17.3,10.1,32.3,38.0,41.2,42.6,43.6,39.0,6.1,16.8,6.1,7.2,33.7,34.3,46.5,34.0,4.0,5.1,7.0,34.0,45.1,34.0,14.0,14.1,32.0,30.7,24.0,29.3,4.0,8.9,10.1,9.2,8.2,9.1,32.0,32.0,21.4,25.3
1772521522.4356587,12.2,9.1,20.2,19.2,33.3,41.6,8.2,3.1,14.1,8.2,3.1,5.1,26.0,36.0,20.4,20.6,25.3,11.1,35.0,30.3,35.6,35.0,43.4,37.4,5.1,2.0,7.1,8.9,24.5,28.0,27.3,30.0,5.1,4.1,6.1,5.0,39.4,42.4,8.1,11.1,30.3,31.0,25.3,17.3,3.0,3.1,11.1,9.1,5.1,5.2,10.1,12.0,19.4,19.6
1772521523.4376657,11.3,8.1,17.3,17.5,33.7,40.0,4.0,2.1,7.1,7.1,5.1,13.1,26.5,32.3,17.0,14.1,26.5,13.1,36.4,34.0,41.0,39.0,42.4,39.0,7.0,3.1,4.1,9.2,31.0,29.3,21.8,42.0,7.0,5.0,4.1,2.0,47.1,34.3,4.0,1.0,31.0,32.0,23.8,25.7,4.0,4.0,9.1,9.9,9.1,10.0,21.2,19.4,22.0,26.0
1772521524.4392679,18.4,11.2,21.2,24.0,40.4,38.6,5.9,4.0,5.1,3.1,6.1,7.1,35.6,32.0,24.2,28.6,21.0,28.6,40.0,41.0,38.2,40.6,37.6,44.0,4.1,4.0,7.1,8.2,38.0,35.0,38.4,41.4,4.1,4.1,4.0,2.0,34.3,47.0,5.1,3.0,31.4,30.3,27.0,32.0,6.1,2.0,10.1,9.2,9.1,7.1,21.0,22.0,29.0,18.0
1772521525.4431698,16.2,11.0,22.7,20.0,36.7,41.6,5.1,3.1,8.1,9.1,3.1,4.1,38.6,28.7,30.6,34.3,11.1,7.9,41.2,37.0,32.7,37.3,37.6,42.6,7.9,5.0,5.1,8.0,29.0,28.3,39.2,34.7,3.1,5.0,5.1,9.3,32.7,46.5,10.1,4.0,33.0,35.6,25.7,24.0,2.0,4.0,11.0,11.1,6.2,6.1,13.1,15.2,22.0,19.4
1772521526.4452603,13.1,9.2,23.2,23.5,35.3,44.6,5.0,4.0,20.0,12.1,3.1,4.1,40.0,21.2,22.4,26.7,16.3,6.1,41.8,35.6,41.2,42.2,42.0,40.4,5.1,4.0,7.9,8.2,35.4,29.7,22.2,20.2,3.1,4.0,2.0,5.0,27.0,54.5,1.0,4.1,40.0,40.0,23.0,30.0,4.0,3.0,8.1,9.2,8.0,9.1,25.7,26.0,27.6,19.6
1772521527.4504802,12.4,10.0,21.4,16.2,40.8,35.3,5.1,2.0,9.3,4.1,4.0,6.9,38.2,27.0,21.0,12.2,9.1,6.1,41.2,39.6,39.0,38.2,41.6,36.6,4.0,5.1,7.1,5.1,31.7,31.0,27.3,44.6,4.0,4.0,4.1,4.0,36.3,44.6,4.0,5.0,41.2,40.6,27.0,26.0,3.0,3.0,11.0,10.9,6.1,7.1,12.2,11.0,19.8,21.6
1772521528.4505656,14.1,11.1,28.3,23.0,42.9,37.0,7.0,6.0,6.1,6.1,6.1,4.1,33.0,33.7,30.6,24.5,7.1,18.2,38.8,34.7,43.0,42.6,41.0,37.4,3.1,4.1,6.1,10.0,42.0,29.3,41.0,40.0,7.0,4.1,5.1,5.1,40.0,39.6,3.1,6.2,41.0,41.0,27.8,30.0,5.0,4.1,11.1,10.2,8.1,11.0,29.0,28.3,22.4,29.7
1772521529.451529,12.2,9.1,23.5,16.5,42.0,34.7,3.1,4.0,11.1,4.1,5.1,4.0,30.6,34.3,32.0,31.3,4.1,16.0,33.0,39.0,39.2,39.0,33.3,29.0,5.0,4.0,6.1,5.1,26.5,35.3,41.6,29.7,5.1,2.0,4.0,4.0,48.0,34.3,4.0,4.0,33.0,32.0,23.8,24.0,5.0,3.0,9.9,8.0,6.1,6.1,13.0,16.0,21.2,19.2
1772521530.451614,13.3,10.3,21.4,24.2,28.6,52.9,7.1,4.1,14.3,18.2,7.1,7.1,35.0,32.3,21.6,26.3,10.4,12.2,34.0,39.0,37.6,42.6,28.3,30.3,8.0,7.0,9.2,9.1,32.7,37.0,42.0,28.0,4.1,6.0,5.2,4.1,44.0,37.3,3.1,5.1,32.0,31.0,31.6,24.0,5.1,4.1,12.2,11.1,8.2,11.1,18.4,16.5,24.8,25.3
1772521531.4552042,14.0,10.9,20.2,22.0,30.9,47.1,10.1,2.0,4.1,10.3,6.1,6.1,35.6,35.6,19.6,12.2,10.1,3.1,40.0,35.0,38.6,40.6,19.2,21.2,4.0,7.1,7.0,8.9,51.0,41.4,35.6,36.0,4.0,7.0,5.0,8.1,40.6,40.0,3.1,4.1,31.0,32.0,27.7,28.3,6.1,5.0,9.0,8.2,9.0,9.0,23.8,25.7,28.0,18.4
1772521532.4596088,15.0,10.2,21.0,26.0,53.9,23.0,4.0,3.0,7.0,4.9,5.1,4.0,36.0,28.0,19.4,34.7,14.0,9.2,37.0,37.6,39.2,37.0,24.8,29.7,3.0,5.1,6.1,8.1,28.7,34.0,33.0,21.8,7.0,6.1,1.0,3.0,47.1,33.3,4.0,2.1,28.7,31.0,22.2,23.8,3.0,13.1,13.0,12.0,8.0,5.1,10.0,11.1,23.8,22.2
1772521533.4605584,16.3,12.1,22.2,19.4,45.5,30.4,4.1,3.1,7.1,10.3,3.1,5.1,33.3,30.7,31.3,28.9,11.0,3.1,39.4,31.3,42.2,39.6,44.6,38.4,5.1,4.0,10.1,6.2,36.6,33.3,43.0,19.0,4.0,7.1,3.0,2.0,44.0,37.6,5.1,3.1,22.2,21.0,31.0,24.2,3.0,3.1,10.2,9.1,8.1,8.1,26.3,27.6,24.2,23.0
1772521534.4615493,13.3,11.1,19.2,16.2,41.6,36.6,5.1,3.1,11.2,7.1,5.1,4.1,25.7,35.4,23.0,25.0,17.3,9.1,32.0,38.4,39.6,35.6,44.0,40.0,9.1,3.1,8.0,9.1,25.3,32.7,38.0,25.7,3.1,4.0,6.0,6.0,42.4,36.4,9.1,12.1,32.0,32.0,19.2,24.2,5.1,5.0,10.0,8.0,8.1,7.1,11.1,9.2,18.0,22.4
1772521535.464305,16.2,9.1,24.5,25.5,34.0,43.6,13.1,7.1,10.2,17.3,6.0,5.1,35.4,38.2,17.5,18.2,11.2,4.1,41.4,35.4,40.2,42.2,40.0,44.0,6.1,5.0,8.2,9.0,33.3,38.2,42.7,42.6,5.1,4.1,2.0,4.1,49.5,33.0,22.4,29.3,32.0,31.0,38.6,23.2,4.1,4.0,13.1,13.0,10.0,9.0,27.0,24.0,26.7,30.0
1772521536.4682314,12.1,9.1,18.0,19.8,36.0,43.6,3.0,4.0,5.1,3.0,6.1,5.1,32.7,25.0,27.0,27.7,16.0,10.1,38.6,36.6,35.6,35.6,44.6,39.6,4.9,4.0,4.0,5.1,28.0,26.0,42.6,27.7,1.0,8.2,4.1,1.0,47.1,33.7,14.1,12.1,30.7,31.4,17.2,30.0,3.0,2.0,6.1,8.0,6.0,6.1,19.6,18.8,19.4,17.2
1772521537.4716718,10.2,11.0,18.2,18.2,37.4,34.7,5.0,4.1,4.0,4.1,4.0,7.0,30.0,32.0,24.5,26.5,8.2,10.1,34.3,35.0,39.0,37.6,37.4,44.0,4.1,2.1,6.1,7.1,37.6,24.2,21.2,23.0,4.0,3.1,6.0,4.0,42.0,39.0,3.0,3.0,31.0,32.0,20.8,27.0,5.1,5.1,8.0,10.1,6.1,8.0,10.0,6.1,20.0,21.0
1772521538.4740903,14.0,12.1,21.6,22.2,48.5,32.4,7.0,3.1,8.1,17.2,5.1,6.0,39.4,26.3,20.4,21.0,10.1,16.0,38.6,34.0,42.6,38.6,38.6,43.6,6.1,4.0,6.1,8.1,32.0,38.6,30.0,33.0,5.1,5.1,4.0,5.1,49.0,32.7,3.1,3.1,28.7,24.2,30.3,23.2,2.0,8.0,11.1,8.2,8.1,6.1,35.0,31.4,24.8,24.2
1772521539.482961,12.4,7.1,14.0,16.0,35.0,30.0,3.0,2.0,13.3,8.0,4.1,2.0,32.7,26.0,26.0,28.7,3.0,10.0,33.0,37.6,35.9,36.3,39.0,35.0,4.0,4.0,7.0,7.0,25.0,26.7,30.0,33.0,6.0,6.0,2.0,2.0,42.7,37.6,5.0,5.0,32.0,30.7,21.0,21.6,3.0,4.0,5.0,8.9,6.1,6.0,6.1,7.1,18.2,20.0
1772521540.4855838,17.0,10.3,27.0,29.6,49.0,33.3,7.0,6.0,10.1,5.2,7.9,6.1,30.0,38.2,37.4,22.7,18.0,12.1,40.0,39.2,42.6,42.2,39.0,41.2,7.1,6.1,8.1,10.0,34.7,35.0,36.0,39.2,8.1,5.9,4.1,5.9,38.0,46.5,6.1,5.1,30.3,31.3,29.0,30.6,8.1,9.9,15.0,13.0,9.1,9.1,25.7,25.0,27.3,24.2
1772521541.4860466,12.2,10.1,20.4,18.2,40.0,40.4,5.1,3.1,5.1,4.1,3.1,4.1,25.3,35.4,24.5,21.2,11.1,3.1,38.6,31.3,39.0,36.0,45.5,40.4,5.1,10.0,7.1,6.1,28.3,32.3,40.0,42.0,2.1,5.1,2.0,3.1,32.4,49.0,4.0,4.1,31.0,31.3,22.0,23.0,19.0,7.1,10.2,8.1,6.1,5.2,15.2,17.8,20.4,18.4
1772521542.4865406,10.1,10.1,21.2,11.3,35.4,39.6,4.1,2.0,15.0,12.2,8.1,6.0,30.3,28.3,23.0,18.4,15.3,13.3,30.0,34.0,39.2,35.6,41.0,39.6,3.1,4.0,8.0,9.1,30.0,29.0,42.4,39.2,8.0,2.0,4.0,4.0,42.0,35.3,9.1,14.0,31.7,35.6,21.2,22.0,3.0,3.0,8.1,9.0,8.0,6.0,20.2,21.2,20.0,22.5
1772521543.4875467,12.4,9.1,21.2,20.2,34.0,46.5,5.1,3.0,11.5,12.1,5.1,5.1,31.0,35.4,33.0,38.0,8.1,10.2,33.7,38.0,42.2,40.6,32.3,37.0,5.1,4.0,5.2,4.1,31.3,37.4,40.6,36.7,4.0,6.1,3.1,5.1,41.6,42.6,9.3,11.2,31.3,30.3,28.3,26.3,5.1,5.1,10.2,9.1,5.2,7.1,18.2,21.0,26.3,24.5
1772521544.4876378,11.3,9.2,18.4,22.4,40.8,34.7,4.1,3.1,9.0,2.0,6.0,4.1,28.3,39.6,24.7,28.0,14.1,9.1,38.0,38.0,38.0,41.6,25.0,23.5,5.1,6.1,8.1,7.1,22.4,34.0,29.0,28.0,4.0,4.0,4.0,3.0,42.0,37.0,6.1,1.0,30.3,30.3,26.0,26.0,4.0,3.0,9.1,11.2,5.1,9.2,19.2,21.2,21.2,24.2
1772521545.4877203,12.4,8.2,21.2,22.0,35.4,40.6,5.9,2.1,5.1,7.2,6.1,4.1,32.3,32.3,14.0,19.4,13.3,3.1,38.4,32.0,39.6,43.1,29.6,31.7,6.0,3.1,9.0,6.1,32.7,33.7,40.6,35.0,4.0,4.0,3.0,3.0,41.6,41.0,6.1,6.1,32.0,31.0,22.2,27.3,3.0,5.1,11.9,9.1,9.0,8.2,18.4,21.0,25.0,19.2
1772521546.4878254,13.3,10.9,22.4,18.4,38.8,37.0,5.1,6.1,16.0,11.0,5.1,3.1,34.0,29.4,22.2,19.2,12.1,9.1,34.7,35.7,39.6,38.6,33.0,24.0,5.1,5.0,8.2,7.1,30.0,28.6,36.6,44.1,3.1,5.1,4.0,3.1,44.6,36.6,5.1,4.0,30.3,31.7,25.0,25.0,4.1,4.0,12.2,10.1,6.1,7.1,15.0,16.2,24.0,20.2
1772521547.487921,13.1,11.2,27.3,36.4,40.4,33.7,7.0,1.0,14.3,12.4,6.1,5.1,38.4,29.3,33.0,29.6,6.2,9.1,35.1,37.4,39.0,42.6,42.0,28.3,5.1,4.0,8.1,10.0,36.4,33.7,32.3,21.2,4.1,7.9,6.2,4.1,35.0,48.0,7.0,10.2,32.0,35.0,29.3,24.2,2.1,8.2,10.1,10.2,8.1,8.1,21.0,22.2,22.7,25.3
1772521548.4887733,13.3,9.0,19.8,18.2,48.0,28.7,6.0,4.0,4.1,3.0,4.1,5.1,29.0,31.3,22.2,27.3,7.1,21.0,33.0,39.6,37.6,39.2,42.0,39.6,5.1,7.1,8.1,7.1,30.7,32.7,22.2,31.3,5.1,1.0,6.1,5.0,47.5,36.0,5.1,5.0,33.7,35.0,23.8,26.0,2.0,5.1,9.0,9.0,6.1,6.1,16.0,17.8,17.8,20.2
1772521549.4892125,13.4,9.3,23.8,23.2,37.1,39.6,6.1,2.0,6.1,11.1,6.1,4.0,37.0,31.4,20.4,22.2,5.1,11.2,36.0,38.8,38.6,40.0,44.1,38.4,5.1,4.1,9.0,10.2,37.4,27.3,42.2,43.0,4.0,6.1,13.3,3.1,48.5,35.0,6.1,4.0,32.7,31.0,29.0,29.0,4.1,4.1,11.2,13.1,9.2,9.2,17.2,17.3,22.0,28.3
1772521550.48973,15.5,14.1,26.8,21.9,50.0,38.4,5.2,5.2,10.4,13.3,7.1,7.1,29.3,36.7,27.6,23.5,16.2,12.4,37.8,36.6,38.0,42.6,42.0,42.4,7.1,6.2,7.1,10.1,35.6,29.3,48.0,36.0,6.2,6.2,7.1,6.1,35.4,45.5,4.1,3.1,32.3,34.0,24.0,32.3,5.1,5.1,12.1,15.0,10.2,6.2,23.5,23.0,21.4,29.0
1772521551.4909425,13.3,12.0,15.2,25.0,31.3,59.2,7.1,3.0,20.0,27.6,5.1,8.1,29.3,37.6,40.4,33.0,3.2,19.2,36.0,37.4,41.6,38.0,41.4,40.4,5.1,6.1,28.6,12.2,33.3,34.0,41.2,42.2,7.1,5.0,4.1,5.1,49.5,33.0,6.1,5.0,33.0,31.0,22.2,29.6,6.0,4.1,12.1,11.0,7.2,8.0,19.6,20.4,24.2,25.0
1772521552.4918237,13.0,8.1,19.8,21.0,27.3,44.7,2.0,4.0,5.1,6.0,5.0,3.0,30.0,29.7,19.4,16.5,7.0,9.9,33.7,31.7,35.3,39.8,40.2,35.6,3.0,5.9,25.7,11.8,30.4,34.7,40.6,40.0,5.0,3.0,3.0,1.0,39.2,41.2,2.0,4.0,37.9,37.3,24.5,23.8,3.0,2.0,8.1,11.0,8.8,7.0,23.0,29.4,15.8,23.2
1772521553.4936554,12.2,8.2,15.5,17.3,39.4,38.4,4.1,2.1,5.2,10.2,7.1,8.2,27.0,37.4,22.2,27.0,12.2,14.3,32.0,35.4,35.0,41.0,20.4,21.2,3.1,5.1,6.1,5.1,25.5,35.6,38.6,35.0,5.0,4.1,3.1,4.0,32.0,46.5,5.1,3.1,41.0,40.4,19.2,25.3,5.0,3.1,9.1,8.0,6.2,8.2,15.2,13.4,24.7,19.0
1772521554.496057,15.0,11.1,22.2,23.2,41.4,40.0,5.1,3.1,8.0,10.2,6.1,7.1,35.0,32.7,27.3,30.6,11.1,3.1,38.4,40.4,40.2,39.6,22.8,20.2,7.1,3.1,8.1,9.1,35.3,31.0,37.8,36.6,6.1,5.0,4.0,3.1,40.6,44.0,3.1,5.1,31.0,32.0,31.0,30.6,2.1,4.0,11.1,11.1,6.1,9.9,23.0,23.8,26.3,24.5
1772521555.4984825,10.4,8.9,21.4,19.2,40.6,38.6,6.9,4.1,11.1,10.2,8.0,4.0,34.7,30.4,29.0,37.4,9.2,16.8,32.3,33.7,37.3,40.8,24.0,22.8,5.0,4.0,5.0,7.0,25.0,36.4,31.7,31.3,5.1,6.0,5.1,3.0,38.8,44.6,17.2,11.1,32.7,33.3,26.0,22.5,5.9,5.0,11.1,10.9,11.9,5.2,19.0,21.2,18.0,25.0
1772521556.4986908,12.1,13.1,25.5,23.2,40.4,30.3,3.1,4.0,7.1,4.0,4.1,5.1,28.0,38.0,12.5,14.3,3.1,9.3,41.4,32.0,37.6,38.6,31.0,31.3,6.0,5.1,8.1,7.1,29.3,31.0,38.0,42.0,5.1,5.1,4.1,9.1,34.3,46.5,20.4,10.3,31.0,30.3,26.7,26.3,4.0,5.1,8.2,9.3,7.1,24.0,11.2,10.1,22.2,26.5
1772521557.4993265,13.4,10.3,26.0,21.4,56.0,29.0,8.2,3.1,8.2,9.3,5.2,6.2,33.3,30.6,31.7,20.2,18.2,12.1,40.0,37.8,42.6,40.6,37.4,39.0,5.2,5.1,6.3,6.1,32.3,34.3,30.3,22.0,7.1,5.2,4.0,6.1,37.0,45.0,20.2,9.1,31.3,33.0,33.3,31.3,3.1,4.1,9.2,13.0,9.3,9.2,35.0,39.4,27.6,24.5
1772521558.4996722,15.5,25.3,17.2,20.4,43.9,34.3,4.1,2.0,16.0,6.1,5.1,6.0,39.0,24.2,24.7,36.7,3.1,11.1,39.4,25.3,36.0,40.0,35.0,32.3,3.0,5.1,9.0,4.1,36.0,30.3,21.0,13.3,3.0,6.1,3.1,4.0,45.1,36.6,5.1,4.1,31.0,31.7,25.3,29.0,4.1,2.0,10.9,10.2,7.1,10.0,22.2,15.3,27.3,21.2
1772521559.5028265,12.2,7.1,15.2,18.2,42.0,32.7,3.0,3.0,10.3,11.1,5.1,3.1,34.0,27.7,24.5,28.0,6.1,19.0,33.3,38.6,37.6,41.7,35.0,41.0,5.0,4.0,7.1,6.0,27.7,29.4,35.6,25.7,6.0,3.0,7.0,4.1,47.5,32.3,2.0,8.0,32.0,38.4,21.2,23.0,3.0,4.0,7.1,10.1,9.0,7.1,21.0,22.0,21.8,21.0
1772521560.5042124,10.4,10.0,21.6,16.3,42.0,30.0,5.1,3.0,7.1,3.1,5.2,4.0,32.0,33.0,13.4,15.2,10.2,4.1,33.3,37.8,39.2,38.4,21.2,33.0,6.0,4.1,7.0,7.1,31.0,33.0,44.0,41.2,3.1,5.1,4.0,3.0,40.0,40.0,3.0,9.2,31.0,31.0,27.7,25.0,3.0,4.1,15.0,13.0,6.1,8.2,18.0,19.2,24.2,20.4
1772521561.5043044,13.0,12.2,22.4,26.0,38.8,43.6,7.2,2.0,9.1,6.1,4.1,5.1,34.3,29.0,29.7,17.5,13.1,9.3,41.4,27.0,40.6,38.2,23.2,14.1,4.1,5.1,6.2,7.1,31.0,34.0,40.0,41.6,3.0,5.1,3.0,6.1,32.7,41.6,3.0,5.0,30.3,31.7,26.3,29.0,4.1,2.0,9.3,12.1,7.1,7.2,15.3,13.4,26.0,26.0
1772521562.5054631,13.3,8.0,20.2,19.4,42.0,34.0,2.1,4.0,13.3,6.2,5.0,5.1,32.0,33.3,30.6,36.4,4.1,10.0,37.0,34.0,38.0,37.6,37.6,38.6,4.1,4.0,10.9,10.1,26.3,33.0,41.0,41.6,7.2,5.0,1.0,5.2,45.0,43.6,4.0,6.1,30.7,31.6,27.7,21.0,4.0,3.0,9.0,8.1,6.1,8.1,29.0,27.7,23.2,24.5
1772521563.506615,12.2,27.7,21.8,19.2,49.0,25.7,4.1,1.0,4.1,12.0,3.1,6.0,30.3,33.7,33.7,27.3,16.0,9.3,37.4,27.7,36.0,38.6,34.3,40.0,3.0,7.1,7.1,7.1,36.4,23.8,39.2,40.0,5.0,3.1,5.1,9.2,49.5,32.0,6.1,20.2,31.7,32.4,28.0,27.6,4.0,3.1,8.2,8.2,6.1,9.0,13.9,12.1,22.8,19.2
1772521564.5067008,14.9,11.3,21.4,19.6,39.8,39.2,8.1,3.1,13.4,4.0,7.0,5.1,26.0,39.0,12.2,11.3,4.1,10.1,36.4,39.8,41.7,40.0,28.0,34.7,10.0,4.0,6.1,7.1,38.6,30.3,36.0,45.1,4.1,7.1,6.0,6.0,42.0,37.8,6.1,4.1,40.4,35.6,26.5,25.0,4.1,4.0,10.2,11.1,7.1,8.1,19.4,19.2,20.0,26.3
1772521565.509112,13.1,10.0,16.3,23.0,41.4,41.6,4.0,3.0,10.9,3.1,5.1,4.1,27.7,35.0,20.2,24.8,15.2,9.1,34.7,41.6,39.6,40.6,38.4,39.6,3.0,4.0,6.0,7.9,30.0,28.3,40.4,26.3,4.0,7.1,4.1,4.1,33.3,47.5,3.1,3.0,28.7,30.3,26.0,27.0,4.0,2.0,8.0,13.0,8.9,5.1,20.8,18.0,18.2,29.0
1772521566.514176,16.0,9.0,20.2,20.2,31.3,47.6,5.1,1.0,10.3,10.2,5.1,5.1,36.0,30.0,39.0,32.3,9.3,4.1,38.0,32.3,37.6,37.3,39.6,42.6,5.1,4.0,7.1,8.2,41.0,30.3,33.3,29.0,5.1,2.0,4.0,1.0,50.5,31.1,4.0,4.0,19.8,22.0,22.0,28.0,4.0,4.0,12.0,10.1,7.1,8.1,14.1,16.0,23.0,23.8
1772521567.5142565,14.4,12.0,21.2,23.2,35.4,40.4,7.1,6.1,8.1,15.8,7.1,6.1,32.3,35.0,29.6,26.5,15.2,18.8,40.6,35.0,38.6,42.2,40.8,41.0,5.1,6.1,8.1,10.1,31.3,31.0,25.5,38.6,6.1,5.1,6.0,5.1,44.0,38.0,4.0,9.2,24.8,24.2,23.8,27.3,4.1,6.0,12.0,11.1,6.1,11.0,27.0,28.0,27.0,25.5
1772521568.5159345,13.3,9.2,22.2,21.4,42.2,37.0,5.1,4.1,8.1,6.1,6.1,7.9,41.6,27.0,12.4,12.2,5.1,10.1,35.0,41.0,40.2,40.6,39.0,41.6,5.9,5.1,8.1,10.0,32.7,32.3,21.0,11.1,7.1,6.1,4.1,4.0,40.6,43.0,3.1,6.1,21.2,25.0,25.3,26.0,4.0,3.1,11.1,9.1,7.1,9.1,9.2,13.0,33.3,31.7
1772521569.5160291,14.4,10.9,23.2,25.3,43.0,32.7,6.0,3.1,10.2,4.1,6.0,2.1,32.0,35.6,21.2,22.2,9.3,17.2,39.4,33.3,42.2,39.6,42.0,37.4,4.1,4.0,8.1,5.1,41.4,27.7,14.3,18.4,6.0,6.1,6.0,7.1,40.0,37.6,5.1,3.1,23.0,28.7,30.0,25.0,8.1,3.0,7.2,14.1,6.1,7.1,25.3,23.5,34.7,21.4
1772521570.5166116,12.9,9.2,22.2,16.2,42.6,33.7,4.0,4.0,8.1,12.1,5.2,6.0,33.7,26.0,38.4,31.3,3.0,12.2,34.3,40.6,33.7,38.2,36.0,38.6,4.0,4.0,4.0,10.2,29.0,33.0,37.3,29.7,2.0,6.1,3.0,5.1,40.0,41.6,4.0,4.1,35.0,35.3,20.8,27.0,5.0,3.0,12.0,9.9,8.0,6.1,11.1,12.1,20.2,22.0
1772521571.5166938,14.1,15.2,19.6,20.2,38.8,40.0,5.1,5.2,10.3,11.2,6.1,6.1,32.7,29.0,29.3,30.3,14.3,13.3,38.0,36.4,38.0,36.4,29.3,33.3,4.1,6.1,7.1,8.1,30.3,26.3,45.5,38.0,4.1,4.1,3.1,3.1,47.5,35.0,2.1,7.1,40.0,40.4,23.5,24.0,4.0,6.0,12.1,8.2,7.2,6.2,26.0,28.3,20.2,27.3
1772521572.5184295,10.3,7.1,17.8,19.2,33.3,31.7,4.0,4.0,6.0,4.0,2.0,4.1,29.7,29.3,10.2,12.1,12.1,2.0,40.4,33.0,37.6,38.2,26.5,31.0,6.9,3.0,5.1,5.1,31.0,26.7,39.6,41.6,3.0,5.9,3.0,5.1,35.6,44.0,5.0,1.0,41.0,41.6,22.0,23.0,3.0,1.0,7.1,6.1,6.1,7.0,15.0,12.1,15.2,22.2
1772521573.527357,12.0,8.9,17.3,16.3,36.0,41.7,10.2,3.0,8.2,3.0,4.0,7.0,29.7,27.0,14.0,32.7,16.2,8.0,35.6,34.0,36.3,36.6,24.0,26.0,6.0,2.0,9.9,5.1,29.4,29.7,23.0,40.6,3.0,4.0,2.0,6.0,40.0,41.7,7.1,5.0,41.2,41.0,25.5,22.0,5.0,3.0,9.2,6.9,8.9,7.0,17.2,16.2,20.4,19.0
1772521574.5279067,15.2,11.0,23.2,22.0,42.0,36.0,8.1,7.1,14.1,7.1,6.1,3.1,44.0,30.0,34.7,36.4,11.1,8.2,36.4,38.6,40.2,39.6,28.0,38.0,6.1,5.0,6.1,8.0,33.0,33.0,38.4,32.0,3.1,5.2,5.0,4.0,44.1,37.4,7.1,2.1,34.3,37.0,24.2,25.0,1.0,4.0,10.0,12.2,6.1,9.1,24.0,23.2,26.7,22.0
1772521575.5280724,11.3,9.2,22.2,23.2,40.4,41.0,10.2,3.1,12.1,13.4,6.1,5.1,31.0,32.0,26.5,25.5,15.2,10.2,35.0,38.4,35.0,38.6,25.3,41.6,5.1,3.0,6.1,9.2,29.3,34.0,43.6,25.0,5.0,5.1,6.1,2.0,41.0,39.6,8.2,3.1,31.7,31.7,25.3,25.0,4.0,4.0,8.1,10.1,8.1,5.2,13.1,14.1,21.4,26.3
1772521576.5293963,18.0,8.2,25.5,27.6,53.5,26.5,16.0,5.1,4.1,5.1,6.0,5.1,40.4,34.0,12.2,10.3,4.1,11.2,38.4,38.6,43.1,42.2,40.0,42.0,6.1,4.0,11.9,6.1,39.6,38.0,28.0,32.7,5.1,5.0,2.1,3.0,47.1,33.7,23.2,10.2,30.7,32.7,34.0,28.6,4.0,5.1,11.1,13.3,9.1,8.1,22.0,22.0,26.7,23.0
1772521577.5296884,16.0,7.0,19.0,19.4,46.0,30.0,6.0,5.0,11.0,4.0,4.1,6.0,32.0,33.0,22.2,27.0,9.2,16.8,35.7,38.0,36.6,37.6,42.0,40.4,6.0,4.0,6.1,8.2,29.3,32.0,28.0,47.0,5.0,5.1,5.1,4.0,50.0,32.3,14.3,9.1,31.0,30.3,23.0,25.7,6.0,13.3,9.2,8.1,7.1,6.1,13.0,13.0,20.4,22.2
1772521578.530695,12.4,10.0,16.3,20.4,41.0,29.0,5.0,4.0,13.3,6.3,5.0,5.1,30.0,32.0,34.3,35.0,3.1,4.1,31.3,31.0,40.6,39.6,31.0,27.0,6.1,2.0,10.0,6.1,32.0,27.3,34.0,40.6,2.1,3.1,6.0,3.1,40.2,41.0,2.0,18.2,30.0,31.7,22.2,26.5,2.0,35.0,8.1,8.1,5.1,8.1,21.2,22.0,23.0,21.0
1772521579.5310616,14.3,8.1,19.0,19.0,41.0,42.2,5.0,3.1,10.1,9.1,7.1,5.1,32.0,34.7,27.3,26.5,14.0,18.4,39.6,38.0,37.3,41.6,22.4,22.4,5.1,4.0,6.2,5.1,33.0,28.3,29.0,30.7,6.1,6.1,2.0,5.1,45.0,35.6,8.2,8.2,35.0,37.4,26.0,22.0,3.0,39.0,9.0,10.1,7.1,8.0,17.8,19.2,21.4,18.2
1772521580.532559,12.2,8.1,14.4,20.2,41.0,30.0,2.1,4.1,3.1,9.1,4.1,5.0,35.0,25.3,12.2,12.2,4.1,3.1,35.0,33.3,39.0,40.0,38.0,39.6,3.1,4.0,7.1,5.1,32.0,30.7,38.0,41.0,9.1,5.0,6.2,3.0,42.4,39.0,6.2,3.1,41.0,40.6,24.5,23.0,19.8,17.2,6.1,10.0,6.1,5.1,18.2,19.8,20.0,22.4
1772521581.5353115,14.1,8.1,19.2,16.2,44.0,32.7,5.0,3.1,7.9,4.1,5.0,20.2,32.3,29.3,22.0,18.0,16.3,15.2,32.7,36.3,36.6,39.2,40.0,43.4,7.0,3.1,10.0,7.0,27.3,26.5,48.5,32.0,12.0,3.1,8.1,2.1,40.2,41.2,3.1,4.0,35.0,36.0,24.0,18.2,5.1,33.3,10.1,6.1,9.0,8.0,21.0,20.0,22.2,20.0
1772521582.5359101,13.3,9.2,26.0,26.0,41.0,41.6,4.1,4.0,16.3,3.1,4.1,7.1,41.0,32.0,28.6,33.0,2.1,7.1,35.4,35.7,42.6,41.0,33.7,32.0,4.0,6.1,5.1,9.1,33.0,40.2,40.6,42.0,8.1,3.1,4.1,5.1,41.6,32.3,9.2,4.0,31.0,32.3,40.6,29.0,18.0,8.1,12.1,13.9,7.1,9.2,15.2,17.3,22.2,22.2
1772521583.5363245,11.0,6.1,28.6,28.3,39.0,39.6,1.0,3.0,3.0,5.1,4.0,1.0,39.2,34.3,31.7,28.9,2.0,4.0,10.0,13.0,40.2,43.1,26.0,28.0,1.0,3.0,3.0,4.0,34.7,37.6,17.0,35.0,1.0,3.0,3.0,2.0,16.2,22.0,2.0,2.0,29.3,26.7,31.0,31.0,4.0,3.0,3.0,6.1,3.0,3.0,7.9,7.1,7.1,9.2
1772521584.538369,9.2,7.1,28.0,29.3,44.6,35.0,5.0,3.0,4.0,4.0,2.0,5.1,40.0,33.7,11.0,11.1,2.0,9.0,26.0,23.2,42.2,40.2,31.7,30.3,2.0,3.1,6.1,3.1,39.0,36.4,4.0,37.6,3.0,3.0,3.0,2.0,26.0,26.0,2.0,3.0,19.8,21.0,34.0,32.7,2.0,1.0,4.0,5.9,4.0,4.0,7.1,8.9,10.0,12.9
1772521585.5402572,10.5,10.0,27.3,25.3,36.9,46.1,2.0,3.0,3.0,3.0,3.1,4.0,33.3,40.8,4.1,6.9,8.1,2.0,18.8,25.0,40.2,40.6,38.6,36.3,4.0,4.0,4.1,3.0,36.6,31.3,15.0,25.7,3.0,2.0,3.0,2.0,23.0,24.8,2.0,3.0,21.0,21.0,27.7,31.3,3.0,3.0,5.9,6.1,4.1,4.1,10.0,8.1,15.2,7.1
1772521586.5421202,10.2,4.1,27.7,28.0,39.0,39.6,2.0,1.0,2.0,1.0,3.0,2.0,37.0,33.3,2.0,2.0,2.0,10.0,13.0,5.9,40.0,42.6,39.6,42.4,1.0,2.0,5.0,2.0,39.6,35.3,17.3,18.2,2.0,5.1,3.0,2.0,15.8,17.2,1.0,3.1,20.2,20.2,33.7,37.0,1.0,1.0,5.0,4.0,3.0,4.0,10.0,9.2,6.1,8.0
1772521587.5425293,8.3,6.9,27.0,28.6,38.4,38.0,2.0,3.0,3.1,3.0,5.1,2.0,33.0,40.6,2.0,4.0,3.1,7.1,21.2,15.2,39.4,41.6,37.4,37.0,2.0,3.0,5.1,2.0,34.3,31.6,24.2,16.2,1.0,6.0,2.0,4.0,18.2,21.8,3.0,4.0,13.0,13.0,33.7,28.7,3.0,3.0,7.1,7.1,4.0,5.9,2.0,5.1,12.1,12.1
1772521588.542624,9.4,3.1,36.7,35.6,50.5,31.4,4.0,2.0,4.0,3.0,4.0,3.1,37.0,41.0,2.0,2.0,3.0,6.9,11.0,7.1,40.4,41.6,40.2,23.0,3.0,5.0,4.0,3.0,39.0,39.6,14.0,27.7,4.0,2.0,5.0,2.0,15.0,13.4,1.0,5.1,11.1,12.0,38.6,40.4,3.0,4.0,5.0,6.0,2.0,4.0,3.0,5.0,7.0,6.1
1772521589.5427082,11.3,6.9,24.0,22.4,36.6,41.6,4.0,5.0,4.0,4.0,14.3,4.0,33.0,38.4,5.9,3.1,3.0,4.0,20.2,17.0,40.6,41.2,23.2,22.0,4.0,3.0,4.0,4.0,36.0,46.0,6.0,24.2,6.0,3.0,6.1,5.0,14.0,16.0,6.9,3.0,13.0,11.1,31.3,31.0,2.0,4.0,4.0,8.0,4.0,3.0,6.0,4.0,6.1,10.0
1772521590.543862,8.3,8.1,18.2,16.3,32.0,42.6,2.0,2.1,8.1,4.1,4.0,2.0,25.0,31.7,2.0,4.0,4.0,3.1,25.0,17.2,36.6,38.2,14.1,18.2,3.0,2.0,5.1,2.0,32.4,31.0,2.0,6.9,2.0,2.0,4.0,3.0,23.2,31.0,3.1,3.0,13.0,12.1,32.7,16.8,2.0,2.0,7.9,7.1,5.0,6.0,4.0,5.1,16.2,12.0
1772521591.544156,13.3,8.2,33.3,28.3,38.0,43.6,3.0,4.0,5.1,10.1,6.0,4.1,32.7,41.4,22.0,22.8,1.0,2.0,31.6,32.0,43.6,41.0,22.2,17.2,4.1,2.0,5.1,6.0,38.0,40.0,16.3,18.4,2.0,4.0,5.0,4.0,33.7,34.7,5.1,18.0,11.9,11.1,36.7,38.0,4.0,3.0,7.1,9.0,4.1,6.2,26.3,20.2,20.4,23.5
1772521592.544649,13.4,7.9,17.3,16.3,26.0,46.5,2.0,4.0,3.9,4.1,3.1,5.1,27.0,38.2,40.0,37.1,12.0,20.2,35.6,34.7,37.6,37.3,27.0,29.7,4.0,4.0,6.0,5.1,29.3,30.0,38.6,15.8,6.0,4.1,4.0,2.0,40.6,41.6,6.1,4.0,12.1,11.0,25.0,20.0,2.0,5.0,9.1,11.9,7.9,6.0,22.8,21.0,16.8,20.4
1772521593.5495753,10.2,4.0,23.2,31.7,36.0,41.6,3.0,1.0,2.0,2.0,3.0,4.0,28.0,38.0,32.3,28.6,3.0,4.0,10.1,12.1,41.7,44.1,42.6,39.6,1.0,1.0,5.0,5.0,27.7,38.0,43.0,38.6,2.0,3.0,5.1,1.0,20.0,20.6,4.0,2.0,10.9,10.1,26.0,36.0,3.9,1.0,4.0,4.1,4.0,5.1,4.0,4.0,14.1,8.9
1772521594.5521538,11.3,6.9,32.0,28.0,39.6,43.6,3.0,4.0,8.2,7.1,6.0,3.0,37.6,42.0,7.1,7.9,3.1,4.0,27.7,23.8,35.0,39.2,34.3,40.6,4.0,5.9,4.1,4.0,37.6,37.4,44.7,37.6,3.0,3.0,2.0,5.0,32.7,29.0,18.6,4.0,18.2,12.0,34.0,33.0,3.0,2.0,13.0,12.0,5.1,5.9,3.0,5.1,12.9,24.5
1772521595.5522425,8.3,7.1,28.3,26.3,46.5,35.3,6.0,3.0,2.0,4.0,4.0,2.0,37.4,35.0,2.0,1.0,2.0,2.0,20.4,16.3,44.6,42.0,21.8,34.3,2.0,4.0,3.0,2.0,40.6,37.4,41.0,40.0,2.0,1.0,0.0,3.1,18.2,26.3,13.3,0.0,20.2,21.0,35.6,28.3,2.0,3.0,5.1,4.0,4.0,3.1,13.1,13.3,10.2,7.1
1772521596.55231,9.4,5.0,23.8,23.2,40.0,34.7,2.0,2.0,7.1,1.0,2.0,4.0,28.3,37.6,3.0,4.0,3.0,1.0,6.1,4.0,36.6,38.6,20.0,22.0,2.0,1.0,2.0,2.0,29.3,34.7,41.2,40.6,2.0,2.0,2.0,0.0,12.0,16.8,3.0,2.0,12.9,11.9,29.6,28.7,1.0,0.0,3.1,4.0,2.1,3.0,11.0,13.9,2.0,6.9
1772521597.5532053,11.5,9.0,21.4,23.8,38.6,33.7,3.0,5.1,7.1,5.1,4.0,3.1,35.3,29.3,4.0,4.0,10.2,17.2,31.7,25.3,38.2,38.8,22.8,22.0,5.0,2.0,7.0,6.0,35.6,34.3,36.0,39.4,4.0,5.0,3.0,5.1,34.0,32.0,3.0,4.0,12.0,12.0,29.4,29.0,3.0,4.0,9.1,8.0,6.9,6.1,8.1,11.1,15.2,17.0
1772521598.5543048,10.3,11.1,22.2,20.4,32.7,47.0,6.1,4.0,11.9,4.1,5.1,6.1,24.2,35.6,37.4,19.2,5.1,12.0,37.0,48.0,38.6,38.0,24.5,27.0,6.1,5.1,4.0,6.1,29.0,24.5,24.0,41.6,5.1,4.0,4.0,4.0,37.6,36.0,3.0,3.1,18.2,11.2,24.2,23.2,3.0,5.1,9.9,12.0,8.1,10.0,15.2,14.1,21.0,19.4
1772521599.5554788,11.1,3.0,32.3,31.0,35.0,45.1,3.0,1.0,3.1,5.1,1.0,2.0,36.6,38.4,38.1,42.0,4.0,3.0,19.2,15.2,40.0,41.6,28.7,34.3,3.0,4.0,4.0,3.0,41.0,35.6,29.3,41.4,3.0,3.0,3.0,1.0,16.3,18.0,2.0,2.0,21.0,21.8,34.0,37.0,2.0,3.0,3.0,4.1,2.0,5.2,11.9,12.2,9.9,7.2
1772521600.5561433,8.5,5.0,9.1,10.1,24.0,24.0,1.0,1.0,1.0,1.0,3.0,3.0,17.2,19.2,26.5,23.2,3.0,0.0,14.0,7.0,24.8,28.4,29.6,37.6,0.0,1.0,1.0,1.0,10.9,20.8,33.3,43.6,1.0,0.0,2.0,0.0,17.0,16.0,3.0,0.0,20.0,21.0,12.0,13.1,1.0,1.0,4.0,3.0,1.0,1.0,1.0,2.0,4.1,4.9
1772521601.5562303,8.3,1.0,15.3,15.0,32.4,42.6,3.0,2.0,6.0,9.9,1.0,3.0,24.0,24.0,1.0,2.0,2.0,1.0,8.1,9.1,35.0,35.6,41.0,40.6,2.0,3.0,1.0,1.0,24.0,26.3,35.0,21.0,2.0,1.0,3.0,2.0,13.9,12.1,1.0,2.0,20.8,20.2,18.4,20.0,3.0,1.0,3.0,2.0,2.0,4.0,3.1,4.0,9.0,5.1
1772521602.5563104,8.5,7.0,28.6,28.0,26.3,54.5,2.0,3.0,4.0,2.0,4.0,2.0,35.6,37.6,4.0,2.0,3.0,2.0,21.2,16.2,38.2,39.0,42.6,39.4,3.0,1.0,2.0,2.0,33.0,36.6,20.0,21.0,2.0,3.0,2.0,2.0,19.2,22.0,0.0,1.0,21.0,20.8,31.7,33.3,2.0,0.0,3.0,4.0,4.0,2.0,10.9,9.1,6.1,12.1
1772521603.5563955,10.4,4.0,21.0,27.3,25.0,50.0,2.1,3.0,2.0,4.0,1.0,4.0,38.4,33.0,1.0,4.1,0.0,2.0,10.2,25.0,42.6,43.6,38.4,32.0,2.0,1.0,4.1,2.0,30.0,37.0,21.0,17.2,1.0,3.0,2.0,3.0,14.3,14.0,3.0,3.0,31.0,29.0,24.2,33.3,1.0,3.0,3.1,5.1,2.0,4.1,1.0,5.0,6.0,6.0
1772521604.5564642,7.3,5.0,21.2,20.2,36.6,40.6,2.0,3.0,2.0,3.0,2.0,2.0,36.6,23.2,4.0,1.0,10.9,14.1,12.0,5.0,37.6,38.2,31.7,30.0,1.0,2.0,2.0,4.0,30.0,30.0,12.9,8.1,2.0,3.0,1.0,4.0,10.9,12.1,1.0,1.0,30.7,31.0,23.2,26.3,2.0,1.0,6.9,6.0,2.0,6.0,2.0,2.0,8.0,5.1
1772521605.5585399,11.5,6.0,27.3,27.7,26.0,48.5,5.9,3.0,4.0,3.0,7.0,3.1,37.0,38.0,5.0,4.0,4.0,5.0,21.0,17.3,38.2,41.6,22.0,22.8,4.9,5.9,6.1,4.0,35.6,37.0,14.0,9.1,5.0,5.0,5.0,4.0,12.1,14.9,3.0,2.0,31.0,30.7,28.7,39.6,4.0,3.0,5.0,6.1,5.0,2.0,7.9,10.0,6.1,12.0
1772521606.5586166,10.3,5.2,29.3,31.0,43.6,46.1,3.0,3.1,4.0,4.0,7.1,4.0,44.0,34.7,5.0,2.0,4.0,4.0,21.2,22.8,40.6,40.2,22.2,20.0,2.0,3.1,5.0,4.0,31.0,38.0,18.2,1.0,2.0,3.1,4.0,5.0,24.8,21.0,4.0,2.0,32.0,32.7,30.7,35.0,4.0,3.0,7.0,6.1,4.1,4.0,8.0,11.1,11.0,13.3
1772521607.5587106,10.4,7.8,25.0,31.3,36.0,41.6,2.0,3.1,4.0,4.0,4.1,2.0,35.0,37.4,1.0,3.1,4.0,2.0,16.0,20.2,41.6,43.1,18.2,15.0,3.1,2.0,4.1,2.0,32.0,36.4,5.1,4.0,5.0,4.0,4.0,3.0,14.1,14.1,2.0,5.0,30.0,30.3,30.6,30.6,1.0,4.0,5.1,5.1,4.0,7.0,9.1,13.0,12.0,12.1
1772521608.5587947,9.4,7.1,23.5,37.4,41.0,36.6,3.0,3.1,3.0,4.0,4.0,4.0,36.4,34.0,4.0,2.0,9.2,3.0,24.8,16.3,40.0,36.4,12.1,11.2,5.0,2.0,5.0,4.0,32.0,34.7,1.0,4.0,3.1,2.0,4.0,1.0,28.0,23.2,2.0,3.1,31.0,30.7,33.7,31.7,2.0,3.0,7.1,7.1,3.0,4.1,7.0,5.1,13.1,15.2
1772521609.5602896,11.2,6.0,16.8,18.8,32.4,37.9,4.0,2.0,8.0,3.0,3.0,4.0,31.4,27.5,21.8,29.4,3.0,3.0,23.8,22.8,39.4,39.4,9.9,11.7,4.0,2.0,5.9,5.9,30.4,30.4,15.7,9.0,3.0,3.9,2.0,5.9,27.7,28.4,3.0,2.0,32.0,31.4,23.5,22.5,2.0,2.0,6.9,8.0,4.9,6.9,16.5,12.0,11.8,20.6
1772521610.560375,10.5,5.1,24.0,26.8,36.0,41.4,2.0,3.1,5.1,3.1,4.1,4.1,42.0,31.3,40.2,37.8,3.1,2.1,8.2,18.6,42.6,39.8,26.3,11.3,2.1,3.1,2.0,4.1,37.8,33.3,31.6,22.2,4.0,3.1,2.1,5.2,17.2,18.6,2.1,3.1,31.3,29.9,36.1,29.9,2.1,3.1,2.1,4.0,1.0,3.1,11.1,12.2,8.2,10.3
1772521611.5624704,12.5,10.9,22.0,22.0,35.0,41.6,4.0,8.1,7.0,10.2,3.0,5.1,35.4,29.0,30.0,31.0,14.0,18.8,23.5,25.0,39.0,40.2,32.7,34.7,3.1,4.0,4.1,5.0,34.0,34.0,43.6,32.0,2.1,4.0,2.0,1.0,31.0,30.0,4.0,3.1,32.0,31.4,28.7,26.7,3.1,2.0,9.9,8.0,6.0,6.0,14.3,17.8,16.0,15.0
1772521612.563706,12.1,5.1,28.7,33.7,42.0,39.6,3.1,2.0,3.0,4.0,2.0,4.0,35.6,41.0,2.0,3.0,3.0,2.0,13.0,9.0,39.2,43.1,29.7,31.3,2.0,2.0,3.0,5.0,35.0,40.6,43.0,38.0,2.0,3.0,2.0,2.0,17.8,28.4,3.0,3.0,21.8,21.8,34.7,37.6,2.0,4.0,6.0,4.0,5.1,3.0,7.0,8.1,7.1,9.1
1772521613.5687113,9.4,8.0,23.0,25.0,36.6,38.6,3.0,4.0,3.1,10.1,4.0,4.0,25.5,41.2,2.0,3.0,2.0,4.0,26.7,24.8,39.2,38.5,30.4,32.4,4.0,2.0,5.9,3.0,34.6,32.7,41.7,39.8,5.9,2.0,4.0,2.0,23.8,28.7,3.0,3.0,19.8,15.8,29.4,29.7,3.0,2.0,6.0,6.0,5.9,5.0,3.0,3.0,15.7,14.0
1772521614.5688088,13.3,7.1,30.3,35.7,39.0,43.6,4.1,5.1,2.0,4.1,3.1,2.1,35.1,38.0,5.1,4.0,3.1,2.0,14.3,12.4,42.6,40.0,24.2,37.4,1.0,4.1,4.0,5.2,37.0,42.0,38.0,34.0,4.1,1.0,3.1,2.0,9.4,10.2,2.0,4.0,20.2,20.4,34.0,35.7,1.0,4.0,6.1,6.1,4.1,4.1,22.4,22.2,9.0,9.4
1772521615.5722353,11.5,7.1,31.0,28.7,30.0,49.5,2.0,3.0,2.0,8.1,2.0,4.0,42.2,35.0,3.0,4.0,3.0,3.0,22.0,25.7,39.6,41.6,24.0,30.7,1.0,3.0,2.0,2.0,35.0,37.0,38.6,43.6,1.0,3.0,1.0,3.0,20.8,20.8,3.0,2.0,20.0,21.6,31.0,37.6,3.9,1.0,5.9,9.0,3.0,4.0,3.0,5.0,13.3,7.9
1772521616.5733223,10.3,5.0,20.2,23.5,49.0,29.0,2.0,3.0,4.0,9.8,5.0,3.0,37.6,28.3,1.0,4.0,2.0,2.0,14.3,11.0,41.2,40.6,25.3,26.0,3.0,1.0,4.0,6.0,31.0,34.0,32.3,47.5,4.0,3.0,2.0,1.0,20.0,15.2,2.0,2.0,20.8,20.2,32.0,31.3,2.0,3.0,5.1,5.9,4.1,5.1,1.0,3.1,9.9,10.2
1772521617.5734138,10.3,9.0,32.3,34.3,53.5,27.7,4.0,3.0,2.0,3.1,4.0,3.1,44.0,38.6,35.0,32.0,18.2,17.0,12.1,22.2,40.0,40.6,26.0,37.4,2.0,4.0,2.0,2.0,41.0,37.6,48.5,30.0,2.0,1.0,2.0,2.0,26.3,22.2,4.0,2.1,20.2,21.0,35.4,34.0,2.0,1.0,6.0,5.1,3.0,5.0,3.1,4.1,9.2,7.0
1772521618.5760748,11.1,3.0,28.3,31.0,41.2,39.2,2.0,3.1,2.0,11.0,0.0,3.0,37.4,38.2,38.8,38.8,2.0,1.0,5.0,4.0,40.8,42.2,20.0,40.6,4.0,1.0,2.0,2.0,37.4,37.6,23.8,22.0,2.0,1.0,2.0,3.0,29.4,18.0,1.0,3.0,21.6,19.8,35.6,35.0,2.0,4.1,4.0,5.1,1.0,4.1,20.0,18.8,7.1,6.1
1772521619.5801005,13.3,10.0,30.0,33.0,44.6,36.6,4.0,3.0,3.0,3.0,3.0,5.0,35.6,40.4,23.8,20.4,3.1,3.0,25.0,29.0,39.2,41.6,20.2,33.7,3.0,0.0,3.1,6.9,41.7,35.0,9.2,11.0,2.0,5.0,2.0,5.0,28.3,28.7,1.0,4.0,21.0,20.0,31.0,39.6,2.0,4.0,8.0,8.1,5.0,4.0,7.0,6.1,16.0,14.0
1772521620.5812845,11.2,8.1,26.3,21.2,50.0,27.0,4.0,4.0,4.1,1.0,4.1,3.0,33.7,33.7,2.0,2.0,2.0,3.1,29.7,26.7,40.0,41.7,28.7,32.3,2.0,4.0,4.0,3.0,40.0,29.7,2.0,2.0,2.0,4.0,3.0,3.0,26.7,30.7,3.0,2.0,19.0,19.6,32.7,30.3,4.0,3.0,6.1,7.0,6.1,6.0,11.1,11.0,17.3,16.2
1772521621.5813804,10.4,9.0,25.0,30.0,53.0,24.8,1.0,4.1,3.0,3.0,4.0,3.0,32.3,39.6,3.0,3.0,4.0,3.0,21.2,22.4,42.2,40.0,41.4,35.4,2.0,3.0,3.0,3.0,34.0,36.0,11.1,2.0,2.0,3.0,2.0,2.0,23.2,23.2,2.0,2.0,12.0,10.2,32.3,28.3,2.0,4.0,5.9,6.1,3.0,4.0,6.0,8.0,13.0,10.1
1772521622.581479,12.2,6.1,29.6,26.0,38.0,37.0,3.1,2.0,3.0,4.0,4.0,3.0,43.0,36.4,3.1,2.0,3.0,2.1,18.0,17.8,40.6,42.6,27.7,15.0,3.0,1.0,4.0,4.0,37.4,38.8,18.8,15.2,1.0,2.0,1.0,3.1,16.2,16.0,3.1,1.0,12.2,11.0,34.7,36.6,2.0,1.0,5.0,5.1,5.0,5.0,10.9,10.2,13.0,10.0
1772521623.5815759,7.4,6.1,23.0,24.2,35.4,44.1,5.0,1.0,6.1,10.0,2.0,6.0,35.0,38.6,2.1,6.9,16.2,18.0,15.3,23.2,40.6,40.2,21.0,15.8,4.0,3.0,6.0,2.0,37.6,34.7,29.3,25.0,3.0,3.0,5.1,3.0,21.0,25.3,2.0,3.0,11.1,10.1,29.6,28.0,1.0,3.0,5.1,2.0,3.1,4.1,1.0,6.0,13.0,12.2
1772521624.582373,10.3,7.1,23.0,26.5,25.7,52.5,1.0,4.0,1.0,5.0,4.0,1.0,32.7,39.0,17.8,17.2,4.1,2.0,18.0,13.3,40.2,42.6,21.8,0.0,2.0,2.0,3.0,2.0,33.7,36.6,49.5,31.7,2.0,2.0,3.9,2.0,19.2,19.0,3.0,3.0,11.0,11.0,30.7,33.0,2.0,2.0,6.0,5.9,6.0,5.9,13.9,14.1,9.3,10.0
1772521625.5832891,13.3,7.0,24.2,25.0,38.0,42.6,2.0,1.0,3.0,1.0,3.0,3.0,33.0,36.6,43.6,38.0,2.0,3.0,9.9,11.9,40.6,37.6,20.0,1.0,4.0,2.0,4.0,2.0,37.0,31.7,36.6,37.0,3.0,3.9,2.0,2.0,26.5,17.0,2.0,1.0,11.0,11.0,26.3,28.7,3.0,1.0,6.1,5.1,3.0,2.0,8.2,8.0,13.9,7.1
1772521626.5859528,8.4,5.0,31.0,29.3,49.0,29.7,2.0,4.0,2.0,3.0,4.0,3.0,35.6,41.0,35.1,34.0,1.0,2.0,13.1,15.0,40.6,42.2,19.0,8.0,3.0,1.0,4.1,3.9,36.4,39.0,32.0,29.3,3.0,3.1,5.1,2.0,24.2,19.0,3.0,0.0,11.1,10.1,36.6,33.0,2.0,2.0,5.0,6.1,1.0,3.0,3.0,3.0,8.2,9.2
1772521627.5882447,10.2,5.9,30.0,32.0,46.1,31.0,3.0,1.0,10.1,3.0,4.0,2.0,37.6,41.6,6.1,3.1,3.0,2.0,16.0,18.8,40.2,43.1,20.0,10.1,1.0,2.0,6.0,5.1,35.6,38.6,22.0,21.6,3.0,1.0,1.0,2.0,25.7,17.2,3.0,3.9,10.9,12.0,37.4,33.3,3.0,2.0,6.0,5.1,4.0,4.0,2.0,3.0,9.1,9.0
1772521628.5883214,11.3,6.1,26.5,27.6,48.5,33.7,3.0,4.0,0.0,4.0,3.1,3.0,37.4,37.0,3.0,1.0,2.0,3.1,19.2,21.2,38.6,41.6,29.3,24.8,3.0,2.0,4.0,3.0,32.7,41.0,11.1,25.3,3.0,4.0,3.0,2.0,13.3,15.0,1.0,3.1,10.2,10.1,34.0,32.0,1.0,4.0,9.1,7.0,5.0,4.1,4.0,4.1,12.0,5.1
1772521629.5925558,8.1,5.0,34.0,30.0,36.6,41.2,2.0,3.0,2.0,4.0,2.0,2.0,41.2,32.0,4.0,3.0,2.0,2.0,10.9,14.0,40.8,43.1,41.2,20.0,4.9,2.0,1.0,3.0,40.0,35.0,5.0,27.5,2.0,3.0,3.0,3.0,15.8,14.1,3.0,2.0,12.0,10.0,32.0,37.3,3.0,3.0,4.0,2.0,1.0,3.0,12.9,10.9,8.0,5.0
1772521630.5990124,11.0,7.0,38.0,30.0,37.3,45.1,2.0,3.0,3.0,2.0,3.0,4.0,38.0,42.2,4.0,4.0,5.0,3.0,17.8,16.0,40.2,42.2,39.4,21.0,1.0,2.0,3.0,4.0,36.0,41.2,19.0,24.8,3.0,3.0,1.0,2.0,28.7,24.8,2.0,2.0,11.0,10.0,39.6,35.0,4.0,1.0,6.1,5.9,5.0,4.0,2.0,5.1,12.0,9.9
1772521631.602639,10.4,6.1,25.0,24.8,31.0,40.6,4.0,2.0,8.2,16.2,4.0,2.0,33.0,29.0,5.0,3.0,22.0,12.4,22.4,26.0,38.6,39.8,40.6,43.1,4.0,3.0,6.0,2.0,31.7,30.3,22.8,21.0,3.0,1.0,4.9,2.0,28.7,30.0,1.0,3.0,15.0,19.0,30.7,27.7,3.0,2.0,8.1,9.2,5.1,4.0,15.0,18.0,17.2,15.0
1772521632.6055899,13.1,7.0,31.3,27.6,41.4,42.6,5.1,3.0,5.1,5.0,4.1,5.1,36.6,41.0,8.2,7.1,3.1,4.0,22.0,34.7,39.2,41.6,35.0,42.0,3.0,4.1,5.1,4.1,40.2,35.6,28.7,37.0,27.6,7.1,4.0,5.0,28.3,26.5,4.0,2.1,17.2,22.5,33.7,33.3,2.0,5.0,9.1,7.9,4.0,6.1,18.0,17.8,16.2,17.2
1772521633.6056736,8.5,5.1,18.0,15.0,36.0,32.7,2.0,1.0,2.0,1.0,1.0,3.0,13.0,24.2,34.3,36.0,1.0,1.0,5.1,4.0,31.7,32.0,19.2,37.6,1.0,3.0,2.0,1.0,22.2,20.0,22.8,31.0,2.0,0.0,2.0,1.0,6.9,7.8,1.0,3.0,20.8,19.4,18.8,16.0,0.0,2.0,3.0,5.0,2.0,3.0,2.0,3.0,1.0,5.0
1772521634.607737,8.2,2.9,14.7,14.9,34.0,39.2,1.0,1.0,3.9,2.0,2.9,2.0,21.8,25.2,40.0,38.0,1.0,1.0,8.9,10.0,30.4,34.0,9.9,17.0,2.0,3.0,2.9,2.0,20.4,24.8,20.6,20.6,0.0,2.9,2.0,2.0,14.0,15.0,2.9,1.0,21.6,19.8,19.8,19.6,2.9,2.0,4.0,3.0,2.9,2.0,2.9,1.0,6.9,3.0
1772521635.6090102,12.5,8.2,31.6,26.8,42.4,38.6,3.1,4.0,4.1,1.1,2.1,4.1,37.4,38.0,15.3,16.5,4.1,4.1,23.5,26.3,44.0,38.6,21.2,23.0,3.0,4.1,4.1,6.2,38.8,36.4,20.4,21.2,3.1,2.0,3.1,2.0,27.6,31.3,6.2,17.3,22.0,21.0,37.0,33.3,6.2,2.1,8.2,9.0,6.1,5.2,13.4,13.3,14.4,16.3
1772521636.6095788,7.4,3.0,30.0,33.0,41.6,39.0,3.0,1.0,2.0,4.0,3.0,4.0,34.0,37.4,4.0,2.0,2.0,1.0,11.1,14.4,41.6,40.0,22.8,19.2,1.0,4.0,3.0,2.0,39.0,37.4,21.0,20.2,3.0,1.0,2.0,2.0,13.0,14.1,6.1,9.9,20.2,21.0,31.3,38.4,4.0,1.0,4.0,4.1,4.1,4.0,2.0,4.0,9.0,8.1
1772521637.6096604,7.3,6.0,29.3,34.0,40.6,40.2,4.0,1.0,4.0,2.0,1.0,5.0,30.0,43.1,2.0,3.0,3.0,4.0,13.9,10.7,40.8,39.8,19.2,21.8,3.0,2.0,3.0,1.0,31.4,41.6,20.8,20.8,2.0,3.0,3.0,1.0,14.0,14.0,2.0,1.0,21.6,20.0,30.0,38.2,2.0,3.0,5.9,6.0,4.0,7.0,2.0,4.0,7.0,11.0
1772521638.6133976,14.3,11.1,23.5,22.4,45.0,37.0,7.9,5.0,13.3,5.1,7.1,2.0,25.3,38.4,6.0,4.0,15.2,20.8,36.0,31.3,42.6,37.6,23.0,22.2,4.1,4.0,3.1,9.1,38.0,30.3,27.0,28.6,1.0,5.2,2.1,3.1,29.6,37.0,5.1,17.2,21.0,22.0,27.7,26.3,3.1,3.0,9.2,12.1,8.1,7.1,23.0,30.0,18.6,22.4
1772521639.617499,10.3,6.0,20.8,22.8,39.2,34.3,3.0,1.0,3.0,2.0,3.0,2.0,35.6,27.7,1.0,2.0,2.0,1.0,5.0,5.1,36.0,42.6,32.0,29.0,2.0,1.0,1.0,2.0,24.8,34.3,41.6,40.2,2.0,3.9,1.0,1.0,13.0,13.0,7.8,6.1,30.0,30.4,24.5,25.0,1.0,2.0,4.0,4.0,3.0,4.0,8.0,8.0,8.0,6.1
1772521640.6175869,11.5,9.0,28.9,27.3,42.4,38.6,3.0,4.1,3.0,2.0,3.0,3.0,37.6,40.6,21.0,15.2,4.0,3.1,17.2,17.8,41.6,39.4,30.3,31.0,2.0,3.0,2.0,3.1,39.0,38.6,39.4,42.4,2.0,2.0,3.1,3.0,22.4,19.2,1.0,2.0,32.7,29.3,31.4,39.6,1.0,3.1,5.0,6.1,4.1,4.1,2.0,4.0,7.1,14.1
1772521641.621589,14.0,8.1,32.7,32.0,34.7,46.5,2.0,4.0,3.0,4.0,2.0,3.0,32.0,45.5,41.0,42.6,1.0,5.0,27.0,25.7,42.2,41.7,31.4,29.7,1.0,3.0,4.0,4.0,37.0,42.6,30.4,41.6,2.0,4.0,4.9,3.0,31.7,30.4,2.0,2.0,31.0,30.7,36.6,36.4,2.0,1.0,6.0,7.0,3.0,6.1,12.0,14.0,11.1,14.9
1772521642.6224139,13.5,8.1,33.7,29.6,33.3,50.0,6.1,5.1,5.2,13.4,5.1,5.1,40.4,37.0,32.0,30.3,4.0,4.1,22.2,21.2,39.6,42.0,21.6,21.2,6.0,6.0,4.1,5.1,44.0,32.7,24.8,39.6,8.0,2.0,4.1,6.0,23.2,25.5,3.1,3.1,33.0,33.0,39.4,35.6,7.1,4.0,13.9,9.1,6.1,9.1,6.2,3.1,19.0,16.0
1772521643.6309109,7.3,4.0,24.0,20.2,44.6,45.1,4.0,1.0,8.1,4.0,3.0,3.0,34.0,29.7,7.8,9.1,3.0,2.0,13.0,13.0,41.7,41.2,20.6,21.6,0.0,2.0,2.0,2.0,36.3,28.4,28.6,25.0,4.0,3.0,2.0,1.0,15.7,18.6,1.0,4.9,30.4,30.4,30.0,30.0,2.0,1.0,2.0,3.0,2.0,3.0,1.0,4.0,7.0,6.1
1772521644.632282,13.1,11.1,25.3,21.4,48.5,40.0,3.1,2.0,7.1,5.1,6.1,6.1,35.0,33.0,4.1,5.1,19.4,20.2,41.0,32.3,39.0,37.6,24.2,39.6,3.0,4.0,4.0,9.0,39.4,29.3,46.5,38.6,4.0,4.0,2.0,5.1,42.4,40.4,9.1,2.1,31.7,31.0,32.0,29.0,2.0,4.0,8.1,11.0,7.1,9.0,23.0,27.3,22.4,24.0
1772521645.6337283,14.1,8.2,19.8,20.2,38.6,37.6,3.0,3.0,7.0,4.1,3.0,3.0,30.0,30.0,4.0,4.0,5.1,8.0,26.7,38.0,40.6,40.2,30.0,41.6,5.1,3.0,4.0,6.1,28.7,32.7,36.6,35.7,4.0,2.0,4.0,4.1,39.6,38.2,13.1,8.1,34.3,32.0,28.0,22.0,1.0,5.0,8.1,8.1,6.1,4.1,14.9,15.0,20.2,22.0
1772521646.6339715,12.1,5.1,26.3,23.2,42.4,34.3,3.0,3.1,2.0,3.0,2.0,4.0,32.0,35.0,25.3,37.0,3.0,3.0,19.0,19.2,39.2,45.5,39.4,41.0,2.0,2.1,5.1,2.0,38.0,31.3,29.0,31.7,4.0,1.0,3.1,2.0,24.0,20.4,3.1,2.0,41.0,41.0,30.3,27.3,1.0,2.0,8.1,5.1,3.0,4.0,7.1,10.2,13.0,9.1
1772521647.6397014,16.2,15.0,26.3,27.7,39.0,40.2,3.0,5.0,6.0,12.1,4.0,3.0,33.3,37.0,39.4,38.0,18.0,13.0,35.0,34.7,43.1,38.6,38.6,41.6,3.0,5.1,7.1,7.0,36.6,34.3,23.5,7.0,3.0,4.0,3.0,4.0,35.3,40.8,3.0,3.0,30.4,31.7,34.7,30.7,4.0,4.0,12.9,7.0,4.1,6.1,5.1,6.1,22.8,22.2
1772521648.6427264,9.3,5.0,20.4,19.6,43.0,29.0,2.0,1.0,5.2,4.0,3.0,4.9,39.6,37.0,22.4,22.4,3.1,4.1,7.1,6.9,41.2,37.3,39.0,42.6,1.0,2.0,1.0,1.0,30.7,40.4,5.1,1.0,2.0,3.0,2.0,3.0,21.0,9.1,2.0,5.1,26.0,27.7,29.3,26.3,3.0,1.0,3.0,4.0,4.0,2.0,11.0,9.1,6.1,8.1
1772521649.645954,8.4,3.0,30.7,29.0,43.1,40.2,2.0,3.0,5.0,2.0,2.0,3.1,33.7,36.9,5.0,2.0,3.0,2.0,17.0,15.3,42.0,41.0,40.4,40.0,1.0,0.0,3.0,1.0,30.0,38.6,2.0,1.0,3.0,1.0,2.0,2.0,20.6,18.2,2.0,2.0,21.0,20.0,30.0,35.6,1.0,2.0,4.0,5.1,3.0,5.0,4.0,7.0,10.9,9.0
1772521650.6462684,9.3,3.0,16.3,16.3,36.6,37.0,1.0,2.0,1.0,3.0,4.0,1.0,27.3,32.0,1.0,1.0,1.0,4.0,10.1,10.9,33.7,39.6,33.7,35.6,1.0,1.0,1.0,3.0,23.5,31.0,1.0,2.0,2.0,1.0,2.0,2.0,17.2,19.0,2.0,3.0,20.0,20.0,27.7,19.0,0.0,5.0,3.0,6.9,2.0,2.0,7.1,10.0,7.1,5.1
1772521651.6463559,10.5,7.0,23.8,24.8,34.0,40.6,1.0,2.1,4.0,2.0,2.0,2.0,38.0,33.3,1.0,2.0,1.0,4.0,15.0,12.1,36.6,43.6,41.0,39.6,2.0,2.0,2.0,2.0,37.6,32.0,6.0,2.0,0.0,2.0,0.0,2.0,17.2,20.0,1.0,1.0,20.0,21.2,30.0,28.0,2.0,1.0,3.1,4.0,3.0,4.0,3.9,4.0,10.1,9.1
1772521652.6479766,12.2,11.0,25.5,24.2,38.6,39.2,3.0,3.0,2.0,5.1,1.0,6.1,31.7,31.0,2.0,3.0,3.0,7.0,34.3,30.0,39.2,40.2,25.0,31.0,4.0,7.1,4.1,4.0,32.0,33.3,22.0,1.0,3.0,1.0,5.9,3.0,29.7,39.0,2.0,3.0,20.2,21.8,29.6,29.3,1.0,4.0,10.0,9.2,4.0,8.1,10.2,14.9,22.0,17.0
1772521653.6483998,8.4,4.1,26.7,28.0,26.3,54.5,4.0,4.0,3.0,2.0,2.0,2.0,40.6,32.0,3.0,2.0,1.0,3.0,5.0,5.1,38.0,42.6,22.0,19.0,0.0,4.0,1.0,2.0,35.0,37.6,10.9,33.0,2.0,2.9,2.0,4.0,12.0,12.0,1.0,2.0,20.8,21.0,32.7,33.7,0.0,1.0,7.0,7.1,3.0,2.0,8.1,7.1,9.1,6.1
1772521654.648486,8.3,5.9,21.4,25.3,23.2,53.9,3.1,2.0,9.2,12.2,4.0,4.1,34.3,34.3,1.0,1.0,8.1,12.0,18.0,18.0,41.6,39.6,12.1,16.2,4.0,1.0,3.0,3.0,39.6,31.3,24.2,37.6,1.0,3.0,1.0,1.0,26.3,21.2,1.0,0.0,21.0,19.2,30.6,25.0,3.0,2.0,5.1,7.0,3.0,6.1,8.9,6.1,15.2,14.4
1772521655.649638,13.9,10.2,19.0,14.1,30.0,42.2,4.0,3.0,9.1,5.0,5.0,4.0,26.5,33.7,36.4,32.7,11.0,10.2,30.3,34.7,41.6,35.3,18.0,22.0,3.0,4.0,7.9,5.1,30.3,23.8,43.6,37.6,5.1,1.0,4.0,3.1,43.6,39.6,3.1,4.0,22.2,24.0,26.0,19.2,1.0,2.0,8.0,7.1,6.1,6.1,22.0,23.0,20.0,20.0
1772521656.6503923,13.1,12.0,19.4,21.2,38.0,36.0,5.1,4.0,5.1,4.1,4.0,4.0,24.8,36.4,39.8,40.8,7.2,9.1,34.0,40.2,35.6,38.6,35.4,40.6,4.0,4.0,5.1,8.9,30.7,28.7,38.0,43.6,7.0,5.0,1.0,4.0,38.0,41.0,5.0,7.1,14.1,13.1,24.3,24.8,5.0,3.0,12.1,7.1,9.0,5.1,17.3,18.8,23.0,22.0
1772521657.6509743,13.3,9.1,19.4,17.0,50.5,26.0,4.0,4.1,13.0,6.1,4.1,6.1,31.6,34.0,23.5,23.5,12.0,10.3,33.3,43.4,42.6,37.0,36.6,45.0,5.1,5.1,4.0,11.1,26.3,30.6,42.6,39.0,2.0,7.1,2.0,8.2,45.1,36.6,8.2,14.3,12.0,18.2,24.5,21.2,4.0,3.1,8.1,9.2,6.1,8.1,22.2,20.4,19.0,25.3
1772521658.652121,11.1,10.1,12.1,21.0,38.0,27.7,4.0,2.0,7.1,8.1,5.9,4.0,26.3,30.0,4.1,2.1,14.4,3.1,39.0,35.0,36.3,38.6,36.0,45.0,4.0,3.0,7.1,5.1,29.3,28.0,46.1,32.7,3.0,3.1,7.0,3.0,39.0,43.0,5.1,2.0,32.3,24.2,18.0,25.3,3.0,11.0,10.1,9.0,5.1,8.1,22.0,21.0,23.0,18.0
1772521659.653051,13.0,11.0,18.8,17.3,42.3,39.2,5.1,3.0,14.3,9.2,5.1,4.1,30.7,31.7,32.0,38.0,10.1,9.2,37.6,33.0,38.6,39.2,22.0,41.6,4.0,2.0,10.1,6.0,35.3,31.0,40.4,39.0,5.0,4.0,3.0,3.1,43.6,36.9,3.0,3.0,31.0,30.3,24.2,23.0,3.0,5.2,9.1,8.1,8.0,7.1,21.0,21.2,27.0,18.0
1772521660.6557689,11.3,8.2,15.3,15.2,34.3,39.6,4.1,3.1,2.0,3.1,3.0,6.0,25.3,33.7,41.4,39.6,16.2,11.1,29.6,32.3,34.7,37.4,37.4,42.4,5.1,4.0,6.0,5.2,23.2,28.0,46.5,36.0,11.0,4.1,4.1,5.1,37.0,34.7,5.1,2.0,36.6,37.6,23.8,20.2,3.1,3.0,6.1,7.1,5.1,9.2,17.2,19.0,21.4,16.2
1772521661.6558537,10.3,6.0,20.0,20.0,44.1,33.7,4.0,1.0,1.0,3.0,2.0,2.0,27.0,25.3,19.2,22.0,8.1,2.0,4.0,6.0,37.6,36.3,39.0,42.6,0.0,2.0,3.0,5.9,24.8,29.7,37.0,33.3,2.0,1.0,3.0,1.0,10.0,11.9,3.0,1.0,41.6,40.0,24.5,22.2,3.0,0.0,5.0,7.1,3.1,4.0,10.9,8.2,9.1,4.1
1772521662.656415,9.5,7.0,15.3,19.0,40.4,23.5,2.0,2.0,5.1,11.0,3.0,4.0,37.0,25.0,2.0,3.0,3.0,2.0,21.2,24.0,33.7,33.7,41.0,40.0,3.0,3.0,3.0,1.0,26.5,27.3,35.4,22.8,2.0,4.0,2.0,2.0,23.0,25.3,0.0,2.0,32.0,32.7,21.0,21.6,1.0,1.0,9.0,6.1,4.0,5.1,6.1,6.1,12.1,14.3
1772521663.6577694,8.4,4.0,31.7,27.3,33.3,47.5,2.0,1.0,3.0,1.0,3.0,3.0,35.0,41.0,1.0,3.0,1.0,3.0,14.1,14.9,43.6,39.2,39.6,37.6,0.0,2.0,1.0,2.0,40.2,39.6,25.7,2.0,2.1,1.0,2.0,3.0,16.2,18.0,2.9,2.0,31.0,30.7,37.0,32.0,0.0,2.0,4.0,5.0,2.0,4.0,5.1,7.0,6.9,7.1
1772521664.6617472,11.3,6.1,23.7,29.0,47.5,34.7,1.0,2.0,3.0,3.0,2.0,3.0,34.7,39.2,2.0,3.0,2.0,1.0,13.0,16.0,40.8,40.6,36.6,40.6,3.0,2.0,5.1,4.0,29.7,38.4,7.0,11.9,1.0,3.0,1.0,2.0,18.0,16.8,0.0,1.0,30.7,30.7,35.6,29.3,2.0,1.0,3.1,4.1,6.9,3.1,10.8,10.1,9.0,11.9
1772521665.6630006,8.4,5.1,27.3,30.7,40.6,38.6,4.0,1.0,1.0,2.0,3.0,3.0,40.6,30.3,2.0,2.0,1.0,1.0,10.9,11.1,37.6,40.6,42.4,39.4,1.0,0.0,1.0,2.0,36.4,36.9,5.1,16.0,0.0,0.0,1.0,0.0,14.1,15.0,2.0,1.0,30.0,31.0,32.0,36.0,2.0,2.0,3.0,3.0,2.0,3.0,10.1,7.9,4.0,10.1
1772521666.663085,10.4,8.1,22.8,25.3,34.0,44.0,2.0,6.1,3.0,2.1,2.0,3.1,31.3,37.3,3.0,2.0,12.0,6.1,27.0,24.2,39.0,42.6,40.6,40.0,3.0,3.0,4.1,2.0,28.7,39.4,12.2,8.2,3.0,3.0,2.0,3.0,24.0,24.0,2.0,2.0,30.0,31.7,32.3,26.7,1.0,4.0,7.9,10.1,5.0,5.2,1.0,3.0,14.4,16.0
1772521667.6712596,15.3,10.9,17.3,27.0,40.0,38.8,5.0,7.1,7.9,12.7,3.0,5.9,38.8,31.7,21.8,12.9,4.0,14.9,35.0,31.4,39.2,41.7,37.6,37.6,4.0,4.0,8.9,8.0,36.0,37.3,20.4,20.0,3.0,6.9,3.0,5.0,32.0,34.0,3.0,3.0,30.4,29.7,30.7,31.3,4.0,4.0,8.9,11.9,7.0,8.9,16.8,12.2,17.8,17.8
1772521668.67312,13.3,11.1,18.4,21.0,36.1,37.0,6.1,5.1,17.5,8.2,10.1,5.1,36.7,27.6,38.4,44.4,4.1,3.1,35.7,39.0,42.6,36.0,31.3,24.5,5.1,6.1,7.1,7.1,30.0,35.4,39.0,28.3,3.0,6.2,4.1,5.1,35.4,43.0,2.1,5.1,32.0,32.3,22.0,28.3,3.1,4.1,8.2,8.3,7.2,7.1,20.2,22.0,27.6,36.0
1772521669.673912,12.7,3.1,21.0,24.2,31.7,42.2,5.1,1.0,2.0,3.0,1.0,4.0,31.0,32.7,37.4,34.7,10.0,10.0,22.0,17.2,36.0,39.6,16.2,21.0,2.0,2.0,3.0,2.0,32.3,31.3,40.6,21.0,1.0,2.0,2.0,3.0,29.7,24.0,3.0,1.0,30.7,30.7,24.0,27.7,2.0,1.0,4.1,5.0,4.0,2.0,12.2,10.0,8.0,17.3
1772521670.6746798,14.4,12.0,20.4,19.2,44.0,36.0,5.1,3.0,4.0,4.0,5.0,4.1,36.4,29.0,6.1,8.0,14.3,2.0,36.0,39.0,40.8,39.6,19.4,22.4,5.9,4.0,8.0,5.1,31.7,33.0,41.6,21.8,5.1,5.0,2.0,3.1,35.6,47.0,3.0,5.0,30.3,32.0,28.0,25.0,4.0,4.0,10.0,8.2,8.0,6.1,10.1,7.1,20.0,25.3
1772521671.6764011,27.7,13.0,26.3,24.5,39.4,39.6,3.1,2.1,10.0,7.2,3.1,5.1,30.0,39.0,11.1,3.0,12.0,11.1,42.0,34.0,42.2,40.6,32.7,35.0,6.1,6.0,5.1,8.0,30.0,37.6,39.2,43.1,3.0,5.1,3.1,3.1,32.7,47.5,3.1,2.0,26.5,25.7,28.0,28.0,1.0,4.0,9.1,12.9,5.1,9.1,22.0,25.0,22.2,25.3
1772521672.6835215,10.3,11.0,20.0,20.0,44.4,23.8,7.0,5.9,9.3,8.1,5.1,6.0,28.7,32.7,35.7,40.8,11.0,11.1,36.0,40.0,39.6,36.3,33.0,31.4,7.0,7.1,7.1,8.2,24.0,33.7,43.6,39.0,19.0,5.0,7.0,4.0,40.0,42.6,4.1,3.1,30.0,34.0,21.2,24.0,7.0,5.0,13.0,8.0,8.9,7.1,14.9,17.6,20.8,20.0
1772521673.685591,12.1,12.0,17.2,17.0,36.0,45.5,6.9,4.1,8.2,13.3,3.0,7.0,33.0,32.0,39.4,39.4,9.2,11.9,35.0,35.0,39.6,35.3,38.4,43.4,2.0,6.1,6.0,7.1,30.7,28.3,39.6,38.0,6.1,8.0,4.0,2.0,40.2,40.2,5.0,3.0,32.4,31.0,20.0,24.2,5.9,2.0,8.1,9.2,6.1,6.1,22.2,21.4,24.8,20.0
1772521674.6879058,14.1,9.1,15.0,18.4,41.0,32.7,3.1,2.0,5.1,7.1,3.1,5.1,34.3,22.2,14.1,16.2,11.0,12.1,35.4,40.4,38.0,36.6,39.6,43.6,4.0,5.1,6.9,9.9,25.3,32.7,46.5,37.0,4.0,17.2,3.1,1.0,47.5,36.4,17.3,7.2,31.0,32.7,25.0,25.0,2.0,3.0,5.1,8.2,7.1,6.2,20.8,21.0,17.3,24.0
1772521675.6899579,13.1,10.8,15.3,20.8,35.7,42.0,6.0,4.1,13.0,4.1,5.1,5.1,26.3,35.3,14.3,10.1,9.2,10.2,29.7,42.0,37.6,42.0,40.0,41.4,3.1,4.0,5.2,8.0,31.7,28.0,40.6,40.0,5.1,15.0,4.0,5.0,40.6,37.6,8.1,21.2,31.7,29.0,28.0,23.0,2.0,3.0,10.0,10.9,5.2,8.0,16.2,18.4,20.0,19.2
1772521676.6915882,12.4,8.1,28.0,26.5,36.6,44.1,2.0,6.1,4.1,3.0,4.1,3.1,37.6,36.4,19.2,24.5,4.0,3.1,24.2,25.3,42.2,40.2,33.3,33.3,3.0,1.0,4.0,2.0,34.3,42.6,33.0,39.0,1.0,9.1,3.1,1.0,27.0,26.3,7.1,5.2,21.8,19.8,33.0,33.0,3.0,3.0,8.9,5.0,5.9,5.1,15.0,19.0,17.2,15.2
1772521677.6937344,9.5,5.1,11.1,17.0,31.3,39.0,5.1,3.0,10.1,13.4,4.1,3.0,28.7,25.7,34.3,34.3,2.0,15.2,30.3,31.4,34.7,35.0,31.7,31.0,5.0,3.0,6.1,5.0,26.0,21.0,20.4,0.0,4.0,4.0,3.0,3.0,37.4,37.0,3.0,6.0,32.0,29.3,17.2,19.8,2.0,2.0,6.1,7.1,6.1,4.1,10.1,11.1,18.0,17.2
1772521678.6946313,14.3,7.9,22.0,23.2,38.4,38.2,5.9,6.9,5.1,9.0,6.0,3.1,33.0,33.3,22.2,23.0,13.1,13.0,27.0,23.0,44.1,49.0,32.0,32.3,6.0,3.0,9.1,6.1,31.7,29.0,22.8,17.0,3.0,4.0,3.0,2.0,28.4,39.2,4.0,3.0,19.2,24.0,25.0,30.0,4.0,4.0,8.9,11.9,4.1,10.1,22.8,19.2,20.2,13.0
1772521679.695164,6.4,4.1,17.3,19.2,41.0,31.0,2.0,1.0,4.1,5.1,3.0,2.0,30.6,31.3,10.1,9.2,2.0,1.0,22.2,26.3,44.0,39.0,26.0,24.8,5.0,2.0,7.1,2.0,30.3,30.0,47.0,36.4,1.0,4.1,4.0,2.0,28.3,32.7,16.3,4.0,21.2,21.0,25.7,23.0,2.0,1.0,6.1,8.1,5.9,5.1,14.1,16.8,14.0,16.3
1772521680.6952496,11.3,4.0,35.4,36.4,27.3,54.9,2.0,2.0,2.0,4.1,1.0,3.0,44.0,37.6,3.0,2.0,10.1,2.0,21.8,24.0,41.6,40.0,17.0,20.0,2.0,3.0,1.0,4.0,38.6,43.4,48.0,33.7,2.0,3.0,2.0,2.0,21.2,21.4,8.1,5.1,19.2,19.2,37.4,43.0,3.0,2.0,6.0,6.1,1.0,2.0,3.0,3.1,10.1,12.1
1772521681.6963167,11.2,5.9,28.3,29.7,39.6,40.6,4.0,1.0,3.0,4.0,3.0,3.0,40.6,31.0,1.0,3.0,5.0,2.0,16.0,12.1,40.2,41.2,13.0,19.0,1.0,1.0,5.0,4.0,35.0,40.2,40.0,40.6,0.0,2.0,3.1,1.0,19.8,22.0,0.0,1.0,20.2,20.8,33.3,34.0,2.0,1.0,4.1,5.9,4.0,5.0,3.0,5.9,10.0,9.1
1772521682.6972942,12.5,9.1,22.2,24.2,40.0,36.6,4.0,3.0,4.1,10.0,5.1,4.1,28.0,37.4,24.8,17.3,15.2,11.2,39.4,32.0,37.3,41.7,31.7,33.3,5.1,4.0,5.1,8.1,22.4,36.4,40.0,42.2,4.0,6.0,6.1,5.1,42.6,39.6,3.1,5.1,21.2,23.0,20.4,21.0,3.0,2.0,11.0,8.2,8.1,9.1,16.2,23.5,20.4,20.2
1772521683.6973834,7.2,3.0,18.2,21.2,35.0,39.6,1.0,2.0,3.1,9.1,2.0,4.0,30.3,32.0,24.2,24.5,3.0,2.0,17.2,11.1,37.6,42.0,30.3,30.3,1.0,3.0,4.0,3.0,32.7,30.0,43.9,23.2,2.0,2.0,2.0,2.0,17.0,15.2,2.0,0.0,21.2,20.2,25.0,25.3,2.0,1.0,3.0,3.0,3.0,2.0,22.8,27.3,13.0,13.3
1772521684.699244,13.3,10.1,22.2,24.2,37.4,42.0,5.1,3.1,6.1,3.0,6.0,3.0,39.6,27.0,29.3,27.0,2.0,14.1,38.0,35.0,40.2,41.6,39.0,39.0,4.0,4.0,9.0,6.1,33.0,31.0,11.1,19.2,5.1,3.0,3.1,4.0,35.0,44.6,2.0,4.0,21.0,21.2,28.3,32.7,4.1,3.0,7.1,6.2,5.1,6.0,8.0,9.0,20.0,16.2
1772521685.702545,13.0,10.0,20.4,19.0,42.6,38.6,6.1,7.1,11.0,10.3,3.0,4.1,35.4,29.3,23.0,22.0,4.1,5.1,38.4,35.0,36.6,37.3,32.0,31.7,6.0,3.0,7.1,7.1,29.3,31.0,17.0,29.7,4.0,3.0,3.1,4.0,44.6,35.0,2.0,3.0,20.2,21.8,25.0,26.0,4.9,2.1,11.0,8.0,7.1,5.2,10.1,11.3,22.7,24.8
1772521686.7055516,12.1,9.1,19.8,14.3,43.4,28.7,10.2,5.0,13.1,4.0,4.0,5.0,36.6,23.5,27.0,17.8,14.1,15.0,37.3,38.0,38.6,41.6,25.3,34.0,5.0,5.1,6.0,8.0,23.8,31.4,42.6,40.6,6.0,4.0,2.0,3.1,33.7,50.0,4.0,4.0,40.4,34.3,22.0,20.0,2.0,5.0,9.0,9.1,8.1,9.9,33.7,32.4,23.8,16.3
1772521687.7058957,13.4,10.2,25.3,22.4,48.5,30.0,5.1,9.2,3.1,9.2,7.1,3.0,34.0,35.0,28.6,23.5,4.1,9.1,35.4,36.7,39.2,41.6,21.2,29.0,4.1,4.0,7.1,9.0,39.0,31.0,41.0,35.6,4.1,5.1,2.1,4.1,34.0,44.1,17.3,5.1,40.0,40.0,23.2,27.6,4.0,3.1,10.1,14.0,6.1,9.2,9.1,11.1,20.4,27.0
1772521688.7067902,11.1,8.0,14.3,12.2,37.4,29.0,2.0,10.0,7.1,5.0,4.0,3.0,27.3,20.2,31.6,28.3,12.1,13.1,37.0,28.0,32.0,32.0,38.6,39.6,3.0,5.0,5.1,6.1,26.0,25.0,21.8,25.3,3.0,1.0,4.0,5.1,35.6,44.0,6.1,6.1,34.3,36.6,17.8,20.8,6.1,1.0,7.1,5.1,6.0,6.0,31.4,30.0,16.7,20.0
1772521689.707991,14.4,8.1,17.2,14.1,38.0,42.2,6.1,5.2,11.2,12.2,4.0,3.1,31.7,28.0,22.0,23.5,5.1,3.1,37.4,31.0,34.7,35.6,43.0,31.3,5.1,3.0,8.0,10.1,26.0,29.0,35.0,23.0,4.1,3.0,3.0,1.0,44.0,39.6,1.0,3.0,31.0,30.0,18.4,24.2,3.1,3.1,8.1,8.9,6.1,7.1,6.1,8.2,12.2,23.2
1772521690.7116294,13.9,9.1,17.2,15.0,32.3,40.6,6.1,5.0,3.1,10.0,3.0,4.0,27.0,25.0,17.8,18.0,15.8,11.0,29.0,32.0,38.6,40.0,31.7,31.0,3.0,4.0,5.0,6.1,34.0,27.7,40.6,41.6,4.0,5.1,5.0,2.0,29.0,34.0,2.0,5.1,30.7,32.4,22.5,20.8,2.0,4.0,6.0,7.1,5.1,6.1,19.0,24.0,21.0,18.0
1772521691.7140214,10.4,9.9,20.0,21.2,41.0,37.6,3.0,5.0,4.0,2.0,1.0,2.0,33.0,32.4,19.2,22.2,0.0,8.1,11.1,9.1,39.2,40.2,21.8,40.0,2.0,1.0,2.0,2.0,28.0,35.7,41.0,41.0,2.0,1.0,2.0,3.0,15.0,21.0,1.0,2.0,30.0,32.0,27.0,26.3,2.0,1.0,4.0,4.0,3.0,3.1,19.0,17.2,5.1,11.1
1772521692.7141173,9.5,6.1,26.5,24.0,47.5,32.0,2.0,3.0,1.0,2.0,4.9,3.0,46.5,34.0,16.0,12.1,2.0,3.0,17.8,20.0,41.0,40.6,31.0,40.8,0.0,1.0,3.0,4.0,30.3,45.5,40.6,41.6,2.0,3.0,3.0,1.0,20.4,19.2,2.0,1.0,24.8,25.0,33.0,30.0,1.0,0.0,6.0,5.0,6.9,5.0,2.0,4.0,10.1,10.1
1772521693.7148256,14.3,9.0,22.0,16.2,35.0,40.6,3.1,2.0,4.1,11.0,3.1,3.1,36.4,27.0,13.3,14.1,3.0,7.1,37.6,34.3,41.6,39.6,37.0,39.2,6.0,2.0,8.1,4.2,32.7,36.4,37.6,40.0,2.0,5.1,4.1,3.1,42.6,38.4,3.0,7.1,22.0,21.0,27.3,23.0,6.1,2.0,11.1,8.1,7.1,6.1,4.0,7.1,24.0,21.4
1772521694.7149353,14.1,7.1,16.2,14.1,33.0,36.3,3.0,4.0,5.9,7.0,5.0,5.9,29.0,23.0,38.6,26.3,12.0,16.0,33.7,30.7,35.0,33.7,29.7,32.0,3.0,4.0,7.9,5.0,28.3,19.0,26.5,35.6,4.0,3.0,2.0,2.0,37.6,39.2,3.0,2.0,21.6,21.6,18.0,20.0,1.0,3.0,11.0,8.1,5.0,7.1,34.7,34.7,15.8,17.0
1772521695.7196772,7.4,4.0,25.3,27.0,35.0,49.5,3.0,3.0,3.1,9.2,2.0,1.0,32.0,38.0,38.4,34.3,2.0,3.0,16.8,19.0,39.8,37.6,30.0,30.0,2.0,3.0,0.0,4.0,30.7,41.6,15.3,16.0,1.0,3.0,4.0,1.0,16.0,23.0,3.0,2.0,29.0,24.8,32.7,33.0,4.0,1.0,6.1,6.9,3.1,3.0,9.1,10.1,11.2,13.3
1772521696.7201114,9.2,5.0,24.2,24.0,36.0,41.2,2.0,1.0,3.0,3.0,3.0,1.0,33.0,34.7,12.1,14.3,2.0,2.0,18.2,16.0,39.2,40.2,29.0,27.7,2.0,1.0,3.0,4.0,34.7,32.7,14.1,21.0,4.0,1.0,1.0,1.0,15.0,14.0,1.0,2.0,29.7,31.7,26.7,28.7,2.0,2.0,6.0,3.0,4.0,4.0,3.0,5.0,13.1,6.1
1772521697.7201905,11.6,7.1,11.1,17.3,42.4,28.7,5.0,1.0,7.2,19.8,4.1,4.1,28.7,27.3,4.1,4.0,18.2,8.2,36.4,34.3,38.6,37.6,39.0,39.8,4.0,5.1,8.2,3.1,23.5,31.0,33.0,31.0,4.0,5.1,3.0,5.1,46.5,40.0,3.1,2.1,31.3,31.0,21.0,20.4,6.0,4.0,8.2,8.2,7.1,4.2,6.3,6.2,19.2,17.3
1772521698.72029,13.3,9.1,17.5,13.1,40.4,32.7,3.1,2.0,4.0,2.0,4.1,4.0,26.3,33.7,16.2,16.5,10.1,7.1,37.4,35.6,36.0,37.0,41.0,41.0,5.0,3.1,7.1,9.1,24.0,29.3,24.2,36.4,4.1,3.0,5.1,9.1,31.0,45.5,3.0,8.0,31.7,32.7,21.4,22.0,1.0,2.0,6.1,9.0,4.1,7.0,31.4,34.3,22.0,18.2
1772521699.7240696,13.1,6.0,16.2,17.2,33.3,38.6,4.0,3.0,11.9,5.1,4.0,5.0,35.0,25.0,34.3,49.0,12.1,8.2,39.6,37.6,35.3,38.2,39.4,41.2,4.0,3.0,7.0,7.1,33.7,26.7,20.0,27.7,5.0,3.0,8.1,4.1,43.6,41.0,6.1,4.0,40.6,36.6,20.0,23.5,3.0,5.0,8.0,9.0,7.0,7.1,8.0,9.0,20.0,19.0
1772521700.7245162,10.4,8.2,17.2,16.2,44.4,33.0,5.1,2.0,4.2,3.1,4.0,4.1,24.2,30.3,38.4,35.7,7.1,11.1,42.0,29.0,38.0,36.6,43.0,39.4,4.0,6.0,8.1,5.1,31.3,18.8,20.2,35.4,4.0,3.1,5.2,4.0,44.1,39.6,5.2,2.1,41.0,40.4,18.0,22.2,5.1,3.0,8.1,10.2,6.1,5.2,21.6,23.2,12.2,23.5
1772521701.7245967,5.3,0.0,0.0,1.0,8.0,11.0,1.0,0.0,17.0,12.2,0.0,1.0,6.9,0.0,8.1,7.1,12.1,19.0,7.1,10.1,4.0,6.0,24.5,29.3,1.0,1.0,1.0,2.0,2.0,4.0,30.3,29.3,2.0,3.0,3.0,1.0,31.0,50.5,9.2,6.1,40.0,40.0,0.0,2.0,3.1,1.0,0.0,0.0,0.0,1.0,17.8,20.2,2.0,0.0
1772521702.7246892,5.1,0.0,0.0,0.0,0.0,0.0,1.0,1.0,0.0,0.0,0.0,0.0,0.0,0.0,20.0,20.0,0.0,0.0,0.0,1.0,0.0,1.0,40.0,40.6,0.0,0.0,0.0,0.0,0.0,0.0,42.6,37.0,0.0,0.0,1.0,1.0,21.6,60.8,28.3,31.3,39.6,41.0,0.0,0.0,0.0,1.0,0.0,0.0,0.0,1.0,0.0,0.0,1.0,0.0
1772521703.724775,7.0,0.0,1.0,0.0,0.0,0.0,0.0,0.0,0.0,0.0,0.0,0.0,0.0,0.0,17.2,17.8,0.0,0.0,0.0,0.0,0.0,0.0,38.0,42.0,0.0,0.0,0.0,0.0,0.0,0.0,43.6,38.6,0.0,0.0,0.0,0.0,20.0,61.4,8.2,9.0,30.0,29.7,0.0,0.0,0.0,0.0,0.0,0.0,1.0,0.0,0.0,0.0,1.0,0.0
1772521704.724858,2.1,1.0,0.0,0.0,0.0,0.0,0.0,0.0,0.0,0.0,0.0,0.0,0.0,0.0,1.0,1.0,1.0,0.0,0.0,0.0,0.0,0.0,40.4,40.0,1.0,0.0,0.0,0.0,0.0,0.0,41.0,39.6,0.0,0.0,0.0,0.0,20.8,45.1,0.0,0.0,19.8,20.0,0.0,0.0,0.0,0.0,0.0,0.0,0.0,0.0,0.0,0.0,0.0,0.0
1772521705.7249439,1.0,0.0,0.0,0.0,0.0,0.0,0.0,0.0,0.0,0.0,0.0,0.0,0.0,0.0,0.0,0.0,0.0,0.0,0.0,0.0,0.0,0.0,38.6,42.6,0.0,0.0,0.0,0.0,0.0,0.0,43.7,32.4,0.0,0.0,0.0,0.0,20.8,21.0,0.0,0.0,19.4,19.2,0.0,0.0,0.0,0.0,0.0,0.0,0.0,0.0,0.0,0.0,0.0,0.0
1772521706.7250397,1.0,0.0,0.0,0.0,0.0,1.0,1.0,0.0,1.0,1.0,1.0,0.0,1.0,0.0,0.0,3.0,1.0,1.0,1.0,0.0,0.0,0.0,38.0,43.1,0.0,0.0,1.0,0.0,0.0,0.0,29.0,33.0,2.0,0.0,1.0,0.0,21.0,20.8,1.0,0.0,20.0,20.0,1.0,1.0,1.0,0.0,1.0,0.0,0.0,1.0,0.0,1.0,1.0,0.0
1772521707.725127,4.3,2.0,1.0,2.0,0.0,2.0,1.0,13.1,1.0,1.0,2.0,2.0,2.0,2.0,1.0,20.2,1.0,1.0,2.0,1.0,1.0,2.0,40.0,42.0,2.0,1.0,1.0,1.0,0.0,2.0,37.6,24.0,1.0,0.0,3.0,1.0,21.8,19.8,3.0,2.0,21.0,20.2,1.0,5.0,1.0,1.0,1.0,2.0,2.0,1.0,1.0,2.0,1.0,2.0
1772521708.7252183,2.1,1.0,0.0,0.0,0.0,1.0,0.0,1.0,1.0,1.0,0.0,0.0,1.0,0.0,1.0,0.0,1.0,2.0,0.0,1.0,0.0,0.0,36.0,34.7,1.0,1.0,0.0,0.0,1.0,0.0,24.8,23.0,1.0,0.0,1.0,2.0,20.0,21.8,1.0,2.0,20.2,21.0,1.0,0.0,1.0,0.0,1.0,1.0,0.0,1.0,1.0,2.0,0.0,0.0
1772521709.7253094,0.0,0.0,0.0,0.0,0.0,0.0,0.0,0.0,0.0,0.0,0.0,0.0,0.0,0.0,0.0,0.0,0.0,0.0,0.0,0.0,0.0,1.0,30.0,29.0,0.0,0.0,0.0,0.0,0.0,0.0,13.3,16.0,0.0,0.0,0.0,0.0,20.8,20.0,0.0,0.0,20.0,19.0,0.0,0.0,0.0,0.0,0.0,0.0,0.0,0.0,0.0,0.0,0.0,0.0
1772521710.725405,1.1,2.0,2.0,0.0,2.0,2.0,11.0,1.0,3.0,1.0,2.0,2.0,2.0,1.0,1.0,2.0,1.0,1.0,1.0,1.0,3.0,1.0,22.0,21.8,1.0,0.0,2.0,0.0,1.0,2.0,5.0,2.0,2.0,1.0,2.0,0.0,20.8,21.6,3.9,1.0,25.7,20.0,1.0,1.0,2.0,2.0,1.0,3.0,1.0,1.0,0.0,1.0,2.0,0.0
1772521711.7254841,0.0,0.0,0.0,0.0,0.0,0.0,0.0,0.0,0.0,0.0,0.0,0.0,0.0,0.0,0.0,0.0,0.0,0.0,0.0,0.0,0.0,0.0,13.0,14.0,0.0,0.0,0.0,0.0,0.0,0.0,0.0,0.0,0.0,0.0,0.0,0.0,21.6,20.0,0.0,0.0,14.3,15.0,0.0,0.0,0.0,0.0,0.0,0.0,0.0,0.0,0.0,0.0,0.0,0.0
1772521712.7255769,0.0,0.0,1.0,1.0,0.0,0.0,0.0,1.0,0.0,2.0,0.0,0.0,0.0,0.0,1.0,1.0,0.0,0.0,1.0,1.0,1.0,0.0,0.0,1.0,0.0,0.0,1.0,1.0,1.0,0.0,1.0,1.0,0.0,1.0,2.0,1.0,21.0,7.1,0.0,1.0,10.9,10.0,0.0,0.0,0.0,0.0,2.0,1.0,1.0,1.0,0.0,1.0,0.0,1.0
1772521713.725659,3.2,2.0,3.0,1.0,3.0,1.0,2.0,2.0,3.0,3.0,3.0,4.0,4.0,4.0,3.0,2.0,4.0,3.0,2.0,2.0,1.0,3.0,4.0,3.0,2.0,2.0,2.0,2.0,2.0,2.0,2.0,2.0,3.0,2.0,4.0,13.1,23.0,3.0,3.0,3.0,11.2,17.2,2.0,3.0,3.0,3.0,3.0,1.0,3.0,3.0,2.0,2.0,2.0,1.0
1772521714.725752,3.1,1.0,2.0,2.0,2.0,1.0,3.0,0.0,2.0,1.0,1.0,1.0,1.0,1.0,0.0,2.0,1.0,1.0,1.0,2.0,1.0,2.0,1.0,2.0,1.0,1.0,14.9,1.0,1.0,2.0,2.0,1.0,2.0,2.0,2.0,2.0,4.0,1.0,3.0,1.0,11.9,12.0,2.0,1.0,1.0,18.0,1.0,2.0,1.0,1.0,1.0,2.0,2.0,4.0
1772521715.7258801,2.1,0.0,0.0,2.0,1.0,0.0,1.0,1.0,1.0,2.0,3.0,1.0,0.0,1.0,0.0,2.0,1.0,1.0,2.0,1.0,1.0,1.0,1.0,1.0,3.0,2.0,7.1,1.0,1.0,2.0,1.0,2.0,1.0,1.0,3.0,2.0,1.0,2.0,1.0,2.0,3.0,6.0,1.0,1.0,2.0,0.0,1.0,1.0,1.0,1.0,1.0,1.0,2.0,1.0
