timestamp,CPU_0(group_0),CPU_64(group_0),CPU_2(group_0),CPU_66(group_0),CPU_4(group_0),CPU_68(group_0),CPU_6(group_0),CPU_70(group_0),CPU_8(group_0),CPU_72(group_0),CPU_10(group_0),CPU_74(group_0),CPU_12(group_0),CPU_76(group_0),CPU_14(group_0),CPU_78(group_0),CPU_16(group_0),CPU_80(group_0),CPU_18(group_0),CPU_82(group_0),CPU_20(group_0),CPU_84(group_0),CPU_22(group_0),CPU_86(group_0),CPU_24(group_0),CPU_88(group_0),CPU_26(group_0),CPU_90(group_0),CPU_28(group_0),CPU_92(group_0),CPU_30(group_0),CPU_94(group_0),CPU_32(group_0),CPU_96(group_0),CPU_34(group_0),CPU_98(group_0),CPU_36(group_0),CPU_100(group_0),CPU_38(group_0),CPU_102(group_0),CPU_40(group_0),CPU_104(group_0),CPU_42(group_0),CPU_106(group_0),CPU_44(group_0),CPU_108(group_0),CPU_46(group_0),CPU_110(group_0),CPU_48(group_0),CPU_112(group_0),CPU_50(group_0),CPU_114(group_0),CPU_52(group_0),CPU_116(group_0)
1772941197.583116,0.0,0.0,0.0,0.0,0.0,0.0,0.0,0.0,0.0,0.0,0.0,0.0,0.0,0.0,100.0,0.0,0.0,0.0,0.0,0.0,0.0,0.0,100.0,0.0,100.0,100.0,0.0,0.0,0.0,0.0,0.0,0.0,0.0,100.0,0.0,0.0,0.0,0.0,100.0,100.0,100.0,0.0,0.0,100.0,0.0,100.0,0.0,0.0,0.0,0.0,0.0,0.0,0.0,0.0
1772941198.5831916,21.0,11.2,46.5,35.6,18.6,21.4,21.8,20.4,22.0,33.0,27.3,32.0,9.1,11.1,4.1,10.2,14.3,8.2,20.0,22.8,31.3,23.0,23.2,23.2,54.5,48.0,26.0,36.0,6.2,4.1,37.0,35.0,17.3,25.3,29.0,12.0,6.2,20.0,18.4,20.4,9.0,3.0,16.3,26.3,31.6,31.6,18.0,23.2,12.0,23.5,7.1,4.1,21.4,23.2
1772941199.5836847,12.0,13.1,39.4,44.0,22.2,21.8,22.8,11.0,39.6,3.0,24.0,24.8,3.0,7.1,9.1,11.9,10.9,19.0,24.2,30.3,30.0,24.8,19.2,17.5,28.7,43.0,17.2,22.4,29.3,3.1,31.0,30.7,18.2,23.0,32.7,19.2,5.9,22.2,16.0,15.0,4.0,3.0,23.8,21.0,34.0,27.3,16.3,12.9,4.0,23.0,3.0,6.2,21.0,18.0
1772941200.5843723,17.3,17.2,42.4,38.4,16.3,23.0,26.3,17.3,39.2,9.1,28.4,24.2,15.3,9.1,5.2,8.1,5.1,10.2,20.2,26.7,17.2,21.2,9.1,5.1,19.4,35.3,12.0,23.5,31.0,5.0,40.0,40.4,20.8,16.2,25.3,10.1,13.1,25.0,13.1,14.9,3.1,3.0,19.2,23.0,18.0,29.0,9.0,20.6,10.0,17.3,2.0,6.1,19.2,10.2
1772941201.5849411,27.3,21.2,37.3,38.6,18.2,21.2,21.0,16.2,25.5,20.2,30.3,25.3,13.3,14.1,13.1,17.2,14.0,19.8,27.7,22.2,31.7,25.0,19.0,14.1,33.3,39.4,25.3,14.3,31.0,6.1,42.0,40.6,23.2,18.4,20.8,20.8,13.3,32.7,14.0,13.1,3.0,5.0,18.2,24.5,25.3,29.4,18.4,18.2,15.0,21.2,7.8,4.1,20.2,12.2
1772941202.586274,16.7,13.0,44.9,30.0,33.0,6.9,14.1,19.8,25.7,15.2,26.3,15.2,11.1,9.2,16.8,13.1,9.1,4.0,27.3,22.0,28.7,16.2,8.1,11.1,36.0,32.3,12.0,24.0,27.3,2.0,33.3,32.7,22.0,14.0,24.0,19.0,15.8,33.0,13.0,13.9,3.0,8.1,17.8,24.0,35.0,18.6,20.8,10.1,18.2,6.9,5.1,5.0,18.2,17.2
1772941203.5917368,24.2,25.0,36.0,39.4,21.2,21.0,23.0,14.0,20.0,25.7,23.5,28.7,3.0,6.1,18.0,21.0,16.0,13.0,22.2,16.2,30.3,20.8,13.1,23.0,26.0,27.0,19.2,14.3,25.0,5.0,30.7,30.7,27.0,13.3,21.8,18.0,13.1,34.3,14.0,13.1,1.0,4.0,19.2,18.0,30.7,22.2,17.2,15.8,19.0,8.2,5.1,4.1,10.1,14.3
1772941204.5950177,25.8,22.0,43.1,35.3,16.0,21.0,10.1,23.0,17.2,23.8,30.6,19.0,9.1,10.1,15.0,16.8,6.1,7.0,30.7,23.0,17.0,23.0,10.1,15.2,31.0,17.0,21.0,16.0,5.0,4.0,33.7,41.6,37.0,19.4,27.0,8.1,24.8,22.8,14.9,15.0,3.0,5.0,17.0,13.9,22.2,24.8,11.9,14.1,16.0,5.1,4.0,4.0,10.9,12.0
1772941205.595602,22.4,17.3,45.5,41.6,20.6,19.8,17.0,23.8,28.0,16.2,25.0,28.0,15.2,10.1,13.1,15.2,13.1,13.0,22.2,26.3,20.0,29.0,15.0,30.0,31.3,37.8,19.0,20.2,8.1,2.0,42.4,38.4,22.0,18.2,25.0,11.0,25.0,23.0,19.0,12.0,17.3,4.0,18.8,24.2,25.5,39.6,13.3,17.2,21.8,12.1,3.1,7.0,8.1,17.2
1772941206.5975153,25.3,21.2,48.0,43.9,23.0,20.0,10.1,24.8,25.0,19.0,28.3,23.5,14.3,9.2,19.8,21.2,10.1,12.0,28.0,27.0,31.3,22.0,18.2,22.7,36.4,36.4,23.0,19.8,3.1,7.1,31.7,40.6,28.0,11.1,25.0,25.0,14.1,32.7,17.2,18.0,37.6,4.1,20.2,21.2,36.4,32.0,15.2,18.2,13.3,5.2,3.1,6.1,18.4,12.4
1772941207.5985625,27.8,20.8,38.8,35.0,20.6,19.0,11.1,28.0,18.2,27.3,28.7,27.0,6.1,7.0,15.2,13.0,13.0,15.0,21.8,25.5,22.8,18.2,17.2,11.0,26.3,29.0,18.2,22.2,2.0,4.0,30.6,35.0,23.2,16.2,13.1,26.3,16.0,32.0,14.1,17.2,19.2,3.0,18.4,22.2,17.8,24.2,25.0,15.0,18.2,16.2,2.0,8.1,12.1,12.1
1772941208.5993242,24.2,17.3,46.6,31.0,17.5,22.0,8.1,25.0,14.0,21.0,22.2,27.0,13.0,13.1,15.2,15.0,10.0,3.1,24.0,31.0,37.0,17.2,13.9,15.0,27.0,35.0,15.3,22.2,7.0,3.1,44.0,39.6,13.1,25.0,27.5,14.9,14.0,33.0,14.0,16.0,21.0,15.2,20.8,19.6,18.0,34.7,20.0,19.2,8.0,16.2,3.0,7.0,13.3,13.1
1772941209.5994124,26.7,19.0,30.9,40.6,22.8,22.2,15.2,26.0,18.2,26.0,26.0,28.0,12.6,12.2,17.0,20.0,17.2,12.0,22.2,24.2,16.2,22.2,8.1,16.3,43.4,30.6,20.8,17.3,3.0,6.0,38.0,38.4,16.2,23.5,30.7,10.1,14.1,32.3,13.1,17.2,18.4,20.0,20.4,19.4,27.0,25.5,10.0,15.3,22.0,12.0,5.1,5.1,15.3,14.4
1772941210.5994954,22.7,28.3,44.1,30.0,29.0,12.1,10.1,20.8,21.0,18.0,27.0,21.0,9.0,9.2,15.2,16.0,12.0,7.1,27.0,24.0,27.0,26.3,13.1,17.0,36.4,26.5,21.0,18.0,5.0,12.1,34.3,29.3,15.3,23.2,17.2,34.0,13.3,33.0,16.0,16.0,2.0,23.5,20.6,20.2,23.2,33.3,18.4,15.0,5.2,20.2,4.1,6.1,13.0,14.1
1772941211.6005347,26.3,21.2,43.4,30.7,13.3,25.7,9.0,25.7,21.2,22.0,26.0,28.7,6.1,5.1,13.1,14.1,14.3,8.0,27.3,26.0,20.8,19.0,11.1,17.8,30.0,23.2,21.2,20.2,3.1,28.0,37.6,32.7,19.0,23.0,10.0,27.3,25.7,23.0,15.0,13.0,4.0,6.1,19.0,21.2,23.0,28.0,13.1,9.1,6.1,20.2,4.0,6.1,15.2,10.1
1772941212.6006162,19.0,14.1,43.4,29.3,25.3,18.2,19.2,22.2,23.2,16.3,28.3,28.3,14.0,14.1,18.2,14.9,10.2,10.1,15.2,17.2,31.0,23.0,10.1,12.5,35.4,38.8,21.4,18.4,4.1,13.1,40.4,39.4,19.2,21.2,27.0,14.0,27.3,19.4,13.3,14.0,23.5,2.0,15.2,23.0,25.3,23.5,16.8,14.1,7.1,21.4,4.1,5.2,15.2,15.2
1772941213.6006997,34.0,24.2,34.3,38.0,16.7,22.2,9.2,22.0,20.8,23.2,20.4,28.3,13.3,15.5,20.0,16.3,9.1,11.2,13.1,15.0,19.0,25.0,17.3,19.0,30.3,40.4,21.2,19.2,6.0,26.5,34.0,43.6,25.0,15.2,32.7,17.8,17.0,29.7,16.2,13.1,11.1,4.0,17.3,20.0,20.4,31.7,12.1,15.2,10.1,19.2,3.0,7.0,18.0,11.1
1772941214.6026413,27.6,22.0,44.6,39.0,17.2,20.8,18.8,21.0,16.3,29.7,28.7,29.7,8.2,5.9,15.3,15.0,9.9,18.6,22.0,13.0,30.0,23.2,14.0,8.1,28.0,27.0,23.0,20.8,4.0,17.2,34.0,31.3,20.2,21.0,28.7,9.1,14.4,19.0,15.8,15.8,22.2,5.0,21.2,20.2,33.7,28.3,19.0,11.1,8.1,20.8,7.1,4.0,16.2,14.3
1772941215.605604,10.3,10.0,34.3,33.3,2.0,14.1,23.0,8.0,11.1,7.1,10.0,16.0,5.1,4.0,15.0,11.9,1.0,7.1,6.9,13.0,14.0,11.0,12.0,14.0,12.1,16.2,16.8,14.3,3.0,6.9,27.0,29.1,18.0,13.0,13.0,24.8,16.7,11.1,13.9,14.9,22.8,2.0,18.0,16.8,21.8,21.8,13.0,11.0,1.0,18.4,3.0,3.0,12.0,9.0
1772941216.6116462,11.8,3.0,41.7,32.4,4.0,22.5,18.8,12.9,19.8,8.0,13.1,9.9,14.0,11.0,14.9,13.9,13.7,14.0,13.1,17.8,13.1,13.1,10.0,5.1,24.2,21.0,20.4,14.7,3.1,3.1,28.7,31.3,11.1,9.0,12.0,26.5,11.0,24.5,12.0,12.1,23.0,2.0,23.5,16.2,21.0,25.0,20.8,4.0,2.0,18.0,6.0,2.0,9.2,13.1
1772941217.6146936,15.3,19.8,41.0,37.0,33.0,6.0,17.5,18.0,19.0,23.0,18.8,36.0,15.8,11.1,8.0,6.1,8.1,5.1,21.8,15.0,16.0,22.0,18.2,18.0,48.5,41.4,21.8,16.8,5.0,5.0,38.6,30.3,13.9,13.0,18.0,27.3,5.1,21.0,14.1,15.7,34.3,3.0,18.0,18.8,27.0,22.0,10.1,21.0,8.0,21.0,3.1,6.1,16.2,9.1
1772941218.6155422,16.7,11.3,29.0,43.4,34.3,4.1,23.8,9.1,13.1,28.3,21.2,32.0,7.2,9.2,8.2,10.0,9.1,15.2,27.3,26.3,25.0,21.0,7.0,12.1,37.0,25.7,18.0,20.6,4.0,3.1,34.0,29.7,19.4,19.0,14.9,29.0,6.0,22.0,15.0,15.2,26.3,2.0,21.2,21.2,26.7,23.0,14.0,12.0,2.0,20.2,6.1,5.1,16.0,12.2
1772941219.6195514,13.3,6.0,37.8,31.0,23.5,17.0,23.8,15.0,18.0,25.2,13.0,30.7,4.0,5.1,5.9,4.0,11.0,6.0,22.0,21.8,32.7,13.0,13.0,12.1,27.7,15.2,8.2,18.8,3.0,3.0,30.3,33.7,21.2,13.3,22.8,13.9,2.0,23.0,13.9,16.8,10.0,2.0,30.3,18.2,20.2,22.0,15.0,9.1,8.1,19.0,5.0,1.0,12.1,7.1
1772941220.6216261,21.8,11.1,36.0,41.6,24.2,16.7,23.0,4.0,17.0,21.0,30.0,25.0,17.6,14.1,6.1,5.1,10.2,8.1,23.0,29.0,30.7,17.2,13.1,8.9,42.0,33.7,15.8,22.5,5.0,28.3,38.0,40.0,23.0,16.0,13.0,25.7,6.0,22.0,13.1,15.2,4.0,5.0,29.7,17.6,27.0,31.7,15.0,8.1,2.0,17.2,6.1,5.0,15.2,8.1
1772941221.6217163,35.4,23.5,33.3,40.6,22.2,20.2,15.2,23.2,17.2,29.0,22.4,24.0,15.3,11.2,12.4,16.3,14.1,10.1,18.0,25.3,30.0,14.0,12.0,17.3,32.3,36.0,21.2,15.5,8.1,25.0,41.0,37.4,25.3,14.1,20.2,23.5,16.2,29.0,15.8,16.2,2.1,3.1,17.3,18.8,21.0,26.5,18.2,16.0,20.8,11.0,6.0,3.0,7.1,15.3
1772941222.62491,26.5,22.0,37.6,33.3,11.0,28.0,18.8,24.0,11.2,30.7,34.7,19.2,7.1,9.0,16.0,16.0,13.1,10.0,30.0,20.2,29.7,18.2,7.1,11.0,26.0,32.7,13.3,20.8,31.0,5.0,34.7,30.7,19.4,20.2,22.0,16.7,29.7,16.0,16.8,16.2,4.0,4.0,21.8,22.4,24.0,25.3,16.0,13.1,22.2,4.1,5.1,3.1,17.0,13.0
1772941223.6261387,19.2,13.1,44.0,33.0,10.4,28.3,8.2,23.0,22.0,19.0,22.8,9.0,7.1,8.1,14.3,16.8,10.0,11.0,24.2,24.8,14.3,26.0,10.1,12.2,27.3,32.7,17.2,22.0,4.0,27.3,32.4,36.0,22.0,24.8,16.2,26.0,23.0,24.0,12.1,15.0,3.0,5.0,18.2,20.0,23.0,28.3,15.8,11.2,1.0,24.0,3.1,8.1,16.0,8.2
1772941224.6269639,21.4,31.7,38.4,36.4,9.2,31.7,21.0,19.0,23.0,24.2,19.4,16.3,11.1,17.2,14.9,17.3,11.1,6.1,22.0,23.2,26.3,22.2,13.9,14.1,37.8,37.0,23.0,16.2,5.1,5.1,40.4,41.0,11.0,9.2,30.4,12.1,22.0,25.0,14.1,17.5,7.1,4.1,16.0,28.6,21.8,29.3,15.3,16.2,10.1,23.0,6.1,3.1,11.2,11.1
1772941225.6285808,26.5,23.2,43.4,50.5,26.7,13.1,20.0,9.1,19.2,19.0,19.0,10.0,14.0,13.1,19.0,20.2,16.2,14.0,25.3,27.0,23.5,20.0,20.0,22.2,39.0,32.0,16.0,20.8,3.1,5.0,38.2,35.4,13.3,3.0,24.0,18.4,30.3,14.1,14.0,14.0,1.0,5.1,16.2,24.8,35.4,31.7,15.0,14.0,3.1,20.4,7.2,5.1,17.2,14.0
1772941226.6298456,23.8,17.0,47.5,34.3,16.3,19.0,23.0,17.3,26.0,16.2,16.8,20.2,6.1,5.1,13.1,14.0,7.1,7.1,21.8,20.0,29.3,17.2,21.0,16.2,32.0,23.2,15.3,24.0,4.1,5.1,24.2,35.6,13.0,8.0,15.0,27.7,13.0,16.0,16.3,14.0,4.0,3.0,21.2,19.2,29.3,32.7,16.0,20.2,11.0,20.8,6.0,7.0,15.0,18.4
1772941227.6321902,19.0,12.2,35.4,39.8,1.0,21.8,15.2,17.2,10.9,19.0,15.2,14.9,9.1,3.0,13.9,14.3,11.2,16.2,31.0,30.3,20.0,20.0,6.1,7.1,21.4,18.0,19.0,21.8,5.0,5.9,46.1,31.3,17.0,6.1,17.0,22.4,31.3,13.0,16.8,13.1,1.0,6.0,18.0,23.0,27.7,24.5,15.3,16.2,4.0,18.2,5.1,4.0,16.2,15.2
1772941228.6352973,31.2,25.0,41.0,34.3,13.1,21.0,13.0,21.8,9.2,18.0,31.3,26.0,11.2,16.2,17.2,17.0,5.0,8.2,22.0,19.0,10.0,17.2,15.2,16.3,30.3,32.7,20.2,22.2,2.0,3.1,29.6,27.6,6.1,14.0,23.0,14.9,32.4,15.0,14.0,12.2,3.0,6.1,20.0,20.0,29.3,25.5,22.0,7.9,8.2,17.2,6.1,2.0,20.2,9.1
1772941229.6386378,25.5,23.0,27.0,41.2,17.8,21.6,9.8,23.5,24.8,12.1,21.0,25.7,15.8,11.1,14.0,18.8,15.2,10.0,33.0,21.8,17.2,31.0,11.0,11.0,28.7,37.8,17.6,23.8,6.1,7.8,29.7,34.0,16.0,22.8,22.8,24.0,32.7,15.0,14.9,17.6,5.0,2.0,22.8,21.0,14.1,30.3,8.9,19.0,4.0,19.0,5.0,5.0,16.2,10.0
1772941230.6392994,18.0,15.0,35.0,38.6,19.2,21.0,15.3,23.2,26.7,17.2,29.4,26.3,4.1,5.1,14.3,14.0,10.9,10.0,22.0,21.0,18.2,26.7,9.1,16.2,15.3,37.0,17.5,18.2,4.1,6.1,33.3,37.3,20.2,18.4,10.0,26.5,31.0,14.1,15.2,14.9,2.1,5.1,22.0,15.0,27.0,24.0,15.2,12.0,11.0,20.0,4.1,6.1,16.2,11.2
1772941231.6415005,22.7,22.2,36.7,38.0,17.0,21.0,9.2,21.8,22.0,20.0,35.4,9.1,9.1,8.0,14.0,15.2,7.1,15.0,27.3,26.0,16.2,34.0,8.9,9.9,30.3,35.0,17.2,22.2,4.1,4.0,32.7,45.5,22.4,18.8,17.0,22.2,32.3,15.0,16.3,14.1,8.0,3.1,21.6,20.2,24.3,26.3,19.2,7.1,1.0,20.2,3.0,6.1,14.1,17.0
1772941232.641567,26.0,28.3,38.4,39.4,21.2,20.4,16.2,26.7,33.0,22.2,17.3,18.4,10.2,15.3,17.3,21.4,9.0,11.2,13.1,16.2,32.7,11.2,17.3,20.2,29.9,42.0,19.0,21.2,5.1,5.1,40.0,38.4,18.2,25.3,34.0,17.2,18.8,20.2,18.2,16.2,5.1,3.0,15.5,21.2,24.7,29.3,18.2,15.2,10.0,21.0,5.2,2.1,17.0,11.2
1772941233.6428528,22.2,18.0,31.7,41.0,26.3,11.1,7.1,22.0,21.0,16.2,31.0,26.7,12.2,15.0,14.0,15.0,12.1,9.1,14.0,15.0,33.0,16.8,10.0,7.1,28.3,32.7,19.2,22.0,3.0,22.2,30.3,30.4,14.0,8.1,25.3,15.8,14.1,13.0,17.8,15.0,3.0,5.1,21.8,20.0,30.7,20.8,20.8,11.1,1.0,19.4,3.0,9.0,20.0,17.2
1772941234.6446495,12.0,4.0,33.7,42.6,19.0,2.0,19.2,23.0,22.8,17.8,25.0,23.0,3.0,7.1,15.0,14.0,12.0,11.1,13.0,16.0,19.8,18.2,11.1,10.0,14.1,26.3,19.0,17.0,5.0,31.0,40.6,34.0,14.0,16.0,25.2,12.9,13.0,14.1,13.0,12.0,2.0,5.0,17.2,19.0,26.0,23.8,17.0,9.0,10.9,17.0,2.0,5.1,13.9,14.1
1772941235.6535907,26.5,5.9,39.0,36.6,19.8,1.0,18.6,18.0,11.0,32.4,26.5,29.4,10.9,5.9,15.8,14.1,6.9,8.9,14.9,11.2,32.4,21.6,13.7,17.8,28.3,36.6,22.5,19.0,5.0,30.7,41.4,38.0,22.0,21.0,24.0,15.2,14.0,16.7,13.9,14.9,3.0,5.9,29.7,15.8,28.4,27.0,17.8,12.0,2.0,21.0,5.9,5.0,12.9,17.8
1772941236.657664,22.2,12.4,34.0,37.6,19.4,6.0,25.3,13.0,16.2,28.7,21.0,27.6,11.2,13.3,22.4,16.2,16.3,14.0,16.3,21.8,22.0,15.2,4.1,9.2,43.0,45.5,21.2,15.2,3.1,4.1,32.7,39.0,14.1,27.0,25.5,26.0,14.9,13.1,13.1,12.1,2.1,3.1,17.2,16.2,24.0,22.2,12.1,11.1,9.1,18.0,6.1,3.1,15.3,11.2
1772941237.6577485,12.9,6.1,28.6,45.5,20.2,4.1,25.7,11.1,16.2,23.5,25.0,30.0,12.1,17.8,12.1,11.1,4.0,10.1,25.7,18.2,26.3,25.5,21.0,22.4,32.7,37.4,24.0,24.0,3.1,5.1,29.3,33.0,19.2,23.2,26.7,12.0,6.1,11.1,16.0,18.2,4.0,3.0,23.2,19.2,27.3,26.7,16.2,17.0,5.0,20.0,7.1,4.0,16.3,12.2
1772941238.657844,17.3,16.3,29.6,45.0,20.0,3.0,11.2,28.0,20.8,30.7,26.5,24.2,5.0,8.2,5.1,6.1,17.2,12.1,31.3,28.0,21.2,21.0,5.2,11.1,28.0,27.3,23.0,19.0,4.1,4.1,39.0,39.0,20.2,22.0,23.0,18.0,4.1,22.2,13.3,18.2,2.0,5.0,19.2,21.0,27.3,23.2,23.0,6.1,10.1,19.0,6.1,2.0,14.9,12.1
1772941239.6600244,30.3,27.3,35.4,42.6,22.2,20.8,19.0,11.0,11.0,19.0,27.5,26.7,12.1,7.1,6.0,14.7,7.1,7.1,26.7,17.2,16.0,34.7,15.0,10.2,28.0,28.7,14.1,18.2,6.9,4.0,37.0,42.0,17.0,23.0,22.0,25.5,10.9,17.0,14.0,18.0,5.0,4.0,22.0,14.0,31.7,24.2,18.8,10.1,3.0,17.3,5.1,5.1,15.2,15.0
1772941240.6611016,21.2,20.0,41.0,34.0,19.2,21.0,22.0,18.2,8.2,18.2,32.0,19.0,14.3,13.1,9.0,8.2,9.2,13.0,27.3,21.2,12.2,14.1,11.2,8.9,26.3,26.8,23.5,24.8,5.1,4.1,16.3,33.7,19.2,18.6,18.0,29.0,12.2,14.9,12.2,11.9,3.1,2.0,18.0,23.2,30.3,25.0,21.2,14.0,8.1,23.0,4.0,6.1,16.2,18.2
1772941241.6681883,16.5,14.9,38.6,42.0,24.8,15.8,23.0,9.0,7.1,24.2,26.0,25.3,12.0,13.1,4.0,6.0,8.0,15.7,21.8,29.0,14.0,20.8,16.2,15.2,27.7,20.0,21.0,19.0,3.1,5.0,18.8,30.0,22.8,21.8,13.0,30.7,17.2,13.1,16.8,15.8,3.0,2.0,15.0,24.0,30.0,22.0,17.0,11.1,16.0,6.9,2.0,7.1,8.9,21.4
1772941242.6715329,25.5,21.0,35.7,42.2,33.3,8.1,22.8,19.0,20.8,24.8,24.2,27.0,5.1,5.1,11.1,6.1,11.1,8.2,30.0,19.2,29.7,24.5,9.2,12.1,30.3,30.0,23.2,17.3,7.1,4.1,34.3,42.0,19.0,23.2,15.0,27.0,17.0,21.0,20.8,16.2,4.1,3.0,20.0,25.7,32.0,26.3,17.2,18.6,14.0,17.2,6.1,5.0,13.1,16.0
1772941243.6718056,33.0,24.5,34.7,38.4,30.0,1.0,25.3,8.1,29.3,17.8,19.2,20.2,15.3,12.2,22.2,21.2,12.0,16.0,21.2,32.4,28.0,15.3,17.0,13.0,32.7,37.0,23.0,18.0,5.0,9.1,37.6,42.2,23.2,17.3,22.0,29.0,22.0,15.3,15.0,11.1,4.1,7.1,20.0,19.2,28.0,22.2,11.2,17.0,10.0,16.2,5.0,4.1,14.1,18.2
1772941244.6736438,18.4,16.0,44.6,34.3,20.2,8.0,21.8,16.3,23.0,18.4,20.8,24.5,14.9,15.3,13.0,15.3,8.1,8.2,21.2,22.2,26.0,23.2,18.0,17.0,41.6,28.6,20.8,19.0,6.1,5.0,37.8,35.0,18.4,22.0,27.3,13.0,32.0,14.9,14.3,17.0,4.0,3.1,20.4,22.0,32.3,26.0,14.7,18.2,3.1,21.2,4.1,6.1,15.0,13.3
1772941245.6745763,20.4,22.0,49.5,41.6,18.6,20.0,23.0,18.8,30.4,16.2,35.0,21.2,10.1,8.1,15.2,17.8,12.1,19.8,27.0,28.0,25.3,24.8,24.2,25.5,25.5,27.3,14.1,24.8,4.1,2.0,36.3,31.3,24.8,15.2,20.6,22.0,33.0,15.0,18.0,19.8,4.1,4.0,19.0,21.0,35.4,35.0,14.1,20.0,10.2,17.2,6.0,7.0,11.2,15.0
1772941246.6746583,27.4,28.0,46.5,34.7,20.4,22.2,20.0,12.2,16.3,18.0,26.5,29.7,8.1,6.1,15.0,15.2,3.1,10.1,26.3,26.3,19.0,24.0,14.0,4.1,28.0,39.6,17.0,19.2,3.1,5.0,42.4,35.4,15.2,9.1,13.1,29.7,31.7,14.3,14.9,19.2,3.1,3.1,14.1,22.2,22.0,28.0,12.2,15.0,11.0,13.3,3.1,5.1,15.0,10.2
1772941247.6761405,23.2,17.3,37.1,41.0,17.3,21.0,27.0,16.7,11.1,17.2,24.8,32.3,18.4,13.4,17.2,22.4,17.0,12.1,28.3,23.8,26.3,21.2,19.4,23.2,38.4,30.6,19.4,20.4,6.0,4.1,31.0,47.5,15.3,22.8,26.3,20.0,33.7,15.0,12.0,14.9,3.0,4.0,26.7,17.0,25.0,29.0,19.0,15.3,10.2,20.0,1.0,5.1,12.2,9.2
1772941248.679373,21.0,15.0,34.3,43.6,13.0,26.0,12.1,21.8,18.2,4.0,38.0,13.0,16.0,12.1,14.9,14.0,10.0,8.1,27.5,22.2,29.7,18.2,9.1,10.0,32.7,35.7,20.2,22.0,12.1,4.0,31.0,36.0,23.8,18.0,25.7,16.8,26.3,18.8,16.2,14.1,4.0,2.0,18.2,21.0,27.0,25.5,17.0,15.8,14.0,8.1,4.0,8.0,16.0,16.7
1772941249.6795037,24.7,27.6,34.0,39.0,24.2,18.0,26.3,15.0,15.0,10.1,25.3,31.3,10.1,6.1,15.2,15.2,13.1,17.2,29.3,25.7,28.0,22.2,14.3,15.2,28.3,28.7,14.0,20.2,12.0,5.1,33.7,37.0,15.0,25.5,23.2,17.0,17.8,27.0,13.1,13.9,2.0,5.0,14.1,22.2,27.0,28.7,14.3,20.2,20.4,11.0,2.0,7.1,16.5,15.2
1772941250.6888144,25.8,24.8,39.2,38.6,23.2,16.0,21.0,14.1,10.1,18.8,23.0,24.5,11.9,9.0,18.2,22.8,9.0,9.0,20.6,20.8,22.5,23.8,8.0,9.9,33.0,33.7,21.0,17.8,31.3,5.0,37.3,40.6,20.2,18.8,24.5,21.0,20.8,26.0,13.9,12.0,4.9,4.0,23.5,12.9,22.8,31.4,11.9,19.8,19.6,13.0,6.9,5.0,12.6,18.0
1772941251.6891432,20.2,15.5,40.0,35.0,29.6,10.2,25.7,11.1,14.1,11.2,25.3,34.3,15.3,12.4,13.3,16.0,18.0,15.8,28.0,16.2,31.3,14.3,16.3,20.4,27.8,29.9,22.8,23.5,12.2,6.1,35.4,38.0,18.2,25.5,30.0,13.0,25.5,22.2,16.0,15.2,3.1,3.1,20.2,23.2,17.3,31.3,14.1,21.2,11.1,15.0,6.1,4.1,18.2,18.6
1772941252.6903439,24.2,22.8,35.7,41.4,25.3,11.1,21.0,19.2,15.2,29.0,28.0,24.8,10.1,10.1,13.1,15.3,6.1,7.1,7.2,11.1,19.0,9.9,12.1,7.0,22.0,35.0,17.2,19.2,5.0,3.1,10.1,28.7,17.8,22.2,24.8,13.0,29.7,15.0,12.0,12.9,4.0,8.2,20.2,18.0,16.0,26.5,15.0,15.2,15.0,13.4,5.1,4.0,17.3,10.1
1772941253.6914072,19.4,17.3,32.3,39.6,21.4,17.2,3.1,22.8,18.0,17.3,29.0,19.0,6.0,5.0,16.2,16.0,15.8,14.3,22.2,21.2,21.2,25.3,10.1,14.3,28.3,29.3,24.2,17.8,16.3,5.0,39.6,40.4,23.0,15.0,28.7,15.0,12.1,13.4,12.0,16.2,7.1,6.1,20.0,23.0,25.5,23.2,11.1,17.0,18.2,4.0,6.0,4.0,12.2,10.1
1772941254.6920972,17.5,5.1,38.0,38.0,5.2,18.0,17.2,24.0,27.0,18.2,15.3,17.0,8.1,11.1,18.8,17.3,5.1,11.0,16.0,7.1,21.0,25.0,15.2,16.3,43.0,46.0,19.0,19.4,17.0,4.1,39.0,40.8,22.0,18.2,25.0,20.0,17.8,26.7,15.8,12.1,13.0,2.0,19.8,19.0,22.2,26.7,20.2,16.0,18.2,12.2,1.0,7.2,15.0,17.2
1772941255.6937418,14.1,8.2,47.5,32.7,14.3,22.0,7.1,27.5,17.2,26.0,33.7,25.5,20.0,14.1,14.1,15.2,12.2,17.3,27.0,26.3,31.7,19.2,12.0,12.0,51.5,35.7,22.2,22.0,5.2,6.0,37.0,34.3,24.5,22.2,28.0,12.9,16.2,32.0,15.2,19.2,10.2,7.1,17.2,26.7,28.4,39.6,25.3,10.2,12.2,17.0,28.7,7.0,14.3,16.2
1772941256.6953378,21.2,16.5,38.0,40.6,13.4,24.8,16.8,26.0,12.2,15.0,30.3,26.0,7.1,13.3,16.0,15.0,7.1,9.1,21.8,18.8,27.7,14.1,13.3,19.2,27.6,26.3,21.2,17.2,4.0,3.1,32.3,33.7,22.2,20.2,18.8,19.2,22.0,25.0,17.2,13.9,7.1,4.0,22.4,20.0,26.8,28.0,17.2,13.9,27.3,16.2,23.0,3.1,15.2,14.1
1772941257.6958578,19.6,20.0,41.6,37.4,6.1,39.0,10.1,19.8,10.1,18.0,31.0,16.0,5.1,5.1,17.2,21.0,15.2,16.0,24.0,29.0,26.3,24.0,5.0,14.0,22.8,21.8,16.8,20.8,12.0,4.0,42.6,37.0,15.2,9.0,28.3,20.2,28.0,13.0,14.1,11.1,3.0,1.0,22.8,17.3,19.2,23.2,15.0,17.0,14.9,3.0,18.0,6.1,17.8,11.9
1772941258.697801,19.8,17.2,42.4,38.6,22.4,24.0,14.1,28.3,20.8,28.0,32.7,29.7,12.0,19.0,13.3,12.1,11.0,14.0,30.3,21.6,22.8,19.0,20.6,14.1,31.6,27.3,15.3,26.3,11.0,6.1,30.7,47.0,21.0,14.0,25.0,15.2,23.8,7.0,14.7,15.0,5.0,5.0,21.4,21.8,29.7,31.0,20.0,15.3,14.0,19.4,35.0,7.1,14.4,22.2
1772941259.6978738,33.3,25.3,30.9,37.4,18.7,23.8,18.2,15.0,18.2,22.2,16.2,30.6,15.5,11.2,8.1,18.2,13.3,13.0,31.0,26.0,24.5,27.0,10.9,8.1,20.2,25.5,21.0,17.2,3.1,3.1,13.3,31.0,24.2,16.3,21.0,22.0,13.3,11.2,14.1,13.1,4.0,4.1,19.8,17.2,33.3,21.2,14.3,14.1,14.1,8.1,11.1,7.1,18.2,12.1
1772941260.69868,25.5,21.2,39.6,36.6,15.3,24.2,24.2,18.8,23.2,25.0,33.0,22.0,9.2,24.8,8.2,23.2,9.0,13.3,22.0,25.0,23.2,22.8,12.4,20.0,19.2,22.2,18.2,19.0,6.0,5.1,16.0,36.0,18.2,24.0,18.8,26.0,17.3,11.1,19.2,13.1,4.0,5.1,19.0,23.8,28.3,29.3,11.0,19.2,19.6,10.2,3.1,7.1,14.9,15.3
1772941261.6990445,19.0,12.1,33.3,36.0,16.3,23.8,15.0,15.2,21.0,16.8,20.0,32.3,5.1,35.0,5.1,10.1,11.0,12.0,29.0,30.0,29.7,23.0,16.0,7.2,19.2,20.2,20.8,22.8,3.1,5.1,34.3,27.3,16.0,22.0,21.0,29.0,15.8,14.1,9.9,11.9,2.0,4.0,18.2,18.0,26.0,22.8,8.0,17.2,3.0,21.0,3.0,7.1,13.1,16.8
1772941262.702952,25.7,23.0,39.6,45.5,25.3,14.1,28.7,15.2,30.0,15.0,26.0,27.0,19.2,18.2,7.1,16.0,9.1,12.2,19.0,23.2,20.0,13.1,18.2,20.0,29.0,29.3,14.3,19.4,4.0,5.1,37.0,17.2,23.2,19.2,14.0,25.3,20.8,28.0,19.2,16.0,5.0,6.1,23.8,17.0,32.4,33.3,17.0,21.0,10.2,20.4,10.9,7.2,11.1,15.5
1772941263.7041833,28.6,25.5,46.0,49.5,27.3,11.0,23.8,10.1,23.2,12.1,26.0,24.0,13.0,17.2,18.8,11.2,14.3,7.1,26.0,27.7,16.3,20.2,17.3,17.8,31.3,27.3,23.8,23.0,4.0,3.1,24.0,18.0,17.2,24.0,21.0,20.0,13.3,28.0,17.6,12.9,5.1,2.0,22.0,17.0,41.4,28.7,15.2,15.8,1.0,19.0,4.0,5.0,14.1,9.1
1772941264.7068925,20.6,17.2,42.4,35.0,20.4,21.0,21.4,21.0,27.5,23.0,20.0,29.0,8.2,10.0,18.2,21.8,12.0,11.0,20.0,22.2,23.2,17.2,15.0,19.4,31.3,22.5,26.3,19.2,5.1,5.0,36.0,37.6,19.0,16.2,28.3,21.2,15.2,15.0,16.2,16.0,5.1,3.0,18.2,21.0,32.0,27.0,20.0,13.1,19.6,12.0,6.0,3.1,10.9,19.0
1772941265.7094836,20.6,15.8,45.0,28.7,18.6,4.0,21.8,8.2,18.8,18.2,13.1,15.0,7.0,1.0,15.0,12.9,9.2,10.0,22.2,28.7,32.7,24.5,6.2,8.0,36.0,35.1,19.8,19.8,4.0,3.1,44.4,32.0,18.4,21.2,10.0,27.7,32.0,14.9,14.1,16.0,5.1,2.0,18.0,22.2,20.0,27.0,12.1,19.8,18.2,3.0,3.1,6.0,16.0,12.1
1772941266.709563,29.9,25.3,33.3,35.0,20.8,17.0,16.0,21.2,23.5,22.0,26.0,28.3,16.3,12.2,14.1,14.1,10.1,14.0,28.0,20.2,25.0,16.2,13.9,18.0,32.7,34.0,15.3,23.2,3.0,6.1,38.0,33.3,24.2,17.0,12.9,29.6,32.0,15.2,18.8,15.3,9.2,3.1,21.0,19.4,28.3,29.0,15.0,12.2,20.2,9.2,5.1,4.1,17.0,10.4
1772941267.7197714,25.0,21.8,43.0,30.7,21.0,14.9,13.1,21.4,8.0,18.6,26.7,23.8,14.1,11.9,13.9,13.9,5.0,6.1,29.0,23.5,31.4,18.8,11.1,7.0,13.1,19.0,19.8,18.0,3.0,5.9,31.4,31.7,16.2,23.2,11.0,28.4,32.4,15.7,13.0,13.9,2.0,4.9,22.8,15.7,23.0,23.0,12.0,16.0,18.8,2.0,4.0,3.0,12.1,17.6
1772941268.7224972,20.8,13.1,41.6,35.0,22.4,28.3,12.9,23.2,16.2,16.0,27.0,27.7,8.9,6.1,18.0,20.0,16.0,14.9,20.0,25.0,26.0,15.0,19.2,18.0,22.0,35.4,20.0,15.0,5.1,2.0,23.2,36.4,14.1,18.0,25.7,23.8,30.7,14.1,13.9,16.2,7.1,2.0,18.0,24.8,23.8,23.8,16.2,13.0,20.8,11.0,6.0,4.0,12.0,12.1
1772941269.723214,18.6,13.1,40.0,31.0,22.2,23.0,7.1,22.8,16.0,21.0,22.8,28.6,6.1,6.0,15.0,14.1,6.0,8.1,18.0,25.3,29.0,17.2,12.1,5.1,36.4,34.3,26.0,15.2,4.1,2.0,40.2,39.0,12.0,7.1,26.3,14.0,32.0,15.0,12.2,15.8,3.0,6.1,14.1,27.3,21.8,21.2,13.0,18.0,15.5,5.2,6.1,2.0,9.1,20.0
1772941270.7292333,34.3,23.2,33.0,41.0,23.2,20.8,19.0,19.0,31.7,13.9,33.7,26.5,20.8,9.1,15.2,17.8,19.2,15.0,16.3,12.0,21.0,23.0,15.0,14.0,34.7,38.4,17.3,23.5,3.1,6.9,39.6,26.3,18.0,20.0,29.4,12.1,32.0,13.1,18.8,13.1,3.0,19.4,23.2,15.0,30.0,24.2,14.9,17.0,9.0,19.0,7.0,5.0,20.2,14.1
1772941271.7328966,20.2,15.0,32.0,46.1,22.0,20.6,8.9,22.8,20.8,16.0,18.2,30.0,12.1,12.1,15.8,16.0,2.0,8.1,12.7,16.0,17.8,8.0,13.0,8.2,25.7,27.7,13.9,27.7,5.0,2.1,33.0,35.3,19.0,20.8,17.0,23.8,20.8,23.0,17.6,15.0,4.0,3.0,18.8,23.8,22.0,32.0,17.0,14.1,18.2,5.0,1.0,6.1,11.9,14.0
1772941272.7360823,10.0,4.0,29.6,41.0,24.7,14.3,12.1,26.7,26.0,19.2,21.4,29.3,9.1,9.2,26.3,17.3,11.1,14.1,21.0,12.1,16.3,12.0,16.2,13.1,34.3,35.4,14.3,18.2,4.1,5.0,35.0,46.0,11.2,21.4,20.0,31.0,16.2,31.0,16.3,15.8,3.0,13.3,20.0,16.3,20.2,26.0,23.2,8.1,19.8,9.3,3.0,6.1,14.3,10.2
1772941273.7361653,19.4,4.1,35.6,40.6,17.2,15.0,10.1,18.2,25.7,16.0,25.7,21.0,5.1,3.0,13.9,15.8,9.1,8.1,12.0,5.1,10.1,9.1,17.0,10.0,38.6,49.5,18.2,15.0,3.0,4.1,38.0,40.0,18.8,21.6,23.2,11.1,19.0,27.0,16.8,12.9,6.1,24.8,21.0,16.8,20.2,24.0,16.8,13.0,4.0,16.2,3.0,7.1,11.0,17.8
1772941274.7371655,25.5,12.1,41.0,35.6,32.3,7.1,27.5,12.1,19.8,23.0,20.4,31.0,11.9,13.0,12.1,14.0,13.0,8.0,24.5,22.0,17.0,18.0,9.0,7.1,32.3,33.0,16.0,19.0,5.0,5.0,31.3,30.7,22.0,17.2,21.8,17.6,28.7,17.0,13.1,9.1,4.0,25.5,15.0,21.8,27.2,20.8,14.0,13.1,12.0,18.0,2.0,6.1,9.0,20.4
1772941275.7404904,15.3,13.1,38.4,40.4,26.5,14.1,26.7,13.1,9.1,20.4,21.0,32.0,17.3,15.0,16.0,13.1,17.2,9.1,20.0,21.0,16.0,11.1,15.2,13.1,29.3,31.0,28.7,19.2,5.1,18.2,31.7,40.4,25.5,23.2,24.2,17.2,17.3,18.8,16.0,18.0,3.1,6.9,26.3,16.2,29.2,33.7,11.2,22.2,18.4,2.1,5.1,8.2,20.2,16.0
1772941276.7414722,21.0,17.2,46.0,34.3,24.2,20.2,19.4,24.5,17.2,10.1,30.3,21.2,11.1,9.3,20.2,18.2,10.2,10.1,26.0,31.3,27.3,26.3,16.5,12.2,39.0,34.3,20.2,22.8,5.0,28.6,39.4,39.6,21.0,23.0,29.3,21.0,15.0,22.4,16.0,13.1,5.0,6.1,20.8,23.0,29.3,37.6,15.0,18.8,21.0,10.1,2.0,8.1,17.3,17.3
1772941277.7464385,22.1,31.3,42.6,31.0,12.1,10.0,21.8,9.0,16.2,10.0,21.8,16.0,3.0,7.0,15.8,15.7,15.0,10.9,20.8,24.0,16.0,24.2,16.0,15.0,32.3,38.0,16.8,21.0,4.0,5.0,33.0,39.0,13.0,17.2,28.4,10.1,31.4,12.1,13.9,14.0,2.0,24.2,23.0,14.0,22.0,24.0,11.3,19.0,3.0,17.2,3.0,4.1,11.2,12.1
1772941278.7465181,28.3,24.2,36.7,36.4,19.4,16.0,18.4,23.5,15.0,11.1,40.6,25.5,10.1,20.2,14.1,16.2,8.2,8.1,26.0,24.8,27.7,21.0,11.1,10.2,22.4,29.0,17.2,13.1,3.1,8.2,40.0,23.0,25.7,16.2,15.0,22.8,21.2,5.0,13.1,17.0,4.0,5.0,22.0,16.3,24.2,24.2,18.8,7.1,10.1,18.0,3.1,5.1,11.0,14.0
1772941279.7479072,18.4,13.9,41.0,34.3,12.1,25.3,10.0,23.0,14.0,6.0,30.6,30.7,12.2,15.0,14.9,12.1,11.0,13.0,26.0,26.3,17.0,11.9,11.2,19.2,19.8,14.1,20.8,15.2,20.2,3.0,40.6,38.6,24.5,23.0,27.0,16.0,22.8,6.0,13.0,13.1,4.0,3.0,19.0,20.8,22.2,23.8,21.2,6.1,2.0,19.0,3.0,6.0,12.0,13.3
1772941280.7491093,21.2,17.2,36.4,39.0,22.2,21.0,16.2,25.7,22.8,17.2,15.0,29.0,10.2,5.1,4.0,6.0,3.0,8.1,20.2,19.2,16.8,14.1,6.1,11.0,33.3,26.0,15.3,20.0,31.4,3.0,43.0,19.4,21.8,17.2,13.1,27.7,21.0,4.0,17.8,15.0,2.0,3.1,15.8,22.2,24.0,25.3,14.9,17.0,9.0,19.0,5.1,2.1,16.3,9.0
1772941281.7536004,37.3,24.2,40.4,42.6,38.0,4.0,24.8,10.2,18.0,24.0,27.0,29.0,13.0,3.0,4.1,6.1,18.0,13.7,31.1,30.7,22.2,27.5,15.3,18.2,38.0,34.3,18.2,22.8,27.3,9.1,32.7,27.7,10.1,18.2,9.9,33.7,17.0,12.0,15.0,17.8,4.0,4.0,21.2,23.0,29.3,27.0,11.0,22.2,4.0,18.2,3.1,6.0,14.0,18.2
1772941282.7562656,24.0,21.0,45.0,47.0,39.4,2.0,24.8,12.2,22.2,22.2,24.8,30.7,15.5,16.0,9.1,9.1,6.1,10.2,22.2,21.2,25.3,19.4,15.2,23.2,35.4,36.4,30.7,13.3,5.1,40.0,37.4,34.3,18.2,12.1,10.1,29.3,34.3,13.3,18.8,16.2,2.0,4.1,23.5,18.0,36.0,38.0,13.1,19.0,10.0,22.0,6.1,5.1,19.4,11.0
1772941283.7570145,18.2,12.2,43.0,29.3,29.0,10.1,16.3,15.0,15.2,26.0,28.3,25.5,12.0,14.3,12.2,15.0,13.1,15.2,28.3,29.7,30.0,21.0,23.2,20.0,23.5,27.3,17.2,17.2,5.1,34.0,38.4,43.0,18.0,23.0,21.0,28.0,24.2,20.2,16.2,14.0,4.0,5.1,24.8,16.0,25.3,31.6,12.1,17.2,2.0,19.4,7.1,6.1,11.1,16.2
1772941284.7585044,27.8,22.2,34.0,38.0,18.8,1.0,15.3,21.6,10.0,16.2,28.3,21.2,7.1,7.0,15.8,13.1,7.0,11.0,22.0,19.6,30.0,14.0,13.0,5.1,27.7,34.0,30.0,14.0,31.3,2.0,40.4,33.7,15.3,24.0,17.0,23.8,22.2,23.0,14.1,15.0,1.0,3.0,18.2,18.2,23.0,26.0,15.2,15.2,10.1,19.0,3.0,5.2,11.2,13.3
1772941285.7585928,31.0,23.0,44.0,31.7,20.6,2.0,6.1,21.4,14.1,18.8,24.0,26.7,9.1,10.1,15.2,13.1,11.0,15.3,27.0,31.6,29.7,18.2,15.2,15.3,40.8,27.8,23.0,17.2,28.3,4.0,28.7,31.0,13.1,22.0,17.0,22.0,14.1,30.7,20.8,14.0,3.0,6.0,17.2,21.0,29.3,29.3,5.9,25.7,2.0,21.4,7.0,6.1,17.0,14.3
1772941286.7619116,20.4,16.2,31.0,41.4,6.0,13.1,18.0,21.8,29.0,12.1,24.0,30.0,14.0,15.2,16.2,12.9,9.1,12.0,15.8,25.0,14.1,15.3,11.9,25.7,17.5,17.0,20.8,10.0,21.0,3.0,37.6,37.6,15.0,20.4,27.7,13.1,14.0,13.1,10.0,13.0,3.0,4.0,25.7,18.4,20.2,21.8,8.1,16.0,13.1,13.1,2.0,7.9,18.8,8.1
1772941287.7628858,21.0,13.3,34.3,40.6,3.1,17.0,19.0,14.1,23.0,19.0,17.0,21.0,12.2,12.1,22.0,16.2,8.1,9.0,28.3,24.2,18.2,21.8,9.2,9.1,22.8,15.5,22.2,25.3,37.0,5.0,42.4,38.0,16.0,24.8,14.3,30.7,28.0,19.0,11.2,14.0,4.0,4.0,23.2,16.8,26.0,34.0,17.2,17.3,11.0,10.1,4.0,6.1,14.1,21.0
1772941288.764137,26.5,32.0,40.0,35.6,3.1,19.8,18.2,25.7,21.8,23.8,22.2,15.2,6.9,6.1,13.0,14.1,14.9,16.0,22.0,25.0,7.1,11.9,13.0,19.0,25.3,20.0,16.0,22.8,27.3,12.2,31.7,39.4,20.0,17.8,19.4,22.8,31.4,13.1,15.8,19.0,1.0,4.0,11.0,23.2,23.0,29.0,13.9,15.8,12.1,16.0,1.0,7.0,12.1,14.9
1772941289.765451,25.8,18.6,40.4,33.7,29.0,11.0,23.0,12.9,26.3,9.0,32.7,17.0,10.1,12.0,13.1,15.0,4.1,5.2,15.2,16.0,22.0,15.3,7.1,6.1,24.5,23.5,12.4,24.0,6.1,30.3,31.0,33.7,15.3,25.3,23.2,18.0,32.3,14.1,14.1,11.2,4.0,4.0,18.8,24.0,19.2,26.7,12.4,16.3,20.8,3.1,7.9,2.1,10.2,11.3
1772941290.7683833,12.1,5.9,44.1,29.7,26.8,9.2,13.0,21.2,25.0,15.2,27.3,26.0,12.4,15.3,16.0,16.0,17.0,12.1,19.0,11.0,6.1,8.0,21.0,15.8,23.2,18.4,12.2,21.0,7.0,18.8,40.2,39.0,22.4,21.0,17.2,28.0,32.7,13.0,14.0,17.8,2.0,3.1,17.0,22.0,20.8,24.2,14.1,11.0,16.2,10.1,5.1,3.0,6.1,17.8
1772941291.7687926,22.2,9.1,44.0,32.0,27.0,10.0,11.0,21.8,11.1,23.8,22.8,25.0,6.1,10.1,18.2,23.2,9.0,5.1,8.2,16.2,18.2,23.2,5.1,7.1,30.0,38.0,13.9,20.4,3.0,25.3,25.3,34.7,18.8,18.2,17.0,23.8,30.7,14.1,17.0,12.1,2.0,2.0,21.2,13.1,31.7,18.0,17.6,10.0,22.0,5.0,3.0,7.1,11.9,13.1
1772941292.7724254,25.3,13.4,43.4,30.0,18.4,20.0,18.2,22.2,20.2,24.2,29.0,26.0,2.0,12.2,12.1,15.8,14.9,10.8,22.8,13.1,13.9,25.0,14.9,13.1,38.8,41.6,24.2,16.8,12.9,23.2,19.0,34.7,20.8,21.2,17.0,23.0,32.0,13.0,21.0,12.9,2.0,4.0,22.2,18.2,19.2,29.3,17.3,20.8,18.0,8.2,4.0,6.1,18.4,12.2
1772941293.7737072,9.3,4.0,40.6,37.0,5.1,18.0,22.0,11.1,19.0,21.8,30.0,16.0,9.0,13.9,14.1,14.9,14.0,6.1,8.1,17.8,24.0,29.0,8.1,9.1,40.0,26.3,12.0,20.0,3.0,5.0,32.0,32.7,12.2,4.0,14.1,24.0,21.0,20.2,17.0,11.1,19.4,3.0,19.0,22.8,27.3,27.0,14.0,13.3,19.2,4.0,5.1,4.0,14.9,13.1
1772941294.7747288,14.9,12.0,34.0,43.0,17.2,18.2,24.0,18.8,27.3,20.0,28.6,27.7,11.3,12.2,20.2,16.3,12.2,8.0,31.3,21.2,25.0,16.0,19.0,13.0,25.5,23.2,16.0,22.0,4.1,3.1,37.0,40.4,18.8,14.1,27.7,21.0,14.3,32.7,13.4,15.0,6.1,4.0,22.4,18.0,38.6,18.2,16.8,11.1,22.0,21.0,15.0,3.1,18.2,10.0
1772941295.7753336,28.9,19.4,35.4,40.6,2.1,34.0,22.2,8.2,12.1,14.0,22.8,24.8,8.9,11.1,15.8,14.1,10.1,11.1,20.2,26.0,17.0,21.0,16.2,12.1,20.4,24.0,18.0,18.4,3.1,5.0,42.0,38.0,21.4,18.0,20.0,20.2,23.5,24.0,20.8,14.9,3.1,3.0,22.8,20.2,22.0,25.3,16.2,11.1,20.2,24.5,19.0,6.1,10.0,16.3
1772941296.7773285,25.5,24.2,39.4,39.6,11.0,33.3,11.1,25.7,13.1,24.0,26.5,28.9,6.1,6.1,14.0,14.1,10.2,11.1,29.7,22.8,12.1,24.2,14.0,12.1,31.7,36.0,15.2,22.8,6.1,2.0,31.0,31.0,24.0,22.2,13.0,26.7,19.4,27.3,16.0,16.2,2.0,4.0,20.0,22.0,18.2,31.0,31.3,29.7,8.0,21.0,8.1,6.1,14.1,15.2
1772941297.7813025,17.3,14.9,44.4,30.0,10.3,28.3,15.0,23.8,16.0,23.2,24.0,28.0,13.1,16.2,14.0,15.0,15.2,8.0,21.2,24.0,20.8,31.7,15.3,19.2,37.8,37.4,18.4,20.0,25.7,5.0,35.0,37.4,21.2,24.2,16.2,30.0,19.2,17.2,18.8,13.0,5.0,3.0,18.0,21.0,32.0,24.2,21.0,28.0,9.2,19.2,2.0,8.1,20.0,15.0
1772941298.782209,27.1,22.2,37.6,40.0,10.1,30.7,22.2,11.1,27.3,14.9,26.0,29.7,12.1,17.2,20.0,18.8,7.0,5.1,29.0,19.2,21.0,20.8,7.1,3.0,29.7,27.6,22.8,17.3,31.0,2.0,43.4,35.6,22.2,18.2,25.3,26.0,9.0,12.0,16.2,13.9,1.0,5.1,17.0,22.8,21.4,29.0,15.2,11.1,4.0,21.0,5.1,1.0,13.1,9.2
1772941299.784029,31.0,25.5,27.8,46.5,16.0,21.0,21.0,16.2,24.0,24.2,11.1,26.0,5.1,11.0,13.1,9.0,12.1,17.2,24.8,28.4,30.7,16.2,17.2,14.1,27.0,26.7,21.8,18.0,28.3,5.0,41.0,29.0,24.0,22.0,30.4,13.7,17.0,10.1,16.8,14.1,7.0,8.0,20.4,21.0,30.0,26.5,12.0,17.2,7.1,24.8,4.1,6.0,12.1,16.0
1772941300.7870603,15.5,15.0,35.6,42.2,16.3,20.8,23.5,12.0,26.7,13.9,18.8,25.5,13.9,10.1,6.1,23.2,4.0,8.1,19.0,25.3,27.0,17.0,11.0,10.1,35.4,34.3,20.2,18.8,13.9,4.0,29.4,32.0,26.5,17.2,16.8,25.0,23.0,5.0,16.0,15.2,1.0,5.1,26.3,14.1,19.2,32.7,18.0,12.9,14.1,9.1,4.0,6.1,12.1,9.1
1772941301.7881894,24.0,22.0,43.9,42.4,4.1,23.2,24.0,16.5,33.3,13.3,22.4,30.7,15.3,13.4,12.1,13.3,15.2,16.0,32.0,24.0,30.0,15.3,22.4,29.3,31.3,36.1,15.3,16.3,21.2,4.1,40.0,39.4,22.4,20.2,18.4,28.0,22.2,5.2,12.0,15.3,2.0,5.1,20.2,18.4,33.3,35.0,13.3,14.4,9.1,24.0,7.1,6.1,12.4,14.1
1772941302.7915564,28.3,25.7,47.0,41.6,5.0,18.8,23.8,15.8,29.0,7.1,30.0,22.0,12.2,8.1,5.9,4.0,12.7,5.0,24.0,21.8,25.7,19.0,17.0,14.1,28.0,32.0,14.9,22.8,28.0,3.0,41.0,34.7,20.8,20.8,14.9,26.7,28.7,8.0,14.0,17.0,3.0,5.0,20.8,18.6,37.3,24.2,18.8,14.7,19.8,18.0,5.0,7.9,13.0,14.1
1772941303.7962978,22.9,18.4,41.4,31.7,1.0,18.2,26.0,11.1,20.0,20.2,31.0,24.2,6.1,3.1,13.3,10.1,13.1,16.2,26.0,28.0,27.3,21.8,14.3,14.1,28.3,29.9,22.0,15.3,14.3,5.1,33.3,26.7,20.2,19.4,11.0,27.3,32.0,15.8,17.0,18.8,4.1,5.1,19.0,21.0,28.0,26.7,14.0,13.1,22.2,23.0,7.1,5.1,12.0,13.9
1772941304.7974744,17.5,11.1,36.0,40.0,3.1,20.8,17.2,20.0,21.2,15.8,28.6,18.8,14.9,14.1,14.3,16.8,8.2,3.1,17.5,19.4,28.0,17.2,12.0,12.2,38.1,36.0,14.0,29.7,15.0,4.0,28.7,15.2,20.2,19.2,28.3,8.2,23.0,19.4,12.0,20.0,3.0,3.1,17.8,21.2,30.0,33.0,14.3,16.0,28.6,23.2,5.1,6.1,18.7,14.3
1772941305.801238,25.5,20.0,43.0,29.0,2.1,25.0,11.2,23.8,27.7,18.0,25.5,28.3,11.1,14.1,13.0,18.2,12.0,9.9,33.3,24.8,24.0,24.0,15.0,15.2,27.3,32.0,18.0,14.1,15.2,3.0,41.6,36.0,17.0,13.0,24.0,22.8,31.7,17.0,11.9,14.1,2.0,4.0,16.2,21.0,19.2,25.7,15.7,13.1,20.8,15.0,3.0,5.1,12.9,16.8
1772941306.8018692,31.3,26.5,44.0,36.0,35.4,8.1,12.0,26.0,17.2,21.4,23.2,26.3,7.1,7.1,14.1,14.1,8.1,12.2,20.4,20.2,23.2,27.3,5.1,9.0,16.3,18.4,22.4,14.0,16.2,4.0,42.6,40.6,4.1,14.1,26.7,14.0,24.0,22.2,16.0,12.9,4.1,3.0,19.2,22.8,35.6,17.3,19.2,14.0,25.0,21.6,5.1,7.1,16.3,13.4
1772941307.8028822,19.6,17.0,36.6,46.5,26.3,10.1,18.2,20.2,15.2,21.2,31.0,27.7,6.1,9.1,15.2,15.0,13.1,10.2,28.4,30.0,11.2,19.0,13.9,15.5,28.3,30.3,22.8,29.3,28.0,4.0,32.3,30.3,19.2,15.2,10.2,27.7,17.2,27.3,15.2,18.0,4.0,4.0,19.0,20.4,20.0,29.0,16.0,14.0,22.2,12.9,4.0,6.1,18.2,15.0
1772941308.8048916,17.3,12.1,36.6,34.7,15.0,30.7,25.0,11.0,17.0,4.0,22.4,25.0,10.1,16.0,16.8,20.2,8.9,14.1,9.0,18.0,14.0,15.2,11.2,15.8,32.7,33.3,14.1,17.2,30.0,2.1,32.7,31.0,16.2,23.8,17.8,26.0,12.1,22.8,13.9,12.0,4.0,5.0,24.0,17.8,33.0,17.0,18.2,10.0,18.0,3.1,4.1,4.0,9.0,16.2
1772941309.8054647,19.2,11.2,36.7,38.2,1.1,24.0,17.2,22.2,22.0,24.0,31.0,27.3,14.0,14.1,15.2,15.8,7.1,12.0,10.1,19.0,16.2,25.7,14.9,9.2,33.3,43.6,25.0,29.6,27.3,6.0,36.6,41.6,19.2,22.2,28.7,13.0,18.2,15.0,12.1,16.0,4.0,2.0,22.0,17.8,25.3,23.2,9.0,19.2,10.0,18.8,7.0,3.0,10.2,15.3
1772941310.8068264,24.0,17.2,40.4,29.6,12.2,23.2,14.3,20.0,16.3,24.0,15.2,17.0,5.1,7.1,17.0,14.0,17.2,12.0,17.0,15.3,23.2,33.0,11.2,15.0,31.7,35.4,22.2,22.0,31.6,5.0,35.4,46.0,23.0,17.2,24.2,15.3,15.8,31.3,13.0,14.0,4.0,3.0,22.8,18.2,21.0,32.7,18.8,14.1,4.1,24.0,7.1,5.1,16.2,16.0
1772941311.8077273,8.2,10.0,37.0,34.0,20.2,34.7,18.8,18.8,14.1,28.7,16.0,29.0,4.0,10.0,17.3,18.2,5.0,6.1,11.2,14.9,8.0,26.0,8.1,17.0,25.5,41.2,18.0,13.1,15.8,2.0,33.0,28.0,18.2,21.8,21.0,18.0,14.0,31.7,10.1,15.2,3.0,2.0,16.0,18.2,23.8,21.2,13.3,13.0,2.0,16.2,3.1,5.1,12.9,14.3
1772941312.8083441,11.0,4.0,39.0,40.2,13.3,28.0,21.0,8.2,21.2,19.2,29.7,22.0,16.8,12.0,13.1,16.0,17.2,17.2,18.2,18.4,21.2,31.0,12.1,15.0,30.0,39.4,24.5,15.0,33.3,4.0,32.7,29.0,20.0,24.5,23.0,27.3,14.0,32.0,13.9,12.0,3.0,2.0,14.1,19.0,23.0,27.7,14.9,13.4,5.1,20.2,5.1,6.1,13.1,15.5
1772941313.8094306,30.9,22.2,34.7,45.5,29.6,40.0,29.3,15.3,26.0,20.2,38.4,19.8,13.0,16.3,15.0,16.8,10.9,7.2,21.0,28.0,16.3,29.4,7.1,11.1,24.2,36.7,22.2,18.0,13.0,5.1,34.7,47.0,20.2,18.8,21.2,18.0,14.3,31.7,14.0,15.8,5.1,4.0,23.2,22.0,27.3,31.3,16.2,14.1,8.1,18.6,5.0,8.2,17.0,14.1
1772941314.809515,27.6,23.5,40.4,32.3,40.0,15.2,22.2,18.0,21.0,24.0,31.0,23.7,5.1,9.1,16.2,17.3,13.1,19.0,24.0,26.0,25.7,23.5,17.0,16.3,25.8,31.0,17.2,21.2,19.2,5.1,39.4,38.8,19.2,22.0,13.0,27.7,18.0,28.3,13.3,14.0,4.0,4.0,17.2,21.2,20.2,30.7,13.1,20.8,21.2,9.2,5.1,4.0,14.1,16.2
1772941315.8103764,16.5,17.0,44.0,32.7,23.5,18.2,22.8,13.3,13.1,20.0,26.3,22.2,12.1,13.1,16.2,17.0,4.0,10.2,22.0,28.0,21.2,23.0,11.3,10.3,35.6,39.0,18.0,18.2,30.6,4.1,32.7,16.2,19.2,20.2,22.2,29.7,18.2,28.7,10.0,17.2,7.0,2.0,19.8,20.0,32.3,21.0,10.2,18.8,18.0,3.1,5.1,5.1,16.3,14.0
1772941316.8106954,21.2,17.2,33.7,40.0,21.0,13.9,21.0,16.0,25.0,15.0,26.0,32.7,14.1,12.2,13.9,14.9,9.1,17.0,27.3,23.2,25.3,19.0,15.2,13.0,25.3,36.4,19.0,19.8,8.1,19.8,31.7,20.8,17.2,25.0,12.1,24.0,12.1,33.3,12.0,13.0,8.2,4.0,20.0,14.3,30.7,22.2,18.0,16.2,23.0,8.1,6.0,2.1,17.2,14.1
1772941317.8123498,31.6,27.6,43.1,37.0,12.5,24.2,20.2,14.3,23.0,20.2,25.0,24.5,8.2,7.1,13.1,17.0,6.1,13.1,27.0,19.0,24.0,23.0,12.1,6.1,20.2,13.1,23.0,21.2,6.9,31.3,37.4,41.4,14.1,20.4,10.1,26.3,20.2,25.0,11.0,14.1,3.1,2.1,21.0,18.6,19.2,34.0,20.2,14.1,19.2,4.0,6.1,5.0,17.0,12.1
1772941318.8129272,22.4,17.2,30.0,39.0,12.0,27.3,13.1,23.8,26.0,13.9,37.0,15.2,4.1,9.1,15.2,20.2,12.0,9.0,26.5,27.7,13.0,26.0,19.0,16.2,31.6,25.5,18.0,15.2,4.0,27.0,37.0,40.6,11.1,10.1,19.8,17.0,23.0,25.0,15.0,12.9,3.0,3.0,19.4,16.0,15.0,25.0,15.2,12.1,19.2,10.0,2.0,6.1,14.0,10.1
1772941319.8142548,21.2,13.1,34.7,43.0,20.4,19.8,23.0,19.0,5.2,17.2,22.2,29.0,11.0,20.2,12.1,10.9,9.0,12.2,18.8,23.0,16.0,15.2,14.1,9.0,38.0,39.2,20.4,21.0,5.1,6.1,33.0,34.7,23.2,19.2,29.7,23.0,9.0,19.0,14.1,14.1,4.0,3.0,19.8,21.0,39.4,33.0,12.0,16.2,19.2,4.1,6.1,8.0,11.2,16.2
1772941320.8143392,32.7,22.4,36.4,46.0,5.3,20.0,18.4,18.4,26.0,19.2,30.0,33.0,11.2,16.2,4.0,4.1,14.3,11.1,33.0,28.3,20.2,26.7,22.2,27.3,24.5,39.8,19.0,21.2,4.0,3.0,30.0,36.4,25.0,21.8,20.0,20.8,5.1,8.1,16.8,16.2,3.1,2.0,20.2,24.0,31.6,32.3,12.2,20.0,16.3,13.1,3.0,5.2,21.2,13.1
1772941321.8154938,25.0,23.0,43.6,47.5,9.1,16.8,22.0,6.0,17.0,18.8,29.3,17.0,5.1,4.0,5.1,7.0,9.1,11.2,20.2,18.0,27.0,18.2,15.2,12.1,12.1,33.0,21.2,16.0,4.1,5.9,38.8,41.6,10.2,23.2,11.1,24.8,5.9,4.0,10.1,10.0,4.0,2.0,17.8,18.0,25.7,19.2,6.0,16.8,3.0,16.2,4.0,6.0,15.0,4.1
1772941322.8226106,20.8,14.0,33.0,44.6,3.1,36.6,24.8,18.0,25.0,15.3,21.8,19.0,6.9,4.0,8.1,4.1,5.0,12.0,25.0,26.0,15.2,25.0,12.2,15.8,27.0,41.0,23.0,22.8,4.0,5.1,32.7,36.0,17.8,25.7,17.8,24.8,13.3,14.1,18.0,15.0,4.0,3.0,22.0,22.8,32.0,28.0,19.0,15.2,2.1,19.0,6.1,2.0,15.0,15.0
1772941323.8226926,24.0,12.2,31.4,45.0,15.2,24.2,25.0,8.2,23.0,24.0,26.0,21.2,17.2,12.0,10.0,9.0,16.2,15.2,22.0,27.0,34.0,24.2,15.8,18.2,31.0,39.0,19.2,18.4,5.0,5.0,15.2,27.5,19.0,20.0,27.6,19.8,8.0,24.0,17.2,15.2,4.0,3.0,20.8,17.3,23.2,23.0,10.3,20.0,17.8,9.2,4.0,6.0,12.4,15.0
1772941324.823541,32.4,19.4,28.3,44.0,19.0,21.0,23.0,19.0,25.7,12.0,32.0,24.2,11.5,15.2,13.1,10.1,12.0,4.0,27.7,21.0,15.2,21.8,9.1,4.1,24.5,25.3,16.2,21.0,5.1,6.1,23.2,32.3,17.2,22.8,11.9,26.3,33.7,13.0,12.2,17.8,3.0,3.0,16.2,25.5,23.0,32.7,14.9,17.2,19.2,3.0,3.0,8.1,16.0,13.1
1772941325.8261063,28.9,24.0,35.4,39.6,17.7,22.2,20.2,15.0,16.2,27.0,24.2,27.0,9.1,9.1,15.0,13.3,8.2,12.0,25.0,26.0,20.2,27.3,19.2,13.1,16.2,22.4,22.0,16.8,6.1,3.1,36.4,23.0,22.0,16.2,18.8,23.8,32.0,16.8,18.8,14.3,3.0,4.0,20.2,20.2,24.0,27.0,22.0,14.0,26.0,3.1,6.0,7.1,14.0,17.8
1772941326.8261929,17.3,12.2,48.5,30.3,22.2,17.8,21.2,17.8,16.3,16.2,32.0,22.2,5.1,6.1,14.3,22.2,9.0,13.3,21.2,16.2,9.9,18.2,10.1,17.0,21.2,23.5,23.2,26.3,5.1,3.0,36.6,17.3,25.3,18.0,14.3,27.0,31.0,15.2,16.8,15.0,5.9,5.0,17.0,23.0,30.0,22.4,12.0,17.2,17.2,5.1,5.1,5.1,17.3,11.2
1772941327.826575,15.2,20.8,41.4,33.7,24.0,16.2,11.9,26.3,20.6,26.3,18.2,32.3,15.0,15.0,15.8,15.2,22.2,13.7,23.0,25.3,10.0,20.0,28.0,19.0,23.5,25.0,17.3,19.2,4.0,6.1,29.3,27.3,18.4,19.2,25.3,19.2,20.8,24.2,13.1,14.0,4.0,3.1,20.2,19.0,24.2,24.0,10.1,20.0,21.8,9.1,5.1,4.1,16.3,12.2
1772941328.8283691,16.5,19.0,42.0,30.7,16.8,24.0,12.2,25.5,20.0,22.8,27.7,30.0,13.1,17.0,13.0,15.0,17.0,18.2,12.1,5.0,11.0,17.0,10.1,6.1,30.3,33.3,25.7,21.2,4.1,4.0,47.0,35.6,23.0,18.0,27.5,13.0,17.0,30.7,16.0,15.0,3.0,3.0,21.6,18.0,29.0,29.4,14.9,18.0,17.2,9.0,3.0,7.0,14.0,14.1
1772941329.8358188,12.5,6.1,40.0,39.6,9.1,33.7,12.9,22.8,27.0,13.0,21.8,20.8,10.2,6.1,17.0,14.1,7.0,9.0,18.0,21.0,16.0,10.1,19.0,19.0,38.6,26.3,18.0,23.8,5.9,3.1,36.6,44.0,18.2,22.2,20.2,21.8,23.0,24.0,17.0,15.2,3.0,3.0,21.8,22.0,28.0,26.3,19.8,14.9,2.0,20.2,12.0,5.2,17.2,14.9
1772941330.8358967,9.1,3.0,37.0,37.0,10.3,24.2,11.2,24.0,28.0,19.8,10.1,15.2,4.1,3.0,20.0,15.3,13.4,13.1,14.3,8.0,16.2,14.1,7.0,15.2,33.3,31.7,19.2,14.1,9.2,5.1,37.0,27.7,15.0,4.0,24.2,22.2,29.0,16.8,11.1,13.7,4.0,4.0,18.2,17.2,22.2,21.8,10.1,12.0,9.1,16.2,6.1,7.0,9.1,12.5
1772941331.8375926,15.2,5.2,30.3,43.6,7.1,32.0,9.9,22.8,11.1,10.1,14.0,19.0,13.9,9.0,13.1,14.0,6.0,9.0,14.1,9.0,11.9,27.7,8.1,10.0,34.3,35.4,19.8,19.8,31.7,4.0,30.7,26.7,14.0,10.1,21.8,16.8,18.0,14.1,18.0,11.1,3.1,3.0,19.8,23.2,26.0,22.4,12.1,17.0,4.0,20.0,6.1,4.0,11.0,15.0
1772941332.8385463,26.8,24.0,33.3,41.4,9.2,16.0,20.0,21.2,20.2,24.5,10.2,21.2,12.0,14.0,15.0,15.8,5.1,12.0,21.8,36.0,17.0,32.3,18.2,11.3,24.5,22.0,13.1,23.0,8.2,6.1,24.0,35.0,16.3,24.0,11.1,27.3,15.0,17.0,16.0,17.2,3.0,4.1,21.0,20.6,29.0,23.5,19.0,12.1,8.0,19.2,4.1,2.1,14.1,11.1
1772941333.839664,25.7,16.3,36.0,43.1,17.3,15.0,11.2,23.0,6.0,35.6,22.2,15.8,8.2,10.3,14.3,15.2,16.0,13.1,22.2,21.4,22.2,20.0,20.2,15.2,30.0,29.6,22.2,18.0,5.9,5.1,36.0,39.0,19.8,18.2,15.8,28.0,25.0,21.2,12.2,15.2,3.0,2.0,18.2,22.0,21.2,31.7,15.0,13.1,5.1,18.0,8.0,5.0,16.2,11.1
1772941334.8428698,20.8,18.8,40.6,31.0,30.7,12.7,18.8,22.3,20.0,24.3,20.0,24.8,6.1,5.9,17.6,20.6,6.0,7.0,29.0,22.5,25.7,25.0,8.2,13.9,26.3,31.0,16.7,19.8,4.0,3.1,37.0,35.6,19.8,18.8,27.0,17.8,32.7,13.9,12.7,13.9,3.0,4.9,20.8,20.2,23.5,24.0,11.0,16.8,10.9,20.2,5.0,3.0,11.0,14.9
1772941335.8472354,28.6,21.2,31.7,48.0,20.6,17.2,9.2,21.4,17.0,18.2,20.8,33.0,11.1,18.4,15.3,14.1,12.1,19.0,18.0,27.3,20.2,13.1,10.0,8.2,32.0,33.7,20.4,17.2,2.0,5.1,31.0,30.7,24.2,12.2,11.1,26.0,31.3,14.3,14.1,12.1,2.0,3.1,17.2,21.2,26.3,24.0,20.2,7.1,2.0,18.8,2.0,5.1,17.3,16.3
1772941336.8473136,30.0,21.4,31.6,40.0,21.4,19.8,21.0,15.0,12.1,33.0,25.0,25.5,11.1,13.1,13.0,13.0,4.1,9.1,26.3,28.7,13.0,15.3,16.2,19.2,27.3,20.2,22.2,14.0,3.1,14.3,28.3,45.5,17.3,21.4,19.8,18.8,32.0,13.1,13.1,13.9,3.0,6.0,20.0,19.4,20.2,24.2,17.2,13.1,12.2,15.3,7.0,1.0,15.2,12.2
1772941337.8481295,16.0,15.0,41.4,32.0,21.4,17.0,23.2,8.2,21.8,20.2,28.3,27.0,6.1,7.1,16.0,13.3,10.1,15.3,18.8,20.8,18.2,28.7,13.4,12.1,33.0,34.7,19.2,16.2,5.1,5.0,37.0,42.9,16.0,23.0,30.3,16.2,30.7,16.2,15.0,11.1,2.0,7.1,20.2,16.8,29.7,23.5,15.2,14.1,18.0,5.0,2.0,9.1,11.1,17.3
1772941338.8511655,28.6,17.3,37.0,45.1,28.3,14.0,17.2,24.8,22.2,23.8,16.0,21.0,11.2,4.1,23.2,16.0,9.1,16.8,33.3,27.0,19.0,32.0,14.7,20.0,35.4,40.4,22.8,22.0,5.1,5.1,39.0,34.7,18.2,22.0,27.7,13.0,18.0,26.7,14.9,17.0,3.0,7.0,20.0,18.2,30.6,31.1,18.2,14.1,23.5,5.2,5.1,5.1,20.0,15.0
1772941339.8512385,26.8,24.0,41.4,44.4,16.5,22.0,15.2,24.8,18.2,19.4,29.3,25.0,10.1,19.0,12.1,16.0,13.0,10.2,20.2,19.4,27.3,20.2,6.3,14.0,37.4,26.3,18.2,19.4,9.1,3.1,22.0,35.4,16.2,24.0,15.2,24.8,18.2,28.0,17.0,13.0,4.0,1.0,15.3,20.8,40.6,33.7,20.0,8.1,22.4,6.1,4.0,5.1,19.2,11.1
1772941340.8518302,21.0,18.6,42.4,44.6,20.4,22.2,10.2,21.0,27.3,16.2,25.3,31.0,13.1,14.3,17.8,13.1,7.1,14.1,25.7,32.0,30.0,16.2,29.6,28.6,21.4,28.3,26.5,17.0,5.1,6.1,29.3,33.7,21.2,20.4,11.1,26.7,17.0,19.2,14.0,14.1,4.0,2.0,22.8,22.8,28.3,31.3,16.0,16.3,21.2,7.1,4.1,5.1,12.1,15.3
1772941341.8577008,20.6,21.8,34.0,41.6,23.0,18.0,12.0,23.3,13.7,22.5,25.0,23.8,4.0,6.0,6.1,11.0,7.0,9.0,19.8,20.8,29.4,14.0,10.9,5.9,31.0,21.0,19.4,16.2,4.0,5.0,34.7,26.3,18.0,20.2,31.7,17.0,5.9,20.6,16.8,13.7,3.0,3.0,16.8,16.2,27.7,21.0,14.0,12.0,18.8,7.0,3.0,4.0,15.0,9.9
1772941342.861879,25.8,22.2,39.6,31.0,1.0,36.0,25.7,10.3,13.0,11.2,20.8,37.4,10.0,8.0,5.1,4.0,17.0,11.0,27.7,22.0,24.2,15.3,15.8,9.3,27.3,19.2,18.2,19.0,4.1,3.1,20.2,18.8,6.1,11.1,29.0,14.9,6.1,7.1,10.2,13.1,3.1,3.0,20.2,20.0,26.3,19.4,15.3,12.9,18.2,8.9,4.0,7.1,16.2,10.1
1772941343.8619623,22.2,17.2,41.0,39.4,3.1,21.0,20.2,16.3,17.5,8.0,25.3,28.0,10.1,20.0,7.1,5.0,11.2,2.0,29.6,21.2,25.3,28.3,9.2,15.0,15.3,25.0,23.2,18.4,4.1,3.0,30.0,11.1,19.0,21.2,12.0,28.3,5.1,11.0,21.8,13.0,4.0,4.1,18.2,24.2,29.7,32.4,21.0,13.0,9.1,12.4,9.0,3.1,17.3,13.1
1772941344.8624358,25.5,14.3,46.0,30.7,11.2,24.0,21.0,21.8,24.8,20.0,27.3,26.0,10.2,12.4,7.1,16.2,16.2,14.0,24.0,19.0,20.0,20.0,5.1,15.2,23.0,17.2,16.3,17.8,4.1,2.0,41.0,32.3,23.2,17.0,13.0,27.0,5.1,22.0,12.1,12.1,3.0,5.0,19.8,14.3,30.3,24.8,14.9,13.1,15.2,15.0,2.0,7.1,16.2,11.2
1772941345.864563,26.3,21.0,43.4,28.7,15.5,26.5,11.1,21.8,21.8,15.2,23.5,28.0,7.0,7.0,8.0,13.3,4.0,9.0,26.7,32.0,26.7,30.7,15.8,18.6,27.0,26.3,16.8,24.0,6.9,4.1,36.4,40.6,21.0,18.8,27.3,24.8,14.9,25.7,14.3,15.0,2.0,5.0,14.1,23.5,26.0,21.2,20.0,10.0,2.0,19.0,5.0,6.1,12.1,17.0
1772941346.8647656,26.5,22.0,34.7,39.0,19.4,21.0,23.2,16.2,26.5,17.0,26.3,26.0,16.3,6.1,17.3,23.2,9.2,15.0,18.4,16.0,13.4,21.2,3.0,5.2,34.0,32.7,20.2,13.0,4.0,3.1,35.4,33.0,15.5,23.2,17.0,24.2,13.3,32.3,11.1,15.2,2.0,4.1,20.0,20.2,20.8,28.0,22.0,10.2,9.1,22.4,3.1,4.1,15.2,10.2
1772941347.8683727,14.4,7.1,32.3,46.5,18.8,22.0,22.8,9.1,21.6,18.0,26.7,25.3,16.0,11.0,14.9,14.1,8.0,12.1,21.0,13.1,19.8,16.2,14.1,18.2,37.4,40.4,22.2,16.8,3.0,5.0,35.3,33.0,19.0,23.0,9.9,32.0,15.0,31.7,14.0,15.0,3.0,4.0,21.8,20.0,26.7,28.3,19.0,13.1,3.0,18.0,3.1,4.0,21.0,12.1
1772941348.870221,13.1,4.0,38.0,30.0,16.2,19.2,21.0,16.0,24.0,17.2,24.2,20.0,9.1,13.3,14.0,14.9,4.0,12.0,17.8,10.9,12.0,19.0,15.2,10.1,30.3,34.7,21.0,18.0,3.0,6.9,23.0,38.2,16.2,19.2,14.1,22.8,14.9,31.0,12.1,11.0,4.9,4.0,14.3,20.2,25.7,19.6,12.1,12.0,9.0,17.2,7.0,5.1,9.0,14.3
1772941349.8702905,15.2,16.3,42.0,36.0,26.3,16.2,24.0,9.2,16.2,24.0,14.1,15.2,7.0,4.1,16.3,21.4,17.3,15.2,11.2,17.0,33.0,20.2,11.2,9.1,33.0,32.7,23.2,19.4,7.1,2.1,35.7,37.4,15.0,23.5,33.0,21.0,18.2,30.0,14.0,16.2,2.1,2.0,21.0,21.0,25.5,27.0,17.2,19.0,2.0,20.0,5.1,4.1,14.4,21.0
1772941350.8725092,14.4,10.1,43.6,31.0,15.3,25.7,26.7,16.0,14.1,12.1,26.0,31.7,10.1,12.1,15.7,14.9,6.1,9.2,15.0,17.3,23.8,17.2,10.1,16.0,22.0,24.2,21.2,20.0,4.1,4.1,28.7,31.0,20.4,21.2,29.1,13.0,18.8,26.0,11.0,15.0,3.0,7.1,20.0,21.0,18.0,31.0,21.8,8.2,17.8,14.1,6.1,4.0,17.2,17.0
1772941351.8729587,11.2,16.5,45.5,30.7,16.3,23.5,18.0,17.0,9.2,14.1,28.0,22.0,14.1,12.2,14.1,13.1,11.0,15.0,15.2,24.0,34.0,20.4,13.1,18.2,32.3,28.0,27.0,18.0,9.1,5.0,42.4,32.3,24.8,22.0,30.3,14.0,24.2,23.8,16.2,16.0,4.1,6.1,21.0,27.0,24.8,31.0,15.3,16.2,21.2,4.1,4.0,8.1,15.0,17.3
1772941352.873038,25.8,18.8,39.4,35.0,28.0,13.0,18.6,15.2,16.8,9.1,25.0,29.6,9.1,11.1,15.3,23.0,8.1,8.2,27.0,30.0,27.7,13.0,18.2,12.2,40.0,23.2,12.4,21.0,5.1,3.1,35.4,42.0,19.0,19.0,20.2,26.3,23.0,23.2,15.7,16.2,6.2,2.0,19.0,20.2,26.3,23.2,10.1,18.0,16.0,12.1,4.1,5.1,17.2,12.0
1772941353.8761733,26.5,23.0,41.6,36.0,22.4,17.8,15.8,20.0,3.1,19.6,23.8,32.7,4.0,7.9,15.8,14.1,11.1,11.9,20.0,21.2,33.0,23.0,5.1,9.1,36.0,31.3,19.8,20.2,6.0,6.0,37.0,39.2,14.1,19.0,19.0,22.5,15.0,30.0,14.1,17.6,6.0,3.0,23.2,15.0,27.3,26.7,15.2,19.0,1.0,18.4,6.1,3.1,18.0,14.3
1772941354.877565,25.3,18.0,40.4,35.0,17.5,9.0,23.8,18.0,20.0,16.2,21.0,29.0,13.3,9.2,14.1,14.0,11.1,15.3,28.0,30.4,25.7,12.0,15.2,16.8,21.2,44.0,21.0,15.8,13.3,5.0,31.0,32.0,10.2,10.1,28.0,11.0,15.2,15.0,13.0,11.0,2.0,3.1,21.0,23.0,24.5,28.3,19.0,13.0,9.0,20.2,5.0,9.1,18.4,15.8
1772941355.8776627,19.6,13.3,45.0,33.0,17.3,13.3,24.2,12.2,21.0,18.2,35.4,19.2,14.1,17.3,16.0,14.0,8.2,9.1,18.2,20.2,25.0,26.3,17.2,9.3,22.7,31.0,20.0,16.2,8.2,6.1,33.0,38.4,21.2,20.2,21.2,26.0,14.3,22.0,12.0,13.3,4.1,3.0,16.2,19.2,27.6,26.3,14.1,13.1,18.6,6.2,4.0,6.1,14.3,14.3
1772941356.8777473,22.9,26.0,26.3,42.4,15.3,25.0,11.1,20.8,20.2,24.2,24.0,28.0,14.1,12.1,22.2,15.3,16.0,16.8,32.0,27.0,18.4,20.2,10.1,19.8,36.4,32.0,19.2,27.0,5.0,6.1,38.4,41.0,17.8,23.2,26.0,20.2,15.0,31.0,15.3,16.2,3.0,3.0,23.0,24.0,23.5,31.0,23.8,7.0,20.2,7.9,4.1,4.1,15.0,13.1
1772941357.8865445,24.0,21.0,36.0,39.6,19.8,20.8,13.0,21.8,22.0,21.8,30.4,21.6,6.1,6.1,14.9,13.9,7.0,9.1,16.8,25.0,32.4,25.0,11.9,6.1,34.7,31.6,16.2,19.0,5.0,4.0,30.7,40.6,14.1,23.8,30.4,9.9,13.9,32.7,11.9,16.8,2.0,4.0,20.8,15.2,36.6,19.0,17.0,12.9,15.7,13.9,5.1,3.0,13.0,13.3
1772941358.8891969,22.0,17.3,44.0,35.0,22.4,19.0,9.1,24.0,10.1,18.0,23.2,25.0,14.1,11.1,14.0,15.0,15.0,14.3,26.0,21.2,13.1,8.0,20.2,13.1,31.3,25.0,18.2,15.2,4.0,6.1,23.2,37.6,17.2,23.2,15.2,27.7,12.1,32.0,17.8,14.0,4.0,3.1,26.3,16.0,34.7,32.3,17.0,13.0,18.2,3.1,5.1,4.1,12.1,16.0
1772941359.8949804,22.0,17.0,46.5,51.5,27.3,13.9,14.0,24.5,12.1,21.0,31.4,27.0,14.0,15.0,17.2,16.7,6.1,9.0,25.0,23.2,20.8,21.0,12.9,14.0,29.0,28.0,26.7,18.2,5.1,5.9,35.0,29.3,15.0,25.0,13.0,26.0,14.9,31.7,13.0,15.0,5.0,3.0,24.2,16.8,34.0,28.7,10.0,20.8,18.0,9.9,4.9,6.1,13.0,15.3
1772941360.8974466,29.9,20.4,32.7,42.0,20.4,16.0,16.2,14.3,13.3,26.0,22.4,19.0,4.1,7.1,18.2,18.4,14.9,19.8,22.0,27.7,22.2,19.8,23.7,24.5,28.3,26.5,21.2,12.0,3.1,4.1,40.2,25.3,14.3,24.8,22.2,27.7,19.2,27.7,15.2,15.0,2.0,2.0,21.2,19.0,25.5,22.2,2.1,21.2,18.8,4.1,6.1,4.0,13.0,15.3
1772941361.8975444,23.7,21.0,42.9,32.0,13.3,27.0,26.0,17.0,27.7,18.0,25.0,15.2,8.1,9.0,14.9,13.3,5.1,8.2,23.2,27.3,29.0,23.2,13.4,6.9,27.1,30.6,22.2,18.2,3.1,4.0,41.0,28.3,20.0,24.0,16.0,23.0,20.0,27.0,12.1,15.2,8.2,3.0,20.6,21.2,27.7,26.0,19.8,14.3,20.0,12.0,8.2,3.1,15.2,19.0
1772941362.9009154,16.8,20.0,47.5,33.7,14.4,26.0,21.6,17.0,21.0,17.0,23.2,25.7,12.0,17.2,6.1,6.0,18.0,11.9,23.2,21.8,27.7,16.2,15.2,16.3,35.3,23.0,14.9,26.0,3.0,5.1,31.0,33.0,4.0,16.0,30.7,12.9,15.0,14.3,13.7,19.6,7.9,5.0,23.8,17.0,33.7,19.8,17.0,16.0,7.1,13.0,7.1,7.0,11.0,17.2
1772941363.9035423,22.9,30.0,37.4,39.0,23.2,14.0,26.3,15.0,27.7,19.0,22.8,31.0,13.1,12.0,6.0,7.0,6.1,9.1,23.8,27.3,31.0,19.8,12.7,12.0,30.0,32.7,24.2,16.8,4.0,3.0,35.6,42.6,5.1,14.1,27.0,18.2,16.8,11.0,17.2,14.1,6.0,2.0,18.4,20.8,32.0,25.3,15.0,13.0,10.0,18.2,3.0,7.1,10.1,15.3
1772941364.9036214,25.3,20.6,33.0,38.0,26.3,15.0,22.0,13.0,21.2,17.2,32.7,23.5,4.1,6.1,11.1,8.1,16.2,9.2,16.0,24.2,30.7,13.1,5.2,9.3,38.0,30.2,18.2,19.4,3.0,6.1,41.0,37.4,9.3,10.0,25.0,15.0,15.3,6.1,13.0,13.1,4.1,4.0,13.0,23.5,26.3,23.0,12.1,20.2,12.2,10.1,2.0,5.2,15.2,13.0
1772941365.9053807,22.8,18.0,27.5,42.2,21.8,17.0,20.8,19.8,22.3,23.8,26.7,20.6,5.0,8.0,5.1,7.0,11.9,5.9,23.0,26.7,18.2,21.8,9.9,17.0,38.0,35.0,15.8,17.0,5.0,2.0,33.7,34.7,9.8,18.0,11.9,27.7,5.0,5.0,16.5,11.9,3.0,3.0,22.8,18.6,29.0,21.2,16.0,12.9,2.0,28.7,5.9,4.9,13.7,13.0
1772941366.9054773,14.3,6.1,35.4,42.0,19.6,8.2,25.0,6.1,16.5,15.2,22.4,27.6,11.0,18.0,8.2,4.0,14.3,13.3,15.3,8.2,27.0,22.2,14.4,10.2,30.6,35.7,25.3,22.4,2.1,5.1,34.0,25.5,19.4,18.4,17.0,19.0,8.0,16.5,10.3,14.3,2.1,3.1,22.2,18.2,19.2,31.0,13.1,12.2,3.1,16.3,3.1,5.1,12.4,15.0
1772941367.9068613,19.4,11.1,39.4,37.4,18.0,6.0,20.0,17.0,17.0,9.0,30.0,16.0,17.3,11.2,10.1,17.3,8.2,7.0,15.0,13.1,20.2,20.0,17.6,18.0,32.7,32.7,23.0,15.0,7.9,5.0,36.0,42.0,20.0,20.2,28.0,25.3,16.2,30.0,14.9,16.0,4.0,3.0,18.2,19.0,24.2,26.5,13.3,21.2,6.0,27.0,3.0,6.1,13.3,10.2
1772941368.9089887,17.3,12.1,46.5,32.4,27.3,13.0,11.2,21.0,15.0,2.0,21.0,17.0,6.1,6.1,17.2,16.0,12.0,17.3,17.0,19.0,27.3,27.6,6.2,9.2,39.0,34.0,20.0,23.8,4.1,4.0,39.4,36.4,24.0,19.0,13.0,25.0,15.0,32.0,12.1,16.8,2.0,4.0,20.2,18.2,28.0,16.0,12.9,18.0,2.0,17.2,5.1,8.0,14.0,16.3
1772941369.9101856,12.4,6.0,34.7,38.0,19.0,21.2,14.9,26.7,9.0,22.2,20.4,11.2,6.1,6.0,13.1,15.0,9.2,10.2,13.3,11.0,14.0,23.2,11.1,19.8,36.4,29.3,13.1,23.0,5.0,5.0,35.6,28.7,17.3,12.0,32.0,11.0,13.3,31.0,11.2,14.0,4.0,3.0,22.0,20.0,21.2,23.2,18.4,12.0,9.0,22.4,7.1,1.0,12.9,19.2
1772941370.91152,23.2,13.4,33.3,45.0,30.9,11.2,10.3,23.8,14.3,22.0,25.7,11.9,17.0,17.0,16.8,14.1,12.1,10.0,22.8,22.0,23.0,20.8,12.1,18.2,24.8,32.0,20.2,20.0,5.1,3.1,37.0,31.0,9.0,16.3,27.3,14.1,14.0,32.0,16.7,14.0,4.0,4.0,20.0,22.0,32.4,22.2,16.0,15.2,19.4,5.0,4.0,6.1,11.3,16.2
1772941371.9134247,28.3,22.0,44.4,31.3,32.7,11.0,13.0,23.0,19.0,25.3,15.8,14.3,11.3,13.1,17.3,14.0,13.0,13.1,14.3,25.3,10.2,12.1,9.2,9.0,31.3,30.3,26.0,15.3,3.1,6.0,33.7,36.4,18.2,23.8,29.7,19.0,16.0,33.3,16.3,16.3,4.0,3.1,23.2,20.2,27.6,27.7,15.0,17.3,13.0,15.3,9.0,5.1,13.1,19.2
1772941372.9140286,24.2,17.7,42.0,29.7,20.4,20.8,23.0,12.2,21.6,20.0,12.1,22.2,11.0,4.1,15.0,20.2,9.1,11.2,28.7,26.0,28.0,26.0,21.8,15.3,31.6,34.7,14.1,19.8,5.0,6.1,30.3,35.0,18.2,23.2,13.0,29.0,19.2,25.0,14.0,14.1,4.0,4.0,19.2,19.0,31.7,26.3,20.0,10.1,5.1,23.0,3.1,2.0,11.1,15.3
1772941373.9211667,24.5,16.8,48.5,30.4,24.5,15.7,30.4,15.0,24.8,20.8,26.7,22.8,8.9,13.9,15.7,14.7,15.0,10.9,22.8,21.8,19.8,20.6,9.0,13.9,27.7,21.0,24.8,21.0,6.0,3.0,33.3,32.4,26.5,15.0,13.9,24.5,14.7,14.9,14.7,20.4,5.0,5.0,19.8,26.5,26.0,35.0,16.7,21.6,13.7,16.8,5.9,6.9,20.0,13.7
1772941374.9214926,27.1,24.0,44.6,31.3,32.0,13.3,10.2,18.6,15.3,19.4,29.3,29.3,14.4,11.3,15.2,14.3,6.2,10.3,29.3,30.0,20.4,34.7,15.6,23.7,23.2,31.0,22.4,23.2,4.1,5.1,37.8,36.4,23.5,19.2,28.0,19.6,13.3,13.1,15.2,15.3,6.1,3.0,19.2,22.0,21.2,34.3,17.3,15.2,16.5,8.2,7.2,2.1,17.2,13.5
1772941375.9215631,26.8,21.4,40.8,32.3,19.8,13.1,27.0,14.1,20.2,34.0,29.6,23.5,13.3,12.2,14.4,24.0,12.0,16.0,18.8,23.5,17.5,27.7,5.1,5.1,38.4,33.7,13.3,20.4,5.0,5.1,39.4,41.8,14.1,20.6,23.5,11.0,14.3,11.2,16.0,17.2,3.1,3.1,27.3,17.2,19.0,27.6,10.3,19.2,17.2,16.2,6.0,4.1,9.2,20.2
1772941376.9264123,19.6,19.8,29.3,44.1,25.0,16.8,21.0,13.9,19.8,22.0,22.3,20.0,6.9,5.1,13.9,15.0,6.9,6.0,22.4,28.7,17.8,31.7,14.7,18.0,30.7,38.6,12.0,23.5,5.0,4.0,37.6,38.2,19.0,23.8,25.5,9.0,13.0,14.0,19.6,12.0,4.0,4.0,21.8,15.0,39.6,32.7,13.7,13.9,3.0,21.0,3.0,6.0,14.0,10.0
1772941377.9276164,28.0,21.0,36.4,46.0,14.4,19.0,23.0,19.2,23.2,28.7,25.0,18.2,11.1,15.3,13.1,17.0,14.1,15.2,27.5,22.8,24.0,22.0,14.1,20.2,19.2,37.4,18.2,19.0,7.2,6.1,33.7,29.3,15.2,23.0,31.3,15.3,34.0,15.2,13.1,17.2,1.0,4.1,18.2,21.4,35.1,28.3,15.2,15.2,8.1,18.4,4.1,4.0,17.0,10.2
1772941378.9295108,26.5,22.7,50.5,43.9,5.0,21.2,8.2,25.0,32.0,16.2,31.0,24.0,12.4,15.2,15.3,21.4,14.3,7.0,26.0,26.3,28.3,27.3,19.4,30.3,30.0,42.0,25.7,22.4,4.1,5.1,44.0,26.0,22.2,17.3,23.0,25.7,23.2,24.2,15.2,14.3,5.1,5.0,21.4,21.0,37.0,22.2,17.3,21.4,10.1,22.4,6.1,4.1,17.3,17.2
1772941379.9321804,20.6,18.2,36.4,36.3,3.1,31.0,18.2,22.2,38.0,5.0,27.3,26.3,10.1,7.1,13.1,13.0,12.0,16.2,23.5,27.0,22.4,18.2,10.2,11.1,35.1,28.6,10.3,23.8,14.1,13.1,38.8,19.2,20.2,21.0,13.0,26.7,27.7,18.8,12.0,14.9,2.0,4.0,21.8,17.8,21.8,27.0,16.0,10.1,14.1,5.1,4.0,5.1,12.0,14.1
1772941380.933911,24.7,16.3,40.0,31.3,20.0,20.2,19.8,12.0,17.0,24.0,27.7,26.5,4.0,6.1,17.0,13.7,5.1,9.1,24.8,21.0,23.8,25.3,17.6,18.0,33.3,36.7,25.0,15.2,4.0,32.0,28.4,23.2,23.0,14.1,28.7,11.0,21.0,15.0,17.0,15.2,3.0,2.0,12.0,24.2,23.8,27.0,17.0,12.9,19.0,11.1,7.1,2.0,9.2,15.2
1772941381.9358687,24.0,25.3,42.4,34.0,18.4,21.0,17.0,22.0,23.0,19.4,21.2,33.3,11.1,14.1,13.1,15.5,16.0,13.0,26.0,30.0,16.0,17.8,14.1,11.1,26.5,23.2,20.2,16.2,6.1,34.3,13.1,28.0,8.0,14.3,29.0,19.2,18.0,13.0,17.0,13.9,7.9,4.1,20.2,22.8,29.4,25.0,11.9,15.3,3.0,19.4,6.1,3.1,14.1,15.2
1772941382.943329,27.5,21.0,37.3,37.5,21.6,20.8,6.1,23.8,21.0,23.8,29.0,30.4,13.7,17.0,21.0,17.0,7.0,9.0,19.0,19.8,19.8,17.8,14.0,13.7,33.3,31.0,22.8,21.4,3.0,33.7,35.6,26.7,23.0,15.7,30.4,14.7,17.0,31.4,17.8,12.9,3.0,7.9,23.8,15.2,27.3,22.0,20.2,11.0,13.0,17.0,5.9,4.0,11.1,13.1
1772941383.9437153,16.8,12.1,38.4,30.6,14.4,20.2,14.0,20.8,15.2,22.2,17.0,30.6,7.2,7.1,14.0,11.0,11.2,15.2,28.0,29.4,22.2,14.0,8.1,5.2,39.2,34.7,17.0,15.3,4.0,25.3,38.4,33.3,23.5,17.2,24.2,10.1,8.0,22.2,13.1,13.3,4.0,4.0,14.3,23.0,26.0,24.2,14.9,14.0,17.2,9.1,5.2,1.0,9.3,14.1
1772941384.9477153,24.5,13.9,46.1,35.6,33.0,10.9,10.0,24.0,22.0,23.8,23.0,32.0,8.1,3.0,7.1,5.0,5.1,8.1,20.8,18.2,36.0,22.2,23.2,20.0,30.7,31.3,26.3,20.0,3.1,38.4,37.6,29.3,24.8,15.2,31.7,10.9,4.1,22.0,16.0,20.6,7.1,3.0,26.0,16.8,31.0,27.5,18.2,18.2,21.2,11.1,3.0,9.2,12.0,15.3
1772941385.9479234,21.2,10.2,33.7,45.0,28.0,11.2,20.2,25.3,12.0,20.0,26.3,27.3,14.3,13.9,6.1,13.0,21.0,12.1,20.4,24.0,25.0,15.3,6.0,10.2,31.3,24.2,23.8,18.0,5.1,40.6,39.6,31.7,23.2,19.0,26.3,23.2,7.1,21.0,15.3,17.2,4.1,3.0,27.0,14.3,30.3,31.0,21.2,11.2,3.1,20.4,5.1,5.1,13.3,21.2
1772941386.9480236,16.0,9.0,30.0,40.0,24.5,15.8,22.5,7.1,5.1,12.1,29.0,20.2,13.0,14.3,6.9,6.1,3.0,7.1,7.0,12.1,30.0,20.0,11.0,15.0,33.3,32.3,17.2,16.3,4.0,28.6,39.4,38.6,17.2,19.4,26.0,10.9,6.0,21.0,11.9,13.0,3.0,2.0,15.2,19.2,22.0,21.4,9.2,12.9,13.9,16.2,4.0,4.0,14.3,12.1
1772941387.950021,16.8,5.0,30.0,45.1,15.0,25.3,21.0,19.8,20.8,24.8,17.3,29.0,6.1,8.1,5.1,6.0,8.9,13.9,10.0,19.0,30.4,9.1,8.9,11.0,37.6,31.0,18.0,14.1,4.0,33.0,26.7,32.3,17.0,18.8,25.7,10.1,10.1,13.1,12.9,16.8,3.0,3.0,16.8,21.0,23.8,29.4,8.1,16.0,6.9,15.0,5.1,1.0,9.9,16.8
1772941388.9516196,15.2,8.1,39.0,35.0,16.3,23.5,18.0,13.1,13.1,26.7,26.0,18.8,8.0,6.0,7.1,11.1,6.1,16.0,17.2,11.3,21.0,20.0,15.0,12.0,28.3,26.7,22.0,18.8,5.9,31.0,22.2,28.0,26.0,19.0,25.7,18.8,24.0,24.8,14.0,15.0,2.0,2.0,22.8,16.7,19.0,28.7,17.8,13.9,13.0,20.2,8.0,5.0,11.1,19.8
1772941389.951696,17.3,18.2,35.7,40.4,15.3,16.3,14.4,23.0,12.1,32.0,16.2,20.2,10.2,14.3,18.2,19.2,7.1,11.5,15.0,22.0,29.6,25.0,14.4,14.3,28.6,25.3,21.4,15.3,5.1,31.3,29.3,42.0,18.4,20.2,22.4,26.3,22.2,24.5,15.3,16.2,5.1,3.0,20.2,12.2,28.6,23.5,13.3,19.2,2.1,19.0,4.2,2.1,10.1,15.5
1772941390.9537017,22.7,18.2,35.6,42.4,9.3,18.0,14.1,25.3,26.0,22.0,27.0,26.5,14.1,14.3,14.0,15.3,10.0,17.8,20.2,29.3,24.8,18.0,13.1,9.1,39.6,33.0,15.8,26.0,7.1,10.0,41.0,41.0,17.3,21.4,15.0,25.0,30.7,16.2,12.9,16.2,3.1,3.1,21.2,24.0,26.7,23.2,17.2,16.8,10.1,20.2,7.0,4.1,14.1,16.2
1772941391.9544985,24.0,22.2,39.8,42.7,15.2,24.2,13.0,26.0,22.0,15.0,22.0,33.0,8.2,9.2,15.2,16.8,9.2,15.3,29.0,26.7,24.2,26.3,15.3,24.2,44.4,31.6,20.6,26.7,6.0,18.0,37.4,40.0,21.4,25.7,20.2,19.8,19.2,14.0,13.3,14.0,4.0,4.0,18.2,22.0,28.0,30.3,17.0,15.3,5.1,23.2,3.0,6.1,15.3,14.4
1772941392.9569583,28.0,23.0,48.5,32.7,26.5,18.8,17.0,23.0,17.2,32.7,26.3,28.0,13.9,12.1,21.0,16.2,9.1,18.0,26.7,23.8,24.2,21.0,17.0,7.1,37.4,22.4,20.8,25.3,30.0,5.0,30.7,31.0,18.8,26.0,30.7,21.2,26.7,19.8,14.7,15.8,5.0,2.0,20.6,24.5,35.4,26.0,18.8,14.0,4.0,19.0,4.0,7.0,21.6,18.6
1772941393.9590318,20.6,16.3,43.4,35.0,33.7,7.1,28.6,14.0,21.2,25.3,31.3,26.3,16.3,11.9,17.0,16.2,14.1,12.1,21.4,27.3,30.0,20.0,21.0,16.0,33.3,34.0,14.3,23.0,30.6,5.1,41.0,37.4,20.4,21.0,13.0,28.7,33.0,14.0,15.2,12.1,3.1,5.0,21.4,18.8,25.3,31.0,23.0,17.0,11.1,21.0,4.1,4.1,13.0,15.6
1772941394.9599717,25.5,22.8,31.3,43.4,38.8,1.0,22.8,11.1,9.1,23.2,32.0,19.8,15.0,9.3,15.8,14.0,13.1,8.0,25.0,23.0,7.0,12.1,12.2,7.2,39.0,34.7,20.0,23.8,33.0,4.0,37.4,45.1,11.0,9.2,14.0,30.4,33.0,15.0,17.0,18.2,2.0,4.1,21.2,18.2,29.7,42.0,13.1,17.3,3.1,20.0,6.1,7.1,18.2,13.9
1772941395.9635446,24.2,23.2,41.4,38.0,20.2,18.8,20.8,22.0,24.0,22.0,27.0,26.5,6.1,20.8,17.2,16.8,11.1,10.2,28.0,24.2,28.0,24.0,21.2,20.0,25.3,38.0,25.3,13.1,11.2,4.1,25.7,37.0,19.0,24.0,20.4,30.6,32.7,13.3,17.0,15.8,5.0,4.0,15.3,24.0,35.0,25.0,18.0,14.0,10.0,20.2,5.1,4.1,15.0,13.4
1772941396.9635925,24.5,19.2,45.0,49.0,7.1,24.2,7.2,21.2,23.8,17.8,20.2,28.0,13.1,31.0,21.0,18.4,12.1,12.0,27.3,26.0,29.3,10.2,23.0,9.0,17.3,20.4,23.2,22.0,4.0,8.0,37.0,30.0,21.0,27.6,28.0,12.0,18.0,29.0,15.0,17.2,3.1,3.1,27.5,18.2,27.6,26.5,16.0,17.2,4.1,18.4,6.1,3.1,10.2,21.2
1772941397.9646938,28.6,19.2,42.6,32.0,3.1,22.8,23.5,14.9,25.0,17.2,26.3,28.3,13.0,14.3,13.1,14.9,8.1,14.1,18.0,27.3,35.6,18.0,18.8,16.3,33.3,30.0,20.0,18.0,2.0,31.3,43.1,37.4,21.2,16.2,25.7,14.9,20.2,22.8,13.0,12.9,3.1,2.0,20.8,22.5,16.8,34.0,18.4,16.0,8.2,18.2,5.1,5.0,20.0,14.1
1772941398.9655178,30.3,21.2,42.0,34.0,10.1,16.2,21.6,7.1,3.1,18.0,22.0,33.0,5.1,7.0,15.2,14.3,11.0,15.0,30.3,27.7,24.8,18.2,16.3,18.2,45.0,33.3,27.3,17.2,5.1,39.6,47.5,33.7,26.0,17.0,31.3,11.1,32.7,16.8,15.2,13.1,5.1,2.0,21.2,19.2,27.0,32.0,14.0,18.2,10.0,22.2,3.0,6.1,15.0,17.3
1772941399.9661386,26.3,21.4,40.4,31.7,5.1,20.0,21.0,19.2,16.2,19.2,14.1,19.0,10.9,6.1,20.2,16.0,7.1,10.1,17.8,21.4,35.0,14.0,7.1,9.0,20.4,32.3,23.0,17.2,3.0,29.3,21.2,34.3,21.2,15.2,28.4,18.2,30.7,13.3,11.9,16.2,1.0,3.0,13.3,24.0,16.0,25.3,10.1,13.9,3.0,17.0,2.0,5.0,12.0,9.0
1772941400.966218,19.2,14.0,37.8,38.0,3.0,19.0,22.0,6.1,13.1,25.0,18.2,14.1,13.3,13.3,16.2,13.0,8.0,14.0,29.7,27.0,22.2,15.3,8.1,15.2,15.6,36.4,19.4,15.0,6.0,6.1,31.0,27.0,21.0,20.2,23.2,12.1,20.0,27.7,14.1,17.0,4.0,3.0,23.0,19.0,32.0,21.0,18.0,10.2,8.2,21.0,3.0,6.1,14.3,12.2
1772941401.9663017,24.2,18.4,42.0,27.3,13.5,20.0,24.5,14.0,17.5,29.7,33.0,23.2,11.2,12.0,16.0,12.1,11.1,7.1,22.2,19.8,31.0,18.2,6.1,12.0,42.6,26.3,20.0,19.8,4.0,4.0,32.3,36.0,6.2,18.2,26.0,17.8,18.2,27.3,12.1,14.0,2.0,3.1,21.0,18.0,27.6,23.0,19.0,14.1,3.0,20.0,4.1,3.1,15.0,10.3
1772941402.966385,29.6,19.2,37.0,36.0,13.0,26.3,21.0,13.0,12.0,25.0,29.0,24.0,4.0,5.1,15.0,15.0,16.0,12.0,28.6,25.3,20.2,21.0,17.2,19.4,45.5,42.4,19.0,19.2,5.0,3.0,36.0,43.4,14.1,8.0,16.0,25.7,16.2,22.2,17.2,13.1,4.1,5.1,22.2,20.4,28.7,21.0,13.1,15.2,9.1,19.2,2.0,5.9,16.2,14.1
1772941403.9664772,27.3,21.0,37.4,37.0,12.1,28.3,23.0,19.0,17.0,29.7,29.0,19.0,10.2,14.1,21.2,15.3,10.1,6.1,20.2,22.2,24.8,24.2,9.1,13.9,29.6,38.0,18.2,18.0,3.1,3.1,32.7,30.7,9.1,10.0,22.8,31.6,14.0,22.0,17.2,12.0,4.1,2.0,15.3,22.2,24.2,21.0,18.2,12.0,2.0,20.2,1.0,7.1,14.9,12.1
1772941404.9665563,9.3,4.1,41.4,30.0,21.4,18.6,14.0,20.0,13.3,22.0,33.3,24.0,15.2,14.1,12.1,12.1,13.1,14.1,18.0,19.0,24.0,15.2,16.2,10.2,24.2,28.7,21.2,15.2,4.0,7.0,41.4,34.0,7.1,14.3,12.1,29.7,6.1,24.8,16.2,14.1,3.0,3.1,17.0,23.5,31.6,22.2,10.1,21.8,10.1,18.2,6.1,5.1,17.3,12.2
1772941405.9689052,15.0,14.9,36.6,34.7,2.0,16.0,23.5,12.9,9.9,30.7,16.0,30.0,7.9,9.0,6.0,2.0,8.8,6.0,13.0,13.0,17.6,14.9,10.0,6.1,25.0,29.7,23.8,12.9,3.0,4.0,40.6,37.0,6.9,15.8,10.0,26.7,4.0,21.8,13.7,13.7,5.9,2.0,18.0,16.0,25.5,20.8,15.8,10.0,2.0,19.8,5.9,5.9,9.1,13.0
1772941406.9711394,13.7,17.3,45.0,34.7,11.5,24.2,6.1,25.7,11.2,29.3,22.2,31.3,5.2,8.1,7.1,6.1,13.1,18.4,15.3,14.3,14.3,13.1,28.3,16.3,42.4,32.0,21.2,18.2,30.3,4.1,36.0,38.4,20.2,22.4,18.8,31.0,7.1,24.0,14.1,18.4,2.1,4.1,23.2,23.2,24.5,31.6,14.1,16.3,9.2,19.4,2.1,7.1,11.1,15.5
1772941407.9729462,16.7,8.2,42.0,31.7,18.8,20.8,27.7,15.3,18.8,26.0,15.0,14.0,13.0,11.1,12.0,6.1,10.1,8.9,13.0,15.0,35.6,20.2,12.1,6.0,26.3,24.8,20.0,18.2,35.0,4.0,29.7,30.7,17.2,24.2,19.8,22.0,5.0,22.8,14.1,13.9,5.1,3.0,19.6,24.0,34.7,18.8,18.8,12.9,2.0,19.8,6.9,3.0,15.2,15.0
1772941408.9754345,15.8,4.1,41.0,34.3,19.4,22.0,21.2,13.1,20.0,16.2,19.2,21.8,14.1,15.0,4.0,6.1,14.0,14.1,10.0,19.2,26.0,15.3,17.8,12.1,32.7,15.3,23.2,16.2,16.2,4.0,33.0,40.0,18.4,20.0,18.0,22.2,12.0,20.0,18.8,14.0,3.0,7.1,23.0,20.0,29.3,29.3,19.2,11.1,10.2,20.2,5.1,4.1,14.3,17.0
1772941409.9761186,18.4,17.0,41.7,33.0,23.5,19.8,27.0,12.0,6.2,22.8,17.2,12.1,8.1,8.2,10.2,7.1,9.2,13.1,20.6,19.2,32.3,20.0,14.3,12.2,25.5,38.4,19.2,22.2,8.2,3.1,44.4,36.4,20.0,16.3,26.0,12.0,26.3,16.3,11.2,13.3,2.0,9.0,24.2,17.3,25.3,27.0,15.2,20.0,13.9,11.1,5.0,5.2,15.2,12.2
1772941410.97733,26.5,24.2,42.6,30.0,21.4,17.0,24.8,6.1,16.0,22.0,18.8,18.2,8.1,9.1,17.2,22.0,9.9,16.2,25.7,22.2,28.7,20.0,15.0,19.0,32.0,39.2,19.2,21.0,8.1,4.0,35.6,35.4,15.3,9.1,25.0,22.8,27.3,19.0,13.9,14.7,5.0,3.1,21.0,16.8,24.0,16.0,9.1,21.0,18.2,10.1,4.0,6.0,13.0,13.3
1772941411.9777758,19.6,18.0,39.0,34.7,16.3,26.0,19.2,20.8,21.2,20.0,14.0,20.6,20.0,10.0,15.8,14.1,10.2,12.1,27.3,27.3,22.2,24.8,12.1,6.1,28.0,40.0,19.8,19.2,4.0,5.1,20.0,30.7,28.0,15.0,22.0,21.0,24.0,23.8,14.1,17.2,1.0,4.0,16.2,27.7,25.3,28.0,17.2,17.2,9.1,11.5,4.1,5.2,16.3,18.0
1772941412.979594,18.9,16.3,36.0,42.0,17.0,13.0,5.1,23.8,20.0,26.3,26.7,29.0,15.0,11.2,13.0,13.1,7.1,6.9,22.0,18.0,19.0,19.4,9.1,8.0,17.2,28.3,19.2,16.8,4.1,2.0,28.0,37.0,23.0,17.3,22.2,15.0,30.7,13.3,14.0,13.0,4.0,3.0,16.8,19.2,27.0,29.0,14.0,11.2,11.0,17.0,6.1,2.0,13.0,14.3
1772941413.9801428,26.5,24.0,32.3,46.0,10.3,19.2,11.2,30.0,18.0,21.0,25.5,31.6,6.2,3.1,14.3,21.8,14.3,14.3,28.0,31.7,18.2,31.7,17.3,20.4,30.3,42.6,18.2,17.3,5.1,5.1,44.6,35.4,22.2,18.0,31.0,13.1,13.3,13.3,14.1,18.2,4.0,3.0,20.0,22.2,31.7,32.3,11.1,22.5,6.1,24.8,6.9,6.1,14.3,16.0
1772941414.980226,25.3,23.0,35.4,39.0,12.0,18.8,16.2,22.0,27.5,19.2,24.8,24.0,8.1,19.2,18.2,14.4,11.9,3.1,19.0,18.4,15.0,25.3,9.1,9.3,43.9,22.9,21.4,19.0,4.0,5.1,33.3,34.0,19.2,20.2,32.0,16.8,29.4,17.2,13.9,16.0,3.0,4.0,21.2,20.2,27.6,42.0,15.0,16.3,20.0,3.1,2.1,6.1,16.0,14.1
1772941415.9843175,21.0,18.4,45.0,51.0,12.4,17.2,12.0,22.8,20.2,25.0,27.6,29.7,14.1,12.1,14.1,12.0,15.2,14.1,29.0,27.0,25.7,29.0,27.0,20.0,26.0,37.4,18.0,21.2,2.0,6.0,34.0,35.0,27.0,16.2,24.0,13.1,32.0,16.0,20.0,15.0,3.0,5.1,23.8,16.8,24.8,26.5,15.0,11.1,19.0,11.0,3.0,7.1,18.2,12.1
1772941416.9871159,27.1,21.8,44.0,34.0,9.4,17.6,24.5,16.0,27.7,10.1,27.0,18.0,8.1,5.1,15.8,17.0,7.0,7.9,24.0,16.8,15.2,22.8,11.2,17.0,23.8,24.2,22.5,16.0,10.9,4.9,43.6,34.3,22.0,18.8,9.9,28.7,32.0,15.0,14.9,15.8,3.0,5.0,14.3,22.0,23.0,23.2,13.1,15.8,22.0,5.0,4.0,6.1,13.0,14.0
1772941417.9882421,27.6,22.4,38.0,39.0,19.0,19.2,24.2,12.2,31.0,18.0,18.2,20.4,13.0,8.1,17.3,21.4,14.4,14.0,27.3,36.4,25.0,19.2,20.2,15.2,30.6,45.0,19.4,21.0,35.0,3.1,40.0,41.0,14.1,10.1,26.0,26.3,34.0,14.3,11.2,22.4,3.1,5.1,24.2,24.0,23.2,31.6,14.1,21.2,20.4,8.2,4.1,5.1,12.4,18.2
1772941418.992904,19.2,14.9,30.0,41.4,19.6,21.0,24.5,16.2,11.0,24.8,27.7,26.7,14.1,13.0,15.8,12.9,9.0,9.2,16.8,23.0,12.1,13.1,5.0,8.1,28.3,38.0,19.6,17.2,33.0,5.0,22.2,33.0,13.0,6.1,24.8,10.0,31.0,15.7,16.8,17.8,4.0,3.1,18.8,20.0,23.8,28.0,11.9,16.0,20.0,9.1,3.0,4.1,16.0,13.0
1772941419.994297,21.6,22.2,34.7,41.2,27.6,14.7,25.3,14.0,24.0,20.0,28.0,20.4,13.0,14.3,16.0,12.1,12.0,15.8,23.2,26.0,21.0,27.0,13.0,19.0,21.2,23.2,16.2,20.0,34.7,6.1,41.6,27.7,3.1,16.2,24.0,13.9,25.0,19.2,14.0,12.0,1.0,3.0,21.4,17.2,27.3,22.0,12.1,17.2,18.8,4.1,6.0,3.1,11.1,19.2
1772941421.0002027,29.6,17.3,29.6,43.0,30.7,13.0,21.0,17.8,23.8,16.0,33.0,26.5,6.1,4.0,21.0,18.0,10.0,8.1,20.0,30.7,17.2,31.7,16.2,12.1,37.8,41.6,18.4,23.5,35.3,4.0,42.0,41.2,4.0,17.2,30.7,22.8,29.7,16.3,16.8,15.2,4.0,3.1,18.0,22.0,24.0,25.7,13.0,16.0,15.2,14.9,3.1,7.1,16.3,13.0
1772941422.00028,23.5,19.2,31.0,47.0,23.7,21.4,24.0,17.3,16.2,16.2,28.0,24.5,9.1,18.4,17.0,14.1,15.3,7.1,24.5,20.2,15.3,25.3,9.2,13.1,36.4,34.0,25.0,19.6,21.6,8.0,42.0,36.7,19.2,19.4,13.0,25.0,23.5,21.2,13.0,16.8,2.1,6.0,25.0,16.0,29.3,29.3,16.2,17.2,3.0,22.2,3.1,7.1,17.2,10.3
1772941423.0016725,19.6,20.2,29.3,45.0,15.0,12.1,16.0,16.3,17.2,16.2,25.0,27.7,12.1,14.3,13.1,14.9,14.1,9.0,25.7,30.0,19.6,30.0,11.1,20.0,37.6,33.0,21.4,20.2,3.1,9.2,29.3,32.7,28.3,22.0,25.0,26.0,33.7,17.8,16.2,15.3,3.0,5.1,24.2,22.0,24.8,33.0,9.2,20.4,21.2,8.1,7.9,4.0,13.1,16.5
1772941424.0030181,24.5,18.2,40.0,39.0,18.2,23.0,20.4,20.8,19.0,27.0,27.6,28.0,7.1,8.1,15.2,16.3,14.0,7.1,21.2,23.5,14.3,28.7,10.2,13.1,26.5,30.6,15.2,26.0,6.1,3.0,35.3,37.0,24.2,25.3,19.0,31.0,16.2,16.0,12.0,17.0,4.0,4.0,19.0,27.6,32.0,25.3,14.1,20.0,20.2,8.1,5.1,15.5,16.0,22.0
1772941425.0043514,17.3,12.0,31.6,41.0,19.2,20.0,14.9,19.0,21.0,26.7,24.8,27.0,10.2,6.0,22.8,14.1,16.8,10.9,16.0,21.8,20.8,24.2,14.0,17.0,32.7,32.0,16.2,18.8,6.0,3.0,20.4,38.0,20.0,20.0,21.2,29.0,14.0,23.0,11.0,14.0,4.0,3.0,17.8,22.0,27.7,26.0,14.9,13.9,15.0,8.0,5.0,33.7,15.2,12.1
1772941426.0053883,14.0,5.1,33.0,45.5,18.6,23.0,23.0,17.2,15.2,24.0,27.6,24.0,10.2,16.3,14.1,13.0,7.0,6.1,6.1,12.1,4.1,10.1,5.1,13.1,39.4,33.0,12.2,25.0,11.2,3.0,28.0,35.0,19.4,20.8,12.1,25.7,21.0,8.1,13.0,14.1,4.0,2.0,18.2,22.0,26.3,27.3,18.2,10.1,22.4,8.2,5.1,21.2,10.1,14.1
1772941427.006514,16.2,5.1,45.5,26.3,22.4,19.2,21.8,14.3,26.3,15.0,28.7,23.0,15.8,11.0,9.0,7.0,20.0,10.0,21.6,15.0,19.0,11.0,11.0,17.0,35.4,26.3,14.0,23.2,27.0,3.1,30.0,31.0,18.2,15.3,25.5,16.2,22.0,6.1,20.0,15.8,4.0,4.0,20.0,23.8,28.0,21.2,18.8,13.1,21.8,3.0,4.0,5.1,18.0,11.3
1772941428.0104618,13.4,15.2,42.0,27.5,22.2,20.8,23.0,17.8,19.0,23.2,17.0,23.2,4.0,7.0,24.2,6.0,11.9,2.0,10.2,7.0,14.0,10.0,11.1,15.2,18.0,21.0,18.0,16.8,5.0,4.0,37.0,41.0,6.9,10.0,25.0,16.8,21.0,7.0,11.0,13.0,4.0,4.0,14.0,20.0,19.0,27.7,9.2,17.6,19.2,8.1,3.1,3.0,17.0,12.7
1772941429.011352,27.0,15.3,29.3,41.4,15.2,25.0,21.2,11.3,19.0,23.0,21.0,16.2,8.2,10.1,18.0,7.2,17.2,11.1,20.0,19.4,15.0,14.0,15.3,11.1,30.3,37.8,18.4,20.0,4.1,5.0,39.4,42.6,25.0,18.2,30.0,16.3,23.0,5.1,15.2,12.2,3.0,5.1,22.4,18.4,25.3,31.0,14.1,19.6,12.1,13.3,6.1,3.0,19.4,7.2
1772941430.014098,20.4,17.0,49.5,36.3,18.4,23.8,20.8,25.5,12.1,25.0,29.7,29.0,20.0,15.2,6.0,4.0,5.0,14.0,23.0,28.0,28.3,17.3,7.1,15.2,26.5,43.6,16.8,22.8,5.1,3.0,36.0,31.7,23.2,17.2,28.7,11.0,18.0,16.2,14.0,11.9,3.1,1.0,23.3,19.6,27.3,32.0,18.6,12.0,9.9,21.0,5.0,5.1,15.2,14.1
1772941431.0156367,31.7,24.2,43.0,31.6,24.2,22.2,25.5,10.2,16.8,33.0,25.0,25.0,13.1,10.1,14.1,11.2,12.1,12.0,23.2,26.7,16.8,23.0,11.1,16.2,20.0,20.4,20.2,19.4,4.1,5.2,32.3,34.0,28.0,16.8,15.0,26.7,19.2,26.7,13.1,11.0,4.0,6.0,22.2,22.2,29.7,28.0,17.3,15.3,1.0,22.2,6.2,6.0,13.3,18.2
1772941432.0159955,25.5,23.2,40.6,34.3,10.4,28.0,15.0,27.3,25.0,13.0,29.6,30.0,10.2,3.1,19.2,18.0,13.3,8.1,25.3,25.7,27.0,27.3,12.0,19.2,32.0,31.3,19.2,20.6,5.0,7.1,46.0,32.3,23.0,18.2,18.0,29.0,26.7,20.0,18.8,15.0,4.1,3.1,19.0,21.8,26.5,23.5,15.8,19.8,10.1,22.0,6.0,5.1,22.8,14.0
1772941433.017456,21.2,13.9,38.4,40.2,21.4,17.0,19.0,22.5,22.4,17.0,26.5,29.7,11.0,16.2,15.0,18.0,14.1,9.1,22.8,19.0,21.2,17.2,4.0,12.0,42.0,28.6,20.2,20.2,3.1,5.1,40.6,40.2,26.0,14.1,12.1,30.0,20.0,26.3,19.8,12.0,4.1,4.0,21.0,20.4,37.4,33.7,15.2,17.3,8.1,19.4,4.0,6.1,18.2,12.4
1772941434.0183046,26.3,24.5,45.5,39.4,6.2,21.0,18.2,14.0,18.8,19.2,29.6,21.2,13.1,16.3,15.2,14.1,16.2,8.2,27.0,30.3,14.1,21.0,20.2,24.2,29.3,42.9,19.2,23.0,6.0,3.0,22.4,38.4,13.1,28.0,10.0,28.3,20.4,26.0,13.3,10.2,4.0,3.1,24.7,14.3,30.6,30.9,14.3,18.0,6.1,19.4,4.1,6.1,13.3,13.3
1772941435.019309,24.0,22.8,54.0,34.7,22.4,16.0,26.3,17.2,16.0,21.8,21.0,27.7,5.1,7.1,15.2,15.8,11.9,7.9,19.0,23.0,14.1,26.0,16.5,18.4,26.5,22.0,20.2,15.0,5.2,3.0,36.0,38.0,18.4,20.0,13.1,25.0,15.0,26.0,17.0,13.0,2.0,3.1,23.8,18.2,21.0,32.4,13.1,17.2,16.2,12.1,4.0,4.1,16.2,10.1
1772941436.023257,21.2,18.8,36.0,37.3,25.0,18.8,25.5,7.0,20.0,25.0,13.9,15.2,6.0,7.0,21.6,14.1,11.2,11.0,25.7,26.0,28.7,23.8,14.0,12.0,22.8,39.6,15.8,19.0,4.0,3.0,27.3,37.6,23.5,15.2,30.4,19.6,14.9,12.0,16.0,13.0,3.0,3.9,22.0,18.8,26.5,28.3,8.0,19.8,21.8,3.0,6.0,5.0,10.1,18.2
1772941437.0233433,15.6,12.1,34.7,35.0,32.7,10.1,21.2,16.0,10.1,27.7,23.0,13.0,15.0,12.1,14.0,15.0,8.1,4.1,25.0,19.0,22.8,18.2,13.0,6.1,35.4,27.6,19.2,18.0,3.1,4.0,34.7,24.2,17.2,20.0,22.8,12.0,22.2,20.6,16.2,16.0,4.0,4.0,17.8,17.8,21.6,30.0,20.2,11.1,19.2,10.1,4.0,3.1,15.0,12.0
1772941438.0274143,26.8,29.3,33.3,34.7,33.0,10.1,22.0,6.0,13.1,32.7,15.2,11.0,15.2,12.4,12.1,16.0,17.8,12.0,22.0,20.2,32.7,19.2,15.0,16.2,30.3,29.3,21.0,20.0,4.0,4.1,32.7,34.7,23.5,22.5,14.3,27.0,31.0,15.2,15.8,16.0,2.1,2.0,22.2,19.2,23.8,20.2,15.0,13.1,14.1,6.1,6.1,5.0,14.0,9.1
1772941439.0319498,26.0,20.4,38.4,39.0,24.2,17.0,25.3,18.4,19.0,16.2,20.0,20.4,4.1,7.1,19.2,17.2,5.1,13.0,25.3,30.7,25.3,13.3,16.3,14.9,39.4,38.4,21.0,17.3,5.1,5.0,36.4,44.6,20.0,9.3,21.0,28.0,32.0,16.0,16.0,16.8,3.0,5.0,22.0,18.0,26.0,29.7,15.0,17.6,19.2,9.2,7.0,2.1,17.2,11.1
1772941440.0333424,20.2,14.1,41.6,28.0,9.3,25.3,7.0,25.7,19.0,20.2,14.3,18.6,10.0,10.0,17.8,16.2,12.1,20.8,22.8,21.8,31.3,23.5,7.1,9.1,35.3,31.0,18.0,13.1,5.0,4.0,40.2,39.6,11.2,13.9,17.8,21.2,32.7,14.0,12.1,14.0,3.0,3.0,16.0,21.8,29.7,18.0,13.1,14.1,2.0,20.0,1.0,6.0,16.8,10.1
1772941441.0393672,27.7,19.8,28.3,43.0,3.1,18.8,15.2,23.8,16.2,19.0,28.0,31.0,18.8,10.0,14.0,14.1,9.0,3.0,29.0,24.5,11.9,8.1,12.2,16.0,28.3,27.8,23.0,17.8,5.1,3.1,34.3,31.7,23.5,17.2,29.0,12.0,30.7,14.9,14.0,16.0,4.1,3.0,18.0,21.0,27.7,27.0,18.0,10.0,21.0,10.0,4.0,5.1,10.1,16.2
1772941442.0394511,22.7,25.3,34.0,38.6,7.1,18.0,15.0,15.0,23.8,24.5,21.2,25.5,15.2,12.2,18.2,13.0,13.1,17.2,23.2,16.2,13.1,22.0,10.2,12.1,15.5,28.0,19.2,22.0,3.1,6.9,34.0,32.3,21.6,16.0,12.0,28.0,22.2,21.4,14.1,13.1,2.0,3.0,16.2,24.2,20.4,23.2,13.3,18.0,18.0,1.0,3.1,6.0,5.0,19.2
1772941443.0395336,18.4,17.2,34.7,39.0,22.2,18.0,23.2,17.0,7.1,26.3,21.2,28.3,5.1,4.0,20.0,19.0,6.1,6.1,28.3,28.0,9.1,16.0,8.9,13.0,17.0,33.0,15.2,18.2,5.1,3.1,32.7,43.6,23.0,15.2,20.2,28.0,14.0,30.7,13.1,12.1,3.1,4.0,20.2,16.2,22.2,30.7,13.0,13.1,10.1,20.0,5.1,4.1,13.1,13.3
1772941444.0408525,9.1,3.0,39.4,35.0,29.6,22.2,10.1,23.0,18.2,13.0,18.0,23.0,7.1,9.2,13.1,13.1,16.8,13.1,15.0,12.9,12.0,21.2,11.2,15.2,33.3,32.0,17.0,22.0,3.1,3.1,38.4,40.8,24.0,21.8,26.5,11.1,24.0,21.4,12.1,16.8,4.0,2.0,18.0,21.8,25.7,27.0,11.2,18.0,3.0,18.8,6.0,2.0,13.4,15.0
1772941445.0417614,18.2,10.0,37.6,38.2,35.6,14.7,17.0,17.8,7.0,18.2,23.8,16.0,16.2,11.1,14.0,14.7,9.0,7.8,20.8,16.0,15.0,15.2,5.0,15.0,42.6,27.3,20.2,14.1,4.0,4.0,24.0,36.6,17.0,21.4,28.7,12.9,26.7,19.0,12.7,13.1,5.0,4.0,21.8,14.0,17.8,34.0,15.7,15.7,4.0,21.2,6.0,2.0,12.9,14.1
1772941446.0430753,18.8,9.3,32.7,46.5,19.6,28.0,17.0,13.3,21.2,27.3,20.2,26.3,11.1,14.1,16.2,16.5,9.2,11.2,9.3,13.4,16.3,25.0,20.4,24.2,33.3,27.0,24.0,21.2,5.1,4.1,35.4,37.6,15.5,22.2,24.0,12.2,24.2,11.2,15.0,14.1,2.1,3.1,25.3,21.0,24.5,27.8,15.2,14.3,9.1,20.4,5.2,3.1,13.3,16.3
1772941447.0464149,16.7,10.1,46.6,33.7,24.8,17.0,16.2,25.5,21.0,35.3,26.7,31.4,6.0,5.1,11.1,17.5,14.1,11.1,13.9,17.0,25.7,31.0,6.0,6.0,27.3,28.0,19.2,16.2,3.1,4.0,38.0,31.3,19.8,22.8,29.0,22.5,6.0,5.1,10.0,12.0,4.0,4.0,21.6,20.0,34.0,21.8,11.1,18.6,5.0,18.2,5.0,5.0,19.0,13.0
1772941448.0530066,18.6,5.0,44.9,33.0,15.3,25.7,15.0,18.2,17.3,23.8,23.2,25.0,6.1,15.8,5.9,5.1,8.0,10.0,17.3,9.1,24.5,12.1,13.9,17.2,31.0,41.0,20.8,19.0,5.1,4.0,37.0,19.0,22.2,17.2,13.0,24.2,4.1,21.8,16.0,13.0,2.0,5.1,21.2,16.0,24.2,32.7,15.0,13.3,21.0,5.0,6.1,4.1,11.2,15.2
1772941449.0548012,29.9,21.0,44.0,32.3,31.3,1.0,23.0,12.1,15.0,22.0,35.0,22.2,12.1,14.1,7.1,4.1,11.2,13.3,21.0,24.8,28.3,18.0,8.2,16.0,31.3,32.3,16.2,19.0,4.0,5.0,32.7,25.3,22.0,17.2,11.9,30.7,5.1,21.0,17.0,17.0,3.1,3.1,19.0,25.3,27.7,27.7,16.8,16.8,20.0,7.0,5.1,14.3,14.0,15.2
1772941450.0554264,25.5,23.5,41.0,31.4,20.8,1.0,23.5,11.1,16.0,29.7,27.0,19.0,12.9,9.0,5.1,3.0,6.1,8.9,31.0,20.2,13.0,5.1,11.1,11.3,14.0,19.2,23.0,16.2,3.1,4.1,37.0,36.3,20.2,16.2,11.9,25.7,5.9,22.8,13.9,16.8,2.0,4.0,16.2,22.5,22.0,25.0,18.0,9.3,19.2,32.3,5.1,13.1,16.3,10.9
1772941451.056326,22.2,20.0,41.0,36.0,21.2,16.3,21.8,11.0,11.2,28.3,25.7,34.3,6.1,6.1,12.1,5.2,18.0,15.0,18.0,23.0,19.2,27.3,13.1,18.0,16.2,21.2,19.0,18.2,4.0,3.1,40.4,40.4,11.1,13.1,21.4,31.3,10.1,23.0,16.2,13.9,3.1,5.1,20.2,23.2,37.4,21.2,16.8,21.0,11.1,16.2,6.2,32.3,16.3,11.2
1772941452.0564075,25.0,15.2,44.0,33.0,16.5,23.0,22.8,16.3,26.3,20.0,18.6,30.6,13.3,14.1,12.1,9.2,4.0,14.4,30.7,29.0,17.0,29.0,6.1,13.1,27.3,21.4,21.4,25.3,7.0,6.9,36.4,38.2,22.2,13.3,14.0,29.0,16.3,30.3,16.2,15.0,3.0,17.3,17.3,24.0,25.0,25.3,21.4,14.1,19.0,10.1,6.1,13.3,16.3,16.0
1772941453.0583563,24.2,27.0,49.0,29.3,22.7,17.6,25.3,17.6,26.5,15.0,27.7,26.0,14.1,13.1,14.1,17.6,11.1,19.8,20.2,21.2,29.3,25.0,17.2,18.2,32.0,29.3,16.0,23.0,5.1,5.0,32.0,35.4,23.2,20.0,20.2,21.8,15.0,33.3,19.8,18.0,4.0,41.0,22.8,20.2,38.0,33.0,18.8,18.8,15.0,17.0,10.0,5.0,23.0,15.2
1772941454.0603657,28.0,22.4,50.0,46.0,23.8,19.0,21.4,9.3,17.2,27.3,23.2,30.3,11.2,10.2,24.0,15.3,8.1,5.2,26.7,35.6,28.0,12.1,18.0,12.1,25.3,22.2,24.2,18.4,6.1,3.1,37.4,42.6,21.0,19.0,23.5,19.2,21.2,25.3,17.2,12.2,13.1,22.2,19.0,19.8,32.3,28.6,10.1,14.4,3.1,21.0,4.1,4.1,15.3,9.3
1772941455.06059,19.2,15.2,40.4,34.3,15.8,28.3,23.8,17.0,15.0,29.3,24.2,32.7,5.1,5.1,16.0,13.3,17.2,14.1,21.2,18.0,26.3,30.0,25.5,20.0,32.7,30.6,18.0,23.0,6.1,3.0,35.6,42.4,23.8,17.2,30.4,19.2,16.0,29.7,18.0,15.2,34.7,5.9,19.2,24.2,27.0,26.7,16.0,18.0,19.2,8.2,4.0,8.2,20.0,15.2
1772941456.0630598,20.4,17.0,30.0,37.6,19.8,20.0,14.0,6.1,14.3,15.0,13.9,22.0,5.1,6.9,12.0,12.7,9.1,4.0,23.0,20.8,14.9,21.6,3.0,13.0,33.0,32.3,9.1,20.2,4.0,4.0,29.0,25.0,21.0,17.0,19.8,17.8,21.0,22.2,12.9,18.8,5.9,16.3,16.0,20.0,21.4,20.2,12.1,19.0,18.0,3.0,2.0,3.0,11.1,14.1
1772941457.064939,15.5,11.1,41.0,26.7,9.2,30.0,6.0,7.0,11.0,10.1,5.1,13.0,13.9,9.2,11.0,11.1,11.1,9.9,17.0,17.2,23.2,16.2,0.0,14.1,25.0,43.0,6.0,19.8,2.0,2.0,29.4,20.2,21.2,20.2,20.2,20.0,23.8,18.0,15.0,19.8,2.0,3.0,12.0,12.0,21.8,24.8,18.8,18.8,8.9,12.1,2.0,4.0,16.0,26.7
1772941458.0663621,24.5,23.0,32.7,42.0,21.2,16.2,20.8,10.1,11.2,8.1,10.1,12.1,11.2,16.3,14.9,11.1,6.1,9.0,20.2,14.0,23.2,16.8,14.0,5.1,18.2,21.2,20.2,13.1,5.1,4.0,30.3,29.0,22.0,18.0,11.9,27.7,26.0,12.1,15.2,16.0,3.0,8.1,20.0,21.0,32.0,23.2,14.0,18.8,1.0,21.0,5.1,4.1,10.3,27.3
1772941459.068104,24.7,21.6,33.7,34.0,16.5,26.5,14.9,13.7,19.6,2.0,14.7,9.0,5.9,6.9,10.0,12.9,8.9,18.8,15.5,18.8,26.2,26.0,16.8,27.5,12.9,22.0,22.3,10.0,2.0,4.0,27.7,20.8,19.8,18.8,10.9,31.4,11.1,12.9,16.7,16.0,2.0,8.9,16.5,22.1,23.5,25.7,15.0,17.2,7.9,20.0,2.0,5.9,17.8,25.5
1772941460.069136,16.5,15.3,33.7,37.8,12.5,26.5,16.2,10.1,4.1,19.0,10.1,13.0,3.1,3.1,14.0,11.2,9.1,17.3,14.1,17.2,22.4,22.4,5.2,22.4,22.9,21.0,23.2,9.2,1.0,2.1,21.4,14.1,16.3,21.2,23.2,18.4,10.2,12.2,17.2,21.2,3.1,2.0,16.3,18.6,21.2,29.0,20.0,23.0,1.0,21.2,4.0,4.1,21.2,19.4
1772941461.0697286,15.6,17.0,33.7,31.0,4.0,38.2,8.2,8.0,9.0,20.2,9.9,5.1,2.0,3.0,11.1,14.7,6.1,9.1,21.0,16.2,14.9,24.8,3.0,13.0,20.8,10.1,16.8,10.9,5.0,3.0,23.0,25.0,19.0,17.2,21.0,15.8,12.0,13.0,16.2,15.8,2.0,1.0,13.3,13.0,22.0,19.0,16.2,17.8,10.0,13.0,1.0,4.0,14.0,16.3
1772941462.0721831,17.3,13.0,31.7,33.7,12.1,10.9,9.9,13.9,28.7,17.0,26.3,17.0,2.0,5.0,11.9,12.0,4.0,11.2,24.8,21.6,20.2,10.0,12.0,8.0,32.4,21.2,21.2,9.2,4.0,2.0,30.0,23.2,22.0,17.0,21.8,21.0,11.9,12.0,16.0,17.2,3.0,4.0,21.6,14.9,33.7,26.0,20.2,18.0,19.0,1.0,5.0,3.0,16.2,27.0
1772941463.074008,10.1,3.1,31.0,30.0,3.0,19.2,8.0,8.1,21.2,19.0,25.3,8.0,1.0,4.0,13.1,13.1,9.0,8.1,13.0,16.0,13.1,10.1,9.0,6.1,39.8,36.0,23.8,10.9,1.0,3.0,21.2,17.0,21.2,21.0,13.1,29.4,23.0,12.1,14.9,21.6,2.0,1.0,17.8,15.0,24.0,25.5,16.2,23.5,20.0,0.0,2.0,4.1,20.8,18.2
1772941464.0754247,5.2,3.0,24.2,27.0,7.1,24.0,3.0,11.0,14.1,21.0,19.8,18.0,4.0,3.0,18.2,13.1,10.0,3.0,6.1,6.1,1.0,16.0,3.0,10.0,32.0,30.0,21.0,6.0,3.0,3.0,10.1,21.8,15.0,9.9,9.9,24.8,31.0,12.9,10.0,15.2,1.0,3.0,12.1,15.8,18.8,23.2,13.1,13.1,20.0,4.0,1.0,4.0,12.1,14.3
1772941465.0781808,9.0,3.0,23.2,31.0,22.0,3.0,3.0,12.0,19.6,21.6,21.0,11.0,3.0,1.0,11.9,11.0,13.9,11.0,4.0,6.0,16.0,21.0,12.9,19.0,30.4,19.4,13.0,11.0,3.0,1.0,16.0,15.2,8.0,10.1,21.2,28.0,30.7,11.0,13.9,15.8,3.0,1.0,12.9,15.0,26.0,16.0,16.8,12.0,7.0,13.0,2.0,6.1,10.0,18.2
1772941466.0792534,20.2,5.1,31.4,31.7,8.0,13.0,18.4,7.1,22.2,18.0,24.8,9.1,6.1,16.7,13.0,11.1,10.0,18.8,7.0,4.0,5.1,17.2,1.0,17.2,37.0,36.0,17.0,14.1,3.0,3.1,24.2,25.0,2.0,18.2,29.0,13.9,31.0,13.1,17.2,15.8,3.0,4.0,18.2,17.2,22.2,26.0,19.0,17.8,20.0,9.1,5.0,2.0,20.2,20.2
1772941467.0806615,20.8,17.3,38.4,38.0,5.1,22.8,7.1,22.0,16.2,22.0,19.2,19.2,22.2,14.1,13.0,12.0,7.1,13.1,14.9,11.0,4.0,18.2,12.1,5.1,39.0,33.0,15.8,18.8,3.0,4.0,29.4,29.6,7.1,18.8,30.4,14.0,31.7,13.0,14.9,18.2,3.0,2.0,19.8,22.8,28.0,31.0,16.0,21.2,19.4,4.0,3.0,5.1,18.2,21.6
1772941468.0812378,21.1,16.0,43.4,31.7,18.6,20.0,11.0,25.2,20.2,21.0,21.4,29.0,21.2,10.1,17.0,14.0,7.1,12.1,13.3,12.0,18.8,17.2,11.1,11.1,26.3,25.3,12.1,20.0,3.0,5.1,44.0,33.0,16.2,14.9,11.2,22.2,24.8,18.2,13.1,16.2,2.0,5.0,12.2,23.2,23.2,26.0,14.9,10.0,17.0,3.0,6.1,2.0,11.1,10.2
1772941469.0846894,17.8,5.9,46.5,32.0,40.0,0.0,17.0,20.0,21.8,16.0,20.0,31.0,24.2,4.0,8.1,9.1,13.0,8.1,8.0,14.1,34.3,24.8,15.2,17.0,34.3,39.0,19.0,22.0,4.0,3.1,39.4,38.0,23.0,16.2,12.0,32.0,7.9,17.0,18.8,14.9,1.0,3.1,23.0,17.0,28.4,27.3,22.2,11.0,24.2,6.1,6.0,2.0,10.8,22.0
1772941470.0859299,19.2,10.0,41.0,31.7,23.2,19.0,9.2,24.0,22.2,21.0,24.0,30.7,27.0,21.2,11.0,5.0,4.1,9.9,13.0,24.2,15.3,22.0,2.0,11.1,30.4,36.4,20.0,17.2,4.1,3.0,34.7,33.0,16.2,21.4,17.2,24.5,14.4,13.0,14.3,17.0,3.0,5.0,15.2,24.8,26.0,25.0,18.8,13.0,17.2,3.1,5.2,3.0,10.2,19.4
1772941471.0883589,19.2,15.2,46.5,32.7,21.4,21.8,16.0,22.0,17.8,14.0,16.2,25.7,21.2,20.0,9.1,25.3,18.0,17.0,20.0,14.1,32.7,21.2,18.2,18.0,25.5,32.0,26.3,26.0,4.0,4.1,27.5,36.0,18.8,24.8,20.6,33.7,15.8,14.9,17.0,14.9,4.0,5.1,19.0,28.0,31.0,28.0,14.1,23.2,23.5,13.1,5.1,4.1,14.3,17.2
1772941472.0884333,25.3,20.4,40.8,30.6,19.4,24.8,8.1,20.2,13.3,13.3,13.1,17.5,12.0,4.1,13.3,23.5,8.1,4.1,28.3,26.0,26.0,15.0,10.0,8.1,32.3,18.2,18.4,19.0,3.1,5.0,33.3,43.4,19.6,20.4,16.2,21.2,19.2,4.1,11.2,13.1,2.0,3.1,19.2,17.3,25.3,26.0,12.1,14.1,10.1,16.3,5.1,7.0,14.3,12.0
1772941473.094281,17.3,21.8,45.5,28.4,25.3,14.1,16.2,22.8,10.0,22.0,22.8,24.8,1.0,6.9,14.1,6.0,13.0,8.0,18.8,24.2,25.3,19.2,14.1,9.0,24.2,29.0,17.8,22.0,3.0,5.0,35.0,44.0,17.8,21.0,26.0,11.0,4.0,5.0,16.7,13.0,5.0,3.0,23.0,19.6,24.0,25.5,16.0,13.0,9.0,18.8,3.0,4.1,15.0,11.1
1772941474.0956616,26.8,20.2,43.0,30.0,26.8,13.0,11.0,22.8,25.7,18.0,26.3,27.7,15.0,10.2,21.8,14.3,11.1,7.1,26.3,28.7,11.2,14.3,15.2,9.1,39.0,19.2,22.0,15.3,4.0,4.1,30.0,37.0,15.2,21.2,27.0,19.2,20.0,20.4,11.2,19.4,3.0,4.1,17.2,14.1,21.0,24.0,16.8,17.8,3.0,18.2,5.0,5.1,16.3,12.2
1772941475.099818,24.7,23.8,40.4,32.7,31.0,10.9,15.0,18.8,21.0,14.9,26.0,21.0,19.0,12.2,14.1,17.2,10.1,11.0,24.2,22.0,5.0,12.9,12.0,8.1,24.0,26.0,17.0,19.8,3.0,4.0,39.0,34.0,22.0,14.1,23.8,16.0,19.0,28.0,16.7,14.0,3.0,3.0,21.6,17.0,19.0,31.7,6.1,17.0,17.8,11.1,4.1,2.0,15.7,4.0
1772941476.1017897,23.5,17.2,45.0,29.3,23.5,15.0,9.1,24.5,23.0,19.2,27.0,29.3,10.1,9.0,14.0,16.8,9.1,9.2,24.0,24.8,15.0,22.2,17.0,21.0,35.4,40.0,20.8,14.3,3.1,6.0,24.0,39.4,18.4,20.2,10.0,25.0,15.0,31.7,15.2,16.2,4.0,3.0,19.0,17.2,35.3,19.2,19.2,12.0,18.2,6.1,6.1,5.1,10.2,16.2
1772941477.1074111,24.5,19.0,33.7,42.7,11.1,21.0,12.1,24.2,26.7,18.0,29.0,26.5,9.0,8.1,16.0,13.0,15.8,12.9,29.4,25.7,11.9,7.0,10.1,9.0,45.5,24.2,24.0,18.0,19.8,5.1,36.0,38.2,15.0,25.5,12.0,30.7,14.1,32.7,13.9,15.7,6.0,3.0,18.0,22.0,21.8,26.3,12.1,16.8,7.0,20.8,5.9,3.0,18.0,14.0
1772941478.1096673,28.3,23.5,29.6,41.4,6.2,20.2,10.4,22.0,22.2,18.2,28.7,23.5,10.1,19.2,19.4,16.3,10.2,5.1,22.0,27.3,18.2,25.7,14.1,10.0,29.0,25.5,20.2,22.8,20.0,5.1,28.0,36.4,13.1,18.2,24.2,24.0,14.0,33.0,18.0,16.2,3.0,2.0,19.2,22.0,39.4,21.2,16.3,17.2,9.2,20.0,4.1,5.0,16.2,13.1
1772941479.110662,23.5,24.0,42.9,32.0,21.2,21.0,18.8,15.8,24.0,21.8,32.0,22.0,14.1,11.2,13.0,14.1,12.0,15.2,21.2,29.0,20.0,19.2,12.0,7.1,33.7,29.3,15.3,21.0,34.3,3.0,40.0,40.0,13.3,21.2,13.0,27.7,18.4,26.0,15.0,14.9,3.0,3.0,19.2,16.0,21.2,20.8,18.8,10.1,6.0,16.2,5.9,4.0,13.9,12.0
1772941480.1122532,20.0,23.0,30.6,44.6,19.2,21.0,29.0,13.1,25.0,15.0,28.3,26.0,7.0,6.0,15.2,16.2,9.1,9.0,20.0,25.3,31.0,27.7,18.2,22.0,36.4,36.4,22.2,22.2,30.3,5.1,39.4,39.0,23.8,24.0,22.0,19.0,32.7,15.2,18.2,13.1,3.0,4.0,24.0,18.2,19.2,29.0,19.0,18.0,8.2,22.0,7.1,2.1,18.2,10.2
1772941481.1196916,26.5,25.3,40.2,44.4,22.0,20.2,26.5,17.2,22.2,20.8,26.5,27.0,12.1,18.0,21.0,17.0,14.1,19.0,27.0,29.0,19.0,20.0,6.1,12.2,32.0,31.3,25.0,18.8,36.3,4.0,31.0,34.7,18.0,24.0,32.4,21.0,31.0,16.8,14.9,18.2,3.1,3.1,21.6,21.0,32.7,37.0,13.1,17.0,10.0,21.0,4.1,6.1,16.3,17.2
1772941482.124377,26.5,22.0,49.5,45.1,18.6,21.0,12.2,20.8,23.0,19.2,21.2,28.0,15.2,13.3,13.9,14.3,4.0,12.9,21.0,19.2,28.0,17.2,20.2,22.0,21.2,31.3,19.0,19.4,34.7,5.0,24.0,40.0,16.2,22.2,25.3,11.0,23.0,23.0,16.2,11.9,3.1,2.0,18.2,22.0,31.0,38.4,18.8,12.1,4.0,19.2,4.1,2.0,15.0,17.0
1772941483.124724,23.5,13.3,32.7,43.6,18.0,20.8,29.7,12.0,10.1,24.8,18.0,24.2,7.1,10.1,16.0,14.1,15.2,12.1,31.0,26.0,8.0,23.8,22.2,23.8,36.4,39.6,22.4,11.9,27.5,4.1,45.1,41.6,23.2,18.0,27.7,11.0,26.7,19.0,13.0,14.1,5.9,4.1,21.0,19.0,24.5,24.0,9.1,18.8,15.0,16.2,7.0,4.0,11.2,11.1
1772941484.127702,29.3,19.8,30.7,42.0,22.8,19.2,21.2,11.1,18.8,14.3,21.2,20.0,3.0,8.1,14.3,20.8,13.0,6.0,18.2,24.0,17.3,33.3,15.7,11.1,32.0,32.0,22.8,21.0,34.3,5.0,39.6,40.4,22.0,18.2,29.0,13.0,19.0,20.0,18.8,14.9,2.0,4.0,17.2,23.2,28.0,20.2,13.0,18.0,19.4,3.1,3.0,6.2,19.8,12.0
1772941485.1280317,23.7,19.4,40.4,38.0,30.3,8.1,25.0,15.0,13.0,14.1,20.0,27.7,15.3,10.0,15.0,17.0,8.1,15.2,26.3,29.3,24.0,21.2,4.1,8.1,21.4,18.4,19.2,21.4,33.3,5.0,29.6,33.7,22.0,19.0,22.5,28.7,14.1,13.1,15.0,15.0,4.0,4.0,18.0,24.0,31.7,30.0,19.4,18.2,22.0,12.1,5.1,5.1,15.3,20.4
1772941486.1296146,14.3,6.1,36.6,41.0,32.3,7.0,21.0,8.0,18.2,23.2,17.2,37.4,12.2,14.3,12.0,14.1,12.1,12.0,18.8,13.1,26.0,18.8,14.0,15.2,28.0,30.7,15.2,20.0,17.8,16.2,28.4,35.6,19.0,18.4,12.1,25.3,17.6,19.4,13.1,15.0,8.1,4.0,16.2,23.8,20.4,26.0,7.1,15.0,15.2,1.0,4.0,7.1,12.0,15.0
1772941487.1318302,14.0,7.0,31.3,42.6,18.0,21.2,27.7,11.0,20.4,17.8,20.2,30.7,5.1,9.2,15.0,14.0,7.1,4.1,8.1,19.8,29.7,20.4,14.1,12.2,38.6,39.0,16.2,20.2,8.1,27.3,44.4,37.0,25.0,12.0,12.0,30.0,13.1,34.0,13.0,17.2,9.1,5.1,22.8,16.2,27.0,22.8,13.9,14.0,20.8,11.1,6.0,4.0,13.1,11.2
1772941488.1334174,15.3,15.3,42.0,36.6,14.3,27.3,27.3,6.2,27.7,19.2,21.0,36.0,11.0,12.0,15.0,19.2,15.2,16.8,15.8,18.0,24.0,18.0,18.0,11.0,32.3,41.8,23.0,21.2,15.3,28.0,25.3,38.0,19.0,23.2,16.0,29.0,14.1,33.0,16.2,18.0,9.1,8.2,20.2,24.0,22.0,28.7,15.2,19.2,5.1,19.0,4.1,7.1,16.3,16.3
1772941489.14013,18.2,9.1,44.6,29.4,21.2,11.0,21.8,22.5,25.7,12.0,22.0,29.3,12.2,14.0,17.0,18.6,6.0,8.1,13.0,24.8,17.0,30.0,8.9,16.2,35.0,24.8,18.0,20.8,21.8,5.1,35.6,27.0,31.3,20.0,16.0,27.7,15.0,32.7,9.1,15.0,8.0,6.1,22.5,17.2,30.0,26.0,10.0,21.0,14.0,17.2,4.0,6.1,16.8,13.1
1772941490.1443644,15.0,12.2,29.9,42.0,20.8,6.1,7.9,22.2,27.7,16.0,30.0,17.0,12.9,11.1,12.0,12.1,16.2,14.1,18.2,10.0,14.0,21.8,10.2,17.8,33.7,19.0,13.4,22.0,28.3,5.0,36.6,34.7,20.0,18.2,23.5,15.0,7.1,24.8,16.0,11.9,8.9,6.0,15.3,22.0,23.2,22.5,8.1,18.0,2.0,14.1,4.1,4.0,8.0,17.3
1772941491.1478763,20.4,21.2,36.0,37.6,15.3,22.0,14.0,22.8,11.2,24.8,24.2,24.0,4.1,6.0,4.1,5.0,9.0,4.0,28.0,25.0,23.2,25.7,9.0,14.1,30.3,33.0,19.8,14.0,22.2,3.0,40.0,43.6,11.1,9.1,25.3,18.8,9.1,17.2,18.6,13.0,2.1,7.9,17.2,17.2,26.0,25.3,10.0,18.2,20.0,12.1,5.1,3.1,13.1,12.1
1772941492.147957,28.0,27.0,34.7,40.6,35.0,8.0,15.3,16.2,23.5,22.0,28.7,29.0,7.9,10.0,6.9,9.3,13.1,11.0,21.0,27.0,22.0,21.2,12.1,9.0,34.3,33.3,21.2,17.2,6.1,5.1,37.6,41.4,12.1,17.0,28.4,20.4,8.0,18.8,15.0,14.9,4.0,3.0,23.8,16.2,24.0,28.7,16.8,17.8,1.0,21.2,6.0,5.1,14.3,16.2
1772941493.1526093,23.5,23.2,41.6,33.0,30.3,6.1,23.5,16.2,20.0,14.3,15.2,31.3,13.3,11.1,5.1,7.1,10.1,7.1,21.2,25.3,23.2,24.2,10.1,15.3,22.2,30.3,20.8,17.0,3.1,4.1,32.0,33.0,24.0,15.2,11.2,28.7,12.1,12.4,12.2,12.4,3.1,1.0,17.0,22.8,19.2,27.3,21.4,4.0,9.0,19.2,2.0,6.1,15.7,13.1
1772941494.1528668,18.4,12.0,34.7,43.1,22.2,21.8,8.2,24.8,25.0,20.8,22.2,28.0,12.2,14.1,5.0,6.1,10.1,13.1,29.0,25.7,14.0,17.8,10.1,11.1,35.0,23.0,17.0,23.8,5.0,3.0,38.0,30.0,24.5,15.0,24.8,19.6,17.0,15.8,17.2,13.9,3.1,2.0,18.6,19.8,30.3,28.4,18.2,14.3,8.1,15.0,4.1,4.0,13.3,12.2
1772941495.1529527,26.0,19.2,39.8,31.3,21.0,20.2,23.5,19.4,22.2,8.1,15.0,13.3,5.1,3.1,4.0,7.0,8.2,16.2,18.2,24.2,11.1,19.4,19.4,16.2,36.4,35.0,14.4,20.2,5.1,5.0,33.3,40.4,26.0,16.2,11.1,28.3,19.2,25.0,15.0,15.2,4.0,3.0,22.8,16.3,23.8,29.6,21.8,13.0,14.1,16.2,4.1,4.2,13.1,17.2
1772941496.153349,25.8,23.0,42.4,34.0,29.0,8.2,15.8,16.0,18.2,9.1,27.0,32.7,10.1,8.0,19.2,11.2,11.9,6.1,28.3,27.0,18.0,26.3,7.2,9.0,28.9,29.6,17.6,23.0,4.0,5.0,38.0,41.6,23.2,17.0,13.1,27.3,13.1,14.0,17.0,12.1,3.1,2.0,22.2,16.0,29.3,20.0,16.2,11.1,4.0,19.2,5.1,5.1,15.2,15.0
1772941497.1535203,27.7,17.2,41.4,31.3,15.5,22.8,19.6,21.0,23.5,19.2,14.1,28.0,11.1,19.2,19.0,15.5,13.1,13.9,19.2,21.2,16.3,28.7,11.1,20.0,24.0,22.0,17.3,16.2,3.1,4.1,26.5,33.7,24.0,17.2,18.0,29.0,19.2,20.2,14.0,13.0,3.0,4.0,15.2,26.7,28.3,28.0,11.1,13.1,17.2,13.1,4.0,7.1,19.2,7.1
1772941498.1544151,19.2,22.2,42.4,37.0,22.0,19.4,19.8,12.0,26.0,22.0,31.0,27.6,14.3,12.1,12.1,17.0,9.2,11.2,25.7,33.7,20.8,28.4,14.1,13.4,36.4,23.5,25.0,22.2,4.1,3.1,44.1,34.0,21.2,21.2,14.1,30.4,15.0,31.0,15.2,17.2,3.0,4.1,25.5,20.2,33.3,24.2,13.1,22.5,21.0,4.0,2.0,7.1,15.2,21.8
1772941499.1558096,24.7,25.0,36.0,36.6,6.3,27.7,24.5,15.3,25.0,11.0,13.3,32.3,4.0,6.1,13.0,15.0,11.0,15.8,16.2,23.2,27.3,16.2,12.1,15.0,31.0,34.0,24.0,19.8,4.0,5.9,30.0,26.5,9.0,11.9,12.9,23.2,15.0,32.7,16.2,14.9,4.1,2.0,17.2,20.0,23.0,20.2,13.1,13.1,19.8,12.1,4.0,6.0,12.1,13.3
1772941500.1594,22.7,17.2,41.6,32.4,2.0,28.0,19.0,10.1,28.4,19.8,22.0,28.0,15.0,13.0,21.2,17.0,10.1,6.1,27.7,30.0,23.5,26.0,9.1,9.1,36.0,32.7,25.0,13.4,4.0,5.1,34.7,31.3,4.1,14.1,25.0,24.0,15.2,31.0,16.0,16.8,3.1,2.0,23.0,22.0,29.0,27.7,15.0,19.0,20.0,2.0,4.0,4.1,16.2,11.1
1772941501.1612096,20.4,21.0,43.4,42.0,5.2,26.7,15.2,21.8,26.0,13.7,24.8,28.3,12.2,13.1,11.9,17.0,15.8,13.9,24.5,21.0,13.1,22.8,16.2,18.0,33.3,25.3,18.0,21.4,3.0,6.1,31.3,30.7,11.9,9.1,20.8,18.0,15.7,31.7,18.8,14.9,3.0,3.0,24.0,19.8,37.0,31.3,22.2,7.1,9.1,20.8,6.0,4.0,12.1,14.0
1772941502.1632123,27.8,18.4,43.0,49.5,18.6,24.0,13.3,25.7,29.0,11.1,23.7,29.0,10.0,10.2,15.2,16.0,13.3,7.1,28.6,29.7,19.0,33.0,22.0,20.4,38.4,24.5,20.0,24.2,22.0,6.1,41.0,43.1,15.3,7.1,17.2,23.8,22.2,27.3,16.0,14.3,5.1,3.1,23.2,25.0,35.6,23.8,16.0,14.1,10.2,19.4,7.0,4.0,14.0,15.2
1772941503.1733756,26.0,21.0,42.0,32.4,11.0,32.0,10.0,23.0,27.5,11.9,24.0,32.4,4.0,10.9,16.8,15.0,15.0,10.9,21.4,25.0,17.8,22.0,19.0,15.7,32.0,36.3,23.0,20.6,22.0,5.0,37.9,41.6,14.9,17.0,31.4,17.0,26.5,17.8,15.8,15.0,2.9,11.9,18.8,24.0,25.0,30.4,13.9,19.6,3.0,21.8,4.0,3.1,17.8,17.0
1772941504.1734612,16.7,15.3,44.9,29.6,21.4,21.4,21.0,21.2,30.6,9.2,26.8,24.5,17.2,12.2,18.4,16.2,13.3,7.2,24.5,30.0,26.3,30.3,9.2,12.4,22.2,26.3,23.2,16.5,29.3,6.2,26.8,36.4,20.2,21.4,30.3,13.3,22.2,24.2,13.1,15.2,5.1,7.1,25.0,17.2,28.3,21.6,14.3,17.5,5.1,22.2,5.1,5.2,12.1,19.2
1772941505.1783097,20.8,15.0,44.0,32.7,19.0,22.0,24.0,15.2,27.7,17.0,27.7,30.7,11.2,14.9,16.8,16.0,13.9,15.0,15.0,14.1,14.0,22.8,23.0,17.0,21.2,26.3,23.2,19.2,26.7,6.9,35.6,32.0,23.2,19.0,30.7,12.0,25.7,21.8,14.9,14.0,5.1,18.0,22.0,20.0,31.0,23.0,12.1,21.8,2.0,22.2,6.1,4.0,17.0,19.2
1772941506.1789362,16.5,11.2,41.2,35.0,23.2,15.2,16.0,23.0,24.2,12.1,28.0,19.8,2.0,5.1,13.0,15.0,4.1,11.9,15.2,23.0,20.0,17.2,13.1,8.2,34.3,26.3,17.0,18.0,3.0,28.3,34.0,40.6,18.4,21.2,27.0,11.0,27.3,12.2,11.9,15.3,4.1,3.1,20.4,18.8,30.0,16.3,7.9,19.0,10.1,18.0,7.9,2.0,15.2,11.1
1772941507.181329,11.2,7.0,34.3,42.0,21.2,15.2,22.0,15.0,32.7,10.0,16.8,14.3,11.0,16.2,16.3,20.2,14.1,15.3,16.2,6.0,20.0,17.2,12.1,11.0,23.5,27.6,17.0,21.2,3.0,12.1,41.0,39.4,10.9,12.9,31.0,15.2,13.1,15.0,15.2,16.2,4.1,26.0,19.2,20.4,23.5,24.5,11.3,17.2,1.0,20.2,5.1,4.0,11.2,18.2
1772941508.1839113,10.0,4.1,35.4,46.1,18.4,21.0,25.0,17.2,16.2,7.1,23.5,26.3,14.3,14.1,15.0,16.0,10.1,5.0,11.0,14.0,28.3,18.8,15.8,11.1,21.2,26.7,23.2,19.0,3.0,7.0,28.0,30.0,9.2,14.3,11.1,26.7,15.8,25.3,17.0,15.8,1.0,35.0,17.8,25.7,31.1,29.0,17.8,16.0,9.1,18.8,4.0,8.0,12.9,19.0
1772941509.1844559,18.6,21.2,32.3,37.0,33.7,8.0,22.0,12.0,11.0,22.0,21.0,27.0,8.1,10.1,15.0,14.0,12.0,15.0,14.1,22.2,24.8,20.0,14.1,16.2,31.3,17.0,13.1,22.0,3.0,4.1,37.6,32.7,27.7,14.1,21.8,15.0,14.1,31.7,10.9,12.2,3.0,33.3,21.2,18.8,21.4,27.0,6.1,21.0,22.8,3.1,2.0,5.1,11.2,15.0
1772941510.185063,25.0,25.5,37.0,35.4,30.3,9.1,19.2,18.2,19.0,23.8,23.0,31.3,3.1,7.1,15.0,16.2,9.0,6.1,24.2,13.1,29.0,19.2,15.0,11.1,37.6,34.3,18.0,19.2,4.0,3.1,38.6,39.0,16.2,22.8,28.0,13.1,14.1,31.3,11.1,13.0,2.0,27.3,15.0,19.4,24.8,26.0,12.1,15.3,14.3,8.2,5.9,6.0,17.0,15.2
1772941511.1881511,22.8,16.0,34.0,42.6,5.2,33.0,15.0,21.8,24.2,23.2,27.3,23.8,16.8,11.1,18.2,19.4,12.4,9.1,31.7,29.0,31.0,17.2,11.0,7.1,35.1,33.3,21.8,19.2,4.0,6.9,27.3,38.4,24.0,18.2,25.0,23.0,6.0,25.2,12.9,14.1,3.0,27.6,17.2,25.0,28.3,24.0,19.0,20.4,22.8,8.2,2.0,7.2,16.2,14.0
1772941512.1884367,22.4,24.2,42.0,40.0,3.1,24.0,25.0,18.2,22.0,24.8,27.0,33.7,11.2,18.2,9.1,8.2,15.0,13.1,22.2,20.4,24.0,29.7,21.4,20.0,33.0,30.0,25.0,24.2,7.0,4.0,25.0,31.0,22.0,23.2,33.3,12.0,6.1,23.0,13.0,17.2,2.0,36.0,20.0,21.6,26.5,27.3,15.0,27.5,17.3,7.1,8.0,4.0,17.3,17.2
1772941513.1890647,22.9,24.0,36.4,36.0,6.2,20.8,23.5,13.1,25.7,14.1,20.0,25.0,6.1,6.1,5.1,7.0,13.0,4.1,31.3,27.7,17.0,30.6,10.1,11.1,20.2,20.2,17.3,17.8,3.1,2.1,33.3,33.0,17.8,24.8,26.0,16.0,5.1,22.8,13.0,13.0,3.0,22.0,20.2,21.2,24.0,27.0,20.0,19.0,19.2,7.9,4.0,4.0,17.2,12.4
1772941514.190616,22.1,24.0,37.8,38.0,19.2,21.0,20.4,16.3,19.2,25.7,39.0,15.2,8.1,9.2,9.1,13.3,18.6,11.9,18.0,24.2,23.2,25.7,13.3,10.2,35.0,25.5,19.4,18.6,4.0,5.1,41.0,41.0,20.2,20.2,14.1,32.0,11.1,16.2,15.0,15.0,24.2,17.3,20.8,19.4,29.3,33.7,13.3,17.2,17.3,5.1,6.2,2.1,13.1,18.0
1772941515.1929543,17.3,13.0,47.1,29.7,16.2,20.2,11.0,22.8,27.7,12.2,29.0,25.5,16.3,11.9,6.0,4.0,10.0,3.1,25.7,34.0,24.0,26.3,15.0,14.9,27.0,41.6,27.7,16.0,5.1,4.1,39.6,38.8,8.1,14.9,16.8,30.4,27.7,16.8,16.0,16.0,31.0,8.1,21.2,21.6,31.0,24.5,18.8,13.9,23.5,9.9,6.1,4.0,16.0,13.0
1772941516.1948955,30.3,28.0,40.8,36.0,20.4,22.5,27.0,14.9,29.0,19.2,26.7,26.7,15.0,11.3,12.1,11.0,17.0,16.2,23.5,19.2,24.0,21.4,16.2,18.2,33.3,26.3,22.2,22.8,6.1,5.9,31.7,32.3,11.0,10.2,12.0,31.0,24.0,21.2,17.0,20.8,38.0,3.0,24.8,23.0,28.0,30.4,19.0,16.0,19.2,3.1,7.1,5.0,19.2,9.2
1772941517.198383,25.0,23.2,32.7,40.6,16.2,20.2,22.0,8.2,23.5,18.0,27.6,27.7,3.0,9.9,14.1,13.3,4.0,10.9,25.3,28.7,29.0,18.8,10.2,11.2,20.2,37.6,21.0,19.4,4.1,3.1,31.0,42.6,5.1,15.0,23.0,11.0,21.4,24.8,13.1,11.0,27.6,2.0,16.2,19.0,22.8,29.3,9.2,15.0,24.0,5.0,5.9,3.1,14.1,13.3
1772941518.1991682,18.4,14.4,35.4,39.0,14.3,27.0,13.9,24.0,28.7,19.0,16.0,13.3,13.3,10.3,16.2,22.4,9.2,18.2,20.0,20.0,7.1,18.2,13.3,7.0,35.7,37.0,20.4,20.0,6.0,4.1,43.4,27.6,11.1,12.0,19.2,30.0,16.0,26.5,14.0,15.2,27.7,3.0,22.2,16.3,28.0,23.5,18.2,14.1,23.0,2.0,7.1,3.1,10.2,17.2
1772941519.2005286,26.5,24.0,40.0,41.0,14.3,20.8,15.3,22.8,14.3,14.1,24.0,28.3,13.1,13.1,14.0,13.9,6.0,9.2,26.5,31.7,24.8,35.0,14.1,12.2,33.0,35.7,17.8,23.0,13.1,21.2,19.4,36.0,11.1,20.4,21.2,15.2,12.2,15.8,18.0,13.9,1.0,6.0,18.8,21.0,23.0,26.0,13.0,17.3,16.2,9.3,5.1,3.1,14.1,14.1
1772941520.2006102,23.2,24.0,47.0,36.4,13.1,27.3,22.2,12.1,18.0,17.0,23.5,21.8,12.0,9.1,15.2,16.0,14.1,11.0,19.4,26.7,11.0,27.0,10.1,15.0,21.6,26.0,18.2,18.2,19.4,12.0,8.1,26.3,23.0,16.2,24.8,16.0,13.1,30.3,14.1,15.2,4.0,1.0,18.2,17.0,27.0,38.8,8.2,17.8,20.2,9.9,4.0,5.0,12.0,14.1
1772941521.2033854,21.4,17.8,46.5,42.6,10.2,26.5,25.0,13.9,20.8,16.2,20.6,30.3,4.0,4.0,19.8,15.2,8.0,9.0,25.0,23.0,29.0,21.2,23.2,29.0,36.3,21.0,14.3,22.2,34.7,5.0,36.6,24.0,20.2,15.0,16.2,24.2,14.7,32.7,13.9,13.9,3.0,3.0,19.8,20.0,27.7,29.0,16.7,14.1,15.0,5.0,4.0,7.1,12.0,12.2
1772941522.2046928,23.2,19.2,35.6,34.3,5.2,33.7,19.8,16.3,26.3,16.2,19.4,27.7,11.3,15.2,16.2,13.1,12.2,9.2,23.8,24.2,18.2,26.7,7.1,6.2,36.1,32.7,21.0,14.1,23.2,3.1,38.0,20.2,21.8,20.2,24.0,20.8,12.2,32.0,18.2,12.1,3.1,4.0,15.2,21.2,15.3,25.0,11.2,18.2,22.0,9.1,2.0,7.1,9.1,18.4
1772941523.2058115,22.9,30.7,28.0,46.5,4.1,25.7,15.2,25.3,28.7,17.2,23.0,33.0,18.0,17.5,14.1,14.1,12.0,11.8,23.0,25.0,20.8,31.0,21.4,22.0,35.0,31.0,22.2,14.0,4.0,8.1,32.3,26.0,22.2,17.2,13.0,30.0,17.0,31.7,15.3,15.8,4.0,2.0,20.8,25.7,24.0,33.7,8.1,19.0,16.0,3.1,1.0,8.0,15.0,20.6
1772941524.2066612,16.5,11.2,40.4,36.6,3.1,22.0,8.2,23.8,22.0,18.0,22.2,26.0,8.2,6.1,14.3,14.9,6.1,9.2,14.3,20.4,19.2,23.0,6.1,9.1,27.0,20.2,22.2,17.2,5.1,5.1,30.7,34.7,6.1,21.0,16.2,25.3,14.1,31.0,16.0,13.1,6.1,2.0,19.4,21.8,27.5,20.4,19.2,10.2,19.2,9.2,6.0,3.1,19.2,14.3
1772941525.2150052,8.2,3.0,43.6,34.3,13.9,26.7,13.9,25.2,26.7,27.0,17.0,24.0,5.0,5.0,16.2,19.0,15.7,11.0,6.0,15.8,30.0,21.2,11.1,10.9,30.3,31.0,24.0,19.8,6.9,4.0,40.4,35.6,9.2,10.9,29.7,15.0,20.2,21.8,16.0,14.0,4.0,2.0,20.8,19.2,18.0,32.7,14.0,14.9,18.0,10.0,4.0,7.1,15.2,12.0
1772941526.215207,12.4,10.1,38.4,33.7,20.4,23.2,6.1,21.2,19.0,19.0,26.7,26.0,12.0,15.8,14.0,15.0,7.2,10.1,20.2,15.0,21.0,26.0,10.1,13.1,32.7,36.0,19.0,17.2,5.1,4.1,40.0,41.4,15.0,26.5,25.7,20.8,15.0,13.0,15.8,17.8,4.0,3.0,17.0,23.8,24.2,32.4,15.8,13.1,21.2,12.0,7.0,3.0,17.0,10.4
1772941527.2171907,16.8,20.0,48.0,25.0,24.2,15.0,20.0,19.8,18.4,25.0,14.0,17.0,18.2,14.3,13.1,13.3,15.0,21.8,19.4,27.3,26.3,17.0,16.2,17.0,40.0,21.2,17.3,18.2,4.0,6.0,17.3,33.7,18.0,25.0,12.1,28.0,11.1,14.3,12.0,13.1,3.0,4.1,25.5,12.4,25.3,30.0,11.2,16.8,16.2,2.0,5.1,3.0,14.0,17.0
1772941528.2182062,21.4,11.2,32.3,40.4,22.0,20.8,13.4,19.0,24.2,12.0,23.0,11.0,8.0,5.1,16.0,14.9,5.1,7.1,23.0,29.3,25.7,20.4,13.1,11.1,23.2,29.0,21.0,18.0,4.0,26.3,27.7,23.2,16.0,20.0,10.1,29.7,14.9,16.8,14.1,15.0,3.0,11.0,16.3,22.8,24.0,25.0,11.1,16.0,21.0,10.1,6.1,4.0,15.2,11.1
1772941529.2197611,16.7,12.9,37.6,36.6,32.3,4.0,13.1,21.2,24.8,13.0,10.2,17.2,6.1,7.1,16.0,21.2,13.0,15.0,13.1,23.0,8.1,8.0,5.1,8.1,23.0,32.0,14.1,20.4,11.1,23.2,38.0,39.0,15.0,23.2,23.0,20.8,13.0,12.2,12.1,14.0,2.0,9.0,17.0,21.8,17.2,19.0,19.0,12.1,16.2,3.0,3.0,4.1,15.0,7.1
1772941530.2202013,21.2,26.5,35.4,35.6,8.2,24.0,9.1,24.5,10.1,18.8,25.0,30.0,11.1,14.0,14.1,13.9,7.1,8.2,23.8,25.0,34.0,15.3,19.2,10.1,32.7,34.3,16.2,21.8,14.1,17.0,43.0,37.4,17.2,22.2,27.0,15.0,13.1,13.0,14.0,15.0,4.0,5.1,19.2,22.4,17.2,31.0,19.2,7.1,20.0,8.2,4.0,6.1,13.1,14.1
1772941531.2207847,29.6,28.3,42.6,39.4,19.4,22.0,24.0,14.4,23.2,12.2,25.3,24.2,14.3,11.2,14.1,15.2,13.1,8.1,21.0,32.0,30.3,10.1,14.0,11.1,35.4,32.0,25.0,20.2,9.1,19.0,31.3,36.3,22.2,29.3,27.3,13.1,26.0,14.3,13.9,17.0,2.0,3.1,19.0,24.0,25.0,30.7,15.0,20.0,17.0,4.0,6.1,5.1,18.2,23.0
1772941532.2213726,19.4,16.0,35.7,36.6,17.3,26.0,24.8,11.1,9.0,29.7,26.0,32.7,5.2,9.1,13.0,13.0,11.1,13.1,28.3,23.0,34.7,20.2,13.3,10.1,29.0,29.0,19.0,19.8,17.0,19.8,33.0,36.0,19.2,22.0,29.4,11.1,15.2,12.1,16.0,16.2,3.0,4.0,17.0,22.0,28.6,31.6,13.1,21.2,23.0,10.1,5.1,5.9,20.2,10.1
1772941533.2214544,24.0,17.2,48.5,34.7,35.0,5.1,25.3,19.0,26.7,22.2,24.0,15.5,5.9,11.1,13.0,6.1,6.1,11.3,24.8,23.0,27.5,13.3,16.3,9.1,29.3,44.0,19.2,20.2,5.1,36.0,39.2,40.0,20.0,21.4,28.0,24.2,17.0,13.0,13.1,16.8,4.1,4.0,22.0,20.2,33.7,26.7,20.8,14.0,19.0,6.2,5.1,6.1,15.2,20.2
1772941534.2225385,28.4,25.3,45.5,31.0,19.6,11.2,23.2,13.3,22.0,19.0,23.5,26.0,15.0,14.1,6.1,8.0,16.0,19.8,30.0,20.0,34.0,25.0,12.2,21.2,38.8,35.1,18.0,23.0,39.0,3.1,25.8,48.0,18.4,22.0,10.9,27.0,15.2,6.1,18.0,16.2,4.1,4.0,17.0,26.3,32.0,23.2,8.2,20.8,20.2,7.1,5.1,7.1,11.1,17.5
1772941535.2241335,24.5,18.0,40.0,38.6,4.0,15.8,9.0,24.5,27.0,16.2,27.0,22.0,14.3,13.1,5.2,5.0,7.0,5.1,27.3,25.3,24.2,13.0,8.0,11.0,19.8,18.8,15.0,21.2,26.3,6.9,29.7,31.7,18.0,23.2,10.9,30.7,5.1,11.1,16.2,15.0,4.9,3.0,20.0,12.9,25.0,26.0,15.7,15.2,17.8,7.0,3.0,7.0,17.0,11.0
1772941536.2276678,16.5,12.2,45.5,30.0,8.2,30.0,22.8,19.0,21.8,19.0,23.8,33.0,6.0,5.1,10.1,4.1,15.5,9.1,17.0,24.8,18.4,31.7,11.1,5.1,17.3,27.3,21.2,17.8,19.0,6.1,42.0,32.0,15.8,6.9,11.9,25.3,20.0,25.0,17.0,15.2,1.0,3.0,21.0,14.3,28.3,19.2,14.1,18.0,10.1,15.2,2.0,8.0,10.1,14.3
1772941537.2292438,25.3,22.0,31.7,42.4,17.3,22.0,23.0,9.2,23.2,19.0,21.2,30.0,11.1,8.1,14.1,11.9,9.0,8.2,26.3,26.5,25.0,22.0,12.2,23.0,36.7,37.4,25.3,15.2,4.1,5.1,41.0,40.0,16.3,14.3,30.6,23.0,14.3,32.0,15.2,16.8,3.0,4.1,22.2,18.8,28.0,28.0,13.3,14.1,6.1,22.0,3.1,7.2,16.2,14.0
1772941538.2293236,32.7,25.3,34.7,44.1,20.0,21.0,17.3,22.2,22.0,17.2,26.3,30.7,11.2,14.1,14.0,17.0,14.0,14.1,18.0,24.8,32.0,20.0,11.1,12.2,38.0,33.3,22.0,16.0,8.2,4.0,21.2,35.7,18.0,25.3,26.7,16.0,15.0,32.0,13.9,15.0,4.0,3.0,20.0,25.7,27.3,28.0,19.0,13.3,21.0,1.0,4.0,5.1,15.2,13.1
1772941539.231174,20.2,15.2,35.4,45.0,19.2,20.2,11.2,25.0,18.0,25.0,26.0,36.7,13.3,15.2,15.0,14.3,11.1,6.1,29.0,28.0,20.8,16.2,17.0,26.0,26.3,38.0,23.0,20.0,6.1,3.1,28.3,32.7,23.2,21.0,21.0,24.8,16.0,34.3,17.3,19.6,3.1,3.1,21.4,21.2,33.0,33.7,16.2,21.0,14.0,21.8,8.1,5.0,17.3,15.3
1772941540.2327921,26.0,19.8,47.5,47.5,19.2,20.8,12.0,21.6,25.0,21.8,26.0,27.0,5.0,8.1,21.8,15.0,16.0,17.8,26.0,24.0,16.3,17.2,11.2,17.2,34.7,27.6,21.0,20.0,3.1,6.1,42.0,37.0,17.2,20.2,27.0,24.2,14.1,32.3,22.5,15.0,4.0,5.0,18.0,26.3,34.0,36.0,12.1,16.0,4.0,17.3,5.1,4.1,18.0,13.0
1772941541.235234,27.4,28.3,45.5,36.0,24.2,20.2,17.5,21.2,23.2,11.2,21.0,31.3,7.1,12.1,15.0,16.0,10.1,3.1,25.3,25.7,24.8,16.2,24.0,19.2,40.0,34.3,13.1,20.2,3.0,16.0,42.0,39.6,24.0,20.0,14.7,26.3,14.1,32.0,14.1,14.3,4.0,7.2,25.3,16.2,27.6,26.3,13.1,18.0,26.0,5.1,6.1,4.1,12.2,15.2
1772941542.2363229,16.3,7.1,38.4,33.0,26.3,14.9,13.9,16.0,16.2,21.8,27.0,24.0,14.0,12.2,13.0,15.0,15.0,14.0,25.3,21.2,21.8,26.7,10.1,4.0,26.3,40.4,19.2,15.2,14.0,19.0,30.7,32.7,24.0,15.2,10.1,28.4,20.8,25.0,15.0,18.8,3.0,5.0,19.8,24.0,25.0,27.0,14.1,17.2,19.0,9.0,5.2,3.0,14.0,13.4
1772941543.2364058,10.4,4.0,43.4,30.0,33.0,14.1,15.3,20.8,13.3,6.1,28.3,28.0,13.1,13.3,13.3,22.0,12.2,7.1,16.2,16.8,14.1,30.3,16.0,11.2,32.3,36.0,20.8,21.2,4.0,4.0,33.7,28.0,16.5,19.0,21.0,21.0,18.4,26.0,13.0,16.0,3.1,3.0,20.2,22.0,22.0,32.0,12.0,20.0,20.2,3.1,7.9,5.0,16.3,17.0
1772941544.237062,14.3,9.1,31.3,40.6,25.3,11.0,20.0,13.1,27.5,17.0,29.3,16.2,8.0,3.0,15.2,13.3,11.9,11.9,23.8,14.1,11.2,26.0,11.1,12.1,34.3,37.4,19.4,18.8,4.0,4.1,38.2,40.4,7.0,13.3,29.0,19.0,23.0,23.2,11.1,15.0,4.0,3.0,19.6,18.2,20.8,29.0,12.0,23.8,14.3,17.2,6.1,8.1,16.2,10.2
1772941545.2432833,19.6,16.8,50.0,30.1,25.5,16.8,18.6,20.6,21.6,18.4,16.7,23.3,8.8,13.7,15.5,14.6,8.9,11.9,12.9,9.9,23.3,33.0,13.9,18.4,35.6,29.4,24.3,18.0,5.0,3.9,46.1,35.3,13.9,4.9,31.4,11.8,18.6,28.2,13.7,15.7,3.0,5.8,21.0,17.8,25.0,23.5,11.8,17.8,4.0,17.6,3.9,6.9,19.4,12.0
1772941546.2433517,12.4,8.2,38.1,32.7,12.5,18.2,24.5,7.1,23.2,19.4,15.3,23.2,9.4,13.5,15.3,13.3,8.2,4.1,16.0,23.5,13.3,25.3,11.2,11.1,39.2,27.8,14.4,16.3,5.2,3.1,29.0,33.3,10.3,5.2,23.2,18.2,13.4,22.2,15.5,16.3,4.0,5.3,16.3,22.7,25.3,21.6,14.3,13.4,7.1,23.5,8.2,4.1,15.3,8.2
1772941547.2492383,13.3,13.0,39.0,34.7,2.1,24.5,24.0,15.2,22.0,17.2,34.7,20.2,12.0,11.0,18.0,20.2,16.0,15.2,14.1,6.1,24.8,31.7,15.2,11.2,21.0,20.2,23.0,21.0,4.0,6.0,32.7,30.7,15.2,5.0,29.7,10.1,13.1,13.1,14.0,16.8,1.0,5.1,19.8,22.8,28.3,25.7,12.0,21.0,3.0,19.0,8.9,6.0,16.2,16.0
1772941548.2520678,27.5,24.2,29.6,44.0,17.3,19.2,10.0,24.0,23.0,24.8,22.2,31.0,5.1,5.1,13.1,14.9,4.0,10.0,30.7,23.2,17.3,20.0,19.0,14.1,29.0,17.0,17.2,25.7,5.1,4.0,42.6,35.4,17.8,19.4,27.3,20.0,16.0,32.7,18.2,17.0,3.0,4.0,22.2,19.8,31.4,25.0,18.2,17.0,22.2,14.0,7.1,5.1,19.0,11.2
1772941549.2521431,33.0,27.0,34.3,43.6,22.2,19.0,23.7,18.0,24.2,18.2,26.7,31.0,14.0,13.1,15.0,16.0,10.1,16.2,19.2,23.0,28.0,20.4,15.2,9.1,39.0,36.7,18.2,16.2,4.1,5.1,43.4,36.4,20.4,21.2,25.0,11.2,15.2,33.0,22.0,12.2,3.1,4.1,15.3,20.4,30.0,21.4,13.3,18.2,10.2,18.4,7.2,4.1,10.1,18.2
1772941550.2522442,18.2,16.0,42.4,35.6,22.4,21.0,19.2,14.0,22.0,19.2,25.3,30.0,11.2,15.2,14.3,13.3,8.0,9.2,24.2,34.0,22.2,20.4,11.1,16.0,27.8,40.0,22.0,17.0,4.0,4.1,33.0,20.2,20.2,23.2,29.0,10.2,15.0,31.7,21.8,15.0,4.0,3.1,20.0,18.2,31.6,28.3,18.2,17.0,21.2,10.0,5.1,4.1,20.2,13.3
1772941551.2523983,25.8,15.8,32.0,39.4,20.2,17.0,22.2,20.2,20.0,28.0,27.3,22.2,8.1,10.2,22.0,14.0,8.2,15.0,20.8,21.8,25.0,21.0,4.0,8.2,27.7,24.2,15.0,20.2,6.1,2.0,24.0,32.0,17.0,21.0,24.2,20.8,11.2,30.0,16.2,15.8,3.0,5.1,17.0,22.8,31.3,21.0,15.0,15.0,5.0,16.3,5.1,4.1,7.1,16.3
1772941552.2536976,30.2,25.5,33.3,43.0,24.0,22.0,22.8,10.1,15.2,24.2,27.7,29.0,4.0,8.1,15.0,15.2,11.1,11.8,27.7,30.0,11.2,18.0,17.2,22.8,22.4,42.0,25.0,24.0,5.1,2.0,40.0,40.0,8.1,11.2,28.7,15.0,10.1,17.0,14.9,14.1,3.1,4.0,17.2,23.2,30.0,24.0,16.2,16.0,7.1,23.8,5.0,4.1,17.0,18.2
1772941553.255039,23.2,17.2,31.0,47.5,24.2,15.0,22.2,18.8,19.2,26.0,20.2,25.3,16.0,13.0,12.1,14.0,11.0,12.1,20.0,21.2,21.4,24.5,8.1,6.2,37.4,35.0,19.4,17.8,6.0,4.0,42.0,39.8,20.4,18.6,27.7,11.1,10.1,13.1,17.2,15.8,3.0,3.0,18.0,21.0,18.2,24.2,9.0,22.2,9.1,21.0,3.1,5.1,10.3,11.2
1772941554.2551174,16.5,13.0,36.0,37.0,12.1,26.3,27.0,15.5,15.0,2.1,29.0,27.0,14.1,12.5,13.3,4.1,11.2,9.1,26.3,25.7,30.6,20.8,13.4,17.2,31.3,31.3,20.2,19.4,2.1,5.1,31.0,33.3,17.3,23.5,22.0,22.2,18.4,9.2,18.0,15.2,3.1,4.0,22.0,16.0,29.6,26.0,15.3,13.3,8.0,15.2,5.0,6.2,17.2,12.2
1772941555.2556238,24.5,24.2,40.6,34.0,13.5,23.0,12.2,22.0,20.0,21.8,27.7,28.3,8.2,9.2,5.1,8.1,16.2,9.2,26.5,25.3,19.0,25.5,8.0,13.1,33.0,24.2,18.2,21.4,7.1,2.1,34.3,36.0,20.2,23.0,30.0,19.8,13.1,15.0,14.1,12.1,4.0,3.1,24.8,19.4,26.0,26.0,20.8,13.1,8.2,18.0,5.1,5.0,16.0,14.0
1772941556.2581604,28.6,29.7,35.7,44.4,14.0,29.0,22.8,20.2,6.1,37.6,22.4,19.2,13.1,11.0,8.0,5.0,9.0,13.1,19.8,24.0,23.2,30.7,19.0,19.2,40.4,42.4,22.0,27.0,6.1,4.0,45.0,37.8,20.2,26.0,21.0,20.0,21.0,23.0,19.0,19.0,4.1,8.0,22.0,22.0,34.0,30.0,20.0,15.0,3.1,20.2,3.1,9.0,21.2,14.3
1772941557.263511,19.8,13.1,33.0,42.6,29.3,12.0,13.0,20.6,17.0,24.8,25.0,26.0,17.0,9.2,8.0,7.1,10.0,19.0,23.0,33.3,16.0,23.5,5.1,12.0,32.3,39.4,17.8,23.3,22.2,5.1,33.7,40.6,18.8,23.0,22.8,19.8,15.0,23.8,11.9,15.8,5.1,7.1,19.0,25.3,23.8,21.2,15.0,18.0,9.1,20.8,4.1,5.1,16.0,16.2
1772941558.263595,23.5,21.2,44.4,48.5,21.2,3.0,23.2,16.2,20.2,25.5,35.4,20.2,15.3,15.0,21.4,15.3,12.4,6.2,25.3,24.7,29.6,26.3,23.2,16.2,31.0,14.3,20.4,21.2,38.0,4.0,32.3,30.0,14.0,28.7,24.2,26.5,16.2,18.4,19.4,11.2,5.0,11.2,22.4,20.0,39.8,37.4,17.2,20.0,6.1,20.6,9.2,9.1,18.2,17.2
1772941559.2645376,32.0,25.5,41.4,41.0,28.6,9.1,24.8,12.2,13.3,26.5,31.0,22.8,5.1,4.0,14.1,14.0,13.0,16.0,25.5,28.7,25.0,13.1,22.2,21.4,33.3,31.3,20.8,19.2,29.3,10.1,34.7,43.1,19.0,21.2,28.7,11.0,14.1,32.7,15.0,14.0,4.0,10.1,22.0,16.0,36.0,25.7,16.2,16.2,19.0,8.1,4.0,6.1,21.2,9.1
1772941560.2663958,22.5,17.8,42.4,32.7,23.5,16.8,10.1,24.8,14.0,29.7,30.0,26.0,11.0,15.2,17.2,15.2,4.1,12.1,23.0,22.0,27.7,24.0,12.1,16.0,37.4,36.0,20.0,17.0,20.0,4.0,38.6,41.4,29.3,16.2,25.7,13.9,15.0,31.7,14.0,12.0,3.1,4.0,20.2,27.5,27.0,26.0,11.1,17.0,10.0,19.8,4.0,6.1,14.3,13.1
1772941561.272057,17.0,10.1,42.0,34.0,33.3,9.0,15.8,23.8,16.0,22.8,30.3,18.2,12.5,12.1,17.0,20.8,11.1,10.9,23.2,30.3,25.0,20.2,11.1,7.1,38.0,44.4,23.2,17.2,34.7,5.1,30.0,30.3,16.3,23.0,29.3,13.9,16.0,30.7,19.0,14.0,4.0,2.0,19.0,22.4,32.0,20.8,18.0,21.2,3.1,19.2,6.2,2.0,20.0,14.0
1772941562.2756925,12.4,15.3,45.0,33.7,20.6,20.8,11.1,23.0,18.8,26.0,30.7,24.0,9.0,10.2,14.9,14.1,11.9,14.1,15.3,22.8,27.7,17.0,16.0,15.2,32.0,31.7,19.0,23.2,7.8,36.6,17.2,30.3,24.8,20.4,29.7,19.0,13.1,31.7,15.2,17.0,2.1,4.0,18.2,18.8,27.3,27.0,12.0,19.8,9.1,18.4,8.0,4.0,22.5,9.1
1772941563.2773433,23.2,11.1,42.4,30.0,23.0,17.8,18.0,21.2,21.2,20.2,34.7,18.2,7.1,7.9,14.1,17.0,13.0,11.1,15.8,22.2,12.0,15.0,17.0,11.1,36.4,35.0,16.8,23.0,4.0,35.0,38.0,39.2,17.3,20.2,11.0,30.7,18.0,27.3,14.1,13.7,3.0,3.0,20.8,26.3,18.6,34.0,19.8,10.2,3.0,20.0,5.1,5.1,17.2,13.1
1772941564.2808123,7.2,3.0,41.4,33.7,21.6,17.0,19.8,14.0,17.0,23.2,20.2,27.7,13.0,15.2,14.1,14.1,10.0,11.1,12.1,11.9,32.3,16.0,7.1,9.0,37.0,33.7,14.3,17.0,9.2,22.2,42.0,38.4,15.2,8.1,11.0,24.8,23.0,19.0,12.0,9.2,4.0,2.0,16.8,23.0,26.0,24.0,17.2,15.0,15.0,14.0,3.0,6.1,14.1,12.2
1772941565.280894,19.4,13.1,42.6,31.7,13.4,23.5,26.5,14.1,15.2,30.7,19.0,33.0,12.2,13.3,17.0,21.2,10.9,12.2,18.4,20.4,31.0,15.2,13.0,16.3,33.7,27.3,14.9,28.3,35.4,4.0,35.0,31.3,20.2,16.2,11.2,32.0,33.3,15.0,17.2,15.0,3.0,5.0,20.2,20.2,28.6,19.2,15.2,16.2,21.0,3.0,3.0,6.1,14.3,13.1
1772941566.283482,33.3,25.0,32.3,47.0,17.5,16.8,21.6,13.0,16.0,13.0,32.0,24.0,6.1,4.1,15.8,15.0,10.0,14.1,14.0,13.0,27.7,17.0,12.2,15.3,23.8,34.0,17.3,18.0,5.1,25.0,31.0,33.7,23.8,16.8,20.6,26.0,31.0,16.0,17.8,13.1,3.0,5.1,15.0,22.0,35.0,24.8,13.9,16.0,8.1,18.2,4.0,3.1,15.0,9.0
1772941567.2837038,18.4,12.2,36.0,32.3,8.1,30.3,24.0,14.0,18.2,8.1,22.4,22.2,7.1,6.1,14.1,14.0,3.1,9.1,26.3,29.0,12.2,24.2,12.0,19.2,25.5,38.4,16.0,22.2,9.0,29.0,38.6,39.4,22.2,19.4,10.0,27.3,24.8,21.2,16.2,10.1,1.0,3.1,18.0,20.2,25.3,25.3,14.3,16.0,2.1,20.0,3.1,6.1,14.3,14.3
1772941568.285203,21.2,17.8,34.0,37.6,14.1,23.2,8.2,26.7,20.0,18.8,19.0,23.0,12.1,16.0,16.0,16.8,14.1,11.9,22.0,22.2,20.8,30.7,3.0,15.8,36.0,32.7,18.8,19.2,8.0,24.2,46.1,39.0,22.0,18.2,11.0,26.7,18.0,30.4,18.0,12.9,4.0,4.0,20.0,20.8,25.0,21.0,15.0,18.0,13.7,13.1,5.1,6.1,15.7,15.2
1772941569.2899008,29.6,20.2,35.6,43.0,19.4,21.6,19.0,22.0,10.1,33.7,27.0,16.2,13.1,14.4,14.1,21.2,11.1,12.2,24.2,28.3,19.0,26.0,13.1,21.4,27.3,35.0,19.2,25.0,24.2,12.0,38.4,26.3,22.4,17.2,22.0,25.0,13.1,17.2,13.0,15.0,1.0,5.1,21.2,25.0,27.0,30.4,19.2,14.1,20.4,4.0,4.0,6.1,17.3,16.3
1772941570.2899733,27.1,23.0,44.0,31.0,14.6,5.1,19.2,9.2,33.0,2.0,29.0,28.6,7.1,7.1,14.1,14.9,7.1,7.2,20.8,25.7,27.6,18.2,9.2,19.0,24.0,23.0,19.0,20.0,34.0,3.1,32.7,32.0,22.8,19.0,25.0,14.1,17.0,22.0,14.0,18.0,3.0,3.1,22.0,15.8,31.0,23.2,10.1,16.8,20.0,10.1,4.1,5.1,10.2,16.0
1772941571.2908454,15.5,13.1,33.7,38.6,31.4,12.1,14.1,24.8,23.8,18.0,23.0,26.7,5.1,10.2,15.0,15.2,15.2,11.9,19.4,19.4,30.4,17.2,10.0,10.0,28.3,28.6,20.4,18.0,16.0,23.2,37.0,42.0,18.2,20.0,11.1,29.7,14.9,33.7,18.8,16.0,3.0,4.0,22.2,16.2,32.0,20.4,11.0,19.0,17.2,3.1,5.1,5.1,15.0,16.2
1772941572.2913427,28.3,22.0,38.8,40.6,22.9,17.0,21.4,13.1,24.0,16.3,26.5,30.0,16.2,14.1,16.2,21.2,11.0,7.1,32.0,29.7,26.0,22.2,9.2,11.3,28.6,37.6,20.0,19.4,4.0,13.3,34.3,45.5,19.0,21.2,21.8,20.2,20.0,12.1,15.3,13.1,4.0,3.1,28.7,17.3,22.2,30.6,14.1,17.2,19.2,11.0,3.0,7.1,15.0,15.3
1772941573.291422,29.9,24.5,44.0,29.7,24.2,20.0,24.0,15.2,25.0,19.0,18.2,34.3,11.1,14.1,13.3,14.3,17.0,13.0,19.0,21.2,22.2,26.0,8.1,13.1,28.0,31.3,16.2,20.0,4.0,18.8,29.7,31.0,17.3,18.4,21.0,27.0,21.0,5.0,13.0,15.0,3.1,1.0,16.3,23.8,24.5,25.7,14.3,15.2,14.1,14.1,3.0,5.2,10.1,18.2
1772941574.292379,17.7,13.1,43.6,32.0,22.2,15.0,20.8,8.2,15.2,20.8,23.8,26.0,5.1,4.0,6.1,6.0,11.1,2.0,26.3,19.0,10.1,30.7,12.1,19.0,37.0,34.0,15.2,18.2,5.1,3.1,23.2,35.0,22.8,18.2,21.8,16.8,18.0,9.1,17.0,13.1,4.0,3.0,17.0,16.2,21.2,23.2,18.0,11.8,3.0,22.2,6.1,3.0,14.1,13.0
1772941575.2938511,18.8,12.1,39.0,37.4,21.2,18.8,13.0,24.8,24.2,17.0,18.2,30.7,4.0,4.0,5.1,5.1,14.0,11.0,25.7,29.7,17.0,15.2,6.1,8.1,36.7,32.7,23.8,14.0,5.0,4.0,35.4,35.4,13.3,19.0,28.0,9.9,11.1,17.0,18.8,12.0,3.0,2.0,19.2,20.8,25.7,24.0,13.1,16.2,9.2,16.2,7.9,1.0,17.2,10.3
1772941576.293918,25.8,27.0,38.8,36.6,13.5,24.2,11.2,21.8,15.0,24.5,25.0,27.3,15.0,13.0,10.1,10.1,12.2,6.1,19.2,19.2,22.0,9.1,13.3,15.2,26.5,28.0,14.3,19.2,5.1,3.0,34.0,33.0,8.2,12.0,15.0,20.2,8.2,21.0,11.1,14.0,5.0,3.1,20.2,19.2,25.3,31.3,17.0,14.1,4.0,19.2,5.1,5.1,13.4,18.0
1772941577.293997,30.2,25.0,39.8,45.5,20.2,4.0,16.2,22.0,29.0,21.0,27.3,27.7,13.3,15.2,7.9,5.1,16.0,9.3,28.3,28.3,37.0,17.0,18.2,7.1,28.7,32.0,18.0,20.0,3.1,4.1,32.0,35.6,16.2,27.0,23.2,30.7,25.5,23.2,11.1,12.9,3.1,1.0,19.2,21.2,30.0,32.7,18.2,14.1,10.1,17.2,5.1,2.1,17.8,17.3
1772941578.2952144,16.5,13.1,43.6,40.0,17.8,2.0,9.1,22.5,2.0,16.0,24.0,23.2,9.0,7.1,8.1,2.0,10.0,13.7,15.3,24.0,25.0,11.9,18.8,25.3,30.3,38.0,11.1,19.0,5.0,3.9,43.0,37.0,19.2,16.2,20.2,11.0,24.2,21.0,17.8,12.9,3.0,3.0,16.0,20.8,34.3,34.0,12.0,12.2,1.0,19.0,5.1,2.0,10.1,13.0
1772941579.2975593,23.0,17.8,43.6,37.6,23.2,5.1,16.7,23.8,18.0,16.0,20.8,19.0,7.1,8.0,15.2,14.9,9.1,7.1,20.8,31.0,30.7,16.2,15.2,19.2,38.0,29.6,18.8,23.0,5.1,4.1,38.0,41.6,21.0,22.0,24.8,21.8,21.0,23.0,15.8,15.2,3.0,2.1,23.3,19.8,24.0,28.3,12.0,21.6,10.8,20.8,5.1,4.0,16.0,11.0
1772941580.2991302,17.9,21.4,42.4,34.7,20.2,2.0,9.1,22.2,18.0,22.0,28.6,18.0,15.0,18.2,14.1,21.0,13.0,14.0,27.7,22.0,27.7,17.2,13.1,10.2,26.3,26.5,20.2,18.0,4.0,3.0,32.0,29.0,19.8,20.0,21.0,17.0,14.1,16.0,16.0,17.8,4.0,6.0,21.2,20.4,31.0,29.7,12.1,16.0,2.0,19.2,7.0,4.0,18.2,10.1
1772941581.299222,20.4,11.0,42.0,32.3,22.0,4.0,15.5,24.0,16.3,27.6,34.7,21.2,13.5,11.3,15.2,12.2,4.1,8.2,15.3,18.2,16.2,22.4,10.2,14.1,37.4,35.4,16.3,21.4,3.1,5.1,36.7,24.2,20.4,22.2,31.0,21.2,21.2,18.4,11.2,16.2,3.1,3.0,18.0,19.2,28.3,18.2,11.2,17.3,9.2,17.2,7.1,2.0,13.1,14.1
1772941582.3025236,9.2,2.0,36.4,40.6,18.2,20.0,8.1,23.8,15.8,21.8,34.7,12.1,5.1,6.1,11.2,16.0,9.9,17.3,13.0,18.0,25.0,20.8,16.8,11.9,30.3,29.6,13.9,20.8,3.0,5.0,40.0,39.0,19.2,20.0,17.0,23.5,32.4,14.0,14.9,13.0,4.0,3.0,20.0,19.0,30.7,20.0,19.4,12.9,4.0,19.2,3.1,6.1,11.0,18.0
1772941583.3035605,17.8,6.1,42.4,36.6,22.0,21.2,14.9,22.8,18.4,28.7,27.3,30.0,7.9,6.1,17.0,16.0,9.1,9.1,17.2,11.2,13.0,8.2,18.0,18.2,29.0,35.4,21.0,19.8,4.0,5.1,31.0,44.0,25.0,14.3,13.0,30.0,31.7,15.0,17.2,17.8,2.0,6.1,26.7,19.2,28.0,26.3,15.3,18.0,14.1,13.1,3.1,11.0,12.1,20.0
1772941584.3093116,17.8,14.0,45.5,32.7,14.4,26.7,9.1,22.0,22.8,19.8,27.0,25.3,17.0,18.0,17.0,19.8,8.1,10.2,14.0,17.0,17.2,17.2,8.2,7.1,19.2,29.4,23.0,20.2,4.0,4.0,29.0,34.7,17.0,21.0,15.7,26.0,28.7,18.0,12.0,17.3,4.0,4.0,23.2,15.0,29.0,29.0,9.9,18.4,20.2,4.0,6.1,6.1,12.0,12.2
1772941585.310082,18.8,23.5,46.0,33.0,20.2,16.2,23.0,18.0,20.2,21.2,32.0,28.7,16.2,12.2,13.0,15.2,13.1,12.1,15.2,16.8,7.0,20.2,14.0,15.3,39.6,37.4,28.0,16.3,3.1,8.0,32.7,35.4,22.2,25.3,29.3,22.2,15.2,32.3,15.2,16.8,5.1,6.1,23.0,18.2,27.0,33.7,20.2,17.8,12.0,18.0,5.0,7.1,21.2,17.0
1772941586.3104107,17.5,13.9,44.0,32.0,13.3,11.0,22.2,9.2,22.0,23.5,20.2,29.6,11.2,4.1,13.1,15.0,5.0,9.0,21.2,28.0,11.2,20.0,10.3,14.0,32.0,37.4,15.3,23.0,6.0,2.0,21.2,40.6,23.5,18.0,23.0,16.0,22.4,24.0,17.0,18.2,7.1,2.0,22.0,16.8,23.5,32.0,16.2,13.1,16.0,8.1,3.1,6.1,18.2,10.2
1772941587.3108892,23.0,19.2,35.4,39.0,18.0,18.0,30.0,18.6,24.2,21.2,29.7,26.7,20.2,11.0,22.2,15.2,17.2,12.1,22.0,19.4,23.0,17.0,16.8,12.1,24.8,32.0,23.5,18.0,3.0,6.1,34.0,33.7,15.3,22.2,22.5,20.0,14.0,14.0,17.3,10.0,4.0,4.1,19.4,25.3,27.0,23.2,20.0,14.1,18.2,11.2,4.0,6.0,7.1,18.0
1772941588.3109725,25.8,21.6,45.0,27.0,10.3,30.0,14.1,24.0,28.3,21.2,28.0,22.2,18.2,13.1,14.0,18.2,7.1,8.0,34.3,25.0,20.0,25.5,9.2,11.1,25.0,39.4,21.2,15.2,5.1,3.0,27.0,30.7,16.0,14.1,15.2,26.0,13.1,14.0,17.8,16.2,3.0,3.0,15.2,22.0,26.3,17.2,22.0,17.3,20.2,4.0,6.0,3.1,15.2,15.5
1772941589.3115106,26.3,23.0,36.4,43.6,8.2,32.0,23.0,11.2,29.0,24.8,28.0,28.3,13.1,14.4,13.0,14.1,15.2,16.2,23.0,21.0,27.7,23.2,12.1,12.1,23.2,30.3,23.0,13.0,18.4,3.1,39.0,38.0,19.0,4.1,25.3,21.0,14.1,11.3,14.0,14.0,3.1,4.0,21.0,22.4,37.0,23.0,16.0,14.1,10.1,18.2,3.1,7.1,13.0,18.2
1772941590.3116367,23.2,15.3,34.7,40.4,21.6,17.0,24.2,13.9,20.0,17.2,27.3,25.0,8.0,10.0,16.2,14.0,9.0,11.1,26.7,32.7,17.3,27.7,17.2,21.2,28.6,24.0,23.0,22.0,35.6,4.1,38.4,38.4,20.2,24.0,25.0,14.0,14.0,15.8,15.0,13.3,3.0,3.0,17.0,23.0,31.7,28.0,19.0,13.1,3.0,22.8,3.1,7.2,18.2,14.1
1772941591.3130121,23.5,27.0,36.6,44.0,23.5,21.0,23.5,18.2,17.3,10.1,18.2,13.3,11.1,8.0,21.2,18.2,15.0,11.1,22.2,21.0,22.0,10.1,13.1,8.0,11.2,24.5,21.2,19.0,36.4,5.0,36.6,36.3,20.8,23.2,17.2,24.0,15.0,12.1,16.0,18.6,3.0,4.0,26.0,18.2,22.7,31.0,9.2,19.0,8.2,21.4,4.0,8.0,13.1,18.2
1772941592.3141632,27.6,24.0,45.5,32.7,14.3,23.8,24.0,14.1,25.0,21.0,25.3,27.7,14.0,14.1,16.8,14.0,13.1,8.8,29.7,28.3,21.8,19.2,17.8,15.2,20.8,31.4,17.2,22.2,33.3,5.1,34.7,32.0,14.1,25.7,26.7,25.3,14.1,28.7,15.8,16.3,5.0,2.1,25.0,16.2,24.0,30.3,12.0,19.0,8.1,21.6,4.0,7.0,18.0,11.1
1772941593.31636,19.4,13.1,38.4,30.3,3.1,20.4,22.2,13.0,23.0,18.0,16.0,26.3,10.2,12.1,14.1,12.1,8.2,13.0,22.2,18.8,25.3,27.0,4.2,16.3,28.6,22.7,17.2,22.2,27.0,3.0,38.4,41.4,22.0,23.2,16.0,27.0,15.2,13.0,16.2,13.3,2.1,4.0,20.6,21.8,22.4,29.0,17.0,15.2,12.0,13.1,4.1,4.1,20.2,10.0
1772941594.3170555,24.5,25.0,46.0,30.7,3.1,19.6,25.0,14.0,29.7,12.0,22.0,33.0,8.1,4.0,15.0,15.0,12.2,10.1,25.7,26.3,15.2,23.2,13.0,18.0,28.3,34.0,19.0,19.2,4.1,7.1,40.0,37.0,21.4,17.0,25.7,23.8,18.0,17.8,12.1,15.8,3.0,4.1,19.6,18.0,25.3,28.0,12.1,17.0,10.1,22.2,6.0,4.1,16.3,12.2
1772941595.3192015,27.7,22.0,42.6,29.7,4.0,18.2,15.2,22.8,21.0,17.0,17.2,30.0,14.0,9.1,13.0,9.1,6.9,8.2,15.8,28.3,19.6,34.3,7.1,5.1,24.2,23.2,14.1,20.8,4.0,3.0,27.0,31.7,23.0,17.0,14.0,22.0,3.1,11.1,14.1,14.0,3.0,3.0,19.2,15.0,24.8,29.7,16.0,12.7,18.0,4.0,5.0,3.1,13.0,11.1
1772941596.320006,21.4,19.4,39.4,37.4,12.2,14.9,16.2,21.0,30.0,17.2,32.7,26.3,16.5,14.0,7.1,3.0,11.2,19.0,27.0,25.3,21.2,21.0,10.1,12.1,38.0,38.6,27.7,21.8,6.0,3.1,35.6,33.0,17.2,22.0,27.0,23.8,4.1,8.1,11.1,17.0,3.0,5.1,18.0,25.0,29.7,28.0,17.8,20.4,18.2,10.1,14.1,6.1,24.0,13.1
1772941597.3213644,23.5,18.0,40.4,47.5,21.8,2.0,21.8,18.2,18.0,12.1,20.4,23.8,9.1,8.2,6.0,6.1,11.1,2.0,26.3,28.7,29.3,24.5,22.4,21.0,34.3,39.8,22.0,15.5,4.1,3.1,37.8,43.4,17.2,20.2,11.0,26.0,23.0,19.2,13.0,14.0,2.0,4.0,16.0,22.0,23.0,28.6,13.1,16.0,19.2,2.1,28.6,5.2,14.0,16.2
1772941598.3214486,28.9,23.2,42.0,50.0,37.4,1.0,12.2,21.2,9.1,23.0,33.3,26.5,8.2,12.1,5.2,7.0,18.0,17.2,25.3,20.4,18.2,24.0,23.2,16.3,24.2,38.0,21.2,26.5,5.2,4.0,26.0,40.4,24.2,20.2,14.0,26.0,30.0,16.2,17.0,17.8,3.0,3.1,24.2,19.0,38.1,41.6,24.2,11.1,9.1,22.8,41.0,6.0,11.2,22.2
1772941599.3251958,20.2,15.2,29.6,43.6,21.4,14.0,28.7,11.1,1.0,14.0,35.0,15.0,15.2,13.1,17.0,11.2,3.0,10.0,23.8,29.7,32.0,18.8,15.0,12.9,20.2,10.0,16.2,16.2,4.0,4.0,21.8,29.0,23.0,14.0,27.0,18.0,32.7,14.9,16.8,11.1,4.0,4.0,21.2,15.0,23.5,24.2,14.1,11.1,7.0,19.2,27.3,5.1,9.1,15.8
1772941600.3262231,11.1,3.0,40.0,31.7,25.0,13.1,22.2,9.0,9.2,16.0,23.0,27.0,13.3,11.2,12.0,15.0,10.1,13.3,13.3,18.4,22.2,17.0,5.1,4.0,38.4,38.4,18.2,15.0,6.9,4.0,26.7,36.0,5.0,17.0,28.7,13.0,32.7,13.9,15.0,13.9,3.1,2.0,18.0,18.0,25.3,22.0,11.9,14.0,16.3,13.9,16.8,4.0,16.0,12.2
1772941601.328019,21.0,9.0,44.0,31.0,32.0,14.0,20.8,19.8,6.1,11.1,23.2,24.8,7.9,5.1,14.1,16.2,7.1,10.9,18.0,20.0,26.0,29.7,21.2,20.0,36.4,44.4,19.8,20.0,4.1,3.0,42.6,38.6,13.1,17.2,23.0,19.0,32.7,13.4,14.1,12.1,4.0,3.0,19.0,22.5,24.0,34.0,15.0,16.3,19.8,3.1,30.6,8.0,17.2,13.0
1772941602.328266,14.7,17.3,29.3,47.5,30.6,4.0,11.1,21.0,21.8,18.2,21.2,20.2,8.2,13.0,22.8,14.3,18.0,10.2,11.0,12.1,16.0,20.0,10.0,6.2,31.0,30.3,24.2,19.0,4.0,4.1,45.5,35.4,23.2,18.2,25.0,14.1,30.7,15.8,17.2,16.0,6.1,1.0,15.3,23.2,27.7,25.7,14.1,18.0,11.0,19.0,29.4,12.1,15.5,9.3
1772941603.3303146,13.1,13.3,40.6,39.0,21.0,4.0,21.0,21.0,20.2,15.2,27.0,23.8,16.8,13.1,15.2,13.9,9.0,10.1,13.0,23.0,15.5,17.0,9.2,15.0,25.0,30.3,22.2,19.2,4.1,4.0,35.3,31.7,17.0,23.2,32.0,22.0,19.2,18.2,16.2,19.0,3.0,3.1,19.0,22.0,27.3,32.0,14.1,22.2,13.1,10.1,5.0,37.4,12.9,19.0
1772941604.330626,23.5,16.2,45.0,32.3,22.2,16.3,21.2,14.3,33.3,17.0,34.3,23.2,13.1,9.2,15.8,17.0,11.1,14.1,15.2,18.2,19.0,23.0,16.0,15.3,39.4,36.0,16.2,24.2,5.0,7.0,38.6,37.3,17.0,22.0,29.7,11.1,13.9,15.0,15.2,17.0,3.0,4.1,17.0,24.2,31.3,21.2,17.0,20.0,8.1,22.2,10.1,35.4,11.1,19.2
1772941605.3319855,26.0,27.0,35.0,38.6,12.1,24.5,21.0,12.1,24.0,15.0,22.2,29.3,3.0,7.1,12.1,14.0,7.1,13.0,20.4,25.0,21.0,30.0,5.1,16.0,38.4,27.3,22.2,19.2,2.0,4.1,39.8,34.3,20.2,20.0,19.2,21.0,12.2,14.1,16.8,15.0,1.0,5.0,18.2,19.0,22.0,33.0,16.8,13.1,13.0,1.0,5.1,32.7,13.1,17.2
1772941606.3331816,22.7,19.4,39.0,37.0,22.4,21.2,10.2,25.5,19.0,15.2,33.7,23.5,12.0,13.1,23.2,16.2,8.2,6.2,24.2,24.8,19.0,27.0,12.1,21.0,26.3,24.2,22.4,26.0,6.0,5.1,34.3,40.0,25.3,19.4,12.7,31.0,13.0,15.2,17.3,10.2,3.0,3.1,20.0,18.2,24.0,30.0,18.4,8.2,21.2,11.1,6.1,37.8,13.1,14.1
1772941607.3377075,18.6,18.8,32.3,43.6,22.0,18.8,14.0,18.4,11.0,20.0,28.0,24.0,13.3,12.1,13.1,13.9,14.7,18.0,22.8,21.4,27.0,26.0,6.1,8.0,19.0,17.0,18.8,18.0,2.0,5.0,37.4,23.2,20.0,17.0,27.0,19.8,12.9,14.0,16.8,14.9,3.0,3.0,18.2,22.0,24.0,25.7,15.0,14.0,4.1,16.0,5.0,35.0,13.0,22.8
1772941608.3382726,24.2,23.2,41.0,36.0,20.4,22.2,26.0,14.0,19.2,22.8,28.0,19.4,12.1,9.1,12.2,14.1,8.1,4.0,29.0,27.7,14.0,27.5,20.0,19.2,19.6,30.3,20.2,15.0,5.1,4.0,41.2,37.6,18.2,22.0,12.0,28.3,13.1,22.0,17.0,13.0,3.0,4.0,23.0,18.2,26.5,23.5,12.1,18.0,17.0,12.1,4.0,23.2,12.2,17.3
1772941609.3383586,27.6,22.4,45.9,29.0,13.3,27.0,27.3,7.1,26.3,24.2,32.7,24.0,7.1,8.9,14.0,15.3,13.3,16.2,18.2,22.2,24.5,27.3,9.2,10.1,28.0,26.5,24.0,20.2,4.1,4.1,33.7,41.8,23.0,19.2,11.2,26.0,28.3,18.0,12.1,16.2,4.1,2.1,21.0,25.7,29.7,30.0,15.2,19.4,22.2,8.2,11.1,33.7,18.8,17.2
1772941610.343602,21.2,17.8,35.3,37.0,11.5,23.8,15.8,22.0,9.2,23.8,28.0,25.0,14.0,16.2,20.6,17.0,7.0,11.0,33.3,24.0,16.2,26.0,16.0,14.1,14.4,17.0,19.8,19.2,4.0,5.0,22.2,35.6,19.4,19.2,23.8,23.8,24.8,23.5,12.7,15.0,2.0,5.0,20.8,19.0,25.5,30.3,14.1,16.0,4.0,21.8,4.0,34.7,12.1,14.4
1772941611.346775,25.7,19.8,38.4,40.0,13.1,27.7,8.2,25.3,24.5,25.0,30.7,28.3,12.1,16.2,13.1,14.0,12.0,16.2,26.0,21.2,29.7,19.2,15.0,8.2,19.8,33.0,24.2,17.2,6.0,4.0,32.4,32.3,26.0,17.2,28.0,13.1,30.3,16.0,16.2,19.8,1.0,5.0,23.0,21.2,26.5,33.3,17.0,20.2,16.8,15.2,5.1,29.3,16.0,15.2
1772941612.349343,22.9,24.0,43.6,34.3,11.3,27.0,26.5,13.9,22.2,18.0,18.4,22.5,8.1,13.1,17.0,13.9,8.2,9.1,29.7,26.0,30.3,17.2,23.2,19.0,36.4,40.0,24.0,20.0,5.1,5.1,45.0,39.6,27.3,13.0,26.7,14.1,15.0,15.2,15.3,11.2,3.0,4.1,16.3,24.8,24.5,27.0,13.0,21.0,20.4,3.1,5.0,34.0,11.2,18.2
1772941613.3563535,24.0,18.0,35.0,42.6,15.0,24.0,13.0,23.0,30.7,15.0,17.8,24.0,14.0,5.9,16.0,21.8,8.9,13.0,21.0,21.6,21.6,23.8,2.0,7.1,30.0,38.4,22.0,18.2,5.0,3.0,39.2,35.6,8.8,15.2,17.0,20.6,15.0,17.0,11.9,13.6,3.0,3.0,15.7,22.8,24.0,22.0,10.1,16.8,17.8,10.0,4.0,13.3,16.7,13.0
1772941614.3568294,21.4,20.2,38.4,40.0,17.2,8.0,13.4,19.0,14.3,26.0,24.2,28.3,17.0,14.3,13.1,16.2,8.2,15.2,26.3,25.0,13.1,19.0,14.1,17.2,29.3,29.6,22.0,19.8,3.1,5.1,30.6,34.0,9.2,22.2,20.0,26.5,24.0,4.1,15.2,16.2,3.1,3.1,17.2,25.3,25.7,29.0,22.8,15.0,21.0,2.0,4.0,5.1,15.2,19.2
1772941615.3584697,22.0,19.0,39.6,39.2,35.0,3.0,26.5,17.2,20.8,23.0,29.0,27.3,10.2,11.1,10.0,13.1,9.9,12.9,27.0,24.0,12.2,20.8,13.3,16.2,21.4,23.0,21.8,23.8,5.1,5.0,35.6,35.0,16.0,24.0,23.8,17.8,22.0,7.0,14.1,16.8,3.1,5.9,18.0,22.0,26.0,26.0,18.0,18.2,18.2,10.2,5.0,5.0,15.2,15.2
1772941616.3587606,25.8,21.6,31.6,42.4,22.2,15.2,7.1,23.8,10.2,23.2,24.5,21.0,6.0,5.2,4.0,9.0,9.2,15.0,21.0,20.2,22.2,25.7,14.0,13.1,29.9,27.3,13.3,18.6,3.1,4.1,29.3,46.5,17.2,23.2,13.1,26.3,16.2,10.1,12.1,17.8,6.0,2.1,16.2,24.2,26.5,24.2,16.2,10.1,22.4,4.0,5.1,22.2,7.1,18.2
1772941617.3596542,20.6,16.2,46.0,45.0,21.4,24.2,16.0,16.3,17.0,14.0,28.7,25.0,10.0,10.0,11.0,8.2,10.9,3.1,28.0,28.0,24.5,14.3,26.5,10.1,27.3,38.0,18.2,20.2,4.0,4.0,36.0,42.4,19.0,20.4,20.2,22.0,6.0,23.0,18.8,13.1,7.0,5.1,19.0,19.0,35.4,26.3,14.1,21.2,21.0,5.1,5.1,26.3,13.1,17.3
1772941618.36544,14.6,16.0,39.4,41.6,23.2,12.9,27.0,12.9,7.1,20.0,31.0,20.0,16.2,20.0,4.0,6.0,19.0,13.0,24.2,17.2,25.0,29.0,17.0,14.0,30.0,20.0,17.8,19.2,4.0,4.0,25.7,37.0,22.2,18.6,26.5,20.8,16.0,19.0,15.0,17.0,4.1,5.0,22.8,22.0,38.6,29.3,18.2,14.9,4.0,21.2,5.0,20.2,16.3,11.0
1772941619.367249,15.0,12.0,33.0,43.6,20.6,22.0,17.8,19.0,24.0,22.0,30.0,29.7,23.5,26.3,4.0,7.1,3.1,12.1,25.7,22.0,30.3,11.9,15.2,14.3,39.6,36.0,22.2,15.0,5.9,5.0,30.0,39.6,20.8,20.2,16.2,22.0,27.3,16.0,12.1,16.0,8.0,2.0,23.8,18.8,31.0,25.0,13.0,20.0,11.0,19.8,4.0,6.1,23.0,14.1
1772941620.369331,19.2,12.2,46.5,27.5,15.0,22.8,18.4,15.8,18.2,22.0,21.0,17.2,26.7,6.0,5.0,10.0,14.3,16.3,9.1,23.2,20.6,33.3,12.0,4.0,48.5,43.6,25.0,14.0,4.0,4.0,37.0,35.4,19.2,21.0,17.0,20.8,27.0,19.2,11.0,14.0,2.0,3.0,15.0,24.8,32.7,21.0,13.9,17.8,19.0,4.1,2.0,7.9,12.1,12.1
1772941621.3693824,15.8,9.1,42.9,30.6,3.1,21.2,13.1,26.0,10.2,35.0,23.5,11.1,34.3,23.2,21.2,16.2,10.1,5.1,17.2,19.0,14.3,22.0,21.4,15.0,24.2,33.3,20.2,21.2,2.1,4.1,22.2,40.6,18.2,18.4,11.2,28.0,23.2,24.0,16.3,13.1,3.1,3.1,19.4,19.2,27.6,20.4,17.3,16.3,22.0,8.2,1.0,6.2,12.2,13.1
1772941622.369624,12.4,12.2,38.6,40.6,5.1,16.0,11.0,23.2,19.0,23.0,16.0,14.4,22.4,13.3,23.8,19.8,14.9,16.0,18.0,11.2,19.4,34.3,9.0,10.2,24.0,30.9,19.0,21.8,3.1,4.1,30.4,29.3,21.2,19.0,22.8,26.0,27.0,15.2,14.0,12.0,5.0,4.0,18.6,19.0,23.5,27.3,15.2,18.2,17.3,9.1,3.0,7.1,18.0,18.2
1772941623.3706536,25.5,22.8,40.6,39.4,1.0,18.0,13.0,22.8,19.4,27.7,20.4,20.2,16.0,9.3,13.1,15.3,6.1,9.1,31.0,30.0,19.2,25.3,14.1,17.0,36.4,32.0,23.2,23.0,6.0,3.0,35.0,35.0,19.2,25.7,32.4,10.1,12.1,16.0,17.2,17.2,3.1,3.1,17.0,24.2,30.4,29.7,14.3,22.2,8.1,20.2,3.0,6.1,12.1,16.3
1772941624.3731475,23.5,21.0,40.0,39.0,4.1,17.0,19.2,18.2,23.0,16.2,14.0,17.0,12.9,15.0,22.4,14.1,15.8,12.7,24.0,28.7,19.2,34.0,11.0,11.0,39.4,38.0,20.2,26.0,3.1,27.0,42.4,35.4,18.0,22.4,15.0,23.0,14.1,31.7,17.0,17.8,5.1,3.1,24.2,16.2,25.3,23.2,17.2,16.0,7.1,17.8,1.0,6.2,15.0,18.2
1772941625.375392,24.0,17.2,37.6,33.0,13.3,10.9,24.5,7.1,16.8,21.6,23.0,26.0,17.0,14.1,14.0,17.2,7.1,9.1,20.0,25.0,14.0,7.0,4.0,11.1,30.0,34.0,21.4,17.8,3.0,28.0,39.6,35.0,8.0,13.9,21.0,22.8,13.9,31.7,16.8,12.0,5.0,2.0,19.8,21.8,22.8,22.5,11.0,16.2,22.0,6.1,2.0,6.9,13.0,17.0
1772941626.3754585,20.8,17.3,35.7,37.3,20.4,14.4,15.2,24.8,18.2,6.1,31.0,15.3,13.3,12.1,13.3,13.0,7.1,13.4,23.5,27.3,24.5,13.1,14.1,13.3,15.2,17.3,16.2,21.0,5.0,25.3,34.3,41.4,22.9,16.5,25.3,22.0,14.1,32.0,15.3,12.1,4.1,3.0,21.4,14.1,24.2,22.4,9.1,21.0,23.2,5.1,5.1,4.1,10.2,16.5
1772941627.3764691,26.8,20.2,39.8,35.0,32.3,10.9,21.2,10.2,7.1,12.2,21.4,30.7,4.0,5.1,13.9,15.3,11.1,10.1,21.8,20.8,26.0,17.2,9.2,14.0,27.0,24.0,18.2,21.2,2.0,32.0,38.2,31.7,23.0,15.0,14.0,28.0,16.0,31.3,13.0,15.2,3.0,5.0,22.0,15.8,31.7,19.2,17.2,11.1,17.8,10.1,2.0,5.1,14.1,14.3
1772941628.3786464,23.0,17.2,46.5,32.7,24.2,12.0,24.0,14.0,5.1,16.8,30.7,25.3,12.0,9.1,21.0,18.2,10.9,8.1,29.0,26.5,28.7,19.2,16.8,15.0,31.6,43.4,16.7,21.2,4.0,33.3,46.5,33.3,22.2,21.2,11.1,28.7,14.0,31.7,16.3,15.8,4.1,1.0,20.0,22.2,28.3,26.5,21.0,13.9,12.1,11.1,4.1,5.1,14.0,14.0
1772941629.3787282,23.2,20.0,39.4,37.6,20.4,17.2,26.0,14.1,17.0,11.2,16.2,19.8,16.2,12.4,13.3,15.0,15.2,14.0,20.2,21.0,25.0,23.8,13.3,6.1,33.7,33.7,22.4,19.2,4.0,37.0,39.0,33.0,22.2,19.0,23.8,17.2,13.1,32.0,18.0,15.2,5.1,2.0,21.2,23.2,30.3,29.0,18.4,13.4,13.1,16.0,4.0,6.1,15.8,20.8
1772941630.3788142,23.5,25.3,33.3,40.6,21.0,1.0,7.1,29.7,20.4,29.7,19.2,30.9,11.2,10.1,13.1,15.2,3.1,10.2,27.0,32.3,25.3,22.2,19.0,21.2,24.2,32.0,13.3,28.0,4.1,15.5,29.4,30.0,22.0,21.4,32.7,17.0,19.2,25.0,16.0,14.9,3.1,3.0,22.0,19.0,22.0,29.0,12.1,22.0,3.1,18.2,6.1,11.1,13.1,19.0
1772941631.3789105,25.8,20.4,44.0,31.7,17.7,22.0,13.1,25.0,19.2,25.0,26.7,25.7,8.2,8.1,19.2,15.2,16.2,17.0,19.2,26.0,21.2,28.0,9.2,7.2,36.4,35.4,15.2,22.8,4.0,33.3,44.0,36.0,25.0,21.2,28.7,12.9,13.1,12.1,14.1,14.1,4.0,3.0,18.4,20.0,23.5,28.0,11.0,14.0,6.1,21.2,5.2,4.0,17.5,13.3
1772941632.3802652,19.6,14.1,42.4,39.0,20.0,19.4,13.3,21.0,12.2,30.3,27.3,25.0,15.0,12.2,15.8,16.0,6.1,12.1,24.0,28.4,19.0,26.0,17.2,14.3,33.0,35.4,19.0,20.4,4.0,36.6,40.4,38.0,16.3,23.0,13.1,27.7,15.0,12.0,18.6,15.8,3.1,3.0,24.5,14.1,20.6,30.3,14.3,22.0,12.0,21.8,3.1,6.1,17.3,13.0
1772941633.3833675,22.9,24.8,45.9,30.3,6.2,32.0,12.9,25.3,15.8,28.7,33.7,26.0,13.4,11.0,14.1,14.1,12.9,15.2,21.8,25.0,28.3,18.8,19.0,11.1,36.0,26.0,19.8,24.0,6.1,14.1,22.2,29.1,22.8,19.2,19.8,30.0,12.9,15.2,17.2,15.2,4.0,4.0,24.5,20.8,30.3,30.3,13.9,20.2,22.2,5.2,9.1,26.5,18.0,14.1
1772941634.3841422,28.3,21.2,50.0,25.7,7.1,34.7,14.1,25.5,17.3,9.3,21.0,28.3,9.9,3.0,14.1,20.8,11.1,9.0,23.2,21.4,26.0,19.0,14.3,12.2,31.0,27.3,21.2,23.0,6.0,5.1,35.6,30.6,17.3,22.2,13.3,29.3,13.1,18.0,13.0,23.0,3.1,4.0,26.0,21.2,26.0,31.7,15.3,15.0,16.0,14.0,6.1,25.5,19.0,11.2
1772941635.3880334,21.0,17.2,41.0,34.0,20.8,21.0,26.3,13.3,19.8,18.8,25.0,30.0,12.1,13.0,17.2,21.2,7.1,16.2,27.0,28.7,28.0,29.3,8.1,13.1,39.0,35.4,23.2,19.0,6.1,3.1,43.0,38.6,23.2,19.4,12.1,26.7,10.3,16.0,19.8,14.1,4.0,3.0,26.0,18.2,26.3,29.6,21.0,13.1,8.1,19.4,4.0,35.0,9.2,22.0
1772941636.3886194,24.5,21.0,39.6,42.6,22.0,21.2,16.0,24.0,23.0,21.6,26.3,19.2,14.3,12.1,14.7,13.1,12.0,10.1,19.0,21.2,14.9,22.0,16.0,19.0,34.7,37.0,21.2,15.8,4.0,3.1,43.6,35.4,13.1,8.8,10.0,29.0,15.0,13.0,13.1,17.8,4.0,1.0,22.8,22.0,29.0,21.0,20.8,14.9,6.1,25.0,6.0,31.7,14.0,13.3
1772941637.3956907,24.0,11.0,46.0,46.1,28.0,9.9,24.8,11.8,26.7,15.0,28.0,24.5,9.0,9.0,6.0,4.0,9.0,7.8,27.5,30.7,15.0,26.7,25.0,24.5,27.7,25.0,18.4,21.0,1.0,4.0,34.0,31.7,17.0,17.0,19.8,28.4,19.0,8.9,13.9,15.0,3.0,4.9,19.0,17.8,35.3,31.4,15.0,15.0,7.9,20.6,4.0,32.7,13.1,11.9
1772941638.3974776,15.3,10.2,30.6,45.0,18.4,1.0,17.2,20.2,16.2,23.2,24.0,30.0,20.2,6.1,5.1,4.1,14.3,11.2,13.3,23.2,12.2,7.2,9.2,5.2,19.6,25.5,22.4,13.3,5.1,3.1,34.0,31.6,24.8,20.4,18.2,23.2,10.1,4.1,14.1,14.1,1.0,5.0,24.2,18.4,29.6,26.5,14.3,14.1,7.2,21.4,8.2,3.0,11.2,16.5
1772941639.3991356,9.1,4.0,32.0,42.0,19.2,2.0,6.1,28.0,15.0,22.0,18.2,30.3,25.3,12.1,7.9,12.0,5.0,5.1,14.1,18.0,25.3,14.0,12.0,14.9,32.0,34.7,17.2,15.0,4.0,3.0,43.4,34.0,20.2,20.2,26.5,9.1,13.0,9.1,13.0,14.0,4.0,5.1,14.3,19.2,21.0,22.0,10.0,16.2,4.0,16.0,3.0,3.1,14.0,10.1
1772941640.3992171,16.5,11.3,37.0,44.0,21.0,2.0,10.1,24.0,25.0,22.0,17.0,18.2,18.2,18.2,4.1,7.1,13.0,15.2,13.0,12.2,29.4,23.2,8.1,10.3,40.0,37.1,20.0,24.2,3.1,5.1,20.2,37.0,19.2,23.2,17.3,21.8,20.0,26.3,16.0,15.2,4.1,4.0,28.4,16.0,32.0,28.6,20.8,13.1,10.1,25.0,7.0,6.1,14.4,21.2
1772941641.3999977,20.0,10.2,34.0,35.6,22.0,1.0,10.0,24.8,4.0,16.0,23.0,23.8,9.0,9.0,4.0,14.1,9.1,4.0,15.0,14.1,21.0,15.0,21.0,19.8,23.2,30.0,16.2,18.4,4.0,3.0,27.0,16.2,16.8,23.0,20.0,26.0,14.9,32.0,11.2,12.0,3.0,1.0,20.2,13.0,12.2,29.7,8.2,16.0,2.0,15.0,1.0,6.1,10.1,13.3
1772941642.4007204,17.2,18.4,38.0,30.7,9.1,17.0,10.2,21.2,10.0,20.2,20.4,27.3,7.1,17.2,14.1,15.8,10.1,8.9,17.0,15.2,17.0,37.4,9.2,4.0,29.0,27.3,15.2,21.0,5.0,4.0,28.3,15.0,18.4,21.2,25.7,14.1,14.3,31.7,17.6,14.1,5.0,3.0,17.0,21.0,28.3,24.2,13.1,16.3,17.2,13.3,3.0,7.1,16.8,10.2
1772941643.4008005,16.7,12.0,38.1,42.0,14.3,27.0,14.9,24.8,9.2,9.1,31.7,23.2,12.0,10.1,18.0,19.2,13.1,12.2,17.2,20.2,10.1,28.7,14.1,13.1,40.0,32.7,21.0,16.0,3.1,4.1,36.4,24.2,24.0,18.8,19.2,23.0,15.0,31.7,14.3,12.1,3.1,3.0,18.2,20.0,29.7,25.3,11.0,19.0,17.0,5.0,5.1,4.0,19.4,7.1
1772941644.4014122,29.6,22.4,35.0,44.0,10.3,28.3,16.0,22.2,9.9,15.2,27.7,24.0,13.3,12.1,14.0,13.3,5.1,7.1,24.2,28.7,23.0,29.0,11.0,13.1,41.4,33.7,21.2,16.0,4.0,4.0,37.4,29.0,17.0,16.2,26.3,12.1,13.1,32.7,14.9,16.8,6.9,3.0,17.8,25.0,27.3,23.0,13.1,12.1,21.2,9.2,4.0,7.1,16.2,18.0
1772941645.4017413,25.8,22.0,36.0,41.6,15.5,23.0,22.2,12.9,7.1,14.9,16.3,36.0,13.0,8.9,13.0,14.1,15.3,14.1,19.0,23.5,20.2,13.1,11.3,14.1,29.0,24.0,23.0,23.8,5.1,6.0,34.0,28.0,22.2,19.2,36.3,18.0,21.0,22.2,19.8,15.0,4.0,3.1,24.0,18.2,25.5,29.7,19.8,17.8,16.0,3.1,6.1,6.1,16.0,12.1
1772941646.402263,19.8,19.0,40.0,35.7,22.0,12.0,24.0,11.0,19.0,28.0,23.2,33.0,7.1,6.1,13.0,14.1,6.1,11.1,25.0,34.3,26.0,31.0,15.8,16.0,32.0,34.0,21.8,18.2,4.0,5.1,31.7,39.0,19.2,23.0,31.0,12.9,31.7,18.0,14.9,14.0,3.1,3.1,22.2,22.0,26.3,40.4,22.0,18.4,22.0,11.1,7.0,6.1,18.4,20.0
1772941647.4047446,21.4,12.0,36.0,34.7,17.0,12.0,22.2,11.1,22.2,13.0,32.7,21.2,12.0,14.0,17.3,22.8,13.3,12.1,21.2,23.0,19.2,17.5,10.2,7.1,29.0,40.0,20.4,18.2,4.1,4.0,38.4,40.4,20.2,18.2,27.0,10.1,21.4,23.0,14.1,12.0,3.0,3.0,18.0,18.0,21.0,20.0,16.3,18.0,17.3,3.0,5.1,4.0,14.9,11.1
1772941648.4048152,27.1,27.6,40.4,34.0,21.6,18.6,25.7,16.2,25.0,25.3,31.3,18.2,15.3,10.2,14.3,14.1,6.1,15.2,27.7,23.5,31.0,18.0,14.0,17.2,28.6,42.4,23.0,17.0,5.1,4.0,30.7,35.0,14.4,14.1,29.7,14.1,28.7,17.3,12.2,15.8,3.1,2.0,19.2,17.2,24.5,30.6,16.0,15.0,23.0,8.3,5.1,6.1,14.1,17.2
1772941649.4082732,26.5,24.0,36.0,40.6,8.1,34.7,15.2,13.1,20.8,17.0,31.0,21.8,9.1,11.1,15.0,13.9,12.9,15.2,20.8,26.7,16.2,9.1,11.3,19.0,25.0,24.2,20.2,21.0,4.0,3.0,14.1,31.7,6.0,13.9,27.3,18.6,22.2,13.1,15.0,9.1,5.0,2.0,18.8,24.0,31.0,21.8,16.3,19.8,16.0,6.1,5.1,5.0,7.1,22.2
1772941650.409341,15.6,14.1,43.4,35.6,16.2,25.0,24.8,12.0,10.2,13.1,28.0,20.0,7.1,4.1,15.0,12.2,11.3,8.1,25.3,23.0,19.2,8.2,11.3,7.1,20.2,16.0,21.2,13.5,2.0,17.2,29.3,34.0,26.7,12.2,27.0,10.1,14.1,13.0,15.0,17.0,3.1,3.0,19.2,23.0,27.3,26.7,14.0,16.2,8.2,19.4,3.1,5.2,12.1,13.3
1772941651.4094245,25.5,20.2,45.5,28.0,0.0,34.7,24.5,13.3,13.1,20.8,25.7,29.3,13.9,11.0,16.2,22.2,10.0,5.0,26.0,24.5,16.2,33.0,16.0,11.2,27.6,35.7,16.2,18.8,6.1,20.2,40.0,40.0,17.2,23.0,17.0,22.8,15.0,28.0,19.0,16.0,2.0,3.1,22.0,20.8,28.0,24.5,16.0,11.2,2.0,19.8,2.0,7.1,18.2,10.0
1772941652.4094925,23.2,25.0,40.6,33.0,13.3,28.0,23.5,16.2,23.0,19.0,19.2,14.0,12.1,14.4,12.1,16.0,14.0,10.1,21.0,20.0,12.0,24.0,9.0,9.1,36.4,30.3,11.0,14.3,18.0,4.0,43.6,34.3,18.2,20.2,18.2,29.0,14.0,31.0,11.1,12.0,2.0,3.0,15.2,30.0,21.4,22.0,15.0,9.9,8.1,17.5,2.0,4.1,10.2,8.2
1772941653.4095652,24.7,18.4,39.4,40.0,8.2,27.7,22.4,15.2,25.3,18.2,25.3,22.2,9.2,12.0,15.8,14.9,13.1,8.1,28.3,26.3,21.0,39.0,20.2,14.1,29.0,26.8,20.4,21.6,20.2,4.1,34.0,32.0,22.2,19.2,12.9,26.3,13.1,32.0,13.1,17.2,2.0,5.1,17.2,25.0,28.3,28.3,18.4,15.0,6.1,19.2,4.0,7.0,19.8,14.1
1772941654.4134333,16.5,13.0,37.0,39.6,24.2,18.0,11.9,19.8,23.8,20.0,25.0,27.6,4.0,6.1,13.0,14.1,3.1,12.0,22.5,16.8,11.2,26.7,8.1,4.2,29.0,19.8,13.9,21.2,4.0,5.0,28.3,29.7,20.8,16.2,18.0,21.8,14.0,31.7,11.1,9.0,3.0,3.0,17.2,22.4,26.5,18.2,18.8,6.1,14.0,9.9,5.0,4.0,14.1,9.2
1772941655.4141123,26.5,24.0,41.4,32.7,17.3,21.0,13.1,24.0,24.2,19.2,27.3,22.0,7.1,13.1,19.0,18.8,15.0,18.0,26.7,28.3,16.8,33.7,15.3,16.0,40.0,35.4,25.3,20.2,4.0,5.1,37.6,44.6,17.2,23.0,28.7,22.0,9.1,29.7,17.6,12.0,4.0,4.1,21.8,21.0,31.3,28.0,16.2,17.8,23.0,8.2,6.1,5.1,21.2,13.0
1772941656.414707,23.2,19.0,39.6,42.0,6.2,38.0,16.2,21.2,21.8,21.2,32.0,24.8,15.2,13.1,12.2,16.0,6.1,10.2,21.4,25.0,10.1,33.7,18.2,16.3,41.0,30.6,16.2,21.0,5.2,2.0,44.4,34.3,9.2,15.2,21.0,31.0,11.0,13.1,16.3,13.1,4.0,3.1,22.2,20.0,28.0,32.3,13.9,16.3,10.1,14.1,4.1,6.1,13.1,15.0
1772941657.4228725,8.5,5.1,46.5,40.0,2.0,19.0,9.1,23.3,22.0,20.0,26.7,20.2,14.0,8.0,14.9,13.0,15.7,15.2,19.6,27.0,22.8,16.0,23.0,19.0,30.3,28.6,17.8,19.0,2.0,5.0,31.7,31.0,6.1,10.0,30.7,16.8,6.0,17.8,14.0,11.0,1.0,3.0,17.8,22.5,26.0,21.8,16.8,14.9,5.0,19.0,4.0,6.0,14.0,11.2
1772941658.4257584,11.9,4.0,41.8,39.2,22.2,6.1,19.0,19.2,25.0,13.0,25.7,29.3,5.0,4.0,6.1,8.0,4.0,10.0,17.2,15.0,20.0,30.0,9.1,14.9,14.3,21.0,13.1,21.4,23.2,5.0,28.7,31.7,14.0,5.0,29.7,11.9,18.8,10.0,14.9,17.6,1.0,4.1,18.0,25.0,41.0,35.0,6.1,17.2,24.0,13.3,3.0,7.1,11.1,16.8
1772941659.4260864,20.4,15.2,47.5,27.6,17.3,21.2,11.1,23.0,15.2,25.0,11.1,19.0,8.1,7.1,10.1,6.1,7.2,14.3,10.0,11.0,18.0,19.2,11.1,6.1,26.7,27.3,23.2,12.9,33.0,5.0,40.8,37.3,4.1,16.0,29.0,13.1,15.2,11.2,12.9,16.0,2.0,4.0,17.3,22.2,23.0,33.0,14.1,15.2,19.2,8.2,3.1,6.1,14.0,15.3
1772941660.4273481,13.7,9.2,32.3,33.3,12.0,30.4,14.7,8.1,13.9,30.3,5.0,9.9,7.1,14.9,4.0,3.0,11.9,11.0,5.1,4.0,29.0,30.7,19.2,8.1,36.4,36.4,13.0,14.1,16.2,1.0,41.0,31.6,3.9,18.2,17.6,24.8,10.0,15.8,12.2,19.0,1.0,2.0,9.8,18.8,19.0,24.0,19.0,13.9,21.0,5.0,4.0,3.1,15.0,20.0
1772941661.4274156,9.3,5.9,36.0,31.7,21.2,20.2,4.0,14.1,23.8,19.6,11.1,10.1,11.0,11.2,3.0,3.1,6.0,16.2,8.0,2.0,20.8,19.2,15.8,4.1,28.3,26.7,8.1,22.0,9.1,3.0,17.0,22.8,19.2,18.2,30.0,13.9,1.0,16.2,19.6,20.2,3.0,3.0,14.0,18.0,31.3,23.8,21.8,22.0,21.8,1.0,3.0,4.0,24.2,21.2
1772941662.4275038,8.1,7.1,29.0,29.0,21.4,20.2,2.0,11.0,10.0,20.4,5.1,4.0,4.0,2.1,0.0,1.0,10.2,4.0,11.0,12.0,15.2,2.0,11.1,3.0,23.0,29.3,8.0,18.8,2.0,2.0,15.7,16.2,22.2,18.0,33.7,17.3,2.0,1.0,18.0,15.0,0.0,1.0,14.0,17.0,20.8,20.2,22.0,16.2,3.1,17.8,3.0,4.0,18.0,14.9
1772941663.4319425,6.3,18.0,35.6,33.7,20.2,20.0,6.1,13.0,1.0,18.8,8.7,9.9,2.0,7.0,1.0,2.0,8.9,9.0,7.1,12.0,13.0,5.0,9.9,7.0,22.0,30.0,14.9,20.0,3.0,2.0,20.2,14.0,22.5,20.8,28.0,12.0,11.0,7.8,15.2,13.7,2.0,3.0,17.2,16.5,23.0,22.5,10.2,21.6,1.0,20.8,1.0,9.2,12.2,18.0
1772941664.434486,8.1,3.0,39.6,31.7,16.2,23.5,14.9,5.0,0.0,18.8,21.2,12.1,4.0,2.0,3.0,2.0,8.1,6.0,4.0,5.9,17.0,2.0,9.0,3.0,29.0,24.0,14.0,11.1,3.0,3.0,19.8,13.9,21.2,16.0,29.7,10.9,11.9,12.0,17.0,14.1,4.0,2.0,14.9,12.0,21.8,22.2,16.8,16.8,2.0,19.0,3.0,4.0,16.0,19.0
1772941665.4353669,8.0,4.0,29.9,34.0,21.8,17.2,15.3,9.0,6.9,14.0,21.0,17.2,3.1,4.0,3.0,3.0,9.0,7.1,8.1,3.0,19.0,4.0,10.1,13.3,33.0,22.0,22.5,16.7,3.0,3.0,16.2,19.0,13.1,12.1,23.8,19.0,13.1,12.0,15.0,15.8,2.0,3.1,16.2,19.0,27.3,21.0,16.2,19.0,1.0,20.0,6.0,4.0,15.0,20.4
1772941666.4354472,16.8,14.1,33.7,43.0,15.3,27.7,21.0,7.0,19.2,8.2,22.2,28.4,5.0,3.0,6.1,4.0,19.2,12.1,14.1,7.1,20.8,20.2,11.1,12.0,21.2,16.3,22.0,13.3,1.0,6.1,18.0,32.7,4.0,18.0,12.0,30.4,18.0,12.1,13.0,14.9,4.0,3.0,13.0,18.0,26.7,27.3,11.0,21.2,8.1,18.2,5.1,4.0,18.8,15.3
1772941667.4391263,28.6,20.0,29.3,40.0,10.1,31.7,24.8,8.2,19.0,14.9,23.8,21.2,16.8,10.1,15.0,4.0,7.1,9.1,16.8,17.0,17.2,23.8,12.0,7.1,29.7,20.0,20.2,15.0,5.0,18.8,43.6,37.0,4.1,11.1,12.0,30.0,32.0,15.0,10.0,17.0,2.0,4.0,19.0,22.0,24.2,27.0,18.0,12.1,2.0,18.0,5.1,1.0,10.2,16.2
1772941668.4392183,24.2,31.0,32.0,45.0,21.6,26.3,23.2,19.8,35.6,12.2,19.6,17.8,14.4,10.3,37.4,12.2,7.1,16.8,15.2,21.0,30.0,22.2,14.1,14.1,40.4,36.0,23.0,21.4,4.1,5.1,41.4,40.4,22.2,24.2,29.3,15.8,32.0,15.0,17.0,18.0,5.1,3.1,18.2,26.3,24.5,34.0,21.2,17.8,15.2,17.2,7.1,5.1,17.0,18.2
1772941669.4394903,15.6,10.2,32.7,30.3,16.0,22.8,10.0,11.1,21.8,21.0,26.5,15.0,7.1,7.9,12.9,11.9,7.9,18.2,16.0,22.2,24.0,21.6,9.0,15.2,23.0,29.0,20.0,9.0,3.0,3.1,22.0,34.7,21.8,17.0,33.3,18.8,32.4,11.1,17.0,13.0,1.0,3.0,18.0,14.9,23.0,25.0,13.0,23.2,18.2,3.0,6.0,3.1,19.2,17.2
1772941670.4395664,19.2,13.1,38.4,39.4,4.1,19.0,11.1,15.2,22.2,16.0,23.2,25.8,14.1,9.1,18.8,12.2,8.2,9.1,17.0,23.0,17.2,26.3,5.1,17.0,34.0,37.0,18.0,26.0,2.0,6.0,27.0,33.3,21.0,21.4,28.3,11.1,31.0,12.1,16.2,17.0,3.1,4.1,18.0,21.2,27.3,31.7,18.2,19.8,19.2,3.1,4.1,6.1,23.0,21.2
1772941671.4397395,18.4,12.0,37.0,39.2,6.1,19.0,23.2,19.6,21.2,17.2,20.8,25.7,26.7,4.0,12.1,15.8,3.0,9.9,22.0,16.3,16.0,25.0,9.1,14.0,27.6,20.4,13.3,20.2,3.1,3.1,29.3,30.3,16.3,22.8,26.3,10.0,30.0,15.2,14.9,13.0,3.0,1.0,25.5,15.8,23.8,26.0,15.0,14.0,19.2,3.0,5.0,5.1,12.2,15.3
1772941672.4401016,23.7,24.2,35.4,40.0,11.2,22.2,11.1,18.4,28.4,18.8,26.3,29.0,12.1,11.1,15.0,14.1,16.8,10.2,29.3,27.0,26.0,26.0,19.0,11.1,36.6,37.3,18.0,27.0,5.1,3.0,38.6,30.0,26.7,18.2,29.4,11.9,24.0,19.0,14.1,12.0,5.0,3.0,18.0,21.2,23.0,29.3,18.0,13.1,21.2,10.1,7.1,5.0,14.1,16.3
1772941673.4401915,26.3,23.0,32.7,42.4,10.4,30.0,21.2,15.0,14.1,0.0,19.0,24.2,14.4,13.1,13.1,13.1,9.2,8.1,24.0,24.0,17.2,22.0,8.2,10.0,31.6,36.1,18.2,20.0,5.1,4.1,36.0,21.4,19.2,20.0,27.3,12.1,28.3,17.0,10.0,13.1,3.0,2.0,19.2,18.0,24.8,19.2,16.3,11.2,17.2,3.0,4.0,5.2,15.0,12.0
1772941674.4406037,21.4,18.0,39.8,32.7,19.2,26.7,25.5,14.0,12.1,17.0,27.3,30.7,10.1,9.2,23.0,14.3,10.2,6.0,24.0,23.2,23.2,22.0,18.8,11.1,35.0,21.2,20.0,20.4,18.8,18.2,26.0,25.7,14.1,25.3,32.3,16.2,24.2,22.2,12.9,19.8,3.1,4.0,19.6,24.2,25.5,29.0,16.0,16.0,13.1,19.2,5.1,6.2,16.5,15.2
1772941675.4406807,21.6,21.2,44.0,35.3,40.0,9.9,23.5,7.1,8.0,10.1,22.2,31.3,7.9,3.0,13.1,15.0,13.1,13.1,25.0,23.2,22.2,27.0,18.2,15.0,29.0,26.0,23.2,18.8,34.7,5.1,29.6,11.1,18.2,18.0,25.0,14.0,15.0,32.7,20.2,13.1,4.0,3.1,21.4,21.0,22.2,28.7,14.1,18.0,21.0,3.1,1.0,7.1,13.1,13.3
1772941676.44075,25.0,22.2,39.4,35.0,26.5,21.2,22.2,18.0,8.2,18.2,24.0,30.3,12.2,11.1,15.2,14.0,11.1,4.1,25.0,24.0,16.0,18.2,8.2,14.3,35.4,39.0,19.0,19.0,27.0,13.0,29.0,26.0,20.2,18.4,26.5,15.2,14.1,13.3,16.0,14.1,3.0,6.0,17.2,21.0,29.7,22.4,10.0,17.2,19.8,10.2,2.0,8.1,18.0,14.1
1772941677.4421325,23.5,18.2,41.4,31.0,14.3,24.0,21.2,14.3,6.0,18.0,22.2,27.5,12.1,16.0,15.0,16.3,16.2,12.0,32.7,23.8,22.0,17.2,9.1,16.2,32.7,31.3,20.0,14.1,17.0,22.2,30.0,37.0,20.2,20.6,28.0,9.9,26.0,16.8,18.0,15.0,1.0,4.0,17.0,20.0,23.0,28.4,12.9,14.0,18.2,6.0,4.0,3.1,15.0,16.0
1772941678.4422894,25.5,16.0,36.4,45.5,21.4,19.4,29.0,15.3,22.4,21.2,23.0,30.6,8.1,8.1,16.3,22.2,4.0,12.1,21.2,19.2,27.0,15.3,11.2,8.2,20.2,24.5,20.4,18.4,18.4,21.2,35.4,35.4,24.2,16.3,25.3,26.3,32.0,15.2,15.0,13.9,4.1,1.0,19.0,26.0,27.8,32.0,16.3,16.3,23.2,7.1,4.1,5.1,17.3,13.3
1772941679.4470105,19.6,25.7,41.6,40.4,20.0,23.2,15.8,16.8,24.0,16.8,11.0,14.0,2.0,7.1,11.0,12.9,15.8,19.8,25.0,28.0,21.8,22.8,23.0,23.8,29.3,26.5,11.1,25.7,7.1,8.0,28.0,30.0,20.8,19.2,24.5,20.6,27.7,9.8,22.8,15.0,2.0,5.0,23.0,17.2,28.4,27.7,18.8,18.8,21.8,3.0,6.9,4.1,21.8,19.8
1772941680.4470925,19.4,11.3,32.7,38.6,28.3,11.1,19.0,9.1,25.3,21.0,18.0,16.2,5.1,9.1,14.0,16.3,3.0,13.3,20.0,21.0,24.2,31.3,5.1,11.0,31.6,32.7,14.1,19.8,3.0,3.1,27.7,27.3,2.0,20.2,27.0,14.0,22.0,4.0,16.2,14.1,2.0,3.0,20.2,20.0,28.3,23.8,20.2,12.0,17.8,13.3,4.1,5.0,14.4,16.2
1772941681.447185,7.2,3.0,38.6,36.6,22.5,21.0,18.4,9.1,4.0,28.0,8.2,8.1,9.2,13.0,13.1,13.0,10.0,12.9,19.2,20.0,19.2,22.8,4.0,18.2,39.6,40.0,8.1,25.3,1.0,3.0,29.0,26.7,5.1,14.1,30.0,12.1,21.0,4.0,18.0,18.2,3.0,3.0,14.1,19.0,30.7,27.3,15.2,20.2,22.2,2.0,4.1,2.0,21.4,16.3
1772941682.4500144,10.1,4.0,31.7,35.7,28.6,20.0,14.9,15.0,1.0,15.2,21.8,20.0,15.0,11.1,14.0,12.1,6.1,8.1,17.6,19.2,15.0,22.8,11.0,5.1,34.3,37.4,24.8,12.1,4.0,3.0,35.4,21.2,19.8,3.0,26.5,16.0,14.1,9.1,16.0,14.9,4.0,1.0,18.6,19.8,18.2,29.0,17.0,17.8,16.2,2.0,3.0,4.0,20.0,11.9
1772941683.4528913,13.1,7.1,43.4,32.0,32.7,18.0,9.1,22.0,16.2,20.8,29.7,31.0,10.1,8.0,13.1,14.9,17.8,12.0,18.4,18.2,21.8,24.2,20.0,14.1,19.8,32.3,22.2,20.0,4.0,4.0,40.0,25.0,21.0,19.0,12.1,26.7,15.2,11.0,17.8,14.0,3.0,4.1,24.2,18.0,32.0,22.2,20.0,9.2,19.6,13.1,5.0,5.1,19.0,16.0
1772941684.4546306,19.4,21.4,37.3,36.6,27.6,27.7,19.8,21.8,15.2,25.0,18.2,28.4,5.1,3.0,16.2,20.0,5.1,6.0,17.5,13.9,13.3,28.0,6.1,11.0,25.5,29.3,18.0,22.0,4.0,4.0,30.0,31.7,14.1,25.5,18.8,31.7,10.0,16.8,18.2,13.9,3.0,3.0,20.8,17.0,18.0,31.7,17.8,9.2,5.2,11.1,3.0,7.1,28.3,22.2
1772941685.4547067,12.5,9.1,44.9,35.4,27.7,24.2,21.2,8.1,13.1,27.0,26.0,28.3,15.2,13.1,10.0,10.2,9.9,12.1,9.2,8.1,14.0,22.0,11.2,16.2,25.0,26.3,17.0,19.2,3.0,5.1,30.0,36.4,22.0,15.3,26.0,12.2,16.2,10.9,13.1,18.0,3.1,2.0,15.2,19.0,24.2,23.2,13.1,15.8,21.0,6.1,2.0,7.1,23.2,15.2
1772941686.4547782,12.9,6.0,45.5,44.6,21.2,39.0,23.2,20.0,17.0,26.0,23.5,27.0,14.4,11.0,4.0,6.1,10.1,11.1,21.0,17.0,24.2,26.7,17.0,28.3,23.5,20.2,18.4,19.0,4.0,3.1,37.6,39.0,16.3,22.8,33.0,13.9,20.2,15.2,15.8,15.8,3.0,3.0,18.2,18.2,27.7,27.3,3.1,25.0,21.0,5.1,1.0,6.1,17.2,19.2
1772941687.455077,26.5,20.2,34.7,42.6,22.0,21.8,18.0,17.0,34.7,38.6,28.4,27.3,12.1,7.1,3.1,6.1,12.1,9.1,8.2,17.2,21.0,18.4,16.3,8.0,13.3,17.0,22.0,17.8,4.0,6.1,38.0,41.0,18.0,22.7,15.0,25.3,18.0,15.2,14.0,15.3,5.1,2.0,22.0,18.2,33.3,33.3,9.1,17.2,21.2,3.1,5.0,7.0,13.9,20.2
1772941688.455626,30.9,29.0,41.4,32.3,20.2,22.2,25.0,12.0,21.8,35.0,18.4,15.8,5.1,4.1,12.9,6.1,14.0,14.0,11.0,17.2,29.0,20.0,22.2,12.2,19.0,28.0,26.0,30.0,3.0,3.0,34.0,28.4,18.2,20.6,21.0,30.0,19.6,28.0,12.0,13.0,3.0,4.0,22.0,16.8,34.3,27.0,21.0,12.0,15.0,14.0,3.0,7.1,16.5,9.1
1772941689.4557068,15.5,14.1,26.0,31.0,30.6,9.0,7.1,17.0,10.1,15.8,6.1,8.1,3.0,4.0,2.0,3.0,6.1,6.1,18.4,25.3,12.1,2.0,8.0,16.7,32.7,34.3,20.2,9.1,4.0,4.0,20.2,18.0,15.2,9.2,10.0,29.4,11.1,32.0,15.0,14.1,3.0,3.0,12.2,18.4,23.5,21.2,13.1,14.1,16.0,1.0,2.0,5.1,17.0,12.0
1772941690.4562764,18.0,14.0,32.4,36.0,17.8,16.0,5.0,22.8,20.0,13.1,9.0,13.9,6.1,7.1,2.0,3.1,10.1,5.0,16.7,13.9,17.0,3.0,3.0,11.1,29.7,41.0,20.8,8.9,3.0,3.0,15.8,18.2,23.0,17.0,11.9,29.7,12.0,32.0,17.2,12.7,3.0,2.0,17.6,18.2,24.0,23.8,18.0,17.0,1.0,20.8,2.0,4.0,22.8,15.0
1772941691.4563498,15.6,14.1,37.4,35.6,20.2,23.0,8.0,23.0,26.5,17.2,14.9,20.2,10.1,15.2,1.0,2.0,10.2,5.1,17.2,18.4,11.1,6.1,8.0,12.1,19.4,34.0,19.8,12.2,3.0,4.0,27.6,20.0,20.2,20.0,21.8,14.3,22.2,32.7,16.8,15.2,2.0,1.0,19.4,25.5,24.2,25.5,18.0,17.0,3.0,17.0,2.0,4.0,13.3,20.2
1772941692.4564235,20.4,20.0,38.4,35.0,16.3,21.2,17.2,25.7,19.2,28.7,14.1,18.6,32.3,15.5,28.0,8.9,18.6,15.0,19.0,27.3,20.0,27.3,13.3,16.3,29.6,23.5,23.0,17.8,4.0,4.0,25.0,36.0,21.2,20.0,22.0,20.6,14.9,33.0,14.1,14.0,2.0,4.0,22.0,19.2,26.7,29.4,16.2,13.9,20.2,10.0,2.0,6.1,19.0,13.3
1772941693.4587615,28.6,21.0,48.0,28.7,19.2,22.8,21.0,15.2,20.0,15.3,26.3,22.2,33.0,9.9,14.0,13.3,7.1,5.1,26.7,24.0,20.0,21.2,10.0,9.0,43.6,26.0,15.2,22.2,4.1,2.0,20.0,35.4,13.3,17.3,22.8,16.0,16.2,32.0,14.9,12.9,6.0,3.0,18.0,18.2,23.2,24.2,15.8,15.0,20.0,4.1,4.0,6.1,13.1,14.1
1772941694.4625583,30.0,21.2,36.4,36.0,17.0,21.0,24.0,13.9,13.3,26.5,23.8,22.2,28.7,5.1,18.0,22.2,8.9,8.1,21.2,15.2,25.7,17.2,11.9,14.0,33.0,27.0,19.2,13.1,3.1,2.0,25.0,24.0,12.9,4.0,24.8,25.0,20.0,21.0,12.0,13.1,4.0,2.0,17.0,16.0,19.4,22.0,8.0,15.0,4.0,19.8,4.0,4.0,14.1,10.1
1772941695.4633932,20.8,13.1,38.6,39.6,22.2,7.1,11.1,23.0,11.2,28.6,31.0,20.8,20.6,12.0,21.0,14.9,18.2,10.0,27.7,30.7,22.2,29.7,15.3,13.1,17.2,19.6,18.0,17.0,4.0,5.1,32.7,31.7,20.0,17.0,11.1,26.5,12.2,13.0,13.0,15.8,5.2,2.0,22.2,17.0,22.8,34.3,17.2,13.0,8.2,13.1,5.2,4.1,22.0,11.2
1772941696.4664812,22.7,17.2,28.0,42.6,21.2,15.8,9.1,28.7,21.8,26.5,22.4,25.0,11.1,10.2,14.1,14.0,5.1,8.1,21.2,19.2,8.1,28.4,9.0,13.9,28.0,24.8,18.2,17.0,5.0,5.1,42.0,38.4,15.2,23.0,11.0,27.5,14.0,12.1,13.0,15.8,3.0,4.0,17.6,22.2,28.7,17.8,10.0,16.2,23.8,8.0,7.1,5.1,13.1,31.3
1772941697.4669056,25.5,22.2,44.4,30.0,13.1,28.3,7.0,24.2,22.0,16.2,19.8,16.3,7.9,10.1,14.0,16.0,19.2,16.8,29.0,28.0,28.7,24.2,11.0,13.4,37.8,38.0,28.0,24.2,5.1,20.0,43.4,37.6,17.2,24.2,13.0,29.3,16.0,12.1,12.2,16.2,3.1,4.0,18.2,25.0,23.5,33.7,16.2,14.1,14.1,6.1,6.0,5.1,18.0,12.1
1772941698.467151,26.8,22.2,37.0,39.0,15.2,20.0,14.1,25.0,31.0,16.8,33.0,18.0,14.0,8.0,21.2,23.0,4.1,8.1,20.8,23.8,14.4,8.1,16.2,7.1,39.0,29.3,15.2,17.3,5.9,5.0,29.0,31.0,19.0,21.2,21.2,25.5,14.0,12.9,14.0,13.1,3.0,4.0,26.0,19.0,25.5,21.2,17.2,11.1,8.1,21.0,1.0,5.2,12.2,11.1
1772941699.4675698,15.8,11.1,34.0,42.0,21.4,21.0,24.2,6.0,21.2,15.3,23.0,32.3,15.3,11.1,11.2,15.8,12.9,14.3,27.3,24.0,18.8,15.0,17.3,13.9,30.0,22.0,17.8,22.2,2.1,6.1,26.3,27.0,14.1,25.3,11.0,27.3,23.5,17.2,15.0,14.0,2.0,5.1,16.3,23.5,25.0,28.0,18.2,11.0,4.0,19.0,4.0,9.0,16.0,14.1
1772941700.4721763,27.3,21.0,37.0,34.7,4.0,36.6,22.0,8.1,27.7,17.8,16.0,32.7,11.8,10.1,15.7,15.8,11.0,5.0,22.0,24.2,8.9,10.2,12.0,6.1,34.7,21.2,24.0,16.0,3.0,4.0,33.3,32.0,17.0,22.8,11.9,30.7,20.0,25.0,16.0,15.8,3.0,4.0,17.8,21.8,24.0,32.7,19.0,12.9,15.2,14.0,5.0,6.1,15.0,10.0
1772941701.475025,18.8,15.3,38.4,29.7,17.2,23.2,14.0,14.9,17.8,21.2,23.2,22.2,0.0,2.0,11.1,10.2,7.0,9.2,13.9,17.0,5.0,16.8,1.0,16.2,35.7,39.6,22.0,10.0,3.1,4.0,37.4,32.3,7.1,22.2,16.8,27.7,21.0,23.0,17.8,18.2,1.0,1.0,14.1,18.2,23.0,20.8,18.8,15.0,20.2,2.0,3.1,5.0,23.0,10.1
1772941702.4769263,10.9,2.0,28.7,33.3,26.3,8.0,9.9,11.0,10.2,19.0,18.0,17.8,3.0,2.0,11.9,12.9,6.1,10.0,16.2,16.8,4.1,18.2,8.0,22.8,32.4,27.3,21.8,8.0,2.0,4.0,31.4,29.7,4.0,18.0,20.2,21.8,6.1,23.8,22.0,9.9,2.0,3.0,19.8,16.8,22.8,33.0,22.0,16.2,21.6,1.0,4.0,3.0,19.0,20.0
1772941703.4773397,8.2,1.0,31.0,33.3,21.0,17.0,14.1,8.0,25.5,18.8,17.8,18.2,12.1,2.0,11.1,12.0,6.0,9.0,14.1,15.2,16.0,25.3,14.9,5.1,17.2,18.4,25.3,8.1,3.0,3.0,31.7,32.0,2.0,17.0,22.8,20.0,4.0,2.0,17.0,15.2,3.1,2.0,18.0,16.2,27.3,23.0,19.4,18.8,20.2,4.0,3.0,4.1,15.5,15.2
1772941704.4797294,9.0,6.0,36.0,34.7,21.2,22.8,22.0,6.1,24.2,15.2,20.0,22.0,9.1,32.0,13.1,13.0,12.0,15.0,19.0,11.1,23.8,28.7,5.1,9.1,12.1,24.2,21.8,18.2,2.0,4.0,34.7,26.3,7.1,15.2,19.2,25.7,5.0,5.0,14.1,18.8,3.0,3.0,17.8,18.8,27.0,23.2,17.8,17.0,21.0,8.2,4.0,5.1,18.8,19.0
1772941705.480039,13.3,13.1,33.7,30.3,11.2,28.3,13.9,16.0,23.0,24.2,19.2,14.1,21.2,19.8,18.2,15.2,6.0,16.3,5.0,11.0,19.2,27.0,11.0,16.0,20.0,16.0,14.1,18.8,3.0,2.0,28.0,34.7,15.0,7.1,31.0,20.0,3.1,2.0,16.0,19.2,3.1,2.1,22.0,18.8,28.4,20.2,21.2,16.2,3.0,21.0,6.0,3.1,18.2,17.3
1772941706.4801168,17.7,10.1,27.6,40.0,23.0,10.1,5.1,22.0,17.0,14.0,25.0,26.7,12.1,12.2,13.0,12.1,3.0,12.1,10.0,8.0,18.2,16.2,19.4,14.0,23.2,28.3,22.2,14.3,1.0,6.1,39.0,31.0,20.2,17.8,9.0,27.0,7.0,17.3,16.2,18.8,2.0,1.0,15.0,20.2,24.2,27.0,23.8,11.0,17.8,7.1,3.1,7.1,15.0,21.6
1772941707.4821794,12.4,7.0,27.7,35.6,20.8,2.0,3.0,21.6,17.0,1.0,13.0,17.0,6.9,7.0,13.7,13.7,4.0,9.9,4.0,5.1,4.0,14.0,13.0,4.0,27.7,30.0,17.8,10.8,4.9,2.0,31.3,28.3,17.0,21.2,12.0,28.0,3.0,21.6,11.9,17.0,1.0,3.0,17.6,13.0,24.8,19.8,16.7,15.0,19.0,2.0,14.6,2.0,14.0,15.8
1772941708.4825113,5.3,31.0,38.0,33.0,21.2,1.0,8.2,17.0,18.4,0.0,16.0,12.1,4.0,2.0,10.1,12.1,4.0,11.2,10.1,14.9,8.1,11.0,4.0,10.3,40.4,30.3,13.1,22.2,2.1,3.0,26.0,32.0,23.0,18.8,26.7,12.9,6.0,22.5,11.0,17.8,3.9,1.0,20.4,18.2,26.3,21.8,21.0,16.3,20.0,3.0,1.0,6.0,21.2,20.2
1772941709.4831278,7.2,11.1,30.7,26.0,20.0,1.0,5.9,11.1,17.8,2.0,10.1,5.0,2.0,5.0,4.0,5.1,1.0,14.0,7.9,8.1,21.0,8.9,3.0,15.8,23.2,30.3,16.0,14.0,4.0,2.0,21.2,29.4,20.4,21.4,26.7,12.0,2.0,21.2,19.8,15.0,2.1,3.0,13.0,14.7,18.6,21.0,15.0,20.0,20.2,9.0,2.0,5.1,20.2,20.0
1772941710.4836357,6.2,1.0,28.3,34.0,18.4,1.0,9.0,16.0,13.1,18.2,7.1,9.0,1.0,3.0,2.0,2.0,16.2,19.0,11.1,12.9,23.0,6.1,2.0,16.0,33.3,24.8,11.0,15.0,1.0,1.0,20.0,26.0,18.8,24.0,12.0,31.0,3.0,21.8,16.0,16.3,3.0,3.0,13.0,16.2,30.3,22.0,14.1,18.8,18.0,3.1,2.0,4.0,17.2,19.4
1772941711.4860663,8.1,3.0,27.7,33.7,19.8,3.0,6.1,16.2,7.9,18.0,9.8,7.1,4.0,1.0,2.0,2.0,15.0,2.0,5.0,6.1,15.8,3.0,1.0,15.0,18.8,18.2,20.2,10.0,2.0,4.0,20.2,14.1,15.8,6.0,29.0,12.9,9.2,11.1,18.0,15.8,2.0,3.0,17.6,16.7,27.0,21.8,18.2,18.8,21.8,2.0,4.0,5.1,18.0,17.0
1772941712.4861357,10.0,2.0,31.6,34.0,24.0,14.0,7.0,14.9,29.0,22.2,5.1,15.0,5.1,2.0,4.0,2.0,5.0,15.2,5.0,6.1,10.1,16.2,11.1,17.0,25.0,17.2,10.0,24.0,3.0,2.0,23.8,13.0,19.4,3.0,17.0,23.0,5.0,18.0,22.0,13.0,0.0,2.0,18.2,14.3,33.0,23.0,18.2,21.0,19.0,2.0,5.0,3.0,17.2,20.6
1772941713.4870963,13.9,5.0,32.4,35.0,20.2,21.0,4.0,17.0,22.8,19.0,15.3,13.9,11.9,3.0,4.0,4.0,4.0,13.9,8.1,4.0,19.0,23.0,15.8,12.2,15.8,21.8,14.0,20.8,3.0,3.0,16.3,25.7,16.0,2.1,14.9,27.7,12.0,12.0,16.7,15.2,3.0,5.0,20.0,18.0,27.7,24.0,18.8,16.8,21.8,2.0,2.0,3.0,18.0,17.8
1772941714.4882112,11.7,14.9,30.3,28.7,21.0,18.8,15.0,6.1,21.2,19.0,13.9,22.2,6.1,15.3,5.1,3.1,1.0,11.2,8.2,2.0,12.1,26.0,9.0,7.1,21.4,25.3,13.0,21.0,3.0,3.0,26.7,24.5,6.1,12.0,25.0,15.0,14.0,11.1,17.2,16.8,4.0,2.0,18.0,16.8,25.7,24.0,14.0,23.0,20.0,2.0,4.0,4.0,17.2,18.0
1772941715.4908252,13.4,8.1,32.0,31.7,21.0,20.0,12.0,6.0,21.8,20.8,17.0,24.2,12.0,9.9,1.0,2.0,11.0,4.0,8.9,8.8,18.0,22.8,12.1,6.0,23.2,32.0,5.1,18.2,1.0,1.0,28.3,21.0,2.0,20.8,21.8,21.0,15.0,2.0,17.0,18.0,1.0,1.0,15.8,14.0,26.0,25.5,20.0,15.2,21.0,2.0,3.0,3.0,17.0,13.0
1772941716.4916406,11.3,7.1,36.0,39.6,21.4,20.8,20.0,10.2,28.7,15.2,25.3,21.8,6.0,27.3,3.0,6.1,13.1,14.0,13.3,15.2,20.0,33.0,6.1,11.0,25.0,24.5,14.1,22.5,3.1,3.0,28.0,28.7,17.0,11.2,10.1,26.7,5.1,12.1,16.0,15.0,2.0,3.0,15.2,20.2,25.0,21.2,17.0,17.0,20.0,8.1,5.1,2.0,14.1,14.0
1772941717.496567,20.8,14.0,34.0,37.0,20.0,19.0,5.1,16.8,22.0,16.7,20.8,25.3,4.0,10.9,2.0,8.0,5.0,13.0,20.8,22.0,16.8,23.8,15.0,16.2,17.0,31.7,13.0,16.3,4.0,2.0,36.0,23.2,20.0,22.0,29.7,18.0,11.0,12.9,16.8,17.0,1.0,2.0,13.9,21.6,24.0,24.0,13.1,14.9,19.0,1.0,3.0,2.0,18.0,8.2
1772941718.4980597,23.5,17.2,36.7,29.0,13.3,10.0,10.0,21.8,19.2,14.0,23.8,29.3,9.1,7.1,5.1,8.0,3.0,7.1,20.6,23.2,16.2,17.0,9.1,11.8,28.3,17.2,19.8,13.1,17.2,2.0,31.4,38.0,21.4,12.2,29.4,17.8,13.1,25.3,13.0,13.0,3.0,2.0,15.5,14.3,22.2,21.0,12.0,16.2,17.3,6.0,5.0,4.0,12.1,6.9
1772941719.49842,27.8,20.0,36.4,30.7,1.0,17.0,10.2,25.7,18.0,22.0,27.3,18.8,10.2,13.3,7.1,4.0,6.1,10.0,25.0,27.0,17.2,23.2,11.1,10.2,30.6,32.7,20.2,14.0,9.1,4.0,34.3,44.6,23.2,14.9,26.0,11.1,15.0,31.7,12.1,12.1,2.0,3.0,19.0,18.2,21.8,24.2,13.1,14.1,17.0,8.0,4.0,2.1,13.0,13.1
1772941720.4985075,22.4,19.2,49.5,39.4,3.1,20.0,16.2,24.0,15.2,29.3,30.0,25.5,13.1,13.3,15.2,14.1,10.0,11.1,21.2,25.3,22.2,23.8,14.3,12.1,35.0,40.0,24.0,18.8,28.3,4.1,36.0,42.4,23.0,24.0,28.0,10.1,13.3,32.0,15.0,17.0,4.0,2.0,21.6,22.8,30.0,22.0,14.1,17.0,20.0,9.2,6.0,5.0,11.2,12.4
1772941721.4988883,20.2,23.2,46.0,43.6,3.0,23.8,19.0,18.2,17.2,22.0,25.3,27.0,5.1,5.1,16.2,20.0,9.2,9.0,25.0,33.7,25.0,21.4,25.0,18.6,31.3,31.0,15.2,22.4,35.6,4.1,29.0,36.0,18.2,24.0,31.7,17.0,14.1,33.0,17.2,17.0,3.1,3.1,18.2,21.0,40.0,35.6,22.0,9.9,20.2,4.0,4.1,6.1,18.8,14.0
1772941722.4995792,28.9,21.0,29.9,41.0,5.1,18.2,12.1,21.2,8.2,15.8,22.2,28.0,11.0,8.1,15.2,16.8,12.0,14.1,23.5,17.0,32.0,18.2,19.2,19.2,37.6,31.3,16.2,25.0,5.1,6.1,30.0,34.0,17.0,19.2,27.3,15.0,15.7,31.3,14.0,16.3,4.0,3.1,24.8,16.3,27.6,30.9,15.3,16.3,13.1,13.3,6.1,3.1,12.1,12.2
1772941723.5004013,24.7,20.4,31.7,45.5,8.2,30.0,11.2,25.5,27.0,9.2,26.3,32.7,17.3,14.1,16.8,14.0,12.4,6.1,24.8,33.7,18.0,13.9,9.0,13.0,42.4,49.5,14.0,23.0,4.1,4.0,38.4,39.0,23.2,18.0,20.0,22.0,15.2,33.7,16.2,14.9,4.1,3.1,18.2,25.7,34.0,24.0,16.7,15.0,13.1,15.2,6.0,9.1,17.0,19.0
1772941724.505551,18.4,17.2,40.0,38.6,15.3,21.0,15.0,23.8,25.7,21.2,21.0,13.0,14.1,13.3,15.2,14.1,10.0,14.1,19.8,21.2,31.3,16.2,13.0,16.0,30.3,35.1,14.0,21.2,3.0,5.2,46.0,34.3,19.2,20.2,15.0,23.0,17.2,27.3,15.8,18.0,4.0,3.1,16.3,21.4,28.0,22.0,15.2,13.3,10.1,15.2,6.0,7.1,13.1,17.5
1772941725.5067337,27.6,19.0,35.4,38.0,19.0,21.8,10.1,21.0,12.9,25.7,22.0,25.3,5.0,4.0,16.3,19.8,6.1,5.0,28.0,23.0,18.0,17.0,11.1,8.2,32.0,19.0,16.2,17.2,6.1,3.0,33.7,25.3,18.0,22.0,20.8,24.0,26.0,16.8,14.9,11.0,2.0,4.0,17.8,20.0,22.0,25.7,12.1,14.0,19.2,3.0,3.1,5.1,10.3,11.9
1772941726.5075815,25.0,22.0,38.6,35.0,18.2,19.2,15.0,19.0,12.2,23.0,16.3,27.7,6.0,2.0,14.7,13.1,15.8,10.2,21.2,26.0,12.0,37.0,13.3,13.1,16.2,14.1,21.0,9.0,4.0,4.0,18.8,19.2,11.2,22.0,25.0,12.1,27.0,19.0,14.1,16.0,3.0,2.0,14.0,21.8,25.0,20.0,11.0,11.0,17.0,9.1,4.1,3.0,8.8,11.2
1772941727.5126681,21.0,17.8,41.4,31.7,19.6,2.0,24.8,13.9,11.9,30.7,29.7,18.0,13.1,11.9,14.1,12.7,9.9,4.0,18.2,19.0,13.9,23.0,14.9,9.0,18.0,22.8,23.8,14.1,5.1,2.0,31.0,29.7,7.0,16.2,22.0,17.2,23.5,23.2,14.0,13.1,2.0,4.0,20.2,21.0,18.0,28.7,14.1,12.0,18.8,4.0,3.0,7.0,14.1,7.1
1772941728.5156825,22.0,14.0,39.0,36.3,18.8,13.1,25.5,7.1,13.3,23.0,30.7,20.4,12.1,15.2,14.0,13.1,10.1,16.2,32.4,26.0,18.0,33.0,11.1,10.1,40.0,31.0,17.0,20.0,5.0,5.0,36.4,39.6,15.3,14.1,22.2,17.0,29.3,16.2,11.9,16.0,4.0,3.0,21.8,20.2,31.7,27.0,12.1,13.3,18.0,8.1,1.0,7.0,14.1,14.9
1772941729.5201552,27.3,32.3,34.7,39.0,22.4,21.8,16.8,25.3,16.2,30.7,25.0,32.7,9.1,11.2,21.0,16.0,13.1,7.9,23.0,18.8,19.0,27.7,12.2,18.0,43.4,20.6,15.0,24.2,2.0,4.0,36.3,33.0,16.2,27.7,30.4,18.8,15.0,14.1,11.1,19.0,4.0,4.0,21.0,23.0,29.0,28.3,14.1,22.5,21.2,4.0,5.0,4.1,17.2,11.2
1772941730.521051,22.1,22.2,41.8,41.0,8.2,33.3,26.0,20.0,15.2,26.3,33.0,20.4,5.1,7.1,14.1,15.2,4.1,13.0,31.3,29.3,25.0,22.8,13.0,14.1,33.3,30.7,25.5,23.2,5.1,4.1,32.3,29.3,23.2,21.2,12.2,29.7,14.3,29.7,15.2,16.8,3.1,3.1,24.8,21.2,44.4,31.0,20.0,19.2,20.0,9.2,4.1,7.0,22.0,20.2
1772941731.5217052,10.1,3.1,40.6,30.3,18.2,24.8,9.1,22.8,25.7,13.9,28.6,22.0,14.7,15.2,16.0,15.0,17.0,12.1,14.9,14.9,19.4,24.2,9.1,8.0,36.4,32.3,15.0,22.8,3.0,5.0,42.0,38.4,18.0,22.0,10.0,33.0,15.0,31.0,14.0,17.2,4.0,2.0,13.1,22.8,19.8,23.2,15.0,15.2,21.0,5.9,3.0,7.1,9.1,15.2
1772941732.523251,15.3,15.2,41.4,34.3,22.0,22.2,18.0,25.0,22.4,23.8,26.3,29.0,14.3,14.3,16.0,16.2,6.2,6.1,13.1,22.4,27.7,20.2,15.0,10.2,47.5,32.3,24.2,22.4,5.1,6.0,43.0,38.4,18.4,23.2,16.8,25.0,11.0,28.0,17.0,19.0,4.1,4.0,23.5,19.4,26.3,30.0,21.0,16.8,20.2,10.2,2.1,8.0,14.3,17.0
1772941733.532427,20.4,14.1,40.0,37.0,16.0,20.8,10.0,22.0,23.8,20.0,25.7,31.0,9.0,7.9,19.8,16.2,15.0,14.0,15.2,12.0,24.5,21.0,15.0,16.0,32.0,21.6,21.8,23.0,4.1,3.1,37.3,33.3,20.0,20.2,20.0,30.7,6.1,22.5,16.0,13.0,4.0,3.1,18.0,25.5,32.0,23.0,15.0,14.1,16.0,8.0,4.0,6.0,12.0,11.2
1772941734.5328808,10.3,5.1,38.4,31.7,10.1,30.0,7.2,20.6,14.1,6.1,26.7,16.0,4.1,5.1,12.0,14.1,3.0,10.0,5.1,11.1,16.5,14.9,11.2,4.0,26.3,21.2,16.2,19.0,5.1,3.0,25.0,35.0,19.0,15.8,17.2,22.0,3.1,23.0,18.0,16.0,2.0,5.1,18.0,18.0,21.2,23.8,19.0,14.1,22.0,2.1,6.0,4.1,15.0,14.0
1772941735.5349696,7.1,2.0,31.7,27.3,13.0,23.0,12.0,8.1,25.7,2.0,3.0,6.1,2.0,5.0,10.1,12.9,3.0,12.1,3.9,4.0,5.9,16.0,17.8,3.0,31.0,26.0,8.0,20.0,4.0,3.0,15.8,25.0,19.2,20.2,31.4,12.9,11.1,11.9,15.8,18.0,4.0,2.0,18.8,16.2,25.5,23.8,20.0,17.0,20.0,2.0,4.0,3.0,15.0,22.8
1772941736.5393822,9.1,5.9,37.3,35.3,15.3,27.0,16.0,8.1,18.2,8.9,13.1,12.9,1.0,6.9,7.0,9.9,2.0,15.7,15.2,16.8,5.0,18.0,8.0,22.8,35.0,30.0,14.0,22.8,3.0,2.0,11.1,30.7,20.8,20.0,26.0,15.8,16.8,5.9,15.0,19.8,2.0,3.0,15.0,18.8,31.3,27.3,18.8,16.8,20.0,3.0,5.9,4.0,20.0,19.8
1772941737.5409956,19.4,8.1,33.0,36.4,30.0,11.0,6.1,20.8,11.0,21.2,18.8,16.2,11.0,15.2,28.0,4.1,11.1,12.9,9.0,10.1,14.1,22.0,7.0,13.1,41.2,34.3,14.1,16.2,2.0,4.0,25.3,33.0,16.2,21.0,23.8,17.0,13.0,11.3,14.0,13.3,3.0,2.0,20.0,19.0,28.7,22.2,22.0,13.3,22.0,7.1,3.0,7.1,18.2,14.1
1772941738.541455,25.3,19.0,34.7,41.0,32.3,4.0,14.0,26.0,30.0,18.8,20.2,18.8,12.0,15.2,35.7,4.0,9.0,11.2,16.0,12.2,18.0,15.8,7.1,11.0,30.6,26.5,13.1,23.0,7.0,5.1,24.2,34.3,20.0,19.0,22.0,22.8,10.0,17.0,15.8,18.8,4.0,3.0,22.8,20.8,28.0,24.0,18.2,13.7,4.0,17.8,6.0,3.0,17.2,11.1
1772941739.5428278,27.8,28.3,30.6,35.0,7.1,20.0,15.0,11.0,15.8,19.2,24.2,25.0,5.1,6.1,25.0,6.1,8.1,4.0,29.0,22.8,10.0,34.0,16.2,12.2,12.1,15.2,21.8,8.2,4.0,3.1,36.0,32.0,6.1,10.1,15.2,29.0,10.0,17.0,14.0,13.0,2.0,3.0,19.2,16.2,20.2,23.8,12.0,15.3,6.0,20.4,2.0,5.1,14.7,11.1
1772941740.5460696,20.4,14.0,30.0,32.0,3.1,19.8,18.2,6.0,17.0,23.8,14.9,25.0,4.0,5.9,5.0,4.0,6.0,9.1,14.0,18.2,23.0,32.0,12.1,5.0,13.3,29.0,12.0,19.8,3.0,2.0,27.7,24.5,8.1,14.0,23.8,21.8,12.1,12.0,17.0,15.0,3.0,2.0,17.0,13.0,23.8,27.3,15.0,19.8,3.0,19.2,3.0,3.0,21.2,14.1
1772941741.5470257,17.5,11.2,33.7,35.6,4.0,19.8,18.6,7.1,14.1,25.0,15.3,24.0,0.0,4.0,2.0,2.0,11.2,15.0,17.2,18.0,20.2,21.8,17.2,6.1,27.0,28.7,22.2,10.1,1.0,4.0,28.3,28.0,11.1,15.3,27.0,12.9,11.1,13.1,20.0,15.7,2.0,3.0,19.2,17.0,28.3,24.0,17.2,20.0,2.0,20.8,7.0,2.0,15.2,20.8
1772941742.556958,16.5,11.9,33.7,32.7,22.3,3.0,19.8,4.0,21.8,20.0,25.2,10.9,0.0,6.9,3.0,3.0,11.9,14.0,17.0,14.9,21.6,21.8,8.8,11.8,21.0,35.0,14.0,20.4,4.0,3.0,21.8,23.8,23.8,17.8,11.0,30.7,12.9,12.0,18.8,13.0,2.0,4.0,21.8,11.9,26.5,26.7,15.0,18.8,1.0,20.2,3.0,4.0,20.0,17.0
1772941743.5670846,15.6,9.9,29.0,29.7,21.0,19.0,15.0,20.6,18.0,20.6,24.8,11.1,2.9,3.0,4.0,2.0,2.0,8.0,16.8,19.8,14.9,19.8,9.1,1.0,30.7,38.6,16.7,12.9,5.0,3.0,16.5,18.0,22.0,16.8,11.8,24.8,11.7,13.7,15.8,10.9,2.0,4.0,16.0,13.0,20.0,21.0,13.9,13.9,0.0,16.8,2.0,3.0,17.8,14.0
1772941744.5717525,16.2,11.9,36.6,30.7,7.1,32.0,15.0,8.0,26.5,16.0,36.6,19.8,10.1,13.0,3.0,3.0,2.0,16.0,17.0,21.0,15.0,25.3,21.0,4.0,43.0,34.7,16.8,18.8,5.1,3.0,22.2,28.7,22.0,21.8,12.9,29.4,19.8,19.0,17.2,17.6,2.0,1.0,14.0,19.0,29.7,26.7,20.6,19.0,2.0,22.8,4.0,3.0,17.3,24.0
1772941745.5721326,22.7,17.0,28.3,31.0,22.2,20.0,16.8,3.1,16.3,22.2,10.3,16.2,10.1,12.1,3.0,3.0,7.1,7.0,23.0,20.8,26.0,24.2,15.8,17.2,25.3,32.4,9.1,21.0,4.0,3.1,28.3,25.5,21.8,18.4,11.2,28.3,11.2,31.0,14.9,17.2,2.0,1.0,17.2,19.0,32.3,19.4,13.3,20.2,19.4,8.2,4.1,1.0,21.0,13.3
1772941746.5722122,25.0,21.0,34.3,29.0,38.0,2.0,16.0,7.1,17.0,23.0,21.8,14.0,9.2,6.1,4.0,3.0,9.1,21.0,18.0,13.1,18.0,24.0,11.2,8.1,26.3,24.2,17.2,12.1,2.0,4.0,22.0,28.3,22.0,21.2,12.7,30.7,13.1,32.7,17.3,18.2,4.1,0.0,16.8,20.8,23.0,23.8,23.0,15.2,22.0,2.0,6.1,3.0,21.2,17.8
1772941747.5778048,18.6,18.0,35.6,29.0,27.0,14.9,12.0,10.9,17.0,9.8,12.0,17.0,2.0,3.0,6.0,9.9,22.8,9.1,19.8,15.8,18.0,21.0,19.6,4.9,31.7,28.0,21.0,8.0,2.0,3.0,33.0,24.0,19.2,21.8,13.0,28.7,11.9,31.7,12.9,18.8,4.0,3.0,16.7,14.3,24.5,24.0,17.8,18.6,19.0,2.0,2.0,6.0,18.0,19.2
1772941748.5789437,16.5,12.1,29.3,35.0,11.1,27.7,13.3,16.0,23.8,7.1,24.2,23.2,5.0,5.1,13.0,14.0,7.0,8.1,13.0,16.3,4.0,23.8,6.1,4.0,30.6,31.6,14.9,21.4,3.0,21.0,32.4,25.0,21.0,22.2,13.0,26.7,14.0,31.7,18.0,17.0,4.0,3.0,24.2,15.0,25.3,16.0,15.2,20.0,19.8,4.1,4.0,5.1,21.0,14.1
1772941749.5790288,23.5,16.2,31.0,36.4,20.8,14.0,5.0,20.6,19.2,14.3,18.2,13.0,10.0,5.0,12.0,13.0,4.1,13.0,24.5,23.5,16.2,24.2,10.0,24.2,42.4,34.3,23.0,14.9,5.1,4.1,37.4,24.8,15.2,24.0,33.7,13.1,19.2,23.2,19.0,17.0,6.1,3.0,20.0,17.0,26.7,35.0,23.0,18.0,9.1,20.2,4.0,2.1,18.2,20.2
1772941750.5791123,13.8,12.9,39.4,38.6,18.4,20.0,12.0,4.0,19.0,10.3,10.0,7.1,7.1,16.0,21.0,14.1,11.9,8.2,22.8,19.0,8.1,11.2,10.0,14.1,30.3,21.4,16.0,18.0,4.0,5.0,33.0,39.0,17.2,2.0,27.3,15.0,12.1,22.8,16.0,12.0,5.0,1.0,15.8,18.0,22.0,24.0,12.1,22.0,2.0,20.6,5.9,4.0,16.2,16.2
1772941751.5794892,16.3,23.2,34.0,35.4,12.0,31.0,11.1,6.1,18.2,21.6,5.1,12.0,9.2,11.2,12.1,10.2,19.0,9.0,16.8,13.0,19.8,3.0,8.1,13.4,16.0,17.8,12.0,19.0,3.0,3.1,35.0,30.3,19.2,2.0,29.0,13.0,11.9,31.7,17.2,15.8,1.0,4.0,15.2,18.2,23.2,20.2,19.2,17.2,14.0,7.1,1.0,4.1,17.2,21.0
1772941752.5797653,13.8,12.0,29.0,35.0,19.4,19.0,9.9,15.2,16.2,21.8,9.9,8.1,3.0,6.0,11.1,12.9,9.1,3.0,17.0,19.2,6.1,16.0,3.0,11.0,20.0,12.2,21.0,22.4,10.2,4.1,29.3,23.0,18.0,7.1,28.7,12.0,20.4,22.2,13.0,16.0,3.0,3.0,18.8,18.0,22.5,25.0,11.0,19.8,19.0,3.0,5.0,4.0,18.0,15.2
1772941753.5799298,15.2,4.0,32.7,36.6,3.0,18.0,17.0,18.0,13.0,33.3,23.2,12.1,3.0,6.0,11.0,13.9,12.0,4.0,18.2,13.9,26.5,12.0,11.2,5.1,19.4,16.0,15.2,17.2,6.0,13.9,25.0,32.7,21.0,21.0,25.7,13.0,24.0,21.0,16.0,15.0,3.1,4.0,15.2,20.0,32.3,19.4,18.8,15.2,20.0,2.0,4.1,5.0,19.6,13.1
1772941754.5807533,9.2,3.0,32.0,34.3,2.0,17.0,20.2,4.0,21.0,16.0,18.0,23.2,9.1,19.2,14.1,12.1,14.3,9.2,12.9,19.2,31.4,24.0,26.7,17.0,30.7,33.7,21.0,15.8,3.0,7.9,31.4,31.7,18.2,18.6,13.1,18.2,14.0,30.7,14.0,11.0,1.0,4.0,19.6,18.0,31.3,33.0,11.0,14.1,19.2,9.2,5.0,5.1,13.1,12.1
1772941755.5810041,13.9,1.0,34.0,38.0,9.2,19.0,11.2,14.1,26.7,28.0,20.2,21.8,8.1,15.3,14.7,12.0,8.0,13.9,9.1,12.1,23.0,13.1,15.2,17.2,48.0,31.6,23.8,14.0,3.0,3.1,37.0,39.0,18.0,25.0,31.7,12.0,13.0,14.1,17.2,17.0,2.0,2.0,19.2,15.3,22.0,36.4,18.0,14.1,16.2,8.0,4.1,4.0,20.2,15.2
1772941756.5812461,16.5,23.2,39.0,30.7,22.2,20.8,12.9,23.8,25.0,18.8,32.0,26.7,12.1,13.1,20.2,15.2,10.0,11.9,12.1,17.8,30.4,14.1,14.1,7.0,40.4,34.3,20.0,18.0,13.4,24.2,27.3,37.4,11.1,19.2,16.0,25.0,16.2,11.1,15.8,17.0,4.0,2.0,19.0,24.3,33.3,18.8,16.0,12.0,9.9,20.2,6.1,2.0,10.1,12.1
1772941757.5863445,15.3,10.9,43.4,31.7,22.8,20.0,3.0,24.8,22.8,13.0,23.8,23.0,5.0,2.0,15.0,13.9,15.8,7.0,14.1,15.2,29.0,18.8,19.4,18.2,38.4,20.8,12.1,22.8,31.3,5.9,18.0,24.0,4.0,15.0,17.8,29.4,6.0,21.2,14.7,18.2,4.0,2.0,14.0,20.4,24.8,20.4,8.1,20.8,18.2,3.0,4.0,5.1,11.9,15.2
1772941758.5864272,7.1,2.0,26.0,30.3,20.4,20.0,9.1,10.1,21.0,4.1,23.0,11.1,2.0,2.0,11.0,11.0,15.0,6.0,5.0,4.0,22.2,17.3,7.0,9.0,28.0,27.6,15.0,14.0,14.0,2.0,16.2,15.0,19.0,6.1,22.0,19.2,2.0,24.5,17.3,13.0,3.0,3.0,13.1,12.9,16.0,26.5,12.1,26.0,19.2,1.0,1.0,4.0,14.4,22.4
1772941759.5865135,7.2,2.0,29.3,37.9,22.0,19.8,9.0,13.0,10.0,11.1,20.2,21.2,2.0,2.0,12.9,11.0,7.2,5.1,9.1,2.1,14.1,25.7,1.0,11.1,30.0,27.7,19.2,9.1,21.0,1.0,22.0,26.0,17.3,6.1,11.0,29.7,2.0,21.2,16.8,18.0,1.0,2.0,24.8,14.0,28.7,28.0,19.0,18.0,20.0,4.0,2.0,4.0,16.8,21.0
1772941760.5865955,14.3,4.0,26.7,38.4,8.1,32.0,18.0,15.0,10.2,15.0,24.0,19.8,12.2,7.9,12.1,12.2,4.0,8.1,9.9,9.0,18.0,18.0,2.0,5.1,30.0,30.0,14.9,17.0,8.1,2.0,32.7,29.0,12.9,23.0,11.1,21.8,4.0,21.8,14.0,15.0,4.0,3.0,17.2,16.3,24.0,19.2,7.0,19.0,19.2,1.0,2.0,5.1,15.3,8.1
1772941761.588536,16.5,11.1,34.7,33.7,22.2,18.0,11.0,19.0,14.0,17.2,24.0,20.0,30.3,9.0,12.1,13.0,4.0,6.1,11.2,5.0,23.0,25.5,6.0,5.1,43.4,29.3,14.1,19.0,3.0,4.0,35.6,31.0,16.2,23.0,11.0,31.4,5.1,17.2,14.7,16.3,2.0,1.0,15.0,18.8,25.0,27.5,16.0,17.0,15.0,13.9,1.0,5.1,15.8,18.0
1772941762.5886157,23.2,18.0,34.3,36.4,15.0,21.2,13.1,13.0,20.0,18.0,17.0,26.0,13.0,12.4,14.0,14.9,19.0,14.0,14.1,14.3,21.2,24.2,18.0,16.0,31.6,24.2,16.3,23.5,2.0,13.1,42.4,35.1,16.3,22.2,29.0,12.1,8.1,12.9,13.3,12.0,4.0,2.0,23.2,15.2,22.0,26.8,9.2,18.2,2.0,20.4,6.1,3.0,13.1,11.2
1772941763.5886981,25.8,25.5,40.0,35.6,25.5,14.0,28.7,11.9,19.2,23.2,15.2,26.3,8.2,11.0,13.3,17.3,4.0,8.1,22.2,25.7,13.1,23.2,4.0,11.0,27.3,23.2,22.8,14.9,4.1,4.0,39.0,30.7,18.8,28.3,22.0,21.0,8.2,22.0,15.0,12.1,2.1,3.0,21.0,15.5,19.4,32.4,16.2,15.0,7.1,24.8,4.0,8.1,13.1,14.3
1772941764.5915408,22.4,21.2,34.3,43.1,24.5,12.0,19.8,14.3,8.1,32.7,17.0,14.0,5.0,4.0,14.0,15.8,10.2,10.1,30.0,20.2,19.0,11.0,15.0,9.1,35.6,30.7,19.4,17.0,4.0,4.0,30.7,32.7,19.0,19.0,15.0,29.4,18.8,20.0,15.0,15.8,2.0,3.0,14.0,28.2,23.8,26.0,19.2,11.0,4.0,21.2,6.1,2.0,16.2,15.8
1772941765.5963538,18.2,14.9,34.0,45.5,14.4,26.7,24.2,17.8,12.0,20.2,29.0,29.0,9.0,11.1,6.1,6.1,11.9,15.0,25.7,26.0,16.2,19.2,12.1,22.0,28.9,32.0,23.8,18.6,6.0,8.0,33.3,38.0,24.2,16.2,19.8,23.8,28.7,19.0,12.9,19.0,3.0,6.1,25.3,18.4,33.7,29.0,14.7,20.8,2.0,25.3,4.1,6.1,18.0,14.3
1772941766.5992095,26.5,21.0,29.0,47.1,21.0,10.2,10.9,22.8,14.0,17.6,26.7,24.8,12.1,16.0,5.0,7.0,9.1,7.1,19.2,22.8,18.8,21.8,7.9,10.9,28.7,14.1,16.0,23.8,4.0,3.0,35.0,37.3,17.2,6.1,13.9,25.7,21.0,14.0,15.2,14.0,3.1,3.0,17.8,25.7,23.8,26.0,10.1,20.2,7.9,18.2,5.0,5.0,13.0,14.0
1772941767.6022086,30.6,26.5,34.7,42.4,9.3,16.7,15.5,23.0,16.3,29.3,29.0,26.5,15.2,13.0,11.2,8.1,19.0,11.0,29.7,26.5,22.8,33.0,20.4,11.2,33.3,17.8,21.2,18.0,6.1,8.2,19.8,37.4,8.2,14.9,21.0,19.0,17.2,15.2,14.9,16.0,4.0,3.0,16.2,22.2,29.6,21.8,8.1,25.7,21.2,5.0,4.0,6.1,15.3,14.0
1772941768.6112416,18.2,13.9,37.6,35.6,22.8,21.8,8.1,21.8,16.0,21.6,21.0,28.3,3.1,4.0,5.9,6.0,6.1,7.0,22.0,21.0,25.7,13.7,9.0,14.0,37.8,34.0,23.8,16.0,7.1,4.9,16.0,26.7,13.9,8.9,30.0,23.8,32.4,14.7,13.1,13.9,4.0,4.0,21.8,17.8,32.7,20.8,24.0,7.1,15.0,11.0,3.9,7.1,16.0,12.0
1772941769.6113274,21.6,17.2,47.0,34.7,20.2,20.2,20.2,18.0,16.0,29.3,31.3,25.5,9.1,13.0,11.3,15.0,13.1,19.0,29.7,31.0,25.5,26.5,12.2,16.3,39.6,27.6,20.0,18.2,3.1,3.1,21.0,37.0,12.1,8.2,27.0,12.1,24.8,22.2,16.7,17.0,4.1,2.0,27.0,14.1,25.0,25.3,19.2,10.2,24.2,9.2,3.1,4.1,9.2,16.5
1772941770.6139698,26.0,23.2,32.7,45.1,32.7,10.1,12.0,19.8,17.0,21.0,19.0,27.7,13.0,13.3,13.1,14.1,5.9,5.1,23.5,16.2,13.9,25.7,5.0,13.9,32.7,24.0,22.0,10.9,5.0,4.0,40.4,39.0,16.0,8.1,26.0,9.1,13.1,31.7,12.1,14.9,4.0,2.0,17.2,20.8,24.5,28.3,14.0,14.7,4.0,19.8,5.1,3.1,12.0,13.0
1772941771.6169877,24.0,25.0,37.0,33.0,21.4,17.6,19.8,18.0,29.0,17.0,9.1,16.0,8.1,11.0,21.8,18.8,12.0,13.0,26.7,24.8,21.0,18.8,14.1,12.4,37.0,26.7,22.0,17.2,4.0,5.0,33.7,33.0,17.2,21.0,19.0,24.5,14.1,31.7,15.8,17.0,4.0,3.0,22.2,16.0,20.0,28.3,11.0,19.2,16.0,16.0,6.0,4.0,14.1,10.0
1772941772.6180704,18.2,16.0,42.0,34.7,37.0,2.0,25.0,13.0,6.1,24.0,22.8,11.2,4.1,6.1,13.0,15.0,11.0,7.0,22.0,20.2,19.8,26.0,16.0,18.0,34.0,35.6,23.2,14.0,24.2,5.0,31.4,33.3,18.4,23.2,26.7,21.2,16.0,30.7,17.2,15.2,4.1,2.0,21.8,21.2,26.5,29.3,14.1,17.0,21.8,5.1,6.0,5.1,11.0,17.0
1772941773.620224,25.5,25.3,39.4,37.6,27.0,7.1,23.0,10.2,18.2,14.3,16.2,11.1,15.2,12.1,14.1,13.1,13.1,11.1,19.4,21.0,15.3,20.4,7.1,12.1,32.7,31.6,22.8,17.2,8.2,4.0,39.8,35.6,18.2,18.2,20.8,20.0,21.2,18.4,11.1,18.6,4.0,4.0,18.4,19.0,23.5,17.8,13.1,14.0,22.0,5.1,2.0,6.1,11.2,16.2
1772941774.6220708,22.9,18.4,34.0,39.8,18.7,24.8,23.0,11.2,17.0,4.0,16.2,18.0,15.0,9.4,14.9,15.8,4.1,12.0,29.4,31.0,30.7,25.7,12.1,11.1,31.3,21.4,17.3,19.0,16.2,3.1,26.3,36.0,16.0,14.1,10.1,26.0,23.8,22.0,15.8,16.2,3.1,3.1,21.8,21.8,29.0,25.0,14.1,15.2,23.2,3.0,5.0,7.1,11.1,16.3
1772941775.6231208,9.4,13.9,41.6,40.8,22.2,13.1,18.8,11.1,8.1,10.2,20.0,13.1,7.1,8.9,18.2,18.4,4.0,5.1,15.0,24.0,15.0,11.1,9.1,6.9,28.3,27.0,19.2,15.3,29.7,4.0,28.7,30.0,10.2,4.0,21.8,12.9,24.2,21.0,13.3,15.2,3.0,3.0,18.0,21.0,26.0,21.2,16.8,10.0,16.0,10.2,4.0,6.1,11.0,10.1
1772941776.6241853,10.2,4.1,49.0,37.4,19.0,26.5,9.1,20.8,12.0,4.0,31.7,23.0,6.9,4.0,13.1,11.9,12.0,17.8,25.7,24.0,12.2,14.0,20.0,22.4,29.0,29.3,15.2,20.0,32.3,4.0,25.3,30.3,17.0,21.2,30.3,19.2,28.7,17.0,16.0,15.8,4.0,1.0,15.2,21.2,27.3,24.2,13.0,14.0,20.8,4.0,2.0,6.9,14.1,11.9
1772941777.6242683,18.6,11.1,37.0,34.7,13.1,16.3,18.2,22.8,17.2,23.2,25.5,16.2,12.0,12.1,15.0,14.3,11.0,4.1,15.3,15.3,26.3,15.3,5.2,10.1,25.8,23.5,20.4,18.0,19.2,3.1,40.0,41.0,20.0,22.0,28.7,11.0,20.2,13.3,15.0,14.1,1.0,5.1,20.4,18.2,31.7,29.3,9.2,16.3,14.1,14.3,7.1,2.1,11.1,15.3
1772941778.6267428,17.5,11.2,33.0,41.0,1.0,20.6,11.0,21.8,24.0,14.9,31.7,25.7,14.1,13.3,13.1,14.9,13.1,12.0,11.0,15.8,26.5,16.8,11.0,23.0,24.0,31.3,18.0,20.0,13.0,6.0,38.6,38.6,20.0,18.0,28.7,10.0,13.0,15.8,13.1,15.0,3.0,3.0,21.6,21.2,40.8,31.0,22.8,15.8,19.2,3.0,5.1,5.0,13.9,18.4
1772941779.628735,15.0,7.1,39.2,38.0,22.8,19.2,21.0,22.2,27.0,20.8,30.7,22.2,8.0,11.1,20.0,17.2,13.0,8.9,20.0,18.8,30.3,24.0,19.2,19.2,29.3,35.6,17.5,21.0,36.4,3.1,34.0,34.0,22.2,20.0,26.0,12.1,15.2,30.7,15.8,15.2,5.0,3.1,25.0,18.2,23.8,35.6,18.2,17.2,10.0,20.0,7.0,4.0,16.2,18.8
1772941780.629552,14.4,14.0,35.4,30.7,21.2,17.2,5.1,21.8,25.0,10.1,18.0,23.0,4.0,5.0,13.0,14.1,4.1,7.1,8.2,9.3,28.7,10.0,13.0,7.1,36.7,43.9,16.7,18.2,21.0,4.0,28.0,34.0,22.0,9.2,31.0,18.8,27.7,14.1,13.0,12.0,1.0,5.0,12.1,20.0,22.2,24.0,9.2,10.2,2.0,20.0,4.0,4.1,10.3,14.3
1772941781.6296315,31.1,22.8,43.0,35.0,22.0,20.0,13.9,25.0,21.2,10.0,14.1,13.0,13.1,9.0,13.0,15.0,13.9,18.2,12.9,15.8,33.3,18.2,12.0,18.8,34.0,45.0,19.2,17.8,33.3,3.1,34.3,27.0,22.2,19.8,27.5,12.0,22.8,6.0,14.1,15.8,2.0,4.0,19.6,25.0,35.6,25.3,11.7,20.8,9.0,21.2,6.0,5.1,16.0,11.1
1772941782.632501,27.0,23.2,34.7,46.1,33.0,6.0,14.1,22.8,12.0,19.4,26.3,30.0,14.0,13.3,15.8,14.0,7.1,6.1,18.4,30.3,21.6,21.0,5.1,9.9,28.7,32.7,16.8,20.2,38.6,9.0,37.0,23.0,22.2,21.2,27.0,11.0,21.0,6.1,14.0,18.2,2.0,5.1,21.2,21.2,25.3,26.3,17.2,14.3,18.2,1.0,5.1,5.0,11.1,18.4
1772941783.6374292,21.6,18.2,35.4,41.8,22.4,23.8,20.8,19.2,28.0,18.8,24.8,24.2,10.2,8.2,15.5,21.0,15.2,10.1,23.0,22.0,18.4,30.7,18.0,13.3,26.5,27.3,21.2,15.8,35.4,4.0,34.0,20.2,15.2,23.0,25.5,12.0,23.0,8.1,15.8,16.0,5.0,5.1,23.8,19.0,27.0,27.0,18.8,12.2,23.0,12.0,6.0,7.3,15.2,14.1
1772941784.638715,21.4,14.9,41.0,32.7,14.3,23.8,13.9,19.0,22.8,17.2,35.6,22.0,6.0,5.1,15.0,16.2,6.1,11.0,27.7,28.7,16.2,27.0,8.1,15.2,34.7,37.4,17.0,23.0,31.0,6.1,27.0,11.9,20.0,19.2,23.5,25.0,21.8,6.1,15.2,15.8,2.0,5.0,22.0,15.8,27.2,27.7,9.1,15.0,18.0,2.0,1.0,6.0,16.2,10.1
1772941785.6397889,24.5,25.3,43.0,36.0,19.2,22.2,24.2,16.2,27.0,18.2,23.0,26.0,15.0,10.0,7.1,10.0,10.1,9.1,26.0,15.2,26.3,18.2,11.1,9.1,27.6,36.0,23.0,14.1,35.0,5.1,34.0,21.0,17.3,23.2,21.2,15.2,14.1,15.0,17.6,15.2,3.1,3.1,15.3,21.4,22.4,26.0,13.1,19.0,21.0,9.2,1.0,7.1,16.2,14.1
1772941786.6398728,21.9,21.0,36.0,34.0,23.5,13.1,12.2,15.0,30.7,11.2,29.3,22.8,10.1,14.1,4.0,3.1,13.9,11.1,25.3,32.0,23.0,26.3,8.0,7.1,22.4,20.4,14.4,19.2,16.2,3.0,35.4,36.7,23.0,18.0,10.0,31.0,30.7,16.0,13.1,16.2,3.0,3.0,22.2,19.0,23.0,23.0,10.0,18.8,3.0,15.8,5.1,4.0,8.1,17.3
1772941787.6422706,22.0,19.4,42.0,33.7,19.2,22.0,23.8,20.0,25.0,12.9,28.4,18.2,11.1,10.2,10.1,5.0,3.0,9.1,17.2,23.0,22.8,18.2,9.1,12.1,30.3,35.0,20.6,15.3,29.3,5.0,37.4,34.0,19.8,13.1,11.0,25.5,22.0,22.4,15.0,14.9,4.0,4.0,18.6,19.0,20.2,34.3,11.9,16.2,8.1,18.6,2.0,6.1,13.0,15.2
1772941788.643011,22.8,16.2,37.8,39.0,17.3,26.0,13.0,24.0,19.4,23.8,30.3,28.0,5.1,6.9,8.0,8.0,15.2,13.1,22.8,26.0,20.0,18.0,18.0,15.2,27.3,38.0,18.0,20.8,35.0,4.0,31.7,31.7,15.2,6.0,23.0,26.3,17.0,29.4,15.0,13.0,2.0,4.1,21.4,20.0,24.8,26.3,14.3,15.8,4.1,18.0,5.1,3.1,11.1,16.0
1772941789.6514087,29.3,21.8,45.0,34.0,25.3,11.9,26.7,12.0,14.9,25.0,30.0,18.2,10.9,11.1,4.1,5.1,8.0,9.9,23.0,27.3,16.0,12.1,17.2,7.1,20.2,22.0,21.8,21.0,26.0,4.0,36.3,32.0,21.0,17.2,23.8,16.8,14.9,20.0,17.0,14.0,4.0,4.0,17.8,24.2,33.0,19.8,19.0,13.1,9.9,20.8,6.1,3.0,13.1,15.2
1772941790.6545885,24.0,17.3,42.6,31.0,21.0,1.0,10.2,18.0,20.0,24.8,30.4,27.3,12.2,14.0,14.0,13.9,11.1,10.1,20.0,19.8,23.0,26.5,13.9,10.1,23.8,23.8,14.1,20.0,4.0,4.0,31.0,29.7,20.0,21.0,30.4,12.9,21.0,13.1,15.7,16.0,31.7,10.0,22.0,19.0,26.0,27.0,17.0,13.1,19.2,4.0,6.0,4.0,15.0,10.2
1772941791.6623797,23.0,15.8,35.6,38.2,24.5,12.9,16.0,28.4,14.9,22.2,15.2,22.5,10.1,12.0,20.0,14.1,14.0,8.0,32.7,26.7,15.8,25.3,5.1,8.9,33.0,34.3,17.8,18.0,3.0,5.0,31.0,35.0,17.0,20.8,27.7,10.9,31.7,13.7,11.0,12.9,8.1,6.9,25.5,20.8,32.4,14.0,6.9,15.8,14.9,11.1,5.0,3.0,12.0,11.9
1772941792.6624706,25.3,19.0,44.0,33.0,23.0,18.0,26.0,7.1,32.7,32.7,19.0,19.8,6.0,5.1,15.8,15.0,13.0,4.0,18.2,17.2,13.1,26.7,13.1,22.0,27.3,41.0,16.3,20.8,3.1,7.1,30.0,38.0,14.1,23.8,25.3,16.0,33.0,13.1,13.1,13.9,3.0,3.0,20.0,16.0,28.3,21.2,13.0,14.1,7.0,19.0,7.9,3.0,12.0,15.2
1772941793.662726,26.8,21.4,35.4,41.0,21.2,17.8,20.6,21.2,28.3,28.3,24.2,29.3,12.2,10.0,14.1,14.1,10.2,17.0,23.5,29.0,21.2,36.0,7.1,10.1,31.3,26.3,21.0,13.3,4.0,3.1,44.0,29.3,16.2,22.4,15.3,30.0,26.0,21.0,14.0,18.0,3.1,4.0,23.0,18.0,27.0,31.0,15.3,14.1,8.2,18.6,5.1,6.1,11.2,13.1
1772941794.668019,15.2,10.0,29.0,44.6,22.0,20.2,21.0,12.1,13.1,14.0,26.0,29.0,15.2,19.2,14.0,14.0,8.1,8.1,25.7,21.2,16.0,23.8,9.1,10.1,28.0,28.0,15.2,24.5,4.0,14.0,42.0,38.6,18.0,23.0,12.0,27.7,15.0,32.3,13.9,13.9,3.0,3.0,20.0,20.0,23.0,25.0,14.0,16.8,6.0,18.0,5.1,5.1,10.9,20.0
1772941795.6681106,16.5,11.2,39.0,38.0,23.7,17.2,16.3,20.8,19.0,24.2,26.3,22.2,8.1,9.2,19.0,14.1,30.4,16.8,24.2,24.0,21.4,23.0,15.2,10.2,32.3,36.4,27.5,19.2,3.1,7.1,33.0,41.0,21.2,15.2,20.0,20.2,17.2,28.0,14.3,19.0,4.1,3.0,19.8,20.6,26.0,33.0,12.1,19.0,9.1,21.8,5.1,5.1,18.6,13.1
1772941796.6681945,20.2,10.0,39.0,34.3,13.4,27.0,9.9,21.8,18.2,23.8,24.0,31.3,7.1,18.0,15.2,15.2,12.2,9.1,25.3,21.8,19.0,27.3,11.2,7.1,34.7,30.3,12.2,14.3,3.1,4.0,27.3,33.3,17.2,19.0,22.2,17.8,27.0,18.0,10.9,10.1,3.0,2.0,20.2,18.6,26.3,27.3,18.0,22.4,5.0,15.3,6.1,4.0,15.2,15.2
1772941797.668276,10.5,7.0,43.0,20.8,3.0,2.0,15.2,15.0,7.1,20.0,8.1,18.0,12.0,9.9,11.0,10.0,0.0,0.0,0.0,1.0,10.1,10.0,11.1,17.3,13.1,12.4,0.0,3.0,0.0,0.0,28.7,9.0,10.1,10.1,9.9,7.0,24.0,15.2,3.0,3.0,1.0,0.0,4.0,1.0,10.9,2.0,2.0,0.0,1.0,7.0,0.0,0.0,1.0,1.0
1772941798.6683478,6.1,0.0,26.7,19.0,0.0,0.0,20.0,1.0,1.0,21.8,7.0,6.0,9.1,11.0,10.0,10.1,0.0,0.0,0.0,0.0,4.0,16.0,7.0,13.1,22.8,18.0,0.0,1.0,1.0,1.0,8.2,10.1,3.0,18.8,0.0,0.0,17.2,22.0,0.0,0.0,0.0,0.0,0.0,0.0,9.1,9.0,0.0,1.0,0.0,0.0,1.0,0.0,0.0,0.0
1772941799.6684237,3.1,0.0,20.0,20.2,0.0,0.0,21.6,0.0,3.0,17.0,0.0,0.0,1.0,0.0,10.9,9.9,0.0,0.0,0.0,1.0,7.0,13.9,0.0,3.0,13.0,15.2,0.0,0.0,0.0,0.0,4.0,2.0,11.1,9.0,0.0,0.0,10.9,30.4,0.0,0.0,0.0,0.0,0.0,0.0,0.0,1.0,0.0,1.0,0.0,0.0,0.0,0.0,0.0,0.0
1772941800.6685016,1.0,0.0,33.7,5.9,0.0,0.0,20.8,1.0,5.0,6.0,0.0,0.0,0.0,0.0,10.0,10.1,0.0,0.0,0.0,0.0,20.8,0.0,0.0,0.0,17.8,3.0,0.0,0.0,0.0,0.0,0.0,0.0,20.0,0.0,0.0,0.0,10.0,30.7,0.0,0.0,0.0,0.0,0.0,0.0,0.0,0.0,0.0,0.0,0.0,0.0,0.0,0.0,0.0,0.0
1772941801.6685736,0.0,0.0,20.0,0.0,0.0,0.0,20.8,0.0,0.0,0.0,0.0,0.0,0.0,0.0,11.0,10.8,0.0,0.0,0.0,0.0,20.8,0.0,0.0,0.0,20.0,0.0,0.0,0.0,0.0,0.0,0.0,0.0,20.8,0.0,0.0,0.0,10.0,30.3,0.0,0.0,0.0,0.0,0.0,0.0,0.0,0.0,0.0,0.0,0.0,0.0,0.0,0.0,0.0,0.0
1772941802.668658,0.0,0.0,21.6,0.0,0.0,0.0,9.1,11.0,0.0,0.0,0.0,0.0,0.0,0.0,11.0,9.1,0.0,0.0,0.0,0.0,20.0,0.0,0.0,0.0,20.0,0.0,0.0,0.0,0.0,0.0,0.0,0.0,20.0,0.0,0.0,0.0,7.9,27.7,0.0,0.0,0.0,0.0,0.0,0.0,0.0,0.0,0.0,0.0,0.0,0.0,0.0,0.0,0.0,0.0
1772941803.6687346,0.0,0.0,20.0,0.0,0.0,0.0,0.0,20.0,0.0,0.0,0.0,0.0,0.0,0.0,10.0,9.0,0.0,0.0,0.0,0.0,20.8,0.0,0.0,0.0,13.9,7.0,0.0,0.0,0.0,0.0,0.0,0.0,16.0,2.0,0.0,0.0,8.0,12.0,0.0,0.0,0.0,0.0,0.0,0.0,0.0,0.0,0.0,0.0,0.0,0.0,0.0,0.0,0.0,0.0
1772941804.6688101,0.0,0.0,21.0,0.0,0.0,0.0,0.0,7.9,0.0,0.0,0.0,0.0,0.0,0.0,10.9,11.0,0.0,0.0,0.0,0.0,8.0,10.0,0.0,0.0,13.1,5.0,0.0,0.0,0.0,0.0,0.0,0.0,6.1,5.0,0.0,0.0,20.0,0.0,0.0,0.0,0.0,0.0,0.0,0.0,0.0,0.0,0.0,0.0,0.0,0.0,0.0,0.0,0.0,0.0
1772941805.668892,0.0,0.0,19.0,2.0,0.0,0.0,0.0,0.0,0.0,0.0,0.0,0.0,0.0,0.0,10.0,10.8,0.0,0.0,0.0,0.0,0.0,0.0,0.0,0.0,3.0,4.0,0.0,0.0,0.0,0.0,0.0,0.0,0.0,0.0,0.0,0.0,15.2,4.0,0.0,0.0,0.0,0.0,0.0,0.0,0.0,0.0,0.0,0.0,0.0,0.0,0.0,0.0,0.0,0.0
1772941806.6689608,0.0,0.0,7.9,13.1,0.0,0.0,0.0,0.0,0.0,0.0,0.0,0.0,0.0,0.0,10.0,10.0,0.0,0.0,0.0,0.0,0.0,0.0,0.0,0.0,0.0,0.0,0.0,0.0,0.0,0.0,0.0,0.0,0.0,0.0,0.0,0.0,5.0,4.0,0.0,0.0,0.0,0.0,0.0,0.0,0.0,0.0,0.0,0.0,0.0,0.0,0.0,0.0,0.0,0.0
1772941807.6690376,0.0,0.0,7.9,0.0,0.0,0.0,0.0,0.0,0.0,0.0,0.0,0.0,0.0,0.0,4.0,2.0,0.0,0.0,0.0,0.0,0.0,0.0,0.0,0.0,0.0,0.0,0.0,0.0,0.0,0.0,0.0,0.0,0.0,0.0,0.0,0.0,0.0,0.0,0.0,0.0,0.0,0.0,0.0,0.0,0.0,0.0,0.0,0.0,0.0,0.0,0.0,0.0,0.0,0.0
