timestamp,CPU_0(group_0),CPU_64(group_0),CPU_2(group_1),CPU_66(group_1),CPU_4(group_2),CPU_68(group_2),CPU_6(group_3),CPU_70(group_3),CPU_8(group_4),CPU_72(group_4),CPU_10(group_5),CPU_74(group_5),CPU_12(group_6),CPU_76(group_6),CPU_14(group_7),CPU_78(group_7),CPU_16(group_8),CPU_80(group_8),CPU_18(group_9),CPU_82(group_9),CPU_20(group_10),CPU_84(group_10),CPU_22(group_11),CPU_86(group_11),CPU_24(group_12),CPU_88(group_12),CPU_26(group_13),CPU_90(group_13),CPU_28(group_14),CPU_92(group_14),CPU_30(group_15),CPU_94(group_15),CPU_32(group_16),CPU_96(group_16),CPU_34(group_17),CPU_98(group_17),CPU_36(group_18),CPU_100(group_18),CPU_38(group_19),CPU_102(group_19),CPU_40(group_20),CPU_104(group_20),CPU_42(group_21),CPU_106(group_21),CPU_44(group_22),CPU_108(group_22),CPU_46(group_23),CPU_110(group_23),CPU_48(group_24),CPU_112(group_24),CPU_50(group_25),CPU_114(group_25),CPU_52(group_26),CPU_116(group_26)
1772940055.8725135,0.0,0.0,0.0,0.0,0.0,100.0,0.0,0.0,0.0,0.0,0.0,0.0,0.0,0.0,100.0,100.0,0.0,0.0,0.0,0.0,0.0,0.0,0.0,0.0,0.0,0.0,0.0,0.0,0.0,0.0,0.0,0.0,100.0,0.0,0.0,0.0,100.0,100.0,0.0,0.0,0.0,0.0,100.0,0.0,0.0,0.0,0.0,100.0,0.0,0.0,0.0,0.0,0.0,0.0
1772940056.8751166,27.6,25.3,25.0,26.3,34.0,42.9,5.2,2.0,4.1,5.0,15.2,19.2,35.0,47.5,26.0,27.6,21.2,23.0,35.3,34.3,40.6,41.4,21.0,60.4,5.0,7.0,11.2,12.1,33.0,36.4,40.6,43.6,8.9,14.1,4.0,27.0,44.6,38.0,15.3,6.3,13.9,15.0,36.4,22.8,3.0,3.0,16.0,13.3,12.2,13.0,13.4,18.2,25.5,28.0
1772940057.878252,13.3,11.0,16.3,26.0,38.8,39.6,6.0,4.0,28.3,17.5,5.1,10.0,31.0,52.5,5.2,5.2,2.0,3.1,43.9,35.6,37.6,44.1,36.6,44.6,5.1,4.0,8.9,11.1,29.7,34.7,41.6,41.2,3.1,4.1,3.0,36.4,37.4,42.6,4.1,4.0,11.2,13.1,30.7,24.0,3.1,5.1,11.1,9.2,9.0,9.1,32.7,33.3,24.2,25.5
1772940058.8788667,13.4,9.1,16.2,22.4,50.5,21.8,6.1,1.0,4.0,3.0,6.1,6.1,34.0,46.0,34.7,28.3,20.2,23.2,32.3,39.4,38.6,37.6,41.2,41.0,6.1,3.1,8.1,9.1,31.6,31.3,40.6,40.6,5.1,6.1,3.1,14.3,40.6,40.0,3.0,3.1,32.0,29.0,26.3,25.3,2.0,4.0,9.1,10.9,7.1,6.1,8.2,11.0,21.2,24.0
1772940059.882044,12.2,10.0,22.0,17.2,37.8,36.0,8.1,3.0,4.1,2.1,5.1,4.0,29.0,40.2,41.4,38.5,8.1,6.1,33.7,33.0,37.6,37.6,41.0,41.2,6.0,4.0,6.1,8.0,24.0,37.0,38.2,45.1,4.0,3.0,3.0,4.1,39.6,40.6,2.1,3.0,42.6,40.4,18.8,26.3,3.0,3.0,8.0,10.2,6.1,9.1,29.7,28.0,20.8,18.0
1772940060.883096,10.3,8.0,14.1,11.0,27.3,43.0,6.1,7.0,4.1,5.1,5.1,5.1,33.3,32.0,19.6,17.3,23.0,18.2,26.0,33.3,34.7,37.6,41.6,40.0,3.0,4.0,8.1,7.1,32.0,22.2,38.6,43.6,2.0,4.0,5.1,3.0,41.0,38.0,1.0,1.0,41.0,40.6,21.2,14.0,1.0,2.0,9.1,8.0,7.2,5.1,13.9,12.2,22.2,13.3
1772940061.8839731,14.1,7.1,16.3,15.3,38.0,39.0,2.0,7.1,21.0,19.6,4.1,5.1,25.3,29.3,6.0,3.1,2.0,3.1,35.0,30.7,32.0,36.3,43.1,39.0,7.9,2.1,10.2,9.1,29.0,24.0,40.6,41.0,6.1,4.0,4.0,2.0,44.4,38.0,3.1,2.0,40.4,39.4,15.0,22.4,3.0,4.1,7.1,10.0,7.1,6.1,23.2,22.0,18.2,23.0
1772940062.8846247,16.7,11.9,16.2,12.1,38.0,31.0,1.0,4.0,2.0,3.0,5.0,4.1,32.0,31.0,30.7,24.2,19.2,20.0,30.0,30.7,35.0,34.7,39.0,42.6,3.0,4.0,6.9,11.9,31.7,21.0,41.6,40.6,2.0,4.0,1.0,3.0,39.4,39.6,2.0,1.0,41.0,40.2,20.0,15.8,1.0,2.0,6.1,8.1,7.9,9.0,19.0,19.0,15.0,20.0
1772940063.885618,11.3,9.0,16.2,12.2,34.7,32.0,3.0,1.0,7.1,7.1,7.1,5.1,26.3,28.7,36.5,41.2,3.1,3.1,34.7,30.3,35.3,37.4,45.5,36.6,6.0,3.1,4.1,8.2,28.7,20.2,34.7,48.0,6.1,1.0,4.0,2.0,41.6,41.0,20.0,14.0,41.0,40.4,12.4,23.2,4.0,2.1,6.1,8.1,6.1,6.1,19.0,18.2,21.2,19.2
1772940064.8860245,14.4,5.1,16.2,11.1,31.3,37.0,3.1,4.0,1.0,7.1,5.1,7.1,34.7,29.6,20.4,17.3,15.3,16.0,35.4,29.0,36.6,37.6,28.0,54.0,5.1,3.0,9.0,9.1,29.3,32.0,49.0,32.0,4.0,3.0,4.1,1.0,38.0,43.0,32.0,24.5,41.0,40.4,23.0,18.2,3.0,5.0,10.9,9.0,7.1,6.1,22.2,21.2,17.2,18.2
1772940065.8869383,13.1,9.2,11.1,18.4,34.7,41.0,3.1,9.0,24.0,21.2,5.1,4.0,21.0,35.6,8.0,3.1,7.1,6.2,26.0,41.0,34.7,40.2,22.8,59.2,5.1,3.0,9.2,6.9,25.3,27.3,43.1,38.6,4.0,4.1,3.0,4.1,36.6,43.0,3.1,2.0,40.6,40.0,24.2,19.2,3.0,3.0,9.2,6.1,5.0,6.2,17.0,19.8,16.2,21.2
1772940066.887814,13.1,5.1,11.2,15.0,38.0,29.0,5.0,7.1,7.1,2.0,5.1,3.1,20.2,33.0,27.0,23.2,6.1,7.1,27.3,34.0,34.0,33.3,27.3,53.5,3.1,5.0,4.0,9.3,22.0,22.2,43.6,40.0,2.0,4.0,2.0,3.0,40.0,40.6,3.0,1.0,40.4,40.0,13.9,20.0,4.0,2.0,8.0,7.1,6.1,8.0,17.3,19.4,15.2,18.0
1772940067.887905,10.6,6.0,14.3,16.2,26.5,46.0,2.0,10.2,3.1,5.1,5.1,5.1,18.2,32.7,38.1,37.5,15.3,15.5,28.0,38.0,33.7,36.6,23.8,58.8,5.0,4.0,11.0,7.9,22.2,27.6,37.0,44.6,3.0,4.1,4.0,2.0,38.6,41.6,6.1,2.0,39.0,39.0,21.0,19.4,3.1,3.0,6.2,8.1,8.1,4.1,22.0,22.2,19.0,21.2
1772940068.8887837,14.0,13.0,15.2,22.0,34.3,42.0,2.1,9.2,15.2,10.3,5.1,9.0,33.0,27.3,19.6,22.4,10.0,9.1,35.0,37.4,37.6,36.6,33.7,47.0,7.0,5.1,9.1,6.1,29.3,31.7,38.2,44.0,4.1,4.1,4.1,2.0,43.0,39.4,7.1,5.0,41.0,41.0,26.3,21.0,3.1,3.0,12.0,9.2,5.2,10.0,20.0,18.4,25.3,20.2
1772940069.8919425,11.3,8.1,20.8,17.2,44.4,26.7,5.0,9.1,9.1,13.3,5.1,4.0,28.0,38.2,17.2,18.4,14.1,14.0,32.0,33.7,36.6,35.6,28.7,52.5,3.1,10.0,9.0,12.0,26.7,30.7,44.0,38.2,4.0,6.9,4.0,4.0,43.6,38.2,7.1,4.0,36.4,36.0,21.0,24.8,2.0,3.1,10.0,9.1,7.0,8.2,22.0,23.0,19.0,20.2
1772940070.893666,12.1,9.2,16.5,19.2,28.9,46.0,4.0,3.1,1.0,5.1,5.1,4.1,26.3,35.4,27.8,27.3,4.2,4.1,37.0,33.3,40.0,38.0,30.0,45.0,3.0,3.1,7.0,8.1,28.3,29.3,35.6,45.0,1.0,4.0,3.0,5.1,39.0,42.6,6.1,3.1,31.0,31.0,23.2,24.0,4.0,4.0,8.1,9.1,10.0,9.1,11.1,15.0,21.2,21.4
1772940071.8937476,17.0,10.1,21.6,19.0,47.5,22.0,4.0,3.0,5.1,4.1,5.1,4.1,38.4,32.3,22.4,32.0,18.0,19.4,36.0,37.0,39.6,38.2,25.0,35.0,6.1,4.0,7.1,8.2,30.0,31.0,32.3,23.8,6.1,2.0,2.0,4.0,39.0,42.0,6.0,2.0,29.3,32.0,26.5,23.2,6.9,3.0,11.0,15.2,6.1,7.2,25.0,26.3,25.3,19.0
1772940072.8938413,13.3,9.2,13.0,21.2,39.2,36.0,3.1,4.0,12.4,16.0,4.1,4.1,36.0,27.3,18.6,18.4,1.0,4.0,39.4,33.3,32.0,37.4,37.4,37.0,5.0,2.1,7.1,8.0,27.0,26.5,21.0,26.3,3.1,4.1,3.0,2.0,41.0,40.0,1.0,3.0,21.0,23.0,23.0,19.0,3.1,4.1,9.0,9.3,6.1,10.0,13.0,16.0,23.0,18.4
1772940073.8979347,11.2,8.0,18.2,16.0,41.0,31.7,4.0,0.0,13.0,9.1,4.0,6.0,33.7,26.0,19.2,21.2,16.0,16.2,33.0,32.7,35.6,35.3,41.2,21.0,4.0,5.0,10.9,7.0,25.3,30.7,29.0,26.7,5.9,5.1,1.0,4.0,39.6,41.0,3.0,3.1,18.2,22.0,20.2,19.2,2.0,6.9,7.1,7.9,7.1,9.0,14.1,16.3,18.4,19.8
1772940074.898022,11.3,9.1,26.5,19.4,48.5,30.3,3.1,3.0,2.0,3.1,5.1,4.0,29.0,27.0,22.2,21.4,6.1,5.1,27.0,38.6,37.6,36.6,40.4,26.7,4.0,5.0,7.1,8.1,34.0,23.0,36.6,33.7,5.1,5.0,2.0,2.1,41.0,38.0,4.0,3.0,14.0,17.0,26.0,21.8,3.1,2.0,9.3,7.1,4.1,8.2,25.3,26.3,19.0,23.2
1772940075.8988006,11.0,9.0,25.3,18.2,37.4,34.7,4.0,3.0,5.1,2.0,5.1,5.1,33.0,24.0,19.4,32.7,13.3,14.1,34.3,31.6,34.7,38.2,40.6,40.4,4.0,3.1,9.0,8.1,25.3,28.0,27.7,41.0,3.0,5.0,6.0,6.1,40.6,40.6,3.1,6.1,14.1,11.1,17.3,23.0,6.1,5.0,8.0,9.1,8.0,6.1,9.0,7.1,16.2,18.4
1772940076.8990898,11.2,8.1,14.3,17.0,36.7,33.3,4.1,2.0,9.0,12.2,7.1,4.0,25.0,34.3,26.3,20.0,11.1,9.0,32.7,29.0,35.0,32.0,34.7,46.5,3.0,6.0,7.1,5.1,25.0,24.2,28.3,39.6,3.1,5.0,2.1,5.0,40.0,43.4,18.4,8.1,24.8,19.2,17.8,19.4,4.1,5.1,5.1,9.0,6.1,7.1,29.0,34.7,17.8,18.0
1772940077.8994577,11.1,9.1,19.8,13.0,40.4,32.7,5.9,3.0,11.2,15.3,4.0,7.9,33.0,34.0,24.0,25.5,22.0,16.3,35.6,33.3,35.6,35.6,23.2,54.4,3.0,4.1,8.9,9.1,26.0,30.3,27.7,51.5,5.1,4.0,3.0,2.0,39.6,40.6,6.9,3.1,23.2,22.8,22.2,21.6,3.0,6.9,8.0,12.0,9.0,8.0,11.0,12.1,18.2,20.2
1772940078.9009428,7.4,10.2,18.2,14.1,45.9,34.0,5.0,4.0,4.0,4.1,4.1,6.1,30.3,29.0,27.8,23.7,5.1,7.1,35.4,33.3,35.6,39.0,30.4,32.3,3.1,5.1,8.2,11.0,28.3,26.0,41.6,38.4,4.1,6.1,3.0,7.1,44.0,38.4,3.1,3.1,39.0,40.4,21.8,20.4,1.0,2.1,10.1,8.1,8.1,7.1,32.0,34.7,23.2,18.4
1772940079.9052734,12.0,8.8,17.0,15.0,42.0,36.6,1.0,2.0,8.2,5.0,5.9,6.0,31.4,30.0,31.0,22.2,15.2,17.8,31.0,40.0,36.9,38.8,12.0,41.7,4.0,4.0,6.9,8.8,31.7,27.7,36.3,46.1,6.9,4.0,3.0,3.0,41.2,39.4,3.0,7.0,40.0,39.2,21.0,23.5,4.0,2.0,8.0,13.9,6.1,8.1,8.1,7.1,19.2,22.0
1772940080.9070246,14.4,10.2,22.2,19.2,31.6,47.0,4.0,4.1,16.3,19.6,10.2,6.2,36.7,31.3,20.0,19.6,4.1,2.1,31.3,38.8,40.8,36.4,39.4,31.3,2.1,5.1,7.2,7.3,31.3,29.3,33.3,46.5,3.1,4.1,5.1,5.1,39.4,36.7,2.1,2.1,40.0,41.4,25.5,19.4,1.0,3.1,9.2,6.2,7.1,6.1,24.7,26.5,24.0,19.0
1772940081.9079578,16.2,9.3,20.8,19.4,29.9,45.5,3.1,1.0,4.1,4.1,4.1,9.0,33.3,36.0,24.5,19.4,15.5,16.3,35.4,37.0,40.2,36.6,22.2,20.4,6.9,5.0,9.1,8.1,29.6,34.7,22.0,47.5,4.0,3.1,3.0,4.0,38.4,42.6,6.2,3.1,39.4,40.4,22.8,29.6,4.1,3.1,11.1,8.2,7.1,5.2,17.6,20.6,27.3,22.2
1772940082.9086823,13.3,8.1,19.2,15.3,43.9,29.3,5.0,3.1,4.1,4.0,7.1,7.1,35.6,30.0,24.5,20.4,7.2,10.0,38.0,36.6,41.0,40.6,25.0,28.0,8.1,3.1,7.1,7.0,30.0,26.3,22.2,30.0,5.1,2.0,2.0,2.0,41.6,38.4,3.1,3.1,41.4,40.0,26.0,18.0,4.0,3.0,14.0,9.0,7.1,8.8,13.4,15.5,14.3,22.2
1772940083.916804,12.9,10.0,18.2,20.2,37.0,30.0,5.9,1.0,7.0,9.1,6.1,5.0,31.0,34.7,24.2,26.3,5.0,9.1,36.9,36.0,37.9,39.6,42.2,21.0,7.1,6.0,11.0,6.1,31.7,33.0,24.5,34.0,4.1,2.0,4.0,3.0,38.2,41.7,27.7,22.0,40.2,39.2,20.0,28.7,3.0,5.0,8.1,10.0,8.8,8.1,25.5,26.7,26.7,22.0
1772940084.9178476,15.0,11.3,29.0,21.6,40.6,43.6,5.1,7.0,19.6,6.3,6.1,8.1,39.8,35.0,27.8,17.3,18.4,12.2,37.8,39.4,42.6,40.0,42.6,22.8,5.1,8.0,9.2,9.2,34.7,35.4,39.4,29.0,7.0,5.1,9.3,8.1,38.4,44.0,19.8,16.2,40.0,41.0,29.3,33.3,1.0,5.1,14.0,13.3,8.2,9.1,16.3,18.4,29.3,28.9
1772940085.9179318,11.2,8.9,18.4,15.2,30.7,42.4,5.1,4.1,4.1,11.1,5.1,3.1,39.0,25.0,25.5,20.8,2.1,8.2,28.3,35.6,36.6,37.4,41.6,25.3,6.1,5.1,7.1,6.1,30.0,26.5,31.0,32.0,2.0,3.1,5.1,4.0,41.4,39.0,2.0,3.0,40.4,40.4,20.0,19.4,5.1,5.1,7.1,7.1,7.1,7.1,21.2,25.0,22.8,20.2
1772940086.9180095,10.4,7.1,15.3,17.2,38.1,35.4,5.1,2.0,4.0,4.1,4.0,5.2,33.0,30.6,25.0,18.4,18.4,13.3,28.3,36.0,35.0,42.2,45.5,35.6,4.0,3.0,7.1,6.9,29.3,25.3,42.2,39.0,6.0,5.0,2.0,2.0,41.2,40.2,3.0,1.0,40.0,40.0,19.2,22.0,6.9,7.2,7.1,9.1,3.1,7.1,13.3,12.1,17.5,17.0
1772940087.9207659,12.2,6.1,19.0,18.4,23.5,45.5,5.9,5.0,4.0,9.2,5.1,3.0,27.0,27.0,21.4,22.4,2.0,3.0,32.0,32.0,37.0,37.0,42.0,35.0,5.1,2.0,8.9,6.1,21.8,30.3,37.0,43.6,3.0,3.0,3.0,1.0,42.0,39.6,4.0,3.0,40.6,40.6,21.0,23.0,4.0,4.0,9.1,7.0,7.9,6.1,14.1,17.3,15.8,20.4
1772940088.9215186,13.3,8.1,17.5,16.8,32.7,44.0,1.0,2.0,11.6,15.3,5.1,5.1,31.3,25.7,24.2,22.2,17.2,16.3,32.3,29.6,35.0,36.3,51.5,30.3,5.0,4.0,6.2,7.1,24.2,35.0,19.2,41.7,5.1,3.0,2.0,2.0,38.0,41.0,2.1,2.0,34.0,32.7,17.3,20.8,2.0,2.0,9.1,7.0,7.1,8.2,23.2,25.7,16.3,22.0
1772940089.9231076,13.0,10.1,18.0,14.3,33.7,32.0,5.0,6.8,9.0,8.0,6.1,3.1,30.0,39.4,29.6,21.2,2.1,4.0,34.0,33.7,36.6,41.0,46.0,29.0,2.0,6.0,8.1,9.0,33.0,28.0,31.4,33.3,4.1,2.1,3.1,2.0,40.6,41.0,2.0,1.0,28.0,26.3,23.0,17.0,3.0,2.0,5.1,10.2,7.1,6.0,15.0,15.8,22.8,19.2
1772940090.9231894,11.2,12.0,18.0,21.4,45.9,32.7,5.0,3.1,2.1,6.1,4.1,5.1,40.0,29.3,22.2,19.6,10.0,8.1,33.3,33.3,36.6,39.6,33.0,29.3,5.1,3.1,10.0,7.1,32.3,33.0,31.0,51.5,2.0,4.1,4.1,2.0,39.0,42.6,3.1,4.1,21.2,21.2,29.3,24.2,4.0,2.1,10.0,11.1,7.1,7.1,19.0,18.6,18.6,18.7
1772940091.9232829,12.4,9.2,19.0,20.2,40.8,30.0,8.1,3.1,9.1,3.1,3.0,6.1,38.0,31.0,22.7,24.2,11.1,13.1,34.7,34.0,37.0,39.0,31.0,35.4,7.0,5.1,6.1,7.2,26.3,28.0,39.6,41.0,7.0,3.0,4.1,2.0,39.4,40.0,4.1,4.0,20.2,21.0,17.0,26.0,3.0,2.0,10.1,9.0,5.1,7.1,19.2,16.0,21.2,23.0
1772940092.9239655,14.0,12.1,16.3,21.2,44.0,30.0,3.0,3.1,13.4,15.2,5.1,4.1,29.0,35.4,24.5,21.4,3.1,9.2,42.0,26.3,34.0,40.6,18.2,32.7,6.1,7.1,7.1,9.1,36.4,24.2,41.0,30.0,4.1,6.0,3.0,3.1,39.6,39.6,4.0,5.1,24.5,24.2,31.0,17.2,4.1,2.0,7.1,10.1,6.1,7.1,20.0,21.0,25.7,20.2
1772940093.9240572,12.2,8.2,11.1,17.2,48.5,26.0,5.1,1.0,11.0,4.1,7.0,4.0,25.5,34.7,25.5,26.5,13.3,18.2,31.6,34.0,33.0,35.6,18.2,38.0,3.0,6.0,9.1,7.1,26.0,30.3,39.6,20.0,3.0,2.1,2.0,3.0,41.6,37.0,3.0,3.1,26.3,26.0,19.4,21.0,2.0,4.0,7.1,7.1,5.2,6.1,22.0,22.2,18.0,21.2
1772940094.9258304,11.2,11.9,15.3,17.2,27.1,43.6,3.1,3.0,8.0,3.1,8.2,5.9,24.8,34.3,18.4,22.9,3.0,9.0,26.7,37.6,36.9,35.0,21.8,41.2,7.0,4.0,6.0,7.0,28.0,26.3,29.7,32.7,2.0,4.0,2.0,3.0,39.6,43.1,1.0,2.0,20.0,20.8,22.8,18.0,3.0,2.0,9.9,8.0,7.0,6.1,9.1,11.1,19.0,20.2
1772940095.9273205,13.3,9.1,13.1,19.0,40.0,37.0,5.1,5.0,6.1,10.1,6.0,3.1,30.0,27.7,16.3,21.2,12.2,12.2,36.0,30.3,35.0,39.2,23.8,51.0,3.0,4.0,8.1,7.1,21.0,35.3,20.8,47.5,3.0,6.1,4.1,2.0,41.0,40.6,4.0,3.0,21.0,19.2,28.7,15.0,5.0,3.0,7.1,9.1,7.0,6.1,23.2,24.0,17.3,24.8
1772940096.92762,13.0,11.0,19.0,15.5,33.3,38.6,3.0,4.1,14.0,14.0,7.2,5.0,32.7,26.0,24.0,19.4,13.1,10.1,33.0,36.0,38.0,37.6,26.0,53.0,6.0,4.9,7.0,5.1,23.5,28.3,24.2,38.0,4.0,4.0,5.1,5.1,40.2,40.0,3.0,2.1,22.0,22.2,17.2,27.0,5.1,1.0,8.2,9.2,9.0,8.1,15.8,17.0,20.2,18.0
1772940097.927959,11.6,8.2,16.2,17.0,38.1,38.4,5.0,5.1,3.1,11.3,7.1,6.1,35.4,31.3,34.0,32.7,15.2,8.2,40.4,31.3,37.6,38.0,40.4,38.0,5.1,5.1,5.1,14.0,35.0,28.6,45.5,27.0,4.0,3.1,4.0,3.1,40.4,41.0,6.2,19.6,23.2,21.4,21.2,23.2,4.1,4.0,7.1,10.2,7.2,7.1,25.0,24.5,27.0,19.8
1772940098.9287753,15.2,7.2,19.2,18.7,42.9,33.7,4.1,3.0,5.1,5.1,6.1,3.1,32.7,31.0,24.5,23.5,17.2,7.2,37.4,37.4,35.6,38.6,43.6,35.0,4.1,5.1,8.0,7.2,31.3,25.0,33.0,47.0,2.0,5.2,3.1,3.0,42.0,40.2,7.2,4.1,35.4,39.0,23.0,22.2,3.1,5.1,11.0,8.1,8.2,7.1,18.4,16.2,18.4,25.0
1772940099.9420638,13.9,8.8,16.0,19.6,27.3,43.1,3.0,3.0,19.0,12.1,3.0,4.1,29.1,28.0,16.0,23.8,4.0,9.0,35.9,32.0,36.9,36.9,37.3,44.6,2.0,5.9,10.0,8.9,27.9,26.7,30.4,46.6,3.9,5.0,3.0,1.0,41.7,39.0,7.0,5.0,40.8,39.2,20.6,20.8,4.9,4.0,9.9,13.7,6.9,6.9,17.2,17.8,16.7,23.8
1772940100.942783,13.1,10.1,19.4,18.2,45.4,25.3,4.0,3.1,2.1,2.1,4.1,6.1,31.3,34.0,22.4,17.5,16.0,8.2,38.4,35.7,35.4,34.7,36.0,44.0,4.1,4.0,7.1,7.1,33.3,28.7,42.0,37.4,3.1,6.0,6.1,2.0,42.0,41.2,5.1,2.0,39.8,42.0,24.2,24.2,3.1,3.0,7.2,7.2,7.1,6.2,21.8,22.0,22.2,23.5
1772940101.9435675,11.5,7.1,19.2,15.2,40.4,33.0,3.1,2.0,4.1,12.1,5.1,5.1,23.2,29.7,26.5,38.0,9.2,1.0,31.6,41.0,36.0,33.3,39.0,10.1,4.0,4.1,6.1,9.1,28.3,25.5,46.0,30.7,5.1,2.0,3.1,5.1,39.4,41.0,1.0,1.0,41.0,40.4,22.2,17.8,4.1,5.0,7.1,9.1,8.0,8.0,15.2,13.3,18.2,20.0
1772940102.9436538,17.0,8.2,20.2,17.2,38.8,35.4,3.1,3.1,4.0,4.1,8.1,4.1,34.7,36.0,24.7,22.9,12.1,9.2,41.0,30.7,39.6,39.0,12.2,9.1,4.0,4.0,6.1,9.0,28.0,31.3,23.2,28.0,4.0,5.1,2.0,2.0,40.6,42.4,3.1,3.1,41.0,42.0,28.3,18.4,2.0,3.0,7.1,11.1,6.1,7.1,21.2,22.2,22.2,20.2
1772940103.9437366,14.3,9.1,15.3,21.2,43.9,31.7,3.1,3.0,13.3,16.5,7.1,7.1,38.0,28.3,17.2,12.2,3.1,12.1,31.7,35.7,41.6,38.6,15.2,22.8,2.0,5.1,7.0,9.9,31.6,26.3,26.7,24.2,4.0,3.1,3.0,4.0,41.0,39.6,4.0,9.3,40.0,40.0,23.0,22.2,2.0,9.2,10.9,8.1,7.1,9.1,15.0,16.0,18.2,25.3
1772940104.9455757,13.3,9.1,18.2,18.0,33.3,38.6,4.0,3.0,14.0,5.1,4.0,5.1,27.0,33.0,26.3,24.5,15.2,9.1,31.0,34.0,37.0,36.0,26.0,19.0,5.0,5.1,14.1,8.1,23.0,35.0,35.4,34.7,3.1,6.0,3.0,3.1,42.6,43.0,22.0,37.4,40.6,40.6,23.2,20.0,3.0,10.1,10.1,9.2,8.1,6.1,26.0,26.5,20.0,21.2
1772940105.949425,13.9,8.0,15.0,16.0,43.0,31.0,4.0,3.0,5.0,6.0,4.1,5.0,28.0,32.7,30.6,31.6,8.0,6.0,34.7,35.0,34.3,36.3,41.2,20.8,4.0,4.0,7.9,6.1,25.3,26.0,39.6,26.7,5.9,4.0,4.0,3.0,38.6,40.6,7.2,8.2,40.6,39.4,18.8,18.0,5.0,5.0,12.1,10.9,7.0,6.9,16.0,19.6,21.0,19.8
1772940106.950722,12.4,6.1,20.2,11.3,35.7,40.4,4.1,2.0,16.3,5.2,4.1,5.2,26.3,26.3,20.4,21.9,11.1,10.2,35.6,32.7,38.0,41.0,54.9,24.0,4.1,4.0,6.1,11.1,35.0,25.0,37.3,44.6,3.1,5.1,2.0,2.1,42.0,39.0,2.0,3.0,38.8,41.0,23.5,18.4,1.0,1.0,8.2,6.0,6.1,6.2,12.4,15.5,21.6,19.4
1772940107.9513223,13.1,8.2,17.2,16.2,35.7,35.6,5.1,6.1,10.2,6.1,6.0,5.0,25.0,40.0,11.2,13.3,5.2,9.2,36.4,37.0,42.2,37.3,56.4,24.0,6.9,2.0,6.1,5.1,25.0,35.0,41.2,25.0,4.0,10.0,1.0,4.0,42.0,40.6,6.1,3.0,33.3,32.0,21.2,19.8,2.0,5.1,11.0,5.2,7.1,6.1,30.4,28.0,18.2,20.2
1772940108.9528844,12.2,9.9,17.2,13.0,34.0,39.6,5.0,2.0,4.1,11.1,5.1,2.0,31.7,23.0,17.0,20.2,14.3,2.0,32.7,29.0,35.3,37.4,46.5,29.3,3.0,5.0,4.1,6.1,24.0,33.0,44.0,18.8,4.0,2.0,3.0,1.0,39.2,43.0,8.0,8.1,21.2,22.5,17.6,22.2,3.0,2.0,8.9,9.0,6.9,7.8,3.1,5.1,19.0,19.0
1772940109.954429,15.7,8.2,16.2,15.3,47.5,23.2,5.0,4.0,3.1,10.9,4.1,7.1,26.8,35.4,33.3,26.5,10.0,4.1,35.7,32.0,33.0,37.9,42.0,37.6,5.1,5.1,6.1,8.1,28.7,26.0,52.5,26.0,8.0,5.1,3.0,3.1,39.8,41.0,4.0,2.0,21.0,23.0,18.2,20.0,3.1,1.0,9.2,8.0,6.1,9.1,28.0,28.3,18.2,23.0
1772940110.9545147,10.4,7.1,13.1,16.2,28.6,47.0,3.0,4.0,8.1,9.2,5.1,6.1,25.0,32.7,33.3,25.0,3.1,20.2,33.7,30.7,35.0,37.0,32.0,29.3,3.1,4.0,9.1,9.0,17.3,33.3,42.0,38.0,8.2,4.1,4.1,5.1,36.6,37.3,3.0,4.1,19.6,21.4,17.2,24.0,6.1,2.1,11.0,6.1,5.1,4.2,12.9,13.9,20.0,17.3
1772940111.9551065,13.1,9.0,17.2,14.1,24.0,41.0,3.1,0.0,12.0,5.2,4.0,4.1,25.0,30.3,16.3,10.2,1.0,11.0,33.3,33.0,35.0,33.7,18.0,47.5,6.1,4.0,6.1,7.1,30.3,21.0,38.6,33.0,5.1,4.0,4.0,3.0,40.2,41.6,1.0,5.1,23.8,24.0,19.8,22.8,5.9,3.0,8.0,9.1,4.1,8.0,11.2,11.2,21.2,15.0
1772940112.9644377,12.9,7.1,16.2,17.2,27.6,45.5,4.0,3.0,8.2,12.0,6.0,4.0,30.7,28.4,17.0,22.0,12.1,11.1,35.3,32.0,39.8,33.0,25.7,18.0,4.0,5.0,7.9,8.0,29.7,24.8,31.0,50.0,5.0,3.0,1.0,5.0,39.6,41.6,1.0,1.0,39.0,37.6,20.0,24.8,3.0,3.0,10.0,12.0,7.0,8.1,28.7,31.3,18.0,25.0
1772940113.9686432,12.4,6.9,16.3,13.0,46.0,26.5,3.1,5.1,4.1,3.0,5.1,7.1,33.0,33.0,38.0,23.2,5.1,11.1,28.3,37.0,33.0,38.2,31.3,22.0,3.0,4.0,6.0,7.1,32.0,23.0,33.7,30.0,4.0,2.0,3.0,3.0,39.6,38.0,2.0,4.0,34.3,35.0,17.8,18.0,2.0,4.0,6.1,9.0,8.0,8.1,3.1,5.0,22.0,14.1
1772940114.9752758,12.2,10.0,20.2,20.2,42.4,31.0,5.0,3.1,14.1,7.1,6.1,4.0,33.3,30.7,25.8,26.8,10.0,11.1,40.6,31.0,38.6,38.2,36.3,29.0,3.1,5.1,7.1,6.1,26.3,31.7,22.0,25.5,3.0,7.9,2.1,1.0,41.0,40.0,2.0,3.0,22.0,22.0,26.0,27.0,3.0,4.0,12.9,9.2,10.1,7.0,31.7,36.0,25.3,16.0
1772940115.9781039,12.2,7.2,11.2,21.2,32.7,43.0,5.0,3.0,9.3,7.0,4.0,5.0,29.7,31.6,18.8,11.2,15.3,4.1,33.0,41.0,38.2,41.2,57.8,26.3,4.0,5.1,9.1,5.1,32.0,30.3,42.6,14.1,2.0,5.1,6.1,3.0,39.6,43.0,4.1,3.0,23.2,22.0,23.0,21.0,2.0,4.0,7.1,11.0,7.9,7.1,6.0,8.2,22.2,22.4
1772940116.9781737,10.5,10.1,18.4,17.2,35.1,41.0,4.1,1.0,14.1,6.1,4.0,4.1,32.0,32.0,19.6,16.0,13.1,3.1,32.3,35.0,40.6,35.0,60.4,21.0,3.0,4.1,8.0,8.0,23.2,34.3,44.6,18.2,3.1,6.0,4.0,4.1,44.6,38.2,4.0,3.1,21.0,22.2,29.3,18.4,2.0,3.1,5.1,11.1,6.2,9.0,10.2,11.2,23.8,17.2
1772940117.9782603,13.7,10.1,17.0,13.0,31.3,39.4,3.0,4.0,4.0,3.0,5.9,3.1,33.3,31.7,37.4,22.2,12.1,8.2,31.0,25.3,35.6,35.0,61.4,20.8,2.0,5.0,7.1,6.1,27.3,26.0,44.6,36.6,2.0,6.0,1.0,1.0,40.0,39.4,4.0,9.0,24.2,23.0,20.0,15.2,2.0,4.0,9.2,6.1,8.0,5.1,30.0,29.0,18.4,17.3
1772940118.9807634,13.1,9.1,17.2,20.0,34.3,38.6,4.1,5.1,6.2,8.1,4.1,6.0,28.7,32.0,33.3,28.3,15.3,2.0,41.4,39.6,37.6,36.3,55.3,25.7,4.0,4.1,8.9,8.0,29.0,31.7,36.6,29.4,2.0,5.1,2.0,5.0,43.6,41.6,6.2,16.3,36.6,38.0,31.0,23.0,2.0,5.9,12.9,7.0,6.1,7.1,9.2,9.0,21.0,24.0
1772940119.9808729,13.4,9.0,21.4,21.2,45.0,35.6,4.0,5.1,13.3,15.5,9.0,5.1,36.0,29.0,21.4,16.7,15.2,9.2,33.3,32.3,36.6,38.2,38.0,38.4,7.0,6.0,9.1,7.0,32.0,28.3,45.1,30.0,7.0,3.0,2.1,1.0,41.2,41.0,2.1,3.1,40.6,40.6,23.0,22.0,4.0,2.1,12.9,7.1,7.1,8.9,30.0,32.0,26.5,18.2
1772940120.9809575,13.3,6.2,17.3,14.6,36.8,32.7,3.1,8.2,3.1,7.1,4.1,4.1,26.3,34.0,21.4,22.2,11.2,3.1,40.0,34.0,40.6,37.4,34.7,38.6,3.1,5.1,7.1,7.1,29.3,31.0,46.5,32.0,5.1,4.1,2.0,5.1,37.4,37.6,3.1,3.1,39.4,41.4,22.0,21.0,1.0,5.1,10.1,10.1,6.1,7.1,10.1,9.3,19.4,18.4
1772940121.9818273,13.0,11.0,15.2,20.8,40.8,31.0,3.1,2.0,5.1,6.1,6.0,4.0,34.7,25.3,30.3,25.5,8.1,14.1,34.0,32.7,37.0,38.2,24.2,33.3,5.1,2.0,8.2,8.2,25.7,25.3,47.5,33.0,4.0,6.0,6.1,4.1,39.4,42.6,3.1,2.1,42.0,39.4,24.2,20.2,3.0,3.1,5.1,10.1,8.1,4.1,24.2,25.3,23.5,17.3
1772940122.9821424,11.3,9.2,18.4,17.3,44.4,28.3,3.1,3.0,6.2,17.2,5.2,6.1,31.3,33.0,29.9,23.5,5.2,16.3,38.0,36.4,36.6,35.4,22.0,26.0,5.1,6.1,9.1,7.1,30.3,36.0,44.6,34.0,4.1,3.0,4.0,3.0,41.6,41.0,5.1,3.1,39.4,41.6,28.3,24.8,1.0,3.1,8.0,12.2,7.1,8.0,19.0,21.0,24.0,19.4
1772940123.982325,11.1,11.1,18.2,19.4,34.3,42.0,4.0,4.0,13.3,13.4,5.1,3.1,31.6,37.4,20.8,22.7,6.1,9.3,29.3,39.6,35.0,38.0,18.0,24.2,5.1,4.0,6.3,8.2,28.3,28.3,42.0,36.6,5.9,4.1,2.1,3.1,40.2,43.0,19.0,20.2,40.4,40.4,20.8,22.4,3.0,6.1,7.1,10.9,7.0,8.2,16.2,15.2,22.2,20.2
1772940124.982393,11.3,11.1,18.4,21.2,43.4,34.7,4.0,2.1,3.1,3.1,6.1,4.1,29.7,34.0,23.8,16.3,11.2,10.0,37.0,34.3,38.2,43.1,31.3,9.2,5.1,5.1,9.0,10.9,27.0,30.3,35.6,30.3,1.0,7.1,3.1,1.0,41.0,39.2,19.4,21.2,41.0,40.6,19.4,28.7,9.0,4.0,11.1,9.1,7.1,6.2,25.3,26.5,24.2,18.4
1772940125.9826522,11.2,7.2,16.0,14.9,33.3,36.4,4.0,3.0,10.0,7.1,3.1,5.0,24.2,26.3,20.4,32.3,9.2,3.1,37.0,29.0,37.4,32.7,39.4,25.7,4.0,2.0,8.0,6.1,27.3,25.3,33.0,30.0,2.0,5.1,2.0,2.0,40.0,40.4,6.1,8.1,40.6,40.0,17.2,18.4,9.1,1.0,7.1,6.1,7.1,6.1,8.2,11.1,16.3,18.2
1772940126.9828968,11.2,8.9,16.3,15.2,35.4,33.7,4.0,4.0,9.1,5.1,6.0,5.0,33.0,31.3,22.7,25.5,10.1,12.0,36.0,31.3,34.7,36.0,46.5,30.0,4.0,5.0,5.1,6.0,30.3,27.7,31.7,39.2,8.0,4.0,2.0,3.0,42.6,38.6,2.0,3.0,22.8,22.2,17.0,29.7,4.0,2.0,9.0,12.0,6.0,7.1,25.0,28.0,22.0,16.2
1772940127.9835045,13.3,9.2,15.2,15.3,39.4,36.0,5.1,7.0,8.3,14.3,5.1,3.1,22.0,37.6,20.2,17.5,2.0,11.2,33.7,32.0,36.6,32.7,33.0,30.0,2.0,3.1,7.0,8.9,30.7,20.4,12.1,31.0,6.1,4.0,3.0,2.0,41.0,34.7,3.0,1.0,21.0,21.0,19.2,24.0,1.0,3.0,9.1,6.1,6.1,5.1,14.0,13.1,17.2,18.2
1772940128.9840014,12.2,8.1,15.3,22.2,38.4,33.3,6.1,6.2,2.0,4.0,4.0,5.1,33.7,28.6,13.3,19.0,4.0,9.2,24.5,33.3,35.6,39.0,15.8,42.0,4.0,6.9,9.0,5.1,26.0,28.3,14.1,37.6,4.0,4.0,3.0,2.0,40.6,44.4,2.0,4.0,21.0,22.2,18.2,19.2,4.0,2.0,8.1,8.2,4.1,7.1,11.0,10.2,16.2,20.2
1772940129.9853296,11.5,8.2,19.0,16.0,33.7,38.0,4.0,11.1,10.2,7.1,5.0,5.1,34.7,26.3,27.6,32.0,3.1,19.2,34.0,38.4,41.0,33.0,31.3,36.0,6.0,5.1,8.1,8.0,29.3,28.0,38.6,39.0,5.1,2.0,2.0,4.0,43.4,38.6,2.0,4.0,21.2,22.8,24.8,14.9,2.0,3.0,9.1,8.9,8.9,6.1,30.3,29.0,22.2,19.2
1772940130.9854214,12.2,8.0,13.3,12.1,21.4,41.6,5.1,3.0,3.1,8.2,4.1,4.0,29.0,28.7,25.3,27.8,9.1,2.1,34.7,35.4,29.0,33.7,31.7,29.7,2.0,2.0,3.1,5.1,20.0,22.0,25.0,36.6,2.0,3.0,5.0,3.0,36.0,38.0,2.0,3.1,20.2,20.2,15.0,18.4,1.0,4.0,6.1,7.1,4.1,5.1,9.9,7.1,17.0,12.1
1772940131.9869168,14.0,12.1,12.1,19.0,46.0,31.0,5.1,5.2,14.1,12.1,5.1,3.1,37.0,28.3,12.5,14.3,3.0,17.0,35.7,32.7,38.6,34.7,53.5,27.0,5.0,3.0,8.9,6.9,25.3,29.6,35.0,36.6,3.1,5.0,3.0,2.0,44.7,42.6,1.0,4.0,37.0,37.6,24.0,17.8,6.0,3.0,5.9,11.1,8.1,7.0,20.2,21.8,21.0,24.0
1772940132.9869843,12.4,8.2,17.0,14.3,33.3,32.0,5.2,7.1,6.1,2.1,6.0,4.0,33.3,24.0,21.2,17.3,8.2,10.1,35.0,27.6,38.0,35.6,49.5,19.0,5.1,5.0,9.1,6.1,26.0,24.0,38.6,44.1,6.0,4.1,3.1,2.1,43.9,38.0,3.0,3.1,40.0,39.8,20.2,18.4,2.0,5.1,10.1,6.2,8.0,6.2,19.4,22.0,19.0,16.5
1772940133.9870675,12.9,14.3,26.3,22.4,37.4,44.4,13.1,4.1,7.2,8.2,6.1,4.1,30.3,40.0,33.3,37.4,3.1,16.2,36.4,38.2,44.0,36.6,41.6,22.2,7.1,5.1,10.1,5.1,38.0,29.3,33.0,47.5,4.1,4.1,4.1,4.0,39.2,42.0,2.1,3.1,34.0,34.0,30.3,26.3,7.0,5.1,9.2,11.1,7.1,9.2,16.3,16.3,29.3,23.0
1772940134.9881258,13.3,8.2,16.3,17.0,34.3,41.0,8.9,3.0,15.2,11.1,7.1,7.8,31.0,29.3,25.5,24.0,13.1,10.1,30.7,35.0,37.6,38.6,45.5,36.6,3.0,4.1,7.1,7.1,23.5,25.7,29.7,33.7,5.1,2.0,4.1,1.0,40.4,41.4,2.0,3.1,22.0,22.2,20.0,21.2,2.0,2.0,10.1,8.0,5.2,7.1,25.0,28.3,23.2,18.2
1772940135.9889357,9.2,10.0,13.3,12.1,24.5,43.0,4.1,1.0,7.0,10.0,7.1,3.0,27.3,26.0,18.2,13.1,5.1,8.1,29.3,29.3,36.3,35.6,57.4,23.0,3.0,5.0,5.1,5.0,20.8,27.3,47.0,15.0,3.0,5.1,4.0,4.0,38.6,40.2,3.0,3.0,21.2,20.0,22.0,10.0,2.0,2.0,9.0,4.0,8.0,5.1,7.0,7.0,17.0,19.0
1772940136.990982,10.2,8.0,13.1,15.2,30.6,38.6,3.0,3.0,3.1,3.0,4.0,4.0,31.7,28.7,13.4,21.4,7.0,5.1,32.0,31.0,36.6,34.7,58.4,19.8,5.1,1.0,8.9,8.0,24.0,27.0,35.0,37.0,4.0,2.0,4.0,4.0,41.6,40.0,2.0,4.0,21.0,22.0,17.2,20.0,4.0,3.0,10.0,8.0,6.1,7.0,23.2,19.2,19.0,14.1
1772940137.9955702,12.4,10.1,18.2,24.0,36.4,39.6,5.1,5.0,11.2,5.2,5.1,5.0,27.0,38.0,27.0,31.3,10.2,12.1,36.3,38.0,38.2,38.0,33.7,24.0,4.0,5.0,9.1,7.1,30.0,36.0,49.0,31.7,5.9,4.0,2.0,3.0,38.6,41.6,2.0,3.1,21.2,21.2,25.0,27.7,2.0,4.0,8.1,8.0,8.9,9.9,19.0,19.0,19.0,22.4
1772940138.9963603,13.1,8.1,17.8,17.2,39.4,31.3,4.0,3.1,14.1,12.2,4.1,5.1,24.2,33.0,29.6,19.6,9.2,6.1,28.3,33.3,36.4,39.6,48.0,30.0,4.0,4.0,6.1,5.1,29.6,23.2,41.6,21.8,2.0,5.1,1.0,4.0,37.0,40.0,3.1,14.3,29.0,29.4,24.2,21.2,2.0,5.1,8.2,9.2,5.1,7.2,21.2,18.2,20.0,21.2
1772940139.9967854,14.1,8.0,17.3,19.2,50.0,27.0,3.1,8.0,3.0,12.1,4.0,3.1,32.0,32.0,19.4,19.4,9.1,11.2,33.3,36.6,35.3,35.6,43.0,36.6,6.0,5.0,6.1,8.9,26.7,33.0,43.0,29.0,4.0,4.1,4.0,3.0,40.2,40.2,9.2,9.2,40.0,41.0,22.2,19.8,2.0,2.0,9.9,9.0,8.0,5.1,21.8,20.0,18.2,22.2
1772940140.9968712,12.2,8.2,16.3,17.3,34.0,43.6,5.1,2.1,5.1,2.1,4.1,6.1,27.3,37.4,25.3,18.4,9.1,4.0,31.3,35.4,34.3,39.6,42.0,39.0,5.1,3.1,4.0,9.1,31.3,29.3,29.0,28.3,4.1,5.0,3.1,4.0,42.4,38.0,9.2,6.1,39.4,41.4,18.2,28.3,3.1,5.0,6.2,9.3,4.1,8.2,18.4,19.2,20.4,25.0
1772940141.9969528,15.3,10.0,21.4,16.3,27.6,45.5,5.1,3.1,11.1,6.2,3.1,5.1,34.3,41.4,21.6,20.8,12.4,10.1,39.4,28.0,38.2,42.0,29.7,41.0,5.1,4.1,8.1,7.1,33.0,31.0,23.0,21.8,2.1,3.1,6.1,4.1,42.6,40.4,7.1,2.0,40.0,40.0,17.2,29.3,3.1,2.0,10.1,10.2,9.0,8.1,13.1,14.1,24.8,20.2
1772940143.0043142,11.2,5.2,9.1,16.3,30.6,37.0,5.0,3.0,13.0,12.2,5.0,3.1,26.3,23.8,24.2,21.4,6.0,5.1,33.0,32.4,31.7,35.3,13.9,29.0,5.0,3.0,11.0,4.0,24.8,25.0,40.6,31.0,4.0,5.0,2.0,2.0,42.7,40.6,3.0,2.0,40.6,39.6,18.4,18.8,1.0,2.0,6.9,9.9,6.9,7.0,24.8,21.8,16.0,18.0
1772940144.006107,14.4,10.9,24.0,15.0,42.0,31.7,3.1,4.0,4.0,11.1,3.1,7.0,35.0,31.0,21.0,23.5,9.1,12.1,37.0,29.0,40.6,37.3,23.2,31.7,4.0,4.1,6.0,7.9,27.3,30.4,43.6,38.6,5.9,5.0,6.0,3.0,41.0,41.7,3.1,5.0,41.0,40.0,24.2,22.0,4.0,5.0,9.9,9.0,7.1,7.1,16.0,18.0,19.2,23.0
1772940145.0087588,11.2,10.2,19.2,21.4,42.9,32.3,3.1,1.0,4.1,5.1,4.1,6.1,35.6,31.3,21.9,27.1,11.3,12.4,34.3,33.3,37.6,42.4,41.0,30.0,4.1,4.1,10.2,9.1,28.0,30.6,44.6,37.6,3.1,4.1,10.2,4.1,41.0,40.8,14.3,20.4,39.4,41.0,20.2,22.4,2.0,4.0,10.2,7.1,6.1,7.2,24.2,22.4,21.8,23.5
1772940146.0088308,13.1,10.1,18.2,15.3,34.7,43.4,5.1,4.0,5.2,19.4,6.1,5.1,28.3,38.6,31.6,30.3,16.0,7.1,39.0,28.3,34.3,39.6,41.2,40.4,6.1,3.0,10.9,7.1,28.3,30.6,32.7,44.6,6.1,7.1,4.1,5.1,42.0,38.0,16.0,22.2,28.0,26.3,23.2,22.2,3.0,3.1,11.2,10.0,8.2,7.1,17.2,18.2,22.4,20.0
1772940147.0093846,15.0,8.2,20.4,19.4,29.6,43.6,4.0,3.1,8.2,14.3,4.0,6.0,30.4,35.0,22.4,17.5,9.1,7.1,35.6,34.0,40.2,41.2,54.0,25.5,4.0,5.0,8.2,8.0,34.0,27.5,28.7,34.0,4.0,3.1,4.1,1.0,42.6,41.2,7.2,10.2,21.8,21.6,26.0,21.0,4.0,2.0,10.2,6.1,9.1,7.1,17.2,20.8,22.0,21.4
1772940148.0094595,15.3,12.0,18.4,17.0,36.5,38.0,7.0,2.0,3.1,5.1,5.1,3.1,32.7,31.3,22.2,18.4,13.3,8.2,34.7,38.4,32.0,39.0,60.8,21.0,4.0,6.1,9.1,7.2,29.0,30.3,41.0,33.0,4.1,5.1,6.0,3.0,41.4,41.0,3.0,3.0,23.2,22.4,24.0,24.2,3.1,3.1,12.0,8.1,7.1,8.0,21.2,19.2,21.6,22.2
1772940149.0108628,12.1,7.9,16.0,13.1,31.0,38.2,4.0,3.0,8.0,5.9,3.0,6.0,27.7,33.7,20.0,26.8,13.0,2.0,31.4,28.0,38.8,33.7,51.5,29.7,3.9,4.0,5.0,9.0,30.7,21.8,44.6,34.0,3.0,5.0,2.0,3.0,36.9,43.7,3.0,1.0,20.0,20.0,21.8,21.8,2.0,1.0,10.9,5.0,6.0,5.1,11.1,10.9,23.8,15.0
1772940150.0118856,13.4,10.2,21.6,14.3,45.5,31.3,6.1,1.0,5.2,9.2,6.1,4.1,21.4,34.3,25.0,31.6,12.1,12.2,32.7,37.0,39.0,37.0,47.0,32.0,4.1,5.1,7.3,6.1,29.6,29.6,19.2,44.4,5.1,1.0,2.1,3.0,38.8,42.0,3.1,2.0,40.4,34.3,26.0,20.2,2.0,5.1,12.1,7.1,6.2,6.1,25.0,23.5,21.0,21.0
1772940151.013949,18.8,10.9,19.2,17.3,41.4,37.4,5.1,4.0,15.2,17.3,6.1,7.0,34.7,34.0,16.3,18.4,8.2,4.1,37.0,39.4,41.2,38.6,42.6,38.6,5.0,5.1,12.0,5.2,32.0,29.0,26.0,41.0,6.1,3.0,5.0,3.1,40.6,41.6,3.1,4.0,40.0,40.6,24.2,19.0,3.0,3.0,8.2,12.9,8.1,6.1,16.8,15.3,19.4,25.0
1772940152.0162191,11.5,9.2,18.4,14.1,38.8,36.6,4.1,2.1,3.1,3.1,5.1,6.1,27.3,37.0,22.4,29.3,8.2,15.3,37.6,30.0,36.0,38.0,34.3,36.0,3.1,4.0,7.1,8.0,29.3,28.0,46.5,35.0,4.0,7.9,2.0,3.1,42.0,38.0,2.1,3.1,40.0,40.4,24.2,20.0,3.1,6.1,9.0,8.2,5.1,9.0,25.3,25.7,14.1,23.2
1772940153.016433,14.1,13.1,20.6,19.4,42.3,37.0,4.0,7.2,13.1,6.1,6.1,5.1,35.0,34.3,29.9,28.9,7.1,10.3,34.3,40.0,41.6,38.8,16.2,37.6,5.1,4.1,5.2,10.1,30.3,32.0,34.7,39.6,4.0,5.1,5.1,3.0,41.7,42.0,4.1,4.0,40.6,39.4,21.2,29.3,3.0,3.0,11.2,8.1,7.1,9.2,13.1,14.4,22.4,23.2
1772940154.0171003,12.1,12.7,12.1,16.8,39.4,33.0,3.1,4.0,16.5,17.2,4.1,5.1,25.3,32.0,27.3,23.0,6.1,16.0,35.6,32.3,34.7,37.4,25.0,22.2,5.0,4.0,9.0,7.0,24.2,29.3,25.0,18.4,3.1,4.1,4.0,3.0,45.5,36.6,5.0,1.0,38.4,40.0,19.0,18.2,3.0,4.0,9.0,8.0,6.1,9.1,28.7,26.5,23.0,19.2
1772940155.0204484,12.2,8.2,17.3,19.4,34.0,44.0,3.0,2.0,7.1,2.0,7.1,1.0,33.0,40.0,13.3,9.3,5.1,9.1,36.6,30.0,39.0,36.6,25.0,52.0,5.1,5.1,10.2,5.1,38.0,27.3,30.3,42.0,5.2,2.0,5.0,6.1,43.0,38.6,5.1,7.1,31.7,30.0,27.0,23.0,4.0,2.0,9.0,9.1,6.1,6.2,10.2,11.3,25.3,21.2
1772940156.0254784,13.1,6.1,21.4,12.1,44.9,26.7,5.0,3.0,14.0,6.1,10.0,4.0,36.0,32.7,32.0,31.0,10.1,16.0,33.3,39.0,35.6,35.3,20.8,61.8,4.0,5.1,7.0,9.1,34.0,23.0,43.1,35.6,5.9,3.0,2.0,5.1,36.9,43.6,4.1,2.0,22.8,21.0,20.0,24.8,4.0,4.0,11.1,8.0,7.1,6.1,20.0,18.8,23.2,20.2
1772940157.0257275,12.6,8.1,23.2,16.3,40.8,30.3,4.0,3.1,5.1,3.1,4.1,5.1,35.0,31.0,32.0,26.5,13.3,9.1,37.4,30.6,40.6,42.6,31.3,49.0,4.1,4.0,12.0,5.1,32.0,30.0,36.0,21.0,5.1,5.0,3.0,1.0,40.0,40.4,10.2,10.0,23.2,21.2,28.0,25.7,3.0,2.0,13.1,12.1,6.1,10.0,22.0,22.2,20.0,22.4
1772940158.02581,14.1,8.1,17.2,20.2,39.0,34.3,3.1,4.1,15.3,16.3,5.1,4.0,34.0,32.3,24.2,21.2,7.1,8.2,33.3,35.0,36.6,38.6,37.0,41.2,5.1,3.0,6.1,8.2,26.5,24.2,50.0,30.4,7.1,3.1,2.1,1.0,40.4,40.0,13.4,12.1,24.2,21.2,21.0,23.2,4.1,4.1,7.1,10.0,6.1,7.1,18.0,17.0,22.2,22.8
1772940159.0292203,15.8,10.1,23.5,18.2,34.7,35.0,7.0,4.0,5.0,3.1,5.1,6.0,34.7,33.7,14.1,16.3,14.3,10.2,36.4,38.4,41.6,39.6,32.4,30.0,6.1,3.0,8.1,6.9,31.3,39.6,52.0,29.7,5.0,5.1,3.0,3.0,41.6,41.7,8.2,6.2,33.0,34.0,27.3,24.8,1.0,8.0,8.2,9.0,8.1,9.0,20.0,21.4,21.4,26.0
1772940160.0314813,11.1,9.1,14.1,14.9,34.7,43.1,1.0,5.1,10.3,7.0,4.0,5.1,31.7,30.7,35.4,31.3,13.1,8.0,33.7,31.7,37.3,38.2,33.7,43.1,5.0,5.0,9.1,7.1,28.7,26.0,38.6,36.3,4.0,2.0,6.1,4.0,42.6,41.6,6.1,7.1,40.0,40.6,23.0,19.0,3.0,1.0,7.1,9.0,10.0,8.1,19.4,21.6,20.0,15.2
1772940161.0317733,12.4,7.1,15.3,14.3,45.9,23.0,4.1,3.1,17.2,9.5,4.1,4.0,34.0,17.5,27.1,26.5,14.1,8.2,28.0,33.3,33.0,32.0,35.6,37.4,2.0,5.1,6.1,8.1,19.2,29.3,30.0,32.3,5.1,5.1,2.1,2.0,40.0,41.4,3.1,8.1,41.4,41.6,20.2,13.3,2.1,3.0,10.1,6.1,4.1,5.2,21.0,19.4,18.2,16.2
1772940162.032915,12.2,7.1,19.8,14.1,45.5,30.0,4.0,2.0,5.1,6.1,5.1,4.1,33.0,24.8,20.4,13.4,11.2,2.0,34.3,38.0,30.0,35.4,46.5,35.6,3.1,5.1,6.0,7.1,26.5,26.7,36.4,42.6,2.0,4.0,3.0,3.1,41.6,40.0,11.9,1.0,40.6,40.4,19.0,23.8,3.0,4.0,12.0,7.1,7.1,7.0,18.2,16.0,18.2,18.2
1772940163.0329986,13.1,9.1,19.6,21.2,35.7,45.0,7.1,3.1,4.1,3.1,4.1,5.1,33.3,34.0,25.5,25.8,15.3,13.1,33.7,35.0,40.6,43.6,37.0,43.4,6.0,4.0,10.1,7.1,42.0,24.2,46.5,33.3,3.0,6.0,4.0,4.0,41.6,39.6,4.1,3.1,37.4,38.6,25.3,24.0,3.1,3.0,11.2,9.9,9.1,7.1,22.4,22.4,25.3,28.3
1772940164.0360837,14.1,9.0,15.2,20.2,37.4,36.6,10.1,6.1,12.2,6.2,5.1,7.1,36.4,31.3,32.7,35.0,5.1,10.0,42.0,28.0,36.6,39.6,35.0,33.0,4.1,5.0,6.1,10.1,34.7,28.3,39.6,37.6,4.0,6.1,2.0,2.0,43.0,40.6,9.1,7.1,28.7,26.3,23.2,23.0,4.0,4.0,8.9,10.1,8.1,8.0,16.2,17.0,21.0,24.5
1772940165.0361626,10.3,8.1,17.2,18.4,33.7,40.4,2.1,8.0,15.3,16.0,7.0,4.1,26.0,32.0,18.2,17.5,14.1,9.2,36.6,33.0,38.6,37.6,31.7,21.0,6.1,3.0,7.0,7.1,26.0,28.7,25.3,34.3,3.1,5.1,3.0,3.0,40.0,38.4,28.6,18.2,22.0,20.8,23.0,21.2,4.0,2.0,11.1,7.1,6.1,6.1,19.0,17.2,21.0,20.0
1772940166.0362446,13.1,7.1,14.3,17.3,34.4,42.0,5.0,2.0,5.0,5.2,3.1,7.1,36.4,27.0,13.3,16.2,8.2,4.1,35.4,33.3,42.6,40.6,13.1,26.5,3.1,3.1,8.1,7.1,26.0,31.0,24.0,49.0,2.0,3.0,1.0,4.1,42.6,37.3,12.2,15.3,23.2,20.4,19.2,23.0,4.0,2.1,9.9,7.2,7.1,7.1,21.2,19.2,20.0,23.2
1772940167.0377698,15.8,5.1,15.0,17.0,34.3,38.6,4.0,1.0,4.0,3.0,5.1,2.0,33.3,29.4,27.0,20.2,8.0,7.9,33.3,33.7,37.3,34.0,30.7,29.7,5.0,4.0,5.0,7.9,29.0,28.0,18.8,37.0,4.0,5.0,5.0,2.0,44.6,39.2,2.0,3.0,21.8,21.8,22.0,17.2,5.0,2.0,7.1,10.9,7.1,5.1,13.1,13.1,21.0,19.0
1772940168.0383897,15.2,10.2,19.4,15.3,44.9,33.3,4.1,5.1,12.5,9.5,4.1,7.1,34.7,29.6,34.0,29.6,6.1,12.5,34.3,36.7,41.0,41.0,24.0,58.4,4.1,5.1,3.1,10.3,26.5,30.3,22.2,26.0,3.1,5.2,3.1,4.1,41.0,40.8,3.1,5.2,26.5,30.3,24.2,22.2,4.1,2.0,10.1,9.2,7.1,8.2,24.0,21.6,22.4,21.4
1772940169.04222,13.9,9.0,18.2,15.2,31.3,44.1,3.0,3.1,24.2,9.4,5.1,4.1,35.7,30.7,18.6,16.7,13.3,7.1,37.0,37.0,40.0,36.9,21.0,60.8,4.0,5.1,7.0,10.2,28.0,36.4,43.6,35.6,2.0,6.1,2.0,3.1,40.6,38.6,5.0,5.0,41.4,39.0,28.7,25.0,2.0,2.0,8.1,9.0,6.1,10.9,15.3,15.2,14.1,25.3
1772940170.0432491,11.5,10.1,18.0,16.3,37.0,37.0,5.0,1.0,2.0,4.1,5.0,5.1,24.8,35.3,26.3,16.0,11.0,16.0,30.3,41.2,41.2,39.6,26.5,55.0,6.0,2.0,6.1,10.0,31.0,23.8,26.0,54.9,6.9,1.0,3.0,5.1,45.0,36.3,1.0,3.1,40.0,40.0,20.2,19.0,2.0,3.0,8.1,6.1,8.1,6.2,21.0,19.8,24.2,18.2
1772940171.0460262,13.1,11.3,18.2,17.3,32.7,38.0,2.1,5.0,3.1,11.9,5.1,5.1,30.3,35.7,26.8,29.9,8.2,15.2,34.0,40.4,38.0,34.7,27.7,41.6,9.0,9.9,9.1,7.1,27.3,27.6,21.8,54.5,2.1,4.0,4.1,2.0,42.6,41.0,3.0,3.1,41.0,41.0,20.4,25.0,4.0,4.0,8.1,11.1,7.1,8.1,17.2,16.3,21.4,21.0
1772940172.0467453,13.3,9.0,19.2,13.1,36.4,42.0,5.0,4.1,9.1,19.4,6.9,5.0,35.6,32.0,28.6,31.3,7.1,13.1,39.0,28.6,38.0,36.3,42.0,37.0,7.1,3.0,13.1,10.1,26.0,28.0,19.0,42.6,6.0,4.0,4.0,4.0,38.0,40.6,2.1,3.0,40.0,41.0,19.0,21.0,2.0,3.0,12.0,8.1,8.0,6.1,26.0,24.8,15.2,26.0
1772940173.047114,14.4,6.1,25.0,20.2,42.3,31.6,4.0,2.0,6.1,13.3,6.1,4.1,33.3,31.0,14.4,13.3,12.4,11.3,37.8,37.6,36.6,39.0,33.7,26.3,3.1,5.1,7.0,11.1,35.6,29.0,28.0,54.5,4.1,5.0,2.0,4.1,39.6,44.0,3.1,1.0,41.0,40.6,26.7,23.5,3.1,4.0,11.2,8.2,7.1,8.2,16.0,14.4,21.4,21.9
1772940174.0478096,14.3,8.2,17.3,17.3,41.4,32.7,3.1,1.0,3.1,9.1,4.1,6.1,33.0,25.3,24.2,14.3,13.3,7.0,39.6,32.3,39.6,41.0,30.0,37.0,4.0,5.0,6.1,7.1,27.6,28.6,31.7,47.0,4.1,2.0,4.0,4.1,42.4,39.0,3.1,3.1,36.6,34.3,18.4,26.3,6.9,3.1,8.2,7.1,5.2,8.0,16.3,20.4,28.0,13.0
1772940175.0517485,13.9,14.9,22.2,17.0,29.0,42.6,3.0,4.0,12.1,7.1,9.9,5.0,37.6,24.8,28.6,33.0,17.0,5.0,37.6,36.9,35.6,43.1,29.0,31.7,4.0,4.0,5.1,7.0,33.7,29.7,29.0,48.0,5.0,4.0,7.0,6.1,42.2,40.6,4.0,5.0,26.7,29.7,25.7,21.8,1.0,3.1,10.0,9.0,6.1,8.9,19.0,21.0,20.2,24.0
1772940176.0542467,12.4,9.9,11.1,20.4,37.4,32.3,3.1,4.0,16.2,7.1,4.1,3.1,25.0,31.3,30.6,28.6,8.2,14.3,30.0,33.3,40.2,38.6,37.0,38.6,4.0,3.1,9.0,8.0,21.2,33.0,34.7,45.0,4.1,3.0,2.1,4.0,40.0,39.4,4.1,2.1,21.4,22.2,23.2,22.4,3.1,6.1,10.0,8.1,6.1,6.2,19.4,19.2,22.0,17.0
1772940177.0543265,14.1,6.1,15.2,15.3,41.4,37.0,2.0,1.0,9.1,5.1,5.0,4.0,30.3,32.7,10.2,12.2,8.1,3.1,29.3,36.0,34.3,31.0,40.6,23.0,2.0,5.0,8.1,4.0,27.0,28.3,29.7,27.7,5.1,1.0,4.0,1.0,38.0,38.6,3.0,5.0,21.0,21.0,18.0,21.6,5.0,1.0,6.2,6.1,5.1,6.1,17.2,17.2,15.3,21.0
1772940178.0554569,18.6,30.3,16.3,16.2,30.6,42.0,4.0,10.0,2.0,2.1,3.1,4.1,27.7,40.6,21.2,14.1,14.3,10.2,37.0,33.0,37.3,40.8,40.0,25.3,6.0,2.0,8.1,8.1,31.0,28.0,20.2,28.0,5.0,4.0,3.0,3.0,39.0,47.5,3.1,17.3,22.8,22.0,20.2,26.0,0.0,6.0,12.9,9.2,5.1,9.1,17.0,19.0,22.0,19.4
1772940179.055957,14.3,26.7,18.2,24.0,48.0,30.0,4.1,3.1,19.4,7.3,5.1,11.0,37.6,32.0,33.0,34.0,7.0,9.2,36.6,34.0,41.6,41.6,40.2,42.6,4.0,8.0,5.2,8.2,35.4,28.0,45.5,29.0,5.1,4.1,5.1,6.1,39.0,43.0,5.2,8.2,30.3,32.7,30.4,23.5,3.0,2.0,12.1,14.0,9.9,8.2,26.7,26.3,28.7,21.8
1772940180.0563018,12.4,16.3,18.2,18.0,31.6,43.1,5.1,4.0,10.2,13.1,5.1,9.2,28.3,29.3,31.3,27.8,17.3,10.2,34.3,31.3,39.6,37.6,37.0,44.0,3.1,5.1,9.1,8.0,29.0,32.3,51.5,10.1,5.9,3.1,4.1,1.0,38.2,38.0,4.0,3.0,38.0,42.6,18.2,23.2,3.0,5.0,8.0,9.0,5.1,7.1,18.2,19.4,20.2,21.6
1772940181.0566432,11.3,9.2,21.2,17.3,43.0,32.7,6.1,8.2,7.1,4.2,6.1,5.1,37.0,32.3,11.2,24.7,5.2,13.3,44.4,39.2,40.0,37.0,30.0,36.0,6.0,3.1,5.1,8.2,29.3,34.7,33.7,45.0,5.1,3.1,6.1,2.0,40.4,40.6,2.1,2.0,40.4,41.0,23.2,28.0,4.1,2.0,7.2,11.3,5.1,8.2,21.2,21.0,25.3,19.2
1772940182.0582345,9.5,9.9,14.3,24.2,32.0,46.0,3.1,4.0,5.1,8.2,2.1,4.1,32.0,33.3,21.4,20.8,15.2,6.2,41.0,32.7,37.0,37.6,37.6,32.0,3.1,5.0,9.1,22.8,33.3,33.0,42.6,20.8,6.1,2.0,4.1,2.0,36.4,43.6,3.1,3.1,32.0,30.3,28.0,26.7,3.0,5.1,11.0,9.9,8.9,7.0,18.0,22.0,19.0,22.2
1772940183.0583022,14.1,9.0,16.2,18.2,28.3,44.6,10.0,2.0,9.2,12.2,7.0,4.1,24.2,31.7,36.4,24.7,10.2,6.0,33.0,34.7,39.6,38.6,49.0,31.0,4.0,5.0,9.2,8.1,28.3,22.0,41.2,31.0,6.1,1.0,3.1,2.0,43.1,41.6,2.0,3.1,25.0,25.0,27.0,24.2,3.0,6.1,7.0,11.1,7.1,7.1,14.1,16.0,14.1,23.5
1772940184.0600548,13.0,10.0,16.8,14.3,36.0,37.0,7.1,1.0,10.2,11.1,3.0,6.9,34.7,27.0,23.2,25.0,9.9,16.0,28.7,36.3,34.7,34.7,27.5,43.6,5.9,3.0,6.1,8.1,22.5,31.7,30.7,45.5,2.0,6.0,2.0,2.0,39.0,42.2,15.0,33.0,25.0,22.0,22.5,20.8,4.0,5.9,9.0,6.1,7.1,5.1,28.0,26.0,17.2,19.2
1772940185.0601394,7.5,8.1,11.1,17.0,30.6,37.0,4.0,2.1,3.1,3.1,3.1,3.0,24.5,28.3,14.6,13.3,0.0,8.2,30.3,32.7,32.0,37.4,22.2,39.4,2.0,3.1,7.0,5.1,28.3,22.4,30.0,52.0,3.0,5.0,2.0,3.1,38.0,36.4,23.7,21.4,20.4,19.2,19.2,14.3,3.1,3.0,8.1,10.1,5.1,6.1,9.2,9.3,16.3,16.3
1772940186.060654,12.9,9.1,16.0,15.3,25.3,44.0,1.0,4.0,9.1,6.1,5.1,3.0,29.0,28.3,14.1,23.7,13.1,10.0,36.0,30.7,32.7,35.6,32.0,40.0,3.0,5.0,6.1,6.1,29.0,18.0,41.6,40.6,3.0,1.0,3.0,2.0,40.0,44.1,3.0,1.0,28.0,27.0,16.8,21.8,2.0,5.0,7.0,8.1,4.1,8.0,11.2,15.2,19.0,18.0
1772940187.0618215,13.9,13.0,25.3,14.4,45.5,28.7,5.1,2.0,9.1,8.2,6.1,4.1,33.3,36.4,25.5,26.0,4.1,10.2,36.4,34.0,42.6,35.6,49.5,32.0,3.0,9.9,9.1,6.1,35.4,28.0,39.0,27.7,4.0,5.1,1.0,3.0,41.6,39.4,3.0,3.0,36.0,33.0,22.4,20.2,2.0,3.0,11.2,12.0,8.0,7.2,26.7,27.0,26.0,17.3
1772940188.0618527,13.1,11.1,21.2,14.3,27.3,41.4,3.1,4.1,12.4,13.4,4.1,6.0,28.0,36.0,30.6,25.8,10.1,16.2,29.3,37.0,42.0,37.6,45.0,29.0,4.1,4.1,6.1,9.1,28.0,30.0,17.2,10.0,5.1,3.1,3.0,3.1,43.6,41.6,4.1,3.0,40.4,40.0,18.2,28.0,5.0,2.0,7.1,8.1,8.2,8.1,12.2,10.3,21.4,24.2
1772940189.0638304,11.3,7.1,19.4,17.8,44.4,33.7,3.1,2.0,4.0,4.0,4.1,4.0,36.4,26.3,17.3,22.4,8.2,2.1,35.6,34.3,36.6,36.6,35.3,13.1,3.0,4.0,5.1,7.1,22.0,30.0,16.2,17.2,1.0,5.0,4.0,5.1,39.4,40.0,4.0,6.0,40.0,41.0,22.0,19.0,2.0,3.0,8.0,10.2,6.1,7.0,20.2,21.0,20.2,17.3
1772940190.067056,11.3,8.0,14.3,11.2,39.4,25.0,3.0,3.0,12.0,5.1,3.0,3.0,35.6,26.5,13.0,20.2,10.1,10.0,31.3,32.0,34.7,34.7,36.6,14.1,4.0,4.1,6.0,8.2,29.0,25.0,29.4,32.7,3.0,3.1,1.0,4.0,41.6,38.6,3.0,2.0,40.0,41.0,20.0,19.2,3.0,1.0,6.0,8.0,5.1,7.1,15.8,15.0,18.4,17.8
1772940191.0686276,13.1,12.1,17.5,20.2,40.2,36.6,7.0,6.1,7.2,15.3,4.1,5.1,31.3,34.3,31.3,28.0,15.0,3.1,38.6,29.3,37.3,39.2,52.0,29.0,5.1,5.0,7.1,7.1,36.0,20.2,9.0,54.5,5.1,5.0,3.1,4.1,39.6,43.6,3.1,6.1,41.0,40.0,23.5,21.0,4.1,5.0,10.1,8.2,6.1,9.1,22.2,21.0,21.2,20.4
1772940192.0694952,13.0,9.1,17.2,14.3,32.3,36.0,2.0,2.0,11.1,7.1,5.1,3.1,21.2,39.0,37.4,30.5,9.2,12.4,34.3,35.0,38.0,35.6,46.5,25.0,3.0,6.1,10.1,7.1,25.0,33.3,25.0,46.5,3.0,5.1,1.0,2.1,41.0,35.6,3.0,5.1,41.6,41.0,20.6,21.0,3.0,1.0,10.1,6.9,6.1,7.1,20.0,21.6,23.0,16.3
1772940193.0709925,12.4,8.2,19.4,16.3,41.8,31.0,3.0,2.1,10.2,4.0,7.0,4.0,28.0,33.7,20.4,18.4,5.1,9.2,37.6,36.0,38.6,40.0,42.6,18.0,3.1,3.0,11.1,7.1,25.3,30.3,21.2,42.2,4.0,5.1,2.1,4.0,45.0,39.0,4.0,2.0,40.4,40.4,19.2,28.0,2.0,4.0,10.1,7.1,8.0,8.2,7.1,11.1,20.0,21.0
1772940194.0738235,13.1,7.9,12.1,15.0,41.4,23.0,5.0,2.0,5.0,6.0,4.0,4.0,34.3,25.0,11.1,13.1,3.0,13.0,26.0,32.0,33.7,34.3,41.0,20.0,5.0,3.0,5.0,6.1,27.0,24.8,35.3,45.0,1.0,6.9,5.1,3.0,36.0,39.0,4.1,2.0,34.7,34.0,21.2,17.8,4.0,1.0,6.1,8.0,5.1,4.1,28.0,27.0,20.0,13.1
1772940195.0743883,13.3,6.1,13.1,14.3,27.6,45.5,3.0,3.0,6.1,9.3,4.1,3.0,21.4,24.0,22.4,17.3,1.0,16.3,31.0,30.0,35.0,34.0,40.6,5.0,3.0,5.0,7.1,9.0,19.2,26.0,40.0,32.7,2.0,3.1,5.0,3.1,41.6,39.6,2.0,5.1,28.3,29.0,19.8,17.0,1.0,6.0,9.0,6.1,5.1,5.1,11.1,12.1,15.2,19.4
1772940196.0751464,14.4,8.0,19.0,17.2,48.0,22.0,5.0,2.0,10.3,13.1,5.0,6.2,34.0,35.0,34.3,30.7,10.1,2.1,36.4,30.0,37.3,40.2,32.0,14.3,2.0,4.0,5.1,9.9,33.0,29.3,44.6,37.0,5.9,4.0,1.0,2.0,38.0,39.6,3.0,2.0,22.8,23.0,22.4,25.0,3.0,6.1,8.0,8.1,7.1,5.2,17.0,14.1,21.8,20.2
1772940197.07631,12.4,8.1,17.3,16.3,50.5,23.0,4.1,1.0,2.0,5.0,4.0,6.0,29.0,36.4,24.2,21.6,9.2,16.0,24.0,41.0,36.0,39.0,24.0,31.0,4.0,5.1,8.0,6.0,23.0,33.0,38.0,32.7,2.0,4.0,3.0,5.0,40.0,42.2,7.1,4.0,21.2,21.0,19.8,24.0,3.0,7.1,7.1,8.1,8.2,8.9,27.0,24.0,17.3,16.0
1772940198.078283,13.1,10.0,17.3,18.2,42.0,27.7,4.0,3.0,5.1,10.3,5.1,4.0,31.3,37.6,15.2,16.3,3.1,9.2,30.7,36.0,36.4,39.6,27.0,34.7,4.1,4.0,8.1,6.1,30.0,25.0,20.0,40.6,3.1,4.0,2.1,3.0,40.6,39.4,7.1,11.2,22.0,24.8,19.4,18.0,4.0,4.0,10.9,8.2,7.0,6.1,11.1,10.2,19.0,22.0
1772940199.0783703,9.4,6.2,13.1,17.2,39.8,33.7,4.1,7.1,8.2,7.1,3.0,3.1,25.3,24.2,19.4,18.4,14.3,7.1,36.0,28.0,35.6,30.3,27.3,34.0,3.0,5.1,6.1,7.1,21.2,24.0,36.7,9.1,4.0,4.0,3.1,2.0,37.0,41.0,7.2,15.5,31.3,32.0,21.0,16.0,1.0,4.0,7.1,8.9,5.1,5.1,22.0,23.2,22.2,14.3
1772940200.0784764,12.4,8.1,17.2,15.2,34.7,35.4,10.1,2.0,15.3,12.2,5.1,4.0,21.4,32.0,28.3,34.0,3.1,11.1,36.0,31.0,32.7,35.6,20.0,29.7,2.0,5.0,5.1,6.1,28.0,23.5,33.7,9.1,3.0,7.1,6.0,5.1,41.6,43.0,5.1,3.0,25.7,27.3,14.3,23.2,2.0,3.1,7.1,5.1,6.1,7.1,14.1,15.0,17.2,20.0
1772940201.079301,11.3,9.0,16.3,15.2,27.8,52.0,6.1,5.1,5.0,3.1,3.1,6.1,36.6,33.3,24.2,22.4,8.1,11.0,29.0,34.3,37.6,36.6,20.4,25.3,5.0,5.1,4.1,10.1,27.3,29.3,23.5,39.6,4.1,4.0,3.0,3.0,38.6,41.4,4.1,2.1,28.3,28.0,21.0,24.0,4.1,3.1,10.1,10.1,5.9,8.2,16.2,17.3,23.2,18.2
1772940202.0809069,13.1,7.1,19.4,12.0,30.3,36.6,4.0,3.1,6.1,10.1,5.0,7.1,26.0,30.7,16.3,23.5,7.1,8.2,32.7,29.7,35.6,35.6,41.2,41.6,3.0,5.0,7.0,7.1,29.0,17.8,20.8,41.0,5.0,4.0,1.0,3.0,43.1,39.2,2.0,2.0,22.8,21.0,21.8,20.0,6.9,3.0,7.1,8.8,6.1,5.1,24.0,26.5,17.2,20.0
1772940203.0860903,13.1,9.1,15.2,16.2,38.8,32.3,6.9,3.0,5.0,8.1,5.1,7.1,33.3,31.0,23.2,20.4,10.1,11.0,34.3,33.0,37.0,35.6,48.5,12.1,5.1,5.0,9.0,5.9,28.0,23.2,20.8,42.2,3.0,5.0,3.0,3.0,40.0,39.6,3.1,4.0,21.0,22.0,16.0,24.2,2.0,6.0,9.0,5.2,8.0,7.1,10.9,8.2,14.1,22.2
1772940204.086634,14.1,10.1,20.2,19.4,50.5,22.0,8.1,6.1,15.5,14.4,6.1,3.1,25.3,40.0,35.7,24.0,11.1,7.3,33.3,35.4,36.0,42.6,36.0,37.0,4.1,5.1,8.1,8.0,34.0,26.7,19.2,43.1,5.1,1.0,4.1,3.0,41.0,39.0,5.1,4.1,28.3,30.3,20.2,27.0,2.0,3.1,12.0,12.9,7.2,8.2,30.3,30.0,19.4,26.3
1772940205.0867143,15.3,10.2,21.2,23.0,40.2,43.0,11.3,3.0,5.1,8.1,8.1,6.1,42.6,29.0,22.7,30.6,11.2,13.0,36.0,42.6,41.6,40.0,22.0,49.5,4.0,5.1,10.2,5.2,34.3,34.3,30.0,48.5,6.1,4.0,2.0,3.0,42.2,41.6,15.0,19.2,35.4,31.3,28.6,25.0,4.1,3.1,8.2,11.1,7.2,9.1,8.2,8.2,27.0,19.2
1772940206.0881362,13.0,10.0,20.4,15.0,44.4,27.7,11.0,1.0,7.1,6.1,6.2,5.9,35.6,33.0,17.3,27.6,12.2,5.1,33.3,33.0,39.6,41.2,28.0,37.0,5.1,4.0,11.2,7.0,28.0,35.7,35.0,44.6,5.0,4.0,3.1,2.1,41.0,39.6,24.7,24.5,40.0,40.6,25.7,25.3,4.0,3.0,9.1,8.2,6.1,8.1,32.7,29.0,22.4,22.4
1772940207.0886316,14.3,10.1,21.4,19.2,43.9,32.0,10.2,2.0,12.1,9.2,5.1,4.1,29.0,38.0,20.6,18.2,12.1,10.1,34.0,31.0,37.6,43.6,39.0,40.0,3.1,7.1,6.0,8.1,28.0,33.7,34.0,43.4,4.0,6.0,5.0,4.0,36.0,42.6,2.0,3.0,40.6,40.4,25.0,24.0,3.1,4.0,10.1,9.9,7.2,7.1,9.2,12.0,23.8,23.2
1772940208.0889812,11.3,7.1,18.2,20.2,40.2,29.0,7.0,5.1,13.5,8.2,4.1,6.0,26.5,36.7,25.0,27.8,5.1,12.2,34.3,35.4,39.2,37.0,50.0,32.0,5.1,3.1,7.1,11.0,24.8,34.0,38.6,31.0,4.1,3.0,2.0,3.1,41.6,43.0,1.0,2.0,40.0,40.0,23.0,25.0,2.0,3.0,9.1,8.1,8.0,10.1,22.0,21.4,18.4,24.2
1772940209.0909817,17.0,11.0,17.2,18.4,31.3,44.0,7.1,2.0,12.9,3.1,4.0,4.1,28.0,39.6,29.6,28.3,17.3,2.1,33.3,36.0,40.6,38.2,22.8,58.8,5.1,4.0,10.0,6.0,27.6,34.3,38.2,15.2,4.0,4.0,4.1,3.0,38.0,41.6,4.0,2.1,40.4,41.2,22.8,25.0,3.0,3.0,10.9,11.2,6.2,7.1,26.0,25.7,22.2,25.3
1772940210.094077,12.1,11.0,16.3,20.2,29.6,44.6,4.1,3.0,5.1,4.0,6.1,5.1,29.3,40.4,25.5,24.7,12.1,10.9,40.0,36.0,37.0,41.6,20.4,40.0,4.1,6.1,9.2,9.1,32.7,28.7,22.0,22.0,5.1,5.1,4.0,4.0,41.6,42.6,5.1,5.9,40.6,40.6,18.2,26.0,4.0,2.0,9.1,8.0,9.0,8.1,13.3,16.5,19.4,26.0
1772940211.0964298,10.3,5.1,12.0,17.2,28.3,43.0,9.2,3.1,17.3,12.4,3.1,6.1,25.3,28.3,18.6,19.0,7.1,8.2,33.0,34.3,38.0,38.2,19.2,26.7,4.0,2.0,5.2,5.1,21.2,27.0,40.6,28.3,5.0,3.0,3.0,2.0,38.6,41.0,6.0,1.0,39.4,40.4,20.0,19.0,3.1,3.0,8.1,7.1,7.0,7.1,29.7,27.7,16.2,21.8
1772940212.0965245,10.5,6.2,17.3,13.3,30.9,44.0,8.1,6.1,11.2,8.2,5.1,3.1,30.0,32.7,29.0,20.4,5.1,16.2,34.7,33.0,37.6,38.4,48.0,7.1,6.0,2.0,9.9,7.0,24.2,23.5,41.0,21.0,4.1,3.0,0.0,3.1,41.0,41.0,2.0,5.1,39.6,41.0,19.2,21.2,1.0,3.1,9.1,7.1,5.2,7.1,5.1,6.1,21.8,16.3
1772940213.096607,13.5,8.0,14.1,17.2,38.8,31.3,2.0,4.1,3.1,10.1,3.1,6.1,28.0,31.0,25.5,29.2,9.2,9.1,29.6,32.0,35.0,42.2,44.6,18.0,5.1,4.1,5.2,11.1,28.0,32.7,43.6,39.0,3.1,2.0,4.0,3.0,41.0,37.6,3.1,4.0,40.4,41.6,21.2,17.0,5.0,3.0,9.1,10.0,8.0,5.1,31.3,32.3,16.2,21.4
1772940214.0971699,11.3,8.1,14.9,13.1,31.3,36.6,2.0,2.0,4.0,5.0,4.0,4.0,30.3,25.0,21.4,25.7,7.0,11.0,32.0,32.0,36.6,35.0,48.5,13.0,3.0,3.0,8.1,4.0,29.0,19.2,46.2,36.3,3.0,4.0,6.0,4.0,40.2,42.0,6.1,1.0,35.6,36.4,18.0,19.2,2.0,1.0,6.9,7.1,9.0,7.1,14.0,11.1,15.3,18.8
1772940215.1011882,14.3,11.1,17.3,14.1,37.4,36.0,5.0,7.1,14.3,14.1,5.1,5.1,38.0,26.0,20.4,19.4,5.1,10.1,36.0,34.0,36.6,37.6,41.0,33.7,3.0,4.1,8.1,8.1,28.7,26.7,43.0,34.0,4.0,5.1,2.0,3.1,39.0,41.6,5.1,2.0,31.3,30.0,21.0,20.0,2.0,4.0,9.1,9.0,6.1,8.0,17.2,15.2,19.4,16.3
1772940216.1024418,14.0,9.1,16.3,21.0,42.0,33.7,4.0,12.0,8.2,2.1,7.1,8.0,34.0,34.3,25.5,25.8,14.0,10.2,39.4,36.6,38.6,39.6,41.0,34.0,4.0,5.0,8.1,6.1,30.3,33.7,52.5,28.7,4.0,5.1,3.0,6.1,40.6,40.0,2.0,3.0,30.0,29.7,28.0,25.3,4.0,4.0,10.1,11.0,8.0,8.1,25.7,28.0,23.8,24.2
1772940217.1039462,13.1,12.9,20.0,15.0,38.1,39.0,3.1,6.9,11.1,4.0,5.1,4.0,36.0,30.0,28.6,26.0,9.2,9.2,34.3,37.3,38.6,41.6,32.7,31.0,5.1,4.0,10.0,8.0,28.0,32.0,42.2,36.6,5.1,3.0,1.0,4.0,41.0,42.7,2.0,5.1,18.2,20.0,23.0,20.8,5.1,1.0,9.0,10.1,7.1,6.1,5.1,4.1,18.2,24.2
1772940218.104393,14.0,10.2,20.4,15.2,35.4,37.8,2.0,6.2,8.2,5.2,5.1,6.2,40.0,31.6,19.8,23.7,9.2,11.3,39.0,33.3,37.0,40.0,26.3,46.5,6.1,4.0,4.1,9.2,33.7,23.5,40.0,35.0,4.1,3.1,3.1,3.1,40.0,40.4,12.1,3.1,17.2,13.1,24.2,23.5,4.0,5.1,9.1,9.3,6.2,9.0,38.6,37.4,23.0,20.6
1772940219.1044743,15.2,8.1,18.0,10.2,32.0,40.6,4.0,3.0,13.4,15.3,4.1,6.0,27.0,28.7,22.4,18.4,9.1,10.2,33.0,27.3,37.6,37.0,21.0,41.0,4.0,3.0,8.1,7.2,23.2,33.0,30.3,31.3,4.0,4.0,4.1,6.1,40.6,40.2,10.4,8.2,20.0,20.2,23.2,18.0,3.0,1.0,10.2,6.1,7.0,8.0,5.1,8.9,19.4,20.0
1772940220.105405,11.2,7.0,16.2,17.0,27.3,40.2,5.0,3.0,11.0,2.0,7.0,6.0,28.7,33.7,29.7,28.6,7.1,11.0,42.0,29.0,40.2,37.3,1.0,52.9,4.0,4.0,8.9,7.0,31.7,19.8,50.5,24.0,5.0,2.0,4.9,2.0,39.0,43.0,4.0,3.0,14.9,13.0,25.7,18.2,4.0,3.0,9.7,9.1,5.1,6.2,23.5,22.2,23.0,15.2
1772940221.1054866,10.4,6.1,16.2,12.1,45.0,27.6,4.0,5.1,4.1,3.1,5.0,3.1,26.3,23.5,29.3,20.6,5.2,15.2,29.6,28.0,32.7,30.0,6.0,20.2,5.0,3.0,5.1,6.0,24.2,19.2,22.0,34.0,3.1,3.0,3.1,2.0,39.0,38.4,3.1,2.1,22.2,22.2,17.2,15.2,2.0,2.0,6.1,6.0,8.1,6.1,17.2,20.4,17.3,13.3
1772940222.1106951,12.2,9.0,15.3,17.0,33.3,39.6,4.0,3.0,6.1,3.0,6.1,5.9,36.0,29.0,15.3,20.4,2.0,10.1,34.7,26.0,38.6,33.7,20.2,24.8,3.1,3.1,5.0,7.0,30.0,23.2,17.8,24.0,4.0,3.0,3.0,1.0,37.4,37.6,2.0,3.0,28.0,31.7,19.2,18.0,5.0,1.0,8.1,9.1,5.1,7.1,5.0,5.1,12.0,23.0
1772940223.1135025,13.4,8.1,17.3,18.2,41.8,33.7,2.1,3.0,16.2,18.4,3.1,6.0,34.0,34.7,17.3,14.1,15.2,11.0,37.0,35.0,37.0,37.6,23.0,60.4,4.0,5.0,6.1,7.1,25.3,33.7,31.0,22.8,4.0,4.0,4.0,2.0,39.8,38.6,3.0,4.1,29.3,32.0,19.2,25.3,6.1,5.0,9.0,10.0,6.1,8.0,33.0,29.7,23.0,22.0
1772940224.1146688,12.9,12.1,14.9,14.1,35.7,33.3,5.0,3.0,9.1,4.0,4.0,3.1,26.0,32.3,31.3,22.2,3.0,12.0,30.3,34.3,37.6,39.6,27.7,52.9,4.0,3.0,8.0,11.0,27.7,27.7,46.1,35.6,2.0,6.0,3.0,3.0,36.0,44.0,3.1,3.0,36.6,38.0,20.8,23.0,4.0,1.0,9.1,9.1,6.9,6.1,10.1,10.1,22.0,16.0
1772940225.1147387,14.4,10.2,18.4,11.3,36.4,41.6,1.0,6.1,5.1,4.0,5.1,2.1,24.5,33.3,28.9,28.9,7.1,14.3,34.0,31.3,34.7,35.0,39.0,43.6,4.0,6.0,7.1,8.0,29.3,26.5,36.4,44.6,6.1,5.1,2.1,2.0,40.0,44.0,8.2,19.4,40.4,41.0,20.4,20.0,3.0,4.0,7.1,10.2,7.1,4.2,20.0,20.4,19.4,17.3
1772940226.1148243,11.2,7.1,15.2,16.2,46.5,23.0,3.0,3.1,8.2,10.4,5.1,4.0,32.0,25.0,20.2,28.6,10.3,10.0,29.0,31.7,36.0,44.6,34.0,47.5,4.0,5.1,8.0,6.1,29.7,24.2,47.0,33.0,2.0,6.0,2.0,3.1,43.6,37.3,27.6,19.2,40.0,42.0,20.2,16.3,4.0,4.1,8.1,8.0,6.1,7.1,22.2,23.2,19.2,19.2
1772940227.1161964,15.2,9.1,20.2,12.1,43.6,29.7,3.0,4.0,10.1,9.3,4.0,3.0,39.0,27.3,18.2,23.2,5.9,10.0,39.6,30.0,37.0,37.6,24.0,44.6,2.0,4.0,6.1,5.1,25.3,31.3,51.0,28.0,4.1,2.0,3.0,3.0,41.4,41.2,7.1,9.1,40.0,39.6,23.0,22.5,1.0,2.1,7.0,7.1,4.1,7.1,4.0,4.0,20.0,16.2
1772940228.1233556,16.2,11.0,21.0,24.0,41.7,31.0,3.1,5.0,4.1,8.1,4.0,6.0,37.3,33.0,21.2,20.0,2.1,10.1,30.3,40.0,41.6,39.6,17.0,37.6,2.0,4.1,10.9,9.1,34.7,30.7,36.6,44.6,5.0,3.0,2.0,3.0,39.6,41.0,2.0,0.0,39.6,40.0,25.0,27.0,4.0,2.0,9.9,12.0,8.8,7.1,30.7,28.3,26.3,21.2
1772940229.128358,12.2,8.0,13.3,17.0,38.6,29.7,9.1,5.1,5.1,6.1,2.0,4.0,21.2,25.5,24.2,22.7,10.1,14.1,35.6,32.7,35.0,33.7,30.0,18.2,4.0,4.0,6.3,7.1,29.6,23.8,49.0,28.7,3.0,3.1,3.0,4.0,41.2,39.0,3.0,3.1,41.0,40.2,21.2,18.8,3.1,1.0,10.1,6.9,4.1,6.0,13.0,14.7,15.2,21.8
1772940230.1307151,13.3,11.1,21.2,17.2,42.4,39.4,8.9,5.0,6.0,6.1,8.0,5.1,39.6,30.3,26.8,30.6,3.1,7.1,32.0,38.4,38.0,38.6,24.0,33.0,6.9,4.0,6.1,7.1,28.0,35.0,32.3,21.0,7.1,4.0,4.1,1.0,40.0,41.0,7.0,3.0,41.0,40.4,23.8,28.3,4.0,3.0,11.1,12.1,9.9,7.1,9.2,7.2,18.4,26.3
1772940231.1402552,12.0,7.0,20.8,13.3,29.6,39.8,1.0,4.0,18.0,13.1,6.1,8.0,26.5,28.0,18.0,18.6,14.0,9.0,33.7,30.7,29.7,34.7,10.9,33.3,4.0,4.0,5.9,7.9,22.8,30.3,18.0,7.9,3.0,2.0,2.0,3.0,39.6,42.2,2.0,2.0,40.2,40.2,22.0,22.8,2.0,2.0,6.0,10.1,6.1,6.0,33.7,31.7,16.8,20.0
1772940232.1412385,11.3,7.1,13.3,14.0,27.8,41.4,5.1,3.0,3.1,9.2,6.0,3.1,34.0,30.0,13.3,17.3,10.2,3.1,30.3,34.0,34.7,32.4,8.2,48.5,2.1,6.0,8.1,6.1,20.2,23.0,27.0,7.1,7.1,3.1,3.0,3.0,39.0,39.6,3.0,3.0,39.8,40.4,17.0,13.0,4.0,3.0,6.1,7.1,5.1,6.0,5.1,4.0,14.4,15.5
1772940233.1413267,12.5,9.0,15.3,16.0,35.4,35.0,3.1,4.1,5.1,3.1,5.1,4.0,23.5,29.3,26.8,26.3,9.1,14.0,24.2,37.8,41.6,40.0,38.6,42.6,6.0,5.1,7.1,7.2,22.0,34.0,27.0,16.2,4.1,5.0,5.1,4.0,39.6,42.0,4.1,3.1,41.6,40.6,22.2,22.0,2.0,3.1,6.1,8.2,7.0,6.2,24.2,26.3,21.2,20.0
1772940234.1451375,13.3,7.9,14.9,15.2,23.2,49.0,2.0,6.1,3.1,6.1,5.0,2.0,27.3,31.7,26.3,32.0,3.0,12.1,28.7,37.3,37.3,40.2,40.6,42.6,4.1,3.0,4.0,8.9,20.0,23.0,22.0,29.4,2.0,4.1,3.0,3.1,42.0,42.6,5.0,2.0,32.0,32.0,14.1,18.0,4.0,1.0,10.0,7.0,4.0,6.1,19.0,14.1,17.8,19.0
1772940235.147664,11.2,9.2,17.2,11.2,34.3,33.0,5.1,2.1,18.2,13.3,5.1,6.0,27.0,35.0,21.4,17.2,15.3,9.2,32.3,32.3,36.0,35.6,46.5,28.0,5.0,3.0,5.1,10.2,29.0,21.0,43.6,38.0,3.1,6.1,4.0,5.0,44.0,38.0,2.1,3.1,28.3,28.0,24.0,18.4,3.1,1.0,13.1,8.0,6.1,8.1,7.2,10.2,19.4,18.2
1772940236.1501582,11.1,10.0,17.6,14.0,44.0,33.7,4.1,1.0,11.9,3.1,4.0,7.0,30.7,28.4,18.2,23.8,3.0,10.0,36.6,33.7,37.3,36.6,40.2,40.8,4.0,3.0,8.9,6.9,35.3,24.8,34.7,46.1,3.0,5.1,1.0,2.0,43.6,35.3,5.0,3.0,22.5,21.0,22.0,18.8,4.0,2.0,7.0,8.9,5.0,8.0,33.0,35.3,20.2,19.0
1772940237.1511629,10.3,9.1,16.3,14.3,38.1,32.7,4.0,3.0,4.2,2.0,5.2,7.1,26.8,27.6,32.7,29.2,8.3,16.2,35.0,33.0,33.3,31.0,30.3,36.7,7.1,2.1,9.0,8.1,24.2,25.0,47.5,31.7,3.1,2.1,4.0,3.1,40.6,40.0,1.0,1.0,13.3,11.2,17.2,20.0,3.0,3.1,9.3,7.2,5.1,10.0,5.2,6.1,16.2,19.6
1772940238.1519706,9.5,8.1,15.2,15.0,40.4,32.0,5.0,2.0,7.1,15.3,5.0,8.0,28.0,30.0,27.0,22.4,9.1,2.1,33.3,36.4,36.9,41.2,26.0,28.0,4.0,5.0,8.1,10.0,23.0,27.3,35.6,26.3,4.0,7.0,2.0,3.0,37.6,42.0,4.0,4.1,11.0,16.0,19.8,20.2,3.0,4.0,10.0,7.1,8.0,7.1,30.0,30.3,22.2,16.0
1772940239.1566527,15.7,10.0,17.8,16.2,43.4,29.7,6.0,2.0,7.2,7.1,5.0,6.1,33.0,29.0,18.4,16.2,10.1,16.0,33.3,39.2,39.2,38.8,35.6,36.6,6.0,5.0,8.1,7.1,26.7,37.6,19.0,33.7,5.0,6.1,4.1,1.0,42.4,38.2,19.2,5.1,20.0,17.0,27.7,17.8,3.0,4.0,6.1,11.1,9.0,7.2,13.0,15.8,20.8,22.2
1772940240.1579628,11.2,9.1,14.4,15.2,34.3,41.0,4.1,1.0,8.0,10.3,8.2,6.1,38.0,28.0,28.6,26.5,8.2,4.1,28.3,34.3,38.4,40.0,34.0,9.1,5.1,2.1,6.1,5.1,19.2,30.3,32.7,42.0,4.1,3.1,4.0,2.0,34.7,42.4,7.1,6.1,24.0,25.7,21.2,23.2,4.1,1.0,8.1,11.0,6.1,8.2,25.0,22.2,25.3,13.3
1772940241.1658983,11.3,8.9,14.9,14.0,37.8,31.0,1.0,3.0,2.0,3.0,3.0,4.1,27.0,21.2,32.3,27.6,11.0,11.0,32.3,29.0,31.4,36.3,36.3,36.0,3.0,5.0,5.0,7.9,22.0,21.2,41.2,21.8,2.0,2.0,1.0,2.0,42.2,38.6,3.0,1.0,33.0,34.0,16.0,16.2,2.0,3.0,13.0,6.1,6.0,8.0,20.0,19.0,18.2,13.0
1772940242.1676874,10.4,8.1,19.2,15.3,41.8,31.0,3.1,3.1,13.3,19.0,4.0,6.1,32.7,25.7,21.2,19.2,3.0,9.2,32.7,33.0,33.7,35.0,31.0,40.6,3.1,2.0,7.9,10.1,29.3,30.7,22.8,42.6,6.0,1.0,1.0,1.0,41.6,40.4,4.1,4.0,41.0,40.6,25.7,18.0,3.0,3.0,8.0,8.9,6.1,7.1,10.2,11.2,16.0,18.4
1772940243.1695225,13.3,8.1,14.1,17.0,47.5,27.7,9.2,5.0,3.0,3.1,4.1,5.2,37.4,31.0,16.3,12.2,12.1,8.1,34.3,30.7,33.7,37.0,21.2,41.2,6.9,4.0,6.1,8.1,31.0,20.8,27.0,41.6,3.0,5.1,3.0,3.0,39.4,42.2,3.1,3.0,39.6,41.0,16.2,24.8,4.0,2.0,5.1,8.2,7.0,8.0,27.7,25.0,19.2,21.8
1772940244.169605,15.3,10.1,20.0,15.2,45.0,29.7,9.2,5.0,6.1,10.1,6.0,4.0,33.7,33.7,29.6,23.0,10.1,6.1,37.0,34.3,39.2,40.2,26.7,50.5,3.0,4.0,5.0,8.1,30.0,28.3,29.7,52.0,2.0,4.0,2.0,3.0,39.8,41.6,1.0,2.0,41.0,41.4,23.0,25.0,1.0,5.9,8.1,12.0,6.1,6.1,10.1,11.1,19.2,21.2
1772940245.1722388,10.4,9.1,22.2,17.5,35.1,38.4,6.0,1.0,9.2,4.1,4.1,7.1,41.0,28.6,36.7,22.4,15.3,10.3,34.3,37.4,40.0,38.6,21.0,61.0,5.2,3.0,7.2,9.1,36.0,29.3,30.0,49.0,4.1,4.1,2.1,3.1,39.0,43.4,8.1,18.6,41.0,40.0,26.0,23.5,4.0,3.1,7.2,10.0,7.2,8.2,29.6,28.6,24.2,20.2
1772940246.1736588,12.2,9.9,18.4,19.0,44.4,30.3,7.1,4.0,15.3,14.3,4.1,5.1,32.7,27.3,23.2,27.8,11.0,3.1,39.6,31.3,37.6,37.0,15.2,61.2,6.0,5.0,10.2,5.1,27.3,32.0,35.6,41.0,6.0,4.0,3.0,3.0,40.4,38.0,23.2,26.5,41.6,40.0,22.0,25.7,4.0,5.0,11.9,12.0,7.0,9.0,16.2,14.1,23.5,20.2
1772940247.175367,12.1,8.2,15.2,16.2,27.6,42.0,7.1,5.1,4.1,3.1,6.1,6.1,32.3,27.5,14.3,19.2,2.0,14.3,32.3,34.7,41.6,37.0,6.1,54.0,6.1,2.1,7.1,7.9,29.3,25.0,35.0,46.0,5.1,3.1,4.0,3.1,41.6,40.0,8.1,8.1,40.0,41.0,21.2,21.0,4.1,2.0,10.0,8.1,7.0,6.2,17.3,21.0,18.0,21.4
1772940248.1794534,16.2,7.0,16.5,18.0,22.7,48.0,5.1,3.0,12.9,7.0,9.1,3.1,31.0,28.3,24.2,22.2,10.0,9.0,31.7,39.0,35.3,37.3,28.7,33.0,4.0,4.0,8.0,5.2,25.7,31.7,39.6,34.3,5.9,3.0,4.0,2.0,42.2,41.3,5.0,1.0,41.0,40.6,20.2,23.0,5.9,3.0,8.1,7.1,7.9,5.1,24.3,22.0,21.0,19.8
1772940249.179519,13.5,9.1,18.2,22.2,35.1,41.8,4.1,3.1,10.5,7.2,6.0,9.1,36.6,29.7,30.6,23.5,7.3,10.2,32.7,36.0,36.0,44.6,32.0,24.2,5.1,4.0,7.2,8.2,26.3,32.7,26.3,37.0,3.1,4.1,4.0,5.2,44.0,37.8,5.2,1.0,39.4,40.0,23.0,29.3,5.2,4.1,9.1,9.2,6.2,10.1,10.2,14.1,22.2,20.6
1772940250.1800046,14.3,9.2,16.8,14.3,30.3,33.7,1.0,2.1,7.1,11.1,3.1,6.9,25.3,30.6,26.3,28.3,9.1,8.2,27.7,27.3,34.0,34.7,43.6,34.0,5.0,4.0,9.0,9.0,23.0,24.0,39.0,34.0,4.0,4.0,2.0,2.0,41.0,40.6,2.0,3.0,41.0,40.4,17.0,18.2,5.0,1.0,7.1,7.1,5.0,8.0,24.0,24.0,15.2,20.0
1772940251.1802533,9.4,11.1,19.6,12.1,39.4,42.0,6.1,5.0,8.1,1.0,7.1,3.1,34.3,27.0,20.4,13.5,11.0,8.2,29.3,38.6,39.2,37.6,47.5,27.0,4.0,2.1,4.1,7.1,29.3,25.0,45.1,11.1,4.1,2.1,2.0,4.0,40.0,39.0,3.0,2.0,40.4,40.6,23.0,16.2,1.0,6.0,8.1,11.1,11.1,10.2,11.2,15.0,17.2,21.6
1772940252.1803293,12.2,9.0,18.2,17.0,27.3,44.4,2.1,3.0,7.1,7.0,5.0,4.1,28.0,34.0,17.5,19.2,5.2,11.0,29.0,36.4,38.6,39.0,29.3,21.2,3.0,5.0,7.1,7.1,28.0,26.3,21.0,11.2,2.0,3.0,3.0,3.1,39.6,42.6,1.0,4.1,41.6,40.4,20.0,23.8,5.0,5.0,10.0,12.0,7.9,5.1,20.0,19.4,21.4,20.0
1772940253.1805873,13.4,7.1,19.0,16.2,40.4,32.7,4.0,3.0,12.1,5.1,3.1,3.0,35.4,24.2,29.3,23.5,8.9,8.1,28.0,32.7,35.6,36.6,28.0,23.2,5.0,3.1,5.1,6.0,28.7,27.0,29.0,24.8,5.0,5.0,5.0,3.1,42.0,42.0,4.0,5.1,28.3,28.0,26.3,20.2,4.0,2.1,7.1,8.1,6.1,7.1,24.0,24.2,17.0,21.4
1772940254.1808686,16.2,12.0,20.2,18.4,29.6,45.0,4.1,4.1,17.2,6.2,5.1,4.1,35.0,35.0,24.7,25.5,13.4,4.1,30.3,39.4,36.0,42.4,49.5,10.2,4.0,4.0,9.0,9.1,27.3,33.0,39.0,42.6,5.0,4.1,4.1,4.0,41.4,39.6,3.1,2.0,21.4,20.4,22.2,29.3,3.0,4.0,9.1,9.9,7.1,10.1,5.1,8.0,22.2,18.2
1772940255.185194,15.0,8.2,15.2,19.0,32.0,42.0,3.0,3.0,4.0,10.1,4.0,4.0,32.0,28.0,20.2,20.6,5.1,15.8,36.6,34.0,40.2,40.6,41.6,8.1,4.0,3.0,5.1,11.2,30.3,24.0,42.6,40.6,2.1,5.1,4.0,1.0,35.6,40.6,3.0,3.0,15.2,18.6,20.2,18.8,5.0,3.0,11.1,7.1,9.1,7.1,32.7,27.3,25.3,18.2
1772940256.1869173,11.5,8.1,17.2,17.0,39.2,33.3,4.1,3.0,2.1,8.2,7.1,5.9,37.6,32.3,26.0,25.0,12.0,7.1,37.4,34.7,38.6,36.6,62.1,18.8,7.9,5.1,9.0,6.0,37.0,26.0,41.2,38.6,3.0,5.0,2.0,3.0,42.6,40.6,4.0,3.0,10.0,10.1,26.0,22.0,5.0,3.0,9.0,9.1,8.2,6.1,14.0,13.0,23.8,19.0
1772940257.187469,14.6,12.9,19.0,21.2,37.8,37.0,5.0,3.0,16.2,13.3,4.1,3.1,25.5,36.6,20.6,29.9,8.2,14.1,33.0,36.4,39.6,36.6,61.4,20.2,4.0,6.0,7.1,7.1,27.6,32.7,43.1,38.6,5.1,4.1,3.1,1.0,40.0,41.0,4.1,5.1,14.1,20.2,25.0,22.8,5.1,3.1,9.1,13.0,8.1,8.1,25.3,23.5,23.2,20.0
1772940258.187901,14.1,9.1,20.0,16.3,44.0,34.0,4.0,4.0,6.1,4.1,6.1,9.2,34.0,33.3,28.6,26.8,16.3,4.1,36.0,37.4,40.6,39.6,52.5,29.4,5.1,2.1,9.1,8.0,35.0,28.0,38.0,41.6,4.0,6.0,3.0,6.1,42.0,38.0,10.1,5.1,22.2,22.0,20.2,31.3,10.1,2.0,13.1,8.2,7.1,8.1,17.0,19.8,24.2,21.6
1772940259.2012048,12.7,10.0,17.0,16.0,37.4,34.3,1.0,4.0,4.0,12.9,5.0,5.9,35.6,26.5,24.2,19.0,12.0,10.1,29.0,39.6,37.3,39.8,40.8,34.7,4.0,5.9,6.9,6.1,29.0,26.7,39.2,38.2,3.0,6.9,4.0,5.0,43.1,37.3,9.2,14.1,33.3,30.7,22.8,20.8,8.0,4.0,10.9,5.1,7.0,8.9,22.0,18.2,21.6,19.8
1772940260.2019088,13.1,9.1,22.0,14.1,38.8,39.4,5.1,4.0,12.2,7.2,4.1,3.1,33.0,26.3,28.6,28.6,11.2,15.0,39.0,29.0,38.0,37.6,38.4,42.6,5.1,4.0,10.0,11.0,23.2,34.7,38.4,34.0,4.0,4.1,3.0,2.0,41.6,42.6,5.1,2.1,37.6,35.6,24.0,22.0,3.1,3.1,8.2,9.9,7.1,8.2,25.0,23.0,23.5,23.0
1772940261.2062278,14.1,8.1,17.8,20.0,29.6,39.2,5.0,4.0,8.2,13.1,6.1,4.0,33.7,31.3,33.0,29.6,12.0,3.1,32.3,25.0,36.6,37.3,43.6,38.6,4.0,5.0,8.0,8.0,29.7,25.3,29.7,37.0,3.1,5.0,2.0,4.0,42.0,38.4,3.0,3.1,40.0,40.0,26.3,17.0,5.1,3.0,8.2,9.2,7.0,7.9,19.4,19.2,22.2,21.2
1772940262.208191,13.3,10.0,19.4,19.4,43.6,34.3,6.1,4.1,7.1,11.1,5.1,5.1,28.6,40.0,22.2,21.2,6.1,13.3,43.0,36.6,36.6,42.4,31.0,39.6,3.0,6.0,6.1,6.1,34.3,32.0,26.3,27.7,3.0,5.0,3.1,1.0,37.0,43.1,2.1,3.1,40.4,40.0,24.8,29.6,3.1,2.0,10.2,13.0,5.2,8.1,24.0,22.2,25.5,22.4
1772940263.2088523,9.5,9.1,17.2,17.2,30.3,39.4,5.1,3.1,3.0,4.0,5.0,3.1,39.0,26.3,13.3,15.3,8.0,11.2,35.0,33.3,36.3,36.3,20.2,10.1,3.1,4.1,8.2,8.2,23.0,31.3,15.2,29.0,7.1,3.1,3.0,3.1,42.0,39.0,2.1,4.0,40.6,40.4,22.0,18.0,5.1,3.0,7.1,8.2,6.1,7.1,9.0,10.0,18.0,20.2
1772940264.2118907,16.2,8.2,21.4,15.8,37.6,43.6,3.1,3.0,12.2,9.2,4.1,5.9,33.7,34.7,28.6,25.3,8.2,3.0,36.0,42.0,38.0,37.6,22.0,23.0,5.0,4.0,9.0,6.1,28.0,30.7,40.2,36.6,4.0,2.0,2.0,3.0,40.0,39.6,11.1,6.2,40.0,41.2,23.0,21.0,6.0,2.0,9.0,11.0,7.1,5.1,31.0,27.3,24.0,22.0
1772940265.2134926,12.2,7.1,18.0,13.3,30.9,38.0,4.1,2.0,9.3,11.2,5.1,5.1,27.3,28.3,34.7,28.9,16.2,13.3,34.7,30.0,35.0,39.8,28.7,31.0,5.1,5.0,10.0,6.1,27.3,23.2,20.2,42.0,6.0,3.0,2.0,3.0,41.2,39.0,26.8,23.5,40.4,40.0,28.0,12.2,4.0,3.0,8.2,7.1,7.0,7.1,8.1,9.1,17.2,18.4
1772940266.2138658,12.4,8.0,17.0,14.0,38.4,35.0,6.1,1.0,4.1,11.1,5.1,3.1,33.3,31.7,19.6,20.4,1.0,7.0,28.3,37.4,33.0,37.0,16.2,55.9,6.0,3.0,9.0,9.9,26.0,25.7,41.7,43.1,2.0,5.1,1.0,3.1,42.0,38.6,9.1,13.3,40.6,40.0,14.1,22.0,1.0,5.1,8.1,11.1,7.1,7.0,29.7,30.0,18.2,20.2
1772940267.21734,17.3,11.2,18.4,15.3,33.7,42.0,5.1,1.0,5.1,3.0,5.1,5.0,32.7,33.3,13.3,17.2,8.2,14.1,37.0,36.0,35.6,36.6,20.0,60.8,3.0,3.1,4.2,5.1,32.7,27.3,41.0,38.0,3.0,5.0,5.0,3.0,41.0,41.0,3.0,8.1,40.6,41.0,21.2,23.2,5.0,1.0,8.9,9.0,7.1,4.1,11.2,11.2,20.0,24.0
1772940268.2234013,18.2,9.2,17.2,14.0,28.6,43.0,5.2,2.0,19.2,13.4,6.0,5.1,29.0,33.0,20.2,32.7,9.2,2.1,32.7,35.4,35.6,39.2,21.0,60.8,5.0,5.9,6.0,9.1,27.0,25.0,47.0,35.6,4.0,2.0,1.0,3.1,39.6,40.6,3.0,4.0,40.0,40.0,27.7,17.0,2.0,3.0,11.9,8.0,6.1,6.1,19.0,19.2,23.5,16.3
1772940269.2238672,14.1,11.9,21.2,14.0,38.0,38.2,4.0,3.0,6.2,11.0,3.1,6.0,28.3,34.0,27.3,31.7,10.2,19.2,29.0,32.0,35.6,39.0,26.3,47.5,2.0,5.1,8.9,9.1,29.3,23.2,36.0,42.6,4.0,5.0,3.1,2.0,43.0,38.6,5.0,2.0,40.0,40.0,25.7,20.6,4.0,2.0,9.0,7.1,5.1,7.1,23.5,22.8,24.0,17.3
1772940270.2242146,12.2,9.0,19.2,17.5,32.3,41.6,2.1,2.1,3.0,3.1,4.0,3.1,30.0,32.0,23.2,16.7,4.1,6.1,37.8,34.3,38.6,37.4,27.7,15.3,5.1,3.1,6.1,5.2,30.7,30.3,44.6,34.3,3.1,5.1,3.1,2.1,40.0,41.0,2.1,3.1,36.7,37.0,20.4,24.5,3.1,5.1,9.4,8.2,9.1,7.1,8.2,9.2,21.2,20.0
1772940271.2256808,10.2,9.1,15.2,17.0,42.9,30.0,6.0,2.0,2.0,3.1,4.0,5.1,31.0,37.0,11.3,20.2,9.1,15.2,33.3,29.0,38.6,38.2,33.0,20.0,4.1,4.0,7.1,9.0,26.3,28.0,35.4,28.7,4.0,4.0,3.0,3.0,43.6,36.6,3.0,2.0,30.7,30.0,25.0,24.0,3.0,8.0,8.9,9.9,7.0,6.1,29.0,26.0,20.2,18.2
1772940272.2257636,10.3,6.1,11.0,17.0,30.9,27.3,5.1,2.0,15.8,18.6,3.1,6.9,26.3,26.0,24.5,22.4,10.0,4.1,37.4,31.0,33.0,35.0,49.0,26.3,5.1,1.0,6.1,8.2,25.0,20.0,34.7,16.2,3.0,7.0,5.0,2.0,37.6,42.4,3.1,4.1,26.3,27.0,18.2,17.2,2.0,1.0,9.0,7.0,6.1,7.0,12.9,10.0,13.1,23.2
1772940273.2262497,13.9,9.1,19.2,17.3,56.6,20.0,5.9,3.0,10.2,4.0,4.0,4.1,35.6,29.0,26.0,29.6,14.1,8.2,30.0,40.0,39.2,35.6,50.0,30.7,6.1,5.9,9.1,8.1,25.0,34.3,27.3,22.8,3.1,3.0,5.0,4.0,40.0,41.2,1.0,5.1,15.0,16.0,26.0,27.0,5.1,2.0,10.2,9.2,8.1,6.1,19.4,19.2,24.2,21.2
1772940274.226472,12.2,8.9,15.3,17.2,34.7,37.6,1.0,2.0,4.0,5.1,4.0,6.0,33.0,34.0,22.7,22.2,12.1,3.0,39.6,28.3,38.6,40.2,24.2,37.3,5.1,3.0,5.9,10.1,23.0,31.0,48.5,18.2,6.1,2.0,3.1,3.0,40.6,41.6,3.1,5.1,11.1,13.9,19.0,23.0,1.0,3.0,11.1,9.0,7.0,8.0,24.0,21.2,21.2,16.3
1772940275.2266788,14.1,8.0,18.2,17.2,30.9,44.4,5.1,3.1,9.4,8.2,6.1,5.1,34.3,37.4,27.0,18.6,9.3,15.2,41.0,35.0,37.0,41.0,27.0,39.4,5.0,5.1,8.1,10.0,33.7,27.3,46.0,35.6,6.0,5.0,4.0,1.0,40.4,39.0,2.0,6.1,24.5,19.4,26.0,21.4,3.0,4.1,9.1,7.1,7.1,7.2,15.2,17.2,24.0,23.0
1772940276.2286677,9.4,9.2,19.0,18.2,45.5,28.0,8.0,5.1,17.5,8.2,5.1,4.1,37.0,31.3,27.8,30.3,5.1,9.2,34.3,37.0,37.4,39.0,30.3,40.0,5.1,3.0,6.2,8.2,28.3,30.3,41.6,36.6,4.1,4.0,4.0,4.0,41.6,40.0,3.1,1.0,23.2,24.2,18.2,26.3,2.0,3.1,10.0,12.1,7.1,9.1,25.0,24.5,25.3,17.3
1772940277.2287498,13.3,9.1,15.5,19.0,29.3,47.0,5.1,2.1,6.0,8.1,3.1,5.1,22.2,36.4,18.4,21.9,9.1,15.3,34.3,33.0,42.2,38.6,60.4,21.0,4.0,5.0,7.1,5.2,25.3,33.0,45.5,17.0,4.0,3.1,4.1,4.1,41.6,34.0,7.1,7.1,30.0,30.7,22.0,23.0,2.0,5.1,9.2,7.1,7.1,6.1,12.2,14.1,22.2,18.0
1772940278.2320514,15.2,8.2,19.4,17.3,30.3,38.0,4.1,2.0,4.1,3.0,8.0,4.1,30.0,39.2,18.0,22.8,9.2,2.0,35.0,35.4,39.0,40.2,60.8,20.8,5.1,4.1,7.1,11.0,30.4,31.3,39.0,35.0,3.1,4.0,3.0,4.0,42.0,40.0,17.3,6.2,31.3,30.3,18.8,28.0,1.0,4.1,10.0,10.1,6.1,8.1,26.0,26.0,18.8,23.5
1772940279.233132,12.1,11.0,17.0,16.8,38.8,40.6,5.9,3.0,11.1,7.1,6.1,6.1,25.3,33.0,24.5,27.3,9.3,17.8,38.0,36.4,36.3,36.6,56.9,22.0,5.1,6.1,10.0,5.1,27.3,33.3,35.0,43.0,7.0,4.0,3.0,3.0,42.6,36.6,6.0,6.1,31.7,30.7,25.0,22.0,3.0,3.0,11.1,6.0,6.1,6.1,18.0,17.2,22.0,24.8
1772940280.2363782,12.2,8.1,16.0,14.3,30.3,38.4,3.1,4.0,20.0,8.3,3.1,3.1,28.0,38.0,31.3,28.1,5.1,8.2,38.6,29.0,36.0,41.6,45.0,35.6,7.9,3.0,8.2,9.1,24.0,29.7,46.0,31.0,4.0,6.1,1.0,2.1,42.6,40.6,3.1,5.2,40.0,35.0,22.2,22.2,6.1,4.0,8.1,10.0,7.1,8.1,22.0,20.2,19.2,18.2
1772940281.2372758,11.3,8.0,15.2,17.2,36.4,38.8,6.0,3.0,9.1,4.1,4.1,6.0,30.0,35.4,21.4,13.3,9.2,16.0,37.8,28.0,39.6,37.0,47.0,33.3,3.1,5.1,9.1,9.1,24.0,31.3,38.0,44.6,2.0,5.1,2.0,2.0,42.0,38.0,1.0,2.1,40.0,40.0,25.0,21.0,3.0,3.0,12.0,11.0,8.2,7.1,21.4,24.0,23.2,16.3
1772940282.2405925,12.4,8.1,18.4,20.0,41.4,33.0,3.1,4.0,4.0,6.0,5.1,4.0,32.0,25.0,20.2,19.2,6.1,8.2,35.0,37.3,36.6,39.2,39.6,39.6,5.0,3.1,8.1,7.9,29.3,27.0,34.0,30.7,5.0,5.1,3.1,4.0,42.6,41.0,5.1,4.0,40.0,42.0,29.0,17.8,3.0,4.0,8.1,7.2,11.0,7.0,11.1,15.2,19.8,23.0
1772940283.2406785,12.4,7.1,15.5,15.2,39.8,34.0,6.9,2.0,4.1,10.2,3.1,5.1,37.8,32.0,25.5,31.6,13.3,11.1,26.3,35.4,40.6,36.6,33.3,37.6,4.0,5.9,10.0,7.2,29.7,34.0,26.0,22.0,4.1,4.0,4.0,2.0,40.0,37.6,6.1,3.1,41.0,40.6,23.0,24.2,3.0,3.0,6.2,9.9,6.1,6.1,30.7,28.0,20.2,23.2
1772940284.2482045,11.2,7.9,16.8,20.8,39.4,34.7,2.0,3.0,15.2,13.0,5.0,4.0,31.7,25.7,27.3,26.3,5.0,9.0,36.6,32.7,37.3,37.6,21.8,23.0,5.0,3.0,5.1,7.9,23.8,29.4,26.7,25.7,2.0,3.0,5.0,3.0,43.1,40.6,17.8,18.0,39.6,39.0,22.2,24.8,3.0,3.0,11.0,6.1,5.1,7.0,11.0,7.0,14.9,23.0
1772940285.2496397,12.4,8.2,13.1,19.2,42.4,30.3,4.0,4.1,6.1,8.2,6.1,5.1,31.0,42.0,17.2,11.1,12.2,16.3,31.3,34.7,38.6,38.0,33.0,31.0,6.1,4.0,8.2,5.2,31.0,29.6,23.8,45.0,7.0,8.0,4.0,8.1,39.0,37.4,23.7,21.6,41.0,41.0,19.4,21.4,3.1,3.0,9.0,7.1,7.1,6.2,24.2,21.2,17.5,21.2
1772940286.2550085,14.1,8.0,20.0,15.2,41.0,38.6,4.0,6.9,6.1,3.0,5.1,4.1,33.7,32.0,22.4,20.0,9.1,3.1,31.3,36.0,40.2,39.2,13.9,41.6,4.0,5.0,6.0,8.0,29.7,30.7,28.4,55.3,3.1,5.1,4.0,6.0,38.6,44.1,6.1,6.9,40.6,40.0,28.7,21.8,2.0,2.0,10.1,9.9,5.1,8.0,22.8,23.8,24.8,22.0
1772940287.2564092,14.0,10.0,18.4,10.3,32.7,37.0,2.0,2.0,18.0,10.2,4.1,6.0,33.3,28.7,29.9,33.0,13.4,18.0,36.4,33.7,36.6,35.6,16.3,47.5,5.1,2.0,6.1,9.1,24.2,26.0,44.0,38.4,5.1,4.0,2.0,1.0,39.4,42.6,4.0,3.0,39.4,41.0,19.2,17.8,4.0,3.0,7.1,8.2,6.1,5.2,14.3,14.3,15.2,21.4
1772940288.2573416,11.2,9.1,16.3,15.8,35.7,36.0,3.0,3.0,13.1,9.2,5.9,4.1,31.7,28.3,31.3,24.5,9.1,2.0,34.7,34.3,39.0,40.0,20.0,60.2,5.0,4.0,7.1,9.0,23.0,39.0,43.1,38.2,10.1,2.0,3.0,0.0,42.6,39.4,3.0,1.0,35.0,38.0,23.8,18.4,3.0,3.1,11.0,7.0,6.1,8.0,28.0,28.0,21.0,17.0
1772940289.259303,11.1,7.1,15.3,17.2,39.0,34.3,2.0,2.0,5.1,3.0,3.1,3.1,23.0,30.0,14.3,11.2,13.1,15.2,28.3,34.0,35.3,37.3,20.8,61.4,4.0,2.0,6.0,6.0,26.3,28.0,39.6,42.6,4.0,2.0,1.0,3.0,39.2,38.6,3.1,3.0,31.0,30.0,13.1,23.8,2.0,2.0,7.0,9.2,5.1,7.1,8.0,10.1,18.4,19.4
1772940290.262162,14.1,6.1,16.3,16.2,40.8,29.0,4.0,4.0,8.2,7.1,5.2,3.1,35.4,29.3,26.5,27.3,10.1,1.0,28.0,40.0,36.0,38.0,25.3,54.5,5.1,5.0,11.0,3.1,30.3,21.4,25.3,26.0,4.0,6.0,1.0,3.0,40.0,43.1,5.0,2.0,23.0,23.0,21.2,21.0,2.0,4.0,7.1,9.2,8.0,5.1,31.7,32.0,21.0,19.8
1772940291.2624495,12.1,8.2,18.2,13.3,40.0,32.7,9.2,4.0,14.1,9.1,4.0,6.9,30.0,31.7,29.3,29.6,15.2,12.0,36.7,31.3,36.6,38.0,37.6,43.6,3.0,4.1,4.1,8.1,29.0,26.7,16.8,28.0,4.1,3.0,5.0,4.1,39.4,37.6,2.1,5.1,20.4,21.2,22.0,23.2,3.0,2.0,9.1,8.1,4.1,8.1,9.1,11.1,19.2,18.2
1772940292.2625368,12.4,9.2,22.2,17.3,45.9,30.7,12.1,5.1,7.1,14.1,5.1,4.0,35.0,25.5,19.4,21.4,3.1,9.2,33.0,38.0,40.0,37.3,34.7,44.4,5.0,4.1,9.1,6.1,30.6,31.0,20.2,40.6,5.1,5.0,4.1,4.0,42.6,38.4,4.0,2.0,19.8,25.3,30.0,18.0,3.0,3.0,12.0,10.3,8.1,8.1,18.2,21.4,26.3,19.4
1772940293.2626085,12.2,8.0,19.2,15.8,28.3,43.0,6.1,2.0,10.2,3.0,5.1,3.1,26.3,28.0,11.1,22.0,9.2,17.2,28.0,29.0,37.6,40.0,39.6,41.6,4.1,5.0,8.2,8.1,26.5,30.0,10.1,51.0,6.0,4.1,3.0,3.1,37.4,40.6,2.0,3.0,21.2,23.0,23.8,19.2,3.1,3.1,9.1,9.9,6.1,7.1,23.0,22.8,16.0,20.0
1772940294.2630835,14.0,10.0,19.2,15.3,23.5,49.0,4.0,2.1,12.1,8.1,8.2,4.0,29.7,31.0,30.3,30.6,9.1,3.1,39.4,35.0,37.6,37.3,33.3,32.7,6.1,3.0,7.9,7.1,30.6,23.2,19.2,22.0,2.0,3.0,2.0,1.0,42.6,41.0,4.0,3.1,27.0,26.3,27.0,17.0,3.0,3.0,9.2,9.0,7.1,10.9,8.0,9.2,18.0,23.0
1772940295.2633765,11.2,8.2,23.2,17.5,42.4,29.3,3.1,6.1,11.2,6.2,5.1,4.1,28.3,38.4,29.2,21.9,14.1,10.1,31.3,38.0,37.6,35.6,32.0,29.4,4.0,4.0,8.1,9.0,34.3,28.0,15.8,27.0,6.0,4.1,4.1,3.0,38.0,41.6,4.1,3.0,31.0,31.7,25.3,19.8,2.0,4.0,10.0,8.1,9.0,7.2,28.3,26.0,16.5,22.2
1772940296.2641273,11.2,7.1,10.2,18.0,35.7,39.6,5.1,3.1,14.4,12.0,4.0,6.0,37.0,29.0,13.3,19.4,9.2,4.1,30.7,41.6,42.2,37.6,42.2,40.0,4.0,5.0,6.1,6.1,30.0,27.0,36.0,35.6,3.1,5.0,5.1,2.0,40.2,43.0,4.0,3.1,29.0,31.3,16.2,27.3,3.0,2.0,11.1,6.1,5.1,9.1,9.2,9.3,23.0,19.2
1772940297.2649975,14.0,10.1,21.4,19.8,37.8,41.0,8.1,2.0,7.1,3.1,5.0,5.1,33.0,38.0,13.1,25.3,11.2,10.2,33.3,39.4,39.0,39.6,26.5,35.0,3.1,3.1,5.1,10.1,30.3,33.0,48.0,31.7,4.0,4.1,5.1,3.1,40.0,41.0,9.3,11.2,32.7,30.7,26.3,27.3,3.1,3.0,8.1,11.1,8.0,7.1,23.0,26.0,24.0,23.2
1772940298.2650745,11.5,12.0,18.8,21.0,37.4,40.0,3.1,3.1,9.3,7.1,6.1,6.1,29.3,35.6,36.7,33.0,6.2,10.2,33.0,37.4,37.6,37.6,25.3,47.5,6.0,2.1,8.1,7.1,32.0,26.0,17.8,41.0,4.0,5.9,1.0,4.1,42.2,39.6,8.2,8.2,32.0,31.0,23.2,22.4,3.0,4.1,6.1,11.1,5.2,8.2,18.2,16.5,21.2,19.4
1772940299.2663958,13.3,8.0,15.3,15.2,46.5,21.0,2.0,4.0,12.1,9.2,3.1,4.1,26.0,30.3,22.4,23.7,9.0,10.0,31.3,33.0,36.0,36.6,46.1,36.0,3.1,2.0,4.0,6.1,27.0,24.2,20.2,21.0,4.0,3.1,4.0,2.0,38.4,38.6,1.0,3.0,30.0,31.0,19.0,21.0,1.0,4.0,7.0,9.2,6.0,6.1,16.2,16.0,15.0,20.2
1772940300.2679148,11.3,10.1,12.1,17.2,35.7,34.3,4.1,3.0,12.2,12.1,4.0,5.1,32.0,31.0,11.0,10.2,14.3,2.0,33.3,31.0,34.0,36.0,43.0,14.0,4.0,5.1,5.2,6.1,25.7,28.3,28.3,21.0,1.0,5.0,3.0,4.0,41.0,38.4,2.0,4.0,31.3,32.0,21.0,24.0,4.0,2.0,6.1,7.0,7.0,7.0,24.5,25.7,21.0,18.0
1772940301.2699137,13.1,10.1,18.4,24.0,35.0,36.6,3.1,1.0,7.1,1.0,5.1,6.0,32.4,30.7,16.0,18.2,4.0,4.0,32.7,43.6,41.0,37.3,23.8,19.0,5.0,3.0,9.0,7.9,31.0,30.0,45.1,18.0,5.9,3.0,2.1,2.0,39.6,41.6,3.0,2.0,37.6,39.6,20.0,29.3,5.1,2.0,11.9,12.9,8.0,7.0,8.1,7.1,19.2,25.3
1772940302.2706182,11.7,11.2,19.0,21.0,32.3,41.6,4.1,1.0,8.2,6.1,5.1,4.1,35.1,31.0,32.3,34.7,16.0,17.3,33.7,41.0,44.6,42.0,49.5,24.2,7.1,5.1,10.0,6.1,34.0,30.7,42.6,29.0,4.0,5.1,2.0,3.1,43.0,40.0,4.1,3.1,40.0,41.4,22.2,25.0,2.0,3.1,11.1,8.2,6.1,8.1,25.3,24.2,16.2,26.3
1772940303.2727568,12.1,8.0,19.0,15.3,36.4,43.6,5.9,6.1,16.8,8.2,5.9,5.1,34.7,35.4,28.3,28.3,11.2,13.3,36.0,34.0,36.6,31.7,44.6,36.6,6.1,5.9,7.1,12.0,32.0,27.0,39.0,40.2,4.0,6.1,4.0,3.0,42.6,41.0,2.1,3.0,41.0,40.6,22.0,25.5,4.0,3.0,9.9,8.9,7.0,8.2,18.2,18.0,21.2,19.2
1772940304.2728493,13.3,10.0,19.4,13.3,29.6,48.0,2.1,3.1,7.4,9.3,5.1,6.1,32.0,28.3,11.5,13.5,3.1,11.2,32.7,29.6,37.4,39.0,33.7,29.3,8.1,2.0,7.1,12.1,34.0,18.4,38.4,25.5,4.0,4.1,2.0,7.1,37.4,42.0,18.2,10.4,39.4,40.4,20.2,20.4,1.0,3.1,7.2,4.2,6.1,7.1,18.0,20.2,22.2,21.2
1772940305.2734795,17.5,9.1,17.2,18.4,27.6,42.6,5.0,3.1,4.0,3.1,4.1,4.0,34.0,33.0,28.0,21.2,6.3,5.1,34.0,41.0,39.0,38.2,30.0,34.0,4.0,5.1,7.0,8.2,33.0,27.3,33.0,33.0,3.1,5.1,1.0,11.3,42.6,38.6,26.8,24.7,40.6,40.4,22.8,20.8,4.0,2.1,10.1,7.1,7.1,6.2,25.3,21.4,21.0,21.0
1772940306.278496,13.1,7.1,16.3,16.0,44.4,31.7,5.0,2.0,11.0,11.1,5.9,4.0,40.6,25.0,33.7,33.3,10.1,17.2,36.3,35.6,37.9,33.3,47.1,35.6,5.0,4.9,7.1,9.1,30.7,26.0,35.6,27.7,4.0,5.0,4.0,4.0,41.6,40.2,4.0,11.8,32.0,33.3,23.8,21.4,5.0,8.8,9.0,11.0,7.8,8.0,17.8,16.0,23.0,20.2
1772940307.282064,12.2,12.1,18.2,21.2,42.9,36.4,4.1,3.0,12.2,8.1,5.1,8.1,38.0,30.0,21.2,22.4,12.1,9.2,35.7,31.3,38.0,39.0,49.0,32.0,7.1,2.0,9.1,8.1,31.3,31.0,14.1,33.0,4.0,5.1,4.0,3.0,42.6,37.4,1.0,3.1,31.0,31.3,23.5,27.0,7.1,8.2,10.1,9.1,7.1,8.2,21.0,19.0,19.2,25.3
1772940308.283329,11.3,8.2,16.8,16.3,46.5,27.3,4.1,2.0,4.1,11.1,4.0,4.1,34.3,34.0,18.2,14.3,12.1,6.1,34.7,33.3,41.2,39.0,59.8,21.2,3.0,5.1,7.1,10.1,32.0,28.3,52.0,31.7,3.0,5.1,3.1,2.0,40.0,40.8,3.1,2.1,22.0,22.8,24.2,18.0,5.1,9.2,7.1,8.2,4.1,7.1,14.3,15.3,20.2,24.0
1772940309.2836585,12.4,8.0,10.2,19.2,35.4,37.0,4.0,0.0,4.0,5.0,4.0,5.1,26.3,31.0,33.3,20.4,1.0,3.0,34.3,33.7,32.3,38.6,42.4,21.8,4.0,5.1,7.1,10.0,29.0,31.3,41.0,34.7,2.0,4.0,3.1,4.9,41.0,41.0,2.0,3.1,21.2,20.2,25.0,25.3,9.0,4.0,10.1,7.9,7.1,6.0,17.8,19.0,20.2,19.0
1772940310.2839744,17.6,10.2,17.2,20.4,39.4,37.0,4.0,4.0,12.2,13.3,5.1,6.1,31.7,37.4,31.6,27.8,17.2,18.4,35.0,33.0,39.2,38.2,36.0,30.6,3.0,6.1,7.1,6.1,29.3,32.0,47.1,15.2,4.0,5.1,4.0,3.1,41.0,41.6,2.0,3.0,27.3,31.3,28.7,19.0,8.2,6.1,8.2,9.1,9.0,8.1,20.2,19.2,28.3,17.2
1772940311.285873,15.8,10.1,20.6,12.1,49.5,26.0,3.0,4.1,9.2,6.1,4.0,5.0,32.0,37.0,22.4,16.5,6.1,9.0,38.0,36.0,37.0,42.6,23.0,57.8,7.0,5.0,7.0,8.1,27.3,34.3,45.0,37.0,4.0,5.0,5.1,4.1,37.3,43.4,3.0,4.1,31.7,32.0,23.2,23.8,8.0,2.0,12.0,8.2,7.1,6.2,22.4,21.2,23.2,19.4
1772940312.2881267,14.1,8.0,16.2,19.2,35.4,34.0,4.0,3.0,5.1,10.1,3.1,6.1,31.0,37.0,30.0,15.2,11.1,14.1,32.0,36.0,38.2,35.0,24.8,57.0,3.1,5.1,8.0,6.1,22.0,25.0,42.2,39.6,4.0,4.0,5.1,3.0,42.2,38.2,3.0,5.9,34.0,35.4,21.0,16.2,2.0,4.0,8.1,9.0,7.0,5.1,22.0,18.2,20.0,17.0
1772940313.2892466,14.1,12.1,31.0,17.5,34.0,44.4,6.1,2.1,5.0,4.1,7.1,4.1,36.0,36.0,36.7,23.7,10.2,8.2,38.0,38.6,42.6,40.2,27.6,52.9,6.9,3.1,8.2,7.1,30.0,39.0,45.0,33.7,6.1,4.1,5.0,2.0,39.4,44.0,2.0,9.3,31.3,31.0,32.3,31.3,4.0,3.0,11.1,9.0,7.3,9.1,17.8,18.0,25.5,21.4
1772940314.2928274,13.9,11.1,20.4,12.9,30.3,45.5,4.0,2.0,19.0,16.2,6.1,5.0,28.0,34.7,31.6,27.3,9.2,10.1,36.0,32.3,37.0,39.0,21.0,59.4,5.1,3.1,9.1,8.1,24.0,31.0,38.6,40.0,5.1,3.0,2.1,3.1,42.2,38.6,6.1,7.1,31.0,31.0,19.0,23.0,2.1,4.0,10.0,10.1,5.1,7.1,27.0,24.0,26.3,17.0
1772940315.2930326,11.5,9.1,18.6,16.3,35.7,38.4,4.1,2.0,3.1,10.2,6.0,4.1,32.0,40.4,19.4,17.2,2.1,14.1,32.3,37.0,40.6,35.6,27.0,35.6,3.0,5.9,6.1,8.0,31.3,26.7,43.6,28.0,9.0,2.0,3.1,5.0,42.4,39.0,10.1,4.1,32.0,32.7,22.8,21.2,4.0,2.0,6.3,9.0,8.2,8.0,11.1,10.2,15.2,26.3
1772940316.2969398,16.3,18.6,18.8,18.2,34.7,41.2,4.0,5.0,5.0,6.1,3.1,4.0,30.0,29.7,16.3,21.4,9.1,11.1,40.2,32.0,37.6,37.3,21.0,14.1,5.9,8.1,11.9,6.0,31.0,32.3,38.6,13.0,5.1,4.0,5.0,5.1,38.6,42.2,21.2,13.3,29.7,34.0,19.0,26.0,3.0,2.0,14.0,10.9,7.1,6.1,23.2,24.8,25.0,22.0
1772940317.297027,14.1,8.2,17.5,19.0,31.6,40.0,4.1,5.0,18.4,14.4,6.1,6.0,35.7,37.0,30.9,24.7,20.2,7.1,36.1,33.7,43.0,40.0,34.3,27.0,4.1,3.1,10.2,10.1,33.7,29.0,21.0,42.0,7.1,4.0,1.0,2.1,40.6,41.4,3.1,5.2,37.0,34.3,28.0,21.4,3.1,3.1,10.1,9.3,9.1,6.1,16.2,16.3,21.2,21.4
1772940318.29725,13.3,9.1,21.4,14.3,30.6,43.0,3.1,3.1,3.1,7.1,7.0,5.1,43.1,28.0,29.3,29.3,8.1,7.1,36.0,37.0,40.6,37.6,32.7,48.5,5.0,5.1,8.1,9.0,28.6,29.3,53.5,22.5,8.0,5.1,2.0,3.1,41.0,40.6,2.0,3.0,30.7,30.7,26.0,25.7,4.0,3.0,11.1,8.1,9.1,9.1,26.7,25.7,23.0,23.0
1772940319.2973273,14.1,9.1,19.2,14.4,35.7,43.0,5.1,2.0,11.0,10.0,4.2,5.1,26.3,33.3,17.5,22.7,18.4,12.2,33.3,34.7,36.6,41.0,39.6,41.0,2.1,5.1,7.1,7.2,41.0,22.2,32.3,30.0,4.0,4.0,3.1,5.0,40.6,40.4,2.1,5.1,31.3,31.3,24.5,20.2,2.1,4.0,8.2,9.2,8.2,6.2,13.3,11.3,19.0,24.7
1772940320.301997,10.3,10.0,13.3,15.2,31.3,42.6,3.0,1.0,2.1,2.0,5.0,3.0,25.7,31.7,18.4,17.2,5.1,3.0,32.0,28.7,37.0,34.7,21.0,40.6,4.0,5.0,10.0,4.0,26.0,25.0,39.6,40.2,2.0,5.1,4.0,1.0,41.0,39.6,4.0,2.0,30.7,30.7,15.0,21.8,3.0,3.0,7.0,9.0,6.1,6.9,18.8,19.6,19.4,15.2
1772940321.3022285,13.3,8.2,17.2,24.2,35.7,37.4,4.1,2.1,19.2,15.3,4.1,8.0,35.4,36.4,26.3,27.3,13.3,13.3,33.3,35.6,40.0,38.6,36.4,32.7,3.1,5.1,7.1,9.0,31.0,32.0,44.6,25.3,3.0,4.1,2.0,2.0,40.0,41.0,1.0,3.1,35.0,38.6,24.2,27.3,2.0,4.0,11.1,12.1,8.2,8.1,24.0,27.0,25.5,22.2
1772940322.3053367,11.3,7.0,18.4,18.0,37.1,39.2,5.9,5.0,4.0,7.1,4.0,4.0,28.4,32.3,25.8,31.6,5.1,6.1,33.7,36.4,38.2,39.0,53.9,28.0,3.0,3.1,6.1,6.0,27.3,34.0,32.0,21.2,3.0,4.0,2.0,3.0,39.6,35.6,3.0,3.0,40.0,41.0,18.8,22.8,3.0,2.0,7.2,10.0,6.0,6.1,10.2,13.1,20.8,20.2
1772940323.308319,12.1,10.1,15.3,15.3,40.8,31.0,4.0,3.0,6.0,4.1,4.1,4.0,33.3,27.7,20.2,20.4,13.3,15.3,31.7,28.7,36.6,37.9,51.5,30.0,5.9,5.0,10.2,9.1,19.4,28.0,38.2,42.0,3.1,4.0,3.0,4.0,42.6,39.0,15.3,21.6,38.0,38.4,16.2,20.2,3.0,2.0,10.0,7.1,5.1,5.2,23.0,22.2,23.2,14.1
1772940324.3107111,13.1,7.9,17.2,13.0,38.4,36.0,5.1,2.0,4.1,3.0,6.1,4.0,21.0,36.0,13.3,18.2,6.1,6.1,32.3,32.0,38.6,36.0,42.6,38.6,3.0,7.1,9.0,6.0,22.8,29.7,48.0,32.7,4.0,5.0,3.1,8.2,40.6,44.6,22.4,28.0,30.0,30.3,21.0,18.0,4.0,2.0,10.0,5.1,6.0,9.0,13.0,13.0,19.2,18.2
1772940325.3108907,15.2,23.2,17.3,17.3,41.0,29.3,4.0,4.1,17.5,15.5,6.0,3.1,30.0,35.0,36.4,28.9,17.3,17.2,40.0,32.3,37.0,39.6,39.0,19.2,5.1,5.1,10.1,13.1,30.0,33.0,46.0,37.0,5.1,7.1,2.1,3.0,40.0,37.6,1.0,2.0,31.0,31.0,23.0,24.0,3.1,3.0,7.2,8.1,8.1,6.1,28.3,28.6,21.4,19.4
1772940326.3115418,16.3,24.5,20.2,14.0,45.9,27.0,5.1,3.0,12.2,8.0,4.1,5.1,29.0,31.3,26.5,35.1,3.1,3.1,31.6,39.4,36.6,39.0,36.6,22.0,5.1,3.0,6.1,7.1,32.3,28.0,29.7,32.3,5.0,4.0,3.0,4.0,44.0,42.6,7.0,5.1,22.4,22.0,22.8,19.4,3.1,2.0,9.1,8.2,6.1,8.1,13.0,13.3,21.2,19.0
1772940327.3127732,12.2,9.1,16.3,12.4,31.3,39.0,3.0,3.0,3.0,3.1,5.1,4.0,28.7,31.7,13.3,15.3,18.2,6.1,34.7,35.0,34.7,33.7,22.0,38.6,2.0,5.0,8.2,5.1,28.0,21.2,18.8,47.1,3.1,3.1,2.0,4.0,40.0,42.0,8.1,5.0,25.7,25.3,19.2,24.0,3.0,3.0,9.1,10.1,6.1,6.1,18.2,19.8,18.8,25.0
1772940328.3130488,11.5,8.1,16.2,19.8,36.1,38.6,3.1,2.0,9.2,6.1,4.1,7.0,35.0,31.0,24.5,7.2,12.1,9.0,39.0,33.7,34.7,39.0,26.3,41.6,6.9,4.1,8.0,8.1,26.0,29.3,7.1,31.0,3.0,6.1,4.1,2.0,42.6,40.6,11.1,2.0,33.3,31.0,24.0,29.0,3.1,1.0,8.0,12.0,7.1,7.1,25.0,22.2,22.0,23.5
1772940329.3139417,14.0,11.0,22.2,19.2,47.5,32.0,5.1,4.1,17.3,10.2,5.1,4.1,30.0,33.7,36.7,34.0,12.2,9.2,36.0,36.6,40.2,39.2,36.6,45.5,7.0,5.0,8.2,8.0,29.3,36.0,30.7,30.0,4.1,4.1,8.0,4.0,43.6,37.6,6.1,2.0,30.0,32.0,22.2,24.2,6.0,4.0,12.2,9.0,7.1,10.1,9.1,12.2,22.4,21.0
1772940330.3140838,11.3,9.2,12.2,19.0,33.3,38.4,3.0,9.2,5.1,10.1,4.0,5.1,31.0,36.4,27.6,30.3,7.1,15.3,37.0,31.3,34.7,40.2,39.0,41.0,5.2,1.0,9.2,7.1,33.3,24.2,29.3,32.7,4.1,5.0,4.0,5.2,39.6,41.0,3.1,2.1,35.0,38.4,28.0,15.2,4.1,2.0,7.1,10.1,5.2,7.2,30.0,30.3,25.0,19.4
1772940331.3160303,15.0,9.0,15.2,14.3,31.3,46.0,6.1,7.1,4.0,4.0,5.1,6.1,28.0,36.9,17.3,16.3,4.0,3.1,37.0,29.3,38.2,42.0,30.7,35.9,5.1,2.0,9.1,7.1,24.0,31.7,35.3,26.7,5.0,1.0,1.0,2.0,40.6,41.6,3.1,2.0,41.0,39.6,20.2,19.0,4.0,1.0,7.0,9.1,7.8,8.0,10.0,8.0,18.2,18.0
1772940332.3181415,11.6,6.0,13.4,18.2,43.9,25.0,5.1,2.0,14.4,14.4,4.0,9.2,26.5,30.9,13.3,19.4,22.2,11.1,33.3,32.7,37.0,38.6,13.3,34.3,5.1,6.1,10.1,7.1,21.2,30.3,38.4,28.0,7.0,5.1,2.0,7.1,35.4,43.0,3.0,3.1,39.0,38.8,22.0,19.0,5.0,1.0,11.1,10.0,8.1,7.1,30.0,27.3,21.0,19.4
1772940333.3207483,15.0,7.2,27.7,20.2,35.1,48.0,6.1,1.0,9.0,13.3,4.1,5.1,30.3,39.0,37.4,31.3,6.1,2.1,39.4,39.4,40.0,40.0,27.7,21.0,4.0,4.1,7.1,12.0,37.0,32.0,23.2,39.0,4.0,10.1,3.0,10.1,42.2,40.6,5.1,3.1,32.0,31.7,30.0,25.7,6.1,4.0,12.0,9.3,7.2,9.1,16.2,13.3,20.2,32.0
1772940334.321902,14.1,9.0,19.4,22.2,35.4,42.6,3.1,3.0,4.0,3.0,6.1,4.1,28.0,41.0,25.8,23.7,14.0,17.0,38.4,37.6,38.6,37.0,20.4,43.6,4.0,5.1,8.0,8.2,30.4,33.3,40.6,39.0,11.1,4.1,7.0,4.1,40.0,40.6,7.9,3.0,31.0,31.3,23.2,27.3,4.1,4.1,10.1,11.0,9.1,8.1,18.4,20.8,23.2,21.4
1772940335.3247528,11.5,7.1,13.3,16.2,35.4,35.6,3.0,2.0,4.1,5.0,5.1,4.0,24.2,36.4,20.2,15.3,4.0,8.0,36.0,28.7,36.3,38.0,23.8,41.6,4.0,5.0,7.1,5.1,27.3,25.7,39.6,40.6,9.1,4.0,4.0,6.1,37.0,41.6,18.2,6.2,30.0,32.0,19.6,21.2,3.0,2.0,8.1,8.1,6.1,7.1,23.8,21.2,16.3,19.2
1772940336.324829,14.3,8.1,22.2,18.2,40.2,30.3,5.0,4.0,16.5,13.5,5.0,5.2,31.3,40.6,17.3,18.2,17.2,9.2,38.6,35.7,39.2,39.2,23.2,56.4,5.0,6.1,6.1,12.0,27.3,33.3,34.0,11.2,4.1,4.1,2.0,5.1,39.0,42.0,5.2,9.2,32.3,31.3,22.2,27.0,7.0,3.1,12.1,9.3,7.1,6.1,12.2,12.1,22.8,26.5
1772940337.3249118,14.1,9.0,18.4,17.5,45.0,32.0,4.0,3.1,13.0,8.1,4.1,5.1,30.0,33.0,23.5,28.6,4.0,8.2,37.0,32.0,40.0,40.0,21.0,61.4,4.0,5.0,8.1,6.1,35.0,22.0,30.0,24.0,2.0,5.0,3.0,8.2,39.6,41.0,4.1,6.1,38.0,39.0,18.2,25.0,3.0,4.0,8.1,11.1,8.0,6.2,26.0,24.2,22.2,23.7
1772940338.3249857,14.0,10.0,17.0,21.2,30.3,47.0,3.1,3.0,4.1,3.0,7.1,5.1,34.0,35.0,27.3,24.5,8.2,16.3,39.0,33.0,36.6,39.6,21.0,60.8,4.1,5.1,11.0,5.1,30.3,28.0,24.0,37.6,3.1,5.1,3.0,10.9,39.0,41.2,6.0,3.0,30.3,30.3,26.0,22.0,1.0,4.0,8.0,9.2,6.1,7.1,14.0,17.0,20.4,21.8
1772940339.3253043,15.3,6.1,23.7,18.0,37.8,35.4,4.1,2.1,4.2,4.1,6.1,3.1,38.0,33.3,23.2,28.6,10.2,4.0,38.8,37.8,40.0,39.0,26.7,51.5,5.1,5.0,5.2,8.1,29.3,30.3,31.0,41.6,5.0,6.1,3.0,6.1,41.0,41.6,4.1,5.2,31.7,32.0,26.0,24.5,3.1,3.1,9.2,11.1,9.0,9.2,24.2,26.0,19.2,25.3
1772940340.327737,12.2,8.1,18.2,19.4,48.0,30.3,3.0,5.0,21.0,10.3,3.1,7.0,34.7,24.2,19.4,20.4,16.2,8.2,33.7,40.6,38.2,36.6,17.2,57.4,7.1,7.1,9.0,10.0,26.7,28.0,44.1,39.6,4.0,3.0,2.1,3.0,36.0,45.0,3.1,3.0,31.0,32.4,23.0,20.8,4.0,3.1,9.0,10.0,6.1,6.1,13.1,15.3,22.0,25.0
1772940341.3278196,13.1,12.0,21.2,19.0,33.7,37.0,5.1,3.1,7.2,11.1,3.1,7.0,38.8,31.0,22.4,21.4,10.0,2.0,33.3,33.3,39.6,38.6,27.0,28.7,4.0,4.0,8.2,5.0,30.3,26.5,39.0,43.6,5.1,5.0,2.0,2.1,40.0,41.0,3.1,4.1,22.0,22.0,25.0,24.2,3.1,4.0,9.1,11.0,6.9,7.1,13.1,18.2,18.2,21.2
1772940342.3281567,14.1,9.1,21.4,21.2,38.4,38.6,4.1,3.1,7.1,1.0,6.0,3.1,38.6,29.3,24.2,26.5,9.2,14.3,33.3,37.0,38.6,40.4,39.0,22.0,4.1,5.0,10.1,6.1,33.0,30.7,41.0,39.6,5.1,2.0,3.0,5.1,39.2,41.0,7.1,4.1,30.0,30.0,28.0,25.0,2.1,7.1,10.1,14.0,7.1,8.2,23.8,22.0,25.3,25.3
1772940343.328304,9.3,10.2,16.3,19.0,40.8,27.3,4.0,3.1,3.1,7.1,6.1,3.0,37.0,31.0,23.5,24.7,2.1,10.1,36.0,31.0,37.0,34.0,35.4,24.0,4.0,2.0,6.2,5.1,24.2,31.3,28.4,51.5,5.1,3.0,0.0,3.1,41.4,40.6,23.7,22.7,30.3,29.6,28.0,19.2,4.0,3.0,7.1,11.2,6.1,7.1,13.3,14.0,20.4,21.0
1772940344.328386,12.4,9.1,21.0,16.3,30.6,47.0,2.1,3.1,19.2,12.2,5.1,6.0,31.6,25.3,27.0,16.5,16.0,6.1,35.0,33.3,38.6,35.3,24.0,38.0,6.1,4.1,9.0,8.1,29.0,28.0,28.3,33.3,3.1,5.1,6.1,4.0,38.6,43.4,15.3,19.4,21.2,22.0,26.8,21.2,5.1,2.0,12.1,7.1,7.1,7.1,23.2,20.4,19.0,19.2
1772940345.3284867,12.2,11.0,18.0,18.2,39.0,35.0,5.1,6.1,13.1,6.3,5.1,4.1,29.3,34.0,24.5,18.2,10.2,6.2,33.3,36.0,38.2,39.0,29.0,33.0,2.0,6.9,9.1,5.1,29.3,28.6,34.0,28.7,3.1,4.1,3.0,2.0,38.6,39.6,3.1,1.0,24.0,26.3,22.8,24.0,3.0,2.0,9.0,9.1,9.9,6.1,16.0,16.3,16.3,24.2
1772940346.3310363,13.1,9.1,25.5,20.4,32.0,46.5,4.1,1.0,6.0,5.1,12.0,5.1,38.6,36.3,30.6,24.7,14.1,13.0,39.0,35.3,40.0,41.7,16.2,31.7,4.0,10.1,10.0,9.0,33.3,39.0,52.5,29.0,5.0,6.9,2.0,3.0,36.0,46.5,6.0,2.0,32.3,30.0,29.0,28.7,5.1,3.0,11.1,13.9,8.2,7.1,22.8,20.2,22.0,31.3
1772940347.3311152,12.4,12.1,21.4,24.0,34.0,44.0,6.1,4.0,3.1,7.2,5.2,5.1,29.0,37.4,19.8,26.5,6.3,11.2,31.6,34.3,35.6,42.4,19.0,59.4,5.1,3.1,9.2,9.1,36.7,33.0,41.6,26.0,4.1,3.1,2.0,3.1,39.6,39.6,4.0,3.1,30.3,31.3,24.5,32.0,4.1,1.0,11.1,11.1,6.1,9.1,13.1,16.2,23.5,23.0
1772940348.3311954,14.3,6.2,17.2,22.4,40.8,33.0,4.1,3.0,15.2,11.1,6.1,3.1,34.3,33.7,23.5,19.6,4.0,8.2,34.0,38.4,37.4,37.3,15.0,53.5,8.9,2.0,9.0,6.1,31.0,25.3,13.1,21.8,5.0,2.1,6.1,2.0,38.4,42.4,7.1,3.1,40.6,40.0,22.8,23.2,4.1,2.0,9.1,8.2,7.0,9.1,14.4,15.0,17.0,24.2
1772940349.3312864,14.3,8.0,17.2,18.8,30.0,46.5,3.1,2.0,14.1,4.1,4.1,4.1,26.5,40.2,20.6,16.5,11.2,12.2,41.0,33.0,37.3,37.6,8.1,54.4,4.1,2.0,6.1,6.1,24.2,34.0,24.0,18.0,3.1,5.0,4.1,4.1,40.2,42.0,2.0,3.1,40.4,40.0,20.0,20.2,5.0,2.0,5.2,10.1,5.1,7.1,22.8,23.2,20.0,21.2
1772940350.3313687,17.0,11.0,19.4,21.4,29.6,41.0,5.9,3.1,5.1,3.0,4.1,6.0,32.0,29.3,30.0,25.3,8.1,4.1,33.7,35.6,40.4,43.0,44.6,35.6,6.1,4.0,9.1,8.9,32.3,28.3,43.6,37.0,4.0,4.1,2.0,5.1,38.4,40.0,5.1,4.1,40.0,41.0,27.6,24.2,6.1,4.0,13.0,11.1,9.1,7.0,13.4,14.3,22.4,20.0
1772940351.3314521,10.2,10.2,21.2,18.0,34.7,40.4,4.1,2.0,8.2,3.1,5.1,5.1,26.5,35.4,29.6,25.5,13.1,15.2,39.6,33.3,38.8,39.0,28.3,27.0,5.0,3.0,8.0,9.1,31.0,28.0,40.0,37.6,5.1,4.1,3.0,3.1,41.6,40.6,1.0,7.1,40.4,41.0,26.0,25.0,1.0,2.1,10.1,7.1,7.9,6.2,22.2,22.4,24.2,18.4
1772940352.331534,14.1,10.2,17.2,20.2,42.4,30.0,2.1,6.1,8.2,17.2,6.1,3.0,27.0,39.0,23.7,19.4,2.1,11.0,38.1,36.4,37.4,39.6,31.0,24.0,5.1,3.0,5.1,9.0,34.0,29.0,39.6,41.2,6.0,3.1,4.0,2.0,37.6,45.0,4.1,5.1,40.6,40.0,20.0,26.5,4.0,4.0,8.2,9.1,7.1,7.1,16.0,16.2,24.2,20.0
1772940353.3316255,15.2,10.1,21.4,16.5,43.4,34.0,5.9,3.1,9.1,7.1,6.1,4.1,32.0,34.3,23.2,18.6,9.3,14.3,39.6,35.0,41.2,39.0,27.3,32.3,6.0,3.1,8.0,9.0,29.0,30.3,46.0,36.0,1.0,5.1,2.0,3.1,41.0,39.4,5.1,4.1,31.3,33.0,21.4,24.0,2.0,4.0,8.1,9.1,10.1,8.1,15.2,18.2,22.0,20.4
1772940354.3329482,11.3,12.1,24.5,25.3,30.6,49.0,4.2,3.1,6.9,6.1,7.1,8.1,31.3,44.0,25.3,35.1,8.1,11.1,33.3,39.0,40.0,40.6,34.0,28.3,2.0,8.0,7.2,8.1,31.3,40.0,44.6,34.7,5.1,6.0,7.1,6.1,43.0,39.2,9.3,4.0,32.0,30.3,30.0,30.0,4.0,5.1,12.1,11.2,7.2,9.2,24.0,26.5,23.5,25.5
1772940355.3337753,14.0,10.1,17.0,23.5,39.4,36.0,5.0,4.0,10.4,12.2,8.2,7.1,27.3,40.0,30.3,27.6,16.0,9.3,34.7,40.6,39.2,40.6,31.0,20.8,5.1,4.1,12.0,9.1,28.3,33.3,45.1,27.3,6.0,5.1,3.0,3.1,39.0,43.6,17.2,7.3,31.0,31.0,24.0,24.0,3.0,4.1,13.9,12.0,8.9,10.0,15.3,17.5,22.2,24.0
1772940356.3338618,15.5,10.1,19.0,23.2,43.9,33.0,6.1,2.1,16.2,5.2,5.0,5.1,36.0,33.3,22.4,17.3,8.2,13.3,41.4,36.4,41.0,41.0,22.0,42.4,3.1,6.1,7.1,8.1,29.3,33.7,34.0,18.8,4.1,4.1,3.1,4.0,41.0,40.0,3.1,5.1,33.0,31.3,28.6,26.3,4.0,3.1,8.2,10.2,7.2,7.2,21.0,21.0,24.2,24.5
1772940357.3383403,14.6,13.1,18.2,19.4,37.0,40.6,4.0,4.0,5.1,5.9,5.1,6.9,33.3,34.3,18.4,21.0,15.3,5.1,41.0,33.3,36.3,38.2,28.7,54.4,5.9,3.0,9.0,9.0,29.7,33.3,31.0,18.0,5.1,4.9,3.0,5.0,40.0,42.6,3.0,3.0,35.4,36.6,28.2,19.0,3.1,3.0,12.0,7.1,7.9,8.0,19.8,21.0,21.2,23.0
1772940358.338994,12.2,7.0,18.2,14.1,39.8,33.0,4.1,1.0,5.1,4.1,4.1,3.1,32.0,28.3,26.5,27.6,6.2,11.1,39.0,32.3,36.6,37.6,30.0,50.0,4.0,5.9,5.1,6.1,26.3,29.3,17.0,26.0,4.1,5.2,2.0,1.0,42.0,37.4,5.1,2.0,38.6,38.0,23.5,20.2,5.0,3.0,9.0,6.1,7.0,7.1,15.3,15.3,23.2,17.0
1772940359.3390722,11.5,8.2,17.2,16.3,46.5,25.3,5.9,3.0,7.4,12.5,5.1,5.1,29.3,27.3,22.7,29.6,5.1,15.2,35.4,27.0,37.0,37.0,35.0,46.5,3.0,4.1,10.1,7.1,26.5,25.3,39.0,24.0,3.0,4.0,4.0,7.1,38.2,40.6,3.1,3.1,25.0,22.0,21.4,17.2,2.1,1.0,10.3,7.1,6.1,8.0,21.8,18.2,23.2,16.3
1772940360.3391554,14.9,8.1,14.4,19.2,36.4,32.7,5.1,4.0,11.2,11.2,7.0,4.0,33.0,31.3,22.2,21.2,3.0,8.2,34.3,36.0,40.0,37.6,27.0,32.0,4.1,4.0,7.0,7.1,30.7,25.3,42.6,19.0,5.1,3.1,4.1,4.0,41.4,40.6,3.1,4.0,22.4,20.8,25.0,27.3,8.1,1.0,8.1,11.0,9.0,7.1,15.3,20.0,23.0,16.2
1772940361.339245,14.3,10.1,23.2,22.2,36.1,38.4,6.1,2.0,4.0,6.0,4.1,5.1,38.0,28.3,18.6,14.4,14.3,10.1,40.2,31.6,37.3,38.0,12.1,29.3,6.0,5.1,8.2,7.1,33.0,34.0,44.6,38.6,4.1,5.0,2.0,2.1,39.6,41.6,4.0,4.0,19.0,18.2,24.8,26.7,7.0,2.0,12.1,10.1,6.1,10.0,19.8,19.2,29.7,19.0
1772940362.3393338,13.1,10.0,22.8,20.4,42.4,37.6,5.1,2.1,5.1,2.1,4.0,6.1,31.3,38.6,32.0,16.0,2.0,8.2,34.7,33.7,43.6,42.6,36.0,42.6,3.0,6.0,8.1,6.1,38.4,30.6,19.0,42.0,5.1,3.0,4.1,3.0,39.0,43.0,5.1,3.1,12.0,13.1,29.3,22.0,1.0,3.1,10.1,8.1,6.1,9.2,18.2,18.0,22.4,21.2
1772940363.3414278,15.0,11.9,20.4,15.2,42.0,35.0,5.1,3.0,9.2,16.2,4.1,7.0,32.0,27.7,28.6,26.5,17.0,12.1,31.0,38.0,36.6,36.6,37.0,31.7,5.0,4.0,9.9,10.0,32.7,28.7,36.6,32.7,7.0,5.1,4.1,3.0,41.6,41.0,10.1,24.0,23.0,21.2,21.2,23.2,7.0,4.0,9.0,12.0,9.0,11.1,22.0,23.0,22.8,19.6
1772940364.3475115,13.3,10.1,23.0,27.0,35.4,38.6,3.0,2.1,7.1,3.0,6.0,5.0,40.6,38.0,23.2,25.3,3.1,7.0,35.0,38.4,39.6,45.1,49.0,13.1,5.0,5.9,6.1,7.0,37.0,30.3,32.4,32.7,5.1,4.0,4.0,4.0,42.2,40.6,18.0,20.2,31.7,27.7,30.0,29.0,2.0,8.1,11.1,11.0,8.0,10.1,7.9,11.1,25.3,22.8
1772940365.3522685,13.3,11.1,20.2,21.6,29.9,48.0,5.1,5.0,8.2,12.5,6.1,4.1,33.3,39.4,16.3,14.1,3.2,9.3,36.3,39.2,37.6,38.2,43.6,38.2,3.1,4.1,7.9,6.3,34.0,32.0,32.0,30.7,8.0,4.1,6.1,2.0,39.0,39.2,9.2,9.1,30.0,31.0,28.7,26.0,3.0,14.1,11.0,13.0,8.0,8.2,21.2,18.4,24.0,27.6
1772940366.3533225,14.1,8.1,18.0,15.2,30.0,39.4,5.1,2.0,3.0,4.0,5.0,5.1,24.2,32.7,24.5,21.2,13.0,14.3,30.3,39.0,39.2,41.0,40.0,23.2,5.1,5.1,8.1,7.9,23.2,29.3,28.0,44.0,4.0,5.0,2.1,3.0,43.6,41.0,5.1,0.0,35.4,39.6,24.0,21.0,4.0,6.1,6.1,11.1,5.2,8.0,19.8,20.0,21.0,18.0
1772940367.3566134,13.9,10.1,19.2,16.3,33.3,41.6,3.0,4.0,17.3,8.1,4.1,4.1,36.3,25.0,27.6,29.3,3.1,12.0,34.0,31.7,36.6,40.6,33.7,39.6,7.0,4.0,8.1,9.0,28.7,29.0,11.0,51.0,6.1,3.1,3.0,3.0,39.4,41.2,3.0,4.0,40.6,40.6,27.0,20.0,6.0,3.0,8.1,9.1,6.1,6.1,19.0,18.0,22.2,19.0
1772940368.3616357,10.2,9.0,15.3,18.0,27.8,43.0,5.0,2.1,13.0,12.4,7.0,4.0,29.3,28.0,21.2,28.6,11.1,13.4,30.0,42.4,35.6,35.6,23.8,55.4,5.1,4.0,6.0,6.1,23.0,36.0,36.3,44.1,4.0,4.0,3.0,3.1,40.6,42.0,4.0,2.0,41.0,40.0,22.0,23.8,6.1,5.0,11.9,8.9,8.9,6.1,22.2,22.2,23.8,18.2
1772940369.3626435,13.3,8.0,19.4,15.2,39.0,37.4,5.0,3.1,3.1,4.0,3.1,6.1,36.0,28.0,17.3,17.3,8.2,7.1,34.7,36.0,37.6,37.6,29.0,50.0,4.0,4.1,8.0,8.0,25.3,30.3,27.0,35.0,6.1,3.0,6.0,4.1,40.6,39.0,4.1,3.0,41.0,40.0,22.0,22.2,11.1,2.0,7.1,10.3,4.1,8.1,12.2,15.0,25.3,20.0
1772940370.3638701,11.1,7.1,14.9,20.0,33.7,40.6,3.0,3.0,4.0,7.1,4.0,5.1,23.0,35.6,26.3,17.2,11.0,12.0,32.7,35.0,36.0,33.0,43.6,37.6,4.0,4.0,10.1,6.0,29.0,31.0,35.6,33.7,5.9,3.0,4.0,4.0,38.0,41.6,3.1,1.0,40.0,41.0,22.5,21.8,11.1,3.0,8.1,8.0,9.8,7.0,24.8,22.0,18.0,22.0
1772940371.3707063,13.9,8.1,21.2,20.2,40.2,35.6,3.1,3.0,7.2,13.3,6.0,3.1,37.6,30.7,29.3,30.6,4.0,14.0,38.0,36.3,41.7,43.1,57.4,22.5,5.0,4.1,7.0,10.1,27.3,34.7,50.5,30.0,4.0,2.0,2.1,2.0,38.6,42.6,4.0,3.0,40.6,41.6,24.2,25.7,9.0,7.0,9.0,11.1,7.1,7.1,16.2,16.0,22.0,20.4
1772940372.3707886,14.3,8.2,17.5,13.4,52.5,25.0,5.0,4.1,13.0,9.5,5.1,4.0,29.6,33.7,31.6,23.5,15.2,9.2,30.3,39.6,40.0,32.7,26.3,23.5,4.0,5.9,8.0,10.1,33.0,27.3,43.6,38.0,4.1,4.0,5.1,1.0,40.6,41.0,4.1,7.2,41.0,38.4,20.2,23.0,6.1,8.2,11.2,7.1,6.2,8.1,18.4,21.4,28.0,18.8
1772940373.3708699,11.2,8.0,17.2,14.0,35.7,36.0,3.1,2.0,2.1,2.0,3.1,4.0,32.7,31.0,21.4,15.6,1.0,9.2,28.0,30.9,39.0,36.4,39.4,28.0,3.1,3.1,4.1,6.1,22.2,27.3,48.5,32.0,3.1,3.0,2.1,3.0,35.4,40.6,7.0,4.0,35.0,35.0,20.0,15.2,3.0,3.0,5.1,10.0,6.1,5.2,17.0,17.3,14.3,18.4
1772940374.3745306,9.5,7.1,19.0,14.1,45.5,29.0,5.1,1.0,4.0,3.0,3.0,3.1,32.3,22.8,12.1,15.0,3.0,15.0,32.0,35.0,37.6,33.3,38.2,15.0,3.0,4.0,7.1,5.1,22.0,27.7,39.6,19.8,5.0,5.0,6.0,3.1,40.6,43.4,5.1,2.0,29.3,32.0,24.2,18.2,4.1,4.0,10.1,8.1,6.0,7.9,16.2,19.2,25.7,13.1
1772940375.37567,15.2,9.1,15.5,20.4,44.9,33.0,7.0,5.0,14.3,18.6,5.1,7.0,34.3,32.7,27.3,27.8,8.2,9.1,37.4,37.0,37.3,43.0,44.6,10.0,6.0,4.1,10.1,5.1,31.0,29.0,7.2,10.1,4.0,2.0,4.0,3.1,41.6,40.6,12.2,4.0,31.7,31.0,26.0,26.0,2.0,6.2,16.0,8.2,8.1,8.1,16.0,17.8,25.3,22.2
1772940376.3798108,14.0,8.0,17.0,15.2,43.4,23.2,1.0,2.1,7.1,12.0,6.1,4.1,32.3,31.7,32.3,26.8,9.1,14.3,33.3,35.0,37.3,39.2,48.0,4.0,3.1,4.0,7.0,10.9,32.0,20.2,37.3,14.0,3.0,4.0,1.0,3.0,39.0,38.6,13.3,6.2,31.3,30.3,19.8,18.0,4.1,4.0,5.1,9.0,7.1,8.1,24.2,24.0,13.3,20.2
1772940377.381693,11.2,10.0,18.2,17.2,41.0,33.0,5.0,3.1,5.1,5.1,6.0,7.0,33.0,22.0,22.7,20.4,10.0,4.0,39.2,31.3,35.6,40.6,27.3,42.4,4.0,6.0,10.0,4.1,27.3,31.3,35.0,26.0,3.1,6.0,2.1,1.0,42.6,40.6,3.0,3.0,33.0,31.0,15.3,25.3,1.0,3.0,8.1,9.0,7.1,6.1,15.2,16.0,21.0,24.2
1772940378.3819473,14.3,8.1,18.0,16.2,33.7,34.7,3.1,8.1,14.3,7.1,5.1,6.1,32.7,27.0,17.2,19.4,9.3,15.2,39.0,30.7,39.0,37.6,29.0,52.0,4.0,2.1,6.2,6.9,23.8,33.0,37.6,27.0,3.0,5.1,4.0,3.1,41.4,41.4,3.0,2.1,29.3,31.3,22.0,21.0,3.0,5.1,10.3,10.2,8.1,7.1,17.2,18.4,19.2,19.2
1772940379.3823445,13.0,8.1,13.1,17.5,50.0,23.2,2.0,5.1,8.2,13.3,4.1,4.1,30.3,31.0,29.6,24.5,8.2,9.1,33.3,33.3,38.6,36.6,21.0,43.1,4.0,4.0,4.1,8.1,30.3,24.0,33.7,41.0,4.1,4.0,3.1,1.0,40.6,40.8,3.1,3.1,23.8,24.0,18.0,22.0,2.0,6.1,7.1,12.9,8.0,7.1,22.2,24.2,18.6,21.0
1772940380.3824353,10.2,8.2,17.2,17.0,46.4,27.7,6.0,3.1,4.2,9.2,5.1,4.1,40.0,29.7,32.7,29.3,10.1,14.3,34.0,31.3,36.0,37.0,20.0,42.0,6.1,2.0,7.1,7.1,29.6,28.3,25.7,41.6,3.0,3.1,2.0,4.0,37.0,43.0,2.1,2.0,12.0,13.0,22.4,24.2,3.0,4.1,9.1,8.1,8.1,4.1,12.1,13.1,23.2,18.4
1772940381.3827748,13.1,7.1,14.1,18.2,36.4,35.0,4.0,3.1,3.0,5.0,4.0,4.1,28.7,31.0,16.3,15.3,6.1,15.0,44.0,35.6,35.6,38.2,17.0,39.6,7.0,3.0,5.1,8.9,28.3,22.8,17.0,63.4,5.1,4.0,3.1,1.0,43.1,39.6,3.0,4.0,12.1,12.1,20.2,22.8,2.0,3.0,11.1,6.1,6.1,8.0,26.0,29.3,19.0,21.2
1772940382.3839686,16.3,10.1,18.4,14.4,38.8,39.0,5.0,4.0,6.1,10.2,7.0,3.1,35.4,28.3,26.5,18.2,12.2,10.1,29.0,33.7,38.6,37.0,14.3,29.0,4.0,4.0,7.1,7.2,36.0,20.0,30.0,31.0,3.0,5.1,3.0,3.0,40.0,41.0,4.0,2.1,22.0,17.8,21.0,23.5,2.0,4.0,11.0,7.0,8.1,6.1,12.1,14.1,18.0,27.0
1772940383.3856754,14.1,10.1,21.2,24.8,44.0,32.3,5.1,3.1,12.2,12.1,5.2,4.0,32.3,43.0,34.3,25.8,10.0,3.1,35.0,39.0,39.6,43.0,37.3,18.4,4.1,6.1,8.0,8.1,28.7,37.4,37.6,27.0,4.1,6.0,5.1,3.1,43.0,38.6,17.3,5.1,23.0,20.4,16.2,32.7,4.0,5.0,9.2,11.1,5.1,9.1,20.0,23.8,20.2,23.0
1772940384.388028,14.1,10.0,18.2,20.2,37.8,41.6,3.1,2.0,10.2,5.1,6.0,4.1,27.0,37.3,27.3,27.0,15.3,9.2,43.6,28.0,38.6,37.6,43.6,18.8,5.1,4.1,10.1,7.1,29.3,32.7,36.0,46.5,5.0,9.1,2.0,3.0,41.6,41.0,20.4,25.5,35.3,41.0,20.0,26.0,2.0,2.0,10.3,8.0,8.1,7.1,25.0,22.2,24.0,20.4
1772940385.3883393,12.4,9.1,18.0,13.4,29.6,43.6,6.1,5.1,4.1,6.1,3.1,5.1,36.0,27.0,25.3,19.2,8.2,9.1,33.3,37.4,38.6,36.6,40.6,21.0,4.0,6.0,6.0,9.1,28.0,23.2,42.6,37.3,4.0,4.0,2.0,2.0,41.0,40.6,9.1,12.1,40.0,39.6,23.0,25.0,3.0,4.1,7.9,10.0,4.1,7.1,11.2,14.1,20.2,19.2
1772940386.3887708,15.2,10.3,20.6,18.2,38.8,38.4,7.0,2.0,9.2,19.6,6.1,6.1,34.0,26.5,23.2,19.8,11.1,9.2,34.0,32.3,40.0,35.0,28.0,43.4,5.0,6.1,8.2,8.2,33.0,26.5,32.3,39.6,3.1,5.1,2.0,2.1,40.6,40.4,2.0,2.1,39.8,40.4,22.0,20.2,2.0,3.1,7.2,7.2,7.0,7.2,27.3,28.0,26.5,16.3
1772940387.389095,11.3,10.1,22.0,14.4,46.0,30.7,5.1,3.1,5.2,7.1,5.1,5.1,33.3,32.0,23.5,25.5,11.1,9.1,34.0,39.4,41.2,40.0,20.2,34.0,3.1,3.0,9.2,6.1,36.0,25.3,28.7,23.2,4.1,6.0,3.0,5.1,35.0,38.6,3.0,3.0,41.2,39.6,28.0,25.0,3.1,4.0,11.0,6.1,8.2,7.0,9.1,10.2,21.8,23.2
1772940388.3918798,13.0,11.8,16.0,19.8,40.8,34.0,4.1,6.1,5.1,11.1,3.1,7.1,35.6,33.3,29.9,28.3,13.1,5.1,37.4,35.6,35.0,38.2,35.6,22.8,4.0,6.1,10.9,7.0,32.0,27.3,31.0,31.0,4.0,4.0,3.1,3.0,40.6,40.6,4.0,2.0,40.4,41.4,20.2,24.0,3.0,3.0,13.9,7.0,6.1,7.1,27.0,27.0,17.3,22.0
1772940389.396482,12.5,6.1,19.4,14.1,36.7,36.0,1.0,2.0,6.1,9.2,6.9,6.0,30.3,36.0,22.0,21.4,9.1,9.3,31.7,36.7,33.7,38.6,53.0,28.3,4.0,4.0,8.1,7.0,33.3,25.7,35.6,45.0,6.1,1.0,3.0,8.2,43.6,39.4,2.0,6.1,41.6,40.0,21.0,22.2,5.0,2.0,9.1,12.0,8.1,6.1,13.9,11.1,25.0,17.5
1772940390.3983865,12.2,7.1,21.0,19.2,40.8,34.0,5.1,3.0,13.3,13.3,7.1,4.1,37.6,34.0,23.2,24.0,8.2,12.2,35.4,37.3,38.6,39.0,50.0,16.2,5.1,3.1,9.1,6.1,28.0,33.3,40.0,27.5,3.0,3.1,4.1,10.1,39.6,41.2,4.1,2.0,40.0,41.0,19.0,28.3,2.0,7.1,8.2,9.1,7.1,9.0,25.3,25.3,24.0,21.4
1772940391.4016802,13.1,12.2,14.4,18.4,45.4,25.3,4.0,4.1,10.2,4.2,5.1,4.1,34.3,32.0,28.1,30.9,16.2,4.1,34.0,34.3,40.0,37.3,55.4,13.1,5.9,5.0,9.1,7.2,31.3,26.3,49.0,26.0,4.0,5.9,5.0,6.1,41.6,40.6,2.0,4.0,40.6,40.6,21.8,24.2,5.1,4.0,10.0,7.1,8.0,8.2,16.2,16.3,20.2,17.2
1772940392.401754,13.3,9.0,16.3,15.2,35.4,37.6,3.1,4.0,2.1,4.0,4.0,5.1,25.0,37.6,23.5,22.2,5.1,9.2,33.7,35.0,34.7,37.0,57.8,25.5,2.0,8.9,9.0,6.1,23.2,28.0,45.5,36.0,3.1,4.1,1.0,4.0,42.6,40.0,3.1,2.1,41.0,40.0,24.2,15.8,2.0,3.0,7.1,8.0,6.2,6.1,16.0,15.0,20.8,20.0
1772940393.4045987,13.1,8.2,18.4,15.0,38.8,32.3,4.0,4.0,12.1,6.1,5.1,3.0,26.5,34.3,10.0,20.0,3.1,14.9,40.6,32.0,40.6,37.3,46.5,33.0,5.1,1.0,6.1,7.0,32.4,25.0,34.0,25.7,4.0,5.0,3.0,3.1,39.0,40.0,2.0,5.0,36.4,39.0,21.0,22.0,1.0,4.0,6.2,8.2,7.1,6.1,25.3,23.0,20.4,18.2
1772940394.4066901,12.4,10.9,20.4,13.1,33.3,38.0,6.0,0.0,13.3,11.1,6.1,5.0,30.7,34.3,20.6,18.4,15.2,2.0,36.0,32.0,37.3,38.6,47.1,25.0,4.1,3.1,6.0,10.1,28.0,26.7,47.5,18.0,2.0,3.0,5.9,3.0,42.0,37.3,4.0,2.0,31.0,30.0,17.2,30.0,2.0,4.0,11.9,11.9,7.1,7.9,10.1,10.1,20.4,22.8
1772940395.4120312,12.4,6.9,15.2,16.2,37.8,43.0,4.0,4.0,14.7,4.1,3.1,5.1,27.0,31.3,29.9,31.6,9.1,15.2,30.3,36.0,39.0,35.3,45.0,16.2,4.0,5.1,7.0,8.1,27.0,27.0,50.0,28.7,4.0,4.1,3.0,3.0,43.1,39.0,13.3,3.0,29.0,30.7,22.0,26.0,2.0,2.0,9.1,7.1,7.1,8.0,30.0,31.0,21.6,20.2
1772940396.415573,16.3,9.1,18.2,14.1,34.3,36.6,4.0,4.0,7.1,5.2,5.1,5.1,31.6,34.3,24.5,27.6,2.1,9.2,38.0,32.0,37.3,35.0,34.7,39.6,4.0,5.0,8.0,9.0,33.0,26.0,35.0,40.0,4.0,3.1,4.0,1.0,44.0,37.6,12.1,7.1,21.2,21.0,22.0,23.0,3.0,4.0,8.1,7.1,6.1,6.1,10.9,10.1,22.4,19.0
1772940397.417635,12.1,9.0,15.3,20.8,46.5,27.7,4.0,6.0,11.2,12.1,6.9,5.0,35.6,20.4,22.0,11.3,11.1,15.2,39.0,35.0,35.0,40.2,31.3,30.3,5.1,4.0,6.2,9.2,28.3,27.6,35.3,26.0,6.1,4.0,2.1,3.0,42.2,40.0,4.1,2.0,26.0,26.3,14.1,25.7,2.0,4.0,6.1,11.9,8.1,7.1,24.2,23.2,18.2,21.2
1772940398.4205823,12.1,9.1,17.0,18.2,36.4,37.0,3.0,2.0,13.1,11.1,5.1,4.0,37.6,32.0,22.4,30.0,8.1,14.0,36.0,34.0,41.2,36.6,33.3,47.1,5.0,3.0,8.0,9.0,28.7,29.4,37.6,38.0,2.0,4.1,2.0,3.0,41.0,39.6,3.0,3.0,21.0,21.2,18.8,25.0,2.0,4.0,7.0,10.2,6.0,7.1,20.2,20.0,22.0,19.2
1772940399.4246407,11.3,9.0,17.2,20.4,34.3,43.0,4.0,3.1,4.1,4.1,4.2,4.1,36.4,28.7,30.6,25.8,11.1,5.2,39.0,35.0,38.6,37.3,52.5,8.9,6.1,2.0,8.1,8.2,27.3,33.3,45.5,29.7,3.1,5.1,4.0,4.1,38.6,42.6,9.0,2.1,22.0,26.0,19.0,28.0,9.0,3.0,14.0,12.0,8.1,6.1,20.2,19.2,23.0,23.2
1772940400.4247336,15.0,7.2,16.3,19.0,38.0,35.0,3.1,4.0,7.0,9.2,4.0,5.1,34.7,34.3,24.5,20.6,12.2,6.1,33.7,33.0,37.6,38.6,40.6,0.0,6.1,3.0,8.1,6.0,33.3,24.5,42.6,9.9,5.0,4.0,2.0,2.0,41.4,38.4,13.1,2.0,25.3,29.0,26.7,21.0,3.0,3.1,10.0,6.1,4.1,8.2,25.0,20.0,22.0,22.0
1772940401.4252694,12.9,9.9,15.8,16.2,40.4,34.0,4.0,4.0,10.2,9.0,5.1,4.0,30.0,32.7,14.0,20.8,13.0,5.0,36.0,30.0,36.6,36.0,41.6,12.0,4.0,3.1,7.1,7.1,27.5,26.7,35.6,17.0,1.0,6.1,2.0,3.1,41.7,41.2,10.2,5.1,21.8,21.6,26.0,22.2,4.0,6.9,6.1,8.0,6.0,7.1,13.7,12.2,20.0,21.2
1772940402.4273121,12.2,8.1,15.2,16.3,30.9,41.6,4.1,3.0,11.3,9.3,3.1,5.1,33.0,34.0,30.6,27.1,18.2,8.2,34.3,36.0,37.0,38.0,52.5,20.8,6.1,4.0,11.0,9.1,31.0,27.7,42.6,43.1,4.1,4.1,7.1,5.9,41.4,41.0,7.1,17.3,29.0,29.3,21.2,19.0,3.0,6.1,9.0,11.9,9.0,6.1,23.8,26.0,20.4,20.0
1772940403.4284053,15.2,9.2,18.2,16.3,37.8,41.0,12.0,1.0,4.0,5.1,5.1,6.1,28.6,37.4,30.6,23.7,13.4,5.1,41.0,34.0,33.0,43.1,47.5,29.3,5.0,5.1,9.2,9.1,29.6,30.3,30.3,49.5,6.0,3.1,5.1,3.1,43.1,39.6,9.3,6.1,32.0,31.0,22.2,23.2,4.0,3.0,9.3,6.1,7.1,9.0,17.5,19.2,21.0,22.7
1772940404.429564,14.3,8.9,18.4,11.2,39.4,29.3,6.2,3.1,8.2,17.5,7.1,6.1,35.0,26.3,21.6,27.6,16.2,12.2,40.4,25.5,39.6,39.0,53.0,27.0,4.1,1.0,6.1,8.2,30.3,21.2,47.5,33.3,8.2,2.0,3.0,1.0,40.8,38.4,19.4,22.2,39.0,39.4,19.2,19.0,3.0,3.0,6.1,12.0,4.1,9.1,25.0,27.0,18.6,16.3
1772940405.4302728,10.4,7.1,15.5,18.8,39.4,33.7,4.0,2.0,5.1,17.0,4.1,4.1,35.0,26.2,28.3,19.2,2.0,9.1,36.4,33.0,33.3,35.6,43.0,38.0,4.0,5.0,7.9,8.0,26.3,25.0,50.5,21.8,5.1,3.0,2.0,2.0,35.6,42.6,11.1,7.1,41.0,40.2,19.6,23.0,2.0,2.0,9.2,8.2,7.0,6.1,8.1,8.2,20.0,22.0
1772940406.432456,13.0,11.0,19.8,14.1,35.7,36.0,4.0,2.0,3.1,2.0,4.0,5.1,25.7,28.6,21.4,25.8,14.1,10.0,36.4,36.4,37.4,39.6,36.6,29.0,3.0,4.0,8.1,6.1,30.0,23.0,45.0,13.3,4.0,2.0,4.1,3.1,40.6,43.0,3.0,2.0,39.6,40.4,19.2,23.5,4.0,4.0,7.1,10.0,7.1,8.9,23.2,25.7,21.0,20.8
1772940407.4356139,14.1,8.2,23.2,16.2,38.1,40.6,6.1,4.0,5.1,4.1,6.1,6.1,24.0,44.0,18.6,20.4,6.1,11.2,40.6,33.7,37.6,38.6,27.6,21.2,4.0,4.0,8.1,9.0,33.3,25.5,38.6,31.7,6.0,4.0,5.1,5.0,43.0,38.6,5.2,3.1,42.6,40.0,26.0,26.3,2.0,4.1,8.0,10.1,4.1,8.2,20.2,20.4,25.3,18.6
1772940408.4367614,13.3,9.0,20.2,17.2,32.7,43.0,2.1,2.0,9.4,22.4,4.1,6.0,40.0,35.0,25.5,27.3,7.1,14.1,38.4,35.0,43.6,34.7,29.0,33.7,2.0,6.0,9.1,10.1,29.0,32.7,37.0,27.3,4.1,3.0,4.0,2.0,42.0,41.6,5.1,3.0,40.4,40.0,24.0,23.2,3.1,2.0,10.1,7.1,10.0,7.1,16.2,14.3,19.6,22.2
1772940409.4369118,12.4,7.1,19.2,12.1,29.3,37.6,5.0,2.0,5.1,11.9,4.1,3.1,26.3,23.2,34.0,29.2,11.2,4.1,35.6,30.3,33.0,30.7,10.1,51.5,4.0,4.0,8.2,7.0,24.0,25.5,37.6,35.0,5.1,1.0,6.0,3.0,40.2,41.0,2.0,2.0,40.6,40.6,22.2,19.8,1.0,2.0,8.0,10.0,6.1,9.1,29.7,28.0,18.8,18.0
1772940410.4376748,11.2,9.0,17.0,15.3,40.8,36.4,4.1,2.0,2.0,3.1,5.1,3.1,33.0,33.0,16.5,18.4,8.2,5.2,32.0,32.7,41.2,36.6,42.6,41.6,3.0,7.1,4.1,9.0,27.6,28.0,43.6,34.0,4.1,5.1,2.0,3.0,41.0,39.0,4.1,1.0,40.4,39.8,17.2,21.2,4.0,3.1,6.1,11.2,7.1,9.0,7.1,7.1,24.5,15.5
1772940411.437767,12.1,10.1,15.3,21.2,35.1,40.6,3.1,7.1,3.1,4.1,4.1,4.1,36.4,37.0,10.2,19.4,4.1,18.0,34.7,38.4,41.0,38.6,22.0,40.6,5.0,5.0,8.0,7.1,31.7,29.0,21.0,40.6,5.0,4.0,4.0,2.0,42.0,39.4,8.1,4.0,41.0,40.0,20.2,26.5,3.1,3.1,11.1,10.9,7.1,7.9,28.7,27.6,20.2,21.2
1772940412.4407575,12.4,9.0,19.0,18.4,28.3,39.0,4.0,3.0,19.6,13.4,8.0,7.1,36.3,33.7,33.3,23.2,7.0,9.2,28.7,39.0,36.6,37.3,29.7,45.0,3.0,6.0,7.0,9.1,27.3,25.3,27.0,33.0,4.0,3.0,4.1,6.0,39.6,44.6,6.1,2.0,40.0,40.6,24.8,22.0,3.0,3.0,8.1,8.1,6.1,7.1,18.0,14.9,19.2,20.4
1772940413.4413855,14.1,11.2,18.4,16.2,35.4,41.0,4.0,1.0,4.0,8.2,6.0,3.1,32.3,26.3,30.6,35.4,12.1,9.3,33.3,29.3,35.6,38.4,45.5,30.7,6.9,7.1,5.2,9.0,32.3,21.0,33.7,38.0,3.1,5.1,2.0,2.1,39.0,43.1,5.1,2.0,32.0,32.0,19.2,20.2,2.0,4.0,7.1,10.2,6.1,7.1,20.2,21.2,20.4,21.0
1772940414.4414723,12.4,9.9,16.5,16.2,43.9,34.7,4.1,3.1,3.1,5.1,5.1,4.1,28.0,32.3,13.4,13.4,4.1,14.3,32.0,37.4,37.0,38.0,47.5,34.0,5.1,3.1,8.1,8.2,31.0,31.0,46.5,35.0,5.1,3.1,3.1,2.0,38.0,40.0,17.2,7.3,20.2,22.2,28.0,19.2,3.1,3.1,7.1,12.1,5.1,8.0,18.8,18.2,23.5,22.0
1772940415.4427955,13.9,8.1,15.3,17.0,39.4,27.0,4.0,3.0,9.1,18.2,3.1,9.1,31.4,31.3,24.2,21.2,9.2,11.0,33.0,29.0,35.6,35.0,46.0,33.3,5.0,4.0,7.0,7.0,28.3,23.0,38.6,40.6,5.0,5.0,3.1,3.0,38.6,41.0,4.1,3.1,20.2,20.8,22.0,19.8,3.9,4.0,9.1,6.1,8.0,3.1,18.0,15.2,16.8,23.0
1772940416.4465375,12.1,9.1,18.6,17.2,36.4,34.0,5.0,3.0,7.3,15.0,5.1,9.0,25.3,31.7,32.3,36.7,13.3,11.2,42.6,29.0,36.6,39.0,41.6,39.2,8.0,5.9,4.1,10.0,28.0,33.7,46.1,29.7,2.0,4.0,4.0,2.0,45.5,41.2,2.0,5.0,12.1,11.1,20.0,22.0,6.0,3.0,11.1,9.0,8.1,8.0,25.3,24.0,20.0,21.2
1772940417.4507744,12.1,9.1,17.2,20.2,44.0,33.0,2.1,3.0,4.0,1.0,8.8,8.2,33.0,34.0,26.5,24.2,8.1,8.2,31.3,40.0,37.6,42.0,40.6,20.0,6.0,2.0,6.9,9.1,28.7,30.0,44.6,18.0,4.0,5.1,3.0,4.0,40.0,41.0,5.1,4.1,16.0,14.1,23.8,23.8,2.0,3.0,8.1,13.9,5.1,8.0,18.0,19.8,24.5,18.2
1772940418.454173,12.2,7.1,17.5,11.2,33.7,40.2,4.0,3.0,4.1,4.0,3.1,4.0,29.0,26.0,9.1,9.2,9.1,12.9,27.7,37.0,37.3,35.3,38.6,36.0,3.0,4.0,5.1,6.1,21.2,24.0,42.2,24.2,4.0,3.0,3.0,3.0,40.0,42.6,2.0,3.0,32.3,30.7,19.0,20.8,5.1,2.0,8.1,9.1,6.0,6.1,15.0,10.3,18.0,20.2
1772940419.4555893,15.2,8.0,22.2,17.0,27.8,47.5,5.2,1.0,15.3,17.3,5.1,6.9,33.3,31.7,27.3,14.3,12.1,8.2,35.0,30.0,37.0,37.0,35.4,44.6,5.1,2.1,6.1,10.1,35.0,29.0,32.0,29.0,5.1,4.0,1.0,2.0,39.0,43.1,2.0,2.1,32.7,29.6,28.7,21.2,8.0,2.0,8.1,7.1,7.1,7.1,20.2,22.4,23.2,26.0
1772940420.4578514,12.1,9.9,21.0,14.0,37.4,35.6,5.1,3.0,5.0,12.0,6.9,5.0,33.3,34.7,34.0,35.4,9.1,9.0,38.0,37.3,38.2,42.7,35.6,46.1,4.0,5.9,8.8,5.9,27.7,30.0,51.5,30.1,4.0,4.0,2.9,4.0,39.2,40.2,4.0,2.0,33.7,32.7,18.0,24.0,9.1,2.0,11.1,8.9,6.1,9.0,18.8,20.8,19.8,21.2
1772940421.458024,14.1,9.3,16.2,20.4,43.9,34.3,6.1,1.0,4.1,2.0,3.1,5.1,36.7,33.3,25.8,26.0,12.4,7.2,34.3,36.1,38.4,38.4,30.3,46.0,6.1,3.1,8.3,10.2,24.5,31.6,44.0,32.0,4.1,2.1,4.1,5.1,38.0,42.9,12.4,11.3,30.3,32.0,28.0,23.0,12.2,4.1,8.2,8.2,6.2,7.1,20.8,23.8,23.5,19.4
1772940422.460792,12.2,9.9,21.2,15.2,41.0,38.0,4.0,5.9,5.1,4.0,4.0,6.1,33.0,33.3,15.2,13.0,14.9,7.0,37.6,34.0,39.2,38.2,20.0,36.3,5.0,4.0,10.9,9.1,25.0,32.7,46.1,18.0,4.0,5.1,3.0,2.0,43.6,41.7,5.1,6.1,32.7,32.0,17.0,24.8,13.0,2.0,11.9,8.1,8.8,9.0,13.0,14.3,18.0,29.0
1772940423.4614725,13.4,10.2,15.5,21.2,24.0,49.5,8.0,4.2,22.4,19.6,3.0,7.1,27.3,30.0,20.2,29.3,14.3,3.1,35.0,33.0,41.0,36.0,25.3,12.2,3.1,5.1,9.2,6.1,31.3,28.3,40.4,33.0,5.1,5.1,2.1,4.0,42.0,38.4,7.2,9.3,30.3,30.3,21.2,22.2,5.1,4.1,8.2,8.2,7.1,8.2,24.8,22.0,19.0,25.5
1772940424.4663095,14.0,10.9,19.6,12.2,28.0,37.6,5.0,4.0,3.0,4.0,5.0,5.0,37.3,28.0,28.6,33.7,9.1,9.1,29.0,34.7,37.3,38.2,39.2,25.0,3.0,6.0,10.9,5.1,27.0,30.7,41.7,40.2,4.0,4.0,3.0,3.0,42.6,38.0,21.8,21.8,39.2,33.7,26.0,20.0,2.0,5.0,7.1,8.0,6.1,5.1,21.0,18.0,18.2,21.0
1772940425.4689445,11.1,10.2,16.5,18.2,27.8,47.0,1.1,3.1,4.1,4.1,6.1,4.1,40.4,29.0,23.5,21.9,13.1,2.1,33.7,34.3,36.9,39.0,47.5,34.7,3.1,5.1,8.2,8.2,27.0,29.3,29.3,36.0,2.0,5.2,2.0,4.1,40.6,41.0,4.0,5.1,40.0,41.0,21.2,23.2,3.1,4.1,9.0,12.0,8.0,9.0,22.4,25.5,19.2,20.4
1772940426.4723902,12.1,5.0,12.4,15.0,24.2,46.0,6.0,2.0,2.1,9.2,3.0,5.1,24.2,32.0,13.3,18.2,9.1,10.0,31.7,36.0,35.4,39.6,21.8,53.9,5.0,3.0,2.0,5.1,31.0,19.0,23.0,39.6,3.0,4.0,3.0,6.9,35.6,44.1,1.0,1.0,39.6,42.6,14.9,19.2,4.0,3.0,7.0,6.1,5.1,7.0,11.1,12.9,21.2,15.0
1772940427.4737854,13.4,5.1,16.0,13.3,27.6,42.6,5.1,7.1,15.3,17.2,4.0,5.1,21.0,26.0,23.7,25.0,9.1,10.1,28.3,34.0,35.9,36.9,22.0,41.0,4.0,6.0,12.1,7.0,29.0,14.3,37.0,45.5,5.0,4.1,4.1,1.0,42.0,37.8,3.0,3.0,39.4,40.0,15.0,19.2,2.0,2.1,8.1,8.1,4.1,5.2,25.3,26.3,17.3,16.3
1772940428.4759293,12.4,6.0,18.2,18.0,27.6,45.0,10.0,6.0,3.1,5.1,5.1,3.1,33.0,33.3,34.3,29.6,8.2,7.2,34.7,36.6,35.4,37.0,35.0,43.1,3.0,5.0,7.0,7.0,31.7,31.4,31.7,33.7,4.0,4.0,3.0,3.0,40.2,41.7,3.0,3.0,40.0,42.2,22.0,22.3,1.0,4.0,8.0,7.1,6.0,7.0,14.0,15.8,22.0,17.3
1772940429.480772,13.3,8.1,18.0,13.3,27.0,45.0,4.0,4.0,4.1,4.0,6.0,4.0,25.3,31.7,23.5,19.6,9.2,9.1,32.3,32.3,37.6,34.3,44.0,37.0,3.0,6.0,7.0,5.1,26.0,29.3,9.1,35.0,4.1,1.0,3.0,1.0,41.2,41.0,2.0,2.0,40.0,41.0,13.0,25.3,4.0,3.0,6.1,9.0,6.1,6.1,14.0,16.3,20.0,17.0
1772940430.4819438,14.3,10.0,19.4,19.0,31.6,41.0,3.1,3.1,15.3,4.2,6.1,3.1,35.0,26.3,23.0,13.1,7.2,16.5,36.4,38.4,36.6,38.4,42.2,24.2,6.1,3.1,7.1,8.1,29.3,30.0,30.0,44.0,6.1,3.0,2.1,3.1,41.8,40.4,3.1,3.1,39.4,42.0,21.4,20.0,2.0,3.1,9.9,11.2,4.1,6.1,26.3,23.2,23.2,18.4
1772940431.4832554,10.3,8.2,14.3,17.2,25.5,43.0,5.1,1.0,14.1,10.1,5.1,4.0,30.0,31.3,25.5,29.3,17.0,8.1,26.0,34.0,38.6,41.6,42.4,21.2,3.1,3.1,6.1,6.1,23.2,30.3,46.5,34.7,4.0,3.0,4.1,5.1,42.0,37.6,6.0,4.0,36.3,33.3,22.8,18.0,2.0,2.0,10.2,10.0,6.2,6.1,15.0,13.0,15.2,23.8
1772940432.484351,14.4,7.1,11.1,19.2,44.9,26.3,8.0,3.0,3.1,7.1,5.1,3.1,33.3,23.8,31.6,27.1,10.2,12.1,33.0,38.0,34.7,38.6,24.0,34.7,5.0,5.1,5.1,8.0,25.0,29.7,46.1,17.0,3.1,3.0,3.0,2.0,43.6,39.6,9.2,3.0,30.0,30.0,20.0,22.0,3.1,3.0,8.1,7.9,7.1,6.1,24.2,25.5,17.2,21.4
1772940433.4854453,12.2,9.0,16.0,17.2,42.4,32.4,6.1,4.1,4.0,5.1,6.1,5.1,29.6,40.0,20.6,23.5,11.1,9.1,36.0,35.4,39.6,35.6,38.2,22.0,4.1,5.0,9.0,7.1,35.0,24.0,55.9,13.0,2.0,5.1,2.0,2.0,38.4,42.6,3.0,10.2,28.3,28.3,19.0,25.0,4.0,3.0,8.0,11.1,6.1,7.1,15.2,18.0,25.0,17.2
1772940434.4855177,11.3,7.1,12.1,16.3,39.0,29.3,4.1,3.0,9.3,14.3,4.1,6.1,32.0,22.2,14.1,18.4,10.0,9.1,35.0,28.7,32.3,36.4,23.5,24.0,3.0,3.0,4.0,7.1,25.3,26.3,54.9,6.1,1.0,4.1,4.0,3.0,38.0,42.0,8.2,12.2,13.1,13.9,20.2,15.2,3.1,3.1,8.2,6.1,6.1,7.1,20.4,15.3,18.2,20.0
1772940435.488228,13.0,8.9,19.0,18.2,32.7,43.6,3.0,2.0,7.1,10.1,4.0,4.0,28.3,34.7,27.6,28.6,9.1,9.1,31.7,35.4,39.2,37.5,18.8,28.0,4.0,4.0,8.2,8.0,27.7,30.7,29.0,28.7,5.0,5.0,3.0,2.0,41.2,42.0,5.0,2.0,20.0,13.3,24.0,19.0,2.0,5.0,8.1,9.1,6.9,6.1,22.5,27.5,23.2,17.0
1772940436.4910865,12.1,8.1,14.1,12.1,22.2,47.0,4.0,3.0,7.0,8.1,4.0,4.1,18.0,37.0,29.3,25.3,10.1,9.1,32.0,34.0,33.7,29.0,22.0,20.2,5.0,3.0,7.0,7.0,24.5,25.3,32.7,27.7,7.1,1.0,4.0,1.0,42.0,38.6,3.1,3.0,22.0,23.0,20.8,18.0,7.0,3.0,11.0,5.1,4.1,6.2,11.0,11.1,19.2,15.5
1772940437.4952424,13.1,8.2,19.2,19.4,35.1,45.0,3.0,4.1,2.1,4.0,6.1,5.0,27.7,39.6,19.2,19.6,9.1,9.1,40.0,35.0,42.6,39.6,30.3,30.0,3.0,4.0,5.1,6.1,32.7,38.0,26.7,39.4,3.1,4.0,2.0,4.1,40.6,40.0,1.0,3.1,21.2,22.0,29.0,22.8,0.0,3.1,9.1,7.0,7.1,5.1,22.2,27.3,22.8,24.8
1772940438.4975104,14.4,10.9,22.0,29.0,29.3,45.0,8.0,3.0,17.2,10.0,8.0,5.1,34.0,36.0,24.2,16.2,9.2,9.2,34.7,39.6,39.2,42.2,17.0,40.6,4.0,5.0,8.9,10.0,28.0,34.7,32.7,49.5,3.0,7.8,3.0,3.0,37.0,44.0,6.0,2.0,36.6,35.4,28.3,28.3,3.0,4.0,10.1,12.0,8.0,9.0,17.0,15.0,24.5,21.0
1772940439.4992263,14.0,9.2,14.4,28.3,49.0,42.6,5.1,3.0,6.1,5.2,3.1,5.2,30.0,26.5,29.6,29.9,10.1,9.2,33.7,38.4,40.6,37.0,4.0,39.0,4.1,5.1,5.2,7.2,32.3,28.6,22.0,40.0,6.1,2.1,1.0,3.1,40.0,41.6,11.1,3.1,41.0,41.0,23.2,21.2,3.1,4.0,11.2,10.1,6.2,6.1,14.4,14.3,19.2,21.0
1772940440.5026767,10.2,9.1,27.7,19.2,44.4,30.0,7.1,5.1,14.1,12.0,4.1,5.1,37.4,43.0,21.6,29.0,9.2,10.1,36.0,41.6,39.6,40.6,20.0,36.6,3.0,4.0,7.0,8.0,36.6,31.7,16.2,9.0,1.0,5.1,3.0,2.0,39.2,42.0,4.1,2.0,38.6,38.0,32.4,31.7,2.0,4.0,12.0,5.2,8.0,7.1,27.5,25.0,21.2,23.5
1772940441.505057,13.1,10.3,16.5,19.4,39.8,34.7,3.0,6.1,1.0,3.1,7.0,3.1,33.3,35.0,15.3,18.2,11.1,9.2,30.3,42.4,37.3,39.6,37.6,43.6,5.0,5.1,6.1,9.0,23.2,32.0,23.8,13.3,5.0,4.0,2.1,5.0,42.4,38.0,3.1,5.2,30.0,32.0,27.6,18.2,2.0,5.1,8.1,11.0,4.1,6.2,7.2,7.1,19.2,22.2
1772940442.5076096,15.2,10.0,25.0,21.0,52.0,29.0,9.2,5.1,14.3,12.2,8.0,8.1,33.7,31.7,23.5,21.6,10.2,10.0,34.0,39.4,38.6,42.6,25.0,41.0,5.1,3.1,9.0,9.1,35.6,29.6,22.2,21.8,3.1,4.1,3.1,3.1,43.6,36.9,19.2,6.1,32.0,31.7,33.0,20.0,3.0,2.0,9.1,10.1,8.1,7.1,31.7,33.3,29.3,21.2
1772940443.5081441,12.2,9.1,16.2,17.3,30.6,38.0,3.0,1.0,14.0,5.1,2.1,3.1,30.3,34.3,36.4,30.6,16.2,1.0,35.6,32.7,35.6,39.4,28.0,41.6,2.0,5.0,8.1,8.1,29.0,29.7,25.7,33.0,2.0,3.1,4.1,2.0,45.0,36.4,5.1,5.2,30.0,32.3,21.8,22.0,4.0,6.1,6.1,11.2,6.0,8.0,10.1,10.1,18.2,23.0
1772940444.508339,15.0,11.1,18.2,20.0,33.3,43.0,3.1,1.0,8.1,4.1,8.1,4.1,30.7,31.6,20.6,17.2,9.2,9.2,33.0,37.4,39.0,39.6,41.0,26.0,5.1,4.0,7.1,8.0,22.4,35.0,39.6,42.0,6.0,3.0,3.0,3.1,40.0,41.6,14.3,22.0,32.0,34.0,25.0,19.2,3.0,2.0,8.9,9.0,5.1,7.1,15.3,15.2,21.2,16.5
1772940445.511504,10.4,10.9,18.2,20.0,36.4,36.0,5.1,5.9,4.0,4.1,4.0,7.1,32.0,32.7,11.3,17.3,7.2,9.0,35.0,35.6,40.6,37.6,27.7,34.3,5.0,3.0,6.1,8.0,27.7,32.3,33.7,48.5,3.0,5.0,3.1,4.0,39.0,38.4,10.2,14.1,40.6,39.6,20.0,24.0,4.0,2.0,9.2,9.0,7.1,7.0,28.0,24.2,24.0,21.0
1772940446.5133064,13.3,8.2,23.2,23.5,47.4,31.0,5.1,3.1,11.3,16.0,6.1,7.0,35.4,32.0,36.4,22.4,11.1,9.2,37.4,37.0,38.0,38.6,19.0,39.4,5.1,5.1,9.1,7.2,31.3,36.0,43.0,37.6,6.1,3.1,7.1,3.1,41.6,40.6,10.0,3.0,40.4,40.4,28.0,25.3,4.0,3.0,10.1,10.2,6.0,10.2,6.1,5.1,19.2,28.6
1772940447.5140667,12.1,10.9,17.3,17.3,36.4,34.0,3.1,2.1,19.2,5.1,5.1,4.2,27.3,34.0,31.2,34.0,9.2,12.1,30.3,37.4,40.0,38.0,40.6,21.6,3.1,4.0,9.1,8.0,29.6,29.0,21.0,25.0,2.0,6.0,8.2,2.0,39.0,41.0,1.0,2.0,39.4,40.0,21.0,24.0,2.0,2.0,9.1,11.9,5.2,8.0,37.0,39.6,19.4,22.2
1772940448.518996,11.9,8.1,16.0,21.6,40.0,35.6,3.0,2.0,3.1,4.0,4.0,4.0,27.2,38.6,19.4,14.0,9.9,8.1,38.6,26.5,38.8,38.8,40.6,37.6,4.0,4.0,5.0,7.1,30.7,26.5,11.9,45.5,3.0,5.0,2.0,4.0,39.6,40.6,3.0,3.0,39.2,38.6,20.0,22.5,2.0,5.0,9.9,9.1,6.9,7.1,5.0,5.2,20.0,21.0
1772940449.520629,14.6,13.0,24.2,18.6,37.4,35.4,4.1,4.1,12.1,7.3,7.0,4.1,37.0,30.6,19.8,16.3,8.2,9.3,34.0,34.3,35.0,40.0,36.4,43.4,4.1,5.1,8.2,8.1,29.3,32.3,10.1,50.0,5.1,6.1,4.1,3.1,41.4,40.0,4.1,1.0,31.0,30.0,25.3,26.5,3.1,4.1,8.2,10.0,6.2,7.1,21.6,24.5,26.5,14.4
1772940450.522354,13.3,8.2,18.2,18.0,45.0,32.7,5.1,1.0,5.1,6.1,5.1,5.1,22.2,32.4,27.6,33.0,9.1,13.1,31.3,37.4,37.0,41.2,38.0,44.0,3.0,5.9,5.0,6.1,28.7,29.3,24.0,32.7,2.0,6.0,4.0,2.0,38.6,39.0,2.0,3.0,30.3,30.0,21.2,29.4,4.1,2.0,9.1,10.1,7.0,8.1,19.8,18.0,18.2,27.0
1772940451.5234332,15.7,6.0,19.0,14.0,35.1,31.0,5.0,3.1,11.2,12.2,8.2,3.1,27.0,29.3,31.6,28.1,9.2,5.1,35.6,34.3,35.3,35.6,37.6,29.7,2.0,5.1,7.1,6.0,24.5,26.3,6.0,35.6,5.0,2.1,5.2,6.1,38.4,43.1,4.1,4.0,29.0,27.3,17.8,20.2,5.1,0.0,8.1,12.0,9.0,5.1,3.1,4.1,16.2,18.4
1772940452.5235157,11.3,9.2,17.5,17.3,43.3,35.4,2.0,6.0,3.0,5.0,5.9,5.0,29.0,40.0,14.4,13.0,8.2,9.1,30.3,38.6,36.0,33.3,13.1,3.0,2.0,5.9,5.1,8.1,31.3,29.3,29.0,38.6,2.0,7.0,2.1,4.0,43.6,39.6,7.1,3.1,23.0,19.2,22.2,29.3,2.0,5.0,9.0,9.2,5.2,5.2,32.0,35.6,20.0,22.2
1772940453.5235987,16.8,11.1,23.2,21.0,28.3,43.6,4.0,4.2,6.2,1.0,6.1,3.1,31.0,37.4,9.3,20.4,11.1,10.2,35.0,37.8,40.6,38.6,25.3,8.2,3.1,4.1,6.0,9.1,34.3,34.0,27.7,50.0,6.0,4.0,3.0,3.1,42.6,36.4,3.1,5.1,21.4,25.3,23.2,30.3,1.0,2.0,9.2,11.0,8.9,7.1,10.0,11.2,21.4,27.3
1772940454.5251055,12.1,7.1,19.6,15.0,23.0,53.0,4.0,2.0,16.0,13.1,7.1,5.9,23.0,35.6,32.7,31.3,9.0,8.2,36.0,34.7,39.2,36.6,39.8,41.6,5.9,6.0,8.1,8.0,26.0,31.7,29.7,51.0,6.1,1.0,2.0,3.0,37.0,42.6,8.1,16.3,28.7,26.0,15.8,23.8,5.9,3.0,10.1,5.1,7.0,8.0,17.3,17.2,24.8,12.2
1772940455.5259175,10.3,10.1,22.4,14.4,37.1,38.0,2.0,3.1,15.3,9.2,6.1,4.1,35.6,32.3,33.0,30.2,9.3,10.1,40.0,30.0,31.3,37.6,52.0,28.7,4.0,6.1,9.0,7.0,27.0,32.3,28.3,26.5,5.0,4.1,5.1,2.0,42.2,38.2,4.1,4.1,22.0,20.2,21.0,27.3,1.0,2.0,10.0,9.2,8.1,7.1,25.7,27.3,27.3,20.2
1772940456.5260055,15.2,9.1,20.8,20.2,32.7,41.4,5.1,3.0,5.1,7.0,3.1,3.1,29.6,28.3,13.4,16.0,10.0,9.2,40.4,31.0,36.6,39.0,60.4,21.0,6.1,1.0,9.2,6.1,30.6,30.0,35.0,22.0,7.1,4.0,3.1,3.0,40.4,40.4,3.1,2.0,27.0,30.0,23.2,24.0,4.0,3.1,9.1,9.0,3.1,7.1,5.1,4.1,23.5,15.3
1772940457.5260847,12.1,9.9,18.2,15.0,39.2,37.6,4.1,3.0,8.2,4.1,5.1,6.1,26.0,33.0,13.1,21.2,10.2,11.0,36.3,32.3,39.6,39.6,61.8,21.0,3.1,5.0,11.2,5.1,29.7,28.0,41.6,15.2,3.1,4.0,3.0,2.0,40.6,42.0,4.1,3.0,31.3,31.0,21.4,21.0,1.0,3.0,11.1,6.1,8.9,9.2,26.5,26.3,17.8,24.5
1772940458.5313067,10.3,11.1,21.4,16.0,31.6,43.0,3.1,2.0,10.2,14.3,4.1,5.1,29.4,38.0,38.4,30.3,12.2,9.1,33.7,36.0,38.6,41.2,45.0,34.0,5.1,3.0,8.0,6.1,33.3,27.0,37.0,40.2,5.0,4.0,3.0,7.1,40.6,40.6,2.0,4.0,33.0,32.7,25.5,24.0,3.0,5.1,12.0,8.1,6.1,8.9,18.0,16.0,24.2,23.8
1772940459.531398,11.2,11.2,25.7,15.5,34.7,42.6,4.0,3.1,10.3,7.1,6.0,5.1,29.6,42.6,35.4,27.8,8.2,8.2,35.4,39.4,40.2,40.0,46.5,33.7,5.2,2.0,10.2,7.3,33.0,35.7,34.0,47.0,4.0,7.0,3.1,2.1,42.0,42.0,4.1,3.1,40.6,39.4,25.3,28.6,1.0,3.1,12.0,10.0,9.1,6.2,20.2,22.4,24.0,24.0
1772940460.5321007,10.4,9.1,17.2,20.0,37.8,36.4,5.0,4.0,5.1,3.1,6.1,5.1,36.0,30.6,15.2,17.2,12.1,15.3,40.0,36.0,38.0,42.0,45.5,36.0,5.0,5.1,7.1,7.9,35.4,28.0,26.7,54.9,4.0,4.1,6.0,6.0,39.6,42.6,3.1,3.1,40.4,40.0,27.0,21.8,4.0,3.1,11.2,9.2,6.1,8.1,21.0,20.2,21.2,26.3
1772940461.5334282,14.0,9.1,13.4,20.6,42.9,29.7,2.1,5.1,19.2,7.2,5.1,7.1,35.0,30.0,30.9,25.3,12.2,8.0,34.3,33.0,39.6,35.6,39.2,38.0,4.0,5.1,9.1,6.1,25.7,31.7,29.4,54.5,5.1,6.0,4.0,2.0,43.0,37.0,17.3,5.1,33.7,32.7,21.2,23.0,4.0,2.0,8.9,9.0,5.1,8.2,22.0,25.0,18.2,26.0
1772940462.5405202,14.0,10.0,18.0,21.0,44.0,27.0,3.0,3.0,11.1,13.0,5.0,5.9,26.0,31.7,33.0,32.0,10.2,11.2,36.4,32.0,43.6,36.3,30.0,23.8,4.0,5.1,9.0,8.2,33.7,28.3,33.0,33.7,5.1,3.0,2.0,2.0,40.2,42.6,10.4,9.2,31.0,30.7,24.5,19.8,3.0,3.1,9.1,7.1,8.9,8.1,19.2,18.0,21.2,22.0
1772940463.5419683,13.1,12.1,19.4,21.0,49.5,24.0,4.0,1.0,3.1,2.0,4.0,4.0,31.4,33.0,16.5,23.0,9.1,7.0,34.7,33.0,36.0,36.4,5.0,6.1,4.1,3.1,7.0,8.0,29.0,31.0,33.7,27.0,4.0,4.0,2.0,3.0,41.6,40.6,20.8,21.2,31.0,30.7,17.2,29.0,3.0,4.0,9.1,6.0,7.1,6.1,15.0,16.0,17.0,18.4
1772940464.5420606,12.4,7.3,13.0,16.2,50.0,17.2,4.0,2.0,7.1,10.2,3.1,5.1,28.6,28.0,15.5,15.3,12.1,11.3,33.7,30.0,32.0,38.6,12.4,21.2,4.1,5.0,6.1,5.0,25.0,26.0,43.0,23.0,2.0,4.1,2.0,6.0,36.0,43.4,4.1,9.1,31.0,31.3,19.2,17.3,2.0,2.1,9.1,5.2,6.1,8.1,25.3,20.2,15.5,18.4
1772940465.542151,11.1,9.0,21.2,15.5,34.3,39.0,4.1,5.1,6.2,7.1,4.0,5.1,32.0,31.0,28.3,30.6,4.1,3.1,32.7,32.3,35.6,39.0,20.8,58.4,2.0,5.1,9.1,5.1,27.0,31.3,28.7,33.7,3.0,3.1,7.0,3.0,41.4,39.6,4.0,1.0,41.0,38.0,19.8,26.0,1.0,3.1,8.1,8.0,6.0,7.1,10.1,9.2,20.0,21.4
1772940466.5429013,10.2,11.0,20.2,17.0,30.6,40.6,3.0,3.1,12.4,13.3,5.1,5.1,35.6,33.3,30.3,30.6,16.2,15.2,28.7,40.0,41.2,38.6,20.2,60.8,5.1,3.0,8.0,10.0,27.3,28.0,27.7,28.3,5.1,4.0,4.0,1.0,42.2,39.2,4.1,3.1,41.0,44.0,23.0,25.0,6.9,4.0,11.1,11.0,6.1,8.0,28.0,29.0,20.0,20.2
1772940467.5429854,13.4,6.2,17.3,17.2,33.7,37.0,4.0,2.1,3.0,2.1,3.1,4.1,31.0,31.3,17.5,16.2,4.1,2.0,34.7,27.3,34.0,40.6,20.2,60.4,4.0,3.0,4.1,7.1,33.3,25.3,21.2,18.0,3.1,3.1,4.0,2.0,37.4,40.4,3.0,4.0,32.7,33.7,26.0,18.2,3.1,5.1,7.1,6.2,7.1,5.2,13.0,11.1,18.4,19.4
1772940468.5435572,17.2,9.1,20.8,17.2,35.4,42.6,2.1,2.0,11.1,7.1,5.0,6.0,34.3,31.7,16.2,19.2,11.2,15.3,37.4,32.0,38.6,36.6,39.6,41.6,2.0,5.1,9.0,6.0,28.7,28.7,21.0,14.3,3.0,4.0,4.1,2.0,43.6,40.6,2.0,3.0,30.0,30.3,25.0,21.8,4.0,3.0,8.1,9.9,8.1,6.1,13.3,13.3,22.0,18.8
1772940469.5490518,14.9,11.0,15.3,14.3,31.0,45.0,3.0,4.0,9.3,5.2,4.1,3.1,31.7,27.3,26.3,29.6,7.1,4.0,32.7,32.7,36.6,38.2,24.8,27.0,4.1,2.0,8.0,4.0,25.0,29.3,33.0,37.6,3.0,7.0,5.1,4.0,36.6,36.0,3.0,3.1,30.3,30.0,20.0,19.4,3.0,3.1,8.1,8.0,7.1,7.0,30.0,27.7,19.2,19.0
1772940470.5496595,11.3,14.0,24.0,21.2,49.0,28.0,6.1,5.1,12.4,12.2,3.1,7.1,39.8,29.0,28.9,28.6,10.2,15.3,32.7,39.4,40.6,41.4,19.4,31.0,5.0,5.1,9.1,9.0,35.1,32.0,29.0,51.5,4.0,6.1,5.1,4.1,48.0,37.6,3.1,4.1,21.0,21.2,31.3,25.0,2.0,4.1,9.1,10.2,6.1,8.2,10.1,8.1,28.0,24.5
1772940471.552935,14.0,8.1,15.2,16.3,47.5,23.0,5.1,4.0,5.1,3.0,5.1,4.0,36.0,29.7,13.1,19.2,11.1,4.0,37.0,32.0,38.2,34.0,33.7,41.6,4.0,5.0,8.1,9.0,27.0,33.7,22.8,59.4,4.0,4.0,2.0,4.0,42.6,39.4,3.0,2.1,27.0,22.2,22.5,20.8,4.0,2.0,10.9,12.1,6.9,7.1,28.7,27.3,25.3,16.0
1772940472.555398,12.1,9.3,18.4,19.2,33.7,46.0,4.1,2.1,12.0,3.1,4.1,3.1,38.0,31.3,22.4,24.2,17.0,11.3,42.0,32.7,40.6,39.6,32.0,48.5,5.0,5.1,7.0,7.1,33.0,29.3,35.6,42.7,1.0,5.2,4.0,5.1,40.6,41.6,4.0,6.1,30.3,32.0,26.3,22.2,1.0,5.1,9.3,10.0,6.2,6.1,13.1,14.0,16.3,30.3
1772940473.5557375,13.9,12.9,19.8,20.0,43.4,30.7,5.0,4.0,10.2,8.1,5.1,6.9,23.0,41.2,30.3,26.3,8.2,4.0,35.0,36.0,35.6,39.6,39.6,21.2,3.1,4.0,8.1,8.1,32.0,31.3,6.1,39.0,5.1,5.1,1.0,2.0,41.0,38.6,6.1,17.2,32.3,32.7,25.0,28.0,4.0,3.0,9.0,8.1,9.1,6.1,19.8,21.4,15.3,26.0
1772940474.5581536,14.4,9.2,20.6,17.3,44.3,32.3,9.0,5.1,18.0,9.3,3.1,6.1,25.3,37.4,21.6,24.5,9.3,11.2,33.0,32.7,40.0,36.0,37.6,21.2,4.0,4.1,3.1,9.1,27.0,34.7,31.3,25.7,4.0,4.0,3.0,4.1,39.0,42.4,3.1,4.0,41.0,39.4,22.2,26.0,2.0,3.1,9.0,8.2,5.2,8.0,21.0,24.8,17.2,21.4
1772940475.5582387,10.4,8.2,18.2,17.3,31.6,39.0,8.1,3.1,2.0,3.1,8.0,3.1,31.3,27.0,20.4,17.3,3.1,13.3,35.4,37.6,36.6,36.4,33.0,33.0,2.0,5.1,5.1,9.0,20.2,35.6,50.5,30.3,3.1,5.1,2.0,1.0,39.0,39.6,3.0,4.1,31.7,30.7,22.0,22.0,2.0,1.0,7.1,8.1,7.0,6.1,12.0,9.2,20.8,21.0
1772940476.558335,9.5,9.0,14.1,15.0,34.3,37.6,6.1,1.0,6.2,11.1,8.1,3.1,29.0,35.0,20.2,32.3,9.2,8.2,35.4,27.6,37.0,39.6,41.0,40.6,6.1,3.0,5.1,8.0,22.2,33.0,42.6,39.6,3.0,4.0,1.0,4.0,42.6,36.0,2.0,3.0,31.0,31.0,19.2,21.2,6.0,6.0,8.0,7.1,4.1,8.1,25.3,27.0,18.4,18.2
1772940477.562166,15.0,10.3,11.3,23.2,45.5,35.6,4.0,5.9,4.1,19.4,5.1,5.1,32.0,34.3,29.3,28.3,11.2,9.1,40.4,33.0,40.6,36.6,40.2,41.0,5.0,6.0,6.1,8.2,30.7,25.5,33.7,47.0,1.0,6.1,5.0,3.0,42.6,43.6,3.1,3.1,31.0,32.3,26.3,23.8,9.2,3.0,11.1,14.0,8.1,8.1,18.0,18.0,27.0,23.0
1772940478.5647702,12.1,9.0,16.2,16.2,40.8,34.0,4.0,1.0,10.0,8.1,3.1,4.0,33.0,21.0,23.2,21.4,10.1,9.1,36.0,34.3,39.6,36.3,43.6,38.2,5.0,7.1,8.0,6.0,22.4,29.0,22.2,40.2,2.0,7.0,2.1,2.0,39.6,43.0,3.1,3.0,32.0,30.3,23.0,17.2,4.1,2.0,7.1,10.0,8.0,6.1,14.1,19.0,22.0,14.1
1772940479.5662284,9.5,8.2,19.2,15.3,34.0,42.4,1.0,4.0,5.1,3.0,4.1,5.1,32.0,36.0,19.4,14.3,10.0,9.1,35.0,34.7,41.0,40.0,38.0,25.0,3.1,9.1,10.1,7.1,27.3,27.3,35.0,26.3,1.0,4.0,5.0,3.0,42.0,39.0,4.0,1.0,33.0,32.7,22.0,29.0,5.9,3.0,11.0,9.1,5.1,7.1,18.2,20.2,25.3,14.3
1772940480.566311,13.1,8.1,20.0,19.6,30.2,43.0,5.0,3.1,9.4,4.1,5.1,4.0,38.0,28.3,29.3,29.6,13.3,9.2,29.0,42.0,40.2,39.0,47.5,11.2,6.0,4.0,8.1,6.1,30.0,39.4,20.0,20.2,5.0,3.1,3.1,3.0,36.0,40.0,3.1,4.0,40.4,41.0,24.0,28.0,7.2,3.0,10.1,11.0,7.9,8.1,19.4,21.2,24.5,23.5
1772940481.5772526,12.0,9.9,20.4,13.9,32.3,40.2,4.0,4.0,13.0,12.2,8.8,5.0,39.6,26.7,26.5,28.3,8.2,11.0,38.4,32.3,35.0,39.8,32.7,27.7,4.0,5.1,6.0,8.0,23.8,32.7,22.8,35.3,3.0,7.0,2.0,1.0,42.2,43.1,11.2,3.1,35.3,36.0,17.2,26.5,2.0,4.0,6.1,10.0,7.0,8.0,20.4,19.0,19.8,22.8
1772940482.5809321,16.2,7.1,21.0,17.0,48.0,30.0,3.0,4.0,11.1,4.1,4.1,5.1,26.3,38.6,22.0,20.4,4.0,20.4,36.0,30.7,35.6,41.6,23.0,40.4,3.0,6.1,5.1,9.2,34.3,29.0,14.9,47.5,3.0,7.0,4.0,5.0,43.0,42.2,12.2,8.2,31.7,30.7,21.8,22.8,4.0,2.1,10.0,8.1,5.1,6.1,18.0,18.4,19.0,22.4
1772940483.581578,17.6,8.2,17.8,19.2,39.4,32.3,5.1,3.1,6.1,9.2,5.1,6.0,29.0,34.7,21.4,23.0,9.1,5.0,32.3,36.0,41.0,35.0,28.0,34.0,5.1,5.1,4.1,7.1,30.3,25.5,30.3,30.0,3.1,4.1,3.0,3.0,40.0,39.4,23.0,14.3,31.0,31.3,16.2,29.3,2.0,5.0,7.1,11.1,8.0,7.0,23.2,22.2,16.0,21.2
1772940484.5823112,10.3,8.0,14.1,13.1,40.8,35.6,5.0,3.0,3.0,4.0,3.0,5.0,27.7,36.6,29.3,32.7,14.1,12.1,35.3,33.0,37.3,37.6,43.6,25.7,4.0,4.0,10.9,5.0,21.8,22.4,15.8,41.6,4.0,2.0,4.0,2.0,42.2,37.6,13.3,11.1,31.7,32.4,22.8,17.0,4.0,2.0,7.0,7.1,7.0,4.1,17.2,17.0,18.4,18.8
1772940485.5860674,11.5,8.2,19.0,18.2,41.2,36.0,5.2,2.0,7.2,16.3,7.0,4.0,34.0,30.0,22.7,20.6,4.1,7.1,28.6,38.4,40.0,35.6,48.5,18.2,4.0,4.0,6.2,7.1,37.4,25.0,22.2,39.6,7.1,4.1,4.1,5.1,41.6,40.0,4.0,5.1,23.8,23.0,18.0,25.0,3.1,3.1,8.1,10.1,8.1,5.1,16.2,16.3,21.2,20.2
1772940486.5869453,12.2,8.0,19.4,14.3,44.0,29.3,6.9,3.0,5.1,9.2,6.1,6.0,29.3,33.0,14.1,14.3,2.0,18.0,30.0,36.6,36.6,36.0,49.5,20.0,5.1,2.0,7.0,7.9,25.3,31.7,32.7,37.6,9.2,4.0,3.0,3.0,43.4,37.6,3.0,4.1,29.6,30.3,23.2,19.2,6.0,3.0,7.2,7.0,6.1,6.1,15.2,16.0,25.3,15.0
1772940487.5931156,11.2,8.0,15.0,16.8,50.0,23.8,3.0,1.0,7.0,7.9,2.0,5.1,35.6,18.2,23.0,15.0,10.0,5.1,32.0,33.0,32.0,37.3,41.6,0.0,4.0,4.9,5.1,5.1,31.0,20.0,24.0,54.5,3.0,3.0,6.9,3.0,37.3,41.0,2.0,4.0,25.0,23.8,21.2,20.2,1.0,5.0,6.1,7.9,6.9,5.0,15.0,17.2,15.0,19.2
1772940488.5984392,13.4,10.1,20.2,16.3,44.0,30.0,4.1,2.0,9.0,4.1,7.0,4.0,32.7,30.4,33.7,26.8,8.2,7.0,36.4,36.6,40.2,37.3,45.5,12.9,2.0,6.0,7.0,5.1,28.4,26.0,14.0,41.4,5.0,4.1,2.0,4.0,36.0,43.7,3.1,1.0,22.0,20.2,22.8,24.3,3.0,3.1,11.0,9.0,4.1,6.1,16.0,18.2,23.8,21.8
1772940489.5990868,11.2,8.0,17.2,18.0,39.4,34.0,5.1,4.0,6.1,8.2,2.1,5.1,33.0,32.0,22.2,21.0,10.0,11.1,33.7,38.0,39.2,38.0,34.0,47.1,5.0,4.0,8.1,6.1,25.0,27.3,9.0,33.3,2.0,4.0,3.0,4.0,40.6,40.0,3.0,3.1,22.0,21.0,23.0,20.0,2.0,4.0,9.0,8.1,4.0,10.0,24.0,23.0,22.2,12.4
1772940490.5991735,12.5,7.1,17.3,16.3,38.1,30.3,3.1,3.1,13.3,14.1,3.1,5.1,29.7,34.3,10.4,15.5,2.1,5.1,37.0,37.0,35.4,37.0,37.0,44.0,3.0,5.2,8.1,8.0,25.5,30.3,37.0,42.4,9.2,7.0,6.2,4.1,41.6,38.0,3.1,6.1,30.3,31.3,19.4,20.4,3.0,5.1,8.2,9.1,5.2,7.1,12.0,12.5,23.5,20.4
1772940491.599507,14.3,9.0,23.5,20.2,40.4,36.0,5.0,6.1,3.1,7.1,6.1,6.1,30.3,41.4,25.3,29.0,15.3,15.5,39.0,36.0,42.0,38.6,32.3,48.5,4.0,7.1,10.1,7.1,36.6,29.0,34.0,37.0,4.1,5.1,3.1,6.2,40.6,43.0,4.1,4.0,33.0,31.0,28.7,26.3,4.0,4.1,11.0,8.2,8.1,10.1,25.0,22.0,29.0,21.2
1772940492.5999582,13.1,7.1,13.4,16.0,49.5,21.2,3.1,3.0,9.1,7.0,5.0,3.0,22.2,30.7,33.7,27.8,4.0,3.0,31.0,34.3,36.3,35.4,37.3,44.6,3.0,4.0,6.0,6.1,29.0,17.2,23.5,22.0,1.0,2.0,6.0,7.1,41.0,41.0,5.0,2.1,41.0,40.0,19.0,16.0,2.0,3.0,5.1,7.0,4.1,7.1,15.0,14.1,16.2,14.3
1772940493.600041,11.3,9.1,18.0,18.4,38.8,32.7,3.1,2.0,10.3,5.2,4.1,4.0,32.0,28.6,23.5,20.6,22.2,13.1,38.4,31.0,37.6,35.0,28.3,37.0,5.1,3.0,7.1,6.2,29.0,27.0,22.2,39.6,5.1,5.1,1.0,5.1,39.2,40.0,3.1,5.1,40.6,40.4,25.0,21.0,2.0,4.0,10.2,10.1,7.1,5.2,14.3,19.2,24.0,20.8
1772940494.601652,13.9,8.1,19.2,11.2,28.3,46.0,4.0,4.0,12.1,13.0,5.1,3.0,24.8,37.0,11.2,11.2,3.1,3.0,34.7,32.0,35.0,34.7,25.3,23.0,3.0,4.0,5.1,7.1,30.0,20.2,21.6,41.2,3.1,5.0,4.0,4.0,38.4,40.6,14.1,3.0,39.4,40.6,17.2,19.4,6.0,5.0,9.0,8.2,7.1,8.9,25.7,25.3,11.1,21.2
1772940495.6042955,11.5,9.0,13.0,15.0,41.0,37.6,3.0,3.1,4.0,4.1,8.0,6.0,23.2,26.3,29.6,26.0,17.0,13.1,33.7,32.7,34.7,31.7,35.6,28.4,2.0,5.1,7.0,7.1,23.2,16.0,22.0,40.6,6.0,1.0,6.1,3.0,38.6,42.0,8.2,9.1,39.0,39.4,15.8,18.0,1.0,2.0,6.1,8.0,5.0,7.1,10.1,13.0,17.0,14.1
1772940496.6062367,14.3,8.1,19.4,18.4,40.4,33.0,5.0,5.0,11.1,6.2,4.0,5.1,28.7,40.6,28.9,30.6,2.0,6.1,38.0,34.7,39.6,40.2,40.6,20.2,4.0,5.1,8.1,11.0,31.7,32.7,30.7,28.0,5.0,6.0,5.0,6.2,37.3,43.1,3.0,4.1,32.0,30.7,23.5,25.3,1.0,4.1,9.2,9.0,7.1,6.2,26.0,24.0,21.2,23.0
1772940497.6063223,12.1,10.2,21.4,13.1,33.0,40.4,3.1,3.0,11.2,5.1,4.1,5.1,38.4,28.3,23.2,21.4,19.2,17.2,35.7,32.7,38.0,36.0,39.6,17.2,4.1,5.1,6.2,5.1,31.3,31.3,23.0,39.0,3.1,4.0,8.2,7.1,39.0,39.4,2.1,5.1,32.3,30.9,24.0,23.2,4.1,5.1,5.2,10.2,7.2,8.1,17.3,13.3,21.4,18.4
1772940498.6104257,15.0,10.0,21.0,19.4,39.0,36.6,4.0,2.0,12.2,11.3,5.1,3.1,40.2,26.7,16.2,9.4,4.1,4.0,36.6,43.6,40.6,39.0,27.5,13.1,4.0,6.0,5.1,8.0,37.4,29.0,24.8,37.6,6.0,4.0,2.0,8.1,41.6,42.2,6.1,8.0,31.7,32.0,27.0,27.7,4.9,3.0,6.0,11.0,7.1,6.1,15.2,14.1,15.2,30.0
1772940499.6111906,10.4,7.1,12.4,20.0,37.8,30.7,7.1,3.0,5.0,0.0,3.1,4.0,29.3,30.3,16.2,18.0,4.0,2.0,31.0,35.0,34.3,36.6,36.0,25.7,5.1,2.0,6.9,4.1,26.7,28.7,30.0,21.0,4.1,4.0,3.0,1.0,41.0,39.0,3.1,4.0,30.3,29.6,18.0,28.0,4.0,1.0,11.0,4.1,6.1,6.0,17.2,17.2,18.8,18.0
1772940500.6119833,15.0,8.1,20.4,17.2,47.0,27.0,6.0,4.1,3.1,5.0,6.1,4.1,38.6,30.0,24.2,32.0,15.3,19.2,38.0,40.4,38.0,40.0,35.4,46.5,8.2,5.1,7.2,6.1,34.7,24.0,6.1,14.3,4.1,4.1,5.0,6.0,40.0,39.0,2.1,4.2,36.0,38.0,21.0,26.0,2.1,3.0,11.2,10.1,11.1,5.2,16.0,16.3,21.4,20.2
1772940501.6120644,16.8,6.3,19.4,16.2,41.8,35.0,2.1,5.2,7.1,10.1,5.1,6.0,34.3,36.4,27.3,28.6,3.1,4.1,40.4,31.7,42.6,37.6,43.6,37.4,5.1,5.1,8.2,10.0,26.3,35.4,7.1,26.0,2.0,6.0,2.1,4.1,42.0,39.6,3.1,2.1,38.4,41.0,26.3,25.0,3.0,4.1,11.0,9.1,7.1,7.1,26.3,23.0,22.8,26.3
1772940502.6144295,11.3,9.0,17.2,21.2,38.4,36.6,6.0,4.0,17.2,10.3,4.1,6.1,33.7,34.3,22.0,14.3,16.2,17.0,34.0,40.0,39.6,39.6,31.7,39.6,4.0,5.1,8.9,6.1,33.0,33.0,21.0,32.0,5.1,5.1,5.0,1.0,44.0,38.0,3.1,3.1,37.3,34.7,30.0,21.2,5.1,3.0,8.2,10.0,6.1,6.1,12.0,12.1,21.2,24.2
1772940503.6197,14.1,13.7,18.4,21.4,38.4,45.0,6.0,7.1,6.2,8.0,7.9,6.0,36.0,26.5,17.3,21.0,4.0,4.0,35.0,33.0,40.6,37.3,15.2,9.1,3.1,5.0,6.1,7.1,27.7,29.7,26.7,36.3,6.1,2.0,2.0,4.0,41.2,39.6,2.1,13.1,27.0,27.3,25.7,29.4,2.1,6.0,10.0,8.1,9.0,6.1,16.2,18.2,22.2,25.5
1772940504.619781,13.3,7.3,23.2,26.0,45.5,33.0,7.1,6.1,4.1,3.1,5.1,5.1,34.0,46.5,31.6,22.7,9.2,4.0,38.0,36.6,39.6,38.4,25.0,30.0,7.0,4.0,5.2,7.1,29.6,40.4,38.0,32.3,4.0,5.1,3.0,4.1,40.0,41.6,8.1,12.2,20.4,22.2,26.5,29.6,8.1,6.2,8.1,14.1,11.1,8.1,12.2,16.3,23.0,24.2
1772940505.6199458,14.3,9.1,18.4,18.2,31.0,37.0,6.1,4.0,10.2,8.2,4.1,6.1,30.3,35.0,24.5,22.4,12.2,15.3,35.6,36.0,34.0,42.2,37.0,42.6,5.0,4.0,5.1,8.1,33.0,28.7,28.7,33.7,6.1,8.0,5.1,5.1,41.6,37.4,13.3,20.4,17.8,16.2,25.3,19.2,5.1,3.0,11.1,9.2,9.1,7.1,18.4,16.0,23.2,22.2
1772940506.6219988,12.4,11.1,23.2,24.0,34.7,47.0,4.1,4.0,7.1,14.1,6.1,6.0,35.6,36.0,19.4,19.4,9.2,4.0,38.0,39.0,40.2,42.6,40.6,40.6,5.1,5.1,10.1,7.1,33.3,37.0,42.0,31.0,9.2,6.1,4.0,6.1,41.0,42.0,14.3,13.0,14.3,15.0,30.7,34.0,6.1,5.1,10.2,12.9,9.0,8.2,23.0,27.0,22.4,23.2
1772940507.6220834,14.1,10.0,24.2,20.4,33.7,42.0,6.1,4.0,9.2,13.1,6.0,6.1,34.0,36.4,22.4,31.6,16.0,14.3,37.0,42.0,39.6,40.0,41.0,41.0,4.1,4.0,9.0,6.1,34.0,39.4,46.0,32.7,5.1,3.0,4.0,4.0,38.0,43.6,8.2,2.1,27.3,25.0,30.0,21.2,5.1,1.0,11.1,9.2,6.3,8.2,14.3,17.2,26.7,20.2
1772940508.6239617,14.1,10.1,20.8,15.2,42.9,30.0,4.1,10.1,5.1,6.1,5.1,6.0,30.3,32.7,27.6,23.2,3.1,8.1,39.0,32.3,35.4,37.6,40.0,40.2,4.0,4.1,7.0,9.0,20.2,35.0,38.6,22.0,7.0,5.0,3.0,3.0,42.0,39.0,3.0,4.0,31.0,32.3,23.2,21.0,5.0,3.0,8.0,8.1,8.8,7.1,19.0,18.2,26.3,18.0
1772940509.6253273,13.3,7.2,21.6,20.2,43.4,33.0,7.0,3.1,14.3,9.0,5.1,5.1,37.4,34.0,21.2,18.4,15.2,15.0,35.0,34.0,36.6,39.6,26.5,54.9,5.0,3.1,6.1,7.1,26.3,38.0,45.5,25.3,2.0,9.1,0.0,4.1,38.6,42.0,3.0,4.1,34.3,32.0,24.8,30.3,4.1,4.0,9.1,11.9,6.2,6.1,17.2,18.0,22.2,23.2
1772940510.6278818,13.0,10.0,24.0,18.2,44.9,31.0,4.1,3.1,9.1,8.3,4.0,4.1,35.6,34.0,27.3,20.4,8.2,4.1,30.3,41.0,38.6,37.0,28.3,52.5,8.0,6.1,10.2,7.1,33.7,30.0,28.0,37.3,4.0,8.1,4.0,3.1,40.6,40.2,8.1,1.0,41.0,41.6,26.0,28.7,5.1,2.1,10.1,10.1,8.9,6.2,21.0,18.4,23.2,20.6
1772940511.6279645,13.1,9.1,19.2,15.5,32.7,45.0,4.0,3.1,10.1,6.2,6.1,4.0,29.3,31.3,30.3,24.2,11.3,14.1,32.7,41.0,41.6,42.2,28.3,45.5,5.0,4.0,7.1,11.2,37.4,25.3,23.0,34.3,7.1,8.1,3.0,7.1,38.6,38.4,2.0,3.1,40.0,41.0,23.8,24.0,4.0,3.0,8.1,7.1,6.1,7.1,21.0,20.2,18.6,20.2
1772940512.6280494,12.2,7.1,23.2,18.2,34.7,39.0,2.1,4.0,8.2,4.1,5.1,5.1,38.2,26.0,21.6,17.5,4.0,7.2,40.4,31.3,38.6,37.4,40.0,41.0,3.1,4.1,7.1,7.9,35.6,23.8,2.0,41.6,5.1,3.0,6.0,2.0,38.6,39.4,4.1,4.0,40.0,40.0,20.2,24.5,2.1,2.0,10.0,8.2,5.1,6.2,15.2,15.2,22.8,20.2
1772940513.6282609,11.3,9.2,21.2,18.2,36.4,41.6,5.1,3.1,11.9,5.2,5.1,6.2,37.8,33.3,21.2,20.2,14.1,13.1,40.4,35.6,41.0,41.2,36.6,42.4,6.1,2.0,9.1,8.2,30.3,35.0,17.0,42.6,5.0,6.0,8.2,4.0,42.4,39.6,3.1,2.0,40.4,39.8,23.0,28.3,4.0,2.0,8.1,11.1,8.1,5.1,19.0,22.4,15.5,26.0
1772940514.6285005,13.9,12.9,24.5,17.3,30.3,46.5,6.0,8.2,10.4,9.2,5.1,7.2,35.0,33.3,26.0,31.3,9.3,5.2,39.0,35.6,37.0,38.6,34.0,25.7,6.9,3.1,7.1,7.0,29.6,33.3,16.2,45.1,3.1,3.1,5.1,2.0,40.6,40.6,4.1,2.0,40.0,40.6,32.4,25.0,6.0,2.0,9.2,10.1,6.3,7.1,13.3,15.2,23.0,22.2
1772940515.637199,11.3,8.2,21.2,23.0,35.4,41.6,3.1,3.0,8.1,10.2,5.9,5.0,35.0,38.2,23.8,23.5,8.0,11.0,32.7,40.6,43.1,37.6,8.0,18.0,5.0,5.0,10.9,6.0,29.7,33.7,12.9,48.0,3.1,3.0,2.0,5.0,42.6,39.6,3.0,6.0,40.6,40.0,22.2,26.7,4.0,5.0,10.0,11.8,7.8,8.1,18.8,22.2,27.0,20.2
1772940516.6372848,12.4,7.1,22.4,14.1,47.4,30.3,7.1,2.0,4.1,3.0,3.1,5.1,34.0,32.3,15.3,18.2,16.3,13.1,34.3,33.3,37.6,39.6,38.0,20.2,3.1,3.1,13.3,10.0,30.3,31.3,27.7,33.3,10.0,6.0,2.0,3.1,40.4,37.0,17.5,4.0,36.4,36.0,26.3,26.3,3.1,2.0,9.2,8.0,6.2,8.1,16.3,18.2,23.2,18.4
1772940517.6373653,11.2,14.1,25.0,18.2,46.5,30.3,4.1,3.1,10.2,10.3,4.0,4.1,33.0,36.0,23.2,25.5,4.1,5.1,39.0,39.0,37.0,44.6,51.0,11.9,8.9,5.1,5.1,9.3,31.0,36.4,46.0,34.7,5.0,8.2,3.0,4.1,39.6,43.6,8.2,9.3,30.0,32.0,30.0,26.3,4.0,4.0,11.0,12.2,9.0,6.2,16.2,17.0,23.5,27.0
1772940518.6374478,13.4,8.0,17.2,18.4,50.0,25.0,9.1,1.0,5.1,6.0,4.1,6.0,29.3,30.7,36.4,26.3,12.1,13.1,35.4,32.3,40.0,39.0,60.8,20.2,2.1,3.0,6.1,10.0,29.3,26.3,31.3,46.0,4.1,9.2,4.0,5.1,43.4,35.0,4.0,5.1,31.7,29.6,20.2,22.0,6.0,2.0,10.0,10.1,7.1,6.1,23.2,26.0,23.0,19.4
1772940519.6375391,14.0,7.1,12.2,17.2,40.4,30.7,6.1,3.0,9.1,6.2,5.1,4.0,29.3,35.0,19.6,18.4,9.1,2.1,33.3,34.7,36.6,37.0,60.4,21.0,5.9,3.0,5.1,7.1,25.3,29.7,43.6,33.0,4.1,5.0,5.1,7.1,40.6,40.6,3.1,3.0,32.0,31.0,19.0,21.2,2.0,3.1,7.1,8.1,5.1,7.1,11.1,6.1,18.0,17.3
1772940520.6406686,10.4,9.0,14.3,16.3,34.3,38.0,6.1,2.0,6.1,9.9,3.1,4.0,27.5,30.3,14.1,10.3,15.0,10.1,42.2,32.0,35.3,37.3,56.4,24.8,3.1,5.1,7.0,6.1,28.3,31.0,37.0,31.0,5.9,2.0,4.0,5.1,42.4,39.0,4.1,3.1,31.3,31.7,25.3,22.0,3.0,6.0,9.9,8.1,4.1,9.0,21.0,21.0,22.0,22.0
1772940521.640751,14.0,8.2,18.4,20.2,26.0,50.5,3.1,4.0,5.1,10.3,6.1,4.0,29.3,43.0,29.3,22.4,9.2,3.1,34.0,37.4,38.0,42.0,40.6,39.0,4.0,4.0,4.1,10.0,34.0,31.3,29.0,11.1,6.0,3.0,5.0,5.0,39.8,36.0,2.1,5.2,36.0,34.3,28.7,26.7,3.0,5.2,10.2,10.0,7.0,12.2,22.0,22.0,21.4,23.2
1772940522.6425922,15.3,11.1,20.2,16.2,30.0,42.6,5.0,2.1,10.1,8.2,4.0,5.1,35.0,31.7,37.1,34.7,12.1,14.3,39.4,33.7,34.3,39.6,38.0,32.7,4.0,4.0,9.9,5.1,30.7,25.3,22.2,35.6,4.1,4.0,4.1,2.1,40.6,45.5,3.1,2.0,30.0,30.3,23.2,23.2,3.0,4.0,10.1,12.1,7.1,9.2,13.1,12.1,23.0,22.0
1772940523.642685,11.6,8.0,18.2,16.2,39.2,37.6,3.1,2.0,9.1,8.2,4.0,3.1,28.3,36.4,16.3,13.5,5.0,9.2,30.3,38.8,40.2,36.6,24.8,31.0,3.1,3.0,7.1,5.1,27.3,27.0,27.0,43.6,2.0,3.1,4.0,3.0,41.0,38.0,2.0,3.1,16.0,15.8,21.0,22.2,4.1,5.0,9.1,11.2,7.1,6.1,26.3,27.8,21.0,19.2
1772940524.6446362,11.2,7.1,21.2,17.0,39.8,32.3,4.0,3.0,4.0,7.1,7.1,3.0,37.6,24.8,8.0,8.1,8.2,11.0,33.0,36.3,38.0,38.6,23.0,24.8,5.1,4.0,6.1,8.0,23.8,30.0,25.0,36.3,3.0,4.0,2.0,1.0,41.6,41.2,10.1,4.0,11.1,11.1,19.2,25.7,3.0,3.0,8.0,7.1,6.1,5.1,12.9,10.9,19.0,17.0
1772940525.64473,13.9,9.9,14.0,16.3,33.3,39.0,4.0,5.1,10.2,3.1,4.0,6.0,31.0,28.3,23.7,27.3,12.1,9.1,31.3,28.6,37.6,36.6,20.2,17.3,3.0,5.1,7.0,7.9,27.3,17.2,41.6,37.0,5.1,4.1,2.0,5.1,35.4,40.0,11.3,7.2,12.9,13.0,20.0,20.2,4.0,5.0,5.2,8.9,6.1,6.1,13.1,14.1,14.4,19.4
1772940526.6466746,9.4,9.1,18.2,16.2,35.7,38.0,3.0,4.0,3.1,3.0,4.0,3.1,31.3,37.0,40.0,33.7,4.0,9.1,33.0,34.7,38.0,37.6,38.6,24.8,4.0,3.1,6.1,6.1,31.0,26.0,42.2,39.6,4.0,0.0,3.1,5.0,44.0,41.6,12.0,3.1,17.0,21.0,26.0,20.2,9.2,2.0,8.1,10.2,6.1,6.1,24.2,23.2,20.6,20.4
1772940527.6467717,14.0,6.1,13.3,13.0,43.4,27.7,5.0,2.0,11.3,12.2,3.1,4.0,21.2,27.0,18.6,17.5,7.1,17.0,31.0,31.0,38.6,37.6,41.0,33.0,4.0,2.0,4.0,7.0,24.2,21.8,48.5,28.3,5.0,2.0,1.0,5.2,36.6,39.0,23.5,12.0,21.2,22.2,20.2,17.0,7.9,1.0,6.1,6.1,6.0,7.1,12.1,13.0,13.3,19.0
1772940528.6468613,13.0,9.1,17.2,16.2,46.5,20.2,2.0,3.0,12.1,4.1,5.1,4.1,35.6,25.0,6.2,7.1,2.1,5.1,30.3,32.0,35.0,35.6,44.0,34.7,3.0,3.0,6.1,7.1,26.3,25.3,51.5,26.5,4.1,4.0,2.0,5.1,37.6,44.0,7.1,7.1,31.7,35.6,21.0,20.2,5.1,3.1,7.1,9.0,5.1,7.1,15.3,16.3,17.0,16.3
1772940529.6469555,13.0,8.2,19.0,16.2,47.0,28.0,5.1,1.0,4.0,4.0,4.0,4.0,32.3,28.0,27.3,23.8,19.2,8.1,31.7,38.4,36.0,36.3,40.0,20.2,2.0,6.0,5.1,5.2,27.3,30.0,48.0,31.0,3.0,4.0,2.0,2.0,37.0,42.4,4.0,3.0,40.0,41.0,22.2,20.2,4.0,5.0,10.0,10.1,7.1,7.0,20.6,20.8,18.4,21.0
1772940530.6470554,11.5,7.1,15.3,12.2,37.8,31.3,3.1,3.1,5.2,9.1,5.1,5.0,27.7,30.3,40.8,36.5,4.1,8.2,32.3,28.0,35.0,34.0,31.7,44.6,4.0,5.9,7.1,8.0,20.0,27.3,41.0,37.0,4.0,2.0,1.0,2.1,38.4,39.4,3.0,2.0,41.0,40.4,14.9,21.0,2.1,4.0,4.1,9.0,10.1,6.1,12.2,11.1,17.2,16.3
1772940531.6562986,12.4,8.8,19.0,13.9,37.4,33.0,2.0,3.0,11.0,12.0,3.0,4.0,28.3,28.7,22.0,20.4,4.0,17.0,34.7,37.6,38.8,34.0,15.8,38.2,3.0,3.1,8.8,4.0,28.7,26.5,46.1,29.0,4.0,6.9,2.0,2.0,42.7,43.7,2.0,4.0,40.6,41.7,24.0,25.7,2.9,2.0,7.9,8.0,7.9,6.0,25.0,24.8,14.9,20.8
1772940532.6574578,12.2,5.2,17.3,18.4,44.0,29.7,3.0,2.1,6.2,12.2,3.1,6.2,27.5,34.3,4.1,4.1,4.1,7.2,31.4,37.8,36.4,34.0,4.0,39.4,3.0,5.0,4.1,7.1,24.5,28.3,20.2,25.0,4.0,1.0,3.0,6.1,37.8,42.0,2.1,2.1,41.4,39.8,25.0,18.2,3.1,1.0,9.1,7.1,6.1,5.1,10.2,13.3,15.3,26.5
1772940533.6585076,14.3,7.1,15.0,17.3,35.1,37.0,5.1,3.0,3.1,4.0,6.0,4.0,31.3,31.0,19.2,20.0,10.1,11.2,38.4,32.7,35.0,39.6,24.0,48.0,4.1,5.1,6.0,10.1,22.0,36.6,15.2,19.0,5.1,3.0,4.0,2.0,41.0,42.0,2.0,5.0,40.6,41.6,17.0,24.0,6.0,6.0,10.0,9.0,5.1,7.1,14.0,12.2,19.0,19.2
1772940534.6596398,13.1,10.0,23.5,13.1,37.8,36.0,4.1,1.0,12.1,5.1,5.2,5.1,28.0,37.0,32.0,45.5,5.2,12.1,36.1,37.4,37.3,36.3,42.6,38.6,4.0,3.0,6.1,9.0,32.3,27.3,36.0,20.2,4.1,3.0,2.0,3.0,37.6,39.0,3.1,2.0,40.4,40.0,23.5,18.4,2.1,2.0,7.1,10.0,7.1,4.1,25.3,27.0,24.2,16.3
1772940535.6599548,13.1,8.1,15.8,23.0,35.4,37.0,6.0,2.0,9.3,5.1,5.0,5.0,29.0,34.3,26.0,28.3,15.3,8.2,40.2,27.0,37.6,42.6,46.5,20.8,5.1,5.9,6.0,11.0,31.0,29.0,43.1,28.7,6.1,1.0,3.1,1.0,42.6,37.6,3.0,4.0,40.6,41.6,22.0,30.0,4.0,4.0,9.1,8.2,7.1,8.0,15.3,17.0,25.3,21.8
1772940536.6600375,13.5,4.1,17.5,15.2,23.5,46.5,3.1,3.1,16.2,12.1,3.1,2.1,26.5,29.6,5.0,5.1,2.0,9.2,32.3,37.0,41.0,40.0,41.0,21.2,4.0,2.1,11.0,9.2,33.3,23.5,41.6,40.0,4.0,3.0,2.1,4.0,42.0,37.0,2.1,2.0,40.4,38.8,24.2,19.2,2.0,3.0,9.2,8.1,6.2,4.1,15.2,16.5,19.2,20.6
1772940537.6626704,10.5,6.0,14.3,17.2,28.3,38.6,4.1,1.0,4.0,3.0,3.0,5.0,29.0,32.7,17.2,14.1,6.1,9.0,37.0,30.0,31.0,39.2,44.6,27.7,4.0,4.0,6.1,8.0,20.2,28.7,41.2,40.6,4.0,4.0,4.0,1.0,38.2,40.0,7.1,9.2,32.0,33.7,20.0,19.6,3.0,3.0,6.1,8.0,5.9,6.1,17.8,19.2,21.2,13.0
1772940538.6695771,13.3,9.2,16.8,11.1,35.4,36.0,2.0,4.0,7.9,3.0,3.0,5.0,30.0,25.0,38.0,35.4,6.0,13.0,29.7,36.0,37.6,40.0,12.9,43.6,5.0,3.0,6.1,4.0,32.4,20.0,28.0,47.1,3.1,3.0,4.0,2.0,44.6,40.2,14.0,15.0,32.0,30.7,15.7,23.0,3.0,2.0,8.9,7.1,4.0,6.1,12.2,18.0,18.8,16.0
1772940539.6739812,13.1,8.0,11.2,18.2,42.4,33.0,3.1,3.0,10.4,13.4,4.1,5.1,34.0,29.0,27.8,28.9,13.1,7.2,36.4,40.0,36.6,39.6,13.1,28.0,4.0,4.0,9.2,9.2,35.0,25.3,40.6,35.0,7.1,5.9,3.0,3.0,40.0,37.0,2.0,1.0,31.0,29.3,22.0,22.0,3.0,4.0,10.0,7.1,8.0,6.1,24.0,25.0,16.3,19.2
1772940540.6755507,14.1,9.0,13.3,17.0,42.4,32.0,2.0,3.0,15.0,11.2,3.0,6.0,26.7,30.0,9.0,6.2,5.1,18.2,36.3,28.7,39.6,32.4,14.9,22.8,5.0,4.0,8.1,6.1,29.3,20.0,37.6,43.6,5.0,3.1,5.1,2.0,42.0,39.0,3.1,4.0,20.2,21.2,22.0,15.2,3.0,4.0,10.2,8.1,6.0,4.1,17.8,15.3,24.0,17.2
1772940541.675636,14.3,7.1,22.2,17.0,45.5,25.3,7.1,3.0,2.0,3.0,4.0,4.0,41.4,29.0,18.4,14.1,2.0,7.1,34.3,31.3,38.6,39.6,29.0,27.0,2.0,4.0,7.9,9.1,30.0,32.0,42.0,37.0,3.1,3.1,3.1,2.0,39.0,39.0,4.0,2.0,22.2,22.8,25.7,24.0,1.0,4.0,7.1,11.0,5.1,7.1,9.2,8.1,17.2,25.0
1772940542.6770272,14.1,10.1,17.5,25.3,42.9,35.0,11.2,4.0,9.1,6.1,4.0,6.1,33.7,35.6,35.7,27.3,12.1,15.2,42.0,38.6,39.8,42.6,35.4,24.0,4.0,5.0,8.2,6.1,34.0,30.3,51.0,26.3,5.0,4.0,2.0,6.1,45.5,40.0,4.0,4.1,23.0,23.0,24.0,29.7,4.0,4.1,12.0,9.0,9.1,8.1,24.8,28.0,27.3,20.6
1772940543.6801577,12.4,13.0,21.0,22.0,38.4,33.0,5.1,5.1,10.2,6.1,3.1,6.1,27.3,33.0,28.6,26.5,13.3,3.1,35.0,31.6,33.7,39.6,32.0,35.0,3.1,4.1,5.1,8.0,29.3,31.0,35.6,23.5,3.1,4.0,4.0,4.0,37.6,38.6,4.1,3.1,22.0,22.0,20.2,26.3,2.0,4.0,7.1,8.2,6.0,8.1,14.1,13.3,20.0,22.8
1772940544.680685,13.1,7.1,16.3,17.2,35.7,40.0,4.0,5.1,14.3,11.2,3.1,4.1,33.0,29.0,14.3,14.3,13.3,3.1,31.3,35.6,37.0,38.0,45.5,36.0,3.0,6.9,5.1,6.1,34.0,22.2,20.0,22.4,4.0,4.0,2.1,5.1,40.6,44.0,5.2,2.1,23.2,19.2,25.0,20.0,7.1,5.0,9.1,9.1,6.1,4.2,15.0,18.0,17.3,24.5
1772940545.680979,14.1,9.0,18.2,19.6,42.0,34.0,4.1,2.0,7.1,6.1,4.0,5.1,29.0,35.0,16.2,17.3,10.1,2.0,29.3,35.6,37.6,38.0,23.0,30.7,3.0,5.1,6.1,8.1,31.3,28.0,30.4,45.5,3.1,3.1,3.0,4.0,40.4,41.0,4.0,3.0,22.8,22.0,22.2,25.0,10.1,1.0,8.1,10.0,9.2,7.1,29.6,25.5,25.7,18.4
1772940546.68249,10.3,6.1,13.1,18.2,44.3,24.0,4.0,4.0,3.1,2.0,3.1,2.0,30.3,35.4,26.3,26.8,2.0,16.2,29.7,38.4,39.0,37.6,14.0,29.7,4.0,3.0,7.0,4.0,26.7,27.0,27.0,25.7,1.0,5.0,1.0,2.0,39.0,39.0,16.3,3.0,25.0,22.8,24.8,17.0,10.1,3.0,8.2,8.1,6.0,6.0,4.0,7.1,21.2,17.2
1772940547.683009,10.4,8.1,18.2,15.2,38.4,35.0,5.1,3.1,4.1,3.1,5.1,3.0,29.3,23.0,24.5,32.3,10.1,9.1,33.0,31.7,39.6,36.3,24.0,37.0,2.1,3.1,6.1,6.1,28.6,24.2,10.2,41.0,3.0,6.1,4.0,3.0,39.2,41.6,8.1,7.3,32.0,30.3,23.0,18.2,3.0,3.1,10.1,6.1,5.1,8.0,26.3,25.0,20.4,15.2
1772940548.6835568,8.3,8.0,14.3,12.1,33.0,37.6,3.0,2.0,15.2,6.1,4.0,4.0,38.6,24.0,17.3,17.3,12.0,2.0,27.3,27.3,30.7,35.6,26.7,26.7,4.0,3.0,3.1,7.0,26.0,23.8,30.7,45.1,2.0,3.0,3.0,2.0,38.0,42.6,4.0,1.0,31.7,31.4,18.0,15.0,1.0,2.0,9.0,6.0,8.1,4.0,13.0,12.0,17.2,14.1
1772940549.685186,15.2,10.2,25.3,22.0,33.7,46.0,4.0,2.0,13.3,13.9,4.1,5.0,32.7,32.3,12.4,14.1,7.1,10.1,33.0,44.0,40.0,40.6,33.7,24.0,4.1,4.0,9.0,8.1,33.7,36.0,39.0,43.0,3.0,6.1,2.0,6.1,36.4,43.4,16.3,6.1,32.0,34.3,29.3,27.3,2.0,4.0,6.1,13.0,5.1,9.1,7.1,7.1,24.0,24.0
1772940550.6906207,13.9,8.0,20.0,19.2,45.9,31.0,5.1,10.9,4.0,2.1,6.1,4.1,31.7,37.6,31.0,29.6,14.4,9.2,38.6,36.4,38.2,39.0,41.0,35.0,5.0,5.9,9.2,7.0,32.0,31.7,33.3,43.0,4.0,5.1,3.1,3.0,41.2,42.2,21.2,12.9,41.2,40.4,24.0,26.0,3.1,3.0,11.0,9.1,10.0,8.1,37.3,35.6,22.2,26.3
1772940551.69141,11.2,10.1,17.3,12.1,41.8,25.7,3.1,6.1,11.1,6.0,6.1,4.0,35.0,21.0,30.3,34.7,7.1,8.2,29.6,37.0,35.0,35.6,50.5,31.7,3.1,3.1,7.9,6.1,30.3,20.4,36.6,47.5,7.1,4.0,4.0,3.1,38.4,40.6,4.1,5.1,41.4,40.2,15.2,23.2,4.0,2.0,9.0,9.1,7.1,7.0,8.1,10.2,20.2,19.4
1772940552.691501,13.1,9.1,19.4,18.4,40.8,37.4,4.1,3.1,13.3,11.2,5.1,4.1,40.0,24.5,13.5,16.5,12.1,8.2,28.3,39.0,40.2,43.6,47.5,33.0,6.1,4.1,7.1,9.1,32.3,33.0,36.4,44.6,4.1,6.0,3.1,3.0,39.6,41.0,5.1,2.0,41.0,40.4,21.0,28.7,2.0,4.1,8.2,10.2,8.0,6.2,26.3,27.7,20.0,25.0
1772940553.693649,11.3,10.1,18.4,14.0,27.8,48.0,6.9,4.0,7.2,16.3,5.1,5.0,34.0,28.7,16.2,17.3,14.1,3.1,35.3,36.0,35.3,36.6,55.4,26.0,1.0,6.0,7.1,10.0,30.0,26.3,39.6,34.3,2.0,4.0,4.1,7.1,38.0,41.0,2.0,6.9,41.0,40.4,21.2,23.0,3.0,3.1,9.9,8.1,6.0,9.1,11.1,13.3,20.2,21.0
1772940554.7007763,12.0,8.2,18.2,20.2,40.4,34.7,4.0,2.0,5.1,2.0,3.1,6.9,25.7,37.0,36.4,25.5,9.1,10.0,36.7,36.3,35.0,35.3,46.5,33.0,4.0,5.0,5.1,6.0,34.3,29.4,25.0,23.2,5.0,4.0,1.0,2.0,40.6,41.2,2.0,4.0,39.6,40.6,22.0,23.0,3.0,5.0,7.1,8.1,7.0,6.1,23.0,22.8,24.0,16.0
1772940555.7031796,12.4,9.0,23.8,21.0,36.4,44.0,5.1,3.0,12.2,4.1,5.1,4.1,33.0,39.0,29.3,29.3,9.2,10.0,37.0,35.7,41.2,42.6,34.7,36.6,5.1,3.1,7.1,9.0,29.0,34.3,18.0,33.7,4.1,3.1,3.0,3.0,40.2,41.6,3.0,3.1,40.0,40.0,28.0,32.3,2.0,3.0,12.2,11.0,6.1,9.0,18.4,17.2,24.2,24.0
1772940556.7037492,12.2,9.1,18.4,18.4,38.1,32.0,4.0,4.0,11.2,12.1,4.1,4.1,32.0,36.0,12.2,13.3,8.2,7.2,40.2,36.4,38.6,37.0,34.0,27.7,3.0,6.0,7.0,8.2,29.7,34.0,51.5,23.0,5.0,3.0,2.0,5.1,39.0,43.0,4.0,2.0,40.6,41.0,26.0,25.7,4.0,2.0,8.0,11.1,5.1,5.2,11.9,13.1,20.2,22.0
1772940557.7050238,15.0,10.1,27.3,27.0,35.7,40.0,6.9,6.1,14.0,5.2,4.1,5.1,39.0,27.6,19.2,18.0,10.2,7.2,42.0,37.0,38.0,42.0,43.6,34.0,5.1,3.1,5.2,7.1,36.6,30.3,44.0,19.8,4.0,5.1,4.0,2.0,39.0,42.0,4.0,7.1,40.4,40.0,28.3,29.3,2.1,2.0,11.3,10.2,8.1,9.0,22.2,22.2,29.0,23.2
1772940558.705108,12.1,9.2,17.0,17.3,37.4,39.6,1.0,3.0,5.1,3.0,5.0,4.1,36.4,29.0,32.3,27.8,8.2,6.1,34.3,29.3,40.6,35.0,39.6,34.3,3.1,5.0,6.1,8.0,26.5,28.3,48.0,29.0,2.0,6.0,2.0,3.0,39.6,39.0,4.1,4.1,24.0,23.0,22.8,20.0,4.0,3.0,8.0,8.0,5.1,6.1,14.3,14.0,17.2,21.4
1772940559.7066998,13.7,10.2,19.4,14.4,43.9,31.3,5.0,3.1,13.3,8.2,5.0,6.0,30.7,36.0,32.3,24.2,5.1,16.2,40.0,37.6,39.0,37.0,9.2,46.5,5.1,5.1,9.2,4.0,34.0,25.0,46.1,20.8,5.0,5.1,2.0,5.0,41.0,40.6,19.2,6.2,22.0,21.2,28.3,23.0,6.0,2.0,7.1,9.1,7.1,7.1,20.0,20.2,23.2,18.0
1772940560.7098966,12.2,9.0,24.8,12.1,42.4,30.4,8.2,2.0,8.0,9.1,4.1,3.0,37.6,29.0,11.1,14.1,4.0,9.1,37.0,34.3,39.8,37.9,27.5,27.3,3.1,5.0,8.2,7.0,30.0,23.8,26.3,34.0,5.0,5.1,5.0,2.0,43.1,39.0,4.0,5.1,15.0,14.0,27.0,21.2,5.0,3.0,7.0,8.2,7.0,7.1,14.9,15.2,22.0,25.3
1772940561.7102764,10.3,9.3,23.0,19.4,29.6,43.0,4.0,5.9,12.4,6.1,10.0,4.1,34.0,28.0,16.2,13.4,5.1,15.2,39.0,31.3,36.0,39.0,32.3,41.0,6.1,3.0,5.1,8.1,33.0,28.3,45.5,36.6,6.2,5.1,6.1,2.0,39.4,41.0,4.0,5.0,11.2,11.2,26.3,23.0,1.0,5.0,11.1,11.2,7.1,5.1,10.1,15.0,18.4,21.2
1772940562.7122283,17.6,11.0,26.5,24.5,42.4,39.6,2.1,4.1,8.1,9.2,5.1,7.1,40.0,31.3,32.3,34.3,5.1,17.2,37.4,42.0,41.2,38.0,23.0,40.6,7.1,7.1,6.9,11.1,32.0,36.6,46.0,34.0,6.1,3.1,4.0,5.0,40.6,42.6,4.0,3.1,18.2,16.8,28.0,29.0,4.0,4.1,9.1,14.3,9.1,10.0,26.0,25.5,25.3,26.3
1772940563.7123222,12.2,8.9,15.0,15.3,32.7,32.0,4.0,4.1,5.2,10.3,4.1,4.1,32.7,31.7,33.3,28.9,22.2,2.1,31.3,31.0,39.6,40.6,27.3,39.6,4.1,4.0,6.1,5.1,27.3,25.5,44.6,35.6,5.1,3.1,3.1,3.1,41.0,39.6,4.1,2.1,33.3,31.3,20.4,17.2,3.1,5.1,8.2,5.1,7.1,5.2,16.3,14.0,20.2,16.8
1772940564.7124114,10.1,9.8,12.9,12.9,34.3,33.7,3.0,3.0,5.9,3.0,5.0,3.9,27.2,22.8,13.7,12.0,3.0,9.8,33.3,31.7,37.3,32.7,33.3,50.0,3.9,4.0,5.0,5.9,18.4,29.8,41.7,21.4,5.0,4.9,2.0,3.0,42.2,38.2,3.0,5.9,34.3,31.4,14.7,18.4,4.0,1.0,6.9,7.8,5.9,6.9,13.0,14.9,13.9,18.8
1772940565.7136655,13.4,13.7,19.8,22.9,36.5,41.0,4.0,10.5,10.4,12.5,4.2,3.2,32.0,39.4,18.6,18.8,6.1,17.3,42.4,31.6,41.8,37.4,30.3,50.0,4.1,4.1,8.2,8.2,33.7,31.3,40.0,33.7,4.1,4.2,3.1,4.1,41.8,40.4,3.1,3.1,40.4,41.8,26.3,28.6,2.1,4.1,10.3,8.3,6.2,6.2,24.0,25.5,24.2,26.8
1772940566.713749,10.4,10.1,16.2,18.4,29.6,41.8,1.0,2.0,5.2,12.1,4.0,6.1,30.3,38.4,25.8,32.7,14.1,2.0,32.7,31.3,36.6,34.0,41.0,36.0,3.0,5.1,8.1,6.0,33.7,28.0,36.0,33.0,6.0,2.0,5.0,2.0,39.6,41.0,2.1,3.0,30.3,31.3,22.2,26.0,3.0,3.1,8.1,10.1,6.1,8.1,10.2,9.4,17.2,21.4
1772940567.7172515,12.4,10.0,19.4,17.0,32.7,39.2,5.0,5.0,10.0,4.1,3.1,4.0,24.8,37.8,26.3,25.8,7.1,6.1,34.3,31.7,37.0,37.0,26.7,23.8,3.1,4.0,7.1,8.1,20.2,30.3,29.3,29.7,4.0,2.0,2.0,3.0,40.6,42.0,4.0,4.0,31.7,30.4,24.0,20.8,1.0,3.0,11.1,6.9,5.1,8.0,18.2,19.0,19.2,19.0
1772940568.7226558,12.2,9.0,16.2,12.1,31.0,41.0,1.0,3.0,3.0,5.0,4.0,7.0,30.0,31.7,15.2,13.0,10.0,8.2,33.0,37.9,33.7,36.3,20.2,28.0,4.0,5.9,3.1,4.0,27.7,21.8,24.0,37.6,5.1,3.0,3.0,3.0,39.2,39.6,5.0,18.2,30.4,33.0,17.8,20.2,4.0,5.0,10.0,8.9,5.9,6.1,19.6,21.8,18.2,14.1
1772940569.7242677,12.1,10.0,17.8,16.2,32.7,39.0,3.0,7.1,4.1,11.2,5.9,4.1,30.7,30.3,18.0,20.4,2.0,7.1,34.0,37.0,36.3,38.6,23.8,37.6,5.0,5.0,8.0,7.0,31.3,25.3,21.6,42.2,4.0,5.0,3.0,6.1,41.0,40.2,6.2,9.3,31.7,30.7,19.2,23.8,1.0,2.0,6.1,8.1,6.0,7.1,7.2,9.1,20.8,20.2
1772940570.7261767,12.9,10.0,17.3,18.8,30.6,43.0,6.1,2.0,13.1,10.1,5.1,6.0,33.3,34.7,27.1,32.0,16.2,15.2,32.0,41.4,41.6,37.6,20.0,40.0,6.0,4.1,8.2,8.1,26.0,32.7,33.3,49.5,7.0,5.1,3.0,3.0,39.6,38.2,5.1,19.0,33.0,36.0,22.8,24.0,5.0,4.0,8.0,8.1,5.1,9.1,28.7,27.3,19.2,20.4
1772940571.7300794,12.4,8.2,20.4,16.7,51.0,27.7,5.1,4.1,11.2,5.1,6.1,4.1,26.0,39.0,30.3,32.7,8.2,6.2,33.7,38.0,39.0,39.6,14.1,37.6,8.2,5.1,10.1,10.1,27.3,31.3,41.2,37.6,8.1,3.0,3.1,4.0,38.4,41.8,8.2,20.2,40.6,40.0,23.5,23.2,3.0,3.0,10.2,8.2,7.1,7.1,10.1,11.1,22.2,22.8
1772940572.7308095,11.2,9.1,20.0,18.0,34.0,44.6,6.0,3.0,10.2,3.1,4.0,5.1,30.0,36.4,18.6,19.2,11.2,13.0,35.0,34.3,36.6,41.2,22.0,37.3,5.0,5.0,6.1,8.1,34.7,30.0,45.5,34.7,4.0,5.1,4.0,2.0,39.2,41.2,9.0,6.1,39.6,40.6,23.2,19.8,3.0,4.1,12.0,9.0,6.1,8.2,25.0,24.0,20.0,23.0
1772940573.7315986,13.1,10.1,22.4,23.2,33.3,44.4,2.1,4.1,11.1,4.1,5.1,6.1,32.3,35.4,22.7,15.5,4.0,8.2,33.3,37.0,43.0,38.4,19.2,25.5,4.1,5.1,8.2,7.1,39.4,27.0,23.2,36.4,4.1,4.0,2.1,2.1,38.4,41.4,2.0,4.0,39.8,40.4,31.7,23.0,3.1,3.1,9.2,10.0,7.2,8.0,15.2,14.3,24.5,22.7
1772940574.731996,14.0,11.1,28.0,25.3,35.0,40.6,4.0,5.1,14.1,15.0,7.0,6.1,37.0,37.0,24.2,30.3,16.2,11.1,41.0,36.6,42.2,39.6,28.7,32.7,9.1,7.0,9.0,9.1,40.6,28.0,32.7,38.0,5.1,5.0,5.1,5.1,44.0,36.6,4.1,4.0,42.6,39.6,30.7,27.3,7.0,2.0,14.1,8.2,9.0,7.1,20.2,20.0,26.0,25.0
1772940575.7322104,12.2,10.1,24.2,22.7,40.2,41.0,4.1,1.0,6.1,7.2,3.1,5.2,32.0,32.0,26.3,29.6,8.3,10.0,35.7,37.4,40.0,41.0,50.5,28.3,8.1,12.1,8.2,9.1,37.8,29.3,30.0,38.0,5.1,6.1,3.1,5.1,45.0,40.0,4.1,4.1,40.0,40.4,28.6,24.0,2.0,7.0,12.1,8.1,8.1,7.2,19.0,20.4,20.2,29.0
1772940576.7419145,15.2,11.9,19.8,19.6,34.7,38.2,2.0,4.9,11.1,4.1,5.1,5.0,36.0,31.0,24.2,20.4,10.9,12.0,36.0,39.6,39.6,42.7,22.0,38.6,4.0,8.1,8.0,7.9,32.7,32.0,38.0,31.0,5.0,8.9,3.0,2.0,41.0,42.0,2.0,1.0,33.0,32.0,21.8,25.3,4.0,2.0,9.9,7.1,7.0,8.0,14.0,12.1,22.0,20.2
1772940577.7419932,13.1,11.2,19.6,15.3,34.7,37.4,4.0,4.0,6.1,3.1,5.9,3.1,28.3,31.7,20.4,18.4,2.1,5.1,32.3,32.0,39.6,37.6,24.2,27.3,3.1,6.1,8.0,6.0,32.3,23.0,34.7,41.6,4.1,2.0,3.0,2.0,38.2,40.6,5.1,1.0,30.0,31.0,29.3,26.0,3.1,4.1,8.2,11.0,6.1,6.1,26.0,26.7,22.2,19.0
1772940578.7420707,13.0,10.1,21.0,20.6,45.9,31.0,1.0,4.1,14.0,19.2,4.1,6.1,40.6,32.0,25.3,18.4,9.1,13.1,43.0,35.0,42.2,42.0,42.6,26.0,6.1,3.0,5.2,10.2,35.4,24.5,39.6,18.2,8.1,3.0,4.1,3.0,38.6,42.6,5.1,4.1,24.5,26.0,30.0,27.7,3.1,3.0,13.0,9.1,8.2,9.1,12.2,9.3,24.0,23.5
1772940579.742157,12.2,8.2,22.2,21.2,32.7,41.6,5.1,1.0,3.1,6.1,5.0,5.1,30.0,32.7,23.2,20.4,9.1,2.1,35.0,38.0,36.4,36.0,60.8,0.0,5.0,5.9,6.1,7.1,35.3,33.0,43.0,9.0,5.1,3.0,4.0,1.0,38.4,40.4,4.1,3.0,11.1,12.2,26.0,26.3,3.0,4.0,9.1,9.0,6.1,7.1,20.2,21.2,20.4,23.2
1772940580.7422457,13.3,10.1,23.2,16.3,36.0,39.4,13.1,5.0,5.1,10.1,7.1,5.1,37.0,31.0,15.3,23.7,9.1,8.2,39.4,29.7,40.2,41.6,51.5,10.1,3.1,3.0,8.1,4.1,31.6,35.3,47.6,19.0,2.0,4.1,3.1,3.0,41.6,42.2,7.1,4.1,12.0,12.0,25.3,26.7,5.0,2.0,11.1,7.1,5.1,7.1,16.0,18.0,20.2,25.0
1772940581.7423308,10.4,9.0,15.0,18.0,41.8,25.0,8.8,3.1,5.1,4.1,5.1,4.0,34.0,19.0,21.4,29.2,9.2,9.3,38.0,28.0,36.4,37.3,42.6,41.2,5.9,4.0,6.1,6.0,27.7,28.0,30.0,48.0,6.0,6.0,2.0,5.1,39.6,41.0,14.4,12.0,18.4,24.0,23.2,18.2,2.0,8.1,8.0,8.1,7.0,7.9,15.2,15.2,21.2,18.2
1772940582.7440624,15.3,7.1,18.2,14.1,39.8,32.7,2.1,5.1,7.1,14.0,3.1,4.1,34.7,32.3,25.5,21.0,10.0,7.1,32.0,40.0,35.6,37.0,43.0,34.0,3.0,5.1,8.0,10.0,31.6,30.3,32.7,45.0,3.0,5.0,4.1,3.1,40.0,43.0,3.0,4.1,22.8,21.2,26.0,18.2,4.0,3.0,6.1,11.9,6.0,5.2,25.0,25.0,24.0,17.3
1772940583.7467856,11.3,8.1,17.3,22.0,46.5,30.0,6.0,2.0,5.3,13.3,7.0,5.1,40.4,29.7,17.2,19.6,8.2,11.1,39.0,34.3,41.6,38.0,49.5,32.0,2.0,4.1,6.1,6.0,34.3,25.5,42.6,39.0,3.0,4.1,3.0,5.1,41.4,39.6,2.0,6.0,32.7,32.0,19.8,27.0,4.0,4.0,8.0,8.2,4.2,8.1,10.1,11.2,23.2,18.0
1772940584.7477567,13.1,11.9,16.2,20.4,47.5,26.3,4.0,3.1,4.0,6.1,4.1,6.1,32.7,29.0,27.3,26.3,9.2,10.1,39.0,36.4,38.6,42.7,33.0,39.6,3.0,7.0,10.9,6.1,36.0,26.0,40.2,41.6,3.0,5.1,4.0,3.0,39.6,42.6,4.0,1.0,41.6,40.6,25.7,19.8,2.0,3.1,9.2,9.1,6.1,9.0,26.0,29.0,18.2,24.7
1772940585.747849,11.2,8.2,14.3,18.4,39.4,30.0,3.1,3.1,9.2,12.2,5.2,4.1,30.6,32.3,36.7,32.7,11.1,10.3,32.0,38.0,37.0,39.4,23.2,39.0,5.1,4.0,7.1,9.0,27.0,26.0,32.0,25.0,3.0,5.1,1.0,4.1,36.6,39.4,3.1,3.1,40.0,39.4,23.2,20.8,4.1,2.0,8.1,8.0,7.1,5.2,18.0,17.8,23.2,16.2
1772940586.7501273,13.3,9.1,17.3,15.2,41.6,31.7,5.0,2.0,13.1,6.1,4.0,3.1,28.0,31.0,21.2,19.2,7.2,11.0,29.0,33.0,39.6,33.7,26.0,31.0,4.0,2.0,8.9,2.0,26.3,22.0,13.0,23.0,3.0,5.1,4.0,1.0,44.0,41.2,1.0,1.0,40.0,39.0,18.0,20.2,5.0,2.0,8.0,7.1,4.1,6.1,16.3,18.2,19.8,18.0
1772940587.752094,12.2,6.1,18.6,17.3,49.0,28.0,4.0,3.1,8.2,4.0,4.0,5.0,37.6,23.8,10.2,10.3,10.0,8.2,36.6,35.6,39.6,41.0,30.0,12.0,5.0,4.0,5.1,8.0,32.7,30.0,50.5,13.0,3.0,4.0,1.0,4.0,33.3,44.0,4.0,4.0,33.3,33.7,20.4,25.3,1.0,4.0,8.0,9.0,7.1,7.1,22.0,24.0,24.2,16.2
1772940588.7521718,11.2,7.1,29.4,25.0,46.5,33.3,2.1,2.0,3.0,3.1,4.0,2.0,42.4,35.0,18.2,23.8,1.0,3.1,24.5,19.2,39.2,42.2,24.0,2.0,1.0,3.1,3.1,4.0,33.0,40.0,54.0,7.1,4.0,2.0,3.1,2.0,29.0,25.0,3.0,0.0,30.3,30.0,34.0,32.0,2.0,0.0,8.2,7.0,3.0,5.0,9.2,9.1,11.1,16.2
1772940589.7535298,12.1,7.8,36.0,32.7,31.3,48.0,3.0,3.0,2.0,3.0,3.0,3.0,42.6,35.7,16.7,20.2,7.0,6.9,24.8,24.0,37.6,40.2,13.0,18.2,1.0,3.0,3.0,5.0,42.0,32.7,54.9,1.0,2.0,3.0,2.0,3.0,26.5,27.0,0.0,4.0,30.7,30.7,36.3,35.0,1.0,1.0,5.9,8.1,5.9,4.1,6.0,6.1,14.1,14.1
1772940590.7541022,11.2,5.1,17.3,15.3,35.4,43.9,2.0,6.0,3.0,6.1,2.0,4.0,35.0,31.3,15.2,18.4,4.0,5.1,20.2,17.2,39.6,42.0,30.3,31.3,2.0,3.0,2.0,3.0,30.3,32.0,43.0,12.0,2.0,5.2,3.0,4.0,28.0,30.0,2.0,5.2,31.0,30.3,24.2,24.0,3.0,2.0,4.1,7.1,4.1,5.0,11.1,10.2,6.1,18.2
1772940591.7556415,10.4,6.1,25.0,26.5,33.3,40.0,4.0,3.1,5.2,6.2,5.1,3.0,37.0,34.3,10.2,10.3,5.0,6.1,38.0,36.0,38.0,40.6,29.0,33.3,3.0,3.0,6.0,6.1,34.0,34.0,46.6,15.2,2.0,4.0,5.0,1.0,37.0,35.0,11.0,16.3,30.0,32.7,32.7,28.0,2.0,2.0,9.8,13.0,5.0,4.1,4.0,6.1,23.0,19.0
1772940592.759203,11.5,6.9,21.4,17.2,30.0,42.6,2.1,2.0,4.0,12.7,3.0,4.0,34.0,34.0,14.1,17.3,6.1,5.1,26.0,26.0,41.0,36.0,53.5,22.2,2.0,4.0,5.1,3.0,27.0,33.7,41.0,20.8,4.0,3.0,5.0,3.0,27.5,29.3,2.0,3.0,31.4,31.7,26.3,28.0,3.0,4.0,7.1,7.0,7.0,5.0,24.5,22.0,18.6,15.2
1772940593.7611065,10.3,5.1,22.0,26.3,29.0,48.0,4.0,1.0,3.1,3.0,2.0,1.0,35.6,37.6,11.1,11.0,2.0,2.0,23.0,21.0,38.2,39.0,41.2,21.0,2.0,0.0,4.0,2.0,34.0,36.4,32.7,26.0,3.0,1.0,2.0,3.0,25.5,27.0,2.0,2.0,30.3,31.0,27.0,27.3,1.0,0.0,6.0,7.0,2.1,3.0,9.1,10.1,11.0,12.0
1772940594.7615116,8.4,9.3,19.2,21.4,29.6,45.0,4.0,5.1,11.1,3.1,4.0,4.0,35.4,29.3,21.2,18.2,9.2,9.1,29.0,32.3,41.0,41.6,40.6,17.2,5.0,4.0,7.1,5.0,30.0,39.0,30.3,34.7,3.0,4.0,7.0,2.0,37.6,37.6,5.1,3.0,25.7,26.7,27.0,29.7,2.0,2.0,9.2,10.1,7.0,6.1,11.2,11.1,23.5,19.2
1772940595.7620864,12.1,10.0,22.2,26.0,45.0,32.0,4.1,4.0,6.1,11.0,4.1,4.1,39.6,36.3,22.0,24.8,7.2,6.1,31.3,40.0,41.6,40.6,41.0,6.1,9.1,5.1,5.1,8.2,32.0,38.6,25.0,38.4,6.1,5.0,6.1,3.1,37.0,36.4,17.2,8.2,22.0,20.2,29.3,30.0,4.1,3.0,11.1,10.0,6.2,6.1,9.1,11.1,24.5,24.5
1772940596.7625873,9.6,6.0,21.2,20.4,34.7,40.4,1.0,5.1,3.1,5.2,3.0,4.0,29.0,32.3,17.3,22.9,7.1,4.1,20.0,27.7,37.0,38.6,58.3,3.0,4.1,2.0,3.1,4.0,28.0,30.6,37.6,42.6,3.1,4.1,1.0,5.1,26.7,28.0,18.6,10.2,26.0,28.0,19.0,31.0,3.0,1.0,6.1,5.1,5.1,5.0,26.7,24.5,17.3,13.0
1772940597.7626774,14.0,8.2,14.1,13.3,33.3,36.0,4.0,3.0,7.1,7.1,4.0,5.1,36.0,27.3,19.4,18.2,9.1,11.0,32.3,26.0,36.3,40.0,50.5,24.0,5.1,1.0,5.1,9.0,21.2,26.0,7.1,42.6,3.0,3.1,7.1,4.0,37.6,38.0,6.1,8.0,21.2,21.0,16.0,17.2,2.0,0.0,7.1,7.1,6.0,8.1,9.0,10.1,18.2,17.3
1772940598.763503,10.3,5.0,23.0,20.6,49.0,31.7,1.0,5.1,5.0,9.1,3.0,4.0,36.6,38.6,10.2,12.1,2.0,2.0,23.8,17.2,39.8,37.6,43.6,24.0,3.0,3.0,2.0,3.0,34.0,28.0,1.0,41.2,2.0,3.0,2.0,0.0,25.0,24.8,2.1,2.0,21.0,22.8,26.0,24.8,4.0,2.0,5.0,7.0,3.0,4.1,4.1,7.1,14.1,12.9
1772940599.7645192,12.2,8.1,30.0,23.5,45.5,28.3,2.0,1.0,5.1,6.1,3.0,3.0,31.0,38.4,16.2,29.0,9.2,9.1,31.7,29.0,39.0,39.0,52.5,29.0,3.0,4.0,7.0,3.1,35.0,30.3,24.0,34.7,8.2,1.0,2.0,2.0,26.3,31.0,1.0,3.0,22.0,21.0,28.7,29.3,2.1,2.0,8.1,7.0,3.1,4.1,30.0,26.0,17.0,15.5
1772940600.765902,10.5,5.9,28.3,25.5,34.3,46.1,1.0,4.0,1.0,3.1,2.0,3.0,40.0,36.6,20.2,20.4,2.0,1.0,16.2,16.2,39.6,42.7,36.0,40.0,2.0,1.0,2.0,3.0,35.0,38.4,52.0,31.0,19.0,2.0,2.0,4.0,25.7,14.1,1.0,3.0,18.0,18.2,34.3,35.6,2.0,0.0,4.0,4.0,4.0,4.0,4.0,4.1,15.0,8.2
1772940601.7671716,11.5,6.0,27.7,21.8,34.3,40.0,4.0,1.0,13.1,11.2,4.0,4.0,31.0,42.0,17.0,15.2,9.1,11.1,21.6,29.0,37.6,39.6,41.0,33.7,5.0,2.0,5.0,6.0,32.4,31.7,50.0,29.7,31.7,3.0,5.9,2.0,36.0,28.0,3.0,2.0,12.0,12.0,24.0,27.0,2.0,2.0,6.0,8.2,6.0,6.1,8.1,15.0,17.2,15.0
1772940602.7702503,15.0,8.2,15.5,20.6,39.6,34.0,1.0,2.0,2.0,7.1,5.1,4.1,34.0,32.7,16.5,11.3,9.2,9.1,40.8,33.0,37.6,35.6,31.0,30.7,4.0,4.0,7.0,6.1,30.0,25.0,47.1,14.0,3.0,3.1,2.0,3.0,44.0,36.6,5.0,1.0,22.8,15.2,26.0,23.0,3.0,2.0,11.1,9.0,7.1,8.9,13.0,14.9,22.2,21.2
1772940603.7738073,10.1,10.0,18.0,19.2,30.3,43.0,4.1,1.0,9.2,4.1,3.0,2.0,31.0,32.0,18.2,14.9,3.0,1.0,29.7,28.7,40.2,36.6,23.0,24.8,2.0,3.0,5.0,6.0,28.0,35.4,38.2,8.1,5.1,4.0,5.0,2.0,28.3,28.0,2.0,3.0,20.2,22.0,27.7,23.8,3.0,3.0,9.2,4.0,5.1,4.1,21.0,19.4,16.0,20.0
1772940604.7757003,12.2,8.1,28.6,26.0,32.3,42.0,2.0,2.0,5.1,6.1,3.1,3.0,33.7,41.6,25.3,25.3,9.1,9.1,27.0,27.3,38.4,43.6,30.0,8.2,3.0,0.0,3.0,3.1,33.3,36.6,26.0,14.9,2.0,2.0,0.0,2.0,29.7,27.3,0.0,2.0,21.0,21.0,31.7,35.6,1.0,2.0,6.1,8.0,5.0,6.1,2.0,5.1,11.0,17.5
1772940605.7783186,8.4,7.1,27.5,29.3,40.0,38.6,4.0,4.0,2.0,4.0,3.0,4.0,43.6,31.0,22.2,19.4,3.0,1.0,30.0,20.0,38.6,42.2,21.8,16.7,3.0,2.0,4.1,2.0,39.2,34.7,29.7,11.0,2.0,3.9,3.0,3.0,21.2,24.0,3.0,1.0,21.8,27.7,32.7,29.7,2.0,2.0,5.0,7.0,4.0,5.1,11.0,11.9,15.2,13.9
1772940606.7783892,11.6,9.0,27.3,30.3,43.9,37.0,3.0,3.1,3.1,2.0,2.1,4.1,39.4,34.3,12.1,11.2,3.0,2.0,33.7,22.4,43.1,40.6,29.0,12.2,3.1,2.0,6.1,5.1,33.3,39.8,24.0,21.4,2.0,2.0,3.1,2.0,28.3,27.3,1.0,2.0,30.3,30.3,33.7,32.7,1.0,1.0,6.1,7.1,4.0,5.2,3.0,3.1,14.4,8.2
1772940607.78057,8.6,9.2,13.1,16.0,26.3,44.6,2.0,3.0,4.1,11.0,7.0,4.0,27.3,29.7,7.1,8.0,14.1,13.1,31.0,28.4,37.0,31.0,42.0,28.0,3.0,3.1,7.1,8.0,23.5,23.0,36.6,38.2,2.0,4.0,1.0,1.0,35.6,41.0,2.0,3.0,31.3,32.7,18.6,15.2,2.0,3.0,12.9,4.0,5.1,6.1,21.8,19.2,16.7,16.2
1772940608.7806358,18.0,9.2,15.3,16.3,36.0,37.0,4.1,2.1,8.1,16.5,8.1,5.1,26.3,35.4,32.7,30.9,7.1,6.1,35.4,34.0,41.0,36.0,41.0,40.6,7.1,5.0,8.1,7.1,27.0,31.0,26.0,41.0,4.1,3.1,3.1,3.0,38.4,42.0,3.0,2.1,36.0,39.4,24.2,24.0,3.0,4.1,8.2,8.2,4.1,7.1,19.4,18.2,18.6,25.0
1772940609.781183,14.3,10.1,20.4,21.2,49.5,25.0,5.2,4.0,10.3,6.1,7.1,8.2,43.0,31.7,34.4,36.7,16.2,10.1,36.6,43.0,40.8,38.6,44.1,23.0,3.0,6.0,5.1,7.1,38.0,28.3,33.0,36.0,4.0,4.0,3.0,3.1,41.6,44.7,3.1,3.1,41.0,39.0,23.0,26.3,3.1,2.0,11.1,9.1,7.1,7.1,14.1,15.2,27.0,17.3
1772940610.784676,11.0,9.1,19.2,19.8,49.5,24.8,4.0,2.0,3.1,3.0,7.1,5.0,30.0,30.3,15.2,14.3,2.0,12.1,28.0,38.6,37.4,41.6,54.5,7.0,5.1,4.0,9.9,3.0,31.0,22.0,25.7,38.8,6.0,2.0,4.0,2.0,40.0,42.0,4.0,5.0,40.6,41.0,15.2,26.5,2.0,3.0,7.1,8.1,6.1,5.0,27.7,20.4,23.2,20.8
1772940611.78799,9.2,5.0,24.0,24.0,51.5,27.0,3.0,2.0,6.0,10.0,4.0,2.0,36.0,39.6,7.0,7.1,1.0,1.0,20.4,18.0,42.7,40.2,39.6,27.0,2.0,3.0,4.0,1.0,32.4,37.9,20.8,23.8,2.1,2.0,1.0,3.0,20.2,24.0,6.1,16.2,40.0,41.0,30.0,28.4,1.0,2.0,7.0,5.9,4.0,5.0,11.0,12.9,10.0,12.4
1772940612.7880769,15.5,11.1,31.6,25.5,32.7,45.0,4.0,1.0,2.1,2.0,3.0,3.0,36.0,34.0,12.2,9.1,13.0,4.0,21.0,26.0,36.6,38.0,42.6,37.6,2.0,4.0,6.0,2.1,32.7,30.3,10.2,29.3,4.0,3.1,3.0,2.0,41.0,27.7,5.2,5.0,37.4,38.0,29.0,33.0,5.0,1.0,8.1,6.1,5.1,6.1,4.0,4.0,16.3,14.1
1772940613.7897935,12.4,13.0,23.5,19.2,42.4,36.0,3.1,3.0,7.2,16.5,4.1,5.1,32.7,41.0,18.0,27.6,11.2,9.2,31.6,33.0,40.0,39.6,31.3,50.5,3.0,5.1,7.0,7.0,38.0,31.0,37.6,23.0,2.0,5.1,3.0,3.0,37.6,36.0,3.0,3.1,30.7,32.0,27.3,23.2,4.0,3.0,9.9,9.1,5.1,6.1,15.2,17.3,17.0,18.0
1772940614.7898796,11.3,6.1,32.7,31.6,36.4,42.6,4.0,3.0,4.0,2.0,3.1,2.0,40.4,37.4,28.6,30.6,0.0,2.0,26.0,26.3,41.6,42.2,32.0,40.6,2.0,4.0,3.1,4.0,38.0,36.0,39.6,34.0,1.0,3.0,2.0,3.0,32.3,28.3,1.0,2.0,30.7,30.0,37.6,39.0,2.0,2.0,6.1,7.1,6.1,5.1,17.0,16.2,12.2,12.4
1772940615.7914913,14.1,9.0,17.3,22.0,45.0,32.0,7.1,1.0,8.2,5.0,5.0,5.0,29.0,36.3,19.4,17.2,9.9,3.0,31.7,34.7,37.3,39.2,29.0,44.6,4.0,3.0,7.1,7.0,31.0,28.0,53.5,27.5,4.1,5.0,3.1,2.0,41.6,38.6,5.0,2.0,28.0,26.0,22.0,24.8,4.0,2.0,8.1,10.9,8.0,7.0,13.1,14.1,16.0,21.2
1772940616.793397,10.3,7.1,19.0,21.0,40.0,31.0,7.1,3.0,5.9,2.1,2.0,3.0,35.0,28.3,6.2,6.1,4.0,9.9,27.0,27.7,39.4,40.6,20.0,34.0,1.0,1.0,4.0,6.1,34.0,26.5,30.7,38.6,3.0,2.0,4.0,2.0,29.3,27.3,4.0,3.0,21.2,22.8,27.7,21.2,2.0,2.0,8.1,6.1,5.1,2.0,3.0,3.1,17.2,15.2
1772940617.7934809,11.5,9.1,35.7,32.3,33.7,45.5,2.1,2.0,4.1,6.1,4.0,5.1,43.4,30.3,13.1,12.0,8.2,10.2,20.4,21.2,44.6,38.6,20.2,21.2,2.0,2.0,3.0,2.0,41.4,36.0,26.7,35.0,3.0,2.0,1.0,2.0,20.0,20.0,0.0,1.0,20.8,21.2,39.4,34.7,3.0,2.0,7.0,5.0,4.0,4.0,11.1,12.9,13.3,11.1
1772940618.793563,9.4,4.0,27.3,23.5,32.3,44.6,1.0,1.0,3.1,3.0,1.0,1.0,37.4,34.7,11.2,10.1,2.0,1.0,5.1,7.1,37.6,40.0,21.0,20.0,1.0,2.0,2.0,3.0,32.3,35.6,34.7,19.2,4.0,4.0,3.0,2.0,13.1,13.3,2.1,0.0,21.0,20.8,34.7,29.0,1.0,2.0,3.1,3.1,3.0,3.0,19.0,17.2,7.0,10.0
1772940619.7937958,6.5,3.0,22.2,17.2,46.0,31.3,2.0,1.0,6.0,7.1,4.0,5.0,34.7,36.0,16.0,10.1,2.0,3.0,23.2,23.8,40.6,38.2,10.0,17.2,2.0,1.0,4.1,4.0,29.7,32.4,34.0,20.8,2.0,2.0,2.0,4.0,27.7,26.5,2.0,3.9,14.0,12.0,27.3,23.2,3.0,2.0,6.0,6.9,4.0,5.1,8.1,7.0,16.0,16.0
1772940620.794549,14.1,9.2,25.5,25.5,45.5,34.3,2.1,2.0,7.2,8.0,3.1,3.0,40.4,31.0,16.3,16.0,2.0,3.1,32.0,26.5,35.4,39.6,11.2,31.7,2.0,1.0,3.0,3.0,35.4,29.0,24.0,13.1,3.0,2.0,1.0,3.0,30.3,34.0,2.0,3.1,11.1,12.0,31.3,28.0,1.0,2.0,9.0,7.1,5.1,6.0,6.1,3.1,13.1,16.2
1772940621.7950342,12.4,9.0,19.2,12.0,36.0,37.3,4.1,1.0,6.1,9.1,6.0,5.1,30.7,24.0,23.0,21.4,15.2,14.1,32.0,36.3,38.6,33.7,27.0,27.0,4.0,3.1,7.1,3.1,32.3,23.5,30.0,28.7,4.0,4.1,4.0,7.1,40.6,39.4,4.0,2.1,13.9,13.0,20.0,21.2,4.0,3.0,8.2,7.1,7.1,6.1,12.2,16.2,21.0,20.2
1772940622.7987843,13.3,10.1,23.0,19.2,45.0,30.3,5.9,2.0,12.2,6.1,3.1,4.0,39.0,28.3,23.2,28.9,5.0,4.0,35.0,35.0,39.2,39.2,50.0,30.7,4.0,4.9,7.9,8.0,34.3,27.7,38.2,39.6,1.0,4.0,2.0,1.0,39.6,39.6,2.0,3.0,21.0,20.0,29.7,22.8,3.0,1.0,8.0,9.1,7.0,8.1,25.5,27.0,23.8,20.2
1772940623.7988808,13.0,9.1,19.0,21.4,30.9,41.0,3.1,3.0,11.1,4.1,4.1,4.1,36.0,34.0,25.3,19.6,7.1,20.0,35.6,36.0,40.0,41.0,41.0,41.0,4.1,2.0,6.1,6.1,31.0,32.7,35.4,35.6,3.1,4.0,3.1,7.1,38.0,38.4,5.1,1.0,24.2,22.2,29.3,20.2,2.1,4.0,8.2,12.2,6.1,8.1,5.1,5.1,22.4,21.4
1772940624.8138015,11.0,5.0,27.0,26.0,32.0,41.6,4.0,2.0,3.0,2.0,3.0,4.0,40.6,32.4,13.0,12.9,5.0,7.0,19.8,25.7,44.1,35.9,38.2,38.2,2.9,3.0,5.9,2.0,32.7,31.4,22.3,40.2,3.0,1.0,2.0,4.0,21.8,23.8,3.0,4.0,28.4,28.7,28.2,34.3,2.0,2.0,6.8,5.9,3.0,5.1,19.8,23.5,9.9,15.0
1772940625.8138926,13.4,7.0,26.3,24.2,48.5,31.0,2.0,1.0,3.0,4.0,4.0,2.0,41.0,31.0,15.3,10.2,2.0,1.0,24.2,19.0,41.6,37.6,28.7,33.7,2.0,2.0,3.0,5.0,35.0,30.6,20.2,21.2,3.0,3.0,4.0,2.0,25.0,24.5,5.0,2.0,21.0,21.8,28.6,35.0,1.0,1.0,6.2,5.1,4.1,5.0,8.0,7.0,10.1,11.2
1772940626.8139782,10.2,7.1,16.5,18.0,42.4,23.0,2.0,1.0,4.1,10.2,3.0,3.1,28.3,27.0,13.1,9.2,1.0,4.0,25.0,29.3,38.6,32.7,39.2,13.0,2.0,2.0,5.0,4.1,20.2,31.4,18.8,23.5,2.0,4.0,5.0,3.0,29.0,33.7,6.1,4.0,21.0,21.0,22.0,19.8,1.0,1.0,5.9,5.1,4.0,4.1,16.2,20.2,12.0,18.4
1772940627.817743,14.0,10.8,34.0,33.0,40.0,40.2,4.0,2.0,3.0,4.0,2.0,3.0,42.2,37.6,8.1,8.1,2.0,2.0,24.0,23.8,38.6,41.6,33.7,26.0,1.0,3.0,2.0,2.9,33.7,42.0,28.7,24.5,0.0,2.0,2.0,3.0,20.2,28.0,6.0,2.0,26.5,26.7,34.7,35.0,3.0,2.0,8.0,8.0,3.0,4.0,2.0,5.1,9.1,11.1
1772940628.81785,12.2,6.1,24.0,22.7,34.0,46.0,0.0,2.0,2.0,3.1,2.0,6.1,30.6,38.4,8.1,12.0,8.2,10.1,16.3,22.0,37.6,38.6,18.8,33.7,2.0,1.0,2.0,2.1,30.0,30.3,34.7,22.2,2.0,2.0,2.0,2.0,20.2,30.7,3.0,2.0,29.6,30.6,25.0,31.0,2.0,2.0,4.0,5.1,5.1,5.2,2.0,3.0,9.0,10.9
1772940629.8195624,9.4,6.0,26.0,25.0,24.0,53.9,2.0,2.0,2.0,4.0,3.0,2.0,45.6,27.5,17.8,13.1,9.9,9.2,13.0,11.1,45.1,38.2,14.9,24.0,1.0,2.0,2.0,3.0,38.6,32.0,47.5,22.8,2.0,0.0,2.0,2.0,19.8,17.0,1.0,1.0,30.4,30.0,26.7,34.0,1.0,2.0,7.0,3.1,5.0,6.9,8.0,10.0,5.1,9.1
1772940630.819878,11.5,7.1,23.5,23.2,36.4,39.0,6.1,3.0,10.2,14.3,2.1,3.1,33.3,33.7,22.7,22.7,2.0,1.0,31.3,29.6,38.4,40.0,23.5,5.1,3.0,3.1,7.0,7.1,26.5,34.3,44.6,31.0,3.0,4.0,2.0,3.1,32.3,38.0,2.1,14.3,30.3,30.3,25.0,32.0,5.1,1.0,7.1,9.0,7.0,5.1,15.2,17.2,12.5,17.3
1772940631.8207963,12.2,9.0,21.4,27.0,36.7,41.0,3.0,5.1,4.0,3.1,4.0,6.0,31.7,41.4,17.2,19.4,2.0,3.0,34.3,30.0,45.5,39.2,21.2,1.0,3.1,2.0,3.0,5.0,34.0,35.0,22.4,26.3,3.1,3.0,1.0,3.0,32.0,29.0,8.1,8.2,30.0,31.7,32.3,30.0,3.0,2.0,12.0,6.0,5.1,5.1,21.8,22.2,19.8,17.2
1772940632.8208942,15.3,9.2,24.0,20.6,36.4,43.4,5.0,4.0,3.1,11.1,5.1,5.1,40.4,35.4,20.4,17.2,22.0,11.1,27.3,45.5,37.6,41.6,24.8,24.8,6.0,5.1,6.1,7.1,38.0,34.0,23.0,21.8,4.1,3.1,3.1,1.0,41.0,38.0,3.0,3.1,31.6,30.3,30.0,27.3,3.1,4.0,12.2,9.2,6.1,8.2,9.2,15.0,25.3,22.4
1772940633.822828,12.0,9.1,27.3,23.2,39.4,36.6,4.1,2.0,5.0,1.0,6.1,3.1,29.0,42.0,21.4,18.0,5.1,1.0,33.7,29.0,42.6,37.6,24.2,57.0,3.0,2.0,5.1,3.0,34.7,32.7,40.6,32.7,4.0,2.0,2.0,1.0,37.0,33.3,16.3,17.0,32.0,30.0,30.0,27.3,5.1,3.1,6.9,10.0,3.1,4.1,18.2,18.2,17.3,16.3
1772940634.8242214,9.5,11.9,22.2,22.0,31.6,38.0,5.1,3.0,6.1,10.2,4.0,5.0,35.0,32.7,18.0,24.5,4.1,2.0,35.0,35.4,37.6,38.0,20.0,59.8,3.0,4.0,10.0,5.9,33.3,26.3,42.2,39.0,1.0,6.0,4.0,4.0,43.4,39.4,14.0,15.2,38.0,38.4,24.2,31.0,2.0,7.1,12.0,8.2,7.1,7.1,17.8,19.2,24.0,21.8
1772940635.8247035,15.3,7.1,18.2,19.6,45.9,31.4,4.0,3.1,6.1,11.2,3.0,6.1,39.0,28.3,28.9,28.6,16.2,16.3,37.0,35.0,40.6,39.6,20.2,60.4,5.0,4.0,5.1,7.1,26.0,33.3,38.0,44.6,4.0,4.1,3.1,2.1,42.6,40.2,3.0,2.0,39.4,40.6,21.0,29.0,3.1,3.0,9.0,8.0,5.2,6.0,13.3,15.2,17.3,24.5
1772940636.8247936,13.4,10.1,20.2,16.0,39.0,38.0,4.0,3.1,7.1,9.0,5.1,5.0,31.0,26.3,22.7,17.3,3.1,4.0,34.0,38.0,38.0,34.7,31.0,49.5,2.1,5.0,7.0,8.1,31.7,31.0,32.0,41.2,2.0,4.0,4.0,3.0,37.6,44.0,2.0,2.0,39.6,40.4,24.0,23.2,3.1,1.0,7.2,9.2,7.0,7.1,20.2,22.2,15.3,22.4
1772940637.8277512,15.0,7.1,16.0,14.3,44.9,27.0,8.2,3.0,5.2,10.2,7.1,7.0,36.0,29.7,23.5,22.2,18.0,21.4,30.0,33.7,40.2,35.6,38.0,42.6,5.1,3.0,7.1,9.2,28.3,28.0,34.0,31.0,5.1,5.0,2.0,3.0,41.2,38.6,4.9,4.0,33.0,33.0,20.2,22.0,3.0,4.0,10.9,8.0,6.1,7.1,19.8,20.0,19.0,21.0
1772940638.8303754,12.1,6.1,19.4,17.0,35.6,40.0,4.0,1.0,13.1,3.0,4.1,3.0,37.6,29.3,21.2,20.2,1.0,3.0,35.0,27.3,39.6,37.3,35.6,36.0,4.0,3.0,6.0,6.1,33.0,31.7,46.5,30.7,3.0,4.0,4.0,2.0,38.0,33.0,2.0,5.0,30.7,30.4,27.0,21.8,1.0,2.0,8.1,10.1,5.0,6.9,13.0,13.1,18.0,17.0
1772940639.8334742,9.5,5.1,28.7,23.5,43.4,34.7,2.0,2.0,3.0,3.0,4.0,4.0,36.0,39.6,26.3,16.2,4.0,4.0,21.2,17.0,40.6,41.2,26.0,36.3,3.0,3.0,3.0,4.0,36.4,35.4,45.5,35.6,2.0,3.0,2.0,2.0,28.3,27.3,5.1,0.0,23.2,24.0,34.0,31.0,3.0,3.0,5.0,7.0,4.1,4.1,11.1,15.0,15.0,10.2
1772940640.8366303,15.2,9.9,25.3,24.5,40.4,41.0,11.1,3.0,9.3,10.2,8.1,5.1,34.3,39.2,17.2,18.0,17.3,20.2,34.0,30.0,37.6,39.0,36.0,9.1,9.0,2.0,7.1,8.0,34.0,36.3,51.0,30.0,4.0,2.0,2.0,2.0,39.0,36.0,1.0,4.0,19.8,20.0,37.3,25.3,2.0,2.0,10.2,10.1,7.1,6.1,14.1,15.2,20.2,19.8
1772940641.8377862,10.2,8.0,17.3,12.1,28.9,38.0,4.0,2.0,10.2,5.1,4.1,2.0,22.2,28.6,25.3,26.5,6.0,5.2,34.0,36.0,38.0,38.2,31.7,14.0,4.0,3.0,6.1,7.1,28.7,24.2,46.0,21.0,3.1,3.0,4.0,0.0,40.0,41.0,2.0,1.0,11.9,10.2,24.2,18.8,3.1,2.0,7.1,10.0,8.1,6.1,20.2,21.2,14.1,21.4
1772940642.8378773,11.1,9.2,14.1,18.8,36.1,37.0,3.0,3.1,9.2,6.0,3.1,4.0,33.0,31.0,22.7,28.6,12.1,8.2,30.0,37.0,35.6,37.4,27.3,40.4,3.1,5.1,8.1,7.0,24.0,31.0,21.0,4.1,2.0,6.1,2.1,3.0,40.2,39.6,1.0,3.0,12.1,15.0,24.2,20.4,2.0,3.1,6.1,6.1,4.1,7.0,11.2,9.0,20.8,15.2
1772940643.8409944,14.9,12.0,23.5,20.4,23.2,49.5,4.0,2.0,6.1,2.1,6.0,3.1,27.0,36.4,21.2,16.2,10.2,14.3,37.0,35.6,38.2,41.2,21.8,43.1,6.9,3.1,6.0,6.1,29.7,29.0,12.9,21.6,5.0,3.0,4.0,2.0,40.6,42.6,7.1,2.0,21.8,23.0,18.8,26.3,1.0,5.0,9.1,9.1,7.0,6.1,19.2,20.2,19.4,25.3
1772940644.8417077,11.5,10.1,17.0,17.0,35.4,43.0,3.0,5.1,5.0,5.1,3.1,5.0,36.6,27.7,12.1,14.1,2.0,3.0,35.0,32.7,42.6,38.6,21.0,41.2,2.0,4.0,5.1,4.0,27.0,28.7,33.7,23.8,3.0,2.0,2.0,2.0,40.0,40.0,11.0,5.9,21.8,21.2,24.2,20.8,3.0,1.0,9.0,7.1,5.1,5.1,15.0,14.1,15.0,23.0
1772940645.841797,13.3,6.2,18.6,20.6,37.4,36.0,4.0,4.0,8.2,8.2,4.1,3.1,28.6,29.3,22.7,22.4,15.5,16.2,36.0,39.4,38.6,40.6,34.0,43.4,2.0,5.1,7.1,6.1,31.6,31.6,27.3,35.0,4.1,5.1,3.0,4.1,37.4,40.6,7.2,16.7,33.7,34.0,23.0,25.0,4.1,2.1,8.2,10.1,5.1,8.2,9.2,13.3,21.2,19.2
1772940646.8434844,15.2,12.0,21.2,23.2,48.0,30.0,6.1,2.1,15.5,15.3,5.1,5.1,31.7,40.2,33.7,25.5,4.1,4.1,37.0,37.0,40.4,37.6,61.0,20.8,7.0,6.9,8.2,9.2,31.7,38.2,22.8,39.0,6.1,4.0,4.2,2.0,40.6,44.0,3.1,3.1,40.0,40.4,29.3,23.2,2.0,4.0,10.1,8.2,8.1,9.0,28.0,26.0,26.3,27.3
1772940647.8448422,14.1,10.9,22.4,23.8,39.4,42.6,4.1,3.1,10.2,10.0,7.0,7.0,36.4,31.6,29.6,25.0,17.5,14.4,38.4,38.0,40.2,41.2,61.5,20.0,7.1,6.0,7.9,10.0,33.3,34.0,20.0,41.2,6.1,6.1,3.0,4.0,44.1,39.2,10.2,3.1,41.0,40.0,25.0,31.3,3.1,3.0,11.1,9.0,8.1,7.2,13.0,13.1,28.3,21.2
1772940648.8449292,14.9,9.1,17.3,17.2,29.6,44.4,4.1,4.1,4.1,3.1,4.1,4.1,33.0,31.0,21.4,23.7,3.0,2.1,30.0,34.0,37.6,37.0,46.0,25.3,4.0,4.1,5.2,7.1,25.5,30.3,27.7,41.6,5.1,9.1,3.0,2.1,40.0,39.0,3.1,7.1,39.8,40.0,25.0,18.2,2.0,4.0,8.2,8.2,4.1,6.1,25.5,27.0,21.0,18.6
1772940649.8459094,12.1,9.2,18.0,19.4,34.7,41.4,3.0,4.1,4.1,17.0,3.1,4.1,30.7,30.3,22.2,20.2,20.2,14.3,41.0,31.3,37.0,42.2,33.0,7.1,4.1,5.0,8.1,5.1,27.7,31.0,39.0,28.3,5.9,6.1,1.0,6.1,41.4,41.0,3.1,3.1,39.6,41.4,21.4,24.2,3.1,2.0,11.0,9.0,7.0,7.1,12.2,15.2,14.4,24.2
1772940650.8459895,15.2,7.1,17.2,14.1,29.3,37.6,4.1,3.0,10.2,7.2,6.1,3.1,31.0,32.0,22.4,29.6,5.1,3.0,35.0,35.0,37.6,40.0,15.0,24.0,5.1,5.1,7.1,6.0,34.3,27.0,43.6,18.0,6.1,5.1,4.0,7.1,42.2,41.0,2.0,2.0,36.0,38.0,21.2,19.0,3.0,3.1,9.2,9.2,6.1,8.2,22.2,22.2,25.5,20.8
1772940651.8460674,7.3,8.1,12.2,13.3,34.3,37.0,2.0,1.0,3.0,10.1,5.1,4.0,22.2,28.3,24.7,27.8,16.2,19.6,30.6,34.0,34.3,35.6,5.0,20.2,5.0,3.0,8.0,4.0,24.2,19.0,36.0,25.0,3.1,3.0,4.1,6.1,35.7,39.0,6.2,5.1,31.0,31.4,16.2,18.0,4.0,3.0,8.9,7.1,5.1,8.1,14.1,16.3,18.0,11.2
1772940652.8461561,10.3,8.2,20.2,13.1,45.9,27.5,3.1,4.0,4.0,7.1,5.1,3.1,30.0,34.0,25.5,19.4,3.1,3.0,32.3,31.0,39.6,40.6,21.2,20.2,4.0,3.0,7.1,9.1,29.0,27.6,20.2,21.8,5.1,1.0,6.1,3.0,37.6,42.0,3.1,2.1,30.3,29.6,21.0,21.0,5.1,2.0,7.1,7.1,6.1,8.1,11.1,10.3,22.2,16.3
1772940653.8504143,12.2,8.9,22.2,16.8,34.0,35.4,4.0,2.0,13.1,7.1,5.0,6.1,36.6,37.0,17.0,17.2,11.1,23.2,37.6,39.6,40.2,39.6,28.7,21.0,4.0,6.9,6.0,7.1,32.0,26.0,10.0,33.3,6.0,4.0,2.0,3.1,43.1,40.2,17.0,3.0,31.7,30.7,36.0,34.3,11.1,2.0,7.1,8.2,6.1,5.1,26.7,26.7,24.8,19.4
1772940654.8542347,12.1,8.2,17.2,16.5,27.8,42.6,3.0,3.0,9.1,12.1,3.1,5.0,35.4,25.0,26.5,17.2,4.0,4.1,38.8,31.3,38.2,33.7,33.3,27.0,4.1,7.1,6.1,8.0,28.3,25.7,36.6,8.1,4.0,3.1,4.0,3.0,42.0,41.6,9.1,6.3,31.3,31.0,20.0,22.2,4.1,5.0,9.1,10.0,8.0,6.1,9.2,9.2,12.1,22.2
1772940655.8543167,7.2,1.0,1.0,1.0,9.0,8.0,2.0,1.0,2.1,9.0,1.0,2.0,5.0,4.0,29.9,28.3,16.3,17.0,14.9,12.1,4.0,3.0,27.0,35.6,1.0,0.0,0.0,2.0,2.0,2.0,31.7,36.6,2.0,3.0,3.0,3.0,42.0,33.3,13.1,17.2,37.0,37.0,1.0,3.0,1.0,0.0,0.0,1.0,1.0,2.0,25.0,23.8,0.0,3.0
1772940656.8544009,7.1,1.0,0.0,1.0,0.0,0.0,0.0,0.0,2.0,0.0,0.0,1.0,0.0,3.0,19.0,19.4,0.0,0.0,0.0,0.0,0.0,1.0,22.0,37.6,1.0,0.0,0.0,0.0,0.0,0.0,34.7,47.1,0.0,0.0,1.0,1.0,38.6,22.0,17.3,15.0,34.0,32.3,0.0,0.0,0.0,0.0,0.0,0.0,0.0,0.0,7.0,6.0,0.0,0.0
1772940657.8544931,4.1,0.0,0.0,0.0,0.0,0.0,0.0,0.0,0.0,0.0,0.0,0.0,0.0,0.0,7.0,6.0,0.0,0.0,0.0,0.0,0.0,0.0,39.6,20.2,0.0,0.0,0.0,0.0,0.0,0.0,38.0,43.0,0.0,0.0,2.0,1.0,40.6,12.0,3.0,0.0,31.7,29.7,1.0,0.0,0.0,1.0,1.0,0.0,0.0,0.0,0.0,0.0,0.0,0.0
1772940658.8545756,1.0,0.0,0.0,0.0,0.0,0.0,0.0,0.0,0.0,0.0,0.0,0.0,0.0,0.0,0.0,0.0,0.0,0.0,0.0,0.0,0.0,0.0,40.0,20.8,0.0,0.0,0.0,0.0,0.0,0.0,41.2,40.6,0.0,0.0,0.0,0.0,40.0,0.0,0.0,0.0,29.3,30.3,0.0,0.0,0.0,0.0,0.0,0.0,0.0,0.0,0.0,0.0,0.0,0.0
1772940659.8546572,1.0,0.0,0.0,0.0,0.0,0.0,0.0,0.0,0.0,0.0,0.0,0.0,0.0,0.0,0.0,0.0,0.0,0.0,0.0,0.0,0.0,0.0,40.6,20.0,0.0,0.0,0.0,0.0,0.0,0.0,38.0,43.1,0.0,0.0,0.0,0.0,41.6,0.0,0.0,0.0,24.5,23.8,0.0,0.0,0.0,0.0,0.0,0.0,0.0,0.0,0.0,0.0,0.0,0.0
1772940660.8547401,1.0,0.0,0.0,0.0,0.0,0.0,0.0,0.0,0.0,0.0,0.0,0.0,0.0,0.0,0.0,0.0,0.0,0.0,0.0,0.0,0.0,0.0,38.6,22.8,0.0,0.0,0.0,0.0,0.0,0.0,22.8,34.7,1.0,0.0,0.0,0.0,40.0,0.0,0.0,0.0,20.0,20.8,0.0,0.0,0.0,0.0,0.0,0.0,0.0,0.0,0.0,0.0,0.0,0.0
1772940661.8548248,0.0,0.0,0.0,0.0,0.0,0.0,0.0,1.0,0.0,0.0,0.0,0.0,0.0,0.0,0.0,0.0,0.0,0.0,0.0,0.0,0.0,0.0,23.0,24.0,0.0,0.0,0.0,0.0,0.0,0.0,8.9,21.0,0.0,0.0,0.0,0.0,40.6,0.0,0.0,0.0,14.0,11.0,0.0,0.0,0.0,0.0,0.0,0.0,0.0,0.0,0.0,0.0,0.0,0.0
1772940662.8548996,0.0,0.0,0.0,1.0,0.0,0.0,0.0,0.0,0.0,0.0,0.0,0.0,0.0,0.0,0.0,0.0,0.0,0.0,0.0,0.0,0.0,0.0,20.8,20.0,0.0,0.0,0.0,0.0,0.0,0.0,4.0,3.0,0.0,0.0,0.0,0.0,40.0,0.0,0.0,0.0,10.0,11.8,0.0,0.0,0.0,0.0,0.0,0.0,0.0,0.0,0.0,0.0,0.0,0.0
1772940663.8549774,0.0,0.0,0.0,0.0,0.0,0.0,0.0,0.0,0.0,0.0,0.0,0.0,0.0,0.0,0.0,0.0,0.0,0.0,0.0,0.0,0.0,0.0,20.0,20.0,0.0,0.0,0.0,0.0,0.0,0.0,0.0,0.0,0.0,0.0,0.0,0.0,39.6,1.0,0.0,0.0,10.9,10.0,0.0,0.0,0.0,0.0,0.0,0.0,0.0,0.0,0.0,0.0,0.0,0.0
1772940664.855057,0.0,0.0,0.0,0.0,0.0,0.0,0.0,0.0,0.0,0.0,0.0,0.0,0.0,0.0,0.0,0.0,0.0,0.0,0.0,0.0,0.0,0.0,8.0,9.0,0.0,0.0,0.0,0.0,0.0,0.0,0.0,0.0,0.0,0.0,0.0,0.0,20.0,14.0,0.0,0.0,10.9,10.0,0.0,0.0,0.0,0.0,0.0,0.0,0.0,0.0,0.0,0.0,0.0,0.0
1772940665.855137,0.0,0.0,0.0,0.0,0.0,0.0,0.0,0.0,0.0,0.0,0.0,0.0,0.0,0.0,0.0,0.0,0.0,0.0,0.0,0.0,0.0,0.0,0.0,0.0,0.0,0.0,0.0,0.0,0.0,0.0,0.0,0.0,0.0,0.0,0.0,0.0,9.9,0.0,0.0,0.0,10.8,10.9,0.0,0.0,0.0,0.0,0.0,0.0,0.0,0.0,0.0,0.0,0.0,0.0
1772940666.8552184,0.0,0.0,0.0,0.0,0.0,0.0,0.0,0.0,0.0,0.0,0.0,0.0,0.0,0.0,0.0,0.0,0.0,0.0,0.0,0.0,0.0,0.0,0.0,0.0,0.0,0.0,0.0,0.0,0.0,0.0,0.0,1.0,1.0,0.0,0.0,0.0,0.0,0.0,0.0,0.0,10.0,11.0,0.0,0.0,0.0,0.0,0.0,0.0,0.0,0.0,0.0,0.0,1.0,0.0
1772940667.855297,0.0,0.0,0.0,0.0,0.0,0.0,0.0,0.0,0.0,0.0,0.0,0.0,0.0,0.0,0.0,0.0,0.0,0.0,0.0,0.0,0.0,0.0,0.0,0.0,0.0,0.0,0.0,0.0,0.0,0.0,0.0,0.0,0.0,0.0,0.0,0.0,0.0,0.0,0.0,0.0,10.1,9.9,0.0,0.0,0.0,0.0,0.0,0.0,0.0,0.0,0.0,0.0,0.0,0.0
1772940668.8553765,0.0,0.0,0.0,0.0,0.0,0.0,0.0,0.0,0.0,0.0,0.0,0.0,0.0,0.0,0.0,0.0,0.0,0.0,0.0,0.0,0.0,0.0,0.0,0.0,0.0,0.0,0.0,0.0,0.0,0.0,0.0,0.0,0.0,0.0,0.0,0.0,0.0,0.0,0.0,0.0,10.9,10.9,0.0,0.0,0.0,0.0,0.0,0.0,0.0,0.0,0.0,0.0,0.0,0.0
1772940669.8554633,0.0,0.0,0.0,0.0,0.0,0.0,0.0,0.0,0.0,0.0,0.0,0.0,0.0,0.0,0.0,0.0,0.0,0.0,0.0,0.0,0.0,0.0,0.0,0.0,0.0,0.0,0.0,0.0,0.0,0.0,0.0,0.0,0.0,0.0,0.0,0.0,0.0,0.0,0.0,0.0,9.1,10.9,0.0,0.0,0.0,0.0,0.0,0.0,0.0,0.0,0.0,0.0,0.0,0.0
1772940670.8555417,0.0,0.0,0.0,0.0,0.0,0.0,0.0,0.0,0.0,0.0,0.0,0.0,0.0,0.0,0.0,0.0,0.0,0.0,0.0,0.0,0.0,0.0,0.0,0.0,0.0,0.0,0.0,0.0,0.0,0.0,0.0,0.0,0.0,0.0,0.0,0.0,0.0,0.0,0.0,0.0,10.9,9.1,0.0,0.0,0.0,0.0,0.0,0.0,0.0,0.0,0.0,0.0,0.0,0.0
1772940671.8556137,0.0,0.0,0.0,0.0,0.0,0.0,0.0,0.0,0.0,0.0,0.0,0.0,0.0,0.0,0.0,0.0,0.0,0.0,0.0,0.0,0.0,0.0,0.0,0.0,0.0,0.0,0.0,0.0,0.0,0.0,0.0,0.0,0.0,0.0,0.0,0.0,0.0,0.0,0.0,0.0,10.9,11.8,0.0,0.0,0.0,0.0,0.0,0.0,0.0,0.0,0.0,0.0,0.0,0.0
1772940672.8556914,0.0,0.0,0.0,0.0,0.0,0.0,0.0,0.0,0.0,0.0,0.0,0.0,0.0,0.0,0.0,0.0,0.0,0.0,0.0,0.0,0.0,0.0,0.0,0.0,0.0,0.0,0.0,0.0,0.0,0.0,0.0,0.0,0.0,0.0,0.0,0.0,0.0,0.0,0.0,0.0,4.0,3.0,0.0,0.0,0.0,0.0,0.0,0.0,0.0,0.0,0.0,0.0,0.0,0.0
