timestamp,CPU_0(group_0),CPU_64(group_0),CPU_2(group_0),CPU_66(group_0),CPU_4(group_0),CPU_68(group_0),CPU_6(group_0),CPU_70(group_0),CPU_8(group_0),CPU_72(group_0),CPU_10(group_0),CPU_74(group_0),CPU_12(group_0),CPU_76(group_0),CPU_14(group_0),CPU_78(group_0),CPU_16(group_0),CPU_80(group_0),CPU_18(group_0),CPU_82(group_0),CPU_20(group_0),CPU_84(group_0),CPU_22(group_0),CPU_86(group_0),CPU_24(group_0),CPU_88(group_0),CPU_26(group_0),CPU_90(group_0),CPU_28(group_0),CPU_92(group_0),CPU_30(group_0),CPU_94(group_0),CPU_32(group_0),CPU_96(group_0),CPU_34(group_0),CPU_98(group_0),CPU_36(group_0),CPU_100(group_0),CPU_38(group_0),CPU_102(group_0),CPU_40(group_0),CPU_104(group_0),CPU_42(group_0),CPU_106(group_0),CPU_44(group_0),CPU_108(group_0),CPU_46(group_0),CPU_110(group_0),CPU_48(group_0),CPU_112(group_0),CPU_50(group_0),CPU_114(group_0),CPU_52(group_0),CPU_116(group_0)
1772614698.2441502,0.0,0.0,100.0,0.0,0.0,0.0,100.0,0.0,0.0,0.0,0.0,0.0,0.0,0.0,0.0,0.0,0.0,0.0,0.0,0.0,100.0,100.0,0.0,0.0,0.0,0.0,0.0,100.0,0.0,50.0,0.0,100.0,0.0,0.0,0.0,0.0,0.0,100.0,0.0,100.0,0.0,50.0,0.0,0.0,0.0,0.0,100.0,100.0,100.0,100.0,100.0,0.0,0.0,0.0
1772614699.2445886,52.6,41.4,34.7,13.5,40.4,43.9,61.6,56.1,44.4,34.3,25.0,16.5,41.4,46.5,30.6,18.2,26.8,22.7,33.0,33.7,42.9,42.4,57.6,48.0,23.5,19.6,29.3,26.8,36.1,32.6,22.4,34.7,10.3,15.5,28.9,14.4,38.1,31.6,34.0,46.5,32.7,42.4,34.3,30.2,36.4,34.0,19.8,35.1,68.7,78.8,13.5,27.3,19.8,13.1
1772614700.2446785,40.8,34.3,27.3,25.3,42.9,36.7,49.5,56.6,22.4,33.3,16.3,18.6,41.0,41.4,14.4,23.5,29.0,18.6,31.0,23.2,33.7,35.1,22.2,38.0,22.7,34.3,38.4,34.3,36.0,22.2,31.3,22.4,18.7,21.2,30.3,33.7,27.3,32.3,35.4,39.8,44.0,27.6,24.2,22.2,39.4,28.3,21.2,14.1,66.0,60.6,26.3,22.4,14.6,14.4
1772614701.2447493,40.0,40.0,27.3,23.2,35.4,40.8,44.9,53.5,27.6,39.4,29.3,31.3,46.9,28.3,30.6,34.3,28.3,22.4,32.0,29.6,49.5,44.4,45.0,31.6,32.7,38.1,37.4,36.4,36.4,31.3,36.7,27.8,35.6,29.9,24.2,26.3,22.4,22.4,37.8,41.2,44.9,42.9,34.0,36.0,42.4,29.3,23.5,32.0,67.3,61.2,46.5,46.5,21.2,25.3
1772614702.245474,49.0,41.0,34.0,39.2,37.4,33.0,48.0,55.0,41.0,40.6,32.0,27.1,47.0,43.4,36.4,37.8,30.3,26.8,28.6,33.3,48.0,41.2,40.8,38.0,30.3,34.3,37.8,37.0,36.7,40.2,36.4,34.3,47.5,43.4,22.2,29.3,26.5,37.0,42.4,32.7,44.4,40.4,34.3,35.7,32.0,32.3,36.4,26.3,69.4,64.7,44.0,42.4,20.4,19.6
1772614703.2456102,45.5,41.0,36.4,41.4,41.4,35.7,41.2,53.5,39.8,45.5,31.6,32.7,36.7,41.8,32.7,24.7,25.5,21.6,37.4,33.3,47.4,58.6,42.4,30.6,28.6,32.7,39.0,31.3,36.1,35.7,51.0,43.9,33.0,36.1,22.3,24.7,34.0,33.0,38.8,35.4,60.8,57.1,33.3,30.6,33.3,33.3,26.8,22.9,66.0,67.3,33.7,35.1,20.6,20.2
1772614704.2462459,34.0,45.0,25.5,36.0,40.8,34.7,46.5,44.9,47.5,45.5,20.4,23.2,24.0,35.4,34.3,26.3,22.2,28.3,31.6,28.0,28.6,47.5,33.7,21.4,30.3,25.3,25.0,25.5,32.7,25.0,40.8,32.3,15.6,19.2,31.6,33.7,31.6,29.6,35.1,34.7,48.0,45.5,24.7,24.5,44.4,48.0,31.0,38.0,53.0,61.0,25.3,24.2,18.4,18.4
1772614705.2698736,37.4,22.8,11.1,23.8,43.7,51.5,33.7,35.6,29.4,27.5,13.7,11.9,17.8,27.2,34.3,23.5,11.0,16.8,17.6,17.6,36.3,39.2,23.3,25.7,20.6,39.2,20.6,24.8,30.4,27.2,27.7,27.2,6.9,5.9,16.5,27.9,12.1,9.0,27.2,27.0,32.4,29.1,18.8,16.0,19.6,25.7,14.6,14.9,44.1,47.6,22.0,6.9,3.0,21.8
1772614706.2699647,35.1,37.4,23.5,23.8,30.6,32.7,36.0,39.4,35.4,31.7,5.1,5.1,26.3,25.3,8.2,22.4,11.2,11.1,23.2,23.0,30.6,41.0,24.2,26.5,22.0,23.2,18.2,23.5,30.0,26.5,32.3,9.2,8.2,7.1,18.4,12.4,20.2,20.4,24.5,31.3,34.3,34.0,27.3,18.2,16.3,26.3,21.4,10.3,58.0,53.5,13.1,19.4,8.1,11.3
1772614707.270651,28.7,39.6,16.2,19.2,33.7,32.3,40.6,41.4,27.6,31.3,5.2,11.2,27.7,34.7,6.1,17.2,12.1,7.1,23.2,14.0,37.0,50.5,32.3,30.3,17.0,26.7,21.0,24.8,26.3,18.2,28.0,17.3,4.1,4.1,7.0,15.3,18.4,21.2,32.3,19.8,33.0,30.3,24.0,26.3,21.0,21.2,33.3,13.0,52.0,59.0,4.1,22.4,4.1,7.1
1772614708.2715938,46.5,35.3,22.2,6.0,19.2,17.0,43.4,40.0,33.0,31.7,12.0,11.1,20.4,25.5,2.0,21.8,9.1,8.9,19.0,17.0,25.0,38.2,20.0,28.0,12.1,24.0,18.0,17.0,16.2,18.2,20.2,16.8,4.0,3.0,15.2,2.0,5.0,12.1,27.0,21.6,24.8,16.2,13.1,13.9,16.2,17.8,21.4,15.3,55.0,53.5,18.8,9.9,5.0,5.0
1772614709.2727327,27.1,36.0,18.6,5.1,23.2,27.7,29.7,35.4,22.8,32.3,3.0,4.1,10.0,30.0,8.1,14.1,6.1,9.3,17.3,11.2,54.0,28.6,26.7,21.2,12.0,22.0,22.0,14.1,26.3,18.2,14.0,28.3,4.0,4.1,3.1,11.0,14.1,15.0,30.3,23.0,35.0,29.3,19.4,16.2,25.0,20.2,28.7,13.1,47.0,49.5,16.0,10.1,3.1,4.1
1772614710.275182,25.0,40.6,4.0,22.0,19.4,18.2,28.6,38.4,21.2,34.0,2.0,10.0,17.0,27.0,19.2,2.0,6.1,9.1,18.0,16.8,25.3,43.0,11.1,21.8,14.0,23.0,16.2,20.0,23.2,24.2,16.3,22.0,1.0,4.0,11.0,5.1,21.2,15.0,27.7,23.0,33.0,25.5,19.2,14.1,15.0,17.2,15.0,2.0,47.0,45.1,15.0,22.2,2.1,2.1
1772614711.2752714,34.4,27.3,18.2,12.2,23.5,24.2,32.3,38.6,29.0,29.3,4.1,13.1,20.4,24.0,3.0,19.0,11.9,6.1,23.0,22.4,35.0,29.0,17.2,26.7,15.2,24.8,15.3,15.3,21.4,18.0,11.1,18.6,3.0,5.1,15.0,3.0,13.3,12.1,25.5,25.5,33.0,20.2,23.8,16.2,15.2,21.2,8.2,5.0,48.0,44.4,3.1,23.2,5.1,7.1
1772614712.2863936,30.2,38.2,25.7,3.0,29.0,27.7,32.4,39.4,34.0,32.7,7.1,11.1,24.0,25.7,26.7,20.8,10.2,12.0,22.0,23.5,35.3,24.8,34.3,25.7,19.6,22.5,19.8,21.8,12.9,13.9,22.5,23.5,6.0,5.9,18.0,5.0,10.2,13.9,28.3,33.3,29.7,24.0,24.8,16.7,26.5,18.8,12.0,12.0,43.0,54.8,12.0,15.8,6.9,5.1
1772614713.2871997,32.7,31.7,22.7,29.4,27.6,21.2,43.0,27.0,30.0,31.0,7.1,9.1,18.2,28.3,4.1,17.2,7.1,9.2,17.0,20.0,43.9,34.7,35.4,28.3,16.0,20.4,15.8,19.0,29.0,31.3,18.2,15.2,4.1,2.0,12.1,5.1,15.0,18.4,21.0,19.4,16.2,22.4,20.4,16.3,20.4,24.5,4.0,11.1,45.5,45.9,12.2,13.3,4.1,6.1
1772614714.2874622,35.1,24.2,23.0,9.1,17.2,20.2,38.0,33.0,27.7,28.7,4.0,4.0,20.0,20.2,28.0,19.2,5.1,9.2,11.1,17.0,32.0,36.6,17.8,14.0,13.9,23.8,22.0,14.1,18.4,14.3,24.2,11.0,4.0,1.0,2.0,12.0,12.1,19.2,24.2,24.2,13.1,22.0,18.0,18.0,8.1,20.8,3.1,8.1,47.5,41.0,14.0,10.1,2.0,5.1
1772614715.2878544,40.8,20.0,22.2,2.0,23.2,25.0,28.3,33.3,26.3,26.3,9.2,6.1,18.0,24.8,30.3,17.0,9.2,5.1,19.2,12.0,21.0,35.0,12.4,28.3,14.0,23.8,13.3,17.0,26.0,17.0,22.8,13.3,4.0,3.0,11.1,6.1,9.1,15.0,18.0,24.2,14.1,13.4,13.1,13.4,20.8,13.3,4.1,10.1,45.0,45.5,16.2,9.2,4.1,4.1
1772614716.2896125,21.9,19.0,22.0,6.9,16.3,21.2,35.6,33.7,18.0,24.8,10.2,5.1,9.1,19.2,28.3,12.9,10.0,4.0,15.2,21.4,6.1,5.0,13.9,26.7,13.0,27.7,15.0,19.0,15.8,6.1,12.2,9.1,3.0,4.0,8.0,9.0,7.0,7.1,19.2,20.0,19.2,9.0,15.0,21.6,19.0,14.0,13.7,2.0,42.0,49.5,20.0,4.0,3.0,7.0
1772614717.2906954,18.9,27.0,23.8,6.1,23.8,21.8,39.4,35.6,27.3,11.0,12.0,2.0,15.2,27.0,27.0,22.0,7.0,12.0,14.0,20.2,36.4,18.2,22.2,17.2,19.0,7.1,16.2,15.2,34.3,23.0,4.0,17.0,3.0,3.1,8.1,7.1,13.1,14.0,16.0,23.0,23.0,18.0,14.1,17.0,23.0,23.5,2.1,10.9,46.0,45.0,3.0,5.1,3.0,5.1
1772614718.2921524,38.8,28.7,21.2,10.1,21.2,28.0,39.4,36.4,19.0,10.2,7.1,5.1,29.7,24.2,24.8,19.4,16.2,8.2,22.8,14.1,32.3,17.0,14.0,30.0,14.1,9.1,20.2,19.0,26.3,19.2,23.5,17.3,4.1,3.1,11.2,10.1,18.8,25.3,30.3,20.2,27.3,34.0,22.2,17.3,22.4,19.8,8.0,16.3,53.5,43.3,14.3,7.2,7.1,4.2
1772614719.2933052,27.6,34.7,17.2,11.1,20.2,19.2,35.4,34.0,13.3,14.1,8.2,12.0,11.1,31.3,7.0,14.0,5.1,14.0,13.1,17.2,24.0,18.2,9.2,21.0,15.0,2.0,16.2,14.1,18.8,18.0,21.0,13.1,4.0,3.0,2.0,16.0,17.3,19.2,24.2,20.8,24.2,26.3,19.0,19.0,25.0,13.3,9.1,30.3,36.4,34.0,4.0,23.5,4.0,3.1
1772614720.2938886,27.1,36.0,2.0,21.2,21.8,28.4,37.6,31.0,27.7,27.0,4.0,3.1,18.0,24.8,18.2,0.0,11.0,20.2,9.0,23.5,26.7,8.1,23.8,25.5,11.0,7.1,17.8,17.0,7.3,17.2,22.4,18.0,3.0,4.0,10.1,6.1,2.0,12.0,16.3,36.4,28.4,18.4,15.8,13.0,17.2,16.8,12.1,12.7,33.3,47.1,2.0,21.2,5.2,5.0
1772614721.2954795,26.0,35.6,6.1,23.2,18.6,15.5,34.3,35.7,23.0,31.7,4.0,8.1,20.2,25.3,16.0,2.0,4.1,9.1,15.3,17.0,45.0,34.7,22.0,8.1,5.2,19.8,17.2,15.8,21.0,28.3,12.1,21.2,5.1,3.1,13.1,2.0,8.1,23.2,13.0,28.0,28.3,26.7,14.1,16.3,25.0,17.3,6.1,20.4,37.6,51.5,3.0,21.4,2.0,6.1
1772614722.296017,35.1,27.7,15.2,19.0,31.7,28.3,35.4,35.9,30.0,28.3,4.1,5.1,17.0,28.7,14.1,12.0,5.0,11.1,14.9,20.8,41.0,29.0,17.3,30.0,17.8,21.0,17.2,21.2,23.2,27.0,20.2,31.7,4.1,3.0,13.1,4.0,22.2,15.3,26.0,26.0,32.0,32.7,17.3,20.0,21.0,15.2,11.1,10.2,42.0,53.5,5.0,23.0,11.0,7.1
1772614723.2961159,25.0,32.0,7.3,22.0,16.5,20.2,36.4,30.0,27.6,24.0,16.2,6.1,19.4,18.2,16.3,3.1,9.1,8.2,12.2,16.3,26.5,29.0,13.9,19.2,16.2,19.4,14.1,15.2,20.2,12.0,21.4,22.4,0.0,3.1,9.2,6.1,16.5,7.1,23.5,19.6,24.0,26.3,12.1,17.2,11.2,24.0,9.1,7.1,51.0,42.4,8.2,18.4,13.1,7.1
1772614724.297124,18.9,16.2,22.2,5.1,21.2,28.7,30.0,39.8,29.0,29.0,4.1,7.1,26.7,19.8,13.3,11.1,5.1,8.1,21.0,10.1,21.0,21.2,20.2,23.8,18.0,23.8,16.0,17.2,21.0,15.2,19.2,24.2,3.0,3.0,14.0,2.0,10.0,9.0,21.0,33.3,24.2,22.0,21.0,17.2,21.8,26.5,11.0,3.1,48.0,45.0,6.1,8.1,3.1,3.1
1772614725.2971964,25.3,25.0,19.4,4.1,24.0,18.6,39.0,28.3,31.7,28.0,4.0,5.1,22.2,19.6,4.0,15.0,4.1,14.3,20.0,19.2,29.3,35.0,19.0,19.2,22.0,16.3,21.2,15.0,14.3,29.3,21.0,20.0,3.0,5.1,15.2,2.0,20.2,17.2,22.8,22.8,32.4,29.3,14.3,15.0,22.2,15.0,4.1,13.0,43.6,52.0,3.0,5.1,5.1,13.3
1772614726.298585,21.1,17.8,23.0,8.0,25.8,26.0,38.8,34.0,26.0,29.0,3.1,10.1,23.0,14.1,21.2,2.0,9.0,7.0,17.2,24.0,21.4,23.2,17.2,23.0,14.0,27.7,15.3,17.0,27.0,24.2,18.4,20.0,2.0,5.1,12.1,5.1,20.2,13.3,23.2,22.2,25.0,34.0,21.2,16.3,26.7,10.0,14.0,25.3,49.0,43.4,3.1,4.1,3.1,11.2
1772614727.2989764,22.1,23.0,17.3,7.9,17.8,19.4,35.0,48.5,30.0,31.7,8.2,6.1,24.8,7.1,16.0,3.0,9.0,4.0,18.2,15.2,25.0,38.6,26.5,11.1,16.8,21.0,21.0,18.0,5.1,14.9,13.1,20.2,2.0,4.0,2.0,14.7,7.0,10.0,22.4,21.4,20.4,28.0,20.0,13.9,19.2,11.0,9.1,30.7,44.0,46.0,5.0,5.1,6.1,4.0
1772614728.2993844,28.1,14.9,4.0,21.2,22.4,25.3,35.6,47.5,28.0,27.6,8.2,3.0,11.2,17.8,21.2,2.0,8.2,7.1,15.8,18.0,27.0,28.0,17.0,17.2,21.2,17.6,13.3,14.1,20.2,24.2,3.0,8.2,2.0,3.0,10.1,5.1,11.2,4.0,16.3,16.0,16.0,23.8,15.2,15.2,28.3,16.2,2.0,11.3,49.0,57.6,3.1,2.1,4.0,33.0
1772614729.3021705,24.5,39.0,4.0,21.6,21.6,21.8,39.0,31.0,30.0,26.0,2.0,11.1,23.8,17.0,5.1,13.0,9.0,3.1,11.9,18.2,46.0,30.3,17.0,29.4,16.8,20.0,13.0,19.8,21.0,18.2,12.0,28.2,4.0,1.0,6.1,7.1,14.0,16.8,31.4,14.1,27.7,29.7,19.0,17.0,13.1,18.2,7.0,22.5,46.5,41.4,14.0,6.1,3.0,11.3
1772614730.3025608,34.4,23.0,7.1,17.3,23.0,21.6,39.0,28.3,30.3,27.0,4.0,4.1,12.0,29.3,16.2,3.1,12.2,7.1,12.1,23.0,29.6,29.7,7.1,23.2,16.2,21.0,16.0,15.3,30.3,23.2,20.4,17.3,3.1,4.0,6.2,9.1,20.4,13.3,15.3,28.3,31.3,26.3,14.1,16.3,11.0,25.0,11.2,30.9,42.4,44.6,12.2,13.4,8.2,13.3
1772614731.3035405,33.3,25.0,22.2,2.0,22.4,26.5,33.3,35.4,19.0,19.0,10.1,8.1,18.2,25.0,22.0,2.0,9.1,8.0,16.0,19.2,24.5,33.7,25.7,19.0,13.9,23.0,20.0,16.2,11.2,8.1,19.0,23.0,3.1,2.0,12.9,4.0,15.2,4.1,31.0,27.7,25.7,28.0,20.0,22.0,17.0,19.0,13.0,29.7,49.0,36.0,9.9,16.8,3.0,6.0
1772614732.3057683,24.2,26.0,18.6,7.1,13.3,18.2,33.7,32.0,20.2,21.2,2.0,2.0,21.0,15.0,13.1,2.0,9.0,7.0,22.2,11.9,20.0,24.0,10.0,26.0,16.0,18.0,15.2,14.9,8.1,18.8,12.9,22.0,3.0,3.0,3.0,15.0,8.0,8.0,25.0,18.0,8.2,14.3,15.0,13.0,16.2,15.8,8.0,19.2,32.7,29.3,5.1,18.2,2.0,19.2
1772614733.309645,20.4,23.0,19.0,10.0,31.3,33.3,34.3,38.6,33.0,30.3,10.1,4.0,22.2,25.3,21.0,1.0,4.1,11.1,26.5,10.2,25.3,28.7,17.0,18.4,19.8,23.0,18.8,18.0,29.7,29.0,16.3,23.0,3.0,4.0,15.0,2.0,14.0,18.8,23.0,26.3,23.0,21.8,16.2,17.0,18.2,28.6,10.9,12.0,36.0,49.0,2.0,8.2,3.0,7.1
1772614734.3099601,39.2,26.7,17.8,13.1,27.7,19.0,37.6,37.6,28.4,17.0,4.0,4.0,25.7,16.8,16.0,2.0,7.0,8.2,14.1,23.0,29.3,45.0,30.0,16.7,23.8,12.9,13.0,13.1,27.3,19.0,21.0,13.1,3.0,3.0,5.2,13.9,23.5,11.2,21.2,24.0,15.3,25.0,17.8,15.0,9.1,21.0,10.2,7.0,45.1,47.0,3.1,14.0,3.0,4.0
1772614735.3147697,27.8,36.0,21.4,7.0,36.0,29.0,30.6,34.3,25.3,13.0,8.1,8.1,19.2,24.2,23.2,3.0,5.1,10.0,13.1,19.8,12.1,31.0,22.0,7.1,23.0,15.2,18.0,15.8,14.1,24.0,21.2,20.2,15.5,4.0,3.0,12.2,16.2,8.0,21.2,32.7,19.0,21.0,15.3,21.2,23.0,16.0,1.0,8.2,41.0,47.5,4.0,21.4,4.1,6.1
1772614736.3183098,26.6,27.5,22.0,6.0,13.1,14.1,42.0,26.7,18.0,16.0,4.1,4.0,14.0,21.8,14.0,0.0,6.1,5.9,13.0,11.1,27.7,8.0,29.7,12.0,21.8,10.8,10.0,13.0,5.0,12.1,10.9,16.0,5.0,3.0,20.0,9.9,8.1,3.0,22.2,18.0,12.0,8.1,12.9,15.0,19.0,16.0,4.0,11.9,41.2,41.6,2.0,22.0,3.0,4.0
1772614737.3199124,33.0,29.0,24.2,3.0,26.0,19.0,32.3,34.0,25.3,14.4,9.0,2.0,16.0,26.3,16.0,3.0,11.0,6.1,18.0,15.0,35.0,16.0,25.7,9.0,24.8,15.0,20.8,15.2,27.0,27.5,19.2,19.2,3.0,0.0,14.1,3.0,11.0,15.2,25.3,19.4,24.0,25.3,13.3,17.8,16.0,26.0,2.0,14.0,45.5,48.0,2.0,26.3,3.0,9.2
1772614738.323515,38.4,23.5,20.0,6.9,25.0,22.2,35.3,33.7,19.8,29.4,3.0,7.0,23.8,20.8,8.9,11.9,10.9,5.0,14.0,19.8,22.0,35.6,22.8,14.9,17.0,3.0,12.0,17.8,26.5,18.0,21.0,15.8,3.0,5.0,9.9,6.1,17.0,15.8,25.5,22.8,28.0,30.4,16.3,20.8,19.8,15.0,7.0,6.9,36.6,48.5,4.0,20.8,3.0,33.0
1772614739.3246343,37.1,27.6,26.5,3.0,23.2,20.4,38.8,29.6,27.6,30.3,4.1,14.4,13.3,23.0,8.2,16.3,11.2,6.2,19.0,20.2,22.4,15.6,18.2,26.5,13.3,8.2,24.2,19.4,22.4,14.4,14.3,23.5,4.2,2.1,18.6,3.0,12.4,18.2,21.4,18.4,37.8,24.7,22.4,15.3,25.5,12.1,14.3,4.1,41.0,51.5,12.2,19.4,4.1,18.9
1772614740.3247182,24.5,38.6,23.8,2.0,28.0,32.7,35.6,30.6,27.3,29.3,6.1,6.2,15.0,13.3,2.0,20.2,11.2,9.1,10.0,26.0,42.4,19.0,8.2,20.8,15.2,6.1,14.3,22.5,16.2,16.0,5.0,14.1,3.1,3.1,15.2,2.0,5.1,11.1,20.4,21.2,26.7,15.0,15.0,12.2,22.0,19.2,27.3,11.2,49.0,38.0,7.1,6.1,5.1,4.0
1772614741.3263946,38.1,21.8,22.4,3.1,21.2,17.2,41.0,30.0,31.7,28.0,8.2,8.1,17.3,19.0,2.0,22.0,13.0,10.1,20.0,18.8,40.0,30.6,20.0,30.7,13.4,5.1,19.0,18.4,17.2,21.0,14.0,16.2,3.0,2.0,12.1,5.1,15.8,10.0,26.0,23.8,24.0,25.7,16.2,18.8,23.2,19.8,15.0,4.0,41.6,51.5,3.0,6.0,3.1,5.1
1772614742.326484,33.3,28.0,22.2,5.1,28.3,28.6,33.3,36.0,28.3,30.7,10.2,34.7,24.8,23.0,4.0,15.2,9.0,7.1,19.0,16.3,38.4,37.0,23.2,9.2,24.0,17.0,24.2,13.1,24.2,28.3,14.3,21.4,4.1,4.0,2.0,14.1,16.2,16.2,28.0,21.4,28.0,36.4,14.0,15.3,12.9,21.2,10.2,3.1,44.0,49.5,4.1,4.1,3.1,3.1
1772614743.3300085,23.4,34.7,24.0,4.0,15.2,22.8,42.4,33.0,27.0,30.0,10.2,21.0,25.7,13.9,2.0,18.0,2.0,11.0,10.2,22.8,33.3,22.5,28.7,20.0,24.5,14.9,13.0,11.0,13.0,17.0,30.7,26.7,3.0,5.1,6.9,9.1,18.4,12.0,20.2,25.0,29.0,25.3,16.2,17.2,15.2,18.0,10.0,3.0,39.0,41.4,3.0,4.0,4.0,5.0
1772614744.332511,28.1,21.0,22.4,7.0,30.0,27.6,31.6,39.4,26.0,21.0,5.1,10.0,17.0,25.3,3.0,18.0,6.1,10.2,14.9,23.5,26.0,24.2,13.1,18.0,24.8,14.0,18.0,21.2,25.3,18.2,22.2,22.2,2.0,5.0,11.2,8.2,11.0,12.0,20.2,36.0,25.0,16.0,18.2,15.2,20.2,26.0,14.1,4.0,47.0,47.5,5.1,4.0,6.0,5.1
1772614745.3349457,19.8,21.8,23.0,9.0,23.0,20.0,34.3,38.0,17.2,19.0,2.0,20.0,30.7,12.0,1.0,21.0,5.0,12.9,16.3,20.2,28.0,20.0,28.7,15.8,27.0,12.9,17.0,20.8,11.0,15.2,19.0,20.0,2.0,4.0,13.0,5.0,7.0,15.8,18.8,26.7,24.8,22.8,21.0,18.0,16.0,22.0,13.9,4.0,38.6,45.5,15.0,5.1,5.1,4.0
1772614746.3350294,45.8,23.0,8.2,19.2,25.3,22.2,30.9,38.6,24.5,31.3,11.1,32.3,24.5,20.0,14.1,6.0,4.1,12.2,15.0,18.0,48.5,30.6,15.2,20.4,27.0,13.1,20.2,21.2,20.2,36.4,21.2,14.0,2.0,7.1,17.3,3.0,17.2,19.4,21.4,27.6,26.5,37.6,15.0,16.2,17.3,21.0,10.2,4.0,38.4,43.0,21.2,3.1,3.1,5.2
1772614747.3351154,35.4,24.2,22.0,26.3,24.8,21.2,49.0,30.6,30.4,32.0,11.1,5.1,23.0,20.0,11.1,10.1,9.1,6.0,14.1,16.2,36.6,23.0,18.0,22.8,19.8,17.8,17.2,14.1,17.2,25.5,16.3,19.0,2.0,3.0,12.1,6.1,13.4,19.2,28.7,24.0,26.0,32.0,21.2,17.2,20.0,14.1,9.1,4.1,39.0,52.5,15.2,11.0,4.0,7.1
1772614748.336299,30.5,33.3,17.0,19.0,27.8,26.3,45.0,45.5,32.3,28.4,11.0,4.0,23.2,19.0,1.0,16.0,7.1,10.0,12.1,22.0,53.9,40.0,15.2,25.0,14.0,25.5,12.1,22.8,10.2,21.2,33.3,9.0,1.0,5.1,6.0,12.1,7.1,16.0,27.0,27.0,20.2,23.0,20.4,18.0,32.0,24.0,14.9,3.0,54.0,62.1,11.3,11.3,3.1,4.1
1772614749.338136,36.1,29.3,22.4,5.1,22.0,25.5,41.0,28.6,27.3,31.6,2.0,4.0,24.5,24.2,11.9,12.2,4.0,12.1,14.3,20.2,38.4,28.6,20.2,20.0,23.2,17.8,15.0,18.2,24.8,20.0,15.5,18.2,3.1,3.1,16.0,24.2,11.0,15.2,19.4,27.3,32.0,26.0,17.2,14.1,24.0,18.8,13.4,2.0,58.6,49.0,26.0,6.1,5.1,6.2
1772614750.3382144,35.1,22.0,22.4,7.1,22.2,18.2,30.6,33.3,30.3,27.7,10.3,10.1,15.8,17.8,18.0,2.0,4.0,8.2,19.0,12.1,27.7,40.4,16.7,26.0,23.0,14.0,22.8,15.0,26.3,22.7,18.0,18.4,4.0,3.1,23.0,19.0,12.4,20.2,12.0,13.1,29.3,35.4,18.4,15.2,11.1,21.2,12.0,4.0,43.1,42.6,6.9,5.2,3.1,4.1
1772614751.3383076,24.5,33.0,22.2,2.0,22.2,23.5,35.6,33.0,29.7,28.0,2.0,1.0,7.1,15.3,18.2,2.0,6.1,6.0,22.8,12.0,18.0,26.7,19.2,14.1,24.0,13.1,13.3,14.1,11.0,27.0,15.2,11.1,2.0,4.0,19.2,28.0,9.1,18.0,22.7,34.7,26.0,17.2,14.0,14.1,16.2,24.5,5.1,8.2,48.0,39.8,10.3,3.1,6.1,4.0
1772614752.340137,38.4,24.8,18.4,5.1,27.0,23.5,46.0,25.5,25.0,21.0,3.0,10.0,13.0,21.8,19.2,3.0,9.0,11.0,11.0,22.0,44.6,34.7,23.8,20.0,20.8,17.8,19.8,16.8,14.0,11.9,17.0,5.1,3.1,2.0,13.1,33.3,4.0,14.0,23.8,22.0,13.9,4.0,16.0,20.8,21.0,20.6,2.0,11.1,42.0,45.1,21.8,2.0,4.0,4.0
1772614753.3402274,29.5,34.3,23.7,4.1,25.3,19.4,33.3,37.8,11.3,23.8,2.1,3.1,29.3,17.0,20.2,2.0,12.0,7.1,19.4,13.1,30.6,32.3,11.2,20.2,24.0,13.1,15.0,18.4,25.3,22.2,26.3,7.1,5.1,3.0,22.2,27.6,9.2,18.2,27.3,22.2,17.2,25.3,12.2,9.3,13.3,26.0,7.0,9.1,43.0,46.5,23.0,4.1,5.2,5.1
1772614754.3454359,28.7,30.7,16.5,12.0,18.0,25.5,35.3,29.7,17.6,19.0,7.9,16.0,26.7,18.0,16.8,1.0,6.1,8.1,12.9,20.2,21.8,34.7,22.8,24.0,20.8,16.0,19.0,16.8,16.2,21.0,20.0,20.8,5.0,2.0,11.0,29.7,17.2,16.2,22.8,22.0,15.2,24.2,15.8,19.8,12.9,19.0,2.0,13.0,44.6,42.6,21.8,5.0,3.0,7.1
1772614755.345529,42.1,6.1,22.4,4.0,21.2,21.4,35.7,27.3,21.2,16.3,4.1,4.1,25.7,16.0,16.3,3.0,7.1,5.1,15.0,16.0,3.0,7.1,22.0,4.0,16.2,20.0,11.2,14.1,24.5,18.4,21.0,12.1,4.1,2.0,28.0,13.3,7.1,13.0,27.6,27.6,16.2,22.0,14.1,15.3,23.0,12.1,6.1,4.1,42.0,44.4,21.4,4.1,3.1,3.1
1772614756.3465486,27.8,17.0,21.2,5.0,19.2,16.2,38.6,31.0,14.1,22.0,3.0,9.1,26.0,16.3,16.8,1.0,10.0,4.1,17.2,14.0,26.3,22.2,28.0,11.1,20.0,17.2,20.6,13.1,15.8,5.0,22.0,18.0,2.0,2.0,31.3,12.9,1.0,12.1,20.2,16.0,15.8,22.0,19.2,15.2,21.2,19.0,9.1,7.9,47.1,40.6,17.0,8.1,5.1,6.0
1772614757.34996,33.3,30.7,20.0,10.0,19.0,29.7,30.0,42.0,21.8,18.6,4.0,18.0,24.0,16.2,2.0,21.8,8.1,6.0,20.0,14.0,30.3,18.2,30.7,11.1,21.8,16.8,14.3,12.1,27.0,19.8,20.0,8.0,2.0,3.0,13.3,14.0,20.4,16.0,20.8,28.6,29.3,36.0,14.1,13.0,17.2,19.0,3.0,9.2,35.0,35.6,6.9,7.0,3.0,4.1
1772614758.3511505,32.0,37.0,3.2,22.2,25.5,21.2,36.7,38.4,22.2,35.0,13.3,15.5,19.2,32.7,3.1,20.2,15.0,5.1,28.0,14.1,40.0,17.2,30.4,12.0,14.1,18.0,20.2,25.0,27.6,22.2,26.5,19.2,4.1,4.0,40.4,16.2,21.6,16.5,29.6,30.0,37.4,26.3,19.0,23.0,20.4,20.2,13.4,6.0,49.0,46.5,3.0,5.2,5.1,5.1
1772614759.3515408,37.5,28.7,4.1,21.0,30.0,29.0,45.1,24.2,26.3,30.3,13.0,9.1,18.4,24.2,8.1,22.0,5.2,11.1,14.1,22.2,39.2,20.2,21.8,19.0,6.1,11.1,13.1,16.2,25.3,16.0,21.2,15.2,3.0,4.1,25.0,11.1,10.1,13.1,29.0,16.3,21.2,27.7,12.2,15.3,24.0,17.8,11.9,7.0,43.1,43.0,3.1,6.0,3.0,5.1
1772614760.3523178,29.2,34.0,7.0,19.4,23.5,20.0,37.4,34.0,30.7,29.0,11.1,3.1,27.7,17.2,6.1,18.0,10.0,11.1,10.1,24.8,51.0,29.3,10.2,27.3,3.0,18.2,16.0,24.2,17.0,20.2,21.0,20.4,5.0,3.1,36.4,16.2,17.2,6.1,23.0,16.2,24.0,23.5,15.2,19.0,21.0,19.2,7.1,9.2,48.0,46.5,5.1,5.2,2.0,7.1
1772614761.3557608,33.3,31.0,22.4,3.0,27.0,25.3,38.0,28.9,27.3,32.7,7.1,4.0,18.2,18.0,19.0,5.1,8.0,13.9,14.9,20.0,35.6,23.0,25.0,18.0,4.0,15.2,15.2,17.8,18.0,29.7,18.0,20.2,3.0,5.0,32.7,16.0,11.2,19.0,15.0,17.0,30.7,36.0,15.2,16.2,15.2,20.0,8.0,5.0,42.6,44.4,3.0,4.0,4.0,6.1
1772614762.3566444,32.3,26.0,23.0,8.2,22.2,15.3,44.4,28.0,29.3,30.0,14.1,6.1,11.1,16.2,18.2,2.0,4.1,9.1,18.2,19.0,24.0,31.7,24.8,7.9,15.0,23.8,17.0,18.0,22.8,27.3,19.2,18.2,2.0,3.1,33.3,17.8,13.1,19.4,24.5,32.0,33.3,27.7,17.8,18.0,21.0,12.1,12.1,3.0,43.0,44.1,16.3,4.0,3.1,3.1
1772614763.3582096,43.3,18.0,18.2,9.1,21.4,32.7,39.4,32.3,28.3,27.6,18.0,5.1,32.7,12.1,19.0,2.0,8.1,9.2,19.2,16.0,35.6,38.8,22.2,27.0,21.2,15.2,14.1,24.0,16.2,16.0,14.1,22.2,3.1,5.1,22.2,14.1,6.0,11.0,26.0,24.2,22.2,24.5,18.2,13.1,28.0,16.2,11.2,3.1,48.5,43.0,12.1,13.4,2.1,3.1
1772614764.3601372,35.4,27.0,7.1,18.0,21.0,23.2,33.0,36.4,29.3,30.7,3.0,5.1,25.7,21.0,18.2,2.0,11.1,4.0,19.0,16.0,34.0,39.4,8.1,21.2,28.7,12.9,18.2,16.2,14.3,22.2,23.2,12.0,4.1,1.0,6.1,11.1,14.3,7.1,28.0,21.0,28.0,22.8,17.0,13.1,27.3,12.1,12.0,6.0,44.0,46.9,10.0,14.3,3.0,7.1
1772614765.3605433,38.8,24.8,12.2,11.0,20.0,21.8,29.7,40.6,22.8,27.3,6.2,9.9,24.2,21.0,18.0,3.0,10.0,3.1,23.5,10.1,21.2,32.7,18.2,28.7,23.8,10.9,20.0,14.0,22.0,21.8,18.2,18.0,3.0,3.0,2.0,14.0,27.7,9.0,30.0,16.2,28.7,25.0,12.2,18.0,17.0,17.0,2.0,15.0,35.0,44.1,3.0,20.8,5.0,5.0
1772614766.3630326,25.3,16.0,12.2,12.1,23.2,23.7,33.7,39.8,28.3,32.4,7.1,4.0,29.7,15.0,18.0,2.0,8.0,5.1,21.2,12.0,25.0,30.0,19.8,14.1,21.2,17.2,14.1,13.1,18.2,30.3,8.2,22.2,4.0,2.0,2.0,13.1,18.2,10.3,27.0,32.3,32.0,24.0,14.0,18.2,12.2,26.0,2.0,9.2,42.4,46.5,3.0,4.1,2.1,4.1
1772614767.367416,30.9,25.7,24.8,5.1,24.0,24.0,40.6,47.0,32.7,32.3,8.1,1.0,16.2,29.7,20.0,2.0,8.2,7.0,21.8,14.3,47.0,32.0,12.1,29.4,20.0,21.0,15.7,17.8,10.0,21.0,20.2,17.0,3.1,3.0,8.1,9.0,3.0,12.0,25.0,25.3,27.7,23.8,18.0,15.2,20.6,24.8,4.0,13.0,53.5,50.0,4.0,22.2,3.0,4.0
1772614768.3719351,37.1,23.8,24.2,4.0,24.2,22.0,35.4,38.6,29.3,28.3,5.1,3.0,19.6,22.4,17.2,1.0,5.0,11.0,16.3,14.0,45.0,29.0,13.0,26.7,16.8,20.0,14.0,17.0,22.0,27.0,25.0,11.0,3.0,4.0,14.0,1.0,14.9,17.0,20.0,24.8,34.3,21.2,15.2,17.0,13.0,22.8,2.0,12.0,60.0,49.5,4.0,22.5,2.1,5.0
1772614769.3736618,36.5,28.0,21.4,6.0,24.2,22.0,34.7,38.4,27.7,28.0,10.2,8.2,23.5,21.8,19.2,4.0,10.1,7.1,12.9,23.0,33.3,16.2,21.8,15.3,13.0,27.7,23.0,19.0,14.1,26.3,21.8,19.0,3.0,3.1,18.0,2.0,13.3,22.4,28.3,23.5,29.6,31.0,19.2,15.0,18.2,19.4,6.1,11.0,40.0,50.0,4.1,22.2,4.1,5.1
1772614770.3739278,31.6,32.0,13.4,12.1,30.3,28.3,30.0,40.6,15.2,21.2,4.1,6.2,22.4,24.7,14.0,7.1,10.1,6.1,20.4,17.0,47.0,26.0,12.9,29.0,21.2,18.0,17.0,13.1,17.2,24.5,20.2,8.1,2.0,2.0,8.2,6.1,17.2,8.2,26.3,25.0,21.0,22.7,19.0,13.1,24.5,13.1,10.1,5.1,38.4,37.3,18.8,15.3,4.0,5.1
1772614771.375586,25.5,35.6,18.0,8.9,20.0,17.2,39.4,32.0,21.2,21.2,9.1,6.0,15.8,31.4,1.0,18.2,10.1,3.0,21.6,14.0,44.0,24.5,10.2,16.2,23.5,12.0,17.2,11.1,6.1,15.0,14.1,4.1,3.0,2.0,4.0,14.1,5.0,11.9,24.8,18.0,3.1,15.8,12.0,16.0,20.8,22.0,7.1,8.0,41.6,44.4,21.0,5.1,7.1,5.1
1772614772.3809075,26.0,36.6,23.8,5.1,23.0,28.0,26.7,36.3,20.4,14.9,2.0,4.0,13.1,28.3,18.0,4.0,11.9,4.0,15.0,16.8,34.0,20.8,16.0,32.0,26.3,13.9,16.0,15.7,26.0,20.8,4.0,9.9,4.0,2.0,14.0,1.0,15.0,16.8,10.1,18.0,14.0,16.0,12.1,18.2,19.8,19.2,4.0,8.2,44.0,48.0,8.0,15.2,3.0,2.0
1772614773.3832374,33.7,27.7,19.4,24.2,21.2,23.5,46.0,30.6,26.0,13.9,4.0,7.1,15.0,6.1,17.0,2.1,12.0,6.1,18.0,19.2,14.1,25.0,25.0,8.9,23.8,13.9,15.0,16.0,21.0,21.2,7.1,8.2,3.1,3.0,15.2,1.0,13.0,22.4,17.2,23.2,20.0,22.4,15.2,14.0,21.2,17.8,12.1,2.0,50.5,49.5,16.2,13.0,3.0,5.1
1772614774.38748,26.8,31.0,24.0,13.0,23.8,20.8,29.0,33.3,15.8,23.2,11.1,5.1,23.0,7.9,13.0,7.8,5.1,7.1,19.8,16.0,16.8,21.2,22.8,20.0,23.0,13.9,15.2,21.0,20.2,24.0,10.0,8.0,16.0,11.0,2.0,12.9,9.1,14.0,25.7,20.8,12.1,22.2,18.6,16.8,21.8,11.1,7.1,9.0,44.1,44.7,12.0,13.1,3.1,3.1
1772614775.3879466,26.9,36.4,22.4,6.1,20.4,24.5,37.0,33.3,10.3,28.3,9.1,6.1,30.3,10.1,2.0,17.3,14.0,2.0,19.4,13.0,30.9,28.6,25.3,11.1,24.0,15.0,14.1,16.2,10.0,17.2,14.1,9.2,14.3,20.2,16.2,1.0,7.1,9.2,30.3,16.2,20.0,16.2,19.2,14.3,24.2,23.8,13.3,2.1,42.0,47.5,15.2,11.1,3.0,6.1
1772614776.389057,28.1,30.4,22.2,1.0,28.0,22.0,30.3,41.4,26.7,29.0,5.0,3.0,26.7,14.4,2.0,21.0,7.0,9.0,14.1,12.0,20.0,23.5,30.4,14.1,24.8,14.0,15.0,15.0,26.3,28.0,17.8,21.0,7.9,9.0,12.1,3.0,22.2,15.0,27.0,19.0,32.7,29.7,13.1,14.9,11.9,18.2,4.0,9.0,44.0,43.6,8.1,8.1,5.0,2.0
1772614777.389675,30.5,31.3,22.4,9.0,19.2,20.0,33.3,35.6,25.0,35.0,9.3,10.0,28.0,13.9,3.0,16.3,4.0,10.0,18.8,18.4,37.6,24.0,23.0,9.3,21.6,16.0,18.0,19.2,24.0,17.3,16.3,22.2,20.2,2.0,14.0,4.0,16.0,17.2,28.3,32.3,34.3,25.0,18.0,18.6,14.1,21.0,12.0,5.0,39.0,52.0,3.0,4.1,4.0,3.1
1772614778.3915577,21.1,18.0,22.2,0.0,17.2,18.4,36.0,33.3,25.0,23.0,5.0,2.0,23.8,19.4,2.0,16.8,6.1,8.1,20.2,12.0,27.3,24.2,26.3,16.8,18.2,12.0,11.1,14.1,23.2,14.0,22.0,15.0,3.0,3.1,1.0,14.9,7.2,9.1,22.0,20.2,20.2,31.0,14.1,13.0,24.2,10.1,13.1,2.0,43.0,43.4,6.1,23.2,1.0,5.0
1772614779.39266,26.6,20.0,21.2,4.0,22.2,26.0,40.0,23.0,23.2,14.0,4.0,3.0,21.2,19.0,1.0,16.2,5.1,10.2,17.0,12.1,24.7,29.0,14.9,22.0,14.1,3.0,12.0,13.9,12.1,12.0,3.0,14.3,0.0,4.0,10.2,6.1,9.1,7.1,24.0,22.2,18.8,17.2,14.9,13.4,24.0,19.0,9.9,5.0,49.0,36.3,16.0,11.0,4.0,2.1
1772614780.3949497,34.7,20.8,5.1,13.9,13.9,19.0,29.3,34.0,14.1,18.0,3.0,10.0,8.0,24.0,2.0,14.1,3.0,9.9,8.0,20.0,18.0,34.7,7.1,17.8,12.7,2.0,14.7,17.2,16.0,20.8,12.2,5.1,4.0,1.0,14.0,3.0,14.0,14.7,21.2,21.0,25.0,27.7,16.3,16.7,18.0,15.8,5.0,7.1,44.1,35.4,7.0,19.0,3.0,6.0
1772614781.3992155,46.5,25.0,4.0,22.8,33.3,30.0,39.6,38.8,21.8,20.0,2.1,12.1,23.2,26.0,0.0,19.0,4.1,11.1,19.8,19.0,25.3,43.1,25.7,24.8,5.1,15.0,18.0,15.0,33.3,25.3,22.2,19.0,4.0,4.0,16.2,0.0,13.3,24.7,29.0,36.0,27.0,33.7,15.8,17.0,24.0,20.0,7.1,8.1,41.0,52.5,6.0,19.0,2.1,2.1
1772614782.40301,37.5,22.8,5.1,22.0,21.4,19.2,28.6,43.1,23.0,18.2,9.2,9.0,25.7,14.3,15.7,6.9,4.0,10.1,22.0,16.8,34.0,38.6,22.0,8.1,8.2,17.0,25.0,19.0,17.2,11.1,28.7,23.2,4.1,3.0,10.0,14.0,8.0,17.0,17.8,25.3,25.0,27.7,16.3,21.0,26.3,15.2,10.1,7.1,44.6,42.4,23.0,4.0,3.0,7.1
1772614783.4030938,35.1,26.3,5.1,20.2,25.3,26.3,36.0,30.6,28.6,21.0,5.0,3.0,19.4,14.0,16.3,2.0,5.0,8.2,12.1,13.1,43.4,24.2,25.7,19.2,13.9,22.2,11.1,15.0,23.8,14.1,18.4,29.0,2.0,3.1,3.0,16.8,5.1,12.2,8.2,14.1,13.3,30.3,13.1,16.0,12.0,22.2,4.1,7.1,27.6,28.7,20.2,2.1,3.0,4.1
1772614784.405152,33.0,33.7,4.1,22.0,23.8,23.2,36.6,36.0,27.6,32.0,7.2,10.1,12.1,15.0,13.0,12.0,7.1,11.0,22.2,20.2,36.0,20.0,9.2,25.0,13.1,27.0,25.7,20.2,27.0,21.8,14.0,28.6,3.0,5.1,14.3,5.1,20.0,16.0,27.3,21.2,31.4,30.3,20.2,16.2,12.0,27.0,15.2,5.1,45.0,51.0,11.0,14.0,8.1,5.1
1772614785.4058292,25.8,38.2,12.1,14.1,26.5,27.3,34.3,39.0,24.0,31.0,8.9,12.1,31.0,18.0,3.0,15.0,9.1,11.0,15.8,19.8,42.6,39.2,20.0,21.2,15.0,24.8,18.2,17.0,25.5,28.0,15.2,23.0,4.0,4.0,5.1,12.0,17.3,17.3,26.0,25.3,27.6,33.7,21.8,14.1,20.0,21.4,3.0,12.1,47.0,47.1,4.0,19.4,7.1,4.1
1772614786.4072614,26.3,37.8,23.2,25.7,20.0,22.4,37.8,39.4,30.7,25.0,3.1,2.0,22.8,16.0,2.0,19.2,5.2,11.1,9.2,18.0,28.6,43.0,14.1,23.5,13.1,25.0,15.2,12.1,8.9,15.2,16.2,10.2,3.0,4.0,13.0,2.0,13.1,9.1,23.0,15.2,22.0,25.3,15.3,12.1,17.3,26.0,2.0,14.1,43.4,46.5,13.1,13.1,3.1,4.0
1772614787.4082594,32.6,29.7,21.4,17.3,25.0,28.7,38.8,45.5,24.2,23.0,7.1,7.9,14.3,29.7,2.0,16.2,10.0,7.0,15.2,18.0,40.4,41.4,8.1,27.3,14.1,24.0,14.0,23.0,25.0,15.0,8.0,16.0,1.0,7.1,13.3,2.0,9.1,5.1,25.0,22.2,30.3,18.2,17.2,17.0,12.1,23.0,4.0,12.0,52.5,51.5,9.0,17.2,2.0,9.1
1772614788.4083307,26.3,25.7,6.1,17.8,13.3,13.4,32.4,30.7,17.0,15.2,5.1,3.0,18.8,24.0,2.0,14.0,6.0,8.1,13.7,16.2,19.0,28.0,24.2,18.8,21.8,11.0,12.0,16.2,14.0,16.2,2.0,11.1,2.0,2.0,10.0,4.0,16.0,10.1,26.0,19.2,21.0,22.8,15.8,10.1,14.0,18.8,2.0,8.0,55.0,44.0,4.0,14.0,3.0,2.0
1772614789.4092326,28.1,31.0,9.1,17.2,23.8,27.5,34.3,33.7,22.0,23.0,6.1,10.0,27.3,14.1,2.0,21.6,6.2,8.2,11.1,21.2,30.7,30.7,7.1,24.2,17.8,23.0,21.2,18.2,26.3,23.2,6.0,8.0,3.1,4.0,2.1,16.0,22.0,14.1,30.0,23.0,27.3,30.0,12.1,15.0,20.2,16.2,10.1,5.1,44.0,46.5,2.0,11.2,6.1,7.1
1772614790.4132037,24.0,28.0,4.0,20.8,19.0,21.2,28.7,38.0,18.4,29.0,1.0,11.0,17.8,15.0,1.0,15.3,11.1,6.0,20.0,14.9,29.6,29.3,27.0,18.0,16.0,19.0,17.8,15.7,17.2,22.2,16.3,3.0,3.0,3.0,4.0,13.4,11.2,16.0,23.0,23.2,25.0,16.2,14.1,19.2,20.2,13.0,10.9,4.0,39.0,43.0,10.1,30.7,3.0,3.0
1772614791.4146268,25.0,41.2,3.1,21.0,21.2,24.2,32.7,33.7,26.7,12.9,4.0,18.4,18.2,30.0,3.0,21.2,9.0,6.1,9.0,20.4,26.3,11.0,17.2,12.9,16.0,23.0,14.1,13.0,8.0,9.9,12.1,13.0,2.0,2.0,2.0,13.9,4.0,13.0,15.0,19.4,16.2,13.3,13.0,16.8,27.7,11.2,3.1,12.1,40.4,43.7,2.0,20.6,1.0,6.1
1772614792.41766,30.2,30.7,3.0,22.0,30.0,22.0,37.0,32.0,16.2,19.2,8.1,5.1,9.0,14.9,30.6,18.0,6.0,10.2,17.3,17.8,31.0,12.0,28.7,17.8,14.9,24.0,20.0,19.0,26.3,26.0,26.0,14.0,2.0,8.1,7.1,10.1,14.3,14.1,15.0,19.0,9.1,16.3,21.8,15.2,25.7,13.1,8.9,5.0,41.6,51.5,6.1,20.6,2.0,3.0
1772614793.4248054,27.1,30.4,12.0,10.0,22.0,20.0,32.3,33.7,12.9,19.4,5.0,12.9,12.9,9.0,29.7,20.6,8.8,6.9,13.0,16.0,28.7,14.0,23.5,11.0,25.5,13.7,16.7,14.0,17.0,16.0,13.9,19.8,1.0,3.0,11.0,1.0,14.9,20.8,9.9,14.9,13.0,24.5,13.0,16.0,16.8,16.0,0.0,13.9,37.6,43.6,22.3,3.0,3.0,3.0
1772614794.4260674,33.0,26.3,17.3,7.1,30.0,23.5,31.0,39.6,16.5,20.2,5.1,2.0,11.1,10.1,32.0,14.1,11.3,8.1,16.2,15.2,40.0,22.2,19.2,18.2,23.5,15.8,19.2,14.0,18.2,18.2,13.3,26.3,5.1,1.0,14.1,2.0,14.1,7.2,11.2,16.2,19.4,19.6,20.2,15.3,16.2,23.8,3.0,12.1,47.0,46.0,22.2,5.1,3.1,5.1
1772614795.4288547,25.0,38.6,4.0,21.2,23.0,22.5,36.6,36.4,35.3,23.8,3.0,11.0,16.0,16.0,30.0,22.8,10.9,11.0,25.7,22.0,28.0,18.2,16.8,22.2,20.4,18.0,21.0,16.8,11.1,18.6,8.9,9.1,3.0,5.9,5.1,12.9,12.1,5.1,23.0,25.0,23.5,28.0,14.1,14.0,16.8,29.0,4.0,12.0,39.0,41.0,12.1,11.1,2.0,5.1
1772614796.4356327,28.1,32.0,2.1,21.0,34.3,28.6,41.0,32.0,25.0,31.3,5.1,10.2,22.0,26.0,31.6,18.2,9.1,10.1,20.0,16.8,23.0,40.0,14.0,22.8,13.1,25.7,18.0,16.0,36.6,22.2,23.2,17.2,6.9,2.1,3.0,17.0,19.0,18.2,30.3,30.6,24.2,27.7,21.2,16.2,17.2,23.2,12.9,5.1,43.6,39.4,4.1,4.1,7.1,5.1
1772614797.435719,41.1,19.2,6.1,21.8,22.8,17.2,37.0,33.0,28.0,25.0,2.0,9.2,25.0,19.6,17.0,14.1,29.3,12.1,17.2,20.2,34.3,36.4,13.3,27.7,13.1,26.0,20.2,19.2,31.0,16.2,22.2,15.2,3.1,2.0,3.1,16.3,24.2,16.0,29.3,20.8,38.0,24.2,16.2,19.0,24.2,16.0,6.1,9.1,40.4,53.0,2.0,7.0,2.1,4.1
1772614798.4382627,35.1,21.0,4.0,21.2,23.5,27.3,38.4,26.3,25.3,28.3,4.0,3.0,27.0,12.9,16.0,2.0,10.1,8.1,13.0,15.8,37.0,34.7,8.9,25.7,13.7,22.0,13.0,13.1,18.2,19.2,21.0,9.1,2.0,3.0,3.0,11.0,7.0,12.1,16.0,19.0,31.3,26.0,16.0,19.0,24.2,18.2,7.1,4.0,35.0,46.5,20.2,2.0,4.0,2.0
1772614799.4442573,28.4,33.0,2.0,20.8,17.2,15.8,36.3,25.7,24.8,29.7,10.0,5.0,8.0,15.2,14.0,2.0,3.0,10.8,22.8,10.0,24.8,27.7,29.0,17.0,5.0,16.2,20.8,10.1,16.8,7.1,28.0,10.2,2.0,4.0,0.0,14.0,5.0,8.1,13.9,10.1,19.0,19.0,16.0,11.2,11.9,17.2,3.0,9.9,43.3,42.6,18.0,5.0,14.0,3.0
1772614800.445055,38.8,19.8,5.2,17.2,24.0,21.2,43.6,27.6,16.8,21.0,9.2,6.1,15.8,12.0,19.8,2.0,5.1,9.1,18.0,17.0,37.0,22.2,24.0,8.9,6.1,13.0,14.1,17.2,20.0,17.2,24.0,12.1,4.0,1.0,4.0,11.1,11.0,19.0,26.0,27.7,26.0,20.2,20.0,15.0,16.7,20.8,5.0,13.0,42.0,48.0,18.0,4.0,20.4,3.1
1772614801.4451404,22.1,23.2,23.2,3.0,23.5,21.2,36.7,31.0,26.3,23.2,11.0,2.0,17.2,25.0,20.4,2.0,8.1,8.2,17.2,17.0,29.0,22.2,23.0,21.2,19.0,4.0,17.2,23.0,26.5,25.0,26.3,9.1,3.0,2.0,14.4,4.1,20.4,13.0,22.4,23.2,29.0,31.7,15.0,15.2,18.2,19.0,3.1,14.1,48.0,44.0,14.0,9.2,31.0,5.1
1772614802.4454274,28.1,33.0,24.2,5.0,22.8,25.3,41.0,32.7,30.6,28.0,6.1,3.1,9.2,33.0,17.2,2.0,6.9,11.1,17.8,16.3,35.4,39.0,21.2,14.0,16.5,5.1,16.0,13.0,19.4,11.2,12.2,18.0,4.0,2.0,18.0,4.0,16.0,8.2,19.0,28.3,31.3,34.0,16.2,21.2,27.3,19.2,2.0,12.2,55.4,35.4,15.2,13.0,22.8,16.3
1772614803.449603,33.7,26.7,22.0,2.0,23.2,27.0,39.0,31.7,26.5,33.7,7.0,5.0,14.9,28.4,18.0,3.0,12.0,5.1,13.0,18.8,34.7,17.0,19.8,23.8,14.9,19.2,17.0,20.8,21.8,17.2,27.7,26.3,2.0,3.0,14.0,2.0,11.0,5.0,25.7,22.8,21.6,19.2,18.8,15.8,23.8,11.0,11.9,4.0,43.0,50.0,10.0,15.2,1.0,30.7
1772614804.4506576,31.6,29.0,14.1,10.2,13.1,13.3,29.3,25.3,23.0,32.0,2.0,11.1,16.0,24.8,1.0,19.0,5.1,5.0,21.0,10.0,40.8,21.2,25.0,10.1,12.1,20.8,14.0,10.1,15.0,13.0,28.3,16.0,3.0,4.0,13.1,2.0,17.0,12.0,26.3,26.3,17.3,25.7,16.2,14.1,15.2,11.9,9.1,1.0,41.0,38.0,1.0,18.0,3.0,23.2
1772614805.4547021,24.0,39.6,23.0,8.0,35.0,37.0,45.0,34.7,31.6,30.7,4.1,10.1,18.0,29.3,4.0,19.8,9.2,7.1,17.2,22.0,36.4,29.3,26.0,10.2,17.8,24.0,15.8,24.0,24.2,28.3,26.3,17.2,4.0,3.0,7.0,12.1,21.2,16.2,25.7,27.0,36.3,26.3,18.2,19.0,22.0,18.2,14.0,3.0,53.5,46.9,6.0,6.1,3.1,21.2
1772614806.4547827,21.5,41.6,21.4,4.0,16.3,18.2,28.0,44.9,26.5,28.0,5.1,7.1,19.4,18.0,13.0,10.1,6.2,7.1,20.0,15.0,50.0,29.6,16.3,27.0,13.0,24.0,15.3,13.1,19.2,18.2,18.2,14.3,5.1,3.1,9.0,4.1,7.1,11.2,19.4,24.0,24.5,36.4,11.1,16.2,19.2,19.2,6.1,8.2,48.0,43.6,13.3,10.2,4.0,17.2
1772614807.4551358,21.6,37.3,22.4,7.0,25.3,29.7,45.1,44.4,37.6,23.2,3.1,4.0,20.0,24.0,20.0,3.0,12.0,7.1,18.2,16.0,35.6,38.6,17.0,17.8,15.7,23.0,18.0,22.0,20.2,11.0,18.2,12.0,3.0,8.0,14.1,4.0,7.1,16.8,29.0,20.2,20.0,20.0,23.8,15.2,14.1,23.0,11.2,4.0,53.5,49.5,22.0,4.0,2.0,39.0
1772614808.455217,35.4,30.3,22.4,5.1,23.2,23.5,35.7,36.4,27.3,31.3,17.2,6.2,21.2,19.4,5.1,13.1,12.1,6.1,19.2,21.4,42.4,29.3,28.0,15.5,18.4,24.0,14.3,22.2,27.0,23.2,18.4,9.4,4.1,2.1,9.2,9.2,16.2,20.2,34.3,26.5,32.3,24.2,16.2,16.2,17.2,22.4,5.1,11.1,58.0,49.0,21.0,6.2,2.0,23.5
1772614809.4558291,41.8,25.7,26.3,8.1,28.0,30.3,31.3,42.4,18.2,22.8,4.0,3.1,19.8,23.0,18.0,8.1,8.1,10.0,15.0,21.0,28.3,38.4,23.2,9.1,13.0,23.0,18.0,18.8,21.0,26.5,19.8,21.6,3.1,5.0,12.1,5.1,19.8,13.1,19.2,21.2,31.0,24.0,23.0,19.0,22.0,21.8,13.1,4.0,38.0,43.0,22.0,6.1,2.0,17.0
1772614810.459127,18.3,41.6,21.4,6.0,19.4,22.0,35.0,36.0,15.2,8.1,2.1,11.0,8.2,15.2,18.0,3.0,12.9,5.1,18.2,15.2,33.0,23.7,25.7,25.7,25.7,17.6,12.1,19.0,14.1,23.2,19.2,22.2,4.0,4.0,16.2,4.0,5.1,11.1,12.0,18.0,14.1,18.2,14.0,16.2,22.2,16.3,13.1,1.0,44.0,49.5,21.2,3.1,8.1,27.3
1772614811.4616172,25.3,23.2,22.2,7.1,24.2,24.0,39.0,29.0,15.2,3.0,4.0,10.1,21.8,15.2,18.0,3.0,10.2,4.0,19.0,18.0,18.0,8.0,19.8,13.0,24.8,13.0,15.0,16.0,15.2,10.1,13.0,18.0,1.0,1.0,15.8,3.0,13.0,14.0,22.2,23.2,12.1,13.0,18.2,16.8,22.2,13.0,11.0,8.1,44.0,44.0,21.8,5.0,36.6,4.0
1772614812.4638186,24.7,27.7,23.2,4.0,19.2,23.2,27.7,41.0,15.0,17.3,12.0,7.8,33.0,11.2,7.1,12.1,9.0,7.1,21.2,10.1,18.4,21.0,29.0,15.0,22.0,12.1,19.8,12.2,28.0,27.7,25.0,12.1,4.0,2.0,16.0,0.0,14.1,17.3,27.3,32.0,14.0,23.2,17.0,16.0,13.0,24.2,11.0,4.0,45.0,47.6,11.3,11.2,33.3,4.0
1772614813.4665318,26.3,36.0,20.2,4.0,15.8,24.2,32.0,33.3,26.5,19.2,2.0,9.3,16.0,23.5,6.1,17.0,4.0,10.0,21.6,14.0,30.0,14.4,8.0,25.0,22.0,14.7,15.2,17.8,14.0,24.0,22.0,16.0,2.0,5.0,13.1,3.0,9.1,18.2,23.8,23.8,33.0,31.0,16.2,13.1,19.8,20.0,12.2,4.0,36.3,47.5,7.1,18.8,6.1,3.0
1772614814.4666243,36.5,24.8,21.4,2.0,23.0,26.3,33.7,34.3,30.3,31.3,3.1,8.2,15.2,29.3,19.2,1.0,5.1,9.2,20.6,15.3,43.4,25.3,18.2,20.0,26.7,17.0,20.8,18.2,26.3,12.2,19.2,20.4,4.1,4.0,14.3,15.3,6.0,12.0,18.2,35.4,24.2,21.2,20.0,20.0,17.3,23.2,13.0,3.0,42.0,55.4,13.3,13.4,4.0,5.1
1772614815.4683392,32.0,33.0,24.5,3.1,16.3,22.4,37.6,32.0,27.0,31.4,11.1,12.1,16.2,28.7,17.2,2.0,10.0,7.1,17.8,17.0,34.7,16.8,13.0,27.7,25.0,11.2,15.2,15.0,18.2,10.1,13.1,24.8,5.1,2.0,17.0,13.0,15.2,19.6,23.2,29.3,25.0,22.0,14.4,16.0,16.0,21.0,3.1,13.0,50.5,43.0,7.1,17.8,4.0,4.1
1772614816.4684353,36.7,29.7,21.0,6.0,27.0,31.0,35.0,36.0,21.0,26.3,4.0,3.0,18.0,16.2,9.0,14.9,5.2,9.1,18.2,14.0,49.0,33.3,11.1,26.0,14.0,25.7,13.3,20.2,27.0,23.5,18.2,18.4,1.0,4.0,15.0,1.0,13.1,22.0,17.3,25.0,33.7,25.3,21.8,14.1,15.0,21.2,10.9,7.0,39.4,42.0,5.0,16.5,3.0,7.1
1772614817.470607,21.9,37.6,22.7,1.0,16.0,16.8,35.0,33.3,16.0,19.0,8.1,4.0,11.1,13.1,12.0,8.0,11.0,3.0,10.0,19.2,38.6,27.0,16.0,27.5,15.0,18.8,16.8,11.9,23.2,20.0,18.2,15.0,2.0,3.0,2.0,10.1,8.0,17.2,23.8,21.0,30.0,34.0,15.2,13.0,13.0,25.0,6.1,3.0,33.0,32.0,3.0,29.0,4.0,6.1
1772614818.4730792,28.9,36.0,23.0,6.1,29.6,32.3,41.4,36.6,28.3,33.0,5.1,3.1,17.8,14.9,4.0,19.2,5.0,14.3,20.2,15.8,38.0,27.0,14.0,27.0,23.0,16.8,24.8,19.0,20.4,11.1,15.0,16.2,4.0,3.0,3.1,16.0,13.0,11.0,22.0,31.3,16.2,34.0,16.2,19.0,28.0,12.0,14.1,2.0,32.0,42.2,25.0,32.0,1.0,12.2
1772614819.4742417,31.6,25.7,22.2,2.0,15.2,21.2,32.3,34.3,31.7,27.0,10.2,9.1,9.2,12.2,2.1,19.2,10.1,4.0,18.0,10.2,31.3,21.0,13.9,27.7,22.2,9.2,12.0,13.3,13.0,22.0,10.3,9.1,3.0,3.1,2.0,13.9,16.3,18.2,28.3,24.2,23.0,23.2,13.0,13.1,15.2,17.3,9.1,2.0,32.7,32.0,20.4,2.0,2.0,27.0
1772614820.4762921,30.9,35.0,21.4,3.0,21.0,27.7,34.7,38.0,26.0,33.7,5.0,4.0,19.0,13.0,6.1,18.6,8.1,6.9,19.0,18.0,34.0,41.0,17.2,19.0,11.9,8.0,18.0,25.5,17.0,27.6,19.8,22.8,3.0,3.0,1.0,14.1,15.0,20.0,25.3,22.2,33.7,28.0,20.0,18.2,19.0,23.0,13.3,5.0,42.2,35.6,21.0,4.1,4.0,7.1
1772614821.4779859,32.7,25.0,19.4,1.0,16.5,20.4,37.8,28.6,26.3,34.0,3.0,10.1,10.1,6.1,20.2,1.0,5.1,7.1,15.2,13.3,34.7,34.3,22.0,15.2,2.1,17.3,12.0,10.2,23.2,23.8,7.1,24.2,5.1,1.0,2.0,13.0,4.0,9.2,14.0,18.8,27.0,36.0,14.3,17.0,16.2,20.0,8.0,4.1,34.3,50.5,22.0,2.0,2.0,4.0
1772614822.4799397,39.6,22.0,23.5,1.0,22.8,21.8,37.0,34.0,31.0,29.0,3.1,5.0,20.2,25.0,14.0,6.0,10.1,6.0,19.0,15.2,18.0,36.6,6.0,24.0,9.1,15.0,22.0,17.2,9.0,14.1,30.7,31.7,3.0,4.0,6.1,11.2,12.1,8.9,15.3,17.2,15.8,26.7,20.0,13.0,12.2,21.0,7.9,8.1,47.0,47.5,19.2,5.0,3.0,31.0
1772614823.4818888,21.1,24.0,22.0,2.0,25.3,31.0,29.0,38.8,33.0,28.0,10.0,11.2,10.2,33.0,3.0,21.0,6.1,10.3,16.0,17.8,24.0,28.0,24.0,25.7,12.0,12.1,17.2,18.2,25.3,22.0,28.3,22.4,3.0,4.1,2.0,14.1,18.2,16.3,28.0,32.3,27.7,24.2,14.1,13.1,12.0,25.0,11.2,2.0,52.9,40.0,10.0,11.1,4.0,2.1
1772614824.4863784,22.1,28.7,6.1,19.2,20.8,18.2,36.7,35.0,23.2,26.3,4.1,4.1,17.8,27.0,18.2,1.0,4.0,10.1,15.2,17.2,38.0,27.0,23.0,12.0,13.0,27.3,14.0,20.0,21.4,21.0,15.0,20.4,2.0,3.0,5.1,12.0,13.0,20.4,25.0,19.2,25.5,33.3,18.2,15.8,13.3,27.3,11.1,2.0,41.0,43.0,14.1,10.1,2.0,5.1
1772614825.4926016,30.2,22.0,22.2,2.0,23.5,23.8,26.7,38.6,19.6,16.0,9.0,5.0,23.8,16.8,16.2,1.0,3.0,8.0,13.6,17.8,42.0,22.2,13.9,28.0,15.8,16.8,13.9,10.9,16.8,20.0,12.9,21.0,3.0,2.0,3.0,11.9,5.0,10.0,18.2,24.0,32.7,26.7,14.7,14.3,11.0,17.2,4.0,10.9,23.2,31.7,11.1,13.1,1.0,7.9
1772614826.4936697,31.9,33.7,21.2,7.1,18.2,22.2,42.0,49.0,20.0,22.8,5.1,2.0,17.2,19.2,16.8,2.0,5.0,8.1,14.3,18.8,35.6,32.7,20.2,19.0,22.8,17.0,16.8,13.1,14.0,15.2,15.2,17.8,5.1,2.0,6.0,8.2,13.1,8.1,28.0,24.0,17.0,20.0,22.0,14.9,26.0,11.9,5.0,10.0,46.0,47.5,15.8,9.1,4.0,7.1
1772614827.4976597,23.7,33.7,21.2,6.1,23.2,27.3,37.0,38.4,15.0,12.1,17.2,3.1,12.9,16.0,16.3,4.0,8.0,8.1,10.0,15.2,52.5,31.0,24.0,17.0,16.0,20.2,20.0,15.0,24.2,23.2,26.0,11.1,3.0,2.0,6.1,9.9,15.3,16.8,18.2,27.0,25.0,28.7,18.0,9.2,22.0,15.0,10.0,3.1,53.5,47.5,18.0,5.0,1.0,3.1
1772614828.500958,34.4,30.7,22.2,6.1,21.0,23.2,40.4,35.4,10.1,11.1,2.1,3.0,25.3,17.3,8.0,15.0,7.1,7.9,15.8,19.8,39.0,21.4,10.0,24.8,26.0,13.7,16.2,14.0,19.0,30.3,13.0,23.0,3.9,3.1,2.0,14.1,11.0,23.2,21.0,22.4,26.0,24.5,14.9,13.1,23.5,16.3,13.3,1.0,49.5,49.0,3.0,3.1,2.0,4.0
1772614829.5061216,20.0,34.3,21.2,6.1,29.0,24.8,31.7,38.6,21.0,23.2,5.0,9.2,25.5,19.6,22.2,2.0,6.9,8.2,18.0,17.2,24.5,18.0,13.9,29.0,28.7,13.1,19.8,14.1,10.1,24.0,27.7,12.1,2.1,5.0,2.0,14.3,8.2,7.1,22.8,26.0,18.4,14.1,16.2,21.0,24.8,13.7,4.0,14.0,40.0,48.0,8.0,21.0,2.0,22.2
1772614830.5061889,31.2,24.8,21.6,5.0,25.3,17.5,32.3,38.0,21.0,16.0,6.1,6.1,29.3,9.0,16.2,4.0,8.2,7.1,20.0,14.0,14.0,25.3,10.2,27.0,25.7,12.9,18.2,14.0,18.2,24.2,20.0,5.1,5.9,3.0,8.0,12.0,16.2,15.0,24.7,30.7,7.9,16.8,15.2,17.2,17.2,16.2,5.1,12.9,52.0,40.6,1.0,22.2,2.0,28.0
1772614831.508075,37.5,28.0,22.0,4.0,27.6,28.0,32.0,43.0,24.0,27.0,7.1,9.1,25.5,20.2,21.8,5.1,8.9,9.1,19.0,21.2,26.0,27.3,19.0,22.2,24.0,14.9,19.8,17.0,20.2,25.0,19.4,12.1,8.2,3.1,17.0,3.0,19.2,14.4,26.3,15.2,22.7,20.2,17.0,22.0,23.5,25.3,10.0,8.2,52.5,44.0,4.0,22.2,4.0,8.1
1772614832.5096085,35.4,22.8,21.6,2.0,22.0,24.0,28.0,38.0,24.2,27.7,2.0,10.1,19.0,23.0,16.2,7.0,10.2,4.0,10.0,21.0,32.7,39.0,27.7,12.9,21.6,11.1,20.0,13.1,27.7,23.2,14.0,20.2,4.1,6.0,15.2,4.0,8.1,17.8,17.0,13.0,37.0,29.3,13.1,10.2,22.5,10.0,11.0,7.0,49.0,36.7,3.0,22.0,5.1,4.0
1772614833.5119536,27.4,31.7,22.0,5.1,24.2,23.0,34.7,36.0,19.2,17.0,3.1,3.1,17.0,17.0,18.2,4.0,11.0,5.1,18.2,21.0,15.0,37.3,18.8,14.1,23.2,11.9,17.2,20.8,14.1,7.1,25.0,16.8,3.0,3.0,14.1,1.0,3.0,15.2,15.3,22.8,16.2,24.8,14.0,19.8,23.0,11.0,12.2,3.1,42.0,48.5,3.0,21.2,3.0,3.1
1772614834.5130684,28.4,11.1,15.2,9.9,22.8,18.4,36.6,30.3,24.0,25.0,7.1,9.0,11.1,11.1,19.0,2.0,5.1,7.1,18.0,16.0,21.8,18.2,17.0,28.7,20.8,17.0,14.0,10.1,18.2,19.0,20.2,13.1,1.0,1.0,14.0,3.0,14.1,13.1,20.2,25.0,21.8,19.4,18.0,14.3,23.5,14.1,9.9,6.1,41.4,43.6,11.0,9.1,5.0,4.1
1772614835.5132186,24.0,24.8,3.1,21.2,20.4,24.0,36.4,30.7,28.7,24.8,7.1,6.1,15.2,10.0,18.0,2.0,13.1,2.0,18.2,17.0,24.2,34.0,8.0,22.0,22.2,12.0,23.2,15.3,20.0,21.4,11.1,27.3,4.0,3.0,11.1,5.1,16.3,15.3,31.0,19.4,31.3,25.0,15.3,19.2,24.2,17.0,7.2,4.0,41.6,46.5,2.0,4.1,4.1,6.1
1772614836.514036,18.9,33.0,6.9,21.2,25.0,25.5,34.3,37.6,30.0,21.4,10.1,3.0,15.3,7.1,19.0,2.0,6.1,8.1,16.7,18.0,28.6,46.5,26.0,21.8,24.0,13.9,20.0,19.8,26.5,20.8,17.2,19.2,4.0,3.0,15.8,10.9,13.0,16.2,23.2,24.8,36.4,33.3,16.0,17.2,19.0,10.0,5.0,7.1,49.5,41.6,2.0,4.0,4.0,4.0
1772614837.5141163,45.9,21.2,3.1,21.0,26.5,17.0,38.6,26.5,27.0,28.7,4.0,2.0,12.0,13.0,8.0,12.1,5.1,9.0,14.3,17.3,23.0,39.0,22.2,8.1,23.8,12.1,17.0,16.3,24.0,11.2,16.2,25.3,2.1,4.0,14.3,6.1,8.1,11.1,23.0,26.5,24.0,22.0,15.3,19.8,19.2,16.2,7.1,8.1,43.6,47.0,2.0,4.1,0.0,5.1
1772614838.5143654,38.9,19.0,5.1,21.8,25.0,23.2,34.7,35.0,29.3,31.0,10.1,11.1,18.0,23.0,3.0,17.2,6.1,11.2,16.8,21.6,19.0,42.2,23.0,25.3,24.0,13.0,12.0,23.0,17.2,12.0,21.2,14.1,4.0,3.0,6.0,11.1,17.2,20.0,27.3,29.6,26.5,18.0,15.0,14.1,15.2,21.4,12.1,3.0,33.3,49.0,8.1,4.1,3.0,5.1
1772614839.5152261,38.5,19.0,5.0,21.0,21.4,19.2,40.8,31.3,33.7,25.0,2.0,5.1,18.4,22.0,0.0,20.0,5.0,10.1,14.1,18.0,22.4,41.0,14.0,20.0,16.2,26.0,12.2,13.1,30.7,25.5,21.0,20.2,3.1,3.0,11.2,5.1,14.3,18.4,28.7,18.8,32.3,29.3,16.0,20.2,16.8,22.2,10.0,5.1,35.6,33.0,24.2,6.0,21.8,7.1
1772614840.515297,35.8,29.7,5.1,21.2,31.3,30.7,39.0,37.8,31.3,28.3,11.1,5.1,21.0,25.3,3.1,19.0,6.1,13.1,17.3,16.5,37.0,43.4,27.3,15.0,8.0,13.3,20.2,22.8,26.8,17.0,24.2,21.2,3.1,4.0,14.1,3.0,11.1,15.2,21.2,23.7,32.0,31.0,15.2,22.4,19.2,18.2,5.1,12.2,56.1,43.9,24.0,37.8,5.1,6.2
1772614841.5203273,26.0,36.0,5.0,21.6,18.2,20.0,26.0,43.1,27.0,26.3,11.1,7.0,25.0,19.0,2.0,19.0,5.0,12.9,15.8,21.4,19.2,24.0,12.7,26.7,12.9,10.0,13.9,17.0,24.8,15.0,23.5,20.0,4.0,2.0,2.0,16.3,10.9,13.9,24.2,21.0,22.0,26.7,14.9,16.0,19.4,16.8,12.0,6.9,46.6,44.7,15.2,31.7,15.2,5.0
1772614842.5204122,26.0,37.6,2.1,20.0,23.0,30.0,32.7,38.0,29.0,31.7,12.0,4.1,14.1,15.8,5.0,17.8,10.1,4.0,13.9,20.4,19.0,23.0,8.2,26.5,14.1,6.1,19.2,23.0,21.0,5.1,14.9,11.1,2.0,4.1,9.0,9.0,16.0,18.4,26.0,33.7,22.4,14.0,15.2,19.0,24.8,25.7,9.0,7.0,46.0,43.0,13.9,18.0,21.2,6.1
1772614843.5211096,25.5,37.4,5.1,22.4,18.4,25.8,38.8,37.0,26.5,33.7,9.2,4.1,12.0,28.3,2.1,17.5,7.1,8.2,24.5,11.2,21.4,27.6,13.3,30.3,12.2,11.2,24.2,14.1,20.0,38.0,18.4,24.0,3.1,3.0,9.2,5.1,18.4,14.1,12.1,18.0,33.0,40.6,15.3,22.0,19.2,15.3,12.2,2.1,45.5,51.0,11.1,14.3,27.6,10.2
1772614844.5218928,29.9,26.0,4.0,21.2,21.2,28.0,31.0,37.4,28.0,31.0,3.1,3.1,29.3,15.3,2.0,19.0,5.2,11.2,15.2,20.0,30.6,29.6,21.0,14.9,20.0,19.0,19.0,17.0,18.4,24.5,10.2,24.2,3.1,4.1,3.1,14.3,3.1,12.0,22.2,19.4,25.3,34.0,14.1,19.0,15.3,17.2,12.0,6.1,51.0,39.4,5.0,17.0,29.6,7.1
1772614845.5219812,26.8,21.4,2.1,22.2,20.2,22.0,48.5,39.0,21.2,23.2,8.1,10.1,31.7,14.3,3.0,19.2,7.0,8.1,14.0,18.2,18.0,24.0,25.0,20.2,12.0,25.3,17.0,16.0,16.2,15.2,10.2,24.2,2.0,2.0,15.2,2.0,18.0,18.2,35.0,21.2,22.8,22.2,13.1,15.2,28.0,14.1,8.1,5.1,52.0,42.0,3.1,1.0,19.0,15.3
1772614846.5220733,29.2,36.6,5.1,21.0,17.3,30.3,34.7,38.4,23.2,14.0,6.0,9.2,12.0,30.0,1.0,18.4,7.1,11.1,20.2,9.1,30.3,42.4,20.2,15.2,26.5,13.9,17.0,13.1,14.3,16.0,18.8,26.0,3.1,5.0,7.0,12.0,16.2,18.2,21.4,25.3,26.3,22.4,21.0,16.2,17.2,22.0,11.1,5.1,52.5,47.5,17.2,12.9,3.0,29.0
1772614847.524406,33.3,32.7,5.1,22.0,22.8,31.3,42.4,35.0,13.9,12.4,2.1,5.1,30.0,20.0,2.0,18.2,8.2,8.1,17.0,21.0,26.3,24.2,23.5,24.0,20.0,22.0,21.6,18.8,22.8,29.0,22.0,9.2,5.1,2.0,8.1,16.2,14.9,11.1,28.0,26.0,19.2,23.0,17.8,14.0,13.0,27.0,13.0,3.0,46.5,38.0,22.0,5.1,4.0,29.6
1772614848.52668,30.9,30.7,14.0,11.0,21.4,18.4,37.0,34.3,18.2,21.8,4.0,13.1,20.0,21.0,2.0,20.2,6.0,11.1,16.2,17.0,30.3,29.0,12.2,16.8,13.9,23.8,11.9,12.2,30.3,22.2,18.4,14.0,1.0,5.1,6.1,11.2,13.1,11.0,26.0,26.0,14.1,25.0,19.0,16.2,11.1,22.0,10.1,4.1,40.2,30.3,22.0,6.1,1.0,25.0
1772614849.5289361,22.3,41.6,23.2,2.0,22.8,32.4,35.0,32.0,23.8,24.8,9.1,5.1,11.9,11.0,2.0,18.0,10.0,3.0,12.7,19.8,21.8,7.1,27.7,14.3,20.0,16.0,17.0,15.7,5.1,15.0,8.0,13.9,3.0,4.0,5.0,15.2,24.2,9.1,30.0,26.0,10.2,13.9,13.0,16.8,26.0,16.2,1.0,10.9,30.0,32.7,22.2,3.0,1.0,27.7
1772614850.5303736,30.2,31.0,23.5,4.0,18.4,21.6,37.4,40.0,27.6,29.0,2.0,10.9,11.2,15.2,2.1,20.0,9.3,6.1,12.2,29.0,14.3,12.1,25.3,11.9,22.2,13.1,15.2,13.3,20.0,25.0,15.3,4.1,4.0,4.0,15.2,2.0,25.3,12.1,22.2,24.5,14.9,23.5,20.0,16.2,20.8,18.0,12.0,6.2,34.3,48.5,21.0,7.1,4.0,42.3
1772614851.5307558,26.9,36.4,21.6,5.1,29.3,30.7,31.0,43.0,30.0,30.3,3.1,4.1,11.1,16.2,3.0,19.0,8.2,10.0,24.0,11.0,39.4,31.3,22.2,26.0,27.7,13.9,13.0,17.0,20.2,21.0,11.1,9.9,1.0,4.1,12.0,5.1,9.1,17.3,19.2,27.5,33.3,27.6,13.3,16.3,17.2,20.0,8.1,8.1,44.0,48.0,14.1,16.3,4.1,16.0
1772614852.5314863,20.6,28.7,23.5,9.0,22.4,20.2,37.4,33.0,28.0,28.7,5.1,11.2,10.2,17.3,18.2,3.1,4.1,13.3,24.2,26.0,47.1,31.0,9.0,25.3,26.0,12.0,23.2,18.2,32.3,28.0,14.0,3.0,4.1,2.0,3.1,17.0,19.0,16.0,28.3,26.0,29.0,28.3,16.3,19.8,26.7,16.2,7.1,9.4,50.0,43.0,7.0,17.2,3.1,6.0
1772614853.5331888,22.7,19.0,16.3,15.8,29.0,27.3,36.6,35.4,33.0,26.0,11.1,4.1,9.0,19.0,20.8,4.0,7.9,11.0,12.0,23.0,20.0,30.7,19.0,28.0,26.3,13.0,16.8,15.2,13.1,6.1,15.0,15.3,2.0,3.0,12.1,5.0,12.1,20.2,24.8,25.5,22.2,27.3,18.8,22.2,27.6,18.0,11.0,7.9,43.0,47.1,16.3,11.0,4.0,4.1
1772614854.5341167,30.2,19.2,6.9,21.4,19.2,23.2,31.3,37.6,29.3,32.3,9.0,5.1,30.3,11.1,19.2,2.0,9.2,6.1,22.0,19.0,26.5,47.5,16.0,16.0,13.9,26.0,14.3,24.0,25.7,24.0,23.2,11.2,3.1,5.1,17.2,2.0,18.4,9.1,23.2,24.2,27.0,30.7,15.0,14.1,14.0,21.4,2.0,8.2,43.6,47.0,11.1,14.1,10.1,5.1
1772614855.5341904,22.3,14.3,2.1,20.8,25.0,26.5,30.3,42.0,28.7,31.0,5.2,4.1,21.2,21.2,19.4,1.0,4.1,10.1,14.1,19.0,25.0,43.0,31.0,17.2,13.9,24.8,16.0,16.2,14.1,24.0,22.4,18.4,5.0,3.0,9.1,8.2,3.0,12.1,19.2,10.1,32.0,27.3,15.2,23.0,16.0,24.8,3.1,11.0,37.0,39.0,4.0,21.2,5.1,3.1
1772614856.5342755,29.9,25.0,3.0,20.4,17.0,28.6,40.0,32.3,29.0,26.3,13.1,4.0,18.6,25.0,18.2,3.0,10.9,5.2,13.9,19.4,31.0,45.0,24.5,10.0,20.4,17.2,14.1,19.2,22.4,31.3,20.2,19.2,3.1,3.1,12.1,8.2,15.2,22.2,37.6,27.3,28.0,28.3,17.2,19.2,21.2,20.2,13.1,3.0,51.0,38.8,2.1,9.2,5.0,5.1
1772614857.5365918,40.0,19.8,2.0,21.0,22.7,19.0,29.0,37.4,25.0,29.0,8.0,5.1,23.0,13.9,17.8,5.0,5.1,10.0,14.9,20.0,20.2,25.7,17.0,23.8,17.0,21.8,13.0,19.6,17.0,7.1,11.1,10.0,3.0,2.0,1.0,13.1,19.2,13.1,27.3,20.2,16.2,24.0,15.2,14.0,19.0,16.2,10.0,4.0,41.4,44.0,18.2,9.0,3.0,4.0
1772614858.536718,36.1,23.2,2.0,21.0,26.0,23.2,34.3,36.4,31.0,24.8,4.1,3.1,7.1,12.1,17.2,5.1,3.0,11.1,22.2,15.0,28.0,28.0,26.0,15.2,16.0,17.2,14.0,13.1,10.2,15.2,11.1,1.0,1.0,5.0,2.0,14.0,13.3,8.1,25.0,19.0,23.2,25.0,14.1,15.2,18.0,16.2,6.1,9.0,41.6,46.0,21.8,3.0,1.0,5.1
1772614859.5410695,25.3,35.6,5.1,19.0,16.2,20.8,42.4,25.0,21.8,22.8,7.1,4.0,21.2,15.2,18.0,4.0,9.0,9.0,17.0,16.2,40.2,37.4,23.8,7.1,22.2,14.9,15.0,17.2,28.7,26.7,21.0,24.8,3.0,3.0,2.0,15.2,3.1,13.1,27.3,19.2,26.7,35.0,16.2,21.0,13.9,21.0,4.0,10.1,44.1,44.7,21.2,4.0,3.0,5.1
1772614860.5411553,21.1,16.8,20.8,5.1,24.2,23.2,33.3,31.3,21.2,25.3,11.1,2.0,34.3,10.2,15.2,2.0,7.0,5.1,17.0,10.0,32.7,32.3,29.4,15.2,15.8,9.1,16.0,17.0,15.2,22.4,32.3,27.0,3.0,2.0,13.9,6.0,15.0,15.3,26.5,28.3,32.3,28.3,31.6,18.2,18.4,26.7,3.1,13.0,49.0,37.4,5.1,20.2,2.1,3.0
1772614861.5412395,23.2,36.0,22.0,2.0,11.1,23.2,36.4,34.3,31.0,28.0,4.0,9.1,32.3,10.1,20.0,3.0,4.0,10.3,21.0,16.2,31.0,18.2,15.2,13.9,6.1,16.2,11.0,19.0,15.2,24.0,15.2,25.0,1.0,3.0,11.2,1.0,12.1,18.2,19.0,25.0,24.0,18.0,20.8,18.0,33.0,18.2,5.0,8.2,48.5,40.0,6.0,18.2,4.0,8.2
1772614862.5413206,27.4,31.0,1.0,17.2,25.5,20.4,27.7,34.3,28.3,27.0,1.0,4.1,15.2,24.5,16.2,1.0,7.1,7.9,14.0,19.0,19.2,23.2,17.0,19.4,2.0,14.1,12.1,12.1,8.9,21.0,15.0,23.2,3.0,1.0,11.1,2.0,13.0,8.1,13.3,24.0,20.0,28.7,14.1,13.3,21.2,9.0,10.1,4.0,44.0,40.4,9.9,13.3,2.0,6.1
1772614863.541401,27.7,31.7,4.0,21.0,19.0,21.2,36.7,36.3,23.8,22.0,11.9,4.1,15.0,27.3,16.0,3.0,7.1,9.2,17.2,20.0,28.6,47.0,24.0,15.0,12.2,9.0,17.0,21.0,22.4,27.3,24.0,10.2,3.0,4.0,3.0,15.0,15.0,7.1,22.2,24.2,27.6,27.3,16.3,16.2,16.2,19.4,6.1,9.1,55.6,38.6,10.2,15.8,2.1,5.0
1772614864.5414898,33.0,35.0,10.4,12.1,24.7,20.2,42.4,46.9,25.0,16.2,9.3,5.1,15.3,27.0,20.4,1.0,7.1,11.2,18.2,20.2,37.6,42.4,22.4,15.2,20.2,16.2,18.4,18.8,25.0,27.0,20.0,27.0,3.1,2.0,15.2,3.1,21.2,14.3,34.0,33.3,25.0,33.3,21.0,15.2,19.4,24.0,13.0,4.0,51.5,50.0,11.2,12.5,2.1,4.1
1772614865.5415783,21.9,34.3,14.1,12.1,21.2,25.3,31.3,42.6,20.0,21.0,10.9,5.0,22.2,24.2,19.0,3.0,9.2,4.1,13.1,23.0,18.2,36.0,14.0,26.3,23.0,13.9,16.0,17.0,15.3,8.1,18.2,10.1,2.0,2.1,14.0,3.0,16.7,13.0,16.3,18.2,18.0,19.0,16.8,15.0,26.3,11.1,11.2,2.0,55.6,51.0,6.1,18.0,4.0,5.2
1772614866.5416687,21.9,38.4,9.1,14.0,18.0,25.3,36.6,27.0,10.2,22.0,6.1,2.0,22.0,14.1,10.1,8.1,11.1,6.0,13.9,19.0,19.8,17.0,18.0,14.0,25.7,12.2,12.1,15.2,22.0,14.0,16.2,16.2,3.0,4.0,12.1,5.1,14.0,2.0,17.0,13.1,19.2,16.0,12.2,16.2,18.8,13.1,11.1,4.0,36.0,45.0,3.1,10.2,3.0,5.9
1772614867.5460107,22.9,15.0,16.2,6.0,24.0,26.0,30.3,35.0,18.2,21.0,2.0,9.1,22.0,19.0,2.0,13.0,4.0,7.1,17.6,17.0,26.0,33.7,28.7,15.0,19.8,17.6,11.1,13.0,16.7,22.8,13.0,19.0,4.0,3.0,1.0,8.0,11.0,2.0,15.0,23.0,17.0,16.0,14.9,19.0,13.0,15.2,9.0,4.0,32.7,30.0,2.0,6.9,2.0,2.1
1772614868.548439,22.9,25.0,21.2,8.0,20.2,22.0,33.0,43.4,35.6,29.0,7.1,3.1,23.0,21.0,13.1,9.1,11.3,7.1,18.4,13.3,24.5,18.2,25.0,13.0,13.1,27.0,13.1,20.0,29.6,27.6,18.6,25.7,3.1,4.0,3.1,18.8,21.0,16.8,24.2,35.6,13.1,20.2,15.0,20.0,22.8,24.8,6.0,10.2,49.5,45.5,3.0,23.5,4.1,6.0
1772614869.5492458,15.6,28.7,22.8,2.0,26.0,32.0,35.4,33.7,23.8,33.7,12.0,6.1,16.0,24.2,2.0,20.0,13.9,6.0,22.0,17.0,26.7,16.0,27.7,20.0,23.5,16.0,17.6,18.2,12.2,16.0,15.8,14.1,4.0,2.0,2.0,13.3,17.2,21.0,27.0,23.0,16.2,12.1,19.2,29.7,15.2,27.0,5.1,9.8,49.5,48.0,7.0,22.2,2.0,6.1
1772614870.5516913,18.1,23.0,22.2,3.0,27.3,18.2,44.4,33.7,28.6,29.3,3.0,3.1,9.3,20.0,4.0,20.0,11.1,6.1,19.2,18.0,29.3,35.0,26.3,7.2,20.2,20.8,15.3,13.0,18.0,21.2,12.9,11.1,1.0,4.0,3.0,16.0,13.3,8.1,26.0,22.2,32.0,22.4,19.2,22.2,12.1,26.0,12.1,6.1,47.5,45.5,23.0,13.3,9.0,4.0
1772614871.5517726,11.7,27.0,20.6,6.1,26.5,25.3,41.0,29.6,25.0,28.7,9.1,4.1,27.0,15.2,2.0,17.5,4.0,11.2,15.3,15.5,31.3,47.5,14.1,27.7,13.0,27.0,16.2,22.0,20.2,24.2,23.2,9.1,3.1,3.0,0.0,15.2,12.1,13.4,25.0,26.3,27.3,32.3,13.1,15.2,25.3,11.1,6.1,6.1,41.8,49.5,22.0,5.0,4.1,3.1
1772614872.551859,39.8,23.0,5.1,22.2,19.0,19.4,43.0,26.0,21.4,22.2,6.1,12.1,25.0,16.2,1.0,19.8,7.1,10.0,24.0,12.7,22.2,25.8,13.0,25.0,18.6,20.8,21.0,18.8,25.3,27.0,21.2,19.2,4.0,4.0,4.0,14.3,22.4,17.3,32.7,27.0,29.3,25.3,17.3,20.0,24.2,22.0,2.0,14.3,47.5,44.0,21.2,7.1,2.1,4.1
1772614873.5538552,31.6,26.3,19.2,4.0,27.3,25.0,38.0,24.5,31.0,25.0,7.0,5.0,30.7,11.1,3.0,17.0,8.2,7.1,16.8,16.2,25.0,20.0,15.0,29.4,19.2,17.0,20.0,16.2,18.0,8.1,21.0,12.1,3.0,3.0,2.0,12.0,16.8,10.0,19.2,23.0,19.8,20.0,10.2,14.9,21.0,13.0,4.0,10.9,43.7,43.6,11.2,12.1,2.0,3.1
1772614874.5564966,31.6,31.7,22.2,7.1,22.0,17.3,39.6,28.7,31.7,22.8,7.1,27.3,26.0,17.0,1.0,17.2,4.0,9.1,17.3,16.0,42.6,21.8,15.2,22.2,25.0,13.0,15.3,18.0,13.1,23.5,20.4,16.2,3.1,2.0,2.0,14.1,6.0,9.1,17.0,16.2,30.3,28.0,17.8,19.0,16.0,25.0,6.1,8.1,44.0,44.9,11.1,12.1,2.0,6.0
1772614875.5608497,15.8,33.0,18.8,4.1,26.0,28.7,33.0,31.0,30.7,30.0,6.1,32.0,22.8,21.0,3.1,14.1,6.1,12.9,24.2,13.9,50.5,29.3,26.7,17.8,15.0,21.8,13.1,21.0,26.0,26.7,20.2,15.0,3.1,1.0,4.0,17.2,15.3,14.1,20.4,11.2,30.3,28.6,17.2,15.2,20.0,16.0,4.0,14.0,43.1,40.6,8.9,16.2,3.0,4.0
1772614876.5610404,27.8,31.6,8.1,21.6,22.4,16.2,26.3,46.5,29.0,30.3,29.0,24.5,22.0,18.0,1.0,19.2,6.2,7.2,14.1,20.4,34.3,31.0,11.1,23.0,17.0,20.0,18.2,20.2,18.4,15.3,14.0,19.4,6.0,4.0,5.1,14.0,14.4,17.5,14.0,17.8,26.3,26.5,18.0,14.4,30.0,17.2,9.1,6.1,35.0,31.3,11.2,14.3,4.0,4.2
1772614877.5611365,28.1,37.9,8.0,18.2,23.2,21.2,33.7,30.0,25.3,29.0,27.3,3.0,21.2,16.3,2.0,16.2,7.1,11.0,23.8,9.0,21.2,39.6,20.2,16.2,19.0,17.0,14.9,15.0,22.2,14.0,16.2,21.4,3.0,2.0,1.0,12.1,12.0,11.0,12.1,13.1,17.6,30.6,18.4,15.8,11.1,19.0,2.0,9.2,35.7,31.7,10.1,15.0,3.0,2.1
1772614878.56392,27.4,30.7,3.0,22.0,21.8,18.0,24.5,40.6,26.0,21.8,10.1,9.9,18.2,24.8,2.9,14.9,7.9,7.0,13.9,14.0,24.0,47.5,31.4,9.9,23.8,13.0,19.0,17.2,18.4,17.2,16.2,14.0,3.0,3.0,3.0,11.9,12.0,8.0,18.0,19.0,28.0,29.4,13.0,11.1,16.0,12.1,21.2,12.0,25.0,40.0,5.0,17.2,3.0,4.0
1772614879.56399,23.4,38.0,4.1,22.2,22.7,33.0,33.0,38.8,29.7,28.0,4.1,7.2,25.0,21.4,3.0,20.2,13.3,4.1,22.2,15.8,28.3,44.4,27.0,9.3,14.0,23.2,17.0,15.3,24.5,31.3,25.5,34.0,2.0,3.1,4.1,12.2,18.6,16.0,25.8,31.6,28.3,33.3,21.0,16.2,24.0,16.3,18.4,8.1,46.5,54.0,19.8,6.1,5.1,11.2
1772614880.5695066,34.4,31.7,4.1,22.0,20.0,19.2,38.0,30.7,27.7,32.7,11.2,7.0,16.2,17.8,1.0,17.8,12.0,2.0,15.0,19.8,28.0,28.0,13.0,28.7,24.0,11.9,23.0,15.0,21.0,14.0,29.7,23.2,5.0,5.0,13.9,3.1,11.1,20.4,29.4,21.8,18.0,24.0,23.0,16.8,22.0,22.8,10.9,3.0,40.0,50.5,21.6,14.1,2.0,24.5
1772614881.5703084,22.9,36.4,3.1,19.2,30.3,22.4,31.0,37.4,28.0,27.3,8.1,1.0,13.0,16.0,3.0,19.2,7.9,8.9,12.1,22.2,45.0,27.3,12.9,24.8,10.1,12.0,17.2,14.3,15.2,12.1,9.1,7.1,0.0,3.1,10.1,7.1,6.0,12.1,22.2,19.2,28.0,31.0,14.3,13.3,14.0,22.0,12.0,4.1,48.0,39.0,19.2,9.0,2.0,33.0
1772614882.5725994,36.5,26.7,21.2,5.1,22.2,18.6,32.7,42.2,21.2,16.3,3.0,3.1,14.3,28.3,1.0,19.0,12.0,6.0,25.3,6.1,35.0,38.0,23.0,22.2,3.0,15.0,17.2,23.5,26.0,23.0,16.2,13.3,3.0,3.0,5.1,12.1,17.0,4.0,16.2,14.1,31.0,26.3,14.1,19.8,20.4,16.2,8.1,3.0,48.0,49.0,22.8,2.0,2.0,34.0
1772614883.5744643,37.1,23.0,24.0,6.0,23.2,19.6,52.0,32.7,17.8,20.4,6.1,10.0,25.5,19.4,12.1,8.1,5.0,11.1,12.2,18.0,32.0,36.6,23.0,8.0,3.0,15.2,19.0,15.2,25.0,20.2,10.0,23.0,3.1,3.1,2.0,17.2,18.2,17.0,21.4,31.3,30.3,25.7,17.8,14.3,27.0,17.2,7.2,10.0,34.7,34.0,20.4,8.0,2.0,26.5
1772614884.5745504,26.3,34.7,12.1,12.0,23.2,24.5,42.0,38.8,23.5,12.1,6.0,12.0,17.2,28.7,14.3,8.1,8.1,6.1,11.0,24.0,18.2,25.7,29.3,21.0,10.1,5.2,19.0,18.2,23.2,16.0,17.3,20.0,2.0,5.1,6.1,14.1,16.0,18.2,21.0,24.0,15.2,22.2,14.3,20.2,25.7,14.1,3.0,12.2,51.0,53.0,19.0,5.2,2.1,12.0
1772614885.5746963,33.0,29.0,12.0,17.0,18.2,20.8,33.0,35.6,6.0,15.2,3.1,8.1,21.2,20.0,19.0,5.1,9.1,6.1,21.8,17.0,22.0,15.2,22.8,7.1,16.3,23.5,13.0,14.0,17.8,8.1,15.0,22.2,3.1,3.0,9.1,14.0,5.1,12.0,24.0,27.0,19.8,19.0,14.1,16.8,24.0,12.0,4.1,8.1,49.5,51.5,7.1,15.2,3.0,32.7
1772614886.5752785,27.1,34.7,2.1,20.4,29.3,24.0,32.7,34.0,26.3,18.2,3.1,4.0,27.7,10.1,18.0,3.0,9.1,9.0,10.1,25.7,28.3,22.2,22.2,19.8,24.3,15.0,21.0,16.2,29.3,24.0,13.0,27.0,1.0,5.1,13.0,8.2,12.2,11.2,20.4,23.2,16.0,22.0,17.8,18.0,25.3,12.0,13.0,3.0,39.0,48.0,12.0,14.0,5.1,32.0
1772614887.5756521,20.8,16.2,5.0,21.0,16.2,18.0,36.6,37.0,29.0,28.0,3.0,10.1,27.7,18.0,18.2,3.0,5.1,8.1,15.0,15.0,29.3,9.2,24.8,13.9,20.0,13.0,11.2,16.2,16.0,18.2,11.1,21.2,3.0,4.0,15.0,3.0,20.0,14.1,27.3,29.3,11.1,21.4,14.3,16.2,21.2,13.1,2.0,8.2,45.5,42.0,12.1,10.3,3.0,25.3
1772614888.5762532,21.4,38.0,7.1,19.8,24.2,21.4,34.0,39.0,32.0,31.3,12.1,3.1,23.0,19.0,17.2,2.0,9.9,7.1,19.0,17.0,30.4,14.1,28.0,9.1,19.8,18.8,20.8,13.1,21.2,19.4,17.2,24.8,1.0,4.0,14.1,3.0,15.0,19.0,23.0,23.5,20.2,12.0,18.2,12.1,13.1,26.3,6.1,7.1,47.1,47.0,17.2,9.0,3.1,15.2
1772614889.5811584,36.5,28.7,17.2,8.0,23.0,26.0,35.0,37.6,27.6,27.0,3.0,10.9,24.8,18.4,20.0,3.0,9.2,3.1,16.2,20.0,30.3,46.1,18.8,24.0,16.2,21.8,14.1,14.0,13.3,16.0,9.1,21.2,2.0,2.0,15.2,3.0,3.0,14.0,19.2,22.8,23.5,30.6,15.2,18.0,14.0,25.0,7.1,9.2,46.5,41.6,9.1,4.1,2.0,35.4
1772614890.581489,38.8,24.8,26.0,3.1,21.4,22.2,40.4,34.3,28.7,34.3,3.1,8.2,23.5,23.5,18.4,1.0,14.0,4.1,16.2,22.2,22.0,41.6,10.1,21.8,22.8,14.1,20.8,22.8,17.3,23.8,25.3,17.2,5.0,3.1,9.1,12.1,14.1,14.1,25.0,24.2,31.0,30.0,14.0,22.8,20.0,18.2,3.0,13.9,48.5,44.0,4.0,12.1,4.1,10.1
1772614891.5833101,28.7,31.4,17.2,7.0,24.2,30.7,39.6,32.3,33.0,26.5,3.1,6.1,25.5,19.2,18.8,3.0,9.1,9.9,16.3,16.0,26.0,27.0,20.4,27.3,23.2,19.2,15.3,20.0,30.4,24.2,21.0,14.1,4.0,5.1,2.0,18.0,13.3,23.0,32.3,25.5,27.0,26.0,15.2,15.2,17.0,21.8,3.0,12.2,45.0,53.0,2.0,22.2,5.1,3.1
1772614892.585664,41.8,23.0,21.6,5.1,14.1,26.3,39.0,28.7,30.7,30.7,11.0,11.0,14.3,14.1,3.0,21.0,7.1,9.0,15.8,21.0,30.0,37.6,16.0,14.0,11.9,27.5,17.0,22.0,17.0,6.2,21.0,21.0,3.1,3.0,2.0,14.1,9.9,18.6,22.8,20.2,21.0,27.7,21.0,15.2,22.0,26.3,12.1,7.0,44.0,46.5,4.0,23.2,15.0,10.1
1772614893.5879312,30.5,24.2,14.1,12.0,27.3,30.3,39.4,34.0,30.3,30.6,4.1,4.0,10.1,16.2,1.0,18.0,13.0,5.2,16.0,15.2,37.0,40.4,30.0,17.3,17.0,20.0,14.1,15.2,21.2,16.2,8.2,10.1,4.1,3.0,2.0,17.6,10.2,6.0,15.3,16.2,33.7,25.3,13.1,18.0,20.2,15.0,9.1,3.1,46.0,48.0,2.0,23.0,7.0,21.2
1772614894.5920665,28.4,35.0,6.1,23.0,18.8,22.8,38.4,32.0,29.0,30.0,9.9,6.1,9.0,34.7,13.0,10.0,8.1,8.0,20.2,19.0,27.7,31.0,21.8,11.0,25.7,16.3,15.2,22.0,28.0,14.9,16.8,18.4,4.0,3.0,2.0,13.1,18.0,13.0,25.0,30.3,21.2,30.0,16.2,17.3,12.0,24.2,5.0,11.0,42.0,45.1,2.0,21.4,3.0,33.7
1772614895.593025,32.3,30.7,16.0,14.1,27.3,25.5,32.7,39.4,30.7,27.0,3.1,8.2,12.2,31.0,1.0,21.0,8.2,7.1,17.0,17.0,25.3,28.0,12.1,29.7,19.8,24.0,15.8,21.8,21.6,31.3,18.0,21.0,3.1,4.0,8.2,9.2,17.3,19.4,31.0,23.0,26.3,25.0,19.0,16.0,25.3,20.2,1.0,12.2,31.0,40.6,4.0,23.5,3.0,17.2
1772614896.5943184,19.1,39.0,23.0,2.0,19.0,21.2,31.3,32.3,25.5,31.4,2.0,15.7,23.8,16.0,18.0,3.0,9.0,6.1,17.0,21.2,32.7,26.3,22.0,22.8,17.0,21.0,14.1,18.2,13.1,22.2,14.4,24.2,3.0,3.0,12.1,2.0,17.8,7.1,25.3,19.0,26.3,22.2,20.2,16.0,16.0,19.0,3.1,10.9,37.0,42.0,5.1,20.2,4.0,6.0
1772614897.597932,25.8,28.7,13.1,10.9,17.2,22.3,30.0,40.6,28.0,27.7,4.0,1.0,24.8,16.0,15.0,2.0,3.1,11.2,17.0,19.8,32.0,38.0,7.1,21.0,12.0,25.7,14.1,17.8,10.9,15.8,14.1,22.0,3.0,2.0,1.0,16.0,7.1,8.0,29.3,19.0,28.7,32.0,14.1,18.2,18.8,21.6,11.8,9.0,55.4,41.0,10.0,13.1,4.0,4.1
1772614898.6015334,31.6,24.0,21.2,8.2,29.7,21.6,24.5,45.1,22.8,19.0,5.1,9.1,11.1,30.3,2.0,18.2,7.1,13.0,16.2,17.0,24.5,33.3,27.7,22.0,21.0,17.8,19.2,18.2,27.0,28.0,17.2,23.2,1.0,4.0,3.0,15.2,20.2,9.2,31.0,23.5,27.6,30.3,13.3,23.8,16.2,17.3,9.2,8.0,38.0,46.5,7.2,19.0,3.1,5.1
1772614899.6023622,31.6,41.6,22.4,7.1,19.2,21.8,33.3,37.4,33.3,24.0,9.2,4.1,14.0,19.8,14.0,7.1,11.0,6.0,19.2,13.0,42.0,33.7,18.0,12.1,22.0,16.0,13.0,12.0,22.4,16.2,28.3,26.0,2.0,3.0,1.0,14.1,11.1,21.0,20.2,21.0,20.0,24.2,18.6,15.0,26.0,20.0,7.1,5.1,47.5,44.0,12.1,13.3,3.0,5.1
1772614900.6034205,29.5,37.0,23.2,7.1,31.0,30.6,30.3,39.0,23.5,15.2,2.0,8.2,11.2,13.1,19.2,3.0,13.3,35.4,19.0,13.0,46.5,27.6,23.2,26.0,18.0,23.2,18.2,17.8,22.0,18.2,18.2,15.3,3.1,4.0,2.0,15.3,19.2,8.2,16.2,11.1,28.7,34.0,17.3,22.0,21.0,17.3,12.0,10.0,54.0,39.4,19.0,7.1,2.1,4.1
1772614901.6074603,27.1,31.7,23.2,28.0,19.6,16.0,31.3,39.0,22.8,12.0,2.0,9.0,7.0,14.9,8.1,12.1,5.1,16.0,12.1,22.8,32.7,20.0,16.8,16.0,18.0,6.0,21.0,15.8,13.0,16.0,13.0,11.0,4.0,5.1,3.0,13.9,12.1,6.0,17.8,19.2,28.7,32.0,15.0,18.4,24.2,16.7,9.0,5.1,44.0,51.5,9.1,4.0,4.0,5.0
1772614902.6125107,33.3,26.5,23.5,25.7,24.5,22.0,46.0,38.0,25.7,13.1,4.0,6.1,12.9,11.0,14.0,7.0,6.1,9.9,16.8,22.2,31.0,29.4,14.1,27.5,15.2,3.0,14.9,20.0,16.8,27.7,14.7,4.0,3.0,3.0,2.0,15.8,17.0,19.0,20.2,11.0,25.3,15.0,16.3,15.8,15.8,20.2,9.9,8.0,45.5,37.6,3.0,8.2,3.0,8.1
1772614903.6142256,35.1,30.0,21.0,2.0,24.2,24.2,25.0,48.5,25.0,12.2,3.1,17.8,15.2,9.3,2.0,21.8,4.0,12.4,20.2,11.2,35.4,42.9,10.2,24.2,16.0,4.1,21.0,15.2,18.4,28.3,10.1,7.1,3.0,3.0,10.2,4.1,20.2,13.4,12.9,10.1,29.0,20.8,12.9,20.2,20.4,24.0,11.2,1.0,50.0,48.0,19.0,7.1,4.0,5.1
1772614904.6143723,34.0,23.0,24.8,2.0,20.2,18.0,32.7,37.4,24.2,30.0,3.1,2.1,12.2,14.9,2.0,15.2,9.1,5.0,16.0,15.0,25.5,24.0,7.1,23.5,10.9,9.1,17.2,15.3,16.2,8.1,12.2,4.0,3.1,3.0,15.2,2.0,7.1,11.0,17.2,12.0,19.2,15.5,16.0,14.1,22.0,14.0,13.9,6.1,54.1,53.0,21.2,4.0,3.0,5.1
1772614905.6151567,36.1,29.0,5.0,21.8,28.0,25.0,43.1,27.0,27.7,29.0,6.0,10.1,24.8,19.2,1.0,20.0,10.1,5.9,26.0,8.9,17.0,20.0,28.7,18.2,18.2,13.0,18.0,19.6,20.0,32.7,16.2,18.0,5.0,3.0,15.2,2.0,9.0,14.0,32.0,24.0,18.0,23.8,19.0,15.0,20.8,16.0,8.0,7.1,45.6,47.5,21.8,5.0,3.0,1.0
1772614906.615253,35.7,24.0,4.1,21.2,23.5,17.3,34.0,32.7,23.5,26.3,4.1,7.2,25.3,15.5,14.0,5.1,9.0,9.2,25.3,8.1,34.0,21.4,22.8,7.1,22.4,14.0,15.3,15.2,23.2,14.1,15.8,19.2,3.1,3.1,14.3,2.0,13.4,20.2,27.3,22.0,12.2,8.2,16.0,14.1,19.2,23.2,7.1,10.0,44.4,44.6,21.2,3.2,5.1,5.1
1772614907.6178935,28.7,36.6,9.2,17.0,29.7,25.3,33.7,31.0,38.0,25.0,5.0,12.9,26.3,15.8,6.1,14.1,4.1,9.0,17.8,21.2,32.3,28.3,28.7,14.9,21.6,16.0,15.0,20.2,25.3,14.1,17.2,14.1,4.0,2.0,11.9,12.1,20.2,14.9,26.0,22.0,16.2,18.0,19.2,18.0,19.0,22.0,3.0,11.0,51.0,46.0,20.0,5.0,7.1,4.0
1772614908.6199062,29.2,25.0,7.2,17.0,22.4,17.8,38.6,28.0,25.3,28.7,4.0,3.0,11.1,15.0,2.0,18.0,6.0,11.0,16.7,13.9,15.0,28.0,25.0,12.0,21.0,15.2,17.2,14.1,16.2,12.1,10.1,17.0,5.0,3.0,11.1,9.1,6.0,7.1,21.2,19.2,26.7,31.3,13.9,16.0,6.0,25.0,9.1,3.1,31.7,38.2,9.2,10.2,1.0,3.1
1772614909.620003,22.9,18.2,4.0,21.0,25.3,28.3,32.7,38.0,30.0,27.3,3.0,3.1,9.1,15.0,1.0,18.2,3.1,8.1,9.2,19.4,22.0,39.0,22.8,14.0,15.2,17.8,17.8,11.1,27.3,15.2,6.0,4.1,3.1,1.0,10.0,14.1,9.1,5.1,29.3,19.2,28.6,31.3,12.2,12.1,19.4,19.2,10.2,2.0,28.0,35.7,1.0,5.0,2.1,4.0
1772614910.6204321,27.1,23.0,4.0,20.2,8.2,16.0,33.7,33.7,20.0,24.8,1.0,15.8,11.1,30.3,12.1,6.1,9.2,4.0,16.2,19.6,18.4,43.1,20.2,20.0,16.8,22.0,19.2,18.0,23.0,20.0,15.2,17.8,2.0,3.0,2.0,12.0,17.3,12.1,15.0,12.0,17.0,20.8,12.0,18.2,23.2,13.0,8.1,7.0,39.6,46.1,4.0,2.1,6.0,2.0
1772614911.6232378,33.3,27.5,4.0,21.0,27.0,23.0,29.0,35.4,14.9,22.0,4.0,2.0,17.8,25.5,15.8,2.0,12.0,5.0,14.9,17.0,30.4,47.5,6.0,25.0,18.4,23.8,15.0,14.9,11.9,12.1,21.0,7.0,2.0,5.0,2.0,14.0,21.8,12.0,29.7,18.0,20.0,26.7,14.9,14.9,24.0,17.0,5.9,12.2,35.4,52.5,4.0,5.0,4.0,4.0
1772614912.6233263,38.5,23.2,2.0,21.0,18.4,17.2,33.0,37.0,31.3,25.3,2.1,11.0,19.4,22.2,15.5,2.0,8.1,4.1,15.3,16.2,24.2,39.0,21.0,26.0,23.2,11.1,18.4,15.0,16.3,27.3,12.1,30.0,3.1,4.0,12.1,6.1,13.3,8.0,19.6,27.3,28.3,30.7,20.4,14.3,23.0,14.0,10.1,3.1,44.0,40.4,5.1,5.2,4.1,7.0
1772614913.6234179,36.1,25.0,20.2,8.2,27.0,22.4,34.7,35.4,28.3,34.3,5.1,2.1,18.2,27.0,10.0,13.0,7.0,10.0,21.0,12.1,22.0,30.3,13.9,19.8,23.0,14.0,14.0,15.2,22.2,17.3,17.3,15.2,3.0,3.1,15.2,2.0,10.0,4.1,28.0,23.2,31.0,36.0,15.2,16.2,15.3,22.2,10.2,5.1,46.5,44.0,23.2,15.0,2.0,8.1
1772614914.6277666,33.0,27.7,22.0,3.0,27.0,18.0,38.8,30.4,27.0,29.0,12.7,10.0,21.6,20.6,18.0,3.0,8.0,5.1,9.0,23.3,38.6,37.3,21.2,26.7,12.1,22.0,24.5,14.9,21.8,27.7,15.0,23.0,1.0,4.0,12.0,5.0,23.0,9.9,21.6,26.7,16.0,24.8,17.8,18.6,15.7,31.7,3.0,11.0,42.2,46.1,11.1,12.2,6.1,2.1
1772614915.6283689,34.7,26.0,23.7,6.0,25.3,20.2,35.1,37.0,27.0,27.3,2.0,3.1,21.2,14.1,28.3,14.1,9.3,6.1,22.0,16.0,31.6,37.0,10.0,23.0,15.5,23.0,16.0,16.2,14.3,14.1,15.2,15.0,3.0,2.0,6.1,9.0,16.5,16.3,27.3,20.2,30.7,23.2,13.3,13.3,20.2,15.8,4.1,10.1,45.5,44.0,11.1,14.0,4.0,4.0
1772614916.6325421,24.0,24.0,23.8,6.1,22.2,24.2,28.7,34.3,29.3,24.8,5.0,10.0,11.0,10.2,24.0,17.2,5.1,10.1,17.0,13.3,29.7,31.0,16.2,32.7,17.2,20.6,13.3,21.2,20.0,23.2,23.2,14.3,4.1,3.0,3.0,15.2,10.2,9.1,22.0,23.2,31.0,28.3,12.0,20.2,10.1,19.4,6.0,7.2,39.0,46.5,5.1,20.4,3.0,3.1
1772614917.633617,18.7,16.8,19.4,4.0,13.1,18.0,38.0,30.3,31.0,23.0,3.1,3.0,10.1,17.0,14.1,18.0,11.0,7.1,15.2,20.0,24.8,31.0,12.0,16.2,12.0,20.8,16.8,15.0,22.8,15.2,9.1,20.2,2.0,4.9,1.0,14.3,9.9,14.1,23.7,31.0,34.7,26.3,15.0,14.0,14.1,20.8,10.1,5.0,39.0,48.0,3.1,5.1,3.0,7.0
1772614918.6336977,19.6,25.5,4.1,22.2,32.3,29.3,28.6,44.4,19.4,12.1,10.2,11.1,10.0,13.3,3.0,17.2,3.1,12.1,20.0,15.2,32.3,27.6,26.3,15.0,12.0,29.0,21.2,17.8,16.3,26.5,20.2,20.0,3.0,3.1,7.0,13.0,23.2,11.2,22.2,23.2,21.4,20.0,18.4,16.3,30.0,17.3,3.0,15.0,39.4,53.5,13.0,7.1,4.1,3.1
1772614919.6342435,23.4,17.0,3.1,21.8,17.0,19.2,31.6,33.3,25.0,16.0,9.2,1.0,10.1,15.0,1.0,19.0,5.9,12.0,18.0,23.0,40.0,29.7,30.4,11.1,18.0,18.0,15.8,17.2,8.2,20.8,31.3,25.3,6.0,1.0,11.1,1.0,10.1,19.2,21.8,22.0,28.7,28.0,16.3,16.0,13.9,18.0,1.0,13.1,40.4,47.5,21.0,3.1,3.0,4.0
1772614920.6348743,17.7,23.0,5.9,20.8,25.5,25.5,33.3,37.4,18.2,17.2,5.1,3.1,17.0,13.0,2.0,13.3,5.1,11.1,17.2,16.0,32.3,23.0,23.0,11.0,16.3,22.2,18.4,15.2,28.0,26.0,27.6,20.0,3.1,1.0,8.1,7.1,10.1,6.0,8.2,14.1,36.7,32.3,14.9,16.2,16.2,18.8,2.0,14.0,49.5,34.0,21.2,5.0,3.0,5.1
1772614921.63912,31.3,25.7,7.1,15.2,21.0,16.8,37.0,36.0,21.0,19.2,4.0,5.1,33.3,9.1,2.0,19.8,4.1,10.1,12.1,20.0,22.3,23.0,26.7,20.2,8.0,19.8,13.0,13.9,19.0,16.0,4.0,9.0,4.0,3.0,1.0,18.2,15.0,13.0,21.8,29.0,17.8,27.7,13.1,13.0,23.0,11.1,2.0,13.0,35.0,32.0,21.8,3.0,3.0,3.1
1772614922.6418116,42.3,19.2,6.0,20.0,21.8,25.3,47.1,33.7,21.2,18.2,9.1,8.0,15.0,26.7,3.0,18.0,7.9,8.1,23.0,16.2,29.3,34.0,6.1,22.8,11.0,10.1,17.0,22.8,16.3,19.0,14.1,16.2,5.1,4.0,12.0,3.1,20.0,16.0,25.7,26.0,17.8,18.0,19.8,17.0,26.3,16.2,9.0,4.1,49.5,42.0,21.0,4.0,4.0,5.2
1772614923.642497,32.3,32.4,4.0,21.8,21.0,25.7,38.0,32.7,15.8,19.0,4.0,1.0,20.4,21.8,2.0,17.8,11.0,6.1,14.0,17.0,24.5,35.4,17.0,18.2,15.0,3.0,14.0,16.2,20.8,11.2,20.0,14.0,2.0,4.0,13.1,3.0,18.2,10.0,15.2,30.3,13.3,26.0,12.2,14.3,13.9,27.7,5.1,10.0,39.8,44.6,16.0,11.1,6.1,7.0
1772614924.6468914,25.5,29.0,20.2,3.0,18.4,14.3,31.0,38.0,22.4,22.2,4.0,10.1,14.9,30.6,1.0,16.2,10.1,6.1,16.0,21.0,19.0,13.1,18.8,23.8,15.3,5.1,18.2,18.8,31.0,14.0,30.0,11.0,3.0,2.1,11.2,3.0,7.0,12.2,21.2,25.0,15.3,21.4,14.0,20.8,21.2,14.0,10.8,8.0,57.0,56.0,5.1,19.2,4.0,3.1
1772614925.6469734,30.9,9.1,22.4,2.0,30.3,27.6,27.8,43.4,31.4,28.7,3.1,5.0,19.0,12.0,6.1,15.2,12.0,6.1,20.2,18.0,23.5,30.3,22.2,8.1,3.0,16.0,17.0,15.3,22.0,31.3,25.3,10.0,2.0,5.0,16.3,3.0,18.2,17.3,31.0,26.0,20.0,15.2,16.0,17.3,27.0,13.1,11.1,7.1,46.1,55.0,4.0,22.2,4.1,4.1
1772614926.6520934,26.3,36.3,23.8,6.0,24.0,21.8,34.3,38.8,30.3,29.0,11.1,11.1,11.0,20.6,19.8,2.0,10.2,5.0,16.8,18.2,38.0,35.0,25.7,19.0,16.0,22.8,23.8,15.2,15.2,6.9,14.9,27.0,4.0,3.0,9.9,9.0,21.2,13.0,21.2,25.0,21.0,8.1,13.1,23.3,19.0,28.7,9.9,5.1,46.1,47.0,13.0,12.0,4.0,5.0
1772614927.6539407,33.7,27.3,21.4,3.0,20.4,29.0,30.0,36.4,25.0,29.0,2.0,2.0,24.8,18.2,2.0,15.3,11.0,4.0,17.0,20.6,22.2,36.0,13.0,21.8,13.0,27.0,15.2,18.0,23.0,17.0,11.3,20.4,3.1,3.1,15.2,1.0,11.2,12.2,15.0,27.0,25.0,20.2,16.8,16.5,10.1,21.2,9.0,4.0,48.5,45.1,12.1,11.3,3.0,6.1
1772614928.6540189,40.6,26.0,16.2,11.9,23.0,23.5,37.8,36.0,28.0,32.0,11.1,3.1,32.3,15.3,12.0,10.9,10.3,5.1,23.2,15.2,18.8,25.3,10.1,25.3,29.7,14.0,16.2,23.2,20.4,23.2,14.1,12.2,4.0,5.0,17.0,4.1,16.2,3.1,22.2,27.6,38.4,23.5,15.8,22.8,18.0,22.0,7.1,9.1,47.0,44.4,19.2,5.1,1.0,4.1
1772614929.6553044,32.0,29.4,22.0,7.1,23.0,16.3,34.7,27.3,30.0,30.7,4.0,4.0,13.1,29.0,21.0,1.0,6.9,9.1,12.0,18.2,34.0,34.3,23.8,16.0,16.0,18.8,15.3,15.8,18.2,21.4,1.0,11.9,3.0,1.0,13.3,3.0,16.2,13.9,26.0,25.5,22.0,22.0,10.2,15.0,23.0,14.1,11.0,2.0,40.0,47.5,5.1,3.1,3.0,3.1
1772614930.6559713,28.7,33.0,19.4,7.1,24.2,23.2,40.4,29.3,26.7,31.0,10.2,10.3,29.0,13.3,8.2,12.1,3.1,12.1,17.0,18.8,42.4,22.7,12.2,21.8,14.0,21.2,27.0,12.2,20.2,14.3,8.2,15.3,2.0,3.0,9.1,7.1,18.8,20.2,23.0,22.0,25.7,24.8,16.2,21.4,20.4,18.2,9.2,4.0,50.5,41.0,12.1,3.1,2.0,6.1
1772614931.6568766,29.6,25.0,2.0,21.0,17.0,18.2,27.7,33.7,23.2,29.3,3.0,3.0,22.0,21.4,13.0,4.0,6.0,7.1,15.0,14.1,38.2,21.8,24.0,16.2,20.2,16.7,13.1,13.7,18.0,17.0,11.0,3.0,4.0,2.0,8.1,5.1,5.1,11.9,9.1,12.0,24.0,31.3,11.1,13.1,15.8,22.8,11.0,2.0,45.0,41.4,2.0,22.2,6.1,6.1
1772614932.657213,37.5,27.3,4.1,22.2,24.5,25.0,39.0,33.3,29.3,32.0,4.0,8.2,20.8,20.0,20.4,3.0,5.1,11.0,20.2,17.0,36.0,15.3,22.8,9.0,19.0,16.3,21.6,16.2,32.0,25.0,10.2,10.0,2.0,4.1,8.1,9.0,11.3,5.1,23.2,20.2,31.6,30.3,21.2,16.2,16.0,20.0,7.2,6.1,44.4,45.5,3.0,22.0,11.2,6.1
1772614933.6587453,39.8,20.2,5.1,22.0,20.6,27.3,39.0,33.0,31.3,28.0,4.1,4.0,23.2,22.2,21.2,4.0,12.1,5.1,14.0,21.2,55.4,26.3,29.7,13.4,11.9,25.7,12.1,22.4,11.2,18.2,12.2,11.2,2.0,8.1,3.0,18.2,17.0,20.8,29.3,31.3,19.8,26.7,14.1,21.0,17.2,21.4,12.0,7.1,52.0,50.5,3.1,22.2,5.1,5.1
1772614934.6644855,37.1,28.4,5.9,23.8,32.0,26.0,36.4,37.3,29.0,30.7,9.2,12.0,22.5,23.0,21.0,4.0,14.0,3.0,15.8,18.6,44.0,24.0,19.0,20.8,16.8,25.7,22.8,15.7,24.5,20.0,18.0,19.2,4.0,4.1,8.1,10.1,19.2,14.3,26.7,22.8,29.0,24.8,15.8,20.0,31.7,18.0,9.1,9.0,38.0,44.6,2.0,25.2,5.0,5.1
1772614935.6645653,23.7,27.3,3.1,20.4,17.3,26.0,38.4,33.3,27.7,30.6,3.1,9.3,16.3,25.0,14.0,12.1,9.2,6.1,15.2,23.0,34.3,25.0,12.2,29.7,18.4,21.8,20.4,15.5,19.4,28.3,18.0,26.5,2.1,4.0,2.0,15.0,10.1,18.2,31.3,20.2,30.0,34.0,14.3,14.1,12.1,25.3,13.1,2.1,46.5,47.5,5.1,18.6,3.1,4.1
1772614936.6720972,26.3,31.7,4.0,21.0,24.0,27.3,34.3,37.0,27.0,23.0,3.0,5.0,13.1,11.2,5.1,17.0,6.9,12.9,16.2,17.3,28.7,27.0,14.0,23.8,21.0,15.2,17.6,15.0,19.2,27.3,22.2,11.1,4.0,2.0,4.0,15.0,10.1,13.0,28.0,28.7,22.2,36.0,18.0,16.8,11.9,26.7,3.0,14.7,48.5,40.6,8.0,14.1,3.0,7.0
1772614937.6760514,28.4,36.4,4.0,21.8,28.3,32.0,44.6,31.6,15.3,17.0,12.0,10.1,17.8,32.7,21.0,4.0,4.1,11.3,17.8,20.8,29.6,30.3,23.0,8.2,22.3,21.2,18.2,25.7,13.0,18.0,18.0,8.2,2.0,6.0,2.0,17.2,21.0,17.2,29.0,20.2,18.0,25.5,19.2,16.0,16.3,20.4,12.1,10.1,50.0,49.0,12.1,16.2,5.1,3.1
1772614938.6761336,28.1,34.3,12.2,11.1,17.2,20.8,36.6,33.7,15.8,15.0,4.1,4.0,26.3,18.0,18.2,1.0,11.0,5.9,23.0,12.1,16.8,18.2,30.7,19.8,22.8,13.9,14.0,16.0,25.0,27.0,18.2,14.0,2.0,3.1,9.0,6.9,16.3,14.1,22.8,20.8,33.3,28.0,14.0,11.1,23.8,19.0,11.0,3.0,38.6,50.0,11.1,14.1,3.0,6.0
1772614939.6806943,28.0,32.0,13.9,13.0,23.5,24.5,31.6,39.0,9.3,26.7,2.0,9.1,27.0,12.0,18.2,1.0,8.0,5.1,17.0,14.0,21.0,23.0,8.0,20.2,15.2,20.8,22.0,13.3,26.0,17.2,27.7,31.6,2.0,3.0,14.1,2.0,11.0,5.1,20.0,22.4,25.3,31.3,12.1,16.0,16.0,23.8,9.1,2.0,40.4,43.6,20.2,3.0,2.0,1.0
1772614940.6811848,38.5,22.8,23.2,4.1,21.0,22.8,30.0,39.6,28.3,20.2,8.1,2.1,16.8,23.5,18.0,1.0,9.1,5.1,19.8,18.2,9.2,21.2,17.2,31.0,14.0,25.7,12.1,14.0,21.4,14.0,15.3,26.0,2.0,6.1,10.0,6.1,18.8,15.3,28.6,22.2,25.3,25.3,17.2,19.0,17.2,19.2,3.0,12.0,35.0,51.0,6.0,4.1,5.0,3.0
1772614941.6840775,41.7,23.8,21.2,6.0,27.0,30.3,43.0,32.3,31.3,28.3,6.0,6.1,18.2,29.7,20.2,1.0,10.0,7.1,18.0,18.0,35.0,27.0,14.1,17.6,23.0,17.0,19.0,22.0,18.0,18.0,25.0,21.0,2.0,7.1,4.1,14.1,12.1,28.4,25.0,25.0,20.8,27.7,19.6,19.0,26.3,15.0,3.1,12.1,48.0,47.5,11.0,13.0,6.1,4.1
1772614942.684782,29.5,31.0,22.0,3.0,24.2,21.0,40.8,44.4,25.7,34.7,4.1,15.0,15.2,17.6,16.2,2.0,9.1,4.1,19.0,13.1,29.0,24.5,24.5,18.0,16.2,11.0,15.2,16.0,14.1,30.3,20.2,12.0,1.0,5.9,13.1,4.0,8.2,15.2,20.2,21.2,18.4,23.2,14.4,16.2,20.8,16.3,6.1,7.1,38.8,51.0,4.1,23.0,3.1,4.0
1772614943.6902895,21.6,15.7,23.0,2.0,18.0,14.9,35.3,32.7,33.3,26.5,2.0,4.0,9.0,10.1,8.0,12.9,9.0,5.0,18.0,15.0,16.0,26.7,19.8,15.0,2.0,13.9,21.6,16.8,30.0,27.7,21.8,17.8,4.0,1.0,5.0,9.1,6.1,7.0,15.0,10.9,21.8,13.0,16.8,15.2,12.0,26.5,8.9,3.0,47.6,41.6,1.0,21.0,2.0,2.0
1772614944.690383,23.2,22.2,20.2,8.1,28.6,28.6,36.7,30.3,30.0,24.5,4.1,8.2,10.0,15.0,1.0,16.3,9.1,6.1,14.3,19.2,24.2,27.3,14.3,23.2,4.0,14.3,15.3,14.1,8.1,8.1,13.1,2.1,2.1,3.0,11.2,4.0,14.0,17.2,23.2,23.7,10.2,17.3,14.0,16.0,8.1,19.2,13.0,3.1,56.0,49.0,1.0,22.0,3.0,4.1
1772614945.6914845,20.0,19.0,17.6,13.1,16.2,19.0,34.0,35.4,25.3,26.3,3.0,4.0,11.0,14.1,2.0,19.2,7.1,8.0,15.8,18.0,27.3,26.0,20.0,19.8,7.1,12.0,15.3,21.2,16.2,24.0,9.1,10.9,3.0,2.0,12.0,8.1,11.2,21.4,31.0,18.0,12.0,14.9,13.3,19.2,21.4,18.2,11.2,1.0,40.6,46.5,4.0,22.2,4.0,5.1
1772614946.6926692,24.7,19.0,22.0,2.0,25.5,25.3,36.6,30.0,30.7,27.7,10.0,10.2,17.2,10.1,2.0,19.2,7.1,8.1,16.2,16.0,34.7,20.4,23.0,9.1,13.0,10.1,20.2,15.0,22.8,28.0,15.0,4.1,0.0,7.1,1.0,12.0,11.1,14.9,26.0,20.4,21.2,22.2,14.9,14.1,22.8,25.0,10.1,5.0,40.6,27.7,8.1,13.1,3.0,3.0
1772614947.6948793,18.9,25.7,23.2,6.2,23.2,26.7,33.3,42.4,29.6,30.3,3.0,5.0,13.1,21.2,2.0,19.8,9.1,9.1,15.2,21.8,39.6,23.0,24.2,25.0,18.0,23.2,15.2,15.0,17.2,22.2,9.0,15.2,7.0,4.0,2.0,14.1,12.1,6.1,20.2,27.0,29.3,28.6,16.2,23.8,17.2,20.2,14.1,2.0,44.4,48.0,16.8,12.0,2.0,8.1
1772614948.6975641,26.3,34.0,23.2,4.0,25.5,27.6,43.4,34.0,28.7,34.3,11.1,4.0,22.8,22.2,2.0,20.2,11.2,4.1,17.8,19.0,47.5,24.0,9.0,23.5,21.2,19.8,20.8,15.2,21.2,13.0,6.1,13.9,3.1,4.0,3.0,15.0,16.2,20.0,33.0,20.0,23.8,27.3,13.0,17.2,17.8,23.0,12.9,5.0,43.6,51.0,13.1,13.0,3.0,7.0
1772614949.6985567,23.2,31.0,22.4,10.2,24.5,18.2,35.6,27.6,19.0,28.3,7.1,10.1,21.4,18.4,1.0,20.2,5.0,9.0,10.1,19.2,33.3,37.0,19.4,24.5,24.0,14.1,14.1,13.0,20.8,22.2,18.2,16.2,4.0,1.0,3.1,10.1,17.2,17.0,27.7,21.2,20.2,31.7,15.2,20.2,18.4,18.2,6.1,7.1,43.0,40.6,13.1,10.3,1.0,3.1
1772614950.6994143,33.7,32.4,9.1,21.8,26.0,22.4,39.0,25.7,23.5,27.0,4.0,9.1,17.2,24.8,1.0,19.8,6.0,8.1,25.5,12.1,16.2,36.6,25.2,10.0,22.0,13.0,15.8,21.8,30.3,21.4,17.2,19.2,2.0,3.0,12.2,3.0,12.1,5.2,21.2,18.0,27.0,31.3,14.1,15.2,22.2,13.1,1.0,12.0,46.5,38.4,17.0,2.0,3.0,7.1
1772614951.6999447,36.1,15.3,6.1,21.0,22.4,27.3,43.4,28.3,32.0,26.0,1.0,3.1,13.9,15.0,2.0,16.2,9.2,5.1,11.1,22.8,25.3,34.0,23.5,11.0,15.8,24.8,15.8,18.2,17.3,13.0,18.2,17.0,3.1,2.0,15.2,3.1,7.1,10.1,27.0,24.2,27.0,20.2,20.2,15.0,17.2,23.8,3.1,12.0,47.0,44.0,4.1,3.1,4.1,4.0
1772614952.7024245,21.1,22.8,15.0,13.1,28.3,22.8,39.0,36.6,33.7,30.7,10.9,4.0,12.4,16.0,10.0,12.1,12.0,7.0,19.6,16.0,27.0,28.6,17.0,28.7,25.0,15.0,23.0,16.0,8.0,16.8,11.9,18.2,5.0,4.0,4.0,14.1,17.0,25.0,34.3,25.7,25.3,28.0,16.8,14.1,17.0,22.0,12.9,7.1,50.5,42.2,11.0,3.1,2.0,5.2
1772614953.7054367,19.2,36.9,19.2,2.9,20.6,29.4,34.0,33.7,36.3,26.5,6.1,10.9,14.6,28.2,16.5,2.0,5.0,11.8,14.9,17.6,23.3,21.8,22.3,11.9,17.6,21.6,16.8,12.7,29.7,24.3,10.0,14.7,6.8,4.9,2.0,11.9,19.6,14.9,16.8,20.8,22.5,30.1,17.5,23.3,23.5,17.8,9.8,5.9,45.1,44.1,21.8,4.9,3.0,5.0
1772614954.7055073,25.0,41.8,22.7,7.3,21.6,20.8,29.9,39.2,24.7,14.6,2.1,11.2,29.6,10.4,19.6,2.1,6.2,8.3,22.4,11.2,19.4,21.6,26.8,20.4,15.3,26.3,17.7,19.6,20.4,27.1,23.5,15.5,4.2,1.0,1.0,17.3,11.3,8.2,18.8,9.4,28.9,30.9,12.5,12.2,26.5,11.3,2.1,15.3,46.5,45.4,20.6,3.2,1.1,5.2
1772614955.707277,38.5,20.8,21.6,6.1,26.0,31.4,37.4,33.0,27.7,12.0,11.0,3.1,27.0,17.2,17.0,1.0,10.0,4.0,17.0,16.0,28.3,23.5,9.9,21.8,18.0,20.0,15.2,14.0,15.2,25.5,16.2,18.0,2.0,2.0,2.0,14.1,8.0,21.0,33.0,28.0,33.0,25.3,16.2,19.2,17.0,23.0,7.1,10.0,47.0,45.0,23.0,19.2,2.0,5.1
1772614956.7113137,39.6,25.0,11.1,16.2,20.0,19.6,36.0,36.0,20.8,17.0,10.1,4.1,29.0,17.8,22.0,26.3,13.1,9.0,14.1,23.0,30.0,31.0,23.0,25.7,13.1,23.8,21.2,14.0,13.0,19.2,10.1,28.0,6.1,4.0,5.1,13.0,17.2,21.0,24.0,26.0,20.8,23.0,21.0,15.0,27.0,12.1,5.1,8.2,46.5,45.5,8.8,24.0,5.2,4.0
1772614957.711396,25.5,31.0,10.1,17.2,22.7,29.3,27.6,37.4,14.3,10.2,9.2,2.0,11.1,30.0,18.6,24.8,4.0,16.5,14.1,9.1,15.2,31.0,6.1,24.0,23.5,14.9,16.2,16.3,30.3,20.4,7.1,21.2,3.1,2.0,13.0,1.0,17.2,11.0,24.2,17.2,27.0,30.0,14.3,15.2,20.2,21.4,7.1,5.2,33.3,38.6,21.2,5.0,2.0,4.0
1772614958.7114763,20.8,34.3,7.2,12.0,20.6,22.8,40.4,31.4,27.0,29.0,5.0,5.0,22.2,18.2,18.0,34.0,7.1,13.9,24.8,11.9,28.0,31.7,19.2,15.0,24.8,12.1,15.7,13.9,23.0,22.2,17.2,26.0,3.0,4.0,4.1,11.1,3.0,11.1,28.3,16.0,29.3,29.0,15.8,16.0,12.0,26.0,14.0,6.0,45.0,32.3,19.8,7.1,4.0,6.1
1772614959.718636,30.2,36.4,23.5,0.0,28.6,28.3,37.6,33.7,29.4,29.7,10.1,5.1,16.2,27.7,21.0,29.3,6.0,9.2,20.2,22.4,23.5,31.6,23.0,23.0,16.2,23.8,17.2,21.0,23.2,10.2,17.2,32.3,5.9,5.0,14.3,6.0,18.2,11.1,27.3,34.3,27.0,26.0,17.2,20.0,19.0,18.8,11.0,9.3,46.5,47.5,14.3,7.1,3.1,4.1
1772614960.7191346,40.8,29.4,23.2,5.0,22.8,23.0,31.0,36.4,36.0,22.4,7.1,13.3,26.5,17.3,14.9,19.8,9.3,8.1,27.5,12.0,24.2,32.0,26.5,11.1,15.8,24.8,17.0,23.0,20.0,29.1,29.0,22.4,3.1,3.0,3.0,16.2,19.2,16.2,29.4,23.0,30.7,25.7,15.8,20.8,25.3,17.2,10.0,6.0,54.0,48.5,15.2,10.2,4.1,6.1
1772614961.7217531,35.1,26.3,16.3,9.1,23.0,28.3,34.0,48.0,23.0,22.8,7.1,8.1,21.2,23.0,19.2,1.0,5.1,9.0,15.0,20.0,10.2,15.2,18.2,25.7,13.9,24.0,13.1,14.1,22.0,25.3,19.2,21.0,4.0,2.0,8.1,9.1,15.0,12.1,20.2,21.2,21.2,25.5,14.1,12.2,17.2,21.0,4.0,14.0,47.5,42.9,12.1,11.2,5.0,5.0
1772614962.7242882,17.0,33.0,5.0,20.2,15.3,29.3,36.7,47.5,23.2,23.8,7.9,3.0,14.3,25.7,20.0,3.0,4.0,11.1,14.1,19.2,38.0,34.3,9.0,24.5,19.0,15.2,17.2,16.2,23.2,13.9,25.5,11.0,3.0,3.1,15.0,1.0,10.2,5.1,14.1,17.0,15.3,16.2,21.2,16.0,17.0,17.0,12.4,2.0,47.5,39.6,6.1,21.0,5.1,3.1
1772614963.7247634,15.8,25.7,2.0,21.0,19.4,19.2,33.7,32.3,31.0,27.3,7.2,3.1,14.0,10.0,18.6,0.0,11.0,8.2,21.0,14.0,27.3,39.0,28.7,17.0,3.0,15.2,21.6,15.2,12.1,8.2,19.2,20.0,3.0,2.0,16.0,3.0,8.1,16.2,17.0,18.2,12.1,13.3,15.2,14.0,20.0,23.2,12.9,4.0,54.0,49.0,3.1,8.2,5.0,6.2
1772614964.7248425,36.5,28.0,5.1,20.0,29.3,33.0,39.4,37.0,32.0,30.7,14.1,4.1,16.2,22.2,21.2,3.0,13.4,4.1,22.7,14.1,47.0,32.0,18.2,17.2,5.1,16.0,24.2,18.8,28.6,27.3,14.3,12.1,5.1,3.0,4.1,15.2,19.4,18.2,14.1,14.1,18.0,21.2,14.3,21.4,17.2,29.0,13.3,2.0,55.0,57.4,5.1,10.1,4.1,5.2
1772614965.7257247,25.5,35.6,15.0,11.9,22.0,17.2,37.0,36.4,29.7,30.7,5.9,3.0,16.2,28.7,19.0,1.0,10.1,6.0,17.6,20.0,34.3,15.2,19.8,29.4,6.1,11.2,15.2,14.3,22.5,21.0,14.1,12.1,2.1,3.0,15.0,2.0,13.0,14.9,17.2,22.0,15.2,22.4,14.0,13.9,13.0,26.5,9.1,3.0,37.9,48.5,4.0,22.0,3.0,10.9
1772614966.725812,33.3,30.3,23.2,3.1,26.5,29.0,35.1,38.4,26.5,30.3,8.1,3.0,10.3,33.0,20.4,2.0,7.1,9.3,21.2,15.2,37.4,26.0,19.0,11.2,18.4,4.0,20.0,20.0,19.2,15.2,28.7,13.3,4.0,4.1,6.1,11.2,8.2,9.3,31.3,24.0,32.3,26.3,19.0,22.8,18.2,19.2,13.1,4.1,44.0,51.0,4.1,21.4,4.0,7.1
1772614967.7260997,37.8,26.5,8.2,17.8,17.8,17.2,39.8,22.8,24.2,30.0,6.1,2.0,14.0,25.0,15.0,2.0,6.1,7.9,18.2,11.1,46.1,25.0,27.0,17.8,20.8,15.0,16.2,11.1,9.1,20.0,27.0,3.0,3.0,3.0,15.0,3.0,12.1,19.0,19.2,22.4,20.2,19.2,11.0,10.1,13.0,20.0,9.1,2.0,36.4,46.5,2.0,22.8,2.0,3.0
1772614968.7285917,25.3,36.0,3.0,20.0,20.2,24.0,36.0,30.6,31.4,25.0,5.1,20.8,14.9,26.7,20.0,2.0,4.0,11.1,18.8,11.9,31.3,36.0,15.2,20.0,18.0,19.8,19.0,21.8,20.0,24.5,23.0,16.3,4.0,1.0,10.2,6.1,13.9,20.0,26.3,22.8,29.7,28.4,19.2,15.0,16.0,27.7,11.8,3.0,39.6,56.0,2.0,22.0,5.1,3.1
1772614969.7297323,31.2,33.3,20.4,7.1,24.5,25.0,36.7,35.4,25.3,33.7,4.0,3.0,24.5,17.3,6.0,15.2,3.1,13.0,25.0,15.2,22.8,32.0,25.0,19.6,23.0,16.0,15.2,19.0,30.3,26.0,26.0,12.9,4.0,4.0,13.0,6.0,14.3,8.0,14.1,18.2,32.7,26.5,19.0,17.2,19.2,24.2,9.1,6.1,41.0,46.5,5.1,20.0,5.1,3.1
1772614970.7298038,34.7,23.5,6.1,21.0,14.3,16.5,39.0,24.2,26.5,27.3,3.1,6.1,19.2,22.0,8.2,10.1,4.1,9.2,24.5,10.2,30.3,26.3,25.0,8.2,13.1,25.3,17.2,19.0,6.1,5.1,26.3,16.2,2.1,1.0,3.1,14.3,5.1,10.3,22.4,25.3,26.8,24.0,10.2,18.4,16.2,18.4,5.2,7.1,45.0,42.4,11.2,6.2,3.1,6.1
1772614971.7340977,13.8,29.7,5.0,19.0,27.0,26.7,43.0,26.0,23.5,29.7,8.0,4.1,23.0,19.8,18.0,2.0,3.0,11.0,15.8,16.8,47.5,29.7,25.7,11.9,18.8,19.0,12.0,16.0,22.8,19.0,12.1,14.9,2.0,5.1,8.0,8.1,15.0,20.8,27.7,15.2,25.0,19.0,14.7,14.7,12.9,23.8,7.0,9.1,27.6,43.6,12.2,11.0,2.0,33.0
1772614972.7341664,22.1,22.8,3.1,22.2,27.0,19.2,40.4,31.0,26.5,25.0,11.2,6.1,27.3,21.0,20.0,3.0,8.1,10.2,17.3,18.2,33.0,27.3,28.0,12.2,27.0,12.0,20.0,22.2,22.2,23.5,18.2,26.5,2.0,10.1,15.2,5.1,12.2,22.0,25.3,26.0,32.7,27.7,18.2,14.3,25.0,24.0,13.3,5.9,39.6,45.0,12.1,13.3,2.0,39.0
1772614973.7382224,23.2,17.8,4.0,22.5,23.8,21.8,36.6,30.7,17.6,16.8,2.0,5.0,13.0,15.8,15.0,3.0,9.1,3.0,14.9,12.0,22.0,27.5,21.0,13.0,23.5,13.9,12.0,15.7,20.0,23.0,17.6,16.0,2.0,1.0,11.9,3.0,5.0,14.0,23.5,18.0,26.0,29.3,18.0,15.8,16.0,17.0,10.8,1.0,32.0,50.0,19.0,5.9,3.0,24.8
1772614974.7392354,22.1,20.2,7.1,20.2,17.2,21.6,38.4,26.5,20.2,15.3,9.1,5.1,16.2,10.4,18.0,2.1,10.1,6.1,17.2,15.2,20.2,37.4,28.7,14.1,13.1,23.2,14.0,20.4,17.3,11.1,18.4,19.2,3.0,4.0,4.1,8.2,11.1,10.1,30.6,27.3,24.7,25.3,14.0,16.5,19.4,15.3,10.3,4.1,46.0,44.4,11.0,5.1,2.0,31.6
1772614975.739322,29.8,31.7,5.1,21.2,22.4,25.5,44.6,32.4,12.2,19.2,5.2,10.1,25.0,19.8,19.0,6.0,12.1,5.1,23.2,11.1,33.0,49.0,23.0,8.1,26.0,15.8,16.2,14.3,14.0,19.2,12.1,12.2,4.0,3.1,6.1,12.1,17.2,18.4,25.3,23.0,24.5,24.0,15.2,22.0,16.0,19.0,3.0,13.1,41.2,49.5,10.1,4.0,2.0,36.6
1772614976.7394092,30.2,36.0,5.1,19.8,32.3,30.0,38.4,33.3,20.4,16.3,10.1,3.1,20.0,25.3,13.1,9.1,5.1,11.2,19.8,18.2,20.4,41.0,29.7,20.0,19.0,19.2,23.8,19.0,29.0,33.3,15.3,13.3,21.4,13.3,7.0,14.3,18.0,18.8,22.0,13.3,34.3,28.7,15.3,18.2,23.5,22.2,4.1,12.0,48.0,47.5,22.0,4.0,4.0,4.2
1772614977.7397301,37.1,26.0,3.0,21.2,23.0,21.4,32.3,40.4,27.7,32.7,5.1,3.0,30.7,13.0,4.0,18.2,6.1,12.1,15.2,17.8,27.3,16.0,23.2,6.1,16.0,25.0,17.2,15.2,19.0,17.2,12.1,27.7,36.0,2.0,2.0,13.3,4.1,18.2,15.2,15.0,32.7,24.2,24.0,15.0,18.2,17.0,8.0,11.0,49.5,46.0,22.2,6.1,4.1,4.0
1772614978.7398212,18.1,34.0,5.0,21.0,26.3,33.0,40.4,35.7,26.3,30.3,11.0,4.0,31.3,12.1,2.0,19.2,5.1,14.0,24.5,15.2,26.3,22.4,25.0,22.2,16.2,23.2,16.0,16.2,19.2,22.0,24.2,19.2,37.4,4.0,8.0,16.0,15.0,12.4,21.2,22.0,26.0,20.0,14.1,17.3,14.9,25.3,8.1,10.3,42.4,48.5,21.2,4.0,4.0,6.0
1772614979.7399142,21.1,24.8,3.1,22.2,19.4,18.2,25.7,43.4,32.0,28.7,10.2,4.1,20.4,24.0,2.0,19.0,5.0,11.1,20.8,14.9,24.5,32.3,12.2,22.0,17.0,19.8,16.0,24.2,15.2,19.6,22.0,16.0,30.0,2.0,10.2,7.1,15.2,19.8,11.1,17.3,26.5,26.7,20.0,16.0,26.0,19.0,12.2,3.0,40.6,48.5,21.2,3.1,2.0,3.1
1772614980.7425148,32.3,26.7,3.0,20.8,21.8,28.3,32.7,29.4,23.0,31.7,3.0,9.8,23.5,18.8,2.0,19.0,5.9,7.1,15.8,17.2,16.0,16.2,23.5,21.8,16.0,20.8,13.0,17.6,16.0,20.8,30.7,27.7,9.9,4.0,7.0,17.8,17.2,11.0,13.9,10.9,27.7,21.0,12.0,17.8,24.2,20.8,9.8,4.0,43.6,40.4,20.6,2.0,3.0,4.0
1772614981.7426028,29.2,38.4,8.2,20.2,24.5,27.3,34.3,42.0,35.0,29.0,5.1,3.1,17.5,21.4,19.4,8.2,8.3,10.2,19.4,22.2,23.2,21.2,11.3,24.2,32.0,11.2,19.2,20.4,19.2,32.7,24.5,26.5,2.1,4.2,19.2,42.9,12.0,13.5,23.5,27.6,13.3,26.8,14.1,23.2,25.0,15.5,13.3,4.1,49.5,51.0,22.2,4.1,4.1,6.2
1772614982.743826,26.0,35.6,7.2,21.2,23.2,29.3,46.0,38.4,28.7,29.3,4.0,11.0,17.8,26.0,7.9,15.0,11.0,10.0,23.0,17.0,47.5,26.3,9.1,27.0,22.0,20.8,19.2,22.0,12.2,12.1,27.7,15.2,2.0,4.0,8.9,20.8,13.1,32.7,26.5,32.0,11.1,17.0,15.0,17.0,21.2,14.9,5.1,12.0,53.0,44.4,7.1,13.0,6.9,5.1
1772614983.7439187,27.1,33.0,1.0,17.8,26.0,25.5,34.0,42.9,26.3,28.3,11.2,5.1,21.0,19.2,1.0,20.2,11.3,4.0,24.2,19.8,40.8,40.0,24.0,16.0,7.0,23.0,20.0,15.0,29.0,29.3,28.3,23.2,2.0,5.1,11.2,10.1,15.0,25.7,24.0,26.0,29.7,15.2,19.2,16.2,16.0,22.0,5.1,12.0,31.0,35.4,20.2,6.1,1.0,6.1
1772614984.7450378,35.1,30.7,13.0,3.0,19.4,27.0,29.3,34.3,32.0,38.0,4.0,2.0,11.1,21.2,2.0,22.2,7.9,3.0,21.8,6.1,18.6,16.0,12.1,5.1,3.1,18.0,22.2,18.2,27.7,19.8,15.2,20.4,5.1,2.1,16.2,8.1,20.4,18.6,24.0,22.0,14.3,26.7,13.0,12.1,24.0,16.2,4.0,5.1,25.0,35.6,11.0,13.0,3.0,5.1
1772614985.7474546,21.6,36.6,17.3,5.0,20.0,28.0,34.3,29.0,34.0,35.0,11.0,3.0,13.9,12.1,12.2,8.9,8.2,7.0,13.1,20.8,14.0,14.0,17.0,6.9,1.0,20.2,17.0,17.8,13.0,16.0,16.0,26.0,4.0,5.0,10.0,19.0,14.9,7.8,15.3,15.0,8.0,26.3,14.1,12.9,13.0,28.7,2.0,10.1,34.3,37.0,13.0,8.2,1.0,4.1
1772614986.7523696,38.5,24.0,17.2,3.0,23.0,25.3,30.7,31.0,28.0,30.0,3.0,2.0,5.2,16.7,17.8,2.0,7.0,4.0,20.0,8.9,15.8,28.0,16.0,4.1,5.0,14.0,12.0,13.0,6.9,14.1,15.0,16.0,1.0,2.0,1.0,17.0,4.0,8.2,13.9,10.1,8.1,14.0,11.0,13.1,26.3,17.2,3.0,8.0,38.6,41.0,14.9,2.0,2.0,4.0
1772614987.7524388,30.2,32.3,20.8,3.0,23.2,22.2,28.3,28.6,38.0,34.3,4.1,3.0,11.8,6.1,20.2,0.0,8.0,5.1,21.2,4.0,14.3,32.0,12.2,4.0,4.1,19.0,16.2,20.0,2.0,18.2,21.0,20.0,2.0,3.1,12.9,9.1,11.1,12.9,13.1,12.1,14.9,9.0,12.0,12.0,14.1,26.7,3.1,5.9,40.4,55.0,3.1,3.0,2.0,6.0
1772614988.7525196,24.2,40.2,22.0,1.0,19.0,20.8,23.2,22.8,23.0,32.0,5.0,2.0,2.0,7.0,21.0,2.0,5.1,4.0,17.0,7.1,16.8,38.6,12.9,9.0,7.1,16.0,14.0,18.0,24.2,6.9,15.0,5.0,3.0,3.0,19.4,1.0,11.1,6.1,14.1,10.0,14.1,6.1,14.0,12.0,11.0,25.3,5.0,3.0,32.0,38.0,1.0,1.0,5.0,2.0
1772614989.7553067,23.5,27.7,19.2,0.0,18.2,19.2,37.0,31.7,25.5,19.8,3.0,2.0,17.8,12.1,19.0,2.0,10.2,2.0,13.9,23.0,22.8,37.3,16.0,29.0,17.2,2.0,20.0,19.0,15.7,21.0,5.1,16.0,2.0,9.0,10.8,8.1,12.0,18.0,19.8,26.7,15.7,23.0,21.0,15.0,12.7,26.7,1.0,10.9,45.5,43.0,5.0,4.0,4.0,4.0
1772614990.7611709,19.6,24.5,13.3,3.0,20.0,18.2,23.5,32.3,28.0,24.8,4.0,5.0,5.1,27.5,22.0,1.0,5.9,4.0,6.1,20.0,22.2,41.0,12.0,11.8,20.0,0.0,23.0,14.9,31.7,12.1,13.0,8.1,2.0,4.0,12.0,12.9,27.3,11.9,22.2,25.3,19.0,24.8,12.0,14.0,23.8,18.0,3.0,5.1,37.4,39.0,4.0,3.0,4.0,4.0
1772614991.764541,20.6,23.2,11.8,6.1,23.0,21.8,26.5,27.0,14.3,17.2,9.1,2.0,8.1,26.3,20.0,2.0,6.1,4.0,21.8,6.9,21.0,28.0,6.9,12.0,15.0,3.0,18.0,17.0,18.0,16.2,8.1,18.0,3.0,4.0,4.0,17.2,18.8,10.1,23.2,32.7,35.0,28.0,14.1,11.0,27.0,13.9,7.1,2.0,39.2,39.2,2.0,11.2,2.0,4.1
1772614992.764711,24.0,21.8,4.1,12.0,27.3,19.2,26.0,32.7,16.2,15.0,4.0,5.1,24.0,10.0,21.0,2.0,6.1,5.1,22.8,7.1,29.4,15.0,11.0,8.1,23.0,2.0,16.0,19.0,12.0,11.0,9.1,19.0,4.0,4.0,5.1,18.0,8.1,15.0,25.0,21.8,36.6,32.0,12.1,12.0,20.0,22.2,6.1,9.1,35.6,42.0,3.0,21.2,3.1,5.0
1772614993.767011,24.7,20.8,8.0,8.1,25.3,29.3,26.5,28.3,35.6,18.0,4.0,5.0,22.8,6.0,19.8,3.1,4.0,6.0,10.1,19.2,40.6,22.8,14.3,4.0,16.8,5.1,14.0,18.2,20.0,1.0,20.8,15.2,0.0,3.1,11.0,10.0,3.0,14.1,19.0,25.3,17.8,25.7,14.1,9.0,20.2,18.8,2.0,4.0,33.0,27.6,2.0,21.8,3.0,5.1
1772614994.769397,18.7,31.4,13.9,3.9,19.6,23.3,29.7,23.5,22.5,29.7,4.0,2.0,16.7,14.7,5.1,20.6,3.0,6.0,17.8,9.7,24.3,18.8,11.9,4.0,3.0,18.4,16.8,22.5,22.8,3.0,19.8,18.4,3.0,4.0,19.8,1.0,3.0,18.8,22.3,23.5,24.0,16.7,13.7,11.9,11.9,28.4,8.8,3.0,34.7,41.3,2.0,22.0,2.9,4.0
1772614995.7742403,26.3,39.0,12.1,11.0,22.7,26.3,36.4,28.3,32.7,26.3,3.1,6.1,13.1,15.3,3.0,22.0,4.1,9.1,23.2,11.1,23.2,23.8,14.1,11.1,13.3,9.2,22.2,16.2,12.1,32.3,18.4,23.2,3.0,3.1,22.2,2.0,14.0,11.0,21.4,24.8,27.7,17.3,13.1,15.2,20.2,22.4,6.1,7.1,38.8,42.0,1.0,23.0,4.0,4.0
1772614996.7757716,27.4,37.0,6.1,9.2,27.6,25.5,31.7,28.3,32.4,28.3,4.1,10.2,17.0,14.1,1.0,20.4,3.0,7.1,18.0,10.1,27.7,8.0,15.0,14.3,10.0,12.9,23.8,25.3,17.0,12.1,19.8,22.0,4.0,3.0,14.0,10.1,21.2,1.0,20.0,26.5,26.0,17.0,13.0,18.0,31.0,11.9,4.1,3.0,34.7,44.0,3.0,20.2,2.1,5.1
1772614997.7766654,39.2,23.5,14.3,2.0,20.0,25.0,25.5,29.7,22.4,33.7,4.0,4.0,15.2,16.2,1.0,20.8,3.0,8.1,14.9,14.9,3.1,3.0,11.2,4.0,3.0,21.0,27.0,14.1,3.0,20.8,23.0,18.2,1.0,4.1,1.0,21.0,20.2,2.0,22.2,21.0,26.7,14.9,11.0,15.0,21.0,19.2,4.0,6.0,44.0,31.0,8.1,11.0,3.0,6.1
1772614998.7772305,27.4,40.0,17.0,8.1,27.6,26.3,39.6,33.3,23.8,25.0,11.1,4.1,14.0,23.8,13.9,11.1,4.1,11.1,17.3,22.8,12.1,9.3,22.8,14.0,14.1,24.2,18.2,16.0,18.8,18.4,20.2,23.0,4.0,4.0,19.0,8.0,22.0,18.2,23.2,28.3,26.0,21.0,14.0,15.8,11.1,28.0,5.0,11.1,41.4,31.0,7.0,25.5,4.1,5.1
1772614999.7777624,33.7,29.7,4.1,10.1,25.7,29.3,29.0,26.0,26.0,27.0,3.0,5.0,4.1,11.0,14.0,8.1,4.0,4.1,21.0,5.1,20.0,23.0,7.1,10.1,18.8,23.2,16.8,24.0,25.0,17.0,18.0,20.8,4.0,4.0,4.0,18.2,14.0,26.3,22.8,19.0,35.6,27.7,15.0,11.0,31.0,20.8,1.0,6.0,28.0,28.3,9.2,13.1,3.0,4.0
1772615000.7815754,15.8,34.7,5.0,8.0,14.0,20.2,20.8,22.0,22.0,19.0,3.0,4.0,5.9,3.0,15.2,7.0,5.9,2.0,18.0,2.0,7.1,4.0,5.0,11.0,13.1,26.7,14.1,15.8,12.1,15.8,18.0,18.0,3.0,3.0,14.0,7.9,6.0,17.2,13.3,12.0,33.0,25.7,10.9,11.1,18.8,18.8,3.0,7.0,20.0,25.7,8.0,16.0,3.0,5.0
1772615001.7820432,26.5,21.0,5.0,15.2,24.2,23.2,34.3,41.0,22.2,25.3,2.1,4.0,14.3,8.2,21.2,2.0,4.1,8.2,21.8,14.1,5.0,10.1,8.1,10.9,13.0,30.4,21.2,26.0,26.5,14.1,18.0,19.2,2.0,4.1,14.0,8.2,3.0,19.2,14.0,12.1,22.0,22.0,13.3,21.0,28.3,13.1,5.1,6.1,29.0,32.7,1.0,13.3,3.0,5.1
1772615002.7849808,21.3,22.0,1.0,14.1,27.0,14.9,27.0,35.0,27.3,23.2,6.1,1.0,8.1,7.0,21.0,2.9,4.0,7.0,20.0,8.9,4.1,21.0,18.6,15.0,12.0,26.0,21.6,16.2,18.2,10.2,16.8,7.1,3.0,3.0,10.1,9.2,17.0,2.0,14.1,12.0,23.8,18.2,12.1,12.0,13.9,24.8,4.0,3.1,36.0,36.6,4.0,6.1,3.0,4.0
1772615003.7868133,22.7,20.8,10.0,5.0,21.4,22.2,33.0,21.2,23.8,22.5,5.9,6.8,5.0,5.0,18.0,2.0,5.1,5.0,18.2,7.1,4.0,21.8,13.3,5.1,12.9,30.7,19.0,15.0,17.0,3.0,16.0,3.0,3.0,4.0,19.2,2.0,9.9,11.1,12.0,14.0,9.0,16.0,12.9,11.1,17.2,19.0,5.0,6.0,35.6,35.4,1.0,5.0,1.0,5.1
1772615004.7869482,20.2,22.0,20.0,6.1,30.7,25.3,36.6,39.6,20.4,26.3,9.2,9.2,7.1,26.0,14.1,17.0,6.1,10.2,18.0,18.8,8.1,27.7,12.1,18.6,24.2,15.0,19.8,14.0,21.2,6.1,16.0,12.1,4.0,4.0,19.8,2.0,3.1,17.8,22.8,26.3,5.1,21.0,15.0,17.0,23.8,17.0,8.2,8.1,44.4,45.0,4.0,8.2,3.0,5.1
1772615005.792896,22.9,23.0,13.1,0.0,26.0,23.0,27.0,20.0,22.8,27.0,2.0,5.1,6.0,27.0,3.0,21.0,4.0,6.9,6.0,21.8,4.0,35.3,4.0,9.1,32.7,12.9,21.0,18.8,19.8,17.0,15.0,7.9,3.0,5.0,5.0,13.0,14.3,19.0,20.8,23.0,14.0,20.0,9.9,13.0,19.8,21.0,1.0,4.0,45.5,38.2,3.0,6.9,4.0,6.0
1772615006.7956288,35.1,29.7,7.2,14.1,23.0,21.0,40.6,28.3,23.0,27.0,5.1,3.1,21.0,19.0,3.1,21.0,13.9,8.1,11.0,26.3,16.2,29.3,9.0,16.8,17.5,24.0,19.0,21.4,25.0,20.2,6.1,16.0,2.0,1.0,2.0,21.8,30.0,12.0,28.3,19.0,18.0,25.3,19.2,14.0,24.0,14.0,10.9,2.0,39.2,51.0,5.0,9.2,2.0,5.1
1772615007.7967339,26.8,38.6,9.0,9.9,17.2,23.2,36.4,23.2,25.0,26.0,1.0,4.0,18.0,14.9,3.0,19.0,15.2,7.0,16.2,15.0,12.1,21.8,15.0,18.0,28.3,12.9,19.0,20.0,29.0,17.2,19.0,20.8,4.0,4.1,1.0,19.0,23.0,8.1,24.0,21.2,17.0,23.8,13.7,16.7,19.8,23.8,7.1,2.0,41.4,44.0,20.8,4.1,1.0,5.1
1772615008.7988503,32.3,31.3,17.2,3.0,17.3,27.0,33.0,28.7,27.7,22.0,9.0,11.1,24.0,9.1,1.0,20.2,4.0,7.2,8.0,20.0,10.0,16.0,10.1,14.7,11.9,30.0,13.9,18.8,19.8,10.0,17.0,25.3,18.2,4.0,4.0,19.2,10.2,11.1,27.0,20.8,11.1,12.1,13.1,13.4,12.1,27.3,3.0,8.1,38.6,38.6,6.1,16.8,3.1,4.0
1772615009.8047774,29.9,33.0,6.0,6.1,14.9,10.9,16.7,15.7,20.8,26.5,2.0,4.0,14.9,9.8,1.0,14.9,4.0,4.0,6.9,9.8,10.9,11.0,5.0,5.0,10.9,25.5,10.9,10.9,8.0,8.9,16.0,21.8,4.0,1.0,2.0,13.7,10.8,2.0,24.8,16.8,6.9,8.8,8.9,10.8,11.0,18.8,2.0,7.8,20.8,23.0,0.0,21.8,2.0,1.0
1772615010.80487,22.6,33.3,10.1,5.1,15.3,18.2,23.2,23.5,30.0,37.0,5.0,26.3,10.1,9.1,4.0,22.0,5.1,5.1,12.2,12.1,28.0,13.1,6.1,7.1,16.2,23.0,14.1,21.2,6.0,13.3,16.0,21.2,3.1,3.1,3.0,17.2,2.0,17.0,22.2,19.6,17.0,3.1,12.1,11.1,14.3,17.2,5.2,2.0,27.3,41.6,4.0,22.4,3.0,7.0
1772615011.8065917,25.0,20.8,7.0,3.0,22.8,24.0,22.0,19.0,35.0,35.0,2.0,2.0,6.0,4.0,12.1,9.0,6.1,4.0,7.1,19.0,10.1,9.9,8.0,5.0,28.0,12.0,15.8,19.0,6.1,15.7,19.0,20.0,3.0,5.0,5.0,14.0,21.0,19.8,20.0,24.5,11.0,10.0,11.0,12.9,12.9,26.7,8.0,5.0,31.0,29.0,8.0,16.8,3.0,4.0
1772615012.8107257,29.9,8.9,7.0,1.0,13.1,16.0,18.0,14.0,32.7,24.0,1.0,2.0,5.0,3.0,11.0,0.0,1.0,4.0,7.0,9.0,11.0,12.0,6.9,3.1,24.8,11.0,11.1,13.1,4.0,2.0,14.0,5.0,1.0,2.0,1.0,10.1,0.0,8.1,18.0,17.0,6.0,7.0,9.0,9.1,13.0,17.2,3.0,0.0,35.0,21.0,4.0,2.0,2.0,1.0
1772615013.8135476,17.5,26.7,6.0,12.0,20.2,20.2,38.0,29.3,34.0,37.3,4.0,3.0,13.9,6.1,9.0,13.9,8.9,3.1,23.8,11.0,12.0,11.2,20.0,5.0,18.4,23.8,23.2,19.0,3.9,17.0,25.7,14.0,1.0,3.0,2.0,19.8,2.0,19.0,24.8,27.0,24.0,3.0,16.2,16.7,28.7,14.7,5.0,7.1,34.7,40.0,2.0,5.0,1.0,6.0
1772615014.8156123,22.9,17.0,19.4,1.0,15.2,16.8,32.7,33.0,25.7,31.0,4.0,3.0,12.1,11.1,2.0,16.8,2.0,11.1,11.0,19.8,20.8,21.0,20.8,17.0,14.1,18.0,12.0,15.0,26.3,31.0,18.0,14.1,4.0,3.0,1.0,13.3,10.0,18.0,14.1,10.9,14.0,15.0,11.0,15.2,16.0,27.3,7.1,4.0,32.7,34.0,4.0,4.1,3.0,4.0
1772615015.815691,20.0,23.2,20.0,2.0,27.0,16.3,30.3,30.3,40.4,34.0,6.1,4.1,11.1,14.0,1.0,22.2,6.2,4.0,20.2,11.1,23.2,21.2,10.0,20.0,3.0,20.6,17.0,20.0,13.4,30.0,20.2,22.2,3.0,3.0,14.1,8.0,27.0,14.1,15.2,14.1,18.2,24.2,12.1,11.3,24.2,17.2,7.1,2.0,29.3,28.6,3.0,3.1,11.0,3.1
1772615016.8181317,30.9,17.0,8.1,15.2,27.0,24.2,30.7,30.4,37.0,34.0,6.1,3.0,29.4,7.0,3.0,20.2,7.0,7.1,8.0,23.8,19.4,25.3,5.1,22.8,1.0,19.6,20.0,16.0,7.0,22.0,20.0,25.0,5.1,4.0,15.0,5.1,24.2,8.2,12.0,11.2,12.0,26.3,15.2,12.7,23.8,15.0,8.0,3.0,32.7,30.0,2.0,6.1,25.0,5.0
1772615017.8232408,33.0,31.7,5.0,7.9,25.0,28.4,26.7,22.8,31.7,38.6,2.0,3.0,17.0,14.9,4.0,16.7,5.0,4.0,15.0,13.0,30.4,21.8,2.0,19.8,3.0,18.0,14.9,20.8,5.0,17.6,5.9,20.8,3.0,3.0,8.9,18.4,17.0,4.0,13.0,14.9,3.9,19.8,13.9,10.0,12.7,25.5,4.0,1.0,29.4,30.0,3.0,5.9,2.0,3.0
1772615018.8329067,22.1,39.6,23.5,6.1,18.4,25.0,43.6,30.3,33.3,32.0,4.1,3.1,26.0,18.0,19.0,3.0,8.0,10.0,20.2,14.9,33.3,15.8,24.8,11.2,10.0,12.0,23.0,17.2,16.2,14.0,9.2,9.1,1.0,3.0,8.0,11.1,8.1,8.0,25.3,27.0,19.4,27.7,16.2,20.0,12.1,25.3,13.1,4.0,53.5,40.0,4.0,22.4,3.0,4.1
1772615019.8335173,34.7,35.3,16.2,13.1,32.0,25.3,44.4,29.3,26.0,26.0,15.8,7.1,26.3,17.2,17.3,5.1,12.2,8.0,17.0,19.2,43.0,30.7,17.0,29.4,7.1,15.2,22.0,16.2,25.7,22.2,24.0,22.0,6.1,5.1,9.1,15.2,18.0,16.0,29.0,22.0,22.8,28.3,19.0,13.1,22.2,18.0,14.0,7.1,54.5,47.0,7.1,21.0,5.1,6.0
1772615020.836175,29.2,36.0,4.0,21.0,25.3,26.3,31.3,40.0,21.0,11.0,10.2,3.1,15.2,18.2,20.0,3.0,11.0,6.3,16.0,21.2,44.6,29.3,8.1,22.0,19.8,5.1,18.0,22.8,22.4,25.3,28.3,9.1,3.1,2.0,11.1,22.0,14.3,22.0,26.0,21.0,32.7,29.0,19.2,17.2,22.0,25.3,4.1,14.0,54.0,41.6,12.9,12.2,3.0,6.1
1772615021.8373895,34.7,28.0,15.3,9.0,19.8,21.2,37.3,33.3,16.0,10.1,9.1,4.0,12.9,15.7,18.8,2.0,14.0,5.9,18.0,19.0,33.0,20.2,19.0,26.0,17.2,14.1,15.0,18.2,25.5,13.9,14.3,28.0,4.0,4.0,15.8,3.0,14.1,13.0,26.0,23.0,28.2,31.0,12.0,18.0,22.8,12.9,8.1,7.0,42.6,41.0,16.2,8.2,2.0,4.1
1772615022.8374746,31.9,30.0,8.2,17.2,29.3,33.3,38.0,32.7,18.6,14.3,4.1,4.1,24.2,19.6,21.2,4.0,8.2,9.2,17.2,24.2,27.3,28.0,20.2,12.0,24.2,13.1,23.2,18.2,14.0,15.3,24.2,15.2,5.0,4.1,15.3,6.1,9.2,8.2,32.7,26.0,18.6,27.0,18.0,18.0,10.1,26.5,6.0,13.1,48.0,51.0,16.2,6.0,6.1,5.0
1772615023.8375602,36.1,22.0,23.0,7.1,18.2,21.8,32.3,30.7,21.0,15.2,4.1,12.0,17.2,26.7,19.2,3.1,7.1,7.0,20.2,20.0,19.2,14.1,27.0,10.1,19.8,17.0,16.0,16.2,14.3,24.2,23.2,19.0,4.0,5.0,14.1,4.1,11.0,16.2,27.0,20.4,27.3,24.8,13.1,17.2,16.0,19.0,13.0,3.1,48.0,41.0,4.0,4.1,7.1,5.1
1772615024.84832,40.2,26.0,23.8,6.0,33.3,29.0,39.2,38.0,22.2,30.7,11.2,6.1,16.8,26.7,18.4,4.0,8.1,11.1,24.8,17.8,28.0,31.0,25.5,18.0,21.2,20.8,20.0,19.6,25.0,22.8,22.0,17.0,4.1,5.1,13.0,10.0,24.0,17.2,22.0,12.9,35.3,27.0,24.0,20.0,17.2,21.8,12.0,7.9,51.0,49.5,11.0,15.2,5.0,5.1
1772615025.8505793,30.9,29.0,21.9,5.2,28.3,20.2,38.4,36.0,33.0,28.3,11.1,5.1,13.3,29.0,21.8,3.1,9.2,9.0,14.0,19.2,24.2,20.2,22.4,16.3,20.8,21.8,17.0,17.3,25.3,23.5,20.4,18.6,3.1,6.0,14.1,2.0,15.2,18.2,19.0,8.2,34.0,21.2,17.0,28.0,28.0,19.0,9.2,7.1,42.6,45.5,3.0,23.0,3.1,5.1
1772615026.8528411,26.8,22.0,22.2,10.1,25.0,25.5,31.6,43.6,35.6,26.0,3.1,8.2,22.8,26.0,19.2,4.0,6.1,12.1,21.0,17.2,17.2,18.2,26.7,14.1,15.2,22.2,20.8,18.0,11.9,21.0,20.0,20.8,4.0,4.0,16.0,8.0,18.0,3.0,22.2,20.0,28.3,23.0,22.2,16.2,15.0,22.2,9.0,10.1,50.0,46.0,3.0,23.0,7.0,3.1
1772615027.8529198,17.5,35.6,23.2,8.2,27.6,30.7,45.0,34.3,37.4,25.0,11.0,4.1,20.4,25.7,21.8,3.1,9.1,8.1,21.2,18.8,15.0,17.2,20.0,12.0,13.0,24.8,15.2,18.0,8.1,21.2,27.0,32.3,4.1,2.0,9.2,12.1,14.1,13.1,14.1,17.2,30.7,19.2,14.0,16.0,20.2,21.2,11.2,5.1,47.5,46.0,4.0,21.4,3.1,5.1
1772615028.8541465,20.2,38.6,23.8,9.1,21.0,19.4,38.0,37.6,26.3,32.0,10.1,6.1,20.8,20.2,13.4,8.1,9.1,7.1,15.2,21.4,23.2,38.0,29.0,23.2,20.8,16.8,19.8,21.0,28.3,26.3,25.0,13.9,4.0,3.1,8.0,10.1,15.0,19.2,11.9,18.0,30.3,30.4,14.1,18.2,12.9,25.0,4.0,12.0,47.5,47.0,4.0,23.8,5.1,4.1
1772615029.8579652,22.9,37.3,25.3,8.1,31.0,25.7,42.0,49.5,33.0,31.0,5.1,10.0,27.3,20.0,4.0,19.0,9.0,11.2,20.0,17.0,35.4,37.4,13.0,17.6,19.0,22.8,13.1,24.2,30.3,15.2,12.1,18.2,17.0,6.1,7.1,14.1,14.1,24.0,24.0,24.0,26.5,29.3,17.0,19.0,30.0,20.2,12.1,7.1,47.0,40.2,10.1,13.3,4.1,6.1
1772615030.8586404,32.3,35.0,22.0,6.1,19.0,17.2,32.0,30.6,29.7,24.2,5.0,2.0,16.0,23.2,21.2,1.0,9.2,3.0,11.9,23.0,22.2,8.1,24.8,17.0,19.2,19.2,16.2,14.1,14.1,14.3,5.1,11.1,9.2,2.0,6.1,9.1,12.1,2.1,25.5,28.3,21.8,19.2,13.0,17.0,14.1,16.2,8.1,6.1,37.0,45.5,5.1,14.3,2.0,5.1
1772615031.8592634,38.9,25.0,21.9,8.1,25.5,26.5,35.4,36.4,27.6,30.3,5.2,11.1,18.2,15.2,6.2,17.3,12.9,9.0,21.0,16.0,16.2,20.2,13.3,26.0,13.9,27.3,21.0,16.0,25.3,22.0,21.2,19.0,6.1,4.1,15.3,6.1,17.0,8.1,25.3,31.0,23.2,28.3,18.2,18.2,20.2,21.8,8.2,10.1,43.6,56.1,13.1,13.1,6.2,5.2
1772615032.859507,42.7,21.0,4.1,21.0,20.2,25.3,34.0,41.0,29.3,27.0,5.1,8.2,13.1,13.0,4.1,19.0,10.3,6.0,15.3,18.2,32.7,23.2,14.1,23.2,22.2,18.8,17.0,19.2,36.0,22.8,22.2,20.2,4.1,3.0,12.9,8.0,20.2,21.8,24.2,16.2,28.0,31.0,13.1,15.2,25.0,12.1,10.0,7.0,45.5,49.0,10.1,15.2,3.0,7.1
1772615033.861249,35.7,27.7,7.0,22.0,19.4,27.7,35.7,41.2,31.4,36.6,10.1,6.0,19.8,30.0,9.2,19.8,9.0,9.3,28.0,14.0,48.5,27.6,22.0,19.8,12.0,26.3,18.2,21.2,23.5,35.4,21.6,14.0,2.0,5.1,11.2,7.1,21.0,17.0,19.2,15.0,21.2,16.3,14.0,22.0,18.2,31.7,8.2,10.0,51.5,44.6,3.1,20.6,6.0,4.1
1772615034.863806,38.1,25.3,4.1,21.2,27.3,30.3,38.0,31.3,26.0,28.0,4.0,7.1,12.1,33.7,3.0,17.3,7.0,12.0,12.1,23.2,36.0,19.8,11.0,22.2,27.0,14.7,12.1,18.0,10.1,13.1,24.5,15.3,4.0,4.0,5.1,14.1,14.3,2.0,16.2,31.6,8.2,17.0,17.2,15.2,9.1,26.3,6.9,9.2,52.5,40.4,5.1,4.0,3.1,4.0
1772615035.8690898,44.3,19.2,20.2,8.0,23.2,17.8,39.6,31.3,23.2,18.2,3.0,11.0,13.9,26.0,2.0,21.8,9.1,9.0,15.0,23.0,33.3,14.1,24.2,24.8,22.8,13.7,19.0,18.8,20.2,15.2,21.8,16.7,4.0,3.1,13.1,5.0,8.0,10.0,25.7,25.7,18.0,18.0,20.2,14.0,17.6,19.8,7.1,11.1,46.5,45.0,13.0,3.1,6.0,2.0
1772615036.8709989,35.7,28.4,11.9,7.0,23.0,16.5,29.7,22.2,23.5,26.7,3.0,3.1,3.1,26.5,4.0,19.8,5.0,5.9,17.8,14.0,39.6,20.8,5.0,14.0,26.0,15.8,14.9,17.0,20.8,7.0,19.0,12.1,3.0,3.0,15.7,4.0,24.0,12.9,21.8,25.0,3.0,19.0,11.0,13.9,12.1,27.0,3.0,7.0,41.6,37.3,22.2,4.9,2.0,5.0
1772615037.8734725,32.7,16.2,18.0,8.2,26.3,30.7,32.0,34.7,32.7,40.8,7.1,9.0,14.9,23.2,2.0,22.2,7.1,6.1,21.8,13.9,29.0,37.0,15.0,10.1,26.7,15.2,19.0,22.0,27.7,18.0,22.0,15.3,3.0,4.1,5.1,15.5,18.2,21.0,28.3,18.2,21.0,17.8,12.9,16.2,23.2,16.0,2.1,11.2,44.1,41.8,22.0,1.0,3.1,5.1
1772615038.8754957,32.0,18.2,16.2,13.0,32.0,21.2,40.4,34.0,29.3,29.4,16.2,5.1,18.8,18.0,22.0,11.1,11.2,8.1,16.2,24.2,29.6,41.4,26.0,22.0,5.1,21.2,21.2,23.0,32.7,18.2,20.0,19.0,5.1,3.1,18.2,3.0,16.3,10.2,16.2,27.0,28.3,22.4,17.2,21.8,28.3,22.8,10.0,8.2,46.0,47.5,23.0,4.0,4.1,5.1
1772615039.875878,35.4,29.7,16.3,7.1,19.2,21.0,37.4,31.3,23.0,23.2,4.1,6.0,5.2,11.0,21.2,3.0,8.1,8.2,16.2,18.2,22.2,24.0,8.2,18.2,15.8,11.1,21.8,23.2,26.7,15.3,17.2,21.2,3.1,6.0,8.1,12.2,29.6,10.2,24.8,24.0,23.0,28.0,12.9,16.2,25.0,17.2,4.0,8.0,36.4,37.3,20.2,5.1,6.1,3.0
1772615040.877634,35.4,33.7,9.9,19.8,30.3,25.0,35.0,34.3,21.0,34.0,6.1,6.1,13.7,10.1,23.2,3.0,6.1,11.0,13.9,25.7,27.5,19.8,17.6,9.1,14.0,10.0,17.3,21.2,19.2,7.9,21.2,19.0,8.0,2.0,4.0,20.0,13.0,14.0,19.2,27.0,22.0,27.0,16.2,13.0,15.0,27.0,4.0,13.3,47.0,44.6,31.0,11.1,7.1,28.6
1772615041.8783596,39.6,25.3,20.2,11.2,24.5,26.3,40.6,33.0,23.0,28.0,6.0,4.0,25.5,7.1,20.0,3.0,9.9,8.2,14.3,21.2,21.8,24.0,14.0,13.9,10.9,15.0,16.8,19.0,16.0,7.0,7.0,15.2,3.0,5.9,13.0,8.1,7.1,14.0,23.2,22.2,22.0,22.0,13.0,18.2,17.0,24.0,11.1,12.9,45.5,35.4,4.0,10.1,5.9,9.1
1772615042.8801386,32.0,33.3,17.5,7.1,30.0,30.0,34.7,35.4,17.2,17.2,5.1,10.0,7.1,18.8,21.2,2.0,7.1,7.1,22.8,18.8,26.0,38.0,19.0,25.3,15.2,8.1,20.2,17.0,24.0,15.2,5.1,11.1,1.0,4.1,4.0,14.0,20.4,17.2,37.0,25.3,20.2,24.8,19.2,19.0,21.2,16.2,8.0,9.1,38.2,29.3,3.1,10.1,2.1,3.1
1772615043.8811777,28.4,34.7,18.0,11.0,15.2,18.2,43.0,29.0,14.0,14.1,32.0,3.1,13.1,15.2,8.1,13.1,6.2,7.1,19.4,20.0,26.0,35.0,10.1,26.7,14.1,3.1,18.2,14.1,15.2,25.3,11.2,21.2,4.0,4.0,2.0,15.3,21.8,14.0,22.4,26.0,34.7,39.0,16.0,13.1,11.9,27.7,10.2,3.1,42.4,43.0,9.1,3.1,3.0,8.1
1772615044.8836808,36.6,25.0,11.9,13.0,29.4,29.6,39.2,36.4,16.8,11.0,26.3,26.7,19.8,28.3,2.0,19.0,7.0,12.1,15.8,21.2,25.5,28.3,18.2,23.0,11.1,15.0,22.2,18.8,15.3,30.7,17.8,22.0,5.1,5.1,18.2,3.0,15.3,5.1,26.5,26.3,25.0,33.0,16.2,19.8,16.2,27.3,8.9,10.0,44.0,52.0,5.0,4.0,6.1,3.1
1772615045.8843951,40.2,18.2,22.2,2.0,10.3,14.1,33.3,22.0,18.2,8.2,16.2,9.1,20.0,18.0,2.0,16.2,3.1,5.1,12.2,15.2,27.3,22.2,20.8,23.0,15.3,20.2,16.0,11.1,11.1,21.2,17.2,24.0,2.0,2.0,9.0,2.0,7.1,12.0,11.2,12.1,16.2,19.0,10.9,12.2,21.2,15.2,2.0,12.0,37.0,44.0,1.0,3.1,4.0,2.0
1772615046.8844788,39.6,20.2,11.1,16.8,22.2,23.0,36.0,38.4,23.2,22.2,26.3,9.0,27.0,18.0,23.8,5.1,7.1,13.1,24.8,17.0,22.2,14.0,6.1,24.0,24.0,16.8,20.2,19.0,7.1,19.0,15.5,21.4,3.0,5.1,13.1,7.0,18.2,18.0,22.0,20.2,25.3,16.2,17.3,17.8,16.3,20.2,14.0,16.3,51.0,40.4,9.0,16.2,5.2,5.1
1772615047.8861368,35.8,30.7,22.0,6.1,28.0,27.6,43.9,31.6,21.6,26.7,12.1,7.1,22.8,9.1,19.2,5.1,10.1,12.1,18.0,25.5,21.0,40.0,27.0,17.0,26.7,16.0,16.2,22.8,23.8,27.3,14.9,27.7,7.1,5.1,9.2,16.0,19.0,19.4,28.3,25.7,30.7,35.6,17.3,13.3,17.2,27.3,12.1,31.3,47.1,51.5,13.1,16.3,8.0,34.7
1772615048.8862202,24.2,36.6,23.0,2.1,22.4,25.0,43.1,33.7,27.0,34.3,25.3,14.1,15.5,15.0,22.0,3.1,4.1,13.3,19.0,25.0,15.3,37.6,21.0,20.0,18.8,22.0,16.2,21.4,18.6,26.5,10.3,28.0,7.1,4.0,9.1,11.1,7.1,12.1,28.3,19.4,30.6,28.0,19.0,18.2,18.2,20.0,13.0,10.2,39.4,54.0,11.0,17.2,2.0,10.2
1772615049.8864686,27.8,24.2,22.2,5.0,25.0,24.2,32.3,34.3,27.3,27.6,12.2,5.1,32.0,12.5,2.0,16.2,4.0,9.2,24.2,10.1,16.2,33.0,6.2,23.0,23.0,17.0,13.1,16.0,13.9,18.8,9.0,30.6,3.0,2.0,8.1,8.1,14.0,13.1,23.2,26.3,25.5,23.8,13.1,14.1,26.0,25.0,6.2,4.0,41.0,41.6,2.0,17.2,5.1,4.0
1772615050.887268,36.7,30.0,23.0,6.1,21.4,30.0,40.0,37.0,34.0,32.0,14.9,10.0,26.0,21.8,40.6,21.0,13.1,9.2,24.0,19.8,16.3,16.2,30.7,20.0,21.0,26.0,24.0,14.9,21.2,20.8,17.0,18.2,5.1,5.0,6.1,17.0,18.2,20.2,28.7,25.0,19.8,24.2,21.0,19.8,13.9,27.0,10.9,13.9,50.0,51.0,4.0,6.1,6.1,6.0
1772615051.8943083,25.5,41.6,9.2,16.0,26.0,31.3,40.8,34.7,30.0,29.4,5.1,3.1,12.1,31.7,31.3,20.0,10.2,7.0,18.8,17.0,32.7,41.6,24.5,7.1,29.7,23.2,17.0,21.0,21.0,16.2,15.3,26.0,4.0,5.1,2.0,17.0,10.1,20.2,27.0,32.3,33.0,25.0,11.1,11.2,22.8,18.0,14.0,3.1,45.0,47.5,10.1,13.3,8.1,5.1
1772615052.8943799,30.2,31.3,10.2,17.2,27.6,30.7,37.6,37.8,26.0,25.3,5.1,10.2,20.0,27.3,27.0,12.2,8.1,11.5,20.2,21.0,35.7,34.0,26.3,16.2,23.2,19.2,17.8,22.4,23.5,31.3,24.2,21.6,3.0,3.1,16.0,5.1,5.1,14.1,25.3,24.2,29.6,33.0,17.3,24.2,21.2,19.2,13.1,4.1,49.5,46.0,5.0,24.5,4.1,6.2
1772615053.8944507,35.4,31.4,3.0,22.2,23.0,18.4,37.6,36.0,17.5,27.0,9.3,6.0,28.3,15.8,28.3,25.7,7.1,7.1,16.0,18.0,33.0,22.2,18.8,17.0,15.0,24.0,13.3,16.0,18.8,19.2,32.7,43.6,6.1,1.0,17.2,2.0,21.0,12.2,19.4,28.3,27.3,14.3,12.1,16.2,15.0,23.2,4.1,11.0,46.1,49.0,3.0,22.0,4.1,4.0
1772615054.8972092,27.8,36.6,22.2,6.0,26.3,24.0,36.4,44.0,28.0,31.7,8.9,5.1,29.4,13.0,2.0,23.5,4.0,12.0,13.1,19.2,36.0,28.7,9.1,25.7,23.5,16.8,18.0,18.2,18.0,8.1,24.2,16.2,4.1,3.0,9.0,9.0,13.1,19.0,24.2,21.0,8.0,13.0,19.2,17.2,30.3,21.0,12.0,5.0,37.0,34.3,1.0,23.8,4.0,3.1
1772615055.9028578,37.4,30.0,22.2,6.1,29.6,24.2,46.9,38.8,28.7,31.0,4.0,6.1,24.5,20.2,6.9,22.0,5.1,13.0,19.8,25.0,35.0,30.0,24.8,31.0,15.0,26.3,20.0,16.8,21.4,26.7,37.0,16.2,4.0,6.1,11.2,10.1,20.0,14.1,27.0,36.6,14.0,24.2,17.0,16.0,20.4,19.2,11.1,7.2,41.0,47.5,5.0,21.4,10.1,4.1
1772615056.9032958,23.2,34.7,21.2,4.0,18.2,21.8,38.2,30.4,33.7,26.0,6.1,5.0,22.0,23.2,14.0,7.0,5.0,13.0,24.2,10.0,39.6,38.0,33.0,26.0,17.0,24.8,22.0,16.2,22.0,14.3,16.2,23.5,5.1,2.0,12.1,8.2,13.3,18.2,14.0,16.3,26.5,20.2,13.9,18.2,22.8,16.8,10.0,10.0,52.5,53.5,4.0,20.4,7.1,4.1
1772615057.9041986,42.7,32.0,13.3,13.1,32.3,27.7,33.0,36.7,36.0,23.2,14.1,6.2,27.3,21.8,5.1,18.2,6.1,7.1,19.8,18.2,17.2,37.0,12.2,27.5,14.1,24.0,17.2,18.8,25.0,19.2,14.1,21.4,4.1,4.0,8.2,10.0,11.1,20.0,18.0,8.1,36.7,12.2,15.2,18.2,20.0,19.0,2.0,11.2,53.5,49.0,13.4,11.9,3.1,5.9
1772615058.9076896,40.8,40.6,28.3,3.0,21.2,23.2,37.0,34.7,29.7,33.7,4.0,5.1,25.7,17.0,3.0,20.8,12.0,4.0,22.0,12.1,20.0,38.2,12.0,25.3,28.8,10.9,16.0,22.8,16.8,7.0,20.0,21.8,4.1,5.0,5.0,17.8,12.0,22.0,25.3,27.7,12.9,26.0,19.2,13.3,26.7,22.8,11.1,7.1,47.1,41.6,21.8,9.0,6.1,4.0
1772615059.9105976,29.2,31.7,23.0,5.0,28.0,30.3,37.4,35.0,25.7,30.4,8.2,14.9,15.8,16.0,20.4,3.0,11.2,5.1,19.8,19.4,20.0,43.0,21.8,11.1,25.3,12.9,15.2,17.2,24.0,24.0,17.3,19.2,3.0,5.1,8.0,16.2,10.1,20.2,22.2,31.0,24.8,24.0,21.0,14.9,20.0,18.2,13.1,7.0,43.0,53.5,13.1,14.0,7.0,5.1
1772615060.9128234,38.8,13.3,7.1,19.4,29.6,28.0,38.0,38.4,18.4,22.4,5.1,14.4,14.1,18.4,7.0,18.2,9.1,12.1,13.3,27.6,26.3,45.0,32.3,17.0,22.2,15.3,25.0,16.2,23.5,25.3,23.0,20.4,7.1,2.1,12.2,14.1,6.1,21.0,25.5,31.0,35.0,37.0,15.2,15.5,22.0,20.2,8.2,12.1,50.0,50.5,12.4,10.3,3.1,5.1
1772615061.9129078,23.7,27.0,7.1,21.8,28.0,28.3,44.0,33.7,24.0,21.2,17.2,7.0,30.6,10.1,3.0,19.2,7.1,8.2,19.0,22.0,23.0,41.4,18.0,12.1,14.1,6.0,14.1,14.1,24.0,22.4,9.1,17.3,4.1,2.0,3.1,15.0,19.8,14.3,31.0,15.3,27.0,32.3,17.2,21.0,16.2,19.0,10.1,6.1,49.0,44.4,4.0,22.8,4.1,4.1
1772615062.9181712,21.9,43.6,5.0,21.2,19.2,22.0,45.1,31.0,16.0,24.0,4.0,3.1,29.7,17.3,4.0,19.0,11.1,6.9,17.0,19.0,21.8,30.4,13.0,29.4,8.1,14.0,14.9,16.7,18.6,14.0,16.0,11.0,3.0,6.0,7.0,12.1,18.2,20.0,31.6,21.8,24.0,17.0,15.2,14.1,23.0,13.0,14.9,2.0,44.0,53.5,5.0,3.1,5.0,4.0
1772615063.9281595,42.9,22.8,6.1,22.8,24.2,26.3,41.6,32.4,16.0,27.7,18.6,6.9,28.4,12.9,3.0,20.0,8.0,11.8,24.5,12.9,28.7,29.0,25.5,18.8,13.9,9.0,22.8,17.2,19.8,21.0,13.9,5.0,5.0,5.0,12.0,6.0,11.8,12.9,18.8,30.7,21.0,23.5,19.8,15.8,29.4,19.0,5.0,12.0,44.6,46.0,11.0,8.9,4.0,32.7
1772615064.9285324,39.8,23.2,6.1,22.2,30.3,25.7,37.6,35.7,22.4,26.3,5.2,5.2,33.0,11.0,20.2,5.1,4.1,11.3,22.2,13.0,23.2,23.5,16.3,15.2,6.2,11.3,22.2,17.0,31.0,22.2,6.1,18.4,4.1,2.1,12.0,10.2,11.1,11.1,21.6,30.3,35.6,33.3,17.0,17.2,14.1,21.2,7.1,10.9,53.0,54.0,4.0,22.4,3.0,31.3
1772615065.9286313,39.2,23.5,2.1,21.4,20.2,20.2,40.2,28.0,24.0,22.2,11.1,12.0,30.6,16.2,17.3,2.0,13.0,8.2,28.0,9.2,23.5,23.2,15.8,30.0,14.0,24.0,16.2,15.3,19.8,17.2,3.0,24.0,5.0,4.0,13.1,9.9,14.0,23.2,25.7,24.5,29.3,29.0,20.6,14.0,11.2,26.7,13.1,3.0,41.0,50.0,4.0,22.2,4.0,15.0
1772615066.9287288,36.5,28.0,5.1,22.0,31.0,32.3,40.0,35.7,34.3,31.0,3.1,3.1,26.0,16.2,9.0,13.0,8.1,10.1,25.0,10.9,8.1,7.1,9.1,22.4,13.0,24.2,13.1,23.0,13.0,25.0,17.2,12.1,4.1,4.1,6.1,17.3,15.2,21.2,23.5,23.2,26.0,20.2,13.1,12.2,18.8,21.0,16.0,3.0,45.5,50.0,2.0,24.0,10.1,4.1
1772615067.9332113,28.6,33.7,9.1,20.0,21.2,18.8,34.0,37.3,28.4,34.0,12.1,8.0,20.8,23.5,19.0,3.0,10.0,10.0,20.0,15.0,21.2,30.7,21.0,27.5,17.8,22.8,12.1,19.0,21.0,16.0,20.2,21.2,4.0,4.0,4.0,15.0,15.2,7.1,26.7,19.6,25.5,26.7,16.0,22.5,25.0,22.7,13.1,5.1,48.0,42.4,3.0,22.0,5.1,3.1
1772615068.9386008,27.4,33.0,13.1,13.0,27.7,22.2,36.6,37.8,31.3,33.0,13.0,27.7,22.2,21.0,21.2,2.0,9.2,5.0,19.0,17.0,23.5,27.3,25.0,9.1,15.2,26.7,17.8,22.8,27.7,22.4,21.0,16.8,4.0,4.1,11.1,9.0,14.0,4.0,26.5,20.2,38.6,33.0,14.3,13.1,22.0,19.8,9.1,8.1,35.4,39.0,7.9,18.2,7.1,4.9
1772615069.9386857,41.2,21.0,6.1,20.8,21.2,23.0,34.0,35.0,30.7,32.3,20.4,14.1,19.8,35.4,16.8,3.0,9.1,7.1,12.2,24.0,19.6,14.0,24.0,11.0,13.9,24.0,15.2,18.2,26.0,13.9,22.0,16.0,3.0,2.0,6.0,11.2,20.0,14.0,14.0,18.4,23.2,25.7,17.2,18.2,25.0,15.0,7.1,8.0,42.6,38.6,16.2,8.9,7.1,1.0
1772615070.9387734,40.8,26.0,15.3,11.2,20.2,20.2,38.4,32.7,24.2,36.3,30.3,8.1,11.1,20.0,19.4,2.0,12.1,4.1,18.2,14.1,35.6,16.2,23.2,20.0,25.0,15.0,20.0,22.2,16.3,15.2,4.1,10.2,4.0,4.0,1.0,19.0,19.2,15.2,25.3,22.8,15.0,28.0,15.8,17.0,23.2,15.2,12.0,6.1,52.0,41.6,13.1,13.1,6.1,6.0
1772615071.9498947,24.5,37.6,11.0,15.0,27.5,30.7,32.0,39.2,30.7,28.7,24.8,9.9,12.0,18.4,16.7,3.0,9.0,5.9,22.3,11.9,24.0,20.8,8.9,22.5,15.8,22.8,15.0,16.7,34.7,31.4,13.0,16.8,2.0,4.0,5.0,11.0,8.0,14.0,23.0,27.5,33.3,18.8,20.0,14.0,23.5,11.0,10.9,5.0,43.6,46.1,9.1,13.1,4.0,3.0
1772615072.9505007,23.7,19.8,4.0,21.2,26.8,22.4,43.0,31.6,32.0,30.3,41.0,3.0,20.0,30.0,2.0,17.3,10.1,8.2,21.0,19.2,31.6,41.4,31.7,16.0,20.6,21.6,18.0,19.2,22.0,19.4,19.8,21.2,5.1,3.0,16.3,4.0,14.3,8.2,32.0,28.6,34.3,29.7,13.9,15.8,25.3,23.0,12.0,4.1,51.5,44.9,20.2,9.0,3.0,6.1
1772615073.9512215,27.8,28.3,10.3,21.0,20.2,25.3,36.4,35.4,27.0,26.0,19.2,10.0,16.2,28.7,3.0,19.0,7.1,7.1,17.0,13.0,18.2,34.7,12.2,22.8,26.3,13.1,14.0,20.0,25.5,23.0,28.0,18.0,5.1,3.0,11.2,3.1,20.0,15.0,21.6,29.3,15.0,20.6,19.4,18.2,17.0,19.0,9.2,3.0,49.5,48.0,9.2,4.1,4.0,5.1
1772615074.9530966,37.8,27.0,37.4,21.0,23.0,27.3,32.4,36.0,25.5,29.0,11.1,3.1,19.0,28.0,1.0,20.0,6.0,15.0,17.0,22.0,21.2,38.0,8.1,25.0,14.0,23.0,20.0,15.8,10.1,13.1,17.3,18.4,5.1,2.0,18.2,1.0,24.2,12.1,27.7,20.8,7.0,16.0,16.0,15.3,21.0,17.0,9.0,6.0,47.5,43.0,6.1,3.1,5.1,5.1
1772615075.982542,38.4,29.1,26.5,33.3,29.4,21.8,40.6,44.7,34.3,36.9,14.7,34.0,17.8,31.7,6.9,20.8,9.8,14.7,25.5,18.6,29.5,42.3,24.5,25.5,16.7,20.4,20.0,20.6,18.6,29.4,23.5,23.3,9.8,5.0,11.7,15.5,14.7,11.9,25.7,27.7,22.8,14.6,23.3,20.4,16.7,24.8,12.7,10.8,54.0,49.0,24.3,9.8,5.9,13.9
1772615076.9831002,31.2,35.0,17.0,13.1,27.0,29.3,40.4,46.0,24.8,33.3,4.1,34.7,12.1,27.3,6.1,21.8,8.0,7.3,18.0,20.0,29.3,48.0,22.0,8.2,21.8,16.2,19.8,22.2,22.2,34.0,36.0,23.0,6.1,4.0,7.1,12.0,16.0,12.1,33.3,24.0,19.0,19.4,14.1,15.3,18.2,22.4,11.0,8.1,41.0,43.0,23.2,3.1,5.1,13.3
1772615077.9853635,28.1,32.7,8.2,23.0,19.0,20.0,49.0,42.0,30.0,33.7,11.0,34.3,20.8,22.2,4.0,15.2,3.1,12.0,17.2,18.0,29.3,41.0,27.0,20.0,25.0,13.7,17.0,14.1,20.0,9.9,28.7,8.0,3.0,7.9,13.1,8.0,18.2,18.2,33.3,37.0,19.2,25.3,20.8,15.8,18.0,21.0,8.2,6.0,48.0,49.5,22.0,4.1,5.0,3.0
1772615078.9861825,38.3,27.3,5.0,21.8,28.3,23.5,38.4,35.7,16.2,14.3,15.3,29.7,24.0,20.2,22.0,3.0,5.1,12.0,22.0,13.1,26.3,34.7,11.0,25.0,21.0,23.2,14.3,18.0,16.3,14.1,20.2,15.2,3.0,4.0,12.0,9.0,14.0,19.0,27.3,23.2,16.2,19.0,12.1,12.2,15.2,20.2,11.1,2.0,41.4,55.0,19.0,9.0,4.1,5.1
1772615079.9886317,27.8,24.8,12.1,24.5,28.0,33.0,40.0,39.2,18.4,17.0,18.0,33.3,24.2,28.0,10.2,12.1,14.0,9.1,24.8,16.2,32.0,42.0,22.0,19.2,20.0,22.0,19.2,25.0,24.0,19.2,20.0,19.0,6.1,3.1,20.2,3.0,3.0,18.4,24.2,23.0,28.7,25.3,18.2,17.2,30.0,12.1,11.2,8.1,63.4,59.0,4.0,22.2,4.1,7.0
1772615080.9887176,25.0,19.0,6.1,21.2,29.9,22.2,41.0,34.3,19.2,24.2,6.0,39.4,27.0,17.0,18.4,3.0,8.2,11.1,23.2,17.5,34.3,36.0,16.3,23.8,15.0,28.0,19.0,22.2,19.2,27.0,18.2,25.5,5.1,5.0,14.1,7.1,13.1,19.0,21.0,18.2,28.7,34.0,20.0,15.2,14.1,29.0,4.0,12.1,45.5,41.6,3.0,21.2,3.0,4.1
1772615081.9887977,22.7,21.2,9.1,21.0,27.0,32.0,31.0,41.2,25.0,17.8,13.1,36.0,26.0,17.2,1.0,20.2,12.0,5.1,26.0,12.0,40.6,24.8,11.0,26.0,23.2,11.9,21.2,17.2,25.0,23.7,25.3,11.1,4.1,2.0,14.9,9.1,19.4,15.2,29.0,27.0,31.0,32.0,18.0,19.0,25.0,23.8,10.9,10.1,43.0,37.4,10.1,10.2,2.1,4.1
1772615082.9892387,27.0,22.0,6.1,23.0,23.5,29.3,43.0,38.8,32.0,33.3,21.6,17.3,32.3,21.0,4.0,21.8,5.1,17.3,15.2,30.0,16.2,21.2,17.3,32.4,10.2,15.3,23.5,25.7,10.3,19.0,29.3,7.0,6.1,3.1,11.3,10.2,22.2,10.1,26.3,27.6,28.6,26.7,16.2,20.0,20.0,23.0,8.1,13.1,53.5,51.5,5.1,5.1,5.1,8.2
1772615083.9907694,20.0,24.0,6.1,22.0,29.0,34.7,36.0,33.0,36.4,25.7,28.4,3.0,21.2,15.2,2.0,19.2,10.2,5.1,16.8,17.3,39.0,28.3,12.0,19.2,14.1,5.1,20.8,14.1,25.3,26.3,16.8,3.1,3.1,3.0,13.0,7.1,6.1,12.1,27.0,23.0,27.7,23.0,15.0,15.2,21.0,17.0,1.0,13.1,45.0,44.6,4.0,5.1,5.0,4.0
1772615084.992262,21.5,38.6,7.1,21.0,20.2,23.2,37.0,35.0,34.0,27.0,39.4,9.1,24.2,19.0,4.1,17.2,24.0,11.0,12.1,19.0,30.6,32.3,17.0,27.7,6.1,14.1,23.8,15.2,16.8,30.0,14.1,23.0,3.1,5.1,15.2,12.1,19.8,19.0,24.2,27.0,32.7,29.0,25.0,21.4,20.0,23.0,10.8,11.1,38.0,49.5,4.0,4.1,5.1,6.1
1772615085.9935668,29.6,35.0,8.1,20.4,26.5,30.6,37.4,37.0,35.0,30.3,27.6,16.2,27.0,17.5,4.0,20.0,7.1,15.0,15.2,25.7,24.8,19.2,15.0,27.0,7.0,19.2,15.3,20.0,24.2,25.0,16.3,22.0,5.1,6.1,4.0,17.8,25.3,15.0,28.0,32.3,23.2,30.3,26.3,16.2,29.6,16.3,2.0,15.2,47.5,56.4,12.2,8.0,7.1,6.1
1772615086.9954443,39.6,23.0,6.1,22.8,23.0,21.0,35.6,35.0,27.7,30.7,25.7,11.0,26.7,16.8,24.0,6.1,9.0,6.1,18.8,14.0,23.0,7.1,13.0,13.9,14.0,20.0,22.5,13.3,7.1,15.3,17.0,19.0,2.0,4.0,4.0,17.2,11.0,12.1,21.8,22.0,19.6,27.0,12.0,20.2,13.9,22.0,3.0,11.2,41.6,41.6,13.0,12.1,2.0,4.0
1772615087.9963593,33.7,22.8,6.1,22.0,26.7,18.4,36.6,38.6,33.3,31.0,22.2,10.1,21.0,23.0,27.0,10.0,12.2,8.1,22.8,16.8,15.0,39.6,32.0,16.2,21.0,21.0,19.4,15.8,23.5,21.2,21.2,17.2,6.0,3.0,2.0,17.0,8.1,12.1,17.2,14.1,26.3,26.0,10.3,18.8,17.0,21.8,8.1,13.1,48.5,49.0,11.0,14.1,4.0,6.1
1772615088.9965456,29.2,18.2,17.2,10.0,28.0,29.6,38.4,35.4,32.0,32.0,12.1,9.0,21.0,23.5,19.2,7.1,12.0,5.1,17.2,23.0,23.0,31.3,23.8,9.0,27.3,15.8,17.8,25.0,28.3,25.0,26.7,12.1,5.1,8.0,14.9,8.1,19.4,14.1,15.2,15.3,36.0,24.0,21.6,22.2,13.0,26.0,8.1,9.0,49.0,41.0,19.2,7.1,4.1,10.3
1772615089.9969256,40.2,22.2,5.1,21.0,14.3,19.2,32.3,39.4,28.3,30.0,4.1,3.0,25.0,14.3,16.3,8.1,6.1,8.0,21.2,13.1,24.5,20.2,26.3,15.2,22.5,19.2,14.1,18.0,20.2,13.1,19.4,13.0,2.0,4.1,12.1,6.1,16.2,19.2,20.2,17.3,30.3,23.2,15.2,17.2,21.4,20.2,3.0,12.1,48.0,45.0,7.1,5.0,5.0,2.0
1772615090.9970076,35.1,28.0,4.0,21.4,29.3,29.7,42.0,26.8,25.0,31.3,11.0,7.1,14.1,11.1,21.0,5.1,5.1,11.1,18.0,19.0,41.6,22.0,12.0,26.0,15.3,24.8,20.2,17.3,21.2,11.2,16.2,15.3,4.0,3.1,17.2,7.1,13.0,12.1,18.2,11.0,24.2,23.0,16.2,20.0,18.2,20.2,12.2,8.1,53.5,47.0,12.2,12.2,4.1,3.1
1772615091.9970818,42.9,22.8,24.0,4.1,29.3,23.2,39.4,37.0,22.2,23.2,4.1,11.2,12.1,17.2,18.4,4.0,9.1,12.0,14.1,23.5,33.3,38.0,11.3,23.2,27.0,13.1,13.1,21.0,22.0,25.7,14.0,6.1,2.1,5.1,7.9,11.2,11.0,13.1,17.0,19.4,26.7,27.0,15.2,14.3,13.9,28.0,9.1,11.0,51.0,40.8,29.3,9.1,4.0,5.1
1772615092.9972343,32.6,32.7,12.2,17.2,24.0,20.0,32.7,39.6,29.7,23.0,11.1,5.1,10.1,15.2,21.8,1.0,8.1,11.3,20.0,14.0,37.4,36.4,15.0,28.0,18.2,19.0,18.8,22.2,24.5,30.3,9.3,11.2,5.1,2.0,11.2,10.1,17.2,26.0,28.3,19.0,29.3,29.3,23.8,17.0,24.8,16.2,9.1,10.1,48.0,44.6,23.2,17.3,5.1,5.2
1772615093.9973001,37.1,30.3,17.2,13.1,29.6,34.7,33.7,41.0,32.3,32.3,3.1,6.1,11.2,12.2,14.0,13.0,6.1,16.2,23.2,19.4,34.3,21.2,15.2,23.8,15.8,32.7,18.4,23.2,11.2,25.3,10.0,15.2,8.2,6.1,32.3,17.0,18.2,26.3,30.6,32.3,16.3,22.2,15.2,19.2,22.2,30.3,18.8,8.1,48.0,50.0,22.0,7.1,4.1,4.2
1772615095.0025582,30.6,31.7,21.0,10.9,28.4,24.0,38.6,36.4,28.0,39.6,4.0,12.9,15.8,19.2,6.1,21.8,13.0,7.0,19.8,23.8,25.7,25.7,25.0,19.8,18.8,22.5,21.8,21.8,16.8,16.8,11.1,16.8,5.1,4.0,9.0,15.2,12.1,13.0,27.7,24.0,11.9,22.8,20.2,18.6,25.7,17.6,14.0,7.9,37.8,41.6,16.8,25.7,4.0,7.0
1772615096.010755,37.5,28.0,9.2,19.0,23.5,28.3,30.7,36.0,30.0,31.7,8.1,9.1,21.2,24.8,5.0,19.0,11.0,6.1,23.0,29.0,21.0,27.3,11.0,20.2,28.7,14.9,16.3,18.8,24.8,25.0,12.2,23.0,5.1,7.0,18.0,6.0,11.1,9.2,29.0,20.0,15.2,14.0,18.8,15.2,16.2,20.0,9.1,8.2,35.0,43.6,5.1,19.2,5.1,5.0
1772615097.0129905,20.4,35.3,14.0,13.1,25.7,24.2,42.4,31.3,23.0,24.5,11.1,4.0,21.6,23.0,2.0,15.3,5.1,10.1,22.0,19.0,29.6,45.5,25.0,25.5,20.2,18.2,18.6,20.2,20.4,20.4,14.0,28.3,3.0,4.1,15.2,3.0,19.0,16.8,22.0,20.4,22.0,18.2,14.0,20.4,21.8,15.0,7.1,7.9,49.0,44.6,10.1,23.2,5.1,2.0
1772615098.0167975,30.9,35.6,4.1,19.0,19.4,18.8,34.0,33.0,20.0,21.0,4.0,3.1,28.3,16.0,5.1,19.0,4.0,11.1,15.0,21.0,15.8,32.4,21.8,7.0,22.8,16.8,15.0,12.0,26.7,21.0,15.2,17.8,2.0,3.0,10.0,8.1,11.1,22.0,21.2,19.0,10.2,21.0,11.2,13.1,18.2,19.0,12.0,5.1,43.6,47.0,3.1,17.2,5.1,5.1
1772615099.0168903,30.9,32.0,5.1,23.0,34.7,29.6,47.5,44.6,27.6,18.4,6.1,12.1,12.1,19.2,21.2,4.0,11.3,14.1,22.2,16.2,23.7,47.0,24.0,18.6,14.1,30.7,18.4,23.2,9.2,20.2,27.3,30.6,6.1,7.1,16.2,9.1,13.3,14.4,26.3,26.3,26.3,28.6,20.2,18.0,29.0,19.2,5.1,14.1,51.0,50.0,2.1,42.0,6.1,4.0
1772615100.0190282,29.0,25.3,8.1,22.2,24.0,28.6,46.9,40.4,18.0,30.0,14.3,6.2,13.1,25.3,19.0,11.1,17.0,9.2,23.0,21.0,52.9,34.7,23.2,23.2,32.0,24.5,21.0,17.3,14.0,31.0,16.2,16.3,7.1,5.1,16.2,8.1,11.2,13.1,28.0,29.0,27.5,30.0,18.0,17.5,18.2,25.3,9.2,11.1,53.9,48.5,4.0,43.4,6.1,8.2
1772615101.019596,26.5,23.0,4.1,20.2,22.2,23.8,29.0,41.0,16.8,19.2,3.0,9.1,23.0,21.8,13.9,7.0,10.0,5.0,19.2,15.0,46.5,30.0,26.7,12.1,22.5,15.7,29.0,22.8,28.0,21.2,14.1,22.0,4.0,3.0,2.0,17.2,16.0,18.2,25.7,24.2,23.2,33.0,18.0,20.6,14.1,21.6,4.0,10.0,44.0,49.0,5.9,5.0,3.0,5.1
1772615102.0199773,34.4,36.0,3.1,22.0,24.7,30.6,39.0,39.4,25.8,36.4,5.2,6.1,25.5,19.4,4.1,18.4,7.1,14.3,17.0,21.2,25.0,19.4,22.2,17.3,26.3,12.1,13.3,21.2,14.3,24.5,28.0,11.0,2.0,9.1,8.2,15.2,18.4,22.2,27.8,31.7,30.3,29.0,14.4,18.2,24.0,22.4,10.2,7.3,56.6,64.0,16.3,31.6,4.0,6.1
1772615103.026073,33.7,35.6,15.3,13.0,21.8,26.0,33.3,38.2,32.0,30.7,11.2,10.0,24.8,18.6,5.1,22.0,9.1,10.1,20.0,17.6,28.7,28.0,25.2,7.9,25.7,10.9,17.8,24.8,13.1,21.0,26.5,17.2,5.1,6.1,12.0,7.1,12.1,11.0,24.8,25.0,25.0,22.2,22.8,18.0,18.0,21.0,6.1,11.8,48.0,43.6,11.1,17.8,6.1,7.1
1772615104.0275748,21.3,38.2,22.0,10.1,26.0,26.0,37.0,32.3,31.7,30.0,4.1,3.1,27.3,19.2,8.0,27.0,5.0,11.0,15.0,20.2,23.2,23.0,24.0,25.7,13.0,7.0,12.9,19.2,11.9,21.0,17.0,22.0,4.0,3.0,5.0,15.2,6.9,13.0,27.0,20.2,25.7,29.7,14.1,14.0,22.0,13.0,9.1,7.1,50.0,45.0,11.0,11.2,4.0,3.1
1772615105.0276773,33.0,32.7,19.0,9.2,23.2,21.2,26.3,41.0,35.4,32.7,12.9,3.0,26.0,19.4,20.4,1.0,7.2,10.1,16.0,22.0,14.3,15.2,15.2,14.3,18.2,3.1,13.1,23.2,27.3,33.7,16.3,21.2,4.0,5.1,5.1,16.2,16.3,19.2,25.0,28.3,32.3,25.3,21.2,16.2,18.2,21.2,14.1,4.0,45.5,47.5,20.2,4.1,4.1,4.1
1772615106.0278027,36.5,24.0,17.3,9.2,29.3,35.4,33.0,34.3,18.0,22.0,4.1,5.0,17.2,16.2,16.8,5.9,5.1,10.1,16.3,20.0,8.0,8.1,15.3,32.7,10.1,8.0,15.2,10.1,14.3,21.0,18.4,14.1,4.1,4.0,2.0,15.0,18.4,15.3,22.0,30.0,24.0,31.0,16.0,18.4,22.4,10.2,16.0,2.0,48.5,39.0,8.0,6.0,6.1,6.2
1772615107.0280864,31.6,25.7,20.6,1.0,22.0,25.0,28.3,36.3,16.8,15.2,9.1,4.0,15.0,9.2,8.0,15.2,9.1,6.1,15.8,16.3,8.1,7.1,16.0,24.8,2.0,14.3,18.0,17.8,8.1,15.0,15.2,16.0,6.1,4.0,3.0,11.2,14.0,5.9,20.4,19.2,18.8,19.0,12.2,15.2,20.8,15.2,8.1,3.0,35.0,36.0,3.0,4.1,1.0,5.0
1772615108.0285492,25.5,40.4,27.0,21.2,31.0,28.9,40.0,39.0,31.3,37.6,7.1,11.3,16.3,26.0,8.1,20.2,9.2,13.3,23.5,20.8,30.3,33.0,22.8,15.2,12.1,19.2,19.0,23.2,23.8,27.0,23.2,22.4,8.0,7.1,8.2,19.0,7.1,20.0,24.2,20.2,29.6,32.0,17.3,23.0,19.8,29.0,18.2,7.1,41.0,44.0,13.1,18.4,18.4,7.1
1772615109.0296676,32.7,37.6,16.2,10.2,32.0,33.0,36.6,40.0,32.0,34.0,4.0,8.2,13.0,12.0,1.0,21.2,9.0,10.0,19.8,21.2,24.5,22.4,27.0,22.2,27.5,13.0,22.0,17.2,21.0,24.2,23.8,16.3,7.1,5.2,4.0,15.2,20.0,15.2,12.1,21.8,28.0,32.3,14.0,17.2,28.3,11.0,11.0,7.1,50.0,49.5,1.0,23.0,7.0,3.1
1772615110.0301826,35.1,25.7,4.0,22.0,16.3,18.4,32.3,35.1,28.3,30.0,2.0,7.1,16.0,11.1,2.0,18.2,4.0,10.3,15.3,18.0,34.0,25.0,23.0,7.1,22.2,17.2,19.6,18.2,22.2,31.3,15.2,22.0,5.1,5.0,2.1,15.2,15.3,18.4,26.3,30.9,28.6,28.7,17.3,20.0,13.1,22.0,4.1,10.1,44.0,48.0,4.0,22.2,5.0,5.1
1772615111.0302503,28.1,22.0,12.9,18.0,35.4,37.4,40.0,38.0,31.7,38.0,6.1,10.2,19.4,14.1,7.1,19.0,8.2,17.0,22.0,22.0,28.0,21.2,26.3,20.8,19.8,21.2,21.0,20.2,17.3,16.2,24.5,14.1,5.2,5.1,10.0,12.2,8.1,21.6,22.2,32.0,27.7,18.4,19.0,14.1,26.0,19.0,7.1,14.1,47.0,52.5,21.4,5.0,4.1,8.1
1772615112.033821,22.9,24.0,18.2,10.2,23.0,17.0,34.0,35.4,28.0,29.0,9.1,10.0,29.4,14.0,4.0,18.8,8.2,11.1,18.0,18.0,31.3,33.3,24.8,16.0,14.1,25.0,16.0,21.0,10.1,21.2,12.0,15.0,3.0,2.1,9.1,12.0,17.0,4.0,19.2,30.7,35.0,22.5,17.2,20.2,20.2,19.0,5.1,9.0,43.6,49.5,22.0,3.1,5.1,3.1
1772615113.0339124,27.1,40.2,15.3,13.1,27.3,19.2,32.4,45.5,35.6,28.3,5.1,6.1,22.4,23.8,5.0,22.0,14.0,8.0,19.8,17.2,19.0,38.2,26.0,9.1,24.0,19.0,17.0,21.0,27.0,29.4,8.2,15.2,5.1,5.1,10.0,11.2,19.0,13.1,29.0,24.5,28.0,29.3,15.8,17.2,14.0,26.0,8.0,12.2,47.0,52.0,12.1,12.9,6.0,5.1
1772615114.034012,37.5,28.6,14.6,22.4,30.0,31.3,31.6,37.0,25.8,30.7,7.1,6.1,25.3,22.2,20.2,3.1,7.1,13.4,17.3,22.8,21.0,40.4,23.0,18.0,20.0,19.8,21.0,17.3,18.2,19.2,23.0,22.2,5.1,4.1,14.3,7.1,22.0,17.3,27.3,31.3,22.4,13.3,16.3,20.2,13.1,26.3,9.3,11.9,49.0,41.0,23.0,4.1,4.1,4.1
1772615115.0340989,35.1,34.0,15.2,21.0,16.5,30.3,36.0,40.0,34.0,30.6,8.2,9.2,19.4,29.0,22.2,6.1,6.2,15.2,20.2,21.2,20.4,44.6,20.4,13.1,25.0,13.1,18.0,22.2,22.0,15.2,14.0,27.7,5.1,4.1,18.2,5.1,20.4,19.2,21.4,24.2,14.0,13.3,19.2,25.0,19.4,21.0,11.0,10.2,45.0,41.4,12.1,19.2,6.1,5.2
1772615116.037153,35.7,29.0,15.3,14.3,33.7,26.3,39.0,40.0,27.3,23.8,6.2,19.0,20.0,15.3,20.2,4.0,14.1,5.1,18.0,22.0,28.3,47.5,29.1,15.2,21.0,21.8,16.0,21.2,25.3,16.2,23.0,22.4,3.1,5.1,11.2,7.0,4.0,19.2,31.0,25.3,7.2,23.0,26.7,27.0,25.3,26.0,13.0,6.2,46.5,33.3,13.1,14.0,3.1,6.1
1772615117.0372486,40.2,27.3,21.0,10.1,25.0,35.0,44.4,28.3,20.2,23.2,8.0,7.1,18.8,14.1,4.1,22.2,14.1,9.0,12.1,25.7,24.0,38.0,21.6,18.2,12.9,27.3,12.1,16.0,21.2,20.2,15.3,26.5,4.1,5.2,17.0,8.2,14.3,24.0,25.0,27.3,31.3,24.2,15.5,12.2,24.8,19.8,11.1,20.2,38.4,39.2,12.0,16.3,6.1,6.1
1772615118.0373409,31.2,27.7,21.6,2.0,23.5,24.2,32.0,40.4,17.0,22.0,3.1,8.2,27.0,18.8,2.0,15.3,8.1,9.2,26.0,12.1,30.0,31.0,13.0,20.0,17.8,21.0,20.0,15.2,32.3,22.0,26.0,14.1,3.1,5.1,13.1,9.1,15.2,21.2,32.0,25.0,27.0,25.3,18.0,23.0,28.0,12.1,10.0,25.7,34.3,38.4,4.0,18.2,5.0,5.1
1772615119.0378258,25.3,36.3,23.0,6.9,23.8,30.3,37.0,39.0,6.1,11.2,9.0,5.0,28.0,13.3,2.0,19.8,7.1,8.2,21.2,17.2,30.3,43.6,22.2,26.7,26.3,12.9,14.1,15.8,8.2,14.1,10.1,24.2,5.0,4.0,15.0,3.0,14.0,13.1,15.3,24.2,25.0,19.0,15.2,15.0,17.0,15.2,9.2,7.1,41.6,32.3,5.1,5.1,2.0,6.1
1772615120.0379133,24.5,37.4,8.2,18.4,32.7,24.7,40.4,38.0,23.2,21.2,6.1,8.1,21.8,26.0,5.1,17.2,13.3,8.1,19.0,22.0,31.3,30.3,18.8,16.2,26.7,12.1,21.0,25.3,27.0,11.2,12.2,12.0,7.1,10.1,18.2,3.1,19.4,4.0,19.2,21.2,30.0,20.2,16.0,24.0,22.2,30.3,12.1,11.1,52.0,47.5,15.2,5.1,6.0,5.1
1772615121.0379975,29.5,38.0,8.2,22.8,26.0,34.0,45.0,29.3,33.3,27.3,7.1,13.0,13.3,33.0,5.1,20.4,7.1,8.2,25.0,11.2,36.4,30.3,18.2,24.0,20.2,21.0,15.2,17.0,21.8,28.7,16.2,19.0,6.0,11.2,5.1,16.0,11.2,19.0,24.0,24.5,32.7,39.0,18.0,16.2,24.2,15.2,3.1,14.1,45.0,48.0,21.2,7.1,4.1,5.2
1772615122.038074,24.0,26.0,10.3,20.4,23.2,28.0,47.0,49.0,36.0,29.0,5.1,7.1,24.5,24.2,5.1,22.8,11.3,13.0,14.1,25.7,48.5,33.3,13.3,24.8,27.3,18.0,35.0,22.2,29.6,26.8,18.2,15.3,4.1,5.1,18.2,7.1,28.0,15.5,24.5,40.0,27.3,33.0,16.3,25.0,27.3,16.3,10.1,12.2,56.4,47.5,22.4,10.1,5.1,7.2
1772615123.0381618,24.7,32.7,12.0,16.0,19.6,32.0,30.3,39.4,29.0,30.0,6.1,12.4,20.8,22.0,12.2,12.1,8.1,7.1,19.2,20.4,31.6,34.0,13.3,24.5,26.3,16.2,22.0,17.2,13.0,18.2,12.2,6.1,6.0,5.0,13.3,6.1,13.1,18.4,27.0,26.3,23.8,23.8,15.3,14.3,19.2,21.0,7.0,11.0,45.1,46.5,22.0,4.1,3.0,7.1
1772615124.0395184,35.4,26.3,22.0,4.0,21.8,19.4,33.0,35.3,29.0,28.7,5.1,3.0,20.4,20.0,19.0,1.0,6.1,8.0,16.8,19.6,13.0,23.0,36.3,28.0,16.8,19.8,18.0,17.0,15.3,9.0,12.9,14.1,2.1,2.0,9.0,11.0,7.1,8.9,29.7,18.0,18.0,24.0,18.0,19.8,25.0,22.2,13.1,3.0,59.0,53.4,21.6,5.1,2.0,7.1
1772615125.0477655,34.0,31.0,22.4,5.1,22.2,27.7,32.0,41.4,33.3,26.3,13.1,6.1,19.2,27.3,19.8,3.0,9.0,9.1,14.0,22.2,15.2,22.0,12.1,18.0,13.1,10.9,17.8,17.0,28.4,27.0,22.2,15.2,4.0,3.1,17.0,4.0,18.0,13.3,28.3,25.0,31.7,32.0,14.3,16.0,21.0,17.8,5.1,8.1,50.5,47.5,16.2,9.0,4.0,5.1
1772615126.0480702,36.4,27.7,24.8,3.1,29.3,30.6,34.0,35.0,28.7,32.0,9.9,3.1,28.4,13.1,19.2,3.1,8.2,8.1,24.2,13.1,33.7,30.3,23.5,25.2,5.1,17.2,18.2,24.0,14.3,25.3,20.0,19.4,5.0,5.9,19.0,3.1,11.1,22.4,28.0,26.5,29.3,31.6,20.0,19.2,20.0,15.3,10.0,9.0,34.3,38.6,17.0,14.0,4.1,4.1
1772615127.0487666,30.5,29.0,6.2,16.2,14.4,22.8,39.4,29.3,30.3,25.0,5.1,6.0,14.3,8.1,18.2,1.0,6.1,7.1,15.0,21.0,30.0,22.2,24.0,7.1,6.0,12.1,15.0,12.2,18.0,27.3,18.8,15.8,2.0,4.0,15.0,4.0,11.0,18.0,23.5,22.0,28.3,20.2,14.0,14.1,16.2,22.8,7.1,7.1,37.6,51.0,10.2,14.1,4.0,3.1
1772615128.0493734,28.7,37.3,7.1,18.2,22.2,28.9,47.0,29.3,36.0,30.3,6.0,9.2,20.0,25.7,12.0,14.3,7.1,12.2,19.2,21.2,14.3,30.0,26.3,18.4,14.1,10.0,21.0,19.0,5.1,21.2,11.2,17.3,5.1,5.1,16.3,4.1,12.2,9.3,23.2,26.3,24.0,17.3,21.2,17.0,21.2,22.4,6.1,12.2,48.0,48.0,13.1,22.7,6.1,6.1
1772615129.0494494,33.3,27.3,22.2,3.0,21.2,25.0,33.0,33.0,29.7,32.0,3.1,12.1,8.2,32.0,18.0,2.0,7.1,7.1,20.6,16.8,13.1,27.7,8.2,23.8,8.0,11.2,16.0,11.2,18.0,26.7,2.0,9.1,4.0,3.0,7.1,12.1,11.0,14.0,24.2,26.0,24.0,28.0,29.0,17.0,23.0,21.8,1.0,9.1,42.0,43.6,21.0,3.0,4.0,4.0
1772615130.0499341,22.9,26.5,24.0,10.1,26.3,26.3,40.2,36.6,30.6,32.3,10.1,4.0,15.8,29.0,21.2,1.0,8.0,8.2,15.3,22.2,36.0,44.6,21.2,18.4,26.3,19.8,20.2,21.2,31.3,18.2,24.2,17.2,7.1,2.0,9.0,18.2,17.2,22.2,26.3,24.0,37.6,33.7,16.2,20.6,18.0,22.2,6.0,15.2,41.4,53.5,6.1,6.1,4.1,4.2
1772615131.0509245,17.7,27.0,21.2,8.1,28.3,27.6,39.4,32.3,29.0,33.3,6.1,8.2,31.3,22.0,20.2,7.0,4.1,13.0,20.0,17.8,41.0,27.3,13.0,26.5,25.0,13.0,18.0,17.6,26.0,19.0,21.0,15.2,6.0,4.1,11.2,11.0,19.8,14.3,28.0,21.2,27.0,28.0,14.0,16.2,21.0,17.2,8.1,8.0,46.5,48.5,12.0,11.2,17.0,6.1
1772615132.0516148,30.2,17.0,23.2,4.1,21.2,26.3,35.0,38.4,32.0,31.3,3.1,5.1,29.0,18.4,11.0,13.1,8.1,11.1,15.0,23.0,33.0,28.3,21.2,22.2,17.2,23.2,23.0,19.4,21.2,9.2,27.3,16.2,5.1,6.0,13.0,9.2,14.1,7.1,14.3,17.2,18.2,27.0,20.4,18.2,26.3,21.2,5.1,16.3,50.0,46.9,32.7,5.0,4.1,6.1
1772615133.0532396,24.5,19.4,23.0,5.1,31.4,31.4,42.0,31.3,18.0,22.0,12.4,8.2,21.2,24.0,2.0,22.0,5.1,10.1,17.3,19.2,25.3,27.0,26.5,14.1,21.6,21.8,17.2,18.0,24.2,15.0,21.8,16.0,2.0,5.2,15.0,5.1,20.4,11.1,24.2,26.7,19.2,19.4,17.0,13.1,20.0,22.0,5.1,11.1,33.3,45.1,12.2,21.2,4.1,5.0
1772615134.053317,21.9,20.8,17.2,10.1,19.6,20.6,26.3,39.4,24.0,27.7,7.0,3.1,17.2,22.8,2.1,20.0,5.1,9.2,20.0,15.2,25.0,46.5,19.2,13.0,19.0,21.6,19.8,18.2,24.0,27.3,27.3,13.1,2.1,3.0,15.0,3.1,20.2,12.2,27.3,21.4,17.3,22.4,16.3,19.0,22.2,14.1,2.0,11.2,35.6,33.3,4.0,21.2,3.1,2.1
1772615135.054229,34.4,23.0,8.2,20.2,28.0,24.5,40.0,34.7,20.2,24.5,6.1,8.2,26.5,22.0,16.3,8.1,19.2,13.9,30.3,18.2,30.3,29.0,31.3,15.2,24.2,19.2,17.3,19.2,16.2,19.2,13.1,23.2,6.1,5.1,7.1,17.0,20.2,16.3,31.6,30.3,19.2,21.8,14.0,18.8,26.0,17.2,6.1,13.9,30.7,49.5,5.1,21.0,5.1,7.0
1772615136.0543025,33.7,31.0,7.1,22.0,25.3,28.0,40.4,28.9,14.3,28.7,8.1,9.2,21.2,24.2,19.0,2.0,10.1,14.4,18.0,18.8,16.3,26.3,20.0,8.0,23.8,12.0,15.0,21.8,23.0,18.0,29.6,10.1,7.1,2.0,4.0,14.1,12.2,10.1,24.0,26.7,14.9,8.2,17.2,21.2,24.2,14.0,10.1,7.1,28.6,39.0,11.0,17.3,7.1,3.0
1772615137.0543764,27.4,40.6,18.8,15.0,22.2,24.5,37.4,40.0,14.0,34.7,11.3,16.2,14.3,24.5,20.8,5.2,12.2,7.1,20.4,19.0,23.0,40.0,25.0,25.7,14.0,30.0,21.0,18.2,21.8,21.2,19.8,26.3,7.1,5.1,8.2,16.2,20.0,12.9,32.0,17.2,16.3,27.3,22.2,25.5,31.3,21.8,19.2,20.2,40.4,45.0,9.2,17.2,8.1,7.1
1772615138.0544686,34.0,29.0,3.1,20.4,28.0,29.3,32.3,43.6,13.4,27.3,7.1,7.0,14.1,16.2,16.3,4.0,8.1,8.2,18.8,17.0,24.0,44.0,22.4,13.1,20.0,20.2,22.8,17.2,22.4,22.2,14.4,24.0,6.1,10.1,17.0,4.0,20.0,18.0,19.2,28.0,32.7,39.6,18.2,19.4,22.0,16.3,10.2,19.4,50.0,42.0,11.1,14.3,3.1,5.1
1772615139.0554202,17.9,26.0,5.0,22.8,24.2,23.0,35.6,44.0,19.2,31.0,9.2,5.1,19.8,30.7,19.0,4.0,9.9,13.0,16.2,22.2,31.0,49.0,26.7,14.1,14.0,28.7,16.2,17.0,21.4,32.0,10.1,16.2,3.0,8.0,13.3,4.1,13.0,24.5,27.6,27.0,29.3,24.5,14.1,16.2,27.3,12.0,11.1,14.9,47.1,52.0,14.0,10.1,12.1,5.0
1772615140.0574648,23.2,32.7,4.1,22.0,25.3,23.8,37.8,34.3,33.7,27.7,7.0,6.1,31.0,14.0,19.8,6.1,11.0,8.2,18.0,26.5,18.0,36.3,15.0,26.5,28.7,14.9,25.0,26.0,9.1,15.2,9.1,17.2,3.1,3.1,6.1,16.0,6.2,13.1,22.2,26.0,27.7,18.0,21.8,17.8,27.0,14.0,3.0,15.0,54.5,46.5,19.2,5.1,31.6,4.1
1772615141.0576138,33.7,33.0,3.1,20.8,30.6,25.5,37.6,35.7,27.3,32.7,4.1,4.1,21.2,21.2,18.4,6.0,8.1,11.1,17.0,21.2,20.2,26.3,12.1,20.2,24.0,13.1,18.2,23.2,23.2,17.2,13.3,22.2,7.1,8.1,6.1,15.2,14.0,3.1,30.3,23.2,20.4,25.3,16.2,14.0,18.2,25.0,5.1,13.0,43.4,44.4,5.0,5.1,4.0,7.1
1772615142.0580719,26.9,36.0,15.0,12.2,19.8,23.2,33.7,41.0,36.0,31.3,13.1,11.1,17.2,24.0,19.0,27.5,6.1,12.1,17.2,19.2,30.3,47.1,21.0,25.3,18.4,23.8,23.2,16.2,32.4,13.1,21.0,21.2,5.1,3.1,12.0,8.2,23.5,15.2,29.3,29.3,35.0,32.0,22.2,18.2,25.7,19.2,9.2,10.2,37.4,34.3,16.3,4.1,7.1,5.1
1772615143.0598116,39.6,24.5,5.0,22.0,26.3,27.3,26.0,45.0,31.0,30.7,2.0,4.0,16.0,29.0,16.2,32.3,9.2,6.9,16.2,18.2,27.6,33.3,20.4,9.1,13.0,25.0,13.9,17.0,18.4,24.0,25.0,24.0,3.0,6.0,10.1,5.0,23.8,12.1,19.0,17.2,31.0,28.7,15.8,13.1,21.0,13.3,9.0,7.1,42.0,37.6,22.8,5.1,10.0,6.0
1772615144.0606828,35.1,25.3,19.2,9.1,26.0,26.0,49.5,41.4,36.4,34.0,12.9,6.0,15.2,30.7,10.1,23.2,10.2,26.5,21.8,21.4,32.0,29.9,27.7,14.0,21.0,20.8,19.4,24.0,13.0,28.0,27.3,34.0,4.1,5.1,18.0,7.1,15.2,9.1,28.3,33.0,24.0,23.0,14.1,17.2,15.2,23.2,13.1,11.1,49.5,52.0,9.1,18.2,2.0,7.2
1772615145.0616515,41.7,21.2,19.4,11.2,29.3,35.0,47.0,41.2,31.0,26.5,5.2,6.1,27.0,17.2,3.1,21.2,6.1,14.0,21.2,18.2,26.5,22.0,27.7,11.3,17.2,28.3,18.4,23.2,16.2,18.2,26.0,18.2,11.3,5.1,10.2,11.2,11.1,20.2,28.3,24.2,24.2,30.0,18.6,19.2,23.0,19.0,9.2,8.1,46.0,49.5,21.0,27.3,15.2,6.1
1772615146.065391,38.8,26.7,23.0,4.0,29.0,25.3,39.8,38.6,31.7,32.0,12.0,12.1,28.0,20.2,17.2,8.0,12.1,10.1,21.0,18.2,22.0,15.2,24.2,15.0,15.0,21.0,21.0,18.8,28.3,28.3,20.2,22.8,3.1,3.1,13.3,11.0,16.2,22.0,27.3,27.3,26.0,37.0,13.9,20.0,22.4,26.3,10.0,12.2,53.9,54.9,3.0,23.5,41.4,4.0
1772615147.066555,32.6,33.0,24.0,9.0,25.0,25.3,39.6,31.3,26.0,36.0,3.1,10.1,25.3,21.0,18.2,4.0,10.1,11.9,20.0,20.0,18.2,34.0,19.8,25.7,10.1,18.0,18.0,20.6,16.2,21.2,19.4,15.2,5.0,5.0,3.0,17.2,18.2,17.2,24.0,31.7,36.6,31.0,15.2,21.4,19.8,16.0,11.1,5.0,59.4,58.0,4.0,23.0,38.0,6.1
1772615148.0672297,28.9,32.0,21.6,7.1,26.3,29.0,42.0,32.7,32.0,27.7,2.1,6.1,33.0,11.2,8.0,11.2,13.1,4.1,16.2,19.2,14.1,38.8,8.1,23.0,3.1,18.4,19.2,20.4,17.2,16.3,24.8,14.3,4.0,3.1,11.0,13.1,16.0,5.2,23.2,30.0,21.4,20.2,15.0,19.8,16.3,23.2,6.1,11.3,51.0,49.5,6.2,18.0,38.0,2.0
1772615149.0681179,25.3,38.2,24.8,7.1,35.1,29.6,42.4,41.0,37.6,35.4,6.1,11.2,14.1,18.4,4.0,21.2,15.3,9.0,22.8,23.0,23.5,39.2,23.8,27.6,16.3,11.1,22.0,25.0,17.3,28.7,18.2,22.2,4.1,4.0,6.1,18.2,18.4,16.8,30.4,29.6,30.7,29.7,20.2,16.3,28.7,16.2,12.1,13.0,53.1,52.5,18.0,10.2,45.5,4.1
1772615150.0681953,23.4,17.0,17.3,10.1,25.7,28.0,41.6,31.3,27.0,34.7,7.1,10.2,20.0,14.0,3.0,20.2,6.1,9.1,14.3,23.8,22.0,43.1,20.6,8.0,10.0,13.3,18.0,19.0,24.8,14.1,24.5,19.8,4.1,4.1,2.1,16.2,16.2,16.2,24.2,26.5,32.3,27.3,16.2,19.2,22.4,21.8,11.1,3.1,44.6,50.0,11.0,14.3,20.2,5.1
1772615151.0819485,37.4,21.8,3.0,21.8,20.0,20.0,31.0,42.2,27.7,36.6,7.8,6.0,18.8,28.0,7.0,20.8,9.0,7.1,19.8,17.0,49.5,30.7,30.1,14.0,25.5,14.9,12.7,15.2,27.0,26.7,13.7,19.0,4.0,3.0,6.0,14.9,15.7,18.0,27.3,28.7,34.6,30.7,20.8,12.7,22.5,15.8,10.9,5.0,46.1,47.1,10.8,13.9,27.7,2.0
1772615152.0889847,40.8,25.5,4.0,21.2,30.7,32.0,31.3,44.0,27.0,36.6,8.2,2.0,20.2,27.5,10.9,18.2,11.0,9.1,13.0,27.0,31.0,21.8,17.2,24.5,21.0,18.0,15.2,19.0,15.3,11.0,18.2,7.1,3.0,3.0,11.1,9.9,12.1,9.0,32.4,20.0,20.0,10.1,19.0,15.2,24.8,13.9,10.0,9.2,46.5,46.5,21.0,6.1,18.2,7.1
1772615153.0904691,35.1,28.0,4.1,21.8,18.4,26.0,39.2,34.7,24.0,22.0,2.1,10.0,25.3,19.0,2.1,18.0,6.1,11.0,22.8,16.0,25.3,32.0,8.1,22.0,16.8,21.0,17.2,16.8,16.0,23.2,16.2,10.1,5.0,3.0,9.1,10.2,6.1,20.2,19.6,25.0,10.1,13.0,17.0,14.1,25.3,10.1,10.2,7.1,53.9,43.4,4.1,3.1,19.8,9.0
1772615154.0913827,29.2,36.3,12.0,17.2,27.0,21.6,34.7,38.0,12.1,13.1,12.0,14.1,33.7,15.2,12.0,16.2,7.1,12.2,22.2,14.0,42.6,23.2,23.8,27.0,14.0,28.7,20.2,21.0,22.8,31.7,31.0,14.0,3.1,5.1,4.0,17.3,17.2,22.0,23.2,24.0,21.4,21.0,41.4,21.2,21.0,21.2,12.1,10.0,30.0,44.6,4.1,7.0,5.2,6.9
1772615155.0935297,24.7,38.0,2.0,20.2,20.2,29.7,27.0,36.6,10.9,8.1,4.0,4.0,26.5,17.0,1.0,19.6,9.0,7.1,10.9,25.0,36.4,29.3,23.0,7.1,11.9,23.0,18.0,16.0,16.0,15.2,21.0,12.1,5.0,5.1,2.0,12.0,14.1,16.0,17.0,11.2,26.0,21.2,13.0,19.2,16.0,27.0,4.0,8.1,36.4,39.6,21.0,6.0,4.0,4.0
1772615156.0957038,26.0,34.0,2.0,21.2,17.2,21.4,37.6,35.7,11.1,8.1,11.0,3.0,14.3,29.3,1.0,18.2,13.1,6.1,23.2,14.9,34.0,34.0,15.8,26.7,21.8,18.8,14.0,19.0,19.0,15.2,27.0,7.1,3.1,4.0,9.1,14.1,9.1,11.1,24.2,28.0,13.0,12.1,18.2,14.0,12.1,25.5,10.0,7.0,50.5,43.4,21.0,6.1,3.0,6.1
1772615157.0972147,24.5,39.6,23.2,6.1,36.0,29.0,35.4,42.4,21.4,22.2,4.1,5.1,24.0,21.2,24.0,2.1,9.3,9.2,19.0,19.4,31.7,13.1,9.3,25.3,25.3,19.0,19.4,22.0,19.2,23.0,22.0,23.0,3.1,3.0,9.1,13.0,20.2,10.1,22.2,28.0,21.2,15.2,21.6,17.3,26.5,13.9,6.1,11.1,52.0,42.6,21.2,4.0,3.0,6.0
1772615158.0977633,37.8,25.0,15.0,14.3,19.2,19.0,34.7,39.0,21.0,28.3,8.2,3.1,18.4,25.7,2.1,19.0,6.1,11.0,16.0,18.2,27.0,33.0,30.4,11.1,17.0,23.2,23.8,15.0,22.4,31.0,20.2,18.0,4.0,4.1,5.1,15.0,23.2,13.1,26.0,22.0,28.0,32.0,13.3,15.0,15.2,24.0,3.0,13.3,42.6,53.0,21.8,6.1,2.1,5.1
1772615159.0978942,36.5,32.0,23.5,6.1,30.3,35.0,39.6,35.7,34.0,31.7,13.3,6.1,24.0,21.0,20.2,7.1,7.1,14.0,29.3,25.7,41.4,25.3,13.3,26.3,17.0,25.0,19.2,18.2,31.7,19.6,21.4,14.4,8.1,3.1,19.0,3.1,21.4,12.4,24.5,28.6,32.3,40.6,17.2,23.0,25.8,23.0,8.2,15.3,53.0,48.0,23.2,5.1,5.1,5.2
1772615160.0989118,27.4,38.6,24.2,10.0,29.3,23.2,38.8,39.6,38.4,29.0,10.1,6.1,14.0,15.5,8.1,19.2,13.1,8.2,18.0,17.2,38.6,20.4,10.1,22.8,20.8,22.8,23.0,23.8,22.2,17.2,23.0,25.7,4.0,5.1,10.1,13.1,12.0,11.0,29.0,32.0,27.7,19.2,16.2,17.2,19.8,22.2,9.0,11.1,47.5,52.0,11.1,14.1,5.1,6.2
1772615161.0990047,21.1,34.3,12.1,14.0,20.0,23.2,33.7,30.3,22.8,22.0,4.1,3.1,17.2,15.2,17.0,1.0,6.1,10.1,27.3,19.2,33.0,22.0,27.0,22.2,21.2,20.8,19.0,15.2,13.3,32.0,17.2,18.4,2.0,4.0,14.9,3.0,9.1,10.2,25.7,21.4,15.2,24.0,14.1,22.0,22.4,16.0,5.1,10.1,45.0,44.4,18.0,5.2,3.0,5.1
1772615162.1011572,21.6,21.6,5.1,18.0,26.3,27.0,35.4,38.0,23.0,26.0,10.1,4.0,25.3,17.8,20.2,3.0,10.0,5.9,29.3,21.8,36.6,22.2,6.1,24.8,16.8,19.6,22.5,17.8,25.7,15.8,22.0,20.0,2.0,4.1,9.0,8.2,15.2,17.8,25.0,23.0,30.4,28.0,15.8,13.1,18.2,22.0,6.0,11.9,44.2,49.0,11.1,12.1,3.0,5.1
1772615163.1019783,31.2,30.6,22.4,7.1,22.2,20.2,38.0,33.3,34.3,31.0,4.1,22.2,23.0,22.8,16.2,6.1,9.4,7.1,19.0,22.4,38.4,17.3,24.0,25.7,24.0,15.3,16.2,16.3,26.3,29.6,11.1,10.1,4.0,4.1,3.1,16.2,16.8,20.2,25.3,22.4,34.7,33.7,18.0,17.2,27.3,26.3,10.4,8.1,48.5,39.8,12.0,13.3,4.0,6.1
1772615164.1023874,37.9,21.8,23.0,5.1,32.0,32.7,29.6,42.4,33.7,29.0,11.0,23.2,32.7,14.1,13.1,8.2,12.0,7.1,21.2,18.0,22.0,16.3,23.0,10.1,25.0,18.0,18.2,21.8,19.0,7.0,11.1,20.4,2.0,4.0,9.1,14.9,12.1,11.0,24.0,37.0,17.8,28.4,15.2,14.9,20.0,16.0,8.0,7.1,51.0,46.5,4.0,16.2,4.1,4.1
1772615165.1024702,28.4,38.0,16.5,17.2,30.6,24.7,33.0,45.1,27.6,36.0,4.1,8.1,24.2,22.4,22.0,4.0,14.3,5.1,19.6,20.0,18.4,19.2,26.7,13.1,21.4,21.2,20.6,18.4,27.3,17.2,26.3,28.3,4.1,3.1,15.0,9.1,6.1,17.2,23.5,19.2,24.2,18.4,23.0,17.2,29.0,11.1,12.1,10.1,45.5,52.5,5.1,5.2,5.2,5.2
1772615166.1039062,28.4,42.6,12.1,16.0,35.7,31.0,54.5,43.4,36.0,35.6,11.1,7.0,17.3,32.0,5.2,21.0,15.2,7.1,20.6,25.3,25.5,22.2,25.5,21.2,14.1,29.0,27.7,21.8,25.3,26.5,37.0,23.5,9.1,6.0,19.2,5.2,23.0,24.5,16.8,21.2,36.0,33.3,22.2,17.2,15.5,26.3,6.1,15.0,57.0,52.0,16.3,8.1,6.2,6.2
1772615167.1046872,31.6,28.7,9.2,21.0,28.0,25.0,42.4,36.0,31.0,26.0,19.2,6.3,20.8,20.2,5.1,23.2,17.0,8.2,23.8,18.0,49.0,51.5,28.7,20.2,9.9,20.6,20.0,13.1,25.5,27.0,8.2,24.2,7.1,6.1,15.0,7.1,21.2,20.0,21.4,25.0,35.0,33.3,19.8,16.3,19.2,24.2,4.0,13.1,40.4,48.0,23.5,5.1,6.0,7.0
1772615168.1056073,37.1,28.3,11.0,13.1,29.0,28.0,35.6,35.0,30.0,28.0,5.0,10.9,26.3,16.0,2.0,22.4,11.2,6.0,28.0,22.0,32.0,24.0,26.0,25.7,8.1,14.1,18.2,21.6,17.2,11.1,14.0,29.4,4.0,5.0,6.1,12.2,8.2,13.0,25.5,30.3,23.2,22.0,18.2,16.0,13.0,27.0,11.2,8.2,41.0,46.0,22.0,6.0,5.1,12.1
1772615169.1067648,26.0,32.7,23.5,1.0,27.3,23.7,31.3,41.6,29.3,29.3,5.1,4.1,26.3,15.3,7.0,16.0,14.7,5.1,24.0,15.2,22.0,20.0,14.1,15.2,12.1,10.2,13.1,16.3,25.0,17.0,23.2,9.3,4.0,2.1,17.2,1.0,11.0,12.1,28.0,19.0,26.3,14.1,19.2,18.0,17.2,21.8,9.0,9.0,50.0,53.5,9.1,16.2,4.0,7.0
1772615170.1072469,39.2,24.0,21.2,1.0,27.3,26.0,40.6,30.3,27.3,31.7,9.1,4.1,27.3,17.0,10.1,11.1,10.2,5.1,18.0,15.0,36.3,24.2,16.2,23.0,15.3,7.1,21.2,21.0,29.3,22.2,31.0,12.0,6.1,3.0,9.1,10.0,17.2,17.2,24.0,29.7,26.7,34.7,16.0,17.2,17.2,22.2,6.1,10.2,49.0,46.5,11.1,14.0,6.1,3.1
1772615171.1117518,26.3,31.7,6.1,18.2,28.7,25.0,31.3,35.4,21.0,21.0,9.1,8.2,25.0,19.0,16.0,2.0,6.1,5.9,17.0,15.8,40.0,38.6,19.0,16.0,7.0,16.0,14.1,11.1,20.2,12.1,16.0,16.2,1.0,3.1,1.0,15.0,13.0,18.0,21.0,27.0,33.3,33.3,15.2,16.0,17.0,27.7,3.0,13.0,47.5,39.6,21.0,3.1,2.0,5.0
1772615172.1122131,25.3,23.0,5.0,21.8,16.3,19.2,39.0,31.7,22.8,19.0,10.1,2.0,17.0,8.2,21.0,7.1,7.9,6.2,8.1,21.2,35.6,17.0,5.1,24.2,22.2,14.0,17.2,14.0,18.0,17.2,17.2,17.8,4.0,1.0,6.1,11.1,13.1,3.1,23.2,18.4,12.0,21.0,14.1,13.1,15.0,14.1,1.0,11.1,39.6,43.4,19.8,6.1,2.0,4.0
1772615173.1204891,8.5,34.3,5.1,23.0,30.4,30.0,38.6,36.0,17.6,11.0,7.0,4.0,19.6,9.8,19.0,4.0,14.0,7.0,16.8,22.8,19.0,38.2,24.5,26.5,24.5,15.8,20.6,13.0,16.0,16.8,31.7,22.0,4.1,5.0,6.0,15.0,5.0,17.0,27.3,24.8,11.0,10.9,17.0,19.8,14.0,26.2,5.9,16.0,50.0,49.0,16.0,8.2,6.0,4.1
1772615174.1224647,25.0,38.2,5.2,21.8,26.3,20.2,40.4,34.0,15.2,9.2,10.1,6.0,20.4,23.0,20.0,3.0,12.1,3.0,24.0,16.2,25.3,39.6,7.1,21.8,24.0,14.1,22.0,16.0,28.0,25.0,19.2,20.2,5.1,2.0,14.3,18.0,12.0,24.0,26.7,22.8,23.2,11.1,16.2,13.1,18.0,18.2,3.1,10.0,44.0,44.1,14.1,13.9,5.1,6.0
1772615175.1225476,21.5,36.0,22.2,6.1,21.0,22.2,36.0,37.0,21.2,19.0,11.2,2.1,13.0,34.3,15.3,2.0,7.2,8.2,15.3,18.2,33.7,34.3,18.2,30.3,23.0,17.0,9.3,16.2,30.3,21.4,13.1,15.2,1.0,4.0,15.0,1.0,16.2,17.2,25.3,24.2,27.6,19.4,15.2,20.2,24.2,17.3,2.0,11.3,47.5,42.4,11.3,11.2,4.0,7.1
1772615176.1226308,26.8,29.7,23.2,2.0,27.3,27.0,37.0,23.2,16.3,20.2,2.0,9.1,14.1,21.2,12.2,8.1,8.1,8.2,11.0,20.0,19.2,21.2,21.0,6.1,12.0,21.0,20.8,16.0,5.1,16.2,14.1,5.1,3.0,3.0,11.0,6.1,9.1,9.9,25.3,17.3,20.0,14.1,16.8,14.1,11.0,23.2,3.0,9.9,40.4,40.0,5.0,19.2,3.1,3.1
1772615177.1244252,31.2,36.0,26.3,10.2,26.0,21.2,34.0,45.5,26.3,22.0,9.1,7.0,23.5,29.0,8.0,20.0,6.1,14.1,23.0,21.8,20.0,19.8,26.7,18.0,14.7,27.0,18.8,17.0,15.0,29.0,30.0,11.2,7.1,5.0,19.2,9.1,10.9,15.2,24.5,23.0,20.8,27.3,16.3,22.8,15.0,23.0,14.0,7.1,49.5,48.5,5.1,11.0,7.0,9.0
1772615178.1245239,26.3,33.7,21.4,7.1,28.6,27.3,42.0,28.3,26.0,27.3,14.1,16.2,33.7,14.9,1.0,23.0,6.1,15.2,15.2,16.2,32.7,27.0,27.0,17.0,13.3,26.7,20.2,16.3,22.0,23.2,29.3,15.2,5.1,9.3,16.2,4.0,15.0,21.2,18.0,20.2,29.3,25.3,20.0,19.8,14.1,26.3,10.3,5.1,48.0,44.4,12.1,7.1,4.1,3.1
1772615179.1256452,21.9,34.3,23.0,5.0,17.2,18.0,38.0,34.0,24.8,19.2,8.2,4.1,20.8,17.2,2.0,14.1,4.0,7.1,11.1,18.8,22.4,21.4,16.0,15.2,13.9,22.8,10.0,12.9,25.3,27.7,10.2,19.8,6.1,3.0,8.2,9.1,14.3,16.3,23.0,18.0,38.0,32.7,13.1,12.1,22.2,17.2,12.9,4.0,38.0,48.0,2.0,22.2,4.0,4.0
1772615180.1283236,32.3,32.4,16.0,11.1,21.0,25.7,37.6,29.4,31.7,23.5,7.9,8.9,23.8,17.2,4.0,15.2,7.0,8.0,18.0,14.9,23.0,27.7,30.7,13.1,16.8,21.8,20.8,14.9,12.9,15.8,20.6,17.0,6.0,3.0,2.0,15.0,9.0,16.0,25.5,22.0,25.7,25.0,17.8,16.0,20.8,14.0,4.1,11.1,34.7,33.7,3.0,23.3,3.0,4.0
1772615181.1327045,23.7,35.4,5.2,21.2,25.0,28.3,35.4,35.7,28.9,27.0,5.1,3.0,23.0,28.3,3.1,21.0,10.2,4.0,15.0,20.4,14.3,28.7,25.7,11.1,23.8,13.1,18.2,15.5,24.2,26.0,23.2,7.2,2.0,4.0,11.1,4.1,14.3,3.1,24.2,28.7,25.3,15.2,13.1,10.3,21.2,20.0,5.0,12.1,45.5,43.9,3.1,21.4,3.1,4.1
1772615182.1341896,31.9,33.0,6.3,23.8,21.6,21.0,28.6,45.5,31.7,28.7,10.2,13.4,11.2,31.4,18.0,3.0,10.1,10.1,12.2,20.2,24.0,33.0,27.3,13.9,25.0,13.0,28.7,13.0,22.0,28.6,19.2,23.0,29.3,3.0,14.1,4.0,19.0,20.2,18.2,28.6,28.3,34.7,25.0,15.2,22.2,18.2,7.1,9.1,52.5,43.1,3.0,22.4,4.1,5.0
1772615183.136214,30.9,32.7,16.0,22.4,30.3,19.2,31.0,42.6,28.3,30.0,5.1,5.1,16.0,14.3,22.0,2.0,12.0,8.1,25.0,16.0,27.0,25.5,27.0,12.2,27.3,13.0,21.2,15.3,19.0,27.3,8.1,9.2,25.0,3.1,12.0,7.1,15.0,21.2,20.4,26.3,37.0,28.9,14.1,17.0,16.0,26.0,7.0,11.0,55.0,40.4,10.0,19.0,3.1,5.2
1772615184.1386917,21.4,31.7,14.1,21.6,22.0,26.0,37.6,31.6,29.7,30.0,5.0,8.1,22.2,15.2,20.2,1.0,11.0,10.1,16.0,16.0,16.3,27.0,21.8,15.3,18.8,21.0,21.0,19.6,18.0,9.1,14.9,12.0,1.0,4.0,5.1,12.9,10.3,12.9,29.3,20.8,29.4,19.8,20.8,17.0,17.2,22.0,4.1,10.1,47.6,48.0,5.1,19.2,4.0,5.1
1772615185.1401486,17.5,26.7,2.0,22.0,24.2,27.7,36.0,35.6,30.7,27.7,5.1,5.9,16.0,28.7,18.0,5.0,11.2,19.8,23.0,11.0,17.0,8.1,17.0,23.8,26.3,14.0,15.2,12.0,16.8,19.8,16.0,6.1,3.0,3.0,2.0,14.1,13.9,2.0,8.0,16.0,23.0,18.0,12.0,13.1,21.8,13.0,10.9,6.0,45.5,44.0,13.0,12.0,4.0,3.0
1772615186.1402287,36.8,27.3,4.0,22.2,19.8,17.3,44.3,33.7,25.5,29.3,9.2,12.4,20.4,24.2,20.4,4.1,11.2,7.1,16.0,23.5,28.6,27.3,10.2,20.0,24.2,13.1,20.0,21.2,29.6,28.9,19.2,23.5,2.1,4.1,3.1,16.3,15.2,20.4,13.1,17.5,36.4,29.6,18.4,18.0,23.5,17.3,11.2,3.1,46.9,39.8,13.1,10.4,7.2,5.1
1772615187.1425455,31.3,36.6,3.1,22.0,28.0,28.3,40.6,46.5,32.0,31.0,5.1,12.1,17.6,28.7,20.2,3.0,7.9,11.1,25.3,15.0,41.4,49.5,35.6,17.0,22.8,11.1,28.3,14.1,19.0,15.3,19.2,12.0,4.0,5.2,3.0,16.0,24.0,16.0,13.1,17.0,33.0,33.0,19.2,17.2,21.0,21.4,12.1,5.0,52.0,41.6,7.1,23.2,3.1,5.1
1772615188.14263,26.0,33.3,3.0,21.0,21.2,22.2,27.3,40.0,30.3,28.7,3.1,2.1,31.0,14.1,21.0,2.0,8.1,7.1,13.0,22.0,41.6,25.3,15.0,21.2,13.3,8.1,14.1,17.2,23.2,16.8,18.2,19.0,4.0,4.0,14.3,9.1,4.1,17.5,19.0,20.0,20.2,24.2,14.9,18.2,10.2,23.8,11.1,3.0,46.1,46.5,3.1,5.1,3.0,9.2
1772615189.1427174,41.1,22.8,6.4,18.0,25.3,22.2,37.0,37.0,32.7,30.0,11.1,5.1,18.4,30.0,18.2,5.1,11.2,8.0,14.3,22.2,40.6,19.2,27.3,22.0,12.0,8.1,16.0,22.2,27.0,16.3,16.8,25.3,4.0,6.1,28.0,11.2,6.2,14.3,20.2,22.2,26.7,16.2,15.5,15.2,18.0,21.2,5.1,10.2,58.6,53.0,13.1,4.2,3.1,5.1
1772615190.142804,34.7,24.5,6.0,22.2,19.2,23.5,36.4,33.3,28.3,28.3,5.1,9.2,28.0,13.1,19.0,1.0,8.2,4.0,11.1,19.2,38.4,32.3,22.0,7.1,13.3,4.0,15.0,14.9,27.3,28.3,16.3,16.0,2.0,2.0,22.4,3.0,26.3,27.0,25.0,23.5,33.0,34.3,17.0,17.0,16.2,23.0,2.0,12.9,46.0,50.0,22.2,4.0,5.1,4.0
1772615191.1450417,29.5,32.3,5.1,20.2,15.0,25.5,46.1,25.5,17.2,20.0,10.1,4.0,23.0,22.0,18.0,3.1,8.1,8.1,17.8,17.0,46.0,29.7,24.8,19.8,9.0,13.0,20.2,11.2,21.2,12.0,18.0,17.2,6.0,3.0,13.0,5.0,25.0,13.1,20.0,28.7,20.2,26.5,14.1,14.0,23.8,18.0,8.2,11.1,46.5,45.0,21.6,4.0,5.0,5.1
1772615192.145117,32.7,29.3,4.1,21.0,28.3,23.5,29.3,33.0,9.1,8.0,5.1,4.0,23.0,21.0,15.5,1.0,6.1,8.0,17.2,19.0,24.0,23.0,20.2,14.1,10.0,23.5,13.0,15.8,14.1,10.2,5.1,4.0,1.0,5.1,13.4,1.0,13.3,4.0,23.0,33.7,8.1,17.3,17.0,19.2,18.2,14.1,10.9,1.0,42.0,44.6,21.2,4.0,3.0,4.1
1772615193.1451938,36.2,25.7,5.1,21.2,19.4,23.0,34.0,37.6,23.0,18.0,6.1,7.1,28.0,19.0,20.8,3.1,11.0,5.1,23.2,16.0,34.3,18.2,23.8,5.1,23.2,15.0,14.0,19.0,24.0,24.8,14.1,13.0,4.0,7.0,16.2,2.0,13.1,8.1,15.0,19.2,5.1,16.3,14.1,15.2,22.8,18.0,12.1,5.1,36.3,34.0,23.0,6.2,2.0,6.1
1772615194.1452813,35.4,25.0,5.2,19.8,22.2,22.7,41.0,34.0,26.0,19.0,19.0,8.1,19.0,19.2,6.0,18.0,8.1,9.1,21.8,14.1,29.0,30.3,28.0,18.8,14.9,28.7,19.2,21.2,17.2,26.0,20.0,24.2,3.0,2.0,18.2,3.0,18.4,12.0,10.2,19.6,21.4,8.0,20.0,17.3,19.2,20.0,15.8,5.0,40.0,33.0,15.2,11.2,4.1,7.1
1772615195.1464343,13.8,34.7,3.9,20.2,28.0,21.8,31.0,32.7,24.8,8.1,14.3,5.1,11.0,12.1,11.0,9.1,7.0,7.1,17.2,13.3,37.0,26.3,10.0,26.7,11.0,24.0,12.0,15.2,16.2,18.2,13.0,21.8,4.0,2.0,6.0,8.0,18.0,15.2,23.0,17.0,22.0,24.0,13.1,16.7,20.0,17.2,11.1,1.0,38.0,51.5,5.0,17.0,4.0,7.1
1772615196.1471457,19.8,26.7,9.3,15.0,22.2,24.0,38.4,36.6,27.6,14.0,5.1,15.0,26.3,15.3,14.1,9.0,6.1,10.1,21.0,17.8,38.4,29.3,11.1,27.0,28.0,15.2,18.4,23.2,11.2,24.2,15.2,29.3,6.1,5.1,11.0,11.1,13.0,22.2,23.5,30.3,26.0,26.3,21.0,14.4,17.2,28.3,16.0,4.0,45.5,49.0,4.0,24.0,4.0,7.1
1772615197.1472378,37.9,37.0,30.6,8.1,42.4,37.4,39.0,42.3,34.7,35.4,6.2,9.2,34.7,15.2,4.0,21.4,15.2,13.3,21.2,20.2,21.2,20.4,12.2,28.6,22.2,25.0,17.2,20.0,25.3,19.2,24.0,21.0,6.1,10.1,11.3,17.2,11.2,14.0,37.4,24.0,22.4,34.3,22.0,18.2,13.0,29.3,14.0,8.2,50.5,46.0,12.1,22.2,6.1,6.3
1772615198.1473215,34.4,27.0,17.3,24.0,21.0,25.3,30.6,33.7,27.7,31.0,3.0,32.7,26.7,16.0,2.0,17.3,6.2,8.1,19.0,17.0,51.5,34.0,11.1,24.5,24.8,14.1,20.8,20.2,30.3,26.3,26.3,13.1,4.0,5.1,6.1,8.1,16.3,18.4,31.0,16.5,21.0,29.0,23.2,15.2,13.0,27.0,7.1,9.1,33.3,58.6,11.1,14.3,4.0,5.1
1772615199.152424,24.5,31.4,22.0,1.0,22.0,25.0,42.6,26.3,24.5,30.0,11.1,4.0,29.0,13.9,0.0,20.0,9.0,3.0,16.0,15.0,44.6,21.0,26.7,16.8,17.8,21.6,14.1,17.0,10.0,15.8,8.0,15.2,3.0,3.0,13.1,3.0,15.0,19.8,16.8,31.4,31.0,34.0,13.0,14.1,26.0,22.8,2.0,11.1,46.0,39.6,17.0,7.0,7.1,5.1
1772615200.1554234,33.7,26.7,13.9,15.0,21.2,21.8,37.3,31.4,27.3,28.7,4.0,9.1,31.4,16.2,3.0,14.9,5.0,11.0,17.8,14.9,39.0,20.2,22.8,3.1,16.2,20.8,20.0,12.1,18.0,8.1,8.0,16.0,5.1,2.0,3.0,12.9,14.1,13.1,19.2,23.0,26.5,28.0,17.0,17.8,22.5,8.9,3.0,12.0,46.2,44.1,9.1,7.0,6.0,7.0
1772615201.1555083,39.6,26.3,15.3,14.0,16.2,20.4,36.7,35.7,29.3,24.2,3.1,4.1,21.0,22.0,3.0,20.2,7.1,10.1,20.0,17.3,19.0,18.8,32.0,15.3,16.0,24.0,15.8,18.8,24.2,22.4,8.2,2.0,3.1,2.1,3.0,15.2,15.2,2.0,21.0,35.7,24.5,17.0,18.0,18.2,13.3,22.2,9.0,8.1,42.4,45.5,4.1,11.3,3.1,5.1
1772615202.1555948,17.0,32.7,22.2,2.0,30.0,27.3,39.0,35.0,27.3,29.6,10.1,3.1,31.6,12.2,13.1,4.0,9.1,5.1,17.2,14.0,12.2,29.0,21.8,8.0,12.1,23.0,18.2,15.0,21.0,15.0,13.1,10.0,2.0,4.0,7.1,11.2,17.2,9.2,21.2,23.5,24.8,20.0,15.2,12.1,22.0,15.2,11.0,5.0,46.0,46.0,10.1,15.0,1.0,4.1
1772615203.1588836,34.7,31.7,24.2,7.0,21.4,18.8,35.0,31.0,34.0,28.0,9.1,9.0,19.2,25.0,22.0,3.0,7.0,11.0,21.0,15.0,18.2,30.3,26.0,16.2,14.7,24.2,16.0,17.2,28.3,20.2,11.0,3.1,5.1,4.1,15.0,6.0,13.0,20.2,25.3,20.8,38.0,33.0,16.2,20.0,23.2,23.2,6.1,9.2,42.6,55.4,4.0,23.0,4.0,5.1
1772615204.1606495,27.4,31.3,23.2,7.1,25.5,34.0,36.0,35.7,30.3,26.5,3.1,9.1,18.2,24.0,20.8,2.0,9.3,5.1,17.2,20.0,30.6,21.4,21.0,19.0,19.0,19.2,19.8,22.0,19.2,5.2,9.1,26.0,3.1,3.1,16.2,3.1,12.0,21.2,22.0,17.2,29.0,26.3,19.0,16.0,25.0,15.8,8.0,10.1,43.6,48.0,2.0,21.2,5.1,7.1
1772615205.161521,34.7,36.3,19.6,13.3,32.0,24.5,38.4,35.3,29.0,29.3,6.9,6.1,22.5,18.8,20.4,4.0,16.2,9.1,24.0,18.2,28.3,30.0,17.3,14.3,17.0,25.5,20.2,19.2,29.3,24.0,25.0,22.4,12.9,6.1,10.1,19.0,9.2,12.0,28.3,20.2,32.0,19.2,21.2,19.2,12.2,28.3,6.2,12.1,47.5,48.0,4.1,23.0,6.1,7.0
1772615206.164551,33.7,24.2,6.1,25.7,26.3,34.0,33.3,46.0,24.0,23.0,12.2,8.0,17.3,10.2,18.2,13.0,7.1,9.2,21.6,21.2,30.1,22.2,22.0,29.0,25.7,19.8,20.8,19.2,35.4,20.2,18.2,25.3,4.0,4.1,3.1,17.0,13.1,11.1,24.0,27.0,23.2,22.8,16.0,17.0,16.7,25.7,8.1,12.0,35.0,37.4,4.0,24.2,5.1,5.2
1772615207.166223,21.9,27.7,17.3,10.1,21.0,27.0,40.0,31.7,32.0,28.3,5.1,7.1,23.0,18.2,20.0,2.0,13.1,6.1,19.2,18.0,39.8,34.3,22.0,9.1,24.8,12.1,18.2,20.8,15.2,14.0,24.2,13.0,4.1,2.0,12.0,8.2,13.1,23.2,24.0,23.2,34.0,32.7,20.0,16.0,21.0,18.0,9.1,11.9,43.4,45.5,11.2,12.1,5.0,4.0
1772615208.1688616,36.7,30.3,21.8,29.0,23.2,28.6,44.4,40.8,28.3,33.7,2.1,13.3,18.6,27.7,21.0,2.0,11.1,9.0,18.0,18.2,28.0,31.7,24.0,20.2,20.2,17.0,17.3,21.2,27.0,21.0,35.0,27.3,3.0,3.0,1.0,16.0,13.3,21.2,27.0,23.0,33.3,30.3,19.4,16.2,22.4,23.0,9.1,7.1,56.4,44.0,18.0,10.1,2.0,6.1
1772615209.173657,34.4,26.5,28.3,33.3,27.0,31.7,49.5,43.0,31.0,33.7,5.1,7.1,34.0,7.1,19.0,1.0,10.1,6.1,15.0,22.8,36.0,39.0,18.6,21.8,19.2,5.1,16.8,17.2,29.3,15.3,11.2,22.2,4.0,7.9,6.1,14.1,5.9,15.3,30.0,26.3,24.8,23.2,16.0,16.8,21.0,20.0,11.1,4.0,46.5,46.5,14.0,12.1,5.0,4.0
1772615210.1747305,42.3,27.3,13.1,28.0,16.2,14.1,32.0,30.7,27.3,25.7,3.0,10.0,24.0,19.8,18.2,3.0,6.0,6.2,13.9,17.0,36.6,19.0,9.1,15.2,5.0,14.0,14.0,20.8,19.8,27.0,9.1,11.0,1.0,2.1,3.0,15.0,8.2,7.9,23.0,24.0,15.0,25.5,14.1,10.2,20.2,12.0,8.1,3.0,49.0,36.3,8.1,16.0,2.0,5.1
1772615211.1761193,29.5,36.6,8.0,24.8,33.3,30.0,40.6,39.0,23.8,28.3,14.0,24.2,23.0,23.2,21.2,6.1,14.1,9.1,23.2,26.0,44.6,26.0,23.0,29.7,9.2,17.0,17.2,26.0,29.0,22.2,12.2,26.3,6.1,6.1,18.2,7.1,20.2,22.4,28.0,22.4,16.2,26.3,19.8,22.0,23.2,18.2,14.1,8.2,55.4,58.6,4.0,14.3,5.2,7.1
1772615212.1762056,27.1,43.0,4.1,22.2,36.0,32.7,41.4,35.7,24.5,30.7,14.4,14.0,19.2,26.0,7.1,15.2,8.2,10.0,10.1,30.0,45.5,22.4,24.2,7.1,5.1,18.4,19.0,21.0,29.0,16.0,17.2,28.0,4.1,7.1,9.0,13.1,19.6,21.0,20.0,30.0,18.8,30.3,16.2,16.7,24.2,27.0,11.1,8.2,57.0,58.4,5.1,5.1,4.1,6.1
1772615213.1801713,27.8,35.3,5.1,24.0,19.4,22.2,39.0,29.7,14.0,21.2,3.0,3.1,14.1,14.0,4.0,20.0,13.3,5.1,10.0,24.2,44.0,24.0,14.1,24.0,12.2,22.2,14.1,17.2,27.3,25.0,12.2,22.0,5.1,8.0,10.1,17.2,22.2,17.3,21.4,25.0,17.0,19.6,13.3,22.2,16.0,20.0,6.1,11.9,39.4,46.9,17.0,10.1,6.1,9.2
1772615214.182741,39.4,24.8,7.0,21.6,28.4,34.7,35.6,39.0,15.0,11.9,3.0,12.7,12.9,16.8,3.1,17.0,11.0,6.9,21.8,16.0,32.0,19.6,30.1,12.9,18.6,28.2,24.0,17.6,16.8,25.0,22.3,24.0,3.0,26.7,9.1,10.9,12.7,17.6,30.7,26.0,6.1,18.6,16.7,15.0,14.7,25.7,6.9,10.1,47.1,48.5,22.0,5.0,5.0,6.1
1772615215.1863294,36.8,24.2,9.2,21.0,23.7,17.2,37.0,35.0,14.3,8.1,6.0,5.1,10.3,15.3,22.4,2.0,4.0,12.2,31.0,27.0,33.0,35.4,21.2,10.1,17.8,22.2,16.2,12.2,22.4,16.3,3.1,24.2,2.0,4.1,9.2,13.1,13.3,21.4,26.5,22.4,18.2,18.2,14.1,23.5,21.4,14.3,3.1,11.0,41.6,46.5,21.2,3.0,3.1,4.0
1772615216.1878471,21.1,39.0,19.2,8.2,20.2,20.2,39.0,28.6,23.2,19.2,17.5,32.3,14.9,11.0,18.8,3.0,9.2,5.1,18.2,16.2,39.4,32.7,22.0,24.0,16.2,20.8,22.8,14.3,20.2,11.1,17.0,24.0,5.1,4.0,4.0,16.0,21.0,12.0,22.8,21.2,38.0,32.7,18.2,12.1,23.0,23.2,3.0,12.2,46.5,44.0,22.5,3.0,9.0,4.1
1772615217.1884007,33.0,30.0,16.3,11.2,29.3,29.7,35.4,37.4,21.0,24.0,4.0,4.1,15.2,9.1,8.1,13.0,11.2,7.0,17.8,17.0,31.7,31.4,24.0,9.0,13.9,25.0,14.3,16.2,25.7,20.0,18.2,10.2,6.1,2.0,3.1,18.2,14.3,4.1,17.3,12.1,22.2,30.1,17.0,21.0,21.2,19.0,5.1,10.1,48.0,41.4,14.4,21.2,24.5,8.0
1772615218.188795,23.7,24.0,22.2,7.1,19.2,15.2,25.3,43.6,27.3,30.0,4.1,5.0,22.2,17.2,3.0,12.2,7.1,5.0,18.0,16.0,37.0,22.4,18.2,11.3,13.1,27.7,10.0,15.0,27.3,20.2,17.2,13.1,3.0,4.0,4.0,15.8,11.0,6.0,25.3,23.2,18.0,21.2,15.0,12.4,21.8,13.0,3.0,11.0,41.6,48.5,11.0,11.1,32.7,1.0
1772615219.1892965,23.7,20.8,24.8,8.1,27.3,21.2,41.4,33.3,31.0,29.0,9.2,7.1,25.0,22.8,1.0,22.0,12.1,5.1,16.2,21.4,16.2,9.0,32.4,16.3,13.0,25.0,21.0,20.2,13.3,8.1,27.0,19.0,3.1,5.1,3.0,15.2,17.2,18.2,17.0,30.3,30.0,19.4,16.2,15.0,24.2,13.0,13.0,6.1,37.0,44.0,3.1,3.1,29.3,4.0
1772615220.1905954,30.5,27.0,12.4,19.0,28.3,28.0,38.4,40.4,30.0,35.6,3.0,12.1,30.3,18.2,14.0,8.0,6.1,8.2,22.0,15.0,23.0,28.3,13.0,16.8,25.3,17.0,13.1,12.0,26.0,22.0,14.1,41.0,3.0,3.0,5.1,13.0,13.1,22.8,24.0,25.7,29.0,33.0,17.0,22.0,22.0,14.7,6.1,10.2,43.6,35.7,4.1,3.1,35.4,4.0
1772615221.1911168,32.3,28.7,15.0,8.9,19.0,15.3,25.0,38.2,29.3,26.0,10.1,6.1,14.7,17.0,17.0,1.0,6.0,9.9,13.1,17.0,21.2,25.5,17.2,28.0,18.6,18.8,13.1,17.8,25.7,12.1,9.0,9.1,4.0,1.0,2.0,11.1,6.1,16.3,22.0,24.0,30.1,34.7,14.3,17.2,25.0,19.2,7.0,8.9,51.5,37.0,3.0,6.0,28.4,4.0
1772615222.192626,25.3,37.0,21.6,5.1,27.0,20.0,37.6,32.7,22.8,28.3,4.1,7.1,11.2,14.1,8.2,13.0,7.1,6.1,26.0,24.0,33.0,11.2,22.0,14.1,17.2,21.0,15.0,9.2,21.4,18.8,13.1,12.2,3.1,2.0,5.1,15.0,14.1,12.2,28.3,28.6,18.2,21.2,17.0,17.0,10.1,26.3,4.0,9.2,48.5,43.6,4.0,4.1,12.2,5.1
1772615223.192744,30.2,28.0,22.2,6.0,21.0,22.4,43.4,30.0,21.2,17.0,9.0,4.0,26.0,12.1,1.0,17.0,10.1,5.0,10.1,21.8,27.7,6.9,23.2,12.0,20.0,17.8,14.1,19.8,21.0,10.0,27.3,11.9,2.0,4.0,6.1,12.0,30.0,14.0,34.3,27.7,20.2,22.8,12.0,12.1,11.1,22.0,10.0,7.9,44.6,47.0,5.0,7.1,10.1,3.0
1772615224.1949153,35.4,25.0,17.3,1.0,20.4,17.0,40.0,29.3,25.3,34.7,9.1,5.0,33.0,10.1,7.1,21.0,14.0,6.0,13.1,18.2,42.0,39.6,28.4,16.2,14.0,24.0,16.0,13.1,20.2,11.3,22.0,11.1,2.0,4.0,21.2,14.1,21.2,17.2,24.2,14.0,28.7,30.0,18.2,13.0,11.0,26.0,11.2,4.0,39.0,46.0,10.0,17.2,8.0,4.0
1772615225.1965077,30.9,28.0,25.3,3.0,27.0,27.3,40.4,32.0,31.7,32.3,5.1,13.3,24.0,20.2,19.0,3.0,11.1,5.0,16.0,16.0,39.4,28.9,19.2,8.1,16.7,20.0,16.2,23.5,31.0,26.3,25.0,18.4,4.0,3.0,6.1,14.1,21.4,15.2,17.0,11.2,35.4,33.3,12.2,22.4,20.0,23.0,11.1,6.1,47.5,51.0,12.1,12.2,5.1,6.1
1772615226.1973217,30.9,33.0,15.8,10.0,26.3,23.2,29.0,42.4,29.0,30.7,10.3,8.2,17.2,27.3,21.2,6.1,12.1,4.1,15.8,25.3,35.0,24.0,31.7,23.0,21.8,22.2,13.1,17.8,22.2,16.0,25.0,14.1,3.1,5.1,5.1,19.8,4.1,16.2,13.3,25.0,26.0,20.0,14.1,12.1,13.1,22.2,12.1,5.1,38.2,50.5,16.3,6.3,4.1,5.1
1772615227.2001138,37.8,24.0,5.0,22.2,20.2,20.0,35.4,35.6,27.0,30.0,7.1,24.0,30.7,14.9,1.0,22.2,10.3,2.0,14.3,21.0,30.7,23.0,17.8,13.1,19.2,19.8,19.0,18.0,13.0,17.2,23.0,20.8,3.0,6.1,9.1,7.1,18.0,12.9,15.0,11.1,23.0,17.8,20.0,17.8,13.1,23.0,10.1,3.1,42.6,45.0,12.0,5.0,4.0,4.0
1772615228.2011151,35.7,29.7,17.3,20.8,31.3,26.0,25.7,43.0,34.0,31.7,7.0,11.9,20.2,26.7,3.0,19.0,8.0,8.9,13.7,19.6,31.3,37.6,15.0,24.8,21.0,17.2,15.0,15.2,15.2,27.0,9.3,21.2,4.0,12.1,5.1,13.0,12.1,20.6,14.0,15.0,29.3,35.0,17.8,15.2,13.9,24.5,8.0,9.1,45.0,47.1,2.0,6.9,4.0,5.1
1772615229.203173,21.9,28.0,21.4,4.0,19.2,18.4,35.7,33.3,31.3,26.0,6.1,10.1,26.7,19.0,2.0,20.0,10.2,9.3,16.2,19.8,46.5,30.3,21.8,16.2,10.9,16.0,21.0,13.1,17.3,18.4,23.0,16.5,3.0,5.1,10.1,9.1,18.8,10.1,16.2,24.5,40.0,29.0,19.0,15.3,28.0,17.8,7.0,10.0,47.0,45.5,17.0,9.3,3.1,5.0
1772615230.2064583,22.3,21.8,19.8,6.0,28.7,24.0,43.0,31.3,22.8,19.2,11.0,5.1,12.0,29.0,2.0,16.0,4.0,12.0,18.0,16.8,14.9,15.8,18.2,11.9,12.0,11.0,12.1,14.0,28.3,21.0,13.0,24.0,7.0,3.0,5.0,14.1,4.0,12.1,22.2,22.8,20.8,15.0,14.1,12.0,18.0,15.0,5.1,13.3,49.5,41.0,20.8,5.0,5.1,3.1
1772615231.2071083,29.9,30.7,3.0,21.2,26.3,19.2,54.0,35.0,17.0,24.0,3.0,7.1,18.2,25.0,3.0,21.2,11.0,7.1,18.4,17.2,23.2,27.0,22.8,26.3,3.1,15.3,13.0,19.2,14.0,10.0,26.0,24.0,3.0,4.0,6.1,12.1,17.2,13.1,30.3,23.5,8.2,11.1,13.1,13.1,15.2,15.2,8.1,8.1,45.5,44.4,21.0,5.1,2.0,6.2
1772615232.2094357,36.1,28.0,12.4,13.9,27.0,26.3,44.0,39.4,22.2,26.0,10.1,5.1,21.0,26.7,4.0,18.0,13.0,9.0,18.8,22.5,43.6,46.0,12.0,19.0,16.2,11.0,18.0,19.2,20.2,25.7,16.5,21.8,8.9,4.0,8.0,15.0,14.1,23.0,19.0,27.0,20.0,21.2,22.0,15.3,21.0,22.0,10.1,11.0,46.0,37.4,6.0,22.0,5.0,7.1
1772615233.2095253,27.8,33.3,5.0,21.4,28.9,23.2,34.0,41.0,22.4,20.4,14.9,6.1,26.0,12.4,3.0,20.2,10.2,8.1,15.3,20.2,36.7,42.4,29.3,12.0,14.0,12.2,22.8,15.2,22.0,22.2,18.0,18.6,4.1,4.1,9.2,14.1,20.4,11.0,15.0,9.2,24.2,24.2,22.0,16.2,21.2,20.0,15.0,6.1,40.0,51.0,5.1,22.2,6.2,6.0
1772615234.2098558,34.0,37.0,4.0,22.8,31.0,26.0,46.5,37.4,26.3,30.3,5.2,12.1,11.2,21.2,4.1,22.4,11.3,14.1,22.0,20.0,20.2,33.7,27.7,13.3,30.3,19.0,19.4,18.2,20.2,26.3,23.0,21.0,6.1,13.1,12.2,10.2,20.2,4.1,32.3,26.0,25.3,14.4,20.2,17.3,16.2,29.3,17.2,9.2,55.6,63.4,6.0,23.0,3.1,8.2
1772615235.2100995,34.0,29.7,4.1,22.2,30.3,31.0,37.4,33.3,36.6,29.3,5.1,5.1,28.3,17.3,8.0,17.2,13.0,5.1,20.2,16.8,39.6,29.0,20.2,18.4,17.0,24.8,19.0,19.0,10.3,21.4,25.3,15.2,5.0,12.2,4.0,16.0,22.2,14.1,37.4,25.3,21.2,22.0,22.0,15.3,21.0,18.2,14.1,4.0,49.5,54.0,8.2,15.3,6.1,6.0
1772615236.2143404,33.7,38.2,8.0,21.6,18.8,18.8,35.4,35.0,19.0,20.0,9.0,5.1,25.7,17.0,9.0,12.9,3.0,11.1,16.0,15.3,38.6,26.0,22.0,16.8,19.8,18.2,13.0,18.0,17.0,17.8,13.0,18.0,3.0,3.0,7.1,12.0,12.0,18.2,22.0,24.2,24.0,34.7,14.1,16.0,18.2,20.0,16.0,9.1,45.0,43.1,15.0,8.0,2.0,4.1
1772615237.2151358,30.9,31.7,12.2,11.2,26.3,22.4,40.0,29.3,26.5,24.2,3.1,13.3,13.1,31.4,2.0,21.8,3.1,12.1,21.8,15.8,45.5,29.6,14.0,16.2,21.2,21.6,22.0,19.0,27.0,33.7,27.0,17.2,5.1,3.0,14.1,3.1,16.2,14.1,26.0,23.0,34.0,27.3,19.2,17.2,24.2,21.0,21.2,15.3,37.0,50.5,12.1,13.3,15.0,4.0
1772615238.2152202,27.8,25.3,26.0,3.0,23.2,25.5,34.3,33.0,32.0,31.0,9.1,6.0,26.3,17.0,2.0,20.2,12.1,5.2,23.0,14.1,16.0,19.0,21.4,25.0,17.8,24.0,16.3,15.2,20.2,12.9,20.4,13.0,3.0,2.0,16.3,1.0,12.2,4.0,28.3,19.4,24.2,28.0,14.0,18.0,23.0,19.0,12.0,19.2,48.0,47.0,13.0,10.1,22.2,4.0
1772615239.2154398,24.2,18.0,21.2,5.0,22.8,19.8,35.6,37.3,26.7,30.0,5.9,5.0,11.1,35.0,2.0,20.8,7.9,11.0,21.0,11.2,22.8,15.0,18.6,14.9,19.0,19.8,21.8,18.8,10.0,20.0,25.7,15.8,4.0,4.0,18.8,2.0,19.6,15.0,31.7,22.8,16.8,26.5,13.0,16.0,21.8,15.8,11.2,26.5,49.0,47.1,18.8,5.9,17.8,8.8
1772615240.2192807,23.7,17.6,15.8,14.0,27.3,30.0,39.6,27.6,29.4,31.4,4.0,8.0,22.0,18.0,3.0,20.0,8.1,8.9,18.0,20.6,32.0,26.0,23.8,18.8,13.7,26.0,16.0,16.8,24.5,16.0,8.0,18.2,5.0,3.0,17.2,1.0,12.0,23.2,29.0,21.4,30.4,32.0,13.1,21.0,19.8,18.8,15.0,40.6,42.6,47.0,3.0,3.1,2.0,4.1
1772615241.2201319,23.7,18.4,21.9,7.1,17.5,27.3,37.4,35.4,32.7,28.6,6.2,10.3,30.3,18.0,1.0,22.2,11.5,4.1,22.0,17.2,14.3,30.3,20.0,16.3,12.2,29.3,19.0,22.4,31.3,15.3,13.3,27.8,5.2,3.1,9.2,13.1,17.5,13.4,24.5,23.2,24.7,33.3,17.3,16.2,15.3,23.5,11.2,8.2,42.4,53.0,8.2,15.2,30.6,6.2
1772615242.2229345,28.1,34.7,23.8,6.0,24.8,27.0,29.0,44.6,29.3,33.0,7.0,4.1,22.2,21.6,12.0,17.0,12.1,5.1,23.0,16.3,13.1,19.0,24.0,17.0,17.6,21.2,16.0,17.0,24.2,28.3,14.1,26.5,6.1,2.0,19.0,2.0,14.1,2.0,25.7,26.0,34.3,19.0,19.2,15.3,18.4,25.3,12.1,4.0,45.5,49.5,1.0,21.4,38.6,5.1
1772615243.2240608,35.1,35.6,24.0,8.1,36.4,27.0,37.0,36.4,30.3,33.3,6.1,10.0,25.0,26.7,21.2,7.1,9.2,11.2,19.0,19.0,13.3,14.1,18.4,20.2,23.5,21.8,22.2,21.0,15.0,13.3,29.0,16.5,4.0,6.1,7.0,16.2,15.2,16.3,28.3,27.3,20.2,25.0,17.0,22.0,27.7,19.2,11.1,8.1,50.0,49.0,8.1,23.8,33.0,4.1
1772615244.224146,35.4,29.3,25.8,10.3,25.3,29.3,37.8,37.4,34.0,31.0,4.1,11.0,16.0,17.2,22.0,6.0,13.1,9.1,21.2,18.4,47.0,34.7,21.0,18.2,14.0,27.6,21.0,17.2,25.3,22.2,10.1,18.0,4.1,7.1,18.2,5.1,24.5,15.3,28.3,33.7,28.3,34.0,17.2,21.2,24.5,29.7,12.9,11.0,39.0,38.4,8.2,23.2,28.6,9.0
1772615245.2268496,32.7,20.0,21.0,5.1,30.7,27.0,32.0,42.6,29.7,31.7,12.9,11.1,14.1,10.9,19.0,1.0,5.1,9.0,22.8,15.7,28.7,39.6,27.7,16.0,19.8,22.3,23.0,17.0,19.0,27.5,13.9,9.1,5.0,3.0,17.2,3.0,20.2,12.9,17.6,15.0,34.3,29.4,14.1,13.1,15.8,24.0,7.1,6.9,38.8,41.4,13.9,11.9,24.8,2.0
1772615246.2275753,20.2,19.2,21.4,6.1,16.5,19.2,31.0,32.0,25.3,27.3,3.1,2.0,16.2,24.2,17.3,2.0,5.1,9.2,15.2,15.2,15.2,35.0,25.3,4.1,25.3,12.2,15.2,15.2,22.4,16.3,18.4,16.0,3.0,4.1,5.1,8.2,7.0,10.1,12.2,7.1,19.2,21.4,18.2,15.8,16.2,21.0,5.1,9.2,40.8,40.6,15.2,10.2,2.0,4.1
1772615247.2290223,30.2,22.5,22.2,7.1,16.8,18.4,35.0,37.0,27.3,27.5,10.1,2.0,16.7,26.3,8.0,12.9,10.9,9.0,8.1,25.7,18.0,37.6,20.8,17.0,23.5,13.0,15.8,14.1,21.0,13.9,19.8,16.0,5.0,4.0,5.9,13.0,3.0,12.1,22.2,28.4,26.7,23.2,12.9,14.3,26.0,15.2,4.0,10.0,50.5,42.0,14.9,10.0,2.0,4.1
1772615248.230342,32.3,32.0,12.4,12.1,30.6,32.0,36.4,36.0,31.4,27.3,6.1,6.0,14.4,31.7,6.1,13.1,11.1,7.1,17.0,19.2,22.2,41.6,24.0,18.8,27.0,13.9,24.0,21.2,15.0,13.3,22.4,24.0,1.0,5.1,11.2,9.2,21.2,17.2,27.0,26.5,28.3,28.0,19.2,21.2,11.0,26.0,11.1,11.1,50.5,50.5,13.3,10.3,5.1,4.1
1772615249.2304175,37.9,28.3,5.0,23.2,16.2,23.0,33.3,35.4,9.3,17.2,14.1,5.2,17.8,28.0,14.3,7.1,11.2,8.0,19.2,23.0,35.1,41.4,26.3,8.2,17.2,23.0,17.2,20.8,28.9,29.6,21.4,18.6,3.1,5.1,9.2,10.1,20.6,12.1,30.3,27.7,28.3,27.0,14.3,12.2,13.3,22.2,10.0,6.9,44.3,47.0,10.1,16.0,4.1,7.0
1772615250.233765,39.2,25.7,27.0,6.1,22.7,28.3,35.0,43.0,18.4,19.2,5.2,6.1,20.2,28.0,5.0,17.0,11.1,11.1,19.8,22.0,22.2,31.7,33.0,15.3,16.2,10.1,20.0,18.0,24.8,21.2,22.0,14.0,7.1,5.2,13.1,9.2,16.0,10.0,16.2,32.3,16.0,16.2,17.0,20.0,22.0,17.8,8.1,10.1,57.8,43.0,3.0,19.4,6.0,7.1
1772615251.2338548,33.7,31.3,16.8,14.9,31.7,29.3,34.3,35.0,26.0,15.2,10.9,32.7,19.4,22.8,3.0,19.4,10.2,7.1,19.2,21.2,26.0,31.0,18.0,15.8,19.2,5.1,20.2,15.2,22.0,25.0,17.3,19.4,6.0,2.0,15.2,6.1,10.3,5.2,23.0,29.0,14.1,15.3,14.0,14.1,24.8,24.2,13.3,2.0,49.0,45.0,4.0,5.1,5.1,2.0
1772615252.23473,35.4,25.2,4.0,22.8,17.3,23.0,33.3,40.4,26.3,17.0,36.4,8.2,17.0,27.0,3.0,16.8,5.1,12.1,11.1,21.2,39.0,30.7,25.3,24.2,15.0,6.0,17.0,18.0,20.0,18.0,18.0,21.0,4.1,5.0,17.8,3.0,20.8,17.8,19.4,21.0,20.0,18.0,18.0,18.2,16.3,16.0,15.0,1.0,48.5,45.0,12.2,5.1,2.0,7.0
1772615253.2383137,30.9,20.0,15.6,12.4,30.0,30.0,44.0,40.2,30.7,26.7,37.0,10.2,25.0,19.0,3.0,19.2,8.1,8.1,20.8,15.7,32.0,24.2,23.5,10.0,20.0,4.0,20.0,18.0,22.2,20.2,24.8,15.3,3.1,5.1,8.2,10.0,19.0,17.3,28.6,32.3,22.2,18.4,17.0,16.8,19.0,24.0,10.1,9.0,45.5,46.5,7.1,19.0,3.0,3.1
1772615254.2384043,18.8,19.0,24.0,8.0,22.4,14.3,36.1,43.9,24.2,34.0,31.0,13.0,22.2,22.0,2.1,18.2,5.9,15.0,12.0,21.2,35.4,34.0,25.3,8.1,19.2,7.1,16.2,19.0,28.6,26.0,30.3,27.0,5.1,4.1,4.0,12.2,8.1,11.1,21.2,25.0,22.4,10.2,17.2,18.8,15.2,18.2,5.0,11.2,40.0,46.9,8.1,24.0,2.1,7.2
1772615255.2384892,22.1,21.4,13.0,15.3,31.3,24.2,31.4,44.0,29.3,34.3,34.3,11.0,20.0,26.0,6.0,21.0,9.3,10.2,19.4,17.2,20.0,38.6,22.2,21.0,18.0,26.0,14.0,21.8,21.8,8.2,22.4,29.3,5.1,2.0,10.1,13.0,7.1,16.0,33.0,20.2,28.0,24.8,14.0,19.4,17.2,31.0,13.1,7.1,45.5,48.0,16.2,22.4,4.0,8.1
1772615256.238574,37.1,11.9,5.1,21.0,28.3,24.5,33.3,34.3,30.7,33.3,39.0,3.0,10.2,25.3,4.0,17.2,8.2,13.0,18.0,23.0,25.0,47.5,22.0,8.0,13.1,28.0,18.2,20.2,19.4,22.2,10.1,13.0,6.9,5.1,8.2,11.0,15.0,18.2,20.0,17.8,31.7,27.0,19.2,17.2,15.0,28.0,12.1,8.2,44.6,45.5,18.8,23.8,3.1,5.1
1772615257.2386649,19.1,28.0,9.2,16.3,21.8,21.2,36.0,37.0,34.7,27.0,36.4,9.2,12.1,16.2,13.1,9.0,10.1,11.2,24.0,13.9,24.2,42.0,32.0,15.2,19.0,23.8,18.2,15.3,17.2,26.0,11.1,18.4,5.2,2.0,13.1,5.1,19.2,17.3,21.0,15.5,31.3,28.3,14.3,16.8,23.2,16.2,12.0,8.0,53.5,46.5,4.0,22.4,6.1,2.1
1772615258.2387478,29.9,23.8,23.2,2.0,26.3,27.0,33.3,34.0,28.0,43.0,16.0,13.0,18.8,23.8,18.8,3.0,8.1,10.9,17.0,15.3,17.0,36.4,27.7,7.1,19.8,16.2,19.0,16.0,21.0,27.3,16.2,23.0,1.0,5.0,2.0,14.3,16.2,9.0,24.2,26.7,29.0,21.0,19.2,12.2,19.8,18.0,2.0,9.1,39.6,40.8,8.1,23.8,2.0,17.2
1772615259.2417989,28.1,33.0,21.0,1.0,19.2,20.2,37.6,34.7,27.5,27.5,1.0,6.1,17.0,30.3,17.2,1.0,9.2,3.0,18.0,18.6,9.0,18.0,10.0,26.5,12.9,27.7,15.2,17.0,13.1,21.8,16.8,21.0,4.0,4.1,1.0,15.0,16.0,5.1,23.2,23.2,29.0,16.2,15.8,16.0,22.0,18.0,6.1,10.0,44.6,49.5,11.9,11.0,1.0,34.7
1772615260.2418826,28.0,37.4,21.6,3.0,26.3,30.0,36.0,44.4,29.6,31.6,4.0,7.0,28.0,18.8,20.2,4.0,11.1,8.2,20.4,18.4,21.4,22.2,29.7,15.3,20.0,18.2,21.0,20.2,11.1,13.3,24.2,21.0,1.0,5.1,12.9,10.0,18.2,12.1,28.0,23.0,36.6,22.2,18.4,12.2,23.2,17.3,10.0,7.1,50.5,51.0,18.2,17.5,4.1,5.1
1772615261.241974,36.4,22.0,23.0,7.1,31.7,20.4,35.7,40.6,22.0,29.0,8.2,2.1,16.2,25.3,21.0,5.1,6.1,9.1,21.0,14.1,36.0,19.2,14.1,18.0,13.1,24.8,15.0,17.0,30.0,29.0,22.0,12.1,5.0,3.0,4.1,16.2,25.5,14.3,31.7,27.6,29.3,35.3,24.0,27.3,24.0,15.2,7.1,14.0,44.0,55.0,13.1,12.9,3.0,4.1
1772615262.2423553,14.9,28.0,16.3,10.2,19.4,19.2,32.7,38.4,20.0,20.0,6.1,14.1,20.0,27.7,16.2,2.0,3.1,12.1,15.0,21.0,25.7,22.4,17.0,30.7,16.0,27.5,18.0,20.2,21.4,16.2,22.0,17.0,2.0,4.0,9.1,8.2,15.2,14.0,24.2,27.0,30.0,25.3,15.2,31.0,17.0,17.2,9.1,6.0,40.0,52.0,19.4,16.2,4.1,4.0
1772615263.2429652,22.9,29.0,19.0,14.0,27.7,27.0,35.4,36.0,23.2,31.0,7.1,2.0,20.2,23.2,10.0,12.1,6.1,10.1,11.1,18.8,30.3,32.4,23.2,7.1,17.0,22.4,13.1,19.0,15.2,12.0,27.0,11.2,3.0,5.1,15.8,3.0,11.0,8.2,25.5,18.2,22.0,20.0,18.8,19.0,22.2,15.7,4.0,11.1,38.0,51.0,20.2,19.4,18.0,5.0
1772615264.2441843,37.8,28.7,15.3,15.2,25.0,21.4,33.0,42.4,32.7,30.0,10.0,4.0,23.2,19.2,17.3,8.2,13.0,6.0,22.0,17.2,14.1,37.6,19.6,20.8,20.0,21.8,16.0,15.2,23.2,12.0,19.0,12.1,2.0,3.0,18.2,3.0,12.2,14.1,31.0,21.8,30.0,24.0,17.3,16.2,24.8,26.3,12.2,3.0,43.6,47.0,26.3,4.0,9.1,2.1
1772615265.2456279,35.8,31.0,8.1,22.2,27.3,32.0,46.0,48.0,28.3,32.0,6.1,7.1,22.8,24.0,20.0,7.0,10.1,7.1,22.8,17.2,32.0,26.0,12.4,30.0,15.8,23.8,19.4,23.8,28.7,16.2,28.3,18.2,4.0,4.1,11.0,8.2,22.8,14.0,23.2,29.0,28.6,32.0,18.2,22.2,18.4,18.2,3.1,14.3,51.0,46.5,22.2,12.1,6.1,18.2
1772615266.2457137,33.7,25.7,16.7,8.0,20.0,20.4,40.4,29.3,30.7,28.3,6.1,12.2,19.4,19.2,20.0,2.0,12.0,4.0,22.2,12.1,37.8,30.3,9.1,22.0,19.2,16.2,13.1,18.4,27.6,24.2,19.2,15.2,2.0,3.1,6.1,9.0,17.3,10.1,26.8,25.0,28.3,25.3,15.0,16.0,17.8,17.2,10.0,2.0,41.0,48.5,19.0,8.0,1.0,30.3
1772615267.2458043,27.1,37.0,23.2,3.0,18.4,26.0,36.4,32.3,18.2,28.0,3.1,8.1,15.0,19.0,17.3,1.0,12.4,3.1,19.0,14.3,31.4,25.3,26.0,18.0,25.0,13.9,15.8,17.2,13.0,15.3,26.7,15.2,4.0,4.0,15.2,3.0,8.1,11.2,19.0,27.6,23.0,18.2,23.8,13.1,15.3,19.2,14.0,5.1,43.4,44.4,25.5,15.5,5.1,17.3
1772615268.2502437,27.1,30.7,22.2,5.0,22.2,25.0,31.0,32.3,23.8,11.1,3.0,5.0,12.9,14.0,19.0,1.0,11.0,3.0,16.0,16.7,18.0,39.6,12.9,18.8,23.8,13.0,13.0,17.6,19.2,13.0,11.1,12.0,3.1,2.0,1.0,14.0,5.1,14.7,12.9,21.8,21.0,30.7,10.1,14.0,22.0,19.0,1.0,11.1,39.0,46.0,5.0,21.0,25.0,10.9
1772615269.250349,29.8,28.0,8.2,17.2,17.2,21.0,27.3,38.6,27.3,12.9,6.1,5.1,19.0,16.0,17.2,3.0,6.1,5.1,25.0,11.0,27.6,41.6,22.0,18.2,24.0,13.9,19.0,17.0,19.0,19.2,12.1,12.1,3.0,5.0,12.9,3.1,17.0,17.2,15.3,13.1,26.3,20.0,16.0,18.4,16.0,17.0,16.0,6.9,27.3,44.7,4.1,22.0,12.1,18.2
1772615270.2526047,31.2,30.7,7.1,21.0,28.0,20.8,38.2,32.0,21.0,13.0,15.0,4.1,23.2,21.0,17.2,20.4,10.9,7.8,16.2,19.0,28.3,47.1,26.0,11.0,20.0,17.8,15.2,15.0,23.8,18.2,20.0,12.1,3.0,3.0,4.1,7.1,10.0,21.2,27.0,30.3,16.0,16.0,12.1,16.8,18.2,11.1,10.1,3.0,37.6,34.3,7.1,17.3,17.8,4.0
1772615271.2526946,30.5,34.0,22.4,9.1,23.5,18.6,29.9,41.0,22.0,16.3,4.0,8.1,26.3,20.0,19.4,4.0,8.2,10.3,18.2,16.3,27.3,29.3,29.0,14.3,8.1,11.2,21.2,20.0,26.5,21.2,26.0,17.3,5.1,5.1,10.2,11.2,17.3,6.0,24.0,26.0,12.4,9.2,20.8,16.8,20.8,18.2,12.1,1.0,47.0,43.6,6.1,19.0,4.1,17.2
1772615272.2527828,37.5,27.0,6.2,21.8,25.5,30.7,39.4,33.7,27.3,32.0,5.1,8.1,24.5,23.0,21.0,3.1,12.1,7.1,19.0,18.0,41.0,44.0,25.7,11.2,15.2,13.0,22.0,17.2,16.0,10.1,20.4,15.3,4.0,4.0,18.4,2.0,20.0,11.2,24.2,30.3,24.0,22.2,15.3,18.0,23.2,31.7,11.1,5.1,40.6,52.5,10.1,16.2,2.0,8.2
1772615273.252873,27.1,34.0,3.1,21.2,23.2,25.5,32.0,37.0,25.3,33.0,3.1,11.1,19.4,24.2,19.0,2.0,9.2,4.1,19.2,17.0,34.7,36.7,23.2,19.0,15.2,2.0,18.2,21.2,29.3,24.0,16.2,26.7,2.0,4.0,16.0,3.0,20.0,17.2,22.2,25.7,25.3,19.2,15.2,18.4,14.1,24.2,5.1,9.0,41.4,49.5,12.2,9.3,2.0,7.0
1772615274.2540886,8.4,35.0,23.0,4.0,29.4,22.0,37.4,37.4,29.0,31.0,9.2,6.1,18.0,27.0,18.0,1.0,6.1,18.2,18.0,21.0,26.3,38.2,15.2,23.8,13.0,13.9,17.0,15.8,18.4,29.6,13.0,21.2,6.0,1.0,15.8,4.0,13.3,18.8,30.0,23.0,31.3,25.7,14.0,17.3,16.2,19.0,14.1,3.0,44.6,49.0,6.1,21.0,5.1,3.1
1772615275.25761,26.0,32.7,23.0,3.0,24.5,24.2,40.0,37.0,23.8,25.0,8.1,5.1,15.3,25.3,20.0,3.0,12.0,29.0,18.0,16.2,20.2,34.0,10.1,24.2,22.4,13.1,19.2,16.0,15.2,24.2,22.0,24.2,5.1,2.0,1.0,14.3,7.1,7.1,25.5,21.6,35.6,20.0,20.0,17.0,17.0,19.4,13.1,2.0,45.0,48.5,4.1,8.2,3.1,4.1
1772615276.2585325,31.6,31.0,23.2,6.1,24.2,21.8,55.4,29.0,20.2,15.2,3.0,2.0,27.6,15.2,15.2,3.1,9.0,3.1,17.0,19.0,27.7,40.0,23.0,21.2,11.1,28.0,11.0,15.2,7.0,13.0,16.2,16.8,2.0,3.0,12.0,5.0,13.3,16.0,27.7,17.8,40.6,35.6,12.1,15.0,19.2,24.2,12.0,2.0,44.6,44.6,3.0,10.1,3.0,15.3
1772615277.2597222,29.5,30.7,18.0,13.0,26.7,26.3,41.0,28.3,32.7,30.7,9.2,4.1,17.0,27.3,22.0,5.1,10.1,8.1,17.2,19.0,20.4,25.5,25.7,8.0,17.8,20.0,22.0,17.0,23.0,19.0,13.1,15.2,3.0,4.0,3.0,17.2,19.0,15.2,22.4,27.0,26.3,31.3,16.3,18.0,19.8,21.0,11.0,8.0,46.0,49.5,21.0,5.1,2.0,36.0
1772615278.2620666,29.6,39.6,14.3,15.2,16.5,29.3,35.7,37.4,30.6,33.3,13.1,8.2,25.0,22.8,22.0,1.0,11.1,14.1,26.5,16.3,15.3,34.7,31.0,23.0,24.8,17.0,21.0,20.0,36.0,27.3,16.0,5.1,4.0,4.0,3.0,17.0,18.2,9.2,27.6,27.3,25.0,30.0,17.8,16.2,23.2,16.8,13.0,5.1,49.0,50.5,23.8,6.0,6.1,9.2
1772615279.2621577,30.5,32.7,23.8,5.1,28.3,27.3,33.3,35.4,27.3,27.0,1.0,8.1,16.8,25.7,17.0,5.0,4.0,11.0,19.0,16.0,8.2,24.0,20.2,16.2,14.1,23.0,30.0,22.0,9.9,14.1,11.2,9.1,4.1,4.0,3.0,14.3,11.0,9.1,20.0,23.2,17.2,21.8,19.0,16.2,22.2,10.2,7.1,6.1,52.0,58.4,21.0,3.2,1.0,6.1
1772615280.2670443,30.5,32.0,24.5,1.0,23.8,20.0,30.7,44.0,27.7,31.7,5.0,2.0,8.2,17.0,20.2,4.0,12.9,9.1,18.0,20.0,20.0,42.6,20.8,17.6,20.0,19.0,17.0,19.8,14.1,22.8,7.9,15.0,5.0,3.0,10.0,9.1,21.8,16.0,15.0,15.0,33.0,37.4,16.2,15.2,30.3,31.0,2.0,15.0,51.5,49.5,21.2,5.0,2.0,7.0
1772615281.267131,35.1,23.0,22.2,8.1,27.3,27.0,33.7,32.0,29.0,24.8,13.3,3.1,18.2,17.2,10.1,10.1,3.1,9.2,10.1,19.8,25.5,36.4,25.0,14.1,19.0,17.8,18.4,14.3,25.3,20.4,20.2,19.2,3.0,3.1,2.0,12.1,15.3,17.2,23.2,20.4,25.7,29.0,16.2,14.0,13.9,18.2,3.1,8.2,44.6,38.8,15.2,8.2,1.0,5.2
1772615282.2682607,37.5,22.0,24.2,4.1,20.0,19.0,34.0,35.6,26.7,30.0,11.0,3.1,31.7,13.1,12.1,8.1,9.8,7.0,15.2,15.2,26.0,28.0,24.2,8.1,13.1,24.0,17.0,15.0,25.0,17.0,16.0,15.2,3.0,4.0,1.0,11.9,6.0,14.0,29.3,23.2,26.3,21.0,11.1,15.2,21.0,9.0,4.0,9.9,40.6,44.0,14.0,6.1,2.0,4.0
1772615283.268545,31.6,29.0,20.0,4.0,25.3,25.3,32.0,29.3,28.6,30.0,7.1,10.1,25.0,16.0,3.0,18.0,6.1,6.0,15.0,15.0,23.0,34.7,29.7,16.2,22.0,14.0,19.2,16.0,25.0,16.8,23.0,17.2,1.0,6.0,8.1,9.2,6.1,8.1,18.8,27.7,23.2,17.8,12.0,18.0,23.2,11.0,12.1,6.1,31.3,34.7,22.2,4.0,3.0,4.0
1772615284.2701836,32.0,28.0,22.2,4.0,20.0,21.2,33.0,38.0,26.7,32.0,4.0,5.0,29.7,15.2,0.0,18.2,8.0,8.2,12.1,22.0,35.3,30.7,6.0,24.5,20.0,16.0,16.2,16.2,11.1,10.1,12.1,10.1,3.0,1.0,3.0,16.0,23.8,11.1,24.2,26.0,22.8,30.3,16.8,17.2,28.3,11.0,10.1,2.0,44.6,38.6,13.9,11.2,3.1,3.0
1772615285.2729003,17.0,36.0,5.1,20.4,24.5,28.0,33.7,37.6,29.3,30.3,3.1,12.2,30.0,15.0,8.1,14.0,8.2,10.1,14.0,24.8,33.3,43.9,24.2,22.0,16.2,24.0,22.0,23.8,24.8,28.0,26.3,14.9,4.1,4.0,1.0,15.2,14.3,27.0,26.0,24.2,28.3,39.6,20.2,14.4,25.0,23.2,15.2,3.0,47.5,42.4,13.1,13.0,7.1,4.1
1772615286.2733898,27.4,35.6,5.2,20.8,24.5,27.3,35.0,37.8,23.0,23.2,9.2,8.1,22.8,21.0,11.1,13.1,8.9,10.1,14.1,21.4,16.0,24.0,8.2,23.2,26.5,16.0,16.3,16.2,21.4,23.2,23.0,13.3,3.1,3.0,3.0,13.4,10.1,9.1,21.2,32.3,21.2,30.0,14.1,19.8,13.9,21.0,10.9,3.0,50.5,41.4,17.0,9.1,4.0,5.0
1772615287.2743342,24.0,39.2,23.0,3.0,28.3,23.2,28.0,41.6,24.2,14.0,5.0,4.0,13.3,23.0,20.0,2.0,4.1,11.0,14.9,22.8,26.3,22.2,16.0,28.0,23.2,16.0,20.8,15.0,11.2,21.2,11.9,32.7,3.0,6.1,1.0,14.0,12.1,5.1,13.1,13.1,19.0,22.2,14.1,16.2,16.2,18.0,10.2,6.0,38.0,48.5,11.0,4.1,2.0,6.0
1772615288.276178,21.3,39.0,19.6,4.0,17.8,23.2,29.0,32.0,5.0,11.0,2.1,4.0,20.0,19.2,18.0,4.0,7.1,7.1,13.1,18.2,42.6,27.0,9.1,24.8,20.2,17.0,13.1,15.0,17.0,8.1,6.1,29.0,4.0,3.0,5.1,9.0,16.8,17.0,10.0,16.0,25.0,26.0,13.1,14.1,14.0,15.2,11.1,2.0,37.0,42.6,2.0,5.1,2.0,5.1
1772615289.2768197,25.5,40.0,23.0,4.1,28.6,23.0,38.4,39.8,17.3,25.0,7.1,13.3,24.2,20.2,19.0,3.1,5.2,13.1,17.2,27.3,34.3,34.7,14.0,24.0,25.0,17.0,20.2,18.0,16.2,26.3,14.3,28.3,4.1,3.0,17.0,4.1,15.3,18.6,10.2,18.2,24.0,30.6,20.2,19.0,26.0,23.2,14.1,4.1,48.0,46.5,21.0,7.1,4.0,8.1
1772615290.277867,39.0,26.7,23.2,30.0,33.0,27.7,40.0,36.0,17.2,22.4,12.0,4.1,21.8,15.0,11.3,12.1,11.0,7.0,9.9,24.8,39.0,19.8,20.8,24.5,14.7,27.0,15.0,17.0,25.3,32.0,18.0,14.3,3.0,3.0,14.1,2.0,16.0,5.1,18.8,18.8,14.0,24.2,13.9,18.0,25.5,12.1,14.0,4.0,43.0,50.5,21.2,4.1,4.0,6.1
1772615291.2821887,32.3,26.7,22.5,30.0,17.8,17.2,30.0,28.7,20.8,29.4,7.9,3.0,15.2,11.1,2.0,15.0,7.1,8.1,16.2,16.2,39.6,31.7,16.2,13.9,15.2,19.0,19.8,17.0,18.8,9.0,19.0,19.8,3.1,3.0,3.0,11.9,18.0,15.0,14.0,10.1,10.1,14.0,19.0,14.1,23.8,12.9,10.1,2.0,43.0,24.8,22.0,3.0,4.0,3.1
1772615292.2830412,37.5,24.2,18.2,11.1,25.5,20.0,38.4,34.3,32.0,23.0,3.0,3.0,33.0,9.9,3.0,23.5,8.0,6.0,8.0,23.8,25.3,42.9,16.0,29.6,12.0,8.0,12.0,13.0,17.2,9.1,11.1,21.2,2.0,2.0,1.0,11.0,12.0,17.0,20.4,19.0,19.2,30.3,11.1,8.1,15.0,7.1,9.0,4.0,33.7,21.4,25.7,15.2,2.0,3.0
1772615293.2844012,27.1,32.7,10.2,15.0,19.2,16.3,34.0,36.0,30.7,28.3,1.0,10.2,18.0,26.0,2.0,15.5,12.1,5.1,12.4,22.0,35.0,20.0,20.0,10.1,14.1,3.0,17.0,19.0,19.8,24.2,26.0,12.2,4.0,3.0,5.1,12.2,8.2,16.2,26.0,23.0,28.6,30.3,15.0,21.8,29.0,16.3,6.1,3.1,32.7,35.0,31.0,23.0,2.0,4.0
1772615294.284922,36.5,29.7,6.1,21.0,21.2,21.2,33.0,36.0,31.0,33.0,6.1,10.3,35.3,28.3,13.0,15.0,7.0,10.2,18.6,21.8,29.0,33.3,19.0,22.0,20.2,4.0,18.2,15.3,17.3,25.3,16.2,21.0,5.1,7.1,14.0,6.1,3.0,16.2,34.3,25.3,25.5,26.7,19.0,17.3,22.2,14.9,3.0,16.0,44.6,28.3,28.0,20.0,5.9,4.1
1772615295.2956042,14.3,28.0,6.1,19.8,28.7,31.7,33.7,37.0,28.3,32.4,30.0,10.8,31.0,13.0,17.2,4.0,8.1,8.9,19.2,12.0,29.7,33.3,15.0,27.2,13.1,2.0,20.8,16.0,20.0,20.0,22.0,24.0,4.0,5.1,14.1,3.0,16.8,15.8,24.2,18.2,20.8,29.4,22.2,13.9,15.8,20.0,7.0,11.0,41.6,42.0,14.1,20.0,3.0,4.0
1772615296.295689,25.8,21.8,7.0,16.2,19.2,14.3,30.7,28.3,31.7,32.7,6.1,1.0,14.0,20.0,21.0,2.0,6.1,3.0,18.4,10.2,21.4,23.2,4.0,23.0,18.8,3.0,20.4,15.0,3.0,18.4,14.0,5.1,5.1,3.0,9.0,13.1,14.3,24.2,15.2,12.2,29.6,27.0,13.0,14.1,22.8,18.8,3.1,4.1,40.4,45.5,13.0,10.1,2.0,4.0
1772615297.296472,20.2,27.0,2.0,15.0,19.0,19.2,27.3,23.2,32.3,30.3,18.0,3.0,10.0,11.0,18.2,3.0,3.0,4.0,9.9,18.8,22.4,27.7,8.0,11.0,20.0,2.0,15.8,17.0,5.0,13.7,4.1,15.0,5.1,1.0,10.1,11.0,20.0,7.0,14.1,14.0,33.7,21.4,12.1,12.0,16.0,21.4,2.0,6.9,36.0,41.0,11.1,10.2,3.0,0.0
1772615298.2965462,12.4,20.8,1.0,20.8,3.0,2.0,20.0,24.0,21.0,19.8,10.0,0.0,1.0,0.0,5.0,0.0,0.0,0.0,1.0,1.0,22.0,25.7,10.0,28.7,15.7,7.9,8.9,1.0,7.0,9.1,26.0,13.1,2.0,0.0,1.0,0.0,6.0,7.0,3.0,12.1,19.8,13.1,2.9,9.9,11.1,6.0,1.0,0.0,13.0,38.6,2.0,19.0,0.0,1.0
1772615299.296624,27.5,0.0,0.0,20.0,0.0,0.0,2.0,26.0,21.8,19.8,0.0,0.0,0.0,0.0,0.0,1.0,0.0,0.0,0.0,0.0,29.4,12.2,23.0,5.1,10.1,10.0,0.0,0.0,9.1,10.0,17.0,14.1,0.0,0.0,0.0,0.0,12.0,8.0,8.0,12.9,10.0,10.9,0.0,0.0,0.0,0.0,2.0,0.0,20.2,23.0,0.0,21.0,1.0,0.0
1772615300.2967234,24.7,2.0,1.0,21.0,1.0,1.0,0.0,22.0,20.2,21.0,2.0,1.0,0.0,2.0,0.0,4.0,2.0,0.0,1.0,1.0,29.3,7.9,21.6,2.0,12.0,16.8,3.0,1.0,6.0,6.9,2.0,21.8,2.0,0.0,2.0,1.0,8.9,7.1,20.8,1.0,11.9,11.9,0.0,3.0,2.0,3.0,3.0,1.0,20.6,6.1,1.0,21.0,1.0,1.0
1772615301.2967997,20.8,0.0,0.0,20.0,0.0,0.0,0.0,20.8,18.8,22.8,0.0,0.0,0.0,0.0,0.0,0.0,0.0,0.0,0.0,0.0,20.8,0.0,20.8,0.0,10.8,10.0,0.0,0.0,0.0,0.0,0.0,19.2,0.0,0.0,0.0,0.0,0.0,0.0,20.0,0.0,10.9,10.9,0.0,0.0,0.0,0.0,0.0,0.0,20.8,0.0,0.0,20.0,0.0,0.0
1772615302.2968678,24.0,0.0,0.0,20.8,0.0,0.0,13.1,6.0,21.8,18.0,0.0,0.0,0.0,0.0,0.0,0.0,0.0,0.0,0.0,0.0,20.8,0.0,20.2,0.0,10.9,10.9,0.0,0.0,0.0,0.0,0.0,20.8,0.0,0.0,0.0,0.0,0.0,0.0,20.0,0.0,10.0,11.0,0.0,0.0,0.0,0.0,0.0,0.0,21.0,0.0,0.0,20.0,0.0,0.0
1772615303.2969348,12.5,9.0,0.0,21.0,0.0,0.0,0.0,20.0,21.0,19.0,0.0,0.0,0.0,0.0,0.0,0.0,0.0,0.0,0.0,0.0,13.0,6.1,21.6,0.0,10.0,10.0,0.0,0.0,0.0,0.0,5.0,14.0,0.0,0.0,0.0,0.0,0.0,0.0,20.8,0.0,10.0,10.0,0.0,0.0,0.0,0.0,0.0,0.0,20.8,0.0,3.0,16.0,0.0,0.0
1772615304.2970088,3.1,3.0,0.0,20.0,0.0,1.0,0.0,21.0,20.0,18.8,0.0,0.0,0.0,0.0,0.0,0.0,0.0,0.0,1.0,0.0,1.0,2.0,20.0,0.0,11.8,10.9,0.0,0.0,0.0,0.0,4.0,2.0,0.0,0.0,0.0,0.0,0.0,0.0,10.1,7.0,10.9,10.8,0.0,0.0,0.0,0.0,0.0,0.0,8.9,8.0,5.1,4.0,0.0,0.0
1772615305.2970831,1.0,0.0,0.0,20.8,0.0,0.0,0.0,20.0,20.8,0.0,0.0,1.0,0.0,0.0,0.0,0.0,0.0,0.0,0.0,0.0,0.0,0.0,20.8,0.0,10.0,10.9,0.0,0.0,0.0,0.0,0.0,0.0,0.0,2.0,0.0,0.0,0.0,0.0,0.0,0.0,10.9,10.9,0.0,0.0,0.0,0.0,0.0,0.0,0.0,0.0,0.0,0.0,0.0,0.0
1772615306.2971604,0.0,0.0,0.0,20.0,0.0,0.0,11.9,0.0,20.8,0.0,0.0,0.0,0.0,0.0,0.0,0.0,0.0,0.0,0.0,0.0,0.0,0.0,21.8,0.0,10.0,10.0,0.0,0.0,0.0,0.0,0.0,0.0,0.0,0.0,0.0,0.0,0.0,0.0,0.0,1.0,10.9,10.0,0.0,0.0,0.0,0.0,0.0,0.0,0.0,0.0,0.0,0.0,0.0,0.0
1772615307.2972405,0.0,0.0,0.0,1.0,0.0,0.0,0.0,0.0,10.9,7.1,0.0,0.0,0.0,0.0,0.0,0.0,0.0,0.0,0.0,0.0,0.0,0.0,20.8,0.0,11.9,10.9,0.0,0.0,0.0,0.0,0.0,0.0,0.0,0.0,0.0,0.0,0.0,0.0,0.0,0.0,10.0,11.0,0.0,0.0,0.0,0.0,0.0,0.0,0.0,0.0,0.0,0.0,0.0,0.0
1772615308.2973187,0.0,0.0,0.0,0.0,0.0,0.0,0.0,0.0,0.0,0.0,0.0,0.0,0.0,0.0,0.0,2.0,1.0,1.0,1.0,0.0,0.0,0.0,18.0,0.0,10.9,9.9,0.0,0.0,0.0,0.0,0.0,1.0,0.0,0.0,1.0,0.0,0.0,0.0,0.0,0.0,10.9,10.9,0.0,0.0,0.0,0.0,1.0,0.0,0.0,0.0,0.0,0.0,0.0,0.0
1772615309.297404,3.1,2.0,3.9,1.0,1.0,1.0,0.0,1.0,1.0,2.0,3.0,0.0,0.0,1.0,0.0,4.0,2.0,1.0,1.0,2.0,1.0,1.0,0.0,1.0,11.0,12.9,1.0,3.0,2.0,2.0,0.0,1.0,1.0,1.0,1.0,2.0,2.0,2.0,0.0,1.0,7.0,6.0,1.0,9.9,1.0,2.0,1.0,1.0,0.0,2.0,2.0,2.9,2.0,2.0
1772615310.297487,3.2,3.0,2.0,3.0,3.0,1.0,2.0,3.0,3.0,10.0,5.0,3.0,2.0,3.0,4.0,3.0,28.0,4.0,3.0,3.1,3.0,3.0,5.0,4.0,13.9,12.9,1.0,7.0,3.0,6.0,0.0,5.0,2.0,3.0,1.0,6.0,3.0,3.0,4.0,4.0,3.0,3.0,3.0,4.0,4.0,2.0,2.0,4.0,1.0,3.0,2.0,3.0,3.0,3.0
1772615311.297578,4.3,4.0,2.0,2.0,2.0,5.0,3.0,3.0,2.0,3.0,5.0,2.0,3.0,4.0,3.0,1.0,5.0,1.0,2.0,3.0,2.0,1.0,3.0,2.0,12.1,10.0,1.0,7.0,2.0,2.0,13.0,11.1,2.9,9.0,7.9,4.0,4.0,3.0,5.0,2.0,2.0,3.0,3.0,6.9,2.0,3.0,2.0,3.0,4.0,3.0,2.0,4.0,3.0,2.0
1772615312.2976685,3.2,3.0,2.0,2.0,3.0,2.0,2.0,2.0,2.0,2.0,3.0,3.0,3.0,3.0,1.0,2.0,2.0,4.0,3.0,4.0,4.0,0.0,3.0,2.0,12.9,12.9,3.0,3.0,2.0,3.0,3.0,3.0,3.0,2.0,2.0,3.0,3.0,4.0,10.1,3.0,5.0,2.0,4.0,5.0,3.0,3.0,4.0,3.0,2.0,3.0,3.0,4.0,2.0,3.0
1772615313.2977512,1.1,1.0,1.0,2.0,1.0,1.0,2.0,1.0,1.0,1.0,2.9,0.0,2.0,1.0,2.0,2.0,1.0,1.0,1.0,1.0,2.0,2.9,1.0,2.0,11.0,11.0,1.0,1.0,2.0,2.0,1.0,1.0,1.0,1.0,2.0,0.0,1.0,2.0,2.0,1.0,1.0,2.0,1.0,1.0,1.0,3.0,1.0,2.0,1.0,2.0,2.0,2.0,2.0,1.0
1772615314.29787,2.1,2.0,2.0,1.0,2.0,1.0,1.0,1.0,1.0,2.0,2.0,2.0,1.0,1.0,1.0,23.2,2.0,2.0,1.0,1.0,1.0,2.0,1.0,1.0,15.8,11.0,1.0,2.0,1.0,0.0,1.0,2.0,1.0,2.0,2.0,2.0,1.0,1.0,2.0,2.0,2.0,1.0,2.0,1.0,1.0,1.0,2.0,1.0,1.0,2.0,1.0,1.0,2.0,2.0
1772615315.2979546,3.0,1.0,2.0,1.0,1.0,1.0,1.0,0.0,1.0,1.0,1.0,1.0,0.0,1.0,0.0,1.0,0.0,1.0,2.0,1.0,0.0,1.0,0.0,1.0,10.0,7.8,1.0,1.0,0.0,1.0,0.0,0.0,1.0,1.0,0.0,1.0,1.0,1.0,2.0,1.0,1.0,1.0,1.0,1.0,1.0,1.0,0.0,1.0,1.0,1.0,1.0,1.0,1.0,1.0
