timestamp,CPU_0(group_0),CPU_64(group_0),CPU_2(group_1),CPU_66(group_1),CPU_4(group_2),CPU_68(group_2),CPU_6(group_3),CPU_70(group_3),CPU_8(group_4),CPU_72(group_4),CPU_10(group_5),CPU_74(group_5),CPU_12(group_6),CPU_76(group_6),CPU_14(group_7),CPU_78(group_7),CPU_16(group_8),CPU_80(group_8),CPU_18(group_9),CPU_82(group_9),CPU_20(group_10),CPU_84(group_10),CPU_22(group_11),CPU_86(group_11),CPU_24(group_12),CPU_88(group_12),CPU_26(group_13),CPU_90(group_13),CPU_28(group_14),CPU_92(group_14),CPU_30(group_15),CPU_94(group_15),CPU_32(group_16),CPU_96(group_16),CPU_34(group_17),CPU_98(group_17),CPU_36(group_18),CPU_100(group_18),CPU_38(group_19),CPU_102(group_19),CPU_40(group_20),CPU_104(group_20),CPU_42(group_21),CPU_106(group_21),CPU_44(group_22),CPU_108(group_22),CPU_46(group_23),CPU_110(group_23),CPU_48(group_24),CPU_112(group_24),CPU_50(group_25),CPU_114(group_25),CPU_52(group_26),CPU_116(group_26)
1772615870.3814228,0.0,0.0,0.0,0.0,0.0,0.0,0.0,0.0,0.0,0.0,0.0,0.0,0.0,0.0,0.0,0.0,0.0,0.0,0.0,0.0,0.0,100.0,0.0,0.0,0.0,0.0,0.0,0.0,0.0,0.0,0.0,0.0,0.0,0.0,0.0,0.0,0.0,0.0,0.0,0.0,0.0,0.0,0.0,0.0,0.0,0.0,0.0,0.0,0.0,0.0,0.0,0.0,0.0,0.0
1772615871.3829234,47.4,44.4,49.0,44.8,51.0,57.0,27.8,30.9,26.0,35.1,31.3,33.7,52.0,60.6,41.7,42.3,42.9,41.4,58.6,57.6,55.1,62.6,50.0,53.5,24.7,22.7,29.3,32.3,53.5,48.5,54.5,50.5,32.0,34.7,22.7,26.5,62.0,50.5,25.5,30.2,28.1,29.3,53.0,51.5,27.1,18.9,40.4,33.3,30.9,34.4,39.8,28.9,50.5,52.0
1772615872.3898654,35.7,32.0,41.8,43.9,56.4,51.0,34.0,17.7,33.0,31.6,27.8,29.0,50.5,60.0,31.0,21.9,34.0,23.5,46.5,44.9,56.4,56.9,58.0,48.0,29.3,21.4,30.6,22.4,55.1,47.5,51.0,51.0,30.6,21.4,21.6,23.2,57.1,52.0,28.3,35.4,27.3,33.7,50.5,46.5,26.3,20.2,30.3,25.8,27.6,25.5,45.5,53.0,38.1,41.4
1772615873.3902385,40.0,34.0,34.4,35.7,49.0,54.1,29.2,24.5,45.4,37.8,31.6,25.8,55.6,62.0,55.7,42.3,43.4,30.9,54.6,51.0,51.5,53.6,59.0,55.9,31.6,35.7,34.0,31.6,50.0,37.8,58.0,57.1,29.3,32.7,26.0,33.0,56.0,58.0,28.4,34.0,53.5,59.6,38.5,41.4,27.8,33.3,35.4,33.3,40.4,29.3,31.6,34.4,40.8,42.3
1772615874.3903155,30.9,37.8,44.4,42.3,46.4,65.0,33.0,30.0,23.7,31.6,32.3,27.8,50.0,51.5,56.1,56.7,34.0,29.2,51.5,49.0,58.6,58.0,67.7,56.0,32.0,24.2,33.7,44.0,53.5,56.6,66.0,59.0,32.3,20.6,30.6,22.1,65.3,52.0,31.3,23.5,54.5,56.6,45.5,48.5,23.5,25.8,33.0,36.1,29.0,32.6,46.5,48.0,43.9,45.4
1772615875.398587,29.6,29.0,24.7,31.7,49.0,48.0,22.0,16.5,20.4,25.0,24.0,21.0,39.6,46.5,38.8,38.8,40.0,26.0,45.9,39.8,50.0,51.5,50.0,49.0,32.0,16.5,26.8,21.2,38.4,36.0,52.5,49.0,21.2,20.2,27.6,21.0,51.5,49.0,27.6,25.3,54.5,54.0,30.6,36.6,19.4,24.5,22.4,20.2,27.6,23.8,26.0,33.3,32.3,36.6
1772615876.399383,27.1,26.5,30.3,39.8,51.0,42.4,25.5,25.0,30.0,21.6,29.3,22.1,38.4,38.4,29.6,26.3,21.9,18.7,40.8,43.4,43.0,44.0,49.0,66.7,21.6,22.4,23.5,29.6,39.0,45.5,53.5,63.0,24.5,23.5,19.2,30.6,55.0,51.0,23.2,23.7,55.4,52.0,32.7,40.0,18.6,20.4,30.0,27.8,26.3,20.6,33.0,34.3,32.0,30.9
1772615877.3996193,23.5,16.3,23.2,20.2,35.7,44.1,12.2,11.1,24.2,25.5,15.2,11.1,36.4,43.4,34.3,32.3,25.5,29.6,43.0,39.0,50.0,53.0,38.4,52.0,24.2,13.1,15.2,16.2,30.3,30.3,44.0,48.0,17.0,12.1,10.1,10.1,44.6,45.5,18.4,11.2,53.0,42.0,25.0,26.5,29.3,7.1,15.3,11.0,18.4,13.1,33.3,27.6,21.6,29.0
1772615878.3997006,12.5,9.9,12.4,15.2,37.8,43.6,5.2,14.3,5.2,7.1,13.3,5.1,30.0,25.3,38.1,40.0,12.2,11.2,33.7,31.0,36.6,36.4,52.0,45.5,5.1,3.1,20.2,12.2,33.0,35.4,50.0,51.5,3.0,10.1,3.1,5.1,37.4,37.0,6.1,3.1,40.6,40.4,22.4,25.3,5.0,4.0,8.2,5.1,5.1,7.1,25.0,26.0,25.0,13.3
1772615879.3997874,12.4,8.0,15.2,20.0,39.4,38.2,7.1,3.1,5.1,2.0,6.1,6.0,30.3,38.0,23.7,27.0,11.0,13.3,36.4,29.6,33.0,38.2,54.0,28.3,5.1,5.0,6.2,10.1,26.0,33.0,44.0,40.6,3.0,4.0,2.0,5.9,41.4,38.4,2.1,3.1,41.6,39.6,26.0,22.0,2.0,3.1,7.1,11.9,5.2,8.2,18.8,19.0,22.0,21.0
1772615880.3998804,12.2,8.1,22.2,9.2,37.8,33.7,8.0,2.0,4.1,6.9,6.1,3.1,23.2,30.7,3.1,2.1,9.2,9.1,32.0,34.7,38.6,39.6,60.4,21.6,3.1,3.1,9.9,6.2,28.3,24.0,42.6,40.0,3.1,3.1,2.1,2.0,42.0,40.0,32.0,24.5,39.4,42.2,23.0,19.8,5.1,4.0,9.1,10.0,8.1,6.1,26.5,25.3,19.2,21.0
1772615881.4019847,24.2,10.2,14.1,18.2,31.6,34.3,6.1,4.0,22.4,23.5,4.0,7.1,32.0,29.3,33.3,37.0,11.0,13.0,36.6,33.3,34.7,39.0,59.4,24.0,4.0,7.0,11.2,7.1,21.0,31.0,42.6,40.6,6.9,4.0,5.0,3.1,45.0,43.6,13.4,17.2,41.2,40.6,22.0,16.0,7.0,4.0,9.0,11.1,7.9,9.1,19.0,21.2,22.2,16.2
1772615882.404104,17.2,8.1,14.0,16.2,21.4,52.0,4.0,5.1,6.1,0.0,3.1,5.1,30.3,28.3,40.4,39.2,16.3,9.3,35.4,31.3,35.6,37.6,56.0,24.0,6.0,5.0,9.1,7.1,29.3,24.5,38.6,45.5,4.1,4.0,2.0,5.0,40.6,41.4,8.1,1.0,41.6,40.6,18.0,22.0,3.0,3.0,8.1,8.2,5.1,8.2,25.3,23.0,21.2,17.2
1772615883.4058895,13.0,8.2,13.3,15.2,33.3,40.6,2.1,2.1,5.0,5.1,3.1,5.1,22.5,31.0,14.3,18.2,7.1,7.1,38.4,33.0,35.4,37.6,47.5,34.7,5.1,3.1,9.0,10.1,25.0,35.0,44.0,39.0,5.1,4.0,5.1,2.0,40.4,39.6,4.1,3.0,41.6,40.6,27.3,18.0,2.0,4.1,8.2,9.0,6.1,8.1,21.2,21.0,18.2,23.0
1772615884.4059718,13.1,10.0,20.0,17.3,40.4,26.7,5.0,4.0,6.1,4.0,7.0,4.1,25.3,30.0,6.1,5.1,13.0,14.1,33.3,32.3,35.6,36.0,39.4,42.0,3.1,6.0,8.2,4.0,20.4,28.6,42.0,39.4,3.1,3.1,4.1,25.3,38.6,37.8,4.0,4.0,41.0,41.0,26.0,20.0,2.0,3.0,7.1,12.9,10.1,8.0,15.0,16.2,17.2,15.6
1772615885.406056,19.4,7.1,14.4,14.1,40.0,36.4,3.0,3.0,18.6,19.2,5.1,5.0,27.3,32.7,35.4,44.0,8.1,8.2,37.0,29.0,37.0,39.6,41.0,40.0,6.9,4.0,8.0,10.3,28.7,29.0,43.6,39.0,1.0,4.0,3.1,27.7,37.8,34.7,3.0,3.0,37.6,39.6,28.0,20.0,3.0,2.1,13.9,5.1,7.1,7.1,29.7,30.0,20.4,19.8
1772615886.4073765,11.3,9.0,18.0,13.4,32.7,41.6,3.0,2.0,4.0,4.1,4.0,4.1,29.7,33.0,37.8,37.5,17.3,19.8,37.4,30.3,36.3,37.3,43.0,39.0,7.0,5.1,10.1,7.1,33.0,21.2,40.0,42.0,6.0,7.0,3.0,29.6,44.6,41.0,3.1,2.0,32.0,29.0,19.0,22.2,2.0,4.0,7.1,10.1,7.1,9.2,13.1,14.3,19.2,20.4
1772615887.4090712,11.3,7.0,13.3,14.9,30.3,32.0,2.0,1.0,4.0,6.1,5.1,5.1,24.2,25.0,8.1,9.9,9.2,9.1,31.7,28.0,34.3,34.3,49.0,31.4,2.0,5.0,11.0,6.9,28.0,24.8,46.0,36.0,4.0,4.0,15.5,14.1,40.6,32.3,1.0,4.0,21.0,22.5,22.8,17.8,2.9,3.0,6.0,8.1,7.9,7.0,28.0,31.4,18.0,16.2
1772615888.4091504,10.4,6.1,15.3,12.2,32.7,35.6,4.0,2.0,2.1,5.1,3.1,6.1,27.0,29.3,6.1,8.1,8.1,7.1,29.3,29.3,31.0,38.0,24.2,29.3,5.9,4.0,6.1,4.1,22.0,27.3,41.0,37.0,3.1,3.1,23.0,9.2,37.8,42.6,3.1,2.0,15.8,14.1,22.4,20.2,1.0,4.0,7.1,7.1,5.1,5.1,4.0,8.1,21.2,15.0
1772615889.4092364,14.1,7.1,14.1,16.2,38.4,31.0,3.1,4.0,22.2,20.2,6.0,3.1,31.7,23.2,37.4,32.0,7.1,6.1,30.0,34.0,34.7,33.0,24.0,20.4,3.1,4.0,8.0,8.9,22.2,25.0,28.3,34.0,4.0,3.1,1.0,28.7,38.0,41.0,1.0,3.0,11.2,14.1,16.2,17.0,2.0,3.0,6.1,8.0,5.1,8.2,27.3,26.5,19.4,11.1
1772615890.4093194,12.1,10.0,16.2,13.1,37.4,37.0,4.0,3.1,5.1,2.0,5.1,5.0,24.2,33.0,37.8,36.1,15.0,9.1,36.4,39.0,37.6,35.6,38.0,41.2,4.0,4.0,7.0,4.1,24.8,28.0,31.7,39.6,3.0,3.0,3.0,32.7,40.6,39.6,4.0,4.0,16.0,12.0,20.0,22.0,4.0,2.0,9.0,9.1,9.0,7.0,15.0,15.8,18.0,21.2
1772615891.4094057,12.4,9.1,18.4,17.2,31.0,36.0,5.1,4.0,5.1,4.1,4.1,5.1,25.3,28.3,12.2,14.1,5.1,9.2,36.0,31.0,36.6,40.0,22.0,24.5,5.1,5.1,8.1,7.0,33.0,21.2,23.2,25.0,5.1,2.1,25.7,14.3,39.4,40.0,3.1,8.2,21.0,16.2,27.0,18.0,5.0,4.0,8.1,9.2,7.0,7.1,14.3,14.4,20.0,19.0
1772615892.409493,11.3,11.1,14.9,16.3,40.8,31.0,4.0,2.1,3.1,5.1,5.0,5.0,29.0,31.0,7.1,5.2,10.2,8.1,31.0,36.0,40.0,33.0,9.0,39.0,4.0,6.1,7.1,7.1,28.0,27.3,28.0,11.1,4.1,4.0,32.3,1.0,41.0,39.0,7.9,15.2,21.2,22.0,23.5,16.2,2.1,2.0,10.0,9.1,7.1,7.1,26.5,26.5,19.2,17.0
1772615893.411326,11.3,8.9,14.1,11.0,34.3,36.6,2.0,5.1,21.4,18.2,5.1,3.1,23.0,24.0,36.0,26.3,10.9,11.1,32.7,32.0,36.9,34.7,36.0,47.1,5.0,3.0,5.0,9.0,22.8,22.0,43.1,27.3,5.9,2.0,9.2,21.0,43.0,43.0,4.1,3.0,29.0,34.0,20.2,18.0,6.0,6.1,7.1,8.0,3.1,5.2,8.1,9.2,20.0,18.2
1772615894.4114482,14.6,10.1,19.2,18.4,43.4,31.4,5.0,2.0,4.1,4.2,4.1,5.1,32.3,28.0,38.1,38.8,12.2,14.1,32.0,29.6,33.3,37.0,42.0,38.4,4.1,5.1,8.1,10.1,33.7,27.6,41.0,42.0,6.1,3.0,19.0,18.2,39.4,40.0,3.0,6.1,36.0,40.0,21.0,23.2,2.0,2.0,11.0,10.3,6.0,8.2,29.0,30.3,16.0,22.2
1772615895.412104,10.2,6.0,10.2,11.2,41.0,27.0,2.0,1.0,2.0,3.0,3.0,3.1,20.6,25.3,14.3,15.3,7.1,5.2,31.0,30.3,33.7,32.7,42.0,30.3,4.0,4.0,6.1,4.1,26.7,17.8,40.6,40.6,3.0,2.1,23.2,7.0,40.0,40.0,5.1,6.1,41.6,39.6,18.2,13.3,2.0,4.0,6.1,7.8,6.1,6.0,6.1,8.0,16.2,14.3
1772615896.4161203,13.1,7.1,19.2,17.2,30.6,41.6,2.0,3.0,4.1,3.1,4.0,6.1,33.0,25.5,14.3,5.0,10.1,10.0,36.0,33.7,34.7,38.2,32.0,29.7,4.1,4.0,5.0,9.8,31.0,25.0,42.6,24.2,3.0,4.0,10.1,19.0,41.6,41.6,3.1,10.0,41.2,41.0,29.7,19.6,3.0,3.1,8.1,7.1,4.1,10.0,24.8,27.7,18.0,20.2
1772615897.4171197,10.5,10.1,23.5,22.2,39.0,31.7,5.1,4.0,23.8,14.4,6.1,6.1,34.3,31.0,35.4,41.8,16.2,16.3,35.7,37.8,39.0,40.6,34.0,28.0,5.0,6.1,8.1,8.3,30.0,26.7,41.0,21.0,7.0,4.1,36.0,2.0,38.4,40.0,10.0,6.2,39.6,41.6,22.2,21.2,6.0,3.0,12.9,9.0,11.1,6.1,16.2,16.3,22.4,23.0
1772615898.4183316,11.2,12.2,22.4,28.0,36.1,43.0,4.1,3.0,6.2,5.1,7.2,5.1,27.7,36.0,39.2,34.4,13.1,12.2,41.2,34.0,40.2,40.6,33.0,28.0,5.1,3.1,10.0,11.1,28.3,31.0,35.6,26.7,5.1,5.0,39.0,1.0,41.0,41.0,3.1,9.2,39.6,42.6,28.0,26.0,4.0,4.0,7.1,10.2,9.0,8.1,26.7,27.3,23.2,24.5
1772615899.4213762,13.7,11.0,17.3,14.3,44.0,31.0,4.0,2.1,2.1,2.0,4.0,6.0,38.0,30.0,16.7,9.2,9.2,9.2,30.6,37.4,35.6,40.2,24.2,35.4,6.0,5.0,6.1,6.1,31.6,28.4,24.0,23.0,5.1,3.1,30.0,1.0,38.0,38.4,3.1,3.1,40.2,41.2,28.0,21.8,7.1,2.0,7.0,11.0,6.1,8.0,14.1,14.1,21.0,21.2
1772615900.425555,10.3,8.1,18.2,16.8,42.9,27.2,3.0,4.0,5.1,3.1,6.9,4.0,24.0,34.0,16.3,14.0,10.0,9.1,37.6,34.3,36.6,36.6,17.8,25.0,5.0,5.0,7.1,7.9,25.5,34.0,22.0,12.9,4.0,4.0,29.0,2.0,39.8,40.6,2.0,3.0,41.2,38.6,19.8,21.2,6.1,3.0,7.1,12.0,7.0,5.1,27.0,29.7,20.0,20.4
1772615901.425706,13.4,6.1,15.0,16.7,32.3,38.4,2.1,3.1,15.2,13.0,4.1,5.1,28.6,30.3,36.7,42.9,13.4,7.1,28.3,36.4,37.0,40.6,44.0,34.0,2.0,5.1,12.9,5.1,22.2,33.7,27.0,36.0,4.1,4.1,8.2,2.1,39.8,39.4,10.0,22.4,41.0,41.4,27.0,14.1,3.0,3.1,8.1,10.0,8.9,8.1,16.0,14.3,20.2,17.3
1772615902.4264824,11.3,11.0,16.2,15.2,45.0,26.7,6.1,8.1,15.3,15.3,5.1,5.1,24.2,34.0,30.9,29.9,15.2,13.3,33.0,35.0,34.7,37.6,43.4,37.4,6.0,6.1,8.2,6.1,29.3,26.0,30.3,31.6,5.1,5.1,32.3,3.0,42.0,44.0,22.4,28.6,41.6,39.6,25.5,15.2,2.0,2.0,8.1,8.1,5.1,7.1,25.3,28.0,20.2,20.2
1772615903.426605,10.5,7.1,11.3,13.3,33.7,33.7,4.1,2.0,2.0,6.0,4.0,2.1,24.0,28.0,8.0,5.1,4.1,6.1,29.3,31.7,32.4,37.0,55.4,25.3,3.1,4.0,7.1,6.1,26.0,23.5,41.0,35.4,3.0,1.0,3.0,20.2,39.4,37.0,2.0,2.0,41.0,41.2,21.0,13.1,2.0,3.0,6.0,8.2,6.1,5.0,15.2,15.0,16.2,16.2
1772615904.4269047,8.3,8.0,14.9,15.2,38.4,30.0,9.0,3.0,4.0,3.1,4.0,5.0,25.0,25.3,14.0,12.0,13.1,4.1,33.0,31.0,31.7,36.6,36.0,18.0,8.1,2.0,6.1,6.0,23.2,23.8,22.2,40.6,4.0,4.0,4.0,25.7,43.0,38.6,5.9,3.0,37.0,38.0,15.0,17.8,2.0,3.0,7.1,8.9,4.1,6.1,10.1,13.1,14.1,18.2
1772615905.429297,12.1,8.1,17.0,16.0,37.6,36.3,5.0,4.0,7.0,8.0,4.0,4.0,30.7,31.4,33.7,30.3,10.9,10.0,32.7,27.6,35.6,39.2,20.8,4.0,3.0,5.0,5.1,6.1,24.0,32.0,10.2,13.9,2.0,3.0,25.3,1.0,37.6,38.0,1.0,2.0,30.4,31.7,23.8,23.2,3.9,3.0,8.1,7.1,7.0,6.9,24.0,25.7,18.0,18.2
1772615906.4307764,12.2,10.0,16.3,17.5,37.1,39.0,4.0,4.1,17.3,22.4,4.1,7.1,28.0,36.4,28.6,34.7,9.3,9.3,38.4,31.3,37.0,42.6,39.6,25.0,4.0,8.0,10.0,10.1,35.0,30.3,28.7,29.3,6.1,5.0,14.1,3.1,41.4,42.4,4.0,8.2,28.7,28.3,21.4,25.3,10.2,2.0,11.9,9.1,7.1,7.3,14.3,16.2,22.2,26.3
1772615907.4308677,11.3,9.1,15.2,18.4,34.7,33.7,3.1,3.1,3.1,6.1,2.1,4.1,26.5,28.3,22.7,21.4,11.2,11.2,33.0,32.3,38.0,39.0,41.6,22.0,4.0,4.1,7.2,6.1,25.0,29.0,43.0,32.0,4.1,4.1,2.1,1.0,40.4,40.6,1.0,2.0,22.0,22.0,18.0,23.2,5.1,3.1,9.2,9.1,7.1,8.1,25.0,25.3,19.4,16.2
1772615908.4314919,11.3,6.1,16.5,9.2,34.7,36.4,4.0,5.1,4.1,3.0,5.9,4.0,33.0,29.7,14.3,14.0,5.1,6.1,36.7,26.7,37.0,36.0,41.0,21.0,5.1,3.0,6.1,7.1,31.0,26.3,40.4,21.0,2.0,4.0,3.0,0.0,38.6,37.0,3.0,2.0,22.8,20.8,18.2,16.0,4.0,3.0,8.1,7.0,8.1,5.0,18.0,21.8,20.0,20.0
1772615909.433637,13.9,7.9,16.8,21.8,31.0,40.6,4.0,10.0,6.1,5.1,6.1,6.0,32.7,28.0,33.0,24.2,14.1,15.8,35.6,39.0,37.3,37.3,41.0,20.8,6.1,3.0,9.0,8.0,31.0,31.7,43.7,34.7,3.0,4.0,5.0,4.0,43.0,41.6,3.1,3.0,24.0,19.2,24.8,22.8,5.0,2.0,11.0,8.0,7.9,7.1,20.8,21.2,21.2,21.2
1772615910.433711,12.4,8.2,16.3,16.2,40.8,35.6,3.0,10.2,22.4,16.5,6.1,5.1,30.6,25.3,27.1,32.3,8.2,8.2,33.3,31.3,39.6,35.6,40.6,21.4,4.0,3.0,4.0,8.2,27.0,27.7,42.4,39.0,4.0,5.1,2.0,2.0,42.0,39.4,2.0,2.1,22.8,21.0,18.6,22.0,3.1,4.0,8.1,6.1,5.1,6.1,20.4,19.4,20.2,14.3
1772615911.4337857,13.3,8.0,13.4,15.3,29.6,42.6,7.1,4.0,7.1,9.1,4.1,7.1,35.0,26.7,21.8,26.3,13.0,11.2,31.6,31.0,36.6,34.7,29.3,27.0,5.0,4.0,9.1,7.0,24.2,28.6,39.6,42.0,4.1,3.0,3.0,4.0,41.4,40.0,3.1,3.0,29.3,30.7,18.8,21.0,8.8,2.0,7.1,7.1,5.1,7.1,16.0,16.0,21.0,16.2
1772615912.4351375,12.4,7.9,18.2,13.1,40.8,33.3,5.1,2.0,4.0,3.1,5.9,3.1,24.0,30.3,21.4,18.0,8.2,9.2,39.4,26.5,39.6,37.6,52.5,23.0,5.0,9.3,7.1,7.1,33.3,26.0,43.0,35.0,4.1,3.1,4.1,7.0,41.0,41.4,5.1,12.1,24.5,24.0,20.8,22.2,1.0,5.0,7.1,9.1,8.1,8.1,23.0,21.2,25.0,16.2
1772615913.4358773,12.1,8.2,13.1,20.4,39.6,32.7,5.1,5.1,12.1,5.1,6.1,7.1,28.3,31.0,26.3,29.6,3.0,15.3,36.6,38.0,35.0,39.6,36.4,11.2,7.1,4.0,10.9,7.0,31.7,27.0,41.0,24.0,6.0,4.0,3.0,3.0,41.2,39.6,7.1,10.2,27.0,33.7,25.3,18.2,3.0,4.0,10.0,11.0,7.1,6.1,23.0,22.2,20.2,21.4
1772615914.4395552,13.0,11.1,13.1,10.2,35.6,32.7,3.1,2.0,10.2,13.3,3.1,3.1,32.7,21.0,29.0,31.6,19.0,7.1,31.7,26.5,33.3,32.0,22.8,20.8,3.1,2.0,8.1,5.1,26.0,20.2,35.6,6.0,4.0,3.0,2.0,2.0,39.0,40.0,5.0,4.0,31.7,32.0,23.2,11.9,1.0,2.0,6.1,7.0,5.0,6.1,17.2,18.0,18.6,13.0
1772615915.4396436,13.1,6.1,16.2,14.3,36.5,36.6,5.9,1.0,10.2,8.0,6.9,4.0,28.0,24.0,15.3,22.4,7.0,4.1,34.7,29.7,34.0,35.0,29.3,14.1,5.0,5.0,8.0,7.1,24.5,22.8,22.2,18.0,6.1,3.0,3.0,1.0,40.0,41.0,2.0,1.0,31.0,31.0,18.0,19.2,3.1,2.0,9.1,10.0,5.1,6.1,22.0,23.0,17.5,19.0
1772615916.43973,20.4,11.1,20.2,17.6,32.7,47.1,5.1,4.0,6.0,3.0,5.1,7.0,34.0,33.0,23.2,19.0,10.2,16.0,40.0,28.0,38.0,40.2,21.8,2.0,5.0,3.1,7.1,8.1,32.7,35.0,22.0,19.8,4.1,3.0,1.0,5.0,41.0,40.2,4.0,4.0,38.0,34.7,23.3,24.5,5.1,4.0,9.9,8.1,9.0,6.1,17.2,13.1,22.0,24.0
1772615917.4411056,33.7,14.0,13.4,17.7,41.4,35.4,3.1,3.1,8.3,9.3,6.1,6.1,32.0,33.7,28.3,28.9,7.2,3.1,34.3,31.6,37.3,37.0,19.4,12.4,4.1,5.1,7.1,7.1,34.3,23.2,29.7,25.0,2.0,5.1,6.1,2.1,40.0,41.8,3.1,2.1,41.2,41.0,20.4,25.5,3.0,5.1,9.2,8.1,7.1,6.1,25.7,27.7,23.0,16.3
1772615918.4434617,13.4,8.1,18.0,15.8,26.3,41.6,4.0,4.0,13.1,11.2,5.0,5.1,26.0,23.8,32.7,29.9,15.3,17.2,30.6,34.0,39.6,37.6,60.4,24.0,4.0,6.1,9.9,11.0,34.0,20.0,33.3,38.0,7.0,3.0,4.0,2.0,38.0,41.6,5.1,1.0,40.6,41.2,20.0,25.0,2.0,3.0,11.0,7.0,7.1,7.1,15.3,16.3,14.3,23.8
1772615919.4465818,12.1,9.1,18.2,22.4,39.0,36.0,4.0,6.1,7.1,10.0,6.1,4.0,37.6,30.0,17.5,19.0,4.1,3.1,40.0,33.0,41.2,40.6,55.0,25.7,5.1,4.1,5.1,9.1,35.0,32.0,48.0,33.3,6.1,3.1,4.1,3.0,42.0,40.4,7.2,5.1,42.0,40.6,26.5,24.2,8.0,5.0,10.1,9.2,6.2,8.1,24.0,28.0,23.0,23.5
1772615920.446662,11.6,7.1,17.2,15.0,26.3,43.1,2.0,3.1,8.2,3.1,3.1,3.1,27.3,26.3,16.2,20.4,15.2,15.2,32.3,26.0,39.6,37.3,48.5,31.6,7.0,5.0,10.2,7.9,28.0,29.0,39.2,42.6,1.0,4.0,2.0,3.0,37.4,40.6,4.0,1.0,40.2,40.6,21.8,24.0,10.1,2.0,8.1,8.1,7.9,7.1,16.0,16.0,16.5,20.8
1772615921.4499123,13.4,7.1,12.1,14.0,33.3,31.0,3.0,4.0,5.1,3.1,4.0,3.0,22.2,29.0,31.0,31.6,4.0,3.0,33.0,33.0,34.0,32.0,57.0,24.5,5.1,4.0,7.0,5.1,24.2,24.2,34.3,36.0,5.0,4.0,2.0,1.0,39.0,42.0,3.0,4.0,41.6,39.6,16.2,16.0,5.1,2.0,9.0,8.0,5.1,5.1,20.2,19.2,17.8,13.1
1772615922.4505854,12.4,6.1,13.9,20.0,36.7,40.2,2.0,3.1,15.2,7.1,6.0,5.0,32.0,27.7,31.6,29.3,17.0,15.3,36.6,34.0,38.6,34.7,37.0,31.3,5.0,4.1,8.0,8.1,23.2,32.3,2.0,39.6,5.1,5.0,5.0,3.0,41.6,39.4,22.2,15.2,39.0,39.2,16.8,23.0,3.0,3.0,10.1,9.1,7.1,7.1,18.4,14.3,20.0,19.4
1772615923.4529142,12.1,6.9,13.1,14.1,33.0,34.7,3.0,2.0,12.1,5.1,2.1,5.1,35.0,18.0,16.3,17.0,2.0,4.0,32.3,31.0,34.7,36.3,9.1,26.7,3.0,1.0,7.1,3.1,24.0,23.8,29.0,19.0,4.0,2.0,2.0,2.0,41.0,38.6,21.4,23.5,31.4,30.7,16.2,19.0,2.0,2.0,7.0,6.1,7.0,5.1,21.8,23.8,22.2,14.0
1772615924.4530013,12.1,9.2,15.2,13.3,38.0,28.0,3.0,5.1,2.0,2.1,5.0,5.1,32.7,26.0,11.9,8.2,4.0,7.1,31.7,28.0,33.7,37.4,30.7,16.3,6.1,2.0,6.1,8.0,26.0,32.0,43.0,16.3,5.1,2.0,2.0,5.1,40.4,40.4,3.1,3.0,31.0,31.0,19.0,22.0,4.0,3.0,7.1,7.1,4.1,7.9,15.2,13.1,15.2,21.2
1772615925.454945,13.0,9.1,14.0,11.1,34.0,34.0,3.0,3.0,12.0,7.1,4.0,3.1,23.2,26.0,28.3,24.2,10.1,17.2,36.0,29.3,34.7,33.3,37.0,41.0,6.0,2.0,7.1,6.1,23.0,21.0,41.2,39.2,4.0,3.0,3.0,3.1,38.2,39.2,2.0,2.0,31.7,31.7,18.0,16.2,5.1,2.0,10.0,8.0,5.0,7.1,24.8,24.2,17.0,17.0
1772615926.455027,10.5,6.1,16.2,12.2,39.8,37.6,3.0,4.0,4.1,12.1,4.0,6.1,28.3,30.0,38.8,32.3,2.0,8.2,31.6,25.3,37.6,33.0,27.3,52.0,3.1,4.1,6.1,7.1,28.3,23.0,35.7,45.0,6.0,2.0,3.1,4.0,40.4,38.8,2.0,5.1,30.7,33.3,20.0,16.0,2.0,3.0,5.1,8.1,6.1,6.9,13.0,13.1,18.8,17.3
1772615927.4577336,12.2,7.1,16.2,18.0,27.6,40.6,5.1,3.1,7.1,14.3,4.1,6.1,32.7,32.3,21.4,22.4,13.3,11.0,31.3,37.4,39.2,36.6,19.8,37.6,5.0,5.0,4.0,11.9,28.3,28.0,37.6,43.0,4.1,3.1,3.1,3.1,41.4,40.0,3.0,3.1,29.0,34.0,22.2,27.0,4.0,3.0,9.1,5.1,7.1,4.1,19.0,19.2,23.5,15.5
1772615928.4591537,11.2,10.1,18.4,18.2,44.9,34.0,4.0,2.0,6.1,8.0,5.1,4.0,33.0,27.7,8.0,11.1,10.0,4.0,31.7,43.4,38.4,35.6,24.5,33.0,4.0,7.1,8.1,8.2,29.0,28.3,39.6,30.7,4.1,14.0,4.0,3.0,41.6,41.4,1.0,1.0,31.7,30.0,27.0,16.2,2.0,3.1,10.1,10.0,7.9,7.0,22.0,20.0,25.3,18.0
1772615929.460932,14.1,10.9,18.2,15.5,37.0,42.0,5.2,5.0,10.2,7.1,7.1,7.0,28.7,31.3,27.6,31.3,17.2,9.2,30.6,38.0,38.6,39.4,33.3,45.5,5.0,6.1,8.0,9.9,33.3,26.0,33.3,35.6,3.0,36.0,5.0,2.0,40.4,40.6,2.0,4.0,25.0,23.8,23.2,28.3,2.0,4.0,6.1,11.0,6.1,6.1,22.0,24.0,23.8,18.2
1772615930.4627666,11.3,7.0,18.0,16.8,29.3,37.0,5.0,3.1,11.0,4.2,4.0,6.0,25.0,32.0,35.7,35.0,4.0,10.0,32.0,35.0,36.6,40.4,27.7,53.5,4.0,3.1,10.0,7.1,27.0,26.0,43.1,26.0,6.1,10.9,3.1,2.0,41.0,41.0,4.0,3.0,22.0,21.8,15.0,18.8,2.0,3.1,9.0,8.1,4.1,6.2,17.0,18.2,18.2,22.2
1772615931.4628499,13.7,12.2,21.6,13.3,32.7,42.0,3.0,3.1,9.3,7.1,7.1,3.1,37.4,23.2,18.2,18.6,15.2,9.3,42.4,26.3,40.0,35.0,47.0,32.7,3.0,5.1,7.1,9.1,24.0,36.0,34.0,26.5,5.0,4.1,3.0,4.0,40.6,40.0,2.0,5.1,25.0,36.4,21.0,32.0,4.0,5.0,10.2,6.1,8.9,6.1,22.2,25.0,21.2,24.0
1772615932.4631467,10.2,9.0,12.0,16.2,42.2,32.0,4.0,3.0,5.1,7.1,3.0,8.0,20.0,29.0,16.0,13.3,7.1,4.0,34.3,29.0,36.6,37.6,28.3,33.0,5.0,4.0,3.0,7.1,28.0,21.0,34.7,24.8,2.0,3.0,4.0,5.0,40.0,42.0,3.1,2.0,31.7,31.4,19.8,21.8,3.0,5.1,6.1,9.1,6.0,7.1,18.0,18.6,18.0,15.2
1772615933.46696,13.1,8.2,16.0,21.0,27.6,43.1,3.1,5.1,19.8,4.1,8.0,4.0,35.6,28.7,39.4,30.0,15.3,12.2,38.6,36.0,38.6,38.2,19.8,36.4,3.0,5.1,9.0,8.2,32.0,27.3,30.4,32.7,4.1,4.0,2.0,4.0,41.0,41.0,10.9,3.0,35.6,39.4,22.2,23.2,4.0,4.0,12.0,8.0,7.1,8.0,23.8,20.4,20.2,22.2
1772615934.4674764,15.2,7.1,15.3,12.2,45.9,28.3,3.1,5.1,6.1,7.1,5.2,9.2,31.3,26.3,33.0,28.9,3.0,12.2,26.5,36.0,34.7,37.4,23.0,34.0,4.0,3.0,7.1,10.0,26.3,34.3,36.4,35.4,5.0,4.1,6.1,1.0,38.0,38.0,7.2,13.4,34.0,35.6,22.2,19.8,3.0,3.0,7.1,10.1,5.1,6.1,20.0,20.2,22.2,20.2
1772615935.4695854,8.2,8.1,8.2,14.1,39.0,26.2,3.0,5.1,9.2,4.1,6.0,5.9,27.0,24.0,14.1,11.2,14.3,3.1,29.0,27.3,31.7,33.7,25.5,21.4,2.0,5.1,5.1,6.1,23.0,22.0,33.0,25.0,3.0,5.0,2.0,2.0,42.0,42.0,4.0,3.1,30.7,30.0,20.0,18.0,2.0,3.0,7.1,7.0,6.0,7.0,17.2,18.0,15.2,13.1
1772615936.4701796,15.7,10.2,16.3,16.0,44.4,28.7,4.0,4.0,9.0,8.2,5.1,4.0,32.0,27.0,10.0,14.1,9.2,2.0,31.0,39.0,36.6,39.2,31.7,28.0,6.1,4.0,7.1,10.0,29.3,31.0,33.0,30.3,5.1,1.0,3.1,2.0,41.6,38.4,3.0,3.0,31.7,33.3,19.8,26.0,3.0,3.0,7.1,10.1,10.1,6.1,20.2,22.8,29.0,15.3
1772615937.4735904,15.0,10.0,18.2,13.3,42.0,31.0,4.1,3.1,8.2,12.1,6.0,5.1,36.0,26.0,35.1,39.0,6.1,23.0,33.3,31.0,37.6,39.0,27.7,50.0,4.0,4.0,8.0,8.0,33.0,26.3,31.7,38.6,4.0,4.0,6.1,3.1,40.6,38.6,5.2,3.1,32.0,31.0,19.0,24.5,4.0,4.1,10.0,11.0,7.1,6.1,14.9,15.3,22.0,20.2
1772615938.4757566,11.1,9.9,16.2,15.8,34.7,36.0,7.9,4.0,2.1,12.1,5.1,6.0,31.3,27.0,30.3,31.6,4.0,12.1,31.3,38.0,36.6,34.7,18.0,30.3,4.0,8.0,6.1,8.0,21.0,31.4,41.0,22.2,9.2,6.0,3.1,4.1,42.0,41.0,5.0,2.0,39.2,34.7,19.0,20.0,2.0,2.1,6.1,7.0,8.1,6.0,24.2,27.0,17.0,21.0
1772615939.4778876,10.5,13.1,18.4,16.5,23.7,46.5,3.0,4.0,4.1,13.4,6.0,3.1,33.0,27.0,17.8,18.4,9.2,15.3,32.7,35.7,38.0,39.6,30.3,43.6,4.0,6.0,6.1,9.1,28.3,26.0,26.3,35.6,8.0,4.1,3.0,6.1,41.6,40.4,2.1,4.1,40.0,41.0,23.0,19.2,3.1,2.0,11.2,10.0,8.1,6.1,22.0,23.0,26.3,16.0
1772615940.4779632,14.0,8.1,22.0,15.0,40.4,33.7,4.1,3.0,4.1,6.1,5.1,4.1,33.3,21.4,19.4,25.3,9.1,9.2,32.3,31.7,40.6,35.6,40.6,23.0,3.0,3.1,6.1,7.1,28.6,34.3,39.6,41.6,4.0,4.0,0.0,4.1,37.4,38.0,2.1,4.1,40.6,41.0,22.2,21.0,2.0,4.0,11.0,7.1,6.1,7.1,17.8,19.2,22.2,18.4
1772615941.4780414,10.3,7.1,9.1,17.3,40.4,30.0,2.1,2.0,14.3,6.1,3.1,6.0,29.0,18.0,25.8,40.8,9.2,10.1,27.3,35.0,36.6,36.0,35.6,39.6,4.0,8.0,9.0,7.1,22.0,26.3,40.4,41.6,2.0,5.0,3.0,3.1,42.0,40.0,3.1,3.0,39.0,38.6,15.0,20.4,2.0,3.1,9.0,6.1,8.0,6.1,23.0,28.0,21.8,14.1
1772615942.4821944,12.2,9.0,17.3,16.3,34.0,44.6,4.0,3.1,10.1,5.1,5.0,6.0,33.3,34.3,23.2,23.5,12.0,9.1,36.0,33.7,39.2,38.2,20.8,61.4,6.0,5.1,8.1,7.1,24.0,31.0,35.6,44.6,3.1,3.0,3.1,3.0,40.6,44.0,3.1,4.0,31.4,31.4,28.0,21.8,4.0,3.0,7.1,8.2,7.1,6.1,13.9,15.2,23.0,18.0
1772615943.4849381,13.0,7.1,16.0,11.1,36.0,36.0,5.9,5.1,13.0,5.2,5.1,5.0,26.7,24.2,24.5,13.1,7.1,10.0,30.3,28.7,33.0,39.2,27.0,50.5,2.0,4.0,7.1,6.0,18.2,28.4,38.6,44.0,4.0,5.9,4.0,3.0,39.0,43.6,28.0,11.1,31.0,31.7,19.0,16.8,2.1,4.0,6.1,8.2,7.1,5.1,30.0,28.6,16.2,19.2
1772615944.4858062,13.1,9.0,14.0,18.2,41.4,25.0,4.0,2.1,6.1,7.0,4.1,5.1,26.0,28.3,25.0,30.0,3.1,14.3,29.3,38.0,39.0,35.6,41.4,39.0,6.1,4.0,9.0,9.0,31.3,22.4,48.5,31.3,4.0,4.0,2.0,2.0,39.4,40.4,20.6,23.2,31.7,31.4,21.0,22.2,1.0,4.1,10.0,9.0,7.1,7.9,10.0,11.0,21.2,18.2
1772615945.4871578,13.0,7.1,14.1,18.2,42.0,33.0,4.1,4.0,17.2,4.2,5.0,4.1,32.0,20.0,28.1,31.3,9.2,14.1,35.0,35.0,40.6,34.0,43.6,34.3,3.1,4.0,9.0,6.1,24.8,27.7,46.5,35.6,4.1,3.1,3.1,2.0,39.6,41.0,4.0,4.0,32.4,31.0,23.8,15.3,3.0,4.0,10.0,10.0,6.1,7.1,32.7,32.7,16.2,20.2
1772615946.4901977,8.5,9.0,15.3,14.3,32.0,32.0,4.0,3.0,3.1,4.0,5.1,5.0,27.3,29.0,17.3,18.6,8.2,9.1,35.0,33.3,36.9,35.6,45.0,33.7,3.0,4.1,5.1,8.0,29.3,31.0,26.5,32.3,5.1,4.0,3.0,3.0,40.4,41.6,5.2,2.0,41.0,40.0,23.2,17.8,1.0,5.0,7.1,9.2,7.0,7.9,6.1,10.0,21.0,17.3
1772615947.4975553,10.2,7.1,14.0,14.0,26.8,46.6,3.0,2.0,6.2,18.2,3.0,5.0,26.7,31.7,27.0,21.8,10.1,12.1,33.3,36.6,34.7,36.9,39.6,40.4,3.0,8.8,5.1,9.0,29.7,28.7,12.9,11.9,3.0,4.0,3.0,5.1,38.6,38.0,4.0,2.0,38.2,37.6,17.0,21.8,4.0,1.0,5.2,8.9,7.0,5.1,32.7,34.0,19.2,18.0
1772615948.4988306,13.1,8.0,15.3,14.1,36.4,40.0,7.0,1.0,4.0,10.9,4.1,4.0,23.0,34.0,26.5,32.3,9.1,8.1,35.4,31.6,34.0,38.0,18.2,46.0,2.0,6.0,7.1,6.1,24.2,27.3,18.8,16.0,5.1,4.0,4.0,3.0,42.6,41.4,5.2,3.0,30.7,31.0,19.0,24.0,2.9,4.0,8.0,7.2,6.1,7.0,7.1,10.0,25.5,16.2
1772615949.4989142,11.3,8.1,17.3,18.2,43.4,33.3,7.1,2.0,7.1,12.1,6.1,5.1,32.0,30.0,21.4,29.6,16.0,7.3,28.0,40.4,42.2,40.2,30.3,23.0,3.0,5.1,8.1,6.1,28.3,29.0,2.0,22.0,6.9,3.0,5.1,2.0,37.8,36.0,2.0,4.0,30.0,31.4,26.3,25.3,3.1,3.0,8.1,9.0,10.9,7.1,33.0,31.3,16.2,27.0
1772615950.5005553,13.1,9.9,22.2,20.8,40.8,35.6,5.9,4.0,5.1,11.1,5.9,4.0,37.0,30.7,25.0,20.4,8.2,9.9,32.7,33.7,37.6,39.0,35.6,27.3,4.0,7.0,9.1,8.0,26.5,36.0,24.0,35.6,4.0,4.0,3.0,3.0,42.2,41.7,5.0,2.0,22.8,21.8,24.8,27.7,1.0,4.0,7.1,10.0,8.0,9.1,8.0,10.1,18.0,27.5
1772615951.5006444,15.2,10.2,23.0,15.3,44.9,32.0,3.1,2.1,9.3,6.2,4.1,6.1,32.0,26.3,24.7,29.6,8.2,11.1,35.0,37.4,40.0,39.0,40.0,37.6,6.0,4.1,10.1,6.1,31.6,28.0,28.0,35.0,2.1,6.0,4.1,3.1,40.8,40.8,3.1,3.1,23.0,25.5,23.2,25.0,3.1,1.0,11.1,14.1,7.1,8.1,31.6,35.6,20.2,21.4
1772615952.500726,14.1,7.1,20.6,18.0,41.4,37.6,5.0,3.1,12.1,7.2,5.1,4.1,27.0,35.0,29.3,22.2,10.2,9.2,32.0,38.4,38.0,36.6,28.0,41.0,6.1,2.0,10.0,5.1,31.3,31.3,38.0,41.0,2.0,2.1,3.1,6.0,39.6,43.0,6.1,3.0,32.0,30.7,27.0,24.8,5.0,2.0,8.1,9.1,7.1,5.2,7.1,7.2,24.0,22.7
1772615953.5008152,13.3,7.1,20.2,16.5,36.1,34.3,4.1,5.0,4.1,9.2,4.1,5.1,29.7,33.3,23.5,21.0,9.2,9.2,33.3,35.7,40.6,40.6,26.3,34.3,5.0,4.0,7.1,7.0,31.7,29.6,41.4,40.0,7.1,5.0,4.1,2.0,34.0,42.6,4.1,6.1,30.3,31.3,24.2,22.0,1.0,3.1,9.2,8.0,5.1,8.0,21.2,20.2,18.0,20.2
1772615954.500904,12.4,7.1,23.0,14.3,30.6,42.0,10.1,2.0,3.1,9.0,5.9,6.0,29.3,24.2,20.0,27.6,9.2,9.2,38.4,31.7,35.6,34.7,42.0,41.6,6.1,4.1,8.1,6.1,27.3,28.0,38.0,31.3,4.0,4.0,1.0,3.0,41.0,40.6,15.3,6.1,37.0,42.6,23.0,18.2,4.0,2.0,9.9,4.1,6.1,8.1,21.0,22.0,16.2,23.8
1772615955.5027676,11.9,11.9,23.2,15.0,38.0,35.0,7.1,2.0,9.3,10.2,4.1,3.1,36.0,21.6,32.7,29.3,16.0,11.1,32.0,41.0,35.0,38.6,34.3,46.0,5.1,5.0,10.2,8.0,33.0,31.3,36.6,27.0,3.0,5.0,2.0,2.0,39.4,41.4,3.0,7.0,39.6,40.6,24.0,24.0,3.0,4.0,8.2,9.1,7.1,8.1,17.2,17.3,23.5,15.5
1772615956.5045776,14.1,5.1,16.3,18.0,37.8,35.6,5.0,4.0,19.0,5.2,7.0,5.1,33.3,26.3,20.4,24.0,14.0,7.1,31.3,34.3,39.6,34.3,50.0,27.0,4.0,4.0,9.0,6.1,31.3,27.7,37.0,29.0,3.0,5.1,4.1,1.0,44.0,42.4,2.1,4.1,31.4,31.7,22.8,24.2,4.0,2.0,9.0,9.0,7.9,6.1,25.7,24.8,18.8,25.0
1772615957.504929,12.2,8.2,21.0,19.4,48.0,30.0,8.1,8.1,4.1,3.1,7.1,5.0,33.7,30.0,27.6,20.4,12.2,7.0,33.7,36.0,41.2,42.0,42.0,40.0,6.1,4.0,7.1,7.0,33.0,30.0,39.0,43.0,6.1,5.0,6.1,5.1,41.0,40.0,5.1,2.0,31.0,32.7,23.2,27.3,4.0,3.0,12.1,14.0,6.1,7.1,8.1,12.1,18.4,25.0
1772615958.5069044,10.5,10.1,18.6,20.2,30.6,43.1,11.0,2.0,11.1,5.1,4.2,3.0,28.3,37.0,29.0,24.2,7.2,16.3,35.0,40.0,31.7,39.0,33.7,47.0,4.1,4.0,9.0,7.0,33.3,28.0,26.0,39.0,4.1,3.1,2.1,3.1,40.0,41.6,5.1,3.1,32.0,31.0,22.2,30.7,3.0,3.0,11.2,6.1,8.1,7.1,29.0,33.0,23.2,21.0
1772615959.5083113,14.4,10.1,14.1,17.0,29.6,41.6,3.1,5.0,10.3,5.1,7.0,2.0,30.0,36.6,28.3,19.4,11.0,12.1,31.3,40.0,39.6,38.6,30.0,36.0,5.1,8.2,5.1,9.1,25.0,34.0,20.0,39.0,2.0,8.0,3.0,2.0,39.4,38.4,1.0,1.0,31.7,31.7,16.0,24.0,2.0,5.1,6.1,11.0,8.0,5.2,14.1,14.1,18.2,23.0
1772615960.5083978,14.9,11.2,18.4,22.2,38.0,41.0,5.1,4.1,13.1,13.1,5.1,5.1,28.3,32.3,21.6,24.7,11.2,8.2,35.6,36.4,41.0,36.0,34.0,29.7,7.0,4.0,8.0,7.1,34.3,41.0,21.2,21.8,3.1,3.0,3.1,4.0,39.0,40.6,3.1,3.1,31.0,36.6,26.3,26.3,4.0,10.1,11.1,7.1,5.2,8.1,27.7,28.0,25.0,18.4
1772615961.5091143,10.4,11.0,19.2,10.1,40.0,33.3,4.0,3.0,5.1,2.1,4.0,4.1,27.5,34.7,31.7,19.2,14.3,5.1,34.3,36.4,31.7,42.0,17.2,35.4,3.1,4.1,7.1,7.1,27.7,26.3,21.8,35.0,2.0,6.9,3.0,3.1,42.6,40.0,2.0,4.0,31.4,30.0,26.0,24.0,2.0,10.1,9.1,11.0,8.0,6.1,9.1,10.2,18.2,20.2
1772615962.509819,12.1,6.1,18.0,19.4,23.8,43.6,3.1,2.0,13.4,11.0,5.1,6.1,33.0,28.3,26.3,30.3,10.2,12.2,35.4,34.0,36.3,41.2,9.0,41.6,5.0,4.0,8.9,8.0,30.0,26.5,31.0,39.2,5.1,4.1,1.0,5.1,43.0,37.6,2.0,4.0,31.0,33.3,23.0,18.2,4.0,2.0,8.1,10.1,6.3,6.0,28.0,30.3,21.2,20.0
1772615963.5134885,13.1,10.9,17.0,18.2,43.3,36.6,4.0,3.1,5.2,6.1,5.1,6.1,26.0,35.6,27.3,18.2,9.2,5.1,35.0,38.4,37.6,37.0,2.0,59.8,4.1,5.0,7.3,8.0,35.0,32.0,31.3,30.0,4.0,5.9,3.0,4.0,40.6,40.4,14.1,12.1,30.0,32.7,20.0,26.0,4.0,4.0,6.1,10.1,7.1,8.0,12.0,13.1,24.8,21.2
1772615964.5150297,13.3,6.1,16.5,18.0,33.7,40.0,5.2,2.0,13.3,11.2,8.9,3.1,28.3,29.0,34.3,24.5,16.0,12.1,33.3,38.6,36.0,35.0,0.0,60.4,5.0,4.0,9.1,10.1,28.3,27.0,30.0,32.3,5.0,3.1,3.0,3.0,39.8,42.0,20.2,34.0,34.7,35.3,24.2,24.0,5.1,2.0,10.0,8.0,8.1,7.1,27.0,29.7,16.2,22.2
1772615965.5170217,12.4,6.1,13.0,19.8,31.3,38.0,4.0,3.0,5.1,2.0,3.1,6.9,27.7,31.3,23.5,20.6,4.1,6.1,27.0,30.3,35.3,37.3,0.0,60.4,5.1,4.0,7.1,5.1,30.3,25.3,38.0,24.8,0.0,6.0,3.0,3.1,41.0,40.0,1.0,6.1,40.2,42.0,20.8,20.0,1.0,6.0,6.2,6.1,6.0,7.9,12.1,11.2,22.2,16.2
1772615966.5214524,14.0,11.9,20.2,14.1,33.3,45.5,5.1,6.1,18.2,7.1,5.0,4.1,32.0,26.7,29.0,25.3,15.0,17.0,40.0,31.7,38.0,41.6,26.5,54.0,5.1,3.1,7.1,8.0,32.7,26.7,13.1,21.0,5.0,9.1,2.0,5.0,35.0,40.4,3.0,3.0,40.6,39.6,22.2,25.7,3.9,4.0,12.7,10.9,7.1,8.1,28.4,28.7,20.8,22.2
1772615967.524469,12.2,9.2,23.2,17.2,25.5,45.1,5.1,4.1,7.1,3.1,6.1,3.1,31.7,31.3,23.2,23.5,8.2,8.1,34.7,37.1,36.3,40.2,33.7,44.6,5.1,4.0,8.9,7.1,33.3,32.3,20.0,26.5,6.1,4.1,5.1,2.0,44.6,38.6,2.0,4.0,42.0,40.0,26.7,18.8,2.0,4.0,11.2,9.3,7.1,6.1,16.2,13.3,19.4,23.0
1772615968.525425,12.1,10.2,15.2,15.0,39.8,33.0,3.1,3.1,11.2,13.1,3.1,4.1,26.3,27.0,35.7,27.0,11.2,10.1,34.7,32.0,36.6,37.0,39.4,39.0,6.1,6.9,11.2,10.1,26.0,24.8,48.0,30.0,7.1,4.0,3.1,4.0,42.0,39.0,3.0,3.0,32.7,34.3,19.2,19.2,2.0,2.0,8.0,6.2,5.1,8.2,25.7,25.7,18.2,20.0
1772615969.5269458,13.1,10.8,16.0,19.2,37.0,32.7,5.0,2.0,6.1,10.0,3.1,8.0,24.2,31.0,26.0,18.4,10.2,9.0,28.3,40.6,35.6,37.6,41.0,38.6,3.0,5.0,7.1,8.0,24.0,30.0,40.0,40.6,3.0,4.0,2.0,1.0,41.4,38.0,1.0,1.0,32.0,30.0,19.8,19.0,3.0,6.0,6.1,10.0,7.0,6.1,14.0,15.0,22.0,17.3
1772615970.5291452,16.3,28.6,16.2,22.2,51.0,28.0,5.1,6.0,6.1,11.1,3.1,5.1,36.6,27.6,26.3,18.2,14.0,10.2,39.0,34.3,38.6,39.2,20.2,38.6,1.0,6.1,9.0,5.1,30.3,38.6,46.5,35.3,5.1,2.0,4.1,2.0,41.6,38.0,3.0,3.0,22.2,24.8,25.0,27.0,0.0,4.0,8.0,7.2,7.0,9.1,23.0,25.0,22.2,20.0
1772615971.5360126,14.3,9.0,21.0,14.3,34.0,38.6,4.1,1.0,9.1,6.1,5.1,5.1,29.7,32.0,31.3,32.3,15.2,13.3,37.3,35.0,37.9,36.0,28.0,15.2,4.0,6.9,6.1,10.1,28.7,28.0,33.0,44.4,5.1,6.1,5.1,3.1,40.4,41.0,2.0,2.0,22.5,21.2,19.2,26.3,4.0,2.1,7.9,8.0,7.0,6.1,15.0,14.1,20.0,21.4
1772615972.5378656,13.4,13.0,15.2,14.0,41.0,35.6,4.0,2.0,7.1,11.1,4.0,7.1,28.3,27.6,27.3,19.4,8.1,7.1,33.7,36.0,39.0,34.3,28.0,34.0,3.1,2.0,7.1,7.9,34.0,21.4,14.0,40.6,4.0,2.0,7.0,3.0,39.6,39.6,3.0,3.0,27.3,27.0,19.0,20.0,2.0,5.0,8.2,8.1,5.1,3.1,25.0,24.0,22.2,14.0
1772615973.54019,11.5,13.1,18.6,19.2,34.7,37.6,4.1,4.0,9.2,8.2,4.1,5.1,34.3,29.0,16.5,15.5,9.3,10.1,34.3,33.0,39.0,40.6,28.0,42.6,9.0,5.0,5.1,7.1,32.0,30.7,26.3,33.7,5.1,3.0,2.1,3.0,38.0,38.4,11.1,13.1,30.7,32.0,20.0,25.3,3.0,3.0,7.1,10.1,7.1,10.0,19.0,16.3,20.2,22.8
1772615974.5427253,13.1,11.8,20.0,16.3,36.0,33.0,5.0,1.0,8.1,8.2,4.0,6.0,29.7,30.3,22.2,29.7,9.1,11.2,29.0,39.0,37.9,35.6,24.0,42.0,5.1,3.1,10.1,6.1,32.0,27.7,34.7,21.0,5.1,4.0,3.1,3.0,40.0,38.6,7.1,4.0,37.4,33.7,28.3,19.2,6.1,3.0,10.0,9.1,6.1,8.1,18.4,25.7,20.0,23.0
1772615975.5428114,15.0,9.2,16.2,18.0,40.0,38.2,2.0,3.0,7.1,3.0,4.1,2.1,31.0,33.3,30.9,30.6,9.1,8.1,34.3,32.7,39.0,38.6,39.6,42.6,3.0,4.0,8.0,5.1,26.5,24.7,41.0,0.0,5.9,3.0,3.1,2.0,39.0,39.4,6.1,3.1,39.4,41.0,21.0,26.0,5.1,10.0,9.3,6.1,9.0,3.1,16.8,17.2,20.2,19.2
1772615976.5459719,10.2,8.9,9.1,18.8,30.0,36.6,4.0,5.9,12.1,7.1,6.0,6.0,33.0,15.0,15.2,22.2,10.2,8.2,28.3,31.7,33.7,34.0,42.6,38.2,5.0,5.0,5.1,8.1,28.7,23.8,41.2,1.0,5.1,2.0,5.9,3.0,41.0,42.7,1.0,5.0,41.2,40.6,18.8,17.8,5.1,2.0,6.1,9.0,5.9,8.9,22.0,24.8,16.8,16.0
1772615977.5512204,15.0,8.1,13.4,10.1,40.4,35.6,4.0,1.0,3.1,3.0,4.0,6.0,32.0,21.6,21.2,24.5,10.1,10.9,30.0,32.0,37.3,32.7,40.0,36.4,4.1,2.0,8.1,9.1,27.0,28.3,41.0,2.0,4.0,2.0,5.1,4.0,39.6,40.4,4.0,4.0,33.3,35.3,18.2,18.8,2.0,2.0,6.1,10.2,5.1,5.1,14.0,16.2,17.3,18.0
1772615978.553831,13.3,10.0,20.2,14.1,31.6,42.6,5.1,3.0,14.3,15.2,5.1,6.1,31.0,28.3,33.0,28.6,12.1,11.1,32.3,31.3,36.0,37.0,32.0,43.0,5.1,3.0,7.1,5.1,24.2,31.0,38.6,24.0,3.1,5.1,3.0,2.0,39.4,40.0,2.1,3.1,30.7,31.0,22.8,21.0,3.0,8.1,9.0,9.0,6.1,7.1,23.2,21.8,21.2,17.2
1772615979.5543509,12.0,9.1,14.1,18.0,34.0,34.0,3.1,3.0,11.2,4.1,5.0,5.1,31.7,27.0,30.0,27.6,15.2,15.3,40.0,31.6,36.6,38.2,37.6,24.0,6.0,5.0,7.0,9.9,27.7,23.8,40.0,38.6,5.1,4.0,4.1,3.0,40.0,42.4,5.0,3.0,24.5,21.8,16.0,23.2,2.0,3.1,9.0,9.0,8.0,5.1,15.0,16.2,21.0,16.2
1772615980.5553355,11.3,9.0,16.3,14.3,44.4,34.0,4.0,2.0,10.0,7.1,4.1,3.1,26.3,32.3,18.2,13.1,6.1,12.1,32.0,38.6,37.0,38.0,23.0,37.6,4.0,3.0,8.1,5.1,28.0,31.0,43.6,33.3,4.0,3.1,2.0,5.1,40.6,39.0,3.0,3.1,20.2,21.0,19.2,21.0,3.0,4.0,12.1,7.1,6.1,6.0,20.8,18.2,22.2,19.4
1772615981.558328,11.2,9.2,16.2,15.2,32.7,34.3,4.0,3.0,4.0,4.0,6.0,4.0,33.3,24.0,35.4,31.6,10.1,16.0,36.0,36.0,37.3,34.7,22.0,25.0,7.1,3.1,7.1,8.0,25.0,24.0,37.0,37.0,3.0,6.1,3.0,4.0,42.0,39.0,2.1,2.0,30.0,23.2,16.0,22.0,3.1,3.1,7.1,6.1,6.1,9.0,24.0,22.0,20.0,19.6
1772615982.5595446,15.2,7.1,23.8,17.3,46.5,27.3,3.1,4.0,15.3,11.2,3.1,5.1,30.3,32.0,29.6,29.3,9.2,8.2,29.6,37.1,38.2,37.0,16.2,15.2,5.1,6.0,8.1,6.1,29.3,33.3,33.3,26.0,2.1,5.1,6.0,2.0,41.8,37.0,5.1,3.1,31.7,31.4,26.7,23.2,4.0,6.0,9.0,9.1,7.1,8.3,15.3,18.4,22.0,21.4
1772615983.5616927,12.1,12.0,15.5,15.2,36.4,38.6,3.1,5.1,12.2,4.1,5.1,4.0,34.7,22.8,18.2,15.2,11.1,10.1,34.3,31.7,37.6,40.6,32.7,21.0,2.0,5.1,7.1,7.2,29.3,27.3,27.0,22.0,1.0,5.1,2.0,3.0,41.6,38.4,5.0,3.1,41.0,36.0,20.2,22.0,2.0,5.1,8.2,9.0,6.1,8.0,26.0,24.2,15.2,24.0
1772615984.5617824,16.2,13.3,18.4,21.2,37.4,40.0,4.1,4.0,8.1,5.1,6.1,5.1,27.3,34.7,21.4,23.5,9.3,9.2,38.0,32.3,38.6,40.2,47.0,36.0,7.1,3.1,9.0,9.0,34.7,30.7,30.0,34.7,7.1,4.1,4.0,3.1,40.0,41.2,16.5,15.2,42.0,40.6,28.6,19.0,4.0,3.0,8.1,10.9,6.1,8.2,13.3,17.0,23.5,22.2
1772615985.5618765,9.5,8.2,20.4,13.0,38.8,33.0,3.1,1.0,5.2,3.0,5.1,5.0,25.3,36.0,35.4,29.9,11.1,12.0,26.0,33.7,36.6,40.6,51.5,28.6,2.0,4.1,8.1,5.1,27.0,28.3,42.6,24.0,3.0,2.0,3.0,1.0,41.6,38.0,20.6,31.0,40.0,40.6,23.8,25.3,2.0,4.0,9.1,9.2,8.1,6.0,31.0,31.7,18.2,19.2
1772615986.5624216,17.3,9.9,16.3,14.1,34.7,36.3,4.1,3.1,11.2,10.4,5.2,3.1,31.4,27.0,26.3,27.3,8.2,9.2,33.7,36.7,37.6,37.6,50.0,30.7,5.1,5.0,5.1,9.0,28.3,25.3,42.0,28.0,4.1,4.0,2.1,4.0,39.4,41.4,5.0,6.1,41.2,40.6,19.2,23.8,1.0,2.1,7.1,11.0,6.1,6.1,8.1,6.1,20.0,23.2
1772615987.5644057,13.4,8.2,20.2,16.5,31.3,43.6,4.0,2.0,5.1,11.0,6.0,3.1,28.3,31.7,14.3,9.2,11.1,13.9,30.0,34.0,38.0,32.0,34.0,34.3,4.0,7.1,9.0,8.3,31.3,27.0,42.0,39.0,5.1,2.0,3.0,3.1,40.4,41.0,3.0,3.1,40.0,40.6,20.2,26.0,4.0,2.0,7.1,8.0,6.1,7.0,36.3,34.0,20.4,18.0
1772615988.5646622,12.2,9.0,15.2,16.2,34.7,37.0,4.1,3.0,7.0,12.0,6.0,4.0,25.0,30.3,25.3,21.0,15.2,4.1,35.0,35.4,36.0,36.0,24.0,2.0,2.0,4.0,7.1,7.0,29.0,27.3,38.6,35.6,3.0,4.0,3.0,3.0,42.0,39.4,3.0,4.0,39.4,40.6,21.0,21.0,6.0,1.0,10.0,6.1,8.0,6.1,7.1,4.1,15.0,23.8
1772615989.5661097,12.1,9.1,18.2,14.0,42.0,33.7,6.0,3.1,4.1,8.2,7.1,6.0,33.0,27.3,30.3,35.7,11.1,10.1,32.7,31.7,38.2,40.2,24.8,37.6,5.9,4.1,8.0,8.0,25.0,31.7,21.8,42.0,2.0,3.0,2.0,3.1,41.6,39.6,1.0,2.0,32.4,30.7,22.8,18.2,4.1,6.1,6.1,9.9,5.1,6.1,33.0,32.7,22.2,17.2
1772615990.566194,12.4,10.2,18.2,17.2,35.4,36.0,3.1,5.1,11.1,7.1,3.1,5.1,33.0,29.0,26.0,23.5,7.2,8.2,29.0,33.7,34.3,38.0,24.2,38.0,4.1,5.0,6.2,5.1,24.0,31.6,27.0,34.7,4.0,4.0,3.1,2.0,39.4,39.4,4.0,3.0,30.7,29.0,22.2,22.8,3.1,2.0,7.1,8.2,9.0,5.1,5.0,7.1,25.5,15.3
1772615991.5681307,11.0,9.1,14.1,16.3,41.4,29.7,3.0,4.0,3.1,11.1,5.0,5.0,29.3,29.0,9.1,17.0,10.1,13.0,37.4,30.7,35.3,38.2,30.0,29.7,3.0,6.1,5.1,10.0,21.2,30.0,41.6,20.0,2.0,5.1,4.0,3.0,41.4,41.6,2.0,2.0,23.0,21.0,22.0,23.2,4.0,4.0,6.1,11.1,6.0,8.9,32.0,30.0,19.2,18.0
1772615992.5686212,12.2,9.0,21.0,17.2,47.0,27.0,5.0,3.0,11.1,4.0,4.0,5.1,27.7,35.4,30.0,25.5,9.1,7.1,38.4,36.4,36.3,36.0,26.0,36.0,2.0,3.1,8.0,5.1,29.7,25.0,36.0,22.0,3.0,4.0,3.0,4.0,42.6,39.6,1.0,3.0,22.0,21.0,20.0,23.0,1.0,2.0,8.1,7.1,7.9,5.2,8.0,9.1,20.2,18.0
1772615993.5687034,10.4,7.1,11.0,14.1,39.6,28.0,2.1,1.0,3.1,4.0,5.1,4.0,25.0,24.2,27.6,36.4,11.3,9.3,32.0,28.0,29.3,35.6,44.0,31.0,1.0,6.0,7.1,6.1,21.2,27.0,26.0,34.0,3.1,4.0,4.0,5.1,41.0,40.4,9.0,9.3,26.7,29.7,15.0,19.0,4.0,6.0,10.1,8.0,8.0,9.1,23.2,23.0,18.4,15.3
1772615994.572343,15.5,25.7,15.5,15.8,41.4,32.0,3.1,5.9,14.9,17.0,5.0,3.0,29.0,26.7,21.0,26.3,10.0,13.0,31.0,36.6,38.2,37.6,43.0,33.7,4.0,5.0,7.0,8.0,28.0,23.8,40.0,43.0,2.0,3.0,3.0,2.0,42.0,40.0,6.1,12.2,31.7,31.3,18.8,19.0,2.0,2.0,6.1,10.9,5.1,9.1,17.8,16.7,22.0,20.8
1772615995.5730987,10.5,9.1,17.2,11.2,40.8,32.3,8.1,4.1,5.2,9.3,6.1,4.0,26.3,29.0,17.3,20.2,8.2,6.2,25.8,29.6,34.7,33.7,29.0,39.4,5.1,3.0,3.1,8.1,32.0,21.0,40.4,40.0,4.0,4.1,1.0,2.1,37.6,37.4,4.0,3.1,36.4,40.0,22.4,14.4,3.0,3.1,6.1,10.1,6.1,7.1,18.4,18.2,18.2,20.2
1772615996.5744169,14.7,10.0,16.3,10.3,33.3,34.7,4.0,3.0,10.1,6.1,3.1,6.1,25.0,31.3,31.6,25.3,8.1,18.2,36.0,31.0,37.0,35.6,13.3,31.0,4.0,4.0,9.0,6.1,26.3,25.5,26.0,42.0,4.0,3.0,3.1,2.0,40.4,43.0,1.0,5.1,42.6,40.6,21.2,19.6,3.1,1.0,9.0,7.1,5.1,7.0,20.8,23.0,20.0,18.4
1772615997.577166,12.1,10.1,13.0,17.2,36.4,37.6,4.0,3.0,8.1,3.0,6.0,4.0,26.0,34.7,24.8,25.8,8.1,6.1,32.0,29.3,35.6,32.7,17.8,40.6,4.0,4.0,8.1,9.0,31.7,18.8,13.9,11.0,4.0,4.0,5.0,3.0,40.2,42.0,3.0,5.0,36.0,37.0,21.0,20.4,3.0,3.0,6.2,8.1,6.1,7.0,19.2,17.8,13.3,22.5
1772615998.5785577,12.2,8.2,20.2,18.8,33.0,40.0,4.0,5.0,12.0,12.2,4.1,5.0,30.7,38.0,20.4,26.5,8.2,8.2,40.2,34.3,41.6,36.6,20.0,23.8,5.1,4.0,7.0,6.1,33.3,26.7,22.2,18.0,5.1,4.0,5.2,2.0,38.4,41.0,2.0,3.1,30.4,30.1,28.7,27.7,3.0,5.0,9.0,9.0,6.0,7.1,22.5,20.0,19.0,18.8
1772615999.579882,10.3,9.9,18.2,16.3,36.7,36.6,3.0,4.1,8.2,12.1,8.1,6.1,31.3,22.4,17.3,23.8,11.2,16.2,37.4,36.0,37.0,37.6,32.7,19.2,4.1,4.0,7.0,7.1,23.0,34.3,37.6,40.4,4.0,3.0,2.0,1.0,38.0,38.0,3.1,3.1,22.8,21.4,23.0,19.8,3.0,1.0,7.1,8.2,8.1,5.2,17.3,20.2,17.3,22.8
1772616000.5812593,14.0,8.2,19.2,16.2,45.0,26.0,5.1,2.0,12.0,5.0,9.0,6.0,31.7,32.7,32.0,34.3,7.1,16.2,31.0,40.6,36.6,39.6,41.6,24.0,3.1,4.0,8.1,9.0,24.2,37.4,43.0,39.2,5.1,3.0,3.0,3.1,38.6,42.4,3.0,2.0,21.2,23.5,25.3,23.0,2.0,3.0,9.1,11.0,6.1,9.0,24.0,21.2,22.8,20.8
1772616001.584601,13.3,10.1,19.0,20.0,33.7,48.5,6.9,2.0,6.1,12.2,3.1,5.1,27.0,40.4,27.3,21.9,14.0,13.1,40.0,28.6,36.6,41.6,52.0,29.0,5.0,5.9,9.0,7.1,33.0,32.7,41.6,40.6,4.0,6.0,2.0,3.0,38.0,43.6,4.0,3.1,26.5,25.7,24.0,24.2,4.0,4.0,10.2,8.0,6.2,7.1,20.8,23.0,24.0,20.4
1772616002.587851,15.0,9.1,17.3,15.2,32.3,39.2,4.1,4.0,9.3,15.0,5.1,4.0,31.0,30.0,29.0,21.2,10.1,13.0,28.6,31.3,37.6,38.6,51.5,28.7,4.0,5.0,9.0,8.1,25.7,21.2,40.6,41.2,4.0,3.0,3.0,3.0,40.8,41.0,2.0,2.0,35.0,33.0,27.0,13.1,8.1,2.0,10.0,6.1,8.0,7.1,21.8,17.3,17.2,22.2
1772616003.5899036,12.4,10.9,16.5,19.8,32.0,41.6,4.0,2.0,7.1,12.1,6.0,4.0,36.0,22.8,28.3,25.5,10.0,9.1,37.0,36.0,38.2,40.6,51.5,28.0,4.1,3.0,7.1,7.0,36.6,30.0,41.6,42.0,4.0,4.0,2.0,1.0,42.6,36.0,3.0,4.1,40.2,41.2,23.2,26.7,4.0,2.0,10.1,11.9,6.1,9.0,22.2,22.0,23.0,18.4
1772616004.5918024,15.8,7.2,17.8,16.2,39.4,34.3,5.1,2.0,4.1,4.1,4.1,4.1,36.6,31.6,25.3,31.3,10.2,16.2,35.4,33.0,38.0,36.6,33.3,28.0,6.0,2.0,10.1,6.1,28.3,28.3,44.6,37.6,4.1,4.0,3.0,4.0,41.0,41.0,3.1,3.1,41.0,40.2,24.0,25.5,4.1,4.0,9.1,6.1,7.0,8.1,15.8,18.8,21.4,18.0
1772616005.5928054,14.1,9.0,20.4,19.4,47.1,23.2,4.0,3.1,8.2,11.1,5.1,3.1,28.3,30.0,20.4,22.7,8.2,4.1,37.0,39.0,40.6,37.3,34.0,42.4,4.0,2.1,7.0,7.1,31.0,29.3,34.0,37.4,4.0,3.0,1.0,2.0,39.0,42.0,30.3,23.2,41.6,41.0,21.2,24.2,3.0,2.1,13.9,7.1,6.1,8.0,18.2,19.2,27.3,14.3
1772616006.5948293,13.0,9.1,12.2,20.4,28.6,40.0,3.0,3.0,6.1,11.1,4.1,4.0,31.3,24.2,22.2,20.2,17.2,13.0,28.0,36.4,37.6,37.0,35.4,41.6,5.1,6.9,8.1,10.0,30.0,30.3,27.0,35.6,4.0,4.1,3.0,2.0,41.0,40.4,19.2,16.3,41.0,40.0,26.0,17.0,2.0,4.0,7.1,12.0,6.1,6.2,17.3,18.2,21.0,22.0
1772616007.5965505,12.2,15.0,17.3,19.8,42.4,37.3,5.1,4.0,19.0,5.1,7.1,10.0,37.3,29.7,39.4,33.3,10.2,10.2,33.3,39.0,42.0,37.0,53.9,27.0,5.1,7.0,8.1,8.1,31.0,30.3,33.7,26.5,2.0,3.1,5.1,3.0,40.6,40.6,2.0,2.0,40.6,40.2,25.5,27.0,2.0,3.1,9.0,9.1,6.1,10.0,23.0,27.0,21.2,20.4
1772616008.5972223,13.0,9.2,17.3,19.2,39.8,28.7,5.1,2.0,11.1,3.1,5.1,5.1,31.3,28.0,25.8,23.7,13.3,12.2,35.4,34.3,36.0,37.6,32.3,20.6,4.0,12.0,8.1,7.0,23.2,29.7,30.0,30.7,4.0,10.8,3.0,2.1,39.8,40.8,5.0,3.1,41.7,41.0,18.4,27.7,4.1,5.1,10.2,9.1,8.1,7.1,19.4,19.6,20.2,22.4
1772616009.5973086,16.8,8.1,19.4,19.4,32.3,44.0,5.0,5.2,11.2,9.3,5.1,4.1,27.0,36.4,16.3,23.2,17.3,11.1,39.0,40.0,43.6,39.6,41.0,31.3,6.1,3.1,8.2,10.1,28.7,38.4,19.2,23.2,5.1,3.1,4.0,4.0,41.6,41.0,3.1,3.0,36.4,38.6,27.3,25.0,4.0,3.1,11.1,8.0,7.1,8.2,25.0,26.0,28.3,20.4
1772616010.6002383,11.2,11.1,16.2,18.0,39.4,30.7,3.1,3.0,11.2,5.1,4.0,4.0,33.0,23.0,30.3,18.0,8.1,8.2,40.4,26.0,38.0,32.7,44.6,25.7,5.0,4.0,7.0,7.1,27.3,26.7,12.0,39.2,4.0,6.0,3.0,1.0,41.6,41.0,3.1,3.0,32.0,30.7,20.0,19.2,4.0,2.0,9.0,7.2,6.0,7.1,16.2,16.2,21.8,15.0
1772616011.6005647,14.1,9.2,18.4,16.2,32.7,44.6,4.1,1.0,13.0,6.1,4.1,5.1,26.3,36.0,32.0,30.6,13.1,8.2,32.0,31.0,39.2,40.6,44.0,20.2,5.0,3.1,6.1,9.1,23.8,36.4,36.0,27.0,6.0,3.0,5.1,3.0,41.0,41.0,3.1,2.1,22.2,26.7,21.4,22.8,2.1,4.0,10.1,9.0,6.1,9.0,20.2,22.0,20.2,23.2
1772616012.6007166,11.3,8.0,11.0,15.2,36.4,37.0,3.0,4.0,4.0,11.1,4.0,3.1,32.7,30.7,19.4,22.0,11.0,14.1,35.4,31.0,37.6,35.6,43.0,37.0,4.1,3.0,6.1,4.1,25.0,28.7,44.6,27.0,3.0,2.0,3.0,5.1,39.0,40.6,4.0,4.0,21.0,22.0,24.0,16.0,4.0,3.0,6.1,6.1,5.1,5.1,16.7,18.0,15.5,20.2
1772616013.6121938,11.1,8.9,14.1,17.0,47.5,20.8,6.0,6.0,11.2,6.1,6.0,5.1,24.0,27.0,23.0,21.2,16.3,12.1,33.7,34.3,36.6,33.3,41.6,41.7,5.0,4.9,10.8,7.9,23.5,34.0,38.6,43.6,7.0,4.0,3.0,2.0,39.6,42.0,14.9,2.0,23.8,23.8,23.8,16.0,4.0,4.0,7.0,13.9,7.0,8.0,21.8,20.0,18.0,21.0
1772616014.6124027,15.0,7.1,16.2,16.2,37.4,39.2,5.0,7.0,8.1,6.0,6.1,7.1,25.0,29.0,30.3,26.3,11.9,8.2,33.3,31.3,35.0,38.0,36.0,44.4,3.0,5.1,9.0,5.1,26.3,27.7,25.5,40.6,1.0,6.0,1.0,2.0,37.0,37.0,7.1,8.1,29.3,32.0,20.0,28.3,2.0,3.0,8.1,9.0,6.2,6.1,20.2,17.2,17.8,20.2
1772616015.615219,12.1,9.2,18.0,17.3,34.0,37.6,2.1,4.1,4.1,10.3,5.1,3.0,36.6,25.7,26.3,31.3,12.2,22.0,33.3,39.0,39.2,36.3,35.4,31.7,4.0,5.1,4.1,10.0,31.0,28.3,32.3,38.6,3.1,4.0,3.0,5.0,40.6,41.0,1.0,4.1,36.6,39.0,20.0,27.7,5.0,3.0,11.0,8.1,7.0,10.0,21.0,24.8,19.2,25.3
1772616016.6159272,10.5,8.1,14.4,15.2,28.6,47.0,5.9,7.1,12.1,11.2,6.0,5.0,26.0,32.7,21.4,25.5,7.2,6.1,30.3,37.6,36.6,42.0,33.0,27.3,4.0,6.1,6.0,7.1,29.6,29.7,46.1,33.0,4.0,3.1,2.0,2.0,39.4,43.0,3.0,4.0,32.0,32.7,22.2,20.4,3.1,3.1,10.2,10.0,7.1,9.0,21.4,22.2,25.8,14.9
1772616017.616016,13.3,9.1,18.2,17.0,42.4,33.7,4.1,3.0,7.1,10.1,5.1,6.1,26.3,30.3,22.2,27.3,14.0,19.0,34.0,28.3,37.6,37.6,26.0,25.0,5.0,4.0,8.1,6.1,28.0,30.3,41.0,37.4,4.0,6.0,4.1,7.1,42.0,43.6,4.1,2.0,31.7,31.0,25.3,16.0,3.0,1.0,6.1,10.1,8.1,6.2,14.9,16.0,19.0,21.2
1772616018.6175268,12.2,7.0,10.1,13.1,26.3,38.0,4.0,3.0,8.1,8.1,5.9,3.1,31.7,21.0,28.0,26.5,4.1,12.1,23.0,36.0,35.6,35.3,35.0,10.2,3.1,7.0,6.1,8.9,22.0,26.0,44.6,37.0,5.1,3.0,4.0,1.0,39.0,39.0,2.0,3.1,32.0,31.7,18.8,18.0,3.0,5.0,6.0,5.1,5.1,5.1,27.7,28.7,18.0,14.3
1772616019.6176083,12.2,10.1,16.2,16.3,38.8,36.0,3.1,2.1,12.1,4.1,3.1,6.1,29.3,30.7,29.6,20.2,12.1,16.2,30.3,35.6,38.0,38.0,10.2,31.0,5.0,3.0,10.1,9.0,32.3,24.5,48.0,32.0,4.1,3.0,3.1,3.0,38.4,41.0,3.1,4.0,30.3,31.7,19.2,25.0,3.0,2.0,5.2,13.3,4.1,8.2,9.3,11.2,17.2,25.3
1772616020.6176903,12.2,5.2,15.0,14.3,38.0,34.7,4.0,3.0,9.3,7.1,4.0,4.0,23.0,31.3,22.4,21.4,11.0,3.0,35.6,30.9,34.7,37.3,36.3,40.6,5.1,4.0,7.1,5.1,24.2,24.2,38.4,31.3,3.0,4.1,3.0,2.0,38.6,37.4,6.0,3.1,32.0,30.7,15.2,27.3,4.1,3.0,8.0,7.1,7.0,5.1,27.0,26.3,18.4,19.0
1772616021.6186137,14.1,9.0,15.3,13.0,40.4,23.2,2.0,2.0,9.0,5.1,3.1,5.0,31.3,21.0,21.2,23.5,6.1,13.1,34.3,31.7,38.6,35.0,39.6,23.2,4.1,1.0,3.1,10.1,22.0,29.7,29.0,32.3,6.1,3.0,1.0,2.0,39.4,40.6,5.1,2.0,32.7,29.3,17.8,20.0,3.0,2.0,7.2,7.1,4.1,6.1,8.1,6.0,17.2,18.2
1772616022.6194339,13.0,10.2,19.0,17.3,45.0,33.7,4.0,3.1,5.1,9.1,4.0,4.1,33.3,33.0,25.3,28.3,7.1,15.3,33.0,34.3,38.2,35.4,50.0,26.0,4.0,4.0,8.0,6.0,28.7,25.0,37.0,38.6,5.1,3.0,4.0,3.0,40.0,38.4,2.0,3.1,33.7,31.4,28.0,23.8,3.0,1.0,11.0,7.9,6.1,7.0,34.0,29.0,22.2,17.0
1772616023.6212773,15.0,9.1,17.3,18.2,43.0,25.0,2.0,2.0,4.1,6.1,5.1,4.0,36.4,29.7,24.7,26.3,10.2,15.2,39.4,36.0,39.6,42.7,50.0,31.0,3.1,4.0,7.1,5.1,34.3,21.0,18.2,34.7,5.1,1.0,3.1,2.0,41.0,41.6,4.1,4.1,31.0,30.7,25.0,32.3,2.0,4.0,11.0,7.1,9.0,8.0,11.9,11.1,24.0,20.2
1772616024.6217833,12.1,9.1,17.2,16.2,29.3,45.5,5.0,3.1,19.2,7.2,5.1,4.0,31.7,26.5,24.5,27.6,13.1,5.1,30.0,33.0,37.0,35.0,57.4,24.8,3.0,4.0,5.1,8.2,27.3,31.0,41.6,27.3,7.0,3.0,3.0,2.0,36.4,36.7,5.1,7.1,35.0,40.6,20.2,19.2,5.0,1.0,7.1,7.1,5.2,6.1,20.2,22.0,16.3,22.0
1772616025.6244771,12.1,7.1,16.0,16.0,36.0,35.0,8.2,3.0,7.1,4.0,4.1,5.1,26.3,28.0,20.2,15.3,8.2,7.0,29.0,38.6,37.6,38.2,45.5,15.2,5.9,3.1,7.0,7.1,30.0,23.8,45.5,35.6,2.0,3.1,1.0,2.1,42.6,40.0,18.2,10.1,40.2,40.2,24.0,24.8,4.0,3.0,8.0,7.1,6.9,8.0,23.0,22.2,14.1,23.8
1772616026.6275153,12.2,9.9,16.2,17.2,31.3,37.6,8.0,8.1,9.1,9.1,5.9,5.1,28.4,33.7,27.0,26.0,16.7,10.1,36.6,36.4,37.6,36.0,43.4,22.0,3.0,6.0,8.0,6.9,27.0,30.7,46.0,34.7,4.0,3.0,2.0,5.0,40.0,42.2,8.0,31.0,40.0,41.2,23.8,20.2,4.0,0.0,6.1,13.0,6.1,7.1,13.9,15.0,16.2,26.3
1772616027.630701,15.2,9.1,17.5,20.4,41.0,38.0,5.1,4.1,8.2,5.1,4.1,4.1,31.3,34.0,30.6,33.3,22.4,13.1,39.4,29.3,44.6,37.0,35.0,46.0,4.0,5.1,10.3,8.2,36.4,23.2,32.3,41.4,4.1,7.1,3.1,7.1,41.0,42.0,13.1,11.6,41.6,40.4,24.2,26.0,4.2,4.0,10.1,9.2,9.2,6.3,28.3,30.3,20.2,22.7
1772616028.6316552,13.0,13.1,23.8,22.0,52.0,21.6,5.1,5.1,11.3,12.2,7.1,4.1,38.6,30.0,25.3,28.1,4.1,5.1,38.0,42.4,39.0,44.1,46.5,34.3,7.1,6.1,10.1,12.0,39.6,33.3,24.2,23.8,4.0,7.1,5.0,2.0,41.0,42.6,2.0,5.1,40.2,42.6,27.6,30.3,7.1,2.0,13.0,10.2,10.1,13.0,19.2,20.0,29.0,28.4
1772616029.6320949,10.2,11.1,17.5,15.3,41.8,39.0,5.1,2.0,8.1,15.3,7.2,3.0,34.7,25.3,16.3,34.0,15.5,16.0,26.3,40.4,37.0,34.0,41.6,29.0,8.0,3.1,10.0,6.2,27.3,29.0,40.6,22.2,2.0,5.1,2.0,4.0,40.4,41.6,3.0,6.1,41.0,41.2,24.2,24.2,4.0,5.0,9.0,9.0,5.1,7.1,25.0,23.8,21.8,19.6
1772616030.6332192,11.3,8.1,13.9,19.4,33.7,39.0,4.0,3.1,3.1,3.0,6.1,5.1,39.6,27.0,29.3,17.9,4.0,3.1,31.3,30.0,39.6,38.0,26.0,21.0,5.1,3.1,9.2,6.1,27.5,31.0,38.6,22.0,5.9,2.0,1.0,4.0,39.0,37.4,2.0,5.1,33.0,32.3,21.0,23.2,3.0,1.0,7.2,9.1,7.0,8.1,16.2,17.3,20.4,15.2
1772616031.6348119,12.1,10.0,12.1,18.0,29.7,36.6,1.0,5.0,15.0,6.1,4.0,3.1,24.0,29.7,22.2,24.2,21.2,15.3,22.8,39.0,35.3,36.9,25.3,35.6,5.1,4.0,6.1,6.1,27.0,27.7,36.6,20.8,4.1,5.9,6.0,5.1,41.0,42.0,2.0,7.1,25.7,25.5,20.6,27.5,2.0,4.0,10.1,6.9,7.0,5.1,22.8,22.0,19.0,23.0
1772616032.6365554,15.0,16.2,20.4,15.3,40.4,40.6,5.1,2.0,7.1,4.1,6.0,5.0,35.4,24.5,20.6,17.5,3.1,3.1,36.0,32.3,38.6,37.0,36.3,42.4,4.0,6.1,6.1,12.0,35.6,25.3,31.3,30.3,4.0,3.1,5.1,3.0,41.0,42.0,3.1,6.1,22.0,21.0,21.4,20.2,2.0,5.1,11.1,9.2,7.1,8.2,17.2,17.3,19.2,19.2
1772616033.6383653,13.4,14.0,20.6,14.1,34.7,34.7,3.1,5.1,13.4,12.1,6.1,4.0,25.0,24.8,26.0,34.0,22.0,17.0,30.9,36.0,36.0,36.0,16.3,41.0,4.1,6.9,11.0,11.1,18.2,30.3,37.6,44.6,4.0,3.1,3.1,2.0,42.0,39.6,8.0,16.2,22.2,22.0,21.0,18.4,3.0,5.0,5.1,8.0,8.0,7.1,23.8,22.2,23.8,14.1
1772616034.638432,12.0,8.2,17.5,17.3,34.0,44.4,4.0,3.1,5.1,3.1,7.0,3.1,29.0,38.4,36.7,29.6,2.0,4.0,34.0,35.6,34.3,38.6,27.7,55.4,4.0,5.1,10.1,8.1,31.0,28.3,45.5,35.0,7.0,3.0,5.1,2.0,41.6,38.4,12.4,7.1,23.2,20.2,24.8,26.3,4.1,4.2,10.1,11.1,6.2,8.0,20.2,20.0,17.3,26.0
1772616035.6400323,13.3,10.0,18.2,17.0,38.8,34.0,4.0,2.0,10.2,14.3,8.2,4.1,23.0,30.7,21.6,22.0,18.4,20.0,39.6,32.0,39.0,34.7,23.0,58.4,6.0,4.0,6.1,6.1,31.0,26.0,19.0,32.3,3.1,2.0,4.0,2.0,41.0,41.6,3.0,2.0,33.7,28.0,19.4,26.7,2.0,8.1,9.0,7.1,6.1,8.2,22.0,23.0,24.0,13.1
1772616036.6412451,12.2,10.1,17.3,20.4,41.8,31.7,6.0,8.2,8.2,4.0,6.1,6.0,35.0,33.0,13.3,11.1,4.1,2.1,26.5,41.4,38.2,37.0,26.0,55.4,4.1,4.0,7.1,8.0,32.3,30.3,15.2,22.0,4.1,5.1,4.1,4.0,39.4,37.4,3.1,2.0,32.0,31.7,29.7,24.0,4.0,4.0,11.1,8.1,7.1,5.2,16.3,16.2,21.4,23.2
1772616037.6413267,10.3,8.2,16.2,15.0,29.9,42.4,4.1,4.0,16.2,8.2,6.0,4.1,26.3,28.3,32.3,28.3,18.2,21.0,32.0,35.4,35.4,39.0,29.7,48.5,5.1,2.1,8.2,7.1,24.0,31.7,40.0,28.7,2.0,7.0,5.0,3.1,39.4,38.6,1.0,5.1,31.7,30.3,20.2,22.0,2.0,3.1,11.1,5.1,8.0,7.1,21.2,23.0,23.0,16.3
1772616038.6422832,12.2,9.0,19.4,17.2,35.7,39.2,2.0,2.0,5.1,1.0,5.1,4.0,24.0,36.4,32.7,29.3,3.0,4.0,34.3,36.4,38.0,38.2,25.5,35.6,4.0,5.0,7.0,6.1,30.7,23.0,38.2,43.0,5.1,3.1,2.1,3.0,39.6,41.8,3.0,5.1,30.7,36.3,21.0,22.2,1.0,5.1,6.9,8.1,8.0,7.1,17.2,15.2,18.2,23.2
1772616039.6432207,11.3,9.1,20.2,14.4,46.0,23.8,4.1,2.0,16.0,7.1,5.1,4.0,34.0,31.0,18.4,23.5,20.6,15.5,41.0,33.0,36.3,38.2,33.0,42.0,6.0,4.0,7.1,9.9,32.3,22.8,41.6,41.0,4.1,5.1,3.1,1.0,40.6,41.2,3.1,2.1,40.6,41.0,21.0,19.8,4.0,6.1,8.1,8.1,10.1,33.0,23.8,25.0,24.0,17.2
1772616040.6433086,13.3,8.2,15.3,17.8,34.7,37.0,4.1,4.0,8.2,2.1,4.1,3.1,25.5,33.0,10.2,11.3,4.1,7.1,31.3,30.0,38.4,35.0,45.0,33.3,4.0,4.0,9.0,3.1,36.4,26.5,41.0,24.0,4.1,2.0,3.0,3.0,40.0,37.4,3.1,3.0,41.0,39.0,21.0,28.3,1.0,3.1,10.1,5.2,6.1,5.2,14.0,15.3,24.2,19.2
1772616041.6443655,13.0,10.9,14.3,18.2,45.0,27.0,3.0,10.0,10.1,14.0,4.0,6.1,37.0,27.7,33.0,29.6,21.0,20.2,29.6,38.4,40.2,39.2,26.3,35.0,6.0,5.1,9.1,7.1,28.7,29.0,41.6,28.0,6.1,6.1,2.0,2.0,41.4,40.4,1.0,4.0,40.0,39.6,20.2,24.8,4.0,4.0,8.1,11.0,7.9,8.0,23.2,22.2,17.3,22.0
1772616042.6474423,13.1,9.2,17.2,16.2,37.4,39.6,2.0,6.1,2.0,6.1,4.0,5.1,33.7,27.0,33.3,31.6,4.0,2.1,34.0,34.0,33.7,40.0,25.0,38.0,5.1,4.0,13.3,7.1,23.0,35.4,47.5,34.7,4.0,5.0,1.0,3.0,40.6,40.6,2.0,3.1,30.7,30.7,23.0,21.2,0.0,5.1,10.1,10.1,5.2,8.1,20.2,19.0,19.0,23.2
1772616043.6501844,12.5,9.9,17.2,14.0,32.7,39.0,3.1,5.1,11.5,11.0,4.0,5.1,30.0,26.0,21.4,15.3,17.2,20.0,31.3,35.4,37.6,36.0,35.6,28.0,4.0,4.0,6.1,8.0,22.2,26.7,40.4,39.6,4.0,2.0,1.0,3.0,41.0,41.0,3.1,3.1,30.7,31.7,20.8,19.0,5.9,1.0,7.1,7.0,6.0,7.1,21.2,26.0,13.3,23.0
1772616044.6515071,14.1,10.1,18.0,15.2,19.8,49.5,4.0,5.0,9.1,2.1,5.0,4.0,34.3,25.0,12.2,12.1,3.0,3.1,34.3,37.3,36.3,35.3,40.0,23.0,5.0,2.0,6.1,5.0,36.0,22.2,37.0,38.0,3.0,4.0,3.9,3.0,40.4,39.0,3.0,4.0,30.7,31.0,20.2,24.2,0.0,4.0,7.0,12.9,5.1,8.0,18.0,18.0,22.8,19.0
1772616045.6516418,12.4,8.0,14.4,13.4,36.7,39.2,4.0,1.0,12.4,6.1,5.1,4.1,30.0,28.0,32.3,35.4,17.2,21.2,36.4,29.3,39.0,36.0,61.4,19.0,6.0,5.1,7.1,10.1,34.0,28.3,41.0,39.4,4.0,5.9,4.1,1.0,39.6,41.4,3.1,15.2,31.3,38.0,25.3,14.1,4.0,3.0,8.2,5.1,6.1,7.1,18.8,21.0,23.2,17.3
1772616046.651714,9.3,11.2,19.2,18.0,36.1,41.0,4.1,12.0,4.1,6.1,5.1,6.0,37.4,34.3,32.7,34.4,2.1,2.1,28.0,38.4,39.6,38.6,46.5,17.0,3.1,6.0,5.1,8.2,31.3,28.3,43.0,39.6,3.1,4.1,4.1,3.0,41.8,39.4,22.2,22.2,41.0,40.6,24.0,27.7,4.0,4.0,10.0,10.1,6.1,6.1,22.2,21.4,19.2,23.0
1772616047.6521525,14.1,8.0,13.3,14.1,28.0,42.6,5.1,5.1,13.1,14.3,5.1,6.1,27.3,26.0,14.3,20.2,17.2,18.2,34.0,36.0,36.0,40.2,40.6,20.2,3.0,4.0,7.1,10.1,21.0,25.7,35.0,45.0,4.0,5.1,2.0,2.1,39.2,39.0,15.3,13.4,41.2,39.0,21.2,18.2,4.0,1.0,7.1,11.2,6.1,8.9,22.8,21.2,19.0,19.2
1772616048.6533382,13.0,8.2,19.2,18.2,36.4,35.6,5.1,5.0,3.1,11.1,8.0,7.0,35.0,27.0,21.2,19.4,4.0,3.1,33.3,33.3,36.3,40.0,31.0,27.7,4.0,5.1,6.1,10.1,28.3,32.0,22.0,29.3,4.1,2.0,3.0,21.2,40.0,42.2,4.0,3.0,39.4,40.6,25.0,24.8,3.0,5.0,8.0,13.1,8.0,5.2,17.5,18.2,20.2,24.2
1772616049.6551785,13.3,10.0,17.0,15.2,35.4,34.3,4.0,2.0,5.1,11.1,3.1,3.1,26.3,27.0,29.0,31.7,16.3,14.1,30.6,34.0,35.6,36.6,23.2,38.0,2.0,7.0,7.0,7.0,20.4,25.3,15.0,1.0,5.1,3.0,2.0,30.7,41.4,40.4,4.0,6.1,41.6,40.6,19.2,19.2,3.0,2.0,6.1,7.9,5.2,8.0,18.0,20.2,16.8,20.0
1772616050.655477,10.2,9.2,18.2,17.2,43.6,34.3,4.2,2.1,7.2,8.1,5.1,5.1,33.0,25.3,24.7,31.6,4.2,4.1,40.0,30.0,38.0,37.6,36.4,33.3,5.1,4.0,5.1,9.1,26.7,31.3,29.3,26.7,4.0,5.1,2.0,34.0,41.2,39.6,3.1,8.0,41.6,40.6,29.7,22.0,4.0,4.0,10.1,7.1,6.1,5.2,22.0,21.2,16.3,25.3
1772616051.6591096,14.9,9.9,15.0,20.0,41.4,30.3,2.0,3.1,11.1,12.2,6.0,4.0,26.5,32.0,12.2,24.8,19.0,17.2,31.0,32.7,37.0,37.6,42.0,36.6,4.0,5.0,8.2,6.1,25.5,34.0,41.6,20.2,4.1,4.0,6.1,24.0,41.4,35.4,5.1,3.1,26.0,25.0,26.0,21.8,2.0,4.0,9.0,10.1,8.1,6.1,18.0,18.0,21.0,18.2
1772616052.6605055,16.0,9.1,17.3,19.2,32.7,45.5,5.1,6.0,7.1,11.2,7.1,4.1,35.0,30.0,30.6,27.3,8.2,11.1,38.0,38.4,41.2,38.0,40.4,27.3,4.1,5.1,10.1,7.1,33.0,35.6,41.6,24.0,6.1,3.1,8.2,4.0,41.6,39.6,4.1,2.0,15.0,15.0,30.0,23.5,6.0,2.0,7.1,11.0,7.1,11.0,20.2,23.2,18.4,25.5
1772616053.6623292,13.4,9.1,12.2,17.0,26.5,43.0,4.1,3.0,6.1,5.1,4.0,5.1,27.0,29.7,25.0,32.0,12.0,10.2,34.0,28.0,36.6,38.2,39.6,31.0,5.0,3.0,7.0,7.1,22.5,28.3,33.0,48.5,5.0,3.0,3.0,5.1,41.4,40.6,6.1,14.1,13.1,12.0,22.0,18.2,3.0,1.0,11.1,8.1,6.0,8.1,19.0,19.2,19.8,16.2
1772616054.6643403,12.1,11.0,13.0,15.8,25.3,43.1,3.0,2.1,7.1,13.0,4.0,4.1,26.0,33.3,20.6,27.8,17.0,7.1,32.3,38.4,32.7,38.0,11.1,55.9,6.0,3.0,8.1,10.0,27.0,21.8,35.0,48.5,5.0,4.0,3.0,11.1,39.6,36.4,10.2,12.7,14.0,13.1,16.2,19.2,3.1,2.0,7.1,7.9,6.1,4.1,23.8,20.0,18.2,20.0
1772616055.6646812,13.9,11.0,17.0,13.4,38.4,35.0,3.1,4.0,8.1,5.1,5.1,6.0,29.0,24.0,19.0,22.2,10.2,12.1,38.0,27.6,38.0,36.6,4.0,21.2,5.0,3.1,8.0,8.2,31.0,22.4,42.0,35.0,3.1,4.0,2.0,34.3,39.0,43.0,3.0,1.0,27.7,26.0,24.0,20.0,1.0,3.1,13.0,5.1,6.0,8.1,15.2,15.0,17.3,21.0
1772616056.6653192,13.3,8.2,12.4,18.0,42.0,30.0,3.1,2.0,5.1,15.3,5.0,3.1,25.0,35.7,19.2,20.6,6.1,9.2,32.0,32.0,32.7,37.0,24.8,34.3,5.0,6.1,5.2,7.1,24.2,26.3,39.6,42.0,2.0,3.0,3.1,6.1,40.4,41.0,3.1,4.0,38.0,37.6,15.2,19.0,2.0,3.1,7.1,5.1,7.1,4.0,16.2,16.2,20.0,15.3
1772616057.6654634,10.2,12.0,14.1,16.3,38.4,35.0,4.0,4.0,4.1,5.1,3.1,4.1,29.0,33.0,23.0,28.3,12.1,9.1,30.6,35.0,36.0,35.9,21.0,60.4,4.0,5.9,6.1,7.1,33.0,25.3,25.8,31.3,4.0,5.9,6.1,4.0,38.4,41.0,3.0,2.0,40.6,40.0,23.0,21.0,3.1,3.0,9.1,11.2,7.0,8.0,26.0,23.2,20.4,20.0
1772616058.6663792,13.4,7.9,18.2,16.0,38.0,37.6,5.0,3.1,7.1,7.1,5.0,7.0,29.0,29.0,27.6,31.6,11.1,11.2,42.0,32.0,39.2,35.4,26.5,54.0,3.1,4.1,10.0,7.1,28.0,29.1,33.7,40.2,5.1,3.1,4.1,2.0,41.2,42.0,4.0,3.1,40.6,41.0,22.2,18.8,3.0,4.0,8.0,11.1,6.1,8.2,18.2,20.2,23.8,15.3
1772616059.666448,11.2,12.1,21.4,14.3,36.1,38.6,4.1,4.0,6.2,11.2,5.2,4.1,33.0,34.7,26.8,19.6,7.1,15.3,31.6,41.0,36.0,37.6,23.2,57.4,5.1,5.1,6.1,7.1,30.0,30.3,31.0,39.0,2.0,6.2,5.0,5.1,39.8,40.4,3.1,4.0,41.6,39.6,25.0,23.5,2.0,4.1,10.1,9.2,7.1,6.1,24.2,23.0,20.2,26.3
1772616060.6673868,11.3,6.1,18.4,14.0,37.0,37.6,6.2,3.0,11.2,13.1,6.1,4.0,34.0,26.0,28.3,29.0,14.1,16.0,27.0,39.0,39.6,36.3,29.3,52.5,4.1,3.0,9.1,9.1,29.3,27.0,32.0,37.6,3.0,6.9,0.0,1.0,41.6,39.6,2.1,3.1,41.6,42.6,22.0,24.0,3.0,2.0,12.0,7.0,7.1,8.1,20.0,21.2,20.2,22.2
1772616061.6692407,13.1,9.2,17.3,16.3,33.0,43.6,5.1,5.0,6.1,3.0,5.1,10.0,32.0,35.4,23.0,17.7,5.1,4.1,38.0,40.0,37.9,39.6,44.0,36.0,6.0,4.0,8.1,5.1,21.8,38.0,42.0,41.0,4.0,4.1,2.0,4.0,42.4,41.0,4.0,3.1,40.2,41.2,25.0,22.0,3.0,5.9,9.1,8.9,7.1,9.0,20.2,21.0,14.1,25.5
1772616062.6743693,14.9,9.0,22.2,10.2,44.4,30.7,4.0,2.0,4.1,11.0,6.1,7.1,31.3,29.0,29.9,28.0,19.0,13.3,34.3,36.0,37.6,37.6,26.5,45.0,3.1,5.1,5.1,8.1,31.0,26.0,24.8,27.0,1.0,3.0,3.0,0.0,39.6,40.0,6.1,3.0,40.6,40.0,22.2,25.7,2.0,3.1,7.1,8.1,7.0,8.0,20.0,21.8,24.0,19.8
1772616063.6755385,14.0,8.1,18.2,13.3,35.1,42.6,3.1,3.0,11.2,8.3,6.1,8.0,29.3,30.0,21.2,23.7,5.1,6.9,35.0,34.3,40.6,36.0,24.5,34.0,3.0,5.0,10.1,4.0,25.3,30.0,30.0,31.3,4.0,7.0,6.9,2.0,41.0,38.4,3.1,2.1,34.0,32.7,25.0,21.4,3.0,3.0,9.1,8.3,6.1,7.1,20.0,23.5,25.3,18.2
1772616064.6760168,14.1,5.1,16.0,19.8,38.4,36.0,3.1,1.0,11.3,8.1,6.1,5.1,33.0,32.3,27.3,18.2,23.2,13.1,36.4,36.4,37.0,37.6,47.5,29.0,5.1,5.0,7.1,8.0,31.0,29.3,40.0,43.1,5.1,7.1,2.1,4.0,42.4,37.6,3.1,2.0,30.7,31.3,20.2,24.8,5.0,4.0,8.2,10.9,8.1,8.1,20.8,22.0,20.8,22.2
1772616065.6760993,12.2,9.0,16.3,17.2,41.4,33.0,5.1,3.1,4.1,3.0,3.1,7.0,26.3,34.0,26.3,24.5,3.1,4.1,31.0,38.0,38.6,44.1,54.5,27.7,4.0,2.0,8.0,7.0,29.3,27.7,38.0,43.0,3.0,5.1,3.0,6.0,41.0,42.0,9.2,13.0,31.0,31.7,23.5,21.2,2.0,2.0,10.0,7.1,5.1,6.0,18.2,18.2,17.5,20.4
1772616066.6761882,15.7,8.2,13.3,14.3,34.3,33.7,4.1,2.1,7.1,14.3,6.9,6.1,27.0,24.5,32.0,29.3,18.0,16.2,30.3,32.0,36.0,35.6,41.0,22.2,5.9,4.0,3.0,13.1,17.2,29.3,32.7,46.0,3.0,4.0,4.1,4.0,38.4,42.0,19.4,10.2,31.7,30.7,26.3,18.2,4.1,2.0,5.1,7.1,6.1,8.1,20.0,22.0,18.0,19.2
1772616067.6772032,10.4,10.0,19.2,16.2,35.0,37.3,4.0,5.0,11.2,12.0,5.2,5.1,32.7,29.7,26.3,25.5,9.1,9.2,36.4,33.3,40.6,34.0,22.8,57.0,3.1,5.1,9.1,10.1,27.7,29.0,37.0,38.6,4.1,6.0,10.9,4.0,42.6,43.0,13.4,23.5,41.6,35.0,25.3,18.2,4.0,2.0,8.1,9.1,7.1,7.1,24.2,22.2,20.0,21.8
1772616068.6786294,12.1,9.1,16.0,15.0,34.7,33.3,3.0,5.1,3.1,10.0,5.0,4.0,28.7,29.0,24.2,21.2,13.1,11.0,26.5,33.7,32.7,36.6,22.8,33.7,3.0,5.9,6.1,7.1,24.8,28.0,26.7,36.6,3.0,5.1,2.0,3.0,41.6,39.6,3.0,3.0,40.6,40.2,19.0,18.8,3.0,2.0,6.0,8.0,7.9,7.1,20.8,21.0,13.0,24.8
1772616069.6798697,13.3,7.1,16.3,20.4,39.4,38.0,4.0,4.0,4.0,7.1,4.1,4.1,27.3,31.3,29.6,24.0,6.2,5.2,33.0,36.7,36.6,38.6,28.6,17.3,6.0,2.1,7.1,7.1,25.0,29.6,28.3,33.3,4.1,3.0,5.0,2.0,39.0,35.4,2.0,2.0,39.0,38.0,22.2,21.0,5.1,2.0,10.1,7.1,6.1,6.1,15.2,13.1,16.3,19.4
1772616070.6832497,13.3,7.0,21.2,12.0,38.8,28.0,3.1,5.0,10.3,9.2,3.0,5.9,30.4,30.7,19.4,27.0,16.0,14.0,38.4,30.0,37.0,39.6,36.6,43.1,5.0,4.0,9.0,5.0,29.0,27.0,15.2,30.4,4.0,2.0,4.1,3.0,40.4,44.1,1.0,4.0,32.4,31.7,20.2,23.2,3.0,2.0,8.1,8.2,6.1,6.1,24.8,23.0,26.0,15.0
1772616071.6841702,14.0,10.0,18.0,15.2,41.0,34.7,5.9,3.1,5.1,12.1,4.0,9.2,35.4,28.0,23.0,24.5,4.1,3.1,38.0,35.6,38.6,38.6,47.0,35.0,6.1,4.0,8.0,9.1,28.0,28.3,15.8,14.0,2.0,6.0,7.1,4.0,37.0,43.4,8.1,3.0,21.0,22.8,26.0,23.8,4.0,4.0,11.0,10.9,8.0,7.1,13.4,13.1,18.2,21.2
1772616072.684664,14.3,7.1,16.5,16.2,43.9,29.7,3.1,2.0,4.1,10.0,5.1,5.1,32.7,25.5,25.5,25.0,12.2,21.0,39.0,30.3,39.2,39.2,43.6,36.4,5.1,4.1,9.2,7.0,29.3,29.4,41.0,19.2,5.1,4.1,3.0,3.0,40.4,39.0,3.0,14.1,11.1,12.1,26.0,22.2,2.0,2.0,8.1,9.2,9.0,7.1,25.0,26.0,19.2,25.0
1772616073.6856308,15.8,7.0,14.1,18.0,26.3,35.0,7.1,4.0,10.1,2.1,3.1,3.0,19.8,38.2,33.3,31.3,4.0,7.0,36.4,34.0,36.0,33.3,24.8,37.3,4.0,5.0,9.0,4.0,27.0,20.8,39.6,22.0,5.0,2.0,4.0,1.0,40.0,39.2,8.1,7.2,11.9,12.1,19.0,20.0,2.0,4.0,6.1,8.9,6.1,5.1,17.8,17.0,21.8,13.1
1772616074.6863146,11.3,6.1,14.1,12.1,27.0,45.5,2.0,2.0,9.2,12.2,6.0,5.1,31.3,19.4,20.4,15.3,15.2,16.3,38.4,28.3,36.6,36.3,22.2,28.3,4.0,4.1,6.1,6.1,24.8,25.5,43.0,29.0,1.0,5.1,3.0,4.1,39.6,40.0,2.0,4.0,24.2,21.2,18.0,21.0,3.0,4.0,10.0,5.1,5.1,7.2,20.2,21.2,13.1,21.2
1772616075.688752,12.2,11.0,17.0,15.5,43.0,28.7,4.0,4.0,6.0,10.1,5.0,4.1,32.0,33.3,16.3,20.2,7.1,3.0,31.7,37.6,36.3,35.6,22.0,21.2,5.1,3.1,7.1,7.0,31.0,23.0,21.0,30.0,4.0,5.1,1.0,3.0,39.0,40.0,3.0,3.0,28.7,31.0,17.2,22.0,4.0,3.0,7.1,9.2,10.0,8.9,22.0,20.8,20.0,20.4
1772616076.6915584,12.2,9.1,21.0,21.0,42.9,29.7,4.0,3.0,10.2,7.1,4.1,5.1,25.0,27.3,24.2,26.3,18.2,18.4,36.0,37.4,35.0,37.3,34.0,26.0,4.0,5.0,6.1,6.1,21.8,36.0,18.0,28.3,4.0,4.0,9.0,5.1,43.0,41.4,6.1,1.0,40.0,34.3,22.8,24.0,3.0,5.0,7.1,11.8,7.9,5.2,17.8,15.3,22.0,21.8
1772616077.6916442,13.1,9.9,16.0,16.2,39.0,36.9,5.1,2.0,3.1,9.0,7.0,5.1,27.3,32.0,26.5,31.3,5.1,4.0,37.0,30.7,36.6,33.3,38.0,23.8,4.0,4.0,9.0,6.1,26.0,34.0,38.6,41.6,2.0,3.1,3.0,3.1,42.0,43.6,8.2,3.1,41.2,40.6,21.0,21.0,2.1,3.0,13.1,9.1,6.1,7.9,23.0,20.6,18.4,19.0
1772616078.6917343,10.4,8.2,18.4,13.4,35.1,28.3,4.0,3.0,6.2,13.5,3.1,6.1,25.0,33.0,26.5,20.2,19.2,17.7,29.9,30.6,39.6,37.6,27.3,49.5,4.0,6.1,9.1,7.1,27.6,20.2,31.3,30.0,4.1,4.1,1.0,4.1,35.4,35.4,7.3,2.1,41.0,41.4,20.2,23.5,3.0,8.1,7.1,6.3,5.1,8.1,19.4,21.2,19.4,19.4
1772616079.6918216,13.3,8.2,17.5,12.1,30.3,46.5,4.0,1.0,4.1,12.1,5.1,3.1,30.0,29.0,18.2,21.4,1.0,2.0,29.6,37.4,34.7,39.6,34.3,47.5,4.0,4.0,7.0,9.0,29.7,27.0,21.0,22.2,4.0,7.0,1.0,2.0,40.6,38.4,3.0,7.0,41.6,41.2,20.0,27.0,8.1,2.0,9.1,8.1,5.2,8.1,17.3,21.0,20.0,19.2
1772616080.6921232,12.1,11.1,17.2,18.6,36.4,35.0,4.1,2.1,7.1,9.2,5.1,6.1,32.7,29.6,23.5,28.6,20.2,18.0,32.0,39.4,39.0,40.6,24.2,40.4,5.1,6.1,11.2,5.1,32.7,26.0,24.8,40.0,5.1,3.1,4.0,3.1,44.4,45.1,4.1,4.1,40.6,41.0,19.4,25.3,6.2,4.0,11.1,7.1,6.1,10.2,19.0,20.4,24.5,24.8
1772616081.6937513,13.4,9.9,18.0,18.0,32.0,47.1,4.0,3.0,9.1,9.1,5.1,3.1,27.3,35.3,28.3,29.2,3.1,6.1,29.3,39.2,36.6,41.6,37.0,38.4,4.1,4.0,8.2,7.0,32.0,34.0,21.0,41.6,7.0,4.0,3.1,2.0,40.6,40.0,4.0,2.1,41.2,40.2,22.5,26.7,4.0,3.0,11.0,9.0,6.0,8.1,22.0,22.0,23.0,17.2
1772616082.6938462,13.3,9.2,18.0,18.6,30.9,43.6,4.0,2.1,5.1,12.1,4.0,7.9,32.7,31.3,25.5,25.3,18.4,18.0,33.0,29.6,41.6,37.0,28.0,35.6,5.0,3.1,8.0,4.1,31.0,26.5,26.0,34.0,4.0,1.0,5.1,0.0,38.4,38.4,3.1,4.0,41.0,41.0,24.5,24.5,4.0,4.0,10.2,8.1,8.1,8.1,18.2,20.2,23.0,25.3
1772616083.6940753,11.3,7.1,11.2,16.3,33.3,32.0,3.0,5.1,15.3,5.2,5.1,7.0,27.0,28.0,17.3,17.2,3.0,3.1,32.0,32.0,35.6,37.0,12.2,33.0,3.1,3.0,6.2,5.1,31.0,24.0,36.0,42.6,5.0,5.0,3.0,5.0,42.6,42.6,3.0,2.0,42.0,39.6,22.0,19.8,2.0,1.0,8.0,6.1,6.0,7.1,21.8,22.2,15.3,24.2
1772616084.694946,12.7,12.1,21.4,19.0,41.4,39.6,5.1,3.0,8.0,7.1,6.1,4.1,34.7,30.3,27.3,20.4,17.3,17.3,37.8,42.0,39.6,38.2,37.6,39.0,6.0,5.0,7.9,9.0,34.3,29.0,40.0,41.0,5.2,3.0,3.1,3.0,39.4,40.4,6.2,6.1,38.2,39.0,26.0,25.0,5.1,2.0,8.2,12.0,8.1,8.1,16.3,18.2,21.2,26.0
1772616085.6959093,12.4,10.9,19.2,18.4,34.0,39.0,5.1,3.1,3.1,4.0,4.1,5.1,36.0,29.7,29.3,35.7,2.1,6.1,31.3,44.4,39.6,38.0,26.0,41.6,3.1,3.0,5.1,9.1,27.7,30.0,39.6,41.4,4.0,4.1,7.1,4.0,41.6,37.4,13.1,14.1,31.0,31.4,21.0,28.0,3.1,2.0,12.0,9.1,5.2,7.1,23.2,28.0,18.2,27.3
1772616086.696681,13.4,12.1,21.4,19.2,38.0,36.0,5.0,5.1,13.1,13.3,4.0,5.1,29.6,34.7,22.7,24.5,16.2,14.1,29.7,34.7,40.0,41.6,26.3,41.4,6.9,5.0,4.0,9.1,30.3,27.0,33.0,35.3,2.0,4.0,9.1,3.1,39.0,42.6,4.2,7.2,31.7,30.0,21.2,21.8,5.0,3.0,8.0,10.0,7.0,7.1,12.1,11.1,20.2,24.2
1772616087.6971307,14.0,8.1,18.4,14.1,39.0,33.7,5.0,4.0,17.0,4.1,6.2,5.1,30.7,33.3,24.2,25.3,9.1,12.0,30.0,40.6,38.2,35.0,41.6,40.6,5.1,4.0,8.1,7.1,27.0,31.0,36.0,25.3,5.0,5.0,3.0,2.0,40.4,40.0,13.0,18.0,28.0,28.0,22.0,23.0,3.0,1.0,10.1,7.1,5.1,7.1,29.0,29.0,25.7,18.0
1772616088.6988964,14.1,9.1,18.0,19.2,46.5,26.7,3.1,2.1,5.1,4.0,6.1,9.2,28.0,37.6,25.0,22.2,12.4,11.2,37.0,34.0,38.0,34.7,41.6,40.0,5.0,4.0,6.1,10.9,24.8,33.0,34.0,20.0,3.1,4.0,3.1,3.0,38.2,41.0,15.3,10.1,21.0,23.0,25.7,23.5,4.0,4.0,9.0,12.9,8.1,7.1,16.0,11.2,20.2,18.2
1772616089.69979,10.4,6.1,12.5,13.4,48.5,21.0,6.0,1.0,6.1,3.1,5.1,5.1,22.2,30.3,30.6,31.6,7.1,11.2,32.3,31.0,36.6,34.0,45.0,29.7,1.0,6.9,8.2,9.1,25.0,27.0,40.4,8.1,3.0,4.1,1.0,3.1,41.4,39.4,5.2,4.1,33.0,28.0,17.2,21.0,3.1,2.0,7.1,7.1,7.1,4.0,26.3,24.0,17.2,19.2
1772616090.7011628,15.8,8.9,21.6,14.0,36.4,35.6,2.1,3.0,12.1,11.1,7.1,7.0,27.7,31.3,20.4,22.2,12.1,12.0,37.6,34.0,32.7,36.3,28.7,30.0,5.0,2.1,7.1,6.1,28.3,29.3,41.2,26.0,7.1,4.0,5.0,4.0,41.4,40.0,5.0,5.0,31.7,30.7,21.8,21.0,6.9,2.0,9.0,8.1,7.0,7.2,14.0,16.3,25.3,17.0
1772616091.7022655,12.2,8.1,17.3,16.2,37.1,35.6,6.0,4.0,13.3,11.2,6.1,6.0,40.4,29.7,21.2,22.4,16.0,2.0,36.4,34.3,35.6,38.0,35.4,25.7,4.0,5.1,8.0,7.1,34.7,31.0,41.0,40.6,4.0,5.0,2.1,5.1,41.0,38.0,3.0,6.1,34.7,28.0,21.0,26.5,3.1,3.0,8.2,11.0,5.1,6.1,25.0,23.0,22.0,19.4
1772616092.7051952,11.3,8.9,15.0,16.3,34.3,36.0,4.0,2.0,5.0,2.0,7.1,3.1,31.7,20.2,33.0,31.3,13.3,11.1,33.3,34.0,39.6,37.4,30.3,46.5,4.0,6.0,6.1,9.1,24.5,22.0,43.0,39.0,3.0,6.1,4.0,9.2,42.2,40.0,13.1,21.4,28.7,26.7,16.2,22.2,4.0,3.0,10.1,7.1,6.1,7.1,16.0,18.0,15.2,23.0
1772616093.706613,12.1,9.1,20.4,14.0,38.8,31.7,5.0,4.0,10.1,14.1,6.2,4.0,27.0,32.0,31.3,28.6,7.1,10.3,35.6,34.0,37.4,39.2,32.7,41.6,5.9,5.0,7.1,8.0,27.7,29.3,40.2,38.0,2.0,5.1,2.0,10.1,41.4,40.6,9.2,10.0,22.8,22.0,21.0,26.0,3.0,4.0,8.0,11.9,8.0,9.0,26.0,25.3,16.2,26.7
1772616094.7071176,14.1,9.2,20.0,14.3,36.4,40.4,4.1,2.0,8.3,12.1,9.0,6.0,29.3,30.0,15.3,14.4,11.2,14.9,37.4,34.3,35.6,36.6,28.0,28.3,3.1,4.1,8.2,6.1,29.3,27.7,41.0,38.6,2.0,4.1,1.0,9.1,41.0,41.0,5.0,5.1,22.0,21.0,23.2,26.3,4.0,2.0,13.0,6.2,5.2,6.1,16.2,14.1,21.4,19.4
1772616095.70719,15.2,7.1,15.2,15.5,30.2,37.3,1.0,2.0,7.1,2.1,8.1,2.1,26.7,34.0,22.2,22.2,11.0,5.1,25.3,35.4,36.6,40.6,36.4,23.0,3.0,4.0,8.0,8.1,36.0,27.6,38.4,22.4,4.1,5.1,2.0,4.1,34.3,34.3,2.0,4.1,28.0,28.0,23.2,18.2,1.0,4.0,6.1,8.0,6.1,6.2,22.0,20.6,16.0,23.0
1772616096.7076397,15.2,9.0,18.8,20.8,30.6,48.5,4.0,2.0,6.9,3.0,5.1,4.0,35.6,29.3,23.2,24.5,8.2,9.1,41.0,34.3,35.6,39.8,10.9,22.8,2.0,6.9,7.0,7.1,31.7,34.7,32.7,27.7,4.0,4.0,4.0,7.0,42.6,46.0,4.0,2.0,30.7,31.7,26.7,20.8,4.0,2.0,10.1,10.0,8.0,8.0,15.2,17.0,21.0,21.2
1772616097.7124314,11.2,9.2,21.0,10.2,28.9,36.6,3.0,6.0,17.3,6.1,4.1,3.1,29.6,28.7,26.8,26.3,10.2,9.2,33.7,30.3,35.3,39.0,26.0,38.0,5.0,3.1,6.0,9.1,28.7,24.8,34.0,46.0,7.1,2.0,2.0,4.0,42.0,38.6,5.2,3.0,38.0,42.6,23.2,20.2,5.0,2.0,8.1,7.1,5.1,8.1,19.2,20.2,18.4,19.4
1772616098.7125304,10.2,8.2,18.6,15.3,29.3,48.0,3.1,1.0,5.1,2.1,4.0,5.1,33.0,34.3,24.0,23.5,8.1,9.1,43.0,27.3,40.6,39.6,41.2,41.0,1.0,5.1,5.1,8.1,29.3,31.3,32.0,31.0,6.1,5.0,4.0,2.1,35.0,36.0,6.1,2.1,41.0,40.0,19.0,27.3,3.1,2.0,7.2,10.1,6.1,8.1,17.3,19.0,22.0,16.3
1772616099.7137682,15.3,12.0,24.2,22.0,39.8,34.3,3.1,3.0,13.3,13.0,4.0,6.1,31.7,36.0,26.5,25.3,10.0,9.1,34.7,38.0,38.6,35.6,40.4,40.6,8.0,3.0,7.0,8.0,35.0,24.8,36.0,37.4,4.0,3.1,4.1,3.1,43.9,44.4,6.0,7.0,41.6,40.6,25.0,29.7,4.0,3.0,7.1,10.0,6.1,6.1,17.8,20.2,24.2,20.0
1772616100.7138557,12.4,8.1,17.2,12.2,41.0,34.0,5.0,1.0,5.1,4.0,3.1,6.0,25.5,27.7,30.6,27.6,4.1,15.2,28.3,29.3,34.7,35.0,47.5,29.0,3.1,4.0,7.2,6.1,26.3,30.3,43.0,32.0,2.0,5.0,2.0,2.0,38.2,38.0,3.1,2.0,41.0,41.6,16.0,23.0,4.0,3.0,7.0,10.3,6.9,7.1,20.0,23.0,16.8,19.0
1772616101.7148108,12.1,9.1,13.4,20.0,46.5,27.7,3.0,4.0,10.1,6.0,5.0,5.0,30.0,34.0,21.0,22.2,14.1,9.2,34.0,37.6,37.6,42.2,30.4,49.5,5.0,4.0,6.0,8.1,26.0,33.7,42.2,20.0,4.0,5.1,3.0,3.0,42.4,41.0,3.1,3.0,42.2,39.2,28.0,19.0,6.1,2.0,8.1,10.1,7.1,8.1,17.0,17.3,23.2,21.2
1772616102.7153695,12.5,7.1,17.2,10.3,34.7,31.3,5.1,3.1,7.2,11.2,5.2,3.1,30.3,25.3,32.3,27.8,16.5,9.2,34.7,27.6,36.6,34.0,29.3,51.0,5.1,6.1,10.0,6.1,27.0,25.3,43.0,24.0,4.0,6.1,3.0,6.1,43.0,36.4,2.0,3.1,39.0,41.0,19.2,18.2,10.1,4.0,6.1,10.1,5.2,8.0,23.2,24.2,21.2,16.3
1772616103.7175586,13.9,12.0,23.0,19.0,33.7,45.0,4.0,5.2,18.0,8.2,6.9,5.1,28.0,39.0,23.7,25.3,10.0,9.2,36.4,33.7,38.6,37.0,35.4,41.4,5.1,4.0,7.1,8.0,32.0,28.0,30.0,43.6,4.1,3.1,4.1,1.0,41.0,40.0,2.0,4.0,40.6,42.0,28.0,20.2,4.0,1.0,10.2,9.1,8.0,6.2,14.1,15.0,21.4,24.8
1772616104.7176478,10.4,9.1,14.0,18.2,37.4,42.0,3.1,3.0,3.0,4.1,4.1,4.1,33.0,33.7,24.2,22.9,5.1,15.3,39.0,27.6,39.0,36.6,18.8,43.0,4.0,3.1,10.1,7.0,22.2,33.0,21.2,40.0,4.0,5.0,3.0,4.0,39.0,39.0,4.0,2.1,40.0,41.2,18.2,27.3,3.1,4.0,4.1,8.2,7.1,7.0,24.5,26.3,19.2,16.3
1772616105.7190156,15.2,7.1,16.3,19.0,42.4,33.0,5.1,3.0,6.1,5.1,6.1,5.0,32.4,31.7,21.2,21.2,9.1,9.1,39.8,31.7,38.6,40.2,9.1,34.0,4.0,5.9,6.1,7.1,23.0,30.0,17.8,43.6,4.0,5.1,3.0,3.0,42.0,41.0,5.1,14.1,38.2,38.6,21.8,20.8,2.0,3.0,8.1,9.1,7.1,7.1,10.9,9.2,22.0,19.8
1772616106.72326,14.1,6.1,14.1,13.3,37.8,28.0,3.0,1.0,12.1,13.3,6.0,4.0,18.4,28.6,33.7,30.0,6.1,11.1,33.3,28.0,32.4,34.0,16.2,45.0,4.0,4.0,7.0,6.1,28.0,17.8,20.2,42.4,3.0,6.1,4.0,4.1,40.0,37.4,9.2,9.2,26.3,24.8,19.0,12.1,3.0,1.0,7.1,8.0,6.1,6.1,27.3,27.3,16.2,19.2
1772616107.723338,11.5,5.0,16.2,12.1,31.7,36.6,2.0,6.1,13.1,11.1,4.0,3.0,23.2,26.0,21.9,24.5,7.1,11.1,26.5,27.6,38.0,33.7,18.0,35.0,3.0,7.1,8.0,7.1,33.3,22.2,26.3,37.6,4.0,3.1,2.0,1.0,38.0,37.0,2.0,4.0,21.8,21.0,20.0,22.5,3.0,4.0,8.0,8.2,6.1,5.1,13.0,11.0,10.3,20.2
1772616108.7240994,12.2,11.0,17.2,18.2,40.4,34.3,6.9,6.1,4.1,5.1,3.1,6.1,35.0,32.7,25.0,12.4,12.2,11.0,37.6,30.0,37.6,35.6,35.4,16.0,5.9,4.0,11.1,8.0,29.3,26.0,39.0,33.0,5.1,4.0,3.0,3.0,42.6,39.4,23.5,5.2,22.0,23.8,20.0,23.5,4.0,5.1,8.1,11.1,7.1,7.1,25.0,25.3,22.0,19.4
1772616109.7241719,11.6,6.1,14.3,16.0,41.4,26.3,5.1,2.0,4.1,5.1,4.0,4.1,26.0,31.3,21.2,27.3,7.1,8.1,30.7,32.0,36.6,36.6,21.8,40.0,4.0,2.1,4.1,7.1,24.0,22.2,31.0,29.3,3.0,3.0,1.0,4.0,39.4,39.0,17.2,10.2,24.8,21.2,21.0,21.0,2.0,5.0,7.0,7.1,6.0,5.1,11.1,14.1,22.2,11.0
1772616110.7264185,13.3,6.1,13.1,14.0,33.3,32.7,3.0,2.0,14.3,16.8,5.0,3.0,22.0,27.0,32.7,31.3,11.2,14.0,30.0,36.0,35.0,33.7,30.0,46.0,3.1,5.0,7.1,7.0,25.7,23.0,44.0,33.7,4.0,3.0,3.0,3.0,46.0,38.2,3.0,6.9,34.0,29.7,21.0,23.8,3.0,3.0,7.0,11.0,8.1,5.1,20.0,19.4,15.8,22.8
1772616111.726523,13.3,8.1,18.4,16.5,37.4,35.0,3.1,4.1,11.2,13.4,5.2,4.1,30.6,28.0,22.7,31.3,12.2,3.1,28.3,30.6,41.6,36.0,23.2,58.0,5.0,3.1,6.1,6.1,32.3,25.0,36.0,40.4,3.1,7.0,4.0,4.1,37.0,35.4,2.0,2.1,42.6,40.0,17.5,23.2,2.0,6.3,9.1,10.1,7.1,6.2,19.2,19.2,24.2,18.2
1772616112.7266133,14.6,9.0,15.3,15.2,28.9,41.0,5.0,3.0,4.0,2.0,5.1,2.1,28.7,30.7,10.2,15.2,13.1,4.1,34.0,33.0,35.6,35.6,23.0,47.0,4.1,3.1,5.1,8.1,27.7,34.7,21.0,28.4,3.0,5.0,5.1,3.0,39.4,43.0,3.0,2.1,32.4,32.7,17.8,20.0,4.0,3.0,7.1,8.0,6.1,9.1,11.1,10.2,22.2,20.0
1772616113.7306347,18.0,9.0,16.2,15.3,40.0,37.6,5.2,3.0,4.1,6.0,6.1,6.9,30.0,27.6,21.0,17.2,3.0,11.2,34.7,33.0,38.2,33.0,13.1,47.5,4.0,3.0,8.1,7.0,30.7,26.0,10.1,25.3,4.0,5.1,1.0,5.0,42.6,42.6,5.1,2.0,24.0,23.8,20.8,20.0,3.1,1.0,9.2,10.2,6.1,7.1,30.7,27.7,19.0,21.2
1772616114.7332578,12.2,9.2,22.8,18.0,36.7,35.0,7.0,4.0,16.2,10.1,5.1,4.0,26.0,34.0,32.3,30.3,5.1,13.0,37.4,30.7,35.0,38.6,27.0,48.0,6.0,3.0,7.9,7.1,25.3,30.3,29.7,41.2,4.0,4.0,5.1,0.0,40.4,39.0,16.3,6.0,21.8,20.0,28.0,29.0,3.0,3.0,9.9,9.0,5.1,8.9,12.0,11.0,20.0,24.0
1772616115.7350628,13.9,9.9,14.3,16.3,33.0,35.0,2.0,3.1,8.0,8.2,4.0,5.1,25.7,30.0,33.0,32.3,7.1,17.2,39.4,31.3,40.0,34.7,26.0,50.0,4.1,3.1,7.1,7.1,29.3,27.0,40.4,37.4,3.1,5.1,4.0,3.0,41.0,41.6,5.1,3.0,23.8,21.0,19.2,24.0,3.0,4.0,12.0,7.1,8.9,4.2,27.3,30.7,18.0,20.2
1772616116.7396212,12.1,8.2,15.2,17.8,36.0,35.6,17.0,4.0,8.2,10.1,7.1,3.0,28.0,29.0,11.0,12.2,4.1,3.0,28.7,34.3,39.6,41.6,38.0,22.0,4.0,5.9,8.0,5.1,35.6,23.0,43.1,39.6,3.0,5.1,4.0,3.0,40.6,38.0,5.0,3.0,31.0,25.0,22.8,19.8,3.0,3.0,9.1,6.0,6.0,8.0,16.0,14.0,23.0,17.2
1772616117.7428107,12.0,9.1,16.2,18.0,35.0,39.2,35.4,2.0,4.1,3.0,7.0,6.0,41.0,24.8,21.2,16.3,13.1,21.0,34.0,35.6,35.6,41.2,42.6,28.7,4.0,6.1,7.0,7.0,32.0,28.0,40.6,41.0,5.1,3.0,6.1,3.1,41.0,40.4,2.0,2.0,31.7,31.7,27.7,18.8,3.0,1.0,8.1,9.1,7.0,6.1,20.8,19.2,17.8,22.0
1772616118.742907,12.5,9.9,16.5,19.4,31.3,41.2,10.1,1.0,13.3,11.2,4.1,6.0,26.3,33.0,35.1,26.3,11.2,7.1,26.5,38.6,35.6,36.6,34.0,28.3,5.1,5.1,8.1,7.1,29.0,25.3,39.0,42.6,6.0,1.0,4.0,4.0,39.0,39.6,4.1,4.0,43.6,39.0,20.2,22.2,3.0,3.0,9.0,10.2,7.1,10.1,21.2,21.2,24.2,20.0
1772616119.7446496,12.1,9.1,17.0,19.2,39.8,31.3,5.1,2.0,5.1,4.1,5.1,5.1,18.6,32.3,36.0,34.0,11.1,9.2,40.6,28.3,37.6,36.0,49.5,33.3,3.0,3.0,7.1,5.0,26.0,25.0,39.6,33.0,4.1,4.0,3.0,2.0,39.0,40.0,1.0,2.1,40.0,42.2,24.0,23.0,3.0,1.0,8.0,9.9,6.9,7.1,20.6,22.0,22.2,15.2
1772616120.7467768,12.4,7.1,15.5,18.0,38.4,39.8,3.0,3.0,14.1,13.1,4.0,2.0,29.3,28.0,11.2,13.0,9.1,11.0,36.0,36.4,39.8,39.6,45.5,30.4,5.0,5.0,7.0,7.1,29.0,29.0,31.1,32.7,2.0,4.0,2.0,2.0,39.2,40.6,3.0,3.0,41.2,40.0,18.0,23.0,2.0,4.0,8.2,10.0,7.0,7.0,20.0,20.2,21.4,16.8
1772616121.752918,13.3,7.1,17.3,14.1,40.8,24.5,4.1,4.0,5.1,3.1,6.1,4.0,30.3,30.0,24.2,25.5,10.3,8.2,32.7,29.7,38.0,36.6,41.0,23.2,2.0,4.1,11.0,9.0,25.0,30.0,35.4,43.0,2.0,5.1,3.1,2.1,40.4,39.4,4.1,3.0,39.6,42.2,17.2,21.0,3.0,3.0,9.1,10.1,5.2,8.1,17.2,18.0,18.0,21.0
1772616122.753413,12.4,9.2,12.1,21.2,36.4,38.6,3.1,4.1,10.2,9.1,4.1,7.0,29.0,32.0,36.1,31.6,17.3,14.1,37.8,32.7,39.6,36.0,43.0,35.4,3.1,7.0,4.1,7.1,32.3,26.0,37.0,45.0,5.1,3.0,3.1,2.0,42.0,41.0,3.1,6.1,41.0,40.6,28.3,20.8,2.0,6.0,11.0,9.1,8.1,9.2,28.0,24.2,19.4,22.2
1772616123.756076,12.1,8.9,19.0,16.0,47.0,26.7,5.0,4.0,5.1,7.1,5.1,4.1,26.0,35.4,22.4,25.3,4.0,6.1,39.0,32.4,39.0,37.9,48.5,30.4,5.0,3.0,6.1,9.0,22.8,29.0,42.0,39.6,5.0,4.0,5.0,2.0,40.0,40.4,6.1,1.0,40.0,40.0,19.8,20.2,4.0,2.0,8.0,11.9,6.1,8.0,17.0,15.2,21.8,19.0
1772616124.7585046,15.0,7.1,16.3,17.3,26.0,44.6,2.0,8.2,6.1,16.5,5.1,4.1,27.0,31.7,20.8,15.5,18.4,15.2,35.6,37.4,36.6,37.0,51.5,28.3,5.0,5.1,8.0,6.1,26.5,33.0,40.6,39.4,4.0,3.1,5.1,2.0,40.6,39.2,5.0,3.1,34.3,34.7,22.0,23.0,3.0,4.1,8.2,7.2,8.0,6.1,26.3,22.8,29.3,14.4
1772616125.7585914,11.3,12.0,18.4,18.8,48.0,27.7,3.1,4.1,4.1,4.0,7.1,5.9,20.2,39.2,35.4,20.2,7.1,6.2,31.3,34.3,41.6,37.6,42.0,37.6,5.1,2.0,8.1,7.1,33.3,22.2,35.0,36.6,4.1,3.0,3.0,1.0,38.0,42.0,4.1,2.1,31.7,31.0,18.8,21.2,3.0,5.1,10.9,9.0,6.1,6.1,17.0,18.4,21.8,21.6
1772616126.765341,12.4,7.0,16.2,17.3,24.0,43.1,3.0,3.0,3.0,5.1,4.0,4.0,29.0,28.3,31.3,27.0,10.1,15.0,28.0,36.6,31.7,37.6,41.0,22.0,3.0,4.0,7.0,8.0,16.0,36.3,20.8,10.9,3.9,3.0,3.0,3.0,40.4,40.6,5.0,3.0,30.7,31.7,20.0,20.0,2.0,3.0,5.1,9.0,6.0,6.9,18.0,16.8,19.2,18.6
1772616127.7660475,15.0,8.2,19.8,18.0,40.8,37.0,3.0,3.1,13.0,14.1,4.2,4.1,24.2,33.0,23.5,14.4,6.1,6.1,30.3,41.0,37.6,34.7,33.0,10.1,4.0,5.1,6.1,8.1,25.0,30.3,19.6,26.5,4.1,4.0,4.1,4.1,39.4,42.0,6.1,20.0,31.7,31.7,25.0,23.2,3.0,3.1,12.9,8.2,7.1,7.1,21.8,20.0,17.2,21.2
1772616128.7674305,16.7,10.0,14.4,14.3,43.0,27.7,4.1,2.0,15.2,4.1,7.1,6.0,29.3,32.7,13.1,20.4,19.2,6.2,31.7,37.0,36.6,37.6,24.2,44.0,4.0,4.0,8.1,6.0,28.3,30.3,37.6,46.1,3.0,4.1,4.0,2.0,43.1,38.6,6.1,7.1,24.0,24.0,20.0,24.5,4.0,3.0,9.1,6.1,8.9,6.1,17.2,18.0,22.0,19.8
1772616129.7684608,12.2,12.1,16.5,16.2,34.7,37.0,5.0,3.0,7.1,9.1,7.0,3.1,27.0,22.4,30.6,34.0,12.1,6.2,36.7,25.3,36.0,38.2,28.7,33.7,5.1,5.9,9.1,7.1,28.7,24.0,39.0,42.6,4.0,4.0,2.0,3.0,41.4,40.4,10.1,2.1,32.0,32.0,17.2,21.2,4.0,7.1,7.1,9.1,8.1,6.1,26.3,24.2,21.0,18.4
1772616130.7711885,13.1,7.0,21.0,14.7,26.3,46.1,4.0,2.0,11.1,17.2,7.1,6.0,35.6,33.7,29.3,37.8,17.2,13.1,32.0,33.7,40.2,38.6,48.5,29.0,7.9,3.0,10.0,9.0,23.2,32.7,39.0,43.6,5.1,3.0,3.0,3.0,41.0,43.1,21.2,14.9,31.0,33.3,16.0,33.0,2.0,6.1,9.1,10.9,7.1,9.1,22.0,22.0,25.7,17.0
1772616131.774248,12.2,7.2,17.3,17.3,48.0,31.6,4.1,3.0,4.1,9.2,5.1,5.1,30.0,29.7,20.2,16.5,7.1,8.1,37.0,35.1,35.6,37.0,49.0,30.0,5.1,2.0,9.2,5.1,24.0,34.7,30.0,42.0,6.0,3.0,3.1,6.1,40.6,41.4,8.2,9.1,38.0,32.0,20.4,22.0,4.0,7.0,8.1,9.3,6.1,9.1,23.8,21.2,21.4,21.2
1772616132.7787802,12.2,8.9,17.0,16.0,52.0,20.6,4.0,1.0,13.1,7.0,6.1,5.1,28.0,26.3,22.2,13.3,13.0,17.0,31.0,41.0,40.2,37.3,54.9,25.7,6.1,4.0,7.1,10.0,28.0,29.7,26.7,41.6,4.0,3.0,4.0,3.1,41.0,40.0,2.0,3.0,38.2,36.9,21.0,22.0,3.0,3.0,11.0,9.0,8.0,7.1,17.0,16.8,20.0,21.2
1772616133.7788758,10.3,8.2,16.3,17.3,34.7,37.6,4.0,3.1,4.0,4.1,5.1,4.1,25.3,27.3,32.7,33.3,1.0,12.2,31.3,31.3,37.0,35.3,54.0,23.0,6.0,5.1,6.0,6.1,21.2,29.0,40.4,41.6,3.1,3.1,1.0,3.0,40.0,37.4,2.0,3.1,30.7,31.0,21.2,16.2,3.1,3.0,9.2,8.1,7.1,10.1,25.3,28.0,18.2,20.0
1772616134.7880535,13.1,9.0,16.0,14.0,35.6,38.6,3.0,5.0,11.2,13.1,5.9,6.0,30.7,25.7,32.3,30.0,20.8,7.1,33.7,34.0,37.6,35.3,37.0,27.7,5.1,3.0,7.0,9.9,24.8,26.0,42.2,38.6,5.0,5.0,4.0,2.0,41.2,41.6,13.1,8.0,22.8,23.5,16.8,20.0,3.0,2.0,8.0,9.0,5.1,6.1,14.9,13.0,13.9,25.7
1772616135.7881458,11.3,7.2,15.0,16.3,43.3,33.0,5.1,10.1,7.0,7.1,5.1,4.1,35.0,26.3,21.2,20.2,8.2,9.3,33.0,33.7,34.7,37.0,28.0,44.0,5.1,3.1,4.1,8.2,32.7,22.2,38.0,35.4,4.1,3.1,4.1,2.0,39.8,35.4,8.2,6.1,21.8,21.2,22.2,25.3,3.1,3.1,9.2,8.2,5.2,8.2,25.5,26.3,24.2,20.6
1772616136.7909603,11.3,7.0,17.2,13.1,36.4,36.6,3.1,3.0,13.1,8.2,5.1,5.1,22.4,25.0,16.3,16.2,12.0,7.1,36.4,30.3,36.6,38.0,52.0,30.3,4.0,5.0,8.0,6.0,33.0,17.8,40.0,41.0,4.0,6.0,3.1,4.0,43.1,42.0,3.0,4.0,24.8,28.0,20.8,20.0,4.0,4.0,9.0,8.0,7.1,6.1,13.9,13.0,22.0,19.2
1772616137.7925725,13.1,11.0,21.2,15.2,41.4,29.7,4.1,2.0,9.0,3.0,6.1,5.1,32.7,32.3,30.3,33.7,11.3,10.2,28.3,42.0,39.6,38.2,40.0,40.6,3.0,5.1,10.0,7.1,35.0,28.3,38.2,44.0,6.0,3.1,4.0,4.1,37.0,41.6,5.0,3.0,30.3,31.0,26.0,23.0,2.0,4.0,9.0,10.0,8.0,7.0,28.7,24.2,24.5,18.4
1772616138.7933397,14.0,8.9,20.2,18.2,39.4,43.6,6.0,2.0,12.2,10.2,5.1,6.0,26.0,35.6,32.0,36.1,12.1,7.0,36.4,34.0,39.0,41.6,45.5,37.4,3.0,6.0,9.2,5.0,31.7,28.3,28.3,41.0,4.0,4.0,3.1,5.9,39.0,42.0,3.1,2.1,37.6,41.6,26.0,23.8,9.1,2.0,11.1,7.1,8.1,6.2,16.2,18.6,23.0,19.0
1772616139.7934244,10.5,7.2,21.6,18.4,35.7,37.0,5.1,4.1,8.2,7.1,7.1,4.1,26.0,37.4,14.4,19.4,8.1,14.4,34.3,31.3,40.0,37.6,15.2,26.3,3.1,5.1,8.0,8.2,22.0,32.3,25.5,23.2,4.0,4.0,4.1,1.0,41.0,38.0,3.1,1.0,41.0,40.6,23.5,22.2,11.2,3.1,9.2,9.1,7.1,8.1,20.2,21.4,23.2,23.5
1772616140.7935097,12.4,7.0,15.3,12.1,26.5,43.0,7.0,2.0,6.1,9.1,4.0,5.1,26.0,29.7,12.0,11.0,4.0,12.0,32.3,28.3,32.0,35.4,5.1,22.0,5.0,3.0,6.1,6.1,20.4,26.3,25.0,21.2,1.0,4.0,2.0,0.0,41.0,40.4,1.0,2.0,40.6,40.0,26.7,9.0,8.1,2.0,5.0,9.1,6.1,4.1,18.0,17.2,15.2,16.2
1772616141.7977962,11.2,6.1,13.7,14.1,22.2,47.5,2.0,1.0,3.0,1.0,4.0,4.0,25.0,26.3,23.0,15.3,2.0,9.1,36.0,30.3,37.3,39.4,28.0,30.4,6.0,4.0,6.0,5.1,27.7,27.7,42.0,17.0,3.0,3.0,2.0,3.0,42.6,43.0,4.9,3.0,41.2,40.2,21.0,16.0,10.0,3.0,7.1,9.0,7.0,7.0,15.2,15.0,13.0,21.0
1772616142.7978756,11.5,7.1,17.3,15.2,38.4,40.6,2.0,3.0,15.0,14.1,5.1,3.1,23.0,31.0,36.4,35.7,18.0,12.1,28.3,37.8,40.0,35.4,50.0,28.3,2.0,5.1,6.2,6.1,31.3,23.2,34.0,28.7,5.2,2.0,2.1,3.1,39.4,39.4,1.0,5.0,40.0,41.6,25.0,18.0,11.1,3.1,8.2,9.1,8.1,7.1,24.0,23.0,18.0,26.0
1772616143.7987556,14.3,22.2,19.6,16.3,32.7,37.6,5.1,4.0,3.1,7.1,5.0,5.1,25.0,39.6,28.9,29.6,7.1,11.3,34.3,34.0,38.2,38.6,43.6,38.0,4.0,4.0,7.0,7.1,30.0,26.7,44.6,38.0,4.0,3.1,3.1,2.0,41.0,41.0,3.1,2.1,32.0,34.0,19.2,26.0,2.0,5.0,10.1,8.2,10.0,6.1,17.2,19.4,14.3,26.3
1772616144.7989047,12.9,7.0,22.2,28.0,44.0,34.0,2.0,3.0,3.1,7.1,2.0,3.0,30.0,35.6,7.1,7.1,8.1,11.9,22.8,20.4,37.6,43.1,50.0,29.3,2.0,2.0,3.0,2.0,34.0,34.0,41.2,39.6,4.0,2.0,2.0,1.0,26.7,32.4,2.0,3.0,31.4,30.7,34.7,28.0,1.0,2.0,4.1,6.0,5.0,5.1,15.0,17.0,13.1,12.1
1772616145.8000338,8.5,8.1,25.3,32.3,39.0,40.6,4.0,2.0,10.1,5.1,4.0,2.0,31.7,46.0,4.0,2.0,5.0,2.0,7.1,8.9,40.2,42.0,33.0,48.0,3.0,0.0,4.0,3.0,40.6,35.6,41.0,41.2,3.0,1.0,3.0,3.0,28.0,23.2,3.0,0.0,30.7,30.7,36.0,31.4,2.0,2.0,8.0,6.0,3.0,2.0,9.0,8.1,8.1,9.1
1772616146.8026636,9.2,4.0,32.0,31.7,41.0,37.0,1.0,1.0,2.0,3.0,2.0,2.0,36.0,41.0,2.0,2.0,3.0,2.0,17.2,21.0,39.0,42.2,28.7,45.5,3.0,1.0,2.0,2.0,31.7,37.0,30.7,44.0,1.0,3.0,1.0,3.0,22.0,18.2,3.0,2.0,31.7,29.7,35.0,38.4,0.0,1.0,5.0,8.0,4.0,5.9,7.0,5.1,11.8,10.0
1772616147.8066583,14.3,8.1,26.3,16.3,24.2,48.0,5.0,2.0,4.0,3.0,5.0,5.1,34.7,31.4,11.2,7.1,2.0,8.2,33.0,25.0,35.6,40.6,16.2,44.0,4.0,3.0,4.0,2.0,33.7,35.0,45.0,37.6,4.0,3.0,2.0,2.0,36.6,35.6,0.0,7.1,31.0,31.4,28.3,29.3,2.0,4.0,9.9,8.1,3.1,5.1,4.0,5.0,21.2,16.0
1772616148.8067474,14.1,10.1,28.3,27.6,50.5,31.3,5.0,4.0,5.0,2.1,2.1,3.0,34.3,40.4,32.0,33.3,11.2,11.0,12.1,18.4,39.6,42.0,21.2,37.0,3.0,4.0,5.0,8.0,36.7,35.4,35.0,39.0,1.0,3.1,2.0,3.0,20.4,23.2,3.0,5.0,29.7,30.0,33.0,34.3,2.0,3.1,4.2,11.1,7.1,8.2,14.0,16.2,15.3,13.1
1772616149.8079994,13.9,5.1,28.0,26.3,36.4,40.8,3.0,3.1,2.0,2.0,4.1,4.0,24.8,42.6,33.3,35.7,8.2,7.1,17.0,17.0,40.6,37.3,33.0,28.0,1.0,1.0,6.0,2.0,35.6,37.6,40.0,38.6,5.1,2.9,3.0,2.0,22.0,21.2,1.0,2.1,20.8,21.0,34.0,28.7,3.0,4.0,7.9,3.0,4.1,3.0,12.0,16.0,11.2,13.3
1772616150.8080788,7.4,6.1,24.7,26.0,22.2,53.5,4.1,2.0,2.0,4.0,2.0,2.1,44.4,28.0,12.1,12.0,3.0,4.0,9.0,12.0,39.6,42.0,38.4,34.7,3.0,3.0,2.0,2.1,33.7,33.3,29.7,33.0,2.1,1.0,2.0,3.0,19.0,9.1,3.0,1.0,21.0,20.8,32.3,30.0,1.0,2.0,5.1,4.0,4.0,2.0,14.1,12.2,6.1,7.1
1772616151.8094966,14.3,9.1,29.3,30.3,42.6,39.6,3.1,3.0,12.1,3.1,3.0,2.1,40.6,33.0,4.2,5.1,4.0,2.0,18.2,21.2,41.6,40.2,29.7,23.2,3.0,3.0,3.0,6.9,33.3,42.2,39.0,22.2,4.0,2.0,5.1,3.0,27.3,25.7,1.0,3.0,19.8,20.0,36.9,32.7,2.0,4.0,8.1,6.0,5.0,5.0,6.1,9.1,11.0,9.1
1772616152.809579,13.4,12.1,25.0,25.3,38.1,37.6,5.1,4.1,10.2,4.1,6.1,6.1,35.0,36.6,6.0,2.1,15.5,10.1,41.4,33.3,40.6,40.0,21.4,15.0,5.1,7.0,9.2,6.1,44.0,31.3,24.2,18.2,3.1,5.1,4.0,3.1,39.4,40.8,6.1,15.5,21.8,23.0,27.3,34.3,5.0,5.1,10.1,15.2,7.1,10.1,17.3,19.0,27.3,26.3
1772616153.8131616,12.0,9.1,30.9,24.8,36.0,42.6,5.1,2.0,5.1,11.2,4.0,5.0,40.0,36.4,36.0,32.0,9.1,10.1,25.0,26.7,42.6,39.2,17.2,35.6,5.0,4.0,6.9,4.1,35.0,31.7,20.8,18.8,3.0,4.0,1.0,5.1,28.0,27.7,8.0,7.2,21.0,25.7,33.0,35.0,2.0,2.0,8.0,8.1,4.0,7.1,21.0,19.2,14.1,21.2
1772616154.8144603,9.3,9.0,26.0,25.5,34.7,46.1,3.1,2.0,5.1,8.0,4.1,9.9,38.0,35.0,40.2,39.2,2.0,4.1,30.3,26.0,41.2,40.8,1.0,60.4,1.0,3.1,4.1,5.9,40.0,34.0,19.2,20.0,6.1,1.0,3.0,2.0,28.0,27.3,4.0,3.0,18.2,20.8,35.0,30.7,4.0,1.0,7.9,10.0,5.1,7.0,6.1,8.1,17.2,19.2
1772616155.817655,11.9,4.1,25.0,27.0,33.7,43.6,0.0,4.0,2.0,3.0,3.0,2.0,36.3,37.0,15.0,15.8,2.0,4.0,9.1,15.2,40.6,41.0,10.0,57.6,2.0,3.0,4.0,5.9,38.0,34.0,25.5,27.0,2.0,3.0,3.1,1.0,11.9,13.0,2.0,3.0,11.8,12.0,33.7,32.0,1.0,2.0,5.1,4.0,5.0,4.0,4.0,5.0,5.1,9.0
1772616156.817739,11.3,7.1,29.6,31.6,40.0,39.0,5.1,1.0,3.1,2.0,4.0,1.0,33.0,41.6,4.0,2.0,3.1,9.2,24.8,16.0,42.6,40.2,25.3,47.5,3.0,2.0,4.0,2.0,44.0,37.6,21.2,40.6,6.1,1.0,2.0,3.0,19.4,21.2,0.0,3.1,11.0,13.0,37.0,40.0,3.0,3.0,6.1,6.1,3.1,5.1,9.1,13.1,9.1,12.2
1772616157.8178203,9.3,4.0,31.0,30.3,42.6,38.0,3.1,0.0,2.0,2.0,3.0,4.0,34.0,41.0,3.0,4.0,2.0,2.0,5.1,9.1,41.6,40.0,21.0,40.0,1.0,3.0,1.0,2.0,38.0,34.3,22.0,39.6,3.0,3.0,4.0,2.0,16.0,14.0,4.0,3.0,11.9,10.0,35.7,35.6,4.0,2.0,4.0,5.0,4.0,4.0,7.1,10.0,12.9,8.0
1772616158.818677,9.3,8.0,26.0,26.0,41.4,34.7,3.0,5.0,4.0,3.1,5.0,5.1,37.6,33.3,3.0,4.0,14.0,13.1,20.0,22.8,40.2,38.2,31.7,17.0,3.0,4.0,4.0,5.0,36.0,28.0,29.0,31.7,2.0,6.0,3.0,4.0,23.0,22.8,1.0,3.0,11.1,11.9,31.4,29.7,4.0,2.0,7.0,6.0,5.1,6.1,22.8,22.2,16.2,14.0
1772616159.821439,14.3,9.1,25.3,23.2,46.0,30.0,8.1,3.0,11.2,6.1,4.1,3.1,32.3,40.2,3.1,6.3,4.0,4.0,24.2,33.7,44.6,37.6,22.0,21.0,3.0,4.1,5.0,6.1,37.6,29.0,46.0,32.7,5.0,7.1,3.0,3.1,31.0,33.0,4.0,4.0,14.9,20.8,31.0,29.0,1.0,4.0,8.1,11.9,6.1,5.1,8.0,6.1,18.2,20.2
1772616160.8215177,11.3,8.2,19.6,15.0,31.3,42.6,4.0,1.1,11.1,6.0,3.1,5.1,24.2,34.3,36.0,49.5,3.1,9.2,35.0,30.3,39.0,40.2,18.2,24.0,3.1,4.0,5.1,6.1,32.0,23.8,38.6,43.4,4.0,3.0,6.1,3.0,30.7,37.0,5.1,13.1,23.0,20.2,23.0,24.0,4.0,2.0,13.9,11.0,4.1,7.1,13.1,14.3,16.0,22.0
1772616161.8238049,11.2,6.0,32.0,27.6,39.0,40.2,3.0,4.0,1.0,2.0,4.0,3.0,40.6,39.6,37.4,37.8,11.2,9.1,10.1,18.8,40.6,39.2,30.7,29.0,5.0,3.0,2.0,3.0,38.6,37.0,24.0,37.3,3.0,4.0,1.0,2.0,23.2,20.8,8.0,10.9,20.8,20.8,35.0,36.6,1.0,2.0,5.1,4.0,4.0,3.1,19.0,18.0,8.0,8.1
1772616162.8238878,9.3,5.1,25.7,32.3,32.7,47.0,3.1,2.0,2.0,3.0,3.0,3.0,36.6,38.6,6.9,5.0,8.0,7.1,13.9,10.0,41.2,42.6,28.3,31.0,1.0,4.0,5.0,2.0,37.6,35.6,23.8,25.7,2.0,6.0,2.9,3.0,14.0,12.0,3.0,0.0,22.0,20.0,39.6,33.7,2.0,2.0,3.0,3.0,3.0,4.0,11.0,12.9,8.0,5.9
1772616163.8270624,11.3,6.1,39.0,40.4,38.6,42.6,5.1,2.0,5.1,1.0,2.1,1.0,44.6,36.4,3.0,2.0,3.0,4.0,10.0,15.3,38.6,43.0,20.0,27.7,4.0,3.1,3.0,4.0,41.0,40.6,23.0,33.3,3.0,2.0,2.0,2.0,18.2,19.4,3.0,2.0,20.0,22.8,34.3,43.0,3.0,2.0,5.1,8.2,3.0,5.0,2.0,4.1,16.3,10.3
1772616164.8291385,12.1,7.0,27.3,27.3,38.0,41.0,2.0,3.0,2.0,5.0,2.0,3.0,35.0,39.6,2.0,3.0,2.0,2.0,19.8,22.0,40.0,39.2,20.8,12.1,2.0,3.0,4.0,5.0,29.0,36.6,30.0,29.0,1.0,2.0,2.0,4.0,18.8,19.8,3.0,3.0,20.8,20.8,34.0,31.7,1.0,2.0,8.1,6.1,2.0,2.0,3.0,3.0,13.9,16.8
1772616165.8295257,10.4,6.0,20.2,21.0,34.7,40.6,2.0,1.0,4.0,9.0,4.0,3.0,28.7,39.0,3.0,2.0,3.0,4.0,23.2,22.8,37.3,39.6,11.1,11.0,4.0,3.0,4.0,5.1,36.0,33.0,33.7,32.7,3.0,3.0,5.0,3.0,29.6,28.7,3.1,5.0,22.0,21.0,27.3,27.7,3.0,2.0,5.1,7.0,3.0,5.0,4.0,2.0,10.2,15.3
1772616166.8331356,11.2,7.1,26.5,29.9,40.4,40.6,5.0,3.1,4.1,13.1,3.1,4.0,39.0,38.0,3.0,5.0,3.1,1.0,16.8,26.7,40.6,41.6,10.2,10.1,4.0,3.0,5.0,2.0,43.6,32.0,44.0,34.0,3.0,2.0,4.1,7.1,30.3,27.3,18.2,6.1,21.8,22.0,33.7,38.0,2.0,3.0,6.1,8.1,6.1,5.1,1.0,3.1,17.0,17.8
1772616167.8338108,11.6,8.0,29.0,35.0,46.0,34.0,2.1,4.0,4.1,3.0,5.1,4.0,38.6,36.0,3.1,1.0,9.0,3.1,19.2,19.2,42.0,38.6,27.3,3.0,2.0,5.0,5.2,5.1,38.6,38.4,25.3,25.7,3.0,4.1,4.0,4.0,24.0,27.0,5.0,5.1,24.0,22.0,37.6,38.0,4.0,2.0,7.1,8.0,6.9,4.0,17.6,18.8,15.2,19.2
1772616168.8350518,14.4,6.2,24.8,32.7,31.0,48.5,3.0,4.0,4.0,3.0,6.9,3.0,36.4,41.6,44.4,44.0,15.0,17.2,11.9,16.0,40.6,42.6,24.0,15.8,4.0,3.1,4.0,3.0,40.0,35.0,16.7,23.0,4.0,4.0,2.0,1.0,17.8,16.2,4.0,2.0,29.3,31.7,34.7,30.0,3.0,2.0,5.9,7.0,3.0,3.1,26.3,23.2,8.1,14.0
1772616169.8351278,11.3,3.1,28.6,30.6,34.0,47.6,4.1,1.0,2.1,3.1,2.1,3.1,30.0,44.4,37.8,38.1,1.0,5.1,15.3,14.1,42.2,40.6,18.2,23.0,3.0,4.0,4.0,3.0,32.3,39.6,12.1,1.0,1.0,3.1,2.0,2.1,16.2,13.1,1.0,2.0,30.7,30.3,35.4,36.4,3.1,1.0,3.0,6.0,4.0,6.0,3.1,4.0,7.1,14.1
1772616170.8369439,10.4,7.0,22.2,18.2,42.0,31.7,2.0,4.0,3.0,4.0,3.0,4.0,31.7,26.0,10.0,7.1,2.0,3.0,21.0,17.0,35.6,36.0,23.5,35.0,2.0,3.1,2.0,6.1,35.0,23.0,3.0,1.0,1.0,3.0,2.0,3.0,23.5,22.0,2.0,3.0,27.0,32.7,24.2,19.8,3.0,4.0,7.0,6.1,5.1,5.0,7.0,2.0,15.8,14.0
1772616171.8381028,11.3,6.1,28.6,26.0,37.0,41.6,4.0,2.0,4.0,7.0,5.0,1.0,42.0,36.6,2.0,2.1,2.0,3.1,18.0,10.1,44.0,37.6,15.0,41.0,2.0,2.0,4.0,2.0,34.7,37.6,3.0,2.0,2.0,4.0,3.0,2.0,19.0,20.2,2.0,2.0,30.7,29.7,39.2,30.7,2.0,2.0,6.1,5.1,4.0,4.0,2.0,2.0,8.1,8.1
1772616172.838433,12.2,8.1,25.0,23.2,43.0,37.4,5.0,3.0,4.1,4.1,4.0,3.1,36.6,36.0,4.0,3.1,4.0,2.0,19.2,10.2,43.1,41.2,1.0,41.6,5.0,3.0,4.1,3.0,42.0,37.4,15.2,1.0,3.1,2.0,2.1,3.0,21.8,19.0,2.0,1.0,31.7,30.7,32.7,27.3,2.0,2.0,7.0,8.0,4.1,4.0,2.0,4.0,10.1,12.2
1772616173.8424294,10.2,5.1,32.3,32.3,39.6,39.6,3.0,4.0,4.0,3.0,2.0,2.0,40.4,38.0,3.0,2.0,4.0,2.0,16.2,24.8,41.6,38.6,17.0,21.6,1.0,4.0,4.0,5.0,38.6,34.7,40.6,2.9,3.0,3.0,1.0,4.0,17.0,16.2,2.0,3.0,31.7,31.4,35.0,39.2,3.0,4.0,6.0,6.0,5.9,4.0,3.0,5.1,9.1,12.0
1772616174.845375,12.2,10.9,28.3,29.0,43.6,37.3,2.0,2.0,4.0,3.0,5.0,2.0,41.2,34.3,2.0,1.0,1.0,5.0,11.0,14.9,39.6,40.8,26.7,15.2,4.0,1.0,3.0,1.0,34.0,40.6,41.2,1.0,1.0,4.0,3.0,3.0,20.0,22.8,2.0,2.0,30.4,31.0,35.4,37.0,2.0,4.0,5.9,6.1,4.0,3.0,6.1,7.0,9.1,12.0
1772616175.845458,12.2,4.1,21.0,29.6,36.4,40.4,5.1,5.1,10.2,4.1,4.0,4.0,38.0,28.6,2.0,3.0,19.0,21.4,10.2,14.1,41.2,39.0,35.4,26.3,1.0,1.0,2.0,2.0,35.4,33.3,41.6,15.3,2.0,2.0,0.0,4.0,15.2,12.1,1.0,3.0,31.0,32.0,30.0,30.0,3.0,1.0,4.0,6.1,2.0,3.1,28.0,26.3,10.0,11.0
1772616176.8467896,12.1,7.0,25.3,26.0,39.0,39.8,2.0,9.2,4.0,2.0,3.1,4.0,41.0,31.4,20.0,17.3,4.0,3.0,19.0,18.2,39.6,42.2,31.0,29.0,2.0,3.0,5.1,5.9,28.0,39.4,42.6,37.6,4.0,3.0,3.0,4.0,26.5,22.0,1.0,3.0,30.7,32.4,30.7,31.0,1.0,3.1,7.0,7.9,4.1,5.1,7.9,9.0,12.1,13.4
1772616177.847611,9.3,6.1,30.0,24.2,30.7,48.5,3.1,6.9,3.1,4.0,4.0,2.0,37.6,36.4,41.0,42.0,3.0,3.0,19.0,20.2,39.2,40.0,29.0,27.7,4.0,4.0,6.9,2.0,33.0,39.2,41.6,40.0,1.0,3.1,3.0,7.1,32.7,23.0,13.3,2.0,22.5,23.8,29.3,32.7,3.0,2.0,7.1,9.9,5.0,6.1,6.1,10.0,14.3,14.0
1772616178.8488758,11.2,6.0,25.0,22.0,32.3,38.6,3.0,0.0,2.0,3.0,3.0,3.0,36.0,32.0,28.9,29.6,0.0,2.1,12.1,12.1,41.0,38.6,44.0,16.8,1.0,2.0,5.0,5.1,36.6,30.0,37.6,30.0,3.0,4.0,1.0,3.0,24.0,27.0,9.1,8.0,21.8,20.8,29.0,25.0,3.0,2.0,6.1,8.1,5.1,12.1,2.0,3.0,11.0,10.0
1772616179.8501408,10.4,6.1,28.6,25.3,30.3,48.5,4.0,5.1,5.0,15.2,4.0,3.0,39.4,37.4,3.1,2.0,9.1,8.1,23.2,22.8,40.6,42.0,34.7,27.0,4.0,3.0,2.0,4.0,35.0,36.0,34.7,27.0,2.0,2.0,2.0,3.0,23.0,25.7,5.0,1.0,20.2,22.8,30.3,32.3,3.1,4.0,7.9,6.0,7.0,9.1,14.1,15.3,14.1,11.2
1772616180.8513582,10.3,6.1,28.0,29.6,41.6,37.6,2.0,2.0,3.0,4.0,2.0,3.1,33.7,39.2,2.0,2.0,12.1,12.9,14.0,8.2,36.6,43.7,31.0,22.2,2.0,3.0,3.0,4.0,40.0,37.0,31.0,26.7,2.0,3.0,1.0,3.0,16.2,15.0,3.0,3.0,22.5,20.0,28.7,36.6,4.0,4.0,8.2,5.1,3.0,6.0,16.2,18.0,9.1,6.1
1772616181.854375,8.2,7.0,31.0,32.0,41.0,39.6,3.9,6.1,3.0,3.0,4.0,5.1,33.0,43.6,2.0,2.1,3.0,3.1,20.0,24.8,40.6,40.6,42.6,31.4,3.0,3.0,4.1,5.0,39.0,38.2,35.6,26.0,4.0,3.0,4.0,4.0,26.7,24.2,1.0,3.1,21.0,20.8,30.7,33.3,4.0,1.0,6.1,10.0,5.1,11.2,5.1,8.0,16.0,16.0
1772616182.8584015,12.2,8.1,26.0,29.3,34.3,45.5,3.1,3.0,2.0,3.0,4.0,5.0,41.0,36.0,4.0,3.0,4.1,3.0,15.2,19.0,41.2,40.6,28.0,33.0,3.0,2.0,3.0,3.0,39.0,31.0,29.7,27.3,3.0,3.0,2.0,5.9,19.0,23.0,1.0,4.0,21.6,22.0,31.0,36.6,2.0,3.9,7.0,8.1,5.1,7.9,9.0,9.0,10.2,8.0
1772616183.8584898,9.4,6.0,22.0,24.2,32.3,46.0,6.0,3.0,2.0,4.0,2.0,3.1,33.7,31.0,28.0,16.8,4.0,4.0,15.3,20.4,41.0,40.0,11.1,44.4,4.1,3.0,4.0,5.0,35.0,30.0,17.3,20.0,3.0,3.0,1.0,3.1,14.1,15.3,3.0,2.0,23.2,22.8,26.7,30.7,3.0,2.0,7.1,7.9,5.0,13.1,8.0,8.1,14.0,10.3
1772616184.8604782,8.3,5.0,19.8,13.9,26.7,41.6,3.0,2.0,1.0,3.0,4.0,3.0,23.8,36.6,31.0,28.3,4.0,2.0,6.9,5.0,37.3,43.7,17.0,20.6,2.0,2.0,2.0,3.9,30.7,24.8,31.7,33.0,4.0,2.0,3.9,4.9,8.0,9.0,1.0,3.0,14.9,14.9,17.8,26.7,2.0,2.0,5.0,5.0,4.0,5.0,1.0,4.0,4.0,5.0
1772616185.8605587,12.5,7.1,21.4,17.5,41.2,36.4,2.0,3.0,4.1,5.1,2.0,5.1,34.0,29.3,15.5,23.2,2.1,4.0,15.3,14.3,38.6,41.4,24.8,21.2,3.1,4.0,4.1,3.1,31.3,34.0,30.0,20.6,2.1,5.1,2.1,4.0,20.4,21.0,3.1,2.0,13.0,12.1,28.3,24.5,3.1,3.1,8.1,5.2,4.1,5.1,4.1,3.1,10.2,8.2
1772616186.860661,10.4,4.0,15.2,13.3,33.3,35.6,4.0,2.0,2.0,7.1,4.0,3.0,34.3,21.8,16.0,6.2,12.0,12.0,21.2,15.3,33.0,32.0,18.4,22.2,2.0,4.0,3.0,1.0,27.0,25.5,18.0,23.8,2.0,1.0,2.0,0.0,28.0,24.2,2.0,1.0,15.2,12.0,23.0,18.0,2.0,2.0,5.1,5.1,4.0,3.1,11.1,10.9,18.2,11.1
1772616187.866073,9.3,8.0,18.2,21.0,39.4,31.4,6.0,6.0,12.1,9.2,5.1,3.0,26.7,35.0,11.2,10.2,10.0,11.1,22.2,28.0,40.2,37.6,34.3,24.8,5.0,3.0,7.1,5.0,34.0,25.7,27.0,8.1,5.0,1.0,5.0,3.0,31.0,33.3,2.0,3.0,15.8,12.0,27.0,22.5,5.1,3.0,8.0,5.0,6.0,7.0,27.5,29.0,13.1,16.2
1772616188.8667808,11.5,7.1,23.2,27.3,36.6,43.1,3.0,3.0,3.0,1.0,3.0,4.0,36.4,34.0,3.0,3.0,3.0,2.0,24.2,19.2,43.7,39.2,37.0,25.0,4.0,1.0,3.0,2.0,30.0,41.0,22.0,1.0,3.0,3.0,5.0,2.0,25.0,22.4,4.0,2.0,11.0,11.0,30.0,31.3,4.0,1.0,6.1,7.0,3.1,3.0,5.1,7.1,11.9,13.1
1772616189.8724334,9.3,6.9,20.2,23.0,32.7,40.0,2.0,0.0,1.0,2.0,1.0,2.0,36.3,31.7,12.0,14.0,2.0,3.0,18.2,12.0,35.6,41.6,56.0,5.0,4.0,1.0,5.0,1.0,31.0,34.7,23.0,9.0,2.0,1.0,2.0,1.0,21.0,21.8,2.0,1.0,12.9,11.9,29.0,26.0,2.0,0.0,4.0,4.0,3.1,3.0,4.0,4.0,9.1,7.0
1772616190.8779893,10.3,5.1,24.5,21.2,41.6,37.3,1.0,2.0,4.0,1.0,3.0,3.0,33.7,40.0,27.0,34.3,2.0,1.0,17.0,20.0,40.6,37.9,47.1,0.0,2.0,3.0,7.0,4.0,39.0,33.0,21.0,22.0,3.0,5.0,3.0,3.0,24.8,25.7,2.0,2.0,22.8,17.8,28.4,34.3,1.0,3.0,7.8,7.9,4.0,6.0,5.1,3.0,15.2,13.0
1772616191.8780832,11.6,7.9,17.3,15.2,37.0,31.0,3.0,1.0,4.2,10.1,4.1,2.0,36.4,20.8,23.5,24.2,4.1,14.0,26.7,25.7,37.6,36.0,41.0,1.0,6.0,3.0,4.1,5.0,29.3,24.8,36.0,23.0,2.0,2.0,3.0,2.0,26.3,27.0,2.0,2.0,20.8,21.0,23.0,21.0,1.0,2.0,8.2,7.1,6.0,4.1,10.0,13.1,15.2,14.1
1772616192.878366,6.3,3.0,19.0,14.0,31.3,34.7,2.0,2.0,3.0,6.0,1.0,1.0,25.3,30.0,3.0,3.0,13.0,12.1,11.1,9.0,34.0,31.7,35.0,6.0,1.0,3.0,3.0,4.0,21.8,25.0,41.6,20.8,2.0,0.0,0.0,1.0,13.0,14.1,0.0,2.0,21.0,20.8,22.2,19.2,4.0,0.0,4.0,5.0,3.0,2.0,9.0,7.0,7.1,8.1
1772616193.878459,11.5,7.0,27.0,26.3,35.4,43.6,2.0,2.0,4.0,4.0,3.0,2.0,39.0,36.6,8.1,8.0,2.0,1.0,23.2,23.2,41.2,40.6,28.3,13.1,2.0,1.0,0.0,2.0,37.0,37.0,39.6,36.0,3.1,2.0,3.0,3.0,24.0,20.2,3.0,2.0,21.8,21.0,29.3,31.7,2.0,2.0,7.1,8.1,3.0,4.0,28.4,25.0,10.1,9.1
1772616194.8785477,11.2,5.1,26.3,30.0,32.7,45.0,2.0,1.0,3.0,4.0,3.0,3.0,36.0,40.4,11.1,11.0,2.0,2.0,19.0,11.2,39.4,42.6,36.0,24.2,2.0,3.0,3.1,3.0,41.0,34.0,41.0,39.4,1.0,2.0,1.0,2.0,16.0,21.0,1.0,3.0,21.8,21.0,33.0,32.0,1.0,2.0,4.1,5.9,3.0,3.0,4.0,1.0,6.1,8.1
1772616195.8786292,11.5,10.0,18.2,14.3,40.4,35.0,3.1,5.0,5.1,5.1,7.0,8.1,30.0,30.0,12.2,10.2,4.1,5.1,21.2,19.2,37.6,38.6,31.7,28.3,5.1,5.0,5.0,6.1,26.0,29.0,35.0,45.1,5.1,7.1,5.1,5.1,25.7,24.0,5.0,4.0,24.2,24.0,24.0,20.4,6.1,4.0,7.1,7.1,10.1,7.1,6.1,6.0,12.0,11.1
1772616196.8806973,12.5,8.2,22.2,24.2,33.0,45.1,4.0,5.0,5.1,4.0,5.0,7.1,32.3,32.7,5.0,5.1,3.0,5.1,26.0,21.2,40.6,39.2,35.6,33.7,2.1,7.1,7.9,6.0,32.3,32.7,37.6,46.0,8.9,4.1,5.9,5.1,24.0,26.0,4.0,2.0,22.8,22.8,31.0,28.7,4.0,4.0,8.9,7.0,7.1,10.0,5.0,5.1,11.1,15.2
1772616197.882149,13.5,10.0,20.4,22.2,43.9,31.0,3.1,8.0,9.0,6.1,10.2,7.1,30.4,40.0,14.3,13.0,15.3,28.3,34.0,45.5,47.5,44.6,46.0,34.0,5.0,5.1,7.1,7.1,28.0,28.0,43.4,39.6,3.1,4.0,3.1,4.0,42.4,43.4,5.1,4.0,24.0,27.3,27.0,23.8,3.1,4.1,11.2,8.1,8.1,15.3,11.1,13.3,21.0,21.2
1772616198.8829262,14.3,8.0,15.2,18.2,44.0,30.0,4.0,5.1,9.3,10.2,11.1,5.1,26.0,32.0,35.4,41.8,10.1,9.3,25.5,39.8,41.6,38.2,40.4,21.2,4.1,4.0,7.1,7.1,24.2,27.0,42.6,40.0,5.0,5.1,3.0,1.0,40.0,40.4,8.0,3.1,37.0,42.0,22.2,21.4,4.0,6.1,10.1,7.1,7.0,5.1,30.0,29.0,18.2,18.4
1772616199.8832026,14.1,8.2,17.5,16.0,33.7,32.0,5.0,5.1,8.1,5.1,4.1,5.1,26.3,34.0,37.0,34.7,2.0,10.1,34.3,33.0,36.0,37.0,30.7,32.0,5.0,3.1,8.1,4.1,29.3,25.0,26.5,27.0,8.2,2.0,2.0,5.0,41.0,40.2,4.1,2.0,39.6,41.6,20.4,25.0,1.0,6.1,8.1,11.0,6.1,8.1,6.1,6.1,15.2,24.0
1772616200.883793,14.1,11.1,20.8,23.5,41.0,35.6,6.0,5.0,11.2,9.1,6.1,5.0,31.3,34.0,7.2,8.2,12.2,15.3,43.1,28.3,40.0,39.6,29.0,41.6,5.1,4.1,12.0,9.0,30.0,34.0,23.2,24.2,7.2,4.1,3.0,3.1,41.0,41.0,6.1,4.0,42.6,39.6,25.7,24.2,3.1,4.0,14.1,9.1,9.1,13.1,33.7,34.3,20.4,28.6
1772616201.8849986,11.3,10.0,17.3,14.3,44.9,23.0,4.1,1.0,5.1,2.0,6.0,4.1,30.0,30.3,21.2,12.1,3.1,10.2,35.0,31.0,39.2,36.6,18.8,60.4,4.0,5.1,7.0,8.2,21.0,33.3,38.6,39.0,2.0,6.1,2.0,3.0,41.0,42.0,2.0,0.0,40.0,40.0,25.5,26.0,4.0,4.0,12.0,9.2,9.0,8.2,8.9,6.1,19.2,20.2
1772616202.885085,12.2,9.1,15.3,11.2,35.7,36.6,4.0,2.1,4.1,9.3,4.1,5.1,32.3,25.7,35.1,44.4,12.2,21.0,32.7,33.0,35.0,39.0,20.0,62.0,2.0,6.0,6.1,7.1,28.0,25.3,42.6,38.0,3.0,5.0,4.0,3.1,37.6,37.8,3.0,4.1,38.0,36.0,18.0,18.2,1.0,4.1,8.0,6.1,6.1,8.0,29.3,27.7,17.0,22.2
1772616203.886603,13.3,7.1,18.2,14.0,32.0,42.2,3.1,2.0,9.2,12.0,3.1,5.1,19.0,29.0,30.6,32.0,9.2,13.3,35.0,29.3,39.2,35.6,22.2,50.0,4.0,4.0,6.1,7.1,28.7,19.0,37.0,33.7,1.0,4.0,3.0,4.0,40.4,41.6,6.1,2.0,31.1,31.7,19.2,19.8,2.0,4.1,7.1,9.9,5.2,6.1,11.1,10.2,19.2,16.2
1772616204.888217,12.4,21.0,15.0,9.0,30.7,38.0,3.0,3.9,8.2,10.1,5.9,5.1,21.6,38.6,7.1,11.9,7.1,14.0,37.3,22.8,33.3,37.3,23.8,39.2,4.0,3.0,6.0,6.9,26.0,22.8,35.6,36.3,4.0,3.0,1.0,2.0,37.4,40.2,17.0,5.2,30.0,30.4,21.8,12.9,1.0,3.0,6.0,6.9,5.9,6.0,22.8,23.5,21.0,10.9
1772616205.8901842,25.0,13.3,22.2,21.2,42.9,35.0,4.0,2.1,4.1,3.1,6.1,4.1,29.6,28.6,20.2,23.7,4.1,6.1,34.3,37.4,35.4,38.0,23.0,28.3,3.0,6.0,8.2,9.0,26.0,29.6,43.6,31.3,4.0,5.1,3.0,4.0,39.6,41.0,5.1,4.1,32.7,31.3,24.2,26.5,3.0,7.0,11.2,9.2,6.2,8.2,16.3,19.4,22.4,18.6
1772616206.8902764,28.3,13.1,23.2,15.3,40.8,37.0,3.1,3.0,4.1,7.2,5.1,6.0,39.6,27.3,33.7,41.2,22.0,14.6,33.3,32.0,40.6,41.2,21.4,19.4,3.1,6.3,7.1,7.1,31.0,30.0,27.6,30.0,4.1,2.1,5.1,2.0,39.8,37.8,3.1,3.1,32.0,32.7,19.2,25.7,3.0,16.3,10.0,9.9,8.1,5.2,19.0,16.0,25.0,21.2
1772616207.8904912,12.5,14.0,14.3,17.8,32.3,38.6,3.1,3.1,6.2,14.1,3.1,4.1,25.3,26.0,29.3,24.5,16.3,12.1,35.0,32.3,37.0,39.6,33.0,37.6,5.9,4.0,5.1,8.1,24.2,27.0,32.4,30.7,5.0,5.0,5.9,2.1,42.6,40.0,5.0,15.2,36.6,33.0,19.0,20.8,2.1,25.0,9.1,9.2,8.1,7.9,21.2,26.0,18.4,16.3
1772616208.890588,13.1,6.1,16.3,15.2,34.3,35.3,3.1,2.0,18.2,6.1,5.1,4.0,25.3,30.0,13.3,23.2,8.2,7.0,32.3,30.6,34.0,34.0,38.0,42.4,5.1,5.1,9.1,7.1,19.2,32.3,23.2,20.2,6.1,2.0,2.0,5.1,41.6,38.0,15.3,11.2,31.7,31.7,15.2,19.6,3.0,18.6,6.1,13.3,5.2,6.1,22.0,26.0,12.2,22.4
1772616209.890687,13.9,10.0,18.0,13.3,33.3,36.0,5.0,4.0,5.1,3.1,5.1,3.1,25.7,32.3,26.8,28.3,14.1,19.4,36.7,35.0,36.3,37.0,27.3,51.0,6.0,5.1,7.1,8.2,26.0,30.0,23.3,21.8,5.1,3.1,2.0,2.1,41.4,39.4,15.2,6.2,31.3,30.7,16.0,25.3,3.1,3.0,7.0,21.0,6.1,5.2,17.2,16.3,16.0,22.2
1772616210.8995578,13.7,11.0,17.0,13.0,27.7,41.6,2.0,3.0,12.1,14.0,5.0,4.1,25.0,34.0,30.7,33.0,6.0,5.1,33.0,32.0,34.7,37.3,25.7,38.2,3.0,7.0,5.0,9.9,28.4,25.0,21.0,19.8,5.1,3.0,3.0,3.0,45.1,41.6,8.0,10.9,32.4,30.7,17.8,22.8,4.0,1.0,8.0,11.0,6.9,8.9,18.8,20.0,17.2,19.0
1772616211.9015694,14.1,9.1,18.2,15.5,39.4,40.2,4.0,4.1,4.2,17.2,5.1,6.1,25.0,34.0,23.7,24.5,20.4,17.3,28.7,37.4,31.7,36.0,38.0,18.0,5.1,6.9,10.1,8.0,27.3,24.8,30.3,5.1,4.0,6.0,5.1,4.0,38.8,41.2,9.2,9.2,41.6,36.6,22.0,20.2,5.0,4.0,12.0,9.0,6.1,7.1,19.2,20.4,23.2,20.2
1772616212.9024172,16.3,6.2,22.7,25.3,37.4,39.0,7.1,6.0,6.1,5.1,7.1,6.1,33.0,33.0,20.4,19.0,5.1,5.1,38.4,38.4,40.6,40.6,38.0,15.2,6.0,6.1,6.1,7.1,36.0,32.7,40.6,25.0,8.0,6.1,11.1,5.1,42.6,41.4,7.1,3.1,41.0,41.0,30.3,24.8,6.1,3.0,9.3,9.9,8.0,10.1,17.0,17.2,25.3,24.2
1772616213.9036686,12.5,11.0,22.0,21.2,43.4,33.7,6.1,6.2,7.1,6.1,8.1,4.1,31.3,34.0,28.0,26.3,14.4,17.3,36.0,30.3,38.0,36.0,37.6,42.0,7.1,7.1,11.1,10.1,29.3,29.0,29.0,29.3,21.4,5.1,4.1,4.1,42.0,41.0,6.1,5.1,39.4,41.2,24.8,18.4,5.1,4.0,9.1,12.1,6.2,9.1,24.2,25.7,23.0,24.0
1772616214.9047248,16.2,10.2,19.2,18.2,37.4,39.4,6.1,4.0,13.3,12.2,6.1,9.0,29.6,28.3,26.3,30.6,7.1,10.0,34.7,36.4,40.2,38.2,21.2,61.0,3.1,7.1,9.1,4.0,31.0,26.3,24.2,36.6,4.0,6.1,3.1,1.0,39.4,40.0,5.1,5.1,24.0,25.3,24.5,24.0,4.0,4.1,9.1,9.2,8.2,8.2,17.2,18.4,21.2,19.2
1772616215.9064317,12.4,10.0,18.2,13.1,39.4,37.6,3.1,3.0,17.2,5.1,5.1,5.1,25.7,36.0,27.0,22.4,5.0,6.1,32.3,38.6,37.3,38.6,23.8,57.4,4.0,5.0,8.1,6.0,27.0,31.0,27.0,19.4,5.1,4.0,1.0,4.0,42.2,38.6,3.0,2.0,21.8,21.8,20.8,22.2,2.0,3.0,8.0,10.0,6.1,8.0,21.0,22.0,22.0,18.2
1772616216.9068007,11.3,7.1,15.3,14.1,35.0,34.3,3.1,7.1,4.1,3.0,6.0,6.1,28.3,23.2,19.2,17.3,18.2,15.2,32.3,35.4,32.7,38.4,24.0,58.0,4.0,3.1,6.1,5.2,28.7,28.3,34.0,22.0,6.1,3.1,5.0,1.0,37.4,37.6,1.0,3.1,21.2,23.0,21.0,20.8,2.0,5.1,9.1,8.1,6.1,6.1,17.3,19.0,16.2,22.0
1772616217.906885,11.7,11.1,20.0,18.4,30.6,40.6,5.1,4.0,8.0,5.1,5.1,4.1,33.7,30.0,22.2,23.2,3.1,3.1,37.0,36.0,41.0,39.6,27.3,50.5,2.0,7.1,8.1,5.1,26.3,34.3,46.0,30.0,4.0,9.0,3.1,3.0,41.4,40.4,3.1,7.1,22.8,22.2,32.0,32.7,3.0,5.1,8.1,12.4,7.1,6.1,23.8,23.2,20.4,25.3
1772616218.9069777,13.3,6.9,22.4,23.0,36.0,41.6,4.0,2.0,4.1,4.0,6.0,4.0,39.0,34.7,27.3,29.0,17.3,18.0,27.0,20.0,40.6,39.0,13.0,32.7,4.0,5.0,7.0,5.0,31.0,37.0,42.0,22.2,3.0,6.1,3.0,3.1,23.0,25.5,5.0,3.1,22.0,22.0,30.3,30.0,5.9,3.0,8.0,6.1,14.1,7.1,11.0,13.1,18.0,22.0
1772616219.9091601,10.5,6.1,31.0,29.3,41.6,38.0,7.1,4.0,12.0,5.2,3.0,5.1,30.0,42.4,18.4,18.6,5.0,5.1,29.3,27.3,40.0,41.2,26.3,33.0,5.0,2.0,4.0,5.9,26.7,45.5,24.8,21.8,4.1,2.0,13.0,1.0,25.0,27.0,5.0,3.0,22.0,21.0,34.0,38.2,2.1,2.0,9.0,9.1,4.0,4.0,4.0,2.0,16.0,17.0
1772616220.9112015,15.2,12.0,30.0,36.4,50.5,37.0,5.1,4.0,4.1,9.3,6.1,4.1,41.0,39.0,6.0,12.0,2.0,3.1,27.0,25.3,40.6,44.6,22.4,31.0,5.1,3.0,5.1,3.1,43.0,37.6,22.2,21.2,4.0,5.0,4.1,4.0,29.0,27.7,4.0,3.0,22.8,23.5,32.0,38.4,4.0,4.0,6.1,12.1,10.3,6.1,8.1,10.0,13.0,16.3
1772616221.912969,17.0,12.9,23.0,19.2,34.4,55.4,5.1,6.0,10.2,13.0,7.1,5.1,27.0,39.0,12.2,13.4,10.1,10.1,34.3,35.0,42.2,38.2,29.0,44.6,5.1,6.1,10.0,10.0,33.0,24.8,25.3,36.3,5.1,5.1,4.0,6.0,38.4,42.0,4.1,3.1,42.0,43.0,25.0,23.0,5.9,4.0,12.1,10.2,7.0,10.1,29.0,25.5,20.4,27.0
1772616222.9137998,12.4,14.3,18.2,17.0,39.4,41.2,4.1,4.1,6.1,4.1,5.1,5.9,32.0,31.3,32.7,42.0,13.3,17.2,38.4,33.3,38.6,38.6,25.7,20.2,4.0,5.0,9.0,7.0,34.0,30.0,38.2,43.0,12.9,5.1,3.0,2.0,41.6,41.0,2.0,3.0,32.7,32.4,24.2,20.0,3.0,5.0,7.1,10.0,8.1,8.0,11.3,12.1,22.8,21.2
1772616223.9138808,12.4,10.0,17.3,17.2,36.4,33.0,5.1,5.1,5.1,4.1,4.1,5.1,22.2,30.7,30.5,33.3,7.0,8.2,32.3,33.3,37.0,40.0,35.4,34.3,6.1,5.1,8.2,9.0,28.0,27.0,42.0,38.0,31.3,5.1,4.0,4.0,42.4,39.4,3.1,6.0,31.7,31.0,22.0,20.2,6.1,1.0,12.0,11.2,6.1,6.1,29.4,28.0,19.6,18.4
1772616224.9140813,11.5,10.0,13.3,15.2,35.7,30.4,6.1,3.0,9.1,12.1,6.0,8.2,24.8,23.0,14.3,14.3,16.3,15.2,27.0,29.0,32.0,36.6,22.2,50.5,5.1,3.1,6.1,6.2,26.3,17.2,27.0,36.6,28.3,9.2,1.0,4.1,42.4,40.0,3.1,5.1,31.7,33.7,17.0,18.8,3.1,4.0,5.1,9.0,6.0,9.1,13.1,10.2,14.1,16.8
1772616225.9193707,15.2,11.1,24.5,21.2,35.4,47.5,4.1,6.1,6.1,9.2,7.1,9.1,42.4,32.0,29.0,12.1,8.2,6.1,37.4,37.0,43.0,41.6,26.0,43.0,5.1,7.0,11.0,10.9,29.3,37.0,27.7,37.0,40.6,4.0,4.0,5.1,41.6,41.2,5.1,4.1,33.7,32.3,32.0,30.3,7.1,2.1,12.0,13.9,9.1,9.2,27.5,27.0,27.3,25.3
1772616226.9194536,11.3,11.1,18.4,18.4,36.1,39.6,8.9,5.1,9.2,21.0,11.0,8.0,38.6,43.0,39.4,40.0,19.2,19.0,37.6,31.3,38.0,39.2,39.2,45.5,13.1,5.1,16.3,10.1,34.0,37.3,27.3,33.7,12.0,8.0,7.0,6.1,39.0,35.7,9.3,14.1,39.6,38.6,24.0,23.0,4.0,4.1,8.2,10.2,9.1,8.0,15.5,18.0,19.2,21.2
1772616227.9195416,9.4,4.0,20.0,20.2,26.0,37.3,3.1,1.0,3.0,2.0,3.0,2.0,27.3,31.6,24.7,24.7,2.0,1.0,13.0,7.1,35.3,32.7,34.0,47.0,3.0,2.0,3.0,5.0,32.0,19.4,22.8,18.2,1.0,0.0,1.0,1.0,11.9,10.9,7.1,9.2,41.0,39.0,21.2,20.8,0.0,2.0,4.0,4.0,2.0,3.1,2.0,1.0,7.1,8.1
1772616228.9196327,5.4,5.1,24.5,20.8,46.5,30.3,1.0,2.0,3.0,2.0,2.0,5.1,26.3,33.7,9.9,7.1,2.0,2.0,12.2,11.9,39.6,40.0,27.3,34.3,2.0,1.0,2.0,0.0,32.0,36.0,16.0,9.0,2.0,1.0,2.0,3.0,10.1,11.1,1.0,3.0,35.0,35.0,28.0,26.0,1.0,0.0,4.0,4.0,2.0,3.0,1.0,3.1,3.0,8.0
1772616229.922098,10.4,4.0,19.4,22.0,39.0,36.3,2.0,2.0,3.0,2.0,6.0,4.0,32.7,32.0,4.0,2.0,3.0,4.0,15.2,11.1,41.6,41.6,27.0,43.6,5.0,1.0,15.0,5.0,37.0,37.0,25.3,31.7,4.0,2.0,5.1,3.0,22.4,13.9,4.0,2.0,31.0,33.7,32.3,27.3,4.0,5.0,7.0,7.9,4.0,6.0,3.0,5.0,7.9,4.1
1772616230.9264197,16.3,14.7,29.7,26.5,43.4,40.2,6.1,4.1,6.1,6.1,6.1,7.1,38.0,36.0,5.1,7.1,14.3,12.1,36.0,33.3,45.1,42.2,36.4,44.6,11.2,6.1,12.1,12.0,41.0,36.7,38.6,27.0,5.1,10.1,7.1,6.2,38.6,33.7,6.1,6.1,32.7,32.7,32.7,36.6,8.9,6.1,15.0,17.0,10.2,17.2,22.0,27.0,25.3,27.3
1772616231.928506,10.5,6.2,29.3,24.5,38.4,37.0,4.0,6.9,6.1,3.1,5.0,6.1,36.7,38.6,4.0,1.0,5.1,9.1,20.2,21.2,44.0,41.0,46.5,35.0,4.0,5.0,13.3,4.0,35.0,40.6,37.3,29.3,5.0,3.0,20.2,5.0,21.8,33.7,3.0,6.1,33.0,30.7,30.7,35.0,3.0,4.0,8.0,8.1,4.0,5.1,12.0,10.0,16.0,23.0
1772616232.9318657,14.3,6.9,30.7,28.0,44.0,37.0,4.0,3.1,6.1,11.2,3.0,4.1,40.0,44.0,22.2,21.0,4.0,10.0,27.0,21.0,40.2,41.7,47.0,26.7,2.0,2.0,6.1,4.0,42.0,43.1,37.6,23.0,13.3,2.0,5.1,1.0,32.0,33.0,3.0,4.0,33.3,32.4,29.3,38.0,1.0,2.0,9.1,19.2,5.1,4.1,10.2,11.2,16.2,18.0
1772616233.9354777,9.3,4.0,16.2,19.0,31.7,38.2,3.0,1.0,3.0,3.0,2.0,3.0,36.3,32.0,35.4,45.4,1.0,3.0,19.2,17.5,35.3,38.6,34.0,25.7,2.0,3.0,3.9,3.0,28.7,31.0,40.0,21.8,0.0,4.0,3.9,4.0,21.2,23.2,0.0,2.0,30.7,30.7,23.2,19.8,3.0,1.0,7.0,8.0,4.0,5.0,2.0,3.0,6.0,9.1
1772616234.9355776,11.3,7.1,20.2,24.2,44.0,30.0,2.0,2.0,5.1,9.3,4.0,3.0,35.4,31.3,23.2,23.0,0.0,2.0,17.8,15.8,36.0,40.2,16.0,15.0,2.0,1.0,2.0,3.0,35.4,26.3,31.7,14.0,2.0,4.0,2.0,4.0,16.2,17.0,3.0,1.0,32.0,30.0,25.0,28.0,1.0,2.0,4.1,5.1,4.0,5.0,3.0,6.1,9.1,8.9
1772616235.9364073,11.5,8.9,20.0,17.3,28.0,39.0,7.1,3.0,5.9,5.9,2.0,4.0,32.7,23.8,5.1,9.0,3.0,4.0,23.2,21.2,35.0,39.4,13.3,10.9,5.1,4.0,4.1,4.0,27.7,25.0,21.2,2.0,3.0,6.1,5.1,9.0,24.0,24.0,5.0,3.0,31.7,33.7,23.0,20.2,4.1,3.0,9.0,10.0,4.1,5.2,3.0,5.0,13.1,10.2
1772616236.938674,17.2,11.0,20.0,25.3,36.0,42.6,6.9,5.0,5.1,5.1,7.1,5.0,31.0,34.0,5.0,4.0,16.0,6.1,28.6,34.0,42.2,39.6,19.0,4.1,7.0,6.9,8.1,6.9,36.0,24.8,29.4,10.0,6.1,5.0,6.1,8.0,36.6,37.6,3.1,6.1,34.7,35.3,24.8,23.0,4.0,3.0,15.0,23.2,10.9,7.2,16.0,17.2,19.2,25.5
1772616237.941758,18.6,12.4,22.4,19.4,38.4,38.6,8.2,5.1,16.3,14.3,9.3,8.1,31.3,34.7,9.2,11.2,13.3,10.3,29.3,41.4,43.6,50.5,22.0,22.4,6.2,8.0,14.0,11.3,35.0,27.3,30.3,27.3,11.2,8.1,9.1,7.2,45.5,42.0,5.1,8.1,19.2,21.4,33.0,37.4,14.0,7.1,17.3,14.0,13.0,23.2,26.0,27.3,26.8,27.3
1772616238.9441648,17.3,10.1,17.2,25.0,30.6,45.5,6.1,5.9,7.0,7.1,8.1,7.1,25.0,39.8,49.5,36.4,16.2,13.0,34.0,37.6,45.0,43.6,36.0,40.6,6.1,7.1,8.2,11.9,37.0,34.0,43.4,42.4,7.0,6.1,6.1,7.0,42.4,42.0,13.1,7.1,14.9,22.8,24.0,28.3,6.1,6.1,24.8,11.1,12.4,20.0,17.0,16.2,19.2,29.0
1772616239.9470878,11.5,9.0,14.3,22.2,35.4,36.6,4.1,2.1,12.1,15.3,6.1,6.1,27.7,27.3,37.8,37.1,8.2,9.3,27.6,33.0,41.0,48.0,41.6,41.0,7.1,3.1,10.0,4.1,28.3,23.0,35.6,46.5,4.0,3.1,3.0,3.1,39.4,36.4,16.2,8.2,22.0,23.0,18.2,23.0,3.0,4.1,11.0,8.0,9.0,28.3,30.4,27.0,16.0,17.2
1772616240.9498854,14.9,10.0,25.3,24.2,41.0,38.2,4.0,7.1,8.1,12.2,3.1,7.1,33.0,26.0,8.1,9.1,22.0,11.0,35.3,39.4,40.8,37.6,40.6,40.6,4.0,6.1,7.0,11.9,25.7,34.7,40.8,38.6,4.0,6.9,3.0,4.0,40.6,43.0,20.0,7.1,17.0,15.2,25.3,20.2,4.0,2.0,9.2,8.1,8.0,9.0,12.1,16.0,19.8,26.5
1772616241.9505947,14.3,7.1,22.0,21.6,40.8,33.7,6.1,2.0,12.1,11.1,4.0,7.0,40.6,28.3,16.2,19.6,4.0,4.1,28.3,29.0,37.4,41.0,41.0,41.0,3.0,6.0,6.1,8.2,35.4,29.3,35.7,30.0,4.0,4.0,2.0,4.1,28.3,29.0,20.2,5.2,18.8,23.2,30.0,31.0,3.0,6.9,10.9,11.2,7.1,7.1,24.8,24.0,17.3,14.3
1772616242.9545074,5.2,3.0,30.3,30.0,46.5,34.3,2.0,2.0,3.0,4.0,1.0,3.0,33.3,43.7,20.2,21.8,1.0,3.0,8.9,8.0,42.2,42.2,29.7,45.0,2.0,2.0,2.0,2.0,38.6,34.7,30.4,32.0,1.0,2.0,1.0,4.0,12.9,12.9,6.1,8.0,23.8,29.4,33.0,31.0,2.0,1.0,2.0,3.0,0.0,3.0,1.0,1.0,5.0,7.0
1772616243.9567919,14.3,9.0,35.0,34.7,46.5,41.6,4.0,10.0,5.1,6.2,2.0,9.1,33.7,43.4,25.3,16.2,4.1,6.1,26.0,22.2,39.0,41.6,43.1,35.4,6.1,5.1,6.1,5.1,38.0,37.0,41.0,24.0,4.0,3.1,4.1,6.1,24.0,19.2,5.1,3.0,30.3,33.0,35.6,34.0,6.1,3.0,12.1,15.0,9.0,6.1,11.1,10.1,12.1,13.1
1772616244.9577494,6.4,3.0,20.6,18.0,34.7,37.6,3.0,3.0,4.0,4.9,3.0,2.0,27.7,34.0,11.1,9.0,3.0,3.0,7.1,4.1,35.9,36.9,49.0,32.0,4.0,3.0,1.0,3.0,23.8,29.0,29.7,21.6,3.0,3.0,4.0,2.0,12.0,10.9,3.0,1.0,31.4,32.4,25.7,22.0,3.0,2.0,5.0,3.0,3.0,2.0,4.0,6.0,7.9,3.0
1772616245.9578521,11.3,7.1,20.4,20.4,40.2,36.0,1.1,0.0,1.0,4.1,3.1,2.0,32.7,34.3,15.2,12.1,8.2,4.0,24.2,21.0,42.0,41.4,44.4,29.3,4.0,1.0,4.1,3.0,38.8,33.3,16.2,21.4,1.0,2.0,3.1,3.1,16.3,17.2,2.0,2.0,31.0,31.3,27.3,32.3,2.0,3.1,7.1,5.1,4.1,5.1,2.0,3.1,12.1,4.1
1772616246.9594498,13.4,8.1,21.4,27.7,37.8,38.6,3.1,8.0,5.9,7.1,6.1,6.9,21.2,38.4,16.0,37.0,18.0,12.2,26.0,36.0,39.6,43.1,31.0,42.4,6.1,4.0,6.1,7.1,27.0,34.7,31.0,27.0,4.0,5.1,3.1,3.0,26.3,32.0,2.0,3.0,32.0,31.7,25.3,27.3,4.0,4.0,9.0,10.1,7.0,8.0,12.1,12.1,15.3,19.8
1772616247.959536,13.1,7.0,34.7,42.9,42.0,37.0,4.0,1.0,3.0,3.0,3.1,2.0,40.4,38.0,4.1,5.1,3.1,4.0,16.5,20.4,41.0,38.6,23.0,27.3,3.0,2.0,6.1,4.0,37.6,35.0,30.7,30.0,2.0,3.0,2.0,4.0,19.8,21.4,4.0,1.0,31.7,29.7,33.3,32.7,2.0,1.0,9.1,5.1,5.1,3.1,16.2,16.2,12.0,14.1
1772616248.9596212,10.5,5.1,14.3,19.0,38.0,35.6,1.0,2.0,2.0,1.0,2.0,3.1,30.7,27.0,11.1,17.2,1.0,2.0,27.0,18.0,34.3,37.0,18.0,24.0,5.9,2.0,6.2,3.0,21.2,26.0,22.0,32.0,4.0,2.0,1.0,4.0,26.3,22.0,2.0,2.0,31.0,30.3,24.0,20.2,1.0,3.0,5.9,7.1,4.1,4.1,8.8,6.1,14.1,11.2
1772616249.9625983,11.5,29.7,20.0,16.2,37.4,37.3,5.0,2.0,10.1,17.2,4.1,4.0,30.0,32.0,25.3,34.3,4.0,10.1,25.7,25.3,38.2,40.6,14.0,13.0,2.1,2.0,6.0,4.0,34.0,29.0,37.6,5.1,3.0,4.0,2.0,1.0,35.0,33.0,2.0,4.1,32.4,31.4,23.8,26.7,2.0,2.0,7.1,8.0,5.0,7.1,12.4,12.0,14.9,14.4
1772616250.9649236,13.3,7.1,22.4,19.2,38.4,40.0,3.0,1.0,3.0,2.0,3.0,3.0,31.0,37.0,21.2,20.0,3.0,3.0,20.0,12.1,41.0,37.3,19.2,7.9,3.0,3.0,6.0,4.0,30.3,36.0,28.3,13.0,3.0,2.0,2.0,2.0,19.0,26.7,1.0,4.0,31.7,31.0,32.0,24.2,2.0,2.0,7.9,7.0,4.0,3.0,4.0,7.0,9.1,11.1
1772616251.9650047,9.2,6.0,16.0,20.2,30.0,42.6,3.0,2.0,2.0,3.1,2.0,3.0,37.0,26.0,13.0,10.2,16.2,12.1,9.1,13.9,36.6,37.0,17.0,20.2,2.0,2.0,3.0,1.0,28.7,23.0,36.3,6.0,1.0,2.0,2.0,1.0,10.2,7.1,3.0,3.0,38.4,36.3,17.0,26.0,1.0,3.0,7.1,3.1,4.0,4.0,13.3,15.0,5.1,8.0
1772616252.9764082,11.1,11.8,20.8,20.8,38.2,30.4,7.8,3.0,2.0,5.0,23.8,4.0,28.7,30.4,14.0,13.9,4.0,3.9,18.0,17.8,39.2,38.1,22.5,19.6,4.9,4.0,4.9,15.7,26.7,34.3,19.8,20.8,5.0,2.0,2.0,4.0,23.5,20.8,4.0,5.9,41.7,42.2,24.8,27.7,2.0,3.0,10.8,10.9,6.9,6.9,20.4,20.6,14.7,13.0
1772616253.9768925,11.5,6.1,28.3,29.6,37.4,45.1,24.5,4.0,10.2,8.0,5.1,4.0,40.4,35.6,7.1,8.1,4.1,2.0,8.0,13.1,40.6,41.4,33.0,9.2,8.1,5.1,2.1,4.1,34.3,39.4,23.5,30.0,4.0,4.0,3.0,3.1,16.0,20.0,4.0,1.0,40.0,42.6,33.3,34.3,4.0,2.0,6.1,6.0,7.0,4.0,6.1,5.1,5.1,9.0
1772616254.9769847,7.4,6.0,19.6,17.2,30.3,42.0,2.0,4.0,5.1,7.1,3.0,2.0,32.0,35.4,2.0,1.0,2.0,4.0,14.1,11.1,39.0,44.6,40.4,20.0,6.0,7.1,3.0,4.0,34.3,31.3,37.0,26.7,1.0,1.0,2.0,2.0,21.4,9.1,2.0,3.0,39.0,41.0,26.0,28.0,1.0,1.0,3.0,4.0,3.0,3.1,12.1,3.1,6.0,7.1
1772616255.9771256,9.5,7.1,28.0,18.2,39.0,38.6,6.1,1.0,4.0,2.0,3.0,2.0,32.3,31.7,2.0,2.0,5.1,3.1,19.4,25.3,38.6,36.0,41.0,20.2,9.0,3.1,5.1,3.1,31.7,28.0,41.0,21.0,1.0,4.0,2.0,3.0,27.3,23.0,1.0,2.0,37.6,38.0,25.5,30.3,3.0,1.0,6.1,9.0,3.0,4.0,8.0,11.2,15.2,9.2
1772616256.977221,10.0,5.0,18.0,22.2,46.0,27.7,2.0,1.0,1.0,1.0,1.0,4.0,37.6,24.0,15.8,12.1,5.1,3.0,8.2,11.1,35.6,36.3,32.3,16.2,1.0,3.9,2.0,2.0,32.0,27.0,36.6,21.0,3.0,2.0,1.0,2.0,10.1,11.0,3.0,2.0,32.7,30.0,23.2,27.3,2.0,2.0,3.0,4.1,2.0,2.0,5.1,4.1,9.0,4.0
1772616257.9782393,16.3,7.1,24.2,23.0,41.0,43.0,9.9,3.0,4.0,6.0,6.1,5.1,38.0,31.0,25.5,27.7,18.0,14.1,23.8,21.0,39.6,44.0,25.5,32.3,5.9,4.1,5.1,4.1,32.0,36.6,26.5,18.2,4.0,4.0,3.0,2.1,24.0,25.5,2.0,4.1,26.7,26.7,34.0,26.0,2.0,3.0,6.1,7.1,4.1,7.0,4.0,5.1,13.4,14.3
1772616258.978324,12.8,5.1,36.0,31.0,55.0,26.7,4.1,4.0,4.0,8.0,3.1,5.1,44.0,35.6,26.3,20.4,4.1,6.1,24.0,19.4,42.6,39.0,38.0,47.5,2.0,6.0,2.0,6.1,40.0,36.4,25.3,25.0,2.0,3.0,3.1,4.0,19.2,19.0,4.0,4.0,17.0,17.0,41.6,36.4,3.0,3.1,11.0,7.1,5.0,6.1,10.2,11.1,9.1,12.1
1772616259.9784281,17.3,9.0,17.2,23.0,41.0,28.8,3.0,3.0,4.1,10.1,4.9,4.0,30.7,32.7,15.2,14.3,4.0,0.0,15.2,16.8,37.6,39.2,38.6,42.0,3.0,3.0,3.0,2.9,22.5,33.7,14.7,21.8,2.0,3.0,3.0,1.0,14.9,13.9,3.0,1.0,12.9,12.9,32.3,34.0,1.0,3.0,8.0,6.1,5.9,5.9,18.8,19.8,7.1,7.0
1772616260.9785116,7.4,8.1,21.4,21.2,41.0,40.4,3.1,3.0,3.0,6.0,1.0,2.0,33.3,32.7,9.1,14.0,1.0,2.0,6.0,9.1,39.6,39.0,28.0,47.5,1.0,1.0,1.0,1.0,32.7,42.4,19.2,22.0,1.0,1.0,2.0,1.0,6.1,8.2,2.0,2.0,11.0,10.1,29.3,34.3,1.0,2.0,2.0,2.0,1.0,2.0,6.1,8.0,3.0,4.1
1772616261.9792287,10.4,5.1,16.0,16.2,39.6,33.0,2.0,2.0,1.0,3.0,0.0,1.0,27.5,30.7,8.1,8.0,2.0,1.0,14.0,20.2,36.3,36.6,23.0,24.8,0.0,4.0,1.0,3.0,28.7,30.3,20.8,20.8,1.0,2.0,0.0,1.0,16.0,16.0,1.0,0.0,9.0,11.7,22.8,28.0,1.0,5.0,4.0,2.0,2.0,1.0,1.0,1.0,8.1,5.9
1772616262.9808486,8.5,5.1,23.0,19.2,36.0,40.0,4.0,1.0,3.0,2.0,2.0,4.0,29.0,33.0,1.0,3.0,7.0,1.0,3.1,6.0,40.6,38.0,16.0,24.2,1.0,2.0,4.1,2.0,30.0,31.0,18.4,22.2,2.0,2.0,3.1,2.0,12.1,21.2,1.0,1.0,11.0,10.1,25.3,23.8,2.0,4.0,4.0,5.9,3.0,3.0,3.0,1.0,2.0,9.2
1772616263.9845169,11.3,8.0,21.2,19.4,37.6,37.6,2.0,4.0,3.0,3.0,1.0,2.0,36.0,31.7,2.0,3.0,3.0,3.0,19.8,17.3,39.6,38.2,23.0,20.0,2.0,2.0,1.0,3.0,32.0,27.0,23.8,13.0,2.0,3.0,2.0,4.0,21.6,26.7,9.0,1.0,11.0,12.0,18.0,29.3,2.0,1.0,5.1,3.1,4.0,5.0,3.0,4.0,9.0,6.1
1772616264.9914184,17.2,14.0,23.2,23.0,50.0,32.7,16.0,13.9,18.0,10.2,8.2,8.1,41.0,34.0,7.9,5.1,4.1,12.1,28.0,31.0,42.2,43.6,25.0,19.0,7.0,5.9,7.0,9.0,30.0,36.6,30.7,24.0,5.0,5.9,5.0,4.0,40.0,31.6,8.0,5.1,16.8,14.9,26.7,30.7,6.1,5.0,12.0,13.9,8.0,8.2,13.0,11.0,24.0,16.0
1772616265.9917812,16.2,11.0,19.8,19.0,42.0,23.5,34.0,6.1,13.0,10.0,20.6,5.1,30.4,24.0,19.2,24.0,16.0,16.2,32.7,35.6,35.6,35.0,18.0,19.2,8.0,2.0,8.1,8.9,35.6,24.5,39.6,26.5,5.1,5.0,4.0,4.0,40.0,41.2,3.0,5.9,13.0,12.9,22.0,24.0,3.0,5.9,10.1,9.0,6.1,8.0,28.4,26.5,26.7,21.8
1772616266.9927707,11.6,7.1,15.3,14.3,40.8,38.0,14.3,15.5,13.3,14.3,4.1,4.1,30.6,36.6,40.8,38.1,3.1,11.0,35.7,36.4,37.0,35.4,21.8,50.5,6.0,2.1,6.1,6.3,29.0,31.3,39.4,42.0,5.1,3.1,3.1,2.1,42.9,40.0,0.0,3.1,16.2,12.1,22.2,20.2,3.0,3.1,8.2,6.2,6.3,5.1,12.2,10.3,33.0,21.4
1772616267.9946227,17.8,8.2,18.2,20.2,36.1,34.0,2.0,19.2,3.0,2.1,4.0,8.0,34.7,24.5,27.6,27.6,14.9,17.2,30.6,39.0,39.6,38.6,51.0,30.4,5.1,6.0,7.0,9.0,28.3,30.0,44.0,25.5,3.0,7.0,2.0,2.0,41.6,41.4,4.0,1.0,29.0,23.2,20.2,23.8,3.1,3.0,8.9,12.0,8.9,7.1,29.0,29.0,17.0,27.3
1772616268.9961042,10.6,11.8,21.2,19.0,31.3,46.1,3.0,39.6,5.1,5.1,5.1,3.1,29.7,37.0,5.1,5.1,4.0,10.1,37.3,33.3,37.6,39.6,45.5,22.8,8.0,3.0,8.0,9.1,29.7,26.0,44.1,8.0,5.0,6.0,5.0,6.0,40.6,40.2,5.1,7.9,32.0,28.7,24.3,22.2,3.0,4.0,11.1,8.0,7.0,7.1,8.2,12.9,24.0,22.5
1772616270.00393,14.1,6.2,20.4,20.0,27.8,42.6,4.1,11.1,14.0,16.2,5.9,6.0,27.0,34.3,18.2,20.0,12.2,16.0,33.0,40.6,35.6,38.2,41.0,21.2,4.1,2.0,8.1,7.1,30.0,32.3,41.4,21.8,3.0,6.0,2.0,4.0,39.0,41.4,3.0,5.9,31.7,31.7,28.0,18.8,4.0,3.0,8.1,11.1,7.1,6.2,24.5,24.2,19.2,22.2
1772616271.0050988,13.1,10.1,19.4,18.4,40.4,38.6,13.9,34.3,13.4,8.2,3.1,4.1,31.3,28.3,37.8,44.9,10.1,3.1,39.6,32.7,38.0,41.0,36.6,46.5,4.1,6.0,7.1,9.0,26.3,33.3,31.7,33.3,4.0,7.0,1.0,4.1,40.0,41.6,4.0,3.1,31.0,30.3,32.0,21.2,14.0,3.1,9.1,10.1,6.1,8.1,19.2,20.2,27.0,17.3
1772616272.0057788,16.0,11.0,19.8,15.2,40.2,34.3,36.7,4.1,5.1,11.0,5.1,8.0,35.4,29.0,26.8,26.3,15.2,12.1,32.7,38.8,37.6,39.6,30.0,47.5,7.0,6.1,6.9,9.1,26.7,34.3,20.2,41.2,3.0,4.0,2.1,3.0,41.0,40.4,14.3,11.3,38.2,41.6,24.0,26.3,4.0,3.0,9.1,9.9,7.1,7.2,22.0,25.7,18.4,25.7
1772616273.0076134,11.2,8.1,19.2,11.1,39.0,36.3,36.3,2.0,4.1,5.1,6.0,5.1,31.0,24.0,14.1,18.2,18.4,8.1,35.3,34.7,35.6,35.6,39.6,42.6,5.0,5.1,7.1,8.1,28.0,26.5,22.5,42.0,4.1,2.0,4.0,2.0,40.0,40.6,6.1,8.1,40.0,40.6,19.0,20.2,1.0,4.1,8.0,11.0,8.0,6.1,16.0,17.0,21.6,17.3
1772616274.0076964,12.5,4.1,15.5,17.0,48.0,23.2,27.3,0.0,17.2,17.5,2.1,6.1,35.0,24.5,30.3,17.2,9.1,7.1,33.3,33.7,37.3,33.7,40.4,39.4,5.1,6.9,6.1,6.1,28.3,23.0,26.3,30.0,6.1,4.1,3.1,3.1,36.6,38.4,2.0,2.1,40.6,41.6,21.2,18.8,3.1,3.0,9.2,7.1,6.1,6.1,22.2,21.6,20.2,21.2
1772616275.0106735,16.0,9.9,18.0,17.3,44.0,29.1,37.4,2.0,7.1,8.2,6.0,3.1,33.0,20.0,37.8,29.3,17.2,16.2,40.0,35.0,37.6,39.0,47.5,29.7,5.1,3.1,9.1,9.2,24.2,34.0,24.8,38.0,5.0,3.0,4.0,6.0,43.0,45.0,3.1,3.1,40.0,40.6,22.2,21.2,3.0,4.0,9.1,9.0,8.0,5.2,18.0,18.0,18.2,20.2
1772616276.0112457,9.6,8.1,16.3,18.0,37.1,34.3,23.0,17.0,3.0,9.1,5.1,4.1,29.0,31.0,25.3,28.6,5.1,10.1,37.4,35.6,39.0,33.7,26.0,24.2,5.1,4.0,7.1,7.1,30.7,31.6,40.4,39.6,4.1,1.0,1.0,2.0,37.0,36.6,2.0,4.0,40.6,41.0,28.7,18.2,2.0,2.0,8.0,8.1,6.1,7.1,22.2,22.0,19.2,22.2
1772616277.0127833,11.3,8.0,18.0,21.2,34.3,38.0,30.6,6.1,3.1,4.1,4.1,5.0,36.0,28.0,23.5,17.2,12.1,15.2,29.3,35.0,37.6,41.6,48.5,22.2,6.1,1.0,6.1,10.0,26.3,31.0,37.3,40.6,6.9,6.9,3.0,3.1,39.0,40.2,2.1,8.2,39.6,41.6,19.0,23.8,4.0,3.0,9.1,8.2,7.1,6.1,19.2,19.8,21.2,22.2
1772616278.012872,12.2,9.1,16.5,16.2,39.4,33.0,34.3,1.0,16.2,22.0,4.1,6.0,31.0,27.0,29.0,17.7,10.2,5.0,30.0,33.7,39.0,40.2,51.5,30.0,5.0,5.1,5.1,7.1,29.3,30.0,37.8,41.8,7.1,4.1,4.0,2.0,39.4,43.1,7.1,17.2,40.6,40.6,20.2,30.0,2.0,2.0,9.1,10.0,8.0,7.1,15.0,16.2,16.2,22.2
1772616279.0147345,14.0,9.1,19.2,15.2,32.3,40.6,38.4,6.1,10.2,5.1,4.1,4.0,30.0,32.0,25.8,30.0,14.0,11.3,31.3,35.4,35.6,38.6,47.0,31.7,5.1,3.0,9.0,8.2,27.0,29.3,28.7,29.7,5.1,3.0,2.0,3.0,40.2,43.0,2.1,3.0,41.0,42.2,20.0,24.2,4.0,5.0,12.0,7.1,6.2,6.1,23.2,22.2,18.0,23.8
1772616280.0175006,15.8,9.1,19.0,17.0,48.0,29.4,28.4,7.0,5.0,4.0,6.1,4.0,33.7,32.0,30.3,26.5,5.1,9.0,34.7,33.0,39.4,37.6,51.0,12.1,4.0,4.0,7.1,7.9,33.7,45.6,31.7,19.8,4.0,6.9,6.0,5.1,40.0,41.2,21.8,19.8,41.2,40.6,21.0,24.8,3.0,3.0,9.9,7.1,8.0,7.0,15.7,16.0,22.0,21.6
1772616281.0179245,13.3,6.1,17.3,13.3,40.4,35.0,25.5,1.0,3.1,4.1,3.1,4.1,29.6,30.0,22.2,16.3,10.3,17.2,34.7,35.0,35.4,40.6,49.5,22.2,5.1,5.0,7.1,7.1,27.3,28.6,37.4,37.8,4.1,3.1,2.0,3.0,36.0,36.7,14.3,15.3,42.0,40.6,22.0,20.6,1.0,1.0,10.2,6.9,9.0,5.2,25.5,24.5,14.3,20.6
1772616282.018207,11.2,11.0,25.0,27.6,27.3,50.5,25.0,4.0,6.0,10.1,4.0,3.0,37.6,32.3,13.0,16.2,2.0,10.0,25.3,28.3,38.6,42.6,42.0,36.4,3.0,5.1,5.1,3.0,32.0,34.0,21.0,39.6,3.0,2.1,1.0,1.0,25.0,25.3,2.0,2.0,39.0,41.0,30.6,29.4,3.0,4.0,7.1,8.1,4.0,4.0,13.0,11.9,17.3,11.2
1772616283.019797,15.5,9.1,25.0,23.0,47.5,36.0,19.2,7.1,14.7,8.2,5.1,3.1,31.7,32.7,22.2,16.2,6.0,4.1,24.2,29.0,40.6,39.0,36.4,33.7,5.1,5.9,6.0,10.2,35.0,37.0,19.2,26.7,7.0,3.0,6.1,5.1,33.0,31.0,4.0,4.0,40.0,40.0,32.7,27.0,4.0,3.0,8.2,11.9,9.0,8.0,5.1,24.2,20.0,22.0
1772616284.0203702,13.5,11.1,31.6,26.3,36.0,47.5,5.1,6.0,6.1,13.1,6.2,7.0,35.7,39.4,30.0,17.3,14.4,14.0,30.0,27.3,39.6,42.6,28.0,34.7,4.0,4.1,7.1,9.0,38.0,34.0,12.0,40.4,5.2,3.1,3.0,6.0,27.3,33.0,5.0,3.1,42.2,41.6,37.0,32.3,6.0,7.1,7.1,11.1,7.1,8.2,24.0,25.0,21.2,20.4
1772616285.0211594,12.4,7.0,18.2,17.0,39.0,30.7,2.1,2.0,3.0,2.0,5.0,4.0,31.0,26.0,27.6,29.3,5.1,9.2,36.4,32.3,38.0,42.0,34.0,38.4,6.0,3.0,6.1,5.1,29.3,27.7,36.6,42.2,6.1,4.0,3.0,7.1,39.6,36.6,3.0,3.0,21.8,18.2,17.3,23.8,1.0,2.0,6.0,11.9,6.2,6.1,18.0,17.0,17.8,19.2
1772616286.0234149,15.0,7.1,23.0,11.1,21.6,50.5,5.1,3.0,8.0,6.2,4.1,6.9,24.8,37.6,24.5,22.0,20.8,9.1,31.0,40.6,35.9,34.7,50.5,27.7,5.1,6.0,9.1,8.0,31.0,27.0,41.4,36.0,8.9,5.1,5.1,2.0,46.0,41.8,14.1,5.0,6.1,3.0,23.5,28.0,5.1,4.0,11.1,6.2,7.1,6.1,22.2,24.2,16.2,22.0
1772616287.0258691,11.1,9.1,20.0,18.4,35.7,37.3,3.1,2.0,7.2,11.0,5.1,3.0,36.0,32.0,28.6,23.5,7.1,4.0,37.4,28.3,39.6,36.6,22.0,21.0,5.1,3.0,9.1,6.0,30.3,30.0,42.2,38.6,3.0,7.1,3.0,3.0,41.6,39.6,1.0,3.0,4.1,4.0,25.3,22.0,4.0,2.0,10.0,8.9,7.8,8.0,15.8,14.3,20.2,20.4
1772616288.0299773,13.0,9.1,18.4,17.0,40.8,39.0,5.1,4.0,14.3,14.3,6.9,5.1,31.0,31.7,22.2,27.0,16.2,13.3,39.6,30.3,41.2,39.2,44.4,25.0,5.1,4.0,9.1,7.1,31.7,28.0,43.0,38.0,4.1,4.0,6.1,3.1,40.0,41.0,2.0,1.0,4.0,3.0,24.2,21.4,3.1,4.1,10.9,8.1,7.1,5.2,23.2,24.0,20.0,23.2
1772616289.032868,14.4,10.0,17.0,16.2,36.4,33.3,6.0,2.0,3.0,3.0,3.1,5.0,25.0,30.0,26.3,21.4,5.1,6.9,33.3,29.0,38.6,35.6,49.0,33.0,5.9,4.0,6.1,7.0,26.5,26.0,38.6,42.0,5.9,4.0,3.0,3.0,39.8,41.6,2.0,4.0,11.1,9.2,18.2,20.6,5.0,3.0,9.2,11.0,5.1,7.0,15.0,15.0,18.2,20.0
1772616290.0341597,15.6,23.0,26.0,22.2,49.0,29.7,6.1,6.1,8.1,7.1,7.1,11.1,34.0,41.0,21.6,21.0,3.1,15.3,41.6,38.0,40.4,40.0,60.0,26.0,7.0,8.2,8.0,11.0,34.3,33.3,41.0,42.0,4.1,5.1,8.2,6.1,40.6,40.4,8.1,7.1,33.0,43.0,23.8,28.3,5.1,4.1,12.2,12.2,9.0,9.0,23.0,23.0,20.0,26.3
1772616291.0344996,11.6,8.2,12.1,14.1,29.6,55.0,4.0,3.0,3.1,7.0,4.1,4.0,23.2,23.2,20.2,24.0,15.2,8.2,41.8,35.0,33.7,35.3,51.5,28.7,3.1,4.0,6.1,8.0,18.0,22.0,26.0,20.2,4.1,5.0,7.1,5.1,41.0,39.4,4.1,3.1,39.6,42.2,17.0,20.0,2.0,3.0,8.0,5.9,7.0,7.1,19.0,17.2,13.3,18.2
1772616292.0365937,12.2,12.0,19.6,15.3,34.4,37.6,3.1,5.1,11.2,13.4,5.1,5.1,28.7,36.0,27.6,24.5,5.1,10.2,36.0,33.3,38.4,40.0,40.4,32.3,9.0,5.1,8.1,8.1,32.3,28.0,10.2,12.0,5.1,5.2,5.1,7.0,40.4,40.0,7.1,4.0,41.6,41.0,22.0,23.0,4.0,3.1,9.1,8.2,5.2,9.1,11.2,11.2,22.2,17.3
1772616293.0368915,13.3,14.1,16.3,18.2,43.4,29.4,4.0,4.0,17.2,5.1,5.9,5.0,33.7,35.0,30.3,25.5,22.0,3.1,35.4,37.0,38.8,38.6,25.7,33.0,8.1,20.8,8.1,7.0,27.0,36.0,27.7,29.3,4.1,5.9,4.0,4.0,38.0,40.0,5.1,4.0,41.6,40.6,24.0,26.7,3.0,4.0,9.1,8.1,8.0,6.1,27.5,29.7,19.2,19.0
1772616294.0400903,15.5,12.2,18.2,18.2,40.0,37.0,7.1,6.1,30.3,4.0,5.1,6.1,35.0,27.7,21.2,17.3,10.2,4.1,30.0,33.0,36.0,37.6,32.3,46.5,5.1,7.1,12.2,7.1,28.3,35.0,20.0,43.6,6.9,6.1,4.0,5.2,42.6,37.6,10.1,4.1,41.0,40.6,24.8,38.0,6.1,4.0,10.1,10.9,6.2,8.1,13.0,14.1,21.0,23.2
1772616295.0422873,14.1,9.1,19.4,19.0,36.4,29.7,4.1,3.1,5.1,4.0,6.0,5.1,33.3,27.3,21.2,32.3,9.2,16.2,30.6,36.0,40.6,37.0,34.7,34.0,5.9,5.0,8.9,6.1,33.3,24.0,31.7,42.6,3.0,7.0,2.0,4.0,43.0,42.0,17.2,8.1,40.2,41.4,28.0,26.0,5.1,3.0,9.0,9.0,7.0,9.0,25.3,30.3,21.8,19.8
1772616296.0461345,10.3,10.0,17.2,10.1,35.4,41.6,7.0,2.0,14.3,14.3,4.0,3.1,14.1,36.0,32.0,29.6,2.0,9.1,35.0,31.3,35.3,35.3,40.6,13.0,3.1,3.0,8.1,5.2,20.0,28.0,43.0,22.8,2.0,4.0,4.0,4.0,40.0,39.6,5.1,5.0,41.6,40.2,23.2,21.0,3.0,2.0,11.1,9.0,7.0,4.1,8.2,11.0,21.2,12.2
1772616297.0465786,12.4,9.1,18.0,17.2,36.4,37.6,3.1,3.0,6.1,18.8,5.1,6.9,35.0,29.0,21.6,24.5,8.2,12.2,29.7,38.4,39.6,38.6,22.8,4.0,4.0,4.0,8.1,7.9,28.0,28.3,46.5,19.2,3.0,6.1,6.1,4.0,38.4,42.4,2.1,3.1,40.6,41.0,23.5,24.0,6.0,3.1,7.1,9.2,6.1,9.0,19.0,23.2,20.2,22.0
1772616298.046922,17.0,10.1,16.3,18.2,41.6,32.0,4.0,2.0,6.1,6.1,5.1,4.0,35.4,36.6,9.2,16.0,9.2,5.1,37.4,29.3,40.2,39.6,20.2,31.3,5.1,3.0,8.1,8.2,29.3,35.0,38.0,41.4,6.1,7.1,4.0,5.1,43.6,37.0,3.1,4.0,41.6,40.0,25.3,17.2,5.1,3.0,8.2,8.1,6.1,9.1,21.8,20.8,23.2,20.4
1772616299.0481102,16.8,9.2,17.0,18.2,50.0,26.0,2.0,13.1,4.0,3.0,5.1,3.1,29.7,32.0,40.0,30.3,14.0,19.2,36.0,34.7,36.4,37.0,21.0,40.6,5.1,4.0,5.1,12.1,26.3,33.3,35.0,35.6,6.1,5.0,1.0,2.0,41.4,42.0,4.0,3.1,40.0,40.6,25.0,16.0,2.0,5.1,9.1,8.1,5.1,6.2,19.0,20.2,23.0,19.2
1772616300.0558076,15.0,11.1,17.0,19.0,36.7,37.6,6.0,22.4,16.0,17.0,4.0,9.0,33.0,29.7,33.0,31.3,18.2,13.1,35.0,28.3,43.1,41.0,38.2,38.6,4.0,5.1,6.1,10.9,29.7,28.0,38.6,38.0,4.0,7.2,4.0,5.1,40.0,38.6,2.1,3.1,41.6,40.6,30.0,22.8,14.1,4.0,10.0,8.1,8.0,8.0,21.8,20.0,24.2,20.0
1772616301.0567787,12.6,10.9,21.2,19.6,38.0,34.0,4.1,5.1,9.2,10.3,5.1,8.2,31.0,32.0,18.2,18.4,15.8,15.2,34.3,30.3,34.7,36.6,54.0,27.0,5.0,7.0,12.9,8.1,28.0,31.0,35.3,45.5,20.2,8.0,4.0,7.0,40.6,40.4,6.0,15.2,41.6,39.6,28.0,22.2,5.0,4.0,16.0,17.0,8.2,7.0,12.2,12.1,20.0,20.2
1772616302.0568688,10.3,7.1,14.0,17.2,34.7,34.0,3.0,7.0,4.1,4.1,6.0,3.1,26.0,25.0,15.3,7.1,11.3,4.0,31.6,35.7,35.3,38.0,54.0,24.2,3.0,2.1,5.1,8.1,30.0,21.2,39.0,26.0,4.0,3.1,4.0,1.0,38.8,40.0,7.2,14.1,41.0,40.6,21.2,20.2,5.1,3.1,10.1,16.8,7.0,6.1,32.0,27.3,15.0,22.2
1772616303.056942,14.3,7.0,14.3,17.2,33.3,32.7,3.0,5.2,4.0,4.0,4.1,2.0,28.3,27.3,35.4,27.0,10.0,6.0,32.0,32.0,38.0,36.6,59.4,21.0,2.0,8.9,6.1,5.1,24.0,27.7,35.0,30.3,0.0,6.0,2.0,4.0,38.0,36.7,3.0,3.0,38.6,38.0,20.2,17.0,1.0,3.0,9.0,5.1,5.1,8.9,8.2,11.1,19.2,14.3
1772616304.05708,14.6,9.3,15.2,18.0,36.7,36.6,4.0,5.1,5.1,6.1,5.0,6.1,24.0,34.3,34.0,26.3,11.2,16.2,42.0,30.3,34.3,37.0,33.3,26.3,3.0,7.1,9.1,8.1,28.6,26.3,35.6,47.5,6.0,4.0,3.0,4.0,43.0,40.0,5.1,17.3,31.7,30.0,25.3,20.0,4.0,3.0,9.2,8.1,8.0,8.2,28.0,28.0,18.2,21.0
1772616305.0591307,10.2,10.0,18.8,15.3,27.3,42.0,4.0,3.0,12.1,14.0,5.1,4.0,30.0,26.0,23.0,23.0,13.0,8.2,35.0,31.7,33.7,36.3,35.0,41.0,5.0,5.0,5.1,8.0,26.0,26.7,37.0,38.0,2.0,6.1,2.0,4.0,41.0,40.0,13.1,19.0,27.7,29.4,19.0,23.0,1.0,3.0,8.0,7.1,6.1,7.1,13.1,16.8,21.0,19.8
1772616306.0594447,18.0,9.2,14.3,15.2,49.5,26.3,5.1,3.1,13.1,8.2,4.1,4.1,31.3,28.0,15.5,16.3,8.2,10.1,29.0,34.3,39.0,38.4,8.1,53.0,4.0,4.0,10.0,5.1,33.0,24.5,22.2,24.0,3.0,6.1,4.0,2.0,40.0,39.0,6.1,5.2,10.1,10.1,20.8,22.8,2.0,2.0,8.1,7.1,5.2,7.1,24.2,22.4,16.2,25.3
1772616307.0614784,12.4,9.1,15.3,20.0,39.4,33.3,4.0,5.0,4.1,2.1,9.0,4.0,37.6,27.0,28.6,28.3,13.1,9.2,31.6,37.6,36.0,34.7,30.0,42.6,6.1,5.1,9.0,8.1,36.0,22.0,35.6,23.0,2.0,6.1,2.0,5.0,40.6,40.6,3.1,2.0,13.1,12.0,23.2,23.2,4.0,5.0,10.9,13.0,8.9,5.2,16.0,14.1,22.0,20.0
1772616308.0617514,15.0,5.0,15.8,13.0,26.3,44.1,3.0,2.0,8.0,9.9,5.1,5.0,29.7,25.5,25.3,34.0,10.0,9.0,31.7,34.7,35.0,37.3,41.2,32.7,4.0,5.9,9.1,5.9,25.7,23.0,45.1,25.7,5.9,3.0,1.0,2.0,41.6,39.4,3.0,0.0,13.9,12.9,14.9,18.0,3.0,2.0,7.1,8.0,15.0,8.8,22.8,23.8,19.8,13.1
1772616309.0629225,14.1,12.2,21.2,23.2,43.9,38.4,5.1,14.3,16.3,9.4,5.1,5.1,33.7,25.5,20.0,25.3,9.4,11.2,42.4,34.3,40.4,37.6,37.8,25.5,7.1,4.1,12.1,9.3,27.6,36.4,36.4,44.6,4.1,9.1,4.0,6.2,40.8,40.0,5.1,3.1,14.3,17.5,23.2,25.3,4.1,5.1,12.1,7.1,8.2,9.3,17.2,19.2,19.2,24.2
1772616310.06434,10.3,9.1,24.5,18.4,27.8,36.0,5.1,2.1,11.1,5.2,5.1,3.0,29.0,28.0,16.2,13.5,12.2,12.0,31.3,37.8,35.0,33.3,29.0,35.6,7.1,7.1,8.1,4.1,25.3,26.7,43.0,39.0,4.0,2.0,3.1,3.0,40.6,40.4,2.0,5.0,30.0,34.0,17.3,20.2,3.0,2.0,8.1,5.1,7.1,5.1,14.3,14.3,17.3,16.7
1772616311.064422,13.4,10.0,14.3,23.0,37.4,37.6,7.0,3.1,3.1,5.1,6.0,8.2,28.6,34.0,22.0,30.0,5.0,13.3,39.0,28.7,42.6,34.7,21.0,42.0,6.1,4.0,8.0,5.0,30.0,29.3,39.4,41.0,3.0,6.1,5.0,3.0,37.6,40.0,3.1,2.0,31.0,32.4,20.6,23.2,3.0,4.0,10.1,8.1,9.2,5.1,27.3,24.0,17.3,23.8
1772616312.0660887,11.3,6.1,11.1,20.0,36.7,31.7,4.0,5.1,7.1,8.1,9.0,7.1,26.7,27.0,31.0,24.2,7.1,12.1,34.3,36.0,37.6,38.2,26.0,52.0,2.1,3.1,5.1,9.9,33.0,20.0,38.2,40.0,3.0,5.9,1.0,5.1,41.0,41.0,3.0,3.1,38.2,33.0,19.0,20.8,2.0,3.0,9.1,5.1,20.0,10.0,5.0,7.1,19.0,17.5
1772616313.0689478,12.2,7.0,19.0,13.3,33.0,41.0,2.0,2.0,9.1,6.1,3.1,6.2,28.0,27.0,19.4,21.4,5.1,10.1,33.0,28.3,31.4,37.6,37.6,43.6,3.0,4.0,4.0,6.1,28.0,20.2,7.2,10.1,4.0,3.0,2.0,5.0,36.6,38.0,2.0,3.0,41.0,40.0,23.0,16.0,2.0,2.0,10.9,8.9,3.1,5.1,24.8,27.7,13.3,22.8
1772616314.0709646,14.3,14.0,20.4,15.2,25.3,44.0,4.0,3.0,11.5,18.2,4.0,9.8,34.0,30.0,14.1,16.0,3.0,13.1,30.6,36.6,38.0,38.0,34.0,36.0,7.9,5.0,7.1,8.1,27.3,29.0,12.9,23.2,3.0,5.1,3.1,3.0,36.4,43.6,2.0,2.0,40.6,40.6,25.3,21.0,3.0,4.0,9.1,9.2,7.0,7.1,15.2,14.1,16.0,20.4
1772616315.0710418,12.2,9.1,24.5,15.3,38.8,37.6,4.0,1.0,4.1,4.1,6.0,4.0,35.4,31.3,27.6,18.4,17.2,13.3,39.0,34.0,41.6,40.6,30.3,31.7,4.1,4.1,8.0,7.2,32.0,31.3,35.4,46.0,15.2,5.9,3.0,2.0,41.4,40.0,4.1,3.0,41.2,41.6,22.0,22.0,3.0,3.0,9.1,10.1,8.1,7.1,17.2,18.0,23.0,22.2
1772616316.0726397,12.2,8.1,12.2,15.0,35.0,35.6,4.0,4.0,4.0,10.0,3.1,3.1,26.0,29.0,34.3,36.7,7.1,11.2,33.7,28.0,35.6,34.7,36.0,44.4,4.0,5.9,8.2,7.0,25.3,22.0,43.0,39.2,20.0,5.1,4.1,3.0,42.2,37.0,2.0,7.1,40.6,40.6,21.8,21.0,4.0,4.0,5.1,9.0,7.0,7.0,24.8,24.8,18.0,18.2
1772616317.0769646,11.2,7.1,22.2,17.3,41.4,31.7,3.1,4.1,6.1,3.1,7.0,5.9,25.0,33.3,23.2,23.2,15.2,13.0,34.7,36.4,39.6,37.6,48.0,33.7,7.0,4.0,9.1,8.0,24.5,32.7,41.2,39.0,5.1,6.1,5.1,4.0,42.0,38.6,10.0,15.3,40.6,41.2,25.0,23.2,2.1,3.0,7.1,8.1,4.1,7.1,15.0,12.2,14.1,25.5
1772616318.0780945,14.0,10.0,17.2,16.2,41.6,29.0,4.0,4.0,17.3,15.2,6.0,3.0,32.0,29.3,14.3,15.2,5.1,3.1,30.0,35.4,38.2,36.0,40.0,33.0,4.0,5.1,11.1,5.1,31.3,28.3,41.0,21.0,3.0,5.1,4.0,5.1,41.0,39.8,3.1,3.1,40.0,41.0,24.5,23.0,4.0,4.1,6.1,11.2,6.1,7.1,30.7,29.0,17.2,22.2
1772616319.078478,11.3,10.1,23.2,17.8,37.0,36.0,4.1,4.0,11.9,4.1,4.1,6.1,28.3,34.0,25.3,16.2,15.2,16.2,40.0,41.0,40.6,39.6,17.3,27.3,3.1,6.1,6.1,8.1,31.0,33.0,42.2,31.0,4.0,3.1,3.0,6.2,41.6,41.6,4.1,6.1,42.6,39.6,27.7,23.0,3.0,3.1,11.2,11.1,9.1,6.1,9.1,13.3,24.5,23.8
1772616320.0786645,13.1,10.1,17.2,17.3,38.8,36.6,4.0,4.1,5.1,7.1,5.1,6.1,28.4,32.3,32.7,40.4,9.2,3.1,26.3,39.4,35.6,37.6,32.7,36.6,3.0,7.9,9.1,6.1,30.0,32.3,42.4,39.0,2.0,5.2,3.1,4.0,39.4,39.0,3.0,3.1,40.0,40.6,21.2,23.2,3.1,4.0,12.0,8.9,7.1,8.2,30.3,29.3,24.5,16.2
1772616321.0787408,14.9,9.1,17.3,15.3,44.9,30.7,3.1,4.0,9.1,7.2,5.1,5.1,30.3,29.3,22.7,23.5,11.1,20.2,28.6,38.0,36.6,35.6,34.7,47.0,7.0,2.0,6.1,6.1,29.6,26.3,38.4,41.6,6.1,3.1,3.0,3.1,41.0,39.8,3.1,3.1,36.6,35.6,24.0,20.2,1.0,4.0,9.2,8.2,9.0,9.2,6.1,8.1,18.4,19.2
1772616322.0788224,15.5,12.1,20.0,18.4,39.8,33.3,7.1,3.1,9.1,13.3,8.1,6.1,27.0,32.0,14.0,14.3,7.0,7.1,38.0,40.0,39.0,36.0,46.5,36.0,8.0,4.0,7.1,8.1,25.5,33.0,24.0,39.4,6.1,5.0,4.0,7.1,44.0,41.2,5.1,5.1,31.7,33.7,20.2,28.3,4.0,3.1,12.0,8.1,8.1,11.1,32.7,30.3,23.0,23.2
1772616323.0802479,13.4,8.1,21.4,15.3,48.0,32.7,5.9,5.0,11.1,13.1,5.2,6.1,33.7,35.0,18.4,25.5,16.3,14.3,40.0,34.7,38.6,39.0,28.3,40.6,4.1,6.1,15.2,8.2,30.0,29.3,20.4,43.6,6.1,4.0,3.1,3.1,39.4,42.9,12.2,8.2,31.7,32.0,23.0,26.3,7.2,3.0,12.1,10.2,8.1,10.1,10.1,12.1,24.0,22.4
1772616324.0803225,18.2,10.2,24.5,19.4,37.8,37.0,9.2,4.0,5.2,3.1,5.1,8.1,36.0,30.0,43.9,37.4,4.1,8.0,34.0,42.0,38.0,43.1,29.3,39.0,8.2,5.1,7.1,12.0,35.4,36.0,23.2,40.0,6.1,6.1,5.1,9.0,41.0,40.0,12.2,11.2,31.0,33.0,26.3,31.0,6.1,3.0,12.1,14.0,8.2,9.2,30.7,29.6,28.3,20.0
1772616325.081099,13.3,9.1,19.0,17.2,47.0,30.0,3.1,2.0,8.1,10.3,6.0,5.0,30.0,31.7,22.4,22.4,15.0,18.4,35.4,29.6,35.3,43.6,36.6,43.4,25.5,9.0,9.0,6.1,27.7,30.7,29.0,27.0,3.0,4.0,2.0,4.0,41.0,41.0,3.1,7.1,33.0,29.7,25.0,19.2,4.0,3.1,9.1,9.1,6.1,9.3,11.1,13.0,19.0,21.0
1772616326.081189,19.2,17.2,26.5,28.3,38.1,42.6,5.1,4.1,13.4,6.0,6.1,6.1,40.4,36.4,21.2,15.2,5.1,4.0,40.0,38.0,41.6,42.6,52.5,22.8,7.0,9.1,10.2,9.1,39.0,38.6,18.4,27.0,5.0,5.1,4.1,6.1,39.4,42.4,19.0,8.2,25.7,25.3,31.7,36.0,4.0,5.1,12.9,10.2,11.1,10.0,22.2,27.0,27.3,27.6
1772616327.0814197,14.3,9.2,22.0,25.3,38.4,40.0,5.2,5.0,15.3,10.3,10.1,5.1,27.0,36.4,19.4,23.2,15.8,23.0,35.0,46.9,40.0,41.2,38.0,23.2,5.2,7.2,12.1,42.9,40.4,39.8,28.0,30.0,9.2,2.1,5.2,3.1,41.0,40.6,17.2,5.1,21.0,22.0,30.0,24.8,4.1,3.1,9.2,10.0,9.1,7.1,18.2,19.2,25.7,24.2
1772616328.081502,14.4,8.2,16.2,18.4,25.5,55.0,6.0,4.1,7.0,3.1,7.0,5.1,24.2,38.6,30.3,31.6,4.1,6.1,36.1,38.0,35.6,38.0,40.0,32.0,5.0,35.6,10.1,4.0,35.4,28.0,47.5,34.7,8.2,4.0,6.1,3.1,39.4,37.8,11.2,7.1,23.2,22.0,26.3,23.2,5.0,5.1,7.1,10.3,5.1,8.2,18.2,19.2,20.4,19.4
1772616329.0873547,15.0,12.9,19.6,21.4,33.3,46.2,5.1,6.1,8.2,13.0,7.1,7.0,29.7,32.0,22.4,22.4,21.0,15.3,41.0,42.0,38.6,43.1,55.4,28.0,8.1,12.2,11.1,39.4,34.7,30.4,43.0,35.0,7.0,4.0,9.0,4.0,42.6,43.6,10.0,3.0,23.0,23.8,23.2,31.0,3.1,3.1,12.9,10.9,8.2,10.0,23.8,24.2,23.2,23.0
1772616330.088323,17.3,8.1,19.8,26.3,38.8,37.4,7.1,4.0,6.1,12.2,5.1,4.1,29.0,36.0,20.6,27.3,4.1,4.1,36.0,34.3,43.0,38.0,59.0,18.2,8.0,17.8,12.2,38.0,37.0,35.0,38.0,24.0,3.1,3.1,5.1,2.0,41.0,39.8,4.1,3.1,21.8,24.0,29.0,28.0,6.0,5.0,9.2,13.1,9.1,8.2,17.2,19.0,23.2,26.3
1772616331.0889506,12.4,9.0,17.3,19.2,35.7,48.5,7.1,4.0,15.0,13.3,7.2,6.1,30.0,35.6,23.2,22.2,21.4,13.1,36.6,34.3,40.2,41.6,29.7,33.0,6.0,7.0,36.0,14.3,27.7,37.4,29.0,35.6,7.9,5.0,5.1,4.0,40.6,42.2,4.1,3.0,31.0,32.3,26.0,23.2,5.1,3.0,11.1,9.2,8.2,11.0,24.0,22.0,21.8,23.0
1772616332.0890288,12.1,7.1,19.4,11.1,31.6,37.4,5.8,4.0,2.0,4.1,3.0,5.9,24.2,33.0,24.2,28.3,8.2,5.2,33.7,37.4,34.7,35.0,22.0,44.6,4.0,4.1,31.0,9.1,24.0,26.0,26.3,40.8,5.2,2.0,5.1,1.0,36.4,38.4,3.1,3.0,32.7,31.0,21.0,23.0,3.0,3.1,9.1,7.0,4.0,9.2,15.2,15.3,13.1,23.5
1772616333.0945563,22.4,13.1,25.3,20.0,42.0,37.0,7.1,6.1,10.1,17.2,8.0,5.2,34.7,34.7,23.7,21.4,11.1,9.1,37.6,38.6,44.0,37.6,17.2,46.0,4.0,8.9,40.6,18.8,32.3,42.6,44.1,41.6,10.9,5.0,6.1,6.0,44.6,42.2,6.1,4.1,31.7,33.3,31.0,33.3,5.1,5.0,12.1,10.0,10.0,7.1,21.0,22.0,21.8,28.0
1772616334.0957222,19.4,8.2,21.8,17.3,35.7,39.6,4.1,6.1,8.2,2.1,7.9,5.1,19.2,38.4,32.7,16.3,13.4,15.3,39.8,37.0,39.2,41.6,24.0,50.5,3.0,4.1,38.0,11.1,23.8,32.3,41.0,37.6,9.1,5.1,3.0,7.1,43.0,38.8,5.1,2.0,35.3,39.6,22.2,24.2,7.1,2.0,8.2,10.2,7.1,8.0,19.4,21.0,22.0,21.0
1772616335.0993354,10.4,10.1,24.2,18.4,28.6,48.0,2.0,7.1,14.1,12.2,6.1,4.1,27.0,34.7,24.5,26.3,3.0,9.0,38.2,35.0,35.6,39.0,22.0,53.0,6.1,4.0,31.0,10.0,31.3,34.0,36.0,46.5,2.0,6.1,15.2,3.0,40.0,40.4,1.0,6.0,40.0,40.6,30.7,27.0,3.0,5.0,10.9,8.2,5.1,8.2,22.0,20.0,22.0,23.8
1772616336.103501,15.8,10.0,25.5,16.2,37.4,39.0,5.1,30.0,6.1,11.1,5.9,5.1,34.7,41.0,28.3,27.3,23.0,15.3,38.0,35.0,42.6,40.6,23.2,38.0,4.0,4.1,11.1,11.0,30.0,34.3,37.6,44.0,5.1,6.0,11.0,2.1,40.0,41.6,5.1,5.1,41.0,39.6,28.3,32.7,3.1,4.1,9.1,10.1,8.1,8.1,19.2,18.4,24.2,23.2
1772616337.1049953,18.6,10.2,26.5,26.0,38.8,40.0,3.0,29.6,20.0,9.3,5.1,8.0,36.4,32.0,20.4,18.4,6.1,5.1,36.0,41.0,48.5,47.5,38.2,44.0,6.1,5.1,10.1,7.0,32.0,38.0,32.3,30.0,7.1,5.1,3.1,5.1,42.2,42.6,5.1,6.1,42.2,41.0,24.0,29.0,6.1,7.0,13.1,11.9,9.9,10.0,21.0,20.0,25.3,25.3
1772616338.107849,14.3,9.0,19.0,19.0,35.4,38.0,2.0,35.0,7.1,5.9,5.1,4.1,30.0,30.1,19.4,25.3,16.0,23.2,38.4,35.4,40.0,41.6,26.3,37.6,4.0,5.9,7.1,7.1,27.7,27.7,20.8,37.6,5.9,9.1,3.0,3.0,42.0,38.0,5.1,14.0,40.6,41.2,25.0,20.0,5.0,2.0,10.9,8.2,6.1,8.1,20.2,24.0,22.8,21.0
1772616339.1096346,13.1,11.2,20.2,24.2,41.8,34.7,5.1,1.0,16.0,8.3,7.1,5.1,37.0,33.3,30.6,30.6,4.1,5.1,39.4,37.8,41.6,40.2,38.0,36.6,3.0,5.1,7.1,7.1,27.0,40.0,18.0,19.2,6.1,4.0,5.1,4.0,40.4,40.8,8.2,12.1,40.6,40.6,21.0,34.0,2.0,5.1,11.1,12.1,9.1,7.1,18.8,15.2,24.7,21.0
1772616340.112944,12.1,9.2,23.2,21.0,39.4,30.0,6.0,7.0,8.2,8.1,6.1,6.1,31.0,36.0,27.3,29.7,23.2,15.0,38.4,38.0,38.6,40.6,25.0,57.0,7.1,4.1,8.0,7.1,34.0,27.3,20.0,18.2,5.1,3.0,7.1,5.1,39.0,36.6,3.1,3.1,33.7,33.0,24.2,31.3,8.1,3.0,8.9,13.0,6.1,7.2,20.4,21.8,21.2,21.4
1772616341.1151533,12.1,14.1,20.2,20.6,29.6,49.5,5.1,1.0,12.2,10.1,4.1,7.1,36.6,29.0,21.2,20.6,3.1,3.1,34.0,42.2,39.2,40.4,39.6,28.0,5.0,6.9,7.1,6.1,33.3,34.0,21.0,21.8,5.1,6.0,4.0,4.0,42.2,40.0,4.1,3.1,31.7,30.7,28.7,23.0,2.0,5.0,10.1,10.1,7.0,9.0,20.8,18.2,20.0,27.3
1772616342.1168623,12.2,11.9,25.0,22.4,34.0,40.2,5.0,4.0,5.1,5.1,6.1,7.9,24.2,46.0,29.0,33.3,23.8,15.2,35.0,40.4,38.0,44.1,35.3,37.6,6.0,6.0,10.1,17.2,32.7,34.0,24.0,37.0,7.0,8.1,4.0,3.0,40.8,42.2,3.1,3.1,31.7,31.7,26.0,29.0,4.0,3.1,10.1,10.0,8.2,7.1,27.0,25.3,26.0,25.0
1772616343.1193435,12.1,8.1,20.0,18.0,41.2,35.9,4.0,3.1,20.2,13.5,6.0,5.0,31.4,31.0,29.6,29.6,3.1,8.2,40.0,32.3,37.3,38.2,44.6,35.6,6.1,4.0,6.1,11.1,29.0,27.7,30.0,40.6,4.0,6.1,2.0,3.0,38.0,39.4,1.0,6.0,31.0,32.4,29.0,18.8,4.0,3.0,10.0,10.0,6.1,7.1,12.2,15.0,20.0,22.0
1772616344.1197453,10.5,7.1,16.3,20.8,51.0,28.3,4.1,5.0,8.2,5.1,7.1,4.1,33.7,30.3,18.2,19.2,17.3,14.3,29.0,39.0,36.0,39.0,40.8,39.4,7.0,2.1,9.2,9.0,27.3,30.3,36.0,45.5,4.1,4.1,7.1,2.1,41.8,40.6,4.1,3.1,39.6,44.0,21.4,26.5,3.1,3.1,11.1,9.2,7.2,7.2,28.0,25.3,21.2,22.2
1772616345.122988,15.3,9.9,21.2,20.6,39.2,33.7,5.0,3.1,6.1,5.0,6.0,3.1,37.6,24.0,31.3,22.7,5.1,11.2,33.3,42.4,37.6,40.2,17.8,39.0,5.1,5.0,9.1,10.0,30.0,33.0,39.0,40.6,2.0,4.0,5.1,5.0,42.2,41.4,8.1,18.2,41.0,40.0,22.8,25.0,4.0,3.0,10.2,10.9,6.1,7.9,16.8,17.3,23.2,21.2
1772616346.123074,12.4,6.1,14.1,17.5,36.7,33.7,2.0,3.1,4.1,9.3,6.1,4.0,29.3,37.4,28.6,26.5,13.0,14.1,34.3,35.0,36.6,35.4,6.1,42.0,4.0,6.0,7.1,7.1,30.0,28.0,41.0,40.0,3.0,5.1,2.1,3.0,36.7,37.0,8.2,25.3,35.6,36.6,25.0,26.0,2.0,5.1,10.1,7.1,7.1,3.1,23.2,22.0,22.2,18.2
1772616347.1231718,13.1,10.1,16.5,19.0,46.5,34.0,5.0,4.1,14.1,16.3,10.1,5.1,32.3,33.7,24.5,27.8,6.2,15.3,37.4,36.4,41.6,42.2,27.0,35.0,2.0,7.1,7.0,9.2,19.2,35.4,38.2,29.3,3.1,7.0,5.0,3.1,42.0,42.4,10.0,15.5,24.0,22.0,24.0,28.3,2.0,3.1,10.1,7.1,8.1,8.1,21.0,21.0,25.0,19.0
1772616348.1232846,13.9,7.1,16.2,19.4,47.5,24.8,2.1,2.0,10.1,4.1,6.0,3.1,32.4,33.3,22.0,15.2,8.2,9.1,36.4,37.0,34.3,40.0,24.2,34.0,3.1,4.0,6.2,7.1,38.0,23.0,12.2,22.0,5.0,1.0,2.0,2.1,40.0,40.0,4.0,4.0,21.8,21.0,20.2,22.0,3.0,5.1,7.1,9.0,6.1,7.1,3.1,4.1,16.2,24.2
1772616349.1243596,13.3,8.0,13.0,17.0,38.4,35.0,11.9,4.0,4.1,3.0,6.1,4.0,25.0,32.0,25.3,18.2,9.1,2.0,33.0,31.0,35.6,33.7,41.0,35.0,4.0,5.0,7.0,4.0,29.0,21.2,25.0,21.2,3.0,5.0,2.0,3.0,42.0,40.0,6.1,16.3,21.2,21.8,18.0,18.2,1.0,2.0,7.1,9.0,6.1,5.1,32.4,31.7,19.0,19.0
1772616350.1244483,17.0,9.1,16.3,22.4,36.0,38.2,5.2,4.1,4.1,5.1,7.1,9.0,31.3,29.7,32.7,25.0,17.0,15.2,31.3,39.0,39.0,38.2,28.4,35.0,7.1,5.2,8.1,9.4,31.0,34.0,41.0,36.4,4.1,7.1,4.0,3.1,39.0,42.0,10.1,8.2,25.3,22.4,22.8,26.0,4.0,5.1,10.2,10.1,8.0,8.2,13.0,15.2,20.4,21.4
1772616351.1246576,14.6,9.0,19.2,17.2,53.1,22.0,3.1,4.0,17.2,9.1,5.1,4.1,30.0,26.5,26.0,26.3,9.3,5.1,34.0,33.0,34.0,38.4,25.3,44.6,4.0,5.0,8.1,7.0,27.3,28.7,45.5,36.0,4.0,2.0,3.0,4.0,40.6,35.7,5.1,2.0,32.7,31.0,18.2,23.0,6.1,4.0,8.9,8.0,7.1,6.1,28.0,24.2,22.8,13.1
1772616352.1254144,15.2,17.0,17.0,18.0,41.4,36.0,6.1,4.0,8.2,12.2,16.0,7.1,40.4,45.0,16.3,19.4,13.3,18.2,39.4,34.3,36.3,38.0,27.0,36.4,6.1,5.0,9.2,8.0,26.3,32.0,41.6,41.2,4.0,13.0,2.0,18.0,42.9,42.6,5.1,4.0,28.0,33.0,23.2,22.0,4.0,1.0,13.1,13.0,6.1,8.0,16.2,17.0,20.4,20.0
1772616353.1254992,10.4,8.2,20.2,17.5,31.3,36.0,5.1,4.0,4.1,9.2,3.1,4.0,36.6,28.0,9.2,23.0,6.1,1.0,35.6,34.0,36.4,35.6,35.0,28.7,2.1,3.1,6.9,7.1,28.3,26.8,41.2,20.8,2.0,4.1,2.0,2.0,40.2,39.0,3.0,2.0,30.4,31.7,27.0,19.2,3.0,4.1,8.1,8.1,6.1,6.0,5.1,9.1,19.0,22.2
1772616354.128298,16.8,12.2,19.6,19.4,49.5,31.7,6.1,5.1,4.1,7.1,6.1,6.9,22.2,37.0,29.3,25.3,7.1,12.0,36.7,34.3,37.6,41.6,29.3,34.7,6.1,4.1,6.1,8.2,27.7,32.7,42.4,22.2,5.1,5.1,4.0,6.1,42.4,41.0,4.0,6.1,33.0,32.0,26.0,27.7,5.1,6.1,10.0,10.1,9.1,7.1,30.7,34.0,22.0,15.5
1772616355.1289294,21.4,14.1,17.2,17.8,47.0,28.7,4.0,3.1,3.1,4.1,7.1,4.1,40.0,24.2,27.3,30.9,13.0,11.3,35.4,34.0,35.3,37.3,39.6,41.4,4.0,4.1,5.1,11.0,30.0,26.5,35.0,47.1,6.1,2.1,3.1,3.1,40.0,39.4,2.0,5.1,31.0,31.0,23.0,17.2,6.0,9.0,8.1,9.1,12.0,10.1,7.1,8.2,20.2,21.6
1772616356.1301355,12.6,11.1,22.4,19.2,49.5,29.7,10.9,5.1,17.2,18.4,6.1,8.1,45.5,36.4,23.2,25.5,8.1,15.0,35.0,37.4,39.6,36.6,42.0,40.6,7.1,5.1,10.0,10.0,30.0,33.7,29.0,32.3,8.1,7.0,10.1,5.1,40.4,42.6,28.3,3.1,33.7,35.6,30.7,24.0,8.1,6.1,11.1,11.9,11.1,9.1,30.7,29.7,24.2,19.4
1772616357.1305492,13.9,9.0,14.3,12.9,29.9,38.6,3.0,5.1,11.1,5.1,4.1,3.0,44.0,34.0,20.6,22.2,11.2,14.3,33.0,26.0,37.6,42.0,43.0,35.4,6.0,4.0,6.1,5.2,27.6,32.0,34.3,28.0,4.0,3.0,3.0,3.0,37.0,39.0,16.2,4.0,40.0,41.0,20.2,17.8,1.0,4.0,5.1,7.2,7.1,5.2,12.2,15.2,22.2,16.2
1772616358.135819,15.3,9.1,20.0,20.2,36.0,36.0,4.1,2.0,4.1,4.0,6.1,5.0,36.4,24.2,31.3,21.2,9.2,10.1,36.4,40.0,40.4,36.3,41.0,20.2,6.0,5.1,9.1,7.9,33.7,33.7,32.7,30.0,5.1,5.0,4.0,3.1,44.1,38.4,6.1,4.0,33.7,36.9,19.2,23.2,4.0,5.1,11.0,11.2,6.1,8.1,21.8,19.0,22.2,20.2
1772616359.1402142,12.2,8.0,13.9,17.2,35.4,39.6,4.0,3.0,3.1,2.0,6.0,4.0,36.6,22.0,29.3,23.2,10.1,7.0,33.0,34.3,36.3,40.2,44.0,32.4,4.0,3.0,8.0,5.1,25.0,28.0,16.2,37.6,18.2,4.0,3.0,2.0,41.0,40.6,3.0,3.0,32.4,32.0,17.8,21.2,2.0,5.0,11.1,7.0,7.8,5.1,20.8,20.0,17.0,20.8
1772616360.1405394,15.2,12.1,22.4,17.3,26.5,49.0,6.2,8.1,13.4,20.4,4.1,7.0,32.3,32.0,24.2,23.5,10.2,13.1,42.6,27.8,39.0,37.0,47.0,31.3,3.1,6.1,10.2,9.0,26.3,32.3,37.0,29.0,41.0,4.1,2.1,4.1,40.6,41.0,15.0,12.4,31.0,32.4,20.2,29.0,4.0,2.1,10.1,10.1,6.2,8.2,14.3,17.2,19.2,29.6
1772616361.1406286,11.1,8.1,16.2,15.2,19.6,50.0,5.1,5.1,6.1,8.1,5.1,8.1,30.0,27.3,24.5,23.2,10.1,5.1,31.3,29.0,35.3,36.4,32.4,28.0,5.1,3.0,4.1,5.1,26.3,25.0,30.0,32.3,35.4,3.0,4.0,5.9,37.4,40.0,4.2,9.0,31.7,31.0,23.2,17.0,4.0,4.0,8.0,5.1,4.1,6.0,25.0,27.3,20.2,15.2
1772616362.1406972,10.3,10.2,18.4,11.0,34.7,33.7,4.0,4.1,4.1,6.1,28.3,7.1,28.6,27.3,22.0,29.6,4.1,16.2,34.0,32.0,35.3,31.7,34.3,35.0,5.1,5.1,9.0,7.0,28.4,23.8,44.4,35.0,22.0,5.0,3.0,4.1,39.4,38.4,3.0,3.1,33.7,31.7,20.8,18.2,3.0,2.0,6.2,8.1,7.0,7.1,6.1,6.1,19.2,17.5
1772616363.1415756,13.4,9.0,15.3,19.6,36.4,36.6,6.1,2.0,5.1,4.0,7.1,3.1,30.7,23.2,22.7,22.4,10.1,10.1,31.3,38.4,39.0,37.6,30.0,47.5,4.1,7.1,10.1,4.1,30.6,24.0,46.5,34.0,3.0,6.1,3.0,3.0,42.6,37.6,4.1,4.0,43.1,40.0,29.3,34.0,2.0,5.1,7.0,11.1,9.0,10.0,30.3,33.7,24.2,20.0
1772616364.1416612,11.3,7.0,14.1,11.0,30.0,32.4,3.0,3.9,4.0,2.1,5.1,3.0,23.0,26.0,19.0,27.0,3.0,17.0,27.3,27.0,34.7,30.7,30.0,32.7,4.0,7.8,5.1,7.0,24.8,16.2,41.7,28.7,2.1,5.0,3.0,3.0,40.0,39.0,1.0,3.0,40.0,42.2,14.0,15.8,3.0,2.0,5.9,9.1,6.0,6.0,12.9,10.9,15.0,14.1
1772616365.1469758,16.3,14.1,28.3,18.6,44.4,40.0,6.1,6.1,14.4,14.1,8.1,5.2,40.6,34.7,26.3,27.6,10.3,13.4,38.0,38.8,41.4,38.4,28.7,45.5,7.1,7.1,8.2,9.1,36.4,38.6,25.3,25.3,6.1,7.1,2.0,6.1,38.0,41.0,5.1,6.1,41.6,41.4,29.0,28.6,3.1,5.1,8.2,12.1,10.2,7.2,16.3,19.4,22.2,27.6
1772616366.1472082,12.2,11.2,21.0,15.0,47.5,24.2,3.1,4.0,14.1,12.4,6.1,5.0,33.0,32.3,23.5,21.4,11.9,10.0,52.5,43.0,37.6,41.2,33.0,29.0,6.1,4.1,10.9,8.1,31.7,30.3,36.0,31.4,26.3,3.1,3.0,5.1,39.4,41.0,3.1,2.1,40.0,41.0,23.0,23.8,4.0,3.1,6.1,9.2,6.1,8.1,27.3,25.3,22.2,19.2
1772616367.1472929,12.4,11.0,17.0,20.0,29.0,43.1,4.0,2.0,3.1,3.1,6.0,3.1,35.4,29.0,25.3,26.3,7.3,8.2,35.0,38.4,39.2,39.6,52.0,10.2,4.1,8.0,7.1,5.1,32.3,26.3,40.6,20.2,34.0,5.0,5.1,3.1,39.4,37.8,18.2,5.0,31.7,31.4,21.2,22.8,2.0,2.0,11.9,8.0,7.1,7.1,13.1,13.3,23.5,17.2
1772616368.1530445,11.1,9.1,22.2,11.1,38.0,38.2,3.0,1.0,3.0,3.0,3.1,6.1,20.8,41.0,22.0,25.0,10.0,9.1,37.6,35.3,34.0,40.2,43.6,14.9,5.0,6.9,6.0,7.0,33.7,26.7,41.2,21.8,31.0,8.0,3.0,3.0,40.2,39.6,7.1,8.1,22.5,22.8,25.7,20.0,3.1,4.0,8.1,7.1,7.0,6.0,24.0,26.7,17.8,24.0
1772616369.154025,13.3,11.1,31.0,20.2,33.7,44.0,8.9,6.0,12.2,13.3,6.1,6.9,38.0,31.0,25.3,25.3,15.2,3.1,28.0,40.0,43.1,40.0,51.0,11.0,7.1,6.1,9.0,7.0,31.3,30.0,34.0,28.0,12.1,13.1,1.0,4.0,41.4,41.7,14.1,4.0,22.0,24.8,30.0,21.8,4.0,4.0,12.9,11.1,10.1,8.2,13.0,14.1,27.0,26.5
1772616370.1544726,14.4,10.0,21.6,17.2,42.0,32.7,8.1,5.1,16.2,15.2,4.1,8.0,33.7,27.0,19.2,25.5,16.5,11.1,35.4,31.3,40.4,38.6,45.5,17.2,6.1,7.1,8.2,8.1,27.3,30.3,23.0,22.0,9.1,10.0,3.0,4.1,41.6,39.4,11.2,9.2,22.2,22.2,22.2,27.6,3.1,4.0,10.2,7.1,8.2,7.1,21.0,22.0,28.6,28.7
1772616371.1545434,10.3,9.1,15.3,17.5,32.7,43.0,5.1,1.0,5.1,1.0,4.1,4.1,29.0,32.3,25.5,28.6,2.0,13.1,35.7,36.4,39.6,37.6,33.3,14.1,4.0,6.1,11.1,22.2,30.0,31.3,21.2,24.2,10.2,5.1,3.0,3.1,41.4,39.4,10.2,9.1,22.2,21.2,25.0,26.3,3.0,6.1,9.2,8.1,6.1,7.1,15.2,15.3,22.2,17.3
1772616372.1546354,14.0,10.3,16.2,18.0,38.8,40.6,5.1,5.1,3.1,3.0,5.0,3.1,25.3,39.6,18.6,24.5,10.1,12.1,34.7,37.4,39.0,38.6,20.2,22.2,4.0,5.1,7.1,6.2,29.3,32.7,29.0,30.0,6.1,9.1,1.0,6.1,39.0,41.4,12.2,8.2,33.7,30.0,26.0,20.0,1.0,2.0,8.1,6.1,5.1,9.1,18.8,21.0,20.0,21.4
1772616373.1563945,16.3,15.0,23.5,22.7,28.6,53.5,10.2,5.1,11.1,6.1,8.2,9.2,33.0,31.3,23.5,31.3,6.1,12.2,40.0,33.0,39.6,40.6,37.6,25.0,8.1,7.1,8.1,8.0,30.3,31.6,27.0,31.7,7.1,6.1,7.1,5.0,40.0,41.6,9.2,7.1,42.0,42.6,29.0,26.3,8.0,5.1,11.2,18.8,9.2,9.2,21.4,22.0,24.2,23.2
1772616374.1564696,11.6,12.2,22.2,15.3,44.4,42.4,8.1,4.0,10.1,12.2,7.1,19.0,36.0,31.0,24.2,19.4,16.0,10.2,37.4,27.6,39.6,42.0,33.3,27.3,5.1,6.1,11.1,8.2,23.2,38.2,42.6,35.4,3.1,5.1,4.0,4.0,43.0,40.4,6.1,4.1,31.3,32.7,30.0,27.3,3.1,3.1,10.2,11.3,7.1,6.2,16.2,20.2,24.5,22.2
1772616375.1592975,13.4,8.1,16.3,20.0,39.6,31.7,3.0,2.0,12.2,14.1,5.1,4.0,23.2,30.7,25.5,25.5,7.2,2.0,34.0,31.0,35.3,35.6,24.2,20.0,5.1,3.0,5.0,8.1,23.0,25.3,43.4,38.0,5.1,3.0,1.0,3.0,40.0,41.6,6.1,2.0,31.7,31.0,22.2,33.0,3.0,2.0,7.1,9.9,6.1,7.0,20.0,21.4,18.8,24.2
1772616376.1605136,11.3,6.1,15.2,15.3,37.1,34.7,6.1,2.0,4.0,5.1,2.0,5.0,28.7,28.3,23.8,20.0,14.1,11.0,37.6,27.0,38.6,37.0,33.7,26.0,4.0,4.0,6.0,9.0,29.3,32.0,36.0,34.0,5.0,1.0,3.0,2.0,39.4,38.4,4.0,3.1,33.7,30.0,18.8,18.0,3.0,3.0,7.9,6.1,5.1,7.0,19.0,18.8,18.2,18.2
1772616377.1608968,13.1,9.1,15.3,17.0,47.5,24.0,9.0,3.0,4.0,5.1,5.1,6.0,27.3,28.7,14.4,13.1,3.1,9.1,34.0,33.3,38.0,37.3,42.0,40.4,5.0,4.0,7.1,7.0,27.0,26.0,21.0,21.2,6.1,3.0,2.0,3.1,39.0,39.0,2.1,4.0,27.0,27.0,21.2,16.3,3.0,2.0,11.1,7.1,7.9,7.2,15.0,15.3,22.2,16.0
1772616378.1609883,12.2,7.1,19.2,13.1,30.3,44.0,2.1,2.0,10.3,4.1,3.1,5.2,30.0,25.5,17.2,26.3,2.0,7.1,31.7,36.0,38.0,34.0,32.0,46.5,4.0,3.0,7.1,7.1,21.0,28.0,7.1,11.9,3.0,4.0,5.0,2.0,42.0,39.4,5.1,3.0,21.0,22.8,20.4,20.0,1.0,3.0,6.1,8.0,7.0,7.9,19.0,17.0,17.0,20.2
1772616379.1695871,12.7,9.9,17.0,20.8,42.0,27.5,4.9,3.0,10.9,6.1,5.0,5.0,27.5,33.3,33.0,24.0,11.7,16.0,33.7,39.0,36.9,41.2,27.7,20.0,4.0,5.0,5.0,9.0,29.7,27.7,26.7,22.8,4.0,4.0,2.0,3.0,40.8,39.8,3.0,2.0,30.4,33.3,26.2,17.8,4.0,4.0,6.9,9.9,6.1,5.1,21.8,21.8,22.0,19.8
1772616380.1696837,13.1,10.2,17.3,13.4,43.4,25.5,3.1,3.0,7.2,17.3,5.1,4.1,24.5,28.3,30.6,21.6,1.1,10.0,33.3,33.3,38.4,33.0,30.7,24.2,3.0,5.1,7.1,6.1,22.2,31.6,42.0,41.4,3.1,4.0,3.1,3.1,34.7,42.4,5.0,2.0,32.0,30.3,17.3,23.2,2.1,1.0,11.0,7.1,6.1,8.1,15.3,17.3,20.2,18.2
1772616381.1698525,13.5,8.0,20.2,19.0,37.4,40.6,7.0,4.2,10.2,6.0,6.1,6.1,27.3,31.0,13.1,17.3,12.1,14.4,37.0,37.0,37.0,38.2,51.5,30.7,5.1,8.0,6.1,9.1,30.3,32.0,44.1,39.6,7.0,7.1,5.2,4.0,44.9,41.0,5.1,5.1,33.0,33.0,27.0,21.0,5.1,5.0,10.2,11.2,8.2,6.2,21.8,25.3,26.8,26.0
1772616382.175078,13.9,5.1,18.0,15.0,46.9,26.7,4.0,4.0,11.0,4.0,5.0,3.0,34.7,30.7,36.6,21.2,4.0,11.1,40.0,29.0,36.6,37.6,55.9,25.7,5.9,4.0,8.0,5.1,34.7,23.0,42.6,39.6,1.0,6.0,3.0,5.9,41.2,40.0,7.0,4.0,42.2,40.8,25.3,19.8,3.0,3.0,6.1,10.0,7.0,6.1,17.8,18.6,27.5,23.8
1772616383.175924,9.3,7.0,9.2,14.0,40.4,24.0,1.0,2.0,9.2,8.2,8.2,5.1,24.0,20.2,35.1,29.3,8.2,16.0,33.3,30.3,34.7,37.6,52.5,17.2,4.0,4.1,6.1,7.1,21.2,21.0,40.0,42.6,3.0,1.0,3.0,2.0,40.4,42.4,3.1,15.3,40.0,41.0,18.0,21.2,3.0,2.1,6.1,6.1,6.1,5.1,22.0,20.2,16.5,12.1
1772616384.1782696,11.2,12.0,20.2,14.3,30.3,38.2,2.0,5.1,13.4,11.2,4.0,5.1,26.0,32.0,19.2,21.2,16.2,4.0,40.4,33.0,35.6,38.0,39.6,9.1,4.0,3.1,9.2,8.0,27.0,30.7,41.0,39.0,5.1,5.0,6.1,4.0,41.4,40.6,10.1,10.2,40.2,41.6,21.2,24.0,3.0,3.0,9.0,10.1,7.0,6.1,19.8,19.4,21.0,20.2
1772616385.1783402,12.4,7.1,13.0,15.2,38.0,39.0,2.1,1.0,3.0,3.0,5.1,4.1,26.3,29.3,11.2,15.3,11.1,9.2,39.0,32.3,41.2,35.3,41.0,21.0,1.0,7.9,5.1,8.1,27.3,20.2,38.0,44.0,3.1,0.0,2.0,3.0,37.4,39.0,4.0,3.1,41.0,41.0,19.0,24.2,2.0,2.0,8.2,7.0,5.1,5.1,15.3,19.0,23.2,11.1
1772616386.1784308,13.0,9.2,14.4,18.2,23.5,49.0,3.1,1.0,4.0,4.1,3.1,6.1,33.7,31.0,30.0,31.0,15.2,10.0,34.3,34.3,40.2,39.6,32.0,28.0,3.0,4.1,7.1,9.1,34.7,26.0,41.4,39.0,5.0,5.0,3.0,3.0,39.6,41.0,4.1,5.1,40.6,40.6,25.3,34.0,2.0,5.0,9.0,6.1,15.3,7.1,25.0,26.0,23.8,20.0
1772616387.1794307,13.4,10.0,17.2,15.3,38.1,31.7,5.0,4.0,11.2,16.0,5.1,5.0,33.0,27.3,38.8,35.1,13.1,2.1,42.0,34.0,37.0,35.6,29.0,26.7,4.9,6.0,7.1,7.0,24.8,30.0,36.0,37.0,5.1,3.0,2.0,4.0,38.0,43.0,4.0,2.0,41.2,40.6,22.0,24.2,2.0,2.1,10.2,9.1,12.0,8.0,21.0,18.2,20.2,20.6
1772616388.1818855,13.0,10.1,20.6,13.9,46.0,29.7,5.1,3.0,12.4,12.2,6.0,5.1,27.3,24.0,16.2,15.3,13.1,16.2,35.0,35.4,37.6,39.2,32.0,47.0,5.1,4.0,8.1,7.2,25.5,32.3,35.6,27.7,9.9,3.0,2.0,3.1,41.6,39.4,2.0,4.0,33.0,34.7,18.0,22.8,3.1,5.0,9.1,8.1,7.1,6.1,20.8,22.0,18.4,23.0
1772616389.182617,13.0,9.1,20.4,20.4,36.7,41.0,8.0,3.0,7.0,6.0,4.1,5.2,41.0,26.3,19.6,23.7,6.2,3.1,37.0,35.7,40.6,40.6,36.4,44.4,5.1,4.1,7.1,8.1,36.4,30.7,36.4,37.4,6.1,1.0,5.1,4.1,41.4,39.6,5.1,3.1,24.0,25.0,25.0,26.5,3.0,3.0,9.1,10.3,8.2,9.1,15.5,17.3,21.0,24.2
1772616390.18322,13.0,10.0,16.0,16.2,26.5,42.6,4.2,3.0,9.3,2.1,5.0,5.1,43.0,22.0,31.6,34.7,16.2,18.0,28.3,38.0,41.0,40.6,50.0,29.0,5.0,5.0,9.9,8.0,24.5,30.0,41.0,42.0,4.0,3.0,3.0,4.0,42.6,39.0,11.2,5.2,21.0,22.5,22.2,22.0,3.0,2.1,5.1,12.9,7.9,6.2,22.5,25.0,18.4,17.2
1772616391.1872437,12.1,8.2,18.4,18.2,37.0,39.6,5.0,2.0,12.0,10.0,5.0,5.1,30.7,34.0,29.6,33.3,9.0,3.1,36.0,32.0,37.6,40.6,33.0,24.0,5.0,2.0,9.0,8.0,22.4,39.0,6.1,33.7,6.1,3.0,2.0,3.0,38.6,41.6,22.2,8.1,22.0,22.0,23.0,25.7,0.0,5.0,7.1,8.2,6.1,7.0,15.0,15.0,18.0,22.8
1772616392.1874576,12.2,10.1,19.0,18.4,33.7,34.0,3.1,3.1,13.3,9.3,6.1,4.1,32.0,32.7,12.4,12.1,17.2,12.1,42.4,33.3,37.6,39.0,11.2,14.0,3.1,6.0,8.2,7.1,32.7,24.0,14.1,13.1,6.0,4.0,3.1,1.0,38.8,41.4,10.2,11.1,29.7,25.0,26.0,27.7,5.1,2.0,13.0,8.1,8.0,6.1,24.8,25.5,24.0,25.0
1772616393.1875286,12.2,6.1,17.3,17.2,39.8,36.6,3.1,2.0,4.1,3.1,4.1,3.0,35.4,25.3,16.0,20.0,7.1,2.0,38.0,37.4,39.0,35.0,25.0,38.8,4.0,5.0,7.1,8.1,30.6,28.3,36.0,43.0,3.1,3.1,2.0,4.0,42.0,38.4,5.1,8.1,36.6,37.0,30.3,20.0,10.2,2.0,8.1,8.0,7.2,6.1,14.1,16.0,21.4,21.2
1772616394.1878128,12.2,8.1,12.1,19.2,33.3,42.2,4.0,10.9,4.0,7.1,4.1,5.0,24.8,29.0,38.4,32.0,16.3,14.1,33.3,37.0,35.6,40.0,41.4,21.0,2.0,3.1,8.1,9.0,28.0,27.7,42.4,39.0,5.1,4.0,3.0,3.1,40.6,40.0,7.1,16.0,41.6,41.0,21.0,22.2,7.1,2.0,8.0,9.2,6.1,6.1,21.2,23.0,17.0,20.4
1772616395.190388,11.1,10.1,20.2,16.0,29.6,44.0,6.0,1.0,11.2,9.1,6.1,5.0,33.3,33.3,27.8,33.0,7.9,8.2,37.6,38.0,38.6,41.2,41.6,39.0,3.1,5.1,5.1,5.1,35.0,27.3,43.1,35.6,4.0,5.0,2.0,3.1,40.8,39.4,4.0,2.1,40.0,40.6,25.0,21.0,4.1,3.0,10.2,10.9,10.9,9.1,21.0,18.4,23.0,21.0
1772616396.1910524,14.9,10.0,21.4,24.0,44.4,30.7,4.0,4.0,11.1,11.2,3.0,4.1,31.4,35.3,10.2,8.2,16.2,11.0,37.4,38.6,39.6,38.6,42.0,40.6,4.0,5.1,8.0,8.0,31.0,25.0,46.0,36.0,3.0,5.0,3.0,4.0,37.6,42.6,1.0,3.0,25.3,25.0,26.0,27.0,5.0,2.0,9.9,10.1,5.2,7.9,14.1,14.1,17.3,25.3
1772616397.191144,13.4,7.2,21.2,16.2,34.3,43.6,4.1,3.1,3.1,7.0,6.1,5.0,37.8,30.3,21.2,15.2,11.0,3.0,25.5,41.0,37.6,40.0,41.0,40.0,4.9,4.1,10.1,4.0,41.0,27.3,44.6,37.0,3.0,5.1,3.1,1.0,38.4,37.6,4.0,4.0,22.5,21.8,24.0,22.2,5.1,4.0,10.2,7.1,7.1,6.2,24.8,23.2,22.0,25.7
1772616398.191226,13.3,7.9,12.2,13.1,31.6,38.0,7.1,3.1,3.1,2.0,4.1,2.1,28.7,25.7,33.3,39.0,7.1,20.2,36.6,23.7,34.7,33.3,30.0,48.5,3.1,5.0,7.1,9.0,24.2,21.8,39.6,40.0,3.0,4.0,2.0,3.1,40.6,40.4,3.0,3.0,23.0,22.0,15.2,23.2,2.0,2.0,9.0,8.0,6.1,6.1,14.3,13.0,17.0,17.3
1772616399.1917288,15.2,7.1,22.0,20.0,35.0,36.0,5.1,3.1,11.3,12.4,6.1,4.1,24.0,29.7,30.9,30.6,9.1,3.1,35.0,33.7,41.2,39.0,28.3,49.0,3.1,5.0,8.1,6.1,29.3,28.3,33.3,27.7,4.0,4.0,2.0,4.0,42.6,41.4,1.0,3.0,20.2,22.0,22.0,21.0,6.0,4.0,6.1,7.1,8.0,4.1,23.0,25.3,24.2,20.0
1772616400.193271,14.1,9.0,15.0,15.8,32.0,35.9,2.0,3.0,10.0,5.1,4.0,5.0,32.7,23.2,10.2,9.2,12.0,14.1,30.3,36.3,36.6,36.6,48.5,33.0,5.1,1.0,8.0,8.0,22.0,32.0,35.3,38.0,2.0,3.0,3.0,2.0,42.0,42.0,4.0,1.0,21.8,22.0,18.2,20.0,2.0,3.0,9.0,7.1,7.0,7.0,12.1,12.1,18.2,26.0
1772616401.196175,12.4,6.1,21.4,18.2,31.3,45.1,2.0,6.1,12.9,5.0,5.1,4.0,41.6,27.7,18.0,22.0,4.0,6.1,37.6,30.3,36.0,38.2,36.0,45.5,5.0,3.0,5.1,10.1,32.7,27.0,38.4,40.6,4.0,3.0,3.0,1.0,38.0,36.0,3.0,3.0,39.6,44.1,20.6,27.0,5.0,1.0,9.1,7.1,7.1,7.0,20.8,21.6,24.0,19.2
1772616402.2007704,13.0,8.9,21.6,14.3,37.8,33.0,4.0,4.0,3.1,3.0,6.0,4.0,33.3,29.3,33.7,38.4,15.0,15.2,32.7,36.0,34.7,38.0,25.3,27.3,2.1,5.1,7.0,5.0,36.0,27.0,44.6,37.4,3.0,4.0,3.0,2.0,43.6,43.6,2.0,1.0,41.6,39.6,23.5,22.0,4.0,5.0,10.1,8.9,5.1,7.1,20.0,18.0,20.0,21.0
1772616403.2033114,10.3,6.1,13.1,17.2,44.0,25.7,7.0,6.0,7.1,8.1,3.0,4.0,31.7,26.7,32.7,27.0,1.0,6.1,28.7,35.6,35.3,40.2,30.0,19.8,3.0,5.9,5.1,6.1,21.8,23.8,41.0,39.6,3.0,5.0,1.0,1.0,38.6,38.2,3.0,4.0,39.6,41.7,25.5,14.0,4.0,4.0,8.9,8.0,4.0,6.1,19.8,19.8,15.2,21.0
1772616404.2039454,13.4,8.1,17.3,14.4,37.4,37.4,4.1,7.2,16.3,13.4,6.0,6.1,31.3,27.3,13.3,16.3,12.4,16.3,31.3,40.4,36.4,37.0,43.4,21.0,4.0,5.2,4.2,8.2,25.5,31.6,39.6,38.0,4.1,3.1,5.2,4.1,40.8,41.8,18.4,5.1,41.0,41.0,24.2,24.2,5.1,2.0,8.2,9.2,5.1,7.2,21.4,17.7,19.2,19.4
1772616405.2050622,10.2,9.2,17.0,16.2,35.7,37.0,3.1,4.1,7.1,7.1,4.1,6.0,27.7,34.3,19.2,24.2,10.1,6.1,37.0,29.0,41.2,40.6,27.0,16.0,5.1,4.0,8.0,8.0,27.0,29.7,22.0,15.3,3.0,5.1,5.1,4.0,39.0,35.6,7.1,7.2,40.6,40.4,25.8,25.3,4.0,7.1,8.1,8.1,7.0,8.0,20.0,23.5,26.3,16.3
1772616406.210678,14.1,8.1,21.0,11.2,41.8,34.3,3.0,2.0,4.1,9.1,4.1,5.1,31.0,25.5,27.3,36.7,14.1,11.0,33.7,39.4,37.6,37.6,27.0,15.3,3.1,4.0,5.1,10.0,29.3,30.0,27.7,13.1,5.9,3.0,3.0,3.0,42.6,44.4,3.0,3.0,40.2,42.2,24.5,21.8,2.0,4.0,9.1,7.8,7.1,5.1,17.2,18.0,23.0,16.0
1772616407.2115803,15.8,8.9,14.1,13.0,33.0,37.0,3.0,3.0,5.2,5.1,5.0,4.0,30.7,32.0,25.5,24.2,4.0,9.2,31.3,32.7,38.2,36.6,54.5,29.7,2.0,6.0,8.9,6.1,24.8,22.0,40.0,39.0,3.0,3.0,4.0,4.0,39.0,40.8,3.0,3.1,41.2,41.6,21.0,23.0,5.0,2.0,7.9,8.1,6.1,6.1,21.8,24.2,22.0,13.1
1772616408.212568,10.3,10.3,20.4,20.2,37.4,38.6,3.1,5.1,16.0,11.2,3.1,5.2,28.6,33.0,23.2,17.3,11.3,13.3,35.0,35.7,37.0,44.0,44.0,36.0,3.1,4.1,5.1,10.1,33.7,30.7,43.0,39.0,21.0,6.0,1.0,4.1,37.4,39.4,3.1,2.1,37.0,37.0,25.0,26.0,4.0,2.1,7.2,8.2,8.1,8.1,16.3,16.2,22.2,24.5
1772616409.212647,14.1,10.0,17.2,21.2,34.3,42.4,4.1,7.1,4.2,9.1,3.1,4.1,28.3,25.3,30.0,28.6,5.1,10.0,39.0,34.7,39.0,36.3,34.0,34.0,6.0,6.1,7.0,5.1,34.0,24.2,38.0,43.6,6.1,4.1,5.1,5.1,39.0,41.6,2.0,3.1,29.7,30.3,25.3,25.3,3.0,11.0,13.0,11.9,9.1,7.1,26.3,25.3,18.2,26.0
1772616410.2192023,10.2,7.1,17.2,15.0,32.3,37.6,5.1,5.9,4.0,8.1,5.0,5.9,29.1,29.7,25.3,24.2,9.0,14.3,33.0,40.0,36.3,31.1,38.2,23.8,3.0,4.0,5.1,8.0,27.7,24.0,37.3,45.1,5.0,2.0,3.1,3.0,40.6,40.0,3.0,4.0,20.8,22.5,17.8,22.0,3.0,6.1,5.1,10.9,5.1,10.9,11.9,12.1,15.3,21.8
1772616411.222699,13.0,9.0,21.0,12.2,38.0,35.3,4.0,7.1,4.1,8.0,3.1,6.1,25.3,37.6,18.4,25.3,9.1,3.0,35.4,33.7,36.0,37.6,44.0,37.6,4.0,4.0,7.0,7.0,27.7,30.3,41.6,23.8,3.0,5.1,1.0,3.1,42.4,43.6,10.2,3.1,22.0,21.0,28.4,25.0,3.0,3.0,8.0,8.0,7.0,6.1,23.8,26.5,24.8,18.2
1772616412.2245636,12.4,9.9,21.0,18.0,40.8,36.6,4.0,3.0,9.4,11.1,4.0,5.1,27.0,36.0,24.5,20.2,15.3,9.1,35.6,38.0,40.2,36.6,51.5,29.0,10.9,4.0,8.9,6.1,27.3,33.7,41.2,29.3,2.0,6.0,2.0,4.0,39.0,41.4,20.0,7.1,22.0,21.0,26.0,23.8,3.1,3.0,6.0,8.2,7.1,5.1,15.8,18.2,22.4,19.4
1772616413.2257295,14.3,5.2,14.4,16.3,37.8,34.0,2.1,2.0,8.0,12.1,5.1,4.1,25.3,29.3,18.4,32.3,7.1,9.1,31.6,34.3,36.0,38.0,56.0,23.5,5.1,2.1,7.1,6.1,24.2,23.0,31.3,46.0,4.1,4.0,4.0,1.0,39.4,39.6,15.2,8.2,27.7,33.0,19.0,21.2,3.0,5.0,8.1,9.1,7.1,5.1,24.5,23.2,19.2,19.4
1772616414.226504,11.5,6.1,17.3,12.2,36.7,36.6,5.0,2.0,5.1,9.1,4.0,4.0,30.0,26.7,26.5,25.8,15.3,12.2,32.0,34.0,34.3,34.0,27.0,17.0,5.1,6.0,6.1,10.1,31.0,24.2,25.0,33.3,3.0,5.1,3.0,2.0,38.0,41.0,1.0,3.0,42.2,38.2,19.0,20.2,3.1,2.0,9.0,7.1,6.1,6.1,17.8,18.8,23.0,19.0
1772616415.2289608,16.0,9.3,17.0,20.0,39.0,37.3,2.0,3.1,4.1,3.1,6.0,5.9,26.3,36.4,32.3,21.4,10.9,8.1,39.0,30.6,37.6,39.2,28.0,27.3,2.0,4.0,6.1,8.1,31.3,28.3,27.0,33.7,1.0,6.0,1.0,3.0,39.6,43.4,19.0,7.0,34.3,33.7,23.2,31.0,3.0,4.0,9.1,12.9,7.1,7.1,22.0,23.8,23.2,19.0
1772616416.229287,14.0,11.0,16.7,20.4,49.0,32.7,5.0,4.0,12.2,13.1,3.1,4.1,27.0,30.3,27.3,25.5,9.2,16.3,38.4,27.3,37.6,37.0,29.0,29.7,4.0,6.0,6.1,7.1,28.0,34.0,25.0,37.6,2.0,6.1,2.0,3.1,39.4,41.4,9.2,3.1,31.4,31.3,24.0,24.0,2.0,3.1,10.1,7.1,7.0,6.1,18.2,24.0,18.0,21.6
1772616417.2326658,12.2,10.0,21.0,20.0,35.1,38.0,5.1,3.0,6.1,12.1,5.0,4.1,26.3,36.3,16.5,27.3,5.1,12.1,34.3,37.6,34.7,40.2,12.1,46.0,5.0,2.1,6.0,9.1,31.7,31.0,34.3,31.0,4.0,8.1,3.0,3.1,39.0,41.0,4.0,5.0,31.0,31.7,22.0,29.0,4.0,3.1,9.0,11.0,6.1,8.1,13.1,13.5,23.2,24.5
1772616418.2347782,17.2,12.2,23.5,18.0,26.8,47.0,6.0,2.0,10.1,5.2,5.1,6.9,29.7,37.8,20.6,25.5,14.0,11.1,37.0,36.4,38.6,41.6,26.3,35.4,3.0,5.1,7.1,8.1,33.0,35.0,27.0,31.6,5.1,3.0,2.0,5.0,39.0,41.4,3.1,4.1,24.8,27.7,26.3,23.2,3.1,4.0,9.2,9.1,7.1,7.1,26.7,32.4,25.3,20.4
1772616419.2351968,12.5,6.1,22.7,19.2,37.4,35.6,3.1,9.1,5.1,4.0,4.1,4.1,31.0,31.7,29.0,19.8,4.1,10.2,35.4,35.0,38.6,39.6,29.7,41.0,3.1,5.0,9.0,25.0,25.3,27.0,22.0,28.0,3.1,4.1,5.1,4.0,41.0,41.6,6.0,5.0,22.8,23.8,24.8,24.0,5.1,4.0,7.0,10.1,7.1,7.1,6.1,7.0,22.8,21.4
1772616420.2372296,13.4,7.9,21.0,13.3,41.4,39.0,3.1,3.1,10.4,12.1,4.0,7.1,38.6,27.3,19.6,26.5,18.2,12.1,34.0,36.0,38.6,35.0,30.3,30.0,6.0,5.1,6.1,5.1,31.0,32.3,32.3,38.2,6.0,4.0,3.1,2.0,41.0,39.0,3.0,3.1,31.3,32.7,22.2,27.0,3.1,1.0,10.1,9.0,6.1,7.0,29.0,31.3,25.0,19.8
1772616421.2373064,15.2,9.2,20.2,22.8,29.6,45.0,6.1,3.1,10.2,13.1,6.1,7.1,28.3,42.2,20.4,24.7,10.2,6.1,37.4,34.0,42.4,44.6,41.0,38.4,4.0,6.1,8.0,9.0,34.0,34.0,41.0,38.4,5.1,2.0,22.0,1.0,40.0,42.0,4.1,4.1,32.4,33.0,24.2,28.0,7.0,4.0,11.0,12.1,10.1,6.1,12.0,11.2,22.4,22.2
1772616422.2378595,13.1,9.2,14.4,17.3,34.3,44.1,3.1,6.1,10.1,2.1,5.0,6.9,29.0,30.3,27.0,27.0,12.0,19.4,33.0,39.4,39.0,36.6,12.0,51.0,6.0,5.1,7.1,7.1,29.3,25.0,24.0,22.0,5.1,5.1,3.0,2.1,38.0,40.6,4.0,1.0,34.3,31.3,26.0,17.2,4.0,4.0,8.1,9.1,5.1,9.0,22.4,23.0,16.3,28.0
1772616423.2404578,12.2,6.0,14.0,17.0,27.0,38.0,2.1,2.0,2.0,4.0,4.0,4.0,23.0,25.3,19.2,27.3,10.1,4.0,30.0,32.0,34.7,33.3,30.0,43.0,4.0,5.0,8.0,6.0,26.0,22.4,31.7,34.3,3.0,4.0,2.0,3.0,42.6,40.0,3.1,2.0,40.6,41.2,18.2,17.8,2.0,3.0,5.9,9.1,4.1,5.1,16.8,20.8,14.1,17.2
1772616424.241308,13.1,8.1,14.1,17.2,29.3,35.6,5.0,3.0,11.1,2.1,3.1,4.0,29.0,30.7,28.6,18.4,11.1,13.1,37.8,31.0,38.6,37.0,49.0,21.8,3.0,4.1,8.2,8.0,20.0,35.0,41.0,39.4,3.0,4.0,4.1,3.1,41.0,40.4,2.1,5.1,40.6,41.6,22.8,16.2,2.0,3.0,7.1,8.1,8.0,7.1,12.2,13.3,19.0,20.4
1772616425.2413943,17.0,11.1,25.5,24.5,45.9,44.0,11.0,4.1,9.3,19.4,6.1,4.1,30.0,36.4,23.0,24.5,5.1,15.2,35.3,39.0,37.6,39.6,38.0,26.3,5.2,5.1,10.9,8.2,33.0,27.0,41.6,42.0,4.1,6.1,8.2,8.0,40.8,41.0,14.1,6.1,41.6,42.0,28.3,32.0,5.1,3.1,12.4,8.2,7.1,7.2,32.0,32.0,22.2,24.0
1772616426.2440808,12.2,9.1,16.2,14.1,42.6,44.6,14.1,3.0,9.0,4.0,7.8,4.0,25.0,29.7,23.2,35.7,19.2,8.2,33.3,41.4,37.6,34.0,46.0,31.7,8.0,5.9,5.1,8.0,24.2,29.0,39.0,39.6,5.9,3.0,2.0,4.1,41.2,41.4,13.0,8.2,41.2,41.2,13.0,24.2,2.0,3.0,9.9,7.1,6.1,7.1,4.1,9.2,16.0,21.0
1772616427.2444327,11.1,9.1,17.2,16.2,35.7,34.0,35.1,1.0,7.1,3.1,7.1,5.1,32.0,29.3,19.2,24.5,5.2,5.1,34.0,37.4,38.2,39.4,45.5,35.0,4.0,3.1,8.0,8.0,26.3,25.3,41.0,39.4,4.1,3.1,3.1,2.1,42.4,39.0,4.1,7.2,41.4,42.0,20.2,25.0,2.0,6.1,9.3,11.1,5.1,9.3,35.6,33.0,19.0,23.0
1772616428.2448082,11.3,9.0,14.3,16.2,28.0,50.0,24.8,4.1,10.1,4.1,5.1,4.0,28.7,35.0,30.3,24.2,13.0,23.5,37.4,30.3,36.0,37.3,33.0,49.0,5.1,3.0,6.1,9.0,26.3,31.0,35.0,44.6,3.1,2.0,2.0,2.0,38.0,39.0,3.1,5.1,40.6,41.0,22.0,24.2,3.0,3.0,9.0,6.1,7.1,8.1,3.1,9.1,25.3,14.1
1772616429.2467186,14.3,11.2,20.2,20.4,28.3,43.1,3.1,5.0,12.1,16.8,8.0,4.0,28.0,39.6,27.8,27.0,11.1,6.1,41.6,32.3,39.6,41.0,34.3,47.5,5.0,5.0,8.1,9.0,31.7,26.0,38.6,43.6,4.0,6.0,3.0,3.0,42.4,43.0,5.0,4.0,33.7,31.7,27.7,25.0,19.0,14.1,8.1,8.1,8.1,7.0,37.3,35.3,22.0,23.0
1772616430.2483103,12.2,10.0,17.0,15.8,32.7,38.0,3.1,3.1,3.0,9.1,5.1,5.1,35.0,21.2,24.5,23.2,7.1,14.1,31.3,31.0,35.0,36.6,35.4,20.2,5.0,3.0,4.1,8.1,24.0,25.5,36.4,31.3,4.0,3.1,2.0,5.1,40.0,39.0,2.1,1.0,26.3,28.0,21.8,26.0,9.9,25.0,7.1,6.1,4.1,6.1,4.1,6.1,18.2,19.2
1772616431.2513967,10.4,7.1,19.2,12.2,33.0,39.2,4.0,2.0,4.0,5.1,3.1,4.0,22.2,36.6,17.2,15.3,9.1,9.1,37.4,30.3,36.3,36.6,14.3,12.1,4.0,5.0,6.9,7.1,25.0,27.0,30.7,32.7,12.1,3.0,3.0,4.0,40.4,40.0,2.0,4.1,22.8,22.5,19.2,20.0,4.1,22.2,8.1,10.0,9.0,7.1,23.8,23.2,18.0,18.2
1772616432.2527413,16.0,11.0,19.2,23.2,28.6,44.6,7.1,4.1,6.2,7.1,7.1,4.1,28.0,35.4,25.5,28.0,9.0,13.3,32.0,39.0,40.6,40.6,30.7,12.1,8.2,11.2,5.1,8.2,41.0,30.0,23.0,36.4,6.0,4.1,5.1,4.0,43.4,40.0,4.1,6.1,22.0,21.2,28.3,20.2,3.0,38.0,9.0,9.1,8.1,10.0,15.2,22.0,26.3,20.4
1772616433.2550383,11.5,7.1,18.0,15.2,44.4,31.3,2.0,5.0,13.5,17.3,9.1,6.1,32.3,28.0,34.3,31.6,8.2,17.0,34.0,36.4,39.0,35.3,52.0,10.9,7.0,12.0,7.0,10.0,26.7,29.6,35.0,42.0,5.2,5.1,4.0,1.0,42.2,40.2,7.1,17.2,26.3,23.8,23.8,18.0,7.0,34.0,9.2,9.1,6.1,7.1,21.0,20.4,21.0,19.0
1772616434.2555315,13.0,10.1,15.5,18.8,34.3,38.2,5.9,2.0,12.9,7.0,9.0,6.0,31.7,28.0,25.3,29.3,10.2,17.0,33.3,34.0,33.7,40.6,43.0,25.3,7.9,2.0,8.1,6.0,22.2,31.7,33.0,38.6,5.0,5.0,2.0,4.0,41.0,40.8,9.1,14.0,24.8,28.0,20.0,21.2,15.0,23.8,7.1,9.9,7.0,6.1,24.3,23.5,16.2,26.5
1772616435.2566028,12.2,12.1,23.8,22.7,34.0,40.6,4.0,4.0,2.0,3.1,7.0,4.1,30.3,35.0,14.3,12.1,3.1,11.1,38.0,38.0,39.2,40.6,41.6,23.8,4.1,2.0,5.2,8.1,33.3,32.0,23.2,32.0,3.0,5.1,3.1,2.0,41.4,40.4,7.1,10.3,31.7,31.7,29.0,25.0,1.0,43.0,11.0,7.1,6.1,9.0,11.2,11.0,21.4,25.3
1772616436.2566912,14.9,14.1,21.2,23.5,30.6,44.0,4.0,7.1,13.9,6.2,5.1,5.1,38.8,31.3,30.3,21.2,11.1,16.3,36.0,35.4,41.0,41.0,38.2,33.3,6.1,5.1,7.1,9.2,38.4,30.3,28.3,35.0,5.1,5.1,3.1,3.0,42.0,39.0,18.4,4.0,30.3,32.0,27.0,28.6,29.7,14.1,8.2,11.2,8.1,7.1,29.3,30.3,27.3,21.4
1772616437.2567809,14.4,8.2,19.2,18.0,41.8,33.7,4.0,4.0,9.2,13.3,5.1,4.0,29.7,30.0,36.7,32.3,10.2,4.0,41.4,29.3,35.6,37.6,23.0,58.4,4.0,3.1,7.1,7.1,31.0,29.0,46.5,35.0,5.1,4.0,5.0,2.0,38.4,41.0,9.1,4.1,32.7,32.4,20.0,21.8,37.0,1.0,8.0,10.0,9.0,6.1,5.1,6.1,24.2,21.2
1772616438.2568657,17.3,11.1,24.2,17.3,38.0,38.0,3.1,4.0,12.2,5.1,5.1,5.1,35.4,33.3,19.0,24.5,9.3,16.5,33.0,43.0,40.0,37.4,32.3,41.6,8.0,5.0,9.0,8.1,29.0,32.0,42.0,40.2,5.1,5.1,3.1,3.1,40.6,40.0,3.0,3.1,33.0,38.0,23.0,32.7,1.0,4.0,29.6,13.3,12.2,9.1,32.0,29.0,24.8,23.0
1772616439.257257,14.1,9.1,15.0,22.2,25.5,47.5,3.1,3.1,8.2,7.1,4.1,5.1,32.0,35.0,17.2,14.3,4.0,9.1,30.0,39.0,39.6,42.0,23.0,33.3,4.0,6.0,7.1,6.0,31.3,32.0,40.6,41.6,2.0,4.1,2.0,3.0,40.0,39.0,2.0,2.0,38.6,41.6,29.6,24.8,3.0,2.0,7.1,12.1,32.3,16.2,11.0,13.1,20.4,21.0
1772616440.2598147,14.9,8.1,15.6,17.0,28.3,48.5,4.0,2.0,5.0,8.2,4.0,3.1,28.3,33.0,37.4,24.5,12.2,16.0,38.4,35.7,36.9,38.2,19.2,19.2,2.0,3.1,6.1,5.1,30.3,28.7,25.0,41.0,6.1,3.0,4.0,3.1,39.0,41.0,3.1,3.0,30.7,32.4,42.6,27.0,1.0,5.9,6.1,10.0,6.0,5.2,28.7,21.2,21.2,21.2
1772616441.259859,11.2,8.1,24.0,21.2,41.4,38.0,5.1,3.1,5.2,23.8,3.1,7.1,41.0,29.3,32.7,32.0,8.2,7.1,38.4,34.3,39.0,39.6,36.6,21.8,4.0,8.0,8.1,8.0,33.3,32.0,22.0,38.4,4.1,4.0,3.0,3.1,41.6,39.0,4.0,2.0,30.7,31.7,29.7,27.7,2.0,3.1,15.0,9.2,6.1,7.1,19.0,19.0,23.0,23.2
1772616442.2613578,12.4,10.1,17.3,15.2,39.2,35.6,4.1,2.0,20.2,27.6,6.0,22.0,29.0,32.0,12.1,15.3,19.0,15.0,32.3,39.0,39.0,37.4,37.4,22.2,4.0,5.0,7.0,7.1,32.0,29.3,24.0,38.8,3.0,3.1,2.0,2.0,41.0,41.4,1.0,5.1,31.0,32.0,22.4,22.4,6.1,2.0,7.1,10.2,7.1,7.1,16.3,18.2,19.4,23.0
1772616443.2628562,11.3,9.1,16.7,20.4,43.0,26.7,6.0,5.1,6.1,5.1,6.1,18.0,34.0,31.3,30.6,30.3,9.1,3.1,31.7,35.4,38.0,37.6,31.3,35.0,4.1,7.0,8.2,8.1,32.0,23.2,30.0,30.6,6.1,6.1,4.1,6.1,40.0,41.6,3.1,6.2,32.4,33.0,25.0,18.2,4.1,4.0,8.1,13.9,7.0,7.1,22.8,23.5,20.8,20.4
1772616444.262952,13.1,11.1,20.4,20.2,38.5,39.4,3.1,5.1,8.1,7.1,5.1,5.1,40.0,41.0,36.7,24.0,17.2,9.2,39.8,33.3,39.6,41.0,28.0,40.6,3.1,4.1,6.1,8.2,35.6,30.7,22.4,40.0,3.1,5.1,4.0,4.1,41.4,39.0,4.1,2.1,34.3,41.0,27.0,27.3,2.0,5.1,9.1,8.2,7.1,9.1,17.3,17.2,23.2,23.2
1772616445.2641969,11.2,8.0,21.0,15.5,38.8,33.0,3.0,4.0,5.1,7.2,4.0,4.0,31.7,36.6,19.2,24.5,8.1,3.0,28.3,40.0,41.6,40.6,31.3,33.7,5.0,5.1,9.0,5.0,28.0,29.3,26.0,27.0,4.0,4.0,4.0,4.0,40.0,42.4,8.0,2.0,41.6,40.6,23.0,24.8,2.0,5.1,9.1,10.1,6.1,8.0,14.9,16.2,16.5,20.6
1772616446.267132,13.0,9.3,22.2,14.1,35.0,40.2,2.1,1.0,14.1,13.1,4.1,5.1,36.4,24.0,16.2,10.1,18.8,5.1,35.0,37.0,36.0,41.6,58.4,23.0,3.0,4.0,10.1,4.0,24.2,37.0,36.4,28.3,3.0,6.1,4.0,5.1,40.0,38.6,14.3,4.0,41.2,40.6,21.8,26.0,2.0,3.1,8.0,6.2,7.1,7.0,19.2,24.2,17.8,27.0
1772616447.2705328,11.3,11.9,15.2,19.2,40.4,34.7,5.0,3.0,7.1,12.1,7.9,4.1,33.0,28.7,29.6,32.0,7.2,5.1,37.0,30.3,40.6,36.6,25.3,19.8,6.1,4.0,7.1,9.0,29.3,29.0,37.0,42.2,11.0,8.0,2.0,5.0,41.4,42.6,10.2,10.1,41.0,41.6,22.2,25.0,5.0,3.1,9.2,10.0,8.1,9.1,19.0,17.8,15.8,22.8
1772616448.2713714,15.3,11.2,21.4,21.2,47.5,34.3,4.1,4.0,5.1,4.1,5.1,5.9,28.6,33.3,33.3,24.7,15.2,9.1,33.0,41.4,43.7,38.2,31.0,27.0,6.1,3.1,5.1,7.1,30.7,34.0,21.0,40.6,9.1,7.1,5.0,3.1,38.6,42.4,5.1,2.1,40.0,41.0,26.7,30.3,3.1,2.0,11.1,8.1,8.2,7.1,20.0,22.0,23.7,23.2
1772616449.2714715,14.1,8.0,22.2,14.3,32.3,36.6,4.0,1.0,7.1,8.1,5.0,3.1,40.0,25.7,23.2,25.0,7.1,12.2,32.7,34.0,39.6,38.6,42.2,39.0,5.0,5.0,7.1,7.9,33.7,32.0,42.0,21.2,5.1,4.0,3.0,3.0,39.0,39.6,3.0,3.0,40.2,42.2,24.0,27.0,4.0,3.0,8.1,9.1,7.0,6.1,18.0,18.2,23.0,19.8
1772616450.2718031,15.3,17.2,23.2,21.4,43.4,39.0,5.1,4.1,20.0,14.3,5.2,6.1,34.7,36.7,23.7,17.2,15.2,10.1,35.0,40.4,42.0,40.0,45.0,36.6,6.0,6.1,8.2,5.2,32.0,34.0,47.1,28.7,7.0,6.0,4.1,4.0,40.0,41.4,5.1,4.1,30.0,28.0,22.2,31.7,3.0,4.1,8.1,16.2,8.0,9.1,21.4,22.4,23.2,25.0
1772616451.2755704,13.3,17.2,20.4,14.1,36.7,39.0,8.0,1.0,8.2,7.0,5.1,6.0,29.3,41.0,35.4,32.0,9.2,8.2,39.4,35.0,38.6,38.6,39.0,40.4,5.1,3.0,8.1,10.0,29.0,27.0,44.0,38.6,4.1,4.0,4.1,4.1,42.0,38.2,3.0,3.1,20.0,21.8,23.5,24.2,4.0,3.0,8.1,9.1,6.1,7.1,20.0,21.0,25.7,19.4
1772616452.2789662,12.2,11.1,17.0,16.3,38.0,39.6,8.0,4.0,3.0,2.1,5.1,4.0,31.7,28.3,23.2,23.5,15.2,10.0,36.6,37.0,40.6,41.6,27.3,32.0,4.1,3.0,5.1,8.0,37.4,31.0,36.6,40.6,5.0,2.0,5.9,2.0,38.0,42.4,1.0,4.0,14.0,18.0,18.2,31.0,2.0,4.0,8.0,12.0,8.0,8.1,14.1,14.3,23.2,16.2
1772616453.2804823,12.1,7.0,16.2,17.0,41.0,29.0,2.0,4.0,4.1,13.0,4.0,5.1,40.6,26.7,24.7,24.2,10.1,7.1,31.6,36.0,36.3,37.6,32.7,43.6,5.9,3.1,8.0,10.0,29.3,21.2,42.0,40.0,4.0,3.1,3.1,2.0,42.4,38.0,3.0,6.1,11.1,12.1,26.0,19.0,2.0,3.1,8.0,9.1,8.1,6.1,26.0,27.2,17.3,24.0
1772616454.2824838,11.5,9.2,17.2,20.4,36.7,35.6,7.2,4.1,11.2,12.1,7.1,5.1,31.6,24.0,25.3,24.5,13.3,17.2,30.0,36.0,34.7,36.0,36.7,39.0,3.1,5.1,6.1,10.2,29.7,35.0,41.6,41.4,6.1,5.1,5.1,3.1,38.6,43.6,8.1,17.3,23.0,27.0,20.4,21.0,4.1,3.1,10.1,12.1,7.0,10.1,10.3,9.2,25.3,18.4
1772616455.282552,12.5,8.1,21.2,19.4,41.4,37.6,11.0,2.0,9.2,12.4,9.1,4.1,37.4,32.3,30.3,32.0,5.2,5.2,40.0,33.7,37.6,41.6,41.0,39.0,5.0,3.0,5.1,6.1,34.0,32.0,34.0,45.5,6.1,2.0,3.1,1.0,42.9,38.4,5.1,10.2,33.0,30.0,31.0,24.2,5.0,4.0,6.1,11.0,4.1,8.0,32.4,28.3,24.2,22.0
1772616456.2827182,12.2,9.0,15.2,15.3,33.7,39.0,3.0,3.0,6.9,3.0,7.1,7.1,32.4,29.3,18.7,20.2,14.0,13.0,32.7,31.3,38.6,41.2,33.0,47.1,4.0,5.0,8.0,6.0,25.3,27.0,37.0,38.6,5.0,1.0,4.0,1.0,39.6,40.6,11.2,11.0,33.7,37.6,25.5,18.6,2.0,5.1,9.0,11.9,7.0,6.1,5.1,7.1,23.2,19.2
1772616457.2850912,14.1,11.9,19.2,20.8,33.7,44.6,4.0,5.1,11.3,4.1,9.0,4.2,28.0,42.0,26.3,21.0,6.1,8.2,34.0,40.0,37.0,42.0,23.2,36.0,4.0,7.1,9.1,7.1,36.0,27.0,19.0,31.0,4.1,5.1,4.0,4.0,41.0,42.6,3.1,5.0,39.0,42.6,22.5,21.2,4.0,3.1,14.0,7.1,7.1,7.1,30.7,34.0,21.4,24.2
1772616458.2857466,14.3,7.2,24.2,21.4,32.0,46.1,5.1,2.1,3.1,5.1,6.1,4.0,36.4,33.3,24.2,22.7,14.1,10.2,34.0,36.4,43.1,40.0,11.2,22.0,3.1,12.9,7.1,7.1,25.0,40.4,28.0,30.3,5.1,3.1,3.0,2.0,40.6,39.8,6.1,16.5,40.6,39.6,29.6,24.2,3.1,4.1,10.1,10.0,6.3,7.1,9.1,11.2,23.2,19.2
1772616459.290148,15.0,8.0,14.3,16.0,44.0,28.7,5.0,1.0,16.2,20.2,5.0,6.1,28.3,29.0,27.3,25.3,5.1,8.1,36.4,38.0,37.6,36.6,31.4,30.0,5.0,10.1,6.1,9.1,28.3,29.0,36.0,41.6,3.1,3.0,0.0,5.0,41.8,38.6,4.0,6.1,40.6,40.6,23.8,19.0,2.0,2.0,7.1,8.2,7.1,7.1,29.0,28.0,20.0,25.0
1772616460.292932,13.1,7.1,15.3,23.0,36.7,33.0,4.0,4.0,8.1,2.0,5.1,6.0,25.3,34.0,19.4,23.2,14.1,9.3,39.0,37.6,36.0,40.6,25.0,51.5,7.1,6.1,7.1,9.0,31.7,28.0,27.0,35.6,5.9,2.1,1.0,6.1,39.2,41.0,5.0,6.1,42.2,40.0,25.0,22.0,4.0,4.1,9.2,7.1,7.0,6.2,13.1,12.0,20.0,21.4
1772616461.2989755,14.1,9.9,21.8,23.0,47.5,31.4,3.0,3.1,9.0,6.1,17.3,6.0,37.3,26.0,29.7,27.0,9.1,4.0,28.0,41.4,39.2,38.2,20.0,62.4,8.1,8.8,8.1,5.0,34.7,24.2,30.0,37.0,7.0,4.0,5.0,5.0,41.0,40.6,2.0,3.0,38.6,39.6,28.7,28.0,5.1,4.0,9.9,11.0,11.0,8.9,19.2,19.8,19.0,24.8
1772616462.299064,10.4,10.1,16.3,19.2,30.9,42.6,3.1,3.1,3.1,4.1,7.9,4.1,35.6,31.0,24.5,21.4,15.2,9.1,36.0,35.0,38.4,39.2,30.0,51.0,4.0,3.1,8.1,4.1,35.7,27.7,21.2,41.0,3.0,1.0,3.1,2.0,37.4,36.4,3.0,5.1,31.0,30.7,18.0,30.0,2.0,2.0,10.0,9.3,8.1,7.1,24.8,21.4,21.6,20.4
1772616463.299151,12.1,10.2,18.2,19.4,38.4,36.4,4.0,4.0,15.3,19.4,4.1,5.1,31.3,27.0,19.4,26.5,5.1,13.1,38.6,31.3,36.6,37.4,21.0,59.4,6.0,5.0,9.1,7.0,29.3,23.2,35.6,45.1,5.1,3.0,4.0,2.0,40.6,38.0,1.0,3.0,29.7,31.0,18.0,26.7,3.0,3.1,11.2,6.9,7.1,6.1,17.2,18.2,22.0,23.5
1772616464.3004692,15.8,11.1,20.4,18.4,36.7,34.7,7.0,2.0,5.2,9.2,6.1,3.1,35.6,36.0,32.0,26.8,12.1,11.1,36.4,38.0,41.0,36.6,13.1,61.0,5.0,7.0,7.1,8.1,31.0,34.0,40.0,41.4,6.1,14.3,3.1,3.0,42.4,44.0,3.1,4.1,32.7,33.0,26.7,32.0,5.0,3.0,9.1,10.0,10.0,7.1,22.0,20.2,23.5,18.6
1772616465.3005648,10.4,10.0,16.2,14.1,33.3,43.6,1.0,5.1,6.1,6.1,6.1,10.0,25.3,26.5,24.5,28.3,3.1,15.3,29.3,37.4,38.2,37.6,11.0,56.0,5.1,6.1,8.0,6.1,31.0,28.0,36.0,43.7,18.0,27.0,5.0,3.0,41.4,35.0,4.0,4.0,31.0,30.3,24.5,14.0,3.1,3.0,9.2,5.1,6.1,7.1,18.4,17.2,21.0,16.2
1772616466.303305,12.2,8.1,11.9,19.0,38.4,29.7,5.1,4.0,4.0,4.0,4.0,4.0,23.0,27.7,14.3,21.0,9.1,11.0,25.3,42.2,33.3,35.3,44.6,32.7,4.0,3.1,4.0,9.0,22.0,24.0,39.0,40.6,3.0,6.1,3.0,5.0,43.6,43.1,8.1,3.0,41.6,38.2,19.8,18.0,4.0,5.1,10.9,4.0,6.1,7.1,21.8,22.0,19.0,22.5
1772616467.3034017,10.2,9.1,16.5,12.4,42.0,28.7,6.1,5.1,18.4,10.1,5.1,2.1,31.0,27.6,27.6,27.3,9.3,8.2,39.0,28.6,34.0,35.6,32.0,44.9,3.1,6.0,7.1,7.0,37.0,23.0,43.0,39.4,3.0,4.1,7.1,6.1,39.0,38.4,5.2,10.1,41.0,41.6,20.4,25.5,2.1,4.0,8.2,10.1,8.0,5.2,12.4,12.2,19.4,16.5
1772616468.3034995,14.9,9.2,24.0,13.1,41.4,37.6,6.1,3.0,7.2,5.1,7.0,4.1,32.3,33.7,30.3,34.3,10.1,13.3,36.4,34.3,34.3,38.0,37.0,42.4,4.1,5.1,6.1,11.1,34.7,28.0,41.0,39.0,4.1,7.0,21.2,16.2,40.4,36.4,5.1,18.0,40.0,42.0,20.0,24.2,3.0,4.1,8.2,11.1,5.1,8.2,27.7,28.0,19.0,23.5
1772616469.304585,11.3,10.0,14.1,20.4,46.5,31.3,4.0,3.1,6.1,11.2,3.1,6.0,34.0,27.0,18.2,23.2,9.2,6.1,39.0,34.0,41.0,40.2,29.7,44.6,6.9,5.1,8.1,8.2,26.0,31.7,28.3,30.0,6.1,5.1,18.4,2.0,40.4,40.6,8.1,7.3,41.6,39.6,26.0,21.0,2.0,2.0,10.2,9.0,7.1,7.1,16.0,16.2,28.3,17.2
1772616470.3046768,9.2,2.0,1.0,6.0,10.0,18.8,3.0,0.0,17.7,12.1,3.0,2.0,4.0,8.0,25.8,18.4,18.8,11.1,7.0,8.0,10.9,9.0,23.0,36.0,0.0,1.0,5.0,5.0,4.0,3.0,37.6,16.3,1.0,2.0,4.0,1.0,24.8,42.4,2.0,2.0,26.5,26.7,4.0,4.0,1.0,3.0,1.0,1.0,2.0,3.0,22.2,24.5,1.0,3.0
1772616471.3047633,5.2,0.0,0.0,0.0,0.0,0.0,0.0,2.0,4.0,2.0,1.0,1.0,0.0,0.0,28.7,31.3,0.0,0.0,0.0,0.0,0.0,0.0,27.0,53.0,0.0,0.0,0.0,0.0,0.0,0.0,28.7,32.7,1.0,0.0,3.0,1.0,20.0,40.4,13.3,19.2,12.0,14.0,0.0,0.0,1.0,0.0,2.0,1.0,0.0,2.0,8.9,1.0,1.0,0.0
1772616472.3048594,5.1,0.0,0.0,0.0,0.0,0.0,0.0,0.0,0.0,0.0,0.0,0.0,0.0,0.0,16.2,16.2,0.0,0.0,0.0,1.0,0.0,0.0,20.0,60.4,1.0,0.0,0.0,0.0,0.0,0.0,37.0,23.8,0.0,0.0,0.0,3.0,29.7,31.0,16.0,14.3,10.0,11.0,2.0,1.0,0.0,0.0,0.0,0.0,0.0,0.0,0.0,0.0,0.0,0.0
1772616473.304939,0.0,0.0,0.0,0.0,0.0,0.0,0.0,0.0,0.0,0.0,0.0,0.0,0.0,0.0,0.0,0.0,0.0,0.0,0.0,0.0,0.0,0.0,16.8,61.8,0.0,0.0,0.0,0.0,0.0,0.0,33.3,27.7,0.0,0.0,0.0,0.0,31.7,29.7,0.0,0.0,10.0,10.0,0.0,0.0,0.0,0.0,0.0,0.0,0.0,0.0,0.0,0.0,0.0,0.0
1772616474.3050191,0.0,1.0,0.0,0.0,0.0,0.0,0.0,0.0,0.0,0.0,0.0,0.0,0.0,0.0,0.0,0.0,0.0,0.0,0.0,0.0,0.0,0.0,0.0,60.0,0.0,0.0,0.0,0.0,0.0,0.0,20.8,40.0,0.0,0.0,0.0,0.0,30.7,29.3,0.0,0.0,10.0,10.1,0.0,0.0,0.0,1.0,0.0,0.0,0.0,0.0,0.0,0.0,0.0,0.0
1772616475.3051002,1.0,0.0,0.0,0.0,0.0,0.0,0.0,0.0,0.0,0.0,0.0,0.0,0.0,0.0,0.0,0.0,0.0,0.0,0.0,0.0,0.0,0.0,12.1,43.4,0.0,0.0,0.0,0.0,0.0,0.0,15.0,40.2,0.0,0.0,0.0,0.0,40.0,20.8,0.0,0.0,10.0,10.0,0.0,0.0,0.0,0.0,0.0,0.0,0.0,0.0,0.0,0.0,0.0,0.0
1772616476.305179,0.0,0.0,0.0,0.0,0.0,0.0,0.0,0.0,0.0,0.0,0.0,0.0,0.0,0.0,0.0,0.0,0.0,0.0,0.0,0.0,0.0,0.0,4.0,16.0,0.0,0.0,0.0,0.0,0.0,0.0,4.0,25.0,0.0,0.0,0.0,0.0,40.0,20.0,0.0,0.0,10.0,10.9,0.0,0.0,0.0,0.0,0.0,0.0,0.0,0.0,0.0,0.0,0.0,0.0
1772616477.3052585,0.0,0.0,0.0,0.0,0.0,0.0,0.0,1.0,0.0,0.0,0.0,0.0,2.0,0.0,0.0,0.0,0.0,0.0,0.0,0.0,0.0,0.0,4.0,6.0,0.0,0.0,1.0,0.0,0.0,0.0,2.0,19.0,0.0,0.0,0.0,0.0,23.2,20.8,0.0,0.0,10.0,10.9,0.0,0.0,0.0,0.0,0.0,0.0,0.0,0.0,0.0,0.0,0.0,0.0
1772616478.3053381,1.0,0.0,0.0,0.0,0.0,0.0,0.0,0.0,0.0,1.0,0.0,0.0,0.0,0.0,0.0,0.0,0.0,1.0,0.0,0.0,0.0,0.0,0.0,0.0,0.0,0.0,0.0,0.0,0.0,0.0,8.1,7.0,0.0,0.0,0.0,0.0,20.0,0.0,0.0,0.0,10.1,9.1,0.0,0.0,0.0,0.0,0.0,0.0,0.0,0.0,0.0,0.0,0.0,0.0
1772616479.305405,0.0,0.0,0.0,0.0,0.0,0.0,0.0,0.0,0.0,0.0,0.0,0.0,0.0,0.0,0.0,1.0,0.0,0.0,0.0,0.0,0.0,0.0,0.0,0.0,0.0,0.0,0.0,0.0,0.0,0.0,0.0,0.0,0.0,1.0,0.0,0.0,20.0,0.0,0.0,0.0,10.9,10.0,0.0,0.0,0.0,0.0,0.0,0.0,0.0,0.0,0.0,0.0,0.0,0.0
1772616480.3054855,0.0,0.0,0.0,0.0,0.0,0.0,0.0,0.0,0.0,0.0,0.0,0.0,0.0,0.0,0.0,0.0,0.0,0.0,0.0,0.0,0.0,0.0,0.0,0.0,0.0,0.0,0.0,0.0,0.0,0.0,0.0,0.0,0.0,0.0,0.0,0.0,20.0,0.0,0.0,0.0,10.0,10.0,0.0,0.0,0.0,0.0,0.0,0.0,0.0,0.0,0.0,0.0,0.0,0.0
1772616481.3055604,0.0,0.0,0.0,0.0,0.0,0.0,0.0,0.0,0.0,0.0,0.0,0.0,0.0,0.0,0.0,0.0,0.0,0.0,0.0,0.0,0.0,0.0,0.0,0.0,0.0,0.0,0.0,0.0,0.0,0.0,0.0,0.0,0.0,0.0,0.0,0.0,9.0,11.0,0.0,0.0,10.0,10.9,0.0,0.0,0.0,0.0,0.0,0.0,0.0,0.0,0.0,0.0,0.0,0.0
1772616482.3057067,9.3,2.0,3.0,2.0,2.0,1.0,1.0,2.0,2.0,2.0,2.0,1.0,2.0,1.0,3.0,1.0,2.0,2.0,1.0,1.0,2.0,1.0,2.0,1.0,1.0,3.0,2.0,1.0,1.0,3.0,0.0,3.0,1.0,1.0,3.0,2.0,1.0,23.0,11.0,4.0,12.0,12.0,4.0,0.0,3.0,2.0,1.0,2.0,0.0,1.0,2.0,2.0,5.0,2.0
1772616483.3058052,5.3,2.0,5.9,3.0,3.0,5.0,3.0,2.0,3.0,4.0,4.0,4.0,3.0,15.0,2.0,2.0,2.0,4.0,2.0,3.0,2.0,4.0,3.0,3.0,27.0,5.0,4.0,4.0,3.0,3.1,3.0,4.0,5.0,4.0,4.0,3.9,13.0,9.1,6.9,2.0,7.1,7.0,6.9,13.0,3.0,4.0,2.0,3.0,2.0,2.0,3.0,5.0,3.0,2.0
1772616484.3059042,4.2,2.0,4.0,1.0,3.0,19.2,3.0,4.0,2.0,11.0,5.0,3.0,2.0,5.0,2.0,2.0,2.0,3.0,13.0,2.0,2.0,2.0,3.0,2.0,1.0,4.0,3.0,1.0,7.1,2.0,15.8,10.2,2.0,2.0,4.0,2.0,22.0,3.0,5.0,3.0,2.0,3.0,5.0,1.0,1.0,3.0,2.0,2.0,2.0,2.0,2.0,3.0,4.0,2.0
1772616485.3059886,2.1,2.0,3.0,2.0,3.0,3.0,2.0,2.0,2.0,3.0,2.0,3.0,2.0,3.0,3.0,5.1,2.0,2.0,3.0,1.0,2.0,2.0,2.0,3.0,3.0,6.0,2.0,1.0,5.0,3.0,7.1,3.0,3.0,3.0,22.0,6.0,12.0,3.0,3.0,2.0,3.0,2.0,1.0,3.0,2.0,2.0,2.0,2.0,3.0,3.0,3.0,3.0,3.0,2.0
