timestamp,CPU_0(group_0),CPU_64(group_0),CPU_2(group_0),CPU_66(group_0),CPU_4(group_0),CPU_68(group_0),CPU_6(group_0),CPU_70(group_0),CPU_8(group_0),CPU_72(group_0),CPU_10(group_0),CPU_74(group_0),CPU_12(group_0),CPU_76(group_0),CPU_14(group_0),CPU_78(group_0),CPU_16(group_0),CPU_80(group_0),CPU_18(group_0),CPU_82(group_0),CPU_20(group_0),CPU_84(group_0),CPU_22(group_0),CPU_86(group_0),CPU_24(group_0),CPU_88(group_0),CPU_26(group_0),CPU_90(group_0),CPU_28(group_0),CPU_92(group_0),CPU_30(group_0),CPU_94(group_0),CPU_32(group_0),CPU_96(group_0),CPU_34(group_0),CPU_98(group_0),CPU_36(group_0),CPU_100(group_0),CPU_38(group_0),CPU_102(group_0),CPU_40(group_0),CPU_104(group_0),CPU_42(group_0),CPU_106(group_0),CPU_44(group_0),CPU_108(group_0),CPU_46(group_0),CPU_110(group_0),CPU_48(group_0),CPU_112(group_0),CPU_50(group_0),CPU_114(group_0),CPU_52(group_0),CPU_116(group_0)
1772524565.9455366,0.0,100.0,0.0,0.0,0.0,0.0,0.0,0.0,0.0,0.0,0.0,0.0,0.0,0.0,0.0,0.0,100.0,100.0,0.0,0.0,0.0,100.0,0.0,0.0,100.0,0.0,0.0,0.0,0.0,0.0,0.0,0.0,100.0,0.0,0.0,100.0,0.0,0.0,0.0,0.0,0.0,0.0,0.0,0.0,0.0,0.0,0.0,0.0,0.0,0.0,0.0,0.0,0.0,0.0
1772524566.9459627,43.9,40.2,39.4,42.3,29.5,34.0,23.2,21.6,22.7,25.0,38.1,27.1,33.3,34.7,28.1,34.0,33.3,30.9,43.0,37.8,34.7,45.4,51.0,56.1,38.1,41.0,56.6,59.4,23.2,22.7,56.6,67.0,36.5,29.9,38.9,23.2,39.8,38.4,64.9,65.0,37.0,41.0,30.3,31.6,53.1,51.5,49.0,42.4,24.0,30.3,51.5,49.5,53.1,48.0
1772524567.9467993,37.0,39.0,26.5,29.6,31.4,20.2,17.3,15.6,27.0,15.3,18.0,22.0,27.0,36.0,39.4,44.0,17.3,26.3,41.4,35.7,40.0,31.3,63.6,56.4,28.6,27.6,36.5,39.4,28.3,18.2,39.8,52.0,22.2,29.0,40.6,27.0,25.0,27.8,49.0,54.5,38.4,40.6,35.0,17.3,62.4,55.1,23.5,29.9,28.3,29.3,48.0,50.5,45.5,37.6
1772524568.9474585,29.8,31.2,28.1,34.7,40.2,18.6,20.6,30.6,22.9,27.6,23.2,22.9,24.5,24.7,43.0,34.7,27.6,32.7,38.4,42.3,44.9,38.4,37.1,46.5,40.4,38.8,59.0,56.8,21.6,25.8,35.0,44.9,33.7,30.6,36.5,24.5,23.5,24.0,43.9,46.0,37.8,35.1,27.6,39.6,46.9,58.6,40.2,38.8,26.3,25.8,55.0,52.5,64.6,52.6
1772524569.9475284,30.6,27.3,26.3,16.3,21.6,26.5,16.2,16.3,19.6,23.5,31.0,19.4,21.4,24.0,28.3,33.0,33.7,23.5,43.9,36.4,35.4,33.0,32.7,32.3,37.4,32.7,48.5,51.0,25.8,25.3,25.3,41.0,38.0,32.0,33.0,22.4,24.2,31.0,42.6,38.8,32.7,27.8,29.6,29.0,48.0,51.0,46.5,44.9,24.5,28.9,40.0,40.4,41.4,40.4
1772524570.9482057,31.2,36.5,29.6,29.6,28.0,44.4,28.3,23.5,29.7,23.5,25.5,34.3,29.6,35.7,26.8,31.6,42.3,42.4,54.5,54.0,37.8,40.4,35.7,38.4,58.6,44.9,41.4,39.4,30.6,30.6,51.0,48.0,38.8,36.4,42.9,29.6,27.6,32.3,54.5,50.5,32.7,33.3,23.7,30.3,58.6,57.1,60.8,56.0,28.9,34.3,49.5,39.8,38.8,41.4
1772524571.951927,36.7,34.3,20.8,22.2,28.9,29.3,26.0,24.7,17.3,17.3,19.4,22.2,30.3,17.2,15.2,24.5,17.0,27.0,37.6,42.0,43.4,42.4,41.4,33.3,41.6,34.3,36.4,39.0,24.0,25.0,27.3,38.0,31.0,34.0,36.3,27.3,20.2,34.0,40.0,37.4,20.4,26.0,17.2,24.2,52.0,58.4,34.0,32.7,27.3,25.0,45.0,37.6,43.1,37.6
1772524572.9558022,23.7,21.4,26.5,11.1,36.0,29.3,10.2,21.0,23.5,10.9,18.4,14.1,21.2,18.2,7.1,26.3,15.3,14.9,39.4,39.4,24.0,23.0,25.3,40.0,30.3,32.3,35.0,27.3,20.0,19.2,46.5,26.5,30.0,25.0,25.5,9.1,18.2,17.0,36.4,32.7,24.2,11.0,18.2,20.2,54.0,49.5,19.4,25.0,26.0,14.3,32.0,31.3,30.3,30.6
1772524573.9584062,8.2,16.8,10.2,5.1,9.2,18.8,12.9,4.0,7.1,4.1,21.8,16.0,15.0,20.8,3.0,16.0,17.8,6.1,31.0,36.4,21.0,10.1,21.2,29.3,25.0,27.3,25.0,28.0,15.0,20.8,39.6,36.6,27.0,21.8,18.2,14.9,13.1,12.1,31.7,29.3,23.2,17.0,18.0,15.3,37.4,48.0,19.2,36.4,14.0,4.0,26.0,29.3,20.4,32.7
1772524574.9584816,25.5,22.7,17.0,12.0,11.1,23.5,8.2,8.2,5.1,9.2,13.1,13.3,19.6,20.6,13.1,12.2,18.4,11.2,32.7,43.0,23.0,24.0,14.4,34.0,32.3,31.3,27.0,35.4,21.6,26.8,32.0,38.6,31.7,33.0,22.4,5.1,10.2,14.1,42.4,40.0,39.0,18.6,24.5,10.1,28.3,45.5,49.5,51.0,17.3,14.3,41.4,40.0,27.3,43.0
1772524575.95856,26.8,24.5,9.2,5.1,5.2,21.0,6.1,5.0,4.1,10.1,7.1,10.1,22.2,20.0,18.4,4.0,14.1,11.1,39.0,39.4,29.0,18.4,13.3,31.0,24.2,28.0,27.6,29.3,26.3,19.0,29.0,36.0,27.5,36.0,22.0,5.1,12.0,12.1,34.7,31.6,24.2,24.8,17.2,7.0,38.4,37.4,37.4,34.7,15.2,4.1,34.0,29.3,32.0,31.0
1772524576.959573,14.3,16.0,10.1,10.1,6.1,22.0,4.0,5.1,5.1,8.2,6.1,7.1,25.3,21.0,20.8,3.0,9.1,14.9,31.3,29.0,6.1,22.8,18.8,23.0,17.0,20.8,24.8,25.3,14.0,12.9,35.6,26.0,26.0,24.2,21.0,4.0,11.0,11.0,35.0,38.6,6.1,27.3,24.0,21.2,33.3,34.7,15.0,18.2,12.9,4.0,23.0,32.7,27.7,25.3
1772524577.9596562,15.3,12.2,7.1,4.1,4.1,24.0,9.0,4.0,6.1,2.0,2.1,10.1,12.9,22.4,15.0,7.1,12.1,8.2,31.3,31.3,8.2,16.5,16.2,24.0,19.2,25.3,21.2,25.7,12.1,12.1,33.3,30.7,21.8,28.0,20.4,8.1,11.1,9.2,31.3,35.7,7.0,22.8,33.7,19.0,41.6,22.4,19.2,15.5,3.0,14.3,33.0,32.7,25.5,23.8
1772524578.9633305,16.2,20.2,7.0,5.0,13.0,17.0,7.0,4.0,21.4,6.0,4.0,9.9,11.1,15.5,3.1,17.0,17.0,4.0,29.4,30.0,13.9,29.4,30.0,20.0,29.0,30.0,29.0,28.3,14.0,12.0,27.0,28.0,23.2,20.8,12.1,15.0,10.9,12.0,33.3,33.0,6.1,18.0,11.2,15.7,35.9,34.3,41.0,39.6,1.0,14.0,17.2,31.7,35.6,29.6
1772524579.9659584,17.3,15.0,11.2,11.0,14.4,12.1,4.0,7.0,32.7,7.0,4.0,8.1,23.5,17.3,4.0,19.2,18.0,6.1,32.3,31.3,26.0,17.3,13.1,22.2,23.5,29.9,26.3,22.8,14.0,12.9,36.6,35.0,24.8,26.0,15.2,9.1,15.2,10.1,34.7,33.7,6.1,21.0,18.0,5.1,40.0,28.3,38.4,32.7,10.9,9.1,30.7,35.6,26.3,31.4
1772524580.9660363,16.2,20.4,9.0,5.1,21.2,13.0,2.1,6.1,12.1,5.2,2.1,7.1,15.8,15.2,2.0,18.2,12.1,8.2,34.3,27.3,11.9,25.0,27.6,17.0,20.0,21.0,25.5,32.0,15.0,12.1,30.6,29.0,27.0,23.2,13.1,10.3,12.0,13.3,34.3,27.3,7.0,18.8,25.7,11.2,39.0,25.3,23.2,16.2,16.0,4.1,31.0,30.3,33.3,25.3
1772524581.9672346,17.2,12.1,9.2,11.0,15.2,10.1,5.0,5.1,5.1,4.0,9.1,12.1,17.3,24.2,3.1,19.0,18.0,6.1,32.7,32.0,3.1,23.2,16.0,26.3,20.8,26.7,25.0,25.5,13.0,13.0,26.5,40.2,26.0,25.7,15.2,11.0,12.0,11.9,39.6,37.6,11.1,16.0,30.3,27.0,28.7,30.0,26.0,19.2,12.1,5.1,28.0,31.7,31.4,28.0
1772524582.9691026,16.0,17.8,7.1,7.1,10.9,20.0,9.1,7.1,3.1,5.1,6.1,7.1,11.2,18.2,2.0,18.8,18.0,10.0,31.7,27.0,10.1,27.5,25.0,26.0,24.2,32.3,28.0,30.7,14.0,12.0,21.2,36.0,23.8,25.7,27.0,4.0,9.1,12.9,31.7,33.0,17.8,6.0,10.0,38.0,22.0,27.0,33.7,37.0,9.1,8.0,35.6,36.0,26.3,36.4
1772524583.97331,12.4,11.1,10.1,10.9,3.1,10.1,1.0,4.0,22.8,5.1,7.0,3.0,23.5,12.2,7.0,15.0,5.0,13.0,20.2,23.0,23.8,24.0,20.8,8.1,22.0,24.2,29.7,17.3,12.0,13.7,25.7,23.0,20.8,25.5,3.0,3.0,10.0,9.1,35.7,35.4,17.0,4.1,15.2,11.0,23.2,23.5,33.7,34.3,9.1,7.1,23.2,24.2,21.0,29.7
1772524584.9769378,17.2,13.1,5.1,4.0,5.9,5.1,4.0,6.1,29.7,5.0,4.0,8.2,11.3,19.0,18.2,1.0,4.1,20.2,17.2,23.2,9.1,24.0,13.3,15.0,22.0,17.2,17.2,24.0,13.9,10.1,23.0,30.4,18.0,20.0,8.1,4.0,11.2,11.0,35.6,34.3,21.8,5.1,19.0,12.1,29.7,19.2,25.0,22.4,13.0,6.0,38.6,29.3,18.4,31.3
1772524585.9784832,16.2,17.0,15.2,10.9,10.2,13.0,4.1,3.0,7.1,3.0,7.0,4.0,20.0,19.8,17.0,2.0,6.1,15.2,19.2,19.8,6.0,23.2,11.2,13.1,15.2,21.2,10.1,14.1,3.0,7.0,17.8,25.0,13.0,20.2,9.0,16.0,10.1,11.1,38.0,30.0,19.0,7.1,17.0,32.0,22.2,25.0,19.4,15.8,6.1,14.1,23.0,33.0,25.0,36.4
1772524586.9785557,14.1,15.8,5.2,4.1,22.2,3.0,6.0,12.0,3.1,3.0,4.1,8.2,11.9,17.0,21.8,5.0,9.1,15.2,23.0,22.2,19.2,14.9,30.7,15.2,28.7,32.7,12.1,8.0,3.0,6.0,34.0,28.3,13.0,19.8,21.2,12.0,10.0,12.0,34.0,39.0,23.2,20.2,14.0,6.1,28.0,25.3,19.8,28.6,12.1,15.7,19.4,15.0,20.0,29.4
1772524587.9796214,19.2,17.2,9.1,8.1,23.2,20.2,4.1,4.0,6.1,4.0,10.2,4.0,18.4,14.3,21.2,2.0,6.1,18.8,23.0,24.0,23.2,21.4,38.6,22.8,26.3,29.6,25.0,18.8,3.1,4.1,39.6,31.4,16.0,19.8,20.2,3.0,13.0,9.1,36.4,39.6,18.8,13.1,6.0,22.0,37.0,22.8,46.9,35.6,9.0,13.1,23.0,28.7,32.0,30.3
1772524588.9797914,13.7,12.2,8.2,8.0,23.8,24.5,3.1,5.1,3.0,5.1,11.0,1.0,20.0,12.0,18.0,1.0,8.2,13.1,28.9,34.3,24.2,15.2,13.3,26.3,17.2,20.4,25.0,23.7,4.1,4.0,23.0,32.7,21.2,18.0,21.2,2.1,12.1,10.1,39.0,31.0,5.1,20.2,5.1,16.3,46.0,22.2,30.3,29.6,2.0,12.2,33.7,25.3,21.4,36.0
1772524589.9944792,14.1,16.0,7.1,7.8,17.0,23.3,5.9,17.2,6.0,4.0,8.0,5.0,17.6,16.0,12.1,9.9,4.9,16.2,31.1,30.7,10.9,17.8,16.7,20.8,18.0,23.8,24.5,28.7,10.9,9.0,37.3,31.1,29.7,22.8,20.6,4.0,9.9,9.0,35.6,32.7,9.8,22.3,3.0,18.4,42.7,26.7,19.0,19.6,6.9,12.9,31.7,20.8,35.0,24.8
1772524590.9952714,16.5,17.0,12.2,9.0,12.1,21.2,4.1,19.0,8.0,3.1,10.1,4.1,16.5,16.0,3.0,18.0,12.1,14.1,28.3,29.3,10.0,26.7,26.5,19.0,30.3,28.7,26.3,28.3,12.1,14.1,38.0,32.0,25.0,22.2,17.3,14.1,12.0,12.2,37.0,32.3,17.3,10.9,8.1,15.2,30.3,38.0,23.0,22.4,6.2,12.1,37.6,33.3,29.0,26.7
1772524591.9987545,20.2,17.3,12.0,11.1,19.0,11.1,5.1,15.2,5.1,7.1,4.0,8.1,14.1,24.5,11.1,13.0,7.1,17.8,34.3,30.0,26.3,21.0,20.4,23.8,27.7,30.6,26.0,29.3,13.1,14.1,26.0,33.3,24.8,30.0,16.8,8.2,13.3,14.0,35.4,40.4,25.5,4.1,13.1,17.2,35.6,38.0,42.3,44.0,14.0,9.0,33.0,31.7,25.0,37.4
1772524592.9997141,16.2,12.4,10.8,6.1,16.0,13.1,4.0,30.3,8.1,5.0,4.0,7.1,16.2,16.8,13.3,4.0,16.3,8.2,28.3,32.3,27.5,15.2,21.0,32.0,21.0,21.8,25.3,25.3,12.9,14.9,45.0,31.7,28.4,26.5,12.2,10.2,13.0,10.2,31.0,41.6,18.2,6.1,15.3,6.0,41.4,29.7,26.0,32.3,3.0,19.8,32.7,26.5,34.0,27.0
1772524594.0023117,17.3,18.0,13.1,8.1,15.3,15.0,3.1,10.0,4.0,6.1,8.1,6.1,18.6,17.3,9.9,13.1,6.1,16.0,32.0,32.7,4.1,19.2,21.2,16.2,23.2,20.2,11.2,23.8,17.2,21.8,30.0,21.0,26.3,20.2,10.1,14.7,10.0,12.0,40.0,33.0,6.1,20.0,16.8,9.0,38.2,33.3,20.2,16.2,3.0,15.2,33.0,34.0,29.0,32.0
1772524595.0042365,26.8,24.5,20.2,8.0,9.3,17.2,7.0,8.2,6.1,5.1,3.0,12.1,19.4,14.9,22.2,3.0,20.2,6.1,42.0,34.3,12.1,30.7,24.0,19.2,30.0,26.5,18.2,12.1,25.0,17.3,36.6,37.0,30.0,22.5,6.0,25.3,10.1,13.0,33.0,38.4,6.0,22.8,15.0,9.0,34.7,29.0,39.6,17.3,10.8,11.1,29.3,29.0,26.0,27.3
1772524596.0043075,20.2,10.1,16.2,13.1,3.1,10.2,4.1,6.1,1.0,6.2,12.1,2.0,29.0,17.3,9.9,13.0,6.0,16.5,38.8,40.4,28.3,14.3,25.3,21.2,30.6,30.0,17.2,17.3,24.5,17.3,23.2,36.0,28.4,22.0,2.0,5.1,10.2,11.1,36.0,34.7,11.1,16.2,14.1,12.1,27.7,24.2,44.9,37.4,11.1,9.1,29.7,35.0,33.3,29.3
1772524597.0049415,16.5,15.0,10.0,3.0,7.0,4.0,6.1,3.1,7.0,3.0,4.1,8.0,16.5,10.0,17.3,2.0,8.1,16.2,37.0,39.0,26.3,9.2,17.3,6.1,16.2,22.2,14.1,16.2,16.5,12.9,28.4,26.0,25.3,22.0,5.1,14.1,10.1,11.0,31.3,38.0,20.0,8.0,7.2,18.2,33.0,20.2,28.0,29.0,18.4,6.0,35.0,31.0,22.2,35.6
1772524598.0059745,20.0,8.1,18.6,13.3,5.2,18.0,7.0,3.0,8.1,3.0,8.1,8.1,18.8,19.2,21.0,2.0,10.1,12.0,33.7,32.3,21.2,5.1,10.1,20.0,27.5,17.2,18.0,21.4,12.1,13.3,15.2,26.0,24.0,28.0,3.0,22.0,14.0,12.0,32.0,39.4,22.0,6.1,10.1,14.1,34.0,18.4,12.4,19.0,16.8,5.1,29.0,23.2,27.7,26.5
1772524599.006472,14.4,19.2,6.1,4.0,5.1,22.2,3.1,3.0,8.1,4.0,5.1,3.0,13.1,15.0,14.1,2.0,16.2,6.0,31.0,29.4,18.0,17.0,13.1,27.3,24.2,28.0,19.0,28.7,13.0,14.7,20.0,41.6,23.8,24.8,11.1,20.6,12.1,9.1,36.0,30.0,20.0,3.0,16.2,4.0,37.3,23.0,19.8,23.2,7.1,13.0,33.7,28.3,33.0,28.0
1772524600.0083075,14.1,19.0,11.2,10.2,7.1,23.8,13.1,7.0,7.2,9.1,6.1,13.0,24.0,18.4,15.0,9.1,12.0,14.1,34.3,32.3,23.0,24.2,27.3,18.0,32.3,29.6,17.0,14.4,14.1,12.1,36.4,33.0,29.0,29.0,3.1,21.8,13.1,10.1,42.4,34.3,22.0,6.1,19.0,7.0,44.0,29.0,42.9,31.6,9.0,13.3,33.7,24.2,31.3,25.5
1772524601.0100756,17.5,19.0,8.2,6.0,4.1,22.0,6.1,4.0,8.9,3.1,3.1,8.1,14.1,17.2,2.0,17.2,6.1,16.2,26.0,32.3,26.5,14.3,22.0,25.0,21.2,21.0,25.5,34.7,12.1,14.0,34.7,31.0,30.7,21.8,3.0,22.2,10.1,15.0,33.7,34.0,10.1,15.2,10.1,9.2,41.0,23.2,33.3,38.4,2.0,12.0,29.0,26.0,29.7,34.3
1772524602.0113602,23.5,14.3,15.8,14.0,9.1,22.0,4.0,7.9,4.1,6.1,11.1,6.1,18.4,24.0,9.1,21.0,15.8,10.1,36.0,34.0,21.8,15.2,20.2,20.2,21.8,28.3,16.3,22.2,12.0,13.1,39.0,22.8,26.7,26.7,10.1,13.3,11.1,10.1,36.0,43.6,7.0,24.8,16.8,10.0,30.0,32.0,28.3,22.0,4.0,18.2,35.4,39.0,37.0,27.6
1772524603.0137854,19.0,17.2,9.0,6.1,15.0,14.1,13.0,5.1,2.0,7.1,9.1,10.1,18.8,8.2,2.0,22.5,11.1,10.0,29.0,29.7,26.0,24.8,25.0,19.2,26.5,32.7,10.0,25.7,12.9,13.0,41.6,25.0,28.0,26.3,8.0,25.0,10.0,10.1,36.0,35.0,16.0,8.0,16.3,12.1,25.3,16.2,19.0,27.0,7.0,18.2,23.2,29.3,35.0,31.7
1772524604.0138636,19.0,14.1,11.2,8.1,4.1,21.8,9.1,2.1,3.1,7.0,10.2,9.0,22.0,18.0,14.0,4.1,17.3,5.0,17.2,25.0,33.0,20.2,11.1,24.2,25.0,23.2,22.0,26.3,14.0,11.0,32.3,25.3,23.0,23.8,6.1,17.0,14.3,9.0,33.3,32.7,16.0,23.8,18.0,10.2,24.5,8.1,41.4,38.0,11.2,7.2,30.7,33.7,22.8,31.3
1772524605.015236,16.7,13.0,8.9,7.0,11.2,16.0,4.1,2.0,7.0,3.0,5.1,6.1,16.2,14.0,19.2,3.0,12.7,13.0,26.7,16.2,13.9,24.0,20.0,7.0,21.0,18.2,26.0,31.3,15.0,12.9,30.4,32.7,27.5,25.0,12.1,10.1,11.9,10.1,37.0,25.7,15.3,8.1,30.3,12.0,18.2,29.7,30.0,37.8,11.8,7.9,31.0,33.0,31.0,30.7
1772524606.0162702,16.2,14.1,11.1,12.0,15.2,11.3,7.0,2.1,8.1,2.0,4.0,8.2,19.0,19.0,20.0,2.0,11.2,11.2,21.4,26.0,4.1,21.2,8.1,9.2,25.5,28.7,25.0,26.0,14.1,12.1,24.0,41.6,15.3,19.2,13.1,12.1,12.1,11.0,38.8,33.3,7.9,23.0,39.0,23.0,31.3,34.7,21.2,26.0,14.3,2.1,28.6,30.0,30.6,25.0
1772524607.0201538,18.6,15.3,14.9,7.1,17.0,9.1,9.3,4.0,4.0,6.1,3.0,12.1,12.4,19.0,19.2,2.0,16.2,10.1,23.8,29.0,17.2,27.7,12.0,14.0,36.0,27.6,29.3,25.8,2.0,4.1,40.0,30.0,12.0,20.6,26.3,5.0,14.0,11.0,41.2,35.6,9.1,19.2,35.4,22.8,27.0,44.6,23.0,28.0,4.0,17.8,35.0,35.6,38.2,27.0
1772524608.0232413,13.1,13.1,10.2,7.1,19.2,3.0,7.1,6.0,3.0,5.1,4.0,7.1,13.1,20.2,20.0,3.0,8.9,13.0,32.7,31.3,14.0,31.7,18.2,8.2,22.0,22.2,22.8,26.7,6.0,3.0,33.0,28.7,12.0,14.3,18.0,6.1,12.0,10.1,34.3,32.3,11.0,19.8,9.1,14.0,32.0,38.0,43.9,43.0,11.1,9.2,31.7,30.0,29.0,24.0
1772524609.0233335,16.3,18.2,7.2,8.0,5.1,20.2,4.1,2.0,4.0,6.1,5.0,9.2,18.8,16.2,21.0,1.0,5.2,12.2,32.7,34.0,6.1,22.2,20.0,15.2,14.1,24.0,26.7,30.3,3.1,4.0,41.6,24.2,20.0,18.0,10.2,9.1,11.2,12.1,29.0,38.0,7.1,19.2,8.1,15.2,29.6,39.4,33.0,22.7,15.8,17.8,31.3,25.7,28.3,28.0
1772524610.0267048,15.2,10.1,5.1,6.0,19.2,15.8,5.0,4.0,3.0,5.0,5.0,3.0,15.2,12.0,1.0,13.9,15.0,5.0,30.0,31.0,17.0,12.9,24.0,11.1,30.0,27.0,18.4,24.0,6.0,6.1,28.7,12.0,27.0,22.5,2.0,20.8,10.9,8.0,34.0,26.3,7.1,20.6,12.0,12.1,26.0,42.7,21.0,19.0,14.9,14.3,35.6,30.3,29.7,25.3
1772524611.0272017,17.2,20.0,11.3,11.1,10.2,23.0,6.2,3.1,5.1,5.1,11.1,8.1,17.3,24.0,1.0,23.0,15.2,11.0,31.3,33.0,19.0,26.3,21.4,13.1,27.3,28.3,28.0,27.6,10.2,14.1,30.7,22.2,23.8,23.2,4.0,24.0,10.9,13.0,38.0,41.0,13.0,16.0,6.0,18.8,42.0,27.6,29.3,23.5,13.3,28.0,33.3,22.2,29.3,33.7
1772524612.0279326,16.2,21.2,7.1,6.1,7.0,22.2,5.1,10.1,2.0,6.0,3.0,10.1,14.9,17.0,8.8,17.2,11.0,11.1,28.0,38.0,15.0,31.7,26.7,27.3,22.0,15.2,25.0,25.3,22.0,14.0,17.0,41.6,27.0,23.8,4.0,25.3,13.1,7.1,34.7,33.7,17.0,7.1,4.0,17.3,23.8,37.0,41.0,35.4,16.2,28.3,31.0,29.0,37.3,19.0
1772524613.0280087,26.8,25.5,12.2,8.2,6.1,21.0,6.0,3.1,6.1,4.1,2.1,7.1,19.2,16.3,9.1,16.2,17.3,5.1,33.7,38.0,5.1,24.2,19.0,21.0,25.3,21.0,18.4,18.0,21.2,18.8,33.0,42.6,24.0,24.2,2.0,22.0,12.2,8.1,38.0,29.3,8.2,21.0,5.1,16.0,25.8,41.0,34.7,27.0,19.0,34.0,33.0,39.4,32.3,32.3
1772524614.0303874,19.2,18.8,7.1,5.0,11.3,19.8,5.2,5.1,5.1,7.0,9.1,6.1,22.0,8.0,2.0,20.8,16.0,12.0,42.4,36.4,3.0,24.5,16.5,13.1,29.0,33.3,27.7,13.3,18.8,14.1,26.3,32.4,26.7,28.0,11.0,13.1,12.9,11.0,40.2,35.0,8.1,18.0,17.0,7.2,33.0,39.0,19.2,25.5,13.3,41.8,19.0,24.8,31.0,30.3
1772524615.030458,13.1,13.4,11.2,11.1,12.2,10.1,5.1,4.0,3.1,6.1,15.0,2.0,23.0,19.2,3.0,15.3,17.2,5.0,32.7,30.3,22.8,18.4,14.1,5.0,28.6,23.7,7.1,24.2,26.0,18.0,38.0,31.6,26.0,27.7,17.3,4.1,12.2,9.1,31.6,36.7,9.0,20.2,13.1,9.1,40.0,30.3,18.0,21.0,12.1,20.8,28.3,26.0,22.2,38.6
1772524616.0319302,17.2,20.0,8.1,18.2,20.0,11.0,8.0,11.0,3.0,3.1,8.1,8.8,16.2,7.9,0.0,20.0,17.8,6.0,28.7,36.0,24.0,22.0,25.7,23.0,23.8,19.0,24.0,14.9,12.9,13.0,42.2,15.8,25.0,20.8,18.0,14.0,9.9,12.9,32.0,35.9,7.0,20.6,4.0,19.8,44.6,24.0,40.6,35.6,10.9,5.0,21.8,28.0,23.0,33.3
1772524617.0339808,12.2,16.2,11.1,16.3,13.4,10.2,3.1,4.1,5.2,3.0,5.1,10.3,19.0,24.7,2.0,21.0,15.5,10.3,30.3,35.6,17.3,13.0,13.4,28.3,23.2,25.3,24.2,22.2,13.1,12.1,33.0,42.6,23.8,27.3,12.0,12.1,12.2,10.2,35.4,41.7,8.1,21.2,12.1,12.2,40.4,27.3,36.1,40.4,18.2,3.1,31.3,36.0,23.5,39.4
1772524618.0341616,16.5,11.2,8.2,30.4,14.3,9.2,3.1,5.1,8.0,2.0,10.9,4.0,11.1,11.0,2.0,19.0,10.1,17.0,25.3,29.0,3.1,21.0,20.4,21.2,31.0,25.3,24.8,29.6,12.1,12.0,27.3,24.2,21.8,23.8,2.0,21.6,10.1,11.1,28.0,33.0,9.1,18.0,15.7,4.0,32.7,17.0,18.0,19.8,14.1,3.0,34.3,37.0,25.0,27.3
1772524619.0414467,19.0,9.1,10.1,17.2,16.8,6.0,5.0,4.0,8.1,2.0,2.1,11.0,22.2,17.8,3.0,21.0,8.1,17.0,32.0,30.7,14.9,31.7,29.4,10.1,26.7,25.5,22.8,28.4,13.9,12.0,35.6,33.3,21.0,27.7,4.0,2.1,12.0,11.9,41.6,36.6,19.0,9.9,17.2,6.9,38.0,23.0,20.8,16.3,16.0,4.0,22.0,33.7,33.7,24.2
1772524620.0460896,16.3,17.8,8.2,9.1,4.0,5.0,4.1,10.1,4.0,5.9,2.0,10.0,17.8,12.1,2.0,17.0,8.9,16.0,28.0,31.3,16.0,29.7,32.7,15.8,18.8,18.0,23.2,32.3,13.9,11.9,25.7,33.0,26.7,25.7,10.2,16.0,12.0,9.1,33.0,33.0,17.0,13.1,26.0,16.0,43.6,25.0,33.7,31.0,8.0,9.1,32.4,34.7,31.4,30.7
1772524621.0467362,20.2,18.4,13.0,12.1,24.5,5.1,5.0,6.1,5.1,7.1,14.1,4.0,24.0,20.4,13.1,21.0,7.2,21.2,34.0,38.2,5.2,25.7,24.5,22.8,31.6,27.0,30.3,24.0,14.0,13.0,40.0,29.0,26.7,29.7,23.0,4.0,14.1,11.2,37.4,45.5,12.0,20.0,23.2,10.1,39.0,27.0,43.9,36.0,13.3,10.1,39.6,40.4,35.0,35.7
1772524622.046818,21.0,27.7,9.3,6.0,26.0,5.1,6.1,4.0,7.0,5.1,4.0,8.2,17.2,13.0,17.2,6.1,10.0,19.2,26.3,23.5,13.1,29.3,16.3,30.0,30.3,29.3,28.3,25.5,12.2,14.1,13.1,29.3,23.2,26.3,23.0,4.0,10.3,12.0,37.4,37.4,7.1,22.2,5.1,20.4,27.0,17.0,29.0,26.5,16.8,4.1,25.3,28.0,24.2,37.0
1772524623.046905,17.3,14.3,12.0,9.0,23.8,5.0,3.1,25.5,3.0,6.9,4.0,9.1,16.2,18.8,21.0,4.0,2.0,18.2,21.6,24.0,29.7,15.0,16.2,20.2,21.0,23.0,19.4,25.7,13.9,13.0,44.6,29.7,24.5,32.7,21.2,4.0,12.0,11.0,38.6,34.3,19.8,11.9,4.1,22.0,39.6,11.1,23.0,21.0,3.0,18.2,42.0,34.0,31.0,29.0
1772524624.0473697,14.4,14.3,9.2,7.1,22.4,2.1,12.1,22.2,5.1,16.2,2.0,10.2,17.2,20.4,18.2,4.0,14.1,8.0,18.6,23.5,30.3,12.1,27.3,17.0,16.3,25.5,32.0,26.3,12.1,14.0,15.0,40.6,22.0,26.3,29.3,4.1,11.9,10.1,32.3,35.0,7.9,20.2,7.1,18.0,24.0,29.7,30.6,25.3,12.0,8.1,30.3,30.3,32.0,23.5
1772524625.0497835,19.6,13.0,9.1,6.1,20.0,7.0,32.0,2.0,4.0,5.1,2.0,9.0,11.1,21.8,19.0,2.0,15.3,6.0,19.2,27.0,5.9,20.2,24.2,20.4,26.0,32.7,11.2,16.3,12.0,14.1,31.0,35.6,23.0,28.0,15.0,9.1,7.1,14.1,35.6,31.6,10.2,18.0,8.0,16.0,20.8,22.0,39.6,35.4,10.1,8.2,29.4,24.0,26.3,27.7
1772524626.0544941,20.6,9.2,11.0,10.0,7.1,14.0,34.3,4.0,4.0,5.9,8.2,11.9,18.0,22.0,19.0,1.0,17.8,6.1,23.2,25.0,21.0,14.7,14.9,8.0,33.0,26.0,18.8,23.5,14.0,12.0,34.7,29.4,17.8,23.5,6.1,15.0,13.0,9.0,33.7,38.0,5.1,18.0,14.1,8.1,31.7,20.0,22.2,26.0,16.0,2.0,33.0,35.0,26.5,33.0
1772524627.0569592,16.7,16.8,6.1,4.0,12.9,15.2,34.0,6.1,6.1,6.1,15.2,1.0,11.2,12.1,19.6,2.0,13.1,10.9,35.6,35.0,16.0,30.0,22.2,15.2,22.0,24.0,22.2,6.0,10.9,9.1,21.0,44.4,19.0,17.0,11.1,12.4,11.1,11.1,34.3,36.6,9.1,17.0,12.9,11.1,32.0,17.2,25.3,24.2,12.0,7.0,18.2,16.0,35.0,21.0
1772524628.0570333,20.2,9.2,16.2,13.1,18.0,14.1,27.6,4.0,5.9,10.0,8.9,4.0,23.2,16.3,4.1,15.0,10.2,18.2,29.3,35.0,12.1,27.0,23.0,16.0,19.2,17.3,26.7,24.2,3.0,5.0,24.0,38.6,17.0,17.0,14.1,17.2,12.1,11.1,30.3,34.7,7.0,21.0,11.2,13.1,31.3,21.2,24.8,28.0,16.0,2.0,24.0,27.8,30.0,33.0
1772524629.0620184,14.1,22.2,8.1,8.0,17.0,12.1,14.1,7.0,5.1,36.0,4.1,11.0,15.8,13.1,2.0,23.0,13.0,14.9,28.7,31.0,6.1,23.0,20.0,35.0,27.7,27.7,24.2,26.0,5.1,4.0,16.0,29.0,16.0,20.0,7.0,20.8,12.0,12.9,38.4,36.6,6.9,22.8,16.2,6.1,32.4,21.0,37.4,39.0,18.8,3.0,36.6,38.2,26.7,34.3
1772524630.0684376,16.7,8.9,10.1,10.1,15.0,5.0,5.1,3.0,6.0,38.0,4.0,7.1,18.0,22.8,6.1,14.1,15.0,12.1,34.0,35.0,12.1,28.7,24.2,13.1,29.3,27.0,29.0,25.0,4.0,5.1,34.7,15.7,24.0,25.0,2.0,8.1,12.0,11.0,38.6,35.6,4.1,18.0,19.8,5.1,35.0,29.0,26.7,28.3,15.2,4.0,30.0,32.7,29.3,33.3
1772524631.0712447,17.2,21.2,8.0,4.0,3.1,5.1,5.0,4.1,8.1,35.6,11.1,9.1,10.1,19.0,10.0,12.0,8.1,15.0,28.3,33.3,15.0,30.3,18.2,26.7,25.0,23.0,26.0,26.5,14.0,7.1,19.0,23.2,26.5,24.8,9.2,4.0,12.1,11.1,35.0,33.0,9.1,18.0,12.0,13.1,31.3,38.6,28.0,21.8,12.0,7.1,29.7,28.3,30.7,23.2
1772524632.073771,24.5,26.0,12.2,12.0,8.1,17.3,30.0,8.2,5.1,9.3,7.0,8.0,23.2,20.0,15.0,8.0,7.0,16.0,32.7,43.6,9.0,24.0,18.0,19.8,19.0,20.2,25.3,30.3,25.0,15.0,18.0,28.7,21.2,30.7,23.0,10.2,13.0,9.1,41.4,35.4,9.1,18.8,14.1,13.0,31.3,40.8,23.5,28.6,8.1,10.0,39.0,32.7,30.3,32.7
1772524633.077583,24.2,15.3,7.0,3.1,14.3,11.9,5.1,7.1,4.1,32.7,5.2,11.1,18.0,8.1,15.2,10.0,6.1,18.2,30.3,38.4,4.1,22.4,33.3,21.2,28.3,22.0,25.0,22.0,20.0,28.7,15.0,27.0,20.0,27.0,4.0,20.2,12.1,9.2,34.7,32.7,20.0,6.1,5.1,15.2,44.1,25.0,42.9,34.0,5.0,14.3,31.7,26.0,26.0,31.0
1772524634.0800967,18.4,12.9,13.9,12.1,7.0,22.2,3.0,5.1,4.0,7.1,12.0,34.0,22.0,20.0,23.0,6.1,19.2,8.2,32.7,32.0,16.5,29.7,22.0,16.2,29.0,32.0,29.3,24.2,19.8,18.0,44.1,32.7,28.0,27.7,3.0,21.0,11.0,11.9,37.4,37.0,9.9,18.0,15.0,10.1,37.0,24.0,27.3,31.3,3.0,19.6,34.0,30.7,32.0,34.3
1772524635.0802138,13.1,19.2,4.1,5.9,3.0,22.2,3.0,4.0,6.0,6.0,29.3,11.0,7.1,16.3,5.1,14.1,14.1,10.0,26.3,30.0,29.3,15.0,19.2,23.0,25.3,21.0,22.0,24.0,13.0,12.0,29.0,22.0,21.8,29.7,2.0,21.8,9.1,11.1,33.7,35.0,3.1,20.8,15.0,4.0,32.3,17.2,22.0,22.4,3.0,11.2,32.0,29.0,22.0,27.7
1772524636.0812542,16.3,17.2,11.0,5.2,6.1,22.2,4.1,7.9,10.1,9.2,41.6,12.1,20.2,17.8,4.0,22.2,17.2,7.1,33.0,37.4,25.3,7.1,26.3,14.3,17.2,22.4,27.6,19.4,13.1,12.0,42.6,28.0,25.0,30.0,3.0,21.2,11.0,13.0,37.4,39.6,18.0,9.1,20.2,4.1,22.0,44.0,33.3,20.2,3.1,18.0,23.5,31.3,29.6,36.4
1772524637.0829926,15.5,6.1,9.2,10.1,3.0,24.8,11.1,1.0,7.1,5.1,26.0,6.9,14.9,15.0,3.1,17.8,11.0,9.0,26.0,28.0,20.8,4.0,7.1,9.0,23.2,15.8,19.0,24.8,12.9,13.0,34.3,20.0,23.0,17.8,13.0,18.2,10.0,8.0,32.0,30.3,12.0,10.0,8.0,9.2,34.0,32.3,28.0,24.5,9.0,6.0,28.3,26.7,23.8,29.0
1772524638.083287,23.2,17.2,8.1,3.0,11.2,15.2,5.1,7.0,10.1,4.0,20.2,28.3,21.4,16.0,8.1,19.0,19.0,8.0,35.4,28.0,23.0,18.0,24.5,14.4,33.3,27.6,5.1,12.1,14.0,13.3,13.1,21.4,33.7,22.2,8.1,7.1,10.1,12.2,32.0,38.4,6.1,22.0,12.1,9.0,40.6,30.7,31.0,34.7,12.0,9.2,33.0,29.3,24.8,31.0
1772524639.0839844,16.5,9.1,9.1,10.9,4.0,8.1,6.1,4.1,4.1,4.0,33.7,6.1,11.9,22.2,5.9,18.2,6.1,18.0,26.0,31.3,14.3,30.6,29.0,7.1,25.3,27.6,25.3,16.2,12.0,13.0,40.6,21.0,30.0,19.6,5.0,5.0,10.1,15.2,39.0,29.3,6.0,19.2,13.9,9.1,28.0,44.4,18.8,30.3,3.0,15.0,26.0,28.3,30.0,28.0
1772524640.0840702,23.2,11.3,7.1,7.1,3.1,4.1,4.0,5.1,4.1,4.1,20.8,20.0,19.2,19.2,14.3,8.9,6.1,15.3,34.7,30.3,7.1,25.0,33.3,14.1,15.3,24.8,23.0,25.3,11.1,12.2,31.0,31.0,21.8,28.6,2.0,5.1,11.1,14.0,36.0,37.6,4.1,22.0,7.2,18.0,31.0,36.0,25.3,33.0,6.1,11.1,22.0,19.2,22.2,27.3
1772524641.0850441,16.3,14.9,11.0,8.1,6.1,9.2,11.0,5.2,8.1,4.1,26.5,11.0,14.1,16.0,23.0,3.1,6.0,18.2,26.3,25.3,5.0,22.2,24.8,15.0,27.0,19.0,26.0,29.7,12.2,12.7,36.0,31.3,20.2,30.7,4.1,10.2,11.1,13.3,32.7,41.4,22.0,6.0,9.0,16.8,45.1,20.0,27.6,27.3,4.0,15.8,33.0,25.0,35.0,30.0
1772524642.0872726,22.4,11.1,8.1,7.0,3.0,3.0,4.0,6.1,14.1,7.9,19.4,8.2,25.0,14.0,16.8,2.0,5.1,12.0,23.0,14.9,22.2,14.0,33.7,19.4,33.0,21.4,23.5,22.2,14.6,12.1,29.0,37.3,19.6,26.7,4.0,4.0,8.0,13.0,36.0,32.0,15.2,10.1,4.0,17.2,29.7,18.4,26.0,23.2,2.0,15.2,36.4,33.0,28.0,30.0
1772524643.0873384,17.8,12.2,10.0,4.1,7.0,4.1,5.1,6.1,3.1,12.0,30.6,11.1,14.1,13.0,21.2,2.0,7.1,20.6,16.2,24.2,24.0,24.8,21.4,15.2,26.5,24.8,31.7,23.2,12.1,13.0,31.0,34.3,25.3,29.0,15.2,3.1,9.1,12.2,36.6,32.0,20.8,8.1,4.1,18.4,33.0,14.1,36.6,33.0,2.0,20.2,27.0,32.7,31.0,29.0
1772524644.0884929,17.7,15.8,14.0,12.0,20.0,6.1,3.1,9.0,6.0,2.0,16.8,12.0,25.7,24.0,16.0,3.0,6.0,14.3,16.0,23.0,8.1,27.0,25.5,18.0,12.9,24.0,26.0,23.0,12.9,12.0,36.0,28.7,23.5,23.2,11.0,12.2,9.0,11.9,34.0,35.0,18.0,4.0,13.9,4.0,20.2,28.7,28.3,25.5,3.0,13.1,33.7,25.3,24.0,27.0
1772524645.0948126,20.0,18.4,9.0,7.1,11.3,14.0,6.9,8.0,6.1,4.1,39.0,9.1,15.2,19.2,10.0,16.0,14.1,11.1,27.3,29.3,7.0,21.2,14.0,22.0,30.7,26.3,31.3,23.0,13.1,13.0,29.0,34.7,23.2,30.1,15.2,19.8,15.8,11.0,36.4,37.6,23.5,7.0,18.0,10.1,25.0,35.0,29.3,28.0,4.0,20.6,35.6,40.0,34.0,35.0
1772524646.095477,23.5,14.9,10.2,11.1,12.1,17.2,10.2,7.1,9.1,8.1,34.0,12.0,26.0,18.2,18.2,6.1,9.1,18.6,34.3,37.4,16.3,26.0,19.2,19.0,29.3,28.3,27.3,22.0,13.1,12.0,22.5,29.0,23.8,28.7,4.1,20.4,11.3,8.2,38.6,35.4,19.0,10.2,4.1,20.0,44.4,31.0,29.4,33.0,5.1,14.3,33.3,24.2,28.0,30.3
1772524647.0976741,17.0,13.4,7.0,4.0,7.1,14.0,6.1,3.1,6.1,8.2,29.3,5.0,13.1,15.0,14.1,9.0,6.1,14.3,35.7,37.6,33.0,13.0,10.1,9.1,24.5,28.6,7.1,20.0,14.1,15.2,12.2,29.0,17.2,21.0,4.1,5.1,11.0,14.1,37.4,40.0,20.2,8.9,12.0,14.0,25.7,32.3,35.4,27.6,17.3,3.1,41.0,31.0,29.3,35.6
1772524648.0990968,19.4,23.0,14.0,15.0,10.1,3.1,5.9,4.0,3.1,7.0,2.0,11.2,25.0,20.2,21.0,3.1,9.9,17.8,31.7,40.6,20.2,7.1,11.1,16.0,23.8,19.8,12.9,18.2,7.1,8.0,29.4,29.4,22.3,14.1,6.0,10.0,13.1,12.7,44.0,40.4,22.8,6.1,7.9,17.0,30.3,26.0,28.3,36.6,10.0,12.0,37.0,38.0,32.7,30.0
1772524649.1007462,20.2,12.2,7.1,32.3,18.2,11.2,5.1,6.1,7.0,6.0,10.2,4.0,11.1,13.0,18.2,6.1,7.1,16.2,29.6,30.0,17.0,10.0,8.2,10.2,28.7,23.0,14.3,14.1,5.0,3.1,14.0,22.2,13.3,19.2,10.2,22.2,13.1,10.2,36.4,32.3,18.0,9.1,5.1,18.0,29.7,40.4,24.2,28.6,6.1,13.0,16.8,19.4,33.7,28.3
1772524650.1008432,15.6,19.2,11.2,24.0,22.2,9.1,7.1,12.1,3.1,3.1,5.1,11.1,21.8,15.3,5.1,19.2,13.1,12.2,29.0,32.3,25.3,21.8,19.2,21.2,30.9,24.2,18.2,14.0,3.1,4.1,20.4,32.7,19.2,13.1,4.0,21.2,11.1,13.0,36.0,38.0,8.1,19.0,12.2,7.0,28.6,40.6,30.6,29.3,10.2,8.2,26.3,22.0,29.4,27.3
1772524651.1018977,23.2,18.4,9.9,5.1,24.0,5.0,6.1,4.0,7.0,3.0,6.0,9.1,15.3,16.0,5.1,18.2,9.2,13.0,35.0,30.7,14.0,30.3,17.8,20.6,22.0,24.8,9.0,7.1,4.0,5.0,23.5,32.7,25.3,20.8,5.0,21.0,12.0,11.1,29.3,38.2,20.0,5.0,11.0,9.2,45.1,27.3,23.2,34.7,13.1,6.1,23.2,17.0,35.4,28.0
1772524652.1062584,25.5,20.0,12.4,11.9,24.0,5.0,5.1,6.2,6.1,5.1,3.1,13.9,17.2,19.0,12.1,10.0,5.9,18.0,36.4,41.0,7.0,21.0,29.3,15.2,12.1,23.2,27.7,22.8,31.0,14.1,23.0,44.4,25.5,28.7,3.1,21.0,8.1,12.0,37.6,34.0,17.8,13.1,10.1,20.0,45.5,29.3,33.3,32.3,17.8,3.1,17.0,32.0,34.7,23.8
1772524653.107373,17.7,17.2,8.1,5.1,28.7,3.1,5.1,7.1,6.0,12.1,10.1,11.1,20.4,14.4,13.1,12.0,16.3,9.1,42.2,40.4,9.2,22.2,30.3,11.3,32.0,30.7,29.6,22.2,21.6,21.0,23.0,41.6,28.0,27.3,16.2,17.2,12.2,11.0,36.4,41.4,20.2,7.1,19.2,6.1,45.5,30.7,30.0,26.5,16.0,7.1,36.6,31.3,31.6,35.4
1772524654.1074598,20.2,15.0,12.2,12.0,10.2,9.1,10.3,9.2,6.2,5.1,7.2,8.1,20.2,18.0,4.0,18.0,14.1,10.1,32.0,30.0,23.0,20.0,22.2,17.3,28.3,30.0,30.3,23.2,20.2,17.2,32.3,37.0,22.8,26.7,16.2,5.2,11.9,12.1,40.6,32.0,21.0,7.1,15.8,10.1,42.4,30.3,22.7,24.0,2.1,16.2,29.6,30.3,30.0,27.3
1772524655.1084,18.4,10.4,7.0,3.1,4.0,5.9,5.0,2.0,4.0,6.0,6.1,10.0,12.2,14.1,9.1,19.2,16.0,10.1,27.3,33.0,32.0,13.1,6.1,13.0,25.0,24.2,19.8,23.0,13.0,13.9,25.7,16.0,28.0,23.0,12.0,13.0,10.1,12.0,36.4,37.0,7.1,18.0,4.1,18.0,46.0,25.3,35.6,30.0,4.0,12.1,31.7,32.7,26.0,31.7
1772524656.1084743,18.0,16.2,13.9,10.3,5.1,4.1,7.1,4.1,5.1,5.1,6.1,2.1,18.2,24.5,7.0,20.0,17.2,3.1,33.3,31.3,21.2,5.1,17.0,27.7,17.3,21.4,17.2,20.0,14.1,12.1,18.2,32.0,24.2,27.7,13.0,12.0,10.2,11.1,38.6,34.7,7.1,18.2,7.0,14.1,38.6,30.3,32.0,31.0,5.0,15.2,27.0,23.8,28.0,36.4
1772524657.1095846,16.2,15.0,4.0,4.0,6.0,2.0,4.0,7.0,4.0,5.1,8.0,7.0,14.0,13.9,13.1,8.1,15.7,8.8,33.7,29.7,21.0,9.0,15.2,25.0,25.7,29.7,24.0,17.0,13.9,13.6,25.0,38.6,24.0,24.8,9.3,20.2,11.0,9.1,35.0,37.6,5.1,24.5,11.2,9.0,32.7,38.6,27.6,26.5,3.0,17.0,18.0,17.8,22.0,33.3
1772524658.1096644,14.7,13.1,10.2,9.2,3.1,4.0,11.0,6.1,4.1,6.1,11.1,4.0,19.0,18.4,17.0,5.0,12.4,9.2,29.6,31.7,36.0,10.1,16.5,29.3,25.8,31.3,28.6,26.5,12.4,12.2,23.5,39.8,27.7,25.0,4.1,6.1,11.1,11.0,33.0,35.0,5.1,16.0,17.2,6.1,37.8,33.3,29.3,22.2,3.1,17.0,29.6,24.2,29.3,31.3
1772524659.1111324,18.0,23.0,10.1,10.2,8.1,4.1,6.2,2.1,8.0,3.0,9.2,4.1,15.0,18.2,2.1,22.2,16.0,11.1,40.6,28.0,29.3,14.1,27.7,19.0,19.0,27.6,28.7,20.2,11.9,14.1,29.4,42.6,30.7,24.2,12.1,4.0,11.1,11.2,32.0,39.4,6.1,24.8,6.1,17.0,29.7,42.0,38.6,27.6,4.0,15.3,37.6,28.7,27.3,30.0
1772524660.1125457,15.5,14.3,11.1,20.8,17.2,11.0,4.1,3.0,4.0,4.0,5.1,6.0,16.2,15.8,17.2,2.0,11.0,10.1,23.0,26.0,14.1,11.1,16.0,21.4,18.2,20.0,29.3,28.0,12.0,13.9,29.3,27.7,26.0,27.7,21.0,4.0,13.1,9.2,37.0,35.0,10.0,21.0,5.0,16.8,29.3,37.0,36.0,29.7,12.1,7.1,34.0,35.7,36.6,27.3
1772524661.116559,15.3,16.2,8.1,5.1,14.0,14.0,5.9,5.1,4.0,8.0,9.0,3.1,10.2,21.8,20.8,1.0,12.1,11.0,16.2,22.2,3.0,21.0,18.0,26.0,20.2,23.8,26.0,19.4,13.7,12.0,38.6,35.0,24.8,26.5,19.0,12.1,9.9,13.9,37.4,33.0,15.0,10.9,9.2,12.1,26.7,14.0,27.3,26.3,14.9,4.0,22.8,28.7,25.7,24.8
1772524662.1203902,16.7,11.1,9.1,8.1,8.2,18.0,5.1,3.0,6.1,7.1,2.0,13.0,12.1,17.5,21.0,3.0,16.2,12.1,21.0,29.7,31.0,12.9,21.2,21.0,28.0,34.3,24.8,26.3,13.0,13.1,20.0,33.3,26.7,27.7,23.0,4.0,10.2,13.3,40.6,34.0,8.1,20.0,16.8,12.1,21.0,20.4,13.1,31.0,16.0,3.1,30.0,37.0,35.7,31.3
1772524663.1214826,17.2,18.2,10.2,7.0,4.1,12.1,12.1,6.1,5.1,4.1,2.1,10.2,17.2,20.0,7.0,19.0,21.2,4.1,21.2,20.2,30.0,12.1,30.7,20.2,25.3,28.3,8.2,21.8,12.0,12.9,25.7,43.6,28.0,20.8,9.0,15.8,11.9,12.9,34.7,41.4,12.2,19.8,7.1,17.2,39.0,13.3,28.0,33.3,16.2,6.0,35.4,36.6,30.3,29.7
1772524664.1253386,17.0,15.0,10.9,8.1,5.1,4.0,3.1,6.1,6.1,9.8,9.1,9.0,15.8,13.0,1.0,20.8,10.0,16.0,36.0,31.0,25.0,6.1,19.0,25.0,24.2,15.2,26.0,20.2,12.9,14.0,38.6,21.2,27.7,27.7,4.0,20.2,11.1,13.0,40.8,32.7,23.8,6.1,3.0,25.5,41.0,15.7,43.0,38.4,17.8,3.1,30.0,28.6,31.7,33.0
1772524665.1254303,17.7,23.0,10.1,8.1,23.2,5.1,4.0,4.1,8.0,6.1,11.0,2.1,18.4,22.2,4.0,17.5,10.2,11.0,28.6,31.0,22.4,4.1,15.2,19.2,29.4,19.0,30.0,22.2,14.1,14.1,38.4,35.3,28.3,23.0,7.2,20.2,9.1,12.1,35.0,33.7,11.9,20.0,9.1,15.2,27.0,25.3,24.5,33.3,13.0,7.0,28.3,33.7,34.3,20.4
1772524666.1259594,19.6,12.1,8.2,7.1,22.2,5.0,5.1,6.0,8.1,8.2,11.1,8.0,11.8,19.0,7.0,20.0,10.2,19.0,34.0,32.0,31.0,12.1,3.1,19.0,31.3,30.6,25.0,23.2,13.1,13.0,29.4,15.3,25.2,26.7,17.0,11.0,11.1,12.1,41.4,34.0,16.2,12.0,9.0,19.0,25.0,43.0,17.3,22.4,1.0,17.0,29.0,25.5,36.3,29.3
1772524667.1278927,22.4,14.0,9.1,9.9,23.0,4.0,5.1,9.2,3.0,5.1,9.1,5.1,19.4,19.2,12.0,14.0,4.0,14.1,25.3,34.3,31.4,14.0,24.0,25.3,24.5,27.3,7.1,22.0,13.1,12.1,24.2,24.0,16.2,24.0,12.1,11.0,10.9,8.1,32.0,39.0,15.8,6.0,12.1,7.1,29.0,42.6,26.7,28.0,13.9,3.1,28.0,28.0,20.2,34.7
1772524668.1295984,12.4,11.1,11.0,3.1,22.0,4.0,3.1,5.0,5.2,5.1,3.0,10.0,16.2,9.0,17.0,2.0,5.1,15.0,30.0,30.7,24.5,5.1,6.1,28.0,19.0,12.9,13.1,24.2,12.9,13.9,26.0,31.0,15.0,12.0,14.9,12.1,10.1,13.0,36.6,33.7,14.0,14.1,18.8,6.1,40.4,28.0,43.4,38.0,12.0,5.1,32.0,36.0,23.8,31.0
1772524669.1336777,21.0,20.0,8.2,11.9,23.0,3.0,6.9,8.0,5.0,6.0,10.1,4.1,24.8,19.2,21.2,3.0,12.0,15.8,34.7,31.0,13.7,20.0,28.0,19.0,29.7,25.0,30.0,29.0,6.1,7.1,26.7,43.6,11.8,18.0,19.0,11.1,11.0,10.9,32.0,41.0,7.1,16.8,9.0,14.7,29.7,45.0,30.3,28.3,5.1,13.9,26.5,23.8,31.7,31.4
1772524670.1348264,25.5,6.1,6.0,2.0,26.0,5.0,6.1,3.1,4.1,5.1,8.2,8.2,10.0,18.8,20.0,2.0,7.1,11.2,38.0,24.0,28.0,15.2,13.1,25.3,28.3,27.6,25.3,22.2,4.0,3.0,27.3,29.0,19.2,12.9,8.1,7.1,13.0,12.0,30.6,27.6,7.0,19.2,7.1,13.1,31.3,39.6,28.0,12.1,3.0,15.0,18.2,23.2,13.1,35.7
1772524671.1383326,25.3,24.2,11.9,11.9,11.1,13.1,5.1,5.0,6.0,4.0,7.9,10.2,19.2,14.3,20.0,2.0,12.0,9.9,39.6,35.0,28.3,15.7,21.4,34.7,21.8,33.0,26.7,30.7,6.1,11.2,39.6,20.2,20.8,23.0,4.0,8.9,12.9,10.1,33.3,39.2,7.1,18.8,4.0,17.0,44.6,28.0,26.7,21.0,11.0,9.9,37.0,29.7,38.6,27.3
1772524672.1384184,19.2,14.1,8.2,4.1,8.9,20.0,10.2,5.2,4.0,5.1,9.2,3.0,15.0,19.2,18.2,2.0,15.2,9.3,33.0,38.8,23.0,3.1,9.1,28.7,16.3,18.8,21.4,23.2,16.5,24.2,32.0,33.0,21.0,30.3,3.1,20.4,12.2,11.0,34.3,33.3,15.3,17.3,18.0,8.1,39.0,26.5,40.0,38.8,11.2,9.2,30.0,26.5,26.5,28.0
1772524673.1431081,15.0,13.0,9.0,8.9,13.1,12.0,4.0,4.0,5.1,12.0,10.0,1.0,15.2,19.2,20.2,1.0,7.0,14.0,34.7,36.3,23.2,7.0,21.8,16.2,28.3,24.0,29.7,26.0,14.0,20.2,27.2,34.7,26.0,27.5,3.0,21.8,10.0,13.1,37.0,35.4,10.9,18.8,20.0,7.0,23.5,26.0,28.6,35.0,14.1,3.1,38.2,37.6,34.0,29.0
1772524674.1453307,17.8,15.2,9.9,10.1,17.0,10.0,3.0,4.0,9.0,6.1,4.1,3.0,13.1,22.0,16.8,2.0,12.1,8.0,28.0,27.0,26.7,18.0,18.8,17.0,25.7,28.6,27.6,20.0,11.9,10.9,34.0,29.7,22.8,20.0,10.0,22.2,12.0,11.0,20.0,31.7,20.8,7.9,11.0,10.0,27.7,27.3,17.0,20.2,12.0,5.0,31.7,25.0,20.6,30.0
1772524675.145897,15.5,16.0,9.1,6.1,16.5,1.0,5.1,5.1,9.2,6.1,12.2,5.1,15.0,15.8,21.4,2.0,19.8,5.1,32.0,33.0,27.6,13.3,26.5,23.2,29.9,25.7,29.0,23.5,14.0,12.1,37.4,23.2,26.0,28.7,5.1,22.0,9.1,13.1,36.4,41.0,22.0,4.1,12.2,14.3,38.6,35.6,26.5,26.3,12.1,10.2,27.6,32.7,32.3,33.0
1772524676.1503553,18.6,14.1,12.1,10.0,5.0,5.1,7.1,9.1,8.1,2.1,7.0,10.1,17.2,25.3,14.1,10.1,13.1,10.1,26.0,36.4,11.1,14.0,21.4,22.0,20.8,18.4,20.2,19.2,14.0,12.0,37.3,32.0,29.3,24.8,5.1,18.4,13.0,12.1,31.3,32.0,21.0,6.1,16.2,7.0,35.4,36.0,42.6,33.0,17.2,4.0,39.6,35.4,30.0,25.3
1772524677.1557019,15.3,10.1,7.9,3.0,3.1,17.8,6.0,4.0,6.9,7.1,5.1,6.9,12.2,11.0,6.1,15.2,11.1,12.7,33.0,30.3,6.0,22.8,17.0,20.0,24.0,25.7,15.3,14.9,13.9,11.0,35.0,27.0,22.5,27.7,7.1,8.0,12.1,10.0,36.3,33.3,19.0,5.1,19.8,4.1,41.6,31.0,28.3,34.0,15.0,3.0,27.7,28.0,30.3,31.7
1772524678.156633,18.0,19.4,14.1,13.0,8.1,21.4,6.1,10.0,7.1,4.0,3.1,13.3,16.2,21.2,4.0,21.8,21.0,10.2,30.0,36.6,15.0,29.3,11.2,17.2,34.3,25.5,24.8,31.6,14.1,12.9,36.0,31.7,24.0,27.7,11.0,6.1,10.0,10.0,33.3,41.6,18.8,10.8,19.2,6.1,30.0,43.6,24.2,25.3,17.2,6.1,26.3,33.0,39.0,21.2
1772524679.1594408,14.4,9.9,4.0,3.1,21.2,5.0,5.0,4.0,3.0,5.1,3.0,6.1,11.9,17.8,0.0,16.2,12.9,4.0,16.0,27.0,14.1,27.3,10.0,11.1,26.0,20.8,14.0,22.5,13.9,13.0,18.8,12.0,27.7,21.0,2.0,3.0,11.1,11.1,25.7,35.0,21.0,4.1,8.1,10.1,42.6,23.5,17.2,16.0,7.9,6.1,33.3,24.0,22.8,17.0
1772524680.16105,15.0,17.2,12.7,12.1,24.2,5.1,5.0,4.1,6.1,7.0,3.1,10.1,15.3,21.0,11.1,13.0,13.3,10.1,27.0,20.2,5.1,23.2,16.3,28.0,22.0,18.2,9.2,27.3,14.9,13.1,34.0,24.8,28.7,24.8,6.1,5.0,12.0,12.0,41.0,36.0,23.8,7.0,15.0,14.0,45.1,23.0,37.6,32.7,17.0,4.0,27.7,30.0,33.7,32.3
1772524681.1620355,19.4,16.2,8.0,6.1,22.2,3.1,4.1,14.1,3.1,5.1,4.1,7.2,15.3,18.4,5.1,14.1,13.1,10.2,21.2,19.0,13.0,20.0,25.0,21.0,24.2,23.2,18.4,25.3,13.0,11.1,27.0,25.0,25.7,28.0,8.2,2.1,11.1,12.1,39.4,33.0,23.0,6.1,16.0,7.1,27.0,36.6,30.9,40.6,15.2,2.0,40.0,35.4,42.0,16.3
1772524682.16304,14.1,11.2,12.2,11.0,16.0,10.9,3.0,7.0,3.1,6.1,6.1,5.0,11.0,22.0,13.1,11.2,7.0,17.8,23.2,24.0,27.0,18.8,14.0,27.3,29.0,29.0,30.4,27.3,14.0,13.9,36.6,38.0,21.0,32.0,16.0,10.1,13.9,12.1,36.0,37.6,17.0,10.1,16.0,6.1,20.2,32.3,30.3,21.6,12.1,10.2,32.0,25.7,29.7,33.0
1772524683.1668942,17.3,17.8,7.1,7.0,10.1,18.0,5.1,3.0,5.0,7.0,5.0,12.1,15.2,17.3,2.0,20.2,12.1,10.1,23.2,26.0,17.2,24.2,28.3,22.0,31.3,22.2,23.5,24.0,13.4,12.1,23.8,30.7,23.0,27.7,12.2,11.9,11.0,13.9,32.0,36.4,6.9,18.8,13.3,6.0,19.0,31.4,17.3,20.8,7.1,10.0,26.7,23.0,19.2,35.0
1772524684.166979,17.3,10.2,8.1,8.1,15.2,13.1,8.1,3.0,3.0,5.1,4.0,6.1,12.2,19.0,2.0,18.0,17.0,7.1,26.7,29.3,8.0,22.2,16.2,22.0,15.0,22.0,30.3,23.0,15.5,14.9,37.0,26.7,27.0,21.8,13.9,11.2,9.2,13.0,34.0,34.0,10.2,15.7,19.2,4.1,13.0,37.0,28.0,37.1,14.0,4.0,20.0,19.4,28.6,27.3
1772524685.1706626,22.2,18.2,11.1,9.2,15.3,10.1,11.1,5.1,3.1,5.2,4.0,13.0,21.8,18.0,2.0,19.0,8.0,18.8,30.3,41.4,10.1,27.7,24.0,20.2,21.0,31.4,24.8,25.0,12.2,14.0,37.6,31.0,22.0,33.7,20.0,5.1,10.0,13.3,34.3,43.0,14.9,14.1,19.8,6.9,19.0,31.0,31.0,43.0,16.2,5.1,29.0,32.4,21.8,39.6
1772524686.174612,16.5,16.3,9.2,9.1,19.2,5.1,7.1,2.0,8.2,3.0,4.2,9.0,21.4,14.1,2.0,19.4,7.1,17.2,32.3,40.2,14.1,30.0,22.2,26.0,32.3,24.5,27.6,28.9,14.0,14.1,31.0,35.0,23.8,31.0,7.2,10.2,12.1,14.9,38.0,39.4,7.2,24.0,11.2,12.4,21.2,45.0,32.0,21.2,11.0,12.0,39.4,39.4,30.3,38.0
1772524687.1747103,17.3,16.0,9.2,7.9,6.0,3.1,4.1,4.1,5.0,5.1,7.0,10.2,14.0,25.0,2.0,20.8,20.0,5.0,29.3,30.6,21.4,19.0,22.0,21.0,20.0,26.5,22.0,20.0,11.2,13.9,28.3,28.7,15.8,25.3,4.0,11.2,11.1,11.2,32.0,34.7,7.9,19.8,4.0,18.8,21.2,31.7,21.8,18.4,2.0,15.6,32.0,28.3,32.3,23.0
1772524688.1760108,15.6,8.0,8.2,5.1,12.9,11.1,3.0,5.0,1.0,7.0,5.1,7.1,18.0,9.1,0.0,15.0,8.0,10.0,28.7,34.0,9.0,16.0,23.0,19.0,15.3,20.0,22.2,25.0,14.0,11.1,34.7,26.0,11.1,16.8,1.0,21.2,8.0,9.9,32.0,32.7,15.0,12.0,3.0,18.2,23.2,31.0,31.0,27.3,2.0,17.8,26.7,32.0,33.3,27.0
1772524689.176562,24.0,11.1,9.5,7.1,23.5,8.0,10.3,5.2,5.1,4.1,9.1,4.0,16.0,22.4,11.1,13.1,18.2,7.1,34.3,26.3,17.3,21.2,16.3,13.1,22.2,25.3,15.2,14.1,13.1,13.1,23.2,33.7,15.2,18.2,5.9,22.0,12.1,10.2,27.3,33.7,16.2,6.1,13.1,6.2,28.6,43.6,37.4,31.0,8.0,11.1,36.4,32.3,31.6,19.4
1772524690.1793752,16.5,17.3,8.8,4.0,21.8,4.1,5.0,4.1,5.1,4.1,9.0,9.0,12.0,14.7,17.0,5.1,15.0,9.0,36.0,40.0,29.0,14.0,8.0,11.1,32.0,27.0,24.2,29.3,12.0,3.1,27.7,42.0,12.0,20.2,3.1,22.2,14.1,9.0,37.0,36.0,21.8,7.1,17.0,7.0,26.0,45.0,22.4,32.0,18.2,2.1,28.3,31.3,32.4,34.3
1772524691.183022,28.6,25.0,13.1,12.0,23.5,5.0,4.0,4.0,4.0,7.1,2.0,11.3,25.0,19.4,2.0,20.2,7.1,15.0,42.0,35.7,28.0,8.1,30.0,16.0,26.3,27.0,16.0,23.2,15.3,9.2,25.0,16.0,26.5,18.8,4.0,27.7,11.0,12.0,32.3,39.0,20.0,5.1,20.8,4.1,39.0,30.7,28.7,18.2,9.9,9.0,31.7,33.0,34.0,27.0
1772524692.1831157,19.0,16.2,9.0,6.1,24.2,8.0,6.1,7.1,6.1,5.0,7.1,11.1,11.1,18.2,4.0,20.8,9.1,17.3,25.3,35.6,21.2,5.1,20.0,29.0,25.5,19.0,10.2,23.8,11.2,14.0,36.0,31.0,25.7,28.0,7.1,15.0,11.2,10.0,35.0,41.6,22.0,9.0,21.2,8.1,26.0,47.0,38.0,30.3,7.1,17.0,35.0,39.6,28.3,32.3
1772524693.1832,19.4,15.3,12.4,11.2,12.1,12.1,5.1,9.2,7.0,5.1,8.1,9.1,19.4,20.2,2.1,20.2,9.3,13.1,30.7,34.0,24.0,17.2,25.3,25.3,23.2,27.6,24.0,24.0,7.1,6.1,37.4,22.0,26.3,23.8,20.4,5.2,12.1,12.0,36.4,34.7,18.2,8.1,20.2,7.0,26.3,45.0,35.4,31.6,3.1,17.2,27.3,21.6,27.3,27.3
1772524694.1832752,15.2,15.3,8.1,4.0,6.0,3.1,5.0,22.0,5.1,3.0,7.1,7.1,11.1,14.3,5.2,18.0,13.0,10.1,32.0,28.3,20.0,25.0,24.0,10.1,28.6,28.0,32.0,25.0,15.0,9.1,37.6,32.7,26.5,22.0,22.4,12.0,10.9,12.1,33.0,31.7,15.2,16.0,15.3,5.1,26.3,44.1,28.6,24.2,14.1,6.1,36.0,37.6,30.7,34.0
1772524695.1835527,22.4,20.0,14.1,9.2,3.1,6.1,4.1,21.2,11.2,8.1,11.2,4.0,21.0,24.0,4.1,20.2,16.3,8.2,28.6,35.0,13.0,23.2,31.3,15.2,25.7,26.3,24.5,24.5,14.1,12.0,35.0,21.2,26.3,28.0,13.3,10.2,11.2,12.2,40.8,38.4,7.1,19.2,8.0,19.2,37.4,35.0,29.6,24.5,12.1,8.3,22.2,30.3,24.5,36.4
1772524696.1855123,16.3,16.8,9.0,7.1,5.1,5.1,6.0,4.0,5.1,5.1,13.1,3.1,12.0,14.1,12.1,11.9,7.0,18.8,35.6,34.7,21.0,6.1,25.0,20.2,19.4,16.2,24.8,28.7,13.0,13.9,39.2,33.0,26.7,29.0,13.9,11.1,10.1,13.0,40.2,37.4,9.0,19.8,11.9,12.1,43.1,27.3,34.7,30.0,4.0,16.7,25.3,27.0,31.7,31.0
1772524697.1859226,19.0,14.4,10.1,10.0,6.1,2.0,9.2,4.0,5.1,3.0,6.1,7.0,19.2,23.8,6.1,19.0,11.1,11.2,29.3,35.4,30.0,11.0,16.0,34.3,22.5,25.0,28.3,22.2,14.0,13.0,24.5,30.7,24.0,27.0,21.0,5.1,10.9,11.1,36.0,33.7,7.1,21.0,16.2,9.1,42.4,25.3,27.3,36.0,6.1,10.3,21.6,23.0,26.3,29.0
1772524698.1862285,21.2,12.2,11.0,7.1,4.1,6.0,7.3,3.1,6.2,7.1,9.2,8.2,15.3,16.3,4.0,20.4,20.2,8.1,26.5,30.3,30.3,14.3,21.2,19.0,30.3,29.3,23.2,32.3,13.0,11.2,40.6,28.0,28.0,27.0,12.1,6.1,11.1,13.0,40.4,39.4,8.0,21.0,18.2,8.1,42.0,25.0,27.0,30.3,12.2,13.9,34.7,34.3,36.6,29.0
1772524699.1875694,18.0,17.2,11.0,10.9,15.2,14.1,5.0,4.1,10.9,4.0,10.1,10.0,25.7,17.2,4.0,25.0,16.0,6.1,22.8,23.0,20.0,11.1,18.2,27.3,26.3,26.0,25.3,22.2,12.1,13.9,27.7,31.3,27.7,25.7,4.1,12.1,12.1,10.0,36.0,35.0,6.1,21.8,5.0,19.6,35.3,41.0,32.3,22.2,11.0,10.2,35.0,38.0,26.7,32.3
1772524700.1910863,15.5,14.3,6.1,10.1,8.1,22.2,4.1,5.1,6.1,5.0,7.9,11.2,15.2,11.1,10.1,14.1,14.0,12.0,25.0,21.2,4.1,21.0,18.2,20.0,20.0,18.2,30.0,25.3,13.0,12.2,39.6,33.7,26.5,26.7,1.0,23.0,12.9,11.1,39.4,36.0,20.0,9.1,10.1,14.4,33.3,22.2,32.3,33.7,14.1,5.1,25.3,35.6,29.6,35.4
1772524701.1932817,20.2,21.0,13.1,21.2,11.5,13.1,14.3,4.0,6.1,3.1,6.1,8.1,24.0,20.8,19.2,2.0,4.1,16.0,25.5,20.8,28.0,16.0,27.3,26.7,17.3,30.0,30.3,20.2,12.9,14.9,31.7,31.0,27.0,27.0,4.0,20.2,8.2,13.0,36.6,43.0,20.0,8.0,13.9,11.1,33.7,19.2,33.3,30.7,19.0,4.0,38.0,35.0,26.0,29.7
1772524702.1933591,10.6,15.0,4.1,32.0,10.3,16.2,5.1,5.1,8.0,6.9,12.2,7.0,14.1,16.2,21.2,1.0,16.2,9.0,31.3,24.7,28.3,15.2,9.1,8.2,27.0,25.3,16.0,18.2,12.1,13.1,36.0,30.3,28.0,25.0,2.0,26.0,9.1,11.1,33.3,36.6,17.0,7.0,9.0,9.1,20.8,27.7,33.7,20.2,15.0,3.1,34.0,33.3,31.7,30.0
1772524703.1973872,20.4,17.0,15.2,16.8,7.0,13.0,5.1,4.0,10.1,1.0,11.0,12.0,20.2,18.0,15.2,6.1,9.9,13.1,34.7,32.7,24.0,10.0,18.2,17.3,26.3,32.0,18.0,21.0,13.9,14.9,26.0,16.0,23.0,27.7,5.0,25.3,12.0,12.1,37.6,32.3,22.8,5.1,13.1,13.0,24.5,25.7,27.7,26.5,6.1,12.1,30.7,22.4,19.8,37.4
1772524704.1982121,13.3,14.3,7.0,4.0,4.1,4.0,7.1,1.0,7.1,3.0,7.2,7.1,13.0,16.8,2.0,21.8,5.1,17.0,32.0,29.7,9.1,16.0,23.0,15.0,13.3,20.4,20.2,13.1,13.1,12.1,21.0,33.7,29.0,22.0,4.1,17.0,12.1,10.2,33.0,34.0,16.8,9.1,15.0,7.1,20.8,29.6,27.3,28.7,10.1,7.0,30.3,31.4,28.3,33.7
1772524705.200394,21.0,19.4,15.8,13.1,10.2,21.2,5.1,4.0,3.1,5.1,7.1,5.1,22.2,14.4,15.2,6.2,14.0,14.1,37.8,27.3,24.0,17.2,26.0,30.3,32.4,21.0,17.2,21.4,13.1,14.0,26.0,32.0,26.0,28.7,17.8,7.1,12.1,11.1,39.4,36.7,7.1,21.0,11.1,17.0,26.3,26.7,38.4,37.0,4.0,15.2,26.0,35.7,28.0,31.3
1772524706.201004,15.6,25.0,10.2,3.1,7.1,21.8,6.2,9.2,5.1,7.9,8.1,3.1,18.4,13.3,19.0,2.0,10.0,15.0,30.7,25.7,30.7,12.2,12.2,28.0,28.3,27.3,25.0,25.0,12.1,12.2,35.4,40.2,25.0,25.7,13.1,14.0,11.0,14.9,36.4,37.6,4.1,15.2,16.0,2.0,38.6,30.6,27.3,30.6,1.0,16.2,31.7,24.8,29.7,29.7
1772524707.2010946,16.8,13.1,9.1,10.2,19.2,9.2,4.0,5.1,7.1,4.0,3.0,12.9,18.0,19.0,31.0,10.1,14.1,12.2,34.3,34.3,25.0,11.0,14.0,29.3,27.6,27.0,29.6,25.0,12.1,14.0,34.3,26.3,22.8,21.2,12.2,17.2,12.1,12.1,33.0,39.4,22.0,7.1,8.1,15.2,23.2,38.0,17.2,32.0,3.0,17.2,33.7,40.4,34.3,23.5
1772524708.201532,21.2,15.2,9.8,7.9,5.1,22.0,9.1,4.1,10.0,6.9,7.9,9.1,18.2,19.0,20.0,20.0,14.0,8.0,35.6,30.6,22.2,4.0,13.1,29.7,18.2,21.2,26.0,24.2,13.9,14.9,29.7,41.6,19.0,15.0,4.0,19.8,9.9,13.0,36.6,41.0,23.8,7.8,5.0,18.0,25.5,30.4,27.7,26.0,3.0,17.2,27.7,28.0,31.0,32.3
1772524709.2031412,26.8,13.4,10.2,6.1,5.2,22.0,6.0,9.0,10.2,6.1,11.2,7.2,18.2,16.3,43.0,13.1,9.2,18.0,36.4,34.0,29.6,8.2,18.2,18.4,18.0,27.8,26.3,30.3,12.1,13.1,21.2,40.4,20.2,15.0,6.1,6.2,12.2,10.3,40.4,33.0,21.2,5.1,13.3,16.0,25.5,26.0,35.7,36.1,5.0,22.0,38.4,40.4,28.3,31.7
1772524710.2058594,22.4,23.0,10.0,9.0,11.1,7.1,3.1,6.1,9.0,4.0,6.1,2.0,15.8,15.8,29.7,19.0,13.1,6.1,37.4,37.0,30.7,13.9,25.0,26.7,27.6,26.5,25.0,21.0,26.7,14.0,34.7,34.0,11.8,16.3,2.0,2.0,8.2,10.0,32.0,32.0,13.0,9.0,8.0,9.1,18.0,31.3,25.0,36.3,4.0,10.0,16.0,26.7,31.4,23.2
1772524711.210334,12.1,18.2,5.1,17.3,8.1,3.0,5.1,9.3,7.1,5.1,11.9,6.1,16.8,18.6,18.6,19.8,24.2,8.0,38.4,40.6,24.2,11.1,18.4,20.0,32.0,29.6,28.0,29.3,13.3,19.4,29.3,32.4,19.0,20.0,13.1,19.0,12.1,11.9,41.4,36.0,8.1,21.2,5.1,19.0,19.2,34.0,28.0,26.5,15.0,4.1,18.0,27.0,32.3,21.2
1772524712.2135563,20.6,15.0,11.3,10.1,4.2,4.1,5.1,8.8,7.0,5.1,5.2,13.1,18.4,19.0,34.7,18.2,16.0,12.0,36.6,30.0,9.0,20.2,28.0,19.4,23.8,16.2,26.3,25.0,7.1,8.0,40.2,31.3,28.3,26.7,2.0,21.0,10.1,10.1,35.4,38.0,11.1,18.0,5.1,19.2,31.0,32.0,25.8,31.3,12.1,9.1,35.6,39.0,30.3,30.0
1772524713.2136521,16.3,10.3,7.0,4.0,6.0,5.0,4.1,4.1,5.1,5.1,4.0,12.0,21.8,13.1,13.9,18.0,12.2,22.2,33.0,36.4,22.0,26.7,22.8,13.1,31.3,20.2,27.0,29.3,4.0,4.1,23.2,33.0,22.8,29.7,3.1,22.2,17.8,12.1,40.6,34.3,11.0,15.0,3.0,22.2,29.3,40.6,33.7,38.4,8.2,9.1,37.6,24.0,26.0,30.7
1772524714.2181802,18.4,19.8,14.1,13.1,7.1,1.0,10.1,6.1,7.1,5.9,5.0,9.2,16.2,21.2,26.3,19.0,12.9,17.2,32.0,34.3,13.3,30.3,18.6,16.3,29.6,33.7,16.2,22.0,13.1,7.1,23.8,41.6,24.8,28.7,5.0,21.2,13.0,11.1,40.4,32.3,7.9,19.8,7.1,18.0,39.0,29.3,28.6,30.0,5.0,17.0,28.6,35.4,32.0,31.0
1772524715.219631,19.4,9.2,6.1,2.0,8.1,4.1,5.1,3.0,3.0,4.1,13.3,6.1,19.0,13.0,16.0,19.8,11.1,15.2,29.3,33.3,5.0,23.2,26.0,10.1,28.3,22.2,14.1,13.3,11.2,15.8,20.0,17.0,27.7,26.5,10.2,22.4,11.1,10.0,39.6,37.0,8.2,19.0,17.0,10.1,44.6,25.3,20.4,27.6,4.0,18.0,33.7,35.0,30.3,23.5
1772524716.2202384,21.0,17.0,12.0,11.9,27.0,12.0,6.0,4.0,3.1,7.1,12.1,5.0,16.2,21.2,3.0,20.0,13.0,12.0,31.0,29.0,22.0,12.0,19.4,28.7,19.0,21.2,11.0,20.0,12.1,13.1,37.0,32.0,22.0,27.0,11.9,11.2,14.1,8.1,35.7,38.0,16.0,9.1,16.0,8.2,44.6,25.3,25.0,30.0,2.0,19.0,32.7,26.3,31.0,30.7
1772524717.2234776,18.4,14.4,9.1,6.1,16.3,11.1,5.1,5.1,6.1,4.0,8.1,9.1,20.6,12.1,2.0,21.0,12.1,15.0,22.0,30.0,12.0,29.3,19.2,30.7,28.3,29.0,27.3,29.0,12.7,13.9,33.0,29.0,27.7,27.7,17.3,7.1,12.0,12.1,40.6,39.4,14.0,16.8,16.2,15.8,39.0,31.3,38.0,36.6,15.0,8.2,41.6,30.3,32.7,28.7
1772524718.224297,21.0,12.1,11.1,12.2,20.4,5.2,6.1,10.2,6.0,4.0,4.0,8.2,19.0,15.2,1.0,21.4,12.9,8.2,24.2,20.2,17.2,23.0,20.2,25.3,25.5,30.0,23.0,23.5,12.1,12.2,43.6,26.7,25.3,24.8,9.1,16.0,12.1,11.1,37.0,37.6,6.1,15.3,6.1,19.2,21.0,33.0,32.7,30.6,7.1,8.2,33.3,26.0,32.0,26.5
1772524719.2269192,18.2,14.0,8.2,5.0,12.0,4.0,7.0,4.0,6.1,2.0,8.1,2.0,16.2,12.0,14.0,8.9,6.1,16.0,23.8,20.2,15.2,11.0,7.1,28.0,30.0,18.0,22.8,32.7,12.0,13.0,26.3,28.0,33.7,20.8,17.2,15.2,13.0,10.9,35.0,33.7,7.0,25.2,7.0,16.2,24.2,35.6,24.2,26.7,6.1,13.9,31.3,24.2,27.0,28.0
1772524720.2278714,17.3,18.4,12.0,10.1,9.0,7.0,7.1,5.1,4.0,7.1,7.1,8.0,20.0,23.0,2.0,18.0,7.0,19.0,27.0,18.0,11.1,20.2,20.0,20.2,24.2,15.0,26.3,24.0,13.7,14.9,26.5,51.0,26.5,27.5,19.0,4.0,11.0,11.2,36.0,42.2,11.0,16.0,10.0,15.8,24.0,47.5,20.0,23.0,16.7,4.0,38.6,35.6,26.7,36.6
1772524721.2279756,17.8,13.1,8.9,6.2,23.2,5.1,8.0,23.7,4.0,7.1,4.1,7.2,14.3,12.2,18.2,10.1,14.4,7.1,33.3,35.0,17.8,27.0,5.1,14.1,28.7,27.3,19.4,32.3,11.1,13.1,16.2,30.0,19.4,23.2,1.0,4.1,12.0,10.1,30.3,32.7,19.2,5.1,9.3,12.1,34.3,25.3,34.0,40.0,1.0,17.2,28.3,25.5,18.2,28.3
1772524722.2280617,18.2,15.2,8.2,17.3,26.7,3.1,11.2,28.0,4.1,9.1,5.1,10.1,16.3,22.2,20.0,1.0,11.9,11.1,34.7,31.0,20.2,22.0,20.2,14.1,27.6,28.6,20.8,30.0,13.1,12.1,39.0,31.7,25.7,27.0,4.0,14.1,10.1,10.2,34.3,39.4,7.1,18.0,7.0,17.2,40.0,15.2,37.1,34.7,4.0,16.2,33.7,28.3,35.6,32.0
1772524723.2294226,18.0,11.2,10.2,12.0,23.0,4.0,5.0,2.0,1.0,5.9,2.0,7.1,14.9,11.9,20.0,3.0,12.1,7.0,32.4,28.3,3.0,22.8,11.0,4.1,19.2,23.8,25.3,28.3,26.7,14.9,33.7,17.3,25.0,22.8,10.0,23.0,10.0,12.1,28.7,35.6,5.1,18.0,3.1,15.2,33.7,17.8,24.0,18.4,7.0,9.0,18.0,22.2,22.4,32.3
1772524724.230197,15.8,14.1,9.9,5.1,23.8,4.0,4.0,6.0,4.0,5.2,4.1,8.2,18.2,16.5,17.2,2.0,17.2,29.0,32.3,33.0,10.0,26.3,11.1,12.0,19.2,22.2,25.0,23.2,12.2,13.1,39.6,24.8,31.7,21.8,3.0,21.0,12.1,12.1,37.4,33.3,6.0,19.0,15.0,24.2,26.3,22.2,25.5,18.2,17.2,1.0,28.3,31.7,27.3,29.7
1772524725.2302809,19.4,15.5,18.2,12.0,22.2,7.0,3.1,4.1,6.1,5.1,7.1,7.0,17.2,17.8,18.2,2.0,9.0,13.1,33.7,29.3,21.4,23.0,12.2,19.2,29.0,27.0,26.5,28.3,15.0,13.0,29.3,32.7,29.0,25.0,6.1,17.2,12.0,8.1,36.0,43.6,11.2,17.0,10.1,17.2,30.3,35.0,38.0,38.0,15.2,5.0,34.0,38.0,33.0,26.3
1772524726.2381172,15.5,14.0,6.1,4.0,9.0,11.0,12.0,4.0,6.1,3.0,7.1,6.0,17.2,19.0,14.0,11.9,8.0,16.0,34.7,31.3,17.0,19.2,26.5,24.8,28.0,31.0,22.0,20.0,12.1,11.1,29.4,23.0,25.5,29.7,7.9,17.8,11.1,10.9,35.0,38.0,17.8,11.0,16.0,4.0,35.6,34.0,38.4,35.4,13.0,6.0,36.0,29.3,29.0,36.6
1772524727.2424564,18.0,20.2,15.0,13.9,5.1,11.1,5.1,5.1,6.0,6.0,4.0,10.1,18.0,17.2,4.0,18.2,7.1,17.3,37.4,35.0,5.0,22.0,21.8,27.0,29.0,21.4,8.0,12.0,14.9,13.1,24.0,28.7,27.0,26.7,10.1,24.0,12.0,11.1,37.0,39.6,19.0,10.1,11.0,16.2,27.6,44.4,18.4,29.0,13.0,9.2,34.7,30.0,37.0,27.6
1772524728.25165,29.0,24.2,10.9,12.0,4.1,10.0,6.0,5.1,4.0,8.0,15.2,5.0,23.0,21.0,2.0,20.6,9.0,19.6,47.5,43.7,10.0,34.0,17.0,27.7,32.3,24.8,26.7,17.0,25.0,19.0,45.1,27.0,24.3,15.8,8.1,15.2,14.0,11.9,36.6,39.6,21.8,7.1,6.1,20.8,38.2,37.6,20.8,28.0,11.1,10.8,40.6,43.6,40.2,29.7
1772524729.2517548,22.7,15.3,9.3,8.2,7.0,5.1,3.1,4.1,4.1,4.1,10.1,8.2,15.3,13.3,4.0,20.4,11.1,10.2,37.8,32.3,15.3,30.3,12.2,14.4,30.0,31.3,24.0,33.0,27.6,29.3,34.3,31.0,18.4,13.1,16.3,5.2,10.2,12.1,29.0,35.4,20.2,8.1,4.1,14.3,25.5,43.0,44.4,39.8,15.2,3.1,31.3,23.2,30.6,25.0
1772524730.254065,21.6,13.1,11.0,6.1,6.1,5.1,8.2,11.1,4.0,4.0,7.1,10.1,25.0,18.0,1.0,16.2,7.1,19.0,37.0,30.3,8.1,26.0,18.2,28.3,27.3,29.3,26.3,23.7,13.1,16.0,38.6,28.7,14.1,17.2,18.0,17.2,11.0,12.1,34.7,37.6,22.8,6.1,15.0,9.1,33.3,22.0,30.9,36.4,10.0,10.1,36.6,31.3,40.6,29.3
1772524731.2557185,21.8,10.1,10.2,8.1,3.0,15.3,5.2,7.1,5.1,7.1,10.1,2.0,18.0,13.0,2.0,23.0,7.8,18.0,33.7,38.2,16.2,13.1,19.0,21.0,14.1,24.0,29.0,28.7,6.1,4.1,31.0,34.7,22.4,29.0,14.1,12.1,11.2,11.1,41.6,36.7,19.0,7.1,16.2,9.0,46.5,25.5,20.2,25.7,10.0,10.1,29.7,31.0,19.2,37.6
1772524732.2585247,17.5,14.1,6.1,6.1,14.1,15.0,7.1,2.0,7.9,5.1,10.1,4.0,14.0,14.0,3.0,18.8,9.1,18.4,30.3,35.0,20.0,25.0,26.3,16.0,28.0,12.2,25.3,23.8,3.1,5.1,31.0,32.0,24.0,26.7,2.0,21.0,10.1,13.3,30.3,37.6,13.0,15.0,19.0,5.1,42.4,24.0,21.8,11.2,3.0,19.2,27.3,33.0,26.5,35.4
1772524733.2593608,21.0,12.2,14.0,13.0,12.4,12.1,5.1,3.0,3.1,7.9,3.0,11.1,25.3,20.2,0.0,20.2,6.2,17.8,31.3,31.0,22.0,24.8,10.0,31.0,34.0,30.3,31.0,27.6,3.0,5.1,44.6,24.8,27.7,27.0,4.1,2.1,14.0,12.7,39.6,38.0,7.1,21.0,15.0,10.0,37.3,30.7,43.6,37.0,7.1,10.0,38.6,38.0,25.5,38.0
1772524734.2598464,14.7,19.2,9.2,5.9,22.2,10.1,6.1,12.1,5.2,1.0,5.1,8.0,17.2,16.2,1.0,22.0,18.0,6.1,34.7,33.0,5.1,24.2,40.0,13.3,33.3,25.3,27.3,27.0,9.2,5.1,35.4,23.2,26.7,26.0,24.2,10.0,12.1,12.4,37.6,39.4,7.1,19.2,10.0,13.1,29.6,42.0,34.3,40.8,17.0,5.1,25.0,33.7,24.5,38.0
1772524735.2599337,12.2,16.2,13.4,11.1,11.1,5.1,5.1,7.1,6.1,3.1,10.1,4.0,18.0,14.1,17.0,4.0,13.9,12.1,27.3,30.0,16.2,21.2,24.0,17.0,17.2,17.3,26.0,22.2,13.0,14.0,31.4,30.3,22.0,26.5,21.2,3.0,14.3,9.0,36.4,35.6,20.0,5.1,7.1,13.1,31.6,39.4,25.8,17.0,10.0,6.1,23.7,16.0,19.8,35.6
1772524736.260656,17.0,12.1,15.0,5.1,5.0,6.1,5.0,6.1,5.0,8.1,6.1,9.3,16.3,12.2,11.1,11.2,14.1,14.9,18.2,22.2,24.0,21.2,22.0,19.4,25.0,15.8,7.1,16.2,14.7,12.1,34.0,29.3,27.0,25.0,22.2,3.1,10.1,10.1,32.3,38.8,28.3,5.1,13.1,10.1,41.6,26.3,19.0,23.2,7.1,13.9,36.6,31.3,25.5,28.3
1772524737.2617064,13.3,19.4,29.6,9.1,14.1,14.0,5.1,4.1,9.1,5.1,7.1,3.1,19.0,21.0,6.1,15.0,8.1,13.3,20.2,20.2,26.3,10.0,22.2,19.0,28.0,29.0,15.2,19.2,12.2,14.9,25.0,34.7,23.8,25.3,20.2,1.0,10.0,12.1,34.7,31.0,12.9,13.9,9.0,13.1,36.6,29.7,28.0,32.3,3.1,13.1,23.2,25.7,27.0,30.0
1772524738.2635856,20.4,13.1,38.0,7.0,8.2,24.0,12.0,7.0,4.0,7.1,6.1,9.0,17.0,12.1,20.2,4.0,8.9,21.8,25.0,22.0,22.0,6.1,24.0,33.0,27.0,30.9,13.1,16.0,14.0,12.0,38.6,36.3,24.0,32.7,27.0,7.1,12.0,13.1,41.4,36.4,6.1,22.0,10.0,20.8,32.3,41.4,40.4,33.0,13.0,13.3,37.6,38.4,33.0,27.7
1772524739.263816,21.0,15.8,23.2,11.1,4.1,23.8,4.1,3.1,6.1,2.0,7.1,3.1,21.2,20.6,22.5,5.1,3.1,15.5,27.3,27.0,27.0,22.0,19.0,20.4,22.4,20.4,22.2,30.0,14.0,12.1,22.0,17.2,28.7,19.0,14.0,8.1,12.1,10.9,34.3,36.0,10.1,14.1,13.1,8.0,31.3,38.0,31.0,32.0,15.8,5.0,30.0,34.7,34.0,23.7
1772524740.2639015,15.8,16.0,9.0,10.2,4.0,22.2,5.1,6.1,5.1,7.1,5.2,9.1,12.2,15.8,5.1,13.1,12.0,16.8,28.0,35.4,23.5,32.3,29.3,17.2,18.4,27.7,15.0,18.6,12.1,14.9,38.6,21.0,26.0,28.3,6.2,17.0,9.1,13.1,38.4,33.0,22.0,7.1,21.2,5.1,35.0,39.6,22.2,22.0,13.3,8.2,31.6,23.2,29.3,32.0
1772524741.2672586,18.2,18.2,11.2,11.1,16.3,9.9,6.0,3.0,2.0,6.1,3.0,10.2,20.8,21.0,2.0,22.0,15.0,7.1,38.0,26.0,20.8,11.1,19.0,13.0,27.7,29.0,22.0,22.2,12.1,14.0,34.0,28.0,27.0,24.8,13.9,16.2,11.1,11.1,42.2,29.7,15.2,11.1,17.0,5.1,28.0,14.9,32.0,25.0,2.0,17.0,34.7,31.3,34.7,31.0
1772524742.2695525,11.3,15.2,9.1,6.0,23.0,3.0,5.2,9.2,5.0,7.0,3.1,12.0,14.1,12.2,14.1,9.1,18.2,9.1,34.3,27.0,28.7,8.0,16.0,9.3,29.7,26.5,24.2,24.5,13.9,12.1,27.0,26.3,27.7,24.2,13.1,17.2,10.1,13.0,32.7,38.8,7.0,19.0,19.8,4.0,9.1,22.2,29.3,41.4,5.0,16.3,33.3,35.6,26.0,27.7
1772524743.2737596,14.1,22.2,10.8,9.1,12.1,9.1,4.0,7.0,6.1,4.0,3.0,9.0,21.8,18.8,12.0,9.1,7.0,15.8,34.7,31.3,35.6,10.1,23.0,23.8,24.0,15.8,21.0,14.3,12.9,13.0,32.7,43.1,26.7,26.5,2.0,20.8,11.0,12.1,35.6,38.6,21.0,8.0,18.2,10.0,30.7,27.0,32.7,28.3,1.0,15.8,27.0,23.2,42.4,26.7
1772524744.2778597,14.4,16.2,10.1,21.0,3.1,5.1,5.1,4.0,5.1,4.1,14.0,5.1,21.2,12.2,14.1,5.1,15.0,11.0,29.0,35.0,28.3,13.3,23.2,18.2,29.7,20.2,23.0,17.2,12.1,13.0,29.0,28.3,27.7,27.0,4.1,5.0,11.0,14.0,40.6,35.4,8.0,19.0,8.1,10.9,21.4,31.0,22.0,22.0,4.0,14.1,30.3,40.2,32.7,29.3
1772524745.2796884,17.8,19.2,3.1,16.2,4.0,3.0,4.1,6.0,7.0,6.1,5.1,10.0,11.1,13.1,19.2,3.1,17.0,6.1,33.7,32.7,21.8,5.0,29.4,19.0,28.0,32.0,21.2,33.0,13.0,15.0,29.0,40.6,24.2,26.5,9.1,3.0,11.1,9.1,39.0,30.3,12.0,14.0,5.1,16.3,27.0,35.3,23.8,25.0,6.1,15.0,26.0,25.3,24.0,39.6
1772524746.2934854,20.4,17.8,13.9,14.9,7.9,3.0,9.8,12.1,7.9,5.0,8.0,11.0,24.8,21.6,5.0,19.4,15.0,14.0,36.0,37.4,23.0,8.9,22.8,28.0,29.0,26.5,28.0,23.2,20.0,12.0,26.7,40.2,30.4,24.8,22.2,10.9,10.9,13.0,37.4,43.0,19.8,7.9,12.9,13.9,28.7,42.6,38.6,37.3,5.1,17.2,38.2,39.4,25.0,32.7
1772524747.2935736,24.7,24.5,5.2,2.1,5.2,6.2,4.1,4.1,7.2,3.1,5.1,6.1,14.4,12.4,3.0,20.4,17.0,7.1,35.4,44.0,36.4,11.2,27.3,16.0,20.2,19.6,23.2,33.3,29.7,33.0,31.3,29.3,23.0,16.2,3.0,21.2,11.0,11.1,38.0,36.3,17.0,14.1,16.3,4.1,41.6,27.0,29.6,37.1,14.9,4.0,32.3,34.7,30.3,32.7
1772524748.2940085,21.4,19.4,17.0,11.0,9.1,18.0,7.9,3.1,7.0,5.0,4.1,9.1,18.0,23.5,3.0,18.2,16.2,5.1,34.7,31.7,18.2,24.0,15.2,18.4,24.0,27.3,23.5,23.2,17.0,17.2,37.6,29.7,11.1,21.2,2.0,22.0,10.0,14.0,36.4,28.6,21.0,6.0,20.8,5.0,45.0,27.0,19.2,29.3,13.0,8.0,21.2,18.2,25.7,32.7
1772524749.2950115,18.2,13.0,7.1,5.1,14.3,11.0,5.2,4.0,5.1,4.0,5.1,9.2,17.0,11.1,12.2,9.1,14.1,5.1,32.3,32.0,16.0,10.1,24.2,18.0,24.2,32.7,24.2,30.0,12.0,12.9,35.0,29.0,17.0,17.8,21.2,2.0,9.2,14.0,38.2,32.7,22.0,5.1,17.0,6.0,44.6,21.2,12.1,24.2,15.2,2.0,27.0,24.0,30.7,30.7
1772524750.2973309,16.8,13.1,10.1,6.1,9.2,20.0,9.0,11.0,5.1,4.1,6.0,9.0,17.3,10.2,13.0,9.1,18.0,5.0,31.3,24.2,21.8,3.0,23.0,25.7,27.0,20.2,24.2,25.0,13.9,13.0,27.7,18.0,19.0,10.1,23.0,10.1,8.0,13.1,35.4,33.7,19.8,8.0,12.0,12.0,35.0,30.3,29.0,38.6,10.1,9.9,21.2,29.0,26.0,20.4
1772524751.2988846,20.0,21.2,12.0,8.1,8.1,11.1,5.1,5.1,6.1,4.1,8.2,5.2,18.4,21.8,6.0,17.3,16.2,13.0,35.6,35.0,37.0,17.0,19.0,25.3,24.0,17.3,30.3,21.2,9.2,9.2,29.0,29.3,15.2,32.7,20.2,4.0,12.0,13.1,39.4,37.8,23.0,9.0,5.1,18.6,25.3,47.0,35.7,41.4,17.0,6.1,36.4,36.4,34.3,32.7
1772524752.2997315,21.2,13.1,13.0,8.1,8.9,5.1,4.0,5.1,6.0,4.0,3.0,9.0,16.8,7.1,19.0,4.0,12.0,12.0,28.0,31.0,26.7,19.2,19.0,16.0,34.7,21.2,21.2,15.3,4.0,3.0,27.5,34.7,18.8,29.0,9.0,10.2,11.0,10.1,34.7,33.0,7.0,20.0,5.1,13.1,23.8,43.6,18.8,32.0,7.1,15.2,28.0,31.0,26.0,29.0
1772524753.300552,17.5,14.3,10.2,8.1,18.6,9.0,9.1,5.1,7.1,9.1,9.1,10.1,21.2,23.2,16.3,2.0,12.1,14.3,31.3,40.6,13.9,13.3,14.3,5.1,27.0,34.3,11.2,21.0,4.1,5.1,36.4,27.7,29.0,24.0,19.8,6.1,9.1,12.0,43.4,35.0,8.2,18.0,7.0,18.2,43.0,29.3,33.3,14.1,12.2,8.2,22.2,31.6,23.8,38.6
1772524754.3018076,20.0,17.2,10.0,11.1,23.2,4.1,8.1,11.2,6.1,3.1,4.0,4.1,14.3,12.1,21.0,2.0,14.3,12.1,23.8,19.6,28.3,9.0,14.1,27.3,16.5,24.0,28.7,17.2,2.0,5.0,39.6,29.7,23.0,28.3,13.3,21.2,11.1,13.0,33.3,40.0,17.0,11.9,6.1,15.8,40.2,24.2,34.7,33.7,12.1,6.1,37.0,31.7,30.3,29.0
1772524755.3035028,18.2,18.0,8.2,9.9,23.2,4.0,5.1,5.1,6.1,6.1,8.2,10.1,24.2,24.0,22.0,3.0,13.0,14.1,16.2,35.0,32.0,14.1,19.0,30.4,25.7,20.4,23.2,14.3,7.1,13.1,33.3,32.3,27.0,28.3,14.3,8.1,12.0,12.1,43.0,37.4,19.0,7.1,14.1,11.0,35.0,21.2,38.0,40.8,5.9,20.2,41.6,37.4,36.0,29.0
1772524756.3035822,19.4,14.3,11.2,9.2,26.3,2.0,4.1,6.1,8.1,6.1,8.2,4.1,14.3,14.1,16.2,3.1,12.2,13.9,22.8,26.3,27.0,12.1,24.0,23.5,25.3,32.7,25.3,31.0,14.0,13.0,28.3,41.6,21.8,29.0,17.0,5.0,12.1,11.1,34.0,37.6,17.0,14.0,17.8,5.1,41.0,30.3,20.6,29.9,2.1,17.0,29.3,32.3,33.0,27.6
1772524757.3043077,11.5,11.1,10.2,4.0,19.4,6.1,4.0,7.1,4.1,3.0,8.0,5.1,23.8,14.1,3.0,18.0,10.0,14.3,28.0,21.0,22.0,3.0,25.0,13.0,30.3,28.3,25.3,22.2,13.0,12.0,27.5,33.3,23.8,31.4,3.0,1.0,11.1,11.0,36.6,34.3,19.0,7.9,12.0,10.0,30.6,41.0,18.2,23.2,11.0,7.0,34.0,34.7,30.0,25.0
1772524758.30738,22.2,18.4,12.1,10.0,12.1,19.0,12.1,6.1,5.0,7.0,10.2,5.1,13.3,21.8,2.0,20.2,15.0,13.1,32.3,31.7,29.3,11.1,26.3,20.2,21.8,19.0,27.0,30.3,15.8,11.1,25.7,35.0,22.0,28.0,11.2,17.0,11.9,13.1,36.0,40.4,15.8,13.1,19.2,5.1,36.3,34.7,33.3,30.7,18.0,4.0,32.0,28.3,32.0,33.0
1772524759.3089812,17.3,19.2,6.3,6.1,15.2,15.0,4.1,5.1,3.1,7.1,5.1,8.1,18.2,21.2,13.0,10.1,11.1,16.8,33.0,36.4,33.0,12.4,34.0,22.2,28.6,30.3,26.0,29.3,13.3,13.1,33.3,39.0,31.7,20.8,3.1,20.2,13.1,10.1,33.3,37.0,4.1,21.0,19.2,6.1,28.7,43.0,38.1,36.1,4.0,16.2,36.7,36.4,30.3,36.6
1772524760.3090703,21.4,12.1,15.2,16.2,10.3,16.3,4.0,5.1,5.2,4.0,5.0,9.0,17.0,15.2,1.0,20.0,7.1,18.4,25.3,33.0,24.2,12.1,18.2,20.0,32.0,28.6,27.0,27.0,13.0,13.1,34.3,22.0,27.3,27.0,3.1,21.2,11.1,11.0,32.3,41.0,7.1,18.2,17.2,7.0,28.3,41.4,25.3,30.9,4.0,15.0,33.7,28.0,32.0,24.2
1772524761.309894,13.4,14.1,7.1,5.0,6.1,20.8,3.0,7.1,6.0,4.1,2.0,7.1,16.3,20.2,15.0,10.2,12.1,12.0,32.0,32.0,23.8,4.0,21.2,14.0,19.4,24.0,23.2,21.8,13.1,13.3,31.0,42.4,24.5,34.7,4.0,21.2,11.1,12.0,39.0,33.0,5.1,20.8,10.2,13.1,20.0,37.0,31.0,19.2,16.0,2.1,21.0,18.0,29.7,29.7
1772524762.3137014,20.2,17.2,13.3,10.1,7.1,4.1,5.2,10.0,5.1,7.0,4.0,9.0,17.0,21.0,21.0,3.0,18.8,8.1,33.3,31.0,24.8,16.7,11.1,14.1,25.7,17.0,18.0,15.2,13.0,14.9,32.7,23.5,28.7,29.4,10.1,24.5,10.9,13.0,35.0,39.0,15.8,12.9,8.8,17.2,28.7,19.8,19.8,37.9,18.8,3.0,28.0,30.0,27.3,36.0
1772524763.3141847,12.5,13.1,12.1,2.0,5.1,12.0,4.1,7.1,3.0,6.1,2.0,6.2,14.1,17.3,20.4,1.0,9.1,10.1,29.0,30.6,31.3,14.1,14.1,13.1,31.3,26.3,18.0,12.2,13.1,12.2,23.0,29.3,22.2,26.3,7.1,15.3,9.2,12.2,35.4,31.3,19.2,6.1,4.1,16.0,24.2,28.3,38.4,32.7,14.3,5.1,26.5,33.3,27.0,30.3
1772524764.3163447,19.0,17.2,9.4,10.0,3.1,22.2,2.0,6.1,6.1,8.0,8.1,6.1,19.0,17.8,18.0,3.0,8.1,15.8,32.7,37.6,26.7,8.1,9.1,15.2,32.7,26.0,21.8,21.0,12.1,13.0,17.0,40.2,25.7,23.0,5.0,16.2,9.9,12.2,31.3,41.0,18.0,7.1,8.0,19.8,18.2,34.3,31.3,35.4,10.0,11.1,37.6,33.3,29.0,30.7
1772524765.3189666,18.4,13.1,8.0,6.0,11.2,18.6,12.1,4.0,7.1,3.1,5.1,10.0,23.8,11.2,22.5,3.0,7.9,16.8,46.5,41.8,19.2,5.1,23.5,19.0,27.3,22.0,25.5,27.0,22.0,30.3,25.2,43.6,26.7,26.7,14.1,9.1,9.0,11.0,42.6,39.4,15.8,14.0,17.2,9.1,42.6,31.7,17.2,18.0,5.1,12.2,32.7,35.3,34.7,28.4
1772524766.319622,25.8,28.6,12.4,13.1,23.2,5.1,6.1,4.0,3.1,4.1,7.2,5.1,18.2,22.0,17.5,2.0,9.2,15.3,29.6,32.7,13.1,32.3,24.2,17.3,21.0,19.6,27.3,25.5,21.6,27.0,37.4,23.0,25.0,25.3,14.1,18.4,11.1,13.1,29.3,40.2,18.0,9.1,5.1,17.2,23.2,41.4,27.0,38.4,17.0,4.1,36.4,26.5,34.0,21.6
1772524767.321012,21.2,20.8,7.1,3.1,15.0,15.3,5.1,5.1,7.1,3.1,11.1,6.1,17.3,17.0,22.5,2.0,16.3,10.0,38.6,31.3,15.2,30.6,24.2,27.3,35.7,28.7,14.1,17.2,13.9,14.0,45.5,22.2,29.7,20.0,20.8,4.0,12.1,10.0,39.4,39.8,22.8,10.0,13.1,13.1,19.2,32.0,33.0,41.6,3.1,19.0,39.0,41.0,28.0,37.6
1772524768.3218284,17.0,16.3,15.8,14.9,6.1,22.8,8.0,6.0,4.1,6.9,3.0,10.1,22.0,18.0,20.2,4.0,16.0,12.1,24.2,33.0,8.0,23.5,13.0,31.0,28.3,29.3,22.2,17.2,12.0,13.0,30.7,29.7,13.0,18.0,4.1,2.1,9.9,10.0,35.3,35.6,22.0,3.0,11.9,11.0,35.4,32.4,37.6,34.0,7.9,13.9,27.0,29.0,24.2,32.3
1772524769.3233538,13.4,14.1,6.1,2.1,7.1,18.4,6.1,6.2,3.0,5.1,3.0,6.0,17.2,10.2,5.1,14.3,13.1,12.0,30.0,30.0,3.1,21.0,8.2,9.0,21.2,19.2,22.2,6.1,14.0,12.0,35.7,30.3,15.2,15.2,6.1,10.0,11.1,9.1,32.7,33.0,20.2,6.1,19.0,5.1,41.6,26.3,14.0,20.0,10.2,4.1,28.3,35.0,17.2,39.0
1772524770.3234367,18.4,21.0,15.0,6.1,12.2,13.1,7.3,10.1,4.1,5.9,4.1,7.1,19.8,19.0,21.0,2.0,15.0,6.1,31.3,30.0,25.7,21.0,16.3,17.2,20.2,19.0,29.4,26.3,13.0,11.2,35.6,25.0,18.2,14.1,22.2,10.1,12.9,10.1,36.4,27.3,21.8,6.0,4.0,14.3,41.4,26.3,26.3,29.0,15.0,4.0,27.0,31.0,24.0,33.3
1772524771.3260407,13.4,14.3,8.2,11.1,11.2,17.8,6.0,4.0,8.0,3.1,5.1,10.1,15.2,15.0,14.3,6.1,19.0,7.1,31.0,34.7,27.6,14.1,24.8,16.2,29.0,25.0,22.2,24.2,13.0,13.0,25.0,33.0,22.3,14.9,22.0,2.0,10.1,11.1,37.0,35.0,17.2,11.1,15.3,13.1,44.6,25.3,32.7,42.0,16.2,3.0,26.3,32.0,32.3,27.5
1772524772.3267317,16.5,19.0,7.9,6.1,13.4,13.0,4.0,3.0,5.1,6.0,4.1,12.1,16.2,17.2,2.0,19.8,10.2,12.1,27.7,30.6,21.2,4.0,27.3,28.3,30.7,30.6,27.0,29.0,7.1,7.0,29.0,43.0,23.2,17.2,21.0,5.1,11.0,13.1,37.0,33.0,14.7,22.8,18.0,6.1,40.2,32.0,35.0,33.7,12.2,7.1,37.0,41.0,35.0,25.3
1772524773.3268127,22.2,12.2,13.3,13.0,8.1,21.0,6.1,5.1,7.0,6.0,7.1,7.0,17.0,17.2,13.0,19.2,15.0,13.3,19.2,24.0,24.0,11.2,14.1,26.0,16.3,21.0,23.0,28.0,2.1,3.0,25.3,33.0,29.3,25.7,22.0,3.1,9.1,12.0,34.0,43.4,32.3,19.2,14.1,7.2,34.7,33.0,17.2,27.0,18.0,3.1,24.0,34.3,34.7,24.5
1772524774.3319194,18.4,12.9,5.1,8.2,6.9,5.1,4.1,4.1,5.1,6.1,7.9,7.1,8.1,17.0,21.4,19.2,14.0,7.9,23.0,26.0,27.3,18.8,24.8,15.8,23.0,15.2,22.8,23.0,3.0,3.1,26.7,28.4,21.8,31.0,22.0,11.9,8.0,12.1,40.6,38.0,20.6,8.0,14.0,7.9,26.7,42.6,26.3,26.3,16.0,3.0,32.3,32.3,36.3,27.7
1772524775.336031,19.0,25.7,12.7,8.2,6.0,3.1,6.0,12.9,5.1,2.0,7.1,5.9,15.2,25.0,9.0,19.8,19.0,6.1,18.4,20.0,24.0,16.0,20.0,29.0,26.5,31.4,28.0,26.7,4.0,3.0,14.9,22.8,26.0,27.7,16.0,4.0,11.0,11.9,37.0,31.7,17.0,6.1,17.0,7.1,38.0,22.0,36.0,29.6,18.0,3.0,19.8,24.8,29.3,27.7
1772524776.3361213,25.5,19.4,6.2,8.1,4.1,20.6,5.1,5.0,8.0,2.0,3.0,14.3,11.3,11.0,8.2,19.2,14.1,9.2,21.8,28.0,15.3,9.1,22.2,11.3,33.0,25.8,22.0,23.5,3.0,9.1,28.3,47.5,24.5,25.0,23.0,3.0,11.1,12.2,38.4,32.3,14.0,14.1,18.0,8.0,45.5,26.0,27.0,30.0,7.1,13.0,23.2,17.2,24.2,29.0
1772524777.336221,20.4,20.0,13.0,11.0,6.1,23.5,4.1,5.2,6.1,8.1,10.2,7.1,17.0,27.6,3.0,21.2,11.2,15.2,34.3,32.3,25.5,10.0,30.3,32.7,29.3,20.0,29.6,26.0,16.8,11.2,24.0,39.4,27.0,28.0,14.3,11.0,10.2,13.0,41.4,40.4,8.0,25.5,14.1,11.1,45.0,27.6,32.0,28.3,14.0,9.1,29.4,39.4,31.7,40.4
1772524778.3391852,17.2,7.0,9.0,5.0,4.0,22.5,3.0,4.0,2.0,5.9,1.0,8.0,18.6,10.7,3.0,16.7,10.8,10.9,27.5,27.0,18.6,26.0,15.8,18.8,21.8,15.0,18.0,20.8,13.0,13.7,41.7,28.4,26.5,22.5,14.0,20.0,9.0,11.0,31.0,37.3,7.0,15.8,4.0,20.6,40.2,30.7,28.0,22.5,14.0,3.0,30.7,39.2,23.5,30.1
1772524779.3440003,16.5,21.2,10.3,6.1,19.2,10.3,12.2,4.1,8.2,9.2,6.1,13.1,19.6,18.2,1.0,23.2,16.3,12.1,31.6,34.0,16.3,34.0,27.0,25.5,29.6,32.3,20.4,16.5,14.1,13.3,35.0,21.8,30.0,25.7,3.1,20.0,10.1,10.1,37.0,36.0,7.1,23.8,13.3,10.2,33.7,36.4,32.3,29.9,16.2,5.1,31.3,29.3,34.7,31.3
1772524780.347983,16.2,10.0,9.1,8.1,21.0,5.0,5.9,4.1,6.0,4.0,9.0,9.0,14.0,17.2,2.0,18.2,11.1,9.0,34.7,27.7,3.0,21.2,8.1,9.0,27.7,28.0,23.8,24.8,12.1,13.0,35.6,28.3,21.8,24.8,3.0,6.1,10.0,14.0,32.7,31.3,7.0,17.3,11.1,11.0,21.0,30.3,30.3,18.2,15.8,4.0,30.0,30.7,27.3,28.3
1772524781.348064,10.5,9.1,6.1,3.0,11.1,10.3,4.0,2.0,4.1,5.1,7.0,5.1,9.0,12.0,1.0,18.8,6.0,11.1,28.3,31.3,12.2,12.9,16.0,10.1,26.3,27.0,10.1,23.5,13.9,11.2,35.6,19.8,25.0,22.2,2.1,1.0,9.2,9.0,31.6,36.3,18.0,7.9,5.0,16.2,18.0,14.9,22.2,30.3,12.1,3.0,26.7,30.0,29.4,29.7
1772524782.348143,20.4,16.2,24.8,22.2,11.3,16.8,4.0,3.1,5.1,7.0,6.1,12.2,25.7,19.4,3.0,21.2,15.2,14.1,31.7,32.0,29.0,15.2,30.3,18.4,14.4,22.2,18.0,29.0,12.1,14.0,37.0,26.3,27.0,26.3,15.2,14.1,14.9,11.0,36.0,39.0,18.8,11.2,15.0,9.1,24.0,27.0,25.0,29.0,19.0,4.1,34.3,35.0,27.0,34.3
1772524783.3487866,17.0,15.3,8.8,4.0,15.0,15.8,6.1,11.0,8.8,3.1,12.1,6.1,10.2,19.2,3.0,18.2,16.8,7.1,35.0,36.0,31.7,15.0,24.0,18.0,32.7,27.7,29.3,27.0,12.9,12.2,33.7,38.2,24.8,30.4,9.1,17.2,12.1,13.0,37.6,38.8,3.0,24.0,19.2,6.1,35.6,19.2,34.3,37.4,6.0,17.0,33.0,35.6,32.0,32.7
1772524784.36,16.2,22.0,14.9,12.0,9.9,17.0,5.1,6.0,2.0,8.0,5.1,10.9,24.8,18.6,21.0,3.0,4.1,18.0,29.0,39.0,26.0,5.0,19.0,28.7,30.0,27.7,28.0,23.0,27.3,16.8,27.0,38.0,26.7,25.7,22.8,3.0,14.0,10.0,35.6,34.7,16.8,14.7,17.8,8.0,33.0,32.7,37.0,36.4,10.1,14.7,32.7,31.7,21.8,36.0
1772524785.374247,17.2,10.1,13.7,7.1,5.0,13.9,5.9,3.0,6.0,1.0,7.9,5.0,13.9,7.1,17.0,1.0,9.9,12.9,41.0,39.0,18.8,2.0,28.7,16.8,17.0,20.2,23.0,26.7,15.8,17.0,28.4,39.6,24.8,24.5,4.0,22.5,11.9,7.1,34.0,33.3,5.1,17.8,17.8,4.0,31.4,38.2,23.5,24.8,12.0,6.1,38.2,33.7,35.4,30.0
1772524786.3745332,23.7,35.0,26.3,13.0,6.1,3.1,5.1,5.2,3.1,9.1,2.0,11.2,15.2,20.0,22.0,7.1,7.1,17.2,35.6,27.0,32.0,15.0,34.0,11.0,23.2,19.0,24.0,28.7,30.0,17.0,29.0,27.0,21.0,30.7,9.1,22.0,9.2,11.9,37.0,34.0,17.0,14.0,9.2,13.1,34.7,37.6,21.0,25.3,6.0,13.1,27.6,25.3,31.4,28.7
1772524787.375462,16.3,19.2,5.1,6.1,13.9,11.0,5.1,4.0,3.1,7.0,6.1,5.1,18.0,15.3,19.2,3.1,7.9,13.3,31.3,31.3,14.3,31.0,21.2,13.3,25.0,34.0,22.2,27.0,15.0,16.0,20.2,30.7,26.0,24.0,11.1,13.3,11.0,11.1,33.3,39.4,20.8,12.1,18.2,5.1,38.4,30.0,27.3,34.3,9.1,9.3,29.3,36.0,35.0,27.3
1772524788.3784962,20.4,15.2,13.0,11.1,19.8,6.1,14.1,7.1,3.0,7.1,12.0,4.0,19.2,18.0,7.0,16.8,12.1,11.1,31.7,37.0,12.0,23.2,28.4,16.3,29.0,28.3,30.0,24.5,13.0,12.1,30.0,28.0,20.8,31.0,20.8,8.1,14.1,10.2,30.3,45.5,15.0,30.6,19.0,13.1,31.7,37.4,29.9,31.6,3.1,18.0,21.0,18.2,23.2,35.6
1772524789.378954,20.0,10.1,6.9,4.0,24.8,3.0,4.0,3.0,5.1,3.0,8.2,8.1,12.0,19.0,1.0,17.3,9.1,12.0,38.0,30.6,22.2,14.0,22.2,17.0,27.6,15.3,13.3,23.8,12.0,13.9,30.7,37.0,10.0,17.2,25.5,14.1,8.0,12.1,37.0,31.6,7.1,18.0,3.0,19.8,12.4,29.3,26.3,32.3,3.0,12.0,33.3,31.3,27.0,30.3
1772524790.3807726,24.0,18.0,12.0,11.1,21.4,2.0,6.0,4.0,4.0,4.0,36.6,6.0,21.0,19.0,12.1,11.1,9.0,19.8,31.0,38.6,17.8,28.3,34.7,21.0,16.0,24.8,15.7,19.8,12.9,12.1,16.8,41.6,18.8,18.6,23.8,19.2,11.9,11.0,40.4,37.0,12.9,16.2,13.7,10.1,16.0,34.3,23.2,25.0,8.1,11.1,34.7,34.3,28.3,35.6
1772524791.3814971,14.4,15.3,6.3,6.0,24.2,4.1,5.2,10.2,3.1,6.1,8.1,10.1,14.0,18.4,20.0,3.0,8.2,14.3,21.0,24.0,27.6,13.3,12.2,27.0,28.3,33.0,9.4,10.2,11.2,14.0,23.2,45.0,23.2,12.1,2.0,16.0,10.2,12.0,33.0,38.2,6.1,21.8,11.3,11.0,20.2,32.3,34.0,32.0,10.2,9.1,22.4,33.0,36.6,29.7
1772524792.3833344,13.4,20.0,13.0,19.2,12.2,10.3,6.1,3.0,3.1,6.0,8.2,5.1,12.2,15.8,17.2,0.0,11.0,11.0,14.3,26.0,21.8,2.1,16.3,15.3,24.2,27.6,13.9,15.3,14.0,11.9,23.8,39.0,11.1,22.8,2.0,4.0,13.0,13.9,31.3,41.0,6.0,19.0,6.1,15.2,26.0,27.0,32.3,28.6,5.9,15.2,35.4,36.6,20.2,33.7
1772524793.3858628,19.6,10.1,8.0,7.0,20.4,5.0,4.0,3.0,3.0,6.1,10.2,7.0,19.0,20.0,21.2,2.0,9.1,9.3,29.0,20.0,22.0,15.8,12.1,11.1,27.7,14.1,10.1,25.0,10.0,9.0,29.3,34.7,22.8,24.0,3.1,16.2,10.1,9.1,37.4,35.0,7.1,19.8,15.2,9.0,37.6,24.0,33.0,21.0,11.2,6.1,33.7,31.6,34.0,28.6
1772524794.3884633,11.2,23.0,10.0,9.0,19.8,9.0,5.1,4.0,4.0,7.0,8.1,5.1,13.3,15.2,17.6,5.0,11.9,10.1,15.2,22.2,28.7,16.2,21.8,28.3,28.3,18.0,30.0,24.8,3.0,3.0,29.7,31.3,29.4,23.8,11.0,23.0,11.2,11.0,36.3,32.3,6.9,19.6,10.9,13.0,26.5,43.4,24.0,21.0,12.0,7.1,29.7,30.7,28.7,29.4
1772524795.3905377,13.4,12.2,6.3,6.1,10.2,14.0,8.2,5.1,7.0,2.0,7.1,2.0,22.4,17.2,1.0,19.2,14.3,9.0,31.0,27.6,21.2,15.2,13.1,26.7,28.7,30.0,25.0,25.0,4.0,5.1,32.3,32.0,27.3,24.8,4.0,22.0,13.0,10.1,35.0,36.0,4.1,22.2,15.3,8.1,25.0,46.5,31.3,28.6,12.0,7.1,33.7,33.7,29.3,30.6
1772524796.391576,18.0,21.0,12.0,11.1,12.4,15.2,4.0,4.1,4.1,5.1,8.0,4.0,14.9,13.9,17.2,7.1,11.0,17.3,26.5,34.0,22.2,4.1,24.0,22.0,24.2,27.0,23.2,32.0,4.0,5.1,34.7,27.7,26.7,25.0,2.1,21.2,9.1,11.9,38.0,35.0,16.0,9.1,18.8,4.1,30.3,40.6,29.3,33.3,14.1,5.1,25.3,29.3,32.7,24.8
1772524797.3969986,12.2,17.2,7.1,9.0,5.1,17.0,4.0,5.1,4.0,7.0,1.0,12.1,17.2,23.0,8.0,12.1,16.0,11.8,33.7,28.7,26.7,20.6,13.0,25.3,19.2,22.4,23.8,25.3,13.1,7.1,30.0,34.0,30.4,24.2,3.0,21.0,12.1,11.1,38.4,34.0,23.5,6.0,14.1,9.0,34.7,29.7,30.3,32.0,18.0,6.1,36.6,42.2,41.6,21.2
1772524798.4013174,21.8,21.2,13.0,19.2,6.1,20.2,5.1,3.0,3.1,5.2,3.1,9.1,15.2,17.3,2.0,21.2,14.3,9.1,31.3,36.7,13.3,32.0,26.3,30.0,22.2,28.3,30.3,24.0,12.1,13.1,24.0,24.8,25.3,31.7,15.0,17.2,11.0,12.1,40.4,36.6,18.2,8.1,6.1,19.2,22.0,30.0,19.4,27.7,4.0,16.0,30.0,35.0,31.0,31.0
1772524799.4052944,19.8,12.1,10.0,29.7,20.0,15.2,11.1,8.0,6.0,9.0,8.1,6.0,24.0,15.5,8.1,18.2,8.2,19.0,32.7,30.7,5.1,19.0,22.2,16.8,27.7,33.3,16.2,13.1,14.0,13.3,38.6,22.2,22.5,26.7,14.1,8.1,12.0,10.2,38.6,34.7,12.9,16.7,6.0,19.6,34.0,38.0,32.7,27.3,7.0,13.0,33.0,31.0,34.7,27.0
1772524800.4053783,20.8,12.1,9.5,20.2,23.0,9.0,6.1,2.1,2.0,7.0,6.1,6.1,16.2,11.0,15.3,13.9,7.1,18.2,38.0,31.3,14.3,23.2,20.0,21.4,25.7,20.4,21.2,29.7,14.1,13.0,38.0,27.7,22.0,29.0,12.1,11.2,10.9,13.9,37.4,32.0,6.0,19.2,13.9,16.2,28.0,32.0,27.3,34.7,3.1,18.2,30.7,36.7,28.3,25.3
1772524801.4056022,19.4,13.1,7.9,8.1,4.2,21.0,3.0,6.1,5.1,8.1,9.0,3.1,21.2,21.0,19.2,0.0,6.1,22.8,36.4,30.3,27.7,18.2,20.0,19.0,18.2,19.2,26.0,22.4,13.0,11.2,34.7,28.3,26.7,25.7,19.0,11.1,12.1,13.1,37.6,37.4,14.1,12.9,18.2,39.0,23.8,28.0,28.0,35.6,8.0,16.0,15.5,22.0,31.4,31.3
1772524802.4056842,21.8,15.0,9.2,5.1,3.1,23.2,3.0,5.1,6.0,7.1,11.0,5.1,19.2,11.1,17.0,3.0,5.1,15.3,42.0,41.4,27.0,9.1,21.4,29.7,25.3,22.2,23.2,13.3,20.8,16.0,23.2,41.7,32.0,23.2,19.2,5.1,13.1,11.1,38.4,36.6,22.0,6.1,11.1,22.2,28.7,27.3,24.2,23.2,15.2,2.0,32.4,26.5,32.7,26.0
1772524803.4101353,24.2,18.2,12.9,10.9,4.0,21.8,7.1,10.9,7.0,8.9,9.1,9.0,17.6,21.2,6.9,16.0,7.0,15.0,31.3,36.3,21.0,5.0,17.0,23.0,31.3,28.3,23.2,14.0,29.0,25.7,37.6,31.7,28.7,24.8,3.0,4.1,9.1,19.6,36.0,44.0,22.8,19.0,18.0,5.0,30.0,18.8,35.0,28.0,10.1,7.9,28.0,25.3,37.3,30.3
1772524804.4102197,23.7,28.0,33.7,9.1,10.4,15.2,3.1,3.1,5.2,8.2,5.1,13.3,22.2,12.4,3.1,20.4,16.2,11.1,28.3,39.4,27.6,19.2,18.2,12.4,29.3,25.3,34.3,25.3,22.2,21.4,45.5,20.4,28.6,22.2,24.5,6.1,14.1,13.3,41.0,38.4,24.2,7.1,18.2,7.1,44.6,27.3,33.7,42.4,19.0,5.1,40.0,38.6,29.3,27.0
1772524805.4103048,16.3,13.0,8.2,6.1,19.2,7.2,5.1,6.0,6.0,6.1,3.1,12.1,16.2,15.2,2.0,20.0,16.2,7.1,36.0,29.0,13.3,29.3,8.2,25.3,26.0,17.2,23.0,27.0,12.0,14.9,30.0,35.0,20.8,25.5,25.5,4.1,11.1,12.1,37.8,36.0,19.8,8.1,13.1,9.1,40.0,24.5,28.7,32.3,6.2,9.2,32.0,37.4,26.3,32.3
1772524806.4116683,16.3,23.0,12.1,12.0,13.3,14.1,6.1,3.0,6.1,4.0,3.0,13.0,19.2,21.0,14.0,8.1,15.8,10.1,33.0,31.7,5.9,24.8,22.2,32.4,27.0,20.8,29.3,25.0,12.0,12.0,28.4,36.6,23.8,31.0,21.8,5.9,12.0,11.0,40.6,33.7,21.0,5.1,6.0,14.9,24.0,45.1,21.2,24.8,5.0,13.1,28.3,29.0,20.2,38.0
1772524807.4147997,17.8,16.2,8.9,3.1,18.0,10.1,6.1,11.2,6.1,5.1,3.0,12.1,12.1,21.2,22.8,2.0,12.0,13.1,28.6,35.4,18.2,16.2,25.5,15.3,26.3,30.3,25.3,20.6,13.1,14.0,30.0,31.0,23.2,29.4,20.0,3.1,12.0,8.2,40.4,36.4,19.0,11.0,18.4,8.2,35.4,32.0,25.3,37.4,9.0,12.1,31.0,38.8,31.7,29.7
1772524808.4148846,25.8,12.1,12.2,13.0,18.2,16.0,4.1,4.1,4.1,7.0,5.1,8.2,20.4,15.8,9.3,10.2,8.2,18.0,30.0,32.0,31.0,16.2,30.7,15.2,25.3,25.5,31.0,26.0,13.3,12.0,33.3,33.0,26.7,21.2,20.4,2.0,9.2,13.3,33.0,34.0,8.0,16.0,13.0,10.2,43.6,26.5,34.0,36.0,10.2,7.2,27.3,35.7,26.3,33.0
1772524809.4162762,16.0,16.0,9.8,5.0,5.2,37.0,4.1,3.0,4.0,5.0,7.1,7.1,22.0,11.2,3.0,20.8,9.0,12.1,35.0,30.0,12.0,28.3,26.3,15.0,23.8,19.8,21.4,25.7,12.9,13.9,18.6,28.0,20.8,19.0,24.0,9.0,11.9,13.7,36.6,37.6,23.0,5.1,12.1,8.9,31.7,39.6,30.0,29.7,4.0,19.8,27.7,27.0,26.0,33.7
1772524810.4163623,23.7,9.0,10.1,9.3,15.3,29.6,4.1,13.3,3.1,6.1,3.1,7.1,17.3,21.2,2.0,19.4,14.0,10.1,20.0,20.0,4.1,22.0,28.3,26.3,20.2,25.0,28.0,26.5,14.0,14.0,28.3,19.0,16.8,14.1,10.0,13.1,11.0,11.1,39.0,32.3,21.0,9.9,18.4,5.1,19.6,36.0,24.2,18.6,2.0,17.3,37.4,39.8,35.4,22.4
1772524811.4197123,17.3,10.2,8.1,6.9,23.0,4.0,10.0,19.8,3.0,4.1,4.0,5.0,18.8,13.9,1.0,19.8,15.0,7.1,19.0,23.0,17.8,16.0,19.8,17.0,27.0,30.4,15.8,22.2,13.0,11.1,36.6,27.7,16.0,14.0,20.8,3.0,12.0,11.0,37.4,37.6,12.1,15.2,12.9,11.1,28.0,18.2,34.0,22.8,3.0,14.1,28.4,26.7,27.7,31.0
1772524812.4201102,19.2,13.0,34.0,6.2,22.4,3.0,4.1,8.2,4.0,9.0,2.0,14.0,17.3,16.3,12.1,11.1,7.1,16.0,18.0,23.2,15.3,27.6,14.3,22.0,30.3,28.6,15.3,17.2,13.0,12.0,18.4,32.0,11.1,21.8,11.1,13.0,14.1,10.1,33.3,36.0,6.0,21.0,8.2,13.9,24.8,48.0,32.3,36.7,7.1,12.0,32.0,33.0,31.7,23.0
1772524813.420188,21.0,13.3,10.2,15.0,23.8,3.1,16.0,15.3,4.1,5.1,2.0,12.2,16.2,15.0,21.0,3.0,17.0,5.1,18.2,26.0,12.1,29.0,23.0,23.0,22.2,20.2,26.3,25.3,12.2,17.0,41.6,29.3,22.2,17.8,17.2,13.4,12.0,10.2,39.4,30.0,6.1,18.0,6.1,16.2,33.7,36.0,26.3,25.3,5.0,14.1,32.3,30.3,37.0,28.0
1772524814.4211402,15.2,9.1,5.1,14.0,28.6,14.9,3.1,2.0,6.0,5.0,2.0,9.0,19.0,16.3,18.0,1.0,5.1,17.2,30.3,28.0,5.0,20.2,23.0,11.1,18.8,23.0,5.1,23.8,2.0,4.1,20.0,32.7,25.0,23.2,14.1,3.0,8.0,8.1,35.6,33.7,8.0,19.8,11.0,9.1,24.2,42.4,17.2,23.2,2.0,16.8,16.0,16.2,26.0,26.3
1772524815.424149,20.8,17.8,18.2,12.1,17.0,12.1,7.0,10.9,5.1,1.0,4.0,6.0,16.0,9.1,21.0,1.0,11.0,10.0,27.0,32.0,25.0,12.9,19.6,12.2,28.6,31.0,19.0,25.3,5.0,4.0,41.6,27.0,24.8,23.8,3.0,4.0,12.1,11.9,31.0,40.6,5.1,18.0,18.0,5.0,37.0,30.0,30.3,18.2,13.0,2.0,27.0,26.0,30.0,26.0
1772524816.4246626,16.5,11.3,8.2,4.0,17.3,10.1,5.1,4.0,6.1,5.0,11.2,2.0,24.2,19.2,6.1,14.9,17.2,5.0,30.3,34.3,22.2,23.5,17.3,15.2,29.0,29.6,27.6,23.2,4.1,3.1,36.4,24.0,28.7,26.0,11.2,13.3,14.1,14.1,36.4,40.0,7.2,22.5,10.2,15.2,30.7,38.8,35.7,37.6,11.1,11.1,34.7,30.0,27.3,29.7
1772524817.429665,21.0,16.8,18.0,19.0,20.4,27.7,5.9,6.1,6.0,7.1,10.0,7.1,13.9,13.9,2.0,19.0,13.0,13.0,37.0,32.4,22.8,19.0,26.5,21.0,16.0,20.0,28.7,28.4,5.0,4.0,27.7,44.1,29.0,22.5,25.5,3.0,10.0,9.0,33.7,39.6,8.9,19.0,13.0,9.9,25.3,42.0,30.3,30.3,3.0,21.0,34.0,33.3,41.6,24.0
1772524818.4355206,20.2,10.3,5.1,5.1,17.0,12.1,4.1,2.0,7.0,3.0,12.1,8.2,18.8,26.3,22.2,16.0,12.1,13.1,34.0,33.0,21.2,5.0,13.1,25.0,27.3,22.0,22.0,25.8,10.1,14.1,20.2,43.1,23.0,28.0,7.1,23.0,11.1,11.0,33.3,39.4,6.1,20.8,5.1,16.2,37.0,22.2,23.8,29.3,10.1,8.1,40.4,38.0,23.2,31.3
1772524819.439992,14.6,17.2,12.0,11.1,17.0,3.1,4.0,5.0,5.1,4.0,9.2,8.0,12.2,11.0,21.4,20.8,16.8,16.7,29.7,30.3,21.0,10.1,32.0,17.2,25.3,27.3,21.2,29.0,13.0,12.9,29.7,29.3,20.6,29.4,3.0,20.8,11.0,12.1,33.0,31.3,7.0,21.0,15.0,8.9,22.0,19.8,21.4,28.7,16.0,3.0,31.7,24.2,33.3,31.0
1772524820.4400709,15.2,18.0,8.2,4.0,4.1,5.1,12.0,5.1,4.1,7.1,4.1,11.0,20.4,17.8,9.0,17.3,9.3,16.2,49.0,42.6,22.8,23.2,29.0,14.3,28.3,26.0,27.0,25.3,16.2,17.2,26.0,39.6,25.0,29.3,4.0,21.4,13.1,13.1,39.6,30.6,6.0,23.5,20.0,19.2,20.0,14.0,41.4,33.7,6.1,15.2,34.3,35.4,34.3,33.7
1772524821.4415631,26.3,16.8,10.9,13.0,21.0,4.0,4.0,4.0,5.0,6.1,4.1,9.1,15.0,13.3,3.0,20.0,5.1,16.0,24.2,35.4,30.0,14.1,20.0,24.8,12.0,26.3,31.0,25.0,13.9,17.0,27.0,28.7,29.0,22.0,10.1,15.0,8.2,10.0,32.0,40.8,9.9,18.8,13.0,7.0,6.1,23.0,24.5,24.0,11.0,7.0,38.2,32.7,29.0,34.7
1772524822.4429677,21.2,24.0,10.8,9.2,22.0,7.1,6.1,5.1,6.2,3.1,4.0,10.1,22.2,17.2,13.1,9.0,7.1,19.0,33.0,34.3,5.1,22.0,17.3,20.2,26.0,27.3,22.2,20.2,26.5,31.3,19.0,26.5,28.4,25.7,14.0,19.2,11.9,12.1,39.0,35.4,4.0,21.4,5.1,21.2,9.1,30.0,32.3,30.3,3.1,19.0,26.5,28.7,26.0,30.0
1772524823.4446008,19.2,13.1,11.2,11.0,24.7,3.0,5.1,4.1,7.1,2.1,11.1,5.1,18.2,17.2,14.0,9.1,8.1,14.1,31.0,28.3,26.0,6.0,26.0,20.0,29.6,28.3,15.2,9.1,23.0,23.2,20.4,38.6,27.0,25.5,12.1,11.1,13.0,11.0,37.0,36.0,22.2,6.1,7.1,17.3,28.3,32.7,34.3,19.2,4.0,17.0,38.0,35.0,30.3,31.3
1772524824.444681,22.7,18.2,8.2,8.9,11.1,17.2,13.0,6.1,6.1,7.1,8.2,5.2,18.4,23.5,3.0,17.2,8.1,15.2,32.3,37.0,27.6,17.3,20.4,22.4,25.0,27.0,13.1,8.1,14.9,13.0,28.7,39.6,25.3,29.0,9.2,14.4,8.2,12.1,37.8,33.0,19.6,8.0,14.1,14.0,43.0,30.3,35.4,40.4,7.1,13.3,37.6,25.0,27.0,27.6
1772524825.4466696,20.2,11.1,20.0,11.1,6.1,24.0,6.1,4.0,5.1,4.0,8.2,12.9,17.6,15.8,1.0,23.8,10.0,16.2,27.3,33.3,29.0,14.0,21.8,21.2,23.0,18.0,24.0,5.1,13.1,13.0,39.6,25.3,22.8,30.3,4.0,17.0,13.0,11.0,41.4,36.6,7.1,23.0,18.2,6.0,36.4,38.4,31.0,28.3,9.1,14.0,35.4,26.3,27.3,33.7
1772524826.4467528,19.4,17.3,19.4,7.1,7.1,21.8,3.1,5.1,6.0,6.1,9.1,5.1,17.3,20.2,7.1,15.0,18.2,9.1,28.3,32.0,22.0,5.1,30.0,19.2,32.4,21.2,26.3,7.1,14.0,11.2,45.0,27.0,28.0,24.8,4.1,10.0,9.1,11.2,41.0,34.0,14.0,13.0,18.2,4.1,37.0,26.0,26.3,31.3,11.1,12.4,40.0,37.4,23.8,29.3
1772524827.4513693,21.0,17.0,12.9,8.0,15.2,13.0,8.9,5.0,4.1,8.0,11.0,14.1,25.0,12.2,19.0,2.0,7.0,16.2,35.6,35.0,21.8,13.1,12.1,13.1,26.8,31.0,24.8,22.0,13.9,13.7,31.0,28.4,24.8,30.7,9.1,14.0,12.9,10.9,39.6,35.4,7.1,21.8,7.1,19.0,19.6,37.9,25.5,31.0,2.0,19.8,26.7,24.8,34.0,33.7
1772524828.4527082,14.6,21.0,10.1,10.2,15.2,7.1,7.1,11.1,4.0,4.1,8.1,11.1,15.0,19.8,19.0,3.0,8.1,15.8,25.7,25.0,25.7,20.2,25.0,14.1,23.5,27.3,29.3,25.3,12.9,13.1,37.6,34.0,22.8,28.7,21.8,2.0,8.0,13.1,35.0,31.3,21.4,5.2,6.9,17.0,35.0,29.0,31.7,38.4,3.1,16.2,30.3,21.2,28.4,28.0
1772524829.452789,14.6,9.4,7.1,6.1,13.3,14.3,5.1,5.1,6.1,3.0,8.2,6.1,12.2,16.2,18.0,1.0,14.4,5.1,19.4,21.2,25.3,16.2,16.2,18.4,14.6,24.2,21.0,25.5,11.1,12.0,23.5,24.0,16.2,27.0,21.4,3.0,9.2,12.1,39.4,33.0,19.2,5.1,9.3,12.2,25.5,44.0,22.7,25.8,9.2,10.2,35.4,35.6,34.7,18.0
1772524830.4541478,23.0,16.0,9.2,10.0,12.4,14.1,3.1,3.1,6.1,5.1,10.1,5.2,16.2,21.2,8.0,24.2,17.8,8.2,28.7,22.2,23.8,4.0,26.3,21.2,28.7,21.2,29.3,25.0,13.9,12.0,38.2,37.4,14.7,20.0,23.0,10.9,13.1,10.1,38.0,40.6,23.0,8.9,19.8,4.0,31.0,42.6,33.7,33.0,7.0,16.2,34.0,31.3,30.0,36.0
1772524831.4557366,21.0,11.1,7.9,5.1,11.0,16.0,6.0,3.1,5.1,5.1,12.2,3.0,21.0,13.1,12.1,19.0,19.4,5.1,27.3,15.2,22.2,16.0,25.7,13.1,28.3,28.0,9.2,19.0,13.0,12.1,24.0,28.0,17.5,11.0,21.0,2.0,12.9,9.1,33.0,39.4,18.0,6.1,8.1,18.0,43.6,26.3,18.4,31.7,11.1,10.1,23.0,33.0,28.3,29.3
1772524832.4586601,16.5,19.2,13.1,12.1,7.1,5.0,4.1,4.0,7.0,3.0,2.0,8.9,12.0,17.3,9.1,18.0,7.1,15.0,24.0,23.0,31.0,13.1,27.3,28.0,27.3,24.8,21.0,17.2,14.0,12.9,45.5,29.0,18.0,14.7,23.0,1.0,11.1,9.1,31.4,36.4,13.1,12.0,9.0,14.1,42.0,28.0,30.3,29.0,5.1,15.0,34.0,37.6,31.0,31.7
1772524833.459884,15.5,15.3,12.2,3.1,18.2,4.1,8.1,12.1,7.2,4.0,5.1,14.1,17.2,23.0,3.0,21.0,6.1,18.2,29.6,25.3,25.3,12.0,25.0,16.0,20.4,20.4,24.2,26.0,12.1,13.1,28.0,16.0,17.8,20.2,14.1,9.1,12.1,12.9,40.0,40.0,7.0,22.2,19.0,5.1,46.5,25.3,29.0,33.3,4.0,17.3,34.3,35.0,34.0,27.3
1772524834.46782,24.2,17.8,16.0,11.9,25.0,7.1,5.0,6.0,7.9,7.1,4.0,13.3,14.1,19.0,2.0,20.2,21.8,9.9,36.0,33.7,22.5,7.1,26.3,22.0,23.8,27.0,33.7,26.5,13.9,14.9,36.0,28.4,26.7,26.7,20.2,13.0,12.9,12.0,37.4,38.6,20.8,9.9,6.0,22.5,41.6,26.0,38.4,31.0,10.9,19.0,32.7,36.3,30.0,33.7
1772524835.469079,19.2,13.1,6.1,2.1,23.0,5.1,2.1,4.1,8.1,7.2,3.1,5.1,24.0,15.3,3.0,21.0,10.3,13.0,31.7,33.3,32.3,13.3,24.2,22.0,29.0,28.3,26.0,21.4,5.1,4.1,25.7,29.6,24.0,30.7,12.1,11.2,13.3,10.2,33.3,37.4,17.2,6.1,18.4,5.1,44.6,27.7,24.2,31.6,15.2,11.1,34.3,33.7,20.2,38.8
1772524836.4708512,19.4,13.0,13.3,12.0,24.2,3.0,9.1,5.1,2.0,10.1,4.1,9.2,9.2,16.2,1.0,21.2,8.0,14.0,25.3,34.0,33.0,13.1,27.0,21.8,24.5,23.8,18.2,27.7,4.1,2.0,42.0,26.7,26.5,25.0,13.3,10.1,12.9,10.0,29.0,37.4,21.8,5.1,20.6,4.0,43.0,23.0,33.3,30.7,14.0,4.0,27.7,25.0,32.0,26.7
1772524837.4775991,19.0,13.1,9.0,3.0,23.8,3.0,6.1,6.0,3.0,7.1,13.0,8.0,18.0,28.0,3.0,22.0,10.1,15.0,30.3,35.6,24.2,3.0,18.0,24.5,20.0,19.0,8.2,23.0,4.1,3.1,38.6,20.0,30.0,24.8,17.8,10.9,12.1,11.1,37.8,35.6,18.2,8.9,6.1,17.2,41.6,25.3,27.0,35.0,14.1,8.1,35.6,32.3,22.8,37.6
1772524838.4792807,18.4,24.0,13.0,12.0,16.5,9.2,5.1,2.0,4.1,8.0,2.0,15.0,11.0,15.8,3.0,19.2,14.0,14.0,31.3,38.4,23.8,5.1,17.2,14.9,30.7,23.0,22.2,28.3,10.2,5.1,36.6,42.0,24.8,29.0,4.1,5.1,11.1,10.1,39.6,36.4,19.6,15.8,11.1,17.8,43.0,27.0,31.3,26.3,6.1,17.0,39.0,41.6,21.4,40.6
1772524839.4793649,18.4,15.5,8.2,5.2,9.3,16.2,7.1,3.0,6.1,4.1,8.1,6.2,22.2,22.4,3.1,20.2,13.0,11.1,45.9,41.4,28.3,15.2,18.2,17.2,30.6,26.8,27.0,24.0,13.1,14.1,27.3,31.0,21.0,31.7,4.0,18.0,12.2,10.1,44.0,40.4,17.2,9.3,16.2,14.3,26.0,6.1,28.9,30.3,14.0,10.1,25.3,27.6,21.2,35.0
1772524840.481339,33.3,29.0,8.2,11.1,16.2,20.0,7.0,8.1,7.1,4.0,7.1,8.2,19.4,11.0,14.1,7.0,16.2,9.1,38.0,34.7,30.0,14.0,30.0,21.2,30.7,25.0,24.0,32.0,23.2,24.0,34.3,37.6,31.0,22.0,3.0,21.2,13.9,10.1,40.0,36.6,17.0,13.7,19.0,6.1,26.7,18.0,32.0,31.6,4.0,15.0,39.6,36.0,33.3,33.0
1772524841.4818125,20.0,18.8,10.1,8.2,13.1,14.0,7.1,9.2,8.2,5.2,15.0,3.0,25.0,17.0,12.0,13.1,16.0,11.1,28.3,35.0,22.0,6.1,27.0,12.4,19.2,20.2,22.4,26.3,29.0,28.6,23.2,32.3,29.1,27.7,10.2,23.2,13.3,11.9,36.0,38.4,23.0,9.2,12.2,14.1,27.7,25.3,30.0,31.0,10.1,14.1,29.7,20.2,27.6,25.0
1772524842.4831107,19.0,16.0,12.0,10.0,5.1,20.2,6.0,4.0,6.1,6.1,5.1,10.1,10.2,14.1,14.1,6.1,10.0,8.2,30.3,28.7,22.2,4.1,25.3,16.0,27.0,26.3,24.0,20.0,12.0,13.9,31.0,24.2,22.4,25.7,3.0,20.2,10.0,10.1,37.8,38.4,15.2,7.0,14.0,11.1,33.3,20.2,31.7,30.3,2.0,15.2,15.5,22.2,36.0,28.3
1772524843.489365,13.4,13.1,9.9,8.9,6.0,5.1,5.1,4.0,3.0,5.1,4.0,6.1,23.5,17.2,19.0,1.0,15.0,5.9,31.4,31.0,29.4,16.8,34.7,12.1,29.0,23.8,10.1,19.8,12.0,12.9,35.3,33.3,26.5,21.0,10.0,14.0,11.0,12.0,34.7,29.7,7.9,19.0,5.0,17.8,34.0,32.3,19.2,29.0,2.0,13.9,28.7,36.4,28.7,24.0
1772524844.4894462,18.4,14.1,9.2,7.2,14.1,7.0,5.1,5.1,5.1,7.1,6.0,10.2,14.0,18.0,15.3,8.0,17.2,9.1,35.4,31.3,14.3,29.0,26.0,17.3,22.2,22.2,17.0,25.5,11.1,13.1,33.3,28.0,21.2,28.0,13.1,8.2,12.9,11.1,39.4,38.0,13.0,16.0,4.0,19.8,33.7,39.2,29.9,24.5,3.0,20.0,35.4,30.0,23.5,34.3
1772524845.4904842,20.8,13.0,13.0,11.1,23.0,4.1,4.1,11.1,9.9,2.0,8.2,6.1,19.4,19.2,4.0,18.2,10.0,16.0,35.4,28.7,9.1,21.0,29.0,15.2,16.0,22.0,28.3,27.3,12.9,15.0,36.0,30.7,24.8,29.0,5.9,17.2,8.1,9.2,39.2,34.0,8.0,21.8,15.2,12.1,28.6,44.0,28.0,24.8,4.0,14.1,32.3,32.0,27.3,37.0
1772524846.4913452,18.0,17.2,8.1,6.1,22.4,5.1,5.1,6.1,5.1,7.1,9.1,8.1,17.8,15.3,1.0,20.2,16.2,10.1,34.7,35.4,22.0,10.2,18.0,23.8,31.0,26.0,28.3,25.7,13.0,13.0,21.0,19.0,24.2,30.0,19.4,14.1,10.2,15.0,40.0,37.8,8.1,21.0,15.3,11.0,28.3,41.6,37.4,34.3,8.0,17.0,42.2,36.0,32.3,29.4
1772524847.4928532,25.7,21.2,12.1,10.1,14.1,18.2,7.1,3.1,4.1,6.1,4.1,11.2,15.3,25.0,13.3,9.8,8.0,18.0,35.0,34.3,30.0,22.0,29.6,25.5,31.6,31.6,28.3,31.3,12.2,12.2,30.7,40.6,28.0,27.7,11.0,13.1,10.0,14.0,38.4,40.4,16.2,16.2,13.1,15.2,37.3,32.7,34.0,30.3,11.2,7.1,30.3,32.0,30.0,33.7
1772524848.4950511,16.3,13.1,10.1,5.1,6.0,24.8,3.1,3.1,5.0,3.1,10.0,5.9,17.0,13.0,20.6,1.0,14.1,7.0,20.0,26.7,22.8,20.0,18.0,17.2,26.7,16.2,23.8,19.0,11.0,12.1,31.0,24.0,23.8,23.0,3.0,20.0,12.0,10.1,28.7,40.6,5.0,20.8,9.9,33.0,20.0,37.3,22.2,29.6,13.0,8.9,30.0,33.3,26.0,25.7
1772524849.495133,21.0,21.0,14.9,12.0,12.2,16.0,5.0,6.0,12.0,6.9,6.0,9.1,15.8,24.0,20.2,2.0,12.0,16.0,26.7,26.0,22.5,4.1,25.7,25.7,21.4,18.0,19.8,15.0,12.0,12.6,31.7,44.0,34.3,22.8,5.1,5.1,12.1,11.0,36.0,41.4,14.1,15.0,23.0,38.4,26.0,25.0,26.3,28.7,5.1,15.2,39.2,33.7,33.3,36.0
1772524850.4952137,18.2,15.2,7.2,3.1,21.2,6.1,10.2,7.3,4.1,6.2,11.1,4.1,18.4,20.0,19.2,3.0,5.2,13.1,24.5,18.4,21.6,3.1,15.2,20.4,22.0,27.0,11.3,23.5,14.0,13.1,28.3,25.0,16.2,25.3,3.1,10.2,9.3,11.3,36.1,29.0,25.0,6.2,24.5,29.3,19.2,32.3,28.3,32.7,14.3,4.0,19.2,32.0,22.2,30.3
1772524851.4973443,14.3,7.1,6.9,5.0,8.1,12.0,1.0,4.0,4.0,4.1,1.0,10.0,14.9,8.1,18.0,2.0,6.0,17.8,21.0,13.1,21.8,17.2,9.0,6.0,24.8,27.0,19.0,21.8,12.0,11.9,29.0,29.7,16.0,12.7,3.0,18.2,10.0,11.9,35.0,29.0,18.0,5.0,28.0,13.0,16.0,34.3,26.3,22.8,8.0,5.1,35.0,21.2,28.7,22.0
1772524852.4978092,18.6,16.0,13.1,14.1,15.3,14.0,5.0,6.0,5.1,6.1,5.1,10.1,24.0,17.0,20.0,3.0,17.2,6.1,24.2,25.0,27.3,18.8,16.3,17.2,23.5,30.0,28.0,29.3,13.1,12.1,40.2,29.0,20.2,16.0,3.0,22.0,11.0,14.1,37.6,33.3,22.8,6.1,26.0,29.6,26.3,42.4,30.0,28.3,3.0,20.2,35.0,34.7,31.0,27.3
1772524853.4987094,17.5,10.2,10.8,4.0,12.2,16.0,6.1,2.0,7.9,8.1,13.1,5.2,11.1,17.2,19.0,4.0,9.0,12.1,34.0,32.3,10.0,23.2,27.3,14.1,21.2,18.2,25.7,21.0,13.0,14.9,23.0,26.7,16.8,11.1,5.1,21.0,9.0,9.2,34.3,34.0,21.0,22.2,19.8,19.8,28.0,42.6,29.3,27.3,13.9,5.1,24.0,28.0,28.0,29.7
1772524854.4996817,19.0,20.4,13.4,10.3,9.1,18.2,6.1,3.1,4.2,7.1,4.1,11.1,16.3,27.7,10.2,13.4,15.2,14.1,31.0,41.4,4.1,23.0,28.7,22.0,29.6,27.3,27.3,29.3,13.3,12.1,24.0,29.0,25.3,11.0,2.0,31.0,12.0,13.0,38.8,45.5,9.2,24.8,20.4,29.3,34.7,35.0,29.0,31.3,19.2,2.1,27.0,31.0,36.4,28.6
1772524855.5018609,18.2,14.1,8.8,5.1,4.0,12.1,6.1,13.0,6.0,8.0,10.0,4.0,13.0,17.0,3.0,23.5,16.8,6.0,31.3,33.0,19.8,30.0,11.1,28.7,26.0,30.3,19.2,22.2,11.0,10.1,28.7,21.8,23.2,27.0,6.0,22.2,8.2,9.0,42.0,38.4,21.0,17.2,23.0,26.0,27.3,46.0,40.0,41.4,6.1,16.7,29.0,30.0,20.0,33.0
1772524856.5061228,24.0,14.3,12.0,17.6,9.0,5.9,5.0,5.1,7.0,6.1,8.2,4.1,21.0,17.2,3.0,20.0,14.3,12.0,36.0,34.0,29.3,12.2,25.0,33.0,27.3,29.3,21.8,14.1,4.1,3.1,21.0,24.2,28.2,25.7,8.2,22.2,13.0,13.0,35.0,41.6,18.0,10.9,9.9,24.2,33.7,19.2,34.3,22.8,17.0,5.0,32.7,31.0,33.0,34.0
1772524857.5062058,16.5,16.0,7.1,2.0,24.2,4.1,6.2,6.1,7.1,2.0,7.1,8.1,14.3,19.2,13.1,10.3,9.1,16.3,31.6,34.0,15.2,21.0,20.6,19.6,19.2,19.0,24.5,20.2,6.1,4.1,14.3,29.3,32.0,26.7,5.0,22.0,9.1,13.3,41.0,33.3,17.0,17.2,13.4,9.1,36.0,27.0,26.5,30.3,16.0,3.1,33.7,37.8,33.0,26.0
1772524858.5084443,22.5,16.2,10.2,11.1,24.0,6.1,2.0,5.1,3.1,5.1,2.0,14.3,16.2,20.0,2.0,20.8,13.1,12.0,34.0,39.6,22.0,29.3,20.2,20.8,21.0,24.2,25.0,28.0,4.1,5.1,30.0,33.3,28.3,24.0,10.1,17.0,12.1,10.2,30.0,43.6,16.2,12.0,15.8,5.1,44.1,20.2,32.0,21.2,18.2,5.9,34.0,23.5,31.0,32.7
1772524859.5085263,19.4,17.3,9.1,6.9,24.2,8.9,12.1,7.0,8.0,1.0,5.1,8.9,19.0,19.0,3.1,18.0,19.2,4.1,41.0,37.0,32.3,10.1,12.9,10.3,25.8,35.0,23.2,29.0,8.9,8.1,35.6,36.4,31.0,24.0,17.2,13.3,12.0,10.0,37.0,35.4,8.1,20.0,16.0,10.0,27.0,25.5,34.7,38.4,15.0,5.1,30.3,28.6,34.7,24.2
1772524860.5122406,31.7,22.4,14.1,13.1,24.0,7.1,5.0,4.1,9.2,6.0,8.2,4.0,21.0,17.2,21.0,3.0,18.2,8.1,29.3,34.0,31.3,14.0,14.1,18.0,22.0,31.3,33.0,25.0,30.6,29.3,34.7,31.0,25.5,31.0,8.0,17.3,12.9,13.0,36.0,36.0,14.0,16.2,12.1,15.2,21.4,32.0,25.3,30.3,7.1,15.2,37.6,34.7,34.3,29.3
1772524861.5156002,19.4,21.8,9.0,2.0,22.0,5.1,7.1,4.0,8.1,4.0,5.1,2.0,11.1,19.8,9.1,14.1,11.1,14.9,35.0,25.3,7.9,21.2,18.0,9.3,25.3,18.6,25.7,24.2,21.8,24.0,37.6,28.7,25.5,31.4,4.1,13.1,10.1,12.1,38.2,38.0,19.6,9.1,21.2,8.0,12.0,40.6,24.5,37.0,5.9,18.8,33.7,24.2,26.7,33.7
1772524862.5179417,14.6,21.2,11.3,14.1,14.1,10.2,4.1,7.0,5.1,5.1,5.1,11.2,19.2,8.2,9.9,14.1,6.1,14.1,30.3,37.6,10.1,23.0,16.2,13.3,24.2,25.5,30.3,24.8,12.9,13.1,28.0,13.3,28.3,27.3,7.1,6.0,9.1,13.1,39.8,34.0,18.2,10.1,16.0,12.0,32.0,43.0,25.3,31.7,4.0,18.2,39.0,32.0,33.0,28.6
1772524863.5236435,17.0,14.1,7.0,3.1,16.3,11.2,8.1,8.2,6.1,6.0,9.0,6.1,20.4,21.0,8.1,14.0,18.8,6.1,27.0,38.6,9.1,34.0,10.1,16.7,27.0,33.0,8.1,11.2,12.9,14.7,30.4,40.6,24.0,27.5,21.2,5.1,12.1,11.0,38.0,38.0,18.0,9.1,6.1,18.2,27.0,37.6,30.7,34.7,7.1,13.0,33.3,35.0,30.0,28.3
1772524864.5248065,19.2,18.0,14.3,11.1,16.2,12.9,7.0,3.1,4.1,5.1,9.1,7.0,10.0,19.0,18.4,3.0,15.2,14.0,28.7,37.0,23.2,18.2,27.0,25.5,24.0,27.0,13.3,15.2,12.0,13.0,23.2,38.6,32.7,25.7,21.8,3.0,12.9,10.0,40.0,41.6,23.8,10.0,18.2,8.1,20.0,37.6,28.6,26.5,8.1,15.5,38.6,24.2,32.3,34.7
1772524865.5248947,16.3,16.2,7.1,5.0,7.1,17.3,5.1,4.1,6.9,5.1,3.1,9.3,24.2,18.2,4.0,22.8,19.0,9.1,26.0,39.6,23.0,6.1,20.4,29.0,20.2,26.0,13.1,18.2,14.0,13.3,40.0,36.0,23.0,28.0,21.2,3.0,12.1,13.0,34.0,36.4,13.0,17.0,11.0,15.2,24.2,27.3,29.0,35.4,4.0,17.2,35.0,37.0,30.0,25.3
1772524866.526741,17.8,16.8,10.1,9.0,4.1,12.1,5.0,4.0,3.1,7.1,9.1,6.1,17.0,12.2,7.1,16.2,16.0,6.0,25.3,38.0,4.1,22.8,17.2,23.8,24.8,27.3,6.0,27.7,12.0,12.7,23.0,37.6,28.4,24.8,20.8,5.0,10.9,9.1,31.0,39.4,21.0,5.1,4.0,20.2,27.0,25.0,26.3,27.3,11.0,10.9,26.3,26.0,31.0,34.3
1772524867.5322752,19.6,19.4,8.2,8.1,4.0,7.9,10.3,8.8,4.1,5.1,4.0,9.1,22.0,19.6,14.0,9.0,11.1,14.0,27.0,29.3,22.2,23.0,21.0,18.2,35.4,24.0,7.1,21.0,13.0,13.0,22.2,40.6,29.7,23.0,23.0,12.1,12.0,8.1,34.0,38.6,11.9,15.8,16.3,6.1,18.8,31.3,34.7,31.0,7.0,15.2,23.0,32.0,21.8,36.4
1772524868.5323558,13.4,16.0,6.9,4.0,17.0,8.1,5.1,3.1,7.1,6.1,11.2,2.0,9.0,16.3,14.0,7.1,17.0,8.1,19.2,22.8,25.7,19.0,6.1,12.9,28.0,23.2,23.8,23.5,13.1,12.0,29.4,32.0,21.0,28.3,12.2,8.2,11.1,12.1,29.0,40.0,8.1,18.2,21.0,9.0,35.7,31.7,33.7,19.2,4.1,19.8,21.0,25.3,34.7,22.0
1772524869.5331547,21.2,18.4,14.4,10.9,23.2,5.1,4.1,4.1,6.1,8.2,5.1,12.2,20.2,25.7,2.0,18.2,17.2,13.0,25.3,23.5,21.2,5.2,21.2,26.8,16.0,27.3,27.3,28.7,12.9,13.1,34.3,31.7,21.6,28.7,21.0,6.1,11.1,11.9,38.8,40.6,22.0,6.1,20.0,5.0,32.0,38.4,29.7,31.3,15.2,13.1,28.3,24.2,25.7,39.0
1772524870.5332434,13.4,16.2,7.1,3.1,23.2,6.1,6.0,5.1,6.1,6.0,13.3,5.1,16.3,10.3,2.0,19.2,16.8,6.1,22.2,22.2,13.1,13.1,12.2,29.0,21.6,23.0,23.5,20.2,12.0,14.0,29.7,37.4,27.3,24.5,11.2,11.1,11.0,8.2,35.4,37.4,10.1,18.0,19.0,7.1,26.0,45.0,30.3,29.0,14.0,9.1,37.4,36.6,32.7,24.5
1772524871.534348,24.2,13.0,12.1,13.7,23.5,3.0,3.1,6.0,6.0,5.1,9.1,6.1,22.2,16.0,17.0,7.1,19.0,5.1,27.7,23.2,30.3,14.9,19.8,27.0,26.7,29.3,26.3,25.0,12.0,13.0,32.0,33.7,19.8,27.5,9.1,15.2,10.2,10.1,38.6,40.0,18.0,8.0,12.0,14.3,37.6,31.4,23.5,31.7,14.1,8.1,37.6,31.0,36.3,29.0
1772524872.5351624,14.4,10.3,8.1,3.0,22.4,6.1,11.9,5.2,4.1,3.1,8.2,3.0,16.8,16.8,20.2,1.0,11.2,10.2,26.5,26.0,24.0,20.4,24.2,12.2,22.4,27.7,14.0,14.3,13.0,14.0,36.6,28.0,9.2,17.0,10.2,18.2,12.1,10.1,33.0,36.4,23.0,7.9,6.1,16.0,26.3,27.0,34.0,28.3,13.0,6.1,26.3,27.3,27.3,27.3
1772524873.540682,15.2,15.0,9.9,12.0,10.0,14.7,3.0,5.1,3.0,6.0,5.0,8.9,11.0,20.0,18.4,3.0,11.0,8.0,25.0,35.6,22.8,7.9,26.7,12.9,21.6,20.8,16.0,24.8,12.0,13.1,15.2,39.6,13.7,16.8,4.0,4.0,10.8,11.8,34.0,34.3,9.0,18.0,18.8,2.0,18.0,28.7,22.0,26.0,8.0,14.6,35.6,35.6,38.2,21.6
1772524874.5413244,19.2,20.4,8.2,9.2,6.1,23.5,5.1,5.0,9.1,7.1,3.0,10.1,20.2,20.2,18.4,6.1,11.1,14.0,31.0,34.0,15.2,16.2,32.0,23.2,25.3,18.4,17.3,25.3,14.1,14.0,29.7,24.0,20.0,17.0,11.2,6.1,10.1,12.2,35.4,37.8,8.1,20.0,8.1,19.8,24.2,44.0,31.7,26.5,15.2,3.1,35.6,31.0,34.0,27.3
1772524875.5431213,15.2,15.0,10.9,12.0,9.0,18.8,5.0,4.0,8.1,8.0,5.1,9.1,13.0,12.1,2.0,20.0,5.0,19.0,29.3,35.0,23.0,19.0,12.9,18.0,32.4,22.2,8.9,20.0,12.0,13.0,28.0,19.2,14.0,15.0,4.0,22.0,12.0,11.0,38.6,37.3,15.0,11.0,8.0,11.1,41.6,29.0,30.7,23.8,9.1,11.1,26.0,27.3,30.0,27.7
1772524876.5446024,18.8,18.4,10.2,7.1,13.4,15.2,12.2,8.1,6.1,6.3,4.1,10.2,21.4,23.2,3.0,19.2,6.1,16.2,28.3,36.4,15.0,29.3,14.3,29.0,26.5,30.6,26.3,26.0,10.1,12.1,46.5,22.2,20.2,21.2,20.4,12.2,9.2,11.2,35.4,38.4,5.1,22.0,5.1,20.0,39.4,31.3,35.7,33.3,14.1,9.0,31.6,35.7,29.0,35.4
1772524877.545324,14.3,16.2,9.1,7.0,11.3,16.2,7.1,3.0,8.1,6.0,10.0,7.1,18.2,11.3,1.0,24.8,11.1,17.0,34.7,34.3,23.5,11.1,23.2,22.4,16.3,27.3,27.6,22.4,5.1,5.1,34.0,35.0,25.0,28.0,22.2,3.0,13.1,12.9,37.6,45.9,8.1,23.0,18.2,13.3,28.0,33.3,27.0,33.0,10.0,12.2,38.6,42.6,37.0,20.0
1772524878.545415,20.8,17.3,21.0,14.1,7.1,16.0,7.1,7.1,6.1,6.1,14.1,5.1,14.0,24.0,7.1,16.0,16.2,9.2,29.0,35.0,7.0,21.4,26.3,24.8,26.0,20.2,26.3,29.6,6.1,6.1,35.0,24.2,30.0,31.0,24.5,4.0,12.1,13.3,40.4,40.2,9.2,20.0,10.1,20.0,21.4,31.0,32.0,23.5,8.2,15.3,29.0,38.4,33.3,31.6
1772524879.5455015,20.4,13.0,24.7,7.0,19.0,7.1,5.2,6.1,7.1,8.9,8.2,9.2,17.2,17.2,22.2,2.1,12.1,18.0,46.5,38.6,15.0,22.8,23.2,27.3,31.0,31.0,28.0,22.0,6.1,7.1,40.0,37.3,30.7,27.0,17.2,9.3,16.2,12.2,38.4,38.8,10.2,19.2,15.2,15.3,32.0,25.5,31.0,29.0,12.1,12.1,33.7,32.3,28.0,32.0
1772524880.5468936,22.2,15.2,25.3,13.1,15.2,15.2,5.1,6.0,7.1,4.0,11.2,7.1,14.0,13.3,22.8,3.0,20.2,9.1,37.0,35.7,20.0,23.5,14.1,13.1,27.6,26.5,24.0,24.0,5.1,4.1,18.2,35.0,33.3,28.7,16.0,11.0,14.0,11.9,33.0,38.6,14.7,20.8,9.2,21.0,24.8,30.0,33.3,29.6,13.1,6.1,30.7,31.3,24.2,31.7
1772524881.547092,23.5,21.2,10.1,6.1,8.2,23.0,6.1,14.1,12.0,5.1,15.2,7.0,23.8,26.0,23.2,8.1,12.1,19.0,37.4,36.0,27.3,13.0,14.3,18.0,24.5,23.3,26.3,32.3,19.2,5.2,33.0,45.5,30.7,28.7,20.0,17.2,15.0,14.3,41.0,37.4,20.4,22.4,16.3,10.2,28.0,28.0,34.7,30.6,18.0,9.1,20.2,23.0,34.3,37.0
1772524882.5486822,18.6,32.7,15.5,22.2,6.1,22.2,4.1,4.1,4.1,5.1,6.1,7.1,13.3,13.9,21.8,4.0,16.3,6.1,36.0,32.3,21.4,3.0,18.2,16.2,15.2,25.3,25.3,20.2,18.0,33.7,28.3,36.0,22.8,29.3,10.1,11.2,12.0,10.0,41.0,39.6,19.0,6.1,5.1,20.0,26.3,28.3,25.3,19.0,3.0,21.0,26.3,22.4,22.2,34.0
1772524883.548764,18.6,21.2,4.2,24.2,14.3,23.8,6.2,6.1,7.0,5.9,6.1,12.9,24.0,19.4,19.0,3.1,8.0,20.0,36.0,29.6,21.0,10.1,30.3,16.5,27.3,34.7,26.0,30.0,16.2,13.3,40.2,31.0,22.4,29.7,4.0,20.6,11.2,12.2,34.3,34.3,21.8,7.0,16.0,12.1,33.0,35.6,30.3,27.3,5.1,14.3,34.0,39.2,34.0,31.0
1772524884.5507762,19.0,15.2,15.0,10.9,23.0,35.0,7.0,5.0,4.1,3.1,2.0,8.2,17.8,12.9,18.2,5.0,24.8,14.0,36.0,31.7,21.8,26.7,30.4,22.0,29.0,31.7,26.7,21.8,12.9,13.0,27.3,38.6,26.5,27.7,5.0,7.1,11.1,11.9,35.4,39.4,20.0,11.9,17.8,8.2,34.7,39.0,35.6,31.7,7.0,14.0,35.3,29.0,34.7,24.8
1772524885.5526264,19.4,21.2,10.2,18.6,16.3,21.4,15.2,6.2,9.2,23.5,11.3,21.2,21.4,17.2,22.0,13.3,17.3,12.2,41.4,36.0,15.2,30.3,28.0,16.2,21.0,26.3,15.3,13.4,15.0,11.1,37.0,20.2,35.4,27.0,3.1,6.1,13.1,14.1,42.0,45.0,23.2,9.2,19.2,11.0,39.0,29.6,37.8,27.8,12.2,14.3,35.4,35.0,27.3,38.8
1772524886.5544043,22.2,18.4,9.3,8.1,24.0,7.0,6.2,5.0,6.1,14.0,15.3,11.0,18.0,21.0,22.2,19.6,14.3,12.9,33.0,35.0,4.1,22.4,32.3,16.2,17.2,24.0,17.3,17.2,14.1,14.1,29.0,27.0,28.7,29.7,21.0,13.3,16.0,11.2,37.0,41.0,18.2,8.2,22.2,5.1,29.3,21.6,25.3,34.0,11.1,10.2,40.6,39.4,31.0,34.0
1772524887.5560098,19.2,15.2,11.0,8.1,16.2,9.3,3.1,7.0,9.2,4.0,13.0,3.0,13.3,16.3,5.1,18.4,9.0,18.0,29.3,22.8,7.0,20.8,24.0,20.0,31.7,27.0,23.8,25.3,12.0,16.5,20.0,30.7,27.0,25.0,21.2,2.0,13.0,11.1,39.4,36.3,23.5,12.9,20.2,9.0,21.0,42.2,21.6,32.3,2.0,18.0,30.3,32.0,25.0,34.0
1772524888.5571382,21.2,22.2,15.0,8.1,14.9,17.0,7.0,6.1,9.0,17.3,15.3,5.1,26.0,17.5,2.1,21.0,16.8,13.1,24.0,26.3,13.3,35.0,28.0,27.3,35.1,26.8,24.2,22.0,14.1,12.2,37.0,43.4,35.0,23.8,22.8,3.0,10.3,13.1,41.0,37.4,15.2,14.1,21.8,10.1,30.3,46.5,38.4,33.0,5.1,21.8,37.6,35.4,25.3,41.6
1772524889.5590384,22.2,20.2,12.1,11.1,5.2,22.2,4.2,7.1,12.2,10.3,6.2,10.1,20.2,15.3,20.0,10.2,19.6,14.3,24.0,25.3,27.3,19.4,24.2,21.4,23.2,30.0,26.0,7.1,14.9,14.1,39.0,27.7,29.0,41.4,22.4,5.1,12.0,15.2,42.4,39.8,16.2,15.3,11.0,17.3,29.3,42.6,30.6,35.7,17.0,12.4,36.0,35.4,38.0,20.8
1772524890.5654736,17.7,21.0,9.9,7.1,7.9,7.1,14.0,6.2,21.2,10.1,6.1,17.0,20.0,25.7,16.2,12.2,22.8,12.0,27.6,24.8,6.1,27.0,22.2,23.0,21.2,22.0,25.0,25.3,15.0,14.1,32.0,40.0,35.0,26.7,21.8,3.0,12.0,13.1,40.6,39.2,8.2,23.8,10.1,20.0,36.0,43.0,22.8,28.0,13.1,11.0,30.0,25.0,38.6,30.7
1772524891.578175,20.6,17.6,16.5,15.5,12.7,24.5,5.0,6.9,9.9,6.9,3.9,14.9,14.0,18.6,3.0,20.8,16.8,8.8,31.1,24.8,6.0,21.6,27.5,18.8,29.4,25.5,22.5,30.4,13.7,13.6,31.1,41.7,29.1,29.1,27.2,5.9,13.9,10.8,38.0,40.6,7.8,21.8,7.9,17.6,51.0,37.3,27.5,34.7,5.0,17.6,39.8,35.3,38.2,23.5
1772524892.5785365,17.7,13.5,11.2,5.2,8.6,21.4,4.2,7.3,6.2,9.3,10.3,12.2,24.5,24.5,3.1,24.5,14.4,20.4,34.7,34.7,19.4,30.3,13.3,24.2,34.7,29.6,24.0,27.8,17.0,17.2,27.0,44.1,29.0,20.4,17.5,8.2,17.3,16.5,40.4,33.7,20.6,10.2,14.4,14.4,43.4,36.7,42.9,33.0,13.4,25.8,39.0,39.4,27.6,34.0
1772524893.579864,15.2,21.0,16.0,16.2,3.0,25.0,16.8,5.0,7.1,7.1,10.2,5.0,13.9,14.0,16.7,7.0,12.0,11.0,27.0,29.7,15.0,30.3,17.2,7.1,25.0,25.0,12.7,28.7,13.0,13.0,25.0,28.3,18.0,11.9,14.9,8.0,20.0,16.0,36.6,33.0,19.0,9.0,8.1,19.8,37.6,28.3,34.0,37.1,10.0,20.4,27.3,21.2,16.2,37.4
1772524894.5810466,13.4,18.4,7.1,4.1,7.1,23.2,6.2,15.0,8.1,7.1,14.1,3.1,16.5,22.2,19.4,3.0,9.1,18.2,47.0,37.8,5.1,24.8,26.0,20.0,19.2,18.4,8.1,22.2,14.1,13.0,41.4,21.4,14.3,21.0,12.4,13.1,16.3,12.1,38.4,38.0,14.0,15.3,6.2,20.8,46.5,29.3,24.7,24.0,15.3,6.2,34.0,28.0,34.0,25.3
1772524895.5814855,27.0,20.4,15.0,15.0,7.3,23.8,8.1,5.2,5.2,10.0,11.9,14.0,19.2,16.2,18.4,7.1,16.2,16.3,42.0,32.4,14.0,21.0,23.2,27.0,25.7,33.3,15.0,26.0,13.1,13.1,37.6,39.2,16.8,24.2,17.2,17.3,14.0,13.0,41.4,44.0,9.1,25.7,11.1,16.2,46.5,27.3,35.4,21.0,8.1,19.0,29.7,26.3,34.0,43.0
1772524896.5815845,19.6,12.1,6.9,5.1,7.0,20.4,4.1,6.1,4.0,7.2,3.1,8.3,11.2,21.0,20.8,4.1,14.1,13.0,28.7,30.9,18.0,27.3,26.3,13.1,27.3,31.3,11.2,12.2,15.0,13.3,30.7,28.3,18.4,21.4,21.0,3.0,13.0,10.2,42.0,44.3,7.1,22.0,18.2,9.2,42.6,29.3,34.3,29.6,3.1,18.2,23.2,21.2,31.7,23.2
1772524897.585375,16.2,19.2,14.1,20.8,9.2,17.2,4.1,4.1,2.1,8.1,10.3,4.0,15.0,23.0,19.2,3.0,8.0,14.4,33.3,33.0,12.1,30.3,36.4,17.2,25.3,21.4,14.1,28.0,12.1,14.0,34.0,30.7,29.7,28.0,3.1,6.1,12.1,12.0,34.3,41.6,6.2,20.8,15.2,11.9,40.0,34.0,40.4,35.0,3.0,17.0,35.0,38.4,35.0,30.3
1772524898.586567,15.5,16.3,7.2,7.2,15.2,18.0,13.0,7.1,8.0,7.1,15.2,8.1,16.2,13.1,17.3,9.2,16.3,10.0,36.0,35.0,20.0,10.9,27.7,13.3,20.0,18.2,23.0,25.3,14.0,13.3,24.0,13.1,27.0,29.4,3.1,11.1,12.2,12.1,39.6,35.0,20.0,9.1,7.1,21.2,28.3,17.2,24.2,29.3,18.2,8.2,40.0,34.7,39.0,24.0
1772524899.5867739,21.2,22.4,13.0,10.1,20.6,18.4,10.2,8.2,8.1,12.1,19.4,8.2,20.6,28.3,17.0,14.3,18.2,17.8,41.4,34.3,24.2,13.4,26.0,29.0,27.3,26.3,26.8,24.2,7.1,10.0,43.6,27.3,34.0,32.3,5.1,25.7,13.1,15.3,47.5,43.0,22.0,11.0,24.8,11.1,20.0,24.2,22.2,22.2,13.1,16.2,41.0,38.8,33.3,36.4
1772524900.587002,17.3,18.8,14.1,14.0,21.2,20.0,7.1,8.0,5.2,5.1,10.1,4.0,14.0,14.9,13.1,7.0,17.2,7.1,36.0,29.6,14.1,27.7,8.2,13.1,23.2,36.4,21.8,28.0,3.1,17.3,31.7,31.7,33.0,21.8,3.1,30.0,12.1,12.0,39.0,35.6,23.0,6.1,20.2,3.1,24.0,23.0,35.0,30.7,14.3,8.0,37.0,39.0,30.3,24.2
1772524901.5877118,16.8,17.3,6.1,35.0,10.2,7.1,13.0,4.1,8.0,4.0,14.0,2.0,25.7,17.5,20.2,3.0,20.2,5.1,42.6,43.6,30.0,18.2,18.4,10.1,33.3,28.0,9.2,6.1,4.1,4.1,20.4,44.0,28.7,25.7,3.1,21.2,11.1,14.0,44.0,36.7,16.0,11.1,18.0,7.9,31.0,18.0,37.1,38.8,13.0,9.2,40.0,36.0,22.2,36.0
1772524902.58852,26.5,13.3,13.1,24.0,6.1,6.1,6.1,10.1,5.1,6.1,5.1,10.1,17.0,13.9,17.0,7.1,14.0,11.1,36.4,44.4,23.2,7.1,12.0,17.0,25.0,18.0,13.0,18.2,20.0,6.2,27.0,43.7,28.0,24.0,4.0,21.2,10.1,9.1,37.4,37.0,8.1,19.0,21.8,6.1,25.0,29.3,35.0,30.9,5.0,17.3,29.0,24.2,33.0,32.0
1772524903.588602,23.5,19.6,14.9,20.2,5.1,25.3,3.1,6.1,6.1,6.0,8.2,9.1,21.6,16.5,5.1,22.2,14.0,11.1,37.8,28.0,23.0,4.1,10.2,14.1,30.0,19.2,28.0,23.2,13.3,11.0,33.0,29.6,34.3,22.2,14.3,10.1,11.2,11.2,36.6,36.4,24.0,9.9,18.2,9.1,43.0,30.0,26.3,15.2,14.0,8.1,34.0,37.0,23.0,37.0
1772524904.5888796,27.3,21.0,12.9,16.2,3.0,23.0,5.9,6.1,6.9,4.0,7.0,4.0,12.1,13.7,18.2,5.1,6.1,14.0,31.4,29.7,20.8,23.8,14.9,9.1,32.0,27.5,24.8,31.0,26.0,16.8,34.7,35.6,23.8,27.5,9.0,21.8,11.0,12.9,33.0,32.7,22.5,6.1,6.1,17.0,33.0,32.7,31.0,28.0,3.0,15.0,32.7,22.0,25.0,32.7
1772524905.5891278,19.8,14.4,6.1,29.3,8.2,19.2,5.1,7.1,5.1,6.1,10.2,4.1,14.0,17.3,17.2,7.1,11.9,14.1,35.7,34.3,25.5,19.2,30.3,28.3,26.3,28.6,25.3,23.7,17.2,14.3,36.6,17.0,23.0,30.0,10.2,14.3,12.0,12.1,36.0,40.4,19.2,9.0,17.3,7.1,25.3,46.5,39.0,35.1,4.1,15.0,32.0,39.8,30.7,30.7
1772524906.5892086,21.4,19.0,13.4,22.0,22.4,6.9,9.2,9.2,8.1,6.0,12.4,6.1,16.3,22.2,16.2,11.1,12.4,11.2,25.0,31.0,8.2,26.3,27.0,17.5,24.0,20.0,30.0,29.0,12.9,14.0,32.3,38.4,26.3,28.0,12.0,13.1,11.9,11.1,38.0,39.4,11.1,17.0,8.1,16.0,30.3,34.7,36.7,30.6,5.1,18.2,34.3,33.0,24.2,42.0
1772524907.5911517,21.8,17.3,10.9,15.3,30.3,8.2,7.1,7.1,8.1,6.2,18.2,13.1,20.2,16.2,9.1,17.3,16.2,14.0,34.0,19.2,6.1,25.0,23.0,25.7,28.0,24.0,23.2,25.7,13.9,14.9,38.6,28.0,31.7,25.7,20.0,6.1,13.0,11.1,39.6,47.5,12.0,21.0,12.2,18.2,44.6,35.4,21.8,20.8,16.0,8.1,27.7,34.0,32.3,31.3
1772524908.591236,20.4,14.1,7.3,13.0,25.0,9.3,6.1,7.0,9.2,5.1,9.1,9.1,19.0,21.8,20.4,6.1,16.2,10.0,23.0,22.8,21.4,20.8,17.2,16.2,32.3,29.3,27.3,21.2,15.2,14.1,34.3,34.0,26.0,28.0,16.3,5.1,15.3,13.3,36.7,39.0,19.4,10.2,5.1,19.4,36.0,37.4,13.1,19.4,14.3,6.1,29.3,25.3,33.0,26.3
1772524909.5922816,16.2,20.2,10.2,24.2,11.2,12.0,6.0,8.1,7.1,7.0,12.1,4.1,10.2,17.2,18.0,7.1,10.1,13.1,27.0,27.6,17.2,29.3,14.1,8.0,29.0,24.2,23.0,17.2,15.0,13.0,31.0,31.0,26.3,29.0,8.0,6.1,12.1,14.0,40.2,32.3,20.0,13.0,6.1,21.0,35.0,37.4,37.4,41.0,17.8,8.2,21.0,21.2,32.0,37.0
1772524910.5930717,17.2,15.2,8.2,40.0,5.1,5.1,7.1,10.1,7.1,7.2,10.1,9.1,24.5,16.2,2.0,22.2,11.1,22.2,27.3,26.7,11.9,24.0,20.2,19.6,15.2,23.0,14.3,15.2,14.0,15.0,31.7,27.3,26.0,33.0,10.1,5.1,13.0,14.3,31.3,41.4,9.1,23.8,18.4,11.2,34.0,41.0,36.7,38.4,8.2,17.2,31.0,32.0,27.0,36.4
1772524911.5978405,21.2,10.1,13.1,22.0,7.9,4.0,6.0,16.0,9.1,7.9,8.0,3.0,17.2,12.2,11.1,12.0,5.1,14.9,27.5,18.2,20.0,14.0,25.5,17.8,24.0,21.4,16.0,16.0,13.0,12.0,24.8,25.0,25.5,29.7,21.0,5.0,11.1,12.0,33.0,40.6,15.8,11.1,21.0,5.9,37.0,29.3,34.3,24.7,10.0,6.0,40.0,35.3,29.3,24.0
1772524912.5979228,18.7,13.1,5.1,6.0,7.1,3.1,7.1,10.1,32.0,6.1,17.0,1.0,19.2,20.0,10.1,13.1,11.1,16.2,33.7,34.0,12.2,23.8,23.8,16.0,24.2,34.7,4.1,20.2,13.0,11.2,32.3,21.2,17.0,27.7,20.2,4.1,11.9,13.1,40.8,36.7,15.2,12.0,5.1,19.0,20.0,31.4,17.0,25.0,12.2,9.1,34.0,20.4,36.3,26.7
1772524913.5988705,16.2,11.9,8.1,7.9,19.0,4.0,6.2,3.1,13.1,6.1,8.1,3.1,17.0,17.8,20.0,2.0,6.1,16.0,26.3,36.3,34.0,13.1,31.7,13.0,34.3,27.0,7.0,12.0,13.0,14.7,49.5,23.8,22.0,16.8,21.0,4.0,11.0,10.1,31.0,39.6,20.0,8.1,9.1,14.3,35.6,22.4,23.2,10.2,13.0,9.1,23.2,38.2,35.6,26.3
1772524914.5996227,20.6,14.3,13.0,10.1,15.2,13.3,5.1,22.2,5.1,5.1,9.2,4.0,14.0,14.4,21.0,5.1,9.9,20.0,30.0,29.3,21.0,14.3,12.0,26.0,23.5,22.7,17.2,24.0,13.0,13.0,38.4,18.0,16.0,15.2,22.4,11.1,11.1,11.1,33.3,38.6,11.9,14.0,10.0,15.0,46.5,25.0,37.6,35.6,16.0,12.0,35.0,35.4,26.5,29.3
1772524915.6004355,16.8,19.8,11.1,6.1,16.5,16.0,7.1,7.1,7.2,8.2,15.2,23.5,24.0,21.2,19.4,5.1,19.4,9.2,36.4,36.0,24.8,8.0,23.2,39.4,14.1,25.7,31.3,24.5,17.2,13.1,43.6,30.0,16.2,24.2,24.0,5.0,13.3,17.0,38.0,38.8,27.0,6.1,19.2,12.2,34.0,39.0,34.7,44.9,21.2,14.1,39.6,32.3,34.0,31.3
1772524916.600523,16.5,18.2,13.1,11.1,7.1,19.2,5.1,8.1,5.1,4.0,9.1,9.3,17.3,14.1,21.0,3.0,14.1,7.1,34.0,32.3,18.4,21.0,26.0,10.1,30.3,28.9,29.3,39.4,13.9,13.0,31.0,26.0,14.3,15.3,21.0,2.1,8.1,13.1,36.0,33.7,24.2,9.2,11.0,11.2,24.2,43.0,19.2,27.6,13.0,4.0,30.3,24.0,29.0,29.0
1772524917.601774,17.2,16.2,7.0,5.1,6.1,8.2,7.1,6.1,6.0,6.0,4.1,15.7,20.0,15.3,19.0,3.1,13.3,11.2,33.0,32.7,15.0,30.6,23.2,19.2,33.3,27.0,16.0,24.0,13.0,14.1,31.0,32.3,24.8,23.8,14.0,12.0,10.0,11.1,32.0,38.0,20.8,8.0,7.1,15.0,26.3,45.5,26.3,9.9,12.1,7.1,35.4,32.7,26.5,28.0
1772524918.6049738,18.4,23.0,16.0,13.1,10.4,11.1,8.2,9.2,9.1,8.0,10.2,11.3,17.3,17.2,22.2,7.0,13.0,18.2,36.0,37.0,12.2,26.0,25.7,22.0,20.2,24.8,10.2,24.5,16.2,13.1,40.6,41.6,27.0,32.7,19.2,16.2,17.2,13.3,42.0,42.6,18.0,16.2,20.0,11.1,43.1,23.2,38.0,42.4,18.0,9.1,32.0,31.6,32.0,37.6
1772524919.607089,26.3,20.2,9.1,5.1,15.2,19.0,7.2,7.0,6.2,4.1,13.1,6.1,20.4,21.4,19.4,2.1,7.1,18.4,37.4,38.4,14.3,16.3,28.6,28.7,27.3,26.3,26.0,26.7,15.0,13.0,33.0,31.0,32.3,26.0,12.1,11.2,12.0,11.0,40.0,42.4,18.6,11.1,18.2,10.9,29.3,23.0,54.5,47.5,16.2,5.1,39.0,35.0,29.0,32.7
1772524920.6071703,14.4,14.1,13.1,10.2,3.1,22.2,4.1,4.1,6.1,2.1,8.2,27.3,14.0,16.2,20.0,5.1,9.1,16.0,34.0,32.3,32.0,10.1,22.0,14.1,26.0,26.5,28.0,27.6,7.1,4.1,40.6,32.7,31.4,23.8,18.8,6.1,13.0,14.7,33.3,38.4,4.1,22.8,15.0,9.1,32.7,18.8,30.0,26.8,14.1,8.0,33.7,35.6,32.7,31.7
1772524921.609586,23.2,20.2,11.0,7.1,9.1,21.0,13.1,8.0,12.2,3.0,11.1,22.0,23.2,20.2,5.1,23.8,17.0,18.2,41.0,37.6,19.2,28.4,24.8,24.2,33.3,28.7,24.2,26.0,5.0,5.1,38.0,27.0,26.0,32.0,10.2,5.1,11.1,11.2,43.0,42.6,9.1,20.2,25.7,6.1,22.2,34.0,22.2,21.6,22.8,3.1,26.0,26.5,26.3,37.4
1772524922.6121206,20.2,16.2,9.3,10.0,7.1,23.0,7.1,6.1,7.2,5.1,16.5,12.2,15.3,13.3,4.1,22.0,12.1,14.1,46.0,46.5,7.0,20.4,14.3,10.2,28.0,16.2,17.2,30.0,9.2,6.1,24.0,38.6,29.0,31.3,11.2,7.1,14.1,11.1,38.4,41.0,20.0,13.0,25.0,9.1,32.7,20.6,26.3,22.8,12.0,13.3,31.6,31.0,31.7,30.0
1772524923.6134083,21.4,21.0,17.2,12.1,6.1,24.2,4.1,7.1,9.0,8.9,12.1,9.2,21.0,24.0,5.0,21.2,15.5,10.0,33.3,35.0,20.4,8.1,19.2,13.1,25.5,18.2,25.0,31.3,18.2,9.3,26.3,18.4,33.3,24.8,8.0,19.0,14.9,15.0,37.4,37.4,23.8,10.0,19.4,7.1,39.6,34.0,40.0,39.2,17.2,13.1,23.8,32.0,32.0,32.7
1772524924.6134975,21.2,9.3,16.5,2.1,10.2,10.1,4.1,6.0,7.1,3.1,5.9,11.0,15.0,17.3,4.1,16.3,13.0,17.0,26.5,26.5,37.0,8.2,31.3,23.5,22.8,34.3,23.5,29.0,5.1,20.0,39.0,30.7,27.7,22.2,8.1,19.0,8.1,8.2,26.0,40.0,22.8,4.1,6.0,18.2,40.4,21.2,35.1,37.8,13.0,9.1,34.3,32.0,31.6,23.2
1772524925.6150048,27.3,28.3,14.7,15.0,22.8,7.1,8.1,6.1,7.1,6.0,11.2,5.1,17.8,18.2,3.0,21.8,6.1,19.0,29.0,40.2,30.0,14.0,20.8,23.8,29.7,32.7,29.0,28.0,23.0,14.3,32.7,34.7,26.7,27.0,3.0,21.4,11.1,14.0,39.4,38.0,21.8,8.1,10.1,18.0,24.0,28.0,19.0,18.2,2.1,20.2,38.6,38.0,39.0,26.7
1772524926.6160767,21.9,18.0,10.1,5.1,15.3,14.0,9.2,6.1,7.1,5.2,12.1,10.1,19.2,21.2,4.0,24.0,9.0,23.2,30.7,26.3,21.8,12.1,24.2,28.0,15.3,33.3,18.4,20.4,18.0,20.0,33.0,38.0,33.0,23.8,9.1,22.0,12.2,14.3,42.0,40.0,23.2,8.2,22.0,7.0,30.6,48.0,26.0,28.3,13.1,10.1,36.0,27.3,39.6,24.0
1772524927.6241364,18.0,15.3,10.9,12.0,9.2,16.2,3.0,4.1,7.0,4.0,11.0,8.1,14.1,15.0,4.1,20.0,15.2,11.0,20.8,27.0,4.0,22.0,18.2,24.2,31.0,23.2,19.2,15.0,13.1,11.0,42.2,21.0,27.3,25.0,7.0,23.0,12.0,9.1,35.6,41.0,15.2,15.0,16.2,9.0,36.0,38.6,40.0,34.0,13.0,13.0,34.0,32.7,40.0,27.6
1772524928.6259375,20.8,14.1,11.9,5.1,9.9,12.0,7.1,9.8,12.2,2.1,9.2,11.1,24.8,19.8,20.8,6.1,9.1,15.2,28.0,24.8,16.3,26.0,22.4,35.6,33.0,28.0,23.0,23.8,14.9,13.6,38.0,32.0,25.5,29.7,12.0,13.1,15.0,12.0,31.3,41.4,8.0,19.8,21.0,12.0,28.3,44.6,40.0,42.0,8.0,14.0,37.6,42.0,31.4,25.0
1772524929.6260226,21.0,12.2,30.6,6.1,7.1,4.1,9.0,4.2,8.2,6.0,7.1,11.1,10.2,17.3,2.0,21.0,13.3,13.0,25.3,24.2,30.3,14.3,18.2,17.2,28.6,31.6,27.0,25.3,12.2,13.1,24.0,37.6,28.3,24.8,16.2,6.0,11.1,11.1,32.7,40.4,8.1,21.0,18.2,20.0,32.0,42.6,17.5,23.5,8.2,12.1,37.0,26.0,35.0,28.3
1772524930.6276681,21.0,16.2,18.4,11.0,20.2,24.2,10.0,7.9,5.1,6.1,7.1,15.2,21.8,23.0,18.2,4.0,9.9,18.0,26.7,18.2,15.0,17.8,24.8,19.0,21.4,22.0,10.1,27.0,11.9,13.0,33.3,23.8,24.8,27.0,12.2,12.0,12.9,11.1,38.0,37.6,18.8,9.0,15.8,10.2,35.6,36.6,18.2,20.8,7.0,15.8,27.0,30.3,36.0,20.2
1772524931.6300251,14.4,12.2,11.1,11.1,23.2,4.0,5.1,5.2,5.1,6.1,6.1,10.1,18.0,14.1,18.2,4.0,10.1,14.1,32.0,33.7,6.1,21.2,19.2,21.8,17.3,21.6,19.0,7.1,12.0,12.1,38.4,31.7,23.0,28.7,13.9,14.1,11.1,8.1,33.3,40.4,12.1,13.3,9.1,16.2,42.6,25.3,27.0,35.4,13.0,4.1,37.4,33.7,23.0,30.7
1772524932.631001,21.0,22.2,15.3,25.0,25.3,5.1,5.1,7.1,8.0,7.1,8.2,9.3,23.2,18.2,23.0,4.1,12.0,18.0,34.0,39.0,25.3,17.8,25.3,21.2,26.0,33.3,30.0,26.3,13.0,12.1,30.7,28.6,29.7,27.0,22.2,8.1,12.9,13.0,41.4,44.0,23.8,9.1,10.2,15.2,39.4,30.3,39.4,43.4,14.1,11.1,37.6,34.7,33.3,36.0
1772524933.6314044,21.6,19.2,7.2,26.3,18.4,8.0,7.1,6.1,4.1,7.1,8.0,9.1,18.4,16.0,15.2,5.1,10.1,12.1,31.0,35.0,30.0,12.2,28.3,15.3,26.5,27.3,23.2,24.2,12.9,16.8,35.4,39.6,21.2,20.0,2.0,3.1,12.1,12.0,37.6,35.0,8.2,16.8,15.2,6.1,18.8,32.0,32.7,24.5,10.2,6.1,28.0,32.3,33.0,17.3
1772524934.6314726,20.2,21.2,15.3,29.0,7.2,22.0,11.2,8.1,4.1,9.1,11.2,8.1,21.0,17.2,22.2,5.9,19.0,11.2,31.3,38.0,24.5,10.0,15.3,13.3,24.0,28.3,25.3,30.0,14.3,13.9,38.2,28.3,18.0,19.2,10.2,11.2,13.3,13.3,38.0,44.0,17.0,16.2,20.0,7.1,25.5,28.3,18.4,20.0,12.1,16.2,35.4,44.1,40.0,29.3
1772524935.6319132,16.0,24.8,9.1,6.1,7.1,22.2,9.2,6.1,7.0,8.1,7.1,13.1,19.0,25.3,15.0,11.1,22.2,23.0,30.7,33.0,20.2,9.2,20.4,38.0,22.2,21.0,22.0,28.3,14.0,13.1,31.4,24.8,20.0,15.0,24.0,5.0,15.0,11.9,34.3,38.8,17.2,11.0,21.0,9.0,35.0,22.0,24.2,36.4,13.0,12.2,28.7,31.3,36.4,24.2
1772524936.632934,19.2,19.2,14.9,15.2,9.1,22.2,4.1,12.0,6.1,10.0,6.0,15.3,13.0,16.3,16.3,23.0,14.0,32.0,35.7,36.0,16.2,23.0,22.0,19.2,25.3,29.0,27.3,30.6,13.1,15.0,25.0,21.2,16.2,21.0,22.2,11.1,14.1,10.2,39.0,38.0,9.0,21.0,18.8,16.0,28.7,33.0,38.4,37.4,8.1,18.4,25.3,16.2,35.6,30.3
1772524937.6330135,24.7,14.4,8.2,9.1,14.4,14.7,8.0,4.1,7.1,4.1,11.3,6.1,18.4,25.0,13.1,13.4,7.3,18.2,36.0,31.7,33.3,14.3,35.4,20.4,28.3,32.3,26.3,25.0,17.8,15.2,37.8,28.0,14.1,19.0,22.0,4.1,10.2,13.1,41.4,37.4,21.0,21.0,16.3,13.4,28.6,44.6,39.0,33.0,12.2,10.9,27.3,38.0,34.3,22.2
1772524938.6335087,18.4,20.8,13.4,16.3,7.1,5.1,8.2,9.1,7.2,8.9,6.2,12.1,18.0,14.1,23.2,1.0,12.0,16.2,36.0,37.4,30.4,8.2,20.2,27.0,26.8,30.0,23.0,32.7,15.2,15.0,40.2,33.0,23.0,30.0,21.2,4.1,12.1,13.1,39.0,37.0,23.2,17.2,9.0,18.0,42.0,27.6,18.4,19.2,11.1,15.0,28.0,33.0,34.3,33.7
1772524939.6335976,26.0,17.5,38.0,7.1,9.1,5.1,5.2,10.1,11.1,3.2,9.2,11.1,24.2,20.4,13.1,11.1,15.3,16.2,39.4,38.0,21.2,6.1,15.0,36.3,21.8,18.2,15.2,21.2,13.1,13.1,34.7,43.0,28.3,32.0,17.0,9.2,14.1,11.1,44.4,39.4,23.5,10.1,15.2,10.2,38.6,19.2,38.6,35.4,6.0,20.2,33.3,43.0,33.7,29.3
1772524940.6339538,19.4,12.1,10.9,5.1,6.1,6.1,5.1,8.2,7.1,12.0,4.1,14.1,19.4,10.1,22.2,3.1,11.1,19.2,36.0,35.4,20.4,22.0,22.0,32.0,26.3,28.0,16.2,17.3,15.0,15.2,32.7,32.7,33.7,25.0,10.0,13.1,13.1,14.9,43.0,39.0,25.0,8.0,5.1,22.2,30.0,20.0,36.7,42.4,9.1,16.5,34.0,39.6,36.6,33.0
1772524941.635822,16.5,21.0,12.1,13.1,12.9,6.1,4.1,5.0,7.1,2.0,3.0,10.1,25.3,15.0,20.8,1.0,15.0,6.1,30.7,35.6,14.1,30.3,14.1,40.6,28.7,29.0,26.3,30.0,10.1,12.9,28.6,37.0,26.7,22.8,3.1,3.0,10.1,10.2,32.0,33.0,21.0,8.0,12.9,11.1,9.2,24.2,30.3,30.0,7.1,12.0,22.2,31.0,30.0,28.3
1772524942.6446002,19.0,10.2,8.8,3.0,12.4,13.1,5.1,3.1,7.0,5.1,9.1,6.9,12.0,18.0,10.0,13.9,15.0,13.0,32.0,34.0,9.1,26.0,21.0,26.0,30.0,26.3,25.0,11.0,3.0,5.1,41.7,27.5,23.5,29.4,5.0,3.0,12.9,14.0,31.3,41.0,19.8,8.0,10.1,16.0,30.3,25.5,28.4,11.9,10.1,11.0,37.6,37.6,33.7,31.7
1772524943.650145,24.0,18.8,12.0,10.9,15.0,12.0,11.0,3.0,10.1,4.0,8.0,10.0,19.2,25.7,1.0,22.0,13.0,16.8,49.5,37.3,9.0,20.0,20.8,28.0,26.0,16.0,19.8,26.0,8.0,6.0,34.0,24.0,27.7,29.0,3.0,4.0,15.2,10.1,41.2,38.0,11.0,15.2,16.0,11.9,35.3,30.0,34.3,38.6,18.8,2.1,41.6,36.0,28.3,31.7
1772524944.6502237,19.2,16.2,9.5,22.4,30.8,5.0,8.2,10.2,5.1,8.2,9.2,13.3,13.3,22.4,7.1,20.4,11.2,18.2,39.6,37.4,29.3,25.3,38.4,16.3,28.3,24.2,24.5,27.0,18.4,9.3,27.0,18.2,27.3,28.3,11.2,7.1,14.1,14.3,34.3,39.0,11.1,21.4,23.5,13.1,46.5,31.3,38.4,40.8,7.1,19.2,27.6,33.7,37.0,30.3
1772524945.6503098,23.5,24.0,12.0,7.0,6.1,4.0,5.1,6.1,8.0,7.9,9.1,10.1,22.0,12.1,3.1,20.0,18.0,10.1,28.6,29.0,13.1,32.7,34.3,31.3,25.5,31.3,24.8,30.3,11.1,8.1,17.2,22.0,28.4,27.5,20.2,4.1,16.0,21.0,36.0,36.4,19.4,6.0,14.0,6.1,36.7,28.0,30.0,33.3,8.0,13.0,34.3,40.0,27.7,30.0
1772524946.6515412,30.9,21.6,15.8,12.1,9.2,12.1,7.1,6.1,8.2,7.2,15.3,5.2,22.2,21.2,8.0,25.3,15.2,16.2,32.0,24.0,10.0,26.3,14.3,20.2,25.7,34.0,22.2,27.0,25.3,18.6,27.0,29.0,27.3,28.7,21.0,5.1,17.2,11.1,45.0,41.4,27.5,10.0,19.0,14.1,28.7,47.0,14.0,28.0,14.1,11.1,35.0,36.0,28.6,37.8
1772524947.6535783,25.5,19.6,8.0,15.2,13.0,18.2,6.1,5.1,8.2,4.0,15.3,4.0,15.0,15.3,9.2,42.4,16.2,13.1,23.0,25.3,4.1,22.0,14.0,17.2,24.7,15.0,25.0,31.0,13.0,14.9,15.2,30.7,33.7,23.8,12.9,14.1,12.0,14.0,33.3,46.0,15.0,11.2,17.2,13.1,32.7,43.0,42.4,25.3,12.1,9.1,30.0,32.0,21.8,37.0
1772524948.6567574,21.0,16.2,14.3,22.0,15.3,22.2,13.1,5.1,8.2,7.0,11.2,4.0,17.0,23.0,24.0,4.1,18.0,9.1,26.5,26.3,11.1,31.0,17.3,25.3,31.4,24.0,20.2,29.0,12.0,13.0,30.0,49.5,32.7,25.0,13.1,12.0,12.0,12.1,41.4,39.6,23.8,8.2,13.1,13.1,30.6,45.1,39.4,40.6,18.0,5.1,29.0,29.0,25.3,40.2
1772524949.6577566,20.2,17.2,11.0,8.0,12.0,22.0,8.0,3.0,7.1,5.1,7.1,11.9,13.3,19.8,24.2,2.0,15.2,13.1,22.0,30.0,21.8,23.2,22.0,22.8,26.3,33.3,25.3,24.2,13.0,12.1,26.3,37.4,32.4,25.7,20.6,10.0,8.1,10.9,39.6,38.0,23.0,8.0,7.0,19.0,37.0,34.0,27.6,35.0,14.0,8.2,21.0,18.4,29.0,24.5
1772524950.6582096,17.3,19.2,10.9,6.0,6.1,22.2,2.1,5.1,7.0,6.1,13.1,4.1,16.3,19.4,20.2,1.0,9.1,17.2,29.6,34.3,10.3,25.0,32.3,22.4,25.3,30.9,26.0,29.6,14.0,16.0,30.0,41.6,30.0,25.0,6.1,7.1,11.2,14.3,40.0,35.4,15.0,16.0,12.2,13.1,32.0,42.0,21.2,21.4,13.0,9.1,40.8,39.0,31.3,34.0
1772524951.6583061,15.3,17.8,12.1,10.1,9.2,16.0,8.1,4.1,6.1,7.0,2.0,8.1,14.0,19.8,10.2,10.1,10.0,11.2,39.0,32.0,7.9,20.0,22.0,14.0,19.2,22.8,22.4,20.2,12.2,12.2,23.0,32.3,24.8,29.0,11.2,5.1,12.0,11.1,34.3,34.7,5.2,21.2,18.0,5.1,35.6,33.0,24.2,28.3,15.2,4.1,43.6,33.3,30.0,24.2
1772524952.6583893,28.0,15.5,10.0,7.1,23.0,5.1,9.1,5.2,6.2,5.2,11.1,10.2,28.6,21.2,23.0,4.1,21.2,14.0,44.0,31.3,12.2,29.3,36.0,14.1,31.3,27.3,35.4,31.0,15.0,15.0,29.0,24.2,29.0,28.7,14.3,11.2,13.1,13.3,39.6,37.4,20.0,14.9,21.2,14.0,34.7,41.6,32.0,42.4,11.0,16.0,24.0,36.0,31.0,34.7
1772524953.6612773,13.4,15.8,11.3,9.0,15.2,15.0,8.0,12.1,5.0,7.8,9.1,9.1,12.1,21.0,18.2,4.0,11.0,11.1,29.7,30.3,28.7,19.0,24.2,18.0,30.0,30.0,23.8,26.0,14.0,12.9,23.8,33.0,26.7,25.0,9.0,22.0,13.0,12.0,37.0,38.0,22.3,8.0,9.1,12.0,39.0,36.0,29.3,27.3,4.0,20.0,38.6,35.3,41.2,48.0
1772524954.6613486,25.0,21.0,8.2,8.1,21.0,13.3,7.0,5.1,5.2,7.1,13.1,4.0,20.4,15.3,5.1,20.2,17.2,12.1,34.3,40.0,27.6,9.3,25.5,21.0,31.3,26.0,21.2,16.3,14.0,12.1,40.0,26.3,19.0,17.8,10.1,19.4,12.2,12.1,36.4,40.0,21.0,9.1,12.1,14.1,39.0,20.4,35.4,19.4,7.2,14.1,32.7,35.7,34.3,29.0
1772524955.6619225,10.5,24.5,11.2,11.1,7.1,21.0,27.6,6.0,6.1,7.1,7.1,10.2,22.8,21.0,3.1,20.0,17.2,16.2,37.0,35.0,7.1,20.0,26.7,26.8,23.0,19.0,21.2,14.0,14.0,13.0,40.0,31.7,27.5,13.1,8.1,22.0,13.1,14.9,43.6,36.0,22.2,8.0,14.3,14.0,36.6,18.2,25.5,29.0,15.0,13.3,36.6,32.0,33.0,36.4
1772524956.663402,20.2,20.2,22.0,8.2,9.2,5.1,4.1,5.2,10.1,6.1,8.2,14.1,16.3,18.4,15.2,13.1,12.2,19.0,35.4,38.4,20.2,20.8,26.8,30.7,26.0,25.0,24.0,22.0,14.1,15.2,41.6,34.7,23.2,19.0,6.0,22.2,16.2,11.1,42.0,44.4,24.0,10.2,23.0,8.1,47.5,29.6,36.0,39.2,14.1,12.1,43.0,45.5,37.8,28.3
1772524957.6637025,17.5,11.1,17.3,23.0,19.0,3.1,6.1,9.1,4.0,5.0,11.1,1.0,16.2,22.2,11.0,11.2,9.9,19.0,31.0,27.0,18.8,26.0,19.0,17.0,25.5,28.0,25.0,23.2,12.1,14.0,41.4,21.0,13.3,10.2,15.2,13.0,13.1,11.1,33.0,29.0,13.0,15.0,14.1,7.0,37.0,29.3,24.2,28.3,9.9,9.9,31.0,31.0,30.4,29.0
1772524958.6640868,16.8,26.3,18.4,18.4,24.0,14.0,5.2,5.0,5.1,6.2,10.1,5.1,15.0,18.0,3.1,21.8,12.1,12.2,32.0,32.0,12.1,25.8,12.1,17.2,28.3,27.3,28.0,26.3,13.1,12.1,38.6,23.2,19.8,22.5,17.3,10.2,12.0,9.1,34.7,35.6,6.1,20.0,18.0,4.1,39.4,34.7,34.7,31.3,2.1,15.3,26.7,29.0,20.6,37.0
1772524959.666572,18.8,23.0,10.4,21.0,25.3,28.6,7.0,5.1,6.1,10.1,9.1,10.0,26.7,18.4,13.0,12.0,17.2,11.1,30.6,37.6,6.1,23.0,16.2,23.2,17.2,24.8,24.2,26.0,14.1,13.9,41.6,26.0,31.0,29.0,10.1,12.1,13.1,12.1,38.6,42.4,7.9,22.0,23.2,5.9,43.6,11.1,26.3,28.7,6.9,18.4,39.0,41.0,34.7,33.7
1772524960.6666565,18.4,16.3,9.0,13.3,8.1,19.8,4.1,6.1,4.1,6.1,6.1,10.2,16.2,12.9,14.0,9.2,14.1,11.0,31.0,35.1,26.0,17.0,29.0,21.2,30.4,23.0,30.0,26.0,13.0,12.1,14.1,19.0,28.3,22.0,4.0,20.2,9.0,12.0,33.0,35.6,25.0,33.0,19.2,5.1,30.7,21.0,31.3,33.3,5.1,14.3,32.7,34.0,27.3,31.0
1772524961.668639,19.8,16.0,10.0,7.9,23.5,5.1,12.2,8.0,3.0,10.1,6.1,8.2,14.3,25.0,3.0,18.4,10.1,11.0,32.7,35.6,14.1,32.3,23.8,17.8,25.5,32.7,22.7,22.2,14.0,15.0,33.0,20.0,22.8,31.4,2.1,14.3,13.0,14.0,40.8,33.3,25.7,39.4,15.8,8.2,28.3,19.2,32.3,29.0,13.1,11.8,23.2,30.0,24.8,38.6
1772524962.6695468,18.2,12.1,10.1,8.2,18.0,8.0,4.1,3.0,4.1,6.1,6.1,9.1,20.2,13.1,4.0,21.8,19.2,18.0,28.3,38.0,6.0,22.0,28.3,11.1,28.0,23.2,28.0,24.8,9.2,12.1,18.8,23.2,26.0,23.0,8.1,5.1,12.1,12.1,39.0,38.4,26.3,20.0,4.1,18.0,22.0,15.0,28.6,33.7,13.0,9.1,39.0,36.0,21.0,33.7
1772524963.6696348,20.4,16.3,4.1,6.0,4.1,20.2,7.0,4.1,4.0,4.0,7.0,7.1,13.7,14.1,0.0,19.2,30.7,17.0,29.3,30.3,5.0,19.0,18.2,27.0,23.2,14.1,23.0,22.2,4.0,3.1,26.7,20.8,25.7,29.0,15.0,8.1,11.1,8.1,34.0,37.4,27.0,10.9,4.0,23.8,27.2,19.0,19.0,25.7,2.0,14.3,24.0,15.3,20.2,33.3
1772524964.6701202,28.6,20.0,12.9,10.0,2.0,24.0,5.0,6.9,6.0,4.0,2.0,10.0,18.2,23.5,3.0,18.2,12.0,8.1,39.6,36.6,24.0,17.8,12.0,21.0,24.8,18.8,23.2,20.2,3.0,6.0,28.3,23.2,25.0,20.0,22.5,3.0,11.9,11.0,27.7,37.6,18.8,9.1,5.1,14.9,25.5,24.0,25.0,29.0,4.0,14.1,21.0,14.0,29.7,25.0
1772524965.670202,22.7,24.2,9.0,5.1,13.3,15.0,10.2,4.1,6.1,3.1,3.0,12.1,24.5,16.3,2.0,21.0,7.1,16.2,21.6,24.5,19.2,24.5,21.0,33.7,29.3,29.3,29.0,27.3,13.0,24.2,26.3,38.0,29.0,27.0,21.4,4.0,13.3,9.1,35.4,36.4,7.1,21.8,11.0,10.3,19.2,33.7,29.3,32.3,13.0,7.1,36.4,35.6,33.3,23.2
1772524966.6710243,30.0,21.4,10.9,10.2,13.1,13.0,6.1,6.1,6.0,5.1,6.1,12.1,29.4,24.2,1.0,20.0,8.2,16.8,24.8,25.0,26.3,8.1,35.0,19.0,24.0,31.0,7.1,19.0,14.1,13.0,38.6,31.7,24.8,27.0,25.0,9.2,10.9,14.0,37.6,39.0,19.0,6.2,18.2,8.0,32.7,24.5,39.0,30.3,17.2,3.0,27.7,38.0,31.0,38.8
1772524967.6741767,19.4,21.0,14.0,9.0,8.1,22.2,5.1,6.1,4.0,8.2,6.1,11.0,12.1,18.4,5.9,20.2,11.2,18.4,24.5,23.2,48.5,17.8,24.0,25.0,18.2,21.4,10.1,12.0,4.1,4.1,32.0,30.0,22.0,28.4,21.0,6.0,13.3,11.1,42.4,33.3,22.0,6.1,18.0,8.0,45.5,28.0,29.3,22.0,12.1,11.0,36.0,31.0,26.5,33.3
1772524968.6753078,16.7,22.4,8.2,9.1,7.1,4.1,9.1,4.1,6.1,6.1,10.2,7.1,12.2,21.2,4.0,20.0,15.2,21.0,24.2,26.0,23.2,24.7,20.4,20.4,23.2,19.0,13.3,21.4,15.2,9.1,45.0,34.7,28.0,27.0,9.1,13.1,13.1,12.1,39.0,40.4,26.0,7.0,10.1,19.2,45.1,29.0,24.0,30.0,2.1,15.3,32.0,40.4,43.6,42.4
1772524969.6781878,17.2,18.0,12.2,14.1,7.1,5.9,5.1,5.1,6.0,6.1,13.0,6.1,14.0,23.5,14.1,11.1,6.1,21.0,29.7,33.0,11.0,33.7,24.2,31.7,28.3,32.0,29.7,25.7,13.9,12.9,17.8,25.7,22.8,32.4,12.0,13.0,12.0,12.1,39.4,40.6,21.0,8.1,5.9,21.0,42.0,31.7,34.3,32.0,4.0,19.8,28.3,36.6,35.0,30.7
1772524970.6822052,24.0,25.0,9.2,10.1,12.2,19.6,13.3,9.1,8.2,9.1,19.0,19.2,21.8,16.3,23.0,10.9,12.0,22.2,41.4,38.0,13.1,29.0,12.2,19.2,34.0,28.6,28.0,25.3,13.1,14.1,39.0,35.0,37.0,22.2,17.0,15.3,13.1,12.1,42.6,44.0,10.1,23.0,9.1,20.2,46.5,21.2,35.0,30.3,7.1,21.2,34.7,45.5,47.0,24.2
1772524971.6830838,22.4,14.1,14.1,12.2,14.1,18.0,6.2,12.1,8.2,7.2,37.4,17.0,22.2,21.4,7.2,16.3,19.2,12.0,30.0,39.0,6.1,21.2,20.0,18.4,25.3,22.8,30.3,23.0,14.0,15.0,37.0,23.5,25.7,32.0,21.4,11.2,12.1,11.2,40.8,39.0,10.0,23.0,10.3,20.0,28.0,23.0,47.5,41.4,5.1,19.0,39.4,39.4,25.7,38.4
1772524972.6839254,15.5,24.2,5.2,7.0,26.7,4.0,6.0,10.1,5.1,9.1,11.3,41.0,14.3,15.8,5.0,21.0,14.0,10.1,25.3,35.0,11.0,27.0,28.0,15.2,19.2,21.2,26.0,25.0,11.0,15.2,37.6,34.0,23.5,30.4,8.0,5.0,10.9,13.1,39.4,37.4,21.2,8.1,18.8,10.1,27.0,42.0,33.3,37.4,19.0,4.0,28.0,30.3,27.0,31.7
1772524973.68492,12.6,12.2,9.1,11.9,24.2,3.0,6.1,2.1,9.1,3.1,9.0,30.6,18.4,21.0,17.2,3.1,15.2,6.1,31.0,33.0,26.3,16.5,15.2,25.3,24.5,29.0,19.4,26.0,13.0,12.0,25.5,30.0,21.4,27.3,3.1,3.1,9.2,14.1,36.6,31.0,21.0,5.1,15.2,6.0,28.0,43.6,29.6,26.0,14.1,3.1,34.0,25.8,28.6,27.0
1772524974.693117,17.0,17.8,10.0,8.0,20.0,4.1,7.9,8.8,10.9,6.9,10.9,34.7,12.7,12.0,18.8,3.0,15.0,8.1,30.7,33.0,15.8,20.8,25.5,27.5,31.4,32.3,23.0,26.3,11.8,12.9,28.4,32.7,24.3,24.5,20.0,3.0,13.7,8.9,40.0,33.3,19.6,8.9,11.0,13.9,36.0,34.7,25.5,28.7,14.9,3.0,32.7,34.0,25.5,29.7
1772524975.695495,22.9,11.1,7.2,8.2,17.2,15.8,5.2,24.0,6.2,6.0,8.2,23.0,19.2,26.3,22.2,25.3,12.1,13.1,34.0,37.6,7.1,22.2,13.3,26.0,25.3,17.0,22.0,26.5,13.1,15.8,27.7,43.6,19.2,16.2,18.2,15.5,10.3,16.2,44.0,35.0,9.2,22.8,13.1,16.3,42.2,31.3,32.7,27.8,10.2,11.1,30.0,33.3,36.0,31.6
1772524976.69649,21.8,19.2,12.4,14.0,17.2,14.0,7.1,6.1,5.1,10.1,13.1,21.4,14.1,18.8,20.2,24.5,16.3,14.3,37.4,34.3,11.1,24.0,25.0,29.3,15.0,28.3,27.6,30.0,14.0,13.1,31.3,32.0,22.0,17.0,5.0,22.0,12.1,14.0,42.4,39.8,8.2,22.0,16.8,12.2,34.3,40.4,40.0,29.0,15.3,20.0,29.3,34.0,32.3,31.0
1772524977.702549,20.6,13.0,8.9,7.0,16.2,14.0,7.1,4.0,4.0,7.1,3.1,9.9,16.0,12.2,19.8,24.3,19.6,23.5,31.7,33.7,19.0,23.8,18.0,18.8,32.7,26.0,23.8,26.0,13.9,11.9,38.8,37.6,16.0,16.0,2.0,21.8,12.7,13.0,38.6,35.6,6.0,23.3,10.2,13.0,24.0,45.1,28.3,26.3,16.8,5.0,17.0,18.2,24.8,36.3
1772524978.7033558,21.2,8.2,12.2,8.1,10.1,19.4,6.1,8.2,10.1,4.1,11.1,5.2,18.2,21.0,18.0,35.4,13.4,7.2,30.6,38.8,28.7,12.1,24.5,25.5,30.0,26.3,25.3,21.4,12.1,13.0,21.0,32.0,16.0,16.3,3.0,20.4,12.2,12.0,33.3,40.4,10.2,14.4,12.1,14.3,35.4,27.3,30.0,28.6,13.3,6.1,32.0,31.0,21.6,36.0
1772524979.7049322,15.6,15.2,9.1,5.1,4.1,9.1,5.1,7.0,6.1,14.0,9.1,3.0,9.3,14.1,19.0,26.0,13.9,16.2,29.7,31.0,16.2,8.2,20.0,21.0,20.6,19.2,24.0,31.0,14.1,13.1,31.3,36.4,21.2,20.8,2.0,21.8,12.0,10.1,35.4,34.0,7.1,22.8,6.1,15.8,33.0,20.6,29.6,23.8,7.1,11.1,35.0,35.4,28.3,24.2
1772524980.7058048,17.2,18.0,6.1,10.1,9.0,4.0,11.2,6.2,5.1,6.2,11.1,6.1,16.2,23.0,23.0,28.3,18.4,42.4,36.1,33.7,18.0,14.7,26.3,13.1,25.5,16.2,7.1,7.1,14.9,12.9,26.0,30.0,29.4,23.8,16.3,14.3,10.2,12.1,44.0,35.6,7.0,22.0,15.2,11.1,17.2,37.0,36.0,34.3,19.0,3.1,27.3,32.4,32.7,35.4
1772524981.7065392,25.0,21.2,20.4,13.1,17.5,13.0,8.1,9.1,8.2,9.2,16.3,12.1,16.0,26.5,22.4,31.3,21.0,15.2,38.0,37.4,28.6,17.3,26.7,18.4,31.3,32.0,11.2,17.3,17.0,16.2,17.0,33.7,28.0,32.3,18.4,11.0,17.0,17.0,47.5,46.0,11.1,24.0,14.1,24.5,37.6,22.4,31.0,38.0,21.2,15.2,30.7,34.3,31.6,33.0
1772524982.708153,22.4,16.3,11.0,4.0,24.8,5.0,6.1,6.1,7.0,5.1,14.0,7.0,18.2,16.8,23.0,26.7,20.0,7.0,32.7,35.4,18.8,27.0,12.2,12.9,33.3,28.3,24.8,24.0,14.9,14.9,33.0,33.3,31.0,27.5,15.2,22.2,12.1,10.3,46.0,42.0,23.2,8.0,14.0,14.0,29.0,30.0,35.0,18.0,24.0,14.1,41.8,36.0,32.4,32.7
1772524983.7082367,19.6,19.2,14.4,14.3,25.0,9.3,9.1,5.1,11.3,8.2,9.3,10.2,18.2,19.4,19.2,5.2,10.2,13.3,32.7,33.0,22.4,29.0,22.4,36.4,21.4,23.2,32.0,28.0,13.4,15.3,28.3,32.3,26.0,28.0,18.0,10.1,11.1,15.2,45.5,38.4,19.2,12.4,17.2,8.2,30.3,32.0,26.3,32.3,6.1,17.2,34.0,37.4,26.8,36.4
1772524984.7097821,17.3,21.2,11.0,2.0,26.0,4.0,5.2,3.1,7.1,7.0,8.1,12.0,18.0,17.2,10.0,14.0,20.0,12.1,35.4,25.3,8.1,27.3,40.0,16.2,17.0,23.2,22.2,25.5,12.9,13.0,46.5,31.0,26.3,29.0,22.2,2.0,12.1,9.2,35.4,41.0,17.0,12.9,22.2,8.2,23.2,32.0,37.8,38.8,13.0,9.1,28.0,35.6,36.6,34.3
1772524985.7125468,16.2,20.2,12.1,11.1,22.0,5.0,12.1,7.1,4.0,7.1,6.1,11.1,19.8,29.4,8.0,16.2,14.1,8.9,16.8,31.0,30.7,15.0,20.2,29.0,35.6,31.0,31.0,23.8,4.1,3.1,39.2,23.5,26.5,31.4,5.0,6.1,11.0,14.0,36.3,41.0,6.9,23.0,16.2,11.0,29.0,39.0,35.4,36.6,18.2,4.0,39.4,40.0,27.7,28.7
1772524986.713885,16.5,21.4,11.2,6.1,13.1,8.2,4.1,4.0,4.1,7.1,6.2,10.0,15.3,12.0,21.4,2.0,8.1,16.3,36.7,36.7,17.3,20.2,20.2,22.4,32.0,25.5,25.5,22.2,6.1,19.2,37.6,37.0,27.7,28.0,4.1,10.2,10.1,15.2,41.0,39.0,7.1,18.2,18.0,7.1,42.0,27.3,22.4,24.7,16.8,5.2,29.3,32.0,35.4,29.3
1772524987.7143292,23.2,25.0,14.1,9.1,11.0,4.1,7.0,7.1,9.1,3.0,8.1,10.2,17.2,17.3,23.8,2.0,7.1,21.8,28.0,28.0,4.0,22.0,31.0,30.7,23.5,20.2,27.7,25.3,15.0,7.1,26.3,44.6,25.0,33.0,22.0,6.0,15.8,11.2,44.0,41.0,7.1,24.5,10.9,21.0,44.1,30.3,29.0,28.3,7.1,16.8,37.6,32.3,34.0,38.0
1772524988.7179253,28.6,22.7,9.2,7.1,5.1,6.1,5.1,8.9,7.1,7.1,13.1,5.1,17.2,22.2,19.4,6.1,16.2,10.2,27.3,23.2,30.0,10.0,26.0,15.0,22.0,22.8,26.7,21.0,16.2,9.1,37.0,38.4,21.0,30.0,21.2,5.0,22.2,15.0,37.0,33.7,4.1,21.2,13.1,12.9,34.0,38.6,34.0,31.7,14.1,22.2,36.4,36.3,28.3,32.0
1772524989.7207708,18.8,16.2,12.7,11.1,7.0,5.1,8.1,11.2,9.1,11.2,11.1,4.0,15.2,13.1,23.8,4.0,9.0,17.0,34.0,33.0,33.7,12.1,14.1,21.2,22.2,32.3,20.4,23.5,8.0,10.2,22.4,31.0,25.7,30.7,23.0,11.1,16.2,12.9,37.6,39.6,7.1,20.8,7.1,21.2,31.0,41.6,33.7,34.0,6.1,17.2,27.0,34.0,30.3,35.6
1772524990.7239323,22.0,15.0,11.0,4.1,3.1,5.1,5.1,5.1,5.1,7.1,2.0,9.2,23.8,20.8,19.0,5.0,6.1,18.8,28.0,32.0,19.4,14.1,18.2,31.0,33.3,26.3,30.3,25.7,11.1,11.0,30.7,38.2,25.0,26.0,21.2,2.0,11.0,12.1,32.3,42.0,11.2,21.0,11.9,8.0,27.6,45.0,30.3,25.3,5.0,18.0,24.2,30.7,35.4,27.0
1772524991.7258046,18.6,15.3,8.0,4.0,8.2,8.2,6.1,6.1,7.2,3.0,3.1,14.3,21.2,7.2,21.4,1.0,10.0,14.3,33.0,37.4,9.1,17.0,26.0,19.2,21.0,25.3,23.2,21.4,14.0,13.9,34.0,30.3,30.3,23.8,17.0,5.0,9.1,14.0,43.0,34.7,21.8,6.0,18.2,5.1,30.6,38.0,21.2,19.4,5.1,18.8,21.0,21.4,34.7,25.5
1772524992.728056,19.2,18.0,13.9,14.0,19.8,16.2,3.1,6.1,5.1,7.1,11.0,7.9,18.8,25.0,22.0,3.0,9.1,20.2,39.0,30.4,7.1,22.8,28.0,28.0,14.9,26.7,9.1,24.8,13.0,12.9,25.5,38.0,28.0,26.0,8.0,9.1,12.0,11.9,40.0,38.6,16.0,13.0,9.0,20.8,33.0,17.0,28.7,32.0,10.1,11.1,23.0,30.3,33.7,33.0
1772524993.730293,19.4,20.0,7.1,4.1,14.4,14.0,6.1,6.0,6.1,6.0,11.0,9.1,11.1,21.8,18.2,2.1,18.0,11.9,33.0,37.4,22.0,24.2,19.0,23.5,29.0,25.0,7.1,16.2,12.1,12.1,22.2,33.7,27.5,27.0,3.1,5.1,12.1,12.1,38.0,38.4,7.1,21.8,8.2,16.0,30.7,19.2,40.4,34.0,4.0,20.2,42.0,35.6,31.7,27.6
1772524994.731699,12.2,14.3,12.1,13.1,18.0,8.1,12.1,6.1,6.1,3.1,3.0,10.1,10.3,22.2,13.3,11.1,14.3,11.0,31.3,31.3,29.0,14.3,11.1,8.1,31.3,27.3,17.2,23.0,13.9,13.1,14.1,29.7,28.0,25.5,7.0,10.9,12.1,9.2,37.8,36.0,7.1,19.2,20.0,9.2,32.0,19.2,31.3,30.7,12.1,7.0,31.7,33.3,34.0,31.7
1772524995.731792,25.3,18.2,9.2,6.0,16.2,5.1,8.1,7.1,4.1,7.1,5.1,17.2,17.8,20.2,4.2,21.8,12.1,19.2,30.3,36.0,24.0,5.1,26.3,28.0,33.3,25.5,28.3,27.0,14.0,14.0,45.5,36.0,25.0,24.0,5.1,3.1,13.1,13.1,35.0,41.4,23.0,15.2,16.2,12.1,25.3,31.3,28.3,24.2,9.1,13.4,38.0,32.3,34.3,23.5
1772524996.7357545,16.3,15.0,15.0,12.1,9.0,4.0,4.1,6.1,7.1,5.1,11.2,4.1,13.3,19.8,4.0,22.2,12.9,12.9,40.6,28.0,12.0,14.0,29.3,34.0,18.2,17.0,26.0,23.0,14.0,11.0,31.4,25.0,16.0,16.2,5.1,3.0,13.9,12.0,39.6,37.6,24.0,8.0,12.0,11.1,27.0,43.6,26.3,23.2,9.9,14.0,40.0,38.4,33.7,35.6
1772524997.7358453,20.4,19.4,7.1,2.0,21.0,5.0,5.1,4.0,9.2,5.0,9.2,7.1,15.2,22.0,2.0,19.0,14.3,4.1,35.0,31.7,25.3,23.0,23.5,30.0,30.0,21.2,24.5,30.6,14.0,15.0,36.7,32.3,20.4,14.9,5.1,16.3,10.1,11.0,39.4,38.8,20.6,8.1,7.1,16.0,29.3,42.6,43.0,35.7,15.3,3.0,27.0,32.4,35.6,23.5
1772524998.7359233,19.0,13.0,12.1,8.1,23.5,4.1,13.1,7.1,9.2,9.3,9.1,11.2,15.2,17.5,3.1,21.0,16.2,9.0,31.7,30.6,30.3,17.0,24.0,16.2,33.3,26.3,26.0,27.0,13.1,14.0,33.7,33.7,19.2,12.2,17.2,20.0,16.2,13.0,33.3,37.6,7.1,21.0,11.1,20.2,24.2,44.4,36.4,28.7,15.2,6.1,32.3,36.0,31.3,32.0
1772524999.736012,21.0,24.5,12.2,10.1,25.3,6.0,7.1,6.1,7.1,8.2,14.1,7.1,21.2,23.5,6.1,18.2,17.2,13.0,33.0,37.6,22.4,5.1,26.7,25.5,24.2,29.3,26.3,30.3,15.0,15.3,31.0,40.4,20.0,23.0,10.2,15.3,10.1,14.3,37.0,39.8,12.0,27.0,15.2,14.0,32.0,18.0,28.6,24.7,17.2,7.2,34.3,40.0,21.2,36.6
1772525000.736098,18.6,15.8,11.0,7.1,24.2,6.1,5.1,4.1,10.0,5.1,7.2,10.3,13.3,16.0,4.0,24.2,8.1,18.2,36.0,33.3,9.2,23.0,32.0,16.2,21.2,20.2,22.2,27.3,15.0,12.9,26.3,47.1,29.0,26.0,5.9,18.0,13.1,13.0,39.8,33.0,26.3,18.0,13.0,12.1,15.8,19.0,32.0,17.2,21.0,5.1,27.0,33.7,36.4,33.3
1772525001.7370102,16.3,12.1,10.1,11.1,23.8,5.0,7.0,2.0,5.1,3.0,8.0,5.9,16.2,22.4,3.0,19.0,19.0,5.1,28.0,31.0,16.8,27.3,22.2,13.1,16.0,24.5,24.5,26.0,12.1,12.1,31.0,17.2,24.8,24.0,4.0,3.1,12.0,11.1,33.7,37.4,22.0,6.0,13.1,13.0,17.0,14.3,33.7,37.0,4.0,15.0,29.0,34.3,26.0,24.0
1772525002.7387924,18.0,25.0,9.2,5.1,26.7,6.0,10.1,7.0,6.1,6.0,8.1,12.0,21.6,12.9,3.0,20.8,12.1,18.8,40.4,35.6,13.9,31.7,27.0,24.8,26.3,33.3,30.0,23.2,13.9,14.1,34.3,44.6,25.0,29.7,13.5,11.2,12.0,14.9,43.6,38.6,26.0,5.1,11.1,20.2,19.0,35.9,37.4,36.4,12.2,10.1,34.0,42.6,29.4,32.0
1772525003.7393742,15.5,17.2,14.0,13.1,14.1,12.2,7.1,7.1,8.1,3.1,5.1,11.2,17.3,24.5,12.2,13.0,10.2,11.1,32.0,33.7,3.1,21.0,25.7,19.4,29.3,32.3,17.3,22.0,14.0,11.1,36.7,22.2,26.0,25.7,22.0,3.0,12.2,10.2,34.7,41.0,9.0,20.8,7.1,17.0,35.4,38.8,23.8,22.4,9.1,13.0,24.2,27.0,33.3,34.7
1772525004.7414107,18.6,16.2,4.1,4.0,16.0,9.9,5.1,3.0,5.9,6.0,5.0,5.1,12.1,15.2,17.0,3.1,14.9,13.1,27.0,14.3,9.0,20.2,20.2,22.8,22.0,17.2,20.2,8.0,13.1,13.0,39.2,39.6,30.7,22.0,21.0,2.0,13.9,11.1,36.0,44.6,7.0,18.8,9.9,17.8,27.0,43.1,24.0,19.2,6.1,15.2,27.5,26.7,27.0,28.3
1772525005.7417293,18.4,17.2,13.3,13.1,12.4,12.1,6.1,3.1,5.2,6.0,7.1,10.2,16.2,16.0,21.0,2.0,20.0,7.1,27.3,23.2,32.7,9.2,17.3,31.6,16.2,26.3,11.1,23.0,13.1,11.1,25.3,29.0,30.4,23.0,20.2,3.0,11.2,12.1,39.4,38.0,6.1,20.2,22.2,5.1,45.0,30.9,33.3,33.7,18.2,8.2,15.6,23.7,33.3,35.6
1772525006.7425344,25.3,15.3,8.1,4.1,12.9,18.2,5.1,5.1,6.1,4.1,9.0,14.1,27.0,18.2,20.4,7.1,15.2,10.0,28.3,20.2,30.3,13.1,21.2,14.0,26.0,29.7,22.8,11.1,7.2,8.1,23.2,29.3,28.0,29.7,21.2,1.0,14.0,10.1,37.0,41.0,9.1,20.0,17.2,9.2,43.6,31.0,36.0,40.8,7.1,16.0,33.0,38.0,28.3,33.3
1772525007.7431457,17.2,14.1,10.2,10.2,5.1,29.0,7.0,4.0,6.0,7.1,2.1,12.2,18.2,8.0,22.0,2.0,11.2,10.3,39.0,31.0,23.8,6.1,11.1,10.0,28.6,29.3,24.0,21.4,5.1,2.1,23.0,27.7,28.0,26.7,24.0,39.0,12.0,12.1,39.0,39.4,23.0,8.1,12.0,14.0,39.4,34.0,30.3,25.0,3.1,17.2,33.7,35.0,25.3,31.0
1772525008.7468586,27.7,26.0,11.9,10.0,10.0,22.4,14.1,26.5,5.1,7.1,11.1,10.9,19.4,21.2,20.8,3.0,18.0,14.9,35.4,34.7,22.0,6.0,26.0,22.2,25.7,27.0,31.3,26.7,5.1,19.8,31.7,35.0,33.3,26.7,19.8,6.1,13.0,9.2,41.0,41.4,21.8,9.0,9.3,19.2,31.4,38.6,21.2,21.2,4.0,20.0,30.3,36.6,40.6,32.0
1772525009.7469275,27.6,21.6,10.0,10.1,19.4,5.1,4.0,42.6,11.9,6.0,12.1,7.1,13.0,19.0,3.0,21.0,14.0,15.2,31.0,36.6,33.0,11.0,16.0,22.0,22.0,21.0,24.2,23.2,15.2,20.2,40.6,30.4,22.8,28.0,10.1,10.0,13.0,13.0,37.0,38.6,9.9,19.0,20.6,4.0,32.0,21.0,43.0,38.0,10.9,17.2,38.0,37.4,27.3,31.3
1772525010.7485278,22.4,17.0,10.2,10.0,23.5,9.2,6.2,37.8,7.2,5.1,11.2,11.1,17.2,19.4,5.1,22.4,16.3,9.2,37.4,30.9,31.0,13.4,26.3,30.6,29.3,25.3,32.0,25.0,12.2,8.2,44.0,31.6,23.0,36.0,9.2,18.4,11.2,12.2,44.0,35.4,8.2,19.2,17.3,9.0,15.3,35.4,36.7,36.7,13.4,13.1,36.6,39.6,36.0,35.0
1772525011.750478,18.6,16.2,8.9,6.1,23.2,1.0,3.1,36.6,4.1,8.0,5.1,10.2,16.0,23.2,14.1,9.0,13.0,16.8,32.0,33.3,24.5,6.1,19.2,27.7,31.3,30.0,23.5,25.5,14.9,12.1,42.0,49.5,26.5,28.7,17.3,16.8,11.0,14.1,37.4,43.6,8.1,20.8,16.8,7.1,31.0,23.0,32.0,26.8,7.9,14.9,25.3,31.3,34.3,26.0
1772525012.7514606,14.3,20.0,13.1,13.3,24.8,7.0,14.9,25.5,6.1,9.0,8.2,11.0,12.1,16.0,24.0,10.1,15.5,10.1,35.0,31.3,20.8,8.1,19.2,21.0,26.0,25.0,27.7,23.8,14.0,13.0,27.5,30.4,24.8,26.0,9.9,17.0,11.1,12.9,32.3,39.4,12.0,20.0,17.0,13.1,23.2,35.0,22.0,13.3,8.2,14.4,36.6,36.6,32.7,32.0
1772525013.75217,20.4,17.2,6.1,5.9,25.3,26.3,8.2,7.9,14.1,10.2,9.0,12.1,25.0,25.7,5.0,21.0,9.9,17.8,34.0,35.6,21.0,23.8,20.0,25.5,23.0,18.8,24.0,32.7,15.2,15.7,35.6,34.3,35.0,24.0,13.1,5.1,14.0,12.2,42.0,38.6,17.3,19.2,22.0,8.2,39.6,32.0,25.5,32.0,5.1,18.6,27.2,34.0,30.0,30.3
1772525014.7522678,18.8,17.2,16.5,12.4,16.8,12.1,7.2,3.1,41.0,7.1,12.4,7.1,14.4,16.3,5.1,23.0,12.4,20.6,31.3,38.8,29.9,16.2,15.5,14.1,25.8,22.7,24.7,22.7,11.1,14.3,24.2,45.0,31.3,25.3,5.2,4.2,16.3,11.3,42.0,34.7,25.0,18.0,12.4,14.0,37.4,37.8,33.0,48.5,11.1,12.4,40.6,34.0,41.0,24.2
1772525015.7577407,21.0,19.2,8.9,5.9,13.0,23.0,7.0,5.1,7.1,9.0,10.2,5.1,24.2,20.0,20.2,2.0,9.3,16.8,35.0,34.0,13.9,18.2,17.2,16.0,30.0,28.3,24.8,18.2,14.0,13.0,29.0,39.0,21.0,28.7,22.4,9.1,12.0,10.9,42.0,37.6,19.6,11.9,6.0,21.2,41.4,31.7,35.7,39.4,11.0,12.0,36.6,41.0,33.3,29.3
1772525016.7591736,16.2,13.9,11.1,11.1,12.2,19.0,5.1,5.0,3.0,6.0,3.0,10.1,15.0,9.9,7.9,16.0,6.9,18.0,34.0,32.4,3.1,22.5,7.0,12.9,28.0,25.0,7.0,4.0,15.7,12.7,32.7,31.0,15.0,21.8,10.1,19.8,12.0,11.0,35.0,32.3,11.1,18.8,5.1,18.8,28.7,41.2,14.9,19.0,4.1,16.8,24.8,22.5,29.7,32.0
1772525017.7666988,24.7,18.2,10.2,35.4,21.2,14.1,7.1,14.1,8.1,8.2,9.1,12.0,20.2,19.2,3.1,23.0,8.1,19.0,28.6,39.4,22.0,24.5,15.0,18.2,14.3,24.0,12.2,9.0,16.0,14.1,34.7,32.0,21.8,20.0,8.9,21.4,14.3,14.1,41.6,38.0,19.2,24.2,9.2,20.2,33.3,39.0,22.0,17.2,7.0,18.2,23.2,31.3,37.0,27.3
1772525018.7687426,16.3,12.0,8.1,32.0,6.1,17.2,11.0,5.0,8.0,6.0,2.1,9.2,19.0,14.1,9.2,14.9,9.1,14.0,24.0,38.6,14.1,30.7,12.2,8.0,16.8,24.2,4.0,24.2,11.0,13.0,24.2,24.5,13.9,19.0,3.0,21.8,11.0,15.0,34.3,34.0,8.0,19.8,13.0,12.0,29.7,14.0,44.0,35.4,10.1,14.1,25.7,21.0,23.0,32.4
1772525019.7699528,17.3,11.1,12.1,22.2,4.1,6.0,9.0,3.0,7.2,4.1,12.0,7.1,16.2,7.1,19.2,4.0,6.1,17.0,32.7,35.0,16.0,11.2,15.0,30.3,32.7,24.5,23.2,22.8,12.9,14.0,17.0,20.2,13.0,20.0,2.0,23.0,12.0,11.0,38.4,32.7,5.0,22.2,12.2,13.1,26.3,8.1,36.7,31.3,3.1,11.1,27.6,22.0,30.0,30.3
1772525020.7800817,18.4,20.8,6.9,6.9,5.9,7.0,5.0,6.1,3.0,7.0,6.1,11.0,16.0,22.2,14.0,15.8,11.9,19.0,32.0,31.4,4.0,21.8,29.0,16.0,31.7,30.0,24.8,30.3,12.1,12.7,34.7,43.1,19.2,15.0,11.0,18.2,10.0,12.0,42.2,32.0,8.0,21.8,13.9,12.0,31.4,18.8,24.5,25.0,4.0,19.8,41.6,33.0,33.0,26.0
1772525021.7838268,21.0,14.1,10.9,13.0,15.2,17.8,6.0,3.0,7.9,4.0,6.9,9.1,15.2,15.0,12.0,11.1,15.2,9.9,36.6,34.0,14.1,22.8,23.8,15.2,18.8,25.7,19.0,26.7,11.9,11.9,17.2,38.6,26.7,23.8,9.0,15.0,12.9,12.0,38.0,38.2,21.0,7.8,4.0,20.6,30.7,24.0,12.1,24.8,7.0,14.1,32.7,32.4,34.0,26.7
1772525022.7839127,22.7,13.1,18.6,13.3,7.2,23.5,5.2,12.2,7.2,6.1,3.1,10.2,13.3,15.2,23.2,3.1,9.2,19.2,34.3,39.8,13.4,28.6,27.6,14.3,23.5,17.2,24.2,26.3,13.1,13.3,34.0,39.4,31.0,26.0,12.4,12.1,9.2,12.2,40.4,36.7,22.0,6.2,12.1,12.4,37.0,16.3,28.3,24.5,11.0,15.0,26.0,35.4,28.3,40.0
1772525023.7842333,20.4,19.6,22.2,7.1,15.3,11.1,5.1,3.1,6.1,8.1,11.1,8.2,19.2,26.0,10.1,13.1,20.2,7.1,28.6,25.3,18.0,21.0,12.0,13.1,29.7,28.0,19.2,17.2,18.8,13.1,29.7,42.0,31.4,25.0,12.1,14.1,13.1,10.1,38.4,43.0,21.0,12.1,8.9,21.0,37.4,28.7,47.0,39.8,16.3,6.2,38.0,38.4,33.3,28.3
1772525024.7849848,15.3,18.4,12.9,12.1,24.8,10.1,8.9,6.1,6.1,7.1,6.1,9.3,13.0,20.0,20.4,10.1,13.1,16.3,18.2,29.0,18.2,15.3,13.3,35.0,26.5,32.3,7.1,7.1,15.2,16.0,39.0,30.0,23.0,34.7,4.0,17.2,15.0,14.0,36.4,40.4,18.8,13.1,16.2,14.0,35.0,36.7,36.4,40.0,8.0,19.8,37.0,39.0,34.0,34.3
1772525025.7898452,18.2,21.0,9.0,4.0,23.2,5.1,6.1,6.0,7.0,9.0,6.9,8.1,25.0,18.8,20.8,17.0,15.0,19.0,29.7,19.8,26.0,14.1,21.2,40.2,24.8,28.0,25.3,12.0,13.0,14.0,35.6,32.7,23.8,27.5,5.1,14.0,12.1,13.1,37.0,42.0,27.0,30.6,22.8,6.1,34.7,40.6,21.2,24.0,5.1,17.2,31.3,22.8,23.2,32.0
1772525026.7922962,10.6,13.0,14.0,13.1,25.0,5.1,6.0,7.0,2.0,6.1,7.2,2.0,14.1,13.1,9.0,13.1,18.0,17.2,22.4,23.0,27.0,19.0,29.0,44.4,14.3,23.2,23.0,3.1,12.1,13.1,26.0,32.3,27.3,28.0,2.0,9.1,11.1,10.1,42.6,31.7,20.0,11.9,7.0,19.0,39.0,30.3,21.0,11.2,2.0,15.2,25.0,26.3,29.0,26.3
1772525027.7936263,23.5,23.2,10.1,4.1,18.8,14.1,9.2,11.1,7.2,8.1,12.0,12.0,17.0,18.4,22.0,5.0,7.1,20.2,22.8,30.0,20.0,20.0,30.0,34.0,29.3,26.0,24.2,14.1,9.2,9.0,34.0,35.6,30.7,28.4,6.9,22.0,12.0,16.0,40.0,38.4,16.2,16.2,9.2,20.0,27.0,44.1,38.4,33.3,8.0,19.0,38.0,43.6,39.0,38.4
1772525028.8001611,17.8,15.0,12.0,8.0,16.3,10.1,5.1,5.1,7.1,6.0,12.9,6.1,20.4,21.6,20.0,2.0,17.2,8.8,35.4,32.3,21.8,4.0,25.7,18.0,28.0,27.7,26.0,16.2,5.0,6.2,22.0,33.0,23.8,26.0,5.0,21.8,10.9,10.1,37.8,35.3,13.0,11.0,4.0,19.2,42.0,27.0,39.0,37.4,6.0,15.2,23.8,28.3,32.0,37.3
1772525029.8040483,19.2,24.7,12.1,7.1,15.0,15.0,7.0,5.1,6.1,7.1,4.1,10.2,19.2,12.0,20.0,9.1,10.9,18.0,32.7,36.4,26.3,21.0,37.4,16.0,35.7,35.0,26.5,28.7,8.1,7.1,38.6,42.6,32.0,27.0,2.0,23.0,15.2,13.9,47.1,38.0,22.8,8.1,5.1,24.0,43.6,29.3,35.7,29.3,6.1,20.8,37.6,38.6,32.3,30.7
1772525030.8052,17.5,17.0,5.1,5.1,19.8,8.1,4.0,5.1,6.1,6.0,7.1,6.1,22.0,24.2,18.0,4.0,13.0,13.3,48.5,38.4,14.1,29.3,29.7,11.1,27.0,24.0,25.0,20.2,5.1,5.9,35.3,25.0,31.3,22.0,11.0,22.2,11.0,10.2,37.4,39.4,20.8,7.0,8.2,18.8,26.3,33.3,12.1,21.0,16.2,5.2,31.3,31.3,23.8,30.6
1772525031.8100705,17.2,15.3,16.0,14.9,15.3,3.0,12.2,8.9,7.1,5.1,17.2,2.0,18.0,11.1,14.1,9.1,17.0,12.9,37.4,33.0,8.1,25.3,20.2,23.0,16.0,26.0,10.9,24.0,17.2,17.3,34.0,31.0,27.2,30.7,4.0,18.0,9.1,14.0,46.5,36.7,15.2,15.8,17.0,12.0,31.0,23.5,22.0,22.8,18.0,5.0,24.0,21.2,37.0,35.3
1772525032.8147745,24.7,26.0,8.0,2.0,4.0,4.0,8.1,4.0,6.1,4.1,5.1,7.9,15.0,12.1,5.0,18.8,12.0,8.0,34.7,28.0,17.2,6.9,24.0,20.6,25.0,31.7,11.1,8.1,21.2,21.0,23.5,19.8,21.2,30.4,8.9,6.1,12.0,10.1,34.0,30.7,7.9,17.2,16.8,8.0,34.7,24.8,31.3,41.6,10.9,8.2,20.8,15.2,23.8,33.7
1772525033.8151248,18.2,17.0,6.1,3.0,8.0,11.0,2.1,4.1,5.1,5.1,5.1,11.1,16.3,23.0,24.5,2.0,20.2,4.1,34.0,31.1,18.2,12.2,20.4,18.2,30.3,29.3,5.1,6.1,13.0,12.1,27.3,21.0,22.8,30.0,4.1,3.0,11.0,13.0,35.6,43.0,3.1,27.0,18.0,13.3,39.0,34.0,34.3,38.4,17.0,4.1,35.0,35.6,22.4,37.0
1772525034.8152158,16.7,26.3,15.2,14.0,5.1,22.8,6.1,5.1,5.1,11.0,12.1,2.1,16.8,13.0,8.9,14.3,17.8,8.0,38.0,29.6,35.0,10.0,29.7,26.3,22.2,21.2,7.1,22.2,13.9,11.1,43.6,37.4,30.0,25.0,4.1,4.1,13.0,11.2,38.8,35.0,8.1,22.0,4.1,22.4,33.7,39.6,30.0,21.2,11.0,12.0,35.0,28.3,38.6,25.5
1772525035.8172402,24.5,14.1,7.9,3.0,5.2,21.2,7.1,5.0,8.1,39.4,10.1,9.1,20.2,13.1,18.4,2.0,9.1,14.1,37.0,32.7,28.7,12.1,13.9,10.1,21.0,21.2,27.0,11.1,15.0,13.9,15.0,43.6,25.7,26.5,3.1,4.0,10.0,11.1,42.6,36.4,8.0,19.0,9.0,18.8,26.3,43.0,26.3,25.0,17.0,4.0,33.3,34.0,30.7,27.7
1772525036.8173187,15.3,18.0,10.3,11.1,6.1,22.2,6.0,5.1,6.1,42.3,9.1,8.1,22.2,15.3,22.2,2.0,10.1,20.0,36.0,31.3,21.4,5.1,18.6,20.4,28.3,34.7,27.7,28.3,15.3,13.1,33.3,39.6,26.0,29.0,7.1,11.2,12.1,10.1,36.4,43.4,7.1,21.2,16.3,7.1,43.4,30.3,33.7,33.3,19.0,3.1,38.0,41.0,32.3,32.0
1772525037.8205583,20.0,15.5,7.0,5.1,5.0,22.0,7.1,7.3,5.0,35.6,6.1,7.1,21.0,12.0,21.8,1.0,8.2,13.1,33.0,32.3,21.8,18.0,20.0,18.8,34.3,25.3,23.2,26.7,13.7,12.9,34.7,28.0,21.0,14.1,12.1,3.0,12.0,10.0,42.6,38.4,6.0,19.8,18.8,5.0,37.3,31.7,38.4,36.6,12.1,8.0,30.0,26.5,27.3,28.0
1772525038.822444,19.4,15.3,11.7,9.1,9.2,17.8,4.1,3.0,4.1,20.2,9.1,25.7,14.1,19.2,19.2,2.0,12.0,14.1,29.0,35.0,29.7,14.1,18.2,34.7,19.2,20.4,23.0,23.5,13.0,12.1,34.7,29.0,16.8,16.8,22.0,4.0,11.1,10.0,40.4,36.0,14.1,16.8,14.1,15.0,38.4,29.0,25.0,29.6,5.1,13.0,25.7,28.7,34.7,32.0
1772525039.822526,20.2,14.1,9.1,10.1,16.0,7.1,4.1,3.1,6.0,22.2,6.1,14.3,14.1,12.2,2.0,22.0,7.1,14.0,36.4,26.0,26.5,7.1,14.1,25.0,24.0,17.0,23.2,23.0,13.0,12.1,26.3,32.7,13.1,17.2,11.1,14.0,11.1,12.1,34.0,33.7,18.0,9.1,8.1,13.0,20.0,31.7,24.2,19.8,2.0,19.2,36.0,34.0,24.2,30.7
1772525040.8236864,17.3,17.8,9.7,6.1,19.4,10.0,10.0,6.1,7.2,36.4,15.2,15.0,24.2,22.2,19.2,7.1,10.1,17.3,38.6,33.3,19.8,11.0,22.0,26.0,29.7,30.7,17.2,10.1,13.0,13.9,33.3,30.3,18.2,21.6,16.0,17.5,15.3,13.0,40.4,42.4,17.0,17.8,9.2,16.3,33.3,23.2,31.0,29.3,10.1,20.2,31.0,37.0,39.6,28.6
1772525041.8245356,22.4,16.5,14.3,14.7,15.2,15.2,10.1,6.1,7.1,12.9,14.1,29.3,14.1,16.0,21.0,3.1,11.0,17.0,38.6,28.6,25.0,10.2,31.0,25.0,30.6,28.6,24.2,19.2,14.0,14.0,34.3,39.0,20.2,23.5,4.1,19.0,13.7,14.0,42.6,36.0,8.9,23.5,19.0,10.1,24.8,35.0,40.8,34.3,19.8,10.1,31.0,32.3,37.8,29.3
1772525042.8258307,18.6,27.3,11.1,6.2,24.2,7.1,6.2,8.2,8.1,8.2,11.0,38.0,21.2,25.3,28.0,5.1,21.2,19.4,36.0,29.3,19.0,30.0,25.3,24.2,17.2,30.3,28.0,26.0,14.1,15.2,38.0,29.3,27.0,26.7,6.9,8.2,12.4,13.1,50.5,40.4,7.1,21.8,11.1,22.0,27.6,25.3,32.3,34.3,11.2,17.2,38.4,39.0,34.7,36.4
1772525043.8287468,20.2,12.1,31.3,12.1,8.0,4.0,5.9,3.0,4.0,5.1,3.1,9.2,16.0,15.0,21.0,5.2,13.9,10.9,19.0,20.8,21.2,18.2,21.8,24.2,18.0,18.2,26.3,25.5,12.9,12.9,26.7,37.0,28.4,25.0,6.1,9.9,13.0,11.0,36.6,43.6,10.2,20.2,6.1,16.0,16.0,22.8,31.0,26.0,7.9,14.1,29.0,25.7,20.2,29.7
1772525044.830245,15.3,18.2,36.4,8.0,10.1,6.0,9.1,5.1,7.1,7.1,9.0,6.0,18.8,12.1,21.0,7.0,12.1,14.3,27.3,23.2,17.8,15.0,19.0,21.4,28.7,36.6,23.8,26.0,15.0,14.0,12.2,29.7,25.0,31.7,2.0,21.4,13.0,11.1,41.4,39.0,9.0,25.5,10.1,17.0,29.0,28.3,33.7,24.5,19.0,4.0,26.0,33.3,30.0,33.7
1772525045.8315732,20.6,22.2,35.0,10.3,31.3,9.1,12.2,8.1,9.2,8.1,17.2,16.3,21.4,26.3,24.0,3.1,15.2,15.6,33.3,27.3,26.3,15.3,25.5,28.7,31.6,31.6,23.2,17.2,14.3,14.3,39.0,32.3,31.0,29.7,11.2,25.0,11.1,16.0,43.0,40.4,20.0,12.2,13.0,20.2,29.3,47.0,26.8,31.3,13.0,19.0,29.3,21.2,31.3,43.0
1772525046.8321643,22.2,22.4,21.2,14.0,25.0,2.1,10.1,15.3,11.9,9.2,13.1,7.0,13.9,20.8,11.2,15.2,17.5,18.2,33.0,22.4,25.3,21.0,18.2,16.0,18.2,26.5,17.3,23.2,15.0,16.8,27.7,41.0,27.0,30.0,20.2,8.0,16.2,13.1,43.4,40.4,22.2,10.1,16.2,16.3,33.0,40.0,33.7,36.4,4.1,18.4,37.0,32.3,33.0,28.3
1772525047.8360128,13.4,15.2,16.0,5.1,26.0,17.0,3.0,21.0,5.1,5.0,2.0,15.2,15.2,26.3,20.0,5.0,20.6,6.9,29.3,39.6,13.1,31.0,10.2,19.0,16.8,22.2,34.7,29.3,11.1,14.0,44.6,25.0,28.4,25.0,21.8,2.0,11.1,13.0,40.6,34.0,11.9,21.6,17.8,9.0,30.4,42.6,29.4,37.6,19.6,11.0,38.0,43.1,31.0,36.6
1772525048.8367841,19.6,28.3,18.2,11.2,11.2,18.8,8.2,9.3,39.8,8.2,10.0,12.2,13.4,25.3,25.5,5.2,19.2,12.2,33.0,37.4,7.1,25.0,22.8,28.6,34.0,33.3,26.0,34.0,15.0,14.3,38.4,39.6,32.0,27.0,20.2,6.1,14.0,14.3,41.8,43.4,9.3,24.2,16.3,14.3,29.9,43.6,36.1,24.7,18.2,8.2,34.3,34.3,28.3,35.4
1772525049.8378003,15.0,14.3,7.9,4.0,4.1,22.0,5.1,5.0,34.0,4.1,7.1,5.1,17.2,16.0,19.8,2.0,14.1,12.0,28.0,31.0,7.1,22.2,16.3,24.0,27.6,28.3,16.0,28.3,7.1,8.1,33.7,23.8,29.0,21.8,7.1,19.8,12.2,10.1,36.0,37.6,19.0,20.8,8.0,17.0,31.0,39.0,25.3,28.3,16.3,5.1,33.7,40.6,32.3,36.0
1772525050.8386831,19.8,19.8,11.2,12.1,10.3,7.2,12.1,4.1,39.4,7.1,5.1,9.2,18.0,14.3,20.4,7.1,21.0,7.1,39.6,34.3,18.0,27.0,22.2,31.0,23.0,20.0,27.3,27.3,4.1,3.1,45.5,31.0,31.7,27.0,4.1,3.0,14.0,14.1,43.4,36.0,17.0,12.2,24.0,4.0,26.0,44.6,31.0,30.3,15.8,5.1,37.6,32.3,28.3,28.3
1772525051.8387692,16.3,14.1,7.1,5.1,5.1,5.0,19.2,4.1,24.2,6.1,4.0,9.1,12.1,16.2,20.0,5.1,15.2,11.0,32.7,34.0,12.0,27.6,19.4,32.3,27.3,12.1,23.2,22.8,5.1,3.0,37.4,20.8,27.7,29.0,6.0,3.1,10.1,12.1,40.0,38.0,21.2,7.9,21.2,6.1,40.4,30.3,33.7,32.3,13.3,8.2,32.0,29.3,34.7,29.0
1772525052.8388634,26.3,10.2,13.0,8.2,6.1,4.1,37.0,5.1,8.0,7.0,14.1,4.1,14.0,26.0,19.2,3.1,10.9,16.2,36.0,41.0,16.2,15.0,17.0,29.3,30.0,24.0,23.2,27.3,6.1,15.3,35.6,32.7,26.5,27.0,3.1,5.1,12.1,12.1,35.4,37.4,20.0,8.2,23.0,5.1,28.3,46.5,31.0,28.0,4.0,21.8,39.0,36.4,26.3,33.7
1772525053.839895,24.2,25.3,13.1,12.0,9.1,16.0,24.0,18.6,8.1,10.0,4.1,13.1,19.2,17.2,9.1,14.0,17.2,6.1,36.0,44.9,27.7,9.9,17.2,18.8,32.7,28.7,26.0,23.2,15.0,13.3,27.7,34.3,26.0,28.7,6.1,6.1,10.2,12.1,38.0,34.3,24.8,12.0,21.0,8.1,31.7,24.5,29.6,21.2,9.1,14.1,27.3,29.3,21.4,33.7
1772525054.8417208,14.1,21.2,10.9,7.1,5.1,10.0,24.2,20.4,5.1,5.2,9.0,9.0,22.5,13.0,3.0,21.8,10.3,17.0,27.3,40.0,26.0,20.4,13.3,13.3,26.3,19.4,15.0,14.1,16.2,23.2,36.4,35.0,31.4,27.0,18.0,4.1,12.1,11.1,40.0,40.4,6.1,20.8,24.0,5.1,24.2,30.7,29.0,32.7,18.4,6.1,30.7,35.0,36.6,30.0
1772525055.8424315,17.3,19.4,9.1,9.1,4.1,7.1,13.3,40.8,3.0,8.2,13.0,4.1,17.3,16.5,2.0,17.2,6.1,16.2,33.0,30.3,11.2,28.3,11.2,12.1,24.0,16.2,23.0,28.3,13.1,13.9,27.0,37.6,29.3,21.6,13.1,11.0,12.9,11.1,32.0,39.0,15.3,10.1,9.3,16.0,18.8,33.3,24.5,40.4,5.1,14.1,35.4,32.3,27.0,29.3
1772525056.8425455,19.0,12.1,4.1,4.1,9.9,24.2,7.1,36.0,5.1,10.0,21.0,11.1,12.4,18.0,24.0,4.0,14.1,15.3,35.0,34.3,5.1,24.8,18.0,12.1,24.5,30.3,25.0,25.0,12.0,15.2,38.0,23.2,31.7,31.0,11.2,14.1,10.2,13.1,31.3,38.4,21.8,7.9,5.1,20.2,28.0,28.7,31.0,34.7,5.1,20.2,27.0,34.0,30.3,36.6
1772525057.843203,21.0,15.0,12.1,14.0,9.2,18.0,4.0,40.0,5.0,7.0,12.2,3.1,13.1,24.2,16.2,10.1,8.1,21.0,34.3,34.7,22.0,8.1,16.0,13.3,30.0,30.3,24.2,6.1,12.0,13.0,27.7,32.7,34.7,28.7,20.0,3.0,10.1,10.0,39.6,40.2,18.0,6.1,13.0,11.1,44.6,29.3,33.7,21.4,4.0,16.2,35.6,30.0,31.0,31.7
1772525058.844882,27.1,21.0,19.0,5.2,15.5,15.2,6.1,39.0,8.2,17.3,16.2,12.0,23.0,19.2,21.0,9.2,16.3,19.4,38.0,35.0,20.2,28.7,23.0,13.4,30.0,27.3,26.3,12.2,16.7,15.2,23.0,30.0,24.2,17.2,11.2,14.3,15.0,14.3,48.5,42.4,24.8,9.2,13.1,21.4,39.0,36.0,27.3,25.3,16.0,14.1,49.5,44.0,31.0,42.3
1772525059.8449566,16.3,14.3,14.0,9.2,19.2,12.0,5.1,10.1,7.1,25.5,8.2,8.2,16.3,15.3,20.2,4.0,9.2,18.2,34.7,34.7,28.3,16.5,25.3,20.8,24.0,22.0,24.2,25.0,13.3,15.0,40.0,32.0,23.0,14.0,18.2,7.1,11.2,14.0,38.8,33.3,19.8,12.0,7.1,21.0,25.0,29.0,33.3,24.7,6.1,14.1,29.7,18.2,34.0,29.0
1772525060.8450391,20.6,9.3,7.1,5.1,15.0,4.1,4.1,4.1,15.2,26.0,5.1,10.1,24.0,18.0,21.4,2.0,5.1,19.0,29.7,29.7,23.2,8.1,21.4,25.3,24.0,29.3,29.7,25.3,14.7,13.1,31.0,38.0,12.0,16.0,3.1,17.2,11.1,10.2,35.0,37.0,7.1,18.0,16.0,6.0,23.2,24.2,40.4,36.4,6.1,13.1,25.3,24.2,29.3,25.3
1772525061.8483822,19.0,11.8,10.0,13.1,4.0,4.0,5.1,10.1,39.4,4.0,3.1,12.9,18.8,10.1,18.0,2.0,17.8,9.1,25.0,28.3,22.0,5.1,25.0,21.0,25.3,31.0,20.4,23.5,12.0,13.7,29.7,36.6,17.0,15.0,16.8,9.0,11.9,11.9,34.7,35.0,10.9,15.8,14.1,7.1,15.0,25.5,28.0,26.3,7.0,15.0,37.6,34.7,35.6,32.0
1772525062.84871,21.1,11.3,7.2,12.1,10.3,15.2,6.1,11.9,28.0,6.1,4.0,12.2,25.3,19.2,12.9,12.2,12.1,17.0,20.2,24.2,30.0,15.2,21.8,23.0,21.4,27.3,25.3,33.7,14.1,14.1,37.4,29.0,24.0,26.0,21.2,6.1,11.1,12.2,34.3,39.0,20.4,9.1,10.2,16.3,22.2,22.2,24.5,29.3,3.1,15.2,29.0,24.2,25.3,32.0
1772525063.8510742,13.3,15.0,7.1,6.1,6.0,22.0,6.1,35.4,4.0,7.1,1.0,11.1,15.0,14.3,15.3,7.1,7.1,12.0,21.8,24.0,30.0,14.0,17.2,16.8,19.6,21.8,22.5,27.0,13.0,11.1,23.2,32.3,24.8,27.0,23.2,9.1,10.0,14.9,39.0,34.3,8.9,18.0,12.1,14.0,30.3,38.4,27.0,25.0,17.0,6.0,37.4,37.6,27.3,36.4
1772525064.851143,18.2,17.2,11.3,9.2,4.2,22.0,4.1,13.1,27.3,6.0,9.1,5.0,20.4,28.0,1.0,20.2,18.0,7.1,23.5,26.5,23.2,8.2,16.3,9.2,24.5,30.3,22.4,27.0,15.8,11.1,39.2,31.3,25.7,26.7,20.0,3.0,9.1,13.1,38.8,35.4,7.1,20.2,19.0,9.0,28.0,41.0,32.3,42.0,11.1,6.2,36.0,31.0,34.0,20.2
1772525065.851228,18.4,14.0,7.0,5.9,7.1,21.2,6.1,16.2,15.3,5.0,16.0,5.1,7.0,11.0,3.0,21.0,18.4,7.1,20.0,24.0,10.0,12.2,19.2,18.2,31.3,26.0,4.1,20.2,11.0,13.9,21.8,19.0,34.7,25.7,12.2,12.9,9.0,16.2,34.0,36.0,11.1,16.8,22.0,4.0,32.7,38.0,33.0,24.5,5.1,19.8,26.3,30.0,25.7,26.5
1772525066.8513088,10.2,8.0,3.1,3.0,6.9,21.0,3.0,3.1,2.0,1.0,12.9,1.0,3.0,2.0,1.0,21.6,13.0,11.0,18.0,21.0,2.0,8.9,10.0,16.8,18.2,16.3,3.0,1.0,11.0,11.9,22.0,14.0,27.3,24.0,2.0,1.0,10.0,12.1,29.3,25.7,20.0,3.0,19.0,1.0,25.7,28.3,22.2,8.0,2.0,18.2,26.0,24.2,22.2,14.9
1772525067.8542385,17.3,14.9,7.1,16.8,11.2,13.0,5.1,4.0,5.9,12.9,7.0,7.9,15.7,12.1,3.0,18.8,24.8,8.9,33.7,26.7,4.0,20.8,13.0,21.8,20.4,18.8,4.0,3.0,13.7,12.0,25.7,19.8,25.2,27.7,2.0,2.0,11.0,10.9,36.3,36.4,20.6,7.9,18.6,7.9,26.0,43.6,17.2,18.0,3.0,15.0,30.4,23.8,25.5,31.0
1772525068.85529,17.3,19.4,11.9,9.2,5.2,6.0,4.1,3.1,23.7,13.3,7.1,6.1,18.4,25.7,3.0,21.2,12.2,13.1,32.3,29.3,25.5,22.2,13.1,33.0,17.2,20.4,6.1,14.3,14.1,14.0,18.4,25.0,21.2,24.0,5.1,2.0,10.2,12.1,36.4,33.7,21.2,6.1,3.0,17.2,39.4,31.0,23.0,17.2,3.1,19.0,32.0,34.3,26.3,28.0
1772525069.8553853,16.3,12.2,11.0,7.1,5.1,2.0,5.0,4.1,7.1,12.0,6.1,4.0,11.1,14.1,18.2,3.0,10.0,16.0,30.3,30.6,32.7,21.2,18.4,27.3,22.4,35.4,11.0,21.0,12.0,12.1,15.0,28.3,20.8,30.0,10.0,4.1,12.1,10.0,36.6,30.0,13.0,14.1,3.1,14.4,41.0,23.5,45.5,27.6,7.1,12.4,26.0,25.3,25.3,35.0
1772525070.8576167,20.0,20.0,9.1,10.0,7.1,4.0,9.2,4.0,6.1,4.1,9.1,6.1,23.2,23.2,20.2,2.0,9.1,16.2,31.0,35.6,26.3,18.2,20.6,26.0,31.6,31.0,24.2,31.0,13.1,13.1,29.0,43.7,24.2,27.7,2.0,5.0,13.9,10.1,37.8,41.0,7.0,23.8,16.2,6.0,42.0,28.7,41.4,37.0,17.6,5.0,39.0,37.6,32.0,31.3
1772525071.8604128,15.5,14.9,6.9,5.1,3.0,4.0,7.1,5.1,7.1,3.0,3.1,5.0,10.1,14.1,17.0,1.0,12.1,4.0,28.3,30.3,21.8,16.0,19.2,29.0,15.0,21.8,24.0,26.0,5.1,4.0,33.7,20.2,25.5,22.8,19.0,7.1,11.0,9.1,29.0,32.3,2.0,18.8,16.7,7.0,23.8,39.6,25.7,15.0,13.1,2.0,21.0,25.0,25.0,30.0
1772525072.8607666,15.3,13.4,10.2,11.0,5.1,7.1,6.1,6.1,6.1,4.1,3.1,9.2,21.0,20.2,19.2,3.0,19.2,5.2,26.0,36.4,29.6,18.0,16.0,18.4,17.2,20.6,22.0,26.5,4.0,3.1,28.3,37.6,26.0,26.3,12.2,12.1,10.1,13.9,38.0,31.0,8.0,21.0,19.0,6.0,32.0,38.4,16.3,11.2,8.1,15.0,29.0,16.2,31.3,28.0
1772525073.8624556,20.0,15.2,8.1,2.0,8.2,18.2,9.1,3.0,4.0,6.0,4.0,10.0,13.3,16.0,18.2,3.0,12.9,9.9,28.0,34.0,27.7,8.1,27.6,17.2,34.0,25.0,32.3,24.5,4.1,4.0,33.7,25.0,24.0,24.8,22.4,10.1,12.1,12.2,37.4,34.3,5.1,20.0,14.1,8.1,32.3,25.3,24.2,44.6,7.1,11.2,33.3,32.3,32.7,30.0
1772525074.8636842,18.2,15.0,15.2,12.0,13.4,13.1,5.1,7.1,5.1,6.1,6.1,8.2,15.8,11.0,8.1,17.2,17.2,4.1,29.3,36.4,19.2,9.1,19.0,19.4,27.3,29.0,19.0,20.0,2.0,3.1,24.0,24.2,22.0,32.0,14.1,3.0,11.0,12.0,34.0,38.0,10.0,22.2,10.1,13.3,28.3,26.0,35.4,35.7,13.1,6.9,33.3,30.0,25.5,31.3
1772525075.8649747,20.2,18.4,8.0,5.0,19.0,5.1,10.1,6.0,6.1,8.0,6.0,8.0,14.3,28.0,15.0,9.0,7.1,14.1,38.4,34.0,13.0,19.2,25.0,26.0,20.2,20.4,15.0,19.2,18.2,18.2,27.5,28.4,26.0,21.0,4.0,3.1,16.2,11.1,35.6,35.0,35.7,21.6,4.1,18.2,29.3,42.6,34.3,29.9,11.1,6.1,34.3,24.2,35.4,28.0
1772525076.8680527,23.7,31.3,13.0,9.1,12.1,4.0,3.1,7.1,4.0,7.2,6.1,8.2,14.0,15.3,2.0,20.2,8.1,20.2,44.4,40.0,33.0,12.0,17.2,20.8,22.5,22.5,24.5,16.3,31.6,29.6,31.3,31.3,28.3,28.7,4.1,14.1,11.1,13.3,37.0,37.0,21.0,6.1,16.0,9.0,30.0,43.0,8.2,26.0,18.0,5.0,42.6,37.4,31.7,28.7
1772525077.871901,15.3,16.0,8.0,5.0,3.1,3.0,4.0,2.0,2.0,6.0,7.0,6.1,12.1,22.0,22.8,1.0,7.1,13.9,27.7,34.0,26.3,9.1,12.1,5.1,33.3,23.2,26.5,20.0,11.9,12.9,42.6,27.7,25.7,29.0,1.0,21.0,11.1,10.9,38.8,36.6,9.9,25.3,5.1,20.0,32.3,30.0,33.7,23.0,18.8,3.0,34.3,27.5,28.7,29.3
1772525078.8746817,21.0,13.1,21.2,4.1,6.1,21.0,3.1,5.0,4.0,5.1,8.2,3.0,14.0,14.1,19.4,3.1,8.0,12.2,29.0,30.0,16.8,11.0,23.0,18.2,24.2,34.3,25.3,29.0,12.0,12.1,28.0,29.0,17.8,21.8,16.2,18.0,10.0,15.0,31.7,38.4,17.0,26.7,6.0,19.0,37.6,33.3,38.4,34.7,5.1,12.1,23.8,33.0,30.0,29.3
1772525079.8747628,21.9,18.0,20.2,16.7,20.4,8.1,6.1,6.1,5.1,5.1,7.1,7.1,24.5,21.4,21.2,2.0,13.3,12.1,34.0,31.7,10.1,26.3,27.0,15.2,14.3,24.0,25.0,28.0,12.0,15.2,38.6,39.6,21.0,14.3,3.0,22.2,11.1,9.2,40.4,33.3,15.0,20.0,15.0,8.2,24.8,28.0,35.1,33.3,11.0,12.2,37.0,35.4,35.4,33.0
1772525080.8795447,22.2,11.1,5.0,23.2,22.8,3.0,6.1,10.1,3.0,5.9,5.0,12.9,14.7,13.9,21.6,1.0,14.9,5.0,25.7,31.7,20.0,24.8,27.5,27.7,12.0,22.0,23.0,25.0,11.9,12.7,22.0,30.4,17.0,14.7,3.0,20.0,9.9,10.9,38.0,31.0,18.8,6.1,17.8,5.0,26.7,20.6,15.8,18.0,4.0,12.0,31.7,20.0,22.8,31.4
1772525081.87957,16.3,10.2,8.2,20.2,24.0,20.0,7.1,6.1,5.0,7.1,10.3,10.3,14.1,11.3,19.4,4.0,11.1,14.1,34.0,31.0,44.4,21.2,9.3,26.3,34.0,25.0,7.1,21.0,12.0,15.0,27.5,32.3,17.0,18.4,4.1,22.0,12.1,12.4,31.6,39.0,20.0,7.1,4.1,21.4,28.0,26.0,17.2,19.4,5.1,20.0,24.2,30.0,33.3,27.3
1772525082.882647,19.0,15.0,12.2,11.0,23.2,5.1,3.0,3.1,5.0,5.1,10.1,4.1,19.4,20.2,20.2,1.0,5.1,16.8,17.2,24.2,25.3,21.4,24.0,15.2,26.3,27.3,20.4,22.2,13.0,13.0,40.8,26.0,14.0,20.2,15.0,16.2,12.1,12.9,35.6,31.0,18.2,10.9,4.1,20.8,29.0,21.0,39.2,35.4,19.2,4.1,37.0,33.3,29.3,36.0
1772525083.8844655,12.4,16.0,5.1,5.1,14.0,10.0,4.0,5.1,4.0,6.1,12.0,9.9,9.0,15.2,14.0,6.0,10.0,11.1,21.0,21.8,25.7,12.7,23.0,17.3,25.3,20.2,23.0,23.8,11.9,13.0,24.2,37.0,21.0,30.7,17.2,4.1,11.9,6.1,34.0,38.0,8.1,23.8,5.9,18.0,33.7,30.6,38.4,36.4,33.3,17.0,27.7,28.0,26.3,27.0
1772525084.8845518,11.2,14.3,11.2,11.0,2.1,4.0,1.0,4.1,2.0,1.0,19.0,1.0,5.1,4.0,1.0,20.2,18.2,2.0,22.0,19.4,19.4,14.3,10.0,20.8,12.1,12.1,24.0,20.2,11.1,11.1,34.7,44.0,27.0,29.0,13.1,9.0,10.0,14.1,31.3,34.3,4.0,20.2,3.0,20.2,33.0,32.0,21.2,20.0,18.4,8.2,31.6,27.0,22.8,14.1
1772525085.8856514,18.0,17.2,4.0,2.0,2.0,1.0,3.0,2.0,5.1,2.0,14.0,7.1,17.0,17.0,3.0,22.0,16.2,5.1,16.2,23.8,16.2,8.0,19.8,20.0,13.9,15.8,21.8,21.8,12.9,15.0,32.4,18.0,28.7,26.7,10.0,12.9,10.0,12.0,29.0,37.4,6.9,16.8,12.0,16.0,34.7,31.0,13.1,11.1,13.9,2.0,13.9,21.0,19.0,20.2
1772525086.8865445,14.3,13.0,7.1,3.0,6.1,5.0,10.2,5.0,7.0,5.1,16.0,4.0,8.2,17.0,2.0,20.0,15.8,5.1,30.0,17.8,8.1,16.0,19.0,21.2,21.0,17.2,12.1,23.0,13.0,12.1,23.8,14.0,25.7,29.0,19.2,3.0,11.1,13.0,29.3,45.5,17.2,16.0,11.1,14.9,31.3,32.3,13.0,23.0,17.8,3.0,19.0,29.0,29.0,32.0
1772525087.8908296,18.8,20.2,16.0,8.0,7.0,8.1,6.1,7.0,21.0,7.9,9.1,5.0,14.1,12.1,4.0,21.2,6.1,20.8,21.6,19.2,10.0,16.0,30.3,25.0,32.3,23.2,24.5,11.1,14.0,13.0,32.0,15.0,26.7,26.7,7.0,5.1,12.0,15.2,41.4,31.7,8.1,20.0,15.0,16.0,24.2,30.0,28.3,14.1,22.0,5.1,26.3,23.2,27.7,26.3
1772525088.8919504,19.2,12.0,14.3,8.1,4.1,9.0,4.0,4.1,4.0,7.1,13.1,2.1,23.0,18.2,2.0,21.2,9.0,15.2,22.2,33.0,30.3,8.1,23.2,13.1,32.3,27.0,24.0,15.2,11.0,14.0,31.0,29.0,24.8,27.7,5.1,4.0,13.1,10.9,34.7,35.1,8.1,19.0,6.0,18.2,21.0,35.0,33.3,41.0,17.0,3.0,31.3,34.7,33.3,27.0
1772525089.893732,19.2,16.0,8.7,4.0,13.9,13.1,5.1,4.0,4.0,5.1,4.1,8.9,15.2,10.1,2.0,18.0,16.8,7.0,24.0,35.0,31.3,16.0,12.0,14.1,24.0,23.2,31.0,23.2,12.9,14.9,19.0,38.0,25.0,29.7,18.0,11.2,11.1,12.0,35.3,36.3,8.1,19.0,12.1,12.0,36.6,35.9,40.6,32.0,10.2,5.1,36.3,36.4,35.0,31.0
1772525090.8938148,15.3,14.4,11.3,11.2,15.3,13.4,4.1,7.1,13.3,11.0,13.1,8.2,17.2,20.2,13.1,12.1,5.2,18.4,38.4,35.0,23.7,7.1,25.3,38.6,17.5,27.0,22.4,26.7,13.3,12.0,42.0,37.0,30.0,25.3,20.6,2.0,12.0,12.1,36.4,40.8,10.0,19.0,18.4,6.1,33.3,38.0,26.5,29.6,4.0,20.2,34.7,30.7,29.0,30.0
1772525091.8942616,13.5,17.2,6.1,4.0,20.2,7.1,10.2,6.2,5.1,9.0,35.7,8.0,17.0,18.0,20.0,2.0,18.8,8.0,32.3,29.3,22.0,3.1,24.0,16.2,27.3,24.8,28.3,24.0,13.9,13.0,29.7,27.7,23.5,27.7,13.1,10.1,14.1,9.2,32.3,36.0,6.2,17.0,6.1,18.2,43.0,26.3,20.0,12.0,2.0,13.1,28.0,29.3,27.7,34.3
1772525092.8943956,17.2,15.2,12.1,7.9,14.0,4.1,6.0,5.1,27.3,5.1,11.2,6.3,13.1,13.1,18.4,7.1,19.4,5.0,26.7,42.6,30.0,10.0,35.4,18.0,34.7,23.5,23.0,25.3,11.1,11.1,40.0,34.0,25.3,29.7,2.0,22.0,11.0,13.0,37.8,37.4,5.0,22.4,5.1,20.2,30.0,42.0,33.7,32.7,14.0,7.1,39.0,33.3,30.3,25.3
1772525093.8945155,12.5,16.2,10.1,9.1,3.1,6.1,4.0,5.1,36.0,7.1,5.1,8.1,21.0,24.5,22.0,2.0,10.1,14.3,31.3,32.0,26.7,22.2,23.5,14.3,23.5,25.5,18.4,18.2,3.1,2.1,42.0,19.2,25.5,26.3,11.0,22.2,12.1,11.1,36.6,35.6,24.0,6.0,7.0,19.8,27.3,43.0,32.7,34.0,6.1,17.0,27.0,37.6,36.0,33.7
1772525094.8973136,25.3,13.3,9.9,8.1,12.0,12.0,5.1,7.0,13.3,10.0,22.0,14.6,10.9,17.0,25.3,11.9,19.8,9.0,36.0,37.6,18.0,15.0,16.3,31.0,21.0,23.0,17.0,10.1,5.0,5.0,27.5,44.6,25.0,27.7,9.1,14.0,12.0,12.1,35.0,45.1,5.1,19.0,14.1,10.2,45.0,28.0,31.3,40.4,7.0,13.1,30.3,30.0,32.7,24.2
1772525095.898689,21.4,12.1,10.2,12.1,22.4,6.1,8.2,6.1,7.1,6.1,13.1,4.1,19.4,24.0,19.0,17.0,15.0,8.2,33.3,30.6,23.0,13.3,20.0,25.0,25.5,31.0,23.2,5.1,4.1,5.1,26.3,32.0,31.0,24.8,5.1,18.0,12.1,10.1,36.4,42.3,9.0,22.0,21.0,6.1,40.0,30.3,17.0,21.0,9.2,14.0,36.0,37.4,31.0,33.3
1772525096.899233,20.0,19.4,6.1,26.3,24.0,5.1,7.1,7.1,5.1,5.1,9.9,7.2,20.6,11.1,23.0,6.2,22.2,6.1,32.3,32.0,28.0,23.2,21.2,36.0,30.7,29.3,23.2,13.0,6.1,3.1,35.0,27.0,34.7,22.2,10.1,13.3,14.0,10.1,35.6,43.6,8.0,21.0,8.1,17.2,32.7,41.6,32.0,32.7,22.0,3.1,26.7,33.3,29.0,30.0
1772525097.9006631,16.2,12.0,10.2,13.0,24.0,3.0,4.1,3.0,5.0,5.0,3.1,15.8,12.2,10.0,18.0,4.0,6.1,18.2,31.0,32.7,17.3,17.8,14.0,19.2,20.0,23.2,22.5,3.0,5.0,11.0,35.0,38.4,30.0,29.7,10.1,11.2,10.1,11.9,34.3,35.4,4.0,21.2,8.9,18.0,28.3,37.0,26.3,39.0,18.8,5.0,38.8,39.0,25.3,18.8
1772525098.9007409,14.4,8.2,4.0,3.1,22.8,5.1,4.1,3.0,3.0,5.1,9.1,11.2,8.1,11.2,18.2,6.1,20.0,5.0,30.0,33.3,5.0,17.2,26.5,11.1,14.1,18.2,22.2,1.0,12.1,11.1,30.3,29.0,24.0,28.7,2.0,19.2,11.2,12.1,35.0,32.3,4.1,22.3,5.1,16.3,29.6,28.3,30.3,25.3,1.0,18.2,36.0,32.0,31.0,18.4
1772525099.9013789,19.8,12.2,6.0,3.0,24.5,4.0,7.0,5.0,18.2,8.1,15.3,6.1,18.2,16.3,1.0,21.2,19.0,5.1,31.0,34.3,7.1,17.0,23.0,20.0,17.2,16.0,23.2,16.0,12.0,11.1,23.8,30.4,24.3,19.0,10.1,5.1,11.9,11.0,36.7,37.3,8.0,23.2,14.0,11.1,26.0,19.0,15.0,21.0,5.1,16.8,24.5,20.2,27.0,22.8
1772525100.901464,22.7,16.0,5.1,7.1,13.4,10.2,4.0,5.1,11.1,6.1,15.0,9.1,7.1,11.9,4.0,20.0,10.1,16.0,36.0,33.0,7.0,11.2,19.0,31.0,19.2,26.7,26.3,25.3,12.0,12.9,22.8,22.2,24.0,19.0,3.1,4.0,13.3,12.2,39.4,36.7,5.1,21.0,23.0,2.0,15.8,14.3,12.1,21.2,20.2,4.0,18.4,28.0,23.0,31.6
1772525101.90155,17.5,17.2,10.2,7.1,13.1,14.0,5.1,4.1,7.1,7.0,10.0,9.1,18.0,16.2,2.0,21.2,14.1,15.0,41.6,45.0,22.2,16.8,27.0,15.2,27.7,29.0,26.0,23.0,27.0,14.3,29.3,28.7,20.2,15.0,14.0,3.0,10.1,14.1,37.0,42.0,8.1,21.8,12.2,15.0,13.1,27.7,32.0,31.0,4.1,18.8,31.7,23.2,35.4,29.0
1772525102.9021966,25.5,31.3,9.2,8.1,16.0,12.2,6.2,12.1,11.0,5.1,8.1,9.0,20.0,17.3,2.0,20.2,7.1,18.0,37.1,35.4,19.2,30.7,18.4,20.2,35.7,26.3,32.7,30.3,28.3,26.7,29.3,34.0,19.0,18.0,23.0,3.0,13.0,11.2,37.6,38.0,7.1,22.8,20.0,5.2,23.2,29.3,37.0,38.0,34.0,11.1,33.0,42.0,34.0,28.7
1772525103.9051602,21.2,23.0,12.0,5.0,17.0,12.9,10.9,4.0,30.3,9.1,23.0,7.1,13.1,21.8,3.0,21.6,8.9,20.8,27.5,26.5,27.3,8.1,17.0,22.0,25.7,22.0,12.1,18.0,14.9,16.0,27.0,41.2,24.0,13.7,7.0,19.0,12.0,11.8,42.0,40.0,7.0,21.8,18.0,18.8,42.2,13.0,37.0,37.0,17.0,2.0,32.7,31.7,33.0,35.4
1772525104.9063983,20.4,18.4,13.0,10.1,18.4,5.1,8.1,6.1,39.4,8.0,12.1,11.1,22.0,19.0,4.1,19.4,15.5,10.1,28.0,26.0,24.2,3.1,19.2,28.3,15.3,25.5,22.2,24.5,13.1,14.0,34.3,41.4,29.0,16.3,19.2,14.1,12.1,9.3,37.8,46.0,16.3,10.1,17.0,15.2,45.5,24.7,24.5,18.2,18.2,12.0,39.0,32.3,37.4,20.2
1772525105.9075866,15.0,8.2,6.1,3.1,6.1,3.0,7.1,4.1,12.0,6.1,18.8,8.1,12.2,10.2,18.0,2.0,12.0,8.0,16.3,20.2,23.0,14.1,26.7,8.1,21.2,28.0,21.2,3.0,12.7,13.0,28.0,22.0,24.0,23.8,21.0,3.0,13.1,9.9,28.3,31.0,6.1,20.0,10.1,10.2,29.3,38.0,25.3,17.2,5.1,11.2,34.3,31.0,38.0,19.2
1772525106.9100873,17.3,14.1,13.0,10.1,8.2,11.1,6.1,9.2,4.1,9.0,17.2,31.3,25.0,20.0,17.3,10.0,16.0,15.2,17.2,31.0,27.3,14.0,17.2,23.2,27.3,31.0,25.7,11.1,12.1,12.1,44.6,34.7,27.7,31.0,22.0,3.0,11.0,13.0,40.0,41.0,12.1,18.4,6.1,23.0,31.0,46.5,35.4,40.8,3.0,20.8,20.2,36.0,36.6,24.2
1772525107.9101694,18.4,16.3,9.0,7.1,20.0,10.0,5.2,8.1,2.0,11.2,8.1,6.1,17.0,16.3,21.8,36.4,15.2,6.2,31.7,23.7,14.0,27.7,28.3,28.3,22.0,22.4,28.3,26.5,12.1,13.1,35.0,21.2,23.2,29.0,22.2,4.0,12.0,11.2,37.0,36.0,19.0,6.1,5.1,17.2,42.0,28.6,40.4,34.7,3.0,15.2,32.0,36.6,35.4,29.3
1772525108.9102516,13.4,13.1,10.2,8.1,23.2,2.1,6.1,4.0,3.0,7.1,7.1,13.1,17.2,21.8,21.0,28.6,13.1,13.0,27.3,32.7,14.9,12.1,17.3,18.0,18.4,21.8,28.0,27.0,12.9,13.1,32.3,43.0,25.5,30.7,11.2,16.5,10.0,8.2,36.4,38.4,18.8,7.1,4.0,20.0,40.0,27.7,22.0,22.2,14.3,4.0,35.0,27.0,32.7,24.0
1772525109.9113014,21.4,20.0,8.2,8.0,23.2,5.1,6.1,5.1,5.1,5.1,12.1,11.2,14.1,11.3,15.2,29.7,18.2,6.0,34.7,27.0,21.2,17.0,11.9,20.0,30.7,26.3,26.7,25.5,12.1,12.0,18.2,35.0,24.0,26.0,5.1,19.0,12.1,12.1,39.0,38.0,19.2,8.0,4.0,22.0,38.6,29.3,27.3,20.2,7.0,14.1,22.2,29.6,30.3,30.4
1772525110.9131403,20.2,8.2,11.9,8.1,24.2,3.0,6.0,9.2,5.1,6.0,7.1,35.0,20.4,19.0,5.1,19.0,11.0,12.2,32.0,32.0,26.3,17.0,6.1,12.2,32.3,28.3,24.0,23.5,13.1,13.0,31.4,43.6,30.7,23.5,11.1,13.9,13.1,11.0,40.6,33.0,17.8,8.1,17.8,8.0,39.0,30.7,36.0,34.7,4.0,16.0,33.7,40.0,25.0,35.6
1772525111.9140298,19.0,21.0,8.2,10.0,17.2,7.1,7.1,6.1,3.1,5.1,10.2,6.1,17.8,10.0,3.1,19.2,14.1,13.0,32.0,32.3,21.0,21.4,24.0,18.0,17.0,26.0,29.3,22.8,14.0,12.2,32.3,22.0,29.3,23.0,13.0,11.1,12.0,9.1,37.4,34.7,29.7,16.0,8.2,15.5,42.4,37.4,37.4,34.0,3.1,14.1,33.7,32.0,27.6,28.3
1772525112.917658,17.5,14.0,6.1,3.0,5.1,9.0,4.0,5.0,2.0,8.1,11.0,4.0,22.0,21.0,2.0,21.0,14.1,11.1,30.7,30.3,7.1,18.0,8.1,8.1,22.2,19.8,22.2,25.3,12.9,13.9,24.0,30.7,25.3,27.0,18.4,10.1,9.1,10.9,36.4,36.4,29.0,11.9,21.2,26.7,41.2,30.0,31.0,26.0,6.1,15.0,26.0,29.0,32.0,28.3
1772525113.922769,14.4,16.2,14.1,13.0,7.1,5.1,8.9,3.1,8.2,7.0,12.2,7.1,16.2,12.1,5.1,22.5,16.0,11.0,30.0,40.8,22.0,5.0,16.8,13.0,22.0,30.7,29.7,27.0,12.0,12.9,28.4,24.8,28.2,32.7,4.0,5.0,17.0,12.0,41.6,40.4,7.0,21.8,21.6,25.7,32.0,27.0,20.0,19.2,4.0,24.5,28.7,29.0,25.0,38.6
1772525114.9228606,18.8,16.2,7.1,8.0,8.1,4.0,4.1,5.1,8.0,5.1,13.0,9.2,18.2,21.4,13.1,5.2,15.2,6.1,35.4,36.1,27.0,18.2,26.0,17.3,31.3,25.3,27.0,16.2,11.0,12.0,33.0,30.6,26.3,30.7,4.1,5.1,12.1,12.2,35.0,34.7,6.0,24.0,21.2,36.4,24.2,31.0,29.3,23.2,7.2,15.2,22.2,17.3,36.0,29.6
1772525115.9232993,19.2,13.0,10.3,9.1,7.0,1.0,5.2,10.2,2.0,7.1,9.3,8.0,18.0,18.8,21.2,8.0,14.3,10.1,34.7,37.6,30.3,17.0,14.3,23.2,29.0,27.3,20.4,24.2,4.1,5.0,38.6,31.0,23.2,26.0,14.1,10.2,12.1,12.0,34.3,41.8,9.0,17.2,8.1,27.0,29.3,40.2,37.6,38.0,4.0,14.0,36.7,35.0,23.2,36.6
1772525116.9233832,17.2,19.4,8.2,4.0,5.1,4.0,5.0,4.0,3.1,7.0,9.2,2.0,19.4,13.3,8.1,13.3,8.0,18.2,32.7,29.0,24.8,8.0,24.2,30.0,21.4,18.0,18.2,12.4,4.1,2.0,30.0,33.7,26.7,24.0,7.1,22.0,8.1,12.1,35.4,35.6,17.2,10.1,18.2,5.1,30.0,37.4,31.6,37.4,13.0,8.1,34.7,30.6,28.0,35.0
1772525117.9260266,16.3,14.0,9.1,7.1,8.1,17.0,8.1,3.0,6.1,8.2,4.0,12.0,16.2,16.8,12.0,13.0,13.3,9.1,35.0,29.3,21.4,4.0,21.0,12.1,26.7,24.0,28.0,21.0,5.1,4.1,35.0,32.7,24.5,32.4,5.1,22.2,10.1,12.9,37.0,42.0,18.2,8.0,20.2,5.1,33.3,34.0,26.0,20.0,17.0,3.0,31.7,26.3,26.0,29.7
1772525118.9271278,21.2,18.2,9.1,9.0,14.3,13.1,5.1,4.0,5.0,6.9,4.0,7.1,13.0,11.2,2.0,21.8,12.1,12.0,33.0,30.0,23.0,22.0,13.1,15.0,31.3,26.3,25.3,27.5,3.1,5.1,27.5,31.0,30.7,25.7,4.0,20.0,10.0,11.2,40.6,36.4,8.1,20.8,18.0,6.0,35.0,37.6,23.2,15.2,8.9,10.0,36.0,33.7,30.7,28.0
1772525119.9273283,21.4,20.2,13.1,11.1,23.8,17.3,6.2,12.4,6.2,8.2,11.5,9.1,23.2,22.2,4.0,21.4,12.1,18.0,33.7,43.4,32.7,15.3,16.3,23.5,26.3,31.3,7.1,25.5,11.1,19.4,35.4,44.0,29.0,31.3,5.1,24.2,14.1,13.1,38.8,51.5,15.2,18.0,21.8,9.2,22.2,43.0,39.8,44.4,10.2,16.3,38.0,48.0,39.0,30.2
1772525120.9289587,22.2,16.3,13.3,10.1,16.3,23.2,7.0,6.0,7.1,6.0,6.9,12.1,15.2,16.2,4.1,20.8,15.2,10.1,38.4,30.0,12.2,16.2,25.3,32.7,22.0,19.4,25.7,16.3,13.1,12.0,21.4,38.6,16.2,19.8,11.0,12.9,10.1,11.1,39.0,38.6,21.0,10.0,6.1,18.2,24.0,29.0,35.0,37.0,10.9,15.0,31.0,32.3,28.7,32.7
1772525121.930781,16.2,16.2,5.1,23.8,6.1,5.1,7.1,4.0,7.1,4.0,7.1,7.1,23.2,21.0,9.1,13.1,18.0,8.1,36.0,37.4,21.0,7.1,23.8,18.2,24.2,30.0,23.5,26.0,14.1,12.1,38.0,26.0,13.9,19.0,13.4,19.2,12.1,12.0,34.0,34.3,8.9,20.0,5.1,19.0,15.0,31.0,35.0,17.5,8.2,10.1,35.0,38.0,26.3,37.6
1772525122.9312036,19.2,19.2,14.3,28.3,12.1,7.0,6.1,5.0,5.1,4.1,5.1,9.0,13.0,17.0,19.0,7.1,9.2,12.2,30.0,35.0,33.7,13.0,19.2,18.2,28.3,28.3,26.3,29.0,29.0,18.0,19.8,20.8,21.8,14.0,11.1,12.2,11.0,15.0,41.0,35.0,8.2,16.0,12.0,13.0,10.1,23.0,23.2,16.0,3.0,19.0,32.0,38.4,28.3,27.6
1772525123.9312901,25.8,31.0,8.1,3.0,24.0,4.0,6.0,5.1,5.1,5.1,4.1,12.1,17.2,16.2,2.0,19.8,20.8,7.0,24.0,21.2,27.6,13.3,31.3,16.8,20.0,30.3,19.2,27.5,16.0,16.0,23.0,25.3,15.2,16.2,16.2,7.1,10.2,11.1,35.0,36.0,22.0,8.0,13.3,10.1,23.5,11.0,27.3,33.0,3.0,19.0,23.0,26.3,30.0,31.7
1772525124.9317071,19.4,18.4,11.0,7.1,20.6,3.1,5.1,12.2,5.1,8.0,5.1,11.2,19.2,13.3,7.1,16.2,18.2,8.1,21.2,27.0,3.0,22.0,20.0,19.4,23.2,17.0,24.0,28.9,16.2,26.3,33.0,29.7,11.0,24.0,12.1,3.0,12.9,13.1,38.4,43.0,20.8,13.3,16.8,13.1,29.6,24.2,47.0,35.4,12.2,10.2,35.6,39.6,27.6,34.7
1772525125.9317908,22.4,20.4,11.2,22.8,26.0,2.0,5.1,3.0,5.2,4.1,5.1,12.0,14.1,17.8,20.0,1.0,6.1,18.2,25.0,27.3,13.1,12.1,29.3,32.0,21.2,23.2,21.6,25.0,13.1,13.9,24.2,40.0,22.0,25.0,4.1,4.1,11.3,10.1,40.6,38.8,18.8,13.1,15.2,12.1,31.7,18.2,30.7,32.7,14.9,10.0,40.0,36.4,27.7,28.6
1772525126.9360063,14.3,12.0,19.2,17.2,26.0,4.0,5.0,3.1,6.9,5.1,9.0,2.0,20.0,15.3,0.0,21.8,6.1,15.8,20.2,21.2,22.0,20.0,16.0,13.0,24.8,30.3,23.0,21.2,14.7,11.1,31.7,38.6,28.4,24.8,14.0,12.0,12.0,11.9,30.3,32.7,19.2,6.9,13.1,7.0,41.0,25.5,16.2,21.0,12.1,2.0,20.0,23.5,27.0,34.7
1772525127.9368103,18.0,13.1,24.0,14.0,23.8,4.1,2.1,7.1,6.1,5.1,9.1,9.1,14.0,14.0,2.0,19.2,12.2,10.1,30.3,38.0,21.0,26.0,21.2,23.5,27.6,26.0,13.1,24.8,13.0,12.9,28.7,35.0,22.0,27.7,22.5,2.0,11.1,12.1,35.6,42.0,19.0,7.1,16.2,7.1,32.7,42.4,19.0,30.3,4.0,16.8,28.0,23.2,30.0,27.3
1772525128.9368963,22.4,16.2,5.9,3.1,22.2,5.1,4.0,6.0,6.1,6.1,6.1,6.1,23.0,19.4,11.2,11.0,7.1,17.2,37.0,30.0,23.0,6.1,18.4,20.0,20.2,19.8,11.2,13.3,12.0,13.1,27.7,25.3,26.0,29.0,20.4,3.0,10.0,15.0,33.3,39.4,24.0,6.1,12.1,17.2,23.5,43.0,37.8,35.0,14.1,7.1,21.8,27.3,27.0,32.0
1772525129.936977,14.4,14.1,13.1,7.1,17.0,14.0,11.1,3.1,4.0,7.0,3.1,9.2,14.0,14.0,18.8,4.1,18.8,7.1,31.3,30.3,9.1,18.2,20.8,15.2,23.2,23.5,28.3,25.5,11.9,13.0,21.4,20.8,22.8,28.7,20.0,2.0,11.1,11.1,34.3,36.0,18.8,6.1,16.2,6.1,32.0,36.0,31.3,35.0,14.0,8.2,29.3,23.2,33.3,22.8
1772525130.9370646,17.5,19.2,10.1,7.1,18.4,10.1,9.1,3.0,7.0,7.1,4.1,13.3,15.5,18.0,20.2,6.1,18.4,10.0,35.4,34.7,11.9,30.0,22.4,22.0,25.0,34.3,24.0,24.0,12.0,12.1,38.6,30.3,30.0,26.0,21.2,4.0,11.0,12.2,39.4,44.4,14.0,17.0,14.0,14.1,33.0,21.2,27.0,26.5,18.2,5.2,39.6,38.0,34.0,27.8
1772525131.9371548,20.0,15.0,5.1,4.1,15.2,14.0,5.1,6.1,7.1,5.0,5.1,10.1,18.2,19.2,20.8,8.1,10.1,14.3,35.6,32.0,21.2,21.2,12.1,9.2,33.3,29.0,19.0,25.0,13.3,12.9,37.4,31.0,25.7,27.0,16.2,15.2,9.1,12.0,37.4,41.0,8.1,21.0,7.1,14.1,28.3,30.3,24.2,20.2,4.1,17.8,34.3,39.6,29.3,39.6
1772525132.9372404,18.2,19.4,12.2,12.9,14.1,13.3,3.1,4.1,6.1,5.1,8.2,4.1,15.2,21.2,21.4,1.0,12.1,14.1,35.4,34.3,12.0,24.2,18.2,28.7,23.8,19.0,23.5,8.0,13.0,13.0,39.2,23.2,29.0,27.0,6.2,5.1,11.2,12.1,43.6,37.0,10.1,18.0,12.1,14.1,25.7,47.1,28.3,37.4,7.0,12.2,28.0,29.0,21.4,35.4
1772525133.9390466,13.1,17.2,6.1,3.1,12.1,3.0,8.1,5.0,4.1,5.1,5.1,9.9,21.0,15.7,19.8,4.1,10.0,19.6,34.7,31.7,20.8,5.0,23.8,19.8,25.0,15.0,25.7,24.0,12.0,12.0,41.0,31.4,28.7,28.7,4.0,4.0,13.9,12.0,36.0,39.0,19.0,10.1,15.8,11.1,27.6,45.5,39.0,37.4,18.0,4.0,30.0,36.0,41.2,29.0
1772525134.9391284,17.3,18.2,12.4,12.1,8.1,3.0,10.1,4.1,4.1,6.0,4.1,9.2,15.3,7.2,21.0,3.1,6.1,15.3,33.0,36.6,25.3,11.1,23.5,22.4,27.3,27.6,27.0,28.0,13.9,14.0,33.0,23.2,27.0,21.8,4.1,3.1,10.2,11.1,32.3,33.3,7.0,21.0,20.4,7.0,36.0,35.4,23.7,29.3,8.2,11.1,39.0,33.7,30.3,23.7
1772525135.946163,16.2,18.0,9.9,5.0,13.0,15.8,4.0,5.0,2.0,7.9,4.0,12.0,21.8,25.0,20.0,3.0,6.9,20.0,31.0,34.7,18.0,26.0,26.5,21.0,31.0,30.3,25.7,26.7,12.9,11.9,33.3,46.6,30.0,27.5,4.0,3.0,12.9,10.0,34.3,41.0,11.1,16.8,12.9,13.9,45.1,30.0,25.5,27.7,13.0,12.1,33.7,30.7,30.0,35.3
1772525136.9465315,12.2,16.2,5.2,2.0,4.1,22.0,4.0,5.1,7.0,5.1,4.1,11.0,15.2,11.2,21.8,3.1,9.2,13.1,30.6,31.0,10.1,25.5,24.2,16.3,22.4,16.8,21.2,26.3,8.2,7.1,24.2,32.0,27.0,23.0,10.1,3.1,11.1,12.0,36.4,35.3,19.0,6.1,16.3,7.1,41.4,30.0,27.3,33.0,28.0,12.2,16.2,23.0,29.3,27.0
1772525137.947157,17.3,21.0,15.8,15.2,5.1,21.2,6.1,4.1,5.1,4.1,8.2,5.1,21.2,14.0,19.2,2.0,18.0,6.1,36.6,29.3,15.8,12.9,20.0,27.0,23.8,19.4,21.2,27.0,4.1,4.1,34.7,36.0,29.0,23.0,2.0,19.0,13.0,7.2,35.4,39.4,24.0,27.3,9.0,18.4,40.0,26.5,28.6,35.7,18.0,15.0,25.3,26.3,28.0,29.0
1772525138.947243,15.2,20.4,7.1,7.1,8.2,22.0,8.2,11.0,8.1,6.1,4.1,14.0,20.4,13.3,18.0,3.0,17.0,8.1,33.7,37.0,25.0,12.1,18.4,21.0,30.3,28.7,28.6,24.2,4.0,4.0,22.2,38.0,22.0,31.0,5.0,21.2,12.1,11.1,43.4,38.0,14.1,24.0,11.1,15.0,38.6,23.8,36.0,29.0,15.0,36.4,20.0,19.2,30.3,36.0
1772525139.9482906,21.4,24.0,14.1,14.0,6.1,20.4,4.0,4.0,6.1,4.0,10.1,7.0,13.0,14.1,21.4,1.0,9.1,15.2,35.6,35.0,28.6,16.0,22.0,23.5,32.7,31.6,21.8,27.3,4.1,5.1,36.6,40.0,24.8,28.7,11.2,13.1,12.1,12.1,36.7,37.4,6.1,21.0,21.2,6.1,19.0,20.0,27.6,36.0,12.1,20.2,18.2,23.2,32.0,29.3
1772525140.9483714,19.0,26.5,5.1,4.0,13.0,10.0,5.1,4.0,5.1,6.0,8.1,10.1,19.4,21.6,21.8,5.1,16.3,8.2,38.0,30.0,9.2,27.6,28.0,25.3,21.0,24.2,16.5,24.2,5.1,3.1,21.2,27.3,32.7,25.7,15.3,12.1,10.1,14.0,45.5,37.0,10.1,22.0,13.1,12.2,10.1,21.2,30.3,26.3,4.1,17.2,40.0,42.4,36.3,34.7
1772525141.9508007,25.5,35.6,8.2,6.1,5.1,3.0,4.1,5.0,8.0,4.0,10.0,6.0,12.9,20.8,21.0,3.0,8.9,22.8,27.0,35.7,4.0,23.0,17.0,30.0,23.2,21.4,11.9,15.2,5.1,10.1,18.8,31.7,27.0,25.5,8.0,22.2,12.1,11.2,38.0,44.0,8.9,22.8,21.8,8.9,15.0,21.8,23.0,33.3,18.8,5.1,32.7,31.0,24.2,32.3
1772525142.9604957,14.3,13.0,9.0,8.1,4.1,5.0,4.0,4.0,6.1,4.0,7.1,5.0,17.8,19.8,19.0,2.0,16.2,6.0,16.0,25.5,15.7,15.0,11.1,9.0,25.5,27.0,20.0,22.0,13.1,11.1,30.7,28.7,20.8,9.0,2.0,5.1,9.9,11.0,36.6,33.3,15.0,9.9,15.0,7.1,27.5,20.6,34.0,22.0,13.9,3.0,21.0,27.0,29.3,33.3
1772525143.9632215,16.0,12.0,3.1,4.0,6.9,1.0,5.0,5.1,5.1,5.1,4.0,8.0,18.2,12.0,7.1,13.0,13.0,8.9,20.0,24.2,17.0,28.0,11.2,10.1,28.0,25.3,26.0,30.7,13.9,14.0,24.2,29.0,18.0,13.0,4.0,4.0,12.0,11.0,37.6,36.3,16.8,11.1,15.0,10.0,16.2,33.0,33.7,31.0,12.0,5.1,31.7,39.2,30.4,24.2
1772525144.9633067,21.2,19.6,13.3,11.1,6.2,3.1,7.1,9.3,5.1,6.1,14.0,6.1,14.3,12.2,24.8,1.0,11.1,18.4,30.3,32.3,16.3,25.3,24.0,18.2,26.0,26.5,24.5,22.2,12.0,12.1,29.3,48.0,23.2,15.0,1.0,22.2,10.1,15.7,39.8,35.0,8.2,23.0,13.4,12.2,28.3,35.4,23.2,32.0,8.1,14.1,28.7,19.4,27.6,39.6
1772525145.963779,24.5,18.2,8.8,4.1,6.0,11.1,6.1,4.0,10.0,8.0,10.1,12.1,23.0,23.8,15.3,10.0,16.8,11.0,32.3,33.3,23.0,4.0,22.2,29.7,25.5,14.3,18.0,25.0,30.3,21.8,39.6,21.8,17.0,21.2,8.1,23.5,9.0,13.3,39.0,44.0,7.0,22.5,20.8,6.0,45.5,31.0,24.2,33.3,4.1,19.0,19.4,18.2,30.3,35.6
1772525146.9657278,32.0,20.2,11.1,9.9,12.2,13.7,5.1,6.0,4.0,7.1,5.1,11.0,9.2,18.0,9.1,17.0,9.1,20.0,25.7,31.4,22.2,10.0,27.5,21.2,22.0,29.7,23.0,5.0,26.7,26.3,36.6,38.6,19.8,27.5,1.0,21.8,13.9,10.0,33.7,43.0,14.9,15.2,15.8,8.1,25.7,33.0,30.4,26.0,15.7,13.1,33.7,37.3,29.7,31.4
1772525147.9661787,15.5,14.1,9.2,8.1,15.2,12.4,5.1,4.1,5.2,3.1,4.0,10.3,23.0,16.2,2.0,21.4,4.1,15.2,29.6,35.4,23.0,19.8,19.4,18.2,27.3,32.3,22.2,20.6,14.1,12.1,27.3,33.3,27.0,28.3,4.0,21.2,9.1,12.1,37.4,40.0,17.2,13.1,3.1,23.0,21.2,27.3,27.6,31.3,9.2,10.0,33.7,33.3,29.3,31.3
1772525148.9672155,15.8,19.0,10.9,9.1,16.2,13.1,4.2,12.2,6.1,6.1,14.3,4.1,14.1,19.0,4.0,21.8,14.3,13.1,38.0,32.0,13.9,33.0,31.3,20.0,28.3,27.7,27.0,15.0,13.7,13.0,40.0,31.0,29.7,24.8,3.1,21.0,12.2,9.1,38.4,37.6,21.2,7.0,13.9,13.1,40.6,32.0,34.0,41.4,19.2,5.1,33.7,31.3,39.0,24.5
1772525149.9741268,20.6,16.2,10.9,9.1,6.0,8.0,6.1,4.0,4.0,6.1,14.0,3.0,13.1,16.0,16.2,9.2,16.8,12.1,32.0,35.6,21.8,8.2,14.0,25.0,18.8,20.2,24.0,3.1,11.1,13.9,32.7,34.7,24.0,29.7,10.1,10.1,13.9,12.9,44.0,35.0,14.0,14.9,4.0,20.8,36.4,34.7,28.6,25.3,8.0,14.0,33.0,36.3,37.3,31.3
1772525150.9800925,19.0,12.0,4.2,4.0,8.1,4.0,7.0,2.0,5.0,5.0,6.1,5.0,26.0,15.2,11.0,10.9,12.1,9.0,33.7,32.7,22.2,9.0,17.2,24.0,22.0,23.0,25.7,11.9,12.9,10.1,35.3,22.8,27.5,22.8,21.4,10.1,11.9,7.1,27.0,40.0,6.9,21.6,16.2,6.1,38.0,30.7,19.8,26.5,3.0,17.0,27.0,39.6,29.7,29.7
1772525151.9801812,21.2,17.2,17.3,12.0,8.1,19.0,6.1,6.1,3.1,6.1,5.1,10.1,12.2,17.8,18.2,4.1,14.0,13.1,34.0,31.6,35.4,41.6,21.0,29.0,29.6,30.0,6.1,22.4,12.1,14.0,36.0,37.0,30.0,23.0,11.1,13.0,10.2,14.9,39.8,38.4,4.1,21.2,19.0,7.1,36.0,36.4,31.3,28.6,16.2,4.0,28.7,34.3,30.3,24.0
1772525152.9802582,15.2,14.1,8.1,4.0,5.1,20.2,5.1,5.0,6.0,6.9,8.0,5.0,19.0,23.2,19.0,2.0,5.1,16.8,31.7,36.0,17.8,28.6,18.0,20.2,30.3,26.0,8.1,23.8,13.0,14.0,17.2,34.0,27.0,21.8,8.9,15.0,10.8,11.1,35.9,28.0,13.9,15.8,12.1,11.0,30.0,41.0,38.4,39.4,15.2,2.0,32.0,31.7,28.3,32.0
1772525153.9805024,23.0,17.2,12.2,14.0,6.1,22.0,11.1,7.2,4.0,5.2,9.2,6.2,19.0,10.3,3.0,17.3,7.1,19.6,28.3,32.0,21.4,27.3,25.5,21.2,26.7,17.3,22.2,10.3,15.0,11.0,24.2,38.0,21.0,30.3,4.1,13.1,12.1,10.2,40.8,32.3,19.2,4.1,10.2,11.0,39.0,35.0,19.4,27.3,11.1,13.0,29.6,33.3,24.2,32.0
1772525154.9822812,18.4,15.2,6.1,5.2,6.1,24.2,5.2,5.1,7.1,10.1,12.0,9.0,15.2,19.6,13.1,12.0,12.0,15.8,33.3,32.7,22.2,44.4,17.3,25.3,12.2,26.0,14.0,17.2,15.0,12.1,24.8,19.0,23.0,34.0,3.0,8.1,12.1,14.0,35.4,41.6,24.8,8.1,8.0,16.2,36.0,40.0,16.8,20.2,18.8,6.1,28.3,23.2,35.4,33.0
1772525155.994189,23.2,20.8,15.7,11.9,8.9,21.8,8.0,10.9,7.1,7.9,13.1,5.1,17.0,24.0,23.5,19.2,9.9,19.2,37.6,37.3,30.4,24.5,18.0,32.4,26.5,35.0,16.0,23.3,11.9,13.0,34.7,33.3,31.4,24.3,5.1,20.8,12.0,11.9,39.2,42.0,8.9,21.8,13.7,16.8,34.0,38.6,29.7,31.7,9.0,12.9,32.7,27.5,34.0,26.0
1772525156.9945233,12.1,12.2,5.2,4.0,10.2,14.1,2.0,5.1,6.0,5.1,3.1,11.9,16.0,14.1,6.1,14.7,6.1,14.0,29.7,24.2,30.0,14.1,9.0,7.0,28.3,24.2,5.1,15.0,12.0,12.9,22.8,32.7,19.8,25.7,1.0,20.8,11.0,11.1,37.6,31.7,7.0,18.6,3.0,15.3,28.3,31.3,37.0,32.0,5.9,11.2,19.0,15.3,30.3,29.0
1772525158.0003276,19.4,15.8,12.0,9.0,6.9,5.9,12.0,8.2,6.1,5.1,5.1,12.2,19.2,17.8,3.1,20.0,15.8,14.9,33.0,36.6,25.0,9.1,14.0,23.5,23.0,26.5,8.1,12.0,12.0,14.0,32.0,34.3,29.7,26.7,5.0,20.2,10.1,12.0,41.4,35.7,8.1,22.8,12.2,13.9,34.0,41.6,33.0,39.8,13.1,11.0,34.7,34.3,33.3,25.3
1772525159.0009575,19.0,17.3,11.2,12.2,4.2,4.1,5.1,6.1,6.1,7.1,10.1,9.1,19.0,21.4,2.0,21.2,11.2,14.0,36.4,34.3,27.0,8.2,21.2,25.7,24.0,19.0,25.5,18.2,14.0,14.0,27.7,43.6,29.0,25.7,16.3,9.0,11.1,13.0,38.0,41.0,4.0,23.0,21.0,7.1,27.5,45.5,28.7,10.1,12.2,7.2,37.0,37.0,28.6,40.0
1772525160.0045123,16.2,15.3,7.1,4.0,9.0,3.0,6.1,4.0,9.2,3.0,6.1,11.1,17.0,17.2,2.0,21.0,9.0,16.2,35.4,34.7,27.0,21.0,21.0,26.3,31.6,29.3,29.7,26.3,5.1,4.1,31.3,36.4,26.0,30.0,23.8,9.2,12.9,11.1,41.4,40.2,8.0,19.2,14.0,14.1,30.0,42.6,31.3,29.7,5.0,19.8,28.7,29.3,24.8,35.6
1772525161.0079088,21.6,16.0,12.1,12.0,7.0,3.1,6.0,4.0,6.9,6.1,5.1,11.1,14.1,14.1,5.0,21.0,11.9,16.0,35.0,33.7,13.1,29.7,17.0,31.7,31.7,23.5,29.0,18.0,4.1,3.1,42.2,26.7,27.0,29.7,16.2,7.1,9.0,15.0,38.2,34.3,7.1,22.8,3.1,18.8,14.1,31.4,31.3,45.5,3.0,18.2,31.3,39.0,37.0,32.7
1772525162.0096161,16.0,17.3,9.2,6.1,11.1,3.0,7.1,13.0,3.1,7.1,8.1,13.1,24.0,21.0,1.0,21.0,14.3,13.0,25.0,31.0,6.1,23.0,14.3,27.3,25.3,21.0,28.7,27.3,4.1,6.9,33.3,26.0,33.7,24.2,7.0,16.0,12.2,11.2,35.7,45.0,7.1,25.0,9.9,16.2,12.4,23.2,34.3,29.3,5.1,18.0,21.4,29.0,32.7,27.6
1772525163.0103204,20.2,17.2,15.5,12.1,4.1,26.0,8.1,4.1,5.1,4.1,9.2,7.1,7.2,18.0,3.0,20.0,5.2,17.2,17.2,27.5,8.2,21.4,17.0,32.7,19.8,22.0,17.2,13.0,5.1,3.0,33.0,40.6,23.2,23.0,13.3,10.2,10.1,12.0,33.0,38.4,7.1,20.8,10.1,18.0,26.0,25.3,26.0,22.4,3.1,17.2,27.0,17.3,29.3,31.0
1772525164.015104,17.5,18.8,11.8,4.0,11.1,21.0,7.2,5.1,7.0,8.0,11.9,12.0,24.8,21.2,9.1,14.1,18.0,8.1,27.6,21.4,11.1,34.7,22.0,17.2,29.3,31.6,15.8,26.0,7.0,9.1,24.2,32.7,21.8,15.0,20.2,14.7,11.9,12.1,40.6,33.0,11.1,16.0,20.2,5.1,31.4,22.8,31.7,28.3,11.9,12.0,38.0,36.3,29.7,31.4
1772525165.0151823,17.2,21.4,9.1,8.1,12.2,12.0,5.0,4.0,9.2,10.0,3.1,8.2,15.3,8.2,20.0,2.0,13.1,8.0,18.2,24.5,29.3,13.0,27.3,25.0,24.2,24.0,22.0,23.5,13.1,11.2,31.7,41.0,15.0,17.0,4.0,20.2,10.2,10.1,32.0,37.0,14.0,12.1,9.2,11.1,33.3,23.2,34.0,40.0,1.0,18.2,29.0,28.7,30.0,27.6
1772525166.0152636,15.3,2.0,5.1,8.0,7.1,14.1,2.0,9.0,0.0,0.0,0.0,0.0,9.7,10.0,0.0,0.0,2.0,0.0,23.0,11.0,20.8,0.0,13.1,7.1,1.0,1.0,26.3,21.8,22.2,22.8,16.2,11.0,0.0,0.0,1.0,14.0,1.0,0.0,7.0,20.8,0.0,1.0,0.0,0.0,41.6,20.0,25.3,17.2,1.0,0.0,1.0,20.8,20.2,8.0
1772525167.0153382,14.4,6.9,1.0,0.0,1.0,20.8,0.0,0.0,0.0,0.0,0.0,0.0,3.0,5.0,0.0,1.0,0.0,0.0,16.0,19.0,10.0,10.0,18.8,2.0,0.0,1.0,19.0,21.2,29.0,27.6,0.0,19.2,0.0,0.0,7.0,14.0,0.0,0.0,0.0,20.2,1.0,0.0,0.0,1.0,42.2,18.0,1.0,0.0,0.0,0.0,0.0,21.0,20.8,0.0
1772525168.0154197,2.1,0.0,0.0,0.0,1.0,20.0,0.0,0.0,0.0,0.0,0.0,0.0,0.0,0.0,0.0,0.0,0.0,0.0,9.1,10.1,16.2,5.0,21.0,1.0,0.0,0.0,20.0,19.8,13.9,11.8,14.0,6.0,2.0,0.0,20.0,0.0,0.0,0.0,0.0,20.0,0.0,0.0,0.0,0.0,39.0,21.2,0.0,0.0,0.0,0.0,1.0,20.0,3.0,0.0
1772525169.0155027,1.0,0.0,0.0,0.0,4.0,16.8,0.0,0.0,0.0,0.0,0.0,0.0,0.0,0.0,0.0,0.0,0.0,0.0,10.9,10.9,20.8,0.0,20.0,0.0,0.0,0.0,21.0,20.0,10.0,10.9,20.8,0.0,0.0,0.0,20.0,0.0,0.0,0.0,0.0,20.8,0.0,0.0,1.0,0.0,35.0,12.1,0.0,0.0,0.0,0.0,7.0,8.9,0.0,0.0
1772525170.0155942,5.1,1.0,1.0,1.0,12.0,9.0,1.0,1.0,1.0,1.0,0.0,1.0,0.0,0.0,1.0,0.0,0.0,1.0,11.0,10.9,20.0,0.0,12.0,12.1,1.0,1.0,16.8,23.0,10.9,10.1,20.0,0.0,0.0,1.0,21.0,1.0,0.0,1.0,0.0,20.2,0.0,0.0,1.0,10.1,30.0,10.0,0.0,0.0,1.0,1.0,0.0,0.0,1.0,0.0
1772525171.0156906,6.1,1.0,1.0,1.0,20.8,1.0,1.0,1.0,0.0,1.0,1.0,1.0,1.0,1.0,0.0,1.0,1.0,1.0,10.9,10.0,21.0,1.0,33.7,14.9,1.0,1.0,4.0,24.8,10.9,11.9,14.1,5.0,0.0,0.0,20.8,1.0,0.0,1.0,0.0,20.0,0.0,1.0,1.0,1.0,30.7,11.0,1.0,1.0,0.0,1.0,1.0,1.0,1.0,0.0
1772525172.0157638,1.0,0.0,0.0,0.0,13.0,6.1,0.0,0.0,0.0,0.0,0.0,0.0,0.0,0.0,0.0,0.0,0.0,0.0,10.1,10.0,20.8,0.0,19.8,1.0,0.0,0.0,14.0,6.1,11.0,10.0,3.0,3.0,0.0,0.0,9.0,9.0,0.0,0.0,0.0,0.0,0.0,0.0,0.0,0.0,30.7,10.0,0.0,0.0,0.0,0.0,0.0,0.0,0.0,0.0
1772525173.0158446,0.0,0.0,0.0,0.0,2.0,1.0,0.0,0.0,1.0,1.0,0.0,0.0,0.0,0.0,0.0,0.0,0.0,0.0,10.9,10.0,20.0,0.0,7.0,6.0,1.0,0.0,0.0,20.6,10.9,10.0,0.0,0.0,0.0,0.0,0.0,0.0,0.0,0.0,0.0,0.0,0.0,0.0,0.0,0.0,26.0,15.0,0.0,0.0,0.0,0.0,0.0,0.0,0.0,0.0
1772525174.0159354,0.0,0.0,0.0,0.0,0.0,0.0,0.0,0.0,0.0,0.0,0.0,0.0,0.0,0.0,0.0,0.0,0.0,0.0,11.0,10.0,20.8,0.0,0.0,0.0,0.0,0.0,5.0,15.0,10.9,10.8,0.0,0.0,0.0,0.0,0.0,0.0,0.0,0.0,0.0,0.0,0.0,0.0,0.0,0.0,9.0,17.0,0.0,0.0,0.0,0.0,0.0,0.0,0.0,0.0
1772525175.016006,0.0,0.0,0.0,0.0,0.0,0.0,0.0,0.0,0.0,0.0,0.0,1.0,0.0,0.0,0.0,0.0,0.0,0.0,10.0,10.0,20.2,0.0,0.0,0.0,0.0,0.0,3.0,4.0,10.9,10.9,0.0,0.0,0.0,0.0,0.0,0.0,0.0,0.0,0.0,0.0,0.0,0.0,0.0,0.0,9.1,9.1,0.0,0.0,1.0,0.0,0.0,0.0,0.0,0.0
1772525176.0160697,0.0,0.0,0.0,0.0,0.0,0.0,0.0,0.0,0.0,0.0,0.0,0.0,0.0,0.0,0.0,0.0,0.0,0.0,10.0,9.0,3.0,0.0,0.0,0.0,0.0,0.0,0.0,0.0,10.0,10.0,0.0,0.0,0.0,0.0,0.0,0.0,0.0,0.0,0.0,0.0,0.0,0.0,0.0,0.0,11.9,9.0,0.0,0.0,0.0,0.0,0.0,0.0,0.0,0.0
1772525177.0161395,0.0,0.0,0.0,0.0,0.0,0.0,0.0,0.0,0.0,0.0,0.0,0.0,0.0,0.0,0.0,0.0,0.0,0.0,10.9,10.0,0.0,0.0,0.0,0.0,0.0,0.0,0.0,0.0,10.0,10.9,0.0,0.0,0.0,0.0,0.0,0.0,0.0,0.0,0.0,0.0,0.0,0.0,0.0,0.0,9.1,10.0,0.0,0.0,0.0,0.0,0.0,0.0,0.0,0.0
1772525178.0162194,2.1,2.0,3.0,2.0,1.0,4.0,2.0,2.0,3.0,3.0,2.0,1.0,2.0,1.0,2.0,2.0,3.0,3.0,11.1,13.0,3.0,2.0,2.0,2.0,1.0,2.0,1.0,1.0,13.7,12.0,2.0,4.0,2.0,1.0,2.0,1.0,3.0,4.0,2.0,2.0,2.0,2.0,2.0,4.0,11.0,12.1,3.0,1.0,2.0,3.0,26.3,2.0,2.0,3.0
1772525179.0162961,5.3,2.0,5.1,3.0,4.0,2.0,4.0,1.0,5.0,2.0,1.0,3.9,5.0,4.0,5.0,4.0,6.0,2.0,13.9,11.0,7.0,3.0,4.0,4.0,5.0,4.0,9.0,2.0,11.0,13.0,3.0,4.0,4.0,4.0,1.0,3.0,3.0,3.0,4.0,3.0,1.0,3.0,3.1,3.0,13.0,17.0,4.0,3.0,24.2,3.0,4.0,1.0,4.0,27.0
1772525180.0163865,3.2,2.0,4.0,2.0,3.0,2.0,3.0,3.0,5.0,3.0,2.0,3.0,3.0,5.0,4.0,1.0,2.0,2.0,11.0,10.9,6.0,4.0,17.0,2.0,5.1,3.0,4.0,2.0,12.0,13.0,3.0,2.0,4.0,17.0,3.0,3.0,2.0,4.0,3.0,3.0,3.0,1.0,2.0,3.0,13.1,12.1,4.0,2.0,3.0,3.0,3.0,2.0,3.0,2.0
1772525181.016481,2.1,2.0,2.0,2.0,2.0,1.0,2.0,3.0,2.0,2.0,1.0,3.0,2.0,2.0,3.0,4.0,0.0,4.0,12.0,12.0,5.0,2.0,3.0,2.0,4.0,3.0,0.0,2.0,10.1,11.8,0.0,27.0,3.0,2.0,1.0,2.0,3.0,2.0,2.0,1.0,0.0,3.0,1.0,3.0,11.0,11.9,1.0,2.0,1.0,2.0,3.0,2.0,2.0,5.0
1772525182.0165596,0.0,1.0,0.0,1.0,0.0,1.0,1.0,0.0,1.0,1.0,0.0,1.0,0.0,1.0,0.0,1.0,1.0,0.0,10.1,11.0,1.0,0.0,2.9,0.0,2.0,0.0,0.0,0.0,3.0,1.0,0.0,1.0,1.0,1.0,1.0,0.0,0.0,0.0,1.0,1.0,0.0,1.0,1.0,0.0,10.0,8.1,0.0,1.0,0.0,1.0,1.0,0.0,1.0,1.0
1772525183.0166447,1.0,1.0,1.0,1.0,1.0,0.0,0.0,12.0,0.0,2.0,1.0,0.0,0.0,0.0,1.0,0.0,1.0,1.0,6.9,7.0,1.0,1.0,0.0,0.0,0.0,1.0,0.0,1.0,0.0,1.0,0.0,1.0,1.0,1.0,1.0,1.0,1.0,1.0,1.0,1.0,0.0,1.0,0.0,1.0,0.0,2.9,0.0,0.0,0.0,1.0,0.0,1.0,0.0,1.0
