timestamp,CPU_0(group_0),CPU_64(group_0),CPU_2(group_1),CPU_66(group_1),CPU_4(group_2),CPU_68(group_2),CPU_6(group_3),CPU_70(group_3),CPU_8(group_4),CPU_72(group_4),CPU_10(group_5),CPU_74(group_5),CPU_12(group_6),CPU_76(group_6),CPU_14(group_7),CPU_78(group_7),CPU_16(group_8),CPU_80(group_8),CPU_18(group_9),CPU_82(group_9),CPU_20(group_10),CPU_84(group_10),CPU_22(group_11),CPU_86(group_11),CPU_24(group_12),CPU_88(group_12),CPU_26(group_13),CPU_90(group_13),CPU_28(group_14),CPU_92(group_14),CPU_30(group_15),CPU_94(group_15),CPU_32(group_16),CPU_96(group_16),CPU_34(group_17),CPU_98(group_17),CPU_36(group_18),CPU_100(group_18),CPU_38(group_19),CPU_102(group_19),CPU_40(group_20),CPU_104(group_20),CPU_42(group_21),CPU_106(group_21),CPU_44(group_22),CPU_108(group_22),CPU_46(group_23),CPU_110(group_23),CPU_48(group_24),CPU_112(group_24),CPU_50(group_25),CPU_114(group_25),CPU_52(group_26),CPU_116(group_26)
1772523720.2293475,0.0,0.0,0.0,0.0,0.0,100.0,0.0,0.0,100.0,100.0,0.0,0.0,100.0,100.0,0.0,0.0,0.0,0.0,0.0,0.0,0.0,0.0,100.0,0.0,50.0,0.0,0.0,0.0,0.0,0.0,100.0,0.0,0.0,100.0,0.0,0.0,100.0,100.0,0.0,0.0,0.0,0.0,0.0,0.0,0.0,0.0,0.0,0.0,0.0,0.0,0.0,100.0,100.0,0.0
1772523721.2305806,50.5,49.5,45.9,44.4,38.5,61.6,25.8,26.8,27.1,28.1,31.2,37.8,51.5,48.5,45.4,41.4,31.2,38.4,47.0,45.9,60.4,52.0,46.5,46.0,21.3,21.4,27.8,26.3,55.4,54.5,47.5,49.5,20.6,38.1,20.6,21.6,51.0,48.5,25.8,27.8,29.3,26.0,50.0,51.0,19.6,20.6,35.4,35.6,27.1,26.0,32.7,32.7,41.8,43.3
1772523722.2330158,22.4,20.4,33.0,32.3,44.9,55.4,14.6,22.7,14.6,17.3,21.9,13.5,54.0,49.0,26.0,18.6,23.2,11.5,42.4,43.4,46.5,48.5,48.5,46.9,23.7,17.3,20.2,24.2,41.8,38.4,52.0,52.5,14.4,17.3,13.4,25.8,47.5,55.0,26.5,11.3,23.7,23.5,40.8,33.7,16.5,32.0,19.6,23.5,21.4,21.4,29.6,32.0,33.3,29.3
1772523723.2341394,33.0,33.3,40.8,40.8,51.0,47.4,24.7,22.9,49.5,33.7,29.6,25.0,54.5,59.6,24.7,27.8,37.5,26.8,53.1,47.4,55.0,57.6,55.7,56.0,27.1,28.9,34.0,36.1,55.6,50.5,58.6,63.6,23.2,31.6,27.7,20.6,59.2,57.6,32.3,20.8,40.2,35.4,41.8,41.2,22.1,27.1,34.3,30.9,29.0,31.6,47.5,37.5,42.3,46.5
1772523724.2363575,23.4,31.3,34.3,27.3,65.0,43.1,21.4,22.2,23.5,17.3,25.5,21.4,39.4,49.0,54.5,47.4,30.0,27.6,43.0,42.0,48.0,46.0,51.0,61.6,19.2,28.0,27.3,32.3,37.0,34.7,56.0,53.5,25.7,15.3,23.2,17.3,52.5,46.0,24.0,17.3,58.0,55.0,39.8,35.4,24.0,20.2,25.3,25.5,25.5,19.4,34.7,25.5,30.3,35.0
1772523725.2379339,36.5,30.2,47.4,40.6,59.2,43.4,26.0,32.7,30.6,28.9,32.0,35.7,49.5,55.1,58.8,54.7,30.2,36.4,48.0,48.0,55.9,56.4,55.7,57.1,37.1,26.0,34.7,34.7,57.6,52.0,56.4,54.1,32.7,31.6,37.4,28.9,53.5,57.1,31.6,25.0,58.2,53.5,46.9,47.4,28.9,35.1,35.1,35.4,29.9,35.1,44.9,52.5,45.9,47.5
1772523726.238488,28.7,29.0,29.6,30.3,40.8,57.4,18.6,19.4,14.6,22.2,21.0,23.5,44.0,50.0,37.1,37.4,36.7,30.0,44.0,48.5,46.5,52.0,54.0,55.4,21.6,17.0,22.4,34.0,36.4,43.0,56.0,53.9,18.4,21.8,18.6,17.3,49.5,52.0,29.3,18.4,53.9,50.5,37.0,35.3,17.3,21.2,24.5,29.3,21.6,23.0,28.3,30.3,38.4,29.6
1772523727.2402468,22.7,12.4,23.5,15.5,45.0,41.0,11.1,25.5,22.7,27.1,20.4,11.2,36.7,41.0,9.3,9.3,12.2,12.4,34.3,40.4,48.0,49.5,45.9,50.0,8.4,25.0,14.4,14.4,39.0,36.4,49.0,48.0,9.4,20.4,21.6,10.1,48.0,48.0,15.6,8.3,45.5,45.5,36.1,26.3,11.1,19.4,12.2,19.2,12.4,25.3,40.0,38.0,22.4,34.7
1772523728.2422836,15.3,9.9,17.3,9.3,39.0,29.7,4.1,3.0,13.1,5.0,10.1,3.1,36.4,29.6,20.2,31.0,3.1,15.2,40.0,34.0,37.3,34.7,51.0,49.5,9.0,7.1,13.1,19.0,24.2,24.2,50.5,48.5,4.1,5.0,3.1,2.0,48.0,41.0,12.0,11.1,40.6,40.6,17.0,16.3,7.1,5.0,10.0,8.0,5.1,7.1,15.2,24.5,18.2,16.2
1772523729.2440412,13.3,11.1,21.0,22.2,36.4,34.7,4.1,4.1,3.1,2.1,6.1,5.0,26.3,35.6,40.4,34.3,16.0,18.4,41.0,30.3,41.2,38.6,46.0,40.4,8.1,4.0,10.1,9.0,33.0,32.0,41.0,41.6,6.1,3.1,3.1,4.0,40.6,39.6,15.5,10.1,40.0,40.6,22.8,26.0,5.0,3.1,11.1,9.1,8.1,8.1,26.7,24.8,19.4,24.2
1772523730.2441173,14.0,10.0,20.2,16.8,35.1,43.1,6.1,2.0,7.1,4.1,6.2,5.1,31.7,34.0,27.8,26.0,11.3,8.1,35.4,38.6,39.6,38.0,42.0,39.6,4.1,5.1,9.2,10.2,28.3,33.0,40.2,43.6,8.1,3.0,4.1,2.0,60.4,22.0,3.1,3.1,40.6,40.0,25.3,23.2,3.0,5.1,12.1,9.1,8.2,7.2,21.2,26.0,25.7,24.2
1772523731.2473965,12.4,9.0,17.8,17.0,37.0,36.0,6.9,4.0,23.0,12.4,5.0,6.0,30.0,32.7,12.0,8.1,9.1,13.0,37.6,36.3,38.6,39.8,43.1,39.0,5.9,5.0,9.1,10.1,26.7,37.6,41.6,41.2,5.9,5.0,4.0,2.0,42.7,39.2,6.9,3.0,41.0,40.0,20.8,21.8,6.9,3.0,12.1,6.1,10.8,7.0,19.8,17.2,18.0,24.0
1772523732.2474954,13.0,11.0,19.6,18.4,40.0,37.6,7.2,6.2,3.1,12.0,5.1,7.1,31.6,31.0,22.7,25.3,13.3,6.2,34.7,32.7,37.6,38.4,41.4,41.0,5.2,4.1,7.1,11.1,33.0,34.3,40.6,42.6,2.1,4.1,2.0,4.0,34.3,42.0,23.7,12.1,40.6,41.0,27.8,21.0,2.1,2.1,12.1,10.1,7.2,7.2,27.0,25.7,22.2,25.5
1772523733.2493317,12.2,6.2,17.8,18.2,41.8,35.6,6.0,3.0,7.0,7.1,6.1,6.1,27.7,34.0,41.8,39.4,12.1,10.2,33.3,39.4,37.3,40.2,43.4,37.4,5.1,4.0,11.0,8.1,25.3,29.3,41.2,42.2,5.9,4.0,3.1,1.0,30.0,57.4,27.0,28.3,41.0,41.2,21.0,22.2,4.0,3.0,10.2,7.1,6.1,10.1,17.2,18.4,22.0,20.0
1772523734.2495375,13.0,8.1,16.2,16.5,48.0,22.0,5.1,2.0,14.7,17.3,6.0,5.1,29.0,28.3,25.8,24.7,17.3,16.2,34.0,32.3,35.0,34.7,40.0,41.6,3.1,5.1,6.1,11.1,34.7,25.7,41.0,42.0,3.1,4.1,2.0,2.0,29.0,45.5,2.0,5.1,39.6,40.4,23.8,21.8,3.1,3.0,10.9,8.1,5.1,10.1,28.3,31.0,20.2,20.4
1772523735.2543592,12.2,10.8,27.3,25.7,37.4,33.7,4.0,3.0,9.9,4.0,7.1,4.0,29.3,35.0,13.0,9.2,2.0,4.0,34.7,33.3,40.2,38.2,41.2,40.0,5.0,5.9,12.0,6.1,29.0,25.0,41.6,41.2,3.0,5.0,4.0,5.0,44.6,38.6,1.0,4.0,31.4,32.7,23.8,25.0,2.0,5.0,8.1,9.1,9.1,6.1,14.7,15.2,19.2,22.8
1772523736.254425,13.0,8.2,27.0,18.2,35.1,38.0,3.1,2.0,4.1,4.1,5.1,3.1,29.7,26.0,32.0,33.3,16.3,19.0,33.3,35.0,34.0,38.6,41.4,41.0,6.1,5.1,9.1,8.1,32.3,28.6,41.6,40.6,5.1,3.0,4.0,2.0,50.5,27.0,4.0,3.1,32.3,31.7,19.6,17.2,3.0,3.0,7.1,10.9,8.1,8.2,28.0,30.0,19.2,21.0
1772523737.256046,13.4,11.1,19.2,26.0,51.0,37.6,6.0,3.1,16.0,15.5,9.0,6.1,32.0,38.6,30.2,37.8,7.1,5.1,44.6,26.7,40.2,38.0,37.0,44.6,5.0,9.1,12.4,10.2,34.0,31.3,39.0,44.0,5.1,6.1,3.1,2.0,38.6,42.6,5.1,4.0,25.7,25.0,22.8,32.4,4.1,4.1,11.0,11.3,10.0,11.1,15.3,19.0,24.0,30.0
1772523738.2568488,11.3,7.0,13.1,11.2,42.9,34.0,4.0,1.0,11.5,7.1,8.1,5.1,26.3,19.2,22.4,17.5,16.2,16.3,25.7,39.4,32.0,31.7,40.0,40.4,3.0,5.1,8.1,7.9,25.0,24.0,40.0,41.6,6.1,3.0,2.0,3.0,41.6,40.8,2.0,4.0,23.2,18.4,18.8,19.2,3.0,3.0,10.2,6.0,4.1,6.1,26.0,26.7,15.0,17.3
1772523739.2573373,14.1,8.1,17.2,19.0,34.0,32.7,3.1,1.0,6.1,4.0,8.1,4.1,35.6,28.3,9.1,13.3,4.0,3.0,32.0,37.0,38.0,41.6,30.7,34.0,3.1,3.1,13.1,8.1,24.2,30.0,44.6,36.6,4.1,2.0,2.1,3.1,43.6,38.4,3.0,3.1,20.8,23.0,23.5,20.2,3.0,2.0,13.1,11.2,10.0,6.1,9.2,8.3,21.4,24.8
1772523740.2608273,16.0,4.1,16.3,18.2,44.0,37.6,5.1,4.0,6.1,10.2,6.1,5.1,32.7,31.0,22.2,27.3,15.2,19.4,27.3,42.2,37.3,41.0,33.3,28.0,4.0,6.0,7.0,6.1,31.7,30.3,37.3,32.7,6.0,2.0,6.0,4.1,56.9,26.0,8.0,4.0,20.4,21.2,18.0,28.0,4.0,5.1,15.2,10.1,11.0,12.9,36.3,35.0,22.0,24.2
1772523741.260994,14.9,8.0,16.2,16.0,36.7,34.7,6.1,2.0,16.0,23.2,6.1,6.0,29.0,29.0,26.8,34.3,3.1,3.1,31.3,36.4,36.0,36.3,37.6,21.2,6.0,4.0,10.1,9.2,34.7,28.0,26.0,26.0,4.0,8.0,3.1,7.0,43.0,39.0,3.1,8.1,17.0,21.2,21.0,24.0,3.0,4.0,8.1,9.1,10.1,7.1,11.2,8.2,22.2,16.2
1772523742.2626908,13.0,10.0,20.8,16.2,36.0,42.2,5.0,3.1,5.1,5.1,7.0,9.0,36.0,31.7,24.7,30.0,14.3,18.0,34.0,35.6,39.2,38.6,41.0,11.1,5.0,5.1,7.1,8.9,30.0,29.0,40.6,31.0,1.0,5.1,2.0,2.0,36.6,46.1,3.0,6.1,27.3,29.0,27.7,22.0,1.0,4.1,9.1,7.1,7.1,8.0,36.9,37.6,23.0,20.0
1772523743.2646267,13.4,9.2,12.2,19.2,40.4,29.0,5.0,6.0,4.1,3.1,4.1,5.1,32.3,24.2,15.5,7.2,5.0,3.1,32.7,32.0,35.3,37.3,31.0,26.0,4.0,3.0,6.1,11.2,25.0,27.7,30.7,27.7,1.0,5.9,0.0,29.3,38.4,41.0,6.0,11.1,32.0,33.0,22.0,16.2,2.0,3.1,10.0,9.1,7.1,5.2,6.1,6.1,22.2,17.3
1772523744.2705762,10.4,8.0,16.2,15.0,41.0,30.0,7.0,1.0,15.0,6.1,4.0,4.1,31.3,26.7,18.8,20.2,15.2,12.1,34.3,33.3,36.6,36.6,38.0,40.6,7.0,3.0,7.9,5.0,27.7,28.0,21.0,21.8,7.9,4.0,8.1,23.8,38.2,41.6,2.1,3.1,33.0,35.6,16.0,25.3,2.0,5.0,9.0,9.0,4.0,6.9,38.6,41.2,17.2,18.0
1772523745.2714806,15.7,6.1,18.2,15.2,43.0,23.5,3.1,4.0,10.2,18.4,7.9,6.0,30.0,22.0,34.7,25.5,6.1,35.0,34.0,27.7,38.2,37.6,40.6,41.0,5.1,4.1,13.1,10.9,22.0,31.0,32.7,40.6,3.0,3.1,3.0,4.0,32.7,46.0,3.0,4.0,40.6,41.6,19.0,20.0,3.0,4.0,6.1,7.1,8.0,5.2,4.0,5.1,14.9,22.2
1772523746.2738519,12.2,8.1,13.4,18.2,48.5,31.0,3.0,3.0,3.1,3.1,6.1,3.1,31.3,33.0,25.8,29.3,15.3,31.3,33.3,36.6,37.0,37.6,44.4,36.6,6.1,4.0,8.1,9.2,31.3,31.3,41.6,41.6,5.0,6.1,14.0,3.0,42.6,41.6,3.1,3.1,41.0,41.0,17.2,22.2,3.1,3.1,10.1,10.1,7.1,8.0,39.0,41.0,16.2,23.2
1772523747.2739217,12.0,11.1,15.2,14.3,32.0,36.6,5.0,3.0,10.2,4.1,4.1,5.1,27.3,29.0,19.2,14.3,6.1,20.4,34.0,28.3,38.0,36.3,40.6,21.0,5.0,4.0,7.0,10.0,27.3,31.3,42.2,40.6,5.1,3.1,14.3,2.0,38.6,40.4,3.1,1.0,40.0,41.0,17.0,24.5,5.0,3.0,5.1,10.0,5.1,7.1,8.1,8.0,19.0,20.0
1772523748.2740042,11.3,7.1,20.0,13.3,36.4,33.7,3.1,2.0,11.2,10.1,5.1,5.1,26.0,28.3,17.3,20.2,6.2,9.0,29.0,37.6,37.6,35.0,42.4,17.2,2.0,6.9,6.1,6.1,26.0,31.7,42.6,36.6,5.0,5.1,25.7,2.0,41.4,35.0,3.1,2.1,41.2,41.0,21.0,17.2,5.1,4.0,7.1,8.1,5.1,6.1,19.2,21.0,20.0,14.1
1772523749.2748063,16.7,8.2,16.7,18.2,45.0,32.0,9.9,3.1,7.2,13.1,7.1,4.1,29.0,39.6,22.4,26.5,13.9,12.1,35.4,39.0,39.2,37.6,31.0,27.6,6.1,4.0,8.1,8.2,31.0,29.0,41.0,25.7,2.0,5.1,40.8,1.0,41.6,40.6,14.1,5.1,39.4,42.2,27.0,24.0,4.0,3.1,10.2,15.0,10.0,9.0,26.7,25.0,27.0,23.0
1772523750.2771602,15.8,10.1,19.0,19.0,43.0,32.7,5.1,3.1,4.0,5.2,4.1,8.0,34.0,31.3,31.3,27.6,12.2,6.2,27.0,45.5,36.0,40.0,25.0,19.8,6.0,5.1,12.0,10.1,32.7,33.3,42.6,19.4,5.0,5.1,20.0,3.0,30.7,51.0,8.2,8.2,40.6,40.6,21.2,26.0,1.0,6.0,11.0,8.2,6.1,10.0,20.4,21.4,21.2,23.0
1772523751.2806098,15.8,10.1,16.3,20.0,36.7,36.3,5.1,2.0,12.2,16.2,4.1,6.1,30.0,33.7,24.7,30.3,11.1,10.1,42.0,31.6,42.7,38.2,21.0,30.0,5.0,6.1,9.2,8.1,29.0,29.3,37.3,24.5,4.0,5.1,2.0,5.0,25.7,54.9,3.1,3.1,40.8,40.4,25.3,22.0,4.0,2.1,10.0,10.0,8.2,7.1,22.8,24.5,25.3,22.0
1772523752.2806973,12.4,9.0,16.0,18.4,38.8,36.0,7.1,3.0,13.1,8.2,5.1,3.1,30.0,30.3,21.4,13.4,7.2,9.2,33.3,30.0,36.0,37.4,24.0,36.4,3.0,5.1,10.0,8.1,33.7,26.3,24.2,24.2,2.1,5.0,2.0,20.4,35.0,42.0,3.1,3.0,41.0,39.6,25.0,20.0,2.1,3.0,9.1,7.1,7.1,7.0,24.5,21.6,23.2,18.4
1772523753.285248,14.0,8.2,17.3,13.3,33.7,41.6,5.0,1.0,3.1,4.0,3.1,6.0,31.0,27.0,17.3,17.2,12.9,10.2,26.7,42.0,35.3,37.3,26.0,16.2,4.0,4.0,5.0,9.2,29.7,24.8,21.0,32.0,3.1,5.1,3.0,35.4,41.0,37.6,16.3,7.2,35.0,37.3,20.0,19.2,4.0,2.0,10.0,6.2,8.0,4.1,18.8,20.6,18.2,16.3
1772523754.2857704,16.2,7.0,22.2,13.0,41.8,37.3,7.9,4.0,6.1,9.3,4.1,5.1,35.0,32.3,21.2,35.0,8.2,10.1,31.0,39.0,38.6,38.6,22.4,33.7,3.0,7.9,9.2,11.0,30.3,32.0,41.6,38.6,7.0,3.0,8.0,26.0,37.3,44.1,19.0,18.2,27.5,27.0,26.0,26.7,4.0,2.0,8.1,9.9,10.9,8.1,30.0,26.5,18.2,25.5
1772523755.2858565,13.1,9.1,19.2,14.3,34.3,36.6,2.1,1.0,18.4,16.3,3.1,5.1,27.3,31.7,42.9,32.7,9.2,10.2,33.0,26.3,34.7,34.7,33.7,40.8,5.1,3.1,8.1,5.1,27.3,29.3,41.0,41.0,2.0,5.1,10.2,29.0,27.3,53.5,22.4,20.2,20.4,21.8,21.0,22.4,3.1,4.0,10.0,9.2,7.2,7.1,13.0,14.0,17.2,21.0
1772523756.2875257,15.2,10.0,24.2,27.0,43.0,35.6,5.0,6.0,3.1,4.0,5.1,4.1,32.7,32.4,19.0,18.2,12.9,10.1,32.7,38.0,39.6,41.2,30.0,32.7,4.0,6.1,7.9,8.9,33.0,30.4,44.6,36.6,6.0,5.1,7.1,36.0,40.0,42.6,7.9,4.1,23.8,24.8,22.8,23.0,2.0,4.0,10.1,13.9,6.0,8.2,25.3,21.4,19.2,25.3
1772523757.2878222,12.2,5.1,20.4,15.3,30.6,38.0,3.0,2.0,4.0,6.1,4.0,6.0,27.6,20.2,4.1,7.1,9.2,10.2,30.6,35.0,31.0,31.3,18.0,35.4,7.0,3.0,8.1,5.1,22.2,22.2,31.0,37.0,4.1,1.0,2.0,26.0,42.0,37.0,3.0,3.0,26.0,22.2,20.2,21.0,4.0,2.0,4.1,8.2,4.1,4.2,14.1,16.2,20.2,13.1
1772523758.2916288,15.8,11.9,17.8,23.0,39.8,43.6,10.9,2.0,8.1,8.1,6.1,6.0,35.6,39.0,24.0,21.2,4.0,4.0,42.6,31.0,40.8,42.2,24.2,41.2,4.0,5.9,11.0,8.0,31.3,40.0,22.5,6.1,5.0,6.1,7.9,41.4,23.8,60.4,11.1,1.0,23.2,22.8,28.7,26.5,3.0,4.0,11.0,9.9,8.0,9.0,16.8,17.2,22.5,28.0
1772523759.2927048,13.3,6.1,14.4,16.2,49.0,18.0,10.1,4.1,14.3,19.4,7.1,3.1,25.0,32.0,32.3,39.8,18.2,14.4,30.3,30.3,39.0,35.0,26.7,35.4,5.1,5.1,9.1,8.2,32.3,22.4,24.2,26.3,1.0,7.1,2.0,27.3,33.0,46.5,3.0,3.0,31.0,29.6,18.0,22.2,2.0,2.0,7.1,9.1,7.1,6.1,26.0,26.0,16.2,20.6
1772523760.293992,12.0,9.0,16.3,13.9,32.7,34.0,3.0,4.0,3.1,1.0,4.0,4.1,29.0,26.3,29.9,29.6,2.1,4.0,34.7,32.7,35.6,38.6,32.3,40.0,4.0,2.0,7.1,6.0,31.3,21.0,39.6,29.7,2.0,5.0,0.0,31.0,46.0,36.0,5.1,1.0,32.0,30.7,18.2,17.0,2.0,3.0,8.0,7.1,4.1,8.0,16.0,14.1,15.0,20.0
1772523761.294076,11.2,9.0,14.1,11.3,32.3,34.0,3.0,3.0,3.0,3.1,4.0,5.0,29.0,19.0,7.1,8.1,14.0,15.5,26.0,30.0,35.0,35.3,41.0,38.6,5.0,5.0,7.1,9.1,20.8,27.7,41.6,21.8,3.0,3.1,1.0,27.6,41.0,36.0,5.9,4.0,32.3,33.3,20.2,11.1,1.0,3.0,6.1,8.1,6.1,4.1,28.7,27.7,15.3,18.2
1772523762.2952323,12.0,11.1,19.2,18.0,31.0,38.0,4.1,4.0,5.1,3.0,7.1,4.1,32.0,32.0,15.3,23.5,1.0,5.0,37.6,31.3,34.7,36.6,39.6,41.6,3.1,3.1,7.0,6.0,30.3,28.0,41.2,21.8,3.0,3.0,22.0,10.0,43.6,37.3,5.1,1.0,31.7,34.7,24.8,19.8,3.0,4.1,9.1,10.9,8.9,7.1,12.2,12.2,16.2,19.2
1772523763.297732,12.1,9.0,16.2,16.2,36.4,35.6,5.0,1.0,14.4,18.2,3.1,3.1,29.0,25.0,34.3,36.4,13.9,12.4,31.0,30.7,39.2,40.8,29.3,39.4,4.0,6.9,10.2,8.2,27.0,30.7,26.7,36.6,5.9,4.0,11.1,3.0,45.0,36.4,3.0,2.0,30.0,31.7,24.2,20.2,1.0,3.0,10.9,6.3,4.1,7.1,18.8,20.0,15.0,26.3
1772523764.2993536,12.0,9.1,13.4,16.0,28.3,38.6,5.0,3.0,4.0,7.1,6.0,5.0,27.0,29.7,31.6,34.0,5.1,7.1,33.0,33.0,36.3,32.0,19.6,43.0,5.0,5.1,9.8,8.1,25.0,30.0,23.8,40.2,5.1,6.1,32.0,2.0,51.0,30.0,4.0,2.0,32.7,32.0,24.0,18.0,2.0,6.0,7.1,8.9,6.1,6.2,22.0,23.8,22.0,15.8
1772523765.2994237,13.1,10.1,16.2,13.3,44.9,32.3,2.1,2.0,4.1,5.1,4.0,5.1,25.3,29.3,9.2,9.2,19.0,12.2,36.6,28.3,37.6,36.6,21.2,40.0,5.1,2.0,8.2,13.0,30.7,25.3,29.0,38.0,4.0,4.1,31.0,4.0,38.6,42.6,2.0,2.0,31.0,31.0,22.2,20.0,4.0,2.0,10.0,8.1,6.0,10.0,14.1,15.3,19.2,20.4
1772523766.3000197,11.2,11.1,16.2,19.2,37.6,32.7,4.1,1.0,13.3,14.0,8.1,7.9,39.0,24.0,19.2,11.2,3.1,4.0,34.3,38.0,37.6,41.0,20.0,21.0,5.1,4.0,10.0,10.0,32.0,26.0,26.7,36.3,4.0,5.1,2.0,1.0,41.0,41.2,3.1,3.0,38.6,45.0,25.7,21.8,0.0,6.1,10.0,9.0,8.9,6.1,24.8,25.5,22.0,19.4
1772523767.3014283,14.0,10.9,15.2,17.0,37.8,37.6,3.0,3.0,10.1,3.1,3.1,6.1,30.3,26.3,37.0,37.0,11.1,12.1,30.3,32.0,33.7,37.3,3.0,20.0,3.0,2.1,7.0,5.1,29.3,21.8,38.0,19.0,5.1,5.0,2.0,3.0,39.6,41.0,2.0,3.1,41.0,39.0,20.2,17.2,1.0,3.1,13.0,7.1,6.1,6.1,9.9,11.2,19.2,20.0
1772523768.3033946,14.1,8.1,18.0,15.2,31.6,39.6,3.1,3.1,8.2,6.1,5.1,3.1,28.7,30.6,31.6,34.0,9.1,7.1,32.0,33.0,36.6,37.6,34.0,25.3,5.1,5.0,10.2,8.0,27.0,29.7,31.0,31.0,4.0,5.1,8.1,4.1,38.6,42.0,6.1,4.1,40.0,41.0,18.0,24.2,3.0,4.0,11.0,6.9,6.1,5.1,31.0,29.0,22.0,15.5
1772523769.309715,10.2,9.2,17.0,16.2,35.4,32.4,3.0,2.0,4.0,3.0,7.1,5.0,28.0,30.4,10.0,9.2,2.1,12.2,34.7,31.7,33.7,36.6,39.6,21.8,5.0,3.0,5.0,7.0,28.7,27.3,25.2,37.3,4.0,3.0,4.0,2.0,36.6,45.5,1.0,1.0,40.2,41.2,16.2,22.8,2.0,2.0,10.0,5.1,7.0,7.8,8.9,9.9,18.0,19.8
1772523770.3100684,12.2,9.0,14.1,16.8,33.3,39.6,4.0,3.0,11.1,5.1,6.1,4.0,28.0,29.7,5.1,10.9,10.1,13.0,33.0,32.7,40.6,37.3,41.0,41.2,3.1,5.0,6.1,7.1,25.3,26.0,19.4,32.7,3.0,6.0,5.0,3.0,44.6,31.4,2.0,3.0,41.0,41.0,20.0,21.0,3.0,9.0,7.1,8.1,7.1,5.1,29.0,26.3,20.0,17.2
1772523771.3152282,14.1,9.9,18.0,15.5,24.5,47.1,3.0,4.0,13.3,13.4,4.1,6.1,31.3,28.3,39.4,29.6,8.2,2.0,30.7,35.0,34.3,37.3,39.0,41.4,4.0,3.1,5.1,9.1,31.0,27.0,26.0,37.6,3.1,4.0,4.0,3.0,45.5,38.4,6.1,3.0,38.0,38.6,15.0,22.2,3.0,2.0,9.1,5.1,5.1,5.1,14.1,15.0,14.1,22.2
1772523772.3160036,13.1,8.1,18.6,16.3,39.2,38.6,7.1,1.0,6.1,8.2,5.1,4.1,34.0,30.7,37.8,38.4,16.0,12.1,33.7,31.3,37.0,38.6,33.3,30.0,4.1,5.0,9.1,8.2,27.7,33.3,26.7,37.0,3.0,5.1,3.0,9.1,42.4,40.2,8.1,17.2,20.8,22.0,25.3,24.8,4.0,4.0,10.0,9.9,8.0,6.1,30.4,32.3,20.0,22.4
1772523773.3167145,17.3,10.1,14.0,17.2,36.0,37.6,4.0,3.0,5.1,7.1,8.2,9.0,33.3,29.3,16.0,14.4,9.1,3.1,29.7,38.0,36.3,37.6,21.0,21.0,5.0,5.1,10.0,8.9,31.0,33.7,34.0,43.1,6.0,4.0,1.0,5.1,39.2,42.6,3.1,5.0,23.8,21.8,22.5,23.0,5.1,4.0,11.0,10.0,7.0,8.9,10.0,13.0,22.0,21.0
1772523774.3229578,12.1,9.8,18.2,16.8,34.3,35.6,3.0,4.0,8.0,19.0,5.0,8.0,33.3,30.7,8.1,7.0,11.0,13.0,36.0,30.7,38.2,38.2,40.0,26.7,4.0,5.0,8.9,8.0,32.7,21.4,25.5,37.3,5.1,5.0,3.0,5.1,46.5,34.7,3.1,3.0,21.0,21.8,20.6,20.8,4.0,3.0,9.0,7.1,7.0,7.1,32.0,32.4,22.0,21.8
1772523775.3239572,12.2,10.2,20.2,16.2,30.2,42.0,2.0,4.1,6.1,14.3,5.1,3.1,27.3,30.3,33.7,41.4,3.1,11.1,36.4,33.7,36.6,38.0,32.0,21.0,4.1,3.1,7.2,8.2,32.3,29.3,34.0,43.0,3.1,4.1,6.1,4.0,33.0,49.0,3.1,5.2,32.0,36.4,16.3,26.3,4.1,2.1,6.1,11.1,7.1,7.1,11.2,12.0,20.2,19.4
1772523776.3275943,14.0,10.1,17.3,24.0,39.0,40.6,5.1,7.0,5.1,3.0,5.1,6.1,27.7,32.7,34.0,35.1,15.0,10.0,35.6,34.3,36.3,38.2,22.0,18.0,5.1,5.9,9.0,8.1,30.0,28.0,26.7,41.2,5.9,3.1,3.0,6.0,34.0,43.6,6.2,18.0,38.2,36.6,18.0,28.3,4.0,3.0,10.1,9.1,7.1,9.1,28.0,32.7,22.0,18.2
1772523777.3306432,10.3,8.1,14.3,15.3,32.7,38.6,4.0,4.0,11.3,4.1,3.1,7.0,31.3,25.3,13.4,14.3,5.1,10.3,35.6,36.4,39.0,37.6,30.3,34.0,6.0,3.1,7.1,9.0,28.7,28.0,28.0,33.0,3.1,4.0,5.0,5.1,45.5,38.0,3.1,16.5,30.3,31.7,28.3,12.0,3.0,6.0,7.1,9.1,7.1,8.1,10.9,10.1,21.2,21.2
1772523778.3327258,16.0,12.0,15.0,22.2,34.3,46.1,4.0,2.0,15.2,11.1,7.1,5.0,26.3,39.6,15.0,9.1,10.2,16.0,34.0,37.0,38.2,39.6,39.6,30.7,6.0,4.0,10.0,8.1,35.4,30.7,34.7,29.4,5.1,3.0,2.0,5.9,46.6,34.7,20.8,18.0,31.7,30.0,25.7,30.7,4.0,1.0,11.1,10.1,6.1,8.0,32.7,29.7,21.8,23.0
1772523779.3357248,11.2,7.1,15.2,15.8,32.0,36.6,4.0,4.0,7.1,5.1,4.0,2.1,24.8,27.5,37.4,44.0,5.1,11.1,33.3,29.7,33.3,37.3,40.6,40.6,4.0,4.0,7.0,4.0,24.0,23.0,40.2,18.8,5.1,2.0,3.0,2.0,43.0,36.6,5.0,4.1,30.7,31.0,17.0,20.0,3.0,2.0,9.0,9.1,5.0,6.1,12.0,11.2,17.8,18.4
1772523780.3406765,17.0,9.2,16.0,15.5,34.3,35.0,2.1,3.1,2.1,6.1,5.1,4.1,35.0,21.2,35.4,29.2,9.2,14.0,33.7,36.0,37.0,36.6,36.0,41.4,4.1,3.0,4.1,9.1,25.0,27.0,41.0,21.2,2.0,5.1,4.0,3.0,40.6,41.4,2.0,3.0,36.0,34.3,25.0,20.2,1.0,2.0,9.0,8.0,7.1,7.0,23.2,23.2,20.0,19.2
1772523781.3410137,14.4,10.2,20.6,21.0,38.9,38.6,6.0,3.1,8.1,7.2,8.1,5.1,22.2,39.0,8.3,11.3,4.1,11.1,38.8,31.3,39.6,40.6,41.0,38.0,4.1,6.1,9.2,9.3,31.0,32.3,43.6,20.8,4.1,4.1,4.0,3.1,38.0,42.6,2.0,5.1,39.4,42.6,26.0,32.0,5.0,5.1,10.1,7.1,6.1,9.1,21.0,21.8,22.2,26.0
1772523782.349369,15.0,9.9,14.0,17.3,45.1,30.7,5.0,4.0,19.2,16.3,6.1,5.0,33.7,23.0,21.0,20.8,13.0,13.3,42.0,28.4,35.6,40.6,32.7,38.0,4.0,6.9,11.1,7.9,30.7,24.8,39.6,34.3,7.0,4.0,4.1,5.0,27.0,53.5,6.0,4.0,42.6,38.6,28.0,20.8,3.0,2.0,6.1,8.1,5.1,8.1,19.0,22.0,21.2,21.0
1772523783.350769,14.1,9.1,17.3,14.1,36.7,35.6,5.1,3.0,3.1,6.1,4.0,5.0,28.3,32.0,42.4,41.8,8.1,11.0,34.7,33.0,37.3,39.8,31.0,32.0,7.1,4.0,8.9,8.1,25.3,33.3,45.5,27.3,4.0,3.0,1.0,3.1,34.7,47.1,2.0,3.0,32.0,31.0,16.0,22.0,5.0,3.0,8.0,12.0,7.1,5.1,21.0,20.0,17.0,22.0
1772523784.3528469,14.0,6.1,19.8,11.9,41.4,30.7,3.1,5.1,9.0,8.2,4.1,4.1,24.2,32.4,25.5,24.7,9.1,11.2,32.0,36.4,32.0,31.3,26.3,32.0,5.1,6.1,6.1,10.0,28.0,27.0,33.0,29.0,6.1,4.0,3.0,4.0,39.0,41.6,5.1,2.0,31.4,31.0,18.8,20.8,4.0,2.0,11.0,7.1,7.1,4.1,17.2,18.2,18.0,19.2
1772523785.3533542,10.4,7.1,11.2,17.5,28.6,41.0,3.0,2.0,1.0,3.1,5.1,4.0,26.0,27.6,8.1,8.2,2.1,14.9,37.4,28.7,35.6,41.2,35.4,30.0,6.1,5.1,8.1,4.1,26.7,22.8,39.6,39.6,6.1,1.0,2.0,2.0,37.6,41.0,6.0,2.0,32.3,32.7,20.4,21.2,2.1,3.1,9.1,8.2,6.0,8.0,24.0,24.8,21.4,17.0
1772523786.3603837,13.1,8.9,18.2,17.2,33.3,37.6,3.0,5.0,20.0,16.0,5.0,3.0,27.7,29.7,20.0,20.8,10.1,9.1,35.3,34.7,39.2,37.3,40.2,23.0,11.1,4.0,9.0,7.0,36.0,29.6,33.3,35.6,4.0,3.0,2.0,2.0,40.0,44.6,2.0,3.0,31.4,30.3,24.0,22.0,2.0,2.0,9.0,10.0,8.0,7.1,15.0,15.2,23.2,18.0
1772523787.3611622,14.0,9.3,20.0,13.1,42.0,31.0,3.1,2.0,4.0,5.1,5.1,6.1,31.3,26.0,39.4,39.4,9.2,9.2,36.0,29.3,38.6,37.0,42.0,38.4,4.0,5.0,9.3,6.1,25.0,28.0,29.3,35.0,5.2,2.0,4.0,4.0,37.3,40.6,3.0,4.0,42.0,38.6,22.0,21.0,4.1,2.0,8.9,12.1,5.2,7.1,26.7,25.7,21.2,18.0
1772523788.3614984,13.3,9.2,14.4,14.1,39.0,27.7,4.0,4.0,6.2,10.2,2.0,6.1,31.7,31.0,26.5,25.3,8.2,10.0,29.6,32.3,37.3,36.6,34.0,40.6,3.1,3.1,8.9,6.1,28.3,30.3,21.8,26.0,4.1,4.0,1.0,2.0,35.0,48.5,2.0,3.0,40.6,38.0,24.2,20.8,3.0,2.0,8.1,6.1,9.0,7.1,10.1,9.3,25.0,15.0
1772523789.3615825,13.3,8.0,15.2,17.3,34.3,38.6,4.0,1.0,15.0,5.2,6.0,6.0,30.0,26.7,12.0,14.1,5.0,13.1,22.4,41.0,40.6,36.3,25.3,37.0,5.1,3.0,7.1,7.9,29.6,21.8,31.7,22.8,5.9,4.0,2.0,3.0,48.5,32.7,9.2,1.0,32.3,30.7,18.8,21.2,3.0,4.0,5.2,13.0,5.2,6.1,32.0,32.4,24.8,18.2
1772523790.3629608,14.0,6.1,15.3,17.0,42.4,31.0,6.1,3.0,10.1,13.1,5.1,5.1,32.0,30.3,17.2,16.2,13.3,9.2,42.2,29.7,36.6,36.0,37.6,34.0,4.0,6.0,10.0,6.1,28.3,32.0,39.2,43.0,3.0,4.0,4.0,5.1,43.0,38.4,5.2,4.0,21.0,23.0,25.3,17.8,3.0,1.0,13.0,6.1,6.1,7.1,13.0,12.2,22.0,18.2
1772523791.36325,12.2,9.9,12.2,15.3,41.0,34.7,5.1,2.0,4.0,3.1,5.1,5.1,25.3,28.0,33.0,33.3,8.2,9.1,33.0,32.0,33.3,40.0,29.3,47.5,5.1,4.0,8.1,8.9,23.8,30.0,41.0,41.6,3.0,7.8,1.0,5.1,40.6,37.3,6.2,3.0,23.2,22.8,20.0,26.3,2.0,5.0,8.9,9.0,7.9,7.1,29.0,28.7,19.4,19.0
1772523792.3649604,13.5,6.2,17.0,16.2,38.4,36.0,5.1,6.1,8.2,11.1,3.1,5.1,28.0,25.5,29.6,27.6,9.1,13.1,36.6,34.0,39.0,38.2,39.0,42.6,5.1,4.0,6.1,7.1,31.3,31.3,41.2,41.6,4.1,2.1,2.0,3.0,50.0,32.7,3.1,10.2,23.8,29.0,19.8,19.0,6.1,2.1,11.0,6.1,5.1,7.1,13.1,13.1,20.4,20.2
1772523793.366913,12.2,11.0,19.2,20.0,39.8,32.7,6.0,3.0,16.3,11.2,5.1,6.1,37.3,35.0,20.6,22.4,9.9,12.0,39.6,28.3,38.6,44.6,40.4,38.0,5.1,4.1,10.1,8.1,28.3,32.0,40.0,43.1,6.0,6.0,4.0,3.0,41.4,40.6,8.2,14.1,35.4,36.6,24.0,22.2,5.1,5.0,8.1,10.9,7.2,8.9,29.4,29.0,23.5,21.2
1772523794.3708966,12.0,8.0,13.3,17.2,32.7,40.6,3.0,2.0,4.1,5.1,3.0,4.0,29.0,24.8,19.2,19.2,9.2,9.0,31.7,33.3,35.3,34.0,39.2,29.3,3.0,5.9,10.0,6.1,28.4,25.0,41.7,19.8,3.0,3.1,2.0,2.0,38.8,42.0,4.0,2.0,41.2,41.6,16.0,24.8,3.0,3.0,9.9,8.2,6.9,7.0,14.9,15.2,19.2,18.0
1772523795.3731775,13.5,10.0,14.1,21.2,32.3,36.6,2.1,3.0,12.1,5.1,5.1,5.1,34.3,40.6,25.5,29.3,8.2,3.1,33.3,34.3,37.0,42.6,29.6,11.1,3.1,3.1,7.1,8.0,28.3,27.0,30.3,24.5,4.0,4.0,4.0,6.1,40.4,40.0,2.0,3.1,36.7,37.4,24.2,19.2,3.1,5.0,10.1,8.9,6.2,5.1,21.2,20.2,23.0,20.4
1772523796.3744783,12.2,9.0,22.2,17.0,28.6,45.6,3.0,3.0,5.2,9.2,5.1,5.0,29.0,35.6,21.4,21.2,9.1,16.0,37.4,29.7,40.6,37.3,33.7,26.7,6.0,6.9,7.1,11.1,33.0,32.7,13.0,26.7,6.0,5.0,4.0,3.0,40.2,42.0,3.0,5.0,32.4,31.0,26.7,26.7,2.0,4.1,11.0,8.0,8.1,7.1,20.8,22.8,22.8,26.0
1772523797.3796203,11.2,7.1,19.2,21.0,39.6,32.7,1.0,2.0,6.1,9.2,5.1,5.0,25.0,33.7,24.2,25.3,3.1,9.0,36.0,33.0,34.3,35.6,37.4,42.6,4.0,2.0,4.0,10.1,25.3,26.0,41.0,16.0,4.0,3.1,4.0,3.0,40.0,41.6,3.1,16.3,29.6,31.7,24.2,21.4,1.0,3.1,7.0,13.1,6.9,7.1,24.8,21.4,16.8,23.2
1772523798.388468,10.2,10.0,17.2,16.2,29.6,46.1,6.9,2.0,7.1,10.0,9.1,4.1,32.0,32.7,31.0,14.1,15.2,9.2,32.4,35.6,36.3,39.2,32.4,41.0,5.0,5.9,7.1,8.9,31.7,25.7,34.7,36.6,5.0,6.0,2.0,4.0,45.6,32.4,7.1,21.2,32.4,31.0,24.8,20.6,4.0,2.0,12.0,9.9,6.0,8.0,22.0,23.5,17.2,23.2
1772523799.39045,12.4,7.1,14.3,17.3,31.0,38.4,4.1,2.0,13.1,4.1,5.1,5.1,25.3,28.3,27.6,22.7,3.1,9.1,31.6,35.7,34.0,34.0,21.4,40.6,4.1,5.0,8.1,9.1,29.3,27.0,36.6,44.6,9.2,4.0,5.1,3.0,38.8,44.0,19.0,15.2,38.6,37.0,25.0,21.2,4.0,5.0,12.1,9.2,5.1,8.0,21.0,21.2,24.2,17.2
1772523800.3905354,13.1,9.1,20.2,18.4,30.3,41.7,4.1,3.0,3.1,10.1,4.1,3.0,39.6,31.7,17.2,28.6,4.1,10.1,24.0,38.0,35.6,39.2,36.6,44.0,6.0,2.0,8.9,6.1,30.3,31.0,39.0,43.0,9.2,4.0,5.1,3.1,42.6,38.0,4.1,7.1,40.0,41.0,20.0,21.2,1.0,3.0,8.1,8.9,6.1,4.1,18.2,18.0,17.2,19.0
1772523801.3918526,12.2,8.1,10.1,17.8,35.4,31.0,3.1,3.1,10.1,7.1,4.0,5.1,22.8,25.0,23.5,24.2,10.0,13.9,31.7,28.7,35.0,36.3,41.4,39.6,3.1,3.0,7.1,7.1,22.0,24.5,26.0,41.2,6.0,4.0,8.1,6.0,35.6,41.6,2.0,1.0,41.6,40.0,16.0,25.5,1.0,4.0,8.8,8.1,7.1,6.1,19.8,20.8,15.0,21.0
1772523802.3928692,14.3,7.1,16.3,18.4,44.0,34.7,8.0,2.0,4.1,10.2,7.0,4.0,25.5,31.6,25.5,19.4,5.1,8.2,27.3,37.4,37.6,39.6,29.7,41.0,6.1,5.0,11.0,5.2,26.3,28.0,23.0,32.3,6.1,3.1,4.1,1.0,49.0,32.0,7.1,3.0,39.8,41.6,16.2,22.2,3.0,2.0,8.2,6.1,6.1,7.0,24.8,26.5,14.1,23.5
1772523803.3932538,11.2,11.1,15.5,20.4,32.7,43.0,3.1,3.1,8.2,7.1,3.1,6.1,26.3,39.2,21.6,22.2,8.2,10.2,42.6,30.3,40.2,36.6,34.0,26.3,5.1,10.2,7.1,9.0,38.0,29.3,23.2,23.8,4.0,5.1,6.0,5.0,38.0,43.4,3.0,3.0,41.2,40.0,28.0,29.0,4.0,2.0,8.1,11.1,7.1,6.2,11.1,10.3,23.5,23.2
1772523804.3952813,14.1,10.0,18.8,19.4,37.4,33.3,4.0,3.1,14.1,12.2,6.1,5.0,31.7,29.3,20.4,32.7,18.0,15.2,35.0,35.0,36.6,39.6,42.0,37.0,4.0,8.0,7.1,9.1,27.0,29.0,39.2,38.6,6.1,3.0,4.0,4.1,48.0,32.7,4.1,4.0,33.3,32.7,23.5,25.3,2.0,4.0,11.0,10.2,6.1,8.1,31.7,26.5,25.7,16.7
1772523805.3994498,12.1,9.1,13.4,17.0,36.4,35.4,3.1,4.0,6.1,11.0,4.0,4.0,28.7,30.0,26.3,26.3,2.1,2.0,36.0,27.7,37.6,36.6,47.0,35.0,5.0,5.0,5.1,7.1,31.0,29.0,41.0,41.6,2.0,5.0,2.0,4.0,39.0,43.1,2.0,2.1,32.4,30.0,16.2,22.8,3.1,2.0,8.0,8.1,7.0,6.1,12.2,13.4,19.2,20.4
1772523806.400745,10.3,9.1,16.2,13.3,31.6,34.7,3.0,3.1,12.0,5.1,6.1,5.1,35.0,24.0,22.4,30.6,17.2,15.3,35.0,25.3,32.0,38.6,41.0,40.6,4.1,4.0,9.0,5.2,26.3,24.2,39.2,42.6,4.0,4.1,3.0,3.0,37.3,42.4,5.0,2.0,22.2,22.0,20.0,22.0,4.1,2.0,8.1,8.0,4.1,8.1,29.7,32.4,18.0,19.8
1772523807.4012532,15.7,11.0,19.2,19.4,33.7,45.6,6.0,2.0,4.1,11.1,4.0,5.0,37.0,29.0,19.6,17.5,3.1,3.1,37.6,34.0,41.2,40.0,31.0,35.0,5.0,4.1,8.1,9.0,37.6,32.7,41.0,40.6,3.0,5.1,6.1,3.0,41.0,40.0,2.0,2.0,22.0,20.4,27.3,22.2,5.1,1.0,9.2,9.2,7.1,5.1,11.0,7.1,20.4,22.4
1772523808.4013479,16.0,10.0,17.2,18.0,28.3,35.0,3.1,4.0,12.1,6.1,6.1,4.1,29.3,30.6,25.5,17.2,18.2,14.9,23.2,37.4,39.0,40.2,20.2,24.2,5.9,3.0,9.9,6.1,27.6,27.3,42.2,37.6,3.0,3.0,4.0,1.0,31.0,48.0,2.1,3.0,20.2,27.7,21.0,25.0,4.0,2.0,8.0,10.0,8.0,7.1,29.0,31.0,20.0,21.4
1772523809.403608,10.3,9.1,17.2,18.0,50.5,27.7,2.0,3.0,9.1,3.1,4.0,6.0,25.7,37.9,23.8,19.6,2.0,3.0,34.0,32.7,37.9,38.2,22.2,38.6,6.1,3.0,10.1,6.0,25.7,32.4,42.2,21.8,5.1,5.0,3.1,5.0,39.6,44.0,2.0,2.0,21.0,20.8,24.2,21.0,3.0,3.0,11.0,6.1,6.1,5.1,14.9,18.0,16.0,22.0
1772523810.4092994,14.9,8.0,16.0,21.2,39.6,33.3,3.0,5.0,7.1,12.9,6.9,5.0,33.7,28.3,20.2,33.0,19.0,9.1,33.0,33.3,39.2,37.3,39.2,39.6,4.0,4.0,10.9,8.0,27.7,31.7,40.6,28.7,6.0,5.0,4.0,1.0,42.2,38.6,4.0,2.0,28.4,24.0,24.5,21.8,2.0,3.0,11.0,7.0,7.0,8.9,22.0,22.8,23.8,21.0
1772523811.4100964,12.4,9.2,14.3,19.0,36.1,46.0,2.1,3.1,6.1,9.4,4.1,6.1,28.6,27.3,19.6,22.4,6.1,4.1,37.6,27.3,30.6,37.0,42.4,37.8,4.1,6.1,4.1,7.1,26.3,27.6,32.0,37.0,4.1,4.1,3.0,1.0,34.3,46.5,1.1,3.1,31.3,30.6,21.2,21.2,4.0,3.1,11.3,3.1,6.1,5.2,18.4,18.2,18.6,19.4
1772523812.410916,12.9,10.0,17.3,15.3,36.4,35.0,4.0,3.0,7.2,17.2,6.0,5.1,30.7,32.0,30.6,22.7,20.2,11.1,37.0,29.0,36.6,39.6,39.4,37.0,5.1,3.0,12.1,7.1,33.3,28.7,23.0,40.2,5.0,6.1,1.0,4.0,41.2,38.0,3.1,3.1,39.0,40.6,27.0,20.8,5.0,4.0,9.1,9.3,6.1,7.1,26.0,27.3,23.8,16.2
1772523813.4114325,12.4,7.1,15.3,16.0,37.0,36.3,7.1,3.0,4.0,4.1,5.1,6.0,22.2,33.0,21.4,22.4,4.1,4.1,32.0,33.7,37.3,36.6,39.0,21.2,4.0,2.0,6.1,7.1,27.3,24.2,30.0,28.3,1.0,3.1,4.1,3.0,39.8,45.5,10.2,4.0,40.0,41.6,24.0,21.4,4.1,0.0,10.1,7.0,7.1,6.1,21.2,22.8,17.3,18.2
1772523814.4128802,11.3,8.2,26.3,14.3,33.7,39.0,6.1,2.0,12.2,7.1,4.0,6.1,36.6,28.3,30.0,28.6,13.1,14.3,33.3,37.4,35.0,39.0,36.0,33.3,7.1,3.0,9.1,8.0,29.7,29.0,32.0,39.2,2.0,8.1,6.0,4.1,41.2,40.0,14.1,8.2,33.7,32.3,23.2,24.0,3.0,2.0,12.1,9.0,6.1,7.1,19.0,18.2,27.0,16.8
1772523815.4140487,10.4,10.1,17.3,14.3,41.6,31.7,2.0,2.0,15.3,4.1,5.0,3.0,30.0,29.7,21.6,19.6,5.1,8.0,30.7,34.7,38.6,38.2,41.0,40.6,3.0,4.0,4.0,7.1,26.3,29.3,38.6,35.0,4.0,3.0,2.0,4.0,35.4,44.6,2.0,2.1,32.0,30.3,24.0,20.0,6.0,2.0,10.0,4.1,5.1,7.9,27.0,24.8,18.4,15.3
1772523816.414355,13.0,8.0,18.8,18.4,39.4,33.0,4.0,2.0,10.0,2.1,4.0,5.0,27.0,29.0,11.1,17.0,1.0,2.0,34.7,32.0,38.2,37.0,35.6,41.0,3.0,2.0,9.1,7.1,22.0,26.7,31.0,30.7,2.0,3.0,2.0,1.0,37.6,40.6,3.0,4.0,32.0,32.0,24.0,20.0,2.0,4.0,9.2,9.9,5.1,5.1,3.1,4.1,16.8,21.2
1772523817.4198892,11.5,14.1,17.3,18.2,38.4,36.3,2.0,4.0,6.0,5.0,5.1,4.0,27.7,34.0,23.5,19.4,16.2,18.4,33.3,32.7,38.6,37.3,31.0,29.7,4.0,7.8,10.0,11.0,30.0,28.0,33.0,37.6,5.1,3.0,1.0,4.0,40.8,43.0,3.0,2.0,30.0,31.0,26.0,17.8,4.0,4.0,5.1,8.2,7.9,7.1,32.4,31.7,20.2,19.0
1772523818.4290621,9.9,7.1,17.2,15.0,45.0,31.7,5.0,2.0,9.0,2.0,3.0,3.1,29.7,31.4,36.0,39.0,2.0,4.0,34.3,30.3,35.6,38.2,30.7,41.6,4.0,3.0,6.0,7.0,36.6,24.8,26.5,32.7,5.9,3.0,3.0,3.0,38.6,39.2,4.0,3.0,39.0,40.6,23.0,17.0,3.0,4.0,5.9,10.0,5.0,7.9,6.1,7.9,21.0,18.0
1772523819.435509,13.3,8.0,16.2,16.0,35.4,36.3,5.0,2.0,14.0,14.1,4.0,5.1,32.3,28.0,18.7,21.6,15.5,16.2,30.3,35.0,37.9,38.2,21.2,41.6,4.0,3.0,5.1,9.1,27.7,25.7,13.0,29.7,4.0,3.1,5.1,3.0,40.0,41.6,2.0,4.1,39.6,41.2,24.5,17.0,2.1,3.1,9.1,10.0,8.0,8.0,28.0,31.7,18.2,19.2
1772523820.4359262,14.9,8.0,21.8,21.0,43.4,35.3,5.1,8.1,3.1,9.0,4.1,5.1,29.7,35.0,12.0,16.2,5.0,4.1,31.7,38.0,37.3,39.6,32.7,30.3,5.0,7.0,6.0,11.1,27.3,33.7,32.7,42.6,4.0,6.9,4.0,4.0,37.9,41.6,20.0,13.4,41.2,39.6,22.8,26.5,10.0,5.0,8.1,12.1,5.1,8.1,14.0,13.1,24.8,22.2
1772523821.4378257,13.1,9.2,12.4,18.4,42.0,29.3,5.1,3.0,5.2,3.1,6.1,6.1,35.7,23.0,30.6,27.3,20.4,13.1,32.0,36.0,36.3,40.0,31.6,35.0,5.0,3.1,8.1,10.1,35.6,25.3,31.0,41.6,3.1,2.1,2.0,3.1,29.6,50.0,21.6,26.3,40.6,41.0,27.3,15.2,2.0,5.1,9.0,10.2,7.1,8.1,29.7,30.3,20.4,23.2
1772523822.4385457,10.2,9.0,17.0,15.3,40.8,33.7,4.1,1.0,13.1,14.0,7.1,4.1,27.0,28.3,38.1,35.1,4.1,2.1,37.4,33.0,34.3,38.2,41.6,40.6,3.1,6.0,6.1,6.1,31.3,28.0,32.7,42.2,3.1,5.1,2.0,3.1,36.3,45.0,5.1,6.1,40.4,41.0,18.4,21.0,3.1,1.0,7.0,10.0,6.1,6.1,13.3,13.1,17.2,20.0
1772523823.4386282,10.3,7.1,15.2,15.2,35.0,36.6,2.0,6.1,9.3,5.2,3.1,4.0,23.2,33.0,17.3,16.2,15.2,17.2,34.7,29.3,36.3,37.0,43.0,38.4,4.0,5.1,8.2,7.1,33.0,25.0,40.0,40.6,3.0,3.1,2.0,4.0,30.3,46.0,1.0,2.0,37.0,40.0,20.0,23.0,3.0,3.0,8.2,6.1,6.0,8.1,24.8,26.0,19.2,19.2
1772523824.4405675,12.9,9.1,16.2,16.2,32.0,39.6,5.0,3.1,6.9,10.1,4.1,5.0,29.3,25.3,11.0,6.2,3.1,3.0,33.7,31.7,31.7,38.6,34.3,44.6,5.1,2.0,3.0,7.1,25.5,21.4,42.2,35.6,3.0,4.0,3.0,3.1,40.2,45.1,7.1,3.0,31.0,31.0,24.0,19.4,2.0,2.0,8.0,9.1,7.1,4.1,8.2,10.2,20.4,15.2
1772523825.44342,12.0,9.1,16.2,16.2,30.9,38.0,3.1,3.0,5.0,3.1,7.9,1.0,33.7,25.7,30.0,23.2,2.0,10.1,35.6,36.0,41.0,35.6,44.0,32.0,3.0,7.0,10.0,4.0,32.0,31.7,41.6,41.2,3.1,6.0,3.1,3.0,42.0,39.0,1.0,2.0,23.0,24.8,26.0,24.8,5.1,3.1,9.1,8.0,6.1,9.0,26.5,27.0,24.0,22.4
1772523826.4441829,14.0,9.1,15.3,15.2,39.6,34.7,3.0,2.0,9.3,13.3,4.1,6.1,36.0,32.0,38.1,39.2,16.3,11.1,39.4,30.3,36.6,38.6,37.0,24.2,4.0,6.0,8.1,7.0,25.5,31.0,41.2,40.6,4.0,2.0,2.0,3.1,36.0,45.0,6.1,2.0,21.0,20.8,26.3,20.0,3.1,2.0,10.0,8.2,7.1,6.1,15.2,14.9,23.0,18.0
1772523827.444272,12.2,11.0,15.3,20.2,38.8,36.6,2.1,3.1,10.2,4.1,5.1,3.1,35.0,30.0,21.4,22.4,8.1,14.3,30.7,36.3,40.6,38.0,44.6,33.0,3.1,4.1,7.0,10.3,24.8,37.0,39.4,41.2,5.1,7.1,3.1,5.0,47.5,29.7,4.0,3.1,16.2,12.4,25.0,26.3,2.0,6.1,10.1,10.1,6.0,7.2,23.2,26.5,22.0,24.2
1772523828.4475484,10.3,7.1,13.0,14.1,38.0,29.4,5.1,2.0,10.0,5.1,5.1,3.0,28.7,27.7,2.0,8.0,9.0,10.9,35.0,27.6,35.3,31.1,43.0,37.3,6.0,2.0,7.1,6.9,28.0,27.0,25.0,32.7,5.0,4.0,3.0,4.1,42.6,43.6,4.0,4.0,22.0,23.3,17.8,15.0,5.1,5.0,7.0,10.9,5.1,7.9,13.0,15.8,18.0,20.8
1772523829.4506,11.2,8.1,16.3,21.2,41.0,33.0,3.0,2.0,4.1,4.1,6.0,5.1,31.0,29.3,19.4,23.0,3.1,5.1,32.0,33.0,39.6,38.0,26.0,45.0,4.0,5.1,5.1,6.1,27.3,28.7,32.7,32.7,4.1,5.0,2.0,2.0,38.0,42.6,2.0,5.0,24.0,29.7,28.0,26.7,3.0,3.0,9.1,9.2,8.0,7.1,15.2,16.2,23.0,19.2
1772523830.4520001,14.0,7.1,15.2,18.0,26.3,43.6,5.1,7.1,12.2,14.1,6.1,5.0,30.3,29.0,37.8,47.4,13.3,20.0,31.7,32.0,40.2,39.6,22.8,21.0,2.0,6.0,8.1,8.2,29.0,31.0,38.6,41.0,4.0,2.1,3.1,3.0,39.2,38.4,3.0,3.0,31.7,31.3,25.0,20.8,2.0,3.0,8.1,8.0,7.1,6.1,27.7,29.0,24.0,19.2
1772523831.4527366,14.0,10.1,22.2,17.3,42.0,33.7,4.1,4.0,5.1,11.2,5.1,5.1,29.0,31.0,24.5,24.5,7.1,12.4,36.0,34.0,36.6,39.6,23.2,17.0,5.1,2.0,8.1,6.1,29.0,31.3,40.0,41.6,6.0,3.0,7.1,0.0,39.8,38.8,3.1,2.1,39.0,42.6,22.2,21.2,4.0,2.1,10.1,9.1,5.1,8.2,16.2,19.2,23.5,20.4
1772523832.458323,12.1,13.0,11.3,20.2,32.7,37.6,4.0,6.1,7.1,10.0,6.0,4.0,27.3,32.7,8.1,10.1,10.1,9.1,34.7,33.7,34.3,38.6,33.0,31.0,6.0,5.0,7.0,8.1,31.0,31.0,25.7,40.6,2.0,4.0,5.1,4.0,46.1,38.0,1.0,6.1,41.2,40.6,22.0,17.0,5.1,3.0,7.9,11.1,7.1,6.1,26.7,26.0,18.8,22.8
1772523833.458908,13.3,8.0,19.2,14.1,27.3,48.5,2.0,4.1,9.1,8.1,5.1,5.0,31.7,32.3,18.4,27.6,7.1,6.1,37.8,28.3,38.6,38.6,40.6,41.0,5.0,5.1,5.1,10.0,24.5,31.0,14.1,27.0,5.1,2.0,5.0,6.1,31.4,47.5,3.1,2.0,35.0,35.0,19.0,26.3,4.0,4.1,6.1,11.0,7.1,6.1,12.0,14.1,23.0,19.4
1772523834.4589918,13.3,8.2,17.2,16.3,34.7,35.6,5.1,3.0,9.2,15.5,5.2,4.1,27.6,29.3,37.4,43.4,11.2,16.0,36.0,32.3,37.6,38.0,38.4,43.4,4.1,4.0,6.2,10.2,29.3,30.6,37.6,40.0,7.1,3.0,6.1,1.0,42.0,37.6,3.1,2.1,30.0,31.7,20.0,24.2,3.0,4.0,9.1,10.2,6.1,6.1,30.0,28.0,22.4,15.3
1772523835.4601676,16.0,8.0,20.0,19.2,43.4,34.3,2.0,5.0,10.2,4.1,4.1,5.1,35.6,31.3,21.9,26.3,8.2,11.2,36.6,35.0,38.6,36.3,35.4,42.0,3.1,6.1,6.1,9.0,30.0,35.6,22.8,40.6,7.0,4.0,1.0,4.0,46.5,35.0,7.0,17.3,31.3,30.3,25.7,26.0,3.1,9.0,10.2,10.0,9.0,8.2,14.9,16.0,26.0,23.0
1772523836.4609993,14.1,5.1,15.5,17.2,37.1,31.0,5.0,2.1,2.1,6.1,5.1,4.1,28.3,32.4,4.0,11.2,10.9,10.3,38.0,29.3,38.0,35.3,45.0,25.0,5.1,3.1,8.2,7.1,25.3,26.5,39.6,40.6,3.1,2.0,4.0,2.0,38.6,41.4,8.2,5.1,31.6,35.6,15.3,22.0,3.0,2.0,9.0,8.1,5.1,4.1,28.0,30.0,20.2,16.2
1772523837.463345,17.0,11.0,19.0,15.3,37.0,35.0,3.0,3.1,12.1,10.0,3.0,6.1,33.0,24.0,19.4,32.3,9.1,4.0,36.4,33.0,38.6,37.6,20.0,40.4,6.9,3.0,8.1,9.0,29.3,28.7,41.0,39.6,5.1,4.1,4.0,7.0,38.6,45.5,3.1,6.1,43.1,39.4,25.0,22.8,9.1,4.0,9.1,10.1,7.0,7.1,11.0,12.2,24.2,18.0
1772523838.4650612,10.3,11.0,14.1,24.2,34.0,45.5,4.1,6.1,8.2,10.1,7.0,5.1,36.0,35.0,40.2,38.8,16.0,13.1,31.7,38.2,36.6,40.0,41.6,37.4,4.1,5.0,7.2,9.1,34.0,37.0,41.2,41.6,3.0,3.0,2.1,1.0,47.0,33.0,3.1,3.0,41.0,40.0,32.3,19.2,3.1,3.0,11.0,12.1,7.1,7.1,29.0,27.0,20.0,23.2
1772523839.4651446,27.0,22.0,17.0,15.0,37.6,33.7,4.0,3.0,9.1,4.1,4.1,4.0,29.0,25.5,21.2,20.4,8.2,4.0,35.6,33.0,37.3,36.9,36.4,37.6,3.1,3.0,9.0,5.1,25.0,29.0,41.6,40.6,4.0,4.0,1.0,5.1,41.6,41.6,2.1,4.0,40.0,41.2,22.8,20.0,3.0,5.1,8.2,6.1,5.1,7.0,16.8,15.2,18.0,19.4
1772523840.4658427,31.0,10.1,16.5,18.8,41.2,33.0,5.0,2.0,13.1,12.4,5.1,4.1,28.3,31.7,5.1,8.2,10.1,16.2,36.0,34.3,35.6,40.6,32.3,29.6,4.0,3.1,5.1,7.1,28.3,24.0,42.6,38.6,3.1,4.0,3.0,2.1,38.0,44.0,2.1,2.1,41.0,41.4,26.5,18.4,4.0,4.1,9.1,6.1,7.2,6.1,25.0,27.7,21.4,18.4
1772523841.4675152,14.0,9.0,18.0,15.2,42.0,29.0,4.1,3.0,4.1,5.0,5.0,5.1,29.0,35.0,31.3,29.0,10.1,6.1,37.0,36.4,37.0,38.4,35.0,40.6,4.0,4.0,8.1,9.0,30.0,32.0,41.6,35.6,6.1,4.1,5.1,4.0,26.0,55.4,13.1,11.1,32.7,32.7,27.0,20.0,3.1,3.1,9.1,9.0,8.1,7.0,16.2,15.2,24.0,21.0
1772523842.4679136,12.4,9.1,18.4,20.4,42.4,29.1,5.0,4.0,12.1,9.3,4.1,4.0,28.0,32.3,37.1,41.8,15.2,7.0,32.3,34.7,36.9,37.6,24.0,41.0,6.9,5.0,7.9,6.1,33.7,29.7,32.0,26.0,5.1,2.0,3.0,4.0,39.6,40.2,16.3,19.2,31.7,31.4,30.0,25.0,2.0,4.0,12.0,8.1,7.9,7.1,21.6,24.8,22.0,20.0
1772523843.4679892,14.3,6.1,18.2,18.0,40.4,33.0,2.1,2.1,3.1,3.1,5.1,6.0,36.6,30.3,19.6,20.6,2.1,8.1,35.0,33.7,37.0,38.0,23.2,41.6,9.2,8.1,9.1,7.0,21.2,33.7,40.6,36.0,5.1,6.0,3.1,2.0,39.6,41.0,15.5,2.1,32.0,32.0,18.2,27.7,4.0,3.1,11.1,10.0,8.1,8.9,18.2,17.0,20.4,23.5
1772523844.468521,9.6,9.1,13.3,18.4,40.0,32.0,4.0,6.1,13.0,13.0,4.1,6.0,28.6,37.6,3.1,6.1,19.2,13.1,32.7,37.0,37.6,38.6,31.0,31.0,10.1,5.2,7.1,7.1,24.0,37.0,43.6,38.0,1.0,4.1,3.0,2.0,44.4,37.0,8.0,8.2,31.0,32.0,25.3,17.2,1.0,3.1,10.1,8.2,7.1,4.1,14.4,17.7,21.0,21.4
1772523845.4686105,15.5,9.2,14.3,17.0,32.3,37.6,4.0,2.0,3.0,5.1,5.1,3.1,35.6,25.7,34.0,30.3,3.0,3.1,32.0,34.3,37.3,38.2,36.4,32.3,3.0,7.9,7.9,8.0,30.0,27.7,43.1,38.0,4.0,9.1,3.1,0.0,37.3,45.1,3.0,4.0,40.0,33.7,26.5,23.0,5.0,4.0,9.0,8.2,7.1,8.1,21.8,24.3,18.2,23.0
1772523846.4726691,12.2,11.1,20.4,14.3,40.6,33.0,6.1,4.0,14.1,14.4,3.1,10.1,31.3,28.3,41.8,39.6,17.3,16.2,35.4,33.7,37.6,35.4,38.4,47.0,4.0,5.0,6.1,11.1,32.3,30.0,42.6,39.6,2.0,5.2,4.0,4.0,33.0,48.5,3.0,7.1,30.0,32.0,21.0,24.2,1.0,2.0,8.2,9.0,9.1,6.1,19.4,18.4,18.4,23.2
1772523847.4743452,14.3,8.0,17.2,16.5,35.7,35.6,27.6,2.0,10.2,4.1,6.0,4.1,32.0,24.2,19.4,23.0,8.2,10.2,34.0,35.0,36.6,38.8,37.0,44.0,4.1,4.1,6.1,8.1,31.0,25.0,41.0,19.8,3.0,7.0,3.0,3.0,23.8,52.9,3.0,4.0,22.8,23.0,24.0,19.0,3.0,5.1,7.1,10.1,8.9,4.0,24.8,23.0,15.0,22.2
1772523848.4758549,11.2,8.2,19.0,18.2,44.0,35.3,30.7,3.0,7.0,10.1,6.1,7.0,27.7,37.3,5.0,8.1,11.0,9.2,34.7,34.0,38.2,41.6,45.1,34.7,9.1,5.0,9.1,8.9,30.0,31.3,21.0,15.2,4.1,5.1,3.0,2.0,34.0,48.0,2.0,3.1,21.0,22.8,26.3,28.0,3.0,4.0,10.0,13.0,6.2,6.1,14.1,14.3,26.3,19.0
1772523849.4770067,12.2,10.0,15.2,19.2,38.4,31.0,4.1,3.1,5.1,5.1,5.0,4.1,36.7,26.0,20.4,30.3,4.0,3.0,35.4,37.0,37.6,41.0,37.4,17.3,8.2,4.0,11.0,7.1,32.7,39.2,21.0,32.0,1.0,4.0,4.0,1.0,32.0,45.5,4.0,1.0,22.0,22.8,20.8,23.2,5.0,2.0,8.2,8.0,7.0,6.1,27.7,25.7,19.8,21.0
1772523850.4770918,13.1,5.1,11.1,16.0,27.6,44.6,5.0,3.0,8.1,15.2,5.1,2.0,24.0,25.5,37.1,40.2,15.3,18.2,35.6,29.0,32.3,34.7,30.0,21.0,5.0,4.0,7.1,5.1,18.2,22.2,40.6,41.6,4.0,3.1,1.0,2.0,43.6,36.0,2.0,2.0,32.7,30.3,13.1,23.0,1.0,4.0,6.1,5.1,6.0,8.0,6.1,8.1,19.0,14.3
1772523851.477191,15.0,10.1,21.2,22.2,39.0,37.0,4.0,3.1,10.3,5.1,7.1,4.0,34.0,31.3,24.7,26.3,4.1,7.1,36.4,32.3,40.2,40.6,24.2,37.0,6.9,4.0,10.2,7.1,31.7,33.0,42.6,40.6,5.1,4.0,7.1,5.1,42.0,40.6,6.2,2.0,34.0,41.0,23.2,29.7,3.0,4.0,10.9,10.2,6.1,7.2,32.4,34.0,26.3,23.8
1772523852.4784908,13.3,8.1,22.0,13.1,42.4,36.6,5.0,3.1,5.1,12.5,6.1,8.2,37.0,25.0,13.3,11.2,15.3,12.1,41.6,30.7,41.2,40.2,23.8,26.0,5.1,4.1,9.1,7.1,38.0,20.0,41.6,40.6,5.1,4.0,3.0,3.0,22.0,61.0,3.0,4.0,30.7,30.0,26.7,19.0,7.2,3.0,9.0,13.9,9.0,7.1,14.1,15.0,17.2,27.3
1772523853.480062,13.0,10.3,19.2,20.4,45.5,32.0,6.1,6.2,14.9,12.4,8.0,6.1,35.6,31.7,32.3,36.7,14.1,17.5,32.0,42.6,39.0,39.6,20.2,32.7,3.1,7.0,9.1,11.1,41.0,34.0,41.6,41.2,7.1,4.1,5.1,6.0,21.0,60.8,6.0,3.1,32.3,31.3,29.0,24.0,4.0,5.1,10.2,10.3,7.2,8.1,33.3,34.7,24.0,24.2
1772523854.4801416,13.6,12.0,19.4,17.2,39.8,40.6,5.1,3.0,7.1,14.1,7.1,6.1,34.0,34.0,33.0,34.7,5.1,7.1,39.6,28.3,40.2,41.6,26.3,40.4,6.0,5.1,11.1,6.1,27.3,28.3,20.2,42.0,4.1,6.0,8.1,7.1,20.0,59.8,4.2,2.1,33.3,33.3,28.6,26.0,5.1,5.1,9.2,10.0,9.0,6.3,13.3,17.8,21.2,23.2
1772523855.4802272,12.9,11.2,19.4,20.0,31.3,44.6,5.1,3.0,4.1,10.0,4.1,4.0,28.6,38.0,19.4,16.3,10.1,13.1,34.3,37.4,38.2,40.0,41.2,41.0,3.0,6.1,8.0,7.1,33.3,34.0,23.8,34.7,4.0,3.0,8.2,10.1,41.6,38.4,11.1,10.3,39.6,42.6,24.0,23.2,2.0,3.1,10.1,10.1,4.1,9.0,28.7,31.0,25.5,22.0
1772523856.480298,10.5,9.0,15.0,19.2,38.6,36.6,5.1,1.0,11.1,4.1,7.1,5.1,30.0,27.0,13.3,16.3,8.1,10.1,33.0,33.7,35.6,39.2,42.4,38.0,4.0,3.0,6.1,8.0,22.8,33.0,21.2,39.0,8.1,4.0,4.1,3.0,54.9,28.0,7.2,7.1,42.0,39.4,23.0,19.0,4.0,1.0,7.0,8.1,6.1,5.1,20.2,20.4,22.2,16.2
1772523857.4832208,12.2,8.9,10.4,12.2,29.6,39.6,4.0,2.0,14.1,12.0,4.0,4.0,30.0,22.2,28.3,28.3,11.1,7.1,31.7,32.0,34.7,33.7,33.0,36.0,4.1,3.0,8.1,8.1,22.4,28.0,30.7,26.0,3.0,5.1,2.0,2.0,31.7,51.5,7.9,2.0,40.6,40.6,13.1,19.8,4.1,3.0,7.1,6.1,7.0,5.1,21.0,22.5,20.0,18.2
1772523858.4835446,14.1,7.1,20.2,23.2,35.4,43.1,6.2,4.0,9.2,10.3,5.1,5.0,34.0,32.7,34.3,32.7,8.2,9.0,32.0,38.0,35.6,39.6,42.6,20.0,3.1,5.1,8.0,5.1,31.7,30.7,38.2,23.8,3.0,6.9,7.1,2.0,40.6,41.6,3.1,2.0,35.0,34.7,22.8,25.3,4.0,3.0,8.1,15.0,6.1,7.0,24.8,24.0,23.2,21.0
1772523859.4836252,13.1,10.1,17.2,17.3,33.0,42.6,3.0,3.1,1.0,3.1,3.1,6.1,32.3,28.3,15.5,18.0,11.0,10.1,28.0,33.0,38.0,41.2,37.0,33.0,5.0,4.0,5.1,7.1,32.0,26.5,37.0,38.4,2.1,1.0,3.0,7.1,40.4,40.0,4.1,7.1,31.7,30.7,22.0,27.0,3.0,3.1,10.9,10.2,5.1,7.0,15.3,17.2,17.0,23.0
1772523860.4844766,13.4,10.1,19.2,17.3,40.8,35.0,4.1,1.0,4.1,9.1,4.1,5.1,35.6,29.7,15.3,13.3,9.1,9.2,38.4,38.0,35.6,40.0,24.0,35.4,5.1,3.1,9.1,9.0,27.3,32.4,40.0,42.6,5.1,7.0,2.0,6.1,40.0,41.6,2.1,9.2,32.7,30.3,26.3,22.0,5.1,3.0,7.2,9.2,7.1,6.2,23.8,23.0,18.0,26.0
1772523861.4870155,12.2,9.1,14.0,18.2,33.0,40.6,3.0,4.0,12.1,20.2,3.0,6.1,26.0,33.3,27.0,33.3,13.1,7.1,33.7,30.3,37.6,37.6,36.4,43.0,5.1,5.0,6.9,11.9,31.0,28.7,34.7,36.6,6.9,4.0,2.0,8.1,36.6,44.6,5.0,3.1,30.7,31.0,23.2,24.2,3.0,3.0,7.1,10.9,7.1,8.0,19.0,20.4,30.0,17.2
1772523862.4907825,14.1,12.2,23.5,15.3,40.4,35.0,4.0,2.0,10.1,3.1,3.1,6.9,29.3,30.7,31.2,33.3,9.2,9.1,33.7,41.6,36.6,43.7,31.0,40.6,4.0,5.0,9.2,6.2,30.0,32.3,14.1,12.0,4.0,6.0,2.0,6.1,37.0,40.6,8.2,17.2,38.0,39.2,27.0,25.5,2.0,3.1,9.1,9.2,7.1,7.0,15.3,16.0,17.0,23.7
1772523863.4908657,11.2,9.0,17.2,17.2,38.0,35.6,4.0,3.1,4.1,4.0,5.1,8.2,38.6,24.2,18.6,19.6,13.1,2.1,32.0,38.0,36.6,38.6,22.0,41.6,5.1,5.1,8.1,7.9,29.0,32.3,26.0,19.2,7.1,3.1,9.2,5.1,34.0,47.5,20.2,13.3,41.0,40.4,16.3,24.2,5.2,3.1,11.0,12.0,7.1,6.1,24.2,26.7,24.2,20.0
1772523864.4909496,10.2,13.1,16.3,18.2,34.3,43.1,3.1,6.1,10.3,12.1,5.0,4.1,27.0,34.3,15.3,17.2,10.1,14.0,30.3,31.3,34.7,38.6,33.0,42.4,4.1,3.1,11.1,6.1,31.3,24.0,41.6,16.8,4.1,5.0,2.0,3.0,29.0,50.0,12.1,3.0,36.0,37.6,24.5,24.2,4.0,3.0,9.1,10.1,7.1,6.2,16.8,18.2,20.4,21.4
1772523865.491818,14.1,9.1,22.2,16.2,48.0,29.0,6.0,1.0,7.3,20.2,6.1,6.0,30.3,33.7,30.3,34.3,7.1,14.1,39.0,38.6,38.6,40.0,40.0,38.6,5.1,5.1,12.0,6.1,32.4,30.3,40.6,2.0,4.0,7.0,3.0,6.1,41.6,42.6,15.2,7.1,31.7,30.3,25.0,23.0,6.1,6.0,13.1,8.1,7.1,8.1,24.0,26.0,21.0,24.0
1772523866.4919124,10.4,5.1,9.3,15.3,33.3,31.0,4.0,1.0,5.0,3.0,6.0,4.0,31.3,27.0,31.3,30.9,9.2,7.2,26.0,30.7,36.6,35.0,32.0,26.0,6.0,4.0,7.1,6.9,23.2,23.0,44.6,36.6,3.0,2.1,3.0,3.0,40.6,36.0,2.0,4.0,31.7,31.4,19.2,13.1,3.0,1.0,5.1,7.2,6.1,6.1,14.0,16.2,21.4,16.0
1772523867.4920838,16.3,9.0,19.0,18.0,47.5,28.7,5.1,5.0,4.1,5.1,5.1,5.1,30.0,29.0,18.4,16.7,16.0,3.1,36.3,36.7,38.2,40.2,37.4,35.4,7.0,5.1,6.1,8.2,36.4,29.0,40.6,41.6,5.1,6.0,2.0,2.1,41.0,42.2,3.1,3.1,31.0,31.3,28.3,22.2,4.0,5.9,9.0,10.9,7.1,9.1,24.2,25.0,20.2,24.5
1772523868.4930074,14.6,11.1,16.3,16.2,45.0,31.0,4.0,2.0,10.3,5.1,5.0,6.0,25.3,34.0,13.1,17.0,9.2,8.1,33.0,34.7,34.0,38.2,44.6,37.6,6.1,3.0,10.0,8.9,26.7,29.3,42.2,39.6,5.0,4.0,5.0,5.9,40.2,42.0,3.1,3.1,34.7,39.2,25.0,18.0,7.1,1.0,12.1,8.1,5.1,7.1,13.9,13.0,22.0,20.8
1772523869.497128,15.7,12.2,19.0,25.3,35.7,34.3,4.1,4.1,18.2,14.4,5.2,4.1,34.7,35.0,25.8,37.4,9.3,13.0,28.6,46.0,43.6,41.6,44.0,36.0,6.1,5.1,6.1,10.1,34.0,34.3,40.0,42.6,5.1,7.1,4.1,6.2,44.1,38.0,3.1,3.1,27.0,27.3,25.0,31.7,5.1,4.1,12.0,10.2,9.1,7.2,31.0,30.3,26.5,26.3
1772523870.4987352,15.0,8.1,18.2,16.2,36.0,40.6,5.0,5.1,2.0,4.0,6.1,4.0,23.0,33.3,33.3,30.6,4.0,16.2,30.0,33.3,35.3,38.0,41.0,39.4,6.0,3.0,8.1,10.0,30.0,26.0,35.0,45.1,7.1,3.0,6.0,2.0,40.4,39.0,3.0,2.0,20.2,23.0,20.0,20.2,4.0,3.0,8.1,7.1,6.1,6.9,12.0,11.2,15.8,21.2
1772523871.50182,13.3,9.2,17.3,16.3,41.0,31.3,5.9,4.0,11.1,6.2,6.1,5.0,31.7,31.7,22.7,20.4,12.2,7.1,37.0,30.7,36.6,37.3,23.8,21.0,5.1,2.0,8.0,9.1,29.3,28.3,42.2,21.0,3.0,6.1,1.0,2.0,53.5,29.7,3.0,8.0,22.0,23.0,18.2,25.0,5.1,3.0,8.1,9.0,9.0,6.1,29.7,27.7,21.2,22.2
1772523872.5032284,13.1,9.0,14.0,23.0,40.8,39.2,5.1,5.1,12.2,13.9,8.1,5.1,33.3,33.0,21.0,15.2,10.1,10.0,33.7,41.0,40.0,40.2,21.4,13.0,7.0,4.0,6.0,9.1,32.7,32.0,37.6,34.0,3.1,7.0,3.1,3.1,40.6,38.6,3.1,5.1,28.3,25.3,26.7,26.0,4.0,1.0,8.9,11.0,7.1,8.0,13.1,15.2,25.3,19.2
1772523873.5033162,14.9,10.2,19.4,19.0,35.0,33.0,8.1,4.0,7.1,11.2,6.1,5.1,28.0,30.3,32.7,28.0,10.2,8.2,43.0,29.3,35.6,37.0,22.2,28.3,5.1,4.0,9.2,7.1,32.3,24.2,38.0,43.6,6.1,5.0,7.1,5.1,26.3,55.4,5.1,3.1,35.0,36.0,22.8,23.2,3.1,3.1,9.1,12.2,7.1,6.2,23.0,24.8,20.8,26.5
1772523874.508708,14.0,12.0,18.0,13.3,45.0,31.4,5.1,4.0,8.2,4.0,3.1,5.1,22.0,34.7,29.3,27.8,11.1,9.9,35.0,32.0,32.4,38.2,23.8,34.0,5.0,5.0,9.0,8.0,33.7,21.8,39.6,43.1,5.0,3.0,3.0,2.0,40.6,37.6,4.1,2.0,41.6,42.2,22.0,20.8,2.0,3.0,8.1,8.0,7.1,7.0,17.6,16.0,19.8,20.8
1772523875.511688,16.0,24.8,21.4,20.2,33.3,41.6,4.1,4.1,5.1,9.3,6.1,5.1,32.0,33.0,18.6,23.5,11.2,9.2,34.7,36.0,41.6,41.6,36.6,42.4,5.1,5.1,6.1,11.0,39.4,34.0,43.0,39.6,4.1,4.0,3.1,2.0,31.4,53.5,8.2,6.2,35.6,37.0,30.3,27.0,7.1,4.0,10.1,12.1,8.2,6.2,27.6,29.0,26.5,19.4
1772523876.512942,13.1,13.3,14.0,20.0,35.1,44.6,3.0,2.0,16.2,15.3,6.1,7.0,24.0,32.7,14.4,27.6,11.0,8.2,37.4,30.3,38.2,34.7,39.8,42.6,4.0,4.0,10.0,8.1,29.0,24.2,42.7,23.0,3.1,5.1,4.0,5.1,45.5,34.3,6.1,16.2,31.3,31.0,21.0,19.2,8.1,3.1,9.1,7.1,5.1,9.1,14.1,16.0,19.0,23.5
1772523877.5130348,13.3,9.1,17.3,17.2,40.2,32.4,3.1,4.0,3.0,3.1,5.1,4.1,33.0,35.0,28.0,26.3,9.2,12.0,38.4,32.0,38.0,39.2,44.0,35.0,2.0,4.1,5.1,12.1,31.7,32.7,17.2,20.0,4.0,2.0,4.1,4.0,49.0,32.4,4.1,4.1,31.7,31.7,23.2,21.0,3.0,3.0,11.9,7.1,7.1,7.1,26.7,25.3,21.2,21.0
1772523878.5139651,11.3,7.1,14.3,14.1,46.9,26.0,4.0,3.1,12.1,5.2,5.1,6.1,20.4,32.0,22.4,27.3,11.2,8.2,33.0,34.0,37.3,32.7,36.6,25.0,5.0,4.0,8.0,12.0,22.2,28.0,18.4,29.3,2.0,4.0,2.0,5.1,38.6,43.0,2.0,2.0,30.0,32.3,17.8,22.0,2.0,2.0,8.2,7.1,6.1,7.1,15.3,12.1,18.2,21.0
1772523879.5140452,11.3,5.9,16.0,15.0,34.7,36.3,3.0,8.0,5.0,8.1,5.9,4.0,26.5,28.0,19.2,17.3,7.0,5.1,37.3,32.7,33.0,33.0,6.1,15.8,4.0,4.0,6.9,5.1,18.8,29.0,45.6,40.2,4.0,3.0,2.0,3.0,45.1,37.3,4.0,2.0,35.6,40.2,18.8,17.0,3.0,3.0,8.8,5.1,5.0,6.1,15.8,18.8,14.0,19.4
1772523880.5141258,12.4,4.1,15.3,14.4,32.0,38.0,2.0,5.1,11.3,13.4,5.1,2.1,27.8,29.6,21.2,21.2,13.1,12.4,34.3,31.3,36.6,37.0,7.1,15.5,2.0,4.1,4.2,7.1,23.5,25.3,41.6,41.0,7.1,4.1,5.1,3.0,37.0,38.8,3.1,2.1,41.0,40.4,20.4,20.0,3.0,2.1,8.2,8.2,5.2,8.1,25.7,24.2,20.0,22.2
1772523881.5149927,13.0,9.1,14.0,18.0,33.7,35.3,3.1,2.0,5.0,3.0,3.0,5.9,27.5,24.5,19.2,20.2,2.0,3.0,37.6,26.7,36.9,34.0,41.2,19.8,3.0,4.9,4.0,8.9,28.0,21.6,40.8,40.8,4.1,4.0,3.0,1.0,39.6,46.1,8.0,2.0,40.0,40.2,20.8,19.8,2.0,4.0,8.1,8.9,6.0,5.1,12.0,14.9,17.2,18.2
1772523882.5160046,14.3,10.0,16.3,13.4,23.5,48.0,4.0,2.0,10.2,5.2,5.1,5.1,30.6,32.0,22.7,22.4,13.1,12.2,38.0,29.0,35.0,38.0,38.4,23.2,4.0,3.1,8.2,6.1,32.0,29.6,41.4,41.0,4.0,4.1,4.1,5.1,36.0,38.4,1.0,6.1,41.4,39.4,25.5,19.2,2.0,4.1,8.0,8.2,7.0,7.1,19.2,19.2,21.2,17.2
1772523883.5163708,14.1,11.1,18.4,18.4,40.2,32.7,6.1,4.1,10.2,6.2,6.1,4.1,28.6,34.0,16.5,24.5,7.1,6.1,40.0,28.3,37.6,37.6,43.4,29.3,4.0,5.1,9.2,7.1,33.0,30.7,28.0,36.0,5.1,5.1,4.1,5.0,40.0,42.0,3.1,9.1,33.0,33.0,23.8,23.2,4.0,1.0,11.2,7.1,6.1,9.2,24.0,25.3,22.0,22.2
1772523884.517192,13.3,6.1,16.2,14.1,36.4,38.0,4.0,2.0,17.0,11.0,4.1,5.1,37.6,20.0,32.7,40.8,17.0,15.2,33.0,33.0,38.2,39.2,40.6,40.6,6.0,5.0,10.1,13.1,29.0,30.3,31.4,45.1,2.1,6.1,4.0,2.0,40.6,43.0,14.0,19.2,32.4,31.7,21.0,23.2,5.1,2.0,12.0,7.9,7.0,7.1,19.2,19.2,20.2,20.2
1772523885.5172813,11.5,7.1,20.6,16.3,39.2,38.6,6.1,2.0,7.1,7.3,5.2,5.2,28.3,39.8,22.2,21.6,4.1,6.1,36.0,35.0,39.6,38.6,32.0,40.4,5.1,4.1,7.1,14.1,34.7,29.0,29.3,38.0,6.1,3.1,3.1,3.1,44.6,33.7,26.0,10.2,31.3,32.3,26.5,19.8,4.1,3.1,10.3,6.2,7.1,7.2,25.0,26.3,21.4,24.5
1772523886.517929,11.2,9.0,16.0,11.0,39.6,26.7,2.0,2.0,3.0,5.0,5.0,5.1,26.0,26.7,13.1,24.8,11.1,12.1,32.0,28.3,34.7,35.3,25.0,33.7,3.0,3.0,5.0,5.0,22.5,25.0,28.7,31.7,5.0,2.9,4.0,2.0,45.5,38.6,6.1,8.1,31.7,31.7,16.8,16.2,2.0,4.0,8.1,5.0,5.0,4.0,9.0,6.1,15.8,16.0
1772523887.518016,14.1,7.1,18.6,11.2,40.2,35.0,5.1,4.1,11.2,14.4,5.1,6.0,33.0,24.2,17.5,27.8,9.2,8.2,39.0,28.7,39.0,36.0,33.3,20.6,4.0,6.1,9.1,8.2,26.3,30.0,39.4,21.2,4.1,4.1,3.1,4.2,32.3,45.5,3.1,3.1,43.4,41.4,20.2,20.2,2.0,3.1,10.2,10.3,6.1,8.1,28.6,29.0,20.2,18.4
1772523888.5190632,13.1,12.1,16.0,13.3,35.6,34.3,5.1,3.0,8.2,7.1,5.1,3.1,29.0,25.3,33.3,33.3,16.2,17.3,33.0,30.0,34.3,38.0,38.6,37.0,3.0,5.0,9.1,7.0,29.6,27.3,31.0,29.3,3.0,4.1,3.0,4.0,34.0,47.0,3.1,3.1,31.0,32.0,20.0,23.0,4.0,1.0,6.1,10.0,6.1,8.9,13.1,12.2,17.5,19.2
1772523889.521275,15.8,10.0,17.2,16.2,38.4,33.0,7.9,3.1,7.2,11.1,4.1,5.1,29.0,34.3,22.2,21.6,3.0,5.1,36.4,29.0,39.6,38.2,45.0,35.6,4.0,4.1,4.1,11.1,27.7,29.0,39.2,31.4,2.0,6.0,3.1,2.0,36.6,41.6,4.0,4.0,26.3,28.3,28.7,14.1,3.0,4.0,9.1,8.0,6.1,7.1,32.4,33.3,18.0,22.0
1772523890.523026,14.4,8.0,16.0,19.2,29.6,46.5,3.1,3.0,8.1,4.1,8.2,6.1,27.0,31.3,20.0,21.8,16.3,13.1,34.7,31.7,34.0,36.6,42.0,40.0,2.0,6.9,6.0,9.1,32.7,25.0,33.7,27.0,3.0,5.1,3.0,3.0,41.2,40.6,2.0,3.1,21.8,24.0,26.0,18.2,3.0,2.0,11.0,8.2,6.1,8.1,8.0,9.1,21.0,21.0
1772523891.5233104,11.3,7.2,18.2,19.0,39.6,36.6,3.1,4.1,15.3,15.3,5.1,6.1,32.3,33.3,30.9,26.8,5.1,4.1,29.3,41.0,35.6,41.6,23.2,36.0,5.0,6.1,6.1,8.1,28.3,37.6,33.3,16.0,6.1,5.9,8.2,4.1,42.4,40.4,4.1,4.0,25.3,28.0,28.6,20.0,3.1,8.2,8.1,11.1,7.1,9.1,37.4,35.4,24.2,20.4
1772523892.5257332,15.8,6.1,19.0,17.3,34.0,42.6,4.1,7.9,9.2,3.1,5.9,5.0,38.6,24.2,31.3,33.3,18.4,7.1,35.6,35.6,38.6,37.6,23.8,25.0,5.1,3.1,6.1,9.1,24.8,31.0,24.8,21.0,9.1,5.1,6.1,3.0,47.1,33.0,4.0,1.0,27.7,27.3,26.7,22.0,2.0,4.0,9.1,8.1,8.1,6.1,7.0,8.0,21.0,19.2
1772523893.5266466,9.5,8.9,11.3,16.0,34.3,33.0,3.0,5.0,5.1,6.1,6.0,6.9,20.0,26.0,17.2,15.3,4.1,9.0,36.6,27.0,34.3,36.3,43.0,33.3,5.0,3.0,8.0,8.1,28.3,17.3,11.0,40.6,5.0,3.0,4.0,1.0,38.0,42.2,2.0,2.0,30.0,25.0,20.0,15.0,2.0,3.0,8.1,9.1,6.1,6.0,29.4,29.7,14.1,21.0
1772523894.5307298,14.1,8.1,22.0,15.3,33.0,44.0,4.0,5.1,11.2,13.0,5.1,4.0,37.0,33.0,17.3,13.1,9.1,3.1,35.0,39.0,38.6,39.6,41.0,39.6,5.1,4.0,5.1,7.1,32.7,36.6,1.0,41.2,4.0,2.0,2.1,2.0,27.7,52.5,3.1,2.0,32.7,30.3,26.7,23.0,4.0,2.0,8.0,13.0,8.0,6.2,16.3,17.3,25.7,23.8
1772523895.530814,13.1,9.2,18.2,16.2,34.0,37.6,4.0,4.1,7.2,10.1,5.1,5.1,33.7,31.3,29.9,32.0,15.0,12.2,31.6,31.3,40.0,37.0,27.0,42.0,5.1,3.0,7.0,8.1,28.0,26.3,35.0,42.6,3.0,5.1,3.0,5.1,38.4,39.0,4.0,4.1,31.3,31.7,25.3,23.2,1.0,4.0,7.1,10.2,9.2,5.1,29.0,30.0,14.4,22.4
1772523896.5334668,13.4,7.1,13.1,18.0,33.0,43.1,4.0,2.0,9.1,9.1,6.9,4.1,31.7,27.0,36.4,35.7,9.1,4.0,39.2,38.0,36.3,40.2,21.8,39.6,4.0,3.0,5.0,11.1,29.3,27.0,43.1,39.6,3.1,5.0,2.0,3.0,43.6,40.0,4.1,2.0,37.0,33.0,26.0,18.0,5.0,1.0,9.0,8.1,6.1,4.1,12.1,15.2,19.8,22.2
1772523897.5340693,13.1,12.1,14.3,22.0,45.5,33.7,3.1,3.0,8.2,3.1,6.2,6.1,26.3,33.3,13.5,12.5,16.2,10.1,37.4,32.7,38.6,39.0,17.3,43.0,9.0,4.0,10.2,7.1,30.0,36.4,41.6,39.2,5.1,2.1,4.1,2.0,46.5,35.6,14.4,9.1,41.6,40.0,26.7,21.0,4.0,5.0,8.1,8.2,7.1,9.0,31.7,29.0,19.0,26.3
1772523898.5422654,15.7,12.0,21.0,16.0,36.4,31.7,6.0,5.1,18.2,15.2,6.1,7.1,30.7,34.3,18.8,22.2,9.2,5.2,38.4,34.7,39.2,40.2,31.4,29.7,6.1,4.0,7.1,10.0,29.7,30.7,42.2,40.0,4.0,5.1,3.0,3.0,39.0,37.6,7.1,7.1,39.6,42.2,22.0,25.7,4.0,2.0,12.0,9.0,7.0,9.0,14.9,13.1,20.0,21.2
1772523899.5439618,14.4,8.0,18.6,20.4,47.4,37.3,6.1,3.0,3.1,4.1,5.1,5.0,29.3,35.0,34.4,39.4,13.0,11.9,40.6,32.0,35.6,40.6,45.5,12.1,5.0,4.1,8.1,8.1,37.4,31.4,35.0,30.7,5.1,7.1,5.2,8.2,42.2,40.0,3.0,6.1,39.6,41.0,29.0,23.2,3.1,4.0,7.1,11.1,7.1,5.2,30.7,31.7,27.8,17.0
1772523900.5464723,12.9,10.2,15.0,19.2,38.4,35.6,5.1,2.0,10.2,7.1,5.2,6.1,28.0,37.0,29.9,29.9,15.5,8.2,32.3,36.7,37.6,40.6,33.0,37.0,6.1,5.0,11.9,7.1,30.3,35.4,39.0,30.7,4.0,4.0,4.0,2.0,47.0,34.3,4.1,9.2,42.0,41.6,24.2,23.0,3.0,2.0,11.0,11.0,5.1,10.0,9.3,8.2,18.2,22.2
1772523901.546957,12.0,13.0,20.4,17.2,37.0,38.0,5.1,4.0,21.8,6.2,4.1,7.1,33.3,32.3,11.3,7.1,9.0,8.1,35.6,36.4,39.6,37.3,37.4,44.0,6.1,3.1,7.2,9.0,39.0,35.4,42.6,28.0,5.1,4.1,3.0,12.4,51.0,30.0,4.1,4.1,40.6,38.0,20.0,28.0,3.1,6.0,10.2,10.1,7.1,8.2,32.4,33.0,29.0,20.2
1772523902.549021,13.3,9.0,16.5,18.2,34.7,36.3,4.1,2.0,7.2,7.3,6.0,7.1,30.0,32.0,21.2,23.5,5.2,10.3,30.0,37.3,39.6,43.6,42.0,32.0,7.9,1.0,7.0,6.1,31.0,28.7,40.6,23.0,3.1,3.0,2.0,7.0,43.6,36.0,4.1,2.0,30.0,31.4,22.5,31.3,3.0,2.0,10.9,9.0,8.0,6.1,9.1,12.0,18.2,25.7
1772523903.5490928,14.7,8.2,22.0,16.2,44.4,28.3,5.0,5.1,4.1,12.1,3.0,6.1,29.0,27.0,35.0,41.4,11.3,10.0,32.3,38.4,35.4,40.6,24.5,36.4,3.1,5.0,10.0,9.0,27.0,30.7,40.0,41.6,3.0,5.1,3.1,26.3,37.4,38.2,3.0,4.1,31.3,30.3,16.3,28.0,5.0,2.0,8.2,7.1,7.1,8.0,32.7,34.0,21.0,19.4
1772523904.550592,14.1,9.0,15.0,16.0,39.0,29.7,5.0,5.0,9.1,3.1,8.9,4.0,29.3,34.0,25.8,25.8,7.0,3.1,35.3,32.4,39.2,35.0,28.0,29.4,2.0,3.1,5.1,6.1,29.0,26.0,41.7,40.0,3.0,5.1,6.1,35.0,43.0,37.6,15.3,2.0,32.7,30.0,14.3,25.0,2.0,3.0,9.0,9.9,5.9,7.0,8.0,7.1,19.0,20.2
1772523905.5506632,11.3,8.2,11.3,17.5,40.4,36.6,3.1,2.0,16.5,20.4,9.2,5.2,29.3,26.3,5.2,8.2,18.2,9.3,34.0,38.4,38.6,38.6,24.8,24.2,6.0,6.1,9.1,7.1,29.0,31.3,39.0,34.7,6.0,6.1,1.0,33.3,40.6,40.0,13.0,17.2,32.7,31.7,25.7,17.2,5.0,3.1,9.1,7.1,7.1,5.1,27.3,34.3,21.0,23.0
1772523906.5518186,11.1,13.0,13.3,17.2,31.3,42.0,5.0,1.0,4.0,4.0,7.0,4.0,35.6,25.3,30.0,22.0,0.0,4.1,37.0,31.0,38.0,37.0,28.3,42.0,3.0,7.0,5.9,10.1,25.0,31.0,35.3,21.0,3.1,3.0,2.0,26.3,44.6,35.6,9.1,15.2,31.0,27.0,16.3,25.0,3.0,3.0,9.1,8.1,6.1,7.1,9.1,8.0,20.0,20.2
1772523907.5573952,13.9,10.1,20.0,18.8,43.0,31.7,4.1,9.0,7.0,10.2,6.0,6.1,28.3,32.0,34.0,42.9,21.8,12.1,35.6,37.6,36.6,37.6,41.0,40.6,6.1,4.0,8.2,7.1,33.0,32.0,37.4,28.7,8.0,3.1,3.0,34.7,44.6,38.0,11.1,12.4,31.0,30.0,23.2,24.8,3.1,2.0,8.1,10.0,8.9,8.1,33.3,31.3,19.2,26.0
1772523908.5593686,13.1,11.9,17.2,13.4,40.8,33.7,4.0,5.0,3.1,4.1,5.1,5.1,28.3,34.3,20.6,23.5,2.0,5.9,37.4,31.3,38.2,38.6,41.2,38.6,3.0,2.0,7.9,6.1,26.0,29.7,25.7,42.6,2.1,5.9,4.0,14.1,49.0,32.0,3.1,7.1,30.0,31.7,21.0,20.2,3.0,3.9,10.9,9.1,6.1,6.1,9.0,7.1,21.2,19.0
1772523909.559738,13.1,7.1,19.2,16.2,49.5,26.7,4.1,3.1,18.0,14.4,5.1,6.1,39.0,20.4,11.1,9.2,14.0,14.3,35.0,31.0,37.3,37.6,40.0,20.2,5.1,5.1,5.1,10.1,35.0,24.0,21.6,41.2,5.1,4.0,6.0,4.0,42.2,37.6,3.1,3.1,28.3,30.0,27.0,24.0,3.1,5.1,7.1,8.2,5.1,10.0,32.0,29.0,22.0,21.2
1772523910.5614083,11.3,7.1,18.8,14.0,45.0,28.7,5.1,4.0,9.1,3.0,4.0,5.0,26.7,25.7,31.0,20.4,3.0,3.0,37.6,33.7,34.7,34.3,31.0,18.8,4.0,4.0,3.0,12.0,26.7,25.0,29.0,33.7,5.0,7.1,4.0,3.0,40.0,40.6,3.9,3.0,24.8,27.0,19.0,20.2,3.0,3.1,7.0,9.9,5.1,5.1,12.0,12.0,21.0,17.0
1772523911.5640914,14.1,11.0,17.3,19.0,36.4,31.0,4.0,2.0,7.1,4.1,4.1,6.1,28.3,34.0,37.8,37.4,13.1,19.4,32.0,36.0,37.0,38.6,24.0,29.0,3.0,6.0,7.9,8.2,22.4,32.0,38.6,34.0,3.0,4.0,2.0,1.0,29.0,51.5,2.1,4.0,21.2,21.8,19.0,23.8,3.0,2.1,10.1,9.0,7.9,8.0,27.5,26.3,21.2,20.2
1772523912.5653825,13.0,6.1,13.4,14.3,39.4,34.0,3.0,3.0,9.2,10.1,4.0,3.1,25.0,30.3,21.2,23.2,2.0,3.0,33.0,28.3,38.2,34.7,19.4,28.3,4.0,3.0,4.1,7.0,29.3,25.0,42.2,41.2,3.0,4.0,2.0,3.0,34.3,43.0,2.0,2.0,22.8,21.2,15.0,22.4,3.0,2.0,6.0,6.2,5.1,6.1,13.3,15.2,23.2,14.0
1772523913.56824,12.2,11.0,18.2,18.0,37.6,38.2,4.1,2.0,11.3,8.2,4.0,6.0,25.7,33.7,15.5,11.2,16.2,16.2,36.6,32.7,37.3,38.2,18.2,22.2,5.1,3.0,10.0,9.1,30.4,30.7,40.0,41.0,1.0,6.1,3.0,2.0,34.7,47.5,6.0,3.0,22.4,28.0,23.2,19.0,3.1,1.0,10.0,8.9,8.0,6.1,25.7,28.0,21.2,18.4
1772523914.5683253,13.0,10.1,17.0,12.2,21.4,40.6,2.1,3.1,4.1,9.3,3.1,3.1,24.2,30.0,26.0,21.4,2.0,2.0,38.0,20.2,35.6,35.0,23.0,17.0,5.0,3.0,6.1,6.0,22.0,22.2,39.2,31.7,4.0,5.0,2.0,3.0,31.0,46.0,3.1,1.0,32.7,35.0,16.2,18.0,3.0,3.0,6.1,8.2,5.1,5.1,14.1,13.3,24.0,11.1
1772523915.5685997,11.3,9.1,20.6,19.2,36.7,43.0,3.0,3.0,6.1,6.0,6.1,6.0,22.2,37.0,38.4,34.0,15.3,18.2,34.7,39.6,39.6,37.9,27.3,17.2,3.1,5.0,10.0,8.1,31.7,29.0,31.7,13.1,4.0,4.0,3.0,2.0,44.6,40.6,9.1,2.0,41.6,40.6,18.0,30.0,4.0,5.0,9.0,9.1,7.1,7.1,25.0,23.2,19.2,23.2
1772523916.575117,13.1,10.1,16.3,19.2,36.0,37.3,4.0,2.0,13.1,16.2,5.1,8.0,32.7,33.7,19.4,20.4,2.0,4.0,46.0,26.3,36.6,40.6,17.0,18.0,5.9,5.0,10.0,6.1,29.3,31.7,8.1,4.0,2.0,2.0,3.0,3.0,37.6,44.6,6.1,1.0,41.6,40.6,20.0,26.7,4.0,5.0,8.1,14.1,7.0,6.1,20.8,22.8,26.0,16.2
1772523917.5791485,12.1,9.1,14.0,13.0,42.4,25.7,4.1,2.0,4.1,6.1,8.0,8.1,24.2,25.3,15.2,17.2,16.2,15.2,29.0,34.7,33.7,36.3,30.7,21.0,3.0,2.0,6.9,6.1,20.8,26.0,17.0,17.8,3.0,3.0,2.0,2.0,40.2,38.6,2.0,3.0,41.0,41.0,16.2,16.2,2.0,2.0,7.0,7.1,6.1,7.0,14.1,19.8,15.2,19.0
1772523918.5794206,12.2,8.1,15.5,17.3,35.7,35.0,5.1,2.0,6.1,10.1,7.1,4.0,26.0,33.3,26.8,19.4,4.1,3.1,37.3,34.3,38.0,39.6,39.4,40.4,3.0,7.1,7.1,8.2,33.3,29.6,32.0,37.0,5.1,4.1,3.1,4.0,35.0,46.0,6.1,18.2,41.6,41.6,25.0,18.4,2.0,5.1,10.9,8.2,7.2,5.2,26.7,25.3,22.8,20.4
1772523919.5805566,15.3,5.1,21.0,16.2,34.0,41.6,5.1,1.0,4.1,10.1,5.1,6.1,31.3,34.3,35.4,36.7,17.8,16.2,31.6,34.7,40.2,38.6,23.0,42.0,4.0,7.0,8.0,9.0,27.3,31.7,42.2,40.6,4.0,6.1,3.0,2.0,44.0,36.0,7.3,5.2,41.6,42.0,24.8,21.6,7.0,3.0,8.2,8.2,9.0,7.0,14.1,15.2,20.4,22.0
1772523920.5863574,13.0,9.0,16.3,24.0,35.4,37.3,5.1,3.0,14.1,13.3,6.0,4.0,30.7,41.0,20.6,20.4,4.0,4.0,36.4,34.0,37.3,38.8,36.0,41.6,4.0,4.1,10.1,9.0,33.7,33.7,41.6,40.6,5.1,4.0,2.0,4.0,33.3,48.0,4.1,3.1,41.6,39.0,29.0,28.3,4.0,3.1,12.0,11.0,11.0,7.1,29.0,29.0,22.0,23.2
1772523921.5868597,13.1,10.1,17.2,22.0,43.9,35.6,7.0,3.1,7.1,3.1,6.1,5.1,29.3,36.6,24.0,19.6,13.3,21.2,34.7,38.4,39.0,42.6,32.3,41.0,8.1,6.1,8.1,5.1,39.0,27.3,41.6,40.6,6.1,3.0,5.1,3.1,49.5,33.0,7.1,4.0,37.0,35.0,26.7,24.0,6.1,3.1,12.1,11.1,7.1,8.2,20.0,17.2,24.0,20.4
1772523922.5891173,14.0,8.9,20.0,20.2,38.0,37.3,6.2,3.0,7.1,5.1,10.1,5.1,31.0,31.3,23.7,23.0,3.0,5.0,39.6,33.7,39.8,36.6,22.5,41.0,6.0,4.0,9.1,11.0,31.7,28.7,34.3,37.6,5.1,3.0,6.0,5.1,52.0,26.7,4.1,12.0,32.7,30.7,30.0,22.2,5.0,3.0,10.0,11.0,7.0,9.0,21.8,24.0,21.2,24.8
1772523923.592992,11.1,12.1,24.7,14.3,48.0,32.0,3.0,4.0,15.2,19.2,9.2,6.1,37.6,33.0,36.0,26.5,9.2,21.0,41.0,35.0,38.6,41.6,36.7,42.0,4.1,3.1,8.0,7.1,33.0,35.6,21.2,12.1,3.0,5.0,6.1,3.0,44.1,38.0,5.1,2.0,31.3,31.0,23.2,27.7,2.0,3.1,9.2,8.1,6.1,8.1,15.3,18.2,29.0,19.2
1772523924.5973232,13.4,7.1,17.2,14.3,39.0,26.7,3.0,3.0,4.0,5.1,4.0,5.0,29.0,31.0,21.4,20.2,3.0,2.0,28.0,37.6,37.6,41.2,41.6,38.8,6.0,4.0,8.9,7.1,31.0,23.2,27.0,24.0,4.0,3.0,3.1,1.0,37.0,43.4,3.1,2.0,30.7,32.0,18.0,20.4,5.1,2.0,8.0,9.1,5.1,8.9,22.0,23.0,19.2,20.0
1772523925.599965,14.0,8.0,17.3,10.1,43.6,29.1,4.0,1.0,5.1,10.1,5.9,4.0,25.7,29.7,18.2,15.3,18.2,14.0,30.7,32.7,34.7,37.9,43.6,36.0,4.0,2.0,7.1,4.1,19.2,32.7,23.0,21.8,3.0,3.0,4.0,4.0,48.0,34.3,5.1,17.2,31.3,33.7,20.8,17.8,3.0,1.0,8.0,7.0,7.0,4.1,9.0,11.1,19.2,19.0
1772523926.6003451,13.7,9.2,16.2,14.3,21.4,44.6,4.0,3.0,4.0,6.1,4.1,4.0,31.3,31.0,16.3,24.2,2.0,2.1,30.0,36.0,39.2,41.0,43.6,35.0,4.0,5.9,7.0,7.0,31.4,23.0,23.5,21.8,2.0,7.9,8.1,6.0,41.0,41.0,6.2,8.9,31.7,28.7,24.0,18.0,3.1,7.0,10.2,7.0,8.0,8.0,29.7,28.7,21.0,19.2
1772523927.6004267,11.5,9.1,12.2,18.0,30.6,43.6,3.1,3.0,13.3,18.4,6.0,4.1,20.0,36.0,38.4,29.6,22.0,13.1,32.7,34.3,35.6,36.6,37.4,41.0,4.1,4.0,8.1,10.0,24.5,30.3,22.0,25.7,5.1,4.0,5.1,5.0,29.7,52.5,10.1,18.0,20.4,22.0,20.2,20.2,2.0,7.1,10.1,8.0,6.1,7.1,13.1,11.2,19.2,20.0
1772523928.603168,13.1,8.9,14.1,16.3,40.4,24.0,4.0,3.0,5.1,6.1,4.0,6.9,24.2,29.7,19.8,22.7,5.1,2.1,30.3,35.0,37.3,37.6,41.4,36.0,3.0,5.0,7.1,5.1,31.0,25.0,32.7,43.6,5.1,2.1,2.0,1.0,36.0,44.0,19.2,10.3,21.8,20.2,26.0,10.1,6.0,1.0,8.1,9.0,5.1,7.0,25.3,22.8,17.2,18.4
1772523929.6042602,12.2,8.2,17.2,14.1,42.0,32.0,4.0,3.1,5.2,10.2,4.1,4.1,28.0,30.0,16.3,24.5,18.2,15.0,35.0,35.0,35.0,40.4,40.6,21.2,6.1,4.1,10.0,9.0,28.3,25.3,40.6,42.0,3.0,5.1,5.0,3.0,40.4,41.6,2.0,9.1,24.2,24.0,15.2,27.7,1.0,4.0,9.0,8.2,6.1,7.2,14.1,15.3,18.4,25.0
1772523930.6059287,13.9,9.0,18.2,22.2,36.7,38.0,5.1,4.0,7.2,9.2,6.9,4.1,26.3,37.0,31.3,24.0,3.1,4.1,30.6,37.8,39.6,41.7,38.0,39.4,3.1,6.1,9.1,7.1,36.6,36.0,40.0,42.0,2.0,6.1,4.1,2.0,36.6,44.0,3.0,4.0,33.0,31.0,23.2,23.0,5.0,6.0,8.1,11.1,7.1,8.1,27.7,27.0,30.4,17.2
1772523931.607719,13.9,9.1,17.0,16.0,36.6,36.3,3.0,3.0,15.8,6.1,5.1,4.0,24.0,31.7,37.4,26.3,19.2,13.0,34.3,30.4,32.7,36.3,20.0,1.0,5.0,3.0,5.1,4.9,28.0,19.0,41.6,29.7,3.0,4.0,3.0,3.0,42.6,36.6,5.0,4.0,34.3,37.6,23.0,21.0,1.0,2.0,7.1,8.8,6.9,5.9,9.1,11.1,14.3,20.2
1772523932.6117861,14.0,7.1,18.2,17.0,36.4,35.0,6.9,1.0,11.1,2.1,3.0,6.1,31.7,31.7,21.0,19.6,4.0,3.0,32.3,36.0,43.1,37.3,24.2,13.0,3.0,4.0,7.0,14.0,28.0,32.4,28.7,16.8,2.0,4.0,2.0,4.0,40.6,41.6,2.0,5.0,31.7,32.0,30.0,19.0,4.0,3.0,9.1,6.1,7.1,7.1,19.8,19.8,21.0,22.0
1772523933.6129196,11.2,12.0,19.2,19.4,50.0,25.0,5.1,3.0,3.1,4.0,6.1,4.1,38.0,26.3,10.4,15.3,13.3,8.3,32.7,43.6,39.0,38.6,42.6,22.2,6.1,5.1,7.1,7.1,30.0,34.3,19.0,19.0,7.1,2.0,4.0,2.0,46.0,33.7,3.0,2.0,31.3,29.7,23.0,26.3,4.1,1.0,11.9,11.2,7.1,8.2,17.2,19.4,23.2,22.2
1772523934.6130066,13.1,9.0,18.0,19.4,28.1,47.1,4.0,3.1,11.1,8.2,4.1,5.1,29.6,32.0,28.3,23.7,10.1,8.1,37.0,33.3,37.6,42.0,41.0,41.0,4.0,4.0,6.0,6.1,33.0,29.0,24.0,31.3,5.0,4.0,3.1,2.0,42.6,36.4,5.1,5.1,30.3,31.7,25.5,21.0,4.0,6.0,9.2,8.9,5.1,7.2,19.0,18.8,23.2,20.4
1772523935.6152527,12.2,6.1,22.2,13.9,34.3,38.6,3.0,6.1,12.2,10.1,5.0,5.0,31.4,31.0,33.3,32.7,8.0,6.1,36.0,33.7,36.9,40.2,42.2,39.6,3.0,5.9,5.1,6.9,26.5,35.6,38.2,40.8,2.0,3.0,5.0,3.0,42.6,41.7,6.9,4.0,31.4,32.0,26.2,16.8,4.0,1.0,9.9,10.0,5.1,7.1,20.8,20.0,23.0,19.8
1772523936.6166477,11.2,9.2,15.5,14.6,37.4,39.0,4.1,6.2,12.1,3.1,6.1,4.1,24.2,26.0,23.7,28.0,11.2,14.1,34.3,29.6,34.7,32.0,40.4,40.4,4.1,5.1,9.1,9.2,24.2,24.2,41.4,40.4,5.1,4.0,2.1,3.0,40.4,40.6,3.1,1.0,39.0,34.0,15.5,20.6,2.1,5.1,7.1,10.1,5.2,7.1,18.2,19.2,18.2,18.6
1772523937.617619,14.0,9.1,17.3,20.0,34.3,33.7,5.1,2.0,5.1,4.0,4.0,5.1,34.0,25.0,16.3,10.2,2.1,1.0,34.7,34.7,38.0,36.6,38.6,36.6,5.1,4.0,7.1,8.1,29.0,31.0,32.7,31.7,5.0,4.0,4.0,2.0,39.0,42.0,4.0,6.0,41.0,40.6,21.0,26.7,2.0,3.0,8.2,8.1,6.1,6.1,20.2,21.2,23.2,20.0
1772523938.6187785,13.0,9.9,17.0,15.3,26.0,46.5,2.1,3.0,8.2,11.1,5.1,4.0,28.7,28.3,19.0,21.4,13.9,17.2,32.0,30.3,32.7,38.2,36.4,15.0,3.0,4.0,8.1,6.1,24.2,32.3,39.6,24.0,3.1,4.0,1.0,3.1,38.2,42.2,6.1,2.0,39.6,41.0,20.8,26.7,3.1,5.0,9.1,8.1,5.0,7.1,18.8,17.0,17.2,21.2
1772523939.620525,14.9,11.2,19.4,15.3,30.6,39.0,5.1,6.1,12.4,12.1,5.2,5.1,27.6,35.4,33.3,29.3,4.1,7.1,39.0,36.4,38.6,38.6,31.0,23.2,4.0,6.1,5.1,12.1,33.0,26.0,27.0,41.6,5.1,5.1,3.1,3.1,30.7,50.0,7.1,3.1,39.0,41.6,20.2,26.3,1.0,5.2,11.0,11.1,7.1,7.2,22.2,25.0,22.0,25.5
1772523940.6205955,13.0,11.0,19.2,16.8,44.4,27.0,5.1,3.0,6.1,10.2,7.1,7.0,25.3,37.3,27.6,32.7,13.0,15.0,45.5,25.0,38.6,39.6,34.3,28.0,5.1,4.0,9.0,6.1,29.0,33.3,30.7,41.6,3.0,5.1,5.0,5.0,39.4,42.0,16.3,6.2,31.7,32.3,24.0,20.0,4.0,6.1,11.1,7.1,7.9,8.1,22.0,18.2,23.2,19.4
1772523941.6221166,11.1,9.2,18.2,13.1,32.0,42.2,2.0,8.1,3.1,5.1,6.0,2.1,28.3,28.3,15.3,13.3,4.1,2.0,32.0,33.3,37.3,37.0,32.7,29.7,3.0,4.1,6.1,7.0,27.7,28.3,37.6,41.6,4.0,5.0,5.0,3.1,27.0,53.0,6.1,3.0,30.7,31.7,24.8,21.4,2.0,3.0,8.9,6.0,6.1,7.0,16.2,18.8,17.2,17.6
1772523942.6235356,13.3,6.0,20.0,14.1,27.3,37.6,4.0,2.0,18.8,6.3,4.1,5.9,24.0,27.0,15.3,17.3,13.3,11.1,31.0,34.7,41.6,36.3,34.0,26.7,5.0,4.0,8.0,5.1,26.3,27.0,41.6,41.6,1.0,5.1,1.0,4.0,41.6,40.6,3.1,3.1,30.3,32.7,17.0,21.2,1.0,4.0,8.0,7.1,6.1,5.1,18.0,19.4,20.2,17.2
1772523943.623625,14.3,9.2,19.0,12.4,38.4,36.0,7.1,2.0,10.3,11.2,5.1,4.1,29.0,34.3,24.2,32.3,5.1,6.1,30.3,37.0,38.0,35.6,13.0,33.3,2.0,4.1,7.1,7.1,29.3,28.0,42.2,38.0,2.1,7.0,4.0,3.0,38.4,39.6,3.1,3.0,32.7,30.3,25.3,20.8,3.1,5.2,8.2,11.0,6.1,7.1,23.2,23.8,24.2,16.5
1772523944.6250465,15.0,7.8,17.2,14.0,23.2,40.8,5.1,1.0,7.1,4.0,7.1,4.0,25.3,33.3,28.6,37.0,9.0,17.2,28.4,37.6,38.8,35.6,19.2,33.0,3.0,6.0,7.1,7.1,33.7,29.7,40.0,41.7,2.0,5.1,1.0,3.0,49.0,36.6,2.0,3.1,26.7,30.0,21.0,18.0,4.0,3.0,7.9,7.1,7.0,5.0,12.9,15.2,18.2,19.0
1772523945.6261096,13.3,6.2,15.2,17.0,41.4,35.0,4.0,5.0,10.1,3.1,7.0,5.1,31.3,25.7,16.7,22.2,5.1,5.1,36.4,28.3,36.4,33.7,30.3,46.0,4.0,4.0,7.0,7.0,26.0,27.6,32.7,34.0,8.2,3.1,4.1,3.1,40.2,37.4,2.1,3.1,20.4,22.0,26.3,22.0,2.1,3.0,11.0,9.1,5.1,7.1,19.0,21.0,20.0,19.4
1772523946.6261938,12.1,10.1,19.4,10.3,30.3,41.0,3.0,1.0,13.3,12.1,8.2,4.1,31.3,28.3,13.9,11.2,9.1,3.1,32.0,39.0,41.2,36.0,38.6,43.0,6.0,4.0,7.1,8.1,22.2,30.0,34.7,29.0,2.0,6.1,3.0,4.0,50.0,30.4,2.1,3.0,22.8,21.0,24.0,17.2,3.0,2.0,8.2,6.0,6.1,6.1,19.4,23.0,20.4,16.0
1772523947.629653,14.7,8.9,19.2,14.9,35.4,38.8,4.0,3.0,13.1,5.1,8.0,9.0,30.4,27.7,21.4,27.0,9.2,15.0,35.3,28.7,39.4,36.6,39.4,22.0,2.0,6.1,6.1,5.1,29.0,33.7,36.3,32.7,2.0,5.0,2.0,4.0,33.3,40.0,13.1,3.0,21.2,22.0,23.0,20.8,3.1,3.0,7.0,8.1,6.9,6.0,16.8,17.0,17.8,21.0
1772523948.629722,14.4,10.2,22.0,14.3,33.0,47.5,5.1,4.1,5.1,3.1,7.1,8.1,35.0,32.3,37.8,36.4,9.2,3.1,36.7,31.3,34.3,38.2,41.0,30.3,4.1,6.0,10.0,11.1,32.3,24.2,4.1,23.2,4.1,5.0,3.1,2.0,47.5,35.6,12.4,8.2,26.5,29.0,21.2,24.0,4.0,3.0,8.2,10.1,5.2,7.1,25.0,26.3,23.5,17.2
1772523949.6298103,13.1,11.0,14.3,20.4,38.4,34.7,3.1,4.0,11.1,7.1,5.1,4.0,28.3,31.0,22.9,21.6,14.1,15.3,28.3,35.6,35.0,34.7,41.6,38.0,5.0,5.1,8.1,8.1,33.0,28.0,16.0,23.0,3.1,5.1,3.0,4.0,37.6,41.0,18.8,8.2,40.0,41.0,21.0,21.2,4.0,5.1,8.1,9.1,6.2,7.2,16.8,15.5,24.0,19.8
1772523950.6298847,14.1,7.9,16.3,17.8,43.4,29.0,3.1,1.0,12.4,11.2,5.1,6.1,27.0,30.0,16.0,14.3,3.1,6.9,28.7,38.4,37.6,37.4,40.0,20.2,3.1,4.0,9.2,10.1,28.7,28.0,22.2,40.6,3.0,4.1,2.0,2.0,40.6,40.4,16.5,12.4,40.0,40.6,18.0,26.0,4.0,2.0,10.0,8.0,7.0,7.1,25.0,24.8,21.0,16.2
1772523951.630822,14.0,10.2,14.3,18.4,34.7,41.2,4.0,4.0,8.1,10.2,4.0,5.1,32.0,28.0,30.6,25.3,14.3,16.3,36.7,33.3,41.7,38.2,34.7,39.0,3.0,7.0,8.1,9.1,31.3,27.7,30.7,36.3,4.1,4.1,1.0,3.0,53.5,33.3,4.0,2.0,41.6,40.0,20.0,21.4,2.0,2.0,9.1,13.0,8.1,7.1,13.1,16.2,21.2,20.2
1772523952.6321304,13.1,12.0,18.0,13.0,29.7,37.6,1.0,1.0,9.1,7.1,3.0,6.1,33.0,21.8,33.7,35.4,11.0,10.1,40.2,29.7,38.2,37.9,41.7,39.6,2.0,5.9,10.8,8.0,31.4,22.0,42.2,39.2,4.0,3.0,2.0,3.0,44.6,33.0,3.0,3.0,40.2,41.2,20.8,22.5,3.0,2.9,6.0,7.0,6.1,8.0,27.5,26.7,18.8,19.0
1772523953.6355155,10.6,6.1,15.2,14.1,35.7,30.3,4.0,6.1,8.2,5.1,4.1,3.1,22.4,31.3,17.7,18.6,10.3,2.1,31.0,30.3,34.3,36.6,39.4,40.4,6.0,2.1,7.1,7.0,21.4,30.3,40.6,31.0,3.1,3.1,1.0,3.0,33.0,46.0,2.1,2.1,37.4,40.4,20.4,15.2,1.0,4.0,6.1,5.2,4.1,7.1,8.2,8.2,13.3,19.4
1772523954.6367183,14.3,8.2,18.2,16.0,36.7,40.2,4.0,7.1,13.1,13.1,6.0,4.1,25.0,37.0,14.1,13.3,6.1,3.0,36.6,33.7,37.0,36.4,32.0,48.0,4.1,4.0,9.1,7.2,32.7,23.5,33.3,7.1,6.1,2.0,5.1,3.1,48.0,37.0,3.0,3.0,31.7,30.7,22.0,27.0,4.0,1.0,10.0,10.9,7.9,8.1,27.0,27.0,21.4,20.2
1772523955.6368005,12.1,10.9,18.2,18.6,38.0,38.4,5.1,4.1,6.1,5.1,4.1,5.1,31.0,33.3,24.5,28.0,13.3,12.1,30.0,33.3,40.2,36.3,41.0,40.4,3.1,3.1,5.1,8.9,29.6,26.5,25.7,17.2,5.1,2.0,3.0,1.0,44.6,32.7,2.0,3.1,31.0,30.3,23.2,23.0,3.0,2.0,8.1,9.2,6.2,7.0,10.1,11.9,23.0,23.0
1772523956.6377656,12.2,10.0,20.2,15.0,34.3,40.8,4.0,2.1,9.2,5.1,5.1,5.1,32.7,31.3,35.1,35.4,9.2,5.1,32.3,36.0,38.2,40.6,28.0,42.6,5.1,4.1,7.1,11.0,27.0,34.3,20.2,20.0,4.0,5.0,3.0,4.0,53.5,32.0,3.0,4.0,32.3,32.7,20.0,21.0,4.0,3.0,9.1,9.0,7.0,6.2,30.3,32.0,20.2,22.2
1772523957.637855,12.4,10.1,17.3,14.1,44.6,30.0,4.0,3.0,3.1,8.2,4.1,4.0,33.7,29.0,19.4,18.8,10.0,13.3,30.3,33.0,38.6,38.6,33.0,27.3,4.0,5.1,8.1,6.1,26.0,33.3,33.3,33.7,5.0,3.1,2.0,4.0,44.0,34.0,1.0,3.1,31.0,34.0,25.5,19.2,3.0,4.0,9.1,9.1,5.1,6.1,12.0,11.1,19.0,21.0
1772523958.6379433,11.2,9.1,17.8,19.2,46.9,23.8,2.0,7.1,13.0,6.2,4.0,5.1,31.7,30.7,13.1,10.0,8.2,5.1,33.7,37.6,37.6,36.9,39.4,18.0,5.0,5.1,8.1,4.1,32.7,27.0,40.0,42.6,3.0,3.1,1.0,4.0,40.6,37.6,3.0,2.0,40.0,42.6,18.4,23.0,3.0,1.0,9.9,8.2,4.1,7.1,14.1,15.2,18.2,21.4
1772523959.6380243,13.3,11.0,16.3,15.2,34.7,38.0,6.9,4.1,11.1,4.1,4.1,4.1,27.0,35.0,23.5,17.3,17.0,9.0,33.3,30.3,33.7,38.4,23.0,20.2,4.1,5.0,7.0,9.0,29.6,25.3,41.2,39.6,4.0,4.0,5.0,3.1,40.6,38.4,5.1,3.1,35.6,36.0,19.0,22.0,2.0,2.0,7.1,5.1,5.1,6.1,24.0,24.0,20.8,19.2
1772523960.6425223,14.1,5.1,18.8,15.0,38.0,29.7,2.1,4.0,11.2,2.1,5.1,5.0,29.3,26.0,34.0,34.0,9.2,3.0,32.7,34.7,37.6,36.3,42.0,29.7,4.0,6.9,9.1,6.1,28.7,25.7,43.1,31.7,5.1,4.0,5.1,3.0,45.6,42.2,3.0,3.1,32.0,32.4,21.0,23.0,5.0,4.0,9.1,8.1,9.9,8.0,16.0,16.2,18.2,22.2
1772523961.6464484,11.2,7.1,18.2,15.3,32.7,38.6,2.0,3.0,6.9,4.0,3.0,3.0,25.5,36.6,22.2,21.6,13.1,9.2,30.0,33.0,36.3,38.2,38.0,43.6,11.0,3.0,7.1,7.1,29.3,27.0,32.7,22.0,3.0,5.1,2.0,3.0,36.7,35.0,2.0,7.1,31.7,32.3,16.0,27.0,2.0,5.1,9.1,10.9,6.1,6.1,23.2,25.0,18.4,19.2
1772523962.6473079,14.0,8.1,11.2,18.0,25.3,43.6,4.0,1.0,19.2,12.2,6.0,5.1,33.3,26.3,15.3,16.0,5.1,10.1,26.7,39.0,31.7,39.2,40.6,40.6,6.0,4.0,9.9,6.0,23.0,29.4,33.0,24.0,4.0,4.0,2.0,3.0,34.0,47.5,12.2,11.2,21.2,23.8,21.0,23.2,4.1,3.0,7.1,9.1,6.1,7.0,15.0,14.0,21.8,20.6
1772523963.6481848,13.4,10.0,17.3,18.2,45.0,32.0,1.0,3.0,5.2,4.1,9.0,5.1,27.3,33.0,21.2,26.5,12.1,7.1,26.3,42.0,39.6,39.4,32.0,34.3,3.1,4.1,8.2,9.1,30.3,32.7,29.7,36.0,4.0,5.0,2.0,2.0,40.6,39.0,3.1,4.1,24.0,25.0,19.2,22.2,3.0,2.0,10.0,10.0,9.0,7.1,30.0,29.0,17.3,22.7
1772523964.6504521,15.0,8.1,21.2,19.2,33.7,36.3,5.9,4.0,6.1,11.1,5.1,8.1,35.0,30.3,36.7,33.3,12.1,7.2,35.6,37.0,39.2,39.8,29.0,40.6,5.1,7.0,8.1,8.0,29.7,31.3,20.2,21.8,4.0,6.0,4.1,5.1,39.6,40.6,3.1,4.0,23.0,21.0,31.4,29.0,3.0,4.0,11.2,9.1,6.1,7.1,15.8,16.2,23.5,22.0
1772523965.6562812,14.9,9.0,18.2,15.0,46.5,34.3,6.0,2.0,12.0,7.1,4.0,5.0,29.7,32.4,22.0,20.4,12.1,14.0,31.7,35.6,38.6,39.6,35.0,41.0,4.0,3.0,9.9,8.2,25.0,35.9,22.5,21.0,2.0,5.1,4.0,4.0,42.3,40.6,2.0,4.0,27.0,23.5,17.0,24.8,3.0,4.0,8.8,10.0,7.1,8.9,28.7,27.5,17.8,28.0
1772523966.657533,11.6,6.2,11.2,13.3,40.4,19.0,4.0,4.0,21.4,14.3,3.1,4.1,22.2,28.0,20.4,10.2,6.1,4.0,31.0,30.7,32.0,30.7,36.0,41.0,5.0,4.0,6.0,7.9,21.2,19.6,26.0,22.8,5.9,7.1,2.0,2.0,42.4,38.6,3.1,3.0,31.0,31.3,16.0,17.8,4.0,3.0,8.0,8.9,6.1,4.1,8.1,8.0,14.1,15.2
1772523967.6661768,14.7,11.9,18.4,18.0,30.3,50.0,4.0,2.0,26.0,3.1,4.0,5.1,28.7,31.7,18.2,24.2,6.9,10.3,30.0,38.0,39.2,39.2,22.0,23.0,5.0,4.0,7.1,10.1,35.0,27.7,33.7,32.7,4.0,4.0,3.0,2.0,35.6,45.0,3.0,3.0,36.0,33.7,25.0,23.2,4.1,1.0,9.1,10.1,6.1,8.1,29.3,26.5,19.2,23.0
1772523968.6683297,13.0,10.2,19.2,13.1,35.6,36.6,5.1,4.0,3.1,5.0,5.1,4.0,29.0,34.0,33.7,35.0,17.0,6.0,37.4,32.7,40.2,37.6,21.0,20.0,5.9,3.0,9.0,7.0,21.0,32.3,38.2,43.6,5.9,3.0,2.0,3.0,29.4,49.0,5.0,4.1,40.6,42.0,19.2,23.8,5.0,1.0,7.1,6.1,5.1,7.1,15.8,14.9,24.0,16.3
1772523969.6686678,13.3,12.0,21.2,17.3,42.9,33.0,6.1,6.1,10.3,18.2,6.1,6.1,33.0,33.3,21.6,22.4,6.2,9.2,40.0,30.0,40.2,40.2,19.0,23.0,3.1,3.1,7.1,9.1,26.0,30.0,40.0,36.0,4.0,5.1,3.0,2.0,40.0,42.0,5.2,17.3,41.0,41.0,30.0,17.2,5.1,2.0,8.1,11.2,4.1,7.1,27.0,26.3,21.2,21.2
1772523970.6696362,9.4,9.1,19.2,15.3,35.4,33.3,3.1,1.0,9.0,4.1,5.1,4.1,33.7,27.3,17.2,17.2,6.1,13.1,34.0,37.6,35.6,40.0,22.2,20.4,3.0,5.1,8.0,9.0,31.3,26.0,40.6,19.8,3.0,3.0,3.0,2.0,43.0,42.0,8.1,9.2,40.6,41.0,20.4,19.0,2.0,2.0,10.0,7.1,7.1,6.1,17.2,17.0,22.8,18.2
1772523971.6697247,12.7,12.0,18.4,16.2,40.4,36.0,4.1,4.1,5.2,10.3,6.0,5.1,34.0,26.0,28.3,23.5,9.2,13.3,35.0,30.6,37.6,42.2,30.3,26.0,4.0,6.0,7.1,8.2,34.7,25.3,31.3,12.2,4.0,4.0,9.3,1.0,52.5,25.7,23.2,16.3,40.6,41.2,23.5,27.3,7.0,3.1,8.2,8.1,8.1,5.2,29.0,27.6,19.4,21.4
1772523972.6698086,15.5,22.0,20.0,15.2,30.3,42.6,2.1,4.0,2.1,9.1,4.1,4.1,26.5,29.3,29.3,34.7,3.1,5.1,31.3,33.7,37.6,37.6,32.3,29.0,4.0,1.0,5.1,5.1,31.3,33.0,22.8,31.7,4.1,3.0,9.0,3.0,42.0,41.0,10.2,7.1,39.4,41.0,20.2,21.0,1.0,2.0,11.0,5.2,5.1,6.1,17.0,18.2,14.3,23.2
1772523973.6702385,10.5,10.2,19.6,25.0,43.0,32.7,4.2,2.0,13.1,11.2,7.0,6.1,29.7,36.0,20.6,18.6,8.1,15.3,39.0,35.4,45.1,41.6,37.3,39.8,5.1,6.0,9.2,11.1,35.6,28.0,27.7,17.2,4.0,7.1,10.2,4.0,48.5,32.0,5.1,7.1,40.6,40.4,29.3,18.2,2.0,5.0,7.1,12.9,25.0,8.2,16.3,18.2,20.2,25.7
1772523974.673472,13.0,8.2,19.2,17.2,37.0,34.7,5.9,1.0,6.2,10.1,3.1,4.0,29.3,25.7,28.3,23.0,10.0,5.1,36.3,34.3,33.7,33.7,40.0,39.6,4.0,5.1,7.0,10.0,26.0,26.5,37.6,36.6,3.0,7.0,1.0,2.1,48.0,32.7,2.0,2.0,40.0,39.2,21.8,21.8,4.0,2.0,8.2,7.1,7.1,9.0,24.8,23.8,22.8,19.4
1772523975.6735544,12.2,8.9,15.3,17.0,49.0,22.2,4.0,2.0,4.0,4.0,5.1,3.0,30.7,24.0,22.4,29.6,5.2,10.0,30.3,29.3,42.0,37.6,19.4,10.1,3.1,5.1,7.0,7.1,30.3,24.0,41.4,23.0,5.0,5.1,2.0,6.1,43.4,34.7,3.0,4.1,30.7,30.3,16.2,21.2,3.0,2.0,8.1,8.1,6.1,6.1,11.0,11.2,19.4,17.2
1772523976.6737778,12.1,8.2,13.0,22.2,27.8,46.1,8.1,4.1,9.0,3.1,4.0,5.1,28.6,37.4,20.6,23.5,15.8,9.2,36.0,36.3,38.2,35.6,23.0,15.3,8.0,5.0,7.1,8.1,29.7,29.3,39.2,31.3,3.0,4.1,3.1,1.0,30.7,53.5,2.0,4.1,32.0,30.7,26.5,22.8,4.0,3.0,8.1,9.2,7.0,8.1,29.3,31.3,25.3,20.2
1772523977.6774101,17.0,9.1,9.1,21.0,29.3,43.6,5.1,2.0,16.3,12.4,8.0,4.0,28.7,32.0,18.4,21.2,3.1,13.3,40.4,27.6,35.6,36.6,40.6,39.4,5.9,5.1,10.2,8.1,23.8,35.0,45.1,37.6,7.1,6.1,6.9,6.0,22.8,57.8,2.0,3.1,32.3,32.0,23.2,18.2,4.0,2.1,10.1,8.9,5.1,9.0,17.0,19.0,22.0,18.2
1772523978.679052,18.9,10.1,19.2,16.2,35.4,40.2,3.0,4.0,5.0,12.0,5.1,6.2,30.3,38.0,31.3,33.0,10.1,10.1,36.0,29.0,40.0,40.6,40.6,42.2,5.1,4.0,12.0,7.9,25.5,31.7,41.6,40.2,4.0,6.1,1.0,3.1,35.0,46.0,2.1,4.0,31.7,27.7,25.0,20.8,4.0,3.0,9.1,11.0,7.1,6.2,25.0,23.8,21.0,19.2
1772523979.6801512,26.5,14.1,18.0,16.5,36.1,38.6,10.0,5.1,4.1,3.1,7.1,6.1,35.0,26.3,35.4,28.6,12.4,18.2,41.0,26.3,35.0,40.6,40.4,40.0,5.0,5.1,9.1,9.2,27.0,38.4,41.2,24.0,3.0,5.1,4.0,3.1,45.1,36.6,3.0,3.1,21.0,22.0,26.0,18.2,4.0,5.0,9.1,8.2,7.1,7.1,19.0,17.2,22.2,26.0
1772523980.6802847,22.0,12.1,15.3,12.0,34.3,29.3,4.1,6.0,16.2,6.1,5.0,4.0,32.0,16.7,16.5,17.3,3.1,3.0,35.6,30.0,36.6,34.3,37.4,41.6,5.1,3.0,7.0,5.1,19.2,27.7,39.6,27.7,2.0,5.0,3.0,3.0,38.0,42.9,4.0,2.0,23.0,21.0,19.2,14.1,3.0,1.0,6.1,6.0,5.1,8.1,24.8,25.0,16.0,17.2
1772523981.6842916,12.4,11.0,21.0,17.3,37.4,42.2,3.0,2.0,13.3,6.1,3.1,6.0,32.7,34.3,16.8,14.3,4.0,15.0,33.7,32.7,38.2,38.2,40.6,40.0,5.0,4.0,7.1,10.0,27.7,33.7,39.2,40.2,8.0,4.0,7.1,2.0,41.0,39.2,4.0,5.0,21.8,22.0,25.0,20.0,4.1,2.0,10.9,10.8,6.0,8.0,21.8,20.0,20.8,25.0
1772523982.6871524,15.0,12.0,17.0,18.6,39.0,37.0,4.1,3.1,6.9,5.1,5.0,6.1,32.7,26.7,32.0,29.3,11.0,10.2,35.0,33.0,36.0,40.2,40.0,40.0,5.1,4.0,8.1,6.1,27.7,30.0,41.6,41.6,7.1,4.0,7.1,4.0,41.2,40.6,3.1,3.0,27.0,28.0,24.2,20.8,4.0,5.0,12.0,7.1,7.1,6.1,18.2,16.2,21.6,19.2
1772523983.687235,10.4,7.1,18.2,15.2,23.7,43.6,5.1,2.0,4.1,11.1,4.1,3.0,30.7,33.3,31.0,35.7,9.2,9.1,33.7,36.4,37.3,36.0,21.0,24.0,4.0,4.0,7.1,7.1,26.3,28.3,41.6,41.0,4.0,5.1,2.0,2.0,42.0,38.0,18.4,6.1,28.3,33.0,22.5,20.4,3.1,5.0,7.1,11.1,7.1,4.1,23.0,24.2,21.0,17.5
1772523984.6889336,17.2,13.0,18.4,18.4,29.3,46.1,7.1,3.1,12.2,4.1,6.1,5.1,33.0,26.0,18.7,19.6,11.1,10.9,34.7,37.0,43.0,37.6,25.3,14.3,6.1,2.0,6.1,7.1,34.7,28.0,36.0,42.6,4.0,4.0,4.0,4.0,43.4,41.0,6.1,5.1,31.3,30.0,21.2,23.8,2.0,3.1,9.2,19.0,6.1,9.8,16.2,17.6,22.2,18.2
1772523985.6940389,14.6,9.0,20.0,21.0,32.7,42.6,2.1,4.1,13.1,12.1,6.0,7.0,39.6,24.2,12.0,25.0,9.1,13.1,37.6,33.7,40.4,37.9,12.0,10.0,6.0,5.0,11.0,9.0,33.0,28.7,40.2,23.8,3.0,6.9,3.0,5.1,40.2,41.7,3.0,3.0,32.7,31.7,26.0,23.8,3.9,5.0,10.8,15.8,8.1,7.1,28.8,28.0,24.8,24.8
1772523986.7000074,19.4,15.3,26.3,21.2,51.0,29.7,8.9,3.1,4.1,3.1,4.0,6.1,36.3,36.6,28.3,28.6,7.1,9.1,34.7,39.0,40.0,41.6,25.0,10.0,5.1,3.1,7.0,6.1,31.0,34.0,26.0,30.0,4.0,4.1,3.0,3.1,41.4,39.0,3.1,3.0,39.6,43.4,28.3,22.2,4.1,2.0,10.2,12.1,8.1,5.2,19.2,17.2,25.3,23.0
1772523987.7048566,14.3,7.1,17.3,17.2,33.7,38.6,4.0,5.1,12.1,6.1,4.1,5.0,31.3,28.7,38.0,22.7,9.2,5.2,33.7,33.3,40.6,35.6,42.0,5.0,5.1,3.0,6.1,7.9,30.3,29.4,20.2,40.6,2.0,4.1,3.0,2.0,41.2,39.4,4.0,6.1,40.6,40.2,28.0,22.0,1.0,4.1,8.1,9.1,7.1,6.9,22.8,24.0,23.0,17.2
1772523988.7067864,10.3,9.0,19.8,22.0,34.7,35.6,2.0,6.1,5.1,15.0,4.0,4.1,32.7,30.7,18.4,18.2,12.1,12.0,33.3,37.0,41.2,37.3,30.3,31.0,5.1,5.0,7.0,10.1,28.0,33.3,42.2,43.1,4.0,8.2,2.0,4.0,40.6,38.6,3.1,3.1,42.0,40.0,21.0,28.0,3.1,6.1,7.1,11.9,6.1,8.1,19.0,16.2,21.0,25.0
1772523989.7068775,12.4,9.0,17.3,24.7,48.5,28.0,5.1,5.1,6.2,10.3,5.1,5.0,36.4,30.6,13.1,17.3,8.2,3.1,40.8,30.0,38.6,39.0,41.4,34.7,4.0,4.0,4.1,8.0,33.0,29.3,31.3,31.0,5.1,4.0,1.0,4.0,44.0,35.6,2.0,11.1,40.0,40.6,27.0,21.0,2.0,7.1,11.1,5.2,6.1,4.1,24.0,24.8,25.5,18.2
1772523990.7080953,11.2,7.1,20.0,22.0,36.0,30.4,3.0,3.0,1.0,4.0,2.0,4.1,29.7,23.0,21.4,19.4,15.7,13.1,31.4,32.7,34.7,35.9,41.6,40.2,4.0,5.0,7.1,4.1,25.0,27.7,21.0,38.6,5.0,3.0,3.0,4.0,36.6,43.6,3.0,3.0,40.6,41.6,20.0,20.8,2.0,12.0,7.0,7.0,6.1,5.0,17.0,18.2,21.2,15.2
1772523991.7086473,11.2,11.0,21.4,17.3,37.4,38.6,5.1,9.1,5.2,11.2,7.1,5.1,30.3,37.0,24.5,32.7,3.1,8.1,37.0,33.0,39.0,42.0,25.3,39.4,6.1,5.1,8.2,6.1,30.3,32.0,41.0,22.8,3.0,4.1,4.0,6.1,44.0,35.4,7.0,10.2,40.6,41.0,24.2,24.2,4.0,5.1,8.2,12.1,8.0,7.3,16.2,16.0,21.8,23.0
1772523992.7116265,16.7,11.3,16.2,20.4,28.9,43.0,6.1,4.0,9.2,11.1,6.1,5.1,34.0,30.3,28.6,21.4,14.3,13.1,32.3,36.0,39.6,39.6,26.3,25.5,5.1,5.1,10.0,8.1,31.3,27.6,43.1,34.3,6.1,5.0,3.0,8.2,54.9,28.3,12.2,15.6,41.0,40.0,28.0,20.2,3.1,3.0,12.2,9.0,8.0,9.1,33.7,30.7,23.2,21.2
1772523993.7133126,16.0,24.7,15.8,18.2,43.4,32.7,2.0,3.0,11.1,6.2,5.0,3.1,31.0,29.0,21.6,26.3,5.1,9.3,32.7,35.4,38.2,35.6,42.6,36.6,9.0,4.0,9.1,9.2,28.7,24.2,37.6,42.2,3.0,5.1,2.0,2.0,29.3,52.0,19.4,15.0,41.6,41.0,18.0,23.8,3.0,5.9,8.0,9.1,5.2,6.1,13.1,11.2,17.2,22.0
1772523994.713693,17.3,32.4,15.3,12.2,37.8,30.7,5.1,3.0,4.1,10.1,7.1,4.0,30.7,26.0,28.3,19.4,17.2,10.9,31.3,35.0,32.0,39.6,39.4,41.6,3.1,4.1,6.0,12.0,30.0,21.8,37.6,44.6,3.0,5.1,4.0,3.0,35.6,46.0,7.2,7.1,38.4,41.6,18.2,21.0,2.0,2.0,11.9,5.1,7.0,7.0,30.7,32.4,19.2,19.0
1772523995.7137587,14.1,14.3,17.2,18.4,49.0,36.0,5.1,3.0,4.1,11.2,8.2,3.1,32.3,25.3,28.6,29.6,1.0,11.0,32.3,38.0,41.0,37.3,39.0,43.0,4.1,7.0,7.1,6.1,24.2,33.3,40.6,42.0,5.1,4.0,5.1,4.0,42.6,35.0,2.1,4.1,40.4,40.0,20.4,18.4,3.0,4.0,14.0,5.2,6.1,5.2,6.1,5.2,18.4,19.4
1772523996.7153444,11.3,12.1,18.2,17.0,40.0,32.4,3.0,5.1,12.2,13.0,8.1,8.0,29.0,31.7,22.4,20.2,13.0,14.1,33.7,32.7,32.7,37.6,42.0,36.4,5.0,5.1,9.0,7.1,24.0,28.7,36.0,43.1,4.0,7.1,3.0,3.1,37.4,45.1,3.0,5.9,19.8,19.0,28.7,22.2,3.1,4.0,9.1,7.0,6.1,7.0,36.3,34.3,21.2,18.0
1772523997.7160983,13.1,9.0,16.2,19.4,46.5,28.0,3.1,3.0,3.1,3.1,6.1,5.1,25.0,37.4,23.2,24.5,7.1,4.1,38.0,35.4,37.0,38.6,39.4,39.6,5.1,4.0,7.2,8.0,32.0,28.3,31.0,37.0,6.1,5.0,3.0,3.1,33.0,49.5,4.0,3.1,12.0,14.7,19.0,27.0,4.0,1.0,11.0,8.1,7.1,7.1,11.1,9.2,23.2,19.4
1772523998.7171884,15.8,11.0,19.4,20.2,37.4,36.6,8.0,4.1,6.1,12.1,3.1,6.1,33.0,30.0,25.5,20.4,15.8,13.1,35.0,34.3,37.0,40.6,24.8,44.0,5.1,4.0,8.0,7.1,25.5,31.7,26.3,28.0,3.0,4.1,2.0,2.0,42.2,38.0,5.1,4.0,12.1,12.1,26.3,21.0,4.0,4.0,13.3,8.2,6.2,9.1,30.0,30.0,22.0,22.2
1772523999.7190237,12.1,7.1,25.0,17.0,39.0,32.4,3.1,3.0,5.1,12.2,4.0,9.1,31.7,28.7,31.0,28.0,1.0,8.1,32.0,37.6,40.8,38.2,23.2,38.2,4.0,4.0,4.1,8.8,30.0,35.0,39.2,25.5,2.0,5.1,2.0,5.0,39.0,44.1,3.0,5.1,13.9,14.0,21.6,25.0,3.0,1.0,7.1,6.0,5.0,9.0,11.0,13.1,22.2,22.0
1772524000.7196853,12.2,9.1,13.0,13.4,38.0,36.0,3.1,6.1,5.2,15.3,5.0,8.0,27.3,25.0,18.8,19.8,13.1,8.1,30.7,32.0,35.0,29.7,37.4,40.4,4.0,3.0,10.0,4.1,21.0,26.5,30.0,28.0,5.1,5.0,7.0,3.0,37.0,44.0,3.1,2.0,31.3,32.0,14.1,18.0,2.0,5.0,7.1,7.1,5.1,6.1,9.2,10.1,12.2,21.4
1772524001.720991,11.2,7.9,18.2,16.0,34.7,35.6,4.0,7.0,3.1,16.0,4.0,7.0,29.0,30.0,26.0,18.0,10.0,4.1,34.3,35.4,39.2,40.2,36.6,41.4,4.0,5.0,7.0,7.1,29.7,27.0,36.3,8.0,4.0,4.0,2.0,3.0,39.2,42.2,3.0,6.0,33.3,32.7,21.0,22.8,6.0,1.0,11.0,8.1,6.1,7.9,34.3,34.3,18.0,24.8
1772524002.721574,12.5,8.1,17.3,14.1,45.9,27.3,5.1,2.1,7.1,5.1,5.1,4.1,26.5,29.3,24.5,21.6,16.3,10.2,37.0,30.0,39.0,38.4,43.0,18.2,6.2,4.1,7.1,8.2,27.3,28.3,31.7,40.0,3.1,2.0,2.1,4.0,31.3,46.5,4.1,1.0,33.0,31.3,19.2,19.4,4.1,2.0,7.1,8.1,7.0,6.2,8.0,6.2,16.2,20.4
1772524003.7220395,16.7,8.2,22.2,23.2,51.0,24.2,5.1,2.1,12.6,12.4,5.2,5.1,31.7,38.0,39.2,29.3,3.1,10.2,31.7,40.4,40.2,42.2,20.4,37.0,6.0,9.0,5.1,11.2,28.0,33.7,36.4,32.3,7.1,6.1,13.1,2.0,44.6,40.8,5.2,4.1,32.3,30.7,25.7,34.0,3.1,2.0,10.0,12.2,7.2,8.2,35.0,36.6,22.2,26.3
1772524004.722897,13.0,11.0,22.2,15.3,48.5,30.1,3.1,4.0,7.1,9.1,7.0,6.1,28.7,35.0,20.6,22.9,10.2,16.8,35.0,36.4,38.2,41.7,35.0,41.0,6.1,3.1,8.9,10.0,34.0,32.3,41.6,40.2,6.0,7.0,6.1,1.0,34.7,44.0,8.2,7.1,35.7,36.0,22.2,26.3,4.1,3.0,9.0,12.1,11.0,8.2,8.2,9.2,22.2,26.0
1772524005.725771,12.2,10.1,16.2,20.8,40.0,24.8,6.0,3.0,10.1,3.1,5.0,5.0,34.0,32.4,26.7,16.2,10.0,2.1,34.0,35.3,36.6,36.0,32.4,30.0,5.0,4.1,7.9,7.9,26.0,33.3,40.8,41.2,5.9,4.0,2.0,4.0,29.0,53.9,7.1,16.0,39.2,40.6,24.0,19.8,2.0,4.0,8.0,11.0,7.9,7.9,32.4,35.9,21.2,19.0
1772524006.7259572,11.3,8.1,17.0,13.3,39.4,37.0,5.2,4.0,4.1,3.1,4.1,2.1,33.7,25.3,23.5,18.8,11.1,14.3,35.6,31.3,38.0,38.0,41.4,31.3,4.0,4.0,7.1,6.2,32.7,25.0,22.0,41.6,3.1,4.1,2.0,1.0,40.6,40.4,4.1,3.1,42.0,40.0,19.2,21.2,3.0,3.0,7.2,8.1,6.1,6.2,4.1,6.3,20.2,20.6
1772524007.7283416,14.7,10.1,17.0,15.0,35.4,33.0,5.1,1.0,22.2,12.4,6.1,5.1,24.0,37.0,27.0,30.7,5.1,10.0,32.3,29.3,39.2,36.3,39.4,41.6,6.1,2.0,9.1,5.1,25.3,26.3,4.1,41.0,2.0,6.1,2.0,2.0,48.0,32.3,2.1,2.0,40.0,40.6,20.0,21.2,3.0,2.0,7.1,8.0,8.0,6.1,31.7,28.7,22.2,18.2
1772524008.7346034,12.1,10.9,13.3,12.1,27.3,42.6,4.0,4.0,4.0,6.1,5.1,5.9,29.3,28.0,22.2,20.4,11.1,11.2,32.7,30.4,34.3,38.6,39.2,34.3,6.9,3.0,7.0,8.1,28.7,25.3,25.5,36.6,2.0,6.9,3.0,5.0,41.2,41.2,1.0,3.0,40.6,40.6,19.0,17.8,1.0,4.0,7.0,9.0,6.1,6.1,13.0,15.0,18.0,20.0
1772524009.7354572,13.1,8.1,16.0,17.5,27.0,46.6,4.0,4.0,5.1,7.1,4.0,2.0,26.0,27.7,25.3,25.3,3.1,5.0,37.0,29.3,37.0,36.6,41.4,18.2,3.0,5.9,6.1,7.0,23.5,30.0,24.0,35.6,1.0,5.1,3.1,3.0,31.0,49.0,2.0,3.1,40.6,40.0,19.0,23.0,3.0,4.0,10.1,6.1,6.1,4.1,18.2,18.2,17.0,22.2
1772524010.7363327,13.1,7.1,15.3,14.1,29.3,33.7,2.0,3.0,9.1,4.2,3.1,4.0,30.0,24.2,20.6,20.2,6.1,16.0,33.7,29.7,37.9,32.7,39.0,13.0,5.1,4.0,7.1,6.1,25.7,20.0,35.0,34.0,5.1,3.0,4.0,2.0,39.0,42.4,2.0,3.0,39.6,42.2,16.0,15.0,1.0,3.0,8.9,10.9,6.0,5.1,20.2,21.2,11.1,20.2
1772524011.7364042,12.4,10.9,20.2,19.2,41.2,32.0,5.1,2.1,19.8,7.2,5.0,6.1,31.3,29.3,19.2,34.0,7.1,7.1,32.0,37.6,38.0,33.0,36.4,27.0,5.1,4.1,9.2,7.0,27.3,33.0,40.6,40.6,2.0,3.1,2.1,3.0,36.6,36.6,3.1,3.1,42.6,41.0,25.7,25.0,3.1,3.0,10.2,7.1,6.1,7.1,12.1,14.0,22.2,20.0
1772524012.7364879,11.2,11.2,23.2,20.2,45.5,30.7,3.1,2.1,4.1,11.1,4.1,4.1,36.3,31.7,20.6,18.9,9.2,8.2,40.4,27.6,38.2,43.6,36.4,41.4,6.1,3.1,7.1,7.2,32.0,34.0,40.0,42.6,5.1,9.1,3.0,5.1,45.0,34.3,3.0,3.1,41.0,41.0,29.3,22.4,6.1,4.0,9.1,9.2,5.2,5.2,31.7,32.0,21.2,22.4
1772524013.7379081,12.1,7.1,13.3,11.2,27.3,34.7,3.0,2.0,4.1,4.0,2.1,4.0,23.2,21.2,19.4,34.7,10.0,10.3,32.0,29.0,37.0,34.0,34.0,46.0,4.0,4.0,4.1,8.0,24.0,24.0,40.0,35.6,5.1,6.1,3.0,3.1,40.0,42.6,9.0,5.1,36.0,35.0,19.8,18.0,4.0,3.0,8.0,7.0,6.0,5.1,16.8,13.3,18.0,20.0
1772524014.7389588,9.4,8.1,14.1,18.0,33.3,42.0,4.0,4.0,10.2,11.1,6.0,6.1,32.0,27.7,21.2,22.4,9.1,9.2,34.7,35.4,38.2,36.3,35.4,21.0,5.0,3.0,9.0,7.1,35.0,27.3,32.7,22.8,7.0,1.0,6.0,4.0,37.3,47.5,16.3,32.0,31.7,29.0,19.0,21.2,4.0,5.0,8.2,9.1,7.1,6.1,23.2,25.7,22.2,19.4
1772524015.7392397,11.6,5.1,18.6,12.2,40.8,26.7,4.1,2.0,9.2,4.1,5.1,11.2,23.2,32.7,26.5,24.0,8.2,10.1,36.4,29.0,33.7,37.0,31.0,20.2,4.1,4.0,12.0,8.1,27.6,21.2,21.2,19.2,5.1,4.0,3.1,3.0,45.0,35.4,16.3,13.3,27.5,26.0,22.2,19.4,4.1,2.0,7.1,10.1,5.1,8.1,19.0,21.0,22.0,16.2
1772524016.7422602,14.1,9.0,17.0,20.2,49.0,34.3,11.0,2.0,8.2,12.1,4.0,5.0,32.0,29.4,20.4,20.6,4.0,16.0,37.6,35.4,40.6,40.2,32.7,24.2,3.0,5.0,8.1,7.1,28.7,34.7,34.3,34.7,3.1,5.0,4.0,1.0,47.5,32.4,3.0,2.0,22.0,21.8,26.0,22.8,5.0,5.1,8.1,12.1,7.1,6.1,19.0,17.3,25.5,17.2
1772524017.7437956,12.2,9.1,16.2,23.0,34.7,35.0,4.1,3.1,5.2,4.1,6.1,4.1,31.0,31.3,27.3,30.3,12.1,9.2,39.6,29.0,38.2,39.6,20.4,21.2,6.0,5.0,6.1,8.0,29.6,30.0,42.0,40.6,3.0,4.0,3.0,1.0,35.6,45.5,2.0,5.1,21.0,16.2,22.5,24.0,2.0,5.0,11.1,7.1,8.0,7.1,24.0,25.0,19.8,22.0
1772524018.7458556,13.3,7.1,17.0,15.3,30.6,46.5,3.0,4.0,13.1,11.3,5.9,4.0,31.0,35.0,20.8,20.4,9.0,9.1,33.3,34.7,36.6,39.6,38.6,41.6,4.0,5.1,9.1,7.1,30.7,32.4,39.2,43.0,3.1,5.0,3.1,4.0,35.4,45.5,4.0,4.0,23.0,21.8,20.4,25.0,0.0,4.1,9.1,6.1,6.1,5.1,15.0,18.0,24.0,20.2
1772524019.7465925,14.3,10.1,20.0,13.0,40.2,33.7,6.9,3.0,7.1,7.1,5.0,4.1,26.5,32.7,26.3,27.3,13.3,10.1,33.7,30.3,39.0,34.0,40.6,41.0,6.1,4.1,10.1,8.2,31.0,25.3,40.0,42.6,5.0,6.1,2.0,5.1,33.7,47.5,3.0,5.1,21.0,26.0,21.0,21.0,4.0,1.0,7.1,8.0,6.1,7.1,30.3,31.3,16.0,20.4
1772524020.747559,16.0,11.0,18.6,14.1,44.0,24.8,4.1,1.0,9.3,8.1,4.1,5.0,32.4,31.0,21.2,18.6,5.1,11.1,38.4,32.0,38.2,38.6,42.0,39.0,9.9,5.0,6.1,8.0,30.0,32.3,41.7,41.2,4.1,2.0,3.1,3.0,38.6,43.6,4.0,4.0,21.2,21.0,26.0,19.0,1.0,5.1,11.1,8.2,4.1,8.0,7.1,11.1,19.2,22.2
1772524021.7494636,15.0,11.0,16.7,17.8,37.0,37.6,5.1,1.0,11.1,2.0,6.0,5.0,26.0,31.0,33.3,28.7,13.0,8.9,34.7,30.1,38.6,34.7,39.6,41.6,4.0,4.0,6.0,10.0,23.8,33.7,41.6,32.7,5.9,4.0,5.9,3.0,32.4,49.0,4.0,1.0,30.7,27.0,22.3,16.2,3.0,3.1,7.0,7.1,6.1,5.1,36.6,34.7,18.0,22.0
1772524022.749772,10.3,9.2,21.6,15.3,29.9,40.0,3.1,4.0,9.2,10.4,5.1,4.0,25.3,32.3,21.4,18.8,5.1,6.2,38.0,33.3,34.7,35.6,38.0,41.4,5.1,2.0,8.2,3.0,30.3,29.0,30.6,29.0,1.0,3.1,3.1,4.1,37.0,44.0,2.1,4.0,31.6,31.3,21.6,25.0,3.0,4.0,8.2,14.1,7.1,7.1,11.0,12.0,18.2,22.2
1772524023.7504587,14.4,9.3,15.2,15.3,37.8,34.7,3.1,1.0,17.3,3.1,4.1,5.0,29.3,27.7,17.7,22.4,9.2,16.3,36.4,33.3,34.0,35.3,42.0,39.0,3.0,7.0,8.2,7.0,24.2,30.3,37.6,37.4,4.0,3.0,2.0,2.1,41.6,39.0,2.0,2.0,34.0,32.7,24.0,19.2,1.0,7.1,7.1,10.1,5.1,7.1,22.2,24.2,18.4,21.2
1772524024.7505405,12.2,8.1,18.4,19.2,39.2,30.0,4.0,3.0,5.1,5.9,4.0,5.1,28.0,29.3,21.0,20.2,9.9,2.0,32.7,30.0,34.7,38.0,39.6,38.4,4.0,2.0,7.0,6.1,27.3,24.5,37.6,42.6,5.1,5.1,6.1,3.0,42.0,35.0,5.0,4.0,41.0,41.6,21.8,25.7,3.0,8.1,6.0,8.1,6.0,5.1,18.0,20.2,21.0,19.2
1772524025.7518797,13.1,10.0,16.3,18.2,39.4,35.6,3.1,5.1,6.1,9.3,4.0,5.1,31.0,34.0,38.4,24.2,11.3,11.2,37.4,31.7,39.6,39.2,37.4,44.6,5.1,4.0,5.9,9.2,32.7,31.0,38.4,41.6,3.0,2.0,5.0,2.0,35.6,45.5,3.0,4.1,41.0,41.0,24.2,27.3,3.1,2.0,9.1,9.1,6.1,8.9,22.0,19.0,20.2,21.2
1772524026.7542896,13.3,8.2,21.4,19.4,49.0,30.0,5.0,7.0,13.1,9.2,5.1,7.0,30.3,35.0,20.6,22.4,12.0,7.1,33.3,36.4,40.2,40.6,19.2,17.2,4.0,6.1,7.2,5.1,35.6,33.7,41.2,40.0,6.1,5.0,1.0,5.1,41.4,40.0,2.0,4.0,40.0,41.0,26.3,32.0,3.0,2.0,10.3,10.2,5.1,6.3,23.0,26.0,28.0,20.2
1772524027.7550614,11.5,10.0,20.0,17.3,35.0,38.6,3.1,6.1,12.2,13.1,3.1,6.0,31.7,32.7,16.3,16.2,2.0,18.6,35.0,36.0,37.6,37.3,12.9,9.0,5.0,3.0,7.9,6.1,27.3,27.0,31.4,15.0,3.1,3.0,3.0,5.1,40.2,40.6,12.2,4.1,40.6,41.7,22.8,22.0,4.0,3.0,12.7,8.0,5.1,7.0,12.1,13.9,22.4,17.0
1772524028.7557154,12.1,11.1,20.2,17.2,43.4,34.7,4.0,4.0,3.1,7.0,4.1,5.2,32.3,34.0,21.4,21.6,15.3,5.2,37.0,32.0,38.0,41.0,15.2,20.2,9.0,6.0,9.2,9.0,31.3,26.5,30.3,26.0,2.0,6.1,3.1,6.0,40.8,38.6,14.1,8.2,39.6,41.4,28.3,23.8,3.0,5.0,11.2,8.1,8.0,13.0,29.0,29.3,21.2,22.4
1772524029.7558029,14.1,11.0,18.0,18.2,24.5,47.0,3.1,1.0,16.3,6.2,6.1,4.0,25.3,30.0,32.7,38.8,12.2,7.1,36.0,30.0,34.3,39.0,37.0,23.0,5.1,3.0,7.1,9.1,29.6,29.0,42.2,29.0,3.0,4.0,6.1,2.0,42.0,34.3,3.1,3.1,42.0,39.6,21.0,19.2,2.0,2.0,9.1,8.1,5.1,7.1,15.3,14.0,19.2,23.2
1772524030.7572482,13.5,12.9,19.2,14.1,44.0,33.7,3.1,4.0,7.1,8.1,6.0,4.0,31.3,30.7,22.4,23.2,11.2,5.1,38.0,30.3,37.6,40.6,41.0,25.0,4.1,3.1,10.0,5.1,28.3,26.0,37.0,24.8,4.0,7.1,4.1,2.0,40.6,43.7,1.0,3.1,37.3,34.3,29.0,15.2,4.0,4.0,10.1,7.1,8.1,9.0,22.8,22.2,24.0,19.4
1772524031.7582598,13.7,8.2,16.2,14.1,33.3,40.6,3.0,2.0,12.0,8.0,4.0,5.9,32.7,26.3,16.5,16.5,14.0,6.1,32.0,34.7,39.0,37.3,39.4,40.4,4.0,4.0,7.1,6.0,25.7,25.0,40.6,41.0,7.0,9.1,4.0,3.0,39.0,42.4,4.0,3.1,31.3,31.7,21.2,23.8,0.0,1.0,7.1,8.1,6.1,7.1,18.2,20.0,16.0,23.0
1772524032.761421,13.4,11.0,21.0,21.2,45.9,31.0,8.1,5.1,17.2,5.2,7.1,7.1,32.3,32.0,15.2,30.0,12.4,6.2,39.0,32.3,42.2,41.6,40.6,41.6,5.1,8.0,9.1,10.2,31.0,39.0,43.1,40.6,9.0,8.0,9.1,9.1,40.2,44.0,6.1,10.1,33.7,32.0,24.0,25.7,5.1,5.1,14.0,11.9,7.1,9.1,22.2,26.7,20.0,26.5
1772524033.7663007,15.3,14.1,21.4,26.5,51.0,26.7,7.1,6.1,19.6,10.2,5.2,8.0,36.0,27.3,30.9,36.1,12.1,6.1,37.0,37.0,42.6,39.6,37.0,25.0,5.1,6.1,13.1,12.1,30.0,38.6,43.0,42.2,6.1,17.0,5.1,10.3,43.4,40.6,6.1,3.1,32.0,32.0,24.5,28.3,7.1,4.0,9.3,14.3,7.1,11.0,15.2,16.5,24.0,27.0
1772524034.793046,28.2,19.6,20.8,21.4,39.6,40.8,6.0,4.0,12.9,15.0,5.9,8.8,33.7,36.9,23.8,23.8,11.8,15.7,37.5,41.7,39.4,41.7,21.8,15.7,14.7,6.9,7.8,9.9,32.0,34.3,41.3,41.3,6.9,8.8,2.9,26.2,36.5,43.3,4.0,6.9,31.7,28.8,24.0,28.2,7.9,5.0,13.6,11.7,9.0,9.0,23.3,24.3,23.5,23.8
1772524035.793622,17.5,11.2,22.4,16.2,43.9,28.7,7.0,6.1,10.2,11.1,7.3,6.2,31.0,36.0,15.5,14.6,6.2,10.2,38.0,34.3,44.1,40.2,31.7,20.2,6.1,7.1,7.1,12.0,30.3,32.0,42.2,35.6,31.6,8.2,9.0,4.1,47.0,38.0,4.1,8.2,31.3,31.3,25.0,30.0,4.0,5.0,9.0,11.2,10.1,8.1,20.0,15.2,22.2,25.0
1772524036.7943976,21.2,16.2,22.2,21.2,26.5,54.0,4.1,32.3,5.1,7.1,7.0,9.0,27.3,36.0,27.6,15.3,12.1,17.2,34.3,34.7,36.6,40.6,39.0,25.0,8.0,6.1,5.2,11.2,32.7,36.6,25.3,28.3,4.0,5.2,4.0,6.9,42.6,41.6,13.1,18.0,32.7,33.3,34.3,20.2,5.1,5.0,10.2,10.1,9.1,9.1,17.0,15.3,26.5,24.2
1772524037.7944663,14.1,11.1,16.3,17.7,44.4,32.0,4.0,7.1,13.4,14.3,6.1,8.1,27.7,38.6,38.4,34.7,11.1,9.2,36.4,29.7,34.7,41.6,27.3,33.3,6.1,4.1,11.1,7.1,30.0,30.3,17.3,22.8,5.1,7.1,5.1,8.2,42.6,42.0,20.4,11.3,32.0,31.0,18.0,24.2,3.0,5.1,10.1,11.1,6.1,8.1,29.7,27.5,24.0,20.0
1772524038.7945447,9.5,12.1,24.8,24.2,48.5,30.4,7.1,4.1,15.3,15.2,7.2,5.1,36.0,31.0,27.8,29.6,11.2,14.1,31.0,33.3,38.6,40.6,31.0,35.0,5.1,10.0,9.2,6.1,32.3,34.0,12.0,33.3,5.1,4.1,7.1,5.1,45.5,36.6,11.5,21.2,28.3,29.0,23.5,27.0,9.1,6.2,13.1,12.1,11.1,20.0,11.3,11.3,23.5,26.5
1772524039.799857,15.7,8.0,27.0,20.8,39.0,27.7,5.0,3.1,4.0,5.1,7.9,5.1,30.0,29.7,13.1,12.2,3.1,14.1,33.0,35.0,36.3,33.7,39.0,42.0,5.0,6.0,8.9,10.0,27.0,25.0,17.0,40.6,8.9,4.0,5.1,2.0,37.6,47.5,3.0,5.0,20.8,21.0,26.5,20.0,4.0,6.0,9.0,9.0,8.9,7.9,28.4,30.1,18.0,21.8
1772524040.8016055,14.4,11.2,11.5,25.5,41.0,42.0,3.1,6.1,6.0,5.2,6.1,8.1,25.0,33.3,15.5,22.4,10.2,12.1,38.0,33.3,37.4,37.0,43.0,40.4,6.1,9.0,9.1,7.1,26.3,33.3,39.0,44.1,5.1,5.1,6.0,5.1,48.5,35.4,5.1,5.1,23.2,21.4,17.0,25.0,6.1,2.0,10.1,10.2,8.2,7.1,16.0,16.2,17.3,20.0
1772524041.808924,16.2,7.9,17.8,22.2,43.4,37.6,6.1,6.1,15.2,13.1,7.1,19.0,31.7,35.0,35.0,44.0,7.0,13.0,35.0,37.4,41.7,37.6,38.6,37.6,13.1,15.0,8.1,9.1,26.3,33.7,43.1,42.0,5.0,4.1,5.1,4.0,35.6,43.1,4.1,5.1,22.0,24.0,30.3,24.8,4.1,4.0,10.2,11.1,9.1,8.2,21.2,25.0,22.2,22.4
1772524042.8103387,12.4,11.2,25.3,21.4,44.4,31.7,3.1,5.0,7.3,19.2,7.1,11.1,40.0,27.3,28.1,28.1,9.3,17.2,37.3,33.3,40.6,40.6,22.0,31.3,8.2,4.1,11.0,8.2,37.6,33.3,44.1,40.2,4.1,6.0,5.0,5.1,32.0,49.5,3.1,4.0,21.2,21.2,29.0,25.0,10.9,4.0,10.3,11.1,11.1,9.1,19.4,20.2,29.0,21.2
1772524043.8107772,15.2,12.1,17.7,23.8,42.9,36.6,5.1,3.1,7.1,3.0,6.1,4.1,38.0,29.3,10.3,12.2,11.0,14.4,40.4,35.0,41.6,37.6,21.2,38.4,9.0,5.9,9.0,9.1,32.0,35.0,26.0,31.0,3.0,7.9,3.1,4.0,34.7,45.1,4.0,5.0,37.0,35.6,31.3,22.0,12.0,6.0,11.9,15.8,6.1,9.1,16.8,16.2,24.2,22.4
1772524044.8108587,16.8,11.1,22.2,18.4,35.4,37.6,4.1,4.1,5.1,6.1,5.1,5.1,29.3,36.6,16.2,15.2,8.2,4.1,38.4,29.3,36.0,42.2,34.3,41.0,6.0,6.1,4.1,9.0,31.0,33.7,8.2,17.0,5.1,2.1,2.0,4.1,36.0,41.0,3.1,3.1,42.4,39.6,25.0,20.4,5.0,3.1,21.4,11.1,9.0,17.0,19.2,24.2,25.7,20.2
1772524045.8116527,13.4,8.9,22.2,24.5,34.0,44.6,5.0,6.0,13.3,12.2,8.0,5.0,32.0,35.6,19.6,30.3,11.9,10.0,29.7,30.4,41.2,39.2,39.2,38.6,3.0,4.0,11.0,8.1,28.7,35.0,27.7,24.0,2.0,5.9,4.0,2.0,39.0,26.5,3.0,4.0,42.2,40.6,31.4,31.4,2.0,3.0,12.9,8.0,7.0,8.1,12.9,13.6,16.0,21.0
1772524046.811744,8.2,2.1,12.1,14.1,27.7,40.0,3.0,2.0,1.0,0.0,1.0,2.0,25.3,16.3,30.0,36.7,0.0,1.0,3.1,6.2,33.7,33.3,30.0,30.3,1.0,1.0,0.0,2.0,23.0,19.2,38.6,43.6,2.0,2.0,1.0,2.0,13.0,8.2,2.0,0.0,40.0,39.0,14.3,18.2,2.0,2.0,4.0,1.0,3.0,2.0,1.0,0.0,2.0,3.1
1772524047.8141105,11.3,6.1,23.2,16.3,47.1,23.0,3.1,1.0,1.0,3.0,1.0,5.1,28.7,35.6,18.0,17.3,9.8,1.0,24.8,12.9,39.6,36.6,30.6,29.7,3.0,2.0,14.9,1.0,30.0,26.3,38.6,41.6,0.0,1.0,1.0,1.0,19.0,21.0,0.0,3.0,37.6,37.0,29.7,24.8,1.0,3.0,5.0,4.0,2.0,4.0,4.0,5.9,5.9,12.0
1772524048.8141944,10.2,3.0,27.3,29.0,38.0,44.6,3.0,3.0,4.0,2.0,3.9,2.0,41.6,39.0,4.0,2.0,1.0,3.0,3.0,9.1,44.6,39.2,21.8,39.0,2.0,4.0,7.1,2.0,37.4,40.0,43.6,38.6,3.0,3.0,1.0,2.0,10.1,9.0,1.0,1.0,30.7,29.0,32.0,35.0,3.0,0.0,5.1,5.9,4.0,2.0,16.3,16.0,5.1,8.1
1772524049.8142645,14.3,10.1,22.7,23.7,36.4,39.6,2.1,11.1,5.1,3.0,3.1,5.1,36.7,36.0,2.1,4.1,6.1,19.8,31.0,23.5,39.6,40.0,20.0,22.4,5.0,1.0,7.1,8.1,33.7,28.3,42.6,38.6,0.0,3.1,5.0,2.0,23.0,24.0,4.0,4.0,30.3,31.7,32.3,27.0,1.0,3.0,11.1,8.1,4.1,6.1,12.7,10.2,11.9,13.3
1772524050.8152964,20.2,14.1,27.6,27.3,41.0,45.1,8.1,41.4,13.3,22.4,10.1,12.0,41.6,42.4,10.2,14.4,14.3,7.1,38.4,36.4,44.6,42.6,23.5,26.0,8.2,9.1,12.1,12.0,36.4,39.0,44.0,25.7,9.2,10.0,8.2,10.1,39.4,44.6,9.2,6.2,34.7,38.0,33.0,37.4,8.1,7.1,18.2,25.3,12.1,10.2,15.5,16.3,31.0,25.0
1772524051.8164134,14.0,9.1,22.2,26.0,47.5,26.0,5.0,20.8,6.1,10.8,4.0,6.1,36.3,43.1,6.0,7.0,18.0,10.2,24.8,35.3,37.6,41.6,26.7,33.7,6.0,2.0,4.0,3.0,35.0,30.7,33.7,29.0,4.0,4.0,5.1,3.0,29.7,32.7,5.9,5.1,33.7,30.7,29.0,26.5,5.0,4.0,8.1,14.9,7.0,7.9,13.9,13.0,14.9,18.0
1772524052.8166947,13.3,9.1,25.0,26.3,35.4,40.6,5.1,4.0,5.1,3.1,3.1,5.0,30.6,38.0,20.2,17.0,9.1,9.2,22.2,23.2,40.6,43.1,19.4,42.4,3.1,3.0,10.1,5.1,36.0,37.0,27.7,32.7,3.0,6.0,4.1,3.0,23.2,22.7,5.1,2.0,31.0,30.7,28.7,35.6,3.1,8.2,8.9,6.2,6.1,5.1,17.8,20.0,19.8,34.0
1772524053.8170886,9.5,6.9,31.6,32.0,40.0,42.0,3.0,1.0,5.1,1.0,3.1,3.1,41.6,38.0,41.2,42.0,3.1,4.0,24.2,26.7,42.2,43.1,38.0,42.0,2.0,3.0,10.0,7.0,39.6,34.0,28.0,34.7,3.0,3.0,2.0,2.0,18.2,17.0,1.0,2.0,24.0,23.0,38.6,42.0,2.0,2.0,7.1,9.0,6.0,3.1,6.1,8.2,10.9,15.0
1772524054.817178,7.3,2.0,25.7,23.2,36.0,39.2,1.0,3.0,3.0,2.0,5.0,3.0,36.4,33.3,31.6,33.0,4.0,2.0,11.1,17.3,41.6,39.0,41.0,39.4,2.0,2.0,1.0,5.0,31.3,34.0,32.0,28.7,2.0,1.0,3.0,4.0,9.0,7.1,2.0,2.0,20.8,22.8,32.0,29.7,1.0,1.0,3.1,3.0,2.0,2.0,1.0,2.0,7.1,1.0
1772524055.817823,10.4,5.0,21.2,21.2,33.7,45.1,4.0,2.0,2.0,1.0,3.0,2.0,39.0,31.0,3.1,4.0,1.0,2.0,11.1,8.2,35.6,42.2,23.0,40.6,2.0,4.0,3.0,3.0,36.0,30.0,21.0,21.0,1.0,2.0,3.0,3.0,8.0,8.0,1.0,1.0,21.8,21.2,34.7,30.7,1.0,1.0,4.0,5.1,2.0,3.0,1.0,4.0,5.1,6.0
1772524056.8179302,8.3,3.0,17.3,19.8,35.4,37.0,3.0,1.0,3.0,3.0,3.0,3.0,31.0,26.0,4.0,4.0,2.0,1.0,9.1,9.1,39.2,34.7,21.0,21.0,2.0,2.0,3.0,3.0,28.0,29.7,24.0,4.0,3.0,1.0,2.0,3.0,7.2,8.2,8.0,2.0,22.8,21.8,25.3,23.0,2.0,0.0,5.0,3.0,2.0,5.1,1.0,4.0,4.0,4.0
1772524057.820878,10.3,5.0,21.0,21.0,35.3,30.7,4.0,2.0,2.0,2.0,1.0,3.0,30.7,33.7,1.0,3.0,3.0,5.0,13.1,13.0,32.7,34.7,21.0,15.0,1.0,0.0,2.0,3.0,31.7,24.0,27.7,15.7,2.0,2.0,1.0,2.0,13.7,13.9,1.0,2.0,18.0,17.8,24.8,23.0,2.0,4.0,6.0,5.1,3.0,3.0,1.0,1.0,5.0,10.0
1772524058.82176,10.3,3.0,18.8,19.8,48.0,22.0,3.0,3.0,3.0,2.0,3.0,1.0,35.4,40.0,3.0,2.0,2.0,9.0,18.8,14.9,38.0,36.9,22.5,22.8,3.0,3.0,4.0,4.0,36.0,29.0,29.7,11.1,2.0,2.0,3.0,2.0,16.2,14.0,3.0,2.0,12.9,12.0,23.8,34.7,2.0,2.0,3.1,5.1,4.0,6.1,3.0,5.9,8.1,6.1
1772524059.8218307,9.5,6.1,25.5,23.2,37.0,32.7,1.0,2.0,5.0,3.0,1.0,3.0,36.6,32.0,1.0,1.0,7.1,0.0,14.1,15.3,39.0,41.0,21.2,19.2,1.0,2.0,4.0,7.1,28.3,29.0,8.1,34.0,1.0,2.0,1.0,2.0,15.0,15.2,0.0,1.0,12.1,10.1,26.7,29.3,1.0,2.0,4.0,6.0,3.0,6.0,10.1,9.2,7.1,6.1
1772524060.8219204,15.6,10.0,29.0,23.5,37.4,45.0,4.0,7.9,7.1,7.1,6.1,7.1,35.4,37.4,6.1,7.0,12.0,16.2,18.2,19.0,39.2,43.6,33.3,31.3,6.1,5.0,5.1,7.0,37.6,37.0,16.2,26.0,7.1,7.0,6.1,6.1,17.2,18.0,5.2,8.0,10.1,12.9,29.0,37.6,6.1,5.1,13.0,8.2,8.1,9.1,7.1,9.1,12.1,18.0
1772524061.8222773,9.5,5.0,19.4,13.1,45.1,25.7,4.0,1.0,4.0,3.0,4.0,2.0,38.2,21.0,3.0,2.0,6.1,2.0,25.7,20.2,37.3,38.0,22.0,18.2,1.0,4.0,3.9,5.0,26.0,30.0,8.0,9.0,2.0,3.0,2.0,1.0,16.0,24.0,3.0,1.0,2.0,0.0,17.2,32.0,4.0,3.0,6.1,5.9,9.0,4.1,6.0,6.1,9.1,10.1
1772524062.8244014,9.3,5.1,27.0,25.7,33.3,39.6,1.0,3.0,4.1,9.1,3.0,3.0,30.7,34.7,3.0,1.0,6.0,6.1,25.7,16.0,41.0,42.2,20.0,20.8,1.0,2.0,2.0,3.0,32.7,34.7,3.0,2.0,3.0,2.0,1.0,2.0,13.0,15.0,0.0,1.0,1.0,2.0,28.7,32.4,2.0,1.0,9.8,6.1,10.1,5.0,17.0,18.8,10.0,12.2
1772524063.8244784,11.3,7.1,36.4,33.0,34.7,51.0,3.1,4.0,12.7,5.1,4.1,4.0,41.0,41.4,5.0,4.0,4.1,6.9,14.3,13.0,42.2,39.6,14.3,11.1,4.0,3.0,3.0,3.1,41.4,36.4,3.0,4.0,3.0,5.1,3.0,3.1,11.9,12.1,3.0,4.0,4.0,3.1,37.4,42.4,2.0,6.0,5.1,8.0,5.1,5.1,10.0,9.0,12.0,11.2
1772524064.824882,8.2,3.0,13.1,14.1,34.0,19.8,0.0,1.0,0.0,3.0,1.0,2.0,19.8,19.0,29.6,23.2,2.0,0.0,10.0,10.1,28.0,23.8,22.0,22.2,1.0,0.0,2.0,1.0,19.8,21.0,3.0,18.2,1.0,1.0,2.0,0.0,9.3,10.9,2.0,2.0,0.0,2.0,16.8,14.0,1.0,0.0,5.1,3.1,3.0,5.0,1.0,1.0,5.1,11.0
1772524065.8252957,8.3,5.1,25.3,20.0,47.5,27.0,2.0,1.0,3.0,2.0,5.0,2.0,31.3,38.6,40.8,37.1,1.0,3.0,14.1,11.1,37.6,40.2,26.0,21.8,1.0,1.0,2.0,4.0,36.4,33.0,38.6,3.0,1.0,1.0,1.0,3.0,16.8,14.1,1.0,0.0,1.0,1.0,29.3,24.2,1.0,1.0,5.0,3.0,3.0,1.0,2.0,1.0,10.8,9.1
1772524066.8253777,6.3,2.0,16.2,15.2,42.6,29.7,2.0,2.0,2.0,2.0,3.0,1.0,27.0,29.7,17.5,19.8,1.0,2.0,7.1,10.0,33.7,40.2,20.8,20.0,1.0,2.0,2.0,0.0,27.0,33.7,40.6,2.0,1.0,3.0,3.0,2.0,8.1,10.0,0.0,3.0,1.0,0.0,23.0,23.0,1.0,0.0,2.0,4.0,1.0,4.0,1.0,2.0,5.1,5.0
1772524067.8266103,10.4,8.1,24.8,30.3,45.0,37.0,5.9,4.0,5.1,4.1,4.0,6.1,35.4,39.0,6.0,5.2,4.1,9.2,21.0,17.2,42.7,39.6,22.2,22.0,3.0,4.0,4.1,3.0,37.6,37.6,37.6,22.2,5.1,4.0,2.1,3.0,20.2,21.2,5.0,4.0,12.0,4.0,31.7,33.0,3.1,3.0,6.1,7.0,6.1,10.0,10.1,11.9,12.0,11.2
1772524068.827441,12.2,5.9,17.2,22.0,41.0,31.7,1.0,0.0,8.2,4.0,2.0,3.0,47.0,26.0,1.0,2.0,9.8,4.0,10.0,8.9,38.2,40.0,21.0,22.0,2.0,2.0,1.0,3.0,29.0,27.3,43.6,29.4,2.0,1.0,1.0,3.0,11.9,15.8,0.0,0.0,0.0,2.0,29.0,23.0,1.0,1.0,4.0,3.0,7.0,3.0,6.9,4.1,7.1,3.0
1772524069.8317502,9.5,5.1,18.0,25.3,41.6,34.3,2.0,2.0,2.0,4.0,4.0,3.0,35.3,33.0,3.0,3.0,6.1,7.1,16.8,30.7,42.2,37.5,29.7,22.8,3.0,4.0,6.9,5.9,36.6,35.3,39.2,40.2,4.0,2.0,3.0,1.0,23.0,25.0,18.6,3.0,7.8,11.9,31.7,20.8,3.0,3.0,9.0,9.0,10.9,12.0,21.8,21.0,13.0,14.7
1772524070.8318424,10.3,5.0,22.4,22.2,37.0,38.6,3.1,1.0,4.0,3.0,2.0,2.0,35.4,34.0,4.0,1.0,3.1,4.0,7.1,10.2,40.0,42.4,24.2,22.0,2.0,1.0,1.0,2.0,38.4,33.3,27.3,38.0,2.0,1.0,2.0,3.0,13.1,11.0,5.2,7.1,11.1,12.0,30.0,31.6,2.0,1.0,2.0,3.1,2.1,1.0,10.1,12.0,8.0,5.2
1772524071.8327265,6.4,5.9,21.0,22.2,34.7,39.6,3.1,2.9,2.0,3.0,1.0,3.0,34.3,33.0,2.0,3.0,3.0,6.9,16.8,12.1,37.6,38.2,39.0,16.2,3.0,1.0,3.0,3.0,36.0,30.0,41.2,13.0,4.0,2.0,1.0,1.0,11.1,14.3,2.0,3.0,11.1,11.0,23.0,30.7,0.0,2.0,3.0,4.0,4.0,3.0,1.0,3.0,7.1,6.0
1772524072.8353155,8.2,3.0,19.2,17.0,35.6,37.6,1.0,0.0,3.0,2.0,3.0,2.0,32.3,33.7,1.0,1.0,2.0,1.0,8.2,8.9,37.3,40.6,32.7,8.0,1.0,2.0,3.0,0.0,29.7,35.6,37.6,3.0,0.0,2.0,3.9,2.0,8.0,10.0,1.0,0.0,9.9,10.0,23.2,29.4,0.0,1.0,3.0,3.0,0.0,2.0,0.0,0.0,5.0,4.0
1772524073.837167,15.5,11.0,29.6,30.7,44.6,39.6,5.1,6.1,12.1,10.2,6.1,5.0,44.0,38.0,14.1,15.0,6.1,5.1,26.0,28.3,41.2,43.7,36.0,20.0,5.1,4.1,10.1,6.1,40.0,42.4,36.0,19.0,4.0,6.1,16.3,6.0,28.0,27.0,5.1,5.1,13.0,14.0,38.6,33.3,5.0,12.0,9.1,7.9,8.0,7.2,5.1,5.1,11.3,14.1
1772524074.8372521,7.3,3.0,22.8,19.2,45.0,26.0,7.0,13.1,3.0,5.1,3.0,4.1,33.0,28.7,43.0,39.2,12.1,3.0,20.0,17.2,42.0,36.0,29.0,22.0,2.0,5.9,2.0,3.0,32.3,24.8,19.0,29.3,2.0,2.0,5.1,2.0,17.8,19.0,1.0,3.0,11.1,12.0,24.8,21.2,3.0,1.0,5.1,4.0,4.0,5.0,3.1,4.9,12.9,11.2
1772524075.8402503,11.2,4.0,18.2,17.2,43.6,28.7,1.0,1.0,1.0,3.0,2.0,3.0,22.8,37.6,36.7,34.3,2.0,0.0,10.1,6.9,29.7,35.3,20.8,8.1,1.0,3.0,1.0,2.0,30.7,32.0,2.0,10.9,2.0,1.0,2.0,1.0,9.1,6.0,2.0,0.0,10.9,10.0,23.0,21.8,0.0,2.0,5.0,2.0,3.0,2.0,2.0,1.0,5.0,5.0
1772524076.8412366,11.9,4.0,32.3,25.3,37.3,43.6,1.0,1.0,2.0,2.0,3.0,3.0,33.3,39.0,6.0,7.1,3.0,2.0,8.9,14.1,42.2,39.6,21.0,31.4,3.0,1.0,2.0,2.0,36.6,39.2,24.8,16.0,1.0,3.0,2.0,2.0,9.0,9.0,1.0,2.0,11.0,10.9,33.0,34.7,1.0,1.0,3.0,4.0,2.0,8.1,0.0,2.0,6.0,5.0
1772524077.8413205,7.2,5.1,32.3,33.0,38.0,42.6,3.0,4.0,2.0,2.0,2.0,2.0,36.6,41.0,1.0,2.0,1.0,2.0,5.0,5.1,38.6,44.1,22.0,39.0,1.0,1.0,1.0,0.0,37.0,41.4,20.0,21.8,4.0,3.0,2.0,2.0,7.1,7.1,2.0,2.0,11.1,11.1,33.7,33.0,1.0,2.0,5.0,3.0,4.0,7.1,6.1,7.1,0.0,8.2
1772524078.8447278,9.4,6.9,16.8,23.0,36.0,37.3,2.0,3.0,1.0,6.0,2.0,4.0,29.7,32.0,2.0,3.0,8.2,9.1,15.2,15.8,40.8,35.3,28.0,33.3,10.0,2.0,4.0,4.9,23.5,33.3,20.0,21.8,2.0,2.0,3.1,2.0,26.7,20.8,2.0,2.0,10.1,10.1,20.8,27.7,2.0,2.0,5.0,5.1,4.0,3.0,6.1,7.0,10.9,8.0
1772524079.850079,7.4,5.0,30.3,27.7,43.1,40.2,3.0,4.0,2.0,5.9,3.0,3.0,34.3,39.2,2.0,3.0,4.0,4.0,8.0,12.9,43.4,38.0,39.6,17.2,12.1,2.0,2.0,2.0,35.4,36.4,19.0,23.5,2.0,3.0,3.0,2.0,13.0,15.0,3.0,3.0,12.9,12.9,38.0,38.0,3.0,2.0,13.0,4.0,3.0,4.0,18.0,5.0,6.1,8.0
1772524080.85227,14.3,10.1,27.3,28.3,41.4,30.7,6.1,3.0,10.0,4.1,6.0,4.1,39.4,30.3,5.1,4.0,9.0,8.1,36.6,34.3,43.1,39.8,19.0,9.1,6.0,4.1,6.1,5.1,32.0,31.7,20.8,13.9,4.0,4.0,4.0,5.0,31.7,35.0,4.1,7.1,25.3,20.4,27.0,31.7,4.0,3.0,8.2,16.7,7.1,5.1,17.0,17.2,21.0,24.0
1772524081.8586793,11.3,7.0,15.8,15.5,37.0,32.0,3.0,3.0,7.1,12.0,3.0,4.0,26.7,27.7,1.0,3.0,2.0,10.0,22.2,28.3,35.3,36.6,13.1,10.0,3.0,8.1,6.9,7.1,21.0,32.7,8.0,19.2,1.0,3.0,3.1,3.0,26.0,30.7,1.0,3.0,29.3,30.7,20.0,22.5,1.0,3.0,6.1,7.1,7.0,4.0,13.0,13.0,13.0,15.2
1772524082.8590324,14.3,12.0,18.4,25.3,40.0,35.6,5.1,6.1,16.0,7.1,8.1,8.1,36.0,37.8,33.3,34.3,9.2,13.1,43.0,31.0,37.0,38.6,33.0,24.5,5.1,8.2,7.1,8.1,32.3,37.0,26.0,23.0,7.1,4.1,4.1,4.0,34.0,44.4,4.1,6.1,39.4,44.0,30.6,24.2,5.1,3.0,10.2,10.3,8.2,6.2,19.0,16.2,23.2,22.7
1772524083.8591142,13.3,10.3,22.2,15.3,39.4,36.3,3.1,2.1,12.2,5.2,8.1,10.1,30.3,35.6,42.3,39.8,13.0,10.3,38.4,31.3,40.6,40.6,41.0,40.6,4.0,7.1,8.2,8.1,40.2,43.4,40.4,39.0,7.1,8.1,5.0,4.2,38.6,43.6,4.1,4.1,39.6,42.2,22.2,26.3,5.1,4.1,9.0,13.0,9.1,9.1,25.0,26.5,22.2,24.2
1772524084.8623388,12.1,9.0,15.3,16.2,49.0,26.0,4.0,1.0,5.1,11.1,7.0,4.1,32.4,28.0,21.2,23.0,10.1,9.2,33.7,34.0,38.6,40.6,40.0,40.4,5.0,5.0,7.1,8.0,29.6,26.0,41.7,41.7,8.2,4.0,6.2,5.0,30.7,50.0,3.1,2.0,41.6,40.4,17.2,22.0,1.0,3.0,9.1,7.0,7.1,6.1,16.2,18.0,19.0,18.4
1772524085.8624206,10.2,11.0,22.2,24.2,48.0,31.0,5.1,4.0,4.1,3.0,6.1,6.1,30.3,36.4,4.0,2.1,15.3,5.1,28.6,21.2,41.2,39.6,42.6,39.0,3.0,6.0,8.0,7.1,31.3,34.0,41.0,42.6,6.1,5.0,4.0,6.1,32.7,31.3,2.1,3.1,32.0,33.7,30.0,26.0,7.0,2.0,11.1,11.1,5.1,6.1,21.6,21.0,21.4,20.0
1772524086.862497,13.3,13.1,16.2,21.2,43.1,33.0,5.1,3.0,7.1,16.2,21.2,5.1,31.3,30.0,10.2,13.1,3.0,4.1,37.6,34.0,38.0,42.7,41.0,36.0,4.0,4.1,9.0,11.3,33.0,33.0,41.2,42.6,1.0,6.1,2.0,4.0,46.0,37.6,4.0,3.1,31.0,32.0,24.2,24.0,3.1,2.0,8.0,10.0,8.0,6.1,16.2,15.8,20.2,23.2
1772524087.865325,15.5,9.1,31.3,27.6,38.8,43.6,6.1,7.1,8.2,13.1,15.3,10.2,41.0,44.7,41.4,41.4,13.0,13.0,24.2,29.4,38.8,42.0,41.0,24.8,7.1,6.1,10.1,10.1,42.2,35.6,41.0,43.6,9.2,4.1,7.0,3.1,40.0,30.0,5.1,6.1,31.0,32.7,37.0,34.3,4.0,6.1,8.2,12.2,7.1,9.1,27.7,27.0,16.3,21.4
1772524088.8715503,15.0,8.9,18.2,14.0,30.0,40.2,2.0,7.1,3.1,5.0,12.0,7.8,35.6,37.0,33.3,34.0,11.0,12.0,24.8,33.0,34.7,38.2,31.7,13.0,5.0,3.0,6.0,8.0,28.0,22.0,39.8,37.3,8.1,3.0,2.0,9.9,33.7,33.3,7.9,4.0,31.4,33.7,21.6,23.5,2.0,4.0,10.8,7.0,5.0,7.1,14.0,13.0,20.8,19.0
1772524089.8720255,14.4,11.1,21.2,19.2,27.3,50.5,9.0,5.1,12.2,5.1,6.1,5.2,30.0,38.4,13.3,12.2,5.2,5.1,34.3,33.3,39.2,34.0,26.8,27.6,7.3,4.1,8.1,8.2,29.0,35.4,43.6,21.8,5.1,6.1,5.1,6.1,45.5,36.7,7.1,18.2,33.3,32.7,30.3,24.5,3.0,9.1,9.4,9.0,10.2,8.2,12.4,15.5,22.4,23.5
1772524090.8737764,11.2,6.9,20.0,18.0,39.2,38.6,2.0,3.0,5.9,2.0,3.0,4.0,27.7,34.3,3.0,2.0,10.0,8.0,24.8,22.5,35.6,42.7,21.0,41.2,5.9,3.0,5.1,5.0,26.0,35.6,32.7,16.0,3.0,3.0,2.0,1.0,19.2,17.8,8.0,6.0,30.7,30.7,31.0,28.0,2.0,1.0,5.9,5.1,4.0,5.9,22.5,21.8,11.9,14.7
1772524091.8778949,15.3,9.2,28.3,23.5,39.8,37.0,3.1,5.1,8.2,3.1,6.1,6.2,33.7,32.7,11.3,13.1,12.1,12.1,32.7,35.1,42.6,37.0,26.3,35.4,7.0,5.0,7.1,5.1,36.4,35.6,32.3,31.7,4.0,3.1,3.1,4.1,40.4,31.3,12.2,16.3,41.0,41.0,31.0,29.6,5.0,3.1,11.1,9.1,7.1,7.1,9.1,11.1,12.2,21.2
1772524092.8786256,19.6,6.0,25.5,23.2,48.5,31.4,6.9,4.1,12.1,8.2,3.0,6.1,37.4,33.7,35.0,44.4,4.0,3.1,17.0,18.2,42.0,38.2,35.0,27.7,2.0,2.0,12.0,5.0,30.7,33.3,26.7,36.0,2.0,5.1,5.1,5.1,18.0,19.2,12.2,18.2,41.0,40.0,34.7,29.7,13.1,3.0,5.2,5.1,5.1,6.0,7.0,6.1,5.1,14.9
1772524093.8794172,9.7,6.0,24.0,23.0,41.6,36.6,2.1,4.0,8.2,11.0,4.0,4.0,28.0,34.7,30.5,32.7,4.0,7.1,24.5,24.8,39.6,36.6,26.0,36.4,4.0,2.0,3.1,5.1,26.0,35.6,34.0,39.4,4.0,3.0,3.0,2.0,29.7,26.7,3.0,2.0,41.6,43.0,30.0,42.4,3.0,4.0,9.0,10.9,5.0,5.1,3.0,3.1,15.0,11.2
1772524094.8795004,11.3,7.1,22.2,24.5,41.0,35.6,4.1,4.1,5.1,5.1,5.1,4.1,35.0,33.7,13.1,13.3,9.2,10.1,26.3,28.3,42.6,41.6,23.0,21.4,5.9,5.0,5.1,4.1,33.0,36.0,26.7,30.1,4.0,5.1,4.0,3.0,34.3,29.3,3.1,3.1,35.4,39.6,30.3,32.0,4.1,4.1,10.9,9.0,9.0,8.0,21.2,21.8,21.2,12.1
1772524095.8824844,12.5,10.0,20.4,22.8,40.4,38.6,3.1,7.1,4.0,3.0,6.9,5.1,34.7,27.7,4.1,8.1,4.0,8.1,35.3,36.6,37.9,40.6,22.2,22.8,5.1,2.0,9.0,8.9,31.0,34.7,26.5,19.0,5.1,3.0,4.0,2.0,43.6,36.3,3.0,5.1,28.7,27.0,23.0,27.3,4.0,3.0,9.1,7.1,12.2,9.1,18.8,19.2,21.2,23.8
1772524096.8827548,10.3,4.1,32.4,25.5,47.0,31.7,4.0,1.0,2.0,2.0,3.0,3.0,39.0,40.4,3.0,3.0,7.0,8.0,15.0,14.0,42.6,41.0,9.0,15.0,4.0,1.0,2.0,2.0,39.0,36.4,31.3,0.0,1.0,0.0,2.0,2.0,12.0,12.1,1.0,1.0,21.0,20.8,34.7,33.7,0.0,4.0,5.1,6.0,4.1,11.2,10.0,10.0,9.0,3.1
1772524097.8886774,13.0,9.8,23.2,25.7,32.7,40.6,3.0,4.0,4.0,9.0,1.0,3.0,35.0,36.3,3.0,4.0,4.0,3.0,17.8,20.0,37.3,41.2,16.0,6.1,2.0,2.0,3.0,5.0,31.7,36.6,2.0,1.0,2.0,2.0,3.0,2.0,22.0,21.0,2.0,1.0,21.6,19.8,36.0,27.5,2.0,2.0,7.1,8.0,5.0,6.0,1.0,2.0,9.1,13.9
1772524098.9008243,13.4,8.9,21.0,22.8,16.2,51.5,4.0,3.0,5.9,5.1,5.9,5.0,34.3,35.3,20.0,19.0,6.0,4.0,21.2,25.7,39.2,39.8,33.0,22.8,5.0,3.0,5.0,5.1,27.7,29.0,17.2,13.0,6.9,4.9,5.1,3.0,30.4,29.4,1.0,5.9,20.0,19.2,25.7,29.7,2.0,2.0,8.0,9.0,6.1,7.0,13.0,14.9,15.8,17.0
1772524099.9009082,14.1,9.1,20.0,21.6,39.4,37.0,6.1,2.0,5.2,3.0,4.1,4.0,26.3,34.7,38.1,39.8,10.0,8.2,35.0,30.0,37.6,40.6,41.0,20.2,4.0,4.0,7.1,6.1,30.3,34.3,41.6,1.0,3.0,2.0,3.0,2.0,31.0,36.0,3.0,6.1,12.1,12.0,23.8,26.0,2.0,3.0,8.2,8.1,5.0,6.1,18.0,17.2,14.3,19.4
1772524100.9024286,13.5,5.1,15.5,17.0,40.0,37.0,5.2,6.1,6.1,15.3,7.9,5.1,34.0,26.3,33.7,33.7,11.2,10.1,30.0,34.3,39.2,34.7,44.1,36.0,6.0,6.0,9.1,8.1,33.0,25.0,42.2,31.0,7.1,12.1,6.1,6.0,39.4,45.5,5.0,5.1,15.8,12.1,27.7,18.4,4.0,4.1,11.9,12.0,6.1,9.1,17.2,18.2,22.8,22.2
1772524101.9095557,14.0,7.0,20.2,17.2,53.0,38.2,5.9,1.0,7.1,15.0,5.1,4.0,23.8,40.6,7.1,4.1,4.0,15.2,37.0,38.2,39.0,43.1,40.0,25.7,5.9,5.0,7.9,8.0,35.0,34.7,42.2,42.2,5.0,3.0,3.0,2.0,35.3,45.1,1.0,2.0,15.8,13.0,25.3,24.5,4.0,4.0,7.9,9.1,6.0,7.1,25.7,34.7,23.0,27.0
1772524102.9112809,15.8,10.1,13.1,17.2,35.4,33.7,3.1,4.0,9.2,7.0,4.0,5.1,32.7,26.0,19.0,13.3,9.2,10.1,26.7,35.7,34.3,35.6,42.0,22.0,3.0,3.0,8.1,7.1,24.0,30.0,40.6,41.2,4.1,2.0,2.1,3.0,41.2,39.0,4.0,3.0,24.2,24.2,20.0,23.0,2.0,2.0,7.1,8.1,5.1,8.1,17.8,19.2,16.0,22.0
1772524103.9117527,8.4,9.0,16.2,15.3,37.8,33.7,2.0,4.0,5.9,7.1,5.1,5.1,26.3,26.3,44.9,36.4,10.0,11.1,37.0,28.7,32.7,34.7,39.6,41.6,2.0,5.0,8.0,8.1,20.0,25.0,42.7,41.0,6.9,3.0,2.0,3.1,41.0,37.6,3.1,2.0,39.4,34.0,17.6,15.2,2.0,5.0,8.0,9.1,7.0,6.0,21.4,23.0,19.2,13.3
1772524104.912731,12.4,7.1,17.3,17.2,41.4,30.0,4.0,3.0,15.3,13.3,5.1,6.1,33.0,27.7,27.6,29.9,11.1,11.2,37.4,33.0,35.6,43.0,40.0,41.0,5.1,5.1,8.2,11.0,37.0,27.0,44.0,39.2,5.1,2.1,3.0,4.0,45.5,37.4,4.0,5.0,41.6,40.6,22.2,21.2,6.0,2.0,10.0,7.1,8.1,9.1,16.2,16.0,21.2,22.0
1772524105.9165542,11.2,9.1,16.2,16.0,33.3,41.6,4.0,3.1,10.1,8.0,4.0,3.1,28.0,31.7,13.1,9.1,9.1,7.1,35.3,29.0,35.6,39.2,38.0,39.6,3.0,4.0,7.9,7.9,31.7,22.8,24.5,37.3,3.0,5.1,3.0,6.1,31.7,47.1,2.0,3.0,41.2,41.7,21.8,30.4,3.0,5.0,12.7,10.9,7.0,5.1,24.5,23.2,22.0,16.0
1772524106.9166334,15.3,8.2,15.5,14.4,31.6,36.0,3.1,5.1,10.2,4.1,3.1,4.1,28.3,27.3,19.4,23.5,8.3,9.3,29.0,30.0,39.0,35.6,42.4,34.7,5.1,4.0,6.1,6.2,27.3,24.5,21.6,37.8,4.1,5.1,4.0,3.0,38.0,41.0,5.1,3.1,30.6,33.3,24.5,18.2,5.1,1.0,7.1,6.2,6.1,9.0,15.2,15.3,20.0,16.3
1772524107.917798,11.2,8.2,18.2,14.1,41.0,37.3,4.0,5.0,5.1,5.1,4.0,6.0,33.0,25.3,41.8,31.3,10.0,8.2,36.4,33.0,38.2,34.7,37.6,40.6,4.0,5.0,5.1,8.0,28.3,26.0,27.7,31.7,3.0,3.1,1.0,3.1,47.0,37.0,4.0,16.0,31.7,31.0,15.0,21.2,3.0,3.0,7.1,7.1,9.0,6.9,21.0,22.0,15.8,24.0
1772524108.91836,11.5,8.1,14.4,16.2,41.8,30.0,3.1,2.1,12.4,19.4,4.0,6.1,33.7,22.0,24.5,22.4,10.3,11.1,32.0,31.3,35.6,38.0,40.0,40.4,5.1,4.1,9.1,9.2,26.0,31.0,28.0,34.7,5.1,5.9,3.0,3.0,46.6,35.6,8.2,9.4,32.0,32.0,23.5,16.0,4.0,2.0,12.0,5.1,5.2,7.1,23.0,23.0,19.2,21.4
1772524109.9200878,15.8,13.3,20.2,16.3,40.8,32.0,4.1,3.0,5.0,2.0,5.1,4.0,30.3,32.7,20.2,18.4,11.0,12.0,38.4,36.6,34.7,41.6,36.0,39.0,5.0,4.0,8.1,7.0,34.7,30.7,36.0,40.0,6.9,2.0,2.0,5.1,50.5,32.0,6.1,3.0,30.7,32.4,27.0,21.2,1.0,4.1,10.1,7.1,6.1,7.1,19.2,20.8,27.3,15.2
1772524110.9203317,15.5,13.0,23.0,19.2,51.0,27.7,5.1,3.1,13.3,7.2,6.1,5.1,31.7,30.6,18.4,26.5,26.5,12.2,35.0,38.0,38.6,38.0,30.3,29.0,7.0,4.1,6.1,8.2,30.3,33.3,35.6,27.0,22.4,5.1,7.0,11.2,47.5,32.0,3.1,5.1,39.4,38.4,31.1,26.5,6.1,5.1,10.1,11.1,7.1,6.1,16.8,15.3,22.8,23.2
1772524111.9230757,18.2,21.4,22.7,18.2,36.7,45.1,4.0,5.1,5.1,4.1,7.1,5.1,33.3,36.0,24.5,31.3,11.0,9.1,31.0,41.0,41.2,41.2,20.2,14.3,4.1,4.1,8.2,11.0,33.0,31.0,20.2,29.0,29.3,10.1,3.1,5.1,44.4,35.6,3.1,6.2,42.6,39.6,30.0,28.3,4.0,4.0,13.0,8.1,9.0,7.1,25.0,23.0,23.2,24.0
1772524112.9244006,15.3,20.0,30.3,26.8,40.8,37.0,6.1,6.1,14.3,21.0,6.1,4.1,39.0,31.7,25.3,23.2,10.2,11.2,39.6,39.0,40.0,42.0,27.3,29.0,5.1,4.1,7.0,11.2,36.0,32.3,22.0,38.6,15.2,9.3,4.0,5.1,40.6,43.0,5.0,4.1,41.6,40.6,31.0,33.3,14.0,3.1,10.3,12.0,7.2,8.0,16.3,16.2,24.2,29.3
1772524113.9259121,17.0,12.9,23.8,20.0,30.6,45.1,4.0,1.0,3.0,4.1,4.1,5.0,32.7,31.0,17.2,21.6,6.1,8.0,35.0,34.3,35.6,41.2,42.0,39.0,5.1,5.0,8.1,7.1,30.7,30.7,21.2,27.3,20.2,18.8,2.1,1.0,38.0,42.0,2.0,6.1,41.6,42.0,17.0,29.7,5.1,2.0,8.9,8.2,7.8,8.1,22.8,23.0,28.0,15.0
1772524114.926127,9.7,10.1,22.2,12.2,38.4,34.0,6.0,5.1,7.1,11.1,5.2,3.1,29.3,34.3,26.5,17.3,8.2,7.1,36.4,30.3,40.2,39.6,39.0,43.0,5.1,5.1,7.1,7.1,25.3,33.3,28.7,39.6,31.0,6.1,3.0,9.1,33.3,48.0,3.1,4.1,42.0,41.0,22.2,17.3,4.0,6.0,8.2,10.1,6.2,7.1,16.3,17.2,19.2,21.4
1772524115.926204,15.2,10.2,25.0,19.2,32.7,47.1,4.2,4.0,7.1,4.2,6.1,6.1,35.4,38.0,26.8,26.3,14.1,10.3,33.0,35.6,49.0,50.5,31.0,42.0,7.0,5.2,9.2,9.2,29.0,35.7,41.6,46.6,30.6,5.0,3.1,5.1,44.6,34.7,4.0,12.1,42.0,42.0,27.3,29.3,4.1,5.1,11.1,10.1,10.0,8.0,24.8,25.7,23.2,23.5
1772524116.9277937,13.3,9.1,13.1,17.3,38.4,36.0,4.0,4.1,13.1,12.1,4.0,5.1,34.3,27.7,24.2,22.4,9.1,9.1,31.0,33.0,32.7,41.6,21.0,40.6,4.0,4.0,4.0,4.1,38.4,34.3,41.2,41.6,18.2,12.2,3.0,1.0,40.6,45.0,2.0,11.2,33.0,33.0,22.0,21.0,1.0,1.0,9.9,9.1,6.1,6.1,8.0,9.1,18.2,18.2
1772524117.9293563,12.2,14.0,18.2,20.2,41.2,34.7,4.1,3.0,4.1,11.1,4.1,5.1,32.7,35.4,19.4,22.4,12.0,11.1,36.0,37.0,41.2,40.2,36.0,40.0,4.0,6.1,8.0,10.1,38.0,30.3,40.6,40.6,23.8,6.9,18.0,3.0,39.0,42.6,9.2,3.1,22.8,23.8,23.0,22.8,4.0,6.0,10.1,8.2,6.9,10.0,31.4,29.3,21.0,26.0
1772524118.930673,12.4,13.0,19.4,17.2,43.0,34.0,6.9,5.1,5.1,12.1,7.0,4.1,30.3,27.3,29.3,19.2,12.2,10.2,38.0,31.4,36.0,38.2,43.0,35.0,6.0,4.0,6.1,8.1,33.3,24.0,44.6,39.2,5.1,3.1,34.3,2.0,50.5,32.7,22.2,20.2,21.0,21.2,23.2,20.2,3.0,2.0,8.1,9.9,6.1,7.1,13.1,16.2,19.6,22.2
1772524119.9310951,11.5,10.1,20.4,20.2,39.0,37.6,6.9,8.2,10.2,4.1,7.1,7.1,31.0,34.0,27.3,24.5,14.1,11.1,39.0,29.0,40.2,39.6,37.0,41.8,6.1,4.1,7.0,9.2,31.0,33.7,40.6,40.0,21.0,4.0,16.2,2.0,40.4,37.6,12.1,23.5,22.0,23.2,28.7,28.0,6.0,4.1,9.0,11.1,6.0,8.2,14.3,16.2,20.2,22.4
1772524120.9327898,15.2,8.0,19.2,21.2,29.2,44.6,5.1,1.0,9.4,11.3,7.2,5.1,32.0,34.0,31.6,19.2,9.1,11.1,32.7,43.0,37.0,38.0,40.0,41.6,4.0,5.1,5.2,7.1,27.7,30.4,35.0,29.7,40.4,6.1,2.0,4.1,46.5,34.3,6.1,5.1,24.8,21.2,27.7,22.2,3.1,3.0,9.2,9.0,10.0,7.0,28.0,28.0,25.0,20.8
1772524121.9347847,10.4,7.1,20.0,19.0,37.4,38.0,3.0,2.0,7.1,12.9,6.1,4.0,31.0,27.0,24.5,24.5,5.1,13.3,32.3,34.0,39.2,42.2,37.6,41.0,5.0,3.0,7.9,8.0,33.3,26.3,28.7,31.0,35.6,4.0,0.0,5.1,41.6,39.6,3.0,3.0,22.2,22.0,25.3,22.8,3.0,2.0,11.0,10.2,5.1,7.1,12.0,15.0,22.0,24.0
1772524122.9359415,13.1,9.1,15.3,19.6,35.7,40.6,8.0,1.0,4.1,9.1,9.1,3.1,36.0,29.0,27.0,20.6,9.2,10.1,32.7,33.7,40.0,36.0,15.3,34.3,2.1,6.1,7.1,8.2,32.0,34.0,35.6,23.8,23.5,4.0,12.0,2.0,39.2,41.0,4.0,6.9,30.3,31.0,25.0,22.4,3.1,3.1,11.0,9.1,7.1,5.2,27.7,30.0,22.4,18.0
1772524123.9369287,12.2,8.0,16.3,16.0,36.4,36.6,3.1,2.0,4.1,6.1,4.0,4.1,33.0,35.6,23.2,24.2,9.2,18.0,30.0,39.4,35.0,43.6,16.8,39.2,5.0,5.9,6.1,4.0,29.7,32.0,20.0,26.3,5.0,8.1,32.0,3.0,37.4,39.0,4.1,4.0,31.7,30.7,20.8,25.5,1.0,3.1,10.0,8.9,5.1,7.1,13.9,14.3,23.2,20.2
1772524124.9379423,14.1,12.1,25.0,24.0,37.5,40.6,6.1,4.1,20.2,7.3,7.1,3.1,31.3,40.0,19.6,26.3,11.2,16.2,39.4,36.6,39.2,42.6,23.2,39.4,6.1,6.1,11.0,8.1,37.4,31.3,21.2,25.0,4.1,13.1,7.1,28.3,25.7,62.1,10.1,6.1,28.0,28.0,29.6,30.7,5.0,5.1,12.0,10.2,10.1,10.0,35.0,29.0,26.3,28.3
1772524125.9380264,12.1,6.1,12.2,17.2,39.4,33.0,5.0,2.0,7.2,7.1,3.1,3.1,37.6,24.0,24.5,22.7,9.0,10.9,33.0,29.3,34.7,37.6,21.0,45.0,5.9,2.0,4.1,7.1,27.3,26.7,26.7,40.6,1.0,29.6,5.1,8.0,33.3,42.0,2.0,4.2,33.0,29.0,21.0,13.1,3.0,4.0,5.1,9.0,4.1,5.1,9.1,11.1,15.8,19.2
1772524126.9440477,13.9,11.8,21.8,14.3,30.3,39.6,5.1,3.0,7.0,10.1,7.0,4.0,33.0,29.7,26.0,26.3,11.1,10.1,32.0,38.2,38.2,41.0,37.0,44.1,3.1,6.0,8.1,7.0,30.7,30.0,35.0,25.0,5.1,40.2,2.0,3.1,55.8,26.0,8.1,5.1,30.7,32.7,26.7,24.0,4.0,3.1,9.0,10.1,8.0,7.1,30.3,30.0,23.2,22.0
1772524127.9446244,12.6,8.2,25.5,21.4,44.4,35.6,6.1,5.1,6.1,6.0,6.1,5.1,36.4,41.0,22.9,26.3,10.2,9.2,37.0,33.7,41.6,40.2,42.4,40.0,6.0,5.1,7.9,8.2,42.4,39.0,40.6,19.2,5.1,12.2,6.1,3.0,44.4,40.2,5.1,6.2,33.0,30.3,27.3,33.7,3.1,4.0,13.1,14.1,9.1,9.0,17.8,16.0,23.2,27.3
1772524128.9463203,16.0,10.1,17.8,23.2,50.0,30.7,29.3,12.1,10.2,23.0,8.1,8.1,32.4,31.3,28.6,18.6,9.2,10.0,42.6,29.7,38.2,40.2,42.0,39.0,4.0,7.1,6.2,9.2,33.0,35.6,45.1,31.7,5.9,11.1,2.0,6.1,44.1,40.0,4.0,5.1,38.4,36.6,31.7,21.8,5.1,5.2,11.0,11.0,10.1,6.1,20.0,17.3,24.0,20.4
1772524129.9470363,14.4,12.1,20.6,20.2,42.4,30.0,39.4,4.1,4.2,6.2,8.1,5.1,38.4,32.3,29.6,22.4,18.2,5.2,28.3,39.0,37.3,38.4,44.6,41.6,6.1,7.1,10.1,8.0,31.3,33.0,40.4,36.0,4.1,7.1,5.1,7.0,31.3,48.0,5.1,7.1,42.6,42.4,24.0,25.3,23.2,3.1,9.3,8.2,10.1,8.1,29.0,28.0,28.3,25.0
1772524130.9471173,14.1,9.9,18.2,17.0,34.3,38.2,10.9,3.0,11.0,5.9,4.0,6.9,31.4,35.0,28.3,17.8,20.0,10.9,29.4,39.0,37.3,40.8,46.5,41.6,3.0,5.0,7.1,6.0,28.7,30.7,41.7,21.6,8.0,4.0,5.9,5.1,35.6,43.7,10.9,7.1,40.4,41.2,25.7,22.8,5.0,3.0,8.9,8.8,6.0,6.1,9.0,7.0,22.0,15.8
1772524131.94883,12.5,9.3,23.5,21.2,30.9,44.0,5.2,3.1,7.2,4.1,8.1,4.1,27.8,33.7,28.4,21.6,30.3,13.5,32.3,36.4,37.4,39.0,28.9,32.7,9.3,6.1,10.3,6.1,31.6,36.7,41.0,38.0,4.1,6.1,2.1,4.1,40.4,39.8,14.4,8.3,41.8,40.4,27.3,26.3,6.1,5.1,9.2,8.3,7.2,8.2,34.3,34.0,24.2,22.4
1772524132.9514825,15.2,10.9,18.2,18.4,36.1,41.6,8.1,2.0,14.3,17.3,4.1,4.1,33.7,37.0,20.2,25.3,4.0,10.1,33.7,37.0,39.6,38.2,44.0,39.4,6.1,4.1,7.1,9.0,31.3,36.0,41.2,41.6,4.1,3.0,4.1,4.0,51.0,31.7,4.1,2.0,40.6,41.6,23.2,24.2,5.1,5.2,11.0,10.0,5.1,7.2,9.0,9.2,20.4,23.5
1772524133.952981,12.9,10.2,17.0,21.2,39.6,26.7,6.1,3.0,6.2,3.1,5.1,4.0,32.7,24.0,27.3,34.7,14.0,12.1,34.3,31.3,38.6,38.6,46.0,35.0,4.0,4.0,8.2,6.2,29.3,28.0,41.4,38.6,5.1,5.1,4.0,3.1,49.0,28.7,3.1,4.1,40.4,40.0,28.0,23.2,6.1,4.0,11.1,11.2,6.1,8.1,34.7,32.0,17.0,26.0
1772524134.953231,14.1,9.1,19.2,13.1,41.6,35.3,7.9,4.0,9.1,6.1,5.1,6.0,26.0,31.3,19.4,22.7,7.2,6.1,33.0,34.7,37.6,39.6,35.6,43.0,6.1,4.0,10.9,9.0,19.8,41.4,40.2,39.0,6.0,11.0,2.0,4.0,38.0,43.0,2.1,5.1,40.6,41.0,19.8,21.2,3.0,6.0,10.1,7.0,8.0,7.0,7.1,7.1,22.4,21.0
1772524135.9535663,14.4,10.1,27.8,24.5,42.3,37.4,9.3,4.1,4.1,16.3,7.1,8.1,39.0,37.0,19.6,25.8,11.1,14.3,34.3,40.6,42.0,40.6,33.7,29.0,6.1,6.1,10.2,12.2,33.7,41.0,40.0,44.0,3.0,9.1,3.1,3.1,30.0,52.5,5.2,7.1,38.6,35.0,33.0,33.3,4.0,6.1,12.1,11.1,9.3,7.1,30.0,32.0,27.0,25.3
1772524136.9586194,14.1,10.1,21.8,17.2,38.4,38.2,6.1,3.0,6.1,17.3,7.1,6.1,36.0,34.3,30.0,14.1,9.0,10.2,40.2,34.7,42.2,41.2,16.0,34.3,5.1,5.0,7.1,11.0,31.3,33.3,40.6,25.5,6.0,6.1,4.0,4.0,38.2,45.5,5.1,6.1,31.3,32.7,27.3,23.0,8.1,4.0,16.0,9.1,9.0,8.0,14.0,13.1,25.3,21.4
1772524137.9587045,15.0,10.9,20.6,24.5,48.5,28.7,4.1,2.0,7.1,4.1,4.1,4.1,35.4,32.7,27.8,30.9,8.2,7.1,32.7,40.0,41.0,40.0,44.4,36.0,5.1,4.0,8.2,9.1,39.0,34.3,30.0,30.3,3.1,3.1,2.0,2.1,39.4,39.6,1.0,5.1,21.8,21.2,31.0,31.0,5.1,5.0,8.2,10.1,7.1,6.2,25.3,27.0,28.7,24.0
1772524138.958779,12.4,6.1,13.3,13.0,32.0,34.3,4.0,4.0,6.1,7.1,4.1,5.0,27.7,26.0,18.2,25.3,5.1,6.1,33.0,31.0,37.6,33.3,37.0,41.0,4.0,3.0,8.1,3.1,27.0,26.3,31.7,39.2,5.0,2.0,4.0,2.0,29.7,49.5,4.0,5.1,22.0,20.8,20.0,20.0,2.0,2.0,7.0,10.1,7.0,5.1,14.7,11.2,17.0,15.2
1772524139.960496,13.4,10.1,25.3,21.0,51.0,32.0,8.0,4.0,10.1,9.1,6.1,4.1,31.3,40.0,19.4,18.6,14.3,4.0,31.3,44.6,42.2,41.6,21.0,34.0,5.0,6.0,8.0,10.0,31.0,38.4,21.8,22.2,6.1,4.0,4.0,5.0,26.0,57.0,2.0,4.1,21.4,22.2,24.8,29.0,2.0,4.1,9.1,12.1,7.1,8.2,25.3,24.0,25.0,26.3
1772524140.9610245,13.4,9.1,18.0,21.2,30.3,44.6,4.1,3.0,11.3,13.1,6.1,4.0,35.0,33.7,22.4,23.0,11.2,10.3,41.6,31.0,38.2,37.3,34.7,22.2,4.1,5.1,6.1,7.1,28.3,28.3,36.0,35.6,4.0,5.1,2.0,11.1,38.6,41.6,17.2,13.1,29.0,31.3,22.2,28.7,4.0,5.1,9.0,7.1,8.9,8.1,16.0,15.3,25.0,21.2
1772524141.9635296,17.0,11.0,21.4,19.2,34.7,46.5,9.0,3.1,12.2,17.3,7.1,9.0,33.7,32.0,34.3,30.6,6.1,16.3,31.3,38.4,39.0,42.0,41.0,23.8,6.9,7.0,9.2,15.0,32.0,31.7,40.6,40.6,4.0,8.9,4.1,7.1,38.6,44.0,40.4,32.0,41.6,39.6,27.3,28.3,4.1,5.1,8.1,13.1,7.1,8.2,24.0,25.0,33.0,30.3
1772524142.965952,13.4,12.0,22.2,21.2,31.6,47.5,8.2,7.1,14.1,8.2,9.2,9.2,33.0,33.7,27.8,24.5,13.1,13.9,37.6,32.0,37.6,38.2,38.0,28.3,5.1,7.1,14.9,23.0,34.0,32.7,24.0,40.0,7.2,4.1,8.0,4.1,39.6,44.1,10.1,8.2,31.0,31.0,29.7,31.7,6.1,3.1,9.4,10.0,8.2,10.1,16.2,13.3,23.7,24.0
1772524143.9670484,14.0,12.2,21.2,20.0,28.9,41.6,6.1,7.1,9.3,27.3,7.0,5.1,31.0,35.4,18.2,19.4,11.3,10.1,36.4,33.7,35.6,42.6,40.4,40.0,3.0,5.1,4.1,10.3,30.3,31.0,23.0,33.0,6.1,12.0,4.1,8.1,39.0,41.4,3.1,4.1,23.0,23.8,25.5,23.2,5.1,6.0,12.9,10.0,9.1,8.1,19.2,22.0,29.0,34.7
1772524144.9674337,14.3,10.1,18.4,18.2,36.7,38.6,4.0,2.1,14.3,11.3,5.1,5.1,27.3,34.7,25.8,16.3,12.1,9.2,37.4,35.4,41.2,34.0,45.5,35.4,3.1,7.0,7.1,7.1,31.0,25.5,32.3,42.2,4.0,5.2,7.0,5.1,41.0,40.6,6.9,6.0,23.0,23.2,21.2,22.2,2.0,8.1,10.2,7.2,8.1,6.1,20.8,21.0,24.0,22.0
1772524145.9686532,16.7,8.9,18.2,30.6,35.4,35.6,4.1,1.0,4.1,11.0,5.1,6.0,28.0,29.3,40.4,31.6,9.1,10.1,36.6,31.7,38.0,38.2,41.0,40.0,5.0,4.0,8.0,9.1,29.0,27.0,41.2,40.6,4.1,3.1,4.0,7.1,40.0,42.0,4.1,2.0,22.2,22.0,20.0,28.0,6.1,4.0,10.1,9.9,7.1,8.1,21.0,19.2,16.0,24.5
1772524146.9691033,15.0,8.1,18.4,13.1,40.8,34.7,5.1,2.0,12.2,3.1,4.1,4.1,28.0,32.0,25.5,22.7,11.3,11.0,37.4,31.3,36.0,41.0,38.6,30.0,6.1,3.1,9.1,4.1,26.0,33.7,42.2,41.0,4.0,4.0,4.0,2.0,37.0,44.6,4.0,26.3,31.3,35.0,17.3,27.0,3.0,0.0,18.2,10.1,5.1,7.0,21.0,20.2,18.4,19.0
1772524147.969179,15.2,8.1,20.4,24.7,38.0,41.2,7.1,5.1,13.1,8.2,8.1,7.1,39.4,29.3,16.0,12.2,9.2,10.2,37.8,35.6,43.6,52.9,27.0,21.0,4.2,9.0,10.1,11.0,33.0,35.7,44.4,41.6,6.1,8.1,6.1,7.0,44.6,39.2,4.1,14.0,43.0,41.0,30.0,23.8,8.0,6.0,14.0,13.3,9.1,11.2,23.2,24.0,28.0,27.0
1772524148.9699671,15.2,12.1,22.2,22.0,45.5,32.0,9.2,8.1,13.3,4.1,7.1,19.0,36.6,38.6,31.3,29.3,14.3,13.3,35.6,35.4,41.6,47.0,22.4,23.0,6.0,6.1,6.2,9.1,37.4,26.7,41.2,32.7,5.1,4.1,6.2,4.1,32.0,51.0,4.1,3.1,41.0,40.6,22.4,28.3,3.0,5.2,22.2,12.2,5.2,9.2,23.2,23.2,22.4,24.5
1772524149.9705126,11.5,8.1,17.3,16.2,40.4,23.8,6.1,3.0,11.3,5.1,4.1,4.1,24.5,34.0,37.1,36.1,7.1,10.0,36.0,29.7,33.0,34.3,37.4,36.7,6.1,4.0,8.0,7.1,32.3,21.0,34.0,30.0,6.0,5.0,5.1,2.0,44.1,36.6,2.0,4.1,43.1,41.6,23.8,21.2,3.1,6.1,12.0,8.1,6.1,9.0,17.2,17.0,21.0,15.5
1772524150.970624,12.9,10.9,17.0,17.3,43.0,30.0,3.1,3.0,10.0,4.1,6.0,4.0,31.7,26.0,22.4,23.2,16.0,15.3,32.7,37.6,34.7,39.0,38.2,42.6,6.0,4.0,5.1,10.0,26.7,24.0,32.7,30.0,5.1,3.0,4.0,2.0,43.0,37.6,6.1,3.0,40.0,41.0,24.2,18.8,2.0,7.9,9.1,7.9,8.0,6.1,25.5,22.8,23.8,21.8
1772524151.9707098,12.1,10.2,17.5,16.2,28.3,38.6,3.0,3.1,4.1,11.2,4.1,6.1,27.6,26.5,16.5,9.3,3.2,4.0,38.0,30.6,38.6,36.0,40.8,40.4,3.1,4.1,7.1,8.1,35.4,28.6,36.4,42.6,5.1,3.1,2.0,1.0,47.0,31.3,5.1,8.1,41.0,40.4,19.0,24.2,6.1,3.1,10.0,8.2,6.2,5.2,17.3,20.2,25.5,19.2
1772524152.9707892,14.0,8.2,19.2,17.0,41.4,32.7,8.0,3.0,8.9,7.1,18.0,4.1,32.0,36.0,24.2,24.0,12.0,10.2,39.8,29.0,36.3,40.2,43.6,22.0,5.1,5.9,7.1,9.0,28.0,25.7,26.0,38.0,6.0,4.1,3.0,6.1,34.0,45.5,3.0,11.2,41.6,41.6,22.8,27.3,20.0,6.0,7.1,7.1,8.9,5.1,14.7,16.8,17.0,20.0
1772524153.9722087,13.1,10.2,23.2,17.3,36.4,38.4,7.2,3.1,18.6,13.5,6.2,6.0,33.7,31.0,34.3,34.0,10.3,9.2,32.7,37.0,36.0,39.0,39.4,29.3,5.1,6.2,8.2,8.2,34.0,31.3,32.7,34.0,3.1,5.1,2.0,4.1,38.6,43.0,8.2,17.0,41.8,41.0,25.5,23.8,5.2,2.0,9.1,9.1,5.2,8.2,21.2,19.4,21.4,20.4
1772524154.9732714,12.4,12.0,18.4,19.2,34.7,40.4,6.0,4.0,8.2,5.1,4.0,6.1,32.0,34.0,26.5,25.8,9.2,11.0,34.0,40.0,35.6,41.7,43.1,40.6,5.1,6.0,12.7,9.1,36.6,34.7,42.6,40.2,6.0,5.1,3.0,4.0,46.1,32.7,5.0,5.1,40.2,39.6,21.8,29.7,6.0,4.0,10.1,13.0,8.9,10.1,16.2,17.8,24.8,18.8
1772524155.9733763,14.1,10.2,22.0,22.7,36.5,43.0,6.2,2.1,9.1,6.1,7.1,4.1,37.4,38.0,15.5,13.4,14.1,10.4,34.3,33.0,41.6,40.0,43.4,38.4,8.1,4.1,6.2,9.3,41.4,40.8,21.0,36.4,4.1,6.1,10.2,4.1,41.0,41.6,2.1,3.1,32.0,32.0,30.3,24.7,4.1,2.0,11.2,8.2,7.3,6.2,25.0,24.0,26.5,24.5
1772524156.9744427,13.7,10.9,16.0,16.2,34.0,35.6,5.0,3.0,5.2,11.2,3.0,5.1,38.0,33.0,23.0,22.0,9.1,5.1,39.6,33.0,37.0,40.6,37.0,40.6,4.0,3.0,6.1,8.9,25.7,26.5,23.8,24.0,2.0,4.0,3.0,2.0,33.3,49.5,2.0,3.0,23.0,22.0,19.8,22.5,5.9,3.0,11.0,7.9,5.0,6.1,14.1,16.8,19.8,18.2
1772524157.9769144,17.0,8.2,17.3,17.3,43.4,33.7,3.1,3.1,8.2,17.0,4.1,6.1,28.3,35.6,38.8,27.3,14.1,15.2,31.3,39.0,42.2,38.6,43.6,38.4,7.1,5.1,9.0,7.1,29.0,33.3,41.6,22.8,4.1,10.0,2.0,6.1,40.2,43.0,2.1,4.1,21.2,23.0,20.0,24.5,2.0,3.1,9.1,9.2,7.1,8.0,24.0,21.0,18.4,25.3
1772524158.9816697,10.4,10.0,17.2,14.3,45.0,23.8,5.1,3.1,5.1,7.1,5.0,7.0,27.3,27.7,25.3,26.5,4.1,2.0,33.0,31.7,37.6,34.7,33.0,39.6,10.8,7.1,9.0,8.0,27.3,26.5,42.6,24.0,15.0,4.1,3.0,5.2,44.0,32.7,5.0,4.1,22.0,22.2,19.2,20.0,4.0,3.0,7.1,8.9,7.8,9.0,21.0,20.2,22.0,16.0
1772524159.982671,13.4,9.1,15.0,25.7,44.0,25.0,9.1,5.1,10.1,8.1,9.1,7.0,36.0,24.0,13.1,11.0,14.0,12.0,43.0,46.0,39.2,35.9,30.0,34.3,3.1,7.1,9.1,5.1,33.7,25.7,46.5,37.6,9.1,6.0,6.1,6.0,42.2,37.0,5.1,8.0,27.0,35.0,27.7,24.8,7.1,20.0,9.2,11.1,7.2,8.2,9.1,9.9,24.2,18.0
1772524160.986212,15.0,11.1,22.2,25.3,42.9,37.0,9.2,3.0,11.2,6.2,7.1,7.1,31.0,31.0,13.4,25.5,9.3,9.2,34.7,46.0,37.0,39.6,30.3,39.4,5.1,6.1,10.0,11.1,34.0,33.3,42.2,53.5,8.1,3.0,3.1,3.1,36.4,46.0,5.1,3.1,32.3,32.3,32.0,32.3,6.0,5.0,10.0,12.0,9.1,8.0,34.7,35.0,23.0,22.4
1772524161.9884138,13.1,9.9,20.0,15.2,33.3,35.3,4.0,2.0,7.1,10.2,4.0,4.0,31.7,27.3,40.0,34.3,10.1,9.1,31.0,33.0,35.0,38.0,32.0,34.0,3.0,4.0,5.1,7.0,28.3,26.7,42.2,40.2,3.1,3.0,5.0,1.0,40.2,39.2,4.0,3.1,30.0,32.7,28.0,28.0,3.0,3.0,9.1,8.1,5.0,6.1,6.1,8.2,16.2,25.0
1772524162.9895425,13.1,9.2,14.6,16.2,38.8,38.0,4.0,2.0,7.0,11.2,4.1,5.0,32.7,29.3,26.5,25.3,12.0,9.2,34.0,36.6,39.6,37.0,25.3,40.0,4.0,5.1,5.1,9.3,31.0,27.6,39.6,42.2,6.1,3.0,3.1,2.0,45.5,31.3,3.1,9.9,31.0,30.7,21.0,19.4,2.1,2.0,7.1,10.2,7.1,5.2,28.7,27.5,22.2,20.0
1772524163.9914925,14.3,9.9,20.2,25.3,53.0,27.5,4.1,4.0,5.1,5.1,6.0,4.1,30.7,31.0,12.2,11.2,6.1,4.0,35.7,33.0,41.6,38.6,36.6,30.0,6.0,7.8,6.0,8.0,35.6,29.7,37.0,38.6,5.9,4.0,7.0,5.0,37.4,45.5,12.1,16.5,23.0,22.0,29.0,28.4,3.0,2.0,8.0,11.0,7.0,7.9,12.1,12.2,21.8,21.2
1772524164.992225,13.4,13.3,18.2,18.2,36.1,34.3,5.1,3.0,6.2,4.1,5.2,5.2,26.3,35.4,21.2,19.4,17.3,15.2,34.7,28.0,37.6,40.6,25.3,37.4,4.1,5.1,8.1,7.2,31.3,26.0,44.0,43.0,3.1,5.2,4.1,4.2,43.6,36.0,17.3,19.2,23.0,23.0,18.2,27.3,2.0,7.0,11.0,14.3,8.1,5.2,18.0,19.2,19.2,19.4
1772524165.9940476,9.2,11.1,15.2,14.0,31.3,42.6,4.0,2.0,10.3,14.3,6.1,3.1,28.3,31.7,30.3,33.7,2.0,2.0,26.0,40.0,38.2,37.6,36.4,43.0,7.0,3.0,7.1,10.9,24.8,30.0,37.6,43.6,3.1,5.0,3.1,3.0,43.0,38.0,8.1,11.3,31.3,27.0,25.0,19.2,4.0,1.0,12.9,16.2,6.1,8.0,21.0,22.8,23.2,17.0
1772524166.9955122,15.2,8.1,21.0,18.4,43.9,31.0,4.2,5.1,7.2,9.2,7.1,5.1,31.3,34.0,29.9,26.3,16.0,19.2,37.0,34.3,39.0,41.2,27.3,27.0,6.0,6.9,8.0,13.1,34.3,33.3,40.6,41.6,5.1,5.1,6.1,5.1,41.6,40.4,4.0,5.1,31.7,31.0,27.0,25.3,4.1,9.1,9.1,12.0,5.2,9.2,18.4,18.2,25.3,18.2
1772524167.9994395,12.2,11.1,17.3,21.0,39.4,39.6,6.0,3.0,4.1,9.0,6.1,4.0,28.0,32.0,16.3,16.5,3.0,4.0,42.4,33.3,40.6,34.0,22.8,32.0,5.0,5.1,9.0,7.1,30.0,33.7,33.0,28.0,5.0,5.1,2.0,1.0,45.0,37.6,2.0,4.0,41.6,37.0,21.8,26.7,4.0,3.0,8.2,11.0,8.8,7.0,24.8,23.8,23.8,21.4
1772524168.999824,14.1,6.1,14.3,15.3,36.6,33.3,4.0,3.1,6.0,3.0,5.1,4.0,31.0,25.5,18.0,16.0,17.2,13.3,30.7,37.0,34.3,37.6,40.6,21.0,7.0,3.0,6.1,7.0,27.3,28.0,9.1,13.0,6.1,3.0,6.0,9.0,44.1,36.0,4.0,2.0,41.0,41.2,15.2,22.2,3.0,4.0,11.0,8.1,4.1,7.1,10.1,10.1,12.1,23.0
1772524170.0005722,13.3,12.1,18.2,21.0,32.7,41.0,3.1,3.1,13.3,12.5,7.1,9.1,37.0,36.4,24.7,23.5,3.1,3.1,33.3,37.0,42.0,41.7,23.5,37.6,3.1,5.1,7.1,7.1,39.4,28.7,16.0,16.2,3.0,5.0,2.0,5.1,47.0,32.7,1.0,5.1,39.0,42.0,28.7,27.0,2.0,6.1,9.2,9.2,9.0,7.1,21.0,19.6,22.4,26.3
1772524171.0014215,12.2,7.1,19.4,19.4,41.4,31.7,5.0,3.0,5.1,10.0,5.0,10.1,30.7,29.0,25.3,34.7,12.2,11.0,34.7,37.0,39.2,37.6,20.0,41.4,5.1,3.0,5.1,8.9,29.0,31.3,40.6,38.6,2.0,3.1,3.0,3.9,43.0,34.0,4.1,1.0,41.6,40.6,24.2,22.8,7.1,1.0,9.0,8.1,4.1,8.0,17.2,18.0,18.8,24.0
1772524172.003101,15.2,8.0,16.8,18.4,41.4,32.0,3.1,2.1,6.9,9.3,5.1,20.2,28.0,29.0,18.6,22.4,7.1,11.2,34.0,27.0,37.3,38.0,36.0,41.6,6.1,4.1,6.1,6.1,30.7,32.0,41.6,40.6,5.1,4.1,4.0,2.0,43.6,36.0,2.0,4.0,40.6,40.0,15.8,25.0,5.1,7.1,8.1,10.1,5.1,6.1,16.2,16.0,15.3,20.4
1772524173.0040622,16.2,11.2,27.3,33.3,40.0,44.1,9.0,3.1,7.1,8.2,9.0,7.1,34.0,33.0,19.4,23.2,12.4,8.0,40.0,38.4,41.2,42.2,31.3,49.5,7.1,13.0,9.0,8.1,24.2,35.4,43.6,40.6,6.0,6.0,3.1,4.0,38.6,45.1,8.1,5.0,40.0,41.6,29.7,30.0,4.0,47.5,11.1,12.1,9.2,7.0,24.8,25.0,27.3,25.7
1772524174.004144,16.5,7.1,15.6,16.2,31.6,29.3,2.1,2.0,4.2,14.4,4.0,5.1,24.2,26.3,32.7,26.5,13.1,12.4,37.0,25.7,30.3,32.3,24.0,23.0,4.1,7.1,6.2,8.1,22.4,30.0,39.0,43.0,2.0,3.1,2.0,2.0,44.0,33.0,1.0,2.0,38.0,40.0,18.2,17.2,4.1,30.3,8.2,11.1,6.1,6.1,21.4,21.2,19.0,17.3
1772524175.006046,14.1,9.1,16.2,17.0,45.0,28.0,17.0,5.0,12.4,5.1,6.2,4.1,30.0,31.0,33.7,28.6,4.0,2.0,31.3,31.0,36.6,35.6,21.2,22.2,4.0,5.1,8.1,5.2,25.3,27.0,40.2,42.7,6.1,3.0,4.0,3.0,43.6,38.6,5.1,3.0,32.0,33.0,30.7,16.8,2.0,37.0,9.0,8.0,7.1,5.1,19.8,18.6,22.0,20.0
1772524176.0065882,13.1,10.0,16.3,18.4,34.3,38.2,4.0,2.0,6.1,8.9,10.2,4.0,32.0,31.7,17.5,16.3,16.2,16.3,34.7,28.0,38.6,37.6,8.1,32.7,4.0,5.0,10.0,6.9,28.7,27.3,22.2,37.0,4.0,3.1,2.0,3.0,36.0,45.0,3.1,2.0,26.7,26.5,25.3,16.2,3.0,14.9,7.1,9.0,7.0,7.1,17.2,14.1,19.2,20.0
1772524177.0131626,12.1,10.9,18.0,16.0,33.3,40.2,2.0,3.0,11.0,4.0,6.0,5.1,31.0,26.0,14.0,13.1,5.1,4.0,36.0,36.0,38.6,35.6,27.7,36.0,7.0,5.0,8.1,7.1,25.7,28.7,36.9,30.7,5.1,4.0,3.0,3.0,39.2,41.2,7.0,20.8,21.0,20.4,17.8,26.5,5.1,3.0,9.0,10.0,8.0,5.1,23.0,22.0,17.2,23.2
1772524178.0132427,16.8,8.1,22.4,19.0,40.4,36.6,6.1,4.0,6.2,5.2,6.1,6.0,35.6,36.0,27.3,20.4,18.2,13.3,34.3,32.0,39.2,39.6,41.0,42.4,7.0,7.1,10.9,8.2,27.7,33.3,40.8,40.6,6.1,6.0,5.1,5.1,41.0,36.0,4.1,8.2,22.0,22.8,26.0,19.4,3.0,18.0,9.1,9.2,8.2,6.1,15.0,13.3,23.0,22.4
1772524179.013323,14.1,9.1,14.3,12.2,40.0,23.8,2.0,4.1,5.1,16.0,3.0,4.0,23.2,28.0,37.8,30.6,6.1,20.0,31.4,31.6,34.0,29.7,22.2,43.0,2.0,31.3,6.1,6.0,28.0,24.0,42.2,41.0,4.0,5.0,4.0,3.0,45.5,37.0,5.0,4.1,23.8,23.2,18.2,22.0,2.0,5.1,7.1,8.0,6.0,6.1,17.0,18.0,20.2,14.0
1772524180.014303,15.3,11.0,20.4,22.0,30.3,43.6,6.1,6.1,10.2,11.3,9.2,5.0,34.0,32.3,23.5,20.6,6.0,4.1,31.3,33.3,39.2,39.6,26.0,37.4,6.0,31.7,7.1,6.1,31.3,31.7,40.0,42.0,6.9,4.0,4.0,3.0,41.0,45.0,4.1,4.0,24.2,25.3,19.0,31.0,3.0,9.1,12.0,11.1,8.1,7.2,19.0,17.3,23.8,25.3
1772524181.0147493,28.0,12.0,21.0,17.2,38.8,39.6,6.1,6.1,6.1,9.1,6.0,6.2,29.3,34.7,13.3,11.1,16.2,19.2,38.0,35.4,36.6,41.2,34.7,40.6,7.1,6.1,10.1,7.1,25.7,36.0,40.6,42.2,6.1,5.1,3.1,4.1,46.0,36.6,5.1,6.1,28.3,30.3,23.8,19.8,2.0,30.3,10.2,9.1,11.1,8.1,21.0,24.8,29.6,27.0
1772524182.0151749,14.1,8.2,20.2,18.0,40.4,35.6,8.1,2.0,9.1,8.0,6.0,7.1,34.0,30.0,30.3,20.0,3.1,3.1,38.0,32.7,38.2,42.6,28.3,25.0,5.1,5.1,9.1,12.0,35.4,28.3,37.6,22.0,4.1,4.1,3.0,4.0,44.6,37.6,3.1,3.1,31.0,32.4,31.0,20.2,4.0,7.0,12.0,7.1,7.1,7.1,20.0,22.0,22.2,29.6
1772524183.0152528,13.3,10.1,13.4,16.5,42.6,31.0,4.1,2.1,8.2,21.4,4.1,3.1,29.0,29.3,33.3,40.8,14.3,16.3,30.6,39.0,36.0,36.6,29.3,22.2,4.0,5.1,6.2,7.1,33.7,27.3,30.0,10.1,3.0,8.0,5.0,1.0,36.0,43.4,5.1,2.1,32.0,32.0,22.4,22.2,6.1,7.1,10.1,8.1,8.0,3.1,23.0,22.8,20.8,20.2
1772524184.0221786,13.3,9.1,19.2,22.0,40.4,38.6,7.0,5.0,5.1,12.1,4.0,6.9,33.0,36.0,25.0,21.6,5.0,3.1,35.9,38.2,41.7,42.6,21.8,40.6,5.0,4.0,11.0,6.1,32.7,31.7,44.1,15.2,3.0,4.0,3.0,7.0,38.6,44.6,4.0,6.1,31.4,32.0,25.7,23.0,4.0,4.0,11.1,10.9,6.1,9.8,16.8,18.2,22.4,23.0
1772524185.022687,15.8,12.0,12.2,23.5,41.4,31.7,2.1,2.0,5.0,6.0,5.1,3.1,31.0,33.0,10.2,11.1,16.2,17.2,31.3,42.0,38.0,39.2,22.0,40.4,3.0,6.1,6.9,7.1,33.7,31.0,38.0,42.2,3.1,5.1,29.3,3.1,48.5,32.7,3.1,6.1,37.0,37.0,26.3,21.2,9.0,2.0,11.1,9.2,8.1,6.2,22.2,25.3,21.8,24.8
1772524186.0250742,9.4,5.9,17.8,16.0,26.5,48.0,5.0,3.0,4.0,1.0,5.0,6.0,27.0,26.0,28.7,20.2,3.0,2.0,36.0,27.0,33.3,37.3,22.5,42.2,5.0,5.9,5.1,6.1,27.0,28.7,41.2,40.0,5.0,5.0,24.0,2.0,40.6,38.6,17.2,3.0,30.0,29.7,22.0,21.0,3.0,6.1,7.0,7.1,6.1,7.0,16.7,16.8,24.8,14.1
1772524187.0281508,13.1,10.1,14.4,17.2,33.3,40.6,4.0,3.0,20.2,14.3,4.1,4.1,24.8,34.3,38.8,35.7,17.2,13.3,35.6,36.0,34.0,41.6,38.4,28.0,3.1,3.1,7.0,10.0,28.3,32.7,40.6,41.6,5.1,3.0,15.2,3.0,45.5,36.0,13.1,2.1,32.0,31.3,23.0,17.8,6.1,4.0,7.1,9.0,6.1,5.1,22.2,21.2,17.5,19.4
1772524188.0282362,9.3,10.0,12.1,15.2,41.8,26.3,4.0,2.0,9.3,13.1,6.1,2.0,26.3,26.0,23.5,23.5,4.0,3.1,36.4,34.0,35.6,35.0,33.0,26.3,3.0,4.0,5.1,7.1,23.2,27.0,38.0,44.6,2.0,5.0,2.0,3.0,34.0,36.0,19.2,21.2,31.7,31.0,17.2,17.2,2.0,2.0,9.9,4.1,7.1,5.2,22.0,20.0,17.0,16.2
1772524189.0300732,12.0,11.2,12.1,16.2,36.0,36.3,5.0,4.1,4.0,3.0,5.0,5.1,29.7,29.7,7.0,11.2,15.2,3.0,35.6,33.7,36.3,35.0,41.0,34.3,5.1,3.0,6.0,8.1,30.0,24.2,40.6,42.2,3.1,3.1,3.1,5.1,47.5,39.0,6.1,12.2,31.7,38.0,18.0,21.0,2.0,2.0,7.1,7.1,7.9,7.0,10.0,8.2,22.0,21.0
1772524190.0325432,12.0,9.2,18.0,21.2,37.4,34.0,5.1,3.0,8.2,3.1,5.1,6.0,33.0,29.3,25.5,21.0,11.1,9.2,36.4,34.3,37.6,38.8,39.0,37.0,4.1,4.0,8.0,9.0,30.0,32.7,27.7,36.0,4.0,4.0,5.9,3.0,39.0,42.2,7.1,14.1,40.4,40.6,25.7,23.8,4.0,2.0,9.9,10.9,8.0,6.1,34.7,35.3,20.2,21.2
1772524191.033994,17.5,20.0,18.2,18.4,41.8,27.7,5.1,5.1,19.2,13.5,10.1,6.2,28.7,29.3,43.4,36.7,13.4,14.1,40.6,31.6,36.6,38.0,26.3,39.0,5.1,4.2,10.1,8.1,30.7,27.6,35.0,36.6,9.0,5.1,3.1,6.2,38.6,43.0,6.2,4.1,41.6,40.6,18.4,26.0,4.0,6.1,8.2,10.1,6.1,10.0,10.1,11.2,27.3,18.4
1772524192.0359333,13.1,7.0,17.0,15.0,36.6,34.7,4.1,1.0,8.1,5.1,4.1,3.1,30.0,32.7,24.7,24.7,8.1,7.9,27.7,33.0,34.3,36.3,41.6,40.4,3.0,5.9,7.1,8.0,24.2,34.0,38.0,41.0,4.0,4.0,5.0,8.1,43.0,30.7,3.0,4.0,40.6,41.6,13.0,23.2,3.0,2.0,9.0,6.9,6.1,6.1,28.3,29.7,17.2,17.0
1772524193.0366461,12.2,11.1,19.2,17.2,38.0,40.2,5.0,4.0,6.1,3.0,7.1,5.0,34.3,31.0,10.2,7.9,9.0,4.1,34.0,34.0,41.2,39.2,38.6,24.8,5.0,5.0,7.1,9.0,28.7,32.7,42.2,39.2,9.0,4.0,3.0,4.0,42.2,45.5,3.1,4.0,40.6,39.6,26.0,26.7,6.0,5.0,11.0,8.0,8.9,6.0,13.9,12.0,21.8,22.0
1772524194.0384538,10.4,10.1,13.3,12.2,36.4,29.0,2.1,2.1,3.1,3.1,9.1,3.1,26.3,25.3,14.1,18.2,10.2,13.3,33.3,30.6,33.0,33.3,42.4,23.0,5.1,2.0,3.1,5.1,24.2,26.3,37.0,33.3,3.1,4.1,0.0,1.0,35.4,45.0,2.0,2.1,40.0,37.4,23.0,15.3,3.1,2.0,7.1,5.1,6.0,5.1,18.4,18.2,18.4,14.3
1772524195.0402062,14.1,9.0,19.0,12.1,44.0,32.7,3.0,5.9,19.4,16.0,6.0,7.1,33.0,31.0,36.4,41.0,8.2,5.1,30.7,36.0,43.0,39.6,23.2,40.0,5.1,4.0,7.9,9.2,28.7,31.0,31.0,30.3,5.0,3.0,7.1,2.0,27.7,54.5,4.0,2.1,32.7,32.4,26.0,22.8,4.0,3.0,11.1,7.0,5.1,8.2,23.5,22.2,19.0,24.2
1772524196.044109,15.5,10.2,15.3,16.2,37.0,33.7,3.0,4.1,3.1,10.3,3.1,4.1,35.0,27.3,30.6,31.6,10.9,16.2,35.7,37.0,38.6,36.0,35.6,35.0,4.1,3.0,8.1,7.0,26.0,34.0,43.1,20.0,3.0,6.0,8.1,9.0,37.4,41.2,5.1,4.0,24.0,22.2,20.2,24.2,2.0,3.0,11.9,10.0,7.1,7.1,13.1,15.0,21.2,19.2
1772524197.0442655,13.1,12.0,21.0,23.5,26.0,48.5,4.1,4.1,5.0,6.1,6.1,5.1,36.6,35.6,10.1,14.1,8.2,4.1,36.6,41.6,42.6,38.6,42.4,39.0,3.0,6.1,7.1,11.1,35.0,30.7,41.6,35.6,5.1,4.1,3.1,5.1,40.6,41.0,4.1,1.0,22.0,21.8,28.7,30.0,5.0,3.0,8.2,12.1,10.1,7.1,22.0,22.2,27.7,25.3
1772524198.0506175,10.2,11.1,15.0,16.8,33.3,41.6,7.0,5.0,5.1,5.1,3.1,5.1,27.3,28.0,18.0,7.1,19.2,13.9,40.0,29.0,35.6,37.3,40.0,41.0,6.0,5.1,6.1,6.0,27.3,29.0,44.1,24.8,3.0,3.0,6.0,6.0,47.1,36.6,9.1,2.0,23.2,21.4,19.2,20.6,7.0,3.1,8.1,9.0,6.0,8.0,16.0,16.7,17.2,20.8
1772524199.0511198,11.5,13.0,19.4,24.5,33.3,41.0,12.2,4.0,15.6,17.3,6.0,6.1,34.0,30.3,32.7,35.7,6.1,3.1,38.0,30.0,40.2,37.6,37.4,36.6,4.0,6.0,6.1,10.2,32.0,32.0,42.6,16.3,3.1,6.2,7.1,3.1,29.3,52.5,6.1,3.0,22.4,21.8,26.3,26.0,4.0,3.0,9.2,7.1,7.1,6.2,15.3,16.2,21.2,21.2
1772524200.0534732,14.3,8.1,24.2,19.2,39.0,39.2,6.1,4.0,14.0,5.1,7.1,5.1,33.0,35.3,29.0,35.4,15.2,13.3,40.0,34.0,41.6,41.2,21.2,40.0,4.0,4.1,5.1,6.1,36.0,29.6,41.2,42.2,3.0,6.0,1.0,7.1,50.0,32.0,1.0,6.1,26.0,26.3,31.0,23.0,2.1,8.0,9.0,12.9,6.1,6.0,23.8,22.4,25.0,18.0
1772524201.0536387,12.2,10.0,16.3,17.3,35.7,37.6,3.0,3.1,2.0,5.1,5.1,3.1,29.0,33.3,20.0,23.5,5.1,2.1,29.7,33.0,37.6,37.6,36.0,43.1,4.0,4.1,8.0,7.0,32.3,26.7,40.6,42.0,3.0,3.1,4.1,2.0,40.4,36.6,6.0,17.3,32.0,31.0,24.0,20.0,4.0,4.0,7.1,12.2,6.1,7.1,18.2,17.2,20.4,22.2
1772524202.0575233,11.5,9.1,22.0,20.2,50.0,24.0,6.0,3.1,9.2,3.1,5.1,5.1,29.0,32.0,12.9,14.0,15.0,11.0,35.4,36.3,38.2,38.6,33.7,46.5,4.0,10.0,8.1,12.0,27.7,39.2,40.6,21.0,3.0,5.1,3.0,3.0,46.5,38.4,7.2,5.1,32.0,30.7,30.7,26.0,5.0,5.1,10.0,11.0,8.1,8.0,23.8,25.7,19.0,25.7
1772524203.0579715,11.3,6.1,15.2,19.2,30.6,41.0,5.0,4.1,12.2,17.8,6.1,6.0,22.2,33.0,26.8,25.5,8.1,10.1,32.0,28.6,34.7,36.6,34.0,35.3,5.1,4.0,6.1,5.2,31.3,25.0,40.6,22.8,5.1,9.0,5.0,5.1,39.6,38.2,3.1,7.1,43.6,39.0,24.2,16.0,17.3,2.0,8.1,8.1,5.1,6.2,13.1,12.2,17.2,20.2
1772524204.0595384,17.8,10.1,26.8,24.2,37.4,42.7,7.1,7.1,7.1,4.1,10.1,5.1,38.0,32.0,33.7,31.6,9.2,9.2,41.0,35.6,43.6,38.2,28.6,24.2,7.9,5.2,9.1,10.0,35.0,34.0,38.0,22.8,4.1,7.1,7.1,5.1,36.0,49.5,6.1,4.1,41.6,42.0,28.0,33.7,9.1,6.1,13.3,11.1,9.2,9.9,26.3,25.7,25.3,26.8
1772524205.0620594,13.3,14.0,27.0,22.2,43.4,33.0,8.0,5.0,12.2,6.1,6.2,7.1,37.0,36.6,24.7,26.5,16.2,12.2,35.0,39.4,42.2,48.5,29.7,29.0,13.1,6.1,9.1,9.0,38.0,35.0,31.7,22.8,5.0,5.1,7.0,4.1,35.6,49.0,4.1,14.1,41.0,42.6,29.0,27.0,20.8,9.0,12.0,12.1,8.1,8.1,18.8,17.2,29.3,24.8
1772524206.0641725,14.1,12.1,21.2,13.3,35.7,39.2,3.1,4.1,7.1,3.1,6.1,5.1,29.3,32.0,16.3,10.2,3.1,4.0,33.3,40.0,44.6,46.0,21.0,40.0,19.4,11.1,6.1,7.1,30.0,23.2,19.4,24.2,3.1,5.0,2.0,4.0,35.4,41.0,3.1,6.1,40.6,40.0,22.2,23.2,2.0,5.0,11.2,7.1,5.1,8.1,21.0,21.4,16.0,22.4
1772524207.0661497,14.3,9.3,17.3,18.0,30.6,35.6,4.0,6.1,15.5,16.2,6.0,7.0,35.0,32.7,21.2,30.3,18.0,18.4,33.0,40.2,40.6,41.2,30.3,22.4,22.8,5.1,9.0,6.1,28.0,31.0,25.0,32.3,5.0,7.1,4.0,5.1,39.6,44.6,6.1,5.0,30.7,31.0,23.0,25.0,4.0,2.0,13.0,8.1,8.2,9.1,21.0,23.8,24.0,19.2
1772524208.0669215,12.0,11.1,17.3,14.3,43.0,34.7,3.1,3.0,4.1,3.1,3.1,3.1,35.6,28.7,27.6,32.0,4.0,3.1,32.0,32.3,35.6,36.6,32.0,31.7,7.1,7.0,8.1,4.0,36.0,37.0,30.4,19.0,4.1,1.0,4.0,4.0,37.4,43.6,2.0,2.0,31.0,31.7,28.0,16.0,6.1,2.0,8.1,9.1,5.1,7.1,15.2,17.0,21.0,19.0
1772524209.0670905,19.2,14.9,24.5,25.5,39.4,42.0,8.2,7.1,9.1,14.9,7.1,9.1,34.7,38.4,25.5,23.7,14.4,22.0,43.0,34.0,43.4,41.6,39.8,44.4,8.0,6.1,7.2,9.2,32.0,32.3,24.2,21.2,7.1,8.1,7.2,6.1,34.7,42.0,3.1,5.1,32.3,33.0,30.6,28.3,11.9,7.9,11.1,12.1,9.0,9.2,32.0,29.3,23.5,25.0
1772524210.0700555,15.2,10.2,39.2,26.0,35.4,45.5,10.2,5.1,9.2,7.2,10.1,8.2,36.0,36.4,20.4,20.6,5.1,7.1,42.4,36.4,43.1,41.2,39.0,41.0,5.1,9.0,9.0,12.2,34.7,36.0,27.0,29.4,6.1,7.1,7.1,7.1,30.7,55.4,8.1,17.3,34.3,34.0,32.4,23.8,5.1,8.1,13.1,8.2,8.2,8.1,10.0,10.2,24.2,26.8
1772524211.0711205,12.2,8.1,19.0,16.2,47.0,50.5,5.0,5.1,20.8,11.0,7.1,6.0,29.0,30.0,21.4,25.3,12.1,21.2,37.0,34.7,36.6,41.6,42.0,19.0,4.0,5.1,7.1,5.2,26.3,28.3,29.0,42.4,5.1,10.0,5.1,1.0,42.0,37.6,12.2,8.2,42.2,36.0,22.2,20.0,3.1,2.1,11.0,14.0,7.1,8.1,36.6,32.7,18.2,22.2
1772524212.0925748,16.2,12.0,25.2,21.6,43.0,45.2,7.0,4.0,9.0,9.0,9.0,6.1,36.9,35.9,38.6,26.0,5.1,8.0,44.1,31.0,40.8,39.4,36.9,28.0,5.9,8.8,15.5,9.9,35.6,35.9,42.2,40.4,5.0,7.0,17.0,6.0,43.7,43.7,18.6,8.9,42.2,40.6,27.7,30.7,5.0,8.8,10.9,12.9,7.0,10.9,9.9,14.7,26.7,24.8
1772524213.0949445,14.3,24.0,22.0,17.2,40.4,42.4,4.2,5.1,7.1,5.1,7.1,7.0,35.0,26.0,27.1,26.8,17.2,15.3,33.3,33.7,32.7,35.0,36.0,35.0,7.1,5.1,8.2,7.1,28.3,30.6,41.2,42.6,5.1,5.2,5.1,8.2,41.0,40.0,7.1,19.4,38.6,37.3,27.0,15.2,4.1,4.1,10.2,6.1,8.0,9.2,36.4,36.6,19.2,20.4
1772524214.0967,11.5,8.0,15.3,15.0,44.0,38.8,3.0,24.2,5.1,9.0,5.0,5.1,25.0,27.0,19.8,14.3,4.1,5.0,33.3,28.0,39.6,40.6,39.6,41.6,3.1,7.0,10.1,12.1,29.7,30.7,43.6,37.6,5.0,3.0,3.0,2.0,40.6,41.6,8.0,5.1,31.7,31.7,22.8,21.0,3.0,2.0,10.1,7.1,8.0,7.1,11.8,9.1,18.2,23.0
1772524215.0972998,12.6,11.1,24.5,20.4,44.9,42.4,5.1,30.0,14.6,14.3,6.9,7.2,31.6,35.7,24.5,18.6,17.0,13.4,38.6,37.4,41.0,39.6,32.7,37.0,5.1,6.1,9.1,9.2,33.3,35.7,22.2,42.6,6.1,8.2,2.1,4.1,44.0,39.0,3.1,4.1,26.0,26.0,23.5,26.5,3.1,4.1,11.0,10.0,5.2,6.2,16.2,17.3,23.0,22.4
1772524216.099657,14.3,8.2,13.3,15.2,29.0,31.7,3.1,14.0,4.0,4.0,18.2,5.1,27.0,22.0,24.2,22.0,6.1,13.0,39.0,31.4,31.4,31.7,41.6,2.0,6.0,4.1,7.0,4.1,31.6,20.0,22.0,40.6,4.0,3.0,21.0,2.0,36.3,43.1,4.0,3.1,19.0,20.0,19.0,17.2,5.0,5.0,7.1,9.1,7.0,10.0,25.0,22.0,18.0,21.2
1772524217.1010284,12.9,9.9,17.0,14.0,40.0,42.2,5.0,8.9,5.0,10.0,6.9,5.0,30.1,30.7,26.0,19.4,10.0,9.9,34.3,29.7,36.3,40.2,40.6,12.9,3.0,4.0,7.0,8.8,30.4,30.7,42.2,39.2,4.0,4.0,2.0,2.0,39.2,40.6,8.0,2.0,10.9,11.0,19.8,21.8,2.0,2.9,6.1,10.0,6.9,4.0,11.1,12.7,18.0,21.8
1772524218.1040351,13.3,10.2,16.5,14.3,47.5,26.7,4.1,3.0,5.2,6.1,4.1,5.2,27.3,31.3,27.8,28.6,9.3,9.2,42.4,28.9,40.6,38.6,33.3,27.6,5.0,5.1,8.2,9.0,30.0,30.3,38.0,22.2,4.1,4.1,6.0,2.0,34.3,45.0,3.1,5.1,17.2,25.0,20.0,30.0,3.1,2.1,13.0,7.1,7.1,7.2,28.0,25.3,23.2,16.2
1772524219.1055975,12.4,10.0,11.2,22.2,48.5,25.3,4.0,5.1,9.2,14.4,4.1,4.0,32.3,28.0,24.5,19.2,10.2,9.3,32.7,36.3,42.6,37.6,22.0,38.6,3.0,7.0,8.0,6.2,27.3,27.3,27.7,20.0,3.0,5.1,2.0,3.1,38.6,45.0,3.1,1.0,22.4,23.2,21.2,21.0,3.1,4.0,6.1,11.0,7.1,7.0,14.0,15.2,23.2,20.6
1772524220.1056757,11.2,10.1,21.4,20.2,37.4,42.0,5.1,2.0,8.2,9.2,6.1,3.1,26.0,34.0,31.3,21.6,11.1,9.1,33.3,40.8,38.0,38.6,36.0,39.0,7.1,5.1,9.1,9.1,35.0,32.0,24.2,28.7,5.9,4.1,4.1,3.0,39.0,41.0,6.2,3.1,32.0,35.0,25.0,22.4,3.1,4.0,8.1,10.2,7.1,9.1,24.8,28.7,22.0,26.7
1772524221.1058972,13.1,7.1,17.2,16.3,26.3,42.7,3.0,3.1,4.1,6.0,4.0,3.1,28.7,29.0,24.2,19.4,10.1,9.2,30.3,36.0,39.8,33.3,20.0,41.0,4.1,4.0,7.0,7.9,26.0,28.0,22.0,40.6,2.0,4.0,2.0,2.0,37.3,44.1,4.0,2.0,41.6,41.2,20.0,19.8,2.0,12.1,9.0,9.0,4.1,6.1,8.1,8.1,15.8,21.2
1772524222.1119387,14.3,13.0,22.0,26.3,38.4,41.0,7.2,6.1,13.0,9.0,6.2,8.9,31.3,34.0,28.6,34.0,16.2,5.1,33.0,50.0,36.4,42.6,17.3,37.0,8.9,6.1,9.2,8.1,33.7,34.0,38.2,43.1,6.1,5.1,4.0,4.1,53.5,29.0,6.0,4.1,41.2,41.0,40.0,30.3,6.0,4.0,12.9,11.1,8.0,10.1,31.0,32.7,22.4,29.0
1772524223.1120195,12.2,9.1,20.4,19.2,39.8,29.0,4.1,3.1,13.3,12.5,4.0,3.1,22.2,37.4,19.4,21.6,9.0,9.2,39.0,43.0,37.6,36.6,22.8,21.0,4.1,3.1,8.1,9.1,23.5,33.3,26.3,37.4,5.0,5.1,1.0,7.1,35.6,43.0,5.1,5.2,40.4,41.0,26.0,19.2,3.0,3.0,9.2,10.0,6.2,6.1,9.1,9.1,18.2,22.4
1772524224.1129823,12.2,8.0,14.3,19.2,50.5,28.0,6.9,2.0,9.2,4.0,4.1,5.1,31.7,30.0,22.2,18.2,4.1,15.2,33.0,33.7,37.6,37.6,29.0,9.1,5.0,5.1,8.2,7.1,30.0,32.3,30.0,37.3,3.0,6.0,6.0,8.0,43.0,39.0,20.0,7.9,41.0,40.6,19.4,21.0,2.1,5.1,7.1,7.2,7.0,7.1,26.0,25.5,20.2,20.2
1772524225.1132674,10.2,10.2,18.2,14.1,37.4,35.6,6.1,2.0,5.1,5.1,4.1,5.0,29.0,30.3,25.7,23.5,10.0,10.0,32.7,34.3,34.3,41.2,35.0,35.0,4.0,5.1,6.1,6.1,28.0,22.0,41.6,41.0,4.0,5.0,3.0,3.1,38.6,40.6,5.1,4.1,44.1,42.0,22.5,23.8,3.0,6.0,7.1,10.9,5.1,6.1,19.2,18.8,22.0,19.6
1772524226.113858,13.1,7.9,15.3,14.0,36.0,38.6,7.1,4.0,7.1,14.3,6.0,4.0,31.3,28.7,29.6,34.0,10.2,9.1,40.6,25.3,36.0,37.3,38.0,44.0,4.0,4.0,7.0,5.1,32.0,28.7,42.6,25.5,4.0,4.0,3.0,3.0,41.2,42.6,2.0,3.0,39.0,41.6,19.2,17.3,3.0,2.0,8.1,10.1,6.1,7.1,21.0,18.2,19.0,19.4
1772524227.118047,14.4,6.2,15.3,17.3,36.0,39.6,6.0,3.0,6.2,14.1,3.1,6.2,26.3,33.0,18.4,21.4,7.1,7.1,37.0,32.7,41.0,36.0,39.4,42.0,6.0,3.1,6.1,8.2,25.3,27.3,31.7,32.3,4.0,5.1,3.0,3.1,45.5,35.6,3.1,1.0,41.6,39.6,18.2,25.0,2.0,4.0,10.0,8.1,7.1,7.1,23.0,24.0,20.2,21.0
1772524228.1187947,18.6,10.0,22.2,22.2,40.0,37.6,7.1,3.0,4.1,11.2,5.0,5.1,34.0,34.7,17.3,24.2,12.2,11.2,35.4,33.7,40.2,43.1,40.0,41.0,3.1,3.0,11.1,6.1,36.6,30.7,41.6,40.6,4.0,5.1,6.1,2.0,40.6,39.6,3.0,2.1,36.0,35.0,29.3,24.0,4.0,4.0,7.1,10.2,8.0,7.1,18.2,17.5,23.2,23.2
1772524229.1188812,10.2,11.1,20.2,20.4,37.8,38.0,11.1,4.0,9.2,3.0,4.1,7.0,31.7,31.6,20.4,25.8,8.1,7.1,39.2,31.3,36.0,41.0,24.0,27.0,5.9,4.0,5.1,8.0,32.3,30.3,42.6,27.3,5.1,4.0,4.1,3.0,41.6,37.4,2.1,3.0,32.0,30.3,24.8,23.8,3.0,4.0,11.1,8.2,8.1,3.1,23.5,23.0,18.2,24.5
1772524230.120512,12.2,9.1,19.0,18.4,40.0,36.9,7.1,1.0,13.1,13.3,6.1,4.1,30.3,30.7,29.3,29.6,12.2,12.2,42.4,30.6,40.2,37.6,23.0,23.2,2.1,6.1,8.0,6.1,33.7,29.0,37.6,24.8,6.1,2.0,5.0,2.0,38.0,46.0,3.1,4.1,32.0,31.3,25.3,20.2,1.0,4.1,10.1,9.0,6.1,9.0,12.2,11.3,24.2,18.4
1772524231.123141,12.0,12.0,16.5,14.9,32.3,43.6,5.1,4.0,9.4,8.2,6.1,5.0,27.7,28.0,15.5,22.4,13.0,6.1,33.0,41.7,36.0,40.2,37.4,44.6,7.9,5.0,8.1,9.0,27.3,30.0,41.6,39.0,2.0,5.1,1.0,6.0,40.0,39.6,2.0,5.0,30.7,31.7,23.2,23.2,3.0,3.0,10.0,7.0,7.0,7.1,29.0,30.7,22.0,22.8
1772524232.1234424,13.3,6.1,20.0,15.2,35.4,33.7,4.0,3.0,9.9,4.0,3.0,5.1,33.0,25.0,24.5,23.0,11.1,13.1,41.0,25.0,36.6,35.6,48.0,32.3,3.0,6.1,6.0,5.1,28.7,26.3,39.6,39.8,4.0,6.1,3.0,2.0,39.2,43.1,5.1,9.3,42.6,35.0,25.7,20.0,3.0,3.0,8.2,10.1,6.1,6.1,13.0,14.3,21.0,19.0
1772524233.1235125,12.4,9.1,16.2,19.2,50.5,27.0,2.1,2.0,4.2,11.2,5.1,4.1,32.3,33.0,22.2,19.4,2.1,3.0,30.0,37.4,42.7,38.0,39.0,41.6,2.0,6.0,10.1,4.1,32.3,31.3,22.4,39.0,3.0,5.1,2.0,2.0,42.6,34.3,9.0,11.2,31.7,31.0,21.8,25.0,1.0,5.1,7.1,8.1,7.1,5.1,22.4,25.0,21.4,21.2
1772524234.1235805,15.6,10.1,19.0,17.3,47.5,29.0,6.0,3.0,12.1,10.3,4.1,7.0,37.0,28.3,20.4,27.0,9.1,15.2,34.0,36.0,40.0,36.3,37.6,24.2,4.1,4.0,7.1,7.0,28.0,31.0,33.3,33.3,5.1,3.1,3.0,3.1,32.7,48.0,7.2,4.1,20.2,23.8,21.0,26.0,4.0,3.0,9.3,7.1,9.1,7.1,9.9,8.2,26.0,15.2
1772524235.127959,11.1,8.0,17.2,13.9,29.3,48.1,3.1,1.0,6.9,5.9,6.0,4.0,27.7,34.7,17.2,18.4,9.8,6.1,35.4,32.0,37.3,32.4,32.0,32.7,5.9,3.0,7.0,5.1,29.7,24.0,24.8,40.6,3.0,5.9,2.0,4.0,41.3,40.8,17.6,8.0,14.0,11.0,16.0,28.7,4.0,3.0,10.8,8.9,5.0,5.1,26.7,26.5,17.8,21.0
1772524236.1707833,13.7,6.8,17.5,18.8,46.1,27.6,3.9,3.0,7.8,4.9,5.8,4.9,32.7,32.4,16.8,19.6,9.7,9.8,33.3,33.7,37.1,42.1,40.4,41.0,2.0,5.8,5.8,9.6,28.2,32.7,31.7,32.4,3.8,4.9,1.0,5.8,46.2,28.2,7.7,18.6,13.6,11.8,26.9,21.2,5.8,2.0,8.7,10.6,6.8,10.7,14.6,13.6,23.3,14.7
1772524237.1726482,13.5,10.9,15.2,21.0,30.3,40.4,5.1,8.9,8.3,14.3,7.1,10.2,31.3,27.3,24.5,25.3,13.1,7.2,38.6,30.0,35.6,40.0,28.0,42.4,6.0,4.0,4.0,9.3,28.0,29.3,42.6,41.0,5.1,3.0,4.1,3.0,44.6,37.0,6.1,6.1,14.0,16.2,22.0,23.2,3.1,5.0,9.1,10.2,9.9,6.1,10.1,11.2,19.2,23.8
1772524238.1758797,14.1,8.1,19.4,16.3,39.4,43.0,6.0,3.1,11.2,8.2,5.1,6.9,32.7,29.0,27.3,28.6,10.2,10.1,41.0,33.7,38.0,41.0,14.0,34.0,3.1,5.1,5.1,8.0,30.7,33.3,40.6,35.6,3.1,5.1,5.0,4.1,50.0,34.0,10.0,8.1,23.0,31.0,26.0,22.0,6.1,3.0,5.1,10.1,7.1,6.1,30.0,29.0,17.3,25.5
1772524239.176333,17.5,8.1,18.2,14.1,33.3,34.3,5.0,2.0,7.1,5.1,7.1,3.1,32.7,27.3,28.6,17.5,9.1,13.1,34.3,37.0,38.2,36.3,26.3,8.2,3.0,4.0,8.1,6.1,29.0,27.3,39.6,22.2,3.0,5.0,3.0,5.1,45.5,35.6,6.1,7.1,38.4,40.4,21.0,20.0,4.0,3.0,8.0,10.1,4.1,7.1,10.2,11.1,20.2,20.8
1772524240.1779032,25.8,12.1,20.4,21.0,38.8,40.0,5.1,6.1,9.3,7.3,6.1,6.1,37.6,31.3,23.2,20.6,11.2,13.0,35.6,38.0,35.4,39.0,22.8,21.2,7.1,4.0,10.2,20.0,30.6,24.2,32.0,46.1,5.1,5.1,4.0,3.1,38.6,42.0,5.1,5.9,42.0,42.0,26.5,23.8,5.1,2.1,13.0,10.0,10.1,8.2,28.0,27.7,21.0,27.3
1772524241.1801786,12.0,9.9,13.1,14.3,31.7,39.6,5.0,3.0,12.9,6.0,5.0,4.1,32.0,24.8,14.3,29.3,8.1,10.0,40.0,30.7,35.9,38.2,19.4,32.0,6.0,3.0,8.9,10.3,30.4,24.8,42.2,41.6,4.0,2.0,2.0,3.1,39.0,43.0,2.0,5.1,41.2,40.6,20.0,18.4,4.0,3.0,11.1,5.1,9.0,6.1,16.0,15.2,22.0,13.1
1772524242.1824403,10.3,12.0,16.3,18.2,40.8,32.4,3.1,2.0,11.3,12.4,2.0,6.1,28.3,30.0,30.6,31.3,11.2,11.2,38.0,31.3,35.0,38.4,36.0,32.0,7.0,4.0,6.1,8.0,28.3,28.0,37.6,44.6,4.0,5.1,5.0,4.1,40.6,41.2,2.0,4.1,41.0,41.0,19.2,24.0,2.0,2.0,8.1,10.0,6.1,6.2,21.0,22.8,21.0,21.2
1772524243.1829758,12.2,7.1,18.0,22.8,31.6,40.6,5.1,4.0,7.0,3.0,6.1,3.0,36.6,34.0,27.6,22.2,9.0,10.1,33.0,39.6,37.3,40.8,40.6,41.6,4.0,5.0,7.1,6.1,36.6,30.0,37.6,40.2,3.1,5.0,3.0,5.1,37.3,44.0,7.0,3.0,40.6,42.2,28.3,25.3,4.0,5.0,11.0,9.2,7.0,8.0,19.8,19.0,23.0,22.0
1772524244.1830657,11.5,8.1,15.3,13.4,36.4,41.0,4.0,3.1,4.1,9.4,4.1,3.1,23.2,36.0,12.4,14.4,9.3,3.1,31.3,33.7,38.2,39.6,38.4,41.8,2.1,5.1,9.1,6.1,30.0,27.0,32.7,12.2,4.0,2.1,3.1,3.1,44.4,34.0,5.1,6.1,40.4,40.4,22.8,22.0,2.0,4.1,7.2,8.1,4.1,7.1,12.1,11.2,20.6,17.5
1772524245.1831503,14.0,10.1,21.2,16.3,45.0,34.0,4.0,7.1,7.1,11.3,5.1,8.1,33.0,28.3,18.4,19.2,10.1,15.2,30.7,40.0,41.6,38.6,30.0,33.0,4.0,4.1,8.2,9.1,25.3,32.7,22.2,23.8,6.1,3.0,2.0,2.0,35.6,41.6,2.0,5.1,41.2,40.6,23.2,28.3,3.1,2.0,10.9,7.1,5.1,7.1,28.7,29.0,20.2,24.8
1772524246.1842954,14.0,9.0,17.3,16.8,44.6,29.4,3.0,1.0,8.2,14.1,9.1,5.9,30.3,27.7,37.8,28.3,4.0,8.1,31.0,38.0,36.6,39.6,22.0,37.0,2.0,7.8,9.0,6.1,25.0,31.4,36.6,29.7,4.0,4.0,2.0,4.0,33.0,50.5,4.1,19.8,41.0,40.2,20.0,20.0,3.0,5.0,12.2,9.0,6.1,7.1,12.2,13.0,17.0,18.0
1772524247.1847548,13.0,9.1,15.2,16.3,31.3,35.0,5.1,2.0,5.1,7.1,4.1,3.1,23.0,28.0,29.9,30.6,17.2,12.1,35.7,23.2,37.6,35.3,21.2,1.0,3.1,4.0,10.1,6.1,24.0,31.3,42.6,37.0,5.1,2.0,1.0,3.1,44.6,36.6,7.1,6.2,40.0,41.0,24.0,21.0,2.0,3.0,11.1,6.1,7.1,5.1,20.2,20.4,18.2,19.4
1772524248.1852562,14.0,8.1,19.0,14.1,33.0,36.9,2.0,1.0,4.1,11.0,4.0,5.1,30.0,33.0,13.4,11.3,2.0,2.0,30.0,35.6,36.3,35.0,22.8,27.0,5.0,2.0,7.1,5.9,25.3,29.7,40.6,40.6,5.1,4.0,8.0,6.9,40.0,41.0,1.0,6.1,41.2,41.0,26.0,18.8,4.0,3.1,6.1,11.0,7.1,7.1,19.0,17.0,21.2,17.0
1772524249.185434,12.5,7.1,19.4,17.2,53.5,22.4,4.0,10.0,10.2,7.1,3.1,6.1,35.4,34.3,17.2,15.3,10.1,22.2,35.4,38.0,42.6,40.6,20.4,40.0,5.1,4.0,8.0,8.2,37.4,28.3,42.6,19.4,3.1,4.1,5.0,3.1,46.5,33.0,3.0,4.1,35.0,33.0,23.2,23.2,1.0,5.2,8.1,9.3,6.1,7.1,20.0,20.2,20.2,24.2
1772524250.1862593,13.0,11.0,18.0,19.2,28.3,44.1,3.1,1.0,12.1,7.1,8.1,4.0,37.0,22.2,27.6,33.7,2.1,4.0,38.0,31.7,36.6,39.2,21.0,41.0,5.1,2.0,4.1,4.0,28.0,26.3,41.6,25.7,2.0,2.0,1.0,1.0,39.0,39.6,4.0,2.0,32.0,30.0,20.8,23.2,1.0,6.0,7.0,10.0,5.1,7.1,18.8,18.0,21.0,16.2
1772524251.1867943,14.4,7.1,19.6,18.2,40.8,33.0,4.0,4.0,5.1,7.1,9.2,3.1,30.3,33.0,27.6,36.7,9.1,13.1,35.6,34.3,38.0,36.0,40.0,41.6,4.0,5.0,7.1,6.1,28.3,27.5,39.0,33.3,5.0,5.0,3.0,2.0,42.6,39.4,6.1,1.0,29.3,29.7,23.5,27.7,3.0,4.1,8.2,7.1,6.1,7.1,11.1,15.0,24.2,18.2
1772524252.187874,12.9,9.1,14.0,15.3,42.4,26.7,6.0,4.0,5.1,6.1,5.1,4.0,30.0,24.5,13.3,11.3,3.1,12.1,32.0,34.7,33.7,35.6,44.0,37.4,3.1,4.0,6.1,8.0,25.7,33.0,22.8,21.2,5.1,4.0,2.0,3.0,35.6,44.0,3.0,3.0,18.0,19.0,19.2,20.4,1.0,4.0,10.0,6.1,6.1,6.1,28.7,28.3,16.0,22.0
1772524253.1879575,10.5,12.0,16.2,14.0,32.3,40.0,4.1,2.0,5.1,11.0,5.1,5.1,37.4,26.0,11.2,14.0,4.0,3.0,26.3,34.3,36.6,36.0,20.0,41.0,3.0,5.1,6.9,8.0,26.5,23.0,35.6,31.0,3.1,3.0,2.0,1.0,36.7,40.2,1.0,2.0,12.9,14.0,21.2,16.2,5.0,2.0,10.1,8.0,5.0,6.1,9.1,12.0,21.2,16.2
1772524254.1894805,13.1,7.1,17.0,19.2,48.5,30.7,4.0,3.0,6.1,10.1,5.0,7.1,29.7,28.4,28.3,29.3,13.1,19.2,33.0,33.0,41.2,38.2,29.0,11.9,3.0,5.0,5.1,5.1,26.7,32.0,41.6,40.2,4.9,3.0,2.0,3.0,40.2,41.6,4.0,2.0,8.1,14.1,22.0,19.8,1.0,1.0,8.1,10.1,7.1,6.1,24.8,24.0,18.0,20.0
1772524255.197811,12.0,8.0,12.1,16.2,29.6,41.2,8.1,1.0,5.1,14.9,5.0,4.0,24.5,29.0,27.6,37.1,3.0,2.0,34.0,30.3,34.7,38.8,10.8,9.1,5.0,5.0,6.0,7.0,29.7,28.0,43.1,39.6,3.0,4.0,2.0,2.0,38.6,42.6,6.0,5.0,12.1,12.0,26.7,21.8,3.0,6.9,6.1,9.9,5.0,7.1,17.0,16.0,23.0,15.8
1772524256.1991546,10.4,8.1,19.2,16.0,26.3,44.6,2.1,4.0,5.1,6.1,2.0,5.1,36.0,30.0,18.4,18.2,17.2,15.2,34.3,36.0,38.6,41.0,10.1,14.0,2.0,2.1,6.9,8.9,34.3,29.0,43.6,38.2,4.0,1.0,2.0,3.1,42.0,39.0,16.3,7.1,21.8,18.0,24.8,22.0,2.0,2.0,7.1,6.1,7.1,5.1,12.1,11.1,20.0,19.4
1772524257.20028,17.8,9.2,21.8,16.0,41.0,37.0,4.1,1.0,11.1,4.1,5.0,4.1,31.3,29.3,11.1,13.4,2.1,2.1,38.4,32.7,38.2,37.6,12.1,38.4,5.0,5.0,6.1,6.1,35.4,30.4,38.2,38.0,2.0,6.1,3.0,10.3,39.0,41.0,3.0,6.1,31.6,28.3,25.3,19.0,4.1,3.1,9.0,9.1,8.0,7.1,28.7,32.3,20.2,21.2
1772524258.2005363,16.3,8.1,17.5,18.4,42.4,26.7,5.0,3.1,5.2,12.1,6.0,5.1,29.3,36.0,28.9,23.0,19.8,14.1,36.0,37.4,38.0,38.4,23.0,44.0,4.1,3.0,9.1,6.1,29.3,34.7,33.0,30.0,6.0,3.0,4.0,4.0,40.6,41.6,8.2,28.3,38.0,35.6,25.0,28.7,3.0,2.0,11.0,7.1,6.1,8.2,10.1,12.0,27.0,20.2
1772524259.2021532,33.0,10.2,19.4,14.3,36.4,42.2,4.0,2.0,8.2,10.2,5.1,7.0,28.3,27.0,35.4,37.1,3.1,3.1,26.7,41.4,39.2,39.4,37.0,40.6,6.0,2.1,8.0,7.1,30.7,24.0,39.0,40.2,3.0,5.0,1.0,5.1,36.0,43.6,9.0,14.3,41.6,40.0,23.2,24.2,5.1,4.0,10.2,12.0,6.1,7.1,28.3,30.0,19.0,20.4
1772524260.2022367,20.4,12.0,13.1,17.2,32.0,38.0,3.0,4.0,1.0,6.1,4.1,3.1,29.0,32.3,20.8,21.4,16.0,17.0,35.4,27.7,39.6,34.3,30.3,30.0,5.1,4.0,7.1,8.1,33.0,24.2,39.6,31.7,3.0,5.1,3.1,2.0,42.6,39.4,1.0,3.0,40.0,41.6,18.2,24.2,3.0,1.0,8.2,8.2,6.1,6.1,10.9,11.1,20.2,22.0
1772524261.2040105,13.0,7.9,12.1,17.0,36.7,36.6,10.1,2.0,10.1,7.1,5.1,4.1,31.0,22.0,17.0,11.2,7.1,4.1,35.6,24.0,37.6,37.6,34.3,40.0,5.0,3.0,9.0,7.1,25.3,26.3,27.3,8.0,2.0,3.0,2.0,3.0,47.0,37.6,2.0,2.0,41.6,39.0,21.2,16.2,4.0,3.0,7.9,8.1,4.0,8.9,28.0,30.0,17.2,18.0
1772524262.2045548,13.3,9.0,10.0,21.2,37.3,35.0,4.1,3.0,6.2,17.0,8.0,5.0,31.0,26.3,18.4,24.2,3.0,3.0,37.0,34.0,36.0,40.0,27.7,38.4,4.0,4.1,5.0,8.2,29.4,31.0,21.8,7.1,3.0,6.9,3.0,5.1,40.6,42.2,4.0,4.0,40.6,41.6,26.7,22.8,4.0,4.0,8.1,9.0,8.0,7.1,13.0,13.3,22.4,19.0
1772524263.204627,15.3,6.1,17.3,17.5,37.5,39.6,4.1,4.1,3.1,5.1,3.1,4.1,34.7,23.2,39.4,30.6,15.3,21.2,30.3,34.3,47.5,41.6,13.1,25.3,8.9,6.1,7.1,8.1,24.2,28.3,23.8,23.0,4.0,4.1,4.1,5.1,50.0,32.0,3.1,4.1,41.6,41.0,23.5,18.2,1.0,6.1,9.2,10.0,6.1,8.2,26.0,29.4,24.2,13.3
1772524264.2058432,11.3,11.0,18.2,19.0,43.9,31.7,4.0,4.0,5.1,11.2,5.0,5.1,32.0,31.7,21.6,19.6,3.1,4.0,36.4,35.3,40.2,40.2,41.4,39.0,2.0,7.0,8.1,7.1,31.0,31.3,26.3,36.0,4.0,4.1,1.0,4.1,36.0,43.0,3.0,4.0,39.4,41.4,21.8,24.2,2.0,3.0,9.2,10.1,6.1,9.1,17.0,17.0,22.0,22.0
1772524265.206432,11.5,6.1,17.2,14.3,46.5,20.8,3.1,3.0,5.2,13.3,5.1,4.0,27.3,25.0,15.0,22.2,18.0,14.3,38.6,33.7,34.7,40.0,41.6,39.0,4.0,5.1,5.1,5.0,21.2,28.7,41.0,40.0,3.1,5.0,2.0,2.0,48.5,29.7,2.0,2.0,42.6,39.6,12.0,24.0,2.0,2.0,9.0,10.9,6.1,5.1,20.0,16.5,18.4,14.4
1772524266.2087953,13.4,12.9,19.4,20.0,40.8,38.6,6.9,3.1,8.1,16.0,5.0,6.1,33.3,34.0,23.7,19.4,4.1,3.0,40.6,31.0,37.0,37.6,40.6,41.4,3.1,4.1,12.0,6.1,32.3,23.5,42.6,40.6,7.0,6.0,5.1,3.0,43.1,37.6,3.1,3.1,40.0,42.0,29.0,22.5,5.1,4.0,10.3,6.2,8.1,8.1,24.0,25.7,23.2,22.0
1772524267.2092893,12.2,8.1,19.4,12.2,42.0,26.0,8.2,3.0,4.1,7.1,2.1,5.1,35.6,26.0,25.3,25.3,18.0,14.4,28.0,32.7,32.7,40.6,38.8,42.6,3.0,3.0,5.1,5.1,34.0,29.0,40.6,42.2,8.1,3.0,2.0,3.1,39.0,39.4,4.0,2.0,40.6,41.0,21.2,20.4,4.0,1.0,8.9,7.1,4.1,5.2,12.9,11.1,21.0,16.2
1772524268.2115686,12.2,8.0,14.3,13.0,30.0,41.0,3.0,2.0,10.0,4.1,5.1,4.0,25.3,25.3,17.5,25.8,3.1,4.0,32.0,32.7,35.0,34.7,38.6,41.6,3.1,5.0,5.1,5.1,19.2,31.7,36.6,38.6,5.1,3.0,3.1,3.0,42.2,37.6,6.0,2.0,41.6,40.6,21.0,18.0,1.0,3.0,9.2,5.9,5.0,6.1,25.0,25.7,20.0,15.2
1772524269.2116563,12.1,7.1,16.8,16.3,34.0,36.3,4.0,6.1,6.1,12.0,4.1,5.1,33.0,27.3,26.5,25.5,16.3,15.2,38.6,30.7,40.2,37.4,32.0,32.7,3.9,3.1,7.1,20.8,24.2,27.3,14.3,11.1,6.0,3.0,2.0,6.0,25.0,54.0,3.1,14.3,39.4,39.0,20.0,22.0,4.0,8.2,7.1,10.1,5.1,8.1,16.2,14.1,21.4,19.2
1772524270.2124836,12.2,7.1,15.5,18.2,38.6,37.6,3.0,3.1,12.9,3.1,4.0,4.0,28.3,27.7,15.3,26.3,6.0,3.0,30.0,31.3,36.6,37.9,34.0,21.8,3.0,3.1,9.0,25.0,24.0,26.3,21.0,21.2,2.0,5.0,2.0,2.0,41.0,44.6,7.1,12.2,30.7,30.7,17.3,19.8,2.0,11.0,9.1,5.1,6.0,5.2,18.0,18.0,20.0,17.2
1772524271.21516,14.0,12.0,16.3,20.2,37.4,29.0,3.0,7.0,4.2,10.1,6.1,5.1,30.0,32.3,20.6,24.2,7.2,10.1,32.3,40.0,40.2,35.6,45.5,37.0,5.1,5.1,23.5,24.0,29.0,28.7,39.6,25.5,4.0,4.1,5.1,4.0,54.5,27.3,10.1,3.1,24.0,21.0,22.8,27.6,3.0,10.0,12.1,11.1,11.1,7.1,18.2,21.2,21.2,21.2
1772524272.218647,13.3,5.1,15.8,17.2,36.7,37.6,6.1,2.0,5.1,14.3,6.9,5.1,30.7,26.7,22.4,20.4,18.2,15.0,28.7,41.6,35.0,38.6,42.4,38.0,2.1,5.9,8.1,24.5,24.0,31.3,23.0,22.2,2.0,5.1,2.0,4.0,28.0,53.4,3.1,3.0,15.2,13.0,18.0,23.0,3.0,4.0,9.2,9.9,6.1,5.1,21.6,18.8,20.2,20.2
1772524273.2187364,10.2,10.0,15.2,16.3,29.3,45.5,4.0,4.0,4.1,9.1,8.2,4.0,27.6,31.3,26.5,28.9,4.0,2.0,28.3,38.4,36.0,38.6,40.0,35.3,7.9,2.0,6.1,11.1,26.3,34.0,33.0,34.3,5.0,5.1,2.0,3.1,37.6,39.0,2.0,5.1,3.0,7.1,24.0,17.2,4.0,1.0,7.1,11.1,7.1,5.1,17.3,16.2,23.0,18.2
1772524274.2188437,11.2,5.1,17.0,13.1,32.7,36.0,2.0,3.0,3.1,10.2,4.1,5.1,24.0,30.7,26.0,19.2,14.0,22.0,36.0,28.0,34.3,34.7,41.0,20.4,2.0,4.1,6.9,11.0,28.7,23.0,40.6,41.6,1.0,1.0,3.9,3.0,35.0,45.0,1.0,5.0,7.1,6.0,21.8,19.2,2.0,3.0,9.0,5.0,5.1,6.0,17.8,18.0,17.0,19.2
1772524275.2196286,13.3,8.1,14.1,13.3,29.6,41.2,5.9,2.0,6.1,10.0,8.0,4.0,30.7,29.0,17.3,15.5,3.0,2.0,39.2,31.0,36.6,36.6,24.0,10.9,5.0,4.0,7.1,30.0,29.0,25.0,41.6,40.8,1.0,5.1,2.0,3.0,51.0,31.7,3.0,3.0,13.0,15.2,21.2,21.8,5.0,2.0,7.1,7.1,3.0,7.1,15.0,16.0,16.2,21.8
1772524276.2225497,13.0,7.0,11.2,18.0,32.0,31.7,2.1,4.0,3.1,9.0,4.0,4.0,31.3,21.4,22.4,16.8,13.3,15.2,30.0,35.0,34.7,41.6,22.0,22.2,3.1,4.0,8.1,36.4,33.0,25.0,44.1,38.0,5.1,9.9,2.1,3.0,40.0,38.6,4.0,12.0,22.4,29.3,22.2,19.2,1.0,3.1,7.1,9.1,5.1,5.2,16.2,20.2,20.0,20.4
1772524277.2226307,10.2,8.2,16.8,12.2,34.0,39.6,4.0,2.0,6.1,5.1,5.1,4.0,31.0,24.8,25.3,24.0,6.1,3.1,33.3,33.0,35.6,34.7,31.3,46.0,3.1,4.1,11.0,15.2,24.0,24.2,41.6,26.0,2.0,3.0,3.0,7.1,42.6,39.0,2.1,2.1,32.7,32.0,22.0,21.0,4.0,2.0,8.1,9.1,5.1,7.1,20.8,22.8,12.1,21.2
1772524278.2237709,13.3,6.1,16.3,17.0,44.6,30.7,4.0,2.0,8.2,8.2,4.0,5.1,30.0,29.0,20.4,34.7,2.0,7.0,36.0,35.0,36.3,39.0,38.0,41.6,5.0,5.1,8.0,7.0,28.3,27.0,33.7,22.0,4.0,2.0,3.0,3.1,44.0,37.0,2.0,2.0,40.0,41.0,25.0,22.8,1.0,3.1,8.1,7.1,7.0,4.1,10.1,10.2,20.0,19.2
1772524279.224255,13.3,6.1,16.5,15.3,42.4,24.0,5.0,3.1,8.2,12.1,4.1,7.0,28.3,29.0,20.6,21.2,15.3,18.2,37.6,32.3,38.0,33.3,42.0,37.8,5.1,4.0,10.1,7.1,28.0,23.0,18.0,22.8,3.1,5.1,3.0,4.0,53.5,27.7,3.0,9.2,39.0,41.6,23.2,18.8,4.0,2.0,12.0,7.0,7.1,6.1,25.5,25.7,19.2,21.2
1772524280.2330174,11.2,10.0,19.2,17.8,34.3,39.2,4.1,2.0,10.1,3.1,6.9,4.0,29.4,33.7,18.2,26.3,3.0,4.0,36.3,37.0,33.3,37.6,39.6,43.1,3.0,4.0,8.0,8.9,29.0,29.0,31.7,26.0,2.0,4.0,2.0,1.0,37.3,42.6,8.2,14.1,39.6,41.2,24.8,24.2,2.0,3.0,7.1,8.0,6.1,7.9,16.2,13.1,17.2,21.2
1772524281.2330883,11.3,6.0,14.1,15.3,37.4,32.7,3.0,3.0,4.0,7.0,3.1,2.0,31.0,29.0,20.4,23.2,15.0,21.0,37.4,31.7,40.6,35.3,41.0,40.6,5.9,3.0,6.0,5.1,31.7,19.0,26.0,39.0,4.0,4.0,3.0,2.0,43.6,37.0,3.1,3.0,40.6,40.6,21.0,22.8,5.0,2.0,8.9,8.0,5.0,8.0,18.0,21.0,19.0,16.2
1772524282.2331736,12.4,10.3,15.5,18.0,36.4,40.0,6.0,4.1,8.2,10.2,6.1,5.1,28.3,37.0,35.7,23.7,4.1,5.1,41.6,28.9,36.0,39.6,33.7,27.3,5.2,4.0,9.0,7.1,29.3,28.3,43.4,39.6,4.1,6.0,4.0,6.1,42.4,36.4,16.2,26.8,41.0,41.4,26.3,24.5,4.0,4.0,7.1,9.3,8.1,5.1,16.3,17.2,23.2,17.3
1772524283.2366602,14.1,8.1,24.5,16.2,38.8,36.0,4.1,3.0,12.1,11.2,6.0,4.1,34.3,26.5,23.2,19.8,8.2,1.0,38.0,34.7,36.3,40.2,25.3,35.0,5.0,3.1,5.1,22.8,26.7,33.0,41.7,39.0,4.0,4.0,4.0,4.1,38.6,45.1,7.1,9.1,41.0,39.6,26.7,21.0,4.1,1.0,11.1,10.0,8.1,5.1,16.2,15.2,20.2,22.0
1772524284.2374244,10.2,7.1,16.0,14.4,37.4,35.6,4.0,2.0,2.1,4.1,5.1,4.0,27.0,33.7,12.2,17.3,11.2,16.0,37.4,27.3,38.0,36.0,28.0,30.0,2.1,4.0,7.1,8.1,25.3,32.7,38.4,23.0,4.0,3.0,3.0,6.0,26.0,50.0,2.0,6.1,40.6,40.6,19.0,19.2,2.0,2.0,10.0,7.0,8.0,6.0,23.0,22.0,20.0,21.0
1772524285.2384686,16.2,10.0,16.2,20.8,34.7,42.2,3.1,4.0,5.1,12.0,5.0,5.1,36.6,28.0,26.8,30.0,5.1,8.2,36.3,35.6,37.6,37.6,21.0,38.0,6.1,4.0,10.0,7.1,26.7,32.0,35.9,41.7,5.1,5.0,5.0,2.0,41.0,44.7,3.1,2.0,39.0,42.2,23.2,23.0,4.0,4.0,12.0,9.0,7.1,6.1,17.0,16.2,14.0,28.3
1772524286.239149,16.2,10.3,20.6,18.4,39.0,38.0,4.0,7.1,11.2,3.1,5.1,3.1,31.0,35.4,35.4,33.3,8.2,18.2,37.8,32.3,39.6,40.0,21.2,30.3,4.0,3.1,8.2,7.1,33.3,29.7,34.3,30.0,9.9,2.0,1.0,4.0,36.6,38.0,4.0,3.1,40.6,41.0,24.0,30.0,1.0,3.1,7.1,9.2,9.2,4.0,22.8,21.8,22.2,23.5
1772524287.2392352,15.8,9.1,23.2,24.2,34.7,42.6,5.1,5.1,11.3,11.2,9.3,8.0,34.3,31.0,17.7,16.5,9.2,3.1,38.6,35.7,37.0,43.1,8.1,34.0,4.0,5.0,7.1,11.0,33.0,31.6,29.7,20.2,5.2,4.0,4.1,3.1,42.2,40.4,2.0,6.1,41.6,41.0,29.3,28.0,4.0,3.1,9.1,11.0,8.0,6.1,16.2,17.3,19.4,21.4
1772524288.2393186,13.3,9.2,17.3,13.4,31.6,37.3,4.0,3.0,4.0,2.0,5.1,6.1,29.0,27.0,19.0,9.2,8.2,16.2,38.4,31.0,39.6,36.6,37.0,40.0,5.0,4.1,6.0,9.2,27.0,31.0,40.6,28.0,6.0,2.0,3.1,4.0,38.6,39.4,3.1,7.1,34.0,34.0,16.0,26.3,3.0,3.0,8.1,11.1,4.1,8.1,21.0,23.8,21.4,17.0
1772524289.2411726,10.4,10.0,16.2,17.2,38.8,38.6,4.0,4.0,13.1,6.1,4.0,6.1,28.3,34.0,25.5,31.0,3.1,9.1,40.0,34.7,37.6,37.6,35.4,26.0,4.1,4.0,5.1,10.0,30.7,30.0,43.0,39.6,6.0,5.0,5.1,2.0,34.3,46.5,3.0,4.0,30.3,31.0,22.8,23.0,2.0,7.1,10.0,10.0,6.1,6.1,15.2,14.3,20.0,22.2
1772524290.2419152,13.0,11.2,15.3,15.2,35.0,36.0,3.1,2.0,8.2,9.3,6.1,5.1,30.0,31.0,36.7,31.6,13.1,13.3,36.6,30.0,36.6,38.6,42.6,35.0,5.1,4.0,7.1,6.1,26.5,34.3,41.2,40.6,5.1,4.0,3.0,3.0,44.0,41.2,2.0,3.1,31.7,32.0,26.0,22.0,3.0,6.1,11.2,5.2,7.1,8.0,24.8,27.0,21.4,18.0
1772524291.2493691,9.3,7.0,18.0,13.0,42.0,28.7,4.0,2.0,12.9,9.0,5.0,4.0,29.0,25.7,19.2,19.0,2.0,8.0,29.7,39.0,36.6,36.6,40.6,16.8,2.0,5.0,8.9,5.0,32.7,17.8,41.2,20.8,3.0,3.0,1.0,3.0,28.7,51.0,2.0,12.0,21.8,21.8,18.6,19.0,2.0,2.0,8.1,5.9,6.0,7.0,11.1,9.2,21.0,16.0
1772524292.249437,13.1,10.2,16.2,13.4,36.0,34.3,4.1,3.0,4.1,3.1,4.0,5.9,34.0,23.2,9.1,6.1,14.1,9.2,31.3,36.6,34.3,36.3,41.0,0.0,4.1,3.0,5.1,5.1,28.0,31.0,39.0,25.0,3.0,3.1,1.0,2.1,37.6,40.2,13.3,4.0,19.0,24.8,20.4,19.8,3.1,4.0,11.1,5.1,7.1,6.0,27.5,24.5,14.1,21.4
1772524293.2500615,14.7,8.0,12.1,17.2,41.0,25.0,3.0,2.1,2.1,12.1,3.1,2.1,22.0,25.3,16.5,25.3,12.9,3.0,34.3,36.4,32.3,35.3,31.6,16.0,4.0,3.0,6.1,5.1,20.2,30.3,37.0,42.2,4.0,4.0,3.0,4.0,45.0,35.0,9.1,7.2,16.0,16.2,19.0,19.2,4.0,1.0,9.0,6.1,5.1,7.0,11.0,10.2,20.2,18.0
1772524294.252419,13.3,10.2,17.0,19.8,40.4,36.9,3.1,9.1,5.1,13.4,5.1,4.0,32.7,35.6,38.0,35.7,15.0,12.1,35.0,38.6,38.2,42.6,35.6,28.7,6.0,3.0,6.0,8.9,30.3,32.0,40.6,40.0,4.0,4.0,4.0,2.0,46.1,34.7,4.0,4.0,12.1,12.9,26.7,24.0,3.0,8.1,9.1,10.9,7.1,6.1,24.2,28.4,22.0,22.2
1772524295.252763,12.1,8.0,11.2,15.2,48.0,25.0,4.0,3.0,9.2,12.1,5.9,4.0,30.0,28.3,23.5,27.7,3.1,2.0,33.0,38.0,35.0,36.6,39.0,41.0,3.0,2.0,8.1,4.1,28.0,21.0,33.7,36.3,2.0,4.0,2.1,3.0,38.0,42.6,2.0,3.0,18.2,15.3,17.2,19.2,5.0,5.0,10.0,7.0,4.1,5.1,9.0,8.1,16.2,16.0
1772524296.2536614,12.4,4.1,17.2,16.3,29.6,37.6,4.1,3.0,6.0,5.1,5.1,5.0,29.3,34.3,7.1,12.1,8.2,13.3,29.7,37.0,42.6,38.0,41.4,40.0,4.0,5.1,7.1,6.1,29.0,29.0,37.6,24.0,5.1,4.1,2.0,2.0,34.0,47.1,3.1,3.1,22.8,21.2,24.0,22.0,8.1,4.1,8.2,10.1,7.1,6.1,23.5,20.0,19.2,23.5
1772524297.2544827,11.1,10.1,19.0,20.0,40.0,36.0,2.0,2.0,7.1,3.1,4.1,3.1,29.0,32.7,16.0,23.2,11.1,3.0,27.6,37.0,36.6,38.6,30.7,37.4,3.0,4.0,6.1,8.0,33.0,28.7,29.3,18.4,2.0,3.1,7.1,4.0,41.6,40.0,1.0,4.0,28.0,30.0,26.3,19.2,4.0,2.0,11.1,6.1,6.1,5.1,34.0,24.8,23.0,24.2
1772524298.262507,12.4,9.9,19.4,19.4,36.4,38.6,4.0,3.0,9.9,13.0,4.0,4.0,35.4,32.7,35.0,32.7,2.0,8.1,34.7,34.0,42.6,39.2,21.2,40.0,3.0,3.0,6.1,5.1,32.7,29.0,21.8,22.0,4.0,3.0,5.1,3.0,31.0,42.0,3.1,3.0,40.4,34.7,30.0,24.0,3.1,2.0,8.9,10.0,6.1,5.1,9.1,11.1,15.0,23.0
1772524299.266546,29.3,14.0,19.0,21.0,34.0,39.8,5.1,5.0,9.3,8.2,4.1,4.1,30.4,28.3,28.9,23.7,16.8,11.1,35.0,34.3,36.3,37.3,32.0,25.7,6.0,4.0,9.0,9.0,23.5,31.3,23.0,41.3,5.0,4.0,3.0,2.0,38.2,49.5,3.0,3.0,40.6,40.6,22.0,24.0,4.0,2.0,8.2,10.1,7.1,6.1,25.0,29.0,18.0,22.2
1772524300.269764,16.5,9.3,20.4,21.6,46.0,27.3,3.1,3.1,8.1,6.1,4.1,11.1,34.7,30.0,13.4,15.2,3.1,6.2,30.0,39.4,41.6,40.0,28.0,39.4,5.0,7.1,6.1,11.1,34.3,37.6,41.6,38.4,6.1,2.1,6.1,4.1,40.4,42.0,3.1,3.1,42.0,41.6,26.0,24.8,4.0,5.0,11.0,9.0,7.1,8.1,10.1,11.0,22.2,19.6
1772524301.270952,11.2,8.0,19.0,18.2,52.5,22.0,2.0,6.0,2.0,4.1,5.0,5.1,32.7,31.7,16.0,12.4,9.2,17.2,30.0,22.0,34.7,38.2,35.0,36.6,3.0,5.0,6.1,11.0,32.0,24.8,31.7,30.7,2.0,3.0,4.0,2.0,32.0,28.3,2.0,4.1,41.2,41.0,24.2,17.0,3.0,4.0,8.0,8.1,5.0,5.9,21.4,23.2,17.5,19.8
1772524302.2722745,7.4,3.0,33.0,33.7,54.5,26.5,3.0,4.0,9.2,8.9,5.0,4.0,44.0,38.0,22.4,17.0,3.0,2.0,21.0,26.0,41.2,41.2,20.0,35.0,2.0,2.0,3.0,9.0,39.2,46.0,23.0,38.6,2.0,1.0,1.0,4.0,19.2,18.8,4.0,2.0,39.6,41.6,39.0,33.7,1.0,2.1,4.0,5.9,3.0,2.0,13.9,14.1,9.8,7.1
1772524303.277202,14.3,12.1,25.3,30.7,38.4,39.0,6.1,8.1,12.2,7.3,10.2,3.0,33.0,36.4,28.9,20.4,3.1,6.0,39.8,35.0,39.6,40.6,24.2,21.0,5.1,4.0,10.1,41.4,33.3,28.0,28.7,26.7,4.1,4.0,4.0,6.1,44.0,40.0,3.1,5.1,41.0,42.6,31.0,28.3,4.1,6.1,13.9,8.2,8.2,7.1,8.1,11.0,15.2,31.0
1772524304.2772958,11.3,7.0,24.8,20.4,35.4,38.6,4.0,1.0,9.2,12.0,9.0,5.1,29.3,29.0,20.4,27.3,23.0,7.1,35.6,35.6,34.7,39.6,25.7,29.7,2.0,5.1,9.9,36.0,30.3,30.0,41.0,1.0,2.0,5.1,4.0,6.0,40.6,40.0,4.0,11.2,39.4,40.6,20.8,28.0,2.0,1.0,8.2,9.0,6.0,7.1,26.0,29.3,22.2,20.8
1772524305.277383,16.8,9.2,19.4,18.0,41.4,34.7,3.1,5.0,8.2,5.2,4.1,8.0,22.2,35.4,26.5,25.3,8.2,4.1,35.6,35.0,36.6,37.0,40.4,41.4,5.0,4.0,8.2,18.2,31.7,27.0,44.1,31.0,5.0,5.9,7.0,2.0,41.0,40.6,8.1,13.4,41.6,40.0,26.0,24.0,4.0,7.0,14.1,6.2,7.1,7.1,17.3,18.0,22.4,17.2
1772524306.2786803,11.3,11.0,25.0,21.4,44.9,31.0,5.1,3.1,3.1,3.0,4.1,4.0,27.0,35.6,16.2,24.5,10.1,9.1,33.3,29.0,39.6,40.2,34.0,44.0,2.0,5.9,5.1,6.1,32.3,29.3,40.0,31.7,2.0,2.0,2.0,4.0,35.6,26.3,28.3,8.1,35.0,33.7,26.3,28.3,5.1,0.0,6.1,9.1,5.1,6.1,19.0,16.2,18.2,15.3
1772524307.2796018,10.0,6.0,27.3,27.3,32.0,47.1,6.0,1.0,6.9,10.2,4.0,3.0,37.6,39.6,10.2,12.2,12.0,7.1,21.0,24.0,41.2,42.6,18.2,42.2,1.0,3.1,3.0,2.1,33.0,36.0,42.2,40.6,3.0,2.0,1.0,2.0,17.3,18.0,12.1,11.2,29.7,30.7,35.0,34.0,2.0,2.0,6.0,5.0,3.0,5.0,15.0,14.1,9.0,11.1
1772524308.2797425,10.4,6.1,19.0,22.2,33.7,39.0,3.0,2.0,1.0,3.0,4.0,2.0,33.7,23.0,6.0,18.0,6.1,11.0,17.0,16.2,34.7,37.6,19.0,29.0,2.0,5.0,2.0,5.0,31.7,25.3,40.6,41.2,2.0,2.0,2.0,1.0,17.0,22.0,1.0,4.1,31.0,30.7,27.5,24.5,3.0,1.0,8.2,6.1,3.0,4.0,4.0,5.0,10.0,10.1
1772524309.2801447,9.5,3.0,22.4,25.3,36.4,40.2,3.1,1.0,3.0,3.0,2.0,5.0,33.0,35.4,10.2,11.2,2.0,3.0,19.8,20.8,38.2,39.6,21.2,0.0,3.0,2.0,2.0,2.0,35.4,37.6,40.6,42.0,2.0,2.0,3.0,1.0,25.0,27.0,5.1,3.0,32.0,30.0,28.0,33.7,2.0,2.0,6.9,4.0,5.0,4.1,6.1,9.2,15.0,11.2
1772524310.2802303,10.4,6.1,33.0,40.4,59.4,23.8,3.0,4.0,3.0,4.0,3.1,3.0,40.0,42.2,11.1,12.1,2.1,2.0,13.3,18.8,43.6,39.6,22.0,13.0,2.0,2.0,3.0,3.0,38.2,41.0,41.2,41.6,3.0,2.0,3.0,1.0,18.8,19.0,2.0,2.0,23.8,23.0,39.4,36.6,1.0,2.0,6.1,4.1,4.0,3.0,7.0,6.1,7.1,10.1
1772524311.28101,10.4,9.0,16.0,18.4,41.6,34.3,3.1,5.0,13.4,12.2,6.0,4.0,27.3,31.0,16.0,17.3,5.0,14.0,31.0,38.0,37.6,39.8,24.2,20.0,5.0,4.1,9.0,4.1,32.7,24.0,26.3,37.0,3.0,3.1,3.0,2.0,39.0,38.4,1.0,3.0,21.0,21.0,20.2,24.2,2.0,1.0,8.9,7.1,5.1,7.0,14.0,13.3,19.2,19.2
1772524312.281516,13.1,6.1,19.4,18.2,30.3,39.6,2.0,2.0,6.1,6.0,4.0,3.0,36.6,23.0,25.3,29.7,9.0,11.9,29.0,33.3,36.3,39.0,39.6,38.4,4.0,3.0,4.0,4.0,30.4,26.5,20.0,23.8,5.0,2.0,3.0,3.0,37.0,41.6,4.0,2.0,12.0,11.1,23.8,23.0,3.0,2.9,6.0,6.1,5.1,8.2,22.0,23.0,20.0,13.3
1772524313.286633,9.4,6.2,17.3,18.0,34.3,37.0,3.0,3.0,3.0,3.0,3.0,5.0,33.3,21.2,28.3,25.5,2.0,2.0,34.0,36.0,37.6,35.3,38.0,41.6,4.0,3.0,4.0,5.1,31.0,23.2,19.0,23.0,3.0,4.0,4.1,4.0,39.4,41.6,2.0,3.0,14.0,12.0,25.3,20.8,4.0,2.0,8.1,10.1,6.0,7.1,13.9,11.1,22.0,16.2
1772524314.2873209,14.0,15.8,15.3,20.2,29.3,45.1,5.1,2.0,10.1,4.1,4.1,2.0,36.6,26.7,13.3,14.1,15.8,2.0,28.7,27.0,35.3,35.6,26.5,34.0,6.0,4.0,5.1,6.1,28.3,30.6,32.7,25.7,3.0,1.0,2.0,4.0,26.7,36.6,2.0,4.0,14.0,20.0,19.8,22.8,2.0,3.0,8.1,6.1,11.0,6.0,14.3,16.2,17.0,17.8
1772524315.2900407,11.3,5.1,26.0,27.6,42.0,41.6,5.0,2.0,2.0,3.0,2.0,5.0,34.0,42.0,11.1,16.3,8.1,8.2,17.2,16.2,43.6,42.2,22.8,35.0,2.0,2.0,2.0,5.0,35.0,36.0,42.6,38.6,1.0,4.0,3.0,3.0,22.0,19.0,0.0,5.0,13.1,17.0,35.0,35.4,2.0,4.0,8.1,8.9,15.2,5.1,14.9,17.8,8.1,14.1
1772524316.294306,11.1,10.1,20.0,23.8,37.0,36.6,11.0,2.0,4.1,6.0,4.0,5.1,31.0,35.6,16.2,17.0,3.1,2.0,35.0,38.2,40.6,35.0,21.8,22.0,4.0,4.0,7.1,4.1,28.0,24.8,24.0,32.7,7.1,2.0,1.0,3.1,39.2,41.2,5.0,3.0,14.0,11.1,26.3,22.8,3.0,1.0,9.1,8.2,7.1,6.1,10.0,11.0,21.0,19.2
1772524317.2970872,11.3,13.9,18.0,18.4,37.0,36.6,1.0,5.0,12.0,17.5,3.1,4.1,31.7,30.0,25.3,35.4,16.0,15.2,35.6,36.6,33.7,42.2,36.0,16.0,4.0,4.0,8.0,9.1,37.0,28.0,28.0,15.2,4.0,5.9,3.0,5.0,35.4,46.0,1.0,2.0,24.0,22.2,20.0,23.0,9.1,3.0,9.9,8.0,7.0,7.1,21.0,23.8,23.0,20.2
1772524318.2982771,15.8,8.2,22.2,21.2,33.0,41.6,6.1,5.1,5.1,4.0,5.0,5.1,39.0,33.3,28.1,30.9,3.1,4.0,36.0,36.0,43.1,36.6,36.0,38.0,4.0,5.9,7.1,9.0,32.7,36.4,37.3,40.6,4.1,4.0,3.1,2.0,41.2,40.0,4.0,2.0,31.7,31.0,26.7,31.0,8.2,3.0,8.1,10.2,6.1,8.1,20.2,21.2,22.0,22.4
1772524319.2983515,12.4,8.1,18.4,10.3,36.0,33.7,3.0,1.0,8.1,10.1,5.1,5.1,25.3,34.3,21.2,17.2,20.0,9.2,36.4,30.6,34.0,34.3,42.0,39.0,5.1,3.1,6.1,7.1,22.2,29.7,41.0,22.5,5.1,4.1,2.0,3.1,43.4,37.6,4.0,4.0,30.6,35.6,23.2,14.3,2.0,3.1,8.2,5.1,6.1,7.1,17.0,17.2,21.4,18.2
1772524320.2984426,7.1,1.0,0.0,0.0,1.0,1.0,1.0,1.0,11.2,10.2,1.0,1.0,1.0,1.0,26.5,27.3,7.1,10.1,3.0,2.0,3.0,1.0,37.4,43.0,1.0,1.0,3.0,1.0,0.0,0.0,43.1,35.6,2.0,4.0,0.0,1.0,41.2,40.6,13.1,3.0,39.6,41.0,0.0,1.0,0.0,1.0,1.0,1.0,1.0,1.0,24.8,25.7,0.0,0.0
1772524321.2985318,7.1,0.0,0.0,1.0,0.0,0.0,0.0,0.0,1.0,1.0,0.0,1.0,0.0,0.0,30.6,32.7,0.0,0.0,0.0,0.0,0.0,0.0,40.2,41.0,0.0,0.0,0.0,0.0,0.0,0.0,39.6,41.4,1.0,0.0,2.0,1.0,35.6,41.0,8.2,8.1,40.6,40.6,0.0,0.0,0.0,0.0,0.0,0.0,0.0,0.0,3.0,2.0,0.0,1.0
1772524322.2986152,2.1,0.0,0.0,0.0,0.0,0.0,0.0,0.0,0.0,0.0,0.0,0.0,0.0,0.0,16.2,19.2,0.0,0.0,1.0,0.0,0.0,0.0,30.3,38.0,0.0,0.0,0.0,0.0,0.0,0.0,41.6,24.8,0.0,0.0,0.0,0.0,15.2,41.2,1.0,1.0,39.4,39.6,1.0,0.0,1.0,0.0,0.0,1.0,0.0,0.0,0.0,0.0,0.0,0.0
1772524323.298693,1.0,0.0,0.0,0.0,0.0,0.0,0.0,0.0,0.0,0.0,0.0,0.0,0.0,0.0,0.0,0.0,0.0,0.0,0.0,0.0,0.0,0.0,25.7,34.0,0.0,0.0,0.0,0.0,0.0,0.0,32.7,28.7,0.0,0.0,0.0,0.0,0.0,40.6,1.0,0.0,40.6,40.0,0.0,0.0,0.0,0.0,0.0,0.0,0.0,0.0,0.0,0.0,0.0,0.0
1772524324.2987716,1.0,0.0,0.0,0.0,0.0,0.0,0.0,0.0,0.0,0.0,0.0,0.0,0.0,0.0,0.0,0.0,0.0,0.0,0.0,0.0,0.0,0.0,22.2,24.0,0.0,0.0,1.0,0.0,0.0,0.0,27.7,19.0,0.0,0.0,0.0,0.0,11.9,30.0,0.0,0.0,40.6,40.6,0.0,0.0,0.0,0.0,0.0,0.0,0.0,0.0,0.0,0.0,0.0,0.0
1772524325.2988544,1.0,0.0,0.0,0.0,0.0,0.0,0.0,0.0,0.0,0.0,0.0,0.0,0.0,0.0,1.0,0.0,0.0,0.0,0.0,0.0,0.0,0.0,20.0,20.8,0.0,0.0,0.0,0.0,0.0,0.0,23.0,1.0,0.0,0.0,0.0,0.0,7.9,20.8,1.0,0.0,39.6,40.6,0.0,0.0,1.0,0.0,0.0,1.0,0.0,0.0,0.0,0.0,0.0,0.0
1772524326.2989411,1.1,1.0,0.0,1.0,0.0,2.0,0.0,0.0,0.0,2.0,2.0,1.0,2.9,2.0,0.0,2.0,1.0,0.0,0.0,0.0,0.0,0.0,6.0,20.2,0.0,0.0,0.0,0.0,0.0,0.0,13.7,7.0,2.0,0.0,0.0,3.0,0.0,21.0,1.0,0.0,40.6,41.0,1.0,0.0,0.0,1.0,0.0,1.0,1.0,0.0,1.0,0.0,2.0,0.0
1772524327.299012,0.0,0.0,0.0,0.0,0.0,0.0,0.0,0.0,0.0,0.0,0.0,0.0,0.0,0.0,0.0,0.0,0.0,0.0,0.0,0.0,0.0,0.0,0.0,20.8,0.0,0.0,0.0,0.0,0.0,0.0,0.0,0.0,1.0,0.0,0.0,0.0,0.0,8.0,0.0,0.0,40.6,40.6,0.0,0.0,0.0,0.0,0.0,0.0,0.0,0.0,0.0,0.0,0.0,0.0
1772524328.2990868,0.0,0.0,0.0,0.0,0.0,0.0,0.0,0.0,0.0,0.0,0.0,0.0,0.0,0.0,0.0,0.0,0.0,0.0,0.0,0.0,0.0,0.0,3.0,18.0,0.0,0.0,0.0,0.0,0.0,0.0,0.0,1.0,0.0,0.0,0.0,0.0,0.0,1.0,0.0,0.0,31.3,31.7,0.0,0.0,0.0,0.0,0.0,0.0,0.0,0.0,0.0,0.0,0.0,0.0
1772524329.299159,0.0,0.0,1.0,0.0,0.0,0.0,0.0,0.0,0.0,0.0,0.0,0.0,0.0,0.0,0.0,0.0,0.0,0.0,0.0,0.0,0.0,0.0,6.1,5.0,0.0,0.0,0.0,0.0,0.0,0.0,0.0,0.0,0.0,0.0,0.0,0.0,0.0,0.0,0.0,0.0,30.7,30.3,0.0,0.0,0.0,0.0,0.0,0.0,0.0,0.0,0.0,0.0,0.0,0.0
1772524330.2992144,0.0,0.0,0.0,0.0,0.0,0.0,0.0,0.0,0.0,0.0,0.0,0.0,0.0,0.0,0.0,0.0,0.0,0.0,0.0,0.0,0.0,0.0,0.0,0.0,0.0,0.0,0.0,0.0,0.0,0.0,0.0,0.0,0.0,0.0,0.0,0.0,0.0,0.0,1.0,0.0,30.0,30.4,1.0,0.0,0.0,0.0,0.0,0.0,0.0,0.0,0.0,0.0,0.0,0.0
1772524331.299294,0.0,0.0,0.0,0.0,0.0,0.0,0.0,0.0,0.0,0.0,0.0,0.0,0.0,0.0,0.0,0.0,0.0,1.0,0.0,1.0,0.0,0.0,0.0,0.0,0.0,0.0,0.0,0.0,0.0,2.0,0.0,0.0,0.0,1.0,0.0,0.0,1.0,0.0,0.0,0.0,24.8,23.0,0.0,0.0,0.0,0.0,0.0,0.0,0.0,0.0,0.0,0.0,0.0,0.0
1772524332.299384,0.0,5.0,0.0,4.0,0.0,2.0,1.0,1.0,1.0,2.0,1.0,2.0,2.0,2.0,12.1,2.0,1.0,0.0,1.0,0.0,1.0,0.0,0.0,3.0,1.0,4.0,1.0,1.0,0.0,0.0,3.0,0.0,2.0,0.0,0.0,2.0,4.0,2.0,3.0,2.0,11.0,10.0,1.0,0.0,0.0,0.0,0.0,2.0,2.0,2.0,2.0,0.0,3.0,0.0
1772524333.2994723,3.2,4.0,2.0,3.0,2.0,3.0,1.0,3.0,1.0,5.0,1.0,3.0,5.1,3.0,6.9,23.0,4.0,3.0,2.0,2.0,3.0,0.0,2.0,2.0,2.0,1.0,1.0,4.0,3.0,0.0,2.0,0.0,1.0,1.0,0.0,2.0,2.0,5.0,4.0,2.0,10.0,12.1,3.0,0.0,2.0,0.0,0.0,1.0,3.0,1.0,1.0,0.0,2.0,0.0
1772524334.2995746,0.0,4.0,2.0,1.0,3.0,2.0,0.0,3.0,3.0,6.0,0.0,5.0,1.0,6.0,4.0,3.0,27.3,6.0,5.9,3.0,4.0,1.0,15.2,0.0,2.0,2.0,5.0,2.0,1.0,1.0,3.0,1.0,1.0,3.0,0.0,3.0,2.0,3.0,3.0,1.0,11.1,11.0,5.0,0.0,1.0,0.0,1.0,1.0,2.0,0.0,3.0,2.0,3.0,0.0
1772524335.299657,0.0,0.0,0.0,1.0,0.0,0.0,0.0,0.0,0.0,0.0,0.0,0.0,0.0,0.0,0.0,0.0,0.0,0.0,0.0,0.0,0.0,0.0,0.0,0.0,0.0,0.0,0.0,0.0,0.0,0.0,0.0,0.0,0.0,0.0,0.0,0.0,0.0,0.0,0.0,0.0,9.9,10.9,0.0,0.0,0.0,1.0,0.0,0.0,0.0,0.0,0.0,0.0,0.0,0.0
1772524336.299722,0.0,0.0,0.0,0.0,0.0,0.0,0.0,0.0,0.0,0.0,0.0,0.0,0.0,0.0,0.0,0.0,0.0,0.0,0.0,0.0,0.0,0.0,0.0,0.0,0.0,0.0,0.0,0.0,0.0,0.0,0.0,0.0,0.0,0.0,0.0,0.0,0.0,0.0,0.0,0.0,11.0,9.1,0.0,0.0,0.0,0.0,0.0,0.0,0.0,2.0,0.0,0.0,0.0,0.0
1772524337.2998106,1.0,2.0,1.0,1.0,2.0,2.0,2.0,1.0,1.0,2.0,0.0,1.0,1.0,3.0,3.9,1.0,1.0,1.0,1.0,3.0,2.0,2.0,1.0,3.0,2.0,2.0,2.0,2.0,2.9,1.0,1.0,1.0,0.0,1.0,2.0,0.0,2.0,1.0,2.0,1.0,2.0,5.0,1.0,0.0,1.0,0.0,4.0,1.0,1.0,0.0,1.0,1.0,2.0,0.0
