timestamp,CPU_0(group_0),CPU_64(group_0),CPU_2(group_0),CPU_66(group_0),CPU_4(group_0),CPU_68(group_0),CPU_6(group_0),CPU_70(group_0),CPU_8(group_0),CPU_72(group_0),CPU_10(group_0),CPU_74(group_0),CPU_12(group_0),CPU_76(group_0),CPU_14(group_0),CPU_78(group_0),CPU_16(group_0),CPU_80(group_0),CPU_18(group_0),CPU_82(group_0),CPU_20(group_0),CPU_84(group_0),CPU_22(group_0),CPU_86(group_0),CPU_24(group_0),CPU_88(group_0),CPU_26(group_0),CPU_90(group_0),CPU_28(group_0),CPU_92(group_0),CPU_30(group_0),CPU_94(group_0),CPU_32(group_0),CPU_96(group_0),CPU_34(group_0),CPU_98(group_0),CPU_36(group_0),CPU_100(group_0),CPU_38(group_0),CPU_102(group_0),CPU_40(group_0),CPU_104(group_0),CPU_42(group_0),CPU_106(group_0),CPU_44(group_0),CPU_108(group_0),CPU_46(group_0),CPU_110(group_0),CPU_48(group_0),CPU_112(group_0),CPU_50(group_0),CPU_114(group_0),CPU_52(group_0),CPU_116(group_0)
1772901913.3284006,0.0,0.0,100.0,0.0,0.0,0.0,100.0,0.0,0.0,0.0,0.0,0.0,0.0,100.0,0.0,0.0,0.0,0.0,100.0,0.0,0.0,0.0,0.0,0.0,100.0,0.0,100.0,0.0,0.0,0.0,0.0,0.0,0.0,100.0,0.0,0.0,0.0,0.0,0.0,0.0,0.0,0.0,100.0,0.0,0.0,0.0,0.0,0.0,0.0,0.0,0.0,0.0,0.0,0.0
1772901914.331246,30.7,9.0,23.2,35.0,10.2,20.0,44.4,53.5,2.0,6.1,4.0,27.0,27.0,33.0,15.2,11.2,24.2,30.0,42.6,37.6,17.3,21.0,41.0,12.9,17.2,21.2,55.6,52.0,12.1,4.1,23.2,27.3,51.5,30.3,18.0,15.2,18.2,20.0,13.3,6.1,33.0,29.4,37.8,33.7,22.2,16.2,12.1,12.1,5.1,8.0,9.1,24.0,10.2,19.4
1772901915.3324354,11.5,21.0,22.0,31.0,26.3,10.2,43.6,40.2,1.0,4.0,14.0,15.0,29.0,27.0,10.1,8.1,25.3,23.2,31.3,27.6,7.1,21.0,10.1,26.3,12.0,18.0,47.5,56.6,5.1,9.1,21.2,15.8,17.0,18.2,11.1,3.0,19.2,14.1,9.1,2.0,33.3,30.3,33.0,34.7,11.2,11.1,13.0,10.1,3.0,3.1,23.2,10.0,12.0,9.0
1772901916.3354003,11.2,27.3,22.4,27.0,20.2,5.0,49.5,37.8,4.0,6.1,21.2,5.1,22.0,22.8,5.1,4.0,21.8,27.7,33.0,21.2,10.0,21.2,5.0,26.0,8.1,21.2,40.4,51.5,1.0,8.1,17.0,15.2,34.0,23.0,10.1,9.1,15.2,10.1,4.1,7.0,17.2,27.3,26.0,32.3,21.0,8.1,8.1,10.2,2.0,2.1,21.0,2.1,9.1,21.4
1772901917.3365963,10.3,24.2,29.3,14.1,7.1,20.2,46.5,42.6,8.1,2.0,14.0,13.3,27.0,27.3,30.0,15.0,25.3,18.2,43.4,39.0,9.3,23.0,4.1,32.7,8.2,16.8,61.0,58.0,3.1,13.3,15.5,20.0,36.7,21.2,12.0,6.0,20.8,15.2,4.0,10.2,23.2,31.7,34.3,28.3,19.4,22.2,14.0,12.1,4.1,4.0,23.8,9.3,14.1,24.0
1772901918.3368702,24.2,8.9,18.4,24.2,19.6,16.8,40.8,41.4,6.2,2.0,2.0,21.8,26.0,21.4,22.2,23.0,24.0,19.0,41.6,40.0,11.0,20.2,6.1,33.3,15.2,9.1,60.6,58.0,3.1,9.2,17.8,18.0,29.0,29.0,11.2,9.2,22.2,9.1,3.1,7.0,26.7,21.0,36.4,27.3,17.2,9.3,13.0,11.1,16.2,5.1,21.8,9.2,12.1,12.4
1772901919.3370066,20.2,17.5,23.5,29.7,20.2,5.2,46.0,42.6,7.1,4.1,2.0,21.2,31.3,20.0,17.2,15.3,20.0,26.3,40.8,38.8,8.1,23.2,5.1,32.3,13.0,24.0,59.0,58.0,8.2,7.1,19.0,16.2,22.2,17.2,8.2,6.1,18.0,16.0,12.0,4.1,30.6,26.3,37.3,29.0,15.2,13.0,12.2,12.1,7.1,9.2,12.2,17.8,11.2,10.2
1772901920.3372116,17.5,21.6,13.9,16.2,20.0,18.0,39.2,44.4,2.0,2.0,10.1,12.1,24.3,20.2,14.0,12.9,18.0,19.8,31.0,40.4,7.1,20.0,6.0,1.0,6.1,14.3,52.9,53.0,2.0,9.9,11.1,13.1,34.0,21.2,3.0,14.0,14.1,8.1,8.1,3.0,20.8,17.2,30.3,29.3,18.0,12.2,14.1,11.0,4.0,5.1,8.0,18.2,14.7,12.1
1772901921.339183,10.5,25.0,17.3,19.4,2.0,17.2,41.4,38.0,2.0,4.0,23.5,2.0,22.4,27.0,21.0,23.8,22.0,18.8,39.0,38.0,12.0,19.8,5.1,0.0,5.0,15.8,53.6,54.0,4.0,10.0,15.2,15.0,24.0,37.6,10.0,7.0,10.0,18.0,6.0,4.0,20.0,23.0,31.0,22.2,23.7,24.0,12.1,10.1,2.0,2.0,6.1,22.0,24.5,12.2
1772901922.3399477,25.5,19.6,26.5,13.0,17.2,22.0,51.5,33.3,8.0,6.1,21.4,21.4,30.7,35.6,24.0,19.6,24.0,18.0,41.4,38.0,9.1,21.0,7.0,2.0,8.1,14.3,54.5,60.4,4.1,7.1,16.2,20.8,22.4,34.3,9.2,8.2,18.2,18.0,8.3,1.0,19.0,29.0,28.0,36.4,24.2,26.5,15.0,11.1,5.1,4.0,5.1,23.2,15.0,12.4
1772901923.340031,15.2,22.5,19.2,21.2,19.2,20.0,37.8,39.0,3.0,7.1,21.2,6.0,31.7,24.0,15.0,17.8,19.0,21.8,39.6,38.0,8.0,25.0,4.0,4.0,13.3,16.0,54.9,49.5,9.1,4.1,14.3,18.0,10.1,27.0,10.0,8.1,11.0,13.1,3.0,8.2,25.3,19.2,21.4,29.0,15.2,15.8,12.1,9.0,2.0,3.0,9.0,21.0,13.1,5.1
1772901924.3442464,30.0,14.0,24.5,18.2,16.3,23.0,46.0,54.0,5.0,3.0,22.8,2.0,21.2,27.3,16.8,15.0,21.2,28.0,41.0,42.6,3.0,29.0,4.1,6.1,18.8,10.1,64.0,58.4,4.0,12.1,21.0,20.2,22.8,38.6,6.1,15.3,12.0,24.0,6.1,8.2,32.3,26.7,43.6,34.7,11.1,16.3,16.2,12.0,4.0,4.1,22.2,8.1,20.0,12.2
1772901925.3457277,13.7,20.0,32.0,11.1,22.2,4.0,42.0,42.6,3.1,2.0,21.2,2.0,27.7,25.0,20.0,27.3,20.0,24.0,39.8,38.8,7.1,24.0,6.1,3.0,7.1,18.0,58.6,58.0,6.1,7.1,16.3,17.3,33.7,26.0,8.2,7.1,18.0,15.2,8.2,6.0,24.0,26.3,28.3,30.3,23.2,24.2,13.0,11.1,5.1,3.1,22.0,8.1,12.2,24.0
1772901926.3466148,7.4,18.2,30.0,19.6,28.3,12.0,37.6,45.0,4.0,7.0,14.1,10.1,23.0,25.7,21.2,22.2,19.0,25.0,41.0,38.0,11.1,22.0,6.1,2.1,10.1,20.2,60.0,51.0,2.1,10.1,22.0,16.0,31.3,22.4,7.0,14.0,22.2,5.1,7.1,5.2,23.0,27.0,37.0,36.0,12.1,22.0,10.2,9.1,5.1,3.0,12.1,17.0,15.2,13.4
1772901927.3470738,28.3,6.0,24.7,16.2,4.0,20.0,34.3,36.4,4.0,3.1,11.1,16.0,25.5,23.2,15.2,16.0,24.0,18.2,39.4,40.0,17.0,14.1,4.0,6.0,14.4,13.1,60.6,61.0,9.1,4.1,20.0,17.2,23.2,20.8,13.3,5.0,19.2,13.1,3.1,9.2,34.0,21.4,27.3,32.0,10.0,12.0,12.1,12.1,7.0,2.1,16.2,15.3,16.2,3.1
1772901928.3471568,17.5,23.5,19.2,23.7,10.2,25.3,50.0,26.5,3.1,7.1,12.0,10.2,24.0,26.0,18.2,16.2,23.0,18.4,41.8,43.0,16.0,9.2,5.1,4.0,7.0,16.0,63.0,56.0,9.1,8.1,19.4,18.4,22.4,34.3,19.8,2.1,22.0,11.0,9.1,5.1,24.2,28.0,30.0,37.4,23.0,16.3,12.9,11.1,4.1,2.0,17.2,15.0,12.0,20.2
1772901929.3472528,24.5,7.1,16.2,23.8,6.2,23.0,38.0,22.4,2.0,3.0,15.0,7.1,22.0,23.8,19.0,25.7,26.0,19.8,39.4,42.0,19.4,11.2,4.0,4.1,6.1,16.3,54.5,57.6,8.2,5.1,20.2,17.8,36.6,20.4,9.2,4.1,21.2,11.1,5.1,9.1,22.4,26.0,26.3,29.3,17.5,18.0,12.1,11.2,5.1,4.0,11.0,21.2,17.3,18.2
1772901930.348025,24.5,16.7,27.8,19.2,15.2,21.2,35.7,33.0,4.0,2.0,22.2,3.0,25.0,23.2,20.2,21.4,29.7,11.2,30.0,45.5,21.2,8.1,5.1,3.0,17.8,6.1,56.0,54.0,10.2,2.0,19.0,16.2,31.3,23.0,17.3,3.1,19.2,8.2,7.0,7.1,29.0,20.2,38.6,32.0,19.0,20.2,12.2,12.0,3.0,6.1,14.1,7.1,10.2,16.5
1772901931.3485634,20.2,12.1,18.4,18.0,24.2,5.1,42.7,28.0,1.0,2.0,3.0,3.0,26.0,23.8,12.0,15.8,11.2,8.1,39.2,31.0,14.0,7.0,6.0,4.0,18.2,14.1,43.6,44.6,7.0,4.1,12.1,16.2,15.8,18.0,11.1,2.0,19.0,12.1,2.0,8.0,16.3,20.0,22.4,19.8,6.1,7.0,9.0,8.1,2.0,3.0,4.0,4.0,5.0,9.9
1772901932.3501186,28.6,13.3,22.2,24.8,19.8,4.0,45.9,38.4,2.0,3.0,2.0,3.1,17.0,22.2,15.7,13.0,10.1,14.0,27.3,16.3,3.0,11.0,3.1,4.0,12.0,13.9,47.4,50.5,9.1,5.1,22.8,15.2,29.3,25.0,13.1,2.0,19.0,13.9,5.1,11.0,22.8,26.0,21.0,22.0,11.9,6.1,12.2,13.0,4.1,4.1,9.0,12.1,15.8,8.2
1772901933.3502152,26.7,10.1,19.4,16.2,22.2,16.0,30.3,35.0,2.0,3.0,22.2,2.0,13.0,13.0,17.2,21.2,13.0,27.7,33.3,22.2,18.0,9.1,2.0,4.0,9.1,12.2,38.6,49.5,8.2,4.0,15.2,14.0,29.3,26.3,15.3,2.1,17.2,9.3,5.1,6.1,21.2,22.2,32.7,23.0,24.2,24.0,9.1,11.1,5.1,5.0,21.2,7.1,20.2,12.2
1772901934.351051,13.3,18.0,15.3,20.0,3.1,21.8,49.5,38.0,4.0,5.1,21.0,7.0,27.0,18.2,12.1,11.1,27.0,12.2,28.0,20.0,18.0,20.0,4.0,9.0,8.2,13.1,50.5,49.0,9.0,2.0,15.2,18.0,24.8,33.0,8.1,5.0,20.2,9.1,10.0,1.0,22.0,19.2,29.3,24.0,12.1,12.2,13.0,9.0,4.0,4.1,11.2,15.3,23.5,9.2
1772901935.3521893,14.6,16.2,20.2,27.0,11.0,26.0,41.8,46.0,3.0,4.0,7.1,16.0,28.0,22.8,6.1,8.9,24.0,20.8,31.3,28.0,10.2,21.0,6.1,3.0,18.0,18.0,51.5,43.4,5.1,7.0,19.0,17.0,15.2,29.7,8.2,11.1,15.0,14.9,6.1,9.0,29.0,21.0,32.0,34.3,13.0,15.0,12.2,11.1,2.0,6.1,4.0,22.5,9.1,7.1
1772901936.3574812,26.5,16.2,27.3,21.2,17.3,12.1,51.0,54.9,5.1,6.1,22.2,2.0,24.0,25.7,4.1,6.1,23.0,23.0,36.0,31.0,6.9,28.3,4.0,7.1,14.0,15.2,64.4,58.8,8.0,10.0,21.2,19.2,32.7,14.1,6.1,12.1,9.9,26.3,7.0,10.1,17.2,29.7,28.0,29.3,12.1,9.3,14.0,12.9,6.1,4.0,5.1,26.0,17.8,9.1
1772901937.3599062,29.7,10.1,22.7,18.2,25.3,9.1,35.0,52.0,2.1,2.0,22.0,3.0,22.2,27.3,18.0,17.2,18.8,20.0,43.0,38.8,4.1,25.3,4.0,6.1,14.3,8.2,57.0,62.6,2.0,9.2,18.2,17.0,24.5,40.6,14.1,6.1,9.1,18.0,7.1,5.2,30.7,25.3,33.0,37.6,25.0,22.4,9.3,12.1,4.1,16.3,10.1,20.2,17.2,19.6
1772901938.3603354,25.0,6.1,18.2,23.8,22.2,7.1,41.2,40.0,4.0,6.0,13.1,12.1,24.8,23.5,23.8,22.0,17.8,25.7,36.4,37.6,12.7,18.6,5.0,3.0,16.0,7.9,56.0,56.4,4.0,9.9,16.0,18.4,30.0,30.0,4.1,10.2,16.0,17.2,4.0,10.1,26.5,16.8,31.0,25.7,15.3,15.2,13.0,14.9,10.0,8.1,16.8,8.2,21.2,12.1
1772901939.3702629,14.0,17.6,17.2,24.0,18.8,8.0,42.0,39.2,1.0,8.0,5.0,13.0,25.5,19.8,14.9,11.9,16.8,16.8,32.3,37.6,12.0,13.0,2.0,5.9,16.0,12.1,58.8,52.4,2.0,10.0,16.0,11.8,24.8,12.9,16.7,4.0,14.0,13.9,5.0,6.1,25.7,22.8,32.4,29.0,9.0,11.9,8.9,11.0,3.0,4.0,12.9,11.0,10.0,3.0
1772901940.370351,16.7,25.0,24.5,23.2,8.1,25.3,48.5,52.0,7.0,1.0,19.0,17.3,26.3,19.6,14.3,13.3,19.4,28.3,34.3,34.3,17.3,17.3,3.1,6.1,14.1,13.3,62.2,61.5,4.1,11.3,22.4,17.2,30.6,16.5,8.2,7.3,16.3,21.2,3.1,12.4,16.2,28.9,27.3,31.3,12.2,7.3,11.2,14.4,4.1,4.1,16.2,17.2,17.3,9.3
1772901941.3720076,10.4,22.2,21.2,18.0,5.2,23.0,38.4,48.5,6.1,4.0,19.2,18.4,32.0,34.0,21.0,26.0,24.0,20.2,30.6,30.6,19.2,12.1,3.1,7.2,11.1,15.0,58.0,55.4,4.1,12.9,19.0,20.2,39.6,23.2,15.3,9.2,21.2,13.3,5.1,8.1,33.0,31.0,37.0,36.7,38.4,34.3,11.1,14.0,4.1,5.1,10.2,22.0,19.2,21.4
1772901942.3733926,16.5,13.1,24.5,14.1,8.1,22.0,41.0,39.6,7.1,3.0,20.2,6.1,28.6,25.0,22.2,22.0,24.8,20.0,29.7,25.0,10.0,16.3,3.1,4.1,5.1,15.5,60.0,53.0,10.1,4.0,11.1,17.2,28.6,23.5,6.1,7.1,9.0,21.0,3.0,8.1,22.0,19.0,24.5,32.7,16.3,19.2,13.1,12.1,2.1,3.1,8.0,15.2,22.2,12.2
1772901943.3737657,25.0,9.9,22.0,19.4,15.2,17.0,39.6,46.0,7.0,2.0,3.1,5.1,24.0,22.0,15.2,14.3,11.1,9.1,25.3,27.6,7.1,14.0,4.0,4.0,17.3,15.8,55.0,56.6,4.0,7.1,13.1,19.0,20.0,21.2,10.1,9.2,17.2,12.2,8.2,4.0,19.2,29.0,30.3,28.3,15.0,8.2,9.1,14.0,3.0,4.0,2.0,4.0,15.3,3.1
1772901944.3750541,28.0,8.2,20.2,21.0,22.0,8.1,48.5,35.4,3.0,5.1,4.0,6.1,26.0,21.0,12.1,14.0,11.2,11.9,32.0,28.7,9.0,1.0,4.0,3.0,15.2,10.0,57.4,52.9,8.2,3.0,16.0,18.2,18.2,26.7,6.2,8.0,22.2,11.0,8.1,6.1,23.5,26.3,10.1,22.8,10.0,5.1,10.0,13.0,9.0,4.0,14.1,13.1,9.9,9.3
1772901945.37581,15.5,23.0,20.8,14.1,16.2,7.1,27.6,28.3,2.0,2.0,2.0,22.2,11.1,13.1,20.2,18.8,24.8,16.0,35.4,41.0,8.1,11.0,5.1,5.1,8.1,10.2,54.0,52.0,2.1,7.1,14.1,14.1,24.0,36.0,10.1,12.1,7.1,16.0,10.1,7.1,17.3,17.0,27.7,24.2,16.0,25.3,11.1,11.1,3.1,1.0,1.0,22.4,12.1,14.0
1772901946.377504,12.4,22.0,32.3,18.0,25.0,13.1,33.0,30.3,7.1,4.1,11.1,13.9,18.2,24.8,23.2,21.2,28.3,18.0,35.4,43.4,10.3,16.5,7.1,2.0,11.1,15.3,57.0,65.0,5.0,10.2,19.0,18.0,25.3,31.7,10.1,7.1,12.1,19.0,9.3,5.0,29.0,29.3,29.6,28.0,22.2,17.0,12.1,13.0,4.0,5.0,20.0,9.1,23.0,12.1
1772901947.3781908,24.7,6.1,25.3,10.2,22.4,6.1,34.3,36.0,6.9,7.1,22.0,2.0,26.7,26.0,20.0,17.2,25.5,20.2,49.5,32.0,11.1,21.8,3.0,5.1,21.4,8.0,57.6,56.4,4.1,7.0,15.5,20.0,20.2,25.0,11.3,9.9,21.0,14.9,8.0,5.2,28.0,24.0,34.0,34.0,13.1,11.1,13.1,9.2,4.1,2.0,21.8,4.0,20.2,8.2
1772901948.3836668,28.0,10.0,16.3,25.7,12.9,24.8,22.0,45.5,1.0,4.0,21.8,2.0,26.7,23.8,14.0,11.1,19.0,23.5,35.0,32.0,18.6,13.1,4.0,7.9,12.1,13.1,57.8,59.8,4.0,9.0,17.8,18.2,21.0,25.7,4.0,10.2,18.0,9.2,8.1,7.0,26.0,25.7,31.4,20.2,12.1,9.1,9.9,12.9,5.9,4.0,23.2,8.0,13.1,5.0
1772901949.3844826,21.9,11.1,24.7,20.2,13.1,11.1,33.7,42.9,4.0,2.0,18.2,4.0,23.0,23.2,18.2,18.2,25.0,16.3,23.2,31.3,23.0,8.1,7.0,2.0,15.2,12.0,54.5,52.5,7.1,5.1,16.2,16.0,33.3,27.6,12.0,10.1,7.0,22.2,7.1,3.0,17.8,25.3,35.7,35.0,21.0,13.3,13.3,10.0,4.0,3.0,16.8,14.1,18.0,8.2
1772901950.384566,17.3,19.2,15.0,25.0,23.0,10.1,36.7,49.5,3.1,3.0,8.2,13.0,28.7,18.2,23.2,22.8,20.2,26.0,36.7,38.0,16.5,14.3,3.1,4.1,7.2,19.2,43.9,55.0,10.1,8.1,22.0,16.2,27.3,27.3,4.1,12.0,12.1,17.2,6.1,10.2,27.6,30.0,26.7,28.3,21.4,20.4,10.2,12.1,5.0,4.1,4.1,3.1,24.2,11.1
1772901951.385734,14.6,18.8,14.3,24.5,6.2,20.0,34.0,50.0,4.0,1.0,2.0,21.2,24.0,23.0,20.0,18.0,16.2,22.2,32.7,35.0,9.0,17.6,3.0,5.1,19.8,12.0,52.5,42.4,6.1,10.1,21.0,17.0,20.4,26.7,7.1,11.3,12.1,21.0,4.0,11.0,20.0,22.8,28.3,31.7,10.1,8.1,14.0,8.2,4.1,3.1,7.0,5.1,21.0,10.2
1772901952.3872595,23.5,6.1,18.6,34.3,6.1,22.0,32.3,44.0,3.0,2.0,13.9,12.0,21.0,22.0,13.1,12.0,23.0,19.0,31.0,24.2,5.0,18.2,5.1,6.1,5.1,16.0,52.0,41.2,3.1,10.0,18.0,15.2,19.2,26.7,8.0,7.9,10.1,17.0,3.0,8.1,23.0,22.2,13.3,17.0,12.0,17.8,11.0,13.0,4.0,4.0,6.1,3.1,4.1,13.1
1772901953.3887515,33.7,7.1,29.3,29.0,9.0,22.0,53.0,38.0,2.0,3.0,12.2,13.0,24.2,25.0,19.0,24.0,19.0,21.0,24.2,33.7,22.2,8.1,8.2,8.1,11.1,16.2,48.0,46.0,6.1,7.2,20.2,16.0,24.2,39.0,14.1,9.3,14.0,18.4,11.1,4.0,29.0,19.0,23.2,31.3,26.3,18.0,13.1,10.1,6.0,17.3,8.2,4.0,14.0,15.2
1772901954.3906028,26.0,8.0,19.4,26.3,1.0,17.0,48.5,35.4,2.0,2.1,19.8,3.1,22.8,25.7,17.0,14.1,18.0,23.2,21.2,32.3,11.1,19.0,1.0,7.1,15.8,5.1,51.5,53.5,8.1,4.0,18.0,15.8,28.0,23.2,8.2,7.0,12.0,16.0,8.1,2.0,25.0,21.2,10.1,19.2,17.2,16.3,10.1,8.1,3.1,27.3,3.1,4.1,11.2,22.0
1772901955.3916016,25.5,10.0,25.0,13.1,24.2,13.1,44.4,41.0,2.0,3.1,9.1,3.0,24.5,23.2,8.2,6.1,18.2,14.0,34.0,37.4,24.0,4.0,5.1,5.9,16.0,20.0,61.4,54.5,7.1,7.1,19.4,20.0,32.3,8.1,10.1,9.2,22.0,14.1,3.0,8.0,28.3,26.7,24.5,23.2,13.1,15.3,11.1,15.0,17.2,6.1,22.8,8.1,18.0,12.2
1772901956.3950539,24.5,8.2,14.4,26.7,20.2,2.0,47.0,43.4,3.0,5.0,2.0,10.2,25.0,26.0,4.1,4.1,6.1,18.2,39.4,37.3,12.2,6.0,2.0,6.1,7.2,17.2,61.0,53.5,4.0,8.2,20.8,16.3,26.0,38.6,4.0,11.1,19.4,12.0,5.1,9.0,28.0,17.2,23.8,24.0,10.0,20.0,12.0,13.0,8.2,11.0,13.1,18.0,17.0,4.1
1772901957.400436,12.5,27.0,19.6,25.7,28.3,12.1,44.1,28.7,4.0,3.1,22.2,2.0,26.7,21.0,14.9,15.5,27.7,18.8,39.4,39.6,11.1,3.0,8.9,5.1,16.0,11.1,59.6,57.1,4.2,7.1,14.3,18.8,24.0,33.3,6.1,15.2,20.0,11.2,8.1,6.1,23.0,32.0,29.0,41.0,23.5,21.0,11.1,12.0,4.0,3.1,14.1,16.2,16.0,13.0
1772901958.4011416,11.3,23.5,27.3,21.0,11.1,15.0,35.4,33.7,2.0,3.0,24.8,14.0,16.2,12.1,14.1,19.4,18.0,23.8,40.6,35.4,14.9,15.2,3.0,6.0,20.0,14.7,56.9,60.8,9.9,5.0,18.2,18.2,23.0,25.5,3.1,11.0,17.8,14.7,4.0,9.1,26.0,20.0,25.0,29.7,14.0,12.9,11.9,11.0,5.0,3.0,16.0,11.0,12.1,25.0
1772901959.4012263,9.4,22.4,20.6,18.4,10.3,28.3,43.4,48.5,5.1,3.1,14.3,20.2,35.0,35.4,16.2,17.2,23.0,22.4,41.0,43.4,12.1,22.0,5.2,4.1,13.4,11.3,62.0,57.6,6.2,9.4,20.4,22.2,25.5,26.5,13.3,9.3,28.3,11.2,9.3,7.1,36.0,25.3,41.8,41.4,27.3,23.7,14.1,14.1,5.1,5.1,17.0,11.3,17.2,11.3
1772901960.4070237,18.6,14.9,20.0,14.0,4.0,18.8,47.0,45.5,3.0,3.9,2.0,22.0,24.2,26.5,13.1,13.0,23.0,17.6,43.4,36.0,6.1,21.0,5.0,3.0,9.1,8.1,57.6,53.5,8.1,7.0,17.0,20.2,33.3,22.4,10.0,5.0,14.0,9.0,7.1,3.0,24.0,16.8,24.8,23.0,17.2,15.0,12.2,10.1,3.0,3.0,8.0,3.1,6.0,9.1
1772901961.4080963,27.8,13.7,26.0,11.9,8.0,18.2,32.7,50.0,1.0,1.0,8.1,14.9,24.8,20.4,22.5,17.8,24.8,21.8,37.6,29.0,19.0,8.9,4.0,5.0,10.9,16.0,58.0,55.8,7.0,4.1,20.0,18.0,31.7,22.2,11.1,9.1,10.0,24.8,8.1,5.0,22.0,29.7,25.0,31.0,23.5,21.2,10.9,11.0,4.0,3.0,6.1,11.9,8.1,21.4
1772901962.4092839,24.7,8.1,21.6,19.2,6.1,23.8,37.4,48.0,3.1,4.0,5.1,13.4,23.2,24.0,19.4,21.6,16.0,19.2,23.5,32.0,21.0,5.1,5.1,1.0,15.2,14.1,58.4,60.8,11.2,4.0,16.0,17.3,15.3,22.2,10.1,5.1,11.2,16.2,11.0,2.1,21.2,21.4,22.2,16.2,10.1,8.2,12.1,12.1,4.0,3.1,16.2,8.2,11.3,23.2
1772901963.4094133,27.3,8.2,10.3,24.2,7.1,25.0,44.0,36.0,5.0,5.0,12.0,14.1,27.5,23.8,18.2,20.8,20.2,22.2,36.6,37.0,14.1,13.0,2.0,6.0,17.8,10.1,59.0,57.4,11.1,2.0,17.2,18.2,25.7,31.0,12.0,7.1,12.0,15.8,8.2,6.0,21.2,23.8,40.4,32.0,13.3,14.9,12.1,12.0,4.0,3.0,22.8,6.1,9.1,15.5
1772901964.4120095,15.6,19.4,17.2,23.2,20.0,8.2,39.6,35.6,2.1,2.0,11.2,11.2,24.5,21.2,11.2,15.0,19.4,24.0,39.4,40.8,22.0,10.1,5.0,4.1,8.2,15.2,55.6,64.0,11.1,4.0,18.2,15.2,24.0,34.7,5.1,10.2,13.3,19.2,31.6,9.1,24.2,26.3,31.7,23.5,22.8,16.2,10.0,13.1,4.0,4.0,24.0,9.1,14.3,3.1
1772901965.4138875,27.3,13.1,17.7,22.8,25.5,9.9,33.7,32.3,6.9,2.0,24.0,19.0,22.8,24.8,24.8,21.8,22.0,21.0,47.5,30.7,13.0,18.2,4.1,4.0,18.2,11.2,59.0,56.4,9.1,5.2,19.2,17.2,33.7,23.5,17.8,6.1,15.8,19.2,9.9,11.0,33.7,23.0,35.0,37.0,24.5,27.3,10.2,15.0,3.1,4.1,22.0,8.1,24.2,9.2
1772901966.4163387,29.0,9.9,26.0,25.3,23.2,10.1,31.7,32.3,2.0,2.0,24.2,11.1,25.0,24.2,22.2,22.4,18.2,17.8,34.0,39.4,15.0,15.2,6.9,2.0,19.2,11.1,61.0,57.1,7.1,5.0,18.0,21.0,24.0,16.8,4.0,10.1,20.2,11.0,3.0,11.2,21.2,24.2,22.2,33.0,11.0,18.4,14.0,9.2,4.0,4.0,17.0,11.2,24.0,15.3
1772901967.4176273,26.7,10.2,20.2,17.2,22.2,6.0,26.5,37.0,1.0,4.1,31.3,2.0,24.5,26.0,16.2,15.2,13.3,12.0,41.0,37.0,9.1,18.8,5.1,3.1,14.1,11.0,61.4,51.0,5.2,7.1,16.2,15.3,30.3,27.3,11.2,8.2,21.8,12.2,4.1,8.1,19.0,21.2,25.7,36.0,11.0,14.0,14.1,10.0,4.0,6.1,10.0,18.0,16.0,9.1
1772901968.4218986,20.2,10.9,18.0,25.5,21.8,10.0,45.1,39.4,2.0,4.0,28.7,19.0,30.4,21.8,15.8,12.0,20.6,16.0,37.6,34.0,10.1,2.0,5.1,2.0,18.8,8.8,56.0,51.5,4.0,10.2,18.0,19.6,26.7,28.7,3.0,11.0,20.0,11.9,5.0,8.0,28.7,26.0,31.0,33.7,23.0,18.8,14.9,12.0,3.0,6.1,14.1,16.2,15.3,3.0
1772901969.4235327,17.7,25.3,21.6,15.3,21.6,4.1,34.0,30.0,3.0,3.1,30.0,23.0,18.2,15.3,21.2,23.0,22.2,24.0,33.3,36.4,12.1,13.1,5.1,4.0,7.2,13.3,52.5,45.4,9.2,4.1,18.0,18.2,20.4,33.3,2.1,11.2,16.2,9.2,5.1,8.2,18.4,20.8,22.4,28.0,17.3,12.5,10.1,12.1,2.1,7.1,12.2,17.2,18.0,17.3
1772901970.425989,8.2,22.2,24.5,24.2,26.0,15.2,42.0,39.4,2.0,3.0,21.0,22.0,18.8,19.2,27.0,22.2,25.7,18.2,36.0,34.3,11.0,18.2,5.0,4.1,20.0,12.4,50.0,57.7,12.0,4.1,18.4,21.2,29.0,11.2,7.1,14.3,13.1,19.2,9.2,2.1,32.3,28.0,39.0,35.4,21.0,19.2,10.3,11.2,5.0,4.1,18.8,10.2,18.2,18.6
1772901971.4320307,9.2,24.3,19.6,13.9,3.0,16.8,36.6,46.5,7.0,8.1,16.2,6.0,23.8,23.8,16.8,15.0,22.0,14.0,25.3,26.0,8.0,20.8,6.0,3.0,19.6,6.9,52.5,42.4,1.0,11.0,14.9,19.2,34.3,33.3,5.0,8.0,12.0,16.8,8.0,4.0,22.8,19.8,22.4,28.7,12.1,24.2,14.0,21.8,3.0,4.0,3.0,8.9,7.9,15.2
1772901972.435248,14.7,14.0,21.0,23.0,10.2,29.0,47.5,42.0,5.1,2.0,21.8,1.0,30.0,17.8,13.1,12.2,16.0,26.0,33.0,31.4,14.1,19.0,6.1,2.0,16.0,9.2,56.0,42.4,8.1,8.0,19.2,19.0,33.3,20.2,10.1,12.1,17.2,15.2,10.1,3.1,29.7,28.0,34.7,30.3,26.3,19.8,13.0,10.1,7.0,1.0,15.2,2.1,11.1,6.1
1772901973.4355285,27.0,17.2,22.2,22.0,8.0,19.0,46.0,52.5,3.1,4.0,15.2,9.1,24.2,27.7,18.2,23.0,16.3,26.3,30.6,23.0,22.2,10.0,6.1,3.1,15.2,10.2,60.4,63.4,12.1,3.0,18.0,20.2,26.5,25.3,14.1,4.0,15.8,18.0,10.1,4.0,23.2,25.5,26.0,19.4,15.0,18.2,13.0,11.0,3.1,8.1,23.8,10.3,20.2,11.1
1772901974.4358253,11.2,21.0,33.0,20.2,12.0,23.5,45.5,45.0,3.0,3.0,6.0,16.8,25.0,27.3,23.0,21.2,10.9,13.0,14.1,22.2,18.0,14.1,7.0,3.0,13.1,22.0,55.4,61.4,9.1,6.1,16.2,20.2,16.2,26.3,10.1,11.1,14.1,18.2,6.2,8.1,27.0,23.8,24.5,31.7,13.1,13.3,15.2,13.1,19.0,8.1,21.4,10.0,24.2,11.3
1772901975.435922,10.5,21.0,16.7,19.8,21.4,8.0,45.0,39.4,8.2,3.0,12.2,11.3,27.0,19.4,13.0,11.1,14.0,11.1,42.9,32.3,6.1,13.1,5.0,4.1,8.1,14.3,58.8,57.1,8.2,3.0,18.0,18.2,34.7,26.5,6.1,9.1,22.0,10.2,4.1,9.1,29.0,15.2,27.0,41.0,10.2,17.3,12.2,10.2,5.2,7.1,22.0,8.2,17.3,8.2
1772901976.4360166,22.4,10.0,22.4,18.4,19.0,12.1,36.4,46.5,4.0,2.0,11.1,15.2,25.0,23.0,5.1,3.1,5.1,18.4,39.0,35.0,2.0,9.0,4.0,5.1,13.3,10.1,58.8,57.0,8.1,6.1,20.4,14.1,28.3,27.0,10.2,10.2,13.1,17.0,8.2,4.0,23.2,24.0,21.0,27.6,22.2,22.2,11.1,10.2,4.0,6.1,23.0,8.2,3.1,13.1
1772901977.4360995,17.3,23.5,15.0,26.7,24.5,10.1,50.0,47.5,3.0,5.1,18.4,22.2,24.2,18.4,8.2,16.0,5.1,20.0,40.0,39.8,6.1,5.1,3.1,4.0,7.0,18.0,59.6,57.0,4.0,9.1,17.2,16.2,22.4,24.0,10.0,8.0,12.2,18.0,10.1,4.1,27.0,24.2,43.9,35.6,16.3,11.1,13.0,11.0,4.0,1.0,16.0,8.1,21.0,11.3
1772901978.440191,13.3,19.6,26.5,25.7,20.8,4.9,42.2,41.6,2.0,5.0,11.7,4.9,30.4,31.1,10.9,12.9,15.0,8.7,42.0,36.3,7.0,5.0,5.9,3.0,11.0,21.6,54.5,56.3,4.0,6.0,19.6,11.9,33.7,11.9,16.8,6.9,9.8,19.8,4.0,7.0,17.0,28.2,28.4,20.6,23.5,14.0,12.7,11.0,4.0,5.0,8.9,7.9,22.8,10.9
1772901979.4451256,28.0,7.2,22.2,29.6,29.6,15.2,39.0,52.0,2.1,2.1,2.1,6.2,33.3,30.3,9.1,7.2,20.2,19.4,42.0,34.0,9.1,6.1,4.1,6.3,5.2,15.3,58.0,61.0,10.2,4.1,22.4,17.0,35.4,29.9,9.3,8.2,12.2,19.2,10.2,7.1,25.5,26.5,41.4,33.0,15.5,21.6,15.2,10.1,3.1,4.1,5.2,4.1,18.4,6.2
1772901980.4452105,11.3,20.6,13.4,20.0,9.1,12.2,37.8,42.6,2.1,1.0,2.0,22.2,22.0,27.3,16.2,9.3,19.2,25.3,33.3,37.4,13.0,16.0,6.0,5.1,8.1,19.2,57.6,56.1,13.1,3.0,18.0,18.2,30.3,24.0,4.1,18.4,17.0,16.3,8.2,5.1,13.0,21.2,28.3,25.0,22.2,19.2,13.1,10.1,2.0,3.0,3.0,2.1,13.1,3.1
1772901981.4454744,24.5,18.2,13.4,25.3,28.3,11.9,28.6,40.4,5.1,4.0,7.0,17.0,14.0,16.2,15.0,26.5,17.2,22.8,33.3,36.4,17.0,15.3,1.0,7.1,8.2,17.8,54.5,56.4,9.1,2.0,18.2,15.2,9.3,33.0,6.1,12.0,9.2,19.2,1.0,10.2,27.3,32.0,36.4,27.6,10.2,17.0,13.1,9.1,3.0,4.1,4.1,4.0,14.3,19.8
1772901982.4455652,10.4,21.2,19.4,28.0,4.1,16.2,37.6,48.0,3.0,4.0,20.2,3.0,16.2,20.6,21.4,22.2,28.4,17.3,38.6,38.0,17.3,14.9,3.0,5.1,17.2,17.3,59.6,58.0,7.1,7.1,17.2,16.3,27.3,22.0,7.0,15.3,11.1,21.2,7.1,7.1,19.0,25.3,32.0,31.3,15.0,10.2,12.0,12.2,3.0,5.1,9.0,4.1,20.0,15.5
1772901983.4470105,19.4,16.0,20.2,15.0,23.2,16.2,23.0,37.0,2.0,6.0,22.0,2.0,26.0,21.2,17.3,15.3,12.1,11.8,39.4,34.3,13.1,16.2,4.0,7.0,7.1,14.0,61.6,56.1,6.1,5.1,15.2,13.0,39.8,22.0,2.0,11.1,18.2,10.0,4.0,6.1,25.0,22.8,33.7,23.2,13.1,14.3,10.1,9.0,3.1,4.0,9.2,17.0,10.2,10.2
1772901984.447096,25.5,5.1,21.4,10.2,5.1,12.1,23.2,35.6,4.1,5.1,22.2,0.0,23.0,23.0,15.0,13.0,9.1,20.2,37.8,34.7,3.0,10.0,3.0,7.1,13.9,9.0,52.5,58.4,4.1,6.1,12.4,17.2,22.2,29.3,11.9,10.8,18.0,10.2,4.0,9.1,19.2,28.7,27.3,27.7,23.0,18.8,11.1,12.0,5.0,4.1,14.3,15.0,12.2,7.1
1772901985.4471936,15.5,23.0,19.4,19.0,25.0,20.2,42.4,21.2,2.0,4.0,20.0,2.0,25.0,22.8,24.8,18.2,16.2,27.3,33.7,31.3,10.0,12.1,3.0,5.1,11.1,12.2,59.0,55.4,5.0,12.0,16.0,20.0,17.2,23.2,11.2,3.1,9.9,22.8,2.0,10.0,19.2,22.4,14.3,22.4,11.3,9.1,12.2,10.2,5.1,4.0,14.6,17.5,21.8,17.3
1772901986.4489546,10.2,25.7,19.6,21.2,7.2,24.0,37.0,44.4,2.0,3.1,8.2,13.1,20.0,30.3,24.0,23.0,24.0,21.0,30.6,32.7,22.2,9.0,5.1,6.1,13.1,13.1,63.4,59.4,3.0,11.1,16.2,19.0,29.0,28.0,8.0,14.1,14.1,18.2,9.2,5.1,29.0,27.0,40.6,26.0,14.0,11.1,10.2,13.0,3.0,4.1,24.2,8.2,18.6,17.2
1772901987.4497995,10.4,23.2,24.0,28.3,10.2,22.2,28.3,43.0,4.0,2.0,9.1,15.0,17.8,27.0,17.8,17.2,22.0,18.2,33.3,41.8,20.0,9.2,5.1,3.0,15.3,16.2,52.0,48.5,7.1,6.1,16.0,21.8,30.3,24.0,2.1,10.2,11.1,21.0,2.0,9.2,20.2,24.0,23.0,32.0,16.2,20.0,12.0,11.1,5.1,4.0,7.1,3.0,5.1,16.2
1772901988.4505877,11.3,20.2,16.3,21.2,9.1,23.8,41.4,41.0,2.0,4.0,12.9,11.1,24.8,23.8,13.1,13.9,23.8,21.8,35.7,43.0,20.0,8.0,6.1,3.0,12.9,13.0,46.5,48.5,10.1,3.1,14.3,17.0,31.7,24.2,9.1,10.0,12.0,21.2,6.1,7.9,29.0,27.0,34.7,31.3,22.2,19.6,16.0,10.0,6.0,4.1,7.1,15.3,8.9,16.2
1772901989.455391,15.5,25.7,25.3,22.8,7.1,15.2,32.7,42.0,4.0,3.1,7.1,16.0,20.0,25.3,17.0,21.2,14.0,25.0,39.6,37.0,15.0,15.8,4.0,4.0,19.2,7.0,42.0,57.0,6.1,8.0,19.8,19.2,25.0,15.2,5.0,12.1,13.1,19.0,3.0,9.1,19.0,22.5,26.7,31.4,12.2,9.1,14.1,12.1,3.0,5.1,6.9,25.0,10.0,25.5
1772901990.4557307,11.2,20.0,12.5,18.2,25.3,11.0,45.5,51.0,4.0,4.0,2.0,13.0,14.3,13.0,22.2,23.2,23.2,17.3,35.4,29.0,10.2,21.2,5.1,4.0,18.0,6.1,43.0,52.0,2.0,8.2,16.3,19.2,22.4,32.0,9.1,10.2,19.2,11.0,2.0,8.2,34.3,26.0,35.4,34.3,12.1,18.8,10.1,10.2,4.0,6.1,9.1,24.0,11.1,23.2
1772901991.4564347,11.3,20.2,21.0,28.0,8.2,12.1,40.8,44.6,3.0,1.0,2.1,1.0,13.1,14.1,20.0,17.2,19.0,10.9,21.8,36.7,11.1,20.2,5.1,4.1,19.2,12.1,58.0,53.0,12.1,3.0,18.8,18.2,20.0,39.6,7.1,7.1,18.0,13.9,3.0,10.1,22.2,21.2,32.7,23.2,13.1,19.2,13.9,11.2,3.0,5.1,5.1,23.8,1.0,11.3
1772901992.4585426,7.3,22.3,19.2,17.6,9.1,28.4,43.1,42.7,4.0,6.9,10.9,12.7,14.9,12.9,18.6,12.0,14.9,7.0,34.3,24.8,14.9,10.9,3.0,5.1,15.8,10.8,54.9,57.4,11.8,3.0,14.0,20.6,23.5,30.7,11.9,9.0,9.9,19.2,8.1,7.0,29.1,26.0,31.4,40.0,27.0,18.2,10.9,10.9,4.0,15.0,2.0,22.0,15.8,14.0
1772901993.4602222,12.5,30.6,18.2,18.2,15.3,8.1,29.9,34.0,4.0,4.0,2.0,20.6,14.0,11.1,18.4,26.3,16.3,8.2,29.0,23.5,0.0,9.1,4.1,2.1,7.1,15.3,48.5,54.5,9.2,6.2,17.2,17.3,14.3,23.0,9.2,4.1,13.3,11.1,6.1,6.1,24.5,20.0,26.5,24.0,9.2,7.1,13.3,8.2,9.3,10.2,6.1,23.2,15.3,16.5
1772901994.4616272,13.4,19.0,21.4,12.2,21.4,8.2,36.6,45.0,3.1,2.0,4.1,21.8,20.4,18.2,23.0,21.2,11.0,11.9,31.6,35.4,3.0,10.3,5.1,4.0,13.1,17.3,62.6,54.0,9.2,9.1,16.5,16.8,24.5,34.0,5.1,15.2,5.1,23.0,8.1,5.1,26.3,26.3,36.4,38.0,14.3,18.4,13.0,11.1,3.1,3.1,9.2,18.0,19.4,11.1
1772901995.4622686,20.2,12.9,22.7,23.8,26.0,4.9,46.0,31.3,2.0,1.0,3.1,21.0,26.0,23.0,17.8,13.1,4.1,16.2,39.0,40.4,9.0,5.0,4.1,4.0,10.0,17.5,59.4,55.4,5.1,8.1,15.2,20.0,26.3,32.0,4.1,9.0,11.2,19.0,2.0,8.1,31.0,18.0,25.3,24.5,18.4,14.1,12.1,13.0,2.0,5.0,7.9,18.2,5.0,14.1
1772901996.4648802,9.4,22.2,29.3,19.2,18.4,5.1,44.6,38.0,3.1,6.0,18.4,23.0,25.0,27.0,13.3,13.1,19.2,18.2,42.3,36.6,2.0,9.3,6.1,3.0,10.1,13.0,56.0,53.5,9.1,10.2,16.0,18.0,28.3,28.3,11.1,12.2,11.1,17.2,4.0,9.2,22.4,24.2,33.3,41.0,22.2,17.2,12.2,10.1,7.1,4.1,11.2,14.3,20.2,13.4
1772901997.4664721,30.9,8.1,17.2,12.0,31.3,10.0,39.4,45.5,2.0,7.1,14.1,14.1,30.3,34.3,14.0,13.0,23.0,21.0,39.6,34.3,13.1,9.0,2.0,3.0,17.0,6.1,50.5,58.0,10.1,3.1,16.2,16.3,21.0,15.2,4.1,7.1,13.0,15.2,3.0,9.1,29.7,25.0,20.2,11.9,12.2,20.0,11.1,10.1,2.0,4.0,12.1,14.0,10.2,23.2
1772901998.4684627,11.3,19.8,13.4,21.2,17.2,1.0,44.0,49.0,7.0,3.0,5.0,17.2,23.3,17.0,8.2,10.1,19.2,22.0,19.2,32.3,15.0,16.3,3.0,6.1,19.8,9.0,59.4,52.0,8.2,1.0,19.0,13.9,20.8,32.7,10.1,10.2,15.0,17.0,6.0,11.0,24.2,15.2,25.0,29.6,18.0,16.3,13.0,11.0,4.1,3.0,21.0,9.2,13.1,13.3
1772901999.4701812,12.5,22.2,19.2,24.0,7.1,25.0,45.5,44.4,5.1,2.0,11.1,17.0,15.3,13.1,7.0,3.0,16.2,25.7,38.0,31.0,10.2,19.8,4.1,3.0,11.2,21.0,59.0,55.6,5.1,12.9,18.2,17.2,37.6,24.2,11.1,4.0,19.2,11.1,8.2,7.1,24.5,24.2,33.0,24.0,23.0,18.0,11.0,14.1,3.1,4.0,4.0,9.0,7.1,10.1
1772902000.4789267,8.4,23.5,30.6,17.6,8.1,24.5,38.0,49.0,4.0,2.0,11.1,15.0,22.8,26.5,8.0,11.1,18.0,4.0,41.6,39.0,13.9,21.8,7.9,4.0,11.9,12.0,59.4,56.9,8.1,5.1,16.8,19.2,31.0,28.0,7.0,12.9,17.0,10.0,6.0,7.1,25.5,25.0,27.0,32.4,16.2,15.3,9.0,11.0,2.0,3.1,6.1,9.1,21.0,7.9
1772902001.482264,25.5,14.3,22.2,20.2,1.0,18.0,24.2,41.4,3.0,4.0,3.0,20.0,22.2,24.8,14.1,23.2,18.8,15.0,34.0,39.0,7.1,5.1,4.0,3.1,4.1,12.2,56.0,53.5,10.0,3.1,16.3,16.8,21.8,12.1,5.1,9.3,20.8,8.9,3.0,7.1,17.2,16.2,31.7,28.6,12.1,14.0,9.1,12.2,6.1,5.0,21.2,5.0,21.0,12.2
1772902002.4823494,18.4,18.2,17.2,32.0,21.4,21.8,42.0,28.0,4.1,6.1,3.1,4.0,21.8,29.3,22.2,17.3,22.0,24.0,44.9,36.0,11.2,18.2,5.2,5.1,13.3,20.2,63.6,62.0,7.1,10.1,22.2,22.4,32.7,33.3,10.2,10.1,20.2,16.2,12.1,6.1,37.0,30.3,31.3,24.0,8.0,6.1,18.0,12.1,6.1,5.1,21.0,5.2,20.2,16.3
1772902003.4842317,16.3,14.9,26.0,16.2,21.4,0.0,39.6,39.2,3.0,4.0,16.0,1.0,29.0,21.6,14.0,15.0,16.0,26.7,40.0,36.0,8.9,20.8,7.9,3.0,13.9,18.8,55.4,62.4,3.0,12.1,19.6,18.6,26.7,30.0,6.0,13.0,21.0,12.0,10.2,2.0,24.0,15.8,32.7,45.5,25.7,37.6,10.9,10.9,5.0,3.0,22.8,7.0,11.1,2.0
1772902004.4845662,10.4,24.2,20.6,22.2,17.2,21.0,24.5,38.1,7.1,4.1,21.2,2.0,32.0,19.2,19.2,25.0,26.5,13.3,46.5,31.3,8.1,21.4,4.1,2.1,8.2,11.2,59.0,55.0,10.1,4.0,17.3,18.4,28.3,22.2,4.1,12.2,18.2,9.2,8.2,4.1,27.3,33.0,29.6,27.3,27.8,21.6,12.4,10.1,4.1,3.1,22.2,6.3,18.0,14.4
1772902005.4852166,13.4,29.0,27.0,18.0,6.1,20.0,18.7,32.3,4.1,3.1,21.0,2.0,22.0,30.0,25.0,21.4,24.5,21.0,39.0,37.4,11.1,21.8,3.1,8.1,8.2,13.3,56.0,47.0,3.0,9.2,17.3,21.2,33.3,17.3,11.1,9.1,20.2,12.0,6.0,8.1,25.0,16.3,28.3,40.0,19.0,19.2,13.0,25.5,4.0,5.1,19.0,16.0,22.4,12.2
1772902006.4904332,8.2,23.8,15.5,20.8,21.4,12.0,44.1,35.4,3.0,4.0,22.0,3.0,18.6,23.8,16.2,16.8,21.2,18.0,40.6,40.6,11.0,21.0,6.9,2.1,10.1,14.7,42.0,55.4,12.0,2.0,17.8,18.0,29.0,40.6,12.0,6.9,23.8,12.0,7.0,6.1,26.3,29.7,32.7,29.3,30.7,20.0,11.1,11.9,8.1,5.1,9.1,8.1,20.0,8.1
1772902007.4912896,8.4,22.0,23.5,26.7,26.0,7.9,57.0,43.6,5.1,1.0,22.8,3.0,25.3,26.7,13.1,20.0,28.6,14.0,38.8,40.0,8.2,17.2,5.1,5.0,13.1,23.2,50.0,54.0,26.5,6.2,16.2,22.4,25.5,34.3,5.1,20.4,19.2,12.1,8.2,4.0,19.0,28.6,32.7,36.3,28.9,26.3,12.9,13.1,6.1,7.1,9.2,7.1,8.2,8.3
1772902008.492137,10.2,22.0,26.5,11.2,25.5,9.1,41.4,40.4,2.0,3.1,22.0,4.0,21.4,27.0,26.0,17.3,25.0,17.0,34.7,39.4,7.1,15.3,6.0,3.0,11.1,14.1,43.6,48.0,33.7,11.0,16.0,15.0,19.0,23.5,12.1,3.0,9.1,23.0,5.1,7.0,29.0,21.2,26.0,21.4,18.0,16.3,12.2,10.1,4.1,3.1,6.1,3.0,15.2,22.0
1772902009.4963086,16.8,23.0,22.0,16.7,22.0,4.0,33.3,48.5,3.0,4.0,17.2,7.0,28.2,20.0,23.0,21.0,24.8,19.0,32.3,31.0,16.0,13.9,4.1,5.0,14.0,4.0,43.0,52.0,7.0,4.0,17.2,15.0,22.8,22.5,14.0,3.0,7.1,18.8,6.1,2.0,18.8,23.8,21.0,30.4,14.0,13.0,10.1,12.0,9.2,21.8,7.9,2.0,11.2,21.0
1772902010.4971,15.3,17.2,24.7,12.2,22.2,7.0,37.6,46.0,3.0,3.1,4.1,16.2,15.2,18.2,13.3,15.3,24.0,19.2,16.0,19.4,13.0,19.4,6.1,4.0,14.1,12.2,52.0,61.6,11.0,3.1,20.8,18.2,40.4,24.5,3.1,10.1,16.8,8.2,9.2,4.0,24.2,19.4,24.7,26.8,8.2,8.2,14.3,10.1,26.5,11.2,7.1,2.1,3.0,17.2
1772902011.5022476,27.0,7.9,20.2,26.7,8.1,22.0,47.5,48.0,1.0,3.0,11.0,14.1,16.0,18.0,19.6,12.9,7.1,16.8,17.8,31.4,16.2,13.9,5.9,3.0,16.2,19.6,58.4,62.1,12.9,5.0,15.0,19.8,33.3,23.8,14.7,8.2,18.0,16.0,8.0,6.0,27.7,27.5,36.9,38.8,27.0,18.0,38.6,12.9,10.0,15.7,7.9,16.8,10.9,13.1
1772902012.503573,10.4,22.0,22.4,24.5,7.2,25.0,46.5,43.0,3.0,5.1,12.4,10.2,29.3,19.4,20.0,27.3,19.0,15.3,27.6,30.3,11.2,7.1,5.1,15.0,10.1,14.3,55.6,59.6,8.2,5.1,16.7,19.2,20.2,26.5,10.2,4.1,21.4,10.2,10.3,4.1,26.5,21.2,27.0,23.7,20.6,14.4,14.4,19.4,3.1,3.1,15.2,11.2,24.2,11.2
1772902013.504387,10.5,27.3,22.2,22.0,22.8,12.0,50.5,32.3,3.1,2.0,21.8,2.0,28.7,19.0,21.2,22.0,24.0,18.6,28.0,28.0,6.1,3.0,4.0,19.4,8.1,23.0,53.0,62.0,7.1,5.1,18.2,15.2,15.2,28.7,16.2,8.0,19.2,13.9,12.1,2.0,31.4,32.3,37.4,38.6,15.0,13.0,12.0,10.1,12.1,4.0,14.0,15.0,23.2,14.3
1772902014.5087233,11.5,19.2,16.2,15.0,5.1,13.1,40.4,39.0,2.0,2.0,3.1,3.0,18.0,29.0,13.0,12.2,26.0,15.0,39.4,31.6,9.1,21.0,1.0,5.1,9.0,12.0,53.0,55.6,5.1,7.9,17.8,15.0,20.2,43.6,9.0,7.0,15.0,7.1,10.0,5.0,19.2,18.0,25.0,26.0,6.9,8.2,13.9,10.1,29.0,3.0,19.2,7.1,13.0,3.1
1772902015.511971,10.2,23.0,20.2,16.8,9.2,28.7,40.0,47.5,5.0,2.0,9.1,23.5,21.8,28.2,17.0,13.9,22.5,22.0,40.4,33.3,9.9,21.8,5.0,5.0,24.0,8.1,60.8,55.4,9.0,4.1,19.8,17.0,17.2,30.0,11.1,13.1,23.0,8.9,10.2,4.0,23.0,26.7,26.7,36.0,18.6,22.0,14.9,9.1,30.4,3.1,5.1,8.1,4.0,13.1
1772902016.513669,17.3,21.0,27.3,24.5,5.2,22.0,51.0,41.0,3.1,2.1,22.0,6.1,31.0,32.7,22.0,25.0,19.2,26.5,43.0,38.0,13.0,20.2,5.1,33.7,14.0,17.2,63.6,53.0,8.2,7.0,22.0,19.0,22.2,25.3,5.1,10.1,21.8,12.1,5.1,10.2,27.0,23.2,32.7,28.3,29.0,21.2,10.3,13.0,5.1,5.1,5.1,17.0,17.3,22.2
1772902017.516187,16.5,21.2,27.3,14.9,9.1,24.5,49.0,33.0,3.1,3.0,22.2,2.0,32.3,30.3,21.4,20.4,11.1,28.4,41.6,35.6,12.1,19.2,6.1,22.2,12.2,21.2,63.6,56.0,11.9,1.0,17.3,15.2,31.0,27.3,13.3,10.1,18.4,12.1,8.2,4.1,25.0,28.0,40.0,31.7,19.8,19.4,14.0,13.0,7.0,4.0,7.0,24.0,13.1,24.2
1772902018.5162735,9.4,21.8,23.2,18.2,5.1,22.0,34.7,33.7,5.0,2.0,22.0,2.0,27.3,23.2,5.1,6.0,18.6,22.2,35.7,40.4,22.0,6.0,3.0,4.0,15.2,9.1,55.4,57.0,7.2,2.0,19.0,14.3,38.4,24.5,6.1,7.1,19.2,14.0,9.2,3.1,24.2,22.4,24.2,25.3,21.2,17.2,14.1,8.1,2.1,3.1,3.1,21.2,5.1,15.0
1772902019.5189445,17.0,16.3,18.2,18.8,11.0,25.7,40.4,29.4,5.1,2.0,22.0,1.0,19.0,16.0,4.0,5.0,25.7,15.0,30.3,27.7,21.0,10.0,3.0,7.1,12.9,21.0,58.6,55.6,12.0,0.0,17.0,18.0,20.8,18.8,11.0,12.0,23.0,7.0,9.0,7.0,29.0,19.0,27.3,32.7,18.0,15.2,10.1,11.0,4.0,2.0,9.0,23.8,2.0,12.2
1772902020.524368,24.0,11.1,26.3,25.5,16.3,14.1,32.7,33.0,2.1,6.1,18.0,6.1,13.9,15.8,15.2,10.3,18.4,28.0,28.7,24.2,16.2,14.3,3.1,8.0,9.2,16.2,56.4,56.4,5.1,6.1,18.0,17.0,26.0,17.0,6.1,8.9,20.8,11.1,7.0,6.2,28.3,26.0,38.8,30.6,16.3,12.1,11.9,13.1,4.1,5.0,3.1,23.0,19.2,18.2
1772902021.5273273,28.0,13.9,24.5,16.2,13.3,27.7,24.5,43.0,4.0,3.0,7.0,15.0,13.0,15.0,14.0,11.9,20.6,22.0,24.2,29.7,16.8,9.0,3.0,5.1,6.9,19.0,59.0,58.4,7.1,6.1,14.9,19.0,29.7,23.8,11.1,10.0,19.0,11.0,10.2,3.0,25.0,18.8,24.2,18.0,29.0,10.2,10.0,13.0,5.0,3.0,4.0,22.8,27.0,12.1
1772902022.5278227,25.5,3.1,18.4,21.0,5.1,14.1,43.4,21.2,4.1,2.0,9.1,14.1,15.2,15.0,7.1,5.2,21.2,22.8,25.0,40.0,15.2,17.2,5.1,4.0,11.1,15.2,58.0,50.0,9.1,4.1,13.3,17.2,35.0,28.3,9.1,9.1,15.3,16.2,6.1,6.1,31.4,26.3,24.2,21.2,25.5,27.6,25.3,11.3,4.0,3.1,9.0,23.0,10.3,9.2
1772902023.531931,24.5,9.9,26.0,14.0,22.0,16.8,29.0,39.2,4.0,4.0,10.9,13.9,31.7,21.0,13.0,13.0,9.0,13.9,39.6,41.0,14.9,21.0,7.0,3.0,10.0,18.6,52.9,58.0,6.0,5.1,20.8,36.6,10.0,36.0,9.2,6.9,12.9,16.8,7.9,8.0,28.0,14.0,28.4,30.4,16.0,17.8,14.0,17.6,3.0,3.0,14.0,11.9,11.0,10.0
1772902024.5332255,25.0,13.3,25.3,29.3,21.2,10.2,41.4,47.5,3.1,16.3,6.3,19.0,23.2,23.2,20.0,22.0,17.3,12.1,39.8,41.0,7.2,21.2,4.1,7.1,15.3,14.4,49.5,51.5,8.3,4.0,19.2,14.3,18.4,29.3,9.1,10.3,15.2,20.4,11.1,6.1,29.3,24.5,27.3,43.9,14.1,33.0,12.2,14.0,4.1,4.1,13.3,15.3,12.0,22.2
1772902025.535323,27.3,9.2,33.7,16.0,26.0,9.0,42.2,39.0,3.0,19.8,2.0,25.5,26.7,22.8,23.0,21.0,16.2,27.0,39.6,39.4,5.0,14.0,2.0,6.1,13.3,8.0,50.5,49.0,8.9,5.1,19.0,20.8,22.2,34.3,8.2,13.1,19.8,13.9,5.1,9.0,23.0,22.0,34.7,27.0,13.1,15.2,12.9,10.1,7.0,6.1,14.0,16.3,22.4,12.2
1772902026.5371213,24.7,7.0,23.0,14.0,24.5,8.1,42.4,45.0,1.0,8.1,6.1,27.5,22.0,16.0,17.8,18.4,16.8,24.5,22.4,32.0,8.2,13.3,3.0,7.1,16.0,8.0,44.6,44.4,8.2,2.0,18.2,12.2,23.0,41.4,4.1,9.2,16.2,14.1,5.1,7.1,22.2,20.2,30.3,33.0,17.3,18.2,12.2,11.1,4.0,4.1,5.1,21.8,6.0,19.2
1772902027.5372534,22.4,12.0,20.2,19.2,9.1,12.1,48.5,38.6,1.0,28.3,21.2,8.2,18.0,13.9,13.3,12.0,27.0,14.9,26.0,26.3,7.1,21.0,2.0,4.1,12.1,8.2,49.5,49.0,3.0,7.1,16.0,15.8,9.3,24.8,6.1,5.1,12.1,15.0,8.1,4.1,18.4,29.0,27.6,28.3,17.2,16.3,11.1,12.0,4.0,5.0,4.0,6.1,11.1,9.1
1772902028.537333,10.3,23.5,29.0,18.0,21.2,18.8,44.0,50.5,4.0,31.7,22.0,2.0,15.2,22.0,16.8,18.6,24.0,14.9,33.7,41.0,24.0,9.0,5.0,7.0,25.7,14.9,54.9,50.0,6.9,8.0,19.2,14.1,15.2,28.0,15.2,9.8,16.0,20.8,8.1,7.0,14.0,29.7,29.7,24.0,4.0,6.0,12.9,9.2,3.1,4.0,6.1,5.1,15.2,8.2
1772902029.5390537,19.4,24.5,29.6,20.2,5.2,21.8,44.4,44.4,13.1,21.2,23.2,1.0,18.4,29.6,26.3,20.2,20.0,27.3,37.4,33.3,28.0,9.2,4.0,10.1,15.2,11.2,61.0,59.6,9.3,5.1,22.0,19.4,24.2,41.2,13.1,12.4,22.2,10.3,8.1,9.2,26.3,36.0,29.6,46.0,30.3,21.6,12.1,13.1,9.2,11.3,5.2,21.2,15.3,25.3
1772902030.5451074,23.5,11.9,24.2,17.8,15.0,25.7,34.7,32.7,36.4,5.0,22.0,2.0,25.5,23.5,19.2,21.0,15.0,24.0,31.7,32.0,20.0,10.8,4.1,5.1,12.1,15.7,58.4,59.0,4.0,11.0,18.8,18.8,28.0,39.6,4.0,13.0,15.8,20.8,10.0,4.0,22.8,21.0,32.7,23.8,16.0,15.2,12.0,10.0,10.0,10.2,8.9,23.0,16.0,19.0
1772902031.5451717,24.7,10.3,11.5,26.3,3.1,18.4,51.0,39.8,28.3,3.1,20.2,4.1,24.7,21.2,14.3,12.2,18.2,28.3,31.3,32.3,17.2,8.2,4.1,4.1,12.2,19.6,58.6,54.5,2.1,11.2,16.3,17.3,18.4,23.5,9.3,11.2,24.2,10.2,8.2,5.2,26.5,27.3,39.4,36.7,13.4,17.5,13.4,9.2,4.1,4.1,6.1,24.5,12.2,5.3
1772902032.5452504,10.3,23.5,22.4,29.6,19.2,22.0,54.0,45.5,31.7,3.0,10.0,8.2,27.0,25.0,19.8,16.2,22.0,21.0,32.3,26.0,16.0,16.0,6.1,3.1,15.2,9.0,58.0,55.9,6.1,9.2,18.4,19.2,34.0,11.2,6.0,12.2,14.1,19.0,10.1,6.1,28.0,23.0,23.2,32.0,6.1,9.0,11.0,14.0,5.1,3.1,5.1,23.0,11.0,17.0
1772902033.5491812,21.6,23.0,20.0,25.7,22.2,7.1,48.5,41.6,4.0,1.0,3.1,3.0,21.0,29.0,20.0,25.0,27.0,21.0,37.6,29.7,20.2,12.0,6.1,2.0,6.1,22.8,62.4,61.0,6.0,10.1,19.0,22.0,38.6,20.2,11.2,8.1,18.2,13.1,6.1,7.9,20.0,29.3,27.0,25.0,17.0,25.0,13.0,10.1,29.3,4.0,17.0,12.1,17.3,21.2
1772902034.5492752,23.7,8.0,18.2,24.2,13.1,27.3,38.0,43.6,0.0,5.1,15.3,3.1,26.0,24.2,21.4,20.2,19.4,8.2,36.7,37.8,16.2,16.3,5.1,6.1,12.1,11.2,61.4,59.2,11.0,29.6,22.2,16.0,38.0,25.5,9.1,10.3,13.1,21.2,3.1,10.2,28.3,24.0,35.0,26.3,20.8,16.5,13.1,11.1,8.2,4.0,14.1,17.0,21.4,11.5
1772902035.5499005,28.0,6.1,13.3,28.0,6.1,20.0,46.5,39.0,4.0,5.2,11.0,10.0,14.3,14.0,13.9,14.0,21.8,15.0,41.0,33.0,17.0,13.1,4.0,3.1,19.2,17.2,61.6,59.4,14.1,26.7,17.3,20.0,31.0,13.0,11.2,8.2,19.2,10.0,5.2,8.2,25.0,19.2,28.0,32.7,12.1,12.1,11.1,11.0,9.9,4.1,17.0,7.1,4.0,17.8
1772902036.5512266,12.5,23.0,26.5,24.7,15.3,21.2,48.0,52.5,5.0,3.0,6.1,2.0,25.7,22.2,17.2,19.0,27.3,16.0,42.9,37.0,10.1,9.2,7.0,4.0,16.2,6.1,60.0,56.0,9.2,0.0,20.8,14.3,32.3,20.2,6.1,5.1,22.0,10.2,9.1,6.1,28.0,26.0,26.7,38.4,30.0,19.0,8.2,12.0,33.3,5.1,11.1,15.3,8.2,16.2
1772902037.555232,21.4,20.8,19.2,24.8,24.0,5.9,35.0,44.4,3.0,5.1,2.0,8.2,17.3,18.6,22.8,22.0,18.8,24.2,37.6,41.0,9.2,12.9,7.0,5.0,11.0,19.0,55.0,56.0,6.0,10.0,14.1,20.0,38.2,25.3,17.0,8.8,17.0,11.0,9.1,2.0,25.7,23.0,29.0,34.7,18.4,22.0,13.1,15.0,31.0,2.0,17.2,13.1,20.2,14.3
1772902038.556129,27.0,6.1,25.5,19.2,28.9,8.2,33.3,35.0,3.0,3.1,2.0,22.0,15.2,17.0,19.4,20.4,14.1,28.7,29.3,33.3,6.0,22.0,1.0,4.1,14.1,14.0,63.4,51.5,8.2,30.6,14.1,19.8,30.3,23.5,12.0,2.1,20.2,12.1,5.1,11.1,27.3,23.2,35.7,35.6,24.2,22.2,12.0,10.0,3.1,6.0,15.8,7.1,15.2,15.3
1772902039.5573735,24.5,7.1,17.2,22.0,18.8,6.0,33.7,26.3,2.0,5.0,6.1,16.8,17.0,21.0,12.0,12.1,16.0,26.0,35.0,20.0,6.1,23.8,3.0,5.1,16.2,15.2,57.4,59.0,9.1,25.0,17.0,18.0,19.4,21.0,12.0,11.0,20.0,13.1,9.1,3.0,29.0,19.8,21.6,27.6,4.0,5.1,11.0,13.0,7.1,7.1,3.0,6.1,11.0,6.1
1772902040.5587404,16.8,16.2,25.8,25.3,25.5,7.1,36.0,42.4,2.0,3.1,14.1,10.3,27.7,24.0,9.2,6.1,20.0,23.8,38.8,39.4,12.2,20.2,7.1,4.0,11.0,15.0,63.3,58.6,14.1,3.0,18.4,18.2,18.0,22.0,2.1,13.4,15.0,16.3,7.1,7.1,31.0,19.2,39.4,32.0,18.0,13.4,11.1,14.4,4.0,33.0,6.2,20.2,6.2,17.3
1772902041.584629,25.7,15.5,26.5,11.8,13.6,20.4,36.3,31.4,3.0,3.0,4.9,16.7,19.8,21.8,10.8,15.5,17.6,16.5,37.3,36.9,15.7,17.5,3.0,5.0,17.6,3.9,53.4,55.3,4.9,5.9,16.5,18.4,25.5,37.3,8.8,11.8,7.9,20.8,4.0,10.8,22.5,16.3,31.1,25.2,14.7,15.8,10.7,12.7,4.0,28.0,15.7,7.8,14.6,21.8
1772902042.5857744,10.5,21.2,18.0,22.2,17.2,2.0,18.6,38.0,3.0,4.0,3.0,11.2,24.0,19.8,14.3,9.2,24.2,17.2,35.0,41.4,8.2,16.2,3.1,3.0,9.1,12.2,53.5,48.5,4.0,9.1,16.3,13.1,28.7,30.0,6.1,8.9,13.1,15.0,6.1,6.1,29.0,27.3,32.3,28.3,26.0,26.0,9.2,13.0,29.3,5.1,22.8,1.0,12.1,19.4
1772902043.588515,7.4,17.8,17.0,14.0,23.2,11.0,33.7,28.0,1.0,3.0,2.0,4.0,15.8,19.0,2.0,4.0,20.8,17.2,33.0,35.0,5.9,8.1,2.0,6.0,19.0,9.1,45.0,44.6,6.1,5.1,14.1,12.1,27.3,7.0,11.1,7.1,19.0,13.0,2.0,10.0,23.0,15.0,29.3,26.3,4.0,4.0,9.1,12.0,20.2,8.2,21.0,2.1,5.1,10.0
1772902044.592537,28.3,7.1,19.6,19.8,22.0,4.0,40.4,41.0,7.0,6.1,7.1,8.2,14.1,15.0,5.1,4.0,23.0,21.8,37.4,39.0,7.1,5.0,6.1,5.9,11.1,9.8,43.6,55.0,6.1,9.1,18.0,14.9,28.7,17.2,7.1,8.1,14.0,18.0,5.0,7.1,24.5,27.0,27.0,29.4,12.1,12.0,11.9,11.1,4.0,27.0,23.8,6.1,11.9,6.1
1772902045.597326,30.3,14.0,27.3,23.5,24.5,9.0,46.5,52.5,4.0,3.0,23.0,3.0,19.8,30.7,21.0,20.0,26.0,23.2,36.4,42.4,5.1,8.1,7.0,3.1,16.0,12.1,48.5,51.0,4.0,9.1,15.3,21.8,37.6,24.0,11.9,12.1,20.8,15.2,6.1,11.0,27.3,29.3,23.8,24.7,20.2,19.0,10.2,12.1,3.0,33.3,16.2,18.0,25.3,14.3
1772902046.5974011,25.3,8.1,23.2,23.2,23.8,3.1,50.0,38.8,2.1,4.0,21.4,4.1,21.2,29.7,23.5,22.2,11.2,17.0,35.4,43.0,11.1,7.1,3.1,8.0,17.2,17.3,47.0,55.6,8.1,8.1,17.3,20.2,36.0,29.6,8.1,10.2,5.1,25.0,9.0,10.2,29.0,25.0,26.5,37.6,19.8,21.1,11.0,14.0,5.1,35.4,13.9,17.0,25.5,10.3
1772902047.598568,27.3,5.9,27.3,14.0,20.4,9.0,45.0,37.0,3.0,2.0,23.5,6.9,26.3,16.0,15.2,13.1,12.1,29.0,31.3,31.7,4.0,5.1,1.0,5.0,5.1,18.0,54.5,56.0,4.1,5.1,15.2,16.2,28.7,21.2,7.1,11.0,7.1,20.2,6.1,7.1,21.2,20.0,33.7,22.2,12.9,11.9,13.1,10.0,4.0,2.0,22.0,4.1,6.0,18.0
1772902048.59995,26.7,12.1,26.7,30.4,17.2,15.8,48.5,45.5,5.1,4.0,22.2,2.0,25.5,26.7,18.0,14.9,23.8,24.0,35.6,39.4,25.0,5.0,7.9,6.0,16.0,11.0,61.4,58.4,9.1,12.1,24.0,17.0,22.8,20.8,8.0,10.1,17.2,20.6,9.2,6.9,16.2,25.5,28.3,38.2,17.0,11.1,12.0,13.0,16.0,6.1,14.0,14.3,17.8,5.1
1772902049.600665,29.3,14.3,18.6,29.9,9.3,23.2,49.0,47.5,3.0,5.1,13.4,9.2,23.2,28.3,20.0,26.0,24.5,18.0,31.6,28.3,19.2,11.3,3.1,4.2,21.0,8.2,56.6,58.6,25.5,7.1,18.2,17.2,25.5,33.3,7.2,13.3,22.2,10.2,8.2,9.2,31.3,30.3,29.3,35.0,24.5,16.3,12.1,12.2,8.2,8.2,10.3,19.2,16.5,19.6
1772902050.60226,27.5,4.0,19.8,18.8,4.1,24.0,42.6,38.4,1.0,5.1,5.0,17.2,24.0,24.0,21.2,22.2,21.8,23.0,30.3,22.2,15.2,15.0,3.0,6.0,20.4,14.1,58.8,56.0,6.9,10.1,20.8,15.0,25.5,40.0,11.0,12.0,21.0,12.1,5.0,7.1,22.2,14.0,25.0,33.3,20.2,17.2,11.1,12.0,3.0,4.0,2.0,21.0,17.2,19.0
1772902051.6054285,25.5,6.2,18.2,22.2,8.2,18.4,45.5,44.0,3.0,3.0,11.0,12.2,20.0,19.0,13.1,15.0,17.0,27.0,18.0,16.2,12.1,18.2,6.1,3.1,10.0,10.2,61.0,56.4,4.0,11.1,16.3,18.4,16.0,33.0,3.0,10.1,18.2,11.0,6.1,7.0,26.0,30.0,28.7,35.6,14.1,7.1,11.0,12.0,0.0,7.0,4.0,6.1,12.2,8.2
1772902052.606459,27.0,7.1,20.4,20.8,21.4,8.9,39.0,43.0,2.0,3.1,16.2,12.1,13.3,16.0,16.8,15.0,16.2,21.6,21.2,27.3,8.3,19.0,4.1,3.0,6.1,18.8,60.0,54.0,3.0,8.1,14.0,16.2,16.2,27.0,14.4,5.1,12.0,20.2,3.1,11.9,20.4,21.8,26.5,25.3,9.0,14.1,12.2,11.1,6.1,3.1,1.0,24.0,15.0,5.2
1772902053.6099,28.0,14.1,31.3,22.2,24.2,9.2,56.4,43.0,5.0,4.0,22.0,24.0,16.8,14.1,18.8,26.5,22.0,23.0,39.6,37.4,10.0,9.9,7.9,2.0,20.0,6.1,60.4,58.6,7.1,10.0,18.2,19.0,31.0,34.7,12.0,3.1,21.0,12.0,10.1,2.0,22.8,32.3,36.0,34.7,25.3,19.2,12.9,11.1,4.0,4.0,6.1,24.2,17.2,19.0
1772902054.6109383,26.7,8.9,25.3,12.0,25.0,8.9,43.4,29.0,2.0,1.0,4.0,2.0,15.7,14.9,21.0,21.0,23.2,16.8,40.4,29.3,12.9,13.1,5.1,9.0,19.0,15.0,54.5,60.4,8.1,6.2,18.0,18.8,38.0,19.2,10.1,10.0,24.0,8.2,3.1,9.1,23.8,23.5,28.4,28.0,11.3,11.2,12.0,8.1,4.0,3.1,6.0,24.8,12.1,25.5
1772902055.6110075,22.9,9.1,20.6,26.3,22.2,10.1,26.5,41.4,2.1,3.1,9.2,9.2,15.3,16.3,14.3,14.3,19.0,25.5,42.4,36.0,7.1,26.3,5.2,3.0,19.4,6.2,57.6,62.2,4.0,12.0,20.2,16.5,28.3,17.5,12.2,5.2,18.4,10.2,7.1,8.2,25.5,22.4,26.8,35.4,17.0,24.0,11.1,14.1,3.1,5.1,8.2,21.2,5.1,12.4
1772902056.6136153,29.3,8.2,25.0,21.2,22.2,16.0,38.0,53.0,8.0,3.0,1.0,22.8,31.3,35.0,19.2,18.6,18.2,15.2,42.0,42.4,7.1,25.0,6.0,3.0,12.0,14.0,59.4,58.8,4.1,10.2,20.0,19.2,28.7,18.4,12.1,12.1,16.2,18.4,5.1,9.2,28.7,21.2,31.0,24.0,15.2,23.5,13.1,11.0,5.1,5.0,4.0,24.8,17.2,10.1
1772902057.6153333,23.2,19.0,24.8,24.0,5.0,18.2,44.0,30.3,4.1,3.0,2.0,21.0,30.3,29.3,25.5,20.2,13.1,15.2,37.0,37.6,6.0,21.2,2.0,5.1,14.0,16.0,56.0,55.0,2.0,10.1,16.2,19.8,35.0,28.0,7.1,4.0,13.0,17.0,5.1,8.1,19.2,23.0,29.0,20.2,27.0,25.0,13.0,9.1,3.0,3.1,13.1,16.0,12.4,22.2
1772902058.6155503,11.5,22.2,22.4,16.2,10.3,28.0,29.4,37.0,3.0,2.0,3.0,23.0,23.0,23.0,18.6,21.8,18.6,26.7,36.4,37.4,10.1,21.2,1.0,6.1,23.2,7.1,56.6,58.0,10.0,3.1,19.6,18.4,29.7,31.7,10.2,12.4,21.2,12.0,4.0,7.1,32.0,21.2,31.3,31.0,6.2,9.2,12.2,14.1,3.1,3.1,12.1,16.5,16.0,12.2
1772902059.6163023,9.3,23.5,19.2,23.0,4.1,19.0,30.0,30.9,4.1,3.0,4.0,20.8,24.2,25.0,12.1,14.1,24.2,17.2,36.6,39.8,16.2,16.8,3.0,6.1,19.0,8.1,53.0,61.6,4.1,9.1,17.0,17.2,19.2,18.4,8.1,7.1,7.1,20.2,7.1,9.2,20.0,23.2,33.0,27.3,19.2,17.2,11.1,15.3,2.0,7.1,13.9,19.8,15.0,3.1
1772902060.6211624,9.5,21.8,17.3,21.8,8.2,27.5,40.4,24.5,3.0,3.0,8.0,14.1,21.0,25.0,16.0,17.0,20.8,17.8,37.4,37.4,11.0,5.1,1.0,4.0,14.9,10.0,53.5,56.0,5.0,10.0,14.7,18.0,22.0,16.0,14.1,10.1,17.8,17.0,4.0,7.1,33.0,25.7,32.0,34.7,12.9,13.1,11.0,21.8,4.0,27.7,11.1,18.2,17.8,11.0
1772902061.6237788,24.0,23.8,29.3,23.2,8.1,21.2,41.8,44.0,2.1,2.0,6.1,15.0,18.8,11.0,24.2,21.0,14.1,26.3,41.4,31.3,1.0,8.1,7.0,4.0,14.3,11.1,47.0,48.5,5.1,12.2,16.3,21.2,36.4,25.3,7.1,9.1,21.2,13.0,7.0,9.2,26.0,24.0,31.7,20.6,26.3,26.0,12.1,14.1,2.1,27.3,6.1,20.2,22.4,14.4
1772902062.6238585,12.2,21.8,26.5,16.0,8.2,23.0,40.6,48.0,4.0,3.1,11.0,14.0,18.4,23.8,14.0,12.0,24.8,22.0,36.6,38.6,5.1,10.1,6.1,4.0,10.1,24.2,53.5,49.0,7.1,10.1,15.3,17.2,26.0,38.4,10.2,12.2,22.8,11.2,9.2,8.0,24.0,27.3,40.4,31.7,6.2,8.2,12.1,14.0,5.1,34.7,3.1,7.0,17.2,18.0
1772902063.6246424,9.4,22.2,16.3,18.2,15.3,14.0,43.4,41.4,5.1,3.0,13.0,9.1,24.5,24.8,4.1,3.1,20.0,21.2,29.3,27.0,6.1,11.0,5.1,5.0,16.0,9.0,50.0,49.0,11.2,3.0,19.0,15.2,19.2,20.2,4.1,7.1,11.2,16.8,10.1,3.1,22.8,27.3,26.0,21.2,15.8,23.0,14.0,11.2,2.0,33.0,15.2,12.2,10.2,6.2
1772902064.6247332,18.6,13.3,9.2,29.0,20.2,14.1,42.0,42.0,2.0,4.0,7.1,19.2,24.2,25.3,13.0,7.1,19.2,22.8,37.0,34.3,5.0,11.1,6.1,1.0,8.1,14.1,46.5,46.5,5.1,6.2,17.2,16.2,11.2,33.7,11.9,12.1,12.0,16.2,10.1,3.1,24.5,22.2,45.5,31.0,16.5,9.2,13.0,10.1,4.1,4.1,22.0,5.1,14.0,7.1
1772902065.6283505,19.4,21.8,25.3,23.2,26.7,7.1,46.5,42.0,2.0,2.0,3.0,8.1,23.8,23.0,11.1,17.0,22.0,17.3,37.0,41.0,14.1,16.2,7.2,3.0,8.1,18.2,55.0,58.4,9.1,7.1,20.8,16.2,40.6,20.8,12.1,4.0,12.0,22.8,6.1,9.0,33.0,26.0,29.7,23.2,24.5,23.5,11.1,11.0,4.0,3.1,22.0,8.0,19.2,17.0
1772902066.6284318,9.5,24.2,25.3,15.0,20.2,7.1,35.0,37.6,7.1,2.0,10.2,4.1,25.0,25.7,17.2,15.2,28.0,18.0,38.4,40.4,17.3,12.2,3.1,5.1,17.2,16.0,57.4,61.0,7.1,7.1,18.4,19.8,23.0,40.4,13.0,8.0,20.2,7.1,6.1,7.1,19.2,28.7,35.0,37.6,7.2,8.1,12.1,10.2,5.1,4.1,23.8,8.2,20.4,13.4
1772902067.628507,9.3,30.7,23.5,27.6,29.3,10.0,38.8,48.5,3.1,5.1,2.1,22.0,25.3,22.2,12.2,16.3,13.0,19.0,33.0,44.9,9.2,18.0,4.0,3.1,15.0,10.2,57.0,62.6,2.1,12.9,17.3,16.3,13.3,28.3,7.2,11.2,22.0,11.0,2.0,8.2,28.7,28.6,27.0,21.4,18.2,22.2,12.0,13.1,17.2,4.1,24.2,8.2,13.1,7.1
1772902068.6290383,20.4,13.1,22.0,20.0,21.2,3.0,41.6,45.0,4.0,4.1,3.0,22.0,22.8,23.8,19.0,20.8,9.2,15.2,31.6,30.0,10.1,19.4,6.1,8.9,19.2,8.1,57.6,55.9,24.5,11.2,20.0,17.2,13.9,28.7,7.1,15.0,17.3,12.1,6.1,6.1,23.2,24.0,18.0,32.3,16.2,14.3,10.2,12.0,7.1,10.1,12.0,15.0,5.1,15.2
1772902069.6294587,13.5,29.3,28.9,27.3,28.3,12.1,49.5,41.2,7.1,3.0,3.1,22.0,25.3,27.0,23.2,21.4,22.8,25.7,27.6,36.0,4.0,11.0,7.1,0.0,12.1,19.0,69.0,57.6,16.3,1.0,19.2,21.2,24.2,38.4,6.1,16.2,27.0,11.1,8.1,9.1,31.0,26.3,29.0,26.3,14.3,19.2,11.9,14.3,3.0,5.2,12.1,20.4,21.0,20.2
1772902070.6316137,11.3,20.8,17.5,15.0,8.0,15.2,42.4,54.0,5.1,11.0,2.0,21.2,24.0,23.0,19.2,20.6,17.2,23.2,24.8,23.5,7.0,18.2,5.1,3.0,21.4,9.1,45.5,58.4,8.0,5.1,16.2,18.0,37.0,25.0,8.2,11.0,16.3,10.9,4.0,8.1,19.0,15.2,43.0,24.0,8.1,8.1,10.1,13.9,3.1,3.0,11.1,15.0,14.1,17.3
1772902071.6317008,20.8,11.1,19.2,21.0,12.2,28.0,44.6,41.4,7.1,3.0,9.1,22.0,21.4,25.3,13.9,12.0,25.3,18.8,27.3,30.0,10.2,22.0,7.9,3.0,14.0,7.1,58.4,56.6,11.2,4.0,16.0,16.2,26.0,17.3,9.1,7.1,22.0,12.2,7.1,7.1,23.0,26.0,26.3,30.3,18.0,20.2,11.2,13.3,4.0,6.0,10.0,18.0,4.1,14.3
1772902072.631779,13.5,18.8,21.2,17.2,16.3,6.1,37.4,43.6,3.1,16.3,17.2,22.4,21.2,19.8,16.2,17.2,25.0,13.1,24.0,32.3,21.2,9.0,4.1,4.1,18.0,9.1,56.0,54.5,6.9,8.2,18.0,18.0,23.2,15.2,8.0,11.2,17.2,12.1,3.0,9.2,25.7,21.2,29.7,36.0,19.2,19.4,15.8,10.0,5.0,4.1,2.0,15.2,3.0,12.1
1772902073.631854,21.6,16.3,24.5,18.0,9.2,16.2,49.5,36.0,6.1,11.0,8.2,13.0,15.0,11.1,24.0,19.2,19.2,20.0,25.5,30.3,21.2,7.1,4.0,4.1,14.0,9.2,53.5,47.5,7.1,4.1,13.1,19.2,21.0,31.0,3.0,10.1,18.2,11.1,3.0,9.1,19.4,20.0,28.3,28.3,8.2,12.4,10.2,11.2,4.0,2.0,2.0,5.1,17.0,12.1
1772902074.6382265,27.8,17.0,22.0,28.0,29.0,14.9,43.0,44.0,4.1,2.0,9.0,14.9,20.0,27.7,21.2,24.0,21.6,25.7,38.0,41.0,23.8,11.8,4.0,6.0,20.8,16.8,60.4,61.4,9.1,5.9,16.0,19.2,35.3,29.0,13.3,10.0,19.8,12.1,3.0,12.0,30.7,31.7,35.3,28.4,16.8,19.2,13.9,13.0,3.0,7.2,14.9,13.1,25.3,14.1
1772902075.638989,24.5,10.1,20.8,14.0,17.3,4.1,21.2,25.7,4.1,2.0,11.0,15.0,23.8,21.8,12.0,13.0,15.8,20.0,20.8,30.0,21.2,9.0,4.1,2.0,11.1,8.1,56.0,57.4,3.0,9.1,13.3,18.2,25.0,29.0,6.9,7.1,18.4,11.0,5.1,5.1,21.0,12.0,31.0,30.6,30.3,19.2,10.0,12.1,2.0,7.1,7.1,22.8,19.2,9.1
1772902076.6423006,24.7,7.1,28.6,8.1,21.0,19.0,28.0,19.0,5.1,4.0,8.0,16.2,34.7,39.0,20.0,17.0,17.2,24.2,32.3,39.6,20.2,8.1,10.0,1.0,9.0,19.4,54.0,64.0,1.0,12.1,21.8,17.2,16.3,26.0,10.2,7.1,17.2,14.1,11.1,3.1,26.3,30.0,28.6,25.7,21.0,20.8,11.1,10.2,5.0,5.1,11.1,22.2,7.1,14.4
1772902077.6440763,26.0,9.0,19.6,27.7,19.4,3.0,18.4,40.4,6.0,6.1,2.1,12.1,23.2,31.3,19.4,25.0,21.2,23.2,40.4,38.0,17.2,14.1,6.1,3.0,9.3,15.2,57.6,59.0,8.2,5.0,18.2,19.0,37.0,17.0,7.0,13.1,15.0,23.0,5.1,8.1,27.3,16.2,33.0,39.0,16.0,6.1,20.2,13.0,3.1,9.0,6.1,22.4,14.1,21.0
1772902078.645771,23.8,13.3,22.4,24.0,27.3,12.0,36.0,34.3,4.1,4.0,4.0,3.1,26.3,23.0,22.0,22.2,17.2,24.8,34.0,42.4,11.1,21.2,3.0,5.1,16.2,13.0,58.4,58.0,8.0,6.2,22.0,18.0,27.0,34.3,7.1,9.1,14.1,20.2,10.9,4.1,24.2,27.3,26.3,23.5,11.2,16.2,14.1,15.0,2.0,28.6,4.1,22.8,19.2,17.0
1772902079.649345,29.9,15.0,23.0,17.2,7.1,21.0,34.3,48.0,5.1,1.0,7.0,20.0,21.0,31.4,13.0,15.2,18.0,15.2,43.4,33.3,20.0,9.0,4.0,4.1,16.2,15.0,52.5,46.0,2.0,10.1,14.1,17.2,26.3,29.0,8.1,12.2,11.1,20.0,3.1,10.0,28.0,17.8,37.6,35.6,17.2,22.0,12.0,13.1,5.9,31.0,4.0,22.8,14.3,17.5
1772902080.6559243,20.0,10.1,19.4,21.4,25.0,17.0,41.0,40.6,3.0,2.0,2.0,21.8,19.0,22.0,17.0,19.8,8.0,13.9,37.0,42.0,6.0,11.1,5.1,5.9,9.1,14.9,46.0,52.0,3.0,9.2,18.0,16.8,24.3,16.2,4.0,10.9,12.7,15.0,3.0,11.1,26.0,20.0,17.2,20.4,18.0,18.2,13.0,12.9,11.9,33.3,11.0,13.1,12.1,5.1
1772902081.6564598,9.3,21.0,17.2,15.3,20.2,4.0,35.6,39.0,3.0,2.0,4.0,22.0,20.8,21.0,22.0,22.2,23.2,18.0,34.0,40.0,4.0,11.0,1.0,6.0,9.0,10.2,44.6,49.0,8.1,6.0,17.0,12.1,27.6,28.7,12.1,8.0,21.0,10.0,2.0,8.1,19.2,26.3,22.8,25.5,8.1,13.0,10.1,11.0,1.0,30.7,17.0,8.0,11.0,13.3
1772902082.658256,13.5,18.0,16.5,31.0,10.0,25.7,28.6,35.0,5.1,2.0,2.0,23.2,26.0,23.8,18.8,20.0,18.8,21.2,42.0,41.0,11.1,21.0,4.0,2.1,14.0,9.1,50.0,49.5,4.0,9.2,19.0,20.2,28.0,30.0,7.1,5.1,19.4,9.2,6.1,6.1,20.0,27.0,24.5,36.6,11.1,9.2,11.2,12.1,3.0,30.0,14.1,19.4,22.2,18.2
1772902083.658714,22.9,20.2,22.2,22.2,9.1,24.8,56.0,48.0,3.1,2.0,2.0,22.0,22.8,27.3,4.1,4.0,20.2,24.0,35.0,26.3,17.2,19.2,3.0,7.0,14.1,17.2,51.0,50.5,18.4,11.0,18.2,19.4,28.0,33.3,6.1,15.3,19.2,14.1,4.1,9.2,27.0,26.3,29.0,28.3,19.2,17.3,10.2,11.1,5.1,7.2,18.8,23.2,15.2,17.2
1772902084.6607385,26.5,7.0,21.4,15.0,6.2,20.0,55.4,34.3,7.1,3.0,14.1,16.0,23.8,18.8,10.1,7.1,25.5,16.2,31.7,30.3,21.0,9.1,4.0,4.1,10.9,16.0,53.5,46.0,15.2,7.1,18.8,16.0,29.7,25.5,9.0,3.0,20.0,8.1,1.0,10.9,28.3,22.8,32.0,32.0,17.2,21.0,10.1,14.1,4.1,3.1,24.8,8.2,7.0,12.0
1772902085.6626675,24.0,8.2,21.4,18.0,19.4,7.1,49.5,29.3,7.1,1.0,2.0,2.0,16.8,14.1,15.0,13.0,24.8,19.8,30.0,24.0,21.0,9.1,3.1,5.1,15.0,8.1,60.4,51.0,18.4,10.0,16.2,16.0,34.3,35.6,11.2,9.0,11.0,20.0,5.1,8.0,26.7,23.2,37.6,26.7,13.1,8.2,12.9,13.1,5.1,5.1,4.0,5.1,18.2,9.2
1772902086.6643834,28.7,9.2,28.9,24.0,27.3,4.0,48.0,46.5,6.1,1.0,2.1,4.1,23.2,27.3,12.4,9.2,19.2,23.0,30.6,32.3,21.0,15.0,5.1,5.1,19.4,13.3,59.6,66.0,28.3,20.4,22.2,19.2,32.0,30.0,5.1,11.3,13.1,20.2,12.0,7.2,31.3,24.0,33.3,36.7,21.0,8.2,11.2,16.0,5.1,3.1,13.0,13.1,13.1,24.5
1772902087.6698847,24.7,12.2,25.7,26.0,25.5,10.1,49.0,49.0,9.1,3.0,5.0,2.0,32.7,23.0,11.1,11.1,18.2,26.0,39.0,45.5,22.0,10.9,5.1,4.1,17.2,19.0,55.9,61.0,12.2,36.4,15.8,19.2,28.0,32.3,12.1,15.3,13.1,25.3,9.1,8.2,23.8,27.0,28.0,32.0,25.0,23.8,12.1,13.0,6.1,9.1,14.0,18.0,23.2,10.3
1772902088.6699808,26.5,8.0,17.5,22.0,22.0,3.0,38.4,48.5,8.2,2.0,1.0,3.1,28.3,24.0,24.0,20.0,20.2,18.2,31.6,34.7,11.2,17.0,5.0,4.0,18.0,7.1,56.6,57.6,10.2,33.7,22.2,18.0,18.8,17.0,8.1,9.1,10.1,20.8,5.1,11.0,23.0,23.0,28.0,35.0,11.3,13.4,12.0,14.1,9.1,16.0,22.0,5.2,2.0,15.2
1772902089.6762085,23.2,8.2,29.7,15.2,26.0,9.9,41.7,37.9,7.0,3.0,4.0,3.0,17.6,26.5,24.8,20.0,28.4,19.6,28.7,27.5,12.9,17.0,4.0,3.0,14.9,10.0,59.4,53.4,11.8,26.0,19.0,17.6,43.0,15.8,15.8,6.9,10.9,19.8,6.1,6.9,25.7,27.7,34.3,25.0,15.0,16.0,10.1,12.0,4.0,4.0,21.8,6.1,16.7,14.1
1772902090.677983,16.3,20.0,20.4,25.0,11.2,15.0,44.0,40.8,9.1,3.0,16.5,8.1,20.2,25.3,19.0,14.9,22.2,13.3,27.0,30.6,15.2,13.3,4.1,5.1,13.1,12.1,49.0,64.6,9.2,35.0,18.2,20.2,32.0,23.2,7.2,8.2,10.2,19.2,12.1,1.0,25.0,16.2,35.7,34.3,14.3,14.4,13.3,13.0,5.1,3.1,22.2,6.1,23.2,19.4
1772902091.679928,25.5,20.4,26.8,16.0,7.1,24.2,36.7,44.4,7.2,3.1,22.4,20.6,21.0,26.0,14.0,11.2,10.2,12.1,19.2,14.1,13.0,20.2,6.9,3.1,14.4,20.2,56.0,60.0,5.1,9.1,13.3,16.3,29.0,25.0,13.0,9.0,11.1,24.8,5.1,8.1,27.3,26.3,34.7,24.0,18.6,21.6,15.0,11.1,28.3,2.0,14.1,16.2,18.4,7.2
1772902092.6806922,10.3,24.8,17.2,26.5,8.0,25.0,53.5,48.0,6.0,3.1,11.0,15.8,22.0,26.0,25.0,20.8,25.3,16.8,27.0,27.0,18.2,8.1,2.0,6.1,14.0,14.1,58.0,64.0,9.0,4.1,21.2,19.0,22.8,18.2,14.0,2.0,15.0,20.2,4.1,8.2,20.2,20.8,25.5,23.0,13.9,12.9,11.1,12.1,33.0,4.1,7.0,7.1,13.1,8.2
1772902093.6809094,11.2,23.0,28.6,18.0,23.2,8.0,35.0,39.4,6.1,4.0,1.0,17.2,25.3,26.0,23.2,22.7,24.5,18.2,38.0,39.0,8.0,11.2,7.1,4.0,7.1,22.0,55.0,61.0,11.2,3.0,21.2,18.2,36.4,30.3,12.1,10.1,11.2,20.0,10.1,3.1,30.7,31.0,36.0,23.5,20.4,18.4,10.1,13.1,36.7,2.0,2.1,8.1,15.0,18.4
1772902094.6829312,7.3,22.0,24.5,22.0,24.5,8.1,31.7,24.2,2.0,3.0,2.0,1.0,21.0,27.0,15.0,15.8,25.7,21.0,40.0,39.4,11.1,16.0,5.0,3.0,9.0,24.8,56.0,61.4,9.1,3.1,20.0,17.0,34.0,25.8,11.1,5.0,11.0,20.2,10.1,5.0,19.2,26.3,31.3,34.3,31.0,29.6,13.1,11.1,34.0,4.0,3.0,9.1,21.0,21.0
1772902095.685994,27.8,14.0,18.4,20.0,12.0,23.0,42.0,28.7,3.0,2.0,9.1,10.9,29.0,27.7,19.0,14.0,24.2,22.0,41.0,40.0,12.0,21.0,2.1,6.1,19.2,8.2,58.0,65.0,9.1,3.0,18.0,22.8,22.2,26.5,19.2,3.0,10.0,23.0,8.2,7.1,29.0,32.0,33.3,33.3,19.4,20.4,12.0,13.1,35.0,4.1,8.0,5.2,9.2,16.3
1772902096.6884477,29.1,8.2,22.4,16.2,10.1,22.0,40.4,39.0,5.1,2.1,22.2,2.0,38.4,32.7,20.2,26.3,25.0,17.3,35.6,43.4,13.1,22.0,2.0,8.1,13.3,11.1,61.0,61.2,9.0,7.1,16.2,17.2,23.0,32.4,5.1,10.2,11.1,25.3,8.2,6.1,21.0,23.0,32.3,33.3,9.1,12.0,13.0,12.9,34.0,7.0,6.2,6.1,9.1,18.2
1772902097.6903715,25.3,7.2,32.7,20.4,26.3,5.2,30.0,36.4,1.0,6.1,23.0,3.0,17.2,19.2,22.2,20.6,25.0,19.8,45.4,36.4,6.1,21.2,6.1,2.0,15.3,9.1,63.4,59.4,11.1,2.0,22.8,21.4,33.0,28.6,15.0,8.0,16.0,17.3,7.1,8.2,22.2,29.3,31.7,34.0,17.2,22.0,8.2,12.2,24.5,15.2,14.0,21.4,17.3,20.0
1772902098.6978214,27.7,11.0,23.2,19.8,10.0,22.8,31.0,47.0,4.0,3.0,21.8,2.0,25.5,16.2,13.0,14.0,20.8,23.0,36.6,35.6,7.8,21.8,6.9,3.0,12.9,22.0,59.4,55.4,5.0,11.9,16.3,16.0,31.7,23.2,3.1,14.9,15.0,20.8,3.0,11.0,29.7,22.8,28.7,38.6,18.2,17.0,9.9,13.1,35.0,3.0,13.9,19.2,18.0,15.3
1772902099.7032952,16.5,25.3,23.2,16.2,10.2,11.1,40.0,49.0,3.0,2.0,22.8,7.1,24.0,25.7,15.8,17.6,24.5,21.0,28.0,37.4,15.2,16.2,4.0,2.0,7.0,18.0,51.0,47.5,3.1,9.0,18.2,16.8,12.1,27.5,5.0,16.2,12.1,16.2,3.1,10.0,21.8,19.0,35.0,25.3,11.1,17.0,12.0,12.0,24.5,16.2,7.9,18.2,4.0,17.3
1772902100.7041688,26.0,7.1,18.6,12.1,26.0,12.9,41.2,47.0,3.1,3.0,20.2,5.1,26.0,20.8,26.3,19.2,18.4,18.4,37.0,37.8,3.0,20.2,7.1,2.0,13.1,10.1,43.0,49.5,3.0,11.1,17.0,14.1,32.3,28.3,2.0,10.2,15.2,14.0,8.1,2.1,31.3,23.5,27.3,23.5,13.0,13.1,9.2,13.1,2.0,29.6,5.1,14.0,19.2,12.1
1772902101.7042537,24.5,12.1,32.0,24.0,22.4,6.2,39.0,46.5,5.0,3.0,14.0,8.2,26.7,23.2,23.0,20.4,17.3,25.3,39.0,38.6,14.1,18.2,5.1,4.0,17.2,8.2,46.5,52.0,8.2,3.0,17.2,22.2,43.0,15.3,13.3,11.1,20.0,14.3,10.1,8.0,28.0,16.3,40.6,35.6,18.4,14.1,13.0,11.1,16.2,19.4,4.0,9.1,20.2,18.8
1772902102.7065873,20.4,18.0,19.2,14.9,20.0,11.9,38.0,32.0,2.0,2.0,15.8,6.0,24.8,21.8,13.9,13.9,19.8,23.5,35.0,30.3,20.0,13.0,6.1,3.0,9.1,23.8,52.9,45.5,11.0,6.1,19.0,17.0,29.0,22.0,8.0,6.0,17.2,9.9,5.0,8.2,36.0,27.5,31.3,29.0,22.0,20.4,13.1,10.0,17.2,18.8,5.1,24.8,14.0,18.8
1772902103.7088115,13.5,24.0,20.2,17.3,7.1,24.0,35.3,36.6,3.0,4.0,14.3,11.2,21.0,26.0,13.1,19.2,7.1,11.1,29.3,22.0,25.7,2.0,7.1,5.1,6.1,13.1,54.0,52.5,8.2,1.0,17.2,16.2,25.7,9.1,11.0,11.0,20.0,9.1,9.1,3.0,14.1,16.0,36.6,32.3,8.1,14.0,10.0,8.1,20.2,4.0,10.2,24.0,3.1,10.2
1772902104.7094772,14.4,23.2,28.6,23.0,7.2,22.4,35.4,41.6,5.1,3.1,12.1,11.3,23.0,26.3,21.4,11.3,18.2,19.2,36.1,46.9,10.2,6.1,8.0,3.0,13.5,13.3,59.6,60.2,10.0,4.0,20.0,18.2,32.7,37.4,12.2,6.1,23.5,13.1,6.1,10.1,32.3,28.3,22.4,24.5,14.3,20.2,26.3,14.1,5.1,6.2,24.5,13.1,23.2,13.1
1772902105.711275,25.7,9.1,30.7,27.0,10.1,26.7,38.0,38.4,41.0,3.0,21.2,3.0,24.8,28.0,12.1,13.3,19.6,29.0,47.5,40.0,22.0,5.1,8.1,4.1,19.0,17.6,61.4,63.7,6.1,13.1,20.4,21.8,37.0,25.3,14.9,11.2,27.0,7.1,7.1,9.1,24.2,25.3,36.6,32.7,16.2,21.4,14.1,14.1,10.2,9.0,8.2,27.3,13.1,24.5
1772902106.7149446,24.0,23.0,15.5,31.3,19.4,6.1,45.0,42.6,13.3,2.0,5.0,5.1,21.8,27.3,26.7,5.1,23.2,21.0,42.0,33.3,21.2,10.0,6.1,1.0,23.0,9.3,58.4,58.6,5.1,8.2,19.0,17.3,30.0,21.0,5.2,9.2,20.0,15.3,9.1,5.1,25.7,32.0,24.0,29.0,21.0,24.8,14.0,9.1,14.0,12.0,8.0,22.8,13.1,16.5
1772902107.7206454,10.4,18.8,20.2,23.0,29.7,8.9,51.0,49.0,2.0,3.0,9.1,5.1,26.0,22.0,28.0,12.0,23.8,15.0,37.8,37.3,22.8,5.1,5.1,3.0,7.1,17.0,60.4,60.4,10.1,4.0,20.0,16.2,31.4,8.2,16.0,3.0,23.2,6.1,7.1,3.1,25.7,14.0,33.3,29.3,7.1,10.2,12.0,12.9,3.0,5.1,7.1,23.0,16.2,4.0
1772902108.7222083,13.1,23.0,26.5,16.2,8.2,15.0,40.6,44.0,3.0,4.0,22.8,11.9,23.8,22.0,18.4,22.2,26.3,17.0,38.6,35.4,21.2,9.9,5.1,5.0,11.2,17.0,59.0,61.0,11.2,2.0,18.0,19.0,36.4,36.0,6.1,11.2,13.9,21.0,3.0,10.0,24.2,23.2,36.6,27.7,14.1,17.8,13.1,10.1,3.0,4.1,16.0,11.2,31.3,13.9
1772902109.7265897,9.3,22.0,24.2,31.3,21.4,21.8,44.6,36.6,2.0,22.2,14.0,23.2,15.2,13.1,23.8,21.2,21.8,26.7,26.5,35.0,21.0,8.1,2.0,7.0,12.0,22.4,64.0,55.0,9.0,6.1,19.2,18.0,32.7,32.0,11.1,13.1,15.2,19.8,12.1,2.0,22.2,29.0,32.3,39.6,15.3,22.2,14.0,12.9,4.1,2.0,10.1,19.0,20.8,17.3
1772902110.7336926,25.8,13.1,22.0,19.0,20.0,3.0,31.7,35.0,2.0,31.0,2.0,21.0,18.8,28.7,14.0,11.9,15.0,14.9,29.7,27.0,21.0,7.1,5.0,3.1,11.1,12.0,56.6,52.5,3.1,9.0,17.8,14.0,17.8,23.0,13.0,4.0,15.3,13.1,12.0,4.0,26.0,23.5,30.0,30.3,21.4,24.0,12.1,11.1,2.0,3.0,13.9,13.1,15.0,14.1
1772902111.7376192,10.2,22.8,10.9,27.0,27.3,13.9,43.9,49.5,4.0,29.6,2.0,21.0,22.0,27.7,20.0,17.2,12.0,12.1,29.3,24.0,19.0,9.1,6.1,2.0,5.0,19.2,52.4,60.0,3.0,10.1,17.2,18.2,8.2,29.0,6.1,12.1,14.9,13.0,8.9,3.0,25.0,28.3,31.0,24.8,8.0,12.2,11.1,14.0,5.0,3.0,10.2,19.8,8.1,9.2
1772902112.7384617,20.6,16.8,17.3,23.5,23.5,2.0,46.1,42.2,17.0,21.4,5.0,18.8,27.5,21.6,24.5,21.6,7.0,18.0,37.6,25.0,17.8,15.5,7.0,2.0,11.9,14.0,62.4,62.7,5.9,9.9,18.8,20.0,44.1,28.0,16.2,5.0,17.0,14.0,7.0,10.0,27.7,19.8,37.3,31.0,20.0,24.0,14.7,9.9,3.0,5.1,6.0,14.3,20.8,12.0
1772902113.7409341,24.7,6.1,30.6,23.5,11.5,22.4,32.0,28.3,27.0,7.1,10.3,8.2,21.2,29.3,17.7,21.6,15.3,7.1,34.7,38.8,7.2,19.8,2.1,5.1,11.2,16.3,55.6,54.1,11.2,3.1,16.2,17.0,19.8,34.7,15.3,7.3,18.0,12.2,3.1,9.3,22.4,26.3,29.6,27.3,19.6,14.3,12.2,11.2,2.1,4.1,6.2,5.2,17.9,16.3
1772902114.7438624,29.6,17.3,24.2,23.5,6.1,23.0,29.3,42.0,25.3,11.2,17.0,8.0,26.7,29.0,12.1,14.0,19.0,7.0,44.0,38.6,12.1,20.0,3.1,5.2,20.2,10.0,62.0,56.0,9.2,4.1,20.2,18.4,19.8,27.0,12.1,5.0,22.0,16.8,3.1,10.2,17.0,25.3,28.3,32.7,18.0,17.5,13.3,9.9,3.0,3.0,10.1,21.0,11.0,19.0
1772902115.7457695,18.6,17.0,19.8,22.2,15.3,15.2,32.3,42.0,18.8,13.3,12.2,8.1,32.0,32.7,16.8,16.8,17.0,14.0,38.6,25.0,9.1,20.0,4.0,5.0,16.2,4.1,60.0,54.0,9.0,5.1,18.0,16.8,24.0,16.2,12.0,9.0,19.0,12.0,3.0,9.0,26.0,32.0,22.0,26.0,13.0,14.9,11.9,12.0,2.0,4.0,20.0,10.1,1.0,14.3
1772902116.7463238,15.0,21.4,27.8,18.0,9.1,28.3,25.7,44.4,13.3,21.8,18.2,5.1,16.2,29.0,27.0,18.4,24.8,24.2,27.3,33.3,12.1,10.1,3.1,5.1,8.0,20.2,61.4,57.4,10.0,6.1,18.0,16.2,17.3,47.0,6.2,9.3,14.1,21.8,7.1,7.1,23.0,22.0,22.2,24.8,11.1,8.2,12.1,11.0,3.0,4.1,9.2,19.4,13.1,18.4
1772902117.7464142,9.3,22.2,28.3,23.2,7.1,18.0,28.1,39.4,33.0,3.0,11.9,4.0,20.0,17.0,23.0,24.0,14.1,23.0,36.4,36.6,12.1,4.1,6.1,5.2,11.2,16.2,53.0,48.5,7.2,4.1,17.3,17.2,19.2,34.0,6.2,14.1,19.0,9.2,8.1,7.0,24.5,25.0,29.0,28.6,22.2,22.8,11.1,12.2,2.0,4.0,8.1,22.8,19.4,19.4
1772902118.7554064,20.0,25.2,21.2,20.0,8.2,25.7,35.3,50.0,18.4,13.0,4.0,6.0,13.0,12.9,12.0,14.0,16.0,26.7,45.0,36.0,10.0,21.0,5.0,5.9,15.2,19.8,47.5,50.0,10.9,4.0,17.0,17.0,13.1,32.0,9.0,6.0,19.0,12.0,9.0,3.1,31.7,19.8,30.0,32.4,16.0,16.3,11.9,12.1,4.0,5.0,11.0,18.0,20.0,8.1
1772902119.7590756,20.2,13.1,24.5,17.0,9.2,23.2,48.5,50.0,7.0,38.0,18.2,4.0,13.9,12.1,19.8,19.0,13.1,12.1,44.6,37.0,10.9,22.8,8.1,3.0,10.1,11.3,51.5,52.5,11.1,11.0,18.4,21.0,17.0,32.7,14.1,7.1,21.0,13.0,6.2,7.0,29.0,21.2,33.3,33.3,16.2,15.3,13.1,13.1,3.0,7.1,12.2,13.1,15.8,4.0
1772902120.7623124,26.3,9.1,26.7,17.2,10.1,27.7,35.6,50.0,14.3,19.4,21.2,2.0,17.0,18.0,23.2,21.2,23.0,16.0,42.4,35.6,10.2,20.4,5.1,2.0,16.2,14.9,50.0,50.0,8.1,5.2,16.0,21.2,38.2,28.3,12.2,5.1,12.2,15.3,7.0,10.2,31.7,24.0,40.2,30.3,14.3,13.1,12.1,12.1,5.1,4.1,3.0,8.1,26.5,11.0
1772902121.7623994,25.3,17.0,26.8,21.2,8.3,22.2,42.0,26.0,33.7,1.0,22.8,2.0,24.8,22.2,20.2,21.0,22.0,23.0,40.4,38.4,9.2,21.8,2.0,6.1,19.0,13.3,58.4,53.5,5.1,8.2,21.2,16.2,27.6,29.0,4.1,18.0,21.0,13.3,6.1,10.1,27.6,22.4,30.3,29.9,21.2,24.2,14.0,10.0,3.0,7.0,2.0,8.0,23.2,11.5
1772902122.7624893,10.3,22.4,19.4,21.2,7.1,22.4,47.5,42.4,36.7,3.0,21.2,3.1,24.0,24.0,14.1,12.2,26.0,16.2,43.6,36.1,12.2,26.3,3.1,6.1,19.0,9.2,59.6,62.0,5.1,9.1,18.8,21.6,15.3,29.0,13.1,11.1,20.0,15.0,6.2,7.1,19.4,26.0,38.4,36.6,18.2,17.3,13.1,13.1,2.1,4.1,4.0,7.1,17.2,7.1
1772902123.762578,8.4,21.8,24.2,21.0,7.1,24.0,48.0,47.0,30.0,1.0,19.2,2.0,19.0,26.0,22.5,25.0,21.0,23.5,48.5,37.0,13.1,15.2,6.0,4.1,11.1,15.8,57.6,56.0,11.1,5.0,16.3,19.2,23.2,34.7,12.1,4.0,12.1,19.0,10.0,5.1,26.0,21.2,16.2,33.0,11.1,8.2,10.2,13.1,4.0,4.0,5.1,3.1,15.0,8.2
1772902124.765581,11.2,22.2,15.3,28.7,8.1,23.2,39.0,43.4,16.0,19.2,10.0,10.2,18.2,16.0,22.4,21.2,20.0,21.2,34.0,36.0,7.0,25.3,5.1,1.0,14.3,8.1,58.4,56.0,6.1,6.1,14.1,16.3,27.3,33.3,12.1,7.1,13.1,19.2,4.0,9.1,23.0,24.8,34.0,36.4,17.2,14.3,12.0,14.0,8.2,7.0,7.1,4.0,19.2,18.2
1772902125.7663364,15.8,24.8,21.4,24.2,6.1,19.6,40.6,47.5,2.0,27.5,4.0,21.8,17.8,14.1,6.1,4.1,17.2,23.0,38.4,36.4,16.0,14.0,3.0,5.0,20.0,9.0,53.0,59.0,13.9,7.0,20.0,15.2,34.7,19.0,7.0,7.1,7.9,23.0,10.2,2.0,23.0,15.0,25.3,27.5,22.0,19.8,14.0,12.1,15.0,11.0,8.1,20.8,21.4,9.3
1772902126.7672048,20.0,14.0,13.4,17.2,9.0,28.0,41.0,44.4,1.0,29.3,4.1,19.2,28.0,22.0,3.0,4.0,23.8,21.2,44.1,26.0,21.2,8.2,4.1,4.0,12.9,16.0,57.0,60.0,2.0,11.1,18.0,16.0,14.3,20.0,11.2,3.0,18.4,8.0,9.1,3.0,29.0,27.7,31.7,32.3,9.3,8.1,12.9,11.9,4.0,3.1,14.1,16.2,17.2,3.1
1772902127.7696888,24.7,7.1,29.7,9.9,2.1,14.0,41.0,51.0,2.0,22.4,14.0,15.5,27.0,20.0,10.2,10.1,17.3,20.8,29.0,22.0,14.9,8.0,1.0,4.1,11.1,8.2,58.4,54.0,2.0,8.2,16.3,17.0,27.5,22.0,9.0,9.2,22.0,11.0,2.0,9.0,17.2,17.3,25.3,33.0,15.2,14.4,10.3,10.1,8.2,3.1,12.0,19.0,14.9,9.0
1772902128.769783,28.0,8.2,18.4,18.2,14.1,20.4,37.0,40.0,1.0,25.3,15.2,26.0,25.0,22.0,14.1,11.1,19.2,22.2,25.5,24.2,1.0,7.1,4.1,4.0,17.2,5.1,54.5,55.4,6.1,6.1,17.2,12.1,37.6,22.2,7.1,6.1,12.1,16.0,4.1,10.1,29.3,23.2,24.2,19.2,9.2,13.0,11.1,12.1,5.1,3.1,6.1,12.1,22.4,10.4
1772902129.7744267,22.7,17.2,27.3,22.8,23.0,4.0,56.4,35.3,3.0,12.0,19.0,27.7,22.2,27.7,9.9,9.1,18.2,26.0,34.3,30.0,16.0,14.1,7.1,2.0,19.0,11.0,61.4,61.2,10.1,5.1,22.8,18.0,40.4,21.8,12.0,10.2,13.0,19.2,12.2,3.1,25.0,27.3,22.0,30.3,22.4,26.0,11.9,13.1,2.0,7.1,10.9,4.1,14.9,21.4
1772902130.7767162,18.6,19.0,29.0,19.4,25.5,7.0,42.0,44.9,4.0,3.0,3.0,4.0,25.7,23.2,12.2,21.4,23.0,21.0,27.0,32.0,11.0,21.2,7.0,1.0,18.8,18.2,59.6,61.2,14.1,3.0,25.0,19.8,18.2,22.2,10.1,8.0,14.0,21.2,11.1,2.0,27.0,24.5,34.3,26.3,13.1,15.0,19.8,12.9,3.0,5.1,11.1,20.0,14.1,8.1
1772902131.7805796,13.1,9.8,21.2,17.8,25.5,5.0,38.4,44.6,4.0,1.0,6.0,0.0,22.0,24.8,22.5,17.8,4.0,19.8,29.3,26.0,13.7,20.8,4.0,3.0,13.9,10.9,47.1,44.9,7.0,3.0,18.0,19.2,16.7,13.9,8.0,13.9,22.0,21.8,10.1,9.8,28.0,30.0,21.0,26.5,11.0,14.1,12.0,13.0,11.1,2.0,18.8,15.0,11.0,15.2
1772902132.7823217,15.6,6.2,25.3,18.2,10.3,9.0,30.0,32.3,2.0,3.0,2.0,14.1,18.8,24.0,21.2,19.4,14.0,7.0,26.0,20.0,11.1,20.2,4.1,2.0,7.1,18.8,44.4,44.1,4.1,2.0,15.3,19.2,14.4,15.0,13.1,1.0,16.3,18.8,11.2,4.0,16.3,22.2,8.9,27.3,7.1,3.1,11.2,9.2,21.0,0.0,23.0,9.1,12.1,9.2
1772902133.789661,23.8,8.0,17.2,19.2,18.8,2.0,25.0,34.3,4.0,2.0,3.0,21.0,24.2,19.0,15.2,18.0,15.0,12.7,29.1,26.0,12.0,25.7,4.0,0.0,8.1,15.0,59.4,54.5,7.0,3.1,17.0,18.2,36.3,21.8,5.1,15.0,9.9,22.0,6.9,8.1,28.7,13.1,24.0,32.7,16.8,18.8,12.0,13.9,6.0,3.0,21.6,2.0,21.8,14.0
1772902134.7943301,14.3,11.9,13.9,21.8,1.0,21.0,23.0,14.3,4.0,3.0,6.0,22.8,25.0,23.0,11.9,13.0,20.0,17.0,27.6,25.0,15.0,12.0,5.9,1.0,21.6,5.0,49.5,46.5,7.1,7.0,19.0,22.3,37.0,22.4,3.0,14.0,16.8,21.0,8.0,6.1,22.5,22.8,17.2,22.8,16.0,11.0,12.9,13.0,4.1,3.0,21.2,11.0,23.0,17.2
1772902135.7956672,21.6,9.1,16.2,19.0,12.1,26.0,13.0,26.0,1.0,2.0,5.1,20.2,30.0,35.0,13.0,12.1,24.0,17.2,26.0,30.0,15.0,8.0,3.0,3.0,8.1,11.3,44.0,55.0,5.9,4.0,16.8,14.3,28.0,11.9,7.1,2.0,18.2,11.1,8.0,2.0,23.2,28.0,26.3,24.2,10.3,12.2,11.1,11.1,4.0,4.0,14.0,10.1,18.2,6.0
1772902136.7964938,28.0,16.3,25.0,26.3,9.2,23.2,41.8,30.6,5.1,3.0,3.0,21.0,24.5,26.3,18.2,24.0,27.7,18.8,34.3,50.0,21.2,13.0,4.1,3.1,19.0,12.1,49.5,46.5,7.1,6.0,17.2,17.8,27.2,19.2,14.0,10.0,13.0,16.3,9.3,5.1,19.0,24.2,23.0,16.2,15.0,18.2,11.1,12.1,6.1,7.2,22.8,4.1,14.1,4.1
1772902137.7976103,20.0,15.0,24.5,23.8,9.3,29.0,41.0,40.0,2.0,5.1,9.0,17.0,16.2,21.8,23.2,22.0,21.8,23.0,40.4,40.6,15.0,19.2,4.0,6.9,10.1,20.0,54.1,50.0,3.0,13.1,20.2,18.2,30.6,30.0,6.2,10.1,12.2,20.0,14.0,5.1,28.3,34.0,26.3,22.0,13.0,11.9,12.1,13.0,9.2,2.0,16.0,10.1,17.0,20.0
1772902138.797768,15.7,8.0,18.0,19.2,4.0,24.0,33.7,26.3,3.0,2.0,5.1,4.0,24.8,21.8,17.0,16.2,16.3,27.0,33.0,34.0,14.1,21.2,5.0,1.0,18.2,8.0,45.5,23.5,2.0,5.1,15.0,22.2,19.2,25.0,7.1,12.1,18.8,20.2,10.2,6.1,25.0,21.0,6.2,6.1,16.2,13.1,10.0,12.1,3.0,1.0,17.3,15.2,10.2,24.5
1772902139.7991652,20.2,6.1,16.3,30.0,3.0,17.0,33.0,38.6,3.1,2.0,4.0,2.0,21.6,27.0,12.1,12.7,21.0,20.8,32.7,36.6,10.9,20.0,4.0,1.0,9.0,14.1,41.6,38.6,2.0,7.9,20.0,16.8,22.2,19.2,9.0,15.8,11.2,17.8,5.1,11.1,25.7,14.9,9.0,18.2,14.0,15.0,11.1,9.9,5.1,5.0,7.0,17.8,14.0,10.1
1772902140.7994854,21.2,10.2,27.0,20.0,4.0,21.0,44.0,33.0,5.0,3.1,3.0,1.0,22.2,22.2,14.0,12.1,21.0,19.4,21.2,34.3,15.0,3.0,6.1,2.0,6.1,20.0,45.9,48.0,8.0,16.2,15.2,20.0,21.0,16.0,8.1,9.1,21.8,15.0,2.0,13.1,18.2,19.4,20.2,17.2,8.2,7.1,10.9,13.3,5.1,1.0,7.1,11.5,17.2,6.1
1772902141.7999792,16.3,18.0,22.7,27.6,10.3,26.7,46.5,41.0,2.1,1.0,4.1,1.0,24.0,25.0,22.2,17.2,19.8,19.0,27.0,28.0,4.2,6.1,5.1,3.1,7.1,18.2,51.5,54.0,9.0,27.3,17.2,20.2,20.0,38.0,4.0,14.3,18.2,12.0,4.0,10.9,24.2,33.0,37.6,35.4,9.2,25.0,8.2,15.0,3.0,4.1,4.0,6.0,18.0,11.1
1772902142.8034139,20.2,25.0,12.2,25.7,17.2,8.1,45.5,46.0,6.9,2.0,3.0,3.0,19.0,31.7,23.0,21.0,20.0,24.2,35.7,40.0,24.8,9.0,5.1,4.0,20.0,16.0,59.4,58.0,2.0,12.0,17.2,17.0,28.3,29.0,14.1,9.0,16.2,17.3,5.2,6.2,16.2,23.0,29.0,21.2,25.7,14.3,10.9,11.2,3.1,6.0,19.0,13.4,17.2,17.3
1772902143.8067424,20.6,11.0,26.0,18.0,25.7,9.1,44.0,49.0,10.2,8.1,18.2,3.0,20.8,27.3,18.0,17.2,20.0,21.8,39.2,38.0,22.0,10.0,4.0,5.1,11.0,9.2,55.0,61.4,9.2,28.3,18.4,21.0,30.0,25.0,8.2,12.0,13.3,17.0,12.0,4.0,29.0,28.7,31.3,36.0,24.0,18.0,11.1,13.9,4.1,4.0,22.0,11.0,15.0,14.3
1772902144.8069346,20.0,15.3,19.2,22.8,5.1,22.2,38.0,50.0,3.0,4.1,9.2,13.3,28.7,17.0,15.0,12.1,9.1,18.4,40.8,40.0,20.2,11.1,5.1,5.1,7.1,20.0,60.0,60.2,10.1,29.3,19.2,23.5,23.2,18.4,7.1,13.0,16.2,22.2,6.1,10.0,28.3,22.2,24.2,28.0,18.4,10.2,12.1,11.2,5.1,5.2,23.2,9.2,14.0,7.1
1772902145.8073113,20.4,17.2,26.5,27.3,8.2,27.7,38.4,45.5,5.2,2.0,15.0,9.1,25.5,23.0,20.2,24.2,18.4,19.8,37.8,46.9,22.2,10.1,5.1,2.0,9.3,18.0,59.0,59.4,3.1,12.0,16.0,23.0,41.0,32.0,13.1,24.0,16.0,16.8,5.2,9.0,28.0,25.0,25.8,29.0,9.2,14.0,11.1,13.0,2.1,6.1,21.8,7.9,15.2,10.2
1772902146.8099751,25.8,14.0,14.3,29.7,25.0,7.1,37.0,38.0,2.0,3.0,17.0,2.0,24.0,23.0,23.0,23.0,20.2,22.0,39.6,39.0,21.0,12.1,8.0,2.0,11.9,24.5,61.8,57.4,20.0,11.1,21.2,16.0,33.7,27.0,15.2,18.6,16.8,17.2,11.2,9.0,24.2,29.0,23.5,36.6,25.0,21.2,12.0,13.0,3.0,5.1,22.0,5.2,19.0,24.0
1772902147.8129299,10.1,16.2,18.4,24.0,20.2,3.1,40.4,35.0,2.0,3.0,3.0,2.0,21.4,26.5,13.1,16.0,21.8,21.0,35.0,36.4,15.8,16.2,4.0,2.0,3.0,18.4,49.0,48.0,8.1,23.8,19.2,14.1,22.4,21.0,13.1,6.1,26.3,19.2,11.1,4.0,19.0,24.0,24.8,21.4,11.1,14.1,10.1,12.1,3.0,2.0,15.8,18.6,16.3,19.6
1772902148.8160422,13.3,23.5,26.3,21.4,23.2,6.0,34.3,42.0,3.1,3.0,3.1,5.1,24.0,27.0,3.1,4.0,22.8,24.0,41.4,41.2,17.0,14.9,5.0,5.1,9.0,20.0,61.0,58.8,10.1,19.4,17.6,22.2,20.0,28.3,9.1,14.0,22.2,12.0,5.0,10.0,26.7,27.7,39.6,27.0,10.1,8.9,13.0,11.1,3.1,15.0,9.2,18.4,9.1,14.9
1772902149.824678,18.2,4.0,30.0,12.1,27.5,12.9,38.2,46.0,2.0,3.0,9.9,17.8,16.0,16.8,2.0,6.1,17.8,25.5,37.4,34.7,16.8,17.8,4.0,3.0,6.1,20.6,46.5,51.0,8.0,11.9,16.0,18.8,15.7,24.8,5.0,11.1,20.0,18.6,6.1,8.2,21.2,25.0,22.0,34.3,12.7,14.0,12.0,10.8,11.0,7.1,15.8,16.8,6.1,17.0
1772902150.8279607,12.4,18.2,21.0,20.0,18.4,1.0,32.3,45.0,0.0,2.0,4.0,22.0,13.0,13.0,3.0,11.0,28.0,16.3,38.4,30.6,19.4,14.3,5.1,0.0,9.2,13.0,41.4,53.0,19.4,10.1,17.2,20.6,20.0,20.0,13.0,5.0,19.0,13.0,12.1,6.9,15.8,29.0,13.0,26.3,4.1,8.1,13.0,11.0,1.0,2.0,10.9,22.2,19.4,6.1
1772902151.828188,15.5,16.0,24.5,26.0,23.0,2.1,48.5,40.0,5.0,3.0,9.9,17.0,13.0,14.1,13.1,13.4,18.2,8.9,32.3,25.7,24.0,8.0,5.1,2.0,10.0,18.2,57.4,57.6,23.0,22.0,16.3,19.2,37.0,28.0,5.1,10.1,20.2,12.2,12.1,3.0,26.5,19.2,28.0,25.5,16.2,13.3,11.2,14.0,5.1,6.1,19.4,10.1,8.0,31.3
1772902152.8282728,27.3,17.0,23.8,21.0,15.2,23.5,39.0,52.5,2.0,5.1,20.2,2.0,26.0,24.2,11.0,12.0,13.0,12.1,23.2,27.6,11.1,1.0,7.0,2.0,15.2,21.2,62.0,60.4,34.0,17.0,19.0,18.4,32.0,22.7,11.0,11.1,25.0,8.2,4.0,10.2,30.7,28.0,39.0,33.3,23.2,23.2,10.1,12.1,3.0,6.0,8.0,7.1,11.1,23.2
1772902153.8299665,13.0,21.0,17.3,11.1,3.1,19.4,32.7,47.0,2.0,2.0,23.8,6.9,24.0,20.8,3.0,4.0,7.0,12.1,12.2,20.0,10.1,6.9,6.1,1.0,17.0,3.0,58.6,51.0,19.4,16.2,17.2,14.0,28.3,16.8,11.0,3.1,23.0,5.9,7.1,3.0,20.2,15.2,23.0,30.6,9.1,7.9,13.9,8.2,3.0,3.1,8.2,4.1,6.9,12.2
1772902154.8373406,10.4,22.0,23.5,18.0,17.0,16.8,29.3,33.3,4.0,3.0,20.2,18.2,30.7,22.3,14.0,20.0,14.3,7.1,33.3,27.3,21.0,9.9,6.0,4.0,15.8,8.9,54.5,57.0,10.8,31.0,16.8,19.0,23.0,17.2,18.0,4.0,13.9,18.0,8.0,10.2,29.4,21.8,32.7,28.0,13.1,21.4,14.0,11.9,2.0,5.1,22.5,7.1,13.1,11.0
1772902155.8403971,10.9,13.9,20.8,18.0,7.1,27.5,37.3,29.0,2.0,2.0,7.1,17.2,23.8,22.0,20.0,24.0,16.2,10.0,25.3,18.0,23.2,8.1,3.0,2.0,18.2,5.0,41.0,38.4,7.1,8.1,21.2,14.0,24.0,27.0,12.0,7.0,17.2,18.2,8.1,9.0,19.2,25.3,16.2,10.0,16.0,14.1,10.2,11.1,0.0,3.0,21.0,11.2,25.3,15.2
1772902156.8406384,15.6,27.3,26.3,23.8,3.1,17.3,31.6,36.6,5.1,3.0,11.2,12.0,20.2,27.7,20.2,17.2,24.0,19.0,40.0,35.7,22.0,7.1,5.1,5.0,17.0,17.2,51.5,51.0,11.1,39.0,19.0,22.0,28.0,36.0,5.1,17.5,15.0,16.8,5.0,10.1,20.4,23.8,16.2,23.2,15.2,23.2,12.0,12.1,5.1,5.0,11.2,20.8,9.2,21.0
1772902157.8407292,23.7,8.1,13.4,19.2,15.0,24.8,28.3,33.3,2.1,3.0,16.2,6.1,16.2,26.3,13.0,12.1,22.0,17.2,30.0,38.4,26.7,2.0,2.0,5.1,15.2,6.0,39.4,45.1,5.0,16.2,17.2,12.1,17.5,24.3,6.1,8.9,5.0,18.4,8.2,4.0,29.0,21.0,39.0,30.0,20.2,19.2,9.2,13.9,4.0,3.1,4.1,24.2,10.1,4.1
1772902158.842649,24.5,6.1,15.3,26.0,16.3,3.1,29.0,29.4,3.0,2.0,12.9,3.0,28.0,31.0,14.0,18.2,20.0,19.2,38.0,40.6,18.2,11.0,2.0,7.0,16.0,8.0,45.1,50.5,8.1,28.0,13.1,17.0,20.8,24.2,3.0,11.0,13.0,15.2,6.0,6.1,19.8,19.4,36.6,25.0,10.9,6.1,11.1,12.0,4.1,4.0,8.1,21.8,7.1,16.0
1772902159.843251,27.7,7.0,19.4,9.2,10.2,22.8,33.7,31.3,3.0,3.0,2.0,2.0,32.0,27.6,25.3,20.8,16.0,18.0,38.0,37.0,9.1,16.0,2.0,6.1,11.0,12.2,53.0,41.8,27.3,8.2,14.3,18.2,23.0,30.7,14.1,3.0,18.0,11.0,4.1,6.1,27.3,20.8,31.0,28.3,17.2,30.3,11.9,11.1,3.0,4.0,8.1,5.1,14.1,18.2
1772902160.8436692,31.6,7.2,37.4,17.3,18.6,12.1,52.5,35.4,2.1,4.1,4.0,23.0,25.3,24.8,22.4,20.2,18.4,10.3,43.4,34.7,16.2,17.3,4.1,6.1,21.0,13.1,52.0,53.5,36.0,12.0,19.2,17.2,28.3,38.1,4.0,12.2,19.0,11.3,6.1,9.0,22.0,31.3,35.0,34.3,14.6,16.2,9.3,13.3,3.0,4.1,5.1,7.1,20.4,15.3
1772902161.8437605,28.3,12.1,28.3,16.0,12.2,27.0,37.8,52.5,4.0,3.1,3.0,22.2,22.0,28.0,14.0,13.1,23.8,20.0,40.0,43.0,15.0,17.2,5.1,4.0,19.0,7.1,60.4,64.6,18.2,2.0,33.0,22.0,21.2,24.0,13.1,10.2,23.2,13.0,11.1,2.1,28.0,25.3,34.3,27.3,13.1,19.0,12.0,13.1,2.1,4.1,2.0,10.1,13.1,7.1
1772902162.8473604,27.5,6.1,17.8,24.0,3.0,20.8,46.1,46.5,3.0,3.0,0.0,22.5,19.8,13.3,21.8,18.0,22.2,20.0,37.8,38.6,10.1,19.0,2.0,6.1,10.1,15.0,56.0,59.4,11.0,2.0,18.2,19.2,21.0,29.7,4.0,9.1,17.0,12.0,9.0,2.0,24.0,27.7,29.7,39.0,9.2,13.0,10.1,12.1,5.1,25.3,6.1,6.2,16.8,14.3
1772902163.8474429,16.5,19.0,29.3,17.0,10.2,25.3,50.0,37.4,2.1,2.0,3.0,20.4,16.3,23.0,24.5,24.0,26.7,17.0,47.5,34.0,9.1,13.1,4.0,4.1,13.1,11.3,57.0,61.2,11.2,3.0,17.0,18.2,28.3,38.0,13.4,10.0,10.2,22.0,10.2,3.0,28.3,31.0,33.7,34.7,18.0,27.3,12.1,12.1,5.1,20.2,4.1,20.2,20.6,15.5
1772902164.8507102,17.5,22.2,28.6,16.2,4.1,22.0,37.4,48.5,5.1,3.0,2.0,21.0,19.8,25.0,20.0,17.3,25.3,17.8,28.7,31.0,6.1,10.1,5.1,3.0,17.0,15.8,59.0,58.8,16.0,8.0,20.2,17.0,20.4,34.0,13.0,9.0,13.1,16.3,6.1,4.1,28.7,22.4,22.2,19.8,21.0,13.3,12.0,14.0,3.0,4.0,18.8,19.2,20.2,9.1
1772902165.8527105,12.4,22.0,18.4,19.0,15.0,22.8,45.0,46.0,2.0,4.1,1.0,22.5,19.8,30.7,13.1,13.9,16.8,25.7,35.0,39.4,8.0,20.8,5.0,4.0,12.1,10.2,58.0,56.4,30.6,10.1,17.0,16.2,22.8,23.8,7.1,8.2,14.9,19.0,9.0,4.1,28.0,20.0,29.0,27.7,16.0,12.0,12.1,12.0,2.0,6.0,9.2,20.0,8.1,6.2
1772902166.8530192,10.4,22.0,21.4,20.4,11.3,18.0,37.4,48.0,3.1,6.9,10.1,9.1,21.4,27.3,20.8,24.8,26.3,12.2,38.4,35.7,21.4,10.1,4.1,5.1,12.1,16.0,60.8,54.1,29.0,9.1,20.0,14.3,21.8,27.0,11.1,9.2,13.0,20.0,7.1,4.1,30.3,22.2,16.0,16.5,16.3,9.1,13.0,11.2,4.0,4.0,13.1,16.3,17.3,16.0
1772902167.8548987,21.4,14.7,26.3,24.8,10.1,21.2,43.4,39.0,3.0,4.1,3.1,2.0,24.5,25.0,21.4,21.4,24.8,16.0,36.0,39.0,20.2,9.1,2.0,5.1,17.2,14.3,61.6,55.4,25.0,10.1,18.2,17.0,30.6,34.7,6.9,8.0,9.1,19.0,5.1,8.1,19.4,22.0,27.3,27.7,22.2,16.2,13.0,11.0,4.0,3.1,7.1,20.8,14.1,22.2
1772902168.8588836,24.5,16.3,24.0,18.0,16.2,19.0,47.0,39.0,6.9,5.0,4.0,3.0,19.0,25.7,17.8,17.8,24.0,19.2,46.5,35.0,23.0,7.0,6.9,2.1,11.2,15.8,57.6,59.0,37.0,14.0,19.0,16.2,19.2,31.3,8.2,14.0,10.1,24.0,7.1,7.1,25.7,27.0,15.2,24.0,18.2,13.1,11.1,13.0,7.1,5.1,5.1,6.1,9.2,15.2
1772902169.8611538,12.5,20.8,19.6,24.2,8.1,15.0,48.5,45.0,1.0,9.1,4.1,2.0,20.2,22.2,14.0,13.1,23.0,19.8,36.0,42.0,22.8,10.1,3.1,4.0,19.0,7.0,60.8,54.5,23.8,7.2,19.4,17.2,23.0,21.0,8.0,7.1,17.2,12.2,7.0,8.1,18.2,25.0,38.6,40.4,10.3,11.2,10.1,13.0,15.2,10.1,3.0,18.2,7.0,13.1
1772902170.8641381,13.1,24.2,25.3,17.0,9.2,28.7,45.5,41.0,3.0,5.1,5.0,2.0,23.0,24.8,21.0,23.0,24.2,17.2,37.0,40.0,19.2,19.0,9.0,2.0,7.1,18.0,60.4,60.8,7.1,6.1,18.0,20.6,24.2,30.0,10.1,11.1,21.0,11.0,4.0,10.1,27.0,29.7,28.3,26.0,7.1,22.0,13.9,12.9,22.0,4.0,3.1,24.0,24.2,16.2
1772902171.8661132,12.5,21.2,25.5,24.0,17.3,10.2,41.6,38.4,2.1,5.0,2.1,12.0,22.4,26.3,12.1,14.1,19.0,17.0,27.3,37.0,11.3,19.0,3.1,6.1,13.3,22.2,66.0,58.0,5.1,9.1,18.4,16.2,31.0,32.0,8.2,10.1,14.1,17.0,2.1,12.1,20.4,22.2,33.7,40.8,23.8,19.2,9.2,12.1,18.2,4.1,6.1,24.8,23.2,13.4
1772902172.869006,26.5,14.0,17.5,27.0,26.3,11.0,28.6,35.4,5.1,2.0,10.1,14.1,23.0,30.7,3.1,5.1,9.2,18.2,35.4,24.2,19.0,12.1,5.1,4.1,10.1,16.2,62.0,57.0,5.1,8.2,23.8,14.0,23.8,24.8,12.2,13.0,19.2,14.0,6.1,9.2,28.7,33.3,20.4,22.0,13.3,15.2,14.0,11.1,16.0,6.1,5.1,22.2,7.1,13.0
1772902173.8750608,27.0,7.0,22.2,19.0,23.0,5.0,30.7,33.0,5.0,2.0,15.3,19.0,16.8,21.0,4.0,4.0,17.0,19.0,28.0,31.4,15.0,12.0,5.0,4.0,9.0,16.0,57.4,56.4,12.0,2.0,18.0,17.0,15.2,25.0,8.1,5.0,18.8,12.1,10.0,4.0,19.0,23.0,24.8,25.7,9.0,7.1,12.9,11.0,3.0,5.0,5.9,22.8,14.9,4.0
1772902174.8761642,23.5,5.1,23.2,16.2,19.0,6.1,41.0,35.6,4.0,3.0,17.0,21.2,14.1,15.0,12.0,13.1,25.7,20.8,29.6,29.0,17.2,13.3,6.1,2.0,16.3,6.9,55.6,54.5,11.1,3.0,17.2,17.3,33.3,25.0,9.2,9.1,20.0,12.1,8.2,3.1,23.0,22.2,24.2,25.0,23.5,17.3,12.0,14.1,6.9,5.1,15.2,26.3,16.0,22.0
1772902175.878067,16.7,16.3,24.0,24.2,30.0,11.9,21.2,44.4,4.0,3.1,4.1,9.0,23.0,24.0,11.1,13.3,17.0,24.2,29.7,27.6,10.0,13.1,3.1,4.0,20.6,7.1,49.5,42.6,7.1,5.1,17.8,15.2,34.7,26.5,7.9,9.1,17.0,19.8,7.1,5.1,24.0,28.7,36.0,30.0,24.2,22.2,13.0,12.0,9.2,8.1,12.0,15.2,19.4,15.6
1772902176.880746,13.4,22.3,20.4,17.8,18.4,1.0,21.2,40.2,1.0,4.0,3.0,0.0,25.7,26.0,14.7,18.0,22.0,18.0,32.7,30.0,3.0,11.0,3.0,6.0,9.1,19.4,49.0,46.0,3.0,10.2,18.2,15.0,18.2,23.0,5.2,11.0,17.2,32.3,5.9,18.8,21.2,19.8,25.7,37.4,20.8,17.8,12.0,10.0,4.0,4.0,8.1,7.9,10.0,13.3
1772902177.8819687,23.7,11.3,24.2,19.2,17.0,18.2,34.3,36.4,3.1,3.0,11.1,13.9,32.0,40.4,14.1,12.1,28.7,17.2,27.0,34.3,9.0,22.4,6.1,2.0,8.2,17.8,54.5,50.0,3.1,9.1,16.5,22.0,13.1,29.3,19.0,3.0,10.1,19.0,6.1,9.2,33.0,28.6,29.0,29.7,7.1,16.3,12.1,11.1,4.0,5.1,4.0,3.1,17.2,4.0
1772902178.8843749,30.4,7.1,17.3,22.4,7.0,24.0,54.5,49.0,4.0,2.0,3.0,21.0,23.2,26.0,20.0,22.0,20.2,19.8,44.0,34.0,19.0,12.9,6.0,3.0,6.1,16.0,45.0,51.5,2.0,11.0,19.0,16.0,37.3,21.8,11.1,5.1,14.1,16.2,6.1,6.1,25.0,15.8,34.7,36.0,20.8,28.0,11.1,12.1,3.0,4.0,3.0,5.0,18.2,16.2
1772902179.8849933,21.2,15.3,22.4,21.8,17.5,11.1,46.5,40.0,3.1,3.1,2.1,22.0,21.0,27.7,23.2,22.8,18.0,20.4,37.0,40.4,23.2,9.0,2.1,5.1,14.1,19.2,55.6,55.6,6.2,6.2,21.2,14.1,33.3,30.6,8.2,13.4,17.2,11.1,6.1,9.1,29.3,28.3,35.7,30.0,14.4,17.5,14.1,11.0,3.0,5.1,6.1,3.1,21.4,14.3
1772902180.8857498,25.5,14.3,26.3,24.5,25.0,8.1,42.0,42.4,2.0,2.0,1.0,22.0,23.0,29.0,17.0,18.4,20.2,21.0,39.0,43.0,21.0,11.1,3.0,7.0,17.0,7.1,59.6,56.9,5.1,9.0,18.0,17.0,32.3,15.0,8.2,13.1,20.8,11.1,5.1,8.2,22.2,24.2,33.3,30.6,15.2,19.0,11.1,10.2,4.1,6.1,8.0,5.2,13.3,12.1
1772902181.8895965,17.5,15.0,24.2,22.0,23.2,7.1,51.0,42.6,2.0,7.1,3.0,21.2,24.8,28.7,13.0,14.0,19.0,24.0,43.0,37.0,23.0,8.1,3.1,6.1,7.1,18.8,63.4,57.0,10.1,6.1,22.0,18.2,21.8,29.0,5.1,14.0,24.0,13.1,7.1,9.0,28.3,32.3,38.4,35.6,8.0,13.9,13.1,11.9,3.1,7.1,21.0,13.0,18.0,14.1
1772902182.8909514,27.5,7.1,20.4,20.2,11.0,25.3,41.0,48.0,2.0,3.1,10.3,12.0,18.2,27.0,24.2,21.0,22.8,15.0,41.4,35.4,15.2,14.1,4.1,17.2,7.1,13.4,53.5,54.5,3.1,9.2,16.2,17.0,18.4,38.0,10.1,8.2,10.1,19.0,6.0,5.1,17.8,23.0,29.3,27.3,25.5,21.4,19.0,13.3,5.0,3.1,14.1,13.4,14.1,20.8
1772902183.8920963,26.3,11.1,28.3,18.4,3.1,19.0,35.0,33.3,3.0,4.0,17.0,6.0,27.7,25.0,23.0,21.0,8.2,18.2,33.3,42.0,9.2,20.2,5.1,27.3,18.0,27.7,64.6,57.4,8.1,8.1,18.4,20.2,35.0,32.0,5.1,10.1,10.2,17.2,4.1,7.1,23.2,22.0,33.0,33.0,15.3,16.2,11.2,13.0,3.1,4.0,22.0,12.1,14.3,19.6
1772902184.8934689,24.0,23.0,22.9,19.8,9.1,29.0,39.4,36.0,1.0,3.0,10.2,11.2,24.2,19.8,17.0,16.3,17.8,17.0,38.0,36.4,21.0,10.1,7.0,17.0,15.2,24.2,57.8,51.5,9.2,4.0,17.8,15.2,23.0,14.3,15.2,6.1,13.9,19.8,4.0,9.0,22.5,29.0,23.0,19.0,14.0,13.0,11.9,12.9,3.0,5.0,13.1,7.1,12.0,5.1
1772902185.893715,8.4,24.0,32.3,36.4,16.3,9.2,43.0,42.0,6.1,2.0,14.0,11.1,21.4,22.2,13.1,13.0,20.4,26.0,39.0,42.4,12.1,18.2,5.2,9.2,19.0,7.1,58.2,59.6,2.0,8.2,18.2,15.0,23.0,21.0,9.2,7.1,14.3,18.4,5.1,8.1,19.6,26.3,17.3,19.2,6.1,4.1,9.2,11.1,5.1,3.1,5.1,8.2,9.2,13.1
1772902186.8942955,10.3,23.0,17.2,19.0,24.2,32.3,42.0,49.0,8.2,2.0,20.4,1.0,24.8,20.0,18.2,20.0,24.2,15.8,39.4,38.4,21.0,11.9,2.0,6.1,7.1,17.0,58.6,56.0,7.1,7.1,16.3,14.3,20.0,37.0,11.0,8.1,13.1,25.0,2.0,8.2,27.0,23.0,34.7,41.0,32.7,19.2,11.1,9.1,2.1,4.0,19.2,5.1,17.2,14.4
1772902187.8944137,22.2,8.2,25.8,12.1,26.3,22.2,40.4,44.4,10.1,2.0,3.0,2.0,17.3,17.0,23.0,22.2,17.0,26.3,29.9,38.4,3.0,8.2,6.1,2.0,19.6,13.0,53.5,60.0,7.9,3.1,21.0,14.3,22.4,41.4,4.1,12.1,9.1,16.2,6.1,5.1,25.3,13.0,27.7,31.3,13.3,11.3,9.2,14.1,8.0,5.1,22.0,10.2,22.0,14.4
1772902188.900211,32.7,9.0,21.2,17.2,19.2,5.9,45.1,40.6,36.6,1.0,16.0,4.0,24.0,22.8,18.0,20.0,25.7,20.8,36.3,29.0,10.1,9.0,3.1,7.1,12.0,10.1,65.3,61.0,11.1,5.0,17.0,21.6,8.0,35.3,11.0,12.0,15.8,15.2,9.0,4.1,34.7,32.0,38.6,35.3,17.0,19.8,11.9,10.1,16.2,7.1,11.8,22.8,6.1,17.6
1772902189.9002979,16.5,17.2,26.5,23.0,23.5,16.2,40.4,47.0,35.7,2.0,2.1,21.4,29.4,23.5,13.1,14.1,12.2,32.0,35.4,27.6,22.2,12.0,9.0,2.0,19.0,8.2,62.0,57.4,11.2,4.1,17.5,18.4,21.2,28.3,6.1,10.2,17.2,20.2,6.2,12.9,22.2,24.2,32.3,35.4,11.1,7.1,15.0,12.0,5.1,2.1,6.1,24.0,17.2,7.2
1772902190.9004552,25.5,16.0,17.2,27.3,13.3,17.2,48.0,45.0,35.0,3.0,3.0,22.0,23.0,27.5,22.8,20.8,20.2,22.0,43.0,38.0,22.0,7.1,6.1,4.0,9.1,16.2,57.0,58.0,2.0,10.1,15.2,16.2,30.0,33.7,11.0,11.1,25.3,8.1,8.1,9.1,23.8,28.3,32.7,32.3,24.0,20.4,11.1,11.1,4.0,6.1,4.1,24.0,21.0,17.2
1772902191.9025626,23.2,12.2,29.0,21.8,25.0,10.1,42.0,46.0,36.3,8.0,9.3,15.2,27.0,19.0,20.2,23.0,17.0,18.8,31.4,36.3,20.0,4.1,4.0,4.0,12.2,19.0,59.0,60.0,4.0,10.0,16.0,16.2,23.2,40.4,8.2,5.1,22.8,9.1,4.0,8.1,23.0,20.8,31.0,34.7,12.5,16.2,9.9,12.9,5.0,3.0,12.1,17.0,16.3,18.2
1772902192.9029005,24.0,18.0,22.4,20.6,5.1,18.2,35.4,28.0,31.6,3.1,21.2,15.2,24.2,26.3,17.2,16.5,20.4,26.3,27.6,29.6,23.0,8.1,6.1,2.1,18.2,10.0,58.0,56.0,5.2,7.1,16.2,19.2,26.3,15.3,15.2,8.1,20.0,15.3,3.1,9.3,28.6,22.4,25.3,36.7,13.1,5.1,12.1,13.3,3.1,4.1,19.0,10.2,14.1,2.1
1772902193.905899,21.0,13.0,20.2,20.8,13.1,30.0,34.3,30.0,16.2,4.0,19.0,18.0,22.2,22.8,6.0,4.0,19.6,25.0,27.0,30.0,20.8,11.0,5.1,6.9,16.0,14.0,54.0,52.0,7.0,5.1,25.0,21.8,26.0,22.0,17.0,3.1,19.2,13.0,2.0,10.0,30.4,25.5,34.3,30.4,14.1,16.8,13.9,14.0,4.0,3.0,18.2,13.0,18.0,11.0
1772902194.9070368,11.2,22.8,18.4,24.5,22.4,12.1,36.0,42.4,5.1,4.1,19.4,4.1,26.7,25.0,11.1,15.0,27.3,19.0,38.0,26.3,22.0,14.1,6.1,7.0,18.2,8.2,50.5,51.0,9.1,9.1,21.2,15.5,20.2,40.0,13.3,9.2,22.2,11.2,10.2,5.2,25.5,15.0,28.3,31.0,31.0,43.9,12.1,27.3,4.1,4.1,19.0,13.3,20.4,20.0
1772902195.9085226,26.0,8.2,25.5,20.8,27.0,33.3,39.0,40.0,3.0,8.2,8.0,15.0,23.2,24.2,12.2,12.2,13.1,14.3,26.5,35.0,12.1,20.0,7.0,3.1,14.4,9.0,52.5,48.5,11.1,2.0,17.2,17.0,37.0,23.0,5.1,10.1,17.8,12.9,7.1,11.2,33.0,28.3,37.0,41.8,18.2,23.2,11.1,11.0,4.0,5.1,10.0,17.2,16.0,18.6
1772902196.9103596,24.7,7.9,19.0,23.2,17.3,2.0,28.7,21.2,6.0,5.0,11.0,12.0,24.8,25.0,7.9,8.0,6.1,13.7,35.6,26.7,16.8,9.9,4.1,4.0,16.0,14.1,45.5,45.5,8.2,4.0,17.8,17.2,20.8,16.8,12.9,5.1,16.2,15.0,7.1,17.2,24.0,15.8,28.0,22.8,10.0,6.0,10.9,10.9,4.0,5.0,3.0,4.1,2.0,14.9
1772902197.910438,24.0,18.4,27.3,17.0,24.0,9.1,34.3,30.6,9.0,3.1,9.2,14.1,31.6,34.7,3.1,7.1,30.0,16.2,34.0,41.4,16.5,16.2,5.1,4.1,15.2,15.0,51.5,48.0,8.1,8.0,16.2,19.4,32.3,12.1,10.2,9.2,12.2,16.3,9.2,6.1,24.8,24.5,27.3,20.0,9.1,10.4,11.1,13.3,4.1,3.1,6.1,10.3,9.1,15.3
1772902198.9113526,11.1,21.6,26.5,18.2,10.3,24.0,43.6,43.1,6.1,5.1,19.0,4.0,19.2,16.0,17.8,25.3,17.2,28.0,39.6,40.4,17.2,13.1,3.1,6.1,14.1,13.3,60.0,60.0,7.1,7.1,19.2,20.2,42.6,19.2,10.1,14.0,17.2,22.8,13.1,3.1,28.0,28.7,36.4,27.0,21.2,19.0,12.2,9.0,3.1,6.0,23.0,10.0,19.0,17.3
1772902199.913368,10.2,25.3,26.0,23.2,15.2,7.1,50.0,52.0,5.0,4.0,7.1,2.0,22.0,23.2,23.5,22.2,17.2,29.3,40.4,42.0,19.4,10.2,9.1,3.0,19.4,8.1,60.0,61.6,6.2,10.2,19.4,19.2,42.0,24.2,11.1,7.2,16.8,15.0,6.2,9.0,22.2,23.5,29.0,33.3,17.3,17.7,12.1,13.1,4.1,3.1,23.0,9.2,20.4,17.3
1772902200.913446,11.5,23.2,24.7,25.0,26.0,11.1,37.0,53.5,2.0,6.1,4.0,10.2,23.0,27.5,18.0,18.0,30.0,13.1,33.3,41.0,6.0,8.1,4.0,3.1,15.2,19.2,56.0,64.0,6.1,7.1,16.8,18.0,16.2,24.0,9.1,13.9,12.0,20.4,12.0,3.1,33.0,32.0,34.0,35.0,15.3,15.0,12.9,11.1,6.0,5.1,22.0,6.1,4.0,19.8
1772902201.9135394,14.4,22.0,19.2,16.0,17.0,6.0,43.4,36.4,3.0,2.0,20.4,6.0,22.0,26.0,13.3,13.0,23.0,18.0,38.0,27.3,9.9,17.2,3.1,5.0,7.1,15.0,58.6,53.0,5.1,5.1,15.2,14.1,20.0,29.3,6.1,5.1,8.1,17.0,7.1,3.1,25.3,15.0,26.0,28.3,10.1,6.1,13.0,13.0,2.0,2.0,22.2,6.1,6.1,14.3
1772902202.913622,19.4,14.1,25.3,23.0,27.3,11.0,41.6,47.5,4.1,3.1,23.0,5.1,28.0,21.8,23.8,18.4,24.0,18.0,29.6,33.3,22.4,10.0,9.0,4.1,19.4,9.0,58.0,63.6,6.0,11.2,18.2,15.2,30.6,28.3,8.2,19.6,11.2,23.5,6.0,11.1,25.5,29.6,34.3,37.0,22.2,22.2,10.1,12.2,4.1,5.1,22.8,13.0,20.4,19.4
1772902203.9156682,30.7,7.1,24.7,16.8,21.0,6.1,47.5,46.5,3.0,4.0,21.0,5.0,24.0,26.0,22.8,21.8,15.0,4.0,33.7,44.6,22.0,8.2,4.0,4.0,13.0,7.1,56.0,56.4,4.0,8.9,16.0,15.3,30.7,28.3,4.0,9.1,11.0,17.0,7.1,5.2,23.0,23.8,21.2,32.3,16.0,17.0,11.1,11.0,4.0,3.1,21.0,4.1,20.0,16.3
1772902204.9177024,12.2,21.8,20.0,15.3,24.0,3.1,40.6,26.3,15.0,2.0,22.8,1.0,21.2,25.0,16.2,17.2,10.1,8.0,36.3,36.4,21.2,8.9,2.0,5.0,14.0,14.1,57.0,57.4,8.2,1.0,16.0,16.0,9.0,26.0,6.1,5.1,6.1,18.0,7.1,4.0,24.2,20.0,31.7,30.4,12.0,15.8,11.2,8.1,2.0,4.0,8.9,14.1,7.1,10.1
1772902205.918902,21.9,18.2,20.6,21.0,26.8,9.9,35.3,29.0,15.2,2.0,18.2,8.2,29.4,22.2,13.0,13.3,15.2,9.1,42.0,32.0,21.8,10.1,19.2,4.1,21.0,11.0,57.0,60.0,7.1,7.1,16.2,16.2,19.0,25.0,12.0,12.2,16.2,16.2,4.0,9.3,28.0,27.0,23.2,28.3,5.1,8.1,11.1,15.2,4.1,2.1,14.3,23.0,11.0,9.1
1772902206.9195187,9.4,24.5,23.2,20.8,6.1,14.3,35.4,31.0,5.1,3.0,7.1,17.0,25.3,25.7,20.2,20.2,6.1,18.2,30.6,48.0,16.5,12.1,19.6,21.8,17.2,8.1,60.4,64.0,2.1,11.1,21.8,22.8,36.7,22.2,7.3,10.2,18.0,18.0,4.1,8.1,26.3,13.3,40.6,37.4,29.3,23.5,10.2,12.9,4.1,3.1,15.0,16.3,16.0,19.4
1772902207.9223394,11.0,24.0,21.0,22.0,19.2,22.2,41.0,30.7,2.0,3.0,7.1,16.2,23.0,23.0,22.0,23.8,13.1,13.0,33.7,40.4,18.0,10.1,6.0,27.3,11.0,16.8,55.6,54.9,10.1,4.0,13.3,18.0,34.7,30.6,9.1,7.0,21.2,9.1,4.1,8.1,27.0,31.0,26.0,26.0,12.4,13.4,12.1,11.2,7.0,20.0,17.8,13.1,18.2,15.3
1772902208.9224243,18.6,15.0,24.5,27.6,21.2,6.1,39.4,34.3,6.2,4.0,11.2,11.2,22.4,26.5,16.2,17.2,18.0,23.2,38.0,39.0,13.1,17.3,22.2,17.2,12.2,19.4,54.5,61.9,8.2,4.1,18.2,18.2,22.2,23.2,12.1,7.1,17.3,13.1,8.1,5.1,15.3,27.5,33.3,24.2,16.2,18.2,12.0,10.1,3.1,12.1,6.1,18.2,16.3,6.1
1772902209.9274406,26.5,15.3,27.3,14.9,26.0,11.2,44.6,41.6,2.0,5.1,5.1,21.0,22.0,26.0,13.0,15.0,20.2,27.0,40.4,39.8,11.1,15.2,26.0,6.9,11.0,13.1,58.4,63.4,23.0,10.1,17.3,19.0,24.0,19.8,5.0,15.3,14.0,20.8,5.1,11.0,29.7,29.3,13.1,26.0,6.1,6.1,9.2,13.0,7.0,3.0,9.0,3.1,15.0,3.1
1772902210.9277596,20.4,19.8,19.4,28.3,24.0,9.1,44.4,46.9,2.0,22.7,8.2,6.1,28.0,20.4,24.2,20.4,27.0,20.8,45.0,39.0,23.2,8.1,5.2,4.1,14.1,13.1,63.0,60.0,8.2,9.0,22.8,22.0,40.0,30.0,10.2,12.0,14.1,20.2,7.1,7.1,21.2,29.7,38.6,34.0,26.0,24.2,14.1,14.0,6.1,2.0,14.1,13.0,19.4,17.0
1772902211.929196,13.1,22.0,28.0,21.2,24.5,6.9,38.6,44.0,4.0,33.0,12.1,3.1,17.8,14.0,22.2,24.0,16.2,20.2,35.4,35.7,3.1,12.1,7.0,2.0,11.1,16.0,57.8,57.4,2.0,11.0,19.2,16.2,30.3,30.6,5.1,13.0,15.8,16.8,6.1,9.3,33.0,24.2,30.6,31.0,18.2,17.5,10.1,13.1,3.0,6.1,14.0,20.0,13.1,23.2
1772902212.9316995,11.5,20.6,22.2,19.8,10.1,24.0,18.0,41.6,15.2,10.1,21.8,12.0,22.0,21.0,15.0,17.0,14.1,12.0,27.3,28.0,7.9,15.2,4.0,6.0,6.1,18.2,50.0,50.0,5.0,9.2,19.2,15.2,17.8,22.8,2.1,11.1,15.8,19.2,9.0,6.0,15.0,25.7,38.8,29.7,20.0,13.0,10.9,13.0,3.9,5.1,7.0,24.0,13.1,14.6
1772902213.932447,22.4,10.1,17.0,24.0,16.0,8.0,24.5,24.5,27.3,2.0,17.2,21.4,21.0,26.0,13.1,12.1,22.2,15.2,18.0,18.8,21.2,13.0,6.1,5.1,17.0,20.4,46.0,50.5,6.1,8.1,15.0,19.0,19.4,25.0,13.1,9.1,11.2,16.2,7.1,8.2,21.0,20.4,31.6,28.0,18.2,16.2,11.1,11.1,5.1,3.0,16.0,15.3,13.1,8.1
1772902214.9358952,20.2,23.0,25.0,22.2,22.0,12.1,31.0,26.3,35.3,3.0,13.9,11.0,27.7,22.8,17.0,17.8,20.6,25.7,27.7,18.2,21.0,10.9,2.0,6.2,19.0,7.1,51.5,51.0,11.0,5.1,18.2,14.1,29.7,23.0,6.1,11.2,13.0,20.0,5.1,12.1,33.0,25.0,31.0,30.3,28.0,21.0,9.2,13.9,7.1,4.0,21.8,5.1,18.8,10.9
1772902215.936916,15.3,21.2,23.0,23.5,6.1,24.0,26.5,43.4,34.3,2.0,23.0,4.1,24.2,26.5,15.0,12.2,23.2,22.2,32.3,27.6,22.2,9.3,7.1,3.0,18.4,8.0,61.0,46.0,6.1,9.9,19.2,20.2,36.0,27.8,16.2,9.1,16.2,17.3,6.2,9.1,26.3,22.2,37.6,32.0,28.3,25.0,13.0,12.2,5.1,2.1,17.2,14.1,20.4,14.6
1772902216.9370027,10.1,23.0,27.8,26.7,11.5,20.0,39.4,48.5,35.4,3.0,20.0,4.1,31.0,21.2,8.2,10.3,25.0,23.2,37.8,30.0,20.2,11.0,3.1,6.1,22.0,6.2,50.0,50.5,5.1,15.2,20.0,17.2,26.3,26.0,12.1,5.1,14.1,21.4,9.0,11.1,27.0,29.3,25.5,21.4,12.2,14.4,12.0,13.1,4.1,5.1,16.2,10.2,19.4,15.3
1772902217.9444335,16.2,20.8,15.0,28.7,14.1,17.0,43.1,50.0,38.4,2.0,7.0,8.9,33.7,32.7,6.0,5.0,21.0,24.8,38.6,41.4,20.8,10.0,4.0,5.0,20.0,16.0,61.8,63.0,4.0,12.2,16.2,19.0,19.0,28.0,12.0,9.1,20.6,14.9,6.1,10.9,23.0,33.0,21.8,24.0,13.0,16.7,12.0,11.1,6.0,3.1,16.2,13.0,13.1,6.1
1772902218.9458222,25.3,18.4,21.4,24.2,8.2,27.0,43.0,46.0,33.0,9.0,3.1,1.0,32.0,32.3,12.2,11.3,20.2,23.0,42.9,41.0,18.2,9.2,6.1,4.0,16.8,13.9,60.0,60.4,3.1,12.0,20.2,21.0,20.4,39.2,8.1,8.2,20.4,14.0,9.1,7.2,24.5,23.8,24.2,25.3,14.3,16.5,12.2,11.0,3.1,5.1,18.0,10.3,11.1,22.2
1772902219.9459057,13.3,22.2,27.3,19.0,7.1,22.0,43.4,47.0,1.0,28.6,4.0,5.0,21.2,25.7,14.4,22.0,22.0,25.7,34.7,39.8,23.2,10.3,7.1,3.1,12.1,14.3,55.1,62.9,8.2,5.1,17.2,18.4,35.6,29.3,10.2,11.2,10.1,21.2,11.2,4.0,26.7,27.3,28.3,12.1,25.7,20.4,11.2,13.1,5.1,3.1,17.0,3.1,18.2,18.8
1772902220.9459927,10.4,21.2,20.4,27.6,20.2,30.6,43.0,51.0,2.0,1.0,3.1,0.0,23.2,23.2,19.0,17.2,14.1,23.2,33.0,41.0,18.0,14.9,3.0,4.1,10.2,14.0,57.0,56.9,9.9,2.1,24.8,20.2,26.3,14.1,8.1,5.1,11.9,19.2,7.0,7.0,15.3,20.4,17.2,25.0,12.2,9.1,13.0,11.0,3.1,2.0,4.0,2.0,20.2,9.2
1772902221.9467726,15.5,8.0,23.5,15.3,24.0,12.0,36.6,38.6,1.0,2.0,4.0,3.0,22.8,22.0,12.9,14.0,21.0,18.8,25.3,25.0,16.2,14.1,3.1,2.0,21.0,19.0,50.0,47.0,4.0,4.0,16.3,16.0,14.1,26.3,12.0,10.1,13.1,21.0,7.1,7.2,26.7,24.0,16.8,28.3,8.1,5.1,10.0,11.1,5.0,3.0,8.1,14.0,16.2,2.0
1772902222.9468737,15.5,6.1,17.3,19.2,0.0,18.2,30.7,46.5,2.0,3.0,16.2,3.0,15.0,23.0,14.0,17.0,22.0,21.0,28.7,19.2,20.0,15.2,4.0,1.0,13.1,11.1,42.6,51.5,1.0,11.0,17.8,22.2,14.0,21.2,3.0,17.0,10.2,25.3,4.1,9.1,25.5,24.5,17.3,20.2,13.1,9.0,13.0,10.1,2.1,1.0,7.1,22.0,15.8,4.0
1772902223.9478977,21.2,10.9,24.8,20.8,2.0,22.5,40.4,46.0,1.0,3.0,22.0,1.0,13.0,14.9,26.3,17.8,21.6,23.0,29.3,19.2,18.2,12.1,4.0,2.0,21.0,6.0,45.9,50.0,4.0,2.0,14.0,20.4,23.2,26.3,2.0,18.8,20.0,22.0,7.1,12.0,13.9,30.0,17.8,19.0,15.3,10.1,13.0,10.2,2.0,3.0,11.1,24.2,23.0,8.1
1772902224.9479866,11.2,12.1,18.4,22.0,11.2,11.1,38.0,40.4,1.0,1.0,14.1,8.1,14.0,11.9,21.0,20.4,9.2,15.3,24.0,24.5,18.2,2.0,3.0,3.1,8.1,18.0,39.0,49.0,3.0,5.1,16.2,19.2,21.2,28.4,13.1,10.2,17.2,23.0,3.0,18.0,21.2,24.5,26.3,28.7,18.0,11.2,10.1,11.9,3.0,3.0,15.0,23.8,31.0,9.2
1772902225.9480746,10.1,20.8,21.2,21.0,24.8,11.0,34.3,47.5,3.0,3.0,11.0,10.2,9.1,12.2,12.0,14.0,17.0,7.1,26.0,33.7,8.0,0.0,5.0,3.0,5.0,15.0,55.4,52.5,5.0,7.0,20.2,16.2,21.8,20.2,2.0,15.2,8.1,22.2,6.1,3.1,11.0,20.0,27.0,24.0,4.1,4.1,10.1,13.1,2.0,20.2,6.0,23.2,19.4,11.1
1772902226.9520445,19.4,10.1,30.7,25.5,26.3,10.0,34.3,40.0,3.0,2.0,20.0,3.0,19.8,21.6,14.0,13.0,21.8,6.0,36.6,41.6,14.1,4.0,7.9,2.0,12.1,17.0,56.1,51.5,5.2,4.0,18.0,16.0,14.0,26.7,14.4,8.2,16.0,22.2,8.2,9.9,20.0,32.0,11.2,16.3,12.0,16.8,10.0,14.1,2.0,4.0,14.3,19.6,15.0,6.3
1772902227.9552846,13.4,16.0,23.2,23.0,22.2,13.0,33.3,39.6,2.0,2.0,4.0,5.1,21.2,28.7,18.0,13.9,22.8,24.0,36.6,40.6,23.5,10.9,2.0,5.0,19.8,8.0,54.0,60.4,2.0,9.2,21.8,19.8,21.0,27.3,14.0,5.0,14.1,19.0,11.0,4.0,28.0,30.7,30.4,23.0,15.8,9.1,12.0,12.1,4.1,10.9,9.0,7.1,9.1,13.9
1772902228.9553664,12.5,12.1,23.2,19.2,31.3,15.0,43.0,34.7,1.0,3.1,6.1,7.1,27.0,20.2,19.0,25.3,17.3,24.8,39.2,32.3,20.4,11.1,5.1,3.0,18.2,6.1,49.0,51.5,3.0,12.1,17.3,18.0,33.0,30.3,12.2,11.1,14.1,21.2,8.2,5.1,13.1,22.0,25.5,25.7,14.4,20.0,11.1,12.0,2.1,8.2,2.0,12.1,25.5,21.4
1772902229.9574614,8.2,10.1,19.8,21.6,21.8,2.0,43.4,34.3,2.0,4.0,2.0,1.0,19.6,25.0,21.0,20.0,19.8,24.0,30.7,31.0,24.8,8.2,4.0,2.0,17.8,6.0,44.0,36.4,3.0,2.0,17.0,17.3,25.0,13.0,9.9,7.1,16.8,26.0,13.1,2.0,19.0,23.2,10.0,20.0,17.0,14.1,13.9,10.1,1.0,1.0,7.1,2.0,14.9,27.0
1772902230.9575448,9.1,14.1,17.3,20.4,11.1,16.8,36.0,24.8,2.0,3.0,8.1,10.0,22.2,17.8,12.0,12.0,17.0,22.0,25.3,32.3,21.0,12.0,2.0,4.0,20.8,11.0,39.4,38.4,4.0,1.0,18.0,15.2,16.3,8.1,2.0,13.0,13.3,19.2,6.0,7.1,13.0,21.0,23.8,20.2,2.0,2.0,10.1,9.1,3.0,2.0,2.0,10.0,6.1,15.0
1772902231.9599385,10.2,10.9,21.6,18.2,5.1,18.2,33.7,25.3,1.0,4.0,2.0,21.0,30.1,20.0,12.9,10.9,20.0,21.8,21.0,20.8,20.0,11.0,2.0,3.0,18.2,5.1,36.0,28.7,7.9,2.9,16.8,14.7,15.0,14.9,5.1,8.1,15.2,19.8,2.0,12.0,27.7,12.0,8.0,23.5,3.0,1.0,12.0,10.0,1.0,2.0,3.0,10.1,2.0,20.0
1772902232.9611275,22.2,11.2,22.2,20.0,2.0,18.6,35.4,25.7,3.1,1.0,1.0,21.8,18.2,24.8,14.1,12.1,23.0,13.9,13.0,20.0,19.2,8.1,4.1,1.0,20.0,6.1,37.4,45.5,9.0,1.0,15.3,20.2,16.2,15.3,5.1,12.9,27.0,10.1,10.3,5.1,30.0,34.0,16.3,31.0,9.1,11.1,12.0,13.0,2.0,9.1,3.0,20.0,7.1,13.1
1772902233.9637368,10.2,7.0,26.3,20.0,13.9,11.1,37.6,24.5,2.0,2.0,3.0,21.8,25.0,15.2,12.9,11.8,11.9,13.1,2.0,18.8,14.0,22.0,4.0,1.0,10.0,15.0,32.4,30.0,5.0,3.0,16.8,20.2,20.8,11.9,10.9,8.1,18.0,22.8,13.0,6.9,21.0,23.0,16.8,23.0,5.0,3.0,13.0,10.0,7.1,18.0,11.0,24.8,19.8,3.0
1772902234.963812,11.1,13.0,21.4,22.0,25.3,7.0,32.3,31.0,2.0,2.0,2.0,22.0,19.6,27.5,11.1,11.1,19.0,5.0,15.0,16.2,19.2,14.1,5.1,3.0,4.0,20.0,40.4,34.3,6.1,1.0,19.2,20.0,15.2,20.2,15.3,3.1,18.8,21.0,8.1,10.2,20.2,22.2,15.8,22.8,4.1,2.0,12.1,11.9,1.0,4.0,18.4,16.2,21.0,5.0
1772902235.9648986,25.7,3.1,21.6,23.8,23.2,8.2,27.6,21.0,1.0,1.0,9.1,13.1,25.3,19.2,12.1,11.0,17.8,3.0,12.0,11.1,14.1,18.8,3.0,4.0,5.9,17.8,28.7,35.4,5.0,2.0,18.0,14.0,21.0,15.2,15.8,10.9,16.0,16.2,3.0,11.0,14.9,28.0,15.3,14.0,2.0,4.0,11.1,11.1,1.0,4.0,15.0,16.2,16.2,7.0
1772902236.965469,29.0,6.1,24.5,16.2,10.0,14.1,30.7,34.3,4.0,2.0,15.2,4.0,24.0,19.8,19.8,22.0,7.1,15.0,20.8,25.0,8.9,18.0,2.0,5.1,13.1,12.0,44.6,37.3,7.1,5.1,23.0,15.0,27.3,22.0,12.0,3.0,12.0,20.0,3.0,8.1,14.4,22.0,24.0,18.4,25.5,16.0,11.9,10.0,5.0,5.1,23.5,6.1,21.8,19.2
1772902237.9663143,13.4,3.0,20.2,14.0,16.2,1.0,30.0,19.0,1.0,1.0,12.0,10.1,22.8,22.0,11.0,9.0,14.0,4.0,20.2,15.8,15.0,1.0,2.0,1.0,12.1,1.0,25.5,22.2,0.0,1.0,14.1,15.0,25.5,13.1,15.2,1.0,14.0,16.2,7.1,9.0,14.0,24.2,20.2,4.0,10.1,12.1,10.1,9.0,3.0,6.0,9.1,7.0,18.0,17.3
1772902238.9663994,5.2,2.0,13.1,6.0,12.0,1.0,18.2,3.0,0.0,1.0,13.0,10.0,17.8,8.9,4.0,4.0,9.0,8.9,18.2,16.0,4.0,0.0,1.0,1.0,10.0,1.0,13.0,21.0,3.0,1.0,10.0,10.1,4.0,13.1,6.0,0.0,9.0,14.9,1.0,6.1,10.0,14.9,2.0,2.0,3.0,3.0,6.1,9.1,1.0,1.0,2.0,4.0,4.0,13.3
1772902239.9672952,12.1,6.9,23.8,23.2,15.0,4.0,15.2,23.0,3.0,3.0,2.0,19.8,10.9,8.1,1.0,4.0,20.0,20.0,19.6,22.0,11.1,3.0,4.0,0.0,17.8,3.0,27.7,25.0,5.0,2.0,13.9,16.0,10.1,10.9,1.0,13.0,9.1,23.2,7.1,4.9,22.0,17.2,10.0,8.0,3.0,10.0,11.0,12.0,2.0,1.0,6.1,4.0,1.0,18.0
1772902240.968408,12.1,6.1,18.0,18.8,2.0,17.8,17.0,16.8,2.0,1.0,2.0,0.0,12.0,13.6,1.0,2.0,17.2,21.6,19.2,23.0,11.0,1.0,1.0,4.0,14.9,3.1,25.3,27.0,1.0,3.0,17.0,16.0,15.2,15.0,12.0,4.0,17.8,19.8,6.0,9.1,20.8,25.0,8.0,4.0,3.1,3.0,10.0,12.0,1.0,1.0,8.0,2.0,0.0,15.8
1772902241.9684944,8.3,14.1,27.6,13.1,6.1,24.2,30.0,14.3,3.1,1.0,3.0,2.1,14.0,12.1,3.0,3.0,16.3,23.2,25.3,27.3,7.1,7.9,5.1,0.0,20.2,3.1,43.4,35.0,5.2,4.0,20.0,13.1,16.3,19.2,8.1,11.1,16.3,20.2,5.1,8.2,25.0,33.7,24.2,18.2,7.1,11.0,12.2,11.0,3.0,3.0,6.1,6.2,2.0,16.2
1772902242.9700718,12.2,16.8,18.0,25.0,7.0,28.7,21.2,25.3,3.0,1.0,2.0,2.0,14.0,10.9,2.0,1.0,11.0,17.8,27.0,19.8,2.0,12.1,5.9,4.0,13.0,8.1,49.5,44.4,9.0,3.0,21.2,14.0,17.0,30.4,11.9,13.1,14.9,20.2,11.0,4.0,17.3,24.0,17.2,16.0,13.3,4.0,14.0,9.2,2.0,3.0,10.1,3.0,1.0,18.0
1772902243.971458,24.5,6.1,21.8,20.0,4.0,19.0,38.6,28.0,5.0,2.0,10.0,2.0,22.0,15.8,9.1,6.1,15.0,8.1,13.9,26.3,14.0,18.0,5.1,2.0,21.0,16.0,47.5,48.5,10.0,5.0,17.0,17.0,19.0,29.0,22.2,9.1,13.1,16.8,9.1,4.0,22.8,22.0,26.7,15.2,25.7,20.0,13.0,12.0,4.0,6.0,13.0,11.0,16.8,13.1
1772902244.973918,32.0,11.1,11.6,31.7,9.2,28.0,28.3,49.5,3.1,2.0,1.0,21.2,28.0,25.0,11.2,14.3,18.4,19.8,14.3,22.4,22.8,10.0,6.0,4.1,12.1,14.1,50.0,53.5,6.1,6.2,17.2,19.2,28.3,34.0,35.7,21.2,21.2,14.1,9.1,8.2,32.0,29.7,37.6,34.0,17.2,12.5,12.1,10.2,3.0,4.1,23.0,4.1,20.2,17.3
1772902245.9759655,9.3,23.8,21.2,28.3,12.2,31.7,47.5,42.6,4.1,2.0,4.0,21.8,27.7,25.3,12.1,13.1,21.0,24.2,29.0,34.0,25.3,9.1,4.1,5.1,11.0,14.1,62.4,56.0,9.2,5.0,18.2,21.8,35.7,19.2,22.0,12.2,22.2,11.1,12.0,5.1,22.2,21.2,32.3,30.1,20.4,23.0,11.1,12.9,4.0,4.1,21.8,10.0,11.1,23.2
1772902246.979677,9.4,22.0,19.0,19.2,24.5,21.0,46.5,38.0,3.0,2.0,18.0,5.1,28.0,16.8,8.0,13.1,19.0,22.8,23.2,27.7,20.0,12.1,1.0,5.1,7.0,16.0,55.6,55.0,5.0,7.9,19.0,17.0,20.8,21.0,13.1,12.9,13.1,16.8,6.1,4.0,27.7,24.8,32.3,22.4,5.0,6.1,12.9,10.9,3.0,5.0,23.8,4.0,2.0,15.0
1772902247.9836023,10.3,22.0,19.4,20.2,22.8,15.8,47.5,47.5,5.0,2.0,22.2,16.2,26.3,19.2,19.2,16.0,19.2,19.8,30.7,41.0,10.1,25.0,5.1,5.1,21.0,8.2,53.9,58.4,8.1,5.1,16.2,15.0,26.7,23.2,23.0,9.1,21.0,10.1,6.0,7.1,22.7,22.0,31.0,36.4,23.2,18.0,10.1,9.3,4.0,7.1,24.0,7.1,17.2,11.1
1772902248.9868557,16.7,24.0,28.3,10.0,19.2,13.1,42.4,45.0,3.1,2.0,23.0,9.0,21.8,27.0,20.0,26.0,26.5,21.0,46.0,36.7,13.3,18.0,5.1,4.0,17.2,8.1,63.6,53.0,7.1,6.0,19.0,19.2,32.3,34.0,38.4,12.2,15.8,18.2,3.1,11.0,31.3,23.5,28.7,30.0,28.6,21.6,12.0,13.9,5.0,3.1,18.2,11.0,24.2,12.1
1772902249.9896457,12.1,23.0,29.6,23.8,9.0,23.0,47.5,37.4,2.0,3.0,10.1,10.1,23.0,27.7,21.2,19.2,23.0,18.8,42.0,34.7,10.9,8.9,5.1,3.1,9.2,17.8,60.4,56.6,3.0,10.1,15.3,16.2,19.4,30.0,34.3,13.1,13.0,15.8,6.1,9.2,32.4,17.0,33.3,29.7,21.0,23.8,13.1,9.2,3.1,4.0,20.6,5.2,13.1,16.5
1772902250.990653,18.2,16.3,21.4,13.1,2.1,19.0,41.6,37.0,5.0,3.0,25.3,21.2,18.0,21.4,13.1,14.0,14.3,5.1,32.0,37.6,7.1,3.1,3.0,6.0,13.1,9.2,55.6,61.6,2.0,11.2,17.2,20.0,21.2,23.2,10.2,13.1,29.6,7.1,10.1,2.0,24.0,20.0,27.3,29.6,7.1,8.1,12.1,11.9,4.0,3.1,13.1,17.0,11.2,3.1
1772902251.993787,23.2,8.2,28.6,15.0,21.2,19.8,51.5,48.5,3.0,1.0,15.3,14.7,31.0,35.0,19.8,17.0,14.9,7.1,25.3,35.0,10.1,2.0,7.0,3.1,16.8,14.3,55.4,59.4,8.1,25.3,19.0,19.2,24.8,33.3,17.2,7.0,9.1,23.8,5.1,8.1,34.0,27.7,37.0,35.0,24.0,22.0,12.2,11.0,5.0,3.1,12.2,12.1,19.0,13.3
1772902252.99506,14.4,26.3,26.8,9.1,16.2,1.0,42.4,38.4,1.0,3.0,15.8,7.1,29.7,32.0,20.0,25.0,8.2,15.8,37.8,29.9,9.0,3.0,4.0,1.0,17.2,9.1,53.5,56.4,4.0,6.1,18.8,15.2,36.7,21.0,29.0,17.2,9.1,17.2,5.0,6.1,23.5,14.1,27.7,29.0,14.4,14.3,11.1,9.2,6.1,3.0,5.0,22.2,17.3,14.3
1772902253.9951468,7.5,23.5,21.2,18.0,28.0,10.1,45.0,33.7,3.0,3.0,13.1,3.0,21.0,21.8,18.2,21.2,5.1,14.3,32.7,34.7,8.9,6.1,4.1,2.0,12.0,8.9,55.6,57.4,3.1,10.0,19.2,15.0,25.7,24.2,25.3,11.0,20.8,17.2,8.2,1.0,29.7,22.0,28.3,28.3,19.0,14.3,13.0,9.9,3.1,2.0,5.1,5.1,14.1,9.2
1772902254.9967952,12.9,22.0,24.7,20.2,11.3,16.7,31.3,40.4,3.1,3.1,3.0,4.0,15.2,18.0,13.1,13.1,11.9,17.0,40.0,41.8,21.0,14.0,4.0,6.1,17.3,12.1,56.4,63.3,3.0,11.1,19.2,19.4,31.0,9.2,15.0,10.2,16.3,15.2,7.9,8.0,31.6,18.0,16.3,22.0,8.2,7.1,13.9,8.2,4.0,6.1,5.1,16.2,18.0,3.0
1772902255.9968643,9.4,22.0,30.4,8.1,7.1,25.3,35.4,42.0,4.0,2.0,11.1,11.1,23.8,17.0,19.0,17.8,13.3,26.5,41.8,40.6,14.1,15.3,2.0,6.1,18.0,6.1,51.5,59.4,1.0,10.2,14.3,19.0,35.0,23.0,7.1,5.1,12.0,16.2,9.3,3.0,27.0,30.0,31.7,36.0,19.4,21.0,11.3,10.2,3.0,2.1,23.0,7.0,19.2,11.2
1772902256.9983392,12.5,28.7,29.3,10.0,7.1,21.2,43.7,38.0,2.0,2.0,0.0,21.0,20.0,24.8,20.2,23.0,21.0,18.2,30.7,43.0,14.1,13.9,10.9,3.0,14.1,13.0,56.4,54.0,6.1,5.0,18.8,14.0,34.7,25.5,6.0,11.1,11.0,16.8,6.1,5.1,19.8,25.3,22.4,32.3,16.8,17.3,10.0,8.9,3.1,4.0,24.2,4.0,10.1,22.2
1772902257.9985387,11.3,22.2,18.4,24.2,10.2,17.0,45.5,40.4,2.0,5.1,3.0,22.0,28.0,19.4,20.2,22.2,20.4,26.7,40.0,38.4,15.2,10.1,7.2,4.0,9.1,18.0,61.0,58.0,12.0,2.0,19.4,17.2,21.2,30.0,8.2,11.2,14.3,20.0,12.0,5.1,26.3,33.0,29.7,41.6,19.6,13.1,13.4,11.2,3.1,3.1,19.0,9.4,18.2,11.3
1772902259.002427,14.9,21.0,27.3,21.8,21.4,17.8,41.0,39.6,5.1,4.0,3.0,21.8,29.7,23.3,14.0,13.9,16.0,18.2,35.0,43.0,5.0,11.1,6.0,5.0,17.0,10.0,55.4,59.6,7.1,8.9,22.0,16.2,19.2,24.5,13.0,5.0,11.0,20.0,12.1,4.0,27.0,17.2,31.0,33.0,10.1,7.1,15.0,9.9,9.9,18.8,3.0,25.7,6.1,16.8
1772902260.004739,12.6,18.8,14.1,20.2,8.2,16.3,38.0,35.4,2.1,3.0,2.0,21.2,28.4,18.2,17.2,13.1,9.0,15.8,38.6,30.6,6.1,18.0,1.0,5.1,13.1,14.1,45.9,48.5,1.0,7.1,17.0,17.0,32.3,26.3,2.0,12.1,10.1,19.2,7.1,5.1,23.2,20.0,33.3,28.3,14.3,19.0,12.0,10.1,5.1,7.1,6.1,21.0,20.4,10.3
1772902261.0064054,11.5,30.0,18.0,18.0,11.1,31.7,33.0,32.0,3.0,0.0,3.0,22.0,22.0,26.0,20.0,24.8,14.1,19.2,27.3,26.7,9.9,21.0,4.0,3.0,17.0,9.1,45.1,43.6,7.1,6.0,13.9,16.0,38.6,18.0,6.1,9.1,7.0,17.8,2.0,9.1,29.0,17.8,28.3,21.2,17.2,19.2,10.0,13.1,3.0,4.0,11.0,13.1,12.1,21.0
1772902262.0064857,11.2,22.0,27.3,27.0,5.2,18.8,35.7,30.0,6.0,2.0,10.1,14.0,23.0,22.0,23.0,21.2,22.2,19.2,30.3,33.0,13.3,22.2,3.0,8.1,16.0,12.1,53.5,43.0,5.1,7.1,17.3,18.2,12.1,39.0,15.8,4.0,11.1,22.2,3.1,9.1,22.8,23.2,41.2,30.3,16.3,8.2,13.1,12.1,4.0,3.1,18.6,13.3,8.0,20.4
1772902263.0079663,15.5,17.2,15.3,21.0,8.1,26.0,28.3,31.3,1.0,2.0,6.1,15.8,23.0,24.0,13.0,13.1,23.5,19.6,23.2,16.2,5.1,21.2,3.1,3.0,16.8,9.8,48.5,48.5,2.0,10.2,18.2,17.0,17.0,22.0,12.1,3.0,13.0,15.3,6.0,7.1,29.0,25.0,26.3,21.0,11.1,12.1,12.0,13.0,4.0,3.0,14.9,15.0,5.1,10.2
1772902264.008038,12.1,24.8,19.4,23.2,6.2,24.0,45.5,49.0,4.1,2.0,15.0,10.2,24.0,27.0,12.0,9.0,26.0,20.4,22.8,21.2,13.0,19.0,6.1,4.0,12.1,16.2,57.0,57.0,4.1,11.0,18.0,22.2,29.3,30.0,10.1,6.1,20.0,18.8,11.1,7.0,22.2,22.4,42.0,34.7,14.1,19.0,11.2,11.2,4.1,4.1,15.3,16.2,21.2,15.2
1772902265.0100427,17.2,24.2,30.3,23.0,6.2,24.2,45.5,45.9,6.1,1.0,12.2,8.1,23.2,25.0,9.1,16.2,24.2,19.0,23.5,38.4,22.2,10.1,3.0,6.2,11.2,24.5,63.6,57.0,11.2,12.2,17.0,21.2,21.2,40.4,14.3,4.1,18.2,12.0,6.1,6.2,26.3,32.7,28.3,26.5,23.2,20.6,13.3,11.1,3.0,4.0,6.1,7.2,10.1,25.0
1772902266.0115058,9.4,23.0,18.4,26.3,16.3,14.0,39.4,43.6,4.0,3.0,18.8,1.0,24.5,18.2,12.1,14.0,20.0,23.0,33.3,42.6,22.0,6.9,4.0,5.1,4.1,17.2,56.4,57.6,5.1,11.0,18.2,19.2,17.0,28.3,13.1,5.1,21.0,12.1,3.0,11.0,18.2,20.2,34.0,40.0,13.3,18.0,11.1,12.1,5.1,4.0,9.0,11.1,7.1,19.6
1772902267.0121799,9.5,22.2,13.3,23.2,18.6,1.0,44.6,41.4,4.1,2.0,3.0,3.0,14.1,17.2,6.0,4.0,19.0,17.0,38.6,38.4,12.0,16.3,3.1,7.9,11.0,13.9,56.4,56.3,5.1,6.1,16.2,15.0,29.0,13.1,10.1,10.2,9.1,20.0,5.1,7.1,24.0,25.7,13.1,18.2,12.7,12.1,10.0,11.0,4.0,3.0,23.8,6.1,5.1,11.1
1772902268.014763,12.1,24.8,25.5,22.8,30.0,14.0,42.0,39.6,5.1,2.0,14.1,14.3,24.8,22.0,12.0,6.1,25.7,20.0,43.0,42.0,15.0,19.0,3.0,8.1,15.2,16.2,63.0,62.6,10.1,7.0,21.0,18.2,36.0,26.0,12.9,5.0,19.0,16.0,3.0,12.1,31.0,27.0,34.0,29.7,22.2,24.2,12.0,13.1,4.0,6.1,16.0,21.2,12.0,23.2
1772902269.0148537,13.5,28.0,24.5,25.5,22.2,5.1,40.4,42.4,3.1,8.2,21.4,13.3,25.0,21.8,21.2,24.2,20.2,21.2,38.1,39.4,17.2,12.2,5.2,2.0,21.8,10.4,51.5,63.0,9.1,5.2,20.2,18.2,37.4,22.7,12.2,10.2,9.2,18.6,6.2,5.1,22.4,26.3,27.0,31.7,32.3,30.6,11.9,12.1,1.0,6.1,19.2,14.3,15.6,15.5
1772902270.017532,9.3,24.8,16.2,22.2,24.7,9.0,41.6,44.6,3.0,4.0,14.9,13.0,29.3,25.0,22.4,21.0,21.0,19.2,35.0,41.0,17.2,7.8,6.9,2.0,9.1,13.9,55.6,59.4,6.1,2.0,13.3,19.2,29.0,22.8,3.1,14.1,21.8,13.0,7.1,6.1,24.0,31.0,28.0,38.0,14.3,12.1,14.1,11.9,3.0,3.1,8.0,18.4,14.0,16.3
1772902271.0180068,17.0,17.2,31.6,12.1,11.2,20.2,45.0,46.5,3.1,3.1,2.0,21.4,37.0,35.1,13.0,14.1,20.2,23.0,42.0,42.6,12.2,9.3,6.1,3.1,16.3,9.1,59.2,59.6,13.1,5.0,21.0,17.2,26.7,13.3,15.0,3.1,16.3,15.2,5.1,11.1,27.0,21.4,27.3,32.7,21.2,16.2,14.1,10.2,4.0,8.1,2.0,23.8,16.0,4.0
1772902272.0197642,23.7,13.1,27.3,20.6,16.0,23.0,58.4,39.0,3.0,3.1,3.1,21.8,30.4,18.8,18.0,14.1,8.1,14.0,43.0,30.0,3.0,11.1,3.1,5.0,14.9,9.1,56.9,58.4,10.0,3.0,19.4,18.0,28.3,39.4,15.2,5.1,12.0,21.0,5.1,10.1,31.0,24.0,25.3,41.0,21.0,16.3,13.1,13.0,2.1,6.0,11.1,20.2,17.2,14.3
1772902273.0263548,20.0,20.2,30.3,18.4,17.3,2.0,43.0,43.6,3.0,5.0,6.0,17.0,22.2,27.0,19.2,27.7,17.8,16.3,35.4,38.0,23.2,8.0,5.1,3.0,13.1,21.2,56.0,64.7,5.1,9.0,20.0,18.0,35.6,23.2,8.1,10.0,12.1,17.2,4.1,7.1,22.0,15.2,30.0,39.6,16.0,21.0,24.8,13.3,4.0,7.1,17.0,8.1,22.4,14.0
1772902274.027153,26.5,10.2,25.8,19.4,28.0,14.9,49.0,39.2,2.0,4.0,7.0,17.8,17.3,32.7,22.0,21.2,21.2,25.5,36.4,42.0,21.2,12.0,4.1,6.0,10.2,16.0,60.0,58.0,11.2,2.0,19.0,15.3,24.5,19.2,11.2,10.2,17.2,17.0,4.0,12.0,30.7,31.0,27.3,31.3,7.1,10.2,13.1,13.0,4.0,4.1,14.1,14.3,21.4,9.0
1772902275.0302346,26.0,6.9,26.7,10.9,18.7,1.0,42.6,40.4,4.0,3.1,10.1,13.1,24.8,23.0,14.1,14.9,33.0,13.1,42.0,34.3,21.8,10.9,6.9,2.0,9.1,15.2,56.0,65.0,11.2,2.0,15.0,16.3,30.7,21.2,10.0,8.0,6.0,22.0,4.1,7.1,24.2,17.0,39.0,36.0,20.0,23.0,9.0,12.1,5.1,6.1,18.0,15.0,6.1,12.1
1772902276.0323458,29.3,5.1,23.2,18.2,21.8,13.0,51.5,43.0,2.0,3.0,13.3,8.2,25.7,25.0,17.8,14.1,21.0,20.2,27.3,27.3,27.3,6.1,5.2,2.0,13.0,14.1,60.0,56.0,12.0,2.0,15.2,20.2,34.0,28.7,8.1,14.1,12.0,18.4,5.0,10.1,29.0,31.7,23.8,32.0,20.2,16.5,11.1,18.2,4.1,4.0,5.2,24.0,19.0,17.2
1772902277.032995,14.4,23.8,19.2,24.2,4.1,22.2,41.8,39.0,3.1,2.0,5.2,18.0,22.0,24.0,20.2,25.3,20.2,21.8,33.3,28.0,23.0,8.1,5.0,3.1,19.0,14.3,59.6,52.5,4.0,9.9,15.8,22.0,25.3,27.8,6.1,9.1,12.0,20.0,5.2,7.1,18.8,21.2,35.4,35.6,14.3,14.1,12.1,13.0,10.1,3.1,2.0,5.1,23.5,11.3
1772902278.0330808,25.3,11.1,24.2,18.0,7.1,17.2,36.4,30.0,7.1,2.0,2.0,9.0,21.2,24.8,20.2,22.8,16.8,26.5,36.6,43.4,15.0,13.1,5.1,4.0,13.1,11.1,53.5,54.5,11.3,2.0,17.0,17.3,28.7,15.3,12.1,3.1,14.0,20.2,7.1,8.1,27.3,30.0,24.2,25.3,6.0,5.1,10.1,13.0,17.2,9.1,11.0,6.1,17.8,6.1
1772902279.0374308,30.1,7.1,23.5,10.0,26.5,12.7,37.6,21.0,3.0,3.0,5.0,7.9,22.8,21.0,14.9,13.0,26.7,14.1,41.4,34.0,16.0,18.0,4.0,4.0,9.0,15.8,43.1,52.5,7.1,5.1,20.0,18.0,30.7,21.8,7.0,15.0,18.8,9.1,4.0,10.0,28.4,21.8,21.2,25.0,28.0,23.0,13.7,10.1,4.0,7.0,22.5,5.1,13.9,3.1
1772902280.0381968,28.0,6.1,25.0,19.4,17.2,5.1,37.0,16.3,4.1,4.1,18.4,5.1,21.2,13.9,19.2,15.2,24.8,21.2,40.4,38.0,21.2,9.3,4.1,6.1,9.1,19.2,54.5,50.0,9.9,7.1,15.3,20.2,31.0,34.3,10.3,12.2,14.1,21.2,6.1,9.1,28.3,28.0,27.7,36.0,13.3,15.3,11.1,13.0,2.1,5.2,22.4,7.1,12.2,28.0
1772902281.0382938,24.2,18.4,23.0,26.0,12.1,22.0,26.3,45.5,2.0,4.0,21.2,1.0,25.0,14.1,21.0,26.0,21.2,20.2,30.6,27.3,20.2,13.0,7.0,3.1,6.1,20.2,47.5,43.6,6.2,8.1,19.0,18.4,23.5,25.0,8.0,13.1,18.2,15.3,7.1,10.1,28.0,20.4,28.6,36.0,17.3,17.3,12.2,12.0,3.0,6.1,23.0,2.0,19.2,16.2
1772902282.0383806,7.4,25.0,12.1,21.2,4.1,17.3,47.5,30.0,3.0,3.1,21.0,2.0,25.0,22.0,21.2,20.2,19.0,16.8,31.0,24.0,9.1,18.2,6.1,2.0,14.1,17.0,50.0,47.0,10.0,2.0,16.8,16.0,16.0,24.0,6.1,4.0,10.0,18.8,8.1,3.0,19.2,19.0,21.0,41.0,8.9,6.1,7.1,12.1,3.0,4.1,20.8,7.1,4.1,16.2
1772902283.0384557,12.4,18.0,12.5,24.2,7.1,21.0,42.0,40.4,3.0,5.2,22.0,2.0,26.3,18.0,13.1,13.1,14.0,9.2,26.3,33.3,7.1,1.0,3.1,4.0,6.2,15.0,59.0,57.6,5.1,6.1,18.4,17.2,19.4,34.3,15.2,3.1,21.0,12.2,10.2,3.1,27.0,30.0,25.5,26.5,20.6,17.3,12.9,13.0,2.1,3.1,9.2,17.3,2.0,15.3
1772902284.0408416,18.4,15.8,20.2,16.0,11.0,28.3,50.5,40.4,4.0,2.0,22.8,4.0,25.3,23.2,13.1,19.0,20.0,16.8,32.4,23.2,9.9,16.0,3.0,6.0,6.0,14.3,62.4,59.4,8.0,6.1,23.0,20.0,29.0,34.7,8.9,6.0,17.2,12.7,10.1,2.0,28.3,17.0,35.6,35.3,19.0,19.8,11.0,17.2,4.0,17.0,13.9,7.9,18.2,15.2
1772902285.0409338,16.5,23.5,19.0,28.0,14.1,8.9,52.0,42.4,3.1,2.0,21.2,4.0,27.0,22.2,22.0,15.3,16.2,25.3,36.1,36.4,9.1,22.2,3.0,6.1,5.1,13.3,49.0,58.4,9.2,12.1,16.2,17.2,27.0,13.1,9.2,10.1,20.2,8.2,9.1,4.1,26.7,23.2,23.2,19.6,9.2,8.2,11.3,11.9,4.1,2.0,16.2,23.5,22.2,11.1
1772902286.041017,23.0,9.0,28.3,12.2,22.4,13.1,39.0,46.0,2.0,3.1,12.1,12.1,20.0,24.5,12.9,10.2,26.0,15.2,38.0,35.4,7.1,23.0,3.0,6.1,23.0,13.4,58.2,55.1,27.3,13.0,17.3,19.0,25.3,16.2,6.1,8.1,18.2,10.1,9.0,3.1,27.3,28.0,41.2,30.0,16.2,14.1,14.1,9.2,4.0,3.0,15.8,17.2,16.3,9.3
1772902287.0410988,17.3,21.4,27.3,15.2,5.2,24.0,43.1,46.0,4.0,7.1,15.0,9.0,21.4,22.0,3.1,6.9,23.8,17.2,37.8,36.0,20.2,11.1,4.0,4.0,19.2,8.1,55.4,65.3,26.3,13.3,19.0,22.0,22.2,34.7,10.2,12.1,20.0,9.0,3.1,10.1,24.2,15.2,26.5,24.8,19.4,14.3,12.1,12.1,4.0,4.0,3.1,23.0,18.0,1.0
1772902288.0427613,20.4,13.0,22.2,17.0,14.3,17.2,41.4,40.0,3.0,3.1,17.0,23.2,21.0,24.8,10.1,5.1,22.8,16.8,31.7,32.7,20.8,10.0,3.0,5.1,15.8,11.0,56.0,52.0,28.0,10.0,17.0,13.1,20.0,38.6,4.0,9.0,19.2,11.1,2.0,9.1,27.7,31.3,28.3,29.6,33.0,30.0,11.0,13.1,2.0,3.1,4.0,7.1,21.2,9.2
1772902289.0444112,27.6,16.0,23.5,14.4,21.6,7.1,45.0,38.0,4.0,2.0,14.3,15.2,21.2,19.2,10.2,13.3,22.0,19.2,26.0,27.3,17.2,13.1,1.0,5.1,14.0,10.0,58.0,54.9,34.0,10.0,14.0,21.0,17.0,27.3,10.0,12.0,17.0,11.0,3.0,8.0,15.0,19.0,29.3,27.0,10.1,7.1,11.1,15.2,4.0,3.1,3.0,9.1,17.2,20.2
1772902290.0486312,26.7,9.1,22.0,30.3,22.8,5.9,46.5,51.0,5.0,4.0,3.1,20.0,28.0,23.0,16.0,14.0,25.5,17.6,39.0,38.4,19.0,11.1,4.0,8.1,19.2,15.2,54.0,62.4,28.7,10.2,18.2,20.0,25.3,16.2,4.0,13.1,20.2,12.9,5.1,10.0,25.0,30.4,33.7,25.3,16.2,10.1,12.9,13.0,4.0,6.0,7.0,21.0,11.1,13.3
1772902291.051243,18.4,15.2,13.3,25.0,27.0,13.3,42.3,44.6,2.0,3.1,2.0,2.0,29.0,28.3,11.2,15.0,24.8,15.3,41.0,39.0,13.0,17.0,4.1,5.0,16.0,7.1,56.0,62.0,28.3,13.0,22.2,17.2,41.2,27.0,11.2,13.1,17.2,17.3,5.1,8.2,22.2,28.3,34.0,27.5,25.0,10.2,11.2,11.1,3.1,4.1,7.1,20.2,9.9,11.0
1772902292.0525832,29.0,7.1,23.2,27.0,9.2,20.2,44.1,41.0,15.2,6.1,16.2,2.1,21.2,21.2,18.0,21.2,23.0,23.0,39.8,42.4,13.4,19.6,4.0,5.1,21.4,10.0,54.0,64.3,16.3,3.1,32.7,23.0,36.7,28.3,3.0,12.1,16.0,18.0,13.1,5.1,33.7,20.2,19.0,30.6,22.4,24.2,13.0,13.1,3.1,4.1,9.1,25.3,22.4,16.3
1772902293.0534205,27.0,12.1,14.1,14.1,22.0,19.8,24.0,38.6,15.2,6.0,20.8,2.0,17.8,26.7,21.2,23.0,18.2,23.8,41.6,33.7,13.9,15.0,2.0,5.9,13.9,6.0,55.4,56.6,5.0,6.1,14.9,14.9,18.6,24.5,8.1,11.9,10.0,15.0,1.0,7.0,22.0,23.2,36.6,31.0,6.0,8.1,10.1,14.0,3.0,5.1,7.8,22.5,13.0,21.4
1772902294.0551715,14.4,23.8,27.0,20.4,3.1,21.2,48.5,42.4,5.2,3.1,22.2,3.1,25.0,23.0,19.2,20.4,17.0,26.7,40.4,42.0,17.2,15.0,4.1,2.0,16.3,15.3,57.6,57.4,11.1,5.1,18.4,19.4,22.4,26.3,7.1,8.2,12.1,20.0,3.1,8.2,23.2,24.2,29.0,30.0,20.2,17.0,12.1,13.1,5.1,4.1,21.2,8.2,6.1,14.1
1772902295.0552564,8.3,24.0,28.9,24.5,12.2,27.7,48.5,39.4,3.1,2.0,5.1,18.2,18.2,33.0,15.0,14.7,15.2,14.3,41.4,38.0,8.1,11.3,4.0,6.1,7.0,22.0,56.6,65.7,11.3,5.1,21.0,29.3,34.3,24.2,9.2,15.2,12.1,22.4,9.1,9.1,30.3,32.0,29.9,35.4,19.2,22.4,13.0,12.1,4.1,5.1,23.2,9.1,13.3,19.2
1772902296.0623913,24.5,12.2,17.8,20.2,13.0,20.0,39.0,28.7,6.0,2.0,3.0,22.5,17.8,24.8,21.8,18.0,10.9,17.2,38.6,26.3,6.0,6.9,4.0,3.0,7.1,15.8,55.3,54.9,13.7,15.0,17.8,23.8,27.5,30.7,2.0,9.0,15.0,14.6,9.0,2.0,16.0,21.8,33.7,24.2,22.2,19.0,10.0,12.9,5.0,7.1,15.8,10.1,15.2,17.3
1772902297.069104,28.0,14.0,20.8,25.0,31.0,25.0,36.6,29.0,4.0,4.0,10.1,14.1,28.7,17.2,23.2,22.2,12.1,28.7,39.4,37.6,10.0,21.0,3.0,5.1,8.0,18.4,51.0,48.0,13.9,4.0,21.0,14.0,20.0,25.0,19.6,3.0,21.8,11.2,14.0,2.0,30.0,27.7,33.0,33.3,10.0,9.0,12.0,14.0,7.1,19.0,16.8,7.0,21.8,11.1
1772902298.0709937,26.0,6.1,19.6,18.0,6.1,17.0,29.0,46.0,2.0,2.0,15.0,7.9,21.0,22.8,15.8,17.0,21.0,22.8,35.0,40.0,20.0,8.0,3.0,5.1,13.1,18.0,49.5,50.5,4.0,11.2,13.1,20.0,25.0,20.0,10.1,3.1,16.0,13.0,8.1,7.1,24.2,14.1,33.0,30.0,12.2,15.8,10.1,11.1,3.0,5.9,13.3,13.1,12.9,3.0
1772902299.0710847,27.3,9.0,22.4,21.2,8.9,20.2,31.0,36.0,3.1,4.0,13.0,11.3,31.0,21.2,14.0,12.4,16.2,24.2,41.4,37.0,21.0,10.2,2.0,5.1,9.2,10.0,48.0,44.0,10.3,14.1,15.2,18.2,33.7,25.3,12.2,10.1,13.1,16.0,7.1,7.1,26.7,22.2,28.6,24.2,17.0,21.4,11.1,9.2,3.1,4.0,16.0,12.1,6.1,17.3
1772902300.072142,27.0,10.1,19.4,17.0,8.2,26.7,31.0,33.7,5.0,4.1,14.1,11.9,21.0,23.2,16.0,26.0,22.8,23.0,29.3,35.4,23.2,6.0,5.1,5.0,18.0,8.1,42.6,52.9,6.1,25.3,20.0,19.2,20.2,37.6,8.1,9.0,12.0,19.2,7.1,7.1,28.7,28.0,39.2,33.7,21.2,15.3,14.0,12.0,6.0,6.1,17.3,10.2,20.4,16.3
1772902301.0742319,26.3,13.5,24.2,23.2,5.1,18.0,40.0,48.0,4.0,3.0,12.1,7.1,23.2,23.5,23.0,21.0,20.0,22.8,26.0,26.0,23.8,10.1,6.0,4.0,9.1,14.3,59.6,55.0,10.0,4.0,19.0,15.0,30.7,12.9,12.1,8.0,21.0,12.1,1.0,10.1,24.5,18.0,27.6,28.3,10.1,13.0,11.1,12.2,3.1,3.1,7.1,4.0,11.1,23.2
1772902302.0756745,18.4,18.2,13.0,26.0,17.5,28.3,50.5,43.6,2.0,2.0,3.0,4.0,24.0,23.0,17.2,15.2,20.0,23.2,16.2,23.2,14.1,12.0,5.1,2.1,17.0,19.2,58.0,58.6,2.0,12.0,15.0,21.8,20.2,21.2,7.1,7.1,10.2,19.0,9.2,4.0,27.3,24.0,32.7,35.3,12.1,12.1,13.1,11.1,3.0,5.0,16.0,14.1,5.1,14.1
1772902303.0782027,13.3,23.0,28.6,22.0,4.1,15.0,42.0,47.0,2.0,3.0,6.2,11.2,28.0,21.2,14.0,15.2,28.6,15.2,28.3,29.0,20.0,12.1,4.0,6.0,7.1,18.0,55.0,60.8,3.0,13.0,19.2,15.2,42.6,26.0,15.0,10.1,12.9,23.0,9.1,3.0,22.8,31.0,16.8,19.4,23.5,17.2,10.0,29.4,3.0,10.9,8.1,22.0,21.0,6.1
1772902304.0782852,9.6,20.8,28.7,14.0,18.2,13.3,28.7,44.0,3.0,2.0,22.0,3.0,19.0,18.0,20.0,23.8,18.8,22.0,33.0,31.6,19.2,10.3,4.0,4.1,7.1,14.0,58.0,56.6,12.1,3.1,21.0,22.7,31.6,22.2,5.1,7.1,9.2,18.2,6.1,9.0,24.2,20.0,29.6,36.6,12.4,16.3,8.2,12.1,2.0,20.4,6.1,23.2,13.3,17.3
1772902305.0864034,24.8,13.0,16.8,25.5,7.0,26.5,36.3,29.0,1.0,2.0,21.6,3.0,16.8,14.0,21.8,20.0,25.5,23.3,35.3,35.6,20.6,15.7,5.0,2.0,10.9,14.1,40.6,49.0,6.0,3.0,17.0,21.6,19.8,21.2,12.9,13.9,21.6,22.5,11.9,9.1,34.7,28.7,29.0,15.8,11.9,11.8,10.9,11.9,2.0,5.0,8.9,22.5,10.0,29.0
1772902306.0879843,6.3,17.0,23.5,19.2,1.0,21.2,30.6,33.7,2.0,2.0,20.2,0.0,11.0,13.1,15.2,15.0,19.2,2.0,37.8,32.0,10.3,15.2,2.0,3.0,13.3,12.1,41.4,42.4,6.1,2.0,18.4,20.0,11.0,22.0,8.1,17.2,19.0,19.2,7.1,11.2,17.2,23.5,24.2,8.3,5.1,3.1,14.1,11.1,2.0,1.0,13.3,19.0,5.1,19.2
1772902307.0880756,13.1,8.1,15.8,25.0,2.0,21.0,32.0,32.7,3.0,1.0,22.0,2.0,17.0,15.8,10.1,8.9,6.1,16.2,28.3,38.4,2.0,15.2,2.0,5.0,16.8,7.9,38.4,44.4,5.0,3.0,17.8,16.3,16.8,13.0,4.0,15.2,17.8,19.0,5.0,12.2,14.9,31.0,25.0,8.9,3.9,5.0,9.1,12.1,1.0,4.0,16.2,16.2,5.1,16.0
1772902308.0892699,17.3,11.2,26.0,19.8,16.0,7.8,47.5,42.4,1.0,2.9,13.0,9.0,22.0,26.7,4.0,2.0,18.0,5.1,35.6,40.6,5.0,10.1,1.0,4.1,19.0,7.0,51.5,52.0,9.0,4.1,17.0,17.2,20.2,18.4,11.1,9.0,16.3,22.0,4.0,14.0,24.0,23.0,17.2,27.3,7.1,3.1,14.0,12.7,3.0,5.0,5.9,18.4,16.8,7.0
1772902309.0912566,10.4,18.8,20.2,19.2,13.3,14.1,40.6,42.0,5.0,0.0,3.1,16.2,23.0,23.0,2.0,2.0,19.0,5.0,34.0,34.7,5.2,8.1,4.0,3.0,20.0,11.0,48.0,49.5,1.0,9.1,18.2,17.0,15.0,17.0,4.0,10.1,13.1,19.0,11.1,4.0,20.2,16.0,19.2,28.7,3.0,10.8,13.3,10.1,5.1,2.0,15.3,16.0,5.1,14.1
1772902310.0913289,10.3,16.2,18.4,22.5,16.3,18.0,49.0,46.0,1.0,2.0,2.0,20.2,24.8,23.0,7.1,7.1,16.0,14.3,32.3,35.0,12.1,13.9,3.1,3.1,13.9,18.2,44.4,53.0,5.9,7.0,13.1,17.3,28.0,25.5,7.1,15.0,15.0,21.2,10.2,4.0,27.0,29.0,23.8,36.4,29.3,18.4,11.2,10.2,5.0,4.0,17.2,14.3,13.3,17.2
1772902311.0916078,12.7,19.0,20.4,24.5,22.8,1.0,40.2,48.5,2.0,2.0,13.0,10.9,20.8,26.7,10.1,12.1,23.8,25.2,39.6,32.0,21.6,17.2,8.0,7.9,9.1,19.0,52.0,57.0,5.0,4.0,23.0,16.8,28.7,30.3,11.9,17.0,15.0,23.2,3.0,15.0,30.0,19.0,29.0,15.8,22.2,18.0,15.0,12.0,4.0,2.0,11.0,23.0,18.2,24.5
1772902312.095616,8.3,21.0,25.0,24.0,9.2,16.2,47.0,42.2,4.0,3.0,16.3,12.1,24.0,23.2,12.1,10.1,17.2,23.0,37.8,43.4,21.2,10.1,4.0,5.1,15.2,7.9,53.5,60.6,11.2,1.0,18.0,19.0,21.4,22.2,7.1,9.1,10.0,24.0,3.0,10.1,19.0,19.4,27.3,20.6,12.2,19.2,15.0,10.1,3.1,13.1,13.1,13.0,8.1,21.2
1772902313.0957048,22.4,14.0,23.2,16.0,10.1,30.7,43.0,35.7,2.0,0.0,21.0,21.2,25.3,18.8,4.0,1.0,13.0,26.3,39.6,29.3,21.2,8.1,1.0,4.0,4.0,15.2,55.6,53.0,9.0,2.0,15.2,15.2,19.2,23.8,12.0,7.1,11.1,13.9,8.1,4.0,21.0,26.3,33.0,28.0,19.2,20.0,10.1,9.1,3.0,2.0,21.6,5.1,5.1,14.3
1772902314.0981643,27.6,8.9,20.2,15.2,18.0,3.0,42.6,43.6,2.0,4.0,2.0,9.0,25.7,21.0,5.0,5.0,19.2,23.8,27.6,32.0,21.0,6.0,3.0,8.1,23.8,30.0,57.8,56.4,5.2,6.9,15.0,19.4,29.0,13.3,12.1,9.9,15.0,21.0,6.1,3.0,22.8,23.5,28.0,28.7,19.8,15.0,11.1,11.1,3.0,4.0,7.0,21.2,6.1,15.8
1772902315.0992403,18.0,15.6,20.4,22.0,27.6,10.1,39.4,30.6,4.1,2.0,4.0,13.1,28.3,29.3,34.3,22.0,24.2,22.4,39.6,31.0,18.2,14.1,4.0,6.1,22.0,15.3,54.5,53.5,6.0,9.3,20.2,20.0,32.0,33.3,17.0,15.3,16.2,20.2,9.1,8.2,22.2,29.3,24.5,25.8,17.3,26.8,14.0,12.9,3.0,4.1,7.1,23.0,20.2,20.6
1772902316.1019075,10.1,21.6,29.7,18.2,6.0,21.6,36.4,29.4,4.0,1.0,3.0,22.0,31.7,29.0,23.8,22.0,21.6,20.8,38.0,38.6,7.0,16.7,2.0,7.9,8.0,15.8,50.5,47.1,5.0,9.0,19.2,15.7,34.3,17.8,12.0,7.0,13.9,20.2,8.0,4.0,22.0,27.7,29.1,26.7,12.7,10.9,18.6,13.0,18.0,5.0,6.9,24.8,14.0,20.8
1772902317.1024506,15.6,6.1,19.8,22.5,4.1,19.2,33.3,29.0,3.1,3.1,3.1,21.0,23.2,23.2,13.1,14.0,22.4,19.2,35.7,31.0,20.4,13.1,6.1,2.0,17.2,5.1,36.0,29.6,7.1,2.1,17.2,15.3,19.2,15.2,4.1,13.0,17.3,21.0,9.3,5.2,16.0,26.3,24.2,15.0,2.0,9.2,13.3,11.2,2.1,3.1,6.1,24.0,0.0,17.3
1772902318.1039677,16.2,17.8,19.2,22.2,5.2,24.8,32.0,30.0,4.0,5.1,1.0,21.0,16.8,21.6,11.1,15.0,28.7,20.8,37.6,43.0,15.2,18.2,5.9,2.0,16.0,8.9,48.5,35.0,19.4,7.1,18.8,23.0,18.0,22.2,21.0,6.0,15.8,20.2,3.0,16.0,22.2,17.3,29.3,30.6,15.0,9.1,12.0,13.1,6.9,3.0,11.1,23.5,10.0,15.2
1772902319.1047513,20.6,11.1,24.0,25.0,24.2,13.1,39.6,22.2,4.0,5.1,2.0,21.8,13.9,16.8,13.9,11.9,23.0,20.8,44.6,30.0,21.8,12.0,6.1,1.0,16.0,9.2,43.0,44.0,30.3,9.9,18.2,19.0,19.2,22.8,7.0,10.3,19.0,18.0,10.1,10.0,24.5,29.7,28.0,29.7,15.2,19.4,13.1,12.1,4.0,3.1,19.0,12.0,12.0,11.1
1772902320.1053402,20.0,3.1,23.5,21.2,21.2,3.0,24.5,20.0,3.0,4.0,4.0,18.2,12.1,20.2,22.2,21.2,23.0,12.1,29.0,23.5,13.1,17.3,4.2,1.0,7.1,16.8,38.0,39.0,19.8,9.2,19.0,16.3,22.2,29.7,16.0,3.0,22.0,16.2,10.1,13.0,26.3,30.0,26.0,16.3,15.2,14.0,14.0,10.1,3.1,4.0,9.0,26.7,17.2,22.0
1772902321.1054132,10.2,11.0,17.0,25.7,19.4,17.3,19.8,22.2,2.0,2.0,9.9,13.0,19.8,25.3,22.0,20.2,20.0,5.1,25.5,29.0,12.1,15.2,5.1,1.0,17.0,7.1,33.0,43.4,2.0,8.1,16.3,19.0,27.3,24.2,17.0,4.0,23.2,17.0,10.0,10.2,31.0,10.1,26.0,12.1,4.0,3.0,12.0,13.0,4.0,2.1,18.4,21.2,24.2,15.2
1772902322.1108541,12.2,19.6,20.0,18.0,25.7,22.5,29.3,43.1,4.0,2.9,10.0,13.0,19.0,25.5,16.0,15.2,13.0,8.0,22.8,27.7,1.0,9.9,4.0,4.0,15.0,14.1,43.6,52.0,8.0,4.0,21.8,12.1,19.8,24.0,8.2,12.0,16.0,12.0,4.0,10.0,23.5,16.7,32.4,35.6,7.1,10.1,20.0,13.0,5.0,6.1,12.6,17.8,7.0,10.2
1772902323.114989,9.4,21.2,20.4,19.0,4.0,23.0,39.4,51.5,3.1,3.0,12.2,10.1,28.3,22.0,14.0,14.0,14.1,21.0,33.3,24.0,10.0,11.2,2.0,6.1,15.2,7.1,56.6,60.0,7.1,4.1,18.8,17.0,16.5,22.8,12.1,6.2,17.8,19.2,2.0,10.1,26.3,28.0,27.0,23.0,18.2,17.8,29.3,13.0,3.1,5.1,8.1,21.2,6.1,12.0
1772902324.1179912,15.6,23.0,27.0,24.0,7.2,18.2,38.4,40.6,1.0,1.0,6.0,18.8,26.5,39.6,19.0,20.0,27.7,15.2,32.0,22.4,16.2,12.1,3.0,6.0,13.0,6.1,52.0,61.6,13.1,2.0,23.5,16.2,27.7,34.3,5.1,10.0,10.0,18.0,7.1,8.2,15.3,26.0,36.1,32.0,18.2,19.2,18.0,11.2,17.3,5.1,4.0,14.3,24.8,4.1
1772902325.1186311,10.3,24.0,21.8,16.5,14.0,21.0,52.0,37.0,6.9,5.0,29.6,12.1,22.0,27.0,23.0,23.0,23.8,17.0,33.3,22.4,27.7,3.0,2.0,6.1,9.1,15.2,57.6,58.4,12.1,2.0,15.2,18.2,27.3,31.3,12.1,9.0,7.1,28.0,10.1,2.0,31.7,23.2,27.0,35.0,10.1,10.2,12.0,12.0,6.1,9.1,2.0,8.1,21.6,11.2
1772902326.1198468,20.4,11.9,27.3,16.2,18.2,5.1,42.0,43.0,2.0,4.0,10.0,15.2,21.0,27.0,19.4,20.0,21.2,22.0,39.6,35.4,22.2,10.1,2.0,5.1,14.1,12.0,58.0,63.0,8.2,13.3,15.0,19.2,21.8,27.7,9.2,4.0,10.0,17.3,6.1,7.0,27.3,17.0,21.0,19.2,12.1,11.1,12.1,13.0,6.1,4.0,11.1,18.0,22.2,9.1
1772902327.1243398,19.2,25.3,22.4,24.2,26.3,11.0,48.0,50.5,4.0,3.0,21.0,6.9,20.0,24.0,15.7,12.9,22.0,20.6,36.7,29.0,20.2,8.0,5.1,4.0,16.0,19.2,61.0,53.5,6.0,12.1,16.2,19.0,23.2,17.0,9.1,12.1,15.0,29.7,3.0,8.2,21.0,24.2,32.3,26.7,12.0,13.1,11.0,13.1,5.1,4.0,7.9,23.0,4.1,12.0
1772902328.1272218,26.5,15.2,30.3,25.3,20.4,2.0,43.6,44.0,4.0,3.0,24.2,1.0,23.5,29.0,21.0,18.4,25.0,19.2,34.7,39.4,19.8,7.1,4.0,5.1,14.0,13.0,62.4,61.4,24.5,27.6,18.0,17.2,30.0,34.3,7.1,13.3,17.2,15.3,9.1,5.1,30.0,23.2,25.5,33.0,22.2,28.3,11.3,13.1,5.0,6.1,11.2,23.0,18.2,15.2
1772902329.127305,29.0,10.0,20.6,20.8,23.0,17.2,49.5,40.0,1.0,3.1,21.2,4.1,28.3,20.2,23.0,23.0,18.2,18.0,39.4,40.4,15.2,14.0,4.0,5.1,15.2,9.3,53.0,64.0,30.3,14.0,18.2,17.2,16.3,42.0,9.1,9.1,20.0,14.1,8.1,6.1,18.2,31.0,30.3,42.9,8.2,10.2,13.1,9.2,3.0,6.1,22.2,10.1,21.2,16.3
1772902330.127559,26.5,6.1,17.3,17.3,3.1,18.2,45.0,40.4,2.0,3.1,21.2,3.0,22.2,22.2,18.0,19.2,15.2,6.0,33.0,40.4,17.2,13.1,2.0,5.0,22.0,5.1,53.5,57.6,22.2,15.8,15.2,16.8,22.2,24.2,7.1,8.2,11.1,17.3,2.1,8.2,26.0,28.0,22.8,30.0,15.2,17.2,13.4,10.9,2.0,4.1,23.8,5.1,18.4,9.1
1772902331.1282475,18.4,15.0,24.2,21.0,16.2,21.8,49.5,49.5,3.0,5.1,19.0,4.1,25.7,36.6,12.0,16.2,15.7,8.1,40.0,41.6,14.0,21.2,2.0,5.1,18.8,13.0,56.4,53.5,21.8,3.1,20.0,14.3,28.7,18.0,4.1,15.8,16.0,19.2,8.9,7.1,30.0,18.4,31.4,43.7,15.8,14.3,16.8,7.1,4.0,4.1,12.2,12.0,14.9,3.1
1772902332.130937,17.5,22.2,25.3,28.0,22.8,3.1,39.0,41.0,2.0,1.0,17.2,13.0,15.2,25.5,13.1,15.8,11.2,11.1,38.0,41.4,11.1,21.2,3.0,8.0,13.3,10.2,61.0,52.5,3.1,7.1,20.2,15.8,22.4,43.4,11.1,6.1,21.0,13.0,4.1,10.0,24.0,32.0,23.5,29.3,24.5,23.2,15.0,10.9,5.2,2.0,5.1,7.1,15.3,20.2
1772902333.137846,21.6,10.1,19.4,21.8,15.3,8.9,31.7,35.3,3.0,4.0,37.6,19.0,19.2,21.0,12.2,11.0,6.0,16.8,34.7,42.4,7.0,12.1,4.0,5.0,15.0,8.9,59.6,56.0,2.0,11.1,20.0,15.2,28.7,25.7,12.0,6.1,28.0,6.0,5.1,8.1,14.1,26.0,35.6,31.0,7.1,8.1,12.1,10.1,5.0,4.0,2.0,3.1,23.2,12.4
1772902334.1387553,11.2,21.0,23.0,22.2,12.1,28.7,40.0,44.6,2.0,2.0,16.2,12.1,25.0,23.8,10.1,6.1,16.2,26.3,35.4,41.6,11.3,5.0,5.1,5.1,25.3,19.2,64.7,54.5,8.2,4.1,18.2,13.1,18.0,27.7,11.1,12.0,14.0,13.1,7.0,6.1,30.0,30.3,27.0,36.0,16.8,9.2,13.3,10.0,4.0,4.0,3.1,9.0,9.0,15.2
1772902335.1395946,9.4,20.2,26.3,15.0,31.3,20.2,52.0,42.4,2.0,4.0,20.2,19.2,22.0,27.3,3.1,3.1,18.8,27.0,30.3,30.3,12.1,20.2,3.1,3.1,11.0,15.3,53.5,60.6,8.0,3.1,15.3,17.0,23.2,20.4,8.2,8.2,23.2,10.1,4.1,8.1,14.1,23.8,34.0,32.3,27.3,28.0,12.0,10.0,3.1,6.1,8.0,8.2,3.0,14.0
1772902336.1396809,18.6,27.0,31.6,30.3,17.2,32.0,31.6,40.6,4.0,3.0,10.2,15.2,24.0,26.0,10.1,16.2,21.2,19.4,31.3,29.3,20.0,22.0,5.1,3.0,7.1,19.0,57.6,58.4,1.0,8.2,16.8,16.3,36.4,31.0,5.1,11.1,24.0,12.0,10.0,3.1,25.3,27.3,29.3,31.0,27.3,18.6,12.2,11.1,5.0,3.1,7.1,5.2,16.3,23.2
1772902337.139773,10.4,21.0,19.0,20.8,4.1,18.2,45.5,19.4,1.0,2.0,2.0,2.0,32.0,20.0,21.4,22.2,14.1,22.8,26.0,23.0,4.1,24.0,5.0,2.0,10.0,16.2,52.9,46.0,10.1,4.0,18.4,15.0,35.6,11.1,12.1,4.1,13.1,14.1,8.2,5.0,23.2,17.0,23.2,29.4,21.0,14.1,10.0,9.2,6.0,4.1,22.0,6.1,14.3,16.5
1772902338.1398485,9.3,24.8,15.2,17.0,3.0,16.2,34.3,20.0,8.0,2.0,2.0,21.2,22.0,32.0,14.9,18.8,13.1,5.1,24.2,28.3,7.9,21.0,5.1,3.0,4.1,15.7,41.6,49.0,4.0,7.1,13.1,24.2,15.3,20.2,7.0,6.9,6.1,20.2,6.0,4.1,19.2,21.2,18.0,18.2,26.0,4.0,11.1,11.9,3.0,3.0,12.1,14.1,3.1,15.0
1772902339.1415892,19.4,14.0,23.2,16.0,24.2,19.0,44.1,31.0,4.0,4.0,8.0,22.5,31.0,28.3,14.0,13.1,22.0,11.9,32.4,31.4,13.0,21.2,4.0,4.0,12.1,21.2,55.0,50.5,10.2,5.1,17.0,21.0,24.8,32.4,10.9,13.1,11.0,20.0,8.1,8.0,26.0,24.8,22.0,26.3,24.0,24.8,13.0,23.0,3.0,5.0,8.1,19.6,7.0,11.1
1772902340.141672,9.4,23.5,14.3,28.6,20.0,7.0,45.4,24.2,5.1,4.1,12.1,12.1,16.0,16.0,19.4,22.8,24.5,18.2,41.2,33.3,16.3,13.3,5.1,4.0,13.3,14.1,53.1,42.4,11.0,2.0,20.2,21.0,24.2,31.3,6.3,5.2,15.2,15.3,5.2,8.1,25.5,23.2,38.4,29.0,18.4,15.5,15.0,10.1,5.1,3.1,8.2,11.5,18.0,21.2
1772902341.1422784,21.4,19.6,34.0,19.0,18.2,21.2,47.5,35.0,3.0,5.0,21.0,2.0,12.9,15.0,21.2,23.2,20.8,25.0,34.3,33.3,15.2,12.0,4.0,6.1,12.0,14.1,55.9,48.5,5.1,10.0,16.0,20.2,27.3,28.6,4.1,15.2,17.2,14.1,8.0,7.1,33.0,20.2,29.6,32.0,14.1,13.1,12.1,10.2,5.1,4.0,7.0,5.0,11.2,25.5
1772902342.1466033,20.0,14.3,21.4,16.2,22.2,2.0,45.5,41.6,0.0,5.1,21.0,4.0,11.0,14.0,17.0,17.0,23.0,21.0,30.3,28.6,15.0,17.0,7.0,1.0,10.1,14.0,59.4,53.5,2.0,8.1,20.0,17.0,21.0,20.8,7.1,6.1,18.0,13.0,5.1,8.8,29.0,19.2,36.3,27.3,8.0,14.0,12.0,12.0,3.0,3.1,17.0,12.1,13.1,11.1
1772902343.1505115,20.6,12.9,21.0,24.8,12.4,16.7,43.1,42.0,4.0,2.0,22.0,1.0,13.1,13.0,15.8,12.1,24.5,17.8,22.2,25.0,10.0,19.0,5.1,3.0,19.8,5.0,56.6,56.0,5.1,6.1,17.0,19.0,28.0,33.0,6.0,16.0,13.0,18.8,6.1,4.0,29.7,22.0,35.6,28.0,21.2,17.2,12.1,11.1,18.0,9.0,21.0,9.0,3.0,16.0
1772902344.151457,22.8,16.0,16.3,29.7,31.3,7.1,46.5,34.0,2.1,4.0,10.2,10.1,27.0,20.0,26.7,20.0,21.2,19.2,22.2,22.4,10.1,17.5,5.1,5.1,21.4,14.4,60.6,64.6,7.0,11.9,18.2,21.2,32.0,26.3,21.6,10.2,12.1,19.0,8.2,6.1,25.3,18.0,32.0,30.6,17.2,21.4,13.0,12.1,6.1,5.1,24.8,6.2,27.3,12.4
1772902345.1515343,16.2,25.0,20.2,24.5,22.0,10.2,39.0,35.0,2.0,3.0,3.1,1.0,23.8,24.2,20.6,21.0,18.2,20.0,29.0,27.0,9.0,5.9,6.0,2.0,19.6,7.0,54.4,59.4,8.1,3.0,18.0,16.8,20.0,33.7,25.7,11.9,11.0,19.0,9.9,5.0,26.0,30.7,36.0,30.4,11.0,12.1,11.0,13.0,2.0,4.1,23.0,8.1,20.2,12.9
1772902346.1533728,23.7,12.2,25.8,10.0,24.7,8.0,48.0,37.0,2.0,2.0,3.0,3.0,25.0,21.2,17.0,14.0,23.0,22.2,38.8,37.6,22.0,5.2,5.1,2.0,13.1,4.1,55.1,50.5,5.1,6.1,16.2,12.2,16.2,27.0,3.0,8.2,13.0,10.1,6.2,4.1,15.2,13.3,25.8,32.0,16.2,13.0,12.0,13.0,4.0,6.0,22.0,2.0,8.0,15.0
1772902347.154166,14.6,17.2,27.0,15.2,20.2,8.9,45.5,37.4,3.0,4.1,3.0,2.0,26.3,21.0,13.1,13.1,20.4,21.0,38.0,40.8,8.2,20.0,7.1,2.0,16.3,13.3,54.5,56.6,6.0,9.0,18.4,18.2,32.7,30.3,18.2,17.2,8.1,26.0,14.1,2.0,26.3,30.3,30.4,31.3,22.2,19.2,13.3,10.1,3.0,4.1,14.1,10.1,0.0,15.5
1772902348.154558,10.5,21.0,25.5,12.0,24.0,10.0,53.0,45.0,3.1,3.0,2.0,5.0,15.8,17.8,22.2,21.2,17.0,24.0,40.6,36.4,8.2,21.0,3.0,6.1,13.9,13.1,58.6,57.0,9.0,2.0,18.8,16.8,23.2,32.0,16.0,6.0,10.0,19.2,4.0,8.0,23.0,18.0,27.6,27.6,18.2,10.3,13.0,9.1,3.1,3.0,14.0,8.2,12.0,24.2
1772902349.1546397,18.6,23.8,26.5,19.4,24.7,4.0,42.0,47.0,4.0,4.0,4.0,8.2,18.0,21.0,23.0,22.0,12.2,10.2,37.8,38.4,17.2,12.2,5.1,6.1,6.1,16.3,57.6,57.4,10.3,2.0,19.0,18.2,35.0,8.2,8.1,9.3,9.3,16.3,9.3,2.1,27.0,27.3,35.0,34.7,9.2,12.0,13.0,11.1,4.0,4.0,13.1,13.1,20.2,13.3
1772902350.1547294,8.3,21.2,17.0,23.8,26.3,12.0,46.0,34.3,3.0,5.1,9.2,15.2,18.2,29.6,15.3,16.2,20.8,13.0,40.0,33.0,21.0,7.1,4.1,5.0,7.0,18.8,55.0,62.2,7.1,16.2,17.3,17.2,28.0,29.7,5.1,9.0,15.2,18.2,12.9,9.9,29.7,17.0,25.0,21.4,20.0,18.2,10.1,13.1,3.0,5.1,15.8,17.0,17.3,4.1
1772902351.1574595,11.3,23.8,20.4,26.3,11.1,14.9,43.6,45.5,4.1,5.0,12.1,11.9,28.7,21.8,16.0,14.0,24.0,23.0,38.4,35.4,23.0,10.0,4.0,5.1,14.1,18.2,62.4,54.0,9.1,4.1,15.2,19.4,34.3,30.3,10.1,10.3,19.0,10.1,33.7,10.2,20.4,25.5,32.3,25.0,21.2,21.4,11.1,13.0,3.0,4.1,6.1,20.2,4.0,19.8
1772902352.1590035,12.4,17.3,17.3,16.0,8.2,25.3,38.4,43.4,4.0,2.0,4.1,17.2,22.2,23.0,21.0,23.2,16.0,27.0,31.3,39.4,11.1,13.1,1.0,6.1,15.2,11.0,55.0,59.4,8.1,3.0,18.0,13.0,14.1,33.0,11.0,3.0,19.0,10.0,27.0,14.6,25.3,22.0,23.2,21.0,9.2,15.2,11.1,13.1,3.0,6.0,6.2,5.0,21.0,15.2
1772902353.1590905,26.5,15.8,21.2,31.7,5.1,21.0,46.5,41.0,3.1,4.0,5.1,9.1,27.7,19.2,21.2,19.0,22.2,17.2,33.0,35.4,16.3,14.9,2.1,3.0,15.2,5.2,51.5,58.0,9.1,1.0,18.2,14.1,22.2,17.3,9.1,11.1,15.3,8.0,12.1,24.5,23.0,16.2,38.2,36.4,9.1,9.1,9.0,10.1,2.1,3.0,20.8,5.2,23.2,12.4
1772902354.160413,9.4,22.5,13.3,23.0,8.0,17.2,39.4,37.0,3.0,2.0,6.0,2.0,20.2,27.7,7.0,4.0,25.0,15.2,40.4,31.3,13.0,16.3,3.0,5.1,12.0,14.9,54.5,55.6,8.1,3.0,16.0,15.0,35.6,15.8,11.0,1.0,24.0,8.2,17.8,20.0,23.2,31.4,28.0,21.2,16.2,19.0,12.1,11.1,4.0,3.0,10.2,16.2,13.1,4.0
1772902355.1628597,22.0,13.1,25.0,18.2,29.0,8.0,32.7,35.6,5.1,3.0,16.2,21.0,24.5,26.3,4.0,12.2,23.8,21.8,34.0,36.0,13.0,21.2,4.0,6.1,16.3,9.2,60.0,57.8,9.3,3.0,17.3,19.4,32.7,31.3,9.1,17.0,19.2,13.1,10.1,31.3,26.7,24.7,35.4,39.6,33.0,26.3,10.8,12.0,3.1,10.2,4.0,24.0,17.0,13.3
1772902356.164321,24.7,9.1,20.2,22.0,18.4,4.0,40.0,19.2,3.0,3.0,19.2,19.2,20.8,22.0,9.2,16.0,24.8,18.0,34.0,26.0,12.9,16.7,5.1,1.0,13.1,20.0,51.0,50.5,10.0,1.0,16.8,21.0,23.0,25.0,7.1,8.2,19.0,10.0,7.1,5.1,22.4,26.0,22.2,30.0,14.4,19.2,12.0,12.1,4.0,31.3,5.1,24.8,14.1,24.0
1772902357.16538,33.7,8.2,22.2,19.4,20.0,22.0,31.3,24.2,4.1,5.1,23.2,1.0,23.0,25.0,9.3,11.1,29.0,17.2,35.0,41.6,8.2,3.0,6.1,3.1,10.1,16.3,52.0,52.5,13.1,2.0,17.3,19.0,19.4,26.0,11.2,11.9,18.2,11.1,10.2,8.2,19.8,28.0,38.0,27.3,6.1,6.1,13.1,13.0,4.0,33.3,8.1,23.2,13.3,18.4
1772902358.1663914,26.3,4.0,21.6,19.0,4.0,17.0,26.0,29.0,3.1,0.0,23.0,1.0,26.0,28.0,3.0,3.1,18.2,25.0,41.8,30.3,16.2,7.9,5.0,5.1,9.2,13.9,50.0,38.4,7.1,3.0,11.0,19.2,25.7,19.0,6.0,6.2,19.2,16.0,4.0,6.1,14.1,25.7,32.4,34.0,22.8,20.8,12.9,11.0,28.0,4.0,6.1,23.0,17.2,1.0
1772902359.169861,24.8,9.0,21.4,23.0,7.1,25.0,37.4,27.3,10.9,4.0,22.2,2.0,34.3,31.3,14.0,14.0,23.2,19.8,37.0,39.4,22.0,8.1,6.1,2.0,10.9,12.2,48.0,59.4,11.1,4.0,19.2,17.2,41.2,20.2,6.1,15.8,20.8,11.2,4.0,12.0,31.3,29.7,31.3,27.0,13.3,14.3,8.1,14.0,17.0,23.0,12.0,14.0,15.0,9.2
1772902360.170483,23.7,11.1,19.2,25.7,6.2,23.8,49.0,35.0,3.0,5.1,12.1,10.1,16.0,14.1,24.2,21.2,28.7,17.8,40.0,38.4,22.8,11.1,5.0,4.0,7.2,23.0,45.0,44.6,8.9,5.2,19.0,18.2,22.4,30.0,6.1,8.2,12.1,21.0,8.1,5.1,25.3,16.0,37.4,32.3,22.0,23.0,11.1,12.1,31.6,6.1,19.2,11.2,16.3,22.0
1772902361.1707096,23.5,10.9,22.2,26.0,4.0,21.2,48.0,48.5,2.0,6.0,3.0,17.0,25.0,19.0,22.4,23.2,10.1,15.3,37.0,30.3,23.2,10.1,4.1,10.1,13.9,12.1,56.6,63.0,11.3,4.0,17.5,19.0,17.0,24.0,12.2,5.2,18.0,17.3,8.1,7.1,32.4,30.0,34.0,21.8,5.1,8.1,13.1,14.1,13.3,6.1,18.0,26.3,11.2,20.6
1772902362.1721938,13.5,25.5,22.2,20.4,24.2,9.0,44.6,48.5,5.0,3.1,12.1,11.0,22.0,21.4,14.1,12.0,18.2,9.1,25.3,29.4,27.7,5.1,6.1,6.1,14.3,13.0,52.0,54.5,8.1,3.1,18.0,14.1,28.0,27.0,3.1,17.8,10.1,15.7,9.0,4.0,19.4,17.0,20.2,27.3,15.2,14.0,11.1,10.0,4.0,3.1,12.1,42.0,1.0,13.3
1772902363.1808205,14.3,18.2,19.0,25.0,19.2,11.1,44.0,46.5,4.0,2.9,11.1,11.9,21.8,27.5,17.0,13.9,21.8,25.0,34.0,26.5,15.3,16.8,4.1,6.0,16.2,12.0,59.4,65.0,13.0,6.0,22.0,16.2,34.0,24.0,10.1,7.0,12.1,18.2,10.1,9.9,24.8,19.8,23.8,21.2,16.2,22.8,13.0,14.0,3.0,4.1,17.0,37.0,9.0,15.8
1772902364.1837037,26.3,10.9,26.5,17.8,12.0,27.0,38.6,46.0,7.0,2.1,22.8,1.0,20.8,27.0,21.0,24.8,24.0,18.8,30.3,31.0,23.8,8.1,4.0,5.1,21.2,14.1,62.0,56.6,4.0,11.9,18.2,20.0,33.0,24.0,12.9,7.1,13.9,19.0,5.1,11.1,23.0,34.0,26.0,39.6,20.0,21.0,13.0,11.1,18.2,7.1,4.0,11.1,20.0,19.6
1772902365.185198,15.8,16.2,18.4,15.2,8.1,21.0,46.5,44.0,2.1,2.0,3.0,1.0,24.2,25.0,21.2,21.2,23.8,18.2,28.3,26.0,14.3,15.2,3.0,4.1,17.0,6.0,58.4,56.0,8.2,2.0,16.2,18.0,26.0,10.1,6.2,7.1,14.0,13.0,2.0,10.1,23.2,23.2,33.7,31.0,7.1,7.1,10.0,12.1,5.1,6.1,23.8,3.0,14.1,20.2
1772902366.185275,25.8,12.1,26.3,14.1,4.1,19.2,44.9,50.5,3.0,1.0,9.1,6.1,24.0,21.4,15.2,13.1,19.6,22.0,37.0,42.0,17.2,12.1,5.1,4.0,10.1,12.1,57.6,62.7,9.0,6.1,19.0,16.2,29.3,27.0,10.1,10.1,17.3,12.0,2.0,11.1,24.0,24.2,28.6,27.0,14.3,13.1,12.1,10.9,6.0,5.1,23.0,5.1,11.1,7.1
1772902367.1900468,26.3,9.0,19.0,17.0,10.0,26.0,44.0,39.0,4.0,3.0,21.2,1.0,22.8,24.3,12.0,18.0,22.0,14.1,39.2,34.3,9.1,21.8,4.0,5.9,8.0,13.0,50.5,56.4,2.0,9.0,12.0,13.0,19.0,34.7,5.0,8.2,18.8,11.1,8.1,5.1,18.0,17.8,34.7,30.3,25.0,19.2,11.1,10.1,4.0,8.1,22.0,7.0,14.0,10.1
1772902368.1917946,16.0,19.2,19.4,18.2,4.0,17.0,43.0,39.4,4.0,1.0,23.5,5.1,19.8,21.0,26.7,19.8,20.6,16.0,25.8,28.0,6.9,3.0,4.1,2.1,6.1,23.8,61.0,55.0,4.0,9.1,19.0,15.0,17.2,35.6,8.2,10.8,10.0,18.2,6.1,7.0,24.0,28.0,30.0,29.7,12.2,16.3,9.1,11.1,2.0,4.1,13.0,23.2,8.2,26.5
1772902369.193537,17.7,15.0,14.4,27.7,25.5,13.7,32.0,35.0,3.1,5.0,21.2,3.1,28.0,22.0,21.8,20.4,19.2,25.7,34.3,33.3,8.2,19.2,5.2,2.0,18.2,8.2,56.0,57.6,2.0,10.1,21.2,16.2,9.1,32.0,7.1,8.2,14.0,21.0,6.1,7.1,21.0,28.7,28.7,35.0,10.1,13.0,12.0,13.1,2.0,4.0,3.1,22.0,16.0,17.2
1772902370.19438,28.6,15.3,19.4,25.3,13.3,14.1,50.5,42.4,3.1,3.0,21.4,8.9,26.0,22.7,12.1,13.3,23.2,21.2,35.7,39.0,5.1,24.2,5.0,5.1,10.0,17.0,59.0,54.5,12.1,4.0,18.2,18.2,28.3,38.0,12.0,13.9,13.1,16.3,7.0,7.1,23.2,29.6,29.0,36.3,20.2,12.1,12.0,14.0,4.0,4.1,12.9,16.2,14.1,10.2
1772902371.1948938,15.0,16.8,13.3,29.0,9.1,26.0,47.0,39.0,3.1,3.0,22.0,6.2,24.2,22.8,19.2,21.8,21.2,18.2,39.4,36.0,7.1,21.8,5.1,2.0,11.1,9.2,56.0,59.0,5.0,8.2,17.0,16.8,29.7,26.5,7.1,7.2,16.0,14.1,6.2,5.1,22.0,29.7,29.3,27.3,22.2,16.3,10.1,12.9,3.1,3.0,22.0,7.1,12.1,17.0
1772902372.1966207,9.3,24.8,16.3,23.0,7.0,23.2,47.1,37.0,4.0,2.0,20.0,4.0,28.3,25.3,21.8,23.2,14.1,17.0,37.3,37.1,25.0,7.0,4.1,7.1,9.2,25.3,60.4,58.4,8.2,5.1,17.2,19.4,22.4,29.7,9.2,12.1,16.3,13.1,8.1,5.1,22.2,21.4,38.4,33.3,18.4,10.3,12.1,11.2,4.0,4.1,11.2,16.3,14.1,21.4
1772902373.201975,9.3,22.8,17.3,22.0,6.1,18.8,45.5,36.5,2.0,3.0,10.1,9.0,14.9,16.0,20.2,17.2,5.9,15.2,38.4,37.6,25.0,8.1,5.9,3.0,10.0,11.1,52.5,55.6,9.0,3.0,13.1,18.8,17.0,18.8,10.9,4.0,13.1,10.9,9.1,4.0,32.7,21.6,24.0,27.0,8.1,8.2,13.9,9.9,5.9,3.0,16.8,9.9,18.2,6.1
1772902374.2029831,14.1,23.5,22.8,16.8,9.1,25.0,35.0,35.7,4.0,2.0,14.1,10.1,22.0,15.0,14.1,13.9,15.3,27.7,36.4,41.0,24.0,10.1,7.1,1.0,13.1,11.2,56.6,58.0,1.0,11.1,22.0,17.2,33.0,32.3,5.1,16.2,13.0,21.0,9.1,6.1,20.0,23.0,39.6,34.7,13.9,17.8,12.2,10.0,4.0,3.1,15.8,4.1,10.2,10.0
1772902375.2043145,14.3,23.8,27.8,18.4,5.2,19.2,43.4,34.3,4.1,3.1,15.0,14.3,20.4,27.3,19.0,21.4,28.0,18.0,33.7,36.4,21.0,11.0,6.1,1.0,14.1,12.0,49.0,46.1,2.0,6.1,15.3,20.0,37.4,22.2,12.1,5.0,9.1,19.4,7.2,6.1,33.0,32.7,17.2,19.2,20.4,24.2,9.2,13.1,4.1,5.0,3.1,5.1,18.4,12.1
1772902376.207697,8.3,22.0,25.7,12.9,10.1,23.8,28.3,34.7,2.0,6.9,23.5,19.0,23.8,22.0,11.2,14.9,20.0,19.2,23.0,31.0,17.3,9.1,5.1,5.0,15.2,16.0,47.6,51.0,5.0,11.9,18.6,18.0,29.0,20.0,10.1,9.1,18.2,14.0,7.0,6.0,18.4,21.0,40.4,35.3,27.0,29.3,10.9,13.9,5.0,4.0,12.0,18.0,12.0,22.4
1772902377.2082455,13.4,19.0,27.3,12.2,2.0,23.0,27.0,37.4,5.1,4.0,12.1,3.0,26.7,24.5,8.2,10.1,30.0,18.0,36.0,23.0,18.6,15.0,4.0,9.1,13.0,11.3,49.5,50.5,2.0,10.2,18.4,15.0,22.8,24.2,3.1,9.0,18.0,10.0,4.1,8.1,23.8,33.3,26.0,30.6,8.2,22.4,12.0,14.0,6.1,3.1,9.2,24.2,7.1,22.2
1772902378.2086387,14.4,23.0,24.5,20.0,9.1,29.0,46.0,40.0,3.1,1.0,2.0,5.1,25.0,23.2,5.0,4.0,24.8,17.0,21.6,32.3,17.2,9.3,3.1,5.1,6.1,19.2,48.5,46.0,6.1,9.1,19.0,15.3,26.3,35.0,10.0,13.3,18.8,12.2,10.1,5.1,17.2,26.0,36.0,40.4,18.2,22.8,10.2,13.3,3.0,4.0,7.0,21.2,4.1,13.1
1772902379.218116,10.4,23.0,27.6,15.0,4.0,19.0,51.0,44.6,3.0,1.0,4.0,20.8,34.7,30.4,10.0,8.1,23.8,14.1,24.5,26.7,20.0,3.9,5.0,5.0,11.9,15.8,53.0,48.5,5.9,6.9,14.0,16.8,23.8,35.3,3.0,10.9,18.2,13.7,9.0,3.0,24.8,28.0,29.0,23.8,19.8,19.0,11.9,9.9,4.0,3.0,0.0,22.8,16.8,16.3
1772902380.2182026,11.1,22.8,14.3,24.2,8.0,21.0,41.0,44.0,3.0,5.1,2.0,24.2,29.7,28.3,17.2,14.1,28.3,20.0,37.8,36.0,12.2,4.1,5.2,2.0,9.1,20.2,65.3,56.6,31.6,9.1,19.2,18.2,13.0,35.4,5.2,16.3,26.3,5.1,6.1,7.1,25.3,24.0,31.6,37.0,19.4,22.4,13.1,12.1,2.1,5.1,6.1,22.8,11.2,24.2
1772902381.2189112,10.5,24.2,18.2,21.8,8.2,22.0,28.6,43.4,2.1,2.0,5.1,19.8,24.0,19.8,20.2,19.2,17.0,23.0,35.4,26.3,12.9,13.1,6.1,4.0,11.0,13.0,58.0,53.0,24.8,17.2,15.3,14.3,18.4,31.0,5.1,12.0,24.2,7.0,8.2,4.0,21.8,28.3,35.0,27.7,4.1,9.1,11.9,13.1,3.1,4.0,10.9,23.2,6.1,17.3
1772902382.2193544,24.0,14.0,23.5,13.0,5.1,16.2,29.0,39.0,5.2,5.1,22.8,0.0,22.0,21.4,13.0,12.1,25.3,18.2,30.6,30.0,24.2,7.1,4.1,3.0,7.2,15.2,59.0,62.4,21.4,22.4,18.6,13.3,29.0,36.0,12.1,6.1,19.0,14.0,8.1,3.0,22.2,27.3,17.2,18.2,15.8,22.0,11.1,12.1,5.9,8.2,15.2,11.1,1.0,16.0
1772902383.2211037,27.6,9.1,21.4,28.6,10.1,31.7,50.5,45.1,3.0,0.0,22.2,1.0,28.0,22.8,19.2,21.0,24.5,17.0,28.3,27.3,23.8,10.0,4.0,5.1,11.1,24.0,57.4,56.6,8.9,21.0,18.4,19.0,31.0,19.0,10.0,7.0,17.2,12.0,8.1,7.1,24.0,24.2,23.2,28.0,24.5,14.3,11.0,12.7,9.1,17.0,23.5,6.1,8.2,25.3
1772902384.2218106,22.8,14.4,30.3,14.0,9.1,21.2,43.0,43.0,3.1,4.0,12.2,10.1,28.7,23.8,22.8,24.8,21.2,20.2,21.2,27.8,16.2,17.0,9.0,2.0,20.0,6.2,60.2,60.0,10.2,37.4,18.2,17.0,28.0,26.3,11.1,13.1,20.0,12.2,8.0,8.2,30.3,27.3,24.8,24.2,25.3,22.4,14.1,10.2,5.1,5.1,13.3,14.3,11.1,26.5
1772902385.2248588,8.4,21.8,18.4,18.4,11.1,28.7,41.0,45.0,3.1,2.0,6.0,16.0,12.1,13.1,18.4,16.2,14.1,11.1,33.0,42.0,23.8,6.1,5.1,3.0,11.0,11.1,53.9,62.4,7.1,22.4,12.2,20.2,31.0,25.3,4.0,9.1,25.0,6.0,6.1,4.1,17.8,22.8,19.4,21.0,4.1,2.0,12.1,12.1,3.0,3.0,20.0,10.9,4.0,17.2
1772902386.2249472,20.2,16.0,27.0,24.0,4.1,24.5,39.0,46.5,3.1,4.0,11.1,13.3,22.0,18.0,13.1,14.0,18.0,19.2,31.3,49.0,16.3,10.1,2.1,5.1,15.2,13.0,61.6,58.6,2.0,14.0,15.0,24.0,40.4,21.4,21.4,15.2,12.1,20.0,11.0,6.1,31.6,28.3,22.0,28.0,24.2,23.0,15.0,9.9,3.1,2.1,12.1,5.1,3.1,15.2
1772902387.2265913,10.5,22.2,17.5,16.2,24.2,14.9,46.0,47.0,2.1,4.0,10.1,12.1,21.0,27.5,17.2,19.0,20.0,22.8,35.4,32.3,14.3,9.2,3.0,4.0,17.0,6.1,54.5,57.4,3.0,7.2,13.0,18.2,13.1,21.8,6.0,7.1,9.0,20.2,8.1,7.1,16.2,17.2,30.7,35.4,14.1,14.1,10.2,10.2,5.9,5.9,3.1,4.0,20.0,17.2
1772902388.2273958,17.5,15.8,23.2,25.5,11.2,16.2,42.6,43.4,3.0,4.0,3.0,17.0,29.7,25.0,24.0,23.2,14.1,30.0,41.4,42.6,16.2,18.8,3.1,7.1,14.1,24.8,66.0,55.0,7.1,7.0,19.4,21.0,27.3,32.3,21.4,10.1,13.3,20.8,4.1,10.1,25.0,32.0,33.7,33.3,21.2,19.2,14.9,11.0,6.1,7.1,22.8,9.1,18.4,19.4
1772902389.2303376,26.3,6.0,26.0,13.3,15.8,23.0,47.5,39.0,3.0,5.0,3.1,5.1,18.0,30.7,19.0,20.0,18.6,25.7,38.4,35.6,13.0,16.2,6.0,4.0,15.0,5.1,56.0,63.0,10.2,2.0,14.0,19.4,21.2,43.1,33.0,14.0,8.1,19.4,8.0,2.0,23.8,23.0,30.0,34.0,5.1,7.2,13.1,11.1,5.0,4.0,22.0,7.1,6.1,13.0
1772902390.2304368,19.6,17.3,26.8,33.0,20.4,3.1,41.6,52.5,2.0,6.2,6.1,21.4,24.0,27.3,12.2,17.3,18.4,29.0,44.0,40.4,12.2,23.2,7.1,3.1,21.4,9.1,63.6,57.0,11.1,7.1,25.3,20.6,32.7,22.7,37.8,21.2,11.1,24.0,10.3,7.1,26.5,28.3,27.8,26.3,23.2,24.5,12.1,12.2,4.1,6.1,10.2,20.2,14.1,9.2
1772902391.2308898,16.5,19.8,24.5,18.2,18.2,21.4,46.0,46.5,2.1,2.1,23.5,8.0,25.0,22.8,19.0,21.8,18.0,23.2,38.6,40.2,3.1,9.1,6.0,5.0,15.0,16.2,57.4,54.5,7.1,8.1,23.0,16.5,21.4,21.0,32.0,6.2,26.5,2.0,3.0,9.3,26.0,19.0,20.8,25.5,16.3,20.0,11.1,10.1,4.0,4.0,5.1,23.0,17.3,14.3
1772902392.2309732,14.1,21.0,21.4,19.8,23.2,5.0,30.0,39.6,4.0,3.0,22.8,3.0,19.4,28.0,25.7,21.4,18.2,23.8,35.1,35.3,19.0,8.1,5.1,6.0,20.4,8.2,56.1,59.6,12.1,3.1,17.2,15.3,35.0,19.6,28.3,16.2,27.0,10.9,8.2,9.2,27.6,32.0,36.4,29.3,16.0,10.3,12.2,13.1,4.0,5.2,7.1,23.2,14.3,24.2
1772902393.2310631,24.7,9.0,25.3,11.1,25.3,8.1,31.3,20.4,4.0,5.0,22.2,16.3,23.2,27.0,16.2,20.0,22.2,17.2,28.0,26.3,21.2,10.1,2.0,5.1,15.8,8.1,55.0,52.5,5.1,5.1,16.2,17.8,41.0,25.0,31.0,11.2,18.2,10.2,10.0,6.1,25.7,25.0,40.0,27.7,16.3,14.1,13.0,12.0,3.1,9.1,12.0,15.0,14.0,10.1
1772902394.2313423,13.5,6.1,17.0,21.8,20.2,6.0,19.0,15.0,2.0,1.0,22.0,10.1,21.0,17.0,11.0,13.0,15.0,26.5,27.0,13.3,20.8,10.0,2.0,3.0,16.2,6.1,36.6,36.4,2.0,7.0,16.0,16.3,21.0,19.0,10.1,11.0,24.0,11.9,5.0,9.9,24.2,13.3,19.0,26.0,20.2,25.3,13.0,11.1,3.0,4.0,17.2,7.1,13.9,5.1
1772902395.23138,13.3,8.2,30.7,21.2,20.8,1.0,22.2,19.2,3.0,1.0,12.1,11.0,23.0,23.8,11.1,12.9,28.7,9.3,25.0,21.0,21.0,11.0,3.0,6.0,20.0,5.0,28.6,39.0,7.0,2.0,16.0,19.8,14.0,18.2,7.1,16.0,21.8,17.3,2.0,14.1,28.3,16.0,9.1,27.3,10.3,17.0,12.0,12.7,2.0,3.0,18.2,14.0,15.3,4.0
1772902396.2340584,16.0,20.0,28.7,15.2,21.2,0.0,30.7,26.0,1.0,3.0,17.0,2.0,24.8,21.8,12.7,11.1,11.1,12.0,36.0,33.0,20.0,10.0,2.0,3.0,17.8,6.0,42.0,51.5,1.0,7.1,19.0,16.8,18.0,12.1,10.0,7.0,21.2,16.8,3.0,12.9,26.3,23.0,14.7,27.3,10.0,10.0,17.0,14.1,12.9,4.0,16.0,17.2,5.0,19.2
1772902397.2358575,12.2,22.2,15.5,18.0,28.4,11.1,38.0,34.0,4.0,2.0,20.0,4.1,27.3,19.2,17.3,14.0,14.0,6.1,41.4,36.4,18.0,9.1,4.0,3.1,7.1,16.2,51.5,48.5,10.0,8.1,16.2,19.2,18.2,29.3,9.2,4.0,18.2,12.0,3.0,8.2,23.8,24.0,30.3,31.3,12.1,6.1,10.3,13.0,12.2,5.1,18.2,8.0,23.0,15.0
1772902398.2359338,7.3,21.8,22.2,13.1,19.4,4.0,27.3,43.4,3.0,3.1,9.1,15.2,16.0,16.2,14.1,12.0,27.0,14.1,39.0,35.4,6.1,15.2,2.0,10.9,12.0,16.0,41.6,47.0,7.2,3.0,17.0,16.8,20.2,37.6,10.0,8.1,6.1,26.5,4.1,6.1,19.0,19.0,31.7,27.7,18.0,25.3,11.0,11.2,2.0,3.1,8.1,4.1,22.2,13.4
1772902399.2360153,14.1,16.0,24.0,18.0,22.2,1.0,42.6,43.4,2.0,3.0,11.1,13.0,14.0,15.2,8.2,7.1,19.0,21.0,37.8,31.3,19.0,11.9,2.0,4.0,16.2,8.2,46.5,47.0,2.0,10.2,16.3,14.1,41.2,22.0,10.0,5.1,13.0,19.0,8.2,6.1,21.2,34.3,23.8,25.0,15.2,15.2,9.1,14.1,3.1,4.0,14.1,12.0,16.2,6.1
1772902400.2360954,10.3,6.1,20.2,19.8,17.0,5.0,33.7,39.6,2.0,2.0,2.0,19.0,11.0,12.7,1.0,0.0,17.0,20.8,3.0,16.0,15.8,14.3,1.0,2.0,19.8,2.0,34.0,31.0,3.0,3.0,12.0,18.0,5.1,18.8,5.0,7.0,12.0,21.2,5.0,6.0,26.0,24.8,12.2,17.2,4.0,3.0,11.7,12.0,3.0,1.0,8.9,21.4,2.0,18.0
1772902401.238423,13.3,24.0,27.3,16.0,11.1,25.0,46.5,43.0,1.0,3.0,2.0,9.3,25.0,23.5,5.9,4.0,18.0,26.0,22.2,23.2,18.4,13.1,8.0,2.0,13.3,10.0,53.1,57.8,11.1,25.0,16.2,16.2,26.5,19.2,11.1,13.1,15.0,18.0,6.1,8.1,28.0,16.0,36.6,38.6,13.0,9.9,12.2,11.0,3.0,5.0,8.1,23.0,11.1,7.1
1772902402.2412055,22.0,21.0,30.0,22.0,3.1,20.0,46.5,38.6,3.0,2.0,2.0,5.0,33.0,36.6,8.1,3.0,26.0,20.8,21.0,19.8,20.8,8.0,6.1,2.0,7.0,18.2,59.8,58.4,10.0,5.1,14.0,20.0,23.0,17.0,15.0,22.0,21.0,13.9,12.0,3.0,23.8,20.2,24.0,25.0,10.0,10.0,12.1,9.9,4.0,2.0,7.1,24.0,19.8,16.2
1772902403.2415946,28.0,5.9,15.3,25.0,7.0,23.5,33.3,43.1,2.0,3.0,22.0,9.9,22.0,26.5,9.9,17.8,23.8,14.0,32.7,23.2,13.0,11.0,2.0,5.0,17.0,7.9,55.4,50.0,5.0,9.0,13.0,18.0,30.7,28.3,14.0,31.7,20.0,13.9,7.0,7.1,23.2,35.3,21.2,16.8,15.0,12.1,12.9,10.0,3.0,4.0,10.9,23.2,26.3,11.2
1772902404.2453604,21.2,9.2,21.2,27.0,8.1,27.3,34.3,36.0,3.0,1.0,21.4,4.1,26.7,23.2,11.3,12.2,8.1,20.2,32.7,27.0,6.1,11.1,3.0,6.1,18.0,10.3,52.5,52.5,8.0,5.1,18.2,22.2,32.3,23.0,14.3,27.0,20.0,19.2,13.3,7.1,30.0,16.3,23.2,17.3,16.5,17.2,14.0,12.1,2.0,4.1,12.4,18.0,22.0,6.1
1772902405.2475383,15.3,6.0,18.2,23.2,1.0,19.0,30.4,31.0,2.0,2.0,22.8,2.0,21.0,25.0,2.0,2.0,2.0,19.0,28.3,23.0,16.0,3.0,2.0,3.1,13.0,13.0,45.0,49.5,6.1,6.1,13.0,18.0,19.0,12.0,11.1,3.0,21.8,15.8,2.0,14.0,28.0,17.0,16.2,6.0,14.0,12.0,13.1,11.0,2.0,2.0,7.0,14.1,18.2,3.0
1772902406.2493708,18.2,4.1,24.2,19.0,18.4,4.0,31.3,33.7,1.0,2.0,21.0,6.1,24.8,23.0,14.9,8.0,6.1,19.0,21.0,30.0,8.2,7.1,2.0,5.1,20.0,5.0,44.4,43.0,1.0,4.0,17.2,16.3,13.3,17.3,13.1,4.0,23.2,13.1,4.0,13.1,12.0,27.3,13.9,14.1,2.0,4.1,9.0,11.9,2.0,3.0,8.0,23.5,18.8,5.1
1772902407.250606,12.1,19.8,13.1,24.2,4.0,20.2,42.0,32.0,2.0,10.0,21.0,14.1,23.0,21.0,10.2,14.3,12.0,13.0,26.0,29.4,12.0,9.0,2.0,6.1,9.2,10.1,54.0,54.9,10.0,9.0,13.1,21.8,19.0,26.0,11.0,3.0,20.2,14.0,8.1,4.0,18.2,29.0,33.3,24.0,3.1,6.0,10.0,11.2,5.1,3.0,13.0,19.4,6.1,10.2
1772902408.2539742,9.4,20.8,22.0,26.5,22.2,17.6,35.4,49.5,2.0,26.7,12.0,9.0,22.0,23.2,19.8,13.7,6.1,16.0,28.0,30.6,26.7,5.0,4.0,10.0,7.0,20.8,54.5,56.0,10.0,5.0,16.2,20.2,22.8,22.8,16.2,6.1,19.0,16.0,10.9,7.1,24.0,31.0,42.6,24.2,9.9,5.0,11.0,12.9,2.0,3.1,11.0,19.8,11.0,20.8
1772902409.2540631,11.2,16.0,22.2,23.7,22.4,4.0,38.4,43.1,5.0,7.3,4.0,13.0,24.2,22.8,25.0,19.2,11.1,25.3,24.2,23.2,25.5,10.0,4.1,5.2,14.1,7.1,48.5,46.0,4.1,5.1,14.1,19.2,20.2,34.3,1.0,16.0,19.0,18.2,13.4,3.1,24.2,18.0,25.3,16.0,19.8,18.0,10.1,13.1,2.0,2.0,13.1,16.3,23.2,13.3
1772902410.2545648,19.2,12.0,22.2,23.8,21.0,2.0,43.0,46.9,1.0,4.0,14.1,8.1,24.8,22.0,21.2,19.8,22.5,23.0,35.0,37.0,23.5,15.3,4.0,5.0,18.0,11.0,38.4,43.0,2.0,8.2,21.0,18.0,30.7,23.2,3.0,20.2,17.2,23.2,15.0,9.1,22.0,21.2,17.8,19.0,13.3,15.0,10.2,12.2,17.2,7.1,15.2,15.0,22.4,13.1
1772902411.2558806,21.4,5.1,21.2,25.0,22.2,1.0,43.0,45.5,1.0,1.0,10.2,12.1,22.2,27.5,11.9,13.1,25.0,22.5,35.7,37.4,20.4,17.0,4.1,4.0,11.0,14.1,53.5,49.0,3.0,4.0,19.2,21.2,19.6,23.8,8.2,14.0,20.2,21.0,10.2,9.1,26.3,20.8,16.3,24.2,10.2,8.2,13.0,11.0,6.1,7.1,12.1,3.1,15.2,8.1
1772902412.2575748,8.3,20.2,22.0,25.7,10.2,22.8,44.6,32.3,5.0,6.1,3.0,21.0,14.7,13.1,13.0,12.9,18.0,25.3,38.6,39.0,20.0,10.0,4.0,4.0,4.0,20.0,53.5,57.1,9.2,5.1,18.0,16.0,21.8,12.2,15.0,12.1,14.0,20.0,9.0,6.0,29.3,26.7,35.6,31.4,7.1,10.0,12.0,11.0,4.0,2.0,7.0,7.1,3.0,18.2
1772902413.2589612,12.0,20.0,24.2,20.0,17.3,15.0,18.2,27.0,3.1,2.0,2.0,4.0,15.0,15.8,12.0,13.1,22.5,24.8,30.6,37.6,17.2,16.0,7.9,3.0,11.9,25.0,58.4,54.0,10.1,3.0,21.8,18.0,23.0,17.8,2.0,13.0,18.8,20.0,7.0,8.1,27.0,18.0,23.0,24.2,11.9,12.0,12.0,13.1,2.1,4.0,9.1,9.9,14.1,20.2
1772902414.2598839,12.2,9.9,24.0,15.2,2.0,20.0,16.2,28.3,4.0,2.0,3.0,4.0,14.0,19.0,21.2,24.8,16.3,4.0,20.8,28.3,23.0,13.0,2.0,1.0,4.1,19.8,47.5,43.4,10.1,2.0,17.2,15.2,33.7,24.0,11.1,7.9,15.0,18.2,11.3,2.0,16.8,24.2,16.3,25.0,7.1,16.2,11.1,12.2,5.0,1.0,6.1,23.2,11.0,27.0
1772902415.2619483,13.4,4.1,21.4,23.0,12.1,15.2,29.7,24.0,2.0,2.0,3.0,3.0,20.2,22.0,21.0,20.0,20.0,5.1,23.2,28.3,20.0,15.2,4.0,4.0,18.0,4.1,44.9,37.4,5.0,1.0,15.2,21.2,21.2,28.3,16.0,3.0,12.1,26.5,11.1,5.1,19.2,20.2,13.0,20.2,11.2,10.1,12.0,11.0,3.0,0.0,9.2,23.2,21.6,17.3
1772902416.2628977,15.3,9.0,21.0,20.2,15.2,7.1,21.2,40.6,1.0,2.0,6.9,2.0,18.6,27.7,14.0,14.1,19.2,5.9,24.0,22.0,20.8,14.0,4.0,1.0,3.0,20.8,33.7,39.2,6.1,2.0,21.8,16.8,14.0,21.0,18.2,4.1,11.1,28.0,14.7,2.0,33.0,17.0,10.2,12.0,8.0,9.0,10.0,11.0,4.0,2.0,10.0,24.8,16.2,4.0
1772902417.2634537,16.5,20.2,30.3,14.9,11.0,29.7,37.6,32.0,4.0,4.0,6.9,19.8,21.8,25.0,12.1,13.9,21.6,6.0,33.0,32.0,16.2,7.1,4.0,3.0,13.0,12.0,41.6,44.9,8.0,8.2,22.0,16.2,15.2,19.8,4.0,15.2,20.0,14.0,8.2,5.1,26.0,28.3,20.8,27.7,5.1,6.1,14.0,9.0,5.0,1.0,7.1,26.5,15.0,4.0
1772902418.2676961,16.3,16.0,23.2,23.0,3.0,23.5,46.0,20.0,1.0,2.0,3.0,22.4,21.2,24.0,11.9,12.1,19.2,20.8,36.0,38.4,11.0,2.9,2.0,2.0,18.0,5.0,38.6,50.5,5.1,4.0,19.0,17.0,16.8,30.7,2.0,16.0,19.2,18.0,6.0,12.0,21.0,20.8,12.2,10.0,12.0,12.0,10.0,12.1,1.0,4.0,2.0,25.7,11.0,11.9
1772902419.270713,14.3,16.2,32.0,21.0,2.0,20.2,36.0,31.0,4.0,4.0,1.0,22.8,21.0,25.7,12.0,14.0,27.7,19.0,35.4,38.0,19.2,1.0,6.9,3.0,8.0,15.2,41.8,40.6,6.0,4.0,16.0,25.0,21.4,13.1,4.0,17.2,21.8,17.2,11.1,8.9,21.6,26.0,13.9,10.0,4.0,3.0,9.1,13.0,2.0,3.1,17.3,12.2,20.0,4.1
1772902420.2740297,14.1,16.8,25.3,13.0,6.1,20.2,30.3,34.0,3.0,0.0,4.0,21.0,24.8,22.8,14.0,23.0,21.2,19.0,40.6,34.0,7.1,10.0,5.1,2.0,11.0,13.1,43.6,43.0,9.1,4.1,16.0,19.0,24.8,20.0,8.0,14.0,22.0,15.0,6.0,5.1,17.3,26.0,30.0,19.6,13.0,11.1,12.9,15.0,2.0,2.0,15.0,18.2,26.3,10.0
1772902421.274607,13.1,6.1,25.0,22.2,27.7,9.0,27.0,34.0,4.0,1.0,5.1,19.6,20.0,20.0,20.4,23.0,19.0,25.0,30.3,35.4,12.1,24.2,7.1,2.0,2.0,24.8,35.0,36.0,3.1,3.0,18.2,20.0,19.4,28.6,17.2,3.1,19.2,20.4,9.2,11.0,32.7,25.3,30.7,15.0,13.1,13.3,10.1,13.0,3.0,3.0,16.0,15.3,17.3,26.3
1772902422.2763734,14.6,5.0,18.8,16.8,18.0,1.0,21.0,15.0,1.0,3.0,7.9,8.1,24.8,22.5,17.8,17.0,20.0,22.5,38.6,27.5,12.0,21.6,4.0,2.0,3.0,17.2,38.4,40.0,5.9,1.0,17.8,15.0,14.1,24.0,9.1,6.9,19.0,18.8,13.0,4.0,16.0,23.0,13.0,22.5,8.1,8.0,11.0,12.0,1.0,3.0,11.1,19.8,16.8,8.1
1772902423.2803564,27.7,5.1,29.3,12.2,8.2,12.0,31.7,24.0,3.0,3.0,17.8,5.1,26.0,24.0,10.0,7.1,21.8,22.0,36.7,37.4,16.8,17.0,6.1,11.1,14.1,17.8,51.5,43.1,8.0,6.0,17.0,19.8,25.7,21.0,5.1,10.1,14.9,18.2,10.1,5.9,26.0,20.0,25.0,24.5,21.0,9.2,10.0,13.1,4.0,3.0,8.0,20.2,14.0,5.1
1772902424.2813337,26.5,8.0,26.3,18.0,6.0,22.0,30.0,38.6,3.0,3.0,10.2,12.0,23.0,25.3,3.0,4.0,19.0,24.2,27.7,27.3,11.2,20.2,5.1,28.3,16.0,13.1,46.0,49.0,2.0,10.1,15.0,21.2,15.0,22.8,4.0,16.0,17.0,21.0,3.0,10.2,25.3,25.0,24.5,31.4,6.1,8.0,10.1,14.0,2.0,10.1,8.0,7.1,7.1,16.0
1772902425.282175,13.3,20.8,14.1,27.0,11.2,26.3,38.0,34.0,4.0,6.1,15.0,9.1,22.2,25.7,9.0,12.0,18.0,22.8,26.0,30.0,11.1,18.8,3.0,22.8,8.0,18.8,52.5,53.9,11.0,5.0,14.3,17.0,23.0,31.7,12.1,11.2,15.2,18.2,6.1,12.0,31.4,28.0,34.7,41.4,21.2,14.0,22.2,16.2,5.1,4.1,5.0,9.2,16.2,16.3
1772902426.2843807,18.6,22.2,18.2,27.3,5.1,19.8,40.0,32.0,1.0,5.0,17.2,3.0,19.2,20.0,13.3,13.0,16.2,24.2,13.1,23.2,16.8,10.0,1.0,5.1,6.0,18.2,62.4,51.5,8.2,5.1,15.2,16.0,23.0,38.4,2.0,16.0,13.0,21.8,6.0,6.1,17.2,24.0,19.0,17.0,29.3,20.2,14.3,16.0,2.0,4.0,17.3,12.1,22.8,16.8
1772902427.2844508,8.4,24.2,12.4,29.7,18.2,13.0,53.1,49.0,3.0,2.0,5.2,3.1,17.0,18.2,9.1,8.2,6.1,22.0,24.2,14.1,20.2,13.3,6.1,6.0,8.2,26.3,66.0,54.1,3.0,8.2,20.2,18.2,21.4,30.0,13.0,9.2,12.1,19.0,8.2,3.0,26.3,31.7,23.2,28.3,22.4,16.5,18.2,14.3,5.2,1.0,22.8,9.2,22.2,7.2
1772902428.2845335,9.4,22.5,22.0,19.8,6.2,24.2,45.5,38.2,4.0,4.0,21.0,2.0,24.2,21.8,9.2,6.1,18.2,16.0,19.8,27.7,17.0,15.0,8.1,1.0,14.3,20.8,55.0,61.4,3.0,14.0,20.0,17.8,17.0,26.7,7.1,7.0,15.0,16.2,10.0,3.1,26.3,18.0,20.8,13.1,13.0,12.2,11.9,13.9,5.0,4.0,18.0,13.1,17.0,2.0
1772902429.2886424,10.4,24.0,24.8,19.4,8.2,22.8,49.0,37.8,5.1,2.0,23.0,9.4,23.2,27.3,19.2,23.8,24.0,21.0,34.7,27.3,9.3,22.2,4.0,5.1,6.1,16.3,58.6,64.0,9.1,5.1,19.2,17.2,26.7,35.4,11.1,12.1,19.2,17.0,6.1,8.1,29.0,19.0,28.9,24.0,16.2,24.0,13.0,12.2,4.0,4.1,7.1,23.2,20.4,18.0
1772902430.2915297,22.4,18.2,19.6,26.0,18.2,16.2,37.0,35.0,2.0,5.1,21.8,19.0,24.0,23.8,23.0,21.2,22.0,19.2,34.3,40.0,9.0,12.1,3.0,9.0,5.1,17.2,57.0,58.6,6.1,5.1,16.3,17.2,28.6,33.7,7.1,7.1,11.0,21.2,5.2,7.0,27.0,30.3,19.8,15.2,28.6,33.3,12.1,12.1,3.1,5.1,5.1,27.0,19.2,15.2
1772902431.2927835,13.5,23.2,17.2,24.0,8.1,22.0,43.4,44.6,3.0,5.1,21.2,2.0,26.7,25.3,16.2,17.0,27.7,19.8,38.0,38.0,6.1,13.0,9.1,5.9,8.2,21.0,52.5,60.8,11.0,5.1,20.8,18.2,30.4,20.2,14.1,6.1,11.0,20.2,9.2,4.0,19.2,22.2,30.6,36.0,11.0,8.1,10.0,15.0,3.0,4.0,17.0,12.0,18.2,5.1
1772902432.2951298,27.3,9.9,12.4,22.8,28.3,9.9,34.0,45.5,4.0,2.0,23.0,1.0,19.8,22.8,13.1,12.0,22.2,14.1,39.2,34.3,21.4,5.1,6.1,2.0,10.1,18.0,55.0,54.0,5.1,5.0,15.0,17.8,15.2,19.2,17.2,6.9,13.0,18.0,6.0,4.1,22.8,30.7,27.7,24.0,11.1,11.0,9.1,15.0,3.1,3.1,5.1,17.2,8.0,8.1
1772902433.295616,21.6,27.0,24.5,19.2,16.5,13.1,47.5,38.4,3.1,4.0,12.1,11.1,30.3,28.7,18.8,19.0,26.7,21.6,28.3,31.6,26.3,5.0,5.1,2.0,10.2,13.1,58.0,59.0,10.0,8.1,19.2,15.2,28.3,27.0,25.0,10.2,13.1,22.0,9.0,5.0,18.0,26.3,28.6,30.6,13.3,20.0,11.0,12.1,3.0,4.0,15.0,17.2,19.0,15.2
1772902434.2994761,25.5,17.2,31.3,23.0,14.3,32.7,44.0,42.6,4.0,4.0,14.1,9.1,30.0,32.0,23.0,20.2,15.0,16.2,36.4,36.9,20.8,8.0,4.0,5.0,8.9,16.8,67.6,60.0,10.2,2.1,20.6,17.0,27.0,39.0,7.1,10.0,23.0,12.1,11.1,3.0,26.3,23.5,35.6,29.3,23.0,19.4,14.0,11.1,5.1,4.0,15.8,18.0,10.2,27.0
1772902435.3027282,19.8,8.0,32.0,12.1,10.2,37.4,48.5,44.4,3.1,5.1,18.8,5.1,25.0,25.3,19.4,21.8,17.3,5.1,37.8,37.8,22.2,9.1,2.1,5.1,8.0,16.5,52.0,59.0,5.1,11.0,18.2,14.3,24.2,15.3,8.2,12.2,21.0,15.2,4.0,10.1,22.8,25.5,18.2,21.0,8.2,12.2,9.2,14.0,4.0,4.1,4.0,19.2,18.2,9.2
1772902436.3036134,17.3,15.2,30.6,9.0,13.1,29.3,39.8,39.4,2.1,2.0,10.2,13.1,23.0,27.0,12.1,13.3,15.2,5.1,32.0,41.4,21.2,7.1,2.0,5.1,18.4,30.3,63.0,52.0,6.1,6.0,12.1,21.0,28.0,16.8,9.2,3.1,15.2,11.0,5.1,7.1,21.4,20.2,31.4,31.3,14.0,14.0,11.1,9.3,5.1,2.1,4.1,3.0,12.0,4.1
1772902437.3036945,27.6,4.0,13.3,23.2,6.1,21.2,43.6,37.9,4.0,3.0,12.1,10.0,28.3,15.2,21.8,18.0,9.1,11.0,42.4,31.0,16.2,16.8,2.0,7.1,20.8,17.2,58.4,58.0,7.1,17.3,21.4,18.0,35.4,21.2,16.3,5.0,19.0,17.0,2.0,10.2,31.3,19.2,33.3,25.5,21.2,13.1,11.0,12.0,15.2,5.1,9.9,17.2,11.0,14.1
1772902438.3043046,29.9,9.2,23.2,25.3,20.0,10.0,33.3,31.6,3.0,2.1,20.8,2.0,16.7,18.0,20.4,22.2,6.1,15.0,39.0,41.4,16.0,8.2,5.0,5.0,17.5,11.0,60.0,60.0,9.1,36.7,20.2,17.2,39.0,25.5,11.1,8.1,14.3,15.3,4.1,9.2,19.0,24.0,33.0,30.0,17.5,16.5,11.1,12.2,9.2,9.1,8.1,23.8,13.3,24.5
1772902439.304574,26.3,12.9,24.5,23.8,13.3,21.8,40.0,35.4,4.0,2.0,4.0,5.0,17.0,18.8,18.0,18.2,12.1,20.8,46.0,31.7,18.0,14.9,3.1,6.0,16.8,10.0,60.6,55.0,10.0,36.3,17.0,18.4,23.8,17.0,9.1,12.0,10.0,26.5,4.0,9.1,31.3,26.0,38.2,27.7,13.0,14.0,9.2,14.0,5.0,3.0,7.1,23.2,7.1,21.0
1772902440.3054488,23.7,7.1,15.0,21.4,14.4,2.0,30.3,37.0,0.0,5.0,2.0,11.0,22.2,25.3,12.2,14.0,23.0,24.2,34.0,40.0,14.3,15.3,5.1,4.0,17.0,9.2,44.0,55.0,11.1,28.3,16.0,13.1,28.0,19.4,4.0,12.2,11.1,15.2,4.0,10.1,25.0,19.0,18.6,25.5,5.1,7.0,9.1,10.0,4.1,7.1,7.1,22.0,1.0,15.0
1772902441.3070562,30.7,9.3,26.3,21.0,30.0,11.1,40.4,24.2,4.0,2.1,20.0,4.0,21.2,28.7,22.8,20.0,18.4,25.7,26.0,29.6,19.2,11.2,6.1,4.1,8.1,22.2,46.5,57.4,10.1,37.4,18.2,20.0,37.0,21.0,8.2,13.1,11.9,22.4,6.1,9.1,28.3,28.0,40.4,39.6,23.2,30.0,12.1,11.2,3.0,6.1,7.1,22.2,7.1,22.0
1772902442.3097897,18.4,22.0,21.4,20.4,19.0,3.0,34.0,25.3,3.0,3.0,8.0,16.2,21.2,23.0,22.0,21.0,22.8,19.2,33.7,27.0,16.8,7.9,6.1,3.0,19.0,5.0,44.0,53.5,26.0,16.2,17.0,18.0,42.6,20.4,3.0,9.2,22.2,11.0,7.1,2.0,17.2,26.0,26.7,26.5,15.2,15.5,11.0,13.1,3.1,6.1,8.9,24.0,15.2,19.6
1772902443.312901,9.4,22.0,19.2,17.0,24.2,11.9,45.5,41.6,2.0,2.0,9.1,13.0,18.8,27.7,19.8,20.6,8.1,11.9,23.0,27.0,2.0,9.1,7.0,2.0,18.0,7.0,50.0,52.0,33.3,11.9,17.2,15.2,20.0,15.2,6.0,10.1,8.0,22.0,6.1,6.9,23.8,22.4,29.0,38.6,11.2,15.0,10.0,13.9,5.0,4.1,9.2,18.0,19.0,9.1
1772902444.312985,7.4,21.0,22.4,20.0,14.3,9.1,46.0,38.0,1.0,3.1,21.8,1.0,18.0,25.0,12.2,11.1,8.1,20.4,26.0,27.0,10.2,7.1,6.1,4.0,15.3,8.2,48.5,52.0,10.1,26.8,14.0,17.2,27.3,17.8,10.1,10.0,19.8,12.0,7.1,6.1,28.0,28.7,26.5,22.0,8.1,8.2,13.0,7.1,4.0,3.1,5.1,20.0,12.1,11.0
1772902445.315713,17.2,19.0,17.2,21.0,9.9,23.8,57.0,33.0,3.0,5.9,18.4,3.0,20.8,26.7,15.8,12.0,23.8,23.0,34.0,30.0,20.0,12.0,5.0,7.1,18.0,13.0,58.4,59.0,12.9,36.6,15.0,17.0,34.3,24.2,11.1,6.1,20.2,10.1,11.0,3.1,23.2,18.4,35.0,32.3,19.2,24.8,11.1,11.0,3.0,2.0,15.0,15.2,17.0,8.2
1772902446.318618,11.5,31.0,26.7,14.1,7.1,23.2,35.0,50.0,3.1,3.0,7.1,15.2,21.4,23.2,10.1,14.3,22.2,19.8,23.2,31.3,22.8,6.1,5.1,3.0,14.1,12.2,57.0,65.0,7.0,25.0,20.2,18.0,32.0,28.0,12.1,7.1,15.0,17.0,8.1,4.0,31.0,29.7,34.0,27.0,20.2,16.3,12.1,11.1,11.2,5.1,13.1,15.8,29.0,13.3
1772902447.3186982,17.7,11.2,17.3,25.3,18.2,7.1,56.0,28.3,3.0,2.0,9.1,16.8,25.0,22.0,10.2,12.1,23.0,16.0,31.0,27.3,19.4,9.1,5.1,2.0,9.1,10.0,53.5,53.5,10.2,25.5,15.2,20.2,10.2,25.3,10.2,3.0,6.1,20.2,8.2,3.1,17.0,21.4,29.0,20.2,6.2,10.1,10.1,11.1,4.0,4.0,14.0,11.3,19.2,11.2
1772902448.3194828,15.3,19.8,13.3,24.2,31.0,13.0,38.0,51.5,6.2,3.0,13.1,11.1,21.0,27.0,5.0,3.0,18.6,26.0,28.6,30.4,21.8,9.0,5.0,4.0,9.1,17.0,57.0,56.6,9.0,31.7,15.0,18.2,16.8,27.7,10.0,11.9,11.0,18.0,10.0,4.0,24.0,28.7,21.2,23.0,11.9,15.0,11.0,13.9,4.0,2.1,3.0,9.0,16.3,2.0
1772902449.320234,19.6,8.1,21.0,23.0,20.2,1.0,44.4,32.0,1.0,3.0,4.0,17.3,15.0,23.8,0.0,2.0,17.0,23.0,14.0,21.2,22.0,9.2,0.0,2.0,4.0,20.0,37.0,49.0,6.1,6.1,18.0,14.1,19.2,21.0,3.0,10.2,17.8,19.0,9.2,3.0,27.0,22.0,5.0,11.9,10.3,8.0,11.1,11.0,3.0,4.0,8.2,5.1,16.0,15.0
1772902450.3209686,18.0,10.0,22.0,21.0,22.0,2.0,40.6,38.4,2.0,1.0,2.0,6.9,17.8,12.9,3.0,4.0,20.0,29.1,18.8,12.0,19.8,13.9,2.0,5.9,4.0,20.8,36.0,54.5,2.0,6.0,13.0,21.0,29.0,23.5,6.0,13.0,14.0,16.0,5.0,11.9,27.7,14.1,13.0,15.2,15.0,11.1,10.9,12.9,4.0,3.1,8.0,5.1,10.9,11.0
1772902451.3234642,13.5,5.0,21.2,22.2,22.0,1.0,36.6,34.0,2.0,2.0,3.0,2.0,13.0,12.0,2.0,2.0,18.0,21.2,22.2,11.0,17.3,20.2,0.0,4.1,4.0,17.0,40.4,46.5,1.0,5.1,19.2,18.0,19.4,19.0,2.0,19.0,26.0,19.0,1.0,18.2,13.1,29.0,17.2,16.2,7.1,8.2,9.1,13.1,2.0,3.0,4.1,16.0,11.2,15.0
1772902452.3269017,20.6,7.1,21.8,20.8,21.0,2.0,37.8,41.4,2.0,2.0,3.0,2.0,13.0,13.1,11.2,14.0,23.5,16.8,15.0,20.2,19.8,15.0,2.0,7.1,15.0,7.1,50.0,46.0,2.0,7.0,16.0,19.2,24.5,12.9,9.1,4.0,13.1,19.0,4.0,8.0,20.0,23.8,23.2,20.8,2.0,3.1,11.0,11.1,3.0,4.0,10.9,24.0,14.0,20.2
1772902453.3322895,18.0,5.0,23.2,20.2,20.0,1.0,41.2,41.6,3.0,3.0,3.0,3.0,12.9,16.5,11.0,12.0,21.6,19.0,9.1,20.0,20.2,31.0,2.0,2.9,12.9,19.6,41.0,47.5,6.0,5.0,16.8,19.0,18.2,12.0,17.0,3.0,12.9,22.0,13.0,5.0,28.0,14.7,27.5,12.0,5.0,11.0,11.1,10.0,3.0,2.0,9.0,22.8,20.8,19.4
1772902454.3325276,10.3,4.0,21.4,16.8,19.2,2.0,44.0,34.3,1.0,1.0,1.0,0.0,13.9,11.0,4.0,3.0,17.0,19.0,10.8,19.6,15.8,17.6,3.0,1.0,18.0,4.0,43.0,48.0,4.0,4.0,15.3,14.0,18.0,14.0,15.0,8.1,14.1,22.0,14.9,2.1,19.2,18.4,34.0,21.0,18.0,26.0,11.0,11.0,3.0,4.0,13.9,18.8,5.1,20.2
1772902455.3366876,16.2,12.1,20.4,18.0,29.0,12.1,35.0,34.3,3.0,2.0,4.0,6.0,16.2,14.1,13.0,8.1,8.0,21.8,21.2,21.4,3.0,13.3,0.0,5.0,10.0,14.0,44.0,53.0,0.0,6.0,16.8,18.0,14.1,24.2,8.2,6.0,20.6,20.2,3.1,12.0,35.0,23.2,19.2,17.2,6.0,3.0,11.1,11.1,2.0,2.0,23.2,6.1,1.0,17.8
1772902456.3367703,10.2,5.1,17.8,14.0,20.0,2.0,13.0,14.0,2.0,0.0,17.0,20.4,25.5,15.8,11.9,12.9,4.0,12.1,26.3,13.9,4.0,0.0,3.0,0.0,15.2,3.0,38.0,33.0,2.0,4.0,16.0,14.1,9.9,14.0,3.0,9.2,7.1,19.0,4.0,5.0,22.0,15.0,9.1,11.0,4.0,1.0,7.9,9.9,0.0,3.0,10.0,18.8,13.0,1.0
1772902457.3377304,13.4,8.9,22.0,21.2,20.0,1.0,22.2,17.2,0.0,4.0,5.1,22.8,22.0,25.7,11.9,11.2,8.1,18.0,36.0,32.0,13.0,2.0,6.0,1.0,20.6,4.0,45.5,43.4,0.0,5.1,20.2,16.7,22.2,17.8,2.0,13.0,18.2,19.8,5.1,10.1,17.0,27.5,17.0,20.0,17.0,4.0,12.1,11.0,2.0,5.1,11.1,22.0,20.0,4.0
1772902458.3416135,13.3,3.0,24.0,26.7,21.8,0.0,15.8,26.7,2.0,1.0,21.0,1.0,19.8,26.0,11.0,12.9,20.0,4.0,36.0,29.0,2.0,16.0,1.0,2.0,14.0,8.9,44.0,33.7,2.0,5.9,19.8,14.1,29.7,15.3,2.0,16.8,19.6,19.2,14.9,4.0,19.0,23.8,14.0,13.0,12.1,13.1,11.1,11.0,2.0,2.0,18.0,13.1,15.7,6.1
1772902459.3422344,10.2,20.2,19.6,29.3,23.0,1.0,19.4,30.3,3.1,3.0,21.4,1.0,26.7,25.0,12.2,15.0,21.0,5.1,32.3,40.4,6.3,14.1,4.0,6.1,11.0,15.3,46.0,52.6,5.2,6.1,21.2,22.0,26.0,28.3,5.1,20.2,16.2,24.0,8.2,12.1,18.4,27.3,33.3,24.5,12.1,16.5,13.0,12.0,3.1,5.1,12.1,20.0,9.1,19.0
1772902460.3435562,13.0,6.1,20.2,19.0,24.0,5.0,30.7,29.3,6.0,2.0,22.8,3.0,18.2,25.7,25.0,18.0,16.0,22.0,39.0,29.3,21.8,12.1,5.0,1.0,15.2,8.0,42.0,35.0,5.0,4.0,21.0,11.1,17.0,18.2,15.0,3.1,11.0,26.3,6.1,11.0,18.8,31.3,21.0,11.1,10.0,10.9,11.1,11.0,1.0,3.0,20.0,11.1,23.2,16.0
1772902461.3475056,17.5,5.0,22.0,21.0,20.0,17.8,18.0,43.4,18.2,1.0,21.0,2.0,20.0,27.0,22.0,21.8,20.8,20.6,30.0,30.0,20.0,11.0,3.0,4.0,18.0,6.0,49.5,37.6,4.0,7.0,18.0,14.0,19.2,15.8,13.1,3.0,19.0,15.0,5.0,11.0,25.7,26.0,11.1,12.1,4.0,1.0,7.9,13.1,2.0,2.0,5.0,10.1,22.4,13.3
1772902462.348154,7.3,6.9,27.0,15.0,0.0,20.0,22.2,35.6,3.1,2.0,16.2,7.9,21.6,24.8,14.9,15.0,25.3,19.0,35.6,33.0,22.0,16.0,1.0,5.0,20.4,5.0,21.0,24.0,0.0,3.0,16.2,19.8,18.0,8.9,2.0,16.0,13.9,24.0,6.1,7.0,28.3,13.0,6.0,5.1,3.1,3.0,11.1,11.9,1.0,1.0,4.0,8.0,18.0,1.0
1772902463.3494244,16.3,5.1,19.0,17.8,0.0,20.8,28.0,30.0,2.9,2.0,4.0,11.0,15.0,15.0,11.1,12.1,25.5,17.0,31.0,35.6,21.6,13.1,3.0,2.0,14.0,8.1,33.0,44.0,3.0,7.0,14.0,19.0,17.0,14.1,5.0,11.0,15.2,17.0,10.0,6.0,16.0,20.0,9.0,13.9,4.0,14.9,11.9,9.0,3.0,3.1,8.0,3.1,9.9,9.0
1772902464.3495142,16.5,4.0,8.2,28.3,3.0,21.0,28.3,30.0,2.0,2.0,12.9,11.1,14.0,14.0,13.9,12.0,18.4,25.3,34.0,33.7,24.0,10.1,1.0,5.0,5.1,15.0,34.7,28.3,1.0,7.1,22.2,13.1,18.2,19.2,1.0,14.3,20.0,20.2,3.0,13.3,20.0,25.3,4.0,8.2,10.0,12.1,10.2,14.0,2.0,3.0,10.1,4.0,15.2,1.0
1772902465.3517098,13.0,16.8,19.0,28.0,1.0,21.2,25.0,37.6,2.0,5.0,10.1,12.1,16.0,13.1,13.0,13.0,21.8,21.8,40.4,26.7,19.4,16.8,4.0,4.1,7.1,21.2,46.1,44.0,5.1,4.1,21.0,17.2,30.7,29.3,12.1,15.8,16.0,24.8,3.1,14.1,21.2,21.8,26.0,34.7,15.8,20.0,11.1,11.2,2.0,3.0,12.0,8.2,22.4,16.0
1772902466.3533666,26.8,15.3,29.7,10.1,21.8,19.8,36.4,29.2,3.1,2.0,6.0,19.8,29.0,26.0,14.1,25.0,24.2,19.2,27.0,30.3,20.2,10.0,2.1,5.0,15.2,16.0,51.0,50.0,10.1,2.0,15.8,21.0,38.0,18.0,11.1,5.1,10.0,20.2,2.0,9.1,30.7,28.0,28.3,25.3,15.3,26.3,13.0,11.9,3.1,5.1,18.0,7.1,36.6,12.1
1772902467.3534477,14.4,17.2,29.3,25.3,20.4,2.0,41.0,42.0,3.0,11.1,3.0,7.1,31.3,26.3,21.4,22.4,20.0,22.0,35.7,40.4,17.0,13.1,5.1,5.1,19.2,7.1,58.2,48.5,12.2,2.0,20.4,15.3,20.2,22.2,11.1,12.4,7.1,25.3,5.1,10.2,22.2,21.0,34.0,37.0,23.0,36.0,12.1,13.0,4.1,5.1,23.2,4.1,19.4,16.5
1772902468.3544726,27.0,7.1,11.3,24.8,27.3,11.0,42.6,51.0,2.0,29.6,3.1,10.1,22.8,23.2,19.8,18.8,16.2,25.7,36.6,39.0,15.2,13.0,1.0,6.1,11.0,12.0,49.5,61.0,9.9,5.0,17.0,18.0,23.0,28.6,2.0,8.2,11.0,17.2,8.0,4.0,26.7,30.0,16.3,35.0,16.2,14.0,7.1,9.2,4.0,3.0,24.8,4.0,14.1,10.2
1772902469.3559434,12.4,20.6,19.0,21.0,18.0,12.9,41.4,41.2,2.0,33.7,2.0,21.8,20.8,24.8,12.9,14.0,17.8,18.0,33.3,43.0,18.8,14.0,2.0,6.1,12.0,12.9,57.0,61.0,16.0,3.1,19.0,18.8,33.0,26.3,11.0,11.1,14.0,19.8,7.1,7.0,22.0,26.3,30.7,33.3,16.2,23.2,14.9,10.0,19.4,7.1,23.8,6.0,8.1,12.0
1772902470.3566403,24.7,15.6,8.3,25.5,7.2,28.3,42.0,26.3,4.1,23.0,1.0,26.0,21.2,21.2,22.4,19.2,13.4,7.1,41.4,33.3,8.2,21.4,2.1,7.1,15.3,18.6,57.0,55.6,7.2,6.1,15.2,15.3,18.2,38.0,3.1,9.2,14.3,13.0,11.1,3.0,26.3,23.2,33.0,27.0,17.0,14.0,12.2,12.1,6.1,5.1,9.1,21.2,22.4,8.2
1772902471.3569632,27.3,7.0,20.4,23.8,6.0,20.0,33.3,30.3,4.0,1.0,4.0,21.0,16.2,15.0,22.2,22.2,19.6,22.0,46.0,31.6,6.1,2.1,2.0,4.0,8.1,12.1,53.9,53.0,3.0,10.0,17.2,13.0,17.2,18.8,5.0,15.2,21.0,12.1,6.1,8.1,24.0,31.0,28.0,25.3,8.2,6.1,11.0,13.0,32.0,5.0,16.0,15.2,24.0,12.1
1772902472.3625479,13.1,22.2,22.8,21.2,5.1,24.8,51.5,49.0,4.0,3.0,3.0,22.0,22.0,21.8,13.0,10.0,24.0,17.2,30.7,31.4,5.1,13.9,3.0,10.0,10.0,14.9,64.0,52.0,3.1,11.0,18.0,17.0,19.0,36.6,4.1,10.0,26.7,7.0,6.0,9.0,26.0,17.8,33.7,38.2,21.8,15.0,13.0,11.1,33.7,2.1,12.0,9.1,11.0,16.2
1772902473.363699,12.2,21.2,19.2,16.0,7.1,23.2,43.9,41.6,7.1,2.0,3.1,18.0,18.8,27.0,3.1,3.1,22.0,19.8,30.0,27.0,21.0,9.0,3.0,6.1,15.0,8.1,51.0,55.6,5.1,4.1,19.0,16.2,22.2,34.7,5.2,15.2,12.1,16.2,7.1,6.2,32.0,21.2,28.9,28.3,13.4,17.3,12.0,10.1,16.8,19.2,5.1,7.0,13.1,4.1
1772902474.3638914,30.3,8.1,20.6,17.3,4.0,22.0,40.6,44.4,7.1,1.0,7.1,15.3,18.2,27.5,13.0,14.1,19.8,24.0,27.0,31.3,22.8,10.1,4.1,6.0,12.4,11.2,52.0,53.5,2.0,12.9,20.0,13.1,25.5,30.3,5.1,10.0,9.2,17.2,5.0,10.0,15.0,28.0,28.0,30.3,17.2,17.0,8.2,10.0,2.0,33.0,6.1,7.1,20.0,19.2
1772902475.365229,16.3,18.6,19.2,26.0,6.2,25.7,50.5,36.3,1.0,3.0,7.1,15.0,26.7,23.0,15.0,12.1,19.0,23.5,26.5,30.7,22.0,10.9,4.0,2.0,20.8,12.1,55.0,63.0,2.0,7.1,16.2,19.0,12.0,27.3,12.0,11.1,15.2,18.0,7.1,11.0,29.0,23.2,39.6,29.0,6.1,10.1,13.9,13.0,3.0,33.0,4.1,2.1,17.2,17.3
1772902476.3653138,20.4,11.2,13.4,20.2,6.1,22.2,49.0,46.9,5.0,2.0,10.2,11.2,23.2,23.2,4.1,7.9,12.0,25.0,27.3,26.3,18.4,13.1,2.0,5.0,15.2,7.0,56.0,54.5,2.0,9.0,16.3,17.8,23.2,35.0,5.1,6.1,22.4,3.1,2.0,10.2,24.5,20.2,19.4,29.0,17.2,18.2,10.1,13.1,6.1,25.0,7.1,10.0,9.2,12.2
1772902477.3666852,10.2,22.8,19.4,20.8,9.1,21.8,48.0,37.6,9.2,2.0,19.0,5.1,27.3,19.8,14.9,9.3,17.2,23.5,41.6,34.7,8.0,23.2,4.0,5.1,12.2,9.2,54.0,58.6,11.0,3.1,18.0,17.2,22.2,35.0,16.0,4.1,23.0,8.1,4.0,9.1,18.0,30.3,29.1,19.2,17.3,18.2,10.2,12.2,2.0,36.7,16.8,16.2,15.2,5.1
1772902478.3670611,12.4,22.2,17.3,17.2,26.0,7.1,46.0,36.4,3.0,3.0,6.1,3.0,18.2,21.2,22.0,23.8,16.8,21.8,33.3,33.0,16.2,13.0,4.1,4.0,6.1,16.2,56.6,61.0,3.0,9.3,19.2,15.0,20.4,29.0,7.1,6.2,18.2,10.9,4.1,9.2,27.0,27.7,22.9,32.3,16.0,16.3,10.0,12.9,3.0,30.3,14.0,14.4,17.3,17.2
1772902479.3686101,19.8,21.0,22.0,21.2,21.2,3.0,40.0,43.0,5.1,1.0,2.0,7.1,15.0,14.0,22.2,24.2,20.0,21.2,28.3,30.0,18.2,8.0,5.1,4.1,11.1,20.0,55.4,60.0,4.0,6.1,20.0,17.2,22.0,14.1,5.1,10.9,15.8,12.2,9.0,4.0,22.0,16.8,32.0,30.0,6.1,11.1,13.0,11.2,6.1,18.2,18.0,10.0,17.2,14.4
1772902480.3739755,26.3,9.9,27.7,11.1,19.8,22.2,38.2,47.5,2.0,3.0,18.8,4.0,13.9,13.7,15.8,14.0,17.8,21.6,33.3,36.3,10.1,15.2,3.0,4.0,4.0,17.0,56.0,56.3,8.0,7.0,17.2,14.9,27.7,30.7,9.0,9.0,11.1,19.0,9.1,6.9,27.0,21.2,30.0,22.5,17.8,11.1,10.0,9.1,5.0,2.0,11.9,5.1,13.9,5.1
1772902481.3764725,12.5,18.2,27.6,18.0,21.2,3.0,35.4,41.4,1.0,5.1,22.0,12.2,14.0,15.8,15.0,11.2,18.0,21.0,41.4,37.4,13.0,17.2,4.1,6.0,10.9,17.2,59.8,60.6,10.2,2.0,15.3,18.4,20.2,34.3,6.1,8.1,12.0,18.0,6.1,6.0,27.0,18.8,30.0,32.3,26.3,25.7,12.0,9.9,1.0,4.0,2.0,19.2,9.0,12.1
1772902482.37727,10.3,22.2,23.2,14.0,20.8,9.1,33.3,29.3,3.0,3.0,21.2,17.3,12.0,14.1,21.0,25.0,12.2,6.1,37.4,37.4,5.1,11.2,2.0,7.1,8.1,11.3,48.0,45.5,13.0,2.1,14.1,21.0,20.4,23.7,19.2,14.1,14.3,15.2,5.1,11.0,24.2,23.0,29.3,29.6,20.8,18.6,11.2,14.1,4.1,4.0,5.1,22.2,15.2,15.2
1772902483.3824654,11.5,23.5,18.0,23.0,26.3,5.9,27.7,40.2,3.0,7.9,21.0,5.9,23.8,20.6,22.0,21.8,16.8,18.8,37.6,40.0,4.0,11.9,2.0,5.0,15.8,19.4,49.5,50.5,7.1,7.9,18.8,16.2,12.9,28.4,33.7,14.0,20.8,14.0,2.0,10.2,27.0,24.8,27.7,28.7,13.9,10.9,15.8,11.0,3.0,3.0,4.0,21.8,10.2,25.3
1772902484.3851974,27.6,9.1,21.4,21.2,3.1,13.1,18.4,25.0,7.1,1.0,22.8,1.0,20.4,21.4,15.0,17.0,26.0,16.3,30.3,40.0,10.0,16.8,7.1,1.0,11.0,13.4,43.4,51.0,8.1,6.1,14.0,16.8,25.7,27.6,14.4,11.2,26.3,22.8,4.0,8.9,15.2,18.4,26.7,38.2,6.2,12.2,11.1,13.0,7.0,3.1,8.1,22.2,7.1,15.2
1772902485.3920782,16.8,18.6,29.7,22.8,13.1,27.0,34.0,29.3,6.0,1.0,12.1,8.9,24.8,22.0,12.1,13.0,24.0,19.8,36.4,41.4,22.0,9.2,7.0,2.0,17.2,7.1,48.0,53.9,37.4,13.0,17.0,17.2,36.6,25.5,11.9,6.9,18.0,14.0,6.1,9.0,25.7,28.7,25.3,29.6,17.0,25.0,12.0,11.1,5.1,4.0,6.1,22.8,18.0,3.0
1772902486.393547,10.4,25.0,21.6,14.0,10.0,19.6,42.6,32.7,3.1,2.0,22.5,3.0,28.7,30.3,21.6,22.5,14.9,23.8,32.7,35.6,20.0,8.0,4.1,5.0,15.0,12.0,52.5,48.5,29.7,7.1,18.0,15.8,26.0,21.4,14.0,4.1,19.0,11.1,4.0,4.1,20.2,22.8,36.6,41.4,14.3,15.0,11.0,13.7,3.1,2.0,5.0,25.7,18.8,15.0
1772902487.3968716,24.0,12.1,27.0,22.2,9.3,28.6,40.0,54.5,14.3,3.1,16.5,8.2,22.4,27.0,22.4,22.4,23.0,27.0,39.8,44.4,22.2,10.1,6.1,4.1,13.3,22.2,61.0,62.0,29.0,7.1,16.3,21.2,31.3,14.1,9.2,13.3,29.0,14.3,13.3,5.1,31.0,26.0,25.8,30.4,17.6,17.3,11.3,13.1,7.0,4.1,14.1,19.2,22.2,15.6
1772902488.3998554,16.2,26.7,22.4,23.0,6.2,23.0,44.6,49.0,32.3,2.0,10.1,14.1,15.0,20.8,17.2,17.2,20.2,23.2,39.6,40.0,20.2,9.2,5.0,5.1,22.2,7.1,57.6,57.4,7.1,9.0,20.8,21.2,31.7,33.7,6.1,16.0,20.2,13.0,9.0,7.1,27.3,23.2,33.7,31.3,12.2,13.9,11.0,11.1,5.1,4.0,6.1,19.2,16.3,10.9
1772902489.400304,8.2,23.8,22.2,21.8,9.1,18.6,52.5,40.6,33.7,1.0,7.9,16.8,15.8,28.7,14.9,13.9,19.8,22.8,27.7,44.1,15.7,13.9,3.0,6.0,10.9,16.8,60.4,56.9,3.0,9.1,17.0,20.6,23.2,32.7,7.0,7.1,18.4,14.7,6.9,5.0,28.4,18.8,21.2,17.2,26.0,20.8,12.0,9.9,3.0,14.1,13.7,16.2,15.5,10.0
1772902490.4021635,8.5,23.0,20.0,15.3,23.2,7.1,50.5,33.0,31.0,4.0,4.1,11.2,19.0,27.3,19.2,24.2,18.2,19.4,33.0,28.6,8.2,22.4,5.1,5.1,6.1,18.2,56.0,56.6,3.1,7.1,16.3,15.3,24.2,16.3,11.2,10.1,24.5,10.2,7.1,4.0,20.4,26.5,33.0,31.6,7.1,9.2,12.0,13.1,9.1,12.1,17.2,13.1,12.4,21.6
1772902491.4027922,24.5,10.0,16.3,19.2,18.2,2.0,42.4,38.4,10.1,3.0,20.0,3.0,26.3,19.2,22.2,21.2,21.0,22.2,24.0,22.0,9.0,20.2,3.1,5.1,9.2,15.0,53.5,55.0,10.1,4.0,13.1,19.0,25.7,19.2,8.1,6.1,18.0,9.2,3.1,8.2,16.3,22.2,30.0,32.3,14.1,14.3,11.2,9.1,3.0,3.0,13.3,5.1,24.0,11.2
1772902492.4037673,21.4,23.2,19.4,27.7,13.1,30.0,43.6,43.0,2.0,5.1,36.4,17.2,31.0,26.0,17.0,16.8,23.2,19.8,29.9,31.3,15.3,13.0,5.1,3.1,16.0,21.2,59.6,61.6,6.1,6.3,20.2,16.3,36.4,22.4,14.1,10.3,15.3,19.4,6.0,10.1,32.0,32.0,27.6,33.0,16.2,17.2,15.2,11.0,3.1,4.1,4.1,7.2,11.2,10.2
1772902493.404212,21.0,23.8,30.6,21.0,2.1,19.2,39.4,49.0,3.0,3.0,31.7,12.7,35.0,16.2,11.1,13.3,8.2,11.1,21.4,31.3,13.9,17.2,6.1,2.0,7.0,12.2,54.5,49.0,9.1,8.0,15.0,19.8,35.3,30.3,2.0,13.1,9.1,18.8,7.3,3.1,21.8,16.0,39.2,25.3,21.2,23.5,9.1,10.1,2.0,5.1,8.2,22.0,5.1,14.0
1772902494.4042826,7.3,21.2,18.8,16.2,10.0,22.0,46.0,39.0,3.0,2.0,26.3,7.1,23.8,21.0,15.0,10.0,19.0,10.0,27.5,29.0,6.1,22.2,4.0,4.0,7.1,10.9,55.1,55.6,5.0,9.1,17.8,13.3,19.2,17.2,8.9,8.0,6.1,18.2,5.1,5.1,20.0,23.0,29.0,16.0,10.1,10.1,14.9,9.0,2.0,5.0,11.9,17.2,14.1,17.3
1772902495.406232,9.4,23.0,27.6,12.1,24.5,6.1,38.6,47.5,3.1,1.0,23.0,1.0,21.8,29.7,11.2,12.1,24.8,20.2,31.3,19.4,7.1,12.0,2.0,5.1,8.1,19.4,55.0,58.6,8.1,10.1,19.2,17.2,21.2,23.8,9.2,8.1,20.8,11.1,6.0,8.0,25.5,26.7,29.6,35.4,6.2,9.2,14.0,10.9,3.0,3.1,24.0,6.0,34.7,20.0
1772902496.407286,11.6,21.0,14.3,20.8,23.2,7.0,36.6,30.0,2.0,2.0,20.2,3.0,19.2,16.0,6.1,10.0,22.0,18.4,31.0,22.2,3.1,7.1,4.0,7.0,12.0,20.8,60.4,54.9,6.1,7.1,16.2,18.4,22.2,32.0,10.1,6.1,24.0,6.0,6.1,7.2,16.8,27.6,28.0,27.0,22.2,24.0,10.2,11.2,4.0,4.0,10.1,21.0,22.5,10.1
1772902497.4089797,11.6,27.3,28.0,30.3,9.2,25.0,41.4,41.6,4.1,4.0,17.3,6.1,15.2,18.2,4.0,6.2,22.0,23.8,37.8,40.6,16.2,12.2,2.0,5.2,9.2,20.2,61.0,64.0,4.1,11.1,19.0,19.2,36.0,29.3,14.1,13.1,20.4,14.3,4.1,13.1,34.0,27.3,31.3,39.0,16.2,15.5,12.1,13.1,2.0,6.1,4.1,21.2,10.2,16.2
1772902498.4117236,16.5,14.9,16.2,20.0,4.0,20.0,42.0,54.5,4.0,5.1,15.0,7.1,13.0,14.1,15.0,11.2,14.1,24.8,42.6,28.6,10.0,22.8,2.0,6.9,15.0,11.0,57.4,59.0,30.3,10.2,17.3,19.0,16.0,26.0,10.0,3.0,18.8,10.1,3.0,13.0,15.2,28.7,33.0,27.7,18.2,17.8,12.0,11.0,5.0,2.1,10.0,12.9,16.2,22.2
1772902499.4118078,11.3,21.0,23.2,17.0,11.2,31.0,44.4,39.0,2.1,2.0,14.0,9.1,17.8,20.6,25.3,21.0,18.0,26.0,35.4,37.6,6.9,21.2,4.0,3.1,15.2,8.2,52.5,59.0,25.0,12.1,18.0,18.0,20.2,21.0,11.2,9.1,19.2,12.1,9.1,5.1,15.0,26.0,25.7,31.3,5.1,5.1,11.2,11.1,6.1,4.0,22.2,8.1,12.2,20.4
1772902500.4122343,11.3,24.0,21.4,23.2,16.2,5.1,33.0,40.4,5.0,6.1,12.0,13.0,21.0,25.3,14.0,17.0,21.4,10.1,41.0,38.8,22.4,12.0,6.9,2.0,12.1,12.0,54.0,59.0,34.7,9.1,21.0,19.2,34.7,21.0,4.1,10.2,20.0,10.0,6.1,7.1,32.0,28.0,27.3,26.3,17.2,23.2,11.0,12.1,4.0,3.1,21.8,10.2,8.1,10.3
1772902501.4123988,13.5,27.3,30.3,18.2,31.0,12.0,31.3,40.6,1.0,15.2,15.3,21.0,23.2,28.0,16.2,19.0,18.6,14.1,41.0,42.0,21.0,10.1,5.2,9.1,17.3,21.0,60.0,45.0,12.2,12.1,17.2,22.2,38.4,39.8,9.2,15.3,20.2,20.2,16.3,12.0,24.2,23.5,25.3,25.3,26.5,21.4,16.2,12.1,4.1,5.1,13.3,9.3,14.0,22.8
1772902502.4134927,19.8,15.8,25.3,23.5,27.3,11.1,38.4,38.4,4.0,3.0,12.2,14.4,23.2,25.7,25.0,19.2,14.1,6.1,40.8,40.8,14.1,17.2,3.0,3.1,17.0,8.1,47.5,52.5,5.0,10.3,19.2,12.2,35.0,9.3,10.0,7.0,18.0,14.0,14.0,20.2,27.0,31.0,28.0,28.0,27.3,28.3,20.0,11.0,4.0,4.0,18.0,8.1,16.5,19.4
1772902503.4135761,24.7,5.1,18.2,20.8,15.5,34.7,32.7,33.0,4.0,2.0,2.1,6.1,24.8,18.2,22.0,20.2,8.2,18.0,29.0,39.4,18.2,14.1,6.1,4.0,17.2,12.0,55.6,50.5,4.0,12.0,17.0,20.8,25.0,18.0,17.0,4.1,13.0,22.2,11.2,22.4,29.3,18.8,36.4,35.4,6.1,6.0,12.1,12.1,4.1,4.0,18.0,7.1,21.2,8.0
1772902504.4149163,29.4,7.9,19.6,21.2,8.8,22.8,30.0,25.0,1.0,4.0,1.0,22.0,12.1,16.8,13.0,14.0,11.9,13.1,36.4,25.0,9.2,21.0,4.0,6.0,12.1,14.0,51.0,46.5,12.0,3.0,21.0,16.2,35.0,20.8,3.1,13.9,19.0,17.2,11.0,39.2,24.0,35.4,29.0,25.7,18.2,22.2,11.0,12.0,6.0,1.0,6.1,5.0,15.2,2.1
1772902505.4149945,26.5,14.3,25.3,18.2,15.3,13.1,38.0,31.6,3.1,3.1,2.0,21.4,23.0,20.2,15.2,20.2,23.0,18.2,42.0,30.0,16.0,15.2,3.1,5.1,22.0,14.0,52.0,55.1,10.2,2.0,16.5,19.2,31.3,32.3,14.9,8.2,20.2,13.3,12.2,32.0,26.0,23.0,33.0,40.4,19.2,18.4,13.1,14.0,4.0,5.1,4.1,18.2,16.3,17.8
1772902506.4150763,28.3,4.1,22.2,24.2,16.2,21.2,37.0,37.3,4.0,2.0,0.0,22.0,33.3,30.0,25.0,19.0,21.0,20.8,37.0,39.8,14.3,14.1,3.0,5.1,20.0,8.2,57.6,58.8,9.1,1.0,17.0,17.8,18.4,26.3,7.1,6.0,22.0,9.1,7.1,34.7,22.2,21.2,25.5,27.0,19.2,10.3,11.1,11.2,4.1,4.1,3.0,27.6,20.4,15.3
1772902507.4169405,11.3,21.0,21.0,25.3,16.5,3.0,36.6,30.6,3.0,5.1,2.0,21.6,32.0,33.3,23.0,23.2,23.0,22.4,40.4,39.0,3.0,14.0,5.1,4.0,19.0,7.1,63.0,57.6,7.1,9.0,16.0,21.0,19.2,27.3,10.1,16.2,13.3,18.2,32.0,22.2,28.7,24.0,35.6,38.0,8.2,15.8,12.9,13.7,4.0,3.1,8.2,24.0,13.1,15.5
1772902508.4170265,11.5,23.2,19.2,23.8,19.2,25.0,38.8,34.7,3.0,7.0,2.0,20.2,28.7,20.0,13.1,14.0,17.3,25.0,44.6,32.0,14.0,11.0,8.2,2.0,11.2,10.2,53.5,62.0,10.1,4.1,13.1,15.5,36.6,27.3,5.0,10.1,12.0,19.2,7.1,27.6,22.0,22.2,10.2,25.7,14.1,21.0,10.2,11.2,5.1,3.1,9.0,22.2,3.0,15.0
1772902509.4184055,19.2,16.0,22.2,22.2,19.4,2.0,39.4,46.0,3.1,2.0,9.1,10.1,25.7,23.0,18.8,14.0,26.0,19.2,40.4,36.0,26.3,6.1,7.9,1.0,20.0,13.0,57.6,55.0,4.1,11.0,20.2,16.0,33.3,30.6,8.1,15.0,17.2,15.0,11.1,29.3,24.5,27.0,21.4,25.3,20.2,21.4,8.2,14.1,18.8,4.1,9.1,24.8,12.1,20.4
1772902510.4228914,30.7,9.1,27.6,24.0,31.4,11.0,55.3,46.5,3.0,5.1,5.0,2.0,29.7,24.8,20.2,27.0,16.7,13.3,38.6,43.4,23.2,10.0,4.0,7.0,20.0,9.9,61.4,61.4,12.1,3.0,14.0,21.0,23.8,17.8,14.1,4.0,22.0,14.1,11.9,13.1,23.8,24.8,18.8,27.7,14.1,13.9,12.0,13.1,7.1,9.1,14.0,17.2,25.7,14.3
1772902511.4239106,26.3,7.1,24.2,16.3,18.2,5.1,39.2,41.4,1.0,6.2,2.1,6.1,23.2,23.0,21.8,22.0,13.4,23.8,34.3,39.4,23.0,3.0,4.1,4.1,17.2,8.1,56.6,58.4,10.2,2.1,24.2,20.4,35.4,21.2,9.2,13.4,16.3,19.0,5.2,9.0,28.0,28.6,27.6,20.2,28.3,17.3,13.3,12.1,5.1,1.0,16.2,10.3,14.3,13.1
1772902512.4239936,27.0,8.2,24.5,23.0,29.3,12.1,50.5,44.6,5.1,5.0,4.0,3.1,29.0,25.0,15.2,13.1,21.0,25.3,19.4,25.0,22.0,13.1,5.1,4.1,8.1,19.4,59.6,66.7,8.2,12.1,20.0,16.2,42.4,19.6,14.0,14.0,15.0,22.4,11.2,8.2,23.2,23.2,21.6,30.3,18.6,18.2,12.1,12.0,5.1,6.1,22.4,14.0,9.3,16.2
1772902513.424071,29.6,5.0,2.0,9.0,5.9,1.0,34.0,24.5,0.0,1.0,2.0,0.0,11.2,10.2,19.2,16.0,1.0,20.0,4.0,2.0,14.1,5.9,0.0,1.0,4.0,9.0,41.0,24.0,0.0,2.0,1.0,1.0,27.5,11.0,0.0,0.0,0.0,0.0,0.0,0.0,12.0,10.8,6.1,15.0,6.1,13.0,1.0,3.0,1.0,4.0,9.0,12.0,12.2,6.1
1772902514.4241598,11.8,17.0,1.0,0.0,0.0,1.0,26.0,15.0,0.0,0.0,0.0,0.0,15.7,7.9,20.0,20.0,0.0,21.6,0.0,0.0,5.0,3.0,1.0,0.0,0.0,1.0,25.0,36.0,1.0,0.0,0.0,0.0,21.0,0.0,0.0,0.0,0.0,0.0,1.0,0.0,0.0,1.0,9.0,10.0,0.0,0.0,0.0,0.0,1.0,0.0,1.0,18.0,9.0,9.1
1772902515.424227,4.0,20.8,0.0,0.0,0.0,0.0,27.0,14.0,0.0,1.0,0.0,0.0,18.0,2.0,10.0,13.0,0.0,20.2,0.0,0.0,0.0,0.0,0.0,0.0,0.0,0.0,26.0,33.3,0.0,0.0,0.0,0.0,1.0,20.6,0.0,0.0,0.0,0.0,0.0,0.0,0.0,0.0,3.0,18.0,0.0,0.0,0.0,0.0,0.0,0.0,7.0,15.8,1.0,0.0
1772902516.4242835,13.1,7.1,0.0,0.0,0.0,0.0,19.0,21.8,0.0,0.0,0.0,0.0,0.0,20.8,0.0,0.0,7.0,13.9,0.0,0.0,0.0,0.0,0.0,0.0,0.0,0.0,39.0,22.5,0.0,0.0,0.0,0.0,11.8,10.0,0.0,0.0,0.0,0.0,0.0,0.0,0.0,0.0,7.0,12.9,0.0,0.0,0.0,1.0,0.0,0.0,4.0,16.8,0.0,0.0
1772902517.4243417,22.8,0.0,0.0,1.0,0.0,0.0,13.0,26.3,0.0,0.0,0.0,0.0,0.0,21.0,0.0,0.0,1.0,3.0,1.0,0.0,0.0,0.0,0.0,0.0,0.0,0.0,39.0,20.2,0.0,0.0,0.0,0.0,20.0,0.0,0.0,1.0,0.0,0.0,0.0,0.0,0.0,0.0,17.0,3.0,0.0,0.0,0.0,0.0,0.0,0.0,20.8,0.0,0.0,0.0
1772902518.4243894,20.4,0.0,0.0,0.0,0.0,0.0,6.9,24.0,0.0,0.0,0.0,0.0,0.0,20.8,0.0,0.0,0.0,0.0,0.0,0.0,0.0,0.0,0.0,0.0,0.0,0.0,25.0,35.6,0.0,0.0,0.0,0.0,21.6,0.0,0.0,0.0,0.0,0.0,0.0,0.0,0.0,0.0,20.8,0.0,0.0,0.0,0.0,0.0,0.0,0.0,11.9,9.0,0.0,0.0
1772902519.4244494,21.0,0.0,0.0,0.0,0.0,0.0,8.0,8.9,1.0,0.0,0.0,0.0,0.0,20.8,0.0,0.0,0.0,0.0,0.0,0.0,0.0,0.0,0.0,0.0,0.0,0.0,16.0,38.4,0.0,0.0,0.0,0.0,20.2,0.0,0.0,0.0,0.0,0.0,0.0,0.0,0.0,0.0,20.0,0.0,0.0,0.0,0.0,0.0,0.0,0.0,4.0,16.0,0.0,0.0
1772902520.424519,21.2,0.0,0.0,0.0,0.0,0.0,0.0,0.0,0.0,0.0,0.0,0.0,8.0,11.0,0.0,0.0,0.0,0.0,0.0,0.0,0.0,0.0,0.0,0.0,0.0,0.0,0.0,40.6,0.0,0.0,0.0,0.0,20.8,0.0,0.0,0.0,0.0,0.0,0.0,0.0,0.0,0.0,19.8,1.0,0.0,0.0,0.0,0.0,0.0,0.0,4.0,5.0,0.0,0.0
1772902521.4245746,21.0,0.0,0.0,0.0,0.0,0.0,0.0,0.0,0.0,0.0,0.0,0.0,0.0,0.0,0.0,0.0,0.0,0.0,0.0,0.0,0.0,0.0,0.0,0.0,0.0,0.0,19.8,21.0,0.0,0.0,0.0,0.0,20.8,0.0,0.0,0.0,0.0,0.0,0.0,0.0,0.0,0.0,8.1,8.0,0.0,0.0,0.0,1.0,0.0,0.0,0.0,0.0,0.0,0.0
1772902522.4246507,4.0,0.0,0.0,0.0,0.0,0.0,0.0,0.0,0.0,0.0,0.0,0.0,0.0,0.0,0.0,0.0,0.0,0.0,0.0,0.0,0.0,0.0,0.0,0.0,0.0,0.0,0.0,14.9,1.0,0.0,0.0,0.0,21.6,0.0,0.0,0.0,0.0,0.0,0.0,0.0,0.0,0.0,0.0,0.0,0.0,0.0,0.0,0.0,0.0,0.0,0.0,0.0,0.0,0.0
1772902523.424685,1.0,0.0,0.0,0.0,0.0,1.0,0.0,0.0,0.0,0.0,0.0,0.0,0.0,0.0,0.0,0.0,0.0,0.0,0.0,0.0,0.0,0.0,0.0,0.0,0.0,0.0,0.0,0.0,0.0,0.0,0.0,0.0,18.2,0.0,0.0,0.0,1.0,0.0,0.0,0.0,0.0,0.0,0.0,0.0,0.0,0.0,0.0,0.0,0.0,0.0,0.0,0.0,0.0,0.0
