timestamp,CPU_0(group_0),CPU_64(group_0),CPU_2(group_0),CPU_66(group_0),CPU_4(group_0),CPU_68(group_0),CPU_6(group_0),CPU_70(group_0),CPU_8(group_0),CPU_72(group_0),CPU_10(group_0),CPU_74(group_0),CPU_12(group_0),CPU_76(group_0),CPU_14(group_0),CPU_78(group_0),CPU_16(group_0),CPU_80(group_0),CPU_18(group_0),CPU_82(group_0),CPU_20(group_0),CPU_84(group_0),CPU_22(group_0),CPU_86(group_0),CPU_24(group_0),CPU_88(group_0),CPU_26(group_0),CPU_90(group_0),CPU_28(group_0),CPU_92(group_0),CPU_30(group_0),CPU_94(group_0),CPU_32(group_0),CPU_96(group_0),CPU_34(group_0),CPU_98(group_0),CPU_36(group_0),CPU_100(group_0),CPU_38(group_0),CPU_102(group_0),CPU_40(group_0),CPU_104(group_0),CPU_42(group_0),CPU_106(group_0),CPU_44(group_0),CPU_108(group_0),CPU_46(group_0),CPU_110(group_0),CPU_48(group_0),CPU_112(group_0),CPU_50(group_0),CPU_114(group_0),CPU_52(group_0),CPU_116(group_0)
1772937828.3547275,0.0,0.0,0.0,0.0,100.0,0.0,0.0,0.0,0.0,0.0,0.0,0.0,0.0,0.0,0.0,0.0,0.0,0.0,0.0,0.0,0.0,0.0,0.0,0.0,0.0,0.0,0.0,0.0,0.0,0.0,0.0,0.0,0.0,0.0,0.0,0.0,0.0,0.0,0.0,0.0,100.0,0.0,0.0,0.0,0.0,0.0,0.0,0.0,0.0,0.0,0.0,0.0,0.0,0.0
1772937829.3547938,43.4,36.6,21.4,19.0,25.8,33.7,36.6,41.4,42.0,27.6,22.0,4.0,19.0,17.5,25.5,34.0,22.8,26.7,32.0,25.5,22.0,7.1,19.8,16.7,15.2,5.1,34.3,34.0,25.5,23.2,11.2,11.0,29.3,47.5,8.0,47.0,19.2,21.0,31.3,37.0,15.2,13.1,10.1,9.9,16.2,13.3,17.2,11.2,4.0,22.8,24.2,25.0,37.0,43.4
1772937830.358048,35.4,37.0,23.0,26.3,31.3,25.0,29.3,32.4,20.2,28.0,10.1,14.1,16.2,13.0,30.0,17.0,14.0,23.8,21.0,7.0,22.0,6.1,14.0,10.2,7.1,11.0,32.3,30.0,17.0,19.2,13.7,12.0,43.0,32.4,5.1,28.6,8.1,20.2,27.0,36.0,4.1,9.1,6.0,8.2,17.0,18.6,21.8,2.0,11.0,13.1,26.0,22.2,29.0,32.0
1772937831.35813,26.8,32.0,21.9,16.0,38.0,32.3,34.0,22.7,17.3,29.6,11.2,9.2,9.2,15.3,16.2,34.7,13.1,24.0,33.3,40.4,23.0,9.1,8.2,16.0,5.9,12.0,27.0,35.0,20.2,9.1,10.2,12.0,38.2,30.3,6.1,1.0,13.1,11.2,44.4,32.3,6.0,8.1,17.3,12.1,11.1,10.2,19.2,4.1,22.0,31.3,21.0,24.8,27.6,31.3
1772937832.3581986,38.4,31.7,23.0,14.0,32.0,28.0,32.0,25.0,20.8,35.0,15.8,6.9,18.0,12.0,13.0,34.3,22.2,16.2,33.0,24.2,9.0,22.0,12.0,11.1,7.1,11.0,30.7,37.6,33.7,10.1,12.9,12.1,33.0,31.7,24.8,3.0,20.0,11.2,40.4,40.0,6.1,5.2,19.2,13.3,14.9,16.2,17.8,3.0,20.2,14.9,20.0,20.0,23.5,33.7
1772937833.3606985,31.6,27.3,23.5,17.2,30.7,32.7,24.2,28.3,27.3,30.6,19.4,1.0,9.1,13.1,17.3,26.3,15.0,21.2,19.4,22.2,6.0,21.0,12.1,6.1,7.0,5.1,27.7,28.6,29.3,16.2,11.0,12.0,29.3,38.4,20.4,8.0,3.0,14.0,28.3,34.3,5.1,7.1,14.0,13.1,10.2,9.0,16.2,1.0,20.2,3.1,10.1,27.0,19.4,35.0
1772937834.362445,42.6,28.0,22.2,19.0,31.0,35.6,36.0,24.5,25.0,27.0,21.8,2.0,17.0,10.1,32.0,21.0,22.5,18.0,18.2,15.2,21.2,6.1,14.0,11.0,8.0,9.2,36.6,28.7,22.8,5.0,10.1,11.0,25.0,40.4,2.0,36.6,12.1,20.0,45.5,37.4,5.0,6.9,15.2,19.2,18.6,17.0,16.0,3.1,21.8,1.0,21.0,22.2,32.0,30.0
1772937835.3673708,28.9,35.6,17.8,18.2,32.3,31.0,32.0,19.8,21.0,22.8,19.2,3.0,12.1,12.1,25.7,16.0,17.3,15.8,29.7,22.2,19.6,7.9,5.1,14.9,7.1,7.9,31.0,29.0,23.8,5.1,11.0,10.0,34.0,35.6,1.0,31.3,9.0,13.1,37.6,34.3,4.0,5.1,13.0,16.8,9.0,10.1,10.0,8.0,17.0,8.1,18.6,23.2,30.7,24.2
1772937836.3674583,26.3,37.0,20.4,15.2,37.4,28.0,30.3,28.3,20.2,27.3,15.3,3.1,16.3,16.2,21.4,30.3,15.0,22.7,35.4,35.0,19.4,7.1,17.2,11.1,4.0,16.0,30.9,29.7,25.0,23.2,11.1,10.1,39.4,34.3,1.0,32.0,13.0,10.2,43.9,40.4,7.2,5.1,18.4,12.4,18.4,18.8,10.3,7.1,21.0,9.1,12.2,27.0,34.0,27.3
1772937837.3688369,41.6,25.3,28.7,21.2,43.6,22.2,37.4,38.0,19.2,25.0,20.0,4.1,19.8,24.0,32.3,15.2,10.0,26.5,13.3,20.2,24.8,3.0,6.9,15.2,10.2,8.0,32.4,24.5,38.0,25.7,13.7,9.1,37.6,30.0,2.0,27.0,13.3,14.0,44.1,43.4,5.0,7.1,15.0,17.8,16.0,15.2,10.9,10.2,21.2,3.0,24.2,15.0,34.0,26.3
1772937838.3718503,20.6,31.7,18.2,15.0,20.2,31.0,23.0,25.0,22.8,17.0,17.8,5.1,13.0,6.1,27.3,11.2,9.0,21.0,13.9,18.0,21.0,4.9,12.9,7.9,7.1,3.0,29.7,29.7,6.9,13.0,8.2,10.0,25.3,33.7,0.0,24.2,8.0,2.0,26.0,26.0,2.0,4.0,12.0,12.2,7.0,8.0,3.0,11.1,20.8,2.0,22.5,12.9,22.2,25.0
1772937839.3734992,48.0,25.3,22.2,14.3,29.6,34.0,21.2,34.3,29.6,18.2,19.2,3.0,15.3,14.1,19.2,30.3,22.2,17.2,21.2,29.0,22.2,6.1,16.5,6.2,8.1,7.1,30.3,32.0,21.2,5.1,10.9,11.2,35.4,35.4,2.0,31.3,15.5,4.0,36.4,33.7,4.0,9.0,14.3,16.0,18.8,15.2,15.0,5.0,4.0,19.4,21.4,16.3,34.0,24.5
1772937840.378296,37.0,22.2,18.2,22.8,33.0,30.7,21.2,34.7,24.8,22.2,19.2,6.0,10.2,15.2,31.0,23.8,14.1,21.8,30.3,33.0,20.8,3.1,10.0,11.8,9.1,8.0,30.0,28.3,20.0,25.0,15.0,12.7,29.7,36.6,8.1,16.8,14.0,15.2,41.6,44.0,5.0,7.0,15.0,16.2,11.0,11.0,2.0,18.0,2.0,22.8,25.7,18.6,26.3,33.3
1772937841.3793213,43.0,25.3,19.4,21.2,35.4,24.2,34.0,24.2,26.3,22.0,18.4,2.0,14.0,8.1,27.3,16.2,15.0,23.8,21.4,24.5,9.2,18.0,11.0,10.2,11.1,6.1,35.4,24.0,14.1,31.0,10.1,10.2,34.0,33.0,3.0,27.3,12.2,10.1,39.0,43.0,6.1,6.1,14.3,20.2,16.2,17.2,1.0,18.2,12.1,12.2,23.2,17.5,23.2,33.3
1772937842.379591,33.7,33.0,25.3,10.1,34.0,26.3,26.3,32.0,25.3,22.0,19.6,3.1,14.3,12.1,28.0,24.2,11.1,22.2,16.0,16.2,17.8,9.2,13.1,12.0,14.7,5.1,29.0,27.6,6.1,19.0,13.9,11.0,32.3,32.0,3.0,13.1,6.0,15.2,35.4,26.3,6.1,6.1,13.0,15.2,11.0,12.0,3.0,17.2,13.3,13.3,14.9,24.0,23.2,33.0
1772937843.381382,37.8,24.8,18.2,20.6,38.8,24.0,27.6,24.0,26.7,18.2,19.2,2.0,9.9,12.2,13.3,29.0,14.0,19.4,24.0,33.0,10.1,16.7,13.0,12.2,12.2,3.0,25.0,34.7,9.1,26.7,10.2,9.9,33.0,28.7,3.1,27.3,8.1,8.2,39.0,37.6,8.2,4.0,14.1,19.0,18.0,17.0,2.0,15.8,11.1,13.9,23.2,16.2,30.3,24.5
1772937844.3814583,26.5,37.8,27.3,22.4,40.0,27.6,31.0,31.6,29.3,22.2,11.2,7.1,17.2,15.6,31.7,16.3,19.0,22.8,27.6,31.6,21.4,7.1,10.1,18.8,13.1,5.1,29.3,35.4,13.3,32.0,12.1,14.0,39.6,35.7,2.0,38.6,13.3,25.0,55.1,44.4,9.1,10.0,16.2,14.3,9.2,7.2,18.2,2.1,15.0,8.2,19.2,24.2,33.3,30.7
1772937845.3826303,28.6,38.6,18.2,17.2,31.3,29.0,28.3,27.0,16.3,27.0,23.0,2.0,11.2,10.1,4.1,20.2,18.0,18.0,18.2,24.0,20.0,3.0,12.1,13.1,8.2,6.1,33.0,30.0,11.1,25.0,10.9,9.1,30.7,32.7,6.1,30.3,7.1,8.2,38.6,34.7,4.1,4.1,14.3,17.2,19.0,20.0,13.0,9.1,6.1,18.2,22.0,20.8,35.6,20.4
1772937846.385479,35.4,18.2,28.6,14.1,33.0,35.6,32.0,22.0,17.2,19.2,20.2,3.0,15.8,13.0,12.2,24.0,14.0,10.1,18.8,27.0,5.1,6.1,10.0,15.0,15.0,8.1,34.0,32.7,17.0,9.1,14.0,11.0,39.0,31.3,4.0,38.6,10.3,14.3,22.2,28.7,5.0,7.1,13.1,15.0,8.1,10.8,11.0,11.0,2.0,3.0,27.7,19.0,20.4,24.8
1772937847.3855565,27.0,26.0,20.4,20.0,25.3,23.2,16.2,19.2,19.2,13.3,19.2,1.0,15.2,12.9,10.9,15.0,17.2,6.1,26.3,33.7,10.1,13.0,15.0,7.1,11.1,7.9,28.3,18.0,35.0,12.1,12.9,16.0,34.3,36.6,2.0,8.2,9.1,17.2,35.4,29.6,6.0,6.1,12.0,5.1,17.3,18.0,18.2,2.0,11.0,10.0,17.0,22.4,22.5,24.5
1772937848.3865144,39.4,18.2,24.8,23.0,19.0,20.0,20.2,29.0,29.0,19.8,17.0,2.0,16.0,8.2,13.1,24.2,12.2,23.8,22.0,23.0,23.0,4.0,8.1,13.0,9.1,2.0,28.7,21.4,29.0,15.3,9.9,12.9,39.0,30.0,2.0,15.2,9.0,17.0,38.0,33.3,6.1,6.0,3.1,8.1,4.0,6.0,7.0,14.0,1.0,22.2,17.2,26.2,20.0,32.7
1772937849.3871007,44.4,33.7,19.2,21.2,26.5,18.0,27.8,25.3,29.6,16.2,10.0,13.1,9.1,9.2,22.0,19.8,19.0,17.2,32.3,23.2,4.1,25.3,16.0,8.9,15.0,4.0,36.0,27.7,25.3,11.0,9.3,10.1,34.0,41.0,4.0,2.0,5.1,11.0,28.0,25.0,2.1,6.1,10.2,6.1,21.2,20.0,17.2,6.1,1.0,22.2,19.0,24.5,21.2,38.0
1772937850.387177,27.1,26.7,23.5,16.2,22.2,19.2,24.8,32.0,34.7,16.3,1.0,16.2,19.2,10.1,38.0,13.1,10.0,26.0,22.8,24.2,5.9,21.0,16.0,7.1,10.1,8.2,34.0,25.0,19.8,8.1,9.9,11.9,35.6,33.0,1.0,3.0,12.1,9.2,26.3,30.3,7.0,9.0,10.1,5.1,7.0,3.0,3.0,13.9,1.0,21.0,22.0,17.0,25.3,33.0
1772937851.3884695,37.8,35.6,20.0,27.0,36.4,28.3,31.6,24.2,28.6,35.7,13.1,11.0,15.3,10.2,19.2,25.5,15.3,24.2,29.6,29.3,5.1,22.0,17.2,5.1,10.1,9.1,35.4,28.0,26.3,18.0,12.0,10.2,39.8,36.7,2.0,7.1,7.2,18.2,51.5,50.0,6.2,3.1,15.3,14.0,21.8,21.2,2.0,18.2,6.1,21.2,17.3,26.0,24.8,34.3
1772937852.3899853,20.0,33.3,20.4,15.0,28.9,36.4,25.3,31.3,27.3,16.0,18.0,2.0,13.0,17.0,22.2,31.0,12.0,22.0,28.0,22.0,8.2,16.2,15.2,5.1,5.2,10.1,32.7,25.5,27.3,13.3,8.1,11.0,27.0,37.6,1.0,26.8,12.1,10.1,38.6,39.4,5.0,5.0,14.1,16.3,5.1,8.1,3.0,16.3,10.1,13.3,16.0,23.2,26.0,37.0
1772937853.391946,32.3,39.0,27.0,14.1,29.0,37.4,23.2,30.3,25.3,19.2,20.0,2.0,20.2,21.0,15.8,34.3,14.1,24.0,32.0,31.0,17.2,7.1,14.9,9.1,7.0,10.1,31.0,29.0,23.8,8.1,10.0,10.1,27.0,40.0,3.0,22.8,18.2,5.1,32.0,37.0,6.2,5.1,17.0,12.1,19.0,20.0,13.4,2.0,15.2,7.0,16.0,25.0,26.5,28.3
1772937854.3944836,31.6,25.7,27.3,17.2,36.0,24.2,27.3,26.3,21.0,30.0,20.4,1.0,16.2,22.2,16.3,33.0,14.0,23.0,25.3,28.0,15.0,15.0,11.1,12.1,8.1,10.0,30.3,26.0,14.9,31.0,10.9,12.7,38.6,33.3,23.2,13.3,10.1,18.2,39.0,35.6,7.1,4.1,15.3,15.2,7.1,9.0,7.0,15.8,12.2,9.2,22.8,21.8,23.0,39.0
1772937855.395177,37.8,22.4,26.0,19.0,26.0,34.3,33.7,38.4,22.2,20.2,19.2,2.0,19.0,21.0,19.0,30.3,19.2,18.0,13.1,16.2,12.1,15.0,9.1,13.1,13.1,5.1,29.0,32.3,23.5,30.7,10.0,10.1,38.0,28.4,34.3,1.0,7.1,11.1,40.6,46.0,3.0,7.9,16.2,15.2,16.8,16.2,3.0,17.2,10.0,11.2,15.2,24.2,29.3,27.6
1772937856.3960369,35.4,29.0,24.0,15.2,31.3,32.3,31.3,33.0,23.5,21.2,23.8,2.0,9.3,15.3,16.2,30.6,23.0,13.4,38.6,34.3,18.0,10.1,23.0,6.1,7.1,7.1,29.0,32.3,15.3,29.3,12.2,12.0,31.0,30.3,28.0,4.0,16.8,6.1,35.7,39.4,5.1,6.2,14.1,13.3,10.1,11.9,19.0,4.0,16.2,6.1,13.0,24.8,26.3,27.7
1772937857.3966804,19.8,41.0,18.2,18.0,28.9,37.0,26.5,32.3,28.7,19.2,18.4,3.1,8.2,13.1,18.0,29.3,9.1,16.0,30.2,30.3,9.1,6.1,6.1,19.0,10.2,6.1,37.8,27.0,4.0,22.8,12.7,14.1,36.6,35.0,37.4,0.0,14.4,13.0,30.0,39.0,4.1,4.1,16.0,11.1,10.2,13.1,19.2,3.1,12.0,3.0,23.0,17.2,34.0,18.6
1772937858.398038,18.6,29.4,22.4,23.0,34.3,31.0,21.0,31.0,11.1,16.0,22.8,3.0,17.0,13.0,17.2,31.7,14.1,4.0,15.8,16.8,4.0,3.1,7.9,18.0,10.9,8.1,31.7,28.3,8.0,26.0,12.1,9.0,33.0,29.4,31.3,2.0,11.1,13.1,42.0,38.4,4.0,7.0,20.6,15.8,11.1,12.0,15.8,3.0,2.0,3.0,23.0,18.2,18.2,19.0
1772937859.3984957,25.5,16.3,23.5,14.4,31.0,31.3,28.3,11.2,17.2,19.2,18.2,4.1,15.3,16.2,14.3,25.5,18.8,11.2,7.1,22.0,8.2,20.0,8.2,13.1,10.2,4.1,14.1,28.7,33.0,15.2,12.0,13.1,36.4,34.3,23.8,5.1,7.1,12.2,40.4,31.3,6.1,5.1,14.1,12.1,13.0,11.1,19.2,1.0,2.0,17.2,22.2,22.0,27.0,21.2
1772937860.4020042,37.8,37.6,19.2,18.0,26.3,32.7,18.8,27.7,28.7,13.1,19.0,3.0,24.2,20.2,20.0,31.7,23.0,13.1,40.0,32.3,17.8,9.0,6.1,14.9,8.0,6.1,25.3,30.0,27.3,16.0,10.9,13.0,23.0,42.6,13.3,2.0,17.8,14.9,38.8,41.4,6.1,5.0,17.3,13.1,18.0,18.8,3.0,15.2,1.0,21.0,27.7,16.8,27.3,20.2
1772937861.4026015,44.4,21.2,28.3,24.2,30.3,33.0,29.3,31.3,23.2,32.3,20.2,3.1,15.0,17.3,19.4,31.0,27.0,14.1,38.4,32.3,22.2,5.1,12.0,13.1,7.1,7.1,38.6,29.6,7.1,21.8,11.2,10.3,37.8,35.7,32.0,5.1,28.0,11.5,43.9,43.0,9.2,3.0,22.0,14.3,10.2,13.1,2.0,19.0,4.0,22.2,25.3,21.4,37.6,27.3
1772937862.4026678,30.0,40.0,17.3,16.0,31.6,30.7,34.0,28.0,16.3,26.3,7.1,13.0,8.1,15.0,17.0,32.3,26.5,10.1,18.2,11.9,21.0,5.1,13.0,12.1,2.0,9.1,30.0,28.0,11.1,31.3,9.0,8.9,37.6,28.7,1.0,4.0,28.6,11.0,30.3,27.0,7.9,3.1,13.1,14.0,18.0,15.0,5.1,10.2,2.0,21.2,19.2,20.2,34.7,25.0
1772937863.4027436,35.7,18.2,17.5,15.8,29.3,37.6,27.0,29.0,18.2,27.3,1.0,19.0,7.1,10.1,26.3,19.0,23.2,12.1,14.3,6.1,22.0,5.1,15.5,9.1,4.0,14.3,23.0,34.0,25.0,18.0,12.1,11.1,36.0,32.3,4.0,5.0,28.3,14.1,40.4,36.0,7.3,4.0,17.2,13.1,9.0,5.1,3.0,17.2,3.1,18.2,17.0,22.0,34.3,23.5
1772937864.4035017,36.7,33.0,20.2,21.2,34.3,23.5,39.8,17.0,20.4,27.3,2.0,20.4,10.1,19.4,19.0,27.6,30.0,12.1,32.0,27.7,17.0,11.0,8.1,22.2,8.0,14.1,29.3,34.7,25.3,7.1,12.9,10.0,40.6,33.0,6.2,4.1,23.0,20.0,44.0,37.8,5.1,4.1,15.2,18.2,17.0,14.9,3.1,18.0,14.0,10.1,21.0,23.0,23.5,36.4
1772937865.4035833,28.1,28.7,22.2,23.0,32.0,31.0,30.0,22.4,15.0,25.7,2.0,20.0,9.2,12.1,18.4,7.1,25.7,7.1,37.4,38.4,4.1,23.2,8.9,13.1,9.1,8.1,35.0,22.2,23.0,9.1,12.1,9.1,27.0,36.3,4.0,2.0,34.3,17.3,36.7,38.4,5.1,5.0,11.1,13.4,8.2,9.1,2.0,17.3,1.0,19.0,19.4,22.0,24.0,23.0
1772937866.4057863,33.7,36.3,15.3,22.0,38.6,23.0,31.3,24.8,17.0,29.0,8.0,15.0,9.1,18.0,21.2,10.9,24.2,11.0,19.0,18.2,9.0,18.2,15.2,6.1,7.1,10.1,31.3,24.5,35.4,14.1,13.0,10.0,36.0,26.3,3.0,2.0,11.2,10.0,22.0,26.3,5.1,6.1,12.1,19.2,15.8,17.0,6.1,12.0,7.0,17.0,21.8,19.0,18.2,18.2
1772937867.4080482,38.4,24.2,18.6,17.2,25.7,17.2,31.3,26.5,27.3,21.2,21.0,6.1,16.2,10.1,19.2,10.1,18.0,19.0,27.3,12.2,15.0,13.0,13.0,8.9,9.1,11.1,25.7,34.0,31.7,39.0,11.1,13.7,32.0,42.6,3.0,6.1,17.2,18.0,31.0,30.0,7.1,5.1,12.1,9.0,12.0,10.9,18.0,6.0,14.0,9.1,22.0,18.0,15.2,23.8
1772937868.4081788,35.7,27.3,20.2,18.2,19.6,18.4,26.0,26.0,31.3,24.2,17.3,2.0,11.1,10.2,23.2,16.3,22.8,15.2,24.5,34.0,8.1,18.2,5.1,12.1,8.0,5.1,26.3,35.4,19.2,4.1,13.0,10.1,31.0,43.9,2.0,4.0,14.1,3.0,27.3,36.7,8.2,6.1,13.1,3.1,12.1,13.0,12.1,31.3,13.0,10.2,16.2,22.0,23.8,15.3
1772937869.4095702,26.5,38.2,23.5,21.0,24.2,15.0,25.3,26.3,29.3,22.7,18.0,2.0,7.0,20.8,29.6,14.1,10.1,27.0,31.3,29.0,4.1,10.1,4.0,14.1,9.2,3.1,28.7,29.7,10.0,21.8,12.9,9.0,29.0,33.3,1.0,5.1,9.9,11.1,31.6,35.6,5.1,2.0,9.1,6.1,12.0,13.1,27.0,17.0,16.3,2.0,18.0,22.8,17.2,17.2
1772937870.4113455,24.7,27.0,23.0,15.2,26.3,25.3,32.7,23.5,10.3,18.0,20.2,2.0,12.1,16.3,24.0,25.3,13.3,4.1,17.0,20.4,3.1,11.0,16.2,6.1,9.1,7.1,34.3,29.0,15.2,29.3,12.1,11.9,31.3,38.4,3.0,4.0,8.2,15.2,37.0,38.4,8.0,3.1,3.0,8.0,13.0,15.2,38.0,17.8,2.0,5.0,16.2,24.2,31.6,21.2
1772937871.4130654,25.3,25.5,18.2,22.0,28.0,37.0,24.2,17.0,17.8,21.0,19.0,2.0,10.2,13.3,31.0,18.0,20.6,12.1,21.2,18.2,19.6,9.1,19.8,6.9,5.1,15.0,21.0,31.0,14.1,29.0,11.1,10.1,40.6,30.7,2.0,4.1,15.0,17.2,41.0,46.5,7.0,7.1,18.2,13.0,14.0,12.9,29.3,21.2,15.0,8.2,31.0,15.0,33.3,29.7
1772937872.41317,33.0,35.4,15.6,25.7,28.9,34.0,26.0,24.2,17.0,27.3,13.3,9.2,17.2,23.2,26.3,16.0,22.2,14.1,33.3,41.0,21.2,5.1,14.0,5.2,6.1,7.1,20.4,22.7,9.2,20.2,12.9,10.1,32.0,32.0,2.0,5.0,12.2,3.0,35.0,37.4,5.1,8.0,25.0,11.2,12.2,13.1,17.3,17.3,22.2,1.0,18.2,22.2,32.3,23.5
1772937873.4140465,21.6,37.0,20.4,24.5,28.0,38.4,33.7,45.0,19.6,27.3,14.1,6.0,12.4,18.2,30.3,19.2,23.0,15.2,26.3,19.6,22.2,6.1,17.2,8.2,7.0,9.1,33.0,30.3,21.2,34.7,12.2,12.9,38.0,34.3,3.0,3.1,15.2,14.1,35.4,30.3,8.1,4.1,18.2,14.3,12.0,15.2,15.2,41.4,22.0,3.0,22.0,19.2,28.7,32.0
1772937874.416279,43.4,28.0,19.8,16.0,38.0,23.0,34.3,28.3,22.8,23.0,20.8,1.0,9.1,11.0,14.1,29.0,27.0,8.0,22.0,24.0,21.8,5.0,7.0,16.8,6.1,10.2,30.0,30.4,12.0,28.7,10.9,11.0,28.7,36.6,2.0,3.0,12.2,14.3,38.4,43.4,5.1,7.0,14.1,14.1,16.0,16.0,14.9,36.0,21.0,2.0,19.0,24.5,30.7,21.2
1772937875.4210114,34.3,24.8,25.0,18.2,41.8,20.0,27.0,24.0,29.3,19.0,16.2,3.0,14.0,12.1,20.8,29.3,28.4,8.2,18.8,20.0,21.8,7.1,5.1,17.2,8.1,9.0,30.0,34.3,10.1,27.0,12.9,12.9,43.0,32.0,3.0,3.0,19.0,4.0,46.0,45.0,7.9,5.1,28.3,16.0,9.1,9.0,17.8,26.7,4.0,18.0,26.0,16.0,21.2,26.0
1772937876.4210844,42.4,25.3,19.6,16.2,39.6,22.4,31.7,28.3,27.0,16.2,2.0,19.4,13.0,9.2,13.3,30.0,35.0,16.2,37.8,35.0,16.0,6.1,9.0,11.1,5.1,11.0,28.6,29.3,8.1,22.8,12.0,10.1,33.3,33.7,3.0,2.0,13.1,4.1,36.0,31.0,4.1,3.1,23.0,14.3,17.8,18.0,4.0,16.2,10.0,8.1,18.0,17.8,21.2,27.0
1772937877.4211545,21.4,29.0,18.2,18.0,29.3,33.0,28.3,29.3,24.7,20.2,4.0,20.8,12.1,13.9,18.2,31.0,31.4,17.2,19.6,24.2,16.3,11.9,6.1,17.0,13.0,7.1,32.7,30.7,11.0,28.7,11.1,11.8,33.7,34.3,2.0,3.0,28.3,21.0,35.3,28.0,9.1,6.1,14.3,15.2,8.2,10.1,1.0,19.0,2.0,2.0,23.5,21.2,28.0,33.7
1772937878.4218552,19.4,25.0,22.0,15.0,23.2,37.6,28.3,16.2,20.2,18.2,20.0,28.0,10.2,10.0,14.0,30.3,13.3,19.8,23.8,18.0,11.1,16.2,13.9,8.0,7.0,7.1,29.3,24.5,12.1,27.6,10.0,10.1,25.3,30.0,3.0,2.0,5.1,13.1,37.4,36.0,10.1,4.0,12.1,16.0,11.2,14.9,2.0,12.2,3.0,2.0,12.4,21.0,21.2,33.3
1772937879.42258,11.3,30.0,23.2,20.2,36.0,27.3,33.7,25.7,20.0,26.3,19.0,35.4,18.0,14.1,17.3,31.6,18.8,20.2,27.3,26.5,18.0,10.0,10.2,14.1,7.1,10.1,21.2,23.8,9.0,24.0,12.1,11.1,33.0,33.3,4.0,3.1,12.0,16.2,49.0,45.4,7.1,9.1,17.0,19.2,11.8,11.1,11.2,13.0,3.0,5.1,25.7,21.0,28.4,36.1
1772937880.424682,27.6,17.2,22.4,12.1,34.0,29.0,21.4,33.3,22.4,21.4,7.1,36.6,9.2,12.2,32.7,14.9,11.3,18.4,32.3,30.3,12.0,5.1,12.1,7.1,3.1,12.1,23.0,13.1,11.1,21.0,7.1,8.0,31.4,32.7,2.0,3.0,1.0,11.1,36.7,31.7,2.0,7.1,12.1,13.3,20.0,18.2,8.1,12.1,4.0,4.1,23.5,16.0,18.2,35.4
1772937881.4259014,20.2,14.3,18.2,19.2,33.7,21.2,31.3,23.0,17.0,12.0,14.1,26.3,7.1,18.8,26.3,20.0,4.0,12.9,22.2,16.0,3.1,7.0,6.1,16.0,10.1,6.0,17.6,19.8,26.0,14.0,14.0,9.1,39.0,29.7,2.0,5.0,16.0,16.3,26.0,31.3,6.9,5.1,15.0,13.0,4.1,7.0,14.1,4.0,4.0,4.0,18.8,22.0,21.4,27.0
1772937882.4267719,22.2,32.0,13.3,23.8,33.7,31.4,19.0,27.0,13.0,14.0,21.0,13.1,13.3,10.1,12.1,32.3,14.1,15.0,12.2,19.0,6.0,18.0,7.0,15.8,5.1,12.1,14.4,26.0,29.0,11.1,12.0,12.0,36.4,36.0,1.0,4.1,10.2,10.0,38.0,41.6,4.1,5.1,16.3,16.2,11.1,15.0,3.0,15.2,7.9,15.2,14.1,25.3,19.0,24.8
1772937883.4271326,34.0,30.7,23.0,23.7,38.4,22.2,16.3,21.0,23.5,22.2,18.2,3.0,16.0,14.4,21.4,29.7,13.3,24.2,35.0,28.6,5.0,23.0,5.1,16.2,9.2,7.1,22.0,32.0,20.2,3.0,11.0,11.1,25.0,40.0,3.0,4.0,18.0,7.1,50.5,47.0,5.1,5.1,14.1,14.3,13.0,13.9,13.1,11.1,8.3,13.1,27.0,18.4,18.4,21.4
1772937884.4272225,39.6,27.3,19.4,15.2,35.0,23.5,34.7,29.6,25.5,21.4,22.2,1.0,10.2,10.2,23.2,13.3,14.1,24.2,27.3,31.3,7.1,21.2,5.2,17.2,7.2,8.2,24.5,35.4,29.3,15.3,11.2,12.0,35.4,35.4,5.1,7.2,11.2,15.3,30.7,24.5,4.0,8.2,12.0,16.0,6.1,13.3,8.1,11.2,8.0,15.2,23.0,17.3,19.8,21.4
1772937885.430208,25.3,45.5,20.2,19.2,34.7,23.2,22.8,28.6,26.7,17.3,5.1,12.9,13.1,12.1,11.1,19.2,19.0,19.0,18.2,19.4,4.0,22.0,7.1,13.0,10.0,4.0,33.7,28.7,22.8,20.8,10.8,12.9,29.7,32.7,2.0,4.0,13.1,8.2,27.0,22.0,8.0,5.1,17.0,14.1,19.8,16.8,1.0,13.1,1.0,15.0,22.0,18.0,14.3,17.0
1772937886.4302826,16.5,25.0,24.2,18.2,23.2,30.0,31.3,28.4,24.5,22.8,2.0,20.2,5.1,14.1,6.1,20.2,17.2,20.0,22.2,21.8,5.1,21.0,18.0,4.0,7.1,9.0,33.3,25.5,8.2,23.0,12.0,12.9,37.0,35.4,2.1,2.0,16.2,10.0,26.3,34.0,5.1,6.1,15.2,13.3,3.1,3.1,2.0,19.8,1.0,3.1,17.2,24.0,23.0,16.3
1772937887.4303715,37.8,24.0,25.0,18.2,19.0,24.0,21.4,32.7,22.0,36.4,13.0,9.1,16.0,12.0,4.1,26.3,20.0,16.0,19.2,24.2,10.2,14.9,16.3,6.0,9.1,6.0,26.0,21.0,4.0,20.8,12.0,12.1,31.7,35.6,6.0,2.0,11.1,5.1,38.0,38.1,4.0,17.2,17.2,9.0,21.0,19.2,2.0,15.3,9.1,16.0,17.0,22.8,24.5,30.7
1772937888.430463,39.0,16.5,19.4,21.2,24.7,22.2,25.7,29.0,24.7,29.0,2.0,18.2,14.1,8.1,7.0,16.3,19.2,14.1,29.0,36.0,7.0,4.1,17.2,5.1,11.2,3.1,34.0,16.3,13.1,28.7,12.0,11.9,37.0,30.6,4.0,5.0,18.2,14.3,22.7,17.2,5.1,31.0,4.1,5.1,9.0,7.9,8.0,16.0,1.0,21.2,23.0,18.4,30.0,25.5
1772937889.4358716,44.0,32.0,18.2,18.0,20.2,22.5,31.3,22.2,29.4,14.1,12.0,7.0,12.0,13.1,18.2,28.0,17.0,17.0,22.0,15.8,1.0,4.0,16.8,9.9,10.0,6.9,33.7,23.2,14.9,29.0,8.1,9.0,30.0,28.7,2.0,3.0,5.0,10.1,34.7,35.0,5.0,26.0,9.1,4.0,17.0,16.0,3.0,13.1,3.0,20.0,22.8,17.0,29.0,24.0
1772937890.4386408,35.4,22.0,25.3,17.8,22.0,26.3,28.6,24.0,23.5,20.0,17.8,1.0,16.2,5.2,15.0,28.7,17.0,18.0,24.2,26.3,5.0,4.0,14.3,8.1,8.1,7.1,32.7,32.4,9.0,21.0,10.8,12.1,34.3,32.7,2.0,2.0,11.0,13.9,51.0,45.5,5.0,20.8,5.1,5.9,8.0,6.1,17.8,2.0,2.9,22.0,26.5,16.0,31.0,21.0
1772937891.4389942,33.3,29.6,27.3,12.2,22.4,34.3,26.0,28.3,19.0,25.5,7.1,12.2,12.4,21.0,21.2,34.3,17.3,15.2,21.2,27.6,1.0,8.0,6.1,9.2,5.1,10.1,30.6,30.3,5.1,21.4,11.2,11.1,27.6,37.4,3.1,2.1,11.1,4.1,39.8,39.2,6.1,16.2,10.3,9.3,11.2,13.0,14.1,3.0,1.0,20.4,17.5,23.0,14.6,17.0
1772937892.4419866,40.0,25.7,17.3,20.2,37.8,25.7,34.3,35.4,15.3,24.8,2.0,15.2,17.8,22.0,12.1,29.0,16.0,11.1,21.2,15.2,6.0,4.1,17.8,6.0,15.0,4.0,32.7,29.0,32.0,22.8,12.7,14.0,30.4,39.0,2.0,4.1,17.2,15.2,33.0,27.3,6.0,5.1,13.9,12.1,13.1,13.0,16.2,2.0,10.1,10.1,15.2,26.0,21.8,29.3
1772937893.44446,40.0,20.0,25.3,10.1,32.7,32.3,28.6,35.0,15.0,13.4,2.1,20.8,14.1,11.2,33.0,20.2,5.1,13.0,25.3,32.0,18.0,11.1,15.2,4.1,9.1,7.2,33.3,28.7,21.4,34.3,14.1,12.0,38.0,32.7,2.1,3.0,9.0,9.0,34.0,36.6,7.1,6.2,20.2,11.2,12.1,15.2,16.2,5.0,7.1,18.2,25.7,18.4,29.0,35.4
1772937894.4463706,36.7,28.3,27.6,18.2,36.0,32.3,21.4,17.2,16.2,30.3,5.1,19.0,13.1,13.0,28.6,19.2,23.0,17.2,23.2,25.3,13.4,13.1,17.2,7.1,7.1,12.0,35.4,28.3,7.1,22.2,12.0,14.1,39.4,35.4,3.0,3.1,19.4,6.2,48.0,53.1,9.9,4.1,13.1,14.1,12.0,15.0,3.0,17.3,12.2,10.3,26.3,16.2,36.4,31.0
1772937895.4476032,30.6,22.8,14.0,25.3,33.3,27.0,27.7,22.2,26.0,20.6,0.0,17.2,10.1,12.9,32.0,17.8,24.0,12.1,29.0,26.7,13.9,12.0,12.0,6.0,8.0,5.1,26.7,31.0,11.9,21.0,9.1,9.0,39.6,29.0,2.0,4.0,16.0,6.1,41.2,35.3,7.1,5.9,14.3,20.8,16.2,17.8,7.0,12.0,8.0,13.9,20.6,21.2,16.0,33.3
1772937896.4476836,46.5,27.3,22.0,18.0,34.3,33.0,36.0,24.0,18.0,30.3,2.0,21.2,16.0,15.3,25.0,24.2,24.0,14.0,20.2,20.4,7.1,18.2,16.2,7.0,6.1,8.1,29.6,33.3,15.2,29.0,10.0,11.1,27.3,41.2,3.0,5.1,17.0,14.1,34.3,29.0,12.0,2.0,13.9,16.0,11.0,9.1,2.1,19.2,3.1,15.3,24.2,19.4,23.2,34.0
1772937897.44777,32.3,21.0,21.6,17.3,30.9,30.6,25.5,28.6,25.0,22.0,4.0,17.2,12.1,10.1,31.6,14.3,11.2,26.5,35.4,32.7,6.1,4.1,11.0,14.3,5.1,4.0,31.0,32.3,12.2,26.3,12.1,10.9,33.7,37.4,3.1,2.0,14.0,5.2,38.0,43.0,5.1,4.0,13.3,17.2,20.0,19.8,2.0,17.0,6.1,3.0,28.0,15.2,30.0,26.3
1772937898.448355,33.7,17.2,27.0,25.5,36.6,25.5,32.7,29.4,15.0,31.7,19.8,5.0,15.0,12.9,26.7,21.8,15.8,24.5,15.0,26.5,22.8,4.0,16.0,8.0,8.0,4.0,37.4,25.0,5.9,20.0,12.0,12.9,29.7,32.0,4.0,3.0,16.2,16.8,53.0,42.6,6.1,2.0,17.2,15.0,8.9,10.0,5.0,13.1,20.8,1.0,21.8,21.6,32.0,28.7
1772937899.4485993,35.7,32.3,21.4,19.4,34.3,32.7,30.3,29.9,23.5,27.1,18.4,1.0,12.2,12.4,25.5,19.8,12.2,27.6,29.6,24.5,21.2,15.2,13.3,14.1,6.3,7.2,25.3,25.3,20.4,22.0,11.9,12.2,32.7,39.6,2.1,1.1,16.7,7.2,36.0,34.7,4.1,6.3,14.1,14.4,19.2,19.2,6.1,15.3,21.2,2.1,19.6,22.7,29.6,30.6
1772937900.4486868,27.8,38.0,16.3,18.0,23.7,33.7,31.3,22.0,26.0,17.2,20.2,3.0,11.0,14.1,24.2,20.0,18.2,15.2,14.3,22.0,23.0,4.1,9.1,12.0,7.1,12.0,23.0,22.4,15.7,26.5,11.1,10.2,34.0,30.0,4.0,4.0,10.0,14.0,27.3,32.3,9.0,9.2,15.5,15.2,4.1,4.1,17.2,1.0,20.2,2.0,14.0,27.0,32.7,24.2
1772937901.452241,29.3,22.8,24.2,13.4,29.0,31.0,31.0,23.2,5.1,20.0,16.2,4.0,8.0,13.9,17.8,28.0,20.8,13.0,32.3,28.7,22.8,5.0,20.6,6.0,5.0,10.0,31.3,32.7,10.0,24.0,10.9,15.8,26.7,37.4,2.0,2.0,7.1,9.0,35.6,42.4,4.0,6.0,14.9,12.2,18.6,18.8,7.0,11.0,21.0,2.0,16.8,24.8,27.7,20.8
1772937902.4529006,43.9,30.6,25.5,10.1,24.7,34.3,21.4,20.2,10.3,13.3,2.0,19.2,12.2,13.4,30.0,20.2,15.3,19.2,24.2,24.5,23.0,7.0,6.1,14.1,5.1,10.1,27.7,31.6,3.1,21.8,11.1,12.0,29.3,40.2,2.0,1.0,18.4,14.3,43.9,42.4,4.0,5.1,17.3,14.9,8.2,8.0,1.0,17.2,21.0,2.0,17.5,19.4,15.2,21.2
1772937903.454112,41.0,12.9,19.8,18.0,25.7,38.0,25.7,10.9,11.1,14.1,2.0,15.3,10.0,9.0,13.3,29.3,16.0,19.8,18.0,12.1,21.2,4.1,5.1,15.2,5.1,5.1,28.0,31.0,23.8,17.8,10.0,12.0,37.0,26.0,3.0,2.0,5.9,15.0,36.4,33.0,6.1,5.0,15.3,11.0,17.8,15.8,13.0,11.0,17.2,3.1,13.9,24.0,17.5,32.3
1772937904.4544663,31.6,41.0,18.6,19.0,26.0,32.7,15.2,14.3,10.1,18.0,4.0,21.0,9.1,17.5,14.3,32.3,16.3,16.0,27.3,27.3,12.9,14.1,12.2,10.2,7.1,6.1,31.6,28.7,29.3,11.5,10.0,11.1,38.2,27.3,1.0,3.1,6.1,20.2,24.8,27.3,7.1,6.1,16.0,16.2,8.0,10.1,10.1,8.2,15.0,5.2,24.2,16.2,20.0,34.0
1772937905.4545496,25.5,38.6,21.6,24.5,30.6,36.0,20.0,18.2,19.2,22.2,3.1,18.2,12.1,13.9,7.1,23.2,5.1,16.3,30.6,27.0,13.0,20.0,7.0,21.0,6.1,8.1,34.3,30.0,25.5,10.1,12.0,11.1,35.4,35.4,3.1,3.1,9.0,17.0,37.8,38.0,6.2,5.1,16.3,14.1,14.3,14.3,17.8,3.0,12.2,12.0,22.2,18.2,26.3,39.4
1772937906.455171,30.6,31.0,18.0,24.0,25.7,23.2,13.3,19.4,23.2,34.7,3.0,22.2,11.2,17.2,11.1,19.0,25.0,13.0,27.6,26.0,13.1,13.1,14.0,9.2,3.0,9.1,28.3,29.6,21.0,9.2,9.1,10.1,35.0,34.0,3.0,4.0,16.5,10.2,31.0,34.7,7.0,3.0,14.0,17.2,11.9,11.0,15.2,2.0,11.1,11.1,21.2,21.2,22.2,36.0
1772937907.459592,29.6,32.0,16.3,20.2,13.3,28.0,28.7,28.3,23.0,22.8,1.0,17.0,13.9,8.1,5.1,20.2,16.2,24.8,21.8,9.0,18.0,12.0,14.1,6.0,8.1,8.9,31.7,29.0,33.7,11.1,13.0,11.8,38.6,32.0,4.0,2.0,19.6,7.1,30.0,22.5,6.0,4.0,13.1,12.1,15.2,14.0,15.0,6.0,8.0,20.0,23.5,17.2,22.0,36.0
1772937908.4611359,30.7,31.7,24.2,12.9,25.0,25.5,25.8,32.0,24.0,19.4,4.0,21.8,14.0,13.0,14.9,20.8,12.0,27.7,23.0,25.0,16.0,5.9,13.0,13.9,5.0,6.1,25.7,21.8,25.0,10.1,12.7,8.8,33.3,36.6,3.0,2.0,5.1,13.9,33.3,28.0,2.0,9.1,9.0,6.9,12.7,12.9,13.0,7.9,9.0,7.0,19.0,25.5,18.8,35.6
1772937909.4624646,40.0,23.0,16.5,27.6,25.8,21.2,30.6,24.7,28.9,15.2,3.1,15.0,12.4,10.2,13.5,28.9,15.3,25.0,37.4,34.7,9.4,6.1,13.1,8.3,9.2,7.1,18.6,23.5,22.4,5.1,10.2,11.3,36.4,37.0,2.1,4.1,12.2,12.1,47.5,46.5,5.1,4.1,1.0,5.2,11.3,15.0,1.0,18.2,10.2,2.0,19.6,23.2,24.5,26.5
1772937910.4650927,18.2,29.0,21.6,20.8,28.6,28.3,25.5,25.3,13.0,15.2,13.9,13.1,14.1,24.2,28.3,20.2,13.1,23.8,26.3,15.3,7.9,24.2,7.1,17.0,7.1,11.2,22.5,23.0,17.0,24.0,14.1,11.0,32.3,37.4,3.1,4.0,16.0,11.1,42.4,34.0,6.1,5.0,10.1,8.1,14.0,14.0,3.0,18.2,21.8,4.0,19.8,24.2,28.3,37.4
1772937911.4659507,30.6,38.0,20.6,18.2,32.3,33.3,28.3,20.0,19.0,26.7,19.2,2.0,19.0,22.2,33.0,14.0,19.8,14.3,19.8,17.2,15.0,11.9,7.0,15.0,10.1,7.1,16.3,24.0,25.3,33.3,11.9,11.9,39.6,34.7,5.0,2.0,12.2,8.1,34.0,41.0,7.0,5.1,10.0,13.9,10.1,12.1,8.1,10.1,20.4,2.0,24.0,22.0,31.3,28.3
1772937912.4679685,23.7,37.0,18.2,19.0,27.3,30.3,33.0,32.3,23.0,19.2,17.2,2.0,7.1,12.2,25.0,22.2,17.2,17.0,27.0,23.8,24.2,4.0,5.1,16.7,8.0,7.0,13.0,31.4,15.0,22.0,10.9,13.0,34.3,34.3,3.0,3.0,8.9,9.2,29.6,37.0,3.1,6.0,14.9,18.0,16.8,14.7,13.0,7.9,21.8,2.0,15.3,23.0,27.0,31.7
1772937913.4682746,42.4,28.3,24.5,23.5,34.3,30.3,32.7,30.3,18.6,30.6,18.8,3.1,5.2,15.3,28.6,14.3,18.2,18.4,33.0,38.4,24.0,4.1,17.2,14.4,10.2,9.1,29.6,30.3,23.0,18.2,13.1,24.0,26.3,32.0,4.1,3.1,15.5,18.6,47.0,42.0,6.1,5.1,13.4,11.5,2.1,6.1,1.0,16.5,21.2,2.0,18.2,21.4,35.0,22.2
1772937914.4685578,16.8,38.6,15.5,16.2,23.2,30.0,22.2,26.3,16.0,27.3,16.3,1.0,14.1,10.9,32.0,17.2,13.0,20.4,23.2,18.4,19.2,7.0,12.1,11.1,5.1,7.1,30.0,30.6,22.8,22.0,9.1,10.9,28.0,33.7,2.0,2.0,11.1,4.0,38.8,36.7,4.1,6.0,15.0,19.0,22.8,20.8,5.1,13.1,16.2,7.0,24.8,15.3,15.2,16.2
1772937915.4715729,30.9,31.4,9.1,19.8,33.0,28.6,33.3,18.2,14.0,27.3,14.9,9.9,6.1,12.0,16.0,23.2,11.2,12.9,9.1,8.1,7.9,17.0,12.0,5.1,7.0,8.0,34.7,25.0,25.3,13.1,10.0,9.0,34.7,31.0,3.0,1.0,4.0,11.0,34.0,32.4,3.0,5.2,10.2,14.1,3.0,5.1,12.9,4.0,14.0,5.1,23.5,13.9,14.3,24.0
1772937916.4767802,27.3,35.0,19.2,17.8,27.3,34.3,29.0,29.0,22.2,22.8,6.9,19.0,11.1,14.3,18.2,25.3,10.0,7.1,28.7,35.0,6.1,18.0,11.9,12.1,7.0,7.1,27.3,31.0,13.0,25.5,12.7,10.0,24.2,39.6,3.0,0.0,11.0,9.1,25.7,33.3,3.0,7.0,16.0,15.0,22.0,21.8,4.1,16.2,13.1,13.0,22.2,22.2,21.0,34.7
1772937917.4810362,34.0,28.0,28.3,21.4,28.0,36.3,22.2,35.6,25.3,17.2,9.1,13.1,13.1,10.9,33.0,17.0,15.2,22.8,35.4,26.3,15.0,11.2,20.2,3.0,8.1,5.0,12.2,28.0,5.1,22.0,8.2,9.9,34.0,37.6,5.2,3.0,13.1,15.2,51.0,45.1,8.2,3.1,15.2,15.2,7.0,4.1,3.0,17.2,10.2,13.0,24.0,22.5,39.2,25.0
1772937918.4884815,25.3,35.0,18.0,20.8,26.5,36.6,30.3,26.3,24.5,27.0,16.2,4.0,15.8,13.0,27.3,21.0,14.0,23.8,28.0,23.2,17.0,11.9,14.1,10.9,3.0,14.0,25.0,35.0,15.0,29.7,14.0,11.0,32.0,33.7,8.9,5.2,17.8,12.0,37.0,44.4,9.9,8.0,14.0,21.8,20.0,20.0,3.1,19.6,5.0,18.2,23.8,17.2,34.7,21.2
1772937919.4891236,42.9,30.0,26.8,17.2,36.0,34.0,28.3,31.3,25.8,25.3,20.2,3.0,14.1,13.1,17.2,31.3,14.1,26.0,4.1,21.0,8.2,8.2,11.0,11.2,9.2,13.1,36.0,32.7,17.2,27.6,14.0,11.1,43.0,35.4,3.1,13.0,16.3,9.3,37.8,36.7,11.2,8.1,16.2,15.3,6.2,8.1,18.2,2.1,3.1,9.2,22.0,26.3,37.4,22.2
1772937920.4902556,16.5,34.0,22.0,17.8,27.0,32.3,31.0,24.0,21.2,25.0,17.0,1.0,8.9,14.1,31.0,20.0,16.0,22.2,44.0,33.0,3.1,4.1,8.0,12.0,13.9,4.0,29.0,34.0,21.0,5.1,11.9,12.1,33.3,31.7,3.0,5.1,9.2,13.0,42.6,35.4,5.1,4.0,12.2,15.2,20.4,21.8,17.8,4.0,2.0,2.0,24.0,12.1,28.0,23.2
1772937921.4904516,26.3,9.1,26.0,15.3,24.7,33.3,31.3,24.2,10.1,17.3,19.4,2.0,10.3,9.2,14.1,30.3,12.2,22.0,33.0,25.0,20.0,6.1,14.4,9.2,9.2,8.9,29.7,29.3,20.8,4.1,12.1,9.0,36.0,34.7,5.1,5.1,9.1,7.1,30.0,34.7,5.1,3.1,14.0,17.2,4.1,4.0,14.1,1.0,20.0,3.0,16.0,26.3,33.0,25.3
1772937922.4934568,38.4,25.7,18.0,22.0,32.3,30.7,23.2,12.2,17.8,22.2,16.0,3.0,9.0,11.0,15.2,29.3,12.0,23.8,20.8,14.1,21.2,5.1,12.0,12.0,8.0,7.1,28.0,32.4,27.0,15.8,13.9,13.0,39.6,26.3,4.0,2.0,7.0,18.0,41.0,37.4,4.0,8.0,13.1,13.1,19.0,19.2,14.0,3.0,21.0,0.0,20.0,17.2,32.0,26.3
1772937923.497087,41.6,17.2,24.2,15.2,33.3,34.0,25.5,29.3,22.4,30.0,3.1,23.0,15.3,14.3,34.3,18.2,15.0,29.0,24.2,21.2,23.0,8.2,12.0,15.0,7.3,9.1,30.6,31.6,29.3,16.2,11.1,13.0,35.7,40.0,1.0,6.1,9.2,17.3,35.0,37.8,8.1,6.1,15.2,21.2,8.1,8.0,22.0,2.1,21.2,3.1,23.2,21.0,36.0,35.0
1772937924.499186,45.5,33.3,24.0,31.7,33.3,36.3,34.0,28.2,27.0,31.4,1.0,19.6,21.0,11.9,30.7,22.2,21.2,18.8,34.0,34.0,22.8,6.0,19.0,8.1,10.9,8.1,31.7,26.7,25.7,7.0,12.9,14.9,33.0,36.0,4.0,4.0,15.0,16.0,28.7,30.0,9.9,5.1,14.1,20.8,19.0,18.6,7.0,13.9,21.0,2.0,21.4,24.8,26.3,34.0
1772937925.4995248,46.5,15.5,19.6,17.7,30.6,33.3,34.7,24.0,27.8,40.4,20.2,2.0,12.4,12.5,10.2,15.2,14.1,22.4,28.9,29.6,8.2,19.2,5.1,22.4,8.1,12.0,35.7,23.5,26.0,8.2,10.2,9.2,36.7,32.7,2.1,5.2,12.2,12.2,30.9,28.6,3.1,8.2,13.3,12.4,7.1,6.2,14.3,8.1,20.4,3.1,20.6,20.4,23.2,22.4
1772937926.5038536,45.5,27.0,20.4,19.8,19.2,25.5,30.0,24.0,24.2,24.2,21.0,4.0,19.0,9.1,21.8,13.1,19.6,17.6,14.0,5.1,7.0,21.0,6.1,20.2,5.1,12.0,30.7,29.0,28.7,14.1,10.0,11.1,33.3,34.7,2.0,4.0,11.1,8.1,32.0,28.6,6.9,6.1,17.2,12.0,16.0,19.8,7.1,13.1,22.0,1.0,15.8,26.0,26.3,30.0
1772937927.5053365,18.8,36.6,25.3,19.0,24.0,18.8,29.0,24.2,30.3,14.1,19.0,1.0,18.2,16.0,20.2,10.2,15.2,14.3,41.0,31.7,8.1,18.2,6.1,17.0,9.0,11.2,28.6,32.7,21.2,15.8,10.0,11.0,43.4,27.7,6.1,3.1,10.2,21.2,47.1,41.4,7.1,3.0,16.0,16.0,8.1,9.1,3.0,15.2,12.1,11.9,22.0,20.0,36.6,28.3
1772937928.5062418,38.8,33.0,20.4,15.8,28.3,20.4,40.6,15.2,26.7,18.2,21.8,2.0,23.0,13.1,24.0,15.2,13.1,5.1,31.0,27.0,7.1,19.8,10.0,13.1,6.1,7.1,17.0,29.0,5.1,21.2,12.1,12.0,27.0,44.0,3.1,2.0,5.1,12.1,29.6,36.0,5.0,7.1,4.1,2.1,21.8,19.0,10.9,10.1,16.8,7.1,20.2,15.3,37.4,23.0
1772937929.506805,22.9,30.0,18.7,17.3,26.3,20.0,40.4,33.0,21.2,17.3,18.4,3.1,13.4,19.4,21.2,29.0,11.3,24.8,26.0,26.3,10.2,15.2,18.2,8.9,8.2,9.1,26.7,20.4,19.2,24.0,11.0,11.0,34.0,35.4,4.0,2.0,16.3,14.1,42.4,40.4,5.1,5.1,4.0,12.1,6.1,6.1,16.3,4.0,10.1,12.2,24.0,19.0,34.7,26.5
1772937930.5077436,37.1,34.7,18.2,28.3,32.7,31.0,30.3,26.8,14.0,16.0,19.2,5.0,11.1,10.9,15.2,31.3,4.0,30.0,7.1,19.4,14.0,15.8,18.2,5.1,5.0,7.1,33.3,28.4,34.3,24.0,13.1,10.1,32.7,35.4,2.0,3.0,10.2,17.2,42.4,40.4,6.1,6.1,4.1,6.0,16.8,15.8,15.7,5.1,6.1,15.2,12.0,22.4,30.3,32.3
1772937931.5078304,25.5,31.6,20.6,24.2,25.8,32.3,23.2,15.2,16.2,9.2,2.0,22.0,13.1,13.1,21.2,31.0,15.2,23.0,33.7,30.3,22.0,3.1,15.2,5.2,5.2,11.0,29.7,31.0,13.0,29.0,10.0,11.1,34.7,33.0,3.0,3.1,9.2,19.2,28.6,42.0,7.1,6.0,13.1,12.2,9.2,9.1,13.3,11.1,2.0,17.0,21.2,22.8,37.0,26.3
1772937932.512965,25.5,41.7,24.0,21.8,36.4,27.7,15.8,22.5,16.2,8.9,4.0,20.2,11.0,12.0,15.8,29.3,11.9,24.5,29.3,36.6,4.0,6.1,17.8,6.1,8.8,8.2,33.0,30.6,15.2,22.0,14.9,10.0,33.7,31.7,2.0,8.1,8.9,16.2,37.6,36.3,8.0,3.0,13.0,14.1,18.8,14.9,14.0,7.1,3.0,3.1,26.7,16.3,25.3,34.7
1772937933.5144682,30.9,17.2,14.3,19.0,28.3,29.6,21.4,9.1,19.2,13.3,12.1,6.1,14.0,9.1,27.6,23.0,9.3,22.2,17.2,17.3,12.0,11.1,14.3,6.1,5.2,6.1,30.0,28.0,27.3,12.1,11.2,10.1,36.0,27.3,1.0,2.0,4.1,9.2,41.0,34.0,2.0,5.1,17.3,14.1,9.1,10.0,12.2,3.0,7.1,17.3,16.0,23.2,18.2,27.3
1772937934.5149686,23.5,27.3,20.4,15.2,35.0,34.0,22.0,26.0,25.3,25.5,16.2,7.0,11.2,12.2,31.7,15.3,17.2,18.2,31.3,24.0,6.1,22.2,16.8,6.0,12.0,4.0,33.7,32.3,11.2,31.3,13.0,12.0,40.4,36.0,4.1,3.0,21.2,16.0,35.7,49.0,5.1,4.1,13.0,14.3,13.0,12.4,19.0,6.1,1.0,23.2,27.3,16.3,32.3,33.3
1772937935.5223193,20.4,39.6,24.2,19.2,30.3,32.4,26.7,30.3,25.0,22.5,19.0,3.1,12.9,15.0,32.0,20.2,21.0,17.8,24.0,24.2,20.6,11.8,9.0,16.8,12.0,6.1,28.7,26.7,4.0,22.5,10.9,11.9,29.1,39.6,2.0,3.1,3.1,12.1,40.2,25.3,4.0,7.0,18.0,14.7,15.8,13.9,6.9,11.1,3.9,21.8,23.8,19.8,30.0,29.3
1772937936.538292,33.7,30.4,20.2,16.7,30.4,35.6,22.2,29.7,27.3,15.2,19.0,5.9,10.0,11.9,30.0,16.8,16.8,18.0,28.7,29.7,16.0,7.1,4.0,15.8,12.9,4.0,24.8,32.4,12.7,26.7,12.9,10.0,38.6,31.4,3.0,4.0,8.1,14.0,42.0,39.2,5.0,9.0,13.0,14.0,13.0,14.7,2.0,20.6,1.0,21.0,24.3,14.1,20.0,36.4
1772937937.5402093,32.7,27.0,18.8,20.4,33.3,29.0,34.7,22.0,14.3,18.2,20.0,2.0,18.2,10.3,29.3,21.2,24.8,12.1,24.8,23.0,22.0,5.1,5.1,16.3,9.2,8.1,19.0,23.2,13.1,29.3,10.9,11.0,33.7,36.0,3.0,2.0,16.0,13.3,44.4,42.0,8.2,7.8,17.2,16.2,14.1,9.0,12.1,7.1,3.0,20.0,24.0,20.2,18.2,19.8
1772937938.5427012,26.3,33.3,18.2,30.0,31.6,25.0,23.0,13.1,17.0,14.0,11.0,9.1,9.9,15.0,32.0,16.0,17.0,10.2,29.3,21.0,18.2,9.1,8.1,9.0,7.1,7.0,22.0,20.0,13.0,24.0,10.1,10.9,37.0,31.3,3.0,1.0,8.1,14.0,38.6,34.0,7.1,3.1,14.0,12.0,12.1,13.0,14.3,2.1,8.1,7.1,20.0,18.6,25.3,25.3
1772937939.5428045,26.0,43.6,17.2,21.4,39.6,27.3,36.4,12.4,26.0,21.4,8.2,18.8,12.2,16.3,30.3,18.4,5.2,10.1,22.2,29.0,17.8,8.1,11.0,14.0,10.0,6.1,23.2,16.3,4.0,16.8,13.1,12.0,33.3,34.3,4.1,2.0,10.0,8.1,31.3,28.6,7.1,2.0,17.0,19.0,14.9,13.1,15.8,3.0,5.0,4.1,23.0,20.4,23.0,34.7
1772937940.543081,33.0,22.0,21.4,19.4,32.0,33.0,32.3,24.2,25.5,19.0,10.2,13.1,9.1,14.1,20.2,30.0,21.0,15.8,18.6,23.7,15.0,12.1,13.0,9.0,11.1,10.1,21.0,28.0,15.2,25.0,9.1,12.1,40.0,30.7,4.0,4.0,12.2,10.3,49.0,41.0,5.0,7.1,16.3,12.4,11.1,9.1,18.6,3.9,3.1,2.0,23.7,16.2,26.3,35.0
1772937941.54395,21.4,31.0,22.4,21.2,41.2,29.6,31.6,22.2,33.0,13.4,20.8,2.0,11.0,14.0,18.0,27.3,22.8,13.0,31.0,31.0,15.2,10.0,18.0,4.0,10.0,5.1,26.3,34.0,31.3,13.1,9.0,10.2,29.0,39.0,3.1,1.0,13.3,15.0,48.0,37.4,2.1,9.9,17.2,14.0,15.2,15.0,16.0,2.0,2.1,1.0,19.0,22.2,25.0,36.6
1772937942.5443878,13.4,19.2,18.4,20.2,27.6,30.0,29.0,28.7,26.0,20.8,19.2,5.2,15.2,15.3,22.2,30.3,17.2,19.4,20.4,25.3,19.0,7.1,11.2,9.2,5.1,6.1,24.5,38.4,23.0,9.0,12.0,10.1,30.0,30.7,4.0,3.0,15.2,10.2,20.2,24.2,6.0,5.2,19.0,13.3,11.0,10.1,16.2,4.0,3.0,4.1,20.0,19.2,21.0,35.4
1772937943.5470536,26.3,30.3,18.2,19.2,36.0,34.7,29.6,31.3,39.4,30.0,19.2,7.1,12.1,11.0,27.0,23.2,10.1,30.4,30.7,25.5,5.1,7.1,18.8,6.1,5.1,7.1,29.7,33.0,23.0,7.2,12.1,12.0,35.0,37.4,4.1,3.1,12.2,17.2,39.0,26.3,5.1,7.0,13.1,13.1,15.7,15.8,16.0,4.0,10.3,4.0,23.0,25.0,30.3,32.7
1772937944.5496743,21.4,9.1,22.0,16.2,20.4,39.0,31.7,23.2,25.0,18.2,17.8,8.1,11.2,11.3,12.1,24.2,13.3,22.0,24.2,16.2,12.0,15.8,9.0,12.0,4.0,8.1,23.8,21.2,15.0,27.5,12.0,8.9,33.3,31.7,2.0,4.0,11.1,15.3,28.6,31.0,4.1,4.0,14.3,17.0,13.3,12.0,14.0,3.0,12.1,11.0,16.2,22.8,30.6,24.0
1772937945.5518293,27.3,30.4,22.7,22.0,35.0,30.7,24.7,35.4,26.5,21.4,12.1,11.1,18.0,9.1,14.9,14.1,14.0,24.2,29.7,30.3,8.0,22.0,13.1,12.1,9.0,8.1,33.0,22.8,21.0,24.2,11.8,14.0,34.0,40.0,5.0,4.0,12.1,15.2,36.6,33.0,7.9,5.1,14.1,12.1,13.0,12.0,8.0,17.0,9.1,12.2,21.2,24.5,32.7,31.3
1772937946.5521324,30.2,34.0,23.5,13.0,19.4,23.2,23.2,33.0,22.2,27.0,20.2,1.0,8.2,23.2,12.1,22.2,11.1,27.0,22.4,28.0,4.1,24.0,20.0,5.0,13.3,6.9,36.0,29.3,13.3,12.1,13.1,11.0,42.4,29.3,2.1,3.1,10.9,10.1,33.3,35.6,2.1,6.1,17.0,19.4,12.2,12.1,6.1,11.2,6.0,20.0,18.0,21.2,26.8,30.0
1772937947.5554607,29.3,41.0,23.8,14.1,24.0,23.0,41.2,35.4,22.0,29.0,21.2,3.0,22.0,29.0,13.1,18.8,17.2,20.8,19.8,16.2,7.9,22.8,11.0,14.1,12.1,7.0,38.4,33.0,24.8,9.1,13.9,11.0,41.0,36.0,5.0,3.0,15.3,16.0,46.0,45.0,7.1,7.1,16.3,10.9,11.8,11.1,3.0,19.8,3.0,6.1,17.0,25.7,25.7,32.3
1772937948.5560505,32.3,36.0,28.6,27.3,23.2,21.0,39.8,30.0,11.3,25.3,20.2,15.0,13.0,16.3,27.3,11.2,17.3,21.2,27.6,34.0,8.2,22.2,13.1,14.0,9.1,11.0,33.3,32.3,24.2,40.0,14.1,14.0,43.0,33.3,3.1,3.1,15.3,9.2,43.4,42.9,7.1,6.1,5.1,7.1,16.2,15.0,5.1,19.0,12.2,3.1,16.3,23.5,24.0,25.3
1772937949.558188,22.4,35.6,19.2,21.0,26.3,28.0,23.5,20.0,21.0,13.0,23.0,1.0,17.3,8.2,34.7,21.0,24.8,12.0,28.0,24.2,9.9,14.0,18.2,5.1,8.1,10.2,34.3,28.0,25.3,22.0,9.0,9.0,37.6,33.7,3.0,4.0,13.1,10.0,34.3,30.6,6.1,6.1,2.0,10.9,12.0,9.3,12.0,7.1,21.0,3.0,27.5,20.8,21.4,30.0
1772937950.5603044,15.3,19.2,18.6,19.0,36.4,28.3,16.3,20.0,19.2,28.0,18.4,1.0,14.0,9.0,27.6,15.3,20.2,9.1,19.0,21.2,23.0,4.1,19.0,6.1,8.0,8.1,27.6,31.3,6.1,18.2,11.9,11.1,30.0,33.3,3.1,2.0,7.1,11.1,41.4,25.3,4.0,6.2,5.0,5.1,11.1,13.0,2.0,14.3,21.4,0.0,23.2,15.3,35.0,25.5
1772937951.5610595,35.4,39.4,20.8,22.0,34.3,34.0,32.0,32.0,29.7,22.2,20.0,3.0,11.3,13.3,31.7,20.2,6.1,16.3,19.6,17.0,18.2,10.2,15.2,7.1,12.2,7.1,36.3,23.8,5.1,26.7,11.0,14.7,37.8,38.4,4.1,4.0,22.4,13.1,45.0,47.0,7.1,8.0,16.2,11.2,14.3,13.9,2.0,20.2,21.0,1.0,21.8,21.0,37.4,29.3
1772937952.5617225,36.7,28.0,22.7,26.0,33.7,28.6,28.6,29.3,26.0,22.0,20.0,3.1,14.0,8.1,16.3,29.3,10.9,27.0,33.0,37.4,17.8,13.0,19.0,5.1,6.1,9.0,29.9,30.3,18.0,26.0,10.1,11.2,40.0,30.3,3.1,2.0,13.0,8.2,44.4,43.0,4.1,6.1,12.2,14.1,12.0,10.1,15.0,7.1,21.2,4.0,22.4,21.8,35.0,25.5
1772937953.5631118,37.4,31.4,18.2,15.2,30.0,30.0,30.3,21.2,30.3,14.1,17.2,3.0,13.1,12.1,24.0,24.2,10.1,24.8,27.3,21.4,14.1,12.0,15.7,4.0,7.1,5.1,34.7,26.0,12.0,27.3,10.9,12.0,32.0,33.3,9.2,2.0,15.2,7.0,27.7,34.3,6.1,5.0,12.0,18.2,16.0,14.9,1.0,17.8,14.1,6.2,18.8,20.4,33.0,25.5
1772937954.5631917,26.8,29.7,22.0,15.3,28.7,32.3,28.3,30.0,27.8,13.1,17.5,3.0,10.0,10.2,29.6,16.2,14.1,20.0,16.2,22.4,4.1,16.2,7.2,13.0,12.1,8.1,34.3,24.7,5.0,20.2,10.0,12.0,30.7,32.7,17.0,1.0,6.1,15.2,39.4,40.4,5.1,5.1,11.1,13.1,8.1,6.1,3.0,19.2,16.0,4.0,23.2,17.2,32.3,27.3
1772937955.564543,24.2,28.3,21.2,15.0,31.6,29.7,28.0,28.0,25.7,22.0,7.9,12.2,8.2,12.2,24.2,24.2,21.8,14.0,8.2,10.9,6.0,3.0,5.0,19.0,11.0,5.0,28.3,27.0,2.0,20.0,9.1,12.0,32.0,32.3,30.3,5.1,13.1,11.0,38.4,38.4,4.1,5.0,12.0,21.8,14.0,14.1,1.0,13.1,20.2,1.0,22.0,18.2,21.8,20.4
1772937956.5651898,45.0,31.0,19.2,28.0,36.4,27.3,28.6,26.0,18.4,28.3,2.0,18.0,12.2,13.9,16.2,27.7,24.0,12.2,34.7,33.3,4.1,18.8,10.1,14.0,9.2,7.0,31.0,15.0,13.0,32.0,11.9,12.0,37.6,33.3,31.0,2.0,15.2,11.2,42.0,36.7,5.1,9.1,14.1,15.3,15.0,8.1,14.0,12.1,15.2,8.2,25.0,20.0,16.3,21.4
1772937957.5652723,24.2,12.9,19.4,22.0,35.4,31.0,23.5,28.3,20.2,26.3,2.0,19.2,9.2,22.0,19.4,31.6,14.1,24.0,28.6,32.3,21.0,7.1,4.1,18.0,7.1,3.1,28.3,33.3,24.2,18.2,9.1,10.1,29.3,39.6,29.6,3.0,24.0,5.1,28.7,35.0,8.0,4.0,17.3,15.8,15.2,15.0,7.0,15.0,11.2,12.0,18.8,25.3,23.0,19.8
1772937958.5653548,21.6,30.3,16.3,20.2,34.7,24.2,26.7,27.3,24.2,20.2,3.0,19.8,13.1,8.2,13.0,28.3,17.8,14.3,14.1,23.2,22.8,4.0,11.0,12.2,5.1,10.1,27.0,31.0,21.0,9.9,11.9,11.0,28.7,38.0,27.7,0.0,13.3,17.2,32.7,50.0,5.1,5.1,12.9,11.1,8.0,9.8,17.3,4.0,3.0,18.4,25.0,15.3,20.0,15.5
1772937959.5668972,15.6,16.2,19.8,19.0,33.7,30.0,32.0,25.0,23.2,25.0,2.0,18.4,15.2,12.0,27.3,21.2,18.2,19.2,12.1,19.2,24.0,4.1,17.2,7.1,7.1,7.1,35.0,27.0,6.1,24.2,12.0,13.1,37.4,31.3,33.7,3.0,14.0,5.1,40.0,40.0,7.1,4.1,16.2,17.2,15.2,16.3,15.0,2.0,2.0,7.1,21.2,21.2,19.0,19.0
1772937960.5693622,29.0,26.5,28.7,23.0,40.0,25.0,33.3,23.0,19.2,23.0,3.0,18.2,15.0,7.1,30.0,15.2,17.8,18.8,29.7,34.7,21.8,5.0,17.0,7.0,12.1,5.9,30.7,33.7,16.7,27.7,9.9,13.0,35.0,36.3,23.0,10.2,19.6,11.1,31.7,36.4,6.1,4.0,13.1,12.1,9.9,9.9,8.1,11.1,11.0,4.0,16.0,23.8,21.2,33.7
1772937961.5702105,19.6,17.5,16.2,16.2,30.0,35.0,21.4,32.3,18.4,17.2,2.0,19.0,13.1,13.1,32.3,19.2,16.0,13.1,30.6,36.7,14.1,11.3,7.0,17.2,7.1,5.1,26.5,34.3,32.3,14.3,13.1,13.1,32.7,33.3,4.0,18.8,21.4,7.1,19.2,30.0,5.0,5.0,13.1,18.2,14.0,14.1,2.0,19.0,22.0,3.0,17.2,22.2,26.3,35.0
1772937962.57637,32.0,43.6,19.2,22.0,34.3,33.0,26.3,21.2,31.3,32.3,9.3,15.8,16.2,15.2,27.6,28.3,11.2,12.1,17.2,16.0,10.1,17.8,14.0,10.0,10.0,8.1,28.3,33.3,28.0,7.1,12.1,13.9,35.0,37.0,3.1,2.0,8.2,20.4,35.4,34.7,6.1,23.7,13.3,17.2,14.0,13.1,18.8,6.0,21.2,1.0,21.0,24.2,28.3,29.3
1772937963.5781062,14.6,37.0,24.2,20.2,41.8,24.2,25.7,25.0,23.2,31.0,13.0,13.1,15.2,11.1,26.5,21.8,18.8,22.0,30.7,23.2,14.1,13.1,13.1,6.1,12.1,5.0,24.0,34.7,26.5,11.0,14.0,9.0,38.0,31.7,2.0,3.0,8.0,15.8,30.9,33.7,8.1,29.7,15.0,16.0,12.9,14.0,14.3,2.0,21.8,2.0,20.2,24.8,33.7,34.7
1772937964.5783858,32.7,41.0,24.5,26.0,39.4,34.7,24.2,36.4,15.0,31.3,6.1,22.2,6.1,20.8,18.0,23.0,18.2,23.8,27.6,33.3,14.1,12.1,16.2,10.2,9.0,8.2,27.3,34.3,31.3,17.3,12.0,15.0,39.0,29.0,5.0,3.0,13.1,14.4,27.0,29.7,6.1,9.1,15.2,19.4,14.1,14.3,10.0,11.1,20.2,2.0,17.8,23.5,26.0,30.6
1772937965.5801868,20.4,35.6,26.5,17.2,26.3,25.3,31.6,31.0,20.4,29.0,9.2,15.0,15.0,19.6,10.2,22.4,11.2,25.5,30.3,33.0,6.0,21.8,7.9,14.1,7.1,11.0,36.0,28.0,25.0,17.0,14.9,16.2,36.4,35.0,2.1,5.0,16.3,14.0,45.5,38.4,5.1,7.9,12.2,14.9,12.0,13.0,20.2,16.0,15.2,6.1,23.0,20.2,21.2,20.2
1772937966.5841236,34.7,34.7,24.2,25.0,20.4,26.5,39.0,42.0,33.7,18.0,27.0,13.0,19.2,22.2,22.4,31.7,21.8,18.2,12.1,17.2,8.1,2.0,8.2,18.6,12.1,8.1,34.0,32.0,16.3,21.2,10.2,16.7,37.0,38.0,2.0,4.1,14.3,7.1,42.0,40.8,4.0,6.1,16.2,16.3,12.1,11.1,3.0,21.0,3.0,17.3,25.0,21.2,31.3,28.0
1772937967.5842004,20.0,25.3,26.8,11.0,19.6,30.3,30.0,33.0,30.6,21.0,36.4,23.0,7.1,14.0,11.0,20.2,24.8,11.3,35.6,30.0,12.1,20.0,9.1,15.8,6.1,11.1,32.3,33.3,20.8,31.7,11.0,11.1,34.7,39.0,4.0,1.0,16.8,7.2,40.6,43.0,5.1,9.9,10.2,11.1,15.8,13.0,15.8,7.8,11.9,9.2,22.0,22.0,27.0,33.3
1772937968.5852692,48.0,29.0,24.2,18.4,30.7,24.2,22.0,35.0,25.3,23.2,40.0,17.2,14.0,19.0,27.0,27.3,17.2,17.6,30.6,29.6,4.1,21.2,14.3,14.0,12.1,10.1,28.3,18.0,11.3,31.3,11.0,15.0,31.0,41.0,4.0,3.1,19.4,12.1,33.0,35.0,9.1,5.1,6.0,11.1,14.0,12.0,6.1,11.2,10.2,12.0,19.2,23.0,32.7,31.0
1772937969.5853646,25.0,27.3,21.6,21.0,30.6,31.0,23.7,26.5,19.2,26.0,33.3,22.2,12.0,8.2,23.5,20.2,18.2,16.5,30.0,25.0,5.1,22.2,9.0,14.3,8.0,10.1,31.7,18.4,8.1,25.0,11.0,12.1,32.0,39.6,3.1,1.0,10.0,13.3,35.1,50.5,3.1,5.1,4.1,6.1,16.0,13.1,10.2,13.1,20.0,5.1,20.2,17.3,21.2,39.4
1772937970.5868855,30.0,40.6,26.0,23.0,38.6,26.3,31.3,26.3,23.2,25.7,21.0,5.0,10.1,13.0,25.7,25.0,21.0,15.8,16.3,3.1,5.0,21.8,5.1,18.0,6.0,11.0,23.2,36.4,4.0,17.0,9.9,9.0,36.0,30.0,3.0,4.0,11.2,6.1,41.0,43.4,5.1,6.9,7.1,10.1,9.0,11.1,3.0,14.0,6.1,1.0,17.0,22.8,35.0,26.3
1772937971.5869627,37.8,16.3,19.8,10.1,30.3,28.7,25.0,25.3,15.2,25.5,17.0,4.1,11.1,5.1,25.3,14.3,14.0,18.2,25.0,25.0,3.1,22.2,5.0,13.0,5.1,7.1,27.3,29.4,27.0,13.1,10.1,10.1,26.0,35.0,1.0,2.0,11.2,8.1,28.0,32.3,5.0,1.0,3.1,4.0,10.2,9.1,15.2,3.0,3.0,3.0,12.0,26.5,22.2,22.0
1772937972.5889084,34.3,33.0,23.2,17.2,35.7,34.0,30.6,31.0,15.2,14.0,22.4,31.7,16.2,15.2,30.3,22.0,11.1,20.0,30.3,27.3,12.0,17.8,10.0,16.2,13.1,4.0,33.7,32.3,30.0,17.2,13.9,10.0,41.4,32.0,4.1,1.0,11.1,23.0,34.3,34.3,6.1,10.1,18.0,18.2,15.0,17.6,15.8,11.2,9.2,14.9,19.4,25.0,37.3,26.3
1772937973.5934777,32.0,21.8,25.5,18.0,27.3,33.7,22.2,20.0,27.0,19.2,16.0,34.7,10.0,10.1,26.0,18.0,16.2,12.1,31.0,26.0,9.1,16.2,7.1,13.9,5.1,5.1,32.0,29.0,22.0,8.9,11.0,8.9,30.7,40.6,4.0,3.0,14.9,11.2,37.4,43.0,6.1,4.0,13.1,12.2,14.0,13.1,12.2,3.0,2.0,21.4,27.7,19.0,22.2,30.0
1772937974.5935524,37.4,32.3,19.6,19.6,30.3,29.0,22.0,25.0,19.4,28.0,34.3,15.2,13.3,18.0,33.3,20.4,26.0,16.0,19.2,16.3,16.0,10.2,13.1,8.1,11.1,4.1,31.0,33.0,14.1,12.1,9.1,12.1,33.0,36.6,3.1,3.0,12.2,16.2,46.9,43.0,5.1,6.1,14.4,19.0,14.3,13.1,18.2,3.1,3.0,21.0,24.2,19.4,28.7,32.3
1772937975.599819,29.9,31.7,20.0,22.0,26.3,39.4,20.0,37.0,15.2,33.3,23.2,20.2,11.0,10.0,18.0,27.0,18.0,19.8,34.3,23.2,13.1,12.9,15.0,7.1,5.1,12.0,22.8,29.4,15.0,29.0,9.1,12.7,34.0,35.4,9.1,5.1,11.1,17.0,34.0,32.7,3.0,7.0,15.0,12.2,13.9,15.0,17.6,9.1,1.0,22.0,22.5,19.8,23.2,35.6
1772937976.6025581,30.6,36.0,14.6,22.0,34.0,29.0,22.4,33.7,30.0,17.0,13.9,17.2,12.1,15.2,22.8,29.0,13.9,25.7,22.2,26.0,17.2,5.1,6.9,15.8,5.1,12.0,11.0,27.0,20.2,22.8,10.9,11.1,27.0,34.7,4.1,6.1,6.1,13.1,44.4,40.4,6.9,4.1,19.0,14.9,12.0,14.0,8.0,28.7,2.0,22.0,22.2,18.2,20.0,22.0
1772937977.604366,34.3,19.4,21.2,24.2,38.8,21.2,28.3,24.0,27.7,22.2,21.2,5.1,8.2,11.2,26.5,17.2,14.1,21.2,21.0,30.0,4.1,4.1,15.2,8.2,11.1,4.1,20.2,21.8,22.0,16.2,12.2,10.9,39.6,31.0,3.1,7.9,9.1,19.0,44.4,45.1,6.1,8.0,14.3,21.4,12.1,13.0,21.2,8.1,9.2,28.3,20.2,25.0,33.0,27.6
1772937978.6070027,32.3,14.9,18.0,21.0,24.2,35.6,30.0,25.3,24.2,26.0,17.2,4.0,17.2,12.1,27.5,23.0,26.7,10.0,24.5,22.2,8.8,21.2,15.2,4.0,8.0,1.0,24.8,16.2,23.0,31.7,8.9,11.1,32.0,37.0,4.0,10.0,12.2,15.3,38.6,35.7,5.1,5.1,13.0,15.0,14.9,12.9,16.8,2.0,9.9,23.0,15.2,20.2,35.6,26.0
1772937979.6085193,34.3,22.8,19.4,17.0,30.3,35.7,27.3,27.0,31.6,25.5,3.0,23.2,11.1,5.1,23.5,18.2,18.2,17.2,27.7,25.0,6.1,22.8,12.1,5.1,4.0,10.0,25.3,11.2,17.2,33.7,10.1,15.0,29.7,38.4,2.0,2.0,13.9,9.1,31.3,31.0,3.0,7.1,18.2,14.1,14.9,12.1,6.1,10.1,10.0,13.1,14.9,28.7,21.0,31.0
1772937980.6107037,44.6,15.0,11.3,19.2,20.0,34.7,27.3,22.4,23.8,21.2,2.0,18.0,14.1,16.0,21.0,31.0,15.8,16.2,14.0,22.2,7.0,21.0,23.0,6.1,6.1,4.1,25.0,23.0,19.0,26.7,12.1,17.0,26.0,39.0,3.0,1.0,9.1,10.0,22.2,15.2,1.0,7.0,12.1,13.1,12.0,13.0,1.0,16.0,11.2,11.1,22.2,17.0,37.4,19.4
1772937981.6113927,42.4,21.4,20.2,25.0,28.6,29.3,30.6,24.0,21.4,23.5,3.0,19.0,14.1,7.1,18.2,24.5,16.0,18.4,22.2,23.2,2.0,23.0,11.9,13.0,9.1,5.0,29.0,29.6,19.2,3.1,13.0,12.9,33.0,32.7,2.0,4.0,11.1,14.1,36.3,30.6,27.3,7.1,15.2,16.2,9.0,11.1,6.0,12.1,16.2,3.0,23.0,15.2,25.0,33.0
1772937982.6156783,32.0,26.5,25.5,18.2,32.7,30.7,28.0,30.3,20.8,24.2,3.0,18.2,14.1,7.1,23.0,25.7,18.0,19.8,38.0,34.0,11.9,17.0,14.3,5.1,10.0,8.0,35.0,29.7,19.8,15.0,11.1,12.1,40.0,36.0,4.0,3.1,13.1,12.1,25.5,35.0,14.9,21.2,15.2,16.2,11.1,12.0,1.0,21.0,3.0,2.1,21.6,19.4,25.0,29.0
1772937983.6183174,35.1,37.6,19.8,18.0,26.5,37.0,31.6,29.7,10.1,15.2,2.0,21.0,11.1,12.1,29.3,16.3,25.7,10.1,17.3,15.3,21.0,8.0,14.1,6.1,10.0,5.1,31.3,27.7,29.0,25.3,12.9,17.8,38.0,41.4,1.0,3.1,6.0,18.2,32.0,25.8,7.1,1.0,13.0,20.0,13.1,13.0,3.0,19.0,15.5,4.0,21.2,19.0,20.0,25.3
1772937984.622509,22.0,34.7,28.3,18.2,29.7,27.5,34.0,30.3,23.0,24.5,4.0,15.0,18.0,16.8,20.8,5.0,11.9,12.0,23.0,22.2,12.0,10.9,14.0,11.1,9.0,6.1,30.4,25.0,29.0,13.9,11.9,10.0,34.0,39.2,2.0,5.0,4.0,13.1,29.0,31.0,8.9,5.0,15.0,15.0,10.9,9.2,3.0,16.0,22.5,0.0,16.8,27.5,20.2,22.8
1772937985.6226542,29.6,35.0,22.2,24.0,22.2,22.7,26.8,14.1,15.2,32.7,1.0,21.2,23.2,15.3,22.4,13.9,12.4,8.1,24.2,21.2,16.2,8.2,8.1,16.2,13.3,7.1,24.2,17.2,13.4,26.3,12.1,11.1,35.0,40.6,4.1,4.0,12.2,16.2,47.5,43.4,4.2,5.1,15.2,16.3,10.1,13.9,12.1,9.1,21.2,4.0,22.4,15.5,24.2,18.4
1772937986.622741,26.0,39.4,19.2,19.2,21.4,25.7,23.2,29.0,20.2,25.3,20.0,3.0,11.1,12.2,25.3,7.1,17.0,22.2,31.0,39.4,14.0,14.1,7.1,16.3,9.1,8.1,25.3,30.0,11.0,26.3,13.9,12.1,30.7,39.4,3.1,2.0,13.1,9.2,39.0,37.8,7.0,4.1,16.2,12.1,14.0,14.1,16.8,5.1,21.2,6.1,17.2,26.0,22.0,14.1
1772937987.624126,26.3,34.7,24.2,18.0,17.5,25.3,29.0,27.0,41.0,26.3,17.2,1.0,16.0,9.1,23.2,13.4,12.1,24.8,19.4,17.3,12.2,15.0,5.1,19.0,4.0,14.1,36.0,25.3,14.3,29.7,10.0,11.1,34.0,36.6,2.0,2.0,9.1,13.1,38.0,34.7,6.1,3.1,19.2,12.1,15.0,14.1,13.0,6.1,21.0,2.0,16.0,25.7,21.2,19.4
1772937988.628223,26.5,37.6,23.2,21.2,26.7,27.7,26.3,27.3,21.2,19.8,22.0,2.0,10.0,11.0,29.0,21.6,15.7,20.2,18.8,14.9,7.9,16.0,6.1,14.0,3.0,8.9,26.0,32.7,27.7,14.1,11.0,10.8,36.6,28.7,3.0,3.0,5.0,13.1,33.7,34.3,6.0,4.0,5.9,5.0,8.9,8.0,3.0,14.1,20.8,3.0,16.0,23.7,26.0,34.7
1772937989.6289253,29.3,17.3,24.7,12.1,34.0,30.3,35.0,26.0,21.2,31.0,19.0,2.0,9.2,16.2,22.2,24.5,13.3,25.5,31.3,27.6,6.1,2.1,6.0,19.0,5.1,12.2,31.0,30.3,22.2,4.1,12.0,11.2,30.3,35.7,4.0,4.1,24.0,13.3,34.3,50.5,6.1,7.1,5.1,11.1,20.8,19.8,9.1,11.1,12.2,10.2,21.0,26.3,28.3,29.3
1772937990.6290364,26.5,44.1,12.2,25.3,37.8,22.0,23.5,34.7,21.4,23.2,19.2,1.0,15.0,14.3,22.0,31.3,19.4,23.0,32.3,31.0,16.8,11.2,7.1,15.3,7.1,7.0,34.7,32.0,20.2,24.0,13.0,11.0,34.3,40.6,4.0,3.0,14.3,16.2,49.5,44.4,15.0,8.1,8.2,8.2,10.2,7.1,19.4,3.0,6.1,16.2,22.2,20.8,24.0,32.0
1772937991.63084,31.3,37.0,19.8,25.0,36.0,27.0,29.0,28.3,24.2,22.0,15.2,6.1,16.3,7.1,24.5,18.0,16.8,18.0,20.0,22.2,21.2,6.0,3.0,21.0,3.1,6.1,30.7,33.0,16.2,29.3,11.0,11.1,35.0,37.6,2.1,3.1,10.2,11.2,38.4,35.4,18.6,7.1,6.1,11.2,19.0,19.8,8.1,15.0,13.3,11.0,20.8,24.2,22.0,27.0
1772937992.6329312,31.3,35.3,17.3,19.2,31.6,36.4,31.0,30.0,28.0,21.2,3.0,19.0,13.9,15.2,33.0,19.0,12.1,5.1,11.1,14.1,21.8,5.1,5.1,15.8,7.1,7.0,27.6,19.4,19.0,13.0,13.0,13.6,35.6,34.7,4.0,2.0,20.0,16.3,29.3,32.3,4.0,5.1,15.2,16.0,10.0,10.0,8.0,13.1,15.0,8.1,22.2,17.0,20.4,23.0
1772937993.6370912,36.4,26.5,18.4,18.0,31.6,32.7,27.6,26.3,28.3,25.0,2.0,18.4,9.2,10.0,21.2,27.3,11.1,9.2,41.6,37.0,22.2,4.1,14.0,10.2,5.1,7.1,26.5,21.0,10.1,22.2,14.1,12.2,35.4,40.6,7.1,3.1,8.2,15.8,37.0,47.5,8.0,4.0,16.3,16.2,16.0,17.0,14.0,7.1,15.2,1.0,21.0,21.0,30.7,28.3
1772937994.6376984,25.0,39.6,23.7,23.0,29.0,37.4,35.3,24.2,30.3,23.5,4.0,19.0,14.3,13.1,24.2,27.3,4.1,10.1,25.0,27.3,21.0,7.1,10.1,12.0,11.0,7.1,19.4,23.2,14.0,27.0,11.9,11.9,39.0,29.6,6.1,3.0,7.1,18.2,44.3,44.0,6.1,4.0,15.8,18.2,9.1,10.1,9.2,8.1,7.1,3.0,20.2,20.2,22.2,36.0
1772937995.6377895,21.6,35.0,21.2,19.4,32.3,29.3,27.8,27.0,17.2,19.0,2.0,21.2,9.1,10.3,24.8,13.1,12.0,6.1,19.2,16.3,12.0,12.9,4.0,20.0,9.0,7.1,15.3,24.0,12.4,24.5,14.0,9.1,35.0,35.6,2.1,3.1,13.1,6.1,36.0,32.3,8.1,5.1,13.3,13.0,19.0,14.9,11.1,9.1,21.8,3.0,17.0,25.0,21.0,31.0
1772937996.6403294,26.5,41.6,21.4,20.8,39.0,24.0,32.3,24.5,18.2,22.4,2.0,18.0,14.1,12.1,25.5,29.3,11.2,14.0,22.2,14.1,10.0,13.3,6.0,18.0,8.2,4.0,20.8,17.0,6.9,22.8,10.2,14.9,32.7,34.0,2.1,2.0,20.0,12.2,40.6,29.3,8.1,6.1,13.0,18.2,11.9,10.1,6.1,13.0,20.0,2.0,17.2,23.0,24.2,36.7
1772937997.6404147,27.6,33.7,17.9,20.4,34.3,27.7,15.2,24.2,26.3,29.0,8.1,12.2,11.1,17.2,23.2,24.0,21.8,15.0,33.3,32.7,12.1,13.3,9.1,10.2,6.1,4.0,24.0,31.0,15.2,20.2,10.0,10.1,30.7,35.0,4.0,3.0,10.2,9.2,42.4,43.4,6.0,6.1,14.1,12.1,15.2,12.1,3.1,14.4,6.1,17.3,16.2,24.2,28.0,32.7
1772937998.6408215,35.7,31.3,25.0,15.8,35.0,24.0,27.6,22.0,25.3,35.0,18.0,2.0,10.2,8.1,30.0,14.1,19.2,15.2,27.3,29.3,15.0,11.9,9.0,10.0,7.1,7.1,24.5,30.0,25.3,19.8,12.0,10.0,39.0,29.0,3.0,1.0,12.9,9.0,43.0,40.4,4.0,4.0,15.0,19.8,11.0,11.8,7.9,12.9,20.0,1.0,17.8,22.8,27.0,26.5
1772937999.645316,16.5,32.4,20.2,17.0,28.3,34.0,24.2,30.3,17.8,25.3,13.1,8.0,13.3,12.4,33.0,17.0,24.0,9.1,17.0,12.0,16.0,5.1,2.0,16.2,5.0,8.0,32.7,28.0,25.7,11.1,9.1,12.9,27.0,34.0,4.0,1.0,12.0,6.0,21.0,21.8,3.1,4.0,12.1,13.3,13.0,11.1,1.0,13.9,18.2,4.0,20.0,18.0,24.2,29.3
1772938000.6463253,21.6,39.4,17.3,18.8,25.5,35.6,28.0,28.3,22.4,18.2,3.0,17.2,5.1,13.0,16.0,28.3,6.1,12.1,23.2,25.3,1.0,7.1,6.1,16.2,4.1,7.1,29.0,30.0,23.2,5.1,9.9,8.1,35.0,23.0,4.0,4.0,17.2,11.2,24.2,22.8,6.9,2.0,11.1,19.2,9.1,7.0,2.0,14.1,8.9,9.1,19.2,19.2,29.0,27.3
1772938001.6545222,14.3,23.8,22.2,25.3,28.7,34.0,38.0,27.0,26.7,20.2,20.0,1.0,14.0,15.0,22.0,31.0,12.1,10.1,27.7,29.0,3.0,16.0,13.0,9.0,11.0,7.0,17.8,30.7,26.7,8.1,13.0,11.9,37.0,31.7,5.0,4.0,14.1,7.1,27.0,41.0,7.1,5.0,13.0,15.8,16.7,13.0,3.0,20.6,2.0,4.0,24.8,16.2,31.7,28.0
1772938002.6549232,37.0,26.0,24.5,19.0,28.6,28.0,29.0,45.5,20.4,22.0,0.0,18.2,11.0,15.0,14.3,28.0,31.0,4.0,31.3,32.0,4.0,22.8,11.1,13.9,3.1,11.1,25.0,25.0,30.0,12.1,12.1,12.1,36.0,30.0,2.0,2.0,22.0,7.1,33.3,32.7,7.1,5.0,19.0,13.1,10.1,12.0,4.1,17.0,3.0,4.0,26.3,15.8,22.0,33.0
1772938003.6570947,20.4,41.6,23.2,16.2,28.9,36.0,24.0,31.7,24.8,28.0,4.0,21.0,24.7,23.2,17.0,25.5,26.3,14.0,8.2,15.0,6.0,22.2,11.0,11.2,11.1,9.9,30.3,31.3,35.3,22.2,12.9,12.9,28.7,40.0,4.0,3.0,18.8,9.1,26.3,30.3,7.1,3.1,12.2,15.2,12.2,13.1,3.0,16.2,4.0,2.0,23.8,19.2,25.3,23.2
1772938004.6573803,23.5,42.2,15.0,19.0,26.8,22.0,27.6,23.0,26.3,21.0,12.1,10.0,5.1,16.0,9.2,17.0,14.1,21.0,22.8,26.0,7.0,23.0,11.0,13.0,10.0,7.1,29.3,33.7,25.5,7.1,11.1,10.1,39.6,32.0,2.0,3.1,19.2,5.1,39.6,36.0,7.1,4.0,12.2,17.2,13.1,12.9,18.0,2.0,2.0,6.0,24.2,19.8,22.8,22.2
1772938005.6574614,16.7,40.0,19.4,23.2,25.5,14.0,22.0,28.3,13.1,28.3,21.0,3.1,14.0,13.1,19.2,11.1,10.1,24.0,30.3,34.0,15.3,11.9,4.1,12.0,7.1,5.0,30.7,32.0,26.7,10.0,11.2,12.9,34.0,35.0,2.0,5.1,7.1,8.1,37.4,45.5,6.0,5.1,18.0,13.0,13.9,13.1,14.1,3.0,5.1,10.0,27.5,11.1,31.0,24.0
1772938006.6617963,30.9,31.0,20.8,11.2,23.5,18.6,27.3,29.6,17.0,13.3,5.1,18.0,10.1,10.1,16.2,5.1,11.0,25.0,31.6,22.7,21.2,7.1,8.2,19.0,8.2,10.2,29.3,34.3,20.8,26.0,12.1,9.1,27.6,41.8,3.1,3.0,12.1,13.0,44.9,37.4,4.1,7.1,16.0,17.3,11.1,12.1,17.2,2.0,12.0,11.3,22.4,20.4,35.0,24.7
1772938007.663002,22.7,39.0,20.4,14.9,18.0,22.2,31.3,22.8,15.2,15.5,10.2,10.2,14.0,14.0,30.3,18.0,12.1,23.8,10.1,19.0,9.0,17.0,8.2,14.1,3.1,13.0,30.0,27.0,18.4,11.2,11.0,10.1,35.0,33.7,4.0,3.0,8.1,17.3,32.7,23.2,2.0,9.9,13.1,11.9,8.1,9.9,13.0,5.9,9.1,12.1,22.0,16.8,34.0,23.2
1772938008.6646898,18.8,35.0,23.5,15.3,27.6,30.3,17.5,19.2,14.3,34.0,8.2,18.0,11.3,9.3,28.6,19.4,22.0,14.0,16.3,19.8,8.2,18.0,18.2,5.2,7.1,12.0,36.4,26.3,19.8,24.5,11.0,12.0,34.0,38.4,4.0,2.0,11.1,13.9,36.4,39.6,6.1,5.1,6.1,11.1,16.8,16.8,4.0,18.0,5.0,20.0,19.0,24.2,22.2,34.3
1772938009.6647658,33.7,37.0,23.0,23.2,34.0,27.7,29.3,22.2,28.3,18.2,2.0,19.0,12.0,20.2,29.7,34.0,27.3,10.2,38.0,38.4,16.2,10.2,13.0,12.0,8.0,9.1,34.0,30.0,24.2,21.2,12.1,11.9,38.0,34.3,3.0,3.1,5.1,17.2,51.5,39.8,8.2,5.1,5.1,3.1,7.2,10.2,8.1,15.3,2.0,8.1,20.6,26.0,28.0,34.0
1772938010.6658041,32.3,22.4,22.0,13.0,24.2,36.0,20.0,31.0,17.8,27.0,19.0,3.1,12.1,6.9,24.8,14.1,14.1,18.0,24.2,28.7,14.0,12.0,11.1,4.1,9.0,3.1,23.5,34.7,26.0,14.0,12.6,10.1,32.3,31.3,2.0,2.0,13.0,9.1,37.0,37.0,5.1,2.0,10.1,5.1,16.8,16.0,10.1,5.1,12.1,1.0,17.2,24.0,21.6,20.4
1772938011.6672947,33.3,41.0,21.2,20.2,24.2,34.7,29.6,22.2,12.1,31.7,18.2,3.0,10.1,15.2,26.5,24.0,19.8,16.3,13.0,19.2,20.0,8.9,12.0,7.1,8.1,4.0,29.6,27.3,19.0,9.0,8.1,14.9,27.0,36.6,3.0,2.0,15.2,11.1,25.7,33.3,3.0,7.9,4.0,2.0,5.1,5.1,13.1,5.0,23.0,2.0,19.0,22.0,21.0,17.8
1772938012.6713324,13.5,20.2,22.2,15.2,32.3,33.3,30.7,23.0,26.0,20.4,18.2,4.1,10.1,9.1,18.0,27.7,15.0,12.0,14.1,25.3,5.0,4.1,7.0,14.9,11.2,4.0,34.0,25.0,22.8,6.1,9.9,11.2,37.0,29.3,4.1,1.0,15.0,9.9,38.0,36.0,4.0,5.1,15.0,13.1,21.0,20.0,18.0,2.1,20.2,6.1,24.2,18.2,20.0,21.2
1772938013.672664,18.6,41.6,23.2,23.0,41.4,25.5,34.7,20.0,26.5,23.2,19.0,4.0,19.0,10.0,30.3,17.3,11.1,5.1,27.3,29.3,6.1,12.0,6.2,16.2,9.0,11.1,24.0,30.0,33.0,11.1,10.1,11.0,38.0,35.0,2.0,2.0,8.2,8.1,42.0,45.0,6.0,9.0,14.1,13.0,5.0,4.1,16.2,5.0,21.2,11.0,18.0,19.4,22.2,11.0
1772938014.6769924,33.0,28.0,22.0,19.0,39.4,30.0,28.7,29.3,24.2,24.5,22.2,2.0,11.2,18.6,23.2,27.0,20.2,21.8,37.4,30.3,5.1,23.2,8.1,14.0,6.1,5.0,24.5,26.3,18.8,24.2,12.9,12.9,34.0,37.0,5.0,5.1,17.3,15.5,42.4,37.4,7.0,5.1,19.2,14.0,23.8,20.6,13.1,6.2,22.0,9.2,23.8,21.0,25.7,20.4
1772938015.6802862,36.7,34.7,16.2,20.2,34.0,24.8,26.3,29.0,11.1,11.0,17.2,2.0,9.1,11.1,32.3,17.0,13.1,22.0,13.0,15.0,3.0,23.8,10.0,14.0,6.0,7.1,31.0,31.4,6.1,18.0,10.0,11.9,32.7,35.6,1.0,3.0,15.8,11.1,31.7,37.3,5.1,5.1,14.1,11.9,4.0,4.0,11.0,10.1,23.8,8.1,20.0,23.0,20.0,16.8
1772938016.6829035,28.9,32.3,21.2,25.7,30.6,30.0,29.0,26.0,22.0,21.2,20.2,1.0,14.3,11.1,22.0,25.3,14.9,24.0,23.2,25.3,5.1,24.8,15.2,7.1,8.2,8.2,31.0,30.0,10.1,24.0,11.0,13.1,34.0,31.0,3.0,2.0,14.1,4.1,40.4,40.0,4.0,5.1,17.3,15.2,19.2,19.0,7.1,14.0,18.4,10.1,15.2,24.2,30.0,28.6
1772938017.683889,44.1,26.7,22.4,14.3,24.0,38.0,29.6,25.0,13.3,21.0,14.0,11.1,8.1,11.0,30.0,19.2,10.1,25.0,34.0,24.5,4.0,23.0,13.0,10.1,5.0,12.1,33.3,26.0,18.4,26.0,14.0,12.9,29.3,33.0,2.0,1.0,13.9,11.0,37.6,42.4,5.1,5.1,15.0,14.3,5.9,7.0,18.2,3.0,13.1,5.1,22.0,16.8,28.3,30.0
1772938018.689493,30.3,26.0,19.8,20.0,26.3,36.4,29.7,23.0,10.0,19.6,13.9,5.0,15.0,12.1,28.0,16.2,9.0,29.7,28.0,28.7,9.9,17.0,4.0,13.9,5.1,6.0,19.8,42.6,14.9,23.0,11.9,14.9,29.1,36.6,3.0,3.0,10.1,15.8,31.0,33.0,7.0,5.1,13.1,15.0,20.0,15.0,13.0,6.0,10.0,13.0,16.0,23.2,24.2,30.0
1772938019.6895728,33.0,37.0,17.5,17.0,28.3,28.3,25.5,28.6,23.5,24.2,18.6,1.0,10.0,11.3,23.2,28.0,13.4,14.1,9.2,13.1,8.0,7.1,12.1,10.1,7.2,6.1,31.6,27.8,3.1,19.0,11.1,11.1,27.6,34.7,2.0,5.2,13.1,6.1,19.2,28.9,4.1,3.0,14.1,12.2,8.1,8.2,18.2,1.0,11.1,11.2,15.2,22.2,22.0,16.2
1772938020.6917815,31.3,20.2,24.0,28.3,27.6,38.2,34.7,36.3,24.0,22.2,18.0,2.0,10.2,17.8,27.0,18.2,16.2,25.0,22.0,31.3,5.1,2.0,11.2,11.0,5.9,5.1,34.3,28.0,10.1,25.7,10.0,12.2,37.6,32.0,2.0,4.0,14.3,4.0,19.0,22.2,3.1,4.0,16.0,18.8,8.0,8.0,9.9,9.0,19.2,3.1,23.0,18.8,14.1,21.0
1772938021.693314,32.7,41.2,18.0,22.0,24.0,38.8,24.0,22.4,27.3,21.0,19.2,3.0,10.1,11.1,30.3,17.3,17.2,22.0,22.4,36.0,5.1,3.0,12.9,12.0,8.0,8.9,33.0,29.7,22.2,24.2,13.9,12.9,41.4,29.7,2.0,4.0,16.2,11.2,35.4,33.7,5.1,5.1,11.2,13.3,17.8,20.0,6.1,13.0,4.0,4.0,24.5,17.3,25.3,33.3
1772938022.6956549,39.4,28.7,21.6,26.7,37.0,32.0,36.0,20.2,22.8,14.1,19.4,1.0,30.0,22.4,22.2,26.0,15.0,24.0,27.0,29.0,9.2,2.0,6.1,17.8,7.2,8.1,30.0,36.1,33.0,19.0,13.0,12.0,42.2,32.7,9.1,7.1,11.2,15.0,38.8,33.3,6.1,3.1,21.0,15.0,15.0,12.1,20.6,2.0,2.0,15.2,19.2,27.3,23.5,36.4
1772938023.697096,29.9,40.4,28.6,16.5,27.3,36.4,32.7,25.0,22.4,21.2,23.0,2.0,11.1,14.4,20.0,15.2,15.2,18.0,21.0,28.3,2.0,7.0,14.1,11.2,9.1,7.0,29.0,31.3,29.3,13.1,11.1,13.0,35.4,30.7,3.1,3.0,16.8,17.0,45.1,35.7,5.1,6.1,17.2,13.4,14.0,14.0,18.2,4.0,0.0,23.8,21.2,22.0,25.3,39.6
1772938024.6974227,21.4,24.8,20.4,17.0,30.3,19.0,16.2,36.0,25.0,21.2,20.4,1.0,13.3,13.0,18.4,7.1,25.3,8.2,19.0,29.0,14.0,6.1,5.0,17.0,8.2,4.1,25.3,25.3,14.1,27.0,11.8,12.9,36.0,37.8,3.1,1.0,13.3,13.0,32.0,32.0,7.1,5.1,14.0,14.1,10.1,15.0,7.1,9.1,2.9,20.2,26.0,17.2,27.3,40.0
1772938025.6988878,15.8,26.3,23.0,18.0,19.0,25.7,30.3,22.2,26.3,18.2,17.8,3.0,10.1,11.0,22.0,13.1,35.3,19.0,22.2,26.3,15.2,13.1,5.2,14.0,9.1,7.1,26.0,18.0,14.0,27.8,12.1,12.2,36.6,32.7,1.0,4.0,14.1,10.1,41.0,39.0,3.1,6.1,17.3,13.1,16.8,12.9,19.8,4.0,2.0,21.4,24.0,15.0,23.0,38.4
1772938026.7008643,44.0,21.0,23.0,17.2,18.0,24.2,27.7,28.0,32.7,12.2,21.2,3.0,15.0,20.8,20.2,11.9,13.0,22.8,19.4,17.2,12.0,14.9,7.0,15.2,11.1,6.0,36.9,26.3,10.1,26.5,11.0,11.0,32.3,35.4,3.0,3.0,8.0,10.2,41.8,47.4,7.0,7.0,15.0,12.0,4.1,7.0,16.2,2.0,3.0,21.8,25.0,17.6,22.2,34.0
1772938027.7026346,32.3,27.3,26.3,21.4,18.4,23.0,23.2,26.0,25.5,16.0,16.2,8.9,12.1,10.1,22.0,26.5,12.2,22.0,33.0,35.4,8.0,20.8,3.0,13.0,8.1,4.0,29.3,27.0,5.0,18.0,13.9,12.9,38.6,28.0,3.0,2.0,8.1,13.1,34.7,33.0,5.9,3.0,18.4,15.2,21.0,20.0,15.8,3.0,5.1,16.8,17.6,21.0,29.0,26.0
1772938028.703117,42.3,27.7,20.4,16.0,27.0,32.0,25.0,25.8,28.0,20.2,20.2,9.2,10.2,10.3,23.2,20.2,12.1,23.0,19.4,17.3,6.1,6.2,8.2,13.1,6.1,10.2,26.5,34.3,13.3,29.7,12.0,11.1,37.0,37.0,2.1,2.1,12.0,15.2,34.0,30.6,5.1,6.1,10.0,14.1,5.1,4.1,15.3,3.1,6.1,14.3,15.3,26.3,21.2,36.0
1772938029.7043347,30.0,31.0,21.6,15.2,32.7,25.0,25.8,33.3,13.4,14.1,18.0,9.2,8.2,19.0,23.0,30.3,14.1,21.0,26.0,20.8,13.1,6.9,15.2,5.1,7.1,8.1,28.0,34.3,21.8,24.2,11.1,11.0,37.0,31.0,1.0,4.0,12.4,9.2,40.8,44.6,4.1,5.1,7.0,9.0,23.8,21.8,13.1,6.1,11.1,11.1,23.0,22.0,23.2,25.0
1772938030.7044227,45.0,29.0,32.0,16.3,33.7,32.0,30.7,30.4,20.2,11.2,21.2,8.1,8.2,16.3,20.4,27.0,12.0,21.2,27.3,29.3,22.4,4.1,19.2,7.1,8.1,9.2,36.7,31.7,23.0,7.1,12.1,12.1,35.0,37.4,4.0,4.1,7.0,18.2,45.0,41.8,10.2,2.1,6.1,6.1,8.1,9.0,20.0,3.0,12.1,9.3,20.2,20.4,33.0,33.7
1772938031.70585,30.6,19.8,17.3,17.8,31.3,34.3,31.0,23.5,12.1,12.2,18.0,2.0,12.1,14.1,23.0,26.3,5.1,10.0,32.0,31.3,7.8,21.8,14.0,5.1,9.0,9.0,31.7,29.7,25.3,11.1,8.1,11.0,38.6,25.7,1.0,2.0,12.2,17.2,32.4,31.0,4.0,5.1,5.1,10.1,18.0,19.8,15.0,3.0,21.0,2.0,27.0,18.8,29.7,15.2
1772938032.7065022,40.8,28.3,19.2,21.2,28.0,33.3,26.0,17.5,15.2,13.3,20.2,6.9,12.0,5.2,16.2,28.6,8.2,8.1,18.4,17.2,6.2,22.0,16.0,6.0,11.2,4.1,27.0,34.0,13.0,31.0,8.9,11.0,35.4,28.6,4.0,3.0,14.0,12.2,27.3,43.6,6.1,2.0,14.1,7.1,6.1,6.1,14.0,7.1,3.1,4.0,25.0,13.1,18.0,17.2
1772938033.7078574,21.9,36.0,22.2,18.2,34.3,30.7,15.5,27.0,22.4,18.0,18.0,10.1,17.2,15.2,31.0,20.0,13.1,11.1,20.0,11.1,9.2,17.0,19.0,4.0,10.0,4.0,35.4,25.8,19.0,21.0,9.1,13.0,40.6,30.3,1.0,5.1,11.2,8.2,45.5,44.4,5.1,6.1,19.2,14.1,16.0,17.2,9.2,11.0,9.1,5.1,26.0,16.5,21.2,31.3
1772938034.7111292,42.4,28.7,22.4,23.0,32.3,32.0,31.0,30.7,31.6,26.5,20.2,4.0,11.0,11.2,19.4,30.0,7.0,10.2,35.4,36.4,17.8,11.0,20.8,6.0,13.3,6.1,33.7,29.7,18.8,8.1,12.0,12.0,32.3,41.0,1.0,3.1,12.0,15.8,44.0,37.4,6.1,4.0,13.1,15.2,11.1,8.1,14.9,2.0,2.0,21.2,27.0,18.2,39.4,23.5
1772938035.712644,37.0,9.3,19.0,17.2,31.0,29.0,30.3,29.3,22.8,22.2,12.1,13.0,14.3,15.0,18.2,26.0,13.1,6.0,28.3,29.0,5.1,6.1,12.1,11.1,12.0,5.1,34.0,24.5,33.0,12.0,13.9,14.0,33.0,30.7,4.0,2.0,11.1,13.1,32.0,25.5,5.0,5.1,15.8,19.0,13.0,17.0,5.1,14.0,1.0,21.8,17.0,22.8,34.0,27.0
1772938036.716057,28.3,24.8,15.6,23.2,33.3,33.7,30.6,28.3,25.3,23.2,3.0,20.4,13.1,11.2,29.0,21.0,24.0,16.2,15.3,27.0,5.0,6.1,9.1,11.2,5.1,9.1,31.3,30.3,31.4,14.1,9.9,13.3,29.7,42.0,4.0,2.0,22.2,2.0,42.4,44.0,7.1,4.1,12.2,15.2,11.1,12.0,7.9,18.2,3.0,22.0,19.0,25.3,34.7,25.0
1772938037.7200239,41.0,21.0,19.4,27.3,39.4,29.3,35.6,21.0,28.3,23.8,2.0,22.8,12.2,17.0,15.3,31.0,19.0,20.0,28.4,20.2,3.1,8.0,11.1,15.2,10.0,4.1,33.0,28.3,7.2,25.0,12.1,11.0,36.0,38.0,7.1,2.0,13.1,12.0,44.0,48.0,5.1,7.9,12.1,21.2,17.0,17.0,9.2,12.9,3.1,21.4,16.0,26.0,25.5,37.0
1772938038.720104,45.5,27.6,22.2,20.8,40.8,24.0,41.4,36.4,13.4,13.3,17.2,4.1,14.0,11.2,29.0,23.5,17.3,20.0,33.3,36.0,3.0,8.2,12.1,12.1,14.1,5.0,30.7,14.1,18.2,12.1,13.9,12.9,36.0,33.0,3.0,3.0,12.1,19.4,29.3,20.2,7.0,4.1,16.3,14.1,7.1,7.0,17.0,1.0,7.1,15.2,24.2,18.2,23.2,36.0
1772938039.7203481,32.3,23.0,20.0,14.1,29.3,33.0,26.0,35.0,21.6,23.0,20.2,1.0,5.1,14.1,22.4,17.2,22.8,12.0,24.2,21.2,3.0,5.0,15.2,6.1,9.0,5.1,31.3,21.4,26.0,16.2,8.1,13.1,27.7,36.4,2.0,3.0,7.0,12.0,24.0,15.0,6.1,7.1,13.1,13.1,12.1,16.0,6.1,9.0,5.0,18.0,21.8,17.0,27.5,24.5
1772938040.7209022,21.9,38.0,18.4,21.0,34.3,30.0,29.3,26.0,27.3,20.0,13.0,9.1,14.3,12.0,29.7,22.0,17.3,10.1,17.2,8.2,4.1,19.2,10.0,13.0,8.2,6.1,27.3,37.0,30.0,14.3,9.0,12.0,40.4,30.0,1.0,3.1,6.1,18.4,35.6,34.7,5.1,4.1,18.0,14.1,13.0,11.1,4.0,12.1,1.0,22.0,24.5,15.2,29.6,24.0
1772938041.7212512,28.6,39.6,23.2,25.3,31.0,31.0,24.5,26.3,27.0,14.4,2.0,18.2,21.8,24.7,17.3,26.0,9.2,9.2,30.0,37.4,6.1,19.8,3.1,16.2,12.0,4.1,31.7,28.3,26.3,19.4,11.8,13.7,35.0,38.6,2.0,6.0,8.0,8.1,29.9,38.4,3.1,6.1,14.1,15.0,14.9,15.0,18.0,4.0,9.3,12.2,23.8,17.2,28.0,26.5
1772938042.7278535,36.6,26.7,18.0,20.0,27.6,33.3,27.7,31.7,23.0,28.7,11.9,12.0,13.1,12.9,18.8,29.3,27.5,12.7,30.0,24.2,15.2,12.1,6.0,16.2,7.1,4.0,32.0,28.7,18.8,23.5,11.1,9.1,30.7,40.6,4.0,4.0,18.2,18.8,35.6,30.7,5.0,5.9,20.0,16.8,10.9,12.0,16.2,3.0,10.8,11.1,22.8,19.0,30.7,29.4
1772938043.7287729,40.4,34.0,23.7,14.1,32.3,30.0,27.6,28.9,17.5,25.0,14.3,12.1,17.0,7.1,5.1,18.8,16.2,20.4,23.5,28.0,15.2,14.1,8.0,13.3,3.1,12.0,28.3,38.0,15.2,27.3,11.1,9.1,34.0,32.7,2.0,1.0,10.2,8.1,37.4,32.3,3.0,8.0,13.1,12.2,13.0,16.8,8.0,13.0,2.1,20.4,16.0,25.0,22.4,23.2
1772938044.736684,19.4,36.3,18.0,22.0,19.0,31.0,26.0,23.5,24.0,23.0,12.0,7.1,13.1,7.0,10.9,21.2,28.7,5.9,9.9,12.9,19.6,6.0,16.8,5.0,7.9,8.1,30.0,32.0,10.1,23.0,9.9,10.9,28.4,39.0,3.0,2.0,11.0,11.0,41.2,35.0,5.1,3.0,18.0,13.1,13.0,11.9,1.0,18.8,4.0,2.0,23.0,17.0,14.9,17.0
1772938045.7393947,33.3,27.7,26.3,11.9,13.1,23.8,22.0,12.1,23.8,17.2,4.0,19.0,12.0,14.7,14.0,12.0,26.5,9.0,29.0,20.2,4.0,5.1,12.7,11.9,10.9,5.0,23.2,33.7,8.0,16.7,12.0,13.9,21.0,37.3,6.0,1.0,3.0,12.0,44.0,46.1,5.1,4.0,13.9,12.0,6.9,5.9,3.0,13.9,6.1,5.9,24.8,17.6,33.7,23.8
1772938046.7394779,32.3,33.7,17.5,19.2,20.6,23.5,24.5,23.5,27.6,20.4,2.0,18.2,18.4,9.2,13.3,21.4,21.4,18.4,36.7,33.3,11.3,9.0,15.5,8.2,11.2,5.2,30.3,32.7,18.0,32.3,13.1,11.2,33.7,36.7,1.0,4.1,21.4,17.3,38.4,31.6,6.1,7.1,14.4,18.2,19.4,19.2,15.2,9.3,8.1,15.6,18.2,21.9,30.3,35.7
1772938047.7414517,36.4,19.8,26.5,25.5,28.0,23.0,33.0,32.3,27.3,21.8,2.0,19.2,14.0,7.1,19.0,28.0,18.2,15.0,17.3,23.8,21.2,5.1,16.8,6.1,11.0,5.1,32.7,29.7,14.1,33.0,9.9,18.6,33.7,38.0,5.0,3.1,13.1,6.0,41.4,34.7,13.1,6.0,15.3,11.2,8.8,5.1,18.2,3.0,1.0,22.8,14.3,31.4,34.3,28.6
1772938048.7462938,31.7,21.8,26.7,21.8,34.0,24.2,27.3,30.0,23.5,20.2,13.1,7.0,17.3,13.0,20.2,31.3,17.2,19.0,22.8,28.0,23.0,8.1,9.1,10.2,11.0,8.9,30.0,31.6,13.9,24.8,12.7,12.0,36.6,38.0,2.0,4.0,15.2,8.2,40.6,40.0,22.0,5.2,29.4,12.0,19.0,20.8,15.0,6.0,2.0,20.4,24.2,17.0,27.5,35.6
1772938049.748123,32.3,37.4,21.6,15.2,33.0,31.0,32.0,31.0,18.4,34.7,23.0,2.0,9.1,12.1,19.4,24.8,21.0,19.2,24.0,24.5,19.0,11.0,15.8,10.1,12.2,5.2,23.5,26.0,21.2,4.0,11.1,13.1,37.0,33.7,2.0,2.0,12.2,17.3,47.0,43.4,32.3,9.0,10.2,5.1,3.1,6.1,19.4,1.0,1.0,22.8,22.0,22.2,33.3,33.0
1772938050.7484875,32.7,26.7,16.0,17.2,24.8,31.6,18.2,32.3,16.0,10.2,16.2,4.0,13.1,10.1,31.0,19.2,10.1,22.0,19.6,26.0,3.0,23.0,14.3,6.1,9.0,8.1,18.0,31.4,15.0,24.0,9.0,9.1,30.7,33.0,2.0,3.0,7.1,10.0,33.3,35.6,9.2,6.0,26.3,10.1,23.5,20.8,6.1,11.0,2.0,19.4,18.2,20.2,29.0,21.2
1772938051.7502265,20.2,42.6,22.0,20.6,27.5,38.8,20.2,34.3,18.0,16.2,17.0,5.1,12.0,10.8,17.8,25.0,13.9,14.9,26.7,22.0,8.9,17.0,10.9,10.8,11.0,6.9,27.5,32.7,26.2,14.0,9.9,12.9,36.6,32.7,3.0,5.0,17.6,17.0,33.0,31.4,11.9,4.0,15.2,3.0,4.0,5.9,16.0,2.0,7.9,8.0,22.5,20.0,34.3,29.0
1772938052.7504845,28.1,37.4,21.6,19.4,37.8,24.2,21.2,31.6,32.7,27.6,1.0,18.2,13.3,15.3,30.6,21.4,9.2,14.3,18.6,26.0,14.3,8.1,7.3,10.5,10.3,6.1,25.5,33.0,20.6,12.2,9.2,11.2,38.4,36.7,2.1,4.1,12.2,12.4,47.5,35.7,3.1,6.1,12.1,11.3,19.0,17.3,8.2,16.0,7.1,2.1,19.4,22.0,31.6,32.0
1772938053.755858,34.3,26.7,22.0,17.0,30.3,29.6,26.8,25.3,17.5,34.0,3.0,20.0,13.0,7.1,25.7,21.0,25.0,12.7,35.3,30.3,13.1,13.1,12.9,8.0,7.9,5.1,30.7,34.7,3.0,23.8,12.0,11.0,40.0,32.7,5.1,5.1,15.2,15.2,41.0,39.4,5.0,6.0,14.3,12.0,6.1,8.0,9.0,10.0,3.0,1.0,23.5,20.0,32.0,29.7
1772938054.7572434,26.5,36.4,20.0,22.4,34.0,29.7,27.8,31.3,29.0,20.0,3.1,20.2,14.3,15.0,25.3,27.0,15.0,23.5,20.2,25.0,13.0,18.0,4.1,20.0,9.0,6.1,30.0,34.0,22.0,23.2,12.9,12.0,37.0,34.0,6.1,3.0,9.0,12.0,35.0,42.0,7.0,6.1,14.1,18.0,19.0,18.0,8.1,15.2,2.1,4.0,19.2,24.0,33.0,30.6
1772938055.7602167,24.2,35.6,24.5,22.2,33.3,35.0,31.0,30.7,31.6,18.2,15.2,9.0,9.2,12.2,30.0,18.2,18.0,21.8,25.5,30.3,14.0,12.1,5.0,20.2,11.2,5.2,28.3,37.0,15.2,31.0,13.1,13.0,38.6,34.0,4.0,2.0,14.3,12.1,28.0,38.0,3.0,8.0,13.3,14.1,6.1,8.0,15.2,1.0,5.1,3.1,23.2,25.0,29.3,26.3
1772938056.7607756,34.0,39.4,19.2,20.2,41.4,25.0,25.3,26.3,27.0,26.3,11.1,12.1,16.3,15.2,24.5,26.0,24.0,14.3,17.0,23.0,6.1,6.1,18.2,9.1,12.1,10.0,31.6,33.3,8.1,24.2,12.1,13.0,30.3,46.0,3.0,5.0,13.3,12.2,51.0,44.4,7.0,8.2,15.2,18.4,19.4,20.0,11.1,14.0,9.1,3.1,22.2,19.4,26.3,19.4
1772938057.761252,25.8,39.6,16.7,28.0,40.0,34.3,29.6,34.7,31.3,22.2,2.1,20.0,19.4,11.2,25.3,24.7,24.0,17.3,33.7,26.5,12.0,13.1,20.2,6.1,12.1,4.0,31.0,38.0,11.3,27.3,12.0,13.1,36.6,40.0,1.0,5.1,16.2,14.1,36.0,38.0,2.1,8.1,16.2,18.8,9.0,8.2,10.1,13.3,10.3,13.1,25.0,21.0,25.3,36.0
1772938058.7613332,32.3,19.6,23.0,26.3,35.4,31.3,31.0,37.0,30.3,23.0,2.0,17.3,12.1,14.1,17.0,32.0,16.2,23.0,27.7,24.0,22.0,9.0,18.4,5.1,11.1,7.2,36.6,30.6,30.3,15.3,13.0,13.1,35.0,41.0,3.1,3.1,15.2,15.0,24.2,20.4,8.0,10.0,14.1,13.1,21.2,20.0,9.2,13.1,11.0,11.2,25.0,19.2,25.5,38.4
1772938059.7616537,26.0,20.8,14.4,22.0,37.0,28.0,24.5,32.0,22.2,22.2,2.0,21.2,15.0,25.7,23.2,23.0,17.2,19.0,26.3,24.5,22.2,4.0,5.1,16.0,8.9,8.2,29.3,29.0,39.6,15.0,9.1,8.0,39.6,28.7,2.0,4.1,6.0,11.2,27.0,29.3,8.0,5.1,14.1,17.3,4.1,5.1,16.0,1.0,18.0,7.1,21.0,20.2,22.4,34.0
1772938060.7685409,33.7,42.2,16.5,23.0,33.3,32.0,32.0,25.7,23.2,29.0,3.1,20.8,17.5,15.2,32.3,16.0,19.8,19.0,26.0,31.3,22.8,7.1,14.0,10.1,12.2,7.0,38.4,27.6,25.0,11.1,14.0,12.1,39.0,33.0,3.1,6.1,22.2,15.2,36.4,34.3,5.1,7.1,12.1,12.2,17.8,20.8,6.1,15.2,8.1,2.0,22.0,21.2,26.7,35.0
1772938061.7710733,17.7,40.6,25.7,22.0,34.7,36.0,26.3,32.3,17.0,18.0,13.0,8.1,14.9,13.0,25.0,25.3,18.0,21.0,22.8,27.0,22.0,7.1,16.8,7.1,7.1,6.1,26.7,25.0,27.2,18.0,9.0,11.0,31.0,41.0,1.0,5.0,9.2,11.9,47.5,40.8,5.1,5.1,17.0,16.2,7.1,7.0,2.0,17.0,3.0,11.1,23.2,18.2,26.0,35.6
1772938062.771287,43.9,28.3,19.4,22.4,33.3,25.0,21.2,33.7,21.2,13.1,1.0,19.2,10.1,9.2,19.2,19.4,12.0,23.2,22.7,29.3,16.2,9.1,12.1,8.1,8.1,8.1,16.2,24.8,12.2,32.0,12.0,12.0,39.0,31.0,6.1,1.0,14.0,11.1,28.6,32.0,5.1,6.0,13.3,15.2,16.0,20.2,13.1,9.2,1.0,21.4,19.8,23.0,28.3,24.7
1772938063.772354,34.0,23.0,20.4,19.8,27.6,34.3,31.6,20.4,30.7,17.2,3.0,17.8,7.1,21.2,16.0,13.3,17.3,34.3,31.7,31.3,6.0,8.1,7.1,15.0,11.0,4.0,34.0,33.0,22.8,5.1,13.0,9.1,30.7,42.0,3.0,6.1,18.4,19.2,36.0,40.0,6.1,10.1,18.8,16.0,7.1,9.9,19.2,1.0,2.0,20.2,16.2,25.0,27.6,26.3
1772938064.7750983,42.6,31.7,26.0,14.1,26.0,21.0,36.6,25.0,26.7,22.2,1.0,21.0,13.0,13.0,19.2,15.8,15.8,28.7,26.3,19.0,5.1,4.0,18.8,5.1,11.0,6.1,35.6,31.4,25.7,10.9,12.9,12.9,36.6,32.7,2.0,5.1,29.0,29.0,42.0,49.0,4.0,8.0,15.2,18.2,16.0,16.8,2.0,22.5,1.0,22.8,20.8,21.0,30.7,29.0
1772938065.7881477,28.9,17.8,27.3,17.2,16.0,24.0,28.0,25.5,14.1,32.7,5.0,19.0,16.8,7.1,14.3,8.2,10.1,24.8,27.0,29.0,5.0,5.0,8.1,10.9,7.0,12.1,34.0,22.2,31.4,12.0,14.0,11.0,34.0,38.0,3.1,1.0,26.7,14.1,37.0,36.3,5.1,6.1,12.0,14.0,10.8,11.9,2.0,17.0,2.0,21.0,22.8,22.8,27.0,32.7
1772938066.788857,33.3,41.0,22.4,22.0,19.4,27.6,29.0,32.7,29.3,19.4,9.1,20.2,10.2,18.2,24.2,20.8,16.2,24.8,28.6,23.5,4.1,6.1,14.3,12.1,13.1,11.2,28.3,36.4,12.4,28.0,11.1,13.0,44.0,34.0,3.1,5.1,25.3,11.2,37.6,37.4,9.0,3.0,14.1,19.4,16.0,16.0,3.0,21.4,7.1,16.0,24.2,19.0,27.3,27.3
1772938067.7907476,24.7,38.0,20.8,20.0,31.6,29.0,25.5,24.2,21.2,28.3,27.3,20.0,14.1,10.1,29.0,14.3,15.2,22.4,30.0,29.0,6.1,4.1,20.8,5.1,11.1,9.1,30.3,34.0,7.0,25.5,13.0,12.0,28.3,37.0,3.0,3.1,12.2,15.2,41.0,44.0,6.1,7.9,15.2,14.0,9.0,12.0,10.1,7.9,13.0,9.3,26.0,20.2,23.2,25.3
1772938068.7918448,33.3,40.6,31.6,20.2,35.6,25.3,24.0,21.2,16.3,23.8,23.0,18.6,8.2,18.0,30.3,21.0,16.0,22.8,21.0,17.3,7.1,17.0,6.1,13.1,9.0,5.2,26.0,33.0,25.0,17.0,15.0,13.0,33.7,32.3,4.1,3.0,6.1,14.1,40.4,41.4,2.0,4.1,17.0,15.2,13.3,12.0,4.0,14.0,10.1,11.9,22.2,16.8,35.0,22.0
1772938069.7967558,31.7,12.1,18.8,18.8,22.2,40.2,22.8,32.7,29.7,25.3,24.0,19.0,15.8,13.1,18.6,28.3,15.2,20.8,24.8,32.4,14.7,13.0,17.8,5.0,6.0,11.9,28.0,28.0,30.7,13.0,11.0,11.1,31.7,34.3,7.1,5.1,18.0,6.9,32.3,40.6,5.0,7.9,4.1,9.1,13.7,13.0,16.8,5.1,10.0,11.2,24.5,18.2,35.3,23.0
1772938070.796827,29.9,29.0,20.6,17.3,24.2,38.4,26.5,23.7,29.6,34.7,13.1,6.2,22.0,17.2,24.2,22.2,16.5,11.1,28.0,22.7,11.2,16.2,13.3,9.1,9.2,9.1,21.4,37.4,16.2,15.3,10.1,16.0,39.8,28.6,17.3,2.0,16.5,17.5,39.4,27.6,7.2,4.1,7.0,5.1,12.2,13.1,13.3,7.1,1.0,21.8,21.0,19.4,38.4,18.6
1772938071.7986953,26.8,24.2,19.2,20.0,28.6,31.0,28.0,20.0,25.5,17.2,19.0,2.0,10.2,8.2,20.2,23.2,13.9,12.1,31.3,25.3,5.1,18.0,12.1,9.1,8.0,5.1,37.3,23.0,18.2,10.0,9.1,10.1,32.0,31.7,12.1,7.1,10.0,7.0,44.4,43.6,7.1,4.0,6.1,4.0,13.0,13.1,12.1,3.1,3.0,2.0,21.2,18.8,33.7,25.7
1772938072.7991798,42.0,26.3,19.6,29.3,30.3,37.0,30.6,35.0,20.0,19.8,19.2,2.0,15.2,15.0,36.6,19.0,15.3,5.1,25.3,15.2,4.1,7.0,14.9,9.0,11.1,7.1,30.6,38.0,35.3,12.2,15.7,14.1,41.6,33.0,2.0,5.1,14.3,10.3,39.0,44.9,10.2,7.0,9.2,14.1,12.1,15.0,18.0,4.1,12.0,2.1,24.0,21.4,28.3,27.6
1772938073.8016422,33.0,40.6,23.5,17.0,31.3,34.7,29.6,28.7,21.2,14.3,21.2,2.0,10.2,11.1,29.6,15.2,13.0,4.1,24.0,22.0,7.0,22.0,10.2,16.3,13.1,6.1,24.2,21.0,16.2,29.3,10.1,12.7,35.6,38.4,5.1,3.0,14.9,9.1,38.0,31.0,5.1,6.1,16.2,17.0,14.0,13.0,18.0,1.0,16.2,6.1,27.7,18.0,27.3,29.0
1772938074.8052492,17.5,37.6,19.2,17.8,36.0,29.0,28.0,31.3,30.3,17.0,14.1,6.1,11.1,15.2,21.8,29.0,12.0,5.0,30.3,34.3,19.0,7.0,14.0,8.9,10.0,9.0,25.0,29.7,3.0,19.8,13.0,11.0,29.3,36.0,3.0,2.0,12.1,14.0,28.7,34.0,7.0,5.1,16.2,13.4,15.8,11.1,16.2,4.0,21.6,4.0,21.0,21.4,22.8,30.0
1772938075.8053324,36.4,31.0,20.2,22.0,29.3,27.6,31.0,33.0,29.0,24.2,4.0,21.0,16.5,6.2,26.3,15.3,15.0,18.4,19.4,24.2,22.0,5.1,16.0,6.1,9.2,6.1,37.4,25.5,30.0,10.1,12.0,11.0,36.4,38.0,1.0,3.1,3.1,14.3,44.9,41.8,5.1,6.1,15.2,15.8,12.4,16.2,7.1,21.2,21.2,1.0,16.2,24.0,32.0,29.0
1772938076.8054116,36.7,23.2,18.7,21.2,23.5,36.0,34.0,38.0,20.4,24.2,3.0,18.2,15.0,14.0,21.2,29.0,15.5,18.0,25.3,16.2,23.0,9.2,13.0,11.1,7.1,6.3,28.7,34.0,39.6,15.2,13.1,13.0,39.0,29.0,3.0,3.0,6.1,17.0,32.7,32.7,5.1,3.1,18.2,11.2,12.9,7.1,18.2,1.0,21.2,4.1,25.0,15.2,29.3,27.3
1772938077.8062925,33.3,23.0,20.2,22.2,26.0,39.4,28.7,26.7,25.7,23.0,0.0,19.0,13.0,17.0,31.3,14.1,16.8,19.0,23.0,22.2,22.8,5.0,13.1,10.1,6.0,10.0,32.0,30.0,31.3,18.8,12.0,11.0,25.0,39.0,3.0,6.0,12.0,14.1,22.0,24.0,6.9,5.1,18.0,15.0,13.0,14.0,13.0,3.0,20.8,3.0,23.8,16.0,21.4,20.2
1772938078.8097334,39.6,32.7,21.0,24.0,42.0,26.7,21.4,34.0,19.4,25.0,3.0,22.0,27.3,20.2,19.2,31.3,12.2,24.2,38.0,37.0,22.0,5.1,5.0,21.2,12.2,2.0,27.6,32.0,22.8,4.1,13.0,11.9,32.7,37.6,2.0,5.1,10.1,17.3,24.5,24.0,6.1,5.1,13.3,13.4,11.2,15.0,9.2,11.1,15.2,5.1,19.2,25.7,25.5,33.3
1772938079.8129377,30.9,21.2,27.3,20.4,32.0,31.3,19.0,28.0,19.8,29.0,9.1,10.1,11.0,9.9,16.2,36.0,11.0,5.0,23.0,14.4,11.1,13.9,9.1,15.8,6.1,12.0,28.7,31.0,29.4,15.0,8.9,10.0,31.7,33.3,4.1,1.0,12.1,7.0,42.0,39.4,2.0,7.0,16.0,21.0,12.0,14.1,12.0,15.0,6.1,6.0,19.0,23.2,35.6,21.2
1772938080.8130217,31.6,41.0,19.6,14.1,36.1,27.6,18.2,17.3,19.4,29.0,19.2,2.0,8.2,15.3,16.2,28.0,14.0,14.9,7.1,17.0,3.1,22.4,7.0,15.2,8.1,9.1,29.0,33.0,14.3,30.0,10.1,12.1,34.0,36.6,2.1,1.0,9.3,14.0,43.4,44.4,6.1,5.3,17.0,12.1,9.1,8.2,18.2,10.2,3.1,2.1,23.0,17.0,26.3,34.0
1772938081.817273,27.3,11.0,20.0,18.0,39.0,25.0,28.3,22.2,21.0,24.8,17.2,3.0,16.0,8.0,28.0,23.2,18.2,20.2,32.7,32.0,13.0,13.1,10.0,11.2,8.0,5.9,21.0,36.4,13.0,18.4,11.0,10.0,34.3,34.0,2.0,28.3,13.1,15.2,35.4,30.7,7.0,4.0,19.2,13.1,14.9,16.8,17.0,5.1,1.0,9.9,21.2,15.3,37.0,24.0
1772938082.817354,26.0,39.6,22.2,14.1,33.3,24.0,31.3,26.3,24.0,21.2,1.0,20.2,9.2,13.3,16.2,24.2,26.0,8.2,31.3,28.0,17.0,10.1,16.2,7.1,8.1,2.1,26.5,28.3,14.1,14.9,13.0,11.0,35.6,31.3,1.0,32.7,19.2,3.1,36.6,41.8,5.1,4.0,13.1,12.2,11.0,9.1,16.0,5.0,2.0,7.1,22.2,18.2,35.4,20.6
1772938083.82192,31.7,23.0,33.0,13.9,29.0,32.0,30.7,24.8,24.0,21.0,15.8,5.9,12.7,9.2,23.0,9.1,12.9,22.8,21.2,26.3,15.0,5.0,16.0,7.9,3.0,11.9,35.0,26.7,10.0,30.0,12.9,18.6,38.6,29.4,2.0,8.1,12.7,27.7,35.4,42.0,6.0,3.0,17.2,15.7,12.0,12.9,18.6,2.0,2.0,12.0,26.2,14.9,26.3,32.4
1772938084.824276,43.7,33.7,21.2,11.1,17.5,26.7,29.3,27.3,14.1,28.1,21.2,3.1,9.3,17.0,10.0,16.0,11.3,24.5,19.0,8.0,3.0,8.1,16.0,6.0,5.2,11.0,25.3,27.0,12.2,33.0,11.1,8.2,39.0,32.3,3.1,23.2,23.2,20.4,40.8,45.5,6.1,5.1,12.1,14.3,14.1,15.0,16.2,3.0,13.1,5.1,20.2,20.4,34.7,22.7
1772938085.8264723,28.3,27.0,17.2,18.0,29.4,15.3,28.3,28.0,13.1,13.0,21.0,2.0,14.0,6.1,10.1,22.0,17.0,17.2,29.7,30.3,21.8,6.1,12.9,8.2,13.0,3.1,26.0,18.2,6.1,18.8,11.1,11.9,29.3,36.0,2.0,36.0,5.0,12.0,29.0,28.4,10.2,2.0,17.0,18.8,9.0,12.0,11.0,7.0,10.1,13.0,15.2,24.8,23.0,34.3
1772938086.826564,38.1,35.7,23.7,21.2,22.7,22.0,22.4,35.0,22.4,20.4,18.0,2.0,19.0,10.1,13.1,23.7,22.2,14.1,37.4,39.0,21.2,5.1,18.2,6.1,13.0,8.9,32.0,26.5,8.2,21.2,10.0,12.0,27.3,35.4,1.0,30.6,12.2,11.1,42.4,40.0,9.1,3.1,11.2,15.3,14.1,12.2,3.1,14.3,12.0,12.2,15.0,22.2,32.3,29.3
1772938087.8274865,24.0,36.3,12.2,21.2,27.3,22.0,27.3,23.2,28.3,20.0,18.0,3.0,8.2,16.0,26.5,24.8,16.0,19.2,19.2,14.0,24.0,3.1,16.2,4.0,8.0,5.1,24.2,39.0,28.0,17.0,11.1,10.1,31.7,41.6,19.4,13.0,13.1,3.1,42.4,39.8,5.1,5.1,13.3,17.2,15.8,16.8,16.0,4.0,1.0,19.0,19.0,26.7,26.0,27.0
1772938088.8287523,22.7,32.0,23.5,15.8,29.3,34.3,30.6,28.3,24.2,34.0,19.0,22.0,12.1,11.2,27.0,13.3,13.1,20.4,11.2,16.0,21.0,6.0,15.0,9.0,6.1,5.1,36.0,24.8,20.0,24.8,11.7,11.0,31.3,39.0,10.0,3.0,28.0,13.1,31.3,45.0,5.0,5.0,14.0,12.0,9.0,9.2,3.0,17.0,3.1,1.0,14.1,24.2,18.2,37.4
1772938089.8295364,13.5,19.2,23.5,11.2,34.0,27.0,29.3,28.0,28.3,34.3,21.0,30.6,8.1,13.0,21.2,28.0,13.1,23.2,28.7,26.0,22.0,6.0,11.1,11.0,11.2,3.0,31.0,28.3,8.1,19.0,12.2,12.0,29.0,38.6,2.0,5.1,11.3,6.1,27.7,31.3,5.0,5.1,5.0,10.1,15.0,16.7,2.0,15.2,11.0,3.1,16.0,21.4,17.2,22.0
1772938090.8301744,15.5,29.7,25.8,25.0,29.3,31.3,33.3,23.0,21.4,24.5,19.2,33.0,11.1,13.4,23.2,22.4,11.2,7.0,29.3,35.4,10.0,11.2,6.9,20.0,6.0,6.1,29.0,31.0,22.8,12.1,9.0,16.0,28.0,36.4,5.0,1.0,12.1,11.0,39.4,40.0,6.1,6.1,2.0,7.0,10.1,12.1,12.0,9.2,21.4,2.0,20.2,23.0,23.0,24.7
1772938091.832492,15.3,19.0,20.6,10.1,30.0,32.0,21.4,14.1,19.0,25.0,16.3,25.3,8.2,10.0,24.2,23.2,16.0,17.8,19.2,18.0,5.1,2.0,6.1,13.3,2.0,8.0,27.3,30.0,10.0,30.3,12.0,8.1,30.4,37.0,0.0,3.1,5.1,12.1,43.9,31.3,4.0,5.1,10.1,4.0,12.1,12.9,12.1,4.0,20.8,4.0,19.0,17.0,34.3,21.8
1772938092.8354177,16.2,22.0,18.2,19.0,22.0,35.6,25.7,17.0,18.0,11.0,20.8,2.0,14.0,12.2,14.9,30.7,21.0,14.1,12.0,9.1,4.0,4.1,15.8,8.0,5.1,9.1,27.7,34.0,13.1,29.0,12.9,11.9,36.6,31.7,1.0,3.0,8.0,22.2,39.2,41.0,4.0,4.0,6.0,4.0,10.1,11.0,21.2,1.0,21.0,0.0,24.0,18.2,39.2,24.5
1772938093.8365824,30.2,34.7,27.8,21.0,24.0,38.0,23.2,30.0,13.0,14.1,20.2,2.0,14.1,7.1,25.0,26.3,27.5,11.1,27.3,40.2,6.1,3.0,16.3,5.1,12.0,8.1,29.6,29.4,6.1,18.8,11.1,14.0,36.4,35.0,4.0,3.1,14.0,8.1,31.0,31.7,9.0,6.1,18.2,17.2,15.7,16.0,16.2,4.0,22.0,2.0,23.8,21.6,39.0,20.2
1772938094.840125,26.0,38.0,27.0,18.4,37.0,32.3,34.7,41.4,14.1,16.3,20.2,3.0,19.0,13.3,25.3,26.7,13.3,25.7,35.0,28.6,8.0,5.1,19.0,7.1,6.1,13.1,36.0,28.6,18.4,31.6,11.1,10.2,42.4,33.0,3.0,3.1,15.0,11.1,40.0,48.5,6.2,5.1,13.3,20.2,13.4,13.0,16.2,5.1,16.2,8.1,25.0,15.2,25.7,37.6
1772938095.84117,27.1,37.0,17.5,18.0,35.0,30.3,40.0,33.7,14.3,15.5,11.1,13.4,13.3,15.0,13.4,28.6,14.0,23.2,21.4,22.4,9.2,6.1,7.1,17.0,7.1,13.9,29.0,35.7,24.0,38.6,11.9,12.0,45.5,28.0,4.1,3.0,10.4,4.1,30.3,39.0,6.1,5.1,13.1,11.2,15.0,14.9,3.0,13.1,4.0,7.1,22.0,22.0,22.2,37.0
1772938096.8412435,28.3,30.3,21.4,22.2,35.4,28.0,27.6,26.5,16.0,17.2,3.1,21.0,32.7,15.2,24.0,26.0,13.1,23.0,17.2,15.2,18.2,12.1,7.0,20.2,12.2,7.1,25.3,40.0,5.1,24.0,9.3,14.0,45.5,29.3,6.1,1.0,20.2,14.3,23.5,23.0,5.2,5.1,15.3,20.8,14.1,10.3,16.0,8.1,2.0,5.1,22.4,21.2,29.0,27.3
1772938097.841325,34.3,20.2,40.0,21.2,38.4,30.6,22.4,38.0,18.4,34.3,3.0,19.4,12.2,13.1,26.0,19.4,10.2,28.0,20.4,37.6,11.2,15.2,17.2,9.2,8.1,7.1,32.3,23.8,8.2,23.0,13.0,11.0,37.6,37.0,4.1,5.0,18.8,11.0,24.2,22.2,9.1,5.1,15.2,12.4,13.1,15.8,18.0,9.2,3.1,5.1,18.8,25.3,35.0,27.3
1772938098.8414142,32.0,16.0,12.2,16.3,30.0,30.4,27.0,28.3,22.0,20.2,2.0,19.2,11.0,15.0,18.4,27.3,16.8,11.1,35.3,34.0,19.8,8.0,6.1,17.0,9.0,6.1,25.0,17.3,9.0,31.0,9.9,11.0,29.3,32.3,4.0,2.0,8.2,10.1,33.0,28.6,5.1,5.9,17.3,14.1,11.0,11.1,15.3,2.0,3.0,2.0,18.0,19.0,27.3,25.3
1772938099.8432398,41.0,26.7,17.3,21.6,28.7,31.3,29.0,23.5,22.2,20.0,6.0,14.9,7.1,8.2,16.0,24.0,19.0,15.0,19.4,16.2,10.9,4.0,11.0,10.1,8.0,8.0,26.0,32.0,13.9,27.7,10.0,11.0,33.0,29.7,3.0,4.0,4.0,10.1,48.0,43.1,7.0,5.1,13.7,14.1,9.0,10.0,13.1,7.0,2.0,4.0,20.0,19.0,23.8,32.0
1772938100.8476121,27.8,30.6,19.0,22.4,23.7,36.6,29.0,27.6,21.2,24.2,10.1,13.3,12.2,17.2,26.3,24.0,20.0,17.0,22.2,9.2,7.1,5.1,17.2,6.1,8.1,6.1,32.0,29.7,9.2,18.2,11.9,9.2,28.7,39.6,2.0,2.1,17.0,19.8,37.0,33.7,4.0,4.1,13.1,19.8,15.8,16.2,4.0,19.0,5.1,12.2,25.0,17.2,25.7,20.0
1772938101.8497455,38.0,32.7,20.6,28.3,31.0,41.0,35.0,31.0,18.4,18.4,2.0,23.0,18.0,12.1,15.5,31.0,14.0,29.0,41.6,29.0,11.2,19.2,19.0,9.0,7.1,13.0,34.3,35.1,17.2,24.0,14.1,16.8,36.0,38.0,3.1,3.1,15.5,8.2,34.7,36.6,5.1,10.9,13.1,15.3,12.2,12.9,14.0,9.2,12.2,10.1,24.0,20.4,25.5,30.3
1772938102.8567755,45.1,21.8,19.0,16.8,32.7,32.7,27.7,37.4,27.0,22.8,7.0,17.0,13.9,16.2,23.8,21.2,10.2,13.3,29.0,33.0,5.1,23.8,19.8,10.2,5.1,13.1,32.0,34.7,28.4,16.8,13.9,13.0,36.0,32.7,5.0,3.0,7.9,21.0,51.0,40.4,7.1,6.1,22.0,13.1,15.8,13.1,14.3,9.9,10.0,12.1,26.0,17.8,26.7,36.6
1772938103.8609707,36.1,26.0,19.6,16.2,27.6,25.3,26.3,29.0,17.0,31.0,19.2,1.0,8.1,14.1,9.1,15.2,20.0,13.7,26.3,17.5,4.0,24.8,8.1,17.0,9.2,9.0,32.7,31.3,10.3,27.3,13.3,11.0,37.0,40.4,3.0,3.0,10.2,14.1,45.0,41.4,9.0,4.1,11.2,13.3,11.0,11.1,14.0,6.1,20.0,2.0,21.8,17.0,25.3,35.4
1772938104.8649087,30.7,36.6,17.0,30.7,29.7,15.8,16.2,21.0,23.2,24.0,5.1,18.0,12.9,18.0,13.9,21.2,23.8,12.1,22.8,22.3,6.9,24.0,7.9,16.8,10.9,10.0,32.0,30.7,6.0,19.8,11.7,13.9,36.3,39.8,4.0,3.0,15.8,12.1,30.7,34.7,5.0,7.0,18.8,14.9,13.9,11.9,8.0,16.7,3.0,5.9,25.7,19.8,26.0,34.0
1772938105.8676944,28.9,14.3,13.5,22.4,23.5,21.6,28.0,27.3,20.2,29.3,3.0,18.2,7.2,12.1,15.3,12.2,12.1,26.0,27.6,16.3,7.2,21.2,8.2,15.2,13.1,5.1,18.4,21.2,15.3,25.0,10.1,13.0,32.0,37.4,3.1,3.1,14.3,5.1,37.6,36.7,7.1,5.1,13.1,14.3,13.1,10.2,4.0,19.4,10.2,9.3,26.5,12.2,31.7,30.0
1772938106.8685856,29.3,22.0,21.0,21.0,26.0,18.0,23.2,36.4,31.3,20.2,3.0,22.2,12.0,17.3,19.4,27.7,19.2,20.2,38.0,29.0,6.1,20.8,10.1,14.1,6.1,10.2,20.8,24.2,28.7,13.1,11.0,11.1,37.6,33.3,2.0,4.0,13.1,16.2,49.0,41.0,6.1,6.0,18.0,16.2,11.1,15.7,15.8,9.1,0.0,22.0,22.5,20.0,37.0,25.5
1772938107.8714855,20.8,21.6,10.2,14.0,21.0,19.0,30.3,18.8,25.7,37.0,2.0,21.0,10.1,5.1,13.0,30.0,24.8,15.8,20.0,24.2,9.0,9.1,20.8,2.0,12.1,8.9,17.0,20.8,26.7,9.0,12.9,11.8,39.0,33.7,4.0,1.0,8.9,20.8,33.7,37.4,5.9,5.1,12.0,13.9,9.0,8.0,21.2,4.0,3.0,22.0,24.0,15.2,38.4,23.8
1772938108.8719308,20.4,22.2,8.1,5.1,18.0,15.0,25.5,25.3,39.0,37.4,5.0,15.0,8.1,2.0,25.3,19.0,15.2,25.3,14.0,9.2,15.2,8.2,16.8,9.1,8.1,16.2,14.1,15.3,20.2,1.0,12.9,10.1,31.0,37.6,4.0,4.0,9.1,15.0,27.0,26.0,3.1,3.1,12.1,14.0,3.0,4.0,6.1,14.1,1.0,22.0,20.2,14.0,29.0,23.5
1772938109.8722005,23.5,23.2,12.1,11.0,14.1,16.3,23.3,28.7,19.2,21.2,22.2,1.0,8.9,2.0,24.0,23.0,6.9,11.2,8.0,14.0,12.0,12.1,11.1,9.1,11.1,3.0,13.1,15.8,11.0,12.0,12.0,11.9,31.7,25.3,4.1,3.0,10.3,5.1,25.7,26.0,4.0,3.0,6.0,8.2,13.0,11.9,1.0,20.8,0.0,21.0,15.0,12.2,19.2,16.0
1772938110.873964,40.0,26.0,10.1,12.1,15.2,24.0,23.5,27.6,21.0,17.2,22.0,2.0,7.2,13.1,25.7,25.0,21.0,20.8,12.1,19.2,16.2,9.9,15.0,11.9,9.1,15.0,21.8,26.7,5.1,21.0,12.9,13.9,38.6,34.0,3.1,3.0,19.8,11.0,23.2,27.0,5.1,6.9,5.1,9.1,5.1,3.1,15.0,11.0,10.0,14.1,17.0,19.0,22.8,21.0
1772938111.8755236,42.0,38.4,12.0,10.8,29.0,27.7,18.0,17.0,18.4,17.3,20.0,4.0,9.0,4.0,15.0,31.3,27.3,15.0,23.2,14.0,15.8,4.0,22.0,4.0,14.0,7.1,30.3,25.5,2.0,22.8,12.0,12.0,31.0,38.6,4.0,3.0,4.0,19.4,26.3,27.3,4.0,7.0,2.0,6.0,6.9,3.0,3.0,19.0,9.1,13.1,21.0,13.9,27.3,20.2
1772938112.8764958,31.3,17.8,19.0,27.3,32.3,30.0,21.0,23.0,17.0,20.0,19.2,3.0,7.1,5.2,13.1,26.3,15.2,21.0,27.0,26.0,2.1,5.0,15.0,7.0,8.1,10.2,31.0,28.3,16.2,16.0,11.9,10.0,33.3,36.0,3.0,4.0,7.1,10.9,31.0,36.0,1.0,4.2,4.0,5.1,8.1,8.1,13.0,9.0,6.9,15.0,19.0,21.2,28.7,25.7
1772938113.87659,22.9,19.0,18.2,20.2,27.6,34.3,24.5,15.2,29.0,25.0,4.0,19.0,11.0,9.1,18.2,31.0,18.2,16.8,23.2,20.4,2.0,7.0,7.1,14.3,9.0,9.1,29.0,36.4,29.0,13.3,10.0,11.1,38.6,36.0,4.0,2.0,11.2,7.1,46.5,46.5,4.0,6.1,4.1,5.1,14.1,13.1,9.2,10.2,14.0,10.1,25.3,16.2,31.6,29.6
1772938114.87753,25.5,26.0,18.6,16.2,31.4,31.0,12.2,24.0,23.5,27.0,12.1,7.1,15.2,9.0,14.1,32.0,9.0,12.2,11.2,22.8,8.0,20.0,15.8,11.0,6.1,6.0,27.7,16.2,26.0,9.0,10.0,13.0,37.4,33.0,5.1,3.0,10.1,18.4,28.3,32.3,2.1,7.0,12.0,3.1,6.1,9.1,3.0,20.0,12.2,9.2,17.0,21.0,27.3,25.3
1772938115.879642,36.4,24.0,24.0,15.0,38.4,31.0,19.8,23.2,21.0,34.7,9.1,13.0,12.1,10.1,17.0,26.3,17.2,10.1,27.5,27.0,4.0,20.2,19.0,5.1,6.1,12.1,27.3,22.0,24.5,1.0,12.1,12.0,22.5,42.0,5.0,6.1,17.2,9.1,22.8,27.0,5.1,5.2,4.1,5.1,11.0,13.0,3.1,20.0,13.0,8.1,18.0,27.7,29.7,34.0
1772938116.8807373,43.0,30.3,21.4,24.2,34.0,37.0,32.3,30.0,22.2,20.2,7.1,15.0,15.0,21.2,22.2,32.0,14.1,25.0,33.0,20.4,15.0,14.0,11.1,13.0,11.0,11.9,36.0,33.0,18.4,17.2,10.9,14.0,31.3,43.6,3.1,5.1,13.3,14.1,28.3,21.2,6.1,9.0,15.2,10.1,14.1,16.0,22.2,2.0,6.0,4.1,29.0,15.3,21.0,24.5
1772938117.8826363,19.8,35.0,16.3,29.6,31.6,34.7,27.6,26.5,14.1,14.3,22.2,2.0,10.2,13.1,24.2,19.4,16.8,24.8,23.8,17.0,23.0,4.1,11.0,14.0,11.0,4.1,27.3,35.4,15.0,31.0,14.0,11.0,30.0,41.4,3.1,4.0,9.1,14.1,37.0,35.1,4.1,8.2,14.0,15.5,5.1,7.1,20.0,2.0,8.2,10.2,24.0,18.0,26.8,28.7
1772938118.8867364,29.3,41.6,19.0,18.0,31.0,38.6,41.6,35.4,23.0,31.3,15.0,7.0,15.0,15.8,32.0,22.0,15.2,25.7,37.8,35.0,21.8,9.9,8.1,16.3,8.1,8.1,33.7,32.0,21.2,29.7,13.0,10.0,28.0,45.5,4.0,3.0,20.2,19.0,44.0,41.6,8.0,6.0,14.0,18.2,22.5,21.8,10.1,18.0,22.0,2.0,23.2,18.4,36.6,25.3
1772938119.8883924,31.3,33.0,23.5,21.2,30.6,33.0,31.0,35.4,19.2,30.0,1.0,20.2,24.2,22.4,28.9,18.0,15.2,26.0,22.0,26.5,14.3,14.1,10.0,16.8,8.2,8.1,33.3,32.3,15.5,21.8,9.9,13.0,30.0,44.0,3.1,3.1,11.1,9.2,29.3,30.6,4.1,8.0,13.3,15.2,5.2,5.1,18.0,9.0,20.2,1.0,16.2,25.7,38.0,28.0
1772938120.8896143,41.4,25.3,28.6,22.4,32.0,36.6,17.3,25.3,27.3,29.0,21.8,2.0,17.2,18.2,25.3,23.2,16.2,25.0,22.2,25.3,8.1,4.0,9.2,16.2,11.0,9.2,39.8,28.0,15.0,31.0,12.0,14.0,36.0,39.0,5.1,4.0,11.2,18.2,40.4,35.0,7.0,7.1,15.2,16.0,19.0,19.6,18.2,5.1,22.0,2.0,22.2,24.0,39.0,23.2
1772938121.8923523,40.6,23.8,23.8,14.0,34.7,24.8,31.7,29.3,33.3,12.1,16.3,1.0,12.1,15.2,18.2,33.7,19.0,17.2,24.0,27.0,7.0,2.0,18.8,7.0,9.1,9.0,31.4,31.3,24.0,23.0,12.0,10.0,42.0,28.7,1.0,3.1,17.3,17.0,46.5,52.0,5.0,8.0,20.8,14.0,8.9,8.2,12.2,12.0,20.2,3.0,23.8,18.0,22.8,38.6
1772938122.893666,31.6,25.3,17.0,14.0,29.0,26.5,26.5,22.0,19.2,34.7,25.0,1.0,9.9,9.0,11.0,23.2,21.8,19.0,33.0,26.3,4.1,4.0,6.1,17.2,9.0,14.3,32.7,18.8,9.1,21.2,13.1,11.0,35.4,38.4,4.1,3.0,12.0,10.2,38.4,35.6,5.0,5.1,13.3,14.1,2.1,4.1,3.0,19.0,14.0,7.1,27.3,8.2,33.7,30.3
1772938123.8948567,30.6,29.3,13.3,11.1,30.6,24.2,29.3,24.2,30.0,25.3,21.8,3.0,4.0,6.1,11.2,14.1,18.2,24.0,18.4,24.2,5.0,5.0,3.0,20.0,13.1,10.1,20.4,23.2,4.0,21.0,13.9,12.0,39.2,33.3,5.0,2.0,4.1,19.2,26.7,23.5,2.1,2.0,15.0,11.2,4.0,4.0,6.1,17.0,1.0,8.0,20.0,17.0,23.2,24.2
1772938124.894939,31.3,23.0,13.3,11.0,24.0,32.7,22.2,30.3,15.2,17.0,16.2,7.1,5.1,10.1,8.0,17.2,19.0,21.4,25.5,18.0,7.1,3.1,6.0,16.8,4.0,15.2,30.0,22.2,1.0,21.8,12.0,20.2,30.0,34.7,1.0,3.0,6.0,17.0,26.0,26.7,6.1,6.0,13.1,12.9,19.0,16.0,13.3,12.2,5.1,2.0,15.8,23.0,20.0,19.2
1772938125.8950515,31.3,19.0,22.0,9.2,27.6,31.6,24.2,25.7,19.2,19.4,23.0,1.0,11.1,6.1,10.0,21.4,19.2,20.0,19.4,3.0,19.2,7.1,21.8,4.0,3.1,19.4,29.3,31.0,19.8,21.0,9.0,18.8,41.0,28.7,2.0,6.1,10.1,11.1,26.3,26.3,4.0,6.1,13.1,12.1,7.1,9.9,19.0,3.0,5.1,2.0,17.3,17.2,23.2,23.2
1772938126.8951273,21.4,9.0,8.1,7.1,22.8,15.8,19.2,21.0,13.0,13.7,19.0,2.0,11.9,2.0,2.0,20.8,10.0,11.3,9.1,10.2,14.0,10.0,7.1,10.1,9.8,7.9,22.0,20.2,1.0,22.8,11.9,10.0,26.7,33.7,3.0,3.0,10.0,12.0,22.8,24.8,2.0,3.0,18.0,10.1,3.0,4.0,16.8,3.0,2.0,3.0,10.0,16.8,16.2,18.0
1772938127.8952,22.0,15.0,9.2,13.0,20.2,9.0,12.1,32.7,11.1,19.4,8.2,12.2,5.1,3.0,1.0,23.2,2.0,15.0,9.1,19.0,7.1,15.2,5.1,13.0,3.0,12.2,20.2,17.8,24.8,18.0,9.1,12.0,28.3,34.7,2.0,1.0,17.8,4.1,29.6,38.0,2.0,4.0,12.1,15.0,1.0,6.1,18.4,5.0,1.0,3.0,10.1,19.4,17.2,18.2
1772938128.895275,24.5,27.0,14.1,17.8,15.0,22.4,17.6,33.0,12.0,13.3,1.0,27.0,4.0,10.2,6.1,19.2,6.0,9.1,32.0,33.7,14.0,14.1,3.0,19.0,4.0,14.7,13.3,22.0,25.3,16.2,11.9,15.0,31.0,30.0,3.0,1.0,7.2,8.0,37.4,35.4,5.0,3.0,12.1,12.1,8.1,7.1,12.9,6.1,13.1,5.1,25.0,12.0,17.8,28.0
1772938129.8961868,46.0,17.2,10.2,15.3,16.5,20.0,27.0,19.4,24.0,21.2,2.0,19.0,7.1,10.0,17.0,20.8,14.0,14.1,27.6,30.6,5.9,5.0,5.1,16.3,11.1,3.1,20.8,14.1,5.0,22.0,10.2,9.1,28.0,37.0,3.0,3.0,9.0,6.0,40.0,34.0,4.0,2.0,18.0,13.1,16.0,12.0,2.0,17.8,11.1,11.1,18.4,16.8,30.3,26.3
1772938130.8971744,39.4,28.0,19.4,12.1,20.0,24.8,23.5,27.3,24.2,21.0,2.0,18.0,7.0,13.1,20.2,6.1,16.3,18.0,5.1,13.1,11.3,4.0,5.0,17.8,3.0,11.1,25.3,35.4,18.2,8.2,12.0,9.9,31.3,38.0,2.0,3.0,14.0,19.4,37.4,31.3,8.0,3.0,13.1,13.1,5.0,7.0,7.0,11.2,10.1,13.0,24.5,15.3,32.0,25.0
1772938131.8983867,28.3,27.7,8.2,6.1,19.0,22.2,13.0,29.7,20.2,25.3,2.0,20.0,4.0,7.1,9.0,14.1,26.7,10.1,5.1,15.0,20.0,5.0,15.0,6.1,12.0,3.1,27.0,34.0,31.7,9.0,13.9,9.1,32.0,28.3,2.0,1.0,1.0,15.3,22.0,25.0,5.0,3.0,13.0,11.1,12.0,10.9,1.0,18.8,18.8,0.0,22.0,9.9,24.0,28.3
1772938132.9025333,25.5,35.0,10.1,17.8,19.2,20.8,14.1,18.0,29.0,17.8,2.0,20.0,6.1,7.9,22.4,9.0,26.0,15.0,17.2,14.1,23.8,6.0,15.8,6.0,14.9,5.0,30.3,29.7,29.0,11.0,12.9,9.9,37.6,33.0,3.0,3.0,8.1,15.0,37.0,30.7,3.1,4.0,12.1,14.9,2.0,2.0,2.0,17.0,2.0,1.0,17.0,15.3,20.2,19.2
1772938133.903298,30.3,25.0,12.2,9.0,16.0,19.2,6.0,23.5,17.2,13.3,4.0,20.2,3.0,7.2,19.0,32.3,32.0,5.9,17.0,20.0,20.8,2.0,18.2,3.1,10.1,3.0,27.7,21.2,22.2,5.1,12.9,11.0,31.3,34.0,0.0,3.0,5.1,15.2,35.6,27.0,4.0,3.0,7.0,4.1,3.0,3.0,2.0,20.2,2.0,2.0,16.0,19.0,18.8,20.0
1772938134.9041662,30.0,24.8,10.1,13.3,23.8,10.0,13.1,16.8,17.0,17.0,16.2,5.0,9.0,5.9,25.0,20.8,23.8,16.0,26.5,21.6,21.0,4.0,9.9,15.0,14.1,6.1,33.7,18.8,12.9,10.7,11.8,15.8,28.4,35.3,3.9,3.0,14.0,7.9,24.0,19.0,1.0,4.0,9.9,4.0,10.9,9.1,6.0,14.7,3.9,1.0,13.1,16.8,18.0,19.0
1772938135.9044976,28.6,40.6,15.0,11.1,16.2,18.8,13.0,16.2,14.1,18.0,20.0,2.0,5.1,5.1,13.0,32.3,14.3,25.3,22.2,26.5,16.2,7.1,3.0,19.0,6.1,10.0,22.7,27.3,4.1,21.2,9.2,14.0,28.6,36.0,2.1,2.0,7.0,16.2,16.8,15.2,2.0,2.0,1.0,3.0,4.1,4.0,13.3,9.2,0.0,2.0,23.8,15.3,17.2,16.3
1772938136.9077523,30.6,37.4,15.5,9.0,18.2,23.2,17.0,12.4,16.0,21.4,21.0,1.0,5.0,10.0,19.2,23.0,14.7,25.7,14.1,24.0,5.1,5.0,13.3,8.0,5.1,9.1,26.7,27.3,2.0,20.0,11.9,12.0,34.0,36.0,2.0,3.0,9.0,21.8,25.0,13.9,4.0,2.0,3.0,4.0,4.0,2.0,2.0,17.8,2.0,2.0,21.2,21.8,18.0,21.8
1772938137.9078567,29.6,26.7,9.2,12.9,23.2,16.2,26.3,20.8,18.0,26.0,20.2,2.0,4.0,5.1,30.0,14.3,21.0,17.0,4.0,18.0,0.0,5.0,18.0,5.0,5.0,12.1,24.2,27.3,12.7,12.9,11.0,12.0,37.0,29.0,4.0,1.0,2.0,12.1,13.1,12.1,6.9,2.0,2.0,4.0,10.2,10.0,7.0,10.1,15.3,5.1,14.0,26.3,34.7,23.2
1772938138.9086826,26.0,25.7,24.0,12.2,25.0,26.5,25.3,25.5,25.3,35.4,9.0,13.0,8.1,14.1,31.0,20.8,23.2,12.0,13.3,16.0,4.0,5.1,15.0,8.1,11.1,4.1,31.6,29.7,18.0,25.7,11.0,12.9,36.6,30.3,3.1,2.0,6.0,9.2,24.0,25.3,5.1,6.0,9.1,5.0,12.9,10.0,14.1,2.0,21.8,1.0,15.0,23.0,20.2,32.0
1772938139.9121482,38.6,18.0,22.0,14.9,33.3,30.6,30.6,25.5,20.0,26.3,2.0,19.0,12.0,8.0,28.0,13.3,7.1,8.1,28.0,26.3,3.1,4.0,25.0,8.0,11.0,4.0,31.7,27.0,15.2,28.3,10.1,9.0,29.0,39.2,4.0,3.0,19.4,13.0,35.7,39.4,4.0,5.0,3.0,6.1,12.0,12.9,16.8,1.0,20.0,2.0,25.7,17.0,19.0,37.6
1772938140.9128876,30.0,23.2,24.2,20.2,32.3,38.0,35.0,25.5,23.5,27.7,1.0,20.2,15.0,15.3,31.3,23.8,23.0,15.0,36.0,32.3,7.9,5.1,7.2,20.0,8.0,13.0,29.3,14.3,14.3,18.2,11.9,11.1,32.3,39.0,2.1,2.0,12.0,9.1,34.7,28.3,6.1,6.1,6.2,13.1,13.1,13.1,6.1,18.2,22.0,9.1,17.0,25.3,28.3,36.4
1772938141.9170341,38.0,27.5,24.0,15.2,25.0,31.3,28.0,30.4,29.0,30.6,3.0,19.0,6.1,11.1,14.0,28.3,21.0,13.9,18.2,19.2,8.2,6.0,17.0,8.1,4.0,7.1,24.8,26.7,19.8,6.1,10.9,13.0,37.6,30.3,1.0,3.1,14.0,8.1,23.8,33.0,4.0,4.1,15.0,11.0,7.1,8.1,15.0,10.1,20.2,2.0,22.2,19.0,19.8,34.3
1772938142.9179726,38.0,27.0,21.0,18.0,27.7,38.2,28.3,28.6,23.2,31.0,14.1,5.0,10.9,18.8,21.2,29.7,13.0,26.0,20.2,8.1,22.8,7.0,4.0,18.2,9.1,8.2,34.3,35.0,23.8,19.0,13.9,11.0,34.0,31.7,5.0,3.0,5.2,11.1,35.4,29.6,5.0,5.1,12.2,18.2,14.9,12.9,16.2,11.0,7.1,10.2,16.8,24.5,29.0,27.3
1772938143.919392,28.6,30.3,25.5,11.1,28.1,31.3,23.2,25.0,25.5,17.5,22.0,0.0,9.2,9.3,15.2,27.0,4.0,33.3,35.6,30.3,11.1,14.3,5.1,13.1,6.1,4.0,34.3,27.3,27.6,12.4,12.0,11.0,30.3,36.0,2.0,3.0,18.2,17.3,44.0,51.0,7.0,6.1,16.2,11.3,12.1,11.2,14.3,2.0,2.0,3.1,15.2,24.5,15.0,19.4
1772938144.9214892,39.4,30.0,25.0,23.2,33.0,31.7,30.3,22.7,26.0,21.8,19.0,4.0,10.9,18.0,19.2,31.0,12.1,23.8,33.7,32.7,14.1,12.0,15.2,7.0,5.1,8.1,24.0,38.6,24.2,7.9,11.0,10.0,29.4,41.0,4.0,1.0,8.9,11.0,40.4,37.4,5.1,5.0,19.2,14.0,14.0,13.9,3.0,15.2,3.1,2.0,21.2,19.8,18.0,17.0
1772938145.9232035,33.0,21.0,23.2,15.0,34.3,31.6,28.6,29.6,23.0,23.5,20.2,5.1,10.3,9.2,20.0,30.3,19.2,16.2,18.4,22.7,21.2,7.1,5.1,17.2,6.1,9.1,34.3,32.0,24.8,5.1,10.0,15.0,27.6,42.4,3.1,3.0,17.2,10.0,36.6,27.0,4.0,6.1,14.0,13.3,10.2,10.1,2.0,17.2,3.0,4.0,20.0,23.2,19.4,21.2
1772938146.9251647,31.3,43.0,18.4,16.8,31.3,30.0,28.0,31.4,25.3,23.2,18.2,6.1,16.0,19.4,27.6,22.0,11.2,25.5,23.0,29.7,8.1,7.0,6.1,18.0,12.0,7.0,31.0,29.0,28.3,18.2,13.1,10.9,36.3,40.0,2.0,2.1,24.2,9.2,51.5,46.5,5.1,8.1,11.2,23.0,17.8,15.0,13.3,10.9,4.0,3.0,20.0,24.8,23.8,19.8
1772938147.9304914,33.3,21.2,31.0,23.2,32.3,31.7,24.5,22.4,22.0,27.0,5.1,14.1,8.1,21.8,30.7,19.4,17.0,22.2,26.5,26.3,14.3,7.0,6.0,16.2,9.0,6.0,30.3,29.6,29.6,30.6,11.1,12.2,35.0,33.3,5.0,3.0,5.1,16.3,34.0,40.8,4.0,5.2,14.9,19.2,10.0,8.1,17.0,2.0,2.0,2.1,16.2,22.4,15.2,23.0
1772938148.9307413,47.0,29.0,21.4,19.2,26.3,37.0,34.3,36.4,23.2,14.3,4.0,21.0,21.4,29.3,23.2,20.2,12.1,26.0,31.0,28.6,25.5,4.1,16.2,6.1,11.2,4.1,30.3,37.0,10.9,23.8,11.0,14.0,27.0,39.8,2.0,4.1,16.2,13.3,36.7,36.0,4.1,6.0,14.1,12.2,17.0,16.2,17.0,5.1,3.0,22.2,17.2,27.3,30.0,22.7
1772938149.931683,20.8,35.3,15.6,23.0,26.5,36.0,28.0,28.3,15.3,10.1,7.1,14.1,9.1,9.3,20.0,11.9,18.0,15.2,13.1,21.8,21.8,6.0,17.0,6.1,8.1,9.1,31.7,32.3,10.0,27.0,10.9,11.9,37.0,31.3,1.0,1.0,14.3,12.2,33.3,35.7,6.0,4.0,18.0,15.0,10.0,10.9,16.2,2.0,4.0,19.0,20.8,24.5,32.0,24.8
1772938150.931772,19.8,32.0,24.0,17.3,28.6,31.6,25.3,35.4,24.2,27.3,23.8,12.1,20.0,12.4,17.2,13.3,10.0,8.2,25.5,31.6,23.0,3.1,10.2,11.2,5.0,9.2,30.6,31.3,10.3,32.0,10.2,10.0,36.0,37.0,3.1,5.0,14.0,17.0,45.0,41.6,8.1,3.1,15.3,14.3,14.1,14.1,16.3,3.1,9.1,13.3,14.3,25.0,31.6,31.0
1772938151.935679,31.0,18.2,14.1,24.8,30.4,33.3,31.0,25.5,26.7,17.2,25.0,21.0,16.0,8.1,20.0,15.2,20.0,13.1,25.0,25.7,21.0,7.1,9.0,11.0,6.1,6.1,21.2,38.8,12.0,28.0,11.0,13.1,35.6,33.0,2.0,3.0,8.0,11.1,38.0,41.6,3.0,6.1,17.0,14.0,10.0,11.0,14.0,11.0,14.3,9.0,23.5,16.2,29.4,26.3
1772938152.936293,34.7,42.0,23.0,12.4,38.1,28.6,30.3,28.7,30.3,19.2,30.0,7.1,27.3,16.2,29.3,7.0,14.1,24.8,24.2,21.0,16.3,10.1,16.2,14.1,7.0,11.2,21.2,34.0,17.8,8.0,11.1,10.0,38.4,28.0,3.0,4.0,8.1,14.1,39.4,37.0,6.0,9.1,12.2,13.3,16.0,17.0,14.0,6.1,16.2,2.0,22.0,20.0,30.3,22.2
1772938153.9428988,26.5,36.0,28.3,12.1,35.4,27.0,26.3,35.0,28.3,26.3,12.2,10.0,11.1,17.0,32.7,21.0,13.1,26.7,29.0,47.5,18.0,11.0,5.1,18.8,7.1,8.0,29.4,18.0,29.3,20.0,10.0,15.7,39.6,25.7,3.0,4.1,20.2,16.2,44.1,41.0,5.0,8.0,18.2,15.0,11.0,10.1,10.0,11.1,3.0,4.0,20.8,22.4,25.0,21.2
1772938154.9435077,36.7,34.0,25.3,21.2,31.3,24.2,30.0,27.3,38.6,19.8,3.0,22.2,13.0,13.0,32.0,19.2,19.2,22.0,28.0,21.2,15.0,15.0,14.0,12.1,9.0,6.2,34.3,31.3,33.7,13.1,14.7,12.0,36.0,37.4,1.0,5.1,5.1,15.3,42.0,40.0,5.1,6.1,14.3,15.2,16.2,17.0,16.0,37.0,24.0,3.1,16.2,26.7,42.6,29.7
1772938155.9472601,41.6,25.0,25.0,20.2,30.0,18.2,30.9,26.0,20.6,26.3,19.0,5.9,16.2,16.2,28.0,22.0,16.2,24.8,33.3,32.0,10.2,15.3,12.0,15.0,8.2,12.0,31.3,33.7,15.0,21.0,11.2,14.0,35.6,36.0,2.0,7.0,11.0,18.0,43.4,38.6,6.1,6.1,16.2,16.3,10.1,11.1,18.8,33.3,20.2,4.0,16.0,29.3,38.0,22.2
1772938156.9473453,24.0,46.5,16.7,20.8,13.3,24.0,26.0,29.3,27.0,18.6,18.2,1.0,8.2,11.1,17.2,34.3,12.1,24.2,19.8,18.4,5.1,18.2,4.0,17.3,5.1,9.2,28.3,34.3,3.1,19.2,11.1,12.2,33.0,32.3,4.0,4.1,14.1,10.1,30.0,35.4,3.0,6.0,12.0,17.2,16.0,16.3,15.3,30.3,21.2,2.1,25.3,17.3,37.0,21.4
1772938157.948694,28.6,21.8,25.3,21.4,17.2,24.0,20.4,28.0,22.7,20.0,13.1,9.1,16.0,7.1,23.5,18.2,19.0,17.0,29.3,28.0,3.0,6.0,11.1,7.0,3.1,6.9,33.3,26.0,15.8,23.0,9.9,13.1,30.0,38.0,1.0,5.1,14.1,12.9,22.4,20.2,4.0,8.0,3.0,5.1,9.1,9.9,2.0,15.2,21.0,2.0,15.0,24.8,32.0,19.2
1772938158.9487796,25.8,39.0,19.4,19.0,24.5,30.0,14.3,21.2,26.0,32.0,6.1,17.2,9.1,8.2,30.0,23.2,16.0,15.3,17.2,29.3,4.0,12.2,16.2,4.0,4.1,12.1,32.3,30.0,30.3,13.3,11.1,12.0,32.3,38.6,1.0,7.1,4.0,12.2,26.0,27.0,4.0,4.1,3.1,8.2,13.1,12.0,15.0,20.2,21.0,3.0,18.0,27.0,34.0,26.0
1772938159.9514594,37.4,25.0,17.3,23.0,26.7,29.6,29.0,20.4,21.2,25.3,20.0,1.0,11.1,20.8,13.3,25.3,17.2,20.8,27.0,24.0,5.0,22.0,18.0,7.1,8.0,5.0,27.3,35.6,20.2,13.0,12.1,12.0,35.0,34.0,3.0,3.1,12.2,16.2,27.6,32.0,5.1,6.9,7.0,9.0,12.1,12.4,14.9,36.4,9.1,10.2,24.8,16.3,24.2,23.0
1772938160.953498,30.6,30.7,23.8,14.1,34.3,26.7,30.0,21.0,10.0,17.0,4.0,17.3,11.0,11.0,21.0,31.7,17.0,13.1,19.0,25.0,3.0,21.8,8.0,11.9,10.0,4.1,30.3,22.2,23.0,3.0,12.0,12.9,32.7,35.4,1.0,2.0,9.1,14.1,34.7,40.4,5.1,2.0,3.0,7.9,11.9,13.0,16.2,6.9,7.0,15.2,21.0,19.8,25.0,17.0
1772938161.9545405,33.7,12.0,22.2,23.2,33.3,27.0,24.2,31.3,23.0,23.2,3.0,18.8,9.0,16.2,26.3,14.0,23.8,13.3,19.0,24.0,4.0,24.8,4.1,16.0,10.1,6.0,25.7,30.7,22.0,21.2,9.9,9.1,30.0,34.0,4.0,3.0,5.1,17.8,28.0,27.3,7.9,3.0,19.0,14.3,11.1,13.9,13.9,27.7,11.1,10.9,21.2,17.2,20.0,18.0
1772938162.9555247,25.0,22.2,19.6,21.6,29.3,35.0,35.0,28.0,17.3,33.3,2.0,20.4,7.3,14.4,20.2,30.3,10.2,11.1,23.5,33.7,6.1,23.0,17.8,8.1,9.0,8.2,28.3,36.4,26.0,20.0,11.1,11.0,37.0,37.0,4.1,2.0,11.1,9.2,38.4,41.0,4.1,5.2,14.1,14.3,11.1,10.2,14.0,31.6,6.1,14.3,21.0,24.0,21.2,18.2
1772938163.9556081,40.4,32.3,24.2,18.2,35.7,27.3,31.3,26.5,22.2,29.0,6.1,17.0,16.0,15.3,18.4,30.0,15.2,17.2,31.3,21.4,8.2,20.2,17.3,7.1,5.1,10.1,27.0,38.6,21.6,10.1,35.0,13.1,42.4,32.7,3.1,2.0,7.2,16.0,49.5,40.0,7.2,5.0,15.3,18.2,18.8,14.0,19.4,9.1,4.0,14.1,23.2,20.4,25.0,16.3
1772938164.9577155,27.6,29.0,18.6,21.8,30.7,32.4,20.2,32.7,25.3,32.7,20.2,2.0,7.1,10.0,16.2,28.0,13.0,23.5,29.7,20.4,16.8,8.0,15.0,5.1,5.1,8.0,18.2,23.5,27.2,24.0,9.0,9.9,35.0,33.0,1.0,4.0,15.2,12.1,35.4,46.0,3.1,6.1,17.0,16.0,11.1,12.9,17.0,2.0,1.0,6.1,19.0,15.8,23.0,17.8
1772938165.9596827,36.7,35.3,21.4,17.2,27.8,34.7,33.3,39.0,22.8,39.2,21.4,1.0,19.4,14.3,20.2,27.3,10.1,23.2,21.2,29.7,16.2,9.2,13.3,8.0,14.0,2.0,24.5,28.0,40.8,22.4,11.0,13.1,35.0,32.0,5.0,6.1,14.3,12.1,30.0,32.7,8.0,4.0,14.3,18.2,14.0,12.0,8.0,18.0,2.0,23.2,21.8,25.5,27.3,27.3
1772938166.962642,27.3,40.0,22.7,21.4,34.7,32.3,38.8,28.6,20.8,23.5,20.8,4.0,24.2,23.2,15.2,27.3,20.2,19.0,36.0,27.3,14.0,16.0,18.2,5.1,13.1,5.1,36.3,32.3,18.0,28.0,12.9,13.0,43.0,35.0,3.1,18.0,19.0,7.1,42.0,45.5,7.1,4.1,16.0,18.6,14.0,13.0,6.1,16.2,2.0,21.2,21.6,46.0,32.3,34.7
1772938167.9642305,37.0,26.3,23.2,20.0,26.3,38.2,28.3,27.0,26.7,19.2,18.2,1.0,16.2,7.1,28.7,25.3,23.5,14.1,27.0,17.2,4.1,20.2,18.2,7.0,14.1,7.1,32.0,34.0,22.8,8.1,12.0,10.1,35.6,31.0,3.1,4.0,18.2,10.1,46.9,48.5,3.0,8.1,17.0,17.8,15.8,12.1,14.1,11.0,2.0,21.2,26.7,22.2,27.0,34.0
1772938168.966232,45.5,14.0,20.4,25.3,28.0,35.0,25.5,28.0,23.0,23.0,12.1,12.9,15.0,11.1,23.2,13.0,16.2,20.0,26.3,30.7,10.0,4.0,9.1,17.2,11.1,6.0,30.0,31.0,25.7,10.1,11.0,11.1,44.1,30.7,5.0,2.0,16.0,10.2,33.7,34.7,4.0,6.1,14.0,13.1,13.0,11.0,7.1,15.8,2.0,21.0,24.8,19.6,20.8,24.8
1772938169.967932,41.4,25.0,21.4,15.2,30.6,31.6,24.8,30.6,20.4,26.3,1.0,17.3,6.1,15.2,11.1,20.6,15.0,20.4,21.2,20.0,6.1,13.1,14.0,13.9,5.1,3.1,33.0,26.3,18.2,22.0,12.0,12.0,33.3,27.3,2.0,3.0,8.2,11.1,29.3,31.0,9.0,4.0,14.3,17.2,14.0,16.0,8.0,11.2,3.1,19.0,21.2,20.4,22.0,23.2
1772938170.9686894,32.7,32.3,18.4,19.2,27.3,34.7,25.5,14.1,22.2,21.0,3.0,21.0,16.0,8.2,16.3,11.1,20.4,16.2,31.3,29.9,22.2,5.1,12.1,10.1,13.0,4.0,28.3,32.7,13.1,30.0,12.1,10.9,43.0,25.0,3.1,2.0,18.2,15.3,44.0,50.0,4.1,6.1,13.3,15.0,13.1,12.1,16.2,1.0,8.1,12.1,16.2,21.0,19.6,37.0
1772938171.9705114,45.1,34.3,24.0,27.7,35.4,33.3,21.8,30.0,19.0,14.0,1.0,22.0,12.0,11.0,12.9,22.2,19.8,20.0,21.2,23.0,22.0,5.1,10.1,12.1,12.1,8.2,32.0,29.6,6.0,22.0,12.0,13.1,37.0,40.0,7.0,2.0,14.1,4.0,38.0,44.1,4.0,7.1,20.0,14.3,10.1,14.7,18.8,3.0,7.1,14.3,21.0,23.0,35.3,31.0
1772938172.9705956,35.4,27.6,17.3,21.4,34.3,24.0,26.5,27.3,15.5,17.3,2.0,16.2,13.3,12.1,19.0,21.4,22.2,11.0,20.2,23.7,20.8,4.1,4.0,14.1,4.1,10.1,26.3,31.1,5.1,25.3,12.0,12.0,31.3,35.4,2.0,2.0,10.0,10.2,31.7,22.4,5.1,5.1,14.1,13.3,10.1,7.1,14.1,3.0,10.1,10.2,18.2,21.8,33.0,21.4
1772938173.9706817,25.5,37.6,20.2,19.2,33.3,32.0,31.3,31.3,27.3,26.3,11.2,15.0,10.3,15.3,25.5,26.0,16.2,5.1,29.6,22.0,16.3,17.8,12.0,15.2,9.1,11.1,27.3,36.7,17.0,28.7,11.0,12.0,32.0,38.6,4.0,3.1,15.3,6.1,39.8,33.0,5.0,8.1,13.4,19.2,15.0,16.0,18.2,9.3,18.0,7.0,21.2,27.3,38.4,26.0
1772938174.974403,22.2,27.0,18.4,26.7,33.7,22.2,28.0,32.7,30.3,22.2,19.4,5.0,20.8,12.9,25.5,26.0,17.8,21.0,29.6,26.5,8.0,23.0,15.2,10.1,11.9,4.0,33.3,31.7,22.0,20.2,12.1,10.1,38.0,41.0,3.0,4.0,20.2,16.3,51.5,45.5,7.1,4.0,13.0,15.2,10.0,12.9,5.0,21.0,13.3,3.0,24.8,19.0,35.0,28.3
1772938175.97985,29.9,40.6,26.0,24.0,21.6,16.8,31.0,21.8,33.7,15.0,18.8,1.0,8.0,15.2,29.7,14.0,26.0,9.0,28.7,26.0,8.1,17.0,4.0,13.0,5.1,9.0,20.0,33.3,21.0,4.0,11.8,11.8,29.4,39.8,1.0,2.0,4.0,13.9,38.0,38.8,6.1,1.0,18.0,13.9,14.7,16.7,9.9,9.0,11.0,14.1,16.0,23.8,21.0,29.0
1772938176.9800467,28.3,37.0,22.9,15.0,17.5,29.0,29.3,28.9,37.4,30.6,14.1,12.1,17.0,14.4,28.6,23.5,38.4,15.3,26.3,20.6,10.0,18.2,11.1,16.0,3.1,11.1,24.2,28.7,14.0,27.0,12.1,12.2,44.4,30.6,3.0,3.1,20.2,7.2,21.2,25.7,5.1,7.1,20.0,16.2,10.2,9.3,15.2,8.1,9.0,21.2,25.3,17.2,28.7,33.3
1772938177.9807014,45.9,27.7,18.6,20.0,27.3,25.3,27.3,34.3,37.0,16.0,3.0,19.2,14.1,13.0,14.0,31.3,25.7,15.0,34.0,22.0,17.2,9.2,12.1,13.1,3.1,11.0,33.0,33.3,13.3,30.3,12.1,12.9,34.3,39.2,3.0,3.0,5.1,19.8,35.0,27.6,6.1,6.1,8.1,6.1,16.2,17.0,1.0,15.8,12.2,22.8,15.2,24.2,30.3,30.6
1772938178.982986,30.0,26.3,26.3,22.2,33.0,32.7,32.7,28.6,22.2,26.5,2.0,21.0,14.3,15.3,23.8,31.4,23.8,15.2,27.0,29.0,11.0,17.2,11.0,13.0,7.9,10.2,27.5,34.7,21.8,14.0,12.0,11.0,34.0,42.0,4.1,2.0,16.2,15.0,41.8,29.3,6.2,6.1,3.0,14.0,5.0,7.1,17.8,6.1,4.0,21.4,20.0,23.8,27.0,36.0
1772938179.9830704,40.8,30.0,18.4,17.3,28.3,31.3,22.9,25.3,15.3,25.0,3.1,20.0,13.3,12.0,24.5,20.4,14.1,22.2,19.6,25.5,21.2,6.1,6.0,15.2,6.1,11.0,31.3,26.7,20.2,4.1,9.1,13.0,31.3,27.3,2.0,4.0,11.2,9.1,31.3,36.7,3.0,6.1,3.1,5.2,19.0,20.0,12.1,4.0,16.0,7.1,22.0,18.2,21.0,21.2
1772938180.9836502,30.3,24.2,20.2,26.3,27.6,39.4,25.0,35.4,22.4,24.2,8.1,20.0,8.1,11.2,31.0,17.0,14.1,22.4,22.0,24.8,6.1,6.1,4.1,17.2,9.2,6.1,34.7,29.0,28.0,11.0,9.0,12.1,36.0,36.6,3.0,4.0,14.9,4.1,30.1,35.6,2.0,7.1,4.0,11.2,6.0,7.1,10.1,8.2,20.2,2.0,22.0,19.2,20.2,28.3
1772938181.9847946,43.4,25.3,14.3,20.2,33.0,25.0,12.1,29.3,21.2,19.4,3.0,17.3,16.2,12.1,30.3,13.3,19.2,13.1,28.0,32.7,18.0,5.0,6.0,14.3,9.1,2.0,28.7,32.0,28.3,15.2,10.0,7.9,21.0,45.5,3.0,2.0,15.3,13.3,32.7,43.0,7.0,3.1,9.1,16.2,20.0,19.8,2.0,13.1,13.1,10.0,20.2,15.2,20.0,37.0
1772938182.9868157,35.7,21.8,17.5,26.0,39.4,26.0,14.3,26.5,27.0,16.0,5.0,18.6,9.0,12.0,29.3,21.0,17.3,18.8,26.3,22.0,21.2,4.1,9.0,13.0,5.1,4.0,36.4,24.2,24.8,27.0,10.9,11.1,25.3,32.3,4.0,6.1,8.2,12.0,44.4,43.4,3.0,6.1,12.1,20.2,7.0,9.0,6.0,15.0,3.0,17.3,19.8,24.0,16.2,35.4
1772938183.9889336,22.9,34.0,16.2,17.8,23.0,35.0,42.0,29.0,16.0,9.0,2.0,17.3,11.1,19.4,35.0,27.0,15.8,20.2,25.3,23.2,23.5,5.0,11.1,13.0,9.1,3.1,26.0,30.3,16.3,16.0,10.0,12.0,39.0,26.0,5.1,6.1,7.1,14.9,31.3,35.0,4.0,6.1,13.0,14.1,15.0,15.0,10.0,7.0,10.1,11.1,22.0,16.3,22.0,35.0
1772938184.9890332,20.8,21.0,20.4,16.3,26.0,36.0,23.0,39.6,19.2,18.0,3.0,14.1,21.2,17.2,29.0,18.0,10.1,25.7,17.0,15.2,22.8,8.1,11.2,9.0,7.1,9.9,27.0,29.7,18.8,22.0,8.9,11.1,32.0,31.0,8.0,6.0,5.0,12.2,32.3,31.3,7.0,5.1,15.2,17.0,11.1,11.1,5.1,14.0,12.1,12.0,24.0,15.2,19.4,32.7
1772938185.991185,19.6,24.2,21.4,22.8,25.3,33.0,25.3,22.2,21.0,24.2,10.1,14.0,15.2,15.2,30.0,15.3,8.1,10.1,28.3,22.0,13.1,15.0,10.1,9.1,8.0,8.1,30.7,33.0,13.1,26.3,11.0,13.1,34.0,33.3,4.2,3.0,15.2,17.0,35.0,33.0,6.1,5.0,13.1,15.3,9.1,7.1,6.1,11.2,1.0,19.4,21.2,16.8,28.0,31.6
1772938186.9915662,35.4,35.6,23.5,19.2,36.4,23.5,27.0,33.3,22.0,26.5,20.2,5.1,15.2,10.2,32.3,21.0,11.1,23.2,37.0,29.6,16.2,10.1,11.1,12.2,5.1,12.1,29.3,26.5,24.2,9.1,10.1,12.0,40.6,39.0,4.1,1.0,10.3,8.2,40.4,49.0,6.1,5.1,15.2,16.3,17.2,18.0,15.3,10.1,2.1,3.1,21.8,24.8,34.7,27.0
1772938187.9933,40.0,14.0,25.3,17.0,31.6,27.5,25.0,31.4,24.0,21.8,19.8,8.9,17.8,9.0,29.3,18.0,21.0,13.0,23.2,17.0,3.0,3.0,10.9,9.9,7.0,6.1,33.7,33.3,21.8,6.0,12.9,11.0,31.3,36.0,2.0,6.1,13.1,13.0,31.7,38.0,4.0,9.0,12.2,13.0,13.0,10.9,7.9,13.1,1.0,20.0,17.0,22.2,29.0,25.0
1772938188.9951181,37.0,37.0,22.0,16.2,35.0,24.7,24.2,30.3,27.0,23.2,21.4,6.1,13.1,6.1,11.2,25.5,28.0,11.1,31.3,32.0,4.0,5.1,17.2,5.1,3.1,11.2,17.3,29.0,23.5,21.2,14.0,11.0,33.0,39.2,3.1,1.0,16.0,9.3,31.3,40.4,3.1,7.1,17.3,15.0,13.0,15.0,2.0,19.8,0.0,23.2,13.0,27.5,32.0,28.0
1772938189.995743,30.6,37.0,16.3,37.4,34.0,36.0,28.6,36.0,26.5,28.3,20.2,7.1,19.4,19.2,15.2,21.2,26.0,21.2,25.0,28.6,5.2,8.2,6.1,20.2,12.4,14.0,29.6,28.3,28.3,16.0,13.1,13.0,42.4,35.4,4.0,3.1,14.1,15.0,44.4,44.6,8.1,7.1,16.2,13.3,11.2,13.1,15.3,10.2,12.0,22.2,24.5,23.2,34.3,34.7
1772938190.9960673,40.4,31.6,22.4,18.0,34.3,30.0,26.3,29.3,23.2,12.4,22.0,3.1,8.2,15.0,21.0,10.9,19.2,25.5,22.4,28.0,6.9,5.0,6.0,15.2,6.1,8.2,32.3,34.0,22.0,4.1,11.0,11.1,36.4,35.0,3.0,2.0,15.3,9.9,44.6,44.0,3.1,5.1,14.1,17.0,15.8,15.8,21.8,2.0,4.0,22.0,23.0,16.3,17.0,35.0
1772938191.9971254,36.6,36.0,24.5,19.2,35.4,34.0,24.7,31.3,17.2,18.8,20.2,4.1,13.1,14.1,15.3,18.6,12.2,28.0,25.0,28.3,4.0,6.1,11.2,14.0,14.1,12.0,36.6,32.3,22.2,9.0,11.9,15.2,34.7,41.4,20.2,3.0,12.1,14.4,35.1,40.4,5.1,7.1,16.0,18.0,7.1,11.1,14.3,6.1,1.0,22.2,25.3,19.2,23.2,23.2
1772938192.9977088,33.7,28.7,18.0,24.0,29.3,31.0,32.3,25.0,8.2,16.3,20.2,2.0,10.2,18.2,13.1,33.0,15.2,18.2,17.3,30.0,20.8,8.2,11.2,11.2,5.1,10.2,31.6,28.3,20.0,24.2,11.1,10.0,29.3,42.4,14.3,7.1,11.2,13.1,31.7,35.4,8.1,7.1,15.3,16.2,17.8,16.8,17.0,7.9,11.0,9.2,13.3,25.7,25.0,22.4
1772938193.9977882,31.6,27.0,19.8,19.0,31.3,33.3,19.2,29.6,9.9,16.3,3.0,18.0,13.0,5.1,21.0,26.5,20.0,15.3,28.0,29.3,9.2,16.0,6.9,16.0,6.1,11.1,29.0,24.5,14.0,28.3,10.1,12.0,39.0,27.3,13.0,3.0,13.1,4.0,41.4,44.0,5.9,5.1,16.2,13.3,9.1,6.1,8.2,9.2,3.1,3.0,19.8,21.2,25.0,37.6
1772938194.9978683,28.1,32.3,29.0,10.2,18.6,29.0,19.2,19.2,15.3,20.4,12.4,7.1,13.3,13.1,15.5,28.3,18.4,16.7,18.4,16.0,15.2,13.1,13.3,8.2,6.1,10.2,28.0,29.6,12.2,15.8,12.0,11.9,33.0,34.3,13.3,4.0,16.0,8.2,40.8,33.7,6.1,5.1,16.0,14.0,18.0,16.0,8.1,12.0,2.0,3.0,24.2,18.0,28.0,34.3
1772938195.9996724,38.0,26.5,22.4,14.3,23.0,24.2,31.0,17.2,30.0,32.0,19.8,6.1,11.2,11.1,22.0,28.0,12.1,22.8,30.7,29.3,15.8,5.1,5.9,18.6,9.2,6.9,30.3,30.0,25.5,10.1,10.1,9.1,34.3,39.0,33.0,1.0,16.3,13.4,28.3,24.2,4.0,10.1,15.3,16.3,8.1,10.1,4.0,13.3,3.1,2.1,16.8,27.7,22.2,37.4
1772938196.9997432,38.0,23.7,28.0,18.2,25.3,18.2,32.0,30.7,23.5,27.0,18.0,3.1,14.0,14.1,14.3,32.3,8.0,11.3,27.0,18.2,8.2,5.0,8.1,18.2,15.8,12.2,25.0,19.0,32.0,13.1,10.9,9.2,40.0,34.3,25.0,2.0,8.1,18.0,24.8,25.0,6.1,8.2,13.0,14.1,17.6,16.8,3.0,21.8,3.0,4.0,19.2,24.7,21.2,39.0
1772938198.000421,25.5,21.6,22.0,15.2,23.8,18.0,31.0,30.6,20.2,30.0,20.4,2.0,24.2,13.0,25.3,30.0,18.2,16.0,23.5,21.2,23.0,4.1,6.1,19.2,8.1,9.1,30.0,15.2,32.3,16.2,14.1,10.9,27.3,40.0,7.1,3.0,13.1,5.1,38.4,31.7,5.2,9.9,13.3,7.0,5.1,8.2,9.0,11.1,1.0,8.0,21.0,22.8,25.7,34.0
1772938199.005562,34.0,30.3,20.2,19.0,37.1,33.3,35.4,29.0,22.0,28.0,20.8,3.0,25.3,12.1,15.3,29.6,25.5,19.8,26.0,23.2,22.0,7.1,19.0,6.1,6.1,6.1,23.0,21.2,21.0,5.0,10.0,14.0,39.0,38.6,5.1,5.1,19.0,21.8,33.3,44.9,6.0,6.1,5.1,6.0,22.0,20.2,4.1,17.2,8.0,16.3,18.0,25.3,28.0,25.5
1772938200.0071294,25.8,39.6,24.8,12.2,37.4,20.8,34.0,22.4,15.2,13.3,9.1,12.0,10.0,14.1,31.7,17.0,24.0,10.2,35.0,23.0,21.0,8.0,8.0,16.0,11.1,7.0,24.0,24.0,16.0,26.0,11.0,13.9,29.0,36.0,4.1,5.0,16.3,11.1,32.7,32.0,7.1,5.1,7.1,11.2,4.1,5.0,8.1,12.1,11.2,11.1,25.3,17.0,17.8,21.2
1772938201.0098557,25.3,33.0,25.3,16.0,36.4,24.2,26.5,31.0,23.2,21.0,3.0,18.2,12.1,12.2,33.7,15.2,22.5,14.9,33.7,29.3,21.8,3.0,7.2,16.0,11.0,6.0,26.0,24.8,15.3,30.3,10.0,11.1,32.0,38.6,3.0,6.1,13.0,3.1,38.6,42.6,3.0,7.0,7.0,3.0,23.0,21.8,7.0,19.0,17.0,7.0,15.8,24.0,14.3,19.2
1772938202.0132384,37.0,27.7,21.8,13.1,27.0,34.7,18.2,32.0,28.4,15.2,1.0,19.8,10.1,11.9,14.1,31.7,24.2,13.0,9.1,9.1,20.2,5.0,6.0,14.1,9.2,2.0,29.0,29.0,7.1,33.7,12.9,10.0,32.0,33.3,4.0,1.0,15.2,7.0,42.4,45.0,6.9,8.0,18.2,17.0,6.0,5.0,18.0,6.0,10.1,1.0,15.0,23.2,19.6,19.0
1772938203.0178578,32.7,19.8,19.6,17.8,21.0,34.0,35.0,33.0,18.2,20.2,2.0,17.2,18.4,21.4,24.0,20.2,15.0,17.0,25.0,25.7,21.8,3.1,7.0,12.0,5.9,5.0,33.0,25.5,20.8,11.1,8.1,10.9,25.3,30.0,5.1,2.0,18.0,8.2,38.4,36.4,4.1,3.0,12.9,12.1,21.0,18.8,9.1,9.2,2.0,5.1,12.0,26.7,15.3,10.1
1772938204.0206652,31.6,43.0,27.3,13.3,35.4,28.7,37.8,29.6,22.0,30.0,14.1,9.1,11.1,18.2,27.3,21.2,13.1,24.2,31.3,36.0,16.0,13.0,6.9,18.2,4.0,14.1,31.3,30.4,17.2,28.0,11.9,14.9,38.6,34.0,2.0,4.0,19.0,22.8,31.7,31.0,4.0,6.2,19.2,14.1,6.9,6.1,18.0,5.0,3.0,21.4,21.2,18.0,28.3,32.3
1772938205.0207646,27.1,27.7,20.0,16.5,32.0,32.7,28.0,32.3,26.5,20.2,22.0,3.0,11.2,16.2,30.3,22.4,19.4,21.2,27.3,21.4,14.3,11.0,13.0,10.2,8.2,11.1,28.0,24.0,13.1,30.3,10.1,9.1,33.7,37.4,3.1,3.1,6.1,13.1,42.4,38.8,4.0,10.0,15.2,13.0,18.0,13.1,13.3,6.1,2.0,22.0,17.2,23.2,29.0,31.3
1772938206.0221202,27.3,40.4,20.2,25.5,35.1,25.3,21.2,20.0,30.0,17.0,20.2,2.0,13.0,7.0,15.3,30.0,23.0,19.0,14.0,16.2,15.0,14.3,3.1,16.7,8.0,7.1,25.7,20.2,8.1,20.2,10.9,10.1,36.6,30.7,3.0,3.0,8.2,14.1,40.0,40.0,6.1,6.1,13.0,20.2,10.2,11.0,16.0,3.0,9.2,16.2,19.8,23.0,30.7,29.6
1772938207.0229728,35.1,27.0,17.2,24.2,32.0,31.3,21.0,16.0,27.3,22.2,8.1,13.0,11.0,14.3,16.0,30.3,16.0,22.2,20.2,26.7,9.2,18.0,10.9,13.1,9.1,9.9,31.3,29.3,13.0,11.0,11.0,11.1,34.3,36.0,4.0,2.0,15.0,13.1,41.0,40.0,5.1,6.1,14.0,14.3,14.9,12.0,21.4,3.1,4.1,22.2,24.2,16.2,29.3,29.0
1772938208.02394,32.3,29.3,21.2,26.0,32.7,29.0,27.0,35.4,26.7,21.4,3.0,19.4,18.0,12.1,32.3,19.0,14.1,24.8,40.0,40.8,5.1,18.2,20.2,5.1,6.1,10.2,32.3,36.0,18.0,24.2,12.0,13.0,40.0,31.0,9.0,4.0,14.0,15.2,32.3,34.0,7.9,3.1,14.1,20.0,14.0,11.9,18.2,0.0,0.0,22.2,19.2,25.0,25.5,22.2
1772938209.0244327,32.3,22.8,24.2,22.4,37.4,30.0,28.6,32.7,23.5,27.3,1.0,18.2,9.2,16.3,21.0,19.4,13.3,13.0,18.2,28.3,6.2,6.1,6.2,16.3,9.0,8.2,30.7,35.4,15.2,30.3,12.2,11.1,41.4,36.4,4.1,5.2,13.0,9.1,50.0,45.5,6.1,7.2,20.4,14.1,18.2,16.2,18.2,3.1,14.1,9.3,21.2,23.5,24.0,33.0
1772938210.0283256,23.5,36.0,18.6,14.9,32.3,24.2,28.3,20.8,22.2,19.4,13.1,12.9,19.0,8.1,15.3,6.1,11.0,19.0,21.0,12.0,21.8,5.1,9.9,13.0,8.2,4.0,29.3,30.0,6.0,24.8,10.9,8.9,33.0,28.0,6.1,2.0,11.1,12.1,46.0,37.0,5.1,6.0,13.0,13.3,8.0,10.0,17.8,2.0,11.1,10.1,14.0,25.5,23.0,32.0
1772938211.0297153,30.2,36.6,26.5,19.4,33.0,36.0,28.0,27.3,24.8,23.5,21.0,4.1,9.0,13.1,25.3,9.0,14.0,22.0,22.0,30.3,23.0,7.1,10.1,14.0,11.1,7.9,31.0,32.0,5.9,17.2,12.1,11.0,37.6,35.4,2.0,4.0,13.1,13.3,30.3,32.3,9.2,2.0,13.3,18.8,12.1,16.2,18.0,4.0,5.0,18.0,27.7,17.0,19.2,36.4
1772938212.0329282,34.3,31.4,20.2,23.0,31.3,36.0,33.0,27.0,18.6,17.2,8.2,11.9,12.1,21.0,22.0,10.2,16.2,25.3,40.6,36.4,23.8,6.1,21.2,5.1,7.1,13.3,35.6,33.0,31.0,15.8,13.0,16.0,34.7,39.0,3.0,4.0,6.0,20.2,42.2,31.3,6.1,7.1,12.0,16.3,13.1,13.1,18.4,3.0,9.2,13.1,21.8,19.2,23.2,39.6
1772938213.0337253,48.5,23.0,22.2,17.2,28.6,33.3,28.3,21.4,20.4,19.0,21.2,1.0,15.0,5.1,34.3,16.2,11.2,27.7,23.7,15.2,21.2,4.0,14.9,8.0,9.1,5.1,28.3,33.0,30.7,13.1,7.1,9.1,31.6,40.0,1.0,3.1,5.1,11.2,46.5,41.0,7.0,4.0,14.1,20.2,13.9,12.7,6.9,13.3,13.0,8.2,16.2,27.0,25.0,31.3
1772938214.0357947,36.4,23.2,20.2,16.0,29.6,31.0,25.3,29.7,36.4,25.7,19.0,2.0,11.2,15.2,26.5,17.0,11.1,24.8,19.2,12.1,23.8,5.0,15.0,6.0,6.9,6.0,33.0,25.3,7.1,20.2,12.1,11.0,31.7,33.0,2.0,4.0,20.0,13.0,42.4,36.4,1.0,8.1,12.1,13.3,14.0,13.1,15.2,2.0,15.3,3.0,22.2,17.2,29.7,24.2
1772938215.0381923,34.0,33.0,27.6,20.2,21.4,26.7,34.3,27.7,35.0,28.6,22.0,2.0,14.0,12.2,30.7,21.4,22.0,18.0,31.3,32.0,12.4,12.2,16.2,8.2,8.1,7.1,29.0,33.3,5.1,28.4,11.0,13.9,35.4,38.2,3.1,4.0,18.0,5.1,24.8,20.2,5.1,5.1,17.0,16.2,11.1,12.0,22.0,5.0,3.0,3.1,23.0,22.2,34.3,29.7
1772938216.0391457,34.7,27.3,23.2,21.6,21.2,25.3,31.6,23.5,20.0,31.0,19.2,12.1,15.5,13.1,20.2,24.0,15.3,26.3,29.6,33.0,13.1,20.0,9.1,15.8,5.2,13.1,28.3,35.0,20.2,27.3,11.9,10.2,36.6,32.7,10.0,3.1,15.5,11.2,33.0,35.4,10.8,4.1,14.1,13.1,16.2,14.0,11.2,10.1,14.0,12.1,26.3,16.2,27.0,23.2
1772938217.0436947,36.4,39.6,12.1,24.2,26.0,23.2,28.3,27.3,28.0,19.2,20.8,37.4,16.8,12.2,16.2,37.0,21.0,17.2,23.2,18.2,15.2,13.9,9.0,13.0,7.1,9.0,33.3,28.0,14.0,28.0,11.1,11.8,33.3,37.6,4.1,1.0,16.3,7.1,32.3,35.6,4.0,8.0,14.3,18.6,15.0,11.1,10.1,10.0,21.0,2.0,23.0,17.2,18.2,25.0
1772938218.0444164,24.0,28.4,18.4,16.2,21.2,28.7,24.0,25.0,27.3,15.0,16.2,21.0,4.1,14.1,16.2,30.0,17.0,25.0,17.0,16.8,15.8,8.1,15.2,4.1,7.0,7.0,25.7,17.0,4.1,19.0,10.8,7.1,35.6,33.0,3.0,2.0,10.1,17.0,35.4,32.3,8.0,4.0,7.9,15.2,12.9,13.9,13.1,5.1,20.2,3.0,23.0,18.8,16.2,10.1
1772938219.0472212,36.6,29.7,27.6,18.2,35.4,30.3,26.0,15.0,22.0,25.0,12.0,15.0,13.3,13.1,15.8,29.0,24.5,13.7,39.0,31.0,12.0,6.1,4.0,15.0,9.2,6.0,22.0,26.3,9.1,21.2,13.3,9.8,27.0,40.6,3.0,3.0,3.0,17.2,35.3,28.7,6.1,5.0,5.1,3.0,13.0,11.0,30.0,20.2,21.8,2.0,22.8,21.0,21.0,19.0
1772938220.0473132,26.0,29.6,23.2,14.3,32.7,28.6,25.8,27.6,22.4,19.4,2.1,17.0,11.2,7.1,21.6,26.3,8.2,7.1,32.0,23.5,9.2,4.1,7.1,15.2,9.1,8.1,32.3,29.0,12.2,38.6,12.2,10.2,35.4,36.4,2.0,1.0,12.0,8.2,37.8,42.4,5.1,6.1,5.1,10.2,13.3,19.2,35.4,21.0,20.4,8.2,19.2,22.2,32.0,32.0
1772938221.0494633,29.0,14.0,21.4,19.2,33.0,30.3,25.0,31.0,25.3,18.2,9.1,15.3,14.0,20.0,19.0,23.2,16.2,16.0,21.4,21.0,8.1,20.0,9.0,14.1,11.1,7.1,28.7,28.3,38.0,20.2,11.1,9.1,29.7,33.3,5.1,2.0,10.1,15.8,45.5,44.9,7.1,5.0,5.1,3.1,9.2,12.0,30.3,15.0,10.0,12.0,17.0,22.2,28.3,32.0
1772938222.0495527,43.4,23.8,18.2,26.0,37.0,28.7,43.3,36.0,27.3,16.3,18.2,15.0,21.4,16.3,30.0,20.2,17.2,17.3,21.8,24.5,5.0,23.8,5.1,16.8,11.0,11.0,28.6,31.0,11.1,17.0,12.0,11.0,29.0,41.0,4.0,3.0,11.3,9.2,34.3,33.3,7.1,5.2,20.2,17.3,19.8,17.0,24.2,13.1,5.1,16.2,17.2,19.4,30.3,31.3
1772938223.051341,43.4,12.1,22.2,18.2,38.8,26.7,31.0,28.6,18.2,11.1,20.4,37.0,13.1,13.0,27.6,15.2,10.1,26.0,22.4,19.2,4.1,24.0,9.1,12.1,5.1,12.2,29.0,31.3,28.0,9.1,12.9,13.9,36.6,35.6,6.0,9.0,13.1,9.0,35.0,33.3,6.1,8.1,12.1,13.3,6.0,3.1,1.0,15.2,11.0,12.1,22.0,23.8,32.0,24.0
1772938224.0535214,40.4,34.0,21.2,19.0,39.2,25.5,22.2,33.7,13.0,23.0,18.0,21.2,7.1,11.9,33.0,20.8,18.0,19.0,29.0,26.3,13.1,14.3,6.0,18.4,6.1,13.7,37.4,25.0,20.8,25.0,13.7,12.0,31.0,36.0,1.0,8.1,5.1,15.2,38.6,43.6,7.1,5.0,15.2,19.8,21.0,20.8,6.1,24.2,8.1,15.2,16.0,27.0,22.8,20.2
1772938225.0573654,20.6,34.0,19.4,17.3,33.0,29.0,31.3,28.0,21.2,31.3,21.2,2.0,17.0,11.1,31.0,15.0,21.8,16.0,29.3,16.2,19.0,8.9,7.0,20.8,5.9,10.3,33.3,29.7,11.0,22.0,9.1,13.0,34.7,31.7,5.1,3.0,16.3,17.3,44.0,40.8,37.0,5.2,11.1,15.2,6.1,3.0,17.0,11.1,3.0,13.1,21.8,22.4,29.0,28.0
1772938226.0582063,28.9,38.0,25.0,21.8,25.3,32.7,25.3,25.0,23.8,22.0,5.1,13.0,14.0,5.9,28.0,19.4,17.2,20.2,30.0,20.2,9.1,5.1,5.1,17.8,4.1,5.0,28.0,31.0,4.1,16.8,12.0,11.1,34.3,28.7,5.0,1.0,9.1,10.1,36.4,35.4,10.0,21.0,17.0,16.0,21.0,17.2,19.6,6.1,6.1,4.0,14.9,24.0,23.2,36.6
1772938227.058993,23.7,33.0,17.0,21.0,31.3,29.3,31.6,25.3,24.5,21.2,2.0,20.4,11.3,14.3,30.6,15.3,18.6,16.2,26.3,21.2,7.0,6.1,6.1,16.2,5.2,12.1,34.0,25.3,24.0,16.2,12.1,11.9,35.4,35.7,2.1,2.0,5.1,19.4,34.3,37.4,3.1,11.1,15.2,13.3,13.0,7.1,15.3,5.1,44.0,8.2,20.2,20.2,29.3,35.4
1772938228.059073,44.1,34.0,22.1,16.2,30.6,36.0,29.7,32.3,23.2,30.7,3.1,22.5,12.2,12.1,35.0,19.0,19.0,25.3,27.3,26.0,5.1,4.1,17.2,11.1,8.0,12.1,28.0,37.0,32.0,16.0,12.1,9.2,39.6,35.6,4.0,2.1,10.2,19.2,46.5,45.5,6.9,6.1,15.2,18.2,19.0,20.2,7.1,15.2,20.4,2.0,23.0,22.2,23.5,40.4
1772938229.0642672,25.3,34.7,29.0,22.2,32.3,33.0,22.2,33.3,20.4,28.3,3.0,19.2,19.0,11.1,15.7,21.2,18.2,21.0,28.3,37.0,4.1,7.1,13.3,9.2,12.1,7.1,28.0,32.3,26.0,9.1,12.9,11.9,43.1,32.7,1.0,4.0,13.1,11.0,40.0,39.0,5.1,6.0,17.0,16.2,8.2,5.9,5.1,15.8,22.2,3.0,20.2,25.7,28.7,31.0
1772938230.0653179,45.0,27.3,16.2,19.2,34.3,30.3,17.2,25.7,20.6,21.4,2.1,20.0,12.4,8.1,5.2,18.4,12.1,18.2,24.2,20.2,6.0,4.0,16.8,8.0,7.0,11.1,18.2,25.7,16.2,7.1,10.2,10.0,35.4,34.3,3.0,4.0,14.1,9.1,38.6,34.3,5.1,5.1,12.1,13.1,16.0,17.2,20.0,2.0,21.0,2.0,19.0,26.3,30.0,26.0
1772938231.0661728,20.6,33.3,24.2,15.2,31.3,26.7,16.3,24.2,24.2,36.4,2.0,16.2,14.0,15.0,10.0,21.0,9.2,7.1,16.0,27.0,16.2,2.0,15.2,6.1,7.1,6.0,37.0,29.0,19.2,25.0,11.9,8.1,35.4,40.0,3.1,1.0,7.1,10.2,42.4,35.4,5.1,4.1,15.2,18.2,8.9,8.0,14.0,2.0,19.8,2.0,16.2,21.0,28.3,26.3
1772938232.068449,27.3,14.9,20.2,15.0,32.0,36.7,26.5,31.0,23.2,37.3,5.1,21.0,7.1,8.2,7.1,16.3,10.1,24.2,23.2,17.3,21.8,5.1,15.0,5.1,7.1,3.1,33.3,24.2,29.7,14.0,12.1,12.1,29.0,36.0,2.0,3.0,15.2,14.1,32.0,41.6,6.1,4.0,13.3,14.1,11.0,12.1,14.0,6.1,7.1,10.0,18.0,24.0,28.7,29.3
1772938233.0706832,28.9,29.4,18.4,22.2,26.5,34.7,35.7,22.2,21.2,24.2,13.1,6.1,13.1,13.9,27.3,22.8,16.2,22.8,32.3,35.6,16.0,10.1,15.0,5.0,6.0,4.0,32.0,26.0,17.0,8.2,11.0,10.9,32.4,32.0,2.0,3.0,14.1,8.0,37.0,30.7,6.1,5.0,19.8,12.2,13.1,13.0,10.0,10.1,4.0,2.0,15.0,21.2,32.0,28.0
1772938234.072734,42.6,20.4,23.0,16.2,32.0,18.4,31.3,29.0,20.0,23.2,23.2,2.0,10.2,10.1,28.3,14.1,5.1,32.0,13.3,26.5,12.2,14.1,16.3,7.1,6.0,12.1,32.0,31.3,20.0,13.1,13.0,13.0,30.3,33.0,2.0,3.1,17.2,12.1,23.7,26.5,7.1,3.1,11.2,15.8,12.0,8.1,2.0,19.0,2.0,5.0,21.4,17.0,35.4,28.0
1772938235.0741274,29.3,40.2,20.2,21.0,26.3,20.0,29.7,25.5,16.0,25.0,20.2,2.0,12.2,14.0,34.7,15.2,15.8,24.8,18.8,18.0,6.1,19.2,10.1,13.0,11.1,10.1,35.0,30.3,20.0,23.0,12.0,10.9,44.6,31.7,3.0,2.1,13.1,4.0,33.7,30.6,8.0,6.9,21.0,11.3,18.0,17.8,18.0,3.1,8.0,2.1,23.8,17.2,20.4,26.0
1772938236.0822458,35.1,25.0,23.7,24.0,27.7,20.2,36.0,24.5,17.0,17.2,17.2,3.0,10.8,11.2,32.7,12.0,24.8,9.0,30.0,28.0,4.1,26.7,14.9,7.0,11.1,5.9,30.0,29.7,28.7,13.9,12.7,11.0,35.0,34.7,2.0,4.0,14.0,19.0,26.7,30.0,5.0,5.1,14.1,14.0,9.9,8.0,14.0,6.1,1.0,4.0,17.8,24.2,28.4,24.2
1772938237.0825074,35.4,27.0,18.8,15.2,19.4,21.0,27.8,22.7,12.2,29.3,18.8,6.1,7.1,20.0,24.0,26.0,25.0,11.1,28.7,24.5,6.1,19.2,13.3,7.1,8.2,6.1,24.0,31.3,15.5,16.5,10.9,12.0,25.3,35.0,1.0,2.0,7.1,6.2,33.0,35.6,6.1,6.1,18.2,13.1,16.0,17.0,18.2,3.0,5.9,11.0,19.2,14.0,23.2,32.7
1772938238.0829904,29.3,30.3,19.4,20.0,33.3,27.3,29.3,35.4,30.3,18.2,19.0,3.0,14.3,22.2,33.7,19.2,22.4,13.1,21.0,29.7,7.0,22.0,8.0,17.8,11.1,8.0,30.3,33.0,14.0,34.7,16.3,13.0,37.6,34.3,3.1,2.0,12.1,11.2,45.5,43.9,8.0,5.1,12.1,11.1,7.1,10.1,16.2,4.0,1.0,21.4,22.2,22.4,26.3,36.4
1772938239.0839431,36.0,18.8,21.8,16.2,22.2,35.4,28.0,28.3,20.8,23.0,19.2,5.0,12.1,13.3,30.6,13.1,17.2,16.8,16.2,15.2,4.0,21.8,10.1,8.0,5.1,4.0,27.7,34.0,17.0,31.7,9.9,9.9,33.0,33.3,4.0,4.0,5.1,24.0,32.0,33.0,6.1,4.1,5.0,5.1,19.0,17.8,7.9,15.2,7.1,16.0,22.0,19.0,26.0,29.7
1772938240.0866563,41.8,20.2,21.9,24.0,33.0,31.0,28.6,26.0,26.3,22.2,17.2,1.0,20.0,25.3,32.0,19.0,22.0,15.0,34.3,36.6,6.0,21.2,7.0,17.0,9.1,9.2,22.4,38.0,29.3,21.4,12.0,11.1,31.0,33.7,3.0,3.0,7.1,14.1,35.4,44.4,6.1,5.0,11.2,5.1,6.1,7.1,5.1,16.0,10.0,12.4,25.3,16.2,37.6,21.4
1772938241.0894694,41.6,28.0,18.2,24.0,31.3,31.7,34.7,33.7,30.0,17.0,9.0,16.0,24.8,15.8,28.3,15.0,17.6,20.8,24.2,28.7,4.0,22.5,5.0,16.0,4.0,10.9,30.7,27.7,11.0,17.8,9.0,7.9,32.4,35.3,3.0,0.0,6.0,11.1,38.6,44.4,5.0,5.1,5.1,5.1,18.8,21.0,7.0,17.0,20.0,6.9,17.0,24.8,30.7,25.0
1772938242.096026,39.0,18.2,26.0,27.3,41.4,28.0,26.8,26.3,25.0,18.4,17.0,4.0,15.3,13.3,31.7,22.2,9.2,28.3,25.0,13.3,7.1,21.0,14.1,34.3,8.1,9.1,23.0,26.5,19.8,28.7,13.1,11.0,38.8,27.0,3.0,5.0,11.3,13.1,37.8,46.5,10.9,2.0,21.2,9.2,8.0,11.0,3.1,18.0,10.2,3.1,22.2,22.4,28.0,38.0
1772938243.0972567,21.6,23.0,22.7,21.0,31.0,32.7,31.0,29.0,27.6,17.3,20.2,3.1,13.1,9.9,27.6,15.3,10.2,7.1,23.2,17.0,8.2,19.2,14.1,18.2,11.1,6.0,21.4,26.7,13.3,30.7,12.0,12.0,42.6,26.3,2.0,7.1,13.1,14.1,28.3,30.0,5.1,6.1,12.2,14.1,14.0,14.9,26.3,11.1,7.1,8.2,24.5,18.0,20.2,33.3
1772938244.0982947,36.4,25.0,17.5,24.5,28.6,38.0,30.3,25.0,24.8,25.0,6.1,13.9,13.3,18.2,23.2,31.0,18.6,14.1,35.0,35.6,11.2,15.8,13.1,9.1,5.2,6.1,36.4,30.3,16.0,7.9,12.1,11.1,35.4,38.0,7.1,4.1,17.8,10.9,38.8,44.0,7.1,6.0,16.0,20.2,11.1,13.3,28.7,15.0,14.0,23.2,20.4,22.2,24.0,33.0
1772938245.101464,35.0,35.3,18.0,20.8,32.3,31.0,33.0,24.2,22.4,22.2,9.1,13.1,8.1,10.1,15.0,32.0,26.3,12.0,31.3,31.3,13.9,14.1,7.1,17.2,7.0,8.1,32.0,32.7,23.0,15.2,9.1,11.9,39.6,33.7,2.1,5.0,9.1,16.3,44.4,43.4,6.0,6.1,12.1,15.0,13.7,13.0,34.7,16.2,0.0,22.8,20.2,21.0,30.3,28.0
1772938246.1015298,26.5,32.0,15.6,20.2,33.0,30.3,32.7,20.0,19.0,24.2,17.2,3.1,15.2,10.2,20.4,28.3,24.0,13.3,11.1,9.3,7.1,21.8,8.1,17.3,3.1,8.1,27.3,33.3,17.2,31.0,13.0,10.3,30.3,40.0,3.0,4.0,17.3,12.0,37.6,38.4,6.1,5.1,12.2,19.2,9.2,11.0,23.5,11.0,3.0,20.4,18.0,23.0,33.3,24.2
1772938247.1067467,38.4,35.6,32.7,22.0,33.0,36.0,25.0,30.3,19.2,13.1,14.0,9.0,8.1,15.8,19.0,25.7,23.8,13.0,31.7,30.7,5.0,7.1,12.9,12.0,7.0,6.9,28.0,33.0,9.1,23.8,13.0,11.8,31.4,39.0,2.0,3.0,15.0,8.2,34.3,33.7,4.0,8.0,13.9,14.0,13.1,16.2,18.4,2.0,3.0,22.5,24.0,14.1,22.8,27.3
1772938248.1068304,30.7,26.3,11.3,14.3,25.3,30.0,34.0,19.0,12.2,23.0,5.0,16.2,10.1,16.3,18.4,31.0,24.0,12.0,27.6,27.6,5.1,11.1,13.4,9.9,4.1,8.2,30.7,27.6,9.1,15.2,11.0,10.0,28.0,36.0,6.0,2.0,13.1,4.0,33.3,41.4,5.1,4.1,18.2,14.3,9.1,9.1,5.2,11.2,1.0,20.4,16.0,20.8,16.3,18.2
1772938249.1068628,40.8,15.0,22.0,10.0,40.0,20.0,28.0,25.3,23.0,22.4,13.3,14.1,4.0,10.0,6.0,23.5,11.0,24.0,20.4,16.3,4.0,21.2,9.2,10.2,11.0,8.0,23.2,34.3,25.0,4.1,13.0,12.0,36.4,35.4,5.1,3.1,9.2,5.1,39.2,43.9,6.0,5.0,13.1,13.1,7.0,7.0,9.0,11.0,11.1,9.2,14.1,21.4,31.0,31.3
1772938250.1092029,44.7,25.7,17.8,19.0,27.0,37.0,19.8,21.0,16.0,28.4,16.8,2.0,7.0,16.8,16.0,14.7,13.9,4.0,19.6,16.0,4.0,22.5,13.7,6.9,5.9,10.0,34.7,27.5,29.4,15.8,12.0,11.9,34.3,31.7,6.1,4.0,17.8,14.0,30.7,39.6,5.0,4.1,12.0,15.8,17.8,20.6,3.0,15.8,11.9,16.8,16.7,26.2,17.6,34.3
1772938251.11549,18.4,28.4,19.8,21.0,31.3,28.0,12.1,19.2,23.5,43.4,18.2,2.0,8.1,10.0,5.1,22.0,8.1,9.9,15.8,15.7,4.0,20.8,5.0,16.0,4.0,9.1,35.0,21.2,22.4,12.0,11.0,9.8,22.0,38.2,3.0,2.0,13.0,8.0,28.7,31.4,4.0,6.0,18.0,13.1,6.9,5.0,8.0,16.0,10.1,11.1,17.0,17.2,25.0,34.3
1772938252.1203158,32.3,41.8,33.3,27.3,33.0,36.4,16.7,24.8,35.1,27.6,14.3,11.1,16.2,16.2,13.1,25.5,9.2,16.2,34.7,32.7,13.1,24.2,18.4,14.1,12.1,11.1,29.3,41.0,24.0,8.2,14.1,14.3,44.6,32.3,4.1,5.2,10.2,19.4,39.4,42.9,5.1,10.1,14.1,17.2,18.4,15.3,7.2,19.2,9.1,13.3,27.0,21.4,40.4,31.3
1772938253.1225383,25.5,32.7,19.0,23.0,34.0,32.7,16.8,19.0,27.0,24.0,2.0,19.2,11.0,8.2,18.4,16.2,12.1,5.1,27.0,34.7,10.2,19.0,17.2,4.1,7.1,7.1,27.3,36.0,23.8,18.8,10.0,10.1,37.4,35.0,3.1,5.1,6.0,15.0,34.7,35.6,7.1,4.1,13.3,18.4,9.0,10.0,19.0,3.0,1.0,15.3,23.0,19.0,28.3,33.7
1772938254.1273816,16.3,38.0,21.4,14.0,23.2,32.0,23.5,16.3,29.7,20.0,1.0,21.2,12.1,14.0,29.7,22.5,4.0,16.8,14.3,16.0,16.8,8.0,10.1,13.0,12.0,6.0,29.4,17.3,17.3,26.3,13.1,14.9,35.0,37.3,8.2,4.1,19.2,18.0,38.0,23.2,5.1,6.9,15.0,12.0,11.0,9.1,13.0,6.1,4.0,5.1,23.8,18.0,29.7,32.0
1772938255.128611,28.6,25.0,23.0,17.2,22.4,21.0,27.0,30.7,24.2,26.0,10.1,16.0,12.1,13.1,19.2,25.0,15.2,19.4,23.0,25.3,14.1,12.1,17.2,6.0,14.1,6.1,27.0,21.2,9.1,20.0,13.9,12.0,35.0,41.0,11.1,5.9,12.2,7.1,21.8,21.2,10.1,10.0,21.0,14.1,18.0,18.8,11.1,14.0,9.3,7.1,22.0,22.2,31.0,25.3
1772938256.128848,38.0,10.2,18.4,24.0,20.2,26.3,29.3,28.3,22.0,26.8,20.2,4.0,13.3,10.1,16.3,35.7,20.2,21.2,26.5,26.3,15.0,12.1,17.0,10.1,5.2,13.0,27.6,40.0,4.0,22.8,11.0,12.0,35.0,37.0,4.0,3.1,8.1,14.3,31.0,27.3,7.1,5.1,14.0,14.3,4.1,5.1,3.0,21.2,2.0,23.2,18.4,25.5,25.3,32.3
1772938257.1312284,31.3,35.6,26.0,22.2,28.6,17.0,28.3,28.0,20.8,29.0,19.2,3.1,13.1,14.4,18.2,26.0,17.8,21.2,33.0,23.2,19.4,11.1,13.1,14.0,5.9,11.1,34.7,28.3,13.9,27.3,11.1,12.9,35.0,34.0,2.1,4.0,12.2,9.0,44.9,34.3,6.2,5.0,14.3,18.2,17.8,18.2,8.2,17.2,3.0,20.2,18.6,23.5,32.7,31.0
1772938258.1312933,24.5,35.0,17.2,20.2,25.3,32.0,24.2,30.0,15.3,12.2,19.0,2.0,22.0,7.1,29.7,21.0,24.0,10.1,19.2,25.7,9.0,10.1,7.1,14.1,8.1,14.0,30.3,32.7,25.0,20.2,12.0,13.9,33.7,38.6,3.0,4.0,15.2,18.2,39.0,41.0,5.0,5.1,8.1,11.0,7.1,8.1,12.2,6.1,1.0,22.0,20.4,23.8,34.3,26.0
1772938259.1326141,27.8,32.7,19.2,22.2,27.3,35.0,12.2,23.2,20.8,25.0,21.0,4.0,15.2,12.9,29.0,15.3,9.1,10.2,22.8,18.2,7.0,11.1,10.9,12.0,12.0,6.1,34.7,33.0,23.8,13.3,11.0,12.9,36.0,39.0,4.0,3.0,11.2,6.1,29.0,31.7,5.1,6.1,10.1,6.1,11.9,12.0,18.8,4.1,1.0,22.0,18.0,26.3,15.3,21.4
1772938260.1331265,37.6,44.1,28.3,20.2,42.9,27.0,23.2,33.0,23.2,30.3,15.2,8.1,15.0,15.3,28.3,27.3,19.0,17.2,35.4,33.0,6.1,24.2,14.4,8.2,5.2,10.2,38.0,36.0,27.8,23.0,12.1,13.1,45.0,34.0,4.1,4.1,16.3,17.0,36.0,41.4,6.1,8.1,6.1,8.1,15.2,15.2,21.8,4.0,7.1,15.3,26.5,18.2,35.0,22.0
1772938261.1334655,20.0,33.3,17.3,25.7,36.3,27.7,22.4,40.0,17.3,32.7,5.2,20.0,12.2,14.3,14.1,30.0,26.7,13.1,19.2,29.0,12.0,15.0,13.0,13.0,8.2,9.0,34.3,28.0,33.3,11.1,12.0,7.1,31.7,40.0,4.1,7.9,19.2,9.1,50.5,44.9,7.1,6.1,6.1,9.1,5.1,8.8,7.1,14.1,6.0,6.0,23.5,18.2,37.9,27.3
1772938262.1337314,40.4,33.3,16.5,22.4,32.0,35.0,40.8,37.1,21.8,29.6,6.0,21.2,19.2,30.3,30.3,23.5,19.2,21.0,23.7,26.5,24.2,6.1,15.8,12.1,7.1,10.1,33.3,31.3,30.3,14.4,17.3,13.1,34.3,37.4,10.2,6.1,19.2,12.5,36.7,36.0,7.0,6.1,17.2,11.1,21.2,20.2,5.1,17.3,2.1,2.1,24.5,20.0,24.0,33.3
1772938263.1351545,35.4,17.2,18.6,22.0,26.5,33.7,27.0,28.7,17.5,27.0,2.0,18.2,10.2,10.0,14.0,31.0,10.1,24.0,31.0,23.8,21.8,5.0,11.0,13.0,5.0,11.1,31.0,27.0,21.0,5.0,10.9,12.9,40.6,31.7,6.0,9.2,7.1,8.1,27.7,33.3,7.1,4.0,13.3,13.3,4.0,4.0,8.2,13.0,5.1,4.0,26.7,12.0,21.2,39.6
1772938264.1352232,39.8,37.0,23.2,26.3,38.4,35.0,31.0,30.0,20.0,33.3,5.1,20.0,12.2,16.2,20.4,32.0,20.2,20.0,19.2,23.2,23.0,5.1,9.2,15.2,8.1,12.1,39.0,31.3,14.9,20.2,12.1,12.1,36.4,38.0,5.1,4.0,21.2,8.1,36.6,43.0,6.1,6.1,20.0,14.1,22.0,19.2,6.0,18.0,3.1,3.1,20.4,24.2,22.0,39.0
1772938265.1354756,28.6,30.3,28.7,16.0,30.0,33.7,19.6,32.3,24.0,26.3,10.2,12.2,14.3,10.1,30.3,12.2,25.7,12.1,31.6,26.0,21.0,4.1,12.1,12.1,5.1,15.2,30.0,37.0,27.6,16.0,13.9,14.9,36.0,36.0,3.0,3.1,19.4,10.1,52.6,47.5,8.2,6.1,13.3,17.3,6.1,7.0,3.1,17.3,4.0,5.1,19.0,20.4,24.8,37.0
1772938266.13613,33.0,22.0,18.2,17.3,26.5,33.0,30.3,22.0,19.4,22.0,6.1,16.8,10.2,12.1,31.3,18.0,23.0,12.0,21.8,27.0,14.3,10.9,13.1,9.0,6.1,7.1,15.2,26.0,26.0,9.1,9.1,12.1,41.0,27.7,3.0,4.0,15.2,10.0,26.5,36.0,5.1,6.1,15.0,13.0,19.8,18.2,6.1,12.1,14.1,3.1,17.0,24.5,27.3,22.2
1772938267.1385872,25.5,16.0,21.4,20.0,37.3,30.0,26.7,31.0,24.2,23.2,3.0,19.0,12.1,14.0,31.3,13.3,19.4,10.1,25.3,22.4,6.1,5.1,18.2,4.0,5.1,9.1,30.6,21.0,24.5,5.0,11.9,10.1,30.3,37.0,3.0,3.1,9.1,7.1,28.0,31.0,4.0,6.1,14.1,15.3,8.1,9.0,5.1,15.8,9.1,14.3,16.0,25.3,29.0,31.0
1772938268.138673,40.8,40.0,30.6,21.4,33.3,33.0,28.9,32.0,22.4,30.3,3.1,20.4,14.1,15.3,31.7,21.2,9.1,16.2,26.5,23.0,6.1,5.1,14.1,12.1,10.0,7.0,38.0,28.3,25.3,17.2,10.1,13.1,39.0,35.0,4.1,7.1,15.2,15.2,40.4,42.0,6.1,9.2,14.0,21.4,17.2,18.2,11.2,16.2,11.1,11.2,22.0,24.5,29.3,33.7
1772938269.1402128,32.7,31.7,16.2,25.0,31.6,29.0,27.3,27.0,21.4,26.3,5.0,20.8,9.2,14.1,24.2,24.2,7.0,11.0,20.0,20.0,5.1,4.1,6.1,16.0,10.2,5.1,33.0,33.0,15.0,31.3,12.0,16.8,37.4,34.3,5.1,3.0,13.3,17.0,50.5,46.5,5.2,6.1,15.3,15.2,9.9,9.1,3.0,18.0,1.0,19.2,23.0,19.8,34.0,27.3
1772938270.1407168,43.7,28.3,22.2,16.0,30.3,38.0,26.3,25.5,25.0,30.0,2.0,19.2,17.0,13.0,23.0,11.9,6.1,15.2,38.0,30.3,6.0,5.9,21.4,6.1,8.1,13.1,30.6,36.6,17.0,14.1,11.0,10.1,38.0,37.4,6.0,5.0,9.0,17.3,35.6,30.7,8.1,6.0,16.3,17.0,18.8,17.2,12.0,11.1,5.1,4.0,26.0,22.0,24.8,21.0
1772938271.1407943,35.4,32.7,19.2,18.0,32.3,27.0,13.0,22.0,23.2,22.4,3.0,20.2,5.1,11.1,20.4,3.0,15.2,18.2,33.3,25.3,5.1,5.1,19.2,5.1,6.1,16.2,25.0,31.6,19.4,3.0,13.1,14.0,41.2,32.7,3.1,2.0,7.1,16.2,31.3,24.2,8.9,4.1,13.1,11.1,6.1,9.9,18.2,2.0,4.0,13.1,20.2,16.0,19.2,22.4
1772938272.1479623,29.0,32.7,12.1,13.1,30.0,29.7,7.0,26.0,18.0,24.0,1.0,21.6,7.0,5.1,22.0,4.0,13.7,28.7,9.9,13.9,22.5,5.1,3.0,21.8,9.9,15.8,28.7,30.7,21.0,4.0,10.9,12.7,40.0,34.3,6.9,3.0,3.1,17.2,24.8,23.2,8.0,5.0,13.0,15.8,6.0,3.0,11.0,12.7,2.0,20.0,25.0,14.9,31.0,35.6
1772938273.148898,41.4,17.2,27.0,21.0,30.0,33.3,30.7,22.0,26.3,27.3,3.0,20.0,8.2,11.8,20.8,13.1,20.2,22.2,14.0,10.1,13.3,12.0,6.0,21.0,7.0,13.0,36.0,28.0,22.8,10.9,11.9,13.1,38.4,33.3,4.1,4.0,12.0,14.1,24.0,22.0,3.0,7.1,12.1,14.1,5.0,5.9,4.0,20.0,7.0,15.2,18.8,22.0,39.4,29.0
1772938274.153024,20.2,37.3,20.8,13.9,30.7,24.8,18.2,35.0,21.2,22.8,3.0,20.0,13.1,8.2,20.4,5.1,16.0,19.8,14.1,12.1,15.0,10.9,8.9,11.9,8.2,14.7,26.0,31.4,19.8,21.0,10.0,10.0,34.3,36.3,4.0,5.0,12.0,16.0,32.0,34.3,4.0,4.0,13.0,19.0,11.9,13.9,1.0,19.0,1.0,21.6,19.0,18.6,20.8,35.6
1772938275.1545267,33.0,37.4,20.4,20.2,24.7,16.3,27.7,27.3,31.7,16.2,16.2,5.1,8.1,14.1,21.2,11.0,13.1,12.1,33.7,36.0,16.0,7.1,11.3,14.3,10.2,6.2,22.2,38.8,11.3,31.3,11.1,9.9,37.4,37.4,6.0,2.1,16.3,7.1,34.3,37.0,8.0,6.1,11.2,14.3,14.1,14.1,4.1,20.2,6.1,16.3,23.8,19.6,26.3,33.3
1772938276.1554217,38.0,23.8,18.4,24.0,28.7,31.7,32.3,31.0,26.5,29.3,11.3,17.0,18.0,15.3,15.0,22.2,13.1,19.4,33.3,30.3,5.1,7.1,17.0,14.1,13.3,13.1,38.4,34.0,5.1,24.0,14.1,13.0,36.0,39.4,6.1,2.0,11.1,18.4,22.2,22.8,10.0,6.1,19.2,17.2,13.0,12.1,17.0,10.1,21.2,2.0,24.2,23.0,31.3,37.0
1772938277.1566608,44.0,36.4,25.0,27.6,28.3,22.2,37.4,24.5,28.0,26.0,12.0,19.2,19.4,16.2,22.0,32.0,23.8,16.2,25.0,23.2,7.0,25.7,10.1,10.2,6.1,10.1,33.0,34.7,21.8,19.2,10.9,11.1,34.0,42.6,3.1,3.1,13.0,11.1,29.6,23.5,6.2,7.0,13.1,14.0,15.0,16.0,9.2,13.3,17.2,7.0,22.4,21.2,25.0,35.4
1772938278.1592305,18.4,33.0,21.2,24.2,27.6,21.0,26.7,29.3,26.3,19.2,11.3,17.2,15.0,15.3,15.2,28.6,29.0,9.1,18.2,13.0,5.1,24.0,10.1,13.0,16.0,6.1,27.3,32.7,24.0,30.6,13.0,11.0,32.0,39.0,4.1,5.0,11.2,15.2,47.0,53.5,9.0,3.1,15.2,16.8,10.1,10.0,21.0,2.0,17.3,4.1,19.6,25.0,31.7,28.0
1772938279.1663992,33.0,26.0,21.0,20.8,35.0,31.0,28.3,38.6,27.7,21.4,10.0,22.2,15.2,12.0,28.3,25.7,24.0,18.0,39.0,37.6,6.0,23.8,17.0,12.1,16.0,8.0,28.0,24.0,10.1,25.3,10.1,14.9,32.3,44.6,8.0,3.0,14.3,18.0,34.7,44.6,7.1,7.0,7.0,7.1,17.8,17.0,20.2,5.1,10.0,14.3,22.8,23.2,34.0,38.6
1772938280.1702006,31.2,18.2,21.2,31.0,30.7,34.7,25.3,30.0,14.1,17.0,21.0,3.0,14.1,14.3,26.0,21.2,23.8,16.2,29.0,35.0,4.1,22.2,19.8,6.9,11.1,10.0,25.7,31.7,10.1,21.6,9.2,11.2,38.2,37.3,4.1,3.1,18.2,7.2,30.6,30.7,5.1,7.1,5.1,11.1,11.0,12.0,7.9,18.0,11.3,12.9,19.0,22.0,30.6,30.7
1772938281.1703453,40.4,37.0,22.2,23.0,37.8,29.6,32.3,22.2,11.1,19.4,21.2,3.0,9.2,17.0,29.0,21.2,24.5,12.0,12.1,17.3,15.0,11.2,10.1,12.1,9.1,8.2,32.7,33.7,29.0,36.0,12.0,14.7,41.0,33.0,5.1,3.0,8.2,13.9,50.0,35.7,10.1,5.2,7.2,6.1,17.0,13.0,9.1,10.1,23.8,1.0,25.3,17.8,33.7,24.2
1772938282.1704438,22.9,26.0,18.6,16.3,33.7,23.0,24.0,29.3,11.0,16.0,9.2,10.3,12.0,11.2,28.3,15.3,19.0,13.1,17.0,29.3,8.0,15.0,11.0,9.1,13.1,3.0,27.3,33.3,17.2,30.6,9.0,10.1,27.0,35.4,2.0,3.1,13.1,20.2,42.9,48.5,8.1,6.0,8.1,9.2,9.3,9.1,13.3,2.0,3.0,4.0,28.0,14.1,23.0,24.5
1772938283.1714363,32.7,38.0,18.4,19.4,38.4,29.0,34.7,30.3,12.4,18.2,18.2,3.0,16.2,22.0,22.4,28.7,18.8,18.2,29.6,24.2,4.1,5.0,5.1,17.0,9.1,7.1,28.0,34.0,23.0,6.0,9.9,13.0,29.0,40.0,1.0,5.0,12.1,7.1,28.0,35.0,5.0,6.0,14.1,12.2,9.9,11.1,9.1,14.1,15.8,3.1,31.7,15.3,17.3,25.0
1772938284.1734815,23.7,32.0,29.3,17.2,34.3,27.0,30.9,39.0,18.2,26.3,17.0,2.0,20.2,13.1,18.2,28.3,16.2,19.0,32.0,31.0,4.0,4.0,12.0,14.0,4.0,13.0,28.6,31.0,16.8,20.0,12.0,11.1,34.7,32.0,4.1,3.0,8.1,14.1,41.0,32.3,6.1,4.0,20.2,12.0,18.0,16.0,14.0,7.1,8.2,18.2,14.0,27.0,33.0,22.0
1772938285.1735697,27.6,31.7,19.4,12.1,30.7,29.0,13.3,18.2,24.0,22.2,19.0,2.0,11.1,14.1,20.0,26.0,15.0,19.4,16.2,10.2,2.0,7.0,13.0,11.1,5.1,6.1,25.7,36.4,14.1,26.3,11.2,10.0,39.4,29.0,2.0,2.0,9.2,12.1,45.0,50.5,3.0,4.1,13.0,15.3,8.1,8.0,14.1,2.0,1.0,21.8,23.2,15.2,32.7,19.4
1772938286.1736507,26.5,16.0,9.0,5.0,18.2,27.0,12.0,9.9,22.2,16.8,6.1,13.0,5.1,3.0,24.0,13.1,9.1,6.9,13.0,1.0,1.0,2.1,7.1,9.0,1.0,10.0,19.2,17.2,9.1,22.8,7.9,9.0,29.0,32.3,1.0,2.0,12.0,10.1,32.3,29.0,2.0,3.0,11.1,11.0,2.0,2.0,12.0,4.0,1.0,21.4,8.1,19.2,19.0,34.7
1772938287.180169,48.0,35.0,15.3,11.9,33.0,29.7,30.0,22.0,18.8,26.3,1.0,23.0,8.0,3.0,30.3,13.1,17.0,3.0,24.0,15.8,3.0,6.0,18.0,7.1,5.0,14.9,25.0,31.3,2.0,20.0,11.9,14.7,32.0,37.3,0.0,2.1,18.8,3.0,27.0,30.0,3.1,5.0,17.0,13.1,9.9,8.9,17.0,3.0,1.0,23.0,17.6,18.0,23.0,34.0
1772938288.1813996,24.5,32.0,14.1,13.1,30.7,30.6,29.0,22.4,17.3,21.8,3.0,19.2,7.1,7.1,32.3,18.2,13.3,10.2,25.0,26.7,11.0,18.0,22.2,4.9,9.0,14.0,27.0,31.0,4.0,20.0,13.0,10.1,36.0,37.0,4.0,3.0,13.1,11.1,29.7,26.0,3.0,5.0,13.1,13.0,5.1,5.1,17.2,5.0,5.1,15.2,19.2,23.2,39.4,24.2
1772938289.1814702,33.7,21.0,19.6,13.1,28.0,26.3,27.6,18.2,19.4,9.2,2.0,18.8,11.1,11.0,30.3,15.0,15.0,20.2,19.4,30.3,14.1,13.1,13.1,7.1,10.1,5.1,28.3,22.2,7.1,20.8,14.0,12.0,35.7,27.6,0.0,3.0,17.3,8.1,29.3,31.0,4.0,6.1,15.0,14.0,13.1,14.0,18.0,2.0,16.0,8.0,16.2,19.0,31.3,27.0
1772938290.183428,26.3,13.1,15.2,13.1,27.7,23.8,27.0,27.3,20.8,22.5,1.0,21.8,4.1,4.0,24.8,17.6,25.5,14.0,17.0,21.6,14.1,9.1,18.6,6.0,10.1,5.0,19.2,23.0,8.1,34.0,10.1,9.9,39.6,26.7,1.0,3.0,17.0,2.0,37.6,35.4,2.0,5.0,16.2,12.2,3.1,1.0,18.0,3.0,14.1,8.1,23.0,15.2,29.7,28.7
1772938291.1874783,29.3,23.5,19.0,20.2,29.6,31.6,25.3,32.4,27.3,23.0,2.0,20.0,11.2,8.2,23.2,22.2,22.0,11.1,17.2,26.5,15.0,2.0,18.2,2.0,11.9,6.1,18.8,25.0,14.0,27.7,10.1,9.0,41.6,33.0,4.0,2.0,12.2,9.2,45.0,39.0,5.0,9.1,12.1,16.0,12.9,13.7,20.2,1.0,12.0,12.1,22.0,19.2,26.3,31.3
1772938292.1884458,17.5,36.6,7.2,11.1,27.7,29.4,22.0,21.2,18.2,31.0,2.0,18.2,11.0,10.9,17.2,27.6,23.0,12.1,17.8,18.4,4.0,5.1,6.1,18.0,6.1,10.0,22.2,26.3,7.0,21.6,13.9,12.0,26.3,39.6,4.0,3.0,21.0,11.1,29.3,39.8,5.1,6.0,14.1,18.2,10.1,14.0,18.2,2.0,5.1,17.0,12.0,20.0,33.0,22.2
1772938293.1893957,26.8,27.0,11.0,11.0,27.3,29.0,20.0,19.0,27.3,23.2,0.0,18.0,7.1,4.0,7.9,22.8,26.0,18.0,16.0,21.2,2.0,10.0,3.0,16.2,7.1,10.1,29.3,24.0,3.0,16.2,10.1,9.2,35.4,32.7,1.0,2.1,9.1,10.9,24.8,20.0,5.0,1.0,11.9,14.9,4.0,4.0,20.8,1.0,2.0,2.0,15.2,17.8,26.0,19.0
1772938294.191198,25.8,33.7,12.0,5.1,29.0,25.0,17.2,10.1,30.4,18.0,2.0,20.0,6.1,7.1,4.0,25.0,15.0,19.8,19.4,10.1,5.9,20.8,3.0,17.8,5.0,10.0,22.2,28.3,2.0,21.6,15.0,10.7,34.7,30.7,3.0,4.0,6.9,12.2,16.8,14.0,5.1,2.0,14.1,12.1,4.0,5.0,16.0,3.0,2.0,5.0,17.0,15.2,18.2,18.2
1772938295.1929,43.4,31.0,14.3,12.1,20.8,18.2,21.0,16.2,24.5,26.0,2.0,20.0,8.2,5.1,7.1,18.2,17.2,23.2,25.7,33.0,20.2,6.1,13.9,9.2,7.0,12.0,19.2,35.4,22.0,22.2,12.0,12.0,32.0,36.0,1.0,2.0,1.0,18.0,28.0,24.2,3.0,2.0,12.1,14.9,11.0,9.0,11.9,10.2,2.0,4.1,19.0,19.8,19.8,20.2
1772938296.1956222,37.6,20.6,17.8,16.2,21.0,19.0,19.2,18.0,21.0,30.0,14.1,7.1,10.0,14.0,25.0,9.0,12.0,25.7,22.2,31.6,22.8,4.0,17.0,8.0,14.3,3.0,28.7,31.7,28.0,12.1,11.0,10.1,39.0,27.7,6.1,3.0,14.0,15.0,30.6,23.2,4.0,5.1,13.1,17.2,8.0,11.0,17.0,3.0,3.0,18.8,19.2,18.0,25.3,25.3
1772938297.1971867,35.0,20.6,5.2,5.1,16.0,17.2,15.0,8.2,19.2,24.5,17.0,9.0,6.0,6.1,21.8,3.0,20.0,17.0,11.1,19.0,21.0,4.1,11.2,12.0,6.0,11.1,24.8,20.2,16.8,12.6,12.0,11.9,40.0,27.7,1.0,5.0,2.0,15.3,19.0,20.0,6.0,1.0,11.9,13.0,4.1,5.0,18.0,2.0,0.0,22.0,20.8,14.1,20.0,36.3
1772938298.2048705,33.7,20.6,14.4,10.9,13.9,21.8,20.0,23.5,28.0,31.7,5.9,20.8,5.0,7.9,20.2,5.9,23.0,15.8,19.0,18.6,21.0,4.9,4.0,18.8,9.0,5.0,26.3,26.7,13.7,9.0,10.9,11.9,34.7,29.7,3.0,3.0,2.0,16.7,13.7,18.4,5.0,3.0,11.0,13.0,1.0,2.0,19.6,1.0,2.0,21.0,14.0,19.0,19.8,33.0
1772938299.2049437,31.6,34.3,18.6,14.1,18.4,17.2,29.3,22.4,40.4,35.1,1.0,21.2,7.1,4.1,23.0,5.1,17.0,20.2,23.2,19.2,20.0,10.3,22.2,7.1,15.2,7.1,27.3,24.2,17.3,3.0,11.0,12.0,38.4,36.4,3.0,3.1,3.1,15.5,14.4,17.7,4.0,3.1,10.0,6.1,5.1,3.1,20.4,0.0,0.0,21.2,16.8,17.0,27.0,38.0
1772938300.2053251,26.5,43.0,17.2,19.0,22.4,26.7,30.3,32.7,28.3,21.0,11.2,11.0,17.2,6.1,18.2,11.1,16.0,4.0,13.1,21.2,11.0,15.2,14.9,13.0,4.0,14.3,33.0,32.0,19.2,2.1,12.9,11.9,38.0,31.7,3.1,2.0,10.0,15.8,21.2,26.5,3.1,4.0,8.2,3.1,10.1,11.9,19.8,2.0,1.0,20.4,22.2,23.5,35.0,25.0
1772938301.205978,20.8,30.0,16.2,23.0,17.2,23.2,29.0,29.3,20.2,21.2,10.1,12.1,13.0,10.0,19.4,9.0,19.0,5.1,21.0,17.5,19.0,6.1,5.1,16.2,8.2,5.1,37.4,24.2,25.7,17.0,8.1,10.2,33.7,35.4,2.0,3.0,18.2,11.1,36.0,33.7,5.0,6.0,8.1,3.0,12.1,13.9,9.1,11.1,7.0,21.0,19.0,24.8,33.3,23.0
1772938302.206062,44.6,20.2,20.2,14.1,22.2,22.0,20.4,15.2,10.2,14.1,8.0,13.1,10.2,7.1,22.8,24.2,12.0,26.3,35.0,34.7,13.1,15.0,4.0,15.0,10.1,6.0,30.7,32.3,20.2,24.2,12.1,12.9,35.3,38.0,3.0,3.1,6.1,15.2,35.7,32.0,4.1,5.2,4.1,7.1,9.1,7.2,2.0,17.8,8.1,16.2,17.3,23.0,25.0,35.4
1772938303.2078938,18.4,26.2,22.0,23.2,27.3,27.0,21.2,24.8,15.2,24.0,2.0,17.8,13.1,11.2,29.3,15.2,25.3,7.0,32.7,25.7,15.0,10.1,18.2,4.1,11.0,7.1,24.0,19.0,6.1,24.0,12.0,7.1,32.0,30.7,3.1,3.0,8.1,10.2,30.0,35.7,5.1,5.9,8.2,6.0,13.0,14.9,3.0,15.2,16.0,7.0,17.8,17.2,22.0,30.3
1772938304.2113352,36.4,24.2,20.6,27.3,31.7,37.0,35.7,28.3,31.0,24.2,2.0,19.2,16.2,12.0,32.0,20.0,22.8,19.0,17.2,10.3,18.0,9.0,14.9,11.1,11.0,6.1,27.0,24.8,5.1,22.0,14.0,12.0,44.0,31.3,3.0,4.1,19.2,8.1,37.3,37.4,7.1,5.1,10.0,14.1,11.1,13.1,11.3,16.0,7.2,17.5,26.0,23.0,38.0,23.2
1772938305.2114177,44.0,29.4,16.3,21.0,30.0,37.4,29.3,30.6,22.8,28.7,2.0,21.2,19.4,6.1,28.3,16.5,24.2,15.3,33.7,35.0,4.1,5.1,15.2,6.1,7.1,6.0,33.3,32.0,14.1,33.0,12.0,11.2,35.6,38.4,2.1,3.1,17.2,13.3,44.9,45.5,7.1,5.1,16.3,15.3,17.0,15.2,6.1,18.4,11.0,14.1,21.2,19.2,30.6,32.0
1772938306.2150958,35.1,28.6,28.0,18.4,34.3,35.6,35.3,25.5,29.6,26.5,4.0,20.0,16.0,18.2,31.0,23.5,26.7,18.0,32.0,25.3,4.1,24.0,14.3,11.0,10.0,5.2,32.3,34.7,15.2,28.3,14.9,13.0,42.0,36.6,5.1,4.0,19.0,11.1,42.4,41.6,6.0,6.1,13.1,21.0,8.2,9.0,4.0,18.8,4.0,19.2,18.2,28.0,24.0,40.0
1772938307.216006,37.8,31.3,21.2,18.0,29.9,31.0,20.4,33.0,16.8,28.3,2.0,18.2,11.2,6.1,25.5,15.0,13.3,17.3,29.7,24.2,6.0,22.0,7.0,14.0,5.1,9.8,34.7,26.7,7.1,20.2,6.1,8.9,37.4,28.7,3.0,2.0,11.1,7.0,33.7,31.3,6.0,6.9,13.3,11.3,18.0,17.8,7.1,11.1,2.0,4.0,14.1,21.0,19.2,27.0
1772938308.217071,38.2,16.0,17.5,19.8,31.7,24.8,31.3,17.2,14.1,26.0,4.0,14.0,7.0,13.1,29.7,20.2,18.6,20.6,12.1,4.0,3.0,25.0,4.0,16.0,12.9,10.1,26.7,30.3,16.8,21.0,11.0,10.1,33.3,28.0,1.0,3.0,10.0,11.1,37.4,38.0,5.1,2.0,14.0,19.0,4.0,5.0,14.0,10.0,9.0,11.1,17.0,20.0,14.1,22.2
1772938309.219521,21.1,41.0,22.4,12.2,24.7,33.3,25.5,26.3,23.2,17.2,1.0,23.0,14.0,10.1,27.6,15.2,16.3,20.2,10.0,20.2,5.1,21.8,6.1,17.0,16.5,7.1,28.6,30.7,22.0,24.2,11.0,12.1,26.0,37.0,3.0,2.0,9.2,18.4,35.0,34.0,7.1,1.0,12.2,15.2,9.1,8.1,13.1,4.1,2.0,20.2,24.8,16.0,26.7,28.0
1772938310.2205842,32.7,31.7,20.8,20.0,39.4,30.3,17.2,27.7,24.5,24.5,2.0,20.2,16.3,10.2,21.2,26.0,20.8,16.0,34.3,41.0,6.1,22.0,9.0,13.1,9.0,11.2,33.0,29.3,31.0,16.0,12.0,19.0,39.0,34.3,2.0,3.0,11.1,11.0,37.0,39.0,8.1,4.0,19.4,13.0,17.2,16.2,3.1,18.0,22.2,3.0,18.0,20.0,37.4,19.2
1772938311.2222104,30.0,38.4,15.5,30.0,28.6,35.6,16.2,17.3,28.0,23.0,1.0,17.2,14.0,21.0,33.3,30.3,13.0,11.2,29.3,28.3,11.0,12.1,11.1,11.0,8.2,9.1,23.2,33.0,22.2,10.0,11.0,19.0,27.0,35.0,8.1,3.0,7.0,11.1,33.3,40.8,5.1,5.1,14.7,15.2,9.0,11.0,6.1,13.3,20.4,2.0,19.2,22.2,26.5,30.3
1772938312.2222989,27.3,33.7,17.5,23.2,31.3,32.3,36.0,19.2,28.6,17.2,2.0,20.0,18.2,19.4,32.7,20.0,22.0,15.2,17.0,21.4,21.2,6.0,17.0,2.0,6.0,7.0,27.7,30.6,17.0,5.1,10.0,14.9,33.0,37.6,2.0,3.1,18.4,15.3,43.6,34.3,3.1,6.1,17.3,15.0,13.3,15.0,14.1,4.0,21.8,1.0,22.2,17.8,25.7,32.0
1772938313.2266715,26.3,37.6,22.2,20.0,29.3,35.0,30.0,13.3,10.2,16.2,5.1,17.0,8.1,12.0,31.7,14.9,19.0,36.6,18.2,22.0,20.0,20.2,20.2,9.9,7.1,13.0,30.0,30.7,24.8,19.0,12.0,12.0,38.0,30.7,2.0,3.0,5.1,15.0,38.6,31.3,5.1,4.0,12.0,15.0,7.0,6.1,17.0,1.0,13.0,7.1,22.8,17.2,27.3,32.7
1772938314.2327912,20.4,20.0,14.3,21.8,32.0,30.3,20.8,29.7,12.0,25.0,7.1,18.2,13.1,12.9,20.0,26.3,25.2,13.3,35.0,24.0,9.2,17.8,14.9,6.1,8.0,10.1,32.0,28.0,26.0,14.9,11.1,12.9,23.0,37.4,1.0,1.0,11.0,13.9,39.4,34.7,5.9,3.0,17.0,13.0,18.8,18.4,18.0,2.0,4.0,15.8,19.4,19.0,25.0,22.2
1772938315.2334213,32.3,33.0,29.3,15.3,32.3,34.7,31.0,27.0,29.0,23.5,2.0,19.0,18.0,8.2,14.1,32.3,16.2,22.0,33.0,31.3,7.0,12.2,15.2,7.1,5.2,8.1,25.7,17.5,23.2,8.1,12.0,9.1,29.7,41.4,7.1,3.0,5.1,16.3,42.0,41.8,5.1,10.1,15.0,13.3,7.1,7.1,3.1,17.0,13.0,14.1,23.8,19.2,35.4,30.3
1772938316.2337463,41.0,26.7,16.2,21.4,37.4,36.0,25.0,33.0,30.3,19.8,10.0,22.0,15.2,7.1,21.8,29.4,10.0,29.7,19.0,10.0,6.0,6.0,8.0,18.0,9.0,7.1,25.3,27.0,21.0,7.1,11.9,12.0,38.0,34.3,2.0,3.1,15.5,20.4,35.0,39.8,3.1,6.0,19.0,13.0,22.0,18.6,5.1,17.0,10.0,13.0,17.2,24.0,30.3,27.3
1772938317.2403576,46.0,18.2,15.5,25.0,30.3,39.0,33.3,25.5,32.7,21.0,8.1,18.0,12.0,17.0,25.3,21.2,16.2,22.0,25.0,21.0,10.1,17.8,8.0,17.0,10.0,6.1,34.3,29.3,19.8,22.4,11.0,12.9,34.0,37.4,4.0,3.0,11.1,12.0,33.0,36.6,5.0,6.1,15.3,15.0,10.0,8.2,4.0,15.0,1.0,19.0,19.2,23.8,30.0,32.3
1772938318.2404435,31.3,39.0,26.5,23.0,34.0,31.3,35.6,27.0,28.6,33.3,16.2,13.4,16.3,11.2,22.4,13.1,19.2,22.0,38.4,40.4,22.2,5.1,13.4,9.2,8.2,8.2,34.0,32.3,18.2,26.0,13.1,13.9,29.3,39.0,4.1,3.0,18.2,10.1,27.6,34.0,5.1,6.1,19.2,14.1,19.0,19.8,4.0,15.2,3.1,1.0,25.0,17.2,26.8,29.0
1772938319.2409537,37.0,23.8,23.2,15.2,30.6,17.8,17.7,28.3,32.3,28.3,19.0,9.0,8.1,15.0,21.8,7.1,15.2,22.0,20.2,25.5,21.0,7.1,15.8,8.1,11.1,5.9,33.7,28.7,22.0,6.0,12.0,10.0,34.0,36.0,3.1,3.0,12.2,10.0,40.0,34.3,5.1,6.1,11.1,15.8,5.1,5.1,20.8,5.1,18.2,2.0,24.0,21.0,24.8,24.2
1772938320.242907,46.5,23.2,23.2,14.1,22.7,18.0,23.0,21.0,24.8,20.0,17.2,11.0,15.7,11.1,21.2,11.2,17.0,21.2,18.8,27.3,21.0,7.9,11.1,10.1,8.9,6.1,28.3,36.6,13.0,22.2,9.1,13.0,32.0,39.0,4.0,2.0,19.0,12.1,27.3,19.0,3.0,6.0,13.0,8.2,21.8,21.6,16.2,2.0,21.0,4.0,19.8,19.0,21.6,37.0
1772938321.2442553,25.8,12.9,12.1,23.0,28.4,14.3,36.0,22.0,26.3,19.0,19.0,11.0,6.1,16.0,17.2,7.1,20.0,17.0,18.2,19.0,20.0,5.1,12.0,10.1,11.1,3.1,29.3,32.3,21.4,28.7,11.1,11.0,33.0,41.0,2.0,5.0,10.2,8.2,25.0,23.0,7.1,5.9,3.0,7.1,7.1,4.0,20.2,1.0,22.2,1.0,19.0,22.2,18.8,37.6
1772938322.2454836,31.6,26.0,25.3,24.2,17.5,26.7,28.3,31.3,28.6,19.4,20.0,5.2,15.2,14.1,34.0,17.5,16.3,11.3,35.4,34.7,13.1,12.1,6.1,14.9,10.1,10.0,19.4,28.0,29.3,12.1,11.1,12.2,36.4,37.4,6.1,1.0,16.2,13.3,40.6,49.0,8.1,2.1,11.0,8.2,17.2,17.8,17.2,2.1,22.0,2.0,22.0,23.2,35.6,25.0
1772938323.2455676,27.6,27.6,17.3,20.0,32.3,36.4,25.7,33.3,23.7,28.6,19.2,12.1,12.1,10.2,26.3,16.2,20.0,15.3,26.7,24.2,10.9,22.0,13.9,11.1,6.1,10.2,17.0,25.0,22.0,9.4,14.0,10.1,32.0,34.7,3.0,2.1,9.1,12.0,44.9,49.5,5.1,6.1,3.0,8.0,9.1,10.1,3.0,20.0,22.8,3.0,17.2,23.2,25.5,36.4
1772938324.248721,24.7,26.7,20.0,17.2,27.3,40.2,30.9,24.2,30.0,18.0,15.0,14.9,16.3,10.9,27.0,22.8,22.8,15.2,18.0,21.0,10.0,19.0,5.1,16.2,8.1,8.0,25.7,16.0,25.3,27.2,12.9,12.9,34.7,34.7,2.0,4.0,12.2,19.0,28.3,29.4,3.0,7.0,5.2,21.2,9.0,11.0,13.1,4.1,10.3,8.2,19.8,23.5,25.7,37.0
1772938325.2521982,20.4,15.0,18.6,17.6,35.0,30.3,31.4,24.8,20.6,17.2,1.0,18.0,12.1,7.0,14.9,30.3,23.0,12.9,27.7,31.0,12.1,15.0,5.1,15.8,9.1,5.0,27.5,13.0,27.7,17.3,8.8,13.1,36.6,31.0,2.0,3.0,7.1,9.0,41.6,38.4,4.0,6.1,13.9,12.0,17.6,15.8,3.0,16.2,2.9,21.8,24.8,20.0,22.8,24.2
1772938326.2522686,25.5,42.0,29.6,17.3,32.7,27.0,27.8,28.6,22.4,15.2,8.2,12.4,17.0,14.1,26.3,27.3,12.1,27.7,27.8,25.3,14.3,12.2,5.2,18.2,9.0,8.0,17.3,28.3,14.1,19.2,9.2,13.7,38.4,35.6,4.0,4.1,16.2,11.2,46.9,39.4,5.1,5.1,17.2,15.5,8.2,11.1,2.1,18.2,5.1,18.4,19.4,20.6,25.5,38.4
1772938327.252341,24.5,43.0,21.4,16.3,35.1,32.0,34.7,25.3,28.0,22.2,19.4,4.0,16.3,10.2,31.7,18.4,20.2,21.2,25.3,24.7,18.0,8.2,8.0,18.4,10.9,8.2,33.0,28.6,26.8,18.4,13.0,11.2,35.0,41.0,3.1,4.1,18.2,15.3,41.4,42.6,10.0,4.1,17.2,17.0,17.2,15.2,6.1,20.0,9.2,13.3,24.0,21.2,27.3,33.0
1772938328.2524252,31.3,26.0,12.0,25.0,35.6,23.2,31.3,26.3,25.3,21.2,20.0,4.1,11.1,12.1,24.2,21.0,23.2,13.0,27.3,28.0,2.0,4.1,6.1,17.2,4.1,6.1,28.3,37.4,36.3,14.0,11.0,11.0,24.0,43.0,3.0,3.0,17.3,8.2,28.3,30.0,5.1,5.1,17.2,12.2,10.0,9.9,12.1,12.1,8.2,13.1,28.7,14.1,28.0,31.3
1772938329.2529018,33.7,30.0,30.6,19.4,28.9,34.0,26.3,28.6,27.6,17.3,15.2,10.0,14.3,10.1,20.2,31.3,20.8,18.2,26.3,23.2,8.0,20.2,5.1,16.0,5.1,10.1,30.3,33.3,30.3,13.0,9.0,12.0,34.0,42.0,2.0,4.0,7.1,18.0,41.6,37.8,3.1,7.1,17.2,13.3,18.0,16.0,4.0,18.0,3.0,19.2,19.4,18.2,26.3,37.6
1772938330.2539482,23.2,30.0,19.4,22.0,35.1,33.3,35.7,37.6,33.0,24.8,16.0,7.2,20.4,16.3,15.2,32.0,24.8,15.0,29.0,29.0,6.1,21.0,12.9,14.0,7.1,12.9,34.0,36.3,24.2,9.1,14.0,10.0,44.0,27.3,14.1,6.0,11.1,13.1,51.0,51.5,6.1,6.1,17.2,14.1,10.1,8.2,13.4,8.2,4.1,3.1,18.8,27.3,25.3,27.8
1772938331.2543647,50.0,18.2,18.4,21.4,29.3,34.0,26.3,26.5,24.0,21.4,12.1,13.0,27.7,16.5,15.2,35.4,20.4,16.2,20.2,20.2,3.1,22.2,9.0,12.0,7.1,10.1,30.0,30.3,22.0,6.2,12.1,10.1,36.4,37.4,4.1,2.0,17.2,15.3,36.3,30.3,8.0,6.1,19.2,17.0,17.0,15.3,4.0,19.0,14.1,10.0,23.0,15.0,22.0,23.0
1772938332.2567651,46.1,19.0,23.2,19.0,30.6,33.0,19.2,28.3,13.3,23.8,15.2,5.0,5.1,16.0,31.0,18.2,19.2,17.2,35.0,37.0,5.1,22.8,5.1,18.0,5.0,10.0,14.1,31.4,33.7,10.9,10.1,8.0,29.4,34.7,6.9,2.0,3.1,15.2,33.3,30.0,8.0,5.0,15.7,12.0,5.0,9.9,1.0,16.2,22.0,2.0,25.0,19.0,31.7,29.6
1772938333.259389,41.4,35.0,17.3,17.8,34.0,23.0,22.2,33.3,23.2,21.6,18.2,2.0,14.0,14.0,30.7,22.0,14.0,23.0,19.2,19.2,6.9,22.8,5.1,15.3,9.2,6.1,25.0,26.5,29.6,13.1,12.0,10.9,32.0,39.0,3.1,3.0,17.0,8.0,35.4,40.6,4.1,5.1,19.2,14.1,19.6,16.0,3.0,17.8,23.0,0.0,23.0,15.2,24.5,32.7
1772938334.262368,35.6,23.0,26.0,15.3,41.0,36.0,36.0,28.3,32.0,27.0,21.8,4.0,10.2,15.8,32.7,17.0,16.8,9.1,24.8,25.3,17.0,13.3,8.2,17.0,8.2,8.1,30.0,36.4,20.0,5.1,13.0,11.0,43.4,32.0,4.1,5.1,13.1,8.3,50.0,53.5,7.1,6.1,14.1,13.1,6.1,7.1,11.1,17.3,2.0,22.0,26.5,18.2,26.0,41.0
1772938335.2629979,39.8,38.6,15.5,11.0,30.0,24.2,31.0,17.0,22.0,26.3,19.2,5.9,13.3,6.1,30.0,17.3,9.1,23.2,28.6,26.3,17.3,4.0,4.0,17.2,5.1,5.0,29.0,28.0,22.8,11.1,11.0,11.9,37.0,26.0,2.0,3.1,20.2,16.8,31.0,29.0,3.0,5.1,14.0,18.2,22.0,19.8,17.2,4.0,20.0,3.0,19.8,12.1,41.6,20.2
1772938336.2649088,35.1,25.0,13.0,11.0,27.3,31.0,25.5,23.8,20.2,25.0,21.4,1.0,8.1,8.1,30.3,12.1,25.7,16.0,27.3,27.3,13.9,12.4,5.0,21.6,4.0,13.0,22.2,31.7,24.0,18.0,11.0,11.0,34.3,37.6,2.0,4.0,9.1,12.1,34.0,26.0,4.0,4.0,13.3,12.1,6.1,4.0,20.0,2.0,8.2,13.3,22.2,13.1,36.4,23.2
1772938337.26565,25.5,17.2,17.3,10.3,24.2,27.3,21.2,25.0,8.0,15.2,12.1,7.1,7.0,3.1,21.0,23.8,23.2,12.0,11.9,16.0,12.0,11.0,13.0,5.1,4.0,5.1,24.2,23.5,24.0,11.9,9.0,11.1,29.0,25.0,1.0,2.0,4.0,14.0,22.8,17.8,5.1,3.0,13.0,14.9,4.0,2.0,15.2,1.0,8.0,13.1,20.8,10.1,26.3,28.0
1772938338.2657328,18.2,30.0,16.2,18.2,34.3,33.0,22.2,19.4,18.2,18.6,2.0,18.4,11.0,7.0,31.3,10.2,22.0,17.8,5.1,21.2,18.2,6.0,9.2,15.2,16.8,5.0,26.7,34.0,16.8,9.1,9.9,13.0,34.0,37.4,3.0,2.0,4.1,21.0,18.4,19.2,4.1,6.1,10.2,14.3,6.1,8.1,21.2,3.0,11.1,12.1,18.0,22.0,27.7,35.4
1772938339.2672827,18.6,23.0,13.9,12.9,11.0,25.3,14.1,14.1,24.2,37.0,1.0,20.8,5.1,13.0,20.8,9.0,21.8,16.2,18.2,13.0,10.0,4.0,4.0,17.2,10.2,3.0,17.3,21.0,2.0,21.0,11.0,12.9,29.0,32.7,3.0,3.0,16.0,5.0,31.7,25.7,6.9,2.0,15.0,15.8,17.8,15.7,17.2,1.0,17.8,5.1,16.2,18.2,24.2,29.0
1772938340.2673626,25.8,12.1,16.2,12.9,19.2,20.8,14.0,15.0,27.0,33.3,2.0,20.0,3.1,6.1,21.0,6.1,17.0,23.5,17.0,13.1,4.1,4.0,6.1,18.8,12.0,2.0,32.3,25.0,1.0,20.0,11.0,15.0,33.7,35.0,3.0,1.0,13.1,7.1,27.6,26.5,3.1,1.0,11.1,10.1,4.0,3.0,21.8,2.0,8.1,2.0,19.0,17.0,32.0,28.3
1772938341.2695131,26.5,11.0,18.4,16.0,19.4,18.4,24.8,15.2,19.8,28.0,3.0,20.2,5.0,14.0,20.2,4.0,17.2,7.0,26.3,30.3,3.0,4.1,18.0,4.1,7.1,9.0,27.3,29.0,12.2,27.0,12.9,11.0,38.0,32.3,2.0,2.0,8.0,10.9,28.3,32.7,6.9,4.0,4.0,4.1,2.0,4.0,13.1,7.1,2.0,4.0,20.0,20.0,33.0,24.2
1772938342.2697945,21.4,35.6,7.2,6.1,22.0,17.8,18.4,10.0,23.5,30.3,2.0,20.2,6.1,6.1,21.0,3.0,10.0,17.2,31.0,26.0,11.9,14.0,21.0,4.0,4.1,20.2,28.3,24.2,33.3,11.9,10.2,13.9,38.0,32.7,2.1,2.0,5.1,15.3,15.2,15.2,3.0,3.0,5.0,3.0,2.0,2.0,3.9,18.8,2.0,2.0,15.0,20.2,20.4,20.2
1772938343.2714357,30.3,44.0,16.2,13.0,16.2,15.0,24.0,30.0,20.0,28.0,16.3,5.0,10.0,9.0,18.0,14.9,17.0,16.0,19.2,12.2,6.0,21.0,10.0,13.9,5.9,10.1,23.0,26.0,23.0,4.1,13.9,11.9,35.0,30.0,2.1,2.0,18.2,16.2,19.0,16.2,3.0,6.1,3.0,10.0,16.7,16.8,17.0,8.0,13.0,3.0,18.2,17.0,18.0,22.0
1772938344.2715101,18.8,37.3,5.0,5.1,11.0,23.0,17.2,25.7,22.8,27.3,21.6,1.0,2.0,5.1,20.2,2.0,17.0,3.0,15.0,11.0,3.0,21.0,18.8,3.0,2.0,12.1,14.0,15.2,4.1,18.8,11.9,11.1,27.7,40.0,3.0,1.0,7.9,13.0,14.7,16.2,5.1,4.0,1.0,3.0,9.0,9.9,20.2,0.0,21.8,2.0,21.0,10.1,17.0,16.2
1772938345.2716067,24.2,16.2,11.1,16.0,16.0,22.0,28.7,18.4,23.2,20.0,21.0,2.0,8.0,6.1,20.2,4.0,9.1,10.1,14.1,6.1,2.0,22.0,16.2,4.1,11.1,7.9,15.3,19.0,10.9,22.0,11.0,11.9,34.0,32.0,3.0,1.0,8.1,10.1,16.3,23.0,2.0,3.1,3.0,4.0,3.1,1.0,19.0,2.0,21.2,3.0,17.8,18.0,21.0,23.0
1772938346.2716894,23.0,18.2,10.2,13.0,18.2,20.2,18.0,33.0,27.6,25.0,19.0,3.0,4.1,9.9,22.0,5.1,17.0,21.2,15.8,2.0,4.0,21.0,18.0,7.0,11.1,9.1,19.8,16.3,4.1,21.0,14.0,11.0,30.3,42.2,3.0,3.0,4.1,14.0,31.0,25.0,3.0,7.9,3.0,3.0,4.0,2.0,14.3,7.0,20.8,3.0,21.0,16.3,24.5,26.3
1772938347.2737024,28.0,27.7,27.0,21.2,27.7,17.0,22.5,18.2,19.0,25.3,18.4,3.0,12.2,12.2,25.3,6.1,22.0,22.0,27.3,34.7,13.0,12.9,8.0,14.0,6.1,9.0,26.7,30.4,8.1,25.7,21.8,11.9,35.6,32.0,3.0,1.0,7.0,14.1,30.6,37.0,6.1,4.0,4.0,13.0,15.2,15.0,3.0,15.3,21.2,1.0,19.8,26.7,28.0,32.7
1772938348.2753315,13.5,38.6,18.0,11.0,27.6,22.0,24.5,20.0,25.7,22.0,11.9,13.3,11.9,4.0,32.3,13.0,22.2,19.2,33.3,40.0,17.2,5.1,3.1,20.0,6.0,8.1,33.3,25.3,12.1,32.0,12.0,10.0,35.0,29.0,2.0,3.0,6.0,13.0,22.0,29.0,6.0,2.0,3.0,2.0,8.1,10.0,2.0,19.8,14.3,7.1,15.2,16.0,34.7,20.4
1772938349.2756674,26.5,34.0,16.2,8.2,35.4,29.0,22.2,27.0,25.8,17.2,21.2,2.0,5.2,5.1,20.0,24.2,17.8,25.0,25.3,14.3,15.0,10.8,4.0,21.2,4.0,18.2,30.0,31.3,21.8,17.0,11.2,13.9,36.6,38.4,3.1,2.0,17.5,5.1,34.7,39.6,3.1,3.1,5.1,3.0,3.1,4.0,5.0,17.0,4.1,15.2,22.0,22.2,34.7,27.7
1772938350.2790506,12.5,42.2,14.1,12.0,30.7,28.0,25.7,28.0,22.8,16.8,12.0,9.9,10.9,8.1,29.0,13.3,3.0,17.8,14.0,2.0,12.0,13.3,4.0,16.2,14.1,6.1,30.0,33.0,18.2,1.0,12.9,12.0,37.0,31.7,5.0,3.0,8.0,13.0,29.7,25.0,4.0,4.0,5.1,8.1,3.0,4.0,6.1,14.0,13.9,8.1,22.0,19.2,24.8,35.0
1772938351.2807183,23.7,38.6,17.0,10.0,30.3,23.2,24.0,23.2,14.1,18.2,2.0,23.0,9.0,8.9,32.7,19.0,14.1,2.0,11.1,7.1,6.9,18.8,5.1,18.8,8.9,9.0,24.0,32.4,22.0,4.0,9.9,11.0,29.0,36.6,2.0,1.0,9.0,24.8,33.0,29.7,5.1,2.0,17.2,13.1,12.9,11.9,5.1,15.7,13.0,10.9,18.8,16.0,26.3,34.0
1772938352.2816527,25.8,37.0,12.2,7.0,26.0,26.0,20.2,23.2,13.1,12.1,2.0,20.4,4.1,2.0,30.0,10.1,15.2,5.1,3.0,18.2,1.0,3.0,14.0,5.0,2.0,9.2,29.0,16.0,21.6,2.0,11.0,13.0,35.6,32.0,3.0,1.0,16.3,3.0,36.0,28.3,5.9,1.0,13.0,11.2,15.8,10.9,3.0,16.2,20.2,0.0,12.0,16.8,23.0,22.2
1772938353.287153,19.8,34.3,16.2,13.1,29.0,25.0,24.0,28.0,12.0,20.0,12.1,6.9,9.8,4.0,31.0,12.9,20.0,9.0,14.0,14.0,3.0,3.0,21.0,4.0,4.0,8.9,25.0,23.5,7.1,19.8,11.9,12.7,28.0,34.0,2.0,3.0,5.0,18.0,34.3,35.0,4.0,2.0,14.0,11.9,1.0,2.0,3.0,20.0,5.0,1.0,18.0,18.4,19.0,17.8
1772938354.2901444,17.5,37.0,14.3,15.0,30.4,26.0,15.2,34.0,18.2,22.2,23.0,1.0,9.2,4.0,24.2,19.0,12.1,12.1,26.0,30.7,3.0,3.0,12.0,10.9,9.3,7.1,27.0,31.0,28.0,26.7,10.9,13.0,37.0,27.0,3.0,1.0,3.1,17.0,26.7,30.0,6.1,2.0,13.0,12.1,4.0,3.0,6.1,14.1,2.0,2.0,16.2,19.2,21.2,20.2
1772938355.2934465,28.3,35.0,25.3,19.2,30.6,34.0,27.3,30.4,21.0,33.0,3.0,19.0,28.7,18.0,21.0,33.3,16.0,21.8,31.0,27.3,5.1,11.9,17.0,20.2,13.9,5.0,33.0,34.7,23.2,23.2,12.1,12.0,31.3,40.6,2.0,4.0,13.1,12.0,31.3,30.7,4.0,6.1,14.0,17.0,9.1,10.1,12.1,12.0,5.2,4.1,22.8,23.0,21.0,20.2
1772938356.2953393,37.8,32.0,21.2,20.2,35.4,28.0,16.3,33.3,17.0,28.0,2.0,17.2,9.1,11.0,24.2,20.0,7.1,27.0,28.3,26.3,23.5,5.1,12.1,7.1,8.1,6.1,30.7,24.0,11.1,26.0,11.0,11.0,32.0,35.0,3.0,1.0,9.0,11.1,45.0,49.0,5.0,6.1,14.3,17.3,15.8,17.0,14.9,3.0,20.8,2.0,19.0,20.2,18.2,18.2
1772938357.2978222,18.2,26.7,16.0,16.8,33.0,25.3,27.7,25.0,17.3,25.3,3.0,20.2,9.2,11.1,17.2,27.3,15.3,18.8,16.0,11.9,21.2,4.0,14.1,7.0,8.1,6.1,23.0,20.2,4.0,21.4,11.0,10.0,41.0,36.6,4.0,2.0,15.3,4.1,37.0,40.4,4.0,6.0,13.3,13.9,6.0,6.0,18.2,8.0,21.2,5.1,17.2,21.0,17.3,22.0
1772938358.30295,26.8,34.0,18.6,14.1,32.0,31.0,26.5,26.3,26.0,18.6,1.0,20.0,12.0,14.0,29.3,17.2,24.5,10.2,22.2,23.2,23.0,9.0,17.0,3.0,6.1,9.9,25.0,21.2,23.0,21.8,9.0,10.0,32.4,35.6,1.0,2.0,16.2,10.1,27.3,37.0,5.1,5.1,15.8,17.8,22.8,20.8,17.0,2.0,16.0,7.1,22.0,21.0,27.5,31.0
1772938359.3049834,24.7,34.7,26.5,23.5,28.0,37.6,22.7,21.2,18.2,30.3,3.0,20.2,14.1,10.3,31.3,17.2,20.8,20.8,42.0,35.0,23.2,4.1,16.3,5.2,7.1,6.1,25.3,38.4,26.7,33.7,12.0,12.0,37.4,34.3,1.0,7.2,12.1,15.2,37.0,35.0,6.1,4.0,12.2,18.2,4.0,5.2,15.0,3.0,11.0,13.3,15.8,26.0,28.6,32.0
1772938360.3057482,24.7,43.0,25.3,15.8,36.4,27.3,31.4,21.0,18.2,27.0,2.0,21.8,13.0,8.0,28.3,16.7,14.0,22.0,25.0,22.2,21.8,6.9,14.0,4.0,8.1,1.0,30.0,33.7,12.1,24.8,10.0,11.9,34.7,31.7,2.0,5.9,5.1,14.9,49.0,50.0,8.0,5.0,14.1,15.2,24.0,19.8,11.1,7.0,3.0,20.8,21.6,23.0,23.0,34.3
1772938361.307249,23.7,33.7,18.8,20.2,35.4,22.2,32.7,27.0,22.0,24.2,14.0,8.2,15.2,15.3,31.3,18.6,12.1,19.4,17.3,16.3,21.2,3.1,15.2,8.2,3.1,11.0,26.3,34.3,11.2,15.3,9.1,11.1,32.0,42.0,3.0,2.1,12.2,21.2,34.0,41.4,4.1,6.1,18.0,15.5,5.2,5.9,1.0,17.3,2.1,19.4,16.3,25.0,19.4,18.4
1772938362.3073268,29.2,34.3,17.2,16.2,29.6,29.3,36.4,38.4,21.4,20.6,21.2,4.1,17.2,18.2,25.0,21.2,16.2,19.2,26.0,26.0,9.0,16.2,2.0,16.8,5.1,10.1,28.7,30.7,21.0,12.0,10.1,10.1,40.6,31.0,2.0,3.1,11.0,4.0,29.7,21.2,7.1,4.0,13.1,16.0,13.9,11.2,7.0,11.1,8.1,13.3,15.2,20.2,22.4,23.8
1772938363.3084362,24.0,39.2,24.7,26.0,38.6,25.7,31.0,28.0,25.3,21.0,7.0,14.1,15.0,22.0,17.8,33.0,20.2,17.0,28.3,25.5,8.2,18.0,9.0,12.1,10.1,5.1,31.6,30.3,26.0,17.0,11.9,13.0,29.3,38.0,2.0,3.0,9.3,15.3,28.3,21.2,6.9,6.0,11.2,20.0,11.2,12.0,13.3,9.2,10.2,13.0,22.0,24.0,36.0,23.5
1772938364.3159106,24.8,37.0,26.0,27.5,31.0,24.2,30.3,25.0,22.0,29.0,3.1,19.8,11.1,10.2,24.2,8.1,18.0,20.2,26.0,25.7,13.0,16.8,12.0,16.0,12.0,9.8,33.3,32.0,24.0,15.2,11.0,12.9,39.0,34.7,2.0,2.0,9.0,11.1,34.7,43.6,5.1,4.1,18.0,13.1,11.9,10.1,19.8,3.0,11.0,12.0,17.6,21.0,37.0,30.7
1772938365.316658,35.1,33.3,21.6,28.9,24.2,21.0,25.7,30.3,22.0,14.3,1.0,19.0,11.1,18.0,11.0,21.2,12.2,34.3,16.0,25.3,20.0,9.2,17.2,6.1,10.1,7.1,30.6,30.0,5.1,22.0,12.0,12.1,32.0,38.6,3.1,4.0,18.4,17.3,28.0,30.0,7.1,3.1,17.0,14.1,18.0,16.0,15.2,3.0,2.0,20.0,25.0,18.2,34.7,28.0
1772938366.3167346,38.4,18.2,26.0,16.0,26.0,15.2,28.6,28.0,12.4,19.2,15.8,8.1,7.1,11.0,7.1,21.8,13.3,10.2,21.4,24.5,10.1,5.9,15.0,8.0,7.0,11.1,34.0,27.3,9.2,22.8,9.2,10.0,34.7,35.4,2.0,4.0,9.0,8.0,22.4,25.3,5.1,5.9,11.2,9.2,2.0,5.0,10.9,10.2,4.0,6.2,18.2,21.2,18.0,38.0
1772938367.3175209,36.0,35.6,28.0,23.2,25.3,22.2,24.2,35.0,39.0,25.0,21.2,2.0,13.1,8.1,21.2,12.2,15.0,26.0,33.3,39.4,7.1,7.1,13.1,9.1,10.0,6.1,33.0,28.6,11.1,30.3,13.9,12.9,38.4,33.3,4.0,2.0,14.1,14.1,40.0,31.0,3.0,6.1,6.1,5.0,23.0,22.0,16.2,5.1,4.1,7.1,18.4,25.0,27.6,34.3
1772938368.317601,32.0,24.2,22.2,19.0,18.4,30.0,26.0,31.0,33.0,27.3,20.0,3.0,14.0,12.1,24.0,6.0,12.0,24.0,23.2,28.3,8.1,18.8,6.0,14.1,13.0,2.0,27.0,35.9,14.0,23.5,11.0,10.1,32.7,42.6,4.0,3.0,14.9,5.0,43.1,47.0,3.0,7.9,10.0,4.0,2.0,5.1,13.0,4.0,0.0,22.0,18.8,19.4,30.0,23.5
1772938369.3185923,42.9,26.3,21.0,20.2,38.8,24.0,29.0,28.6,15.5,27.3,18.4,1.0,14.1,7.2,25.0,27.6,17.2,17.0,31.0,35.4,6.0,21.4,5.2,17.2,2.0,14.3,33.3,27.6,19.2,4.1,10.1,12.1,34.3,32.3,2.1,2.0,14.3,18.2,42.9,38.8,5.1,14.3,5.1,3.1,13.0,14.1,17.0,2.1,1.0,20.4,20.2,22.0,24.2,25.0
1772938370.3197873,31.7,13.0,19.2,21.0,34.0,33.3,21.0,20.8,22.8,23.0,23.0,6.0,7.1,20.6,20.2,22.0,13.0,22.8,24.2,17.0,5.0,21.8,5.9,16.0,7.1,8.9,27.5,16.0,28.7,8.1,11.0,12.6,34.0,33.0,3.0,3.0,12.1,4.1,33.3,33.7,6.1,14.0,9.0,8.9,13.0,12.0,9.2,10.0,1.0,32.0,21.0,22.8,29.7,24.7
1772938371.3198693,20.6,24.0,21.6,22.2,33.3,32.7,20.4,15.2,21.4,22.4,3.0,20.2,6.1,11.2,19.2,31.0,12.1,21.2,21.0,14.9,5.1,21.2,11.2,5.1,6.2,8.1,18.4,30.3,20.0,20.0,11.0,12.1,34.3,39.2,2.1,3.1,10.2,13.1,28.0,29.3,6.0,5.0,10.1,16.2,5.1,3.1,15.0,2.0,1.0,21.2,21.0,20.4,27.6,32.7
1772938372.3199527,37.8,36.7,18.2,19.2,27.6,37.8,32.3,26.5,22.2,25.0,4.1,21.2,11.2,14.1,29.3,14.4,18.2,15.3,31.0,29.6,7.1,22.0,9.1,15.3,8.2,10.0,30.0,33.7,16.0,21.4,14.1,12.0,32.7,38.0,3.0,4.0,12.1,8.1,42.9,47.5,6.2,3.1,20.2,12.2,23.0,20.8,17.2,4.0,13.3,37.0,20.2,24.8,29.7,29.6
1772938373.3248503,31.3,24.0,21.2,18.2,28.7,38.0,28.7,30.0,26.7,20.0,2.0,19.0,13.0,11.1,35.6,20.0,9.1,12.9,27.3,29.0,14.0,11.9,8.0,17.6,8.1,7.1,31.0,34.3,12.0,14.1,11.1,12.9,43.0,33.3,2.0,3.0,13.3,21.0,41.6,40.6,5.1,5.0,13.1,13.1,5.1,7.1,13.1,6.1,12.0,9.1,23.8,17.3,22.4,25.0
1772938374.3267066,32.0,39.6,26.7,16.8,26.3,35.4,26.3,28.0,18.2,22.0,1.0,16.2,17.2,6.1,22.2,22.4,3.1,9.2,20.0,31.0,15.0,15.0,6.1,14.0,10.0,9.0,28.0,32.0,10.3,32.7,11.9,11.0,27.0,32.3,4.1,2.0,2.0,12.0,38.4,32.3,1.0,8.2,17.2,14.1,20.8,22.8,11.9,10.2,11.2,15.8,17.8,22.0,20.0,16.2
1772938375.3321688,26.3,24.2,19.0,23.5,28.3,29.7,19.2,36.0,26.3,17.3,3.0,19.0,8.2,10.1,24.2,27.7,5.1,16.8,13.1,15.0,14.1,12.9,6.1,18.2,7.0,4.1,30.3,32.3,31.0,14.0,10.1,14.1,41.0,29.0,3.1,2.0,12.0,14.3,33.0,33.3,6.0,5.1,13.9,15.0,4.0,6.1,18.0,11.9,10.9,13.3,20.4,17.0,22.0,37.6
1772938376.333864,44.1,26.0,19.4,20.8,33.0,30.3,23.0,34.3,23.8,17.2,7.0,15.0,15.2,14.0,19.4,25.3,15.2,4.0,33.0,30.0,17.0,8.2,11.0,13.9,9.0,7.1,35.0,30.7,6.0,24.0,10.0,14.9,35.4,39.0,5.1,3.1,7.1,14.1,44.0,46.5,7.1,5.0,20.0,16.0,13.0,13.0,15.8,17.3,6.2,19.2,22.2,22.0,28.7,32.3
1772938377.336215,38.4,24.0,20.4,19.0,34.7,31.0,25.3,31.6,20.6,23.2,17.5,3.0,12.2,15.3,30.3,21.2,10.1,17.3,37.0,30.9,11.2,7.1,10.0,16.3,11.3,9.2,30.0,30.3,27.0,11.3,14.0,13.0,31.0,39.0,3.1,3.1,18.4,19.0,37.0,44.3,6.1,5.1,21.4,13.1,15.0,14.1,8.2,17.2,2.1,13.3,24.0,19.2,28.3,37.8
1772938378.3363862,32.7,30.3,19.1,25.8,36.4,32.0,30.6,28.3,21.8,32.0,21.4,1.0,11.0,12.1,26.3,25.5,18.8,21.0,8.2,21.2,13.0,5.1,9.3,16.0,10.1,10.1,34.0,31.3,21.2,42.0,12.0,13.0,29.0,41.4,3.0,8.2,7.1,11.2,31.6,42.4,4.1,5.2,15.2,11.3,14.1,14.1,11.1,12.1,9.1,15.5,25.3,21.2,24.2,36.4
1772938379.3364527,33.3,36.0,23.8,20.0,30.3,31.3,30.0,27.0,24.2,23.0,7.9,20.2,7.2,18.2,30.3,15.0,18.4,17.0,22.8,29.0,20.4,8.0,19.8,5.1,11.1,3.0,27.3,32.3,14.1,27.3,8.0,10.1,31.0,37.4,3.0,4.0,13.0,13.0,42.0,42.0,4.0,7.9,18.0,15.2,12.9,14.0,16.8,2.0,3.0,21.0,20.0,22.0,19.4,34.3
1772938380.3376253,39.0,17.2,21.2,19.0,31.0,32.0,32.0,22.2,16.0,32.0,15.2,5.1,12.0,6.1,32.7,19.2,14.9,24.0,31.0,25.3,22.3,5.1,16.2,6.0,10.9,5.1,31.0,30.7,4.1,21.0,12.0,10.1,37.0,34.3,1.0,4.0,15.2,8.1,34.0,45.0,6.0,7.1,14.0,12.9,5.1,8.0,12.1,7.1,2.0,22.5,20.0,22.0,31.7,28.7
1772938381.3377516,29.6,37.0,23.7,22.4,31.6,36.6,32.7,34.3,27.6,23.5,2.1,22.4,14.3,16.5,31.0,14.4,15.3,14.4,34.7,32.3,23.2,5.1,15.3,7.1,4.1,14.3,23.7,30.0,33.0,11.2,12.1,11.0,38.4,34.3,1.0,4.1,11.2,21.4,43.3,38.4,7.1,5.2,20.2,13.3,20.8,18.0,19.0,4.0,1.0,21.9,25.3,19.8,31.3,32.7
1772938382.3388865,9.4,26.7,26.0,19.0,33.3,29.0,44.0,32.3,25.3,21.0,2.0,18.8,17.8,8.0,25.3,23.0,11.2,9.1,18.8,8.1,21.2,5.0,14.9,7.1,9.1,9.1,24.5,21.4,26.3,17.8,10.9,10.2,37.6,30.7,2.0,4.0,6.0,15.2,27.7,18.4,4.1,5.0,13.0,13.0,4.0,4.0,19.2,2.0,1.0,21.8,23.0,15.0,30.0,26.3
1772938383.3411615,36.7,30.6,26.8,13.1,37.8,23.5,20.4,23.2,27.3,20.4,2.0,19.4,26.3,24.0,23.2,22.2,16.2,23.0,20.2,19.2,24.8,4.1,10.1,13.1,12.1,11.0,29.0,32.3,13.9,12.4,11.2,12.9,30.3,41.0,2.0,11.0,7.1,15.0,33.3,34.0,7.1,4.1,15.5,19.0,24.8,22.8,17.3,5.1,2.0,21.2,20.0,23.2,37.0,26.3
1772938384.3412406,27.3,34.7,18.4,20.2,23.0,33.7,18.4,21.2,22.0,16.2,7.1,14.9,5.1,8.1,23.5,20.0,11.0,21.8,33.3,37.4,21.8,4.0,15.0,8.1,8.0,4.1,29.3,31.3,18.4,9.1,10.9,11.1,33.0,29.0,2.0,7.1,16.2,13.0,30.3,26.3,4.0,6.1,12.1,12.2,4.0,4.0,8.1,8.1,3.1,18.2,21.0,21.0,15.2,15.0
1772938385.34165,37.4,29.7,26.0,25.0,26.0,21.2,29.0,25.3,22.2,29.7,20.2,1.0,15.0,13.1,6.1,21.2,19.2,20.8,24.5,27.3,15.0,12.0,8.1,16.2,6.1,5.1,32.0,32.0,17.8,27.3,11.1,10.9,30.7,42.0,4.0,5.1,11.0,15.2,30.3,29.6,8.0,5.0,13.0,20.0,16.8,16.8,19.2,2.0,6.1,14.3,23.0,20.4,29.0,19.4
1772938386.3441257,34.0,37.0,24.5,14.1,23.2,22.2,31.3,30.3,30.3,27.6,22.0,7.1,18.4,10.1,28.7,19.0,24.0,18.2,12.0,26.7,7.1,20.4,18.2,6.1,6.1,4.0,33.0,35.0,30.0,14.0,13.1,12.1,39.4,33.0,3.1,4.0,14.0,14.1,30.9,36.7,3.1,7.1,13.1,17.3,10.2,10.0,19.0,4.0,12.1,12.2,17.2,24.0,36.0,25.7
1772938387.3442092,16.5,38.6,22.0,18.0,17.2,21.0,25.0,28.3,33.0,28.3,15.0,3.0,11.0,8.1,5.1,23.0,9.1,24.0,14.0,25.0,13.1,13.0,5.9,13.1,9.0,7.1,28.0,29.7,18.8,6.0,8.9,9.1,30.0,27.0,2.0,8.1,9.1,6.1,39.2,38.0,6.1,4.0,8.1,6.0,10.1,8.1,12.1,4.0,11.1,12.0,15.0,25.0,27.0,20.2
1772938388.346244,43.9,32.0,20.4,21.8,26.3,22.8,25.3,31.7,22.4,21.4,21.4,1.0,8.2,10.2,20.4,14.1,17.0,18.2,39.6,36.0,16.2,11.9,15.0,15.0,10.1,5.1,31.3,37.8,21.2,9.1,11.0,17.2,43.0,35.0,2.0,4.0,14.1,19.2,36.4,41.8,6.1,3.1,5.1,7.1,19.0,15.2,13.1,11.1,6.1,19.0,24.0,20.2,31.7,34.3
1772938389.3463273,28.3,7.1,21.2,22.2,30.3,33.7,33.3,22.2,8.9,12.1,17.8,3.0,11.1,12.1,16.3,18.4,26.0,11.0,24.2,24.5,13.3,4.0,3.0,14.1,1.0,8.1,29.7,30.0,19.6,24.2,8.1,11.0,24.0,31.0,3.0,2.0,15.0,10.1,35.6,39.0,4.0,4.0,4.0,11.1,9.1,10.0,2.0,14.1,3.0,9.2,14.0,24.8,17.2,33.0
1772938390.346408,28.1,15.0,24.5,15.0,30.0,22.0,28.0,24.0,25.0,22.2,18.2,1.0,9.1,11.0,22.0,28.3,20.0,18.2,8.2,8.2,2.0,8.0,9.2,10.9,5.1,7.1,29.3,27.3,28.3,11.2,11.1,11.0,37.0,32.3,3.0,2.0,2.0,13.3,29.6,32.3,7.9,4.0,2.0,6.0,12.0,11.0,5.1,15.0,2.0,5.0,16.2,26.0,22.4,36.4
1772938391.348036,27.0,11.9,20.6,21.0,27.3,31.7,30.6,24.2,28.0,17.0,5.0,16.8,9.9,15.0,29.4,14.0,18.0,14.9,25.7,22.8,7.1,19.0,5.1,14.0,3.1,8.0,32.0,26.7,22.8,4.0,10.9,12.9,31.0,34.0,3.0,3.0,6.1,18.8,41.2,40.6,8.2,2.0,14.0,8.0,9.9,11.0,18.0,2.0,4.0,16.2,27.3,14.1,21.6,35.3
1772938392.3481207,27.6,15.5,19.8,16.2,25.8,31.6,28.3,31.3,27.8,23.0,13.3,10.1,7.2,14.6,27.3,23.5,18.2,20.2,27.6,33.7,6.1,21.2,12.1,12.1,10.1,3.1,30.3,31.3,25.3,8.1,9.1,11.2,33.3,31.0,2.1,3.1,17.3,11.2,34.0,41.0,7.1,6.2,12.2,14.3,13.3,12.2,12.1,10.0,3.0,22.2,23.0,16.3,26.8,26.5
1772938393.3492353,17.7,22.8,21.4,27.6,33.3,28.7,30.7,26.0,25.5,23.2,16.3,2.0,13.0,13.1,21.6,31.4,14.0,17.0,32.0,30.6,4.0,22.0,13.1,14.0,9.1,6.1,30.0,30.3,27.0,20.2,10.0,12.9,40.2,28.3,3.1,2.0,13.1,15.2,44.6,38.4,10.1,5.1,14.3,20.0,10.0,11.0,15.3,3.1,1.0,21.0,10.2,28.0,18.0,19.2
1772938394.350771,31.6,25.7,17.3,22.2,36.0,26.3,17.5,20.2,25.8,17.2,25.7,14.0,14.0,12.1,19.0,33.3,9.0,6.1,10.0,14.0,5.1,23.0,11.0,10.2,10.0,7.0,22.8,24.0,21.0,21.2,11.1,19.2,39.0,27.3,6.0,2.0,5.0,9.2,26.3,32.0,9.2,7.0,14.0,14.1,15.0,14.0,13.0,1.0,2.0,22.2,22.8,16.0,19.4,23.0
1772938395.3509336,32.7,39.8,16.3,26.0,30.9,38.0,27.0,20.2,32.7,23.0,26.3,18.4,28.0,13.3,17.2,28.0,14.3,29.3,24.2,23.2,7.1,21.0,6.1,18.0,8.1,9.2,21.6,25.3,5.2,22.2,14.0,11.1,39.0,35.0,3.1,3.1,16.3,15.3,43.6,45.5,7.1,6.1,16.3,16.3,11.0,12.1,17.3,5.2,6.1,22.0,27.3,18.2,21.4,20.2
1772938396.3516626,31.3,28.7,23.2,22.2,30.7,35.4,31.6,27.6,12.9,16.2,36.7,20.0,8.2,14.3,21.0,33.7,25.0,15.2,31.0,44.0,9.1,18.8,6.1,17.2,10.3,7.1,33.0,29.0,22.8,13.0,12.0,11.9,31.0,33.0,1.0,3.0,20.4,15.2,41.4,29.9,7.0,6.1,13.3,15.8,13.1,12.0,12.2,11.9,9.1,11.0,25.0,20.0,26.0,29.6
1772938397.3540382,30.2,38.4,21.2,21.2,31.3,28.4,25.0,32.3,9.1,15.0,12.9,14.0,27.3,15.8,25.5,26.0,23.8,16.2,21.4,26.5,6.1,4.1,8.1,9.1,4.0,6.0,33.0,23.5,15.0,28.0,9.1,10.9,35.4,31.0,4.0,1.0,10.8,10.0,39.6,36.0,4.0,6.0,17.0,14.3,15.8,14.0,11.0,7.0,1.0,3.0,22.2,16.2,32.0,25.3
1772938398.3566515,16.5,45.6,19.4,18.4,28.9,32.3,24.2,31.7,12.9,11.1,20.0,1.0,21.8,26.5,15.2,31.0,12.0,26.0,24.2,12.0,4.1,3.1,19.2,6.0,12.1,3.1,36.4,33.3,18.2,27.0,11.0,11.9,30.7,29.0,2.0,3.0,9.1,14.1,36.7,30.3,3.1,5.2,14.0,16.2,7.1,8.0,10.0,10.1,2.0,2.1,18.0,24.2,30.3,26.0
1772938399.3585973,28.6,30.0,23.0,25.5,30.7,34.3,21.4,29.0,14.1,10.1,7.1,15.8,7.1,11.0,23.8,19.8,11.0,23.0,20.8,14.1,6.0,2.0,7.1,14.3,10.1,6.0,31.3,28.3,16.0,23.2,10.0,10.0,32.3,33.7,2.0,1.0,4.0,12.1,40.6,31.4,1.0,6.1,13.0,19.2,15.8,14.9,2.0,15.2,3.0,2.0,13.1,23.8,31.0,13.0
1772938400.3586824,21.4,20.4,15.3,18.2,34.3,22.8,26.7,25.3,6.2,12.1,16.2,1.0,11.1,7.0,15.3,29.3,19.0,15.0,28.3,29.0,5.0,1.0,3.0,13.0,6.1,3.1,30.7,26.0,24.0,11.1,15.8,12.0,33.0,23.2,2.0,5.0,8.2,13.1,36.6,40.2,3.0,6.0,13.1,13.0,9.0,5.1,1.0,15.0,2.0,1.0,8.1,27.3,18.8,17.3
1772938401.3640392,32.7,32.7,20.0,16.2,30.7,25.0,24.2,27.0,16.0,25.5,21.0,2.0,12.0,11.1,20.2,28.3,16.0,15.0,30.7,27.3,1.0,6.9,8.1,10.0,6.1,11.0,25.0,29.0,31.0,14.0,9.9,15.0,27.7,34.0,3.0,3.0,6.0,13.0,34.3,30.6,4.0,3.0,15.2,14.1,13.0,10.0,10.0,6.1,3.0,3.0,21.4,22.2,22.0,28.3
1772938402.364845,36.0,26.0,10.9,7.1,23.0,27.7,16.0,15.8,23.0,22.5,9.0,14.9,1.0,5.1,13.7,26.0,21.0,16.0,21.0,6.9,3.0,8.1,6.0,14.0,8.9,6.9,12.0,15.0,14.9,19.0,10.0,9.9,25.0,33.3,1.0,2.0,1.0,18.8,14.1,13.9,2.0,3.9,12.0,12.9,5.0,1.0,17.8,0.0,8.9,0.0,9.0,14.9,26.0,24.8
1772938403.367736,36.4,24.2,11.1,10.0,28.3,28.3,20.4,37.0,28.0,28.3,23.0,1.0,7.1,12.0,21.4,35.4,18.0,22.8,17.2,3.0,11.1,13.3,5.1,19.0,4.1,15.2,16.2,21.0,2.0,21.0,11.0,13.1,35.4,35.7,3.0,2.0,12.0,11.1,19.6,15.3,2.0,3.1,13.1,12.1,7.0,6.0,21.0,2.0,13.0,9.2,20.2,17.2,37.0,20.0
1772938404.370667,22.2,39.6,13.4,7.0,24.2,22.0,40.2,28.0,19.2,28.0,20.2,2.0,5.1,7.0,27.3,17.2,19.8,14.0,6.9,15.0,11.0,15.0,9.9,15.8,11.0,5.0,17.8,16.2,2.0,20.0,10.9,10.9,34.7,32.4,2.0,3.0,16.2,5.1,16.3,19.0,4.0,8.1,12.0,13.0,8.1,7.1,19.8,2.0,10.0,13.7,10.0,20.4,36.6,26.3
1772938405.3707442,27.6,31.7,9.4,4.1,11.2,19.2,22.2,23.2,20.0,18.0,21.0,0.0,6.0,7.1,11.1,24.0,19.0,5.1,10.2,12.1,7.1,18.0,21.2,4.0,4.0,18.2,16.2,15.0,4.0,21.8,12.0,13.0,37.0,30.0,3.0,2.0,11.2,17.0,20.2,22.0,4.0,3.0,12.1,11.2,2.0,3.0,20.2,2.0,18.2,3.1,12.0,23.8,29.0,32.0
1772938406.3719273,18.6,34.7,11.0,8.2,19.0,15.2,23.2,21.6,17.2,13.1,10.9,12.1,12.1,20.0,6.1,23.2,5.1,17.0,25.3,26.0,5.1,8.1,20.0,2.0,8.0,8.2,19.8,13.1,24.8,13.1,9.0,11.0,32.3,35.6,3.0,2.0,8.0,16.0,20.2,15.0,4.1,3.0,16.3,13.9,6.1,5.1,18.8,2.0,5.1,3.0,13.1,16.3,31.7,27.3
1772938407.3719974,29.0,17.2,14.3,10.9,13.1,16.0,16.2,22.4,13.1,13.1,1.0,20.0,15.0,10.3,9.1,23.0,3.0,12.2,25.7,33.0,6.9,2.0,10.0,13.0,15.3,4.0,30.3,22.2,22.0,18.8,12.1,10.1,29.7,35.4,2.0,3.0,6.0,11.1,27.0,24.0,4.0,6.1,11.1,13.1,10.0,9.9,14.1,0.0,3.0,1.0,20.6,18.0,34.7,19.0
1772938408.3720803,28.6,10.0,12.1,20.4,26.5,24.0,27.0,9.0,29.3,28.0,1.0,21.0,7.1,10.1,16.8,10.1,20.4,20.2,22.2,20.4,3.1,5.1,19.0,7.1,11.0,13.1,33.7,23.2,12.2,29.3,11.9,13.9,31.3,38.0,2.0,2.1,13.3,16.2,29.3,28.3,5.1,5.1,5.1,9.2,11.2,10.1,9.2,13.3,4.1,3.0,18.2,22.2,35.0,31.6
1772938409.3737578,13.3,20.0,13.3,8.0,30.7,10.0,15.0,11.0,25.0,21.0,0.0,19.8,5.0,4.0,21.0,4.0,21.6,14.0,17.0,10.0,2.0,3.0,7.1,16.8,8.0,8.0,21.8,25.0,6.0,24.8,9.9,11.0,28.0,35.4,2.0,1.0,14.0,11.0,15.0,21.2,5.0,1.0,4.0,2.0,4.0,5.0,5.1,14.9,1.0,6.0,13.9,19.0,27.0,26.5
1772938410.3764408,9.4,20.0,15.8,17.0,13.1,16.8,27.0,19.2,22.2,21.2,2.0,18.0,11.1,8.1,15.8,11.0,22.0,12.9,18.0,24.0,13.3,24.8,14.0,3.0,7.1,3.0,23.8,30.0,2.0,20.0,10.9,11.0,31.7,27.5,3.0,3.9,4.0,12.9,17.2,18.8,3.0,2.0,3.0,10.9,11.8,13.9,16.8,1.0,1.0,22.0,13.0,14.1,32.3,20.0
1772938411.377749,31.3,29.3,12.4,12.0,19.0,15.2,25.0,25.7,22.8,35.6,2.0,20.0,5.0,3.0,20.2,4.0,23.8,19.8,21.0,2.0,3.9,20.2,6.9,21.0,15.8,4.0,22.0,16.0,4.0,22.8,12.0,11.0,37.0,31.0,2.0,3.1,9.0,12.1,13.7,19.0,2.0,4.0,3.0,3.0,3.0,4.0,13.0,8.1,1.0,20.2,22.8,14.0,19.0,20.8
1772938412.378613,29.7,29.7,16.0,21.2,20.2,26.7,34.0,21.4,16.2,34.3,3.0,20.2,6.1,8.1,11.1,18.0,27.7,16.3,23.2,23.2,5.1,21.8,16.2,7.1,13.3,4.0,21.2,22.0,2.0,21.6,12.0,14.0,36.4,33.7,3.0,3.0,8.1,13.3,26.0,21.2,7.1,7.1,6.1,2.0,7.1,5.2,17.2,1.0,2.0,22.8,19.4,18.2,22.2,18.4
1772938413.3786962,29.9,36.6,15.3,20.0,16.2,25.5,26.3,29.7,19.4,29.3,2.0,16.2,10.2,17.2,5.1,28.0,14.3,21.0,35.4,40.6,8.0,20.8,15.3,6.9,7.1,6.0,27.0,27.3,14.1,27.0,12.1,24.2,41.0,32.0,4.1,1.0,19.0,9.0,44.9,53.5,8.0,9.0,5.1,9.4,15.0,17.2,18.0,3.1,18.0,5.1,16.2,25.3,26.0,29.0
1772938414.3796368,29.6,37.0,19.2,22.2,30.3,33.3,30.0,29.6,34.7,24.7,2.0,21.0,13.0,12.9,25.0,27.3,10.2,10.1,29.3,36.0,6.1,21.0,16.2,7.1,9.0,9.2,33.0,32.0,12.0,30.3,12.1,17.8,45.0,32.7,4.0,3.0,11.2,13.3,43.4,36.4,12.2,10.0,6.1,9.0,8.2,11.9,17.2,4.0,17.2,6.0,15.2,26.0,25.3,38.0
1772938415.3797197,18.8,25.5,23.2,17.0,27.0,36.0,28.3,25.3,20.2,37.4,2.0,17.3,9.1,13.0,30.3,18.2,5.0,10.3,8.2,18.4,10.2,8.2,14.0,8.1,6.1,7.1,31.0,28.6,6.1,24.8,10.9,9.1,31.0,35.6,4.0,2.0,22.0,11.0,34.7,31.3,8.1,5.1,19.4,9.2,16.0,15.2,3.1,15.2,9.1,10.2,13.0,24.2,19.2,38.0
1772938416.3798022,24.8,17.8,24.5,16.3,31.6,26.3,19.2,19.2,24.0,23.2,5.1,21.0,10.0,11.2,27.3,16.8,12.1,6.1,25.3,26.0,8.0,4.0,16.8,6.0,5.1,11.1,30.7,34.0,5.0,20.2,11.1,13.0,31.7,35.0,1.0,2.1,13.1,7.1,28.6,30.0,9.0,4.0,14.0,14.3,10.0,8.1,11.0,11.0,1.0,21.2,16.0,23.8,23.0,33.7
1772938417.3815098,41.4,21.2,16.8,22.8,28.3,38.0,11.2,25.3,20.6,24.2,2.0,17.0,16.3,10.0,25.0,27.3,11.1,8.0,25.5,29.3,3.1,6.1,8.2,14.3,7.1,7.1,32.3,30.0,18.4,22.0,9.9,12.9,34.0,34.0,2.0,2.0,8.2,16.8,43.6,49.5,8.0,2.0,11.2,20.2,15.0,16.7,5.1,16.3,6.1,18.2,15.2,26.5,19.6,40.2
1772938418.383347,33.7,34.0,27.3,14.3,32.3,33.3,19.0,18.0,26.0,22.0,2.0,22.0,14.1,10.0,16.2,28.0,8.2,16.0,31.3,30.3,8.2,6.0,5.1,17.8,9.1,9.1,31.0,34.3,31.7,16.3,10.1,12.1,29.7,38.6,2.0,5.0,18.2,18.2,45.5,35.6,8.1,5.0,13.1,18.0,13.0,15.2,12.9,7.1,12.1,11.9,22.0,24.0,28.0,30.3
1772938419.3885632,43.0,19.0,28.3,20.2,34.0,31.7,20.0,16.0,15.2,12.1,3.9,19.8,13.1,12.2,22.0,29.3,21.0,17.2,17.2,18.2,5.9,6.9,4.1,17.0,5.1,8.1,32.7,19.4,25.0,6.0,11.0,11.0,31.0,34.0,4.0,4.0,11.2,5.1,41.6,34.3,5.1,5.1,14.0,18.0,11.9,11.9,17.0,2.0,9.0,16.2,16.8,22.2,23.0,33.0
1772938420.3916662,40.4,33.0,13.4,21.0,29.6,37.4,19.6,23.2,18.8,27.3,3.1,19.2,11.1,11.0,16.2,27.3,22.8,15.0,25.0,27.0,3.1,9.1,5.9,19.4,6.1,9.1,35.4,30.0,10.2,17.5,11.9,13.0,39.4,28.7,6.1,3.0,15.8,13.1,37.4,36.0,8.1,6.1,13.1,13.3,17.8,18.2,18.0,4.0,1.0,12.2,20.8,22.0,23.2,35.6
1772938421.3925211,33.3,25.0,20.6,17.3,25.5,35.6,30.7,25.0,15.2,31.7,1.0,20.8,18.2,5.0,30.0,24.2,13.1,22.8,30.7,28.0,6.0,22.0,7.1,14.0,6.1,9.9,27.3,35.6,10.1,35.3,8.8,11.0,35.6,36.0,5.1,2.0,11.0,13.3,35.0,46.1,6.1,4.0,15.0,19.2,8.2,7.0,13.0,4.0,7.1,4.0,15.2,20.2,26.3,30.3
1772938422.3928826,26.0,40.2,21.2,18.0,35.6,27.3,30.3,27.7,21.2,28.0,3.0,16.2,15.2,10.2,19.2,28.0,7.0,18.2,19.4,18.2,8.2,18.8,15.2,5.0,10.0,7.1,35.0,26.5,13.3,29.7,13.0,13.0,35.4,39.2,5.1,0.0,16.3,12.0,35.4,41.4,5.1,6.0,11.2,14.1,7.1,7.1,14.3,9.0,23.0,1.0,20.2,25.7,33.7,30.0
1772938423.3949132,20.0,13.3,26.5,21.0,38.8,22.0,29.9,25.8,17.3,27.3,1.0,23.0,14.1,12.2,18.2,30.3,19.2,9.2,31.3,31.0,12.0,17.2,8.1,16.2,13.0,8.0,24.0,36.6,7.1,18.2,9.3,10.0,36.6,28.6,3.0,5.0,13.1,9.2,37.4,34.0,9.1,4.1,17.8,16.2,19.0,17.8,14.9,3.1,21.2,3.0,21.0,20.2,24.5,32.0
1772938424.396652,32.0,19.0,14.4,26.3,29.3,28.3,20.2,27.0,17.3,25.3,18.2,2.0,17.2,6.1,24.2,23.2,27.7,5.0,14.0,19.6,7.1,18.2,12.0,12.2,11.2,5.2,29.0,28.3,29.0,15.3,13.0,11.9,33.0,32.7,3.0,3.1,4.1,9.2,39.4,36.1,5.1,5.1,12.1,21.0,7.1,8.2,11.2,9.2,21.0,1.0,16.0,25.0,20.2,21.0
1772938425.4000905,11.5,19.2,18.0,21.8,39.0,27.0,25.0,15.2,20.8,24.2,19.0,2.0,12.2,10.9,21.8,25.3,26.7,11.0,25.0,29.3,4.0,16.0,17.2,9.0,12.0,4.0,25.0,15.0,33.0,26.7,12.0,9.0,25.0,35.4,1.0,4.0,17.2,13.0,41.0,40.6,5.1,4.0,11.1,14.1,20.8,18.0,14.0,8.0,21.0,1.0,16.2,26.0,26.7,22.0
1772938426.4031696,32.0,20.0,16.5,20.0,29.3,29.3,22.2,23.2,25.7,16.0,8.2,12.0,11.1,6.1,30.3,16.2,23.2,11.1,21.0,18.2,4.0,6.1,10.0,12.0,5.0,11.2,29.0,17.0,18.0,17.0,11.0,12.0,37.0,31.3,5.0,2.0,6.0,11.1,40.6,36.4,6.0,8.0,16.2,14.0,4.0,5.0,8.0,14.1,20.2,2.0,20.2,24.0,31.3,23.0
1772938427.4032552,26.0,13.0,24.2,25.3,30.0,36.0,35.0,22.4,21.4,23.2,4.0,20.2,12.9,16.3,31.0,21.0,22.8,12.0,27.3,23.2,12.1,12.0,5.1,18.2,6.2,9.0,25.0,32.3,2.0,19.2,12.0,11.0,28.0,32.4,4.1,3.0,6.0,14.3,27.6,39.0,3.1,8.2,15.2,13.3,17.2,13.1,13.0,7.1,12.0,12.2,19.6,22.4,35.4,23.0
1772938428.403328,18.7,20.2,5.0,4.0,11.0,30.0,22.0,19.0,12.1,10.2,0.0,1.0,16.2,10.0,20.0,17.0,20.8,1.0,18.2,18.2,2.0,18.8,1.0,1.0,0.0,0.0,21.6,20.0,12.1,9.9,2.0,5.0,22.8,1.0,0.0,0.0,1.0,2.0,22.2,22.0,2.0,0.0,11.0,16.0,7.9,9.0,1.0,1.0,0.0,1.0,2.0,21.6,20.8,0.0
1772938429.4034035,16.5,10.9,0.0,0.0,9.1,30.7,25.0,7.0,30.3,7.0,0.0,0.0,6.9,5.0,9.1,9.1,15.8,5.0,2.0,2.0,6.9,14.0,1.0,0.0,2.0,0.0,20.2,20.8,10.8,10.2,0.0,0.0,20.8,0.0,0.0,0.0,0.0,0.0,10.9,11.9,3.0,0.0,11.0,11.9,0.0,1.0,0.0,0.0,0.0,0.0,13.9,6.0,20.2,1.0
1772938430.4034793,16.0,9.0,0.0,0.0,8.0,25.5,20.0,2.0,27.3,5.1,1.0,0.0,0.0,0.0,5.9,7.0,3.0,4.0,0.0,0.0,16.0,4.0,0.0,0.0,0.0,0.0,20.6,20.2,2.0,3.0,0.0,0.0,11.1,9.0,0.0,0.0,0.0,0.0,5.1,5.0,0.0,1.0,10.0,9.1,0.0,1.0,0.0,0.0,0.0,0.0,21.0,0.0,16.8,3.0
1772938431.4035552,21.6,1.0,0.0,0.0,0.0,20.8,10.1,7.1,20.0,0.0,0.0,0.0,1.0,0.0,0.0,0.0,0.0,0.0,0.0,0.0,21.0,0.0,0.0,0.0,0.0,0.0,17.0,23.8,0.0,0.0,0.0,0.0,20.8,0.0,0.0,0.0,0.0,0.0,0.0,0.0,0.0,0.0,11.0,9.0,1.0,0.0,0.0,0.0,0.0,0.0,20.0,0.0,3.0,5.0
1772938432.4036276,21.2,0.0,0.0,0.0,0.0,20.0,0.0,0.0,19.2,0.0,0.0,0.0,0.0,0.0,0.0,0.0,0.0,0.0,0.0,0.0,9.1,7.0,0.0,0.0,0.0,0.0,6.0,28.0,0.0,0.0,0.0,0.0,0.0,0.0,0.0,0.0,0.0,0.0,0.0,0.0,0.0,0.0,0.0,0.0,0.0,0.0,0.0,0.0,0.0,0.0,20.0,0.0,0.0,0.0
1772938433.4036963,21.2,0.0,0.0,1.0,0.0,20.8,0.0,0.0,20.8,0.0,0.0,0.0,0.0,0.0,0.0,0.0,0.0,0.0,0.0,0.0,0.0,0.0,0.0,0.0,0.0,0.0,0.0,20.0,0.0,0.0,0.0,0.0,0.0,0.0,0.0,0.0,0.0,0.0,0.0,0.0,0.0,0.0,0.0,0.0,0.0,0.0,0.0,0.0,0.0,0.0,20.8,0.0,0.0,0.0
1772938434.4037652,21.0,0.0,0.0,0.0,0.0,20.0,0.0,0.0,16.0,4.0,0.0,0.0,0.0,0.0,0.0,0.0,0.0,0.0,0.0,0.0,0.0,0.0,0.0,0.0,0.0,0.0,0.0,20.8,0.0,0.0,0.0,0.0,0.0,0.0,0.0,0.0,0.0,0.0,0.0,0.0,0.0,0.0,0.0,0.0,0.0,0.0,0.0,0.0,0.0,0.0,21.0,0.0,0.0,0.0
1772938435.403854,21.2,0.0,0.0,0.0,0.0,9.0,1.0,0.0,3.0,5.0,0.0,0.0,0.0,0.0,0.0,0.0,0.0,0.0,0.0,0.0,1.0,0.0,0.0,0.0,0.0,0.0,0.0,21.8,0.0,0.0,0.0,0.0,0.0,0.0,0.0,0.0,0.0,0.0,0.0,0.0,0.0,0.0,0.0,0.0,0.0,0.0,0.0,0.0,0.0,0.0,20.0,0.0,0.0,0.0
1772938436.4039333,19.0,1.0,0.0,0.0,0.0,0.0,0.0,0.0,0.0,0.0,0.0,0.0,0.0,0.0,0.0,0.0,0.0,0.0,0.0,0.0,0.0,0.0,0.0,0.0,0.0,0.0,0.0,9.9,0.0,0.0,0.0,0.0,0.0,0.0,0.0,0.0,0.0,0.0,0.0,0.0,0.0,0.0,0.0,0.0,0.0,0.0,0.0,0.0,0.0,0.0,5.9,15.0,0.0,0.0
1772938437.4040148,7.0,7.0,0.0,0.0,0.0,0.0,1.0,0.0,0.0,0.0,0.0,0.0,0.0,0.0,0.0,0.0,0.0,0.0,0.0,0.0,0.0,0.0,0.0,0.0,0.0,0.0,0.0,0.0,0.0,0.0,0.0,0.0,0.0,0.0,0.0,0.0,0.0,0.0,0.0,0.0,1.0,0.0,0.0,0.0,0.0,0.0,0.0,0.0,0.0,0.0,0.0,21.0,0.0,0.0
1772938438.4040895,0.0,0.0,0.0,0.0,0.0,0.0,0.0,0.0,0.0,0.0,0.0,0.0,0.0,0.0,0.0,0.0,0.0,0.0,0.0,0.0,0.0,0.0,0.0,0.0,0.0,0.0,0.0,0.0,0.0,0.0,0.0,0.0,0.0,0.0,0.0,0.0,0.0,0.0,0.0,0.0,0.0,0.0,0.0,0.0,0.0,0.0,0.0,0.0,0.0,0.0,0.0,20.0,0.0,0.0
1772938439.404167,0.0,0.0,0.0,0.0,0.0,0.0,0.0,0.0,0.0,0.0,0.0,0.0,0.0,0.0,0.0,0.0,0.0,0.0,0.0,0.0,0.0,0.0,0.0,0.0,0.0,0.0,0.0,0.0,0.0,0.0,0.0,0.0,0.0,0.0,0.0,0.0,0.0,0.0,0.0,0.0,0.0,0.0,0.0,0.0,0.0,0.0,0.0,0.0,0.0,0.0,0.0,20.8,0.0,0.0
1772938440.404242,0.0,0.0,0.0,0.0,0.0,0.0,0.0,0.0,0.0,0.0,0.0,0.0,0.0,0.0,0.0,0.0,0.0,0.0,0.0,0.0,0.0,0.0,0.0,0.0,0.0,0.0,0.0,0.0,0.0,0.0,0.0,0.0,0.0,0.0,0.0,0.0,0.0,0.0,0.0,0.0,0.0,0.0,0.0,0.0,0.0,0.0,0.0,0.0,0.0,0.0,0.0,20.0,0.0,0.0
