timestamp,CPU_0(group_0),CPU_64(group_0),CPU_2(group_1),CPU_66(group_1),CPU_4(group_2),CPU_68(group_2),CPU_6(group_3),CPU_70(group_3),CPU_8(group_4),CPU_72(group_4),CPU_10(group_5),CPU_74(group_5),CPU_12(group_6),CPU_76(group_6),CPU_14(group_7),CPU_78(group_7),CPU_16(group_8),CPU_80(group_8),CPU_18(group_9),CPU_82(group_9),CPU_20(group_10),CPU_84(group_10),CPU_22(group_11),CPU_86(group_11),CPU_24(group_12),CPU_88(group_12),CPU_26(group_13),CPU_90(group_13),CPU_28(group_14),CPU_92(group_14),CPU_30(group_15),CPU_94(group_15),CPU_32(group_16),CPU_96(group_16),CPU_34(group_17),CPU_98(group_17),CPU_36(group_18),CPU_100(group_18),CPU_38(group_19),CPU_102(group_19),CPU_40(group_20),CPU_104(group_20),CPU_42(group_21),CPU_106(group_21),CPU_44(group_22),CPU_108(group_22),CPU_46(group_23),CPU_110(group_23),CPU_48(group_24),CPU_112(group_24),CPU_50(group_25),CPU_114(group_25),CPU_52(group_26),CPU_116(group_26)
1772938598.6830494,0.0,0.0,0.0,50.0,0.0,0.0,0.0,0.0,0.0,0.0,0.0,100.0,0.0,0.0,0.0,0.0,0.0,100.0,100.0,100.0,0.0,0.0,0.0,0.0,0.0,0.0,100.0,0.0,100.0,0.0,100.0,0.0,0.0,0.0,0.0,0.0,100.0,100.0,0.0,0.0,0.0,0.0,0.0,0.0,0.0,0.0,0.0,0.0,100.0,100.0,0.0,0.0,0.0,0.0
1772938599.6884284,27.1,25.0,32.3,29.9,40.2,36.7,7.1,8.2,6.1,7.2,23.0,19.2,42.0,40.4,25.5,25.8,17.3,22.2,39.4,35.7,42.6,40.6,52.5,32.0,40.8,10.2,13.3,13.1,35.4,36.6,42.9,43.4,21.0,17.3,4.0,6.1,41.4,40.0,5.2,5.2,16.3,13.5,35.1,28.6,1.0,4.0,14.1,15.2,11.1,11.2,20.4,14.3,28.9,24.7
1772938600.6914008,11.0,10.9,18.2,19.0,32.3,37.6,3.0,11.1,24.5,20.4,6.1,6.1,41.0,41.2,13.3,13.0,13.4,9.2,35.0,34.7,36.4,35.6,50.0,31.4,11.0,6.0,10.1,11.1,26.0,27.6,42.0,40.2,5.1,4.0,2.0,4.1,39.6,41.4,3.0,4.0,11.2,13.7,24.5,22.5,5.0,3.1,7.1,9.0,8.1,8.1,34.7,37.3,20.2,21.0
1772938601.6917508,11.2,8.2,21.2,12.2,40.4,36.0,2.0,10.1,3.0,5.1,4.0,7.0,43.1,41.0,29.0,32.3,6.0,12.1,36.0,34.3,40.6,38.6,50.5,30.0,3.1,4.1,7.0,9.1,27.0,34.0,41.2,41.0,4.0,5.1,1.0,4.0,39.0,42.0,3.0,2.1,40.6,43.4,21.0,21.2,3.1,2.0,7.9,9.8,6.1,9.0,7.1,8.0,20.8,22.0
1772938602.6977377,12.2,10.2,17.3,19.4,34.0,36.4,4.0,6.1,4.1,6.0,6.1,6.1,36.4,32.0,40.4,38.0,18.0,15.3,29.3,40.0,36.6,40.0,51.5,30.7,35.6,7.0,10.1,10.1,34.0,31.7,42.0,39.0,2.0,4.1,3.0,3.1,41.6,40.6,3.1,2.1,40.0,41.6,26.0,23.2,6.9,2.0,12.4,8.2,8.1,9.1,30.7,34.3,25.3,17.3
1772938603.7006505,11.9,10.0,12.1,14.1,37.4,36.0,4.0,3.0,5.0,2.1,3.0,4.0,24.0,32.0,18.0,14.4,2.1,2.0,29.7,33.7,34.0,36.6,51.5,30.0,30.3,4.1,9.2,7.0,17.2,26.0,37.4,43.0,4.0,6.0,0.0,7.1,41.4,37.0,5.2,19.8,41.0,41.0,18.4,13.9,1.0,1.0,8.0,7.0,6.1,6.1,7.2,6.2,17.2,20.2
1772938604.7007313,12.4,8.2,17.3,14.3,40.8,34.0,5.1,3.0,26.3,22.0,5.1,5.1,30.6,27.3,12.1,7.1,15.2,11.1,33.3,37.8,41.7,37.6,51.5,28.7,32.0,6.0,10.0,6.1,33.0,33.0,41.0,41.0,5.1,3.1,2.0,3.0,42.0,40.0,5.1,5.2,39.0,40.6,29.7,22.0,4.0,4.0,11.2,7.1,7.1,8.1,20.2,21.0,16.2,21.2
1772938605.7025754,12.2,7.0,15.2,10.9,38.8,22.8,2.0,1.0,2.0,1.0,5.0,5.9,19.8,28.7,28.6,30.0,10.0,5.9,32.3,28.0,32.7,34.0,45.0,36.6,32.0,6.9,8.1,5.9,20.0,20.0,40.6,40.0,2.0,2.0,4.0,1.0,39.6,38.0,3.0,2.0,39.6,41.0,15.0,17.0,1.0,2.0,7.1,5.0,6.0,7.1,23.0,22.0,19.0,18.0
1772938606.7026498,10.4,6.0,16.0,9.3,31.6,42.4,3.0,2.0,5.1,4.0,5.2,2.1,28.0,26.3,36.7,42.9,10.2,12.4,31.0,31.3,37.4,31.7,49.0,32.7,16.3,13.3,8.0,9.2,23.8,29.3,41.0,40.4,4.0,5.1,6.1,5.0,39.4,40.4,23.2,34.3,40.4,40.6,18.2,10.2,2.0,4.0,7.1,4.1,5.1,6.1,15.2,15.2,13.3,16.5
1772938607.702731,13.0,7.2,17.5,15.0,38.4,34.0,3.1,2.0,11.2,13.5,8.0,6.0,31.3,31.0,20.4,19.6,12.2,11.1,36.0,35.0,38.2,41.6,51.5,31.3,6.1,35.6,7.1,11.0,38.0,25.0,41.0,40.6,4.0,4.0,7.1,1.0,40.0,41.0,14.3,16.3,40.6,41.0,17.0,26.0,3.0,3.0,8.0,10.0,9.0,5.2,28.0,29.3,22.0,22.0
1772938608.7038682,13.1,12.0,19.0,16.2,30.6,39.6,7.0,4.0,6.1,15.8,9.0,9.1,31.0,36.4,13.1,10.1,8.2,13.1,33.3,33.0,36.0,36.6,48.5,33.0,19.0,12.1,10.0,11.0,27.0,30.7,41.0,40.0,5.9,4.0,1.0,4.0,42.2,41.6,3.0,2.0,41.4,39.6,23.8,21.2,3.1,4.0,14.1,10.0,9.0,19.2,15.2,13.3,25.5,19.2
1772938609.7070096,12.0,7.1,16.3,13.1,38.8,36.4,2.0,3.1,3.0,2.0,5.1,8.1,24.0,27.3,30.3,28.3,9.1,9.1,27.0,35.4,36.6,37.6,50.5,32.4,5.1,24.2,7.1,7.1,30.0,25.3,41.0,40.0,3.1,4.0,1.0,6.2,38.0,40.0,3.0,2.0,40.0,40.0,22.0,17.8,3.0,2.0,7.1,7.1,7.1,13.9,25.7,26.3,16.0,19.4
1772938610.70858,10.4,9.2,17.2,16.3,40.0,33.0,4.0,4.1,6.1,3.0,6.0,4.1,31.0,31.7,36.0,33.0,10.2,13.0,32.7,39.6,34.3,34.7,51.5,30.0,5.1,25.0,9.1,10.1,27.3,35.0,42.6,39.4,8.1,5.1,1.0,9.2,44.0,42.6,3.1,4.0,40.6,40.0,22.2,20.2,3.1,5.0,12.1,8.1,9.1,15.5,13.1,13.1,17.3,27.3
1772938611.70866,13.1,9.1,21.0,18.2,35.4,39.0,3.1,2.1,20.2,20.6,4.1,4.1,31.0,33.3,25.3,18.6,9.3,7.1,30.3,36.4,37.6,38.4,41.4,41.0,6.1,30.3,11.2,9.1,30.0,32.0,37.4,42.6,5.1,4.0,5.1,7.1,38.0,37.6,4.0,4.0,40.6,40.4,27.0,22.8,2.0,3.1,8.2,10.1,7.1,12.1,30.7,32.0,18.2,21.2
1772938612.7093258,13.9,8.1,14.0,15.5,35.4,34.0,2.1,1.0,4.0,3.0,4.0,5.1,30.7,31.0,10.3,18.4,5.1,7.1,34.0,32.3,39.0,39.2,47.0,34.7,5.1,18.2,6.0,7.1,31.7,14.1,40.0,42.0,3.1,1.0,3.1,7.1,40.0,39.4,4.0,7.1,40.0,40.6,18.2,25.3,2.0,2.0,8.0,8.1,9.9,21.4,6.1,7.1,20.2,18.0
1772938613.7115462,10.5,8.1,16.3,17.8,39.2,35.6,5.1,3.0,4.1,2.1,4.1,5.1,35.4,33.3,24.2,26.0,13.4,13.1,29.6,44.0,35.6,40.2,38.6,43.0,6.1,24.5,9.1,12.0,27.3,34.0,41.4,39.0,6.1,5.1,7.0,5.0,39.6,42.6,4.1,3.0,34.3,34.7,25.0,18.0,4.0,4.0,9.2,10.2,10.1,16.2,27.7,30.7,23.0,20.2
1772938614.7128305,14.9,10.1,19.0,19.4,34.0,44.0,4.0,3.1,9.3,11.0,6.0,5.1,35.6,33.7,33.7,31.0,11.9,17.0,39.0,36.6,40.2,38.6,41.6,40.0,6.0,37.6,8.0,6.1,28.7,32.7,42.6,39.6,7.0,2.0,4.1,1.0,38.6,42.0,3.0,4.0,30.7,31.7,19.2,28.3,4.1,3.0,13.0,10.1,8.2,8.2,13.1,14.3,23.5,26.0
1772938615.7170255,9.3,9.2,16.2,13.1,35.4,35.6,3.0,5.0,12.2,17.2,4.1,2.0,22.2,28.0,24.2,25.3,9.1,3.1,26.0,39.6,38.6,40.2,31.7,50.0,6.1,14.9,12.1,23.0,30.0,20.0,42.6,35.0,4.0,2.0,2.0,2.0,38.0,40.6,6.1,3.0,29.7,31.7,19.8,22.8,3.0,2.0,8.9,9.1,8.8,6.9,22.0,23.8,13.1,24.0
1772938616.7188156,13.3,10.1,19.4,15.3,35.1,39.0,3.0,4.1,4.0,3.0,5.1,5.1,27.3,34.0,17.2,13.4,12.1,6.2,37.4,32.3,38.0,39.0,30.3,32.3,5.1,34.7,8.2,8.0,29.3,30.0,27.3,34.3,5.1,4.0,3.0,3.1,38.0,38.0,5.1,2.0,30.3,30.3,22.2,21.4,8.2,4.0,7.1,6.1,5.1,6.1,21.0,22.4,20.2,19.0
1772938617.718896,15.0,9.0,17.2,18.8,36.7,36.0,5.1,1.0,4.1,3.1,5.1,4.1,33.7,32.0,18.4,14.3,6.1,11.1,40.0,30.0,37.3,34.7,31.0,35.0,4.0,36.1,5.0,7.1,31.3,25.3,26.3,36.0,4.0,5.1,4.1,7.1,40.6,41.6,4.0,4.1,17.8,14.3,24.0,27.3,11.1,2.0,8.2,9.1,10.0,8.9,7.1,10.1,19.4,21.6
1772938618.7196882,11.1,10.2,17.8,16.3,34.0,43.0,5.1,5.0,10.1,10.2,6.9,5.1,34.0,32.0,29.0,29.0,6.1,9.1,37.0,33.0,41.2,35.6,45.5,36.6,6.0,19.8,16.0,13.1,33.0,28.7,23.2,33.7,6.1,1.0,7.1,4.0,40.4,41.4,4.0,5.1,12.1,13.0,20.8,25.7,9.0,2.0,8.0,10.1,8.0,7.2,32.0,29.7,21.2,20.2
1772938619.7202876,12.1,10.1,14.3,15.5,36.1,33.7,6.1,3.0,17.3,10.3,3.1,5.1,31.6,33.7,36.7,29.3,12.2,10.1,28.3,35.4,38.0,37.6,51.0,31.0,4.1,24.5,8.2,8.1,30.0,28.3,13.1,41.0,6.1,3.0,2.0,5.0,41.6,39.6,2.1,7.1,10.2,13.3,20.2,22.2,9.3,3.0,9.1,10.1,4.1,8.2,9.2,9.1,21.2,16.8
1772938620.7216475,13.1,8.0,16.0,14.1,32.0,33.7,5.1,2.1,2.0,3.0,5.0,3.1,21.0,28.3,20.2,14.4,6.1,15.0,26.0,32.7,32.4,37.6,43.6,23.0,5.9,33.3,7.1,7.8,23.8,25.0,40.0,37.0,5.1,3.0,4.0,5.1,38.6,40.6,3.0,6.1,13.0,12.9,18.2,18.0,5.0,5.1,8.1,7.9,5.1,7.1,27.7,28.7,18.0,18.4
1772938621.724651,13.1,9.0,18.0,13.1,36.7,38.0,3.0,2.0,3.0,4.1,5.0,3.0,31.7,23.0,21.0,15.2,5.1,12.1,32.7,32.0,37.6,35.0,43.1,23.8,7.0,18.2,8.9,3.0,14.1,34.0,41.6,18.8,2.0,3.0,2.0,2.0,41.0,42.0,2.0,9.1,14.3,28.0,21.0,18.2,2.0,6.0,5.1,11.2,6.9,6.1,10.0,12.0,14.0,23.5
1772938622.7260256,14.0,7.1,16.2,16.0,29.6,34.0,6.1,1.0,11.0,6.1,2.1,5.1,27.0,29.0,26.3,23.2,7.2,4.0,37.0,30.0,33.7,34.7,45.5,24.0,2.1,4.0,7.1,5.1,27.7,28.4,43.6,31.0,4.0,5.0,2.0,2.1,40.6,38.0,3.0,4.1,35.0,38.4,26.0,19.0,3.0,8.0,10.0,6.1,7.1,6.0,20.0,17.2,17.2,19.0
1772938623.729488,12.4,8.2,22.4,18.4,38.4,38.0,3.0,4.1,17.5,17.2,5.1,5.1,31.3,25.7,32.7,36.4,17.8,10.2,37.0,25.3,37.0,38.6,21.2,29.0,4.0,5.1,6.1,7.1,29.3,27.3,38.0,40.4,4.1,5.1,4.1,7.1,38.4,39.0,6.3,19.8,40.4,40.4,23.0,19.0,4.0,5.1,8.1,10.1,7.1,9.2,21.0,23.2,16.5,26.0
1772938624.730286,11.2,8.1,17.2,18.4,37.4,32.3,3.0,2.0,4.0,3.0,5.1,6.0,30.0,29.6,21.2,21.4,4.1,2.0,39.4,28.0,34.7,34.7,22.8,22.2,4.0,4.0,4.0,9.0,24.0,29.0,43.0,37.4,3.1,3.0,3.0,3.0,40.6,42.0,4.1,4.1,39.6,40.6,23.5,18.2,1.0,2.0,9.0,11.0,5.1,6.1,12.0,14.1,25.7,14.4
1772938625.7323632,12.9,9.1,15.2,15.0,35.7,33.0,3.1,4.0,5.1,4.0,7.0,4.1,27.3,29.7,10.3,17.2,15.2,15.8,30.6,40.0,37.3,38.0,31.0,31.7,2.0,6.0,9.0,7.1,23.2,26.7,35.4,45.0,3.0,4.0,2.0,2.0,39.0,42.0,14.3,6.1,41.6,41.0,18.0,22.0,3.0,4.0,10.0,9.0,8.0,8.1,24.2,25.0,16.2,19.2
1772938626.7324474,12.2,10.1,20.0,14.3,32.0,40.0,4.0,3.0,9.2,11.3,4.0,5.9,27.0,30.0,22.2,27.3,2.0,9.2,28.7,40.6,36.6,36.3,31.7,30.0,4.0,4.1,8.1,10.0,31.0,29.0,30.0,47.5,5.0,7.0,4.0,3.0,40.0,40.6,15.5,22.4,40.0,42.2,22.0,20.0,4.0,1.0,8.1,7.1,6.1,8.1,19.0,18.0,22.8,20.6
1772938627.7338126,15.0,10.1,13.4,18.6,32.7,38.6,3.1,2.0,17.2,14.1,6.2,3.1,32.0,34.0,40.4,35.4,16.2,11.1,32.3,32.0,39.6,39.6,31.3,32.7,7.1,5.0,8.1,7.1,28.3,21.2,33.0,37.4,4.1,8.1,4.0,9.2,41.0,41.0,19.0,15.3,41.0,39.4,24.5,17.2,3.0,4.0,10.1,8.2,8.2,7.1,20.0,21.4,23.5,16.5
1772938628.7338998,13.9,5.2,14.1,16.0,36.7,31.3,2.0,3.1,4.0,4.0,5.1,5.0,36.6,29.0,20.4,20.4,10.1,3.0,26.3,29.3,34.7,33.7,36.3,31.7,6.1,4.0,7.1,10.1,25.0,27.3,32.3,33.0,5.2,3.0,2.0,6.1,38.0,38.0,3.1,4.1,39.0,41.6,9.1,28.0,2.1,2.0,7.1,7.1,5.1,6.1,20.8,22.2,18.0,17.2
1772938629.7348878,9.3,11.0,17.0,13.3,42.4,30.7,4.0,4.1,4.0,4.0,7.9,4.1,35.0,21.0,6.1,12.1,7.0,9.1,35.0,34.0,36.3,37.9,43.6,35.6,5.9,5.0,7.0,7.0,22.8,33.0,32.7,49.0,5.0,2.0,1.0,9.0,41.6,44.1,2.0,2.0,40.0,41.6,19.8,17.0,3.0,3.0,10.1,7.0,7.1,6.1,10.1,9.0,17.2,21.0
1772938630.7351608,15.3,12.0,19.6,16.5,41.2,36.4,4.1,8.0,13.4,19.6,7.2,8.1,26.5,38.0,23.5,30.0,4.1,15.3,35.0,38.8,42.6,40.0,31.0,31.3,4.1,7.1,10.2,9.1,27.6,36.0,24.5,39.4,5.1,4.1,4.1,1.0,41.0,42.4,6.1,2.0,40.0,40.4,30.3,20.2,3.1,2.1,10.1,9.2,7.1,9.1,30.6,31.0,24.2,22.4
1772938631.740101,12.2,5.1,15.0,19.0,33.3,33.0,4.0,4.0,9.2,9.2,6.0,4.0,21.8,29.0,35.4,43.4,2.0,11.2,28.7,28.4,39.0,34.3,34.7,27.0,4.0,2.0,7.1,5.1,23.8,30.3,21.0,37.0,5.0,5.0,4.1,3.0,38.0,42.6,3.0,2.0,39.6,40.6,21.2,19.0,3.0,3.0,6.1,7.9,6.9,4.0,8.0,6.1,20.2,16.2
1772938632.7408264,13.1,9.0,16.2,20.0,36.0,36.4,5.0,1.0,5.0,3.0,6.2,5.0,24.0,33.7,22.2,21.4,9.1,8.0,29.0,42.4,37.6,39.0,33.0,20.0,4.0,5.1,7.1,7.1,25.0,33.7,20.8,41.4,1.0,5.0,2.0,1.0,41.0,40.4,2.1,1.0,36.4,37.0,21.0,18.2,2.0,2.1,8.0,9.0,6.1,8.0,23.0,21.2,18.4,21.0
1772938633.7494712,17.5,8.1,14.1,20.0,35.4,30.7,2.1,3.0,6.1,6.9,6.9,4.1,30.0,32.4,12.1,6.1,8.2,9.2,41.0,31.7,38.2,34.7,27.0,30.7,6.9,4.0,9.8,8.9,27.0,28.4,37.0,41.6,4.0,4.0,5.0,5.0,40.2,41.6,4.0,2.0,31.4,31.4,23.2,17.8,5.1,2.0,10.9,10.1,7.1,7.1,22.2,21.6,23.5,18.0
1772938634.750019,12.2,8.1,12.5,18.2,33.7,42.4,3.0,2.1,15.3,15.3,4.0,5.1,32.7,29.6,27.0,26.5,11.0,9.1,37.0,31.0,41.6,37.6,31.7,46.5,4.1,4.0,9.1,6.1,27.0,28.3,35.0,41.0,4.1,4.1,2.0,2.1,41.6,36.0,2.0,2.0,31.3,30.7,18.0,21.2,1.0,6.0,11.1,9.1,8.1,7.0,10.1,11.3,20.4,19.4
1772938635.7512999,9.3,9.0,13.1,11.1,42.4,27.7,3.0,3.0,8.1,2.0,3.1,3.0,28.7,26.7,38.4,37.6,8.2,9.1,24.0,31.0,32.0,34.7,30.7,51.5,3.0,6.0,6.1,10.0,25.5,22.0,34.0,27.7,4.0,4.0,4.0,4.0,36.7,42.6,3.0,3.0,31.4,31.0,18.0,17.8,4.0,6.0,8.0,7.0,5.0,6.1,29.7,30.0,16.0,18.0
1772938636.7536871,11.2,11.1,18.2,15.3,38.0,28.3,2.0,2.1,3.1,5.0,4.1,6.1,25.5,33.0,19.4,20.4,15.8,3.1,28.3,41.0,36.6,38.0,29.0,52.5,5.1,6.1,6.1,7.1,27.5,29.0,43.0,33.7,4.1,5.1,1.0,3.1,39.6,40.0,1.0,2.1,39.0,33.3,25.0,19.2,9.1,2.0,10.0,5.1,6.2,8.2,6.1,4.1,22.0,18.2
1772938637.7579792,12.1,9.1,20.4,20.0,48.5,31.7,5.1,5.0,11.2,12.4,5.0,7.0,31.7,31.0,8.2,11.1,10.3,8.1,35.0,36.4,40.6,40.2,26.3,38.6,6.0,3.0,11.1,4.0,33.0,29.0,36.4,39.0,4.0,3.0,4.0,5.0,41.0,38.6,4.0,5.0,25.5,27.7,26.0,28.0,6.1,2.0,8.1,10.1,7.0,9.0,28.7,30.7,25.0,24.0
1772938638.7586472,9.4,11.0,16.0,20.2,37.4,36.6,3.1,4.0,14.1,13.0,5.1,5.1,32.7,31.0,28.3,29.3,10.1,9.1,35.4,37.0,37.6,38.0,15.0,21.2,6.1,3.0,5.1,7.1,28.0,32.0,42.2,41.4,4.1,5.1,5.1,5.1,40.0,43.0,3.1,5.1,19.8,19.0,24.2,21.0,5.1,4.0,6.1,11.0,7.1,7.1,11.1,14.0,19.2,21.8
1772938639.7590764,14.0,8.1,17.2,16.3,36.7,35.4,3.1,4.1,4.1,1.0,7.1,8.2,27.6,38.6,42.0,36.1,10.2,9.2,36.4,35.4,38.6,43.6,28.3,27.3,3.1,5.1,8.2,9.0,26.0,34.0,33.3,30.0,5.1,5.9,4.0,2.0,42.6,40.0,3.1,3.1,12.1,11.2,25.3,21.2,4.0,3.0,10.2,7.1,7.1,7.1,17.2,18.6,24.5,21.4
1772938640.7591586,10.4,8.1,17.3,13.1,43.9,30.7,3.0,7.1,3.1,3.1,10.0,8.0,23.2,31.6,17.5,19.4,15.0,11.0,29.3,35.0,36.0,41.6,33.0,48.0,6.1,4.1,8.2,7.1,31.3,29.0,32.0,37.4,3.0,3.1,4.0,2.0,40.4,39.6,3.1,4.1,10.3,14.1,21.2,17.2,3.0,3.0,9.1,11.0,5.1,8.0,29.0,31.0,18.0,22.0
1772938641.759602,13.3,8.0,16.5,17.2,37.8,30.0,5.2,4.0,11.2,15.0,11.1,3.1,30.0,29.3,18.2,16.0,3.1,9.2,32.3,37.4,37.0,34.7,35.6,46.0,6.0,4.0,6.1,8.1,28.7,32.3,38.4,42.0,6.0,4.0,1.0,2.0,39.6,39.6,3.1,4.0,25.7,25.5,18.0,22.0,0.0,4.1,8.0,7.1,5.1,7.1,4.1,7.0,21.2,18.2
1772938642.7596896,9.6,7.1,17.3,13.3,43.9,28.3,6.0,2.0,14.1,9.3,5.0,4.0,28.6,33.0,30.3,25.5,10.1,9.1,32.7,31.7,39.6,41.0,37.6,43.6,6.0,2.0,11.0,5.1,31.3,29.0,41.4,38.8,4.0,3.1,4.0,2.0,43.1,33.3,3.1,2.1,32.3,32.3,21.2,22.0,1.0,5.0,7.1,7.1,8.9,6.1,31.0,33.3,18.8,20.0
1772938643.7619345,16.3,10.1,19.0,18.4,42.0,32.0,7.1,3.0,5.1,7.1,6.2,6.1,35.0,31.0,31.3,40.4,9.2,11.0,32.7,42.0,37.3,42.6,39.0,42.0,7.0,4.0,7.1,7.2,30.0,33.7,27.0,34.0,6.0,6.1,4.1,5.1,44.4,39.6,8.2,14.3,41.0,39.0,27.0,21.2,2.0,5.2,9.1,10.0,8.2,7.1,7.1,6.2,20.4,24.0
1772938644.772488,11.3,9.1,18.8,13.9,39.4,32.7,3.0,3.0,4.0,3.0,5.9,6.9,31.7,25.5,18.0,17.2,12.9,15.2,33.3,37.6,39.2,36.5,31.1,49.5,4.0,3.0,8.0,10.8,23.8,34.3,27.5,32.4,5.0,3.0,3.0,3.0,42.2,39.6,8.0,7.0,40.6,41.7,24.5,17.8,3.0,5.0,9.9,7.9,6.9,8.0,32.4,32.7,21.0,18.0
1772938645.7725818,14.3,7.1,16.5,17.3,35.7,28.3,3.1,4.2,15.3,10.1,4.1,4.1,31.0,32.0,22.2,16.3,6.1,5.0,29.6,35.0,38.0,40.6,31.3,31.3,2.1,7.0,11.1,6.1,27.3,29.0,17.3,39.4,3.1,1.0,5.1,2.0,41.0,38.0,17.3,10.2,39.0,41.6,26.3,15.2,2.0,3.0,6.1,13.1,5.1,6.1,10.0,9.1,19.8,23.2
1772938646.7741673,15.2,9.9,17.2,18.8,37.4,39.2,3.0,4.9,16.3,4.1,6.0,4.0,34.7,34.7,25.3,26.0,9.1,13.0,35.3,36.0,34.0,41.2,29.7,37.3,5.0,4.0,9.9,5.0,27.7,32.0,13.9,23.8,7.0,6.9,2.0,2.0,40.2,42.0,18.2,17.2,40.6,40.6,19.0,24.8,5.9,3.0,7.1,6.1,7.0,7.9,17.2,17.3,20.0,21.8
1772938647.7742543,12.1,9.2,19.4,12.5,35.1,34.7,4.1,1.0,5.2,2.1,6.2,5.1,35.0,35.4,26.3,32.0,11.2,5.2,28.6,38.0,37.4,38.0,27.3,49.5,7.1,5.1,7.1,8.3,25.5,27.0,29.3,40.0,6.2,3.1,1.0,4.0,37.4,42.6,17.3,8.1,41.4,40.4,21.2,20.2,2.0,1.0,8.2,9.1,6.1,5.3,21.2,22.4,23.2,16.5
1772938648.7762196,14.1,8.1,16.3,16.0,35.1,35.6,4.0,4.0,9.2,5.1,5.1,4.1,32.7,31.3,25.0,21.4,16.0,9.2,37.4,36.0,34.0,38.0,27.0,49.0,3.0,6.0,7.1,8.0,28.0,31.7,38.0,42.4,6.0,3.0,2.0,3.1,42.4,40.4,4.0,5.1,40.6,40.0,23.0,24.8,3.0,4.0,11.9,7.1,7.0,10.0,15.2,17.0,20.4,21.0
1772938649.7763002,14.3,7.1,20.0,21.4,44.9,32.3,6.2,2.0,14.3,12.2,4.1,9.1,36.0,39.0,24.5,22.4,12.5,4.1,38.0,33.7,42.6,41.0,21.8,41.0,5.1,5.1,12.0,8.1,33.0,34.3,41.0,40.0,5.1,6.1,2.0,2.0,39.6,41.6,2.0,2.1,41.0,40.6,29.0,25.3,2.0,3.0,11.2,9.0,6.2,8.1,26.3,26.0,24.0,22.2
1772938650.7763863,11.2,6.1,16.3,16.0,35.7,35.0,3.1,2.0,4.1,10.2,5.1,5.9,27.0,34.0,25.5,27.3,5.1,15.2,27.0,36.3,37.6,36.3,20.0,41.6,3.0,3.1,6.1,6.1,22.0,31.0,33.0,13.1,7.0,4.0,1.0,4.0,39.4,40.0,3.0,3.0,39.6,41.0,18.0,22.4,2.0,4.1,10.2,6.1,7.1,4.1,7.1,7.1,17.2,18.4
1772938651.7780983,14.1,7.0,14.0,16.0,32.7,41.0,5.9,3.0,3.1,4.0,5.0,8.2,24.8,30.0,23.5,27.3,9.9,2.0,37.4,36.4,37.0,36.6,34.0,48.5,4.1,4.0,5.1,7.1,23.0,33.0,33.0,11.1,4.1,4.1,2.0,6.1,41.0,43.4,1.0,3.1,36.6,37.0,20.4,18.0,3.0,2.0,8.0,10.8,8.0,7.1,27.5,24.2,23.0,21.0
1772938652.7803144,10.3,10.1,15.5,15.2,37.8,33.0,5.2,1.0,4.1,15.2,4.1,4.0,30.6,27.0,20.4,16.2,15.2,11.0,34.0,29.0,36.3,38.0,45.5,36.0,5.1,2.1,8.0,6.1,30.3,25.3,35.0,21.0,3.0,2.1,1.0,5.1,40.8,41.2,4.0,2.0,31.3,31.0,18.0,23.0,4.0,7.1,6.9,9.1,5.1,8.1,15.2,16.2,18.4,22.2
1772938653.783224,11.5,11.0,17.0,17.2,34.0,39.6,5.1,7.1,6.2,15.2,4.0,5.1,36.6,30.7,25.5,24.5,2.1,10.0,35.0,37.0,41.6,34.3,34.0,28.0,5.1,6.0,7.1,9.1,25.0,35.0,22.0,23.0,4.1,4.0,2.0,3.0,39.8,42.0,2.0,5.0,31.0,30.7,25.0,24.0,2.1,3.0,11.2,5.1,7.0,9.0,20.0,20.0,20.0,23.2
1772938654.78408,12.1,11.2,17.0,16.2,42.0,25.7,6.0,3.0,9.1,5.1,6.1,4.0,33.3,29.0,24.2,22.7,13.1,10.2,30.3,36.0,33.0,38.6,25.0,27.0,6.0,4.0,7.9,8.1,22.4,33.0,24.8,33.3,6.9,5.1,3.0,4.1,39.6,39.0,3.0,3.1,30.7,32.0,20.2,20.2,3.0,5.0,9.9,10.0,6.1,6.1,19.0,22.8,26.3,14.1
1772938655.7843335,12.4,10.0,21.2,15.2,37.5,36.4,4.1,3.1,6.1,3.0,6.1,5.1,26.3,38.6,25.5,20.4,2.0,9.3,35.0,30.7,40.0,39.0,47.5,26.3,4.0,5.1,8.1,7.0,28.0,34.7,39.4,41.6,3.1,3.0,2.0,3.0,42.6,39.0,2.0,1.1,31.0,32.0,26.0,21.0,3.1,3.1,8.2,8.2,8.1,7.0,14.1,14.3,21.4,17.5
1772938656.7866402,11.3,7.1,16.3,13.3,35.0,36.0,3.0,3.1,14.1,9.3,5.1,5.0,31.4,27.7,24.2,16.3,11.0,16.0,37.0,32.0,36.9,35.6,32.0,31.7,4.0,3.1,8.0,6.1,28.0,27.3,39.0,41.4,5.1,4.0,5.0,5.1,41.0,40.0,4.0,3.0,36.0,35.0,22.0,19.0,2.0,3.0,9.0,9.9,7.1,5.1,21.0,21.0,18.0,21.0
1772938657.7882037,14.9,11.0,17.3,13.1,30.6,36.0,4.1,3.0,5.1,11.0,6.0,2.0,29.0,30.3,23.5,29.3,8.2,3.0,39.2,32.3,37.4,37.6,25.0,27.7,3.1,5.1,4.1,8.1,24.0,28.3,39.0,40.0,7.1,3.1,8.2,7.0,37.0,40.0,4.0,2.1,29.7,26.3,22.8,18.4,5.0,4.0,8.1,9.2,7.0,7.1,18.0,19.2,21.2,18.2
1772938658.7893655,14.0,8.2,15.3,18.0,44.4,33.0,5.1,2.0,10.2,3.1,6.1,4.0,34.3,35.0,22.0,20.6,13.0,10.1,34.7,35.6,37.6,40.8,38.0,25.0,4.0,4.1,6.1,9.2,33.3,29.0,30.6,33.7,4.0,4.1,6.1,7.1,43.0,39.0,9.2,7.1,22.2,22.0,26.5,24.0,2.0,2.0,10.0,9.9,5.2,8.1,18.2,19.2,23.2,24.2
1772938659.7908475,14.9,10.9,15.2,18.0,36.1,32.0,5.1,5.0,4.1,7.1,6.1,5.1,34.3,25.5,32.3,25.3,7.1,9.3,34.0,31.7,37.6,37.0,51.5,32.0,3.0,7.9,9.1,10.9,24.0,30.3,13.1,36.4,3.1,3.1,8.2,6.0,39.6,43.0,8.1,3.1,15.2,15.2,32.0,30.0,4.1,3.1,9.2,8.1,8.0,8.9,22.2,21.0,18.2,23.2
1772938660.7931664,12.1,7.1,11.9,13.1,34.3,36.6,4.0,1.0,11.2,10.0,3.0,2.0,23.8,29.4,22.2,20.2,16.8,2.0,23.0,37.6,34.7,33.0,50.5,31.7,3.0,4.0,7.0,7.0,24.0,24.0,45.0,36.0,5.0,3.0,2.0,1.0,34.0,43.1,7.1,5.0,16.0,13.9,18.4,29.0,1.0,2.0,6.9,7.0,5.1,4.1,14.0,17.2,18.0,17.8
1772938661.7954693,12.1,9.2,21.6,20.2,33.7,37.0,6.1,3.1,8.0,15.2,6.1,7.1,33.3,35.4,26.8,24.5,7.1,11.0,44.0,35.6,41.6,37.6,51.0,30.7,5.0,6.1,9.1,9.2,35.0,32.7,42.6,26.0,7.0,5.1,7.1,3.0,40.0,40.8,3.1,10.1,26.3,30.6,26.7,30.3,5.1,11.0,11.1,12.1,10.0,11.0,23.8,25.0,23.2,24.2
1772938662.7958226,10.4,7.1,17.0,14.3,36.4,39.0,4.0,2.0,5.1,6.1,5.1,4.0,29.3,32.7,21.4,19.4,12.2,10.1,25.0,33.3,35.6,35.6,47.5,30.0,4.0,2.0,6.1,5.1,27.3,27.0,40.0,26.0,5.2,2.0,7.1,3.1,42.2,36.3,8.1,3.1,30.0,30.3,25.3,25.3,5.1,2.0,7.1,7.1,6.1,5.2,17.3,17.0,19.4,18.2
1772938663.7959056,12.1,8.1,11.1,15.2,35.0,34.3,4.1,1.0,4.1,10.2,4.1,3.1,27.7,26.0,23.5,27.3,12.0,1.0,30.7,30.6,35.6,33.7,38.0,34.3,4.0,4.0,7.0,6.1,25.0,18.2,39.0,43.0,3.0,4.0,4.0,5.0,38.4,41.0,8.2,15.5,41.0,39.0,20.2,18.0,3.0,3.1,8.0,9.1,5.1,5.1,9.9,10.1,21.0,16.3
1772938664.7970748,10.3,9.1,18.2,15.3,35.4,30.4,3.1,3.0,5.1,10.2,4.1,5.1,29.3,34.0,16.5,22.4,8.1,10.1,30.6,36.0,37.6,36.0,19.8,21.8,3.0,4.1,7.1,9.9,31.0,34.7,40.0,41.0,3.1,1.0,1.0,2.0,43.0,42.0,4.0,11.0,41.0,40.0,24.2,18.8,2.0,4.1,10.1,6.2,5.2,6.1,26.3,25.3,18.0,20.0
1772938665.7971585,15.0,8.0,18.2,23.2,43.9,38.0,3.1,2.0,7.1,13.3,5.1,6.1,26.5,34.3,26.5,21.6,9.2,9.3,36.6,37.0,36.4,35.0,21.2,21.0,3.0,7.1,11.2,10.1,30.6,30.3,45.5,36.0,3.1,6.0,2.0,3.1,37.0,40.4,8.2,22.4,41.0,40.0,23.0,21.4,5.1,3.0,8.2,9.0,7.1,6.1,13.1,12.0,15.2,24.2
1772938666.7972329,10.4,9.0,17.5,13.1,32.0,38.0,4.0,2.0,5.2,7.1,5.1,4.1,32.0,28.0,24.5,22.4,11.0,10.0,34.3,36.0,34.3,34.7,24.0,26.0,4.0,6.0,8.0,5.2,24.8,28.0,24.0,34.7,6.1,2.0,2.1,2.0,39.4,40.6,8.1,15.3,41.0,40.6,28.3,19.2,3.0,2.0,6.1,12.0,5.1,8.2,23.2,22.4,24.0,17.0
1772938667.7990725,11.2,7.1,21.0,13.1,33.3,34.0,4.0,2.0,5.0,9.1,5.1,6.0,32.0,28.7,23.2,23.5,9.1,4.1,29.3,34.7,34.0,36.6,16.8,16.8,4.0,3.0,7.1,7.9,29.0,38.0,33.3,31.7,2.0,3.1,4.0,3.0,43.6,42.4,7.1,16.8,40.0,40.0,18.0,18.0,3.0,1.0,8.1,6.1,4.1,6.1,19.8,21.8,16.2,20.2
1772938668.8007712,12.9,10.1,17.0,16.2,41.4,36.0,5.0,3.0,11.2,12.1,6.0,4.1,27.0,29.3,25.5,21.2,10.1,12.2,31.7,34.0,36.0,35.6,20.4,19.0,2.0,5.1,11.9,8.2,33.0,39.0,37.0,45.0,6.0,4.0,2.0,2.0,40.6,41.6,5.1,2.0,40.6,42.2,19.8,23.0,2.0,5.0,7.1,7.0,8.0,6.1,13.1,14.1,25.3,12.2
1772938669.8011742,12.2,9.8,20.0,15.2,34.3,37.6,3.0,3.1,20.0,19.2,5.0,4.0,24.8,30.7,28.0,21.4,8.0,9.9,36.0,31.0,39.2,32.4,33.7,28.7,5.0,5.0,8.1,6.1,33.0,22.0,41.0,25.0,7.0,3.0,6.1,3.0,36.6,40.6,3.0,3.0,39.6,40.0,20.2,20.0,1.0,4.0,10.9,9.8,8.0,6.0,21.0,22.8,16.0,22.8
1772938670.8060508,11.2,8.1,13.4,16.2,29.9,38.0,4.0,3.1,5.2,1.0,3.1,6.1,29.3,30.6,23.7,25.3,13.1,11.2,34.3,31.3,38.0,34.7,37.4,41.4,5.1,5.9,7.0,9.1,23.2,32.7,26.5,10.2,4.1,4.0,9.0,2.0,40.6,40.4,3.0,3.1,41.4,40.0,21.2,22.2,4.0,1.0,9.0,6.2,5.2,7.1,12.1,8.2,13.3,22.4
1772938671.8105319,14.9,8.1,20.0,14.1,33.7,38.4,5.1,2.0,11.0,7.1,4.1,4.1,35.6,28.0,22.8,22.2,8.2,2.0,29.7,38.0,41.6,38.2,36.3,26.5,5.0,3.0,10.0,6.0,24.0,30.3,2.0,20.0,7.0,3.0,5.1,2.0,42.0,37.6,3.0,3.0,38.6,37.0,21.2,23.2,4.0,4.0,7.1,10.0,9.9,6.1,28.0,25.7,23.0,18.0
1772938672.8127549,13.9,11.0,16.3,15.2,32.3,38.0,1.0,3.0,7.1,5.2,5.1,4.0,31.3,26.7,28.6,14.4,15.0,7.1,36.0,32.0,33.7,35.6,35.4,28.0,5.1,5.1,7.1,7.1,29.0,28.0,41.6,24.0,3.1,3.1,4.0,4.0,42.6,38.4,3.0,2.0,31.4,30.0,19.8,20.8,2.0,4.0,8.9,8.1,4.1,6.2,13.9,14.1,18.0,21.4
1772938673.8147469,14.0,11.1,17.3,18.2,40.4,34.7,3.0,4.0,15.2,15.0,5.1,4.1,38.0,27.0,19.4,27.3,8.2,11.1,29.0,47.1,38.0,41.6,32.7,36.0,4.1,4.0,9.1,9.1,29.0,28.0,39.6,21.0,3.0,5.1,2.0,6.1,42.0,40.6,5.2,2.0,32.0,31.7,21.0,24.2,3.0,3.0,9.1,9.0,8.1,9.8,20.0,22.2,19.2,23.0
1772938674.8177614,14.9,11.1,17.0,22.2,33.3,41.2,5.1,1.0,5.1,10.2,5.1,6.0,39.6,33.0,35.6,30.6,6.1,17.0,32.4,41.4,41.7,39.6,30.7,51.5,7.0,3.0,11.1,7.1,31.7,36.0,38.0,35.6,6.1,4.0,1.0,10.1,40.6,42.6,3.1,3.1,30.0,30.3,25.3,26.3,4.0,3.1,12.0,10.0,10.9,7.1,24.8,24.2,27.0,23.2
1772938675.8179374,13.4,11.3,22.4,19.4,39.8,42.9,2.0,4.1,7.2,5.2,8.1,5.1,33.7,39.0,20.6,21.4,8.2,9.4,40.8,33.3,42.0,39.4,21.8,40.0,6.1,5.1,8.2,9.1,28.3,31.3,39.4,41.4,4.1,4.1,3.1,5.2,41.0,41.0,2.0,4.1,38.0,42.0,26.3,32.0,3.1,3.1,10.2,13.3,8.2,7.1,16.5,16.3,24.5,29.6
1772938676.8189366,10.4,9.1,14.3,18.2,33.0,35.0,5.0,2.0,16.2,14.3,3.0,4.1,30.3,29.6,27.3,23.2,8.1,11.0,33.0,33.0,35.0,37.9,23.0,44.1,2.0,3.1,6.1,6.1,28.0,29.6,42.4,38.4,4.0,4.0,3.0,5.9,36.7,40.0,3.1,2.0,34.0,35.4,16.2,19.2,3.0,1.0,5.1,10.2,6.1,7.0,28.7,27.7,18.0,17.2
1772938677.8213904,12.1,7.0,19.8,16.7,42.3,32.4,4.0,6.0,5.1,3.0,5.0,6.0,36.6,32.0,22.4,21.4,10.1,12.1,33.7,37.6,37.9,40.6,24.5,41.6,7.1,4.0,6.0,12.6,30.4,35.3,42.7,36.6,2.0,3.0,5.0,2.0,41.2,40.2,3.0,7.1,26.7,28.4,29.7,21.6,5.0,4.0,8.0,10.8,8.9,8.0,5.0,5.1,21.0,21.0
1772938678.8240745,11.5,8.0,18.4,15.6,35.4,36.4,3.1,2.0,5.2,12.1,4.2,7.1,31.3,21.4,29.7,23.5,12.1,13.0,32.0,37.0,39.4,41.0,21.0,40.6,5.1,5.0,7.2,6.1,32.3,17.3,26.3,35.4,1.0,6.1,2.0,3.1,38.0,39.0,4.1,6.1,21.2,23.0,28.7,15.3,3.1,2.0,7.1,9.0,6.1,6.1,35.6,39.0,17.3,21.4
1772938679.8241615,13.3,9.2,21.0,15.2,35.7,35.0,3.1,2.0,3.1,3.1,5.0,5.1,36.0,31.0,20.4,20.4,7.1,9.2,39.4,33.0,37.6,38.0,26.3,41.0,4.0,4.1,8.1,3.1,31.3,36.6,39.4,24.2,2.0,7.1,2.1,2.0,41.4,40.4,7.1,5.1,17.3,18.2,19.4,22.2,3.1,2.0,8.2,6.3,6.2,5.1,9.1,10.1,18.4,20.2
1772938680.8255355,14.1,11.1,27.3,17.5,38.1,37.6,5.1,5.1,14.3,20.2,4.1,4.0,31.0,35.6,21.6,26.3,8.2,6.2,38.4,34.0,43.6,38.6,41.2,40.6,5.1,6.1,9.1,6.1,32.3,28.3,20.2,22.0,3.0,2.0,3.1,4.0,44.6,42.0,5.2,10.2,12.0,11.1,32.0,28.0,4.0,4.0,13.0,13.0,6.1,8.1,9.2,8.2,25.0,21.2
1772938681.8267097,13.3,8.0,15.3,20.2,38.8,36.4,4.0,4.1,4.0,3.1,5.1,4.1,33.0,32.3,19.4,22.2,10.2,12.0,32.7,37.6,36.6,39.6,43.0,37.0,4.0,3.1,7.0,7.1,34.7,31.0,23.2,28.0,4.0,5.1,3.0,5.1,39.4,37.6,11.0,5.2,23.2,25.3,22.0,23.0,4.0,3.0,9.2,8.0,7.1,6.1,35.6,34.0,23.2,19.4
1772938682.8279397,10.4,8.1,15.2,15.2,32.0,30.0,4.1,6.0,2.0,4.1,5.0,2.1,30.7,31.0,28.6,28.6,2.0,4.1,32.0,25.3,33.7,33.7,38.6,42.6,2.0,9.0,6.1,6.1,23.0,26.0,37.0,24.0,4.0,5.0,4.0,5.2,41.6,41.6,9.2,15.0,31.0,30.3,21.0,20.2,1.0,1.0,9.1,4.1,4.0,7.1,3.1,4.1,18.0,14.3
1772938683.8339372,15.0,12.0,19.2,18.2,43.0,36.6,8.2,3.0,5.0,11.0,6.0,5.0,33.7,36.3,21.0,22.0,15.8,13.9,36.6,35.6,38.2,36.6,37.3,45.5,5.1,36.0,6.9,9.0,36.6,29.7,10.9,40.6,1.0,5.1,3.0,5.9,41.0,37.6,4.0,1.0,30.7,32.7,27.0,19.8,3.0,6.8,9.9,8.9,8.0,6.0,23.8,26.7,23.0,19.0
1772938684.8357916,11.3,11.1,14.0,21.2,33.7,33.3,10.2,2.0,15.5,18.4,5.2,5.1,35.4,30.6,21.4,37.0,11.1,9.1,34.3,34.3,38.4,37.4,20.4,31.0,5.1,35.4,9.2,7.0,25.3,27.0,32.0,32.3,4.0,6.1,3.0,3.1,39.0,43.0,11.3,4.1,39.4,39.4,19.2,23.2,4.1,0.0,8.2,9.0,5.2,7.1,17.2,16.7,21.4,18.6
1772938685.8358707,16.8,11.0,16.2,18.2,30.3,39.6,5.1,2.1,5.1,3.1,6.1,4.0,24.0,30.4,22.7,19.8,10.1,9.1,35.6,27.3,36.6,37.3,16.2,18.0,15.8,21.8,8.9,10.1,25.7,27.6,41.4,18.4,2.0,7.1,2.0,4.0,38.6,41.0,28.3,18.2,41.6,40.6,20.0,22.0,5.0,3.0,8.1,8.2,6.1,9.9,21.0,20.0,20.0,23.8
1772938686.8364096,12.5,8.1,20.4,17.0,36.7,36.0,3.1,2.0,7.2,7.0,9.1,5.1,28.3,38.4,27.3,22.4,3.1,14.1,30.3,35.0,37.6,40.2,18.2,24.8,21.2,5.0,7.1,8.0,30.0,32.0,40.6,21.8,3.0,4.1,3.1,4.1,43.4,38.0,15.3,15.3,41.4,39.4,24.2,25.0,4.0,5.1,9.1,11.0,7.0,6.2,21.2,21.0,17.2,19.0
1772938687.8427145,15.8,7.1,18.2,12.1,35.6,32.0,5.0,3.0,6.0,5.1,9.1,5.1,33.7,28.0,22.8,24.0,3.0,18.0,36.6,29.7,34.3,39.2,23.5,43.6,10.9,8.0,7.0,7.1,34.7,30.7,40.0,21.2,3.0,6.9,2.0,4.0,41.2,38.0,4.0,4.0,41.6,40.6,19.0,21.2,3.0,3.0,8.9,7.1,5.0,8.0,11.0,10.1,23.8,14.3
1772938688.8437517,14.1,8.1,20.8,16.2,37.8,36.0,2.0,4.0,18.4,13.3,6.1,3.0,29.0,30.7,26.3,27.3,10.0,3.0,30.0,36.0,31.4,39.0,31.0,51.0,5.1,19.2,9.1,6.9,27.3,29.0,40.6,2.0,0.0,3.1,2.0,3.0,42.0,37.0,4.0,4.0,41.6,40.0,24.8,22.8,2.0,6.0,9.0,10.0,5.1,7.1,28.0,29.0,23.2,20.2
1772938689.8473368,18.4,12.0,19.6,21.4,41.8,35.4,4.1,4.1,4.0,5.1,11.9,5.1,37.4,30.3,18.4,18.6,15.3,15.3,33.3,39.0,41.6,43.6,31.4,50.5,7.0,35.6,7.1,9.0,31.7,33.0,32.0,15.2,6.1,3.0,2.1,2.1,42.0,39.6,4.1,2.0,40.6,40.0,24.2,24.2,4.1,3.0,8.2,13.1,8.1,5.2,13.3,14.3,27.0,19.4
1772938690.8486245,13.0,8.2,21.0,15.2,41.0,28.0,3.0,4.0,3.1,3.1,5.2,9.2,27.0,28.0,24.2,20.2,3.1,3.1,37.0,31.0,35.0,38.0,33.7,48.0,5.1,32.7,5.2,11.1,28.3,31.3,31.6,38.4,4.1,2.0,3.1,3.1,39.6,40.0,4.0,1.0,33.3,35.0,15.0,29.0,2.0,2.0,11.8,6.1,6.1,8.1,21.0,21.0,18.4,24.0
1772938691.8487005,13.4,10.2,25.5,21.4,37.8,41.4,5.1,2.1,12.0,7.1,7.1,6.1,37.0,39.4,21.4,28.6,14.3,13.3,45.0,30.0,40.2,39.6,36.4,43.6,5.1,40.4,5.1,12.0,32.0,33.0,31.3,29.0,7.1,9.1,4.0,6.0,39.0,41.0,3.0,4.0,31.4,30.7,29.3,28.0,4.0,3.1,10.3,14.1,8.2,6.1,17.2,18.4,24.0,25.3
1772938692.848999,13.0,9.2,20.2,19.4,41.4,33.0,5.9,6.0,16.5,14.3,4.1,4.1,38.6,32.7,29.3,36.4,2.1,6.1,40.6,28.9,39.6,38.6,36.3,46.5,7.1,17.0,7.1,9.2,29.0,29.3,34.7,26.0,5.0,7.1,2.1,4.1,44.0,39.2,3.0,11.2,31.6,31.0,24.0,25.3,1.0,4.0,9.1,10.0,7.1,7.1,22.0,22.8,25.5,17.2
1772938693.8528712,13.3,11.0,20.2,15.3,32.3,37.6,9.1,3.1,4.0,2.1,7.0,5.0,30.0,26.3,19.4,16.5,8.2,21.0,30.0,38.6,36.6,37.3,33.7,29.3,6.0,6.1,9.1,9.0,30.0,31.4,34.3,20.2,3.1,3.0,2.0,4.0,40.6,40.8,4.0,4.0,31.4,31.3,21.4,26.7,3.1,5.0,9.1,6.1,8.0,7.0,17.2,18.4,22.8,19.2
1772938694.8575397,15.2,8.0,18.2,19.8,42.0,32.7,4.0,6.0,6.0,4.0,4.0,3.1,33.0,32.7,23.0,21.2,5.0,4.0,32.4,35.0,36.3,41.6,15.2,37.6,4.0,5.9,7.0,8.2,30.0,30.3,22.2,7.0,5.9,3.0,3.0,3.0,42.2,39.8,2.0,7.0,38.0,41.0,21.6,24.0,2.9,3.0,10.1,8.0,7.9,7.1,19.0,21.6,21.2,21.2
1772938695.8584075,16.0,11.1,17.3,17.3,32.7,38.0,3.1,10.2,10.3,21.4,5.1,6.1,33.0,30.3,29.3,28.6,10.2,20.2,37.4,35.4,41.0,37.6,21.8,30.7,3.0,5.1,9.1,6.0,29.3,33.0,25.0,33.7,5.1,4.0,4.0,4.1,38.4,41.4,3.1,2.0,41.0,40.6,21.2,24.2,4.0,3.0,6.1,10.2,7.1,6.1,19.2,16.5,22.4,20.2
1772938696.8588536,12.4,8.1,19.0,17.2,33.7,38.4,6.1,3.1,6.1,11.1,5.1,5.1,30.0,35.6,25.8,27.6,4.1,3.1,34.7,29.7,38.6,38.0,18.0,21.2,3.0,4.0,7.1,7.1,34.0,24.8,39.4,39.0,2.1,2.0,5.1,6.1,39.0,41.0,2.1,2.0,39.6,40.4,21.2,19.0,3.1,1.0,9.2,10.1,5.1,7.1,20.0,19.2,23.0,16.2
1772938697.8589354,14.0,6.2,15.3,17.2,37.4,31.0,6.0,3.0,2.1,3.0,6.1,4.0,26.3,30.7,20.4,15.3,15.2,16.0,31.7,33.3,35.4,40.2,32.0,45.5,4.1,2.0,6.1,9.0,23.2,28.6,38.4,43.1,5.0,4.0,3.0,5.1,42.0,42.0,2.0,4.0,28.3,31.7,22.0,18.0,2.0,3.1,6.1,9.1,5.1,6.1,14.1,18.6,15.0,19.2
1772938698.8593774,10.3,9.1,15.2,16.2,33.3,38.0,2.1,3.0,4.1,3.1,3.1,4.1,22.2,26.3,21.2,23.5,4.1,6.1,32.7,30.7,37.6,38.4,30.7,50.5,4.0,5.1,8.1,5.1,26.0,24.0,38.6,42.4,3.1,3.0,4.0,4.1,40.0,41.6,3.1,6.1,22.0,21.0,18.4,19.8,3.1,2.0,8.1,6.1,6.1,8.0,19.4,18.4,19.2,20.0
1772938699.8603215,13.1,7.1,11.2,18.2,38.1,31.3,5.0,2.0,19.0,18.6,4.0,4.1,31.3,33.0,29.3,30.0,21.0,10.2,34.3,34.0,35.3,38.2,30.3,51.0,3.0,5.1,8.1,7.1,23.0,36.0,33.7,40.0,5.9,4.0,1.0,8.1,40.2,40.0,4.0,5.2,22.0,25.0,17.0,22.2,4.0,3.0,7.1,9.1,5.1,7.1,21.0,21.8,21.4,19.4
1772938700.8614025,13.1,5.1,19.2,14.1,38.0,37.0,1.0,3.0,5.1,6.1,3.1,4.1,24.0,28.3,29.3,27.6,3.1,5.0,27.0,33.0,36.6,37.6,28.7,52.9,2.0,6.0,10.0,5.0,24.2,29.7,4.0,41.6,6.1,3.0,3.0,11.0,39.4,43.0,12.4,5.0,15.0,13.1,20.0,22.0,2.0,2.0,7.0,7.1,7.9,7.1,17.2,17.2,23.0,15.2
1772938701.8614867,13.4,11.0,16.2,19.4,32.0,37.6,4.1,1.0,4.1,3.0,6.0,5.1,34.0,35.3,11.5,13.3,13.1,11.1,33.3,31.0,41.0,37.6,23.0,45.5,5.1,3.1,6.1,7.1,29.0,30.7,25.3,27.3,2.0,4.0,5.1,7.1,40.0,38.6,10.2,14.1,17.0,23.2,22.0,26.3,3.0,4.1,5.2,10.0,8.1,7.1,18.4,21.0,19.0,24.5
1772938702.8625977,11.0,7.9,10.9,16.0,27.0,38.0,2.0,3.0,2.0,4.0,4.0,4.0,30.7,18.2,16.2,14.0,10.1,7.1,32.0,28.0,35.3,35.6,13.0,33.7,4.0,4.0,4.0,7.1,30.7,19.0,35.0,41.0,3.0,5.0,2.0,2.0,39.0,38.4,3.0,4.0,22.4,29.0,16.0,18.8,3.0,4.0,9.1,7.1,5.1,5.1,11.8,12.1,18.2,13.1
1772938703.8626783,13.1,13.1,18.6,17.2,33.0,37.0,3.1,5.1,15.3,18.2,5.1,6.1,32.7,32.0,30.0,33.3,15.3,2.1,35.6,32.0,36.6,39.6,27.3,29.3,2.0,6.1,11.0,7.1,28.7,33.0,41.4,42.0,4.1,3.1,3.1,2.0,40.6,40.0,2.1,4.1,30.0,31.0,20.4,23.7,3.1,8.2,12.0,7.2,6.1,12.1,21.6,24.2,18.4,29.0
1772938704.8644557,13.1,10.0,18.0,16.2,33.3,36.6,3.1,3.0,9.1,9.1,4.1,4.1,26.5,32.7,32.3,27.3,11.2,16.0,32.3,34.0,39.0,38.8,37.0,25.7,5.0,4.0,9.1,7.0,25.3,28.7,41.6,39.0,5.0,3.0,1.0,4.0,41.4,41.2,2.0,4.2,39.6,35.6,25.7,16.0,2.0,3.0,10.0,10.8,5.1,7.1,17.2,16.3,16.0,21.2
1772938705.8666787,13.1,10.0,16.7,19.2,33.0,43.0,4.0,2.1,3.1,4.0,4.0,6.0,31.3,31.0,15.3,22.4,9.2,8.1,33.7,31.7,34.3,35.6,31.7,29.7,3.1,7.9,5.1,10.0,29.3,26.0,40.0,30.0,4.1,3.0,2.0,3.1,38.6,41.4,25.7,19.0,40.0,41.0,22.0,22.0,3.0,6.1,8.2,6.1,6.9,8.1,19.2,19.8,20.2,20.8
1772938706.869357,14.0,9.1,18.6,19.2,40.2,35.0,4.0,3.1,17.2,6.2,5.2,4.1,33.7,30.7,19.4,22.4,9.2,11.1,32.7,32.7,40.0,37.0,37.4,34.0,5.0,6.1,9.0,8.2,30.0,35.0,41.0,26.0,3.0,6.1,3.1,2.1,40.0,42.0,22.2,21.6,41.0,39.6,23.2,23.0,3.1,1.0,7.9,12.0,5.1,10.0,21.8,20.0,17.0,27.3
1772938707.8716178,12.2,6.1,14.0,18.0,33.3,27.3,5.0,1.0,9.1,14.4,5.0,3.0,26.0,36.6,27.6,26.0,9.2,8.1,35.6,27.0,31.7,36.9,43.7,31.7,7.1,4.1,7.1,9.1,32.0,24.8,41.0,30.0,4.0,3.1,4.0,3.0,40.0,40.0,1.0,2.0,39.6,41.6,23.8,20.0,2.0,2.0,9.0,8.1,7.1,5.1,13.3,15.3,16.2,16.2
1772938708.8720546,11.1,9.0,16.8,13.1,32.3,40.2,3.1,3.0,2.1,3.0,3.1,3.0,30.0,26.3,29.3,24.0,8.2,8.2,37.0,28.0,35.6,34.3,31.3,31.0,6.1,8.1,6.1,7.1,24.2,21.2,34.3,26.3,3.1,3.1,2.1,2.0,40.6,40.0,4.0,2.0,41.0,39.4,14.1,18.0,2.0,3.0,10.1,5.1,6.0,7.1,24.8,25.0,17.2,19.4
1772938709.8729868,13.3,8.1,12.2,19.4,40.0,38.4,5.1,2.0,4.1,1.0,5.1,4.1,24.2,32.3,17.3,19.0,8.2,10.0,32.3,31.3,37.0,38.6,45.1,33.0,4.0,6.1,5.1,10.0,29.0,25.0,25.7,28.0,5.0,4.0,4.1,1.0,43.0,38.0,3.0,2.0,34.3,34.7,25.0,18.2,3.0,2.0,7.1,8.1,4.1,8.0,11.1,12.0,17.3,17.3
1772938710.874277,12.1,12.0,18.4,16.2,31.6,27.7,4.0,2.0,13.0,14.1,3.0,5.9,31.7,30.4,14.4,21.2,9.1,8.2,30.7,36.0,37.9,35.3,51.5,30.0,4.0,5.0,4.1,10.0,26.3,30.4,20.2,20.0,4.0,2.0,4.0,4.9,41.0,39.6,4.0,4.0,30.0,31.0,28.3,17.0,2.0,3.0,8.8,10.1,7.1,5.2,18.0,19.0,20.0,22.0
1772938711.8812597,15.7,13.1,24.0,18.0,38.8,42.0,5.1,3.0,19.2,7.1,6.0,5.1,29.0,37.0,31.0,25.5,13.9,10.1,38.6,32.7,37.3,39.4,46.0,24.8,6.0,6.1,12.0,6.1,33.7,32.0,23.0,18.8,4.1,7.1,4.1,3.0,42.2,41.6,3.1,3.0,30.7,33.0,28.0,23.0,3.0,2.0,12.2,11.0,9.9,7.0,20.0,21.0,22.2,19.4
1772938712.8835392,13.9,12.0,20.2,13.1,39.4,34.3,3.1,6.1,4.0,4.1,3.1,5.1,30.3,31.7,27.6,29.2,9.1,11.0,40.0,27.0,40.2,39.2,28.7,37.0,2.0,8.1,11.1,6.1,29.7,26.3,37.0,16.3,5.0,3.1,4.0,3.1,38.4,39.6,3.0,3.0,31.4,31.0,20.0,25.7,6.0,4.0,9.9,8.0,5.2,6.1,21.0,22.0,17.3,25.3
1772938713.8836262,15.0,10.1,18.6,15.3,40.8,33.3,4.0,4.1,5.1,3.1,5.1,5.1,35.6,31.0,19.8,27.0,9.2,10.3,35.0,37.0,41.6,36.6,30.3,50.0,3.0,7.0,8.0,6.1,37.0,26.3,36.6,24.2,6.1,5.0,3.1,3.1,40.0,41.8,4.1,3.0,32.3,35.0,27.3,24.2,2.0,1.0,8.2,9.2,6.1,8.0,14.1,14.3,19.2,22.2
1772938714.8850307,10.3,12.1,15.2,23.0,39.0,34.3,4.1,3.1,14.3,20.2,6.0,6.1,31.3,35.4,20.0,14.3,14.3,5.1,36.6,37.8,38.0,41.6,38.2,40.6,4.1,5.1,10.1,7.1,30.0,28.3,34.3,26.0,7.0,3.1,4.0,3.0,39.6,42.6,7.1,1.0,40.0,40.6,23.2,22.0,3.0,3.1,9.9,8.2,5.1,8.2,15.2,17.3,17.0,25.0
1772938715.8863056,15.0,7.0,15.2,15.3,38.4,31.7,4.0,4.0,10.1,3.1,3.1,4.0,25.7,34.3,23.2,25.0,8.2,9.1,39.4,27.0,38.2,37.0,28.3,31.0,4.0,8.1,8.2,7.1,25.3,30.7,39.0,19.0,4.0,4.0,4.1,4.1,36.0,44.6,7.0,3.0,41.2,41.6,21.0,21.0,3.0,3.0,6.1,11.0,5.1,5.2,26.7,26.0,22.0,15.6
1772938716.8866735,13.4,7.1,17.2,15.5,37.8,38.4,4.0,2.0,3.0,3.1,3.0,5.0,28.3,28.3,34.3,25.0,10.1,9.1,34.3,34.7,34.0,36.6,21.8,21.8,6.1,2.0,6.0,8.0,28.0,25.3,15.2,16.2,4.1,4.0,4.0,2.0,42.6,37.0,9.2,1.0,40.4,40.0,23.0,17.3,3.1,1.0,10.1,7.0,5.1,10.0,11.1,9.2,20.4,16.8
1772938717.8878891,11.2,9.1,19.4,18.0,43.4,33.0,5.1,3.1,5.1,7.1,6.1,3.1,35.0,30.0,25.5,21.4,11.0,12.1,33.3,35.4,36.0,40.6,21.8,13.3,6.1,4.0,9.2,4.0,34.0,28.4,14.1,26.0,5.0,3.1,3.1,3.0,39.4,42.6,8.1,7.0,33.0,29.0,25.0,21.2,2.0,4.1,7.1,9.2,7.1,8.1,25.7,28.7,19.0,23.0
1772938718.8895688,12.1,7.1,20.0,15.8,37.1,35.4,5.1,3.0,19.6,20.2,7.1,5.1,34.3,26.3,27.3,21.4,10.2,9.2,27.0,40.6,36.6,39.6,26.0,29.7,3.1,6.0,9.0,10.2,31.3,27.3,40.4,38.0,4.1,5.1,2.0,2.1,43.0,38.4,3.1,7.1,28.3,28.3,19.2,25.0,3.1,11.1,10.0,9.0,6.1,6.1,12.1,13.1,24.2,17.5
1772938719.893304,13.4,9.1,12.1,20.4,37.4,35.0,5.0,2.0,4.0,1.0,9.9,5.0,28.0,31.4,21.2,22.4,7.1,11.1,34.3,27.3,38.8,35.0,30.7,31.7,4.0,3.0,6.1,5.1,23.0,33.3,37.6,44.6,4.0,3.0,2.0,4.0,39.2,42.0,5.0,2.1,21.0,21.8,21.0,22.0,3.0,4.0,6.1,10.1,6.0,7.0,26.0,27.0,22.0,17.2
1772938720.8945904,13.4,12.0,18.0,20.2,44.0,35.6,5.1,2.0,10.0,4.1,8.2,6.1,29.7,34.3,30.3,34.0,10.1,9.2,27.6,38.6,38.0,37.9,35.6,48.5,5.0,6.1,7.1,9.0,26.3,31.7,41.0,40.0,3.1,4.1,4.1,5.1,38.8,43.0,10.2,16.3,25.0,20.4,24.0,24.8,4.0,2.0,7.1,11.9,5.1,9.0,13.0,14.1,21.2,21.2
1772938721.894676,12.2,7.1,11.3,23.2,35.7,32.3,5.1,4.0,13.4,13.4,6.1,4.1,32.0,28.0,21.6,21.6,9.3,12.0,33.3,31.3,39.6,38.4,33.3,45.5,6.0,3.0,8.1,8.2,33.3,23.2,22.0,33.7,4.1,4.0,4.1,3.0,39.6,39.0,4.2,6.1,21.4,21.0,24.5,17.2,2.0,3.0,11.1,8.2,7.1,6.1,24.2,24.0,17.2,22.2
1772938722.8947594,13.4,11.1,19.2,25.0,38.0,38.6,4.1,3.0,14.4,15.0,5.9,8.9,34.0,32.0,21.0,20.4,11.1,8.2,32.3,34.7,40.0,36.6,43.6,37.6,3.0,3.1,8.2,9.0,25.3,29.0,29.0,25.0,3.0,4.0,4.0,2.0,42.0,39.0,3.0,2.0,28.0,22.0,23.2,20.2,3.0,2.0,10.0,8.0,7.1,5.1,14.0,12.0,23.2,17.2
1772938723.895529,13.1,9.9,25.3,20.4,37.1,34.0,4.0,2.0,5.1,3.0,5.1,5.1,31.3,33.7,21.6,20.4,10.1,9.1,37.0,34.0,38.8,36.3,43.0,30.3,3.0,5.0,5.1,7.1,36.6,27.0,35.0,39.4,4.0,5.0,4.0,2.0,42.0,40.6,2.0,3.0,32.0,31.3,25.7,23.2,3.1,3.1,8.0,11.9,7.0,9.1,22.0,19.4,20.0,23.2
1772938724.8956523,12.4,8.2,15.2,15.0,36.0,37.4,5.1,0.0,5.1,3.1,4.1,6.1,28.3,27.3,33.0,31.6,8.2,10.1,31.0,37.4,37.4,37.0,31.0,32.0,2.0,4.1,7.9,8.1,24.5,25.3,39.0,27.0,4.1,3.1,2.0,3.1,40.0,41.0,11.3,7.1,34.3,34.3,17.2,23.8,4.0,2.0,7.1,8.1,7.1,5.1,21.2,21.2,17.2,22.2
1772938725.9007502,12.0,11.1,13.3,18.4,34.0,42.6,4.1,5.1,16.2,22.0,4.1,3.1,30.7,33.0,24.7,24.8,15.2,16.2,34.0,33.7,39.2,39.2,31.7,52.0,2.0,7.0,8.2,10.0,22.5,30.0,40.0,20.0,3.0,4.0,3.0,2.0,40.6,39.6,21.2,24.5,40.6,40.6,23.0,19.0,3.0,2.0,8.9,8.1,7.0,8.1,14.3,16.0,24.8,16.0
1772938726.9019167,14.0,11.0,17.3,16.2,35.4,27.3,3.1,4.1,10.3,4.0,6.1,5.0,27.3,30.7,19.0,27.0,11.0,9.3,33.0,32.0,34.0,37.6,25.3,48.5,4.1,3.0,8.1,8.1,23.5,32.0,33.0,28.3,5.1,6.0,1.0,2.0,40.0,38.0,16.2,14.1,40.8,40.6,14.9,25.3,2.1,2.0,13.1,9.1,5.2,7.1,28.7,26.0,19.2,18.0
1772938727.9025316,11.5,7.1,15.2,14.3,35.4,35.0,3.0,8.8,5.0,2.1,4.0,7.8,30.7,23.0,19.6,23.5,2.0,16.2,26.0,36.0,37.6,30.0,6.1,34.7,5.0,2.0,7.0,10.0,27.7,29.0,33.0,27.5,3.0,4.0,2.1,3.0,40.6,40.0,5.0,4.0,40.6,40.0,20.0,19.4,5.0,4.0,8.1,9.1,7.0,7.1,6.1,8.1,17.3,17.2
1772938728.9029763,11.9,11.1,15.3,17.2,41.4,31.7,5.1,5.1,4.1,3.1,4.1,3.1,31.3,27.3,24.2,27.3,5.2,7.1,33.3,33.0,37.6,38.2,36.0,29.3,5.0,6.0,6.1,8.1,25.3,25.3,33.0,14.3,4.1,3.1,1.0,5.1,39.4,42.6,2.0,3.0,38.0,41.2,19.4,21.0,3.0,3.0,10.1,6.1,7.1,8.0,31.0,28.0,24.0,20.0
1772938729.9042654,13.1,10.3,19.8,19.6,38.8,40.4,3.1,2.1,23.0,17.3,7.0,6.0,36.6,33.7,27.6,24.2,9.1,13.3,37.0,33.0,38.6,39.0,48.5,32.0,4.1,4.0,5.2,9.1,33.0,26.3,24.2,25.3,6.0,4.1,4.1,3.0,43.0,39.4,6.1,4.1,31.7,30.0,26.3,23.5,4.0,3.1,11.2,11.1,7.0,8.2,12.9,12.1,27.0,16.5
1772938730.9043462,14.3,10.0,25.3,20.0,40.4,35.0,5.1,6.1,7.2,3.1,4.1,3.1,33.0,37.4,21.2,25.8,9.2,9.2,29.3,36.4,40.6,37.6,40.4,38.6,3.1,4.1,10.0,8.1,33.7,34.0,34.0,27.0,4.0,6.1,3.1,5.1,41.6,38.0,3.0,9.2,30.6,32.0,31.7,24.5,2.0,5.1,10.0,10.0,8.1,7.1,21.4,25.5,23.5,23.5
1772938731.908827,13.1,14.0,17.2,23.2,38.8,37.6,5.1,2.0,4.0,6.0,7.0,5.1,36.4,31.7,31.7,27.0,11.0,9.1,37.0,39.6,42.2,43.6,51.0,30.4,5.9,5.9,7.1,8.0,39.6,31.1,33.0,27.7,3.0,6.1,3.0,4.0,38.6,44.6,3.0,11.1,30.7,30.0,29.0,29.7,3.1,9.1,12.1,9.2,9.0,13.0,16.2,18.0,27.0,26.0
1772938732.9107642,21.8,11.2,16.3,23.2,36.7,36.0,2.0,4.1,9.3,9.1,5.1,6.1,35.6,34.0,25.8,25.5,10.2,10.3,36.4,41.0,39.2,40.6,48.0,30.3,3.1,3.1,8.1,6.1,34.3,32.3,22.2,30.9,3.1,2.0,2.0,1.0,40.6,40.0,3.1,6.2,39.0,36.4,26.3,24.0,4.0,9.2,9.0,13.0,8.1,6.2,18.4,19.4,21.8,26.3
1772938733.9119885,13.9,10.9,19.8,11.1,41.0,34.7,2.0,8.0,20.6,15.3,5.1,6.0,27.3,29.0,18.0,26.7,2.0,15.0,24.8,34.7,33.7,35.6,14.0,31.7,5.9,3.0,6.0,6.1,23.0,29.7,20.8,2.0,0.0,4.0,3.0,3.0,41.0,41.0,2.0,5.9,39.2,41.2,18.8,22.8,5.0,3.0,6.0,10.9,5.1,7.1,19.6,19.0,21.8,14.9
1772938734.9181376,11.2,4.1,11.3,16.2,35.0,31.0,2.0,5.0,2.0,4.0,6.0,3.1,30.0,28.7,18.2,16.2,5.1,2.0,32.3,33.0,34.7,35.3,17.0,32.0,4.0,2.0,5.1,5.0,27.0,21.8,29.0,21.2,5.0,3.0,3.1,5.0,36.0,37.6,2.0,3.1,39.4,42.0,19.0,19.4,4.0,1.0,9.1,7.1,5.9,6.1,8.2,9.1,19.2,16.3
1772938735.9201195,11.3,8.0,15.0,12.1,28.6,28.3,5.0,5.1,3.0,1.0,5.1,3.0,28.0,24.0,19.2,17.3,11.9,9.1,35.6,27.3,33.3,34.0,30.7,43.7,4.0,4.0,7.1,7.0,22.0,24.2,39.2,42.0,2.0,5.0,3.0,3.0,43.6,38.4,2.0,3.0,38.0,41.0,18.2,21.8,3.1,1.0,7.1,7.9,2.1,8.0,18.0,19.0,17.8,13.3
1772938736.9219499,11.2,9.1,18.4,18.4,41.8,37.4,3.1,3.1,3.1,5.2,6.0,6.1,31.7,32.3,25.5,33.3,4.1,9.1,35.4,33.7,36.0,38.6,31.0,31.3,3.1,3.0,8.1,6.1,32.7,26.0,36.4,41.0,4.0,4.0,3.0,1.0,42.0,42.0,2.0,2.1,38.0,39.0,22.0,17.2,4.1,2.0,10.1,7.1,8.0,6.2,17.2,19.2,17.5,23.0
1772938737.9250546,11.3,8.2,15.2,19.2,36.1,34.3,4.1,8.1,24.5,19.4,4.1,6.1,32.0,25.7,24.2,29.6,10.1,22.0,26.7,40.2,35.6,42.7,33.7,48.0,4.0,6.1,6.2,9.0,27.7,26.0,41.0,40.0,5.1,4.1,2.0,4.0,39.0,40.6,4.0,3.0,31.7,30.0,24.0,17.8,1.0,3.0,10.0,6.1,7.0,7.1,21.8,26.0,23.0,14.4
1772938738.92524,14.3,8.1,22.2,14.4,40.2,34.0,5.1,3.1,4.0,4.0,6.1,15.2,32.0,38.0,20.6,29.3,9.3,10.2,41.4,28.9,41.0,38.0,47.0,33.0,3.1,4.1,13.0,10.1,31.3,32.3,36.0,43.6,4.1,5.9,3.1,2.0,41.2,40.0,4.1,3.1,30.3,28.0,24.2,26.3,4.0,4.0,10.3,12.0,6.2,9.2,17.5,18.4,30.0,20.4
1772938739.9261534,12.2,7.1,17.2,13.1,38.0,38.6,4.0,0.0,3.0,6.1,4.1,3.1,28.0,30.0,21.2,22.0,9.1,11.9,36.0,26.0,34.7,32.7,51.5,31.7,4.0,2.0,5.1,7.1,30.7,30.0,20.0,39.4,5.0,3.1,5.1,4.0,37.8,41.0,3.1,13.3,20.2,22.0,16.0,21.2,2.0,3.1,7.0,7.1,6.1,6.1,18.6,16.0,19.4,14.9
1772938740.9309678,13.3,12.1,16.2,17.0,38.8,31.3,2.1,4.1,7.2,15.5,6.1,4.0,34.0,28.3,28.6,25.5,10.1,9.2,39.0,29.7,36.6,39.2,51.5,30.3,6.0,6.0,10.0,9.1,28.3,27.7,39.4,30.7,4.1,3.0,3.1,1.0,40.0,44.0,8.2,11.1,29.0,25.0,23.0,23.8,2.0,4.0,10.0,9.1,5.2,7.1,25.0,25.0,19.0,23.2
1772938741.9338663,15.2,12.0,19.6,19.2,41.8,34.7,5.0,5.0,13.4,11.1,3.1,5.1,29.0,35.0,20.4,26.3,8.2,10.1,36.4,35.4,42.6,38.0,49.5,32.7,3.0,4.1,6.1,10.0,32.7,34.0,41.0,40.0,3.0,3.0,4.0,2.0,42.2,37.0,3.0,1.0,22.0,21.8,27.3,25.0,6.1,3.0,10.1,10.1,6.1,9.9,14.3,13.3,23.0,24.0
1772938742.9372756,11.1,9.1,14.0,15.0,35.0,36.3,2.0,6.1,3.0,4.0,4.0,4.0,35.9,25.0,24.8,19.2,3.0,2.0,35.0,32.0,38.2,36.3,38.6,39.2,5.0,3.0,5.9,11.0,26.0,28.0,31.7,31.0,3.1,3.0,3.0,2.0,35.6,38.6,2.0,3.0,21.0,21.0,14.0,23.8,6.0,1.0,7.9,7.0,6.0,5.1,19.6,21.6,20.2,16.2
1772938743.9383702,12.4,6.9,18.0,10.2,30.6,31.3,6.0,3.1,5.1,8.2,2.1,4.1,28.3,26.0,23.5,18.4,16.3,14.3,28.0,41.6,38.6,35.3,23.8,32.0,6.0,5.0,6.2,4.1,28.0,25.0,40.4,31.3,5.0,4.0,1.0,4.0,43.0,41.0,3.1,3.0,30.0,32.7,18.2,16.0,4.0,2.0,8.0,10.0,6.1,7.1,18.2,20.4,18.0,22.4
1772938744.9388056,12.4,5.1,19.2,17.2,39.8,40.4,4.0,3.1,9.1,10.1,6.0,5.0,33.3,29.3,31.3,27.3,3.1,4.0,33.3,37.0,40.0,35.6,25.0,20.8,3.1,3.1,10.0,6.0,27.3,30.7,34.7,28.0,1.0,6.1,1.0,1.0,39.2,42.0,12.4,6.1,30.3,32.0,23.0,19.2,5.2,3.0,7.1,7.2,8.0,6.1,15.2,18.0,17.3,21.0
1772938745.9397962,13.3,9.1,14.3,14.3,38.8,35.0,4.1,2.0,11.2,17.2,5.1,2.1,31.6,32.0,25.5,22.4,20.2,11.2,31.0,29.3,36.6,37.0,25.5,35.6,4.1,3.0,9.1,6.1,27.3,28.3,32.3,35.4,4.0,3.1,4.0,4.0,36.3,38.0,31.6,24.5,35.4,41.0,20.2,21.0,2.0,5.0,9.1,10.1,5.2,6.1,17.2,18.2,19.8,21.4
1772938746.9403632,12.4,11.9,18.0,20.2,35.4,29.7,3.1,4.1,5.2,4.1,4.0,4.0,35.6,32.7,19.2,19.2,5.1,2.1,38.6,35.4,38.6,38.0,27.7,37.0,4.0,5.1,8.0,7.1,27.7,28.0,41.6,26.7,3.1,5.1,4.1,1.0,42.4,43.6,10.2,10.0,40.0,41.6,25.0,23.0,2.0,2.0,11.0,8.1,7.0,9.0,15.2,16.3,25.5,17.2
1772938747.940449,13.1,10.1,17.5,16.2,43.3,37.4,4.0,4.0,9.1,5.1,7.1,5.1,26.3,36.0,22.4,19.4,16.3,12.1,36.0,35.0,40.0,38.6,22.2,22.0,8.0,3.1,7.2,10.1,31.0,36.0,33.3,30.3,3.0,6.1,2.0,3.1,42.0,38.0,4.0,2.1,39.0,36.0,26.0,26.3,4.0,3.1,14.0,11.1,7.1,7.1,16.2,18.0,27.6,16.2
1772938748.9408166,12.4,6.1,16.2,14.3,35.7,35.0,5.1,2.0,10.3,8.2,5.1,10.1,30.0,34.3,32.3,32.3,2.1,7.1,32.0,33.3,35.6,36.6,43.0,30.0,3.1,5.1,8.9,7.1,31.0,25.3,30.0,30.3,3.1,4.0,4.1,4.0,42.6,39.0,2.0,3.0,31.7,29.3,18.2,24.5,3.1,3.0,6.2,10.2,6.1,9.2,26.0,23.5,20.2,18.2
1772938749.9453828,13.9,13.0,14.1,19.0,43.0,36.0,4.1,4.0,16.0,14.3,6.9,6.1,31.0,29.7,24.2,22.4,16.0,16.0,33.0,33.3,38.2,34.7,51.5,30.7,3.0,5.0,7.1,7.0,33.0,24.0,34.7,26.7,4.0,2.0,3.1,1.0,38.4,42.6,4.0,4.0,32.0,30.7,22.0,23.5,3.0,5.0,8.9,9.0,7.1,6.1,18.0,19.8,16.3,22.2
1772938750.9463515,12.2,8.1,18.4,14.1,38.1,32.0,4.0,2.0,5.0,1.0,3.1,7.0,31.7,32.0,22.4,27.6,5.1,3.1,34.3,33.3,39.6,39.6,48.0,29.0,2.0,7.0,9.0,8.9,31.0,29.0,23.2,35.0,5.1,6.0,2.0,4.0,41.4,40.0,2.1,2.0,31.0,30.7,26.3,13.1,3.0,4.1,7.0,12.0,6.1,9.0,23.2,22.0,19.2,23.0
1772938751.9489021,13.1,7.0,16.8,15.8,43.0,23.0,4.1,1.0,3.1,5.1,5.0,5.0,26.0,27.0,23.2,24.0,22.4,7.0,42.0,25.5,38.6,35.0,41.0,21.6,3.0,3.0,6.1,9.0,27.0,29.7,34.3,36.0,3.0,4.0,4.0,8.0,40.2,41.0,3.0,1.0,35.6,32.0,20.0,21.8,5.0,3.0,8.2,9.1,5.1,6.1,21.8,21.0,17.8,21.6
1772938752.951962,14.1,7.1,15.5,16.3,34.4,40.0,4.0,5.0,14.1,15.2,4.1,3.1,35.4,26.5,31.3,26.5,8.0,3.1,38.6,28.0,35.0,38.0,48.0,33.3,4.1,6.1,6.1,8.2,25.0,32.3,37.4,43.4,4.0,6.9,3.0,7.1,42.0,41.0,3.0,9.0,40.6,39.6,25.7,24.0,2.0,3.1,9.0,11.0,8.0,6.1,13.1,14.3,23.0,24.2
1772938753.9544802,10.4,9.0,20.0,14.3,32.3,36.0,2.1,2.0,9.2,8.2,4.1,4.0,39.6,27.0,16.5,22.2,12.1,14.3,27.6,36.6,38.6,38.2,40.0,36.7,3.1,5.1,7.2,4.1,32.3,25.3,41.0,35.4,2.0,5.1,3.1,8.0,38.0,38.6,5.2,5.1,42.0,39.4,21.4,20.4,2.1,5.1,7.2,8.0,6.1,7.1,28.0,29.7,21.4,18.6
1772938754.955318,10.3,8.1,18.0,19.8,38.6,37.6,3.0,3.0,3.0,4.0,5.0,6.0,30.7,30.7,21.0,19.2,2.0,5.0,31.7,36.0,38.0,37.6,33.0,47.5,3.0,5.9,5.9,9.1,31.0,33.3,31.0,40.6,2.0,4.1,3.0,9.2,40.2,39.0,8.0,3.0,41.0,40.6,22.5,26.0,3.0,2.0,10.0,10.1,6.1,5.1,11.0,10.0,19.2,21.2
1772938755.9558165,15.0,11.1,13.5,18.4,39.2,38.0,3.1,3.1,10.2,9.2,5.2,4.1,30.6,26.5,26.3,25.5,18.4,17.2,33.0,36.7,39.6,40.0,39.4,39.4,5.1,5.1,8.2,8.2,34.0,29.9,21.4,29.9,3.1,7.1,2.1,1.0,39.8,40.0,7.2,2.1,41.0,40.0,22.7,23.2,4.0,4.0,13.0,7.1,6.2,9.1,24.0,26.3,19.4,22.9
1772938756.955896,14.4,7.1,18.4,17.2,36.7,33.0,3.1,5.1,16.3,6.2,4.0,5.1,29.3,37.0,28.9,38.4,4.1,1.0,33.0,39.6,40.6,38.6,44.6,38.0,3.0,4.1,11.0,26.8,32.3,33.0,31.3,41.0,3.0,4.1,4.0,4.0,42.0,43.6,3.1,2.0,38.0,38.4,26.7,17.3,2.0,2.0,12.2,8.0,7.1,7.1,19.0,21.0,25.3,19.2
1772938757.9560418,14.3,8.1,15.8,19.4,41.8,30.0,2.1,3.1,6.2,13.0,6.0,4.1,32.7,26.3,18.2,19.0,16.2,17.0,37.4,31.6,35.3,40.6,44.6,31.4,5.0,4.0,8.0,8.1,25.3,29.0,35.0,32.4,2.0,6.1,2.0,2.0,41.0,39.0,4.0,4.1,31.0,31.0,22.2,21.2,5.1,2.0,7.0,12.1,6.1,6.1,8.2,10.2,18.0,21.0
1772938758.9570594,9.4,6.1,16.5,14.3,37.0,34.3,5.9,2.0,3.0,4.0,5.1,5.0,22.0,29.3,12.1,12.4,4.0,3.0,28.0,30.7,34.7,37.0,28.0,28.3,3.0,4.0,10.2,20.0,28.3,27.3,21.0,20.4,2.0,7.1,3.0,8.0,39.0,40.6,3.1,5.1,29.0,31.7,19.8,21.2,4.0,3.0,8.1,6.0,6.1,6.1,30.0,29.0,17.2,18.2
1772938759.961251,13.0,10.1,20.2,17.0,42.9,35.0,3.1,3.0,6.1,12.4,5.9,4.1,34.0,35.6,28.0,29.7,18.2,14.3,32.3,39.6,41.6,37.6,23.0,31.0,5.0,4.0,8.0,11.0,30.0,31.7,37.4,29.7,2.0,5.0,2.0,3.1,42.2,38.2,13.1,2.1,27.0,27.7,28.0,23.5,4.0,3.0,10.1,6.1,8.2,7.1,11.1,11.2,23.8,25.3
1772938760.9637382,14.9,12.0,22.2,14.1,37.4,39.0,4.0,3.0,16.3,13.9,7.1,4.0,33.0,32.0,35.4,37.6,4.0,4.0,35.6,35.7,38.2,39.2,29.4,46.1,4.1,5.1,9.1,8.9,30.4,32.7,40.6,40.0,3.0,7.1,2.0,3.0,41.6,39.6,11.2,9.1,20.0,20.2,25.0,22.0,3.0,3.0,10.0,8.0,5.1,8.9,20.8,21.8,22.4,19.2
1772938761.963828,10.3,10.0,20.4,14.3,34.7,37.6,6.1,2.0,6.1,4.2,5.1,7.1,30.0,32.3,17.2,17.7,9.2,22.4,34.3,32.7,37.0,38.6,21.0,35.4,6.0,2.0,10.2,5.2,25.5,26.5,44.0,38.0,5.1,4.1,4.1,3.0,41.4,38.8,3.1,3.0,22.2,28.3,15.2,23.2,3.1,1.0,10.9,9.1,7.1,6.1,25.0,23.2,19.0,23.2
1772938762.963921,12.1,7.1,16.0,12.1,35.7,35.0,4.0,2.0,2.1,3.1,5.0,3.0,28.0,23.8,19.6,16.0,2.0,3.0,33.0,34.0,33.0,36.6,22.0,21.0,3.0,6.0,5.9,8.1,25.0,25.0,38.0,40.6,3.0,2.0,2.0,4.0,40.0,41.6,2.0,4.1,20.2,21.8,18.0,25.0,4.0,3.1,8.1,11.0,6.1,7.1,9.2,11.2,16.3,15.2
1772938763.965564,14.0,7.1,12.1,11.0,28.0,38.6,2.0,2.0,11.0,5.1,4.0,5.0,25.7,27.0,30.7,24.5,16.8,13.3,33.0,24.8,35.0,37.3,30.4,42.6,3.0,4.0,8.9,5.0,21.2,24.8,35.0,40.6,3.0,4.0,2.0,1.0,38.6,38.6,2.0,4.9,21.8,20.2,11.0,20.8,0.0,4.0,6.0,6.1,5.1,5.1,26.0,27.5,15.0,19.0
1772938764.9656358,12.4,11.0,20.2,10.4,32.0,40.4,6.1,2.0,17.2,14.1,4.1,5.1,30.3,30.7,37.4,30.3,4.1,4.1,40.0,33.0,41.0,37.6,31.3,49.5,4.0,6.1,4.1,9.2,28.7,28.0,41.4,40.0,4.1,5.0,4.0,3.0,43.0,41.0,14.0,5.2,28.6,33.7,23.0,20.4,3.0,4.0,9.1,10.0,7.1,8.1,16.2,16.0,19.2,23.5
1772938765.9657216,9.6,6.1,19.2,17.8,41.4,32.3,3.1,3.0,4.1,1.0,5.1,4.1,35.0,28.3,17.3,16.3,18.4,11.2,35.0,30.6,36.0,34.7,37.0,45.0,6.2,3.0,6.1,7.1,28.0,30.3,41.0,39.0,3.1,5.2,2.1,1.0,41.0,39.4,32.3,26.5,31.3,33.0,20.2,20.2,1.0,1.0,10.0,7.1,5.1,9.0,16.2,16.3,19.2,21.4
1772938766.9693084,15.0,9.1,15.2,16.2,36.4,32.0,5.0,2.0,5.1,3.1,6.0,5.0,27.0,28.0,16.3,17.2,3.0,3.0,37.0,27.7,34.3,39.0,32.7,48.5,5.0,5.0,7.0,7.1,29.0,23.8,29.0,26.5,5.9,7.0,3.0,5.1,40.6,40.0,11.2,11.2,41.0,42.0,21.2,15.0,1.0,4.0,7.1,6.1,6.1,6.1,24.8,26.7,13.1,23.2
1772938767.9699826,10.3,6.1,13.3,18.2,30.6,40.4,5.1,3.0,13.4,5.1,3.1,4.0,36.4,29.0,26.0,29.0,7.2,23.2,29.6,32.3,36.0,36.3,39.6,41.6,3.0,4.0,6.1,7.1,29.7,32.3,3.1,3.1,5.1,4.0,2.1,2.0,39.4,38.6,4.0,2.0,30.0,32.0,19.0,26.7,2.0,3.0,6.1,10.0,7.1,5.1,8.1,6.1,20.6,19.2
1772938768.9701326,13.1,9.1,12.2,22.0,37.8,40.0,5.1,5.1,18.4,9.3,5.0,5.1,31.3,29.0,34.7,30.6,3.1,1.0,39.0,36.4,39.2,41.0,38.0,40.6,4.0,6.0,8.1,7.9,25.3,32.0,14.3,6.1,1.0,6.0,4.0,6.1,42.6,43.4,2.1,1.0,30.7,30.7,23.8,19.4,3.0,3.0,10.0,13.0,6.1,7.1,31.7,32.7,21.8,20.4
1772938769.97179,12.1,8.0,20.0,19.0,28.6,36.0,3.1,2.0,4.0,4.0,4.1,3.1,34.3,28.0,14.1,19.2,18.2,14.1,35.4,36.0,38.6,40.0,43.0,24.0,4.0,4.0,8.0,7.1,25.0,31.7,21.0,22.0,5.9,4.0,5.1,2.0,35.6,39.6,3.0,3.0,31.0,31.7,22.2,22.0,2.0,3.0,8.1,8.2,6.1,8.1,8.1,8.2,19.8,24.8
1772938770.9718795,13.4,11.1,18.4,16.3,35.7,41.6,3.1,3.1,3.1,3.1,5.1,5.1,34.0,35.0,15.5,21.4,3.1,2.1,35.0,32.7,37.6,40.2,23.0,26.7,5.0,6.0,7.1,10.9,33.7,29.3,27.3,38.0,2.1,4.1,3.1,3.1,39.8,45.5,3.0,3.1,31.7,31.0,21.0,22.0,2.0,3.1,9.2,9.0,8.1,6.1,31.0,29.7,16.3,25.0
1772938771.9732866,14.0,6.9,17.6,14.9,30.7,35.6,0.0,4.0,17.6,15.8,4.0,6.0,31.4,25.5,27.7,33.7,16.7,17.8,30.4,33.0,35.9,34.3,46.6,27.7,3.0,9.0,5.0,9.0,27.7,24.8,40.2,41.2,4.9,4.9,2.0,3.0,41.2,40.6,3.0,3.9,36.3,36.6,18.8,20.8,1.0,4.9,6.9,8.0,7.9,5.0,11.9,14.9,20.0,16.2
1772938772.978649,13.4,7.2,16.5,20.8,46.3,37.4,7.1,2.1,10.3,10.2,5.2,5.2,35.4,34.7,35.1,35.7,1.1,6.2,40.4,29.6,40.6,41.0,49.5,31.0,6.1,4.2,7.2,8.2,26.5,35.7,40.8,40.0,4.1,5.1,5.1,2.1,42.4,37.8,5.2,3.1,42.4,39.8,24.2,28.3,2.0,4.2,8.2,13.1,6.2,8.3,17.3,18.6,24.5,23.7
1772938773.9825146,11.1,8.0,13.1,14.1,39.0,27.7,3.0,4.0,3.1,2.0,6.1,7.0,26.3,30.0,13.3,15.2,15.0,15.0,28.7,31.3,37.3,40.2,51.5,30.7,2.0,5.1,7.0,6.1,21.8,25.0,40.0,41.0,4.0,2.0,4.0,5.1,40.6,41.6,4.0,2.0,39.4,40.6,19.0,20.0,2.0,4.0,6.0,9.1,6.1,5.1,22.5,23.0,20.0,13.1
1772938774.9825904,13.4,6.1,16.3,15.0,35.7,40.0,3.1,1.0,8.1,7.1,5.1,5.0,35.0,20.4,19.6,20.2,4.1,7.1,22.2,39.0,35.0,39.6,47.5,27.0,5.0,5.0,6.1,8.9,29.3,25.7,28.3,26.0,3.1,4.1,2.0,3.1,36.0,38.6,3.0,2.0,40.0,40.0,18.0,21.0,3.0,4.0,10.0,7.1,6.1,8.1,4.1,5.2,22.0,16.2
1772938775.98373,11.2,9.1,18.4,18.4,39.8,33.7,3.1,4.0,9.3,16.0,7.1,30.0,34.7,35.6,34.3,27.6,18.0,13.3,33.3,37.4,41.0,38.0,36.6,21.0,5.1,4.1,7.1,5.1,29.0,35.4,17.0,7.1,4.1,5.0,2.0,3.0,40.0,43.4,2.0,1.0,39.0,41.0,25.3,21.4,3.0,3.1,10.2,7.1,7.0,7.1,36.4,34.3,20.4,16.3
1772938776.9838264,12.2,8.9,16.2,12.0,34.3,32.0,2.1,3.0,9.2,8.2,13.0,22.2,25.0,31.7,28.3,23.2,4.0,3.0,24.0,35.6,37.3,35.0,26.0,28.0,3.0,5.1,8.1,7.1,28.7,25.5,18.2,30.0,3.1,1.0,4.1,1.0,39.0,39.0,3.1,3.1,40.6,41.0,18.8,18.2,3.0,2.0,8.0,7.1,6.1,6.1,6.1,7.1,19.0,19.8
1772938777.9869437,13.4,7.1,15.8,15.2,40.0,34.3,3.0,3.0,3.0,4.0,14.1,4.0,25.3,33.0,26.3,16.3,18.0,11.1,27.0,33.0,34.0,36.9,34.3,38.6,2.0,4.0,10.9,5.0,22.0,33.3,33.0,30.0,4.0,4.0,2.0,3.0,36.0,44.6,4.0,5.0,35.0,36.0,17.3,19.8,4.0,4.0,7.1,8.0,8.9,9.9,17.8,17.2,19.4,18.0
1772938778.9876661,18.2,9.2,18.4,16.2,36.7,36.0,4.1,1.0,4.1,3.1,5.1,3.1,27.7,30.3,29.3,24.2,3.1,6.1,31.3,34.3,40.6,38.0,42.2,39.4,5.1,4.0,8.2,8.0,33.3,23.0,30.3,31.0,5.0,2.1,5.1,5.1,39.6,42.0,3.1,2.1,31.7,30.3,23.2,25.5,2.0,6.0,11.1,8.2,8.0,7.1,21.2,24.0,16.7,24.7
1772938779.9890885,10.4,7.1,13.3,11.1,34.7,28.7,3.0,2.0,14.3,21.0,6.1,3.0,23.8,32.0,32.3,31.0,13.0,17.2,30.0,30.0,34.3,34.7,36.4,40.8,3.0,5.0,7.1,8.0,19.0,29.3,32.4,40.6,4.0,4.0,5.0,2.0,44.0,39.0,3.1,7.1,31.0,30.7,17.0,20.8,3.0,3.0,5.1,8.0,5.1,6.1,14.0,14.0,16.2,17.0
1772938780.9918919,13.1,8.0,18.0,12.1,32.7,36.0,6.0,3.0,5.2,10.2,5.0,6.1,22.4,36.0,25.3,25.5,2.0,9.0,31.7,34.3,33.7,36.6,30.7,46.5,5.0,5.1,8.0,6.1,28.0,28.7,31.0,33.3,4.1,2.0,3.1,3.0,39.0,41.6,5.1,15.0,22.8,23.0,20.0,20.2,0.0,3.1,10.9,9.1,6.1,8.1,31.7,28.3,21.2,19.2
1772938781.9945505,14.0,12.0,20.2,20.0,43.4,35.6,7.0,3.0,5.1,3.1,7.1,5.0,38.0,30.3,16.3,16.3,15.2,14.1,36.4,36.6,38.2,40.2,30.7,32.0,3.1,5.1,6.0,9.2,32.4,42.4,39.4,33.0,4.1,5.0,2.0,1.0,42.6,39.0,8.2,9.3,24.8,31.0,24.2,26.7,2.0,4.0,9.3,10.0,7.1,8.1,7.1,9.0,21.4,24.0
1772938782.9948766,10.3,9.2,16.2,18.2,34.7,36.0,9.1,4.0,10.1,7.1,4.0,5.1,25.5,34.0,28.3,30.3,6.2,3.1,34.0,39.0,39.2,40.2,31.0,47.0,8.1,4.1,10.1,7.0,25.5,26.0,40.4,40.0,4.0,4.1,4.0,3.0,42.4,39.4,4.1,4.0,26.0,26.0,24.0,24.0,4.0,1.0,8.9,8.0,7.9,8.0,29.7,27.3,16.2,25.3
1772938783.9966984,13.1,10.0,17.3,20.2,43.9,35.4,10.0,4.0,20.4,21.2,6.1,4.1,36.6,40.0,30.3,33.0,14.3,15.3,33.3,40.6,36.6,40.0,29.7,50.5,6.1,5.0,9.0,9.1,32.7,39.6,41.6,21.2,5.1,3.0,5.1,6.1,42.2,41.6,7.0,3.1,25.3,22.2,23.2,27.0,4.0,4.0,11.1,9.2,7.1,7.1,14.0,13.1,26.0,24.0
1772938784.9996967,9.3,8.2,16.2,17.3,33.0,26.7,2.0,2.0,1.0,2.0,4.0,5.1,30.0,24.8,28.0,23.0,2.0,9.1,32.3,29.3,35.0,34.3,21.2,41.6,5.0,5.0,6.1,7.0,22.2,31.7,43.0,37.0,2.0,3.0,2.0,5.1,40.4,38.0,18.4,19.2,31.3,29.3,19.0,19.4,1.0,4.0,7.0,7.1,5.1,7.1,27.0,29.0,21.4,12.2
1772938785.999779,10.3,8.1,17.0,13.3,38.4,40.4,4.0,1.0,6.0,3.0,6.2,4.0,27.6,31.3,11.3,10.3,16.2,11.2,32.0,35.0,35.3,34.0,19.2,39.0,2.1,4.1,6.2,9.2,26.3,25.3,41.4,39.4,6.1,4.0,2.0,4.0,37.6,39.0,11.2,16.3,30.3,31.6,21.2,20.0,2.0,3.0,9.3,6.0,4.1,7.1,13.3,14.1,14.1,19.4
1772938786.999874,14.0,9.1,23.2,21.0,37.8,32.3,1.1,5.1,5.2,8.2,5.1,5.1,33.7,31.3,23.2,28.3,4.1,8.2,34.3,33.7,38.6,41.0,33.3,50.0,4.1,2.0,6.1,9.0,29.0,35.4,40.4,41.0,5.1,5.1,3.0,3.0,38.4,41.0,6.0,15.2,35.0,30.0,21.8,28.7,1.0,6.0,10.0,11.1,7.1,5.2,13.1,13.4,21.4,24.0
1772938787.9999557,12.2,6.1,14.3,17.2,37.5,38.6,3.0,10.3,21.4,11.3,5.0,4.1,30.6,30.7,31.3,30.3,13.1,16.3,36.6,35.0,36.0,40.2,30.0,51.5,5.0,5.9,8.1,9.2,24.2,29.3,28.7,45.5,4.0,6.1,3.1,3.1,40.2,41.6,3.0,8.0,31.0,30.0,22.4,21.4,2.0,2.1,8.1,7.1,8.0,8.0,29.0,30.0,24.0,15.3
1772938789.0007117,12.1,12.0,17.0,14.1,35.6,37.0,4.0,9.9,7.9,3.1,3.1,6.0,26.7,30.0,20.4,32.0,3.1,10.0,28.3,36.4,35.4,39.2,36.0,43.6,5.1,2.0,6.1,8.9,30.4,34.7,21.0,33.7,2.0,7.0,3.0,3.1,39.0,40.0,2.0,4.1,31.0,31.7,17.0,25.7,2.0,4.0,8.1,8.0,6.1,5.2,10.8,7.0,17.0,25.0
1772938790.0031052,15.2,13.0,17.3,17.3,37.1,35.0,5.1,4.1,1.0,8.1,4.1,6.1,29.0,32.3,14.3,14.3,12.1,14.3,36.4,31.0,38.2,37.6,36.0,46.0,4.0,3.1,9.0,6.1,27.3,28.6,21.4,36.4,4.0,3.0,2.0,0.0,35.0,43.6,2.1,0.0,32.0,30.3,24.2,19.0,2.0,3.0,12.0,8.0,6.2,8.1,26.3,27.6,21.0,23.0
1772938791.0050578,11.1,10.1,14.3,18.0,35.4,37.0,2.0,3.0,13.0,15.3,5.1,7.1,34.3,33.7,29.0,23.0,5.1,6.1,37.6,31.1,36.3,40.2,28.7,30.7,4.1,4.0,5.1,7.1,35.4,21.8,29.3,42.6,4.1,4.0,4.0,2.0,42.0,40.0,3.0,5.1,33.0,34.7,24.8,22.0,3.0,5.1,8.1,10.2,7.0,8.9,14.0,12.1,20.2,22.2
1772938792.006658,15.3,8.2,17.3,18.2,37.4,37.0,3.1,2.0,13.4,13.3,4.0,5.1,32.0,37.3,30.6,30.3,10.2,16.0,27.3,39.8,39.6,36.6,31.0,20.0,5.1,3.0,6.1,10.9,30.0,33.0,44.6,34.0,5.0,3.0,3.1,2.0,42.4,39.0,2.0,3.0,39.6,41.6,29.3,21.0,3.0,1.0,10.0,9.1,7.1,7.2,20.4,22.8,20.4,19.4
1772938793.00778,14.3,12.0,18.4,19.2,32.7,40.0,3.1,5.1,3.0,3.0,4.1,4.0,29.7,33.7,26.5,23.2,10.0,4.0,35.0,38.6,40.0,36.6,30.0,48.5,3.1,5.1,8.2,3.1,30.3,26.0,33.0,31.3,4.0,4.1,5.1,5.1,42.2,40.4,1.0,2.0,40.6,41.6,19.2,25.5,3.0,8.7,9.1,8.1,8.1,7.1,21.8,24.2,20.0,25.7
1772938794.0078516,12.2,8.1,13.0,18.4,31.6,41.4,9.0,5.1,5.1,4.0,6.0,5.1,29.3,27.3,13.3,14.1,10.1,13.1,40.0,23.0,39.6,36.0,29.7,34.0,3.0,5.0,9.9,5.0,30.7,32.0,36.0,32.3,4.0,5.1,3.1,4.0,39.4,39.6,3.0,4.0,41.0,39.4,23.0,22.8,2.0,2.0,6.1,11.0,6.0,7.1,8.2,8.1,23.2,19.2
1772938795.0086706,12.5,9.1,16.3,15.3,38.4,30.0,8.1,2.0,12.1,12.4,4.1,5.1,33.0,27.7,24.2,21.2,9.0,4.1,31.3,33.3,34.7,34.7,30.0,32.0,2.0,4.1,9.1,7.1,22.0,33.3,38.4,40.0,3.1,4.0,7.0,1.0,42.6,40.0,1.0,3.0,41.0,40.0,27.0,19.2,4.0,3.1,10.2,10.0,7.1,7.0,32.0,34.3,17.2,21.0
1772938796.0125003,14.1,9.9,17.2,14.0,33.3,37.0,4.1,3.0,12.4,13.1,5.1,5.1,33.0,24.0,33.3,30.3,5.1,15.2,33.0,34.0,37.6,37.6,48.0,33.7,5.0,5.0,5.1,10.1,27.3,30.0,19.0,40.0,4.0,4.0,6.1,2.0,40.0,38.6,4.0,4.0,40.0,40.6,20.0,20.0,3.0,5.1,8.9,7.1,5.1,7.1,10.0,9.0,15.2,23.0
1772938797.0127363,14.3,10.2,17.2,21.2,35.7,40.0,5.1,2.0,5.1,5.1,7.1,4.0,35.6,30.0,30.3,25.3,15.2,7.1,35.0,40.6,41.2,40.6,52.0,30.0,6.1,4.1,9.1,11.1,31.0,36.0,35.4,42.6,9.0,5.1,4.0,2.0,41.0,42.0,12.2,3.1,39.0,41.0,26.3,21.2,1.0,5.1,10.1,12.1,9.0,6.2,25.3,26.0,22.8,27.3
1772938798.0160255,11.2,6.0,10.1,13.0,38.0,36.0,4.0,2.0,4.1,2.0,3.1,5.1,26.0,25.0,18.0,12.2,7.1,16.0,32.0,28.3,33.7,38.6,51.0,30.7,4.0,5.0,9.0,5.1,21.0,27.0,40.8,40.4,6.1,4.0,4.1,3.0,40.6,38.6,3.0,3.0,35.6,34.7,14.1,18.0,9.0,2.0,9.9,5.0,4.1,7.9,17.0,18.0,15.0,18.0
1772938799.0181496,11.5,10.2,14.3,21.2,38.8,32.0,3.1,2.0,12.1,15.3,3.1,5.1,29.3,34.7,24.2,26.3,9.2,1.1,37.4,29.0,39.0,36.0,51.0,30.7,4.0,4.0,9.1,6.1,32.0,30.0,42.4,38.0,4.0,2.1,4.0,3.1,42.6,39.0,3.1,4.1,30.0,32.0,22.2,24.0,6.1,4.0,8.1,9.0,6.1,6.2,10.1,9.0,21.0,19.4
1772938800.0182297,10.4,11.0,12.0,19.6,40.8,41.2,5.1,2.0,11.1,13.3,5.0,6.1,34.0,31.0,29.3,30.3,13.3,11.1,38.0,30.0,39.6,35.6,38.0,23.0,5.0,4.0,5.1,11.0,30.3,26.7,33.7,30.3,3.1,5.0,3.0,3.0,41.4,40.0,3.0,4.1,30.3,31.0,23.0,25.0,1.0,4.0,10.1,11.1,6.2,9.9,34.0,34.3,19.4,19.2
1772938801.0207758,13.0,11.0,20.2,23.8,33.7,36.4,4.1,4.0,5.1,5.0,5.1,5.2,33.3,37.4,23.0,26.5,15.0,2.1,31.3,41.0,38.6,43.1,33.7,38.4,5.1,5.1,7.1,10.1,33.7,27.0,30.6,18.0,5.1,4.1,2.0,4.1,39.6,40.6,15.3,6.1,22.8,24.0,26.0,21.0,4.0,4.1,11.0,10.0,8.1,6.1,10.0,9.2,28.3,23.0
1772938802.0269983,15.0,7.1,18.0,19.0,37.8,37.0,8.0,2.0,3.1,8.0,4.0,4.0,30.0,23.8,17.2,19.0,15.0,3.0,29.7,34.7,36.3,37.6,29.7,32.7,3.0,2.0,6.1,3.0,28.3,25.0,41.2,21.0,3.0,3.0,2.0,4.0,40.0,38.0,8.1,5.2,22.0,24.0,23.0,19.0,2.0,4.0,6.1,9.2,5.0,7.0,22.0,24.5,13.0,22.8
1772938803.0277367,11.5,6.0,15.0,12.1,39.0,36.0,2.0,3.0,13.3,19.6,4.1,5.1,28.7,28.7,28.3,25.8,5.0,16.2,30.0,30.0,32.0,33.7,33.3,35.3,5.1,3.1,9.0,9.9,25.3,28.4,37.0,43.0,5.1,3.0,6.9,1.0,41.0,39.0,4.0,2.0,27.3,29.0,23.0,18.4,3.0,2.0,4.0,9.0,7.1,5.1,15.0,16.3,11.0,18.4
1772938804.0313427,13.1,9.9,19.6,12.4,33.3,33.0,4.0,6.9,6.1,10.0,5.0,7.0,34.7,29.0,28.6,30.7,6.2,13.0,35.0,35.4,37.6,38.2,48.5,33.0,5.1,4.0,8.0,6.1,30.0,26.3,42.4,38.0,3.0,4.1,3.1,3.0,45.5,36.0,8.1,3.1,22.0,21.2,25.0,24.8,2.0,4.0,10.1,9.0,8.0,6.1,15.2,16.0,21.2,21.0
1772938805.0330594,11.3,9.2,26.7,22.0,42.4,40.0,5.1,7.0,5.9,4.0,6.1,5.1,33.7,39.0,21.0,21.6,10.1,5.2,40.2,34.0,44.1,38.6,35.6,31.7,5.1,4.0,7.1,11.1,31.0,32.3,38.0,41.4,5.1,6.1,4.1,2.0,39.0,43.0,24.5,7.2,24.8,29.7,27.0,29.0,6.1,2.0,12.0,12.1,6.1,8.1,29.0,29.7,24.2,20.2
1772938806.0332139,14.1,7.1,15.2,18.4,31.3,32.0,4.1,1.0,4.1,4.1,4.1,5.1,32.3,31.0,19.4,16.3,10.1,6.1,37.8,25.3,35.0,35.0,30.3,32.3,3.1,5.0,7.1,3.1,27.7,23.8,36.0,33.0,4.0,5.0,3.0,2.0,41.0,39.0,14.1,6.2,29.6,29.6,20.4,18.0,2.0,1.0,8.2,9.0,7.1,7.1,10.1,12.2,21.2,15.3
1772938807.0349722,13.1,10.0,17.2,22.8,37.8,46.0,6.1,2.1,19.0,8.2,5.1,5.1,28.7,26.0,25.5,30.3,3.1,9.2,33.7,36.6,36.6,34.3,21.8,41.6,5.1,2.0,8.0,8.0,29.6,29.3,21.4,9.0,3.1,5.0,4.0,3.0,42.0,39.6,5.0,17.0,20.2,22.0,22.8,23.2,3.0,3.0,8.1,6.1,7.9,5.1,20.0,19.2,20.4,20.0
1772938808.0357857,10.4,10.0,24.2,10.3,37.5,34.0,4.1,6.0,10.2,10.2,5.1,5.1,37.4,34.3,24.2,22.4,8.2,10.1,30.6,36.4,39.2,33.3,23.8,28.6,6.1,4.0,6.1,8.1,26.0,32.7,27.0,13.4,3.1,4.0,3.1,5.1,43.0,40.0,9.2,6.2,33.0,27.0,24.0,21.2,5.1,1.0,11.1,9.1,7.1,5.1,21.0,18.2,21.0,25.3
1772938809.0358577,11.3,8.2,16.5,17.2,32.7,38.0,5.1,4.0,4.0,4.1,5.1,4.1,30.3,27.0,25.0,18.4,9.2,8.2,33.0,30.0,39.4,38.6,26.0,45.1,4.1,3.1,7.2,12.1,32.3,25.0,36.4,42.0,5.1,3.1,2.0,3.1,40.0,42.0,4.0,4.0,31.7,32.0,21.2,19.2,2.0,2.0,10.0,8.2,8.0,6.1,20.0,18.2,20.0,21.2
1772938810.0371995,13.9,7.1,15.0,14.0,32.7,34.7,2.0,3.0,6.1,8.0,4.0,3.0,30.0,20.0,22.7,33.3,10.1,12.1,30.3,27.0,35.3,35.6,32.7,48.5,5.0,3.0,6.0,7.1,22.0,31.0,42.6,39.6,1.0,7.0,1.0,2.0,41.0,40.0,2.0,2.0,31.0,30.0,17.0,18.0,4.0,2.0,4.1,9.0,5.1,5.1,19.2,23.2,14.1,16.0
1772938811.0392318,14.7,35.0,16.2,22.0,35.4,38.4,2.0,2.1,10.2,22.4,5.1,5.0,36.0,25.3,26.7,26.8,3.0,13.0,40.2,29.3,37.0,36.6,30.0,46.5,6.1,3.0,7.0,7.0,26.3,31.0,40.4,41.0,5.0,4.1,3.0,4.0,41.0,38.4,2.0,2.0,41.6,40.0,21.2,23.2,1.0,2.0,12.0,7.1,7.1,8.1,14.1,15.8,19.2,22.2
1772938812.0403223,13.5,20.2,19.2,28.3,36.7,34.0,7.1,3.0,3.1,7.0,5.1,6.0,31.3,27.0,16.5,18.4,9.3,12.2,40.0,30.0,38.6,34.7,36.3,37.0,4.0,5.1,6.1,9.1,29.7,28.3,40.6,40.0,4.0,5.0,6.1,2.0,40.6,39.6,4.0,3.0,42.0,39.4,19.2,24.2,4.0,3.1,9.2,8.2,7.1,7.1,24.8,21.4,19.4,22.2
1772938813.0406704,13.1,10.2,11.5,17.3,33.7,40.0,4.0,3.1,6.1,4.1,4.1,3.1,28.3,33.3,24.5,23.0,10.0,5.2,29.3,35.4,35.6,36.0,30.6,31.7,5.1,3.1,8.1,7.1,24.0,36.0,40.4,29.0,3.1,3.1,3.0,5.1,40.0,39.0,3.1,4.0,39.6,41.6,19.4,23.0,3.0,3.0,6.1,6.1,4.1,7.1,11.1,13.1,22.0,17.2
1772938814.0441623,11.3,8.0,22.0,19.2,38.8,34.7,5.0,5.0,4.1,11.1,5.1,5.0,31.7,35.6,29.6,30.0,9.2,10.1,35.0,33.3,44.1,38.2,32.4,30.0,4.1,5.0,7.1,9.0,35.6,29.0,14.0,34.7,5.1,2.0,4.0,4.0,36.0,34.7,2.0,9.1,40.6,42.0,28.7,24.0,3.0,1.0,7.0,11.1,6.1,8.1,21.6,22.0,18.0,22.8
1772938815.045395,12.0,8.1,17.2,27.0,41.0,35.0,7.1,3.1,19.6,13.1,5.0,4.0,34.7,36.0,23.2,23.5,12.1,6.1,39.6,28.4,41.2,40.8,29.7,30.0,5.9,3.0,5.9,8.1,31.0,32.7,25.3,33.0,5.0,2.0,1.0,3.0,39.0,36.0,2.0,4.0,39.0,41.2,27.0,23.8,4.0,4.0,10.0,11.0,7.9,6.0,16.2,16.3,23.0,22.0
1772938816.04761,12.6,7.1,27.6,30.3,39.4,38.8,5.1,2.0,8.2,2.1,2.0,4.0,42.4,37.0,8.1,9.2,3.0,2.0,20.2,22.2,40.6,43.0,20.2,21.8,1.0,4.0,1.0,5.1,40.4,34.0,17.2,31.3,2.0,2.0,4.0,2.1,28.7,28.0,1.0,0.0,41.0,40.8,33.7,35.7,1.0,1.0,7.1,5.1,2.1,4.1,3.1,5.1,10.0,12.2
1772938817.0484426,11.1,10.1,25.0,27.6,40.8,40.6,8.2,2.0,6.0,3.0,2.0,5.0,36.6,33.7,8.2,13.3,6.1,6.0,27.0,27.3,39.6,41.6,19.0,12.1,3.0,3.0,5.1,5.1,33.0,35.6,11.9,28.6,2.0,3.1,4.0,1.0,31.6,35.0,2.0,1.0,39.0,41.6,28.4,41.0,2.0,2.0,12.0,11.0,5.1,7.9,15.2,16.0,17.3,20.4
1772938818.0489724,12.2,7.1,19.2,12.1,39.8,27.0,9.8,5.1,2.0,5.1,3.0,6.9,31.0,28.3,23.5,20.2,19.0,10.1,30.0,35.0,37.6,33.7,20.0,25.0,6.0,4.0,7.1,6.1,20.2,30.3,18.0,24.8,5.1,2.0,2.1,1.0,38.6,38.0,3.0,1.0,38.6,39.6,20.2,20.0,2.0,6.0,10.0,9.1,8.1,6.2,21.0,19.2,21.2,16.0
1772938819.0490546,10.2,5.9,21.2,24.2,39.6,35.0,3.0,4.0,3.1,3.0,2.0,2.0,35.0,38.6,31.3,34.3,2.0,1.0,19.2,14.0,41.0,40.6,31.7,32.0,0.0,3.0,2.0,5.1,28.0,39.0,12.1,21.0,1.0,2.0,1.0,1.0,18.8,22.0,3.0,3.0,30.6,29.3,29.7,31.0,2.0,1.0,3.0,6.1,3.1,3.1,8.2,9.9,8.1,12.1
1772938820.0493991,12.4,6.1,22.0,21.0,37.8,38.0,3.1,2.0,5.2,11.0,5.1,4.0,29.3,33.7,26.3,21.9,9.1,4.0,26.7,23.0,40.0,37.6,36.6,36.3,3.0,3.1,5.1,4.1,33.0,32.0,39.0,13.3,3.0,4.0,4.1,6.0,29.6,29.0,2.0,4.1,32.0,29.3,25.3,27.0,2.0,2.0,8.0,6.1,5.1,5.2,15.8,14.1,14.3,15.2
1772938821.055698,12.0,7.8,27.3,27.0,44.0,33.7,5.0,1.0,8.9,6.0,2.0,4.0,36.3,39.2,3.0,3.0,3.0,8.9,22.2,21.0,39.4,40.8,44.7,35.0,2.0,3.9,4.9,6.9,38.0,34.3,31.4,30.7,3.0,1.0,2.0,2.0,32.4,24.5,2.0,4.0,27.5,25.7,37.0,30.7,2.0,1.0,7.0,9.0,4.0,5.9,7.1,8.1,14.9,17.8
1772938822.0578666,14.0,11.2,30.6,28.6,37.8,38.4,4.0,5.1,9.3,16.3,3.1,5.1,33.3,40.0,6.1,8.2,7.2,12.2,35.6,28.7,41.0,41.0,40.0,33.0,4.0,3.1,6.2,4.1,40.0,36.4,32.7,36.4,3.1,3.0,3.0,1.0,37.0,30.3,2.0,8.0,20.2,21.8,32.7,28.3,3.0,3.0,7.1,10.1,7.1,5.1,8.0,9.2,23.2,10.3
1772938823.05986,16.0,10.0,19.2,16.2,29.0,40.0,3.1,3.1,5.1,4.0,5.1,5.0,31.7,34.3,27.6,23.0,5.1,16.0,35.4,33.7,37.6,38.6,31.0,33.0,3.0,6.1,9.0,12.1,36.6,22.8,38.0,43.0,5.1,2.0,4.0,3.0,40.4,41.4,2.1,4.0,21.0,21.0,23.2,26.0,3.1,4.0,13.1,10.0,7.1,7.1,26.3,24.2,23.2,20.2
1772938824.061769,15.2,8.2,19.6,17.0,39.2,38.2,4.0,4.0,7.1,9.9,5.1,6.1,34.0,34.7,39.4,37.4,12.1,10.2,32.7,35.0,39.8,40.6,36.6,22.0,4.0,4.1,9.1,6.1,29.7,33.3,40.2,21.8,6.9,6.9,3.0,3.1,38.0,37.3,11.2,3.1,16.3,16.2,21.8,28.3,3.0,4.0,8.0,9.2,8.1,8.1,9.2,12.2,23.0,24.0
1772938825.065311,14.4,10.9,31.7,27.0,39.0,40.4,2.0,3.0,5.1,3.0,5.0,3.1,40.0,37.4,23.5,22.4,4.0,3.0,28.3,25.0,41.0,39.6,40.0,2.0,3.0,2.0,3.0,1.0,39.0,36.0,20.4,2.0,2.0,3.1,2.0,2.0,26.3,22.4,13.0,8.0,9.9,9.1,32.3,36.0,2.0,3.0,7.1,6.0,3.0,4.1,15.8,14.0,11.2,15.2
1772938826.0693123,12.4,6.1,34.3,26.5,39.0,43.1,2.0,4.0,10.1,5.1,4.0,4.0,33.7,42.6,1.0,3.1,3.1,14.1,21.8,19.2,41.2,42.2,37.6,9.9,2.0,3.0,5.0,5.0,36.3,40.6,20.0,0.0,4.0,2.0,3.0,2.0,23.8,24.5,4.0,2.0,0.0,1.0,35.0,31.0,1.0,2.0,8.0,7.0,6.0,4.0,12.0,10.2,12.9,14.0
1772938827.0696805,9.3,7.1,25.3,17.3,31.3,37.0,6.1,0.0,14.1,6.1,4.1,4.0,31.3,35.0,3.0,1.0,2.0,3.0,26.3,23.8,36.4,38.6,33.7,9.0,4.0,2.0,4.0,2.0,27.6,35.0,21.0,9.1,3.1,2.0,1.0,3.0,27.7,27.0,4.0,2.0,9.1,14.1,27.0,28.3,3.0,2.0,8.0,7.1,5.0,6.0,9.0,12.1,14.0,17.3
1772938828.071052,11.3,8.0,16.3,14.9,40.8,32.0,3.0,3.0,15.5,7.0,6.1,4.0,30.7,25.3,13.1,8.2,9.1,8.2,35.6,28.0,33.0,33.7,36.6,22.8,3.0,4.0,3.1,9.9,31.7,25.0,32.7,40.6,2.0,3.0,3.1,1.0,38.8,42.0,6.1,3.0,16.2,24.0,23.2,23.0,1.0,3.0,7.1,7.9,6.1,6.0,10.1,13.9,17.2,19.4
1772938829.0724945,12.2,10.0,17.2,18.4,39.0,35.0,6.1,4.0,6.1,4.1,6.1,6.1,32.0,30.0,41.6,39.4,9.2,12.2,40.0,30.3,40.6,43.0,34.0,37.4,4.1,5.1,9.0,8.2,30.0,32.7,38.4,42.0,2.0,6.1,3.1,5.1,43.6,39.0,9.3,2.1,22.0,22.2,24.0,20.2,5.1,3.1,9.9,10.2,9.9,5.2,25.3,27.6,24.0,21.2
1772938830.0762994,12.1,10.1,19.2,19.4,35.7,37.0,6.1,2.1,11.1,6.1,4.1,4.1,32.3,29.3,34.0,37.4,11.1,13.3,30.7,39.4,37.6,38.2,37.6,44.6,3.0,6.0,8.1,9.1,34.3,27.0,39.6,41.0,4.0,4.0,3.0,2.0,40.0,41.6,3.1,10.1,21.2,26.0,21.2,23.2,1.0,10.2,9.1,12.9,6.1,9.0,15.8,19.8,20.4,21.2
1772938831.0774043,11.0,8.1,17.8,14.0,40.6,37.0,5.0,2.0,10.0,5.1,5.0,3.0,26.5,30.7,5.1,7.0,7.1,3.0,32.7,29.4,38.2,35.3,42.0,38.6,5.0,4.0,5.1,3.0,27.7,23.5,42.0,38.6,2.0,2.0,2.0,4.0,33.3,35.0,17.8,25.3,37.6,33.3,21.6,18.8,3.9,5.9,7.8,8.0,6.9,8.0,11.1,12.0,17.2,14.0
1772938832.077487,9.5,7.0,23.5,30.6,39.4,37.8,2.1,3.0,3.1,2.0,2.0,2.1,38.4,36.4,1.0,3.1,2.0,9.9,16.3,14.1,39.0,43.0,45.5,35.0,3.1,2.0,2.0,3.1,42.6,32.7,38.4,42.0,3.1,2.0,2.0,5.1,18.2,18.2,3.1,4.1,40.8,39.6,36.7,38.4,0.0,2.0,5.1,3.1,5.2,3.1,19.0,20.0,13.0,11.1
1772938833.0775707,9.4,5.1,15.8,19.4,38.0,34.3,2.0,1.0,3.1,9.2,4.0,4.0,33.0,28.6,2.0,3.0,10.1,1.0,22.8,30.3,38.0,36.6,40.0,31.7,5.0,3.0,3.1,3.1,29.0,31.0,41.6,37.4,3.0,3.0,3.0,7.0,35.3,36.0,2.0,4.1,40.6,39.4,24.2,25.0,1.0,2.0,11.1,6.1,5.1,6.1,15.2,14.1,12.1,23.5
1772938834.0776775,12.5,12.1,21.4,22.0,40.4,35.0,6.1,2.0,9.1,4.1,3.0,5.1,33.0,35.0,15.0,16.0,2.0,2.0,25.3,20.8,40.6,41.6,21.0,15.0,3.0,3.0,7.1,3.0,35.4,36.6,28.6,34.0,1.0,3.0,2.0,3.1,26.3,25.3,1.0,2.0,39.4,41.0,25.7,26.7,2.0,1.0,9.1,8.9,5.1,5.1,10.1,10.0,13.1,18.8
1772938835.0782201,13.3,9.1,24.0,25.5,40.0,39.4,3.0,2.1,8.1,4.0,5.9,5.0,39.0,38.0,31.3,33.3,15.0,1.0,19.8,20.8,40.8,40.6,21.0,21.8,3.1,3.0,7.1,6.9,34.3,38.4,27.7,30.3,3.0,5.1,2.0,4.0,26.0,26.7,16.0,2.0,41.0,40.0,28.3,30.0,4.0,2.0,7.1,8.0,4.1,7.0,3.1,3.1,14.3,14.1
1772938836.0789766,15.3,10.2,13.3,19.4,39.8,32.0,5.1,2.0,8.2,6.1,6.2,5.1,32.0,33.3,30.6,33.7,10.2,9.2,32.3,35.4,41.0,35.4,26.0,42.0,6.1,4.0,16.2,7.1,24.0,37.6,28.6,42.0,5.1,2.1,2.0,3.1,39.4,38.0,6.1,9.2,40.6,40.6,25.3,19.2,2.0,4.1,10.1,8.2,7.1,9.2,29.0,34.7,16.2,25.3
1772938837.0791616,15.0,10.0,20.2,23.2,37.4,35.0,3.1,2.1,11.2,6.2,6.1,5.1,33.0,30.3,15.5,13.4,9.2,15.2,38.0,36.0,40.6,40.6,22.0,43.0,5.1,4.1,24.2,11.0,27.0,32.3,38.6,35.0,4.1,3.0,5.0,4.0,38.4,43.4,6.0,2.0,41.0,40.0,27.0,28.3,3.0,4.0,9.2,8.1,7.1,7.1,16.0,14.1,17.3,26.3
1772938838.0794828,9.2,6.0,25.5,30.0,40.8,37.4,6.0,4.0,3.0,10.1,3.0,3.0,38.6,42.6,14.0,12.0,4.0,2.0,13.0,11.9,41.6,40.2,20.2,40.6,0.0,5.0,11.0,5.0,35.4,36.6,21.0,40.0,4.0,1.0,3.0,2.1,29.0,27.0,1.0,2.0,40.0,41.6,29.0,29.3,1.0,1.0,3.0,7.1,4.1,3.0,1.0,3.0,11.0,10.1
1772938839.0818431,14.0,5.1,30.7,33.0,39.2,41.2,2.0,3.0,6.1,5.1,3.0,2.0,31.0,42.6,18.2,14.3,6.1,4.0,18.2,18.2,41.2,40.2,23.5,38.2,2.0,1.0,21.2,3.0,46.1,33.0,20.2,41.0,3.0,2.0,1.0,2.0,22.0,27.7,2.0,1.0,39.0,40.0,38.6,34.0,0.0,3.0,7.0,8.8,5.0,5.0,4.0,5.1,9.1,10.0
1772938840.0831454,10.4,8.0,19.0,24.2,36.4,39.0,1.0,1.0,3.0,2.0,2.0,4.0,35.0,33.3,15.3,15.2,4.1,1.0,21.8,18.0,41.4,38.6,21.8,41.6,1.0,2.0,8.9,4.0,28.3,30.0,34.3,28.0,1.0,3.0,1.0,1.0,26.0,30.0,3.0,2.0,39.6,40.6,26.3,23.0,3.0,1.0,8.0,4.1,5.0,5.1,12.1,13.1,9.3,14.0
1772938841.0850677,10.5,6.1,25.5,26.3,42.6,33.0,2.0,2.0,8.2,8.0,3.1,4.0,37.6,36.0,14.1,17.2,2.0,2.0,19.2,23.2,41.2,40.2,27.3,32.7,2.0,4.0,15.2,6.1,35.4,38.0,28.6,21.0,2.0,1.0,2.0,2.0,28.3,33.3,4.0,2.0,40.0,40.0,33.3,30.3,1.0,1.0,5.1,8.1,4.0,4.1,15.0,14.1,13.1,15.3
1772938842.0851486,13.3,9.9,22.4,25.3,35.4,43.0,3.0,2.0,3.1,4.0,4.0,2.0,36.4,35.0,10.2,11.1,9.0,7.1,21.4,24.5,43.6,40.0,34.0,25.0,4.9,2.0,6.1,1.0,35.0,35.6,26.3,7.1,4.0,3.0,1.0,1.0,23.0,22.0,2.0,6.1,39.6,42.0,28.3,32.0,0.0,4.0,6.1,6.1,4.1,3.0,18.0,18.0,11.1,13.3
1772938843.087543,11.2,5.1,20.2,23.2,43.0,34.0,3.0,2.0,4.0,3.0,4.0,7.0,35.0,35.6,10.1,7.1,3.0,8.0,18.0,27.5,39.2,41.2,29.0,24.0,2.0,1.0,4.0,6.0,34.3,31.7,21.0,15.8,3.0,3.0,4.0,2.0,31.0,26.0,6.0,6.0,31.0,31.7,25.0,27.0,1.0,2.0,7.0,7.1,4.0,5.1,1.0,5.0,14.0,12.0
1772938844.0901253,10.2,5.9,32.0,36.0,40.0,38.0,3.0,3.0,2.0,3.0,2.0,1.0,37.0,38.4,9.0,13.0,2.0,2.0,20.2,23.0,38.6,42.2,29.0,23.8,3.0,1.0,3.9,2.0,35.6,44.0,17.8,24.8,1.0,0.0,1.0,2.0,17.8,31.0,7.1,2.0,22.8,23.2,39.0,42.6,2.0,1.0,4.0,7.9,4.1,5.0,3.0,3.1,15.0,14.1
1772938845.090632,7.3,5.1,25.3,20.2,36.7,40.4,2.0,3.1,1.0,2.0,3.0,2.0,32.7,32.0,15.0,16.2,8.1,3.1,28.7,26.7,39.2,38.0,21.8,38.6,1.0,4.0,2.0,2.0,24.5,35.0,26.5,23.5,3.0,1.0,3.1,4.0,30.0,30.0,1.0,2.0,21.2,21.8,28.6,24.2,1.0,5.1,6.0,7.1,6.1,3.1,2.0,3.1,13.3,13.1
1772938846.0919592,13.3,8.1,27.0,26.0,38.4,33.7,4.0,2.0,5.1,11.0,3.0,3.0,35.0,38.0,13.3,12.2,2.0,3.0,19.0,21.2,39.0,39.2,21.8,19.8,2.0,2.0,5.0,6.1,33.7,34.0,39.6,27.7,2.0,3.1,3.0,2.0,32.0,30.3,2.9,6.9,11.9,11.9,30.0,26.3,3.0,4.0,9.0,9.9,9.9,5.1,19.8,20.2,15.2,17.0
1772938847.0988019,15.3,8.9,18.0,18.2,38.0,39.2,5.0,1.0,11.1,4.1,4.0,3.0,35.6,35.6,21.2,26.0,10.0,9.0,34.0,28.0,37.3,36.6,23.8,25.7,1.0,4.0,5.1,5.0,33.3,26.0,33.0,36.0,4.0,2.0,1.0,3.0,39.0,37.0,1.0,5.1,1.0,1.0,22.8,24.5,1.0,4.0,7.0,10.1,7.0,6.9,17.0,16.8,15.0,19.2
1772938848.0993965,11.2,10.1,15.2,17.2,37.8,33.0,1.0,3.0,6.0,10.1,3.1,4.0,26.0,30.7,25.0,20.4,7.1,9.1,36.4,31.0,39.6,38.6,30.0,44.6,3.0,6.0,9.1,4.0,29.6,33.0,29.0,33.7,6.0,4.0,4.0,2.0,38.6,40.6,6.9,3.0,2.0,2.0,21.2,20.0,3.0,4.0,8.0,7.1,6.1,4.1,12.1,11.1,20.0,21.0
1772938849.1011384,15.5,11.0,17.0,15.2,35.4,38.6,7.0,3.0,10.3,5.9,5.0,6.0,34.7,27.3,20.2,23.2,10.1,8.2,38.6,27.0,37.6,39.2,31.7,50.5,4.1,2.0,10.9,4.0,23.0,35.3,35.0,43.0,5.1,4.0,4.1,3.0,41.0,41.0,2.0,5.1,4.0,4.0,18.0,25.0,2.0,2.1,8.1,7.1,6.0,9.0,26.0,25.0,18.2,21.2
1772938850.1012256,13.9,7.3,15.3,17.2,39.8,39.0,3.2,6.1,9.2,8.2,4.1,4.1,35.0,32.0,21.4,32.0,5.2,14.1,32.0,35.4,38.4,39.4,30.3,51.5,7.1,4.1,5.2,8.2,29.0,33.0,23.2,41.0,24.2,4.1,3.1,5.1,39.4,42.6,5.1,4.1,15.0,14.1,26.0,22.4,4.0,3.0,13.0,10.0,7.1,6.2,13.3,15.5,27.3,22.8
1772938851.1030703,11.3,8.9,21.4,19.2,31.6,34.0,3.0,5.1,11.1,10.0,5.1,6.1,35.0,31.0,25.8,25.5,9.2,8.2,35.4,33.0,37.3,38.6,24.8,42.4,8.1,2.0,8.1,7.9,27.0,30.3,33.0,43.6,3.1,5.1,4.0,5.1,41.4,39.0,1.0,3.1,28.6,33.3,21.4,25.0,4.0,3.1,7.3,10.0,7.1,7.9,17.0,21.8,18.0,17.5
1772938852.1031601,14.1,9.1,27.0,18.2,40.8,38.0,32.0,0.0,11.1,9.1,6.9,11.0,32.3,33.0,16.3,19.2,9.1,10.1,41.6,26.0,37.6,39.2,25.7,40.2,5.0,4.0,8.1,8.2,30.3,28.0,40.6,41.6,4.0,5.0,3.1,3.1,39.6,43.6,6.1,4.0,41.6,41.6,25.0,21.2,2.0,2.0,10.1,9.1,5.1,7.1,23.8,18.2,21.2,20.4
1772938853.1051087,12.1,10.1,19.4,20.4,36.1,39.4,18.6,6.9,5.2,11.2,6.1,5.1,34.0,34.7,25.5,28.0,10.2,14.3,38.0,29.3,40.0,38.0,51.5,31.7,4.1,5.1,8.2,11.1,31.0,34.0,40.4,40.0,5.2,4.0,4.0,11.2,41.0,39.4,3.1,6.1,41.0,41.4,20.0,29.3,3.1,5.1,11.9,8.2,7.1,9.1,22.4,22.2,27.3,23.2
1772938854.1062713,12.2,10.0,19.2,16.3,42.4,31.0,4.0,3.1,8.2,16.2,5.1,4.0,35.0,31.3,30.6,39.4,15.2,7.1,27.3,42.0,39.6,39.2,41.0,35.4,5.1,6.0,8.1,9.2,31.3,31.3,39.0,39.4,5.0,3.1,3.1,4.0,40.6,41.6,5.2,18.2,40.4,41.2,23.0,26.3,4.1,1.0,11.3,9.3,11.1,8.2,20.0,21.0,26.3,18.0
1772938855.1092744,13.1,8.2,18.0,20.8,36.7,32.3,5.0,1.0,4.0,12.0,5.1,4.0,31.3,35.0,19.4,22.4,9.1,12.2,31.7,36.0,35.6,35.0,37.6,41.6,2.0,7.0,6.1,7.0,29.0,33.0,48.0,27.7,3.1,5.0,4.0,3.0,40.4,39.0,8.3,9.2,40.2,40.4,23.8,21.2,4.0,3.0,9.1,9.0,8.0,6.0,20.0,20.0,24.8,19.2
1772938856.114491,16.8,9.8,17.2,14.0,38.6,30.4,4.0,2.0,4.1,11.1,5.0,4.0,28.7,33.3,17.0,18.0,10.0,9.0,31.0,33.7,39.2,42.3,41.6,40.6,5.0,4.0,9.0,9.0,33.7,23.8,30.7,30.0,6.1,1.0,2.0,1.0,42.6,39.0,3.0,3.0,41.2,39.2,16.0,24.8,2.0,1.0,5.0,11.0,6.0,8.0,18.8,18.0,16.2,21.8
1772938857.117564,13.0,8.1,17.2,16.0,37.4,33.3,1.0,2.0,7.0,5.1,5.1,5.1,30.0,32.3,29.6,30.3,9.1,11.2,36.4,35.6,39.6,38.0,37.6,44.6,6.0,3.0,6.1,4.1,28.6,26.3,36.4,37.4,2.0,5.0,3.0,1.0,39.4,40.0,2.0,3.1,39.6,42.0,22.0,25.0,4.0,4.1,9.1,10.0,7.1,8.0,24.0,23.7,24.8,17.2
1772938858.118741,13.4,5.1,17.2,16.3,39.4,36.0,4.0,2.0,12.1,13.0,3.1,5.1,23.8,26.0,31.6,30.2,1.0,10.2,34.0,32.0,34.7,35.6,30.7,46.5,3.1,4.0,4.1,12.0,31.4,21.2,33.0,25.0,1.0,4.0,1.0,3.0,37.3,33.0,2.0,3.1,39.4,40.0,22.2,15.2,2.0,2.0,7.0,8.0,6.1,7.1,8.1,11.9,18.2,18.4
1772938859.1199934,12.2,10.1,17.7,17.3,40.8,32.0,5.1,3.0,5.1,8.2,5.0,5.1,31.6,34.3,14.3,14.1,16.3,5.1,38.0,36.0,39.6,35.6,25.5,28.7,5.0,3.0,8.1,10.0,30.3,32.7,34.0,1.0,3.1,3.1,2.0,3.0,40.4,43.0,18.4,11.2,41.6,40.6,25.3,22.0,4.1,2.0,12.2,7.1,9.1,6.2,23.8,26.3,17.3,27.0
1772938860.1209593,13.1,8.1,23.0,21.4,37.1,41.0,4.1,3.1,6.2,12.4,6.1,4.1,37.0,32.3,18.4,15.3,11.2,6.1,34.3,30.3,40.2,41.6,18.4,16.2,2.1,4.1,9.0,5.1,36.6,29.7,22.0,11.1,5.0,5.0,5.0,5.1,38.6,40.0,18.2,11.2,40.0,41.0,30.0,24.0,3.0,6.1,7.1,9.1,5.1,10.1,15.2,17.2,22.2,18.6
1772938861.1211684,14.1,9.0,20.0,19.4,33.7,36.6,2.0,5.0,5.0,11.0,5.1,5.1,35.6,34.3,32.3,30.6,11.0,14.0,37.0,40.2,37.6,38.0,36.6,27.7,4.0,5.9,8.2,4.1,25.5,32.0,22.0,32.3,2.1,4.1,1.0,5.0,40.0,43.0,4.0,10.0,40.0,40.6,22.2,23.8,4.0,4.0,9.2,14.1,7.1,7.1,16.2,20.0,23.2,25.5
1772938862.129464,11.2,8.9,18.2,18.2,45.5,31.3,2.0,2.0,11.1,5.1,4.0,6.0,33.0,29.3,31.3,33.3,8.2,3.0,35.0,27.3,37.6,39.6,51.0,31.0,3.0,4.0,8.2,8.0,28.7,35.0,21.0,40.0,4.1,4.0,2.0,2.0,36.0,36.6,9.0,13.1,40.6,41.0,25.0,20.0,6.1,3.0,8.9,9.9,8.9,6.1,21.8,20.8,19.0,15.5
1772938863.132644,11.1,4.0,27.0,23.8,37.6,38.6,2.0,1.0,3.0,3.0,3.0,2.0,35.6,37.3,13.1,12.9,2.0,8.1,15.0,14.0,41.7,42.7,52.0,30.7,1.0,3.0,2.0,2.0,38.6,33.0,24.8,41.2,0.0,2.0,2.0,1.0,17.0,17.8,2.0,0.0,39.6,42.2,30.7,33.7,3.0,1.0,6.1,6.1,4.0,4.0,3.0,2.0,7.1,15.0
1772938864.1341643,12.4,7.1,21.2,24.5,40.4,38.4,2.0,5.1,2.0,3.1,3.1,4.1,34.3,40.4,6.2,8.2,7.1,8.2,28.0,22.0,39.0,41.0,50.0,31.7,3.0,4.0,4.1,4.0,36.0,33.7,38.4,43.0,3.1,2.0,1.0,2.0,28.0,27.3,2.0,3.0,40.0,40.0,28.3,25.5,4.1,3.0,7.1,8.1,4.2,6.1,12.9,13.1,17.2,13.3
1772938865.1348662,10.2,7.1,28.0,28.0,36.0,39.0,2.0,2.0,5.1,8.2,4.0,4.0,32.0,39.4,3.0,5.1,5.1,3.0,20.0,26.0,43.6,36.0,43.0,33.3,2.0,2.0,5.1,4.0,32.3,37.4,37.0,44.0,4.0,2.0,3.0,1.0,27.0,28.7,1.0,2.0,40.0,40.4,30.3,38.0,3.0,1.0,8.0,10.0,5.1,4.0,3.1,6.1,17.0,13.3
1772938866.1349468,15.2,7.9,14.3,12.2,36.1,37.0,4.1,2.0,4.1,13.0,4.1,6.0,31.0,28.7,14.3,20.2,12.0,9.1,34.3,21.2,38.0,38.0,36.3,24.8,5.1,5.1,8.0,6.1,31.3,22.8,39.0,37.0,2.1,3.0,1.0,2.0,35.0,38.4,2.0,1.0,19.4,19.0,16.8,18.2,2.0,4.0,7.1,6.0,7.1,4.1,23.2,27.0,18.4,15.0
1772938867.1363008,12.2,9.1,16.0,18.2,34.3,35.0,4.0,3.0,4.0,7.1,5.1,5.1,28.0,30.0,35.4,38.4,8.2,8.2,32.7,37.3,41.6,34.3,35.0,36.0,3.1,3.1,7.0,7.0,25.0,28.6,36.0,21.2,5.0,3.0,5.0,3.1,42.0,43.0,2.1,3.0,11.0,10.0,18.4,23.2,1.0,4.1,8.1,10.1,7.1,6.1,17.8,16.2,20.0,19.2
1772938868.136689,12.2,6.1,17.0,12.1,36.4,35.6,3.1,2.0,7.2,12.1,5.1,4.0,22.4,27.7,32.3,30.2,3.1,14.3,25.3,31.3,35.6,37.0,38.0,43.6,3.0,6.1,7.1,8.9,29.0,25.3,19.4,26.0,3.1,3.0,5.1,4.0,40.0,41.0,3.0,3.0,4.0,3.0,22.0,22.2,5.1,2.0,8.1,6.1,7.1,6.0,12.1,15.2,18.2,18.6
1772938869.1398008,10.4,9.0,16.2,20.0,29.2,35.4,5.0,2.0,10.0,4.0,4.0,5.1,31.7,29.6,7.1,9.0,12.0,10.0,35.6,32.7,35.6,38.8,22.8,43.6,4.0,5.1,6.1,10.1,27.3,31.0,37.6,38.6,5.0,3.1,2.0,3.0,39.0,41.6,3.0,5.0,3.0,2.0,18.0,24.8,1.0,5.1,8.0,10.1,7.0,6.1,26.3,26.0,20.8,20.8
1772938870.1423013,13.0,10.1,18.0,16.2,43.0,41.0,4.1,3.1,11.0,12.2,6.0,4.1,30.3,33.7,17.0,22.4,8.2,9.0,37.4,30.3,38.2,38.0,21.8,18.2,8.0,5.0,7.1,6.1,33.0,32.3,38.4,42.0,6.9,3.0,2.0,2.0,39.6,40.6,3.0,2.0,3.1,8.1,25.3,22.0,3.0,4.0,8.1,11.0,7.1,6.2,11.9,11.1,24.0,23.2
1772938871.1446824,11.2,7.1,15.0,19.0,36.0,34.7,4.0,7.0,11.0,3.1,4.0,5.0,29.0,34.3,34.3,40.0,5.0,13.3,32.7,37.6,36.6,36.3,22.5,29.1,4.0,5.0,11.9,5.9,29.0,26.2,31.7,50.5,3.0,5.1,3.0,2.0,38.2,39.2,1.0,2.0,23.0,33.7,23.0,21.0,3.0,2.0,6.1,8.1,6.1,6.9,25.5,27.7,14.1,24.8
1772938872.1447756,23.2,10.2,20.4,12.5,33.0,41.0,6.3,4.0,13.4,5.3,5.1,5.2,30.3,32.7,30.2,29.9,11.2,9.1,32.3,34.3,36.6,39.2,47.5,27.3,4.1,4.1,7.1,10.1,27.3,34.3,38.4,40.4,5.1,8.1,2.1,4.0,41.0,41.4,2.0,3.1,40.0,41.4,21.2,22.2,4.1,4.1,11.1,8.1,7.1,6.1,15.3,16.2,20.4,19.8
1772938873.1448636,19.4,13.0,18.0,19.4,35.7,40.4,7.1,7.1,8.1,10.2,5.1,4.1,27.3,27.7,7.1,8.2,8.2,9.2,29.7,33.3,35.0,37.0,51.5,30.7,5.0,7.1,5.1,8.1,27.7,35.0,34.3,30.0,4.1,3.1,5.1,3.1,40.4,39.4,3.1,3.0,40.0,40.6,25.0,19.8,2.0,7.1,6.1,8.2,6.1,8.1,21.2,22.2,20.2,21.0
1772938874.147251,14.1,7.0,16.5,8.0,33.7,29.7,9.2,3.0,12.1,5.1,3.1,5.1,28.0,25.5,26.3,24.0,8.2,9.1,35.0,31.0,35.3,35.6,50.0,30.7,7.0,4.0,8.9,9.1,24.2,23.2,13.1,22.2,3.0,4.0,1.0,3.0,38.2,39.2,3.0,4.0,40.6,40.6,18.0,18.2,2.0,2.0,8.9,6.0,7.1,6.1,22.0,21.0,21.2,13.3
1772938875.147607,12.4,7.1,14.9,20.2,34.0,39.4,6.0,5.1,11.2,15.0,4.0,5.9,34.0,28.0,41.0,38.4,11.1,12.1,28.7,40.2,40.0,36.6,42.0,22.8,7.1,5.1,11.1,9.9,27.0,32.0,34.0,23.2,7.0,4.0,3.1,3.0,39.4,41.0,4.1,5.2,41.6,40.0,19.0,24.2,2.0,3.0,10.1,9.1,6.1,6.1,12.2,9.2,24.5,20.2
1772938876.150697,11.5,8.1,12.1,15.8,33.3,32.0,5.0,5.1,3.1,1.0,6.0,1.0,26.0,15.2,23.2,23.2,7.1,9.1,26.3,31.3,34.7,35.3,33.0,17.3,2.0,3.0,6.1,9.1,21.2,27.0,35.6,20.8,3.0,2.0,2.0,1.0,36.6,41.0,16.2,9.0,39.0,39.4,15.2,18.8,3.0,1.0,6.1,8.0,5.1,6.0,30.1,28.0,17.0,14.0
1772938877.1507847,14.1,9.0,18.2,16.2,36.7,32.7,3.1,5.1,11.2,7.1,4.1,4.1,33.7,32.7,5.2,8.2,15.0,7.1,30.3,31.0,35.3,35.0,38.6,22.0,3.1,5.1,6.1,7.2,33.0,31.0,42.0,20.2,5.1,3.1,4.0,2.0,39.0,41.6,5.1,3.1,40.4,41.6,16.8,23.0,2.0,5.9,7.1,8.1,7.9,6.1,6.0,7.1,25.3,22.2
1772938878.150876,15.8,8.1,16.3,17.2,34.7,40.0,2.1,2.0,4.1,10.2,5.1,5.1,24.0,35.4,21.4,24.0,4.0,15.2,34.3,35.0,34.7,39.0,33.7,17.0,4.0,5.1,11.0,8.1,22.0,35.6,39.0,23.0,4.0,6.0,1.0,2.0,41.6,38.6,3.1,4.1,42.2,39.0,29.6,19.2,1.0,4.1,8.1,12.0,10.1,8.1,29.0,29.4,21.2,19.2
1772938879.1599674,11.3,9.0,16.2,20.2,41.0,31.0,3.1,2.0,12.1,12.1,6.0,5.0,30.0,28.7,37.6,40.8,10.2,10.0,34.3,41.0,37.6,41.7,39.6,30.0,5.1,5.0,9.0,6.0,30.0,35.0,37.3,39.6,5.9,6.1,2.0,6.9,37.0,46.5,5.1,3.0,40.6,41.2,18.0,28.0,5.0,3.0,9.0,10.9,7.1,8.0,11.0,10.1,25.0,19.2
1772938880.1607223,15.2,7.1,18.4,17.2,36.1,42.6,5.1,2.0,4.0,7.0,5.1,3.1,35.0,32.3,21.6,24.2,15.2,2.1,35.7,32.0,38.2,38.6,39.6,41.6,4.1,5.1,8.0,7.1,32.0,26.3,28.6,34.3,5.1,3.1,3.0,3.1,40.0,41.0,3.1,5.1,41.4,39.4,27.0,20.0,3.1,3.0,6.1,11.2,9.0,6.1,23.5,26.0,23.0,23.2
1772938881.164657,15.0,7.1,16.3,25.0,38.0,31.0,7.1,2.0,4.2,8.2,5.1,5.0,34.7,34.0,10.2,6.1,11.0,10.1,33.7,35.0,37.6,37.6,47.0,34.0,5.1,4.0,7.1,6.0,28.3,33.7,13.0,27.6,4.0,4.0,2.0,5.9,41.0,39.0,11.0,24.0,40.6,41.2,22.8,25.7,4.0,4.0,9.0,10.1,5.2,9.9,18.8,21.2,21.0,25.0
1772938882.1651046,11.2,12.1,19.8,18.4,35.7,38.4,2.0,3.1,12.1,5.1,3.1,5.1,29.3,31.7,21.2,17.3,3.1,8.2,34.3,36.6,35.6,34.0,36.6,31.0,6.1,4.1,7.1,4.1,34.0,19.0,33.0,15.2,3.1,2.0,3.0,3.1,40.2,39.6,15.3,13.5,40.6,40.0,27.0,18.0,3.0,3.1,5.1,12.9,6.1,7.1,7.1,7.1,18.4,19.2
1772938883.1684303,13.0,8.9,20.2,18.2,37.0,38.6,7.0,5.0,11.0,9.2,4.1,4.0,25.7,31.7,36.4,30.0,9.1,5.1,32.4,34.7,37.9,38.2,30.7,31.7,5.9,4.0,7.1,6.9,34.7,23.8,21.0,19.6,5.0,4.0,1.0,4.0,38.4,42.0,12.0,2.0,40.0,40.6,25.3,17.2,3.0,4.0,9.1,9.1,8.0,8.1,26.0,26.0,21.4,21.2
1772938884.1686273,11.6,10.3,21.2,18.6,36.7,41.0,10.2,2.0,10.3,7.1,6.1,5.2,34.7,30.3,26.5,23.7,14.3,7.2,32.7,35.0,39.4,39.0,28.0,47.0,7.1,7.1,9.1,10.1,24.5,29.6,31.0,22.4,5.0,6.1,2.0,5.2,42.6,38.6,11.2,10.1,40.0,41.0,21.2,25.3,4.1,2.0,10.1,7.1,8.1,7.1,15.3,15.3,21.4,20.4
1772938885.1695747,11.2,8.1,15.2,15.3,34.0,33.0,5.1,3.0,5.1,3.1,8.1,4.0,32.3,30.3,19.2,14.3,8.2,4.1,31.0,36.4,35.6,36.6,30.3,28.7,2.0,5.0,7.1,8.1,33.0,22.0,41.8,33.3,4.0,5.1,3.0,2.0,41.4,40.0,3.0,5.1,41.6,40.0,15.0,23.0,3.0,5.0,8.0,8.1,6.1,6.1,20.0,20.0,20.0,19.2
1772938886.1705081,15.8,10.1,28.7,19.0,39.8,43.0,3.0,4.1,7.1,6.3,5.1,6.0,36.4,32.3,19.6,17.3,9.1,16.2,36.0,34.7,39.6,40.0,26.7,48.0,4.0,7.1,7.1,11.1,28.0,37.0,41.6,40.0,3.0,4.1,2.0,3.0,40.6,40.4,3.0,4.1,29.0,28.3,28.3,23.2,2.0,4.0,10.1,9.2,9.9,9.1,23.0,19.6,22.2,24.2
1772938887.1723442,12.2,13.0,18.6,15.2,40.6,32.0,5.0,4.1,6.2,17.2,6.1,4.1,35.0,30.0,28.0,34.3,6.2,11.0,37.0,32.3,40.6,40.6,30.3,49.5,3.0,6.1,8.0,7.1,30.0,33.0,33.3,38.0,7.0,6.9,4.0,6.0,37.0,43.6,2.0,4.0,11.9,13.0,24.0,21.0,4.0,4.0,7.0,13.0,6.1,6.1,11.9,11.1,23.2,21.0
1772938888.1742337,10.3,5.1,16.8,11.2,32.3,32.3,5.1,3.0,5.0,4.0,6.0,4.0,26.3,28.7,23.2,28.0,11.1,1.0,32.3,32.0,35.0,32.4,29.7,51.0,1.0,4.0,6.9,5.0,25.0,26.7,26.0,34.0,1.0,4.1,3.0,3.1,39.0,42.0,2.0,4.1,5.9,2.0,19.8,15.2,4.0,3.0,9.0,6.1,4.1,5.1,16.8,16.0,18.0,14.9
1772938889.1743214,13.1,10.0,17.5,23.5,44.9,34.0,4.1,6.1,4.2,10.2,4.1,5.2,31.0,33.3,13.1,16.5,13.0,4.1,40.6,28.0,39.0,39.6,39.6,41.0,5.1,5.1,5.2,11.2,30.0,33.0,24.2,31.7,3.1,3.1,2.1,6.0,39.4,42.0,3.1,3.0,5.1,3.1,27.6,28.0,5.1,2.0,8.1,14.0,8.1,9.0,14.3,19.2,19.4,25.5
1772938890.1764777,11.5,10.0,24.0,19.8,34.3,38.0,3.1,2.0,12.1,4.1,7.0,4.0,35.0,31.3,16.3,21.2,11.1,9.3,37.8,30.3,40.6,39.6,30.0,32.0,4.0,3.0,8.0,7.9,29.3,34.0,22.0,41.4,6.0,5.0,3.0,5.1,35.6,41.0,3.0,4.0,3.1,5.1,24.0,26.3,2.0,2.0,7.1,9.1,7.9,10.1,14.1,15.0,22.0,22.4
1772938891.1830065,12.2,10.9,14.3,18.6,41.0,34.3,4.0,2.0,4.1,3.0,3.0,4.1,32.7,30.4,35.0,33.0,4.0,10.1,37.4,31.7,39.2,44.1,26.7,28.4,3.0,5.1,5.1,7.1,25.0,34.0,40.6,37.0,6.0,2.0,3.0,2.0,41.6,41.6,2.0,5.1,13.0,16.0,24.0,21.0,4.0,5.0,8.0,10.9,5.1,7.1,25.7,25.3,18.0,22.8
1772938892.1887348,15.0,10.0,19.0,21.6,31.6,36.6,4.1,3.0,9.2,13.0,4.0,6.0,31.7,30.3,27.6,25.8,9.1,8.1,36.6,32.3,37.0,38.0,16.2,4.1,2.0,5.0,5.0,9.0,28.7,28.0,39.0,41.6,3.0,8.0,3.0,3.0,36.6,44.6,4.0,6.0,29.0,33.3,21.0,21.8,1.0,5.1,7.0,8.2,5.1,8.0,9.1,9.1,22.0,17.3
1772938893.189743,15.2,11.2,20.4,27.3,42.9,39.0,6.1,1.0,8.1,9.3,6.1,4.1,29.3,40.0,15.3,15.2,12.1,9.0,39.4,34.7,42.7,38.2,24.8,21.8,5.9,6.0,6.1,11.0,34.7,34.7,36.0,31.0,4.0,2.0,3.0,5.2,41.0,41.0,2.0,3.1,40.0,41.0,32.3,26.3,4.0,4.0,10.2,13.3,7.1,10.1,29.7,27.3,23.0,27.0
1772938894.1903455,10.5,9.0,17.0,15.3,32.7,42.0,3.0,5.0,9.1,6.0,7.9,5.9,22.8,36.6,14.3,15.0,7.1,10.0,31.7,34.0,36.0,43.0,34.7,30.7,3.0,3.1,5.0,6.0,29.6,28.0,40.0,21.2,4.1,4.0,6.1,5.0,39.4,40.6,3.0,3.1,40.0,42.0,21.0,20.0,2.0,2.0,10.0,7.1,6.0,8.0,6.0,8.0,14.9,22.0
1772938895.1923559,10.3,8.1,17.2,16.2,35.4,38.4,4.0,3.0,5.1,4.2,3.1,4.1,31.3,29.3,32.3,28.6,10.1,12.1,36.0,29.3,35.6,36.6,48.0,33.7,3.1,6.1,11.0,6.1,25.5,26.0,41.0,21.8,7.0,4.0,5.0,1.0,41.0,37.4,2.1,4.1,40.4,40.2,22.2,20.2,2.0,2.0,8.2,7.0,7.1,7.1,17.0,15.2,21.2,20.0
1772938896.193127,11.2,10.0,15.2,14.3,41.8,40.2,4.0,7.0,11.1,14.0,5.1,5.0,30.3,28.0,27.6,31.6,4.0,12.2,37.6,32.0,40.2,39.6,42.6,38.6,4.0,6.0,6.1,8.1,32.0,30.3,45.1,19.0,2.0,4.1,4.0,3.0,41.6,38.6,3.0,4.0,42.2,40.4,22.0,21.2,2.0,5.9,8.1,6.1,5.1,5.1,25.0,25.3,15.3,21.2
1772938897.1962297,16.0,11.1,21.4,15.2,35.0,40.0,4.1,1.0,8.1,7.2,4.1,3.1,34.0,32.0,17.3,19.2,10.2,14.1,29.3,38.6,38.8,39.8,34.3,46.5,6.1,2.0,8.0,7.1,32.3,34.3,39.8,41.4,5.1,4.0,3.1,3.1,42.4,41.0,3.1,9.3,40.4,40.6,26.0,25.0,3.0,5.1,9.1,10.2,8.0,9.1,9.2,12.0,22.0,20.4
1772938898.196323,12.6,11.0,25.3,23.2,37.1,42.4,6.0,6.0,13.4,4.1,7.0,4.1,33.3,34.0,13.4,16.2,6.1,3.1,39.0,28.3,38.8,42.0,30.7,39.6,3.1,4.0,8.1,6.1,29.3,33.0,30.0,46.0,2.0,6.1,4.0,3.1,35.6,35.4,7.1,14.3,41.0,40.6,27.3,25.3,4.0,4.1,6.2,10.0,8.1,7.1,27.0,29.0,20.0,20.2
1772938899.1963985,12.2,10.0,16.3,22.4,40.8,38.2,5.2,4.0,6.1,4.1,5.1,6.1,33.7,35.4,27.0,35.0,22.0,3.1,39.4,35.7,36.0,42.6,26.3,24.0,6.9,5.1,8.2,7.0,35.0,33.7,24.0,39.0,2.0,5.1,8.1,3.1,42.0,42.6,5.1,6.1,42.0,39.0,24.0,31.0,5.1,3.1,11.0,12.1,7.1,6.3,12.1,12.2,18.4,29.7
1772938900.197386,15.2,12.1,20.2,17.2,34.0,35.4,5.1,3.1,18.2,9.1,5.1,4.1,29.6,33.7,31.3,28.6,9.2,8.0,36.0,30.0,37.3,41.4,30.7,42.0,5.1,3.0,8.1,9.1,27.0,33.3,24.2,39.0,6.0,3.1,4.0,4.1,42.6,40.6,3.1,4.1,39.0,42.0,25.0,19.8,3.0,4.0,10.9,9.2,6.1,10.0,21.2,23.2,27.0,16.5
1772938901.2010136,12.1,8.2,18.0,15.3,40.6,33.0,3.1,4.0,10.1,5.1,5.1,6.0,31.4,37.0,20.4,23.0,16.2,7.1,37.4,29.0,37.6,37.6,30.7,48.5,2.0,6.0,7.1,5.1,26.3,20.0,25.0,33.0,5.0,4.0,1.0,4.0,41.0,40.0,4.0,2.0,41.6,40.2,19.2,21.2,4.0,3.0,10.1,6.1,8.1,5.1,19.2,18.6,20.0,20.2
1772938902.201326,14.1,10.0,21.4,17.0,35.1,34.0,5.1,2.0,7.1,10.1,5.1,5.1,35.0,36.0,14.0,16.5,11.1,2.1,30.3,47.5,37.6,38.0,27.7,45.5,7.1,4.0,9.1,9.9,33.7,31.3,25.5,24.2,6.1,4.0,4.1,1.0,41.0,40.4,6.0,12.0,41.0,40.4,27.0,24.0,3.0,2.0,10.0,11.9,7.1,7.1,16.0,13.3,30.3,18.2
1772938903.204666,12.2,7.1,15.2,13.0,42.0,37.0,3.1,3.0,3.1,3.1,3.1,3.0,26.3,25.7,25.3,28.3,10.0,16.0,28.7,31.3,38.6,35.9,39.0,21.8,4.0,4.0,6.1,6.1,23.2,30.0,25.0,12.0,4.0,2.0,3.0,4.0,40.6,39.6,22.7,17.3,39.6,41.6,15.2,17.8,2.0,3.0,8.0,6.1,7.1,6.0,25.0,24.0,15.2,17.0
1772938904.20656,12.9,11.1,16.0,17.5,33.0,40.0,3.1,5.0,7.3,16.2,6.0,5.1,30.3,30.3,26.3,32.0,9.1,2.1,32.3,29.3,37.3,37.6,43.6,28.0,4.0,3.1,8.9,4.0,21.8,36.6,22.2,19.0,3.0,5.1,2.0,2.1,38.0,40.0,12.0,8.2,40.6,40.0,19.0,27.3,3.0,3.0,6.1,11.0,6.1,7.1,15.8,14.1,17.2,21.4
1772938905.206726,13.4,13.1,21.2,18.0,38.8,33.7,3.1,3.1,5.2,11.1,8.1,4.1,34.3,31.0,26.5,13.4,17.2,10.2,33.3,36.0,40.0,39.0,37.0,38.0,4.1,5.1,5.2,8.1,33.0,32.7,21.8,10.2,4.0,6.0,1.0,5.1,40.4,41.0,7.1,11.2,41.0,40.6,30.0,22.2,4.0,7.0,12.1,9.2,8.0,7.2,17.5,19.2,19.2,22.4
1772938906.2081976,14.9,9.1,19.4,23.0,38.8,40.0,4.0,5.1,11.2,3.1,11.2,6.1,38.0,34.3,13.3,15.3,9.2,4.0,40.0,37.0,41.7,41.6,21.0,42.6,4.1,4.0,9.1,7.1,34.3,34.0,20.2,20.2,2.0,6.2,3.0,4.0,41.0,40.0,3.0,4.0,31.0,31.3,30.3,28.3,4.0,1.0,12.1,10.0,8.1,8.2,15.2,18.0,29.0,23.0
1772938907.2109873,13.1,8.1,20.2,18.2,33.7,33.0,1.0,3.0,3.0,6.0,6.0,5.1,34.3,24.2,25.3,26.3,8.1,4.0,33.3,33.7,37.0,37.3,29.7,40.0,4.0,5.1,6.0,5.1,22.8,31.0,33.7,35.3,3.0,4.1,3.1,4.0,38.4,38.6,3.0,7.1,20.8,20.0,22.2,21.6,3.0,5.0,8.0,9.1,7.0,6.1,15.2,17.0,17.3,18.0
1772938908.214328,13.3,8.1,13.3,20.4,40.4,36.6,3.0,2.0,15.3,5.1,5.1,4.0,28.9,33.0,29.0,34.3,23.0,5.1,36.4,32.3,37.6,37.6,40.6,41.2,6.0,2.1,6.2,7.1,26.3,27.3,37.6,43.0,4.1,3.0,5.1,3.0,41.2,39.4,5.1,8.1,12.0,11.9,22.0,21.2,2.0,6.1,7.1,7.1,6.1,6.1,22.0,23.2,25.3,20.2
1772938909.2151356,15.2,12.0,26.0,20.0,39.4,35.4,5.1,2.1,7.2,12.2,6.1,5.1,32.3,36.4,19.6,26.0,4.1,10.1,36.3,34.3,40.6,40.2,24.0,26.0,5.1,6.0,7.1,9.0,39.0,35.0,40.0,39.6,7.1,3.0,6.1,7.0,39.0,41.6,4.1,2.0,8.2,8.1,29.3,27.0,2.0,3.1,13.9,12.9,14.3,10.0,12.1,14.3,23.0,25.3
1772938910.2160857,11.5,12.1,18.4,25.5,38.8,41.0,4.0,6.1,4.0,10.2,6.1,5.0,30.3,39.0,15.2,15.2,13.0,9.2,37.4,37.3,37.0,41.6,21.0,15.0,4.1,5.1,6.0,8.2,28.3,33.3,37.4,22.4,7.0,3.0,3.1,3.1,42.0,36.4,4.0,4.0,5.1,2.0,24.8,28.6,4.0,6.0,11.3,9.2,10.1,12.1,24.8,24.2,27.3,20.2
1772938911.2172081,16.0,9.2,20.0,19.0,36.7,37.0,4.1,3.0,5.0,5.1,8.0,4.1,32.7,32.7,23.2,25.3,11.1,3.1,32.0,30.3,39.2,34.7,26.0,28.0,5.1,5.9,7.1,7.1,26.0,28.0,31.0,16.0,5.2,3.1,3.0,4.0,41.0,45.5,3.1,4.0,15.2,7.1,24.0,29.0,2.0,2.0,9.9,7.1,8.1,10.1,13.1,15.8,20.2,20.2
1772938912.2193372,13.9,12.0,18.2,22.7,45.0,36.0,5.9,4.0,6.2,11.0,6.1,4.0,36.0,36.0,31.3,25.3,11.1,10.2,40.6,35.6,39.0,43.1,31.0,42.6,4.0,5.1,8.1,8.2,33.0,37.0,38.0,28.0,5.1,4.0,3.0,3.1,40.6,40.6,6.0,2.0,28.0,30.4,32.0,24.0,4.0,6.9,9.0,13.0,8.1,11.1,14.0,15.2,24.0,26.3
1772938913.223869,12.1,11.1,21.4,23.0,37.1,37.6,3.1,5.1,16.8,12.4,5.9,6.1,33.0,31.0,23.2,31.0,8.2,11.1,31.6,37.4,35.6,44.0,29.7,52.5,5.1,3.1,7.2,9.1,31.3,34.0,48.5,29.3,6.1,4.0,4.1,3.1,39.0,40.4,4.1,4.0,34.3,36.7,26.0,27.0,2.0,1.0,9.0,12.0,6.1,9.1,28.0,27.7,20.4,25.0
1772938914.2249534,12.2,11.1,16.3,17.3,37.8,33.3,4.1,5.1,3.1,15.2,4.1,8.1,33.7,36.0,18.4,17.5,11.1,8.2,34.0,31.0,37.6,38.6,30.0,52.0,5.0,5.0,9.9,5.0,30.7,23.2,39.4,42.6,5.0,4.0,4.1,4.1,40.6,40.0,6.1,3.0,41.0,40.6,25.5,19.4,3.0,7.1,7.3,7.0,6.1,7.2,11.2,11.2,21.8,20.2
1772938915.2290068,11.5,8.2,15.0,19.8,31.3,38.6,6.1,8.1,2.1,1.0,2.1,5.0,31.0,29.0,20.2,24.2,9.1,4.0,29.3,33.0,38.2,37.3,29.0,53.4,6.1,3.0,7.1,6.1,29.3,25.7,38.6,42.0,5.0,3.0,4.0,4.0,44.6,36.6,3.1,1.0,39.6,41.0,20.0,22.8,5.1,1.0,10.0,12.0,5.1,5.1,20.0,22.8,18.2,19.2
1772938916.2314224,11.2,9.9,15.2,15.2,34.3,39.0,10.2,5.0,6.0,13.0,5.0,4.0,32.0,30.3,26.3,26.3,11.1,15.0,36.6,33.0,36.0,34.0,5.0,43.1,7.1,5.0,5.1,10.0,27.3,31.0,45.5,18.0,3.1,5.1,3.0,4.0,41.0,42.0,4.0,5.1,39.4,42.6,21.0,21.0,4.0,5.0,8.0,8.1,9.0,8.0,17.2,14.3,22.2,17.0
1772938917.2331345,11.9,11.0,19.4,21.0,36.4,40.6,5.9,3.0,7.1,12.1,7.1,7.0,36.0,29.0,26.0,30.7,4.1,9.1,30.7,41.6,37.6,40.2,23.0,29.0,2.0,7.9,9.0,7.0,26.3,37.0,40.2,29.3,3.0,7.1,6.0,5.0,39.2,42.2,3.0,3.1,41.2,40.6,23.0,24.0,3.0,3.0,8.1,12.0,8.0,8.9,23.8,22.0,22.0,25.0
1772938918.2346544,12.4,9.1,17.2,15.3,32.0,37.4,3.1,1.0,8.2,11.3,5.0,5.1,32.3,26.3,19.8,20.4,4.0,22.2,32.7,35.4,39.2,37.6,22.0,35.0,4.1,2.1,7.1,6.1,31.0,26.0,32.3,28.0,1.0,4.0,2.1,2.0,39.8,38.8,18.2,5.1,40.4,40.4,26.0,30.0,1.0,5.1,9.1,8.1,6.1,6.1,19.0,19.8,13.1,25.3
1772938919.2367,15.0,9.1,18.0,22.2,35.7,36.0,3.0,6.0,5.0,10.0,3.1,6.1,32.4,31.3,24.8,17.2,3.1,10.1,35.6,34.7,35.6,42.0,38.2,27.7,5.1,5.0,7.0,7.1,32.0,31.7,43.6,23.2,5.9,3.0,3.0,3.0,42.0,39.6,6.2,8.2,40.6,41.2,26.0,19.2,5.0,3.0,11.1,9.1,7.0,7.2,12.0,12.4,22.2,20.8
1772938920.237345,12.2,8.2,16.5,17.8,40.8,31.0,4.0,3.1,3.1,6.1,4.1,6.0,28.6,30.7,27.6,23.2,9.1,15.2,32.3,30.6,35.6,39.2,40.4,41.6,5.1,5.0,7.9,9.1,28.0,29.0,39.4,40.4,6.0,3.1,1.0,3.1,40.6,41.0,3.1,3.1,40.4,38.4,22.4,25.3,2.0,2.0,7.0,12.1,5.1,8.1,22.2,25.7,23.2,18.4
1772938921.2376812,13.4,8.1,19.4,13.4,39.2,32.3,2.1,3.0,7.0,18.2,5.0,6.2,33.7,28.0,31.6,25.3,10.1,3.1,38.0,34.0,40.6,37.0,30.0,49.5,2.1,5.1,8.1,6.1,28.3,29.3,44.0,38.0,3.1,4.0,3.0,2.1,41.4,38.0,3.0,3.1,40.6,41.0,25.7,24.0,4.0,3.0,11.2,7.1,8.0,6.1,18.0,16.3,15.3,21.4
1772938922.2381752,11.3,7.1,21.2,19.0,35.7,38.6,8.0,2.1,9.1,8.3,3.1,5.1,32.7,34.3,20.4,19.8,14.1,6.1,30.3,43.6,33.7,39.0,30.3,31.3,6.9,4.0,4.2,8.0,33.3,27.0,25.0,39.0,4.1,3.0,4.1,4.1,41.2,41.4,5.2,3.1,39.8,41.6,18.6,28.3,3.0,2.0,8.1,9.2,7.1,7.1,15.3,16.2,16.8,24.0
1772938923.239195,11.2,10.0,19.2,18.2,38.8,34.0,4.0,4.0,9.1,5.0,5.0,4.1,31.7,34.0,19.2,17.2,11.0,5.1,31.3,37.0,40.4,38.2,35.9,28.0,3.1,3.1,7.0,6.1,31.0,29.0,10.1,41.2,3.1,4.0,5.1,4.0,41.4,40.0,5.1,10.3,41.6,40.4,26.7,22.8,4.1,8.0,7.1,13.7,7.2,6.1,20.0,19.0,22.2,18.4
1772938924.2427864,12.5,7.1,14.1,20.2,32.0,38.0,4.0,3.0,8.0,3.1,5.1,6.1,29.7,32.0,21.0,23.0,10.1,4.1,30.0,40.0,40.8,36.0,39.0,10.0,6.1,2.0,9.1,9.1,37.0,24.0,37.0,22.2,4.0,5.0,5.0,3.0,41.0,38.6,26.0,17.5,40.0,40.6,22.0,27.0,10.1,5.1,8.2,8.2,8.9,8.0,20.0,20.0,28.0,15.3
1772938925.245502,12.4,7.1,17.3,11.2,31.0,39.6,4.0,2.0,9.4,6.1,4.0,5.1,33.7,22.0,35.0,25.8,13.0,13.0,32.7,32.3,36.0,36.6,42.6,18.2,2.0,7.8,9.9,5.1,30.7,21.2,35.0,42.0,5.0,3.0,3.0,7.9,41.0,39.0,3.1,10.0,39.6,41.6,20.0,18.0,8.0,1.0,5.0,11.0,5.1,7.1,15.0,17.0,16.3,20.0
1772938926.2458785,14.3,7.1,26.3,23.2,35.1,41.4,5.1,5.1,11.1,15.5,5.0,5.1,37.0,35.4,23.7,23.2,9.3,3.1,31.6,39.6,41.6,39.0,51.0,32.0,4.0,5.2,8.3,9.1,30.3,38.0,40.4,39.0,6.2,5.0,3.1,3.1,42.0,40.0,9.0,16.2,32.0,32.3,32.0,23.5,4.0,5.0,14.9,9.2,11.1,12.2,20.2,23.2,25.0,23.7
1772938927.2460244,13.1,10.0,15.3,15.3,39.8,31.0,3.1,3.0,4.0,11.0,5.1,4.0,24.2,27.7,20.4,23.2,15.2,9.1,24.8,35.0,36.6,36.6,48.5,29.7,6.0,3.1,7.0,7.1,28.3,24.0,41.2,41.0,5.0,1.0,2.0,3.0,37.0,40.0,4.0,5.1,25.0,27.7,24.2,23.0,2.0,2.0,6.1,9.0,7.0,7.1,12.1,14.3,17.2,21.0
1772938928.247824,15.7,9.2,24.0,20.2,42.9,37.0,5.1,2.0,8.2,6.1,2.1,8.1,33.7,40.4,20.2,22.4,4.0,10.1,38.8,37.4,41.0,39.6,46.5,35.0,4.1,5.0,10.1,4.0,35.0,33.7,44.0,38.0,5.1,4.0,7.0,4.0,44.6,40.6,8.2,2.0,12.1,12.1,28.3,25.7,2.0,3.1,12.1,11.2,10.2,9.1,21.2,23.0,24.0,25.0
1772938929.249869,12.2,9.1,20.0,18.2,39.4,35.0,2.1,5.2,7.1,6.1,4.0,4.1,31.3,32.0,22.4,25.3,10.2,11.1,37.0,32.7,39.2,38.2,35.0,43.6,6.1,4.0,10.0,4.1,30.3,32.0,37.4,32.3,6.0,8.1,6.1,6.1,39.6,41.0,3.1,4.0,9.0,12.0,27.0,25.3,3.0,5.0,9.1,8.9,6.1,7.1,19.0,20.8,23.5,18.2
1772938930.250635,10.4,8.1,16.3,18.4,39.4,33.7,5.1,2.0,8.2,16.3,6.0,5.1,30.0,38.0,20.2,24.2,5.1,6.9,32.3,32.3,37.6,37.6,35.6,45.5,3.1,3.1,7.1,7.9,30.4,33.7,36.0,20.2,7.1,6.1,3.1,5.1,37.8,38.0,3.1,3.0,4.0,9.1,27.7,18.2,5.1,2.0,10.9,9.0,7.1,6.1,15.0,15.5,23.2,22.4
1772938931.2530303,14.6,10.2,19.4,16.3,35.7,41.0,5.1,3.0,11.0,2.0,7.1,4.0,31.4,31.0,22.2,24.5,8.2,15.3,34.0,34.3,35.6,39.2,38.0,39.6,3.0,7.0,6.1,7.1,31.0,26.0,34.7,19.0,5.1,6.1,4.0,8.1,41.6,41.6,3.1,7.1,12.2,13.1,27.7,26.3,5.1,4.0,9.2,8.2,7.0,9.1,21.8,24.0,25.7,18.2
1772938932.2576108,12.4,9.1,19.8,22.0,40.4,29.7,5.0,5.1,6.1,5.1,6.1,3.1,35.0,28.0,23.2,22.0,12.0,2.0,35.6,37.4,37.3,39.6,24.5,39.2,6.0,0.0,8.0,6.1,37.0,29.3,19.4,22.2,4.0,4.0,2.1,2.0,40.6,40.6,6.9,9.1,30.0,19.4,25.0,21.0,3.0,3.1,12.0,9.0,8.0,7.1,14.1,15.3,22.8,20.0
1772938933.257701,9.2,6.1,13.3,14.3,27.6,40.4,4.0,3.0,10.2,6.3,5.1,5.0,31.7,24.0,19.4,23.2,10.1,2.0,29.0,35.6,38.6,35.0,24.5,24.2,5.1,3.0,7.1,7.0,23.2,22.0,40.2,19.2,7.1,2.0,2.0,2.0,41.0,40.0,2.0,5.1,29.6,31.0,20.4,21.0,1.0,2.1,6.1,8.1,4.1,5.1,13.1,13.3,15.2,16.3
1772938934.2608979,9.5,11.7,17.2,16.3,41.6,32.7,4.1,3.0,12.2,12.1,5.1,5.9,33.0,23.2,20.2,25.3,17.0,11.1,36.6,33.0,33.0,37.6,21.8,22.8,5.1,2.0,5.1,7.9,25.0,31.7,40.6,20.8,7.1,5.0,6.0,4.0,37.6,42.2,4.0,9.0,38.6,34.0,20.8,25.3,2.0,5.9,6.9,10.1,6.1,8.0,22.8,25.5,18.8,18.4
1772938935.2609878,15.0,11.2,28.0,21.4,37.9,42.0,5.1,5.1,7.1,11.2,6.2,6.2,39.0,42.0,16.7,31.6,15.3,6.2,32.3,39.0,42.6,42.6,24.0,37.4,4.0,8.1,8.2,12.2,31.3,39.0,30.3,25.3,10.1,7.1,4.1,4.1,40.0,42.9,6.2,9.1,40.0,41.0,26.3,28.3,4.1,3.1,11.2,13.1,11.0,8.2,15.2,16.3,33.7,22.0
1772938936.2614996,12.4,8.2,14.1,9.1,34.7,27.0,2.1,1.0,9.1,4.0,5.1,6.0,31.0,16.0,26.3,32.7,4.1,12.1,30.3,34.3,32.7,34.7,22.0,40.6,5.1,2.0,5.0,8.1,15.2,26.7,25.0,39.0,1.0,3.0,1.0,1.0,40.4,39.6,2.0,3.0,40.0,41.2,12.1,19.2,1.0,4.0,6.1,10.0,5.1,5.1,22.2,22.8,10.1,18.2
1772938937.2646968,13.3,9.0,18.4,16.8,40.8,38.0,7.0,2.0,8.2,8.2,5.1,3.1,33.0,32.7,24.2,23.2,10.1,13.1,35.6,29.0,42.2,36.6,31.4,51.0,5.0,5.0,5.1,9.1,31.3,26.7,43.6,37.0,3.0,7.1,3.0,4.0,35.6,44.0,4.1,2.1,40.6,41.0,17.0,27.0,3.0,3.1,8.0,9.2,7.1,8.0,16.7,11.2,24.0,22.0
1772938938.264778,15.7,11.0,16.3,18.6,39.0,34.3,4.1,3.1,7.2,12.2,6.0,5.1,33.3,36.0,26.5,20.2,10.2,9.2,35.4,32.0,37.0,37.6,30.0,51.0,3.1,3.1,8.0,9.2,30.4,29.3,44.0,37.0,6.1,8.0,1.0,4.1,40.6,36.6,3.0,3.1,41.0,40.0,27.0,19.4,1.0,4.0,8.2,9.2,7.2,8.1,27.3,25.0,16.8,19.4
1772938939.2658818,16.3,22.2,14.3,22.2,35.1,31.3,4.1,2.0,6.1,8.2,5.1,5.1,32.0,31.0,19.4,23.8,10.2,3.1,36.4,34.0,35.6,39.0,32.0,50.0,4.0,5.1,6.2,8.9,26.5,31.3,34.3,29.0,8.2,7.1,4.0,3.0,42.0,42.0,9.2,18.2,40.0,40.0,21.0,24.8,4.0,3.1,11.1,9.0,4.1,7.2,16.2,15.2,19.2,22.2
1772938940.2662668,15.5,11.1,21.4,29.0,41.8,37.6,4.0,1.0,9.1,3.0,4.1,4.1,37.0,40.6,26.5,28.6,11.1,12.0,30.0,17.0,40.6,40.6,31.0,37.6,3.0,4.1,9.0,3.1,35.6,35.0,27.3,32.0,7.0,4.0,1.0,2.0,23.2,24.0,6.2,6.0,40.0,40.4,33.0,31.0,3.1,2.0,8.0,5.1,7.0,4.1,11.0,9.2,10.9,19.2
1772938941.2679489,11.2,9.2,27.3,31.7,39.0,39.0,3.0,2.0,6.1,6.1,3.0,4.1,38.6,39.8,21.2,18.4,3.0,3.1,25.3,15.3,40.6,41.0,21.2,22.2,4.0,4.0,2.0,3.1,35.0,41.0,36.0,30.0,3.0,1.0,3.0,2.0,23.2,23.0,3.0,2.0,40.0,40.6,34.7,32.0,3.0,3.0,8.1,7.1,5.1,6.9,15.3,13.1,11.2,12.0
1772938942.2724566,15.7,10.0,21.0,19.0,37.4,39.0,4.0,3.0,8.1,5.0,4.0,4.1,32.0,32.0,7.1,7.1,12.0,2.0,35.0,36.6,38.6,41.2,8.0,17.2,5.0,2.0,8.0,6.0,34.7,30.7,32.3,47.5,9.1,4.0,2.0,3.0,40.6,40.0,3.0,2.0,40.6,41.0,21.6,30.3,2.0,2.0,10.3,8.1,7.1,7.1,15.2,18.8,22.2,25.0
1772938943.2731786,13.9,9.1,24.5,28.6,36.7,40.0,4.1,2.0,7.1,12.4,5.1,6.0,38.6,33.0,14.9,14.1,12.2,15.0,29.0,26.0,41.6,40.6,28.0,21.0,7.1,3.1,7.1,7.1,33.3,38.0,33.0,28.3,7.9,5.1,4.0,3.0,32.7,32.3,5.1,4.0,40.0,40.0,32.0,34.7,3.0,5.0,10.9,9.1,6.1,8.2,14.9,15.0,18.2,21.2
1772938944.273266,15.2,9.0,25.3,28.0,40.4,42.0,5.1,1.0,5.1,3.1,5.1,1.0,36.4,39.0,24.7,20.2,2.0,3.0,31.3,31.3,41.6,38.6,31.0,39.0,3.0,5.9,6.0,3.1,36.0,34.3,12.0,22.0,1.0,5.1,2.0,4.0,29.0,31.3,1.0,2.1,40.6,41.6,30.0,33.0,3.1,1.0,8.1,10.2,7.9,7.1,9.1,10.2,22.2,14.1
1772938945.273359,8.4,6.9,27.6,28.0,39.4,37.0,8.0,4.0,2.1,3.0,2.1,4.0,41.4,37.0,29.3,28.3,9.1,3.0,23.0,20.2,41.0,40.6,30.3,42.6,1.0,3.1,2.0,4.0,36.6,38.0,1.0,20.2,1.0,3.0,2.0,3.0,21.2,21.2,2.0,3.0,39.4,39.6,33.3,31.3,1.0,3.0,5.1,6.1,4.0,5.1,19.0,18.2,19.0,14.3
1772938946.2734487,16.8,9.1,24.2,22.4,41.2,38.0,15.2,4.0,10.2,4.0,5.1,3.0,30.3,38.0,17.5,19.4,4.1,2.1,36.4,37.6,42.2,36.3,31.7,31.0,4.1,2.0,10.0,6.1,36.0,31.3,6.1,22.0,4.0,3.1,2.0,3.1,41.0,41.6,3.1,3.1,31.7,31.0,28.7,30.3,5.0,2.0,8.1,11.2,8.0,8.1,12.2,10.1,22.4,24.2
1772938947.2760682,13.1,11.1,17.2,20.0,35.0,39.6,2.0,3.1,7.1,10.1,5.9,5.1,33.7,28.7,14.1,13.1,16.0,14.0,41.0,30.0,37.6,38.6,31.7,37.6,5.0,5.9,8.1,7.9,33.7,27.5,19.0,34.3,4.0,5.0,3.0,4.0,40.6,41.0,4.1,17.2,29.0,30.4,23.0,27.0,4.0,2.0,12.0,8.0,6.2,9.1,21.8,20.2,19.8,22.0
1772938948.2834003,14.9,10.2,22.0,20.2,39.8,42.0,6.1,4.0,9.2,15.5,5.1,5.1,35.0,36.4,25.0,29.6,11.1,12.1,40.6,33.7,43.1,41.6,50.0,31.7,6.0,5.1,11.1,11.2,34.0,36.6,22.5,40.2,7.1,1.0,2.0,4.0,42.0,40.6,10.2,23.2,16.8,18.2,29.0,26.3,4.0,4.0,10.1,13.0,8.1,7.1,21.0,21.8,26.3,24.5
1772938949.284471,15.8,11.0,19.4,16.2,36.4,35.6,4.0,2.0,4.1,10.2,5.0,4.0,30.0,33.3,39.4,36.4,7.1,12.2,35.6,34.3,37.6,38.2,45.5,24.8,4.0,4.1,6.0,8.0,30.7,29.0,18.4,43.0,5.0,3.0,3.0,2.0,40.2,41.0,22.2,8.0,12.0,11.0,27.0,21.0,4.1,6.1,8.1,8.9,9.0,8.0,17.8,14.3,25.7,16.8
1772938950.2845588,12.2,12.4,23.5,26.5,39.8,39.0,6.1,5.9,4.1,9.0,5.1,7.2,31.0,38.4,17.5,16.5,7.2,7.1,38.4,40.4,41.0,38.0,41.6,21.2,4.1,4.0,7.2,4.2,39.6,31.0,21.8,40.4,5.1,5.1,3.1,2.0,38.4,38.0,5.1,5.1,22.2,24.0,29.0,28.7,3.0,5.1,11.2,10.3,6.2,12.2,21.4,21.2,25.3,20.8
1772938951.2846437,15.0,10.0,15.2,16.0,37.4,34.0,2.0,5.2,3.1,10.2,4.0,4.0,29.3,27.0,11.1,5.1,5.1,17.2,27.3,37.0,35.6,36.0,34.0,41.6,4.0,6.0,8.9,6.1,31.0,25.3,18.2,34.7,3.0,6.0,2.0,4.0,39.6,34.0,3.0,2.0,11.1,12.1,15.2,21.4,4.0,2.0,8.0,7.1,9.9,9.1,15.0,16.0,17.2,19.0
1772938952.286057,13.3,12.0,19.0,20.2,37.4,39.0,3.1,5.0,18.2,6.2,9.1,9.9,29.4,36.4,21.6,30.0,4.1,3.1,37.0,36.4,38.2,40.2,36.6,45.1,3.1,5.1,6.1,6.1,30.3,29.7,21.0,30.0,2.0,4.0,5.1,4.1,42.4,42.6,7.1,2.0,18.0,22.2,25.5,23.8,3.1,2.0,7.1,10.8,6.1,7.1,12.2,16.3,26.0,18.4
1772938953.2861297,12.1,9.1,10.1,22.2,34.7,35.4,4.0,2.0,9.2,3.1,7.2,8.0,25.3,37.0,37.4,35.7,11.1,23.0,35.4,35.0,38.6,36.0,33.7,25.3,3.1,3.1,10.0,10.9,31.0,31.3,34.3,41.0,6.1,3.0,4.1,2.0,38.6,38.6,4.0,3.1,27.6,33.3,24.0,21.0,4.0,3.0,11.1,6.1,7.1,7.1,23.8,24.0,20.2,22.2
1772938954.286768,13.4,8.2,21.4,20.2,35.1,32.0,4.1,4.1,12.1,9.1,13.0,7.1,34.0,37.0,20.6,19.6,4.1,6.1,32.3,37.4,39.6,36.3,32.3,39.6,4.0,6.1,7.0,10.1,33.3,36.6,40.6,40.4,4.0,4.0,5.1,4.0,39.4,41.4,3.1,4.0,31.0,31.7,29.3,25.3,3.1,2.1,12.0,8.2,8.1,10.9,12.2,12.2,25.0,23.5
1772938955.2868567,14.4,9.2,25.3,19.4,41.4,37.4,7.1,1.0,5.1,5.1,9.1,6.1,34.3,34.7,13.1,10.3,15.3,17.0,37.0,37.0,40.6,40.0,42.6,39.0,4.1,6.1,12.2,4.2,31.6,35.4,36.0,43.0,2.1,6.1,5.0,2.1,43.1,38.6,4.0,2.1,39.0,36.7,24.2,31.0,3.0,5.1,10.3,13.1,7.1,8.3,21.2,24.0,23.2,24.2
1772938956.288137,14.0,11.0,19.0,20.0,37.4,39.0,6.0,4.0,13.4,12.1,5.1,6.1,37.6,35.4,28.0,33.3,12.1,4.1,34.7,34.7,36.6,39.2,32.3,47.5,4.0,6.1,8.1,8.9,31.0,27.7,33.0,22.2,5.9,3.1,1.0,4.0,40.0,42.0,3.0,4.0,41.2,40.2,25.5,23.0,4.0,3.0,8.1,9.1,8.1,9.0,17.0,17.0,22.2,21.8
1772938957.2957823,11.9,12.1,16.3,22.2,34.7,41.2,3.1,4.1,6.0,10.2,6.1,5.0,35.0,34.0,38.4,36.4,18.8,17.2,36.0,34.7,38.8,39.6,21.6,25.2,4.0,4.0,6.9,8.1,33.7,31.7,26.7,30.7,4.0,5.0,5.0,5.0,40.2,42.7,3.0,3.1,39.6,42.2,20.2,26.7,3.0,4.0,8.0,10.1,7.9,6.1,18.2,18.0,28.0,18.0
1772938958.2979589,11.3,9.2,18.4,20.4,34.0,42.4,5.1,3.1,5.2,12.1,6.1,5.1,38.4,31.0,18.2,17.3,4.2,9.1,36.7,30.3,38.0,39.6,28.3,25.5,5.1,5.2,9.2,3.1,33.3,29.6,45.5,31.3,6.1,4.1,1.0,3.1,41.8,37.8,2.0,4.1,40.4,40.4,25.3,27.3,2.1,5.1,6.1,13.1,7.2,7.1,21.8,18.4,21.2,23.2
1772938959.2999368,13.9,9.1,15.0,21.2,31.0,39.6,2.0,3.1,4.1,4.1,5.1,5.1,32.7,29.0,12.1,10.1,15.8,17.0,32.0,35.6,34.7,34.7,22.8,39.6,6.0,10.0,7.0,8.9,35.0,26.7,28.3,34.3,4.0,4.0,3.0,4.0,41.7,41.0,4.0,3.1,40.6,40.6,20.8,23.0,2.0,3.0,8.1,9.0,7.0,6.1,17.0,19.0,20.0,16.3
1772938960.3000188,11.3,13.0,23.0,18.2,38.8,37.0,5.0,5.1,11.2,15.2,6.0,3.1,35.0,34.3,24.5,33.0,3.1,8.1,42.0,30.9,41.0,40.0,26.3,46.1,4.0,6.2,5.1,6.1,30.0,31.6,26.0,37.6,2.0,3.1,2.0,4.1,40.4,41.0,3.1,4.1,40.4,41.0,28.3,26.3,2.0,8.2,10.1,12.2,6.1,7.1,18.0,19.2,22.2,21.2
1772938961.301436,15.2,9.2,18.2,21.0,34.7,37.4,2.1,3.0,4.1,11.2,5.1,5.1,30.0,31.0,35.4,35.1,16.2,14.1,34.7,35.0,34.7,39.2,31.7,50.0,10.0,4.0,6.1,8.0,31.0,29.0,42.6,37.8,6.1,4.1,4.0,4.0,39.0,40.0,3.1,3.1,40.0,41.6,16.2,26.0,4.0,6.1,10.0,10.2,5.1,9.0,11.2,14.1,27.0,24.2
1772938962.3049214,13.4,8.1,17.3,14.1,38.4,32.0,5.9,4.0,5.1,11.1,3.0,4.1,29.7,36.0,18.2,16.2,5.1,6.1,32.0,35.0,34.7,38.4,30.0,51.5,7.1,5.0,8.2,7.1,31.3,28.7,40.0,40.6,3.0,3.0,2.0,2.1,42.0,38.6,13.1,11.2,41.2,39.6,25.3,22.0,2.0,5.0,7.1,10.8,8.0,10.0,23.2,26.7,19.0,22.0
1772938963.3050072,13.3,9.0,19.6,19.2,40.4,39.0,3.1,6.1,5.1,4.1,5.1,5.1,35.7,31.0,12.1,13.3,13.1,6.3,37.0,32.0,41.2,40.6,30.7,51.0,4.1,3.1,8.1,9.9,32.3,33.0,40.0,38.6,4.0,4.0,2.0,2.0,38.6,37.4,7.1,6.1,40.0,41.0,24.8,26.5,4.0,2.0,9.1,11.1,6.1,6.2,13.1,13.3,23.0,23.2
1772938964.3108943,13.0,7.1,14.9,16.0,37.4,32.4,5.0,2.0,11.2,11.3,4.1,5.0,29.7,26.0,26.3,26.0,9.9,11.0,31.7,35.9,36.3,37.9,30.4,50.5,4.0,3.0,4.0,8.1,25.5,25.7,29.4,29.0,4.0,4.0,4.0,2.0,42.6,40.6,3.0,2.0,39.2,40.6,18.2,19.0,4.0,3.0,6.1,8.0,6.0,7.8,20.0,22.8,17.8,17.8
1772938965.3138268,14.1,9.1,21.2,22.2,35.4,41.0,4.1,3.1,4.1,13.7,4.1,4.1,33.7,35.0,34.3,36.7,9.2,6.1,33.3,45.5,38.6,39.0,41.6,38.6,6.0,2.0,12.0,7.1,31.0,30.7,29.3,42.0,3.1,6.0,4.1,3.1,43.0,41.6,2.0,4.1,34.0,33.0,26.7,30.3,4.1,1.0,8.2,12.0,7.1,9.0,16.3,17.0,25.3,25.0
1772938966.3175535,12.4,7.1,21.2,17.2,35.7,39.0,5.9,2.0,10.1,5.0,4.1,6.1,37.4,40.0,20.2,17.3,10.2,14.0,32.0,38.0,40.6,39.2,39.0,28.0,4.0,6.0,8.1,4.1,33.3,27.0,31.3,36.0,5.0,3.1,3.1,3.1,40.6,40.0,5.1,2.1,30.3,31.7,22.0,24.2,2.1,3.0,10.9,11.1,9.0,5.1,16.7,13.1,23.2,20.8
1772938967.318503,12.2,10.0,20.2,16.3,37.4,33.3,5.2,4.1,5.0,6.1,4.1,7.1,30.7,31.0,16.2,9.3,8.2,9.0,34.3,34.0,36.6,38.0,32.0,34.0,3.1,6.1,7.1,9.0,30.0,28.6,18.0,41.0,2.1,7.0,4.0,4.1,41.4,39.0,10.3,5.1,32.7,32.0,21.2,23.0,4.1,2.1,9.0,8.2,6.1,7.1,23.2,24.0,19.0,22.7
1772938968.3216383,13.3,18.0,22.4,27.7,41.8,36.0,5.0,4.0,12.2,12.2,6.0,4.0,36.4,31.0,30.3,28.3,12.0,11.2,33.0,42.0,41.6,39.2,44.0,34.0,4.0,7.1,8.0,8.0,32.0,32.0,20.4,3.0,4.0,3.1,6.1,3.0,41.6,39.0,14.3,9.1,26.0,25.3,29.7,27.0,7.1,5.0,9.2,11.1,7.1,8.1,13.1,16.0,20.4,24.0
1772938969.3246884,14.1,11.0,20.8,19.2,44.4,28.7,6.1,3.0,7.0,9.2,6.1,5.1,36.0,34.7,36.0,36.0,6.1,3.1,33.0,33.7,37.6,40.6,32.7,24.8,5.0,4.0,5.1,6.1,29.3,31.7,34.7,15.8,3.0,6.0,3.1,3.1,40.0,40.6,14.3,8.1,14.0,17.0,23.2,28.3,7.2,6.0,9.1,12.0,5.1,8.2,21.0,23.2,26.7,18.4
1772938970.3247573,11.9,8.2,19.8,16.3,35.4,40.0,2.0,6.1,4.1,11.1,4.0,5.1,29.0,28.3,16.3,15.3,16.2,11.1,33.7,38.4,37.6,37.3,31.0,31.0,3.1,6.0,9.0,9.0,25.0,27.0,40.2,22.2,4.0,4.0,2.0,4.0,40.0,40.6,15.0,21.6,21.8,23.0,22.0,26.7,5.0,4.1,9.1,7.1,7.9,9.1,18.0,16.2,17.2,23.2
1772938971.325837,14.3,9.0,18.4,20.4,36.1,35.4,4.0,4.1,5.0,5.1,6.0,5.1,25.3,42.0,10.2,14.3,4.1,8.1,36.0,41.0,37.6,40.4,31.0,51.0,2.0,5.2,6.2,7.1,31.0,36.3,35.4,26.0,4.0,6.1,4.0,4.0,39.6,42.0,3.0,6.1,19.0,21.0,26.7,25.3,3.1,2.0,9.0,11.1,5.1,9.2,18.2,16.2,24.0,18.2
1772938972.325912,12.1,9.2,21.4,19.4,37.4,36.6,4.0,5.1,10.3,13.4,4.1,5.1,29.7,39.0,29.3,30.0,15.0,8.2,33.3,32.3,40.2,42.2,29.0,50.0,5.0,5.1,7.1,11.2,34.0,29.6,39.6,31.0,2.0,3.0,6.2,4.1,37.0,38.0,3.1,4.0,14.3,13.3,25.3,25.3,3.1,4.1,10.2,9.0,7.1,11.0,18.2,19.8,22.4,23.5
1772938973.3272007,13.3,12.1,21.0,23.0,39.8,39.4,5.1,4.1,7.1,10.0,6.1,7.1,33.0,33.0,34.7,40.4,10.3,6.1,34.3,39.4,34.0,42.0,21.2,41.6,5.1,4.1,11.0,3.0,31.0,29.7,25.3,23.0,4.0,4.1,4.0,2.0,45.5,44.0,4.0,7.1,26.3,27.3,25.7,23.0,2.0,4.0,9.1,11.1,7.1,6.2,18.8,16.5,18.0,26.0
1772938974.3320806,14.3,9.9,24.7,26.3,39.0,40.6,7.0,2.0,3.1,9.1,8.0,3.1,33.7,35.0,14.3,16.3,10.0,11.1,39.0,33.0,41.2,41.2,35.3,32.7,10.9,3.1,8.1,8.9,33.7,34.0,15.8,27.3,5.0,5.0,4.0,5.1,38.0,38.6,5.1,4.0,30.3,31.0,31.0,33.3,3.0,3.1,10.1,13.0,8.0,7.1,17.2,18.0,21.4,23.2
1772938975.332408,14.3,8.1,22.8,22.2,39.2,34.0,3.1,3.0,6.1,6.1,3.1,6.1,28.0,30.0,5.1,5.1,3.1,14.3,35.6,39.8,37.6,38.6,40.0,21.0,6.1,5.1,10.1,4.0,31.3,31.4,28.3,26.3,7.1,6.1,1.0,3.0,43.6,37.0,3.0,3.1,30.0,31.3,22.2,29.3,3.1,2.0,10.0,9.1,5.1,8.1,17.0,17.0,20.2,25.3
1772938976.3326876,13.3,9.2,17.2,17.2,43.4,37.0,4.1,3.1,9.2,9.1,5.1,6.1,33.7,30.0,24.5,34.7,10.2,8.2,34.0,37.4,41.2,40.0,31.0,33.3,4.1,6.1,11.3,9.1,36.0,28.6,28.3,40.4,5.1,5.1,3.1,2.0,40.0,42.0,6.1,3.0,35.4,36.4,28.3,22.0,2.0,2.0,10.1,9.1,8.0,8.0,15.3,14.4,25.3,18.2
1772938977.3351436,14.0,9.1,17.0,22.2,40.8,32.3,8.0,4.1,16.3,8.2,5.1,6.2,34.7,32.7,37.8,43.4,13.3,13.3,42.4,32.7,37.0,38.2,31.7,30.7,4.1,5.0,10.0,10.1,28.7,32.3,34.3,26.7,6.1,6.0,4.1,5.1,40.0,41.4,1.0,1.0,40.6,41.0,23.0,24.5,4.0,6.0,8.1,11.0,7.1,8.1,24.2,24.0,23.2,23.8
1772938978.3365314,12.1,7.1,18.2,19.0,35.0,39.2,6.0,4.0,5.1,9.3,6.9,7.1,33.7,30.0,20.2,20.4,5.1,10.2,29.7,36.4,39.6,36.6,32.7,31.7,5.0,4.0,7.1,7.1,29.6,30.7,40.2,39.4,3.0,3.0,6.9,3.0,40.6,39.2,4.9,3.1,41.6,41.2,27.3,22.0,2.0,5.1,11.1,11.2,6.1,8.2,10.0,12.0,20.8,16.3
1772938979.341641,14.1,9.1,17.3,19.0,34.7,36.0,7.0,4.0,5.1,7.0,5.2,6.0,32.3,38.4,9.1,5.1,11.1,14.0,33.0,39.6,37.3,41.2,31.4,30.3,4.0,4.0,9.1,3.1,32.4,29.0,23.0,39.0,7.9,2.0,3.1,2.1,41.0,39.6,3.1,3.0,41.0,40.6,24.0,28.0,1.0,6.1,13.0,10.1,8.0,9.1,22.0,23.2,30.7,16.3
1772938980.3439033,14.1,9.1,20.0,19.2,42.7,35.0,4.1,4.0,8.1,6.3,7.1,5.2,34.3,36.3,28.3,24.2,7.1,5.2,34.0,38.6,37.0,39.0,31.3,31.4,4.0,4.0,8.0,9.1,26.0,30.3,41.4,17.0,3.1,3.1,3.0,3.0,39.0,40.0,4.0,3.0,39.0,42.6,24.2,23.0,5.1,1.0,8.0,9.2,6.0,9.0,15.0,17.2,18.2,26.0
1772938981.3484075,12.0,11.9,20.2,17.3,35.6,33.7,5.0,3.0,10.2,15.0,5.1,5.0,30.1,25.0,41.0,39.6,9.0,18.0,29.0,33.7,38.8,37.3,23.8,29.4,4.0,5.0,4.0,8.1,26.0,29.4,37.6,23.5,4.0,5.9,3.0,3.9,38.6,41.6,3.1,1.0,40.2,40.6,19.6,19.2,4.0,5.0,7.9,10.9,6.0,7.1,21.8,21.8,24.5,16.2
1772938982.3490996,16.0,9.3,19.2,19.0,31.6,46.5,2.1,4.1,4.0,7.1,3.1,5.1,31.3,31.6,20.4,20.6,8.2,5.1,35.0,38.4,38.4,40.0,27.0,32.3,4.1,6.1,5.2,7.0,32.3,28.3,43.0,39.4,2.0,4.1,3.1,3.1,42.4,40.0,5.1,3.0,39.8,40.4,19.4,28.0,1.0,3.1,8.2,10.0,6.1,7.1,16.2,18.0,20.6,21.2
1772938983.34918,14.3,11.0,18.8,20.2,44.4,32.3,5.1,5.0,5.2,6.1,9.9,6.1,27.3,40.6,6.1,7.1,17.2,10.1,38.4,33.0,42.0,42.2,40.0,38.0,8.2,3.1,9.1,6.1,31.0,34.3,38.0,42.0,4.1,4.0,2.0,5.1,40.4,39.0,17.2,5.2,40.6,40.4,28.6,22.0,3.1,4.0,11.1,7.1,7.1,9.0,6.1,5.2,22.0,24.0
1772938984.3521495,13.4,7.1,18.8,23.0,35.4,35.6,9.0,2.0,5.0,3.0,6.0,5.0,32.4,30.7,15.2,16.3,6.1,8.2,39.0,30.0,38.2,38.6,36.6,45.5,9.0,3.0,6.0,6.1,35.6,30.0,46.0,35.0,3.0,5.9,3.0,4.0,38.6,40.0,7.1,7.1,39.6,39.6,27.5,28.7,4.0,2.0,12.0,9.9,6.9,8.0,26.5,27.7,23.2,22.2
1772938985.353664,14.3,10.1,17.2,22.4,44.0,31.3,5.1,3.1,11.1,10.3,5.1,3.1,29.3,35.0,37.8,36.0,11.3,11.1,28.3,35.7,41.6,33.7,32.7,40.6,4.0,6.0,6.1,7.1,24.0,38.0,40.0,37.6,2.1,3.1,1.0,3.1,38.4,41.0,2.1,3.1,30.3,31.0,24.5,24.2,5.9,3.1,9.1,8.2,5.2,6.1,12.2,13.3,19.2,19.2
1772938986.3543088,12.9,9.2,21.6,18.2,35.1,41.0,4.0,4.0,8.2,11.3,4.1,4.1,37.0,31.0,33.7,29.3,15.0,15.2,31.0,41.0,38.0,40.6,32.3,32.0,5.1,4.0,7.1,7.1,21.2,38.4,38.4,22.4,6.1,5.1,4.1,4.0,42.6,40.0,3.1,5.1,30.0,32.0,27.3,22.2,5.1,2.0,11.1,9.2,8.2,6.2,18.2,21.0,25.0,23.0
1772938987.3549688,10.5,11.1,18.4,20.0,41.4,34.3,3.1,2.1,5.1,10.1,4.1,4.0,35.0,30.0,12.1,10.2,12.1,4.0,31.0,38.0,36.6,40.6,52.5,29.0,6.9,5.0,5.1,10.0,32.7,27.7,36.0,24.2,3.0,5.1,2.0,2.0,42.0,39.0,3.0,2.1,32.7,30.7,25.7,27.0,3.1,3.1,11.0,9.0,7.0,8.1,20.2,22.4,20.0,21.2
1772938988.3557525,13.0,10.0,23.0,21.0,42.9,35.0,5.0,5.1,4.0,5.0,4.1,4.0,33.0,33.0,10.1,9.1,16.2,16.3,34.3,39.2,38.0,39.6,44.1,24.5,3.0,7.1,7.2,8.1,25.3,34.7,38.6,20.8,5.1,5.0,3.0,6.0,41.2,40.0,3.1,5.0,30.3,31.0,22.2,27.0,5.1,3.0,9.2,11.0,6.1,8.0,8.9,9.1,25.3,22.0
1772938989.358516,12.2,11.1,26.5,26.3,39.4,34.3,6.1,7.1,13.3,13.1,5.1,6.1,36.6,35.4,35.0,36.6,2.1,6.1,36.6,37.8,42.2,41.6,43.6,24.5,7.0,4.1,7.1,10.2,35.0,39.4,43.0,19.2,5.0,10.2,3.1,8.2,36.0,41.4,13.0,3.1,20.2,18.2,33.0,25.5,7.0,4.0,14.0,9.3,7.1,10.1,26.3,24.2,29.0,22.4
1772938990.3588433,15.2,9.1,22.2,18.6,41.4,37.6,5.1,3.1,8.1,11.2,5.1,5.1,36.4,33.0,32.7,38.4,20.2,15.2,45.0,33.7,38.2,41.2,43.0,24.8,4.1,7.1,6.1,12.2,34.3,30.7,30.3,11.3,4.1,7.1,5.1,13.0,37.4,45.5,12.6,14.3,22.0,22.0,28.0,28.3,5.1,2.0,12.0,11.0,7.1,10.0,12.2,15.2,26.0,23.5
1772938991.3599632,10.3,7.1,18.2,20.4,30.6,41.0,4.0,3.0,4.1,9.2,6.0,3.0,30.0,34.7,15.0,14.1,3.0,3.1,24.2,28.3,38.6,39.6,34.0,22.0,2.0,3.1,6.9,6.0,30.0,34.0,35.0,15.0,6.0,3.0,9.1,3.0,31.0,31.0,9.9,14.3,23.0,21.2,22.0,28.7,5.1,2.1,8.0,7.1,6.0,7.1,18.8,19.0,17.2,19.0
1772938992.3663638,11.2,9.1,17.2,22.0,40.4,40.0,4.0,2.0,4.0,3.0,3.0,4.0,26.0,42.6,2.0,10.0,8.1,15.8,31.7,32.7,40.0,41.6,28.7,27.0,5.1,3.0,6.1,3.0,31.7,32.0,36.0,38.6,4.0,3.0,6.0,1.0,36.6,34.7,4.0,11.0,20.2,21.0,22.0,25.7,9.0,3.0,7.1,8.1,5.1,7.0,9.0,10.1,22.5,19.0
1772938993.3670087,12.2,10.9,32.7,31.3,39.4,37.0,4.1,2.0,5.1,2.0,3.1,2.0,39.4,36.6,16.2,6.1,10.0,2.1,18.2,19.6,41.6,41.2,21.0,20.8,2.0,4.0,3.0,7.0,42.0,38.2,17.2,43.0,3.0,2.0,1.0,4.0,25.0,24.0,10.0,10.2,11.9,11.0,36.6,35.0,3.1,0.0,8.8,6.1,6.0,4.1,14.0,15.8,7.2,12.2
1772938994.3678,10.1,4.1,22.8,20.4,34.3,29.0,3.0,4.0,3.0,5.0,4.0,4.0,29.0,33.3,11.2,9.2,3.0,2.0,24.8,24.2,35.3,36.6,28.7,27.7,4.0,1.0,2.0,3.0,35.0,25.0,23.8,37.6,3.0,2.0,2.1,2.0,27.3,26.3,3.0,1.0,11.0,11.1,27.3,21.2,3.0,0.0,8.2,5.1,5.0,5.9,5.0,4.0,15.0,15.2
1772938995.369358,10.2,4.0,30.0,27.0,39.0,39.2,2.0,2.0,3.0,2.1,1.0,4.1,39.6,34.0,12.0,13.1,3.1,2.0,28.3,21.2,41.2,40.6,30.7,31.7,2.0,4.0,2.0,6.1,35.3,35.0,17.2,31.0,1.0,3.0,3.0,4.0,24.0,25.0,1.0,3.0,10.1,10.2,31.0,32.3,7.0,2.0,11.0,6.0,5.1,2.1,2.0,4.1,17.8,14.9
1772938996.3694448,12.4,11.2,22.7,29.0,40.4,39.0,4.0,4.0,8.3,11.2,6.1,5.1,42.4,35.4,27.6,22.4,3.1,4.0,35.0,34.0,40.0,41.2,30.3,31.7,2.1,4.0,9.1,5.1,36.4,35.0,11.1,34.3,4.1,4.1,6.1,3.1,37.8,37.0,3.1,2.0,16.2,23.2,31.3,27.3,4.0,4.0,10.1,11.0,6.1,8.1,19.2,19.4,18.2,23.2
1772938997.3706236,10.3,7.1,32.0,22.4,42.4,37.4,2.1,2.0,10.3,7.1,5.0,5.0,44.0,32.7,26.7,21.2,13.1,13.9,19.2,22.0,41.6,42.6,24.5,29.7,2.0,3.0,5.9,4.0,37.0,36.6,30.0,29.0,3.0,2.0,2.0,4.0,24.2,23.2,4.0,2.0,21.2,22.0,37.0,37.6,2.0,4.0,6.1,7.1,5.1,7.0,22.8,23.8,13.0,13.0
1772938998.37546,11.3,6.0,24.5,30.3,40.4,41.0,4.0,4.0,6.1,4.0,4.0,4.1,39.0,37.4,19.4,16.2,4.0,7.1,23.5,16.0,38.2,44.1,20.8,40.6,3.1,5.0,2.0,5.0,37.0,34.7,38.6,20.8,6.0,2.0,4.0,2.0,20.8,25.0,1.0,2.0,29.0,31.3,31.3,29.7,4.0,3.0,8.0,4.0,5.0,4.0,4.0,7.1,8.1,16.3
1772938999.3759327,9.3,6.0,26.3,30.3,43.9,36.0,6.1,2.0,5.1,2.1,4.1,4.0,37.0,36.6,10.2,11.2,3.0,3.1,23.5,25.3,39.0,41.4,22.0,40.6,3.0,4.1,4.0,5.0,40.2,34.3,20.2,35.4,1.0,3.0,3.1,3.0,28.0,27.3,2.0,2.0,30.0,30.0,33.0,38.6,1.0,2.0,5.2,8.0,3.1,5.1,3.0,5.1,15.2,15.2
1772939000.3810313,10.3,7.0,26.3,27.7,39.0,42.0,6.9,5.1,3.0,12.0,3.0,2.0,37.3,39.2,8.0,6.1,2.0,2.0,20.0,20.0,40.8,40.8,25.0,16.2,3.0,2.0,5.0,1.0,40.6,33.3,22.0,39.6,4.0,3.0,2.0,1.0,26.0,27.0,3.0,4.0,29.3,29.3,27.7,34.3,1.0,3.0,8.8,7.1,4.0,4.0,4.0,4.0,13.0,14.0
1772939001.3820982,9.3,3.0,30.0,28.7,36.0,40.6,3.0,1.0,2.0,2.0,4.0,3.0,36.0,38.0,1.0,1.0,1.0,2.0,13.0,10.1,43.6,39.6,26.0,13.9,3.0,1.0,2.0,4.0,40.6,39.0,19.6,40.6,4.0,0.0,2.0,3.0,18.0,14.7,1.0,3.0,30.7,29.0,32.7,32.3,2.0,1.0,4.0,4.0,3.0,4.0,9.0,9.1,11.0,6.1
1772939002.3827152,11.3,6.1,36.4,30.6,45.0,37.0,4.1,3.0,5.0,4.0,2.1,3.1,37.0,41.2,5.9,5.1,4.1,2.0,21.0,16.2,39.0,42.2,20.2,13.1,2.1,2.0,1.0,4.1,41.6,35.4,8.2,40.4,2.1,3.0,1.0,1.0,20.2,19.6,3.0,3.0,30.3,29.6,38.0,35.6,3.1,2.0,9.2,6.1,3.1,4.1,20.2,24.2,10.2,11.2
1772939003.3839614,11.3,9.1,22.0,19.2,37.0,36.4,6.0,4.0,4.0,3.1,5.1,2.0,38.0,27.0,14.1,21.0,18.8,15.0,22.2,24.0,39.6,41.0,20.0,21.8,4.0,3.0,6.9,4.0,32.0,30.7,10.0,39.0,4.0,3.0,1.0,4.0,26.0,31.7,2.0,4.0,30.0,31.0,31.0,22.0,3.0,2.0,7.1,7.0,6.0,6.0,9.1,9.1,15.0,17.0
1772939004.3861399,11.2,6.1,31.3,34.7,40.4,38.6,2.0,3.0,3.0,4.0,1.0,5.9,41.0,37.6,29.7,30.0,2.0,2.0,16.8,13.9,42.2,41.2,21.8,13.1,3.0,4.0,3.0,3.0,39.6,42.4,29.0,24.2,3.0,4.0,2.0,3.0,17.0,19.0,2.0,1.0,30.0,30.7,37.0,36.6,2.0,2.0,5.1,5.1,5.1,4.1,5.0,8.9,10.0,9.0
1772939005.3885136,12.2,9.0,21.8,27.7,41.0,35.0,5.1,3.0,3.1,3.0,3.0,5.0,32.7,37.6,20.2,22.2,2.0,3.0,32.3,26.3,42.6,38.6,20.8,15.0,5.0,5.1,4.0,7.0,41.0,32.7,34.7,27.5,0.0,5.0,2.0,5.0,28.7,30.7,1.0,4.0,33.3,30.3,29.0,33.0,1.0,3.0,8.9,8.8,5.9,5.1,3.0,2.0,13.1,20.8
1772939006.388914,12.2,8.9,19.2,19.4,34.3,40.0,5.0,2.0,4.0,1.0,3.1,2.0,33.0,36.4,14.1,18.2,2.0,3.0,15.0,19.0,41.6,39.6,21.8,35.6,2.0,4.0,3.0,3.0,33.0,35.7,40.4,36.0,2.0,2.0,1.0,1.0,17.2,18.4,3.0,2.0,36.0,33.0,27.6,25.3,3.0,5.0,7.1,4.1,4.1,5.0,13.1,14.1,9.2,11.1
1772939007.390642,10.4,6.1,28.0,26.3,38.4,42.6,3.1,2.0,18.2,15.3,5.1,3.1,36.0,40.0,8.2,7.1,14.1,13.0,25.3,29.0,41.2,41.6,20.2,41.6,5.1,3.0,6.1,6.1,34.0,34.3,40.0,40.4,4.0,3.0,1.0,3.0,30.3,30.3,3.0,4.0,30.0,32.0,33.7,36.0,2.0,2.1,9.0,6.1,4.1,5.1,19.2,21.2,17.0,19.4
1772939008.3929958,12.4,8.1,27.6,27.3,41.4,37.0,4.1,4.0,3.0,4.0,3.1,3.0,39.0,33.0,9.0,12.1,10.1,2.0,27.5,26.0,39.6,39.6,31.4,48.5,2.1,3.1,5.1,3.0,34.7,34.0,32.0,31.7,3.0,1.0,4.0,4.0,28.4,32.7,1.0,3.1,31.0,31.0,33.7,26.3,2.0,3.0,10.9,8.9,8.0,5.1,13.0,12.1,17.2,19.0
1772939009.3955958,10.4,7.0,30.0,34.3,36.4,45.0,4.0,4.1,3.0,3.1,4.0,2.1,45.5,33.0,12.1,11.2,4.0,3.0,18.2,19.2,41.6,41.0,20.2,40.6,4.0,3.0,5.1,6.1,39.0,40.6,24.8,16.2,3.0,3.0,3.1,3.0,25.3,26.0,5.0,3.0,31.7,30.4,36.7,35.4,4.0,5.0,7.1,9.3,4.1,6.9,4.0,4.0,17.0,12.2
1772939010.3972204,12.1,10.1,28.6,33.3,39.6,42.0,2.0,3.1,3.1,3.0,4.0,4.0,40.0,38.6,14.1,17.2,1.0,2.0,27.0,28.0,39.6,42.7,21.8,40.6,2.0,3.0,4.0,3.1,32.7,39.2,23.5,13.0,4.0,2.0,5.0,2.0,26.3,24.0,2.0,3.0,30.3,30.0,38.0,28.7,1.0,3.1,8.0,8.0,4.0,4.1,1.0,3.1,13.0,13.3
1772939011.398698,11.1,9.0,21.0,27.7,37.4,39.0,3.0,4.1,3.0,4.0,3.0,4.0,36.0,35.6,19.4,18.2,2.0,3.0,24.2,26.0,39.6,39.2,26.7,35.0,1.0,3.0,6.1,3.0,37.4,25.0,31.7,10.0,3.1,2.0,2.0,4.0,25.7,27.7,4.0,3.0,31.7,31.0,27.0,28.3,1.0,3.0,7.1,7.0,6.0,5.1,8.0,6.1,14.1,14.0
1772939012.3989754,10.4,6.0,26.8,29.3,37.0,38.0,3.0,9.1,5.1,9.2,2.0,3.1,39.2,37.0,12.1,13.1,12.2,11.2,14.0,17.0,41.2,40.0,26.3,30.3,3.0,3.0,1.0,3.0,46.5,32.0,28.3,11.1,3.0,2.0,2.0,2.0,24.5,20.4,1.0,2.0,31.7,30.7,32.7,31.0,3.0,1.0,6.0,5.1,5.0,5.0,21.0,20.0,10.0,11.2
1772939013.3999655,12.5,12.1,21.2,22.2,37.5,35.4,4.1,5.0,5.0,3.1,6.1,5.0,34.0,29.0,15.2,17.0,5.1,9.0,39.6,32.0,36.3,36.3,31.4,41.6,4.0,5.1,9.1,6.9,26.3,32.3,32.0,31.0,12.1,6.1,3.0,2.1,41.2,43.6,6.1,2.0,25.0,24.2,25.0,27.0,4.0,4.0,11.1,10.0,9.1,8.9,15.0,16.0,20.4,27.5
1772939014.40005,15.2,10.1,24.0,16.3,39.0,36.6,3.0,5.1,5.1,3.1,5.1,4.0,29.7,37.6,25.3,26.3,13.0,10.2,33.7,34.7,40.0,37.6,31.3,32.0,3.1,5.0,6.1,6.1,37.0,25.7,40.0,32.3,7.0,4.0,3.1,7.1,35.0,37.6,6.0,3.1,12.1,12.1,20.2,31.7,2.0,4.0,10.1,8.2,7.0,6.2,10.2,12.1,21.8,19.4
1772939015.4010298,12.2,9.1,14.3,18.0,34.0,37.4,5.1,1.0,18.4,14.1,7.0,5.1,25.3,33.3,32.3,26.3,13.3,9.9,37.6,33.3,36.6,38.4,20.8,38.2,4.1,3.1,5.1,7.1,26.0,24.2,41.4,20.0,9.2,5.1,2.0,4.1,41.4,41.4,5.1,3.0,20.0,16.0,21.0,23.2,4.0,3.0,30.0,12.1,4.1,9.0,21.8,24.2,18.4,22.0
1772939016.4011152,12.0,9.3,20.0,17.3,37.4,33.0,5.1,3.0,6.1,4.1,19.4,7.0,31.0,32.7,23.2,17.5,7.1,8.2,33.3,34.3,40.6,40.6,9.0,27.3,4.0,5.1,10.1,8.0,30.0,34.0,44.0,34.0,4.0,4.0,3.1,3.1,39.0,40.0,4.0,4.0,24.8,23.0,23.2,23.0,1.0,4.1,8.2,9.1,5.2,6.1,11.2,13.1,23.2,17.2
1772939017.4011977,13.1,10.0,18.4,17.5,40.8,39.0,4.0,3.1,13.0,3.1,24.0,4.0,35.6,31.0,19.2,16.3,6.1,10.1,37.3,34.0,35.6,40.6,21.8,22.5,2.0,6.0,5.0,5.2,29.3,30.3,41.2,40.4,6.1,2.0,5.1,4.0,43.0,36.6,2.0,4.1,20.6,23.0,21.2,22.2,4.1,4.0,10.0,11.1,6.1,7.1,25.0,24.5,15.2,25.0
1772939018.4071536,11.3,10.0,22.2,18.0,32.7,34.7,2.0,4.0,3.1,3.0,20.2,7.9,31.3,32.7,18.2,20.0,9.0,3.1,33.3,41.6,40.6,35.6,22.2,37.6,2.0,4.1,7.1,7.9,30.4,31.7,25.3,42.0,5.0,5.1,3.0,3.0,43.4,40.4,3.0,3.0,22.5,21.8,24.0,27.3,4.0,2.0,11.0,7.0,7.0,6.1,9.0,12.0,26.7,16.3
1772939019.4126236,10.4,8.1,12.1,19.2,42.0,34.0,7.0,3.0,9.1,4.1,6.1,4.1,30.7,33.7,24.8,27.3,9.2,16.2,36.6,32.7,38.6,35.3,29.7,51.5,4.0,4.0,6.0,9.0,33.0,27.0,29.7,30.0,5.0,1.0,3.0,3.0,41.6,40.6,4.0,16.3,40.0,41.0,16.2,25.7,1.0,5.1,7.1,7.9,5.1,8.0,12.0,12.1,21.2,19.0
1772939020.4149458,13.9,10.0,26.7,19.8,38.0,41.0,7.1,3.0,8.2,16.3,6.0,4.0,36.0,40.0,26.0,30.0,10.0,3.1,35.4,24.2,40.6,39.6,31.4,52.0,7.1,5.9,7.0,4.0,37.0,28.0,34.3,38.4,3.0,3.0,4.0,3.1,30.7,30.3,8.1,8.9,41.6,39.0,27.7,30.0,3.0,5.0,8.9,7.2,8.0,8.0,27.0,28.0,16.2,18.4
1772939021.4151568,9.5,8.1,25.0,18.6,35.0,44.6,10.0,3.1,6.0,5.0,3.0,3.0,29.3,35.6,11.1,12.1,3.0,3.0,30.0,18.0,40.2,39.6,22.0,41.0,5.0,1.0,7.0,3.0,31.7,30.4,39.6,40.6,3.0,2.0,1.0,3.0,30.7,29.4,3.0,2.0,39.0,41.6,32.7,23.5,1.0,10.0,9.1,6.1,4.0,5.1,4.0,4.0,20.2,14.0
1772939022.415239,14.3,9.0,27.6,25.5,45.9,33.3,4.1,3.1,10.3,6.2,4.1,5.1,35.0,34.3,9.2,15.2,14.4,12.2,30.0,35.0,42.0,41.0,21.2,40.4,5.1,3.1,2.1,7.1,37.4,39.4,42.4,35.4,3.0,3.1,1.0,3.1,33.3,39.0,1.0,2.1,37.0,38.0,27.6,30.6,30.0,8.2,13.0,10.0,8.1,6.2,9.2,12.1,21.0,23.5
1772939023.4161062,12.2,9.1,17.0,24.8,36.4,42.2,3.0,5.9,4.9,3.0,4.0,4.0,35.0,40.2,12.0,14.1,3.0,2.1,28.3,31.0,41.7,39.8,25.7,21.0,4.9,4.0,5.9,4.0,31.7,32.7,37.6,38.2,4.0,3.0,3.0,3.0,34.7,32.7,4.0,4.0,29.0,30.7,24.8,32.3,28.0,4.9,10.1,10.8,6.0,7.8,15.8,17.2,15.2,20.2
1772939024.4183693,12.4,8.1,27.3,20.6,40.4,36.0,5.1,4.0,3.1,3.1,5.1,3.1,39.6,31.3,25.3,22.4,10.1,3.0,23.0,16.0,39.4,39.0,36.0,21.8,5.1,2.1,4.1,4.0,34.3,32.3,22.0,28.3,2.0,3.1,3.0,3.0,23.2,21.4,1.0,2.0,30.3,30.3,25.3,33.7,16.2,1.0,7.1,6.1,5.1,5.2,21.2,22.0,11.1,15.2
1772939025.422197,10.4,6.9,31.0,27.7,38.4,43.0,3.0,4.1,5.0,3.0,4.1,4.0,37.4,39.0,20.4,20.2,1.0,3.0,21.0,19.2,41.6,43.1,33.0,28.0,2.0,3.0,6.9,3.1,39.0,41.6,31.7,10.2,2.0,2.0,2.1,2.0,27.0,28.4,2.0,1.0,29.3,30.3,36.0,35.0,2.0,2.0,6.1,7.1,2.0,6.0,4.0,4.0,12.1,14.1
1772939026.4222648,11.6,11.0,18.6,27.0,36.4,40.0,4.1,3.0,3.1,7.1,5.1,7.1,35.3,38.0,15.2,22.2,13.1,11.0,34.3,32.0,41.0,38.6,31.7,31.7,4.0,5.1,7.0,7.0,35.0,29.3,28.3,13.0,4.1,5.1,4.0,6.0,34.7,35.0,2.0,3.1,30.7,31.0,33.3,25.0,2.0,4.0,9.1,7.1,5.2,8.2,8.2,6.2,23.0,19.4
1772939027.4223454,13.1,7.1,19.4,22.2,38.4,37.6,2.0,3.0,10.1,5.0,5.1,3.0,35.0,28.3,10.2,12.0,4.0,4.0,24.2,26.7,39.2,40.6,36.6,21.2,3.0,3.0,2.0,6.1,28.7,29.7,17.2,29.3,4.1,3.0,3.0,5.1,32.0,32.7,3.0,5.0,28.6,30.0,24.0,27.0,2.0,3.0,7.1,7.0,5.9,4.0,5.1,8.1,12.1,18.2
1772939028.4235797,16.0,11.1,22.0,21.0,34.3,40.6,5.1,4.0,16.3,8.2,6.9,5.1,34.0,28.0,21.0,23.2,3.1,9.1,35.3,41.6,37.6,41.2,21.8,22.0,6.1,3.0,8.0,10.0,33.0,33.7,41.7,20.8,6.1,3.1,3.0,3.0,44.0,41.6,5.0,3.1,30.7,31.0,24.0,27.0,3.0,5.1,10.0,13.1,8.0,8.1,30.0,30.0,22.0,24.0
1772939029.4236486,10.3,6.1,34.7,29.9,46.5,36.4,4.0,1.0,4.0,4.1,2.0,5.1,40.6,37.6,30.6,31.3,3.1,4.1,20.4,25.0,41.6,40.0,29.3,33.0,4.0,3.1,3.1,2.0,35.4,41.4,39.8,21.2,3.0,5.0,3.0,3.1,21.2,21.0,1.0,3.0,30.0,30.6,35.0,39.4,1.0,3.1,5.2,9.1,3.0,7.0,3.0,5.1,14.1,11.2
1772939030.4243312,17.2,22.2,25.3,26.3,38.1,40.0,5.1,3.1,12.1,4.1,5.0,8.2,39.0,38.6,25.3,23.5,18.2,16.3,39.4,39.0,41.0,41.6,50.5,30.7,4.1,4.0,8.2,7.1,31.0,36.6,41.0,36.0,5.1,4.1,2.0,2.1,42.0,42.0,9.2,12.2,30.6,31.0,32.3,31.7,3.0,6.1,10.1,10.2,6.1,8.3,14.4,15.2,23.2,23.5
1772939031.4265084,13.4,10.0,20.0,19.2,33.7,44.0,4.0,3.1,4.0,4.0,5.1,3.0,32.0,32.0,17.3,15.0,5.1,2.0,32.3,33.7,38.2,38.6,37.0,45.5,4.0,4.0,5.0,7.1,28.7,34.7,41.0,40.2,7.0,4.0,5.2,2.0,35.0,39.0,21.0,20.4,34.0,30.0,26.0,24.5,4.1,3.0,11.1,7.9,7.0,7.8,23.8,21.0,21.0,18.0
1772939032.4283698,15.0,11.1,21.4,17.3,38.8,37.0,3.1,4.0,3.1,10.1,5.9,4.0,33.0,35.0,24.0,18.6,10.1,15.2,29.0,38.6,37.3,35.4,30.7,50.5,6.1,2.0,8.9,5.1,30.0,32.3,40.2,29.0,7.9,4.0,6.9,4.0,39.6,36.0,9.1,9.1,30.7,31.3,19.2,25.7,2.0,4.0,8.9,10.0,5.1,7.1,9.1,12.9,22.0,21.0
1772939033.4335651,11.5,7.1,22.2,20.0,38.4,37.6,3.1,1.0,12.0,6.2,3.0,6.0,30.7,33.7,24.2,25.0,10.1,3.0,27.3,27.7,40.0,41.7,20.8,41.2,4.0,2.0,3.1,7.1,26.0,36.9,35.4,22.0,5.1,5.0,3.1,4.0,36.0,28.7,12.1,12.2,30.0,31.0,25.3,26.3,3.0,2.0,10.0,8.1,4.0,7.9,9.0,9.1,18.0,14.3
1772939034.4343412,12.2,9.0,25.0,18.6,36.4,39.4,5.0,3.0,9.2,4.1,4.0,4.1,37.0,39.4,21.2,22.2,3.0,3.0,30.0,23.2,39.6,40.2,21.0,41.6,2.0,3.0,4.1,5.0,37.6,33.7,25.3,24.2,4.0,1.0,3.0,3.0,36.0,30.0,1.0,4.0,31.4,32.0,29.0,29.3,3.0,1.0,5.1,5.1,5.9,7.1,18.2,19.2,16.0,18.2
1772939035.4347668,13.9,11.0,29.0,24.2,38.6,39.0,4.0,3.1,2.0,8.9,3.1,5.1,28.6,39.2,13.0,11.2,8.2,6.1,28.3,26.3,40.2,40.0,27.5,46.5,3.0,2.1,3.1,7.1,31.0,41.6,26.0,42.0,4.0,4.0,4.0,3.0,35.6,33.0,2.0,2.0,20.2,21.0,36.0,29.7,2.0,6.1,10.1,11.1,5.1,6.2,9.1,9.0,19.4,15.3
1772939036.4363127,13.0,11.0,17.3,11.2,42.9,28.7,4.0,5.0,4.1,6.2,5.0,5.1,28.4,31.3,13.3,15.2,8.2,14.1,30.7,35.6,34.7,38.6,37.0,41.6,4.0,5.1,8.0,8.1,34.0,28.7,45.0,36.0,3.0,5.1,3.0,4.0,40.4,36.4,4.0,4.0,12.1,13.9,26.7,17.2,3.0,4.1,10.0,9.9,6.1,6.0,15.8,15.3,20.2,15.0
1772939037.437192,10.3,9.3,16.3,20.2,32.7,39.4,4.0,3.1,6.1,5.1,5.1,7.0,32.7,31.7,37.8,35.7,7.1,12.2,37.6,33.0,39.6,39.0,32.3,45.0,5.0,7.9,5.1,10.1,25.0,33.3,25.3,36.4,2.0,6.0,1.0,2.1,38.4,42.6,3.0,4.1,20.0,16.0,23.0,23.2,2.0,5.1,10.2,7.1,9.1,5.2,17.3,20.8,24.2,20.2
1772939038.437276,15.2,11.2,23.2,23.5,40.8,37.6,5.1,5.1,15.3,8.3,6.1,4.1,46.5,31.3,33.0,34.3,7.1,12.2,35.7,37.4,42.6,38.2,39.6,42.0,4.0,4.1,7.0,11.1,40.0,34.3,32.7,41.0,4.1,3.0,10.1,4.0,40.2,37.0,1.0,4.1,23.2,21.4,30.3,31.7,2.1,3.1,12.0,10.2,7.1,10.1,20.0,21.0,24.5,26.8
1772939039.4376276,9.4,9.2,13.1,19.2,32.7,33.7,3.0,4.0,5.1,11.2,3.1,6.0,27.3,36.0,10.1,12.1,10.0,5.1,35.3,35.0,36.6,39.6,36.0,44.0,4.0,4.0,6.1,8.0,27.3,33.0,40.0,40.6,4.0,5.1,9.1,3.1,42.4,39.0,8.0,3.0,22.4,27.7,26.3,20.2,3.0,4.0,9.0,8.1,6.0,7.1,17.0,18.2,22.2,19.0
1772939040.4385734,12.2,11.8,17.0,20.0,41.8,36.0,5.1,2.0,6.1,5.1,6.0,5.1,35.6,30.3,18.2,11.1,14.3,7.1,34.3,34.7,36.0,40.2,17.0,30.0,4.0,4.1,8.0,5.1,33.7,30.0,23.0,41.0,3.0,2.1,4.0,5.0,39.0,43.0,4.1,2.0,34.7,40.0,29.7,18.2,6.0,4.0,12.0,11.1,7.1,6.1,15.0,17.2,23.2,19.2
1772939041.443308,15.2,9.2,23.2,20.2,34.0,43.0,6.0,2.0,4.1,5.0,7.1,4.0,33.7,33.0,35.4,31.6,8.0,2.0,40.4,28.3,40.2,41.0,7.1,21.8,3.0,5.0,7.1,6.1,32.3,31.1,13.1,39.0,4.0,4.0,2.0,3.0,38.2,42.2,4.1,2.0,41.6,40.0,30.3,23.0,1.0,5.1,8.2,9.0,6.2,8.1,16.2,16.0,23.2,21.4
1772939042.4465632,12.1,8.1,21.4,19.0,36.4,38.0,7.1,4.1,18.4,7.2,8.1,7.1,33.3,32.0,33.0,31.6,11.2,17.2,39.0,37.0,39.6,38.2,38.0,30.0,6.0,5.1,11.0,12.1,26.5,39.0,32.0,40.0,5.1,5.0,2.1,2.1,42.4,39.0,4.0,4.1,40.6,40.6,21.2,29.3,4.1,5.1,10.2,12.0,9.1,8.1,22.4,23.2,29.3,22.0
1772939043.4480917,12.2,9.1,19.6,20.0,38.1,40.4,4.1,2.0,12.1,14.1,4.0,5.1,33.7,33.0,12.1,14.1,12.1,5.0,33.3,35.0,36.6,42.0,25.7,44.6,3.1,5.1,6.1,8.0,37.4,26.3,38.4,42.6,6.0,4.0,4.0,4.0,40.6,39.4,6.1,6.1,40.4,41.6,25.0,23.0,2.0,2.0,11.1,10.1,8.1,8.2,14.0,15.2,24.2,20.2
1772939044.4498706,13.0,7.8,18.0,16.0,28.3,33.3,5.0,3.0,5.0,3.0,3.0,6.1,28.0,33.7,17.0,14.3,6.9,16.0,36.6,33.0,37.6,34.7,30.7,50.5,3.0,4.0,6.0,7.1,32.0,27.7,43.1,33.0,3.0,4.0,3.0,7.0,38.6,40.6,10.0,4.0,40.2,41.0,18.8,23.8,5.0,3.0,8.1,7.9,6.9,8.8,21.6,17.2,20.2,16.2
1772939045.4500523,12.4,9.1,17.5,21.4,39.4,40.4,3.1,3.1,3.1,5.2,5.2,5.1,30.9,38.4,34.4,29.6,10.3,6.3,36.7,32.3,39.0,38.0,31.0,51.0,4.1,5.1,9.3,3.1,34.3,29.6,42.4,38.4,5.1,4.1,2.1,4.1,42.0,42.6,8.2,8.2,41.0,41.4,21.4,22.2,4.1,4.1,12.2,10.2,8.2,6.2,18.6,19.2,22.2,25.3
1772939046.4534588,15.2,14.1,21.4,20.2,39.8,35.6,5.1,5.9,24.2,7.1,6.1,3.1,36.0,32.0,31.3,33.3,14.1,13.1,31.3,41.6,40.6,39.6,31.0,50.5,5.0,5.1,7.1,8.0,27.3,33.7,39.4,41.6,7.1,2.0,5.1,1.0,39.0,41.0,5.2,12.2,41.0,40.6,23.2,25.0,4.1,2.0,9.2,13.1,8.2,10.3,23.0,21.2,21.0,24.5
1772939047.4562082,11.2,9.9,18.2,14.9,33.0,36.0,3.1,3.0,8.0,5.1,4.0,6.0,32.0,32.0,16.2,14.1,14.1,2.0,29.0,31.0,33.0,38.2,36.6,43.1,3.0,4.0,6.9,7.0,28.0,25.0,41.6,36.4,7.1,3.0,4.0,3.0,37.0,39.6,11.1,13.1,38.6,38.0,20.8,19.0,3.0,5.0,7.0,7.1,6.1,7.1,8.0,10.9,19.2,19.0
1772939048.456516,13.5,10.2,20.4,19.2,36.1,40.0,10.1,2.0,8.2,4.1,4.1,4.1,31.7,29.3,13.1,10.2,22.2,3.1,36.0,36.4,38.2,40.6,31.0,48.0,5.2,4.0,6.1,9.2,30.3,36.0,31.7,29.3,3.1,5.1,3.1,4.0,42.6,40.0,3.1,4.1,31.3,30.0,23.2,24.2,2.0,3.1,8.1,12.1,10.2,9.0,21.2,18.2,21.2,23.2
1772939049.459197,11.2,9.1,20.0,14.3,35.7,38.0,5.1,3.1,4.1,5.1,6.0,3.1,36.4,26.7,27.3,33.3,6.2,7.1,39.0,27.0,37.6,37.0,39.0,41.0,5.9,3.1,7.1,8.1,34.7,30.3,18.2,25.0,6.1,2.0,5.9,4.0,40.4,40.4,2.1,2.0,31.7,30.3,25.3,22.0,4.0,3.1,10.9,7.1,7.1,7.1,16.2,16.2,20.2,16.3
1772939050.4600248,13.1,7.2,22.4,14.4,43.0,29.3,4.0,3.1,13.1,12.4,5.1,7.9,37.0,35.0,33.7,36.6,20.0,7.1,33.3,36.0,38.2,37.6,38.6,41.6,4.1,5.0,10.1,6.1,28.6,33.7,10.3,36.4,6.1,2.0,2.0,4.0,39.6,42.6,4.1,3.1,31.3,31.0,24.5,23.2,3.0,2.0,9.3,8.1,8.0,9.0,21.2,20.2,24.2,21.4
1772939051.460265,12.2,10.0,14.3,17.2,35.7,33.0,3.0,2.0,9.2,10.0,4.0,4.1,24.2,30.0,15.2,17.5,1.0,5.1,34.0,29.6,39.6,36.0,28.7,44.1,5.0,5.1,7.1,6.0,27.0,31.3,20.8,41.0,4.0,4.0,2.0,5.1,39.0,39.4,3.0,3.1,30.0,29.3,18.0,22.2,3.1,4.0,7.9,9.1,3.1,9.0,21.0,18.4,14.3,19.2
1772939052.467994,11.0,9.1,18.8,11.2,39.0,35.0,2.0,2.0,5.0,6.0,3.1,4.0,28.7,32.0,4.1,16.0,17.6,12.1,29.0,37.6,34.0,35.9,30.7,32.7,4.0,2.0,8.8,7.1,25.7,26.7,6.1,40.6,4.0,3.0,3.0,1.0,38.6,38.6,1.0,3.0,37.0,40.6,21.8,20.0,2.0,2.0,8.1,7.9,6.9,4.1,9.0,7.0,14.0,22.2
1772939053.4680803,11.3,10.1,20.6,22.0,35.1,36.6,5.1,4.0,6.0,4.0,5.1,5.1,34.7,30.0,16.3,28.0,3.1,12.1,37.0,32.0,35.7,38.0,30.3,34.0,4.1,7.9,7.1,9.0,32.0,36.4,14.1,39.0,4.0,4.1,4.1,3.0,38.0,39.6,24.5,6.1,30.0,32.0,27.0,26.0,3.0,4.0,10.1,8.2,6.2,8.0,26.3,25.3,26.0,20.2
1772939054.4685411,12.4,8.0,16.0,23.0,35.7,38.4,2.0,3.1,10.3,4.1,5.1,3.0,26.0,30.0,37.0,33.3,14.1,10.1,30.0,34.3,37.3,43.6,25.7,43.0,3.0,3.1,5.1,8.1,31.3,27.0,33.0,43.4,3.1,2.0,4.0,5.0,39.0,36.0,23.5,14.4,30.0,31.7,26.3,21.0,2.0,3.1,8.0,8.9,4.0,6.1,14.1,13.1,14.1,20.0
1772939055.468631,12.1,7.1,21.2,22.4,43.0,34.7,5.1,2.0,4.0,7.2,5.0,2.1,30.3,30.3,24.5,25.5,9.1,8.1,28.6,31.3,36.0,34.7,21.2,40.6,3.0,4.0,6.0,4.1,34.3,25.3,36.0,45.5,4.0,3.1,5.1,2.1,36.7,35.6,8.1,19.0,24.0,23.2,23.2,26.3,2.0,1.0,7.1,8.0,6.1,6.1,7.1,9.0,17.3,20.4
1772939056.4938924,14.1,8.9,25.7,21.6,38.0,36.3,4.0,3.9,17.2,13.6,4.0,5.8,34.0,37.9,9.8,6.9,3.0,4.0,31.1,42.7,38.8,36.5,24.0,43.3,4.9,5.9,8.8,7.9,35.3,36.5,26.2,39.6,4.0,4.0,3.0,5.0,38.1,40.2,2.9,8.9,16.5,18.3,32.0,26.5,3.9,7.8,13.9,6.9,5.9,8.8,31.1,29.4,21.6,22.0
1772939057.4953656,12.2,8.0,17.2,17.0,37.8,35.0,4.0,3.0,3.1,2.0,5.0,4.0,28.0,28.3,9.3,17.2,20.2,9.1,34.7,31.0,35.6,35.0,23.0,40.0,5.1,3.0,5.1,4.0,20.0,32.0,20.2,23.8,4.0,5.0,3.1,2.0,40.0,39.0,2.0,3.0,11.1,13.1,19.0,20.0,4.0,8.2,9.0,8.1,6.1,4.1,5.1,6.2,16.2,20.2
1772939058.4954634,13.3,12.0,22.0,21.6,38.4,37.0,6.0,3.0,4.0,4.0,4.0,4.1,32.0,32.0,38.0,39.4,3.1,4.0,33.3,35.6,39.6,38.2,24.0,45.1,4.0,4.0,8.0,9.2,37.6,33.3,22.0,20.0,3.0,5.0,3.1,1.0,38.4,41.0,3.0,4.0,15.8,19.8,31.0,22.2,9.2,6.1,11.0,11.9,7.1,9.0,15.2,16.2,25.3,22.8
1772939059.4958925,13.0,11.3,20.4,22.0,38.6,38.0,6.1,4.1,8.1,9.3,5.1,6.1,30.0,37.3,30.6,31.3,17.2,15.3,37.6,33.3,37.6,37.0,25.0,42.6,4.1,4.0,8.2,9.2,31.3,28.7,38.0,21.4,4.0,4.1,3.1,4.0,41.6,43.0,2.1,3.0,22.4,20.4,26.7,27.3,9.1,5.1,9.2,8.2,10.1,7.1,27.0,27.0,23.8,23.5
1772939060.4959784,11.3,8.0,19.2,17.0,33.0,36.0,4.1,2.0,11.3,12.2,6.1,4.0,33.3,26.3,16.2,13.1,4.1,3.0,29.6,32.0,37.6,40.6,33.7,31.0,5.0,2.1,4.1,7.0,26.0,24.0,37.6,20.0,3.1,3.1,5.1,1.0,41.0,36.4,4.0,1.0,28.7,33.7,21.6,25.0,4.1,3.0,6.1,8.0,6.1,5.1,17.0,12.0,21.4,16.3
1772939061.4960723,11.3,12.0,17.5,28.6,35.7,38.0,4.0,5.1,8.0,10.3,6.0,4.1,35.0,35.0,8.4,11.3,12.2,9.2,42.0,33.0,38.0,41.0,46.0,35.4,4.0,4.0,9.9,9.0,33.0,33.7,43.4,34.3,3.0,4.0,4.0,6.1,42.0,39.6,4.1,5.0,34.3,40.6,29.3,27.0,4.0,2.0,10.0,11.1,8.8,7.1,15.3,16.3,24.2,24.2
1772939062.4961538,16.8,10.2,17.0,19.4,32.3,38.0,5.1,2.0,4.1,4.0,3.1,4.1,30.7,34.0,37.3,25.3,6.1,9.2,36.4,27.6,37.6,41.7,40.6,41.2,3.0,5.1,8.2,6.0,35.4,29.7,37.4,39.0,5.1,3.1,4.1,4.0,40.6,40.0,3.1,2.0,41.0,39.0,23.2,21.2,4.0,5.1,7.1,6.1,8.1,7.1,25.5,23.0,17.3,22.2
1772939063.4966357,13.3,9.2,21.2,18.2,38.8,38.6,2.1,3.0,13.1,6.2,6.1,8.0,38.0,30.0,30.9,30.3,14.1,12.2,39.0,37.4,38.2,39.6,35.0,46.0,6.0,3.1,5.0,9.2,30.3,29.3,34.0,27.3,3.1,4.1,2.0,2.1,43.0,39.6,3.1,4.1,40.6,41.0,27.3,21.0,2.0,5.1,12.0,11.0,6.1,7.1,9.1,10.1,28.0,19.0
1772939064.4978125,15.2,13.0,18.4,18.0,40.0,32.7,5.0,6.1,13.3,18.0,5.9,5.0,36.6,32.7,26.0,16.3,6.1,9.1,33.7,35.3,40.6,34.7,30.4,37.6,4.1,5.9,11.1,5.1,31.4,27.3,39.0,23.8,5.0,3.0,3.1,2.0,42.4,40.4,4.0,3.0,40.0,41.2,21.0,24.8,4.0,1.0,8.1,9.0,6.1,8.0,25.3,27.3,21.2,23.0
1772939065.498938,10.3,6.1,20.0,14.3,39.8,34.0,4.0,5.1,4.1,5.1,2.1,5.1,23.5,30.3,11.2,11.2,8.2,4.1,35.0,31.6,38.6,35.6,31.3,31.0,2.0,5.1,11.2,6.2,16.2,36.0,40.6,3.1,3.0,4.0,4.0,2.0,42.2,40.0,3.1,1.0,40.0,41.0,19.0,17.3,2.1,4.0,7.1,8.1,4.1,6.1,17.2,18.0,20.2,14.4
1772939066.5119727,14.0,11.8,20.0,16.0,38.0,37.6,3.1,5.0,5.9,2.0,2.0,5.1,37.6,26.0,24.2,34.7,10.9,14.9,33.0,36.9,38.2,38.6,47.5,31.4,3.0,5.0,6.0,13.9,34.3,28.7,40.0,24.0,2.0,6.0,4.0,4.9,38.6,44.6,3.0,5.0,40.2,41.7,23.0,22.5,3.0,2.0,9.0,7.1,6.1,8.0,17.6,15.2,18.2,22.0
1772939067.516322,14.0,9.2,16.5,17.2,35.1,40.0,3.1,3.0,4.1,12.1,5.1,3.1,34.7,31.0,30.3,30.6,8.2,15.2,34.0,32.3,36.0,38.6,43.1,22.0,4.0,3.1,7.0,8.0,33.0,28.0,40.6,40.6,4.0,2.0,3.0,2.0,37.6,38.6,2.0,6.1,41.0,39.6,27.5,24.2,2.0,4.0,10.0,7.1,6.1,5.1,32.7,31.7,22.5,21.2
1772939068.5175612,13.1,6.1,15.0,15.3,40.4,30.0,8.1,2.0,21.0,18.2,3.1,5.1,32.3,33.0,31.3,18.4,9.9,3.1,35.6,29.0,39.2,40.2,42.2,21.8,5.0,5.9,6.1,9.0,27.3,27.0,41.6,39.0,4.0,5.1,1.0,4.0,43.0,37.6,16.2,3.1,37.0,37.0,24.5,21.0,3.0,1.0,8.1,9.9,7.9,6.1,9.2,10.1,16.3,21.2
1772939069.517657,12.4,8.0,16.5,17.3,35.1,37.4,5.1,3.1,4.0,3.1,8.9,3.1,27.0,32.0,15.0,13.1,7.2,16.0,36.6,30.3,36.0,40.6,38.4,24.2,3.0,6.0,10.1,5.1,28.7,29.0,47.0,34.7,5.1,2.0,2.0,3.1,39.0,40.4,10.1,9.1,29.3,31.3,25.3,25.3,3.1,4.0,8.2,10.1,5.2,9.3,25.0,28.0,23.0,19.2
1772939070.5181549,11.2,8.2,18.4,18.0,39.4,40.2,5.0,1.0,4.1,10.0,5.1,5.1,39.0,25.0,29.3,28.0,3.0,13.1,36.6,36.0,39.2,35.3,24.2,43.6,3.0,3.1,10.0,5.1,26.3,34.0,39.4,38.0,4.0,4.0,4.0,4.0,46.0,39.6,2.1,4.0,30.7,31.3,25.0,20.8,2.0,4.0,12.1,10.1,8.1,6.1,15.3,17.2,21.4,18.2
1772939071.521313,13.3,11.0,20.0,15.5,33.7,37.0,8.2,3.0,8.1,7.2,5.1,5.9,31.0,36.0,32.7,33.7,7.2,14.3,30.3,36.0,38.0,37.0,31.7,34.0,6.0,5.0,8.1,8.0,28.0,25.3,25.3,35.0,4.1,4.0,6.1,3.0,40.6,42.6,2.1,2.0,30.3,31.0,20.0,25.0,3.1,3.1,8.1,8.1,5.1,8.1,17.0,18.2,21.2,21.0
1772939072.5224166,15.3,8.1,23.0,21.0,43.9,36.0,5.1,7.1,16.0,21.4,6.1,6.1,36.0,29.0,22.2,24.7,12.0,9.9,32.0,38.2,40.2,38.6,31.7,30.7,5.0,3.0,7.1,8.0,35.4,26.7,37.0,20.2,4.0,5.1,2.0,2.0,44.0,37.0,5.0,2.1,34.0,33.0,27.3,27.6,4.0,2.0,8.1,10.0,7.0,8.0,27.0,30.0,27.0,20.0
1772939073.5267818,11.1,9.2,17.3,19.6,36.4,38.0,4.0,4.0,5.0,3.0,4.2,4.1,34.7,30.7,10.2,15.2,5.1,10.2,37.0,36.0,43.0,38.2,31.7,33.0,4.0,5.9,5.1,9.1,28.7,36.4,40.6,20.2,4.1,3.0,3.1,2.0,39.0,41.0,0.0,5.2,38.0,39.0,18.8,25.7,2.0,3.0,11.0,7.1,7.0,8.1,10.0,12.0,20.0,18.4
1772939074.529539,14.4,9.1,21.2,25.5,37.5,36.0,5.2,5.1,12.4,4.1,7.0,4.1,38.4,40.0,28.3,23.5,15.2,4.1,35.4,38.4,39.2,37.6,24.0,28.7,3.1,6.1,6.0,8.2,36.0,31.0,30.0,14.0,6.1,3.1,3.0,5.1,39.2,40.4,17.2,5.1,30.7,31.0,26.3,27.3,3.1,4.0,8.1,13.1,7.1,8.2,24.2,22.4,27.6,24.0
1772939075.5296118,10.3,12.0,19.2,17.2,34.7,41.0,5.9,2.1,6.0,6.0,4.1,5.1,34.7,24.2,31.3,35.4,8.2,2.1,29.0,33.0,34.7,39.6,2.0,20.8,4.0,3.1,5.1,10.0,29.6,28.7,27.6,12.1,2.0,5.0,3.1,4.0,39.8,41.0,24.5,25.0,29.6,31.0,26.0,21.0,2.0,3.1,8.1,9.9,4.1,6.1,20.0,21.0,22.2,18.2
1772939076.53044,13.1,10.1,17.3,20.2,38.4,35.6,4.1,4.0,9.3,14.3,5.1,6.1,32.0,28.7,22.4,26.5,11.3,9.2,36.0,35.0,41.6,38.0,20.4,31.0,5.1,3.1,6.1,8.9,29.7,25.3,21.8,20.0,4.1,3.1,4.0,5.1,41.6,38.6,15.2,12.2,22.0,23.0,26.0,19.4,4.0,2.0,10.1,7.1,8.1,8.0,10.0,9.1,19.2,24.0
1772939077.5308273,11.2,8.1,19.2,14.1,37.8,37.4,4.0,3.0,7.2,8.1,5.1,6.1,31.0,27.6,11.1,12.1,9.9,2.0,30.0,36.0,35.6,35.6,38.8,44.6,4.0,3.0,9.1,5.1,23.0,25.0,18.4,23.2,4.0,4.0,1.0,5.1,41.0,41.0,4.0,1.0,17.2,17.0,22.0,20.0,4.0,5.0,9.1,7.0,6.1,4.1,29.3,30.0,21.2,18.2
1772939078.5324392,13.3,6.1,12.0,15.2,33.7,36.0,3.0,3.0,11.0,4.0,5.0,4.0,33.3,22.8,15.3,21.2,15.2,9.0,27.0,32.3,37.0,35.3,41.0,39.0,5.1,4.0,5.1,10.1,26.0,30.3,25.0,30.0,2.0,4.0,3.0,2.0,39.6,39.0,2.0,3.0,17.0,21.0,26.7,21.0,2.1,2.0,4.1,11.0,7.0,7.1,11.9,12.1,24.0,13.1
1772939079.535722,14.3,8.0,15.3,18.4,35.7,39.0,5.0,2.0,4.1,2.0,5.1,4.0,32.0,29.3,32.0,28.3,8.2,2.1,38.4,30.0,34.7,35.0,39.6,26.3,3.0,4.0,6.1,9.1,32.0,32.0,44.0,37.4,2.0,3.1,2.0,3.0,42.6,39.2,4.0,2.0,23.0,22.2,22.0,21.0,4.0,2.1,8.0,8.1,7.0,7.0,18.2,18.0,23.0,17.2
1772939080.5380924,11.3,9.2,23.5,20.2,43.4,34.7,3.1,3.1,10.1,10.2,5.1,4.0,31.0,34.3,30.6,30.3,8.2,16.0,37.0,34.0,41.0,40.6,28.7,22.5,4.0,3.0,8.0,6.1,24.2,34.7,35.4,32.7,5.0,4.0,3.0,4.0,45.0,36.0,1.0,2.0,28.0,23.0,25.0,27.7,3.0,4.0,11.1,10.2,4.1,9.0,23.0,24.2,19.4,20.0
1772939081.5393622,13.1,7.1,16.0,12.2,33.7,30.3,3.1,3.0,10.0,11.1,3.1,2.1,24.0,27.3,15.2,14.3,9.1,3.0,34.3,26.7,35.6,30.7,22.0,21.0,4.1,3.0,7.0,5.1,25.5,27.6,37.6,24.8,2.0,3.0,4.0,5.1,41.0,42.0,3.0,5.0,30.7,32.4,16.2,18.0,3.0,2.0,7.1,8.0,6.1,5.1,23.2,12.0,15.0,18.4
1772939082.5394974,12.2,10.0,17.5,17.3,40.8,35.0,5.1,1.0,10.3,8.2,3.0,7.0,24.2,36.4,15.3,17.3,8.2,12.4,40.6,31.3,39.6,41.6,42.0,26.7,5.1,4.0,7.1,7.0,37.6,25.0,15.3,36.4,30.0,4.1,3.1,3.0,41.0,41.6,8.2,6.1,42.4,38.0,26.0,28.0,5.0,2.0,8.2,9.1,8.1,5.1,32.7,27.3,28.3,16.2
1772939083.5405366,15.2,6.1,16.0,12.2,37.8,34.3,2.0,4.0,5.1,7.1,4.0,5.2,24.0,33.7,32.3,39.4,6.1,11.0,38.4,23.0,34.7,38.6,50.5,31.0,3.1,4.0,8.1,8.2,27.0,29.7,25.3,40.2,14.3,4.0,3.0,3.0,37.6,41.4,5.0,2.0,40.2,41.6,17.3,18.2,4.0,2.0,9.1,7.1,7.1,5.1,18.2,17.2,18.0,20.4
1772939084.5479307,11.3,8.9,16.2,19.2,35.0,37.0,3.0,3.0,10.1,12.0,5.0,6.0,33.0,29.0,32.3,33.0,10.1,14.3,36.0,34.0,37.6,37.6,50.5,30.7,5.9,2.0,3.1,9.0,28.0,24.0,40.6,41.0,28.0,4.0,1.0,1.0,42.0,37.0,1.0,3.0,41.0,40.0,23.8,20.2,2.0,4.0,9.9,10.0,7.9,6.2,16.0,17.0,19.0,20.0
1772939085.5480087,12.2,10.1,20.0,17.3,39.8,40.0,5.1,3.1,15.2,7.1,2.1,5.1,33.7,37.4,11.3,12.2,12.2,3.1,30.3,35.4,36.0,39.0,52.5,29.7,4.1,5.0,8.0,7.0,31.3,34.0,38.4,43.0,24.2,4.1,2.0,2.1,36.4,42.6,5.0,1.0,41.2,41.6,27.7,24.2,3.0,2.0,12.1,8.1,7.1,7.1,24.8,23.2,18.0,27.0
1772939086.5519476,9.4,8.0,16.2,15.2,35.4,31.4,4.0,2.0,9.1,4.0,5.0,3.0,29.0,29.7,15.0,14.0,7.1,12.0,37.0,33.0,39.2,37.3,47.0,25.3,4.0,4.0,6.1,6.1,30.0,26.3,37.0,41.2,19.2,4.0,2.0,4.0,40.6,40.0,5.1,4.1,39.0,41.4,20.2,25.0,3.0,4.0,6.0,9.0,5.1,5.1,14.0,16.8,19.0,19.2
1772939087.5552514,15.3,7.1,12.1,21.0,36.4,36.6,5.1,5.0,11.1,4.0,4.1,4.0,27.0,33.0,35.0,36.4,11.9,7.1,35.3,31.7,33.7,40.2,28.4,29.7,3.0,5.1,9.0,6.0,29.0,26.5,41.6,40.4,4.0,3.0,2.0,3.0,40.0,41.6,3.0,5.0,40.6,40.2,20.0,23.0,2.0,1.0,10.9,8.1,8.9,7.0,13.1,15.2,23.2,15.8
1772939088.5584195,17.3,11.9,16.2,16.2,36.1,37.0,3.0,3.1,6.1,10.2,9.2,5.1,32.3,33.3,34.7,32.7,12.4,12.2,31.3,40.0,38.4,38.4,30.3,48.5,4.1,5.1,8.2,7.1,28.7,26.5,39.0,41.6,6.0,4.1,1.0,4.0,41.2,39.6,13.1,2.1,39.4,40.0,22.2,20.0,5.1,3.0,7.2,9.0,7.1,6.3,25.0,27.0,19.2,23.5
1772939089.56017,12.9,10.1,17.2,21.2,42.2,31.0,1.0,3.0,13.3,16.2,7.1,5.0,36.6,25.7,14.0,11.1,3.0,10.9,36.0,39.0,35.6,39.8,34.3,46.5,4.1,5.9,6.1,7.1,27.3,37.6,36.0,36.6,5.0,3.0,4.0,3.1,40.0,42.0,17.2,10.1,29.0,31.7,27.7,22.0,1.0,3.0,9.0,10.1,7.0,9.0,8.2,10.1,20.2,22.0
1772939090.5628908,12.4,9.0,16.2,13.0,35.1,39.4,3.0,9.2,8.2,5.1,3.1,4.0,24.2,29.3,20.4,21.4,12.2,10.2,29.3,30.0,37.6,37.0,41.0,40.6,7.0,1.0,5.0,8.2,24.2,26.3,18.2,40.4,4.1,3.0,3.1,4.0,41.0,37.0,3.1,2.0,30.3,30.3,18.2,18.4,4.0,2.0,6.0,10.0,6.1,6.2,27.7,27.6,18.0,20.4
1772939091.5707505,12.4,8.2,20.0,17.2,33.3,32.0,1.0,1.0,5.1,3.0,3.0,5.1,28.0,26.0,35.4,32.0,8.1,7.1,32.0,33.7,37.6,36.3,27.7,34.0,3.0,5.0,7.1,5.9,31.7,27.0,18.0,19.2,5.0,5.0,2.0,2.0,42.0,36.0,2.0,2.0,31.0,30.3,19.0,21.0,4.0,2.0,7.0,8.0,7.0,7.0,11.2,13.0,18.0,16.0
1772939092.5728233,16.3,10.0,17.8,22.2,38.5,37.0,5.1,5.0,9.0,6.1,6.1,9.1,40.0,42.0,27.6,27.3,13.1,10.1,40.0,34.3,41.6,39.6,21.0,35.6,3.0,5.1,8.1,8.1,33.0,34.0,35.6,18.2,2.0,4.1,4.0,2.0,41.6,40.6,4.0,3.1,31.0,30.3,29.7,16.8,4.1,3.1,8.2,10.1,6.2,6.1,26.0,27.5,18.4,24.2
1772939093.5773425,13.1,7.1,21.0,16.2,36.7,39.8,4.0,3.0,15.3,12.4,6.0,6.0,33.3,33.0,19.2,16.3,12.1,2.1,37.0,37.6,37.6,38.6,27.0,25.7,5.0,9.1,9.0,6.0,26.3,31.7,30.3,10.1,4.0,5.0,3.0,2.0,39.2,42.6,4.0,3.1,38.2,34.0,27.3,23.0,3.0,3.0,10.9,10.1,8.9,10.0,17.0,18.2,23.0,22.2
1772939094.5774274,14.0,7.1,20.4,20.2,34.4,35.4,4.1,2.0,10.3,4.1,4.1,7.1,38.6,29.3,26.5,18.2,7.1,16.2,36.0,31.6,36.6,39.6,31.7,48.0,5.0,4.0,6.1,6.1,29.0,36.4,40.0,30.0,2.0,5.1,4.0,2.1,40.8,35.4,3.1,4.1,30.0,31.0,20.2,25.3,4.0,3.1,7.1,9.0,7.1,7.1,11.0,9.3,20.4,20.4
1772939095.5791488,13.3,10.0,18.2,12.2,38.0,35.6,5.1,0.0,5.1,3.1,4.1,5.1,34.3,27.0,30.3,29.6,7.1,10.1,32.3,33.7,33.7,37.6,30.0,51.0,2.0,4.1,8.9,6.1,30.0,27.0,41.4,39.6,5.1,3.1,5.0,5.9,42.6,41.0,29.3,26.0,31.3,30.0,18.8,26.7,2.0,4.0,7.0,12.0,6.9,7.0,35.6,35.6,24.0,16.0
1772939096.5792358,12.2,9.1,11.1,17.3,35.4,32.3,9.1,6.0,8.3,13.1,5.1,4.0,32.3,29.3,22.4,25.5,8.2,14.1,36.0,28.3,37.6,38.0,22.0,42.6,4.0,5.1,6.1,7.1,26.3,25.3,39.4,23.0,3.0,6.1,2.1,3.1,38.6,41.6,18.2,18.0,27.7,27.7,19.4,18.0,2.0,2.0,5.1,8.1,5.2,7.0,3.1,4.0,22.4,13.3
1772939097.5808225,14.3,10.1,19.2,24.8,36.4,42.0,10.2,2.0,9.0,10.3,5.1,7.1,30.3,35.6,17.2,17.3,7.1,14.1,33.3,36.0,38.0,36.3,20.8,40.0,4.0,5.0,7.1,9.0,27.7,37.6,41.6,25.0,3.1,4.0,4.0,3.0,38.4,40.0,3.0,2.0,21.0,22.2,29.7,28.0,4.0,2.0,11.1,8.1,8.9,7.1,26.0,29.0,24.0,24.0
1772939098.5809107,13.1,9.1,19.4,22.7,38.4,39.0,11.1,1.0,3.1,3.0,5.1,3.1,34.3,32.7,18.2,21.0,9.3,11.1,34.0,36.4,38.6,42.0,22.0,41.6,6.0,2.0,6.1,6.0,36.4,28.3,31.0,37.0,3.1,4.1,3.0,3.0,39.0,40.6,3.1,5.1,23.0,27.0,30.0,27.3,4.0,1.0,9.0,9.1,8.1,7.0,15.2,16.2,23.2,17.2
1772939099.5835078,12.4,10.1,20.2,18.4,40.0,32.4,4.1,2.0,4.1,11.2,3.1,5.1,25.7,35.0,30.3,21.0,14.0,10.1,33.3,32.0,39.2,35.6,37.0,44.1,5.1,5.9,6.1,8.1,31.0,30.7,19.2,38.0,4.0,5.1,3.0,5.0,39.6,43.0,3.0,6.1,22.0,22.0,24.5,22.0,4.0,3.0,9.1,8.0,6.1,6.1,4.1,4.1,23.0,22.2
1772939100.5835953,12.5,9.1,17.5,20.0,40.4,31.3,5.0,4.0,4.1,6.0,5.9,7.1,37.0,26.3,27.6,23.5,2.1,8.2,37.8,37.6,40.6,36.6,47.1,31.0,3.1,4.0,5.1,8.2,33.0,30.0,34.3,41.4,4.0,3.0,2.1,3.1,37.4,41.6,3.1,4.0,22.0,24.2,27.3,18.4,3.0,4.0,9.0,9.2,6.1,7.1,31.3,31.0,21.2,21.2
1772939101.5841246,15.0,9.1,17.0,18.4,32.3,36.6,2.1,6.9,15.3,20.2,5.1,6.1,33.0,28.3,23.2,19.4,22.0,7.1,25.0,46.5,35.6,37.3,33.3,29.0,3.0,4.1,9.1,8.0,37.4,25.0,33.0,48.5,4.1,6.1,5.1,3.1,42.0,41.0,3.1,2.0,26.5,32.7,21.0,23.5,3.1,1.0,10.1,9.1,8.0,9.0,14.0,14.0,24.0,19.2
1772939102.5842085,12.0,10.0,17.2,17.2,37.4,42.0,5.1,1.0,1.0,7.1,4.1,5.1,32.0,28.0,26.3,25.5,3.0,4.1,35.4,31.6,38.6,39.0,27.7,31.3,3.0,5.0,7.1,7.1,27.0,30.3,38.4,43.1,3.0,4.1,1.0,6.1,38.6,39.4,3.0,3.1,31.7,30.3,27.3,21.4,4.0,3.0,8.1,10.0,6.1,6.1,12.4,13.3,17.3,22.2
1772939103.5857348,10.2,5.1,23.0,28.3,42.0,33.3,4.0,2.0,10.9,6.1,4.0,2.1,31.3,39.0,26.3,20.2,8.1,9.1,24.0,17.8,38.6,44.1,20.2,36.3,3.0,2.0,5.1,4.0,35.6,35.6,34.7,29.3,3.0,4.0,4.0,5.0,21.8,22.0,2.0,5.0,31.0,31.7,34.3,32.0,6.0,2.0,6.1,4.1,4.0,4.0,31.1,28.4,17.8,11.0
1772939104.587593,10.2,9.0,27.3,27.3,34.7,44.6,4.0,4.0,2.0,6.1,5.0,4.0,38.0,33.0,13.4,12.1,8.2,3.1,27.0,24.2,41.6,38.6,28.7,26.0,3.0,5.0,4.0,6.1,31.0,37.6,25.0,7.0,1.0,8.1,3.1,3.0,28.0,26.0,3.0,3.1,36.4,42.4,34.3,30.3,4.1,2.0,5.1,9.0,7.1,5.1,1.0,3.1,18.0,18.4
1772939105.5881064,11.3,9.0,22.4,28.3,34.3,45.0,4.1,5.0,7.1,3.1,5.1,5.1,38.0,39.6,10.0,8.1,4.0,10.0,27.6,26.3,43.6,36.6,21.8,21.8,3.0,4.0,5.1,9.0,34.3,33.0,16.2,4.1,6.1,7.1,1.0,4.0,27.3,30.0,1.0,3.1,41.0,40.6,32.0,29.0,1.0,3.0,10.0,7.0,6.1,6.1,5.1,5.1,13.4,19.2
1772939106.589173,12.4,7.1,36.4,32.0,37.0,43.0,4.1,2.1,4.1,2.0,5.1,4.0,40.6,38.4,15.3,14.1,7.1,8.1,32.4,35.0,41.6,41.2,21.4,28.0,5.1,0.0,5.1,7.1,33.7,45.0,13.1,23.0,2.0,8.0,4.0,2.0,27.3,28.3,1.0,4.0,40.0,41.0,33.0,38.4,4.0,1.0,8.1,10.1,5.1,6.1,8.1,5.1,17.0,18.2
1772939107.5892668,10.4,6.0,30.6,33.7,42.0,40.4,3.1,4.0,13.3,18.2,2.1,3.1,38.0,40.6,33.7,25.5,4.1,5.1,22.0,17.2,40.6,40.0,36.9,25.7,5.1,3.0,3.0,4.0,38.6,41.0,22.0,36.4,2.0,2.0,1.0,4.0,22.0,20.2,3.0,3.1,41.0,40.0,37.0,37.8,3.0,3.0,5.1,8.1,7.0,5.1,33.0,34.7,13.1,10.2
1772939108.5934548,12.4,10.0,25.0,16.0,41.6,31.7,4.0,5.1,5.1,5.0,5.0,3.0,35.0,29.7,23.5,28.0,9.0,8.1,27.0,30.7,36.3,40.8,37.6,19.8,2.0,4.0,5.0,5.9,35.6,32.0,22.8,41.6,5.0,3.0,3.0,3.0,35.0,38.6,3.0,3.0,40.6,40.6,23.8,30.7,4.0,2.0,10.0,5.1,6.1,6.1,4.0,4.0,21.8,14.0
1772939109.5946753,8.4,5.9,25.3,28.6,42.0,33.7,2.0,4.0,2.0,4.0,4.0,4.0,37.6,35.4,13.1,12.1,3.0,1.0,14.3,16.8,40.6,39.0,31.0,11.0,2.0,2.0,4.1,4.0,29.3,41.6,39.0,41.0,2.0,2.0,4.0,1.0,24.0,25.0,2.0,1.0,33.7,31.7,35.0,32.7,2.0,2.0,4.1,5.1,5.0,4.0,3.0,3.0,10.1,14.0
1772939110.5978012,11.5,7.0,27.0,25.3,40.4,36.0,3.0,3.0,3.0,4.1,3.0,4.0,32.3,42.2,11.1,8.2,9.9,4.0,22.8,30.3,39.6,42.7,38.6,5.0,4.0,4.1,2.0,3.0,37.0,35.0,34.3,46.5,2.0,4.0,3.0,1.0,27.0,34.0,3.0,3.0,29.3,30.3,34.7,27.3,6.0,0.0,7.0,9.9,5.0,5.1,2.0,5.1,15.2,17.2
1772939111.5986772,11.1,8.1,35.7,37.0,40.8,39.4,3.1,3.1,3.1,12.1,3.1,3.0,40.4,39.8,4.0,5.0,4.1,8.2,27.3,32.3,42.6,39.0,38.0,24.2,2.0,5.1,4.0,4.1,41.0,39.0,24.2,46.0,2.0,2.0,3.1,1.0,34.3,35.4,1.0,3.0,29.3,31.0,37.4,39.0,2.1,1.0,7.1,7.1,6.1,3.1,23.2,22.2,16.3,20.2
1772939112.5987594,11.3,9.1,20.2,17.2,37.4,31.0,3.1,2.0,3.0,5.1,6.9,6.0,33.3,29.7,12.2,12.1,7.1,10.1,29.3,37.3,37.6,36.0,35.0,28.7,5.0,3.0,6.1,6.1,32.3,21.2,21.2,35.4,5.9,4.0,4.0,4.0,39.6,36.0,3.0,2.0,30.0,31.0,22.0,26.3,4.0,4.0,10.0,6.9,6.1,7.1,22.0,22.0,19.2,20.0
1772939113.6022515,13.3,11.2,19.2,21.0,41.0,35.6,5.0,3.0,3.1,6.1,5.1,3.1,37.6,35.4,36.4,32.7,8.0,10.3,37.0,30.3,42.2,40.2,39.2,43.1,5.0,3.1,7.1,5.0,33.7,35.6,24.0,23.0,3.1,3.1,4.0,1.0,40.0,35.6,3.1,5.0,26.3,29.3,23.8,34.0,4.0,2.0,11.0,7.1,7.1,7.1,5.0,3.1,22.0,26.3
1772939114.6030023,12.1,7.0,23.2,23.2,44.4,35.4,3.1,3.0,5.1,7.1,5.1,2.0,35.4,40.6,35.0,32.7,7.1,3.0,27.3,24.2,40.6,41.0,36.4,38.0,2.1,5.1,3.0,7.1,35.4,32.0,35.0,27.7,3.0,4.1,3.0,3.0,31.0,26.0,2.0,5.1,20.0,21.2,27.0,28.0,3.0,4.0,8.0,8.0,3.1,6.0,15.2,14.1,17.3,10.1
1772939115.6037502,10.3,6.0,25.0,28.3,37.6,40.6,1.0,4.1,12.1,12.2,4.0,3.0,34.3,40.4,10.3,11.2,3.0,8.1,21.0,15.2,42.2,39.6,34.7,47.5,4.9,1.0,6.0,2.0,35.6,37.0,33.3,34.3,3.0,2.0,1.0,0.0,23.0,27.0,3.0,2.0,20.4,21.0,31.0,35.6,1.0,2.0,7.1,7.0,5.0,5.1,29.0,28.0,10.8,13.0
1772939116.6064558,12.1,6.1,33.3,29.7,42.4,37.6,3.0,4.0,5.1,3.1,2.0,5.0,40.0,37.0,1.0,4.0,9.1,2.0,19.0,16.2,36.0,40.6,31.0,35.6,2.0,3.0,4.0,1.0,38.0,37.0,40.6,39.0,3.1,1.0,4.0,0.0,24.2,17.0,3.0,3.0,20.8,20.0,32.3,38.4,4.0,2.0,5.1,7.1,3.0,4.1,3.0,3.1,8.2,12.1
1772939117.6097317,9.4,7.0,27.0,28.0,45.5,34.0,4.0,2.0,2.0,2.0,5.0,2.0,40.6,33.7,3.0,3.0,3.0,2.0,30.7,25.5,41.2,41.7,31.4,29.0,2.0,1.0,5.0,5.0,46.0,26.7,40.6,24.2,2.0,4.0,2.0,3.0,25.0,27.0,2.0,2.0,14.0,12.2,33.0,33.7,2.0,2.0,8.0,7.9,7.0,7.0,3.1,4.0,18.0,15.2
1772939118.609817,13.3,6.1,29.0,32.0,38.4,39.4,3.0,3.0,2.0,4.0,5.0,5.1,41.0,40.0,3.0,3.0,3.0,7.1,21.4,27.3,42.6,40.6,30.0,32.7,2.0,4.0,5.1,1.0,31.7,44.6,37.4,25.0,3.0,2.0,3.0,2.1,27.0,23.2,2.1,2.0,12.0,11.1,37.0,37.4,2.0,2.0,10.1,5.1,4.1,4.1,4.1,2.1,17.8,17.2
1772939119.6099193,8.4,8.0,19.2,18.4,34.7,38.0,2.0,2.0,3.1,7.1,3.1,3.1,35.0,32.3,16.2,23.2,11.3,6.1,27.7,24.5,40.6,37.0,22.0,14.1,3.0,3.1,6.0,6.9,29.3,31.0,39.0,20.8,4.0,4.0,1.0,4.0,27.0,29.0,6.9,4.1,11.2,12.0,16.0,26.3,3.1,1.0,7.1,6.1,6.1,5.1,13.0,15.0,16.0,17.3
1772939120.6111236,13.1,8.1,22.0,25.0,38.2,43.0,5.0,3.0,4.0,6.0,3.0,5.9,33.0,36.6,43.4,37.4,12.9,1.0,27.3,18.0,38.6,38.2,9.1,23.0,2.0,3.0,3.1,1.0,38.2,32.7,25.7,25.5,3.0,2.0,3.1,3.0,30.3,31.7,16.2,6.1,12.1,19.0,32.7,31.0,3.9,3.0,6.0,8.0,4.1,5.1,23.0,22.2,13.3,12.9
1772939121.6112027,12.2,6.9,35.4,32.0,34.7,45.5,3.0,2.0,4.1,3.1,3.0,2.0,33.7,41.2,30.3,27.3,4.0,3.0,23.2,17.2,43.0,40.6,11.1,27.0,2.0,5.0,5.0,2.0,37.0,35.0,29.3,22.2,4.0,1.0,2.0,3.0,24.2,25.3,4.0,3.0,11.0,11.0,35.6,32.3,2.0,2.0,4.1,6.1,5.0,5.0,8.1,11.0,11.0,11.1
1772939122.612298,13.3,9.2,21.2,18.4,39.8,34.7,3.1,4.0,4.0,6.1,4.1,5.0,30.7,41.4,3.0,4.1,7.1,8.2,40.0,27.5,37.6,39.6,27.5,48.0,1.0,6.0,6.1,8.9,31.0,40.0,32.3,9.0,3.0,6.1,3.0,5.0,40.0,38.4,2.0,3.1,12.0,13.0,29.3,21.8,4.0,4.1,13.7,8.1,5.2,7.1,4.0,4.0,20.0,21.0
1772939123.6131296,12.1,11.1,22.4,17.2,41.8,39.6,4.0,1.0,18.2,10.1,5.1,5.1,39.6,29.7,12.2,10.1,8.2,15.0,38.2,37.0,40.6,40.2,31.0,50.5,5.9,3.1,11.0,5.1,34.3,31.3,33.7,27.0,5.1,5.0,8.1,1.0,38.6,40.0,3.1,3.0,16.2,17.2,29.0,26.0,3.1,2.0,13.0,11.1,7.9,6.2,20.0,23.2,31.3,17.3
1772939124.6166322,12.1,7.1,24.0,26.0,39.6,36.6,1.0,3.0,4.0,8.0,4.0,2.1,37.0,34.3,40.0,40.0,4.0,3.1,10.0,12.0,37.6,38.0,29.7,51.5,1.0,4.0,3.0,5.1,36.0,33.0,40.0,7.0,1.0,2.0,5.1,2.0,21.8,19.0,4.0,0.0,21.8,21.0,31.0,30.3,3.0,1.0,4.1,5.9,2.0,3.0,21.8,21.0,7.1,8.2
1772939125.6183085,14.1,5.9,25.7,20.2,38.4,38.0,5.1,2.0,4.0,2.0,3.1,5.0,36.6,33.7,40.0,37.1,10.1,9.2,35.0,32.0,42.6,43.6,31.0,50.5,3.0,4.0,5.0,4.1,32.7,35.0,35.0,5.1,4.0,2.0,3.0,1.0,30.6,30.0,2.0,3.0,21.0,22.8,27.0,29.0,3.0,3.0,9.0,10.1,5.1,10.0,4.1,5.0,18.2,21.8
1772939126.6187735,8.4,2.0,31.6,34.0,39.0,42.4,4.0,3.0,5.2,0.0,5.1,1.0,40.0,39.4,5.1,3.1,3.0,5.0,23.2,29.7,40.2,40.0,37.4,43.0,2.0,2.0,4.0,2.0,42.6,34.7,33.0,12.0,2.0,3.0,2.0,3.0,23.0,24.0,2.0,2.0,33.3,27.0,41.4,34.3,3.0,2.0,4.0,6.1,4.0,3.1,5.1,4.0,12.1,16.2
1772939127.6240742,11.2,9.1,26.3,29.3,37.0,41.6,3.0,2.0,8.1,3.0,3.0,5.0,35.6,33.0,3.1,2.0,2.0,9.0,23.0,24.5,41.0,39.2,35.3,25.0,1.0,2.0,3.0,4.0,37.6,30.7,37.0,22.0,3.0,3.0,4.9,2.0,26.0,25.0,2.0,2.0,31.7,30.4,28.0,32.4,1.0,3.0,6.9,7.9,3.1,4.0,7.0,5.1,20.2,13.0
1772939128.624162,9.5,5.1,28.3,27.0,42.4,34.0,2.0,3.0,4.0,7.0,3.0,2.0,36.4,37.6,2.0,5.0,7.1,4.0,28.3,24.0,42.2,40.2,20.2,27.7,4.0,4.0,4.0,3.0,38.4,34.7,43.6,28.7,3.0,4.0,2.1,3.0,29.0,27.0,2.0,14.1,33.0,30.3,39.6,33.0,4.0,3.0,5.1,7.1,4.0,4.1,13.9,12.0,17.0,16.2
1772939129.6260705,9.2,6.0,26.0,27.0,41.4,35.4,4.0,3.0,4.0,2.0,3.0,3.0,32.7,38.0,2.0,1.0,2.1,1.0,9.9,16.0,39.6,36.6,17.0,20.4,0.0,2.0,4.0,2.0,29.7,41.0,26.5,37.0,1.0,1.0,2.0,2.0,11.1,14.0,4.0,1.0,30.4,30.7,33.0,28.0,1.0,3.0,3.1,3.0,2.0,4.0,23.2,23.8,4.0,6.1
1772939130.629169,11.1,9.0,32.7,33.3,37.6,42.2,2.0,3.0,5.1,2.0,4.0,1.0,42.6,39.6,3.0,3.0,3.0,3.0,19.8,14.9,39.2,43.1,1.0,33.3,4.0,1.0,3.0,3.1,34.3,41.6,14.6,28.3,2.0,1.0,5.0,1.0,21.8,21.8,3.0,4.0,31.7,31.0,39.4,35.0,0.0,4.0,5.9,5.0,4.0,3.0,3.0,4.0,8.0,10.0
1772939131.6299932,10.4,7.0,25.0,24.0,34.3,44.0,2.0,4.0,3.0,3.1,2.0,3.0,37.6,36.0,1.0,2.0,2.0,1.0,8.2,14.0,39.2,39.2,12.1,10.1,2.0,1.0,0.0,3.1,40.0,32.3,0.0,40.6,2.0,2.0,1.0,1.0,15.3,14.1,1.0,2.0,30.0,31.7,38.0,28.0,3.0,1.0,6.0,4.0,3.0,5.1,2.0,2.0,6.0,10.1
1772939132.6307104,14.1,7.1,28.3,24.0,36.4,43.0,4.0,2.1,3.0,5.9,3.1,5.1,36.4,36.7,21.2,19.4,7.1,12.1,37.3,34.0,40.6,42.0,16.2,14.9,3.1,5.0,5.1,8.0,34.3,38.6,3.0,21.0,4.0,5.0,4.0,3.0,37.0,39.0,3.0,2.1,41.6,34.0,32.3,30.6,1.0,3.0,8.2,10.0,6.0,7.1,4.0,4.1,21.2,23.2
1772939133.6313665,17.0,9.1,26.0,24.7,36.4,42.0,2.0,7.1,4.0,6.2,4.0,6.0,32.0,38.2,38.4,43.0,4.0,12.1,28.6,28.3,43.1,39.2,28.7,27.7,4.0,3.0,4.1,4.0,36.0,37.0,10.1,14.3,4.0,1.0,2.0,2.0,32.0,38.0,2.0,4.0,39.0,42.0,31.7,28.7,3.1,4.0,11.1,10.0,5.0,7.1,9.1,12.9,14.1,19.4
1772939134.6320436,9.4,5.1,23.7,28.7,41.4,38.0,3.0,7.0,13.3,8.1,3.0,3.0,34.0,43.0,32.3,27.8,1.0,6.0,11.1,16.2,38.6,40.2,45.5,25.0,3.0,3.0,5.1,5.1,41.0,32.0,29.0,24.8,2.0,4.0,5.1,5.1,23.0,17.0,17.8,7.2,38.4,41.6,32.0,33.0,3.0,3.0,5.0,4.1,4.1,4.0,18.0,17.3,7.1,15.0
1772939135.6329365,11.1,6.1,33.3,32.7,45.0,33.3,3.1,3.0,4.1,10.1,4.1,3.0,36.0,41.4,1.0,4.0,2.1,1.0,17.2,18.0,41.0,41.0,41.0,20.2,1.0,4.0,3.0,3.0,38.4,37.6,39.4,41.4,2.0,3.0,2.0,5.0,21.2,19.8,11.1,7.1,40.0,40.4,37.4,40.4,2.0,3.1,4.0,7.1,4.1,6.0,21.2,22.2,10.1,12.2
1772939136.6345506,9.3,6.1,29.0,26.0,43.0,35.6,3.1,0.0,3.0,2.0,5.0,2.0,39.0,34.7,4.0,1.0,4.0,9.9,16.0,19.0,41.2,41.6,41.2,21.6,3.0,3.0,3.0,1.0,43.0,29.7,44.1,37.0,1.0,2.0,1.0,1.0,16.8,17.3,7.1,13.9,40.2,38.6,31.0,36.6,2.0,3.0,5.0,4.0,1.0,3.1,20.8,23.8,9.0,9.8
1772939137.6366563,11.3,6.9,32.7,32.3,41.8,39.0,4.0,3.0,2.0,4.0,5.0,4.0,41.0,38.6,5.0,3.1,9.2,1.0,15.5,17.2,43.1,40.2,41.6,21.0,3.1,2.0,2.0,3.0,38.6,40.0,36.4,43.0,2.0,4.0,3.0,3.0,18.2,17.8,3.0,1.0,29.3,30.7,39.4,37.0,2.0,3.0,5.1,5.1,2.0,5.1,14.0,14.4,8.0,10.1
1772939138.6367455,11.5,5.1,32.7,33.3,39.0,39.6,4.1,2.0,2.0,3.1,5.1,3.0,41.6,38.0,6.0,3.0,3.0,3.0,5.0,11.0,41.0,40.0,40.6,20.8,2.0,0.0,5.0,5.0,42.6,34.0,38.4,38.6,2.0,3.0,2.0,3.0,17.2,17.2,2.0,16.8,22.2,21.2,33.3,37.0,3.0,2.0,7.0,4.1,4.0,5.1,2.0,4.0,10.1,9.2
1772939139.6389854,12.9,5.2,23.0,21.4,35.4,35.0,4.0,3.0,2.0,9.1,2.0,4.1,30.3,32.0,2.0,3.0,4.0,13.0,24.8,27.7,40.6,41.2,33.7,31.0,3.0,5.9,4.0,3.0,32.3,30.7,38.6,16.0,3.0,2.0,2.0,3.0,32.7,30.0,8.1,7.1,21.0,20.0,27.0,26.3,1.0,2.0,6.0,9.0,8.9,6.0,11.9,11.9,14.1,17.0
1772939140.641531,13.0,9.0,7.1,18.2,37.4,38.6,3.0,2.0,2.1,5.1,4.0,5.0,24.8,21.2,43.4,42.6,8.1,5.1,30.3,32.3,33.7,32.7,31.7,30.7,2.0,5.1,7.1,7.1,23.2,29.0,18.2,23.2,4.1,4.0,4.0,3.0,39.0,37.4,1.0,4.0,20.2,22.0,21.2,14.9,3.0,5.1,6.1,8.0,7.1,5.1,22.2,21.2,13.3,16.3
1772939141.6416242,13.3,10.1,21.0,20.0,38.8,34.0,6.0,3.1,4.0,5.1,6.0,5.1,39.0,33.0,39.8,39.2,10.2,9.2,23.0,37.0,42.0,37.0,31.0,28.0,4.0,4.0,7.0,7.1,32.7,30.3,32.3,38.0,4.0,3.1,2.0,4.1,39.6,39.2,4.1,3.1,23.2,21.4,27.5,23.5,3.0,2.1,8.0,9.2,7.1,7.1,16.2,17.2,22.8,19.2
1772939142.6462958,12.2,9.0,16.8,18.2,37.4,33.0,2.1,4.0,23.2,14.1,6.0,5.9,26.5,32.0,11.0,9.0,9.0,10.0,30.7,36.0,37.3,38.6,29.0,29.0,4.0,5.0,9.1,8.0,25.7,33.0,40.6,40.6,3.0,6.9,4.1,4.0,42.6,38.4,5.0,4.0,13.1,15.3,19.0,23.5,3.0,4.0,10.0,8.0,7.0,6.1,17.0,20.6,19.2,21.8
1772939143.647403,12.4,7.1,21.2,21.2,39.4,36.0,6.9,3.0,4.0,4.1,4.1,4.1,34.0,29.3,2.1,2.1,16.2,3.1,37.4,29.7,35.3,41.2,30.0,31.0,4.0,4.0,7.0,6.1,39.4,26.5,31.3,32.0,6.1,3.0,5.0,5.1,39.0,40.6,2.0,4.0,19.2,14.0,24.5,25.3,2.0,5.1,10.1,11.1,7.0,7.1,20.0,21.0,22.2,23.2
1772939144.649168,13.3,10.0,18.2,25.7,38.8,37.0,3.0,8.1,12.1,11.1,5.0,6.0,31.6,31.4,37.6,38.6,6.1,14.3,33.0,40.4,40.6,37.0,37.6,31.7,3.0,4.0,6.1,8.0,33.7,24.8,34.0,34.7,5.0,3.0,4.0,2.0,39.0,43.0,3.0,6.1,29.3,33.7,28.7,25.3,2.0,5.1,8.2,8.0,7.0,7.1,21.0,21.4,21.0,22.0
1772939145.6492543,12.1,6.1,19.2,18.2,32.3,36.4,3.1,5.1,4.1,5.1,6.1,6.1,35.0,36.0,38.8,40.8,11.2,8.1,30.3,30.7,34.0,43.1,40.0,40.6,5.0,4.1,4.1,8.1,31.0,33.0,34.3,40.4,4.1,3.0,4.1,4.0,40.4,37.0,3.1,6.1,31.0,30.6,23.2,30.0,4.0,10.1,9.0,8.2,7.1,7.1,10.1,12.1,25.3,20.0
1772939146.6508377,10.4,7.1,18.0,19.4,36.7,37.0,9.1,3.0,7.1,10.2,3.1,8.1,29.3,29.0,16.2,15.2,11.0,3.0,32.4,34.7,36.6,35.6,35.0,31.4,5.0,5.0,5.1,6.1,26.0,30.0,21.8,40.6,5.0,3.0,2.0,4.0,39.6,38.0,4.0,2.0,30.0,32.7,18.2,24.2,2.1,3.0,7.1,7.1,6.0,5.1,22.0,22.4,17.0,18.4
1772939147.6523955,11.2,5.9,34.0,36.4,38.6,40.6,5.1,2.0,8.2,11.1,6.1,4.0,41.6,38.6,5.0,2.0,3.0,8.1,15.2,13.9,40.2,42.6,25.7,22.0,1.0,3.0,5.0,5.0,41.6,33.3,18.2,41.6,3.0,4.0,2.0,1.0,21.0,25.0,4.0,2.0,32.0,29.7,36.6,39.2,2.0,2.0,6.1,6.0,4.0,5.0,8.0,9.9,12.1,13.7
1772939148.6534488,12.4,8.1,29.6,27.3,43.4,37.0,3.0,3.0,5.0,2.1,6.1,2.0,34.3,35.4,4.1,4.1,6.2,9.0,22.4,22.4,39.6,41.6,9.2,18.2,3.0,4.0,3.1,4.0,36.0,41.6,36.0,23.5,1.0,5.0,3.0,1.0,24.2,25.3,2.0,3.0,28.0,29.0,31.3,35.4,3.0,2.0,7.0,11.1,4.1,5.2,9.9,11.2,14.1,15.3
1772939149.6545062,14.3,9.0,28.3,25.0,40.4,37.6,3.1,3.0,3.0,5.9,5.1,2.0,33.7,38.0,2.0,4.0,5.1,4.0,27.5,24.8,42.2,38.6,13.1,12.9,1.0,7.1,5.1,3.1,34.3,35.6,34.0,25.7,3.0,3.1,3.1,3.0,29.7,28.7,2.0,2.0,34.7,28.7,32.3,30.3,3.0,3.0,9.0,7.1,5.2,6.9,2.0,6.9,19.0,15.3
1772939150.6545894,9.5,8.0,24.2,25.3,29.6,47.0,3.0,3.1,2.0,3.0,3.1,2.1,34.3,38.0,15.3,17.2,7.9,2.0,25.5,31.3,39.6,39.6,20.8,21.8,2.0,6.1,4.9,11.1,38.6,32.0,23.0,35.4,2.0,8.1,4.0,3.0,27.8,30.3,3.0,3.0,30.3,31.0,32.0,27.3,4.1,0.0,6.1,9.1,6.9,4.1,3.1,2.1,12.2,15.2
1772939151.6546648,15.2,8.2,16.2,17.3,36.0,37.0,2.1,3.1,8.2,5.2,5.1,4.0,32.4,29.0,40.0,42.0,9.2,15.2,32.0,36.0,39.6,39.6,35.0,30.3,3.0,5.0,5.1,8.0,29.7,27.0,26.0,31.7,9.0,9.1,1.0,3.1,41.2,41.6,2.0,3.1,31.4,32.4,22.2,28.3,4.0,2.0,9.2,10.1,4.1,8.1,29.0,28.7,19.0,22.2
1772939152.6566238,13.4,11.0,21.2,20.2,34.0,41.0,4.0,2.0,4.0,5.0,5.1,6.0,34.3,34.7,32.7,32.7,9.3,9.1,39.0,35.6,39.6,36.6,51.0,29.7,4.0,4.1,10.0,8.0,33.3,32.0,43.0,36.0,9.1,6.1,7.0,4.0,38.4,38.4,3.1,2.0,31.3,32.0,27.7,27.5,3.0,4.0,10.9,9.0,9.0,9.0,14.0,14.3,27.0,21.4
1772939153.6579738,13.1,10.0,19.2,21.4,39.8,35.0,8.0,2.0,16.5,17.3,6.1,4.1,36.0,28.3,6.2,6.1,13.1,8.1,41.6,31.0,40.2,40.6,43.6,25.7,4.1,6.0,7.1,5.1,38.0,30.7,38.4,42.6,5.1,4.0,9.2,4.0,40.6,39.6,5.2,4.1,32.7,32.0,26.0,22.4,5.1,2.0,6.2,11.0,8.2,8.2,17.3,16.2,19.4,24.0
1772939154.6602411,13.0,9.0,14.3,22.0,37.0,38.0,3.1,2.0,3.0,3.0,2.0,6.1,35.0,35.6,16.0,16.2,14.9,4.0,37.6,31.3,40.2,41.2,41.6,23.2,3.0,4.0,7.0,7.1,34.7,27.3,35.0,30.3,5.0,4.0,4.0,3.0,40.6,40.6,5.1,4.0,39.6,34.7,21.8,25.0,10.1,4.0,9.0,12.1,11.1,6.1,22.8,22.0,22.8,23.2
1772939155.661798,10.6,18.2,19.0,20.4,36.1,39.6,4.1,3.0,6.2,11.2,2.0,6.1,35.0,30.0,38.0,36.7,10.2,9.2,29.3,37.4,38.4,38.2,51.0,31.7,6.9,4.1,8.1,7.0,34.7,24.0,3.1,27.3,3.1,6.1,4.1,3.1,43.0,39.4,3.1,1.0,40.4,40.4,23.7,27.0,7.2,2.1,8.2,8.1,8.1,8.1,10.2,9.3,21.2,20.6
1772939156.6641622,15.3,14.3,22.2,16.0,39.4,36.6,3.0,2.0,5.0,2.0,5.1,5.0,35.0,34.7,33.7,34.3,9.1,8.2,35.0,34.7,39.2,38.6,50.5,30.7,4.1,4.0,6.1,6.1,35.3,30.7,9.1,21.0,1.0,3.1,3.0,2.0,39.4,39.0,10.2,12.1,41.0,41.0,22.8,26.3,10.8,3.0,9.1,9.1,8.1,8.0,30.7,33.7,21.0,23.2
1772939157.6642547,10.5,30.0,22.4,21.4,40.4,37.8,6.1,3.0,20.6,18.2,6.1,6.1,38.0,33.7,9.2,11.0,3.1,16.0,34.0,28.3,37.3,41.4,51.0,31.0,2.0,4.1,7.0,5.1,35.0,30.6,18.4,41.4,3.0,6.0,2.1,3.1,32.7,31.0,7.1,8.0,41.0,39.4,34.0,23.0,2.1,3.0,8.2,5.1,6.1,6.1,6.0,10.3,19.2,21.2
1772939158.6711483,13.1,10.1,27.3,29.0,38.0,37.3,4.0,2.0,3.0,4.0,5.0,2.0,36.6,39.6,10.0,1.0,2.0,1.0,16.0,23.0,41.6,41.7,36.3,39.6,2.0,1.0,4.0,3.0,32.0,35.6,27.7,31.7,3.0,3.0,3.0,2.0,28.0,26.0,2.0,1.0,39.2,37.9,30.3,27.7,6.1,1.0,8.9,6.1,4.0,3.0,4.0,3.0,13.1,11.0
1772939159.6725128,7.4,6.0,25.5,23.2,39.6,41.0,2.0,2.0,3.0,1.0,5.1,2.0,33.3,41.2,17.3,9.0,4.0,7.0,14.0,11.0,41.2,40.6,39.0,41.6,3.0,5.9,4.0,3.0,31.0,42.6,40.6,34.7,3.0,1.0,1.0,3.0,18.0,23.2,3.0,3.0,25.0,25.3,32.0,27.0,2.0,4.0,5.1,7.0,4.0,3.0,2.0,6.0,13.1,11.1
1772939160.6732512,11.1,8.1,32.0,31.6,42.0,39.0,4.0,3.1,3.1,2.0,4.0,4.0,39.2,37.0,23.0,22.2,3.1,10.0,21.2,19.4,39.6,41.6,41.6,38.0,3.0,2.0,1.0,4.0,40.0,38.6,43.0,36.7,2.0,3.0,2.0,2.0,27.6,29.0,3.1,1.0,21.0,21.0,37.6,37.0,2.0,2.0,5.9,6.9,6.1,5.9,34.7,34.0,14.9,14.1
1772939161.6742058,15.5,7.1,27.0,25.3,41.4,38.0,3.1,2.0,2.0,9.1,19.2,4.1,41.0,35.6,27.0,28.6,9.2,8.2,22.0,30.7,42.2,41.6,45.5,35.6,4.0,3.0,7.0,5.1,32.7,40.4,43.0,38.2,5.1,2.0,3.0,3.0,33.0,34.0,1.0,3.0,20.2,20.2,30.0,39.0,2.0,4.0,8.2,10.3,8.1,7.1,8.1,6.2,17.5,16.2
1772939162.6753004,12.4,8.1,21.2,17.2,37.1,34.3,7.0,5.0,7.1,4.1,4.0,3.1,31.0,37.0,22.4,28.3,8.1,3.1,23.0,39.4,39.0,36.6,39.0,29.0,3.0,5.1,7.1,5.0,23.2,30.0,39.4,41.0,5.0,2.0,2.0,3.1,37.6,36.0,4.0,2.0,22.0,20.0,21.2,24.2,2.0,3.0,6.1,9.9,4.1,5.1,6.0,5.1,18.8,19.2
1772939163.676399,10.4,9.0,16.3,16.3,38.0,36.0,4.0,1.0,2.1,3.1,4.1,5.9,31.3,28.0,18.0,18.4,10.9,3.0,32.3,38.0,36.6,36.0,22.0,25.0,2.0,3.0,5.1,6.1,27.0,32.7,23.0,27.6,3.1,3.1,5.1,4.1,45.0,38.0,4.0,4.1,20.4,21.4,24.0,28.7,2.0,4.1,11.0,8.1,6.1,6.1,27.6,28.0,21.0,19.2
1772939164.6772232,13.3,10.0,21.2,26.7,37.8,37.0,4.1,3.1,19.2,16.2,7.1,5.1,36.0,40.0,13.3,15.2,10.2,10.2,30.7,43.4,39.2,41.2,29.0,19.2,5.0,5.1,7.1,6.1,33.0,37.0,26.5,15.0,5.1,3.0,3.0,4.0,44.0,39.6,5.1,6.1,21.2,20.0,25.0,31.0,4.0,3.0,8.1,12.1,6.0,7.1,15.0,17.0,27.0,25.0
1772939165.6773117,11.3,8.1,18.4,22.7,32.7,47.5,4.1,3.1,4.1,4.0,6.1,3.1,30.0,34.3,30.0,26.3,14.1,5.1,36.4,33.0,38.6,42.6,38.0,24.0,4.2,3.1,8.0,6.2,32.0,31.0,27.3,32.3,3.0,8.0,2.1,2.1,39.4,39.0,14.3,24.5,15.0,16.5,28.0,24.0,3.1,3.1,10.0,9.0,7.1,8.1,5.1,4.1,23.0,23.0
1772939166.677405,12.4,7.1,21.2,18.6,36.5,37.6,4.0,5.1,7.2,9.3,7.0,5.1,35.0,26.7,28.3,33.7,12.4,9.2,36.0,34.0,37.0,39.6,47.5,28.3,5.0,4.1,6.1,8.1,32.0,27.0,18.0,36.6,2.0,3.1,3.0,3.1,40.6,40.0,20.2,18.2,31.3,30.0,34.7,28.6,4.0,3.1,10.1,10.1,6.1,7.1,35.0,37.0,23.5,21.4
1772939167.678306,11.3,6.1,20.2,18.0,40.4,36.4,4.1,3.1,4.0,4.0,4.1,6.1,36.6,27.0,22.4,25.5,12.1,5.1,38.0,35.6,38.6,39.2,42.0,24.5,4.0,6.0,6.1,6.1,27.7,24.5,29.4,36.4,3.0,6.1,3.0,4.1,41.4,39.0,5.1,6.1,31.7,31.0,22.2,20.8,7.1,2.0,6.1,10.1,7.1,8.0,7.1,8.1,20.0,21.0
1772939168.6796896,13.1,10.1,25.3,20.2,33.0,43.0,5.1,6.2,16.5,12.1,7.1,5.1,37.6,35.4,13.3,12.2,8.2,10.1,35.7,36.7,39.0,41.0,42.2,21.0,3.0,5.1,8.1,7.9,34.3,35.0,31.3,30.0,6.1,5.0,7.1,9.0,42.4,41.0,4.0,3.0,30.3,32.0,32.0,26.5,3.0,6.0,11.0,9.0,6.1,7.1,10.1,12.1,23.0,25.0
1772939169.6802628,13.9,10.2,16.5,19.4,40.0,34.0,4.1,6.1,7.1,6.1,4.1,4.1,35.0,34.0,22.4,26.0,9.1,9.3,37.4,28.0,44.1,38.6,48.0,35.6,4.0,5.1,10.1,6.1,28.3,35.0,39.6,37.4,1.0,5.1,12.2,6.1,37.6,39.6,1.0,3.0,39.4,36.0,25.0,23.0,2.0,4.0,11.1,8.1,6.1,8.1,31.7,33.0,17.3,24.5
1772939170.6803493,10.4,6.9,19.2,18.2,36.1,37.6,4.1,4.0,6.3,10.2,5.0,6.0,35.0,31.0,34.7,33.7,14.3,10.1,37.0,29.0,36.0,34.3,40.6,37.4,3.1,5.1,5.1,9.0,27.0,30.0,37.0,41.6,3.1,5.1,2.0,5.1,38.6,41.0,1.0,8.1,36.0,41.0,16.2,24.0,4.0,2.0,8.2,8.2,7.1,7.1,8.0,8.2,21.2,22.2
1772939171.6822217,12.1,8.1,20.2,20.8,40.4,39.0,4.0,5.1,4.0,5.9,4.0,5.1,32.7,32.7,25.5,29.3,10.0,7.1,31.0,41.4,37.9,39.2,47.5,35.3,3.0,5.1,8.1,8.0,30.7,32.0,21.0,40.4,6.0,3.1,4.0,2.0,42.0,42.6,3.0,9.0,31.7,32.4,29.0,29.7,3.1,4.0,11.9,11.0,7.1,8.0,31.0,30.7,21.2,27.3
1772939172.6823084,11.3,6.1,17.3,14.3,35.1,35.0,4.0,2.0,20.0,17.3,5.1,4.1,30.6,35.4,11.3,14.3,10.2,15.3,33.3,37.4,39.4,37.6,39.4,42.4,5.0,8.0,8.1,8.0,27.6,32.3,24.5,47.5,4.1,3.0,3.0,3.1,40.4,39.4,4.1,2.0,31.3,31.3,25.0,20.2,3.1,2.1,5.1,8.1,7.0,5.2,9.0,11.1,21.0,22.2
1772939173.6823878,15.2,7.1,19.2,16.0,34.0,40.4,3.1,2.0,2.1,4.0,3.1,6.0,30.3,27.0,21.0,23.2,2.0,9.1,40.0,27.0,35.3,39.6,47.1,33.7,3.1,3.1,4.1,8.1,33.3,28.0,38.6,40.4,4.0,3.0,3.0,2.0,42.0,39.0,4.0,3.0,31.0,31.7,25.7,18.2,2.0,3.0,11.1,7.1,6.1,6.1,17.2,18.2,22.4,18.2
1772939174.6849408,14.0,7.1,15.5,20.4,41.2,36.6,4.0,3.0,6.1,8.2,3.1,6.1,36.0,32.3,34.3,27.3,8.2,14.1,32.0,33.3,38.6,37.3,39.0,30.7,4.0,5.0,9.0,4.0,36.0,23.2,39.0,38.0,4.0,6.1,3.0,2.1,41.6,38.6,1.0,3.1,30.7,31.0,23.2,24.2,5.0,1.0,11.0,9.1,6.1,6.1,25.0,27.0,17.3,26.3
1772939175.6850243,11.1,6.1,18.0,19.2,35.4,36.0,4.0,2.0,4.1,3.1,5.1,3.1,33.0,26.3,28.6,24.5,3.1,12.1,37.0,34.7,37.6,40.0,30.7,36.0,4.1,2.0,6.1,5.1,28.0,29.7,41.0,40.0,5.9,2.1,4.0,2.0,37.0,41.6,3.0,3.0,38.0,42.0,16.0,28.0,3.0,3.0,7.1,9.2,6.9,8.0,9.1,11.2,17.3,21.6
1772939176.685116,12.2,10.0,19.6,20.2,34.3,34.0,3.0,3.0,15.3,15.2,5.1,3.0,34.3,22.0,17.2,17.2,19.4,10.1,39.0,28.0,36.6,37.6,30.0,49.5,5.1,2.0,6.1,7.9,27.0,32.3,47.0,33.0,7.1,3.0,2.1,3.0,41.6,41.0,2.0,2.0,40.0,40.0,22.0,23.0,2.0,2.0,7.1,9.0,5.1,6.1,22.0,20.2,24.0,19.0
1772939177.6858282,10.3,8.8,16.0,19.0,34.7,36.4,2.0,4.0,6.9,7.0,5.0,4.0,30.3,31.0,16.0,19.0,3.0,15.8,35.0,32.7,35.3,35.3,28.0,52.4,6.9,4.0,5.0,9.1,26.3,31.0,36.0,30.0,4.0,5.0,3.0,3.0,38.0,40.0,3.0,4.0,40.6,41.7,23.0,23.8,2.0,4.9,11.9,7.9,7.1,5.1,15.8,15.8,21.0,16.0
1772939178.6872282,14.0,8.2,20.2,19.4,34.7,43.0,7.1,5.1,5.2,9.2,6.1,5.0,30.3,32.0,23.7,30.0,7.1,8.2,46.5,29.6,41.0,39.0,31.0,48.5,5.2,3.1,10.0,5.1,27.6,33.0,23.2,21.4,6.1,4.1,3.1,4.1,39.6,42.0,3.1,3.1,40.0,40.4,29.6,27.6,4.0,1.0,9.3,8.2,8.1,6.1,13.3,12.2,23.2,26.3
1772939179.6873245,12.1,10.2,20.4,22.2,41.7,35.0,7.1,4.0,3.1,3.1,5.1,4.1,35.0,36.4,31.3,34.0,9.2,13.1,33.7,38.0,42.6,40.0,27.7,50.5,5.1,3.0,4.1,8.2,38.6,30.3,37.0,28.3,4.1,4.0,3.0,3.1,40.4,36.4,4.1,2.1,41.0,40.0,31.0,22.2,3.0,4.0,8.1,13.0,8.2,6.1,28.3,27.7,25.5,19.4
1772939180.6874158,12.2,7.1,16.3,17.3,29.9,35.0,3.1,4.1,17.0,8.1,2.1,4.0,30.3,30.7,20.4,20.2,2.0,14.3,34.0,33.7,36.6,37.3,24.0,38.6,5.1,4.0,10.1,9.0,31.3,31.0,41.0,38.6,6.1,4.1,2.0,2.0,39.4,38.6,14.3,4.0,37.4,35.4,20.0,19.2,1.0,4.0,7.1,9.1,8.1,4.0,10.2,11.1,23.2,17.0
1772939181.68799,11.6,8.0,15.0,17.0,28.0,41.6,2.1,4.0,8.2,7.2,3.0,6.0,32.0,31.3,22.0,14.1,9.1,11.0,36.4,33.7,33.0,39.0,39.0,28.3,3.0,4.0,7.0,8.1,27.7,27.0,20.2,41.0,3.0,5.1,3.1,3.0,43.6,41.4,9.1,10.1,31.0,30.7,18.2,21.2,3.0,1.0,10.0,6.1,5.1,8.0,22.0,21.2,17.2,19.2
1772939182.6887364,14.7,9.0,9.3,20.2,37.4,32.3,2.0,4.1,2.0,7.2,4.1,4.1,34.0,30.3,26.5,27.3,9.2,8.2,30.3,32.3,35.6,36.3,42.0,21.0,3.1,3.0,4.0,7.1,31.0,29.3,38.0,36.0,3.0,3.1,3.0,2.0,40.0,42.0,3.1,2.1,22.8,24.5,17.0,20.0,2.0,3.0,10.9,7.1,6.1,8.2,23.0,24.2,23.2,18.0
1772939183.688826,10.4,9.2,18.2,18.4,39.0,30.0,7.1,6.1,5.2,10.9,5.1,5.1,33.0,34.7,33.7,30.6,11.0,7.1,30.0,38.0,40.0,41.0,36.0,26.7,7.0,4.0,7.0,8.2,27.3,34.7,38.0,43.0,3.1,5.0,2.0,5.0,37.0,38.0,2.1,2.0,20.2,22.0,28.0,28.3,4.0,1.0,7.1,10.9,6.1,6.1,11.1,11.0,19.2,20.0
1772939184.6949244,11.2,10.1,15.0,19.8,35.7,33.7,2.0,5.1,4.0,8.1,4.0,3.0,30.3,33.0,19.2,19.0,8.1,6.0,30.0,35.6,37.6,38.6,34.3,30.7,3.0,4.0,6.0,7.8,22.0,31.7,41.2,40.0,6.9,2.0,3.0,4.1,41.0,40.6,2.0,3.1,21.8,22.0,21.0,24.8,2.0,3.0,7.0,8.1,6.0,8.1,27.5,27.0,21.6,20.0
1772939185.6998994,12.2,9.1,20.4,17.0,40.0,40.6,5.0,6.9,12.4,14.3,3.0,8.9,33.3,33.3,17.0,16.8,13.1,9.1,34.0,36.0,37.9,42.3,35.6,45.1,5.0,2.0,7.1,8.1,30.7,33.7,33.3,34.3,3.1,4.0,4.0,4.0,41.2,40.0,4.0,5.1,21.2,27.6,26.0,25.0,3.0,4.0,11.0,9.9,7.0,8.0,15.0,17.2,23.2,16.3
1772939186.699987,12.6,10.1,19.2,22.4,38.5,34.7,4.1,4.1,5.1,9.2,3.1,7.1,33.3,29.6,31.3,28.6,12.2,13.3,38.6,35.7,38.0,40.4,31.0,40.0,5.1,5.0,5.1,9.1,27.3,29.3,28.3,12.4,5.1,3.1,3.1,3.1,40.0,39.6,22.4,14.3,27.3,23.2,26.0,27.7,2.0,3.1,10.2,10.2,7.1,7.2,22.2,22.2,22.4,22.4
1772939187.700073,14.1,9.2,15.2,16.5,39.4,35.4,4.0,4.1,3.1,7.1,6.9,3.1,31.0,28.0,33.7,33.3,8.2,9.3,36.6,37.6,41.2,40.2,35.0,31.0,4.0,6.1,8.1,6.2,31.7,29.0,28.3,30.0,4.0,4.0,3.0,1.0,39.4,40.4,15.3,24.2,31.0,31.3,22.2,24.2,2.1,3.1,12.0,7.1,7.1,7.0,14.3,17.2,18.2,22.2
1772939188.7009058,18.4,8.0,18.4,14.4,37.1,33.0,5.1,4.0,18.6,11.2,4.1,5.2,35.0,32.3,18.4,14.4,11.1,7.1,36.7,31.0,38.0,39.6,50.5,30.7,4.0,4.0,7.0,8.9,37.0,22.0,31.7,26.3,6.1,2.0,2.0,3.1,41.6,44.0,9.0,7.2,30.3,35.0,26.0,23.5,2.0,3.0,5.1,10.1,6.1,8.1,16.0,14.1,23.2,19.4
1772939189.7060726,23.2,14.9,16.2,19.6,43.4,37.6,4.1,5.0,6.0,6.0,4.0,5.0,29.7,32.7,13.7,16.0,9.1,10.0,36.0,37.3,41.7,41.2,50.0,30.0,2.0,4.0,5.0,9.0,27.7,32.7,31.7,21.8,5.0,4.0,5.0,6.9,38.6,41.2,1.0,3.0,42.2,35.6,22.8,22.5,8.9,4.0,10.0,7.8,8.8,6.1,23.0,26.0,20.0,23.0
1772939190.706621,13.4,8.2,21.4,12.1,35.7,40.0,4.0,5.2,4.1,11.2,7.0,9.1,35.7,27.0,30.6,34.3,10.3,11.2,39.0,34.7,37.0,38.0,49.0,30.7,8.9,3.1,4.1,10.1,31.6,27.3,26.5,28.3,4.1,4.1,4.1,5.1,38.0,41.4,5.1,2.0,40.4,41.4,19.2,21.4,33.0,2.0,12.1,8.2,5.2,7.2,19.8,17.0,22.2,18.2
1772939191.707208,13.4,7.0,13.3,16.5,30.5,39.0,2.0,8.0,5.0,2.1,5.1,4.0,32.0,25.0,33.0,35.7,15.2,3.1,33.0,29.3,38.6,34.7,49.5,33.0,2.0,4.0,9.1,6.1,34.7,31.0,38.6,43.0,4.0,2.0,3.0,4.0,38.8,38.6,4.0,1.0,33.7,35.6,24.0,25.0,5.0,4.0,21.0,12.0,7.1,7.1,23.2,22.2,20.2,17.0
1772939192.7109652,12.1,9.0,14.0,15.0,35.3,40.6,3.0,2.0,17.2,17.3,3.0,3.1,24.2,31.0,15.0,14.0,9.9,9.0,29.3,34.7,35.6,31.7,42.6,29.4,2.0,4.0,6.9,6.9,24.0,23.0,39.0,35.6,3.0,2.9,3.0,0.0,42.6,36.0,3.0,3.0,30.0,30.7,19.8,21.8,30.3,1.0,7.1,5.0,5.0,6.1,12.1,12.0,20.0,19.0
1772939193.7130585,13.0,10.1,19.0,16.2,39.0,31.7,3.1,2.0,4.0,5.0,4.0,10.0,30.0,33.3,13.3,10.0,6.1,9.1,38.0,32.7,35.3,39.6,27.7,29.7,5.0,3.0,5.1,7.0,30.0,26.7,21.8,39.0,4.0,4.0,2.0,4.0,39.2,44.1,4.0,4.0,30.7,30.7,18.0,25.7,37.4,3.0,10.9,10.0,7.0,7.1,13.9,17.0,21.0,22.0
1772939194.7155538,12.4,8.2,18.8,18.2,35.7,32.3,3.1,2.0,5.2,9.3,6.1,5.1,32.0,27.8,31.3,25.5,8.2,6.2,36.4,34.7,37.0,39.0,20.0,19.0,4.1,5.0,10.0,4.1,31.3,29.3,18.2,35.0,4.1,4.0,5.1,4.1,41.4,39.8,2.0,2.1,32.0,32.0,21.4,21.2,37.0,4.0,11.0,7.2,6.1,7.2,21.2,21.6,23.2,15.6
1772939195.7156456,13.5,7.0,19.2,13.3,35.7,38.4,3.0,5.1,1.0,4.1,3.0,3.1,33.7,22.8,36.7,36.7,12.1,5.1,28.0,41.6,35.6,37.0,12.1,10.2,4.0,4.1,6.1,6.9,28.0,28.0,32.0,29.6,4.1,6.1,2.1,1.0,38.6,40.6,1.0,2.0,31.3,31.0,30.3,20.0,19.8,3.0,8.1,9.0,5.1,4.1,16.0,18.2,26.3,26.0
1772939196.7202878,12.2,6.1,16.8,18.8,33.0,35.3,3.0,6.9,7.0,13.0,4.0,29.4,33.0,30.7,14.9,15.0,5.9,9.0,33.7,32.0,34.3,36.5,24.5,25.5,3.0,4.0,5.1,8.9,30.4,28.4,39.6,42.3,8.0,8.9,2.0,4.0,39.6,40.0,3.0,2.0,32.4,31.7,24.8,21.0,2.0,3.0,8.0,6.0,5.9,8.0,6.0,10.0,22.8,19.8
1772939197.7209196,13.5,7.1,18.2,11.2,38.8,36.4,4.2,4.1,13.5,5.2,6.1,12.2,27.6,30.3,9.3,4.1,7.2,12.1,41.4,26.3,37.0,34.3,23.2,20.2,3.1,6.1,7.1,5.2,26.3,30.0,42.4,39.8,8.2,3.1,2.0,6.2,39.4,37.4,7.1,1.0,38.6,43.4,21.4,19.4,2.1,3.1,8.2,8.2,4.2,5.2,22.7,23.5,15.5,17.5
1772939198.7210038,9.0,0.0,0.0,2.0,5.0,9.0,0.0,0.0,5.9,6.2,0.0,1.0,4.0,4.1,34.3,31.3,10.1,12.1,0.0,0.0,2.0,1.0,29.7,23.2,0.0,0.0,2.0,1.0,0.0,0.0,42.0,38.0,2.0,4.0,2.0,1.0,40.6,10.0,8.0,3.0,38.0,41.6,0.0,0.0,1.0,1.0,0.0,1.0,1.0,2.0,16.7,17.8,0.0,0.0
1772939199.7210937,7.0,0.0,0.0,0.0,0.0,0.0,0.0,0.0,0.0,1.0,0.0,0.0,1.0,0.0,39.4,38.4,0.0,0.0,0.0,0.0,1.0,0.0,31.0,30.7,0.0,0.0,0.0,0.0,0.0,0.0,20.8,40.0,0.0,0.0,1.0,1.0,40.4,0.0,13.3,7.0,40.4,39.0,0.0,0.0,0.0,0.0,0.0,0.0,0.0,0.0,2.0,3.0,0.0,0.0
1772939200.7211723,2.0,0.0,0.0,0.0,0.0,0.0,0.0,0.0,0.0,0.0,0.0,0.0,0.0,0.0,9.0,8.0,0.0,0.0,0.0,0.0,0.0,0.0,29.7,31.0,1.0,0.0,0.0,0.0,0.0,0.0,20.2,39.0,0.0,0.0,0.0,0.0,40.6,0.0,2.0,0.0,30.7,29.3,1.0,0.0,0.0,1.0,0.0,0.0,0.0,0.0,0.0,0.0,0.0,0.0
1772939201.7212348,0.0,0.0,0.0,0.0,0.0,0.0,0.0,1.0,0.0,0.0,0.0,0.0,0.0,0.0,0.0,0.0,0.0,0.0,0.0,0.0,0.0,0.0,30.7,30.0,0.0,0.0,0.0,0.0,0.0,0.0,25.7,24.2,0.0,0.0,0.0,0.0,30.0,10.9,0.0,0.0,31.0,30.4,0.0,0.0,0.0,0.0,0.0,0.0,0.0,0.0,0.0,0.0,0.0,0.0
1772939202.7213132,1.0,0.0,0.0,0.0,0.0,0.0,0.0,0.0,0.0,0.0,0.0,0.0,0.0,0.0,0.0,0.0,0.0,0.0,0.0,0.0,0.0,0.0,30.0,31.4,1.0,0.0,0.0,0.0,0.0,0.0,2.0,20.8,1.0,0.0,0.0,0.0,21.8,20.0,0.0,0.0,29.0,31.3,0.0,0.0,0.0,0.0,0.0,0.0,0.0,0.0,0.0,0.0,0.0,0.0
1772939203.721388,0.0,1.0,0.0,0.0,0.0,0.0,0.0,0.0,0.0,0.0,0.0,0.0,0.0,0.0,0.0,0.0,0.0,0.0,0.0,0.0,0.0,0.0,30.7,30.7,0.0,1.0,0.0,0.0,0.0,0.0,0.0,20.8,0.0,0.0,0.0,0.0,26.3,14.0,0.0,0.0,19.8,21.0,0.0,0.0,0.0,0.0,0.0,0.0,0.0,1.0,0.0,0.0,0.0,0.0
1772939204.7214606,0.0,0.0,0.0,0.0,0.0,0.0,0.0,0.0,0.0,0.0,0.0,0.0,0.0,0.0,0.0,0.0,0.0,0.0,0.0,0.0,0.0,0.0,30.0,30.0,0.0,0.0,0.0,0.0,0.0,0.0,0.0,20.0,0.0,0.0,0.0,0.0,20.8,14.9,0.0,0.0,19.2,20.8,0.0,0.0,0.0,0.0,0.0,0.0,0.0,0.0,0.0,0.0,0.0,0.0
1772939205.7215426,1.0,0.0,1.0,0.0,0.0,0.0,0.0,0.0,0.0,0.0,0.0,0.0,0.0,0.0,0.0,0.0,0.0,0.0,0.0,0.0,0.0,0.0,31.7,29.7,0.0,0.0,0.0,0.0,0.0,0.0,7.0,8.1,0.0,0.0,0.0,0.0,3.0,0.0,0.0,0.0,15.2,15.0,0.0,0.0,0.0,0.0,0.0,0.0,0.0,0.0,0.0,0.0,0.0,0.0
1772939206.7216225,0.0,0.0,0.0,0.0,0.0,0.0,0.0,0.0,0.0,0.0,0.0,0.0,0.0,0.0,0.0,0.0,0.0,0.0,0.0,0.0,0.0,1.0,22.8,21.2,0.0,0.0,0.0,0.0,0.0,0.0,0.0,0.0,0.0,0.0,0.0,0.0,0.0,0.0,0.0,0.0,10.9,9.1,0.0,0.0,0.0,0.0,0.0,0.0,0.0,0.0,0.0,0.0,0.0,0.0
1772939207.7216847,0.0,0.0,0.0,0.0,0.0,0.0,0.0,0.0,0.0,0.0,0.0,0.0,0.0,0.0,0.0,0.0,0.0,0.0,1.0,0.0,0.0,0.0,11.0,12.9,0.0,0.0,0.0,0.0,0.0,0.0,0.0,0.0,0.0,0.0,0.0,0.0,0.0,0.0,0.0,0.0,10.0,10.0,0.0,0.0,0.0,0.0,0.0,0.0,0.0,0.0,0.0,0.0,0.0,0.0
1772939208.7217476,0.0,0.0,0.0,0.0,0.0,0.0,0.0,0.0,0.0,0.0,0.0,0.0,0.0,0.0,0.0,0.0,0.0,0.0,0.0,0.0,0.0,0.0,1.0,1.0,0.0,0.0,0.0,0.0,0.0,0.0,0.0,0.0,0.0,0.0,0.0,0.0,0.0,0.0,0.0,0.0,9.1,10.0,0.0,0.0,0.0,1.0,0.0,0.0,0.0,0.0,0.0,0.0,0.0,0.0
1772939209.721817,0.0,0.0,0.0,0.0,0.0,0.0,0.0,0.0,0.0,0.0,0.0,0.0,0.0,0.0,0.0,0.0,0.0,0.0,0.0,0.0,0.0,0.0,0.0,0.0,0.0,0.0,0.0,0.0,0.0,0.0,0.0,0.0,0.0,0.0,0.0,0.0,0.0,0.0,0.0,0.0,9.1,10.0,0.0,0.0,0.0,0.0,0.0,0.0,0.0,0.0,0.0,0.0,0.0,0.0
1772939210.7218752,0.0,0.0,0.0,0.0,0.0,0.0,0.0,0.0,0.0,0.0,0.0,0.0,0.0,0.0,0.0,0.0,1.0,0.0,0.0,0.0,0.0,0.0,0.0,0.0,0.0,0.0,0.0,0.0,0.0,0.0,1.0,0.0,0.0,0.0,0.0,0.0,0.0,0.0,0.0,0.0,10.0,10.0,0.0,0.0,0.0,0.0,0.0,0.0,0.0,0.0,0.0,0.0,0.0,0.0
1772939211.721943,0.0,0.0,0.0,0.0,0.0,0.0,0.0,0.0,0.0,0.0,0.0,0.0,0.0,0.0,0.0,0.0,0.0,0.0,0.0,0.0,0.0,0.0,0.0,0.0,0.0,0.0,0.0,0.0,0.0,0.0,0.0,0.0,0.0,0.0,0.0,0.0,0.0,0.0,0.0,0.0,10.9,9.1,0.0,0.0,0.0,0.0,0.0,0.0,0.0,0.0,0.0,0.0,0.0,0.0
1772939212.7220142,0.0,0.0,0.0,0.0,0.0,0.0,0.0,0.0,0.0,0.0,0.0,0.0,0.0,0.0,0.0,0.0,0.0,0.0,0.0,0.0,0.0,0.0,0.0,0.0,0.0,0.0,0.0,0.0,0.0,0.0,0.0,0.0,0.0,0.0,0.0,0.0,0.0,0.0,0.0,0.0,10.0,10.0,0.0,0.0,0.0,0.0,0.0,0.0,0.0,0.0,0.0,0.0,0.0,0.0
1772939213.7220883,0.0,0.0,0.0,0.0,0.0,0.0,0.0,0.0,0.0,0.0,0.0,0.0,0.0,0.0,0.0,0.0,0.0,0.0,0.0,0.0,0.0,0.0,0.0,0.0,0.0,0.0,0.0,0.0,0.0,0.0,0.0,0.0,0.0,0.0,0.0,0.0,0.0,0.0,0.0,0.0,10.0,10.0,0.0,0.0,0.0,0.0,0.0,0.0,0.0,0.0,0.0,0.0,0.0,0.0
1772939214.72216,0.0,0.0,0.0,0.0,0.0,0.0,0.0,0.0,0.0,0.0,0.0,0.0,0.0,0.0,0.0,0.0,0.0,0.0,0.0,0.0,0.0,0.0,0.0,0.0,0.0,0.0,0.0,0.0,0.0,0.0,0.0,0.0,0.0,0.0,0.0,0.0,0.0,0.0,0.0,0.0,1.0,3.0,0.0,0.0,0.0,0.0,0.0,0.0,0.0,0.0,0.0,0.0,0.0,0.0
