timestamp,CPU_0(group_0),CPU_64(group_0),CPU_2(group_0),CPU_66(group_0),CPU_4(group_0),CPU_68(group_0),CPU_6(group_0),CPU_70(group_0),CPU_8(group_0),CPU_72(group_0),CPU_10(group_0),CPU_74(group_0),CPU_12(group_0),CPU_76(group_0),CPU_14(group_0),CPU_78(group_0),CPU_16(group_0),CPU_80(group_0),CPU_18(group_0),CPU_82(group_0),CPU_20(group_0),CPU_84(group_0),CPU_22(group_0),CPU_86(group_0),CPU_24(group_0),CPU_88(group_0),CPU_26(group_0),CPU_90(group_0),CPU_28(group_0),CPU_92(group_0),CPU_30(group_0),CPU_94(group_0),CPU_32(group_0),CPU_96(group_0),CPU_34(group_0),CPU_98(group_0),CPU_36(group_0),CPU_100(group_0),CPU_38(group_0),CPU_102(group_0),CPU_40(group_0),CPU_104(group_0),CPU_42(group_0),CPU_106(group_0),CPU_44(group_0),CPU_108(group_0),CPU_46(group_0),CPU_110(group_0),CPU_48(group_0),CPU_112(group_0),CPU_50(group_0),CPU_114(group_0),CPU_52(group_0),CPU_116(group_0)
1772854182.707661,0.0,0.0,0.0,100.0,0.0,0.0,0.0,0.0,0.0,0.0,100.0,0.0,0.0,0.0,0.0,0.0,0.0,0.0,100.0,0.0,0.0,0.0,100.0,0.0,0.0,0.0,100.0,0.0,0.0,0.0,0.0,0.0,0.0,0.0,0.0,0.0,0.0,0.0,0.0,100.0,0.0,0.0,0.0,0.0,0.0,0.0,0.0,0.0,0.0,0.0,100.0,0.0,0.0,100.0
1772854183.7090383,40.4,31.3,54.1,53.0,76.0,74.7,60.6,53.0,22.7,23.7,39.4,42.4,43.0,47.0,42.0,44.9,55.3,46.0,40.8,36.4,78.8,79.8,65.0,71.0,17.7,17.3,62.2,59.6,67.7,74.3,73.0,74.7,52.5,46.0,36.4,36.5,38.8,49.0,58.4,36.4,68.0,58.0,51.5,49.5,33.7,32.3,49.0,46.5,26.8,27.6,70.0,67.7,50.5,46.9
1772854184.709406,27.1,30.7,44.4,56.6,54.5,53.9,42.4,48.0,29.3,35.0,35.7,30.6,29.6,32.0,31.6,32.0,36.4,40.4,25.3,30.3,73.3,76.2,67.7,61.6,14.1,14.0,35.4,45.0,53.0,53.5,62.6,68.0,20.4,22.4,26.5,40.4,52.5,45.5,43.0,44.0,36.4,42.0,33.0,34.3,23.5,20.2,30.3,39.0,27.0,21.6,55.6,51.0,45.9,45.9
1772854185.7110546,37.1,16.2,49.0,46.5,42.4,41.4,41.0,33.3,18.0,27.3,31.0,41.2,23.8,32.7,24.5,19.2,32.3,18.8,33.0,17.0,56.0,57.6,45.1,50.5,16.3,20.0,37.0,44.6,36.4,42.9,77.0,71.0,16.2,9.1,25.3,36.6,33.3,39.0,30.3,42.4,28.6,32.0,53.5,49.0,18.0,12.1,40.0,26.3,20.2,17.2,47.5,30.6,42.0,30.9
1772854186.7112596,31.2,25.0,35.4,30.3,36.6,36.6,37.8,29.0,11.2,22.8,34.0,25.0,26.0,19.2,11.0,16.2,30.7,11.1,23.0,18.2,51.0,46.5,44.4,33.3,7.1,23.2,32.7,42.9,37.6,35.6,67.0,63.6,4.1,12.1,23.2,13.4,30.3,27.0,28.3,34.0,28.0,22.2,48.5,46.5,9.0,4.1,26.0,8.2,28.0,14.4,28.3,26.0,32.0,25.3
1772854187.7115965,27.1,26.0,29.3,28.0,30.3,25.5,22.4,20.2,7.1,20.2,32.3,15.2,23.2,26.7,9.2,5.2,13.3,25.0,23.0,8.0,22.4,21.0,23.2,27.0,22.5,12.1,36.6,35.0,30.7,21.2,50.0,65.3,7.1,7.1,24.0,8.1,15.3,25.3,24.2,23.0,24.2,22.2,48.0,45.0,4.1,5.1,21.2,12.2,28.0,13.0,18.8,35.0,31.7,21.8
1772854188.712782,35.7,21.2,36.1,31.7,39.0,38.2,26.5,34.3,20.4,17.0,19.2,40.0,23.8,17.2,12.1,5.1,14.1,22.2,27.0,33.3,33.3,41.4,38.4,32.3,18.2,21.2,58.6,30.0,24.2,33.0,67.0,65.0,10.2,7.2,25.0,9.0,35.0,35.4,29.0,38.4,32.0,30.3,48.5,47.5,27.3,25.0,13.3,19.2,25.0,19.8,21.2,33.0,29.3,23.2
1772854189.715731,24.5,24.0,40.0,38.0,30.3,41.4,36.0,29.3,27.0,11.1,16.8,41.2,22.8,18.8,6.1,9.9,24.0,23.0,5.9,29.7,30.3,28.0,38.6,34.0,21.0,14.3,48.5,38.0,34.7,40.0,57.4,67.3,10.1,6.1,23.2,9.2,26.0,31.7,32.7,40.0,29.0,30.4,46.0,48.0,14.1,16.0,15.0,27.0,13.0,32.0,25.5,29.0,27.3,27.0
1772854190.7181556,22.9,26.3,28.0,30.0,29.3,25.0,26.0,19.8,32.7,12.4,18.6,40.8,28.3,31.0,3.1,10.1,27.3,27.3,16.0,25.0,31.0,33.0,34.3,33.0,16.0,27.7,47.0,41.8,28.3,35.6,67.0,56.4,16.2,18.2,24.2,16.0,22.2,29.3,22.0,34.0,43.0,36.4,40.4,51.5,19.0,11.1,8.2,24.0,13.3,24.2,41.0,48.5,33.3,24.5
1772854191.7186427,23.7,31.7,31.6,26.3,35.4,26.3,25.8,36.4,29.6,15.3,29.7,21.4,27.3,29.3,18.0,15.3,37.4,24.2,13.1,29.1,34.3,31.0,36.0,25.3,25.0,19.4,49.5,41.6,26.3,41.0,61.0,62.4,16.7,14.1,28.3,22.4,13.4,30.0,27.3,30.3,34.7,35.1,44.0,50.0,15.3,13.3,16.2,21.2,25.7,17.2,13.3,42.6,39.4,22.2
1772854192.7231524,22.2,27.0,27.7,32.0,38.0,35.0,26.0,35.3,23.0,9.0,38.0,32.0,28.4,11.0,18.2,15.3,30.7,14.3,15.0,24.5,20.8,21.2,33.3,27.3,23.5,10.9,38.4,32.4,22.8,36.9,68.3,54.0,26.0,25.0,14.9,35.0,28.0,34.0,23.5,30.0,25.3,22.8,50.0,43.0,11.1,8.1,17.8,18.2,22.8,18.0,34.7,49.5,35.0,37.0
1772854193.7237518,34.0,18.4,29.9,33.3,46.9,51.0,28.3,25.8,25.5,6.1,32.3,48.0,27.7,21.2,8.2,13.1,24.0,20.2,25.5,34.7,36.1,39.0,36.7,37.6,34.4,20.4,51.0,41.8,33.0,40.0,65.7,64.4,26.3,26.3,15.3,24.5,52.0,42.4,40.0,33.0,33.3,32.7,45.5,56.0,23.5,24.5,10.4,22.4,11.1,30.0,40.0,55.4,38.4,35.4
1772854194.7238514,33.7,26.0,40.4,45.5,45.5,47.0,37.4,39.0,25.0,13.3,36.0,44.6,29.0,15.0,9.3,11.1,9.2,28.0,33.3,20.2,33.7,38.4,34.0,36.4,19.8,25.7,38.2,40.0,36.0,25.0,68.0,62.0,26.0,28.3,10.2,22.0,40.4,30.7,37.0,38.4,25.3,30.3,48.5,45.0,11.1,9.1,20.0,20.2,29.6,13.1,51.0,44.6,35.7,40.0
1772854195.7239368,32.7,11.2,31.3,26.3,41.0,43.4,31.3,27.0,16.2,16.3,38.4,39.0,17.2,16.3,12.1,13.4,11.1,26.5,18.2,25.0,32.3,24.0,35.7,36.4,18.4,22.4,35.4,34.0,26.3,20.4,66.3,58.0,24.8,25.3,7.1,23.5,42.2,34.3,25.7,34.7,29.0,28.0,46.5,52.0,5.1,7.2,25.3,9.2,26.7,18.2,57.0,40.4,32.0,37.4
1772854196.7241864,24.2,16.8,26.3,28.3,36.7,40.0,22.2,22.0,18.2,21.2,44.1,31.3,18.0,20.8,5.1,10.2,19.2,28.7,10.1,25.0,20.2,25.5,32.7,33.7,9.2,23.8,30.0,41.4,21.2,38.6,62.0,49.5,29.6,34.3,13.3,18.4,24.0,37.0,17.3,31.3,26.0,28.3,44.0,48.0,9.1,11.1,16.2,21.2,19.4,17.2,43.6,50.0,42.0,35.0
1772854197.7252142,17.7,33.7,24.2,38.0,50.5,45.0,30.3,34.0,21.4,27.0,22.4,48.5,32.0,28.0,9.3,15.0,37.0,23.5,17.8,22.2,39.8,31.3,33.0,32.0,25.3,15.0,60.0,39.6,28.0,27.0,59.0,47.5,33.0,39.0,24.2,18.0,29.6,33.7,27.3,29.7,36.7,28.3,51.0,40.0,27.0,22.2,12.2,17.2,21.0,23.2,43.4,42.4,42.0,34.0
1772854198.7253847,40.4,16.3,34.4,33.3,48.5,39.4,29.3,28.6,25.5,21.6,32.3,42.4,33.3,34.3,12.4,19.6,27.8,22.4,21.2,26.0,29.3,28.3,30.0,21.2,19.2,26.8,46.9,43.4,34.3,21.0,37.4,45.5,34.3,36.4,29.6,19.6,40.6,44.0,32.3,50.0,36.0,40.8,47.5,45.0,17.5,19.2,23.2,14.3,23.2,18.2,44.4,40.4,44.9,43.9
1772854199.7261767,29.6,27.0,46.5,38.6,47.5,40.6,21.4,34.0,12.1,18.0,41.0,44.6,26.0,16.8,17.2,14.4,20.2,28.3,25.3,23.8,25.3,21.8,25.5,33.0,23.0,17.0,40.0,34.0,33.7,25.5,59.0,50.5,25.3,29.0,20.4,26.3,36.1,41.0,35.0,32.3,29.6,28.0,42.6,48.5,18.0,18.4,17.2,22.2,18.0,23.0,46.1,59.8,34.7,31.0
1772854200.728529,35.7,22.2,32.0,29.0,46.5,41.6,27.8,30.3,24.2,24.0,41.0,39.6,25.3,16.3,13.1,8.2,12.4,25.0,21.4,18.0,38.0,39.6,45.0,34.7,16.5,15.3,33.0,35.0,26.5,33.3,52.0,49.0,25.5,31.3,24.2,15.3,36.6,34.7,24.2,20.4,25.0,30.3,53.5,38.6,6.2,10.2,25.5,12.1,15.2,25.3,48.0,51.0,34.0,36.0
1772854201.7343595,38.1,14.1,34.0,26.0,46.0,40.0,26.3,29.4,20.0,10.0,22.0,16.2,16.2,24.0,11.1,4.1,9.2,11.1,26.7,16.8,35.4,26.2,31.4,35.6,21.6,16.2,26.3,34.3,15.2,21.0,54.9,57.4,26.3,24.0,4.0,9.2,33.7,29.0,33.0,35.4,25.3,24.8,53.5,41.0,10.1,9.1,17.2,7.1,10.3,10.1,36.0,47.5,32.0,33.3
1772854202.7347465,26.3,23.2,27.6,27.3,45.0,51.5,26.7,38.0,8.2,6.2,20.2,19.2,24.5,20.0,40.4,13.1,13.0,11.1,13.1,20.2,33.0,30.3,36.4,32.3,23.2,14.1,47.5,25.7,14.3,19.8,51.5,39.0,27.7,25.3,2.1,9.1,36.0,33.3,33.3,25.3,30.7,24.2,52.0,43.4,12.1,10.4,9.2,10.2,14.0,11.1,34.0,41.6,40.0,31.3
1772854203.7361636,26.0,27.5,40.0,34.7,33.0,38.4,31.0,40.4,9.1,7.0,18.6,15.3,24.0,19.2,28.0,5.2,22.2,11.1,15.7,17.2,28.3,32.7,30.6,35.0,12.0,11.0,28.7,23.5,27.7,15.2,39.0,37.4,31.0,31.7,7.1,8.1,22.0,30.7,27.5,23.0,29.0,30.7,43.0,53.0,9.9,11.0,9.9,4.0,14.3,10.1,30.7,40.6,40.4,34.3
1772854204.7362509,31.6,21.4,26.8,24.7,31.3,41.4,26.8,36.4,20.4,13.3,17.2,21.2,27.6,27.7,4.1,10.1,19.4,17.5,13.3,15.0,38.0,28.7,35.4,35.4,10.3,8.2,42.6,29.3,32.3,17.5,37.8,33.7,35.0,38.8,6.2,7.2,31.0,28.6,31.6,21.0,27.6,30.3,45.5,48.5,36.7,30.3,12.4,4.1,15.2,8.1,34.0,38.0,42.0,45.9
1772854205.7403731,32.0,22.8,24.8,33.7,33.7,31.0,31.3,30.3,24.5,24.0,29.0,21.0,32.0,30.0,24.2,17.5,25.5,22.8,12.2,19.2,35.0,26.5,40.2,42.0,8.1,16.2,40.8,35.0,30.3,20.0,34.7,33.7,32.3,28.0,26.0,23.0,23.2,31.0,28.0,16.2,17.3,35.7,54.9,44.0,26.0,22.2,10.1,16.2,10.2,13.3,39.0,57.8,45.5,38.6
1772854206.7404544,30.2,20.4,20.6,23.2,39.4,36.4,29.0,33.0,28.0,9.2,40.4,35.4,15.8,25.0,17.2,22.0,17.0,19.4,21.2,10.2,33.3,34.7,38.8,34.3,9.3,41.0,48.5,35.0,15.3,33.0,36.0,40.0,16.3,15.3,19.2,35.4,23.2,19.6,24.2,13.0,16.2,22.2,55.6,38.4,9.1,11.1,11.1,19.2,15.2,29.0,41.0,39.0,41.2,30.6
1772854207.7411292,29.3,23.0,17.2,21.0,25.5,29.7,32.3,29.3,25.0,8.1,28.0,45.5,15.0,21.8,11.1,16.2,27.0,7.1,28.7,6.9,22.0,27.3,33.7,28.7,22.8,29.3,50.5,34.0,20.2,13.1,39.8,48.5,8.0,11.9,13.3,23.2,29.0,32.4,26.7,26.3,12.0,23.0,29.7,26.7,10.0,14.1,12.1,22.2,27.0,11.1,24.2,29.0,41.0,30.7
1772854208.7412062,30.9,23.2,26.3,34.0,26.0,42.4,18.2,33.3,23.0,7.1,27.7,43.6,19.0,20.4,6.2,9.1,29.0,12.1,34.0,11.2,33.3,33.3,30.0,28.6,14.1,19.8,40.0,29.3,19.2,20.2,53.9,47.0,4.0,11.0,22.2,10.0,25.0,17.3,35.4,20.2,14.1,34.0,25.0,27.8,5.2,11.1,13.3,22.0,29.0,11.0,29.7,31.0,16.3,25.3
1772854209.7473476,26.0,12.9,40.0,40.0,37.4,41.6,29.0,32.4,25.0,9.1,27.7,26.7,25.0,15.8,32.7,15.2,50.0,45.5,32.0,16.8,22.0,22.0,32.7,28.3,15.7,20.8,35.6,34.7,13.1,28.0,83.8,67.7,3.1,7.9,24.0,6.1,30.7,16.8,40.6,21.8,23.0,25.3,30.4,27.7,13.0,23.0,10.0,34.3,14.1,27.3,26.0,36.6,27.0,23.5
1772854210.751218,35.4,15.0,33.7,24.0,34.0,34.7,28.3,26.5,17.2,11.1,43.0,21.8,24.8,15.8,14.3,19.4,37.4,40.2,26.0,14.9,29.0,31.3,31.3,39.2,10.2,23.0,43.0,26.3,17.0,32.0,59.8,74.3,9.1,10.4,17.2,13.3,35.6,21.2,24.0,36.0,25.0,30.0,28.0,26.5,16.2,18.0,21.2,31.3,25.7,14.0,21.4,26.3,22.0,36.0
1772854211.7551386,33.0,24.2,32.7,29.0,20.6,40.6,36.0,28.7,25.7,13.3,24.8,22.2,35.3,31.3,10.9,6.0,24.5,29.0,27.7,14.0,34.7,30.0,42.0,37.0,23.2,13.1,42.0,35.4,33.3,25.3,72.3,52.0,11.2,20.2,24.2,18.2,28.3,25.3,31.7,31.0,43.4,38.6,39.6,43.0,25.7,18.2,21.2,17.2,15.2,16.2,37.6,45.1,33.0,37.4
1772854212.7601233,32.0,21.0,23.5,33.3,31.0,40.0,28.6,24.2,13.4,19.0,7.1,6.1,28.3,34.3,16.3,16.2,16.0,11.3,21.8,19.2,31.7,30.3,30.3,30.6,24.0,23.0,37.3,55.0,31.0,33.7,60.0,56.6,13.3,22.2,25.3,27.6,32.0,29.3,22.0,28.3,41.4,42.4,48.0,38.4,20.4,21.4,9.1,10.1,13.4,28.3,26.7,24.5,23.7,35.4
1772854213.7647007,26.8,27.7,36.0,35.6,23.0,36.4,18.8,31.0,10.1,8.1,10.1,5.1,13.0,24.8,17.3,14.4,7.1,11.1,21.0,22.2,19.0,27.6,32.0,31.7,14.1,15.8,17.2,36.6,18.0,34.7,48.5,40.6,10.1,5.1,24.0,24.8,18.2,12.0,26.0,25.5,25.0,24.0,43.0,50.5,11.1,11.8,15.3,20.0,18.2,21.0,14.1,33.7,21.8,33.3
1772854214.765654,24.5,21.4,27.3,32.3,29.9,39.4,33.7,26.7,7.1,4.1,14.9,12.1,20.0,13.3,16.0,11.1,9.0,11.2,27.0,31.0,26.5,31.0,28.7,35.0,22.8,13.1,21.4,33.3,25.0,31.0,44.1,37.0,10.2,7.1,22.2,9.2,23.8,32.7,25.0,25.0,25.0,22.0,46.0,47.5,15.2,16.3,23.2,17.0,19.6,18.2,26.7,27.0,26.0,22.4
1772854215.7705219,36.4,19.6,33.3,24.0,36.7,34.0,39.0,29.3,8.1,5.1,4.0,9.1,17.8,23.0,4.0,15.0,11.1,8.1,16.2,19.6,30.0,21.0,42.6,35.0,17.2,19.0,29.0,26.0,39.0,24.2,40.6,43.1,5.1,11.1,6.0,10.1,31.0,33.7,16.2,19.8,29.0,25.3,39.6,48.1,10.0,9.0,15.8,16.2,18.0,19.2,25.0,22.2,24.2,30.3
1772854216.7706077,29.9,18.4,22.4,23.5,35.0,19.4,24.0,27.3,6.1,11.1,7.1,6.1,11.1,25.0,7.1,4.0,11.0,10.9,17.8,22.0,19.8,32.0,30.6,33.3,17.2,13.1,24.2,24.2,23.0,29.0,41.4,33.0,4.0,8.0,7.1,5.1,27.3,25.3,11.1,19.4,21.0,10.1,43.6,44.4,10.2,12.0,8.2,15.2,6.1,13.1,19.4,10.1,27.7,21.0
1772854217.7706897,32.7,24.8,35.4,23.8,33.3,29.6,24.2,30.7,19.2,13.1,16.8,26.3,14.0,21.0,7.1,12.1,15.2,27.0,15.3,9.2,22.4,31.0,33.3,28.3,23.0,13.1,43.1,41.6,27.0,25.7,37.4,44.4,21.4,22.4,5.1,6.0,24.8,16.2,13.1,13.3,32.0,29.0,39.0,54.5,9.1,10.2,8.1,4.0,11.0,11.1,13.0,22.2,38.4,27.3
1772854218.7722323,21.4,26.5,36.7,18.2,21.8,21.0,39.4,31.3,24.2,25.0,26.3,32.7,31.0,31.0,7.1,8.2,25.3,28.9,19.2,10.0,36.4,29.6,37.4,33.0,7.2,10.1,35.0,46.5,32.7,31.7,58.4,40.6,26.3,24.0,27.6,6.1,18.2,14.3,21.0,23.8,30.7,31.0,48.5,46.0,16.0,16.2,5.1,11.2,13.4,8.0,31.0,30.6,36.4,34.0
1772854219.7724984,26.3,28.3,36.4,33.0,37.0,38.0,21.4,34.3,21.6,25.8,28.0,30.6,28.6,31.0,18.2,16.0,30.6,28.3,17.2,20.2,32.0,24.2,39.0,25.3,11.1,7.2,49.5,45.5,38.6,38.4,68.3,62.0,25.5,25.5,26.3,14.4,19.4,25.7,33.7,39.4,35.7,36.1,38.4,41.4,24.0,22.4,7.1,10.2,11.1,8.2,44.0,42.4,24.8,26.3
1772854220.7743652,37.4,20.0,19.4,22.4,29.6,37.0,29.3,23.0,13.0,21.0,47.0,18.2,16.0,29.0,32.7,18.4,12.1,27.0,9.0,11.2,38.4,23.2,44.0,36.4,8.2,7.1,35.7,45.0,25.0,28.3,62.6,60.4,24.0,26.3,34.0,20.4,39.6,38.4,23.5,32.3,34.7,31.3,39.0,53.9,17.5,17.2,10.1,19.0,24.5,15.3,62.4,56.6,34.3,34.3
1772854221.775572,33.3,21.2,16.3,17.0,38.1,36.6,37.0,26.5,8.3,6.1,24.0,18.2,28.6,16.8,36.4,15.2,11.1,15.0,26.0,18.0,35.4,34.3,36.4,34.7,19.0,10.1,22.2,30.0,27.7,37.3,54.0,67.0,29.0,27.0,24.5,24.2,37.0,35.4,30.0,28.0,16.0,24.2,50.5,43.4,5.1,6.1,26.0,13.1,28.7,15.2,43.4,55.9,40.6,33.3
1772854222.7757745,40.6,17.2,25.3,20.2,48.5,43.9,32.0,27.0,8.2,6.1,16.2,17.2,19.4,17.2,23.5,9.1,14.0,15.5,21.0,19.2,29.6,34.0,38.6,36.6,17.0,19.2,38.0,26.3,33.0,36.6,51.5,53.0,24.2,27.3,13.3,30.0,37.8,29.7,22.0,32.0,10.4,25.3,44.4,51.0,14.0,19.4,24.2,11.0,24.0,18.2,37.6,56.4,35.4,38.4
1772854223.7758582,28.1,16.2,33.7,37.4,42.4,47.0,43.6,28.3,7.1,4.2,15.3,17.0,14.9,21.8,11.0,5.1,8.2,9.0,15.2,29.0,25.0,28.6,30.3,33.7,8.2,25.0,21.6,28.3,27.0,29.7,33.0,25.3,30.0,38.2,26.0,17.2,39.6,35.4,22.2,9.1,18.0,20.2,49.5,44.4,15.3,13.1,24.0,16.3,27.0,15.3,50.0,40.0,43.6,40.4
1772854224.7816672,29.3,32.0,43.6,42.6,49.5,44.0,31.6,32.3,8.1,6.0,19.4,18.2,19.2,22.0,12.0,5.1,16.2,20.2,23.8,31.0,25.7,31.3,33.0,34.0,8.1,28.7,22.8,35.9,32.0,26.0,35.6,38.4,34.3,36.4,26.7,8.9,39.6,28.0,16.8,22.2,7.9,23.0,46.5,47.5,10.0,12.0,22.2,15.0,24.8,15.2,52.9,40.0,53.5,38.0
1772854225.7842438,26.8,33.0,34.3,32.3,43.4,43.1,25.7,33.3,29.3,12.1,27.3,19.4,36.0,35.0,11.3,13.3,21.2,21.4,25.3,24.0,33.3,21.8,31.6,30.0,28.7,13.3,43.0,36.4,24.0,43.0,28.0,39.2,33.7,34.3,10.2,13.1,42.4,40.6,31.7,36.0,25.8,18.4,34.3,25.0,20.4,18.6,24.5,16.2,22.0,16.2,39.0,37.6,40.0,33.7
1772854226.7863533,26.8,23.0,37.4,34.0,44.0,39.4,23.8,22.7,32.0,16.3,29.0,45.5,31.0,30.3,16.3,13.0,12.4,29.7,21.2,19.0,28.0,25.5,32.0,39.6,12.2,24.2,36.4,40.0,15.2,27.7,38.4,41.0,23.5,25.0,17.3,24.5,39.0,49.5,17.0,10.1,41.4,34.0,24.8,25.3,15.0,13.4,15.2,8.1,10.1,18.4,46.0,52.9,30.0,31.0
1772854227.7869518,28.3,30.0,41.0,29.0,40.0,42.4,30.6,21.8,27.3,11.1,21.2,53.5,19.0,24.2,20.0,17.3,7.1,27.3,15.8,20.8,22.7,23.2,36.6,35.6,11.2,16.8,46.0,50.5,19.8,21.2,54.9,44.6,23.8,30.0,30.7,23.7,33.7,31.3,33.3,21.2,34.7,32.3,27.0,22.0,14.3,15.0,7.1,6.1,12.9,29.0,39.6,50.0,36.6,32.7
1772854228.7870326,17.5,39.0,29.6,22.0,44.4,46.0,34.3,29.9,23.2,8.2,42.6,28.0,13.3,23.2,16.2,9.2,13.1,27.0,9.2,26.7,23.5,31.3,38.4,26.3,13.0,14.1,36.4,49.5,14.4,18.0,52.0,38.4,24.2,28.0,21.4,21.8,25.5,32.7,34.3,18.4,31.3,32.3,33.3,28.0,10.9,16.2,10.2,6.1,21.2,20.2,40.6,46.5,35.4,32.0
1772854229.787115,37.5,21.0,28.9,33.3,29.6,41.6,25.0,33.7,24.5,10.0,42.4,35.4,17.0,23.0,9.2,4.1,26.5,21.2,21.4,32.3,32.3,40.4,30.6,35.0,18.0,18.0,27.0,49.5,23.5,24.0,55.4,49.0,27.6,28.3,11.2,25.3,30.6,35.0,32.3,15.2,22.0,21.4,44.0,52.5,14.3,12.2,8.2,6.1,22.0,22.4,46.5,44.4,26.3,34.7
1772854230.7895663,24.0,30.0,41.0,30.7,35.4,37.6,32.0,32.3,18.2,18.4,44.6,35.4,24.0,15.8,7.1,12.0,18.0,19.2,27.7,25.0,31.7,25.0,41.2,25.3,19.4,20.2,32.3,41.6,22.0,19.4,56.0,49.0,34.3,28.7,12.2,11.3,42.4,39.4,45.5,31.4,26.3,24.0,46.0,49.5,11.2,14.9,10.9,12.1,30.0,10.2,42.6,47.0,45.0,44.9
1772854231.7909117,30.6,16.2,36.1,26.5,31.0,30.3,26.5,22.8,17.2,7.1,34.3,29.0,22.8,14.1,7.1,11.2,21.2,29.4,15.2,26.0,33.7,38.0,48.0,45.0,19.0,20.0,37.4,27.0,25.3,27.7,51.5,53.5,29.3,20.4,13.3,10.0,49.5,46.5,33.0,25.3,26.7,29.0,43.0,45.0,9.1,8.2,6.2,10.1,9.2,12.0,48.0,49.0,49.5,45.5
1772854232.7912505,25.5,22.0,26.8,29.3,35.4,37.0,27.3,14.4,30.3,13.1,40.6,30.3,27.0,35.4,7.3,10.1,21.4,30.2,14.9,8.2,27.7,22.2,28.9,36.0,16.3,17.2,39.0,28.6,22.2,16.3,44.4,49.5,26.3,26.0,7.2,8.2,32.3,19.4,20.6,22.2,22.4,26.0,43.9,42.0,14.1,10.2,23.0,14.1,8.2,8.2,25.0,33.0,39.0,31.0
1772854233.7913334,24.5,41.0,23.7,30.3,37.8,48.0,30.0,28.0,27.6,21.4,43.4,31.3,35.0,33.0,17.2,14.1,14.0,30.3,16.2,9.3,27.3,27.6,35.3,39.0,15.3,6.2,66.3,48.0,20.4,18.2,48.0,48.5,17.3,18.4,16.0,12.4,22.2,20.4,22.0,22.0,43.0,31.3,42.0,58.0,25.5,22.2,23.2,10.1,12.0,16.2,20.4,35.4,37.0,39.0
1772854234.7929966,18.7,37.4,35.4,34.0,41.4,36.7,40.8,37.8,23.5,18.6,35.0,43.4,31.0,28.0,17.2,16.5,24.2,23.0,17.8,16.0,33.3,29.7,34.3,26.0,11.0,8.2,44.0,50.5,29.0,16.3,47.5,68.3,8.2,15.3,17.3,24.5,11.1,8.2,33.3,26.3,33.3,32.0,47.5,46.5,15.2,21.2,17.0,20.2,17.3,9.1,19.2,23.0,35.4,35.0
1772854235.7930715,26.0,28.0,24.7,24.8,29.2,36.6,31.0,28.7,16.3,16.2,35.6,42.2,30.0,19.0,17.5,23.5,21.0,21.4,18.4,24.2,24.5,24.2,35.4,40.0,5.2,4.1,25.3,42.4,22.2,15.3,63.4,68.4,7.2,8.1,13.3,29.0,22.2,19.0,33.0,43.6,27.3,32.4,47.5,48.5,10.2,12.0,18.2,25.3,16.2,25.0,29.7,30.7,43.1,35.4
1772854236.7957306,19.8,23.5,7.1,24.0,36.3,25.5,28.3,38.4,11.0,19.2,19.2,20.0,31.4,19.0,8.0,8.9,8.0,28.7,12.0,31.1,23.8,33.0,32.7,36.0,9.8,6.0,26.7,23.8,15.2,19.8,64.6,60.8,9.0,5.1,7.0,23.0,30.3,25.0,29.3,31.0,23.2,28.3,43.0,39.4,11.2,7.1,10.1,14.7,15.2,26.3,30.7,26.5,28.3,30.3
1772854237.7970562,23.2,33.3,22.4,15.3,41.4,31.0,29.0,30.0,9.0,16.2,24.7,13.3,26.0,15.2,10.3,3.0,13.3,15.2,22.0,14.3,27.3,21.2,23.0,35.6,11.3,17.0,27.3,25.3,15.3,20.2,56.4,65.7,14.0,11.0,13.1,25.3,19.2,19.2,29.6,20.2,23.0,24.2,25.0,30.0,9.0,3.1,7.0,7.2,14.1,25.0,38.4,13.1,26.0,37.4
1772854238.7971458,19.8,35.4,24.2,10.1,29.6,34.3,21.4,28.6,2.1,9.1,27.3,12.1,21.2,26.0,4.0,9.1,21.4,13.3,30.3,8.0,25.0,27.3,31.0,33.0,10.1,24.0,39.4,30.3,16.2,25.0,50.5,48.5,16.5,12.0,6.2,23.8,15.2,24.0,16.0,26.0,31.0,29.3,15.2,33.7,20.2,23.8,5.1,12.7,30.7,6.1,27.7,21.4,35.7,24.8
1772854239.7984278,24.2,31.3,25.5,31.7,31.3,20.0,24.8,29.0,14.0,29.6,15.0,6.1,31.7,34.7,10.0,6.1,20.2,18.2,29.7,8.2,27.3,37.0,34.7,28.3,15.0,24.0,35.6,24.0,28.0,29.3,52.9,43.6,14.3,14.3,14.9,16.3,25.5,18.6,14.0,17.0,24.2,19.2,34.3,26.7,16.2,16.0,6.1,8.1,20.4,24.0,31.7,22.2,28.7,21.4
1772854240.798702,26.5,20.2,35.0,31.0,15.2,25.5,19.6,23.0,15.2,22.2,21.0,36.0,26.0,23.2,12.1,11.0,11.1,12.1,30.0,25.7,26.3,18.8,28.6,32.0,23.0,12.0,42.0,38.0,19.0,32.4,41.6,44.6,8.9,6.1,20.4,18.8,10.1,26.5,20.0,24.0,29.3,23.5,44.6,35.0,16.2,15.2,8.1,18.0,10.1,15.0,14.1,20.2,22.0,16.2
1772854241.7997704,26.5,26.0,35.1,26.3,27.3,22.4,28.3,20.4,26.3,13.3,20.4,34.7,26.3,25.0,19.2,15.3,22.4,16.2,14.1,13.9,22.0,32.0,25.7,36.0,26.0,7.1,48.0,41.0,34.0,28.0,40.4,45.0,8.2,8.0,23.5,28.3,43.0,27.3,24.2,25.3,28.3,20.2,48.0,44.4,17.0,18.2,17.2,18.4,8.2,11.2,26.0,47.5,18.2,23.2
1772854242.8038747,28.6,24.0,31.0,27.3,40.0,29.7,26.3,23.2,23.0,9.2,37.6,18.0,26.5,19.2,13.1,19.4,9.1,29.7,11.1,9.1,35.0,43.0,47.0,35.0,21.2,14.1,45.5,27.3,24.0,37.0,59.4,49.0,5.1,9.1,23.0,27.6,24.0,27.7,26.3,22.0,21.0,9.9,47.5,46.0,6.0,6.2,9.1,22.8,10.0,11.0,28.3,30.6,32.3,19.0
1772854243.8049748,37.4,18.4,29.9,36.6,35.4,38.4,24.0,33.7,19.4,15.0,29.0,26.7,21.2,18.6,6.1,9.1,10.0,26.0,9.0,13.3,22.4,26.8,28.0,32.0,14.0,19.0,38.6,31.0,23.0,39.0,53.5,62.0,16.0,19.4,21.4,12.1,18.0,14.1,26.0,33.0,23.2,22.2,43.6,44.0,16.2,21.0,9.3,27.0,12.1,9.2,30.0,19.4,34.0,31.0
1772854244.8054528,22.7,35.6,32.7,29.3,28.9,39.0,18.0,32.7,23.2,9.1,27.0,29.3,16.0,24.0,8.2,6.1,23.2,30.3,18.8,18.0,27.3,32.0,32.7,32.3,11.0,11.1,43.4,42.4,25.0,41.6,61.6,54.5,23.2,26.0,12.0,8.1,18.2,17.3,24.2,27.0,31.3,33.7,46.0,45.5,11.1,11.1,4.1,27.0,17.2,8.0,30.7,34.3,39.8,22.9
1772854245.8097305,24.5,20.8,27.3,35.3,36.0,38.6,20.0,33.0,19.8,12.1,20.2,28.0,18.0,25.0,8.0,6.1,38.0,19.2,17.0,19.0,31.0,26.7,36.0,34.0,8.2,9.2,28.3,27.7,22.0,27.0,70.3,59.4,26.0,25.3,7.1,8.2,21.2,28.0,35.0,35.0,24.0,24.5,48.5,40.4,7.0,7.1,19.2,18.4,11.1,10.2,34.0,31.7,23.0,30.7
1772854246.8112566,24.7,31.6,21.9,36.0,50.5,37.0,27.3,26.0,13.4,19.4,31.4,16.0,28.0,28.3,16.3,14.0,20.6,22.2,14.3,7.2,22.0,26.3,32.0,33.7,8.2,9.1,31.0,30.3,21.0,41.0,62.4,58.0,33.3,28.0,12.1,7.1,38.8,41.6,24.8,39.0,40.0,35.4,22.0,34.7,24.5,27.3,13.1,12.2,18.0,22.0,43.0,34.3,24.2,28.6
1772854247.8119006,26.8,28.7,31.3,32.0,43.9,41.4,35.1,27.0,17.3,31.0,27.6,29.0,32.7,29.0,17.0,18.2,10.2,21.4,17.0,22.5,30.3,29.0,34.0,32.0,10.1,11.0,38.8,30.3,35.4,18.0,58.4,57.6,25.3,28.0,15.2,26.5,21.8,27.3,22.2,28.3,33.7,33.3,25.5,29.3,27.3,27.3,21.4,19.8,21.6,19.4,38.0,38.4,21.8,23.2
1772854248.8145695,29.9,21.2,29.5,29.0,34.7,38.2,27.0,24.2,15.5,19.4,23.8,35.4,30.7,18.0,16.5,14.3,17.3,19.0,21.0,17.3,29.3,27.0,42.0,23.2,9.2,11.2,35.0,25.0,30.3,22.0,58.6,53.5,24.2,27.3,34.3,17.0,27.3,21.4,26.7,19.0,29.3,25.3,15.2,29.3,15.5,16.0,15.2,19.4,17.5,21.4,39.0,49.5,37.0,33.0
1772854249.8160627,21.6,29.0,23.2,27.3,47.5,45.5,24.8,32.7,13.1,22.8,31.0,31.0,15.2,27.5,9.2,9.2,20.2,19.2,17.0,28.0,31.0,28.6,29.7,34.0,19.4,18.6,30.0,42.0,27.3,46.0,51.5,46.5,26.0,28.7,12.2,22.2,27.0,38.2,30.3,18.4,32.0,31.0,30.7,32.7,4.1,6.1,17.2,13.3,12.0,20.8,46.5,47.0,37.0,33.3
1772854250.818235,22.7,35.4,32.7,39.6,49.0,46.5,33.3,36.7,11.1,22.0,25.5,33.0,22.2,25.3,10.0,10.1,15.3,37.4,32.0,26.0,38.4,26.3,45.0,42.0,22.0,18.4,19.4,39.0,43.6,31.7,52.0,59.8,30.7,31.3,16.2,20.4,40.4,41.4,42.4,39.4,28.0,36.1,55.4,41.8,12.0,6.1,26.3,14.1,13.3,16.5,64.7,42.0,47.0,52.0
1772854251.8205917,28.6,20.2,18.2,22.4,47.5,40.2,34.0,32.7,12.2,6.1,19.2,19.0,14.0,22.0,7.2,10.1,19.2,23.0,9.2,14.1,37.0,30.0,40.0,35.7,16.0,18.2,34.0,37.4,31.0,37.0,62.0,40.0,34.3,35.7,17.2,26.3,54.5,51.0,37.6,17.0,26.3,26.7,51.0,47.5,18.2,13.3,7.1,12.2,10.1,13.1,63.4,50.0,44.4,45.9
1772854252.8263285,29.6,18.0,21.9,16.0,43.4,33.7,30.3,27.7,37.0,15.2,17.0,15.2,28.0,28.0,5.0,10.1,18.2,19.6,12.1,10.1,21.4,33.0,35.7,40.4,9.2,17.8,37.8,39.6,20.0,38.2,37.3,46.0,33.7,40.2,22.2,11.2,26.3,30.7,19.2,25.3,28.7,29.4,40.0,55.4,31.3,21.0,5.9,10.0,11.1,11.0,57.4,46.5,28.0,32.3
1772854253.826964,27.1,24.0,33.3,28.3,36.4,47.5,34.3,36.0,20.0,17.3,40.0,26.3,33.3,35.0,10.4,19.4,25.5,22.2,17.3,12.1,34.7,27.3,44.0,40.2,10.1,8.3,54.5,43.4,25.0,35.4,46.5,40.4,29.0,27.6,20.4,21.4,23.8,20.4,18.0,20.2,33.7,33.0,46.0,52.5,20.4,13.3,7.3,10.3,18.2,19.6,50.0,41.6,37.4,37.0
1772854254.8278387,27.6,28.3,33.0,38.6,36.4,40.0,33.3,36.4,20.6,13.3,42.6,34.3,22.2,34.0,20.4,17.2,25.3,13.1,20.2,20.2,30.0,33.0,39.0,41.4,8.2,13.3,51.0,45.0,21.2,26.3,36.4,35.0,28.0,26.3,29.6,21.0,31.0,22.0,26.7,19.4,39.8,38.4,52.0,43.4,13.4,11.2,10.1,18.2,21.0,24.8,41.0,47.5,32.0,39.6
1772854255.8293033,27.3,26.0,37.8,38.0,36.7,30.0,27.6,33.3,21.0,11.3,41.0,38.0,11.1,21.2,15.3,16.5,27.0,12.2,29.3,39.0,19.4,31.3,41.4,37.4,10.3,9.1,19.0,18.6,23.0,22.0,31.6,33.0,24.2,27.7,17.5,20.0,26.5,32.7,25.0,22.0,18.0,22.0,50.0,41.4,6.1,5.1,20.2,24.2,13.4,25.5,46.5,52.5,26.5,33.3
1772854256.8293877,26.0,23.2,32.3,26.0,28.3,34.3,20.2,23.8,13.3,17.0,19.4,54.5,14.1,19.0,6.1,10.1,10.2,24.0,26.7,14.1,22.0,21.0,36.6,29.3,7.9,6.1,21.2,30.0,8.1,16.3,32.7,46.0,20.0,24.2,13.0,17.5,34.3,41.6,22.0,14.1,3.0,18.4,45.0,46.0,19.4,19.2,9.9,22.2,14.1,26.0,41.6,49.5,36.0,35.0
1772854257.8301287,34.7,19.2,32.3,29.3,41.4,43.0,42.4,29.3,27.7,6.1,29.0,46.5,19.0,23.8,13.1,7.1,17.3,27.0,24.8,14.0,38.0,36.7,34.3,34.7,19.4,15.2,30.7,26.0,27.3,13.1,33.3,51.5,19.2,19.4,14.0,22.5,38.0,29.6,26.0,32.7,12.2,21.0,39.4,42.0,9.3,13.0,12.2,22.2,28.7,13.3,36.6,50.5,46.5,46.4
1772854258.838374,35.6,24.0,38.0,24.8,43.6,42.6,21.6,34.3,26.7,8.0,26.3,33.0,23.0,21.8,4.1,9.1,23.8,33.7,26.7,13.9,25.5,23.8,22.5,40.0,13.9,21.0,34.0,24.5,22.2,28.7,38.0,63.1,25.0,29.0,6.0,7.2,39.2,30.0,14.1,36.3,21.8,4.0,33.3,29.7,10.9,13.1,11.1,21.8,19.2,19.0,26.5,19.2,46.5,41.0
1772854259.839423,25.8,24.8,21.9,29.7,44.4,38.4,25.3,23.5,19.2,13.1,28.0,42.2,27.0,25.3,10.0,6.9,27.3,40.8,15.0,28.7,33.0,15.0,30.0,37.3,11.0,23.8,49.0,35.0,22.8,18.0,53.5,37.4,22.2,24.2,5.2,8.1,30.7,17.3,30.4,22.0,29.3,27.0,32.7,42.6,7.1,9.1,13.3,20.4,14.9,22.8,33.3,23.2,32.7,35.0
1772854260.8439124,38.4,19.6,43.4,26.5,51.5,28.3,31.3,33.3,22.4,22.0,36.4,41.8,28.7,27.3,17.5,10.3,15.3,17.2,19.4,19.4,27.3,28.6,36.7,39.8,17.3,24.0,46.5,54.5,32.3,13.3,67.3,52.0,21.4,17.3,11.3,15.3,39.0,30.0,39.4,33.3,45.0,36.7,46.5,39.0,12.1,17.5,22.0,11.0,20.4,23.2,31.7,26.5,46.0,29.6
1772854261.845986,24.7,26.2,35.4,28.7,35.4,28.0,29.3,20.8,23.2,24.5,32.4,41.7,29.0,31.7,18.2,14.0,11.1,20.8,29.7,17.8,21.8,24.8,34.0,30.7,11.0,24.8,46.0,39.0,24.0,19.2,57.4,58.4,8.1,6.9,15.0,18.0,30.0,19.0,30.0,21.0,24.8,32.3,44.1,46.1,20.2,17.8,15.8,21.4,16.8,22.2,16.2,20.0,29.4,37.0
1772854262.8460703,27.1,19.4,30.3,29.3,42.4,36.4,33.3,31.0,17.2,13.3,25.8,38.8,25.3,16.3,16.3,13.5,15.3,21.6,27.0,15.0,29.6,27.8,40.8,31.0,22.7,13.1,36.4,39.0,31.6,21.0,53.5,44.6,13.4,6.1,30.3,17.5,19.4,27.6,27.6,24.2,25.8,26.3,38.8,46.9,20.4,19.2,12.5,22.0,23.2,17.3,37.0,34.3,32.0,39.6
1772854263.8461473,23.2,21.2,21.6,26.3,35.6,35.0,32.0,29.9,10.1,18.8,30.0,19.4,25.7,17.8,9.1,15.2,30.3,23.8,22.2,17.0,32.0,33.0,36.0,35.4,16.0,15.2,26.3,42.4,18.0,25.3,60.0,53.5,5.1,7.1,22.7,8.1,28.0,14.1,15.0,19.2,24.8,22.0,29.0,44.6,11.1,9.3,16.2,22.4,7.1,14.3,25.3,37.0,25.5,39.4
1772854264.8469572,30.2,27.0,13.3,19.0,30.3,22.2,21.4,36.0,8.1,13.1,18.2,17.0,17.0,25.7,11.2,19.0,43.0,49.0,27.0,6.1,27.3,25.3,26.3,31.0,16.2,18.6,35.0,44.6,14.3,18.2,48.5,53.9,4.1,8.1,23.2,8.2,10.1,13.1,24.2,28.0,28.3,33.3,28.3,30.3,11.1,24.2,12.2,17.5,11.0,8.2,25.0,28.7,31.0,34.0
1772854265.8470364,29.9,22.0,18.2,14.1,27.3,29.3,28.7,32.3,8.2,3.1,7.1,9.1,11.1,22.0,11.2,18.4,27.3,32.3,20.2,16.0,25.0,27.3,32.0,30.3,18.2,18.8,28.3,20.4,25.0,18.2,57.6,58.0,12.2,18.8,5.1,28.0,21.4,12.2,31.6,25.5,31.3,22.0,25.7,28.4,7.1,10.2,8.2,4.0,14.0,8.1,35.7,13.3,37.8,24.7
1772854266.8493783,26.3,28.7,20.4,19.0,35.0,35.6,24.5,31.3,9.0,5.1,15.2,12.1,19.0,29.0,12.0,18.2,19.4,19.2,20.0,12.0,31.0,30.3,35.6,35.6,16.0,18.0,29.7,24.0,28.0,35.3,56.9,53.5,14.9,18.4,8.9,22.2,18.0,16.8,40.0,36.0,30.0,29.0,33.7,25.3,4.1,8.2,16.0,9.0,9.2,11.0,31.7,32.0,28.4,18.0
1772854267.853185,31.3,23.8,25.3,16.8,28.0,32.7,28.7,20.6,13.1,33.7,24.8,16.2,25.3,20.8,15.8,8.9,12.7,14.0,12.9,7.9,19.0,18.8,30.4,31.3,16.8,8.0,38.0,34.3,28.7,18.8,48.0,64.4,9.9,7.1,14.1,31.0,20.8,9.9,34.3,20.6,31.7,33.3,42.2,32.7,25.5,23.8,5.9,8.0,26.2,10.0,22.8,30.1,33.7,11.0
1772854268.853437,32.0,22.2,33.0,22.7,27.6,29.6,27.6,30.6,27.6,19.4,14.4,36.4,34.3,35.7,19.6,13.5,12.2,13.1,13.4,13.5,33.3,21.2,40.8,31.3,8.2,10.2,31.6,43.3,34.0,30.9,59.0,62.0,8.2,10.2,24.7,28.6,33.0,23.2,25.8,11.3,32.3,38.1,42.3,42.4,26.8,27.6,26.5,6.3,26.8,13.4,29.3,15.5,26.5,29.3
1772854269.8563018,22.7,24.8,31.6,21.0,25.7,23.0,32.0,20.2,25.0,5.1,35.3,24.8,19.0,13.0,16.0,10.2,25.3,16.8,14.9,28.7,24.2,25.0,38.6,26.0,9.1,8.1,29.0,31.4,24.2,30.1,50.0,51.0,13.3,12.1,20.0,10.1,23.8,22.4,10.1,14.9,29.0,23.2,52.0,39.6,13.1,16.0,20.2,10.1,20.8,20.0,26.7,28.3,21.0,26.7
1772854270.8563914,28.6,22.4,24.2,32.0,27.6,23.5,23.7,25.3,21.2,9.1,38.0,16.3,25.0,19.4,6.1,11.0,27.7,10.2,24.0,30.7,21.2,32.0,40.4,32.3,9.1,10.4,34.7,29.3,32.0,39.4,54.5,50.0,19.4,15.2,22.7,12.1,31.0,30.6,12.1,21.4,33.3,39.0,47.0,46.5,9.1,5.1,11.2,24.0,24.2,15.3,33.7,25.5,25.0,27.8
1772854271.860077,26.5,24.8,36.7,32.0,25.3,29.0,41.0,40.0,13.0,21.0,39.2,25.0,25.5,15.0,6.1,13.1,26.0,9.1,25.0,23.2,38.0,42.0,42.0,36.0,20.2,14.0,30.4,41.0,23.0,37.6,42.4,48.0,16.0,19.8,15.2,15.3,31.7,20.8,32.0,32.7,21.8,20.2,52.5,44.1,10.9,10.1,13.0,26.7,23.5,26.0,31.0,47.5,35.4,35.6
1772854272.8601558,37.0,20.2,39.8,30.3,31.7,43.4,33.3,26.3,20.4,26.5,34.3,28.0,18.4,20.0,9.1,11.1,40.0,20.2,18.8,19.0,37.6,31.0,36.0,35.0,21.8,16.8,46.0,24.0,33.0,30.0,49.0,49.5,28.3,27.6,29.0,12.1,17.3,20.2,28.0,32.0,23.0,8.0,49.0,45.5,10.2,18.0,19.2,16.2,31.0,8.1,27.3,39.4,23.5,29.3
1772854273.9063165,34.3,22.3,25.5,32.4,37.9,45.7,21.6,31.7,22.1,9.6,15.4,26.9,19.0,26.4,8.7,4.9,36.5,19.2,29.8,10.6,29.4,34.7,30.1,34.0,11.5,23.5,33.0,34.0,21.2,28.6,47.6,52.8,26.7,26.0,10.9,12.6,30.1,27.9,20.2,35.6,21.4,4.9,39.4,43.3,14.6,30.4,23.1,9.7,17.5,18.3,28.2,37.5,15.5,24.3
1772854274.9128299,29.3,22.0,34.3,35.4,46.5,47.5,29.7,29.0,28.3,18.4,34.0,29.3,29.0,33.3,17.2,17.2,24.8,10.2,23.2,21.0,36.0,32.7,40.0,35.4,16.3,23.8,44.0,35.4,28.6,32.7,52.0,42.0,30.0,26.7,12.0,21.2,26.0,18.6,21.0,28.0,29.0,25.3,42.0,43.6,31.3,23.2,17.3,16.2,21.8,13.3,40.6,30.0,31.7,24.0
1772854275.9149866,34.0,21.4,22.8,27.3,46.0,40.6,33.3,28.3,21.2,19.6,23.8,25.3,25.3,26.0,18.2,16.5,15.2,21.8,20.0,28.0,27.3,34.3,38.6,34.0,13.0,23.8,44.0,30.6,28.0,33.7,39.2,49.0,27.3,29.0,20.2,13.3,29.9,26.0,32.0,31.0,46.0,29.3,43.1,52.9,17.0,15.5,17.0,12.1,18.2,23.0,30.0,46.0,25.3,28.3
1772854276.9219189,27.6,21.0,30.2,41.2,38.4,46.5,30.0,31.0,16.0,16.8,18.2,46.5,25.7,19.0,15.0,9.0,16.2,12.2,26.0,15.0,26.7,26.5,34.0,36.0,23.8,6.0,42.6,16.0,27.7,27.0,58.4,41.6,28.7,25.0,10.2,12.1,43.1,31.7,14.0,36.0,25.5,28.3,34.3,45.0,10.2,5.9,14.1,23.2,18.0,21.8,46.0,42.0,40.0,35.4
1772854277.925262,32.3,14.0,37.0,38.8,39.0,43.0,24.5,22.0,12.1,15.3,26.3,31.7,22.5,10.1,4.1,11.1,22.2,13.3,25.7,21.4,21.2,19.0,34.7,25.5,10.2,26.0,29.6,31.0,31.0,28.7,57.4,42.6,25.3,24.2,11.1,13.3,37.0,27.3,45.0,26.0,22.0,20.8,38.4,35.0,11.0,12.2,18.2,12.2,10.1,25.7,53.9,36.6,48.0,36.0
1772854278.9259875,24.2,28.0,27.6,36.6,46.5,44.0,35.6,27.6,18.4,11.2,24.0,33.3,23.0,13.9,19.8,7.1,24.0,24.0,19.0,21.8,26.3,44.0,37.4,29.6,13.3,20.4,34.0,40.0,27.0,27.7,49.0,50.5,36.4,32.4,8.1,24.2,32.3,48.0,16.3,28.3,27.0,23.5,42.0,31.7,7.1,9.2,24.8,4.1,12.1,11.3,56.3,41.6,43.4,42.4
1772854279.926871,11.7,31.7,24.2,33.7,47.0,44.0,30.0,27.0,7.0,9.2,18.4,17.0,22.0,13.0,4.1,12.2,27.0,34.0,19.0,26.0,31.0,29.3,32.3,35.0,13.9,16.0,43.1,34.7,29.3,28.3,49.0,46.0,37.0,32.0,7.2,24.2,35.0,36.0,19.8,24.0,28.7,31.7,26.0,28.7,20.2,24.0,8.0,6.0,12.0,8.1,42.0,48.5,31.7,32.3
1772854280.9288862,32.7,22.8,14.6,23.0,41.4,43.0,22.4,35.4,7.1,7.9,16.2,17.3,25.0,14.3,7.1,11.0,21.6,23.5,9.2,18.2,24.2,35.4,33.0,32.0,16.3,17.2,27.8,41.2,23.8,32.7,57.6,39.0,35.1,34.7,8.0,25.0,26.0,38.4,26.5,36.4,24.5,27.6,30.3,35.0,4.1,6.2,11.1,7.1,16.2,5.1,37.4,53.0,34.3,35.0
1772854281.9289672,36.0,19.4,28.6,22.2,47.5,34.0,23.2,33.3,16.3,14.3,38.6,23.8,26.3,34.3,11.1,20.4,9.1,12.0,8.2,14.1,24.7,31.0,33.3,41.0,15.2,19.0,44.6,41.0,20.4,26.0,52.0,50.0,25.3,27.0,18.2,36.4,36.7,49.0,25.0,25.0,39.0,40.6,44.1,30.3,19.2,16.2,12.2,14.0,12.2,14.1,43.0,55.4,34.3,34.3
1772854282.9290438,29.9,23.2,34.0,33.3,49.0,48.0,24.5,32.0,16.7,16.3,38.4,23.2,34.0,32.3,14.3,18.4,11.0,10.2,13.3,14.1,38.0,34.0,38.4,43.6,24.2,21.4,42.4,53.1,29.3,30.3,45.9,56.4,27.6,27.7,26.5,35.0,39.0,25.3,29.3,39.4,33.7,31.3,40.4,41.6,21.2,20.6,13.3,9.2,21.4,22.0,50.0,55.0,37.3,33.0
1772854283.9298844,24.5,31.0,25.5,23.2,38.0,46.1,31.6,28.0,21.0,22.0,33.7,43.0,30.7,19.0,14.1,13.3,11.2,18.0,22.0,13.0,32.3,32.7,31.7,39.4,10.1,20.2,46.0,56.0,13.1,17.0,45.0,64.4,17.8,14.1,19.0,9.2,32.0,36.0,21.4,24.8,28.6,27.6,41.4,54.0,27.0,26.3,21.2,9.2,27.0,14.6,46.0,60.6,38.0,45.5
1772854284.9299734,25.0,22.4,30.3,34.3,38.4,47.5,28.3,29.0,24.2,6.1,30.3,44.0,15.3,18.2,5.1,9.1,14.4,16.3,35.4,20.2,25.3,23.5,32.3,23.5,7.2,27.0,24.5,35.7,15.0,14.3,47.5,39.0,19.2,19.0,17.3,16.3,38.8,27.0,20.0,10.3,29.0,20.4,31.3,46.0,10.1,14.1,17.2,15.5,21.8,17.8,43.1,45.5,33.0,35.7
1772854285.9326172,19.2,30.4,28.6,32.7,30.6,38.0,34.0,34.3,23.0,6.1,38.6,35.4,18.8,11.1,9.1,6.1,32.7,21.8,28.7,10.1,22.2,32.0,37.0,29.0,11.0,10.0,34.7,39.0,21.2,20.2,40.6,39.4,31.3,22.4,15.3,13.3,32.0,36.4,23.2,23.0,28.0,25.7,34.7,40.2,3.0,6.1,9.1,23.0,15.3,31.0,47.5,26.0,35.4,44.0
1772854286.93376,28.6,24.2,40.0,30.6,31.6,36.0,31.6,37.4,24.5,10.1,48.0,27.3,15.0,22.0,4.0,10.3,29.3,29.9,27.0,14.1,36.0,36.6,39.6,38.0,8.2,8.1,30.3,38.4,32.0,21.0,40.8,49.0,27.3,25.3,24.0,14.3,39.6,32.0,20.2,24.0,26.5,34.0,38.6,37.4,5.1,13.1,18.8,26.3,19.2,24.2,23.0,39.0,42.0,30.6
1772854287.9347336,30.6,13.4,37.1,30.0,21.2,27.6,33.0,26.3,23.5,8.0,37.0,34.7,18.0,29.7,10.1,15.8,12.2,29.3,26.0,13.3,30.3,24.2,33.3,29.0,8.2,14.3,30.3,38.2,26.0,18.0,44.6,39.6,15.5,17.2,11.2,5.1,21.4,11.2,17.2,28.3,22.2,25.5,33.0,42.6,6.1,6.1,12.4,21.0,12.1,20.2,26.5,26.0,36.0,35.0
1772854288.9369934,34.0,26.3,45.5,39.0,26.7,28.7,34.0,32.7,22.0,11.2,36.0,30.3,29.0,32.3,16.0,11.9,17.2,33.0,24.0,31.3,36.0,37.4,32.7,34.7,21.2,20.8,45.0,39.0,32.3,23.5,42.6,50.5,16.0,17.0,15.2,20.2,20.0,17.2,35.0,44.0,26.3,21.0,36.0,37.6,23.5,21.2,14.1,16.2,20.2,18.6,24.2,26.7,38.4,38.0
1772854289.9390402,24.5,29.7,38.8,31.0,22.4,32.0,34.0,37.0,12.2,19.2,31.3,42.6,34.7,31.4,20.2,14.6,20.0,30.3,29.0,30.0,29.0,36.6,41.4,35.6,15.0,22.2,52.9,38.4,26.7,22.0,56.0,55.4,7.1,10.1,19.2,17.3,27.0,18.0,24.2,27.7,30.0,17.3,44.4,53.9,31.3,35.4,25.7,5.1,21.4,23.8,23.0,17.3,33.0,42.6
1772854290.939992,23.7,17.2,23.5,28.3,35.7,29.6,30.6,21.0,12.4,15.5,31.3,38.4,28.3,21.4,12.4,17.2,10.1,18.2,23.5,17.8,30.3,24.5,32.0,37.4,18.4,20.2,34.0,31.3,26.3,13.0,45.5,59.4,5.1,10.1,12.1,9.1,19.6,17.2,33.0,33.0,25.8,36.4,46.0,47.0,10.2,9.2,20.2,13.3,15.2,23.2,31.7,21.2,38.4,41.8
1772854291.9410472,18.1,31.0,28.0,26.3,33.7,36.0,22.2,25.5,5.1,6.1,33.7,29.4,25.3,12.1,6.2,6.1,21.0,14.1,14.9,23.2,17.0,30.3,29.3,35.6,21.0,14.1,24.0,23.5,15.3,12.2,54.5,57.0,6.0,11.2,13.0,14.1,22.5,26.3,24.0,26.3,19.0,21.4,31.3,45.9,7.9,5.1,16.2,21.2,17.0,17.2,36.0,27.3,43.4,27.6
1772854292.9411669,18.6,30.7,25.3,32.0,39.8,46.0,34.0,28.0,9.0,6.1,21.2,16.2,15.0,18.0,8.9,5.0,22.2,33.3,11.2,26.0,25.5,34.0,41.0,29.0,17.8,17.8,27.0,35.6,28.0,21.4,55.4,64.7,15.3,18.0,21.0,16.2,18.4,24.8,28.3,27.0,20.2,14.0,48.5,47.1,12.5,8.0,15.2,14.0,13.1,9.2,19.4,41.0,20.8,37.4
1772854293.941801,16.7,33.3,15.5,26.7,22.7,42.6,16.2,28.6,4.1,6.1,8.2,11.1,12.1,19.0,9.2,5.1,15.5,34.3,10.1,19.0,30.0,30.6,34.3,35.4,15.3,14.3,26.3,44.4,27.3,26.0,60.0,56.6,13.1,15.5,9.2,20.4,25.0,29.6,38.6,25.5,23.2,23.0,45.0,49.5,23.0,15.3,7.1,3.1,7.1,9.2,25.3,44.1,18.2,23.0
1772854294.9432788,32.0,20.0,25.7,33.7,24.8,37.6,29.0,35.0,20.8,9.1,10.0,7.1,14.7,22.5,3.1,10.0,11.0,10.0,11.9,15.8,39.4,27.2,30.0,34.0,15.0,14.9,46.5,40.6,29.0,29.0,69.6,51.5,9.0,8.1,16.0,25.3,28.0,15.0,14.0,20.0,21.8,23.2,49.0,44.0,16.0,13.3,8.1,19.0,8.1,11.1,28.0,35.0,23.0,24.0
1772854295.9437003,32.3,22.8,20.4,23.5,38.4,28.3,32.7,27.7,21.4,23.0,26.3,12.4,31.3,32.0,18.0,12.2,12.2,14.1,19.2,17.3,29.7,26.5,29.3,35.4,19.2,17.2,44.0,40.0,37.0,32.7,70.0,47.5,9.2,9.2,17.2,36.0,27.3,32.0,37.0,30.0,37.4,38.0,40.8,55.4,21.0,23.0,13.3,35.4,16.2,15.2,35.7,22.2,27.0,20.2
1772854296.9440882,25.8,27.0,15.5,27.3,29.6,24.8,21.4,31.3,22.4,23.7,25.7,38.4,24.5,28.3,25.0,27.0,13.1,12.1,11.2,9.2,17.5,26.5,29.0,35.0,18.2,17.8,40.4,50.0,42.0,29.7,55.6,57.0,20.0,16.0,18.6,30.6,35.3,26.5,33.3,24.2,44.4,37.4,33.3,37.6,14.3,11.3,17.3,31.3,15.0,24.2,31.7,36.6,30.0,29.3
1772854297.9464796,22.2,28.6,32.3,23.2,36.7,33.0,24.2,24.2,25.5,13.1,30.0,29.0,23.5,26.3,17.0,12.2,18.4,9.2,18.0,24.0,30.3,34.0,31.6,26.7,15.0,23.0,45.0,45.0,31.3,21.2,63.4,58.6,21.0,12.1,22.2,15.2,25.5,19.8,34.3,40.8,31.3,29.9,32.7,33.7,12.1,10.3,19.8,16.2,10.3,28.0,35.0,25.3,32.0,32.7
1772854298.9472456,24.2,28.7,31.6,33.0,38.4,33.3,35.4,23.7,6.2,6.1,9.2,43.6,17.8,27.0,10.1,7.1,38.0,20.2,28.0,16.2,28.0,34.0,29.3,41.4,10.1,25.5,27.0,35.4,44.7,32.0,64.4,63.4,26.0,20.2,20.0,10.1,17.2,19.6,21.0,24.0,24.2,21.2,42.6,30.3,10.2,8.2,5.1,27.7,12.2,32.0,35.0,38.0,20.2,37.1
1772854299.947319,30.9,21.2,35.1,45.0,36.0,47.0,28.6,32.7,6.1,10.1,17.3,42.2,12.1,21.0,11.1,13.3,36.7,26.3,24.2,19.8,26.3,29.6,25.3,31.0,11.1,4.1,48.0,24.7,35.4,27.3,49.5,63.0,27.3,25.5,14.6,15.3,32.7,36.0,28.3,23.0,23.2,14.0,29.3,40.2,12.2,14.0,5.1,30.0,14.9,25.7,30.6,41.4,18.2,23.2
1772854300.9485264,30.6,14.1,34.7,31.3,29.6,40.8,28.0,30.0,4.0,6.1,37.3,19.2,24.8,16.0,10.3,4.1,37.6,19.6,35.6,20.2,22.0,26.7,26.7,24.8,6.2,9.1,36.6,36.3,34.0,31.7,23.2,36.4,20.2,19.2,13.1,15.0,35.0,41.0,13.0,19.8,15.2,11.9,26.3,28.6,21.0,23.2,19.4,14.1,21.2,11.2,35.6,23.0,36.0,16.3
1772854301.9486122,18.9,32.0,34.3,32.0,32.7,31.3,33.7,21.8,4.1,5.1,31.0,19.0,25.3,15.0,4.0,9.1,21.2,18.8,31.7,9.0,27.3,29.0,27.0,21.2,6.9,7.0,41.0,39.0,27.7,35.0,28.7,19.0,14.0,19.8,8.1,20.4,31.7,33.0,20.6,16.2,20.0,20.4,28.6,30.0,4.0,5.1,16.0,18.2,23.8,12.0,18.0,22.2,27.0,20.8
1772854302.949465,34.0,20.0,35.4,32.7,31.3,27.3,26.5,28.3,5.0,10.0,21.0,25.0,16.0,12.0,9.1,6.0,15.5,22.2,27.5,8.9,29.3,23.2,37.4,33.3,8.2,8.1,23.2,25.3,33.0,30.7,32.0,32.3,17.2,28.0,9.1,8.0,36.0,30.0,20.4,20.4,38.0,34.7,41.2,36.0,6.0,8.9,8.1,21.0,18.4,17.0,32.3,27.0,23.8,31.3
1772854303.9498484,24.2,26.0,32.0,29.3,40.0,29.0,31.3,27.6,5.1,17.0,23.0,24.2,26.5,17.0,8.2,8.2,16.8,27.3,23.8,12.1,22.2,34.0,35.6,27.7,9.1,8.2,26.0,25.3,23.2,28.7,41.4,22.2,27.5,26.0,13.1,7.1,28.7,28.0,20.0,18.8,27.7,28.0,35.6,34.7,5.2,5.1,17.0,16.0,24.8,8.1,30.3,33.0,18.4,31.3
1772854304.9523485,27.8,22.2,37.4,26.3,39.6,37.0,27.0,25.0,31.0,19.6,23.2,33.3,31.3,32.7,19.2,19.8,15.5,13.3,19.2,22.2,32.4,37.4,29.3,33.3,25.3,11.2,42.6,29.3,34.3,43.9,37.0,30.0,24.5,26.3,15.0,22.0,21.4,27.3,33.0,20.4,33.3,24.2,40.0,30.6,15.3,16.5,21.2,8.2,23.8,22.4,42.0,40.4,27.0,30.3
1772854305.9524348,30.9,24.2,29.3,24.2,43.3,34.0,25.5,34.7,32.0,16.5,20.4,37.6,29.0,30.6,15.5,18.6,24.2,13.1,13.1,26.3,37.1,38.8,29.9,40.4,25.0,15.0,41.2,45.0,34.3,37.0,45.5,39.4,25.0,29.0,19.8,20.4,30.6,26.5,36.4,33.7,22.7,22.7,32.3,42.6,21.4,19.6,19.6,13.3,16.2,23.5,46.5,43.4,36.4,51.0
1772854306.954208,30.9,26.7,38.8,37.6,46.5,41.6,38.6,32.0,25.0,8.9,18.8,21.0,24.2,33.3,7.1,12.1,33.7,40.0,20.2,19.2,32.0,35.3,33.0,33.7,14.1,21.2,42.0,41.4,26.3,25.0,51.0,56.9,39.6,32.0,16.2,9.0,38.2,26.0,34.3,29.0,20.2,29.9,47.1,40.0,23.0,24.5,17.2,17.2,24.0,14.1,38.0,52.9,50.5,40.4
1772854307.9551682,18.9,36.0,33.3,35.0,46.4,44.3,33.3,25.3,23.0,8.2,16.3,24.0,28.0,34.0,4.1,9.3,32.7,24.7,32.0,34.3,41.0,38.4,40.4,35.0,18.0,20.4,38.0,40.6,24.0,19.0,54.0,46.0,37.4,33.3,15.2,18.8,33.3,40.0,25.3,34.3,26.5,26.0,44.0,54.5,13.1,10.0,30.0,22.2,13.3,16.2,43.6,52.5,35.7,42.4
1772854308.957229,25.8,23.0,30.9,32.7,45.5,41.6,33.7,25.3,23.0,10.0,23.2,20.2,16.2,14.1,12.2,5.1,23.2,13.1,5.1,25.0,27.6,25.0,32.0,36.4,25.0,15.0,26.3,45.0,23.5,18.6,48.0,51.5,28.3,32.3,23.7,11.1,45.0,42.0,27.6,24.2,25.0,36.0,46.5,42.0,7.1,6.1,24.5,9.3,10.1,17.2,53.0,42.4,33.3,37.0
1772854309.9573123,29.3,22.2,32.3,27.7,43.0,45.5,33.7,27.0,21.4,10.1,18.0,17.2,17.0,28.0,10.1,9.3,14.3,14.1,17.0,8.1,30.0,26.5,35.0,34.3,22.2,14.4,49.0,23.8,20.0,21.0,60.0,48.5,24.0,28.0,22.0,9.1,37.3,32.3,16.0,35.4,21.4,17.3,52.0,35.4,6.2,4.1,18.2,11.1,14.3,21.4,47.5,48.5,32.7,38.4
1772854310.9592197,31.2,22.2,28.0,19.2,49.5,38.0,31.0,29.3,13.0,10.2,15.2,30.0,17.0,27.0,11.3,13.0,12.1,10.1,11.0,15.0,31.6,33.7,26.0,34.7,14.1,28.0,32.7,41.0,18.0,27.0,58.0,52.0,17.3,11.2,25.7,15.2,37.0,37.4,26.0,37.3,21.0,28.0,52.0,44.6,7.1,7.2,8.2,9.1,29.7,20.4,40.0,44.7,28.0,37.6
1772854311.9611077,27.4,21.2,24.2,16.0,41.4,42.6,35.6,38.0,27.6,22.4,19.4,32.7,33.3,30.0,12.2,20.6,16.3,16.0,13.1,11.2,32.0,23.5,29.3,45.0,23.0,14.1,58.0,48.5,29.7,21.4,51.5,50.0,15.2,17.2,32.0,22.0,28.6,44.1,32.0,31.3,30.3,34.7,43.6,50.0,24.2,24.5,12.2,6.0,18.2,25.5,27.7,36.4,33.3,38.0
1772854312.964974,27.7,25.5,25.0,27.0,43.4,41.6,22.7,31.0,23.2,25.0,51.5,28.3,35.6,32.7,20.8,23.0,9.2,15.0,20.0,13.0,29.6,32.7,25.7,30.7,19.0,19.0,45.5,46.0,34.0,12.1,40.6,47.0,14.7,17.8,17.2,19.2,22.8,33.0,32.0,35.6,29.7,34.0,45.5,42.4,30.3,25.3,12.1,19.2,10.1,28.7,36.4,33.0,40.2,41.0
1772854313.9686954,27.6,20.2,28.3,26.0,44.4,38.0,26.7,24.0,16.2,16.2,38.6,42.0,25.7,13.1,4.1,10.0,35.0,18.4,30.6,22.0,30.3,25.5,28.3,31.3,20.4,16.0,32.7,25.3,23.2,18.2,33.7,42.6,23.5,27.6,13.3,19.4,27.8,28.3,31.0,22.4,40.4,27.3,37.0,45.0,14.1,16.5,21.0,19.4,12.1,25.0,40.6,32.7,36.1,43.9
1772854314.9711068,34.4,21.2,21.2,12.1,37.9,28.3,26.0,33.0,15.8,15.2,26.3,51.5,31.0,22.8,9.9,9.1,37.8,21.2,30.0,8.0,41.2,30.1,35.0,32.3,17.0,17.8,34.0,33.3,27.0,19.2,54.1,53.0,25.3,24.0,17.0,14.1,23.8,22.2,26.0,31.0,28.6,31.7,26.0,24.2,6.1,11.1,21.4,12.0,10.1,30.0,32.7,38.6,34.0,37.0
1772854315.9715257,25.5,20.0,28.3,31.7,34.3,29.7,29.3,17.2,7.1,9.0,38.4,31.3,19.8,23.5,4.0,11.0,30.7,10.1,29.1,9.0,25.0,23.5,26.0,27.7,10.1,20.0,43.0,27.7,27.7,15.8,54.4,56.4,20.0,19.2,20.2,11.9,19.2,22.2,28.0,23.8,20.8,26.0,30.0,22.8,5.1,11.9,13.9,23.2,21.8,22.0,34.7,28.0,34.0,36.6
1772854316.9720242,15.8,36.0,33.3,32.3,32.0,31.3,32.7,22.2,6.2,7.1,23.2,47.0,24.0,19.2,5.2,10.3,29.3,15.0,26.3,15.2,40.4,27.3,38.0,38.4,10.2,8.2,39.0,32.0,21.6,34.3,59.0,58.6,20.2,13.3,22.2,13.5,24.2,22.4,23.2,15.3,25.3,21.4,25.0,33.0,8.2,4.1,11.2,23.0,22.4,14.1,36.0,31.6,31.3,38.4
1772854317.9721093,26.5,17.2,34.3,27.3,35.3,29.0,21.8,32.0,7.0,5.0,33.7,30.0,25.7,16.2,7.1,3.0,25.7,11.1,23.8,13.0,24.5,25.3,33.3,25.3,16.2,7.0,31.0,25.0,19.0,30.9,38.0,44.6,18.2,10.1,6.2,9.1,21.0,18.8,25.0,9.1,16.0,7.1,18.4,20.0,11.1,11.3,17.2,10.2,14.1,15.6,31.6,28.7,28.0,31.3
1772854318.9721975,19.0,19.2,30.6,27.3,25.3,23.0,24.0,21.0,4.1,6.1,30.3,29.3,26.0,17.0,1.0,3.0,17.2,19.0,12.1,19.0,13.9,24.5,19.8,22.8,8.0,6.1,15.2,20.0,20.0,21.8,22.0,24.2,7.1,5.0,2.0,5.0,14.1,14.1,21.8,16.0,10.1,22.8,22.0,17.2,6.1,4.0,11.2,9.1,12.1,14.9,11.9,6.1,21.0,26.0
1772854319.9764838,20.6,28.4,29.7,36.0,16.2,27.0,31.0,24.0,2.0,7.1,33.3,38.6,15.8,25.5,8.1,5.0,14.9,10.1,12.1,19.0,24.5,23.0,27.3,24.5,4.1,6.0,28.7,21.2,22.0,25.7,32.3,36.3,8.2,2.0,4.0,6.1,8.9,9.0,28.0,23.2,20.2,17.2,28.3,26.0,13.0,16.8,17.8,16.0,20.0,14.9,15.0,7.0,28.3,31.3
1772854320.979869,21.0,29.3,24.5,25.0,17.2,22.0,27.3,24.0,4.0,7.1,24.2,32.0,25.0,19.0,8.9,3.1,19.8,25.5,24.5,24.0,38.0,23.8,29.0,22.0,9.0,7.1,27.0,37.6,22.0,14.3,31.0,37.8,7.1,7.1,5.1,4.0,21.2,14.3,23.5,20.8,20.8,16.8,26.7,30.6,19.0,16.3,11.1,17.3,17.0,11.2,16.0,8.1,24.0,17.8
1772854321.9821434,21.9,27.5,32.4,25.7,28.0,19.8,28.7,24.2,10.0,15.0,33.0,24.0,30.0,25.7,21.0,17.0,19.0,16.2,16.2,21.0,38.6,34.3,32.7,34.0,10.9,9.1,34.0,37.0,16.2,29.0,32.0,37.3,9.0,4.0,19.0,16.2,24.0,19.8,22.4,19.2,33.3,28.3,39.6,39.2,19.0,19.0,29.0,10.0,5.0,12.2,19.6,11.2,19.8,21.2
1772854322.9859297,21.1,26.0,24.0,29.7,7.0,16.0,15.2,25.7,15.2,19.2,18.0,16.2,33.7,34.0,13.1,12.0,25.7,13.0,20.8,15.0,11.1,15.2,13.1,25.3,6.1,8.0,30.3,17.0,18.8,20.0,25.7,23.0,8.1,1.0,11.1,13.9,14.9,8.0,13.1,14.0,13.1,17.0,13.0,31.7,13.1,12.4,7.1,6.9,4.0,2.0,6.0,12.0,25.3,17.0
1772854323.986443,32.3,24.2,41.4,36.4,34.7,31.0,25.0,30.0,19.0,19.0,19.2,15.2,21.2,30.7,15.2,8.0,15.2,15.2,24.8,28.0,39.6,29.7,31.3,28.0,9.0,6.1,38.6,22.2,22.2,25.3,39.0,41.4,10.9,4.0,5.0,9.2,11.2,10.2,16.8,22.0,14.1,27.3,26.3,34.7,8.2,16.0,10.0,3.1,19.2,9.2,6.1,22.2,22.4,34.7
1772854324.9865239,14.4,18.0,33.0,28.0,23.2,15.3,16.2,20.2,21.4,3.1,7.1,7.1,11.0,17.8,1.0,1.0,15.3,13.1,6.0,11.0,19.4,17.2,23.8,18.0,6.1,6.0,12.0,19.2,18.2,17.0,26.3,25.0,7.1,2.0,2.0,4.1,6.1,9.2,19.0,9.1,9.1,12.1,30.0,28.0,5.0,6.2,1.0,9.0,2.0,6.1,5.1,18.2,27.0,16.2
1772854325.9914527,26.3,20.8,25.0,21.0,25.7,19.6,35.3,30.7,25.5,7.0,3.0,13.0,17.6,27.7,8.0,9.0,12.1,12.0,11.9,6.0,27.0,34.0,28.7,30.7,9.1,15.8,23.0,30.0,21.8,40.6,39.2,43.1,11.2,8.0,5.9,7.8,10.1,17.0,25.0,23.0,6.0,17.0,30.4,39.2,4.0,17.8,12.9,8.9,11.0,7.0,19.6,27.7,19.8,24.8
1772854326.9915414,22.4,13.1,5.1,12.9,9.0,16.3,21.2,18.4,21.4,6.0,7.0,3.1,13.1,20.0,4.0,2.0,16.8,16.0,7.0,11.9,13.3,20.0,23.0,24.0,3.0,22.0,14.1,15.2,27.7,22.0,24.5,32.0,13.0,16.2,2.0,5.1,6.9,12.9,20.2,22.0,4.0,9.0,15.0,28.0,9.2,13.1,13.1,11.3,7.1,4.0,10.0,24.2,10.2,13.0
1772854327.9955254,26.0,11.9,8.1,18.2,19.0,21.6,21.0,19.6,19.0,8.1,4.0,5.0,28.2,18.0,3.0,1.0,17.2,20.2,7.9,14.0,19.8,18.4,25.3,24.8,16.8,13.1,19.2,21.2,27.0,33.0,32.0,30.3,13.0,12.0,2.0,2.0,6.1,7.0,34.7,21.8,1.0,7.9,13.1,23.0,8.0,2.0,2.0,8.9,1.0,5.0,5.1,24.5,17.0,5.1
1772854328.9980595,17.5,15.0,28.4,22.0,11.2,25.0,30.7,30.3,9.8,7.0,8.9,5.0,28.7,19.8,3.0,7.0,9.0,11.9,8.0,15.0,32.0,20.8,24.5,23.2,12.0,27.5,12.9,21.8,35.3,19.8,38.6,32.7,2.0,10.9,2.0,1.0,11.9,3.0,37.0,25.7,2.0,7.1,14.0,18.8,5.0,3.0,1.0,14.0,3.0,3.0,8.9,20.6,20.8,18.0
1772854329.9985323,25.0,22.4,14.4,22.2,19.4,20.0,27.0,20.2,5.1,7.1,7.1,9.1,13.0,25.0,5.1,10.2,18.0,7.1,9.0,8.0,25.7,25.3,31.6,28.3,20.0,13.0,29.3,18.2,24.5,33.0,49.5,52.0,4.0,8.2,10.0,21.0,10.3,11.1,27.7,13.3,9.1,18.2,32.0,40.2,7.1,5.1,8.1,5.0,9.1,9.1,40.6,9.2,21.2,29.7
1772854330.9986804,15.6,34.3,24.0,26.7,18.2,30.3,20.6,32.3,4.1,8.0,9.1,12.1,13.1,25.3,16.5,8.1,21.4,29.0,17.0,10.2,29.3,27.0,37.0,26.7,15.0,18.8,31.7,34.7,26.7,39.0,43.0,53.0,7.1,5.1,18.2,12.1,18.2,20.2,27.6,18.0,23.2,6.1,36.0,36.4,5.1,7.1,9.1,4.1,11.0,9.1,19.0,26.0,18.2,32.3
1772854332.0003936,29.6,17.3,16.5,28.7,31.0,42.0,24.7,31.7,8.1,10.1,9.3,20.2,18.8,19.8,16.3,21.2,17.2,23.2,11.2,10.1,30.3,29.7,36.0,30.3,11.2,18.4,44.4,36.4,21.2,39.2,52.5,55.6,10.2,16.0,8.2,22.0,19.2,32.0,16.2,28.3,12.1,14.4,39.0,37.0,13.3,17.2,11.1,7.0,25.3,9.2,16.0,19.0,17.0,28.0
1772854333.0029674,36.1,17.2,25.0,29.0,43.0,26.0,31.4,32.0,11.1,10.2,31.0,32.0,24.0,21.0,29.7,23.2,21.2,25.0,23.8,16.0,26.7,27.6,42.0,35.6,21.0,17.2,40.0,44.6,31.0,31.3,54.4,68.6,17.2,15.3,11.1,31.3,41.7,37.4,39.0,48.5,40.6,32.0,47.0,48.5,23.2,28.3,30.3,18.4,28.7,12.4,26.3,17.5,29.6,22.4
1772854334.0062547,27.8,41.6,40.4,38.0,38.0,33.0,38.1,32.7,19.2,20.2,43.6,14.1,31.3,33.7,18.6,16.3,21.2,35.0,29.7,25.0,30.3,29.3,41.0,37.4,20.0,18.2,61.4,35.4,29.0,25.3,51.5,46.0,24.0,26.0,17.3,33.7,27.3,25.0,34.0,21.4,42.4,39.6,44.1,36.0,20.8,20.8,27.0,5.1,28.0,15.2,25.0,27.3,40.4,46.0
1772854335.0066824,20.6,30.0,35.1,37.4,39.8,43.6,34.0,22.2,20.4,28.3,43.1,17.0,29.3,28.3,15.5,15.3,21.2,38.8,31.7,11.1,34.0,30.0,39.4,30.7,12.4,22.5,51.0,38.4,44.0,31.7,57.6,44.6,25.3,28.6,23.2,25.3,37.4,30.3,30.3,25.3,31.3,31.3,29.6,37.4,10.3,13.4,8.2,27.3,29.7,13.3,25.0,27.8,34.3,28.9
1772854336.0080404,26.3,24.2,20.4,26.3,38.0,44.0,23.0,30.3,16.0,12.1,37.6,12.1,17.8,27.0,4.1,12.9,21.0,26.7,30.3,10.0,24.5,26.0,32.0,27.6,14.0,14.4,31.7,24.2,33.0,31.7,43.0,47.5,19.0,21.2,5.0,13.1,25.0,36.0,24.0,27.0,23.2,17.0,26.7,33.0,6.1,4.1,6.1,27.3,24.8,7.0,26.0,17.2,23.8,14.1
1772854337.008125,18.6,36.4,23.5,28.0,38.0,39.4,21.4,22.2,11.2,19.0,30.0,14.1,14.3,20.0,9.1,4.1,18.2,19.4,29.7,6.0,29.7,16.3,26.0,36.4,7.1,7.1,22.4,43.0,23.5,31.0,46.9,51.5,15.0,16.8,23.5,11.1,27.3,30.3,13.3,11.1,24.5,22.2,34.0,40.0,6.1,4.1,9.1,22.8,18.2,17.3,36.3,39.0,27.0,19.4
1772854338.0124133,28.9,26.7,26.3,33.0,39.4,42.6,23.0,30.0,11.0,14.1,37.0,24.8,15.8,21.0,11.2,6.1,19.0,20.0,26.3,18.0,37.4,30.0,39.4,41.6,11.1,9.1,28.3,46.0,40.6,33.3,47.5,51.0,17.2,15.0,21.2,20.2,49.0,45.5,27.7,19.8,35.4,29.3,34.3,34.0,17.2,17.8,20.0,20.2,16.2,13.1,47.5,55.4,16.0,34.3
1772854339.0150852,25.0,23.0,31.0,31.4,48.0,46.0,31.6,33.0,4.1,5.1,14.0,21.2,19.8,26.7,9.1,9.1,19.0,13.1,23.8,15.0,34.0,34.0,31.0,33.3,6.1,6.1,48.0,36.0,27.0,38.6,38.4,36.7,13.1,15.2,15.2,13.3,41.6,38.0,29.3,26.3,19.0,25.0,46.0,41.0,11.2,11.2,13.1,2.1,10.0,7.2,32.0,35.4,24.2,27.0
1772854340.0151703,28.9,29.3,29.0,23.0,46.0,38.0,31.3,27.7,6.0,5.1,17.3,17.2,11.1,27.0,4.1,3.0,25.0,8.9,21.0,19.2,33.3,24.2,30.0,30.7,12.0,11.1,33.0,30.0,32.0,26.3,35.0,27.0,18.2,25.3,9.9,21.0,32.0,29.3,20.0,22.0,21.0,13.0,46.5,41.0,8.0,6.1,6.1,7.0,12.2,4.1,25.0,41.6,22.2,17.2
1772854341.0189073,21.4,25.5,37.0,34.7,35.3,49.0,32.7,36.6,8.0,4.0,18.0,17.8,17.0,29.5,5.0,15.2,15.2,30.4,29.0,22.8,36.6,32.0,29.0,25.0,7.0,8.9,15.0,29.3,18.0,29.4,34.0,27.7,27.3,23.8,5.0,10.1,29.7,25.7,30.7,9.0,29.0,27.7,42.6,31.7,10.2,9.9,8.0,5.1,7.1,10.0,39.8,38.8,22.2,22.2
1772854342.019198,23.5,28.6,20.4,31.3,35.1,42.4,34.7,37.8,11.5,12.1,17.2,15.2,27.3,33.3,9.2,14.0,28.6,28.6,29.0,24.2,33.7,32.3,35.0,32.7,13.5,8.2,37.1,26.3,24.0,39.4,36.0,37.0,32.0,29.6,8.2,13.1,26.0,24.2,30.6,25.0,28.3,21.4,37.8,42.0,17.2,15.5,6.2,11.3,10.2,9.2,30.9,32.7,30.0,36.0
1772854343.0200393,33.3,20.0,29.3,13.1,42.0,31.0,34.0,25.3,20.2,9.4,8.1,12.4,33.0,33.0,20.4,12.2,23.0,34.0,18.0,26.0,34.0,28.3,35.4,32.0,14.1,20.0,35.0,33.0,26.3,9.2,31.3,36.4,33.7,38.4,12.4,17.3,17.2,23.2,22.8,27.7,29.6,36.7,49.0,47.0,17.7,12.2,6.1,10.0,23.8,12.2,33.7,34.7,46.5,31.3
1772854344.0201342,16.5,38.4,17.3,22.0,33.3,33.0,37.4,26.3,29.6,14.3,24.7,30.0,30.7,35.0,13.4,12.4,28.3,27.6,20.2,14.0,34.7,37.4,36.4,24.7,24.0,18.4,36.4,32.0,30.3,13.5,29.6,37.8,37.8,35.7,15.3,15.2,36.7,28.3,24.5,38.8,29.3,29.9,41.8,43.0,16.3,14.3,19.2,15.3,22.4,23.2,40.6,33.3,43.4,43.4
1772854345.0208716,20.2,21.8,23.0,23.0,26.7,30.0,29.0,23.0,23.0,11.1,22.0,31.3,25.0,25.7,8.2,7.0,10.0,8.1,11.0,9.1,30.4,20.8,38.0,28.0,24.0,9.0,20.4,18.8,20.0,26.0,35.0,37.0,25.7,26.7,5.0,5.1,26.3,20.0,25.7,34.7,7.1,10.2,40.6,42.0,5.9,9.1,22.2,9.1,13.0,14.9,34.0,29.7,26.3,29.3
1772854346.0239344,26.3,21.0,30.9,19.0,29.3,35.0,27.3,24.0,21.4,6.1,33.0,29.6,17.0,18.4,14.0,11.1,9.0,7.1,10.1,10.1,29.3,30.6,25.3,31.0,26.0,12.2,42.6,41.6,23.2,16.0,51.5,45.5,28.0,24.0,8.1,10.2,34.7,23.5,38.1,27.3,22.2,20.0,46.0,34.0,21.0,23.2,25.3,11.2,21.2,19.2,37.4,43.0,37.6,32.0
1772854347.0243535,31.6,17.5,40.0,46.5,39.8,43.0,34.7,26.3,29.7,10.1,32.0,36.4,10.2,20.0,6.1,10.2,8.2,10.0,23.0,18.2,28.6,29.0,29.7,34.0,24.2,13.1,35.0,44.0,20.2,22.2,57.0,59.0,17.0,13.3,11.2,26.0,33.3,45.5,33.7,35.4,11.1,24.0,35.6,41.0,9.3,13.3,12.0,21.2,10.1,30.0,52.0,41.0,40.0,31.3
1772854348.0266297,25.8,22.8,32.0,32.3,45.5,40.0,38.4,30.7,24.0,9.1,39.0,29.0,15.2,19.8,11.1,6.1,10.1,10.1,15.2,9.1,26.0,27.6,28.3,36.4,19.2,16.8,33.0,34.3,23.0,29.3,66.3,56.4,16.5,16.8,10.2,23.2,28.3,38.4,27.0,26.3,11.3,24.8,35.0,39.0,12.0,13.3,11.1,19.8,15.0,11.2,43.1,37.0,41.0,29.3
1772854349.0267966,27.3,25.3,32.0,26.0,44.4,39.0,27.6,23.5,15.5,12.2,17.3,31.7,25.0,16.0,9.0,4.0,10.0,9.2,13.3,20.2,32.3,24.5,34.0,33.7,17.0,14.1,40.6,27.3,21.2,18.4,67.7,55.6,17.0,17.0,4.1,24.2,31.0,16.2,17.0,18.0,9.0,22.0,34.0,39.0,5.0,8.0,8.1,4.1,14.1,4.1,36.0,38.0,28.3,31.6
1772854350.028136,25.5,23.0,27.3,28.0,35.3,37.0,30.4,23.2,22.0,19.0,18.8,34.7,27.7,27.7,16.2,14.0,36.6,17.8,26.7,12.7,30.0,20.4,28.7,30.0,26.5,9.1,42.6,42.0,10.1,18.0,48.5,45.5,21.2,29.0,22.8,38.0,32.3,25.7,36.6,15.8,33.3,25.3,36.0,25.0,15.2,12.0,9.1,5.1,7.1,7.1,41.2,25.0,39.0,41.6
1772854351.0299706,25.3,19.0,20.2,26.3,39.4,20.0,27.3,23.2,12.4,14.1,17.2,37.0,34.0,35.0,17.2,11.2,23.7,35.4,28.0,13.0,33.3,23.5,23.2,22.4,19.2,16.2,40.8,35.4,16.2,27.3,63.4,40.4,23.2,30.3,14.3,29.3,29.7,12.0,32.7,26.5,32.3,20.4,17.2,21.2,15.2,14.3,9.2,4.0,5.1,8.1,35.0,24.0,37.8,30.6
1772854352.031781,28.3,27.3,19.4,23.2,39.8,32.3,30.3,44.0,11.2,10.2,27.3,34.0,27.0,34.0,16.3,9.2,31.0,11.1,28.7,15.2,16.2,34.0,43.6,41.0,17.3,16.0,41.0,35.6,25.3,30.0,64.0,59.6,16.3,22.0,16.8,16.2,27.3,27.8,32.0,34.3,31.3,33.0,38.0,35.0,10.3,14.1,11.1,12.1,9.2,8.2,58.4,50.5,41.4,39.4
1772854353.0333605,16.8,28.0,18.4,14.7,30.3,33.0,28.4,30.3,13.1,7.1,29.3,19.0,16.2,25.7,9.1,4.0,31.7,13.0,26.0,28.7,29.0,33.0,32.3,30.6,23.0,12.1,36.0,34.0,19.0,23.2,61.8,42.2,16.0,13.0,19.4,8.1,21.8,28.4,37.6,37.6,31.0,30.0,24.8,44.1,20.8,18.2,5.0,12.1,18.8,13.0,29.4,36.6,28.0,38.0
1772854354.0364492,24.0,26.3,33.3,21.2,17.2,32.0,25.8,25.5,8.1,7.1,35.6,29.6,22.2,16.2,5.0,10.1,18.4,22.2,26.0,20.4,16.2,24.0,29.4,27.0,10.1,8.1,29.3,34.0,16.2,21.6,57.4,64.6,14.1,16.2,15.3,15.0,20.2,18.2,31.7,14.1,25.0,26.3,27.8,41.8,4.0,6.1,12.2,11.0,11.1,25.0,40.6,28.3,30.7,36.6
1772854355.061851,21.4,29.4,24.5,18.8,20.8,42.2,29.7,25.2,20.6,5.0,29.4,42.7,35.0,22.3,3.1,10.0,19.4,21.6,12.7,9.8,27.7,25.7,34.7,28.4,5.9,2.0,36.9,39.8,23.5,18.8,67.3,66.3,17.8,13.0,16.7,16.8,29.1,23.5,13.0,15.7,21.8,24.8,37.5,35.0,12.9,14.4,7.8,22.8,7.9,30.1,26.5,34.6,32.4,30.7
1772854356.0638149,15.5,37.6,19.2,18.2,35.0,38.2,27.7,27.0,27.0,4.0,31.0,41.0,20.8,26.7,9.0,6.0,23.0,11.1,17.0,16.0,33.3,34.3,27.0,33.3,9.2,7.1,36.4,38.2,13.0,19.2,52.0,55.9,7.0,4.0,7.1,18.2,24.5,27.0,15.2,20.0,16.2,24.8,39.4,48.0,6.1,6.1,12.0,23.8,9.0,28.7,13.1,33.7,28.0,43.0
1772854357.064916,27.6,22.0,26.5,33.3,37.0,26.5,22.7,28.0,22.0,17.0,25.3,38.0,25.5,27.3,15.8,20.2,29.3,31.3,6.1,15.2,24.0,29.6,38.0,32.3,26.0,8.1,50.5,22.7,30.6,23.5,51.0,58.4,9.3,12.1,13.3,14.1,20.2,28.6,23.2,14.3,24.0,29.6,47.0,38.4,10.2,8.2,13.0,23.2,21.2,27.0,13.1,19.4,38.8,46.0
1772854358.07087,29.6,22.2,26.0,26.0,33.0,35.4,24.8,34.0,23.2,27.6,22.2,39.6,34.0,30.7,23.2,12.2,25.3,34.0,12.9,9.0,28.3,24.5,38.0,31.3,17.2,15.2,37.0,37.6,21.8,40.8,39.6,45.5,20.0,13.1,17.3,13.3,24.5,27.0,18.8,17.0,41.4,41.0,41.2,36.6,37.0,19.4,13.3,27.3,18.0,18.4,22.4,12.1,37.6,52.5
1772854359.0723774,25.7,33.3,33.0,22.2,26.5,29.7,27.3,32.0,33.0,18.2,24.2,31.7,35.6,34.3,15.5,16.2,22.4,24.2,21.2,22.0,28.0,27.3,40.4,36.0,23.0,14.3,46.5,42.9,34.3,27.3,45.5,51.0,12.4,16.5,13.1,11.1,25.0,33.3,39.0,35.0,42.3,39.8,37.0,38.2,29.6,31.3,16.3,27.6,11.1,13.1,24.5,11.2,29.0,39.4
1772854360.0724623,28.6,24.0,33.7,32.0,21.4,20.4,23.5,28.6,10.1,7.0,15.3,17.2,25.7,19.0,7.1,10.1,13.9,14.1,17.0,16.2,32.3,28.6,34.0,25.0,25.0,12.4,30.7,29.7,32.7,29.0,53.9,54.9,9.0,8.1,11.1,9.2,8.2,13.1,20.2,33.7,24.0,27.0,34.3,29.7,15.2,14.0,8.2,16.0,10.2,8.1,22.4,16.3,22.0,21.4
1772854361.0731962,19.8,30.7,36.6,31.0,29.0,28.3,32.0,32.3,11.2,7.1,24.2,27.0,15.2,22.8,10.1,9.1,8.2,8.1,23.0,15.0,34.0,22.4,37.0,33.3,18.0,22.8,28.3,24.5,30.0,37.6,45.0,45.0,9.2,18.8,13.1,21.4,11.0,19.2,16.2,37.4,23.2,22.4,38.6,38.8,11.1,11.2,23.0,11.1,16.7,8.3,41.2,14.3,32.3,24.0
1772854362.0732834,25.0,18.8,26.0,22.0,18.0,27.0,25.3,26.3,9.2,3.1,22.2,33.3,14.0,25.0,7.1,5.1,8.1,14.0,21.0,20.0,24.2,14.3,33.3,42.6,16.2,18.2,29.3,34.3,29.0,33.0,44.0,52.0,14.0,18.2,18.2,20.8,25.3,17.3,22.2,29.3,21.2,21.2,39.0,33.7,3.1,8.0,16.3,13.1,11.1,12.7,24.8,30.7,25.7,23.0
1772854363.0733683,25.3,25.0,15.2,25.0,26.3,28.0,20.2,24.5,10.1,7.1,29.7,27.7,28.0,17.0,11.2,4.1,10.0,11.1,11.1,30.0,31.3,28.0,33.0,40.6,22.0,14.9,33.3,35.0,36.0,36.4,58.4,50.0,14.1,18.2,24.0,7.1,13.0,16.0,26.0,34.3,18.8,23.2,39.6,44.0,4.1,7.1,22.4,14.3,10.1,9.5,58.6,36.4,29.6,27.0
1772854364.0734644,18.1,34.3,18.2,24.2,37.8,36.0,22.2,21.4,7.1,4.0,37.0,13.1,27.7,15.8,9.2,10.3,16.2,10.2,14.3,11.1,32.0,34.7,34.0,28.3,14.3,14.1,32.7,53.9,25.0,28.7,52.0,56.4,19.2,14.0,10.1,23.5,25.3,20.2,31.0,24.2,15.3,14.3,47.0,45.5,10.0,12.2,5.9,14.0,15.0,14.0,41.0,52.5,21.0,32.3
1772854365.0735474,28.6,19.0,31.0,27.7,54.5,47.5,33.0,24.5,22.0,26.0,28.0,10.2,27.7,22.2,13.1,26.7,38.0,13.3,23.0,22.8,32.0,34.3,36.6,31.3,18.8,16.2,45.5,40.4,29.0,35.0,46.5,51.5,24.8,28.3,16.3,37.6,28.7,48.5,24.2,15.2,15.2,22.0,47.0,45.1,22.2,20.2,11.1,4.1,21.4,21.2,33.0,35.4,39.4,30.3
1772854366.0736396,29.6,26.3,28.6,22.2,47.0,48.5,28.3,20.4,24.0,28.6,15.6,15.5,33.7,34.3,15.3,15.3,38.8,20.4,8.1,14.1,30.6,35.0,30.3,32.3,18.2,16.3,44.0,42.2,31.0,41.4,52.5,44.0,27.6,24.5,20.4,20.4,30.3,42.9,40.6,29.3,33.3,28.9,46.5,48.5,19.8,18.4,8.2,7.1,25.0,17.3,31.0,36.0,28.6,39.4
1772854367.0751767,27.8,34.0,23.5,29.0,48.0,42.6,30.6,30.4,29.0,13.1,11.0,15.8,28.0,24.0,11.3,7.1,32.0,19.2,18.0,15.2,34.7,34.7,33.0,23.8,18.0,16.2,37.0,49.5,26.7,34.7,48.5,60.4,21.0,24.0,7.1,9.2,26.3,36.3,24.0,35.4,25.3,25.0,44.6,40.0,18.0,16.2,12.1,5.1,21.0,20.0,34.7,38.6,21.2,32.4
1772854368.075258,12.8,25.7,28.6,30.0,38.4,37.0,18.2,26.7,17.0,12.1,21.0,15.3,24.2,20.2,5.1,7.1,25.0,22.4,8.1,10.1,16.2,12.1,29.3,19.4,21.0,8.1,31.0,15.0,22.0,36.4,38.4,42.4,12.1,18.2,7.1,4.1,30.0,45.1,16.2,36.3,21.2,22.0,28.3,29.4,9.1,9.0,7.1,4.0,7.1,8.2,29.7,35.4,20.2,16.5
1772854369.0762956,30.3,12.1,35.6,27.3,44.1,42.0,21.0,29.0,24.0,5.1,16.2,13.0,27.5,18.0,9.0,4.0,12.0,20.2,5.9,10.0,19.8,27.0,22.0,26.0,8.1,11.1,31.0,26.3,25.3,37.3,35.0,28.0,12.1,18.0,3.0,4.0,29.3,35.7,8.9,27.6,24.2,19.0,18.8,26.3,9.1,4.0,10.0,22.2,6.9,6.0,33.0,40.6,21.8,18.8
1772854370.0763848,32.3,21.4,33.3,32.7,46.5,46.0,38.0,29.3,18.4,11.1,20.2,31.0,39.2,23.0,12.0,8.2,18.2,20.0,19.2,24.2,24.2,27.0,36.6,29.3,10.1,9.2,35.4,29.3,23.0,28.3,27.7,35.6,20.0,16.2,2.0,9.1,24.0,36.0,21.0,17.0,34.7,24.2,19.2,22.0,11.0,5.1,13.1,28.0,8.2,7.1,35.6,37.0,22.2,24.2
1772854371.0784693,33.0,19.8,21.4,26.7,40.4,38.6,32.7,27.0,15.2,10.0,27.0,8.1,15.2,21.8,6.1,10.9,18.8,20.4,17.0,35.0,29.0,28.0,34.3,33.0,7.1,9.1,45.5,27.7,26.0,29.7,37.6,25.3,25.7,23.0,5.1,7.1,34.0,29.0,24.0,11.1,24.8,23.2,29.7,27.0,15.2,7.1,12.2,21.0,10.9,15.2,37.3,38.4,24.0,31.0
1772854372.0789762,28.4,19.2,34.3,28.0,45.5,42.9,35.4,24.2,20.0,15.0,24.8,14.0,16.0,22.2,9.2,11.2,22.4,16.2,29.0,17.8,22.0,28.3,30.6,33.0,8.2,11.1,45.5,27.6,26.7,28.3,37.6,37.6,27.3,30.0,21.2,13.3,41.8,41.0,20.2,16.2,26.3,24.0,31.3,28.0,27.3,23.2,26.3,10.2,7.1,17.2,36.4,36.3,27.3,30.6
1772854373.0797102,36.4,19.0,27.0,15.0,38.4,41.4,17.2,22.2,12.2,13.4,21.2,10.2,16.0,23.0,15.8,8.0,16.2,21.2,14.0,28.0,21.2,28.7,28.3,40.6,9.0,7.1,28.3,33.7,12.2,18.0,32.3,40.0,22.2,27.0,20.4,19.8,29.7,38.0,28.3,22.0,31.6,33.3,32.0,37.4,4.0,6.1,23.0,11.2,7.1,9.0,37.4,36.4,42.0,39.8
1772854374.0810375,34.3,21.2,20.0,26.0,52.0,39.2,29.3,28.3,17.0,29.7,25.0,9.0,26.3,29.7,17.5,20.6,19.2,30.0,14.1,26.3,37.0,20.6,29.0,32.7,18.2,14.9,36.6,34.3,22.4,23.0,43.6,43.0,37.0,33.7,38.0,23.2,26.3,21.2,27.0,23.0,23.0,26.0,35.0,38.0,11.3,14.1,17.3,16.2,21.0,21.0,34.7,40.6,39.0,44.4
1772854375.0811362,26.0,15.3,28.6,25.5,34.7,44.9,33.0,30.3,16.5,18.6,32.0,20.4,26.3,27.0,12.4,17.3,17.2,18.4,15.3,23.0,34.3,32.3,38.0,43.0,22.2,14.3,33.7,34.7,26.7,17.2,47.5,51.0,36.4,36.4,18.6,15.5,25.5,19.2,38.0,17.2,22.9,32.7,51.5,43.0,17.3,14.4,20.2,4.1,23.5,21.6,44.0,39.0,41.8,38.0
1772854376.0812223,35.0,16.2,27.8,21.2,31.3,36.0,25.3,25.5,8.1,12.1,35.0,39.0,23.0,27.3,4.0,10.0,11.2,12.2,13.1,16.2,24.7,28.3,25.5,40.6,23.0,14.1,40.4,25.8,16.2,22.7,52.5,59.0,21.8,25.3,9.0,3.1,25.0,28.0,19.2,37.6,32.0,16.0,49.0,44.0,17.3,17.2,19.2,20.2,7.9,28.6,59.4,59.0,29.0,31.3
1772854377.0847769,28.1,30.7,35.0,24.8,40.0,28.0,21.0,30.7,9.1,5.9,23.0,35.3,20.8,25.7,9.1,7.1,14.1,9.9,27.0,30.4,26.0,28.4,35.3,32.0,13.0,20.2,35.0,41.0,24.2,17.0,57.8,58.3,16.0,15.0,9.1,5.1,36.0,29.3,23.8,28.0,15.2,12.2,44.0,46.0,16.0,9.2,20.0,14.1,11.0,28.0,21.4,60.2,44.6,34.3
1772854378.0862632,30.3,19.2,40.0,39.0,37.4,29.3,27.7,29.3,7.1,10.2,32.3,24.2,26.7,17.2,10.2,7.2,17.5,15.5,23.0,18.2,27.8,16.5,30.6,29.3,24.0,6.0,38.0,56.4,23.0,10.1,53.5,52.5,15.2,19.4,10.2,4.1,37.0,50.0,25.8,20.2,26.0,26.0,47.1,48.0,23.2,23.2,11.1,21.2,24.2,14.9,35.0,38.6,35.4,35.4
1772854379.0904765,27.3,22.8,35.1,29.0,42.4,48.5,33.7,35.0,8.2,23.8,33.3,18.0,29.7,21.0,12.2,6.0,28.7,14.1,15.0,26.7,34.0,27.6,40.0,34.0,14.3,22.4,39.0,34.0,29.0,25.0,49.5,54.5,13.3,17.2,14.0,19.8,23.2,25.0,41.2,27.0,26.0,24.0,56.0,39.0,7.1,7.1,12.1,9.1,18.4,18.2,25.0,46.5,37.0,37.0
1772854380.090558,18.9,25.3,34.3,18.2,40.6,26.3,22.2,30.3,7.1,21.4,36.6,16.2,22.0,12.0,11.3,13.3,17.3,26.3,6.2,15.3,34.0,26.5,35.6,30.0,11.0,14.3,34.0,38.6,19.0,13.1,51.0,47.5,17.2,16.2,13.3,23.2,18.2,22.2,25.5,27.7,19.2,25.3,38.0,40.0,5.1,4.0,5.0,7.1,13.9,22.4,37.0,31.7,35.0,36.0
1772854381.091874,22.9,25.0,23.2,38.6,37.0,34.0,24.0,35.0,15.0,28.7,43.0,25.0,21.0,23.0,24.0,15.3,13.1,36.0,9.0,20.4,29.0,26.5,35.0,30.4,22.2,14.0,33.3,46.0,16.0,23.2,43.4,52.4,22.0,23.5,19.0,33.7,25.0,29.3,22.0,32.3,33.0,37.6,38.6,55.4,22.2,18.2,5.2,15.2,14.3,27.7,26.7,44.0,45.5,42.0
1772854382.097326,35.4,13.1,24.0,12.0,35.3,29.3,32.3,26.0,26.3,22.2,35.6,34.3,38.2,32.3,16.3,15.0,19.4,38.6,15.0,19.8,33.3,30.3,36.0,29.0,17.0,18.2,38.6,37.4,10.2,19.0,57.4,64.6,26.0,26.0,32.0,19.0,18.2,23.3,32.0,19.0,34.3,29.6,38.0,41.0,17.2,11.3,12.2,8.1,23.2,17.3,38.6,35.6,39.4,37.4
1772854383.099478,26.8,18.0,22.4,19.0,37.8,24.2,22.2,32.3,29.0,10.2,27.3,42.6,26.3,25.7,8.2,11.0,14.3,31.3,11.2,18.4,27.3,33.0,32.0,35.7,19.2,13.3,45.9,43.4,26.0,28.0,61.4,62.4,19.6,25.5,22.2,8.2,29.3,29.3,28.3,25.5,21.6,12.2,43.0,50.5,17.2,17.5,11.3,6.1,22.0,15.5,32.3,45.5,35.4,34.0
1772854384.1071632,22.4,22.8,14.6,23.0,35.0,34.3,30.7,24.8,11.9,17.5,29.7,41.7,16.7,26.7,10.9,5.0,20.0,22.8,17.6,12.7,34.7,29.1,30.7,31.7,20.8,8.9,31.1,43.6,23.8,16.8,59.2,66.0,18.4,15.2,23.5,9.9,15.5,13.0,25.2,29.4,24.8,4.0,50.0,44.6,15.0,16.8,23.3,13.0,5.0,15.7,22.5,26.7,30.4,37.3
1772854385.1076026,18.1,20.4,18.6,32.3,28.6,20.2,24.5,21.2,16.2,9.3,20.2,27.8,12.2,23.2,10.1,4.1,10.2,9.2,12.2,25.3,23.5,30.6,19.4,23.2,7.3,6.1,18.4,35.0,24.2,24.5,31.3,53.0,12.4,16.2,12.2,24.5,23.2,31.0,14.3,14.1,19.4,13.3,36.4,32.3,7.1,9.2,24.5,4.1,6.1,4.2,19.2,13.4,22.4,18.6
1772854386.111163,20.6,28.7,21.6,25.0,37.4,31.0,35.0,26.0,19.2,14.1,15.0,27.7,29.0,18.0,9.1,4.0,27.7,15.0,13.0,25.0,27.0,30.7,39.2,37.0,10.9,9.0,29.0,34.0,33.3,35.0,39.0,59.0,9.1,7.9,10.3,14.0,23.2,22.2,20.0,28.0,10.0,16.2,48.5,42.0,9.1,10.1,20.2,14.1,6.1,13.1,11.2,18.0,28.0,40.6
1772854387.1112502,19.8,25.0,29.0,25.0,25.7,35.4,26.7,30.3,16.2,11.2,18.2,14.0,25.7,20.8,4.0,7.1,23.0,15.0,11.1,26.7,26.3,27.3,31.6,36.0,7.1,7.1,30.0,15.3,32.3,31.3,35.0,37.4,6.1,4.1,14.1,11.1,18.2,20.0,21.0,27.0,5.0,13.0,24.0,26.7,3.1,6.0,10.1,22.2,7.1,11.2,12.1,7.0,31.0,34.3
1772854388.1113427,27.3,9.0,31.3,18.4,19.4,29.7,18.4,24.0,19.4,5.0,16.2,15.0,24.0,17.0,3.1,2.0,20.8,20.8,22.8,17.0,21.2,25.5,18.2,18.4,9.0,9.0,24.2,17.8,36.3,24.8,31.7,27.7,7.1,4.0,12.0,13.3,7.1,13.1,20.0,17.2,11.0,9.1,13.1,13.0,9.1,7.0,6.0,22.8,4.1,4.0,14.1,3.1,23.8,20.2
1772854389.1160913,10.5,19.0,16.0,23.5,7.0,32.4,15.8,18.0,4.0,4.0,20.0,16.2,15.8,14.0,4.0,9.1,9.9,24.8,27.5,5.9,10.0,22.2,13.9,19.0,7.0,6.1,19.8,12.1,30.4,18.8,36.4,32.3,4.9,5.1,6.1,19.8,3.0,17.8,7.8,7.9,9.9,9.8,10.9,12.9,13.0,13.1,15.0,20.0,4.9,4.0,12.7,5.0,17.0,12.9
1772854390.1186526,21.4,25.7,18.8,12.0,24.8,21.0,25.5,29.7,7.9,6.9,12.0,19.8,18.6,17.8,7.0,5.1,9.2,12.1,23.2,19.2,27.0,23.2,24.5,30.7,7.9,8.0,28.0,20.0,38.6,28.7,46.0,45.5,3.1,6.1,7.9,7.0,12.1,8.9,10.1,25.0,23.0,23.0,24.0,24.0,5.0,7.0,14.1,8.0,15.2,9.3,21.2,19.0,27.7,22.0
1772854391.120964,29.9,27.0,30.6,12.1,30.6,17.3,31.0,34.3,10.1,9.1,22.4,15.2,16.0,29.4,17.2,9.2,13.3,12.2,31.4,27.0,34.7,39.0,34.3,34.3,9.3,11.1,28.3,32.7,34.0,36.0,58.4,33.3,10.1,10.2,11.3,18.4,22.2,10.2,13.3,21.2,28.3,20.6,29.0,31.3,9.2,23.0,22.0,15.2,25.5,26.5,29.3,21.4,36.4,42.4
1772854392.1227214,18.6,30.0,21.2,13.1,26.5,23.0,32.0,31.3,14.1,17.2,14.0,17.3,36.6,31.6,17.3,21.2,26.5,28.9,16.2,25.7,27.7,33.7,39.0,32.0,24.8,13.1,37.0,35.7,44.6,29.7,39.4,39.4,18.4,19.2,16.3,17.2,19.2,18.4,27.3,26.7,34.3,34.0,28.0,26.7,13.3,23.5,16.5,17.2,16.2,27.0,13.3,18.2,33.0,28.3
1772854393.1228063,21.1,25.3,38.0,22.8,26.0,23.0,35.4,32.0,15.6,14.4,26.7,26.3,39.0,36.6,10.2,15.0,17.0,18.2,18.2,25.0,29.3,26.5,32.7,34.7,23.0,11.1,50.0,43.4,34.3,34.3,35.4,36.0,25.0,24.5,8.2,5.1,16.2,11.1,39.0,12.2,33.3,24.0,20.2,14.3,26.0,18.4,19.0,17.8,10.1,21.2,26.0,22.0,15.2,29.3
1772854394.125184,28.0,21.8,15.3,23.0,29.0,16.2,34.3,22.4,6.0,8.9,31.0,20.8,25.0,17.2,7.0,2.0,6.1,12.9,12.9,29.0,26.0,29.0,27.0,26.3,12.9,20.8,33.3,36.6,29.0,32.0,35.6,28.7,14.7,18.6,3.0,6.0,13.0,9.2,28.3,22.0,25.3,19.2,17.0,16.2,8.2,11.9,1.0,20.4,13.9,24.8,28.7,17.8,17.0,21.0
1772854395.1323535,22.2,29.7,18.2,13.0,26.3,17.0,33.0,27.7,9.1,7.1,26.2,29.0,20.6,17.0,6.0,9.1,11.9,9.1,13.9,11.0,26.0,29.7,39.2,34.7,13.0,21.8,27.7,40.6,36.3,31.4,41.2,37.0,15.8,18.0,5.9,6.1,24.0,24.0,29.7,39.0,29.0,31.3,38.4,40.6,15.0,12.1,4.0,12.0,9.1,24.8,41.6,24.5,22.0,27.7
1772854396.167793,24.5,28.2,35.3,20.4,43.7,34.6,26.0,32.0,24.3,4.9,24.5,39.6,22.3,19.0,12.7,9.8,20.4,32.7,13.6,12.5,26.0,24.5,37.9,31.4,26.0,13.7,24.0,48.5,33.3,37.1,41.0,41.3,22.8,17.3,22.3,6.8,20.2,33.3,39.4,35.2,22.3,29.8,46.7,45.2,12.6,9.7,10.9,13.6,18.3,26.0,50.5,35.9,25.2,22.8
1772854397.1696727,27.6,24.0,21.2,39.2,49.0,48.0,28.6,30.7,24.8,7.1,17.0,40.2,18.6,19.0,10.0,7.1,30.3,35.4,19.2,15.2,25.3,25.0,34.0,31.3,23.0,16.0,29.0,39.2,27.0,31.0,43.0,40.6,16.8,13.1,18.2,19.0,34.3,31.3,32.7,27.0,26.7,23.8,46.0,40.2,8.2,10.1,7.9,8.1,19.2,20.0,43.6,28.7,27.7,31.4
1772854398.1697729,12.5,20.4,30.6,28.6,39.8,35.0,30.3,24.2,25.5,4.0,16.2,29.3,18.4,15.2,2.1,4.1,27.3,12.0,21.4,19.0,19.2,23.2,27.3,29.3,12.2,19.2,26.3,28.3,34.3,32.0,39.8,50.5,16.3,12.2,4.1,22.4,37.0,40.4,27.0,20.2,17.0,17.3,44.1,36.7,5.1,4.1,9.3,1.0,8.1,7.1,23.7,22.7,15.3,14.3
1772854399.1698673,29.3,13.0,27.6,21.8,34.0,36.4,19.8,21.4,22.0,5.1,10.1,20.0,30.4,15.2,4.0,12.9,17.0,23.0,11.0,6.1,22.2,14.1,31.0,25.0,9.0,11.1,30.0,23.0,20.2,30.0,30.3,45.0,15.0,15.0,3.0,22.0,32.0,25.0,17.3,23.0,11.1,18.2,30.6,39.0,9.0,6.0,16.2,2.0,11.2,12.2,23.8,17.0,18.0,17.0
1772854400.1700788,17.5,28.0,34.0,32.0,42.4,38.2,24.0,29.7,22.2,6.0,17.2,23.0,23.8,16.7,10.2,15.2,26.0,7.1,18.0,12.0,28.3,27.0,19.2,23.8,4.0,6.0,23.2,28.3,23.8,17.2,23.0,34.3,17.0,14.0,6.1,21.0,35.0,19.2,21.2,13.1,10.9,21.0,35.3,34.7,16.2,15.8,17.3,7.1,16.7,18.8,30.7,27.7,25.5,21.2
1772854401.1701465,32.7,20.0,34.0,41.0,36.4,47.0,31.6,26.3,31.0,14.3,31.3,24.2,26.5,30.3,21.8,12.1,32.0,22.8,7.1,18.0,36.4,33.7,30.7,31.0,11.2,7.1,46.0,41.0,23.0,14.3,45.0,59.0,28.3,25.0,22.0,28.3,29.3,36.0,17.2,35.4,28.9,18.4,46.0,45.0,16.3,22.4,22.0,12.0,16.3,26.0,33.0,37.4,33.3,35.7
1772854402.170245,17.5,16.3,27.3,34.7,37.6,41.4,26.0,25.0,18.0,15.5,18.2,32.3,27.7,26.3,14.3,12.2,16.5,19.4,12.1,25.0,21.2,18.2,20.4,23.5,9.1,6.1,41.8,48.0,17.2,17.0,31.3,38.6,24.2,24.0,17.2,14.1,27.0,32.3,17.2,32.3,20.4,14.1,32.0,36.0,19.0,17.2,21.8,7.1,9.1,16.3,32.3,20.2,21.4,21.2
1772854403.170554,17.7,24.0,23.2,25.0,34.7,45.0,27.7,21.4,9.1,16.0,15.8,21.6,21.8,29.7,8.0,10.1,14.0,11.1,15.0,27.0,25.7,22.0,21.2,26.7,11.2,6.1,33.7,41.0,22.8,11.2,33.0,48.5,20.4,17.2,12.1,5.1,23.8,22.0,28.0,30.3,15.2,8.0,27.6,25.7,17.3,20.2,29.0,5.9,5.0,6.0,20.8,16.2,21.2,20.0
1772854404.1706421,10.4,30.0,14.0,14.1,36.4,33.7,22.2,17.0,13.1,14.1,9.2,9.1,12.1,14.0,13.0,4.0,20.8,11.1,10.0,26.7,21.2,22.0,30.3,26.5,19.0,14.0,14.1,23.2,23.2,12.0,32.3,32.4,15.8,14.0,15.3,12.9,16.0,21.8,21.8,20.8,17.8,15.0,38.6,30.3,13.0,7.0,13.3,17.3,10.2,1.0,20.2,19.4,18.0,11.2
1772854405.1710746,23.7,20.8,21.0,8.2,32.4,20.2,23.2,27.0,14.1,11.1,10.0,3.0,20.8,20.6,3.0,2.0,15.3,16.2,11.9,26.0,22.0,11.3,23.0,20.6,13.9,13.0,15.0,23.8,25.7,10.1,18.0,17.2,17.2,14.9,11.2,9.3,25.5,15.2,11.0,24.8,3.0,9.1,32.0,31.3,2.0,8.9,9.9,21.0,3.0,4.1,15.8,14.9,12.1,14.1
1772854406.1711743,25.3,21.0,17.0,22.8,46.5,41.2,23.0,23.2,13.7,25.0,3.1,7.9,19.0,22.0,6.2,5.0,12.7,9.1,10.9,26.0,20.2,33.7,22.0,23.2,11.2,23.8,26.0,15.0,14.0,18.2,21.0,19.4,18.2,14.1,17.0,12.0,18.8,14.1,13.0,22.2,9.9,12.1,36.4,36.6,4.0,4.1,14.1,12.0,8.0,6.0,19.2,24.8,19.2,12.0
1772854407.1719458,28.9,26.7,20.0,33.3,47.5,39.0,16.3,34.0,5.1,12.9,12.1,12.4,23.0,18.0,12.0,4.1,27.0,11.1,17.3,20.0,16.2,27.0,36.7,38.4,16.8,9.2,26.3,21.0,23.0,27.0,23.5,28.0,19.0,14.9,22.0,5.2,40.6,33.3,18.2,13.1,8.1,23.0,45.5,42.6,12.0,14.1,11.0,9.2,9.2,9.2,34.7,26.5,24.0,25.0
1772854408.1720152,27.3,12.4,25.3,39.4,37.0,34.0,20.6,23.0,2.0,3.1,7.0,7.0,26.0,20.8,3.0,5.0,22.2,28.6,8.0,10.0,16.2,26.5,13.7,22.2,5.1,9.1,34.0,17.0,24.0,17.2,14.9,28.4,11.1,6.1,4.0,1.0,29.3,27.3,24.8,10.0,2.0,20.0,20.4,22.0,7.1,12.1,8.1,3.0,3.0,3.0,26.0,23.8,17.3,17.2
1772854409.1730494,30.0,15.0,30.6,37.6,41.8,40.0,24.2,18.2,6.1,3.0,6.9,9.1,16.8,24.0,6.1,3.1,22.0,19.8,8.1,14.1,27.5,26.7,31.0,25.0,10.1,9.0,25.5,26.5,22.0,25.7,27.3,35.4,9.0,4.0,4.0,5.0,23.0,32.0,27.0,30.7,8.1,11.1,17.2,14.1,5.0,4.0,4.0,7.0,4.0,10.1,28.3,25.7,18.0,29.0
1772854410.1751864,27.6,24.8,23.8,30.3,33.7,36.4,26.3,24.0,6.1,5.1,3.1,11.1,30.0,23.0,5.1,9.1,22.0,27.7,22.0,17.0,19.2,32.3,33.3,32.7,15.2,9.0,17.2,34.0,29.0,34.0,39.4,38.0,10.1,4.0,6.2,5.1,28.7,28.7,17.0,30.3,14.0,8.0,20.2,21.0,7.0,5.0,12.1,4.1,13.9,7.1,32.7,36.0,22.0,22.2
1772854411.1782918,19.2,28.0,24.0,14.1,33.7,25.7,26.0,27.3,3.0,6.0,2.0,8.1,21.8,32.4,14.9,3.0,13.9,13.0,15.8,11.9,24.0,34.7,24.0,23.0,9.9,11.0,17.8,28.7,23.8,26.7,29.3,29.3,8.9,13.0,5.0,1.0,17.8,20.2,16.2,22.8,5.1,14.1,10.0,15.2,5.1,5.0,8.9,6.9,2.0,3.0,14.0,18.8,17.8,17.8
1772854412.1795416,22.7,8.0,19.8,11.0,20.2,18.0,17.8,22.0,2.0,3.0,1.0,7.9,21.8,13.0,11.1,6.1,5.0,8.0,11.0,6.1,8.0,23.2,13.9,13.0,4.0,6.1,9.1,14.1,8.0,16.0,29.0,26.3,11.0,14.9,2.0,2.0,6.0,11.9,15.0,13.1,4.0,20.8,7.9,8.0,2.0,0.0,3.0,4.0,2.0,4.0,16.8,13.0,10.0,11.0
1772854413.1796238,26.3,17.2,24.5,22.2,21.0,27.3,25.0,25.0,5.1,5.1,13.1,5.1,13.1,21.0,9.2,7.0,9.0,8.1,14.0,24.8,27.6,25.3,30.3,35.0,15.3,10.0,22.2,26.3,25.3,21.0,28.7,29.3,15.2,17.2,6.1,4.0,17.0,11.2,19.8,17.8,18.2,23.8,12.0,28.7,17.2,14.9,19.4,10.9,10.1,2.1,18.0,25.3,16.2,23.7
1772854414.1804438,26.3,12.1,11.1,19.8,9.1,19.6,13.1,22.2,4.0,6.0,5.1,1.0,27.7,17.8,4.0,1.0,11.0,9.0,15.0,18.0,26.5,13.9,18.2,9.0,6.9,6.0,13.0,20.0,20.0,9.0,15.0,11.1,11.0,14.0,3.0,2.0,2.0,5.0,17.2,11.9,6.0,23.2,11.2,9.1,5.0,2.0,13.0,15.2,3.0,4.0,15.2,15.7,7.0,15.0
1772854415.184577,17.2,16.8,16.2,9.9,15.2,11.0,20.8,21.0,2.0,3.0,1.0,7.1,23.5,17.6,3.0,6.9,9.0,8.1,16.8,21.6,27.7,18.0,22.8,17.8,8.0,6.0,25.0,14.1,13.9,16.8,16.8,15.5,13.9,15.0,2.0,3.0,14.0,3.0,12.9,12.0,7.8,23.5,11.9,11.0,6.0,3.0,8.0,19.8,5.0,3.0,21.8,19.0,25.0,25.3
1772854416.1846762,21.6,25.0,14.3,24.2,20.0,24.5,22.0,26.3,6.1,3.0,7.1,6.1,25.3,27.0,4.1,2.1,12.1,15.0,15.2,24.2,23.5,28.3,23.8,15.2,5.1,10.2,29.3,18.2,21.2,23.5,20.4,20.4,12.2,18.0,5.0,3.0,11.0,5.0,21.0,15.3,9.2,23.2,15.2,11.1,5.1,4.0,6.1,17.2,4.0,5.2,15.8,16.0,24.0,25.0
1772854417.1847606,19.2,30.3,25.3,37.0,22.2,20.8,18.4,32.3,8.1,12.1,20.0,10.0,27.0,23.2,13.0,13.0,16.0,13.1,13.0,12.1,26.3,31.0,32.0,33.0,10.1,11.9,29.7,37.0,18.4,27.0,34.0,31.3,23.0,23.0,15.2,10.3,23.0,21.8,19.2,17.6,25.0,26.0,24.5,25.7,9.0,9.2,4.0,10.1,21.0,16.2,31.3,36.0,40.4,43.6
1772854418.187127,29.2,22.0,27.0,18.2,25.0,23.2,28.0,32.0,19.6,12.1,37.0,14.1,32.3,36.0,10.3,21.2,24.5,18.2,11.0,9.0,31.0,20.0,40.4,35.6,10.0,8.2,40.4,43.4,24.0,25.0,39.0,52.5,21.4,30.3,18.4,13.1,27.3,34.0,33.0,29.6,34.3,20.6,23.5,28.0,23.5,18.2,6.1,9.1,27.7,13.0,36.6,33.0,44.4,55.0
1772854419.1885111,27.6,25.0,28.0,20.8,22.2,29.0,30.3,14.1,17.2,28.9,43.0,26.5,31.7,24.5,21.2,21.2,19.2,17.2,14.1,13.0,26.7,39.4,35.0,45.9,15.2,16.8,35.0,49.5,26.0,17.3,51.0,50.5,28.3,22.2,23.7,14.3,16.2,29.0,34.0,20.2,50.5,46.9,43.0,31.3,24.2,23.5,19.2,6.2,16.2,24.0,32.0,38.6,31.7,36.7
1772854420.1886015,24.2,34.0,34.3,28.3,40.8,25.5,20.2,28.7,7.1,23.0,35.6,39.0,25.0,12.0,3.1,10.0,21.2,14.1,9.1,14.0,23.5,17.0,27.7,36.6,12.1,21.2,32.0,38.0,15.2,23.0,68.0,59.0,14.3,17.3,14.1,18.0,15.2,26.0,23.0,26.3,23.0,28.7,49.0,46.0,16.2,16.0,5.1,9.0,30.0,10.3,34.0,38.6,32.7,37.6
1772854421.1947143,30.0,26.7,31.0,37.0,29.7,42.6,30.7,29.3,9.2,21.8,50.5,29.0,41.2,23.8,15.8,4.0,28.7,24.0,13.0,21.2,33.7,22.2,40.0,40.0,16.8,22.0,35.0,38.2,22.2,16.8,62.4,63.4,15.0,20.0,22.0,13.0,32.7,16.2,39.6,38.6,23.2,25.0,43.6,48.0,15.0,6.1,13.1,17.2,19.8,30.4,35.9,38.6,34.0,37.4
1772854422.195209,14.7,37.6,22.7,30.6,40.4,39.0,35.7,27.0,11.0,21.8,36.0,35.0,23.2,11.0,6.2,10.1,31.7,18.0,30.7,38.0,37.4,37.0,33.7,31.4,25.7,11.9,37.0,45.5,26.7,15.3,57.4,66.0,16.2,17.2,21.0,9.0,33.3,25.5,35.6,22.2,25.0,23.2,43.6,44.6,13.3,13.1,18.2,16.8,17.2,23.8,27.6,42.7,31.0,41.6
1772854423.1968133,33.3,16.2,42.9,43.6,26.8,44.6,29.3,26.0,22.4,7.1,37.4,36.0,20.4,16.8,5.2,9.1,17.0,25.7,14.1,27.0,27.0,23.2,35.7,28.6,17.2,22.0,35.0,45.0,18.2,13.1,48.5,62.0,15.3,18.2,15.2,21.4,34.0,32.3,30.3,35.4,18.4,19.2,36.4,50.5,8.0,6.2,27.7,5.1,20.0,12.2,27.0,21.6,37.4,27.3
1772854424.2033527,27.6,15.2,31.7,33.7,37.6,37.0,28.3,28.0,21.8,16.0,31.7,31.3,28.4,23.0,11.9,17.2,20.2,33.0,12.1,25.7,33.3,37.0,37.6,33.3,19.0,24.0,23.2,42.6,22.0,31.0,58.8,62.0,25.7,20.0,22.2,26.5,21.0,30.0,20.0,24.8,31.3,27.7,36.6,56.9,10.2,16.0,26.0,14.3,17.0,26.0,30.0,24.0,39.0,49.0
1772854425.2040505,32.3,29.3,28.6,21.2,37.6,31.0,34.3,19.2,21.4,20.2,37.1,40.0,33.3,33.3,13.4,18.6,19.4,42.0,13.3,29.3,37.4,31.3,36.0,38.8,26.8,12.2,30.0,46.0,31.3,28.3,70.0,60.4,27.8,22.2,34.0,27.8,22.4,17.5,24.2,27.6,19.2,39.2,41.4,51.5,31.3,35.4,23.5,8.2,19.0,23.5,32.0,24.5,39.6,46.4
1772854426.2063882,30.3,30.4,34.3,30.6,26.8,35.4,32.7,22.2,28.6,24.7,38.0,34.0,35.0,28.3,14.1,10.1,20.0,27.0,12.7,28.2,30.4,30.3,33.0,33.7,23.8,25.7,36.4,34.7,32.0,37.6,57.4,56.4,24.0,18.4,18.8,17.0,16.8,20.0,34.3,32.0,13.3,31.3,51.0,44.0,16.3,16.2,23.5,9.1,16.3,23.8,30.0,31.0,32.4,38.0
1772854427.207138,26.0,23.0,26.8,21.0,34.7,29.0,25.5,33.3,20.2,15.5,37.6,36.6,14.1,28.7,11.2,5.1,11.2,14.4,27.6,15.2,37.8,37.0,28.6,35.0,20.4,17.3,29.3,14.1,35.0,30.3,50.5,48.5,13.1,10.9,12.4,21.2,26.5,24.0,35.4,25.3,9.4,16.2,51.0,33.7,10.2,10.1,26.3,9.1,6.1,15.0,31.3,35.7,33.0,30.3
1772854428.2072196,30.6,15.3,36.1,45.5,32.3,34.3,27.7,34.7,8.0,25.0,15.5,16.2,17.0,21.2,11.9,5.1,12.1,13.0,26.0,26.3,22.0,27.6,38.0,38.4,18.0,18.2,25.3,23.0,29.7,35.0,50.5,51.5,12.1,21.2,18.4,14.4,39.0,34.3,25.5,26.3,25.3,24.2,49.0,37.8,16.0,13.1,10.1,10.3,14.1,11.1,29.7,32.3,37.0,32.3
1772854429.2082155,23.7,24.0,34.7,45.0,45.0,43.4,33.0,28.3,6.1,10.2,23.0,15.2,21.0,15.0,9.1,4.1,11.1,10.1,20.0,9.0,21.2,30.4,40.4,32.0,12.1,20.8,35.6,26.0,18.8,34.3,35.0,45.0,16.0,21.0,17.2,13.0,24.5,32.3,10.2,23.2,31.7,27.3,43.6,44.6,4.1,5.2,19.0,24.0,10.1,12.1,27.6,33.0,27.6,42.0
1772854430.2114577,29.9,23.2,31.3,17.0,32.3,37.0,29.7,27.3,8.2,4.1,16.2,14.1,24.0,16.0,10.2,14.3,11.0,9.1,20.2,13.1,22.0,22.0,29.4,32.0,9.0,7.1,42.4,37.3,25.3,23.0,44.6,45.1,18.0,13.0,16.0,2.0,23.8,32.4,13.1,20.2,33.0,33.0,43.4,50.5,16.0,13.1,15.0,19.0,10.2,10.2,29.0,23.2,23.8,28.0
1772854431.2115433,20.8,33.7,13.1,21.0,34.3,36.6,31.3,24.0,7.0,6.0,15.2,16.2,26.5,14.0,5.1,8.0,9.1,19.2,20.2,24.2,31.3,18.6,27.3,34.7,6.2,10.2,33.7,33.0,25.0,26.0,40.0,43.4,16.0,11.2,9.3,6.1,17.3,28.3,18.2,11.2,27.3,22.0,45.0,41.6,14.3,15.0,16.3,17.2,9.2,9.1,25.7,21.2,33.3,22.0
1772854432.2140565,24.0,27.7,11.2,19.8,31.7,32.0,33.3,31.3,5.1,7.9,19.2,15.0,24.8,14.0,9.2,15.3,24.2,18.0,19.0,33.3,28.3,31.0,27.3,34.0,8.1,8.1,31.7,35.3,22.0,43.6,40.0,42.0,17.0,21.8,11.0,16.2,21.8,22.0,16.0,24.8,23.2,17.0,29.3,37.0,7.0,6.1,14.0,6.9,19.8,15.3,21.2,21.2,34.0,24.7
1772854433.2187688,32.3,14.0,12.1,24.8,31.3,37.3,22.4,34.7,17.0,21.2,27.0,28.0,32.0,36.6,14.0,17.8,34.0,29.0,17.0,15.0,25.7,36.3,31.7,33.0,6.1,6.1,30.7,43.6,39.6,34.0,35.0,41.0,27.7,25.7,16.2,17.2,19.2,25.7,29.7,32.0,30.7,30.3,26.7,30.7,13.0,20.0,5.1,12.0,11.0,29.4,25.7,31.7,30.3,30.0
1772854434.2188578,36.1,23.5,17.2,29.3,33.7,34.7,30.0,34.7,18.7,15.3,50.0,28.3,33.3,33.3,10.2,13.1,30.6,35.1,10.1,14.1,24.7,30.6,29.3,39.4,13.3,10.3,33.3,35.7,35.7,27.7,40.0,31.7,24.5,24.5,4.1,9.2,23.2,24.5,17.2,25.3,21.6,26.0,25.3,21.2,14.4,14.4,7.1,10.3,27.3,9.3,28.3,38.0,23.2,23.7
1772854435.219114,24.5,33.0,22.2,19.2,33.0,33.0,33.3,22.0,12.9,9.1,53.5,24.2,21.0,28.0,8.1,11.3,13.1,8.0,14.0,9.2,20.0,30.3,29.0,38.0,10.1,7.1,30.7,27.0,41.7,30.6,41.0,44.0,17.0,25.7,7.1,6.1,41.4,36.0,22.0,27.7,9.2,20.2,26.7,29.0,7.1,7.1,3.0,6.2,18.4,18.2,26.3,39.0,25.0,36.6
1772854436.2193022,27.8,15.8,11.1,20.2,34.0,23.2,24.0,29.0,24.0,4.0,38.2,26.0,16.7,24.8,8.0,4.0,9.9,10.1,9.0,8.0,18.0,19.0,23.0,31.7,7.0,7.1,29.0,15.5,21.0,28.0,33.3,41.0,15.0,16.2,5.1,4.1,27.5,25.3,18.2,33.0,10.0,12.1,21.0,17.0,13.0,9.1,4.0,11.9,24.5,7.0,22.0,36.6,15.2,24.2
1772854437.2239194,28.9,27.3,26.0,21.2,38.8,46.5,24.0,19.8,8.2,19.0,42.2,15.0,11.2,11.0,5.1,10.9,11.0,13.0,17.2,19.2,31.0,33.3,29.3,33.0,15.0,22.5,19.2,34.7,36.0,27.0,42.6,41.0,15.2,14.9,14.1,9.0,23.5,19.8,20.0,34.0,22.0,13.1,24.2,29.6,8.2,4.1,4.1,7.1,21.2,18.2,30.7,49.0,23.8,25.3
1772854438.225229,22.9,21.2,35.7,40.6,34.7,43.6,32.0,28.0,6.1,23.0,33.7,30.0,15.0,19.0,5.0,8.2,9.2,12.0,16.2,17.8,20.2,26.7,26.3,26.3,14.0,24.0,27.7,30.6,35.3,28.0,28.6,38.0,17.2,12.1,22.2,7.1,38.0,30.3,32.0,23.0,12.1,15.2,19.2,20.8,7.9,6.1,17.0,5.0,12.1,24.0,38.4,33.3,26.0,16.2
1772854439.2255025,13.5,19.8,34.0,28.3,30.3,44.0,19.4,25.3,5.0,23.8,10.1,18.2,26.7,16.0,1.0,3.1,6.1,7.1,8.9,7.1,27.0,19.0,12.2,16.0,22.8,12.9,12.0,18.8,18.2,22.8,34.3,16.2,14.9,17.0,21.0,4.0,22.8,34.3,26.0,26.7,16.0,11.0,11.0,14.9,3.0,6.1,6.0,6.0,5.1,7.1,14.0,20.8,18.8,7.1
1772854440.225586,32.7,27.6,33.7,30.7,45.5,45.0,31.0,24.2,19.4,14.1,17.3,14.0,25.0,29.0,13.0,3.1,11.2,15.0,15.3,9.1,35.7,31.6,41.2,40.0,19.2,16.2,19.2,34.7,34.0,22.4,54.5,42.4,14.3,20.2,23.2,9.4,37.4,30.6,14.1,34.3,33.0,27.6,36.4,27.6,17.3,21.8,9.1,15.5,22.0,21.0,45.0,41.4,36.4,26.5
1772854441.2273517,21.6,27.7,38.0,35.3,46.5,37.6,27.3,26.0,23.8,7.0,10.0,17.0,13.9,25.5,4.0,8.1,8.9,9.0,31.1,16.8,19.2,28.0,27.6,19.2,10.2,26.0,31.0,28.7,29.0,8.0,29.0,27.0,15.8,16.8,21.0,16.2,36.6,21.0,29.0,27.0,23.0,19.0,29.7,33.3,11.0,7.1,24.2,6.0,17.3,19.0,38.0,41.6,22.4,14.7
1772854442.227463,29.3,23.2,37.0,28.3,43.0,38.6,23.2,35.4,11.2,12.2,21.2,13.3,17.2,25.0,3.1,7.1,8.2,10.3,11.2,26.0,23.0,28.0,29.0,34.0,25.7,12.0,19.4,39.4,23.2,18.2,29.7,34.0,16.0,17.0,9.1,18.4,35.4,28.0,26.5,22.4,11.1,19.2,36.4,49.5,7.1,7.0,7.0,27.3,12.0,20.4,44.1,38.0,16.2,27.8
1772854443.2301395,36.4,20.0,27.7,26.3,40.6,35.4,18.0,22.5,13.3,6.1,15.2,17.8,21.8,21.0,2.0,5.1,11.0,10.0,14.1,27.7,18.0,23.5,34.0,23.2,18.8,15.2,31.0,33.3,23.0,18.2,31.0,24.0,14.1,17.0,5.9,8.0,28.7,22.0,22.8,28.3,3.0,13.0,47.5,38.0,5.1,2.0,7.1,22.0,17.0,5.1,27.0,20.0,27.0,24.5
1772854444.2316055,27.8,23.2,33.3,32.7,24.5,46.5,33.7,24.5,20.8,26.0,21.8,26.0,31.0,32.0,13.0,19.0,31.0,33.0,8.1,31.0,23.2,29.7,32.0,35.9,13.4,16.2,45.1,42.0,14.1,20.0,46.5,54.5,12.0,22.2,22.7,27.0,40.6,29.3,37.0,43.1,24.2,17.0,45.5,43.6,14.0,15.0,11.1,25.0,13.0,10.9,30.7,33.7,35.7,35.4
1772854445.2321105,24.5,18.0,25.8,31.3,29.6,33.3,24.2,25.0,23.7,24.7,17.5,21.0,28.0,30.0,13.4,13.4,39.2,23.2,14.1,27.0,25.0,18.2,31.6,30.6,18.2,14.0,39.4,44.0,32.0,20.2,46.5,30.3,13.4,15.2,21.2,25.3,10.3,13.3,28.6,26.8,22.0,14.3,33.3,36.4,15.5,16.2,11.2,15.5,5.1,10.3,23.2,19.4,19.2,20.2
1772854446.2325335,16.0,9.1,7.0,18.8,12.9,15.0,16.0,10.0,18.0,16.8,15.0,10.1,17.2,22.0,5.1,5.0,28.4,11.0,13.9,15.8,9.1,24.2,12.7,16.0,16.8,14.1,20.2,31.0,20.8,19.8,39.6,14.0,8.0,9.0,18.2,8.1,11.0,18.8,23.8,22.3,9.2,5.1,26.7,25.0,6.0,8.1,7.8,4.0,1.0,4.0,16.2,14.9,9.0,6.0
1772854447.2355084,31.0,23.8,32.0,21.0,22.2,26.0,31.0,30.6,6.0,6.1,8.1,24.5,22.5,31.4,8.1,4.0,29.7,11.9,19.8,18.0,27.0,28.7,25.3,29.3,19.0,20.8,23.0,42.6,20.2,25.0,45.5,26.0,5.1,5.1,13.0,3.0,20.2,21.0,21.0,15.2,8.9,8.1,39.8,38.2,7.0,9.0,11.1,15.0,7.1,3.1,22.5,18.0,19.0,30.0
1772854448.2370512,20.6,26.3,19.6,34.0,35.7,40.0,21.2,31.3,9.3,9.1,22.0,7.1,28.0,16.3,10.1,6.2,28.3,11.1,19.4,19.2,30.0,37.8,40.4,38.6,26.7,18.2,27.7,28.3,32.7,15.3,34.3,50.5,19.0,16.2,4.1,10.2,34.0,34.0,22.2,11.2,27.3,15.2,46.5,46.5,10.2,12.1,24.5,20.2,18.0,8.0,32.0,25.5,21.2,32.3
1772854449.237489,28.1,33.7,33.0,25.5,29.3,36.0,22.4,24.2,7.1,5.1,5.1,13.1,27.7,21.0,6.1,13.0,22.0,17.3,24.5,20.2,31.0,28.7,34.0,27.0,7.0,9.0,41.4,42.0,19.2,23.0,52.0,39.4,13.3,16.2,8.2,5.1,16.0,22.0,16.2,16.0,10.0,20.0,39.6,32.0,13.0,12.0,15.3,16.3,11.0,11.1,32.0,20.4,21.2,22.4
1772854450.237568,27.8,28.7,35.0,50.0,40.0,41.0,27.0,31.7,7.1,8.0,6.2,12.2,23.0,19.0,15.2,8.2,12.0,11.0,26.5,37.3,32.7,29.0,32.7,38.2,7.1,8.2,44.4,39.0,21.8,28.3,52.5,39.4,18.8,17.3,7.0,5.1,22.2,20.4,22.8,21.0,18.2,25.3,53.0,41.6,18.0,17.2,13.1,23.2,25.0,12.2,34.3,34.3,33.7,26.0
1772854451.23765,26.8,34.3,30.0,30.3,37.8,30.6,28.6,36.0,10.2,22.2,14.1,11.3,31.0,21.2,15.2,11.1,17.6,13.1,13.1,15.2,30.0,30.0,39.0,36.0,11.0,14.0,37.0,37.4,26.3,20.0,41.0,43.4,18.6,16.0,14.0,9.3,19.2,19.2,16.2,26.3,31.0,25.3,45.0,50.0,10.2,7.1,9.1,8.2,27.0,13.1,38.0,35.4,36.4,32.3
1772854452.2384284,34.7,16.8,29.9,25.3,25.5,21.2,37.4,25.3,12.4,35.4,39.2,17.2,32.7,31.0,13.3,16.3,19.4,23.0,12.1,12.2,30.0,26.5,34.7,26.3,11.1,10.2,39.4,39.6,17.3,17.5,51.0,58.3,28.0,24.8,20.6,28.3,19.4,20.4,21.2,40.2,36.0,39.4,43.4,54.5,16.3,21.2,6.1,10.0,13.1,27.3,31.7,41.2,44.0,41.8
1772854453.2413979,28.4,22.0,17.3,15.0,20.0,24.5,32.7,23.2,27.0,23.5,24.0,38.0,25.3,22.4,14.0,18.0,20.2,19.6,7.0,10.0,31.3,21.8,24.8,29.0,13.1,20.0,36.0,33.3,14.1,14.1,48.0,54.0,24.5,25.3,17.8,33.7,31.3,35.4,34.0,22.0,37.1,42.6,43.1,50.0,20.4,22.7,6.0,15.2,16.2,25.7,37.0,43.6,42.9,38.4
1772854454.242955,26.3,24.5,17.3,20.0,12.4,31.0,23.5,26.3,25.7,17.2,42.6,15.8,11.1,21.8,9.1,6.1,11.2,10.0,10.1,12.0,28.3,29.0,32.3,23.0,16.2,17.2,23.8,23.0,18.2,19.2,49.0,63.4,15.2,19.4,9.1,27.0,14.1,27.7,38.0,15.3,26.0,24.0,35.4,33.7,7.1,8.9,9.2,5.0,23.8,15.8,30.3,38.6,34.7,28.3
1772854455.2485058,32.3,29.0,19.4,27.0,23.0,33.0,34.0,27.0,27.0,5.0,31.7,30.7,27.7,20.0,11.1,4.0,10.1,23.8,17.8,22.8,20.0,34.0,41.0,44.0,16.2,20.2,37.3,41.0,25.0,21.2,59.4,57.0,22.8,17.0,9.1,24.2,15.0,33.7,35.6,14.1,27.7,24.8,29.7,27.0,13.1,8.2,9.1,13.1,24.0,16.3,24.5,29.7,33.7,36.6
1772854456.2497966,37.4,9.0,18.2,31.7,26.0,35.4,24.2,32.0,11.1,16.8,26.3,34.0,20.0,9.0,9.9,4.0,17.0,17.3,24.2,22.0,17.0,18.2,26.3,21.2,26.0,7.0,18.4,29.3,16.2,9.1,46.1,48.5,18.4,12.2,13.1,24.5,19.4,18.2,24.2,17.8,21.2,24.2,27.3,25.0,17.0,18.0,10.1,21.2,11.1,13.9,9.3,26.0,34.0,31.3
1772854457.250933,33.3,22.4,24.5,35.4,36.1,45.5,37.4,32.7,14.1,12.1,32.3,27.3,27.7,15.0,9.2,9.2,19.2,20.0,21.0,23.8,26.7,35.4,39.6,44.6,27.0,14.1,31.6,30.0,24.2,19.2,59.0,49.0,18.2,15.0,13.3,11.2,28.3,31.3,31.0,37.4,28.6,30.0,28.0,29.3,8.2,4.1,15.0,22.4,26.3,19.6,14.1,46.0,47.5,32.7
1772854458.2514813,31.3,21.8,32.0,29.0,27.7,37.8,43.6,29.7,14.1,16.2,44.0,31.3,15.3,21.0,10.2,10.1,28.0,12.0,14.0,27.0,34.3,32.7,27.0,30.6,14.0,19.0,29.0,42.0,33.7,38.4,48.0,44.0,20.8,15.2,9.1,12.1,36.0,41.6,29.0,24.2,32.7,31.3,25.7,33.7,12.1,10.3,10.2,30.6,21.2,26.0,33.7,52.5,40.0,38.4
1772854459.251567,19.1,29.0,36.1,28.3,28.3,36.0,22.4,28.3,25.5,20.4,47.0,30.3,28.0,33.3,14.3,15.3,20.6,17.7,13.1,28.0,30.0,33.7,21.2,30.0,16.2,9.1,32.3,43.4,28.7,33.0,49.5,50.5,31.0,26.0,20.4,10.1,26.3,22.2,36.4,38.4,28.3,22.2,36.0,45.0,24.5,13.3,11.2,24.2,20.4,17.2,22.4,22.4,45.5,29.3
1772854460.2537138,30.0,16.0,25.7,27.7,38.0,40.8,22.0,21.2,27.3,19.2,40.0,32.0,33.0,26.0,11.2,11.1,18.0,18.0,17.0,26.7,19.2,14.0,27.0,19.0,21.0,13.1,39.6,42.6,33.7,25.7,47.0,48.5,25.3,21.2,11.0,12.1,23.8,17.0,20.0,30.0,23.0,25.3,29.0,43.6,15.2,13.3,13.1,16.2,14.9,4.0,14.0,18.0,36.6,30.9
1772854461.2537935,17.9,23.5,30.3,25.0,41.0,30.3,21.0,24.8,16.8,12.1,30.0,26.7,20.6,27.5,5.1,5.1,8.0,11.1,17.8,11.0,32.0,21.2,34.3,24.8,16.8,17.3,33.0,33.0,35.0,23.5,58.0,43.4,18.0,20.2,3.0,5.1,18.2,18.8,28.0,15.2,19.4,18.4,33.7,34.0,9.0,5.0,9.9,9.0,4.0,6.1,7.1,18.4,25.3,23.8
1772854462.2550287,27.4,27.0,25.0,31.3,38.1,43.0,26.5,32.7,7.2,5.1,18.4,36.6,23.8,24.0,5.1,15.0,10.1,9.3,26.0,14.1,28.3,36.6,39.8,34.7,17.2,21.4,37.0,40.0,37.0,34.7,55.0,53.5,25.3,26.5,7.1,6.1,26.0,40.6,20.6,31.6,24.2,25.3,49.5,47.0,6.1,7.1,24.5,10.1,11.2,10.1,29.0,26.0,35.0,37.1
1772854463.25785,25.8,33.0,37.8,25.3,45.1,48.0,23.2,27.7,6.1,9.2,18.0,12.2,23.0,18.8,17.2,6.2,12.2,15.0,33.0,29.0,38.2,37.4,37.6,36.6,13.0,16.8,36.6,45.0,29.7,34.0,63.7,49.5,19.2,14.9,26.3,7.1,25.3,26.5,22.0,14.9,23.0,12.0,47.0,49.5,23.2,19.2,13.1,24.2,9.2,11.0,29.3,23.2,38.6,31.0
1772854464.259878,37.8,16.5,38.4,28.7,45.5,44.1,27.0,35.6,6.1,10.8,18.4,20.0,13.0,20.0,6.1,12.0,11.0,12.1,19.2,26.7,23.2,31.0,40.6,39.6,10.0,27.0,25.0,18.0,24.0,28.4,53.5,50.5,16.8,16.0,22.2,11.9,26.7,22.8,17.2,28.0,24.8,13.0,53.9,40.6,11.0,5.1,21.2,13.3,11.0,11.0,22.8,34.7,44.0,28.7
1772854465.259959,32.0,11.3,27.0,36.0,45.9,41.4,20.4,22.4,7.2,10.2,18.4,15.3,15.2,24.0,5.2,8.2,20.6,30.3,28.0,23.2,33.7,31.0,29.3,27.3,19.2,12.1,23.2,39.0,29.7,34.3,49.5,30.3,14.3,19.2,20.4,13.3,23.2,25.8,9.1,23.0,15.3,29.6,33.7,49.5,13.3,14.4,21.2,9.3,14.3,7.3,28.6,24.5,26.3,33.0
1772854466.266366,22.7,14.0,27.3,16.8,31.7,37.0,25.7,29.3,6.9,5.0,17.0,21.0,26.5,20.6,3.0,4.0,28.4,10.0,23.8,10.0,22.0,22.0,15.2,18.2,7.0,6.1,24.2,29.0,23.0,32.7,30.0,39.0,14.7,15.0,10.9,17.0,25.0,22.8,13.9,20.0,12.0,4.0,28.0,25.0,8.0,5.9,13.1,19.0,13.9,7.0,19.0,15.2,34.7,29.3
1772854467.2674055,25.0,11.0,31.7,22.8,29.6,17.8,20.4,21.0,6.0,3.0,28.4,18.0,25.7,14.0,2.0,3.0,28.0,14.0,4.0,13.9,27.7,21.0,23.2,20.8,7.1,5.9,16.8,23.0,29.7,32.7,31.7,28.3,16.0,13.9,10.1,9.9,21.8,14.0,18.0,17.8,8.1,10.0,31.0,21.0,8.0,2.0,5.0,5.1,21.0,2.0,21.0,13.1,29.0,19.4
1772854468.2674963,25.3,27.0,22.7,25.5,37.6,32.3,33.0,31.3,31.3,18.4,32.3,29.0,35.4,35.0,16.0,17.2,35.4,22.4,12.0,14.1,40.0,33.7,32.3,35.0,7.1,7.1,33.3,34.7,29.6,37.6,47.5,59.6,26.3,28.0,16.0,17.2,29.6,30.6,26.5,30.3,19.2,21.4,31.0,31.3,15.5,16.3,3.1,12.0,27.3,14.0,31.0,38.2,34.7,29.0
1772854469.2704134,18.0,21.2,16.0,19.0,30.3,23.8,17.2,24.8,33.0,16.2,29.0,23.5,21.8,27.0,11.2,16.2,37.6,17.2,6.1,11.0,19.2,24.8,26.7,17.3,9.0,9.1,42.0,39.4,32.7,23.0,28.0,41.2,21.2,23.5,12.2,11.3,21.8,20.0,32.0,21.0,19.2,17.0,29.0,25.0,16.2,12.1,2.0,9.2,23.8,9.1,21.2,35.0,22.2,23.5
1772854470.2727878,25.8,25.0,26.5,20.8,37.0,37.0,35.0,37.6,32.3,13.3,36.0,37.0,34.7,23.0,11.2,9.9,23.2,21.0,13.9,12.0,24.5,31.0,45.0,30.0,11.1,13.1,39.6,40.0,27.7,42.4,35.6,38.4,20.2,22.8,7.1,11.2,27.0,24.5,37.0,45.1,24.5,16.3,48.0,45.0,11.0,12.2,12.0,6.9,30.4,8.2,43.6,28.3,33.0,26.0
1772854471.2728844,20.8,18.0,7.2,23.2,32.0,26.3,17.3,27.3,23.2,7.0,21.0,53.0,17.2,21.0,3.0,7.1,8.0,12.1,17.2,16.2,20.6,26.3,24.2,26.3,8.1,23.8,41.8,27.0,23.0,29.7,36.6,34.7,17.2,13.4,4.1,6.1,38.4,20.4,33.0,12.1,23.5,16.8,29.0,32.3,6.1,4.1,6.1,7.1,19.0,17.2,30.7,28.3,17.0,16.3
1772854472.2743068,15.5,14.0,8.0,18.2,27.0,19.0,21.6,18.2,22.8,7.0,27.0,33.7,14.7,24.5,2.0,6.1,5.1,7.0,12.0,8.0,20.2,25.0,28.0,15.8,9.0,23.8,18.6,14.0,25.0,24.0,36.0,26.3,14.9,16.7,9.1,4.1,24.0,33.7,36.6,16.0,7.1,21.0,21.4,23.5,15.0,14.0,2.0,8.1,4.0,8.9,19.2,32.0,8.0,14.0
1772854473.275819,25.0,22.2,30.0,17.0,28.0,32.3,17.3,27.7,11.2,11.9,23.8,13.0,17.3,34.0,3.0,4.0,11.9,11.1,13.1,8.9,24.2,29.7,22.0,28.6,8.1,24.2,25.3,16.2,24.2,22.8,29.3,26.0,15.0,19.0,2.0,7.1,25.3,32.7,30.7,22.0,11.0,24.0,33.7,18.2,4.0,4.0,3.0,10.1,16.2,3.0,20.0,23.2,22.0,15.3
1772854474.275914,26.8,24.0,19.2,19.2,38.8,32.7,35.4,24.2,6.1,4.1,20.4,38.6,23.0,32.0,11.1,4.0,9.3,13.0,18.8,7.1,31.7,31.3,28.0,30.7,12.2,21.0,14.0,35.4,23.2,22.4,31.3,40.0,20.2,12.1,5.1,8.1,36.0,25.3,28.6,18.0,20.2,27.0,24.0,25.3,9.2,11.1,9.1,3.1,28.7,10.2,28.3,20.2,16.2,30.0
1772854475.2760024,19.8,20.0,15.2,15.8,11.1,20.0,21.2,22.0,4.0,4.0,13.3,25.3,12.9,23.5,4.0,1.0,8.0,8.9,12.0,8.0,24.2,11.1,11.2,11.2,5.0,22.8,18.0,19.2,15.8,16.2,25.7,26.0,15.8,12.1,3.0,2.0,33.7,22.0,33.7,14.0,10.0,20.2,11.0,11.0,9.0,9.1,2.0,7.1,19.0,9.0,18.8,15.2,11.2,15.0
1772854476.2789388,22.4,18.0,10.9,17.0,23.8,12.1,23.8,19.0,4.0,4.0,21.8,17.5,13.1,25.7,2.1,5.1,10.9,18.0,11.1,15.0,19.0,24.0,29.3,20.6,14.1,15.0,21.2,14.0,15.0,17.8,28.0,24.0,13.1,15.8,2.0,2.0,22.8,22.0,22.2,31.7,9.0,16.2,14.0,15.8,5.0,2.0,3.0,8.9,12.1,15.2,14.9,20.8,12.9,17.0
1772854477.2790244,27.1,21.2,34.7,22.0,26.7,28.3,26.0,26.3,6.1,6.1,37.9,27.8,18.0,20.0,5.1,11.9,14.3,32.7,11.1,18.0,31.0,32.3,39.6,34.3,8.0,8.1,17.2,29.0,22.2,23.8,46.9,33.0,17.0,16.2,10.2,12.9,28.0,26.7,29.3,36.4,30.3,25.5,21.4,25.5,10.2,13.0,11.0,23.2,24.0,16.2,21.2,24.2,27.0,23.5
1772854478.2790978,27.3,16.0,31.3,28.3,30.6,25.0,21.2,23.0,5.0,5.1,30.0,15.0,21.8,23.8,4.0,2.0,15.0,25.5,19.2,24.8,19.2,22.0,22.0,25.3,6.1,4.1,18.0,27.7,24.0,19.2,32.3,21.4,2.0,8.1,3.0,22.0,9.1,7.1,24.0,24.0,15.3,19.0,14.9,17.0,6.0,12.2,7.1,22.0,9.0,7.0,15.0,9.2,13.0,17.0
1772854479.279476,26.3,14.9,23.2,34.7,34.7,21.8,32.7,22.8,21.2,3.0,23.0,7.1,15.2,25.0,4.0,4.1,18.2,17.8,14.0,28.0,29.0,27.3,23.8,17.8,7.9,7.9,18.0,22.0,24.0,23.0,18.0,17.0,4.0,11.0,4.0,23.0,8.1,11.1,22.0,17.2,16.8,17.8,14.0,15.0,4.0,5.1,9.1,21.2,4.0,7.1,23.5,30.4,13.1,20.8
1772854480.2809827,24.2,17.2,31.0,32.0,32.3,32.3,31.7,32.3,23.2,7.1,11.0,7.1,27.5,14.0,13.3,3.1,18.0,25.0,20.0,23.0,31.3,19.0,27.0,35.0,18.4,5.1,32.0,17.0,34.3,21.0,46.5,38.4,7.1,5.1,10.1,24.2,13.0,20.0,20.0,16.8,25.0,31.0,27.0,18.2,4.1,8.9,11.0,22.0,11.9,10.1,35.6,32.0,23.2,26.5
1772854481.2829423,28.3,29.0,34.0,33.0,37.0,26.7,25.3,35.0,15.0,14.1,9.0,6.0,33.7,25.7,24.0,9.0,24.2,22.0,31.7,19.0,24.0,33.0,26.5,29.0,11.1,12.0,25.3,20.2,30.0,19.4,42.6,25.7,17.0,13.3,12.1,35.0,10.1,18.2,25.0,15.0,17.3,8.1,20.0,15.2,4.0,9.1,9.0,27.0,4.0,5.1,40.6,31.7,32.7,28.3
1772854482.2832863,27.8,24.0,32.7,34.0,30.6,34.3,33.0,30.3,21.4,28.3,12.2,5.1,27.3,37.9,18.0,15.2,19.2,20.4,20.0,19.2,35.7,39.0,34.7,32.7,20.8,16.2,36.7,42.0,22.5,31.4,36.0,32.0,10.3,17.3,23.5,26.3,17.3,28.0,18.0,19.4,12.1,28.3,24.2,29.7,16.2,14.4,14.1,16.2,8.2,10.1,20.2,40.0,36.0,30.0
1772854483.2833638,16.2,22.4,27.0,28.3,19.8,21.8,26.0,22.2,19.2,28.3,2.0,7.1,30.7,27.3,4.0,5.1,12.0,12.0,11.1,14.9,24.8,21.2,20.2,17.2,11.2,26.0,28.0,47.5,18.6,18.2,31.6,18.2,11.1,9.0,6.0,7.0,15.0,18.4,22.2,26.7,15.3,16.0,29.0,22.2,12.4,14.1,9.2,5.1,5.1,6.1,15.7,18.8,13.0,9.2
1772854484.2834504,23.2,26.7,31.3,32.3,25.8,21.0,27.3,17.2,5.0,7.1,12.0,8.3,23.0,12.1,3.1,9.2,10.0,10.1,8.1,17.2,31.3,20.0,20.0,28.0,14.9,18.2,29.0,41.2,18.8,22.0,30.0,40.0,5.1,6.1,13.1,13.1,24.0,20.2,12.1,19.2,8.0,20.2,36.4,36.4,11.0,14.0,10.1,19.2,6.9,7.1,33.0,20.0,22.2,23.2
1772854485.2859154,29.6,20.0,34.3,33.0,23.2,23.0,25.5,30.0,9.1,6.0,3.1,6.1,13.9,21.0,10.3,16.0,10.2,7.1,16.0,17.0,19.2,32.3,27.0,36.6,18.0,15.0,38.0,49.0,29.3,14.1,35.6,41.4,9.8,6.0,14.1,16.2,27.0,21.0,18.0,13.0,4.1,23.0,46.5,48.0,10.1,9.2,16.2,13.0,13.1,5.1,21.2,33.3,30.0,30.0
1772854486.2860022,28.3,14.0,36.0,24.2,16.2,17.3,24.0,24.0,7.1,4.1,17.2,10.1,22.8,14.1,5.1,4.1,19.2,11.1,10.0,15.8,20.2,30.7,27.0,34.3,23.0,10.0,27.0,29.7,27.0,15.0,32.3,18.0,3.0,7.1,8.2,19.0,7.1,26.5,18.2,18.0,13.0,3.0,45.1,33.0,8.2,9.0,20.2,11.9,6.1,9.0,24.2,20.8,15.2,19.2
1772854487.2873313,18.7,25.0,28.6,30.0,20.0,17.8,25.0,25.5,7.0,4.0,13.0,15.2,28.0,16.8,5.0,6.0,11.8,10.9,6.0,13.1,14.9,24.0,24.0,25.3,7.0,5.1,27.0,28.3,20.0,22.8,23.5,23.0,6.1,6.1,7.0,17.2,16.0,15.2,23.8,24.5,17.2,14.0,32.3,34.0,12.0,11.0,19.0,12.2,16.8,9.2,24.8,19.0,15.8,14.0
1772854488.2874115,17.3,23.2,26.3,27.0,15.2,21.0,27.0,25.3,5.1,5.0,23.5,12.0,18.8,15.0,8.0,7.1,9.0,12.0,11.0,13.0,19.4,28.6,30.0,27.0,9.1,10.0,25.3,27.6,19.0,18.2,29.3,32.3,4.1,5.1,2.0,2.0,8.0,19.0,24.0,31.0,13.9,5.1,37.4,39.0,6.1,5.1,7.9,5.0,7.1,26.0,23.0,16.3,25.3,18.2
1772854489.2874982,17.7,22.8,26.0,27.0,26.0,26.3,14.1,23.2,4.0,6.1,26.0,23.2,23.8,17.0,4.0,5.1,9.1,10.1,23.0,15.0,16.8,26.0,17.2,18.0,5.1,3.1,16.2,38.2,12.1,22.2,30.3,23.2,8.1,4.0,3.1,6.1,7.1,7.1,31.3,18.8,10.1,5.0,34.7,33.0,4.1,4.0,1.0,8.2,8.1,22.8,18.2,15.0,18.2,11.1
1772854490.2875726,24.5,24.0,22.2,21.0,31.3,37.3,25.3,36.0,7.1,6.1,32.0,24.5,21.0,23.2,4.0,7.1,11.1,15.8,27.0,27.0,30.3,26.5,35.0,26.5,8.9,12.1,25.7,34.0,14.1,20.0,40.0,44.0,6.1,11.1,5.0,8.0,15.0,9.0,37.6,25.0,20.0,13.1,45.0,37.8,7.1,5.1,7.1,8.0,11.1,25.0,25.7,19.0,19.2,25.3
1772854491.288,35.0,22.4,27.7,25.3,26.0,29.6,28.7,26.0,7.1,11.1,40.6,13.1,22.0,22.0,4.1,11.2,20.2,38.4,17.0,19.0,28.0,24.0,33.0,34.3,2.0,14.1,42.4,36.0,19.2,24.2,54.0,44.4,15.2,16.2,6.1,4.1,22.4,22.2,14.0,35.4,31.3,26.3,35.0,22.5,15.2,16.0,7.1,3.1,20.0,17.8,33.0,28.7,24.2,28.0
1772854492.2880836,21.6,10.0,17.2,8.0,35.0,18.0,22.2,19.0,5.1,10.2,41.2,12.1,20.0,18.4,9.1,7.1,22.2,35.6,16.0,17.8,17.3,19.0,16.0,16.0,9.0,8.9,43.0,23.0,23.0,13.1,47.5,20.0,23.0,17.0,5.1,11.0,4.0,7.1,21.4,32.3,23.0,12.0,15.8,24.2,3.0,5.0,10.0,3.0,16.0,13.1,16.8,34.0,21.0,24.0
1772854493.2895532,20.6,11.9,7.0,8.0,19.2,15.0,13.1,12.0,21.8,5.0,28.0,11.0,28.4,17.0,9.0,12.9,31.7,30.3,7.1,7.9,19.8,18.8,17.0,17.0,4.0,7.0,22.0,17.0,16.7,17.0,26.0,28.0,20.2,28.7,11.0,13.1,6.0,14.0,15.0,17.0,20.2,21.0,19.6,23.0,4.0,3.0,7.9,2.0,5.0,5.1,19.8,32.7,21.0,21.2
1772854494.2897859,30.3,15.2,24.0,19.0,31.7,15.0,29.0,23.2,28.7,14.1,16.0,18.2,30.7,32.7,17.0,12.1,40.6,26.0,14.0,13.1,19.4,24.2,27.3,20.0,8.2,9.1,30.0,21.2,23.0,26.7,28.7,34.0,23.2,27.3,14.1,12.0,6.1,16.2,33.0,20.0,28.7,28.0,32.4,35.0,21.0,15.2,9.2,3.0,9.2,22.0,17.2,31.7,26.0,27.3
1772854495.2906096,22.4,24.2,22.2,21.2,25.3,23.0,31.6,32.3,34.7,13.0,26.3,25.5,27.6,31.3,6.1,3.1,8.2,27.0,14.3,9.0,26.0,26.3,29.3,24.2,6.1,7.2,36.4,34.0,18.4,24.5,29.9,29.6,21.0,16.0,4.1,3.1,11.2,11.0,26.0,32.0,18.7,37.8,37.8,36.0,10.4,15.3,8.1,3.1,19.8,16.3,13.1,27.0,15.3,19.4
1772854496.293398,23.7,32.7,14.3,18.8,31.3,35.4,32.3,38.0,28.6,13.3,29.0,29.0,18.6,29.4,11.2,17.0,18.0,16.0,17.8,10.1,27.3,28.7,28.3,33.7,12.1,11.0,28.3,33.3,15.8,27.3,29.4,40.0,18.0,13.1,7.1,5.0,21.2,15.0,39.4,40.0,26.3,27.0,29.3,40.0,11.0,6.1,10.2,4.0,15.2,20.2,26.5,22.4,26.3,25.3
1772854497.2937968,24.5,27.0,13.0,14.1,25.8,15.2,24.0,24.0,21.0,9.2,24.8,26.3,21.2,26.0,8.9,8.1,21.8,10.2,19.0,12.0,25.0,25.3,30.7,31.0,16.8,24.2,30.0,28.7,23.2,18.0,33.3,38.6,16.2,14.1,13.0,13.3,15.2,29.0,23.0,32.3,18.2,14.1,31.7,28.3,13.0,10.1,10.0,11.0,13.1,17.0,17.3,17.2,23.2,24.2
1772854498.2951243,31.3,22.0,27.0,30.4,32.0,20.6,27.0,27.3,10.1,9.1,16.0,12.1,18.0,28.4,12.2,8.1,22.0,24.0,13.1,15.5,25.5,24.0,41.6,40.8,9.2,25.7,25.0,30.3,19.4,17.8,49.0,44.6,16.2,18.0,9.2,23.2,39.4,46.5,22.0,24.8,30.3,32.3,34.0,35.0,18.0,22.2,19.4,21.2,13.1,11.2,32.7,39.6,32.0,34.3
1772854499.297388,21.9,32.0,37.4,31.6,31.3,30.6,26.8,42.6,17.2,18.0,14.4,15.3,24.5,15.2,14.3,16.2,23.2,20.2,16.0,18.0,29.0,26.5,39.8,39.6,20.0,20.2,30.0,30.3,31.1,18.4,55.0,61.6,17.2,17.3,14.3,20.2,26.0,32.0,19.4,14.1,24.0,26.7,29.3,27.0,16.2,19.2,16.2,27.0,15.3,12.2,37.4,24.2,48.5,36.4
1772854500.29909,35.7,9.1,31.6,35.6,42.6,35.0,24.0,35.0,17.2,17.0,16.2,18.0,22.8,19.8,24.5,18.8,33.7,33.7,25.7,15.7,28.0,28.0,28.3,35.6,35.6,16.2,36.6,31.0,32.3,45.0,49.0,61.4,19.8,19.0,28.0,17.0,36.4,19.4,15.0,20.2,32.7,26.3,30.7,29.0,22.2,21.2,21.2,32.3,18.2,9.1,25.3,41.0,42.6,41.0
1772854501.299451,25.0,22.2,41.0,37.0,33.3,39.6,15.2,29.3,8.2,18.2,14.1,18.2,34.0,36.4,17.3,12.4,27.3,34.0,24.2,15.3,17.2,25.3,28.0,26.3,16.2,21.0,17.3,41.0,21.4,36.6,53.5,37.8,21.2,27.6,35.6,10.2,30.7,18.0,11.0,19.2,23.2,21.4,28.6,25.3,4.1,9.1,8.1,22.2,8.2,4.1,12.0,10.9,39.6,32.3
1772854502.299531,27.8,29.0,23.7,31.6,41.0,37.4,22.2,22.4,7.1,12.2,15.0,13.3,35.6,32.7,8.1,11.1,25.3,22.7,31.7,15.0,39.4,37.6,18.4,23.2,14.3,15.3,30.6,33.7,29.7,35.3,40.0,35.6,21.2,29.3,26.0,14.0,16.2,17.0,14.1,19.6,7.1,20.0,16.0,28.0,3.1,5.0,17.2,16.0,7.1,3.0,6.1,5.1,31.7,27.6
1772854503.3006082,34.7,14.3,33.7,30.0,35.0,43.0,29.3,15.0,7.1,9.1,17.0,19.2,23.2,22.0,7.1,10.1,15.2,17.2,19.2,17.3,21.2,27.3,28.0,30.3,10.0,12.0,27.0,35.6,30.0,25.0,46.5,36.0,19.2,16.0,4.1,11.3,11.1,22.2,16.2,21.2,8.1,16.8,26.3,28.0,11.0,9.2,11.1,11.1,4.1,5.1,7.2,10.2,28.3,30.7
1772854504.3006914,25.5,11.0,29.3,24.0,37.0,38.0,17.2,28.3,16.2,8.2,14.1,14.1,25.7,19.8,14.3,9.0,9.2,12.1,13.0,23.0,32.3,18.2,17.0,19.2,16.2,13.1,42.4,33.0,23.0,30.3,45.0,27.6,13.0,16.3,8.1,19.2,20.4,32.0,28.0,24.0,7.1,18.2,24.8,22.8,14.1,12.1,9.1,2.0,25.5,9.2,22.5,20.8,23.0,22.2
1772854505.3034825,15.8,22.8,30.0,19.0,41.2,32.7,19.2,19.0,11.1,14.9,18.2,12.0,30.7,16.0,5.0,3.0,10.9,11.0,14.0,20.8,23.2,11.9,15.0,19.0,13.1,17.2,30.0,41.4,30.7,31.4,30.0,35.0,7.1,14.9,13.0,11.0,25.7,29.0,21.8,8.0,14.1,13.3,14.0,29.4,20.0,18.2,4.0,3.0,23.0,2.0,22.2,20.8,24.0,19.4
1772854506.3035555,24.7,21.0,27.6,25.0,40.0,37.0,24.0,21.0,4.1,9.1,24.2,26.0,30.0,18.0,3.1,7.1,11.1,11.1,13.0,19.0,31.0,25.5,29.0,30.3,18.0,16.0,20.2,30.7,31.3,33.0,34.7,41.0,7.0,12.0,16.5,9.1,32.0,27.0,18.0,28.7,9.2,10.2,21.2,25.5,7.1,9.0,13.0,3.0,21.8,6.1,19.2,26.3,34.0,28.7
1772854507.3036413,25.8,24.2,26.0,29.3,36.4,28.3,23.0,31.3,4.0,4.0,16.2,53.9,26.0,22.0,7.0,6.1,11.1,9.0,7.1,13.0,20.2,11.9,27.3,23.0,12.1,9.0,39.0,41.0,18.8,28.0,47.5,48.5,13.1,17.2,14.0,5.1,26.0,16.3,45.0,21.2,14.0,5.0,33.3,38.2,3.1,5.1,14.3,10.9,26.0,7.0,19.2,18.2,27.3,29.6
1772854508.3056567,34.3,14.1,23.5,37.0,48.5,33.0,20.0,33.0,7.1,7.0,32.7,48.5,17.2,21.8,14.1,7.0,12.1,10.1,14.0,21.2,30.3,26.3,39.6,39.0,14.7,8.1,32.3,31.7,22.0,42.2,47.5,51.5,18.0,15.2,5.1,6.1,27.3,28.0,38.0,18.0,22.2,15.0,41.6,38.8,13.0,10.0,13.0,12.4,12.7,21.0,29.0,22.0,40.0,26.7
1772854509.305768,28.9,23.0,16.0,19.2,41.4,49.5,34.7,31.3,4.1,8.2,38.4,37.4,25.7,19.4,10.0,7.0,10.0,12.2,18.2,15.2,24.0,28.0,29.3,30.0,12.2,8.2,35.0,40.4,27.0,31.0,47.5,44.4,18.8,15.0,5.1,4.1,26.0,31.0,36.0,19.4,9.9,12.1,39.4,39.4,14.0,13.0,18.2,11.2,15.2,21.4,24.2,20.4,26.3,33.0
1772854510.3058531,28.9,25.5,18.2,23.5,41.4,46.0,34.0,34.7,8.0,8.2,53.0,28.0,22.0,26.0,10.2,8.2,12.4,9.2,19.2,24.5,33.3,31.3,30.7,30.0,15.2,10.2,35.4,22.2,28.3,36.0,42.9,55.0,14.3,17.2,10.1,5.2,19.0,26.5,34.7,24.5,5.2,21.4,48.0,44.0,5.1,7.2,23.0,12.2,24.0,15.2,24.0,30.0,29.7,43.9
1772854511.3070464,24.7,27.7,31.7,19.0,43.0,37.0,31.3,26.7,15.2,7.9,42.6,37.6,19.8,22.5,6.1,14.0,32.7,25.0,26.5,21.2,33.0,25.7,29.7,25.0,9.0,7.1,34.0,22.2,30.4,26.7,45.5,33.3,15.2,20.8,13.0,7.0,18.2,21.8,28.0,21.8,19.0,25.7,50.5,41.6,12.0,15.2,17.2,14.0,19.2,21.0,25.7,44.0,34.3,33.0
1772854512.3073645,19.4,20.2,10.2,23.0,26.0,28.6,27.0,24.0,22.4,6.1,21.4,32.3,19.0,25.0,17.6,13.1,36.4,20.2,19.2,21.8,26.0,18.4,30.3,27.3,6.1,5.1,23.2,19.0,21.0,40.0,36.0,36.0,28.0,20.0,8.2,17.2,17.2,22.0,27.3,26.7,25.3,19.2,39.0,37.0,7.2,6.1,9.1,11.1,17.6,17.3,24.2,34.3,33.7,43.4
1772854513.3074536,15.6,13.0,5.1,26.7,19.2,29.7,18.0,23.2,22.8,4.0,23.0,31.0,31.0,28.0,11.1,13.1,33.0,12.1,19.0,14.0,21.8,13.3,14.0,21.0,7.1,8.0,13.1,17.2,28.0,31.7,30.0,21.2,25.0,22.0,12.1,12.1,22.0,24.0,17.8,25.3,9.1,23.0,11.0,26.0,7.9,4.0,7.1,3.0,13.1,3.0,22.0,30.0,21.2,27.3
1772854514.310427,20.4,26.7,22.2,20.2,37.0,23.8,32.0,26.0,32.0,12.1,31.4,21.2,32.7,30.3,7.1,5.1,27.7,12.0,20.0,11.1,22.7,27.5,35.0,23.2,10.9,5.1,30.7,30.3,31.0,34.3,39.0,32.0,23.8,19.0,7.1,5.1,25.0,27.3,41.4,30.3,24.0,27.3,25.0,31.0,9.1,11.2,9.2,3.1,10.1,9.1,42.0,22.2,20.0,14.6
1772854515.3105004,23.5,9.0,16.3,8.0,25.7,20.0,19.0,16.2,34.0,11.0,22.2,23.0,14.1,23.8,6.1,3.0,27.3,6.1,7.1,9.1,15.0,14.1,14.3,14.1,6.1,7.0,33.3,25.0,11.0,20.6,15.0,31.4,15.2,12.0,4.0,1.0,17.0,14.9,24.0,30.7,16.2,31.7,19.0,11.1,8.1,17.0,9.9,3.0,2.0,3.1,35.3,16.0,9.2,17.0
1772854516.3105917,24.5,10.1,17.8,12.0,12.2,19.2,11.1,15.0,23.5,17.2,4.0,13.0,9.9,16.0,1.0,3.0,19.8,14.9,13.9,5.0,16.7,15.0,9.0,16.0,8.0,7.0,28.7,13.0,8.1,20.0,17.8,29.7,14.7,16.0,1.0,3.0,17.2,18.2,26.7,17.0,28.0,24.0,23.2,14.9,11.0,10.1,4.1,1.0,1.0,3.0,23.0,19.2,10.0,18.2
1772854517.3106976,21.4,15.2,9.1,11.1,13.0,16.0,14.0,17.8,6.9,8.0,5.0,3.0,18.0,22.5,4.0,2.0,10.0,11.0,8.1,6.9,22.4,17.2,16.0,18.8,5.0,6.0,19.4,11.0,20.0,15.8,18.2,19.2,17.2,11.9,2.0,3.0,17.8,31.0,16.0,7.9,11.1,17.0,23.8,23.2,2.0,3.0,5.1,2.0,5.0,4.0,20.8,21.8,12.9,18.2
1772854518.3164477,24.7,29.7,10.3,24.0,19.8,29.3,30.0,28.3,17.0,11.9,8.0,16.2,27.7,19.8,8.0,7.1,11.1,11.0,9.8,12.0,33.7,31.3,30.0,28.3,24.0,10.9,30.7,20.8,17.8,14.3,36.6,37.4,15.0,12.1,5.1,16.0,31.0,30.0,25.7,13.1,25.0,19.0,32.7,28.0,13.0,12.1,8.7,3.0,8.2,10.1,34.3,33.3,27.7,23.5
1772854519.3169854,19.8,31.0,22.2,26.0,21.0,29.0,33.0,30.7,15.2,11.2,22.0,21.0,18.6,14.1,7.1,6.1,15.0,14.9,13.1,20.4,43.0,39.6,40.0,37.4,24.0,8.2,38.4,29.3,20.0,28.0,44.4,37.6,15.2,18.8,27.3,15.3,25.3,27.0,24.2,23.0,33.0,29.6,38.0,35.6,11.2,18.8,8.2,13.3,15.0,13.1,35.6,31.7,30.0,22.2
1772854520.3177154,25.8,23.0,27.3,36.6,20.0,28.3,28.7,29.3,13.0,18.4,19.4,16.2,15.3,29.4,10.0,6.1,7.1,10.2,14.1,11.1,38.8,27.6,36.0,38.0,21.0,13.3,38.6,41.6,24.5,13.9,40.6,54.0,16.3,19.2,19.0,16.3,28.0,36.0,25.7,16.0,26.5,24.2,32.0,19.4,14.0,12.2,10.2,6.1,15.2,15.2,30.6,43.1,17.3,27.6
1772854521.3205395,31.3,28.3,30.6,31.3,26.5,32.7,36.7,33.3,8.1,18.2,11.0,26.5,27.5,19.0,7.1,7.0,14.1,11.1,11.0,15.0,36.9,28.3,25.7,37.6,11.1,23.8,43.6,32.3,28.7,26.0,57.0,49.0,15.0,18.8,7.2,25.7,15.2,31.7,22.2,22.8,25.0,27.0,28.7,36.0,13.3,14.9,13.0,17.8,9.1,30.0,37.3,47.0,24.8,23.0
1772854522.3233397,28.6,16.8,34.3,22.2,32.0,38.0,36.0,29.3,6.2,11.1,13.1,20.4,21.8,20.2,12.1,18.0,24.2,26.0,12.1,29.7,34.7,35.6,30.3,39.4,26.5,14.1,43.0,31.3,24.2,27.0,26.3,58.8,23.8,15.3,31.0,19.0,29.3,27.0,25.3,20.4,32.7,21.0,39.0,34.7,11.9,11.0,14.1,22.0,25.0,16.2,30.7,23.0,37.8,33.7
1772854523.3255196,30.9,24.0,37.0,38.0,27.6,37.6,28.3,29.0,17.0,12.2,9.2,25.0,30.0,35.4,13.1,22.2,29.3,28.3,18.0,20.0,26.5,24.0,27.6,35.6,14.3,20.8,51.0,42.6,24.2,16.2,40.0,32.3,13.3,17.2,29.3,20.4,15.2,24.8,27.7,38.6,34.7,14.1,45.6,27.3,12.1,20.6,9.9,24.2,22.2,16.3,32.0,29.6,32.0,33.7
1772854524.3271527,27.6,16.2,19.4,26.5,15.0,30.3,16.0,21.2,12.2,14.1,21.0,12.9,27.3,29.4,8.1,5.1,20.2,18.2,8.0,26.7,27.0,21.4,23.8,23.2,7.1,10.0,38.4,38.0,11.9,18.8,23.0,42.0,9.2,13.0,14.1,22.0,16.3,19.4,19.2,32.0,25.3,19.4,36.4,34.0,13.1,12.0,5.2,22.0,22.0,12.9,26.0,18.8,20.0,13.1
1772854525.3394368,25.8,23.8,31.3,27.3,37.3,24.8,28.0,20.8,6.1,8.9,17.0,22.5,17.5,24.8,5.0,7.0,15.0,17.8,32.7,22.8,20.0,22.8,32.7,30.4,10.0,18.8,27.7,32.0,22.8,8.1,43.1,37.6,3.0,8.8,8.0,12.0,27.2,18.8,26.5,23.8,19.6,13.9,41.6,42.7,13.3,9.9,16.0,23.0,24.3,11.2,20.8,18.6,25.7,28.7
1772854526.3405795,20.6,19.0,18.2,17.0,25.3,28.7,29.7,24.0,7.0,8.2,9.9,24.2,12.1,21.0,13.0,4.1,8.0,10.0,10.9,28.3,22.2,27.7,27.7,25.0,19.6,15.2,23.8,22.8,13.1,31.4,25.0,26.0,4.0,8.1,13.0,16.0,27.0,17.2,26.0,28.3,13.3,5.1,36.6,39.4,17.0,12.1,7.9,22.8,23.8,8.9,22.0,24.2,23.2,17.8
1772854527.3406665,23.5,22.0,18.6,20.2,25.7,29.6,27.6,29.7,14.3,7.1,13.3,23.5,26.7,13.1,11.1,10.0,11.9,10.9,8.2,27.5,35.7,27.3,25.5,35.0,15.2,16.2,36.0,43.4,19.2,23.2,54.5,48.5,6.1,6.1,12.2,16.2,23.0,21.0,24.0,32.0,13.0,23.0,43.9,47.0,14.0,11.1,13.3,19.2,28.0,10.1,34.0,28.7,20.0,27.0
1772854528.3407407,32.0,21.0,26.3,21.0,37.4,32.3,33.7,31.0,22.0,10.2,24.8,25.5,18.2,26.0,4.1,10.2,7.2,7.1,20.2,25.3,26.0,30.7,28.7,32.4,20.0,14.9,32.0,41.6,23.2,19.2,41.6,53.5,4.0,6.0,20.2,10.3,13.1,7.1,31.4,27.0,27.3,27.3,48.0,39.4,11.1,12.1,6.1,8.1,15.3,16.2,36.3,34.3,31.3,13.3
1772854529.3410084,25.8,12.1,31.0,14.0,27.6,34.7,18.6,20.2,24.2,5.1,32.0,17.6,17.0,15.8,6.1,3.0,13.9,9.0,15.8,7.0,20.0,18.4,27.3,23.5,9.1,10.0,32.3,29.0,19.0,25.0,44.0,30.0,2.0,8.1,10.1,5.9,11.1,7.1,33.3,19.2,17.8,24.8,23.8,32.3,8.1,10.0,6.0,8.0,3.0,6.2,36.3,20.8,14.1,22.0
1772854530.3415744,15.0,21.8,14.1,29.7,22.5,30.7,18.8,27.0,9.0,21.8,6.9,23.0,21.8,22.5,4.0,4.9,8.1,8.0,21.8,14.9,16.7,25.2,18.0,20.6,4.0,5.0,22.8,19.4,17.0,11.1,25.0,33.7,14.0,13.0,6.9,3.0,7.1,7.0,23.8,9.1,23.0,5.0,29.3,33.7,6.0,5.0,1.0,9.2,7.0,4.0,34.7,16.0,17.8,14.9
1772854531.3487024,24.2,29.0,27.3,39.0,25.0,27.7,22.0,28.0,8.0,24.2,15.2,22.2,20.2,31.7,4.0,6.1,10.0,12.0,19.0,24.0,24.0,28.6,33.0,37.0,10.1,11.0,25.0,24.8,18.8,33.7,34.0,44.6,19.0,14.0,3.0,6.0,20.8,12.7,12.1,22.8,24.0,21.0,39.6,34.3,7.1,6.1,7.9,9.0,8.0,8.0,35.6,30.3,25.3,28.6
1772854532.3499928,26.8,24.8,34.3,32.3,23.2,29.0,32.3,23.5,5.2,23.2,9.1,23.8,27.7,15.2,7.1,10.0,12.1,10.0,15.0,23.0,25.0,29.0,31.3,26.0,10.0,10.1,13.3,35.4,12.2,31.0,42.4,36.4,18.8,14.0,7.1,6.1,13.3,18.6,14.1,18.2,24.2,23.8,47.5,44.4,5.2,7.0,6.1,5.0,14.0,6.1,32.7,41.6,24.2,25.5
1772854533.3500652,35.4,19.4,39.0,31.7,23.5,25.3,33.0,18.8,23.8,25.7,19.0,17.2,35.6,31.0,15.0,16.2,18.0,20.4,13.3,15.0,24.2,34.7,34.7,42.4,6.1,4.0,28.3,26.0,17.2,14.3,46.0,44.0,28.3,19.0,20.4,13.1,10.9,16.2,20.8,29.3,38.0,34.0,50.0,37.6,11.9,12.1,8.1,13.3,11.3,6.2,43.0,29.0,27.0,35.4
1772854534.3501527,28.3,24.0,32.7,17.2,28.6,24.5,28.9,25.3,27.4,21.6,19.2,17.2,31.0,31.6,19.6,12.4,24.5,34.7,10.1,16.2,28.0,35.7,37.4,22.2,7.1,7.2,43.6,27.0,26.3,24.2,45.5,33.3,27.3,23.5,16.3,18.4,22.0,16.2,20.2,29.7,15.3,19.6,42.0,35.1,22.4,26.3,26.5,16.2,13.1,23.8,26.3,43.0,34.7,30.3
1772854535.3504093,22.9,19.0,20.0,28.0,28.7,16.0,25.7,27.7,21.4,21.0,30.0,27.3,26.7,28.4,12.1,9.9,16.0,26.3,15.8,15.8,22.0,25.7,30.3,28.0,11.0,16.7,36.0,23.5,23.0,17.0,40.2,43.6,18.2,24.0,11.8,8.1,23.5,17.2,23.0,23.0,23.0,30.3,31.3,33.7,27.3,23.2,15.8,15.2,20.2,17.2,19.4,27.6,29.0,32.3
1772854536.3511598,20.6,31.0,19.8,13.3,36.7,38.8,30.3,23.5,21.4,12.4,24.0,30.7,20.6,32.3,7.2,11.2,13.1,31.0,8.2,16.2,42.4,36.4,47.1,34.3,19.6,3.1,33.3,41.6,24.2,27.3,65.3,55.6,18.4,15.2,7.2,21.2,28.7,15.5,30.0,23.7,23.2,23.5,31.3,40.4,9.2,12.2,23.5,7.1,27.3,19.4,35.4,49.5,23.2,34.0
1772854537.3512487,21.6,16.2,21.0,14.1,43.6,29.4,30.0,22.8,19.0,9.0,13.1,35.0,12.9,27.5,5.0,5.0,10.0,27.0,14.0,7.1,26.3,27.7,26.5,18.0,21.8,19.0,33.3,29.0,7.1,32.0,41.4,44.9,18.0,12.0,5.1,21.2,34.0,23.8,27.6,28.0,19.0,16.2,19.2,22.0,11.0,13.1,2.0,12.0,19.0,5.1,20.0,20.2,12.0,21.0
1772854538.3513417,15.5,24.2,25.0,14.1,35.1,45.1,28.0,27.3,10.1,6.1,13.0,7.2,13.0,24.0,3.0,3.0,9.1,26.0,14.9,7.0,29.0,20.4,24.8,26.0,15.2,19.2,24.2,35.6,30.4,18.2,36.0,61.4,17.2,11.2,4.0,21.0,24.2,14.0,30.0,29.7,21.2,13.1,14.0,18.0,4.0,6.1,3.0,14.1,3.0,10.0,21.2,14.0,18.2,19.2
1772854539.3514318,18.9,31.3,33.0,20.8,50.5,36.4,27.6,26.5,8.1,8.1,15.0,8.1,18.2,29.7,6.1,10.2,14.0,23.0,16.2,11.9,21.0,24.5,32.0,28.0,19.0,22.0,28.4,42.4,38.0,25.0,39.8,52.5,18.0,17.8,11.0,22.4,33.7,14.1,21.8,17.2,16.2,24.2,24.0,19.4,8.1,5.1,3.0,7.1,6.1,6.1,26.0,16.2,33.0,30.6
1772854540.3530633,34.3,20.8,22.2,30.0,49.5,41.4,28.0,27.7,18.0,7.1,17.0,17.2,12.0,17.0,10.1,9.1,14.1,12.0,12.1,17.2,26.5,23.5,31.0,32.3,24.0,10.0,40.0,34.7,38.6,37.0,51.0,50.0,21.2,14.3,6.2,24.0,42.0,29.0,14.1,12.1,21.4,17.8,26.7,26.7,7.0,7.1,13.1,5.1,12.0,8.0,26.3,36.4,38.0,34.7
1772854541.3531528,22.7,16.0,29.0,23.8,38.4,45.5,29.0,28.3,5.1,6.1,14.1,20.0,11.0,23.0,4.0,8.0,10.2,21.2,17.0,21.0,24.2,16.2,24.2,29.0,23.2,11.9,37.0,23.2,36.0,26.7,35.4,44.0,14.1,14.0,10.1,17.0,22.0,26.3,5.1,26.0,14.9,5.0,17.3,17.2,5.1,4.0,11.1,3.1,8.1,8.2,23.0,28.7,24.2,31.7
1772854542.3532243,27.4,21.0,20.2,19.2,36.0,44.0,25.3,18.0,6.1,3.0,15.2,16.3,17.6,27.7,5.1,4.0,20.0,21.0,28.0,17.2,26.3,28.3,36.0,33.3,20.8,12.1,34.7,27.0,26.7,29.0,41.4,47.0,17.3,13.1,6.1,7.1,21.2,20.8,20.0,18.0,22.0,16.3,23.0,35.4,5.0,3.1,7.1,4.0,9.0,4.1,17.0,32.0,35.3,26.3
1772854543.3533058,27.7,19.2,31.0,27.0,45.0,40.0,22.0,33.0,6.1,4.0,19.0,20.2,15.2,24.0,7.1,12.1,16.0,23.2,32.4,25.0,26.0,27.0,27.0,21.2,18.0,17.2,24.2,32.0,38.0,23.0,40.6,40.6,17.0,25.3,13.1,11.1,20.0,23.7,16.2,15.5,6.1,17.2,26.3,33.3,11.1,11.1,7.1,13.0,9.2,8.1,23.0,23.2,33.0,38.4
1772854544.353392,25.3,12.1,26.8,25.0,39.0,37.0,27.6,26.0,12.0,10.9,19.4,13.1,29.0,35.3,16.2,18.2,23.5,29.7,17.0,28.4,35.0,33.0,28.0,25.0,14.1,10.1,19.0,30.3,33.3,29.3,25.3,28.0,24.2,22.2,16.0,10.1,20.2,15.0,17.0,19.4,11.0,10.1,14.0,31.3,18.0,18.2,1.0,11.1,5.1,8.1,15.3,19.8,35.1,34.3
1772854545.353736,28.7,16.2,21.0,25.3,31.7,30.3,22.8,18.2,16.0,7.3,14.1,17.2,27.0,33.7,13.0,13.3,15.0,17.0,18.2,22.0,21.2,32.3,13.1,18.0,18.8,13.1,25.3,38.6,31.7,26.7,24.8,25.3,17.8,17.3,9.1,9.1,15.8,15.8,12.1,15.2,16.2,17.2,15.2,33.7,16.3,21.0,4.0,6.1,3.0,4.0,13.0,18.2,25.3,22.4
1772854546.3573074,16.5,33.0,32.0,32.4,40.4,36.3,29.0,37.0,14.0,24.8,24.8,31.4,16.8,25.0,7.1,3.1,7.0,8.0,26.5,11.9,24.2,32.4,27.7,25.0,18.8,19.8,50.5,44.6,33.3,33.7,48.0,49.5,6.0,7.8,6.0,7.0,32.0,31.7,33.0,26.7,20.6,22.0,39.2,32.0,12.9,18.2,15.0,11.0,16.8,13.0,28.7,27.5,29.7,32.7
1772854547.3606117,15.8,28.7,35.4,28.0,35.0,35.4,14.3,27.0,3.1,24.2,25.5,52.5,13.1,20.0,4.0,3.0,11.1,11.1,23.2,14.1,32.0,20.6,28.0,28.7,12.1,22.0,46.0,29.0,23.5,38.6,51.5,45.0,11.2,17.3,9.2,12.2,30.3,37.0,26.0,35.4,27.0,14.1,38.4,38.6,9.2,9.1,19.4,13.1,21.2,5.3,36.0,17.7,27.6,25.8
1772854548.362446,17.3,26.0,24.8,23.0,43.6,35.0,23.0,20.6,8.1,19.8,29.4,41.2,16.0,22.0,3.0,6.1,9.9,7.1,20.0,16.8,28.7,21.8,26.0,18.2,10.0,10.9,19.8,17.2,20.6,32.7,44.0,33.0,14.0,14.9,11.0,14.1,29.7,27.5,12.9,33.0,12.9,21.0,25.3,32.0,7.0,6.9,15.0,13.0,24.5,12.9,40.2,29.4,23.0,25.7
1772854549.3649266,13.5,21.0,30.0,29.0,32.0,39.0,23.5,18.2,23.0,7.0,35.6,36.0,24.0,20.0,3.0,3.0,8.1,11.0,12.1,23.0,24.0,15.0,19.2,19.2,8.0,7.1,12.1,25.3,27.0,28.0,29.3,21.0,18.2,12.0,11.1,13.0,20.0,33.0,23.2,33.7,7.1,22.2,25.0,23.0,8.1,2.0,23.0,10.0,22.2,5.0,35.6,23.2,21.2,22.2
1772854550.3653765,18.6,20.2,25.3,20.2,31.0,23.0,23.8,17.2,24.0,4.1,32.0,34.7,24.8,17.8,6.1,7.0,9.1,10.1,18.2,9.2,21.2,30.7,19.2,18.2,6.1,8.1,11.0,20.0,26.0,32.7,34.0,43.0,14.0,15.0,19.2,5.1,20.2,20.2,13.9,31.0,7.1,25.7,30.3,32.3,6.9,6.0,22.0,7.0,23.5,3.1,36.0,24.8,18.0,29.0
1772854551.365473,23.2,30.0,32.0,15.2,26.3,22.2,18.4,36.0,17.0,13.0,33.3,40.0,25.3,17.2,11.2,3.1,20.0,12.1,13.0,13.0,27.8,24.2,32.3,33.7,9.2,6.1,30.3,22.4,38.0,26.3,48.5,52.0,19.8,15.3,9.1,6.1,28.0,20.2,22.2,35.4,33.3,32.7,46.0,41.6,6.2,3.1,14.3,17.2,18.4,17.3,18.0,30.3,31.0,41.4
1772854552.3655639,14.4,15.2,20.2,19.0,6.1,12.1,17.0,16.2,4.1,2.0,21.2,17.2,19.8,8.1,2.0,1.0,5.1,8.0,4.0,7.0,15.2,9.2,12.9,21.8,5.1,7.1,10.2,12.0,36.0,16.8,27.3,15.0,14.1,12.6,3.0,1.0,13.0,19.0,17.2,20.0,6.9,21.0,30.0,28.0,5.0,2.0,3.0,5.1,1.0,4.0,10.0,18.0,17.0,25.3
1772854553.3656487,19.4,22.0,31.3,43.4,19.0,26.7,21.4,30.3,9.9,15.2,30.7,18.2,28.4,23.0,5.0,6.1,10.0,13.9,12.1,15.0,26.5,24.5,22.2,18.6,4.0,2.0,23.0,18.2,30.7,24.2,34.0,19.2,14.9,17.2,3.1,4.0,16.3,17.2,23.0,18.0,17.2,10.0,36.0,20.6,5.1,4.0,12.2,14.0,16.0,13.0,7.0,14.9,25.5,27.0
1772854554.365735,12.6,25.3,25.5,26.7,16.2,21.2,25.0,21.0,13.1,13.1,25.3,26.0,24.8,12.9,5.0,2.0,9.0,10.2,5.0,11.0,23.5,17.5,22.0,20.6,7.1,6.1,21.0,20.0,10.2,22.8,28.0,24.0,13.1,16.2,2.0,4.1,20.0,14.1,18.0,17.8,7.1,3.0,12.0,16.8,3.1,2.0,14.0,12.2,12.1,13.1,10.2,14.3,19.0,21.2
1772854555.3680592,19.2,19.2,19.0,19.6,18.8,16.0,21.8,16.8,15.0,13.7,29.4,19.8,21.6,26.5,4.0,4.9,13.7,10.9,4.0,7.9,13.6,26.5,27.5,15.0,8.9,9.8,18.0,16.7,23.8,18.6,25.7,22.5,13.7,16.7,3.0,3.9,23.5,12.9,22.8,7.9,10.9,7.9,21.6,22.0,5.9,4.0,14.7,16.8,15.7,15.5,17.6,25.5,7.9,16.8
1772854556.3690517,15.6,19.4,13.4,14.6,25.5,15.3,22.2,20.4,5.1,20.4,18.4,17.0,28.0,18.2,5.1,1.0,13.1,18.0,10.0,16.2,19.4,18.2,21.4,19.6,5.0,7.1,22.2,12.4,18.0,18.4,21.4,24.2,15.2,18.0,4.0,3.1,20.0,15.0,12.1,18.4,12.0,9.2,24.5,23.5,4.1,4.0,18.2,16.2,4.0,22.4,21.2,12.1,17.3,11.2
1772854557.3708656,28.3,27.7,21.2,20.0,26.0,27.3,26.5,23.0,7.1,4.0,8.1,13.1,31.7,17.8,7.1,4.0,22.2,24.0,3.0,7.9,24.0,23.0,26.7,32.7,7.1,8.0,24.2,29.7,23.0,26.3,29.4,32.0,14.0,16.2,7.1,5.0,9.2,10.1,22.0,16.8,21.0,4.0,28.3,34.0,17.0,3.1,6.0,11.1,6.1,9.0,22.0,22.8,30.0,26.3
1772854558.370951,13.3,13.1,6.1,5.1,11.0,1.0,15.2,8.0,1.0,2.0,14.0,14.9,9.1,10.0,16.0,2.0,10.9,23.8,7.9,9.0,8.2,10.1,9.1,15.8,7.0,5.1,9.0,12.0,7.1,9.9,10.2,10.0,19.0,20.8,13.1,10.0,3.0,11.0,21.0,15.2,6.1,2.0,15.2,9.0,2.0,3.0,6.0,3.0,4.0,5.0,5.1,4.0,19.0,23.0
1772854559.371036,18.9,20.0,25.0,18.0,34.0,30.4,29.6,24.0,7.0,8.1,13.1,16.2,27.0,16.2,18.2,12.2,13.0,32.0,11.1,15.2,21.2,23.2,32.0,27.3,7.1,6.0,21.0,25.0,23.8,21.2,17.2,29.3,26.3,22.2,16.2,18.2,6.9,11.2,20.0,35.0,13.0,13.1,20.8,14.1,2.0,6.1,10.1,2.0,6.1,7.0,6.9,14.1,35.4,19.6
1772854560.3755171,24.0,16.0,22.0,18.0,28.0,19.4,25.0,27.0,10.1,12.0,10.0,22.0,31.7,19.8,8.1,15.0,20.0,35.0,18.0,13.0,28.4,23.8,19.8,21.0,9.0,7.1,27.7,31.0,22.2,20.8,24.8,23.0,20.0,20.8,9.9,5.2,17.2,16.0,38.6,35.6,33.3,19.0,14.3,13.9,31.0,30.0,9.1,3.0,5.1,10.1,12.0,8.0,12.0,21.8
1772854561.3755987,24.7,16.2,25.0,18.0,17.2,17.2,20.2,26.7,17.0,12.2,9.0,9.0,34.7,29.3,2.0,4.0,19.2,30.3,13.0,7.9,24.2,20.0,29.3,29.0,8.0,9.0,27.6,22.2,21.8,24.2,14.9,20.0,14.0,16.2,3.0,4.1,9.1,6.9,27.0,18.2,24.2,24.5,10.0,13.1,18.2,23.0,5.1,7.9,4.0,2.0,3.1,9.0,13.1,12.1
1772854562.3756957,18.2,10.1,10.0,18.2,9.0,16.0,19.0,12.1,8.0,4.0,5.0,2.0,14.1,21.8,2.0,1.0,9.2,10.9,9.1,5.1,17.2,5.1,11.2,22.8,5.1,7.1,25.7,17.0,13.1,18.0,8.1,13.0,11.0,16.0,2.0,3.9,10.0,3.0,5.1,13.0,21.2,13.1,10.1,11.0,8.1,6.1,3.9,4.0,3.0,2.0,7.0,1.0,16.3,3.1
1772854563.3757768,25.8,21.8,11.2,29.7,27.3,27.0,31.0,18.8,6.1,7.2,10.1,4.0,17.2,26.7,8.0,4.0,9.0,25.5,16.2,18.8,28.7,33.3,33.7,31.0,10.0,21.0,47.5,37.0,15.0,29.7,29.0,31.7,7.1,8.9,6.1,3.1,7.1,15.3,14.0,17.2,14.9,16.2,20.0,15.3,10.1,10.2,3.0,8.2,9.0,9.9,10.0,14.1,19.8,26.0
1772854564.376028,14.6,20.0,11.9,29.4,15.0,23.0,25.0,18.0,5.1,3.0,6.0,4.0,9.9,20.8,4.0,1.0,16.0,13.0,28.4,6.0,12.1,17.0,17.2,22.0,25.0,12.0,25.8,50.5,9.0,14.1,22.0,13.1,7.0,3.0,4.0,3.0,16.2,23.8,11.0,14.9,2.0,6.9,13.0,17.8,9.1,7.0,7.0,1.0,2.0,1.0,4.0,8.0,19.0,21.0
1772854565.3765078,18.4,17.2,26.0,12.1,34.0,22.0,20.2,17.3,6.0,1.0,5.1,3.0,11.0,21.0,2.0,3.0,21.2,11.1,20.0,18.0,19.2,19.2,12.1,19.0,21.8,12.0,28.7,33.3,29.7,12.1,12.1,15.2,4.0,2.0,5.9,4.0,7.1,25.0,15.2,15.0,3.0,18.2,15.0,19.0,5.1,4.0,6.1,3.9,6.9,3.0,3.0,8.0,8.1,14.1
1772854566.3815455,21.6,20.8,26.3,20.8,29.0,27.5,28.4,16.8,4.0,4.0,8.0,9.1,12.0,29.7,7.9,7.9,23.8,10.9,11.9,25.7,24.0,23.8,21.0,29.3,21.8,11.0,25.0,35.4,23.2,19.8,24.0,24.0,6.0,11.0,10.1,17.2,15.8,28.7,14.9,17.0,4.0,21.0,18.0,18.0,4.0,2.0,4.0,7.1,4.1,9.0,7.1,15.0,23.2,20.0
1772854567.3816257,17.7,20.8,17.8,13.1,14.0,36.4,28.6,20.2,14.1,4.0,5.1,10.0,23.8,19.0,4.1,2.0,10.0,8.9,26.3,10.9,25.0,23.0,16.3,14.9,13.0,20.0,30.0,21.2,29.7,12.0,14.1,15.0,1.0,6.9,3.0,23.0,8.0,22.0,16.2,16.2,2.0,10.0,9.2,9.0,3.0,7.0,1.0,9.9,3.0,4.0,8.0,5.1,11.9,5.1
1772854568.3857207,19.0,19.0,24.0,15.0,24.0,36.6,21.0,20.2,5.0,5.1,3.0,5.0,25.7,14.7,3.0,4.0,9.0,10.0,28.7,4.0,24.0,21.8,23.8,21.0,12.0,20.0,25.0,15.7,32.4,12.9,19.8,17.8,8.0,2.0,13.9,12.9,13.0,23.5,12.0,16.8,13.9,3.0,20.8,16.0,5.0,5.0,3.0,10.1,5.0,3.0,19.0,5.1,16.2,14.9
1772854569.3860679,25.3,10.0,25.0,26.3,30.0,26.0,26.0,18.6,2.0,5.1,5.0,7.1,21.8,16.0,8.1,3.0,4.0,10.0,19.4,21.6,23.5,18.4,21.2,22.0,9.8,10.9,36.6,17.0,31.0,6.1,41.6,20.0,5.1,4.1,25.7,4.0,12.1,16.2,16.8,27.0,15.0,5.1,25.7,27.0,2.0,5.9,6.1,8.1,8.1,7.0,17.2,4.0,19.8,15.3
1772854570.3870354,18.6,11.0,30.3,16.8,13.1,17.8,15.0,9.2,4.0,3.0,1.0,7.9,13.9,9.0,1.0,2.0,5.1,7.1,13.0,11.0,10.0,8.0,12.7,18.8,6.1,6.9,28.3,18.2,13.1,9.1,22.8,22.0,3.0,4.0,20.8,2.0,1.0,8.0,5.0,8.1,2.0,6.0,13.9,25.7,5.0,2.0,3.9,7.0,3.0,5.0,6.9,5.0,7.1,11.1
1772854571.3886673,23.5,15.2,38.6,26.3,14.3,35.4,29.3,18.2,3.1,7.0,9.0,17.3,27.7,17.0,7.0,3.0,11.0,9.1,14.1,18.2,20.2,26.0,19.4,19.4,21.0,13.1,21.0,37.6,22.0,27.0,20.2,32.0,2.0,8.0,20.2,6.0,14.0,8.1,15.0,23.0,5.1,10.2,20.2,28.7,7.1,3.1,2.0,11.0,6.1,4.0,6.1,7.1,16.8,19.2
1772854572.3888135,33.3,17.2,41.8,29.0,31.3,34.0,27.6,33.0,26.3,5.1,15.3,27.0,31.0,19.0,7.1,5.1,11.0,16.8,20.0,23.0,26.5,24.0,39.4,34.3,23.8,18.2,26.5,34.0,23.2,24.8,43.4,52.5,4.1,10.1,7.3,13.3,28.6,21.2,19.4,14.1,27.0,28.0,41.0,35.0,8.1,6.1,19.0,22.2,25.0,16.3,41.4,32.3,28.0,22.0
1772854573.4000874,28.9,20.8,36.3,29.1,24.5,35.3,20.6,17.5,23.5,5.0,7.8,22.5,21.6,15.7,3.9,3.0,8.0,7.1,17.6,21.6,27.7,14.9,16.7,20.4,16.8,16.7,11.8,20.6,17.8,20.8,49.5,13.9,5.0,4.0,2.9,4.9,5.0,5.9,13.9,13.9,6.9,9.9,30.4,29.7,5.0,4.0,6.0,20.8,5.0,21.2,33.0,19.0,10.9,10.0
1772854574.4001932,28.6,13.9,34.0,24.2,12.0,30.7,18.2,22.2,21.2,3.0,7.1,21.0,23.8,13.9,2.0,3.0,7.0,8.0,10.2,24.2,25.7,15.2,15.0,12.2,17.2,6.1,13.0,16.5,19.2,19.2,37.4,16.2,6.9,3.0,0.0,5.1,8.8,6.1,18.0,6.1,2.0,6.1,28.0,26.3,3.0,3.0,9.1,21.2,7.0,19.4,32.4,16.8,15.0,8.2
1772854575.40078,18.6,13.3,19.2,19.8,16.2,12.0,20.2,14.3,22.8,5.1,8.0,21.8,20.0,13.1,1.0,3.0,8.1,8.0,5.9,8.0,27.7,18.2,17.3,19.0,6.0,8.0,17.0,16.8,19.0,20.8,37.0,21.0,12.1,1.0,2.0,3.0,10.2,11.2,13.1,13.1,9.1,4.1,34.0,36.0,4.0,4.0,7.8,20.2,9.1,24.8,38.2,20.2,7.1,17.2
1772854576.4008706,20.2,20.8,33.3,17.0,7.1,26.7,21.0,28.0,20.0,23.0,18.0,37.6,33.3,27.0,24.0,20.0,21.2,15.0,3.0,8.9,35.0,21.2,23.0,25.7,4.0,5.0,19.2,16.8,17.2,24.0,50.5,40.4,13.0,18.0,14.1,13.0,23.2,26.7,42.6,27.7,14.1,18.0,33.0,37.0,26.3,20.2,2.0,30.0,9.1,24.8,44.6,20.6,31.0,29.3
1772854577.4026444,19.8,22.2,26.5,20.8,19.2,19.0,24.0,23.0,16.3,31.3,13.1,39.6,29.0,30.0,11.1,13.1,22.0,23.2,17.3,20.8,15.2,28.7,23.8,25.3,8.2,5.1,32.0,19.2,22.0,29.0,34.7,46.0,16.2,13.0,13.9,22.2,25.0,26.5,18.2,38.6,22.4,25.5,32.3,20.2,19.0,20.0,5.1,22.0,3.0,24.8,32.0,21.4,24.2,28.3
1772854578.4039752,12.4,15.8,24.0,5.1,13.0,14.1,15.2,18.0,14.1,17.8,12.2,27.0,31.3,20.8,6.0,5.1,9.0,12.1,11.1,6.1,21.2,18.2,17.2,13.1,7.1,6.1,23.8,17.0,16.8,18.0,19.2,33.7,8.0,9.1,15.2,15.3,19.0,14.3,25.5,23.2,6.0,25.3,22.0,10.9,5.1,11.1,18.8,7.0,12.0,9.0,16.8,16.7,13.3,9.1
1772854579.4081392,22.7,28.0,26.0,12.4,14.4,29.0,29.7,18.6,6.0,4.0,22.8,28.7,26.9,25.7,13.0,7.0,19.2,12.9,12.1,9.0,30.4,25.7,31.0,26.0,9.0,6.9,36.0,27.7,23.0,20.0,35.0,45.6,6.1,9.1,15.2,12.1,27.7,13.1,23.8,22.2,25.0,23.5,28.7,32.0,7.1,11.0,18.0,7.1,16.8,13.1,28.7,39.6,21.8,24.8
1772854580.4094093,18.4,11.0,21.0,5.9,7.0,15.0,14.1,15.0,2.0,2.0,14.1,31.0,9.1,9.0,1.0,1.0,27.7,5.0,9.9,6.0,5.1,13.0,11.0,11.0,2.0,0.0,24.2,21.8,3.0,17.0,21.0,21.4,1.0,2.0,23.0,2.0,1.0,7.0,9.0,29.7,6.1,21.2,10.1,15.2,7.1,9.1,13.1,12.1,10.2,14.0,28.0,20.0,9.0,10.1
1772854581.4100876,29.6,21.4,30.0,26.0,19.2,28.0,24.0,25.5,6.0,4.0,19.0,20.8,24.5,16.7,3.0,5.0,26.0,12.0,11.0,13.0,25.3,34.0,29.0,24.0,12.1,8.2,32.3,24.2,15.2,25.7,29.0,30.0,4.0,6.1,4.0,3.0,11.0,9.1,26.3,26.5,14.7,23.0,29.0,36.6,4.0,7.0,14.1,16.2,13.9,18.0,29.3,28.0,12.1,24.8
1772854582.4117382,22.0,26.5,27.3,35.0,20.0,15.5,29.3,26.3,6.2,5.1,13.9,35.0,27.0,18.0,11.0,5.0,30.0,15.0,10.1,9.1,30.0,20.4,25.3,21.4,10.0,11.0,23.0,20.2,15.2,24.8,31.7,32.0,8.0,11.9,6.1,5.1,11.1,6.9,23.8,34.7,16.5,23.2,38.0,38.4,15.2,12.0,10.0,21.8,22.2,5.2,32.0,16.8,18.2,16.5
1772854583.4209204,25.8,22.2,31.0,26.0,28.0,18.8,24.8,30.0,8.0,17.0,18.0,18.8,19.8,22.5,4.0,8.1,27.7,14.9,14.0,11.0,24.8,25.7,25.7,28.7,7.1,7.9,15.0,26.7,17.0,25.0,33.7,22.5,13.1,15.0,3.0,5.0,8.9,13.0,22.0,19.6,5.0,11.9,36.0,34.3,4.0,5.0,8.1,4.0,8.0,7.0,31.4,20.8,23.5,17.8
1772854584.4220278,26.3,9.9,25.5,18.0,20.0,9.1,20.0,17.0,15.2,12.9,16.0,11.0,20.0,14.1,2.0,4.0,28.7,15.0,6.1,11.9,18.0,14.0,18.0,14.1,6.0,5.1,20.2,21.2,11.2,22.2,20.0,13.0,13.0,15.0,2.0,4.0,3.0,9.1,14.0,26.3,5.0,3.1,29.3,25.0,2.0,4.1,5.0,4.0,3.0,3.0,13.0,24.0,16.0,6.2
1772854585.4250975,26.5,18.2,15.2,18.0,20.2,23.0,37.0,25.7,9.2,24.0,20.0,12.0,18.8,26.5,5.1,8.2,21.0,16.0,14.9,20.8,29.0,28.7,30.0,37.3,11.1,6.1,35.6,35.0,20.6,23.2,32.0,34.0,16.0,15.2,5.1,4.0,16.3,11.2,26.3,31.0,17.2,18.0,31.7,30.0,16.0,6.9,4.1,14.1,8.0,14.0,23.0,32.0,22.4,22.8
1772854586.4253483,23.5,22.2,19.8,19.0,36.0,30.3,32.3,27.0,6.1,14.3,27.0,9.1,14.0,30.0,3.0,10.1,15.3,17.2,28.3,13.1,37.4,30.3,28.3,27.0,24.0,9.1,32.0,29.3,15.2,24.8,23.2,32.0,16.2,14.1,8.1,7.1,19.2,18.0,22.2,29.7,25.0,17.8,16.2,25.0,7.1,7.1,6.1,10.1,7.2,6.1,27.0,24.2,25.7,21.4
1772854587.4275637,25.8,20.0,19.0,22.8,35.0,30.7,31.0,34.0,5.1,5.0,7.1,13.9,23.8,12.1,5.9,9.1,19.8,20.0,19.8,24.8,29.4,25.0,30.0,33.7,12.9,25.7,35.3,32.7,23.0,34.7,36.6,32.7,13.0,20.8,4.0,8.1,17.8,16.0,25.7,32.7,18.0,29.7,30.0,23.5,12.1,15.2,6.0,9.9,11.0,11.1,25.7,23.0,32.7,16.0
1772854588.430697,37.0,26.0,33.0,30.3,45.9,31.6,29.0,28.0,13.1,11.2,12.1,3.1,37.0,27.7,13.3,15.0,31.3,25.0,35.6,24.2,21.4,19.4,25.0,27.3,11.1,27.7,34.0,52.5,23.0,19.6,23.2,32.4,21.0,26.3,10.1,17.0,26.7,26.0,32.3,26.0,15.0,28.3,18.2,17.3,19.4,15.3,10.9,3.1,4.0,9.2,13.0,11.0,32.3,27.6
1772854589.430775,20.0,14.0,17.3,14.0,27.7,33.7,14.0,19.2,11.1,12.2,3.1,3.1,21.2,23.2,13.3,13.0,25.5,20.4,23.0,9.0,12.9,14.0,15.2,18.2,7.0,23.8,19.0,37.0,17.0,12.0,13.1,29.3,21.4,24.2,12.1,12.1,25.0,10.1,7.0,11.1,24.7,21.4,11.0,11.1,14.1,13.1,9.1,4.0,3.0,2.0,6.0,9.1,23.2,21.4
1772854590.4333463,23.2,14.1,25.7,13.9,30.7,35.0,19.8,17.3,9.0,12.0,3.1,5.1,22.5,24.5,11.9,6.1,21.8,8.0,25.7,11.9,13.0,15.0,19.8,24.0,11.0,23.0,28.0,38.2,26.0,11.0,21.2,31.0,22.0,21.0,14.1,8.0,21.8,16.0,8.1,10.1,22.2,18.0,11.1,12.1,11.9,8.9,11.1,0.0,5.1,5.9,16.2,15.2,26.0,15.8
1772854591.4334307,18.6,17.8,31.3,14.1,34.3,47.0,31.6,27.0,6.0,5.1,6.9,10.1,13.9,21.8,4.1,3.1,7.1,11.1,20.8,10.3,28.3,36.0,25.3,21.8,12.2,24.0,27.0,33.0,19.2,25.5,28.0,39.4,18.2,14.1,12.1,10.1,22.0,13.1,18.2,28.0,24.8,7.1,16.0,15.0,14.1,14.0,9.1,2.0,5.1,6.2,16.3,17.2,17.0,10.2
1772854592.4343154,26.3,25.7,22.0,29.0,36.3,45.1,35.0,34.7,8.2,7.8,9.0,14.0,31.7,21.8,5.1,9.0,14.0,11.0,17.8,23.5,32.3,21.4,34.3,34.3,19.6,22.0,30.0,32.0,25.5,21.2,46.5,54.5,18.8,19.2,25.0,4.0,23.5,21.2,21.0,24.5,9.1,14.0,26.7,23.5,13.0,5.1,12.1,14.7,11.0,9.9,23.0,30.4,24.2,24.8
1772854593.4366062,25.5,24.0,20.4,18.2,36.7,33.7,25.3,26.3,7.1,5.2,25.5,26.3,24.2,20.0,9.2,5.1,5.1,9.1,19.2,20.2,23.0,29.0,36.7,34.0,13.3,9.1,30.6,35.4,23.0,24.8,49.0,58.0,14.3,16.2,24.2,5.1,30.4,32.0,17.0,9.3,6.1,16.2,18.4,24.8,11.3,5.1,27.3,5.1,14.3,22.4,24.8,40.0,25.3,27.3
1772854594.439872,22.7,12.1,22.8,14.9,33.7,27.0,28.0,19.4,7.0,5.9,28.0,22.2,34.7,21.8,5.1,3.0,12.0,11.0,20.0,15.0,28.3,14.0,25.0,26.5,2.0,9.1,34.3,27.0,37.6,26.0,51.0,54.5,16.2,14.0,21.8,5.0,25.3,33.0,19.0,24.0,5.1,7.1,18.0,28.0,12.9,10.1,25.3,1.0,8.0,25.7,22.2,30.3,29.7,25.3
1772854595.441626,15.6,18.8,22.0,29.0,17.2,25.5,21.2,15.8,4.0,4.0,18.2,34.0,16.0,28.0,3.0,1.0,7.0,8.2,30.4,8.0,18.0,22.0,19.0,24.0,16.0,16.8,18.4,16.0,29.7,25.0,42.6,44.1,14.9,14.0,21.2,3.0,24.0,23.2,10.0,14.0,6.1,5.0,18.2,22.2,3.1,5.0,16.8,16.0,2.0,23.0,33.3,21.6,27.0,26.0
1772854596.445303,35.1,14.1,32.0,30.0,32.3,40.4,32.0,32.7,8.2,23.5,26.0,51.5,25.0,28.7,5.1,10.1,12.0,16.0,12.1,20.2,38.0,25.5,28.7,39.0,18.4,22.0,35.6,22.7,32.7,41.0,50.5,51.0,14.3,18.2,17.3,12.1,27.3,27.7,11.2,21.8,20.2,7.0,48.0,40.0,7.1,9.1,7.1,23.0,9.0,29.0,44.0,31.3,36.0,41.4
1772854597.4464705,23.5,26.3,34.3,30.3,32.7,41.4,22.0,31.3,12.1,18.2,44.0,37.0,23.0,29.0,6.2,11.1,11.2,14.0,10.2,10.2,27.6,34.7,41.0,33.3,17.0,20.2,42.4,27.3,40.0,35.3,45.0,55.0,15.2,15.3,7.1,6.1,34.7,40.0,14.0,26.3,24.0,19.2,40.8,48.5,9.2,9.0,21.2,23.0,12.1,25.7,39.0,33.3,40.0,29.0
1772854598.4471219,20.0,22.0,22.7,29.0,32.7,41.0,22.2,20.8,23.0,7.0,19.4,35.0,26.7,19.0,9.0,5.1,9.3,9.1,13.1,17.8,21.0,24.2,24.0,32.0,8.1,16.2,31.0,28.7,32.7,25.0,45.5,42.4,16.2,21.8,5.1,4.0,33.0,35.4,29.0,14.1,12.1,13.3,36.0,40.6,4.0,5.1,9.1,11.2,13.1,13.1,28.7,22.2,23.5,28.3
1772854599.4494226,29.2,23.8,33.7,39.6,41.4,36.3,27.7,28.6,13.1,21.2,26.0,49.0,21.8,20.8,6.0,8.1,13.9,10.1,13.0,11.1,26.0,13.0,25.3,21.0,4.0,3.1,25.3,42.4,33.0,22.0,32.0,38.0,13.1,16.3,4.0,3.1,51.5,40.0,23.0,26.3,16.0,14.0,42.0,40.4,5.1,8.1,8.0,20.0,19.8,11.0,24.0,17.2,28.0,28.6
1772854600.4525,18.7,25.7,30.0,24.8,34.0,34.0,15.2,22.8,9.0,26.5,27.7,39.6,22.5,31.7,6.1,8.0,34.0,25.7,8.9,8.9,19.2,28.0,18.6,19.0,6.1,5.0,20.8,15.8,35.3,30.7,44.0,48.5,20.8,21.0,6.0,12.9,16.8,23.5,17.0,32.4,11.1,13.9,35.6,37.9,15.2,18.2,12.1,16.0,16.0,16.0,24.2,20.0,29.0,30.7
1772854601.4533212,28.9,22.7,26.8,41.4,35.0,41.0,29.0,27.6,19.0,32.0,28.6,33.3,35.4,37.4,18.4,8.2,37.8,20.2,6.1,12.2,38.6,30.3,30.6,31.3,8.2,8.2,30.6,33.3,28.3,36.6,55.9,55.1,28.0,24.2,13.3,15.5,24.5,19.4,27.3,40.8,32.0,24.7,45.0,40.4,23.7,18.6,12.1,19.2,15.5,16.3,24.2,21.4,40.8,39.4
1772854602.4553375,23.5,5.0,20.2,17.0,17.0,30.0,28.3,14.9,18.6,20.4,37.0,19.0,30.0,37.6,10.2,10.2,27.0,9.2,7.1,13.9,16.2,22.8,17.0,16.2,6.1,6.1,13.1,22.2,28.7,29.0,50.5,29.0,21.2,22.0,10.2,10.1,23.8,14.0,22.8,33.3,18.6,25.3,31.3,23.2,15.2,15.2,7.1,14.1,5.0,15.8,14.0,16.8,32.0,25.8
1772854603.4558623,25.0,16.0,28.3,18.0,33.0,26.3,21.2,24.2,5.0,11.0,32.0,17.2,16.0,21.6,8.1,8.1,27.0,11.1,7.1,12.1,24.5,23.0,28.3,22.5,10.0,8.0,22.8,18.2,23.8,37.0,41.0,30.0,16.2,13.3,20.0,7.1,16.2,18.2,23.2,28.3,15.8,24.5,26.3,30.0,7.1,8.1,9.0,2.0,8.2,3.1,23.2,28.6,25.3,27.0
1772854604.4624965,27.3,25.7,32.7,28.0,17.8,22.8,20.8,27.3,13.0,17.0,29.7,25.3,17.8,22.8,12.0,8.1,20.6,16.0,6.9,19.0,25.5,24.0,32.7,29.0,11.8,8.1,40.0,27.2,29.0,28.4,42.6,40.0,21.8,18.4,15.2,12.9,21.2,21.0,18.8,26.0,19.8,27.5,38.2,48.5,14.7,10.9,4.0,6.1,8.0,5.9,31.7,38.6,26.7,42.2
1772854605.463933,22.2,20.4,38.1,26.3,18.4,24.2,23.2,24.0,15.2,12.2,29.0,21.0,14.0,20.2,3.0,7.1,11.3,14.1,13.0,31.4,19.2,20.4,25.0,23.0,10.1,8.2,27.3,30.3,32.7,21.2,21.2,17.2,15.8,12.0,8.1,16.3,20.0,15.2,18.2,6.1,20.4,11.1,30.6,33.0,4.1,4.0,2.0,9.1,4.1,8.0,12.0,24.8,22.4,25.3
1772854606.4656065,25.8,23.0,37.6,29.0,20.2,18.4,26.0,35.0,20.0,8.0,29.3,18.0,22.2,11.9,7.1,5.1,9.1,19.0,11.0,27.0,24.5,22.8,30.3,36.0,9.2,10.1,24.0,32.3,24.8,32.7,28.3,29.0,18.2,12.2,6.1,18.0,23.2,30.0,13.0,25.7,25.7,19.4,39.0,45.0,7.0,6.1,2.0,12.1,6.0,8.2,16.2,28.3,29.3,41.0
1772854607.466233,20.4,30.7,23.7,22.0,31.0,22.0,39.6,26.7,12.9,12.1,21.0,16.2,26.0,14.0,9.1,8.0,21.0,29.0,13.9,25.7,29.4,34.3,36.0,31.3,14.1,9.0,26.0,27.7,24.0,44.0,33.0,23.2,14.9,17.8,6.1,7.1,16.0,27.6,13.3,15.0,30.0,24.8,48.0,43.0,7.0,5.1,11.0,4.0,10.1,13.3,24.0,27.7,28.0,38.4
1772854608.4693763,32.3,19.4,25.0,27.7,27.3,23.0,26.5,25.0,5.1,7.1,21.0,18.2,27.7,19.0,9.1,3.1,19.0,21.0,29.3,24.8,32.7,23.2,32.0,38.0,10.9,26.0,27.3,30.0,26.0,24.8,36.4,37.0,15.3,16.2,11.0,3.1,18.2,17.8,12.1,25.3,28.6,26.3,36.0,34.3,7.2,6.1,13.3,7.2,10.1,9.2,27.0,17.0,34.0,36.4
1772854609.470973,28.6,24.8,25.3,22.2,34.3,25.3,30.0,24.5,5.0,6.1,14.3,18.2,22.8,13.1,11.0,7.0,11.9,30.7,32.0,26.0,16.3,16.8,35.0,36.4,9.2,24.0,63.4,23.2,9.1,16.0,29.0,35.3,19.0,13.0,6.1,6.0,38.0,37.0,13.1,20.0,32.0,30.7,18.2,32.0,13.0,14.9,3.0,13.9,10.0,10.1,29.0,5.1,32.7,24.0
1772854610.4713602,34.3,19.0,26.3,30.7,44.6,30.3,25.7,38.8,15.3,18.2,16.0,17.8,30.7,35.6,19.0,17.0,23.5,12.2,11.9,18.0,26.0,24.0,42.0,29.7,26.5,13.0,46.0,23.8,19.2,15.2,50.0,52.0,32.7,26.7,21.0,17.2,35.6,24.0,31.7,30.7,36.0,33.0,25.0,28.7,19.4,18.2,23.0,10.1,11.0,30.0,17.0,17.3,35.7,39.0
1772854611.471848,34.4,19.4,14.3,24.5,37.4,32.0,30.3,34.7,14.3,13.4,25.3,23.2,34.3,32.3,17.5,17.7,21.4,20.4,14.4,8.1,34.7,32.3,32.0,35.7,25.0,16.2,35.6,31.3,20.2,15.5,48.5,59.2,25.5,23.5,20.6,33.0,26.3,18.4,32.0,39.4,33.0,35.7,24.2,32.3,27.6,25.8,16.3,16.2,27.0,18.2,11.2,21.2,38.8,33.0
1772854612.4741468,29.3,25.7,23.7,24.8,42.6,31.0,32.0,33.7,13.4,15.0,25.0,27.3,21.2,27.7,6.1,12.0,8.1,9.0,10.0,9.0,24.0,25.8,35.4,39.6,24.0,14.9,45.5,41.6,10.0,24.8,45.0,58.4,16.2,20.2,15.0,23.0,25.0,17.0,19.2,32.3,29.7,28.0,32.3,32.0,7.1,10.1,4.0,25.3,14.9,25.3,31.0,13.3,20.8,36.0
1772854613.4742298,22.7,26.0,19.4,37.0,48.0,34.7,25.8,33.3,9.2,24.8,42.2,21.8,12.0,21.8,9.0,5.1,8.2,6.2,17.2,15.2,30.3,25.7,21.2,23.2,12.1,13.1,49.5,29.3,28.6,14.3,52.5,39.6,14.1,13.0,9.2,22.2,21.0,28.6,25.7,28.7,29.0,10.2,52.5,40.0,8.2,5.1,17.3,24.2,24.2,18.0,34.0,52.5,24.2,18.4
1772854614.4749272,25.5,23.2,38.0,35.4,35.7,36.6,27.0,30.6,5.1,24.0,38.0,23.0,16.2,23.5,10.1,9.2,29.0,18.8,9.1,18.0,30.3,35.4,30.7,38.0,21.2,16.0,41.6,33.3,38.6,18.2,48.5,57.0,6.1,10.1,9.1,23.5,33.7,35.6,16.0,16.2,22.2,9.2,47.5,52.0,26.7,9.2,15.8,18.2,25.7,15.2,35.0,49.5,25.3,24.0
1772854615.479128,34.0,21.0,31.3,33.0,29.3,32.3,28.0,30.0,12.0,22.0,21.8,27.0,17.0,22.5,9.2,6.0,24.2,31.3,12.0,9.2,31.3,27.3,32.3,27.0,19.0,19.0,41.4,20.8,15.2,13.0,49.5,48.0,6.0,12.2,10.2,25.0,23.2,22.0,21.2,26.0,14.9,21.0,37.6,46.1,19.4,25.7,17.0,12.1,14.0,20.0,39.6,41.0,23.0,27.3
1772854616.4797645,20.8,34.0,38.8,36.0,27.6,23.2,35.0,30.0,13.1,33.0,24.2,13.0,32.0,19.2,36.4,22.4,34.7,32.0,33.7,11.2,23.8,25.3,43.0,36.4,19.2,19.4,30.0,26.0,20.0,30.0,39.6,38.6,25.3,23.0,21.0,30.3,25.3,26.7,26.3,34.0,18.4,31.7,45.5,53.5,28.0,23.5,13.3,22.4,14.3,28.3,42.6,42.4,36.4,38.8
1772854617.4798472,25.3,17.3,33.3,34.3,25.0,19.2,28.3,30.6,19.6,27.3,9.2,15.5,30.0,35.0,28.6,35.4,34.3,36.1,26.3,16.0,27.6,28.0,28.3,30.3,9.2,24.0,22.0,24.5,22.2,26.3,38.8,30.9,25.5,26.5,14.3,18.2,27.3,25.8,26.0,20.2,37.8,38.8,46.5,34.7,18.2,17.7,11.2,26.0,14.1,23.2,31.6,40.6,27.3,34.3
1772854618.4799345,26.0,24.0,31.0,30.0,20.4,31.3,25.0,24.8,11.1,15.3,20.0,17.8,26.3,26.3,14.3,16.3,28.0,24.2,21.0,31.3,28.6,28.0,36.0,35.3,8.2,14.1,37.4,39.0,34.0,17.2,47.0,43.6,21.2,24.0,6.1,11.2,21.4,28.0,21.2,31.6,30.3,25.5,44.4,49.5,10.0,14.1,18.4,25.0,19.2,23.0,22.0,46.5,31.3,29.7
1772854619.4838126,16.7,32.3,26.0,22.0,27.0,36.6,28.7,22.4,10.9,22.8,18.2,14.9,27.5,16.5,4.0,11.0,30.0,38.0,28.0,23.8,21.0,22.0,30.7,32.7,4.0,20.8,41.4,36.4,19.0,8.1,53.5,52.0,14.0,16.2,4.0,7.1,8.0,18.0,19.8,34.0,23.2,21.2,49.0,36.6,5.1,5.1,28.7,19.2,24.0,15.0,42.6,44.6,24.0,21.2
1772854620.4843285,29.3,23.8,37.8,34.7,40.8,38.6,37.8,35.0,12.2,22.2,26.0,10.4,26.5,15.2,4.1,11.1,15.2,15.0,17.2,26.3,21.8,36.0,33.7,26.3,11.2,10.1,44.1,37.4,26.8,24.0,42.4,54.5,19.4,16.2,6.1,10.2,22.0,34.0,32.7,21.4,26.5,19.2,46.0,41.2,12.2,13.1,9.2,22.0,25.3,14.3,47.5,44.6,25.3,28.6
1772854621.4861195,23.7,14.1,35.4,35.0,37.6,35.6,22.2,18.0,12.2,13.9,13.0,22.5,16.8,22.5,8.1,3.0,16.3,5.9,11.0,6.0,10.0,12.1,24.8,22.0,5.1,3.0,25.3,29.0,14.0,12.1,33.0,47.0,13.0,19.0,4.0,3.1,9.0,16.8,22.8,24.0,31.1,19.2,35.4,36.3,7.0,9.1,3.0,8.0,5.0,8.0,32.0,42.2,26.7,26.3
1772854622.4862115,24.2,23.0,26.5,28.3,31.6,43.4,25.7,31.6,15.2,14.3,12.2,23.0,27.0,20.2,6.1,8.2,29.7,14.3,12.1,7.1,18.4,34.0,27.6,34.3,7.1,13.3,43.4,20.2,27.7,31.0,55.0,56.6,17.3,13.3,3.1,10.1,17.3,22.4,34.0,33.7,22.2,22.5,34.0,37.4,3.0,7.1,4.1,9.2,10.2,10.3,32.0,34.3,32.7,40.6
1772854623.4867594,27.6,18.8,21.8,20.0,42.0,44.6,30.0,26.5,5.0,22.8,17.0,12.0,29.4,19.6,3.0,7.9,21.0,15.8,13.9,9.1,26.7,18.2,18.0,25.0,5.9,8.0,36.3,20.2,28.4,38.6,44.4,43.4,16.2,13.0,20.0,3.9,18.8,17.8,22.0,21.8,15.2,5.1,31.4,31.7,11.9,16.8,6.0,5.1,10.0,5.9,24.8,30.1,24.8,30.0
1772854624.493006,20.6,24.0,14.3,15.8,36.6,40.0,36.0,26.0,7.1,6.0,18.0,19.6,27.5,18.2,4.1,6.1,18.0,26.5,13.0,10.9,25.0,24.0,29.3,27.7,9.1,8.2,26.0,20.8,35.6,27.7,44.0,34.0,19.0,15.0,23.8,3.1,14.3,23.0,35.0,18.8,22.0,15.0,38.4,36.6,2.0,7.1,11.1,3.0,2.0,9.2,25.7,31.3,28.3,33.3
1772854625.493688,22.9,28.9,20.2,20.2,37.4,34.3,28.6,34.3,4.1,8.2,25.5,32.0,25.3,17.0,4.0,10.9,28.0,15.0,12.1,12.1,32.7,26.0,27.7,38.0,12.1,10.1,18.6,31.6,36.6,24.2,34.3,39.0,16.2,13.0,15.3,12.1,20.0,32.0,33.0,22.4,29.3,23.5,31.7,29.6,3.1,6.1,11.2,3.1,10.3,8.1,42.0,40.0,28.3,28.6
1772854626.4955294,10.6,21.4,11.1,13.9,17.2,30.0,21.0,17.0,3.0,4.0,15.0,9.2,26.7,13.1,2.0,2.0,13.9,8.9,8.0,9.9,14.0,14.0,13.1,15.2,2.0,22.8,14.9,18.8,24.8,20.0,24.8,21.2,15.0,12.1,11.1,13.9,14.1,16.2,28.3,19.0,17.2,11.0,24.2,15.8,4.1,3.0,10.0,5.0,3.0,4.0,26.0,33.3,18.0,22.8
1772854627.4956157,22.7,28.3,22.2,22.0,30.7,46.1,26.3,30.0,3.1,5.1,18.4,13.1,25.0,31.4,6.0,10.0,12.0,9.3,15.2,12.1,25.3,33.0,25.0,40.6,16.0,16.3,26.3,24.2,26.5,43.1,31.7,40.0,17.2,15.0,17.0,20.2,20.0,22.0,33.0,27.7,16.2,13.0,27.0,26.3,5.1,6.2,12.1,4.1,9.1,7.2,34.7,30.3,35.4,33.7
1772854628.4956977,20.8,21.0,18.4,35.0,24.5,32.0,31.0,22.4,6.1,5.1,13.0,22.0,26.7,17.8,3.0,7.1,8.0,11.0,14.9,8.0,23.5,27.6,23.2,23.0,24.0,10.0,29.3,14.1,35.6,34.3,28.3,31.0,15.0,13.3,5.1,6.1,17.2,22.0,32.0,28.3,11.9,5.1,15.3,15.2,5.0,6.1,9.1,2.0,6.1,5.1,24.0,18.0,36.4,39.6
1772854629.4966745,29.6,22.8,12.1,23.0,36.3,25.8,23.5,24.0,6.1,4.0,18.8,20.8,25.0,19.0,4.1,2.0,12.0,12.9,14.1,10.1,32.4,21.0,20.0,27.0,17.0,19.0,19.0,27.0,26.0,28.7,30.0,30.0,16.2,15.0,5.0,8.1,15.0,22.0,20.0,15.0,13.1,5.0,17.0,18.0,8.2,10.2,11.0,3.0,5.1,9.0,20.4,19.0,34.3,29.6
1772854630.4967582,21.6,17.3,21.0,20.2,32.7,22.8,16.0,21.0,11.1,5.0,14.4,14.1,21.0,18.2,14.0,14.1,16.2,18.2,20.8,15.8,18.2,16.0,24.2,19.4,20.2,12.0,16.2,22.0,19.0,24.8,26.7,26.3,18.2,12.2,9.1,15.3,28.0,31.7,18.0,14.1,13.1,3.1,14.3,15.2,12.9,13.0,6.1,4.0,5.1,10.1,20.8,17.3,26.0,28.0
1772854631.4968562,17.8,6.0,8.2,5.0,24.8,23.0,8.1,17.0,7.1,12.1,13.0,11.2,23.0,23.8,11.2,12.0,14.1,16.0,12.0,6.1,20.0,11.1,15.0,18.0,10.0,7.1,7.0,10.0,27.0,18.8,25.0,25.5,10.0,8.9,13.0,10.1,31.7,13.1,11.9,15.8,0.0,8.0,9.0,10.0,6.1,15.0,6.1,1.0,6.1,1.0,12.1,17.6,17.0,16.3
1772854632.4969473,20.0,23.5,16.0,18.2,21.2,31.3,24.0,30.3,13.4,11.2,16.0,18.0,22.8,31.0,7.1,10.1,9.1,8.0,13.0,10.9,18.8,21.0,22.0,20.4,6.0,16.0,16.3,26.3,32.0,28.0,37.4,38.0,5.0,6.1,4.1,3.0,36.0,24.0,13.0,17.0,7.9,19.0,18.2,19.0,14.1,12.2,9.1,2.0,6.1,3.0,17.0,21.6,28.0,30.0
1772854633.4976974,24.7,21.8,24.2,15.0,29.0,33.0,23.0,30.3,5.0,5.9,16.3,13.1,20.0,15.0,4.0,7.1,10.0,9.0,12.0,10.9,18.4,23.8,36.0,28.0,25.0,11.1,25.5,21.2,33.7,33.7,36.0,38.6,16.0,14.1,9.0,2.0,37.6,25.5,15.3,14.1,22.2,19.4,21.0,22.0,5.0,6.1,8.0,2.0,9.1,11.2,27.3,27.0,31.3,33.3
1772854634.497796,22.9,8.1,18.2,16.2,22.4,21.0,16.0,27.7,4.0,5.1,14.0,19.2,18.8,21.6,2.0,7.1,8.2,9.1,10.2,10.9,31.0,31.3,18.2,20.8,19.2,13.0,14.3,28.7,28.7,29.0,16.0,17.2,12.1,16.2,2.0,5.1,34.7,17.3,20.0,13.0,15.2,9.2,13.0,14.0,2.0,6.0,8.0,6.0,10.0,2.0,9.2,9.1,22.2,23.2
1772854635.499654,14.6,16.8,8.1,12.7,8.0,14.9,8.0,15.0,5.0,3.0,14.1,14.0,11.0,19.8,2.0,2.9,8.9,7.0,11.0,4.0,9.9,16.8,17.8,11.1,14.9,13.7,12.9,12.0,26.3,27.7,12.2,11.9,3.0,4.0,3.0,3.0,22.8,25.7,16.8,6.0,5.1,5.0,7.9,13.0,4.0,2.0,4.0,5.0,5.9,2.0,7.0,2.0,19.6,23.8
1772854636.5002334,13.3,18.2,14.1,12.1,16.0,10.1,23.0,21.8,3.0,0.0,13.0,12.9,23.5,15.0,3.0,2.0,7.1,6.9,12.0,5.0,20.2,22.0,11.1,12.0,18.0,6.1,14.0,19.8,23.5,26.0,10.0,10.2,2.0,6.9,2.0,2.0,12.2,18.2,10.1,12.1,6.0,2.0,7.1,11.0,3.0,2.0,5.0,1.0,2.0,4.0,5.1,5.1,8.2,15.2
1772854637.5003169,26.0,19.0,18.0,22.0,19.2,19.2,25.3,28.3,5.1,11.9,19.4,18.2,26.0,12.1,3.0,8.0,8.0,8.1,18.0,17.2,30.3,22.2,27.7,27.3,16.8,8.0,40.8,38.4,29.7,22.8,29.7,23.8,4.1,7.1,3.1,8.0,29.3,41.6,16.8,14.9,10.0,16.7,22.0,22.5,2.0,7.9,12.2,21.0,10.1,20.0,13.9,10.1,21.6,15.3
1772854638.5004792,21.2,23.0,15.2,16.0,19.8,20.8,20.8,27.0,3.0,6.1,20.8,31.0,24.8,15.0,1.0,8.1,9.3,9.1,11.9,25.7,21.2,22.2,24.2,22.8,8.0,6.1,34.7,27.7,14.3,29.3,35.6,25.5,2.0,9.0,4.0,3.1,18.8,30.0,26.0,11.1,7.1,8.1,18.8,14.1,3.0,8.1,6.9,22.2,21.8,13.0,18.0,11.0,18.2,22.0
1772854639.5005617,11.7,25.0,18.2,18.8,20.2,10.2,25.7,23.2,4.0,5.1,16.0,32.7,29.0,17.8,3.0,1.0,8.8,8.9,32.0,9.0,22.2,28.0,16.0,16.0,5.0,4.0,20.2,15.2,17.0,22.8,27.0,17.0,4.0,3.0,2.0,1.0,14.0,16.2,17.8,25.0,1.0,8.1,11.0,8.0,2.0,4.0,9.1,21.8,5.0,22.0,6.1,23.8,18.0,20.8
1772854640.5022733,27.3,26.0,20.8,22.0,15.8,18.8,17.2,28.0,5.0,5.0,18.2,32.0,20.6,14.0,7.8,4.9,7.9,8.0,27.9,12.0,27.2,21.8,23.5,36.6,6.1,6.9,22.8,20.0,14.0,22.0,23.0,33.7,11.0,8.0,4.9,7.8,20.8,22.0,15.8,25.0,11.1,9.0,17.0,19.2,8.9,11.0,8.9,20.8,5.9,22.5,14.0,22.2,17.2,27.0
1772854641.5046105,23.2,13.7,24.2,33.3,25.3,12.1,31.7,14.1,5.1,18.6,13.9,34.3,16.8,18.8,2.0,5.0,9.9,11.1,23.8,10.0,23.0,17.2,25.0,24.0,5.1,6.0,26.0,28.7,22.5,12.0,31.7,41.6,16.7,15.7,2.0,7.1,21.0,14.9,15.8,19.6,14.0,7.0,18.2,18.8,15.0,17.8,7.1,21.2,12.1,24.2,27.5,16.0,22.2,15.8
1772854642.5046945,22.7,10.2,31.3,31.6,31.6,19.8,18.2,30.0,13.1,14.1,10.2,20.4,32.7,18.0,7.1,1.0,6.1,10.9,18.2,16.2,22.0,22.2,13.9,26.3,6.1,5.1,35.0,18.0,14.1,26.0,39.0,29.6,12.2,15.2,2.1,2.0,5.1,11.2,13.1,14.1,11.0,3.1,11.2,21.4,7.1,4.1,8.1,13.1,15.8,12.2,30.3,11.0,10.1,14.4
1772854643.5047865,13.4,19.2,21.0,38.0,20.8,27.3,24.2,16.2,23.8,5.0,12.1,10.0,26.7,13.9,1.0,2.0,10.0,11.0,6.1,8.1,19.2,19.2,13.3,25.3,5.1,6.1,36.0,14.3,20.0,20.8,24.8,38.0,12.9,16.2,3.0,1.0,3.0,10.0,11.0,13.1,17.2,3.0,20.0,23.8,4.0,6.1,5.1,6.1,5.1,2.0,18.0,12.2,21.0,7.9
1772854644.5048776,24.2,9.0,24.2,15.0,31.0,18.6,15.0,11.0,22.0,5.9,5.1,5.1,17.0,11.0,5.0,3.0,8.1,7.1,13.0,18.8,14.1,17.2,14.0,16.0,1.0,1.0,17.2,30.7,8.0,9.1,29.3,17.0,16.2,12.9,3.0,3.0,3.0,9.0,10.0,12.0,14.0,6.1,10.1,28.3,3.0,2.0,8.1,13.0,15.0,7.1,13.0,12.0,9.0,8.1
1772854645.506415,30.3,18.8,33.7,36.6,41.0,22.4,31.3,27.0,22.2,5.1,18.0,34.7,22.0,12.1,4.1,15.0,15.0,21.8,16.0,22.8,26.7,22.5,35.0,31.3,6.1,6.1,26.0,42.6,25.0,21.0,41.0,49.5,18.8,14.0,12.0,8.0,17.8,16.0,19.2,20.2,29.0,37.6,41.6,35.6,6.1,8.1,23.0,15.2,20.0,17.0,16.3,12.1,25.3,20.0
1772854646.5065029,21.6,12.1,23.2,38.0,25.0,19.2,14.0,20.2,15.0,10.1,17.0,33.0,21.0,14.9,4.0,2.1,8.0,25.0,16.2,21.2,19.0,13.1,16.3,21.2,7.1,5.1,18.0,28.0,12.1,18.0,42.4,21.2,16.2,12.1,15.0,11.1,11.9,5.0,28.0,9.1,11.2,27.0,37.0,35.4,9.0,4.0,13.1,19.0,13.0,11.0,9.0,4.0,14.1,8.2
1772854647.5084379,33.7,25.0,25.5,32.0,32.7,33.0,29.3,29.0,10.1,15.3,27.5,33.3,29.0,18.0,11.0,15.0,15.2,31.7,23.0,28.4,26.3,33.3,33.0,30.7,8.1,9.2,31.7,33.0,19.0,32.0,57.0,44.0,17.8,17.8,11.0,26.3,10.2,13.3,30.7,27.0,21.0,22.2,46.0,44.0,15.0,12.2,17.2,12.0,20.0,11.0,12.0,17.2,35.0,32.0
1772854648.509404,25.5,17.2,26.0,32.0,20.8,20.8,23.5,37.6,23.5,28.7,25.0,20.0,29.7,29.0,12.0,19.0,24.2,30.3,16.0,9.1,21.0,16.8,28.2,28.7,11.0,8.0,21.2,41.6,17.0,22.0,45.0,30.7,20.0,13.1,21.2,25.3,18.2,11.2,30.3,25.0,15.8,27.7,40.0,38.6,15.2,16.0,13.1,10.0,12.1,6.0,6.1,16.0,30.0,29.6
1772854649.510971,28.6,20.8,33.0,30.6,21.4,23.2,30.0,21.4,23.5,22.7,23.2,14.1,32.4,31.6,18.4,13.3,35.3,16.2,13.9,13.0,22.4,25.0,35.4,30.3,16.2,16.2,31.3,33.0,23.2,21.0,36.0,40.8,26.3,24.0,29.9,15.2,14.1,22.0,25.3,21.2,39.4,21.4,39.6,42.4,15.5,13.4,7.1,8.1,11.0,6.3,11.0,22.0,29.6,26.3
1772854650.5127754,19.4,28.3,29.7,24.2,20.8,13.1,28.0,21.0,14.1,24.0,17.0,16.3,21.0,16.8,5.1,4.0,22.4,24.8,9.0,9.1,25.7,25.0,19.2,20.4,24.2,8.1,42.6,36.0,26.0,21.2,27.0,26.7,28.0,22.0,17.0,9.1,10.9,10.0,36.0,16.0,31.3,18.6,35.4,44.0,8.1,10.2,10.0,2.0,4.1,8.9,16.0,16.2,19.2,16.0
1772854651.5169327,20.4,26.0,24.5,31.4,23.5,23.8,27.0,29.7,8.1,7.0,13.0,11.1,23.0,31.7,5.1,7.9,14.0,13.1,9.1,12.1,26.0,17.2,23.0,27.7,24.8,10.0,51.5,36.6,22.0,14.9,37.0,31.3,19.0,14.1,5.1,9.1,16.0,8.1,24.8,18.0,19.0,14.0,35.0,32.0,3.0,7.9,11.0,4.0,5.9,5.1,21.8,18.2,19.8,16.2
1772854652.5179527,20.8,22.0,20.0,14.0,23.0,17.2,23.0,25.3,5.0,4.0,11.2,20.8,23.8,22.8,5.0,7.1,13.0,22.8,7.1,12.9,24.2,19.2,20.0,23.8,14.0,19.8,33.0,23.2,18.2,13.1,26.5,32.0,15.0,17.8,12.0,16.0,14.1,21.0,28.3,19.0,13.1,22.2,34.0,33.0,5.1,3.0,4.0,3.0,4.1,8.0,22.0,16.8,19.2,13.3
1772854653.5206609,22.1,23.8,22.4,15.2,27.0,28.3,34.3,25.7,4.0,5.1,15.8,20.0,17.0,21.8,6.1,7.1,15.3,19.0,15.0,18.2,23.2,24.0,36.0,29.7,19.0,24.2,24.2,26.0,23.0,12.2,34.3,31.0,16.2,20.0,15.2,12.2,24.0,14.1,40.0,29.3,22.2,21.8,42.6,36.0,17.0,12.0,11.1,3.1,10.1,6.1,15.0,16.0,29.0,20.8
1772854654.5219014,27.3,10.1,22.8,17.2,13.3,28.0,14.0,22.4,4.1,3.0,8.1,21.8,18.6,21.0,3.0,2.9,20.6,16.0,11.0,6.9,18.8,14.9,18.4,18.0,20.0,10.9,16.2,16.3,20.2,19.6,14.3,13.1,15.0,13.0,9.8,17.2,21.8,13.1,26.7,34.3,14.1,14.1,29.3,31.0,3.0,7.1,5.9,2.0,3.0,2.0,4.0,10.1,11.1,14.1
1772854655.5286448,16.5,14.0,15.0,24.5,31.0,23.0,18.8,22.3,5.0,6.0,5.9,12.9,23.8,21.0,1.0,1.0,7.0,17.8,9.9,6.0,23.8,14.0,22.3,18.8,10.0,10.0,17.8,17.8,17.6,14.9,11.9,13.9,19.4,11.0,2.0,9.0,21.8,13.9,34.7,15.2,7.9,20.8,27.5,32.4,2.0,7.1,10.0,3.0,3.0,5.9,9.1,11.1,12.0,15.0
1772854656.5298533,19.4,21.0,23.2,23.2,20.2,35.0,22.2,15.2,3.0,6.0,10.1,3.0,14.9,25.0,3.0,4.0,7.1,9.9,9.1,13.0,15.3,20.2,25.5,16.3,18.6,12.0,19.2,19.0,16.0,16.3,16.3,19.0,18.0,12.0,3.0,6.9,26.3,12.0,22.0,7.9,15.0,14.1,22.2,27.3,15.2,13.9,5.1,3.1,5.1,5.1,18.0,3.0,15.2,12.2
1772854657.5327537,24.2,21.8,32.4,23.3,31.4,30.4,22.2,31.7,2.0,9.9,14.1,16.8,13.0,25.5,9.1,2.0,10.9,9.0,10.9,13.9,19.6,31.0,40.2,31.4,18.8,15.0,23.5,25.0,16.0,24.0,30.4,28.0,10.0,5.0,4.0,7.0,23.0,25.7,18.6,15.8,27.7,27.7,29.1,28.0,6.9,2.0,11.9,10.0,3.0,14.0,22.5,13.9,22.5,24.5
1772854658.5344691,16.7,15.8,23.7,16.2,17.2,21.0,21.4,24.2,2.0,5.0,7.1,3.1,12.0,22.0,7.0,4.0,8.1,8.0,16.8,21.8,17.2,25.5,13.1,23.2,16.2,18.0,22.2,12.1,18.2,22.2,13.1,15.2,7.1,3.1,2.0,1.0,17.2,22.0,24.0,8.2,8.1,4.0,10.2,11.0,2.0,6.1,19.0,11.9,10.9,8.9,3.1,7.1,14.0,8.2
1772854659.5401802,17.3,16.2,22.0,14.0,21.2,12.1,20.8,23.0,5.0,3.1,3.0,9.9,11.1,23.8,3.0,2.0,11.9,10.0,12.1,25.7,21.0,20.8,22.0,13.1,11.0,21.8,7.1,23.8,17.8,20.8,14.0,14.9,6.9,3.0,3.0,3.0,9.9,7.1,15.2,11.9,5.0,7.0,11.9,14.0,2.0,6.0,23.2,4.0,26.0,3.0,9.8,6.9,18.0,11.2
1772854660.5434844,24.0,21.8,9.0,26.0,10.2,23.8,23.2,26.0,4.1,8.0,6.9,5.1,14.0,24.2,5.0,8.1,11.1,9.1,11.0,25.0,25.0,24.0,25.7,25.0,7.0,7.9,15.0,24.2,20.8,24.0,26.0,25.0,6.1,3.0,4.9,7.1,21.8,10.1,20.6,15.2,5.1,13.0,17.0,19.4,3.0,5.0,27.0,6.1,26.7,5.1,3.1,16.0,19.0,20.2
1772854661.5435755,26.0,31.0,17.3,16.8,16.2,29.3,27.3,30.0,6.1,21.0,25.0,16.8,17.0,29.1,6.1,7.1,9.1,8.1,13.0,26.7,40.0,38.0,27.3,32.7,4.1,7.1,26.3,21.6,21.0,15.8,47.0,45.0,4.1,10.1,6.2,11.1,24.0,22.0,27.6,11.2,15.3,10.1,23.2,27.7,8.1,16.0,22.0,8.1,20.8,23.8,21.0,8.2,21.4,22.0
1772854662.547747,23.5,20.8,16.8,15.8,19.8,17.0,25.7,27.0,4.0,5.0,26.7,5.1,13.9,24.8,7.9,3.9,7.0,8.1,11.9,27.7,20.0,13.1,25.7,27.0,5.0,9.0,35.3,19.0,16.0,13.0,30.1,27.7,6.0,5.0,6.0,6.0,27.0,25.7,14.7,26.7,8.8,6.1,14.1,18.0,10.1,11.1,10.1,24.5,8.2,22.2,5.1,12.0,22.0,16.0
1772854663.5509512,26.5,13.3,14.1,20.2,19.4,15.8,19.0,24.0,10.1,14.1,26.7,6.0,22.0,30.0,8.9,11.1,15.0,13.0,12.1,19.0,28.7,26.5,18.4,29.0,9.9,8.1,25.0,28.0,16.2,18.2,25.3,29.7,5.1,8.1,10.1,12.9,21.0,11.0,14.1,8.1,11.0,12.1,19.0,19.2,7.9,11.0,12.0,9.1,12.0,20.6,6.0,15.2,32.7,22.0
1772854664.5518472,24.5,19.0,34.0,30.7,18.2,21.2,26.0,29.3,24.2,28.3,26.3,12.2,26.3,24.0,19.2,15.3,18.2,20.0,20.2,29.0,31.3,28.6,37.0,33.3,21.2,10.1,42.4,48.0,23.0,25.3,46.0,46.0,14.3,19.2,16.3,16.5,16.3,18.6,14.1,22.4,22.7,23.2,30.7,24.2,15.5,15.2,10.1,19.4,9.3,13.3,14.1,23.2,33.7,29.2
1772854665.5545032,21.6,24.0,35.0,32.3,21.2,27.3,29.3,30.3,33.3,17.2,26.3,18.0,29.7,27.3,15.5,12.2,23.2,17.2,24.0,24.2,34.0,29.0,28.3,32.7,9.1,7.1,40.0,50.5,22.4,28.7,52.0,49.5,16.2,19.4,15.0,21.0,19.8,18.0,33.3,33.0,23.0,30.3,35.0,31.0,17.0,14.4,13.3,17.2,22.3,22.2,32.3,33.0,14.0,26.0
1772854666.5558228,29.2,26.0,36.4,37.0,28.6,42.2,21.6,28.7,22.2,6.1,44.1,18.0,26.0,27.7,18.2,11.1,25.5,14.3,16.8,23.8,33.0,36.6,33.0,27.3,16.2,3.1,41.6,41.4,21.2,19.2,50.0,48.0,20.2,15.0,17.2,15.2,24.8,16.2,30.7,25.0,32.0,33.3,48.0,44.1,15.2,13.0,22.8,16.3,19.4,23.2,49.5,61.0,34.0,22.2
1772854667.555914,18.4,32.0,22.2,28.0,46.5,34.7,30.0,23.2,26.0,6.1,31.7,14.4,16.2,27.0,7.1,8.1,31.7,15.0,10.2,13.1,29.7,18.4,25.0,28.0,17.2,13.0,24.2,41.0,23.0,32.0,41.0,38.0,17.2,13.1,24.2,6.1,19.4,26.3,24.0,27.0,32.0,21.2,39.4,49.5,13.1,13.0,22.4,10.0,25.0,14.1,45.5,37.6,26.0,26.3
1772854668.560597,22.2,25.0,29.7,32.7,41.6,43.0,23.2,32.4,14.0,15.0,32.7,17.8,16.8,16.8,10.0,3.1,29.3,14.9,7.0,16.8,28.3,26.7,27.7,35.0,22.0,11.1,27.7,41.0,32.0,32.7,38.0,57.4,16.8,15.0,25.7,8.1,33.3,41.6,22.5,25.3,26.0,28.0,45.2,45.1,15.0,18.8,10.9,4.0,9.1,12.0,55.8,32.0,37.0,30.7
1772854669.5623014,32.3,18.4,25.5,24.0,46.0,47.5,33.0,25.3,26.3,13.0,30.7,22.2,24.8,31.0,4.1,9.1,32.7,17.3,9.0,14.0,34.3,34.3,31.0,31.3,17.0,22.2,38.4,35.6,26.0,37.0,55.6,47.5,17.3,16.0,24.2,8.2,36.3,33.3,24.2,34.7,24.8,25.7,39.4,40.0,5.1,3.1,7.2,6.1,11.2,10.3,49.0,40.6,30.7,39.8
1772854670.5629113,31.3,16.0,23.7,26.5,39.8,43.0,25.0,26.3,10.4,20.0,35.0,31.0,26.0,14.1,5.1,8.1,24.0,21.2,13.1,10.1,14.1,23.2,26.5,32.0,22.4,6.1,34.3,21.4,32.0,34.0,42.6,44.0,16.0,17.2,22.2,16.2,36.4,26.5,18.2,38.4,16.3,23.5,36.7,45.5,7.1,3.1,13.9,4.0,7.1,10.0,43.6,36.0,35.1,48.0
1772854671.5646996,22.7,10.2,31.3,30.7,33.7,35.0,28.0,27.0,17.8,12.0,25.3,18.0,14.0,26.5,11.0,14.9,13.3,21.0,9.0,13.1,21.4,26.0,25.0,20.0,24.0,13.9,15.0,19.2,27.7,40.0,29.7,22.2,15.3,15.3,13.1,20.2,37.0,28.0,24.2,31.7,13.1,18.0,39.2,37.0,6.1,5.0,5.2,6.1,4.0,6.1,31.7,31.0,30.7,28.3
1772854672.5651462,18.6,30.7,26.0,27.3,43.0,44.4,32.3,18.4,25.0,12.0,14.9,17.5,29.0,35.6,13.3,16.3,34.3,30.3,11.2,15.2,33.0,40.4,22.4,20.0,15.8,14.1,19.2,24.0,30.0,47.1,51.0,55.0,20.8,18.8,17.3,23.5,22.2,35.6,39.4,43.4,16.0,14.3,44.0,38.8,11.1,13.4,9.1,4.0,6.1,11.0,42.0,38.6,25.3,26.5
1772854673.5682924,22.1,23.0,37.4,29.0,37.0,41.6,25.0,31.0,15.3,17.5,28.3,19.6,27.0,32.7,9.0,13.0,26.0,23.5,24.8,24.2,30.7,27.3,38.0,40.8,23.0,11.0,31.0,25.0,23.0,30.0,64.6,53.5,25.3,24.5,18.4,12.0,44.1,43.0,29.4,27.0,20.2,40.0,33.3,33.0,18.6,30.3,8.2,13.3,6.1,13.4,48.0,49.5,31.0,37.0
1772854674.5693443,26.3,16.2,33.7,34.3,42.0,46.0,25.3,21.0,15.2,14.3,19.2,18.0,23.2,28.7,4.1,7.1,27.3,13.1,26.7,15.0,38.4,31.0,27.3,33.7,17.8,17.2,36.0,29.3,27.7,38.6,50.0,54.5,29.3,25.7,13.0,17.2,27.3,22.2,26.5,24.5,21.6,31.0,36.6,37.0,12.1,15.0,7.1,12.9,14.3,6.1,39.0,43.0,31.0,30.3
1772854675.569876,22.1,22.0,22.2,20.0,30.3,42.0,24.5,27.3,5.1,8.0,16.2,16.3,18.2,29.0,5.1,9.1,15.0,10.1,25.7,13.0,29.0,26.7,25.0,25.5,13.1,18.2,43.9,32.3,35.6,30.0,51.5,44.0,13.1,15.2,5.1,11.2,23.0,36.4,23.0,33.7,12.0,13.1,38.6,41.4,8.2,10.1,9.0,23.2,18.0,10.1,30.7,24.5,24.0,29.0
1772854676.5699596,24.7,26.0,17.3,16.2,42.4,48.0,23.0,23.2,6.1,18.2,18.2,23.2,19.8,24.0,9.1,7.1,16.2,10.1,8.2,34.7,32.0,28.6,24.0,32.7,10.2,21.0,34.7,39.0,30.0,40.6,48.0,47.5,16.3,16.2,6.1,7.0,29.3,33.7,17.2,13.3,20.4,11.2,39.2,53.5,21.8,15.5,9.1,26.0,16.0,24.0,37.0,35.6,22.2,42.6
1772854677.5714314,23.7,27.7,21.0,17.0,43.1,37.0,32.3,32.0,7.1,15.0,30.0,27.3,23.0,14.0,10.9,8.0,8.0,8.0,9.0,25.7,29.0,24.2,43.0,41.4,9.1,9.2,29.0,37.6,23.8,41.2,38.0,38.0,13.0,17.0,9.0,9.1,35.3,33.7,17.2,23.8,24.0,20.8,42.7,40.2,17.0,18.8,11.0,22.2,12.2,27.0,29.6,43.1,31.0,40.6
1772854678.5728033,11.5,19.2,14.3,21.0,24.7,27.0,19.0,24.2,5.0,5.2,40.0,28.6,16.8,11.0,3.1,3.0,9.1,9.1,10.0,29.4,18.2,14.9,23.2,29.3,9.0,7.1,18.2,31.3,25.5,26.0,28.7,24.0,16.0,17.2,4.1,6.1,37.0,34.7,10.0,11.1,19.0,14.4,28.3,24.5,5.1,5.1,8.2,21.2,8.1,24.0,28.7,28.3,25.3,29.6
1772854679.5738814,21.9,12.0,21.2,23.0,25.0,27.0,20.0,22.8,4.1,5.9,49.5,20.6,17.2,24.2,4.0,5.1,7.1,7.1,25.0,11.9,20.0,19.0,22.2,9.9,5.0,6.1,12.9,17.2,41.6,17.0,23.0,24.0,11.0,21.0,2.0,2.0,22.0,15.0,17.0,19.0,12.0,18.8,17.2,19.8,4.0,2.1,7.9,22.8,7.1,22.0,26.5,21.8,23.8,29.0
1772854680.577245,26.5,19.2,23.8,18.8,30.3,41.0,32.3,25.5,5.1,7.1,39.0,14.3,15.8,28.7,5.2,4.1,11.1,10.0,16.2,23.2,26.0,16.2,31.0,24.2,10.1,10.2,27.0,24.2,32.4,33.7,37.0,34.0,27.0,27.0,4.0,7.1,21.8,26.3,16.0,24.0,16.0,19.0,22.8,24.0,6.1,6.0,7.1,25.0,14.1,21.0,31.3,31.7,38.0,42.9
1772854681.5780787,20.2,17.0,26.3,11.0,21.0,27.0,23.0,21.8,7.0,4.0,21.0,36.6,10.1,22.8,6.0,2.0,6.9,11.1,21.6,17.2,24.2,16.3,23.0,24.2,9.0,8.0,9.3,19.8,21.0,28.3,28.7,32.0,21.2,18.2,4.0,3.0,11.2,11.1,18.2,24.8,11.1,5.1,16.3,19.0,7.1,6.1,7.0,11.1,14.0,11.0,23.0,20.0,34.3,33.7
1772854682.5794635,15.2,18.2,11.0,22.2,12.1,13.1,22.0,21.4,4.1,22.8,24.2,23.8,18.0,17.0,5.0,3.0,6.1,5.1,21.0,14.0,18.0,9.0,9.1,23.0,6.1,6.1,17.6,24.5,14.1,20.8,19.0,18.0,11.9,17.8,11.1,9.0,7.1,6.0,10.0,13.9,7.1,2.0,10.8,8.1,4.0,4.0,2.0,13.1,5.0,4.0,9.0,9.1,23.5,21.2
1772854683.5795412,22.9,21.0,15.3,31.0,36.0,17.2,37.8,34.7,9.1,23.0,30.3,26.0,28.4,18.0,14.1,18.8,16.0,18.0,25.3,23.8,30.3,37.4,41.4,37.6,6.1,8.0,26.0,27.7,21.0,26.7,36.0,21.0,19.4,14.3,15.2,13.3,33.0,10.2,21.2,19.2,25.5,12.2,23.5,24.0,6.2,7.1,18.2,23.2,19.2,17.2,28.3,25.3,26.3,30.6
1772854684.5803106,16.7,18.0,22.8,27.0,16.0,13.0,17.0,23.2,7.0,22.0,15.2,13.3,16.2,27.0,13.1,13.0,28.6,24.8,18.8,17.0,14.0,23.0,16.0,21.6,7.0,7.0,5.1,21.2,22.8,10.1,15.2,21.0,17.0,13.0,16.2,13.1,14.0,6.9,12.9,17.2,4.1,11.9,15.8,13.0,6.1,5.1,16.3,13.0,12.0,17.2,22.8,12.1,18.0,11.9
1772854685.5803995,25.5,29.0,43.6,32.7,20.4,25.7,31.3,36.6,34.3,13.1,16.2,19.2,33.7,40.6,18.0,14.4,31.0,15.2,10.2,16.0,32.3,26.0,29.3,30.6,13.1,10.1,19.2,31.0,19.2,31.0,37.4,35.0,27.0,25.0,22.8,7.1,14.3,6.1,15.2,19.2,17.2,21.2,20.2,23.2,19.2,12.1,13.9,21.2,14.1,17.8,14.1,26.5,23.2,15.3
1772854686.5815818,30.0,14.0,39.0,35.6,26.7,33.3,24.8,30.0,37.6,15.0,11.9,15.8,39.0,33.3,8.2,6.1,28.7,15.0,12.1,12.9,24.2,21.2,30.7,21.0,7.0,11.9,27.0,34.0,30.0,21.0,32.7,51.5,22.0,27.7,22.0,9.8,18.0,8.0,23.0,31.4,28.3,23.0,16.2,19.6,15.3,14.1,7.1,5.0,7.1,21.0,18.8,23.0,19.0,24.5
1772854687.581669,28.4,20.2,28.6,29.6,21.4,16.5,23.0,19.2,15.2,13.1,1.0,8.1,25.5,14.1,3.0,5.0,31.0,12.1,12.9,6.1,20.0,24.2,24.8,21.2,26.7,11.3,24.5,27.6,20.0,26.0,24.2,50.5,16.0,17.3,21.2,2.0,15.0,7.1,19.0,28.3,6.0,11.2,12.1,12.4,6.9,5.1,6.1,2.0,6.1,4.1,23.5,8.2,8.1,16.5
1772854688.5851305,21.6,25.0,26.5,34.3,18.0,12.9,19.0,17.6,11.8,10.0,5.0,6.9,19.8,11.9,5.8,2.0,27.2,8.9,5.9,11.9,21.0,29.7,25.0,20.4,14.0,22.3,17.6,22.8,20.8,12.9,25.7,42.7,18.0,13.7,23.5,5.0,9.9,4.0,18.8,27.7,5.9,10.0,13.9,14.7,10.1,10.8,11.8,2.0,3.0,9.0,26.2,14.9,16.8,15.8
1772854689.5888572,20.8,20.0,32.7,27.3,32.3,20.0,27.0,18.4,16.5,11.1,17.0,8.2,17.2,21.6,3.1,9.2,28.0,10.0,5.1,10.1,20.2,19.2,26.0,27.3,18.4,16.0,25.5,22.2,11.2,25.0,43.4,45.5,16.0,17.3,24.2,6.1,13.3,12.0,24.0,24.0,13.0,10.1,24.2,33.0,17.8,17.3,13.1,3.1,9.0,13.0,21.0,27.3,21.6,29.3
1772854690.5896254,26.0,12.1,10.2,20.0,25.7,24.8,21.8,22.2,11.1,14.3,20.0,19.0,24.2,14.1,6.1,5.1,20.2,16.0,7.0,12.1,30.0,24.0,27.0,26.3,7.9,23.0,36.3,20.2,21.8,15.3,42.6,37.6,14.9,17.0,8.2,13.3,16.0,16.2,19.0,30.3,5.0,13.1,32.7,17.2,9.1,8.0,6.9,3.0,3.0,5.1,13.1,3.0,23.5,13.1
1772854691.590866,24.2,19.0,26.5,13.9,34.0,23.2,29.6,18.0,19.0,11.0,34.0,19.2,23.8,20.8,6.9,4.0,9.9,10.2,9.0,8.1,16.2,25.3,20.2,26.0,16.2,15.0,29.3,25.5,29.4,14.0,36.0,30.3,17.2,13.0,11.1,2.0,31.0,23.2,29.3,20.0,9.1,13.1,36.7,38.6,11.0,13.1,9.1,3.0,7.1,8.0,18.0,21.2,18.0,29.7
1772854692.5912538,19.6,19.0,22.2,12.0,30.7,29.7,27.3,23.2,18.0,5.0,23.8,23.8,25.5,17.0,3.1,3.0,8.1,9.9,13.0,6.1,17.2,13.1,22.0,26.5,16.0,16.2,25.0,31.0,17.0,22.0,19.4,20.0,14.0,13.1,13.1,12.2,25.7,18.2,25.0,23.0,22.0,11.0,32.0,31.3,4.0,5.1,11.1,3.0,2.0,3.1,14.0,20.0,16.3,18.0
1772854693.5918965,22.4,27.5,17.2,26.3,27.8,35.0,33.0,17.0,4.1,5.1,25.3,12.1,24.0,18.4,8.0,3.1,8.0,9.2,10.2,17.6,31.3,32.0,22.2,26.7,18.0,18.0,36.0,49.5,16.3,31.7,32.0,33.0,14.0,18.0,13.9,14.1,26.0,16.0,35.0,25.0,27.0,12.0,39.6,41.0,6.0,7.0,10.2,3.1,7.1,10.8,17.2,26.0,21.0,19.4
1772854694.5939672,14.3,17.3,5.1,17.0,23.0,24.8,17.0,15.2,6.0,3.1,14.0,17.8,11.0,17.0,3.0,2.0,8.1,10.0,8.0,10.1,16.8,25.7,22.8,18.0,6.0,6.9,24.0,30.7,19.8,13.9,25.7,24.0,14.0,13.7,3.0,20.0,25.0,7.0,25.7,23.0,22.0,20.0,32.7,34.7,3.0,3.0,7.8,6.0,7.0,4.1,8.0,15.0,26.7,22.0
1772854695.5957015,21.9,22.5,13.1,18.0,18.2,16.2,21.0,14.9,2.0,5.0,24.0,8.0,14.9,24.8,3.0,3.0,11.0,15.8,7.9,12.9,22.8,18.4,22.0,29.7,6.9,1.0,33.0,24.2,12.9,13.0,30.0,25.0,12.0,15.0,6.9,5.0,13.9,21.6,28.0,19.0,23.8,19.8,35.0,39.6,4.0,5.1,2.0,7.0,1.0,6.1,14.0,4.0,26.3,26.3
1772854696.5971584,17.2,21.0,29.0,28.0,25.3,29.4,22.0,33.3,4.0,5.1,27.3,9.2,21.0,15.0,8.0,13.1,30.3,26.3,25.3,24.2,26.0,14.1,33.0,32.0,9.2,6.0,34.0,23.0,20.2,15.8,32.0,52.0,2.0,7.1,16.2,11.1,31.3,31.3,29.4,33.0,20.2,32.0,31.0,28.0,6.1,9.0,13.1,7.0,7.1,7.9,18.0,13.1,19.2,21.0
1772854697.5972445,21.2,16.3,28.3,28.3,21.2,31.0,14.1,22.0,1.0,4.0,11.0,12.0,21.8,15.0,14.1,9.3,23.5,26.3,22.8,21.0,14.1,11.9,20.0,19.2,6.1,7.0,28.3,24.2,17.0,20.2,26.0,35.0,4.0,4.0,13.1,12.0,10.0,15.0,25.3,15.2,15.3,13.0,32.0,30.7,5.1,4.0,7.1,25.5,4.0,6.1,13.0,5.0,17.8,14.0
1772854698.5973306,29.0,20.8,33.0,30.0,36.6,29.0,19.6,27.0,12.0,9.1,11.9,16.0,22.2,27.7,16.0,10.1,29.7,17.2,27.7,16.0,21.4,26.7,25.0,24.8,17.2,8.1,35.0,37.4,17.3,24.2,43.4,39.0,10.0,12.9,6.1,8.2,17.2,21.2,18.2,19.0,16.2,26.3,46.5,34.0,8.1,9.2,5.1,23.0,24.5,7.1,16.0,4.1,27.0,17.2
1772854699.6029024,24.0,14.0,30.3,28.7,33.3,23.0,32.4,24.0,16.2,12.0,17.3,19.0,29.7,31.4,4.0,7.9,17.0,9.0,22.0,28.7,24.8,21.0,24.2,25.3,19.6,15.5,28.3,44.0,22.5,19.8,28.4,25.0,16.0,14.1,8.0,2.0,20.0,22.8,16.7,20.0,29.3,28.0,38.4,33.0,11.2,21.0,12.9,21.0,24.8,7.0,13.1,9.1,21.0,19.0
1772854700.60298,20.4,12.1,12.1,26.0,18.8,12.1,20.0,24.0,8.2,12.2,15.7,13.0,21.2,34.0,1.0,3.0,10.0,9.0,8.9,28.0,23.0,24.5,18.2,22.0,16.2,16.0,26.7,22.8,16.0,22.2,15.3,17.0,15.0,8.2,2.0,3.0,13.3,19.4,24.2,9.1,23.0,18.2,32.0,29.0,10.0,11.1,6.0,21.0,23.8,8.0,8.0,5.0,11.1,9.0
1772854701.6030676,16.3,26.3,13.0,27.0,20.4,14.1,23.2,26.3,6.1,3.1,19.2,15.2,28.4,24.0,7.1,4.1,13.0,11.1,12.1,19.2,21.4,26.0,26.0,20.0,22.0,9.1,24.2,20.2,33.0,11.1,23.8,23.5,10.2,4.0,3.1,5.0,24.0,12.1,15.2,17.2,13.3,22.0,36.6,35.4,5.1,6.1,14.1,18.2,11.1,17.0,12.0,3.1,15.3,18.2
1772854702.6067805,22.9,25.0,16.2,13.1,18.0,29.7,26.3,18.8,8.8,6.0,4.0,9.1,29.0,23.8,6.9,7.0,11.2,14.9,19.0,10.9,29.4,30.0,29.7,32.0,10.9,11.2,22.0,24.0,21.8,19.2,37.0,28.4,7.0,5.0,7.1,2.0,14.9,13.0,15.0,18.8,17.0,12.0,42.6,42.6,6.0,4.0,15.2,9.9,26.5,16.0,20.2,13.0,23.0,27.5
1772854703.606862,27.1,11.2,19.2,21.2,25.0,22.8,34.0,35.0,23.0,5.1,12.1,17.0,29.4,17.0,10.1,4.0,11.2,12.4,24.8,21.0,25.5,26.3,27.3,31.0,8.2,7.9,28.0,28.3,22.8,25.0,22.8,24.2,10.2,2.0,7.0,4.1,7.1,14.1,20.0,17.0,4.0,16.0,33.3,27.0,21.8,19.2,5.0,11.0,17.2,13.3,13.9,7.1,23.0,19.4
1772854704.6118543,14.3,15.8,11.9,19.8,11.0,15.2,17.0,9.1,6.0,20.6,17.8,11.0,20.8,16.7,1.0,2.0,7.8,8.9,21.8,18.6,23.0,19.2,12.9,12.0,8.8,6.0,19.8,12.9,11.2,18.4,10.1,9.9,5.9,2.0,1.0,3.0,2.0,6.9,19.0,10.0,10.0,15.0,8.1,15.8,6.9,8.0,1.0,4.0,3.0,2.0,4.0,5.1,6.0,10.0
1772854705.6135335,15.6,23.5,20.0,3.0,16.0,13.0,20.6,16.0,4.0,22.0,24.8,7.1,23.8,14.1,2.0,5.1,8.0,8.0,22.2,12.0,18.8,25.0,10.2,14.1,5.1,6.9,20.2,12.9,11.9,13.7,13.0,15.0,5.1,0.0,2.0,4.0,13.0,14.0,14.9,10.1,1.0,11.0,14.7,16.2,11.0,13.0,3.0,6.0,2.0,4.0,5.0,2.9,11.0,9.9
1772854706.6150584,21.4,32.7,21.4,13.1,16.3,25.3,28.3,35.0,21.4,9.0,13.0,23.0,25.0,20.6,5.1,8.2,13.9,12.1,8.9,13.9,38.4,36.0,30.7,35.6,6.1,8.2,26.0,24.2,31.0,14.3,27.0,38.0,5.1,7.1,11.1,11.1,7.2,18.0,18.2,28.0,5.1,21.8,23.0,23.8,12.2,7.0,3.1,12.0,11.1,6.1,27.3,20.2,21.0,24.2
1772854707.6155424,21.9,27.6,25.0,17.2,25.3,20.0,31.3,21.0,24.8,4.1,10.2,24.8,25.7,11.1,6.1,9.1,6.1,10.0,14.1,9.2,28.0,28.3,36.4,34.0,9.0,10.0,20.2,31.0,21.0,25.7,31.0,34.7,10.8,3.0,27.3,10.1,15.0,16.2,20.0,13.1,19.4,8.2,24.5,30.7,4.0,4.0,7.0,10.1,13.1,7.0,18.0,37.0,27.3,34.0
1772854708.6163406,12.6,34.0,22.0,19.0,21.6,25.0,36.7,34.0,13.1,11.0,24.0,28.0,28.0,20.8,13.1,7.1,9.2,13.1,9.1,10.0,25.7,24.8,36.6,44.0,7.0,9.1,24.2,21.2,20.2,21.0,43.6,40.6,5.2,9.1,11.1,26.0,19.8,12.2,21.0,31.0,18.8,23.8,21.0,32.0,8.0,9.1,17.0,23.0,12.0,7.2,25.0,37.0,36.4,36.4
1772854709.6175904,18.2,21.0,24.0,20.8,21.4,23.2,23.2,24.2,5.1,14.0,7.1,20.0,18.8,21.0,8.1,6.9,20.0,18.8,12.1,14.0,23.2,22.2,33.3,24.0,4.0,9.0,38.0,23.8,11.1,21.2,42.6,41.6,7.1,3.0,27.0,20.4,11.3,10.0,18.2,25.0,4.0,17.3,25.0,19.2,3.0,5.1,13.1,20.2,15.8,12.0,23.0,41.0,32.0,24.0
1772854710.6199872,34.3,20.0,36.7,39.0,39.0,32.0,33.0,28.0,27.3,23.2,22.8,16.3,37.3,27.3,17.2,19.4,17.3,38.4,17.8,18.0,28.3,29.0,32.7,42.0,24.7,11.1,45.5,44.0,33.3,32.3,53.5,63.0,16.0,16.5,36.4,19.2,33.3,25.3,38.0,29.3,29.6,31.6,22.8,33.0,15.2,17.8,18.4,18.4,19.2,20.4,20.0,34.0,25.0,35.4
1772854711.6200688,24.0,24.0,26.3,37.4,37.4,35.0,27.3,27.6,26.3,23.5,21.2,15.2,28.3,36.3,17.2,19.2,17.3,34.3,18.0,16.2,28.3,31.3,31.0,33.7,25.0,14.0,50.5,28.6,24.5,26.5,49.0,37.4,13.3,18.0,18.4,14.1,22.4,32.0,29.0,38.6,18.4,37.0,33.7,36.0,14.3,18.7,16.0,8.2,14.0,20.2,24.0,27.0,18.2,28.4
1772854712.6201582,30.0,19.0,24.0,26.0,39.0,41.6,25.0,34.3,24.0,10.1,7.1,22.0,26.0,26.0,4.2,8.1,13.0,29.0,10.1,27.2,25.0,22.0,24.5,23.0,20.0,14.0,31.6,40.0,28.2,34.0,47.0,26.0,19.0,22.2,6.0,5.1,17.2,24.0,21.0,34.0,13.3,27.3,36.6,35.0,8.0,8.2,6.1,3.0,27.3,7.0,25.3,31.3,23.2,27.3
1772854713.6202457,24.7,13.1,30.0,23.0,40.6,43.4,25.3,21.4,5.0,5.1,20.0,17.0,19.8,34.7,8.0,2.0,19.0,16.2,12.1,26.0,29.0,18.8,29.0,19.6,8.9,23.0,29.0,39.0,24.2,35.3,38.4,55.6,15.0,14.1,6.1,17.2,21.0,19.0,24.2,31.3,18.8,32.7,34.3,32.3,31.0,25.0,12.1,1.0,6.0,5.1,25.0,28.7,29.3,27.3
1772854714.626081,22.4,27.7,27.3,34.0,47.1,41.2,36.3,37.0,6.1,8.1,33.0,22.2,18.0,29.7,5.0,9.1,28.7,17.0,16.8,25.7,39.6,36.4,33.7,40.8,21.0,15.0,25.7,43.7,42.2,30.3,47.1,56.9,18.2,16.0,19.0,13.1,39.2,30.7,38.2,32.7,22.0,25.0,46.2,44.6,6.1,9.1,8.9,8.2,6.1,11.2,52.4,41.6,35.6,31.0
1772854715.6325712,27.3,20.2,29.3,41.2,43.4,48.0,37.8,21.0,9.1,2.1,28.3,24.0,30.0,17.8,5.1,10.1,18.0,14.9,18.2,30.7,24.0,32.0,30.0,34.3,22.0,21.0,25.0,42.6,31.0,36.3,48.5,33.0,14.3,18.0,13.1,14.9,43.4,35.3,28.3,22.8,16.8,24.8,45.9,36.6,5.1,10.0,4.1,10.1,5.0,13.7,41.0,43.6,31.3,38.6
1772854716.6328592,18.4,12.1,23.8,34.0,34.3,35.4,24.8,14.9,3.0,5.0,21.2,15.8,15.8,21.2,2.0,3.0,10.1,21.2,25.7,11.0,17.2,22.8,19.0,18.2,13.1,12.0,13.1,28.3,30.7,21.2,34.0,29.3,16.0,18.0,19.2,2.0,16.8,20.2,29.0,19.2,7.1,18.2,28.7,30.0,2.0,5.1,3.0,11.0,6.1,5.1,30.1,36.6,26.7,26.5
1772854717.6338506,32.0,22.8,28.3,24.0,39.6,42.2,21.0,17.2,4.1,5.0,19.0,12.0,32.7,20.0,7.0,4.0,17.0,24.5,27.0,17.0,28.7,33.0,24.0,27.7,13.0,6.1,23.8,27.0,28.3,28.7,40.0,28.3,16.2,15.2,5.1,6.0,21.2,26.3,34.0,18.0,19.8,10.0,33.7,34.7,5.0,5.1,11.1,2.0,4.1,11.1,31.0,35.6,26.0,23.8
1772854718.6341422,19.8,14.9,39.4,33.3,28.3,37.4,25.3,24.2,5.1,4.1,9.1,6.2,22.0,20.0,5.1,2.1,23.0,20.0,12.9,18.6,33.3,23.5,22.0,29.0,20.8,17.0,28.0,38.0,25.7,34.0,30.0,29.7,13.0,17.2,4.0,5.1,33.3,32.3,19.2,22.2,10.3,27.3,29.6,37.8,8.1,6.0,12.0,5.1,5.1,5.1,27.3,31.7,25.0,28.0
1772854719.634352,24.2,30.0,32.3,30.3,47.0,43.4,25.5,28.6,10.4,7.1,13.3,8.1,28.7,39.6,10.2,7.1,32.7,16.2,19.2,15.0,34.3,33.3,22.7,36.7,17.2,16.0,37.4,31.3,31.0,34.7,50.0,53.5,19.0,13.1,6.1,5.1,33.7,35.0,13.1,21.0,30.4,30.3,21.2,37.0,7.1,7.2,4.2,12.4,7.1,13.1,39.2,40.6,36.4,40.0
1772854720.6351972,19.8,29.3,33.3,33.7,39.8,41.6,18.0,28.3,5.1,6.1,19.0,16.2,24.8,17.0,11.1,5.1,12.2,19.2,22.8,23.0,33.0,27.7,29.0,32.7,23.0,8.2,32.3,35.6,24.8,37.6,56.4,43.4,14.0,17.0,5.1,8.0,40.2,32.7,23.0,22.8,21.4,24.0,35.3,33.7,5.1,7.0,12.0,11.1,4.1,12.1,31.6,34.0,37.6,43.0
1772854721.639728,23.8,10.1,29.6,25.3,38.0,32.0,21.8,27.7,3.0,2.1,14.3,15.2,20.8,12.0,2.0,2.0,12.0,7.9,24.0,25.3,19.2,10.0,30.7,20.2,12.0,8.0,12.1,22.8,20.0,32.7,50.0,45.5,15.2,14.0,4.0,2.0,28.7,19.0,21.8,16.0,29.7,14.9,20.0,20.8,5.1,3.0,3.0,24.0,4.0,5.0,26.7,23.8,30.6,27.3
1772854722.6400285,27.1,20.2,21.0,10.0,40.0,43.0,27.0,22.4,15.2,22.0,33.7,23.2,27.3,30.0,19.0,9.3,16.2,23.5,15.8,28.4,32.0,26.5,37.6,30.3,7.1,7.1,32.0,40.4,42.6,27.3,58.0,53.5,21.0,27.0,13.3,17.2,26.3,20.4,23.5,15.2,27.8,12.1,34.3,36.4,12.1,17.2,8.2,25.7,13.1,11.1,31.0,28.0,37.4,32.3
1772854723.6422536,20.8,24.5,14.0,24.0,36.7,25.7,23.0,25.7,33.0,16.2,24.0,28.7,31.4,30.7,14.4,14.0,20.2,19.8,12.1,16.8,24.2,29.7,25.0,31.4,5.1,9.0,33.7,26.3,31.7,31.0,38.6,47.5,32.3,36.0,11.2,16.2,22.2,15.2,20.2,16.0,22.0,15.3,38.6,45.5,31.3,33.3,8.0,22.2,29.7,7.3,29.7,33.3,24.0,33.0
1772854724.6431267,32.4,14.1,16.3,37.9,36.0,21.2,26.5,34.0,13.1,29.3,33.3,20.0,34.0,31.0,9.2,9.2,12.1,13.3,13.7,7.1,24.0,26.5,21.2,24.2,9.0,7.1,30.3,30.0,33.0,39.0,40.6,30.7,31.3,34.3,7.0,4.1,19.2,18.0,18.2,24.2,15.3,12.4,30.0,27.3,20.2,21.6,10.2,23.2,19.8,16.8,25.7,28.0,22.2,34.3
1772854725.6439414,16.5,25.3,15.2,26.3,29.7,26.3,20.0,28.3,19.0,10.2,24.0,20.2,24.8,25.7,9.9,9.2,8.2,9.2,12.1,7.1,29.7,24.8,30.3,27.0,7.1,9.2,16.0,29.3,36.3,36.4,43.4,35.4,22.8,27.3,9.0,8.2,27.0,29.7,20.0,25.0,11.1,22.2,31.3,38.4,11.1,12.9,15.2,20.4,6.1,28.0,29.6,38.6,36.6,32.0
1772854726.644218,19.6,24.2,19.2,16.2,24.5,22.2,20.0,26.0,24.0,7.1,20.2,30.0,18.6,25.0,8.2,5.0,12.1,10.2,7.1,5.1,21.2,19.2,26.0,26.0,5.1,7.0,17.3,22.0,14.3,17.0,35.4,34.3,26.5,25.0,22.2,9.1,28.3,30.6,25.0,22.2,5.1,16.2,32.0,23.0,6.1,4.0,8.1,21.0,6.0,26.0,32.0,52.0,27.6,33.3
1772854727.647627,22.4,31.0,33.0,13.0,23.2,22.8,37.8,27.0,24.8,6.9,28.4,33.0,12.9,26.7,10.0,5.1,13.1,18.8,12.0,12.0,27.0,36.4,32.0,37.4,8.1,9.1,24.5,26.5,26.0,22.2,39.6,37.6,25.0,23.2,23.0,9.1,24.8,32.0,32.0,25.0,13.1,25.3,23.2,28.0,4.0,6.1,16.8,15.3,23.5,16.8,41.0,35.3,28.7,38.6
1772854728.6485271,24.2,19.0,26.0,12.2,27.6,19.4,29.7,17.3,21.0,10.1,24.2,28.3,20.0,17.8,5.1,10.1,29.0,16.3,8.1,13.0,32.3,25.3,32.0,29.3,12.0,12.2,21.2,35.6,25.7,22.8,32.7,42.6,15.0,17.2,21.2,10.1,28.4,19.8,25.0,27.7,16.8,27.7,23.2,31.0,7.1,6.1,22.2,17.6,26.5,10.1,30.3,31.0,33.7,12.2
1772854729.6535716,12.8,18.0,36.6,31.7,19.0,14.0,28.3,16.8,7.1,9.2,13.0,36.6,19.6,11.1,4.1,4.0,25.5,7.9,16.7,7.0,22.0,25.0,19.8,16.8,20.0,13.0,18.2,31.0,6.1,23.8,17.2,18.0,13.0,15.0,22.0,5.9,22.2,15.2,22.0,18.2,13.3,28.0,19.0,12.0,5.0,5.9,16.2,20.4,10.1,12.0,24.8,22.0,11.0,18.0
1772854730.6536527,13.5,15.0,25.3,30.7,19.6,11.9,22.0,19.4,2.0,7.1,16.0,30.7,22.0,11.0,4.0,1.0,29.0,9.0,18.2,18.0,13.0,17.0,24.2,16.2,10.1,23.0,13.1,39.0,22.8,14.0,18.2,12.1,17.6,14.7,23.2,4.1,13.0,22.8,23.2,26.0,8.0,21.2,12.1,13.1,4.0,5.1,9.1,15.8,3.0,5.0,31.4,10.0,11.3,27.3
1772854731.6603532,21.2,27.2,31.7,27.5,26.7,30.7,34.0,23.8,18.8,11.9,22.0,23.2,29.7,19.6,2.0,9.9,28.4,9.9,18.8,18.6,35.4,37.6,31.7,30.3,9.0,24.5,46.1,32.4,20.8,32.7,32.7,41.6,17.2,13.0,25.7,8.0,26.0,28.4,34.0,37.6,24.5,17.8,21.6,20.8,3.0,8.9,14.7,20.8,13.7,9.9,24.8,13.0,40.6,33.7
1772854732.6631982,24.0,9.2,14.1,27.0,19.4,27.0,20.0,11.0,9.1,14.1,11.0,14.0,21.6,14.9,4.0,2.0,25.0,7.0,25.7,7.9,8.8,16.0,14.0,14.9,13.9,17.8,43.0,12.1,13.0,11.1,19.0,21.0,12.7,15.8,9.1,10.0,23.0,12.1,25.0,27.0,21.2,4.0,17.0,14.1,1.0,5.1,4.0,3.0,1.0,2.0,3.0,6.0,12.0,10.1
1772854733.6669054,28.9,12.1,35.7,37.6,33.0,26.3,25.3,26.0,14.0,18.2,25.0,27.0,30.7,27.0,6.1,12.0,27.7,17.2,16.2,28.7,27.3,34.3,35.4,28.3,27.0,10.1,43.1,26.0,22.2,21.0,43.0,33.3,16.2,19.0,11.1,9.1,23.8,15.0,21.2,29.0,26.0,16.2,31.7,21.8,8.1,6.1,11.1,3.0,12.0,5.0,12.1,6.1,12.0,26.7
1772854734.6669915,23.7,26.7,34.3,27.3,36.4,25.0,20.2,28.7,9.1,32.0,30.3,41.2,25.0,27.7,17.0,20.4,26.5,20.0,30.7,29.3,20.4,23.2,27.0,22.2,7.1,25.0,33.7,33.0,23.8,14.9,33.3,43.0,22.4,27.0,28.9,16.3,10.1,27.3,17.2,27.0,25.5,19.2,22.4,30.7,28.3,33.0,6.1,3.0,16.3,16.2,15.3,16.2,17.0,25.3
1772854735.6719646,25.3,20.0,17.0,18.8,33.3,19.8,14.7,19.0,13.0,12.9,25.0,43.1,25.7,26.7,12.1,14.9,13.9,15.3,12.1,10.0,14.9,15.0,9.0,19.6,13.9,19.8,29.7,26.7,15.2,21.0,29.7,29.4,23.8,20.8,20.0,21.0,13.0,19.8,21.0,21.0,11.1,15.0,23.0,17.2,18.0,18.8,2.0,7.1,12.0,13.9,4.0,7.0,8.1,11.0
1772854736.6736152,24.5,20.2,22.0,35.0,37.0,21.0,31.0,30.0,6.1,8.1,20.2,50.5,10.2,27.7,4.0,7.1,16.0,10.9,12.0,12.9,32.3,17.0,25.0,27.3,8.0,11.2,24.8,30.7,12.0,20.0,46.5,38.0,13.1,18.4,7.0,23.0,13.1,11.2,22.0,34.0,9.1,11.1,26.7,33.3,4.1,8.2,2.0,8.0,20.6,8.0,4.0,19.0,20.8,19.0
1772854737.6737168,22.9,11.0,26.5,29.7,12.1,18.2,18.6,27.0,4.0,12.2,9.1,25.2,15.3,21.0,8.1,6.1,19.8,14.3,15.0,23.0,18.0,21.6,22.0,25.0,15.0,18.8,29.0,23.0,7.0,27.0,36.4,34.3,14.1,19.0,7.1,4.0,16.0,24.8,27.0,20.8,5.0,12.0,34.3,36.0,9.0,10.1,3.0,7.2,10.1,12.2,24.0,15.8,22.0,12.2
1772854738.675511,9.4,21.0,24.8,29.3,15.0,14.0,15.8,20.0,5.0,4.0,8.9,22.0,21.8,10.0,5.1,1.0,12.2,17.0,19.0,16.0,20.2,7.1,11.2,19.6,15.0,13.0,20.0,24.2,15.0,21.0,14.7,27.0,8.9,5.0,3.0,3.0,17.0,13.1,10.0,14.1,3.0,7.0,27.0,28.0,7.9,7.0,2.0,7.0,1.0,2.0,16.8,13.1,14.9,7.1
1772854739.675897,18.8,25.0,40.0,37.0,33.3,25.0,26.3,29.0,2.0,5.1,10.2,21.8,20.8,28.0,3.0,2.0,28.7,14.0,20.0,25.0,28.7,28.0,20.8,22.2,21.0,20.2,31.0,34.0,21.0,22.2,20.4,23.2,8.2,4.0,3.1,1.0,25.0,27.7,11.1,25.0,1.0,9.1,33.3,29.7,6.1,2.0,2.0,10.0,3.0,10.1,10.0,19.4,15.2,16.7
1772854740.6770458,15.5,16.0,24.0,18.0,30.3,21.0,12.9,23.8,3.0,4.0,11.0,10.0,12.0,22.8,3.0,3.0,8.0,7.9,5.0,13.0,19.0,8.1,19.2,15.8,4.0,19.8,15.8,20.0,16.2,19.8,30.0,23.2,4.0,3.0,3.0,4.0,10.0,13.0,16.8,8.1,8.0,10.1,29.0,14.1,5.0,2.0,2.0,5.9,4.0,5.1,7.1,17.0,12.0,14.1
1772854741.6801114,22.2,25.7,26.3,25.0,35.3,26.0,28.0,26.3,5.1,6.0,13.0,20.2,29.7,11.0,12.0,3.0,11.1,9.0,9.9,13.0,26.0,31.7,30.0,25.0,6.1,10.0,23.2,21.2,18.0,19.0,48.5,41.6,7.1,7.9,6.0,5.1,13.9,7.0,15.0,20.8,20.2,21.0,39.0,44.6,7.9,4.0,10.1,6.0,4.0,11.9,14.0,21.6,23.2,23.2
1772854742.6815743,11.6,7.0,15.0,12.0,16.3,20.6,17.0,12.1,2.0,2.0,12.0,14.1,23.0,10.1,4.0,1.0,6.0,7.1,8.1,4.0,7.1,9.0,13.0,13.0,5.1,4.0,14.0,11.9,16.0,16.2,34.0,24.2,2.0,4.0,1.0,1.0,7.1,0.0,13.9,7.0,17.2,11.0,28.0,27.0,1.0,2.0,4.0,0.0,4.0,2.0,6.1,3.0,9.9,16.0
1772854743.6816623,15.3,18.2,16.0,17.0,28.4,20.0,18.2,27.7,5.0,4.0,17.8,15.7,26.7,19.8,2.0,2.0,8.1,11.9,10.0,8.9,18.8,25.3,31.0,15.2,7.9,6.0,17.0,17.2,20.2,16.0,32.3,20.0,2.0,7.1,4.0,3.0,10.2,7.9,20.8,12.0,10.9,20.8,34.0,31.3,5.1,2.0,8.9,1.0,6.9,3.0,7.0,6.1,15.0,23.0
1772854744.6822648,24.7,16.8,13.1,25.5,26.0,24.2,26.0,27.0,2.0,7.9,18.2,18.2,23.8,19.8,4.0,7.1,10.9,14.0,7.1,13.0,22.2,18.0,21.8,23.8,4.0,4.0,20.2,15.2,22.2,22.0,29.0,26.0,3.1,7.1,3.0,3.1,16.2,7.0,15.0,18.2,17.2,21.8,19.2,29.4,8.0,5.0,7.2,10.9,6.1,7.1,11.2,10.0,16.0,31.0
1772854745.6823575,20.4,16.0,17.2,13.1,10.1,26.0,24.0,24.2,7.1,4.1,13.0,4.0,16.0,28.3,3.0,3.0,10.2,13.1,16.8,8.0,18.2,27.3,18.2,24.0,5.1,8.0,25.3,16.0,22.2,22.8,15.2,18.0,3.0,11.9,2.0,4.0,12.0,8.1,19.4,12.9,9.0,4.0,24.2,18.4,3.1,6.1,4.0,6.1,4.0,5.0,6.9,11.0,10.2,15.2
1772854746.6824505,21.6,16.2,22.2,17.0,18.4,23.8,26.5,29.3,6.1,4.0,8.1,3.0,10.1,21.8,6.1,9.9,7.0,7.1,13.1,13.7,26.5,26.3,34.3,29.7,6.1,7.1,25.8,15.2,27.7,20.2,29.7,25.3,11.0,3.0,7.1,5.0,12.1,13.1,21.0,13.1,18.0,6.1,32.7,33.3,8.9,6.1,3.0,10.0,13.0,4.0,18.0,8.1,24.8,22.8
1772854747.6835172,15.6,19.2,25.5,15.8,16.2,14.0,30.7,21.0,6.9,5.0,9.1,2.0,18.6,23.8,3.0,2.0,6.9,11.0,11.9,8.2,22.4,11.1,24.0,18.4,6.1,5.1,21.0,12.0,16.0,22.8,23.0,18.0,8.2,3.0,5.0,4.0,8.1,7.0,20.0,8.1,15.2,8.1,18.4,23.5,2.0,6.9,10.9,2.0,6.1,3.1,8.1,6.1,16.0,14.1
1772854748.68361,21.6,21.8,22.2,24.0,20.2,19.2,25.8,25.0,5.1,6.1,9.0,2.0,21.0,28.7,6.0,2.0,12.0,9.9,10.1,10.9,25.0,25.5,22.5,26.0,7.1,8.1,29.0,19.6,18.4,28.0,36.6,18.0,5.9,4.1,4.0,6.1,10.1,9.1,13.1,24.8,14.0,9.0,21.6,23.0,5.0,4.1,5.1,8.9,5.9,5.0,11.1,5.1,17.2,22.0
1772854749.683695,28.7,17.0,14.1,26.7,21.4,21.0,24.8,22.0,18.2,14.1,11.1,4.0,25.0,21.8,8.1,8.1,9.2,12.4,7.9,10.2,27.5,23.5,20.2,25.7,7.0,9.0,14.1,18.2,25.0,9.9,19.2,25.0,9.1,2.0,3.1,7.0,18.0,17.0,27.7,20.2,23.0,3.1,17.2,18.8,11.2,10.0,12.0,22.2,6.1,8.2,10.0,13.1,25.3,31.0
1772854750.6893158,21.8,16.8,22.8,18.0,18.8,21.0,20.0,32.4,8.8,23.5,9.9,4.0,24.8,18.6,15.0,6.0,18.0,12.6,13.0,7.8,20.8,25.7,24.8,31.7,8.0,7.9,32.7,20.8,29.4,14.0,16.8,17.8,10.9,10.1,9.8,11.9,11.9,2.0,11.9,23.8,7.8,11.9,16.8,15.2,8.9,6.0,7.0,21.0,4.0,4.0,3.0,12.1,19.4,24.2
1772854751.6935885,15.6,27.0,17.0,12.1,16.2,15.2,25.3,18.0,4.1,24.2,7.0,3.1,33.3,20.0,12.0,12.0,19.4,18.4,13.0,10.1,20.4,33.0,19.2,19.0,3.0,2.0,20.2,27.3,19.2,26.3,15.0,17.2,14.1,12.0,12.1,13.0,7.1,5.9,16.8,20.0,5.1,5.1,12.2,7.1,5.0,3.0,4.0,25.3,6.1,4.0,6.0,5.9,9.7,15.0
1772854752.694569,23.5,30.0,25.3,18.0,14.3,26.0,35.4,28.3,36.0,12.9,18.2,19.0,28.0,31.7,10.2,13.0,22.0,24.2,27.7,23.2,24.8,22.2,26.0,34.0,7.1,14.0,32.0,43.6,25.7,13.9,38.0,27.7,15.2,10.0,24.2,7.1,13.9,19.0,26.3,22.2,20.2,25.7,22.8,28.4,21.2,24.2,13.0,21.8,12.0,19.2,19.0,16.5,22.2,32.7
1772854753.6946518,13.3,27.3,25.3,23.0,13.9,19.8,20.8,24.2,32.0,12.4,12.9,15.8,32.0,30.7,5.0,5.0,26.0,29.0,5.0,31.7,15.0,19.8,23.8,21.0,12.0,11.0,52.5,31.3,19.0,6.1,21.6,26.0,6.9,2.0,20.8,5.1,17.2,29.7,21.8,33.7,12.2,19.2,8.2,15.2,20.2,25.0,14.9,15.2,4.1,22.5,22.5,13.0,18.0,20.4
1772854754.6981559,25.5,21.8,36.0,29.7,26.3,19.4,32.0,24.0,19.2,11.9,6.0,24.8,33.3,27.0,4.0,12.0,29.4,11.0,7.0,29.0,28.3,31.3,21.0,25.3,22.8,11.1,37.6,30.0,25.3,19.0,24.5,28.3,11.2,2.0,23.0,6.0,29.0,14.1,29.0,26.7,5.1,17.0,20.8,26.7,6.1,13.1,12.2,7.1,13.1,22.2,20.2,23.0,20.2,22.0
1772854755.699094,29.2,26.0,42.9,32.3,32.0,36.4,36.4,25.3,11.0,7.1,26.3,25.5,26.0,20.8,13.3,21.2,34.0,27.0,16.0,34.0,31.3,27.6,36.6,32.3,15.3,25.5,30.0,42.6,26.0,14.3,39.4,35.6,6.1,7.1,23.2,9.1,31.0,23.5,38.0,19.4,22.8,26.3,30.3,29.0,20.2,8.0,18.0,18.2,25.7,5.2,23.2,32.0,22.8,26.0
1772854756.7130423,17.2,22.8,34.3,31.0,31.1,31.7,19.0,29.4,5.0,6.9,41.7,16.7,16.8,21.6,17.0,16.2,36.0,23.8,15.8,20.8,29.4,25.5,27.7,27.7,27.2,7.9,19.8,38.6,19.8,19.6,32.4,45.5,3.0,7.9,21.6,7.0,15.8,21.6,35.6,10.0,24.8,16.3,29.7,26.7,7.0,14.0,18.0,11.0,13.0,22.3,25.2,17.0,19.6,18.0
1772854757.7151136,22.0,21.2,31.0,35.6,28.6,34.3,28.0,28.3,5.1,8.1,19.2,23.0,16.0,27.0,10.2,11.0,21.0,20.0,26.0,14.1,16.2,21.0,32.0,25.0,26.0,11.1,24.2,41.0,26.0,32.3,37.0,49.5,6.9,13.0,14.4,11.0,14.3,23.0,32.3,27.7,24.0,14.0,30.0,34.7,3.0,10.0,15.2,17.0,11.0,19.4,19.2,18.0,17.3,21.0
1772854758.7179623,18.7,25.5,43.0,38.6,33.0,25.7,29.0,20.8,5.1,3.0,24.5,12.2,20.0,24.0,9.9,2.0,14.0,15.0,16.8,10.9,21.8,26.0,27.0,18.0,18.0,14.1,33.0,27.0,10.0,28.7,42.6,47.5,5.1,6.0,5.0,6.1,19.8,15.2,26.7,25.0,32.0,24.8,37.6,40.6,4.0,5.1,5.0,21.8,5.1,9.0,17.2,23.2,21.8,28.4
1772854759.7200916,26.3,11.0,28.3,32.0,28.0,21.4,27.0,9.0,4.1,4.0,21.8,8.0,14.1,20.0,2.0,6.0,11.1,7.9,17.0,8.9,13.1,16.8,15.3,12.2,8.0,5.0,18.8,25.0,12.0,23.0,26.3,39.0,7.1,6.0,5.1,3.0,8.0,6.0,29.7,16.0,21.8,8.2,30.3,32.0,1.0,7.9,1.0,6.1,3.0,7.1,8.9,5.1,9.0,17.2
1772854760.720179,15.5,13.1,21.8,18.0,28.0,20.0,10.0,14.1,3.0,1.0,19.0,9.1,17.0,18.0,2.0,2.0,10.8,10.0,12.7,24.2,17.2,21.2,14.9,19.8,3.0,6.1,13.1,13.1,6.1,14.9,23.0,36.0,1.0,5.1,3.0,3.0,9.1,4.0,19.2,25.3,3.0,20.8,25.7,29.3,2.0,3.0,1.0,5.9,2.0,2.0,3.0,17.8,17.0,12.1
1772854761.72273,22.4,34.7,25.0,22.2,39.6,27.7,28.7,31.0,8.0,16.0,14.0,11.0,23.5,30.7,7.1,9.2,8.1,8.1,17.0,20.8,28.0,29.0,32.0,30.7,12.1,20.0,21.0,32.7,21.0,33.0,27.0,48.5,8.9,9.1,2.0,5.1,22.0,21.4,24.2,26.0,22.8,23.5,42.6,33.0,5.0,8.1,4.0,8.1,6.0,10.0,25.0,34.3,31.6,27.8
1772854762.7228034,30.9,17.2,28.3,34.0,42.0,40.4,26.5,27.0,18.2,21.2,8.2,10.2,31.7,33.7,20.0,14.7,18.2,16.3,17.2,21.2,26.3,26.3,40.0,35.7,13.1,15.0,55.6,45.5,30.7,33.0,40.0,44.4,14.4,15.8,20.0,21.8,13.9,17.5,27.0,39.6,26.3,27.6,44.6,49.0,20.0,17.2,16.2,13.3,12.2,8.2,37.0,35.3,30.0,30.0
1772854763.7231576,36.0,15.3,29.6,27.0,37.8,39.0,19.2,25.5,20.6,24.5,7.1,22.5,34.7,31.3,13.3,15.3,18.0,20.4,24.2,17.2,23.0,14.0,27.0,27.0,16.0,17.2,41.6,47.5,35.0,24.8,46.5,36.4,20.2,20.4,12.2,12.4,8.2,13.1,7.0,23.2,13.3,19.4,31.3,28.7,16.5,19.2,10.4,19.2,6.2,9.9,41.0,29.6,17.3,20.4
1772854764.7232463,28.9,26.0,29.6,28.7,30.3,37.6,28.7,27.0,28.3,12.0,20.2,11.2,38.6,34.0,8.1,10.1,15.2,24.8,21.6,17.0,22.4,31.0,19.2,15.3,20.2,8.1,39.0,24.2,30.0,39.0,35.4,33.7,19.4,22.2,14.3,19.2,28.7,19.2,8.2,29.0,13.1,11.1,30.3,29.3,18.4,18.0,2.0,7.1,15.7,5.1,28.7,17.2,19.2,21.0
1772854765.7259552,29.9,22.0,21.2,13.1,38.2,40.0,23.2,27.0,4.0,8.1,17.2,16.2,33.7,19.6,2.0,5.1,18.0,17.2,18.0,11.1,28.0,32.3,17.0,29.1,5.0,6.1,25.3,16.0,24.8,29.0,42.0,40.2,19.0,15.0,15.0,14.1,25.7,20.8,11.0,21.8,11.0,7.0,38.4,36.0,8.0,6.1,3.0,11.0,15.0,15.2,18.0,20.0,29.7,23.2
1772854766.7275784,30.3,20.8,13.4,29.3,33.3,42.0,33.7,30.0,5.1,4.0,15.8,20.0,27.7,19.2,13.0,13.1,23.0,19.2,15.2,8.0,23.2,19.2,31.0,27.3,5.1,4.1,30.3,24.2,23.2,41.6,55.6,53.5,14.1,17.2,15.0,12.1,21.2,23.2,21.8,12.1,18.2,4.1,41.0,39.8,13.1,12.1,5.1,10.1,15.3,20.2,34.3,39.2,31.3,31.0
1772854767.7296195,27.0,21.2,13.1,17.8,36.0,29.3,37.4,36.6,6.0,8.2,37.0,26.0,27.0,15.2,7.2,5.1,14.9,27.0,13.9,5.1,32.0,32.3,28.3,34.3,11.1,8.0,17.0,40.0,27.3,34.0,47.0,44.6,15.0,16.3,16.2,5.1,31.0,25.3,19.2,21.0,29.3,31.7,43.6,38.2,6.0,8.1,14.0,12.0,7.1,29.4,32.4,42.9,30.3,37.0
1772854768.7314758,33.0,25.5,22.2,24.0,35.4,35.4,37.0,30.6,8.2,5.2,15.2,20.2,24.0,18.8,8.0,11.2,6.2,11.1,14.1,13.1,22.2,31.4,38.6,40.6,9.2,9.1,26.0,34.7,34.7,34.7,58.4,55.0,16.2,20.0,8.1,7.1,29.3,19.8,20.2,14.1,29.0,22.4,52.5,41.8,7.0,6.1,37.6,15.0,13.0,8.2,34.7,41.0,32.0,44.4
1772854769.7328641,28.7,18.2,32.0,22.2,33.0,32.7,27.3,25.0,6.1,6.0,19.2,12.2,20.8,19.0,5.0,5.0,12.0,10.2,14.1,9.9,25.3,26.3,35.0,25.7,6.1,11.2,15.2,28.0,31.0,34.3,38.6,42.0,15.2,15.2,1.0,8.9,24.8,23.2,22.0,18.0,22.2,26.0,31.3,22.2,7.1,4.0,9.2,25.5,9.1,8.1,26.5,32.0,24.0,39.2
1772854770.734605,24.2,16.8,16.2,22.8,30.3,29.3,25.3,28.3,6.1,4.0,18.8,18.8,26.7,25.0,1.0,7.1,11.1,12.1,16.0,8.0,24.0,23.0,17.2,28.3,8.0,7.0,17.3,24.2,36.6,32.7,29.0,29.0,11.9,16.8,4.0,3.1,24.0,13.1,19.0,16.0,8.1,21.0,18.8,18.8,4.0,7.1,11.0,21.0,9.0,5.1,25.7,29.4,35.0,25.3
1772854771.7346969,27.0,22.4,15.3,29.0,30.4,37.0,32.0,31.6,5.1,6.1,12.2,19.2,29.4,15.0,5.1,8.0,7.0,9.1,15.0,8.9,29.7,30.3,25.3,31.7,7.1,8.9,24.2,19.8,31.3,35.6,33.0,35.6,15.2,19.2,2.1,4.0,22.0,20.2,20.2,21.2,6.0,16.8,19.2,21.8,4.0,7.1,10.9,23.0,6.0,7.0,26.7,32.3,35.0,29.3
1772854772.7351089,23.5,12.0,14.0,21.0,25.3,21.0,22.2,16.8,3.0,6.9,14.0,14.1,23.0,10.0,0.0,3.0,6.1,7.9,10.0,6.1,17.3,20.0,20.0,12.1,6.1,7.1,26.7,11.2,22.5,35.0,25.0,23.2,13.1,15.5,3.0,2.0,26.7,21.0,10.1,14.0,7.1,4.1,11.0,13.3,4.0,6.1,7.1,20.4,6.2,4.1,26.0,29.0,22.2,20.8
1772854773.7369242,22.4,23.0,12.0,26.3,35.4,22.0,30.0,26.7,2.0,5.2,15.0,14.0,16.7,19.0,3.0,9.0,21.8,13.0,11.0,8.8,29.7,16.3,30.0,31.0,11.1,7.0,15.3,29.0,21.2,38.0,37.0,36.6,21.0,17.0,2.0,8.2,22.4,22.0,19.2,18.2,7.1,16.8,23.0,23.8,4.0,5.0,10.9,22.8,9.1,8.0,31.7,30.7,36.6,39.4
1772854774.7437918,27.0,28.0,19.2,24.0,40.6,33.7,31.7,33.7,14.0,23.0,18.4,21.2,28.0,34.3,25.7,23.0,13.1,20.2,23.2,20.2,31.0,36.6,27.0,35.0,10.9,11.0,40.2,45.5,29.7,36.6,37.0,46.0,31.3,29.7,12.1,12.0,30.0,22.0,45.5,37.6,11.1,18.2,29.0,24.0,10.1,10.2,7.1,14.3,9.1,12.0,41.6,43.4,35.4,49.0
1772854775.744338,21.4,15.0,18.6,24.8,24.2,32.3,23.5,19.2,17.5,30.0,18.0,17.2,33.3,27.3,16.3,12.1,21.2,19.4,15.0,28.0,26.0,27.0,30.0,19.8,15.2,21.2,41.4,43.6,31.3,19.2,31.7,42.0,39.6,32.0,16.3,9.3,17.2,21.2,26.7,27.7,23.2,17.5,18.2,14.3,18.4,26.3,13.0,21.0,7.1,3.1,45.6,32.7,37.4,32.3
1772854776.7444148,21.9,19.2,33.0,27.3,36.6,44.6,27.3,27.6,12.2,30.6,28.3,33.7,27.3,26.3,16.3,11.5,23.5,20.8,33.7,25.7,23.7,29.3,33.0,36.0,13.3,23.2,28.0,49.5,24.8,16.2,49.5,34.7,33.7,34.0,21.2,24.2,46.0,44.0,25.0,23.5,31.6,22.2,19.2,19.2,39.4,39.6,17.2,20.4,24.0,17.2,41.8,45.0,27.0,29.3
1772854777.7457917,24.0,15.2,25.3,32.0,35.4,27.3,25.0,26.0,8.1,22.8,36.4,15.2,17.0,26.0,4.1,4.0,28.7,9.1,15.3,25.3,25.0,31.0,31.7,31.0,25.5,10.9,25.3,33.3,23.2,25.3,51.0,32.0,24.0,27.0,4.0,26.7,28.7,30.0,33.0,25.0,11.0,10.0,21.8,17.2,10.0,4.1,11.2,19.0,15.0,20.8,34.3,21.2,30.3,24.2
1772854778.7487595,26.3,20.8,31.3,28.7,33.0,31.0,26.7,29.0,8.9,21.2,33.3,19.8,24.8,17.8,6.9,4.1,27.0,10.0,11.0,32.4,28.4,23.2,25.7,25.0,15.8,16.8,33.0,32.7,29.7,19.6,38.6,32.0,24.8,27.7,3.0,23.0,35.0,26.7,34.7,21.8,12.1,17.0,21.0,31.0,8.1,7.9,16.8,17.0,21.8,10.1,32.4,24.8,23.8,31.0
1772854779.750946,26.3,17.3,35.6,18.4,29.3,32.3,29.0,35.1,12.2,18.4,22.0,33.3,30.0,17.0,5.1,6.1,12.1,29.7,23.2,20.2,33.7,27.0,27.0,32.0,23.0,16.2,35.6,23.2,19.4,29.3,48.0,32.7,13.3,20.2,7.1,21.6,33.3,29.3,24.0,29.7,13.1,12.2,28.0,37.0,7.0,6.1,12.1,7.0,5.1,26.3,25.3,34.7,30.3,33.0
1772854780.7522686,13.7,18.0,25.3,23.0,26.7,16.8,21.2,18.8,4.0,6.0,28.6,41.6,17.6,13.0,8.0,3.0,6.0,24.5,10.9,3.0,20.0,16.2,16.2,18.0,7.0,10.1,17.2,13.0,17.0,13.0,49.0,23.0,12.9,13.9,7.2,18.0,34.0,20.2,14.0,12.2,10.0,21.8,27.0,32.0,4.0,3.0,2.1,6.1,20.8,12.1,16.0,12.1,12.0,14.3
1772854781.752351,24.2,10.0,12.0,14.0,27.3,24.8,19.8,19.0,3.1,3.0,21.0,44.6,26.0,19.8,6.1,2.1,20.2,20.0,12.0,6.9,20.2,16.8,23.0,18.4,1.0,2.0,20.0,18.8,25.7,13.3,36.6,24.2,13.0,14.0,8.9,7.0,29.7,26.7,25.0,23.0,9.0,23.0,31.3,40.6,2.0,3.0,1.0,10.0,7.1,10.0,10.0,13.1,14.1,12.0
1772854782.7524304,7.4,6.1,0.0,2.0,4.0,0.0,3.0,3.0,3.0,2.0,11.0,31.4,4.0,4.0,3.0,1.0,0.0,2.0,1.0,4.0,2.0,5.0,6.1,5.0,1.0,17.8,13.1,14.1,2.0,1.0,29.0,14.0,10.0,11.8,1.0,2.0,5.1,5.1,4.0,17.0,8.0,21.2,30.4,38.0,1.0,1.0,1.0,1.0,4.0,2.0,11.0,18.0,2.0,7.1
1772854783.7525084,19.6,0.0,4.0,2.0,0.0,1.0,1.0,1.0,1.0,0.0,12.1,30.7,2.0,0.0,1.0,3.0,1.0,1.0,1.0,4.0,2.0,0.0,18.0,3.1,6.0,16.8,20.0,20.0,0.0,0.0,20.0,37.0,11.0,10.1,1.0,1.0,8.0,7.9,8.1,10.1,19.0,21.8,43.0,35.0,1.0,1.0,3.0,2.0,0.0,2.0,27.3,19.8,15.2,7.0
1772854784.752593,24.2,0.0,1.0,0.0,2.0,0.0,0.0,0.0,6.1,0.0,23.5,23.2,4.0,5.1,7.0,1.0,2.0,5.0,1.0,0.0,3.0,8.0,25.0,14.0,11.1,9.1,33.7,27.0,3.1,14.0,33.3,36.9,13.9,16.0,11.2,7.1,12.0,6.1,21.8,21.8,28.7,34.3,49.5,31.7,0.0,5.1,6.0,7.1,2.0,0.0,45.5,15.3,28.7,7.0
1772854785.7526653,11.0,1.0,1.0,0.0,0.0,1.0,2.0,0.0,14.0,7.9,10.1,10.0,13.0,7.9,5.1,14.1,15.0,6.1,0.0,0.0,0.0,0.0,20.0,0.0,12.9,9.0,22.2,29.7,2.0,1.0,26.0,20.2,23.0,18.0,12.9,8.9,0.0,1.0,5.0,20.0,33.3,26.3,50.0,31.7,14.1,6.0,21.0,0.0,0.0,0.0,22.8,9.0,30.0,9.1
1772854786.7527397,7.1,0.0,0.0,1.0,0.0,1.0,0.0,1.0,8.1,7.1,9.9,10.0,8.1,7.1,10.0,9.0,8.1,7.1,0.0,0.0,2.0,0.0,21.8,0.0,9.1,5.1,27.7,26.0,0.0,0.0,20.8,20.8,18.0,19.8,10.0,9.0,0.0,1.0,0.0,15.0,27.0,10.2,39.6,22.2,9.0,9.1,20.0,0.0,2.0,0.0,19.0,1.0,21.2,4.0
1772854787.7528167,5.2,1.0,0.0,0.0,6.9,16.2,0.0,0.0,0.0,0.0,8.1,6.1,0.0,0.0,2.0,1.0,1.0,1.0,1.0,0.0,1.0,1.0,20.8,0.0,5.0,16.8,20.8,11.9,0.0,1.0,21.8,21.8,11.9,10.0,0.0,0.0,0.0,0.0,0.0,19.2,20.0,0.0,22.0,2.0,1.0,0.0,21.0,1.0,0.0,0.0,20.8,0.0,21.6,0.0
1772854788.7528903,9.7,0.0,0.0,2.0,5.0,1.0,0.0,0.0,0.0,0.0,0.0,1.0,0.0,0.0,0.0,0.0,0.0,1.0,0.0,1.0,0.0,0.0,21.8,1.0,1.0,20.8,20.2,0.0,0.0,1.0,13.0,27.0,8.0,7.0,0.0,0.0,0.0,0.0,0.0,20.8,14.0,6.9,20.8,1.0,1.0,0.0,19.2,0.0,1.0,1.0,21.8,1.0,20.0,0.0
1772854789.7529633,3.1,0.0,0.0,0.0,0.0,0.0,0.0,0.0,0.0,0.0,0.0,0.0,0.0,0.0,0.0,0.0,0.0,0.0,0.0,0.0,0.0,0.0,20.8,0.0,0.0,20.8,21.6,0.0,0.0,0.0,0.0,41.2,0.0,0.0,0.0,1.0,0.0,0.0,0.0,20.0,11.0,10.1,20.8,0.0,0.0,0.0,14.1,4.0,0.0,0.0,20.8,0.0,9.0,0.0
1772854790.7530417,1.0,0.0,0.0,0.0,0.0,0.0,0.0,0.0,0.0,0.0,0.0,0.0,0.0,0.0,0.0,0.0,0.0,0.0,0.0,0.0,0.0,0.0,20.8,0.0,0.0,20.8,13.9,5.9,0.0,0.0,0.0,41.6,0.0,0.0,0.0,0.0,0.0,0.0,0.0,20.0,20.0,0.0,20.8,0.0,0.0,0.0,4.0,3.0,0.0,0.0,14.9,5.1,0.0,1.0
1772854791.7531164,0.0,0.0,0.0,1.0,0.0,0.0,1.0,0.0,0.0,1.0,0.0,0.0,0.0,0.0,0.0,0.0,0.0,0.0,0.0,0.0,0.0,0.0,20.8,0.0,4.0,15.8,1.0,2.0,0.0,0.0,11.0,30.4,0.0,0.0,0.0,0.0,0.0,0.0,8.0,7.1,20.0,0.0,20.0,0.0,0.0,0.0,0.0,0.0,0.0,0.0,2.0,3.0,0.0,0.0
1772854792.7531977,1.0,0.0,0.0,0.0,0.0,0.0,0.0,0.0,0.0,0.0,0.0,0.0,0.0,0.0,0.0,0.0,0.0,0.0,0.0,0.0,1.0,0.0,18.0,0.0,5.0,5.0,0.0,1.0,0.0,0.0,20.8,20.0,0.0,0.0,0.0,0.0,1.0,0.0,0.0,0.0,14.0,0.0,21.6,0.0,0.0,0.0,0.0,0.0,0.0,0.0,0.0,0.0,0.0,0.0
1772854793.7532716,0.0,0.0,0.0,0.0,0.0,0.0,0.0,0.0,0.0,0.0,0.0,0.0,0.0,0.0,0.0,0.0,0.0,0.0,0.0,0.0,0.0,0.0,1.0,0.0,0.0,0.0,0.0,0.0,0.0,0.0,5.0,0.0,0.0,0.0,0.0,0.0,0.0,0.0,0.0,0.0,0.0,0.0,20.2,0.0,0.0,0.0,0.0,0.0,0.0,0.0,0.0,0.0,0.0,0.0
1772854794.753333,0.0,0.0,0.0,0.0,0.0,0.0,0.0,0.0,0.0,0.0,0.0,0.0,0.0,0.0,0.0,0.0,0.0,0.0,0.0,0.0,0.0,0.0,0.0,0.0,0.0,0.0,0.0,0.0,0.0,0.0,0.0,0.0,0.0,0.0,0.0,0.0,0.0,0.0,0.0,0.0,0.0,0.0,18.6,0.0,0.0,0.0,0.0,0.0,0.0,0.0,0.0,0.0,0.0,0.0
