timestamp,CPU_0(group_0),CPU_64(group_0),CPU_2(group_1),CPU_66(group_1),CPU_4(group_2),CPU_68(group_2),CPU_6(group_3),CPU_70(group_3),CPU_8(group_4),CPU_72(group_4),CPU_10(group_5),CPU_74(group_5),CPU_12(group_6),CPU_76(group_6),CPU_14(group_7),CPU_78(group_7),CPU_16(group_8),CPU_80(group_8),CPU_18(group_9),CPU_82(group_9),CPU_20(group_10),CPU_84(group_10),CPU_22(group_11),CPU_86(group_11),CPU_24(group_12),CPU_88(group_12),CPU_26(group_13),CPU_90(group_13),CPU_28(group_14),CPU_92(group_14),CPU_30(group_15),CPU_94(group_15),CPU_32(group_16),CPU_96(group_16),CPU_34(group_17),CPU_98(group_17),CPU_36(group_18),CPU_100(group_18),CPU_38(group_19),CPU_102(group_19),CPU_40(group_20),CPU_104(group_20),CPU_42(group_21),CPU_106(group_21),CPU_44(group_22),CPU_108(group_22),CPU_46(group_23),CPU_110(group_23),CPU_48(group_24),CPU_112(group_24),CPU_50(group_25),CPU_114(group_25),CPU_52(group_26),CPU_116(group_26)
1772855527.8352082,100.0,0.0,0.0,100.0,0.0,100.0,0.0,0.0,0.0,0.0,0.0,0.0,100.0,100.0,0.0,0.0,0.0,0.0,100.0,100.0,100.0,0.0,0.0,0.0,0.0,0.0,100.0,0.0,0.0,100.0,0.0,100.0,0.0,0.0,0.0,0.0,100.0,0.0,0.0,0.0,0.0,0.0,100.0,0.0,100.0,0.0,100.0,0.0,100.0,100.0,0.0,100.0,0.0,0.0
1772855528.8352866,48.5,38.8,55.1,57.6,88.9,90.0,40.4,42.0,35.7,39.4,41.2,40.4,79.0,74.7,42.9,38.8,34.7,33.7,68.7,68.4,89.9,92.0,31.3,32.0,28.3,40.4,33.0,38.4,82.0,82.0,41.2,41.8,43.4,43.0,8.5,6.3,62.0,59.4,71.0,57.6,53.1,52.0,90.0,93.0,33.3,41.4,33.0,38.4,34.7,42.4,42.0,40.0,45.9,41.8
1772855529.8355646,67.0,67.7,49.0,48.5,90.0,92.0,28.4,32.6,38.3,34.7,62.6,56.7,87.9,93.0,70.0,66.7,68.0,72.7,82.7,83.0,91.1,92.0,79.8,78.2,16.8,26.0,44.4,40.2,70.3,72.7,76.0,74.5,50.0,49.5,37.8,4.2,87.0,91.0,27.2,29.0,41.2,40.2,60.0,67.3,16.3,14.0,32.0,33.3,34.4,31.3,55.1,57.7,45.4,46.9
1772855530.8363943,24.0,26.3,25.0,20.2,76.8,83.0,4.1,24.0,8.2,7.2,20.4,19.0,100.0,99.0,17.3,15.5,14.3,9.1,58.6,58.0,64.4,64.4,98.0,98.0,8.1,5.1,9.2,5.1,44.9,46.0,95.0,97.0,15.0,7.0,4.1,9.2,77.8,77.0,17.0,4.2,13.3,13.0,34.3,33.3,5.1,5.1,9.1,10.4,9.2,7.3,20.4,22.2,27.3,28.6
1772855531.837096,21.9,13.0,23.2,18.2,73.2,68.0,3.2,3.1,3.2,2.1,4.1,3.1,100.0,100.0,2.1,4.1,3.2,2.1,54.0,57.6,69.3,67.0,96.0,98.0,4.1,4.1,7.1,6.0,30.3,41.8,98.0,99.0,5.2,2.0,3.1,5.2,75.0,75.0,18.6,4.1,12.4,12.4,27.3,27.3,2.1,1.0,6.2,9.2,7.1,8.2,11.3,11.5,19.2,28.6
1772855532.8371809,16.5,10.2,18.8,18.6,72.0,64.6,4.2,4.1,3.1,5.1,6.1,5.2,83.2,82.0,9.3,7.1,2.1,3.1,55.6,57.0,52.0,60.8,100.0,100.0,5.1,4.1,8.2,10.2,35.6,36.7,100.0,100.0,2.1,2.0,8.1,7.1,72.0,71.0,3.1,4.2,12.4,12.4,27.3,29.7,4.1,5.1,11.2,8.1,6.2,7.1,25.5,24.0,24.2,27.6
1772855533.8372552,14.6,12.2,20.4,26.3,63.0,54.0,4.1,1.0,30.9,35.4,3.1,6.1,37.4,45.0,9.4,13.5,8.2,10.3,52.9,56.0,50.0,53.1,98.0,99.0,5.2,5.1,6.1,5.2,41.4,33.0,100.0,98.0,6.1,5.2,8.2,5.1,76.0,75.8,3.1,3.1,13.1,12.2,23.0,26.5,4.1,2.0,10.0,8.2,7.1,8.2,43.0,45.5,23.5,20.4
1772855534.838272,15.6,12.2,19.2,16.5,77.0,83.0,3.1,3.1,8.3,16.0,7.1,4.1,45.5,47.5,33.7,37.1,26.3,20.2,52.0,53.1,67.0,67.3,97.0,96.0,4.1,5.1,10.3,12.1,34.7,38.4,98.0,97.0,3.1,4.1,6.2,4.0,79.0,78.2,5.1,3.1,12.2,12.4,23.2,25.5,5.1,3.1,14.3,10.2,21.4,8.4,20.2,19.4,28.3,29.3
1772855535.8390815,14.3,10.1,16.3,14.3,64.6,70.3,3.1,1.0,4.0,3.0,4.1,4.0,34.0,48.0,95.0,87.1,12.4,12.4,45.5,52.0,55.0,58.8,99.0,99.0,6.1,5.1,8.2,11.1,30.0,39.6,100.0,100.0,3.1,5.1,5.1,10.2,76.0,76.8,3.1,2.1,12.2,19.2,22.2,17.2,3.1,4.0,14.3,8.2,9.2,7.1,18.0,18.4,24.2,19.4
1772855536.839168,15.5,11.3,13.4,19.0,69.7,54.0,4.1,3.1,2.1,3.1,4.1,4.1,37.0,43.9,81.3,83.7,2.0,3.1,51.0,53.5,46.5,49.5,99.0,99.0,4.1,3.1,5.2,8.2,38.4,29.3,99.0,99.0,3.1,2.0,3.1,5.1,57.6,57.0,7.1,2.1,65.7,63.6,21.2,22.2,4.1,6.2,7.1,7.1,6.2,7.2,10.4,12.6,25.5,20.6
1772855537.8416295,13.4,9.0,10.1,16.5,65.3,51.5,1.0,4.1,4.0,7.0,4.1,4.1,39.4,32.0,10.3,10.2,3.1,3.1,46.5,51.5,46.0,50.0,100.0,98.0,3.1,5.0,6.1,5.1,26.0,29.6,94.1,94.9,7.0,10.2,2.0,4.1,70.3,71.3,1.1,4.1,98.0,99.0,24.0,18.2,3.0,4.1,7.1,10.2,6.1,6.3,29.0,33.7,17.2,22.4
1772855538.841849,17.5,10.5,20.6,18.6,75.8,78.8,4.2,2.1,3.1,2.1,7.2,4.2,36.4,46.0,3.2,3.2,7.3,16.2,55.4,53.5,66.7,68.3,99.0,99.0,5.1,5.2,9.3,9.4,36.7,36.7,100.0,100.0,5.3,6.1,3.1,2.1,83.7,82.8,4.2,4.2,99.0,99.0,27.6,28.6,4.2,2.0,9.3,12.1,8.2,7.3,29.0,35.0,23.5,34.7
1772855539.8419135,14.4,13.0,14.3,18.6,66.3,65.3,7.1,2.1,5.2,5.1,5.2,4.1,37.0,40.8,6.2,7.3,10.2,17.3,52.5,51.5,59.0,60.0,99.0,100.0,5.2,3.1,11.3,10.2,31.3,35.0,100.0,100.0,2.0,3.1,2.1,2.1,75.2,75.8,4.1,2.1,100.0,100.0,26.3,17.3,2.1,2.1,15.0,9.3,6.1,6.1,23.0,19.2,22.0,25.3
1772855540.844749,15.5,9.1,18.4,15.3,68.0,61.0,4.1,2.0,11.3,9.3,5.2,5.1,34.0,40.6,15.3,10.3,18.4,19.6,50.0,51.5,52.0,46.0,100.0,99.0,6.1,4.1,4.1,7.1,37.6,29.7,100.0,100.0,6.1,3.1,2.0,3.0,71.3,73.0,3.1,3.1,100.0,99.0,24.8,21.2,3.1,2.0,9.0,12.0,8.1,7.1,12.2,12.2,22.7,23.2
1772855541.895171,15.7,10.7,16.3,13.5,67.9,68.2,3.9,1.0,3.0,7.8,3.9,2.9,44.9,38.3,51.0,50.5,2.0,3.8,51.4,61.7,60.4,51.4,99.1,98.1,3.9,3.8,11.7,10.7,34.9,30.2,99.1,99.1,5.8,3.8,2.9,1.0,77.1,72.2,2.9,5.9,100.0,99.1,21.4,26.4,3.9,3.8,10.7,7.8,9.5,7.8,32.4,31.4,22.6,21.2
1772855542.8952541,14.9,8.2,15.6,11.5,67.3,57.1,2.1,2.1,4.1,1.1,5.2,3.1,33.3,27.1,92.7,89.7,3.2,5.3,42.3,50.5,56.1,52.0,100.0,100.0,3.1,6.3,6.2,5.2,29.6,30.2,98.0,99.0,2.1,2.1,3.2,4.2,67.3,67.0,2.1,3.1,97.0,99.0,20.6,19.8,3.2,2.1,8.2,8.2,5.3,7.2,23.5,22.7,19.6,18.8
1772855543.895327,15.8,12.4,17.3,17.5,78.6,64.0,4.2,2.1,16.3,16.3,3.1,7.1,49.5,48.5,69.1,68.4,8.2,13.3,56.9,59.0,52.5,58.8,99.0,98.0,3.1,4.1,6.1,8.2,40.2,44.9,99.0,96.0,6.1,5.1,6.1,8.2,62.0,63.4,5.2,2.1,91.0,89.2,25.5,27.3,4.1,3.1,12.2,10.3,6.2,8.2,17.3,18.2,26.5,19.6
1772855544.9009695,14.6,11.0,22.2,16.2,70.0,61.4,8.1,3.1,27.1,32.0,6.2,4.0,32.0,41.0,5.2,6.1,5.2,10.2,55.6,55.0,53.5,55.4,98.0,99.0,10.0,4.1,8.3,6.3,24.2,33.0,100.0,100.0,5.1,5.1,9.1,9.9,72.3,72.0,2.1,3.1,89.1,91.0,37.4,24.0,3.1,3.1,10.1,11.2,10.1,8.2,20.2,17.2,25.3,23.5
1772855545.9020047,17.5,12.2,16.7,17.5,66.7,76.0,4.2,1.0,3.1,4.0,5.2,3.2,40.0,38.4,2.1,4.1,23.7,23.2,51.0,56.0,66.3,68.0,100.0,100.0,37.4,4.1,4.0,7.0,39.4,34.7,99.0,100.0,7.1,6.1,2.1,3.1,73.7,73.0,12.2,7.1,90.1,90.1,25.5,28.3,4.0,3.1,8.2,10.2,6.2,10.2,20.0,21.2,28.6,28.3
1772855546.903284,13.7,10.2,15.3,17.3,68.0,67.0,5.1,3.0,5.1,1.0,3.1,3.1,37.4,33.0,4.1,0.0,7.1,4.1,54.0,44.0,49.0,50.5,99.0,100.0,37.4,6.1,8.2,12.4,35.4,35.0,99.0,99.0,1.0,5.1,2.0,3.1,66.0,65.0,24.5,13.5,90.0,90.0,16.2,24.5,2.1,2.0,9.1,7.1,7.1,7.1,27.6,27.3,17.0,21.4
1772855547.9041367,17.3,10.1,18.9,14.4,62.6,59.4,5.0,5.1,5.2,2.0,6.1,7.1,34.0,39.0,11.6,10.3,3.1,2.1,53.5,52.5,49.0,52.0,99.0,100.0,8.1,3.1,6.1,2.1,30.7,24.2,99.0,100.0,3.1,1.0,2.1,2.1,75.8,80.0,17.7,13.4,90.0,89.0,27.3,20.6,3.1,3.1,8.2,9.2,9.1,9.2,17.2,15.6,25.5,23.0
1772855548.9065387,13.5,10.0,18.2,15.0,62.0,58.6,3.2,2.1,7.1,3.1,4.2,3.0,42.0,35.7,20.6,18.7,8.3,3.1,48.0,47.5,58.0,56.0,100.0,99.0,20.0,7.1,10.2,10.9,38.4,27.6,100.0,99.0,5.1,4.0,2.0,4.1,71.3,75.2,6.1,4.2,89.1,90.1,20.2,23.8,4.1,3.1,9.2,8.0,6.2,5.2,29.0,25.0,18.4,21.2
1772855549.9066186,14.7,12.1,14.6,14.4,64.6,71.3,3.1,3.1,5.2,4.1,6.1,5.1,35.0,30.0,93.0,94.1,19.2,9.5,53.0,47.0,54.0,61.0,100.0,99.0,13.4,5.2,5.2,4.1,33.3,31.3,99.0,99.0,3.1,3.1,3.1,2.1,71.0,70.7,2.1,3.1,87.3,89.2,17.0,23.2,3.1,5.1,8.2,10.2,8.2,9.1,9.3,12.2,21.0,25.5
1772855550.908936,15.3,11.2,16.5,19.4,75.0,79.0,6.1,3.1,6.1,9.3,5.2,5.2,52.0,46.5,86.7,87.6,20.4,28.0,57.0,55.0,53.9,58.4,100.0,99.0,19.2,5.1,8.2,8.2,33.7,38.0,100.0,100.0,2.0,3.1,2.1,3.1,81.2,81.0,2.1,1.0,37.0,33.7,27.7,27.3,3.1,2.1,12.1,13.3,8.1,6.3,27.0,27.6,26.5,24.7
1772855551.911381,14.6,11.2,17.2,16.3,65.7,66.3,4.1,2.0,12.4,7.3,3.1,4.1,30.6,33.7,25.5,24.7,4.1,4.1,54.5,58.4,58.8,57.4,95.0,96.0,7.1,5.1,9.2,6.1,40.0,33.0,95.0,94.0,4.1,5.1,2.0,4.1,86.0,88.1,4.1,2.1,2.0,3.0,18.0,25.3,3.1,2.0,6.1,14.1,7.1,8.2,24.5,27.0,24.0,20.2
1772855552.912283,13.7,6.2,12.4,13.4,61.2,59.0,3.1,3.0,3.1,4.1,4.1,3.1,43.0,38.4,3.1,3.1,1.0,3.1,48.0,48.0,49.0,52.0,77.0,85.9,24.2,4.1,4.1,4.0,26.0,28.3,67.0,64.0,6.1,3.0,1.0,3.1,74.0,73.7,3.1,3.1,3.0,1.0,18.2,21.2,4.0,2.0,7.1,4.1,6.1,7.1,18.8,21.2,21.2,22.4
1772855553.9130557,15.3,12.9,18.2,18.0,54.5,76.0,3.1,1.0,4.1,2.0,3.0,3.0,37.0,36.4,3.1,2.1,8.2,8.2,47.0,56.0,51.5,52.0,5.2,15.2,3.0,8.1,13.3,9.2,40.0,34.3,11.2,10.2,5.0,3.1,2.0,2.0,79.8,77.0,15.3,12.1,2.0,3.0,21.4,21.0,1.0,3.0,10.0,11.0,8.1,6.1,26.3,24.2,19.2,16.3
1772855554.9142418,16.2,7.1,17.5,15.2,65.3,65.3,5.1,0.0,25.5,14.3,5.1,6.1,36.0,37.0,9.3,10.3,11.2,16.2,52.0,58.6,59.0,56.0,4.0,2.1,5.1,7.9,5.1,4.0,29.0,31.7,3.1,3.1,3.1,2.0,2.0,2.0,91.0,91.1,59.6,61.9,3.0,3.0,26.0,17.8,9.2,4.1,12.2,9.1,8.1,7.1,11.2,9.2,27.3,23.2
1772855555.9207165,14.4,11.0,13.1,13.1,62.0,64.0,4.0,1.0,27.3,20.2,5.0,4.0,37.0,41.6,12.2,17.2,9.2,13.1,49.0,41.0,49.0,49.0,1.0,1.0,4.0,1.0,6.0,7.0,35.6,21.0,3.0,3.0,3.0,2.0,2.0,3.0,71.6,71.0,13.0,9.2,2.0,1.0,20.0,11.2,3.0,3.0,6.1,6.1,5.1,6.1,18.8,19.8,21.0,15.2
1772855556.922191,12.5,11.0,18.0,15.0,73.3,65.3,3.1,2.0,4.0,4.0,5.1,3.1,35.6,31.0,42.4,29.3,11.0,20.0,50.0,45.5,46.0,49.0,4.0,9.2,5.0,5.1,11.0,9.1,25.0,30.7,3.1,17.2,4.1,3.0,8.2,1.0,72.0,71.0,3.1,4.0,10.1,12.0,22.2,23.2,3.1,4.0,9.1,9.1,7.1,8.0,18.0,18.4,18.2,20.2
1772855557.9222715,14.6,13.1,19.2,16.3,61.2,69.3,4.1,1.0,4.1,3.1,3.1,4.0,39.8,44.0,88.8,87.8,2.1,4.1,47.0,45.0,59.0,57.0,34.0,30.3,5.1,2.0,4.1,4.1,28.3,30.3,54.5,36.7,6.0,3.0,7.1,3.0,73.7,72.7,1.0,2.1,13.0,14.1,20.2,18.0,3.1,2.0,7.2,8.1,5.1,6.1,29.0,29.3,23.0,26.0
1772855558.9235964,16.3,9.3,15.3,13.1,60.0,55.6,3.1,5.0,2.0,4.0,3.0,4.1,31.7,32.0,74.0,69.7,5.3,3.1,52.0,49.5,62.0,60.0,96.0,93.1,3.0,3.1,6.1,6.1,28.6,30.0,96.0,95.1,3.1,1.0,3.1,1.0,72.0,73.3,6.9,2.0,12.1,12.1,25.3,23.8,3.0,3.0,8.9,9.2,6.1,7.1,19.4,19.0,14.3,27.3
1772855559.9272556,13.7,17.2,15.8,12.4,58.0,72.0,6.1,8.3,3.1,2.1,4.1,2.1,40.4,43.0,5.2,7.1,4.1,2.1,49.0,53.0,52.0,52.4,100.0,100.0,4.1,4.0,7.2,8.1,36.4,34.3,99.0,100.0,4.1,2.0,3.1,1.0,74.3,72.0,3.1,2.1,12.2,13.1,26.0,22.2,3.1,1.0,10.1,8.1,4.1,5.3,7.1,10.1,16.8,23.5
1772855560.9280837,13.7,10.1,17.3,22.4,84.0,75.2,6.2,3.1,3.1,2.1,5.2,6.1,40.0,45.5,3.1,2.1,17.3,10.2,61.0,60.6,61.0,55.0,98.0,100.0,5.0,4.2,3.1,3.1,35.4,40.0,99.0,100.0,4.1,5.1,2.1,3.0,81.0,80.0,5.2,2.0,14.1,12.4,31.6,28.0,1.0,4.0,8.2,10.1,10.1,9.3,24.7,24.5,29.9,25.5
1772855561.9281635,12.6,12.4,18.4,13.4,63.3,70.0,6.1,5.1,15.5,6.3,6.1,3.1,35.1,38.4,9.2,13.1,21.4,28.6,51.5,51.0,54.5,54.5,100.0,100.0,3.1,3.1,10.1,10.1,29.3,29.3,100.0,100.0,7.2,4.0,3.1,3.1,81.0,79.8,3.1,3.0,12.2,13.1,22.0,21.0,4.1,3.0,8.2,10.2,8.2,6.1,24.0,24.2,25.3,19.6
1772855562.934423,10.4,9.0,13.3,15.0,59.6,59.4,3.1,2.0,7.1,7.0,4.1,3.1,35.0,43.6,18.4,13.4,7.1,3.1,51.5,51.0,51.5,54.9,99.0,100.0,4.0,4.0,3.1,4.1,36.0,36.6,100.0,100.0,3.1,2.0,3.1,1.0,65.0,62.7,3.1,9.1,18.4,12.4,23.0,25.3,3.1,1.0,11.9,8.1,7.1,8.2,36.0,36.6,23.0,19.2
1772855563.9368205,16.5,16.2,21.2,16.3,64.6,64.6,2.1,1.0,5.1,3.1,3.1,3.1,35.0,38.4,38.8,36.7,2.1,3.0,57.6,47.5,60.0,60.4,100.0,100.0,4.1,4.1,5.1,9.2,29.3,25.5,100.0,99.0,4.1,2.0,8.2,2.1,76.0,74.7,2.1,5.2,52.0,50.5,23.0,25.0,2.1,3.0,8.2,7.1,7.1,8.2,16.7,18.2,23.5,21.2
1772855564.9443793,12.5,8.2,13.5,19.6,82.2,65.3,3.1,2.0,4.1,3.1,4.1,5.1,39.4,39.0,88.9,86.9,9.2,2.1,52.5,50.5,49.0,46.5,100.0,96.0,8.9,4.0,6.2,7.1,39.0,39.6,93.1,91.2,4.1,4.0,5.1,3.1,68.3,68.3,5.1,4.1,86.3,86.1,23.2,20.2,3.0,1.0,11.0,8.2,10.1,6.1,9.0,8.2,23.2,22.4
1772855565.947493,14.4,10.1,16.5,18.0,70.4,68.0,8.4,2.0,9.5,4.2,5.1,3.1,45.0,49.0,71.9,75.8,18.4,10.4,46.5,49.0,53.0,48.0,97.1,95.0,4.1,3.0,6.1,5.1,29.0,31.6,81.2,76.0,4.2,4.1,3.1,3.1,72.3,80.8,2.1,6.1,99.0,100.0,26.3,25.0,4.0,2.1,8.2,7.2,6.1,7.2,26.3,26.3,21.2,21.0
1772855566.948583,13.5,10.2,21.4,16.3,62.6,68.3,5.2,1.0,24.5,21.2,8.2,6.0,40.0,38.4,10.2,9.3,21.2,30.3,46.5,58.4,66.3,62.0,87.9,84.2,5.1,4.1,6.2,11.3,37.8,37.0,50.0,55.6,4.2,3.1,4.1,6.2,87.1,91.1,3.1,3.1,100.0,100.0,27.3,23.2,2.1,5.1,11.2,12.9,7.2,10.2,24.5,28.3,27.6,25.8
1772855567.952707,12.6,11.1,17.3,17.5,60.0,57.6,5.1,4.0,21.4,14.3,7.1,4.1,51.0,52.0,7.3,5.1,4.1,4.1,51.0,49.5,58.4,59.2,56.6,48.0,4.0,4.0,5.1,6.1,33.7,31.3,45.5,46.0,2.0,2.1,5.1,1.0,78.8,80.0,2.0,4.1,98.0,100.0,29.0,20.2,3.0,3.1,4.1,11.2,6.1,7.4,27.0,25.5,22.4,18.6
1772855568.9527776,15.3,10.2,16.2,16.3,76.8,82.0,5.2,3.1,3.1,5.1,4.1,4.1,27.3,31.3,8.4,14.4,2.1,9.2,50.0,44.0,45.5,43.4,59.4,62.6,3.1,4.1,8.2,7.1,29.3,35.0,59.6,61.4,5.1,5.2,7.2,4.0,78.0,75.8,5.2,3.1,98.0,99.0,21.2,31.7,1.1,3.1,12.2,7.1,7.1,8.1,22.7,24.5,23.2,19.2
1772855569.9528582,12.5,10.2,15.3,14.1,63.6,67.3,3.1,2.0,3.1,3.1,2.1,5.1,41.4,46.0,12.5,23.5,3.1,2.1,48.0,51.0,59.4,53.5,85.9,80.0,5.1,2.0,5.1,5.2,27.0,26.5,84.2,79.6,5.1,4.0,4.0,2.1,63.0,63.0,1.0,2.1,99.0,99.0,12.1,20.8,3.1,1.0,7.1,9.1,5.2,8.1,17.5,15.2,23.2,17.3
1772855570.9539704,11.6,9.2,16.3,15.2,66.7,53.0,4.1,2.0,2.1,2.1,5.2,1.0,38.4,39.4,29.6,30.6,10.4,16.3,51.5,53.5,57.4,57.0,90.1,89.1,3.1,4.1,10.2,13.0,36.4,39.4,90.0,90.1,3.1,4.2,3.1,3.0,70.0,69.3,3.0,5.2,100.0,100.0,28.6,24.8,5.0,2.0,7.1,8.1,6.1,7.2,17.2,18.2,24.5,22.7
1772855571.9582381,13.5,12.2,21.4,18.6,73.0,69.3,3.1,3.1,4.1,4.1,6.3,4.1,45.5,42.0,83.7,84.8,15.3,24.5,54.5,55.0,59.8,58.4,73.0,66.0,4.1,3.1,8.2,6.1,25.5,39.6,77.2,82.2,3.1,4.1,2.0,3.1,77.2,77.8,5.2,2.1,93.1,92.1,31.3,30.3,1.0,6.1,11.2,9.2,9.1,9.2,14.3,14.4,21.4,27.6
1772855572.9625397,16.3,12.4,13.3,16.2,64.6,60.4,3.0,4.1,12.4,13.4,4.0,5.1,35.4,38.0,79.6,77.1,7.1,7.2,53.0,43.0,49.5,51.5,50.5,49.0,5.1,3.0,7.1,3.1,29.3,36.0,41.4,50.0,2.1,4.1,3.1,3.0,76.8,77.0,5.0,4.1,91.0,90.0,25.0,15.5,2.0,6.2,7.1,8.2,6.2,7.1,33.7,32.3,20.2,21.4
1772855573.962944,14.6,10.2,19.6,16.7,71.4,72.7,3.1,2.1,6.1,4.1,5.2,4.1,34.3,38.0,12.4,11.2,2.1,6.2,51.5,49.0,56.4,59.4,43.9,40.4,4.0,5.1,9.1,6.2,29.7,35.4,38.0,35.4,5.1,2.0,2.0,2.1,79.8,80.0,3.1,2.1,90.2,89.1,24.2,26.3,5.1,6.3,9.3,14.9,8.2,6.2,33.3,32.7,22.0,30.3
1772855574.9663975,17.5,11.1,18.2,18.4,75.0,65.7,5.2,3.1,4.1,4.1,5.1,4.0,40.4,45.5,8.2,9.2,3.1,4.1,55.0,55.0,66.7,64.6,45.1,17.3,3.1,5.2,5.1,6.1,34.3,38.0,17.2,22.2,3.1,5.0,5.1,2.0,81.4,80.4,4.0,2.0,90.0,90.0,22.4,29.3,5.1,3.0,8.2,10.1,8.2,6.2,15.2,13.3,27.3,21.2
1772855575.968305,13.7,10.1,19.8,17.0,77.0,70.0,6.1,2.1,7.1,4.1,5.2,5.2,50.0,48.0,14.3,12.1,19.2,10.2,65.7,64.6,55.4,51.0,31.3,32.3,5.1,5.1,7.1,8.2,40.0,43.9,16.3,25.3,6.0,2.1,5.1,4.0,89.9,86.9,2.1,6.1,90.2,90.1,27.6,24.8,7.2,3.1,15.2,8.3,11.1,9.1,18.0,17.2,26.5,30.3
1772855576.968387,14.6,12.2,20.4,20.4,75.3,70.0,6.1,3.1,14.7,12.4,7.1,4.1,39.8,35.0,17.5,12.6,10.3,16.3,54.5,57.1,70.0,73.0,60.4,42.4,4.1,3.1,6.1,6.1,43.4,41.6,37.4,64.4,4.1,6.1,2.1,1.0,81.0,81.2,3.1,5.2,85.9,85.0,29.0,26.5,5.1,4.1,11.2,11.1,7.1,8.2,11.3,10.3,30.3,23.5
1772855577.968886,15.2,8.2,14.4,16.2,55.6,59.4,3.1,2.0,16.2,19.4,4.1,5.1,37.0,44.9,16.3,16.2,12.2,16.2,49.5,53.0,52.5,52.5,64.0,55.0,5.9,5.1,8.2,3.1,31.7,25.3,58.4,69.3,5.1,4.1,5.0,4.1,86.9,84.8,3.0,1.0,54.5,55.6,20.2,20.8,4.2,8.2,11.9,8.2,7.1,7.1,28.3,29.3,23.2,16.2
1772855578.970572,11.5,10.2,16.0,15.3,72.4,68.7,5.2,2.0,18.4,14.3,5.1,4.1,39.0,34.0,86.9,82.0,8.4,3.1,49.0,49.0,45.5,46.5,74.5,82.0,3.1,4.1,7.1,5.1,31.6,28.7,90.0,87.0,2.1,3.1,4.0,3.1,82.2,83.0,3.1,4.0,16.2,13.3,21.0,15.2,3.0,3.0,5.2,8.1,8.2,8.1,32.0,33.3,26.5,19.4
1772855579.9717526,16.5,11.0,16.5,21.2,69.0,74.3,7.1,3.1,5.2,3.1,6.2,4.1,41.4,45.5,82.5,78.7,4.1,3.2,48.5,50.0,69.3,64.6,97.0,99.0,4.0,3.1,9.1,10.3,41.0,37.4,97.0,94.1,6.1,5.1,4.2,6.1,87.9,88.0,2.1,3.1,4.1,5.1,26.3,27.6,4.1,2.1,11.2,8.2,5.2,6.3,20.8,24.0,24.2,24.5
1772855580.971973,16.2,13.3,18.6,19.6,64.0,67.3,5.2,3.1,4.1,4.0,3.1,4.2,45.0,46.5,24.7,23.7,15.3,19.2,47.5,54.5,62.4,63.7,96.0,94.9,4.2,5.1,9.5,13.3,41.8,36.4,87.0,94.0,5.2,3.1,9.3,4.1,90.1,91.0,4.1,4.1,1.0,3.1,25.8,30.0,5.1,6.1,11.2,10.1,7.1,7.2,5.2,7.1,27.8,25.0
1772855581.9782515,13.4,11.1,14.4,18.8,63.3,71.0,4.1,1.0,5.0,3.0,5.1,7.1,36.0,27.7,13.3,12.2,16.3,25.3,53.0,47.0,49.5,49.0,89.1,93.1,5.0,4.0,6.1,5.1,31.0,33.0,93.1,86.1,5.9,4.0,4.0,4.1,80.0,78.2,2.1,3.0,2.0,3.1,16.0,22.4,2.0,7.1,10.0,9.2,6.2,8.2,27.0,29.3,18.2,23.7
1772855582.9786198,12.4,9.2,18.2,13.3,72.0,72.0,3.1,3.1,14.3,11.5,4.1,4.1,47.5,37.4,13.7,14.3,4.1,4.1,49.5,46.5,51.5,54.9,89.0,86.1,4.1,5.2,8.1,9.1,28.6,34.3,82.0,85.0,5.1,3.1,2.1,3.1,76.0,79.0,5.1,1.1,6.0,5.1,19.0,22.2,3.0,3.1,9.2,8.1,9.0,6.3,17.3,17.5,24.5,19.4
1772855583.9791596,12.6,12.0,17.3,16.5,63.7,60.4,3.1,1.0,4.0,5.1,7.1,4.1,33.0,35.4,17.0,12.4,4.2,6.2,47.5,52.0,58.0,58.0,73.0,76.8,11.0,4.0,4.1,6.2,31.3,38.4,67.0,69.3,2.1,5.1,3.0,2.1,87.0,89.0,3.1,4.1,9.2,14.1,22.4,19.2,2.1,1.0,7.1,9.1,6.3,7.1,32.7,33.0,22.2,23.2
1772855584.9824758,13.5,8.2,18.4,11.1,58.2,69.0,3.1,5.1,3.1,3.1,7.1,3.1,36.7,39.6,51.0,49.0,16.2,10.3,56.0,51.0,56.4,54.9,80.2,79.4,3.1,4.1,6.1,6.1,31.0,35.0,87.1,68.0,6.1,3.1,4.1,3.1,78.2,82.0,3.1,10.3,13.0,13.3,23.0,20.2,3.0,3.0,6.1,9.0,7.1,4.1,17.0,17.3,24.2,22.4
1772855585.983304,13.5,12.4,18.9,17.3,72.2,63.6,9.1,5.1,4.2,12.2,5.1,3.1,46.5,44.0,80.6,83.7,20.6,8.4,59.6,65.3,50.0,50.5,75.2,76.2,5.1,4.2,8.3,8.1,35.4,32.7,89.0,84.8,6.2,9.3,2.1,4.1,79.0,79.8,7.3,12.2,12.5,16.2,24.5,26.3,4.1,4.1,9.2,11.3,8.2,11.1,7.3,13.3,22.4,27.6
1772855586.9833848,13.5,11.1,21.4,17.5,70.4,72.5,5.3,6.2,13.8,13.5,3.2,5.2,37.8,38.8,68.0,63.2,13.3,17.2,64.6,58.2,62.7,65.3,70.0,72.0,4.1,9.2,7.2,5.2,37.6,43.0,79.2,81.2,6.1,7.1,3.1,4.1,90.9,89.0,6.2,4.1,12.5,12.5,26.3,20.2,6.1,5.1,10.2,10.2,9.2,7.4,31.3,28.6,28.3,24.2
1772855587.9834728,13.4,13.3,16.3,17.3,73.0,69.7,6.2,3.1,17.5,25.3,7.0,6.1,46.5,42.0,10.3,17.2,4.1,9.3,46.5,51.5,57.0,61.4,70.7,69.0,6.0,5.1,6.1,8.1,23.2,37.4,97.0,91.1,4.1,3.1,2.0,3.1,81.0,82.0,4.1,4.2,18.0,14.3,20.8,25.7,3.1,6.1,8.2,13.3,9.3,6.2,25.3,29.0,27.6,21.2
1772855588.984868,15.5,15.2,21.6,18.6,76.8,63.4,3.2,5.1,7.2,9.5,5.2,4.1,44.4,32.0,13.5,16.7,13.4,13.4,52.0,58.0,56.0,53.0,79.4,78.0,6.1,4.0,7.1,7.3,35.0,39.4,99.0,98.0,5.1,9.1,2.0,4.2,88.0,87.0,2.1,5.2,48.5,50.5,21.4,27.6,4.1,3.1,11.2,8.3,7.2,10.2,28.4,26.3,28.3,27.6
1772855589.9851835,15.5,10.1,21.4,13.3,65.7,67.0,5.2,3.1,4.1,2.1,4.0,4.1,50.0,45.5,11.5,16.3,13.3,6.3,57.8,51.5,65.7,61.4,73.7,80.2,5.1,3.1,12.2,11.1,37.4,40.8,85.0,77.5,3.1,8.2,4.1,6.1,78.2,79.2,3.1,5.2,77.0,78.4,27.0,29.3,4.0,4.1,8.2,10.1,9.1,6.2,10.1,14.4,29.3,26.3
1772855590.986332,11.6,10.1,15.5,17.5,65.7,64.0,6.2,4.0,3.1,4.0,8.1,4.1,40.8,35.0,14.1,9.5,6.1,11.0,53.0,51.0,52.0,53.0,84.2,77.0,4.0,3.1,4.1,5.1,33.3,26.3,64.6,62.6,1.0,1.0,6.3,7.1,71.7,70.7,4.1,2.0,98.0,98.0,25.3,28.3,8.2,3.0,9.0,8.2,6.1,5.2,14.3,15.3,20.4,21.6
1772855591.9874692,18.6,15.5,22.7,21.6,75.8,75.0,4.2,3.2,11.5,10.4,6.2,4.2,55.0,45.5,63.0,63.0,13.4,16.7,50.5,55.1,65.3,60.4,79.2,68.0,4.1,6.1,10.2,8.2,43.4,42.0,64.0,49.5,6.1,4.1,6.2,4.2,93.0,90.1,4.1,2.1,99.0,100.0,37.0,35.4,2.1,6.2,10.5,11.2,6.3,7.2,30.3,31.6,28.3,34.3
1772855592.987541,14.9,11.2,17.5,16.5,67.0,75.0,5.1,3.1,8.2,6.1,7.1,5.2,36.7,42.4,81.4,78.9,5.2,4.2,51.0,49.0,69.0,63.4,70.0,52.0,5.2,4.1,6.2,6.3,39.0,37.4,38.4,28.6,1.1,6.2,3.1,3.1,78.0,78.0,1.1,2.1,100.0,99.0,24.2,30.6,5.1,4.1,9.2,12.2,8.2,6.2,36.0,35.4,23.5,21.6
1772855593.9908996,13.5,11.0,18.4,18.4,75.8,67.3,4.1,3.1,4.1,3.1,6.1,4.0,44.1,51.0,48.5,53.5,13.5,16.3,58.0,55.6,54.0,53.0,63.4,64.0,13.3,5.1,7.2,10.0,33.0,38.0,43.0,31.3,5.1,6.1,1.0,2.1,80.2,81.0,3.1,3.1,100.0,99.0,26.5,23.0,3.1,2.1,11.1,7.1,8.2,9.3,20.0,29.0,24.2,27.6
1772855594.9913754,15.5,9.3,18.4,13.4,62.6,60.0,6.3,1.0,7.2,11.0,3.2,4.1,33.7,37.4,15.3,9.4,19.8,11.2,54.5,54.5,61.4,61.4,50.0,48.0,2.1,4.1,7.2,8.2,30.6,38.6,44.0,41.7,3.1,2.1,4.0,6.2,77.8,77.6,2.1,3.1,99.0,100.0,24.2,24.2,2.0,5.1,6.2,12.0,7.1,7.1,11.3,11.3,25.7,24.2
1772855595.9919505,15.3,10.1,17.0,17.2,65.7,74.0,4.0,3.0,3.0,2.1,6.1,4.1,46.9,43.4,17.5,14.6,13.4,13.1,55.4,53.0,52.5,52.5,32.3,41.0,9.0,5.1,4.0,4.1,30.7,35.4,44.0,51.0,5.0,4.1,2.1,5.2,73.0,72.0,3.1,8.2,100.0,99.0,22.2,24.2,3.0,2.1,12.1,8.2,7.1,7.2,13.3,14.1,27.8,19.4
1772855596.9921117,14.6,10.2,17.3,18.4,70.4,74.0,10.0,3.1,13.5,18.6,3.1,3.1,44.0,33.3,13.3,12.4,14.1,2.1,59.0,61.6,57.0,62.0,63.7,46.5,3.1,6.1,10.3,11.2,34.7,40.4,64.0,75.2,6.2,5.1,2.0,6.1,77.0,80.0,4.1,2.1,99.0,100.0,27.3,26.3,2.0,4.1,9.2,10.2,7.2,7.2,27.0,28.6,21.4,26.3
1772855597.9929504,13.4,11.1,19.2,18.2,68.0,61.4,8.2,2.0,20.4,25.3,5.1,6.0,49.0,42.7,8.3,8.3,4.1,7.1,55.6,61.0,67.3,61.0,77.0,58.4,6.1,4.1,7.1,6.1,29.0,36.7,91.2,89.2,6.1,4.1,3.1,2.0,83.0,83.3,3.1,2.1,99.0,99.0,26.0,23.0,3.1,3.1,8.2,9.2,9.0,8.2,27.7,29.0,25.3,25.3
1772855598.9930348,14.7,12.4,20.0,22.7,67.0,72.0,4.2,8.2,5.2,9.2,6.3,4.2,41.8,53.1,67.3,69.7,16.7,11.7,55.0,54.5,58.2,62.4,87.9,77.8,5.3,4.1,6.3,8.2,42.3,38.0,99.0,99.0,4.2,4.2,4.2,2.1,88.9,88.9,5.3,4.2,90.0,90.0,25.5,32.3,3.2,7.1,9.4,17.3,6.3,11.3,28.3,26.5,25.5,31.3
1772855599.9931333,17.7,12.2,17.5,16.5,67.3,71.7,6.2,2.1,4.2,0.0,3.1,3.1,34.0,37.4,80.2,81.2,17.2,10.3,49.0,49.0,64.6,69.0,88.1,98.0,5.1,3.1,8.2,7.2,33.7,31.3,89.1,89.0,4.1,6.1,3.1,5.2,73.3,71.3,3.2,5.2,91.0,90.1,26.3,30.3,5.2,2.0,8.1,8.2,4.2,6.2,7.1,7.3,22.4,24.7
1772855600.9932132,16.8,13.3,21.4,25.3,75.8,71.3,4.2,7.2,3.1,4.2,5.2,5.2,46.5,52.0,43.7,52.5,16.5,10.4,66.0,69.3,61.4,55.6,91.1,86.0,5.1,8.1,7.4,8.2,40.8,44.0,87.1,87.1,4.1,9.3,5.2,4.2,82.8,84.8,23.7,17.9,90.0,89.9,30.6,34.7,6.2,4.2,9.5,10.3,9.3,10.4,11.5,10.6,32.0,29.6
1772855601.9954164,13.7,10.5,18.6,20.8,80.6,73.0,5.2,5.2,11.3,5.2,4.1,6.1,45.5,40.0,15.6,13.4,5.2,10.2,56.0,64.6,73.0,69.0,86.0,87.0,5.2,4.1,8.2,8.1,41.6,37.4,84.8,87.9,4.1,4.1,3.1,4.1,86.0,86.0,16.3,21.6,89.2,89.2,28.0,30.0,6.3,3.0,15.2,11.2,7.3,7.2,40.8,41.0,31.3,27.6
1772855602.9955044,15.8,12.1,16.7,22.2,73.7,73.0,2.1,3.1,13.1,7.2,4.1,9.4,50.5,46.0,12.6,19.4,3.1,4.2,59.6,55.6,57.4,53.0,90.9,91.0,2.1,4.1,7.1,7.1,36.0,48.0,89.0,90.2,3.1,4.1,3.1,3.1,93.0,90.9,8.3,9.4,53.5,54.0,26.5,26.5,3.1,3.1,9.2,10.2,6.2,7.2,27.0,27.6,28.6,26.5
1772855603.9971333,14.0,11.2,19.0,13.1,59.6,64.0,4.1,4.1,3.1,3.1,5.1,7.1,38.4,34.7,12.4,10.4,25.3,23.0,47.5,53.0,59.4,56.4,92.1,85.1,4.0,4.1,7.1,7.1,30.6,30.0,81.2,90.0,5.1,3.1,1.0,2.1,80.0,80.2,2.1,2.1,33.3,32.3,22.0,26.0,3.1,4.0,7.2,7.1,8.0,7.2,19.0,18.0,23.0,18.6
1772855604.9973326,15.5,8.2,16.3,17.3,61.6,64.0,3.1,3.0,9.4,7.1,3.1,6.1,44.6,35.0,22.0,21.2,9.1,8.2,49.0,46.0,56.4,60.8,76.0,86.1,3.1,5.1,6.1,6.2,34.3,35.4,63.6,68.0,3.1,4.1,2.0,3.1,76.0,77.2,2.1,2.1,2.0,3.1,29.3,22.4,6.1,3.1,6.1,8.1,6.1,7.1,12.2,14.3,22.4,27.7
1772855605.998104,14.4,9.1,17.3,16.5,66.7,74.3,7.1,2.1,9.1,3.1,8.0,7.2,41.4,33.3,77.8,81.0,5.2,16.2,48.5,50.5,49.0,53.5,64.0,90.1,4.0,4.0,6.1,4.1,32.7,36.4,64.0,52.0,5.1,4.0,2.1,1.0,73.0,74.0,2.1,3.1,2.0,2.0,22.2,22.2,4.1,3.0,10.1,11.0,6.1,7.2,5.1,6.2,24.5,20.4
1772855606.9987388,14.3,11.5,16.7,19.4,73.0,74.0,9.2,5.2,11.3,13.4,4.1,4.1,41.4,45.0,75.3,76.3,7.3,2.1,58.0,55.1,67.0,64.0,61.6,80.0,4.1,4.1,7.1,8.2,32.3,38.4,51.0,44.9,3.1,4.1,3.1,2.1,83.0,82.0,4.1,2.1,1.0,3.1,27.0,25.5,3.0,4.1,9.3,7.2,9.2,6.2,16.5,20.2,26.3,28.6
1772855607.999535,15.5,22.2,18.2,15.2,66.0,70.3,7.1,3.0,18.4,15.3,4.1,6.0,34.3,38.0,14.4,17.3,6.2,2.1,52.5,53.0,59.4,60.0,48.0,61.0,2.0,6.1,8.2,4.1,31.0,43.6,55.6,44.0,3.1,6.1,2.0,4.0,80.0,81.0,10.2,6.1,2.1,3.0,21.2,23.2,2.0,3.1,11.1,8.9,7.1,8.1,31.7,27.3,19.2,23.2
1772855609.000048,14.3,10.3,18.2,18.4,67.3,69.0,5.1,5.2,11.2,10.3,5.1,4.1,40.0,38.6,11.3,10.4,14.3,10.2,55.6,53.0,45.5,50.5,71.0,71.0,6.2,4.0,8.1,7.1,36.0,32.0,59.4,64.4,3.1,2.1,3.0,3.0,78.0,75.8,37.4,17.0,6.1,3.1,25.5,20.0,2.1,5.0,10.1,9.2,6.2,8.1,37.4,35.4,25.8,20.4
1772855610.0018985,19.4,20.0,15.5,14.4,61.0,70.0,3.1,6.1,3.1,5.1,2.1,4.0,38.6,35.3,16.3,12.2,17.2,13.4,52.0,52.0,55.6,48.5,60.8,50.5,6.0,7.1,8.1,6.1,32.3,29.0,55.6,53.0,6.1,3.1,3.1,1.0,79.0,79.0,31.3,21.4,2.0,3.1,26.5,21.0,2.0,1.0,8.2,6.1,6.1,9.1,16.0,13.9,28.7,17.2
1772855611.0030346,13.5,10.1,20.2,16.5,63.3,69.3,4.0,2.1,6.1,4.0,4.1,5.1,44.4,35.7,12.1,12.5,15.3,11.3,61.0,63.0,65.3,66.0,69.0,49.0,3.1,2.0,7.2,6.1,38.0,38.4,56.9,55.4,5.1,2.0,6.2,2.1,83.8,84.8,17.3,21.6,5.2,3.1,22.2,24.2,4.1,4.0,12.1,7.2,5.2,7.2,6.1,3.1,25.0,20.4
1772855612.0040863,13.4,11.1,16.5,16.2,67.7,66.7,4.2,4.0,6.2,10.1,5.1,5.1,36.6,40.0,7.3,7.1,9.3,3.1,51.0,49.0,53.5,56.9,56.0,66.3,5.1,3.1,7.1,6.1,37.6,27.0,52.5,50.0,8.2,6.1,5.0,6.1,87.1,87.0,6.1,6.1,10.2,4.1,22.2,25.7,4.1,2.1,13.1,12.0,10.0,7.1,21.4,21.2,27.3,21.2
1772855613.007625,16.5,13.1,20.2,22.2,78.8,72.3,5.2,3.1,5.2,4.2,6.1,5.2,47.5,55.0,79.2,80.2,5.1,5.1,51.0,48.0,66.0,61.4,49.5,42.6,4.1,7.1,7.2,11.1,45.5,43.9,48.0,55.4,4.1,6.2,2.1,2.1,88.1,88.2,2.0,4.1,14.0,13.3,33.0,30.0,8.2,3.1,11.3,15.2,6.2,8.1,27.0,26.3,28.6,28.3
1772855614.0080595,16.5,17.2,21.4,16.7,72.0,69.0,6.1,6.1,14.3,8.2,3.2,7.1,51.0,44.0,86.3,81.9,23.2,20.4,67.3,68.0,66.0,67.0,59.4,55.6,4.2,6.1,8.2,9.2,42.4,40.0,73.3,65.0,8.1,5.1,4.0,2.1,94.0,93.9,4.1,3.1,12.4,13.4,29.3,25.3,4.0,3.1,11.3,9.4,8.2,10.3,39.0,40.4,26.3,35.4
1772855615.008205,11.6,8.1,17.5,13.3,64.3,56.0,5.2,3.1,3.1,5.1,7.1,4.1,28.3,37.0,33.3,35.4,16.2,18.4,43.0,46.9,46.0,50.0,64.0,44.0,4.0,4.1,7.1,10.2,37.0,23.5,62.6,73.0,5.1,7.0,3.1,3.1,82.0,83.0,2.1,2.1,39.0,28.6,24.0,17.3,2.1,4.0,8.2,12.1,7.0,9.1,15.3,13.3,26.3,18.4
1772855616.0082827,14.4,9.2,15.5,12.2,64.3,58.0,2.1,3.0,6.1,14.3,4.0,6.2,25.0,43.0,16.7,17.3,3.1,9.2,47.0,45.0,49.5,48.5,77.0,60.0,4.0,4.0,3.0,6.0,33.3,27.3,85.1,87.1,3.1,1.0,4.0,1.0,71.7,72.0,3.0,3.1,61.0,63.0,12.2,26.0,7.1,2.0,9.2,7.2,5.2,6.2,12.1,10.3,16.3,21.6
1772855617.0083635,14.6,11.1,19.2,17.0,68.0,68.0,8.1,2.1,12.5,13.3,6.1,5.1,37.4,38.0,15.0,10.4,4.1,6.1,51.0,46.5,58.4,63.4,76.0,79.2,4.1,4.1,7.1,9.2,31.6,32.3,99.0,96.0,5.1,3.1,3.1,3.1,75.2,74.7,3.1,2.1,68.7,69.0,23.0,18.6,4.0,2.1,9.3,9.1,10.0,7.1,15.5,18.2,25.0,21.0
1772855618.0089319,14.7,11.3,20.8,18.6,75.0,72.0,5.2,3.1,18.2,17.7,5.2,4.1,42.0,42.0,8.4,9.5,3.1,3.1,56.6,64.0,59.4,64.6,80.0,73.0,4.0,7.2,7.1,8.1,35.0,42.6,99.0,100.0,4.2,5.1,2.1,3.1,84.0,84.3,4.1,4.1,99.0,99.0,24.5,29.0,3.1,5.1,10.2,10.2,7.3,7.2,28.0,27.6,32.0,23.5
1772855619.0131688,12.6,15.0,15.6,19.6,76.0,74.3,6.1,6.1,10.3,13.3,5.1,6.1,42.4,44.0,25.8,27.8,33.7,20.4,61.4,61.6,59.0,56.9,71.3,77.5,8.2,8.2,4.2,12.5,39.4,37.0,95.0,90.0,2.1,8.2,2.1,10.1,87.9,82.2,4.1,4.1,99.0,99.0,24.2,30.3,4.0,3.1,10.1,15.5,9.2,8.2,41.0,41.6,26.5,26.5
1772855620.0134113,15.6,12.4,19.2,20.2,70.7,65.0,3.1,5.3,5.2,2.1,3.2,2.1,49.0,38.8,80.6,81.6,17.5,11.5,52.0,53.0,62.4,65.3,80.0,74.0,7.1,3.1,12.2,9.2,41.0,39.4,87.1,86.3,4.1,5.2,2.1,5.2,79.2,82.8,2.1,2.1,100.0,99.0,27.6,23.5,2.1,7.2,5.3,12.0,8.2,7.2,20.0,20.2,25.5,24.7
1772855621.015547,13.4,8.2,16.5,20.6,65.3,62.0,4.2,4.1,3.1,3.1,5.1,4.0,42.0,37.4,79.6,79.8,3.1,8.2,47.5,51.0,48.5,47.0,75.0,77.0,1.0,4.1,5.1,7.1,21.2,38.4,80.8,81.8,3.1,5.1,3.1,3.1,72.0,75.0,3.1,4.0,99.0,100.0,23.0,18.0,3.0,9.3,7.2,9.3,5.1,7.2,5.2,6.2,19.2,25.0
1772855622.0250208,14.4,13.9,15.2,13.0,61.0,58.4,4.0,4.0,4.1,12.1,2.0,3.1,44.0,35.9,17.3,15.5,2.1,1.0,49.0,49.5,51.0,50.5,84.2,83.3,5.0,1.0,4.1,5.1,35.6,30.7,57.8,61.8,4.0,3.0,4.0,4.0,78.4,78.0,3.0,2.0,99.0,98.0,28.0,20.8,2.0,4.0,8.9,6.1,5.1,8.1,16.2,16.0,17.2,23.5
1772855623.026106,12.5,5.1,17.2,15.0,64.0,68.3,5.1,2.0,2.0,4.0,3.1,5.1,34.7,32.7,14.1,12.1,2.0,3.0,44.4,50.5,50.0,53.9,66.3,66.3,4.0,3.0,9.1,9.2,22.0,26.3,67.6,54.5,4.0,5.1,5.0,4.0,70.3,70.3,4.1,2.0,100.0,100.0,25.0,18.8,2.0,2.0,8.1,7.0,4.1,7.1,27.7,26.0,20.0,23.0
1772855624.028877,25.8,14.4,22.9,14.7,74.2,79.0,9.5,3.1,10.4,7.3,5.2,5.2,40.4,44.9,14.7,12.5,23.7,16.7,56.6,51.0,61.6,64.6,75.8,56.6,3.1,4.2,4.1,8.2,44.9,35.7,48.0,36.1,1.0,3.2,6.3,6.2,69.7,72.0,3.1,2.1,99.0,99.0,28.6,28.6,6.1,3.1,13.4,15.5,7.2,8.2,35.0,33.7,24.7,26.0
1772855625.031918,12.4,11.1,25.3,16.2,65.7,76.2,2.1,3.1,6.3,3.1,10.1,4.1,45.5,38.2,10.0,6.3,19.4,21.0,56.0,58.0,56.4,56.0,62.0,40.4,4.1,5.1,7.0,7.1,45.0,37.6,60.0,60.0,5.1,4.0,4.1,4.1,83.8,83.0,3.1,2.0,100.0,99.0,28.3,26.5,2.0,6.2,12.2,10.0,8.1,8.2,19.2,19.2,25.3,26.7
1772855626.03275,10.5,9.1,17.0,16.3,43.4,49.0,4.1,2.0,8.2,9.3,5.2,4.1,31.3,32.3,19.6,22.4,13.0,2.1,46.5,45.0,55.6,54.5,63.4,38.4,2.0,6.1,5.1,10.0,24.2,22.4,75.0,68.0,3.1,3.0,2.0,3.1,74.3,75.8,3.1,1.0,98.0,99.0,22.4,17.0,3.0,9.3,9.0,5.2,6.2,5.2,12.2,9.2,21.4,12.5
1772855627.0333502,16.5,12.0,20.8,18.2,74.5,73.7,2.1,2.1,12.4,21.6,5.1,5.1,44.0,47.0,82.8,81.8,10.2,3.1,59.0,64.6,63.4,66.3,66.7,44.6,5.1,4.1,7.2,4.1,41.0,37.4,74.0,74.5,6.1,7.0,2.1,4.1,84.0,85.0,8.2,7.1,90.1,91.1,30.6,30.9,3.1,3.1,10.2,11.1,11.1,9.2,19.2,18.4,35.0,25.5
1772855628.0347004,16.3,10.2,20.8,15.5,69.4,72.5,5.2,4.1,15.6,10.5,4.2,4.1,45.0,45.0,88.7,91.7,1.1,3.1,59.0,58.4,53.0,55.0,55.6,66.3,2.1,5.1,8.3,8.2,39.0,37.6,89.0,90.0,5.1,1.0,2.1,1.0,76.8,77.8,7.1,3.1,89.0,90.1,20.2,26.0,4.0,4.0,8.2,8.3,6.2,6.2,28.3,30.3,21.4,27.8
1772855629.0373425,13.5,10.0,15.3,16.3,75.5,78.0,9.2,1.0,20.2,13.1,5.0,6.1,38.4,41.6,20.6,19.0,24.0,26.3,49.5,51.0,57.8,58.4,70.0,64.0,3.0,3.1,7.1,3.1,21.4,39.6,78.0,84.2,5.0,3.1,2.0,2.0,78.2,75.5,7.1,2.1,68.6,69.0,19.0,16.2,2.0,4.1,9.3,11.0,5.2,7.1,41.6,41.0,25.5,22.0
1772855630.038814,13.4,11.3,14.3,20.2,66.7,67.0,8.0,1.0,4.0,5.0,4.2,3.1,34.3,29.3,8.3,13.4,10.2,17.3,49.5,52.0,56.0,56.9,73.3,65.0,4.1,5.1,8.1,6.1,38.0,31.3,53.0,62.4,6.1,2.1,5.1,1.0,83.0,82.0,2.1,4.0,41.4,42.0,27.0,22.2,2.0,5.1,7.0,9.2,7.1,6.1,17.2,13.4,24.0,15.3
1772855631.038899,12.5,9.2,14.6,17.3,61.2,58.6,6.3,2.1,3.1,3.1,5.1,3.1,56.4,53.5,13.1,11.3,3.1,10.1,50.5,52.0,52.0,56.4,68.0,84.0,4.0,4.1,11.2,13.3,40.0,34.0,41.4,49.5,3.1,6.1,3.1,3.1,87.9,88.9,4.0,6.1,31.0,32.0,24.2,31.0,3.0,5.0,10.3,6.2,8.1,9.1,4.1,9.1,25.8,24.5
1772855632.0397046,14.6,13.1,17.2,17.2,58.2,62.0,3.1,2.0,2.1,11.1,7.2,4.1,43.4,33.3,6.1,4.1,4.1,2.0,46.9,51.5,63.7,62.0,63.4,79.4,4.1,3.1,8.1,10.1,34.0,32.3,53.5,48.0,4.0,3.0,3.0,3.0,75.5,77.0,3.1,2.0,14.1,12.0,27.0,23.8,2.0,2.0,8.0,13.0,5.1,8.1,15.2,17.0,23.0,23.2
1772855633.0397828,13.5,9.2,15.3,12.2,67.0,68.7,3.0,2.1,2.1,5.1,6.1,6.0,32.3,40.0,2.1,6.1,2.1,2.1,44.0,47.0,45.0,47.0,64.0,76.0,4.0,3.0,4.1,7.1,27.3,31.0,54.9,40.6,3.0,4.1,3.1,1.0,67.7,68.0,4.1,2.0,1.0,2.0,15.2,22.0,1.0,2.0,9.3,7.1,8.1,4.1,25.0,23.5,17.0,21.6
1772855634.0398638,15.2,9.0,16.3,16.3,80.8,80.4,4.1,3.0,6.0,5.1,4.1,3.1,47.5,48.5,69.0,68.0,15.2,15.0,53.5,55.6,47.0,57.6,74.3,65.3,2.0,6.1,5.2,5.2,37.0,33.7,75.2,71.7,4.1,3.1,4.0,4.0,76.0,77.0,2.1,8.2,4.0,3.1,28.0,20.2,5.0,3.1,6.1,9.2,7.1,6.2,29.0,28.6,21.6,24.0
1772855635.04152,11.7,8.2,15.2,17.0,67.0,55.0,3.1,1.0,4.1,10.0,3.1,5.2,37.6,34.7,92.9,86.9,12.1,14.4,30.3,32.3,47.0,52.5,69.3,79.6,1.0,1.0,2.0,5.0,27.7,28.7,71.7,75.0,3.1,1.0,3.1,2.1,33.3,34.3,2.0,3.0,1.0,3.0,19.8,23.2,0.0,3.0,9.1,5.2,4.0,6.0,14.0,14.0,16.2,15.3
1772855636.0420763,15.0,6.1,14.0,12.2,54.5,44.0,2.0,2.0,2.0,3.0,2.0,2.0,28.3,28.3,33.0,30.9,1.0,2.0,17.0,13.9,55.4,56.0,60.4,52.9,2.0,2.0,3.0,1.0,29.3,28.0,49.5,72.5,1.0,2.0,2.0,2.0,19.2,19.0,1.0,1.0,2.0,0.0,22.2,13.1,1.0,2.0,5.0,5.0,3.0,3.0,3.0,3.0,7.0,5.1
1772855637.0432003,11.6,7.1,17.2,17.2,64.0,72.0,1.0,1.0,1.0,2.0,3.0,4.0,41.0,49.0,2.0,4.0,3.0,1.0,15.0,17.2,51.0,55.4,53.5,52.0,3.0,2.0,2.0,2.0,31.3,32.3,49.5,57.1,3.0,3.0,3.1,1.0,17.2,19.0,3.0,1.0,2.0,0.0,25.0,23.8,3.0,2.0,7.0,7.0,2.0,1.0,2.0,2.0,9.0,10.1
1772855638.043728,13.5,8.9,13.3,17.3,67.7,71.0,2.0,2.0,4.0,3.0,3.0,2.0,40.0,41.6,2.0,4.0,10.0,8.2,33.7,34.3,51.5,54.0,43.0,42.0,3.1,0.0,6.0,6.1,41.0,38.0,60.0,61.8,1.0,1.0,3.0,5.9,34.0,35.7,0.0,2.1,1.0,2.0,24.2,26.0,2.0,2.0,6.1,8.1,4.1,6.1,4.0,3.0,9.1,10.2
1772855639.043812,10.1,1.0,13.0,15.0,63.0,61.0,1.0,2.0,1.0,2.0,2.0,1.0,39.0,34.0,1.0,2.0,7.0,4.0,22.0,20.8,53.9,54.5,31.7,20.0,3.0,2.0,2.0,2.0,26.3,27.0,63.0,62.6,2.0,2.0,4.0,1.0,20.0,18.0,2.0,1.0,1.0,3.0,24.2,17.2,2.0,2.0,3.0,3.0,2.0,3.0,9.2,11.1,11.9,12.1
1772855640.0438967,8.5,7.1,13.1,14.0,58.4,68.0,2.0,2.0,1.0,1.0,1.0,3.0,32.0,25.7,2.0,0.0,1.0,1.0,10.0,11.1,44.0,45.1,30.4,36.0,5.1,1.0,3.0,3.9,28.0,19.2,64.0,65.3,2.0,1.0,2.0,4.1,17.0,17.0,2.0,1.0,2.0,1.0,17.8,17.0,2.0,2.0,4.1,6.0,4.0,5.0,4.0,1.0,5.0,4.1
1772855641.049266,11.8,8.1,17.8,17.5,56.0,67.3,2.0,5.0,4.0,2.1,4.0,4.0,35.6,35.6,3.0,3.0,2.1,8.0,36.6,40.0,56.7,54.9,40.4,53.4,4.0,4.0,5.1,2.0,39.6,27.7,68.3,65.7,9.1,2.0,6.0,3.0,58.4,56.4,2.0,2.0,3.1,2.0,24.2,26.0,4.0,2.0,9.0,7.1,5.1,4.1,5.1,7.0,13.3,20.8
1772855642.049365,10.6,8.0,9.2,9.1,37.4,30.7,1.0,2.0,10.0,3.1,2.0,1.0,26.0,26.3,2.0,2.0,2.0,2.0,18.0,13.4,39.4,38.0,50.5,53.0,3.0,1.0,1.0,3.1,20.2,21.4,55.6,59.6,3.0,3.0,1.0,1.0,20.4,22.4,1.0,2.0,1.0,1.0,17.0,17.2,2.1,3.0,5.1,6.0,2.1,4.0,11.0,10.1,9.2,14.4
1772855643.052745,8.2,1.0,10.0,6.0,71.3,78.0,1.0,0.0,2.0,1.0,3.0,2.0,20.0,25.3,0.0,0.0,0.0,0.0,4.0,5.9,43.6,37.6,59.4,58.4,0.0,1.0,1.0,3.0,11.9,18.8,42.0,39.2,1.0,1.0,2.0,1.0,12.0,16.0,3.0,1.0,1.0,1.0,10.0,5.0,3.0,1.0,4.0,2.0,2.9,0.0,0.0,1.0,3.0,3.0
1772855644.054853,7.6,6.0,8.1,7.1,29.7,22.8,2.0,2.0,1.0,1.0,1.0,1.0,30.4,23.5,2.0,7.9,1.0,1.0,7.9,8.0,33.0,36.0,50.5,45.5,1.0,1.0,1.0,1.0,26.3,26.7,32.0,34.3,2.0,3.0,2.0,1.0,18.0,16.0,1.0,1.0,1.0,1.0,21.8,17.0,1.0,1.0,4.0,4.0,1.0,2.0,1.0,2.0,4.0,8.0
1772855645.0560427,16.8,11.2,19.2,18.2,61.0,71.7,3.1,2.0,10.2,5.1,4.0,3.1,44.4,43.0,15.2,7.2,3.1,3.0,46.5,49.0,51.5,52.0,38.0,44.1,4.0,1.0,3.0,5.2,39.6,28.6,51.0,51.5,1.0,2.0,1.0,2.0,53.5,54.0,5.1,2.0,3.1,1.0,26.3,25.0,3.0,3.0,8.1,7.1,7.1,6.2,3.1,4.0,16.8,16.2
1772855646.0563667,9.2,3.0,14.1,9.1,79.0,74.5,1.0,1.0,2.0,1.0,3.0,4.0,33.7,34.3,11.1,10.0,1.0,1.0,14.7,9.0,47.1,43.6,39.6,21.0,1.0,2.0,2.0,1.0,32.0,22.0,61.0,60.4,2.0,1.0,3.0,2.0,27.3,30.0,1.0,1.0,0.0,2.0,20.6,16.2,1.0,0.0,4.0,3.1,3.0,2.0,14.0,11.1,7.1,13.3
1772855647.0600402,12.6,7.9,18.0,21.2,76.0,76.8,3.0,1.0,3.1,2.0,2.0,2.0,47.0,46.0,1.0,2.1,2.0,2.0,13.1,8.1,65.3,62.0,40.6,14.0,2.0,1.0,1.0,2.0,35.0,37.4,54.5,55.4,1.0,3.0,2.0,3.0,45.5,45.5,2.0,0.0,2.0,1.0,28.0,28.7,0.0,4.0,9.0,6.1,3.0,5.0,7.1,6.1,4.1,7.0
1772855648.0601273,11.5,5.1,6.2,12.1,48.5,58.0,1.0,0.0,4.0,1.0,1.0,1.0,26.3,33.0,1.0,2.0,1.0,2.0,6.0,10.1,49.0,52.0,25.0,5.0,2.0,2.0,2.0,1.0,22.2,26.7,55.6,55.4,2.0,0.0,1.0,0.0,20.2,25.7,1.0,1.0,0.0,2.9,21.2,15.3,3.0,1.0,4.0,3.0,2.0,1.0,10.0,10.9,5.1,4.0
1772855649.062358,15.5,11.0,21.0,21.0,74.0,75.0,2.0,4.0,9.1,5.1,6.1,3.0,53.0,54.0,4.0,2.0,1.0,3.0,38.0,37.0,58.8,55.3,11.0,21.8,2.0,3.0,3.0,3.0,43.6,41.6,40.6,37.0,1.0,2.0,1.0,3.0,43.0,46.0,1.0,2.0,2.0,1.0,25.7,30.0,5.0,1.0,8.0,10.9,4.0,4.0,9.0,9.1,14.0,11.0
1772855650.0624397,9.5,8.0,15.2,15.3,63.0,51.0,2.0,1.0,10.2,13.1,2.0,2.0,29.0,38.2,1.0,1.0,2.0,1.0,7.0,9.0,61.4,65.0,10.2,11.1,1.0,1.0,5.0,1.0,32.0,32.3,17.2,16.2,2.0,3.0,1.0,2.0,20.2,26.7,2.0,0.0,3.0,2.0,20.0,21.2,1.0,1.0,5.1,4.0,4.0,5.0,7.0,8.1,6.1,9.1
1772855651.0649073,15.2,9.1,19.2,19.2,83.8,76.0,3.0,14.3,2.0,6.1,2.0,5.0,51.0,54.5,3.0,2.0,3.0,3.1,26.5,24.5,54.5,58.6,31.0,13.0,2.0,1.0,4.1,3.0,37.4,40.6,17.0,5.1,1.0,1.0,2.0,3.0,37.0,38.0,1.0,4.0,2.0,2.0,28.6,25.0,2.0,1.0,7.0,7.1,2.0,3.1,2.1,3.1,5.9,13.3
1772855652.0662496,12.5,7.1,14.1,14.9,71.0,66.0,3.0,2.0,9.1,3.1,4.0,0.0,38.0,37.4,1.0,1.0,2.0,3.0,21.8,21.2,52.5,53.5,23.0,10.1,3.0,1.0,5.0,2.0,31.7,33.0,8.0,1.0,3.0,3.0,2.0,1.0,25.3,32.0,16.2,4.0,2.0,2.0,21.0,20.2,2.0,2.0,7.1,6.1,5.1,6.1,4.0,2.0,3.1,11.1
1772855653.0663395,10.6,7.0,15.3,21.4,69.7,64.0,3.0,2.0,2.0,1.0,3.0,3.0,43.4,40.6,2.0,2.0,1.0,2.0,5.2,9.0,70.3,70.4,15.2,7.9,1.0,2.0,4.0,8.2,27.3,38.4,1.0,1.0,1.0,1.0,2.0,2.0,35.0,29.3,4.1,5.0,1.0,0.0,27.0,25.0,0.0,0.0,7.1,7.1,3.0,2.0,2.0,0.0,7.9,2.0
1772855654.0676937,12.5,8.0,18.2,20.2,72.0,68.6,5.1,2.0,8.1,11.1,3.0,2.1,51.0,49.5,22.2,23.5,22.4,23.2,40.4,40.4,49.0,54.0,24.8,14.1,3.0,2.0,2.0,2.0,41.0,39.0,11.2,19.8,3.0,3.0,1.0,2.0,61.4,61.0,2.0,1.0,8.2,5.0,27.7,21.8,1.0,4.0,8.0,12.0,7.1,6.1,26.0,26.7,17.2,12.2
1772855655.0677743,17.7,15.3,17.5,18.6,70.4,74.0,8.2,3.1,4.2,10.2,6.1,4.1,39.6,38.4,90.9,91.0,14.3,21.2,66.0,59.8,66.0,66.7,16.5,58.0,6.1,4.1,6.0,5.2,36.0,38.4,19.4,26.5,2.1,5.2,3.1,3.1,87.9,90.0,4.1,4.1,12.4,11.5,25.3,30.3,3.1,3.1,9.2,8.3,6.3,8.2,35.4,36.0,24.5,30.0
1772855656.067856,17.2,35.7,18.4,16.0,63.0,58.6,6.2,5.1,6.9,4.1,3.1,6.1,39.4,45.5,89.7,90.7,3.1,9.3,53.0,46.9,59.0,60.4,59.0,70.3,5.2,4.0,8.3,9.2,26.3,32.0,24.7,56.0,3.1,7.1,4.1,2.1,80.0,80.0,8.2,3.1,24.0,23.5,18.2,30.3,3.1,5.1,10.1,8.2,6.1,6.3,19.4,21.4,24.5,24.5
1772855657.0686028,13.5,9.1,21.4,16.2,70.7,68.0,9.1,4.1,3.2,4.1,6.1,5.1,35.7,40.6,15.3,21.0,4.1,2.0,49.0,43.4,51.0,51.0,77.2,82.2,3.1,3.1,7.0,7.1,38.4,35.4,70.3,80.2,2.1,7.1,2.1,3.0,63.0,63.0,22.0,5.2,41.8,40.8,26.3,25.3,4.1,3.1,8.1,11.3,7.0,6.1,12.1,12.2,28.3,19.6
1772855658.0686967,16.7,12.1,20.4,14.1,61.0,64.0,6.2,4.0,4.0,2.1,6.1,4.0,42.0,43.0,12.2,12.5,2.1,3.1,46.5,46.0,52.5,54.0,92.0,97.0,4.0,4.1,3.1,6.1,30.0,36.7,96.0,99.0,4.0,4.1,2.1,1.0,60.0,59.2,8.3,26.3,59.0,60.4,23.2,22.4,7.2,1.0,6.2,10.1,5.1,7.2,13.0,15.5,16.3,20.6
1772855659.06898,12.6,6.1,19.6,14.1,69.0,67.0,4.0,2.0,10.0,4.1,3.0,0.0,39.6,37.4,2.0,7.1,2.0,1.0,29.0,29.0,66.3,66.3,100.0,99.0,2.0,2.0,2.0,3.1,32.0,36.3,100.0,100.0,1.0,2.0,2.0,3.0,27.8,28.0,4.1,3.0,60.0,61.0,31.0,22.0,3.0,1.0,6.1,5.1,2.0,1.0,10.0,10.0,14.0,14.0
1772855660.0690668,13.1,6.0,11.0,11.1,46.5,45.5,2.0,1.0,0.0,1.0,2.0,3.0,29.0,23.0,0.0,2.0,2.0,2.1,7.1,7.1,44.1,33.0,100.0,99.0,1.0,2.0,2.0,2.0,26.0,24.2,87.1,96.0,0.0,2.1,1.0,2.0,15.0,15.2,1.0,0.0,61.0,58.0,15.0,15.2,4.0,0.0,3.0,4.0,1.0,2.0,1.0,1.0,8.0,4.0
1772855661.0697038,14.0,13.3,26.5,23.2,68.7,79.0,2.1,0.0,11.1,3.1,3.1,2.1,54.5,53.0,4.1,3.1,19.4,18.6,45.5,48.5,57.0,52.5,94.1,91.1,3.0,3.1,5.2,5.2,41.0,37.0,92.1,94.1,2.0,4.1,0.0,3.1,65.0,63.6,3.1,15.3,72.0,77.2,31.3,24.0,3.1,2.0,8.2,9.0,6.1,6.1,3.1,2.1,17.3,21.4
1772855662.0698028,11.0,5.0,11.1,9.2,54.5,61.4,3.0,3.0,2.0,6.1,2.0,2.0,31.0,25.3,2.0,6.0,5.1,9.1,19.0,15.3,44.6,50.5,84.2,85.0,1.0,2.0,2.0,1.0,23.2,32.0,90.1,91.1,2.0,2.0,2.0,1.0,24.0,24.2,2.0,8.1,91.0,89.0,18.8,18.0,0.0,1.0,5.1,4.1,2.0,4.0,5.0,3.0,8.1,15.2
1772855663.0720174,12.9,7.0,22.2,24.5,74.3,75.0,1.0,2.0,3.0,2.0,2.0,4.0,57.4,53.5,2.0,2.1,1.0,4.1,16.0,18.0,74.3,70.3,73.7,79.0,2.0,1.0,4.1,2.0,42.0,42.4,77.0,83.8,3.1,3.0,2.0,2.0,25.5,25.3,2.0,1.0,90.0,89.9,33.3,34.3,2.0,3.1,11.0,7.0,2.0,4.0,13.0,13.1,6.0,6.1
1772855664.0751696,18.6,16.3,17.2,19.6,75.0,70.7,6.2,2.0,4.1,3.1,4.1,3.1,55.6,50.0,2.1,3.1,10.2,16.2,50.0,55.9,59.0,55.4,61.4,56.0,4.0,6.1,3.1,10.2,42.4,42.6,78.2,71.6,4.0,5.2,2.0,3.1,66.7,66.3,1.0,2.1,97.0,96.0,35.6,38.0,1.0,2.0,9.2,9.2,5.1,8.2,26.3,27.3,21.4,23.5
1772855665.075806,16.5,7.1,19.0,13.0,53.0,48.5,6.1,1.0,4.1,8.2,2.0,3.0,37.4,31.3,2.0,3.0,4.1,9.2,31.6,31.6,57.0,57.0,55.0,43.6,1.0,3.1,3.1,4.1,23.0,31.0,48.0,45.5,1.0,4.0,2.0,2.0,40.6,40.8,2.0,3.0,99.0,100.0,10.1,19.2,2.0,3.1,7.0,6.0,2.0,3.1,24.2,24.2,15.2,11.2
1772855666.0758774,13.7,8.1,16.5,17.3,73.7,61.6,4.1,3.1,8.3,8.2,4.0,5.1,35.4,35.7,84.8,87.0,4.2,5.2,42.4,47.5,62.0,66.0,43.9,51.0,4.1,3.1,7.1,8.2,31.7,27.3,40.0,53.0,3.0,1.0,3.1,3.1,63.6,62.4,3.1,2.1,99.0,99.0,27.8,29.6,1.0,3.1,10.4,9.2,8.2,7.1,15.5,15.3,23.5,23.0
1772855667.0772054,15.5,7.0,15.3,16.2,73.0,64.0,3.1,2.0,1.0,1.0,2.0,1.0,35.4,36.6,90.8,90.6,1.0,0.0,19.0,17.3,47.0,46.5,56.9,57.0,1.1,1.0,2.0,2.0,38.0,36.0,59.4,47.5,2.0,2.0,1.0,9.0,20.0,24.0,2.0,1.0,99.0,98.0,27.3,30.0,2.0,1.0,4.0,4.0,3.0,2.1,6.0,5.1,9.1,5.1
1772855668.0775652,9.4,3.1,23.0,16.2,74.3,74.3,1.0,3.1,2.0,3.0,1.0,4.1,53.0,52.5,22.4,24.5,0.0,3.0,12.1,11.0,57.4,62.4,68.0,68.0,2.0,1.0,2.0,3.0,30.3,35.4,56.6,45.0,2.0,2.0,2.1,0.0,15.0,22.0,1.0,5.1,96.0,95.0,29.0,28.0,0.0,1.0,7.1,4.2,1.0,3.0,1.0,2.0,4.0,5.1
1772855669.0776274,16.8,15.0,25.5,22.4,83.0,77.2,3.1,4.0,8.2,8.2,5.1,4.1,50.0,46.5,8.1,4.1,2.1,4.1,36.4,41.8,66.3,67.6,70.7,77.0,4.1,4.1,5.1,5.1,48.0,48.0,72.3,54.5,2.0,4.0,2.1,2.1,65.7,63.6,2.1,34.0,90.0,90.1,33.3,28.6,3.1,3.1,9.1,10.1,7.1,7.1,11.2,12.1,12.4,15.3
1772855670.0808253,13.7,12.1,22.4,23.5,78.8,68.0,5.1,2.0,16.3,13.4,5.1,6.1,51.0,44.0,8.2,19.0,1.1,5.1,55.0,55.4,62.0,67.0,64.0,57.0,4.1,4.0,3.1,3.1,43.4,47.0,56.6,55.6,3.1,3.1,2.0,4.1,67.0,68.3,3.1,48.0,75.2,76.0,31.4,30.0,5.1,3.0,10.2,13.0,6.1,7.2,13.0,12.5,34.7,26.3
1772855671.081157,15.6,9.1,18.6,13.4,70.0,58.0,4.1,1.0,11.3,9.2,3.1,6.1,40.0,49.0,12.4,14.3,31.0,26.3,53.0,48.0,55.0,53.9,47.0,48.0,3.0,1.0,5.1,4.1,35.0,34.3,47.1,46.0,2.0,1.0,2.0,1.0,57.0,55.0,3.1,33.0,60.0,57.0,20.2,23.0,1.1,1.0,10.0,8.2,5.2,5.2,12.0,13.0,25.3,22.2
1772855672.0860834,13.4,6.0,16.0,16.0,59.8,56.0,3.0,1.0,1.0,1.0,2.0,3.0,35.6,32.7,3.0,3.0,2.0,3.0,11.0,8.0,58.8,59.0,40.8,23.8,2.0,2.0,4.0,5.0,30.0,30.0,25.0,37.3,4.0,2.0,4.0,1.0,29.7,31.0,1.0,12.0,46.1,45.5,24.2,26.7,2.0,1.0,5.2,3.1,4.0,4.0,2.0,1.0,9.2,6.1
1772855673.0865185,14.1,5.1,11.2,13.3,59.2,71.3,2.0,1.0,1.0,2.0,2.0,2.0,33.3,33.0,0.0,1.0,1.0,1.0,10.1,8.1,39.0,48.0,5.1,0.0,1.0,4.0,0.0,2.0,31.3,24.0,16.0,16.0,1.0,2.0,0.0,3.0,15.2,14.3,2.0,10.1,39.4,40.4,19.0,16.0,1.0,2.0,3.0,4.0,2.0,2.0,2.0,4.0,6.0,8.0
1772855674.087168,14.4,13.0,20.2,23.0,75.0,82.0,4.0,3.1,10.2,3.1,5.1,2.0,52.0,49.5,4.0,3.1,7.1,17.3,50.5,45.0,63.4,61.0,3.0,3.0,2.0,3.1,6.0,4.1,47.5,42.0,16.2,3.0,4.0,1.0,2.1,1.0,56.0,55.9,31.6,12.1,42.6,41.2,36.4,24.5,3.0,1.0,9.3,10.1,6.1,6.1,2.0,3.1,19.4,16.5
1772855675.0899045,11.6,5.1,15.2,20.0,71.7,60.6,1.0,2.0,2.0,3.0,3.0,1.0,43.0,38.0,1.0,2.0,3.0,5.0,22.0,21.2,59.4,58.4,1.0,1.0,1.0,2.0,0.0,2.0,27.3,27.3,20.2,1.0,0.0,3.0,2.0,2.0,26.3,29.3,1.0,1.0,21.0,22.0,23.0,19.0,1.0,2.0,6.0,5.1,4.0,2.1,7.9,7.1,12.9,11.2
1772855676.099109,11.6,10.8,18.4,23.0,77.5,71.6,5.9,2.0,3.0,4.0,8.0,3.0,55.4,54.9,5.0,2.0,2.0,2.0,42.2,39.6,66.0,63.1,1.0,2.0,4.0,3.0,4.0,3.0,47.0,29.4,14.7,8.0,2.0,4.9,2.0,1.0,45.1,47.5,3.0,5.9,10.9,12.6,28.4,31.7,4.8,2.0,7.9,9.7,3.0,5.9,28.7,27.5,14.0,14.9
1772855677.102001,12.4,5.1,14.3,15.2,58.0,56.0,2.0,6.1,2.0,2.0,6.1,2.0,34.3,24.2,3.0,1.0,4.0,0.0,18.0,18.4,51.5,48.0,2.0,3.0,1.0,1.0,1.0,1.0,27.0,26.0,20.2,3.0,0.0,2.0,0.0,2.0,31.3,27.3,1.0,1.0,12.0,10.1,18.2,23.2,1.0,0.0,11.1,10.0,2.0,3.0,15.2,13.3,9.1,11.2
1772855678.1020885,12.4,8.2,16.2,18.0,63.6,73.0,4.0,3.0,5.1,1.0,4.0,2.0,47.5,51.5,2.0,6.2,7.2,3.1,33.7,44.0,60.8,62.4,12.2,5.1,3.0,4.0,5.1,3.1,40.4,37.4,24.0,8.2,3.0,4.1,1.0,2.1,64.6,68.0,3.0,2.0,11.9,11.9,30.3,31.0,3.0,2.0,8.1,7.2,3.1,4.1,7.1,8.2,12.4,13.3
1772855679.1029153,16.2,13.1,17.3,17.5,67.3,67.0,6.1,1.0,13.1,3.0,6.1,3.0,33.7,36.0,88.0,90.1,3.1,2.0,36.4,33.0,54.5,58.4,21.0,22.2,3.1,3.1,1.0,2.0,37.0,45.5,35.0,31.7,1.0,3.0,1.0,1.0,53.0,49.5,3.0,2.0,12.0,11.0,22.0,21.2,2.0,0.0,5.1,8.0,3.1,5.1,11.1,12.0,15.0,14.1
1772855680.105098,15.2,7.1,17.8,17.0,72.0,72.3,1.0,6.0,5.1,2.0,1.0,1.0,49.0,47.5,88.8,88.8,2.0,2.0,15.8,11.1,51.0,51.5,25.0,37.6,3.0,2.0,1.0,4.0,31.3,33.0,46.1,33.3,2.0,3.0,1.0,2.0,33.3,41.6,1.0,2.0,6.1,7.0,23.8,26.7,1.0,2.0,5.9,6.9,2.0,4.0,9.9,12.9,7.0,7.0
1772855681.105566,13.5,8.2,19.4,14.4,60.0,73.7,2.1,3.1,4.1,3.1,6.1,4.1,29.3,38.4,18.6,18.4,5.1,2.0,41.0,44.4,68.7,66.3,28.6,49.0,4.2,4.1,14.1,5.1,34.3,35.4,47.5,33.3,3.1,3.0,4.1,1.0,68.7,72.7,3.1,2.1,3.0,2.0,28.0,24.2,1.0,1.0,8.3,7.2,8.0,5.1,2.1,3.1,21.2,17.3
1772855682.1056569,11.3,11.0,15.3,9.1,64.6,57.4,1.0,2.0,3.0,4.0,3.0,1.0,34.0,33.0,1.0,5.0,0.0,2.0,29.6,28.7,48.5,48.5,32.7,59.4,5.1,3.0,9.0,3.0,35.0,28.7,68.6,33.0,2.0,3.0,9.0,0.0,35.7,37.0,4.0,1.0,3.1,0.0,17.2,17.0,2.0,0.0,5.9,2.0,3.1,5.0,12.9,12.1,14.0,13.1
1772855683.1068242,13.4,8.0,16.0,14.9,62.0,68.0,3.0,2.0,2.0,1.0,4.0,1.0,45.1,44.6,4.0,2.0,1.0,3.0,16.2,8.2,47.1,45.5,40.6,60.4,3.0,1.0,4.0,1.0,27.0,31.3,71.6,30.0,4.0,3.0,6.1,3.0,30.3,31.3,1.0,2.0,3.0,3.0,19.2,23.2,2.0,1.0,9.0,7.1,3.0,2.0,2.0,3.1,7.0,11.0
1772855684.1073408,14.9,11.3,16.5,18.2,64.4,65.0,7.1,1.0,2.1,5.1,3.1,3.0,36.0,35.4,3.0,2.0,15.2,13.3,25.0,24.2,58.6,62.0,57.0,55.4,1.0,2.0,3.1,3.0,35.6,31.7,74.0,38.4,2.0,2.0,3.0,2.0,48.5,47.5,2.0,2.0,4.0,1.0,24.0,25.0,3.0,0.0,7.1,5.0,7.0,6.1,14.0,13.9,11.3,11.1
1772855685.107424,12.5,8.0,16.3,15.2,74.0,53.9,2.1,1.0,10.9,8.1,4.1,3.0,48.0,42.0,12.2,15.5,14.0,18.2,36.6,34.7,65.0,62.0,96.1,92.0,3.0,3.0,3.0,4.0,30.3,38.4,77.8,82.2,1.0,3.0,1.0,1.0,52.5,55.0,2.0,2.0,3.0,2.0,25.3,30.3,3.0,4.0,7.1,6.2,3.1,6.1,9.1,11.2,21.2,16.5
1772855686.1089072,13.4,7.1,18.4,21.0,65.7,69.3,5.1,3.0,6.1,5.1,5.1,3.0,38.0,38.4,13.1,11.1,10.2,17.0,36.4,37.6,53.5,51.5,91.9,85.0,3.0,4.0,3.1,3.1,31.7,39.6,77.5,82.2,3.0,3.0,1.0,3.0,49.0,48.5,2.0,3.0,1.0,1.0,25.7,25.5,3.1,2.0,10.2,9.0,4.1,4.1,7.0,5.2,14.1,18.0
1772855687.1092885,11.5,9.9,12.0,9.2,40.4,61.6,2.0,1.0,3.0,2.0,1.0,2.0,27.0,34.7,2.0,4.1,2.0,3.0,21.0,24.2,43.4,41.0,83.2,94.1,2.0,2.0,3.0,5.0,19.2,26.0,80.0,80.0,4.0,1.0,3.1,2.0,37.4,32.0,2.1,3.0,2.0,3.0,23.2,21.2,1.0,1.0,4.0,7.0,4.0,4.0,16.2,20.2,12.0,14.3
1772855688.1096153,11.5,7.0,13.3,17.2,72.0,71.0,2.0,3.1,2.0,1.0,3.0,2.0,39.0,41.0,1.0,2.0,1.0,1.0,12.1,9.2,54.5,51.0,76.2,86.0,1.0,1.0,0.0,2.0,31.3,34.0,80.0,80.2,2.0,1.0,4.0,1.0,31.7,31.0,2.0,0.0,1.0,1.0,23.0,20.8,2.0,2.0,5.1,3.1,1.0,2.0,5.0,3.0,4.0,8.8
1772855689.1132703,12.4,9.0,18.0,20.0,71.3,77.2,3.1,2.0,5.1,2.0,4.1,4.0,41.6,38.4,2.0,4.0,2.1,4.0,34.0,36.6,78.0,77.0,90.0,91.1,1.0,4.0,6.1,5.0,42.6,36.0,80.2,77.0,1.0,2.0,3.0,2.0,54.5,56.0,3.0,2.0,1.0,1.0,28.7,27.0,2.0,1.0,8.1,7.0,6.0,4.1,15.2,14.3,12.1,13.4
1772855690.113343,9.2,3.0,10.2,12.2,48.0,50.5,1.0,2.0,1.0,2.0,3.0,3.0,22.0,33.7,1.0,3.1,2.0,9.0,17.2,18.2,40.4,44.0,99.0,100.0,2.0,1.0,1.0,1.0,23.5,21.2,74.3,60.4,1.0,1.0,2.0,1.0,35.0,25.7,13.1,7.1,1.0,2.0,15.3,18.2,0.0,2.0,4.0,3.0,3.0,1.0,5.1,9.0,5.1,10.0
1772855691.1179826,10.3,5.1,10.2,10.1,65.3,49.0,2.9,1.0,2.0,2.0,1.0,4.0,39.6,34.0,2.0,1.0,1.0,3.0,12.1,10.1,42.6,44.4,83.3,82.0,1.0,4.0,2.0,1.0,23.5,23.5,60.4,41.6,1.0,0.0,0.0,1.0,18.8,11.1,5.9,6.0,1.0,2.0,20.8,26.0,2.0,2.0,5.0,2.0,1.0,1.0,2.0,1.0,5.9,4.0
1772855692.1192994,16.5,15.0,20.0,22.2,79.0,65.3,2.0,3.0,5.2,7.2,3.1,3.0,39.8,35.4,5.1,9.1,2.0,2.1,51.0,44.0,47.0,47.0,82.8,75.2,2.0,2.1,4.1,4.0,38.0,37.0,75.2,58.4,2.1,3.0,5.1,3.1,58.6,58.0,5.2,1.0,2.0,1.0,25.0,30.7,6.1,3.0,6.2,9.0,6.1,5.2,10.1,9.2,15.3,17.9
1772855693.1195,12.2,8.0,14.1,15.0,63.6,60.4,1.0,2.0,1.0,3.0,2.0,4.0,43.6,48.5,69.3,61.0,3.0,1.0,21.2,15.3,51.5,53.5,49.0,52.5,3.0,3.0,3.0,2.0,34.0,35.1,72.3,69.0,1.0,3.0,1.0,3.0,22.2,22.2,16.3,6.1,1.0,3.0,22.0,24.0,1.0,2.0,6.0,4.0,1.0,3.0,15.0,14.9,12.9,12.9
1772855694.1215286,9.2,5.0,9.2,11.9,72.0,64.4,3.0,1.0,3.0,0.0,2.0,1.0,33.7,28.7,87.9,86.0,2.0,1.0,6.0,9.0,63.4,60.4,30.7,19.6,1.0,2.0,1.0,1.0,20.8,22.5,36.0,43.6,2.0,1.0,1.0,1.0,13.9,13.0,3.0,2.0,1.0,0.0,20.8,16.0,1.0,2.0,4.0,2.0,3.0,4.0,7.0,8.1,6.0,4.1
1772855695.1219099,11.7,7.1,16.5,16.5,53.5,60.0,1.0,2.1,1.0,3.1,2.0,2.0,44.9,41.8,35.1,39.2,2.1,1.0,25.3,24.0,52.5,49.0,29.0,23.5,1.0,2.1,4.0,1.0,39.8,41.0,23.2,25.0,3.1,2.0,2.0,3.0,31.6,34.3,3.1,2.0,3.1,1.0,21.4,27.6,2.0,1.0,7.1,6.1,2.0,4.0,1.0,2.0,7.1,7.1
1772855696.1241224,13.5,11.1,16.2,19.2,69.7,64.4,3.1,2.0,5.1,3.0,3.1,4.0,46.0,43.0,4.0,3.1,2.0,1.0,43.6,40.0,56.3,55.4,59.6,61.4,3.9,3.1,2.1,2.1,22.2,34.3,52.0,57.0,2.0,3.1,2.0,3.1,42.0,43.6,2.0,6.1,3.1,2.0,20.2,27.3,1.0,6.9,8.1,11.0,6.0,6.1,13.0,13.0,15.2,18.4
1772855697.1256874,8.6,5.1,19.4,21.2,81.0,79.8,4.0,1.0,12.2,12.1,3.0,4.0,37.0,38.6,1.0,4.0,5.0,3.0,20.2,27.0,60.4,61.4,59.6,62.4,0.0,1.0,3.0,3.0,33.0,41.0,53.5,60.0,3.0,2.0,2.0,1.0,26.7,27.0,5.2,17.2,3.0,2.0,31.7,25.0,3.0,2.1,7.1,5.1,4.0,3.0,2.0,1.0,7.1,7.0
1772855698.1257715,14.7,14.1,19.4,14.3,78.4,73.0,4.1,1.0,18.2,8.3,5.1,3.1,51.5,47.5,2.1,2.1,27.8,21.2,57.1,48.0,58.0,58.0,50.0,60.0,3.0,5.1,7.1,9.2,38.0,34.7,51.0,71.0,8.2,2.1,4.0,0.0,77.6,76.5,5.1,3.1,7.2,3.1,28.3,25.7,2.1,2.0,10.0,8.2,6.2,6.2,7.2,12.1,22.4,21.9
1772855699.1269546,11.6,9.1,16.3,11.2,54.0,61.4,4.0,2.0,13.1,11.0,4.1,3.0,27.3,38.0,3.0,2.0,5.1,6.1,41.6,36.0,56.4,55.9,35.4,41.0,2.0,4.0,5.1,3.1,33.0,39.4,56.9,65.0,2.1,2.0,3.1,2.0,52.0,52.0,3.0,1.0,3.0,2.0,26.3,17.2,2.0,2.0,6.1,7.1,4.1,6.0,14.9,15.2,21.2,20.0
1772855700.1273417,8.5,9.0,18.4,18.0,54.5,58.0,1.0,2.0,1.0,1.0,3.0,2.0,41.2,35.6,2.0,5.0,9.0,15.0,21.2,18.2,48.5,52.5,15.0,19.8,2.0,2.0,3.0,8.1,26.3,25.7,32.0,12.0,2.0,3.0,2.0,2.0,24.0,24.0,2.0,2.0,1.0,1.0,21.0,23.0,2.0,1.0,9.1,8.0,3.0,3.0,0.0,4.0,12.0,11.0
1772855701.1291792,18.2,11.2,21.2,17.2,69.0,67.0,5.1,3.0,4.1,3.0,3.1,4.1,42.4,42.0,9.3,13.1,4.0,5.1,45.5,43.4,56.0,57.4,2.1,2.0,2.0,3.1,2.0,5.9,35.6,41.6,22.8,3.0,3.0,2.1,1.0,4.0,56.6,57.0,1.0,2.0,13.1,8.1,30.3,30.3,2.0,2.0,9.0,9.2,5.1,7.1,13.3,15.5,18.4,20.2
1772855702.1333363,15.6,11.0,18.2,18.8,69.0,69.6,4.0,1.0,1.0,4.0,3.0,4.0,39.0,44.6,11.0,14.1,8.0,2.0,27.0,24.8,59.4,60.8,9.0,16.8,1.0,1.0,3.0,6.1,33.0,26.7,27.0,36.9,1.0,2.0,2.0,1.0,50.5,47.5,3.0,2.0,11.0,10.1,24.5,15.0,4.0,3.0,6.1,9.0,4.0,4.0,16.2,16.0,12.1,13.4
1772855703.1334226,13.4,7.1,18.4,16.5,74.7,74.7,4.2,4.0,10.1,5.1,7.1,4.0,42.4,38.8,9.1,7.2,2.1,6.1,41.8,38.4,65.0,58.0,33.0,37.4,3.1,4.0,6.0,6.2,34.3,44.4,40.0,24.5,4.1,2.0,2.1,2.0,61.2,62.0,1.0,3.1,24.7,23.2,26.3,25.3,2.1,2.0,7.1,8.1,5.1,8.1,31.0,28.9,22.2,25.0
1772855704.1354604,19.4,14.0,17.3,23.5,67.0,74.3,2.1,2.0,2.1,3.0,6.1,4.0,36.4,47.5,54.5,55.6,5.1,6.1,51.0,49.0,52.5,50.5,42.6,40.4,5.1,3.0,4.0,5.0,42.4,34.7,50.5,38.4,4.1,2.1,4.0,2.0,66.3,68.6,3.0,4.0,39.6,40.0,27.0,25.3,4.0,2.0,7.2,7.1,4.1,8.1,12.1,13.9,19.2,19.2
1772855705.1367278,15.3,7.1,20.0,16.5,67.0,74.0,4.1,2.1,2.1,2.1,6.1,3.1,50.5,43.4,91.8,90.8,3.1,2.1,44.6,41.4,64.4,68.0,49.5,34.0,2.1,3.0,3.1,3.1,31.3,45.0,51.0,50.5,3.1,4.0,1.0,3.1,47.5,46.9,2.1,1.0,58.0,63.4,26.3,34.7,3.1,2.0,8.2,12.2,6.1,6.1,13.3,16.0,26.3,22.7
1772855706.136819,12.5,8.1,21.4,21.4,62.4,63.0,3.0,3.0,4.0,2.0,2.0,2.0,50.5,46.5,53.1,56.7,1.0,2.0,8.1,8.1,55.0,56.4,42.6,49.5,1.0,1.0,3.1,2.0,40.4,32.3,38.0,63.0,1.0,2.0,2.0,0.0,25.7,26.0,2.0,1.0,60.0,60.6,25.7,31.0,1.0,2.0,6.1,6.1,3.0,3.1,2.0,1.0,3.1,12.1
1772855707.139986,8.3,3.0,8.0,12.0,56.0,47.5,2.0,2.0,3.0,1.0,2.0,1.0,28.7,23.5,2.0,3.0,2.0,0.0,7.1,7.0,43.1,41.0,48.0,52.9,2.0,3.0,2.0,3.0,23.8,20.0,30.7,33.0,2.0,0.0,2.0,1.0,22.0,17.0,1.0,1.0,59.0,60.4,12.1,12.9,1.0,2.0,3.0,2.0,3.9,6.0,2.0,1.0,4.0,5.1
1772855708.140998,16.1,12.4,15.6,18.6,80.0,82.2,3.1,3.0,12.2,2.1,3.1,3.1,52.5,55.6,4.1,3.1,1.1,10.2,46.5,42.4,70.0,69.6,47.5,58.6,3.1,3.1,8.1,6.1,50.0,44.6,30.3,47.5,4.0,2.0,2.1,0.0,66.7,63.0,1.0,3.1,74.3,72.0,31.0,32.3,4.0,1.0,11.2,14.1,6.2,6.1,9.2,11.1,23.2,22.4
1772855709.141079,10.6,7.0,14.3,15.2,59.2,49.0,2.0,1.0,3.0,1.0,3.0,2.0,26.0,34.0,2.0,1.0,1.0,1.0,16.2,15.8,44.6,47.0,46.0,34.0,1.0,0.0,2.0,2.0,24.8,22.0,37.8,33.0,2.0,1.0,2.0,2.0,28.7,25.3,2.0,1.0,80.0,80.0,15.2,20.2,0.0,0.0,4.0,5.0,1.0,1.0,5.0,5.1,5.2,9.1
1772855710.1411684,17.0,11.2,22.4,20.4,72.7,72.0,4.1,2.1,3.1,5.1,4.1,3.1,44.4,53.5,2.1,3.1,39.4,33.0,62.4,59.6,56.0,58.6,92.1,92.1,5.2,3.1,4.2,2.1,47.5,41.8,86.1,84.0,4.1,4.1,1.0,3.1,71.0,73.0,8.2,16.5,86.0,88.1,27.6,34.3,2.0,3.1,11.2,10.1,8.2,8.2,10.3,14.3,26.3,20.6
1772855711.142578,15.6,12.2,18.2,16.3,72.0,69.0,2.1,3.0,9.3,3.1,6.1,5.1,36.7,39.6,2.0,2.1,5.1,8.2,36.4,41.0,72.3,73.3,100.0,100.0,4.0,4.0,4.0,3.0,30.3,37.6,88.0,92.1,8.1,4.0,2.1,2.0,53.0,54.0,20.6,13.3,91.0,90.0,21.2,25.5,1.0,22.9,12.2,7.1,5.2,5.2,21.4,22.2,19.0,18.2
1772855712.1426704,16.8,12.1,19.4,20.4,62.2,67.7,6.3,1.0,7.2,5.2,3.1,2.1,47.0,45.0,11.2,8.2,1.0,3.1,45.5,49.0,48.0,49.5,100.0,100.0,3.1,3.1,6.1,5.1,39.4,38.8,72.7,76.2,3.1,6.1,3.0,4.1,69.4,63.0,6.2,18.4,90.0,90.9,26.5,24.0,5.0,25.5,6.2,11.1,8.2,5.1,20.4,20.6,25.5,22.9
1772855713.1450675,7.4,3.0,9.1,13.3,71.6,71.0,2.0,3.0,2.0,1.0,1.0,3.0,33.7,31.0,11.9,10.2,1.0,2.0,18.2,19.2,46.0,42.4,90.1,89.0,1.0,3.0,1.0,2.0,20.0,18.8,60.0,75.8,1.0,1.0,1.0,1.0,28.4,22.4,18.0,17.2,98.0,98.0,15.0,18.2,1.0,1.0,3.0,2.0,0.0,2.0,11.1,12.1,6.0,8.0
1772855714.1454585,14.4,6.1,16.3,20.8,75.0,76.2,2.1,1.0,1.0,3.1,3.1,2.0,34.0,33.3,7.1,8.1,2.0,1.0,18.0,22.0,52.5,53.5,61.4,74.3,1.0,0.0,1.0,2.0,39.0,38.0,60.4,60.4,2.0,2.0,1.0,0.0,29.6,36.0,13.3,14.1,98.0,99.0,26.3,26.0,2.0,1.0,7.0,6.0,4.0,3.0,11.1,12.0,7.1,7.1
1772855715.1455407,16.0,14.1,23.0,17.3,76.5,79.8,4.2,2.0,11.2,7.3,4.1,4.1,46.0,54.0,3.1,2.1,6.2,4.1,52.5,46.5,73.0,74.7,57.6,65.0,3.1,2.1,6.1,8.1,42.4,41.0,60.0,48.0,1.0,2.1,3.1,4.1,66.3,67.3,7.1,2.0,93.9,94.0,29.0,28.3,6.3,3.1,7.2,9.3,6.2,7.2,12.1,12.1,17.3,22.2
1772855716.1470582,7.4,5.1,15.3,13.3,60.6,54.5,2.0,2.0,1.0,3.0,3.0,3.0,37.0,33.0,2.0,1.0,1.0,1.0,27.7,25.7,49.0,46.0,55.0,56.4,0.0,3.0,3.0,4.1,28.0,22.2,60.4,42.2,1.0,3.0,1.0,1.0,26.0,24.0,10.1,13.0,89.1,89.1,20.2,15.8,1.0,1.0,6.0,7.1,3.0,3.0,6.0,9.0,14.9,13.1
1772855717.1475368,8.6,7.0,11.1,14.1,53.0,45.5,2.0,1.0,2.0,1.0,5.0,1.0,40.4,38.0,1.0,1.0,3.0,2.0,18.0,12.0,41.4,43.6,45.1,45.5,1.0,1.0,1.0,2.0,37.0,38.0,49.5,54.5,2.0,3.0,3.0,1.0,13.0,13.1,1.0,3.0,73.7,73.3,26.0,23.2,3.0,3.0,5.1,5.1,2.0,2.0,5.1,6.1,3.1,8.1
1772855718.147609,12.8,8.1,25.5,26.5,80.0,80.4,4.0,1.0,8.3,4.1,2.1,4.0,44.4,43.0,62.6,64.0,2.0,1.0,43.0,43.9,63.0,60.6,19.4,43.6,2.0,1.0,2.0,19.4,38.0,32.3,41.0,41.0,2.0,7.1,2.0,4.0,46.5,47.0,2.0,1.0,58.4,58.6,30.0,33.3,0.0,4.1,9.1,11.2,7.1,7.1,1.0,6.1,24.2,19.4
1772855719.1476917,9.2,0.0,13.1,13.3,61.4,61.0,1.0,1.0,2.0,2.0,2.0,2.0,37.0,34.3,81.8,83.8,0.0,2.0,9.0,11.0,54.5,52.0,10.0,13.0,2.0,2.0,1.0,7.0,37.4,39.0,45.0,36.0,2.0,1.0,5.1,1.0,19.2,17.8,1.0,1.0,47.5,47.5,23.5,27.3,2.0,3.0,5.0,3.0,0.0,1.0,2.0,1.0,4.0,4.1
1772855720.1477826,14.9,13.1,16.5,22.0,61.2,61.0,1.0,2.0,2.1,6.2,4.1,7.2,45.9,45.0,55.1,54.6,9.2,2.1,53.5,52.5,62.0,59.4,41.4,41.4,3.1,3.1,11.2,27.3,41.6,42.4,55.4,48.5,4.1,2.0,9.2,4.1,64.4,65.7,2.0,4.1,42.0,41.4,30.0,27.6,2.1,2.0,14.1,14.1,7.1,6.1,18.0,16.5,20.4,25.0
1772855721.1523902,11.6,11.1,15.0,16.2,67.0,63.4,5.1,6.1,25.0,15.5,5.1,7.1,35.6,35.0,4.1,5.1,39.6,28.0,50.0,51.0,45.5,51.0,55.0,49.5,3.0,4.0,9.2,10.1,24.2,25.7,61.4,50.5,6.0,3.1,5.1,5.2,79.0,80.8,3.0,3.1,40.0,41.0,23.8,23.8,2.0,4.1,9.2,8.1,8.1,7.1,10.1,11.1,27.0,20.4
1772855722.152479,16.3,12.2,19.4,19.2,74.7,66.0,3.1,8.2,9.4,5.2,5.1,5.1,36.4,38.4,3.1,2.1,10.2,4.1,52.0,49.0,57.4,60.4,62.6,58.2,4.1,6.1,3.1,4.0,30.0,38.4,71.7,59.0,5.1,4.0,4.1,2.1,63.0,61.4,1.0,3.1,27.0,25.3,16.5,18.2,2.0,2.1,8.2,7.1,7.1,7.2,15.3,16.3,23.0,24.0
1772855723.1531894,11.7,6.1,14.3,15.2,67.0,58.0,2.0,1.0,3.0,4.0,3.1,3.0,37.0,37.0,7.1,18.2,3.1,2.0,41.0,41.8,48.5,50.5,92.1,88.1,3.0,2.0,3.0,3.1,27.3,32.0,68.3,65.3,2.1,2.0,1.0,3.0,55.6,55.6,5.1,4.0,23.2,21.0,29.0,21.2,3.0,2.0,5.1,8.1,5.1,4.1,31.0,32.3,21.8,20.4
1772855724.1532705,14.0,8.9,19.2,13.1,69.7,66.3,2.0,3.0,2.0,3.0,2.0,2.0,36.3,45.0,11.2,11.2,3.0,3.0,37.4,39.6,49.5,45.0,81.0,76.2,2.0,3.1,1.0,3.0,29.7,32.3,73.3,60.0,3.1,1.0,3.0,2.0,48.5,50.0,2.0,2.0,13.0,12.1,29.4,19.8,2.0,2.0,6.1,7.1,8.0,7.0,11.2,12.1,17.2,20.2
1772855725.1546738,12.5,7.1,15.2,16.2,64.7,57.0,1.0,3.0,9.2,2.1,5.0,1.0,41.4,35.0,7.1,4.0,1.0,2.0,31.0,27.3,59.8,61.4,36.6,55.4,4.0,4.0,5.0,6.1,32.3,32.0,69.3,40.2,4.0,4.0,2.0,4.0,54.5,56.0,2.0,2.0,12.0,12.9,19.2,19.0,1.0,3.0,8.2,7.9,5.1,2.1,8.8,7.1,12.1,12.0
1772855726.1547556,12.6,7.1,12.5,12.2,59.6,57.0,3.1,0.0,5.0,2.0,2.1,2.0,29.3,31.7,2.0,2.0,3.0,2.0,24.5,26.0,54.5,57.4,49.0,52.5,1.0,2.0,8.1,6.1,34.0,32.0,47.5,53.5,2.0,1.0,2.0,1.0,32.3,37.4,3.0,1.0,11.2,12.0,17.0,23.2,1.0,2.0,5.0,5.1,3.1,6.0,14.3,15.3,13.3,14.3
1772855727.1565387,15.2,7.1,14.0,14.0,68.0,68.3,3.0,2.0,3.0,0.0,3.0,1.0,40.2,37.6,0.0,2.0,1.0,1.0,13.0,8.1,47.0,47.0,53.5,49.0,2.0,1.0,0.0,2.0,29.0,22.2,47.0,52.0,1.0,2.0,1.0,1.0,23.5,18.0,2.0,2.0,11.0,11.9,24.0,25.0,2.9,2.0,3.0,6.1,2.0,2.0,1.0,1.0,5.0,7.0
1772855728.1573205,13.5,11.1,14.1,17.2,68.0,63.4,3.0,2.0,3.0,1.0,4.1,4.0,30.3,37.4,47.0,41.4,9.1,3.1,31.3,30.0,39.4,45.5,52.5,48.5,3.0,2.0,4.1,4.0,29.3,29.0,13.1,15.5,1.0,3.0,3.0,1.0,53.5,47.0,1.0,4.1,12.0,12.1,16.0,21.0,2.0,2.0,10.1,11.2,7.0,5.1,11.1,14.7,12.0,10.1
1772855729.1574051,15.3,10.2,15.2,16.0,63.0,65.3,3.1,2.0,4.1,10.2,4.1,5.1,37.6,37.4,89.8,90.9,30.3,23.5,48.5,47.5,53.9,54.5,29.0,29.3,2.0,4.0,4.1,5.1,27.0,32.0,20.2,32.3,2.0,2.0,2.0,3.0,74.0,75.0,3.0,2.1,7.1,7.0,18.2,23.2,2.0,7.0,5.1,9.0,7.1,8.1,11.1,11.1,18.2,25.3
1772855730.1575801,12.6,9.1,15.3,17.3,65.7,65.0,4.1,3.1,9.4,4.1,4.2,4.1,38.8,41.0,64.6,67.4,9.4,15.3,52.0,49.5,61.6,59.6,42.4,46.1,7.1,4.1,7.1,10.2,39.4,41.4,42.4,61.0,4.1,5.2,2.1,3.1,78.0,73.5,4.1,4.1,2.1,5.2,28.3,22.4,3.1,15.6,9.2,7.1,7.1,7.1,19.4,18.6,24.0,22.2
1772855731.1576674,12.2,7.1,14.9,11.3,62.6,66.0,4.0,1.0,5.1,4.0,4.0,2.0,34.3,32.4,4.0,3.0,2.0,2.0,24.2,28.3,58.6,58.0,73.3,73.0,2.0,3.0,2.0,1.0,26.7,21.0,54.0,65.3,1.0,1.0,1.0,2.0,31.0,28.7,0.0,2.0,0.0,2.0,20.0,18.0,1.0,4.0,7.1,7.1,4.0,6.1,3.0,5.0,13.1,13.1
1772855732.1651926,15.5,8.0,19.0,15.0,60.4,68.3,4.1,1.0,3.0,1.0,2.0,2.0,39.2,33.0,3.0,2.0,3.0,2.0,28.7,27.0,45.5,45.1,84.2,85.0,2.0,2.0,1.0,2.0,35.6,31.7,68.3,73.3,3.0,2.9,4.0,1.0,38.4,38.0,5.0,3.0,2.0,1.0,26.5,23.8,2.0,0.0,7.0,9.0,3.0,3.1,2.0,2.0,9.1,8.0
1772855733.1652706,10.5,8.1,16.5,17.2,55.0,54.0,4.1,1.0,2.0,3.0,3.1,2.0,42.4,41.4,9.2,14.1,1.0,2.0,28.3,29.0,51.0,46.5,90.9,89.0,2.0,2.0,3.1,2.0,25.3,36.4,76.8,84.2,2.0,2.1,1.0,3.0,34.3,32.0,3.1,3.0,6.2,1.0,27.3,25.0,1.0,2.0,5.1,3.1,5.1,5.1,20.2,21.0,17.0,15.5
1772855734.1681123,15.1,13.3,19.4,19.4,68.3,57.0,4.1,3.0,5.2,10.1,5.1,1.0,39.0,38.0,11.3,11.2,5.2,1.0,46.0,43.4,62.4,62.4,96.0,96.0,3.0,3.0,3.0,5.1,36.6,34.3,81.2,89.1,3.0,3.1,4.0,2.0,48.5,49.5,5.1,1.0,5.1,2.0,27.3,29.0,3.1,1.0,9.1,8.2,5.2,4.1,19.2,16.3,15.5,23.7
1772855735.1681957,12.6,8.9,15.0,17.0,66.0,63.4,2.0,1.0,2.0,3.0,4.0,4.0,42.6,39.0,7.9,7.1,4.0,2.0,25.0,18.0,54.5,55.4,77.2,82.0,3.1,2.0,1.0,4.0,30.3,32.7,79.4,81.0,0.0,2.0,1.0,3.0,29.0,29.0,1.0,2.0,1.0,4.1,21.0,23.0,5.0,1.0,5.1,6.0,2.0,2.0,9.0,8.1,11.1,12.1
1772855736.168291,12.6,6.1,16.3,18.4,69.0,52.5,2.1,3.0,4.0,1.0,4.1,0.0,41.6,34.7,4.1,2.0,5.1,2.0,35.4,35.4,52.5,55.0,69.3,73.0,4.0,2.0,2.0,2.0,29.0,43.0,69.3,84.2,2.0,3.0,0.0,4.0,35.3,37.0,2.0,2.0,2.0,6.1,20.2,24.0,3.0,3.0,7.1,9.1,4.0,5.1,2.0,5.1,13.0,14.1
1772855737.1705515,11.7,7.1,14.1,18.0,70.0,68.3,3.0,2.1,3.1,3.0,3.0,2.0,41.0,36.4,4.0,2.0,4.1,2.0,50.5,47.5,52.9,58.8,79.2,61.0,4.1,2.0,6.9,6.1,26.3,32.0,72.0,78.2,3.0,4.0,2.0,2.0,60.2,59.6,3.0,2.0,4.0,4.1,27.0,24.0,3.1,6.1,7.0,8.1,4.1,7.0,10.1,11.2,18.2,21.2
1772855738.176775,15.5,8.9,17.3,14.1,71.0,68.3,2.0,3.0,7.1,7.1,5.1,4.0,32.0,31.7,3.1,2.1,8.1,10.1,51.0,53.5,53.5,49.0,54.0,54.0,4.0,4.0,5.1,5.2,36.6,36.0,81.4,69.3,2.0,3.0,3.1,1.0,71.6,72.3,1.0,1.0,2.1,4.1,23.0,20.0,2.0,10.1,11.1,10.1,8.0,8.1,33.3,32.7,17.3,19.2
1772855739.178517,18.4,12.4,13.4,17.5,70.0,60.0,6.1,2.0,18.4,22.7,4.1,2.0,42.0,43.6,13.5,7.1,31.6,32.3,46.5,47.5,49.0,48.0,58.0,51.5,4.0,5.0,5.1,7.1,33.3,29.3,54.5,47.5,3.1,2.1,4.1,2.0,65.3,66.3,3.1,2.0,9.2,14.1,29.0,22.0,2.0,2.0,10.1,11.1,6.2,5.2,5.1,4.0,27.3,21.4
1772855740.179824,12.4,7.0,13.1,10.0,54.5,46.0,4.0,2.0,6.1,6.1,3.1,3.0,29.0,25.0,74.3,80.0,8.2,4.0,35.4,36.6,45.5,44.6,48.5,19.2,2.0,2.0,4.0,3.0,31.0,23.2,43.0,49.0,3.0,3.0,6.1,4.0,48.5,43.0,2.0,1.0,12.9,12.1,19.2,15.2,1.0,2.0,4.0,7.1,6.1,12.0,9.1,7.2,17.0,17.0
1772855741.181536,18.6,14.3,20.4,16.3,80.8,69.7,5.1,7.1,4.2,11.1,4.0,5.1,47.0,44.0,85.6,85.6,3.1,2.1,46.5,44.9,67.3,68.0,50.5,48.0,2.0,4.1,7.1,8.1,37.0,39.6,58.0,45.0,4.0,3.1,7.1,3.1,67.3,69.0,2.0,3.1,27.6,33.0,26.7,24.2,4.1,1.0,8.1,7.1,6.1,7.2,7.2,10.1,27.0,22.4
1772855742.1818836,10.3,9.9,19.4,17.3,65.0,64.4,3.1,2.0,3.0,2.0,2.0,2.1,42.0,38.0,31.6,37.4,3.0,3.0,29.3,37.0,52.0,54.5,65.0,83.2,4.0,2.0,1.0,3.0,29.7,32.7,55.0,63.4,1.0,3.0,2.0,2.0,58.0,60.0,1.0,2.0,62.4,59.0,25.3,22.0,3.0,5.0,5.1,7.1,4.0,4.1,41.6,44.0,16.2,14.1
1772855743.183688,11.6,5.1,13.0,13.0,73.0,72.3,4.0,1.0,3.0,1.0,2.0,3.0,37.6,26.0,11.1,12.0,2.0,2.0,8.0,9.9,52.0,53.5,70.0,89.1,1.0,2.0,2.0,1.0,30.6,38.4,62.4,61.4,1.0,1.0,1.0,1.0,47.5,49.0,2.0,2.0,61.4,60.0,20.0,19.0,4.0,1.0,3.1,5.9,1.0,3.0,7.0,8.1,5.1,6.1
1772855744.1867452,17.5,13.1,19.4,14.4,60.4,62.0,3.0,3.0,4.1,4.0,3.0,4.1,43.0,29.0,8.2,8.2,2.1,1.0,34.0,34.7,57.0,54.5,54.5,84.0,7.1,4.1,4.0,5.1,36.0,31.0,39.0,45.0,2.0,2.0,2.0,4.1,72.0,75.0,3.1,2.1,58.6,63.0,22.2,24.8,3.0,3.0,7.1,9.2,6.1,7.1,4.0,3.1,20.0,10.1
1772855745.1868227,12.8,10.2,17.3,25.3,65.7,66.3,4.1,2.0,3.1,7.2,2.1,4.0,45.5,49.0,3.1,2.1,3.1,5.1,53.5,52.0,61.0,61.0,65.0,73.3,3.1,3.0,5.1,4.1,40.0,36.4,37.8,39.0,3.1,3.1,6.2,5.1,72.3,75.8,1.0,7.0,76.2,71.0,23.0,24.2,2.0,3.1,8.2,7.3,6.1,7.1,6.2,7.1,24.0,24.5
1772855746.1912057,12.5,9.1,16.0,16.2,60.6,62.4,0.0,1.0,4.0,3.1,3.0,2.0,34.0,34.0,2.0,2.0,3.0,7.1,44.9,49.5,48.5,55.4,53.9,49.0,3.0,2.0,7.1,8.1,29.3,30.0,54.5,39.6,4.0,4.0,7.0,4.0,49.0,50.0,0.0,2.0,83.0,82.2,24.0,24.2,2.0,2.0,7.1,8.1,4.1,6.1,10.0,10.1,19.8,24.2
1772855747.1912909,14.3,9.0,14.3,16.2,77.0,71.0,3.0,2.0,3.0,2.0,2.0,2.0,44.0,45.5,2.0,1.0,1.0,8.0,14.0,16.2,49.5,51.5,42.0,39.6,1.0,2.0,3.0,4.0,38.6,39.0,44.0,48.0,0.0,2.0,1.0,3.0,22.0,18.4,2.0,0.0,90.0,91.0,20.0,26.3,1.0,0.0,7.9,6.0,4.0,3.1,25.7,26.7,4.1,15.2
1772855748.1913826,12.5,7.1,14.1,13.3,67.0,71.3,1.0,2.0,2.0,1.0,3.1,0.0,33.0,35.0,1.0,0.0,1.0,1.0,15.0,18.2,59.0,59.8,12.1,39.6,3.1,1.0,1.0,0.0,32.3,32.3,14.1,51.5,2.0,1.0,1.0,1.0,23.2,21.0,1.0,1.0,89.9,89.0,19.0,18.0,2.0,1.0,4.0,6.1,4.0,5.1,4.0,4.0,6.1,9.1
1772855749.191818,12.5,11.1,19.8,23.0,76.0,74.0,4.1,3.1,5.1,9.2,5.1,3.1,44.0,47.5,3.1,3.1,40.4,32.3,52.5,49.0,56.0,53.5,21.2,30.3,4.1,3.0,3.1,4.1,33.0,45.0,13.1,44.6,4.1,2.1,4.0,2.1,66.0,60.6,2.0,4.0,89.0,88.9,30.3,31.0,1.0,3.0,8.2,11.0,4.1,6.1,3.1,4.2,19.4,19.4
1772855750.192101,8.6,6.0,12.1,9.2,33.0,31.3,1.0,1.0,2.0,5.0,2.0,1.0,28.3,29.7,2.0,3.0,2.0,3.0,9.0,6.1,37.3,42.0,22.0,24.0,2.0,2.0,1.0,2.0,20.0,25.0,8.1,53.5,0.0,1.0,1.0,1.0,21.8,22.0,2.0,1.0,89.9,90.9,16.0,12.1,1.0,2.0,4.0,4.0,3.0,2.0,1.0,2.0,8.0,7.1
1772855751.1959088,14.3,9.0,18.0,16.0,74.7,74.0,3.0,3.0,3.0,3.0,1.0,3.0,37.3,33.0,2.0,0.0,2.0,2.0,20.0,21.0,54.9,57.8,26.7,19.0,3.0,2.0,2.0,2.0,27.0,31.7,38.0,34.7,3.0,3.0,2.0,3.0,32.3,37.6,2.0,1.0,89.0,90.1,27.5,29.7,2.0,3.0,6.0,6.0,3.1,2.0,10.9,13.1,8.1,13.0
1772855752.1975408,13.3,9.2,13.4,19.8,85.1,81.8,2.1,1.0,3.1,3.1,3.1,3.1,42.4,40.4,20.4,21.2,3.1,3.1,43.0,40.6,65.0,65.7,31.3,31.0,3.1,2.0,5.1,7.0,40.4,28.3,6.1,56.0,2.1,1.0,1.0,2.0,45.5,47.5,6.1,2.0,86.9,86.9,23.2,26.8,1.0,2.0,6.3,9.1,4.0,7.1,9.3,10.3,16.5,17.3
1772855753.19766,12.8,6.1,10.2,18.8,63.3,70.0,2.0,3.0,4.1,9.1,3.1,2.1,50.5,42.6,56.6,55.0,2.1,2.0,30.0,23.2,49.0,52.0,45.5,48.5,2.0,2.1,8.2,5.1,38.0,35.0,39.2,46.5,3.1,5.0,3.0,1.0,43.4,42.6,7.1,1.0,83.2,84.0,29.6,23.8,2.0,1.0,8.1,6.1,7.0,4.1,19.0,20.2,9.1,14.3
1772855754.1980643,14.4,12.1,20.6,22.4,66.7,74.0,5.1,3.2,8.3,13.3,5.2,4.1,39.8,37.4,84.7,85.9,3.2,5.1,61.2,57.6,62.0,59.0,72.0,62.0,4.1,7.1,6.2,5.2,44.0,35.4,65.7,64.0,4.1,3.1,5.3,2.1,72.0,74.7,11.2,2.1,89.0,86.9,27.0,29.9,11.1,5.0,8.3,9.3,9.3,7.3,27.3,27.6,28.3,26.8
1772855755.1981308,13.7,10.3,18.4,15.5,55.6,63.0,3.1,3.1,3.1,2.1,3.1,3.1,48.0,45.5,64.3,66.7,3.1,6.2,42.4,42.0,60.8,61.4,73.0,74.0,2.1,1.0,2.0,3.0,38.8,36.4,55.0,72.3,4.0,2.1,4.0,1.0,40.4,39.4,5.1,3.0,63.0,61.4,25.0,21.4,3.1,2.1,7.1,7.1,3.1,4.1,1.0,5.1,18.4,16.3
1772855756.199317,12.5,9.9,20.2,14.3,74.0,74.0,2.0,2.0,2.0,2.0,3.0,4.0,38.0,44.6,9.1,9.1,9.3,9.1,39.6,39.4,60.0,59.4,65.3,76.0,1.0,5.0,6.1,7.1,38.2,33.0,60.4,65.0,3.0,4.0,2.0,3.0,49.0,51.0,2.0,4.0,46.0,46.1,28.3,28.0,2.0,3.0,10.2,10.2,7.0,7.1,19.8,18.2,11.1,17.3
1772855757.1994016,14.6,10.2,17.2,22.2,70.4,82.0,3.1,2.0,5.1,7.1,3.1,8.2,44.4,42.0,2.1,4.1,4.0,2.1,40.8,38.6,60.0,55.0,50.5,66.3,5.9,4.0,7.1,8.1,41.4,40.4,57.0,63.7,3.1,1.0,2.1,3.0,49.0,48.5,2.0,8.2,40.6,41.0,25.0,22.0,1.0,3.0,12.0,9.9,4.1,3.1,18.2,20.0,26.0,19.2
1772855758.2006881,9.4,5.0,12.2,13.1,62.0,73.3,6.1,3.0,4.1,5.2,3.1,4.0,36.9,33.0,3.1,1.0,38.0,36.0,44.0,42.9,49.0,52.5,41.6,60.6,7.1,4.0,3.1,5.1,23.2,30.0,60.4,60.4,2.0,5.1,2.0,2.0,40.4,41.0,1.0,4.0,37.0,36.0,23.5,16.2,2.0,3.0,7.1,5.1,5.9,5.1,7.1,10.1,19.2,22.2
1772855759.200769,11.7,10.1,14.1,14.1,63.6,65.3,3.0,2.0,2.0,1.0,3.0,2.0,38.4,41.4,3.0,2.1,4.0,8.0,30.0,26.0,55.0,53.5,44.0,57.0,3.0,1.0,2.0,2.0,33.3,36.6,49.0,63.6,2.0,4.1,2.0,1.0,34.0,33.0,3.0,1.0,23.8,24.0,23.0,18.0,0.0,1.0,8.1,6.1,3.1,3.1,6.1,5.1,12.0,9.2
1772855760.2059412,11.5,12.9,15.2,15.2,54.5,67.3,4.0,3.0,5.1,3.0,6.0,4.0,37.0,34.0,8.0,4.0,7.1,4.1,43.6,37.0,49.0,51.0,51.0,51.0,3.0,2.0,4.0,4.0,26.0,29.7,48.5,59.4,4.0,5.0,2.0,2.0,43.0,42.6,1.0,2.0,21.2,20.0,26.3,20.2,2.0,2.1,9.0,8.9,5.9,8.9,10.0,11.2,18.6,19.0
1772855761.2110395,9.5,6.0,14.0,12.9,59.0,48.5,1.0,1.0,5.0,5.0,2.0,2.0,38.6,29.7,4.0,2.0,2.0,3.0,22.4,26.5,52.0,54.9,44.6,46.5,2.0,3.0,2.0,3.0,35.0,36.0,42.6,51.0,1.0,3.0,1.0,3.0,37.0,37.0,2.0,1.0,12.0,12.9,12.0,24.8,1.0,2.0,7.0,7.1,4.0,4.1,10.9,9.1,9.2,14.0
1772855762.2111247,7.5,6.1,16.3,10.3,51.5,61.6,2.0,0.0,21.2,17.2,3.0,3.0,37.0,32.3,1.0,1.0,1.0,3.0,32.0,32.7,53.5,50.0,68.0,72.0,2.0,2.0,4.0,4.0,17.2,24.2,51.5,50.5,2.0,2.0,3.0,2.0,32.3,35.7,1.0,3.0,11.1,12.1,11.1,16.0,2.0,1.0,4.1,8.0,5.1,4.1,3.0,5.1,11.1,13.3
1772855763.2112112,9.4,4.0,14.1,14.0,68.3,64.0,2.0,2.0,2.0,3.0,1.0,4.1,35.4,28.0,2.0,1.0,2.0,2.0,10.0,9.1,52.0,51.5,56.0,47.0,1.0,1.0,1.0,1.0,35.0,31.0,40.0,40.4,1.0,2.0,1.0,1.0,20.2,23.2,2.0,2.0,9.9,9.0,26.7,27.3,2.0,1.0,4.0,3.1,2.0,3.0,0.0,2.0,5.1,12.1
1772855764.2147672,12.8,9.1,20.0,20.2,70.0,50.0,5.1,2.0,2.0,2.0,2.0,1.0,46.1,49.5,3.0,1.0,1.0,1.0,18.2,22.0,53.5,57.4,67.0,69.0,4.0,2.0,3.1,5.1,34.3,43.6,59.4,59.8,4.0,1.0,2.0,1.0,32.0,38.0,1.0,1.0,11.0,11.0,27.0,27.7,1.0,3.0,8.1,6.0,3.0,4.0,2.0,5.1,11.0,10.1
1772855765.2148507,11.2,3.0,15.0,15.2,56.0,66.3,2.0,6.0,6.2,5.1,3.0,4.0,29.3,39.6,21.2,21.2,2.0,3.0,36.0,33.0,45.0,50.0,60.4,57.4,2.0,3.0,5.1,5.1,25.3,30.6,71.3,72.0,2.0,3.0,1.0,2.0,31.0,32.0,1.0,2.1,11.9,11.9,25.0,26.0,3.0,2.0,9.0,5.1,5.1,4.1,33.3,31.6,15.0,20.2
1772855766.2149358,16.8,14.1,16.5,21.6,81.6,81.0,1.1,2.1,7.1,5.2,2.1,4.1,44.4,52.5,39.2,40.8,4.2,9.2,57.6,55.0,64.4,69.3,51.5,50.5,4.1,3.1,4.1,3.1,48.0,45.5,69.7,49.5,4.1,2.0,3.1,1.0,71.7,71.0,5.1,4.0,12.1,11.2,29.6,29.3,3.1,0.0,11.2,11.1,6.1,6.1,12.2,12.2,26.0,21.0
1772855767.2181315,14.4,12.2,18.2,13.1,63.7,63.4,5.1,3.0,5.0,4.0,6.0,3.1,33.0,40.0,83.7,86.0,10.2,11.2,51.0,53.5,49.5,54.9,69.6,65.3,5.0,4.0,7.1,7.1,29.0,27.7,57.4,61.4,2.0,2.0,2.0,4.0,76.2,79.0,3.0,2.0,13.1,11.8,20.0,21.2,4.0,3.0,10.0,10.1,7.0,6.1,21.6,21.0,26.5,25.5
1772855768.2198477,17.7,11.1,16.5,18.2,58.2,54.0,4.1,4.1,3.1,11.2,3.1,6.1,38.6,35.7,77.1,76.8,40.4,35.4,43.9,56.6,56.0,56.0,68.0,65.7,4.1,3.1,7.1,5.2,44.0,33.0,29.3,40.4,3.1,3.1,3.1,2.1,79.0,76.2,1.0,5.1,19.8,13.4,23.2,23.0,4.0,4.1,10.3,7.2,6.1,6.2,7.2,10.2,23.2,24.2
1772855769.222757,13.5,14.0,18.2,17.3,64.3,65.0,4.1,1.0,3.1,13.0,4.1,3.1,43.4,41.2,9.2,8.2,3.1,6.1,47.5,50.5,59.4,57.8,36.0,53.5,3.1,5.1,5.2,8.0,38.4,37.0,41.4,41.4,6.0,4.0,3.1,1.0,81.2,80.8,7.1,17.2,14.1,14.9,27.0,28.0,4.1,2.0,9.1,10.0,4.1,8.1,17.2,17.3,24.0,19.4
1772855770.2236943,11.6,10.2,19.2,15.2,77.0,78.2,4.0,3.0,11.1,3.1,4.0,6.0,38.0,39.6,3.0,8.0,2.1,2.1,50.0,53.5,63.4,55.0,45.5,46.0,2.1,3.0,3.0,8.0,32.7,32.3,56.0,30.0,3.1,2.0,4.0,2.0,60.6,68.0,5.9,3.1,14.3,13.1,29.7,25.3,5.0,2.0,9.1,5.1,7.0,6.1,16.0,15.3,27.3,25.0
1772855771.223772,11.2,4.0,15.0,10.0,45.5,48.0,3.0,3.0,2.0,2.0,3.0,3.1,22.0,28.3,1.0,2.0,2.0,3.0,21.2,23.5,40.0,35.6,62.6,60.4,2.0,3.0,3.0,3.1,17.2,23.0,61.4,77.0,1.0,3.0,5.0,1.0,31.3,37.6,1.0,2.0,6.0,6.1,16.0,12.1,1.0,2.0,3.0,6.0,1.0,4.0,2.0,2.0,8.2,8.2
1772855772.2238607,10.3,4.0,13.0,14.1,49.5,47.0,2.0,3.0,2.0,2.0,1.0,2.0,24.0,27.0,1.0,3.0,2.9,2.0,12.1,11.0,35.6,39.0,56.4,63.0,1.0,2.0,3.0,2.0,21.0,17.3,50.0,60.0,3.0,0.0,1.0,2.0,30.7,32.3,0.0,2.0,0.0,1.0,13.1,15.7,1.0,1.0,5.0,6.9,3.0,1.0,20.0,23.8,6.0,6.1
1772855773.223949,11.3,7.1,8.1,12.1,77.0,72.3,3.0,3.0,2.0,3.0,1.0,2.0,25.3,29.7,3.0,1.0,1.0,2.0,27.7,31.0,43.6,41.0,45.0,63.4,1.0,2.0,7.1,5.1,30.7,25.0,41.0,52.9,0.0,3.0,3.1,1.0,47.0,48.0,1.0,2.0,2.0,3.0,21.2,24.2,2.0,1.0,6.1,6.1,3.1,4.0,19.8,20.0,11.2,11.2
1772855774.2240388,4.3,3.0,6.1,6.1,6.1,6.0,0.0,2.0,3.0,0.0,2.0,0.0,15.0,17.2,1.0,1.0,2.0,1.0,14.1,12.0,25.0,22.0,48.5,56.0,3.9,2.0,2.0,3.0,8.1,10.9,47.1,55.9,2.0,1.0,3.0,1.0,15.0,13.0,2.0,1.0,2.0,1.0,2.0,6.1,0.0,2.0,3.0,4.0,4.0,3.0,4.1,6.1,7.9,8.0
1772855775.2247472,15.8,12.0,16.0,18.0,76.0,77.8,3.1,3.1,1.0,4.1,2.0,3.0,36.0,36.0,1.0,1.0,2.0,3.0,21.4,20.2,55.4,51.0,52.0,37.6,4.0,3.0,3.1,1.0,39.0,38.6,40.4,51.0,2.0,2.0,3.0,3.0,39.4,40.4,1.0,2.0,2.0,3.0,21.2,26.0,2.0,1.0,6.2,7.1,2.1,4.1,2.0,2.1,12.1,11.3
1772855776.2276797,13.3,10.0,18.8,14.3,57.0,66.0,5.0,2.0,5.2,10.0,4.0,2.0,41.4,33.0,20.2,21.0,4.0,13.1,48.0,45.1,52.9,48.5,42.6,50.0,3.0,3.0,5.0,7.1,27.3,27.6,41.6,60.4,2.0,3.0,1.0,3.0,55.0,56.0,3.0,2.0,3.0,2.0,20.6,20.2,4.1,1.0,11.9,10.1,4.0,6.1,4.0,5.0,20.2,27.0
1772855777.2308779,14.3,11.0,15.5,18.0,57.6,64.4,4.1,4.0,5.1,3.1,3.1,5.1,43.1,43.0,26.8,28.6,20.4,22.4,54.5,52.0,63.0,60.0,54.5,52.5,1.0,3.1,3.1,7.1,35.3,38.0,67.0,59.4,2.0,7.1,2.0,3.1,84.0,82.0,2.1,3.1,4.1,6.2,24.5,28.0,3.0,4.0,5.2,7.3,8.0,7.1,29.7,30.0,15.5,29.3
1772855778.232379,15.6,8.2,17.2,14.3,61.6,64.0,3.1,4.1,5.1,13.3,4.1,3.1,34.3,33.3,88.0,81.0,23.5,24.0,45.5,50.0,59.4,58.4,72.0,66.3,5.1,5.0,11.1,7.1,25.3,35.6,48.0,45.5,3.0,4.0,3.0,3.1,73.0,71.0,8.1,3.1,11.1,15.2,16.2,34.3,3.0,4.1,10.2,9.1,5.1,7.1,4.2,4.1,25.3,20.6
1772855779.2345634,15.3,10.2,13.3,17.5,65.3,69.3,6.1,6.0,6.2,6.1,5.1,3.1,44.0,45.5,83.2,79.2,3.1,5.1,47.5,53.5,52.0,48.5,78.2,82.0,3.1,4.1,7.1,5.1,34.0,32.7,49.5,66.0,2.0,4.1,3.1,3.1,69.3,69.0,3.1,6.2,38.8,39.4,24.0,19.0,3.1,4.1,14.1,7.1,4.2,7.1,24.2,20.0,21.4,21.2
1772855780.2394724,15.3,12.1,14.0,19.6,71.0,70.3,3.1,14.4,21.4,19.8,7.1,5.1,32.3,36.0,16.3,15.5,6.1,2.1,58.0,51.5,58.0,57.0,75.0,74.0,4.0,5.1,4.1,6.1,31.0,35.6,66.0,67.6,4.1,3.0,5.1,4.0,81.0,79.8,7.3,9.3,58.4,57.0,16.2,24.0,3.0,3.0,9.0,8.1,7.1,5.1,27.7,28.6,21.0,26.5
1772855781.2399313,11.5,10.2,16.3,13.4,65.7,65.3,4.1,12.2,4.2,7.1,5.2,3.1,40.0,34.0,3.1,2.1,10.3,10.1,51.5,61.0,59.4,58.4,83.2,74.3,4.1,4.1,11.2,6.2,35.7,27.0,71.7,70.0,4.1,3.1,2.1,2.1,82.0,82.0,4.1,2.1,84.0,83.2,26.3,26.3,2.0,1.0,8.2,10.1,10.2,6.2,30.0,31.0,28.9,17.3
1772855782.2406423,14.7,14.4,10.4,23.5,67.7,61.6,4.1,4.1,5.1,3.1,6.1,3.1,49.0,42.4,7.2,13.3,31.2,32.0,58.2,54.0,51.5,51.5,61.6,66.0,2.1,5.1,7.1,8.2,35.4,35.7,80.8,83.0,2.1,6.1,5.2,4.1,83.8,82.8,2.1,4.1,90.9,90.9,31.3,25.3,3.1,5.1,10.1,8.2,7.1,10.1,16.3,17.3,27.0,23.5
1772855783.2407315,15.8,9.2,15.3,21.6,70.0,59.0,4.1,4.1,11.2,5.1,3.1,5.1,37.4,41.0,29.0,14.7,12.0,12.1,50.5,49.5,59.0,61.4,52.5,51.5,5.0,4.2,4.1,8.1,36.7,33.3,84.3,75.2,4.1,3.1,10.3,7.1,71.0,71.3,4.1,2.1,89.9,90.0,24.5,23.0,3.1,2.1,7.1,11.2,8.1,7.1,10.3,15.2,20.6,22.7
1772855784.2408204,14.4,12.2,17.7,18.4,72.2,72.3,6.1,5.1,8.2,7.3,3.1,4.2,37.4,38.0,57.1,61.9,1.1,1.1,53.1,46.9,65.7,65.3,60.0,61.0,2.1,5.0,9.2,6.3,42.4,26.0,82.8,72.0,4.1,3.1,7.1,4.2,80.0,79.0,3.1,4.1,90.0,89.9,28.6,28.0,6.3,3.1,13.3,7.1,6.2,6.2,11.3,14.1,25.5,28.3
1772855785.2409089,11.5,9.1,17.3,18.4,63.3,63.6,4.1,2.1,9.1,10.2,4.1,3.1,35.3,40.4,82.3,82.7,4.2,8.2,49.5,44.0,49.5,48.5,67.7,67.3,3.1,2.1,7.2,10.1,29.0,25.0,80.8,81.2,3.0,5.1,2.1,2.1,63.0,64.6,4.1,4.1,90.0,89.1,20.8,21.2,4.0,4.1,6.3,7.1,5.1,5.2,27.3,25.3,24.5,17.2
1772855786.243041,18.2,11.1,20.6,16.2,64.6,63.0,4.1,3.0,8.2,8.2,3.1,4.1,35.4,39.4,58.5,61.9,6.3,2.1,60.0,53.1,52.0,47.5,76.2,78.2,3.1,3.1,3.0,4.1,30.3,35.4,76.5,78.8,3.0,3.1,1.0,3.1,74.0,74.5,3.1,4.0,89.0,89.9,28.3,28.6,3.1,3.1,8.2,8.2,9.1,5.2,32.0,34.3,28.0,24.5
1772855787.2473185,13.5,11.2,14.3,14.4,60.0,70.3,2.1,2.1,1.0,5.1,5.1,4.1,42.0,35.4,5.1,7.1,22.2,18.4,54.0,51.5,63.0,63.6,99.0,97.0,2.1,4.1,8.1,5.2,31.3,30.3,58.0,56.4,4.1,2.0,3.0,2.0,73.0,71.7,1.1,2.1,89.9,90.1,28.3,29.0,2.0,2.0,9.0,9.1,6.3,9.1,19.0,19.2,19.2,23.0
1772855788.2487144,15.6,16.3,24.7,18.6,72.4,72.3,5.3,2.1,9.4,2.1,2.1,4.1,49.5,48.0,3.1,3.2,21.4,20.6,59.6,69.4,65.7,71.0,99.0,98.0,6.1,4.1,5.2,8.2,42.0,48.0,36.7,55.0,4.1,3.1,3.1,2.1,77.2,75.0,4.1,2.1,98.0,99.0,28.6,34.7,4.1,3.1,12.2,12.2,7.1,7.3,14.1,16.3,33.3,30.6
1772855789.248781,13.5,10.2,16.5,19.2,71.0,70.0,6.3,1.0,4.2,11.2,5.1,3.1,45.0,42.4,6.4,3.1,3.1,3.1,54.0,50.5,63.4,62.6,94.0,98.0,2.1,3.1,5.1,8.1,42.0,36.0,60.8,23.2,4.0,5.1,3.0,2.1,71.7,74.0,2.1,3.1,100.0,100.0,27.0,30.3,3.1,6.2,13.4,8.2,6.1,9.1,8.2,9.2,21.6,23.5
1772855790.2489817,11.5,9.1,16.2,17.3,69.7,60.6,4.0,2.1,6.2,9.3,2.0,3.1,32.7,42.0,28.0,16.0,2.0,3.1,36.7,40.8,63.0,65.0,97.0,99.0,4.0,1.0,3.1,2.1,28.3,34.3,63.4,19.2,1.0,3.1,3.0,3.0,51.0,55.0,4.1,2.0,98.0,99.0,24.0,25.3,3.0,7.0,7.2,8.2,5.2,7.2,13.3,15.3,24.2,22.4
1772855791.2509716,12.4,6.0,15.3,17.0,64.0,64.4,1.0,3.0,2.0,2.0,3.0,2.0,41.4,36.0,19.4,19.2,1.0,3.0,18.0,21.8,44.1,43.6,78.0,79.4,2.0,2.0,3.1,2.0,30.7,29.0,57.4,28.3,1.0,3.0,3.0,3.0,31.6,38.6,2.0,2.0,99.0,98.0,15.0,21.0,5.0,3.0,5.0,5.0,3.0,2.0,8.1,7.1,6.0,10.0
1772855792.2527792,12.5,8.1,20.2,18.4,70.3,63.0,3.0,0.0,11.0,3.1,1.0,2.0,44.0,37.6,6.1,7.0,4.0,2.0,30.0,34.3,65.0,70.3,53.5,69.0,1.0,3.0,5.0,4.1,36.7,26.0,50.5,28.0,2.0,2.0,0.0,2.0,51.0,47.5,1.0,2.0,88.1,89.0,27.3,27.7,7.1,1.0,6.1,6.1,3.1,5.0,1.0,4.0,11.2,18.2
1772855793.2528667,10.6,6.1,17.2,12.2,57.6,56.6,4.1,1.0,3.1,7.2,2.0,4.1,37.0,25.0,2.0,2.0,1.0,3.1,29.0,25.0,44.6,48.5,58.0,72.5,3.0,1.0,2.0,2.0,28.0,34.0,48.5,34.0,2.0,2.0,2.0,3.1,42.9,42.9,1.0,2.0,60.4,60.4,29.3,26.3,1.0,2.0,6.1,7.1,5.0,3.1,3.0,4.0,8.1,15.2
1772855794.2542307,8.2,1.0,13.1,11.0,55.4,52.5,1.0,2.0,2.0,5.1,1.0,1.0,40.0,31.0,0.0,3.0,2.0,2.0,16.2,11.1,44.1,46.0,41.0,42.6,1.0,2.0,3.0,1.0,28.7,21.2,34.0,38.6,1.0,2.0,2.0,1.0,30.7,30.0,1.0,0.0,37.4,40.4,13.1,17.0,1.0,1.0,2.0,3.1,1.0,1.0,1.0,3.1,8.1,5.1
1772855795.2544568,11.6,8.1,22.2,19.0,79.2,83.2,3.1,2.0,9.3,5.1,4.1,4.0,47.0,51.5,18.0,13.3,9.3,9.1,49.0,48.0,66.7,69.3,34.7,46.5,3.0,3.0,5.1,3.0,36.7,39.0,54.0,41.0,5.0,3.0,3.1,4.1,61.0,63.0,14.3,5.1,20.0,20.2,25.7,31.0,4.0,3.1,10.1,9.9,4.1,5.2,14.3,16.2,16.3,17.3
1772855796.2556171,13.8,11.1,18.4,20.0,73.0,66.0,4.0,3.0,5.1,3.0,5.9,2.0,51.5,45.0,58.0,65.7,4.0,3.0,47.5,50.0,55.9,57.8,41.0,46.5,3.0,6.1,5.0,3.0,39.6,37.6,50.0,55.4,4.0,7.1,4.0,6.0,61.4,63.4,9.1,8.2,12.9,13.9,26.3,21.0,7.0,4.0,8.1,12.0,7.0,5.1,26.0,21.2,22.8,22.4
1772855797.2557192,11.2,3.1,10.1,8.1,34.7,32.3,2.0,0.0,1.0,2.0,3.0,2.0,28.0,28.3,68.8,73.5,0.0,1.0,16.3,17.3,40.0,43.0,43.4,40.6,0.0,4.0,2.0,3.0,16.0,26.3,63.0,58.6,1.0,1.0,1.0,4.0,20.2,23.2,1.0,2.0,11.1,10.2,21.2,20.2,0.0,0.0,3.0,3.0,2.0,4.0,13.1,12.1,12.1,9.2
1772855798.2558117,15.1,12.2,15.2,18.6,75.0,76.0,2.1,4.0,4.1,3.0,3.1,3.1,35.4,35.0,28.6,28.6,6.2,7.1,42.6,46.5,54.5,58.0,43.4,45.0,4.1,4.1,5.2,5.2,38.0,36.0,65.7,57.4,4.1,1.0,6.2,3.1,64.6,63.6,10.2,7.1,13.0,13.9,22.0,25.3,3.0,3.0,5.1,9.3,6.1,4.2,14.0,14.0,22.4,16.3
1772855799.2560186,16.3,10.2,16.2,15.3,66.7,65.3,3.0,1.0,2.0,3.1,5.1,5.0,50.0,40.0,3.0,4.0,29.6,28.6,42.9,40.0,52.5,52.0,21.0,52.5,2.0,5.1,4.1,2.0,28.6,36.0,53.5,68.3,4.0,4.0,4.0,3.0,51.5,50.5,20.2,8.2,11.9,11.1,20.2,23.0,1.0,3.0,8.0,9.1,5.0,5.1,24.0,24.0,22.0,26.0
1772855800.2733662,13.1,8.8,19.0,24.0,63.5,63.7,1.0,2.9,2.0,3.0,2.0,5.0,38.6,33.0,2.0,0.0,3.9,3.0,35.3,35.0,54.8,56.7,11.8,22.3,2.0,5.8,3.9,4.9,35.9,36.3,42.7,60.6,5.0,2.0,2.0,2.0,51.0,44.7,9.9,8.8,13.7,10.8,24.5,28.8,2.0,2.0,7.9,10.0,5.0,5.9,2.0,2.9,10.8,13.0
1772855801.27521,11.8,9.2,14.0,10.3,57.1,63.6,3.0,4.1,11.1,5.1,4.0,4.1,53.5,47.0,2.1,3.1,2.1,3.0,44.9,46.9,57.0,56.4,21.4,3.1,2.0,3.0,6.1,6.1,28.9,33.3,44.0,59.4,6.1,6.1,3.0,2.1,68.4,67.3,4.1,2.1,12.0,13.0,21.2,23.5,2.0,3.0,6.1,6.1,5.0,4.2,4.0,4.1,16.5,21.2
1772855802.2754407,13.3,11.8,18.4,16.3,66.0,71.0,11.2,3.0,3.0,3.0,3.1,2.0,37.4,36.0,2.0,1.0,2.0,2.0,30.7,34.3,56.0,54.5,23.8,28.7,3.0,2.0,6.1,3.0,38.0,39.6,53.0,50.5,3.0,2.0,1.0,5.0,33.7,32.3,1.0,3.0,12.0,12.0,26.0,21.0,2.0,1.0,9.0,7.1,4.1,6.1,1.0,2.1,11.0,20.4
1772855803.277688,9.4,3.0,12.7,8.9,66.3,67.6,2.0,0.0,0.0,1.0,1.0,1.0,37.6,32.7,2.0,2.9,3.0,1.0,5.1,3.0,42.7,40.6,29.4,31.4,1.0,1.0,2.0,2.0,18.8,28.0,50.0,35.6,1.0,0.0,2.9,2.0,18.0,17.0,0.0,1.0,11.7,10.9,17.8,17.6,1.0,0.0,4.0,5.9,2.0,2.0,2.0,2.9,7.0,7.0
1772855804.2782788,12.0,11.1,19.4,17.3,63.6,72.7,2.1,5.1,9.2,6.3,4.1,3.0,42.9,34.3,16.7,18.6,1.0,3.1,38.4,48.0,60.0,57.0,39.0,35.7,2.1,2.1,5.1,3.1,36.7,39.4,42.9,22.4,3.1,4.0,0.0,1.0,65.3,64.6,2.0,1.1,4.2,6.1,17.2,24.7,3.1,1.0,8.2,8.2,5.2,5.2,14.3,12.4,20.4,17.5
1772855805.2802157,17.2,5.1,15.3,16.3,32.0,35.6,3.0,1.0,6.2,6.1,3.0,2.0,25.7,29.3,20.0,18.6,2.0,1.0,21.6,15.8,46.1,42.6,31.0,50.0,2.0,2.0,2.0,3.0,29.0,23.0,52.9,55.4,2.0,1.0,2.9,3.0,28.0,27.7,2.0,1.0,1.0,1.0,18.8,21.8,1.0,3.0,8.1,4.0,5.9,2.0,14.1,8.9,14.9,8.0
1772855806.281526,15.6,9.9,16.2,19.8,79.0,79.0,7.1,1.0,2.0,3.0,4.0,2.0,49.0,45.0,10.2,12.0,9.1,7.1,26.5,27.6,53.5,51.0,31.7,50.5,2.0,3.0,3.0,3.0,27.7,34.0,58.0,63.6,2.0,2.0,0.0,1.0,45.5,38.0,1.0,1.0,2.0,4.0,16.2,27.0,1.0,2.0,7.1,7.1,7.1,5.0,4.0,2.0,9.3,8.0
1772855807.284293,13.4,7.1,16.3,17.0,71.7,66.0,2.0,2.0,2.0,2.0,3.0,3.0,44.4,38.6,3.0,2.0,2.0,1.0,19.2,29.7,59.6,64.6,30.3,52.0,1.0,2.0,2.0,2.0,39.6,42.6,66.3,73.3,1.0,2.0,1.0,2.0,23.5,24.0,2.0,1.0,1.0,1.0,27.0,28.0,1.0,2.0,4.0,4.0,2.0,2.0,1.0,1.0,11.9,14.0
1772855808.2843719,9.7,6.1,15.0,13.3,52.5,49.0,2.0,3.0,1.0,3.0,3.0,2.0,36.6,40.6,2.0,2.0,2.0,1.0,13.0,11.2,51.0,45.5,44.0,51.5,2.0,2.0,6.0,6.1,21.2,26.0,59.0,59.0,2.0,2.0,1.0,2.0,18.8,13.3,1.0,1.0,3.0,1.0,16.2,20.2,4.1,1.0,4.0,5.0,4.0,4.0,15.8,17.0,5.1,8.1
1772855809.2857082,11.6,11.0,14.3,13.1,60.0,49.0,2.0,3.0,5.0,12.2,2.0,3.0,24.2,32.3,34.7,48.0,2.0,4.0,17.2,20.2,46.5,40.6,56.9,51.0,2.0,0.0,1.0,2.0,30.0,25.7,61.4,59.4,0.0,1.0,3.0,0.0,32.0,32.0,3.0,0.0,2.0,1.0,22.0,16.0,4.0,1.0,7.0,7.1,3.0,5.1,24.8,25.0,6.1,10.2
1772855810.3009846,17.5,13.9,20.8,19.2,83.3,84.3,3.0,4.1,5.1,10.1,5.1,9.0,45.5,52.9,67.3,77.2,35.6,27.3,51.5,50.0,59.8,54.0,68.3,71.6,4.1,3.0,5.1,3.0,35.6,39.6,72.3,72.3,3.0,2.0,3.0,2.0,56.9,56.4,2.1,8.2,3.0,9.0,27.7,27.7,4.0,3.0,8.0,8.9,6.0,7.0,27.7,30.4,24.0,26.7
1772855811.3023844,13.5,11.1,16.3,19.8,76.5,79.0,3.0,3.0,1.0,2.0,2.1,1.0,33.3,37.4,49.0,45.8,3.1,7.1,17.0,20.0,59.6,67.3,82.2,78.2,4.0,3.0,4.1,3.0,37.4,38.8,57.0,48.0,3.0,3.0,2.0,2.0,28.3,29.7,11.0,8.1,2.0,2.0,22.0,25.3,4.0,2.0,8.2,6.1,4.0,3.1,2.0,1.0,5.1,13.3
1772855812.3036668,10.4,7.1,9.1,10.2,20.6,20.0,2.0,1.0,2.0,7.1,3.0,9.1,30.0,31.0,18.8,16.2,2.0,1.0,5.0,4.0,31.4,38.6,87.0,76.2,1.0,0.0,1.0,1.0,19.0,18.6,64.7,32.0,1.0,1.0,2.0,1.0,12.0,11.1,2.0,3.0,1.0,0.0,16.2,15.2,0.0,1.0,4.0,4.1,2.0,1.0,2.0,2.0,5.1,6.1
1772855813.3040376,11.7,7.1,20.2,19.2,86.9,85.0,3.0,3.0,2.0,2.0,2.1,6.1,48.5,36.4,3.1,2.0,3.0,3.0,47.5,44.4,65.3,63.7,87.1,81.0,2.0,4.0,4.1,2.1,41.4,38.4,53.0,26.7,7.9,3.0,4.0,3.0,57.0,57.1,4.0,1.0,1.0,5.0,28.7,33.0,2.0,3.1,10.2,10.1,5.1,5.1,8.1,8.1,20.2,22.0
1772855814.3041956,7.7,8.0,14.1,13.1,59.6,68.0,3.0,1.0,3.0,3.0,3.0,4.0,43.6,44.6,2.0,0.0,1.0,2.0,18.2,24.2,47.1,51.0,83.2,83.0,2.0,2.0,3.0,2.0,31.7,33.0,56.4,26.0,2.0,3.0,1.0,2.0,26.5,27.0,12.0,3.0,1.0,3.0,19.2,23.8,1.0,2.0,4.0,6.9,5.0,3.1,5.1,10.0,14.0,13.3
1772855815.3050427,14.3,9.1,16.2,15.0,56.0,66.3,3.0,2.0,1.0,3.0,3.0,3.0,36.4,32.7,3.0,2.0,2.0,2.0,23.2,27.5,54.0,53.9,78.2,81.4,1.0,2.0,2.0,2.0,34.0,27.7,44.6,25.7,1.0,0.0,2.0,1.0,35.6,34.0,12.2,8.1,3.0,1.0,27.7,24.0,3.0,2.0,5.1,5.1,3.0,4.0,3.0,1.0,11.1,5.1
1772855816.305404,8.6,7.9,15.2,12.4,65.7,59.0,2.0,2.0,3.1,4.1,1.0,2.0,40.0,44.0,1.0,3.0,1.0,1.0,30.0,26.5,53.5,53.5,57.4,71.0,2.0,1.0,4.1,5.1,34.7,40.4,23.0,20.0,1.0,2.0,2.0,1.0,31.6,33.3,4.0,2.0,0.0,2.0,20.0,22.2,4.0,1.0,7.1,7.1,5.1,3.1,2.0,3.0,11.1,14.1
1772855817.3177047,11.5,9.0,18.0,20.0,59.4,78.2,2.0,1.0,2.0,3.0,3.9,7.0,47.0,41.0,2.0,2.0,4.0,2.0,24.0,30.4,61.2,61.8,54.5,34.3,5.9,2.0,2.0,1.0,38.2,30.7,14.9,16.0,2.0,1.0,2.0,2.0,37.6,40.0,1.0,2.0,1.0,4.0,22.8,25.0,1.0,2.9,8.9,6.9,4.0,5.0,4.0,4.0,11.0,10.9
1772855818.3177726,18.9,13.3,18.4,21.2,72.4,82.0,4.1,4.0,6.1,11.2,2.1,10.1,44.0,36.0,9.3,8.4,9.3,9.3,51.5,50.5,60.0,63.4,26.5,18.6,3.1,3.1,4.0,6.1,40.0,31.6,7.1,7.2,3.1,4.1,2.0,3.1,76.8,76.2,3.1,3.1,3.1,8.1,22.2,27.0,2.0,4.1,7.1,9.3,6.1,7.2,20.2,19.0,24.2,20.6
1772855819.3185673,13.5,11.1,19.4,17.3,70.3,69.0,6.0,4.1,16.3,12.5,5.1,9.2,49.0,53.1,28.6,14.3,3.1,4.1,56.4,57.6,53.5,56.4,33.3,34.7,5.0,5.9,8.0,5.1,38.6,38.2,30.6,34.0,4.0,3.1,3.1,2.0,82.2,81.0,14.3,19.6,3.1,4.1,28.0,22.4,4.1,3.1,12.1,11.0,5.2,6.2,11.3,14.3,24.2,28.0
1772855820.321142,12.6,14.1,17.0,18.6,58.6,73.0,4.2,6.2,12.1,20.2,5.1,3.1,39.6,39.4,43.0,41.7,33.3,35.7,52.5,55.4,60.4,58.4,39.4,49.0,3.1,4.1,8.2,6.1,35.4,34.3,47.5,50.0,2.1,4.0,2.0,5.1,63.0,64.0,30.6,36.4,4.1,4.1,23.0,26.0,1.0,3.1,9.0,8.2,9.1,8.2,36.6,36.7,21.4,28.6
1772855821.3227143,20.4,8.2,19.6,15.3,70.4,65.7,9.3,4.0,6.2,3.1,3.1,4.1,53.1,45.5,82.7,84.8,8.1,7.1,55.0,58.4,60.4,59.0,73.0,70.7,3.1,3.1,8.2,5.2,38.4,30.7,77.0,82.2,5.1,2.1,4.2,7.2,76.8,75.8,7.3,9.4,23.0,10.3,29.0,27.6,2.1,4.1,8.3,10.2,5.2,5.2,31.7,34.3,26.3,21.4
1772855822.3242195,11.8,10.3,23.7,20.2,65.0,72.0,5.2,4.0,6.1,2.1,3.1,5.2,34.3,39.4,74.0,78.4,1.1,3.1,54.5,52.5,58.4,54.5,85.1,86.0,4.1,3.1,6.2,10.0,35.4,37.4,98.0,100.0,4.1,5.1,4.1,4.2,76.2,78.4,2.1,2.1,60.0,60.0,28.6,28.3,5.1,5.0,9.1,11.1,8.2,9.2,7.2,8.3,24.7,27.6
1772855823.325557,14.4,13.1,17.3,10.3,59.0,64.4,6.1,2.1,10.2,4.1,5.1,3.1,45.5,45.5,9.1,9.2,8.2,8.2,56.0,50.0,53.5,51.5,82.2,79.6,4.1,3.1,5.1,8.2,33.0,31.3,94.1,95.0,2.0,3.1,3.0,3.1,75.0,72.0,3.0,3.1,87.1,89.0,14.1,22.8,2.0,3.1,8.0,10.2,8.1,7.2,16.8,19.2,25.0,19.6
1772855824.3256426,11.7,11.3,17.5,19.6,77.8,71.3,9.3,2.1,7.3,11.3,3.1,4.0,37.1,37.8,1.1,2.1,3.1,3.1,53.0,57.1,66.0,65.0,65.0,77.0,5.1,3.1,6.3,5.2,36.7,40.0,89.0,92.1,4.2,4.0,1.0,4.1,77.8,79.2,7.3,2.1,88.8,90.9,28.0,25.8,5.1,3.1,12.4,7.3,6.2,7.2,12.4,11.5,26.3,28.6
1772855825.3257241,14.6,12.2,16.5,18.2,73.7,65.0,3.1,2.1,5.2,9.3,6.1,4.2,51.0,48.0,18.2,16.3,36.7,35.7,59.2,53.0,47.5,56.0,56.0,49.0,3.1,4.1,11.0,7.3,33.0,31.6,92.1,88.1,5.0,4.1,3.1,2.1,84.0,83.8,6.2,3.1,91.1,89.0,15.8,24.5,6.1,2.0,10.2,10.1,6.1,8.2,41.4,42.0,22.7,24.2
1772855826.329058,13.5,13.0,21.6,25.5,71.0,69.0,6.1,3.1,5.2,11.1,3.1,4.0,41.6,37.4,20.8,19.8,6.2,4.1,57.0,57.1,58.0,64.7,61.0,52.0,3.1,4.1,7.1,5.1,33.7,42.6,72.0,90.1,4.1,5.2,4.1,2.1,79.8,78.8,2.1,4.1,92.9,94.0,29.7,24.2,4.1,2.1,10.1,9.1,7.1,7.3,25.7,27.3,29.0,26.5
1772855827.332884,17.9,14.3,29.0,19.6,78.8,73.3,9.3,7.2,5.2,2.1,6.2,4.2,59.6,54.5,72.7,64.3,7.2,8.3,61.0,62.4,69.3,67.3,83.3,47.0,6.0,7.2,6.2,10.2,48.0,46.5,90.1,84.0,4.1,3.1,2.1,3.1,92.2,93.1,5.2,8.2,99.0,99.0,30.3,37.6,3.1,5.1,14.4,14.3,10.3,10.2,20.6,18.6,30.3,39.4
1772855828.33538,16.5,15.0,18.8,20.2,68.0,69.0,5.2,6.1,15.6,11.3,5.2,11.1,45.5,39.0,84.7,80.0,9.3,8.2,59.6,54.5,63.0,64.0,87.1,76.2,3.1,4.1,8.2,7.3,40.0,33.7,80.0,90.1,2.1,5.1,2.1,3.1,79.8,80.2,3.1,4.1,99.0,100.0,32.3,20.6,5.1,3.1,12.2,9.1,6.3,6.3,15.5,14.4,27.6,26.3
1772855829.3356974,18.2,16.2,23.2,21.9,82.8,68.3,4.1,5.2,17.9,26.8,5.2,4.2,51.5,53.0,51.5,49.5,37.8,32.3,65.7,71.0,68.3,66.0,95.0,98.0,4.2,3.2,6.2,10.3,45.5,45.0,81.2,84.0,2.1,6.2,1.1,4.1,73.3,77.0,6.2,3.1,99.0,99.0,30.6,31.6,4.1,4.1,11.3,9.5,11.2,9.1,26.5,29.0,32.3,29.6
1772855830.3451538,10.6,9.2,13.4,17.2,53.5,66.7,3.1,4.0,3.0,3.1,3.0,4.0,40.6,36.0,2.0,4.1,5.1,5.1,48.0,54.9,56.4,52.5,96.0,91.3,3.0,2.0,7.0,6.1,28.0,33.0,82.2,88.3,4.0,4.0,3.0,3.0,71.3,73.3,3.0,3.0,99.0,100.0,22.5,23.5,2.0,2.1,9.1,9.0,5.1,6.1,23.8,24.0,21.0,20.4
1772855831.3472936,16.3,13.3,20.8,19.2,71.0,70.0,4.1,4.2,4.1,5.1,5.1,4.1,46.5,41.0,12.4,13.5,4.1,3.1,50.0,58.2,64.4,67.0,94.1,93.0,5.1,3.1,7.1,6.1,35.4,42.4,69.0,72.7,5.2,3.1,3.1,2.1,81.8,82.0,4.1,2.1,100.0,99.0,33.0,24.2,2.1,2.1,13.1,7.2,6.1,9.2,15.3,19.0,26.8,32.0
1772855832.3484936,13.7,7.1,19.6,16.2,66.0,72.7,6.2,5.1,2.1,6.1,4.1,3.1,48.5,38.4,24.7,18.6,8.2,10.1,50.0,54.5,56.9,52.9,94.1,96.0,2.1,4.0,5.1,7.0,34.3,29.0,68.0,68.3,3.1,4.1,2.0,4.0,80.0,78.8,2.0,2.0,100.0,99.0,30.6,21.4,4.1,2.0,8.2,8.1,7.1,5.2,10.2,7.2,24.5,23.2
1772855833.3530343,14.6,12.2,20.2,12.4,63.3,68.3,5.1,2.1,5.2,9.2,5.1,4.0,40.4,42.6,15.6,19.4,7.1,4.1,54.0,48.5,56.4,56.4,100.0,99.0,4.0,4.1,7.1,5.1,32.7,30.3,56.0,66.0,4.0,7.2,3.0,10.2,74.3,76.5,8.1,8.2,98.0,99.0,30.0,30.3,4.1,2.1,8.1,11.2,5.2,5.2,22.8,24.0,26.0,23.5
1772855834.3531175,14.7,12.5,14.3,20.6,72.7,68.7,5.1,2.0,11.3,4.2,5.2,3.1,47.0,39.8,31.6,28.6,7.3,8.2,62.6,60.0,62.4,59.4,93.0,95.0,3.1,3.1,7.2,8.2,40.4,43.6,47.5,54.0,3.1,10.1,2.0,4.1,80.0,79.8,4.2,9.2,100.0,98.0,28.9,35.4,3.1,4.1,11.2,15.0,6.2,8.3,15.3,14.4,22.4,29.3
1772855835.3542106,18.6,10.1,15.6,17.3,68.3,66.3,5.1,4.2,6.2,13.4,7.1,4.1,36.7,41.2,80.8,81.8,35.0,29.3,58.4,56.6,56.0,49.0,78.2,84.2,5.1,5.1,6.1,7.1,33.7,33.0,47.0,57.0,5.2,4.1,4.0,3.1,83.0,82.2,7.1,11.5,89.1,88.0,33.3,29.6,6.2,5.1,11.1,10.2,7.1,9.3,19.4,19.6,26.3,24.5
1772855836.357547,15.3,15.3,22.4,23.0,71.7,67.0,7.1,5.1,11.2,4.1,6.2,4.1,52.0,42.9,73.5,68.4,3.1,3.1,59.0,64.4,71.6,69.3,75.2,66.3,4.1,5.1,9.1,6.1,40.4,33.7,57.6,52.9,7.2,4.0,2.1,3.1,79.4,80.8,10.3,3.0,50.0,45.5,31.6,29.0,6.1,4.1,14.1,7.2,5.2,9.2,35.0,35.4,24.2,34.3
1772855837.3643105,14.6,15.0,16.2,18.2,61.6,63.7,5.2,3.1,4.1,9.1,5.0,4.1,38.6,36.6,6.0,7.8,4.1,7.2,46.0,48.5,51.0,53.0,64.4,59.6,3.1,5.0,4.1,3.1,38.0,41.0,44.6,63.4,4.1,2.0,4.0,2.0,78.8,80.2,4.0,3.0,15.0,15.2,21.0,22.0,2.0,3.0,8.2,9.0,4.1,7.1,11.0,10.9,21.4,23.0
1772855838.366215,13.4,10.2,20.4,23.2,67.0,74.3,12.4,4.1,6.0,5.1,9.3,6.1,46.0,40.6,6.1,3.1,9.1,3.1,55.4,57.6,67.3,63.7,45.0,51.5,4.0,2.0,4.0,5.1,39.0,32.0,60.4,71.3,3.0,10.1,4.0,1.0,72.0,76.0,1.0,3.0,12.0,11.9,23.5,28.3,3.0,4.1,10.0,9.1,7.1,8.2,17.2,16.3,22.2,22.7
1772855839.370641,11.6,13.0,20.2,15.2,72.5,69.3,5.1,3.1,8.1,3.1,6.1,5.1,45.0,43.0,23.2,27.6,4.1,3.1,56.0,54.4,53.9,56.4,39.4,41.0,5.0,3.0,8.1,5.1,39.6,32.3,72.3,65.3,4.1,5.1,3.1,3.0,75.0,75.2,3.0,3.1,12.1,12.1,23.5,23.5,4.0,4.0,8.2,9.1,7.0,7.1,18.2,19.8,22.0,27.3
1772855840.3716867,15.2,9.3,15.5,17.3,67.7,65.0,1.0,3.1,22.7,25.3,3.1,3.1,34.3,37.4,23.7,21.6,13.3,9.3,50.5,55.6,51.5,58.4,56.4,41.0,4.1,3.0,5.1,5.1,28.3,35.0,71.3,70.3,3.0,3.1,2.1,1.0,73.0,71.0,3.1,4.1,13.0,13.4,24.2,22.4,3.1,2.0,7.1,7.1,7.1,6.1,3.1,3.1,22.2,24.2
1772855841.3749547,15.6,15.0,20.2,17.5,69.7,71.0,6.1,3.1,11.3,6.3,6.0,4.1,43.6,51.0,6.2,6.1,26.3,27.6,57.6,56.0,65.3,63.0,71.3,65.7,4.1,2.0,6.1,11.0,39.4,38.0,80.2,80.2,8.1,3.0,6.1,2.0,72.3,74.7,3.1,6.1,8.2,9.9,23.2,29.3,4.0,3.1,10.1,8.0,7.1,6.2,23.2,30.0,22.2,31.3
1772855842.3754852,12.2,7.2,14.4,17.2,64.3,61.0,4.1,3.1,5.1,3.1,6.2,5.1,38.4,32.7,45.5,51.5,5.1,5.1,54.5,52.5,51.0,52.5,62.0,79.4,4.0,5.1,4.1,4.1,25.3,38.6,91.2,88.1,2.0,3.1,4.1,6.1,85.0,83.2,3.1,2.0,4.1,3.0,23.0,25.0,3.1,4.0,7.1,8.2,6.1,8.1,28.3,28.3,25.3,21.4
1772855843.3760998,19.2,15.0,16.3,17.3,68.7,69.7,6.1,5.1,8.2,5.1,13.3,4.1,50.0,47.5,81.8,79.0,11.2,9.3,57.4,51.0,61.0,60.0,54.0,64.0,3.1,4.1,6.2,5.2,35.0,34.0,78.8,79.0,4.1,3.1,4.1,2.1,66.7,70.0,3.0,6.1,3.1,3.1,25.5,25.3,4.1,3.0,8.2,8.1,7.1,5.2,9.2,12.2,25.3,20.2
1772855844.3792582,12.4,12.2,15.2,17.3,77.0,63.7,4.1,4.1,5.1,8.2,5.1,4.0,33.7,35.4,47.9,49.5,3.1,3.1,51.5,56.0,53.4,56.4,70.7,59.4,6.1,4.0,5.1,7.1,34.3,39.0,66.3,65.0,8.0,6.9,3.1,2.0,75.2,74.0,4.1,2.0,4.1,5.1,26.3,23.8,3.0,2.0,12.1,9.1,7.1,6.1,31.7,31.4,26.5,28.0
1772855845.3818657,16.3,12.9,16.2,16.0,67.7,75.0,11.0,2.0,5.1,5.1,4.1,3.1,41.0,48.5,1.0,5.1,5.2,2.1,52.5,56.9,51.0,57.3,68.6,43.0,2.0,4.0,6.0,4.1,35.0,34.7,39.0,54.5,9.2,4.0,8.0,5.9,66.3,66.7,2.0,7.9,3.0,3.1,25.3,27.6,2.0,3.0,8.1,8.1,5.1,6.1,8.2,11.2,20.0,25.3
1772855846.3829956,13.5,7.1,17.0,16.2,65.7,62.0,3.1,2.0,10.2,4.1,4.0,4.0,31.0,38.0,22.0,18.4,21.4,25.5,49.0,49.0,54.5,47.5,61.0,40.8,4.1,4.1,6.2,5.1,25.0,30.3,41.4,58.6,6.1,1.0,7.1,2.0,76.8,75.0,3.1,2.1,4.1,3.0,20.2,25.3,6.1,2.0,7.1,6.2,5.1,5.2,14.1,9.3,20.4,23.5
1772855847.3838956,15.3,13.3,16.5,17.2,67.7,64.0,6.1,5.1,7.2,11.2,7.1,5.1,41.0,44.0,21.6,21.9,14.3,13.1,54.0,44.0,68.0,64.4,77.0,67.3,6.2,4.1,7.2,7.1,41.0,31.0,54.5,60.0,6.1,2.0,4.1,2.0,86.0,88.1,5.1,1.0,5.2,4.1,23.2,28.0,3.1,2.0,12.1,14.1,5.2,10.2,31.6,33.3,26.3,26.3
1772855848.389319,13.4,13.0,17.2,9.3,57.4,48.0,4.1,6.0,7.1,8.2,5.1,3.1,44.4,32.0,23.7,24.5,3.1,13.3,49.5,52.0,52.0,47.5,81.4,85.1,5.0,5.1,6.1,6.0,30.0,18.4,85.0,81.0,4.0,2.1,3.0,4.1,73.3,74.7,12.1,15.3,19.4,12.4,22.8,17.0,4.1,3.0,8.0,8.2,6.1,8.0,21.0,18.2,20.0,20.4
1772855849.3901365,16.3,11.2,19.2,21.2,76.8,73.0,12.2,5.2,5.2,3.1,5.2,2.0,35.0,42.4,82.8,79.8,2.1,3.1,54.0,53.5,54.5,58.8,95.0,87.1,3.1,6.1,10.0,8.2,39.4,37.0,92.0,90.2,3.1,5.1,3.1,7.2,78.0,79.2,4.2,8.2,46.0,43.0,24.2,29.0,5.2,2.0,10.2,9.4,7.1,6.2,22.0,23.0,27.3,25.5
1772855850.39107,14.3,9.2,19.4,20.2,68.4,75.2,6.1,8.2,19.2,13.4,6.2,5.2,46.5,37.0,80.4,76.8,10.2,9.4,52.5,61.2,63.0,63.0,98.0,92.0,4.1,2.1,6.2,7.1,36.6,40.6,92.1,93.1,6.1,6.1,2.1,6.1,75.0,75.5,6.1,4.1,76.2,74.3,30.0,29.7,2.0,3.1,9.3,12.0,5.2,8.2,19.2,16.3,28.6,27.3
1772855851.393527,14.6,9.1,14.6,12.6,56.0,55.4,4.1,5.2,13.3,7.2,5.1,5.1,37.8,30.3,11.2,10.2,25.8,27.3,47.5,45.9,45.5,46.5,83.7,90.1,4.1,5.1,6.1,4.1,31.6,18.2,79.0,82.0,2.1,3.1,4.1,2.1,65.7,64.6,4.1,2.1,90.8,88.9,21.6,25.0,3.0,3.1,11.1,7.1,6.1,6.1,13.3,14.3,14.1,20.6
1772855852.3936112,12.9,9.2,17.3,18.4,59.2,68.0,6.1,1.0,12.2,5.2,4.1,3.1,45.1,36.0,7.2,3.1,9.1,3.1,56.0,47.0,55.4,51.5,86.0,94.0,2.1,4.1,7.2,8.1,41.0,33.3,57.6,66.0,6.1,5.1,4.0,4.0,80.0,80.6,2.1,3.1,90.0,90.9,22.0,24.0,3.1,2.1,9.3,9.3,5.2,6.2,28.3,30.3,21.9,25.8
1772855853.39369,13.7,10.3,16.3,22.4,63.6,74.7,3.1,4.1,4.1,11.3,4.1,3.1,43.9,41.6,13.4,29.3,9.2,12.4,56.6,62.6,67.7,65.7,100.0,100.0,3.1,5.1,9.3,6.1,33.3,31.3,40.6,49.5,5.1,6.1,4.1,4.2,73.7,74.3,3.1,6.1,90.0,90.1,25.5,29.3,4.1,2.0,10.2,8.2,7.1,8.2,17.2,18.4,24.0,31.0
1772855854.3949568,12.2,7.9,17.2,12.9,63.0,73.3,3.0,2.0,4.0,4.0,2.0,3.0,35.6,38.4,20.4,18.6,2.0,6.1,33.7,26.7,46.0,43.0,91.1,92.1,2.0,3.0,5.1,0.0,35.6,35.6,30.0,33.0,2.0,1.0,3.0,4.0,43.0,37.0,3.0,2.0,90.0,89.9,22.8,20.0,2.0,1.0,4.0,7.1,3.0,4.1,6.1,5.1,14.0,12.4
1772855855.3971477,11.5,5.2,17.2,15.5,66.0,74.3,2.0,2.0,3.0,1.0,2.0,3.0,45.0,41.4,4.1,6.0,2.1,2.0,16.2,20.2,69.3,74.3,56.0,59.0,1.0,0.0,3.0,2.0,33.0,38.4,14.1,18.2,4.1,3.0,3.0,1.0,28.7,26.0,1.0,2.0,89.0,89.9,23.2,28.3,1.0,1.0,5.0,6.9,2.0,3.0,3.1,5.1,6.1,8.0
1772855856.3972318,12.5,7.1,11.2,13.1,54.0,63.0,4.0,1.0,1.0,3.0,1.0,2.0,31.3,30.0,2.0,2.0,3.0,1.0,8.0,8.2,46.5,46.5,29.3,46.5,1.0,2.0,1.0,1.0,27.0,30.0,20.8,15.0,3.0,2.0,1.0,0.0,17.3,19.4,2.0,3.0,88.8,89.0,28.7,20.0,1.0,3.0,6.1,4.1,3.0,3.0,9.0,9.1,5.1,4.1
1772855857.39829,11.6,7.9,13.3,18.2,72.3,72.3,0.0,3.0,3.0,2.0,2.0,3.0,51.0,48.5,1.0,3.0,2.0,2.0,41.4,40.0,45.5,47.1,12.1,19.2,1.0,2.0,3.0,3.0,34.0,35.0,22.2,29.3,2.0,9.2,2.0,3.0,43.4,43.6,2.0,3.1,90.2,90.0,23.5,26.0,2.0,4.0,6.1,5.1,4.0,5.1,3.0,5.2,14.1,15.3
1772855858.398373,10.8,8.1,16.0,15.2,55.6,61.0,2.0,1.0,2.0,5.1,3.0,2.0,30.3,33.3,2.0,2.0,0.0,3.0,24.0,27.0,49.0,51.5,23.2,21.2,2.0,2.0,2.0,2.0,23.2,25.0,29.0,33.0,1.0,3.1,3.0,2.0,24.8,23.2,0.0,2.1,89.9,89.0,19.0,21.2,2.0,3.0,5.1,6.1,4.0,2.0,9.1,10.9,15.2,8.1
1772855859.4022298,10.5,10.0,20.2,16.2,57.0,69.7,5.0,5.0,3.0,6.1,2.0,2.0,39.0,30.0,1.0,2.0,2.0,2.0,34.3,40.0,61.0,65.3,41.6,32.0,3.0,2.0,3.0,5.0,34.0,33.0,21.0,36.6,4.0,5.0,1.0,3.0,37.4,38.0,1.0,8.1,90.9,89.9,25.0,27.0,2.0,3.0,7.9,8.0,3.1,5.0,3.0,3.1,12.1,13.1
1772855860.4029949,13.4,10.1,20.2,14.3,59.0,77.0,6.2,0.0,3.1,2.0,5.1,3.0,41.6,44.0,2.0,4.1,7.1,8.2,43.6,44.0,58.0,60.0,31.3,31.7,1.0,5.0,4.0,3.1,28.0,36.0,17.2,10.1,3.0,1.0,3.0,4.0,40.4,40.0,4.0,7.0,90.2,88.2,26.3,25.0,1.0,1.0,8.2,6.0,5.1,4.1,2.0,3.1,21.4,21.0
1772855861.4111543,11.3,6.0,12.0,9.9,69.6,52.9,2.0,1.0,1.0,2.0,1.0,0.0,24.8,32.4,1.0,2.0,1.0,2.0,14.0,16.0,45.5,42.2,23.8,26.0,0.0,0.0,2.0,1.0,31.7,20.8,0.0,20.6,1.0,2.0,1.0,1.0,22.8,22.8,1.0,3.0,87.0,88.9,18.0,18.0,3.0,1.0,5.0,3.0,2.0,3.0,1.0,2.0,7.0,5.1
1772855862.413861,12.5,10.1,19.4,22.4,66.7,77.0,2.1,5.0,2.0,4.0,4.0,3.0,49.5,53.9,20.8,24.5,2.1,2.0,28.6,24.0,72.3,67.0,26.3,15.8,4.0,3.0,1.0,5.0,42.4,43.0,4.0,20.4,4.0,3.1,6.0,5.9,40.4,42.4,7.9,1.0,75.0,75.0,30.0,31.3,2.0,2.0,11.0,9.1,4.1,4.1,12.4,14.0,16.2,12.2
1772855863.414727,14.6,14.3,21.2,20.4,73.0,74.0,5.1,9.1,10.2,5.2,5.1,5.1,55.6,46.9,81.6,72.0,29.3,24.7,60.0,59.0,60.0,58.6,3.1,1.1,3.1,4.2,6.1,4.1,45.5,38.4,40.0,36.4,4.1,1.0,6.1,4.2,77.0,76.2,2.1,3.1,48.5,50.0,28.3,33.0,4.0,7.1,13.3,11.2,9.2,8.2,19.4,21.6,24.7,30.3
1772855864.4149232,15.0,6.1,12.1,13.3,39.4,36.0,3.0,0.0,4.0,1.0,2.0,2.0,27.7,30.0,67.0,62.9,2.0,3.0,30.0,31.7,47.1,41.6,2.0,3.0,4.0,1.0,3.1,2.0,19.2,25.0,65.7,20.4,1.0,3.0,1.0,3.0,29.3,31.3,3.1,1.0,25.0,24.8,18.0,15.7,2.0,1.0,6.0,3.1,5.1,4.1,5.0,6.1,9.9,14.1
1772855865.4168975,11.6,8.1,17.5,16.2,75.0,76.2,2.1,3.0,4.1,10.2,3.0,2.0,40.0,39.6,10.2,11.2,8.2,8.2,46.5,45.5,69.7,70.0,6.2,7.2,2.1,4.0,10.9,6.1,35.0,37.0,76.5,49.5,5.1,2.0,4.1,2.0,60.0,60.6,1.0,4.0,12.0,11.1,27.0,23.2,3.0,2.0,12.2,7.1,5.2,7.1,23.2,21.4,20.2,21.2
1772855866.4169793,12.6,7.1,24.2,19.2,82.0,82.0,2.0,0.0,2.0,3.0,2.0,3.0,46.0,46.0,4.1,6.0,2.0,4.0,31.0,25.3,55.0,62.0,35.0,28.7,3.0,2.0,1.0,4.0,37.0,41.6,67.0,79.2,3.0,3.0,3.0,0.0,31.0,28.0,3.0,1.0,11.9,12.0,27.0,24.2,2.0,1.0,5.1,8.9,4.0,2.0,22.0,20.2,9.1,11.1
1772855867.4170644,10.5,5.9,10.2,9.0,51.0,59.6,2.0,1.0,3.0,0.0,2.0,1.0,38.0,35.0,21.0,21.2,2.0,1.0,10.0,8.0,49.5,52.0,73.3,46.5,1.0,1.0,1.0,1.0,30.0,29.0,72.0,88.1,2.0,1.0,1.0,3.0,20.2,20.2,0.0,3.0,11.0,11.9,23.8,20.0,0.0,1.0,3.0,4.0,3.0,4.0,1.0,0.0,6.1,6.1
1772855868.4179864,11.1,4.0,11.0,10.1,44.4,47.5,2.0,2.0,2.0,2.0,1.0,2.0,27.0,25.3,20.2,18.2,2.0,1.0,6.0,6.0,44.0,47.5,83.3,37.6,1.0,1.0,0.0,1.0,21.0,20.0,60.8,81.2,1.0,1.0,2.0,2.0,16.0,26.0,0.0,2.0,11.0,11.1,15.0,16.0,2.0,1.0,4.0,3.0,2.0,2.0,2.0,3.0,5.1,7.0
1772855869.418066,13.7,10.3,18.4,20.4,80.2,78.0,2.1,1.0,10.2,3.1,2.1,3.1,45.0,42.6,2.0,4.1,1.0,4.0,45.5,50.0,63.0,59.4,84.2,40.0,3.0,2.0,5.0,4.0,40.6,39.4,46.5,76.0,4.0,4.0,2.0,3.1,57.0,59.0,4.1,2.1,11.9,12.9,24.2,31.3,1.0,5.1,9.2,9.9,3.1,11.0,8.2,9.2,23.2,17.2
1772855870.4181411,13.5,9.1,16.3,13.4,66.7,70.7,4.0,6.1,1.0,4.1,3.0,4.0,42.0,43.0,2.0,4.1,9.2,9.3,48.0,49.5,52.9,50.0,81.8,76.0,3.1,5.1,4.1,3.1,32.3,35.4,61.0,82.0,3.1,2.0,0.0,5.1,72.7,74.3,5.1,2.0,11.1,12.0,26.3,23.5,3.0,3.1,12.1,7.1,7.1,14.4,24.5,24.2,17.2,22.4
1772855871.418484,13.4,13.9,21.0,10.2,69.0,62.4,3.1,4.1,4.1,5.2,4.1,4.0,42.0,42.0,3.1,4.1,3.1,4.1,56.0,55.6,59.0,62.4,84.3,92.0,4.0,3.1,11.0,9.1,34.0,34.3,65.3,69.3,3.0,3.1,3.0,2.0,83.3,83.8,2.1,2.1,11.1,12.0,23.5,26.7,2.0,6.0,8.1,9.2,8.2,11.0,14.3,13.4,25.3,23.5
1772855872.4216297,12.4,8.1,12.2,13.1,51.0,47.0,5.0,6.1,10.2,11.0,5.1,4.1,38.0,26.7,23.0,17.2,28.3,26.5,45.6,43.6,48.5,47.5,100.0,98.0,4.0,3.1,3.0,11.1,28.0,24.8,71.3,55.9,5.0,3.0,3.0,0.0,73.7,72.3,2.0,1.0,11.0,11.0,12.0,21.2,2.1,1.0,8.1,7.0,6.1,5.2,16.0,16.2,19.0,20.0
1772855873.4217155,15.8,10.2,14.3,17.3,69.4,72.3,2.1,5.2,13.4,18.6,2.1,5.1,37.0,35.4,86.0,94.0,9.4,10.3,47.4,55.4,56.6,55.4,100.0,100.0,3.1,4.1,6.2,5.1,30.3,33.3,68.0,85.0,1.1,6.1,3.1,3.1,69.7,69.4,3.1,2.1,14.1,15.3,17.2,26.3,3.1,4.1,9.2,7.3,5.2,7.2,12.4,14.1,20.4,25.8
1772855874.4225278,13.5,8.0,17.5,15.0,74.0,77.0,6.1,3.1,19.0,5.2,6.1,7.1,40.4,42.0,93.9,93.9,4.1,4.1,54.5,52.0,53.5,55.9,89.0,87.0,4.0,2.1,10.1,8.2,33.3,29.3,56.0,63.7,7.1,6.1,3.1,3.1,78.2,77.5,3.1,3.1,13.3,12.1,23.2,26.0,3.0,3.1,7.1,9.1,5.1,7.1,29.7,30.3,30.3,23.5
1772855875.4226086,9.7,9.3,9.2,12.4,49.5,39.0,3.1,4.0,3.1,7.1,5.1,2.1,34.0,35.4,23.7,25.5,8.3,10.2,39.8,49.0,47.0,46.5,80.2,67.3,4.1,4.1,5.2,2.0,29.6,31.3,72.7,70.0,6.2,2.0,4.1,4.0,74.7,73.7,8.1,4.0,12.1,13.1,18.0,19.0,2.0,3.0,7.1,6.1,5.1,7.1,17.2,18.0,17.2,17.2
1772855876.4236236,12.5,10.1,15.2,20.4,67.7,63.0,3.1,4.1,7.1,8.3,9.3,5.1,42.4,33.7,4.0,4.0,3.1,2.1,53.5,49.0,64.4,65.3,70.0,81.0,6.0,4.0,6.1,5.1,36.4,32.3,71.0,57.0,4.0,4.1,2.1,4.1,74.3,73.3,15.3,3.1,13.1,12.2,28.3,22.2,4.1,4.0,10.2,10.1,6.1,4.2,21.0,18.6,28.3,18.6
1772855877.4267192,13.5,13.1,12.5,18.4,73.0,72.0,4.1,2.1,4.0,2.1,4.1,4.1,43.6,38.4,3.1,2.1,27.6,24.5,56.0,57.0,44.0,49.5,73.0,67.6,4.0,3.1,9.2,8.2,35.6,32.3,45.5,42.0,5.1,2.0,7.1,6.1,72.7,72.7,10.1,7.3,12.2,12.2,25.0,25.3,2.0,1.0,8.2,8.2,5.2,7.1,22.0,21.2,20.2,27.3
1772855878.4324656,12.5,12.2,15.2,18.0,83.0,75.2,2.1,2.1,3.1,6.0,3.1,3.0,40.4,41.6,3.1,2.1,12.2,13.1,64.0,59.6,58.4,57.4,78.4,67.0,2.1,3.0,2.0,5.1,30.7,38.0,65.3,59.0,5.1,6.1,6.1,4.1,81.0,79.0,18.4,12.2,13.0,14.0,19.2,27.0,3.0,4.0,8.2,10.0,9.1,8.0,18.4,18.0,24.0,23.2
1772855879.4325473,14.4,10.1,15.3,14.3,55.6,61.6,5.1,2.0,8.2,20.2,5.1,4.0,34.7,33.3,20.8,26.3,5.1,3.1,47.5,50.5,51.0,51.0,58.0,60.0,4.0,5.1,8.1,9.0,34.3,34.0,55.0,32.7,4.0,4.1,5.2,3.1,81.2,80.8,17.5,10.3,19.4,22.2,19.2,21.2,2.1,3.1,12.1,8.2,8.1,8.2,13.1,16.3,20.4,23.0
1772855880.4328742,15.3,11.1,17.3,17.3,68.4,62.0,5.1,3.1,5.2,7.2,4.1,5.2,40.6,49.0,91.0,83.8,10.3,10.2,53.5,52.5,52.0,55.0,54.0,57.0,4.0,4.0,5.2,6.1,31.0,36.0,55.4,23.5,1.0,6.1,7.2,6.2,76.8,74.3,4.1,3.1,71.3,65.3,29.6,24.2,4.1,4.0,10.2,8.1,3.1,6.1,27.0,27.6,26.5,23.5
1772855881.4329605,14.1,8.2,16.8,16.3,51.0,61.0,2.1,1.0,4.1,2.1,5.1,1.0,37.4,34.7,90.0,90.9,2.1,2.1,40.6,40.4,50.5,55.4,59.6,66.0,2.1,4.0,2.0,3.1,33.3,37.4,72.5,66.0,3.1,3.1,9.2,4.1,63.6,61.0,3.1,2.1,85.9,86.9,22.4,23.2,2.0,4.1,9.0,7.2,7.1,5.1,15.3,14.1,23.5,22.2
1772855882.435136,13.3,8.9,11.0,12.1,69.7,70.0,4.0,2.0,2.0,1.0,3.0,3.0,40.0,33.0,27.0,26.0,1.0,1.0,12.0,13.9,50.0,50.5,58.4,68.0,2.0,3.1,3.0,4.0,32.0,29.3,65.3,59.4,3.1,3.0,2.1,2.0,43.6,39.0,4.1,2.0,91.0,89.0,27.7,28.0,2.0,1.0,3.1,6.1,3.0,4.1,8.1,8.1,6.1,9.2
1772855883.4352212,6.3,3.0,14.0,14.1,49.5,46.0,2.0,0.0,1.0,2.0,2.0,1.0,32.0,35.0,1.0,2.0,0.0,3.0,8.1,7.1,51.0,53.5,43.6,66.0,2.0,2.0,0.0,2.0,24.0,30.7,63.4,51.5,2.0,1.0,3.0,1.0,24.0,27.0,3.0,1.0,89.0,89.0,15.0,17.6,2.0,2.0,5.0,2.0,2.0,2.0,6.1,7.9,4.9,6.0
1772855884.437502,14.9,12.1,14.3,20.0,63.6,66.0,1.0,3.0,2.0,3.0,3.0,2.0,47.0,52.0,2.0,4.0,2.0,2.0,24.0,23.2,57.8,56.4,36.0,55.4,2.0,3.1,3.1,3.0,34.0,35.0,41.6,48.0,2.0,2.0,1.0,3.0,30.0,30.3,2.0,1.0,89.9,89.0,30.3,33.0,2.0,1.0,4.1,6.0,2.0,3.0,14.0,13.0,4.1,6.1
1772855885.4377036,11.2,3.1,16.2,18.2,79.8,76.8,2.0,1.0,2.0,2.0,1.0,2.0,36.0,39.0,2.0,1.0,1.0,8.2,15.2,10.1,60.0,63.0,27.0,54.0,2.0,3.0,4.0,2.0,38.0,36.4,58.4,33.0,0.0,2.0,1.0,2.0,22.2,22.5,2.0,2.0,90.0,90.0,31.0,31.3,2.0,1.0,6.1,7.1,3.0,5.0,10.0,10.1,6.1,6.0
1772855886.4386652,16.0,11.1,16.3,18.2,83.0,85.0,1.0,2.0,4.0,6.1,2.0,3.0,47.5,48.5,2.0,3.1,23.0,26.5,27.3,27.3,53.5,54.0,27.0,54.5,3.0,3.0,8.0,6.1,34.0,40.4,37.0,45.5,3.0,3.0,2.0,1.0,48.0,48.5,18.4,5.1,89.9,89.9,29.3,29.3,2.0,1.0,7.1,6.1,6.1,4.1,3.1,2.1,8.1,11.1
1772855887.442086,14.3,7.9,14.4,13.1,63.4,64.4,4.0,1.0,3.1,7.2,3.1,2.0,38.0,28.3,3.0,2.0,9.1,10.0,42.2,48.0,51.5,51.0,14.3,9.3,4.0,2.0,3.1,4.0,22.8,27.7,45.5,41.0,1.0,5.0,1.0,3.0,49.0,49.0,4.1,3.1,89.1,90.0,21.8,18.4,3.0,2.0,7.1,7.0,6.1,6.0,11.0,10.9,22.2,19.2
1772855888.4421709,7.4,1.0,12.1,11.2,53.5,45.5,2.0,3.0,1.0,4.0,4.0,1.0,34.3,28.0,0.0,1.0,1.0,0.0,20.2,23.2,47.0,53.5,1.0,9.0,1.0,2.0,3.0,1.0,34.3,31.0,40.0,21.2,1.0,2.0,2.0,2.0,16.0,18.2,1.0,2.0,89.0,90.0,25.3,22.2,1.0,0.0,5.1,5.1,2.0,2.0,6.1,6.1,9.1,9.0
1772855889.4438112,19.0,12.9,19.0,19.4,68.0,65.3,2.1,2.0,17.3,12.2,2.0,6.1,49.0,46.0,1.0,1.0,2.0,3.0,10.0,6.0,57.4,60.4,11.0,10.1,2.0,3.0,2.0,3.0,33.7,37.4,42.0,26.7,3.0,1.0,1.0,2.0,33.0,32.0,10.0,1.0,89.9,91.0,24.0,22.0,3.0,1.0,6.1,5.0,3.1,3.0,11.0,10.1,4.0,7.1
1772855890.444859,16.0,8.2,13.1,13.0,67.7,67.7,4.0,4.0,3.0,4.0,3.0,3.0,36.0,39.0,3.0,4.0,1.0,3.0,20.0,18.2,46.5,48.5,11.1,12.0,2.0,2.0,6.1,6.9,21.4,31.3,49.0,32.3,1.0,2.0,1.0,1.0,41.4,43.0,14.1,8.1,89.9,90.0,20.0,25.0,1.0,4.0,5.1,5.1,5.1,6.0,3.1,3.1,5.1,10.1
1772855891.4449463,13.4,7.1,15.5,18.4,73.0,82.2,2.0,2.1,10.3,11.3,5.2,3.0,39.4,34.3,1.0,2.1,3.1,9.1,41.4,47.5,63.4,56.4,8.1,38.0,4.0,2.0,4.0,3.1,34.0,39.2,47.0,37.0,2.0,3.0,1.0,3.0,53.0,52.5,2.0,2.0,90.0,89.9,22.2,25.0,3.1,1.0,10.1,10.1,5.1,5.2,3.1,3.1,24.5,24.2
1772855892.4465423,9.7,7.1,14.0,11.9,33.7,39.0,2.0,2.0,1.0,2.0,2.0,2.0,30.7,33.0,2.0,2.0,4.0,2.0,23.8,19.0,39.2,40.6,4.0,22.8,3.0,2.0,3.0,2.0,22.5,30.0,34.3,39.0,0.0,1.0,0.0,1.0,26.0,25.3,1.0,0.0,89.0,90.0,17.2,13.0,3.0,0.0,6.1,3.1,1.0,2.0,1.0,2.0,9.0,3.0
1772855893.4466236,11.6,8.0,15.3,14.3,69.7,64.0,4.0,3.0,4.0,13.0,4.0,3.1,41.0,44.0,1.0,3.0,7.1,1.0,45.5,46.0,57.6,55.0,32.0,36.4,3.0,3.1,4.0,4.0,25.5,30.3,48.5,38.4,1.0,4.1,3.0,1.0,52.0,50.5,2.0,3.1,69.7,69.3,19.8,24.5,2.0,2.0,8.0,6.1,6.0,5.2,14.1,15.3,22.4,22.2
1772855894.4467034,12.5,8.0,10.1,18.2,62.4,64.0,4.0,3.0,2.0,5.1,2.0,1.0,37.0,34.3,33.7,34.7,3.1,3.0,25.3,17.3,47.5,46.0,52.5,44.6,3.0,3.0,1.0,4.0,33.3,34.0,48.5,35.0,3.0,1.0,2.0,2.0,38.0,28.3,1.0,10.1,13.0,12.0,21.0,26.0,2.0,1.0,9.0,7.1,3.1,3.1,7.1,8.0,9.1,8.1
1772855895.4467902,17.6,7.1,13.1,15.3,80.0,76.2,2.0,1.0,2.0,3.1,1.0,1.0,35.0,42.0,93.1,94.0,1.0,1.0,13.7,10.0,55.0,53.5,67.3,73.3,1.0,1.0,2.0,2.0,29.3,31.0,49.0,32.7,1.0,3.0,2.0,2.0,21.2,21.0,6.1,12.1,11.1,9.2,22.0,28.0,1.0,1.0,5.1,5.0,3.1,4.0,28.4,29.7,8.0,5.1
1772855896.4472716,18.4,8.1,16.2,17.2,45.0,50.5,1.0,1.0,0.0,3.0,4.0,3.0,40.0,42.0,85.9,85.7,2.0,4.0,25.5,25.3,52.5,52.0,60.4,75.2,2.0,1.0,3.0,5.1,30.7,26.0,46.0,38.0,2.0,2.0,1.0,3.0,34.0,33.3,3.0,4.0,3.0,3.0,19.0,24.0,0.0,3.0,7.1,6.1,5.0,6.1,3.1,2.1,10.1,11.2
1772855897.4502454,10.5,8.1,13.1,13.1,51.0,46.5,2.0,4.0,2.0,3.0,3.1,5.9,31.3,25.0,10.2,12.1,21.2,28.3,40.2,37.0,56.4,58.4,73.0,63.0,3.0,6.0,3.0,5.9,26.0,33.7,45.1,56.0,2.0,4.0,2.0,3.0,42.0,44.0,1.0,1.0,2.0,3.0,18.2,23.2,2.0,2.0,7.0,9.0,5.0,6.9,27.7,28.7,21.4,19.0
1772855898.4515166,10.6,13.1,15.3,19.4,80.0,82.2,4.1,3.1,3.1,2.1,3.1,2.1,48.5,40.6,4.0,2.1,11.0,10.2,45.0,50.0,44.0,48.0,73.0,79.0,3.1,1.0,3.1,4.1,37.4,32.0,62.4,68.7,3.1,3.1,1.0,2.1,63.3,66.7,17.2,4.1,2.0,1.0,25.3,28.0,1.0,2.0,7.1,7.2,4.1,4.1,7.1,11.1,18.2,21.4
1772855899.4515953,11.5,5.1,7.1,11.1,43.9,53.0,0.0,1.0,3.1,1.0,2.0,1.0,22.0,21.2,1.0,1.0,1.0,1.0,14.1,14.1,37.6,41.6,78.4,81.2,1.0,2.0,3.1,4.0,21.2,17.3,53.5,75.2,1.0,2.0,3.0,1.0,23.5,28.0,6.1,6.1,1.0,1.0,14.0,12.0,2.0,0.0,4.0,5.9,2.0,2.0,6.0,8.1,7.1,11.1
1772855900.4516945,12.5,9.2,17.2,20.2,72.7,72.0,4.0,2.0,4.0,3.0,3.0,3.1,35.4,39.6,1.0,1.0,3.1,1.0,45.5,35.6,47.0,45.5,78.0,84.0,2.0,2.0,5.0,2.0,30.0,34.7,46.0,65.7,5.0,3.0,1.0,2.0,51.0,54.0,2.0,16.0,1.0,3.0,24.2,26.3,1.0,2.0,8.2,7.1,4.1,6.1,8.1,6.3,20.2,16.2
1772855901.4517806,11.5,8.1,14.1,17.2,65.0,59.6,1.0,4.0,2.0,1.0,3.0,2.0,28.0,39.4,2.0,2.0,1.0,2.0,11.0,9.2,52.0,52.5,60.4,62.0,3.0,1.0,2.0,2.0,31.0,36.4,50.5,68.7,2.0,1.0,1.0,4.0,20.2,21.0,7.1,6.1,0.0,1.0,23.8,18.2,3.0,3.0,6.1,5.1,2.0,3.0,9.0,8.0,7.1,8.0
1772855902.4518664,11.5,6.1,12.1,12.0,72.5,76.2,2.0,2.0,2.0,1.0,1.0,3.0,44.0,43.0,1.0,1.0,2.0,1.0,3.0,3.0,67.6,70.0,51.0,45.5,2.0,1.0,2.0,1.0,29.0,30.0,60.4,55.9,1.0,3.0,0.0,1.0,18.8,19.0,12.1,3.0,2.0,2.0,17.2,19.0,0.0,1.0,6.0,7.9,2.0,2.0,1.0,2.0,5.0,5.1
1772855903.4531465,12.4,6.9,13.1,20.0,52.0,56.4,2.0,0.0,5.0,1.0,3.0,2.0,40.6,31.7,3.0,2.0,1.0,8.0,11.2,11.1,50.0,52.0,70.0,66.3,1.0,1.0,0.0,1.0,37.0,35.0,46.0,47.0,1.0,1.0,2.0,3.0,22.4,23.2,10.0,7.1,1.0,2.0,23.8,27.0,2.0,1.0,5.0,6.1,6.1,4.0,4.0,3.0,6.1,5.9
1772855904.4532287,6.5,3.1,13.0,12.2,55.0,44.4,3.0,2.0,18.2,16.0,2.0,2.0,37.8,45.0,1.0,1.0,2.1,2.0,37.6,35.6,47.0,45.5,68.3,74.7,2.1,1.0,4.0,4.0,23.0,23.0,50.5,35.4,2.0,2.0,2.0,1.0,51.5,50.0,1.0,1.0,1.0,2.0,23.2,21.2,2.0,3.0,7.1,7.0,10.1,5.1,8.0,9.2,16.0,14.3
1772855905.453307,8.5,5.0,8.0,9.1,54.1,66.0,0.0,1.0,0.0,2.0,4.0,3.0,23.8,30.0,0.0,1.0,6.1,2.0,14.1,12.1,42.6,42.0,55.0,61.4,3.0,5.0,1.0,1.0,19.2,17.0,52.0,26.0,2.0,3.0,1.0,2.0,16.0,16.0,0.0,1.0,1.0,0.0,14.0,16.7,1.0,1.0,2.0,2.0,2.0,1.0,4.0,4.0,10.1,5.1
1772855906.4543524,11.6,7.1,17.2,13.0,42.6,47.0,2.0,0.0,3.0,2.0,1.0,2.0,30.7,35.0,1.0,2.0,2.0,0.0,8.0,7.9,38.6,44.4,72.0,53.5,2.0,3.0,3.0,4.0,24.0,24.0,46.5,45.1,1.0,1.0,1.0,2.0,17.0,17.0,2.0,2.0,1.0,2.0,13.0,12.1,1.0,1.0,6.0,4.0,2.0,3.0,2.0,2.0,7.0,7.0
1772855907.4565425,19.6,12.2,21.0,21.4,82.0,77.0,4.1,3.0,4.1,4.1,4.1,10.2,36.0,40.0,15.0,20.4,2.1,2.1,49.0,53.5,57.0,52.5,75.5,67.0,3.1,2.0,5.1,4.1,42.0,35.0,56.0,50.0,4.1,4.0,2.1,3.1,63.6,62.6,2.1,2.0,0.0,2.0,31.0,32.3,4.0,3.1,9.1,9.0,6.1,7.1,12.4,14.3,18.2,24.2
1772855908.456619,8.4,4.0,9.4,11.2,67.0,61.8,2.0,1.0,3.0,2.0,3.0,2.0,39.4,31.3,63.3,56.6,3.0,3.0,10.0,10.0,53.0,50.5,39.8,59.4,1.0,1.0,1.0,2.0,27.0,35.4,66.3,55.0,2.0,2.0,1.0,1.0,22.0,21.2,1.0,1.0,2.0,2.0,21.2,24.0,0.0,3.0,5.1,6.1,4.0,4.0,42.6,42.0,9.1,13.1
1772855909.4596782,17.7,12.1,18.8,22.0,75.0,66.3,1.0,3.0,2.0,2.0,2.1,1.0,36.6,45.0,80.0,73.2,22.4,23.8,24.0,21.4,58.4,55.4,33.7,56.4,2.0,1.0,3.0,3.0,32.7,34.3,30.7,56.9,2.0,3.1,2.0,3.0,33.3,31.7,2.0,0.0,2.0,2.0,24.2,22.8,1.0,3.0,6.1,6.1,5.0,4.1,8.1,8.0,9.1,9.1
1772855910.461784,8.3,4.0,15.0,15.2,74.0,71.7,4.0,1.0,1.0,3.1,5.0,2.0,45.0,42.0,45.5,38.8,7.9,3.0,35.0,35.4,51.5,51.5,33.7,35.6,3.0,4.0,4.0,6.1,30.0,33.0,51.0,36.0,4.0,4.0,1.0,2.1,47.5,47.5,2.0,3.0,4.1,1.0,24.0,15.2,3.0,1.0,7.0,7.1,7.0,6.9,8.9,7.1,17.2,15.2
1772855911.463514,10.5,8.1,18.0,17.3,58.4,53.0,3.0,2.0,3.0,3.0,1.0,2.0,33.3,37.0,25.5,27.3,9.0,9.1,5.0,13.9,52.5,56.4,9.1,31.0,3.0,1.0,3.0,1.0,35.6,29.0,57.8,23.2,2.0,1.0,3.0,2.0,29.0,30.3,1.0,3.0,3.0,2.0,30.0,22.8,3.0,2.0,7.0,6.1,2.0,2.0,9.1,6.1,9.1,11.2
1772855912.4637616,14.3,6.1,18.2,18.2,71.0,71.3,1.0,1.0,3.0,2.0,3.0,5.1,43.6,43.6,3.0,1.0,1.0,1.0,24.0,23.8,59.4,61.4,19.0,21.2,2.0,2.0,3.0,4.0,41.0,33.0,56.4,25.0,2.0,3.0,1.0,2.0,31.3,32.0,1.0,1.0,16.0,9.0,25.5,30.3,2.0,2.0,6.1,5.0,4.0,3.0,2.0,3.1,8.1,6.1
1772855913.463856,9.6,5.0,16.2,14.1,56.0,53.0,2.0,1.0,1.0,2.0,0.0,3.0,30.0,35.0,1.0,4.0,3.0,2.0,18.2,17.2,48.5,42.6,12.0,2.0,1.0,2.0,1.0,1.0,24.8,28.3,34.7,14.0,0.0,3.0,1.0,2.0,23.2,25.3,2.0,2.0,11.0,12.0,13.9,16.0,2.0,2.0,6.0,4.0,4.0,5.0,8.2,10.0,6.0,7.1
1772855914.4644687,9.4,5.0,11.1,7.0,55.6,54.5,0.0,2.0,2.0,2.0,2.0,1.0,26.7,23.5,0.0,0.0,0.0,0.0,8.0,8.0,37.6,39.6,5.0,14.1,1.0,1.0,2.0,2.0,22.0,21.8,24.0,12.1,1.0,0.0,1.0,2.0,14.0,15.0,1.0,1.0,11.9,12.7,17.2,16.2,4.0,0.0,4.0,4.0,1.0,2.0,6.0,5.1,4.0,8.1
1772855915.466736,12.2,6.0,9.1,9.1,49.0,47.0,1.0,4.0,2.0,1.0,3.0,2.0,30.3,28.3,3.0,0.0,1.0,1.0,14.0,11.1,43.6,46.1,11.1,10.1,3.0,2.0,2.0,2.0,21.2,20.0,28.0,23.2,2.0,2.0,2.0,2.0,17.0,17.8,2.0,2.0,11.1,11.1,17.6,20.0,2.0,3.0,6.1,6.9,4.0,2.0,0.0,2.0,5.0,7.1
1772855916.468388,14.9,11.1,23.0,21.2,69.0,62.0,3.0,0.0,14.4,7.1,4.0,2.1,47.0,37.0,2.0,3.0,5.1,8.1,37.4,38.6,63.4,63.0,15.0,24.8,3.1,1.0,7.1,6.1,39.0,39.0,30.0,26.7,2.0,2.0,1.0,3.0,52.5,52.0,3.0,2.0,12.0,11.0,27.3,27.0,4.0,2.0,9.1,10.1,8.0,5.1,10.3,13.1,15.2,20.0
1772855917.468461,10.1,2.0,8.1,13.0,68.0,65.0,1.0,2.0,2.0,2.0,2.0,1.0,39.4,36.0,0.0,2.0,0.0,1.0,8.9,8.0,52.5,53.5,14.0,20.2,1.0,1.0,2.0,2.0,32.0,22.0,21.6,39.0,1.0,1.0,1.0,0.0,19.0,17.3,1.0,1.0,12.7,11.9,17.2,13.9,3.0,1.0,3.0,4.0,1.0,2.0,4.0,2.0,5.1,2.1
1772855918.4693882,13.4,9.0,16.5,12.1,67.7,55.0,3.0,1.0,9.9,4.1,1.0,2.0,28.7,36.6,2.0,1.0,2.0,3.0,15.3,19.2,48.0,48.0,4.0,21.8,3.0,0.0,3.0,1.0,21.2,35.4,22.2,23.8,4.0,3.0,2.0,3.0,25.0,25.7,5.9,0.0,10.2,11.0,23.8,26.0,1.0,1.0,6.0,9.1,2.0,3.0,7.0,3.0,4.0,7.1
1772855919.469472,18.8,11.3,17.3,25.3,71.3,67.7,5.1,1.0,9.4,7.1,3.0,4.1,49.0,54.1,3.1,3.1,8.2,4.1,48.0,50.0,61.4,64.0,18.2,30.3,3.1,3.1,5.1,7.0,46.5,34.0,45.0,55.0,1.0,4.1,3.0,2.0,74.0,73.5,4.2,5.1,14.1,13.1,30.6,27.3,3.0,2.0,10.1,11.1,7.1,7.1,2.1,5.1,25.3,26.5
1772855920.4700215,12.5,7.1,20.0,14.3,59.6,58.4,2.0,2.0,2.0,6.1,1.0,3.1,43.4,38.2,2.0,4.0,2.0,2.0,23.0,24.0,58.0,60.0,44.0,43.6,3.0,2.0,2.0,4.0,36.7,38.6,29.3,57.6,3.0,3.0,1.0,1.0,35.4,31.7,5.1,3.1,11.1,12.0,26.0,28.0,1.0,2.0,6.0,5.1,3.0,4.1,12.1,10.2,9.1,4.1
1772855921.4703138,14.1,9.9,15.3,18.6,75.2,75.5,2.9,2.0,11.0,10.1,5.0,3.0,38.6,48.5,2.0,2.0,3.0,3.1,50.0,50.0,55.4,53.9,55.9,47.5,3.0,2.0,2.0,4.0,36.9,36.6,41.2,57.8,3.0,3.0,2.0,7.1,64.7,66.3,3.0,4.0,13.7,13.9,31.4,24.5,2.0,3.0,8.1,7.9,6.0,7.9,9.9,11.1,18.8,26.2
1772855922.4707417,13.7,8.2,17.5,15.5,71.7,72.7,1.1,1.0,3.2,9.1,2.1,2.0,35.4,36.7,7.1,11.2,3.0,3.0,26.3,27.6,50.5,46.9,58.6,41.8,2.0,2.1,3.1,1.0,28.6,29.3,56.6,50.5,1.0,1.0,0.0,2.0,36.7,41.8,3.1,2.0,12.2,11.2,21.4,24.5,1.0,0.0,6.1,4.1,5.2,4.1,21.4,21.2,11.3,14.7
1772855923.4724104,15.6,18.0,18.4,15.2,71.0,65.3,4.0,1.0,4.0,2.0,7.1,5.1,46.5,36.6,56.6,58.0,21.2,30.3,45.0,43.0,62.0,60.4,71.3,84.3,3.0,3.0,4.1,5.9,39.0,33.3,67.3,45.0,4.9,3.0,2.0,4.0,46.5,46.9,2.0,3.0,13.0,11.9,26.7,16.0,2.0,2.0,7.0,8.0,5.0,5.1,8.2,10.2,18.2,12.1
1772855924.4724948,17.3,10.1,17.2,16.0,59.0,53.5,1.0,3.0,3.1,2.0,2.0,3.1,33.7,26.5,98.0,94.9,8.2,8.2,38.8,44.0,59.4,56.0,87.0,87.0,1.0,3.1,8.1,8.2,23.0,26.5,80.2,58.0,1.0,1.0,5.1,1.0,53.0,53.0,3.1,1.0,12.2,13.1,22.2,16.2,3.1,1.0,8.1,6.1,5.2,3.1,37.0,38.0,20.6,15.3
1772855925.473976,15.8,6.1,11.1,8.2,56.6,52.5,5.0,1.0,2.1,3.0,2.0,3.1,40.0,39.6,52.5,49.5,7.1,4.0,41.7,45.0,49.5,52.5,82.2,84.2,4.0,2.0,3.0,3.0,21.2,32.3,62.6,65.0,7.1,3.0,3.1,4.1,63.0,62.4,2.0,7.1,15.2,18.0,13.1,16.0,0.0,4.0,9.2,7.2,5.0,8.0,16.8,17.3,21.0,15.3
1772855926.4754722,10.8,8.2,14.3,15.5,68.7,66.0,3.1,2.0,3.1,3.0,4.1,3.1,30.7,34.3,8.3,12.2,8.2,2.1,44.0,47.5,44.0,46.5,100.0,100.0,2.1,4.0,7.1,5.0,29.7,30.3,76.2,80.2,4.1,3.1,3.1,3.1,72.7,72.0,3.1,2.0,52.5,50.0,15.2,21.4,3.1,3.1,9.1,9.1,6.1,4.2,4.1,5.1,18.4,19.2
1772855927.475558,13.3,9.0,13.1,12.2,59.6,76.2,2.1,0.0,1.0,2.0,3.1,5.0,33.3,33.0,3.0,1.0,4.0,4.1,32.3,31.0,45.0,44.0,90.1,82.2,4.0,1.0,6.0,5.1,25.0,31.7,85.9,89.0,1.0,2.0,2.0,2.0,47.5,46.0,1.0,3.0,98.0,99.0,19.2,25.0,1.0,2.0,5.1,5.1,3.0,6.0,7.0,6.1,16.0,20.4
1772855928.4756465,13.4,7.1,16.2,16.0,61.6,65.3,1.0,2.0,13.0,11.2,2.0,2.0,37.4,31.3,0.0,1.0,1.0,2.0,18.0,18.0,48.5,47.5,62.4,63.0,1.0,2.0,5.1,4.0,31.3,30.0,80.2,75.0,3.0,2.0,2.0,2.0,39.6,34.3,1.0,2.0,98.0,98.0,20.2,20.0,4.0,1.0,8.0,10.1,3.0,3.1,10.1,10.1,8.1,7.1
1772855929.479361,9.7,8.0,19.0,15.2,52.5,66.0,0.0,1.0,1.0,1.0,4.0,3.0,45.1,43.6,4.0,2.0,4.0,2.0,24.0,30.3,67.0,63.0,72.3,67.3,3.0,2.0,2.0,2.0,28.7,33.0,68.3,64.4,1.0,2.0,2.0,2.0,46.0,48.5,0.0,1.0,89.9,91.0,26.0,29.0,2.0,0.0,6.0,6.0,3.0,5.0,1.0,2.0,9.1,8.0
1772855930.4819665,16.2,10.0,16.3,20.2,65.7,60.0,4.0,2.0,6.1,10.2,3.1,2.0,31.3,34.0,1.0,1.0,22.2,18.6,48.5,51.0,63.0,63.0,26.3,69.3,2.1,3.0,2.0,2.1,33.7,35.0,66.3,56.9,2.1,1.0,2.0,2.0,58.0,61.0,3.1,1.0,90.0,88.9,27.3,20.2,5.1,3.0,7.1,8.0,6.1,6.1,16.3,14.1,20.6,29.6
1772855931.4842913,14.9,14.1,17.3,17.2,75.0,77.2,3.1,2.0,3.1,4.0,5.1,3.0,47.0,53.5,4.1,9.1,11.1,18.0,58.2,58.4,50.0,51.0,51.0,71.0,4.1,2.0,6.1,6.1,39.6,38.4,42.6,63.4,4.0,5.0,3.0,2.0,77.2,80.0,3.0,2.0,91.0,89.1,23.8,24.0,3.0,2.0,10.1,5.1,8.1,6.1,28.3,30.3,24.0,22.4
1772855932.485688,12.6,8.1,14.4,17.3,65.7,74.0,2.1,2.1,4.1,3.1,2.0,3.1,42.3,34.7,55.0,43.4,2.0,2.1,36.7,43.9,61.0,61.0,49.5,75.5,3.0,4.1,6.2,6.1,33.7,28.6,43.6,62.6,3.1,3.1,1.0,1.0,44.0,45.5,1.0,2.0,89.0,90.1,22.2,22.2,1.0,6.1,8.1,9.0,5.1,5.1,35.6,37.6,18.4,18.4
1772855933.4866612,13.3,7.1,15.0,9.0,56.6,43.6,3.0,3.0,5.0,2.0,2.0,3.0,33.0,31.3,55.1,56.1,1.0,2.0,21.8,19.2,42.0,44.0,49.0,48.0,1.0,1.0,3.0,3.0,33.7,30.7,52.5,50.0,2.0,2.0,2.0,1.0,26.0,29.7,0.0,1.0,90.0,89.8,22.0,20.8,1.0,2.0,5.1,7.0,3.0,4.0,2.0,4.0,11.1,8.1
1772855934.4883277,12.5,9.1,18.2,18.0,68.3,71.3,2.1,4.1,3.1,3.1,4.1,3.1,50.5,43.0,48.0,53.1,1.0,8.3,48.5,51.0,60.0,62.7,47.0,61.6,4.1,4.0,6.1,6.1,27.6,36.4,36.0,41.0,5.1,2.1,1.1,5.1,72.0,71.0,4.0,4.0,90.0,89.1,26.3,23.5,3.0,6.2,10.1,8.2,6.2,5.2,15.0,13.3,24.0,25.0
1772855935.4915578,17.5,12.2,18.4,16.3,71.4,76.0,3.1,2.1,10.5,11.3,5.1,5.1,44.6,33.3,41.7,39.6,10.3,3.1,57.6,54.5,49.0,54.5,59.0,54.5,5.1,3.1,4.0,5.1,36.0,34.3,41.4,52.5,4.1,3.0,3.1,3.1,76.0,77.0,4.1,2.1,90.0,89.8,27.3,24.8,3.1,2.0,15.2,10.1,9.1,6.1,11.2,11.2,26.3,20.0
1772855936.49272,12.4,9.0,16.2,17.2,58.6,62.0,4.0,1.0,12.2,12.1,5.1,2.1,33.3,32.3,24.7,20.0,3.1,2.0,48.0,46.0,50.0,50.0,46.5,53.0,2.0,3.1,4.1,5.2,27.3,25.0,63.0,49.0,4.0,2.1,3.0,2.0,63.0,63.0,2.0,3.0,90.9,89.1,22.8,24.2,1.0,5.0,7.1,7.0,5.1,5.2,11.1,10.1,22.0,20.4
1772855937.4966955,13.1,11.1,15.3,12.1,60.6,56.6,3.1,3.0,9.1,11.1,2.0,4.1,34.3,34.3,4.0,4.0,22.4,23.2,48.0,52.5,54.9,59.2,45.5,56.4,3.1,5.9,4.1,9.1,30.3,30.0,68.0,35.0,4.0,4.0,4.0,1.0,68.7,69.0,3.1,1.0,90.1,90.0,21.2,19.2,4.0,1.0,9.1,9.2,7.1,4.1,10.0,8.1,17.2,23.2
1772855938.499118,17.3,12.1,20.4,13.3,64.0,71.6,3.1,6.3,14.1,4.2,2.1,5.1,48.0,46.5,6.2,10.3,11.2,16.2,53.0,54.0,49.5,52.9,39.0,57.4,4.0,3.1,5.1,3.0,39.4,32.0,71.3,46.5,3.1,2.0,2.1,2.0,79.2,77.0,4.0,3.1,92.0,88.9,23.0,23.0,2.1,3.1,8.1,7.1,7.1,7.1,24.5,25.3,27.0,22.7
1772855939.500597,14.3,10.1,18.4,20.2,68.3,68.0,4.1,6.2,4.1,5.1,5.1,3.1,25.3,39.6,26.3,38.0,3.1,7.2,54.0,51.5,57.0,63.6,46.0,46.0,2.1,2.0,6.1,9.1,35.6,35.7,62.6,56.0,3.1,4.0,4.0,4.0,63.0,65.3,2.0,2.0,79.0,80.0,30.0,25.3,4.1,2.0,6.1,8.2,8.2,5.2,43.0,43.0,21.4,24.2
1772855940.5054739,16.2,10.1,15.2,13.0,71.7,70.3,3.0,4.0,9.1,7.0,2.1,4.0,48.5,40.0,62.0,51.0,2.1,6.1,51.5,53.9,57.4,55.9,56.9,52.5,3.0,5.0,5.1,5.1,30.4,29.7,55.0,67.6,4.0,4.0,5.1,3.1,78.2,77.0,3.0,2.0,39.0,39.0,23.2,23.8,4.0,4.0,10.0,9.0,5.1,7.0,19.0,18.0,16.3,22.4
1772855941.5055532,12.5,8.2,16.5,14.3,70.7,62.0,3.1,4.0,6.2,3.1,3.1,3.1,27.6,34.0,43.0,39.2,3.1,7.1,50.5,46.5,47.5,52.0,64.0,72.3,3.0,4.1,6.1,5.1,34.3,30.0,70.6,51.5,3.1,3.0,4.1,6.0,69.7,71.7,2.1,5.1,7.2,6.1,14.0,19.2,3.0,1.0,6.2,6.2,8.1,6.2,7.1,7.1,22.2,26.3
1772855942.5100136,11.6,7.1,15.0,14.1,57.6,50.0,3.0,3.0,12.9,4.0,5.0,3.1,38.6,39.4,49.5,38.4,2.1,5.1,49.0,49.5,47.1,46.5,72.0,74.0,3.1,4.0,5.1,3.1,23.5,30.0,60.4,62.0,4.0,5.2,4.1,3.1,75.0,72.3,2.0,1.0,1.0,1.0,18.0,22.2,1.0,4.0,9.0,7.0,4.1,6.0,16.8,19.0,18.2,17.0
1772855943.5122776,14.3,12.0,19.4,14.0,65.7,69.0,9.3,5.2,17.5,9.3,4.1,6.1,38.4,31.3,37.9,38.1,33.3,31.3,54.5,51.0,57.0,61.4,70.3,76.5,4.1,4.1,8.2,7.1,34.0,35.4,61.4,56.0,5.1,3.0,4.1,6.1,83.2,82.2,6.0,4.0,5.1,3.0,20.2,20.0,3.1,3.1,7.2,11.2,10.1,6.1,17.5,17.5,27.6,19.6
1772855944.5223281,13.3,9.0,16.2,17.0,69.3,60.4,3.1,2.0,5.0,2.0,5.1,3.0,48.0,37.9,10.2,13.1,6.1,3.1,53.0,48.0,53.9,53.4,86.4,95.1,4.0,3.0,8.0,6.1,29.7,35.4,58.8,67.0,4.0,4.0,5.0,3.0,73.3,73.7,4.1,3.1,10.1,3.0,21.0,21.0,4.0,3.0,10.0,8.9,7.1,7.1,15.8,14.0,19.8,26.7
1772855945.5223958,13.5,12.2,16.5,17.3,70.0,67.0,7.1,6.1,3.1,3.1,3.1,4.1,30.3,39.8,2.1,4.1,3.1,8.2,51.0,54.1,59.0,59.0,100.0,100.0,1.0,5.1,4.1,6.1,32.0,32.0,57.4,52.0,2.0,8.1,2.1,2.1,71.7,72.0,2.1,3.1,12.1,11.2,24.0,23.5,2.0,8.1,11.1,10.2,6.2,6.2,21.2,23.5,24.2,27.0
1772855946.5239024,13.4,10.1,19.0,11.3,63.6,55.0,3.1,6.0,10.3,9.2,4.1,5.1,42.0,39.4,32.7,46.0,8.2,3.1,50.0,51.5,52.0,51.0,95.0,96.0,5.1,4.0,9.2,9.2,34.0,28.0,67.3,57.8,2.1,5.2,3.1,3.0,80.2,78.2,4.1,3.0,12.1,14.1,22.0,18.2,4.0,7.1,6.2,8.2,5.1,8.2,43.4,44.1,26.0,15.3
1772855947.5249894,14.4,10.1,16.5,12.2,75.2,66.0,5.1,5.2,15.2,15.5,5.1,5.1,36.0,33.0,59.2,62.2,19.4,24.2,54.5,56.6,60.0,52.5,100.0,100.0,4.1,2.0,5.1,6.1,30.3,29.0,83.2,68.0,3.1,4.0,2.0,8.1,73.7,73.0,13.4,8.2,14.0,15.2,22.4,30.6,3.1,8.4,10.8,12.0,9.2,7.1,17.0,15.3,17.5,26.3
1772855948.5277653,13.4,11.1,20.4,17.3,69.4,73.3,4.1,3.1,13.4,11.2,3.1,4.1,44.9,45.5,56.1,59.2,18.2,12.1,48.5,58.4,52.9,54.9,91.2,81.0,3.1,5.0,7.1,7.1,31.0,37.0,86.0,84.2,4.1,4.1,3.1,3.1,78.2,76.8,10.2,7.3,14.0,12.4,27.7,21.8,2.1,4.1,7.1,12.2,6.1,8.2,16.2,16.3,27.3,29.0
1772855949.529332,12.4,8.1,16.3,16.0,61.0,65.0,5.1,4.0,11.3,4.1,3.1,6.0,38.0,35.0,45.4,41.2,1.0,10.1,48.5,50.0,61.0,53.0,59.0,65.3,4.1,2.0,6.2,5.2,37.4,37.8,90.0,91.0,4.0,3.1,4.1,1.0,68.0,66.3,3.1,2.1,11.3,13.3,23.2,22.2,4.0,3.0,8.2,9.2,6.1,6.1,13.3,12.4,19.2,18.6
1772855950.5306468,14.3,10.9,14.9,13.3,60.0,55.4,3.0,3.0,4.0,6.1,5.0,6.1,34.0,37.0,20.6,21.9,3.1,5.1,44.0,53.5,57.4,56.4,50.0,56.0,5.1,3.1,11.0,10.0,24.0,28.3,81.2,67.3,3.1,5.1,2.0,5.0,71.0,69.7,3.1,4.0,12.1,12.1,20.0,17.0,3.1,1.0,9.1,9.1,6.0,9.1,18.0,18.8,22.2,22.0
1772855951.5333397,15.3,10.3,13.4,21.0,63.6,67.0,3.0,2.1,2.1,3.0,4.1,2.1,48.0,35.0,5.1,5.1,2.1,7.2,55.6,55.6,48.5,49.5,54.5,54.5,4.1,3.0,5.2,4.1,36.4,32.0,77.2,60.0,3.1,5.1,1.0,2.0,75.8,80.0,2.0,4.1,14.0,16.2,15.0,30.6,3.0,9.2,12.2,12.0,7.1,8.1,24.0,23.5,22.4,25.0
1772855952.5355628,13.5,14.0,22.2,12.4,64.0,65.3,4.0,3.0,10.2,6.1,4.1,6.0,38.0,31.3,15.2,10.2,21.2,20.4,54.0,60.6,58.0,58.8,73.3,72.0,6.1,5.0,8.1,7.1,33.3,39.4,51.5,54.5,4.0,4.1,5.1,3.1,81.4,82.2,3.1,3.1,30.7,26.7,25.7,23.0,2.0,4.1,10.1,6.2,9.2,9.1,28.4,27.0,22.2,21.2
1772855953.5371208,16.2,12.2,19.6,21.2,70.7,76.2,6.3,5.1,11.5,11.3,3.1,5.2,51.0,48.0,50.0,42.7,17.2,11.2,57.4,51.0,65.7,60.0,76.0,76.5,3.1,3.1,7.2,5.2,36.0,32.0,31.3,32.7,4.1,4.1,7.1,6.1,84.7,85.0,3.2,4.1,77.8,71.7,26.5,16.3,6.1,1.0,13.1,9.1,6.3,9.3,16.3,16.3,22.4,30.2
1772855954.537329,15.5,14.0,20.2,17.3,80.0,61.0,7.1,2.1,8.2,4.1,5.2,5.0,48.0,42.0,71.1,66.0,3.1,8.3,50.5,57.4,58.0,50.0,71.3,70.3,4.1,4.1,5.2,10.2,33.3,42.0,37.8,43.4,5.1,5.1,4.1,3.1,90.0,90.9,3.1,2.1,100.0,100.0,26.5,27.0,1.1,3.1,9.2,10.2,5.2,10.2,26.5,26.3,28.3,27.0
1772855955.5469007,14.0,11.2,20.2,13.3,67.0,63.4,3.1,1.0,9.2,2.1,6.9,4.1,34.0,41.0,65.7,67.7,7.2,2.1,49.0,49.0,66.3,68.3,66.3,66.3,5.1,4.0,8.2,6.1,28.0,30.0,54.0,64.7,4.1,2.0,4.0,3.1,85.4,87.1,2.1,3.1,99.0,99.0,25.5,22.7,5.0,4.0,7.1,9.2,9.0,7.1,18.6,19.0,24.2,25.0
1772855956.5469904,16.3,11.2,15.6,17.5,70.1,67.0,11.2,2.1,20.6,9.3,3.1,4.1,52.0,44.6,32.6,32.6,27.6,20.6,51.0,52.5,52.0,53.0,51.0,53.0,6.1,3.1,6.1,5.2,36.4,37.8,80.0,79.0,7.1,5.1,3.1,2.1,82.8,83.0,6.4,4.3,99.0,100.0,25.5,30.0,3.1,4.1,14.1,10.9,7.2,8.2,26.5,27.6,28.6,20.4
1772855957.5475352,15.5,10.2,17.3,14.4,70.7,62.0,4.1,4.1,7.2,12.5,4.1,5.1,38.4,39.4,10.1,5.2,12.2,11.5,57.4,60.0,55.4,57.0,57.6,66.3,4.1,3.1,9.2,8.2,41.0,32.3,72.3,75.5,2.0,5.0,1.0,3.1,81.0,82.8,3.1,5.2,99.0,98.0,28.0,22.7,3.1,5.2,8.3,9.3,6.2,7.2,28.3,28.0,24.2,24.5
1772855958.552016,13.8,9.2,19.6,18.2,71.3,69.3,2.1,4.1,23.2,10.4,3.1,5.1,43.4,49.5,9.3,13.1,8.2,2.1,60.6,57.4,74.0,71.0,62.0,67.0,3.1,4.0,4.1,9.1,34.7,38.0,72.0,78.8,4.1,5.1,1.0,4.1,80.0,77.0,3.1,4.1,100.0,100.0,28.9,28.0,4.1,2.1,10.9,8.3,7.2,8.2,21.0,19.2,25.3,32.3
1772855959.55651,15.6,13.1,25.5,21.6,79.0,71.3,5.1,3.1,3.1,3.1,4.1,4.1,45.5,55.4,31.6,34.7,8.2,4.1,71.7,66.0,56.0,57.8,64.4,62.0,7.1,5.1,9.2,7.1,48.5,39.0,76.2,78.0,3.1,4.1,4.0,4.1,83.0,84.3,9.2,3.1,100.0,99.0,35.0,38.0,4.1,3.0,10.3,14.1,7.3,9.1,20.0,22.2,28.3,34.3
1772855960.5596979,18.4,12.2,23.7,17.2,70.7,63.6,5.2,2.1,4.1,3.1,5.1,4.2,45.0,46.4,50.5,61.9,3.1,2.1,53.9,55.6,69.3,76.0,75.0,86.0,4.1,4.2,4.2,6.2,30.6,44.4,80.4,80.2,5.1,8.3,3.1,3.2,82.0,82.0,5.2,3.1,90.1,92.9,25.3,30.6,8.2,4.2,10.2,9.2,10.2,6.3,18.4,18.4,26.5,26.3
1772855961.5599282,11.6,10.2,16.3,15.5,68.7,63.4,2.1,3.1,6.2,9.2,2.1,4.0,48.5,37.6,57.7,64.2,31.3,26.5,54.1,54.0,55.6,51.5,70.3,74.0,2.1,4.1,5.1,5.1,40.4,30.3,73.7,72.7,3.1,1.0,2.1,6.1,67.3,67.7,1.0,2.1,89.8,88.9,21.4,23.2,11.3,3.0,8.2,8.2,5.2,6.1,16.3,19.4,28.3,20.4
1772855962.5652494,12.4,8.0,14.9,12.1,65.3,70.0,3.1,4.0,11.1,2.1,4.0,6.1,31.7,33.3,42.9,51.5,7.1,6.9,46.5,49.5,50.5,51.0,65.0,86.1,6.0,4.0,7.0,9.0,32.7,22.8,67.0,70.6,5.1,4.0,2.0,3.0,66.3,65.3,2.0,0.0,90.1,90.1,21.8,21.0,7.0,6.1,7.0,9.1,6.1,5.2,25.7,23.2,22.0,20.2
1772855963.5658135,13.7,10.2,17.3,15.3,65.7,71.0,3.1,6.1,10.3,7.1,6.1,3.1,34.7,34.7,19.8,20.8,7.2,3.1,49.0,48.5,51.0,50.5,74.3,96.0,3.0,3.1,3.1,4.1,31.6,30.6,60.0,63.6,6.1,4.0,2.0,3.0,70.7,70.7,8.2,2.1,90.0,89.0,18.2,19.2,4.0,6.1,3.1,12.1,6.1,12.1,7.2,10.1,22.2,18.2
1772855964.566532,10.4,11.1,17.3,16.2,58.6,60.0,4.1,4.0,5.1,3.1,2.1,3.1,53.5,37.6,6.2,5.2,2.1,7.3,53.5,51.0,50.5,49.0,76.0,84.3,2.0,4.0,4.1,8.1,32.3,25.3,42.6,65.3,4.0,3.0,2.0,3.1,65.7,65.0,19.2,9.3,90.9,89.0,27.3,23.0,4.1,1.0,9.9,9.0,5.1,7.1,19.2,18.4,19.2,22.4
1772855965.5697637,13.3,9.3,15.5,18.2,62.0,67.3,4.1,4.0,5.2,4.1,4.0,4.0,31.3,31.3,6.1,8.1,3.1,2.0,60.8,53.0,58.4,56.4,77.0,88.1,4.0,3.1,9.1,6.1,40.0,35.0,53.5,53.9,5.1,3.1,4.1,5.2,76.5,77.0,23.2,11.2,86.0,86.9,31.0,18.2,2.0,3.0,9.1,8.1,7.2,4.2,19.0,20.2,29.3,22.2
1772855966.5718658,12.2,13.7,16.2,16.0,62.6,58.4,3.0,3.1,3.1,8.2,9.1,3.1,41.0,47.0,21.4,29.9,19.4,18.2,53.5,51.0,53.5,55.9,87.3,80.0,3.0,6.9,5.2,5.1,32.0,32.0,65.3,66.3,2.0,5.1,2.0,2.0,69.0,69.0,17.3,10.2,73.3,74.0,26.3,26.0,3.0,3.0,7.1,12.4,4.1,8.0,24.0,24.2,23.8,20.2
1772855967.5740082,13.7,10.3,20.4,13.3,71.4,73.7,5.0,4.0,12.5,12.4,6.2,4.2,35.0,39.4,53.1,52.0,16.2,15.2,46.0,59.0,53.5,54.0,68.0,73.3,4.0,5.2,3.1,5.1,34.0,37.4,82.2,81.6,2.1,5.2,4.0,2.1,72.4,72.0,3.1,3.1,26.5,28.3,25.0,25.5,2.0,4.1,10.2,11.1,6.1,7.2,21.4,24.2,26.3,18.6
1772855968.575217,11.5,12.0,18.4,13.0,66.0,71.3,7.2,4.0,19.6,22.4,5.1,4.1,31.3,34.3,65.7,69.4,3.1,9.1,54.0,43.4,52.5,57.4,48.0,58.4,3.1,4.0,9.0,7.1,30.0,29.0,83.0,88.1,3.0,4.1,3.1,3.0,76.2,79.0,2.1,2.1,3.1,2.1,17.0,20.2,5.0,3.1,10.2,9.1,7.1,7.2,17.2,14.3,23.5,26.3
1772855969.5752993,15.3,11.2,16.5,16.5,63.3,61.4,4.2,2.1,9.2,4.1,6.1,3.1,43.6,50.0,49.5,55.2,3.1,8.2,51.5,55.0,52.0,52.5,45.5,47.5,5.1,2.0,7.1,5.2,42.0,37.4,89.1,92.0,2.0,4.0,2.1,2.0,86.1,84.2,11.3,3.1,2.1,3.1,21.2,27.0,1.0,5.1,9.1,11.2,8.1,7.2,25.3,26.5,23.2,21.8
1772855970.5757148,15.5,12.2,14.4,16.3,63.0,62.0,5.1,3.1,3.1,4.0,4.1,3.1,39.0,31.0,21.9,23.7,3.1,6.3,50.0,52.0,58.8,56.4,51.0,57.0,5.0,5.0,6.1,5.1,33.3,28.3,96.0,92.0,3.1,2.1,4.1,2.1,78.8,80.8,19.4,22.7,1.0,2.1,21.2,29.3,5.0,3.0,11.1,8.2,7.2,7.1,24.0,26.3,26.5,16.5
1772855971.5774953,16.8,10.1,16.2,18.2,70.4,70.7,7.0,6.1,3.2,10.2,5.1,7.1,46.0,46.5,7.1,4.1,18.4,17.5,57.0,60.6,61.4,63.4,67.6,74.3,4.1,2.1,9.2,7.1,36.4,32.3,76.7,80.4,4.0,5.2,4.0,2.0,85.1,79.2,7.1,5.1,4.1,3.0,24.2,27.0,5.1,4.0,10.2,5.1,7.0,11.1,16.5,20.4,27.3,26.5
1772855972.5786576,15.2,9.2,20.2,17.0,74.3,70.3,5.0,4.0,11.9,5.1,6.9,6.1,36.6,35.0,12.0,12.1,12.0,15.0,60.0,56.0,47.5,43.6,77.0,71.3,4.1,6.1,5.1,7.1,41.0,25.0,52.0,68.3,3.1,3.0,4.1,4.0,85.9,86.0,5.1,16.3,1.1,3.0,27.3,22.0,1.0,2.0,11.0,8.0,8.2,6.1,23.8,24.2,27.7,24.0
1772855973.578734,17.2,10.2,15.5,14.4,69.4,72.0,5.2,3.1,5.2,12.4,4.1,5.2,35.4,46.5,32.3,34.7,3.2,16.3,55.6,54.5,60.0,58.6,85.0,64.6,4.1,3.1,6.1,7.2,36.4,32.3,37.8,52.0,5.1,4.1,5.1,2.1,90.0,91.0,8.2,7.2,14.3,10.2,23.2,23.5,3.1,3.1,8.2,9.3,8.2,8.2,12.2,15.3,23.7,19.0
1772855974.5788627,13.5,10.1,18.6,16.5,63.0,63.0,5.1,3.1,7.1,4.2,5.1,4.1,42.0,41.0,67.7,63.3,2.1,3.1,51.0,53.0,65.0,63.4,44.4,55.9,5.1,4.0,12.1,11.9,28.6,36.0,49.0,47.0,3.1,5.1,2.1,4.0,79.2,79.0,6.2,4.0,14.4,15.3,22.0,23.2,4.1,0.0,11.1,7.1,7.1,7.2,26.0,26.3,27.3,24.5
1772855975.5792074,16.7,10.3,17.2,17.2,65.3,59.4,5.2,1.0,3.1,4.0,4.1,2.1,43.4,45.9,69.8,68.4,25.0,14.3,52.0,51.0,50.0,47.5,42.4,62.4,3.0,5.1,6.1,4.1,33.7,39.4,64.0,73.0,6.1,6.1,2.1,4.1,80.0,81.0,17.2,5.3,14.0,14.3,21.4,26.7,6.0,6.0,8.2,11.1,6.1,9.1,29.3,30.3,25.3,21.4
1772855976.5831635,12.4,11.0,18.2,14.1,67.3,57.0,5.1,2.1,11.3,4.1,4.0,5.9,36.4,32.7,40.6,36.2,13.3,16.3,47.0,47.5,56.4,56.4,58.8,45.5,3.0,5.1,6.1,3.1,32.3,34.0,80.2,81.8,2.1,2.1,4.0,1.0,78.8,79.0,10.2,9.0,11.5,13.1,26.0,19.4,3.0,7.1,9.0,8.2,9.0,8.1,13.1,13.3,20.0,23.2
1772855977.5854666,15.5,12.2,16.5,16.3,74.2,71.3,6.1,3.1,21.2,13.1,4.1,4.1,40.6,39.0,11.3,14.1,3.1,8.2,49.0,49.5,61.4,65.3,66.3,68.0,2.1,7.1,7.1,7.2,33.0,31.7,97.0,94.1,4.1,4.0,3.1,3.0,86.0,84.8,12.9,31.6,17.0,22.2,29.6,21.0,1.0,3.1,9.2,10.0,5.2,7.1,14.1,15.2,26.5,22.0
1772855978.5855334,12.4,10.3,19.6,18.0,77.2,72.0,9.2,2.0,15.3,17.5,5.1,3.1,45.0,40.6,2.1,5.2,9.2,4.2,51.5,51.5,57.0,50.5,80.2,84.2,3.0,4.1,6.1,9.1,32.0,34.7,78.2,83.0,5.1,3.1,3.0,1.0,75.0,75.2,5.2,1.0,29.7,29.0,28.3,18.2,3.0,4.0,10.1,9.1,7.1,7.1,16.3,20.4,23.5,25.0
1772855979.5866811,12.5,11.0,19.2,14.4,63.6,61.0,2.1,3.0,11.0,5.2,4.0,5.1,27.3,40.4,25.3,15.6,3.1,3.1,54.5,50.5,60.6,61.0,93.0,90.1,5.1,3.0,6.1,6.1,33.7,29.3,85.1,65.3,3.0,3.1,2.1,4.0,78.0,76.0,1.0,4.1,57.6,64.4,27.7,23.2,3.1,2.0,11.1,7.1,7.9,6.2,20.0,17.3,21.2,22.0
1772855980.5875673,14.4,16.3,22.1,24.5,73.0,76.0,6.3,5.2,4.2,3.1,5.2,4.1,62.0,52.5,44.3,42.3,25.5,14.6,66.3,65.7,72.0,71.3,98.0,91.0,5.1,6.1,5.2,6.3,47.0,41.0,65.0,61.0,3.1,5.2,2.1,3.1,79.8,79.0,3.1,3.1,94.1,89.9,34.0,36.4,5.1,3.1,13.3,11.5,8.2,10.3,31.3,33.0,34.7,29.2
1772855981.5876524,11.5,8.2,17.8,16.2,60.6,59.0,6.1,2.1,4.2,9.2,4.1,5.2,35.4,39.4,62.6,63.9,17.0,14.0,52.5,49.5,49.5,48.0,97.0,97.0,4.1,3.1,4.1,5.1,28.3,31.3,74.0,58.4,3.1,4.1,3.1,2.1,79.0,78.0,6.1,4.1,100.0,99.0,25.5,22.4,4.0,4.1,10.2,9.3,4.2,9.2,22.2,20.6,25.5,23.2
1772855982.5978153,16.0,13.0,14.3,17.3,73.0,55.4,4.0,3.1,3.1,3.1,7.1,3.0,43.6,39.0,71.4,64.9,2.1,10.1,56.9,56.4,60.0,66.7,91.2,93.1,4.0,4.0,7.0,7.1,28.0,32.0,78.4,70.3,6.1,7.1,5.1,5.1,77.5,79.2,3.0,5.1,99.0,99.0,28.7,21.6,2.0,5.1,7.1,10.1,7.1,7.1,17.0,15.0,25.0,25.3
1772855983.5986283,12.4,10.3,15.5,18.4,70.7,76.2,4.1,4.1,15.2,11.1,7.1,4.1,41.2,42.0,31.6,30.9,4.1,9.2,60.0,56.6,58.4,63.0,88.0,75.2,4.2,4.1,6.2,4.1,39.0,40.0,79.2,57.0,4.0,5.2,3.1,6.1,78.0,77.2,3.1,3.1,99.0,100.0,28.0,22.4,2.1,3.1,9.1,12.0,7.1,6.2,9.2,11.3,26.0,26.3
1772855984.5995479,9.6,13.1,17.2,17.2,76.5,71.0,3.1,5.2,5.2,4.2,3.1,3.1,44.3,31.6,6.1,7.3,4.1,2.1,47.0,50.5,52.5,49.0,73.0,65.0,3.1,5.1,7.1,6.1,40.4,40.4,78.8,70.0,7.0,5.2,4.1,5.1,69.7,69.7,3.0,3.1,100.0,98.0,23.5,23.5,3.0,3.1,7.1,7.1,6.2,8.1,20.0,20.0,23.7,21.2
1772855985.599635,13.7,10.2,17.5,17.2,63.6,68.0,5.2,4.0,5.2,3.1,4.1,4.1,43.6,42.0,4.1,5.2,19.2,13.4,46.5,51.5,67.0,66.3,63.4,72.0,3.1,5.1,5.1,6.1,31.3,37.4,73.3,74.5,1.0,7.1,3.1,7.1,70.3,71.0,2.1,4.1,98.0,99.0,31.7,21.4,3.0,3.1,10.1,11.0,7.0,5.2,20.4,16.5,24.2,25.5
1772855986.5997093,12.5,14.0,18.6,18.4,66.3,65.3,5.2,3.0,2.1,3.1,7.2,5.1,45.5,44.6,16.7,23.5,19.6,12.2,55.1,55.0,57.4,56.6,55.4,65.7,9.2,11.1,5.2,8.2,36.0,40.0,76.0,79.0,3.1,1.1,5.1,5.1,77.8,77.0,6.1,3.1,100.0,100.0,22.4,24.2,2.1,3.1,9.2,8.2,6.2,7.2,17.3,18.2,25.5,26.0
1772855987.6020684,11.5,10.1,16.3,18.2,71.3,66.0,3.1,1.0,2.1,7.1,5.2,4.0,38.6,44.0,33.7,40.4,9.2,2.1,56.0,56.1,61.0,58.4,56.6,53.9,2.0,11.2,4.1,7.1,35.0,33.7,89.1,92.0,2.1,4.1,2.1,4.0,70.3,67.7,4.1,4.1,100.0,99.0,26.3,28.7,3.1,3.0,7.1,9.2,6.1,6.2,18.4,19.0,24.2,24.2
1772855988.6068616,13.8,10.1,18.4,16.5,66.0,63.4,5.0,3.1,20.8,21.6,4.1,4.1,34.3,31.6,61.5,62.2,3.1,8.2,55.0,50.0,65.3,58.0,72.3,48.0,5.1,4.0,3.1,7.1,36.4,29.6,92.9,90.2,11.2,5.1,6.2,2.0,81.8,78.2,5.1,4.1,92.0,90.0,26.0,26.5,2.1,4.1,11.0,8.9,8.2,5.1,31.3,32.0,23.2,27.6
1772855989.6117222,10.4,11.2,17.3,15.2,75.0,70.0,4.1,4.0,14.1,13.3,4.0,4.2,45.5,46.5,69.4,76.3,3.1,8.1,53.5,58.8,55.0,45.0,45.0,43.0,6.1,3.1,4.1,7.2,39.2,33.0,96.0,96.0,5.1,6.1,2.1,3.1,72.3,69.3,3.1,4.0,91.0,90.0,24.0,24.8,4.0,5.1,10.2,4.1,8.1,8.2,14.0,12.2,23.2,28.0
1772855990.614816,13.4,10.3,18.4,21.2,78.2,81.2,2.1,2.0,12.0,4.1,2.1,5.1,40.0,39.0,34.0,30.2,17.2,17.3,61.6,58.3,63.7,62.7,67.3,65.3,2.1,3.1,7.1,9.0,44.0,33.3,81.2,75.0,3.1,4.1,4.0,1.1,71.0,74.0,8.2,7.2,89.0,90.0,32.3,24.2,2.0,3.1,9.1,7.1,6.2,9.1,19.2,19.2,25.3,22.7
1772855991.6148868,11.6,10.0,18.6,16.2,56.6,63.6,4.2,3.1,3.1,3.1,6.1,7.1,49.5,47.5,7.3,9.2,11.5,15.3,51.5,50.5,54.0,59.4,64.6,76.8,5.2,4.1,6.2,5.2,31.3,31.6,39.0,54.0,4.1,4.1,5.1,3.0,87.0,91.8,4.1,6.2,82.8,82.8,21.2,20.4,3.0,10.3,8.2,10.3,5.2,6.1,25.5,22.2,23.0,27.0
1772855992.6150792,13.7,10.1,20.4,14.6,63.6,62.0,4.1,3.1,10.3,5.1,3.1,4.1,42.6,28.6,3.1,6.2,4.0,10.1,58.6,59.0,51.5,55.0,73.3,69.0,3.1,4.1,7.1,7.1,37.0,37.0,39.4,31.6,4.1,6.1,2.1,4.0,77.8,77.5,3.1,2.0,74.7,73.0,21.6,29.3,1.1,2.0,10.1,10.1,8.0,5.2,18.8,19.0,17.3,28.6
1772855993.685863,16.2,11.3,20.6,20.0,69.8,75.7,4.8,3.8,5.7,9.6,2.9,4.8,49.1,53.7,22.1,18.1,3.9,6.7,60.4,52.3,69.8,70.4,95.4,90.7,1.9,2.9,3.8,9.4,43.9,38.3,23.6,42.5,4.7,5.7,5.6,1.0,79.6,82.9,1.9,1.0,36.4,37.4,30.8,29.4,5.7,1.9,18.3,7.6,9.4,5.7,22.9,25.5,31.1,29.2
1772855994.6879048,11.3,9.3,18.4,15.0,69.7,60.4,3.1,5.1,10.2,5.2,4.1,4.1,42.6,42.4,42.9,44.9,5.1,9.2,43.6,55.0,52.0,54.5,77.0,88.1,4.1,4.1,6.1,4.2,33.0,30.6,50.5,54.1,3.1,4.0,1.0,5.0,79.0,76.2,3.1,4.0,12.2,11.2,22.2,21.4,3.1,4.0,10.2,14.0,7.1,7.1,27.0,27.0,20.4,24.2
1772855995.689741,10.4,8.1,14.1,12.1,70.0,76.0,5.1,2.0,3.0,3.0,3.0,3.0,44.0,33.0,67.3,55.6,8.2,15.2,36.0,40.0,58.4,53.0,60.4,75.8,4.0,4.0,6.1,7.1,37.6,32.7,76.2,74.3,2.0,1.0,2.0,5.1,48.0,54.0,5.1,2.0,2.0,1.0,21.0,17.0,1.0,3.1,6.0,9.0,3.1,5.1,4.1,3.1,22.0,19.0
1772855996.6901944,9.4,4.0,13.1,15.3,64.0,69.0,2.0,2.0,3.0,1.0,1.0,2.0,32.3,31.4,45.5,41.2,9.0,3.0,18.2,20.2,54.0,50.0,42.6,72.3,2.0,1.0,2.0,3.0,28.0,28.0,71.0,63.0,2.0,3.0,1.0,2.0,30.0,28.0,2.0,2.0,1.0,0.0,20.2,19.4,2.0,1.0,4.0,2.0,2.0,2.0,2.0,4.1,6.1,8.2
1772855997.6904442,11.5,9.0,15.3,14.1,58.0,62.0,4.0,3.0,4.1,2.1,3.1,4.0,37.4,39.2,14.4,26.8,9.2,7.2,35.4,32.7,47.0,47.0,59.0,53.0,2.0,2.0,5.1,7.1,35.0,32.7,53.0,55.4,1.0,2.1,3.0,5.1,50.5,48.5,1.0,3.1,3.0,2.0,22.0,19.2,1.0,2.0,5.1,5.1,5.1,4.2,13.7,10.1,16.3,15.0
1772855998.6962738,16.3,10.1,16.3,19.0,79.2,70.0,3.1,3.1,2.1,3.0,5.1,4.0,46.1,51.0,21.4,24.8,9.1,4.0,60.4,54.5,67.3,65.0,65.7,67.3,5.9,3.0,5.1,6.0,44.0,45.5,70.3,65.3,3.1,12.0,7.0,5.2,67.3,67.3,2.1,9.1,4.1,2.0,28.7,24.0,4.0,4.0,8.2,12.1,7.0,6.0,17.2,17.2,21.0,22.0
1772855999.6984026,14.1,10.1,21.0,14.1,64.6,62.7,10.1,4.1,3.1,7.1,5.1,5.1,32.3,37.0,13.1,11.5,3.1,9.1,55.0,53.9,54.5,46.0,65.7,69.0,2.1,4.0,5.0,5.1,35.4,37.0,67.3,75.0,2.0,4.0,2.1,4.0,73.0,74.0,5.0,3.0,4.0,4.0,27.7,23.0,3.0,0.0,11.0,9.2,9.2,6.2,13.1,15.8,25.3,26.5
1772856000.6994164,14.6,11.1,17.3,19.4,66.3,76.0,6.3,5.1,10.2,9.3,7.1,4.1,47.0,41.4,4.1,3.1,10.3,3.1,55.0,57.1,59.4,59.0,86.1,87.1,5.1,5.2,3.1,10.2,36.7,34.3,67.0,75.2,6.1,2.1,2.0,4.1,89.1,86.0,3.1,4.1,3.1,5.1,24.5,28.0,3.1,3.1,7.2,8.3,6.2,6.2,23.5,23.7,21.0,29.3
1772856001.700271,13.7,13.1,18.2,18.6,70.0,71.0,5.2,4.0,21.1,17.3,4.1,5.1,42.0,42.6,34.7,26.5,19.4,22.4,53.5,55.0,64.4,57.4,91.0,95.1,4.1,5.1,7.1,7.1,43.6,41.0,84.3,79.2,4.0,5.1,3.0,3.1,79.8,79.6,2.1,4.1,5.2,5.1,30.7,28.3,3.0,5.1,10.2,10.0,6.2,7.2,26.7,27.0,32.3,23.7
1772856002.7005339,15.5,10.2,17.9,14.4,69.4,68.0,6.1,6.1,13.4,19.4,5.1,3.1,47.5,47.0,84.7,77.1,19.4,11.5,55.4,55.6,57.6,58.0,82.0,68.7,3.1,5.2,7.2,7.3,39.4,47.5,78.0,81.8,5.2,4.2,2.1,2.1,86.9,86.0,3.1,3.1,15.2,10.5,17.3,26.5,4.1,4.1,9.1,10.3,8.2,7.1,24.0,27.6,20.4,21.9
1772856003.7006059,15.6,10.1,15.3,17.2,71.7,72.0,10.2,1.0,4.1,11.3,4.2,4.1,37.0,42.0,80.2,83.5,3.1,10.3,55.1,52.5,66.7,67.0,64.0,40.4,4.0,5.1,6.2,7.1,26.3,34.3,67.0,69.3,3.1,5.1,3.1,3.1,78.0,81.2,20.0,7.3,14.3,13.1,28.0,22.4,2.0,3.1,8.3,6.2,5.2,8.1,21.2,19.0,26.5,25.0
1772856004.700687,10.6,11.1,18.4,18.0,69.0,71.3,4.0,3.1,3.0,3.1,5.1,2.0,37.8,40.4,28.6,23.7,2.1,9.2,58.0,57.1,45.5,47.0,75.2,52.5,3.1,5.1,5.1,7.1,37.4,33.3,44.0,55.4,3.1,3.1,4.1,2.1,84.0,84.8,7.1,6.1,24.2,16.7,22.0,28.0,4.0,3.1,10.1,8.1,8.1,8.1,13.1,10.4,27.6,20.4
1772856005.7014935,15.3,9.1,17.3,15.3,67.3,62.0,3.1,3.1,12.2,7.1,8.0,4.1,38.6,39.6,13.5,13.5,17.3,14.3,58.2,59.6,55.0,54.0,67.3,60.4,5.1,2.0,9.2,8.1,32.0,38.6,68.7,61.0,4.0,5.1,2.1,5.1,89.0,89.1,4.1,3.1,31.3,28.3,22.4,21.4,1.0,2.1,7.1,9.1,6.1,6.2,7.2,9.2,23.0,19.4
1772856006.7015753,14.4,15.3,21.4,21.2,73.7,65.0,4.1,2.0,4.2,7.2,4.2,3.1,50.0,55.1,5.1,3.1,20.6,14.6,56.0,53.5,70.3,67.3,73.0,69.3,5.1,5.1,6.1,8.2,46.5,42.9,86.3,87.0,6.2,2.1,4.1,2.1,79.2,83.2,4.2,6.3,68.0,62.7,28.4,28.3,3.0,5.1,12.0,6.2,7.3,5.2,40.2,39.4,29.6,29.3
1772856007.7025712,17.5,12.2,16.7,22.4,74.0,67.0,6.3,3.1,4.2,3.1,6.1,4.1,42.0,43.4,7.3,7.3,4.1,9.3,56.1,55.1,59.0,61.4,79.0,82.8,3.1,2.1,10.2,7.1,44.9,39.0,84.2,88.0,3.1,8.0,3.1,3.0,88.9,90.0,2.1,9.1,82.4,79.2,28.3,23.2,2.1,3.1,7.1,15.2,7.2,8.2,25.7,26.3,27.3,29.3
1772856008.702656,11.7,15.5,22.4,21.6,79.8,73.0,2.1,5.2,6.2,5.2,5.3,4.2,52.5,45.0,65.3,64.0,7.4,9.3,70.7,72.3,66.3,69.0,75.8,89.2,5.2,4.2,7.2,6.3,45.5,37.8,66.7,68.0,4.1,5.2,2.1,2.1,91.1,90.9,7.4,10.4,89.0,90.0,35.7,32.7,5.1,5.2,14.3,9.4,9.2,7.2,20.4,23.2,34.3,29.3
1772856009.7027407,15.5,4.0,10.2,12.2,54.0,51.5,3.0,3.0,3.1,4.0,1.0,2.1,30.3,35.0,72.3,78.4,1.0,2.0,17.0,18.4,43.0,43.0,81.4,79.8,2.0,3.0,4.0,3.0,23.2,28.0,61.0,69.0,2.0,1.0,1.0,2.0,29.3,29.0,2.0,2.0,89.2,90.1,14.0,19.2,2.0,2.0,7.0,5.0,3.0,4.1,9.9,9.1,10.1,13.3
1772856010.7036939,11.3,6.1,15.3,13.9,68.0,66.3,2.0,0.0,3.1,9.0,2.0,2.0,44.0,43.0,29.3,28.9,2.0,1.0,22.2,21.0,52.9,54.4,83.8,74.3,2.0,2.0,2.0,2.0,32.0,31.0,32.7,34.7,0.0,1.0,2.0,1.0,26.3,35.6,2.0,2.0,90.0,89.2,19.0,22.0,0.0,1.0,4.0,5.0,2.0,5.1,1.0,4.1,5.1,5.1
1772856011.7039604,14.1,7.9,15.8,15.2,69.0,70.0,2.0,2.0,0.0,2.0,2.0,1.0,35.6,33.7,2.0,3.0,2.0,0.0,8.1,11.0,59.0,57.0,80.2,61.4,2.0,1.0,1.0,3.0,34.3,31.7,25.3,16.0,3.0,4.0,2.0,1.0,39.0,31.3,1.0,0.0,89.1,89.1,20.2,22.8,1.0,1.0,6.1,7.1,3.1,2.0,2.0,2.0,6.1,5.9
1772856012.7054684,13.4,8.2,14.4,19.2,84.0,74.0,4.1,3.1,21.0,12.5,5.1,5.9,44.0,47.0,16.2,16.2,16.3,10.2,49.0,52.5,55.9,62.7,78.2,80.2,4.1,2.0,5.1,8.1,38.4,41.4,33.7,22.4,9.2,4.0,5.2,2.0,75.2,77.0,3.1,2.0,96.0,94.1,33.0,22.0,5.1,1.0,7.1,8.2,7.1,6.2,3.1,2.1,21.8,24.2
1772856013.7066908,18.7,12.1,19.6,18.2,72.0,69.3,6.1,3.1,9.3,3.1,4.0,3.1,46.5,42.4,20.8,20.6,21.4,17.0,50.0,54.0,62.0,61.0,62.4,61.0,4.1,4.0,5.1,9.1,38.4,42.6,14.4,46.0,5.1,1.0,4.0,3.0,79.0,73.7,4.0,4.1,100.0,100.0,31.3,25.3,3.1,3.0,8.2,10.1,4.1,7.1,17.2,18.8,22.4,24.5
1772856014.7067733,9.6,5.1,13.1,14.3,61.6,55.6,2.0,1.0,4.1,4.1,3.1,2.1,40.8,35.7,12.4,13.4,4.1,2.1,20.2,14.4,51.0,51.0,46.9,54.0,3.0,1.0,3.0,5.1,22.2,29.9,28.3,24.0,2.0,2.0,2.0,0.0,30.3,30.0,1.0,2.1,99.0,99.0,21.2,17.3,2.0,2.0,8.2,6.1,2.0,3.1,19.0,19.4,10.1,16.3
1772856015.711196,11.2,5.9,13.1,13.0,50.5,48.0,1.0,2.0,2.0,1.0,3.0,2.0,31.4,26.7,2.0,3.0,1.0,1.0,22.0,23.8,43.6,46.1,39.2,35.9,1.0,2.0,1.0,2.0,24.0,24.8,23.8,38.6,2.0,2.0,0.0,3.0,30.0,30.7,1.0,1.0,99.0,98.0,21.2,17.6,1.0,1.0,6.9,6.0,2.0,2.0,7.1,7.0,6.0,8.2
1772856016.7131913,17.0,9.3,18.2,15.3,88.0,87.0,1.0,6.2,9.1,4.1,1.0,3.1,37.4,48.0,1.0,1.0,2.0,1.0,33.7,34.3,60.4,59.4,42.6,33.0,3.0,1.0,2.0,2.0,37.4,34.3,2.0,23.0,1.0,1.0,1.0,2.0,43.0,47.5,1.0,2.0,95.0,93.9,30.0,20.6,2.0,3.1,5.1,4.0,5.9,4.1,3.0,3.1,18.0,15.8
1772856017.7132647,14.9,11.2,24.7,21.4,74.7,78.0,2.1,5.1,2.1,4.1,5.2,3.1,44.0,48.0,5.1,3.1,2.1,9.2,49.5,44.9,65.7,64.0,29.0,46.5,3.1,4.0,6.0,6.2,44.1,41.8,11.2,13.1,4.0,3.1,2.0,2.0,64.6,68.7,3.1,3.1,90.0,88.0,25.3,32.3,3.1,2.0,11.2,9.2,5.2,7.1,10.3,8.2,24.5,19.4
1772856018.7138038,11.3,6.0,10.1,9.1,55.4,42.0,2.0,1.0,2.0,4.0,4.0,2.0,29.0,31.0,3.0,2.0,2.0,2.0,19.8,16.2,42.0,41.0,32.0,49.0,1.0,1.0,3.0,2.0,25.0,25.3,22.5,2.0,1.0,2.0,1.0,1.0,22.2,26.0,1.0,2.0,80.0,80.8,23.0,19.6,0.0,1.0,2.0,5.0,2.0,1.0,20.8,19.0,11.0,13.0
1772856019.7142649,10.6,10.1,25.3,22.0,69.7,64.0,4.1,1.0,10.1,15.5,4.1,5.0,47.0,55.6,4.1,2.1,3.1,4.1,42.0,45.5,64.4,62.4,48.0,35.7,3.1,3.0,2.0,3.1,43.4,40.0,14.3,7.1,2.1,1.0,1.0,4.0,45.5,46.5,2.0,1.0,66.0,69.0,28.6,29.6,2.0,4.0,9.0,9.3,5.1,6.1,6.1,7.1,15.3,12.2
1772856020.7143517,9.5,7.1,17.2,16.2,63.6,71.0,2.0,4.0,2.0,5.1,1.0,3.1,36.0,46.0,2.0,7.0,9.1,1.0,28.3,32.0,63.4,59.6,44.0,47.5,3.0,1.0,5.1,5.0,41.6,29.7,28.6,39.4,3.0,2.0,3.0,2.0,37.0,37.0,0.0,2.0,30.3,29.7,26.0,28.0,4.0,2.0,7.1,5.0,3.1,4.1,4.0,5.1,19.2,11.2
1772856021.720073,12.2,6.1,10.9,9.0,73.3,81.4,1.0,1.0,1.0,2.0,2.0,3.0,27.0,32.0,35.3,29.7,1.0,4.1,10.1,6.0,40.6,41.2,35.9,34.7,0.0,3.0,1.0,0.0,33.7,31.7,40.2,68.0,1.0,1.0,2.0,2.0,19.2,20.8,1.0,2.9,19.8,19.8,17.8,18.0,2.0,1.0,3.0,2.0,3.0,2.0,9.0,8.0,6.0,3.0
1772856022.7208905,14.1,10.1,21.4,23.5,63.0,72.7,4.0,3.0,3.0,3.1,4.0,5.1,42.0,49.5,80.4,83.5,2.0,3.1,45.5,48.0,74.3,72.5,34.0,22.2,3.0,3.0,3.1,6.0,46.0,37.0,49.0,73.3,2.0,7.1,1.0,1.0,58.0,59.4,2.0,2.1,10.1,12.2,31.0,27.0,2.0,3.0,11.2,7.1,6.1,9.1,8.0,12.1,20.6,22.2
1772856023.723808,15.5,12.2,16.3,18.2,61.6,58.0,2.1,2.0,3.1,1.0,3.1,2.1,51.0,57.0,61.9,60.4,10.1,12.2,43.0,41.6,54.5,52.0,44.4,33.0,3.0,3.1,7.1,5.1,22.2,30.6,57.0,77.2,1.0,8.1,1.0,3.1,68.0,67.3,1.0,3.1,11.1,12.1,27.3,25.7,1.0,2.0,9.1,10.1,4.2,5.1,11.2,10.3,21.0,23.5
1772856024.724236,11.3,8.1,14.1,19.6,66.0,60.4,2.1,6.1,4.1,12.2,4.1,5.1,30.3,37.4,10.2,11.2,22.7,26.0,55.0,58.6,56.0,61.0,32.0,41.0,3.1,4.1,5.1,7.2,42.0,36.4,77.0,86.9,3.1,5.2,2.1,8.2,81.2,82.0,4.0,3.1,12.2,11.0,23.2,29.3,5.0,1.0,5.1,7.1,8.9,5.1,29.0,28.3,23.5,27.3
1772856025.7278454,16.3,13.1,20.8,20.4,65.7,70.0,6.0,3.1,11.2,9.3,3.1,3.1,50.5,40.6,23.2,21.1,5.1,4.1,58.6,55.0,66.3,58.4,43.4,60.0,5.1,5.1,7.1,6.1,32.3,38.6,96.0,98.0,4.1,3.1,3.1,2.1,79.8,79.0,3.1,4.1,12.0,11.3,28.3,21.2,1.0,4.1,9.2,13.1,6.1,8.1,18.2,21.4,23.2,24.5
1772856026.728533,11.6,6.1,18.0,18.2,82.0,73.0,4.0,2.0,4.0,2.1,5.0,4.1,36.4,45.5,18.7,22.4,3.1,8.1,47.0,54.0,50.0,52.9,54.5,70.9,2.1,3.1,7.0,4.0,33.3,38.4,97.0,97.1,2.0,5.1,4.0,7.1,74.0,74.3,3.1,2.1,12.0,12.1,32.4,24.0,3.0,2.0,11.0,10.9,6.1,7.1,7.1,9.0,21.2,29.0
1772856027.729804,9.5,8.0,14.4,17.2,66.0,50.5,1.0,2.0,2.1,3.0,3.1,3.1,39.6,41.0,2.1,2.0,3.1,7.1,35.4,37.0,67.7,69.0,78.2,83.0,4.0,2.0,2.1,4.1,31.0,33.7,92.0,90.9,2.0,2.0,1.0,4.0,53.0,53.1,1.0,1.0,11.1,12.1,28.3,22.2,4.0,3.0,6.1,8.1,5.1,5.1,21.8,19.4,21.2,13.3
1772856028.7303677,14.6,10.3,18.4,13.1,48.5,54.0,4.1,4.0,3.1,2.1,3.1,4.1,32.3,29.0,10.2,8.2,1.0,3.1,48.0,45.5,59.6,56.0,84.0,94.0,2.1,2.0,9.2,6.1,30.0,32.7,89.0,84.0,3.1,3.1,2.0,1.0,73.0,71.0,3.0,3.1,7.1,3.1,18.2,22.0,2.0,6.2,10.0,10.2,5.1,7.0,23.2,23.8,18.2,27.3
1772856029.7304535,12.4,8.0,18.4,14.1,70.0,59.0,4.0,2.0,12.1,12.4,5.1,6.1,51.5,41.8,55.6,62.2,5.1,9.2,35.0,43.4,42.0,47.5,94.1,96.0,4.0,3.0,6.1,6.1,35.4,32.0,87.0,83.2,4.0,2.0,2.1,3.1,53.5,53.5,3.1,2.1,4.0,5.1,24.0,19.4,2.1,1.0,8.2,9.2,5.1,4.2,3.1,2.1,18.4,24.2
1772856030.7351422,12.2,4.0,16.2,14.0,76.0,75.0,1.0,2.0,3.0,2.0,2.0,1.0,35.6,35.3,75.5,71.1,8.2,10.1,18.0,15.7,50.5,53.5,99.0,99.0,1.0,2.0,2.0,1.0,36.0,38.6,84.2,80.2,1.0,1.0,1.0,1.0,16.0,14.1,2.0,2.0,1.0,1.0,22.2,25.7,3.0,1.0,4.0,1.0,1.0,2.0,2.0,2.0,11.0,8.0
1772856031.7352223,11.5,7.0,15.2,13.1,57.4,58.0,3.0,2.0,1.0,1.0,2.1,1.0,35.4,28.3,33.7,35.7,3.0,2.0,11.0,11.2,44.0,42.0,99.0,100.0,1.0,1.0,2.0,1.0,24.2,23.0,63.0,56.0,3.0,3.1,2.0,2.0,23.2,24.0,20.4,22.2,2.0,3.1,20.0,23.0,4.0,2.0,4.1,5.0,4.0,2.0,9.1,10.1,3.1,7.2
1772856032.7385724,16.7,11.1,13.4,17.2,71.0,64.4,2.1,2.0,10.2,3.1,4.0,4.0,55.0,43.6,4.0,4.0,25.0,16.2,49.5,49.5,61.8,63.7,85.0,75.5,4.0,4.0,3.1,6.1,35.0,43.4,71.3,76.2,2.1,4.0,1.0,2.0,69.3,69.0,11.2,8.2,3.0,2.1,24.2,31.7,2.0,2.0,10.9,11.1,7.1,6.1,14.1,15.8,21.8,20.0
1772856033.7399466,7.2,3.0,10.1,12.1,46.5,50.0,2.0,1.0,3.0,1.0,3.0,2.0,25.3,32.0,1.0,2.0,2.0,3.0,23.2,27.0,39.0,44.6,63.0,61.6,1.0,3.0,3.0,3.0,22.8,20.8,59.0,70.3,2.0,1.0,1.0,3.0,26.3,25.5,2.0,3.0,0.0,1.0,14.1,19.6,1.0,2.0,5.1,5.1,2.0,4.0,19.2,19.4,8.2,12.2
1772856034.740033,11.5,10.0,17.0,16.2,69.0,76.0,2.0,1.0,9.1,4.0,1.0,3.0,31.0,40.0,2.0,1.0,1.0,0.0,6.9,6.0,56.0,57.0,43.0,56.0,1.0,1.0,2.0,2.0,39.0,32.0,36.4,47.0,2.0,3.0,3.0,0.0,23.5,24.2,2.0,2.0,2.0,1.0,24.2,23.0,2.0,1.0,6.0,5.0,3.0,2.0,11.9,12.0,8.1,4.1
1772856035.7402432,10.6,5.0,14.1,17.0,78.8,70.3,1.0,1.0,3.0,5.0,3.0,2.0,39.2,37.4,1.0,1.0,2.0,2.0,15.2,19.2,53.5,46.0,38.6,35.0,2.0,2.0,2.0,3.0,38.4,29.3,12.0,25.3,1.0,1.0,1.0,2.0,36.3,29.0,3.0,2.0,3.0,2.0,25.0,28.0,1.0,2.0,5.1,5.1,5.0,4.0,2.0,2.0,6.1,10.2
1772856036.740326,14.4,9.1,15.5,16.3,73.0,66.3,2.0,1.0,12.2,10.3,3.1,4.0,38.4,38.4,12.1,12.9,10.1,2.0,37.4,38.4,60.6,62.0,52.0,48.0,3.0,3.1,9.9,6.1,31.3,31.3,27.0,25.3,1.0,2.1,2.0,3.1,57.1,58.0,3.0,17.0,1.0,2.0,23.8,26.7,3.1,2.0,6.1,10.0,5.1,5.1,8.1,8.1,17.3,16.5
1772856037.7404175,10.4,8.1,10.2,11.2,55.9,44.0,2.0,2.0,3.0,1.0,2.0,1.0,30.0,28.0,20.2,18.6,0.0,1.0,16.0,18.0,47.5,46.0,44.0,51.5,1.0,1.0,1.0,3.0,22.0,25.5,20.0,22.8,2.0,2.0,1.0,1.0,16.0,14.1,6.1,7.1,2.0,2.0,15.8,15.2,1.0,0.0,4.0,3.0,2.0,2.0,4.1,7.1,7.1,8.0
1772856038.74168,15.2,6.0,19.0,18.8,73.0,71.0,2.0,4.0,2.1,2.0,2.0,5.1,44.6,31.0,18.2,17.2,3.0,4.0,21.8,25.7,62.4,62.4,46.5,53.0,3.0,2.0,2.0,5.0,29.0,39.0,28.0,13.1,1.0,2.0,1.0,2.0,29.3,35.6,3.1,3.0,2.0,1.0,29.3,26.3,3.0,2.0,6.1,4.1,3.0,4.0,3.0,3.0,10.9,8.0
1772856039.7431526,7.4,4.0,12.0,12.2,61.4,59.4,1.0,4.0,2.0,3.0,2.0,2.0,40.6,46.5,1.0,2.0,1.0,1.0,13.0,8.2,47.0,45.5,44.6,68.3,1.0,1.0,0.0,3.0,36.6,25.3,32.4,10.9,2.9,2.0,2.0,3.0,28.0,34.7,1.0,1.0,2.0,0.0,20.8,23.8,3.0,2.0,5.0,6.9,2.0,4.0,1.0,2.0,4.0,9.1
1772856040.743235,14.9,10.1,22.2,17.3,71.7,73.7,4.1,6.1,4.1,2.1,3.1,1.1,38.4,34.3,3.1,5.1,9.1,3.1,50.0,46.5,72.0,72.3,51.0,52.5,2.0,2.0,4.1,4.1,35.4,33.0,23.2,22.2,2.1,2.1,2.1,2.0,61.6,66.0,2.0,2.1,2.1,2.1,28.9,26.3,2.1,2.0,8.2,10.1,7.1,6.2,13.3,14.3,18.6,20.4
1772856041.743321,7.5,3.0,11.1,11.1,62.6,67.3,4.0,2.0,3.0,2.0,3.0,4.0,35.0,36.0,3.0,5.1,1.0,1.0,14.1,15.2,44.0,50.5,27.0,40.0,2.0,2.0,3.0,3.0,24.0,31.3,12.0,8.1,2.0,3.0,2.0,3.0,28.3,32.0,1.0,1.0,1.0,1.0,13.7,18.0,1.0,0.0,4.0,4.1,1.0,3.1,13.0,16.0,12.0,9.1
1772856042.7434173,11.5,6.0,14.4,15.8,51.5,53.5,1.0,1.0,1.0,5.1,1.0,3.0,37.4,36.4,1.0,5.0,4.0,5.0,26.0,14.0,44.6,46.1,11.2,16.0,1.0,3.0,2.0,3.0,31.0,27.0,3.0,2.0,3.0,3.0,2.0,2.0,28.3,37.0,3.0,2.0,1.0,1.0,26.5,21.2,0.0,2.0,6.1,7.0,4.0,5.0,8.0,8.1,14.0,8.0
1772856043.743502,11.3,11.0,16.2,14.4,66.7,58.0,4.0,5.1,9.0,14.0,5.1,5.1,37.8,37.6,17.2,16.7,16.2,9.3,47.5,49.0,48.0,46.1,19.0,16.3,3.0,3.1,10.1,7.9,25.7,36.4,15.3,27.3,5.1,2.0,4.1,1.0,59.8,61.0,1.0,2.1,11.1,7.1,18.8,28.0,3.0,3.1,7.1,10.2,5.2,5.2,14.3,16.0,16.2,20.6
1772856044.7435906,13.1,5.1,13.1,9.9,55.9,56.0,3.0,2.0,0.0,2.0,3.0,2.0,28.7,32.7,81.8,74.0,2.0,3.0,10.2,11.2,39.6,41.0,21.0,9.1,2.0,2.0,0.0,1.0,25.5,33.0,13.1,28.7,3.0,1.0,2.0,1.0,21.0,24.8,2.0,1.0,15.0,19.0,7.0,18.2,5.0,1.0,6.0,4.0,3.0,4.0,8.0,7.1,11.1,11.0
1772856045.7445736,13.3,8.0,21.4,17.7,77.0,75.0,1.0,3.0,3.1,3.0,1.0,2.0,48.0,49.5,72.9,67.0,3.0,3.0,21.2,25.0,72.0,76.0,21.2,2.0,3.0,2.0,2.0,4.0,39.0,36.6,6.1,35.6,2.0,2.0,1.0,2.0,33.3,27.0,16.3,5.0,22.0,21.0,25.3,37.0,2.0,2.0,5.1,6.1,5.1,3.1,2.0,4.1,8.1,11.1
1772856046.7456794,14.1,8.2,10.0,16.2,55.0,52.9,3.0,4.0,3.1,3.0,3.1,3.1,39.0,29.0,8.1,10.2,19.4,23.5,33.7,34.3,47.0,46.5,25.7,14.4,3.0,2.0,5.0,3.0,32.0,28.3,55.0,61.6,2.0,2.0,1.0,2.0,39.0,42.0,7.8,6.1,22.5,21.2,18.2,20.0,1.0,2.0,8.2,6.1,3.0,4.0,21.6,21.0,16.0,12.2
1772856047.7457602,10.6,8.1,13.0,16.0,69.0,63.0,3.0,1.0,2.0,1.0,2.0,3.0,41.0,46.1,2.0,2.0,3.0,3.0,19.2,18.0,53.5,54.5,22.0,21.8,2.0,2.0,1.0,4.0,27.3,28.7,63.0,77.5,2.0,1.0,2.0,2.0,30.3,29.3,0.0,2.0,21.8,22.8,22.8,27.0,1.0,1.0,5.9,5.1,4.1,3.1,4.1,9.0,9.2,9.1
1772856048.7460465,11.2,5.0,14.1,14.0,51.5,64.0,1.0,2.0,3.0,3.0,1.0,1.0,28.7,28.3,1.0,1.0,1.0,1.0,25.0,23.5,54.0,50.5,16.8,24.0,1.0,1.0,0.0,1.0,28.0,23.2,63.0,76.8,1.0,2.0,1.0,1.0,24.0,25.0,3.0,0.0,21.8,21.8,15.0,16.0,3.0,1.0,4.1,5.1,3.0,4.0,7.0,12.0,10.2,6.1
1772856049.7476237,11.2,4.0,13.3,10.1,65.0,76.2,1.0,2.0,10.0,3.1,3.9,4.0,38.6,33.3,1.0,3.0,2.0,1.0,19.0,19.6,49.5,53.5,6.0,25.0,1.0,1.0,2.0,2.0,28.7,25.7,77.2,47.5,0.0,1.0,2.0,2.0,22.0,22.2,0.0,2.0,42.6,40.2,16.8,21.2,3.0,2.0,5.0,5.0,3.0,4.0,2.0,1.0,5.0,11.0
1772856050.749246,11.7,9.1,18.2,13.1,73.0,56.0,2.1,3.1,4.1,11.0,1.0,2.1,41.6,40.6,2.0,2.1,3.0,8.1,47.5,43.9,47.5,47.5,9.2,45.1,2.0,3.0,5.1,1.0,30.3,39.4,74.3,64.4,3.0,3.0,3.1,2.0,45.5,45.0,4.0,2.0,75.2,74.0,24.0,28.0,3.0,1.0,9.1,12.1,6.9,6.1,3.1,5.1,15.0,19.2
1772856051.7493393,9.5,5.0,13.1,11.1,41.0,43.1,2.0,2.0,2.0,1.0,2.0,2.0,29.3,27.0,1.0,1.0,2.0,1.0,14.3,11.0,41.0,40.2,7.0,49.0,2.0,1.0,1.0,2.0,26.0,28.0,67.3,72.3,0.0,0.0,1.0,0.0,16.0,16.3,0.0,2.0,87.0,88.2,17.0,13.0,0.0,1.0,2.0,2.0,1.0,3.0,12.0,10.1,11.0,3.1
1772856052.7494373,10.0,1.0,6.0,8.0,43.6,45.0,1.0,1.0,0.0,1.0,1.0,1.0,8.0,10.0,3.0,6.0,2.0,0.0,3.0,3.0,30.7,34.7,0.0,40.6,1.0,1.0,0.0,1.0,4.0,3.0,57.6,53.5,3.0,1.0,1.0,2.0,4.0,2.0,0.0,0.0,87.1,86.1,10.0,14.9,2.0,1.0,1.0,0.0,2.0,1.0,1.0,1.0,2.0,3.0
1772856053.750849,10.0,4.0,12.9,12.7,59.0,59.4,1.0,1.0,1.0,1.0,2.0,0.0,35.7,39.6,25.7,13.0,1.0,1.0,12.0,15.8,47.5,45.5,17.8,40.0,1.0,0.0,1.0,0.0,32.7,43.6,43.6,24.8,2.0,1.0,2.0,1.0,15.2,23.8,2.0,15.0,88.2,90.1,20.8,13.1,1.0,1.0,4.0,4.0,1.0,3.0,0.0,1.0,5.9,4.0
1772856054.751023,15.6,11.2,19.4,21.6,62.4,68.7,3.0,2.0,4.0,3.0,2.1,3.0,46.5,47.5,20.6,18.6,2.1,1.0,37.8,35.4,56.4,59.0,46.0,45.5,1.0,2.1,5.1,3.1,31.3,35.0,36.0,31.7,3.1,1.0,3.0,3.0,40.0,43.9,11.2,12.0,90.1,90.1,26.3,29.0,2.1,1.0,5.1,7.1,4.0,3.1,10.3,10.2,11.0,12.2
1772856055.7548187,12.6,8.1,21.6,14.3,73.7,74.0,1.0,3.1,4.0,4.1,4.0,4.1,49.0,44.0,7.3,9.2,8.2,1.0,46.1,43.0,71.0,67.7,62.6,52.0,2.0,4.1,6.1,7.1,36.4,44.4,52.0,48.0,5.1,2.1,2.1,4.1,58.6,61.4,15.5,6.2,90.1,90.0,24.2,32.3,3.0,3.1,8.2,14.0,6.1,7.1,5.0,5.2,21.6,23.2
1772856056.7561152,13.4,9.8,17.0,12.2,55.0,52.5,2.0,5.0,1.0,3.1,1.0,2.0,34.7,31.7,3.0,1.0,4.0,3.0,28.3,30.0,47.5,42.6,77.5,64.4,6.1,3.1,3.0,3.0,38.4,37.0,47.0,56.0,2.0,2.0,3.0,2.0,33.7,42.0,3.0,3.1,91.2,89.2,25.7,12.9,2.0,2.0,5.9,7.0,2.0,5.1,12.1,12.9,16.0,18.0
1772856057.7621796,11.7,6.1,14.0,19.0,79.0,74.3,2.0,2.0,2.0,1.0,3.0,1.0,36.4,37.4,1.0,2.0,1.0,0.0,12.1,12.2,50.5,50.5,79.4,67.3,3.0,1.0,2.1,4.0,22.0,25.7,38.6,53.0,2.0,1.0,2.0,2.0,14.3,19.0,3.0,2.0,88.1,89.0,23.2,22.0,4.2,2.0,5.0,4.0,1.0,2.0,16.8,17.2,7.1,5.0
1772856058.762266,8.2,2.0,15.3,14.1,61.0,56.6,0.0,0.0,3.0,2.0,2.0,1.0,45.5,42.4,1.0,1.0,3.0,2.0,19.8,24.0,58.6,58.0,77.5,64.0,3.0,1.0,2.0,1.0,41.4,43.4,31.0,36.0,2.0,3.0,1.0,1.0,16.0,17.0,3.1,1.0,73.0,73.0,19.2,24.2,4.0,1.0,2.0,5.1,1.0,2.0,7.0,7.0,8.0,6.1
1772856059.7623382,13.8,11.2,19.4,17.3,61.4,67.3,6.2,1.0,1.0,2.1,6.2,8.2,40.6,40.4,3.1,2.0,4.2,12.2,53.1,52.5,61.4,62.4,82.0,67.0,3.1,2.1,4.1,5.1,36.0,37.0,55.0,48.0,2.0,2.0,5.1,2.1,56.4,61.6,3.1,2.0,70.7,70.0,25.3,29.4,2.0,4.1,8.2,11.0,7.0,6.1,2.1,3.1,16.3,22.4
1772856060.7631564,12.9,13.1,16.2,19.2,72.0,68.0,3.1,3.0,2.1,5.1,2.0,4.1,44.4,44.0,47.5,48.0,15.2,16.3,49.0,52.0,55.4,51.0,83.2,67.3,4.0,4.1,6.1,4.0,36.0,35.7,50.0,44.0,4.1,2.1,4.1,5.0,67.3,66.7,2.0,3.1,69.0,71.3,26.3,25.8,3.1,3.0,7.1,8.1,4.2,5.2,14.1,14.1,26.0,19.4
1772856061.764842,13.5,20.0,20.6,13.4,75.5,64.0,5.1,2.1,12.2,13.4,4.1,5.1,30.0,36.7,78.7,84.4,16.5,21.4,52.5,49.5,55.0,59.0,81.0,76.0,2.1,3.1,7.2,9.2,32.7,34.3,60.0,49.5,2.0,2.0,6.2,5.2,73.0,71.0,2.1,2.1,72.0,72.7,19.2,23.0,3.1,2.1,11.1,10.2,6.1,7.1,29.3,30.3,20.4,25.8
1772856062.7680569,17.9,10.2,20.8,19.0,71.4,78.2,3.1,3.1,17.5,9.2,6.1,5.2,47.0,56.4,62.5,72.4,4.1,5.2,62.0,58.0,62.4,64.7,67.0,68.3,6.1,4.0,6.1,9.2,42.2,48.0,53.5,49.5,7.2,4.1,5.1,3.1,86.1,86.3,3.1,2.1,74.3,77.0,31.0,24.5,4.1,7.1,9.3,8.3,8.2,7.2,18.2,22.7,29.9,31.3
1772856063.7696934,14.1,9.2,14.9,17.0,50.0,59.4,4.1,4.0,15.2,11.2,3.0,4.1,35.4,27.0,21.4,23.7,3.1,8.2,54.5,48.5,56.0,53.0,71.0,80.2,4.0,4.1,5.1,6.1,27.6,27.3,65.7,66.3,4.1,6.0,0.0,3.1,75.8,74.0,8.2,7.1,59.6,60.4,18.2,21.8,4.0,2.0,8.1,8.1,6.1,6.1,21.0,19.0,19.6,21.2
1772856064.7713575,15.5,16.2,17.7,16.5,64.9,74.3,3.1,3.1,10.3,5.2,3.1,4.1,45.5,38.4,14.4,15.6,18.6,11.3,66.3,58.4,59.2,56.9,51.0,56.0,5.1,5.1,5.1,8.2,34.3,42.0,83.0,77.0,4.1,2.1,4.1,3.1,82.0,82.8,25.3,22.9,26.3,23.7,27.6,25.5,1.0,2.1,9.2,14.3,6.2,6.2,19.4,19.4,28.3,25.5
1772856065.7723737,16.7,9.1,19.0,18.2,63.0,69.0,4.1,3.1,4.1,3.1,3.0,5.1,45.5,45.0,4.1,3.1,22.4,22.0,49.5,54.1,56.0,57.4,54.5,65.3,3.1,2.0,5.1,8.0,35.0,39.0,73.5,67.3,3.0,4.0,2.0,3.1,75.5,77.5,15.5,16.2,13.1,12.1,22.0,22.8,2.0,5.1,10.1,8.1,8.2,7.0,25.3,25.0,25.3,23.5
1772856066.7726574,9.4,5.0,12.4,13.4,64.0,64.4,3.0,2.0,4.1,8.1,2.0,3.0,27.7,34.3,5.2,1.0,7.1,2.0,21.4,25.3,56.9,51.5,45.5,69.3,2.0,4.0,3.1,2.1,32.3,24.0,65.7,78.0,1.0,3.1,1.0,2.0,35.4,33.3,1.0,4.1,9.2,11.9,19.0,17.0,2.0,2.0,3.1,4.0,2.0,3.1,9.0,9.1,9.2,12.9
1772856067.772795,12.4,7.0,10.1,16.8,69.0,67.0,2.0,1.0,1.0,2.0,2.0,2.0,47.0,49.5,8.1,15.0,4.1,2.0,13.9,13.0,52.5,55.4,48.0,54.5,2.0,1.0,4.0,5.0,31.0,27.3,63.4,80.0,1.0,5.1,2.0,3.0,28.0,30.0,1.0,3.0,11.0,10.1,19.0,20.2,1.0,4.0,7.8,5.1,3.0,5.0,11.1,9.1,7.0,9.1
1772856068.7779305,12.5,11.0,20.0,17.3,68.0,72.0,3.1,2.0,3.0,2.0,4.0,4.0,40.0,34.3,24.0,27.0,3.0,2.1,46.0,50.0,50.0,53.5,64.0,64.4,4.0,3.0,6.1,8.0,39.2,47.0,71.3,74.3,1.0,6.0,2.0,1.0,63.0,65.7,2.0,3.0,10.1,10.2,31.3,31.0,1.0,10.2,8.1,9.0,6.0,6.1,15.0,17.0,21.0,20.2
1772856069.7796068,12.5,10.2,18.6,17.2,71.0,69.3,5.2,4.0,11.1,4.1,3.0,5.1,42.4,46.0,70.7,73.5,7.3,2.1,45.0,55.0,66.3,70.0,65.0,65.3,3.0,1.0,5.0,5.1,28.9,31.3,62.7,78.2,4.0,2.1,4.0,2.0,63.0,61.0,2.0,2.0,10.2,11.2,24.0,30.6,4.0,2.1,10.3,9.1,5.1,7.1,16.2,17.5,24.5,26.3
1772856070.7796972,15.5,8.1,19.4,27.0,74.0,78.0,4.1,1.0,4.1,5.0,3.1,2.1,47.5,51.0,64.9,67.7,4.0,6.2,48.5,50.5,59.0,60.0,67.0,69.4,2.1,3.0,5.1,6.1,43.0,49.5,64.0,46.5,5.1,2.0,2.0,2.0,62.0,64.7,5.1,1.0,12.1,10.2,21.2,32.0,2.0,4.1,11.2,9.2,6.1,6.1,14.1,13.1,18.4,27.8
1772856071.779779,10.4,7.1,11.2,12.2,55.6,50.0,3.0,2.0,2.0,8.0,3.0,4.0,35.4,29.3,18.2,15.0,2.0,7.0,24.2,25.0,44.6,47.5,63.0,60.8,3.0,3.0,3.1,3.0,20.2,24.5,40.6,46.0,1.0,3.0,3.0,1.0,40.0,39.4,3.1,1.0,10.2,11.0,14.1,18.0,2.0,3.0,6.0,5.1,4.0,5.1,10.1,12.9,16.2,11.1
1772856072.779875,8.3,3.0,12.2,11.0,63.0,57.0,4.0,2.0,2.1,5.1,2.0,2.0,30.7,30.3,11.0,11.1,1.0,1.0,24.0,23.0,48.0,53.5,53.0,44.4,2.0,2.0,1.0,3.0,34.7,32.0,35.0,44.0,2.0,1.0,1.0,2.0,29.6,36.4,2.0,2.0,10.1,11.1,25.7,23.0,1.0,1.0,4.0,4.0,1.0,3.1,1.0,3.1,11.0,9.2
1772856073.7836432,11.5,9.1,16.2,14.0,77.0,83.0,1.0,1.0,4.0,2.0,2.0,3.0,48.0,44.6,11.2,14.3,7.1,8.1,25.3,21.0,54.9,57.4,28.0,29.0,1.0,1.0,5.0,4.0,25.0,30.0,34.0,38.0,2.0,2.0,1.0,3.0,40.6,42.2,1.0,1.0,11.9,11.0,24.0,23.8,1.0,2.0,9.0,9.0,4.0,4.0,4.0,2.0,8.1,9.0
1772856074.7846496,12.2,10.1,17.2,12.2,56.4,59.0,3.1,8.0,2.1,2.1,4.0,4.0,33.3,43.4,10.2,12.1,6.1,4.1,36.6,32.0,50.5,46.5,33.7,51.0,4.0,2.0,1.0,6.1,36.0,34.7,46.5,53.0,1.0,3.1,2.0,3.0,58.6,61.0,3.0,2.0,11.2,12.9,22.2,21.2,2.0,2.0,8.1,7.1,3.1,4.0,12.9,11.0,24.0,14.1
1772856075.7849808,9.6,7.1,15.2,15.3,39.4,41.0,3.0,2.0,2.0,4.0,2.0,2.0,27.0,27.3,5.1,4.1,18.2,26.0,25.3,23.5,43.6,39.6,58.0,64.4,2.0,1.0,3.0,1.0,26.0,25.0,48.5,66.0,2.0,1.0,1.0,1.0,29.0,33.3,1.0,1.0,11.1,10.2,22.5,22.8,1.0,1.0,4.0,4.0,5.0,6.1,19.0,20.0,10.1,17.0
1772856076.788499,9.4,11.0,16.2,18.8,82.2,74.5,2.1,0.0,3.0,2.0,3.1,2.0,51.0,51.0,3.0,3.0,11.0,4.0,53.0,51.5,61.4,60.0,64.4,67.3,1.0,3.0,6.1,4.1,37.4,38.0,48.5,61.4,1.0,3.0,3.1,4.0,62.0,57.6,2.0,3.0,11.1,12.0,29.3,28.0,2.0,2.0,13.0,9.2,6.0,6.1,5.1,5.1,14.1,21.2
1772856077.7885802,11.5,6.0,13.3,18.2,67.7,66.0,2.0,1.0,2.0,3.0,2.0,3.1,36.0,29.0,1.0,2.0,1.0,2.0,28.0,30.0,61.4,58.4,68.0,70.3,3.9,2.0,2.0,3.0,36.0,33.3,63.4,57.0,3.0,1.0,3.0,2.0,40.6,38.6,1.0,1.0,10.1,10.2,13.1,18.2,2.0,0.0,5.1,8.0,2.0,5.1,7.1,9.1,22.2,17.5
1772856078.7886634,11.5,5.1,13.9,9.1,38.4,44.0,0.0,6.0,1.0,0.0,1.0,4.0,30.0,24.2,1.0,2.0,1.0,1.0,18.2,21.0,41.0,44.6,50.0,36.0,1.0,2.0,2.0,1.0,25.7,20.8,51.5,18.0,2.0,3.0,1.0,2.0,23.2,29.0,1.0,0.0,16.0,20.2,21.0,23.2,1.0,1.0,4.0,3.0,2.0,3.0,2.9,4.0,9.0,8.1
1772856079.7893782,14.9,12.1,21.4,21.4,76.8,72.3,4.1,1.0,5.1,3.1,2.1,5.1,59.4,58.0,3.1,9.2,3.0,3.1,53.0,49.5,63.0,63.0,38.6,37.4,3.0,5.1,6.1,3.0,38.4,46.0,35.6,39.0,3.0,3.1,4.0,5.1,60.0,59.6,3.1,4.0,13.3,19.8,28.6,29.0,3.0,4.1,10.1,14.0,6.1,7.1,15.5,17.3,18.4,25.0
1772856080.7910457,12.2,9.0,17.0,20.0,72.5,77.0,2.0,2.0,3.0,2.0,3.0,3.0,44.0,34.0,9.1,15.0,3.0,8.1,33.3,32.7,69.3,63.4,41.2,1.0,3.0,3.0,3.0,2.0,38.0,40.6,23.0,41.4,0.0,3.0,2.0,3.0,32.0,31.0,1.0,4.0,22.8,21.8,23.8,25.0,2.0,2.0,6.0,7.0,3.0,4.0,6.1,9.0,19.8,14.3
1772856081.7930915,11.5,9.0,14.0,13.1,59.6,72.0,4.0,2.0,6.1,4.0,4.1,2.0,40.0,35.4,9.2,11.1,2.0,1.0,27.6,34.3,49.0,48.5,35.4,28.0,1.0,0.0,1.0,4.0,27.3,24.2,44.4,18.0,4.0,1.0,1.0,3.0,32.0,31.3,2.0,2.0,21.2,22.0,21.0,18.0,0.0,1.0,5.1,7.9,4.0,4.0,11.1,13.3,8.2,13.1
1772856082.794996,10.2,4.0,9.0,7.9,62.4,63.4,1.0,2.0,7.1,9.9,2.0,3.0,21.0,32.3,12.0,9.2,2.0,2.0,12.1,11.9,40.6,42.6,26.2,16.0,2.0,1.0,3.0,3.0,22.8,23.8,26.0,32.0,1.0,2.0,3.0,1.0,29.0,33.7,0.0,2.0,22.5,21.6,14.0,18.0,1.0,2.0,4.0,2.0,3.0,3.0,20.4,23.3,6.0,7.0
1772856083.7983592,8.2,2.0,12.0,14.1,39.0,38.6,1.0,0.0,2.0,1.0,1.0,3.1,32.7,29.7,42.0,42.4,1.0,1.0,14.0,9.1,44.6,44.0,11.1,17.2,0.0,2.0,1.0,2.0,28.0,23.5,18.8,6.0,0.0,1.0,2.0,2.0,19.2,26.7,2.0,1.0,21.8,21.8,19.2,17.0,2.0,0.0,2.0,1.0,3.0,4.0,2.0,2.1,7.1,7.1
1772856084.8003173,19.4,11.2,18.6,23.2,76.2,75.0,3.1,4.0,13.3,9.4,3.0,2.1,51.5,54.0,72.7,63.6,9.1,2.0,42.4,40.6,59.6,62.6,60.2,64.4,4.0,1.0,5.1,8.0,35.4,39.6,33.3,25.5,3.0,2.0,0.0,2.0,49.0,48.0,3.0,5.1,21.0,22.8,34.3,32.7,3.0,2.1,12.0,8.1,5.2,3.1,11.1,10.2,19.2,17.0
1772856085.8015869,9.2,3.0,12.1,10.1,67.0,52.0,3.0,2.0,2.0,2.0,1.0,2.0,28.7,25.3,33.3,28.9,2.0,0.0,15.0,11.1,42.6,47.5,60.8,60.4,2.0,2.0,2.0,1.0,25.3,20.2,26.3,34.7,3.0,1.0,1.0,1.0,17.2,18.0,3.0,0.0,21.8,20.0,15.0,15.0,0.0,1.0,2.0,1.0,1.0,2.0,3.0,4.1,6.0,8.1
1772856086.8022492,10.6,9.0,19.0,19.0,68.3,70.3,1.0,1.0,10.2,3.1,2.0,3.1,46.0,44.6,11.0,21.8,4.0,3.1,20.2,25.3,63.0,66.0,61.0,59.4,1.0,3.0,4.0,4.1,37.6,41.0,34.7,28.0,4.0,1.0,2.0,2.0,37.4,37.8,4.1,1.0,22.8,21.6,31.4,25.0,1.0,2.0,7.1,7.1,5.0,5.1,2.0,4.1,8.1,14.1
1772856087.8031218,19.4,13.1,14.4,19.6,71.7,59.2,4.1,1.0,14.3,5.2,3.1,2.1,43.4,35.4,16.5,16.0,36.6,31.6,53.5,59.0,61.4,57.0,62.4,60.6,4.0,2.1,6.1,4.1,35.7,40.8,34.3,43.0,3.1,4.1,2.0,3.1,87.3,88.1,3.1,3.1,28.0,34.3,22.4,30.0,4.0,4.0,7.1,10.0,9.1,7.2,20.4,20.4,22.2,22.2
1772856088.8050735,16.5,14.3,20.0,16.0,69.7,66.0,3.1,2.0,8.3,12.2,5.1,3.1,47.0,46.0,10.5,14.1,4.1,6.1,55.0,50.5,63.0,64.4,65.0,68.6,5.1,4.0,8.2,6.2,33.0,42.0,68.0,67.3,4.1,6.1,3.1,3.1,79.8,80.0,4.0,5.1,48.0,47.5,27.3,23.2,2.0,9.3,5.1,11.0,4.1,8.2,17.2,18.4,27.3,26.5
1772856089.805293,12.8,11.1,17.3,14.3,60.8,60.4,5.1,1.0,4.1,3.1,3.1,4.1,34.0,32.0,9.2,8.2,8.2,4.0,49.0,53.0,49.0,54.0,61.0,62.0,1.0,4.0,6.0,3.0,31.0,26.5,47.5,71.3,4.1,2.0,3.1,2.1,75.0,74.7,4.0,2.1,73.3,74.0,23.2,23.2,2.0,3.0,9.2,8.2,6.1,9.0,20.0,19.0,22.0,24.5
1772856090.8075988,15.0,8.2,19.6,19.2,77.8,76.0,3.1,4.1,3.2,11.2,4.0,3.1,47.0,46.5,29.9,30.0,2.1,7.3,61.0,58.6,50.5,47.5,68.0,67.3,5.1,3.1,3.1,7.1,39.4,33.7,77.2,80.2,3.1,2.1,2.1,2.1,83.0,81.0,5.2,2.1,90.1,92.2,26.3,23.2,4.0,2.1,9.1,9.3,6.2,6.3,24.2,24.2,22.7,27.6
1772856091.8092937,15.6,12.4,23.5,20.2,77.0,77.0,4.1,3.1,3.1,4.1,4.0,5.1,47.5,46.5,81.4,82.8,5.3,3.1,59.4,61.0,75.2,75.0,66.0,71.7,4.1,4.1,4.1,1.0,47.0,43.6,85.1,67.3,5.1,4.0,3.1,2.1,74.0,76.0,3.1,1.1,87.1,87.1,32.7,31.7,3.1,3.1,13.3,9.2,8.2,7.1,22.0,25.5,27.6,33.3
1772856092.8102753,17.3,11.1,15.3,15.6,60.6,71.0,2.1,3.1,10.3,4.2,4.2,5.2,49.0,48.0,75.3,72.9,32.3,35.7,52.6,51.0,48.5,57.0,74.0,75.2,4.1,4.0,6.3,5.2,33.0,39.8,90.0,85.0,4.1,3.0,4.1,2.0,80.0,80.0,4.1,2.1,80.0,80.4,20.8,21.4,2.1,5.1,8.9,7.1,6.3,7.1,27.3,26.5,22.2,22.2
1772856093.8125474,15.5,8.2,16.3,21.0,57.6,65.3,5.2,4.1,3.1,4.1,3.1,4.1,35.0,39.6,16.2,21.4,5.2,3.1,58.0,51.5,56.4,54.0,67.3,85.3,5.1,5.1,9.1,7.2,33.7,34.0,99.0,99.0,3.1,6.2,2.1,4.0,86.1,86.0,2.0,5.1,80.4,81.0,25.5,23.0,3.1,4.1,7.2,11.1,6.2,8.1,12.2,10.2,32.3,22.4
1772856094.8141844,15.8,12.1,20.4,20.8,71.7,67.0,5.1,2.1,12.1,5.2,4.1,7.1,56.0,49.0,14.7,22.9,10.3,3.1,54.5,61.6,71.0,68.0,84.0,74.3,3.1,3.1,5.1,5.2,37.4,35.4,95.0,94.9,5.1,4.1,5.1,2.0,68.0,70.0,6.1,2.1,79.2,81.0,22.4,28.6,4.0,5.1,6.2,11.2,8.2,5.2,12.2,13.3,29.0,24.7
1772856095.8154354,13.4,11.2,13.5,18.4,71.7,72.0,4.1,4.1,14.6,13.4,3.2,5.2,33.3,38.0,11.5,11.5,6.1,1.1,58.4,57.6,44.4,46.0,89.0,87.1,6.1,4.1,6.2,6.0,33.7,36.0,88.1,83.0,2.0,2.1,2.1,3.0,75.8,76.0,2.1,5.1,76.0,76.5,26.3,27.0,1.0,4.1,12.0,14.0,7.2,6.2,28.7,29.3,21.4,22.7
1772856096.8155236,11.6,10.2,17.3,16.2,70.7,67.6,5.0,4.1,13.1,15.2,5.1,1.0,38.4,48.0,13.0,10.2,6.2,9.0,54.5,53.5,63.0,61.4,90.0,82.0,2.0,5.2,6.1,4.2,30.7,39.4,85.0,85.1,3.1,7.0,3.1,1.1,61.4,63.0,7.1,2.1,78.0,80.8,25.3,22.4,2.0,3.1,8.2,7.1,6.1,8.1,20.4,24.2,25.5,19.8
1772856097.815607,14.9,13.4,21.9,21.4,77.8,65.7,5.1,1.1,3.2,3.1,5.2,3.1,49.0,48.5,30.9,32.7,30.6,27.6,62.0,57.6,67.6,64.6,86.3,78.0,3.1,4.0,7.1,8.2,41.8,45.0,75.0,77.8,4.1,3.1,2.1,4.1,86.7,82.8,2.1,4.1,80.8,80.0,32.7,25.5,2.1,4.1,8.2,11.3,9.3,10.4,22.4,25.5,33.3,26.5
1772856098.8160818,14.3,12.9,16.3,15.5,59.0,50.0,0.0,5.1,7.1,10.4,7.2,3.1,37.0,40.0,75.5,78.6,13.1,7.2,45.5,55.0,52.5,53.4,66.3,68.6,4.0,4.1,7.1,4.0,25.7,28.0,68.0,71.3,3.1,3.1,4.0,4.0,77.2,79.0,4.0,3.1,81.0,79.2,26.0,17.2,3.1,3.0,10.0,12.2,3.1,6.2,8.2,10.2,23.5,20.6
1772856099.8166986,13.5,10.3,14.6,17.2,64.9,74.0,4.1,2.1,6.3,11.2,8.2,5.1,42.6,35.4,71.6,75.0,10.3,4.2,53.5,53.5,63.0,59.0,72.7,61.0,6.2,5.1,6.2,6.3,36.4,34.7,80.0,81.0,5.1,4.1,3.1,1.0,77.2,79.0,2.1,3.1,80.2,80.8,18.2,27.8,2.1,2.1,7.3,9.2,8.2,8.2,16.5,18.2,21.4,25.3
1772856100.8176308,12.6,14.3,19.8,14.4,80.2,73.7,4.1,3.1,16.3,8.2,5.2,6.1,48.0,49.5,18.6,15.3,7.1,4.2,62.6,59.0,63.0,58.6,63.6,51.0,6.2,4.1,8.1,9.1,39.8,48.0,73.7,69.4,4.1,3.1,3.1,2.0,77.8,79.8,2.1,4.1,79.8,81.0,24.5,27.0,2.1,4.1,8.3,9.2,6.2,8.2,12.4,13.3,33.0,24.5
1772856101.820373,15.3,10.1,15.3,22.4,82.0,67.3,5.1,6.2,5.1,5.2,8.1,4.1,51.5,46.5,17.3,21.9,8.4,15.5,65.0,63.6,63.4,68.6,54.5,55.0,3.0,5.1,6.2,4.1,42.2,40.8,84.3,78.2,4.1,1.0,3.0,3.1,85.1,85.0,12.2,10.3,70.7,72.0,29.3,31.0,3.1,3.1,12.1,9.2,6.2,8.2,34.3,34.0,32.7,29.6
1772856102.8207252,13.5,12.1,18.4,15.2,68.4,53.5,6.1,1.0,11.3,6.2,4.1,6.3,38.0,41.4,11.5,11.5,20.4,26.0,54.5,51.5,57.4,54.9,55.6,56.0,5.1,3.1,9.1,9.3,32.7,36.0,74.5,72.3,3.1,6.1,2.1,4.1,83.0,83.0,7.2,6.3,54.0,52.5,20.2,23.2,3.1,1.0,7.1,10.0,6.1,7.1,21.4,23.7,24.0,25.5
1772856103.8213298,9.4,9.1,16.2,15.2,60.0,65.3,4.0,2.0,10.2,3.1,6.1,5.1,40.4,36.4,9.3,11.2,29.3,9.2,46.5,56.0,50.5,52.0,57.0,53.5,4.1,2.1,5.2,7.1,30.3,37.6,66.7,47.5,3.0,4.1,3.0,5.1,88.0,86.0,4.1,6.2,24.0,21.4,21.0,25.3,3.0,4.0,9.1,11.1,4.1,5.2,14.1,14.1,22.4,21.2
1772856104.8240101,16.2,14.1,25.5,21.4,71.4,66.3,2.1,2.0,5.1,11.2,7.2,4.1,42.2,47.0,52.5,49.5,5.1,9.2,56.4,58.0,69.6,71.3,62.0,66.3,4.1,4.1,5.1,8.1,38.0,47.0,73.5,50.0,4.0,3.1,4.1,3.1,95.0,94.1,3.1,4.1,21.4,20.2,34.0,25.0,4.0,1.0,11.2,6.2,8.2,10.0,15.0,13.3,28.3,31.3
1772856105.8249683,12.5,10.0,17.3,15.5,71.6,70.3,5.1,2.0,4.1,5.1,4.1,6.1,48.5,43.4,77.1,72.9,2.1,2.1,49.5,57.0,57.0,51.0,40.0,53.5,5.0,5.1,7.1,6.1,29.3,36.4,58.0,42.0,4.1,4.0,3.1,3.1,76.2,74.7,2.1,3.1,19.4,22.0,20.4,24.5,2.1,1.0,8.2,14.0,5.1,6.2,25.3,25.7,21.0,27.7
1772856106.825057,12.2,9.2,14.1,12.1,70.7,73.0,2.0,1.0,11.2,12.9,3.0,5.1,34.7,30.7,55.0,49.5,3.0,2.0,33.3,27.3,46.0,45.5,55.0,46.0,1.0,2.0,5.1,2.0,26.0,31.0,56.0,22.2,2.0,2.0,1.0,1.0,29.3,33.0,1.0,1.0,22.0,21.0,18.2,16.0,2.0,2.0,4.0,4.0,2.0,3.1,23.0,21.0,14.3,13.3
1772856107.82518,12.4,5.1,18.0,15.3,59.0,53.0,1.0,2.0,4.0,1.0,2.0,2.0,37.0,38.6,13.1,12.2,1.0,8.0,19.0,23.8,56.9,62.4,36.6,52.5,1.0,2.0,3.0,3.0,31.0,28.3,47.1,25.7,1.0,1.0,4.0,2.0,39.4,36.0,1.0,1.0,20.8,19.4,19.2,22.0,1.0,2.0,8.1,8.0,2.0,7.1,5.9,4.0,9.1,10.2
1772856108.8280969,7.3,1.0,10.1,13.0,49.0,50.0,1.0,0.0,1.0,3.0,1.0,2.0,35.0,38.4,8.0,8.9,7.1,1.0,24.2,23.0,56.0,54.5,42.0,39.6,1.0,1.0,0.0,3.1,25.3,24.0,48.5,34.0,2.0,0.0,2.0,1.0,25.7,28.0,2.0,1.0,20.4,21.2,16.0,20.2,1.0,1.0,4.0,1.0,1.0,2.0,1.0,1.0,12.4,9.1
1772856109.8287427,13.4,7.9,14.1,16.3,74.3,70.3,1.0,2.0,7.1,7.1,2.0,3.0,39.0,30.7,2.0,3.0,2.0,3.1,20.0,18.4,46.0,41.0,48.0,40.4,2.0,1.0,4.0,5.0,34.0,31.3,42.6,52.0,1.0,2.0,1.0,1.0,26.3,28.3,1.0,2.0,19.8,20.2,24.8,23.2,1.0,2.0,6.9,5.1,5.0,4.0,2.0,2.0,12.0,7.1
1772856110.8313873,17.2,14.0,15.2,20.0,65.3,78.2,3.0,2.0,8.1,4.1,3.1,4.0,43.6,50.5,3.1,3.0,1.0,3.1,48.5,49.5,53.5,58.4,60.4,60.4,1.0,3.0,3.0,4.0,30.7,32.7,43.0,65.0,4.0,3.0,4.0,3.0,60.4,62.0,2.0,2.0,20.2,21.0,21.2,27.7,2.0,2.0,9.2,8.0,7.1,5.1,9.1,10.0,20.0,17.2
1772856111.8374882,15.7,5.1,16.5,14.0,68.6,64.6,2.1,2.9,1.0,3.1,1.0,2.0,36.4,34.0,14.1,10.0,9.9,13.9,20.8,19.8,49.5,53.0,58.0,37.6,1.0,2.0,3.0,1.0,32.0,40.6,49.0,71.3,1.0,1.0,1.0,3.0,32.0,35.6,3.0,3.0,22.0,21.0,26.5,22.0,2.0,2.0,6.9,6.1,3.0,2.0,6.0,8.2,6.1,7.1
1772856112.8395963,9.6,9.9,24.0,21.8,69.3,72.5,4.1,2.0,5.0,3.0,5.0,4.0,50.0,47.0,11.2,11.2,21.4,16.0,50.5,48.0,65.3,59.8,52.9,48.5,5.0,2.0,5.1,5.1,34.0,27.3,38.6,61.0,4.0,2.0,0.0,1.0,61.4,69.0,2.0,2.1,19.2,21.8,27.0,24.0,3.0,4.0,6.1,8.9,8.0,8.1,28.0,31.3,18.0,15.0
1772856113.8427184,14.6,13.0,15.3,18.2,72.4,69.0,5.1,2.1,3.1,10.1,3.1,5.2,30.6,43.6,3.2,5.2,3.1,8.2,51.5,58.6,54.5,52.9,67.7,70.7,3.1,5.0,5.1,6.1,40.0,37.0,60.6,52.5,3.1,5.1,3.0,3.1,82.0,81.2,2.1,4.1,25.7,21.4,22.4,20.2,1.0,1.0,11.2,12.2,7.1,6.1,7.1,6.2,25.0,26.5
1772856114.8428004,15.3,9.3,20.6,21.6,74.7,64.0,4.1,3.1,9.1,18.4,3.1,4.1,40.4,39.4,15.2,14.4,4.1,8.2,56.6,58.0,53.4,56.6,90.1,94.0,5.1,4.0,4.1,4.2,33.7,39.4,65.7,60.6,5.1,4.1,1.0,3.1,77.6,76.5,3.1,1.0,22.4,24.0,25.3,23.2,4.1,3.1,11.1,12.1,6.1,8.2,20.4,21.2,25.0,27.3
1772856115.8432055,16.5,12.1,19.0,17.2,68.0,69.0,4.1,1.0,8.4,8.2,5.1,6.1,49.5,38.0,90.9,90.9,12.2,9.3,55.0,54.5,63.0,59.8,97.0,94.1,3.1,2.1,7.1,5.0,29.0,34.7,72.0,71.0,3.0,4.1,3.1,2.1,74.3,75.2,2.1,3.1,23.0,23.0,24.5,25.3,3.1,3.1,8.2,11.2,6.2,6.1,26.5,26.3,22.9,26.5
1772856116.8434854,16.2,9.3,18.6,17.3,67.3,69.0,3.1,2.1,5.1,3.1,4.1,2.1,51.5,44.4,84.5,88.5,22.4,26.8,45.5,52.5,55.4,56.0,95.0,89.1,6.0,4.1,10.1,6.2,42.4,41.4,74.3,78.2,2.1,5.2,5.2,2.0,67.7,68.7,5.2,4.1,22.2,22.4,32.0,27.3,4.1,2.1,7.2,7.2,7.3,5.2,18.4,22.0,26.5,25.8
1772856117.8447807,14.3,9.1,16.2,17.2,65.0,62.4,4.0,3.0,2.0,3.1,4.0,2.0,29.3,34.7,18.2,18.2,3.1,5.1,30.3,33.3,53.0,61.8,96.0,84.0,1.0,3.0,2.0,2.0,27.6,25.0,76.2,72.0,6.0,1.0,4.1,2.0,33.0,32.7,1.0,3.1,14.0,14.0,20.6,17.0,2.0,4.0,6.0,4.1,4.0,2.0,15.2,13.3,10.0,12.0
1772856118.8483047,7.4,2.0,17.5,16.0,63.4,72.3,2.0,1.0,3.0,4.0,2.0,2.0,53.0,46.5,2.0,1.0,1.0,1.0,36.3,32.7,57.4,56.9,69.0,64.4,3.0,2.0,3.0,4.0,42.6,42.4,56.4,57.8,1.0,4.0,1.0,3.0,33.3,34.3,2.0,3.0,10.1,11.0,30.3,25.0,1.0,1.0,6.0,5.9,4.0,4.0,1.0,4.0,16.3,13.3
1772856119.850437,13.3,8.8,11.0,13.1,63.7,67.0,2.0,1.0,2.0,2.0,2.0,2.0,30.4,38.0,2.0,2.0,2.0,1.0,5.0,6.0,54.5,57.4,43.6,57.8,1.0,2.0,2.0,2.0,25.7,24.5,57.4,69.6,2.0,1.0,2.0,2.0,16.0,16.0,1.0,1.0,12.7,11.9,18.8,22.8,1.0,2.0,4.0,5.0,2.0,2.0,1.0,5.0,6.9,6.9
1772856120.8525627,9.1,0.0,19.2,20.2,71.0,61.0,3.0,1.0,0.0,4.0,1.0,0.0,36.6,34.0,6.1,0.0,5.1,1.0,11.2,14.1,56.4,46.0,34.3,44.6,2.0,0.0,1.0,3.0,36.4,38.0,69.0,72.7,0.0,2.0,1.0,2.0,16.2,15.3,1.0,2.0,11.0,11.1,26.3,29.3,2.0,1.0,2.0,1.0,2.0,3.0,1.0,1.0,6.2,5.1
1772856121.853633,12.6,7.1,22.0,15.3,67.7,68.3,1.0,5.1,3.0,2.0,3.1,5.0,54.5,52.5,8.2,14.9,5.1,3.0,34.0,31.3,60.0,60.4,42.6,45.5,1.0,3.0,5.0,4.0,46.1,34.7,66.0,64.7,2.0,1.0,2.0,3.0,37.0,33.3,2.0,2.0,11.0,12.0,27.0,30.7,1.0,2.0,8.0,7.1,3.1,3.1,9.2,9.0,9.1,10.1
1772856122.8550751,14.0,7.0,9.1,7.9,41.4,46.5,0.0,1.0,1.0,2.0,2.0,1.0,26.0,24.8,10.1,10.1,0.0,2.0,5.0,8.8,42.0,42.6,55.0,49.0,2.0,1.0,1.0,3.0,23.8,20.0,48.5,63.4,0.0,2.0,1.0,1.0,13.0,22.0,1.0,1.0,11.9,12.7,17.2,16.0,0.0,2.0,5.0,5.0,4.0,4.0,4.0,8.0,5.0,5.0
1772856123.855153,18.6,11.3,24.5,23.5,70.7,80.8,2.1,2.1,7.2,8.3,4.1,4.1,46.5,53.1,3.2,4.1,3.1,3.1,53.6,59.8,74.3,73.5,54.0,59.6,3.1,3.1,4.1,4.1,33.3,45.0,59.0,46.5,4.0,2.1,1.0,4.1,81.8,83.0,2.1,2.1,22.4,23.7,25.0,30.3,3.1,1.0,8.2,10.2,4.2,8.0,10.1,7.2,24.5,18.4
1772856124.8567798,16.3,10.0,20.6,18.4,83.0,75.2,4.1,3.0,3.1,2.0,6.1,3.1,47.5,43.0,5.1,4.1,3.1,9.2,51.0,54.9,62.0,61.4,59.0,57.8,4.1,3.1,6.1,6.1,43.4,38.8,61.4,42.0,2.1,5.1,6.0,5.1,81.2,83.0,5.1,3.1,51.5,55.4,26.3,27.8,3.1,3.0,8.2,9.1,5.1,8.2,23.0,26.0,28.3,29.6
1772856125.860445,16.7,10.4,21.2,19.2,72.0,63.0,2.1,4.1,11.3,5.2,5.2,2.1,42.0,49.0,2.1,3.1,11.1,11.2,55.0,51.0,65.0,64.0,36.7,31.3,4.0,2.0,5.1,4.2,35.6,37.0,59.4,39.0,4.0,2.0,3.1,1.0,74.5,73.0,3.1,3.0,64.0,65.7,26.0,25.3,2.0,2.1,8.1,11.2,8.0,7.1,19.8,21.2,26.0,25.3
1772856126.8607602,12.6,10.0,17.5,18.4,64.0,63.0,5.1,4.1,8.2,23.2,3.1,7.1,52.0,45.0,20.4,21.4,17.3,20.6,60.6,60.4,59.4,56.3,25.5,31.7,4.1,4.0,8.2,10.1,39.4,42.0,59.0,51.0,3.1,4.0,4.1,6.0,78.0,78.0,4.1,3.1,76.0,76.2,30.0,24.5,4.1,2.1,11.2,10.2,6.2,5.2,4.1,5.2,30.3,27.3
1772856127.8608527,12.7,1.0,2.0,3.0,42.0,40.6,1.0,2.0,4.1,6.1,2.0,2.0,5.1,5.1,90.9,92.0,11.1,17.0,20.2,21.2,7.0,7.1,55.0,46.0,1.0,2.0,2.0,2.0,0.0,1.0,59.6,70.0,1.0,1.0,5.0,3.1,69.0,68.0,2.1,7.1,80.0,80.2,5.1,2.0,2.0,1.0,3.0,3.0,2.0,2.0,35.0,33.0,0.0,0.0
1772856128.8609312,12.5,1.0,0.0,1.0,0.0,0.0,0.0,0.0,12.4,17.2,1.0,2.0,2.0,1.0,95.0,95.0,13.3,10.3,0.0,0.0,0.0,0.0,74.0,75.8,0.0,1.0,1.0,1.0,1.0,1.0,90.1,71.7,1.0,2.0,1.0,1.0,97.0,95.0,24.7,22.1,84.2,84.2,0.0,0.0,1.0,0.0,0.0,0.0,0.0,0.0,29.0,25.0,2.0,2.0
1772856129.8610086,3.2,0.0,0.0,0.0,0.0,0.0,2.0,1.0,0.0,2.0,1.0,1.0,0.0,0.0,11.1,10.2,0.0,1.0,0.0,0.0,0.0,0.0,100.0,100.0,0.0,0.0,0.0,0.0,0.0,0.0,98.0,84.0,0.0,0.0,2.0,3.0,95.0,72.3,40.6,37.5,85.1,84.0,0.0,0.0,0.0,1.0,0.0,0.0,0.0,1.0,0.0,1.0,0.0,0.0
1772856130.8610792,3.2,0.0,0.0,0.0,0.0,0.0,0.0,1.0,0.0,0.0,1.0,0.0,0.0,0.0,1.0,1.0,0.0,0.0,0.0,0.0,0.0,0.0,99.0,99.0,0.0,0.0,0.0,0.0,0.0,0.0,91.0,82.2,0.0,0.0,5.1,5.0,84.0,72.0,35.4,39.6,79.0,80.0,1.0,0.0,0.0,2.0,0.0,0.0,0.0,1.0,0.0,0.0,0.0,0.0
1772856131.861157,5.1,0.0,0.0,0.0,0.0,0.0,0.0,0.0,0.0,0.0,0.0,0.0,0.0,0.0,0.0,0.0,0.0,0.0,0.0,0.0,0.0,0.0,99.0,100.0,0.0,0.0,0.0,0.0,0.0,0.0,99.0,81.2,0.0,0.0,0.0,0.0,82.4,77.5,19.2,18.6,79.8,81.0,1.0,0.0,2.0,0.0,0.0,1.0,0.0,0.0,0.0,0.0,0.0,0.0
1772856132.8612268,2.1,0.0,0.0,0.0,0.0,0.0,0.0,0.0,0.0,0.0,0.0,0.0,0.0,0.0,0.0,0.0,0.0,0.0,0.0,0.0,0.0,0.0,99.0,100.0,0.0,0.0,0.0,0.0,0.0,0.0,96.0,84.0,0.0,0.0,1.0,0.0,67.6,74.0,3.0,3.0,80.0,80.0,0.0,2.0,0.0,0.0,0.0,0.0,0.0,0.0,0.0,1.0,0.0,0.0
1772856133.8613036,3.1,0.0,0.0,0.0,0.0,0.0,0.0,0.0,0.0,1.0,0.0,2.0,0.0,0.0,0.0,0.0,0.0,0.0,0.0,0.0,0.0,0.0,99.0,85.1,0.0,0.0,0.0,0.0,0.0,0.0,82.0,83.0,0.0,0.0,4.0,4.0,59.8,62.4,2.0,2.0,78.2,82.0,2.0,3.0,0.0,0.0,0.0,0.0,1.0,0.0,0.0,0.0,0.0,0.0
1772856134.8613837,5.1,0.0,0.0,0.0,0.0,0.0,0.0,0.0,0.0,1.0,0.0,1.0,0.0,0.0,0.0,0.0,0.0,0.0,0.0,0.0,0.0,0.0,99.0,82.0,0.0,0.0,0.0,0.0,0.0,0.0,70.7,70.0,0.0,0.0,0.0,1.0,48.0,41.0,0.0,0.0,79.8,78.8,0.0,0.0,1.0,0.0,1.0,0.0,0.0,0.0,0.0,1.0,0.0,0.0
1772856135.8614645,5.9,0.0,0.0,0.0,0.0,0.0,0.0,0.0,1.0,0.0,1.0,0.0,0.0,0.0,0.0,0.0,0.0,0.0,0.0,0.0,0.0,0.0,62.0,53.0,0.0,0.0,0.0,0.0,0.0,0.0,68.3,72.5,0.0,0.0,0.0,0.0,31.0,35.6,0.0,0.0,80.2,79.2,1.0,0.0,0.0,0.0,0.0,1.0,0.0,0.0,1.0,0.0,0.0,0.0
1772856136.86154,5.0,0.0,0.0,0.0,0.0,0.0,0.0,0.0,0.0,0.0,0.0,0.0,0.0,0.0,0.0,0.0,0.0,0.0,0.0,0.0,0.0,0.0,20.2,25.7,0.0,0.0,0.0,0.0,0.0,0.0,61.0,61.0,0.0,0.0,0.0,0.0,35.0,19.0,0.0,0.0,79.8,79.8,0.0,0.0,0.0,0.0,0.0,0.0,0.0,0.0,0.0,0.0,0.0,0.0
1772856137.8616219,1.0,0.0,0.0,0.0,0.0,0.0,0.0,0.0,1.0,0.0,0.0,0.0,0.0,0.0,0.0,0.0,0.0,0.0,0.0,0.0,0.0,0.0,0.0,1.0,0.0,0.0,0.0,1.0,0.0,0.0,39.6,45.0,0.0,0.0,0.0,0.0,22.8,19.8,0.0,0.0,55.4,56.0,0.0,0.0,0.0,0.0,0.0,0.0,0.0,0.0,0.0,0.0,0.0,0.0
1772856138.8616967,0.0,1.0,0.0,0.0,0.0,0.0,0.0,0.0,0.0,0.0,0.0,0.0,0.0,0.0,0.0,0.0,0.0,0.0,0.0,0.0,0.0,0.0,0.0,0.0,0.0,0.0,0.0,0.0,0.0,0.0,5.0,4.0,0.0,0.0,0.0,0.0,6.0,22.0,0.0,0.0,31.0,31.0,0.0,0.0,0.0,0.0,0.0,0.0,0.0,0.0,0.0,0.0,0.0,0.0
1772856139.8617702,0.0,0.0,0.0,0.0,0.0,0.0,0.0,0.0,0.0,0.0,0.0,0.0,0.0,0.0,0.0,0.0,0.0,0.0,0.0,0.0,0.0,0.0,2.0,0.0,0.0,0.0,0.0,0.0,0.0,0.0,0.0,0.0,0.0,0.0,0.0,0.0,0.0,20.8,0.0,0.0,24.0,22.0,0.0,0.0,0.0,0.0,0.0,0.0,0.0,0.0,0.0,0.0,0.0,0.0
1772856140.8618479,0.0,0.0,0.0,0.0,0.0,0.0,0.0,0.0,0.0,0.0,0.0,0.0,0.0,0.0,0.0,0.0,0.0,0.0,0.0,0.0,0.0,0.0,0.0,0.0,0.0,0.0,0.0,0.0,0.0,0.0,0.0,0.0,0.0,0.0,0.0,0.0,0.0,4.0,0.0,0.0,13.0,11.0,0.0,0.0,1.0,0.0,0.0,0.0,0.0,0.0,0.0,0.0,0.0,0.0
1772856141.861922,0.0,0.0,0.0,0.0,0.0,0.0,0.0,0.0,0.0,0.0,0.0,0.0,0.0,0.0,0.0,0.0,0.0,0.0,0.0,0.0,0.0,0.0,0.0,0.0,0.0,0.0,0.0,0.0,0.0,0.0,0.0,0.0,0.0,0.0,0.0,0.0,0.0,0.0,0.0,0.0,9.0,10.0,0.0,0.0,0.0,0.0,0.0,0.0,0.0,0.0,0.0,0.0,0.0,0.0
1772856142.8619914,0.0,0.0,0.0,0.0,0.0,0.0,0.0,0.0,0.0,0.0,0.0,0.0,0.0,0.0,0.0,0.0,0.0,0.0,0.0,0.0,0.0,0.0,0.0,0.0,0.0,0.0,0.0,0.0,0.0,0.0,0.0,0.0,0.0,0.0,0.0,0.0,0.0,0.0,0.0,0.0,9.1,9.0,0.0,0.0,0.0,0.0,0.0,0.0,0.0,0.0,0.0,0.0,0.0,0.0
1772856143.86207,0.0,0.0,0.0,0.0,0.0,0.0,0.0,0.0,0.0,0.0,0.0,0.0,0.0,0.0,0.0,0.0,0.0,0.0,0.0,0.0,0.0,0.0,0.0,0.0,0.0,0.0,0.0,0.0,0.0,0.0,0.0,0.0,0.0,0.0,0.0,0.0,0.0,0.0,0.0,0.0,10.9,10.1,0.0,0.0,0.0,0.0,0.0,0.0,0.0,0.0,0.0,0.0,0.0,0.0
1772856144.8621497,0.0,0.0,0.0,0.0,0.0,0.0,0.0,0.0,0.0,0.0,0.0,0.0,0.0,0.0,0.0,0.0,1.0,0.0,0.0,1.0,0.0,0.0,0.0,0.0,1.0,0.0,0.0,0.0,0.0,0.0,0.0,0.0,1.0,1.0,1.0,1.0,0.0,0.0,1.0,1.0,8.1,7.9,0.0,0.0,0.0,0.0,1.0,0.0,0.0,1.0,1.0,0.0,0.0,0.0
